// Generated by tools/rogue_sprites.py from mod_assets/sora_kh2_ultimate.png. Do not edit.
#include "rogue.h"
#include "anim.h"

const u16 gRogueSoraKh2Palette[16] = {
    0x4907, 0x7BDC, 0x37DF, 0x1BDD, 0x4299, 0x15D6, 0x050E, 0x04D2,
    0x3548, 0x006D, 0x0425, 0x1062, 0x0C21, 0x1481, 0x0000, 0x0000,
};

static const u8 sTiles0[] __attribute__((aligned(4))) = {
    0x00, 0x5A, 0xA5, 0x65, 0x00, 0x6A, 0xAA, 0xA5, 0x00, 0x00, 0xA0, 0xA6, 0x00, 0x00, 0x00, 0x4A,
    0x00, 0x00, 0xE0, 0x5E, 0x00, 0x00, 0x8E, 0xE4, 0x00, 0x00, 0xEE, 0x4E, 0x00, 0x00, 0xE0, 0xE8,
    0x69, 0x96, 0x65, 0x66, 0xA6, 0x66, 0x59, 0x65, 0xA5, 0x66, 0x96, 0x69, 0x84, 0xA8, 0x66, 0x9A,
    0x84, 0x51, 0x6A, 0xAA, 0x45, 0x75, 0xAA, 0x0A, 0x7E, 0xA7, 0x4A, 0xEE, 0xE4, 0x7A, 0x8E, 0x8E,
    0x96, 0xA6, 0x00, 0x00, 0x96, 0xAA, 0x00, 0x00, 0xA6, 0x00, 0x00, 0x00, 0xA9, 0x00, 0x00, 0x00,
    0x0A, 0x00, 0x00, 0x00, 0x00, 0x00, 0x00, 0x00, 0x00, 0x00, 0x00, 0x00, 0x0E, 0x00, 0x00, 0x00,
    0x00, 0x00, 0x00, 0x00, 0x00, 0x00, 0x00, 0x00, 0x00, 0x00, 0x00, 0x00, 0x00, 0x00, 0x00, 0x00,
    0x00, 0x00, 0x00, 0x00, 0x00, 0x00, 0x00, 0x00, 0x00, 0x00, 0x00, 0xD0, 0x00, 0x00, 0x00, 0xD0,
    0x00, 0x00, 0x4E, 0x88, 0x00, 0x00, 0x8E, 0x88, 0x00, 0x00, 0x8E, 0xC8, 0x00, 0x00, 0xCE, 0x11,
    0x00, 0x00, 0x4E, 0x55, 0x00, 0xEE, 0x7E, 0x44, 0xE0, 0x7E, 0x79, 0x45, 0x7E, 0xE7, 0x7E, 0x45,
    0x8E, 0x5E, 0xEC, 0x88, 0xEC, 0xEC, 0xE8, 0x8C, 0xEC, 0xC4, 0xE4, 0xCC, 0xE4, 0x84, 0xE1, 0xC4,
    0xC7, 0x41, 0xE1, 0x4C, 0xC7, 0x71, 0x49, 0x57, 0x75, 0x94, 0x7E, 0x55, 0x54, 0xE7, 0x5E, 0x22,
    0x0E, 0x00, 0x00, 0x00, 0xE8, 0x00, 0x00, 0x00, 0xEC, 0x00, 0x00, 0x00, 0xEC, 0x00, 0x00, 0x00,
    0xE4, 0x00, 0x00, 0x00, 0xE7, 0xEE, 0x00, 0x00, 0xE7, 0x99, 0x0E, 0x80, 0x75, 0xEE, 0x8E, 0x48,
    0x00, 0x00, 0x00, 0xD0, 0x00, 0x00, 0x00, 0xD0, 0x00, 0x00, 0x00, 0xD0, 0x00, 0x00, 0x00, 0xD8,
    0x00, 0x00, 0x88, 0x44, 0x80, 0x88, 0x14, 0x41, 0x48, 0x11, 0x41, 0xDD, 0x11, 0x84, 0xDD, 0x00,
    0x9E, 0x99, 0xC5, 0x77, 0xBB, 0xBB, 0x3B, 0xAC, 0x44, 0xB4, 0xEB, 0x5A, 0xBB, 0x4B, 0xC8, 0x5A,
    0xBE, 0xBB, 0x8B, 0xAC, 0xE5, 0xBB, 0xCC, 0xAE, 0x54, 0xEE, 0xEC, 0xD0, 0x47, 0xE7, 0x0E, 0x8D,
    0x55, 0x4E, 0x7E, 0x5A, 0xE7, 0xB1, 0xE5, 0xAE, 0x4E, 0x3C, 0xB8, 0xEC, 0xE5, 0xB3, 0xC4, 0x7C,
    0xE5, 0x1B, 0xBB, 0x5C, 0xE5, 0x14, 0x84, 0xEB, 0x27, 0x4E, 0xCB, 0xA5, 0x5A, 0xE7, 0x7E, 0x57,
    0x52, 0xBA, 0x48, 0x11, 0x7A, 0x75, 0x88, 0xD8, 0x2A, 0x52, 0xDD, 0xED, 0x52, 0xA7, 0xEA, 0xEB,
    0xAA, 0xA5, 0x77, 0x0E, 0x5A, 0x72, 0x75, 0x00, 0x57, 0x72, 0x74, 0x00, 0x22, 0xA7, 0x74, 0x00,
    0xD4, 0xDD, 0x00, 0x00, 0x0D, 0x00, 0x00, 0x00, 0x00, 0x00, 0x00, 0x00, 0x00, 0x00, 0x00, 0x00,
    0x00, 0x00, 0x00, 0x00, 0x00, 0x00, 0x00, 0x00, 0x00, 0x00, 0x00, 0x00, 0x00, 0x00, 0x00, 0x00,
    0x47, 0x75, 0x00, 0x4D, 0xAA, 0x75, 0x0A, 0x80, 0x72, 0xA7, 0xA5, 0x40, 0x57, 0x22, 0xA5, 0x00,
    0x57, 0x75, 0x0A, 0x00, 0xCC, 0xCC, 0x0E, 0xDD, 0x2C, 0xC5, 0xD5, 0xD4, 0xCC, 0xCC, 0xDC, 0x18,
    0x7A, 0x52, 0x57, 0x22, 0xA0, 0x27, 0x22, 0xA5, 0x00, 0x5A, 0x55, 0x0A, 0x08, 0xA0, 0x7A, 0x00,
    0x04, 0x00, 0x00, 0x00, 0xD8, 0x00, 0x00, 0x00, 0x1D, 0x0D, 0x00, 0x00, 0x84, 0x0D, 0x00, 0x00,
    0xA5, 0x7A, 0x75, 0x0A, 0x07, 0x7A, 0x77, 0xA5, 0x00, 0x5A, 0x22, 0xA5, 0x00, 0x5A, 0x55, 0xA5,
    0x00, 0xE0, 0xCC, 0xCC, 0x00, 0xE0, 0xC5, 0x5C, 0x00, 0xE0, 0x52, 0x2C, 0x00, 0xE0, 0xCC, 0xCC,
    0x00, 0x00, 0x00, 0x00, 0x00, 0x00, 0x00, 0x00, 0x00, 0x00, 0x00, 0x00, 0x00, 0xEE, 0xEE, 0x0E,
    0xEE, 0x4B, 0xB8, 0xEB, 0xB2, 0xBB, 0x4B, 0xBB, 0xBC, 0xBB, 0x8B, 0xBB, 0xCC, 0xCC, 0x4C, 0x48,
    0x8E, 0x84, 0x84, 0xCC, 0xE0, 0xEE, 0xEE, 0x84, 0x00, 0xE0, 0xEE, 0xEE, 0x00, 0x00, 0x00, 0x00,
    0x00, 0x00, 0x00, 0x00, 0x00, 0x00, 0x00, 0x00, 0x00, 0x00, 0x00, 0x00, 0x00, 0x00, 0x00, 0x00,
    0xCC, 0x84, 0xE4, 0x8D, 0x84, 0xEE, 0x0E, 0xD0, 0xEE, 0x00, 0x00, 0x00, 0x00, 0x00, 0x00, 0x00,
    0x00, 0x00, 0x00, 0x00, 0x00, 0x00, 0x00, 0x00, 0x00, 0x00, 0x00, 0x00, 0x00, 0x00, 0x00, 0x00,
    0xD8, 0x00, 0x00, 0x00, 0x0D, 0x00, 0x00, 0x00, 0x00, 0x00, 0x00, 0x00, 0x00, 0x00, 0x00, 0x00,
    0x00, 0x00, 0x00, 0x00, 0x00, 0x00, 0x00, 0x00, 0x00, 0x00, 0x00, 0x00, 0x00, 0x00, 0x00, 0x00,
    0x00, 0xE0, 0x84, 0x84, 0x00, 0x00, 0xEE, 0xEE, 0x00, 0x00, 0x00, 0x00, 0x00, 0x00, 0x00, 0x00,
    0x00, 0x00, 0x00, 0x00, 0x00, 0x00, 0x00, 0x00, 0x00, 0x00, 0x00, 0x00, 0x00, 0x00, 0x00, 0x00,
    0x00, 0xA0, 0xA5, 0x0A, 0x00, 0x00, 0x65, 0xA6, 0x00, 0x00, 0x6A, 0x55, 0x00, 0x00, 0xA0, 0x56,
    0x00, 0xA0, 0x6A, 0x55, 0x00, 0x6A, 0x55, 0x55, 0x00, 0x90, 0x59, 0x95, 0x00, 0x90, 0x55, 0x55,
    0x00, 0xAA, 0xAA, 0x00, 0x66, 0x66, 0x66, 0x96, 0x69, 0x56, 0x55, 0x66, 0x95, 0x66, 0x55, 0x65,
    0x95, 0x69, 0x56, 0x65, 0x55, 0x65, 0x66, 0x66, 0x55, 0x66, 0x66, 0x56, 0x69, 0x56, 0x66, 0x96,
    0xD4, 0x14, 0x44, 0xD4, 0x41, 0x11, 0x84, 0x48, 0x41, 0x88, 0x18, 0x41, 0x88, 0x14, 0x84, 0xDD,
    0x11, 0xD4, 0xDD, 0x00, 0xD8, 0x0D, 0x00, 0x00, 0x0D, 0x00, 0x00, 0x00, 0x00, 0x00, 0x00, 0x00,
    0x00, 0x00, 0x00, 0x00, 0x0D, 0x00, 0x00, 0x00, 0x0D, 0x00, 0x00, 0x00, 0x00, 0x00, 0x00, 0x00,
    0x00, 0x00, 0x00, 0x00, 0x00, 0x00, 0x00, 0x00, 0x00, 0x00, 0x00, 0x00, 0x00, 0x00, 0x00, 0x00,
    0xCC, 0x8C, 0x84, 0xEE, 0x84, 0xE4, 0xEE, 0x0E, 0xEE, 0xEE, 0x00, 0x00, 0x00, 0x00, 0x00, 0x00,
    0x00, 0x00, 0x00, 0x00, 0x00, 0x00, 0x00, 0x00, 0x00, 0x00, 0x00, 0x00, 0x00, 0x00, 0x00, 0x00,
    0x0E, 0x00, 0x00, 0x00, 0x00, 0x00, 0x00, 0x00, 0x00, 0x00, 0x00, 0x00, 0x00, 0x00, 0x00, 0x00,
    0x00, 0x00, 0x00, 0x00, 0x00, 0x00, 0x00, 0x00, 0x00, 0x00, 0x00, 0x00, 0x00, 0x00, 0x00, 0x00,
    0x00, 0x00, 0x00, 0x00, 0x00, 0x00, 0x00, 0xE0, 0x00, 0x00, 0x00, 0x8E, 0x00, 0x00, 0xE0, 0xBB,
    0x00, 0x00, 0xE0, 0xEE, 0x00, 0x00, 0x00, 0x7E, 0x00, 0x00, 0x00, 0x70, 0x00, 0x00, 0x00, 0x00,
    0x00, 0x00, 0x00, 0x00, 0x00, 0x00, 0x00, 0x00, 0x00, 0x00, 0x00, 0xA0, 0x00, 0x00, 0x00, 0xA0,
    0x00, 0xEE, 0xEE, 0xEE, 0xE0, 0xBB, 0x84, 0x5B, 0xBE, 0x8B, 0xBB, 0xBB, 0xBE, 0x4B, 0xBB, 0xCB,
    0x00, 0x00, 0x00, 0x00, 0x00, 0x00, 0x00, 0x00, 0xAA, 0x00, 0x00, 0x00, 0x99, 0x0A, 0x00, 0x00,
    0x96, 0xA9, 0x00, 0x00, 0x66, 0x66, 0x0A, 0x00, 0x65, 0x06, 0x00, 0x00, 0x69, 0x0A, 0x00, 0x00,
    0x00, 0x00, 0x00, 0x00, 0x00, 0x00, 0x00, 0x00, 0x00, 0x00, 0x00, 0x00, 0x00, 0x00, 0x00, 0x00,
    0x00, 0x00, 0x00, 0x00, 0x00, 0x00, 0xDD, 0x00, 0x0D, 0xD0, 0x41, 0x0D, 0xD8, 0x8D, 0x1D, 0xD8,
    0x00, 0x00, 0x00, 0x00, 0x00, 0x00, 0x00, 0x00, 0x00, 0x00, 0x00, 0x00, 0x00, 0x00, 0x00, 0x00,
    0x00, 0x00, 0x00, 0x00, 0x0E, 0x00, 0x00, 0x00, 0x0E, 0x00, 0x00, 0x00, 0x0E, 0x00, 0x00, 0x00,
    0x00, 0xA0, 0x56, 0x6A, 0x00, 0xA0, 0x65, 0x5A, 0x00, 0x6A, 0xAA, 0x5A, 0x00, 0xA0, 0x6C, 0xAA,
    0x00, 0xCE, 0x7C, 0x75, 0x00, 0xCE, 0xA8, 0x45, 0x00, 0x8E, 0x88, 0x78, 0xE0, 0x8C, 0x88, 0x48,
    0x55, 0x69, 0x66, 0x56, 0x65, 0x69, 0x65, 0x69, 0xAA, 0x56, 0x95, 0x55, 0xA6, 0x6A, 0x95, 0x56,
    0x85, 0xA8, 0x56, 0x6A, 0x84, 0x71, 0x6A, 0xAA, 0x44, 0xA5, 0xA8, 0x88, 0x77, 0x87, 0x8C, 0x88,
    0xA6, 0x00, 0x00, 0x00, 0xA5, 0x00, 0x00, 0x00, 0x65, 0x0A, 0x00, 0x00, 0x55, 0x0A, 0x00, 0x00,
    0x56, 0xA6, 0x00, 0x00, 0xAA, 0x0A, 0x00, 0x00, 0x0A, 0x00, 0x00, 0x00, 0x0E, 0x00, 0x00, 0x00,
    0x00, 0x00, 0x00, 0x00, 0x00, 0x00, 0x00, 0x00, 0x00, 0x00, 0x00, 0x00, 0x00, 0x00, 0x00, 0x00,
    0x00, 0x00, 0xD0, 0xD0, 0x00, 0x00, 0x8D, 0x1D, 0x00, 0x00, 0x18, 0x1D, 0x00, 0x00, 0x18, 0x48,
    0xCE, 0xCE, 0x88, 0xEC, 0x9E, 0xCE, 0xCC, 0xEC, 0x97, 0xEB, 0xCC, 0xCC, 0x9E, 0xEB, 0xCC, 0xCC,
    0xC9, 0xE3, 0xCC, 0xEC, 0xCC, 0x5C, 0xEE, 0xEE, 0x88, 0xCC, 0x73, 0x74, 0xEE, 0xC4, 0xEC, 0x55,
    0x54, 0xE8, 0xCC, 0xCC, 0x4E, 0xEC, 0xCC, 0xCC, 0x18, 0xE4, 0xCC, 0xEC, 0x8E, 0x79, 0xEE, 0xBE,
    0x71, 0x17, 0x54, 0x37, 0x91, 0x17, 0x77, 0xB7, 0x97, 0x57, 0x55, 0x75, 0x74, 0xEE, 0x25, 0x52,
    0x0E, 0x00, 0x00, 0x00, 0xEE, 0x0E, 0x00, 0x00, 0x9E, 0xE7, 0x00, 0x00, 0x95, 0x7E, 0x0E, 0x00,
    0x9C, 0x77, 0x0E, 0x80, 0xEB, 0x99, 0x8E, 0x18, 0xCC, 0x8B, 0x18, 0x41, 0xD7, 0x18, 0x41, 0xD8,
    0x00, 0x00, 0x4D, 0x84, 0x00, 0x00, 0x8D, 0x18, 0x00, 0xD0, 0x18, 0x41, 0x80, 0x18, 0x41, 0xD8,
    0x18, 0x41, 0xD8, 0x0D, 0x41, 0xD8, 0x0D, 0x00, 0xD8, 0x0D, 0x00, 0x00, 0x0D, 0x00, 0x00, 0x00,
    0x57, 0x4E, 0xCC, 0x77, 0x45, 0xE7, 0xE4, 0xE5, 0x57, 0xE7, 0xAE, 0xE5, 0x75, 0x7A, 0xA0, 0x57,
    0xA7, 0x75, 0xA0, 0x25, 0x22, 0xA5, 0x40, 0x2A, 0x75, 0xAC, 0x80, 0x5A, 0xCC, 0xEC, 0xD0, 0xAA,
    0xE5, 0x81, 0x77, 0x25, 0x1E, 0xA4, 0xEE, 0x5A, 0x84, 0x85, 0x84, 0x7E, 0xEA, 0x11, 0x48, 0xA5,
    0x4A, 0x88, 0x44, 0x7E, 0xEE, 0x48, 0xE8, 0x75, 0xE2, 0x44, 0x58, 0x57, 0x55, 0xEE, 0x77, 0x22,
    0x8A, 0x41, 0xD8, 0x0D, 0x75, 0xD8, 0x0D, 0x00, 0x52, 0x0D, 0x00, 0x00, 0xA7, 0xA7, 0x00, 0x00,
    0xA5, 0x52, 0xEE, 0x00, 0x72, 0x55, 0x48, 0xEE, 0x72, 0xC7, 0xCC, 0x48, 0xA5, 0xCC, 0xCC, 0xBC,
    0x00, 0x00, 0x00, 0x00, 0x00, 0x00, 0x00, 0x00, 0x00, 0x00, 0x00, 0x00, 0x00, 0x00, 0x00, 0x00,
    0xE0, 0x0E, 0x00, 0x00, 0xBE, 0xE8, 0x0E, 0x00, 0x48, 0xBB, 0xE8, 0x00, 0xBB, 0xBB, 0xE4, 0x00,
    0xCC, 0xEC, 0x40, 0xA0, 0x4C, 0xE8, 0x80, 0x00, 0xEC, 0x0E, 0x00, 0x04, 0x0E, 0x00, 0xD0, 0x8D,
    0x0E, 0x00, 0x4D, 0xDD, 0x00, 0x00, 0x8D, 0x41, 0x00, 0x00, 0xD0, 0x88, 0x00, 0x00, 0x00, 0xDD,
    0x27, 0x55, 0x22, 0x75, 0x5A, 0x22, 0x75, 0x0A, 0xA0, 0x75, 0x0A, 0x00, 0x0D, 0xAA, 0x00, 0x00,
    0xD1, 0x00, 0x00, 0x00, 0xD8, 0x00, 0x00, 0x00, 0x0D, 0x00, 0x00, 0x00, 0x00, 0x00, 0x00, 0x00,
    0x8A, 0xC4, 0xCC, 0xCC, 0xE0, 0x8E, 0xCC, 0xCC, 0x00, 0xE0, 0x84, 0xCC, 0x00, 0x00, 0xEE, 0x84,
    0x00, 0x00, 0x00, 0xEE, 0x00, 0x00, 0x00, 0x00, 0x00, 0x00, 0x00, 0x00, 0x00, 0x00, 0x00, 0x00,
    0xBB, 0x8C, 0xEC, 0x00, 0xCC, 0xC4, 0xEC, 0x00, 0x8C, 0xEC, 0x0E, 0x00, 0xE4, 0x0E, 0x00, 0x00,
    0x0E, 0x00, 0x00, 0x00, 0x00, 0x00, 0x00, 0x00, 0x00, 0x00, 0x00, 0x00, 0x00, 0x00, 0x00, 0x00,
    0x00, 0xA0, 0xAA, 0xAA, 0x00, 0x6A, 0x55, 0x66, 0x00, 0xA0, 0x66, 0x55, 0x00, 0xA0, 0x56, 0x66,
    0x00, 0xA0, 0x6A, 0x66, 0x00, 0x6A, 0x95, 0x99, 0x00, 0xA0, 0x56, 0x95, 0x00, 0x00, 0xAA, 0x96,
    0x00, 0x00, 0xAA, 0x00, 0xAA, 0xAA, 0x66, 0x0A, 0x66, 0x55, 0x96, 0xA6, 0x56, 0x56, 0x65, 0x69,
    0x66, 0x66, 0x55, 0x69, 0x99, 0x66, 0x55, 0x66, 0x66, 0x56, 0x65, 0x96, 0x65, 0x96, 0x66, 0x66,
    0x00, 0x00, 0x00, 0x00, 0x00, 0x00, 0x00, 0x00, 0xD0, 0x0D, 0x00, 0x00, 0x1D, 0xD4, 0x00, 0x00,
    0x48, 0xD1, 0x00, 0x00, 0x88, 0x41, 0x0D, 0x00, 0x41, 0x84, 0x0D, 0x00, 0x84, 0x18, 0xD4, 0x00,
    0x18, 0x41, 0xD8, 0x00, 0x41, 0xD8, 0x0D, 0x00, 0xD8, 0x0D, 0x00, 0x00, 0x0D, 0x00, 0x00, 0x00,
    0x00, 0x00, 0x00, 0x00, 0x00, 0x00, 0x00, 0x00, 0x00, 0x00, 0x00, 0x00, 0x00, 0x00, 0x00, 0x00,
    0x00, 0x00, 0x00, 0x00, 0x00, 0x00, 0x00, 0x00, 0x00, 0x00, 0x00, 0xE0, 0x00, 0x00, 0x00, 0x7E,
    0x00, 0x00, 0x00, 0x9E, 0x00, 0x00, 0xE0, 0xCC, 0x00, 0x00, 0xE0, 0x88, 0x00, 0x00, 0x00, 0xCE,
    0x00, 0x00, 0x00, 0xA0, 0x00, 0x00, 0x00, 0x70, 0x00, 0x00, 0x00, 0x7A, 0x00, 0x00, 0xA0, 0xA5,
    0x00, 0x00, 0xA0, 0x72, 0x00, 0x00, 0xE0, 0x57, 0x00, 0xEE, 0xEE, 0x5C, 0xE0, 0x4C, 0x48, 0xC8,
    0x00, 0x00, 0x00, 0x00, 0x00, 0x00, 0x00, 0x00, 0x00, 0x00, 0x00, 0x00, 0x0A, 0x00, 0x00, 0x00,
    0x0A, 0x00, 0x00, 0x00, 0x0A, 0x00, 0x00, 0x00, 0xA6, 0x00, 0x00, 0x00, 0x0A, 0x00, 0x00, 0x00,
    0xCE, 0xB8, 0xBB, 0xCB, 0xCE, 0xB4, 0xBB, 0xCB, 0xCE, 0xC8, 0xBC, 0xCC, 0x4E, 0x48, 0xC8, 0xCC,
    0xE0, 0xEE, 0x84, 0x84, 0x00, 0x00, 0xEE, 0xEE, 0x00, 0x00, 0x00, 0x00, 0x00, 0x00, 0x00, 0x00,
};
static const u16 sSet0Frame0[] = {
    0x0009, 0x00DD, 0x81F0, 0x0000, 0x40FD, 0x41E8, 0x0010, 0x40D5, 0x01F0, 0x0014, 0x40E5, 0x0010,
    0x0016, 0x40FD, 0x0008, 0x0018, 0x80ED, 0x01E8, 0x001A, 0x00D5, 0x0000, 0x001C, 0x00DD, 0x0010,
    0x001D, 0x00F5, 0x0010, 0x001E, 0x0000,
};
static const u16 sSet0Frame1[] = {
    0x0009, 0x00DD, 0x81F0, 0x0000, 0x40FD, 0x41E8, 0x0010, 0x40D5, 0x01F0, 0x0014, 0x40E5, 0x0010,
    0x0016, 0x40FD, 0x0008, 0x0018, 0x80ED, 0x01E8, 0x001A, 0x00D5, 0x0000, 0x001C, 0x00DD, 0x0010,
    0x001D, 0x00F5, 0x0010, 0x001E, 0x0000,
};
static const u16 sSet0Frame2[] = {
    0x0006, 0x00E0, 0x81F1, 0x001F, 0x40D8, 0x01F1, 0x002F, 0x80E0, 0x0011, 0x0031, 0x80E8, 0x01E9,
    0x0033, 0x00D8, 0x0001, 0x0035, 0x00F8, 0x01E9, 0x0036, 0x0000,
};
static const void* const sSet0Frames[] = { sSet0Frame0, sSet0Frame1, sSet0Frame2 };

static const u16 sBattleAnim0[] = {
    0x0040, 0x0040, 0x0004, 0x0000, 0x0030, 0x0000, 0x0006, 0x0001, 0x0004, 0x0002, 0x0004,
};
static const u16 sBattleAnim1[] = {
    0x0040, 0x0040, 0x0004, 0x0000, 0x000C, 0x0001, 0x000C, 0x0000, 0x000C, 0x0002, 0x000C,
};
static const u8 sTiles1[] __attribute__((aligned(4))) = {
    0x00, 0x00, 0xE0, 0x71, 0x00, 0x00, 0x4E, 0x4E, 0x00, 0x00, 0xEE, 0x4E, 0x00, 0xEE, 0xBC, 0xBC,
    0xE0, 0x3C, 0xBB, 0xBB, 0x4E, 0xBC, 0xB5, 0xEB, 0x4E, 0xBC, 0x7B, 0xBB, 0xBE, 0xC4, 0xBB, 0x53,
    0x71, 0xC4, 0xCC, 0xCC, 0x99, 0xC4, 0xCC, 0xCC, 0xC9, 0xC1, 0xCC, 0xCC, 0x19, 0xCC, 0xCC, 0x8C,
    0x1E, 0xCC, 0x44, 0xC4, 0x11, 0x11, 0xEC, 0x7E, 0xEE, 0xEE, 0xCE, 0x79, 0xE7, 0xCE, 0xBB, 0xE9,
    0x4E, 0x24, 0x21, 0x04, 0xBE, 0x44, 0x22, 0x42, 0xB8, 0x24, 0x14, 0x22, 0x4E, 0x24, 0x11, 0x22,
    0x4E, 0x22, 0x12, 0x21, 0x4E, 0x42, 0x12, 0x11, 0x7E, 0x24, 0x21, 0x12, 0x97, 0x4E, 0x42, 0x12,
    0x00, 0x00, 0x00, 0x00, 0x00, 0x00, 0x00, 0x00, 0x04, 0x00, 0x00, 0x00, 0x04, 0x00, 0x00, 0x00,
    0x42, 0x00, 0x00, 0x00, 0x22, 0x04, 0x00, 0x00, 0x21, 0x04, 0x00, 0x00, 0x22, 0x04, 0x00, 0x00,
    0xEE, 0x4B, 0xCC, 0xCC, 0xE0, 0xBC, 0x88, 0xCC, 0x00, 0xEE, 0xCC, 0xE8, 0x00, 0x00, 0xEE, 0x5E,
    0x00, 0x00, 0x90, 0x97, 0x00, 0x00, 0xAE, 0x25, 0x00, 0xE0, 0xC4, 0x7C, 0x00, 0x8E, 0xCB, 0xBC,
    0xEC, 0xBE, 0x75, 0x9B, 0xEC, 0x3C, 0xBB, 0xBB, 0xEE, 0xB7, 0xBB, 0xCB, 0xE9, 0xBB, 0xBB, 0xBB,
    0xE2, 0xBC, 0xBB, 0xCB, 0xE5, 0xC4, 0xCC, 0x84, 0xCA, 0x4E, 0x44, 0xBB, 0xCB, 0xEC, 0xEE, 0xEE,
    0xC9, 0x8E, 0x24, 0x22, 0xCC, 0xEC, 0x24, 0x42, 0xCC, 0xEC, 0x40, 0x04, 0xCC, 0xEE, 0x00, 0x00,
    0x88, 0xEB, 0x00, 0x00, 0xBB, 0x0E, 0x00, 0x00, 0xEC, 0x00, 0x00, 0x00, 0x9E, 0x00, 0x00, 0x00,
    0x42, 0x00, 0x00, 0x00, 0x04, 0x00, 0x00, 0x00, 0x00, 0x00, 0x00, 0x00, 0x00, 0x00, 0x00, 0x00,
    0x00, 0x00, 0x00, 0x00, 0x00, 0x00, 0x00, 0x00, 0x00, 0x00, 0x00, 0x00, 0x00, 0x00, 0x00, 0x00,
    0x00, 0x00, 0x00, 0x00, 0x00, 0x00, 0x00, 0x0A, 0x00, 0x00, 0xA0, 0xA9, 0x00, 0x00, 0xA0, 0x6A,
    0x00, 0x00, 0x9A, 0xB8, 0x00, 0x00, 0xA0, 0x1B, 0x00, 0x00, 0x00, 0x94, 0x00, 0x00, 0x80, 0xAB,
    0xA0, 0x0A, 0x00, 0x00, 0xA0, 0xA6, 0x00, 0x00, 0xA0, 0x69, 0x0A, 0x00, 0xAA, 0x59, 0xAA, 0x00,
    0xB8, 0xAA, 0x57, 0xAA, 0x54, 0x59, 0x22, 0x9A, 0x55, 0x29, 0x25, 0xA5, 0x29, 0xA5, 0x9A, 0xA2,
    0x00, 0x80, 0xB4, 0x57, 0x00, 0x80, 0x79, 0x25, 0x00, 0x08, 0x29, 0x72, 0x00, 0x04, 0x29, 0x95,
    0x00, 0x08, 0xAE, 0xE5, 0x00, 0xE0, 0xE5, 0x4E, 0x00, 0xAE, 0x54, 0x4E, 0x00, 0xAE, 0x75, 0xEE,
    0x5A, 0xA4, 0xAA, 0x55, 0x99, 0x97, 0x95, 0x2A, 0xBA, 0x1E, 0x57, 0x5A, 0x4E, 0x88, 0x41, 0x79,
    0x1E, 0x84, 0x14, 0x2A, 0xE8, 0x18, 0x4E, 0x95, 0x81, 0xEE, 0xE8, 0x82, 0x14, 0x81, 0xAE, 0x88,
    0xCB, 0xE4, 0x79, 0x45, 0x4C, 0x0E, 0xA0, 0x59, 0x84, 0x00, 0x00, 0xA0, 0xE8, 0x00, 0x00, 0x00,
    0x0E, 0x00, 0x00, 0x00, 0x00, 0x00, 0x00, 0x00, 0x00, 0x00, 0x00, 0x00, 0x00, 0x00, 0x00, 0x00,
    0xA5, 0x00, 0x00, 0x00, 0x75, 0x7A, 0x09, 0x00, 0x57, 0x97, 0x92, 0x00, 0x7A, 0x59, 0x52, 0x0A,
    0xA9, 0x29, 0x75, 0xEB, 0x90, 0x55, 0xB7, 0xEB, 0xE0, 0xB8, 0xBB, 0x8C, 0x8E, 0xC4, 0xBB, 0x8C,
    0x00, 0x00, 0x00, 0xEE, 0x00, 0x00, 0xE0, 0x84, 0x00, 0x00, 0x8E, 0xBB, 0x00, 0x00, 0x4E, 0xBB,
    0x00, 0x00, 0x8E, 0xBB, 0x00, 0x00, 0xE0, 0x84, 0x00, 0x00, 0x00, 0xEE, 0x00, 0x00, 0x00, 0x00,
    0xC4, 0xBC, 0xCB, 0x88, 0xCB, 0xBB, 0xCB, 0xE8, 0xBB, 0xBC, 0x8C, 0x0E, 0xBB, 0xCB, 0x8C, 0x0E,
    0xBB, 0xCB, 0xE8, 0x00, 0xBB, 0xCC, 0xE4, 0x00, 0x48, 0x48, 0xE8, 0x00, 0xEE, 0xEE, 0x0E, 0x00,
    0x00, 0xBE, 0xEA, 0xAC, 0x00, 0xE0, 0xBB, 0x9C, 0x00, 0x00, 0xBE, 0x7C, 0x00, 0x00, 0xCE, 0x9E,
    0x00, 0x00, 0xC0, 0xEE, 0x00, 0x00, 0xE0, 0xEE, 0x00, 0x00, 0xE0, 0xB1, 0x00, 0x00, 0xE0, 0xB1,
    0x8E, 0xE8, 0x89, 0x28, 0x44, 0xCE, 0xBC, 0x2C, 0x54, 0xE9, 0xBB, 0xCC, 0x55, 0xE7, 0xBB, 0xCB,
    0x77, 0xBA, 0xBB, 0xCC, 0xCE, 0xBC, 0xCC, 0xCC, 0xEB, 0x1E, 0xCC, 0xEC, 0xC1, 0xC1, 0xCC, 0xEC,
    0x00, 0x00, 0x00, 0x00, 0x00, 0x00, 0x00, 0x00, 0x00, 0x00, 0x00, 0x00, 0x00, 0x00, 0x00, 0x00,
    0x00, 0x00, 0x00, 0x00, 0x0A, 0x00, 0x00, 0x00, 0xA6, 0x00, 0x00, 0x00, 0x66, 0x0A, 0x00, 0x00,
    0x6A, 0x0A, 0x00, 0x00, 0x69, 0xA9, 0x00, 0x00, 0x92, 0xA9, 0x00, 0x00, 0x92, 0xA6, 0x00, 0x00,
    0x69, 0xA6, 0x00, 0x00, 0x9A, 0x96, 0x0A, 0x00, 0xA4, 0x69, 0x0A, 0x00, 0xA4, 0x9A, 0x0A, 0x00,
    0x00, 0x00, 0x00, 0x00, 0x00, 0x00, 0x00, 0x00, 0x00, 0x00, 0x00, 0x00, 0x00, 0x00, 0x00, 0x00,
    0x00, 0x00, 0x00, 0x00, 0x00, 0x00, 0x00, 0x00, 0x0E, 0x00, 0x00, 0x00, 0x0E, 0x00, 0x00, 0x00,
    0x0E, 0x00, 0x00, 0x00, 0x00, 0x00, 0x00, 0x00, 0x00, 0x00, 0x00, 0x00, 0x00, 0x00, 0x00, 0x00,
    0x00, 0x00, 0x00, 0x00, 0x00, 0x00, 0x00, 0x00, 0x00, 0x00, 0x00, 0x00, 0x00, 0x00, 0x00, 0x00,
    0x42, 0xA8, 0x0A, 0x00, 0x22, 0x04, 0x00, 0x00, 0x21, 0x04, 0x00, 0x00, 0x2C, 0x42, 0x00, 0x00,
    0x1C, 0x22, 0x04, 0x00, 0x2E, 0x21, 0x04, 0x00, 0x44, 0x22, 0x42, 0x00, 0x44, 0x12, 0x22, 0x04,
    0x00, 0x4E, 0xBB, 0xBB, 0x00, 0x8E, 0xBB, 0xBC, 0x00, 0x4E, 0xBB, 0xCC, 0x00, 0x8E, 0xCB, 0x4C,
    0x00, 0xE0, 0x84, 0x84, 0x00, 0x00, 0xEE, 0xEE, 0x00, 0x00, 0x00, 0x00, 0x00, 0x00, 0x00, 0x00,
    0x00, 0x00, 0x00, 0x00, 0x00, 0x00, 0x00, 0x00, 0x00, 0x00, 0x00, 0x00, 0x00, 0x00, 0x00, 0x00,
    0x00, 0x00, 0x00, 0x00, 0x00, 0x00, 0x00, 0x00, 0x00, 0x00, 0x00, 0x00, 0x00, 0x00, 0x00, 0x40,
    0x00, 0x00, 0x40, 0x24, 0x00, 0x00, 0x24, 0x42, 0x00, 0x40, 0x22, 0x22, 0x00, 0x24, 0x12, 0x21,
    0x00, 0x24, 0x11, 0x12, 0x40, 0x22, 0x11, 0x21, 0x24, 0x11, 0x22, 0x22, 0x22, 0x22, 0x21, 0x44,
    0x22, 0x02, 0x00, 0x00, 0x22, 0x21, 0x22, 0x00, 0x24, 0x12, 0x11, 0x02, 0x42, 0x22, 0x12, 0x21,
    0x22, 0x24, 0x22, 0x11, 0x24, 0x24, 0x22, 0x11, 0x44, 0x22, 0x22, 0x12, 0x22, 0x22, 0x22, 0x12,
    0x00, 0x00, 0x00, 0x00, 0x00, 0x00, 0x00, 0x00, 0x00, 0x00, 0x00, 0x00, 0x00, 0x00, 0x00, 0x00,
    0x02, 0x00, 0x00, 0x00, 0x21, 0x00, 0x00, 0x00, 0x11, 0x02, 0x00, 0x00, 0x11, 0x21, 0x00, 0x00,
    0x00, 0x00, 0x00, 0x40, 0x00, 0x00, 0x00, 0x24, 0x00, 0x00, 0x40, 0x12, 0x00, 0x00, 0x24, 0x21,
    0x00, 0x00, 0x14, 0x22, 0x00, 0x40, 0x12, 0x22, 0x00, 0x24, 0x21, 0x22, 0x40, 0x12, 0x22, 0x22,
    0x21, 0x44, 0x24, 0x42, 0x41, 0x22, 0x42, 0x44, 0x22, 0x22, 0x22, 0x22, 0x22, 0x12, 0x21, 0x22,
    0x22, 0x11, 0x11, 0x21, 0x12, 0x11, 0x11, 0x11, 0x22, 0x11, 0x11, 0x11, 0x22, 0x22, 0x22, 0x11,
    0x12, 0x21, 0x22, 0x12, 0x22, 0x11, 0x11, 0x12, 0x22, 0x12, 0x11, 0x11, 0x22, 0x12, 0x11, 0x11,
    0x22, 0x12, 0x11, 0x11, 0x21, 0x12, 0x11, 0x11, 0x11, 0x11, 0x11, 0x11, 0x11, 0x11, 0x11, 0x11,
    0x11, 0x21, 0x00, 0x00, 0x11, 0x11, 0x02, 0x00, 0x11, 0x11, 0x02, 0x00, 0x11, 0x11, 0x21, 0x00,
    0x11, 0x11, 0x21, 0x00, 0x11, 0x11, 0x11, 0x02, 0x11, 0x11, 0x11, 0x02, 0x11, 0x11, 0x11, 0x21,
    0x4A, 0x88, 0x24, 0x22, 0x79, 0x48, 0x44, 0x44, 0x25, 0x45, 0x44, 0x44, 0x79, 0x49, 0xA4, 0x65,
    0x9E, 0x5A, 0x72, 0x9A, 0x8E, 0xE4, 0x95, 0x6A, 0x1E, 0xE4, 0xA9, 0x65, 0x44, 0xE8, 0xA9, 0x56,
    0x22, 0x22, 0x22, 0x22, 0x44, 0x22, 0x22, 0x22, 0x44, 0x44, 0x22, 0x22, 0x69, 0x44, 0x44, 0x22,
    0x66, 0x56, 0x44, 0x44, 0x69, 0x66, 0x66, 0x44, 0x69, 0x66, 0x66, 0x46, 0x96, 0x66, 0x69, 0x56,
    0x11, 0x11, 0x11, 0x11, 0x22, 0x11, 0x11, 0x11, 0x22, 0x12, 0x11, 0x11, 0x22, 0x22, 0x12, 0x11,
    0x22, 0x22, 0x22, 0x11, 0x24, 0x22, 0x22, 0x12, 0x44, 0x24, 0x22, 0x22, 0x49, 0x44, 0x22, 0x22,
    0x11, 0x11, 0x11, 0x21, 0x11, 0x11, 0x11, 0x21, 0x11, 0x11, 0x11, 0x11, 0x11, 0x11, 0x11, 0x11,
    0x11, 0x11, 0x11, 0x11, 0x11, 0x11, 0x11, 0x11, 0x11, 0x11, 0x11, 0x11, 0x12, 0x11, 0x11, 0x11,
    0x81, 0x8E, 0xAE, 0x5A, 0x5E, 0x48, 0x0E, 0x6A, 0x48, 0x81, 0xE9, 0xCA, 0x14, 0x7E, 0xE5, 0xEE,
    0xEE, 0xEA, 0xCE, 0xCC, 0x00, 0xCE, 0xCC, 0xCC, 0x48, 0xE8, 0xCE, 0xCC, 0x00, 0x00, 0xEE, 0xEE,
    0x6A, 0x99, 0x96, 0x69, 0xAA, 0x66, 0x96, 0x96, 0xCC, 0x6A, 0x66, 0x69, 0xBC, 0x7A, 0x96, 0x69,
    0xBC, 0xEB, 0x7E, 0xA6, 0xBB, 0xCB, 0xCC, 0xEE, 0xBB, 0xBB, 0x8C, 0xCC, 0xBB, 0x8B, 0x88, 0xE8,
    0x96, 0x49, 0x24, 0x22, 0x66, 0x9A, 0x44, 0x22, 0xAA, 0x09, 0x40, 0x24, 0x0A, 0x0A, 0x00, 0x44,
    0x0A, 0x00, 0x00, 0x40, 0xEC, 0x00, 0x00, 0x00, 0xCC, 0x0E, 0x00, 0x00, 0xCC, 0x0E, 0x00, 0x00,
    0x22, 0x11, 0x11, 0x11, 0x22, 0x12, 0x11, 0x11, 0x22, 0x22, 0x11, 0x11, 0x22, 0x22, 0x11, 0x11,
    0x24, 0x22, 0x12, 0x11, 0x44, 0x22, 0x12, 0x11, 0x40, 0x24, 0x22, 0x11, 0x00, 0x24, 0x22, 0x11,
    0x00, 0x00, 0x00, 0xE0, 0x00, 0x00, 0x00, 0xE0, 0x00, 0x00, 0x00, 0xE0, 0x00, 0x00, 0x00, 0xE0,
    0x00, 0x00, 0x00, 0xE0, 0x00, 0x00, 0x00, 0xE0, 0x00, 0x00, 0x00, 0xE0, 0x00, 0x00, 0x00, 0xE0,
    0xBE, 0xBB, 0x88, 0x88, 0xE7, 0xCE, 0x8C, 0x88, 0xE7, 0xCC, 0xCC, 0xCC, 0x77, 0xCC, 0xCC, 0xCC,
    0x99, 0xC1, 0xCC, 0xCC, 0xE9, 0xC1, 0xCC, 0xCC, 0xE9, 0xC1, 0xCC, 0x44, 0x1E, 0xCC, 0xCC, 0xE4,
    0xEC, 0x00, 0x00, 0x00, 0x0E, 0x00, 0x00, 0x00, 0x0E, 0x00, 0x00, 0x00, 0xEC, 0x00, 0x00, 0x00,
    0xEC, 0x0E, 0x00, 0x00, 0xCC, 0x88, 0x00, 0x00, 0x88, 0xE8, 0x00, 0x00, 0xCE, 0x0E, 0x00, 0x00,
    0x00, 0x44, 0x22, 0x11, 0x00, 0x40, 0x22, 0x12, 0x00, 0x40, 0x24, 0x22, 0x00, 0x00, 0x24, 0x22,
    0x00, 0x00, 0x44, 0x22, 0x00, 0x00, 0x40, 0x42, 0x00, 0x00, 0x40, 0x42, 0x00, 0x00, 0x40, 0x44,
    0x00, 0x00, 0xE0, 0xEE, 0x00, 0x00, 0xCE, 0xEB, 0x00, 0xE0, 0xBC, 0xBB, 0x00, 0xE0, 0x44, 0xBB,
    0x00, 0xE0, 0xCB, 0x44, 0x00, 0xE0, 0xBE, 0xCC, 0x00, 0xE0, 0xCE, 0xCC, 0x00, 0x00, 0xEE, 0xCE,
    0x1E, 0x1C, 0x41, 0xE4, 0x1B, 0xC1, 0xCC, 0xEC, 0xCC, 0xCC, 0xEC, 0xCE, 0xBB, 0xEC, 0xEC, 0x7C,
    0x44, 0xE4, 0xCE, 0x75, 0xCC, 0xCC, 0x5E, 0xB7, 0xCC, 0xEC, 0x3E, 0xBB, 0xEC, 0x0E, 0x4E, 0x44,
    0xCC, 0xEC, 0x00, 0x00, 0x9E, 0xEE, 0x00, 0x00, 0xE7, 0x97, 0x0E, 0x00, 0x77, 0x9E, 0xEC, 0x00,
    0x79, 0xC7, 0xEC, 0x00, 0x9B, 0xC8, 0xCC, 0x0E, 0x8B, 0xCC, 0xCC, 0x0E, 0xB8, 0xCC, 0xEC, 0x0C,
    0x00, 0x00, 0x40, 0x04, 0x00, 0x00, 0x40, 0x04, 0x00, 0x00, 0x40, 0x00, 0x00, 0x00, 0x00, 0x00,
    0x00, 0x00, 0x00, 0x00, 0x00, 0x00, 0x00, 0x00, 0x00, 0x00, 0x00, 0x00, 0x00, 0x00, 0x00, 0x00,
    0x00, 0x00, 0xE0, 0x57, 0x00, 0x00, 0x00, 0x79, 0xE0, 0xEE, 0xE0, 0x25, 0x8E, 0xE4, 0xEE, 0x59,
    0xB4, 0x8B, 0x84, 0xCC, 0xBB, 0xBB, 0xCC, 0xCC, 0xBB, 0xCB, 0xCC, 0xCC, 0xBB, 0xCC, 0xCC, 0xCC,
    0x9A, 0x0E, 0xC0, 0xBB, 0x29, 0x97, 0xE0, 0xBB, 0x52, 0xA7, 0xE0, 0xBC, 0x75, 0xAC, 0x00, 0xCE,
    0xCC, 0xCC, 0x0E, 0xE0, 0xCC, 0xBC, 0x0E, 0x00, 0xCC, 0xCC, 0x0E, 0x00, 0x88, 0x88, 0x0E, 0x00,
    0xBB, 0xCC, 0xBC, 0x0E, 0xBB, 0xCC, 0xCB, 0x0E, 0xCC, 0xBC, 0xEB, 0x00, 0xBB, 0xCB, 0x0A, 0x00,
    0xEE, 0x7E, 0x0A, 0x00, 0x90, 0x45, 0xA7, 0x00, 0x00, 0x49, 0xA5, 0x99, 0x00, 0x70, 0x74, 0x59,
    0x00, 0x00, 0x00, 0x00, 0x00, 0x00, 0x00, 0x00, 0x00, 0x00, 0x00, 0x00, 0x00, 0x00, 0x00, 0x00,
    0x00, 0x00, 0x00, 0x00, 0x00, 0x00, 0x00, 0x00, 0x00, 0x00, 0x00, 0x00, 0x09, 0x00, 0x00, 0x00,
    0xCC, 0xCC, 0x8C, 0x88, 0x84, 0x84, 0xE4, 0xEE, 0xEE, 0xEE, 0x0E, 0x00, 0x00, 0x00, 0x00, 0x00,
    0x00, 0x00, 0x00, 0x00, 0x00, 0x00, 0x00, 0x00, 0x00, 0x00, 0x00, 0x00, 0x00, 0x00, 0x00, 0x00,
    0xEE, 0xEE, 0x00, 0x00, 0x00, 0x00, 0x00, 0x00, 0x00, 0x00, 0x00, 0x00, 0x00, 0x00, 0x00, 0x00,
    0x00, 0x00, 0x00, 0x00, 0x00, 0x00, 0x00, 0x00, 0x00, 0x00, 0x00, 0x00, 0x00, 0x00, 0x00, 0x00,
    0x00, 0x90, 0xA7, 0x27, 0x00, 0x00, 0x7A, 0x22, 0x00, 0xA0, 0x25, 0x75, 0x00, 0xA0, 0x57, 0xA9,
    0x00, 0x00, 0xCE, 0xCA, 0x00, 0x00, 0x4C, 0xCC, 0x00, 0xE0, 0xC8, 0xCC, 0x00, 0x4E, 0xCB, 0xCC,
    0xE9, 0x00, 0x00, 0x00, 0xCC, 0xEE, 0x00, 0x00, 0xCC, 0x8C, 0x0E, 0x00, 0xCC, 0x8C, 0x0E, 0x00,
    0xCC, 0x88, 0x0E, 0x00, 0xCC, 0xE8, 0x00, 0x00, 0x8C, 0xE8, 0x00, 0x00, 0x8C, 0x0E, 0x00, 0x00,
    0x00, 0x8C, 0xBB, 0xCB, 0xE0, 0xB4, 0xBB, 0xCB, 0xE0, 0xB8, 0xBB, 0xCB, 0xE0, 0x4C, 0xB8, 0x4C,
    0x00, 0xCE, 0x84, 0x84, 0x00, 0xE0, 0xEE, 0xEE, 0x00, 0x00, 0x00, 0x00, 0x00, 0x00, 0x00, 0x00,
    0x4C, 0x0E, 0x00, 0x00, 0xE8, 0x00, 0x00, 0x00, 0xE4, 0x00, 0x00, 0x00, 0xE8, 0x00, 0x00, 0x00,
    0x0E, 0x00, 0x00, 0x00, 0x00, 0x00, 0x00, 0x00, 0x00, 0x00, 0x00, 0x00, 0x00, 0x00, 0x00, 0x00,
    0x00, 0x00, 0x00, 0x00, 0x00, 0x00, 0x00, 0x00, 0x00, 0x00, 0x00, 0x00, 0x00, 0x00, 0x00, 0x00,
    0x00, 0x00, 0x00, 0x00, 0x00, 0x00, 0x00, 0x00, 0x00, 0x00, 0x00, 0x00, 0x00, 0x00, 0x90, 0x99,
    0x00, 0x00, 0x79, 0x57, 0x00, 0x90, 0x25, 0x22, 0x00, 0x59, 0x72, 0xA9, 0x90, 0x22, 0x79, 0xE5,
    0x27, 0x95, 0x59, 0x48, 0x25, 0x99, 0x47, 0x14, 0x29, 0x95, 0x18, 0x84, 0x90, 0x72, 0xEE, 0x88,
    0x00, 0x00, 0x00, 0x00, 0x00, 0x00, 0x00, 0x00, 0x02, 0x00, 0x00, 0x00, 0x02, 0x00, 0x00, 0x00,
    0x21, 0x00, 0x00, 0x00, 0x21, 0x00, 0x00, 0x00, 0x21, 0x00, 0x00, 0x00, 0x21, 0x00, 0x00, 0x00,
    0x11, 0x02, 0x00, 0x00, 0x11, 0x02, 0x00, 0x00, 0x11, 0x02, 0x00, 0x00, 0x11, 0x02, 0x00, 0x00,
    0x11, 0x02, 0x00, 0x00, 0x11, 0x02, 0x00, 0x00, 0x21, 0x00, 0x00, 0x00, 0x21, 0x00, 0x00, 0x00,
    0x00, 0x00, 0x00, 0x00, 0x00, 0x00, 0x00, 0x00, 0x00, 0x00, 0x00, 0x00, 0x00, 0x00, 0x00, 0xE0,
    0x00, 0x00, 0x00, 0xEE, 0x00, 0x00, 0x00, 0x8E, 0x00, 0x00, 0x00, 0x4E, 0x00, 0x00, 0x00, 0x8E,
    0x00, 0x00, 0x00, 0x4E, 0x00, 0x00, 0x00, 0x8E, 0x00, 0x00, 0x00, 0xE0, 0x00, 0x00, 0x00, 0x00,
    0x00, 0x00, 0x00, 0x00, 0x00, 0x00, 0x00, 0x00, 0x00, 0x00, 0x00, 0x00, 0x00, 0x00, 0x00, 0x00,
    0xA0, 0x97, 0x8E, 0x14, 0x00, 0x9A, 0xE2, 0x48, 0x00, 0x40, 0x7A, 0xEE, 0x00, 0x80, 0x0E, 0xE0,
    0x00, 0x00, 0x88, 0x00, 0x00, 0x00, 0x40, 0x88, 0x00, 0x00, 0x00, 0x00, 0x00, 0x00, 0x00, 0x00,
    0x22, 0x00, 0x00, 0x00, 0x42, 0x00, 0x00, 0x00, 0x44, 0x00, 0x00, 0x00, 0x04, 0x00, 0x00, 0x00,
    0x04, 0x00, 0x00, 0x00, 0x04, 0x00, 0x00, 0x00, 0x00, 0x00, 0x00, 0x00, 0x00, 0x00, 0x00, 0x00,
    0x00, 0x5A, 0x99, 0x66, 0xA0, 0x66, 0x99, 0x65, 0x00, 0x9A, 0x55, 0x66, 0x00, 0x60, 0x99, 0xAA,
    0x00, 0xA0, 0x0A, 0x90, 0x00, 0x00, 0x00, 0x00, 0x00, 0x00, 0x00, 0x00, 0x00, 0x00, 0x00, 0x90,
    0x66, 0x66, 0x56, 0x95, 0x56, 0x55, 0x99, 0x99, 0x59, 0x99, 0x99, 0xA6, 0x99, 0x66, 0x66, 0x8A,
    0x6A, 0x69, 0xBE, 0x88, 0x49, 0xE5, 0xBB, 0x88, 0x90, 0xBE, 0xBB, 0x88, 0xE9, 0xBB, 0xCB, 0xCC,
    0xA9, 0xCC, 0xEC, 0x00, 0xCA, 0xCC, 0x0E, 0x00, 0x8A, 0xE8, 0xEE, 0x0E, 0x8A, 0xE8, 0xBB, 0xEB,
    0x88, 0x88, 0xBB, 0xBB, 0x88, 0xC8, 0xBC, 0xBB, 0x88, 0xCC, 0xCC, 0xCC, 0xCE, 0xCC, 0xCC, 0xCC,
    0x00, 0x00, 0x00, 0x00, 0x00, 0x00, 0x00, 0x00, 0xE0, 0x0E, 0x00, 0x00, 0x8E, 0xE8, 0x00, 0x00,
    0xCB, 0x8C, 0x0E, 0x00, 0xCC, 0x88, 0x0E, 0x00, 0x4C, 0xE8, 0x00, 0x00, 0x44, 0xCE, 0x00, 0x00,
    0x00, 0x00, 0x99, 0x57, 0x90, 0x79, 0x25, 0xEE, 0x59, 0x22, 0xA9, 0x84, 0x22, 0x97, 0xAE, 0xE1,
    0x52, 0x59, 0xE4, 0x18, 0x97, 0xEA, 0x84, 0x7E, 0x25, 0x8A, 0x4E, 0x81, 0x22, 0xA9, 0x8E, 0xE8,
    0x95, 0xCB, 0xCC, 0xCC, 0x92, 0xCB, 0xCC, 0xCC, 0x59, 0xC7, 0xCC, 0xEE, 0x47, 0x95, 0xEC, 0x2E,
    0x99, 0xAA, 0xEE, 0xBB, 0x84, 0xAE, 0xE0, 0x44, 0xEE, 0x95, 0xE0, 0xBB, 0x5A, 0x72, 0x09, 0xEE,
    0xCC, 0xCC, 0xCC, 0x4C, 0xEE, 0xCE, 0x1C, 0xE1, 0x1E, 0x11, 0xC1, 0xEC, 0xCB, 0xC1, 0xEC, 0x7E,
    0x75, 0xB7, 0xEB, 0x7B, 0xBB, 0x8B, 0x2E, 0x25, 0x84, 0xB8, 0x5E, 0xBB, 0xBB, 0xEE, 0xCE, 0xBB,
    0x7E, 0xCB, 0x0E, 0x00, 0x79, 0x9E, 0x0E, 0x00, 0xE7, 0x77, 0x0E, 0x00, 0x79, 0x9E, 0xEC, 0x00,
    0x7B, 0xC9, 0xEC, 0x00, 0xBB, 0xC8, 0xEC, 0x00, 0x8B, 0xCC, 0xEC, 0x90, 0xB4, 0xCC, 0xEE, 0x7E,
    0x22, 0x52, 0x09, 0x00, 0x97, 0xA9, 0x00, 0x59, 0xAA, 0xCA, 0x09, 0x29, 0x8E, 0x84, 0x7B, 0x5B,
    0xB4, 0xBB, 0xBC, 0x9B, 0xB8, 0xCB, 0xBB, 0xBB, 0xC4, 0xCC, 0xBB, 0xBB, 0xC8, 0xCC, 0xCC, 0xC8,
    0x57, 0x07, 0x4E, 0x44, 0xA9, 0x97, 0xE0, 0xBB, 0x55, 0x72, 0x0E, 0xEE, 0x22, 0x95, 0x0E, 0x90,
    0x97, 0xEB, 0x0E, 0x00, 0xBB, 0x57, 0x09, 0x00, 0xCC, 0xBC, 0x09, 0x00, 0xCC, 0x8C, 0x0E, 0x00,
    0xCC, 0xBB, 0x9E, 0x99, 0xBB, 0xEE, 0x55, 0x97, 0x7E, 0x55, 0xA7, 0x7A, 0x99, 0xE1, 0xEE, 0xCC,
    0x00, 0x8E, 0xCB, 0xCC, 0xE0, 0xB4, 0xBB, 0xCC, 0xE0, 0xB8, 0xBB, 0xCC, 0xE0, 0xB4, 0xCB, 0xCC,
    0x52, 0xC7, 0xEC, 0x00, 0x22, 0xCC, 0x8C, 0x0E, 0x52, 0xCC, 0x8C, 0x0E, 0x99, 0xCC, 0x8C, 0x0E,
    0xCC, 0x8C, 0xE8, 0x00, 0xCC, 0xC8, 0x0E, 0x00, 0xCC, 0xC4, 0x00, 0x00, 0x8C, 0x0E, 0x00, 0x00,
    0x4E, 0x48, 0x48, 0x4E, 0xE0, 0xEE, 0xEE, 0xE0, 0x00, 0x00, 0x00, 0x00, 0x00, 0x00, 0x00, 0x00,
    0x00, 0x00, 0x00, 0x00, 0x00, 0x00, 0x00, 0x00, 0x00, 0x00, 0x00, 0x00, 0x00, 0x00, 0x00, 0x00,
    0x88, 0x88, 0x0E, 0x00, 0xEE, 0xEE, 0x00, 0x00, 0x00, 0x00, 0x00, 0x00, 0x00, 0x00, 0x00, 0x00,
    0x00, 0x00, 0x00, 0x00, 0x00, 0x00, 0x00, 0x00, 0x00, 0x00, 0x00, 0x00, 0x00, 0x00, 0x00, 0x00,
    0x00, 0x8E, 0xCC, 0xCC, 0x00, 0xE0, 0x8E, 0x84, 0x00, 0x00, 0xE0, 0xEE, 0x00, 0x00, 0x00, 0x00,
    0x00, 0x00, 0x00, 0x00, 0x00, 0x00, 0x00, 0x00, 0x00, 0x00, 0x00, 0x00, 0x00, 0x00, 0x00, 0x00,
    0xE4, 0x00, 0x00, 0x00, 0x0E, 0x00, 0x00, 0x00, 0x00, 0x00, 0x00, 0x00, 0x00, 0x00, 0x00, 0x00,
    0x00, 0x00, 0x00, 0x00, 0x00, 0x00, 0x00, 0x00, 0x00, 0x00, 0x00, 0x00, 0x00, 0x00, 0x00, 0x00,
    0x00, 0x00, 0x00, 0x00, 0x00, 0x00, 0x00, 0x00, 0x00, 0x00, 0x00, 0x00, 0x00, 0x00, 0x00, 0x00,
    0x00, 0x00, 0x00, 0x00, 0x00, 0x00, 0x40, 0x44, 0x44, 0x40, 0x84, 0x81, 0x14, 0x84, 0x41, 0x18,
    0x00, 0x00, 0x00, 0x00, 0x00, 0x00, 0x00, 0x00, 0x00, 0x00, 0x00, 0x00, 0x00, 0x00, 0x00, 0x00,
    0x00, 0x00, 0x00, 0x00, 0x00, 0x00, 0x00, 0x00, 0x04, 0x00, 0x00, 0x00, 0x48, 0x00, 0x22, 0x22,
    0x44, 0x84, 0x11, 0x44, 0x84, 0x41, 0x84, 0x88, 0x40, 0x88, 0x48, 0x11, 0x40, 0x18, 0x41, 0x44,
    0x00, 0x44, 0x44, 0x00, 0x00, 0x00, 0x00, 0x00, 0x00, 0x00, 0x00, 0x00, 0x00, 0x00, 0x00, 0x00,
    0x24, 0x22, 0x44, 0x11, 0x48, 0x11, 0x11, 0x84, 0x41, 0x48, 0x44, 0x44, 0x44, 0x04, 0x00, 0x00,
    0x00, 0x00, 0x00, 0x00, 0x00, 0x00, 0x00, 0x00, 0x00, 0x00, 0x00, 0x00, 0x00, 0x00, 0x00, 0x00,
    0x00, 0x00, 0x00, 0x00, 0x00, 0x00, 0x00, 0x00, 0x00, 0x00, 0x00, 0xA0, 0x00, 0x00, 0x00, 0x6A,
    0x00, 0x00, 0xA0, 0x66, 0x00, 0xA0, 0xAA, 0x66, 0x00, 0x6A, 0x95, 0x69, 0x00, 0xA0, 0x59, 0x59,
    0x00, 0x00, 0xAA, 0x0A, 0xA0, 0xAA, 0x6A, 0xA6, 0x6A, 0x66, 0x66, 0x65, 0x66, 0x55, 0x56, 0x55,
    0x56, 0x65, 0x96, 0x95, 0x55, 0x65, 0x66, 0x69, 0x55, 0x66, 0x66, 0x66, 0x66, 0x66, 0x66, 0x96,
    0x11, 0x41, 0x48, 0x44, 0x44, 0x44, 0x04, 0x00, 0x00, 0x00, 0x00, 0x00, 0x00, 0x00, 0x00, 0x00,
    0x00, 0x00, 0x00, 0x00, 0x00, 0x00, 0x00, 0x00, 0x00, 0x00, 0x00, 0x00, 0x00, 0x00, 0x00, 0x00,
    0x7A, 0x95, 0x99, 0x57, 0x90, 0x25, 0x25, 0x52, 0x00, 0x79, 0x97, 0xA9, 0x00, 0x00, 0x00, 0x00,
    0x00, 0x00, 0x00, 0xE0, 0x00, 0x00, 0x00, 0xE0, 0x00, 0x00, 0x00, 0xE0, 0x00, 0x00, 0x00, 0xE0,
    0x00, 0x00, 0x00, 0x00, 0xAA, 0x0A, 0x00, 0x00, 0x66, 0xA6, 0x00, 0x00, 0x65, 0x0A, 0x00, 0x00,
    0x69, 0x00, 0x00, 0x00, 0xA6, 0x0A, 0x00, 0x00, 0x69, 0xE9, 0x0E, 0x00, 0xA6, 0xCA, 0xEC, 0x00,
    0x00, 0x00, 0x00, 0x00, 0x00, 0x00, 0x00, 0x00, 0x00, 0x00, 0x00, 0x00, 0x00, 0x00, 0x00, 0x90,
    0x00, 0x00, 0x00, 0x90, 0x00, 0x00, 0x40, 0xA4, 0x20, 0x22, 0x22, 0xA8, 0x42, 0x14, 0x41, 0x88,
    0x00, 0x00, 0x00, 0x00, 0x00, 0x00, 0x00, 0x00, 0x00, 0x00, 0x00, 0x00, 0x00, 0x00, 0x00, 0x00,
    0x00, 0x00, 0x00, 0x00, 0x00, 0x00, 0x00, 0x00, 0x99, 0x0A, 0x00, 0x00, 0x55, 0xE7, 0x0E, 0x00,
};
static const u16 sSet1Frame0[] = {
    0x0008, 0x40E0, 0x81F3, 0x0000, 0x00C8, 0x41F3, 0x0008, 0x00F0, 0x41FB, 0x000C, 0x40D8, 0x01F3,
    0x0010, 0x80C8, 0x0003, 0x0012, 0x80F0, 0x000B, 0x0014, 0x00D8, 0x0003, 0x0016, 0x00F0, 0x01F3,
    0x0017, 0x0000,
};
static const u16 sSet1Frame1[] = {
    0x0008, 0x00BA, 0x81F3, 0x0018, 0x00DA, 0x81F3, 0x0028, 0x40FA, 0x0003, 0x0038, 0x80C2, 0x01EB,
    0x003A, 0x80CA, 0x0013, 0x003C, 0x80EA, 0x01EB, 0x003E, 0x00D2, 0x01EB, 0x0040, 0x00DA, 0x0013,
    0x0041, 0x0000,
};
static const u16 sSet1Frame2[] = {
    0x0008, 0x40E5, 0x81F9, 0x0042, 0x40F5, 0x8001, 0x004A, 0x00ED, 0x41E1, 0x0052, 0x40DD, 0x01F9,
    0x0056, 0x40F5, 0x01F1, 0x0058, 0x00DD, 0x0009, 0x005A, 0x00ED, 0x01F1, 0x005B, 0x00ED, 0x0019,
    0x005C, 0x0000,
};
static const void* const sSet1Frames[] = { sSet1Frame0, sSet1Frame1, sSet1Frame2 };

static const u16 sBattleAnim2[] = {
    0x0040, 0x0040, 0x0005, 0x0000, 0x0004, 0x0000, 0x0003, 0x0001, 0x0003, 0x0001, 0x0008, 0x0002,
    0x0004,
};
static const u16 sBattleAnim3[] = {
    0x0040, 0x0040, 0x0005, 0x0000, 0x0005, 0x0000, 0x0004, 0x0001, 0x0003, 0x0001, 0x0009, 0x0002,
    0x0005,
};
static const u16 sBattleAnim4[] = {
    0x0040, 0x0040, 0x0005, 0x0000, 0x0006, 0x0000, 0x0005, 0x0001, 0x0004, 0x0001, 0x000A, 0x0002,
    0x0005,
};
static const u16 sBattleAnim5[] = {
    0x0040, 0x0040, 0x0005, 0x0000, 0x0007, 0x0000, 0x0006, 0x0001, 0x0005, 0x0001, 0x000B, 0x0002,
    0x0005,
};
static const u16 sBattleAnim6[] = {
    0x0040, 0x0040, 0x0005, 0x0000, 0x0007, 0x0000, 0x0007, 0x0001, 0x0006, 0x0001, 0x000C, 0x0002,
    0x0005,
};
static const u8 sTiles2[] __attribute__((aligned(4))) = {
    0x44, 0x00, 0x00, 0x00, 0x42, 0x00, 0x00, 0x00, 0x42, 0x00, 0x00, 0x00, 0x42, 0x00, 0x00, 0x00,
    0x22, 0x04, 0x00, 0x00, 0x21, 0x22, 0x44, 0x44, 0x12, 0x11, 0x11, 0x22, 0x44, 0x22, 0x22, 0x11,
    0x00, 0x00, 0x00, 0x00, 0x00, 0x00, 0x00, 0x00, 0x00, 0x00, 0x00, 0x00, 0x00, 0x00, 0x00, 0x00,
    0x00, 0x00, 0x00, 0x00, 0x00, 0x00, 0x00, 0x00, 0x42, 0x44, 0x04, 0x00, 0x11, 0x21, 0x22, 0x44,
    0x90, 0x77, 0xAA, 0xA6, 0x8E, 0xAA, 0x9E, 0x5A, 0x8E, 0x88, 0xCE, 0x79, 0xCE, 0x88, 0xCE, 0x4C,
    0xE0, 0x99, 0x99, 0x99, 0x90, 0x27, 0x22, 0x22, 0x7A, 0x52, 0x77, 0x55, 0xA9, 0xAA, 0xEE, 0xEE,
    0xE9, 0xEE, 0x8A, 0x0E, 0xE8, 0x8C, 0x88, 0x0E, 0xE4, 0x8E, 0x48, 0xEC, 0xCC, 0x88, 0x88, 0xC8,
    0x99, 0x8A, 0x88, 0xCC, 0x55, 0xCA, 0xCC, 0xCC, 0xE2, 0xEE, 0xEE, 0xEE, 0x8A, 0x7A, 0x54, 0x97,
    0x00, 0x44, 0x44, 0x24, 0x00, 0x00, 0x00, 0x40, 0x00, 0x00, 0x00, 0x00, 0x00, 0x00, 0x00, 0x00,
    0x00, 0x00, 0x00, 0x00, 0x00, 0x00, 0x00, 0x00, 0x00, 0x00, 0x00, 0x00, 0x00, 0x00, 0x00, 0x00,
    0x22, 0x12, 0x11, 0x82, 0x44, 0x44, 0x22, 0x88, 0x00, 0x00, 0x44, 0xA4, 0x00, 0x00, 0x00, 0xAA,
    0x00, 0x00, 0x00, 0xA0, 0x00, 0x00, 0x90, 0xAA, 0x00, 0x00, 0x59, 0x57, 0x00, 0x00, 0x59, 0xA9,
    0xA9, 0x17, 0x84, 0x84, 0x97, 0x4E, 0x11, 0x11, 0x59, 0xE8, 0x48, 0x48, 0x7A, 0x14, 0x88, 0x88,
    0xA5, 0x8C, 0xE4, 0xE4, 0x29, 0x72, 0xCC, 0xCC, 0xAA, 0x57, 0x52, 0x27, 0xA5, 0xAA, 0x29, 0x52,
    0x4A, 0xE1, 0x75, 0xE9, 0x8E, 0x41, 0xEE, 0xEE, 0xC8, 0x14, 0x9E, 0xEC, 0xE4, 0xEE, 0xE7, 0x97,
    0xEE, 0x7B, 0x97, 0x7E, 0xE5, 0xB5, 0x7B, 0xC7, 0xE9, 0xCC, 0xC8, 0xCC, 0x4E, 0x84, 0xEC, 0xCE,
    0x00, 0x00, 0x00, 0x00, 0x00, 0x00, 0x00, 0x00, 0x00, 0x00, 0x00, 0x00, 0x00, 0x00, 0x00, 0x00,
    0x00, 0x00, 0x00, 0xE0, 0x00, 0x00, 0x00, 0xE0, 0x00, 0x00, 0x00, 0xCE, 0x00, 0x00, 0x00, 0x4E,
    0x00, 0x00, 0x79, 0x22, 0x00, 0xE0, 0xCC, 0x99, 0x00, 0xCE, 0xCC, 0xCC, 0xEE, 0xCC, 0xC4, 0xCC,
    0x8C, 0x84, 0xCB, 0x4C, 0xB4, 0xBB, 0xBB, 0x8C, 0xB8, 0xBB, 0xBB, 0xE4, 0xBC, 0xBB, 0xCB, 0xE8,
    0xB7, 0xB8, 0xA4, 0xAA, 0x8B, 0x41, 0x0B, 0xCE, 0xBC, 0xBB, 0x00, 0xE0, 0xEC, 0x00, 0x00, 0x00,
    0xE8, 0x00, 0x00, 0x00, 0x0E, 0x00, 0x00, 0x00, 0x00, 0x00, 0x00, 0x00, 0x00, 0x00, 0x00, 0x00,
    0xCB, 0xCC, 0xBB, 0xEC, 0xEE, 0x79, 0xEE, 0xEB, 0x7E, 0x54, 0xA7, 0x0E, 0x90, 0x44, 0xA7, 0x00,
    0xA9, 0x57, 0x5A, 0x0A, 0x57, 0x79, 0x29, 0x09, 0x59, 0xEA, 0x27, 0x0E, 0x7E, 0x95, 0xC5, 0x0E,
    0x00, 0x00, 0x00, 0x8E, 0x00, 0x00, 0x00, 0xE0, 0x00, 0x00, 0x00, 0x00, 0x00, 0x00, 0x00, 0x00,
    0x00, 0x00, 0x00, 0x00, 0x00, 0x00, 0x00, 0x00, 0x00, 0x00, 0x00, 0x00, 0x00, 0x00, 0x00, 0x00,
    0xC4, 0xCC, 0x4C, 0x0E, 0x8E, 0x84, 0x84, 0x0E, 0xE0, 0xEE, 0xEE, 0x00, 0x00, 0x00, 0x00, 0x00,
    0x00, 0x00, 0x00, 0x00, 0x00, 0x00, 0x00, 0x00, 0x00, 0x00, 0x00, 0x00, 0x00, 0x00, 0x00, 0x00,
    0x00, 0x00, 0x00, 0x00, 0x00, 0x00, 0x00, 0xE0, 0x00, 0x00, 0x00, 0xE0, 0x00, 0x00, 0x00, 0xE0,
    0x00, 0x00, 0x00, 0xE0, 0x00, 0x00, 0x00, 0xE0, 0x00, 0x00, 0x00, 0xE0, 0x00, 0x00, 0x00, 0xE0,
    0xCE, 0x8C, 0xCC, 0x0E, 0xCC, 0x4C, 0xCC, 0x0E, 0xCE, 0x8B, 0xBB, 0xEC, 0xBC, 0x4B, 0xBB, 0xEB,
    0xBC, 0xBB, 0xB8, 0xBB, 0xCC, 0xBB, 0xB4, 0xCB, 0xC4, 0xCC, 0xC8, 0x8C, 0x48, 0x48, 0x48, 0x48,
    0x00, 0x00, 0xA0, 0x0A, 0x00, 0x00, 0x9A, 0x65, 0x00, 0x00, 0xAA, 0x59, 0x00, 0x00, 0x00, 0x9A,
    0x00, 0x00, 0xA0, 0xAA, 0x00, 0x00, 0x9A, 0x59, 0x00, 0x00, 0x5A, 0x99, 0x00, 0xA0, 0x95, 0x59,
    0x00, 0x00, 0x0A, 0x00, 0x0A, 0x00, 0xA9, 0x00, 0xA6, 0x0A, 0x90, 0x0A, 0x65, 0x95, 0x6A, 0xA9,
    0x59, 0x56, 0x5A, 0x96, 0x95, 0x55, 0x65, 0x65, 0x55, 0x99, 0x65, 0x66, 0x59, 0x55, 0x66, 0x56,
    0x00, 0xA0, 0xAA, 0x99, 0x00, 0x00, 0x00, 0x6A, 0x00, 0x00, 0x00, 0x5A, 0x00, 0x00, 0x00, 0x6A,
    0x00, 0x00, 0x00, 0xAA, 0x00, 0x00, 0x00, 0x90, 0x00, 0x00, 0x00, 0x90, 0x00, 0x00, 0x00, 0x00,
    0x95, 0x59, 0x66, 0x66, 0x95, 0x96, 0x66, 0x66, 0x99, 0x69, 0x95, 0x66, 0x69, 0x95, 0x56, 0x69,
    0x57, 0x99, 0x56, 0x69, 0x44, 0x88, 0x69, 0x96, 0x45, 0x18, 0x95, 0x99, 0x59, 0x54, 0xA7, 0xA5,
    0x00, 0x00, 0x00, 0x00, 0x00, 0x00, 0x00, 0x00, 0x00, 0x00, 0x00, 0x00, 0xAA, 0x00, 0x00, 0x00,
    0xA6, 0x00, 0x00, 0x00, 0x69, 0xAA, 0xA6, 0x00, 0x55, 0x66, 0xA6, 0x00, 0x55, 0x66, 0x0A, 0x00,
    0x65, 0x65, 0xA6, 0x00, 0x66, 0x69, 0x55, 0x0A, 0x56, 0x96, 0x99, 0xA6, 0x56, 0x56, 0xA5, 0x09,
    0x96, 0x95, 0x69, 0x0A, 0x96, 0x59, 0x96, 0x0A, 0x96, 0x65, 0xA9, 0x00, 0xA6, 0xCA, 0xCA, 0x00,
    0x00, 0x00, 0x00, 0x00, 0x00, 0x00, 0x00, 0x00, 0x00, 0x00, 0x00, 0x00, 0x00, 0x00, 0x00, 0x00,
    0x00, 0x00, 0x00, 0x00, 0x00, 0x00, 0x00, 0x00, 0x00, 0x00, 0x00, 0x00, 0x00, 0x40, 0x04, 0x00,
    0x00, 0x24, 0x42, 0x04, 0x00, 0x24, 0x42, 0x42, 0x40, 0x22, 0x22, 0x42, 0x40, 0x12, 0x11, 0x21,
    0x24, 0x12, 0x11, 0x11, 0x24, 0x22, 0x22, 0x12, 0x40, 0x44, 0x24, 0x22, 0x00, 0x00, 0x40, 0x44,
    0x00, 0x00, 0x00, 0x00, 0x00, 0x00, 0x00, 0x00, 0x00, 0x00, 0x00, 0x00, 0x00, 0x00, 0x00, 0x00,
    0x0E, 0x00, 0x00, 0x00, 0x0E, 0x00, 0x00, 0x00, 0x00, 0x00, 0x00, 0x00, 0x00, 0x00, 0x00, 0x00,
    0x00, 0x00, 0x00, 0x00, 0x00, 0x00, 0x00, 0x00, 0x00, 0x00, 0x00, 0x00, 0x0E, 0x00, 0x00, 0x00,
    0x0E, 0x00, 0x00, 0x00, 0x0E, 0x00, 0x00, 0x00, 0x0E, 0x00, 0x00, 0x00, 0x0E, 0x00, 0x00, 0x00,
    0x00, 0x00, 0x00, 0x00, 0x00, 0x00, 0x00, 0x00, 0x00, 0x00, 0x00, 0x00, 0x00, 0x00, 0x00, 0x00,
    0x0E, 0x00, 0x00, 0x00, 0x0E, 0x00, 0x00, 0x00, 0x0E, 0x00, 0x00, 0x00, 0x0E, 0x00, 0x00, 0x00,
    0xEE, 0xEE, 0xEE, 0xEE, 0x00, 0x00, 0x00, 0x00, 0x00, 0x00, 0x00, 0x00, 0x00, 0x00, 0x00, 0x00,
    0x00, 0x00, 0x00, 0x00, 0x00, 0x00, 0x00, 0x00, 0x00, 0x00, 0x00, 0x00, 0x00, 0x00, 0x00, 0x00,
    0x00, 0x00, 0x00, 0x00, 0x00, 0x00, 0x00, 0x00, 0x00, 0x00, 0x00, 0x00, 0x00, 0x00, 0x00, 0x00,
    0x00, 0x00, 0x00, 0x00, 0x00, 0x00, 0x00, 0x00, 0x00, 0x00, 0x00, 0x00, 0x00, 0x00, 0x00, 0x90,
    0x00, 0x00, 0xA0, 0x59, 0x00, 0x00, 0x90, 0x95, 0x00, 0x00, 0x5A, 0x99, 0x00, 0x00, 0xAA, 0xAA,
    0x00, 0x00, 0x00, 0x79, 0x00, 0x00, 0x00, 0x59, 0x00, 0x00, 0x00, 0x90, 0x99, 0x77, 0x09, 0x00,
    0x69, 0x65, 0x66, 0x66, 0x65, 0x66, 0x66, 0x66, 0x66, 0x66, 0x56, 0x65, 0x66, 0x66, 0x55, 0x55,
    0x9A, 0x56, 0x59, 0x59, 0x9A, 0x56, 0x99, 0x99, 0xA7, 0x96, 0x99, 0xA9, 0xA9, 0xA9, 0x9A, 0x5A,
    0x95, 0x0A, 0x00, 0x00, 0x59, 0xA5, 0x00, 0x00, 0x96, 0xA9, 0xEC, 0x00, 0x65, 0x96, 0xCA, 0x0E,
    0x99, 0xAA, 0xCA, 0xEC, 0xAA, 0xAE, 0xCC, 0xEC, 0xEA, 0xCE, 0xCC, 0x0E, 0xCE, 0xCC, 0xEE, 0x00,
    0x00, 0x90, 0x99, 0x57, 0x00, 0x59, 0x22, 0xE9, 0x00, 0x27, 0x97, 0x85, 0x44, 0x79, 0xEA, 0x4E,
    0x88, 0x55, 0x89, 0xEE, 0x88, 0x22, 0xE7, 0x49, 0xAA, 0x99, 0x9A, 0x85, 0x00, 0x5A, 0xA9, 0x99,
    0x22, 0xE2, 0xEE, 0x00, 0xE8, 0x8E, 0x84, 0x79, 0xE4, 0x82, 0x81, 0x45, 0x81, 0xE7, 0x41, 0x7A,
    0x4E, 0xE8, 0x14, 0x8E, 0x81, 0x48, 0xEE, 0x87, 0x48, 0xEE, 0x99, 0xEA, 0xE7, 0x9E, 0x75, 0x0A,
    0xA0, 0xCA, 0xAC, 0xCC, 0xA5, 0xCC, 0xCC, 0xCC, 0x75, 0xCC, 0xCC, 0xCC, 0x97, 0xCE, 0xCC, 0xCC,
    0xCC, 0xEE, 0xEE, 0xCC, 0x84, 0x48, 0xEE, 0x7E, 0x80, 0xE8, 0xEE, 0xEE, 0xE0, 0x84, 0xCC, 0xEE,
    0xEC, 0xEE, 0xC8, 0x0C, 0xCC, 0x88, 0x88, 0xCC, 0x88, 0x88, 0x88, 0x8C, 0x8C, 0x88, 0xC8, 0x8C,
    0xC1, 0x88, 0xCC, 0x88, 0x19, 0xCC, 0xCC, 0xC4, 0x19, 0xC1, 0x4C, 0x97, 0x99, 0x41, 0x74, 0x7E,
    0x99, 0x79, 0xA2, 0x00, 0x55, 0x22, 0xA5, 0x00, 0x9A, 0x77, 0x0A, 0x00, 0x00, 0x00, 0x00, 0xE0,
    0x00, 0x00, 0x00, 0xE0, 0x00, 0x00, 0x00, 0x00, 0x00, 0x00, 0x00, 0xEE, 0x00, 0x00, 0xE0, 0x48,
    0xE0, 0x8C, 0xCC, 0xEE, 0xEE, 0x8C, 0xB8, 0xEB, 0xEE, 0xCE, 0xB4, 0xB4, 0xCC, 0xEE, 0xBB, 0xB8,
    0xEE, 0xBC, 0x81, 0x41, 0x59, 0xCE, 0xBB, 0x44, 0x79, 0xE5, 0xC5, 0xBB, 0x9B, 0x59, 0xCC, 0xCC,
    0xEE, 0x1C, 0x9C, 0xE7, 0xEE, 0xCC, 0x7C, 0x77, 0xEE, 0x5C, 0xE7, 0x88, 0xEE, 0xC5, 0x8E, 0xEC,
    0xEB, 0xEE, 0xE4, 0x7E, 0xEB, 0x44, 0x7E, 0x74, 0xCB, 0xEE, 0x5E, 0x44, 0xCC, 0xEC, 0x99, 0x57,
    0x97, 0x0E, 0x00, 0x00, 0xE9, 0x0E, 0x00, 0x00, 0xCC, 0xEE, 0x00, 0x00, 0xEE, 0xEE, 0x00, 0x00,
    0xEE, 0xEE, 0x00, 0x00, 0xEE, 0x9E, 0x09, 0x00, 0x95, 0x7E, 0xA5, 0x00, 0x55, 0x97, 0x52, 0x0A,
    0x00, 0x00, 0x4E, 0xBC, 0x00, 0x00, 0x8E, 0xCC, 0x00, 0x00, 0x4E, 0xCC, 0x00, 0x00, 0xE0, 0x48,
    0x00, 0x00, 0x00, 0xEE, 0x00, 0x00, 0x00, 0x00, 0x00, 0x00, 0x00, 0x00, 0x00, 0x00, 0x00, 0x00,
    0xBB, 0xBB, 0xCC, 0xCC, 0xBC, 0xCB, 0xCC, 0xCC, 0xCC, 0xCC, 0xCC, 0x48, 0xCC, 0xCC, 0x48, 0xEE,
    0x48, 0x48, 0xEE, 0x00, 0xEE, 0xEE, 0x00, 0x00, 0x00, 0x00, 0x00, 0x00, 0x00, 0x00, 0x00, 0x00,
    0xCC, 0xE8, 0xEE, 0xA0, 0x48, 0xEE, 0x00, 0x00, 0xEE, 0x0E, 0x00, 0x00, 0x00, 0x00, 0x00, 0x00,
    0x00, 0x00, 0x00, 0x00, 0x00, 0x00, 0x00, 0x00, 0x00, 0x00, 0x00, 0x00, 0x00, 0x00, 0x00, 0x00,
    0x57, 0xA5, 0x52, 0x09, 0xAA, 0xEE, 0x22, 0xAC, 0x7A, 0xE2, 0xC9, 0xCC, 0xA0, 0x57, 0x8A, 0xCC,
    0xE0, 0xCC, 0x4C, 0xCC, 0xE0, 0xCC, 0x8C, 0xBB, 0xE0, 0xCE, 0xBB, 0xB4, 0x00, 0xBE, 0xBB, 0x8B,
    0x00, 0x00, 0x00, 0x00, 0x00, 0x00, 0x00, 0x00, 0x00, 0x00, 0x00, 0x00, 0x00, 0x00, 0x00, 0x00,
    0x00, 0x00, 0x00, 0x00, 0x00, 0x00, 0x00, 0x00, 0x00, 0x44, 0x00, 0x40, 0x40, 0x24, 0x44, 0x24,
    0x00, 0x00, 0x00, 0x00, 0x00, 0x00, 0x00, 0x00, 0x00, 0x00, 0x00, 0x00, 0x00, 0x00, 0x00, 0x00,
    0x00, 0x00, 0x00, 0x00, 0x00, 0x00, 0x00, 0x00, 0x04, 0x00, 0x00, 0x00, 0x44, 0x00, 0x00, 0x00,
    0x40, 0x12, 0x24, 0x14, 0x40, 0x21, 0x14, 0x24, 0x40, 0x21, 0x11, 0x21, 0x24, 0x22, 0x22, 0x22,
    0x24, 0x11, 0x11, 0x11, 0x44, 0x22, 0x22, 0x22, 0x40, 0x44, 0x44, 0x44, 0x00, 0x00, 0x00, 0x00,
    0x42, 0x00, 0x00, 0x00, 0x41, 0x00, 0x00, 0x00, 0x41, 0x04, 0x00, 0x00, 0x42, 0x44, 0x44, 0x44,
    0x11, 0x11, 0x11, 0x11, 0x22, 0x22, 0x22, 0x22, 0x44, 0x44, 0x44, 0x44, 0x00, 0x00, 0x00, 0x00,
    0x00, 0x00, 0x00, 0xA0, 0x00, 0xA0, 0xAA, 0xA0, 0x00, 0xA0, 0x95, 0xAA, 0x00, 0x00, 0x59, 0xA9,
    0x00, 0x00, 0x9A, 0x55, 0x00, 0xA0, 0xAA, 0x5A, 0x00, 0x9A, 0x55, 0x99, 0x00, 0xA0, 0x9A, 0x59,
    0x0A, 0x00, 0x00, 0x00, 0xA9, 0x00, 0x00, 0x00, 0x65, 0x9A, 0xA9, 0xAA, 0x59, 0x66, 0x69, 0x66,
    0x59, 0x66, 0x56, 0x66, 0x95, 0x65, 0x56, 0x55, 0x95, 0x69, 0x56, 0x65, 0x55, 0x56, 0x66, 0x66,
    0x00, 0xCE, 0xBB, 0x4B, 0x00, 0x4E, 0xCC, 0x8C, 0x00, 0x8E, 0x84, 0x84, 0x00, 0xE0, 0xEE, 0xEE,
    0x00, 0x00, 0x00, 0x00, 0x00, 0x00, 0x00, 0x00, 0x00, 0x00, 0x00, 0x00, 0x00, 0x00, 0x00, 0x00,
    0xCB, 0xE8, 0x00, 0x00, 0x8C, 0xE4, 0x00, 0x00, 0xE4, 0x0E, 0x00, 0x00, 0x0E, 0x00, 0x00, 0x00,
    0x00, 0x00, 0x00, 0x00, 0x00, 0x00, 0x00, 0x00, 0x00, 0x00, 0x00, 0x00, 0x00, 0x00, 0x00, 0x00,
    0x00, 0x00, 0x00, 0x00, 0x00, 0x00, 0x00, 0x00, 0x0A, 0x00, 0x00, 0x00, 0xA6, 0xAA, 0x00, 0x00,
    0x69, 0xA9, 0x00, 0x00, 0xA6, 0xA9, 0x00, 0x00, 0xA5, 0x0A, 0x00, 0x00, 0x69, 0x0A, 0x00, 0x00,
    0x00, 0x00, 0x00, 0x00, 0x00, 0x00, 0x00, 0x00, 0x00, 0x00, 0x00, 0x00, 0x44, 0x44, 0x44, 0x44,
    0x11, 0x11, 0x11, 0x21, 0x22, 0x22, 0x22, 0x42, 0x44, 0x44, 0x44, 0x44, 0x00, 0x00, 0x00, 0x00,
    0x00, 0x00, 0x00, 0x00, 0x00, 0x00, 0x00, 0x00, 0x0C, 0x00, 0x00, 0x00, 0x0C, 0x00, 0x00, 0x00,
    0x00, 0x00, 0x00, 0x00, 0x0E, 0x00, 0x00, 0x00, 0x0E, 0x00, 0x00, 0x00, 0xE7, 0x00, 0x00, 0x00,
    0x00, 0x7A, 0x55, 0x77, 0x00, 0xA0, 0x9A, 0x59, 0x00, 0x00, 0x00, 0xA0, 0x00, 0x00, 0x00, 0x00,
    0x00, 0x00, 0x00, 0x00, 0x00, 0x00, 0x00, 0x00, 0x00, 0x00, 0x00, 0x00, 0x00, 0x00, 0x00, 0x00,
    0x00, 0x00, 0x00, 0x00, 0x00, 0x00, 0x00, 0x00, 0x00, 0x00, 0x00, 0x00, 0x0E, 0x00, 0x00, 0x00,
    0xEC, 0x00, 0x00, 0x00, 0xCB, 0x0E, 0x00, 0x00, 0xBB, 0x0C, 0x00, 0x00, 0xBB, 0xEC, 0x00, 0x00,
    0xDD, 0x00, 0x00, 0x00, 0xD1, 0x00, 0x00, 0x00, 0xD1, 0x00, 0x00, 0x00, 0xD4, 0x00, 0x00, 0x00,
    0x88, 0x0D, 0x00, 0x00, 0x41, 0x84, 0xDD, 0xDD, 0x14, 0x11, 0x11, 0x84, 0xDD, 0x88, 0x44, 0x11,
    0x00, 0x00, 0x00, 0x00, 0x00, 0x00, 0x00, 0x00, 0x00, 0x00, 0x00, 0x00, 0x00, 0x00, 0x00, 0x00,
    0x00, 0x00, 0x00, 0x00, 0x00, 0x00, 0x00, 0x00, 0xD8, 0xDD, 0x0D, 0x00, 0x11, 0x41, 0x88, 0xDD,
    0x90, 0x77, 0xAA, 0xA6, 0x8E, 0xAA, 0x9E, 0x5A, 0x8E, 0x88, 0xCE, 0x79, 0xCE, 0x88, 0xCE, 0x4C,
    0xE0, 0x99, 0x99, 0x99, 0x90, 0x27, 0x22, 0x22, 0x7A, 0x52, 0x77, 0x55, 0xA9, 0xAA, 0xEE, 0xEE,
    0xE9, 0xEE, 0x8A, 0x0E, 0xE8, 0x8C, 0x88, 0x0E, 0xE4, 0x8E, 0x48, 0xEC, 0xCC, 0x88, 0x88, 0xC8,
    0x99, 0x8A, 0x88, 0xCC, 0x55, 0xCA, 0xCC, 0xCC, 0xE2, 0xEE, 0xEE, 0xEE, 0x8A, 0x7A, 0x54, 0x97,
    0x00, 0xDD, 0xDD, 0x8D, 0x00, 0x00, 0x00, 0xD0, 0x00, 0x00, 0x00, 0x00, 0x00, 0x00, 0x00, 0x00,
    0x00, 0x00, 0x00, 0x00, 0x00, 0x00, 0x00, 0x00, 0x00, 0x00, 0x00, 0x00, 0x00, 0x00, 0x00, 0x00,
    0x48, 0x14, 0x11, 0x88, 0xDD, 0xDD, 0x48, 0x88, 0x00, 0x00, 0xDD, 0xAD, 0x00, 0x00, 0x00, 0xAA,
    0x00, 0x00, 0x00, 0xA0, 0x00, 0x00, 0x90, 0xAA, 0x00, 0x00, 0x59, 0x57, 0x00, 0x00, 0x59, 0xA9,
    0xA9, 0x17, 0x84, 0x84, 0x97, 0x4E, 0x11, 0x11, 0x59, 0xE8, 0x48, 0x48, 0x7A, 0x14, 0x88, 0x88,
    0xA5, 0x8C, 0xE4, 0xE4, 0x29, 0x72, 0xCC, 0xCC, 0xAA, 0x57, 0x52, 0x27, 0xA5, 0xAA, 0x29, 0x52,
    0x4A, 0xE1, 0x75, 0xE9, 0x8E, 0x41, 0xEE, 0xEE, 0xC8, 0x14, 0x9E, 0xEC, 0xE4, 0xEE, 0xE7, 0x97,
    0xEE, 0x7B, 0x97, 0x7E, 0xE5, 0xB5, 0x7B, 0xC7, 0xE9, 0xCC, 0xC8, 0xCC, 0x4E, 0x84, 0xEC, 0xCE,
    0x00, 0x00, 0x00, 0x00, 0x00, 0x00, 0x00, 0x00, 0x00, 0x00, 0x00, 0x00, 0x00, 0x00, 0x00, 0x00,
    0x00, 0x00, 0x00, 0xE0, 0x00, 0x00, 0x00, 0xE0, 0x00, 0x00, 0x00, 0xCE, 0x00, 0x00, 0x00, 0x4E,
    0x00, 0x00, 0x79, 0x22, 0x00, 0xE0, 0xCC, 0x99, 0x00, 0xCE, 0xCC, 0xCC, 0xEE, 0xCC, 0xC4, 0xCC,
    0x8C, 0x84, 0xCB, 0x4C, 0xB4, 0xBB, 0xBB, 0x8C, 0xB8, 0xBB, 0xBB, 0xE4, 0xBC, 0xBB, 0xCB, 0xE8,
    0xD7, 0xD8, 0xA4, 0xAA, 0x8D, 0x41, 0x0D, 0xCE, 0xDC, 0xDD, 0x00, 0xE0, 0xEC, 0x00, 0x00, 0x00,
    0xE8, 0x00, 0x00, 0x00, 0x0E, 0x00, 0x00, 0x00, 0x00, 0x00, 0x00, 0x00, 0x00, 0x00, 0x00, 0x00,
    0xCB, 0xCC, 0xBB, 0xEC, 0xEE, 0x79, 0xEE, 0xEB, 0x7E, 0x54, 0xA7, 0x0E, 0x90, 0x44, 0xA7, 0x00,
    0xA9, 0x57, 0x5A, 0x0A, 0x57, 0x79, 0x29, 0x09, 0x59, 0xEA, 0x27, 0x0E, 0x7E, 0x95, 0xC5, 0x0E,
    0x00, 0x00, 0x00, 0x8E, 0x00, 0x00, 0x00, 0xE0, 0x00, 0x00, 0x00, 0x00, 0x00, 0x00, 0x00, 0x00,
    0x00, 0x00, 0x00, 0x00, 0x00, 0x00, 0x00, 0x00, 0x00, 0x00, 0x00, 0x00, 0x00, 0x00, 0x00, 0x00,
    0xC4, 0xCC, 0x4C, 0x0E, 0x8E, 0x84, 0x84, 0x0E, 0xE0, 0xEE, 0xEE, 0x00, 0x00, 0x00, 0x00, 0x00,
    0x00, 0x00, 0x00, 0x00, 0x00, 0x00, 0x00, 0x00, 0x00, 0x00, 0x00, 0x00, 0x00, 0x00, 0x00, 0x00,
    0x00, 0x00, 0x00, 0x00, 0x00, 0x00, 0x00, 0xE0, 0x00, 0x00, 0x00, 0xE0, 0x00, 0x00, 0x00, 0xE0,
    0x00, 0x00, 0x00, 0xE0, 0x00, 0x00, 0x00, 0xE0, 0x00, 0x00, 0x00, 0xE0, 0x00, 0x00, 0x00, 0xE0,
    0xCE, 0x8C, 0xCC, 0x0E, 0xCC, 0x4C, 0xCC, 0x0E, 0xCE, 0x8B, 0xBB, 0xEC, 0xBC, 0x4B, 0xBB, 0xEB,
    0xBC, 0xBB, 0xB8, 0xBB, 0xCC, 0xBB, 0xB4, 0xCB, 0xC4, 0xCC, 0xC8, 0x8C, 0x48, 0x48, 0x48, 0x48,
    0x00, 0x00, 0xA0, 0xAA, 0x00, 0x00, 0x9A, 0x65, 0x00, 0x00, 0xAA, 0x59, 0x00, 0x00, 0x00, 0x9A,
    0x00, 0x00, 0xA0, 0xAA, 0x00, 0x00, 0x9A, 0x59, 0x00, 0x00, 0x5A, 0x99, 0x00, 0xA0, 0x95, 0x59,
    0x00, 0x00, 0x0A, 0x00, 0x0A, 0xA0, 0xA9, 0x00, 0xA6, 0xAA, 0x9A, 0x0A, 0x65, 0x95, 0x6A, 0xA9,
    0x59, 0x56, 0x5A, 0x96, 0x95, 0x55, 0x65, 0x65, 0x55, 0x99, 0x65, 0x66, 0x59, 0x55, 0x66, 0x56,
    0x00, 0xA0, 0xAA, 0x99, 0x00, 0x00, 0x00, 0x6A, 0x00, 0x00, 0x00, 0x5A, 0x00, 0x00, 0x00, 0x6A,
    0x00, 0x00, 0x00, 0xAA, 0x00, 0x00, 0x00, 0x90, 0x00, 0x00, 0x00, 0x90, 0x00, 0x00, 0x00, 0x00,
    0x95, 0x59, 0x66, 0x66, 0x95, 0x96, 0x66, 0x66, 0x99, 0x69, 0xA5, 0x66, 0xAA, 0xA5, 0x56, 0x6A,
    0x57, 0xAA, 0x56, 0x6A, 0x44, 0x88, 0x6A, 0xA6, 0x45, 0x18, 0xA5, 0xAA, 0x59, 0x54, 0xA7, 0xA5,
    0x00, 0x00, 0x00, 0x00, 0x00, 0x00, 0x00, 0x00, 0x00, 0x00, 0x00, 0x00, 0xAA, 0x00, 0x00, 0x00,
    0xA6, 0x00, 0x0A, 0x00, 0x69, 0xAA, 0xA6, 0x00, 0x55, 0x66, 0xA6, 0x00, 0x55, 0x66, 0x0A, 0x00,
    0x65, 0x65, 0xA6, 0x00, 0x66, 0x69, 0x55, 0x0A, 0x56, 0x96, 0x99, 0xA6, 0x56, 0x56, 0xA5, 0xA9,
    0x96, 0x95, 0x69, 0x0A, 0x96, 0x59, 0x96, 0x0A, 0x96, 0x65, 0xA9, 0x00, 0xA6, 0xCA, 0xCA, 0x00,
    0x00, 0x00, 0x00, 0x00, 0x00, 0x00, 0x00, 0x00, 0x00, 0x00, 0x00, 0x00, 0x00, 0x00, 0x00, 0x00,
    0x00, 0x00, 0x00, 0x00, 0x00, 0x00, 0x00, 0x00, 0x00, 0x00, 0x00, 0x00, 0x00, 0xD0, 0x0D, 0x00,
    0x00, 0x8D, 0xD1, 0x0D, 0x00, 0x4D, 0xD1, 0xD4, 0xD0, 0x18, 0x14, 0x81, 0xD0, 0x88, 0x48, 0x41,
    0x4D, 0x48, 0x44, 0x88, 0x8D, 0x48, 0x11, 0x11, 0xD0, 0xDD, 0x8D, 0x48, 0x00, 0x00, 0xD0, 0xDD,
};
static const u16 sSet2Frame0[] = {
    0x0007, 0x00DF, 0x81F4, 0x0000, 0x00CF, 0x41FC, 0x0010, 0x80CF, 0x000C, 0x0014, 0x80D7, 0x01EC,
    0x0016, 0x80DF, 0x0014, 0x0018, 0x00F7, 0x0014, 0x001A, 0x00FF, 0x000C, 0x001B, 0x0000,
};
static const u16 sSet2Frame1[] = {
    0x000A, 0x40DC, 0x81F6, 0x001C, 0x40EC, 0x81FE, 0x0024, 0x00DC, 0x41DE, 0x002C, 0x40D4, 0x01FE,
    0x0030, 0x40FC, 0x0016, 0x0032, 0x00D4, 0x000E, 0x0034, 0x00E4, 0x01EE, 0x0035, 0x00E4, 0x0016,
    0x0036, 0x00EC, 0x01F6, 0x0037, 0x00F4, 0x001E, 0x0038, 0x0000,
};
static const u16 sSet2Frame2[] = {
    0x0007, 0x00DF, 0x81F4, 0x0039, 0x00CF, 0x41FC, 0x0049, 0x80CF, 0x000C, 0x004D, 0x80D7, 0x01EC,
    0x004F, 0x80DF, 0x0014, 0x0018, 0x00F7, 0x0014, 0x001A, 0x00FF, 0x000C, 0x001B, 0x0000,
};
static const void* const sSet2Frames[] = { sSet2Frame0, sSet2Frame1, sSet2Frame2 };

static const u16 sBattleAnim7[] = {
    0x0040, 0x0040, 0x0005, 0x0000, 0x0003, 0x0000, 0x0006, 0x0001, 0x0003, 0x0001, 0x000F, 0x0002,
    0x0006,
};
static const u16 sBattleAnim8[] = {
    0x0040, 0x0040, 0x0005, 0x0000, 0x0004, 0x0000, 0x0007, 0x0001, 0x0003, 0x0001, 0x000F, 0x0002,
    0x0006,
};
static const u16 sBattleAnim9[] = {
    0x0040, 0x0040, 0x0005, 0x0000, 0x0005, 0x0000, 0x0008, 0x0001, 0x0004, 0x0001, 0x000F, 0x0002,
    0x0006,
};
static const u16 sBattleAnim10[] = {
    0x0040, 0x0040, 0x0005, 0x0000, 0x0006, 0x0000, 0x0009, 0x0001, 0x0005, 0x0001, 0x000F, 0x0002,
    0x0006,
};
static const u16 sBattleAnim11[] = {
    0x0040, 0x0040, 0x0005, 0x0000, 0x0007, 0x0000, 0x000A, 0x0001, 0x0005, 0x0001, 0x000F, 0x0002,
    0x0006,
};
static const u8 sTiles3[] __attribute__((aligned(4))) = {
    0x00, 0x00, 0x00, 0xE0, 0x00, 0x00, 0x00, 0x00, 0x00, 0x00, 0x00, 0xEE, 0x00, 0x00, 0xE0, 0xB3,
    0x00, 0x00, 0xCE, 0x5B, 0x00, 0xE0, 0x8C, 0xBC, 0x00, 0xC0, 0xCE, 0x88, 0x00, 0xA0, 0x77, 0xBE,
    0x11, 0xE1, 0xBC, 0xCB, 0xEE, 0xCE, 0xCC, 0xEE, 0xBC, 0x99, 0xCC, 0xEC, 0x9B, 0xE7, 0xC9, 0x5C,
    0x79, 0x7E, 0xC9, 0x3E, 0xE9, 0xE7, 0x79, 0xCE, 0x9C, 0x99, 0xCC, 0xCE, 0x48, 0xCC, 0xEC, 0xE0,
    0x5E, 0xBB, 0xEE, 0x00, 0xB3, 0xBB, 0x8B, 0x0E, 0xB7, 0xBB, 0xC8, 0x0E, 0xCC, 0xBB, 0xB8, 0x0E,
    0xCC, 0x8C, 0xBC, 0x0E, 0xCC, 0x8C, 0xBC, 0x75, 0xCC, 0xE8, 0xEB, 0x54, 0xEE, 0xBE, 0xEC, 0x45,
    0x00, 0x00, 0x00, 0x00, 0x00, 0x00, 0x00, 0x00, 0x00, 0x00, 0x00, 0x00, 0x00, 0x00, 0x00, 0x00,
    0x00, 0x00, 0x00, 0x00, 0x00, 0x00, 0x00, 0x00, 0x07, 0x70, 0x07, 0x00, 0x75, 0x2A, 0x75, 0x07,
    0x00, 0x00, 0x57, 0xE5, 0x00, 0x00, 0xA0, 0x7A, 0x00, 0x00, 0x00, 0xA0, 0x00, 0x00, 0x00, 0x00,
    0x00, 0x00, 0x00, 0x00, 0x00, 0x00, 0x00, 0x00, 0x00, 0x00, 0x00, 0x00, 0x00, 0x00, 0x00, 0xE0,
    0xEE, 0x44, 0xE4, 0x0E, 0x55, 0xEE, 0x5E, 0xEC, 0x7A, 0x57, 0x52, 0xCC, 0x70, 0x25, 0x75, 0xCC,
    0xE0, 0x57, 0xC7, 0xCC, 0x00, 0x4E, 0xCC, 0xCC, 0xEE, 0xC4, 0xCC, 0xCC, 0x4C, 0xCB, 0xCC, 0xCC,
    0x00, 0xEE, 0x7E, 0x45, 0xEE, 0x00, 0x00, 0x57, 0xCC, 0x0E, 0x00, 0x70, 0xCB, 0xE8, 0x00, 0x00,
    0xCB, 0xE8, 0x00, 0x00, 0x4C, 0xE8, 0x00, 0x00, 0x4C, 0x0E, 0x00, 0x00, 0xE8, 0x00, 0x00, 0xE0,
    0x54, 0x57, 0x52, 0xEA, 0x55, 0x75, 0x52, 0xCA, 0x77, 0x7A, 0x55, 0xCC, 0xA0, 0x55, 0xC5, 0xCC,
    0x00, 0xAA, 0xCC, 0xCC, 0xE0, 0x4E, 0xCC, 0xCC, 0xBE, 0xC8, 0xCC, 0xCC, 0xBB, 0xB4, 0xCC, 0xCC,
    0x00, 0x00, 0x00, 0x6A, 0x00, 0x00, 0x00, 0xA0, 0x00, 0x6A, 0xA6, 0xAA, 0x00, 0xA0, 0x56, 0x65,
    0xD0, 0xDD, 0x6A, 0x55, 0x4D, 0x18, 0xA4, 0x6A, 0xD0, 0x8D, 0x6A, 0x96, 0x40, 0xAD, 0x65, 0x56,
    0xAA, 0x00, 0x00, 0x00, 0xA5, 0xAA, 0x00, 0x00, 0x56, 0xA6, 0xA6, 0x0A, 0x69, 0xA5, 0x66, 0x66,
    0x96, 0x66, 0x66, 0x66, 0x96, 0x69, 0x66, 0x55, 0x69, 0x66, 0x66, 0x56, 0x66, 0x66, 0x66, 0x66,
    0x88, 0x60, 0xAA, 0x65, 0x08, 0xA0, 0xA0, 0xA5, 0x04, 0x00, 0xA7, 0xA6, 0x08, 0x70, 0xA2, 0x7A,
    0x08, 0xA0, 0x55, 0x47, 0x80, 0xA0, 0x57, 0x57, 0x40, 0x88, 0xAA, 0x75, 0x00, 0x88, 0x84, 0x55,
    0x6A, 0x65, 0x69, 0x66, 0xA7, 0x56, 0x96, 0x65, 0x57, 0x5A, 0x95, 0x56, 0xA4, 0xA7, 0x56, 0x6A,
    0x84, 0x58, 0xAA, 0x6A, 0x84, 0x51, 0x77, 0xAA, 0x45, 0x75, 0x7A, 0x7A, 0x77, 0xA7, 0x5A, 0xEE,
    0x00, 0x00, 0xE0, 0xAA, 0x00, 0x00, 0x00, 0x8E, 0x00, 0x00, 0x00, 0xE0, 0x00, 0x00, 0x00, 0x00,
    0x00, 0x00, 0x00, 0x00, 0x00, 0x00, 0x00, 0x00, 0x00, 0x00, 0x00, 0x00, 0x00, 0x00, 0x00, 0x00,
    0xA5, 0xCA, 0xCC, 0x88, 0xEA, 0xCC, 0x8C, 0x88, 0xEA, 0xCC, 0x88, 0x88, 0xE0, 0xCC, 0x8C, 0x88,
    0x00, 0xEE, 0xCC, 0x88, 0x00, 0x00, 0xEE, 0xCC, 0x00, 0x00, 0x00, 0xCE, 0x00, 0x00, 0x00, 0xCE,
    0xCC, 0xEE, 0x0E, 0x00, 0xE8, 0xCC, 0xEE, 0xEE, 0x88, 0xCC, 0xEC, 0xCC, 0xC8, 0xCC, 0xCC, 0xCC,
    0xCC, 0xCC, 0xCC, 0x88, 0xCC, 0xCC, 0x4C, 0xEE, 0xCC, 0xCC, 0xE4, 0xCC, 0xCC, 0x4C, 0xCE, 0xCB,
    0x00, 0x00, 0x00, 0x00, 0x0E, 0x00, 0x00, 0x00, 0xE8, 0x00, 0x00, 0x00, 0xE8, 0x00, 0x00, 0x00,
    0x0E, 0x00, 0x00, 0x00, 0x00, 0x00, 0x00, 0x00, 0x0E, 0x00, 0x00, 0x00, 0xEE, 0xEE, 0x00, 0x00,
    0x00, 0x00, 0x00, 0xCE, 0x00, 0x00, 0x00, 0xBE, 0x00, 0x00, 0x00, 0xBE, 0x00, 0x00, 0x00, 0xCE,
    0x00, 0x00, 0x00, 0xE0, 0x00, 0x00, 0x00, 0x00, 0x00, 0x00, 0x00, 0x00, 0x00, 0x00, 0x00, 0x00,
    0x8B, 0xBB, 0xCB, 0x8C, 0xB4, 0xBB, 0xCB, 0xE4, 0xB4, 0xBB, 0xCC, 0xE8, 0xB8, 0xCB, 0x8C, 0x0E,
    0x4E, 0x48, 0xE8, 0x00, 0xE0, 0xEE, 0x0E, 0x00, 0x00, 0x00, 0x00, 0x00, 0x00, 0x00, 0x00, 0x00,
    0x0E, 0x00, 0x00, 0xE0, 0x00, 0x00, 0x00, 0xE0, 0x00, 0x00, 0x00, 0xE0, 0x00, 0x00, 0x00, 0x00,
    0x00, 0x00, 0x00, 0x00, 0x00, 0x00, 0x00, 0x00, 0x00, 0x00, 0x00, 0x00, 0x00, 0x00, 0x00, 0x00,
    0x8B, 0xBB, 0xCC, 0x8C, 0x4C, 0xBB, 0xCB, 0x4C, 0xC4, 0xBB, 0x8C, 0xE8, 0x4E, 0x84, 0x88, 0x0E,
    0xE0, 0xEE, 0xEE, 0x00, 0x00, 0x00, 0x00, 0x00, 0x00, 0x00, 0x00, 0x00, 0x00, 0x00, 0x00, 0x00,
    0x00, 0x00, 0x00, 0x00, 0x00, 0x00, 0x00, 0x00, 0x00, 0x00, 0x00, 0x00, 0x0A, 0x00, 0x00, 0x00,
    0xA5, 0x00, 0x00, 0x00, 0x56, 0x0A, 0x00, 0x44, 0x55, 0xAA, 0x44, 0x12, 0x66, 0x66, 0xAA, 0x21,
    0x00, 0x00, 0x00, 0x00, 0x00, 0x00, 0x00, 0x44, 0x00, 0x00, 0x44, 0x12, 0x00, 0x44, 0x12, 0x44,
    0x44, 0x22, 0x44, 0x12, 0x12, 0x21, 0x12, 0x42, 0x21, 0x42, 0x24, 0x21, 0x22, 0x00, 0x40, 0x42,
    0xEE, 0x00, 0x00, 0x00, 0xCB, 0x0E, 0x00, 0x00, 0xBB, 0xE8, 0x00, 0x00, 0xCB, 0xE8, 0x00, 0x00,
    0x4C, 0xE8, 0x00, 0x00, 0x8C, 0xEC, 0x00, 0x00, 0xC8, 0x0E, 0x00, 0x00, 0xE4, 0x00, 0x00, 0x00,
    0x0E, 0x00, 0x00, 0x00, 0x0E, 0x00, 0x00, 0x00, 0x00, 0x00, 0x00, 0x00, 0x00, 0x00, 0x00, 0x00,
    0x00, 0x00, 0x00, 0x00, 0x00, 0x00, 0x00, 0x00, 0x00, 0x00, 0x00, 0x00, 0x00, 0x00, 0x00, 0x00,
    0x44, 0x00, 0x00, 0x00, 0x22, 0x04, 0x00, 0x00, 0x44, 0x42, 0x00, 0x00, 0x21, 0x21, 0x04, 0x00,
    0x41, 0x22, 0x04, 0x00, 0x44, 0x44, 0x00, 0x00, 0x44, 0x00, 0x00, 0x00, 0x00, 0x00, 0x00, 0x00,
    0x66, 0x55, 0xA6, 0x22, 0x95, 0x65, 0x2A, 0x00, 0x95, 0xA6, 0x00, 0x00, 0x95, 0xA6, 0x0A, 0x00,
    0xAA, 0xCA, 0xEC, 0x00, 0xE7, 0xCC, 0xCC, 0x0E, 0xEE, 0xCC, 0xCC, 0x0E, 0xCC, 0xCC, 0xEC, 0x00,
    0x00, 0x00, 0x00, 0x00, 0x00, 0x00, 0x00, 0x00, 0x00, 0x00, 0x00, 0x00, 0x00, 0x00, 0x00, 0x00,
    0x00, 0x00, 0x00, 0x22, 0x00, 0x00, 0x20, 0x22, 0x00, 0x00, 0x22, 0x22, 0x00, 0x22, 0x22, 0x12,
    0x00, 0x00, 0x00, 0x00, 0x00, 0x00, 0x00, 0x20, 0x00, 0x22, 0x22, 0x22, 0x20, 0x22, 0x11, 0x11,
    0x22, 0x12, 0x11, 0x11, 0x12, 0x11, 0x11, 0x11, 0x11, 0x11, 0x11, 0x11, 0x11, 0x11, 0x11, 0x11,
    0x00, 0x00, 0xAA, 0x22, 0x22, 0xAA, 0x6A, 0xAA, 0x12, 0x6A, 0x6A, 0x65, 0x11, 0x91, 0x96, 0x56,
    0xA1, 0x56, 0x99, 0x56, 0x11, 0x6A, 0x65, 0x59, 0x11, 0xA2, 0x96, 0x69, 0x21, 0x22, 0x6A, 0x65,
    0xAA, 0x66, 0xAA, 0x22, 0x66, 0x56, 0x65, 0xA6, 0x69, 0x69, 0x56, 0x65, 0x96, 0x66, 0x66, 0x65,
    0x95, 0x66, 0x55, 0x66, 0x66, 0x66, 0x66, 0x66, 0x66, 0x66, 0x96, 0x69, 0x6A, 0x69, 0x66, 0x95,
    0x20, 0x22, 0x12, 0x11, 0x22, 0x22, 0x11, 0x11, 0x22, 0x12, 0x11, 0x11, 0x22, 0x11, 0x11, 0x11,
    0x12, 0x11, 0x11, 0x11, 0x11, 0x11, 0x11, 0x11, 0x11, 0x11, 0x11, 0x11, 0x11, 0x11, 0x11, 0x11,
    0x11, 0x11, 0x11, 0x11, 0x11, 0x11, 0x11, 0x22, 0x11, 0x11, 0x21, 0x22, 0x11, 0x11, 0x21, 0x22,
    0x11, 0x11, 0x22, 0x22, 0x11, 0x11, 0x22, 0x22, 0x11, 0x21, 0x22, 0x22, 0x11, 0x21, 0x22, 0x22,
    0x22, 0x22, 0x56, 0xA6, 0x22, 0xA2, 0xA6, 0x7A, 0x22, 0xA2, 0x7A, 0x47, 0x22, 0x44, 0x70, 0x45,
    0x22, 0x04, 0x00, 0x57, 0x42, 0x04, 0x00, 0x7E, 0x42, 0x00, 0x00, 0x4E, 0x42, 0x00, 0x00, 0xCE,
    0x5A, 0x96, 0x55, 0x66, 0xA6, 0x65, 0x69, 0x55, 0xAA, 0x56, 0x9A, 0x59, 0x88, 0x5A, 0x5A, 0xA6,
    0x18, 0x65, 0xAA, 0xC6, 0x55, 0xA7, 0x87, 0xCA, 0x77, 0x7A, 0x87, 0xEE, 0xE4, 0x5E, 0xEE, 0x57,
    0x11, 0x11, 0x11, 0x11, 0x11, 0x11, 0x11, 0x11, 0x12, 0x11, 0x11, 0x11, 0x22, 0x22, 0x11, 0x11,
    0x22, 0x22, 0x22, 0x22, 0x24, 0x22, 0x22, 0x22, 0x42, 0x44, 0x44, 0x44, 0x24, 0x22, 0x12, 0x11,
    0x11, 0x22, 0x22, 0x22, 0x11, 0x22, 0x22, 0x22, 0x11, 0x22, 0x22, 0x22, 0x11, 0x22, 0x22, 0x22,
    0x22, 0x22, 0x22, 0x22, 0x22, 0x44, 0x44, 0x44, 0x22, 0x22, 0x12, 0x21, 0x11, 0x11, 0x21, 0x42,
    0x44, 0x00, 0xE0, 0xEC, 0x04, 0x70, 0x77, 0xE5, 0x04, 0x57, 0xE2, 0x8E, 0xA4, 0x25, 0x4E, 0x18,
    0xA4, 0x77, 0xE8, 0xEE, 0x44, 0x25, 0xEA, 0x41, 0x88, 0x7A, 0x75, 0x45, 0x48, 0x57, 0x72, 0x74,
    0x1E, 0xE4, 0x77, 0x45, 0x8E, 0xE1, 0x45, 0x54, 0x52, 0x44, 0x5E, 0x77, 0x84, 0x1E, 0xAE, 0xEA,
    0x48, 0x48, 0x2E, 0x85, 0x88, 0xEE, 0x55, 0x47, 0x14, 0xE4, 0x77, 0xEA, 0x54, 0x77, 0x25, 0xC7,
    0x11, 0x11, 0x21, 0x22, 0x42, 0x44, 0x44, 0x44, 0x04, 0x00, 0x00, 0x00, 0x00, 0x00, 0x00, 0x00,
    0x00, 0x00, 0x00, 0x00, 0x00, 0x00, 0x00, 0x00, 0x00, 0x00, 0x00, 0x00, 0x00, 0x00, 0x00, 0x00,
    0x42, 0x44, 0x44, 0x44, 0x04, 0x00, 0x00, 0x00, 0x00, 0x00, 0x00, 0x00, 0x00, 0x00, 0x00, 0x00,
    0x00, 0x00, 0x00, 0x00, 0x00, 0x00, 0x00, 0x00, 0x00, 0x00, 0x00, 0x00, 0x00, 0x00, 0x00, 0x00,
    0x44, 0x7A, 0x25, 0x22, 0x00, 0xA0, 0x57, 0x77, 0x00, 0x00, 0xAA, 0xAA, 0x00, 0x00, 0x00, 0x4A,
    0x00, 0x00, 0x00, 0x5A, 0x00, 0x00, 0x00, 0x70, 0x00, 0x00, 0x00, 0x00, 0x00, 0x00, 0x00, 0x00,
    0x22, 0x22, 0x52, 0x5A, 0x77, 0x77, 0x75, 0xCA, 0xAA, 0xAA, 0xAA, 0xCC, 0xE7, 0x8B, 0xCC, 0xCC,
    0xE4, 0xCB, 0x48, 0xE4, 0x55, 0xBE, 0xEE, 0x0E, 0x57, 0xE7, 0x00, 0x00, 0x5A, 0xE7, 0x07, 0x00,
    0xE7, 0xCE, 0xE8, 0x00, 0xEE, 0x8C, 0x0E, 0x00, 0xEC, 0xEC, 0x00, 0x00, 0xCE, 0xEE, 0xEE, 0x00,
    0x48, 0x88, 0xC4, 0xEE, 0xEE, 0xEC, 0x88, 0xEE, 0xCE, 0xDC, 0x8B, 0x8E, 0xCC, 0x1D, 0x4D, 0x8E,
    0x00, 0x00, 0x00, 0x00, 0x00, 0x00, 0x00, 0x00, 0x00, 0x00, 0x00, 0x00, 0x00, 0x00, 0x00, 0x00,
    0x00, 0x00, 0x00, 0xE0, 0x0E, 0x00, 0x00, 0xCE, 0x0E, 0x00, 0xE7, 0xCB, 0x0E, 0x70, 0x55, 0x8B,
    0xDC, 0xD8, 0x8D, 0x8E, 0xD3, 0x81, 0xD4, 0xE8, 0xDE, 0x84, 0xDD, 0xEB, 0xEE, 0xDD, 0xB8, 0x7E,
    0x00, 0xEE, 0xCC, 0x7E, 0x00, 0xE0, 0xEE, 0x00, 0x00, 0x00, 0x00, 0x00, 0x00, 0x00, 0x00, 0x00,
    0x0E, 0x2A, 0xC2, 0xBC, 0x77, 0x5A, 0x52, 0xCC, 0x44, 0xA5, 0x25, 0xCC, 0x75, 0xA7, 0x55, 0xCE,
    0x0A, 0x00, 0xAA, 0x00, 0x00, 0x00, 0x00, 0x00, 0x00, 0x00, 0x00, 0x00, 0x00, 0x00, 0x00, 0x00,
    0x00, 0x00, 0x00, 0x00, 0x00, 0x00, 0x00, 0xA0, 0xEE, 0xEE, 0x0E, 0xA0, 0x84, 0x84, 0xE8, 0xEE,
    0xB4, 0xBB, 0x4B, 0x88, 0xC8, 0xBB, 0xBB, 0xCB, 0x8C, 0xBC, 0xBB, 0xCC, 0x4C, 0xCC, 0xCC, 0xCC,
    0x7A, 0x57, 0x72, 0x00, 0x27, 0x22, 0xA5, 0x00, 0x25, 0x55, 0xA5, 0x00, 0x8C, 0xC7, 0xCC, 0x0E,
    0xC8, 0xCC, 0xBC, 0x0E, 0xCC, 0xCC, 0xCC, 0x0E, 0xCC, 0xCC, 0x88, 0x0E, 0xCC, 0x84, 0xC8, 0x0E,
    0xCE, 0xC8, 0xCC, 0x48, 0xE0, 0x4C, 0x88, 0xEC, 0x00, 0xEE, 0xEE, 0x0E, 0x00, 0x00, 0x00, 0x00,
    0x00, 0x00, 0x00, 0x00, 0x00, 0x00, 0x00, 0x00, 0x00, 0x00, 0x00, 0x00, 0x00, 0x00, 0x00, 0x00,
    0x88, 0xEE, 0xEE, 0x00, 0xEE, 0x00, 0x00, 0x00, 0x00, 0x00, 0x00, 0x00, 0x00, 0x00, 0x00, 0x00,
    0x00, 0x00, 0x00, 0x00, 0x00, 0x00, 0x00, 0x00, 0x00, 0x00, 0x00, 0x00, 0x00, 0x00, 0x00, 0x00,
    0x42, 0x44, 0x44, 0x44, 0x22, 0x42, 0x44, 0x44, 0x4A, 0x04, 0x00, 0x00, 0xA6, 0x0A, 0x00, 0x00,
    0x56, 0xA5, 0x00, 0x00, 0x55, 0xA6, 0x00, 0x00, 0x65, 0x0A, 0x00, 0x00, 0x66, 0x0A, 0x00, 0x00,
    0x44, 0x04, 0x00, 0x00, 0x04, 0x00, 0x00, 0x00, 0x00, 0x00, 0x00, 0x00, 0x00, 0x00, 0x00, 0x00,
    0x00, 0x00, 0x00, 0x00, 0x00, 0x00, 0x00, 0x00, 0x00, 0x00, 0x00, 0x00, 0x00, 0x00, 0x00, 0x00,
    0x84, 0xEC, 0xEC, 0x0E, 0xCC, 0xE4, 0xCC, 0xEC, 0xCC, 0x8C, 0xCC, 0xCC, 0xCC, 0x4C, 0xCC, 0xCC,
    0xCC, 0xCC, 0xC8, 0xCC, 0xCE, 0xCC, 0xC8, 0xCC, 0xBE, 0xCC, 0xC8, 0xEC, 0xBE, 0xCB, 0x4C, 0xEC,
    0x00, 0x00, 0x00, 0x00, 0x00, 0x00, 0x00, 0x00, 0x0E, 0x00, 0x00, 0x00, 0x0E, 0x00, 0x00, 0x00,
    0x0E, 0x00, 0x00, 0x00, 0x0E, 0x00, 0x00, 0x00, 0x00, 0x00, 0x00, 0x00, 0x00, 0x00, 0x00, 0x00,
    0x00, 0x00, 0x00, 0x00, 0x00, 0x00, 0x00, 0x20, 0x00, 0x00, 0x00, 0x22, 0x00, 0x00, 0x20, 0x22,
    0x00, 0x00, 0x22, 0x22, 0x00, 0x20, 0x22, 0x22, 0x00, 0x20, 0x22, 0x12, 0x00, 0x22, 0x22, 0x11,
    0x20, 0x22, 0x22, 0x11, 0x20, 0x22, 0x22, 0x12, 0x22, 0x22, 0x22, 0x22, 0x22, 0x22, 0x22, 0x22,
    0x22, 0x22, 0x22, 0x44, 0x42, 0x42, 0x44, 0x11, 0x24, 0x41, 0x21, 0x24, 0x24, 0x44, 0x42, 0x44,
    0xAA, 0x00, 0x00, 0x00, 0xA6, 0x00, 0x00, 0x00, 0x65, 0x0A, 0x00, 0x00, 0xAA, 0x0A, 0x00, 0x00,
    0xCC, 0xE0, 0x00, 0x00, 0xCC, 0x8E, 0x0E, 0x00, 0xCE, 0xCE, 0xE8, 0x00, 0xE7, 0xCE, 0xE8, 0x00,
    0x00, 0x00, 0x00, 0x00, 0x00, 0x00, 0x00, 0x00, 0x00, 0x00, 0x00, 0x00, 0x00, 0x00, 0x00, 0x00,
    0xEE, 0x0E, 0x00, 0x00, 0xC8, 0xEC, 0x00, 0x00, 0xC8, 0xEC, 0x00, 0x00, 0xC8, 0xEC, 0x0E, 0x00,
    0x24, 0x22, 0x12, 0x11, 0x24, 0x11, 0x21, 0x22, 0x40, 0x44, 0x44, 0x44, 0x00, 0x00, 0x00, 0x00,
    0x00, 0x00, 0x00, 0x00, 0x00, 0x00, 0x00, 0x00, 0x00, 0x00, 0x00, 0x00, 0x00, 0x00, 0x00, 0x00,
    0x00, 0x00, 0x00, 0x00, 0x00, 0x00, 0x00, 0x00, 0x00, 0x00, 0x00, 0x00, 0x00, 0x00, 0x00, 0xE0,
    0x00, 0x00, 0x00, 0xE0, 0x00, 0x00, 0x00, 0xE0, 0x00, 0x00, 0x00, 0xE0, 0x00, 0x00, 0x00, 0xE0,
    0xE0, 0xBB, 0x8C, 0x0E, 0x00, 0xEE, 0xEE, 0x00, 0x00, 0x00, 0x00, 0x00, 0x00, 0x00, 0x00, 0x00,
    0x00, 0x00, 0x00, 0x00, 0x00, 0x00, 0x00, 0x00, 0x00, 0x00, 0x00, 0x00, 0x00, 0x00, 0x00, 0x00,
    0x00, 0x00, 0x00, 0xA0, 0x00, 0x00, 0x00, 0x00, 0x00, 0x00, 0x00, 0x00, 0x00, 0x00, 0x00, 0x00,
    0x00, 0x00, 0x00, 0xA0, 0x00, 0x00, 0x00, 0x6A, 0x00, 0x00, 0x00, 0x90, 0x00, 0x00, 0x00, 0x90,
    0xA5, 0x0A, 0x00, 0xAA, 0x65, 0xA6, 0x66, 0x66, 0x6A, 0x55, 0x69, 0x56, 0xA0, 0x56, 0x95, 0x66,
    0x6A, 0x55, 0x95, 0x69, 0x55, 0x55, 0x55, 0x65, 0x59, 0x95, 0x55, 0x66, 0x55, 0x55, 0x69, 0x56,
    0xAA, 0x00, 0x00, 0x00, 0x66, 0x99, 0x00, 0x00, 0x55, 0x66, 0xAA, 0x00, 0x55, 0x65, 0x99, 0x0A,
    0x56, 0x65, 0x96, 0xA9, 0x66, 0x66, 0x66, 0x96, 0x66, 0x56, 0x65, 0x06, 0x66, 0x96, 0x69, 0x0A,
    0x00, 0x00, 0x00, 0x00, 0x00, 0x00, 0x00, 0x00, 0x00, 0x00, 0x00, 0x00, 0x00, 0x00, 0x00, 0x00,
    0x00, 0x00, 0x00, 0x00, 0x0A, 0x00, 0x00, 0x00, 0x00, 0x00, 0x00, 0x00, 0x00, 0x00, 0x00, 0x00,
    0x00, 0x00, 0x00, 0x5A, 0x00, 0x00, 0x00, 0x6A, 0x04, 0x00, 0x00, 0x00, 0x48, 0x04, 0x00, 0x00,
    0x14, 0x48, 0x00, 0x00, 0x14, 0x04, 0x00, 0x00, 0x41, 0x00, 0x00, 0x00, 0x48, 0x04, 0x00, 0x00,
    0xA5, 0x65, 0x69, 0x96, 0xAA, 0xA5, 0xA6, 0x66, 0xA0, 0xA6, 0xA5, 0x66, 0x00, 0x4A, 0x84, 0xA8,
    0x00, 0x59, 0x84, 0x51, 0x00, 0x90, 0x45, 0x75, 0x00, 0x00, 0x79, 0x97, 0x00, 0xE0, 0xA8, 0xAA,
    0x65, 0x66, 0x96, 0xA6, 0x59, 0x65, 0x96, 0xAA, 0x96, 0x69, 0xA6, 0xCC, 0x66, 0x9A, 0xA9, 0xCC,
    0x6A, 0xAA, 0xCA, 0xEE, 0xAA, 0xEA, 0x8C, 0x88, 0x7A, 0xC8, 0x88, 0x88, 0x57, 0xC8, 0x88, 0x88,
    0x00, 0x00, 0x00, 0x00, 0x00, 0x00, 0x00, 0x00, 0x0E, 0x00, 0x00, 0x00, 0xEC, 0x00, 0x00, 0x00,
    0xEE, 0x00, 0x00, 0x00, 0x0E, 0x00, 0x00, 0x00, 0xE8, 0x00, 0x00, 0x00, 0xE8, 0x00, 0x00, 0x00,
    0x41, 0x48, 0x04, 0x00, 0x14, 0x41, 0x48, 0x04, 0x44, 0x14, 0x41, 0x48, 0x00, 0x44, 0x14, 0x41,
    0x00, 0x00, 0x44, 0x14, 0x00, 0x00, 0x00, 0x44, 0x00, 0x00, 0x00, 0x00, 0x00, 0x00, 0x00, 0x90,
    0x00, 0x8E, 0x88, 0xCC, 0x00, 0x8E, 0x88, 0xCC, 0x04, 0xE0, 0xCC, 0x99, 0x48, 0x9A, 0x79, 0x57,
    0x81, 0x99, 0xA2, 0xEA, 0x88, 0x57, 0x7A, 0x45, 0xA4, 0x95, 0x9A, 0x15, 0x97, 0x5A, 0xB8, 0x18,
    0x59, 0xC4, 0x85, 0x88, 0x4C, 0x3C, 0xC3, 0xCC, 0x49, 0x5A, 0xCC, 0xCC, 0x97, 0xA9, 0xCC, 0xEC,
    0xAA, 0xEE, 0x57, 0x95, 0xAE, 0x84, 0x45, 0xE7, 0xA8, 0x14, 0x9E, 0xCE, 0xE4, 0x1E, 0xE8, 0xBC,
    0xCC, 0x0E, 0x00, 0x00, 0xCE, 0xE8, 0x00, 0x00, 0x8E, 0xE8, 0x00, 0x00, 0xE8, 0x0E, 0x00, 0x00,
    0xEE, 0xEC, 0x00, 0x00, 0xCC, 0xEC, 0x00, 0x00, 0x9C, 0x97, 0x0E, 0x00, 0x77, 0x7E, 0x07, 0x00,
    0x00, 0x00, 0x00, 0xA0, 0x00, 0x00, 0x00, 0xA0, 0x00, 0x00, 0x00, 0x00, 0x00, 0x00, 0x00, 0x00,
    0x00, 0x00, 0x00, 0x00, 0x00, 0x00, 0x00, 0x00, 0x00, 0x00, 0x00, 0x00, 0x00, 0x00, 0x00, 0x00,
    0x52, 0xE9, 0x14, 0xE4, 0x25, 0x97, 0x8E, 0x81, 0x9A, 0x52, 0xA7, 0xEE, 0xE0, 0x5A, 0x22, 0x95,
    0x8E, 0xAC, 0x99, 0xB9, 0xCE, 0x48, 0xBB, 0xCB, 0xE0, 0xBC, 0x44, 0x84, 0x00, 0xEE, 0xBB, 0xCC,
    0x78, 0x8E, 0xE4, 0xBC, 0x48, 0xE8, 0xCE, 0xBB, 0xEE, 0xEE, 0xCE, 0x7B, 0xE9, 0xEE, 0x5E, 0xB5,
    0xCC, 0xC4, 0xCE, 0xBB, 0x8C, 0xE8, 0xE0, 0x44, 0x88, 0xEC, 0xE0, 0xEC, 0x4E, 0x0E, 0x00, 0xCE,
    0x97, 0xE7, 0xE9, 0x00, 0xC5, 0x97, 0xEC, 0x00, 0xBB, 0x8C, 0xEC, 0x00, 0xBB, 0xC8, 0xCE, 0x0E,
    0x44, 0xEE, 0xBE, 0x0E, 0xCE, 0xBB, 0xEC, 0x00, 0xBB, 0xEC, 0x0E, 0x00, 0x7E, 0x75, 0xA9, 0x99,
    0x00, 0x00, 0x00, 0x00, 0x00, 0x00, 0x00, 0x00, 0x00, 0x00, 0x00, 0x00, 0x00, 0x00, 0x00, 0x00,
    0x00, 0x00, 0x00, 0xEE, 0x00, 0x00, 0xE0, 0x84, 0x00, 0x00, 0x8E, 0xBB, 0x00, 0x00, 0x4E, 0xBB,
    0x00, 0x90, 0xEE, 0xEE, 0x00, 0x00, 0x59, 0xB4, 0x00, 0x00, 0x90, 0xBB, 0x00, 0x00, 0x90, 0x1C,
    0xEE, 0x0E, 0xA0, 0xC5, 0x48, 0xE8, 0xEE, 0x29, 0xBB, 0x4B, 0x48, 0xCC, 0xBB, 0xBB, 0xCC, 0xCC,
    0x88, 0x0B, 0x00, 0xE0, 0xB8, 0x00, 0x00, 0x00, 0xB4, 0x0B, 0x00, 0x00, 0x8B, 0xB4, 0x00, 0x00,
    0x14, 0x0B, 0x00, 0x00, 0xEE, 0xEE, 0x00, 0x00, 0xCC, 0xCC, 0x0E, 0x00, 0xCC, 0xCC, 0x0E, 0x00,
    0x59, 0x54, 0x95, 0x5A, 0xA0, 0x59, 0x75, 0x2A, 0x00, 0xA0, 0x57, 0x29, 0x00, 0x90, 0x9A, 0x25,
    0x00, 0xA0, 0x92, 0xA9, 0x00, 0xA0, 0x59, 0x8C, 0x00, 0x8E, 0xCC, 0x4C, 0x00, 0x4E, 0xCC, 0xBC,
    0x00, 0x00, 0x8E, 0xBB, 0x00, 0x00, 0xE0, 0xB4, 0x00, 0x00, 0xE0, 0x8E, 0x00, 0x00, 0x00, 0x4E,
    0x00, 0x00, 0x00, 0xE0, 0x00, 0x00, 0x00, 0x00, 0x00, 0x00, 0x00, 0x00, 0x00, 0x00, 0x00, 0x00,
    0xBB, 0xBB, 0xCC, 0xCC, 0xBB, 0xCB, 0xCC, 0xCC, 0xCC, 0xCC, 0x8C, 0x84, 0x48, 0x48, 0x48, 0xEE,
    0xEE, 0xEE, 0xEE, 0x00, 0x00, 0x00, 0x00, 0x00, 0x00, 0x00, 0x00, 0x00, 0x00, 0x00, 0x00, 0x00,
    0xCC, 0xCC, 0x0E, 0x00, 0xCC, 0x4C, 0x0E, 0x00, 0x84, 0x84, 0x0E, 0x00, 0xEE, 0xEE, 0x00, 0x00,
    0x00, 0x00, 0x00, 0x00, 0x00, 0x00, 0x00, 0x00, 0x00, 0x00, 0x00, 0x00, 0x00, 0x00, 0x00, 0x00,
    0x00, 0xE0, 0xC8, 0xBB, 0x00, 0xE0, 0x4C, 0xBB, 0x00, 0x00, 0x8E, 0xBC, 0x00, 0x00, 0x4E, 0xCC,
    0x00, 0x00, 0xE0, 0x48, 0x00, 0x00, 0x00, 0xEE, 0x00, 0x00, 0x00, 0x00, 0x00, 0x00, 0x00, 0x00,
    0x00, 0x00, 0x00, 0x00, 0x00, 0x00, 0x40, 0x04, 0x00, 0x40, 0x44, 0x41, 0x40, 0x84, 0x11, 0x44,
    0x84, 0x48, 0x44, 0x81, 0x84, 0x44, 0x48, 0x11, 0x40, 0x14, 0x44, 0x48, 0x00, 0x44, 0x14, 0x44,
    0x00, 0x00, 0x44, 0x14, 0x00, 0x00, 0x00, 0x44, 0x00, 0x00, 0x00, 0x00, 0x00, 0x00, 0x00, 0x00,
    0x00, 0x00, 0x00, 0x00, 0x00, 0x00, 0x00, 0x00, 0x00, 0x00, 0x00, 0x00, 0x00, 0x00, 0x00, 0x00,
    0x09, 0x00, 0x00, 0x00, 0xA5, 0x00, 0x00, 0x00, 0xA5, 0x00, 0x00, 0x00, 0xC7, 0x00, 0x00, 0x00,
    0xCC, 0x00, 0x00, 0x00, 0xCC, 0x0C, 0x00, 0x00, 0xBB, 0xEC, 0x00, 0x00, 0xB8, 0xCB, 0x0E, 0x00,
    0xB4, 0xBB, 0x0C, 0x00, 0x8B, 0xBB, 0xEC, 0x00, 0x4B, 0xCB, 0xE4, 0x00, 0xCC, 0x48, 0xE8, 0x00,
    0x48, 0xE8, 0x0E, 0x00, 0xEE, 0x0E, 0x00, 0x00, 0x00, 0x00, 0x00, 0x00, 0x00, 0x00, 0x00, 0x00,
};
static const u16 sSet3Frame0[] = {
    0x0008, 0x40EA, 0x81F2, 0x0000, 0x00D2, 0x41EA, 0x0008, 0x40E2, 0x41EA, 0x000C, 0x40FA, 0x41F2,
    0x0010, 0x40D2, 0x01FA, 0x0014, 0x80F2, 0x0012, 0x0016, 0x00D2, 0x000A, 0x0018, 0x00DA, 0x01FA,
    0x0019, 0x0000,
};
static const u16 sSet3Frame1[] = {
    0x000B, 0x00D5, 0x81E8, 0x001A, 0x00E5, 0x4008, 0x002A, 0x00F5, 0x41F8, 0x002E, 0x40D5, 0x0008,
    0x0032, 0x40ED, 0x0018, 0x0034, 0x80DD, 0x01E0, 0x0036, 0x00DD, 0x0008, 0x0038, 0x00E5, 0x0018,
    0x0039, 0x00ED, 0x01E0, 0x003A, 0x00F5, 0x01F0, 0x003B, 0x00F5, 0x0018, 0x003C, 0x0000,
};
static const u16 sSet3Frame2[] = {
    0x0004, 0x00D2, 0x81F1, 0x003D, 0x40F2, 0x81F1, 0x004D, 0x80DA, 0x01E9, 0x0055, 0x80F2, 0x0011,
    0x0057, 0x0000,
};
static const void* const sSet3Frames[] = { sSet3Frame0, sSet3Frame1, sSet3Frame2 };

static const u16 sBattleAnim12[] = {
    0x0040, 0x0040, 0x0006, 0x0000, 0x0003, 0x0000, 0x0004, 0x0000, 0x0003, 0x0001, 0x0005, 0x0001,
    0x0008, 0x0002, 0x0005,
};
static const u16 sBattleAnim13[] = {
    0x0040, 0x0040, 0x0006, 0x0000, 0x0003, 0x0000, 0x0005, 0x0000, 0x0004, 0x0001, 0x0005, 0x0001,
    0x0008, 0x0002, 0x0005,
};
static const u16 sBattleAnim14[] = {
    0x0040, 0x0040, 0x0006, 0x0000, 0x0004, 0x0000, 0x0006, 0x0000, 0x0005, 0x0001, 0x0005, 0x0001,
    0x0008, 0x0002, 0x0005,
};
static const u16 sBattleAnim15[] = {
    0x0040, 0x0040, 0x0006, 0x0000, 0x0005, 0x0000, 0x0007, 0x0000, 0x0006, 0x0001, 0x0006, 0x0001,
    0x0008, 0x0002, 0x0005,
};
static const u16 sBattleAnim16[] = {
    0x0040, 0x0040, 0x0006, 0x0000, 0x0006, 0x0000, 0x0007, 0x0000, 0x0007, 0x0001, 0x0006, 0x0001,
    0x0008, 0x0002, 0x0005,
};
static const u8 sTiles4[] __attribute__((aligned(4))) = {
    0x00, 0x00, 0x00, 0x00, 0x00, 0x00, 0x00, 0x00, 0x00, 0x00, 0x00, 0x00, 0x00, 0x00, 0x00, 0x00,
    0x00, 0x00, 0x00, 0x00, 0x00, 0x00, 0x00, 0xAA, 0x00, 0x00, 0x00, 0x6A, 0x00, 0x00, 0xA0, 0x9A,
    0x00, 0x00, 0x00, 0x00, 0x00, 0x00, 0x00, 0x00, 0x00, 0x00, 0x00, 0x00, 0x00, 0xAA, 0xAA, 0xAA,
    0xAA, 0x66, 0x56, 0x55, 0x66, 0x66, 0x55, 0x56, 0x66, 0x55, 0x66, 0x55, 0x66, 0x56, 0x56, 0x65,
    0x00, 0x00, 0x00, 0x00, 0x00, 0x00, 0x00, 0x70, 0x00, 0x00, 0xE0, 0x5A, 0x00, 0x00, 0x1E, 0xE5,
    0x0A, 0x00, 0xAE, 0xEA, 0xA6, 0xEE, 0x57, 0x74, 0xA6, 0xCC, 0x5E, 0x77, 0xA6, 0xCC, 0xEC, 0xAA,
    0x77, 0x77, 0x00, 0x00, 0x25, 0x52, 0x77, 0x07, 0xE2, 0xEE, 0x2E, 0x75, 0xEE, 0x48, 0xE8, 0x25,
    0xE8, 0x84, 0x11, 0x27, 0x51, 0x88, 0x4E, 0xA5, 0x81, 0x4E, 0xE1, 0xA7, 0x48, 0x8E, 0x84, 0x5A,
    0x00, 0x00, 0xA0, 0x96, 0x00, 0xA0, 0x56, 0x65, 0x00, 0x00, 0x6A, 0x99, 0x00, 0x00, 0xA0, 0x95,
    0x00, 0x00, 0x5A, 0x96, 0x00, 0x00, 0xAA, 0x6A, 0x00, 0xE0, 0xCE, 0x5A, 0x00, 0x8E, 0xCC, 0x6C,
    0x69, 0x66, 0x66, 0x66, 0x99, 0x99, 0x66, 0x96, 0x65, 0x99, 0x66, 0x56, 0x96, 0x65, 0x69, 0x65,
    0x99, 0x95, 0x96, 0x56, 0xA5, 0x96, 0x65, 0x9A, 0x7A, 0x7A, 0x5A, 0x9A, 0x5A, 0x45, 0xA5, 0xA6,
    0x66, 0xCA, 0xEC, 0x72, 0x69, 0xCA, 0xAC, 0x25, 0x96, 0xEA, 0x8E, 0x77, 0x65, 0xEA, 0x40, 0x00,
    0x55, 0xA6, 0x80, 0x08, 0x69, 0x66, 0x0A, 0x08, 0xA6, 0x0A, 0x00, 0x04, 0x0A, 0x00, 0x00, 0x0D,
    0xEE, 0xEA, 0x5E, 0x77, 0x52, 0x77, 0x57, 0x52, 0x77, 0x25, 0x22, 0xA7, 0x00, 0x77, 0x77, 0x0A,
    0x00, 0x00, 0x00, 0x00, 0x00, 0x00, 0x00, 0x00, 0x00, 0x00, 0x00, 0x00, 0x00, 0x00, 0x00, 0x00,
    0x00, 0x8E, 0xCC, 0xCC, 0x00, 0xE0, 0xE8, 0xEE, 0x00, 0xE0, 0xBC, 0xCB, 0x00, 0x9E, 0xEE, 0xBE,
    0xE0, 0xE7, 0xEE, 0xEE, 0xE0, 0xE7, 0x57, 0xE7, 0x9E, 0xEE, 0x47, 0xEE, 0xCE, 0xEE, 0x77, 0xCE,
    0x8C, 0x75, 0xA7, 0x6A, 0x88, 0x88, 0xCA, 0xAC, 0x8E, 0x88, 0xC8, 0x7E, 0xCE, 0x88, 0xCC, 0x5E,
    0xEC, 0xEE, 0xCC, 0x7E, 0x8E, 0xE4, 0xEE, 0xE0, 0xCC, 0xCC, 0xE8, 0x00, 0xCC, 0xCC, 0x4C, 0x0E,
    0xCE, 0xEC, 0xE7, 0xCC, 0xE0, 0xCC, 0xE5, 0xCC, 0x00, 0xEE, 0xE2, 0xCC, 0x00, 0x5E, 0xEC, 0xCC,
    0x00, 0x7E, 0xEE, 0xEE, 0x00, 0xE0, 0xCC, 0xEC, 0x00, 0xE0, 0xCC, 0xCC, 0x00, 0xE0, 0xCE, 0xAC,
    0xCC, 0xCC, 0xCC, 0x0E, 0xCC, 0xCC, 0xCC, 0x0E, 0xCC, 0xCC, 0xEC, 0x0E, 0xCC, 0xCC, 0xCE, 0x0E,
    0xCC, 0xEE, 0xEB, 0x00, 0xEE, 0xEE, 0xEE, 0x00, 0x4E, 0xE7, 0x00, 0x00, 0x75, 0x0A, 0x00, 0x00,
    0x00, 0x00, 0xEE, 0x7E, 0x00, 0x00, 0x5E, 0x72, 0x00, 0xE0, 0x5C, 0xA2, 0x00, 0xE0, 0xAC, 0x75,
    0x00, 0xE0, 0xCC, 0xCC, 0x00, 0xCE, 0xCC, 0x4C, 0x00, 0xCE, 0xCC, 0x8C, 0x00, 0xCE, 0xBC, 0xBB,
    0x75, 0x00, 0x00, 0x00, 0x57, 0x0A, 0x00, 0x00, 0x27, 0x0A, 0x00, 0x00, 0x52, 0x07, 0x00, 0x00,
    0xA5, 0x00, 0x00, 0x00, 0xEE, 0x00, 0x00, 0x00, 0xCB, 0x0E, 0x00, 0x00, 0xB4, 0xEC, 0x00, 0x00,
    0x00, 0xCE, 0xBB, 0xBB, 0x00, 0xCE, 0xBC, 0xBB, 0x00, 0x8E, 0xCC, 0xBB, 0x00, 0xE0, 0x84, 0x84,
    0x00, 0xE0, 0xEE, 0xEE, 0x00, 0x00, 0x00, 0x00, 0x00, 0x00, 0x00, 0x00, 0x00, 0x00, 0x00, 0x00,
    0x8B, 0xEB, 0x00, 0x00, 0x4B, 0xEC, 0x00, 0x00, 0x8B, 0xEC, 0x00, 0x00, 0x84, 0xE4, 0x00, 0x00,
    0xEE, 0x0E, 0x00, 0x00, 0x00, 0x00, 0x00, 0x00, 0x00, 0x00, 0x00, 0x00, 0x00, 0x00, 0x00, 0x00,
    0x22, 0x22, 0x00, 0x00, 0x11, 0x84, 0x22, 0x22, 0x48, 0x11, 0x11, 0x84, 0x20, 0x82, 0x48, 0x11,
    0x00, 0x00, 0x20, 0x42, 0x00, 0x00, 0x00, 0x12, 0x00, 0x00, 0x00, 0x12, 0x00, 0x00, 0x00, 0x42,
    0x00, 0x00, 0x00, 0x00, 0x00, 0x00, 0x00, 0x00, 0x22, 0x22, 0x00, 0x00, 0x11, 0x84, 0x22, 0x02,
    0x44, 0x11, 0x41, 0x28, 0x44, 0x44, 0x44, 0x24, 0x14, 0x41, 0x44, 0x02, 0x48, 0x81, 0x41, 0x02,
    0x00, 0x00, 0x00, 0x22, 0x00, 0x00, 0x00, 0x00, 0x00, 0x00, 0x00, 0x00, 0x00, 0x00, 0x00, 0x00,
    0x00, 0x00, 0x00, 0x00, 0x00, 0x00, 0x00, 0x00, 0x00, 0x00, 0x00, 0x00, 0x00, 0x00, 0x00, 0x00,
    0x22, 0x18, 0x24, 0x00, 0x00, 0x22, 0x22, 0x00, 0x00, 0x00, 0x00, 0x00, 0x00, 0x00, 0x00, 0x00,
    0x00, 0x00, 0x00, 0x00, 0x00, 0x00, 0x00, 0x00, 0x00, 0x00, 0x00, 0x00, 0x00, 0x00, 0x00, 0x00,
    0x00, 0x00, 0x00, 0x00, 0x00, 0x00, 0x00, 0x00, 0x07, 0x00, 0x00, 0x00, 0x07, 0x00, 0x00, 0x00,
    0x75, 0x00, 0x00, 0x00, 0x75, 0x00, 0x00, 0x00, 0xA7, 0x22, 0x00, 0x00, 0x8A, 0x88, 0x22, 0x22,
    0x8A, 0x14, 0x11, 0x84, 0xD0, 0x82, 0x48, 0x11, 0x00, 0x00, 0x20, 0x82, 0x00, 0x00, 0x00, 0x00,
    0x00, 0x00, 0x00, 0x00, 0x00, 0x00, 0x00, 0x00, 0x00, 0x00, 0x00, 0x00, 0x00, 0x00, 0x00, 0x00,
    0xE5, 0x0E, 0xD0, 0xD8, 0xEE, 0xE4, 0xD0, 0xD1, 0x4A, 0x8A, 0xDE, 0xD4, 0x15, 0xE5, 0x0E, 0x0D,
    0x4E, 0xA2, 0x0E, 0x00, 0x84, 0xAE, 0x00, 0x00, 0xEE, 0x0A, 0x00, 0x00, 0x00, 0x00, 0x00, 0x00,
    0x00, 0x00, 0x00, 0x00, 0x00, 0x00, 0x00, 0x00, 0x00, 0x00, 0x00, 0xA0, 0x00, 0x00, 0x00, 0x00,
    0x00, 0x00, 0x00, 0x00, 0x00, 0x00, 0x00, 0x00, 0x00, 0x00, 0x00, 0x00, 0x00, 0x00, 0x00, 0x00,
    0x00, 0x00, 0xAA, 0x00, 0x00, 0x00, 0x6A, 0xAA, 0x66, 0xAA, 0x6A, 0x65, 0x6A, 0x55, 0x96, 0x56,
    0xA0, 0x56, 0x65, 0x69, 0x00, 0xAA, 0x66, 0x99, 0xA0, 0x66, 0x99, 0x66, 0x56, 0x96, 0x66, 0x66,
    0x00, 0x00, 0x00, 0x00, 0x00, 0x00, 0x00, 0x00, 0x6A, 0xAA, 0x00, 0x00, 0x6A, 0x66, 0xA6, 0x00,
    0x66, 0x66, 0x66, 0x0A, 0x66, 0x56, 0x56, 0xA6, 0x66, 0x56, 0x55, 0xA6, 0x66, 0x66, 0x55, 0x66,
    0x00, 0x00, 0x00, 0x00, 0x00, 0x00, 0x00, 0x00, 0x00, 0x00, 0x00, 0x00, 0x00, 0x00, 0x00, 0x00,
    0x00, 0x00, 0x00, 0x00, 0x00, 0x00, 0xE0, 0xEE, 0x0A, 0x00, 0x7A, 0x84, 0xA6, 0x7E, 0x44, 0x1A,
    0x00, 0x00, 0x00, 0xA0, 0x00, 0x00, 0x00, 0x00, 0x00, 0x00, 0x00, 0x00, 0x00, 0x00, 0x00, 0x00,
    0x00, 0x00, 0x00, 0x00, 0x77, 0x55, 0x07, 0x00, 0x22, 0x22, 0x72, 0x00, 0xEE, 0x8E, 0x5E, 0x00,
    0xAA, 0x5A, 0x95, 0x66, 0x00, 0x65, 0x6A, 0x5A, 0xA0, 0xA6, 0x5A, 0x5A, 0xA0, 0x7A, 0xA7, 0xA6,
    0x00, 0x70, 0x85, 0xA8, 0x00, 0x70, 0x85, 0xA1, 0x00, 0x00, 0x77, 0x75, 0xA0, 0xEA, 0xEE, 0x8A,
    0x69, 0x66, 0x66, 0x55, 0xA6, 0x65, 0x65, 0x56, 0xA5, 0x65, 0x95, 0xA5, 0xA6, 0x55, 0x96, 0xA6,
    0xAA, 0x56, 0x6A, 0xCA, 0x65, 0x6A, 0xCA, 0xCA, 0x5A, 0xAA, 0xCE, 0xEC, 0xA8, 0x77, 0xEE, 0xEC,
    0xCA, 0x5C, 0x75, 0x47, 0xCA, 0x7C, 0xA7, 0x88, 0xCC, 0xEC, 0xEA, 0xAE, 0xCC, 0xEC, 0xE8, 0x7E,
    0xCC, 0xEE, 0xE8, 0x71, 0xCC, 0xCC, 0x8C, 0x0E, 0xCC, 0xCC, 0x8C, 0xEE, 0xCC, 0xCC, 0xE4, 0x9E,
    0x2E, 0x18, 0xA8, 0x77, 0x58, 0x1E, 0x54, 0x45, 0x81, 0x4E, 0xE1, 0x77, 0x44, 0x8E, 0xE4, 0xAA,
    0xE8, 0xEE, 0x7E, 0xDA, 0xE4, 0x75, 0x55, 0x0A, 0x7E, 0x57, 0xA2, 0x00, 0x55, 0x22, 0xA5, 0x00,
    0x77, 0xE7, 0xCC, 0x88, 0x44, 0xE5, 0xCC, 0x8C, 0x55, 0xE7, 0xCC, 0xCC, 0x77, 0xEA, 0xCC, 0xEC,
    0x88, 0x00, 0xEE, 0x0E, 0x80, 0x04, 0x00, 0x00, 0x00, 0x88, 0x08, 0x00, 0x00, 0x00, 0x48, 0xD8,
    0x88, 0xE8, 0xEE, 0xEC, 0x88, 0xE8, 0xCE, 0xEC, 0x88, 0xCC, 0xCC, 0xEC, 0xEE, 0xCE, 0xCC, 0x1E,
    0xA0, 0xE7, 0xEE, 0xEE, 0xD0, 0xCB, 0x53, 0xC7, 0x4D, 0xED, 0xBC, 0xAC, 0x8D, 0xED, 0xEE, 0x57,
    0xCC, 0xCC, 0xE4, 0x79, 0xCC, 0x44, 0xCE, 0x9C, 0x11, 0xEE, 0xCC, 0xBB, 0xEE, 0xEE, 0xCC, 0xBC,
    0xE3, 0xCE, 0xCE, 0x5C, 0xCC, 0xEE, 0xEC, 0xC3, 0xAA, 0xCC, 0xEC, 0xCE, 0x5A, 0xCA, 0xCC, 0xEE,
    0x7A, 0x55, 0x0A, 0x00, 0x00, 0x00, 0x00, 0x00, 0x00, 0x00, 0x00, 0x00, 0x00, 0x00, 0x00, 0x00,
    0x00, 0x00, 0x00, 0x00, 0x00, 0x00, 0x00, 0x00, 0x00, 0x00, 0x00, 0x00, 0x00, 0x00, 0x00, 0x00,
    0x00, 0x00, 0x00, 0x1D, 0x00, 0x00, 0x00, 0xD0, 0x00, 0x00, 0x00, 0x00, 0x00, 0x00, 0x00, 0x00,
    0x00, 0x00, 0x00, 0x00, 0x00, 0x00, 0x00, 0x00, 0x00, 0x00, 0x00, 0x00, 0x00, 0x00, 0x00, 0x00,
    0x18, 0xD4, 0x00, 0xAA, 0x4D, 0xD4, 0x00, 0x5A, 0xD0, 0x0D, 0x00, 0xA0, 0x00, 0x00, 0x00, 0x00,
    0x00, 0x00, 0x00, 0x00, 0x00, 0x00, 0x00, 0x00, 0x00, 0x00, 0x00, 0x00, 0x00, 0x00, 0x00, 0x00,
    0x25, 0xC7, 0xCC, 0xE4, 0x72, 0xCC, 0xCC, 0xE8, 0xA7, 0xC8, 0xCC, 0xE4, 0xE0, 0xC4, 0xCC, 0xE8,
    0xE0, 0xC8, 0xCC, 0xE4, 0xE0, 0xB4, 0xCC, 0xE8, 0x8E, 0xBB, 0xCB, 0xE4, 0x4E, 0xBB, 0xCB, 0xE8,
    0x00, 0x00, 0x00, 0x00, 0x00, 0x00, 0x00, 0x00, 0x00, 0x00, 0x00, 0x00, 0x00, 0x00, 0x00, 0x00,
    0x00, 0x44, 0x00, 0x40, 0x40, 0x24, 0x44, 0x24, 0x40, 0x12, 0x24, 0x14, 0x40, 0x21, 0x14, 0x24,
    0x00, 0x00, 0x00, 0x00, 0x00, 0x00, 0x00, 0x00, 0x00, 0x00, 0x00, 0x00, 0x00, 0x00, 0x00, 0x00,
    0x04, 0x00, 0x00, 0x00, 0x44, 0x00, 0x00, 0x00, 0x42, 0x00, 0x00, 0x00, 0x41, 0x00, 0x00, 0x00,
    0x40, 0x21, 0x11, 0x21, 0x24, 0x22, 0x22, 0x22, 0x24, 0x11, 0x11, 0x11, 0x44, 0x22, 0x22, 0x22,
    0x40, 0x44, 0x44, 0x44, 0x00, 0x00, 0x00, 0x00, 0x00, 0x00, 0x00, 0x00, 0x00, 0x00, 0x00, 0x00,
    0x41, 0x04, 0x00, 0x00, 0x42, 0x44, 0x44, 0x44, 0x11, 0x11, 0x11, 0x11, 0x22, 0x22, 0x22, 0x22,
    0x44, 0x44, 0x44, 0x44, 0x00, 0x00, 0x00, 0x00, 0x00, 0x00, 0x00, 0x00, 0x00, 0x00, 0x00, 0x00,
    0x4A, 0xA7, 0x00, 0x00, 0xEA, 0x75, 0x00, 0x00, 0x78, 0xA7, 0x00, 0x00, 0x57, 0x0A, 0x00, 0x00,
    0xAA, 0x00, 0x00, 0x00, 0x00, 0x00, 0x00, 0x00, 0xEE, 0xEE, 0x00, 0x00, 0xE7, 0x99, 0xEE, 0x0E,
    0x00, 0x00, 0x00, 0x00, 0x00, 0x00, 0x00, 0x00, 0x00, 0x00, 0x00, 0x00, 0x00, 0x00, 0x00, 0x00,
    0x00, 0x00, 0x00, 0x00, 0x00, 0x00, 0x00, 0x00, 0x00, 0x00, 0x00, 0xE0, 0x00, 0x00, 0xE0, 0x8E,
    0x9E, 0x7E, 0xE9, 0xE8, 0x77, 0x77, 0xC9, 0xE8, 0x99, 0x99, 0x8B, 0xEB, 0xB7, 0xBB, 0xC8, 0xEB,
    0xBB, 0x4B, 0xBC, 0x5E, 0xCC, 0xC4, 0xBC, 0x7E, 0x4C, 0xEC, 0xCB, 0x0E, 0xEE, 0xEC, 0xEC, 0x00,
    0x00, 0xA0, 0xCA, 0x4B, 0x00, 0x2A, 0xC5, 0x8C, 0xA7, 0x57, 0x72, 0xCC, 0x44, 0x75, 0x52, 0xCC,
    0x75, 0xAA, 0x55, 0xCC, 0x0A, 0x00, 0xAA, 0xCC, 0x00, 0x00, 0x00, 0xCE, 0x00, 0x00, 0x00, 0xE0,
    0x00, 0x00, 0x00, 0x00, 0x44, 0x44, 0x44, 0x44, 0x11, 0x11, 0x11, 0x21, 0x22, 0x22, 0x22, 0x42,
    0x44, 0x44, 0x44, 0x44, 0x00, 0x00, 0x00, 0x00, 0x00, 0x00, 0x00, 0x00, 0x00, 0x00, 0x00, 0x00,
    0x00, 0x25, 0x75, 0x8E, 0x44, 0x57, 0x5A, 0x41, 0x88, 0x55, 0xDA, 0x14, 0x88, 0x22, 0xD5, 0x8E,
    0xAA, 0x77, 0x75, 0x84, 0x00, 0x5A, 0x57, 0x18, 0x00, 0x5A, 0x75, 0xE7, 0x00, 0xA0, 0x7A, 0x57,
    0x00, 0xEE, 0xEE, 0x00, 0x00, 0x00, 0x00, 0x00, 0x00, 0x00, 0x00, 0x00, 0x00, 0x00, 0x00, 0x00,
    0x00, 0x00, 0x00, 0x00, 0x00, 0x00, 0x00, 0x00, 0x00, 0x00, 0x00, 0x00, 0x00, 0x00, 0x00, 0x00,
    0x00, 0x00, 0x00, 0xBE, 0x00, 0x00, 0x00, 0xBE, 0x00, 0x00, 0x00, 0xBE, 0x00, 0x00, 0x00, 0xCE,
    0x00, 0x00, 0x00, 0xE0, 0x00, 0x00, 0x00, 0x00, 0x00, 0x00, 0x00, 0x00, 0x00, 0x00, 0x00, 0x00,
    0x00, 0x00, 0x00, 0x00, 0x00, 0x00, 0x00, 0x00, 0x00, 0x00, 0x00, 0x00, 0x00, 0x00, 0x00, 0x00,
    0x00, 0x00, 0x00, 0x00, 0x00, 0x00, 0x00, 0x00, 0xEE, 0x00, 0x00, 0x00, 0xCE, 0x0E, 0x00, 0x00,
    0xCE, 0x0E, 0x00, 0x00, 0xCC, 0xEC, 0x00, 0x00, 0xE4, 0xEC, 0x00, 0x00, 0x8C, 0xCE, 0x0E, 0x00,
    0x4C, 0xCE, 0x0E, 0x00, 0xCC, 0xC8, 0x0E, 0x00, 0xCC, 0x4C, 0xEC, 0x00, 0xCB, 0x8C, 0xEC, 0x00,
    0x00, 0x00, 0x00, 0x00, 0x00, 0x00, 0x00, 0x00, 0x00, 0x00, 0x00, 0x00, 0x00, 0x00, 0x00, 0x00,
    0x00, 0x00, 0x00, 0x00, 0x00, 0x00, 0x00, 0x00, 0xEE, 0x0E, 0x00, 0x00, 0x4E, 0xA8, 0x00, 0x00,
    0x00, 0x00, 0x00, 0x00, 0x00, 0x00, 0x00, 0x00, 0x00, 0x00, 0x00, 0x00, 0x00, 0x00, 0x00, 0x00,
    0x00, 0x00, 0x00, 0x00, 0x00, 0x00, 0x00, 0x70, 0x00, 0x70, 0x77, 0x55, 0x00, 0x57, 0x22, 0xE2,
    0x00, 0x00, 0x00, 0xA0, 0x00, 0x00, 0x00, 0x00, 0x00, 0x00, 0x00, 0x00, 0x00, 0x00, 0x00, 0x00,
    0x00, 0x00, 0x00, 0x00, 0x00, 0x00, 0x00, 0x00, 0x00, 0x00, 0x00, 0x00, 0x00, 0x00, 0x00, 0x00,
    0xBB, 0x4C, 0xEC, 0x00, 0xBB, 0xCC, 0xE8, 0x00, 0xBB, 0xCC, 0xE4, 0x00, 0xBB, 0xCC, 0xE8, 0x00,
    0xCC, 0x4C, 0x0E, 0x00, 0xEE, 0xEE, 0x00, 0x00, 0x00, 0x00, 0x00, 0x00, 0x00, 0x00, 0x00, 0x00,
    0x8E, 0xBB, 0xCB, 0xE4, 0x4E, 0xBC, 0xCC, 0xE8, 0xE0, 0xCC, 0x4C, 0x0E, 0x00, 0xEE, 0xEE, 0x00,
    0x00, 0x00, 0x00, 0x00, 0x00, 0x00, 0x00, 0x00, 0x00, 0x00, 0x00, 0x00, 0x00, 0x00, 0x00, 0x00,
    0x00, 0x00, 0x00, 0xA0, 0x00, 0x00, 0x00, 0x00, 0x00, 0x00, 0x00, 0x00, 0x00, 0x00, 0x00, 0x00,
    0x00, 0x00, 0x00, 0xA0, 0x00, 0x00, 0x00, 0x6A, 0x00, 0x00, 0x00, 0x90, 0x00, 0x00, 0x00, 0x90,
    0xA5, 0x0A, 0x00, 0xAA, 0x65, 0xA6, 0x66, 0x66, 0x6A, 0x55, 0x69, 0x56, 0xA0, 0x56, 0x95, 0x66,
    0x6A, 0x55, 0x95, 0x69, 0x55, 0x55, 0x55, 0x65, 0x59, 0x95, 0x55, 0x66, 0x55, 0x55, 0x69, 0x56,
    0xAA, 0x00, 0x00, 0x00, 0x66, 0x99, 0x00, 0x00, 0x55, 0x66, 0xAA, 0x00, 0x55, 0x65, 0x99, 0x0A,
    0x56, 0x65, 0x96, 0xA9, 0x66, 0x66, 0x66, 0x96, 0x66, 0x56, 0x65, 0x06, 0x66, 0x96, 0x69, 0x0A,
    0x00, 0x00, 0x00, 0x00, 0x00, 0x00, 0x00, 0x00, 0x00, 0x00, 0x00, 0x00, 0x00, 0x00, 0x00, 0x00,
    0x00, 0x00, 0x00, 0x00, 0x0A, 0x00, 0x00, 0x00, 0x00, 0x00, 0x00, 0x00, 0x00, 0x00, 0x00, 0x00,
    0x00, 0x00, 0x00, 0x5A, 0x00, 0x00, 0x00, 0x6A, 0x04, 0x00, 0x00, 0x00, 0x48, 0x04, 0x00, 0x00,
    0x14, 0x48, 0x00, 0x00, 0x14, 0x04, 0x00, 0x00, 0x41, 0x00, 0x00, 0x00, 0x48, 0x04, 0x00, 0x00,
    0xA5, 0x65, 0x69, 0x96, 0xAA, 0xA5, 0xA6, 0x66, 0xA0, 0xA6, 0xA5, 0x66, 0x00, 0x4A, 0x84, 0xA8,
    0x00, 0x59, 0x84, 0x51, 0x00, 0x90, 0x45, 0x75, 0x00, 0x00, 0x79, 0x97, 0x00, 0xE0, 0xA8, 0xAA,
    0x65, 0x66, 0x96, 0xA6, 0x59, 0x65, 0x96, 0xAA, 0x96, 0x69, 0xA6, 0xCC, 0x66, 0x9A, 0xA9, 0xCC,
    0x6A, 0xAA, 0xCA, 0xEE, 0xAA, 0xEA, 0x8C, 0x88, 0x7A, 0xC8, 0x88, 0x88, 0x57, 0xC8, 0x88, 0x88,
    0x00, 0x00, 0x00, 0x00, 0x00, 0x00, 0x00, 0x00, 0x0E, 0x00, 0x00, 0x00, 0xEC, 0x00, 0x00, 0x00,
    0xEE, 0x00, 0x00, 0x00, 0x0E, 0x00, 0x00, 0x00, 0xE8, 0x00, 0x00, 0x00, 0xE8, 0x00, 0x00, 0x00,
    0x41, 0x48, 0x04, 0x00, 0x14, 0x41, 0x48, 0x04, 0x44, 0x14, 0x41, 0x48, 0x00, 0x44, 0x14, 0x41,
    0x00, 0x00, 0x44, 0x14, 0x00, 0x00, 0x00, 0x44, 0x00, 0x00, 0x00, 0x00, 0x00, 0x00, 0x00, 0x90,
    0x00, 0x8E, 0x88, 0xCC, 0x00, 0x8E, 0x88, 0xCC, 0x04, 0xE0, 0xCC, 0x99, 0x48, 0x9A, 0x79, 0x57,
    0x81, 0x99, 0xA2, 0xEA, 0x88, 0x57, 0x7A, 0x45, 0xA4, 0x95, 0x9A, 0x15, 0x97, 0x5A, 0xB8, 0x18,
    0x59, 0xC4, 0x85, 0x88, 0x4C, 0x3C, 0xC3, 0xCC, 0x49, 0x5A, 0xCC, 0xCC, 0x97, 0xA9, 0xCC, 0xEC,
    0xAA, 0xEE, 0x57, 0x95, 0xAE, 0x84, 0x45, 0xE7, 0xA8, 0x14, 0x9E, 0xCE, 0xE4, 0x1E, 0xE8, 0xBC,
    0xCC, 0x0E, 0x00, 0x00, 0xCE, 0xE8, 0x00, 0x00, 0x8E, 0xE8, 0x00, 0x00, 0xE8, 0x0E, 0x00, 0x00,
    0xEE, 0xEC, 0x00, 0x00, 0xCC, 0xEC, 0x00, 0x00, 0x9C, 0x97, 0x0E, 0x00, 0x77, 0x7E, 0x07, 0x00,
    0x00, 0x00, 0x00, 0xA0, 0x00, 0x00, 0x00, 0xA0, 0x00, 0x00, 0x00, 0x00, 0x00, 0x00, 0x00, 0x00,
    0x00, 0x00, 0x00, 0x00, 0x00, 0x00, 0x00, 0x00, 0x00, 0x00, 0x00, 0x00, 0x00, 0x00, 0x00, 0x00,
    0x52, 0xE9, 0x14, 0xE4, 0x25, 0x97, 0x8E, 0x81, 0x9A, 0x52, 0xA7, 0xEE, 0xE0, 0x5A, 0x22, 0x95,
    0x8E, 0xAC, 0x99, 0xB9, 0xCE, 0x48, 0xBB, 0xCB, 0xE0, 0xBC, 0x44, 0x84, 0x00, 0xEE, 0xBB, 0xCC,
    0x78, 0x8E, 0xE4, 0xBC, 0x48, 0xE8, 0xCE, 0xBB, 0xEE, 0xEE, 0xCE, 0x7B, 0xE9, 0xEE, 0x5E, 0xB5,
    0xCC, 0xC4, 0xCE, 0xBB, 0x8C, 0xE8, 0xE0, 0x44, 0x88, 0xEC, 0xE0, 0xEC, 0x4E, 0x0E, 0x00, 0xCE,
    0x97, 0xE7, 0xE9, 0x00, 0xC5, 0x97, 0xEC, 0x00, 0xBB, 0x8C, 0xEC, 0x00, 0xBB, 0xC8, 0xCE, 0x0E,
    0x44, 0xEE, 0xBE, 0x0E, 0xCE, 0xBB, 0xEC, 0x00, 0xBB, 0xEC, 0x0E, 0x00, 0x7E, 0x75, 0xA9, 0x99,
    0x00, 0x00, 0x00, 0x00, 0x00, 0x00, 0x00, 0x00, 0x00, 0x00, 0x00, 0x00, 0x00, 0x00, 0x00, 0x00,
    0x00, 0x00, 0x00, 0xEE, 0x00, 0x00, 0xE0, 0x84, 0x00, 0x00, 0x8E, 0xBB, 0x00, 0x00, 0x4E, 0xBB,
    0x00, 0x90, 0xEE, 0xEE, 0x00, 0x00, 0x59, 0xB4, 0x00, 0x00, 0x90, 0xBB, 0x00, 0x00, 0x90, 0x1C,
    0xEE, 0x0E, 0xA0, 0xC5, 0x48, 0xE8, 0xEE, 0x29, 0xBB, 0x4B, 0x48, 0xCC, 0xBB, 0xBB, 0xCC, 0xCC,
    0x88, 0x0B, 0x00, 0xE0, 0xB8, 0x00, 0x00, 0x00, 0xB4, 0x0B, 0x00, 0x00, 0x8B, 0xB4, 0x00, 0x00,
    0x14, 0x0B, 0x00, 0x00, 0xEE, 0xEE, 0x00, 0x00, 0xCC, 0xCC, 0x0E, 0x00, 0xCC, 0xCC, 0x0E, 0x00,
    0x59, 0x54, 0x95, 0x5A, 0xA0, 0x59, 0x75, 0x2A, 0x00, 0xA0, 0x57, 0x29, 0x00, 0x90, 0x9A, 0x25,
    0x00, 0xA0, 0x92, 0xA9, 0x00, 0xA0, 0x59, 0x8C, 0x00, 0x8E, 0xCC, 0x4C, 0x00, 0x4E, 0xCC, 0xBC,
    0x00, 0x00, 0x8E, 0xBB, 0x00, 0x00, 0xE0, 0xB4, 0x00, 0x00, 0xE0, 0x8E, 0x00, 0x00, 0x00, 0x4E,
    0x00, 0x00, 0x00, 0xE0, 0x00, 0x00, 0x00, 0x00, 0x00, 0x00, 0x00, 0x00, 0x00, 0x00, 0x00, 0x00,
    0xBB, 0xBB, 0xCC, 0xCC, 0xBB, 0xCB, 0xCC, 0xCC, 0xCC, 0xCC, 0x8C, 0x84, 0x48, 0x48, 0x48, 0xEE,
    0xEE, 0xEE, 0xEE, 0x00, 0x00, 0x00, 0x00, 0x00, 0x00, 0x00, 0x00, 0x00, 0x00, 0x00, 0x00, 0x00,
    0xCC, 0xCC, 0x0E, 0x00, 0xCC, 0x4C, 0x0E, 0x00, 0x84, 0x84, 0x0E, 0x00, 0xEE, 0xEE, 0x00, 0x00,
    0x00, 0x00, 0x00, 0x00, 0x00, 0x00, 0x00, 0x00, 0x00, 0x00, 0x00, 0x00, 0x00, 0x00, 0x00, 0x00,
    0x00, 0xE0, 0xC8, 0xBB, 0x00, 0xE0, 0x4C, 0xBB, 0x00, 0x00, 0x8E, 0xBC, 0x00, 0x00, 0x4E, 0xCC,
    0x00, 0x00, 0xE0, 0x48, 0x00, 0x00, 0x00, 0xEE, 0x00, 0x00, 0x00, 0x00, 0x00, 0x00, 0x00, 0x00,
    0x00, 0x00, 0x00, 0x00, 0x00, 0x00, 0x40, 0x04, 0x00, 0x40, 0x44, 0x41, 0x40, 0x84, 0x11, 0x44,
    0x84, 0x48, 0x44, 0x81, 0x84, 0x44, 0x48, 0x11, 0x40, 0x14, 0x44, 0x48, 0x00, 0x44, 0x14, 0x44,
    0x00, 0x00, 0x44, 0x14, 0x00, 0x00, 0x00, 0x44, 0x00, 0x00, 0x00, 0x00, 0x00, 0x00, 0x00, 0x00,
    0x00, 0x00, 0x00, 0x00, 0x00, 0x00, 0x00, 0x00, 0x00, 0x00, 0x00, 0x00, 0x00, 0x00, 0x00, 0x00,
    0x09, 0x00, 0x00, 0x00, 0xA5, 0x00, 0x00, 0x00, 0xA5, 0x00, 0x00, 0x00, 0xC7, 0x00, 0x00, 0x00,
    0xCC, 0x00, 0x00, 0x00, 0xCC, 0x0C, 0x00, 0x00, 0xBB, 0xEC, 0x00, 0x00, 0xB8, 0xCB, 0x0E, 0x00,
    0xB4, 0xBB, 0x0C, 0x00, 0x8B, 0xBB, 0xEC, 0x00, 0x4B, 0xCB, 0xE4, 0x00, 0xCC, 0x48, 0xE8, 0x00,
    0x48, 0xE8, 0x0E, 0x00, 0xEE, 0x0E, 0x00, 0x00, 0x00, 0x00, 0x00, 0x00, 0x00, 0x00, 0x00, 0x00,
};
static const u16 sSet4Frame0[] = {
    0x0005, 0x40D3, 0x81E4, 0x0000, 0x80E3, 0x81E4, 0x0008, 0x00DB, 0x400C, 0x0010, 0x80D3, 0x0004,
    0x0014, 0x00E3, 0x01F4, 0x0016, 0x0000,
};
static const u16 sSet4Frame1[] = {
    0x000B, 0x00DC, 0x81F5, 0x0017, 0x00E4, 0x41D5, 0x0027, 0x00E4, 0x4015, 0x002B, 0x40EC, 0x01E5,
    0x002F, 0x40F4, 0x0015, 0x0031, 0x80E4, 0x0025, 0x0033, 0x00DC, 0x0015, 0x0035, 0x00E4, 0x01ED,
    0x0036, 0x00F4, 0x01ED, 0x0037, 0x00F4, 0x0025, 0x0038, 0x00FC, 0x000D, 0x0039, 0x0000,
};
static const u16 sSet4Frame2[] = {
    0x0004, 0x00D2, 0x81F1, 0x003A, 0x40F2, 0x81F1, 0x004A, 0x80DA, 0x01E9, 0x0052, 0x80F2, 0x0011,
    0x0054, 0x0000,
};
static const void* const sSet4Frames[] = { sSet4Frame0, sSet4Frame1, sSet4Frame2 };

static const u16 sBattleAnim17[] = {
    0x0040, 0x0040, 0x0008, 0x0000, 0x0003, 0x0000, 0x0003, 0x0000, 0x0003, 0x0000, 0x0006, 0x0001,
    0x0006, 0x0001, 0x0007, 0x0001, 0x0007, 0x0002, 0x0007,
};
static const u16 sBattleAnim18[] = {
    0x0040, 0x0040, 0x0008, 0x0000, 0x0004, 0x0000, 0x0004, 0x0000, 0x0003, 0x0000, 0x0006, 0x0001,
    0x0007, 0x0001, 0x0007, 0x0001, 0x0008, 0x0002, 0x0008,
};
static const u16 sBattleAnim19[] = {
    0x0040, 0x0040, 0x0008, 0x0000, 0x0005, 0x0000, 0x0004, 0x0000, 0x0004, 0x0000, 0x0007, 0x0001,
    0x0007, 0x0001, 0x0008, 0x0001, 0x0009, 0x0002, 0x0008,
};
static const u16 sBattleAnim20[] = {
    0x0040, 0x0040, 0x0008, 0x0000, 0x0005, 0x0000, 0x0005, 0x0000, 0x0005, 0x0000, 0x0008, 0x0001,
    0x0007, 0x0001, 0x0009, 0x0001, 0x000A, 0x0002, 0x0008,
};
static const u16 sBattleAnim21[] = {
    0x0040, 0x0040, 0x0008, 0x0000, 0x0006, 0x0000, 0x0005, 0x0000, 0x0006, 0x0000, 0x0008, 0x0001,
    0x0008, 0x0001, 0x0009, 0x0001, 0x000A, 0x0002, 0x0008,
};
static const u8 sTiles5[] __attribute__((aligned(4))) = {
    0x96, 0x56, 0x69, 0x55, 0x69, 0x59, 0xAA, 0x96, 0x65, 0x69, 0x6A, 0x6A, 0xA6, 0xA5, 0x76, 0xAA,
    0xAE, 0xA5, 0x57, 0x75, 0xA0, 0xA6, 0x7A, 0x54, 0x00, 0x0A, 0x00, 0xA7, 0x00, 0x00, 0x00, 0x00,
    0x55, 0x65, 0xEA, 0x8E, 0x69, 0x56, 0xA6, 0x88, 0x95, 0xAA, 0x8E, 0x88, 0x5A, 0x59, 0xCA, 0x88,
    0xA6, 0xA6, 0xCC, 0xEC, 0x67, 0x5A, 0xEC, 0xCC, 0xAA, 0x7E, 0xCE, 0xCC, 0xEE, 0x9E, 0x1E, 0xCC,
    0xEC, 0xEE, 0x00, 0x00, 0xC8, 0xCC, 0xEE, 0x00, 0xC8, 0xEC, 0xEA, 0x00, 0xCC, 0x7E, 0xA7, 0x00,
    0xEC, 0x57, 0x74, 0x0A, 0xEE, 0xAA, 0xEE, 0xEE, 0xEC, 0x8E, 0x14, 0x41, 0xCC, 0x8E, 0xEE, 0xE5,
    0x00, 0x00, 0x00, 0x00, 0x00, 0x00, 0x00, 0x00, 0x00, 0x00, 0x00, 0x00, 0x00, 0x00, 0x00, 0x00,
    0x00, 0x00, 0x00, 0x44, 0x00, 0x00, 0x40, 0x12, 0x0E, 0x40, 0x24, 0x21, 0x7A, 0x57, 0x88, 0x22,
    0x00, 0x00, 0x00, 0xEE, 0x00, 0x00, 0xE0, 0xEC, 0x00, 0x00, 0x00, 0xBB, 0x00, 0x00, 0x00, 0x00,
    0x00, 0x00, 0x00, 0xE0, 0x00, 0x00, 0x00, 0xEE, 0x00, 0x00, 0xE0, 0x57, 0x00, 0x00, 0x8E, 0xCB,
    0x11, 0x9E, 0x1E, 0xCC, 0xE1, 0x11, 0x1E, 0x7C, 0xBE, 0xEE, 0x1E, 0x55, 0xEE, 0x77, 0x1E, 0x57,
    0x7E, 0x97, 0xEB, 0xEE, 0xE7, 0x9E, 0xEB, 0xCC, 0x9B, 0xB9, 0xEC, 0xCC, 0x73, 0xBB, 0xEC, 0xCC,
    0x7C, 0xE5, 0x8E, 0x44, 0x25, 0xE2, 0x18, 0x84, 0x52, 0xE5, 0x47, 0x8E, 0x22, 0xAA, 0xE5, 0x48,
    0x57, 0x57, 0xA7, 0x5E, 0x7A, 0x25, 0x75, 0xAA, 0x8E, 0x77, 0x25, 0x52, 0xDB, 0xA7, 0x55, 0x25,
    0xE8, 0x52, 0x87, 0x04, 0xE8, 0x57, 0x52, 0x00, 0x14, 0x7E, 0x25, 0x07, 0x41, 0x7E, 0x52, 0x07,
    0xA7, 0x27, 0x75, 0x00, 0x57, 0x52, 0x07, 0x00, 0x22, 0x75, 0x00, 0xE0, 0x52, 0x0A, 0x77, 0xCE,
    0x00, 0x00, 0xBE, 0xB8, 0x00, 0x00, 0xE0, 0x8B, 0x00, 0x00, 0x50, 0xBE, 0x00, 0x00, 0x70, 0xE7,
    0x00, 0x00, 0x00, 0xE7, 0x00, 0x00, 0x00, 0x00, 0x00, 0x00, 0xEE, 0x0E, 0x00, 0xE0, 0x44, 0xE8,
    0xBB, 0xC5, 0xCC, 0xEE, 0xBB, 0x3C, 0xCE, 0xEE, 0xC4, 0xCC, 0x5C, 0x0E, 0x4B, 0xCC, 0xEC, 0x0E,
    0xCC, 0xE4, 0x5E, 0x0E, 0xEE, 0x5E, 0x57, 0x05, 0x00, 0x77, 0x25, 0xE7, 0xEE, 0x5E, 0x52, 0x7C,
    0x8B, 0xBB, 0xAA, 0x57, 0x4C, 0xB8, 0xBC, 0xAC, 0xCE, 0xC8, 0xCB, 0x5E, 0xE0, 0x8E, 0xE8, 0x57,
    0x00, 0xE0, 0x84, 0xA8, 0x00, 0x00, 0x00, 0x48, 0x00, 0x00, 0x00, 0x00, 0x0E, 0x00, 0x00, 0x00,
    0xA5, 0x70, 0x55, 0xC7, 0x7A, 0xA7, 0x27, 0xA5, 0x44, 0xDD, 0x27, 0xC5, 0xDD, 0x14, 0x5D, 0xC7,
    0x4D, 0x48, 0x7D, 0x8A, 0xD8, 0x8D, 0x0D, 0xE0, 0x00, 0xDD, 0x00, 0xE0, 0x00, 0x00, 0x00, 0xE0,
    0x00, 0x4E, 0xBB, 0x4B, 0x00, 0x4E, 0xBB, 0xBB, 0x00, 0x8E, 0xBB, 0xBB, 0x00, 0xE0, 0xC8, 0xCC,
    0x00, 0xE0, 0x4C, 0x48, 0x00, 0x00, 0xCE, 0x8C, 0x00, 0x00, 0xE0, 0xEE, 0x00, 0x00, 0x00, 0x00,
    0x84, 0x78, 0xC7, 0xCC, 0xCB, 0xCC, 0xCC, 0x8C, 0xCC, 0xCC, 0xCC, 0x8C, 0xCC, 0xCC, 0xCC, 0xC8,
    0xCC, 0xCC, 0x8C, 0xE8, 0x84, 0x84, 0xE8, 0x0E, 0xEE, 0xEE, 0x0E, 0x00, 0x00, 0x00, 0x00, 0x00,
    0x0E, 0x00, 0x00, 0x00, 0x0E, 0x00, 0x00, 0x00, 0x0E, 0x00, 0x00, 0x00, 0x0E, 0x00, 0x00, 0x00,
    0x00, 0x00, 0x00, 0x00, 0x00, 0x00, 0x00, 0x00, 0x00, 0x00, 0x00, 0x00, 0x00, 0x00, 0x00, 0x00,
    0x00, 0x00, 0x00, 0xCE, 0x00, 0x00, 0x00, 0xBE, 0x00, 0x00, 0x00, 0xBE, 0x00, 0x00, 0x00, 0x4E,
    0x00, 0x00, 0x00, 0xE0, 0x00, 0x00, 0x00, 0x00, 0x00, 0x00, 0x00, 0x00, 0x00, 0x00, 0x00, 0x00,
    0x00, 0x00, 0x00, 0x00, 0x00, 0x00, 0x00, 0x00, 0x00, 0x00, 0x00, 0x00, 0x00, 0x00, 0x00, 0x00,
    0x00, 0x00, 0x00, 0x00, 0x00, 0x00, 0x00, 0x00, 0x00, 0x00, 0x00, 0x40, 0x00, 0x00, 0x00, 0x24,
    0x00, 0x00, 0x00, 0x00, 0x00, 0x00, 0x00, 0x00, 0x00, 0x00, 0x00, 0x00, 0x00, 0x00, 0x44, 0x00,
    0x00, 0x44, 0x12, 0x04, 0x40, 0x12, 0x21, 0x44, 0x24, 0x21, 0x44, 0x21, 0x11, 0x42, 0x12, 0x12,
    0x00, 0x00, 0x44, 0x12, 0x00, 0x40, 0x12, 0x21, 0x40, 0x24, 0x21, 0x42, 0x24, 0x11, 0x22, 0x00,
    0x12, 0x22, 0x02, 0x00, 0x21, 0x02, 0x00, 0x00, 0x22, 0x00, 0x00, 0x00, 0x00, 0x00, 0x00, 0x00,
    0x42, 0x14, 0x21, 0x42, 0x24, 0x21, 0x42, 0x04, 0x44, 0x22, 0x41, 0x00, 0x00, 0x40, 0x04, 0x00,
    0x00, 0x00, 0x00, 0x00, 0x00, 0x00, 0x00, 0x00, 0x00, 0x00, 0x00, 0x00, 0x00, 0x00, 0x00, 0x00,
    0x00, 0x00, 0x00, 0x00, 0x00, 0x00, 0x00, 0x00, 0x00, 0x00, 0x00, 0x00, 0x00, 0x00, 0x00, 0x00,
    0x00, 0x00, 0x00, 0x00, 0x00, 0x00, 0xA0, 0xA6, 0x00, 0x00, 0x00, 0x6A, 0x00, 0x00, 0x00, 0xA0,
    0x00, 0x00, 0xA0, 0xAA, 0x00, 0xA0, 0x6A, 0x56, 0x00, 0x6A, 0x55, 0x65, 0xA0, 0x56, 0x66, 0x55,
    0x6A, 0x66, 0x65, 0x69, 0x6A, 0x55, 0x66, 0x66, 0x65, 0x66, 0x66, 0x56, 0x9A, 0x96, 0x56, 0x66,
    0xAA, 0x00, 0x00, 0x00, 0x65, 0xAA, 0xAA, 0x00, 0x65, 0x65, 0xA6, 0x00, 0x66, 0x56, 0xA5, 0x00,
    0x56, 0x65, 0xA6, 0xAA, 0x99, 0x66, 0xCA, 0xCC, 0x65, 0x99, 0xA6, 0xCC, 0x56, 0x96, 0xEA, 0xEC,
    0x00, 0x00, 0x00, 0x00, 0x00, 0x00, 0x00, 0x00, 0x00, 0x00, 0x00, 0x00, 0x00, 0x00, 0x00, 0x00,
    0x00, 0x00, 0x00, 0x00, 0x0E, 0x00, 0x00, 0x00, 0x0E, 0x00, 0x00, 0x00, 0x0E, 0x00, 0x00, 0x00,
    0x00, 0x00, 0x00, 0x00, 0x00, 0x00, 0x00, 0x00, 0x00, 0x00, 0x00, 0x00, 0x00, 0x00, 0x00, 0x00,
    0x00, 0x00, 0x00, 0x00, 0x00, 0x00, 0x00, 0x00, 0x04, 0x00, 0x00, 0x00, 0x42, 0x00, 0x00, 0x00,
    0x04, 0x00, 0x00, 0x00, 0x00, 0x00, 0x00, 0x00, 0x00, 0x00, 0x00, 0x00, 0x00, 0x00, 0x00, 0x00,
    0x00, 0x00, 0x00, 0x00, 0x00, 0x00, 0x00, 0x00, 0x00, 0x00, 0x00, 0x00, 0x00, 0x00, 0x00, 0x00,
    0x00, 0x00, 0x00, 0x5A, 0x00, 0x00, 0xAE, 0x66, 0x00, 0xE0, 0x41, 0xA8, 0x00, 0x5E, 0xEE, 0xA4,
    0xE0, 0x48, 0x81, 0xAE, 0xE0, 0xE4, 0x44, 0xEE, 0x4E, 0x81, 0x7E, 0xE8, 0x8E, 0xE4, 0x5A, 0x07,
    0x7A, 0x55, 0x77, 0x07, 0xA0, 0xA7, 0x7A, 0x00, 0x00, 0x00, 0x00, 0x00, 0x00, 0x00, 0x00, 0x00,
    0x00, 0x00, 0x00, 0x00, 0x00, 0x00, 0x00, 0x00, 0x00, 0x00, 0x00, 0x00, 0x00, 0x00, 0x00, 0x00,
    0x00, 0x00, 0x00, 0x00, 0x00, 0x00, 0x00, 0x00, 0x00, 0x00, 0x00, 0x00, 0x00, 0x00, 0x00, 0x00,
    0x00, 0x00, 0x00, 0x00, 0x00, 0x00, 0x00, 0x00, 0xEE, 0x0E, 0x00, 0x00, 0x8C, 0xE8, 0x00, 0x00,
    0xCC, 0xE8, 0x00, 0x00, 0xCC, 0xE8, 0x00, 0x00, 0xCC, 0xE4, 0x00, 0x00, 0xCC, 0x8C, 0x0E, 0x00,
    0xC8, 0x8C, 0x0E, 0x00, 0x4B, 0xCC, 0xE8, 0x00, 0x8C, 0xCC, 0xE4, 0x00, 0x4C, 0xCC, 0xE4, 0x00,
    0xB4, 0xCC, 0x8C, 0x0E, 0xB8, 0xCB, 0x8C, 0x0E, 0xB4, 0xBB, 0x8C, 0x0E, 0xB4, 0xBB, 0x84, 0x0E,
    0x84, 0x84, 0xEE, 0x00, 0xEE, 0xEE, 0x00, 0x00, 0x00, 0x00, 0x00, 0x00, 0x00, 0x00, 0x00, 0x00,
    0x00, 0x20, 0x24, 0x41, 0x00, 0x22, 0x44, 0x44, 0x00, 0x22, 0x24, 0x11, 0x20, 0x22, 0x44, 0x22,
    0x22, 0x22, 0x22, 0x44, 0x22, 0x22, 0x22, 0x22, 0x22, 0x22, 0x22, 0x22, 0x22, 0x22, 0x22, 0x22,
    0x41, 0x41, 0x00, 0x00, 0x24, 0x12, 0x44, 0x00, 0x22, 0x22, 0x22, 0x22, 0x11, 0x11, 0x11, 0x22,
    0x44, 0x24, 0x22, 0x11, 0x22, 0x42, 0x44, 0x44, 0x22, 0x22, 0x22, 0x22, 0x11, 0x11, 0x11, 0x22,
    0x00, 0x00, 0x00, 0x00, 0x00, 0x00, 0x00, 0x00, 0x00, 0x00, 0x00, 0x00, 0x22, 0x22, 0x02, 0x00,
    0x11, 0x21, 0x22, 0x22, 0x24, 0x12, 0x11, 0x11, 0x42, 0x44, 0x44, 0x22, 0x22, 0x22, 0x22, 0x42,
    0x00, 0x00, 0xA6, 0x56, 0x00, 0xA0, 0x6A, 0x69, 0x00, 0x70, 0xA7, 0xA6, 0x00, 0x57, 0x72, 0xAA,
    0x44, 0x5A, 0xAA, 0xA7, 0x82, 0xE8, 0xEE, 0x57, 0xE2, 0x8E, 0xE8, 0x7E, 0xCE, 0x88, 0xCE, 0xEC,
    0x22, 0x22, 0x12, 0x11, 0x22, 0x12, 0x11, 0x11, 0x12, 0x11, 0x11, 0x11, 0x12, 0x11, 0x11, 0x11,
    0x12, 0x11, 0x11, 0x11, 0x12, 0x11, 0x11, 0x11, 0x22, 0x11, 0x11, 0x11, 0x20, 0x11, 0x11, 0x11,
    0x11, 0x11, 0x11, 0x11, 0x11, 0x11, 0x11, 0x11, 0x11, 0x11, 0x11, 0x11, 0x11, 0x11, 0x11, 0x11,
    0x11, 0x11, 0x11, 0x11, 0x11, 0x11, 0x11, 0x11, 0x11, 0x11, 0x11, 0x21, 0x11, 0x11, 0x11, 0x21,
    0x22, 0x22, 0x22, 0x42, 0x11, 0x22, 0x22, 0x44, 0x11, 0x22, 0x22, 0x04, 0x21, 0x22, 0x42, 0x04,
    0x22, 0x22, 0x44, 0x00, 0x22, 0x22, 0x04, 0x00, 0x22, 0x42, 0x04, 0x00, 0x22, 0x42, 0x00, 0x00,
    0xCE, 0x8C, 0xCE, 0xCC, 0xCE, 0xCC, 0xEC, 0xCC, 0xE0, 0xCC, 0xEC, 0xEE, 0x00, 0xCE, 0xCC, 0xCC,
    0x00, 0xE0, 0xEC, 0xCC, 0x00, 0x00, 0xEE, 0xCC, 0x00, 0x00, 0xCE, 0xCC, 0x00, 0x00, 0xCE, 0xCC,
    0x20, 0x11, 0x11, 0x11, 0x20, 0x12, 0x11, 0x11, 0x00, 0x12, 0x11, 0x11, 0x00, 0x12, 0x11, 0x11,
    0x00, 0x22, 0x11, 0x11, 0x00, 0x20, 0x11, 0x11, 0x00, 0x20, 0x11, 0x11, 0x00, 0x20, 0x11, 0x11,
    0x11, 0x11, 0x11, 0x22, 0x11, 0x11, 0x11, 0x22, 0x11, 0x11, 0x11, 0x22, 0x11, 0x11, 0x11, 0x22,
    0x11, 0x11, 0x21, 0x22, 0x11, 0x11, 0x21, 0x22, 0x11, 0x11, 0x21, 0x22, 0x11, 0x11, 0x21, 0x22,
    0x22, 0x44, 0x00, 0x00, 0x22, 0x04, 0x00, 0x00, 0x22, 0x04, 0x00, 0x00, 0x22, 0x04, 0x00, 0xE0,
    0x22, 0x04, 0x00, 0x7E, 0x22, 0x04, 0x00, 0x7E, 0x22, 0x04, 0x00, 0xBE, 0x22, 0x04, 0x00, 0x4E,
    0x00, 0xEE, 0xCC, 0xCC, 0x00, 0x4E, 0xCC, 0xCC, 0xE0, 0xEE, 0xC4, 0xCC, 0x9E, 0x97, 0x8E, 0xC8,
    0xE7, 0xB7, 0xEB, 0x8E, 0xB9, 0x57, 0xBB, 0xEC, 0xBC, 0xBB, 0x53, 0xE7, 0xCC, 0xCC, 0xCC, 0x3C,
    0x00, 0x20, 0x12, 0x11, 0x00, 0x00, 0x22, 0x11, 0x00, 0x00, 0x20, 0x11, 0x00, 0x00, 0x20, 0x11,
    0x00, 0x00, 0x20, 0x12, 0x00, 0x00, 0x00, 0x22, 0x00, 0x00, 0x00, 0x20, 0x00, 0x00, 0x00, 0x20,
    0x11, 0x11, 0x21, 0x22, 0x11, 0x11, 0x21, 0x22, 0x11, 0x11, 0x21, 0x22, 0x11, 0x11, 0x21, 0x22,
    0x11, 0x11, 0x11, 0x22, 0x11, 0x11, 0x11, 0x22, 0x11, 0x11, 0x11, 0x22, 0x12, 0x11, 0x11, 0x21,
    0x22, 0x04, 0x00, 0xCE, 0x22, 0x44, 0x00, 0xE0, 0x22, 0x42, 0x00, 0x00, 0x22, 0x42, 0x00, 0x00,
    0x22, 0x42, 0x00, 0x00, 0x22, 0x42, 0x00, 0x00, 0x22, 0x42, 0x00, 0x00, 0x22, 0x42, 0x00, 0x00,
    0x44, 0x84, 0xCC, 0xCC, 0xBE, 0xCC, 0x88, 0xEE, 0xE0, 0xEE, 0xEE, 0x00, 0x90, 0x95, 0x97, 0x00,
    0x00, 0x27, 0x52, 0x09, 0xA0, 0x55, 0xE2, 0x09, 0xA0, 0xE7, 0xB7, 0xEC, 0x00, 0xCA, 0xBC, 0xEB,
    0x22, 0x42, 0x00, 0x00, 0x22, 0x42, 0x04, 0xE0, 0x22, 0x22, 0x04, 0xBE, 0x21, 0x22, 0x44, 0xBB,
    0x11, 0x22, 0x42, 0xBC, 0x11, 0x21, 0x42, 0xC4, 0x12, 0x11, 0x22, 0x44, 0x22, 0x11, 0x21, 0x42,
    0xE0, 0xCE, 0x84, 0x88, 0xEE, 0xCC, 0xC8, 0xCC, 0xEB, 0x4C, 0xCC, 0xCC, 0xCB, 0xCC, 0xEC, 0xEE,
    0xCC, 0xE8, 0xCE, 0x0E, 0x4C, 0xCC, 0xCC, 0x0E, 0xCC, 0xEC, 0xEE, 0x00, 0xE4, 0x0E, 0x00, 0x00,
    0x0E, 0x00, 0xA0, 0x57, 0x0E, 0x00, 0x00, 0x5A, 0x0E, 0x00, 0xA0, 0x25, 0x00, 0x00, 0xA0, 0x57,
    0x00, 0x00, 0x00, 0x79, 0x00, 0x00, 0x00, 0xCE, 0x00, 0x00, 0x00, 0x4E, 0x00, 0x00, 0x00, 0x8E,
    0xAA, 0x00, 0x00, 0x00, 0x72, 0x0A, 0x00, 0x00, 0x52, 0x09, 0x00, 0x00, 0x97, 0x0A, 0x00, 0x00,
    0xBB, 0xEC, 0x00, 0x00, 0x84, 0xC4, 0x00, 0x00, 0xC8, 0x8C, 0x0E, 0x00, 0xCC, 0xCC, 0x0E, 0x00,
    0x20, 0x12, 0x11, 0x22, 0x00, 0x22, 0x12, 0x21, 0x00, 0x00, 0x22, 0x11, 0x00, 0x00, 0x20, 0x22,
    0x00, 0x00, 0x00, 0x20, 0x00, 0x00, 0x00, 0x00, 0x00, 0x00, 0x00, 0x00, 0x00, 0x00, 0x00, 0x00,
    0x44, 0x00, 0x00, 0x00, 0x42, 0x04, 0x00, 0x00, 0x22, 0x44, 0x00, 0x00, 0x21, 0x42, 0x04, 0x00,
    0x42, 0x24, 0x44, 0x00, 0x40, 0x44, 0x42, 0x04, 0x00, 0x40, 0x44, 0x44, 0x00, 0x00, 0x00, 0x44,
    0x00, 0x00, 0x00, 0xC0, 0x00, 0x00, 0x00, 0xE0, 0x00, 0x00, 0x00, 0xC0, 0x00, 0x00, 0x00, 0xCE,
    0x00, 0x00, 0x00, 0xCE, 0x00, 0x00, 0x00, 0xE0, 0x04, 0x00, 0x00, 0xE0, 0x04, 0x00, 0x00, 0xE0,
    0xCC, 0xCC, 0xEE, 0x00, 0xEC, 0xEE, 0xCC, 0x0E, 0xEE, 0xCC, 0x4C, 0x0C, 0xC4, 0xCC, 0xCC, 0xEC,
    0xC8, 0xCC, 0xCC, 0xE8, 0xCC, 0xCC, 0xCC, 0xEC, 0xCC, 0xCC, 0xCC, 0xEC, 0xCC, 0xCC, 0xEE, 0x0E,
    0x00, 0x00, 0x00, 0x00, 0x00, 0x0A, 0x0A, 0x00, 0x0A, 0xA6, 0x0A, 0x00, 0xA6, 0x66, 0x0A, 0x00,
    0xA5, 0x5A, 0xA6, 0x0A, 0x66, 0x66, 0x55, 0xA6, 0x66, 0x55, 0x66, 0x66, 0x55, 0x56, 0x65, 0x56,
    0x00, 0x00, 0x00, 0x00, 0x00, 0x00, 0x00, 0x00, 0x00, 0x00, 0x00, 0x00, 0x00, 0x00, 0x00, 0x00,
    0x00, 0x00, 0x00, 0x00, 0x00, 0x00, 0x00, 0x00, 0x0A, 0x00, 0x00, 0x00, 0x6A, 0x0A, 0x00, 0x00,
    0x66, 0x66, 0x56, 0x55, 0x66, 0x99, 0x66, 0x56, 0x6A, 0x96, 0x99, 0x96, 0xA5, 0x69, 0x65, 0x96,
    0xA7, 0x65, 0x69, 0x95, 0x6A, 0x96, 0x56, 0x69, 0xAA, 0x69, 0x6A, 0xA6, 0xAE, 0xA6, 0xA6, 0x0A,
    0x96, 0xA5, 0x0A, 0x00, 0x96, 0x65, 0x0A, 0x00, 0x96, 0xA6, 0x00, 0x00, 0x69, 0x0A, 0x00, 0x00,
    0xAA, 0x00, 0x00, 0x00, 0x0A, 0x00, 0x00, 0x00, 0xA6, 0x00, 0x00, 0x00, 0x00, 0x00, 0x00, 0x00,
    0xEC, 0xAA, 0xA8, 0xEE, 0xCC, 0xCC, 0x8E, 0xE8, 0xCC, 0xCC, 0x8E, 0xC8, 0xEE, 0xEE, 0x88, 0xEE,
    0xCC, 0xCC, 0xEC, 0xA7, 0xCC, 0xEC, 0x7E, 0x75, 0xCC, 0xEC, 0xAE, 0x54, 0xCC, 0xCC, 0x0E, 0x7A,
    0x00, 0x00, 0x00, 0x00, 0x00, 0x00, 0x00, 0x00, 0xEE, 0x00, 0x00, 0x00, 0xEE, 0xEE, 0x00, 0x00,
    0xEA, 0x81, 0x8E, 0xEE, 0x17, 0x54, 0x84, 0x84, 0x17, 0x48, 0x88, 0x41, 0x4E, 0x1E, 0x4E, 0x84,
    0xCC, 0xCC, 0xEE, 0x00, 0xCC, 0xCC, 0x4C, 0x0E, 0xCC, 0xCC, 0x44, 0xEE, 0xCC, 0x8C, 0xEE, 0x79,
    0x88, 0xE8, 0xCC, 0xE7, 0xEE, 0xBE, 0xBC, 0x9B, 0xBC, 0xBB, 0xBB, 0xCB, 0xCE, 0xCC, 0xBB, 0xBB,
    0xE0, 0x8E, 0x8E, 0x5E, 0x00, 0xE0, 0xEE, 0x77, 0x00, 0x00, 0x00, 0x00, 0x0E, 0x00, 0x00, 0x00,
    0xE9, 0x00, 0x00, 0x00, 0xE7, 0x00, 0x00, 0x00, 0x97, 0x0E, 0x00, 0x00, 0x5C, 0x0E, 0x00, 0x00,
    0x00, 0x00, 0x00, 0x00, 0x00, 0x00, 0x00, 0x00, 0x00, 0x00, 0x00, 0x00, 0x00, 0x00, 0x00, 0x00,
    0x00, 0x00, 0x00, 0x00, 0x00, 0x00, 0x00, 0x00, 0x00, 0x00, 0x24, 0x04, 0x00, 0x00, 0x24, 0x41,
    0x00, 0x00, 0x00, 0x00, 0x00, 0x00, 0x00, 0x00, 0x00, 0x00, 0x00, 0x00, 0x00, 0x00, 0x00, 0x00,
    0x00, 0x00, 0x00, 0x00, 0x00, 0x00, 0x00, 0x00, 0x00, 0x00, 0x00, 0x00, 0x44, 0x04, 0x00, 0x00,
    0xEE, 0xCE, 0x3C, 0x57, 0xE0, 0x57, 0xB3, 0xBB, 0xE0, 0xBC, 0xBB, 0xBB, 0x00, 0xCE, 0xBB, 0x8B,
    0x00, 0xEE, 0x44, 0xC8, 0x00, 0x4E, 0xBC, 0xBB, 0x00, 0xE0, 0xCE, 0xEE, 0x00, 0x00, 0x90, 0x45,
    0xC3, 0xEC, 0x00, 0x00, 0xCB, 0xE8, 0x00, 0x00, 0x88, 0xCE, 0x00, 0x00, 0xCC, 0xEB, 0x00, 0x00,
    0xBB, 0x0E, 0x00, 0x00, 0xEE, 0x00, 0x00, 0x00, 0x09, 0x00, 0x00, 0x00, 0x09, 0x00, 0x00, 0x00,
    0x44, 0x04, 0x00, 0x00, 0x00, 0x00, 0x00, 0x00, 0x00, 0x00, 0x00, 0x00, 0x00, 0x00, 0x00, 0x00,
    0x00, 0x00, 0x00, 0x00, 0x00, 0x00, 0x00, 0x00, 0x00, 0x00, 0x00, 0x00, 0x00, 0x00, 0x00, 0x00,
    0xEE, 0xEE, 0x00, 0x00, 0x00, 0x00, 0x00, 0x00, 0x00, 0x00, 0x00, 0x00, 0x00, 0x00, 0x00, 0x00,
    0x00, 0x00, 0x00, 0x00, 0x00, 0x00, 0x00, 0x00, 0x00, 0x00, 0x00, 0x00, 0x00, 0x00, 0x00, 0x00,
    0x00, 0x00, 0x00, 0x00, 0x00, 0x00, 0x00, 0x00, 0x00, 0x00, 0x00, 0x00, 0x00, 0x00, 0x00, 0x00,
    0x07, 0x00, 0x00, 0x00, 0x77, 0x00, 0x00, 0x00, 0x75, 0x00, 0x00, 0x00, 0x74, 0x00, 0x00, 0x00,
    0x77, 0x00, 0x00, 0x00, 0x07, 0x00, 0x00, 0x00, 0x00, 0x00, 0x00, 0x00, 0x00, 0x00, 0x00, 0x00,
    0x00, 0x00, 0x00, 0x00, 0x00, 0x00, 0x00, 0x00, 0x00, 0x00, 0x00, 0x00, 0x00, 0x00, 0x00, 0x00,
    0x00, 0x00, 0x00, 0x0A, 0x00, 0x00, 0x00, 0xAA, 0x00, 0x00, 0x00, 0x6A, 0x00, 0x00, 0x00, 0x5A,
    0x00, 0x00, 0x00, 0x66, 0x00, 0xA0, 0xAA, 0x6A, 0x00, 0xA0, 0x56, 0x55, 0x00, 0x00, 0x6A, 0x65,
    0x22, 0x11, 0x11, 0x21, 0x20, 0x12, 0x11, 0x11, 0x00, 0x22, 0x11, 0x11, 0x00, 0x20, 0x12, 0x11,
    0x00, 0x00, 0x22, 0x11, 0x00, 0x00, 0x20, 0x12, 0x00, 0x00, 0x00, 0x22, 0x00, 0x00, 0x00, 0x00,
    0x00, 0x00, 0x00, 0x00, 0x00, 0x00, 0x00, 0x00, 0x00, 0x00, 0x00, 0x00, 0x00, 0x00, 0x00, 0x00,
    0x00, 0x00, 0x00, 0x00, 0x00, 0x00, 0x00, 0xE0, 0x00, 0x00, 0x00, 0xE0, 0x00, 0x00, 0x00, 0xE0,
    0x00, 0x80, 0x68, 0x65, 0x00, 0x8E, 0x6A, 0x55, 0x00, 0x8E, 0x5A, 0xA6, 0x00, 0x8E, 0xAA, 0xAA,
    0xE0, 0xCE, 0x88, 0xAC, 0xCE, 0xEB, 0xCC, 0x6C, 0xBC, 0xEC, 0xCC, 0xEC, 0xEE, 0xEB, 0x5E, 0x95,
    0x56, 0x65, 0x69, 0x65, 0x95, 0x69, 0x96, 0x55, 0x6A, 0x96, 0x96, 0x56, 0x56, 0x99, 0x56, 0x5A,
    0x99, 0x95, 0x67, 0x6A, 0x6A, 0x96, 0xA7, 0xE6, 0xAB, 0x6C, 0xCA, 0xEB, 0xBE, 0xEC, 0xCC, 0xBE,
    0x99, 0x69, 0x0A, 0x00, 0x96, 0x00, 0x00, 0x00, 0x6A, 0x0A, 0x00, 0x00, 0xAA, 0x0A, 0x00, 0x00,
    0x0A, 0x00, 0x00, 0x00, 0x00, 0x00, 0x00, 0x00, 0x0E, 0x00, 0x00, 0x00, 0xEE, 0x00, 0x00, 0x00,
    0x00, 0x00, 0x00, 0x90, 0x00, 0x00, 0x00, 0x90, 0x00, 0x00, 0x00, 0x90, 0x00, 0x00, 0x00, 0x00,
    0x00, 0x00, 0x00, 0x90, 0x00, 0x00, 0x00, 0x89, 0x00, 0x00, 0x80, 0x58, 0x00, 0x00, 0x40, 0x98,
    0xE4, 0xCB, 0x9E, 0x94, 0x54, 0xBE, 0x9C, 0x95, 0x59, 0xB9, 0xAC, 0x11, 0x59, 0xE9, 0x19, 0x84,
    0x99, 0x9A, 0x85, 0x9E, 0x84, 0xAE, 0xA9, 0x18, 0xE2, 0x28, 0xE5, 0x84, 0xE5, 0x29, 0x82, 0x8E,
    0x5E, 0xCE, 0xEC, 0x9B, 0xBB, 0xEC, 0xCE, 0x79, 0xB8, 0xCC, 0xBC, 0x9B, 0xAA, 0x97, 0xB9, 0x57,
    0xEE, 0x2A, 0xA7, 0xB3, 0x41, 0x5E, 0x52, 0xB9, 0x18, 0xE4, 0x25, 0xC9, 0x84, 0x4E, 0x25, 0xBE,
    0x77, 0x0E, 0x00, 0x00, 0xE7, 0xE7, 0x00, 0x00, 0x7E, 0xEE, 0x00, 0x00, 0x99, 0xCC, 0x0E, 0x00,
    0xBB, 0xBC, 0x0C, 0x00, 0xCC, 0xCB, 0x0E, 0x00, 0xBB, 0xEE, 0x00, 0x00, 0xEE, 0xE7, 0x00, 0x00,
    0x00, 0x00, 0x88, 0xB4, 0x00, 0x00, 0xB8, 0xBB, 0x00, 0x00, 0x84, 0x5B, 0x00, 0xEE, 0x88, 0x7B,
    0xE0, 0xBB, 0xBB, 0xB4, 0xBE, 0xBB, 0xBB, 0x48, 0xBE, 0xBB, 0x84, 0x41, 0xCE, 0xBB, 0xBB, 0xBB,
    0xAA, 0x99, 0xE7, 0x14, 0x7B, 0x57, 0xEA, 0x88, 0x95, 0x25, 0x5A, 0x99, 0xA7, 0x22, 0xA2, 0x97,
    0xA1, 0x79, 0x25, 0x22, 0xAB, 0xAA, 0xAA, 0x59, 0xCB, 0x4C, 0x0E, 0xA0, 0xCC, 0x84, 0x0E, 0x00,
    0x44, 0x9E, 0x97, 0xEE, 0x95, 0x2A, 0x92, 0x48, 0x54, 0x59, 0x82, 0x28, 0x9A, 0x97, 0x4A, 0x28,
    0x57, 0x72, 0x09, 0x44, 0x22, 0x95, 0xE0, 0xBC, 0x7A, 0x09, 0xE0, 0xB4, 0x00, 0x00, 0x8E, 0xBC,
    0x57, 0x59, 0x0A, 0x00, 0x74, 0x29, 0x0A, 0x00, 0x22, 0x22, 0xE4, 0x00, 0x11, 0x21, 0x22, 0x02,
    0x24, 0x12, 0x11, 0x22, 0x4B, 0x44, 0x22, 0x11, 0xBB, 0xCC, 0x44, 0x24, 0xBB, 0xCC, 0x0E, 0x40,
    0x8E, 0xCC, 0xCC, 0x4C, 0xE0, 0x84, 0x84, 0x84, 0x00, 0xEE, 0xEE, 0xEE, 0x00, 0x00, 0x00, 0x00,
    0x00, 0x00, 0x00, 0x00, 0x00, 0x00, 0x00, 0x00, 0x00, 0x00, 0x00, 0x00, 0x00, 0x00, 0x00, 0x00,
    0x48, 0xE8, 0x00, 0x00, 0xEE, 0x0E, 0x00, 0x00, 0x00, 0x00, 0x00, 0x00, 0x00, 0x00, 0x00, 0x00,
    0x00, 0x00, 0x00, 0x00, 0x00, 0x00, 0x00, 0x00, 0x00, 0x00, 0x00, 0x00, 0x00, 0x00, 0x00, 0x00,
    0x00, 0xE0, 0x8C, 0xCC, 0x00, 0xE0, 0x48, 0x48, 0x00, 0xE0, 0xCC, 0xCC, 0x00, 0x00, 0xEE, 0xEE,
    0x00, 0x00, 0x00, 0x00, 0x00, 0x00, 0x00, 0x00, 0x00, 0x00, 0x00, 0x00, 0x00, 0x00, 0x00, 0x00,
    0xCC, 0xCC, 0x0E, 0x00, 0x48, 0xEC, 0x00, 0x00, 0xCC, 0xE8, 0x00, 0x00, 0xEE, 0x0E, 0x00, 0x00,
    0x00, 0x00, 0x00, 0x00, 0x00, 0x00, 0x00, 0x00, 0x00, 0x00, 0x00, 0x00, 0x00, 0x00, 0x00, 0x00,
    0x00, 0x00, 0x00, 0x00, 0x00, 0x40, 0x04, 0x00, 0x00, 0x24, 0x21, 0x44, 0x40, 0x12, 0x42, 0x22,
    0x22, 0x12, 0x12, 0x42, 0x21, 0x22, 0x12, 0x21, 0x12, 0x11, 0x22, 0x22, 0x44, 0x22, 0x11, 0x21,
    0x00, 0x00, 0x00, 0x00, 0x00, 0x00, 0x00, 0x00, 0x00, 0x00, 0x00, 0x00, 0x24, 0x04, 0x00, 0x00,
    0x12, 0x04, 0x00, 0x00, 0x21, 0x04, 0x00, 0x00, 0x21, 0x00, 0x00, 0x00, 0x42, 0x00, 0x00, 0x00,
    0x00, 0x44, 0x24, 0x12, 0x00, 0x00, 0x40, 0x44, 0x00, 0x00, 0x00, 0x00, 0x00, 0x00, 0x00, 0x00,
    0x00, 0x00, 0x00, 0x00, 0x00, 0x00, 0x00, 0x00, 0x00, 0x00, 0x00, 0x00, 0x00, 0x00, 0x00, 0x00,
    0x42, 0x00, 0x00, 0x00, 0x02, 0x00, 0x00, 0x00, 0x00, 0x00, 0x00, 0x00, 0x00, 0x00, 0x00, 0x00,
    0x00, 0x00, 0x00, 0x00, 0x00, 0x00, 0x00, 0x00, 0x00, 0x00, 0x00, 0x00, 0x00, 0x00, 0x00, 0x00,
    0x00, 0x00, 0x00, 0x00, 0x00, 0x00, 0x60, 0xAA, 0x00, 0x00, 0xA0, 0x56, 0x00, 0x00, 0xA0, 0x56,
    0x00, 0x00, 0xA0, 0x66, 0x00, 0x00, 0xCE, 0xAA, 0x00, 0xE0, 0xAC, 0x55, 0x00, 0xE0, 0xA8, 0x65,
    0xAA, 0xAA, 0x0A, 0x00, 0x66, 0x56, 0x65, 0xAA, 0x65, 0x65, 0x66, 0x65, 0x66, 0x56, 0x66, 0x56,
    0x95, 0x56, 0x55, 0x56, 0x66, 0x69, 0x56, 0x65, 0x66, 0x99, 0x66, 0x66, 0x66, 0x66, 0x66, 0x99,
    0x00, 0x00, 0x00, 0x00, 0x00, 0x00, 0x00, 0x00, 0x0A, 0x00, 0x00, 0x00, 0xA6, 0x00, 0x00, 0x00,
    0xA6, 0x00, 0x00, 0x00, 0x69, 0x0A, 0x00, 0x00, 0x59, 0x0A, 0x00, 0x00, 0x66, 0xA5, 0x00, 0x00,
};
static const u16 sSet5Frame0[] = {
    0x0007, 0x00E1, 0x81EB, 0x0000, 0x00D9, 0x400B, 0x0010, 0x40D9, 0x41E3, 0x0014, 0x80D9, 0x001B,
    0x0018, 0x80E1, 0x01E3, 0x001A, 0x80E9, 0x000B, 0x001C, 0x00F9, 0x000B, 0x001E, 0x0000,
};
static const u16 sSet5Frame1[] = {
    0x0009, 0x00CF, 0x81E7, 0x001F, 0x40EF, 0x81F7, 0x002F, 0x80C7, 0x8007, 0x0037, 0x40C7, 0x01E7,
    0x003F, 0x40E7, 0x0007, 0x0041, 0x40FF, 0x0007, 0x0043, 0x80D7, 0x0017, 0x0045, 0x00C7, 0x01FF,
    0x0047, 0x00EF, 0x01EF, 0x0048, 0x0000,
};
static const u16 sSet5Frame2[] = {
    0x0004, 0x00E4, 0x81EB, 0x0049, 0x00F4, 0x400B, 0x0059, 0x40DC, 0x01F3, 0x005D, 0x00DC, 0x0003,
    0x005F, 0x0000,
};
static const void* const sSet5Frames[] = { sSet5Frame0, sSet5Frame1, sSet5Frame2 };

static const u16 sBattleAnim22[] = {
    0x0040, 0x0040, 0x0005, 0x0000, 0x0004, 0x0000, 0x0003, 0x0001, 0x0005, 0x0001, 0x0007, 0x0002,
    0x0005,
};
static const u16 sBattleAnim23[] = {
    0x0040, 0x0040, 0x0005, 0x0000, 0x0005, 0x0000, 0x0004, 0x0001, 0x0005, 0x0001, 0x0007, 0x0002,
    0x0005,
};
static const u16 sBattleAnim24[] = {
    0x0040, 0x0040, 0x0005, 0x0000, 0x0006, 0x0000, 0x0005, 0x0001, 0x0006, 0x0001, 0x0008, 0x0002,
    0x0005,
};
static const u16 sBattleAnim25[] = {
    0x0040, 0x0040, 0x0005, 0x0000, 0x0007, 0x0000, 0x0006, 0x0001, 0x0007, 0x0001, 0x0008, 0x0002,
    0x0005,
};
static const u16 sBattleAnim26[] = {
    0x0040, 0x0040, 0x0005, 0x0000, 0x0008, 0x0000, 0x0007, 0x0001, 0x0007, 0x0001, 0x0009, 0x0002,
    0x0005,
};
static const u8 sTiles6[] __attribute__((aligned(4))) = {
    0x00, 0x00, 0x00, 0x00, 0x00, 0x00, 0x00, 0x00, 0x00, 0x00, 0x00, 0x00, 0x00, 0x00, 0x00, 0x00,
    0x00, 0x00, 0x00, 0x00, 0x00, 0x00, 0x00, 0x00, 0x00, 0x00, 0x00, 0xC0, 0x00, 0x00, 0xE0, 0xEE,
    0x00, 0x00, 0xA0, 0xAA, 0x00, 0x00, 0xA0, 0x56, 0x00, 0xAA, 0xAA, 0x6A, 0xA0, 0x66, 0x55, 0x65,
    0xA0, 0x55, 0x66, 0x56, 0xAC, 0x56, 0x65, 0x56, 0xCC, 0x66, 0x55, 0x65, 0xCC, 0x66, 0x66, 0x66,
    0x00, 0x00, 0x00, 0x00, 0xAA, 0x00, 0x00, 0x00, 0x66, 0x99, 0xA0, 0x0A, 0x55, 0x96, 0x56, 0x0A,
    0x65, 0x65, 0x69, 0xAA, 0x65, 0x66, 0x99, 0x06, 0x55, 0x65, 0x66, 0xAA, 0x66, 0x66, 0x69, 0x65,
    0x00, 0x00, 0x00, 0x00, 0x00, 0x00, 0x00, 0x00, 0x00, 0x00, 0x00, 0x00, 0x00, 0x00, 0x00, 0x00,
    0x00, 0x00, 0x00, 0x00, 0x00, 0x00, 0x00, 0x00, 0x00, 0x00, 0x00, 0x00, 0x4A, 0x00, 0x00, 0x00,
    0x00, 0x00, 0xCE, 0xCC, 0x00, 0x00, 0xE0, 0xCC, 0x00, 0x00, 0xC0, 0xEE, 0xEE, 0x0E, 0xEE, 0xCC,
    0xBB, 0xCC, 0xCE, 0xCC, 0xEC, 0xEE, 0xCC, 0xCC, 0x8B, 0xCC, 0xCC, 0xCC, 0x8B, 0xC8, 0xCC, 0xCC,
    0x6A, 0x66, 0x59, 0x66, 0xCC, 0x9A, 0x59, 0x56, 0xCC, 0xAC, 0x66, 0x65, 0xEE, 0xCE, 0x6A, 0x65,
    0xCC, 0x8B, 0xAE, 0x56, 0xBC, 0x8B, 0x88, 0x5A, 0xBC, 0x8B, 0x88, 0x6A, 0xCC, 0xBE, 0x88, 0xAB,
    0x66, 0x96, 0x96, 0x56, 0x66, 0x96, 0x65, 0xAA, 0x56, 0x99, 0x56, 0x4A, 0x65, 0x69, 0x99, 0x06,
    0x95, 0x56, 0x09, 0x6A, 0x96, 0xA5, 0x06, 0x00, 0x6A, 0x0A, 0x0A, 0x90, 0xA0, 0x00, 0xE0, 0x59,
    0xA5, 0x42, 0x44, 0x04, 0xAA, 0x11, 0x21, 0x22, 0x22, 0x22, 0x12, 0x11, 0x00, 0x22, 0x22, 0x22,
    0x00, 0x00, 0x00, 0x20, 0x00, 0x00, 0x00, 0x00, 0xA7, 0x00, 0x00, 0x00, 0x79, 0x0A, 0x00, 0x00,
    0x00, 0x00, 0xE0, 0xEC, 0x00, 0x00, 0xE0, 0xCE, 0x00, 0x00, 0x70, 0xCE, 0x00, 0xEE, 0x5E, 0xCE,
    0xE0, 0xCC, 0x7A, 0xE9, 0x8E, 0x9C, 0x25, 0xE5, 0x4E, 0xAC, 0x27, 0x72, 0x8E, 0xCC, 0x5C, 0x97,
    0xEB, 0x88, 0xCC, 0xCC, 0xCB, 0x4E, 0x44, 0xC4, 0xEC, 0xEE, 0xEE, 0x1E, 0xEC, 0xBB, 0xCC, 0xEE,
    0xEC, 0xBC, 0xCB, 0xBC, 0xCC, 0xCE, 0xCC, 0xBB, 0xEE, 0xEC, 0xCE, 0xEC, 0x0E, 0x00, 0xEE, 0xCE,
    0xCC, 0xCE, 0xBB, 0xBB, 0xEC, 0xCE, 0xBB, 0xBB, 0x11, 0xE1, 0xBC, 0xEE, 0xEE, 0xEE, 0x91, 0x59,
    0xEC, 0x77, 0x1E, 0x99, 0xCC, 0xE9, 0x97, 0x0E, 0xCE, 0x95, 0x7E, 0xB9, 0x5C, 0xC3, 0x79, 0xC9,
    0x0E, 0xEE, 0x8A, 0x95, 0x9E, 0x8E, 0x1E, 0xE1, 0x54, 0x4E, 0x15, 0xE4, 0x95, 0x14, 0x4E, 0x8E,
    0xE9, 0xEE, 0xEE, 0xEE, 0x00, 0x00, 0x00, 0x00, 0x00, 0x00, 0x00, 0x00, 0x0E, 0x00, 0x00, 0x00,
    0x4E, 0xCC, 0xCC, 0xC9, 0xE0, 0xC8, 0xBB, 0xCC, 0x00, 0x8E, 0xCC, 0xE8, 0x00, 0x8E, 0x88, 0xE8,
    0x00, 0xE0, 0xEE, 0x0E, 0x00, 0x00, 0x00, 0x00, 0x00, 0x00, 0x00, 0x00, 0x00, 0x00, 0x00, 0x00,
    0x0E, 0x00, 0x00, 0x3E, 0x0E, 0x00, 0x00, 0xE0, 0x00, 0x00, 0x00, 0xE0, 0x00, 0x00, 0x00, 0x00,
    0x00, 0x00, 0x00, 0x00, 0x00, 0x00, 0x00, 0x00, 0x00, 0x00, 0x00, 0x00, 0x00, 0x00, 0x00, 0xE0,
    0x77, 0xBC, 0x88, 0xCC, 0xCC, 0x8C, 0xBB, 0xBC, 0x44, 0xC4, 0xCC, 0xCB, 0xCE, 0xCC, 0xBC, 0xEC,
    0xE0, 0xBE, 0xEB, 0x7E, 0x7A, 0xE9, 0x9E, 0x09, 0x2A, 0x59, 0xA9, 0x00, 0x5C, 0x92, 0x0A, 0x00,
    0xEB, 0x00, 0x00, 0x00, 0x9C, 0x00, 0x00, 0x00, 0x75, 0x00, 0x00, 0x00, 0x07, 0x00, 0x00, 0x00,
    0x00, 0x00, 0x00, 0x00, 0x00, 0x00, 0x00, 0x00, 0x00, 0x00, 0x00, 0x00, 0x00, 0x00, 0x00, 0x00,
    0x00, 0x00, 0x00, 0x00, 0x44, 0x44, 0x00, 0x00, 0x11, 0x22, 0x42, 0x44, 0x22, 0x11, 0x22, 0x12,
    0x22, 0x42, 0x22, 0x22, 0x00, 0x00, 0x14, 0x12, 0x00, 0x00, 0x14, 0x14, 0x00, 0x00, 0x40, 0x42,
    0x00, 0x00, 0x00, 0x00, 0x00, 0x00, 0x00, 0x00, 0x04, 0x00, 0x00, 0x00, 0x22, 0x44, 0x04, 0x00,
    0x22, 0x11, 0x42, 0x00, 0x21, 0x22, 0x42, 0x00, 0x42, 0x12, 0x04, 0x00, 0x24, 0x21, 0x04, 0x00,
    0x00, 0x00, 0x00, 0xCE, 0x00, 0x00, 0x00, 0xCE, 0x00, 0x00, 0xE0, 0xCE, 0x00, 0x00, 0xE0, 0xC8,
    0x00, 0x00, 0xE0, 0x88, 0x00, 0x00, 0x00, 0xEE, 0x00, 0x00, 0x00, 0x00, 0x00, 0x00, 0x00, 0x00,
    0x9C, 0x25, 0x09, 0xE0, 0xCC, 0xAA, 0xEE, 0xBE, 0xCC, 0xCC, 0xCC, 0xBB, 0xCC, 0xCC, 0xCC, 0xBB,
    0xCC, 0xCC, 0xCC, 0xBC, 0x88, 0x48, 0xCC, 0xCC, 0xEE, 0xEE, 0x48, 0x48, 0x00, 0x00, 0xEE, 0xEE,
    0x00, 0x00, 0x00, 0x00, 0x00, 0x00, 0x00, 0x00, 0x00, 0x00, 0x00, 0x00, 0x00, 0x00, 0x00, 0x00,
    0x00, 0x00, 0x00, 0xE0, 0x00, 0x00, 0x00, 0xBE, 0x00, 0x00, 0xE0, 0xCB, 0x00, 0x00, 0xE0, 0xEB,
    0x5A, 0x0A, 0x00, 0x00, 0x92, 0x07, 0x00, 0x00, 0x84, 0x00, 0x00, 0x00, 0xEE, 0x00, 0x00, 0x00,
    0x00, 0x00, 0x00, 0x00, 0x00, 0x00, 0x00, 0x00, 0x00, 0x00, 0x00, 0x00, 0x00, 0x00, 0x00, 0x00,
    0x40, 0x42, 0x00, 0x00, 0x00, 0x00, 0x00, 0x00, 0x00, 0x00, 0x00, 0x00, 0x00, 0x00, 0x00, 0x00,
    0x00, 0x00, 0x00, 0x00, 0x00, 0x00, 0x00, 0x00, 0x00, 0x00, 0x00, 0x00, 0x00, 0x00, 0x00, 0x00,
    0xEE, 0x00, 0x00, 0x00, 0xCB, 0x0E, 0x00, 0x00, 0xBB, 0xEC, 0x00, 0x00, 0xCB, 0xE8, 0x00, 0x00,
    0x8C, 0xE4, 0x00, 0x00, 0x4C, 0x0E, 0x00, 0x00, 0xE8, 0x00, 0x00, 0x00, 0x0E, 0x00, 0x00, 0x00,
    0x00, 0x00, 0x00, 0x22, 0x22, 0x22, 0x22, 0x22, 0x22, 0x12, 0x11, 0x11, 0x11, 0x11, 0x11, 0x11,
    0x11, 0x11, 0x11, 0x21, 0x11, 0x11, 0x22, 0x22, 0x11, 0x22, 0x22, 0x22, 0x22, 0x22, 0x22, 0x22,
    0x22, 0x22, 0xA2, 0x22, 0xA2, 0x11, 0x61, 0x1A, 0x61, 0xAA, 0x91, 0x65, 0xAA, 0x56, 0x99, 0x96,
    0x5A, 0x69, 0x65, 0x69, 0xA2, 0x96, 0x66, 0x66, 0x22, 0x6A, 0x56, 0x66, 0xA2, 0x96, 0x59, 0x56,
    0x22, 0x22, 0x22, 0x22, 0x11, 0x11, 0x11, 0x22, 0xAA, 0x1A, 0x11, 0x11, 0x65, 0x65, 0x2A, 0x44,
    0x56, 0x55, 0xA6, 0x44, 0x66, 0x66, 0x66, 0x0A, 0x65, 0x65, 0x55, 0x0A, 0x95, 0x56, 0x65, 0xA5,
    0x22, 0x22, 0x02, 0x00, 0x22, 0x22, 0x22, 0x44, 0x11, 0x11, 0x21, 0x22, 0x44, 0x44, 0x44, 0x44,
    0x44, 0x44, 0x04, 0x00, 0x00, 0x00, 0x00, 0x00, 0x00, 0x00, 0x00, 0x00, 0x00, 0x00, 0x00, 0x00,
    0x22, 0x22, 0x22, 0x22, 0x22, 0x22, 0x22, 0x44, 0x22, 0x42, 0x44, 0x44, 0x22, 0x44, 0x44, 0x00,
    0x44, 0x44, 0x00, 0x00, 0xEE, 0xEA, 0xE8, 0x00, 0x14, 0x81, 0x15, 0x98, 0x8E, 0x48, 0x1B, 0x58,
    0x5A, 0x65, 0x69, 0x65, 0xAA, 0x66, 0x96, 0x56, 0x04, 0xAA, 0x6A, 0x99, 0x00, 0xA0, 0x96, 0x76,
    0x00, 0x6A, 0x7A, 0x5A, 0xEE, 0xEC, 0x57, 0xE6, 0xA7, 0xCC, 0xCC, 0x8C, 0x54, 0xCC, 0xCC, 0x88,
    0x65, 0x99, 0x56, 0xA5, 0x95, 0x69, 0xAA, 0x66, 0x96, 0xA6, 0xAA, 0x0A, 0x6A, 0xCA, 0xBC, 0xEC,
    0xAA, 0xCC, 0xBB, 0xEB, 0xCC, 0xCC, 0xEE, 0xEE, 0xC8, 0xEE, 0xBE, 0x88, 0x88, 0xC8, 0xBB, 0x8B,
    0x0A, 0x00, 0x00, 0x00, 0x0A, 0x00, 0x00, 0x00, 0x00, 0x00, 0x00, 0x97, 0x00, 0x00, 0x90, 0x85,
    0x00, 0x00, 0xE0, 0x48, 0xEE, 0x0E, 0xAA, 0x14, 0xC8, 0xEE, 0x18, 0x4E, 0xC8, 0x5E, 0x95, 0x81,
    0x84, 0xE4, 0x48, 0x9E, 0x48, 0x41, 0x8E, 0x7E, 0x75, 0x95, 0xEA, 0x22, 0x22, 0x22, 0x22, 0x52,
    0x55, 0x75, 0x97, 0x79, 0x99, 0xA9, 0xAA, 0xAA, 0x00, 0x00, 0x00, 0x00, 0x00, 0x00, 0x00, 0xB0,
    0x77, 0xCC, 0xCC, 0x88, 0xCC, 0xCC, 0xCC, 0x8C, 0xEA, 0xCC, 0xEC, 0xCE, 0x09, 0xEE, 0x18, 0xE1,
    0x0A, 0x00, 0x14, 0xE1, 0x00, 0x00, 0xE8, 0x1E, 0xEB, 0xCE, 0xB8, 0xEC, 0xB1, 0x84, 0x3B, 0xB3,
    0x88, 0xC8, 0xBC, 0x8B, 0x88, 0xCC, 0xBC, 0xEC, 0xCC, 0xCC, 0xCC, 0xEC, 0xCC, 0xCC, 0xCC, 0xCC,
    0xCE, 0xCC, 0xCC, 0xCC, 0xC1, 0xCC, 0xCC, 0x8C, 0x11, 0x11, 0x44, 0x44, 0xEC, 0xEE, 0xEE, 0xBC,
    0xCC, 0x9E, 0xE7, 0xE1, 0xEE, 0x0E, 0x4E, 0xE8, 0xEE, 0x00, 0xE0, 0x0E, 0x8E, 0x0E, 0x00, 0x00,
    0x8C, 0x0E, 0x00, 0x00, 0x88, 0x00, 0x00, 0x00, 0xE4, 0x00, 0x00, 0x00, 0x9B, 0x0E, 0x00, 0x00,
    0x00, 0x00, 0x00, 0x8B, 0x00, 0x00, 0x00, 0x1B, 0x00, 0x00, 0x00, 0x4B, 0x00, 0x00, 0x00, 0xB0,
    0x00, 0x00, 0x00, 0x00, 0x00, 0x00, 0x00, 0x00, 0x00, 0x00, 0x00, 0x00, 0x00, 0xEE, 0x0E, 0xA0,
    0xBB, 0xB8, 0xB4, 0x5B, 0x48, 0xBB, 0x4B, 0xB8, 0xB8, 0xCB, 0xBB, 0x8C, 0xEB, 0xCB, 0xCC, 0xCC,
    0x70, 0xE9, 0xCC, 0xCC, 0x90, 0xE5, 0xCE, 0xCC, 0xA7, 0x29, 0xE1, 0xEE, 0x25, 0x52, 0x09, 0x00,
    0xE5, 0xBC, 0xBB, 0xBC, 0xCC, 0xCE, 0xCB, 0xCC, 0xCC, 0xEC, 0xCE, 0xEE, 0xC8, 0xCC, 0xEE, 0xCC,
    0x8C, 0xEE, 0xE0, 0x75, 0xEC, 0x00, 0x00, 0xCE, 0x0E, 0x00, 0x00, 0x4E, 0x00, 0x00, 0x00, 0xE0,
    0x9C, 0xE7, 0x00, 0x00, 0x79, 0x7E, 0xE9, 0x00, 0x7C, 0x77, 0xC9, 0x0E, 0xB3, 0x99, 0xB9, 0x0E,
    0xBC, 0x88, 0xBB, 0xEC, 0x8C, 0xBB, 0xCB, 0xEB, 0xC4, 0xCC, 0xBC, 0x4E, 0xCC, 0xBC, 0xCB, 0x59,
    0x00, 0x00, 0x00, 0x00, 0x00, 0x00, 0x00, 0x00, 0x00, 0x00, 0x00, 0x00, 0x00, 0x00, 0x00, 0x20,
    0x00, 0x00, 0x00, 0x22, 0x00, 0x00, 0x20, 0x22, 0x00, 0x00, 0x22, 0x22, 0x00, 0x20, 0x22, 0x22,
    0x00, 0x00, 0x22, 0x22, 0x00, 0x22, 0x22, 0x11, 0x20, 0x22, 0x11, 0x11, 0x22, 0x12, 0x11, 0x11,
    0x12, 0x11, 0x11, 0x11, 0x22, 0x11, 0x11, 0x11, 0x22, 0x22, 0x11, 0x11, 0x22, 0x22, 0x22, 0x11,
    0x11, 0x11, 0x11, 0x11, 0x11, 0x11, 0x11, 0x11, 0x11, 0x11, 0x11, 0x11, 0x11, 0x11, 0x11, 0x11,
    0x11, 0x11, 0x11, 0x11, 0x11, 0x11, 0x11, 0x22, 0x11, 0x11, 0x21, 0x22, 0x11, 0x11, 0x22, 0x22,
    0x11, 0x11, 0x11, 0x22, 0x11, 0x11, 0x21, 0x22, 0x11, 0x21, 0x22, 0x22, 0x21, 0x22, 0x22, 0x22,
    0x22, 0x22, 0x22, 0x22, 0x22, 0x22, 0x22, 0x42, 0x22, 0x22, 0x22, 0xE9, 0x22, 0x22, 0x79, 0x4E,
    0x00, 0x22, 0x22, 0x22, 0x00, 0x22, 0x22, 0x22, 0x00, 0x24, 0x44, 0x42, 0x40, 0x22, 0x22, 0x12,
    0x24, 0x42, 0x24, 0x22, 0x24, 0x22, 0x12, 0x11, 0x24, 0x11, 0x21, 0x22, 0x40, 0x44, 0x44, 0x44,
    0x22, 0x22, 0x22, 0x22, 0x42, 0x22, 0x22, 0x22, 0x12, 0x24, 0x44, 0x44, 0x22, 0x22, 0x22, 0x12,
    0x11, 0x11, 0x11, 0x21, 0x22, 0x42, 0x44, 0x44, 0x44, 0x04, 0x00, 0x00, 0x00, 0x00, 0x00, 0x00,
    0x22, 0x22, 0x22, 0x22, 0x22, 0x22, 0x44, 0x44, 0x44, 0x22, 0x22, 0x12, 0x11, 0x11, 0x11, 0x21,
    0x22, 0x42, 0x44, 0x44, 0x44, 0x04, 0x00, 0x00, 0x00, 0x00, 0x00, 0x00, 0x00, 0x00, 0x00, 0x00,
    0x22, 0x92, 0x97, 0xB8, 0x44, 0xA4, 0x25, 0xA7, 0x21, 0x88, 0x9A, 0xA9, 0x42, 0x48, 0x59, 0x27,
    0x44, 0x44, 0x94, 0x79, 0x00, 0x00, 0x00, 0xAA, 0x00, 0x00, 0x00, 0x00, 0x00, 0x00, 0x00, 0x00,
    0x00, 0x00, 0x00, 0x00, 0x04, 0x00, 0x00, 0x00, 0x42, 0x44, 0x04, 0x00, 0x44, 0x44, 0x44, 0x44,
    0x00, 0x00, 0x00, 0x00, 0x00, 0x00, 0x00, 0x00, 0x00, 0x00, 0x00, 0x00, 0x00, 0x00, 0x00, 0x00,
    0x00, 0x00, 0x00, 0x00, 0x00, 0x00, 0x00, 0x00, 0x00, 0x99, 0x00, 0x00, 0xEE, 0x95, 0x00, 0x00,
    0x1E, 0x07, 0x00, 0x00, 0x48, 0x91, 0x00, 0x00, 0x88, 0xE1, 0x00, 0x00, 0xE1, 0xE4, 0x00, 0x00,
    0x84, 0x9E, 0x00, 0x00, 0xEE, 0x00, 0x00, 0x00, 0x00, 0x00, 0x00, 0x00, 0x00, 0x00, 0x00, 0x00,
    0x00, 0x00, 0x00, 0x00, 0x00, 0x00, 0x00, 0x00, 0x00, 0x00, 0x00, 0x00, 0x00, 0x00, 0x00, 0x00,
    0x00, 0x00, 0x00, 0x00, 0x00, 0x00, 0x00, 0x00, 0x00, 0x00, 0x00, 0x00, 0x00, 0x00, 0x00, 0x00,
    0x00, 0x00, 0x00, 0x00, 0x09, 0x99, 0x00, 0x00, 0x97, 0x22, 0x0A, 0x00, 0x59, 0x52, 0xE7, 0x00,
    0x00, 0x00, 0x00, 0x00, 0x00, 0x00, 0x00, 0x00, 0x00, 0x00, 0x00, 0x00, 0x00, 0x00, 0x00, 0x00,
    0x00, 0x00, 0x00, 0x00, 0x00, 0x00, 0x00, 0x00, 0x00, 0x00, 0x00, 0x00, 0x00, 0x00, 0x00, 0x22,
    0x00, 0x00, 0x00, 0x00, 0x00, 0x00, 0x00, 0x00, 0x00, 0x00, 0x00, 0x00, 0x00, 0x00, 0x00, 0x20,
    0x00, 0x00, 0x20, 0x22, 0x00, 0x20, 0x22, 0x22, 0x22, 0x22, 0x12, 0x11, 0x22, 0x11, 0x11, 0x11,
    0x00, 0x00, 0x00, 0x00, 0x00, 0x00, 0x00, 0xE0, 0x00, 0x00, 0x00, 0xE0, 0x00, 0x00, 0x00, 0xE0,
    0x00, 0x00, 0x00, 0xE0, 0x00, 0x00, 0x00, 0x00, 0x00, 0x00, 0x00, 0x00, 0x00, 0x00, 0x00, 0x00,
    0x8E, 0x84, 0xEC, 0xA0, 0xB4, 0xBB, 0xCB, 0xCE, 0xB8, 0xBB, 0xCB, 0xCC, 0xB4, 0xBB, 0xCC, 0xCC,
    0x48, 0xCC, 0xCC, 0xCC, 0x8E, 0x84, 0x84, 0xE4, 0xE0, 0xEE, 0xEE, 0x0E, 0x00, 0x00, 0x00, 0x00,
    0xCE, 0xEC, 0x0E, 0x90, 0xE0, 0x0E, 0x00, 0xCE, 0x00, 0x00, 0x00, 0xBE, 0x00, 0x00, 0x00, 0xCE,
    0x00, 0x00, 0x00, 0x8E, 0x00, 0x00, 0x00, 0xE0, 0x00, 0x00, 0x00, 0x00, 0x00, 0x00, 0x00, 0x00,
    0x5A, 0x75, 0xCC, 0x0E, 0xAB, 0xC9, 0xCC, 0x0E, 0xCB, 0xCC, 0xBB, 0xEE, 0xCC, 0xCC, 0xCB, 0xEC,
    0xCC, 0xCC, 0xCC, 0xEC, 0x48, 0x48, 0x48, 0xE8, 0xEE, 0xEE, 0xEE, 0x0E, 0x00, 0x00, 0x00, 0x00,
    0x00, 0x00, 0x00, 0x00, 0x00, 0x00, 0x00, 0x20, 0x00, 0x22, 0x22, 0x22, 0x22, 0x22, 0x12, 0x11,
    0x22, 0x12, 0x11, 0x11, 0x11, 0x11, 0x11, 0x11, 0x11, 0x11, 0x11, 0x11, 0x11, 0x11, 0x11, 0x11,
    0x00, 0x00, 0x00, 0x00, 0x00, 0x00, 0x00, 0x00, 0x00, 0x00, 0x00, 0x00, 0x04, 0x00, 0x00, 0x00,
    0x40, 0x04, 0x00, 0x00, 0x00, 0x00, 0x00, 0x00, 0x00, 0x00, 0x00, 0x00, 0x00, 0x00, 0x00, 0x00,
    0x59, 0x75, 0x0A, 0x00, 0xAC, 0xAA, 0x0E, 0x00, 0xCC, 0xCC, 0xEC, 0x00, 0xCC, 0xCC, 0xEC, 0x00,
    0xCC, 0xCC, 0xE8, 0x00, 0x88, 0x88, 0xE8, 0x00, 0xEE, 0xEE, 0x0E, 0x00, 0x00, 0x00, 0x00, 0x00,
    0x00, 0x00, 0x00, 0x00, 0x00, 0x00, 0x00, 0xAA, 0x00, 0x00, 0xA0, 0x5A, 0x6A, 0xA6, 0x6A, 0x65,
    0xA0, 0x65, 0x6A, 0x66, 0x00, 0xAA, 0x96, 0x69, 0x00, 0xA0, 0x95, 0x66, 0x00, 0x5A, 0x66, 0x66,
    0xAA, 0xAA, 0x00, 0x00, 0x65, 0x66, 0xAA, 0x0A, 0x55, 0x65, 0x65, 0xA6, 0x56, 0x66, 0x56, 0x65,
    0x65, 0x66, 0x66, 0x55, 0x66, 0x69, 0x55, 0xA6, 0x99, 0x55, 0x65, 0xE6, 0x66, 0x96, 0x66, 0xEA,
    0x00, 0x00, 0x00, 0x00, 0xE0, 0x0E, 0x00, 0x00, 0xCA, 0xEC, 0x00, 0x00, 0xC6, 0xEC, 0x00, 0x90,
    0xCA, 0xEC, 0x00, 0x57, 0xCC, 0x0E, 0xEE, 0x59, 0xEC, 0xE8, 0xCC, 0x29, 0x8E, 0x88, 0x9C, 0x25,
    0x00, 0x00, 0x00, 0x00, 0x00, 0x00, 0x00, 0x00, 0x00, 0x00, 0x00, 0x00, 0x99, 0x00, 0x00, 0x00,
    0x22, 0x52, 0x97, 0x99, 0x52, 0x25, 0x22, 0x52, 0xA7, 0x8A, 0x7E, 0x25, 0xE9, 0x48, 0x81, 0x7E,
    0xA0, 0x65, 0x96, 0x66, 0x00, 0xAA, 0x6A, 0x69, 0x00, 0x00, 0x66, 0x99, 0x00, 0xA0, 0x95, 0x59,
    0x00, 0xA0, 0x0A, 0x69, 0x00, 0x00, 0x90, 0xA5, 0x00, 0x00, 0x90, 0x97, 0x00, 0x00, 0x00, 0x59,
    0x56, 0x66, 0xAA, 0xCA, 0x65, 0x56, 0xA6, 0xC7, 0x56, 0x56, 0xA6, 0xC5, 0x59, 0x55, 0x6A, 0xCE,
    0x69, 0x65, 0xAA, 0xE0, 0x96, 0x56, 0x0A, 0xC0, 0x6A, 0xEE, 0xE0, 0xCE, 0xA9, 0xE5, 0xEE, 0x11,
    0x8E, 0x88, 0xEC, 0x79, 0x88, 0x88, 0x7C, 0x12, 0x88, 0x88, 0x9C, 0x25, 0xCE, 0xCC, 0xEC, 0xA9,
    0xCC, 0xEC, 0xEE, 0x27, 0xEE, 0xCC, 0x8C, 0x29, 0xEC, 0xCC, 0x88, 0x5E, 0xCE, 0x44, 0xEE, 0x5E,
    0xA9, 0xAA, 0x7A, 0x95, 0xE5, 0xEE, 0xE9, 0x75, 0xA7, 0x97, 0xA5, 0xA9, 0x8A, 0x75, 0x74, 0xAA,
    0xE9, 0x97, 0x9A, 0x9A, 0x97, 0xAA, 0x79, 0x25, 0x52, 0x25, 0x22, 0x52, 0x22, 0x52, 0x97, 0xEE,
    0x00, 0x00, 0x00, 0x00, 0x00, 0x00, 0x00, 0x00, 0x00, 0x00, 0x00, 0x00, 0x00, 0x40, 0x04, 0x00,
    0x00, 0x84, 0x44, 0x44, 0x00, 0x44, 0x41, 0x44, 0x00, 0x14, 0x84, 0x81, 0x40, 0x18, 0x14, 0x11,
    0x00, 0x00, 0x00, 0x00, 0x00, 0x00, 0x00, 0x00, 0x00, 0x00, 0x00, 0x00, 0x44, 0x00, 0x00, 0x00,
    0x84, 0x04, 0x00, 0x00, 0x41, 0x04, 0x00, 0x00, 0x14, 0x04, 0x00, 0x00, 0x14, 0x08, 0x00, 0x00,
    0x84, 0x88, 0x88, 0x44, 0x11, 0x11, 0x11, 0x11, 0x44, 0x44, 0x44, 0x44, 0x44, 0x44, 0x44, 0x44,
    0x00, 0x00, 0x00, 0x00, 0x00, 0x00, 0x00, 0x00, 0x00, 0x00, 0x00, 0x00, 0x00, 0x00, 0x00, 0x00,
    0x84, 0x48, 0x00, 0x00, 0x11, 0x44, 0x00, 0x00, 0x44, 0x48, 0x00, 0x00, 0x44, 0x04, 0x00, 0x00,
    0x00, 0x00, 0x00, 0x00, 0x00, 0x00, 0x00, 0x00, 0x00, 0x00, 0x00, 0x00, 0x00, 0x00, 0x00, 0x00,
    0x97, 0x4A, 0x44, 0x44, 0x22, 0x88, 0x14, 0x11, 0x57, 0x88, 0x48, 0x44, 0x99, 0xAA, 0x44, 0x44,
    0xA2, 0x00, 0x00, 0x00, 0xA2, 0x00, 0x00, 0x00, 0x09, 0x00, 0x00, 0x00, 0xEB, 0x00, 0x00, 0x00,
    0x44, 0x44, 0x44, 0x44, 0x11, 0x11, 0x11, 0x11, 0x44, 0x44, 0x44, 0x44, 0x44, 0x44, 0x44, 0x44,
    0x00, 0x00, 0x00, 0x00, 0x00, 0x00, 0x00, 0x00, 0x00, 0x00, 0x00, 0x00, 0x00, 0x00, 0x00, 0x00,
    0xEB, 0x00, 0x00, 0x00, 0xEB, 0x00, 0x00, 0x00, 0xEC, 0x00, 0x00, 0x00, 0x7E, 0x09, 0x99, 0x09,
    0x45, 0x95, 0x22, 0xE7, 0x99, 0x97, 0x52, 0xBC, 0x00, 0x79, 0x75, 0xCC, 0x00, 0xE0, 0xA9, 0xCC,
    0x00, 0x00, 0x00, 0x00, 0x00, 0x00, 0x00, 0x00, 0x00, 0x00, 0x00, 0x00, 0x00, 0x00, 0x00, 0x00,
    0xEE, 0x00, 0x00, 0x00, 0xCB, 0x0E, 0x00, 0x00, 0xCB, 0xEC, 0x00, 0x00, 0xCC, 0xEC, 0x00, 0x00,
    0x00, 0x00, 0x00, 0x90, 0x00, 0x00, 0x00, 0x00, 0x00, 0x00, 0x00, 0x00, 0x00, 0x00, 0x00, 0x00,
    0x00, 0x00, 0x00, 0x00, 0x00, 0x00, 0x00, 0x00, 0x00, 0x00, 0x00, 0x00, 0x00, 0x00, 0x00, 0x00,
    0x09, 0xCE, 0xB3, 0xBB, 0xE0, 0x44, 0x3B, 0xB3, 0xE0, 0xCB, 0xB4, 0x3B, 0xE0, 0xEC, 0x4C, 0xC8,
    0x00, 0xEE, 0xCC, 0x8C, 0x00, 0xE0, 0xCE, 0xCC, 0x00, 0x00, 0xE0, 0xEE, 0xEE, 0xEE, 0xA0, 0x57,
    0x00, 0x00, 0x00, 0xE0, 0x00, 0x00, 0x00, 0x8E, 0x00, 0x00, 0x00, 0x4E, 0x00, 0x00, 0x00, 0x8E,
    0x00, 0x00, 0x00, 0x4E, 0x00, 0x00, 0x00, 0xE0, 0x00, 0x00, 0x00, 0x00, 0x00, 0x00, 0x00, 0x00,
    0x84, 0x84, 0xCE, 0x29, 0xBB, 0xBB, 0xC4, 0xCC, 0xBB, 0xBB, 0xCC, 0xCC, 0xBB, 0xCB, 0xCC, 0xCC,
    0xCC, 0xCC, 0xCC, 0x48, 0x48, 0x48, 0x48, 0xEE, 0xEE, 0xEE, 0xEE, 0x00, 0x00, 0x00, 0x00, 0x00,
    0x41, 0xEC, 0xBC, 0xEC, 0xEC, 0xCE, 0xBB, 0xEC, 0x55, 0xEE, 0xCC, 0xEE, 0xCC, 0xC5, 0xEE, 0x00,
    0x88, 0xE8, 0x00, 0x00, 0xEC, 0x0E, 0x00, 0x00, 0x7E, 0x0E, 0x00, 0x00, 0x52, 0xEC, 0x00, 0x00,
    0xEE, 0x9C, 0x77, 0xC7, 0xCC, 0x7C, 0x99, 0xCB, 0xCC, 0xC5, 0x8C, 0xBC, 0x3E, 0xCC, 0xC4, 0xBE,
    0xE0, 0x44, 0xEE, 0xEC, 0x00, 0xEE, 0xEC, 0x0E, 0x00, 0x00, 0x00, 0x00, 0x00, 0x00, 0x00, 0x00,
    0x00, 0xE0, 0xCC, 0xCC, 0x00, 0xBE, 0xCB, 0xCC, 0xE0, 0xBB, 0xCB, 0xCC, 0xE0, 0xBC, 0xCB, 0xCC,
    0xE0, 0xC8, 0xCC, 0x84, 0x00, 0x4E, 0x48, 0xE8, 0x00, 0xE0, 0xEE, 0x0E, 0x00, 0x00, 0x00, 0x00,
    0xCC, 0xE8, 0x00, 0x00, 0x8C, 0xEE, 0x00, 0x00, 0xE8, 0x0E, 0x00, 0x00, 0xE8, 0x0E, 0x00, 0x00,
    0xEE, 0x00, 0x00, 0x00, 0x0E, 0x00, 0x00, 0x00, 0x00, 0x00, 0x00, 0x00, 0x00, 0x00, 0x00, 0x00,
    0x00, 0x00, 0x00, 0x00, 0x00, 0x00, 0x00, 0x00, 0x00, 0x00, 0x00, 0x00, 0x00, 0x00, 0x00, 0x00,
    0x00, 0x00, 0x00, 0x00, 0x97, 0x00, 0x00, 0x00, 0x92, 0x00, 0x00, 0x00, 0x72, 0x00, 0x00, 0x00,
    0xC5, 0xCC, 0x0E, 0x00, 0xCC, 0xCC, 0x0E, 0x00, 0xCC, 0x8C, 0x0E, 0x00, 0x8C, 0x88, 0x0E, 0x00,
    0xE8, 0xEE, 0x00, 0x00, 0x0E, 0x00, 0x00, 0x00, 0x00, 0x00, 0x00, 0x00, 0x00, 0x00, 0x00, 0x00,
};
static const u16 sSet6Frame0[] = {
    0x0008, 0x40D8, 0x81ED, 0x0000, 0x40E8, 0x81E5, 0x0008, 0x40E0, 0x000D, 0x0010, 0x40F8, 0x01ED,
    0x0012, 0x00E0, 0x01E5, 0x0014, 0x00E8, 0x0005, 0x0015, 0x00E8, 0x0015, 0x0016, 0x00F8, 0x01FD,
    0x0017, 0x0000,
};
static const u16 sSet6Frame1[] = {
    0x0009, 0x00D9, 0x81FB, 0x0018, 0x40E1, 0x81DB, 0x0028, 0x80D9, 0x401B, 0x0030, 0x40D9, 0x01E3,
    0x0034, 0x40F9, 0x01F3, 0x0036, 0x40F9, 0x0013, 0x0038, 0x00D9, 0x01F3, 0x003A, 0x00D9, 0x0023,
    0x003B, 0x00F9, 0x0003, 0x003C, 0x0000,
};
static const u16 sSet6Frame2[] = {
    0x0008, 0x40E1, 0x81E2, 0x003D, 0x00E1, 0x4012, 0x0045, 0x00E9, 0x4002, 0x0049, 0x00F1, 0x41E2,
    0x004D, 0x40F1, 0x01F2, 0x0051, 0x40F9, 0x0002, 0x0053, 0x00E1, 0x0002, 0x0055, 0x00F9, 0x01F2,
    0x0056, 0x0000,
};
static const void* const sSet6Frames[] = { sSet6Frame0, sSet6Frame1, sSet6Frame2 };

static const u16 sBattleAnim27[] = {
    0x0040, 0x0040, 0x0007, 0x0000, 0x0004, 0x0000, 0x0003, 0x0000, 0x0003, 0x0001, 0x0003, 0x0001,
    0x0004, 0x0001, 0x0005, 0x0002, 0x0006,
};
static const u16 sBattleAnim28[] = {
    0x0040, 0x0040, 0x0007, 0x0000, 0x0005, 0x0000, 0x0004, 0x0000, 0x0003, 0x0001, 0x0004, 0x0001,
    0x0004, 0x0001, 0x0006, 0x0002, 0x0006,
};
static const u16 sBattleAnim29[] = {
    0x0040, 0x0040, 0x0007, 0x0000, 0x0006, 0x0000, 0x0005, 0x0000, 0x0004, 0x0001, 0x0004, 0x0001,
    0x0005, 0x0001, 0x0006, 0x0002, 0x0006,
};
static const u16 sBattleAnim30[] = {
    0x0040, 0x0040, 0x0007, 0x0000, 0x0007, 0x0000, 0x0006, 0x0000, 0x0005, 0x0001, 0x0004, 0x0001,
    0x0006, 0x0001, 0x0006, 0x0002, 0x0006,
};
static const u16 sBattleAnim31[] = {
    0x0040, 0x0040, 0x0007, 0x0000, 0x0007, 0x0000, 0x0007, 0x0000, 0x0006, 0x0001, 0x0005, 0x0001,
    0x0006, 0x0001, 0x0006, 0x0002, 0x0006,
};
static const u8 sTiles7[] __attribute__((aligned(4))) = {
    0x00, 0x00, 0x00, 0x00, 0x00, 0x00, 0x00, 0x00, 0x00, 0x00, 0x00, 0x00, 0x00, 0x00, 0x00, 0x80,
    0x00, 0x00, 0x00, 0x48, 0x00, 0x00, 0x80, 0x00, 0x00, 0x00, 0x80, 0x00, 0x00, 0x00, 0x40, 0x00,
    0x00, 0xDD, 0x00, 0x00, 0xDD, 0x48, 0x0D, 0x00, 0x4D, 0x18, 0x0D, 0x0A, 0xD8, 0x8D, 0x57, 0x75,
    0xD0, 0xD0, 0x25, 0x22, 0x00, 0x7D, 0x52, 0xE5, 0xAA, 0x70, 0x52, 0x7A, 0x6A, 0x5E, 0xA2, 0x75,
    0x00, 0x00, 0x00, 0x00, 0x00, 0x00, 0x00, 0x00, 0x00, 0x00, 0x00, 0x00, 0x77, 0x77, 0x77, 0x00,
    0x55, 0x22, 0x52, 0x07, 0x77, 0xAA, 0x25, 0x75, 0x45, 0x57, 0x57, 0x72, 0x57, 0x57, 0x77, 0xA7,
    0x00, 0x00, 0x00, 0x00, 0x00, 0x00, 0x00, 0x00, 0x00, 0x00, 0x00, 0x00, 0x00, 0x00, 0x00, 0x00,
    0x00, 0x00, 0x00, 0x00, 0x00, 0x00, 0x00, 0x00, 0xAA, 0x4A, 0x44, 0x24, 0x8D, 0x12, 0x11, 0x11,
    0x00, 0x00, 0x80, 0x08, 0x00, 0x00, 0x00, 0x84, 0x00, 0x00, 0x00, 0x80, 0x00, 0x00, 0x00, 0xA0,
    0x00, 0x00, 0x00, 0xEE, 0x00, 0x00, 0x00, 0xCE, 0x00, 0x00, 0x00, 0xCE, 0x00, 0x00, 0xE0, 0xCE,
    0xA0, 0xAE, 0xA7, 0xE7, 0xEA, 0x7E, 0x55, 0x8E, 0x48, 0x58, 0x22, 0xEE, 0xA7, 0xA6, 0x57, 0x8E,
    0x7A, 0xA4, 0x55, 0xEE, 0x5A, 0x65, 0x2A, 0x4E, 0x7E, 0xE7, 0x2A, 0x8E, 0xEE, 0xAA, 0x7E, 0xE2,
    0x48, 0x84, 0x5E, 0x22, 0x14, 0x41, 0x5E, 0x55, 0x48, 0x88, 0xE4, 0x75, 0x84, 0xE8, 0xE8, 0x52,
    0x48, 0x81, 0x5E, 0x72, 0x5E, 0xEE, 0x22, 0x05, 0x11, 0xE4, 0x65, 0x06, 0xE8, 0xAE, 0x59, 0xA5,
    0x88, 0x22, 0x22, 0x22, 0x4D, 0x44, 0x44, 0x22, 0x44, 0x22, 0x22, 0x22, 0x40, 0x24, 0x22, 0x22,
    0x00, 0x44, 0x22, 0x22, 0x00, 0x40, 0x22, 0x22, 0x00, 0x40, 0x24, 0x22, 0x00, 0x00, 0x24, 0x22,
    0x00, 0x00, 0xE0, 0xCC, 0x00, 0x00, 0xE0, 0xCC, 0x00, 0x00, 0xE0, 0xCC, 0x00, 0x00, 0x00, 0xCE,
    0xE0, 0xCE, 0xEE, 0xCE, 0xEE, 0xE8, 0xE7, 0xCE, 0xEE, 0x8E, 0x3B, 0x1E, 0x74, 0x8E, 0xBB, 0xC5,
    0xCC, 0xCC, 0x8E, 0xE6, 0xCC, 0xEC, 0xE8, 0xEC, 0xCC, 0xEE, 0xED, 0xCC, 0xEC, 0x18, 0xE4, 0xCC,
    0xCC, 0x8D, 0x1C, 0xCC, 0x11, 0xDD, 0x1D, 0xCE, 0x1C, 0xDC, 0x1D, 0xCE, 0x1C, 0xCE, 0x1D, 0xEC,
    0x47, 0xAA, 0x66, 0xAA, 0x57, 0xAE, 0xAA, 0x00, 0xEE, 0xEC, 0x00, 0x00, 0xCC, 0x0E, 0x00, 0x00,
    0xEC, 0x00, 0x00, 0x00, 0x0E, 0x00, 0x00, 0x00, 0x0E, 0x00, 0x00, 0x00, 0x00, 0x00, 0x00, 0x00,
    0x00, 0x00, 0x24, 0x22, 0x00, 0x00, 0x44, 0x22, 0x00, 0x00, 0x44, 0x22, 0x00, 0x00, 0x40, 0x22,
    0x00, 0x00, 0x40, 0x24, 0x00, 0x00, 0x40, 0x24, 0x00, 0x00, 0x00, 0x24, 0x00, 0x00, 0x00, 0x24,
    0x55, 0xCE, 0xB8, 0xE7, 0x75, 0xCE, 0xB4, 0xE3, 0x77, 0xBE, 0xB4, 0xC5, 0xEE, 0xBC, 0xB4, 0x7B,
    0xCE, 0x4C, 0xCC, 0x3C, 0xCC, 0x4C, 0xCC, 0xE5, 0xCC, 0xC4, 0xCC, 0xE7, 0xEE, 0xCE, 0x3C, 0xCC,
    0xC1, 0xEE, 0x19, 0xEC, 0x91, 0x77, 0xE9, 0x11, 0x1E, 0x79, 0x97, 0xEE, 0xEE, 0xE1, 0x9C, 0x1E,
    0xEE, 0xC1, 0xEE, 0xE1, 0xBC, 0xCB, 0x1C, 0x0E, 0xCC, 0xEE, 0xEE, 0x0C, 0xEE, 0xCC, 0xCC, 0x0E,
    0xEE, 0x00, 0x00, 0x00, 0x11, 0x0E, 0x00, 0x00, 0x1C, 0x0E, 0x00, 0x00, 0xE1, 0x00, 0x00, 0x00,
    0x0E, 0x00, 0x00, 0x00, 0x00, 0x00, 0x00, 0x00, 0x00, 0x00, 0x00, 0x00, 0x00, 0x00, 0x00, 0x00,
    0x00, 0x00, 0x00, 0x44, 0x00, 0x00, 0x00, 0x44, 0x00, 0x00, 0x00, 0x44, 0x00, 0x00, 0x00, 0x44,
    0x00, 0x00, 0x00, 0x44, 0x00, 0x00, 0x00, 0x44, 0x00, 0x00, 0x00, 0x44, 0x00, 0x00, 0x00, 0x44,
    0x00, 0x00, 0x00, 0x00, 0x00, 0x00, 0x00, 0x00, 0x00, 0x00, 0x00, 0x00, 0x00, 0x00, 0x00, 0x00,
    0x00, 0x00, 0x00, 0x00, 0x44, 0x44, 0x44, 0x24, 0x22, 0x12, 0x11, 0x11, 0x11, 0x21, 0x22, 0x22,
    0x00, 0x00, 0x00, 0x00, 0x00, 0x00, 0x00, 0x00, 0x00, 0x00, 0x00, 0x00, 0x00, 0x00, 0x00, 0x00,
    0x40, 0x44, 0x44, 0x04, 0x22, 0x11, 0x11, 0x42, 0x11, 0x22, 0x22, 0x42, 0x44, 0x44, 0x44, 0x44,
    0x44, 0x44, 0x44, 0x12, 0x22, 0x22, 0x22, 0x12, 0x22, 0x22, 0x22, 0x24, 0x22, 0x22, 0x22, 0x42,
    0x22, 0x22, 0x22, 0x42, 0x12, 0x11, 0x22, 0x22, 0x22, 0x11, 0x11, 0x22, 0x22, 0x11, 0x11, 0x11,
    0x12, 0x21, 0x12, 0x22, 0x22, 0x22, 0x12, 0x24, 0x41, 0x42, 0x12, 0x24, 0x22, 0x24, 0x44, 0x22,
    0x44, 0x22, 0x22, 0x22, 0x22, 0x22, 0x22, 0x22, 0x22, 0x22, 0x22, 0x21, 0x22, 0x22, 0x12, 0x22,
    0x22, 0x11, 0x11, 0x11, 0x22, 0x12, 0x11, 0x11, 0x22, 0x12, 0x11, 0x11, 0x22, 0x22, 0x11, 0x11,
    0x22, 0x22, 0x11, 0x11, 0x22, 0x22, 0x11, 0x11, 0x22, 0x22, 0x11, 0x11, 0x22, 0x22, 0x11, 0x11,
    0x11, 0x11, 0x11, 0x02, 0x11, 0x11, 0x11, 0x02, 0x11, 0x11, 0x11, 0x02, 0x11, 0x11, 0x21, 0x02,
    0x11, 0x11, 0x21, 0x00, 0x11, 0x11, 0x22, 0x00, 0x11, 0x11, 0x02, 0x00, 0x11, 0x21, 0x02, 0x00,
    0x22, 0x22, 0x11, 0x11, 0x22, 0x22, 0x11, 0x11, 0x22, 0x22, 0x11, 0x11, 0x22, 0x22, 0x11, 0x11,
    0x22, 0x22, 0x11, 0x11, 0x22, 0x22, 0x11, 0x21, 0x22, 0x22, 0x11, 0x21, 0x22, 0x12, 0x11, 0x22,
    0x11, 0x22, 0x00, 0x00, 0x11, 0x02, 0x00, 0x00, 0x21, 0x02, 0x00, 0x00, 0x21, 0x00, 0x00, 0x00,
    0x22, 0x00, 0x00, 0x00, 0x02, 0x00, 0x00, 0x00, 0x00, 0x00, 0x00, 0x00, 0x00, 0x00, 0x00, 0x00,
    0xEE, 0xCE, 0x5C, 0xCC, 0x00, 0xE0, 0xEE, 0xEC, 0x00, 0x00, 0x00, 0xEE, 0x00, 0x00, 0x00, 0xCE,
    0x00, 0x00, 0xE0, 0x37, 0x00, 0x00, 0xE0, 0xCC, 0x00, 0x00, 0xE0, 0xCC, 0x00, 0x00, 0xE0, 0x88,
    0xEE, 0xCC, 0xCC, 0x0E, 0xCC, 0xCC, 0xCC, 0x0E, 0x7C, 0xB3, 0xCB, 0x0E, 0xB5, 0x5B, 0xC7, 0x0C,
    0xBB, 0xBB, 0x3B, 0xE5, 0xBB, 0xBB, 0xBB, 0xEC, 0x8B, 0xB4, 0xBB, 0xEC, 0xB8, 0x4B, 0xC4, 0xEC,
    0x00, 0x00, 0xE0, 0xBC, 0x00, 0x00, 0x00, 0xEE, 0xE0, 0xEE, 0xA7, 0x45, 0x8E, 0x7C, 0x75, 0x54,
    0xC8, 0x5C, 0x57, 0xA5, 0xC8, 0x27, 0x77, 0x7A, 0xC4, 0x27, 0xA5, 0x55, 0x8E, 0x5A, 0x52, 0x72,
    0xBB, 0xCC, 0x4C, 0xE4, 0xEE, 0xBB, 0xCB, 0xEE, 0xE7, 0xEE, 0xBC, 0xEC, 0x77, 0x00, 0xEE, 0x0E,
    0x07, 0x00, 0x00, 0x00, 0x00, 0x00, 0x00, 0x00, 0x00, 0x00, 0x00, 0x00, 0x00, 0x00, 0x00, 0x00,
    0x8E, 0x5A, 0x57, 0x07, 0x4E, 0xCC, 0xC4, 0x0E, 0x8E, 0xCC, 0xC8, 0x0E, 0x8E, 0xCC, 0x8C, 0xEC,
    0xC4, 0xCC, 0x8B, 0xCB, 0xC8, 0xBC, 0xBB, 0xB4, 0xC8, 0xBB, 0xBB, 0xB4, 0xC8, 0xBB, 0xBB, 0xB8,
    0x00, 0x00, 0x00, 0x00, 0x00, 0x00, 0x00, 0x00, 0x00, 0x00, 0x00, 0x00, 0x00, 0x00, 0x00, 0x00,
    0x0E, 0x00, 0x00, 0x00, 0x0E, 0x00, 0x00, 0x00, 0x0E, 0x00, 0x00, 0x00, 0x0E, 0x00, 0x00, 0x00,
    0x8E, 0xBC, 0x4B, 0x88, 0xE0, 0x84, 0xE8, 0xEE, 0x00, 0xEE, 0x0E, 0x00, 0x00, 0x00, 0x00, 0x00,
    0x00, 0x00, 0x00, 0x00, 0x00, 0x00, 0x00, 0x00, 0x00, 0x00, 0x00, 0x00, 0x00, 0x00, 0x00, 0x00,
    0x0E, 0x00, 0x00, 0x00, 0x00, 0x00, 0x00, 0x00, 0x00, 0x00, 0x00, 0x00, 0x00, 0x00, 0x00, 0x00,
    0x00, 0x00, 0x00, 0x00, 0x00, 0x00, 0x00, 0x00, 0x00, 0x00, 0x00, 0x00, 0x00, 0x00, 0x00, 0x00,
    0x00, 0x00, 0x00, 0x00, 0x00, 0x00, 0x00, 0xEE, 0x00, 0x00, 0xE0, 0xCC, 0x00, 0x00, 0xCE, 0xCC,
    0x00, 0x00, 0xCE, 0xCC, 0x00, 0xE0, 0xCC, 0xCC, 0x00, 0xE0, 0xCC, 0xCC, 0x00, 0xE0, 0xCC, 0xCC,
    0x00, 0x00, 0x00, 0x00, 0xEE, 0x00, 0x00, 0x00, 0x8C, 0xEE, 0x00, 0x00, 0xCC, 0xC8, 0x0E, 0x00,
    0xCC, 0x4C, 0x0E, 0x00, 0xCC, 0x8C, 0xEC, 0x00, 0xCC, 0x8C, 0xEC, 0x00, 0xCC, 0xCC, 0xEC, 0x00,
    0x00, 0xCE, 0xCC, 0xCC, 0x00, 0xCE, 0xCC, 0x8C, 0xE0, 0xEC, 0x8C, 0xCC, 0xCE, 0xEC, 0xC4, 0xCC,
    0xCE, 0xCC, 0xC8, 0xCC, 0xCE, 0x8C, 0xCC, 0xCC, 0xCE, 0x88, 0xCC, 0x7C, 0xE0, 0xCE, 0xCC, 0x5A,
    0x8C, 0xC4, 0xEB, 0x00, 0xC8, 0xBB, 0x0E, 0x00, 0xCC, 0xEE, 0x00, 0x00, 0xEE, 0x00, 0x00, 0x00,
    0x7C, 0x07, 0x00, 0x00, 0x55, 0x75, 0x00, 0x00, 0x22, 0xA5, 0x77, 0xE7, 0x25, 0x5A, 0x44, 0x75,
    0x00, 0xE0, 0xEE, 0x7E, 0x00, 0x00, 0x00, 0xA0, 0x00, 0x00, 0x00, 0x00, 0x00, 0x00, 0x00, 0x00,
    0x00, 0x00, 0x00, 0x00, 0x00, 0x00, 0x00, 0x00, 0x00, 0x00, 0x00, 0x00, 0x00, 0x00, 0x00, 0x00,
    0x55, 0x7A, 0x57, 0x55, 0xAA, 0x00, 0x77, 0x77, 0x00, 0x00, 0x00, 0xEE, 0x00, 0x00, 0x00, 0xEE,
    0x00, 0x00, 0x00, 0xEE, 0x00, 0x00, 0x00, 0xCE, 0x00, 0x00, 0x00, 0xE0, 0x00, 0x00, 0x00, 0x00,
    0x00, 0x00, 0x00, 0x44, 0x00, 0x00, 0x00, 0x44, 0x00, 0x00, 0x00, 0x44, 0x00, 0x00, 0x00, 0x24,
    0x00, 0x00, 0x00, 0x24, 0x00, 0x00, 0x40, 0x24, 0x00, 0x00, 0x40, 0x44, 0x00, 0x00, 0x40, 0x44,
    0x22, 0x12, 0x21, 0x02, 0x22, 0x12, 0x22, 0x00, 0x22, 0x21, 0x02, 0x00, 0x22, 0x44, 0x00, 0x00,
    0x42, 0x04, 0x00, 0x00, 0x44, 0x00, 0x00, 0x00, 0x04, 0x00, 0x00, 0x00, 0x00, 0x00, 0x00, 0x00,
    0x00, 0x00, 0x00, 0x00, 0x00, 0x00, 0x00, 0x00, 0x00, 0x00, 0x00, 0x00, 0x00, 0x00, 0x00, 0x00,
    0x00, 0x00, 0x00, 0xE0, 0x00, 0x00, 0x00, 0xE0, 0x00, 0x00, 0x00, 0xE0, 0x00, 0x00, 0x00, 0x00,
    0x00, 0x00, 0x00, 0x00, 0x00, 0x00, 0x00, 0x00, 0x00, 0x00, 0x00, 0x00, 0x00, 0x00, 0x00, 0x00,
    0x00, 0x00, 0x00, 0xE0, 0x00, 0x00, 0x00, 0xE0, 0x00, 0x00, 0x00, 0xE0, 0x00, 0x00, 0x00, 0xE0,
    0x02, 0x00, 0x00, 0x00, 0x02, 0x00, 0x00, 0x00, 0x02, 0x00, 0x00, 0x00, 0x02, 0x00, 0x00, 0x00,
    0x00, 0x00, 0x00, 0x00, 0x00, 0x00, 0x00, 0x00, 0x00, 0x00, 0x00, 0x00, 0x00, 0x00, 0x00, 0x00,
    0x00, 0x00, 0x40, 0x04, 0x00, 0x00, 0x00, 0x00, 0x00, 0x00, 0x00, 0x00, 0x00, 0x00, 0x00, 0x00,
    0x00, 0x00, 0x00, 0x00, 0x00, 0x00, 0x00, 0x00, 0x00, 0x00, 0x00, 0x00, 0x00, 0x00, 0x00, 0x00,
    0x00, 0x5A, 0x99, 0x66, 0xA0, 0x66, 0x99, 0x65, 0x00, 0x9A, 0x55, 0x66, 0x00, 0x60, 0x99, 0xAA,
    0x00, 0xA0, 0x0A, 0x90, 0x00, 0x00, 0x00, 0x00, 0x00, 0x00, 0x00, 0x00, 0x00, 0x00, 0x00, 0x90,
    0x66, 0x66, 0x56, 0x95, 0x56, 0x55, 0x99, 0x99, 0x59, 0x99, 0x99, 0xA6, 0x99, 0x66, 0x66, 0x8A,
    0x6A, 0x69, 0xBE, 0x88, 0x49, 0xE5, 0xBB, 0x88, 0x90, 0xBE, 0xBB, 0x88, 0xE9, 0xBB, 0xCB, 0xCC,
    0xA9, 0xCC, 0xEC, 0x00, 0xCA, 0xCC, 0x0E, 0x00, 0x8A, 0xE8, 0xEE, 0x0E, 0x8A, 0xE8, 0xBB, 0xEB,
    0x88, 0x88, 0xBB, 0xBB, 0x88, 0xC8, 0xBC, 0xBB, 0x88, 0xCC, 0xCC, 0xCC, 0xCE, 0xCC, 0xCC, 0xCC,
    0x00, 0x00, 0x00, 0x00, 0x00, 0x00, 0x00, 0x00, 0xE0, 0x0E, 0x00, 0x00, 0x8E, 0xE8, 0x00, 0x00,
    0xCB, 0x8C, 0x0E, 0x00, 0xCC, 0x88, 0x0E, 0x00, 0x4C, 0xE8, 0x00, 0x00, 0x44, 0xCE, 0x00, 0x00,
    0x00, 0x00, 0x99, 0x57, 0x90, 0x79, 0x25, 0xEE, 0x59, 0x22, 0xA9, 0x84, 0x22, 0x97, 0xAE, 0xE1,
    0x52, 0x59, 0xE4, 0x18, 0x97, 0xEA, 0x84, 0x7E, 0x25, 0x8A, 0x4E, 0x81, 0x22, 0xA9, 0x8E, 0xE8,
    0x95, 0xCB, 0xCC, 0xCC, 0x92, 0xCB, 0xCC, 0xCC, 0x59, 0xC7, 0xCC, 0xEE, 0x47, 0x95, 0xEC, 0x2E,
    0x99, 0xAA, 0xEE, 0xBB, 0x84, 0xAE, 0xE0, 0x44, 0xEE, 0x95, 0xE0, 0xBB, 0x5A, 0x72, 0x09, 0xEE,
    0xCC, 0xCC, 0xCC, 0x4C, 0xEE, 0xCE, 0x1C, 0xE1, 0x1E, 0x11, 0xC1, 0xEC, 0xCB, 0xC1, 0xEC, 0x7E,
    0x75, 0xB7, 0xEB, 0x7B, 0xBB, 0x8B, 0x2E, 0x25, 0x84, 0xB8, 0x5E, 0xBB, 0xBB, 0xEE, 0xCE, 0xBB,
    0x7E, 0xCB, 0x0E, 0x00, 0x79, 0x9E, 0x0E, 0x00, 0xE7, 0x77, 0x0E, 0x00, 0x79, 0x9E, 0xEC, 0x00,
    0x7B, 0xC9, 0xEC, 0x00, 0xBB, 0xC8, 0xEC, 0x00, 0x8B, 0xCC, 0xEC, 0x90, 0xB4, 0xCC, 0xEE, 0x7E,
    0x22, 0x52, 0x09, 0x00, 0x97, 0xA9, 0x00, 0x59, 0xAA, 0xCA, 0x09, 0x29, 0x8E, 0x84, 0x7B, 0x5B,
    0xB4, 0xBB, 0xBC, 0x9B, 0xB8, 0xCB, 0xBB, 0xBB, 0xC4, 0xCC, 0xBB, 0xBB, 0xC8, 0xCC, 0xCC, 0xC8,
    0x57, 0x07, 0x4E, 0x44, 0xA9, 0x97, 0xE0, 0xBB, 0x55, 0x72, 0x0E, 0xEE, 0x22, 0x95, 0x0E, 0x90,
    0x97, 0xEB, 0x0E, 0x00, 0xBB, 0x57, 0x09, 0x00, 0xCC, 0xBC, 0x09, 0x00, 0xCC, 0x8C, 0x0E, 0x00,
    0xCC, 0xBB, 0x9E, 0x99, 0xBB, 0xEE, 0x55, 0x97, 0x7E, 0x55, 0xA7, 0x7A, 0x99, 0xE1, 0xEE, 0xCC,
    0x00, 0x8E, 0xCB, 0xCC, 0xE0, 0xB4, 0xBB, 0xCC, 0xE0, 0xB8, 0xBB, 0xCC, 0xE0, 0xB4, 0xCB, 0xCC,
    0x52, 0xC7, 0xEC, 0x00, 0x22, 0xCC, 0x8C, 0x0E, 0x52, 0xCC, 0x8C, 0x0E, 0x99, 0xCC, 0x8C, 0x0E,
    0xCC, 0x8C, 0xE8, 0x00, 0xCC, 0xC8, 0x0E, 0x00, 0xCC, 0xC4, 0x00, 0x00, 0x8C, 0x0E, 0x00, 0x00,
    0x4E, 0x48, 0x48, 0x4E, 0xE0, 0xEE, 0xEE, 0xE0, 0x00, 0x00, 0x00, 0x00, 0x00, 0x00, 0x00, 0x00,
    0x00, 0x00, 0x00, 0x00, 0x00, 0x00, 0x00, 0x00, 0x00, 0x00, 0x00, 0x00, 0x00, 0x00, 0x00, 0x00,
    0x88, 0x88, 0x0E, 0x00, 0xEE, 0xEE, 0x00, 0x00, 0x00, 0x00, 0x00, 0x00, 0x00, 0x00, 0x00, 0x00,
    0x00, 0x00, 0x00, 0x00, 0x00, 0x00, 0x00, 0x00, 0x00, 0x00, 0x00, 0x00, 0x00, 0x00, 0x00, 0x00,
    0x00, 0x8E, 0xCC, 0xCC, 0x00, 0xE0, 0x8E, 0x84, 0x00, 0x00, 0xE0, 0xEE, 0x00, 0x00, 0x00, 0x00,
    0x00, 0x00, 0x00, 0x00, 0x00, 0x00, 0x00, 0x00, 0x00, 0x00, 0x00, 0x00, 0x00, 0x00, 0x00, 0x00,
    0xE4, 0x00, 0x00, 0x00, 0x0E, 0x00, 0x00, 0x00, 0x00, 0x00, 0x00, 0x00, 0x00, 0x00, 0x00, 0x00,
    0x00, 0x00, 0x00, 0x00, 0x00, 0x00, 0x00, 0x00, 0x00, 0x00, 0x00, 0x00, 0x00, 0x00, 0x00, 0x00,
    0x00, 0x00, 0x00, 0x00, 0x00, 0x00, 0x00, 0x00, 0x00, 0x00, 0x00, 0x00, 0x00, 0x00, 0x00, 0x00,
    0x00, 0x00, 0x00, 0x00, 0x00, 0x00, 0x40, 0x44, 0x44, 0x40, 0x24, 0x21, 0x14, 0x24, 0x41, 0x12,
    0x00, 0x00, 0x00, 0x00, 0x00, 0x00, 0x00, 0x00, 0x00, 0x00, 0x00, 0x00, 0x00, 0x00, 0x00, 0x00,
    0x00, 0x00, 0x00, 0x00, 0x00, 0x00, 0x00, 0x00, 0x04, 0x00, 0x00, 0x00, 0x42, 0x00, 0x22, 0x22,
    0x24, 0x22, 0x11, 0x22, 0x24, 0x21, 0x42, 0x44, 0x40, 0x44, 0x24, 0x11, 0x40, 0x14, 0x21, 0x44,
    0x00, 0x44, 0x44, 0x00, 0x00, 0x00, 0x00, 0x00, 0x00, 0x00, 0x00, 0x00, 0x00, 0x00, 0x00, 0x00,
    0x22, 0x22, 0x22, 0x11, 0x24, 0x11, 0x11, 0x22, 0x21, 0x42, 0x44, 0x44, 0x44, 0x04, 0x00, 0x00,
    0x00, 0x00, 0x00, 0x00, 0x00, 0x00, 0x00, 0x00, 0x00, 0x00, 0x00, 0x00, 0x00, 0x00, 0x00, 0x00,
    0x00, 0x00, 0x00, 0x00, 0x00, 0x00, 0x00, 0x00, 0x00, 0x00, 0x00, 0xA0, 0x00, 0x00, 0x00, 0x6A,
    0x00, 0x00, 0xA0, 0x66, 0x00, 0xA0, 0xAA, 0x66, 0x00, 0x6A, 0x95, 0x69, 0x00, 0xA0, 0x59, 0x59,
    0x00, 0x00, 0xAA, 0x0A, 0xA0, 0xAA, 0x6A, 0xA6, 0x6A, 0x66, 0x66, 0x65, 0x66, 0x55, 0x56, 0x55,
    0x56, 0x65, 0x96, 0x95, 0x55, 0x65, 0x66, 0x69, 0x55, 0x66, 0x66, 0x66, 0x66, 0x66, 0x66, 0x96,
    0x11, 0x21, 0x42, 0x44, 0x44, 0x44, 0x04, 0x00, 0x00, 0x00, 0x00, 0x00, 0x00, 0x00, 0x00, 0x00,
    0x00, 0x00, 0x00, 0x00, 0x00, 0x00, 0x00, 0x00, 0x00, 0x00, 0x00, 0x00, 0x00, 0x00, 0x00, 0x00,
    0x7A, 0x95, 0x99, 0x57, 0x90, 0x25, 0x25, 0x52, 0x00, 0x79, 0x97, 0xA9, 0x00, 0x00, 0x00, 0x00,
    0x00, 0x00, 0x00, 0xE0, 0x00, 0x00, 0x00, 0xE0, 0x00, 0x00, 0x00, 0xE0, 0x00, 0x00, 0x00, 0xE0,
    0x00, 0x00, 0x00, 0x00, 0xAA, 0x0A, 0x00, 0x00, 0x66, 0xA6, 0x00, 0x00, 0x65, 0x0A, 0x00, 0x00,
    0x69, 0x00, 0x00, 0x00, 0xA6, 0x0A, 0x00, 0x00, 0x69, 0xE9, 0x0E, 0x00, 0xA6, 0xCA, 0xEC, 0x00,
    0x00, 0x00, 0x00, 0x00, 0x00, 0x00, 0x00, 0x00, 0x00, 0x00, 0x00, 0x00, 0x00, 0x00, 0x00, 0x90,
    0x00, 0x00, 0x00, 0x90, 0x00, 0x00, 0x40, 0xA4, 0x20, 0x22, 0x22, 0xA8, 0x22, 0x12, 0x21, 0x88,
    0x00, 0x00, 0x00, 0x00, 0x00, 0x00, 0x00, 0x00, 0x00, 0x00, 0x00, 0x00, 0x00, 0x00, 0x00, 0x00,
    0x00, 0x00, 0x00, 0x00, 0x00, 0x00, 0x00, 0x00, 0x99, 0x0A, 0x00, 0x00, 0x55, 0xE7, 0x0E, 0x00,
};
static const u16 sSet7Frame0[] = {
    0x0009, 0x00C5, 0x81F0, 0x0000, 0x80C5, 0x8010, 0x0010, 0x80E5, 0x81F0, 0x0018, 0x00CD, 0x41E0,
    0x0020, 0x40DD, 0x01E0, 0x0024, 0x40E5, 0x0008, 0x0026, 0x80ED, 0x01E8, 0x0028, 0x00CD, 0x0020,
    0x002A, 0x00ED, 0x0008, 0x002B, 0x0000,
};
static const u16 sSet7Frame1[] = {
    0x0008, 0x40E5, 0x81F9, 0x002C, 0x40F5, 0x8001, 0x0034, 0x00ED, 0x41E1, 0x003C, 0x40DD, 0x01F9,
    0x0040, 0x40F5, 0x01F1, 0x0042, 0x00DD, 0x0009, 0x0044, 0x00ED, 0x01F1, 0x0045, 0x00ED, 0x0019,
    0x0046, 0x0000,
};
static const void* const sSet7Frames[] = { sSet7Frame0, sSet7Frame1 };

static const u16 sBattleAnim32[] = {
    0x0040, 0x0040, 0x0008, 0x0000, 0x0002, 0x0000, 0x0004, 0x0000, 0x0003, 0x0000, 0x0005, 0x0000,
    0x0005, 0x0000, 0x0006, 0x0000, 0x0007, 0x0001, 0x0009,
};
static const u16 sBattleAnim33[] = {
    0x0040, 0x0040, 0x0008, 0x0000, 0x0003, 0x0000, 0x0005, 0x0000, 0x0003, 0x0000, 0x0006, 0x0000,
    0x0005, 0x0000, 0x0007, 0x0000, 0x0007, 0x0001, 0x0009,
};
static const u16 sBattleAnim34[] = {
    0x0040, 0x0040, 0x0008, 0x0000, 0x0004, 0x0000, 0x0006, 0x0000, 0x0004, 0x0000, 0x0006, 0x0000,
    0x0006, 0x0000, 0x0007, 0x0000, 0x0008, 0x0001, 0x0009,
};
static const u16 sBattleAnim35[] = {
    0x0040, 0x0040, 0x0008, 0x0000, 0x0005, 0x0000, 0x0007, 0x0000, 0x0005, 0x0000, 0x0007, 0x0000,
    0x0006, 0x0000, 0x0007, 0x0000, 0x0008, 0x0001, 0x0009,
};
static const u16 sBattleAnim36[] = {
    0x0040, 0x0040, 0x0008, 0x0000, 0x0006, 0x0000, 0x0007, 0x0000, 0x0006, 0x0000, 0x0007, 0x0000,
    0x0007, 0x0000, 0x0008, 0x0000, 0x0008, 0x0001, 0x0009,
};
static const u16 sBattleAnim37[] = {
    0x0040, 0x0040, 0x001D, 0x0000, 0x0006, 0x0000, 0x0005, 0x0000, 0x0005, 0x0000, 0x0006, 0x0000,
    0x0007, 0x0001, 0x0001, 0x0000, 0x0001, 0x0001, 0x0001, 0x0000, 0x0001, 0x0001, 0x0001, 0x0000,
    0x0001, 0x0001, 0x0001, 0x0000, 0x0001, 0x0001, 0x0001, 0x0000, 0x0001, 0x0001, 0x0001, 0x0000,
    0x0001, 0x0001, 0x0001, 0x0000, 0x0001, 0x0001, 0x0001, 0x0000, 0x0001, 0x0001, 0x0001, 0x0000,
    0x0001, 0x0001, 0x0001, 0x0000, 0x0001, 0x0001, 0x0001, 0x0000, 0x0008, 0x0001, 0x0008, 0x0002,
    0x0005,
};
static const u8 sTiles8[] __attribute__((aligned(4))) = {
    0x00, 0x00, 0x00, 0x00, 0x00, 0x00, 0x00, 0x00, 0x00, 0x00, 0x00, 0x00, 0x00, 0x00, 0x00, 0x00,
    0x00, 0x00, 0x00, 0x00, 0x00, 0x00, 0x00, 0x00, 0x00, 0x00, 0x00, 0x00, 0x00, 0x00, 0x00, 0xE0,
    0x00, 0x00, 0x00, 0x00, 0x00, 0x00, 0x00, 0x00, 0x00, 0x00, 0x00, 0x00, 0x00, 0x00, 0x00, 0x00,
    0x00, 0x00, 0x00, 0x00, 0x00, 0x00, 0x00, 0x00, 0xE0, 0xEE, 0x0E, 0x00, 0xCE, 0xCC, 0xEC, 0x00,
    0x00, 0x00, 0x00, 0x00, 0x00, 0x00, 0x00, 0x00, 0x00, 0x00, 0x00, 0x00, 0x00, 0x00, 0x00, 0x00,
    0x00, 0x00, 0x00, 0x00, 0x00, 0x00, 0x00, 0x00, 0x00, 0x00, 0xEE, 0xEE, 0x00, 0xEE, 0xCC, 0xCC,
    0x00, 0x00, 0x00, 0x00, 0x00, 0x00, 0x00, 0xD0, 0x00, 0x00, 0x00, 0x8D, 0x00, 0x00, 0x00, 0x1D,
    0x00, 0x00, 0xD0, 0x14, 0x00, 0x00, 0x8D, 0x81, 0x0E, 0x00, 0x1D, 0x84, 0xEC, 0xD0, 0x14, 0x48,
    0x00, 0x00, 0x00, 0xCE, 0x00, 0x00, 0xE0, 0xCC, 0x00, 0x00, 0xE0, 0xCC, 0x00, 0x00, 0xEE, 0xCC,
    0x00, 0xEE, 0xEE, 0x4C, 0xE0, 0xCB, 0xEC, 0xC8, 0xCE, 0xCC, 0x4C, 0xCC, 0xCE, 0xCC, 0xC8, 0xCC,
    0xCC, 0xCC, 0xCC, 0x0E, 0xCC, 0xCC, 0xCC, 0xEC, 0xCC, 0xCC, 0xCC, 0xEC, 0x4C, 0x44, 0x44, 0xEC,
    0xC8, 0xCC, 0xBC, 0xEC, 0xCC, 0xCC, 0xBB, 0xEC, 0xBC, 0xBB, 0xCB, 0xCE, 0xEC, 0xEE, 0xEE, 0xCC,
    0xEE, 0xCB, 0xCC, 0xCC, 0xCE, 0xCC, 0xCC, 0xCC, 0xEE, 0xCC, 0x44, 0x88, 0x4C, 0x84, 0xCC, 0xCC,
    0xC8, 0xCC, 0xCC, 0xBC, 0xCC, 0xCC, 0xBC, 0xDB, 0xCC, 0xEC, 0xCE, 0x8D, 0xCC, 0x0E, 0xE0, 0x1D,
    0xBC, 0x8D, 0xD1, 0x18, 0xCC, 0x1D, 0x84, 0xDD, 0xD4, 0x14, 0x08, 0x00, 0x8D, 0x81, 0x00, 0x00,
    0x1D, 0x84, 0x00, 0x00, 0x14, 0x08, 0x00, 0x00, 0x81, 0x00, 0x00, 0x00, 0x84, 0x00, 0x00, 0x00,
    0xCE, 0x44, 0xCC, 0xCC, 0xE0, 0xC4, 0xCC, 0xAC, 0x00, 0xEE, 0xCC, 0x5C, 0x00, 0x00, 0x7E, 0x55,
    0x00, 0x00, 0xE0, 0x55, 0x00, 0x00, 0xEE, 0x5E, 0x00, 0xE0, 0xCE, 0xEB, 0x00, 0xBE, 0xBE, 0x44,
    0xAA, 0xE0, 0xC7, 0x7C, 0x52, 0x0A, 0x5A, 0x22, 0x22, 0x07, 0x5A, 0x72, 0x52, 0x7A, 0xA0, 0x57,
    0x57, 0x54, 0x77, 0x25, 0x7A, 0x57, 0x57, 0x52, 0xAB, 0x7A, 0x25, 0xA5, 0x9E, 0x57, 0x52, 0xAC,
    0xE5, 0x00, 0xD0, 0x14, 0x77, 0x07, 0x8D, 0xD8, 0x25, 0xA5, 0xDA, 0xD8, 0x22, 0xAA, 0x75, 0x5A,
    0xA7, 0xA7, 0x52, 0x5A, 0x7A, 0xA7, 0x7A, 0xA5, 0x77, 0x75, 0xAA, 0x52, 0x55, 0x74, 0x77, 0x55,
    0x08, 0x00, 0x00, 0x00, 0xAA, 0xA7, 0x00, 0x00, 0x77, 0x75, 0x0A, 0x00, 0x7A, 0x7A, 0xA7, 0x00,
    0xAA, 0x77, 0xA5, 0x00, 0x69, 0x7A, 0x0A, 0x00, 0x9A, 0xA6, 0x00, 0x00, 0x6A, 0x66, 0x0A, 0x00,
    0x00, 0x8E, 0x88, 0xBB, 0xE0, 0xEB, 0xCB, 0xCC, 0xE0, 0xCE, 0xCC, 0xCC, 0xE0, 0xCE, 0xCC, 0xBC,
    0x00, 0xCE, 0xCC, 0x53, 0x00, 0xE0, 0x75, 0xCC, 0x00, 0xE0, 0xEE, 0xEE, 0x00, 0x8E, 0xEE, 0xCE,
    0x79, 0x57, 0x52, 0x8C, 0x9C, 0xAE, 0x25, 0x4E, 0x9B, 0x99, 0xE7, 0xEE, 0x3B, 0xBB, 0xEE, 0x4E,
    0xB7, 0xEE, 0xEB, 0x8E, 0xCE, 0xE1, 0x8E, 0xE4, 0xCC, 0xE1, 0x7E, 0x48, 0x1C, 0xE1, 0x7E, 0x75,
    0x74, 0xA5, 0xA7, 0x72, 0x11, 0xE4, 0x55, 0xA2, 0x48, 0x84, 0x24, 0x67, 0x88, 0x4E, 0x28, 0x6A,
    0x11, 0x84, 0x7A, 0x59, 0xE5, 0xAE, 0xA5, 0x69, 0x41, 0xA8, 0x6A, 0x99, 0xAC, 0x7A, 0x5A, 0x65,
    0x6A, 0x56, 0x0A, 0x00, 0x69, 0x56, 0xA6, 0x00, 0x66, 0x69, 0xA5, 0x00, 0x56, 0x96, 0xA5, 0x00,
    0x56, 0x95, 0xA6, 0x00, 0x65, 0x65, 0xA6, 0x00, 0x56, 0x55, 0x0A, 0x00, 0xAA, 0x56, 0x0A, 0x00,
    0x00, 0x8E, 0xEC, 0xCE, 0x00, 0xE0, 0x88, 0x48, 0x00, 0x00, 0xEE, 0xCE, 0x00, 0x00, 0x00, 0x00,
    0x00, 0x00, 0x00, 0x00, 0x00, 0x00, 0x00, 0x00, 0x00, 0x00, 0x00, 0x00, 0x00, 0x00, 0x00, 0x00,
    0x14, 0xCE, 0x5E, 0x74, 0xC4, 0xCC, 0x7E, 0x77, 0xCC, 0xCC, 0x8C, 0x88, 0xEE, 0xCE, 0x88, 0x88,
    0xE0, 0x8C, 0x88, 0xE8, 0xE0, 0xCC, 0x88, 0x0E, 0x00, 0xEE, 0xEE, 0x00, 0x00, 0x00, 0x00, 0x00,
    0xCE, 0xAB, 0x96, 0xA6, 0xCC, 0xAA, 0x66, 0xAA, 0xC8, 0x0A, 0xAA, 0x00, 0xEC, 0x00, 0x00, 0x00,
    0x0E, 0x00, 0x00, 0x00, 0x00, 0x00, 0x00, 0x00, 0x00, 0x00, 0x00, 0x00, 0x00, 0x00, 0x00, 0x00,
    0xA6, 0xAA, 0x0A, 0x00, 0xA6, 0x00, 0x00, 0x00, 0x0A, 0x00, 0x00, 0x00, 0x00, 0x00, 0x00, 0x00,
    0x00, 0x00, 0x00, 0x00, 0x00, 0x00, 0x00, 0x00, 0x00, 0x00, 0x00, 0x00, 0x00, 0x00, 0x00, 0x00,
    0xDD, 0x00, 0x00, 0x00, 0x44, 0x0D, 0x00, 0x00, 0x81, 0xD8, 0x00, 0x00, 0x84, 0x44, 0x0D, 0x00,
    0x48, 0x14, 0xD4, 0x00, 0x14, 0x8D, 0xD1, 0x00, 0x11, 0xD4, 0x0D, 0x00, 0xD8, 0xD8, 0x00, 0x00,
    0x81, 0x0D, 0x00, 0x00, 0x14, 0x0D, 0x00, 0x00, 0xDD, 0x00, 0x00, 0x00, 0x00, 0x00, 0x00, 0x00,
    0x00, 0x00, 0x00, 0x00, 0x00, 0x00, 0x00, 0x00, 0x00, 0x00, 0x00, 0x00, 0x00, 0x00, 0x00, 0x00,
    0xEE, 0x0E, 0x00, 0x00, 0xCC, 0xEC, 0x00, 0x00, 0xCC, 0x8C, 0x0E, 0x00, 0xCC, 0xC4, 0x0E, 0x00,
    0x84, 0xBB, 0x0E, 0x00, 0xBC, 0xBB, 0x0E, 0x00, 0xBB, 0xEB, 0x00, 0x00, 0xEB, 0x0E, 0x00, 0x00,
    0x00, 0x00, 0x00, 0x00, 0x00, 0x00, 0x00, 0x00, 0x00, 0x00, 0x00, 0x00, 0x00, 0x00, 0x00, 0x00,
    0x00, 0x00, 0x00, 0xE0, 0x00, 0x00, 0x00, 0x8E, 0x00, 0x00, 0xE0, 0x4C, 0x00, 0x00, 0xE0, 0xCC,
    0x00, 0x00, 0x00, 0x00, 0x00, 0x00, 0x00, 0x00, 0x00, 0x00, 0x00, 0x00, 0x00, 0x00, 0x00, 0x00,
    0x0E, 0x00, 0x00, 0x00, 0xEC, 0x0E, 0x00, 0x00, 0x48, 0xEC, 0x00, 0x00, 0xCC, 0xC8, 0xEE, 0x00,
    0x00, 0x00, 0x00, 0x00, 0x00, 0x00, 0x00, 0x00, 0x00, 0x00, 0x00, 0x00, 0x00, 0x00, 0x00, 0x00,
    0x00, 0x00, 0x00, 0x00, 0x00, 0x00, 0x00, 0x00, 0x00, 0x00, 0x00, 0xD0, 0x00, 0x80, 0x88, 0xD8,
    0x0E, 0x00, 0x00, 0x00, 0x0E, 0x00, 0x00, 0x00, 0x07, 0x00, 0x00, 0x00, 0x75, 0x00, 0x00, 0x00,
    0x52, 0x07, 0x00, 0x00, 0x75, 0x07, 0x00, 0x00, 0x7A, 0x0A, 0x00, 0x00, 0x5A, 0x77, 0x00, 0x00,
    0x00, 0x00, 0xE0, 0xCC, 0x00, 0x00, 0x70, 0xCC, 0x00, 0x00, 0x57, 0x75, 0x00, 0x00, 0x25, 0x52,
    0x00, 0x00, 0x27, 0x55, 0x00, 0x00, 0x57, 0x7A, 0x00, 0x00, 0xA0, 0x77, 0x00, 0x00, 0x70, 0x75,
    0xCC, 0x4C, 0xCC, 0xEE, 0xCC, 0xCC, 0x48, 0xCC, 0xCA, 0xCC, 0xCC, 0x48, 0xA5, 0xEE, 0xCC, 0xCC,
    0x75, 0xE0, 0xBC, 0xCB, 0x07, 0x00, 0xBE, 0xBB, 0x00, 0x00, 0xE0, 0xBB, 0x00, 0x00, 0xEE, 0x77,
    0x00, 0x84, 0x00, 0xD4, 0x0E, 0x08, 0x00, 0x4D, 0xEC, 0x00, 0x00, 0xDD, 0x48, 0x0E, 0x00, 0x00,
    0x8C, 0x0E, 0x70, 0x77, 0xAC, 0x7A, 0x55, 0x52, 0x7A, 0x55, 0x22, 0x22, 0x27, 0x72, 0x75, 0x25,
    0x70, 0x54, 0xE7, 0xEE, 0x70, 0x47, 0x75, 0xEE, 0xE0, 0x77, 0x45, 0xE7, 0xEE, 0x7E, 0x44, 0xE7,
    0xCE, 0xEE, 0x77, 0xEE, 0x88, 0xC8, 0xEE, 0xEE, 0xCC, 0x8C, 0x44, 0x5B, 0xCC, 0x9C, 0xC9, 0xB7,
    0x0E, 0x00, 0x70, 0x54, 0xCE, 0xEE, 0x70, 0x54, 0xEE, 0xBC, 0x7E, 0xA5, 0xEE, 0xCE, 0xEB, 0x7E,
    0x4E, 0xCE, 0xE3, 0xAE, 0xBE, 0x5E, 0xCE, 0xCC, 0xE7, 0xCE, 0xEC, 0xCC, 0xEB, 0xCE, 0xEC, 0xEE,
    0x07, 0xEE, 0x4E, 0x57, 0xAA, 0x4E, 0xE8, 0xAA, 0x77, 0x1E, 0x4E, 0x8E, 0x54, 0xE7, 0x1E, 0x54,
    0x75, 0x77, 0x87, 0xE1, 0x7C, 0x45, 0xE5, 0x84, 0x57, 0x74, 0xEA, 0xE8, 0x7E, 0x77, 0x00, 0x70,
    0xAA, 0xAE, 0x8A, 0x27, 0x48, 0x4E, 0xA7, 0x58, 0x84, 0x18, 0x78, 0x78, 0x81, 0x14, 0x54, 0x7A,
    0x14, 0x4E, 0x78, 0x87, 0x4E, 0xA8, 0xAE, 0x7A, 0xEA, 0xE4, 0xEA, 0x5A, 0x52, 0xAA, 0x2A, 0x55,
    0xCE, 0x79, 0x97, 0xB3, 0xCE, 0x79, 0x7E, 0xB9, 0xCE, 0x95, 0x77, 0xE9, 0xE0, 0xCC, 0x99, 0xCE,
    0xE0, 0xCC, 0xEC, 0xEC, 0x00, 0xEE, 0xCC, 0xEC, 0x00, 0x00, 0xEE, 0xEE, 0x00, 0x00, 0x00, 0xEE,
    0xCE, 0xEC, 0xCC, 0xCE, 0xEE, 0xEB, 0xCC, 0xCE, 0x1C, 0xC1, 0xEC, 0xCC, 0xC1, 0x1C, 0xCE, 0xCC,
    0xC1, 0xCC, 0xCC, 0xCC, 0x4C, 0xCC, 0x8C, 0xC8, 0x4C, 0xCC, 0x88, 0x88, 0x8E, 0xCC, 0x88, 0x88,
    0xEC, 0xEE, 0x77, 0xA7, 0xCC, 0xEC, 0x45, 0x77, 0xCC, 0xAC, 0x44, 0x55, 0xCC, 0x5A, 0x84, 0xAA,
    0xCC, 0x77, 0x15, 0xA8, 0xAC, 0x77, 0x55, 0x6A, 0xCE, 0xAA, 0x6A, 0x5A, 0xCE, 0x6A, 0x95, 0x95,
    0x25, 0x55, 0x57, 0xA2, 0x5A, 0x22, 0x75, 0xDD, 0x65, 0x99, 0xD6, 0x88, 0x95, 0x69, 0xD5, 0x14,
    0x6A, 0x55, 0xAA, 0x18, 0xAA, 0xA6, 0x6A, 0x4D, 0xA6, 0xAA, 0x56, 0x86, 0x69, 0x6A, 0x69, 0xD5,
    0x66, 0x96, 0xA6, 0xAA, 0x56, 0x96, 0x66, 0x00, 0x56, 0x6A, 0xA6, 0x00, 0x65, 0x6A, 0x0A, 0x00,
    0xA5, 0xAA, 0x00, 0x00, 0xA6, 0x00, 0x00, 0x00, 0x0A, 0x00, 0x00, 0x00, 0x00, 0x00, 0x00, 0xD0,
    0x18, 0xD8, 0x00, 0x00, 0x4D, 0xD1, 0x00, 0x00, 0x4D, 0x81, 0x00, 0x00, 0x80, 0x41, 0x0D, 0x00,
    0xD0, 0x14, 0x0D, 0x00, 0xD0, 0x18, 0xD4, 0x00, 0x4D, 0x48, 0xD1, 0x00, 0x41, 0x84, 0x41, 0x0D,
    0x00, 0x00, 0x00, 0x1D, 0x00, 0x00, 0x00, 0x8D, 0x00, 0x00, 0x00, 0xD0, 0x00, 0x00, 0x00, 0x00,
    0x00, 0x00, 0x00, 0x00, 0x00, 0x00, 0x00, 0x00, 0x00, 0x00, 0x00, 0x00, 0x00, 0x00, 0x00, 0x00,
    0x84, 0x81, 0x14, 0x0D, 0x1D, 0x41, 0x18, 0xD8, 0x48, 0x48, 0x48, 0xD1, 0xDD, 0x14, 0x48, 0xD1,
    0x1D, 0x41, 0xD4, 0x0D, 0xD0, 0xDD, 0x0D, 0x00, 0x00, 0x00, 0x00, 0x00, 0x00, 0x00, 0x00, 0x00,
    0x00, 0x00, 0x00, 0x00, 0x00, 0x00, 0x00, 0x00, 0x00, 0x00, 0x00, 0x00, 0x00, 0x00, 0x00, 0x00,
    0x00, 0x00, 0x00, 0x00, 0x00, 0x00, 0x00, 0x00, 0x0D, 0x00, 0x00, 0x00, 0xD4, 0x00, 0x00, 0x00,
    0x18, 0x0D, 0x00, 0x00, 0x48, 0x0D, 0x00, 0x00, 0xDD, 0x00, 0x00, 0x00, 0x00, 0x00, 0x00, 0x00,
    0x00, 0x00, 0x00, 0x00, 0x00, 0x00, 0x00, 0x00, 0x07, 0x00, 0x00, 0x00, 0x05, 0x00, 0x00, 0x00,
    0x05, 0x00, 0x00, 0x00, 0x72, 0x00, 0x00, 0x00, 0x52, 0x00, 0x00, 0x00, 0x25, 0x07, 0x00, 0x00,
    0x27, 0x07, 0x00, 0x00, 0x25, 0x07, 0x00, 0x00, 0x72, 0x00, 0x00, 0x00, 0x07, 0x00, 0x00, 0x00,
    0x00, 0x00, 0x00, 0x00, 0x00, 0x00, 0x00, 0x00, 0x0D, 0x00, 0x00, 0x00, 0x0D, 0x00, 0x00, 0x00,
    0xD4, 0x00, 0x00, 0x00, 0xD1, 0x00, 0x00, 0x00, 0x41, 0x0D, 0x00, 0x00, 0x14, 0x0D, 0x00, 0x00,
    0x00, 0x00, 0x00, 0x00, 0x00, 0x00, 0x00, 0xE0, 0x00, 0x00, 0x00, 0xE0, 0x00, 0x00, 0x00, 0x00,
    0x00, 0x00, 0x00, 0x00, 0x00, 0x00, 0x00, 0x00, 0x00, 0x00, 0x00, 0x00, 0x00, 0x00, 0x00, 0x00,
    0x8E, 0xEC, 0x8C, 0xE8, 0xC8, 0x0E, 0xEE, 0xCC, 0xEE, 0x00, 0xCE, 0xCC, 0x00, 0x00, 0xE0, 0xEE,
    0x00, 0x00, 0x00, 0x00, 0x00, 0x00, 0x00, 0x00, 0x00, 0x00, 0x00, 0x00, 0x00, 0x00, 0x00, 0x00,
    0x00, 0x00, 0x00, 0x00, 0x00, 0x00, 0x00, 0xEE, 0x00, 0x00, 0xE0, 0xCC, 0x00, 0x00, 0xEE, 0xCC,
    0x00, 0x00, 0xCE, 0x8C, 0x00, 0xE0, 0x8C, 0xC4, 0x00, 0xE0, 0xC4, 0xBC, 0x00, 0x8E, 0xCC, 0xCC,
    0x00, 0x4E, 0xCC, 0xCC, 0xE0, 0xC8, 0xCC, 0xCC, 0xCE, 0xC4, 0xCC, 0xCC, 0xCE, 0xC8, 0xCC, 0x7A,
    0xE0, 0xCE, 0xAC, 0x55, 0x00, 0x70, 0xA7, 0x25, 0x00, 0x00, 0x70, 0x25, 0x00, 0x00, 0x00, 0x77,
    0x00, 0x00, 0x00, 0x00, 0x00, 0x00, 0x00, 0x00, 0x00, 0x00, 0x00, 0x00, 0x00, 0x00, 0x00, 0x00,
    0x00, 0x00, 0x00, 0x00, 0x00, 0x00, 0x00, 0xE0, 0x00, 0x00, 0x00, 0xE0, 0x00, 0x00, 0x00, 0xE0,
    0xCC, 0x96, 0x69, 0x69, 0xAC, 0x6A, 0x99, 0x66, 0x0E, 0xAA, 0x96, 0x65, 0x00, 0x6A, 0x96, 0x56,
    0x00, 0x6A, 0x65, 0x6A, 0x00, 0xA0, 0xAA, 0xAA, 0x00, 0x00, 0x00, 0x00, 0x00, 0x00, 0x00, 0x00,
};
static const u16 sSet8Frame0[] = {
    0x0003, 0x00D9, 0x81ED, 0x0000, 0x40F9, 0x41ED, 0x0010, 0x80D9, 0x000D, 0x0014, 0x0000,
};
static const u16 sSet8Frame1[] = {
    0x0007, 0x00D2, 0x81F0, 0x0016, 0x00F2, 0x4008, 0x0026, 0x80D2, 0x4010, 0x002A, 0x40F2, 0x01F0,
    0x002E, 0x80D2, 0x01E8, 0x0030, 0x00E2, 0x01E8, 0x0032, 0x00F2, 0x0000, 0x0033, 0x0000,
};
static const void* const sSet8Frames[] = { sSet8Frame0, sSet8Frame1 };

static const u16 sBattleAnim38[] = {
    0x0040, 0x0040, 0x0007, 0x0000, 0x0006, 0x0000, 0x0008, 0x0000, 0x0006, 0x0000, 0x0007, 0x0000,
    0x0008, 0x0000, 0x0009, 0x0001, 0x0008,
};
static const u16 sBattleAnim39[] = {
    0x0040, 0x0040, 0x0004, 0x0000, 0x0005, 0x0000, 0x0004, 0x0000, 0x0005, 0x0001, 0x0005,
};
static const u16 sBattleAnim40[] = {
    0x0040, 0x0040, 0x0004, 0x0000, 0x0006, 0x0000, 0x0006, 0x0000, 0x0006, 0x0001, 0x000C,
};
static const u16 sBattleAnim41[] = {
    0x0040, 0x0040, 0x0004, 0x0000, 0x0006, 0x0000, 0x0008, 0x0000, 0x000A, 0x0001, 0x0020,
};
static const u8 sTiles9[] __attribute__((aligned(4))) = {
    0x00, 0x00, 0x00, 0xE0, 0x00, 0x00, 0x00, 0x8E, 0x00, 0x00, 0x80, 0xE4, 0x00, 0x00, 0x80, 0xEE,
    0x00, 0x00, 0x40, 0x3E, 0x00, 0x00, 0x80, 0xCB, 0x00, 0x00, 0x80, 0xEC, 0x00, 0x00, 0x40, 0x4E,
    0x9E, 0x8A, 0x95, 0xE5, 0x29, 0x95, 0xA7, 0x87, 0x77, 0x99, 0x22, 0x22, 0x55, 0x57, 0x55, 0x55,
    0x9A, 0xA9, 0xAA, 0xAA, 0x57, 0xBB, 0xCC, 0xEC, 0xBC, 0x73, 0x35, 0xEE, 0xCE, 0xCC, 0xEC, 0xE0,
    0xE4, 0x9A, 0xA9, 0xDD, 0xA5, 0x27, 0x8D, 0x14, 0x52, 0x59, 0x8D, 0x48, 0x77, 0xAA, 0xAA, 0xDD,
    0xAA, 0x9B, 0xE7, 0xE9, 0xBC, 0x7B, 0x79, 0xEE, 0x37, 0xB5, 0x9B, 0xE9, 0xBB, 0xBB, 0xCB, 0xCC,
    0xDD, 0xDD, 0xDD, 0xDD, 0x11, 0x11, 0x11, 0x11, 0x44, 0x44, 0x44, 0x44, 0xDD, 0xDD, 0xDD, 0xDD,
    0x00, 0x00, 0x00, 0x00, 0x00, 0x00, 0x00, 0x00, 0x00, 0x00, 0x00, 0x00, 0x0E, 0x00, 0x00, 0x00,
    0x00, 0x00, 0x80, 0xB8, 0x00, 0x00, 0xE0, 0xB8, 0x00, 0x00, 0x00, 0xE4, 0x00, 0x00, 0x00, 0xD8,
    0x00, 0x00, 0x00, 0x1D, 0x00, 0x00, 0xD0, 0x4D, 0x00, 0x00, 0x4D, 0x18, 0x00, 0xEE, 0xDD, 0x48,
    0x44, 0x88, 0xE8, 0xE0, 0xCB, 0xEC, 0x0E, 0x00, 0xEE, 0xEE, 0x00, 0x00, 0x5D, 0xA7, 0x00, 0x00,
    0x4D, 0xA5, 0x00, 0x00, 0xD8, 0x54, 0x0A, 0x00, 0xD4, 0x75, 0x0A, 0x00, 0xD4, 0x77, 0xA9, 0x00,
    0xBC, 0xCB, 0x8E, 0xC8, 0x4C, 0x44, 0xB4, 0x8C, 0xCE, 0xEB, 0xEE, 0xEC, 0xCE, 0x4E, 0x75, 0xE9,
    0xE0, 0x7E, 0x55, 0x75, 0x00, 0xA0, 0x99, 0x57, 0x00, 0x00, 0x00, 0xAA, 0x00, 0x00, 0x00, 0x7A,
    0x0E, 0x00, 0x00, 0x00, 0x0E, 0x00, 0x00, 0x00, 0xA0, 0x0A, 0x00, 0x00, 0x5E, 0x95, 0x00, 0x00,
    0xA9, 0x52, 0x0E, 0x00, 0x97, 0x72, 0xEC, 0x00, 0x27, 0x95, 0xEC, 0x00, 0x59, 0xC7, 0x8C, 0x0E,
    0x00, 0x00, 0x00, 0x00, 0x00, 0x00, 0x00, 0x00, 0x00, 0xAA, 0xAA, 0x00, 0xA0, 0x66, 0x65, 0xAA,
    0x6A, 0x5A, 0x55, 0x66, 0xA0, 0xA0, 0x9A, 0x56, 0x00, 0x6A, 0x66, 0x69, 0xA0, 0x55, 0x65, 0x99,
    0xAA, 0x00, 0x00, 0x00, 0x6A, 0x0A, 0x00, 0x00, 0xA0, 0xA6, 0x00, 0x00, 0x6A, 0xA6, 0x0A, 0x00,
    0xAA, 0x96, 0xA9, 0x0A, 0x66, 0x66, 0x55, 0xA6, 0x69, 0x96, 0x59, 0x65, 0x96, 0x69, 0x55, 0x65,
    0x5A, 0x96, 0x99, 0x65, 0xA0, 0x5A, 0x5A, 0x95, 0xA0, 0xA6, 0x5A, 0x69, 0x00, 0x0A, 0x6A, 0x5A,
    0x00, 0x00, 0xAA, 0xA5, 0x00, 0x00, 0x5A, 0x84, 0x00, 0x00, 0x50, 0x84, 0x00, 0x00, 0x9E, 0x45,
    0x66, 0x66, 0x56, 0x99, 0x96, 0x96, 0x69, 0x56, 0x59, 0x6A, 0x96, 0x99, 0x5A, 0xA6, 0x95, 0x95,
    0x6A, 0xA5, 0x95, 0xA5, 0xA8, 0x66, 0x5A, 0xA5, 0x61, 0xAA, 0x6A, 0xA5, 0x75, 0x6A, 0xAA, 0xA6,
    0x00, 0x00, 0x00, 0x00, 0x00, 0x00, 0x00, 0x00, 0x00, 0x00, 0x00, 0x00, 0x00, 0x00, 0x00, 0x00,
    0x00, 0x00, 0x00, 0x00, 0x00, 0x00, 0x00, 0x00, 0x00, 0x00, 0x00, 0x00, 0xD0, 0xDD, 0xDD, 0xDD,
    0x00, 0x00, 0x00, 0x00, 0x00, 0x00, 0x00, 0x00, 0x00, 0x00, 0x00, 0x00, 0x00, 0x00, 0x00, 0x00,
    0x00, 0x00, 0x00, 0x00, 0x00, 0x00, 0x00, 0x00, 0x00, 0x00, 0x00, 0x00, 0x0D, 0x00, 0x00, 0x00,
    0x8D, 0x88, 0x88, 0x88, 0x11, 0x11, 0x11, 0x41, 0x44, 0x44, 0x44, 0x44, 0xDD, 0xDD, 0xDD, 0xDD,
    0x00, 0x00, 0x00, 0x00, 0x00, 0x00, 0x00, 0x00, 0x00, 0x00, 0x00, 0x00, 0x00, 0x00, 0x00, 0x00,
    0xD8, 0xDD, 0x00, 0x00, 0x48, 0xD1, 0x00, 0x00, 0x88, 0x0D, 0x00, 0x00, 0xDD, 0x00, 0x00, 0x00,
    0x00, 0x00, 0x00, 0x00, 0x00, 0x00, 0x00, 0x00, 0x00, 0x00, 0x00, 0x00, 0x00, 0x00, 0x00, 0x00,
    0x00, 0x00, 0x00, 0xE0, 0x00, 0x00, 0x00, 0xEE, 0x00, 0x00, 0xE0, 0xBB, 0x00, 0x00, 0xBE, 0x8B,
    0x00, 0xE0, 0xBC, 0xB4, 0x00, 0xE0, 0xCC, 0xB8, 0x00, 0xE0, 0x48, 0x48, 0x00, 0x00, 0xEE, 0x8E,
    0x4B, 0xC8, 0x4C, 0x0E, 0xC8, 0xCC, 0x8C, 0x0E, 0xC4, 0xCC, 0x48, 0x0E, 0xBB, 0xCC, 0xE4, 0x00,
    0xBB, 0x8B, 0x0E, 0x00, 0xBB, 0x4C, 0x0E, 0x00, 0xCC, 0x8C, 0x0E, 0x00, 0x84, 0xE4, 0x00, 0x00,
    0x00, 0x00, 0x00, 0xEE, 0x00, 0x00, 0x00, 0x00, 0x00, 0x00, 0x00, 0x00, 0x00, 0x00, 0x00, 0x00,
    0x00, 0x00, 0x00, 0x00, 0x00, 0x00, 0x00, 0x00, 0x00, 0x00, 0x00, 0x00, 0x00, 0x00, 0x00, 0x00,
    0xEE, 0x0E, 0x00, 0x00, 0x00, 0x00, 0x00, 0x00, 0x00, 0x00, 0x00, 0x00, 0x00, 0x00, 0x00, 0x00,
    0x00, 0x00, 0x00, 0x00, 0x00, 0x00, 0x00, 0x00, 0x00, 0x00, 0x00, 0x00, 0x00, 0x00, 0x00, 0x00,
    0x00, 0xE0, 0x88, 0x79, 0x00, 0xCE, 0x8E, 0xEE, 0xE0, 0xCC, 0xEC, 0xB4, 0xEE, 0xCC, 0xEE, 0x4C,
    0x7A, 0xEE, 0x11, 0xE8, 0x57, 0x1E, 0x54, 0xEE, 0x49, 0x4E, 0x48, 0x41, 0x90, 0xEE, 0x14, 0x84,
    0xA7, 0x7A, 0xEE, 0x0E, 0x9E, 0x89, 0x8E, 0xE4, 0x75, 0xC4, 0x88, 0xE8, 0x4B, 0xCC, 0x88, 0xE8,
    0xC4, 0xCE, 0x8C, 0xE8, 0x81, 0xCE, 0xCC, 0xEC, 0x5E, 0xCE, 0xCC, 0xEC, 0x9E, 0xE7, 0xEE, 0xEE,
    0xE0, 0xBC, 0xEE, 0xDD, 0x8E, 0xBB, 0xCB, 0xCC, 0x4E, 0xBB, 0xBB, 0xCB, 0x8E, 0xBB, 0xBB, 0xCC,
    0x4E, 0xBC, 0xBB, 0xCC, 0xE0, 0xC8, 0xCC, 0xCC, 0x00, 0x4E, 0x48, 0x48, 0x00, 0xE0, 0xEE, 0xEE,
    0xDD, 0xAA, 0x59, 0x0E, 0xAA, 0x97, 0x52, 0x0E, 0x7A, 0x22, 0xC5, 0xEC, 0x9C, 0x79, 0xCC, 0xEC,
    0xCC, 0xCC, 0xCC, 0xEC, 0x4C, 0xCC, 0xCC, 0xE8, 0xE8, 0x48, 0x48, 0x0E, 0x0E, 0xEE, 0xEE, 0x00,
    0x00, 0x00, 0x00, 0x00, 0x00, 0x00, 0x00, 0x00, 0x00, 0x00, 0x00, 0x00, 0x00, 0x00, 0x00, 0x00,
    0x00, 0x00, 0x00, 0x00, 0x00, 0x00, 0x00, 0x00, 0x0A, 0x00, 0x00, 0x00, 0xAA, 0x00, 0x00, 0x00,
    0x69, 0x0A, 0x00, 0x00, 0xA9, 0x00, 0x00, 0x00, 0x55, 0x0A, 0x00, 0x00, 0x56, 0x0A, 0x00, 0x00,
    0xAA, 0x00, 0x00, 0x00, 0x0A, 0x00, 0x00, 0x00, 0x00, 0x00, 0x00, 0x00, 0x00, 0x00, 0x00, 0x00,
    0x00, 0x00, 0xD0, 0x41, 0x00, 0x00, 0xD0, 0x14, 0x00, 0x00, 0xD0, 0x18, 0x00, 0x00, 0x00, 0x1D,
    0x00, 0x00, 0x00, 0x4D, 0x00, 0x00, 0x00, 0x8D, 0x00, 0x00, 0x00, 0xD0, 0x00, 0x00, 0x00, 0xD0,
    0x88, 0xDD, 0x65, 0x99, 0xDD, 0x5A, 0x55, 0x66, 0x08, 0xA0, 0x6A, 0x99, 0x84, 0x7A, 0xA5, 0x96,
    0x81, 0x44, 0xA7, 0x6A, 0x81, 0x54, 0x88, 0x5A, 0x41, 0x48, 0x81, 0x5A, 0x14, 0x58, 0x55, 0x5A,
    0x96, 0x65, 0x65, 0x0A, 0x69, 0x56, 0x55, 0x0A, 0x99, 0x66, 0x55, 0xA6, 0x66, 0x69, 0x65, 0xA9,
    0x95, 0x96, 0x96, 0xA6, 0x95, 0x95, 0x69, 0xA6, 0x6A, 0x55, 0x59, 0xAA, 0x6A, 0x55, 0x56, 0xAA,
    0x00, 0x00, 0x00, 0x00, 0x00, 0x00, 0x00, 0x00, 0x00, 0x00, 0x00, 0x00, 0x00, 0x00, 0x00, 0x00,
    0x00, 0x00, 0x00, 0x00, 0x00, 0x00, 0x00, 0x00, 0x00, 0x00, 0x00, 0x00, 0x0A, 0x00, 0x00, 0x00,
    0x00, 0x00, 0x00, 0xD0, 0x00, 0x00, 0x00, 0x00, 0x00, 0x00, 0x00, 0x00, 0x00, 0x00, 0x00, 0x00,
    0x00, 0x00, 0x00, 0x00, 0x00, 0x00, 0x00, 0x00, 0x00, 0x00, 0x00, 0x00, 0x00, 0x00, 0x00, 0x70,
    0x18, 0x58, 0x75, 0xAA, 0x1D, 0x84, 0x79, 0x6A, 0x4D, 0xD1, 0x5A, 0xA9, 0x8D, 0xD1, 0x5E, 0xE7,
    0xDD, 0x8D, 0x9A, 0xE7, 0xAD, 0x88, 0x5A, 0x22, 0xA9, 0x19, 0x97, 0x57, 0x72, 0x2A, 0xAA, 0x9A,
    0xA6, 0x65, 0x5A, 0xA6, 0xA5, 0x65, 0x6A, 0xA6, 0xCE, 0xAA, 0xA6, 0xCA, 0xCC, 0xAC, 0xC8, 0xEC,
    0xCC, 0x88, 0x88, 0x0E, 0xCE, 0x88, 0x88, 0x0E, 0x5E, 0x8C, 0x88, 0x0E, 0x3E, 0xCC, 0xEC, 0xEC,
    0xEC, 0x00, 0x00, 0x00, 0xEC, 0x00, 0x00, 0x00, 0xEC, 0x00, 0x00, 0x00, 0x0E, 0x00, 0x00, 0x00,
    0x00, 0x00, 0x00, 0x00, 0x00, 0x00, 0x00, 0x00, 0x00, 0x00, 0x00, 0x00, 0x00, 0x00, 0x00, 0x00,
    0x00, 0x00, 0x00, 0x19, 0x00, 0x00, 0x00, 0x29, 0x00, 0x00, 0x00, 0x2A, 0x00, 0x00, 0x00, 0x5A,
    0x00, 0x00, 0x00, 0x7A, 0x00, 0x00, 0x00, 0xAA, 0x00, 0x00, 0x00, 0xAE, 0x00, 0x00, 0x00, 0x9E,
    0xA5, 0xE7, 0x5E, 0xAA, 0x9A, 0x45, 0x4E, 0xEA, 0xAA, 0x81, 0x18, 0x1E, 0x7A, 0x48, 0x18, 0x15,
    0x4A, 0xEE, 0x41, 0x4E, 0x92, 0xE5, 0xE8, 0xEE, 0x72, 0x79, 0x7A, 0x92, 0x25, 0x52, 0x5A, 0xA1,
    0xEE, 0xEE, 0xEE, 0xEC, 0xAE, 0x59, 0x94, 0xEC, 0xE8, 0x45, 0x75, 0xCC, 0xE4, 0x77, 0xE9, 0xEE,
    0x81, 0x5E, 0xE9, 0x0E, 0xE8, 0xE9, 0x9E, 0x0E, 0xE7, 0x7E, 0x7E, 0x0E, 0xBA, 0x79, 0xE7, 0x0E,
    0x00, 0x00, 0x00, 0x00, 0x00, 0x00, 0x00, 0x00, 0x0E, 0x00, 0x00, 0x00, 0x00, 0x00, 0x00, 0x00,
    0x00, 0x00, 0x00, 0x00, 0x00, 0x00, 0x00, 0x00, 0x00, 0x00, 0x00, 0x00, 0x00, 0x00, 0x00, 0x00,
    0x00, 0x00, 0x00, 0x4E, 0x00, 0x00, 0x00, 0xE0, 0x00, 0x00, 0x00, 0xE0, 0x00, 0x00, 0x00, 0x00,
    0x00, 0x00, 0x00, 0x00, 0x00, 0x00, 0x00, 0x00, 0x00, 0x00, 0x00, 0x00, 0x00, 0xE0, 0xEE, 0x00,
    0x99, 0xAA, 0xA9, 0x8A, 0x44, 0x88, 0xC8, 0x84, 0xCC, 0xCC, 0xCE, 0x88, 0xEE, 0xEE, 0xB0, 0x48,
    0x4A, 0xA7, 0xE0, 0xB4, 0x5A, 0x75, 0x8E, 0xE8, 0x5A, 0x88, 0x88, 0x9E, 0x7A, 0xDD, 0xE4, 0x00,
    0x53, 0x97, 0x79, 0x0E, 0xBB, 0xBB, 0x9C, 0x0E, 0xBB, 0xCB, 0xEE, 0x00, 0x44, 0x88, 0xE8, 0x00,
    0xCB, 0xEC, 0x9E, 0xA9, 0x79, 0x97, 0xEE, 0x75, 0x57, 0x55, 0xA7, 0x29, 0xA9, 0x9A, 0x97, 0x29,
    0x00, 0x00, 0x00, 0x00, 0x00, 0x00, 0x00, 0x00, 0x00, 0x00, 0x00, 0x00, 0x00, 0x00, 0x00, 0x00,
    0x0A, 0x00, 0x00, 0x00, 0xA9, 0x00, 0x00, 0x00, 0xA7, 0x00, 0x00, 0x00, 0xC9, 0x0E, 0x00, 0x00,
    0xE0, 0xBC, 0xBB, 0x0E, 0x8E, 0xBB, 0xBB, 0xEB, 0x4E, 0xBB, 0xBB, 0xCB, 0x8E, 0xBB, 0xBB, 0xCB,
    0x4E, 0xBC, 0xBB, 0xCC, 0x8E, 0xCC, 0xCC, 0xCC, 0xE0, 0x84, 0x84, 0x84, 0x00, 0xEE, 0xEE, 0xEE,
    0xDA, 0x8D, 0x08, 0x00, 0x4D, 0xD8, 0x0D, 0x00, 0x8D, 0x81, 0xD4, 0x00, 0x4D, 0xD4, 0xED, 0x00,
    0xDC, 0xDD, 0xEC, 0xE0, 0xC4, 0xCC, 0xE8, 0xE0, 0x8E, 0x84, 0xE4, 0xE0, 0xE0, 0xEE, 0x0E, 0x00,
    0x00, 0xA0, 0x9A, 0x75, 0x00, 0xEE, 0x8C, 0xC4, 0xE0, 0xBB, 0x4C, 0xCC, 0xBE, 0xBB, 0xB8, 0xCC,
    0xBE, 0x4B, 0xBB, 0xCB, 0xCC, 0x8B, 0xBB, 0xCC, 0x84, 0x84, 0xCC, 0x4C, 0xEE, 0x4E, 0x48, 0xE8,
    0xCC, 0xE8, 0x00, 0x00, 0xCC, 0xE4, 0x00, 0x00, 0xCC, 0xE8, 0x00, 0x00, 0xCC, 0xE4, 0x00, 0x00,
    0x4C, 0xE8, 0x00, 0x00, 0xE8, 0x0E, 0x00, 0x00, 0x0E, 0x00, 0x00, 0x00, 0x00, 0x00, 0x00, 0x00,
    0x00, 0x00, 0x00, 0xD0, 0x00, 0x00, 0xDD, 0x8D, 0x00, 0xD0, 0x84, 0x4D, 0x00, 0xD0, 0x88, 0x4D,
    0x00, 0xD0, 0x18, 0x48, 0x00, 0x00, 0x1D, 0x84, 0x00, 0x00, 0x4D, 0x81, 0x00, 0x00, 0x8D, 0x81,
    0xDD, 0x0D, 0x00, 0x00, 0x88, 0xD4, 0xA0, 0x0A, 0x11, 0xD8, 0xA0, 0xA6, 0x88, 0x0D, 0x00, 0x6A,
    0x41, 0xD8, 0xAA, 0x5A, 0x11, 0xDD, 0x65, 0x6A, 0x84, 0x11, 0x5D, 0x95, 0x14, 0x84, 0x9D, 0x65,
    0x00, 0x00, 0x00, 0x00, 0x00, 0x00, 0x00, 0x00, 0x00, 0x00, 0x00, 0x00, 0x0A, 0x00, 0x00, 0x00,
    0xA6, 0x00, 0x00, 0x00, 0x95, 0xAA, 0x00, 0x00, 0x95, 0x66, 0x0A, 0x00, 0x66, 0x56, 0xA6, 0x00,
    0x00, 0xEE, 0xEE, 0x0E, 0x00, 0x00, 0x00, 0x00, 0x00, 0x00, 0x00, 0x00, 0x00, 0x00, 0x00, 0x00,
    0x00, 0x00, 0x00, 0x00, 0x00, 0x00, 0x00, 0x00, 0x00, 0x00, 0x00, 0x00, 0x00, 0x00, 0x00, 0x00,
    0x00, 0x00, 0xD0, 0x14, 0x00, 0x00, 0xD0, 0x14, 0x00, 0x00, 0xD0, 0x14, 0x00, 0x00, 0xD0, 0x14,
    0x00, 0x00, 0x00, 0x18, 0x00, 0x00, 0x00, 0x1D, 0x00, 0x00, 0x00, 0x4D, 0x00, 0x00, 0x00, 0x4D,
    0x48, 0xD8, 0x0D, 0x00, 0xD8, 0x0D, 0x00, 0x00, 0x08, 0x00, 0x00, 0xAA, 0x08, 0x00, 0x00, 0x5A,
    0x84, 0x00, 0x00, 0xA0, 0x84, 0x00, 0x00, 0xA0, 0x81, 0x00, 0x00, 0x00, 0x81, 0x00, 0x00, 0xA0,
    0x5A, 0x0A, 0x00, 0x00, 0x6A, 0xA5, 0x0A, 0x00, 0xA0, 0x55, 0xA6, 0xAA, 0xAA, 0x66, 0x65, 0x66,
    0x65, 0x99, 0x66, 0x66, 0x55, 0x96, 0x66, 0x56, 0x6A, 0x65, 0x99, 0x96, 0x55, 0x66, 0x96, 0x99,
    0x00, 0x00, 0x00, 0x00, 0x00, 0x00, 0x00, 0x00, 0x00, 0x00, 0x00, 0x00, 0xAA, 0x00, 0x00, 0x00,
    0x65, 0x0A, 0x00, 0x00, 0x56, 0xA6, 0x00, 0x00, 0x55, 0xA5, 0x00, 0x00, 0x65, 0xA5, 0x00, 0x00,
    0x00, 0x00, 0x00, 0x4D, 0x00, 0x00, 0x00, 0x8D, 0x00, 0x00, 0x00, 0xD0, 0x00, 0x00, 0x00, 0xD0,
    0x00, 0x00, 0x00, 0xD0, 0x00, 0x00, 0x00, 0xA0, 0x00, 0x00, 0x90, 0xA9, 0x00, 0x00, 0x79, 0x72,
    0x81, 0x00, 0x00, 0x5A, 0x41, 0x08, 0x00, 0x6A, 0x41, 0x08, 0x00, 0xAA, 0x41, 0x08, 0x00, 0x90,
    0x44, 0x0A, 0x00, 0x90, 0x88, 0x9A, 0x99, 0x00, 0x8D, 0x79, 0x22, 0x97, 0x19, 0x95, 0x59, 0x92,
    0xA6, 0x6A, 0x59, 0x96, 0x7A, 0x65, 0x5A, 0x69, 0x59, 0xAA, 0x5A, 0xA5, 0x44, 0x88, 0x6A, 0xA5,
    0x45, 0x18, 0xA6, 0xA6, 0x57, 0x45, 0xA5, 0xAA, 0x7A, 0x55, 0xA7, 0x56, 0xAC, 0x7A, 0xA9, 0xAC,
    0x66, 0x65, 0x0A, 0x00, 0x99, 0x66, 0x0A, 0x00, 0x56, 0x59, 0xA6, 0x00, 0x55, 0x69, 0xA5, 0x00,
    0x55, 0x99, 0x0A, 0x00, 0x56, 0xA6, 0x00, 0x00, 0x6A, 0x0A, 0x00, 0x00, 0xAC, 0xEC, 0x00, 0x00,
    0x00, 0x00, 0x17, 0xA5, 0x00, 0x00, 0x29, 0xA9, 0x00, 0x00, 0x29, 0x99, 0x00, 0x00, 0x29, 0x79,
    0x00, 0x00, 0x59, 0x99, 0x00, 0x00, 0x59, 0xAD, 0x00, 0x00, 0xD7, 0x94, 0x00, 0x00, 0xD9, 0x41,
    0x29, 0xA7, 0x7A, 0x92, 0xA7, 0x9E, 0xA7, 0x52, 0x95, 0x9E, 0x94, 0x2E, 0x17, 0xE4, 0x84, 0x2E,
    0x15, 0x48, 0x81, 0xEE, 0x48, 0x88, 0xE4, 0x18, 0x8E, 0x4E, 0x28, 0x14, 0xE9, 0x8E, 0x5E, 0x41,
    0xEC, 0x9A, 0xE7, 0xCE, 0xE9, 0x57, 0xEC, 0x8C, 0xE9, 0x99, 0xCE, 0x88, 0xC7, 0xCE, 0xCC, 0x88,
    0xE7, 0xCC, 0xCC, 0x8C, 0xEE, 0xE7, 0xCC, 0xCC, 0x5E, 0x54, 0xCE, 0xEE, 0x57, 0x75, 0xEE, 0xCC,
    0xCC, 0xCC, 0x0E, 0x00, 0xE8, 0xCC, 0x0E, 0x00, 0x84, 0xEE, 0x00, 0x00, 0x88, 0x00, 0x00, 0x00,
    0xC8, 0x0E, 0x00, 0x00, 0xCE, 0x0E, 0x00, 0x00, 0xCC, 0xE8, 0x00, 0x00, 0x8C, 0xE8, 0x00, 0x00,
    0x00, 0x00, 0xD0, 0xD8, 0x00, 0x00, 0xD0, 0xD4, 0x00, 0x00, 0x00, 0x8D, 0x00, 0x00, 0x00, 0x08,
    0x00, 0x00, 0x00, 0x04, 0x00, 0x00, 0x00, 0x88, 0x00, 0x00, 0x00, 0x80, 0x00, 0x00, 0x00, 0x00,
    0xE1, 0x99, 0xEA, 0x84, 0x0D, 0x8D, 0xB5, 0xEE, 0xE0, 0xD8, 0x3E, 0x75, 0xE0, 0x44, 0xC4, 0xBC,
    0xE0, 0xC8, 0x8B, 0xCC, 0x80, 0xE8, 0xEC, 0x88, 0x84, 0xEE, 0xCC, 0xEE, 0xE0, 0xEE, 0xEE, 0x0E,
    0xAA, 0x99, 0xC1, 0x4C, 0xCB, 0x1E, 0x11, 0xE4, 0xCB, 0xCE, 0xCE, 0xCC, 0x53, 0xEC, 0xBC, 0x5B,
    0xCC, 0xCE, 0x75, 0xB3, 0xE8, 0x3E, 0xBB, 0xBB, 0xEE, 0xCC, 0xBB, 0xBB, 0xC0, 0x44, 0x84, 0xBB,
    0xE4, 0x0E, 0x00, 0x00, 0x9E, 0x0E, 0x00, 0x00, 0x7C, 0xE9, 0x00, 0x00, 0x79, 0xEE, 0x00, 0x00,
    0xE9, 0xE7, 0x00, 0x00, 0x9B, 0x0E, 0x00, 0x00, 0xCB, 0x0E, 0x00, 0x00, 0xCC, 0x0E, 0x00, 0x00,
    0x00, 0x00, 0x00, 0x00, 0x00, 0x00, 0x00, 0x00, 0x00, 0x00, 0x00, 0x00, 0x00, 0x00, 0x00, 0x00,
    0x00, 0x00, 0x00, 0x00, 0x00, 0x00, 0x00, 0x00, 0x00, 0xEE, 0xEE, 0x00, 0xE0, 0xBC, 0xBB, 0xEE,
    0x00, 0x7A, 0xE4, 0x00, 0x00, 0x5A, 0x77, 0x00, 0x00, 0x4A, 0xA5, 0x00, 0x00, 0x7A, 0xA5, 0x00,
    0x00, 0x7A, 0xA5, 0x00, 0x90, 0x5A, 0x59, 0x0A, 0x7E, 0xA9, 0x27, 0x0A, 0x9C, 0x25, 0x52, 0x09,
    0xE0, 0xEE, 0xBB, 0x88, 0xE0, 0x9C, 0xEE, 0xCB, 0x00, 0x5E, 0x74, 0xEE, 0x00, 0x90, 0x57, 0x75,
    0x00, 0x00, 0xA0, 0x9A, 0x00, 0x00, 0x00, 0x5A, 0x00, 0x00, 0x00, 0xE0, 0x00, 0x00, 0x00, 0xE0,
    0xE8, 0x00, 0x00, 0x00, 0xEE, 0x09, 0x00, 0x00, 0x79, 0x95, 0x00, 0x00, 0x9A, 0x72, 0x0A, 0x00,
    0x97, 0x72, 0x0A, 0x00, 0x29, 0x95, 0xEC, 0x00, 0x7C, 0xC9, 0xEC, 0x00, 0x4C, 0xC8, 0xEC, 0x00,
    0x8E, 0xBB, 0xBB, 0xCB, 0x4E, 0xBB, 0xBB, 0xCB, 0x8E, 0xBB, 0xBB, 0xCB, 0x4E, 0xBC, 0xBB, 0xCC,
    0xE0, 0xC8, 0xCC, 0xCC, 0x00, 0x4E, 0x48, 0x48, 0x00, 0xE0, 0xEE, 0xEE, 0x00, 0x00, 0x00, 0x00,
    0xCB, 0x5C, 0xC5, 0x0E, 0xCC, 0xCC, 0xCC, 0x0E, 0xCC, 0xCC, 0xCC, 0x0E, 0xCC, 0xCC, 0x8C, 0x0E,
    0x4C, 0x48, 0x48, 0x0E, 0xE8, 0xEE, 0xEE, 0x00, 0x0E, 0x00, 0x00, 0x00, 0x00, 0x00, 0x00, 0x00,
    0x00, 0x00, 0x00, 0xCE, 0x00, 0x00, 0xE0, 0xBC, 0x00, 0x00, 0xC0, 0xBB, 0x00, 0x00, 0x8E, 0xBB,
    0x00, 0x00, 0x4E, 0xBC, 0x00, 0x00, 0x8E, 0xCC, 0x00, 0x00, 0xE0, 0x84, 0x00, 0x00, 0x00, 0xEE,
    0xCC, 0xC4, 0xEC, 0x00, 0x8B, 0xCB, 0xEC, 0x00, 0x4B, 0xBB, 0xEC, 0x00, 0x8B, 0xBB, 0xEB, 0x00,
    0x4B, 0xBB, 0xEC, 0x00, 0x8C, 0xCC, 0xE8, 0x00, 0x84, 0x84, 0xE4, 0x00, 0xEE, 0xEE, 0x0E, 0x00,
    0x00, 0x00, 0xD0, 0xDD, 0x00, 0x00, 0x4D, 0xD8, 0x00, 0x00, 0x8D, 0x88, 0x00, 0x00, 0x4D, 0x81,
    0x00, 0x00, 0x4D, 0x81, 0x00, 0x00, 0x8D, 0x81, 0x00, 0x00, 0x80, 0x41, 0x00, 0x00, 0xD0, 0x41,
    0xDD, 0x00, 0x00, 0x00, 0x88, 0xD8, 0x0D, 0x00, 0x14, 0x41, 0x0D, 0x00, 0x44, 0xD8, 0x00, 0x00,
    0x14, 0x44, 0x0D, 0x00, 0x14, 0x81, 0x0D, 0x00, 0x48, 0xD8, 0xD8, 0x00, 0x48, 0x11, 0xD4, 0x00,
    0x00, 0x00, 0x00, 0x00, 0x00, 0x00, 0x00, 0x00, 0x00, 0x00, 0x00, 0x00, 0x00, 0x00, 0x00, 0x00,
    0x00, 0x00, 0x00, 0x00, 0x00, 0x00, 0x00, 0x00, 0x00, 0x00, 0x00, 0x00, 0xAA, 0x00, 0x00, 0x00,
};
static const u16 sSet9Frame0[] = {
    0x0007, 0x40E7, 0x81EA, 0x0000, 0x00CF, 0x41F2, 0x0008, 0x00DF, 0x400A, 0x000C, 0x00F7, 0x41FA,
    0x0010, 0x40DF, 0x01F2, 0x0014, 0x40F7, 0x01EA, 0x0016, 0x80CF, 0x0002, 0x0018, 0x0000,
};
static const u16 sSet9Frame1[] = {
    0x0005, 0x00D7, 0x81F2, 0x001A, 0x40F7, 0x41F2, 0x002A, 0x40CF, 0x01F2, 0x002E, 0x00CF, 0x0002,
    0x0030, 0x00FF, 0x0002, 0x0031, 0x0000,
};
static const u16 sSet9Frame2[] = {
    0x0004, 0x00D0, 0x81F1, 0x0032, 0x40F0, 0x81F1, 0x0042, 0x40C8, 0x01F1, 0x004A, 0x00C8, 0x0001,
    0x004C, 0x0000,
};
static const void* const sSet9Frames[] = { sSet9Frame0, sSet9Frame1, sSet9Frame2 };

static const u16 sBattleAnim42[] = {
    0x0040, 0x0040, 0x0005, 0x0000, 0x0006, 0x0000, 0x0008, 0x0001, 0x002D, 0x0001, 0x000D, 0x0002,
    0x0006,
};
static const u8 sTiles10[] __attribute__((aligned(4))) = {
    0x8E, 0xE8, 0x0E, 0x00, 0x44, 0xE1, 0xE8, 0x0E, 0x89, 0x48, 0xE4, 0xE4, 0xEA, 0x17, 0xE8, 0xE1,
    0xA0, 0x95, 0x4E, 0x9E, 0x90, 0xE9, 0xE8, 0x47, 0x00, 0x00, 0x00, 0x59, 0x00, 0x00, 0x00, 0x90,
    0x00, 0x00, 0x00, 0x00, 0x00, 0x00, 0x00, 0x00, 0x00, 0x00, 0x00, 0x00, 0x00, 0x00, 0x00, 0x00,
    0xE0, 0x0E, 0x00, 0x00, 0xCE, 0xEC, 0x0E, 0xAA, 0xCE, 0xCC, 0xEC, 0x6E, 0xCE, 0xCC, 0x8C, 0xEE,
    0x00, 0x00, 0x00, 0x0A, 0xAA, 0x0A, 0x00, 0xAA, 0x5A, 0xA6, 0x6A, 0x6A, 0x6A, 0x65, 0xA6, 0x5A,
    0x6A, 0xA6, 0x57, 0xA7, 0x96, 0xA7, 0x4A, 0xA5, 0x79, 0x75, 0x45, 0x44, 0x59, 0x54, 0x74, 0xAA,
    0x00, 0xAA, 0x00, 0x00, 0xA0, 0xA6, 0x00, 0x00, 0x69, 0xA5, 0x00, 0x00, 0x59, 0x65, 0xA0, 0x0A,
    0x69, 0x95, 0x59, 0x0A, 0x9A, 0x99, 0x65, 0x0A, 0xA7, 0x69, 0xA5, 0x00, 0xA5, 0x66, 0x0A, 0x00,
    0x00, 0x00, 0x00, 0x00, 0x00, 0x00, 0x00, 0x00, 0x00, 0x00, 0x00, 0x00, 0x00, 0x00, 0x00, 0x00,
    0x00, 0x00, 0x00, 0xE0, 0x00, 0x00, 0x00, 0xE0, 0x00, 0x00, 0x00, 0xE0, 0x00, 0x00, 0x00, 0xE0,
    0xCE, 0xCC, 0x8C, 0x88, 0xEE, 0xCE, 0xCC, 0x88, 0x00, 0xE0, 0xCC, 0xEC, 0xEE, 0xEE, 0xCC, 0x8C,
    0x44, 0xCC, 0xCC, 0x58, 0xC1, 0xCC, 0x1C, 0x78, 0xC1, 0x1C, 0x41, 0x4B, 0x11, 0xE1, 0x18, 0xC4,
    0x5E, 0x44, 0x54, 0x7A, 0x7A, 0x45, 0x44, 0x75, 0x98, 0x57, 0x54, 0xD5, 0x75, 0x99, 0x77, 0xDA,
    0x77, 0x49, 0x64, 0xAA, 0x44, 0xE4, 0xAC, 0xD5, 0x1C, 0xCE, 0x8C, 0xDA, 0xC1, 0xEC, 0x88, 0xD4,
    0xA7, 0xA5, 0x0A, 0x00, 0xDD, 0xA6, 0xA6, 0x00, 0x84, 0x6D, 0x65, 0x0A, 0x18, 0xD8, 0xAA, 0x00,
    0x1D, 0xD4, 0x0D, 0x00, 0x88, 0x81, 0xD8, 0x00, 0x18, 0x84, 0xD8, 0x00, 0x41, 0x4D, 0x81, 0x00,
    0x00, 0x00, 0x00, 0x00, 0x00, 0x00, 0x00, 0xE8, 0x00, 0x00, 0xEE, 0xCE, 0x00, 0xEE, 0x77, 0xE9,
    0xE0, 0x99, 0x99, 0x5B, 0x4E, 0xBC, 0xBB, 0xBB, 0xBE, 0xB4, 0xBB, 0xBB, 0xBE, 0x4C, 0xBB, 0xCB,
    0xEE, 0x99, 0x8B, 0x1C, 0x9E, 0x77, 0xB7, 0xC1, 0xEC, 0x79, 0x1E, 0xCC, 0xCC, 0x9E, 0x1E, 0xCC,
    0xEC, 0xEE, 0x11, 0x11, 0xE3, 0xEC, 0xCC, 0xCC, 0x7C, 0xBC, 0xEE, 0xCE, 0xCC, 0xE5, 0xCC, 0xCC,
    0xCC, 0xCC, 0x88, 0xE8, 0xCC, 0xCC, 0x88, 0xE8, 0xEC, 0xCC, 0x8C, 0xE8, 0x44, 0xCE, 0xCC, 0xEC,
    0xE4, 0xCE, 0xCC, 0xEC, 0x0E, 0xCE, 0xCC, 0x9C, 0xE9, 0xE0, 0x5E, 0x59, 0x79, 0x0E, 0x99, 0x55,
    0x18, 0x4D, 0xD1, 0x00, 0x4D, 0x4D, 0xD1, 0x00, 0xD0, 0x18, 0xD4, 0x00, 0x00, 0x18, 0xD8, 0x00,
    0xD0, 0x18, 0x08, 0x00, 0xD9, 0x14, 0x0D, 0x00, 0xD5, 0x14, 0x0D, 0x00, 0xD5, 0x41, 0x0D, 0x00,
    0xE0, 0xCB, 0xB4, 0xCC, 0x90, 0xBE, 0x8C, 0x88, 0x90, 0xE5, 0xBE, 0xEC, 0x00, 0x47, 0xE9, 0xEE,
    0x00, 0x5A, 0xA7, 0x00, 0x90, 0xA5, 0x59, 0x09, 0x90, 0x25, 0x52, 0x95, 0xCE, 0x59, 0x55, 0x95,
    0xCC, 0xCE, 0xBC, 0xCC, 0xEC, 0x7E, 0xBB, 0x3B, 0x0E, 0xCE, 0x73, 0xB5, 0x00, 0xCE, 0xBB, 0xBB,
    0x00, 0xCE, 0xBB, 0x4B, 0x00, 0xE0, 0x44, 0xC4, 0x00, 0xE0, 0xCC, 0xBB, 0x00, 0x00, 0xEE, 0x9E,
    0x9C, 0x0E, 0x90, 0x92, 0x95, 0xE7, 0x50, 0xA2, 0xCC, 0xC9, 0x29, 0xA5, 0xCC, 0xCC, 0x59, 0x95,
    0x88, 0xC8, 0xAA, 0xA5, 0xBB, 0xEE, 0x00, 0xA5, 0xEE, 0x97, 0x9A, 0x5A, 0x45, 0x54, 0x59, 0x9A,
    0x85, 0x81, 0x0A, 0x00, 0x59, 0x88, 0x0A, 0x00, 0x29, 0x95, 0x99, 0x80, 0x2A, 0x55, 0x95, 0x84,
    0xE5, 0x9E, 0x55, 0x09, 0xE9, 0x79, 0x29, 0x09, 0x9E, 0x54, 0x59, 0x95, 0xE2, 0xAA, 0x95, 0x95,
    0x9A, 0x57, 0xA5, 0x92, 0x00, 0x9A, 0xA7, 0x52, 0x00, 0xA0, 0x22, 0x95, 0x00, 0x90, 0x95, 0xC9,
    0x00, 0x00, 0xCE, 0xC4, 0x00, 0xEE, 0x84, 0xCC, 0xE0, 0x8C, 0xBB, 0xCB, 0xCE, 0xB4, 0xBB, 0xBB,
    0x52, 0x59, 0x5A, 0x95, 0x59, 0x95, 0x2A, 0x95, 0xAC, 0x29, 0x25, 0x95, 0xEC, 0x5A, 0x22, 0xA9,
    0xEC, 0x9A, 0x55, 0xA5, 0xE8, 0x0A, 0xA9, 0x0A, 0xE8, 0x00, 0x00, 0x00, 0xE8, 0x00, 0x00, 0x00,
    0xCE, 0xB8, 0xBB, 0xBB, 0x4E, 0x48, 0xB8, 0xCB, 0xCE, 0xCC, 0x4C, 0xC8, 0xE0, 0xEE, 0xCE, 0x4C,
    0x00, 0x00, 0xE0, 0xEE, 0x00, 0x00, 0x00, 0x00, 0x00, 0x00, 0x00, 0x00, 0x00, 0x00, 0x00, 0x00,
    0xE4, 0x00, 0x00, 0x00, 0xE8, 0x00, 0x00, 0x00, 0xE4, 0x00, 0x00, 0x00, 0xE8, 0x00, 0x00, 0x00,
    0x0E, 0x00, 0x00, 0x00, 0x00, 0x00, 0x00, 0x00, 0x00, 0x00, 0x00, 0x00, 0x00, 0x00, 0x00, 0x00,
    0xE0, 0x48, 0xBB, 0x4C, 0x4E, 0xBB, 0xBB, 0xCC, 0x8E, 0xBB, 0xBB, 0xCB, 0x4E, 0xBB, 0xBB, 0xCB,
    0xE0, 0xB8, 0xBB, 0xCC, 0xE0, 0xC4, 0xCC, 0xCC, 0x00, 0x8E, 0x84, 0x84, 0x00, 0xE0, 0xEE, 0xEE,
    0x88, 0xC8, 0xCC, 0x0E, 0xCC, 0xCC, 0xCC, 0xEC, 0xCC, 0xCC, 0xCC, 0xE8, 0xCC, 0xCC, 0x8C, 0xE8,
    0xCC, 0x88, 0xE8, 0x0E, 0x84, 0xEE, 0x0E, 0x00, 0xEE, 0x00, 0x00, 0x00, 0x00, 0x00, 0x00, 0x00,
    0x00, 0x00, 0x00, 0x00, 0x00, 0x00, 0x00, 0x00, 0x00, 0x00, 0x00, 0x00, 0x00, 0xDD, 0x00, 0x00,
    0xD0, 0x48, 0x0D, 0x00, 0x1D, 0x14, 0x0D, 0x00, 0xDD, 0x48, 0x0D, 0x00, 0xD0, 0xD4, 0x00, 0x00,
    0x84, 0xDD, 0x00, 0x00, 0x08, 0x00, 0x00, 0x00, 0x00, 0x00, 0x00, 0x00, 0x00, 0x00, 0x00, 0x00,
    0x00, 0x00, 0x00, 0x00, 0x00, 0x00, 0x00, 0x00, 0x00, 0x00, 0x00, 0x00, 0x00, 0x00, 0x00, 0x00,
    0x00, 0x00, 0x00, 0x90, 0x00, 0x00, 0x00, 0x79, 0x00, 0x00, 0x00, 0x57, 0x00, 0x00, 0x00, 0x79,
    0x00, 0x00, 0x00, 0x90, 0x00, 0x00, 0x00, 0x00, 0x00, 0x00, 0x00, 0x00, 0x00, 0x00, 0x00, 0x00,
    0x00, 0x00, 0x00, 0x00, 0x00, 0x00, 0x00, 0x00, 0x00, 0x00, 0x00, 0x00, 0x00, 0x00, 0x00, 0x00,
    0x00, 0x00, 0x00, 0x00, 0x00, 0x00, 0x00, 0x00, 0x00, 0x00, 0xEE, 0x0E, 0x00, 0xEE, 0x48, 0xE8,
};
static const u16 sSet10Frame0[] = {
    0x0006, 0x00D3, 0x81F2, 0x0000, 0x00F3, 0x4002, 0x0010, 0x40F3, 0x01EA, 0x0014, 0x80E3, 0x0012,
    0x0016, 0x00D3, 0x01EA, 0x0018, 0x00EB, 0x01EA, 0x0019, 0x0000,
};
static const void* const sSet10Frames[] = { sSet10Frame0 };

static const u16 sBattleAnim43[] = {
    0x0040, 0x0040, 0x0007, 0x0000, 0x0006, 0x0000, 0x0005, 0x0000, 0x0007, 0x0000, 0x0009, 0x0000,
    0x000A, 0x0000, 0x001E, 0x0000, 0x0006,
};
static const u8 sTiles11[] __attribute__((aligned(4))) = {
    0x00, 0x00, 0x00, 0x00, 0x00, 0x00, 0x00, 0x00, 0x00, 0x00, 0x00, 0x00, 0x00, 0x00, 0x00, 0x90,
    0x00, 0x00, 0x4E, 0x59, 0x00, 0xE0, 0x84, 0x45, 0x00, 0x8E, 0x81, 0x97, 0xE0, 0xE4, 0x18, 0xE4,
    0x00, 0x00, 0x00, 0x00, 0x00, 0x00, 0x00, 0x00, 0x00, 0xAA, 0xAA, 0x00, 0x97, 0x5A, 0x66, 0xAA,
    0x74, 0x6A, 0x55, 0x96, 0xE5, 0xAC, 0x56, 0x69, 0xCE, 0xAC, 0x99, 0x66, 0xCE, 0x6A, 0x65, 0x99,
    0x00, 0xE0, 0xEE, 0x00, 0xA0, 0xCA, 0xCC, 0xEC, 0xAA, 0xCA, 0xAC, 0xCA, 0x66, 0xA6, 0x6A, 0xA6,
    0x69, 0x56, 0x55, 0xA6, 0x66, 0x66, 0x56, 0xA5, 0x99, 0x66, 0x66, 0x65, 0x65, 0x69, 0x56, 0x66,
    0x00, 0x00, 0x00, 0x00, 0x00, 0x00, 0x00, 0x00, 0x0E, 0x00, 0x00, 0x00, 0xEC, 0x00, 0x00, 0x00,
    0xEC, 0x00, 0x00, 0x00, 0xEC, 0x00, 0x00, 0x00, 0x0A, 0x00, 0x00, 0x00, 0x0A, 0xE0, 0x9E, 0x0A,
    0xEE, 0x18, 0xE4, 0x0E, 0x4E, 0x88, 0x41, 0xE8, 0xE0, 0x41, 0x8E, 0x94, 0x00, 0x4E, 0x95, 0x75,
    0x00, 0x90, 0x09, 0x99, 0x00, 0x00, 0x00, 0x00, 0x00, 0x00, 0x00, 0xE0, 0x00, 0x00, 0x00, 0xE0,
    0xAE, 0x55, 0x66, 0x59, 0x6A, 0xAA, 0x9A, 0x99, 0x00, 0xAB, 0x65, 0x59, 0x00, 0x5A, 0x99, 0x55,
    0xE0, 0xAA, 0x96, 0x95, 0xEE, 0xA3, 0xAA, 0x96, 0x44, 0x5B, 0x73, 0x5A, 0xEE, 0x44, 0xBB, 0xC5,
    0x55, 0x69, 0x66, 0xA6, 0x66, 0x66, 0x56, 0x66, 0x96, 0x69, 0x66, 0x56, 0x99, 0x66, 0x59, 0x56,
    0x96, 0x55, 0x69, 0x55, 0x95, 0x56, 0xA6, 0x6A, 0x7E, 0x6A, 0xA5, 0xA6, 0x5E, 0xA7, 0xA6, 0xCA,
    0xEA, 0xC8, 0x5C, 0x94, 0xAA, 0xCC, 0xEC, 0x75, 0xA6, 0xCC, 0xCC, 0x8E, 0x65, 0xCA, 0xCC, 0x1E,
    0x65, 0xCA, 0xEE, 0x48, 0xAA, 0xEA, 0x00, 0xEE, 0xEC, 0x0E, 0xA0, 0x8A, 0xCC, 0x5A, 0x99, 0xAA,
    0x00, 0x00, 0x00, 0xE0, 0x00, 0x00, 0x00, 0x00, 0x00, 0x00, 0x00, 0x00, 0x00, 0x00, 0x00, 0x00,
    0x00, 0x00, 0x00, 0x00, 0x00, 0x00, 0x00, 0x8D, 0x00, 0x00, 0xD0, 0x14, 0x00, 0x00, 0xDE, 0x8D,
    0x59, 0xB7, 0xB4, 0x3B, 0x47, 0xE5, 0x8B, 0xBB, 0x59, 0xE4, 0xCB, 0xC8, 0x90, 0xE4, 0xCC, 0x8C,
    0xAE, 0x8D, 0xDD, 0xCD, 0xDD, 0x41, 0x88, 0x88, 0x48, 0x88, 0x14, 0x11, 0x84, 0x14, 0x41, 0xD8,
    0xEC, 0x9E, 0xEA, 0xCE, 0xE7, 0x97, 0xE7, 0xBC, 0xE5, 0x7E, 0x97, 0x8C, 0x4E, 0x88, 0x88, 0x48,
    0x88, 0x48, 0x11, 0x11, 0x14, 0x11, 0x84, 0xDD, 0x41, 0xDD, 0xDD, 0x59, 0xDD, 0x00, 0xE0, 0x5C,
    0xCB, 0xAC, 0x55, 0xA5, 0xDB, 0xDD, 0x29, 0x52, 0x88, 0x84, 0x98, 0x95, 0x11, 0x84, 0xA8, 0x59,
    0xD4, 0xDD, 0xAD, 0xAA, 0x2D, 0x95, 0xAA, 0x00, 0x29, 0x75, 0x00, 0x00, 0x72, 0x8A, 0x0E, 0x00,
    0x00, 0xE0, 0xBB, 0xD4, 0x00, 0xBE, 0x8B, 0xBB, 0xE0, 0xBC, 0xB4, 0xBB, 0xE0, 0xC8, 0xB8, 0xBB,
    0x00, 0x4E, 0x48, 0xCC, 0x00, 0xE0, 0xEE, 0x48, 0x00, 0x00, 0xE0, 0xEE, 0x00, 0x00, 0x00, 0x00,
    0xD8, 0xD8, 0xDD, 0x0D, 0xDD, 0xCD, 0x8C, 0x0E, 0xCB, 0xCC, 0x48, 0x0E, 0xCC, 0x48, 0xEE, 0x00,
    0x4C, 0xEE, 0x00, 0x00, 0xE8, 0x00, 0x00, 0x00, 0x0E, 0x00, 0x00, 0x00, 0x00, 0x00, 0x00, 0x00,
    0x00, 0x00, 0xE0, 0xC4, 0x00, 0x00, 0xE0, 0xC8, 0x00, 0x00, 0x00, 0x4E, 0x00, 0x00, 0x00, 0x8E,
    0x00, 0x00, 0x00, 0xE0, 0x00, 0x00, 0x00, 0xE0, 0x00, 0x00, 0x00, 0x00, 0x00, 0x00, 0x00, 0x00,
    0xCC, 0x4C, 0xEB, 0x0E, 0xBC, 0x8B, 0xBB, 0xEC, 0xBB, 0xBB, 0xB4, 0xEB, 0xBC, 0xBB, 0xB8, 0xEC,
    0xCC, 0xCC, 0x48, 0xE8, 0x48, 0x48, 0xEE, 0x0E, 0xEE, 0xEE, 0x00, 0x00, 0x00, 0x00, 0x00, 0x00,
    0x00, 0x00, 0x00, 0x00, 0xEE, 0x00, 0x00, 0x00, 0x11, 0x0E, 0x00, 0x00, 0x84, 0xEE, 0xAA, 0x0A,
    0xE8, 0xE4, 0x9E, 0xA9, 0x44, 0x88, 0xE4, 0x95, 0xE1, 0x18, 0xE1, 0x5A, 0x84, 0x41, 0x95, 0x95,
    0x00, 0x00, 0x00, 0x00, 0x00, 0x00, 0x00, 0x00, 0x00, 0x00, 0x00, 0x00, 0x00, 0x00, 0x00, 0x00,
    0x00, 0x00, 0x00, 0x00, 0x00, 0x00, 0x00, 0x00, 0x0A, 0x00, 0x00, 0x00, 0xA9, 0x00, 0x00, 0x00,
    0x95, 0x57, 0xA7, 0x55, 0xA5, 0x59, 0x9A, 0x22, 0x55, 0xA5, 0x52, 0x55, 0x59, 0x59, 0x95, 0xA9,
    0x99, 0xAA, 0x00, 0x00, 0x00, 0x00, 0x00, 0x00, 0x00, 0x00, 0x00, 0x00, 0x00, 0x00, 0x00, 0x00,
    0x52, 0x0A, 0x00, 0x00, 0x52, 0x09, 0x00, 0x00, 0x99, 0x0A, 0x00, 0x00, 0xAA, 0x00, 0x00, 0x00,
    0x00, 0x00, 0x00, 0x00, 0x00, 0x00, 0x00, 0x00, 0x00, 0x00, 0x00, 0x00, 0x00, 0x00, 0x00, 0x00,
    0x00, 0x00, 0x99, 0x95, 0x00, 0x00, 0x90, 0x96, 0x00, 0x00, 0x69, 0x65, 0x00, 0x00, 0x59, 0x66,
    0x00, 0x90, 0x56, 0x65, 0x00, 0x90, 0x99, 0x66, 0x00, 0x00, 0x00, 0x99, 0x00, 0x00, 0x00, 0x00,
    0xAA, 0x44, 0x22, 0x42, 0x44, 0x22, 0x44, 0x44, 0x59, 0x44, 0x44, 0x54, 0x96, 0x44, 0x54, 0x95,
    0x59, 0x57, 0x97, 0x1C, 0x99, 0x87, 0x88, 0x18, 0x96, 0x88, 0x88, 0xC8, 0x8E, 0x88, 0x88, 0xBB,
    0x69, 0x00, 0x00, 0x00, 0x99, 0x00, 0x00, 0x00, 0xE9, 0xEE, 0x00, 0x00, 0xE6, 0x48, 0xE8, 0xEE,
    0x4E, 0xB1, 0x84, 0xE4, 0xE1, 0xBB, 0x99, 0x89, 0x4C, 0x9E, 0x77, 0x97, 0x1C, 0x9E, 0x77, 0xEE,
    0x00, 0x00, 0x00, 0x00, 0x00, 0x00, 0x00, 0x00, 0x00, 0x00, 0x00, 0x00, 0x0E, 0x00, 0x00, 0x00,
    0x77, 0x00, 0xDD, 0x70, 0x24, 0xD5, 0x81, 0x4D, 0x57, 0x87, 0xD4, 0x41, 0xEE, 0x9E, 0x89, 0x84,
    0x00, 0x00, 0x00, 0xE0, 0x00, 0x00, 0x00, 0x1E, 0x00, 0x00, 0x00, 0xEE, 0x00, 0x00, 0xD0, 0x5D,
    0x00, 0xDD, 0x1D, 0xD1, 0x70, 0x44, 0xD8, 0x18, 0x45, 0x85, 0x11, 0x4D, 0x27, 0x57, 0x18, 0xA4,
    0x11, 0x88, 0xB8, 0xCB, 0xEE, 0xB1, 0xBB, 0xCC, 0x55, 0x1E, 0xEB, 0x4E, 0x42, 0xE7, 0xE1, 0x90,
    0x74, 0x1E, 0x0E, 0x90, 0x8D, 0xEE, 0x00, 0x90, 0xD8, 0x00, 0x00, 0x90, 0xD8, 0x00, 0x00, 0x00,
    0x8C, 0x9E, 0xEE, 0xEB, 0xE4, 0xEE, 0xEE, 0xEC, 0xEE, 0xCC, 0xCC, 0x7E, 0xB9, 0xBB, 0x75, 0xCE,
    0x97, 0x35, 0xBB, 0xEC, 0x77, 0xB9, 0x4B, 0xE8, 0x77, 0x89, 0xB4, 0xEB, 0x99, 0xE9, 0xE7, 0xCE,
    0xBC, 0x9B, 0x97, 0x89, 0x3B, 0x75, 0x79, 0x97, 0xB3, 0x4B, 0x98, 0x99, 0xBC, 0xB4, 0x5E, 0xE7,
    0x4C, 0xEB, 0x25, 0x72, 0xC8, 0xEB, 0x47, 0x24, 0xCE, 0xEC, 0xEE, 0x45, 0xEE, 0xCE, 0xEE, 0xA7,
    0x00, 0x00, 0x00, 0x00, 0x00, 0x00, 0x00, 0x00, 0x00, 0x00, 0x00, 0x00, 0x00, 0x00, 0x00, 0x00,
    0x74, 0x05, 0x00, 0x00, 0x5D, 0x54, 0x00, 0x00, 0x78, 0x75, 0x00, 0x00, 0x48, 0x52, 0x00, 0x00,
    0x00, 0x00, 0x00, 0x00, 0x00, 0x00, 0x00, 0x00, 0x00, 0x00, 0x00, 0x00, 0x00, 0x00, 0x00, 0x00,
    0x00, 0x00, 0x00, 0x00, 0x00, 0x00, 0x00, 0x00, 0x00, 0x00, 0x00, 0x00, 0xE0, 0xEE, 0x0E, 0x00,
    0x84, 0xA4, 0x00, 0xE0, 0xDD, 0x0A, 0x00, 0xCE, 0x00, 0x00, 0x00, 0xBE, 0x0E, 0x00, 0x00, 0xBE,
    0x0E, 0x00, 0x00, 0xBE, 0xA5, 0xAA, 0x00, 0xCE, 0x5A, 0x52, 0xEA, 0xC4, 0x25, 0xA5, 0x8C, 0xCC,
    0x4E, 0x48, 0xE8, 0x00, 0xCB, 0xB4, 0xBB, 0x0E, 0xCB, 0xB8, 0xBB, 0xEB, 0x4B, 0xBB, 0xBB, 0xEB,
    0x8C, 0xBB, 0xBB, 0xEB, 0x4C, 0xBB, 0xBB, 0xEE, 0xB8, 0xBB, 0xBB, 0x0E, 0xB4, 0xBB, 0xEB, 0x00,
    0x0D, 0x00, 0x00, 0xE0, 0x00, 0x00, 0x00, 0x4E, 0x00, 0x00, 0xE0, 0xB8, 0x00, 0x00, 0x4E, 0xBB,
    0x00, 0x00, 0xBE, 0xBB, 0x00, 0x00, 0xBE, 0xBB, 0x00, 0x00, 0xBE, 0xBB, 0x00, 0x00, 0xE0, 0xBB,
    0xEE, 0x2E, 0x74, 0xEE, 0x48, 0xE8, 0x54, 0xEE, 0xBB, 0x4B, 0xAA, 0xEA, 0xBB, 0x8B, 0xA5, 0xA2,
    0xBB, 0xBB, 0x74, 0x5D, 0xBB, 0xBB, 0xC8, 0xCC, 0xBB, 0xBB, 0x4B, 0xBC, 0xBB, 0xBB, 0xEB, 0x48,
    0x00, 0x00, 0x00, 0xEE, 0x00, 0x00, 0x00, 0x00, 0x00, 0x00, 0x00, 0x00, 0x00, 0x00, 0x00, 0x00,
    0x00, 0x00, 0x00, 0x00, 0x00, 0x00, 0x00, 0x00, 0x00, 0x00, 0x00, 0x00, 0x00, 0x00, 0x00, 0x00,
    0xBB, 0xBB, 0xEE, 0xBB, 0xEE, 0xEE, 0xBB, 0xBB, 0x00, 0xE0, 0xBB, 0xBB, 0x00, 0x00, 0xBE, 0xBB,
    0x00, 0x00, 0xE0, 0xEE, 0x00, 0x00, 0x00, 0x00, 0x00, 0x00, 0x00, 0x00, 0x00, 0x00, 0x00, 0x00,
    0x00, 0x00, 0x00, 0x00, 0x00, 0x00, 0x00, 0x00, 0x00, 0x00, 0x00, 0x00, 0x00, 0x00, 0x00, 0x00,
    0x00, 0x00, 0x00, 0x00, 0x00, 0x00, 0x69, 0x96, 0x00, 0x00, 0x90, 0x69, 0x00, 0x90, 0x66, 0x69,
    0x00, 0x09, 0x00, 0x00, 0x90, 0x06, 0x00, 0x00, 0x90, 0x95, 0x00, 0x09, 0x69, 0x95, 0x90, 0x06,
    0x59, 0x66, 0x69, 0x95, 0x96, 0x59, 0x99, 0x95, 0x45, 0x42, 0xAA, 0x66, 0x54, 0x52, 0x45, 0x54,
    0x0E, 0xEE, 0xEE, 0x00, 0x0E, 0x00, 0x00, 0x00, 0x0E, 0x00, 0x00, 0x00, 0x00, 0x00, 0x00, 0x00,
    0x0A, 0x00, 0x00, 0x00, 0x0A, 0x00, 0x00, 0x00, 0x0E, 0x00, 0x00, 0x00, 0xEC, 0x00, 0x00, 0x00,
    0x2A, 0xCA, 0xCC, 0x8B, 0xAA, 0xCC, 0xCB, 0xB4, 0xE0, 0xBE, 0x48, 0xBB, 0x00, 0xE0, 0x84, 0xBB,
    0x00, 0x00, 0xBE, 0xBB, 0x00, 0x00, 0xE0, 0xEE, 0x00, 0x00, 0x00, 0x00, 0x00, 0x00, 0x00, 0x00,
    0x00, 0x00, 0x00, 0x00, 0x00, 0x00, 0x00, 0x00, 0x00, 0x00, 0x00, 0x00, 0x00, 0x00, 0x00, 0x00,
    0x00, 0x00, 0x00, 0x00, 0x00, 0x00, 0x00, 0x00, 0x99, 0x09, 0x00, 0x00, 0x56, 0x09, 0x00, 0x00,
    0x47, 0x25, 0x84, 0xA8, 0xA0, 0x47, 0x45, 0x0D, 0x00, 0xAA, 0xDD, 0x00, 0x00, 0x00, 0x00, 0x00,
    0x00, 0x00, 0x00, 0x00, 0x00, 0x00, 0x00, 0x00, 0x00, 0x00, 0x00, 0x00, 0x00, 0x00, 0x00, 0x00,
    0xBB, 0xEB, 0x0E, 0x00, 0xEE, 0x0E, 0x00, 0x00, 0xEB, 0x00, 0x00, 0x00, 0xEB, 0x00, 0x00, 0x00,
    0x0E, 0x00, 0x00, 0x00, 0x00, 0x00, 0x00, 0x00, 0x00, 0x00, 0x00, 0x00, 0x00, 0x00, 0x00, 0x00,
    0xE8, 0x00, 0x00, 0x00, 0xEB, 0x00, 0x00, 0x00, 0xEB, 0x00, 0x00, 0x00, 0x0E, 0x00, 0x00, 0x00,
    0x00, 0x00, 0x00, 0x00, 0x00, 0x00, 0x00, 0x00, 0x00, 0x00, 0x00, 0x00, 0x00, 0x00, 0x00, 0x00,
};
static const u16 sSet11Frame0[] = {
    0x0002, 0x00E1, 0x81EB, 0x0000, 0x00E9, 0x400B, 0x0010, 0x0000,
};
static const u16 sSet11Frame1[] = {
    0x0009, 0x40E3, 0x81E8, 0x0014, 0x00E3, 0x4008, 0x001C, 0x00F3, 0x41F0, 0x0020, 0x40DB, 0x01E8,
    0x0024, 0x40F3, 0x0000, 0x0026, 0x00DB, 0x01F8, 0x0028, 0x00F3, 0x01E8, 0x0029, 0x00F3, 0x0010,
    0x002A, 0x00FB, 0x0000, 0x002B, 0x0000,
};
static const void* const sSet11Frames[] = { sSet11Frame0, sSet11Frame1 };

static const u16 sBattleAnim44[] = {
    0x0040, 0x0040, 0x0007, 0x0000, 0x0006, 0x0000, 0x0005, 0x0000, 0x0007, 0x0000, 0x0009, 0x0000,
    0x000A, 0x0000, 0x0028, 0x0001, 0x0006,
};
static const u16 sBattleAnim45[] = {
    0x0040, 0x0040, 0x0006, 0x0000, 0x0006, 0x0000, 0x0005, 0x0000, 0x0007, 0x0000, 0x0009, 0x0000,
    0x000A, 0x0001, 0x001E,
};
static const u8 sTiles12[] __attribute__((aligned(4))) = {
    0x00, 0x00, 0x99, 0x95, 0x00, 0x00, 0x90, 0x96, 0x00, 0x00, 0x69, 0x65, 0x00, 0x00, 0x59, 0x66,
    0x00, 0x90, 0x56, 0x65, 0x00, 0x90, 0x99, 0x66, 0x00, 0x00, 0x00, 0x99, 0x00, 0x00, 0x00, 0x00,
    0xA6, 0x7A, 0x24, 0x42, 0x45, 0x25, 0x42, 0x44, 0x59, 0x44, 0x44, 0x54, 0x96, 0x44, 0x54, 0x95,
    0x59, 0x57, 0x97, 0x1C, 0x99, 0x87, 0x88, 0x18, 0x96, 0x88, 0x88, 0xC8, 0x8E, 0x88, 0x88, 0xBB,
    0x69, 0x00, 0x00, 0x00, 0x99, 0x00, 0x00, 0x00, 0xE9, 0xEE, 0x00, 0x00, 0xE6, 0x48, 0xE8, 0xEE,
    0x4E, 0xB1, 0x84, 0xE4, 0xE1, 0xBB, 0x99, 0x89, 0x4C, 0x9E, 0x77, 0x97, 0x1C, 0x9E, 0x77, 0xEE,
    0x00, 0x00, 0x00, 0x00, 0x00, 0x00, 0x00, 0x00, 0x00, 0x00, 0x00, 0x00, 0x0E, 0x00, 0x00, 0x00,
    0x77, 0x00, 0xDD, 0x70, 0x24, 0xD5, 0x81, 0x4D, 0x57, 0x87, 0xD4, 0x41, 0xEE, 0x9E, 0x89, 0x84,
    0x00, 0x00, 0x00, 0xE0, 0x00, 0x00, 0x00, 0x1E, 0x00, 0x00, 0x00, 0xEE, 0x00, 0x00, 0xD0, 0x5D,
    0x00, 0xDD, 0x1D, 0xD1, 0x70, 0x44, 0xD8, 0x18, 0x45, 0x85, 0x11, 0x4D, 0x27, 0x57, 0x18, 0xA4,
    0x11, 0x88, 0xB8, 0xCB, 0xEE, 0xB1, 0xBB, 0xCC, 0x55, 0x1E, 0xEB, 0x4E, 0x42, 0xE7, 0xE1, 0x90,
    0x74, 0x1E, 0x0E, 0x90, 0x8D, 0xEE, 0x00, 0x90, 0xD8, 0x00, 0x00, 0x90, 0xD8, 0x00, 0x00, 0x00,
    0x8C, 0x9E, 0xEE, 0xEB, 0xE4, 0xEE, 0xEE, 0xEC, 0xEE, 0xCC, 0xCC, 0x7E, 0xB9, 0xBB, 0x75, 0xCE,
    0x97, 0x35, 0xBB, 0xEC, 0x77, 0xB9, 0x4B, 0xE8, 0x77, 0x89, 0xB4, 0xEB, 0x99, 0xE9, 0xE7, 0xCE,
    0xBC, 0x9B, 0x97, 0x89, 0x3B, 0x75, 0x79, 0x97, 0xB3, 0x4B, 0x98, 0x99, 0xBC, 0xB4, 0x5E, 0xE7,
    0x4C, 0xEB, 0x25, 0x72, 0xC8, 0xEB, 0x47, 0x24, 0xCE, 0xEC, 0xEE, 0x45, 0xEE, 0xCE, 0xEE, 0xA7,
    0x00, 0x00, 0x00, 0x00, 0x00, 0x00, 0x00, 0x00, 0x00, 0x00, 0x00, 0x00, 0x00, 0x00, 0x00, 0x00,
    0x74, 0x05, 0x00, 0x00, 0x5D, 0x54, 0x00, 0x00, 0x78, 0x75, 0x00, 0x00, 0x48, 0x52, 0x00, 0x00,
    0x00, 0x00, 0x00, 0x00, 0x00, 0x00, 0x00, 0x00, 0x00, 0x00, 0x00, 0x00, 0x00, 0x00, 0x00, 0x00,
    0x00, 0x00, 0x00, 0x00, 0x00, 0x00, 0x00, 0x00, 0x00, 0x00, 0x00, 0x00, 0xE0, 0xEE, 0x0E, 0x00,
    0x84, 0xA4, 0x00, 0xE0, 0xDD, 0x0A, 0x00, 0xCE, 0x00, 0x00, 0x00, 0xBE, 0x0E, 0x00, 0x00, 0xBE,
    0x0E, 0x00, 0x00, 0xBE, 0xA5, 0xAA, 0x00, 0xCE, 0x5A, 0x52, 0xEA, 0xC4, 0x25, 0xA5, 0x8C, 0xCC,
    0x4E, 0x48, 0xE8, 0x00, 0xCB, 0xB4, 0xBB, 0x0E, 0xCB, 0xB8, 0xBB, 0xEB, 0x4B, 0xBB, 0xBB, 0xEB,
    0x8C, 0xBB, 0xBB, 0xEB, 0x4C, 0xBB, 0xBB, 0xEE, 0xB8, 0xBB, 0xBB, 0x0E, 0xB4, 0xBB, 0xEB, 0x00,
    0x0D, 0x00, 0x00, 0xE0, 0x00, 0x00, 0x00, 0x4E, 0x00, 0x00, 0xE0, 0xB8, 0x00, 0x00, 0x4E, 0xBB,
    0x00, 0x00, 0xBE, 0xBB, 0x00, 0x00, 0xBE, 0xBB, 0x00, 0x00, 0xBE, 0xBB, 0x00, 0x00, 0xE0, 0xBB,
    0xEE, 0x2E, 0x74, 0xEE, 0x48, 0xE8, 0x54, 0xEE, 0xBB, 0x4B, 0xAA, 0xEA, 0xBB, 0x8B, 0xA5, 0xA2,
    0xBB, 0xBB, 0x74, 0x5D, 0xBB, 0xBB, 0xC8, 0xCC, 0xBB, 0xBB, 0x4B, 0xBC, 0xBB, 0xBB, 0xEB, 0x48,
    0x00, 0x00, 0x00, 0xEE, 0x00, 0x00, 0x00, 0x00, 0x00, 0x00, 0x00, 0x00, 0x00, 0x00, 0x00, 0x00,
    0x00, 0x00, 0x00, 0x00, 0x00, 0x00, 0x00, 0x00, 0x00, 0x00, 0x00, 0x00, 0x00, 0x00, 0x00, 0x00,
    0xBB, 0xBB, 0xEE, 0xBB, 0xEE, 0xEE, 0xBB, 0xBB, 0x00, 0xE0, 0xBB, 0xBB, 0x00, 0x00, 0xBE, 0xBB,
    0x00, 0x00, 0xE0, 0xEE, 0x00, 0x00, 0x00, 0x00, 0x00, 0x00, 0x00, 0x00, 0x00, 0x00, 0x00, 0x00,
    0x00, 0x00, 0x00, 0x00, 0x00, 0x00, 0x00, 0x00, 0x00, 0x00, 0x00, 0x00, 0x00, 0x00, 0x00, 0x00,
    0x00, 0x00, 0x00, 0x00, 0x00, 0x00, 0x69, 0x96, 0x00, 0x00, 0x90, 0x69, 0x00, 0x90, 0x66, 0x69,
    0x00, 0x09, 0x00, 0x00, 0x90, 0x06, 0x00, 0x00, 0x90, 0x95, 0x00, 0x09, 0x69, 0x95, 0x90, 0x06,
    0x59, 0x66, 0x69, 0x95, 0xA6, 0x5A, 0xA5, 0x95, 0x59, 0x24, 0xAA, 0x67, 0x45, 0x2A, 0x74, 0x54,
    0x0E, 0xEE, 0xEE, 0x00, 0x0E, 0x00, 0x00, 0x00, 0x0E, 0x00, 0x00, 0x00, 0x00, 0x00, 0x00, 0x00,
    0x0A, 0x00, 0x00, 0x00, 0x0A, 0x00, 0x00, 0x00, 0x0E, 0x00, 0x00, 0x00, 0xEC, 0x00, 0x00, 0x00,
    0x2A, 0xCA, 0xCC, 0x8B, 0xAA, 0xCC, 0xCB, 0xB4, 0xE0, 0xBE, 0x48, 0xBB, 0x00, 0xE0, 0x84, 0xBB,
    0x00, 0x00, 0xBE, 0xBB, 0x00, 0x00, 0xE0, 0xEE, 0x00, 0x00, 0x00, 0x00, 0x00, 0x00, 0x00, 0x00,
    0x00, 0x00, 0x00, 0x00, 0x00, 0x00, 0x00, 0x00, 0x00, 0x00, 0x00, 0x00, 0x00, 0x00, 0x00, 0x00,
    0x00, 0x00, 0x00, 0x00, 0x00, 0x00, 0x00, 0x00, 0x99, 0x09, 0x00, 0x00, 0x56, 0x09, 0x00, 0x00,
    0x47, 0x25, 0x84, 0xA8, 0xA0, 0x47, 0x45, 0x0D, 0x00, 0xAA, 0xDD, 0x00, 0x00, 0x00, 0x00, 0x00,
    0x00, 0x00, 0x00, 0x00, 0x00, 0x00, 0x00, 0x00, 0x00, 0x00, 0x00, 0x00, 0x00, 0x00, 0x00, 0x00,
    0xBB, 0xEB, 0x0E, 0x00, 0xEE, 0x0E, 0x00, 0x00, 0xEB, 0x00, 0x00, 0x00, 0xEB, 0x00, 0x00, 0x00,
    0x0E, 0x00, 0x00, 0x00, 0x00, 0x00, 0x00, 0x00, 0x00, 0x00, 0x00, 0x00, 0x00, 0x00, 0x00, 0x00,
    0xE8, 0x00, 0x00, 0x00, 0xEB, 0x00, 0x00, 0x00, 0xEB, 0x00, 0x00, 0x00, 0x0E, 0x00, 0x00, 0x00,
    0x00, 0x00, 0x00, 0x00, 0x00, 0x00, 0x00, 0x00, 0x00, 0x00, 0x00, 0x00, 0x00, 0x00, 0x00, 0x00,
    0x00, 0x5A, 0xA5, 0x65, 0x00, 0x6A, 0xAA, 0xA5, 0x00, 0x00, 0xA0, 0xA6, 0x00, 0x00, 0x00, 0x4A,
    0x00, 0x00, 0xE0, 0x5E, 0x00, 0x00, 0x8E, 0xE4, 0x00, 0x00, 0xEE, 0x4E, 0x00, 0x00, 0xE0, 0xE8,
    0x69, 0x96, 0x65, 0x66, 0xA6, 0x66, 0x59, 0x65, 0xA5, 0x66, 0x96, 0x69, 0x84, 0xA8, 0x66, 0x9A,
    0x84, 0x51, 0x6A, 0xAA, 0x45, 0x75, 0xAA, 0x0A, 0x7E, 0xA7, 0x4A, 0xEE, 0xE4, 0x7A, 0x8E, 0x8E,
    0x96, 0xA6, 0x00, 0x00, 0x96, 0xAA, 0x00, 0x00, 0xA6, 0x00, 0x00, 0x00, 0xA9, 0x00, 0x00, 0x00,
    0x0A, 0x00, 0x00, 0x00, 0x00, 0x00, 0x00, 0x00, 0x00, 0x00, 0x00, 0x00, 0x0E, 0x00, 0x00, 0x00,
    0x00, 0x00, 0x00, 0x00, 0x00, 0x00, 0x00, 0x00, 0x00, 0x00, 0x00, 0x00, 0x00, 0x00, 0x00, 0x00,
    0x00, 0x00, 0x00, 0x00, 0x00, 0x00, 0x00, 0x00, 0x00, 0x00, 0x00, 0xD0, 0x00, 0x00, 0x00, 0xD0,
    0x00, 0x00, 0x4E, 0x88, 0x00, 0x00, 0x8E, 0x88, 0x00, 0x00, 0x8E, 0xC8, 0x00, 0x00, 0xCE, 0x11,
    0x00, 0x00, 0x4E, 0x55, 0x00, 0xEE, 0x7E, 0x44, 0xE0, 0x7E, 0x79, 0x45, 0x7E, 0xE7, 0x7E, 0x45,
    0x8E, 0x5E, 0xEC, 0x88, 0xEC, 0xEC, 0xE8, 0x8C, 0xEC, 0xC4, 0xE4, 0xCC, 0xE4, 0x84, 0xE1, 0xC4,
    0xC7, 0x41, 0xE1, 0x4C, 0xC7, 0x71, 0x49, 0x57, 0x75, 0x94, 0x7E, 0x55, 0x54, 0xE7, 0x5E, 0x22,
    0x0E, 0x00, 0x00, 0x00, 0xE8, 0x00, 0x00, 0x00, 0xEC, 0x00, 0x00, 0x00, 0xEC, 0x00, 0x00, 0x00,
    0xE4, 0x00, 0x00, 0x00, 0xE7, 0xEE, 0x00, 0x00, 0xE7, 0x99, 0x0E, 0x80, 0x75, 0xEE, 0x8E, 0x48,
    0x00, 0x00, 0x00, 0xD0, 0x00, 0x00, 0x00, 0xD0, 0x00, 0x00, 0x00, 0xD0, 0x00, 0x00, 0x00, 0xD8,
    0x00, 0x00, 0x88, 0x44, 0x80, 0x88, 0x14, 0x41, 0x48, 0x11, 0x41, 0xDD, 0x11, 0x84, 0xDD, 0x00,
    0x9E, 0x99, 0xC5, 0x77, 0xBB, 0xBB, 0x3B, 0xAC, 0x44, 0xB4, 0xEB, 0x5A, 0xBB, 0x4B, 0xC8, 0x5A,
    0xBE, 0xBB, 0x8B, 0xAC, 0xE5, 0xBB, 0xCC, 0xAE, 0x54, 0xEE, 0xEC, 0xD0, 0x47, 0xE7, 0x0E, 0x8D,
    0x55, 0x4E, 0x7E, 0x5A, 0xE7, 0xB1, 0xE5, 0xAE, 0x4E, 0x3C, 0xB8, 0xEC, 0xE5, 0xB3, 0xC4, 0x7C,
    0xE5, 0x1B, 0xBB, 0x5C, 0xE5, 0x14, 0x84, 0xEB, 0x27, 0x4E, 0xCB, 0xA5, 0x5A, 0xE7, 0x7E, 0x57,
    0x52, 0xBA, 0x48, 0x11, 0x7A, 0x75, 0x88, 0xD8, 0x2A, 0x52, 0xDD, 0xED, 0x52, 0xA7, 0xEA, 0xEB,
    0xAA, 0xA5, 0x77, 0x0E, 0x5A, 0x72, 0x75, 0x00, 0x57, 0x72, 0x74, 0x00, 0x22, 0xA7, 0x74, 0x00,
    0xD4, 0xDD, 0x00, 0x00, 0x0D, 0x00, 0x00, 0x00, 0x00, 0x00, 0x00, 0x00, 0x00, 0x00, 0x00, 0x00,
    0x00, 0x00, 0x00, 0x00, 0x00, 0x00, 0x00, 0x00, 0x00, 0x00, 0x00, 0x00, 0x00, 0x00, 0x00, 0x00,
    0x47, 0x75, 0x00, 0x4D, 0xAA, 0x75, 0x0A, 0x80, 0x72, 0xA7, 0xA5, 0x40, 0x57, 0x22, 0xA5, 0x00,
    0x57, 0x75, 0x0A, 0x00, 0xCC, 0xCC, 0x0E, 0xDD, 0x2C, 0xC5, 0xD5, 0xD4, 0xCC, 0xCC, 0xDC, 0x18,
    0x7A, 0x52, 0x57, 0x22, 0xA0, 0x27, 0x22, 0xA5, 0x00, 0x5A, 0x55, 0x0A, 0x08, 0xA0, 0x7A, 0x00,
    0x04, 0x00, 0x00, 0x00, 0xD8, 0x00, 0x00, 0x00, 0x1D, 0x0D, 0x00, 0x00, 0x84, 0x0D, 0x00, 0x00,
    0xA5, 0x7A, 0x75, 0x0A, 0x07, 0x7A, 0x77, 0xA5, 0x00, 0x5A, 0x22, 0xA5, 0x00, 0x5A, 0x55, 0xA5,
    0x00, 0xE0, 0xCC, 0xCC, 0x00, 0xE0, 0xC5, 0x5C, 0x00, 0xE0, 0x52, 0x2C, 0x00, 0xE0, 0xCC, 0xCC,
    0x00, 0x00, 0x00, 0x00, 0x00, 0x00, 0x00, 0x00, 0x00, 0x00, 0x00, 0x00, 0x00, 0xEE, 0xEE, 0x0E,
    0xEE, 0x4B, 0xB8, 0xEB, 0xB2, 0xBB, 0x4B, 0xBB, 0xBC, 0xBB, 0x8B, 0xBB, 0xCC, 0xCC, 0x4C, 0x48,
    0x8E, 0x84, 0x84, 0xCC, 0xE0, 0xEE, 0xEE, 0x84, 0x00, 0xE0, 0xEE, 0xEE, 0x00, 0x00, 0x00, 0x00,
    0x00, 0x00, 0x00, 0x00, 0x00, 0x00, 0x00, 0x00, 0x00, 0x00, 0x00, 0x00, 0x00, 0x00, 0x00, 0x00,
    0xCC, 0x84, 0xE4, 0x8D, 0x84, 0xEE, 0x0E, 0xD0, 0xEE, 0x00, 0x00, 0x00, 0x00, 0x00, 0x00, 0x00,
    0x00, 0x00, 0x00, 0x00, 0x00, 0x00, 0x00, 0x00, 0x00, 0x00, 0x00, 0x00, 0x00, 0x00, 0x00, 0x00,
    0xD8, 0x00, 0x00, 0x00, 0x0D, 0x00, 0x00, 0x00, 0x00, 0x00, 0x00, 0x00, 0x00, 0x00, 0x00, 0x00,
    0x00, 0x00, 0x00, 0x00, 0x00, 0x00, 0x00, 0x00, 0x00, 0x00, 0x00, 0x00, 0x00, 0x00, 0x00, 0x00,
    0x00, 0xE0, 0x84, 0x84, 0x00, 0x00, 0xEE, 0xEE, 0x00, 0x00, 0x00, 0x00, 0x00, 0x00, 0x00, 0x00,
    0x00, 0x00, 0x00, 0x00, 0x00, 0x00, 0x00, 0x00, 0x00, 0x00, 0x00, 0x00, 0x00, 0x00, 0x00, 0x00,
    0x00, 0xA0, 0xA5, 0x0A, 0x00, 0x00, 0x65, 0xA6, 0x00, 0x00, 0x6A, 0x55, 0x00, 0x00, 0xA0, 0x56,
    0x00, 0xA0, 0x6A, 0x55, 0x00, 0x6A, 0x55, 0x55, 0x00, 0x90, 0x59, 0x95, 0x00, 0x90, 0x55, 0x55,
    0x00, 0xAA, 0xAA, 0x00, 0x66, 0x66, 0x66, 0x96, 0x69, 0x56, 0x55, 0x66, 0x95, 0x66, 0x55, 0x65,
    0x95, 0x69, 0x56, 0x65, 0x55, 0x65, 0x66, 0x66, 0x55, 0x66, 0x66, 0x56, 0x69, 0x56, 0x66, 0x96,
    0xD4, 0x14, 0x44, 0xD4, 0x41, 0x11, 0x84, 0x48, 0x41, 0x88, 0x18, 0x41, 0x88, 0x14, 0x84, 0xDD,
    0x11, 0xD4, 0xDD, 0x00, 0xD8, 0x0D, 0x00, 0x00, 0x0D, 0x00, 0x00, 0x00, 0x00, 0x00, 0x00, 0x00,
    0x00, 0x00, 0x00, 0x00, 0x0D, 0x00, 0x00, 0x00, 0x0D, 0x00, 0x00, 0x00, 0x00, 0x00, 0x00, 0x00,
    0x00, 0x00, 0x00, 0x00, 0x00, 0x00, 0x00, 0x00, 0x00, 0x00, 0x00, 0x00, 0x00, 0x00, 0x00, 0x00,
    0xCC, 0x8C, 0x84, 0xEE, 0x84, 0xE4, 0xEE, 0x0E, 0xEE, 0xEE, 0x00, 0x00, 0x00, 0x00, 0x00, 0x00,
    0x00, 0x00, 0x00, 0x00, 0x00, 0x00, 0x00, 0x00, 0x00, 0x00, 0x00, 0x00, 0x00, 0x00, 0x00, 0x00,
    0x0E, 0x00, 0x00, 0x00, 0x00, 0x00, 0x00, 0x00, 0x00, 0x00, 0x00, 0x00, 0x00, 0x00, 0x00, 0x00,
    0x00, 0x00, 0x00, 0x00, 0x00, 0x00, 0x00, 0x00, 0x00, 0x00, 0x00, 0x00, 0x00, 0x00, 0x00, 0x00,
    0x00, 0x00, 0x00, 0x00, 0x00, 0x00, 0x00, 0xE0, 0x00, 0x00, 0x00, 0x8E, 0x00, 0x00, 0xE0, 0xBB,
    0x00, 0x00, 0xE0, 0xEE, 0x00, 0x00, 0x00, 0x7E, 0x00, 0x00, 0x00, 0x70, 0x00, 0x00, 0x00, 0x00,
    0x00, 0x00, 0x00, 0x00, 0x00, 0x00, 0x00, 0x00, 0x00, 0x00, 0x00, 0xA0, 0x00, 0x00, 0x00, 0xA0,
    0x00, 0xEE, 0xEE, 0xEE, 0xE0, 0xBB, 0x84, 0x5B, 0xBE, 0x8B, 0xBB, 0xBB, 0xBE, 0x4B, 0xBB, 0xCB,
    0x00, 0x00, 0x00, 0x00, 0x00, 0x00, 0x00, 0x00, 0xAA, 0x00, 0x00, 0x00, 0x99, 0x0A, 0x00, 0x00,
    0x96, 0xA9, 0x00, 0x00, 0x66, 0x66, 0x0A, 0x00, 0x65, 0x06, 0x00, 0x00, 0x69, 0x0A, 0x00, 0x00,
    0x00, 0x00, 0x00, 0x00, 0x00, 0x00, 0x00, 0x00, 0x00, 0x00, 0x00, 0x00, 0x00, 0x00, 0x00, 0x00,
    0x00, 0x00, 0x00, 0x00, 0x00, 0x00, 0xDD, 0x00, 0x0D, 0xD0, 0x41, 0x0D, 0xD8, 0x8D, 0x1D, 0xD8,
    0x00, 0x00, 0x00, 0x00, 0x00, 0x00, 0x00, 0x00, 0x00, 0x00, 0x00, 0x00, 0x00, 0x00, 0x00, 0x00,
    0x00, 0x00, 0x00, 0x00, 0x0E, 0x00, 0x00, 0x00, 0x0E, 0x00, 0x00, 0x00, 0x0E, 0x00, 0x00, 0x00,
};
static const u16 sSet12Frame0[] = {
    0x0009, 0x40E3, 0x81E8, 0x0000, 0x00E3, 0x4008, 0x0008, 0x00F3, 0x41F0, 0x000C, 0x40DB, 0x01E8,
    0x0010, 0x40F3, 0x0000, 0x0012, 0x00DB, 0x01F8, 0x0014, 0x00F3, 0x01E8, 0x0015, 0x00F3, 0x0010,
    0x0016, 0x00FB, 0x0000, 0x0017, 0x0000,
};
static const u16 sSet12Frame1[] = {
    0x0009, 0x00DD, 0x81F0, 0x0018, 0x40FD, 0x41E8, 0x0028, 0x40D5, 0x01F0, 0x002C, 0x40E5, 0x0010,
    0x002E, 0x40FD, 0x0008, 0x0030, 0x80ED, 0x01E8, 0x0032, 0x00D5, 0x0000, 0x0034, 0x00DD, 0x0010,
    0x0035, 0x00F5, 0x0010, 0x0036, 0x0000,
};
static const void* const sSet12Frames[] = { sSet12Frame0, sSet12Frame1 };

static const u16 sBattleAnim46[] = {
    0x0040, 0x0040, 0x0001, 0x0000, 0x0006,
};
static const u16 sBattleAnim47[] = {
    0x0040, 0x0040, 0x0005, 0x0000, 0x0005, 0x0000, 0x0005, 0x0001, 0x0009, 0x0001, 0x000A, 0x0002,
    0x0009,
};
static const u16 sBattleAnim48[] = {
    0x0040, 0x0040, 0x0005, 0x0000, 0x0006, 0x0000, 0x0006, 0x0001, 0x000B, 0x0001, 0x000C, 0x0002,
    0x000B,
};
static const u16 sBattleAnim49[] = {
    0x0040, 0x0040, 0x0005, 0x0000, 0x0008, 0x0000, 0x0008, 0x0001, 0x000D, 0x0001, 0x000F, 0x0002,
    0x000C,
};
static const u16 sBattleAnim50[] = {
    0x0040, 0x0040, 0x0005, 0x0000, 0x0009, 0x0000, 0x000B, 0x0001, 0x000E, 0x0001, 0x000F, 0x0002,
    0x000C,
};
static const u16 sBattleAnim51[] = {
    0x0040, 0x0040, 0x0007, 0x0000, 0x0006, 0x0000, 0x0008, 0x0000, 0x0006, 0x0000, 0x0007, 0x0000,
    0x0007, 0x0000, 0x0007, 0x0000, 0x0007,
};
static const u16 sBattleAnim52[] = {
    0x0040, 0x0040, 0x0007, 0x0000, 0x0008, 0x0000, 0x000A, 0x0000, 0x0008, 0x0001, 0x000E, 0x0001,
    0x0012, 0x0001, 0x0008, 0x0002, 0x000C,
};
static const u16 sBattleAnim53[] = {
    0x0040, 0x0040, 0x0006, 0x0000, 0x0008, 0x0000, 0x0007, 0x0000, 0x0006, 0x0001, 0x0006, 0x0001,
    0x0007, 0x0002, 0x0008,
};
static const u16 sBattleAnim54[] = {
    0x0040, 0x0040, 0x0004, 0x0000, 0x0004, 0x0000, 0x0005, 0x0001, 0x0006, 0x0002, 0x0008,
};
static const u16 sBattleAnim55[] = {
    0x0040, 0x0040, 0x0005, 0x0000, 0x0006, 0x0000, 0x0006, 0x0000, 0x0008, 0x0000, 0x000C, 0x0001,
    0x000A,
};
static const u16 sBattleAnim56[] = {
    0x0040, 0x0040, 0x0001, 0x0000, 0x0004,
};
static const u16 sBattleAnim57[] = {
    0x0040, 0x0040, 0x0006, 0x0000, 0x0004, 0x0000, 0x0003, 0x0000, 0x0005, 0x0001, 0x0008, 0x0001,
    0x0006, 0x0002, 0x0005,
};
static const u16 sBattleAnim58[] = {
    0x0040, 0x0040, 0x0003, 0x0000, 0x0006, 0x0001, 0x0008, 0x0002, 0x0008,
};
static const u16 sBattleAnim59[] = {
    0x0040, 0x0040, 0x0002, 0x0000, 0x0006, 0x0002, 0x0008,
};
static const u16 sBattleAnim60[] = {
    0x0040, 0x0040, 0x0003, 0x0000, 0x0007, 0x0001, 0x000A, 0x0002, 0x0018,
};
static const u16 sBattleAnim61[] = {
    0x0040, 0x0040, 0x0010, 0x0000, 0x0007, 0x0000, 0x0006, 0x0000, 0x0007, 0x0000, 0x0006, 0x0000,
    0x0006, 0x0000, 0x000C, 0x0000, 0x000A, 0x0000, 0x000A, 0x0001, 0x000A, 0x0001, 0x000A, 0x0001,
    0x000A, 0x0001, 0x000B, 0x0001, 0x000F, 0x0001, 0x0008, 0x0001, 0x0006, 0x0002, 0x0018,
};
static const u16 sBattleAnim62[] = {
    0x0040, 0x0040, 0x0001, 0x0000, 0x0018,
};
static const u16 sBattleAnim63[] = {
    0x0040, 0x0040, 0x0002, 0x0000, 0x000A, 0x0002, 0x0008,
};
static const u16 sBattleAnim64[] = {
    0x0040, 0x0040, 0x0003, 0x0000, 0x0006, 0x0001, 0x0008, 0x0002, 0x0006,
};
static const u16 sBattleAnim65[] = {
    0x0040, 0x0040, 0x0003, 0x0000, 0x0005, 0x0001, 0x0008, 0x0002, 0x0006,
};
static const u16 sBattleAnim66[] = {
    0x0040, 0x0040, 0x0001, 0x0000, 0x0004,
};
static const u16 sBattleAnim67[] = {
    0x0040, 0x0040, 0x0005, 0x0000, 0x0006, 0x0000, 0x0005, 0x0001, 0x0008, 0x0001, 0x0008, 0x0002,
    0x0007,
};
static const u16 sBattleAnim68[] = {
    0x0040, 0x0040, 0x000E, 0x0000, 0x0008, 0x0000, 0x0006, 0x0000, 0x0008, 0x0000, 0x0006, 0x0000,
    0x0005, 0x0000, 0x0004, 0x0000, 0x0005, 0x0001, 0x0005, 0x0001, 0x0005, 0x0001, 0x0006, 0x0001,
    0x0006, 0x0001, 0x0008, 0x0001, 0x000A, 0x0002, 0x0005,
};
static const u16 sBattleAnim69[] = {
    0x0040, 0x0040, 0x0008, 0x0000, 0x0006, 0x0000, 0x0007, 0x0000, 0x0014, 0x0000, 0x000A, 0x0000,
    0x000A, 0x0000, 0x0006, 0x0000, 0x0007, 0x0001, 0x000A,
};
static const u16 sBattleAnim70[] = {
    0x0040, 0x0040, 0x0009, 0x0000, 0x0004, 0x0000, 0x0006, 0x0000, 0x0007, 0x0000, 0x0006, 0x0001,
    0x0004, 0x0001, 0x0004, 0x0001, 0x000C, 0x0001, 0x0006, 0x0002, 0x0005,
};
static const u16 sBattleAnim71[] = {
    0x0040, 0x0040, 0x0007, 0x0000, 0x0005, 0x0000, 0x0008, 0x0000, 0x000A, 0x0001, 0x0008, 0x0001,
    0x0006, 0x0001, 0x0006, 0x0002, 0x0006,
};
static const u16 sBattleAnim72[] = {
    0x0040, 0x0040, 0x0001, 0x0000, 0x0004,
};
static const u16 sBattleAnim73[] = {
    0x0040, 0x0040, 0x0004, 0x0000, 0x0006, 0x0000, 0x000A, 0x0001, 0x0008, 0x0002, 0x0007,
};
static const u16 sBattleAnim74[] = {
    0x0040, 0x0040, 0x0005, 0x0000, 0x0005, 0x0000, 0x0008, 0x0001, 0x0007, 0x0001, 0x0009, 0x0002,
    0x0007,
};
static const u16 sBattleAnim75[] = {
    0x0040, 0x0040, 0x0001, 0x0000, 0x0004,
};
static const u16 sBattleAnim76[] = {
    0x0040, 0x0040, 0x0004, 0x0000, 0x0008, 0x0000, 0x000A, 0x0000, 0x0008, 0x0001, 0x0006,
};
static const void* const sBattleAnims[] = { sBattleAnim0, sBattleAnim1, sBattleAnim2, sBattleAnim3, sBattleAnim4, sBattleAnim5, sBattleAnim6, sBattleAnim7, sBattleAnim8, sBattleAnim9, sBattleAnim10, sBattleAnim11, sBattleAnim12, sBattleAnim13, sBattleAnim14, sBattleAnim15, sBattleAnim16, sBattleAnim17, sBattleAnim18, sBattleAnim19, sBattleAnim20, sBattleAnim21, sBattleAnim22, sBattleAnim23, sBattleAnim24, sBattleAnim25, sBattleAnim26, sBattleAnim27, sBattleAnim28, sBattleAnim29, sBattleAnim30, sBattleAnim31, sBattleAnim32, sBattleAnim33, sBattleAnim34, sBattleAnim35, sBattleAnim36, sBattleAnim37, sBattleAnim38, sBattleAnim39, sBattleAnim40, sBattleAnim41, sBattleAnim42, sBattleAnim43, sBattleAnim44, sBattleAnim45, sBattleAnim46, sBattleAnim47, sBattleAnim48, sBattleAnim49, sBattleAnim50, sBattleAnim51, sBattleAnim52, sBattleAnim53, sBattleAnim54, sBattleAnim55, sBattleAnim56, sBattleAnim57, sBattleAnim58, sBattleAnim59, sBattleAnim60, sBattleAnim61, sBattleAnim62, sBattleAnim63, sBattleAnim64, sBattleAnim65, sBattleAnim66, sBattleAnim67, sBattleAnim68, sBattleAnim69, sBattleAnim70, sBattleAnim71, sBattleAnim72, sBattleAnim73, sBattleAnim74, sBattleAnim75, sBattleAnim76 };

static const u8 sTiles13[] __attribute__((aligned(4))) = {
    0x00, 0x00, 0x00, 0x00, 0x00, 0xBB, 0x00, 0xB0, 0xB0, 0x48, 0xBB, 0x4B, 0xB0, 0x14, 0x4B, 0x1B,
    0xB0, 0x41, 0x18, 0x48, 0x80, 0x41, 0x11, 0x41, 0x4B, 0x44, 0x44, 0x44, 0x4B, 0x11, 0x11, 0x11,
    0x00, 0x00, 0x00, 0x00, 0x0B, 0x00, 0xE0, 0xE8, 0xB8, 0x00, 0x19, 0x84, 0xB4, 0xA0, 0x74, 0x59,
    0xB1, 0x90, 0x55, 0x47, 0x81, 0xAB, 0x97, 0xE4, 0x84, 0xB8, 0xBB, 0xBB, 0x11, 0x11, 0x11, 0x11,
    0x79, 0xA7, 0x6A, 0x8A, 0xAE, 0x7A, 0x59, 0xE4, 0x1E, 0xC4, 0x97, 0xE4, 0x47, 0xBE, 0x4C, 0xEE,
    0x89, 0xBE, 0x14, 0xE8, 0xEE, 0xE0, 0x8C, 0x5B, 0xBB, 0xBB, 0xBB, 0xBB, 0x11, 0x11, 0x11, 0x41,
    0x4E, 0xA8, 0xCB, 0x9E, 0x48, 0x84, 0xEE, 0x54, 0x88, 0x88, 0xEE, 0xEE, 0x83, 0x98, 0xE9, 0x14,
    0xE5, 0x59, 0xE2, 0x5E, 0xCC, 0x27, 0xA7, 0x8E, 0xBB, 0x79, 0x7A, 0x48, 0x88, 0x55, 0xE9, 0xE1,
    0x8B, 0x44, 0x44, 0x44, 0xB0, 0xBB, 0xBB, 0xBB, 0x00, 0x00, 0x00, 0x00, 0x00, 0x00, 0x00, 0x00,
    0x00, 0x00, 0x00, 0x00, 0x00, 0x00, 0x00, 0x00, 0x00, 0x00, 0x00, 0x00, 0x00, 0x00, 0x00, 0x00,
    0x44, 0x44, 0x44, 0x44, 0xBB, 0xBB, 0xBB, 0xBB, 0x00, 0x00, 0x00, 0x00, 0x00, 0x00, 0x00, 0x00,
    0x00, 0x00, 0x00, 0x00, 0x00, 0x00, 0x00, 0x00, 0x00, 0x00, 0x00, 0x00, 0x00, 0x00, 0x00, 0x00,
    0x44, 0x44, 0x44, 0x84, 0xBB, 0xBB, 0xBB, 0xBB, 0x00, 0x00, 0xE0, 0x3C, 0x00, 0x00, 0xC0, 0x75,
    0x00, 0x00, 0x4E, 0xB4, 0x00, 0x00, 0xBC, 0x4B, 0x00, 0x00, 0xCE, 0xBB, 0x00, 0x00, 0xBE, 0xCC,
    0x88, 0x22, 0xE7, 0x45, 0xAA, 0x99, 0x7A, 0x8E, 0x75, 0x5A, 0x99, 0x9E, 0xBB, 0x7A, 0x55, 0x99,
    0xBB, 0xAB, 0x9A, 0x59, 0x84, 0xC8, 0x2E, 0xAB, 0xCB, 0xEC, 0x25, 0xCE, 0xEC, 0x59, 0x59, 0xCE,
    0x00, 0x00, 0xAA, 0x00, 0x00, 0xA0, 0x59, 0xA6, 0x00, 0xA0, 0x9A, 0x65, 0x00, 0x00, 0xA0, 0x59,
    0x00, 0x00, 0xAA, 0x9A, 0x00, 0xA0, 0x99, 0x55, 0x00, 0xA0, 0x95, 0x59, 0x00, 0x5A, 0x99, 0x95,
    0x00, 0xA0, 0x00, 0x00, 0x00, 0x9A, 0x0A, 0x00, 0xAA, 0xA0, 0xA9, 0x00, 0x56, 0xAA, 0x96, 0xAA,
    0x65, 0xA5, 0x65, 0x69, 0x59, 0x55, 0x56, 0x96, 0x95, 0x59, 0x66, 0x56, 0x55, 0x65, 0x66, 0x55,
    0x00, 0xAA, 0x9A, 0x59, 0x00, 0x00, 0xA0, 0x56, 0x00, 0x00, 0xA0, 0xA5, 0x00, 0x00, 0xA0, 0xA6,
    0x00, 0x00, 0xA0, 0x7A, 0x00, 0x00, 0x00, 0x49, 0x00, 0x00, 0x00, 0x59, 0x00, 0x00, 0x00, 0x90,
    0x99, 0x65, 0x66, 0x56, 0x6A, 0x69, 0x66, 0x66, 0xAA, 0x56, 0x6A, 0x66, 0x56, 0x6A, 0xA5, 0x66,
    0xA5, 0x6A, 0xA5, 0x66, 0x84, 0xA8, 0x66, 0x6A, 0x84, 0x51, 0xAA, 0x6A, 0x45, 0x75, 0x5A, 0x6A,
    0x5E, 0x97, 0x75, 0xCC, 0x99, 0xE0, 0x84, 0xCC, 0x00, 0x00, 0x4E, 0xCC, 0x00, 0xE0, 0xB8, 0xCB,
    0x00, 0x4E, 0xBB, 0xCB, 0x00, 0x8E, 0xBB, 0xCB, 0x00, 0x4E, 0xBB, 0xCB, 0x00, 0x8E, 0xBB, 0xCC,
    0x8C, 0xE4, 0xBB, 0xEB, 0x4C, 0xCE, 0xCC, 0x4B, 0x8C, 0xCE, 0xCC, 0xCC, 0x4C, 0xCE, 0xCC, 0x4C,
    0x8C, 0xCE, 0xCC, 0x84, 0x4C, 0xCE, 0x4C, 0xE8, 0x8C, 0xCE, 0xE4, 0x0E, 0x4C, 0x8E, 0x0E, 0x00,
    0x00, 0x4E, 0xBB, 0xCC, 0x00, 0xE0, 0x48, 0x48, 0x00, 0x00, 0xEE, 0xEE, 0x00, 0x00, 0x00, 0x00,
    0x00, 0x00, 0x00, 0x00, 0x00, 0x00, 0x00, 0x00, 0x00, 0x00, 0x00, 0x00, 0x00, 0x00, 0x00, 0x00,
    0xE4, 0xE4, 0x00, 0x00, 0xE8, 0x0E, 0x00, 0x00, 0x0E, 0x00, 0x00, 0x00, 0x00, 0x00, 0x00, 0x00,
    0x00, 0x00, 0x00, 0x00, 0x00, 0x00, 0x00, 0x00, 0x00, 0x00, 0x00, 0x00, 0x00, 0x00, 0x00, 0x00,
    0x00, 0x00, 0x00, 0x00, 0x00, 0x00, 0x00, 0x00, 0x00, 0x00, 0x00, 0x00, 0x0A, 0x00, 0x00, 0x00,
    0x0A, 0x00, 0x00, 0x00, 0xA6, 0x6A, 0x0A, 0x00, 0x65, 0x66, 0x0A, 0x00, 0x65, 0xA6, 0x00, 0x00,
    0x56, 0x66, 0x0A, 0x00, 0x96, 0x56, 0xA5, 0x00, 0x65, 0x99, 0x69, 0x0A, 0x65, 0x55, 0x9A, 0x00,
    0x59, 0x99, 0xA6, 0x0E, 0x99, 0x65, 0xA9, 0xEA, 0x59, 0x96, 0xCA, 0xEC, 0xAA, 0xAE, 0xCB, 0x0E,
    0x00, 0x00, 0x00, 0x00, 0xEE, 0x00, 0x00, 0x00, 0x11, 0x7E, 0x09, 0x00, 0x84, 0x2E, 0x92, 0x00,
    0xE2, 0xE8, 0x99, 0x0A, 0x14, 0xE4, 0x79, 0x0A, 0x48, 0x8E, 0x7E, 0x0A, 0x88, 0x41, 0x9E, 0xA9,
    0x11, 0x84, 0x9E, 0xA7, 0x54, 0x74, 0x9A, 0x0A, 0x79, 0xA9, 0x79, 0x0A, 0xAA, 0x79, 0xA2, 0x00,
    0x55, 0x22, 0xA5, 0x00, 0x9A, 0x77, 0x0A, 0x00, 0xCC, 0xE4, 0x0E, 0x00, 0xCC, 0xE8, 0xEE, 0x0E,
    0x00, 0x00, 0xE0, 0xCB, 0x00, 0x00, 0x00, 0xEE, 0x00, 0x00, 0x00, 0x00, 0x00, 0x00, 0x00, 0x00,
    0x00, 0x00, 0x00, 0x00, 0x00, 0x00, 0x00, 0x00, 0x00, 0x00, 0x00, 0x00, 0x00, 0x00, 0x00, 0x00,
    0x00, 0x00, 0x00, 0x00, 0x0E, 0x00, 0x00, 0x00, 0xE4, 0x00, 0x00, 0x00, 0xE8, 0x00, 0x00, 0x00,
    0x0E, 0x00, 0x00, 0x00, 0x00, 0x00, 0x00, 0x00, 0x00, 0x00, 0x00, 0x00, 0x00, 0x00, 0x00, 0x00,
    0x00, 0x00, 0xA0, 0xAA, 0x00, 0x00, 0x00, 0x00, 0x00, 0x00, 0x00, 0x00, 0x00, 0x00, 0x00, 0x00,
    0x00, 0x00, 0x00, 0x00, 0x00, 0x00, 0x00, 0x00, 0x00, 0x00, 0x00, 0x00, 0x00, 0x00, 0x90, 0xEE,
    0x99, 0x95, 0x59, 0x66, 0x6A, 0xA5, 0x96, 0x66, 0x5A, 0xAA, 0x6A, 0xA5, 0x6A, 0x6A, 0xA5, 0x56,
    0xAA, 0x57, 0xAA, 0x56, 0x90, 0x44, 0x88, 0x6A, 0x90, 0x45, 0x18, 0xA5, 0x8E, 0x59, 0x54, 0xA7,
    0x66, 0x65, 0x65, 0xA6, 0x66, 0x66, 0x69, 0x55, 0x66, 0x56, 0x96, 0x99, 0x6A, 0x56, 0x56, 0xA5,
    0x6A, 0x96, 0x95, 0x69, 0xA6, 0x96, 0x59, 0x96, 0xAA, 0x96, 0x65, 0xA9, 0xA5, 0xA6, 0xBA, 0x7A,
    0x00, 0x00, 0x00, 0x00, 0x0A, 0x00, 0x00, 0x00, 0xA6, 0x00, 0x00, 0x00, 0x09, 0x00, 0x00, 0x00,
    0x0A, 0x00, 0x00, 0x00, 0xAA, 0x09, 0xEE, 0xA0, 0x4C, 0xE5, 0x48, 0x5E, 0x79, 0x8E, 0x81, 0xEE,
    0x00, 0x90, 0x57, 0x84, 0x00, 0x7A, 0x74, 0x79, 0x00, 0x5A, 0x54, 0x47, 0x00, 0xA0, 0x97, 0xE4,
    0x00, 0x00, 0xAA, 0xEE, 0x00, 0x00, 0x00, 0x00, 0x00, 0x00, 0x00, 0x00, 0x00, 0x00, 0x00, 0x00,
    0xE9, 0x94, 0x77, 0xAA, 0x85, 0x81, 0xAA, 0x9C, 0xE7, 0xE4, 0x4E, 0xEC, 0xE4, 0xE8, 0xC0, 0x8C,
    0xEE, 0x0E, 0x00, 0x04, 0x00, 0x00, 0x40, 0x81, 0x00, 0x00, 0x00, 0x08, 0x00, 0x00, 0x00, 0x00,
    0xA6, 0x8C, 0xB8, 0xCA, 0x87, 0x8C, 0x84, 0xBB, 0x38, 0x88, 0x88, 0xE8, 0x3E, 0x85, 0xC8, 0xCE,
    0x1B, 0xCC, 0xEE, 0xCC, 0xBB, 0x11, 0xCC, 0xD8, 0x77, 0x1B, 0x8C, 0x14, 0x90, 0x8B, 0x18, 0x41,
    0xCE, 0x18, 0xE8, 0x88, 0xC7, 0x18, 0x87, 0x11, 0xE7, 0xEE, 0x14, 0x88, 0x57, 0xE2, 0xE1, 0x44,
    0x7D, 0x95, 0x85, 0x11, 0x78, 0x52, 0x99, 0x55, 0x88, 0x75, 0x75, 0xAA, 0xD8, 0x5A, 0x52, 0x57,
    0xE4, 0x55, 0x00, 0x00, 0xE4, 0x7E, 0x07, 0x00, 0x18, 0xE8, 0x0A, 0x00, 0x48, 0xE8, 0x5A, 0x00,
    0x54, 0xE7, 0xA5, 0x00, 0x94, 0xEE, 0xA2, 0x00, 0x5A, 0x22, 0x75, 0xEE, 0x22, 0x77, 0xCA, 0xCC,
    0x00, 0x00, 0x00, 0x00, 0x00, 0x00, 0x00, 0x00, 0x00, 0x00, 0x00, 0x00, 0x00, 0x00, 0x00, 0x00,
    0x00, 0x00, 0x00, 0x00, 0x00, 0x00, 0x00, 0x00, 0x00, 0x00, 0x00, 0x00, 0x0E, 0x00, 0x00, 0x00,
    0xAA, 0x8B, 0xC4, 0xEC, 0x72, 0xBB, 0x48, 0xEC, 0x22, 0xCC, 0xCC, 0xC8, 0x2A, 0xC5, 0xCC, 0x4C,
    0x79, 0xE5, 0xCE, 0xCC, 0xA0, 0x0A, 0xE0, 0xCC, 0x00, 0x00, 0x00, 0xCE, 0x00, 0x00, 0x00, 0xBE,
    0xEE, 0x00, 0x00, 0x00, 0xCC, 0xEE, 0x00, 0x00, 0xCC, 0xCC, 0xEE, 0x00, 0xC8, 0xCC, 0xCC, 0x0E,
    0x84, 0xCC, 0xCC, 0x0E, 0x4C, 0xCC, 0xCC, 0x0E, 0xCC, 0xC8, 0xCC, 0x0E, 0xCC, 0xC4, 0xEC, 0x00,
    0x00, 0x00, 0x00, 0x00, 0x00, 0x00, 0x00, 0x00, 0x00, 0x00, 0x00, 0xD0, 0x00, 0x00, 0xDD, 0x8D,
    0x00, 0xD0, 0x84, 0x4D, 0x00, 0xD0, 0x41, 0x14, 0x00, 0xEE, 0x1D, 0x84, 0xE0, 0x84, 0x4D, 0x48,
    0x00, 0x00, 0x00, 0x00, 0x8D, 0x0D, 0x00, 0xE0, 0x18, 0xD4, 0x00, 0x88, 0x4D, 0x41, 0x8D, 0x14,
    0x41, 0x84, 0x14, 0x41, 0x81, 0x18, 0x41, 0xD8, 0x48, 0x41, 0xD8, 0xBD, 0x11, 0xD4, 0x4D, 0xE5,
    0xE0, 0xB8, 0xDB, 0x11, 0x4E, 0xBC, 0xDB, 0x84, 0x8E, 0xCC, 0xBB, 0xDD, 0x4E, 0xCC, 0xBB, 0xCC,
    0x8E, 0xCC, 0xBC, 0xCC, 0xE0, 0xC4, 0xCC, 0xCC, 0x00, 0x8E, 0xC4, 0xCC, 0x00, 0xE0, 0x8E, 0xC4,
    0x84, 0x9D, 0x47, 0xE7, 0xDD, 0x99, 0x75, 0x0A, 0xE8, 0xA5, 0xA7, 0xA9, 0xCC, 0x22, 0xAA, 0xA5,
    0xCC, 0x25, 0x52, 0xA7, 0xCC, 0x7C, 0x75, 0x0A, 0xCC, 0xCC, 0xEC, 0x00, 0xCC, 0xCC, 0xEC, 0x00,
    0x00, 0x00, 0x00, 0xA0, 0x00, 0x00, 0x00, 0x9A, 0x00, 0x00, 0x00, 0xAA, 0x00, 0x00, 0x00, 0x00,
    0x00, 0x00, 0x00, 0xA0, 0x00, 0x00, 0x00, 0x9A, 0x00, 0x00, 0x00, 0x5A, 0x00, 0x00, 0xA0, 0x95,
    0x0A, 0x00, 0x00, 0x0A, 0x65, 0x0A, 0xA0, 0xA9, 0x59, 0xA6, 0x0A, 0x9A, 0x9A, 0x65, 0xA5, 0x6A,
    0xAA, 0x59, 0x56, 0x5A, 0x59, 0x95, 0x55, 0x65, 0x99, 0x55, 0x99, 0x65, 0x59, 0x59, 0x55, 0x66,
    0x8E, 0x48, 0x41, 0xD8, 0x48, 0x11, 0xD4, 0x7D, 0x11, 0x84, 0x9D, 0x97, 0x84, 0xDD, 0xBB, 0xC9,
    0xDD, 0xBB, 0xCB, 0xCC, 0x4C, 0x84, 0xCC, 0xEC, 0xCC, 0xCB, 0x88, 0xEC, 0xCB, 0xCC, 0xCC, 0x0E,
    0xCD, 0xAE, 0x25, 0x52, 0xE9, 0xBC, 0xAB, 0x7A, 0xEC, 0xCC, 0xEB, 0xA5, 0xCE, 0xCC, 0xEB, 0x54,
    0xCE, 0xCC, 0x5C, 0xA7, 0xCB, 0xCC, 0x9E, 0x0A, 0xBE, 0xCB, 0x0E, 0x00, 0xE0, 0xEE, 0x00, 0x00,
    0x00, 0x00, 0x00, 0xBE, 0x00, 0x00, 0x00, 0xE0, 0x00, 0x00, 0x00, 0x00, 0x00, 0x00, 0x00, 0x00,
    0x00, 0x00, 0x00, 0x00, 0x00, 0x00, 0x00, 0x00, 0x00, 0x00, 0x00, 0x00, 0x00, 0x00, 0x00, 0x00,
    0xCB, 0x8C, 0xEC, 0x00, 0xBB, 0x4B, 0x0E, 0x00, 0xEE, 0xEE, 0x00, 0x00, 0x00, 0x00, 0x00, 0x00,
    0x00, 0x00, 0x00, 0x00, 0x00, 0x00, 0x00, 0x00, 0x00, 0x00, 0x00, 0x00, 0x00, 0x00, 0x00, 0x00,
    0x00, 0x00, 0xE0, 0x8E, 0x00, 0x00, 0x00, 0xE0, 0x00, 0x00, 0x00, 0x00, 0x00, 0x00, 0x00, 0x00,
    0x00, 0x00, 0x00, 0x00, 0x00, 0x00, 0x00, 0x00, 0x00, 0x00, 0x00, 0x00, 0x00, 0x00, 0x00, 0x00,
    0xC4, 0xCC, 0x0E, 0x00, 0x48, 0xE8, 0x00, 0x00, 0xEE, 0x0E, 0x00, 0x00, 0x00, 0x00, 0x00, 0x00,
    0x00, 0x00, 0x00, 0x00, 0x00, 0x00, 0x00, 0x00, 0x00, 0x00, 0x00, 0x00, 0x00, 0x00, 0x00, 0x00,
    0x00, 0x00, 0x00, 0x00, 0x00, 0x00, 0x00, 0x00, 0x0A, 0x00, 0x00, 0x00, 0xA9, 0xAA, 0x00, 0x00,
    0x96, 0xA6, 0x00, 0x00, 0x65, 0x69, 0xAA, 0xA6, 0x66, 0x55, 0x66, 0xA6, 0x56, 0x55, 0x66, 0x0A,
    0x00, 0x00, 0x00, 0x00, 0x00, 0x00, 0x00, 0x00, 0x00, 0x00, 0x00, 0x00, 0x00, 0x00, 0x00, 0x00,
    0x00, 0x00, 0x00, 0x00, 0xAA, 0x00, 0x00, 0x00, 0xA5, 0x07, 0x00, 0x00, 0x5E, 0x75, 0x00, 0x00,
    0xCE, 0xCC, 0xEE, 0x00, 0xE0, 0xEE, 0x00, 0x00, 0x00, 0x00, 0x00, 0x00, 0x00, 0x00, 0x00, 0x00,
    0x00, 0x00, 0x00, 0x00, 0x00, 0x00, 0x00, 0x00, 0x00, 0x00, 0x00, 0x00, 0x00, 0x00, 0x00, 0x00,
    0x00, 0x00, 0x00, 0xA0, 0x00, 0x00, 0x00, 0x5A, 0x00, 0x00, 0x00, 0xAA, 0x00, 0x00, 0x00, 0x00,
    0x00, 0x00, 0x00, 0x00, 0x88, 0x00, 0x00, 0x70, 0x41, 0x08, 0x00, 0x77, 0x18, 0xB8, 0x99, 0x25,
    0x99, 0x55, 0x99, 0x65, 0x59, 0x59, 0x65, 0x66, 0x99, 0x95, 0x59, 0x66, 0x6A, 0x95, 0x96, 0x66,
    0x5A, 0x99, 0x69, 0xAA, 0xA6, 0x66, 0x95, 0xA5, 0x79, 0xAA, 0x9A, 0xA5, 0x75, 0x84, 0xA8, 0x66,
    0x66, 0x95, 0x66, 0xA6, 0x56, 0x55, 0x66, 0xA6, 0x66, 0x65, 0x65, 0xAA, 0x66, 0x66, 0x99, 0x65,
    0x56, 0x56, 0x66, 0x99, 0x66, 0x55, 0x59, 0xA6, 0x66, 0x99, 0x95, 0x69, 0x6A, 0x96, 0x55, 0x96,
    0x00, 0x00, 0x00, 0x00, 0x00, 0x00, 0x00, 0x00, 0xE0, 0x0E, 0xE0, 0xEE, 0xAA, 0x9E, 0x89, 0x14,
    0xA6, 0x45, 0x75, 0x1E, 0xEA, 0x57, 0x97, 0x4E, 0xEA, 0x99, 0x8A, 0x84, 0xAA, 0xEE, 0xA0, 0x75,
    0x8B, 0x58, 0x95, 0x22, 0xB0, 0x29, 0x72, 0x7A, 0xA0, 0x29, 0xA2, 0x85, 0x90, 0x22, 0x7A, 0x18,
    0x5A, 0xA2, 0x5A, 0x14, 0x7A, 0xA2, 0x8A, 0x81, 0x90, 0x25, 0xEA, 0x84, 0x00, 0x59, 0xA2, 0xEE,
    0x22, 0x89, 0x51, 0xAA, 0x29, 0x95, 0x55, 0xA7, 0xAE, 0x52, 0x79, 0xAA, 0x74, 0x27, 0x72, 0xE9,
    0x81, 0x48, 0x92, 0x8E, 0xE8, 0xEE, 0x95, 0x88, 0x14, 0x48, 0x99, 0x8E, 0x71, 0x74, 0x44, 0x8E,
    0x6A, 0x96, 0x66, 0xA9, 0xA5, 0xA6, 0xEA, 0xCA, 0xA6, 0xCE, 0xEC, 0xEA, 0xEE, 0xEE, 0xCC, 0x0E,
    0x88, 0xC8, 0xBC, 0xEB, 0x48, 0xC8, 0xCC, 0xBB, 0x88, 0xC8, 0xCC, 0xBC, 0x88, 0xCC, 0xCC, 0xCC,
    0xEE, 0x0E, 0x00, 0x4A, 0x0E, 0x00, 0x00, 0xA0, 0x00, 0x00, 0x00, 0x00, 0x00, 0x00, 0x00, 0x00,
    0xEE, 0xEE, 0x00, 0x00, 0xBB, 0x88, 0x0E, 0x00, 0xCC, 0xEC, 0x00, 0x00, 0xCC, 0xE8, 0x00, 0x00,
    0x00, 0x90, 0x25, 0xE5, 0x00, 0x00, 0x5A, 0x22, 0x00, 0x00, 0xA0, 0xA5, 0x00, 0x00, 0x00, 0x0A,
    0x00, 0x00, 0x00, 0x00, 0x00, 0xEE, 0xEE, 0x00, 0xE0, 0x48, 0x48, 0x0E, 0x4E, 0xBC, 0xBB, 0x08,
    0xEE, 0xA4, 0x55, 0xE7, 0xE2, 0xA8, 0x79, 0xE9, 0xEA, 0x0E, 0xE0, 0xC3, 0x00, 0x00, 0x4E, 0x5C,
    0x00, 0x00, 0xBE, 0xB4, 0x00, 0x00, 0xE0, 0x4B, 0x00, 0x00, 0x5A, 0xBE, 0x00, 0x00, 0x49, 0xE7,
    0xCC, 0xEC, 0xEE, 0xCC, 0xEE, 0x1E, 0xCC, 0x44, 0xEB, 0x1E, 0x11, 0xEE, 0xBB, 0x1E, 0xEE, 0xCC,
    0x37, 0xE5, 0xEC, 0x5B, 0xCC, 0xCC, 0xBE, 0xB7, 0x84, 0x88, 0x3E, 0xBB, 0xCC, 0xEC, 0x7E, 0xBB,
    0x88, 0x0E, 0x00, 0x00, 0xEE, 0x0E, 0x00, 0x00, 0x9C, 0xE7, 0x00, 0x00, 0x79, 0x7E, 0x0E, 0x00,
    0x79, 0x97, 0xEC, 0x00, 0x9B, 0xC9, 0xEC, 0xA0, 0x8B, 0xCB, 0xCB, 0x9E, 0xB4, 0xCB, 0xEC, 0x57,
    0x8E, 0xBC, 0xBB, 0xE4, 0x4E, 0xCC, 0xBB, 0x8B, 0x8E, 0xC4, 0xBB, 0x4C, 0xE0, 0xC8, 0xCC, 0x8C,
    0xE0, 0x4C, 0xCC, 0xCC, 0x00, 0xEE, 0x48, 0xCC, 0x00, 0xE0, 0xEE, 0xC8, 0x00, 0x00, 0x00, 0x4E,
    0x00, 0xA9, 0x75, 0x09, 0x9C, 0x95, 0xA7, 0x00, 0x9C, 0x52, 0x5A, 0x0A, 0x9C, 0x25, 0x22, 0x09,
    0xCC, 0x7C, 0x75, 0x0A, 0xCC, 0xCC, 0xE7, 0x00, 0xCC, 0xCC, 0xE8, 0x00, 0xC8, 0x8C, 0xE4, 0x00,
    0xEE, 0x0E, 0xCE, 0x44, 0x00, 0x00, 0xE0, 0xCC, 0x00, 0x00, 0x00, 0xEE, 0x00, 0x00, 0x00, 0x00,
    0x00, 0x00, 0x00, 0x00, 0x00, 0x00, 0x00, 0x00, 0x00, 0x00, 0x00, 0x00, 0x00, 0x00, 0x00, 0x00,
    0xCB, 0xBC, 0x5E, 0x75, 0xBC, 0xCB, 0x97, 0x0A, 0xCC, 0xEC, 0x09, 0x00, 0xEE, 0x0E, 0x00, 0x00,
    0x00, 0x00, 0x00, 0x00, 0x00, 0x00, 0x00, 0x00, 0x00, 0x00, 0x00, 0x00, 0x00, 0x00, 0x00, 0x00,
    0x00, 0x00, 0xB0, 0x0B, 0x00, 0xB0, 0x1B, 0xB8, 0x00, 0x8B, 0x41, 0x8B, 0xB0, 0x48, 0x84, 0x44,
    0x1B, 0x84, 0x14, 0xB1, 0x8B, 0x11, 0x88, 0x41, 0xB0, 0x4B, 0x41, 0x48, 0x00, 0xB0, 0x18, 0x81,
    0x00, 0x00, 0x00, 0x00, 0x00, 0x00, 0x00, 0x00, 0x0B, 0x00, 0x00, 0x00, 0xBB, 0x0B, 0x00, 0x00,
    0x14, 0x0B, 0x00, 0x00, 0x41, 0x0B, 0x00, 0x00, 0x81, 0x00, 0x00, 0x00, 0xB8, 0x00, 0x00, 0x00,
    0x00, 0x00, 0xBB, 0x14, 0x00, 0x00, 0x00, 0x8B, 0x00, 0x00, 0x00, 0xB0, 0x00, 0x00, 0x00, 0x00,
    0x00, 0x00, 0x00, 0x00, 0x00, 0x00, 0x00, 0x00, 0x00, 0x00, 0x00, 0x00, 0x00, 0x00, 0x00, 0x00,
    0x84, 0x00, 0x00, 0x00, 0x11, 0x88, 0x00, 0x00, 0x4B, 0x41, 0x08, 0x00, 0xB0, 0x18, 0x81, 0x08,
    0x00, 0xBB, 0x14, 0x84, 0x00, 0x00, 0x8B, 0x11, 0x00, 0x00, 0xB0, 0x4B, 0x00, 0x00, 0x00, 0xB0,
    0x00, 0x00, 0x00, 0x00, 0x00, 0xE0, 0xEE, 0x00, 0x00, 0xCE, 0xC8, 0x0E, 0xA0, 0xCB, 0xC4, 0xEC,
    0x99, 0xCC, 0x8C, 0xCC, 0x25, 0x77, 0xCC, 0xC4, 0x59, 0xC2, 0xCC, 0x8C, 0x95, 0x52, 0xCC, 0xCC,
    0x00, 0x00, 0x00, 0x00, 0x00, 0x00, 0x00, 0x00, 0x00, 0x00, 0x00, 0x00, 0x00, 0x00, 0x00, 0x00,
    0x0E, 0x00, 0x00, 0x00, 0xEC, 0x00, 0x00, 0x00, 0xCC, 0xEE, 0x00, 0x00, 0xC4, 0xCC, 0x0E, 0x00,
    0x9A, 0x75, 0xCA, 0xCC, 0x90, 0xAA, 0xE0, 0xCC, 0x00, 0x00, 0xE0, 0xBC, 0x00, 0x00, 0x00, 0xBE,
    0x00, 0x00, 0x00, 0xBE, 0x00, 0x00, 0x00, 0xE0, 0x00, 0x00, 0x00, 0x00, 0x00, 0x00, 0x00, 0x00,
    0x8C, 0xC4, 0xEC, 0x00, 0xCC, 0x8C, 0xCC, 0x0E, 0xCB, 0xCC, 0xC4, 0x0E, 0xBB, 0xCC, 0x8C, 0x0E,
    0xBB, 0xCB, 0x4C, 0x0E, 0xBB, 0xCB, 0xE8, 0x00, 0xEE, 0xEE, 0x0E, 0x00, 0x00, 0x00, 0x00, 0x00,
    0x00, 0x00, 0x00, 0x00, 0x00, 0x00, 0x00, 0x00, 0x00, 0x00, 0x00, 0x00, 0x00, 0x00, 0x00, 0x00,
    0x00, 0x00, 0x00, 0xA0, 0x00, 0x00, 0x00, 0x6A, 0x00, 0x00, 0x00, 0xA0, 0x00, 0x00, 0x00, 0x00,
    0x00, 0x00, 0x00, 0x00, 0x00, 0x00, 0x00, 0x00, 0xA0, 0x00, 0xA0, 0x00, 0x6A, 0x0A, 0x6A, 0x0A,
    0x59, 0xA6, 0x9A, 0xA6, 0x9A, 0x65, 0xA5, 0x69, 0xAA, 0x59, 0x56, 0x5A, 0x5A, 0x95, 0x55, 0x66,
    0x00, 0x00, 0x00, 0xE0, 0x00, 0x00, 0x00, 0x00, 0x00, 0x00, 0x00, 0x00, 0x00, 0x00, 0x00, 0x00,
    0x00, 0x00, 0x00, 0x00, 0x00, 0x00, 0x00, 0x00, 0x00, 0x00, 0x00, 0x00, 0x00, 0x00, 0x00, 0x00,
    0x4E, 0x48, 0x0E, 0x00, 0xE0, 0xEE, 0x00, 0x00, 0x00, 0x00, 0x00, 0x00, 0x00, 0x00, 0x00, 0x00,
    0x00, 0x00, 0x00, 0x00, 0x00, 0x00, 0x00, 0x00, 0x00, 0x00, 0x00, 0x00, 0x00, 0x00, 0x00, 0x00,
    0x00, 0x00, 0x00, 0x00, 0x00, 0x00, 0x00, 0x00, 0xEE, 0x0E, 0x00, 0x00, 0x8E, 0xE4, 0x00, 0x00,
    0x88, 0x81, 0x0E, 0x00, 0x1E, 0x74, 0x0A, 0x00, 0xEE, 0x45, 0x0A, 0x00, 0x7A, 0xA9, 0x00, 0x00,
    0xA5, 0x00, 0x00, 0x00, 0x0A, 0x00, 0x00, 0x00, 0x00, 0x00, 0x00, 0x00, 0x00, 0x00, 0x00, 0x00,
    0x00, 0x00, 0x00, 0x00, 0x00, 0x00, 0x00, 0x00, 0x00, 0x00, 0x00, 0x00, 0x00, 0x00, 0x00, 0x00,
    0x00, 0x00, 0x00, 0x00, 0x00, 0x00, 0x00, 0x00, 0x00, 0x00, 0x00, 0x00, 0x00, 0x00, 0x00, 0x00,
    0xAA, 0x00, 0x00, 0x00, 0x66, 0x0A, 0x00, 0x00, 0x96, 0xA6, 0x0A, 0x00, 0x65, 0x69, 0xA6, 0x0A,
};
static const u16 sSet13Frame0[] = {
    0x0007, 0x40E5, 0x81EB, 0x0000, 0x00D5, 0x41F3, 0x0008, 0x00F5, 0x4003, 0x000C, 0x80D5, 0x0003,
    0x0010, 0x80E5, 0x000B, 0x0012, 0x00F5, 0x01FB, 0x0014, 0x00F5, 0x0013, 0x0015, 0x0000,
};
static const u16 sSet13Frame1[] = {
    0x000A, 0x40DD, 0x81E9, 0x0016, 0x00E5, 0x4009, 0x001E, 0x00ED, 0x41E9, 0x0022, 0x40D5, 0x01E9,
    0x0026, 0x40ED, 0x01F9, 0x0028, 0x40F5, 0x0009, 0x002A, 0x40FD, 0x01E9, 0x002C, 0x00D5, 0x01F9,
    0x002E, 0x00DD, 0x0009, 0x002F, 0x00F5, 0x01F9, 0x0030, 0x0000,
};
static const u16 sSet13Frame2[] = {
    0x0007, 0x00DE, 0x81F1, 0x0031, 0x00D6, 0x41E1, 0x0041, 0x00EE, 0x4011, 0x0045, 0x40D6, 0x01F1,
    0x0049, 0x40FE, 0x01F1, 0x004B, 0x80DE, 0x0011, 0x004D, 0x00D6, 0x0001, 0x004F, 0x0000,
};
static const void* const sSet13Frames[] = { sSet13Frame0, sSet13Frame1, sSet13Frame2 };

static const u16 sDirectionAnim0[] = {
    0x0040, 0x0040, 0x0008, 0x0000, 0x0004, 0x0000, 0x0004, 0x0000, 0x0004, 0x0000, 0x0004, 0x0001,
    0x0004, 0x0001, 0x0004, 0x0001, 0x0004, 0x0002, 0x0004,
};
static const u16 sDirectionAnim1[] = {
    0x0040, 0x0040, 0x0008, 0x0000, 0x0004, 0x0000, 0x0004, 0x0000, 0x0004, 0x0000, 0x0004, 0x0001,
    0x0004, 0x0001, 0x0004, 0x0001, 0x0004, 0x0002, 0x0004,
};
static const u16 sDirectionAnim2[] = {
    0x0040, 0x0040, 0x0008, 0x0000, 0x0004, 0x0000, 0x0004, 0x0000, 0x0004, 0x0000, 0x0004, 0x0001,
    0x0004, 0x0001, 0x0004, 0x0001, 0x0004, 0x0002, 0x0004,
};
static const u16 sDirectionAnim3[] = {
    0x0040, 0x0040, 0x0008, 0x0000, 0x0004, 0x0000, 0x0004, 0x0000, 0x0004, 0x0000, 0x0004, 0x0001,
    0x0004, 0x0001, 0x0004, 0x0001, 0x0004, 0x0002, 0x0004,
};
static const u16 sDirectionAnim4[] = {
    0x0040, 0x0040, 0x0008, 0x0000, 0x0004, 0x0000, 0x0004, 0x0000, 0x0004, 0x0000, 0x0004, 0x0001,
    0x0004, 0x0001, 0x0004, 0x0001, 0x0004, 0x0002, 0x0004,
};
static const u8 sTiles14[] __attribute__((aligned(4))) = {
    0x00, 0x00, 0x00, 0x00, 0x00, 0x00, 0x00, 0x00, 0x00, 0x00, 0x00, 0x00, 0x00, 0x00, 0x00, 0x00,
    0x00, 0x00, 0x00, 0x00, 0x00, 0x00, 0x00, 0x00, 0x00, 0x00, 0x00, 0x00, 0x00, 0x00, 0x00, 0xA0,
    0x00, 0x00, 0x00, 0x00, 0x00, 0x00, 0x00, 0xA0, 0x00, 0x00, 0x00, 0x6A, 0x00, 0x0A, 0xA0, 0x6A,
    0xA0, 0xA6, 0x6A, 0x66, 0xA0, 0x65, 0x6A, 0x66, 0xAA, 0x5A, 0x66, 0x66, 0x65, 0x6A, 0x69, 0x69,
    0x0A, 0x00, 0x00, 0x00, 0xA6, 0x00, 0xA0, 0x0A, 0x56, 0xAA, 0x6A, 0xA5, 0x66, 0x66, 0x55, 0xA5,
    0x56, 0x55, 0x65, 0x65, 0x66, 0x55, 0x66, 0x65, 0x56, 0x65, 0x56, 0x66, 0x66, 0x96, 0x69, 0xA9,
    0x00, 0x00, 0x00, 0x00, 0x00, 0x00, 0x00, 0x00, 0x00, 0x00, 0x00, 0x00, 0x00, 0x00, 0x00, 0x00,
    0x0A, 0x00, 0x00, 0x00, 0x0A, 0x00, 0x00, 0x00, 0xFA, 0x00, 0x00, 0x00, 0xCC, 0x0F, 0xFF, 0x0F,
    0x00, 0x00, 0x00, 0x00, 0x00, 0x00, 0x00, 0x00, 0x00, 0x00, 0x00, 0x00, 0x00, 0x00, 0x00, 0x00,
    0x00, 0x00, 0x00, 0x00, 0x00, 0x00, 0x00, 0x00, 0x08, 0x00, 0x00, 0x00, 0x84, 0x88, 0x88, 0x00,
    0x5A, 0x95, 0x96, 0x69, 0xA0, 0x66, 0x69, 0x66, 0x00, 0xAA, 0x95, 0x96, 0x00, 0xA0, 0x55, 0x5A,
    0x00, 0xA0, 0xA6, 0xA7, 0x00, 0x00, 0x7A, 0x55, 0x00, 0x00, 0xA0, 0x47, 0x00, 0x00, 0x00, 0x70,
    0x66, 0x59, 0x96, 0xA6, 0x99, 0x56, 0x65, 0xA6, 0x65, 0x65, 0x55, 0x6A, 0xA5, 0x6A, 0x66, 0xAA,
    0x6A, 0xA5, 0xAA, 0xCF, 0xA7, 0x56, 0xCA, 0x7F, 0x55, 0xAA, 0xC5, 0xEF, 0x75, 0xA7, 0xE7, 0x1E,
    0xCC, 0xFC, 0xCC, 0xFC, 0xFC, 0xCE, 0xCC, 0xFC, 0xFA, 0xCE, 0xCC, 0xEC, 0xAA, 0xCE, 0xCC, 0x0E,
    0xCC, 0xCE, 0xEE, 0x00, 0x75, 0xE7, 0x00, 0x00, 0x47, 0xC7, 0x0E, 0x00, 0x41, 0xCE, 0xEC, 0x0E,
    0xAA, 0xFA, 0xFF, 0x88, 0xAA, 0x8A, 0xE1, 0x84, 0x52, 0x75, 0x14, 0x88, 0x75, 0x77, 0x77, 0x14,
    0x5A, 0x22, 0x52, 0x77, 0xAA, 0x77, 0x55, 0x22, 0xCB, 0xB7, 0xAA, 0x77, 0xC8, 0x3C, 0xEE, 0xEE,
    0x52, 0xE4, 0xCC, 0xEC, 0x48, 0xE8, 0xCC, 0xCC, 0x4E, 0xCE, 0xCC, 0x8C, 0x7E, 0x57, 0xCC, 0xE8,
    0xAA, 0x75, 0x4A, 0x0E, 0x22, 0xA7, 0xEE, 0x0E, 0x55, 0xA5, 0x99, 0xEC, 0xAA, 0x7A, 0x97, 0xEB,
    0x8E, 0xCC, 0x5E, 0x37, 0xEE, 0xEE, 0x4B, 0xB8, 0xCB, 0xBE, 0xC4, 0x8C, 0xE8, 0x44, 0xEE, 0xEE,
    0xEC, 0xEC, 0xEE, 0xEE, 0xCC, 0xCE, 0x7E, 0x77, 0xCC, 0xEC, 0x4E, 0x75, 0xCC, 0xCC, 0x4E, 0x54,
    0x9B, 0xE7, 0xC9, 0xEB, 0x9B, 0x7E, 0x79, 0x0E, 0xB8, 0x99, 0xCB, 0x0E, 0x8B, 0xBB, 0xEC, 0x00,
    0xBE, 0xC8, 0xEC, 0x00, 0xBE, 0xCE, 0x0E, 0x00, 0xC7, 0xEE, 0x00, 0x00, 0xE7, 0x00, 0x00, 0x00,
    0xCC, 0xBC, 0xAB, 0x57, 0x44, 0xCC, 0xEC, 0xA0, 0xEE, 0x48, 0xE8, 0x00, 0x00, 0xEE, 0x0E, 0xA0,
    0x00, 0x00, 0xEE, 0xAE, 0x00, 0xE0, 0x4C, 0xC4, 0x00, 0xCE, 0xB4, 0xBB, 0x00, 0xBE, 0xB4, 0xBB,
    0x75, 0x7A, 0x0A, 0x00, 0x57, 0x2A, 0xA5, 0x00, 0x7A, 0x25, 0xA5, 0x00, 0xA5, 0x52, 0x75, 0x0E,
    0xC7, 0x77, 0xCC, 0x0E, 0xBC, 0xCC, 0xCC, 0xEC, 0xCB, 0xCC, 0xCC, 0xEB, 0xBB, 0xCC, 0xBC, 0xEB,
    0x00, 0x4E, 0x48, 0xB8, 0x00, 0x8E, 0xEE, 0x8E, 0x00, 0xE0, 0xCE, 0xEC, 0x00, 0x00, 0xE0, 0xEE,
    0x00, 0x00, 0x00, 0x00, 0x00, 0x00, 0x00, 0x00, 0x00, 0x00, 0x00, 0x00, 0x00, 0x00, 0x00, 0x00,
    0xCB, 0xCC, 0xCC, 0xEC, 0x44, 0x88, 0x84, 0xE4, 0xEE, 0xEE, 0xEE, 0x0E, 0xEE, 0x00, 0x00, 0x00,
    0x00, 0x00, 0x00, 0x00, 0x00, 0x00, 0x00, 0x00, 0x00, 0x00, 0x00, 0x00, 0x00, 0x00, 0x00, 0x00,
    0xD0, 0xDD, 0x8D, 0x48, 0x00, 0x00, 0xD0, 0xDD, 0x00, 0x00, 0x00, 0x00, 0x00, 0x00, 0x00, 0x00,
    0x00, 0x00, 0x00, 0x00, 0x00, 0x00, 0x00, 0x00, 0x00, 0x00, 0x00, 0x00, 0x00, 0x00, 0x00, 0x00,
    0x11, 0x11, 0x41, 0x88, 0xDD, 0x88, 0x14, 0x11, 0x00, 0xDD, 0xDD, 0x8D, 0x00, 0x00, 0x00, 0xD0,
    0x00, 0x00, 0x00, 0x00, 0x00, 0x00, 0x00, 0x00, 0x00, 0x00, 0x00, 0x00, 0x00, 0x00, 0x00, 0x00,
    0x88, 0x08, 0x00, 0x00, 0x11, 0x84, 0x88, 0xDD, 0x48, 0x11, 0x41, 0xD8, 0xDD, 0xDD, 0x88, 0x78,
    0x00, 0x00, 0xDD, 0xAD, 0x00, 0x00, 0x00, 0xF0, 0x00, 0x00, 0x00, 0xF0, 0x00, 0x00, 0x00, 0xF0,
    0x00, 0x00, 0xF0, 0xEF, 0x00, 0x00, 0x8F, 0xBB, 0x00, 0xF0, 0xB8, 0xB4, 0x00, 0xCF, 0xBB, 0x4B,
    0x00, 0x8F, 0xBB, 0xBB, 0x00, 0x4E, 0xBC, 0xCB, 0x00, 0xE0, 0xC8, 0xCC, 0x00, 0x00, 0x8E, 0xC4,
    0x00, 0x00, 0x00, 0x00, 0x00, 0x00, 0x00, 0x00, 0x00, 0x00, 0x00, 0x00, 0x00, 0x00, 0x00, 0x00,
    0x00, 0x00, 0x00, 0x00, 0xD0, 0x88, 0x00, 0x00, 0x1D, 0x41, 0x88, 0x88, 0x8D, 0x14, 0x11, 0x11,
    0xFE, 0x00, 0x00, 0x00, 0xF8, 0x00, 0x00, 0x00, 0x0E, 0x00, 0x00, 0x00, 0x00, 0x00, 0x00, 0x00,
    0x00, 0x00, 0x00, 0x00, 0x00, 0x00, 0x00, 0x00, 0x00, 0x00, 0x00, 0x00, 0x00, 0x00, 0x00, 0x00,
    0x00, 0x00, 0xE0, 0x8E, 0x00, 0x00, 0x00, 0xE0, 0x00, 0x00, 0x00, 0x00, 0x00, 0x00, 0x00, 0x00,
    0x00, 0x00, 0x00, 0x00, 0x00, 0x00, 0x00, 0x00, 0x00, 0x00, 0x00, 0x00, 0x00, 0x00, 0x00, 0x00,
};
static const u16 sSet14Frame0[] = {
    0x0007, 0x40E3, 0x81F4, 0x0000, 0x80F3, 0x8004, 0x0008, 0x40F3, 0x01EC, 0x0010, 0x80F3, 0x01FC,
    0x0012, 0x00EB, 0x01EC, 0x0014, 0x00F3, 0x0014, 0x0015, 0x0003, 0x01FC, 0x0016, 0x0000,
};
static const void* const sSet14Frames[] = { sSet14Frame0 };

static const u16 sDirectionAnim5[] = {
    0x0040, 0x0040, 0x0002, 0x0000, 0x0004, 0x0000, 0x0004,
};
static const u16 sDirectionAnim6[] = {
    0x0040, 0x0040, 0x0002, 0x0000, 0x0004, 0x0000, 0x0004,
};
static const u16 sDirectionAnim7[] = {
    0x0040, 0x0040, 0x0002, 0x0000, 0x0004, 0x0000, 0x0004,
};
static const u16 sDirectionAnim8[] = {
    0x0040, 0x0040, 0x0002, 0x0000, 0x0004, 0x0000, 0x0004,
};
static const u16 sDirectionAnim9[] = {
    0x0040, 0x0040, 0x0002, 0x0000, 0x0004, 0x0000, 0x0004,
};
static const u16 sDirectionAnim10[] = {
    0x0040, 0x0040, 0x0001, 0x0000, 0x0004,
};
static const u16 sDirectionAnim11[] = {
    0x0040, 0x0040, 0x0001, 0x0000, 0x0004,
};
static const u16 sDirectionAnim12[] = {
    0x0040, 0x0040, 0x0001, 0x0000, 0x0004,
};
static const u16 sDirectionAnim13[] = {
    0x0040, 0x0040, 0x0001, 0x0000, 0x0004,
};
static const u16 sDirectionAnim14[] = {
    0x0040, 0x0040, 0x0001, 0x0000, 0x0004,
};
static const u8 sTiles15[] __attribute__((aligned(4))) = {
    0x00, 0x00, 0x00, 0x00, 0x00, 0x00, 0x00, 0x00, 0x00, 0x00, 0x00, 0x00, 0x00, 0x00, 0x00, 0x90,
    0x00, 0x00, 0x4E, 0x59, 0x00, 0xE0, 0x84, 0x45, 0x00, 0x8E, 0x81, 0x97, 0xE0, 0xE4, 0x18, 0xE4,
    0x00, 0x00, 0x00, 0x00, 0x00, 0x00, 0x00, 0x00, 0x00, 0xAA, 0xAA, 0x00, 0x97, 0x5A, 0x66, 0xAA,
    0x74, 0x6A, 0x55, 0x96, 0xE5, 0xAC, 0x56, 0x69, 0xCE, 0xAC, 0x99, 0x66, 0xCE, 0x6A, 0x65, 0x99,
    0x00, 0xE0, 0xEE, 0x00, 0xA0, 0xCA, 0xCC, 0xEC, 0xAA, 0xCA, 0xAC, 0xCA, 0x66, 0xA6, 0x6A, 0xA6,
    0x69, 0x56, 0x55, 0xA6, 0x66, 0x66, 0x56, 0xA5, 0x99, 0x66, 0x66, 0x65, 0x65, 0x69, 0x56, 0x66,
    0x00, 0x00, 0x00, 0x00, 0x00, 0x00, 0x00, 0x00, 0x0E, 0x00, 0x00, 0x00, 0xEC, 0x00, 0x00, 0x00,
    0xEC, 0x00, 0x00, 0x00, 0xEC, 0x00, 0x00, 0x00, 0x0A, 0x00, 0x00, 0x00, 0x0A, 0xE0, 0x9E, 0x0A,
    0xEE, 0x18, 0xE4, 0x0E, 0x4E, 0x88, 0x41, 0xE8, 0xE0, 0x41, 0x8E, 0x94, 0x00, 0x4E, 0x95, 0x75,
    0x00, 0x90, 0x09, 0x99, 0x00, 0x00, 0x00, 0x00, 0x00, 0x00, 0x00, 0xE0, 0x00, 0x00, 0x00, 0xE0,
    0xAE, 0x55, 0x66, 0x59, 0x6A, 0xAA, 0x9A, 0x99, 0x00, 0xAB, 0x65, 0x59, 0x00, 0x5A, 0x99, 0x55,
    0xE0, 0xAA, 0x96, 0x95, 0xEE, 0xA3, 0xAA, 0x96, 0x44, 0x5B, 0x73, 0x5A, 0xEE, 0x44, 0xBB, 0xC5,
    0x55, 0x69, 0x66, 0xA6, 0x66, 0x66, 0x56, 0x66, 0x96, 0x69, 0x66, 0x56, 0x99, 0x66, 0x59, 0x56,
    0x96, 0x55, 0x69, 0x55, 0x95, 0x56, 0xA6, 0x6A, 0x7E, 0x6A, 0xA5, 0xA6, 0x5E, 0xA7, 0xA6, 0xCA,
    0xEA, 0xC8, 0x5C, 0x94, 0xAA, 0xCC, 0xEC, 0x75, 0xA6, 0xCC, 0xCC, 0x8E, 0x65, 0xCA, 0xCC, 0x1E,
    0x65, 0xCA, 0xEE, 0x48, 0xAA, 0xEA, 0x00, 0xEE, 0xEC, 0x0E, 0xA0, 0x8A, 0xCC, 0x5A, 0x99, 0xAA,
    0x00, 0x00, 0x00, 0xE0, 0x00, 0x00, 0x00, 0x00, 0x00, 0x00, 0x00, 0x00, 0x00, 0x00, 0x00, 0x00,
    0x00, 0x00, 0x00, 0x00, 0x00, 0x00, 0x00, 0x8D, 0x00, 0x00, 0xD0, 0x14, 0x00, 0x00, 0xDE, 0x8D,
    0x59, 0xB7, 0xB4, 0x3B, 0x47, 0xE5, 0x8B, 0xBB, 0x59, 0xE4, 0xCB, 0xC8, 0x90, 0xE4, 0xCC, 0x8C,
    0xAE, 0x8D, 0xDD, 0xCD, 0xDD, 0x41, 0x88, 0x88, 0x48, 0x88, 0x14, 0x11, 0x84, 0x14, 0x41, 0xD8,
    0xEC, 0x9E, 0xEA, 0xCE, 0xE7, 0x97, 0xE7, 0xBC, 0xE5, 0x7E, 0x97, 0x8C, 0x4E, 0x88, 0x88, 0x48,
    0x88, 0x48, 0x11, 0x11, 0x14, 0x11, 0x84, 0xDD, 0x41, 0xDD, 0xDD, 0x59, 0xDD, 0x00, 0xE0, 0x5C,
    0xCB, 0xAC, 0x55, 0xA5, 0xDB, 0xDD, 0x29, 0x52, 0x88, 0x84, 0x98, 0x95, 0x11, 0x84, 0xA8, 0x59,
    0xD4, 0xDD, 0xAD, 0xAA, 0x2D, 0x95, 0xAA, 0x00, 0x29, 0x75, 0x00, 0x00, 0x72, 0x8A, 0x0E, 0x00,
    0x00, 0xE0, 0xBB, 0xD4, 0x00, 0xBE, 0x8B, 0xBB, 0xE0, 0xBC, 0xB4, 0xBB, 0xE0, 0xC8, 0xB8, 0xBB,
    0x00, 0x4E, 0x48, 0xCC, 0x00, 0xE0, 0xEE, 0x48, 0x00, 0x00, 0xE0, 0xEE, 0x00, 0x00, 0x00, 0x00,
    0xD8, 0xD8, 0xDD, 0x0D, 0xDD, 0xCD, 0x8C, 0x0E, 0xCB, 0xCC, 0x48, 0x0E, 0xCC, 0x48, 0xEE, 0x00,
    0x4C, 0xEE, 0x00, 0x00, 0xE8, 0x00, 0x00, 0x00, 0x0E, 0x00, 0x00, 0x00, 0x00, 0x00, 0x00, 0x00,
    0x00, 0x00, 0xE0, 0xC4, 0x00, 0x00, 0xE0, 0xC8, 0x00, 0x00, 0x00, 0x4E, 0x00, 0x00, 0x00, 0x8E,
    0x00, 0x00, 0x00, 0xE0, 0x00, 0x00, 0x00, 0xE0, 0x00, 0x00, 0x00, 0x00, 0x00, 0x00, 0x00, 0x00,
    0xCC, 0x4C, 0xEB, 0x0E, 0xBC, 0x8B, 0xBB, 0xEC, 0xBB, 0xBB, 0xB4, 0xEB, 0xBC, 0xBB, 0xB8, 0xEC,
    0xCC, 0xCC, 0x48, 0xE8, 0x48, 0x48, 0xEE, 0x0E, 0xEE, 0xEE, 0x00, 0x00, 0x00, 0x00, 0x00, 0x00,
    0x00, 0x00, 0x00, 0x00, 0xEE, 0x00, 0x00, 0x00, 0x11, 0x0E, 0x00, 0x00, 0x84, 0xEE, 0xAA, 0x0A,
    0xE8, 0xE4, 0x9E, 0xA9, 0x44, 0x88, 0xE4, 0x95, 0xE1, 0x18, 0xE1, 0x5A, 0x84, 0x41, 0x95, 0x95,
    0x00, 0x00, 0x00, 0x00, 0x00, 0x00, 0x00, 0x00, 0x00, 0x00, 0x00, 0x00, 0x00, 0x00, 0x00, 0x00,
    0x00, 0x00, 0x00, 0x00, 0x00, 0x00, 0x00, 0x00, 0x0A, 0x00, 0x00, 0x00, 0xA9, 0x00, 0x00, 0x00,
    0x95, 0x57, 0xA7, 0x55, 0xA5, 0x59, 0x9A, 0x22, 0x55, 0xA5, 0x52, 0x55, 0x59, 0x59, 0x95, 0xA9,
    0x99, 0xAA, 0x00, 0x00, 0x00, 0x00, 0x00, 0x00, 0x00, 0x00, 0x00, 0x00, 0x00, 0x00, 0x00, 0x00,
    0x52, 0x0A, 0x00, 0x00, 0x52, 0x09, 0x00, 0x00, 0x99, 0x0A, 0x00, 0x00, 0xAA, 0x00, 0x00, 0x00,
    0x00, 0x00, 0x00, 0x00, 0x00, 0x00, 0x00, 0x00, 0x00, 0x00, 0x00, 0x00, 0x00, 0x00, 0x00, 0x00,
};
static const u16 sSet15Frame0[] = {
    0x0002, 0x00E1, 0x81EB, 0x0000, 0x00E9, 0x400B, 0x0010, 0x0000,
};
static const void* const sSet15Frames[] = { sSet15Frame0 };

static const u16 sDirectionAnim15[] = {
    0x0040, 0x0040, 0x0001, 0x0000, 0x0004,
};
static const u16 sDirectionAnim16[] = {
    0x0040, 0x0040, 0x0001, 0x0000, 0x0004,
};
static const u16 sDirectionAnim17[] = {
    0x0040, 0x0040, 0x0001, 0x0000, 0x0004,
};
static const u16 sDirectionAnim18[] = {
    0x0040, 0x0040, 0x0001, 0x0000, 0x0004,
};
static const u16 sDirectionAnim19[] = {
    0x0040, 0x0040, 0x0001, 0x0000, 0x0004,
};
static const u16 sDirectionAnim20[] = {
    0x0040, 0x0040, 0x0001, 0x0000, 0x0004,
};
static const u16 sDirectionAnim21[] = {
    0x0040, 0x0040, 0x0001, 0x0000, 0x0004,
};
static const u16 sDirectionAnim22[] = {
    0x0040, 0x0040, 0x0001, 0x0000, 0x0004,
};
static const u16 sDirectionAnim23[] = {
    0x0040, 0x0040, 0x0001, 0x0000, 0x0004,
};
static const u16 sDirectionAnim24[] = {
    0x0040, 0x0040, 0x0001, 0x0000, 0x0004,
};
static const u8 sTiles16[] __attribute__((aligned(4))) = {
    0x00, 0x00, 0xA0, 0x65, 0x00, 0x00, 0x5A, 0x96, 0x00, 0xD0, 0xAD, 0x5A, 0x00, 0x8D, 0xD1, 0x6D,
    0xD0, 0x18, 0x8D, 0xD4, 0xD0, 0x44, 0x14, 0xD1, 0x1D, 0x88, 0x44, 0x41, 0x4D, 0x11, 0x84, 0x48,
    0x69, 0x59, 0x56, 0xA5, 0x95, 0x56, 0x69, 0x65, 0x96, 0x65, 0xAA, 0x56, 0x99, 0xA6, 0x58, 0xAA,
    0xDD, 0x5A, 0x18, 0xA5, 0x84, 0x4D, 0x54, 0x97, 0x81, 0x4D, 0x75, 0xA9, 0xD1, 0x9E, 0xAA, 0x95,
    0x56, 0x56, 0xA6, 0x00, 0x6A, 0x55, 0xA5, 0x00, 0x9A, 0x99, 0x56, 0x0A, 0xA6, 0xA6, 0xAA, 0x0A,
    0x65, 0xCA, 0xAC, 0x00, 0x5A, 0xCA, 0x88, 0xEE, 0xAE, 0x8C, 0x88, 0x84, 0x4E, 0x8C, 0x88, 0x88,
    0x00, 0x00, 0x00, 0x00, 0x00, 0x00, 0x00, 0x00, 0x00, 0x00, 0x00, 0x00, 0x00, 0x00, 0x00, 0x00,
    0x00, 0x00, 0x00, 0x00, 0x0E, 0x00, 0x00, 0x00, 0xEC, 0x00, 0x00, 0x00, 0xEC, 0x09, 0x00, 0x00,
    0xD0, 0x8D, 0x14, 0x81, 0x00, 0xD0, 0xDD, 0x14, 0x00, 0xE0, 0x8E, 0xDD, 0x00, 0xE0, 0x14, 0xD8,
    0x00, 0xEE, 0x8E, 0x81, 0x00, 0x1E, 0x74, 0x95, 0x00, 0x5A, 0x97, 0xA4, 0x00, 0xA0, 0xA9, 0xA9,
    0xD8, 0xD8, 0x9C, 0xE7, 0x41, 0x84, 0xB8, 0x4C, 0x48, 0x11, 0x84, 0x88, 0xDD, 0x4D, 0x11, 0x41,
    0xE0, 0xDE, 0x8D, 0x14, 0xCA, 0xBB, 0xDB, 0xDD, 0x59, 0xB3, 0xCB, 0xDC, 0xB9, 0x7B, 0xB5, 0xEE,
    0xC4, 0xCE, 0x88, 0xC8, 0xEC, 0xCC, 0xCC, 0xCC, 0xCE, 0xCC, 0xEE, 0xCC, 0x88, 0xED, 0x0E, 0xCE,
    0x41, 0x88, 0xED, 0x9E, 0x14, 0x11, 0xD8, 0x5A, 0xDD, 0x48, 0x88, 0x95, 0xCB, 0xDD, 0x7D, 0x22,
    0x7E, 0x95, 0x00, 0x00, 0x9E, 0x74, 0x00, 0x00, 0xAE, 0x57, 0x09, 0x00, 0x79, 0x97, 0xE9, 0x00,
    0x27, 0x52, 0x75, 0x99, 0x72, 0x22, 0x57, 0x55, 0xA7, 0xAA, 0xAA, 0x25, 0x09, 0xE0, 0x48, 0x5A,
    0x00, 0x00, 0x00, 0x9E, 0x00, 0x00, 0x00, 0x4E, 0x00, 0x00, 0x00, 0xCE, 0x00, 0x00, 0x00, 0xE0,
    0x00, 0x00, 0x00, 0x00, 0x00, 0x00, 0x00, 0x00, 0x00, 0x00, 0x00, 0x00, 0x00, 0x00, 0x00, 0x00,
    0xBC, 0xBB, 0x3B, 0xE7, 0x44, 0x88, 0xBB, 0xEC, 0xCC, 0xCC, 0xC8, 0xEC, 0xEC, 0xCC, 0x8C, 0x0E,
    0x9E, 0xEE, 0xEC, 0x00, 0x49, 0xA7, 0xEE, 0x00, 0x90, 0x55, 0x77, 0x09, 0x00, 0x9A, 0x95, 0x95,
    0xCC, 0xCE, 0x9A, 0x77, 0xEE, 0xBC, 0x5A, 0xA9, 0xE0, 0xBB, 0x59, 0xA5, 0x3E, 0xBB, 0x79, 0x72,
    0xCE, 0x57, 0xA3, 0x27, 0xCE, 0xBB, 0xBB, 0xAC, 0xE0, 0x44, 0xC4, 0x88, 0xE0, 0xEE, 0x4C, 0xEB,
    0x9A, 0xA9, 0x14, 0x5A, 0xAA, 0x97, 0x41, 0xEE, 0xA9, 0x49, 0x95, 0xE4, 0xA9, 0xAA, 0x79, 0xA5,
    0x72, 0x99, 0x57, 0x99, 0x29, 0x72, 0xAA, 0x92, 0xE8, 0x29, 0x22, 0x97, 0x9E, 0x90, 0x75, 0x09,
    0x00, 0x00, 0x00, 0x00, 0x00, 0x00, 0xE0, 0xEE, 0x00, 0x00, 0x8E, 0x84, 0x00, 0xE0, 0xB4, 0xBB,
    0x00, 0x8E, 0xBB, 0xBB, 0x00, 0x4E, 0xBC, 0xBB, 0x00, 0x8E, 0xC4, 0xBB, 0x00, 0xE0, 0x48, 0xCC,
    0x90, 0xA5, 0x97, 0x92, 0xE0, 0xCC, 0x22, 0xE5, 0xCE, 0x84, 0xC5, 0xCC, 0x84, 0xCC, 0xCC, 0xCC,
    0xCB, 0xCC, 0xCC, 0x8C, 0xBB, 0xCC, 0x4C, 0x48, 0xCB, 0x48, 0xE8, 0xEE, 0x48, 0xEE, 0x0E, 0x00,
    0x00, 0xCE, 0xEC, 0x97, 0x00, 0xE0, 0x47, 0x55, 0x0E, 0x00, 0xAA, 0x59, 0x0E, 0x00, 0xA0, 0x9A,
    0x0E, 0x00, 0xE0, 0x8C, 0x0E, 0x00, 0xE0, 0x4C, 0x00, 0x00, 0x4E, 0xBB, 0x00, 0x00, 0x8E, 0xBB,
    0x2E, 0x0A, 0x00, 0x00, 0x29, 0x0A, 0x00, 0x00, 0x55, 0x0E, 0x00, 0x00, 0x99, 0x0E, 0x00, 0x00,
    0xEC, 0x0E, 0x00, 0x00, 0xBB, 0xE8, 0x00, 0x00, 0xB8, 0x4B, 0x0E, 0x00, 0x4B, 0x8B, 0x0E, 0x00,
    0x00, 0x00, 0xEE, 0x48, 0x00, 0x00, 0x00, 0xEE, 0x00, 0x00, 0x00, 0x00, 0x00, 0x00, 0x00, 0x00,
    0x00, 0x00, 0x00, 0x00, 0x00, 0x00, 0x00, 0x00, 0x00, 0x00, 0x00, 0x00, 0x00, 0x00, 0x00, 0x00,
    0xEE, 0x00, 0x00, 0x00, 0x00, 0x00, 0x00, 0x00, 0x00, 0x00, 0x00, 0x00, 0x00, 0x00, 0x00, 0x00,
    0x00, 0x00, 0x00, 0x00, 0x00, 0x00, 0x00, 0x00, 0x00, 0x00, 0x00, 0x00, 0x00, 0x00, 0x00, 0x00,
    0x00, 0x00, 0x4E, 0xCC, 0x00, 0x00, 0x8E, 0x84, 0x00, 0x00, 0xE0, 0xEE, 0x00, 0x00, 0x00, 0x00,
    0x00, 0x00, 0x00, 0x00, 0x00, 0x00, 0x00, 0x00, 0x00, 0x00, 0x00, 0x00, 0x00, 0x00, 0x00, 0x00,
    0x8C, 0x4C, 0x0E, 0x00, 0x84, 0x84, 0x0E, 0x00, 0xEE, 0xEE, 0x00, 0x00, 0x00, 0x00, 0x00, 0x00,
    0x00, 0x00, 0x00, 0x00, 0x00, 0x00, 0x00, 0x00, 0x00, 0x00, 0x00, 0x00, 0x00, 0x00, 0x00, 0x00,
    0x00, 0x00, 0x00, 0x00, 0x00, 0x00, 0x00, 0x00, 0x00, 0x00, 0x00, 0xA0, 0x00, 0x00, 0x00, 0x6A,
    0x00, 0x00, 0x00, 0x9A, 0x00, 0x00, 0xA0, 0x6A, 0x00, 0x00, 0x6A, 0x65, 0x00, 0x00, 0x00, 0x9A,
    0x00, 0x0A, 0xA0, 0xAA, 0xA0, 0xA6, 0x6A, 0x55, 0x6A, 0x66, 0x65, 0x66, 0x65, 0x66, 0x66, 0x56,
    0x69, 0x99, 0x66, 0x55, 0x96, 0x55, 0x69, 0x66, 0x59, 0x66, 0x69, 0x66, 0x96, 0x69, 0x66, 0x69,
    0x00, 0x00, 0x00, 0x00, 0x00, 0x00, 0x00, 0x00, 0x00, 0x00, 0x00, 0x00, 0x00, 0x00, 0x00, 0x00,
    0x09, 0x00, 0x00, 0x00, 0x97, 0x09, 0x00, 0x00, 0x22, 0x09, 0x00, 0x00, 0x52, 0x09, 0x00, 0x00,
    0x72, 0x09, 0x00, 0x00, 0x92, 0x00, 0x00, 0x00, 0x92, 0x00, 0x00, 0x00, 0x97, 0x00, 0x00, 0x00,
    0x09, 0x00, 0x00, 0x00, 0x00, 0x00, 0x00, 0x00, 0x00, 0x00, 0x00, 0x00, 0x00, 0x00, 0x00, 0x00,
    0x00, 0x00, 0x00, 0x00, 0xAA, 0x00, 0x00, 0x00, 0x65, 0x0A, 0x00, 0x00, 0x65, 0x0A, 0x00, 0x00,
    0x66, 0xAA, 0x00, 0x00, 0x56, 0xA5, 0x00, 0x00, 0x66, 0xA6, 0x00, 0x00, 0x66, 0x55, 0x0A, 0x00,
};
static const u16 sSet16Frame0[] = {
    0x0005, 0x00DD, 0x81EF, 0x0000, 0x40FD, 0x41EF, 0x0010, 0x40D5, 0x01EF, 0x0014, 0x80E5, 0x000F,
    0x0016, 0x00D5, 0x01FF, 0x0018, 0x0000,
};
static const void* const sSet16Frames[] = { sSet16Frame0 };

static const u16 sDirectionAnim25[] = {
    0x0040, 0x0040, 0x0002, 0x0000, 0x0004, 0x0000, 0x0004,
};
static const u16 sDirectionAnim26[] = {
    0x0040, 0x0040, 0x0002, 0x0000, 0x0004, 0x0000, 0x0004,
};
static const u16 sDirectionAnim27[] = {
    0x0040, 0x0040, 0x0002, 0x0000, 0x0004, 0x0000, 0x0004,
};
static const u16 sDirectionAnim28[] = {
    0x0040, 0x0040, 0x0002, 0x0000, 0x0004, 0x0000, 0x0004,
};
static const u16 sDirectionAnim29[] = {
    0x0040, 0x0040, 0x0002, 0x0000, 0x0004, 0x0000, 0x0004,
};
static const void* const sDirectionAnims[] = { sDirectionAnim0, sDirectionAnim1, sDirectionAnim2, sDirectionAnim3, sDirectionAnim4, sDirectionAnim5, sDirectionAnim6, sDirectionAnim7, sDirectionAnim8, sDirectionAnim9, sDirectionAnim10, sDirectionAnim11, sDirectionAnim12, sDirectionAnim13, sDirectionAnim14, sDirectionAnim15, sDirectionAnim16, sDirectionAnim17, sDirectionAnim18, sDirectionAnim19, sDirectionAnim20, sDirectionAnim21, sDirectionAnim22, sDirectionAnim23, sDirectionAnim24, sDirectionAnim25, sDirectionAnim26, sDirectionAnim27, sDirectionAnim28, sDirectionAnim29 };

static const u8 sTiles17[] __attribute__((aligned(4))) = {
    0x00, 0x5A, 0xA5, 0x65, 0x00, 0x6A, 0xAA, 0xA5, 0x00, 0x00, 0xA0, 0xA6, 0x00, 0x00, 0x00, 0x4A,
    0x00, 0x00, 0xE0, 0x5E, 0x00, 0x00, 0x8E, 0xE4, 0x00, 0x00, 0xEE, 0x4E, 0x00, 0x00, 0xE0, 0xE8,
    0x69, 0x96, 0x65, 0x66, 0xA6, 0x66, 0x59, 0x65, 0xA5, 0x66, 0x96, 0x69, 0x84, 0xA8, 0x66, 0x9A,
    0x84, 0x51, 0x6A, 0xAA, 0x45, 0x75, 0xAA, 0x0A, 0x7E, 0xA7, 0x4A, 0xEE, 0xE4, 0x7A, 0x8E, 0x8E,
    0x96, 0xA6, 0x00, 0x00, 0x96, 0xAA, 0x00, 0x00, 0xA6, 0x00, 0x00, 0x00, 0xA9, 0x00, 0x00, 0x00,
    0x0A, 0x00, 0x00, 0x00, 0x00, 0x00, 0x00, 0x00, 0x00, 0x00, 0x00, 0x00, 0x0E, 0x00, 0x00, 0x00,
    0x00, 0x00, 0x00, 0x00, 0x00, 0x00, 0x00, 0x00, 0x00, 0x00, 0x00, 0x00, 0x00, 0x00, 0x00, 0x00,
    0x00, 0x00, 0x00, 0x00, 0x00, 0x00, 0x00, 0x00, 0x00, 0x00, 0x00, 0xD0, 0x00, 0x00, 0x00, 0xD0,
    0x00, 0x00, 0x4E, 0x88, 0x00, 0x00, 0x8E, 0x88, 0x00, 0x00, 0x8E, 0xC8, 0x00, 0x00, 0xCE, 0x11,
    0x00, 0x00, 0x4E, 0x55, 0x00, 0xEE, 0x7E, 0x44, 0xE0, 0x7E, 0x79, 0x45, 0x7E, 0xE7, 0x7E, 0x45,
    0x8E, 0x5E, 0xEC, 0x88, 0xEC, 0xEC, 0xE8, 0x8C, 0xEC, 0xC4, 0xE4, 0xCC, 0xE4, 0x84, 0xE1, 0xC4,
    0xC7, 0x41, 0xE1, 0x4C, 0xC7, 0x71, 0x49, 0x57, 0x75, 0x94, 0x7E, 0x55, 0x54, 0xE7, 0x5E, 0x22,
    0x0E, 0x00, 0x00, 0x00, 0xE8, 0x00, 0x00, 0x00, 0xEC, 0x00, 0x00, 0x00, 0xEC, 0x00, 0x00, 0x00,
    0xE4, 0x00, 0x00, 0x00, 0xE7, 0xEE, 0x00, 0x00, 0xE7, 0x99, 0x0E, 0x80, 0x75, 0xEE, 0x8E, 0x48,
    0x00, 0x00, 0x00, 0xD0, 0x00, 0x00, 0x00, 0xD0, 0x00, 0x00, 0x00, 0xD0, 0x00, 0x00, 0x00, 0xD8,
    0x00, 0x00, 0x88, 0x44, 0x80, 0x88, 0x14, 0x41, 0x48, 0x11, 0x41, 0xDD, 0x11, 0x84, 0xDD, 0x00,
    0x9E, 0x99, 0xC5, 0x77, 0xBB, 0xBB, 0x3B, 0xAC, 0x44, 0xB4, 0xEB, 0x5A, 0xBB, 0x4B, 0xC8, 0x5A,
    0xBE, 0xBB, 0x8B, 0xAC, 0xE5, 0xBB, 0xCC, 0xAE, 0x54, 0xEE, 0xEC, 0xD0, 0x47, 0xE7, 0x0E, 0x8D,
    0x55, 0x4E, 0x7E, 0x5A, 0xE7, 0xB1, 0xE5, 0xAE, 0x4E, 0x3C, 0xB8, 0xEC, 0xE5, 0xB3, 0xC4, 0x7C,
    0xE5, 0x1B, 0xBB, 0x5C, 0xE5, 0x14, 0x84, 0xEB, 0x27, 0x4E, 0xCB, 0xA5, 0x5A, 0xE7, 0x7E, 0x57,
    0x52, 0xBA, 0x48, 0x11, 0x7A, 0x75, 0x88, 0xD8, 0x2A, 0x52, 0xDD, 0xED, 0x52, 0xA7, 0xEA, 0xEB,
    0xAA, 0xA5, 0x77, 0x0E, 0x5A, 0x72, 0x75, 0x00, 0x57, 0x72, 0x74, 0x00, 0x22, 0xA7, 0x74, 0x00,
    0xD4, 0xDD, 0x00, 0x00, 0x0D, 0x00, 0x00, 0x00, 0x00, 0x00, 0x00, 0x00, 0x00, 0x00, 0x00, 0x00,
    0x00, 0x00, 0x00, 0x00, 0x00, 0x00, 0x00, 0x00, 0x00, 0x00, 0x00, 0x00, 0x00, 0x00, 0x00, 0x00,
    0x47, 0x75, 0x00, 0x4D, 0xAA, 0x75, 0x0A, 0x80, 0x72, 0xA7, 0xA5, 0x40, 0x57, 0x22, 0xA5, 0x00,
    0x57, 0x75, 0x0A, 0x00, 0xCC, 0xCC, 0x0E, 0xDD, 0x2C, 0xC5, 0xD5, 0xD4, 0xCC, 0xCC, 0xDC, 0x18,
    0x7A, 0x52, 0x57, 0x22, 0xA0, 0x27, 0x22, 0xA5, 0x00, 0x5A, 0x55, 0x0A, 0x08, 0xA0, 0x7A, 0x00,
    0x04, 0x00, 0x00, 0x00, 0xD8, 0x00, 0x00, 0x00, 0x1D, 0x0D, 0x00, 0x00, 0x84, 0x0D, 0x00, 0x00,
    0xA5, 0x7A, 0x75, 0x0A, 0x07, 0x7A, 0x77, 0xA5, 0x00, 0x5A, 0x22, 0xA5, 0x00, 0x5A, 0x55, 0xA5,
    0x00, 0xE0, 0xCC, 0xCC, 0x00, 0xE0, 0xC5, 0x5C, 0x00, 0xE0, 0x52, 0x2C, 0x00, 0xE0, 0xCC, 0xCC,
    0x00, 0x00, 0x00, 0x00, 0x00, 0x00, 0x00, 0x00, 0x00, 0x00, 0x00, 0x00, 0x00, 0xEE, 0xEE, 0x0E,
    0xEE, 0x4B, 0xB8, 0xEB, 0xB2, 0xBB, 0x4B, 0xBB, 0xBC, 0xBB, 0x8B, 0xBB, 0xCC, 0xCC, 0x4C, 0x48,
    0x8E, 0x84, 0x84, 0xCC, 0xE0, 0xEE, 0xEE, 0x84, 0x00, 0xE0, 0xEE, 0xEE, 0x00, 0x00, 0x00, 0x00,
    0x00, 0x00, 0x00, 0x00, 0x00, 0x00, 0x00, 0x00, 0x00, 0x00, 0x00, 0x00, 0x00, 0x00, 0x00, 0x00,
    0xCC, 0x84, 0xE4, 0x8D, 0x84, 0xEE, 0x0E, 0xD0, 0xEE, 0x00, 0x00, 0x00, 0x00, 0x00, 0x00, 0x00,
    0x00, 0x00, 0x00, 0x00, 0x00, 0x00, 0x00, 0x00, 0x00, 0x00, 0x00, 0x00, 0x00, 0x00, 0x00, 0x00,
    0xD8, 0x00, 0x00, 0x00, 0x0D, 0x00, 0x00, 0x00, 0x00, 0x00, 0x00, 0x00, 0x00, 0x00, 0x00, 0x00,
    0x00, 0x00, 0x00, 0x00, 0x00, 0x00, 0x00, 0x00, 0x00, 0x00, 0x00, 0x00, 0x00, 0x00, 0x00, 0x00,
    0x00, 0xE0, 0x84, 0x84, 0x00, 0x00, 0xEE, 0xEE, 0x00, 0x00, 0x00, 0x00, 0x00, 0x00, 0x00, 0x00,
    0x00, 0x00, 0x00, 0x00, 0x00, 0x00, 0x00, 0x00, 0x00, 0x00, 0x00, 0x00, 0x00, 0x00, 0x00, 0x00,
    0x00, 0xA0, 0xA5, 0x0A, 0x00, 0x00, 0x65, 0xA6, 0x00, 0x00, 0x6A, 0x55, 0x00, 0x00, 0xA0, 0x56,
    0x00, 0xA0, 0x6A, 0x55, 0x00, 0x6A, 0x55, 0x55, 0x00, 0x90, 0x59, 0x95, 0x00, 0x90, 0x55, 0x55,
    0x00, 0xAA, 0xAA, 0x00, 0x66, 0x66, 0x66, 0x96, 0x69, 0x56, 0x55, 0x66, 0x95, 0x66, 0x55, 0x65,
    0x95, 0x69, 0x56, 0x65, 0x55, 0x65, 0x66, 0x66, 0x55, 0x66, 0x66, 0x56, 0x69, 0x56, 0x66, 0x96,
    0xD4, 0x14, 0x44, 0xD4, 0x41, 0x11, 0x84, 0x48, 0x41, 0x88, 0x18, 0x41, 0x88, 0x14, 0x84, 0xDD,
    0x11, 0xD4, 0xDD, 0x00, 0xD8, 0x0D, 0x00, 0x00, 0x0D, 0x00, 0x00, 0x00, 0x00, 0x00, 0x00, 0x00,
    0x00, 0x00, 0x00, 0x00, 0x0D, 0x00, 0x00, 0x00, 0x0D, 0x00, 0x00, 0x00, 0x00, 0x00, 0x00, 0x00,
    0x00, 0x00, 0x00, 0x00, 0x00, 0x00, 0x00, 0x00, 0x00, 0x00, 0x00, 0x00, 0x00, 0x00, 0x00, 0x00,
    0xCC, 0x8C, 0x84, 0xEE, 0x84, 0xE4, 0xEE, 0x0E, 0xEE, 0xEE, 0x00, 0x00, 0x00, 0x00, 0x00, 0x00,
    0x00, 0x00, 0x00, 0x00, 0x00, 0x00, 0x00, 0x00, 0x00, 0x00, 0x00, 0x00, 0x00, 0x00, 0x00, 0x00,
    0x0E, 0x00, 0x00, 0x00, 0x00, 0x00, 0x00, 0x00, 0x00, 0x00, 0x00, 0x00, 0x00, 0x00, 0x00, 0x00,
    0x00, 0x00, 0x00, 0x00, 0x00, 0x00, 0x00, 0x00, 0x00, 0x00, 0x00, 0x00, 0x00, 0x00, 0x00, 0x00,
    0x00, 0x00, 0x00, 0x00, 0x00, 0x00, 0x00, 0xE0, 0x00, 0x00, 0x00, 0x8E, 0x00, 0x00, 0xE0, 0xBB,
    0x00, 0x00, 0xE0, 0xEE, 0x00, 0x00, 0x00, 0x7E, 0x00, 0x00, 0x00, 0x70, 0x00, 0x00, 0x00, 0x00,
    0x00, 0x00, 0x00, 0x00, 0x00, 0x00, 0x00, 0x00, 0x00, 0x00, 0x00, 0xA0, 0x00, 0x00, 0x00, 0xA0,
    0x00, 0xEE, 0xEE, 0xEE, 0xE0, 0xBB, 0x84, 0x5B, 0xBE, 0x8B, 0xBB, 0xBB, 0xBE, 0x4B, 0xBB, 0xCB,
    0x00, 0x00, 0x00, 0x00, 0x00, 0x00, 0x00, 0x00, 0xAA, 0x00, 0x00, 0x00, 0x99, 0x0A, 0x00, 0x00,
    0x96, 0xA9, 0x00, 0x00, 0x66, 0x66, 0x0A, 0x00, 0x65, 0x06, 0x00, 0x00, 0x69, 0x0A, 0x00, 0x00,
    0x00, 0x00, 0x00, 0x00, 0x00, 0x00, 0x00, 0x00, 0x00, 0x00, 0x00, 0x00, 0x00, 0x00, 0x00, 0x00,
    0x00, 0x00, 0x00, 0x00, 0x00, 0x00, 0xDD, 0x00, 0x0D, 0xD0, 0x41, 0x0D, 0xD8, 0x8D, 0x1D, 0xD8,
    0x00, 0x00, 0x00, 0x00, 0x00, 0x00, 0x00, 0x00, 0x00, 0x00, 0x00, 0x00, 0x00, 0x00, 0x00, 0x00,
    0x00, 0x00, 0x00, 0x00, 0x0E, 0x00, 0x00, 0x00, 0x0E, 0x00, 0x00, 0x00, 0x0E, 0x00, 0x00, 0x00,
};
static const u16 sSet17Frame0[] = {
    0x0009, 0x00DD, 0x81F0, 0x0000, 0x40FD, 0x41E8, 0x0010, 0x40D5, 0x01F0, 0x0014, 0x40E5, 0x0010,
    0x0016, 0x40FD, 0x0008, 0x0018, 0x80ED, 0x01E8, 0x001A, 0x00D5, 0x0000, 0x001C, 0x00DD, 0x0010,
    0x001D, 0x00F5, 0x0010, 0x001E, 0x0000,
};
static const void* const sSet17Frames[] = { sSet17Frame0 };

static const u16 sFieldAnim0[] = {
    0x0040, 0x0040, 0x0001, 0x0000, 0x0004,
};
static const u16 sFieldAnim1[] = {
    0x0040, 0x0040, 0x0001, 0x0000, 0x0004,
};
static const u16 sFieldAnim2[] = {
    0x0040, 0x0040, 0x0001, 0x0000, 0x0004,
};
static const u16 sFieldAnim3[] = {
    0x0040, 0x0040, 0x0001, 0x0000, 0x0004,
};
static const u16 sFieldAnim4[] = {
    0x0040, 0x0040, 0x0001, 0x0000, 0x0004,
};
static const u8 sTiles18[] __attribute__((aligned(4))) = {
    0x00, 0x00, 0x00, 0x00, 0x00, 0xBB, 0x00, 0xB0, 0xB0, 0x48, 0xBB, 0x4B, 0xB0, 0x14, 0x4B, 0x1B,
    0xB0, 0x41, 0x18, 0x48, 0x80, 0x41, 0x11, 0x41, 0x4B, 0x44, 0x44, 0x44, 0x4B, 0x11, 0x11, 0x11,
    0x00, 0x00, 0x00, 0x00, 0x0B, 0x00, 0xE0, 0xE8, 0xB8, 0x00, 0x19, 0x84, 0xB4, 0xA0, 0x74, 0x59,
    0xB1, 0x90, 0x55, 0x47, 0x81, 0xAB, 0x97, 0xE4, 0x84, 0xB8, 0xBB, 0xBB, 0x11, 0x11, 0x11, 0x11,
    0x79, 0xA7, 0x6A, 0x8A, 0xAE, 0x7A, 0x59, 0xE4, 0x1E, 0xC4, 0x97, 0xE4, 0x47, 0xBE, 0x4C, 0xEE,
    0x89, 0xBE, 0x14, 0xE8, 0xEE, 0xE0, 0x8C, 0x5B, 0xBB, 0xBB, 0xBB, 0xBB, 0x11, 0x11, 0x11, 0x41,
    0x4E, 0xA8, 0xCB, 0x9E, 0x48, 0x84, 0xEE, 0x54, 0x88, 0x88, 0xEE, 0xEE, 0x83, 0x98, 0xE9, 0x14,
    0xE5, 0x59, 0xE2, 0x5E, 0xCC, 0x27, 0xA7, 0x8E, 0xBB, 0x79, 0x7A, 0x48, 0x88, 0x55, 0xE9, 0xE1,
    0x8B, 0x44, 0x44, 0x44, 0xB0, 0xBB, 0xBB, 0xBB, 0x00, 0x00, 0x00, 0x00, 0x00, 0x00, 0x00, 0x00,
    0x00, 0x00, 0x00, 0x00, 0x00, 0x00, 0x00, 0x00, 0x00, 0x00, 0x00, 0x00, 0x00, 0x00, 0x00, 0x00,
    0x44, 0x44, 0x44, 0x44, 0xBB, 0xBB, 0xBB, 0xBB, 0x00, 0x00, 0x00, 0x00, 0x00, 0x00, 0x00, 0x00,
    0x00, 0x00, 0x00, 0x00, 0x00, 0x00, 0x00, 0x00, 0x00, 0x00, 0x00, 0x00, 0x00, 0x00, 0x00, 0x00,
    0x44, 0x44, 0x44, 0x84, 0xBB, 0xBB, 0xBB, 0xBB, 0x00, 0x00, 0xE0, 0x3C, 0x00, 0x00, 0xC0, 0x75,
    0x00, 0x00, 0x4E, 0xB4, 0x00, 0x00, 0xBC, 0x4B, 0x00, 0x00, 0xCE, 0xBB, 0x00, 0x00, 0xBE, 0xCC,
    0x88, 0x22, 0xE7, 0x45, 0xAA, 0x99, 0x7A, 0x8E, 0x75, 0x5A, 0x99, 0x9E, 0xBB, 0x7A, 0x55, 0x99,
    0xBB, 0xAB, 0x9A, 0x59, 0x84, 0xC8, 0x2E, 0xAB, 0xCB, 0xEC, 0x25, 0xCE, 0xEC, 0x59, 0x59, 0xCE,
    0x00, 0x00, 0xAA, 0x00, 0x00, 0xA0, 0x59, 0xA6, 0x00, 0xA0, 0x9A, 0x65, 0x00, 0x00, 0xA0, 0x59,
    0x00, 0x00, 0xAA, 0x9A, 0x00, 0xA0, 0x99, 0x55, 0x00, 0xA0, 0x95, 0x59, 0x00, 0x5A, 0x99, 0x95,
    0x00, 0xA0, 0x00, 0x00, 0x00, 0x9A, 0x0A, 0x00, 0xAA, 0xA0, 0xA9, 0x00, 0x56, 0xAA, 0x96, 0xAA,
    0x65, 0xA5, 0x65, 0x69, 0x59, 0x55, 0x56, 0x96, 0x95, 0x59, 0x66, 0x56, 0x55, 0x65, 0x66, 0x55,
    0x00, 0xAA, 0x9A, 0x59, 0x00, 0x00, 0xA0, 0x56, 0x00, 0x00, 0xA0, 0xA5, 0x00, 0x00, 0xA0, 0xA6,
    0x00, 0x00, 0xA0, 0x7A, 0x00, 0x00, 0x00, 0x49, 0x00, 0x00, 0x00, 0x59, 0x00, 0x00, 0x00, 0x90,
    0x99, 0x65, 0x66, 0x56, 0x6A, 0x69, 0x66, 0x66, 0xAA, 0x56, 0x6A, 0x66, 0x56, 0x6A, 0xA5, 0x66,
    0xA5, 0x6A, 0xA5, 0x66, 0x84, 0xA8, 0x66, 0x6A, 0x84, 0x51, 0xAA, 0x6A, 0x45, 0x75, 0x5A, 0x6A,
    0x5E, 0x97, 0x75, 0xCC, 0x99, 0xE0, 0x84, 0xCC, 0x00, 0x00, 0x4E, 0xCC, 0x00, 0xE0, 0xB8, 0xCB,
    0x00, 0x4E, 0xBB, 0xCB, 0x00, 0x8E, 0xBB, 0xCB, 0x00, 0x4E, 0xBB, 0xCB, 0x00, 0x8E, 0xBB, 0xCC,
    0x8C, 0xE4, 0xBB, 0xEB, 0x4C, 0xCE, 0xCC, 0x4B, 0x8C, 0xCE, 0xCC, 0xCC, 0x4C, 0xCE, 0xCC, 0x4C,
    0x8C, 0xCE, 0xCC, 0x84, 0x4C, 0xCE, 0x4C, 0xE8, 0x8C, 0xCE, 0xE4, 0x0E, 0x4C, 0x8E, 0x0E, 0x00,
    0x00, 0x4E, 0xBB, 0xCC, 0x00, 0xE0, 0x48, 0x48, 0x00, 0x00, 0xEE, 0xEE, 0x00, 0x00, 0x00, 0x00,
    0x00, 0x00, 0x00, 0x00, 0x00, 0x00, 0x00, 0x00, 0x00, 0x00, 0x00, 0x00, 0x00, 0x00, 0x00, 0x00,
    0xE4, 0xE4, 0x00, 0x00, 0xE8, 0x0E, 0x00, 0x00, 0x0E, 0x00, 0x00, 0x00, 0x00, 0x00, 0x00, 0x00,
    0x00, 0x00, 0x00, 0x00, 0x00, 0x00, 0x00, 0x00, 0x00, 0x00, 0x00, 0x00, 0x00, 0x00, 0x00, 0x00,
    0x00, 0x00, 0x00, 0x00, 0x00, 0x00, 0x00, 0x00, 0x00, 0x00, 0x00, 0x00, 0x0A, 0x00, 0x00, 0x00,
    0x0A, 0x00, 0x00, 0x00, 0xA6, 0x6A, 0x0A, 0x00, 0x65, 0x66, 0x0A, 0x00, 0x65, 0xA6, 0x00, 0x00,
    0x56, 0x66, 0x0A, 0x00, 0x96, 0x56, 0xA5, 0x00, 0x65, 0x99, 0x69, 0x0A, 0x65, 0x55, 0x9A, 0x00,
    0x59, 0x99, 0xA6, 0x0E, 0x99, 0x65, 0xA9, 0xEA, 0x59, 0x96, 0xCA, 0xEC, 0xAA, 0xAE, 0xCB, 0x0E,
    0x00, 0x00, 0x00, 0x00, 0xEE, 0x00, 0x00, 0x00, 0x11, 0x7E, 0x09, 0x00, 0x84, 0x2E, 0x92, 0x00,
    0xE2, 0xE8, 0x99, 0x0A, 0x14, 0xE4, 0x79, 0x0A, 0x48, 0x8E, 0x7E, 0x0A, 0x88, 0x41, 0x9E, 0xA9,
    0x11, 0x84, 0x9E, 0xA7, 0x54, 0x74, 0x9A, 0x0A, 0x79, 0xA9, 0x79, 0x0A, 0xAA, 0x79, 0xA2, 0x00,
    0x55, 0x22, 0xA5, 0x00, 0x9A, 0x77, 0x0A, 0x00, 0xCC, 0xE4, 0x0E, 0x00, 0xCC, 0xE8, 0xEE, 0x0E,
    0x00, 0x00, 0xE0, 0xCB, 0x00, 0x00, 0x00, 0xEE, 0x00, 0x00, 0x00, 0x00, 0x00, 0x00, 0x00, 0x00,
    0x00, 0x00, 0x00, 0x00, 0x00, 0x00, 0x00, 0x00, 0x00, 0x00, 0x00, 0x00, 0x00, 0x00, 0x00, 0x00,
    0x00, 0x00, 0x00, 0x00, 0x0E, 0x00, 0x00, 0x00, 0xE4, 0x00, 0x00, 0x00, 0xE8, 0x00, 0x00, 0x00,
    0x0E, 0x00, 0x00, 0x00, 0x00, 0x00, 0x00, 0x00, 0x00, 0x00, 0x00, 0x00, 0x00, 0x00, 0x00, 0x00,
};
static const u16 sSet18Frame0[] = {
    0x0007, 0x40E5, 0x81EB, 0x0000, 0x00D5, 0x41F3, 0x0008, 0x00F5, 0x4003, 0x000C, 0x80D5, 0x0003,
    0x0010, 0x80E5, 0x000B, 0x0012, 0x00F5, 0x01FB, 0x0014, 0x00F5, 0x0013, 0x0015, 0x0000,
};
static const void* const sSet18Frames[] = { sSet18Frame0 };

static const u16 sFieldAnim5[] = {
    0x0040, 0x0040, 0x0008, 0x0000, 0x0007, 0x0000, 0x0007, 0x0000, 0x0007, 0x0000, 0x0007, 0x0000,
    0x0007, 0x0000, 0x0007, 0x0000, 0x0007, 0x0000, 0x0007,
};
static const u16 sFieldAnim6[] = {
    0x0040, 0x0040, 0x0008, 0x0000, 0x0007, 0x0000, 0x0007, 0x0000, 0x0007, 0x0000, 0x0007, 0x0000,
    0x0007, 0x0000, 0x0007, 0x0000, 0x0007, 0x0000, 0x0007,
};
static const u16 sFieldAnim7[] = {
    0x0040, 0x0040, 0x0008, 0x0000, 0x0007, 0x0000, 0x0007, 0x0000, 0x0007, 0x0000, 0x0007, 0x0000,
    0x0007, 0x0000, 0x0007, 0x0000, 0x0007, 0x0000, 0x0007,
};
static const u16 sFieldAnim8[] = {
    0x0040, 0x0040, 0x0008, 0x0000, 0x0007, 0x0000, 0x0007, 0x0000, 0x0007, 0x0000, 0x0007, 0x0000,
    0x0007, 0x0000, 0x0007, 0x0000, 0x0007, 0x0000, 0x0007,
};
static const u16 sFieldAnim9[] = {
    0x0040, 0x0040, 0x0008, 0x0000, 0x0007, 0x0000, 0x0007, 0x0000, 0x0007, 0x0000, 0x0007, 0x0000,
    0x0007, 0x0000, 0x0007, 0x0000, 0x0007, 0x0000, 0x0007,
};
static const u16 sFieldAnim10[] = {
    0x0040, 0x0040, 0x0008, 0x0000, 0x0004, 0x0000, 0x0004, 0x0000, 0x0004, 0x0000, 0x0004, 0x0000,
    0x0004, 0x0000, 0x0004, 0x0000, 0x0004, 0x0000, 0x0004,
};
static const u16 sFieldAnim11[] = {
    0x0040, 0x0040, 0x0008, 0x0000, 0x0004, 0x0000, 0x0004, 0x0000, 0x0004, 0x0000, 0x0004, 0x0000,
    0x0004, 0x0000, 0x0004, 0x0000, 0x0004, 0x0000, 0x0004,
};
static const u16 sFieldAnim12[] = {
    0x0040, 0x0040, 0x0008, 0x0000, 0x0004, 0x0000, 0x0004, 0x0000, 0x0004, 0x0000, 0x0004, 0x0000,
    0x0004, 0x0000, 0x0004, 0x0000, 0x0004, 0x0000, 0x0004,
};
static const u16 sFieldAnim13[] = {
    0x0040, 0x0040, 0x0008, 0x0000, 0x0004, 0x0000, 0x0004, 0x0000, 0x0004, 0x0000, 0x0004, 0x0000,
    0x0004, 0x0000, 0x0004, 0x0000, 0x0004, 0x0000, 0x0004,
};
static const u16 sFieldAnim14[] = {
    0x0040, 0x0040, 0x0008, 0x0000, 0x0004, 0x0000, 0x0004, 0x0000, 0x0004, 0x0000, 0x0004, 0x0000,
    0x0004, 0x0000, 0x0004, 0x0000, 0x0004, 0x0000, 0x0004,
};
static const u16 sFieldAnim15[] = {
    0x0040, 0x0040, 0x0002, 0x0000, 0x0004, 0x0000, 0x0004,
};
static const u16 sFieldAnim16[] = {
    0x0040, 0x0040, 0x0002, 0x0000, 0x0004, 0x0000, 0x0004,
};
static const u16 sFieldAnim17[] = {
    0x0040, 0x0040, 0x0002, 0x0000, 0x0004, 0x0000, 0x0004,
};
static const u16 sFieldAnim18[] = {
    0x0040, 0x0040, 0x0002, 0x0000, 0x0004, 0x0000, 0x0004,
};
static const u16 sFieldAnim19[] = {
    0x0040, 0x0040, 0x0002, 0x0000, 0x0004, 0x0000, 0x0004,
};
static const u16 sFieldAnim20[] = {
    0x0040, 0x0040, 0x0001, 0x0000, 0x0004,
};
static const u16 sFieldAnim21[] = {
    0x0040, 0x0040, 0x0001, 0x0000, 0x0004,
};
static const u16 sFieldAnim22[] = {
    0x0040, 0x0040, 0x0001, 0x0000, 0x0004,
};
static const u16 sFieldAnim23[] = {
    0x0040, 0x0040, 0x0001, 0x0000, 0x0004,
};
static const u16 sFieldAnim24[] = {
    0x0040, 0x0040, 0x0001, 0x0000, 0x0004,
};
static const u16 sFieldAnim25[] = {
    0x0040, 0x0040, 0x0001, 0x0000, 0x0004,
};
static const u16 sFieldAnim26[] = {
    0x0040, 0x0040, 0x0001, 0x0000, 0x0004,
};
static const u16 sFieldAnim27[] = {
    0x0040, 0x0040, 0x0001, 0x0000, 0x0004,
};
static const u16 sFieldAnim28[] = {
    0x0040, 0x0040, 0x0001, 0x0000, 0x0004,
};
static const u16 sFieldAnim29[] = {
    0x0040, 0x0040, 0x0001, 0x0000, 0x0004,
};
static const u16 sFieldAnim30[] = {
    0x0040, 0x0040, 0x0001, 0x0000, 0x0004,
};
static const u16 sFieldAnim31[] = {
    0x0040, 0x0040, 0x0001, 0x0000, 0x0004,
};
static const u16 sFieldAnim32[] = {
    0x0040, 0x0040, 0x0001, 0x0000, 0x0004,
};
static const u16 sFieldAnim33[] = {
    0x0040, 0x0040, 0x0001, 0x0000, 0x0004,
};
static const u16 sFieldAnim34[] = {
    0x0040, 0x0040, 0x0001, 0x0000, 0x0004,
};
static const u16 sFieldAnim35[] = {
    0x0040, 0x0040, 0x0002, 0x0000, 0x0004, 0x0000, 0x0004,
};
static const u16 sFieldAnim36[] = {
    0x0040, 0x0040, 0x0002, 0x0000, 0x0004, 0x0000, 0x0004,
};
static const u16 sFieldAnim37[] = {
    0x0040, 0x0040, 0x0002, 0x0000, 0x0004, 0x0000, 0x0004,
};
static const u16 sFieldAnim38[] = {
    0x0040, 0x0040, 0x0002, 0x0000, 0x0004, 0x0000, 0x0004,
};
static const u16 sFieldAnim39[] = {
    0x0040, 0x0040, 0x0002, 0x0000, 0x0004, 0x0000, 0x0004,
};
static const u16 sFieldAnim40[] = {
    0x0040, 0x0040, 0x0020, 0x0000, 0x0001, 0x0000, 0x0001, 0x0000, 0x0001, 0x0000, 0x0001, 0x0000,
    0x0001, 0x0000, 0x0001, 0x0000, 0x0001, 0x0000, 0x0001, 0x0000, 0x0001, 0x0000, 0x0001, 0x0000,
    0x0001, 0x0000, 0x0001, 0x0000, 0x0001, 0x0000, 0x0001, 0x0000, 0x0001, 0x0000, 0x0001, 0x0000,
    0x0001, 0x0000, 0x0001, 0x0000, 0x0001, 0x0000, 0x0001, 0x0000, 0x0001, 0x0000, 0x0001, 0x0000,
    0x0001, 0x0000, 0x0001, 0x0000, 0x0001, 0x0000, 0x0001, 0x0000, 0x0001, 0x0000, 0x0001, 0x0000,
    0x0001, 0x0000, 0x0001, 0x0000, 0x0001, 0x0000, 0x0001,
};
static const u16 sFieldAnim41[] = {
    0x0040, 0x0040, 0x0020, 0x0000, 0x0001, 0x0000, 0x0001, 0x0000, 0x0001, 0x0000, 0x0001, 0x0000,
    0x0001, 0x0000, 0x0001, 0x0000, 0x0001, 0x0000, 0x0001, 0x0000, 0x0001, 0x0000, 0x0001, 0x0000,
    0x0001, 0x0000, 0x0001, 0x0000, 0x0001, 0x0000, 0x0001, 0x0000, 0x0001, 0x0000, 0x0001, 0x0000,
    0x0001, 0x0000, 0x0001, 0x0000, 0x0001, 0x0000, 0x0001, 0x0000, 0x0001, 0x0000, 0x0001, 0x0000,
    0x0001, 0x0000, 0x0001, 0x0000, 0x0001, 0x0000, 0x0001, 0x0000, 0x0001, 0x0000, 0x0001, 0x0000,
    0x0001, 0x0000, 0x0001, 0x0000, 0x0001, 0x0000, 0x0001,
};
static const u16 sFieldAnim42[] = {
    0x0040, 0x0040, 0x0020, 0x0000, 0x0001, 0x0000, 0x0001, 0x0000, 0x0001, 0x0000, 0x0001, 0x0000,
    0x0001, 0x0000, 0x0001, 0x0000, 0x0001, 0x0000, 0x0001, 0x0000, 0x0001, 0x0000, 0x0001, 0x0000,
    0x0001, 0x0000, 0x0001, 0x0000, 0x0001, 0x0000, 0x0001, 0x0000, 0x0001, 0x0000, 0x0001, 0x0000,
    0x0001, 0x0000, 0x0001, 0x0000, 0x0001, 0x0000, 0x0001, 0x0000, 0x0001, 0x0000, 0x0001, 0x0000,
    0x0001, 0x0000, 0x0001, 0x0000, 0x0001, 0x0000, 0x0001, 0x0000, 0x0001, 0x0000, 0x0001, 0x0000,
    0x0001, 0x0000, 0x0001, 0x0000, 0x0001, 0x0000, 0x0001,
};
static const u16 sFieldAnim43[] = {
    0x0040, 0x0040, 0x0020, 0x0000, 0x0001, 0x0000, 0x0001, 0x0000, 0x0001, 0x0000, 0x0001, 0x0000,
    0x0001, 0x0000, 0x0001, 0x0000, 0x0001, 0x0000, 0x0001, 0x0000, 0x0001, 0x0000, 0x0001, 0x0000,
    0x0001, 0x0000, 0x0001, 0x0000, 0x0001, 0x0000, 0x0001, 0x0000, 0x0001, 0x0000, 0x0001, 0x0000,
    0x0001, 0x0000, 0x0001, 0x0000, 0x0001, 0x0000, 0x0001, 0x0000, 0x0001, 0x0000, 0x0001, 0x0000,
    0x0001, 0x0000, 0x0001, 0x0000, 0x0001, 0x0000, 0x0001, 0x0000, 0x0001, 0x0000, 0x0001, 0x0000,
    0x0001, 0x0000, 0x0001, 0x0000, 0x0001, 0x0000, 0x0001,
};
static const u16 sFieldAnim44[] = {
    0x0040, 0x0040, 0x0020, 0x0000, 0x0001, 0x0000, 0x0001, 0x0000, 0x0001, 0x0000, 0x0001, 0x0000,
    0x0001, 0x0000, 0x0001, 0x0000, 0x0001, 0x0000, 0x0001, 0x0000, 0x0001, 0x0000, 0x0001, 0x0000,
    0x0001, 0x0000, 0x0001, 0x0000, 0x0001, 0x0000, 0x0001, 0x0000, 0x0001, 0x0000, 0x0001, 0x0000,
    0x0001, 0x0000, 0x0001, 0x0000, 0x0001, 0x0000, 0x0001, 0x0000, 0x0001, 0x0000, 0x0001, 0x0000,
    0x0001, 0x0000, 0x0001, 0x0000, 0x0001, 0x0000, 0x0001, 0x0000, 0x0001, 0x0000, 0x0001, 0x0000,
    0x0001, 0x0000, 0x0001, 0x0000, 0x0001, 0x0000, 0x0001,
};
static const u8 sTiles19[] __attribute__((aligned(4))) = {
    0x00, 0x00, 0x00, 0x00, 0x00, 0x00, 0x00, 0x00, 0x00, 0x00, 0x00, 0x00, 0x00, 0x00, 0x00, 0x00,
    0x00, 0x00, 0x00, 0x00, 0x00, 0x00, 0x00, 0x00, 0x00, 0x00, 0x00, 0x00, 0x00, 0x00, 0x00, 0x90,
    0x00, 0x00, 0xA0, 0x59, 0x00, 0x00, 0x90, 0x95, 0x00, 0x00, 0x5A, 0x99, 0x00, 0x00, 0xAA, 0xAA,
    0x00, 0x00, 0x00, 0x79, 0x00, 0x00, 0x00, 0x59, 0x00, 0x00, 0x00, 0x90, 0x99, 0x77, 0x09, 0x00,
    0x69, 0x65, 0x66, 0x66, 0x65, 0x66, 0x66, 0x66, 0x66, 0x66, 0x56, 0x65, 0x66, 0x66, 0x55, 0x55,
    0x9A, 0x56, 0x59, 0x59, 0x9A, 0x56, 0x99, 0x99, 0xA7, 0x96, 0x99, 0xA9, 0xA9, 0xA9, 0x9A, 0x5A,
    0x95, 0x0A, 0x00, 0x00, 0x59, 0xA5, 0x00, 0x00, 0x96, 0xA9, 0xEC, 0x00, 0x65, 0x96, 0xCA, 0x0E,
    0x99, 0xAA, 0xCA, 0xEC, 0xAA, 0xAE, 0xCC, 0xEC, 0xEA, 0xCE, 0xCC, 0x0E, 0xCE, 0xCC, 0xEE, 0x00,
    0x00, 0x90, 0x99, 0x57, 0x00, 0x59, 0x22, 0xE9, 0x00, 0x27, 0x97, 0x85, 0x44, 0x79, 0xEA, 0x4E,
    0x88, 0x55, 0x89, 0xEE, 0x88, 0x22, 0xE7, 0x49, 0xAA, 0x99, 0x9A, 0x85, 0x00, 0x5A, 0xA9, 0x99,
    0x22, 0xE2, 0xEE, 0x00, 0xE8, 0x8E, 0x84, 0x79, 0xE4, 0x82, 0x81, 0x45, 0x81, 0xE7, 0x41, 0x7A,
    0x4E, 0xE8, 0x14, 0x8E, 0x81, 0x48, 0xEE, 0x87, 0x48, 0xEE, 0x99, 0xEA, 0xE7, 0x9E, 0x75, 0x0A,
    0xA0, 0xCA, 0xAC, 0xCC, 0xA5, 0xCC, 0xCC, 0xCC, 0x75, 0xCC, 0xCC, 0xCC, 0x97, 0xCE, 0xCC, 0xCC,
    0xCC, 0xEE, 0xEE, 0xCC, 0x84, 0x48, 0xEE, 0x7E, 0x80, 0xE8, 0xEE, 0xEE, 0xE0, 0x84, 0xCC, 0xEE,
    0xEC, 0xEE, 0xC8, 0x0C, 0xCC, 0x88, 0x88, 0xCC, 0x88, 0x88, 0x88, 0x8C, 0x8C, 0x88, 0xC8, 0x8C,
    0xC1, 0x88, 0xCC, 0x88, 0x19, 0xCC, 0xCC, 0xC4, 0x19, 0xC1, 0x4C, 0x97, 0x99, 0x41, 0x74, 0x7E,
    0x99, 0x79, 0xA2, 0x00, 0x55, 0x22, 0xA5, 0x00, 0x9A, 0x77, 0x0A, 0x00, 0x00, 0x00, 0x00, 0xE0,
    0x00, 0x00, 0x00, 0xE0, 0x00, 0x00, 0x00, 0x00, 0x00, 0x00, 0x00, 0xEE, 0x00, 0x00, 0xE0, 0x48,
    0xE0, 0x8C, 0xCC, 0xEE, 0xEE, 0x8C, 0xB8, 0xEB, 0xEE, 0xCE, 0xB4, 0xB4, 0xCC, 0xEE, 0xBB, 0xB8,
    0xEE, 0xBC, 0x81, 0x41, 0x59, 0xCE, 0xBB, 0x44, 0x79, 0xE5, 0xC5, 0xBB, 0x9B, 0x59, 0xCC, 0xCC,
    0xEE, 0x1C, 0x9C, 0xE7, 0xEE, 0xCC, 0x7C, 0x77, 0xEE, 0x5C, 0xE7, 0x88, 0xEE, 0xC5, 0x8E, 0xEC,
    0xEB, 0xEE, 0xE4, 0x7E, 0xEB, 0x44, 0x7E, 0x74, 0xCB, 0xEE, 0x5E, 0x44, 0xCC, 0xEC, 0x99, 0x57,
    0x97, 0x0E, 0x00, 0x00, 0xE9, 0x0E, 0x00, 0x00, 0xCC, 0xEE, 0x00, 0x00, 0xEE, 0xEE, 0x00, 0x00,
    0xEE, 0xEE, 0x00, 0x00, 0xEE, 0x9E, 0x09, 0x00, 0x95, 0x7E, 0xA5, 0x00, 0x55, 0x97, 0x52, 0x0A,
    0x00, 0x00, 0x4E, 0xBC, 0x00, 0x00, 0x8E, 0xCC, 0x00, 0x00, 0x4E, 0xCC, 0x00, 0x00, 0xE0, 0x48,
    0x00, 0x00, 0x00, 0xEE, 0x00, 0x00, 0x00, 0x00, 0x00, 0x00, 0x00, 0x00, 0x00, 0x00, 0x00, 0x00,
    0xBB, 0xBB, 0xCC, 0xCC, 0xBC, 0xCB, 0xCC, 0xCC, 0xCC, 0xCC, 0xCC, 0x48, 0xCC, 0xCC, 0x48, 0xEE,
    0x48, 0x48, 0xEE, 0x00, 0xEE, 0xEE, 0x00, 0x00, 0x00, 0x00, 0x00, 0x00, 0x00, 0x00, 0x00, 0x00,
    0xCC, 0xE8, 0xEE, 0xA0, 0x48, 0xEE, 0x00, 0x00, 0xEE, 0x0E, 0x00, 0x00, 0x00, 0x00, 0x00, 0x00,
    0x00, 0x00, 0x00, 0x00, 0x00, 0x00, 0x00, 0x00, 0x00, 0x00, 0x00, 0x00, 0x00, 0x00, 0x00, 0x00,
    0x57, 0xA5, 0x52, 0x09, 0xAA, 0xEE, 0x22, 0xAC, 0x7A, 0xE2, 0xC9, 0xCC, 0xA0, 0x57, 0x8A, 0xCC,
    0xE0, 0xCC, 0x4C, 0xCC, 0xE0, 0xCC, 0x8C, 0xBB, 0xE0, 0xCE, 0xBB, 0xB4, 0x00, 0xBE, 0xBB, 0x8B,
    0x00, 0x00, 0x00, 0x00, 0x00, 0x00, 0x00, 0x00, 0x00, 0x00, 0x00, 0x00, 0x00, 0x00, 0x00, 0x00,
    0x00, 0x00, 0x00, 0x00, 0x00, 0x00, 0x00, 0x00, 0x00, 0x44, 0x00, 0x40, 0x40, 0x24, 0x44, 0x24,
    0x00, 0x00, 0x00, 0x00, 0x00, 0x00, 0x00, 0x00, 0x00, 0x00, 0x00, 0x00, 0x00, 0x00, 0x00, 0x00,
    0x00, 0x00, 0x00, 0x00, 0x00, 0x00, 0x00, 0x00, 0x04, 0x00, 0x00, 0x00, 0x44, 0x00, 0x00, 0x00,
    0x40, 0x12, 0x24, 0x14, 0x40, 0x21, 0x14, 0x24, 0x40, 0x21, 0x11, 0x21, 0x24, 0x22, 0x22, 0x22,
    0x24, 0x11, 0x11, 0x11, 0x44, 0x22, 0x22, 0x22, 0x40, 0x44, 0x44, 0x44, 0x00, 0x00, 0x00, 0x00,
    0x42, 0x00, 0x00, 0x00, 0x41, 0x00, 0x00, 0x00, 0x41, 0x04, 0x00, 0x00, 0x42, 0x44, 0x44, 0x44,
    0x11, 0x11, 0x11, 0x11, 0x22, 0x22, 0x22, 0x22, 0x44, 0x44, 0x44, 0x44, 0x00, 0x00, 0x00, 0x00,
    0x00, 0x00, 0x00, 0xA0, 0x00, 0xA0, 0xAA, 0xA0, 0x00, 0xA0, 0x95, 0xAA, 0x00, 0x00, 0x59, 0xA9,
    0x00, 0x00, 0x9A, 0x55, 0x00, 0xA0, 0xAA, 0x5A, 0x00, 0x9A, 0x55, 0x99, 0x00, 0xA0, 0x9A, 0x59,
    0x0A, 0x00, 0x00, 0x00, 0xA9, 0x00, 0x00, 0x00, 0x65, 0x9A, 0xA9, 0xAA, 0x59, 0x66, 0x69, 0x66,
    0x59, 0x66, 0x56, 0x66, 0x95, 0x65, 0x56, 0x55, 0x95, 0x69, 0x56, 0x65, 0x55, 0x56, 0x66, 0x66,
    0x00, 0xCE, 0xBB, 0x4B, 0x00, 0x4E, 0xCC, 0x8C, 0x00, 0x8E, 0x84, 0x84, 0x00, 0xE0, 0xEE, 0xEE,
    0x00, 0x00, 0x00, 0x00, 0x00, 0x00, 0x00, 0x00, 0x00, 0x00, 0x00, 0x00, 0x00, 0x00, 0x00, 0x00,
    0xCB, 0xE8, 0x00, 0x00, 0x8C, 0xE4, 0x00, 0x00, 0xE4, 0x0E, 0x00, 0x00, 0x0E, 0x00, 0x00, 0x00,
    0x00, 0x00, 0x00, 0x00, 0x00, 0x00, 0x00, 0x00, 0x00, 0x00, 0x00, 0x00, 0x00, 0x00, 0x00, 0x00,
    0x00, 0x00, 0x00, 0x00, 0x00, 0x00, 0x00, 0x00, 0x0A, 0x00, 0x00, 0x00, 0xA6, 0xAA, 0x00, 0x00,
    0x69, 0xA9, 0x00, 0x00, 0xA6, 0xA9, 0x00, 0x00, 0xA5, 0x0A, 0x00, 0x00, 0x69, 0x0A, 0x00, 0x00,
    0x00, 0x00, 0x00, 0x00, 0x00, 0x00, 0x00, 0x00, 0x00, 0x00, 0x00, 0x00, 0x44, 0x44, 0x44, 0x44,
    0x11, 0x11, 0x11, 0x21, 0x22, 0x22, 0x22, 0x42, 0x44, 0x44, 0x44, 0x44, 0x00, 0x00, 0x00, 0x00,
    0x00, 0x00, 0x00, 0x00, 0x00, 0x00, 0x00, 0x00, 0x0C, 0x00, 0x00, 0x00, 0x0C, 0x00, 0x00, 0x00,
    0x00, 0x00, 0x00, 0x00, 0x0E, 0x00, 0x00, 0x00, 0x0E, 0x00, 0x00, 0x00, 0xE7, 0x00, 0x00, 0x00,
    0x00, 0x7A, 0x55, 0x77, 0x00, 0xA0, 0x9A, 0x59, 0x00, 0x00, 0x00, 0xA0, 0x00, 0x00, 0x00, 0x00,
    0x00, 0x00, 0x00, 0x00, 0x00, 0x00, 0x00, 0x00, 0x00, 0x00, 0x00, 0x00, 0x00, 0x00, 0x00, 0x00,
    0x00, 0x00, 0x00, 0x00, 0x00, 0x00, 0x00, 0x00, 0x00, 0x00, 0x00, 0x00, 0x0E, 0x00, 0x00, 0x00,
    0xEC, 0x00, 0x00, 0x00, 0xCB, 0x0E, 0x00, 0x00, 0xBB, 0x0C, 0x00, 0x00, 0xBB, 0xEC, 0x00, 0x00,
};
static const u16 sSet19Frame0[] = {
    0x000A, 0x40DC, 0x81F6, 0x0000, 0x40EC, 0x81FE, 0x0008, 0x00DC, 0x41DE, 0x0010, 0x40D4, 0x01FE,
    0x0014, 0x40FC, 0x0016, 0x0016, 0x00D4, 0x000E, 0x0018, 0x00E4, 0x01EE, 0x0019, 0x00E4, 0x0016,
    0x001A, 0x00EC, 0x01F6, 0x001B, 0x00F4, 0x001E, 0x001C, 0x0000,
};
static const void* const sSet19Frames[] = { sSet19Frame0 };

static const u16 sFieldAnim45[] = {
    0x0040, 0x0040, 0x0005, 0x0000, 0x0008, 0x0000, 0x0007, 0x0000, 0x0008, 0x0000, 0x000C, 0x0000,
    0x000A,
};
static const u16 sFieldAnim46[] = {
    0x0040, 0x0040, 0x0005, 0x0000, 0x0008, 0x0000, 0x0007, 0x0000, 0x0008, 0x0000, 0x000C, 0x0000,
    0x000A,
};
static const u16 sFieldAnim47[] = {
    0x0040, 0x0040, 0x0005, 0x0000, 0x0008, 0x0000, 0x0007, 0x0000, 0x0008, 0x0000, 0x000C, 0x0000,
    0x000A,
};
static const u16 sFieldAnim48[] = {
    0x0040, 0x0040, 0x0005, 0x0000, 0x0008, 0x0000, 0x0007, 0x0000, 0x0008, 0x0000, 0x000C, 0x0000,
    0x000A,
};
static const u16 sFieldAnim49[] = {
    0x0040, 0x0040, 0x0005, 0x0000, 0x0008, 0x0000, 0x0007, 0x0000, 0x0008, 0x0000, 0x000C, 0x0000,
    0x000A,
};
static const u16 sFieldAnim50[] = {
    0x0040, 0x0040, 0x0001, 0x0000, 0x0004,
};
static const u16 sFieldAnim51[] = {
    0x0040, 0x0040, 0x0001, 0x0000, 0x0004,
};
static const u16 sFieldAnim52[] = {
    0x0040, 0x0040, 0x0001, 0x0000, 0x0004,
};
static const u16 sFieldAnim53[] = {
    0x0040, 0x0040, 0x0001, 0x0000, 0x0004,
};
static const u16 sFieldAnim54[] = {
    0x0040, 0x0040, 0x0001, 0x0000, 0x0004,
};
static const u16 sFieldAnim55[] = {
    0x0040, 0x0040, 0x0005, 0x0000, 0x0004, 0x0000, 0x0005, 0x0000, 0x0005, 0x0000, 0x0005, 0x0000,
    0x0006,
};
static const u16 sFieldAnim56[] = {
    0x0040, 0x0040, 0x0005, 0x0000, 0x0004, 0x0000, 0x0005, 0x0000, 0x0005, 0x0000, 0x0005, 0x0000,
    0x0006,
};
static const u16 sFieldAnim57[] = {
    0x0040, 0x0040, 0x0005, 0x0000, 0x0004, 0x0000, 0x0005, 0x0000, 0x0005, 0x0000, 0x0005, 0x0000,
    0x0006,
};
static const u16 sFieldAnim58[] = {
    0x0040, 0x0040, 0x0005, 0x0000, 0x0004, 0x0000, 0x0005, 0x0000, 0x0005, 0x0000, 0x0005, 0x0000,
    0x0006,
};
static const u16 sFieldAnim59[] = {
    0x0040, 0x0040, 0x0005, 0x0000, 0x0004, 0x0000, 0x0005, 0x0000, 0x0005, 0x0000, 0x0005, 0x0000,
    0x0006,
};
static const u16 sFieldAnim60[] = {
    0x0040, 0x0040, 0x0003, 0x0000, 0x000A, 0x0000, 0x000A, 0x0000, 0x000A,
};
static const u16 sFieldAnim61[] = {
    0x0040, 0x0040, 0x0003, 0x0000, 0x000A, 0x0000, 0x000A, 0x0000, 0x000A,
};
static const u16 sFieldAnim62[] = {
    0x0040, 0x0040, 0x0003, 0x0000, 0x000A, 0x0000, 0x000A, 0x0000, 0x000A,
};
static const u16 sFieldAnim63[] = {
    0x0040, 0x0040, 0x0003, 0x0000, 0x000A, 0x0000, 0x000A, 0x0000, 0x000A,
};
static const u16 sFieldAnim64[] = {
    0x0040, 0x0040, 0x0003, 0x0000, 0x000A, 0x0000, 0x000A, 0x0000, 0x000A,
};
static const u16 sFieldAnim65[] = {
    0x0040, 0x0040, 0x0004, 0x0000, 0x0006, 0x0000, 0x0005, 0x0000, 0x0004, 0x0000, 0x000C,
};
static const u16 sFieldAnim66[] = {
    0x0040, 0x0040, 0x0004, 0x0000, 0x0006, 0x0000, 0x0005, 0x0000, 0x0004, 0x0000, 0x000C,
};
static const u16 sFieldAnim67[] = {
    0x0040, 0x0040, 0x0004, 0x0000, 0x0006, 0x0000, 0x0005, 0x0000, 0x0004, 0x0000, 0x000C,
};
static const u16 sFieldAnim68[] = {
    0x0040, 0x0040, 0x0004, 0x0000, 0x0006, 0x0000, 0x0005, 0x0000, 0x0004, 0x0000, 0x000C,
};
static const u16 sFieldAnim69[] = {
    0x0040, 0x0040, 0x0004, 0x0000, 0x0006, 0x0000, 0x0005, 0x0000, 0x0004, 0x0000, 0x000C,
};
static const u16 sFieldAnim70[] = {
    0x0040, 0x0040, 0x0006, 0x0000, 0x0006, 0x0000, 0x0005, 0x0000, 0x0004, 0x0000, 0x0004, 0x0000,
    0x0008, 0x0000, 0x0005,
};
static const u16 sFieldAnim71[] = {
    0x0040, 0x0040, 0x0006, 0x0000, 0x0006, 0x0000, 0x0005, 0x0000, 0x0004, 0x0000, 0x0004, 0x0000,
    0x0008, 0x0000, 0x0005,
};
static const u16 sFieldAnim72[] = {
    0x0040, 0x0040, 0x0006, 0x0000, 0x0006, 0x0000, 0x0005, 0x0000, 0x0004, 0x0000, 0x0004, 0x0000,
    0x0008, 0x0000, 0x0005,
};
static const u16 sFieldAnim73[] = {
    0x0040, 0x0040, 0x0006, 0x0000, 0x0006, 0x0000, 0x0005, 0x0000, 0x0004, 0x0000, 0x0004, 0x0000,
    0x0008, 0x0000, 0x0005,
};
static const u16 sFieldAnim74[] = {
    0x0040, 0x0040, 0x0006, 0x0000, 0x0006, 0x0000, 0x0005, 0x0000, 0x0004, 0x0000, 0x0004, 0x0000,
    0x0008, 0x0000, 0x0005,
};
static const void* const sFieldAnims[] = { sFieldAnim0, sFieldAnim1, sFieldAnim2, sFieldAnim3, sFieldAnim4, sFieldAnim5, sFieldAnim6, sFieldAnim7, sFieldAnim8, sFieldAnim9, sFieldAnim10, sFieldAnim11, sFieldAnim12, sFieldAnim13, sFieldAnim14, sFieldAnim15, sFieldAnim16, sFieldAnim17, sFieldAnim18, sFieldAnim19, sFieldAnim20, sFieldAnim21, sFieldAnim22, sFieldAnim23, sFieldAnim24, sFieldAnim25, sFieldAnim26, sFieldAnim27, sFieldAnim28, sFieldAnim29, sFieldAnim30, sFieldAnim31, sFieldAnim32, sFieldAnim33, sFieldAnim34, sFieldAnim35, sFieldAnim36, sFieldAnim37, sFieldAnim38, sFieldAnim39, sFieldAnim40, sFieldAnim41, sFieldAnim42, sFieldAnim43, sFieldAnim44, sFieldAnim45, sFieldAnim46, sFieldAnim47, sFieldAnim48, sFieldAnim49, sFieldAnim50, sFieldAnim51, sFieldAnim52, sFieldAnim53, sFieldAnim54, sFieldAnim55, sFieldAnim56, sFieldAnim57, sFieldAnim58, sFieldAnim59, sFieldAnim60, sFieldAnim61, sFieldAnim62, sFieldAnim63, sFieldAnim64, sFieldAnim65, sFieldAnim66, sFieldAnim67, sFieldAnim68, sFieldAnim69, sFieldAnim70, sFieldAnim71, sFieldAnim72, sFieldAnim73, sFieldAnim74 };

// One for each entry of gUnk_0813C89C, Sora in the rooms of the map.
const AnimDef gRogueSoraKh2FieldDefs[75] = {
    { (void*)sSet17Frames, (void*)sFieldAnims, (void*)sTiles17, 0, { 0, 0, 0 } },
    { (void*)sSet17Frames, (void*)sFieldAnims, (void*)sTiles17, 1, { 0, 0, 0 } },
    { (void*)sSet17Frames, (void*)sFieldAnims, (void*)sTiles17, 2, { 0, 0, 0 } },
    { (void*)sSet17Frames, (void*)sFieldAnims, (void*)sTiles17, 3, { 0, 0, 0 } },
    { (void*)sSet17Frames, (void*)sFieldAnims, (void*)sTiles17, 4, { 0, 0, 0 } },
    { (void*)sSet18Frames, (void*)sFieldAnims, (void*)sTiles18, 5, { 0, 0, 0 } },
    { (void*)sSet18Frames, (void*)sFieldAnims, (void*)sTiles18, 6, { 0, 0, 0 } },
    { (void*)sSet18Frames, (void*)sFieldAnims, (void*)sTiles18, 7, { 0, 0, 0 } },
    { (void*)sSet18Frames, (void*)sFieldAnims, (void*)sTiles18, 8, { 0, 0, 0 } },
    { (void*)sSet18Frames, (void*)sFieldAnims, (void*)sTiles18, 9, { 0, 0, 0 } },
    { (void*)sSet18Frames, (void*)sFieldAnims, (void*)sTiles18, 10, { 0, 0, 0 } },
    { (void*)sSet18Frames, (void*)sFieldAnims, (void*)sTiles18, 11, { 0, 0, 0 } },
    { (void*)sSet18Frames, (void*)sFieldAnims, (void*)sTiles18, 12, { 0, 0, 0 } },
    { (void*)sSet18Frames, (void*)sFieldAnims, (void*)sTiles18, 13, { 0, 0, 0 } },
    { (void*)sSet18Frames, (void*)sFieldAnims, (void*)sTiles18, 14, { 0, 0, 0 } },
    { (void*)sSet14Frames, (void*)sFieldAnims, (void*)sTiles14, 15, { 0, 0, 0 } },
    { (void*)sSet14Frames, (void*)sFieldAnims, (void*)sTiles14, 16, { 0, 0, 0 } },
    { (void*)sSet14Frames, (void*)sFieldAnims, (void*)sTiles14, 17, { 0, 0, 0 } },
    { (void*)sSet14Frames, (void*)sFieldAnims, (void*)sTiles14, 18, { 0, 0, 0 } },
    { (void*)sSet14Frames, (void*)sFieldAnims, (void*)sTiles14, 19, { 0, 0, 0 } },
    { (void*)sSet14Frames, (void*)sFieldAnims, (void*)sTiles14, 20, { 0, 0, 0 } },
    { (void*)sSet14Frames, (void*)sFieldAnims, (void*)sTiles14, 21, { 0, 0, 0 } },
    { (void*)sSet14Frames, (void*)sFieldAnims, (void*)sTiles14, 22, { 0, 0, 0 } },
    { (void*)sSet14Frames, (void*)sFieldAnims, (void*)sTiles14, 23, { 0, 0, 0 } },
    { (void*)sSet14Frames, (void*)sFieldAnims, (void*)sTiles14, 24, { 0, 0, 0 } },
    { (void*)sSet14Frames, (void*)sFieldAnims, (void*)sTiles14, 25, { 0, 0, 0 } },
    { (void*)sSet14Frames, (void*)sFieldAnims, (void*)sTiles14, 26, { 0, 0, 0 } },
    { (void*)sSet14Frames, (void*)sFieldAnims, (void*)sTiles14, 27, { 0, 0, 0 } },
    { (void*)sSet14Frames, (void*)sFieldAnims, (void*)sTiles14, 28, { 0, 0, 0 } },
    { (void*)sSet14Frames, (void*)sFieldAnims, (void*)sTiles14, 29, { 0, 0, 0 } },
    { (void*)sSet14Frames, (void*)sFieldAnims, (void*)sTiles14, 30, { 0, 0, 0 } },
    { (void*)sSet14Frames, (void*)sFieldAnims, (void*)sTiles14, 31, { 0, 0, 0 } },
    { (void*)sSet14Frames, (void*)sFieldAnims, (void*)sTiles14, 32, { 0, 0, 0 } },
    { (void*)sSet14Frames, (void*)sFieldAnims, (void*)sTiles14, 33, { 0, 0, 0 } },
    { (void*)sSet14Frames, (void*)sFieldAnims, (void*)sTiles14, 34, { 0, 0, 0 } },
    { (void*)sSet14Frames, (void*)sFieldAnims, (void*)sTiles14, 35, { 0, 0, 0 } },
    { (void*)sSet14Frames, (void*)sFieldAnims, (void*)sTiles14, 36, { 0, 0, 0 } },
    { (void*)sSet14Frames, (void*)sFieldAnims, (void*)sTiles14, 37, { 0, 0, 0 } },
    { (void*)sSet14Frames, (void*)sFieldAnims, (void*)sTiles14, 38, { 0, 0, 0 } },
    { (void*)sSet14Frames, (void*)sFieldAnims, (void*)sTiles14, 39, { 0, 0, 0 } },
    { (void*)sSet17Frames, (void*)sFieldAnims, (void*)sTiles17, 40, { 0, 0, 0 } },
    { (void*)sSet17Frames, (void*)sFieldAnims, (void*)sTiles17, 41, { 0, 0, 0 } },
    { (void*)sSet17Frames, (void*)sFieldAnims, (void*)sTiles17, 42, { 0, 0, 0 } },
    { (void*)sSet17Frames, (void*)sFieldAnims, (void*)sTiles17, 43, { 0, 0, 0 } },
    { (void*)sSet17Frames, (void*)sFieldAnims, (void*)sTiles17, 44, { 0, 0, 0 } },
    { (void*)sSet19Frames, (void*)sFieldAnims, (void*)sTiles19, 45, { 0, 0, 0 } },
    { (void*)sSet19Frames, (void*)sFieldAnims, (void*)sTiles19, 46, { 0, 0, 0 } },
    { (void*)sSet19Frames, (void*)sFieldAnims, (void*)sTiles19, 47, { 0, 0, 0 } },
    { (void*)sSet19Frames, (void*)sFieldAnims, (void*)sTiles19, 48, { 0, 0, 0 } },
    { (void*)sSet19Frames, (void*)sFieldAnims, (void*)sTiles19, 49, { 0, 0, 0 } },
    { (void*)sSet19Frames, (void*)sFieldAnims, (void*)sTiles19, 50, { 0, 0, 0 } },
    { (void*)sSet19Frames, (void*)sFieldAnims, (void*)sTiles19, 51, { 0, 0, 0 } },
    { (void*)sSet19Frames, (void*)sFieldAnims, (void*)sTiles19, 52, { 0, 0, 0 } },
    { (void*)sSet19Frames, (void*)sFieldAnims, (void*)sTiles19, 53, { 0, 0, 0 } },
    { (void*)sSet19Frames, (void*)sFieldAnims, (void*)sTiles19, 54, { 0, 0, 0 } },
    { (void*)sSet19Frames, (void*)sFieldAnims, (void*)sTiles19, 55, { 0, 0, 0 } },
    { (void*)sSet19Frames, (void*)sFieldAnims, (void*)sTiles19, 56, { 0, 0, 0 } },
    { (void*)sSet19Frames, (void*)sFieldAnims, (void*)sTiles19, 57, { 0, 0, 0 } },
    { (void*)sSet19Frames, (void*)sFieldAnims, (void*)sTiles19, 58, { 0, 0, 0 } },
    { (void*)sSet19Frames, (void*)sFieldAnims, (void*)sTiles19, 59, { 0, 0, 0 } },
    { (void*)sSet17Frames, (void*)sFieldAnims, (void*)sTiles17, 60, { 0, 0, 0 } },
    { (void*)sSet17Frames, (void*)sFieldAnims, (void*)sTiles17, 61, { 0, 0, 0 } },
    { (void*)sSet17Frames, (void*)sFieldAnims, (void*)sTiles17, 62, { 0, 0, 0 } },
    { (void*)sSet17Frames, (void*)sFieldAnims, (void*)sTiles17, 63, { 0, 0, 0 } },
    { (void*)sSet17Frames, (void*)sFieldAnims, (void*)sTiles17, 64, { 0, 0, 0 } },
    { (void*)sSet17Frames, (void*)sFieldAnims, (void*)sTiles17, 65, { 0, 0, 0 } },
    { (void*)sSet17Frames, (void*)sFieldAnims, (void*)sTiles17, 66, { 0, 0, 0 } },
    { (void*)sSet17Frames, (void*)sFieldAnims, (void*)sTiles17, 67, { 0, 0, 0 } },
    { (void*)sSet17Frames, (void*)sFieldAnims, (void*)sTiles17, 68, { 0, 0, 0 } },
    { (void*)sSet17Frames, (void*)sFieldAnims, (void*)sTiles17, 69, { 0, 0, 0 } },
    { (void*)sSet17Frames, (void*)sFieldAnims, (void*)sTiles17, 70, { 0, 0, 0 } },
    { (void*)sSet17Frames, (void*)sFieldAnims, (void*)sTiles17, 71, { 0, 0, 0 } },
    { (void*)sSet17Frames, (void*)sFieldAnims, (void*)sTiles17, 72, { 0, 0, 0 } },
    { (void*)sSet17Frames, (void*)sFieldAnims, (void*)sTiles17, 73, { 0, 0, 0 } },
    { (void*)sSet17Frames, (void*)sFieldAnims, (void*)sTiles17, 74, { 0, 0, 0 } },
};

// One for each entry of gBtlSoraAnimDefs.
const AnimDef gRogueSoraKh2AnimDefs[77] = {
    { (void*)sSet0Frames, (void*)sBattleAnims, (void*)sTiles0, 0, { 0, 0, 0 } },
    { (void*)sSet0Frames, (void*)sBattleAnims, (void*)sTiles0, 1, { 0, 0, 0 } },
    { (void*)sSet1Frames, (void*)sBattleAnims, (void*)sTiles1, 2, { 0, 0, 0 } },
    { (void*)sSet1Frames, (void*)sBattleAnims, (void*)sTiles1, 3, { 0, 0, 0 } },
    { (void*)sSet1Frames, (void*)sBattleAnims, (void*)sTiles1, 4, { 0, 0, 0 } },
    { (void*)sSet1Frames, (void*)sBattleAnims, (void*)sTiles1, 5, { 0, 0, 0 } },
    { (void*)sSet1Frames, (void*)sBattleAnims, (void*)sTiles1, 6, { 0, 0, 0 } },
    { (void*)sSet2Frames, (void*)sBattleAnims, (void*)sTiles2, 7, { 0, 0, 0 } },
    { (void*)sSet2Frames, (void*)sBattleAnims, (void*)sTiles2, 8, { 0, 0, 0 } },
    { (void*)sSet2Frames, (void*)sBattleAnims, (void*)sTiles2, 9, { 0, 0, 0 } },
    { (void*)sSet2Frames, (void*)sBattleAnims, (void*)sTiles2, 10, { 0, 0, 0 } },
    { (void*)sSet2Frames, (void*)sBattleAnims, (void*)sTiles2, 11, { 0, 0, 0 } },
    { (void*)sSet3Frames, (void*)sBattleAnims, (void*)sTiles3, 12, { 0, 0, 0 } },
    { (void*)sSet3Frames, (void*)sBattleAnims, (void*)sTiles3, 13, { 0, 0, 0 } },
    { (void*)sSet3Frames, (void*)sBattleAnims, (void*)sTiles3, 14, { 0, 0, 0 } },
    { (void*)sSet3Frames, (void*)sBattleAnims, (void*)sTiles3, 15, { 0, 0, 0 } },
    { (void*)sSet3Frames, (void*)sBattleAnims, (void*)sTiles3, 16, { 0, 0, 0 } },
    { (void*)sSet4Frames, (void*)sBattleAnims, (void*)sTiles4, 17, { 0, 0, 0 } },
    { (void*)sSet4Frames, (void*)sBattleAnims, (void*)sTiles4, 18, { 0, 0, 0 } },
    { (void*)sSet4Frames, (void*)sBattleAnims, (void*)sTiles4, 19, { 0, 0, 0 } },
    { (void*)sSet4Frames, (void*)sBattleAnims, (void*)sTiles4, 20, { 0, 0, 0 } },
    { (void*)sSet4Frames, (void*)sBattleAnims, (void*)sTiles4, 21, { 0, 0, 0 } },
    { (void*)sSet5Frames, (void*)sBattleAnims, (void*)sTiles5, 22, { 0, 0, 0 } },
    { (void*)sSet5Frames, (void*)sBattleAnims, (void*)sTiles5, 23, { 0, 0, 0 } },
    { (void*)sSet5Frames, (void*)sBattleAnims, (void*)sTiles5, 24, { 0, 0, 0 } },
    { (void*)sSet5Frames, (void*)sBattleAnims, (void*)sTiles5, 25, { 0, 0, 0 } },
    { (void*)sSet5Frames, (void*)sBattleAnims, (void*)sTiles5, 26, { 0, 0, 0 } },
    { (void*)sSet6Frames, (void*)sBattleAnims, (void*)sTiles6, 27, { 0, 0, 0 } },
    { (void*)sSet6Frames, (void*)sBattleAnims, (void*)sTiles6, 28, { 0, 0, 0 } },
    { (void*)sSet6Frames, (void*)sBattleAnims, (void*)sTiles6, 29, { 0, 0, 0 } },
    { (void*)sSet6Frames, (void*)sBattleAnims, (void*)sTiles6, 30, { 0, 0, 0 } },
    { (void*)sSet6Frames, (void*)sBattleAnims, (void*)sTiles6, 31, { 0, 0, 0 } },
    { (void*)sSet7Frames, (void*)sBattleAnims, (void*)sTiles7, 32, { 0, 0, 0 } },
    { (void*)sSet7Frames, (void*)sBattleAnims, (void*)sTiles7, 33, { 0, 0, 0 } },
    { (void*)sSet7Frames, (void*)sBattleAnims, (void*)sTiles7, 34, { 0, 0, 0 } },
    { (void*)sSet7Frames, (void*)sBattleAnims, (void*)sTiles7, 35, { 0, 0, 0 } },
    { (void*)sSet7Frames, (void*)sBattleAnims, (void*)sTiles7, 36, { 0, 0, 0 } },
    { (void*)sSet3Frames, (void*)sBattleAnims, (void*)sTiles3, 37, { 0, 0, 0 } },
    { (void*)sSet8Frames, (void*)sBattleAnims, (void*)sTiles8, 38, { 0, 0, 0 } },
    { (void*)sSet8Frames, (void*)sBattleAnims, (void*)sTiles8, 39, { 0, 0, 0 } },
    { (void*)sSet8Frames, (void*)sBattleAnims, (void*)sTiles8, 40, { 0, 0, 0 } },
    { (void*)sSet8Frames, (void*)sBattleAnims, (void*)sTiles8, 41, { 0, 0, 0 } },
    { (void*)sSet9Frames, (void*)sBattleAnims, (void*)sTiles9, 42, { 0, 0, 0 } },
    { (void*)sSet10Frames, (void*)sBattleAnims, (void*)sTiles10, 43, { 0, 0, 0 } },
    { (void*)sSet11Frames, (void*)sBattleAnims, (void*)sTiles11, 44, { 0, 0, 0 } },
    { (void*)sSet11Frames, (void*)sBattleAnims, (void*)sTiles11, 45, { 0, 0, 0 } },
    { (void*)sSet12Frames, (void*)sBattleAnims, (void*)sTiles12, 46, { 0, 0, 0 } },
    { (void*)sSet9Frames, (void*)sBattleAnims, (void*)sTiles9, 47, { 0, 0, 0 } },
    { (void*)sSet9Frames, (void*)sBattleAnims, (void*)sTiles9, 48, { 0, 0, 0 } },
    { (void*)sSet9Frames, (void*)sBattleAnims, (void*)sTiles9, 49, { 0, 0, 0 } },
    { (void*)sSet9Frames, (void*)sBattleAnims, (void*)sTiles9, 50, { 0, 0, 0 } },
    { (void*)sSet10Frames, (void*)sBattleAnims, (void*)sTiles10, 51, { 0, 0, 0 } },
    { (void*)sSet4Frames, (void*)sBattleAnims, (void*)sTiles4, 52, { 0, 0, 0 } },
    { (void*)sSet5Frames, (void*)sBattleAnims, (void*)sTiles5, 53, { 0, 0, 0 } },
    { (void*)sSet6Frames, (void*)sBattleAnims, (void*)sTiles6, 54, { 0, 0, 0 } },
    { (void*)sSet7Frames, (void*)sBattleAnims, (void*)sTiles7, 55, { 0, 0, 0 } },
    { (void*)sSet1Frames, (void*)sBattleAnims, (void*)sTiles1, 56, { 0, 0, 0 } },
    { (void*)sSet2Frames, (void*)sBattleAnims, (void*)sTiles2, 57, { 0, 0, 0 } },
    { (void*)sSet3Frames, (void*)sBattleAnims, (void*)sTiles3, 58, { 0, 0, 0 } },
    { (void*)sSet4Frames, (void*)sBattleAnims, (void*)sTiles4, 59, { 0, 0, 0 } },
    { (void*)sSet5Frames, (void*)sBattleAnims, (void*)sTiles5, 60, { 0, 0, 0 } },
    { (void*)sSet6Frames, (void*)sBattleAnims, (void*)sTiles6, 61, { 0, 0, 0 } },
    { (void*)sSet7Frames, (void*)sBattleAnims, (void*)sTiles7, 62, { 0, 0, 0 } },
    { (void*)sSet1Frames, (void*)sBattleAnims, (void*)sTiles1, 63, { 0, 0, 0 } },
    { (void*)sSet2Frames, (void*)sBattleAnims, (void*)sTiles2, 64, { 0, 0, 0 } },
    { (void*)sSet3Frames, (void*)sBattleAnims, (void*)sTiles3, 65, { 0, 0, 0 } },
    { (void*)sSet4Frames, (void*)sBattleAnims, (void*)sTiles4, 66, { 0, 0, 0 } },
    { (void*)sSet5Frames, (void*)sBattleAnims, (void*)sTiles5, 67, { 0, 0, 0 } },
    { (void*)sSet6Frames, (void*)sBattleAnims, (void*)sTiles6, 68, { 0, 0, 0 } },
    { (void*)sSet7Frames, (void*)sBattleAnims, (void*)sTiles7, 69, { 0, 0, 0 } },
    { (void*)sSet1Frames, (void*)sBattleAnims, (void*)sTiles1, 70, { 0, 0, 0 } },
    { (void*)sSet2Frames, (void*)sBattleAnims, (void*)sTiles2, 71, { 0, 0, 0 } },
    { (void*)sSet3Frames, (void*)sBattleAnims, (void*)sTiles3, 72, { 0, 0, 0 } },
    { (void*)sSet4Frames, (void*)sBattleAnims, (void*)sTiles4, 73, { 0, 0, 0 } },
    { (void*)sSet5Frames, (void*)sBattleAnims, (void*)sTiles5, 74, { 0, 0, 0 } },
    { (void*)sSet6Frames, (void*)sBattleAnims, (void*)sTiles6, 75, { 0, 0, 0 } },
    { (void*)sSet7Frames, (void*)sBattleAnims, (void*)sTiles7, 76, { 0, 0, 0 } },
};

// One for each entry of gUnk_0813BEFC, Sora's running and jumping in five directions.
const AnimDef gRogueSoraKh2DirectionDefs[30] = {
    { (void*)sSet13Frames, (void*)sDirectionAnims, (void*)sTiles13, 0, { 0, 0, 0 } },
    { (void*)sSet13Frames, (void*)sDirectionAnims, (void*)sTiles13, 1, { 0, 0, 0 } },
    { (void*)sSet13Frames, (void*)sDirectionAnims, (void*)sTiles13, 2, { 0, 0, 0 } },
    { (void*)sSet13Frames, (void*)sDirectionAnims, (void*)sTiles13, 3, { 0, 0, 0 } },
    { (void*)sSet13Frames, (void*)sDirectionAnims, (void*)sTiles13, 4, { 0, 0, 0 } },
    { (void*)sSet14Frames, (void*)sDirectionAnims, (void*)sTiles14, 5, { 0, 0, 0 } },
    { (void*)sSet14Frames, (void*)sDirectionAnims, (void*)sTiles14, 6, { 0, 0, 0 } },
    { (void*)sSet14Frames, (void*)sDirectionAnims, (void*)sTiles14, 7, { 0, 0, 0 } },
    { (void*)sSet14Frames, (void*)sDirectionAnims, (void*)sTiles14, 8, { 0, 0, 0 } },
    { (void*)sSet14Frames, (void*)sDirectionAnims, (void*)sTiles14, 9, { 0, 0, 0 } },
    { (void*)sSet14Frames, (void*)sDirectionAnims, (void*)sTiles14, 10, { 0, 0, 0 } },
    { (void*)sSet14Frames, (void*)sDirectionAnims, (void*)sTiles14, 11, { 0, 0, 0 } },
    { (void*)sSet14Frames, (void*)sDirectionAnims, (void*)sTiles14, 12, { 0, 0, 0 } },
    { (void*)sSet14Frames, (void*)sDirectionAnims, (void*)sTiles14, 13, { 0, 0, 0 } },
    { (void*)sSet14Frames, (void*)sDirectionAnims, (void*)sTiles14, 14, { 0, 0, 0 } },
    { (void*)sSet15Frames, (void*)sDirectionAnims, (void*)sTiles15, 15, { 0, 0, 0 } },
    { (void*)sSet15Frames, (void*)sDirectionAnims, (void*)sTiles15, 16, { 0, 0, 0 } },
    { (void*)sSet15Frames, (void*)sDirectionAnims, (void*)sTiles15, 17, { 0, 0, 0 } },
    { (void*)sSet15Frames, (void*)sDirectionAnims, (void*)sTiles15, 18, { 0, 0, 0 } },
    { (void*)sSet15Frames, (void*)sDirectionAnims, (void*)sTiles15, 19, { 0, 0, 0 } },
    { (void*)sSet15Frames, (void*)sDirectionAnims, (void*)sTiles15, 20, { 0, 0, 0 } },
    { (void*)sSet15Frames, (void*)sDirectionAnims, (void*)sTiles15, 21, { 0, 0, 0 } },
    { (void*)sSet15Frames, (void*)sDirectionAnims, (void*)sTiles15, 22, { 0, 0, 0 } },
    { (void*)sSet15Frames, (void*)sDirectionAnims, (void*)sTiles15, 23, { 0, 0, 0 } },
    { (void*)sSet15Frames, (void*)sDirectionAnims, (void*)sTiles15, 24, { 0, 0, 0 } },
    { (void*)sSet16Frames, (void*)sDirectionAnims, (void*)sTiles16, 25, { 0, 0, 0 } },
    { (void*)sSet16Frames, (void*)sDirectionAnims, (void*)sTiles16, 26, { 0, 0, 0 } },
    { (void*)sSet16Frames, (void*)sDirectionAnims, (void*)sTiles16, 27, { 0, 0, 0 } },
    { (void*)sSet16Frames, (void*)sDirectionAnims, (void*)sTiles16, 28, { 0, 0, 0 } },
    { (void*)sSet16Frames, (void*)sDirectionAnims, (void*)sTiles16, 29, { 0, 0, 0 } },
};
static const u16 sHubAnim0[] = {
    0x0040, 0x0040, 0x0001, 0x0000, 0x000A,
};
static const u16 sHubAnim1[] = {
    0x0040, 0x0040, 0x0001, 0x0000, 0x000A,
};
static const void* const sHubAnims[] = { sHubAnim0, sHubAnim1 };

// Standing and walking in the hub.
const AnimDef gRogueSoraKh2HubDefs[2] = {
    { (void*)sSet17Frames, (void*)sHubAnims, (void*)sTiles17, 0, { 0, 0, 0 } },
    { (void*)sSet18Frames, (void*)sHubAnims, (void*)sTiles18, 1, { 0, 0, 0 } },
};
// The portrait by the HP bar.
const u8 gRogueSoraKh2FaceTiles[640] __attribute__((aligned(4))) = {
    0x00, 0x00, 0x00, 0x35, 0x00, 0x00, 0x00, 0x30, 0x00, 0x00, 0x00, 0xE0, 0x00, 0x00, 0x00, 0x00,
    0x00, 0x00, 0x00, 0x00, 0x00, 0x00, 0x00, 0x00, 0x00, 0x00, 0xCC, 0x45, 0x00, 0x00, 0x30, 0x22,
    0x05, 0x00, 0x00, 0x0C, 0xC2, 0x00, 0x00, 0x3C, 0x22, 0xEA, 0x00, 0x25, 0x2B, 0x32, 0x0C, 0x38,
    0x3C, 0x22, 0xC3, 0x34, 0xA0, 0x22, 0x32, 0xFA, 0xC0, 0x3B, 0x22, 0xB3, 0x32, 0xBA, 0x23, 0x22,
    0x00, 0x00, 0x00, 0x00, 0x00, 0x00, 0x00, 0x00, 0x0C, 0x00, 0x00, 0x00, 0xC2, 0x00, 0x00, 0x00,
    0xA2, 0x0C, 0x00, 0x00, 0x23, 0xCB, 0xCC, 0xCC, 0x2B, 0xA3, 0xAA, 0xBA, 0x33, 0x33, 0x33, 0xAA,
    0x00, 0x00, 0x00, 0x00, 0x00, 0x00, 0x00, 0x00, 0x00, 0x00, 0x00, 0x00, 0x00, 0x00, 0x00, 0x00,
    0x00, 0x00, 0x00, 0x00, 0xCC, 0x5C, 0x00, 0x00, 0xDB, 0x5C, 0x00, 0x00, 0xCB, 0x05, 0x00, 0x00,
    0x00, 0x00, 0x00, 0x3C, 0x00, 0x00, 0x00, 0xC5, 0x00, 0xC0, 0x3A, 0x33, 0x00, 0x00, 0xC5, 0xDD,
    0x00, 0x54, 0x33, 0x33, 0x40, 0xAC, 0xB3, 0x3A, 0x00, 0x00, 0xFC, 0xDD, 0x00, 0x00, 0xC0, 0xDD,
    0x22, 0x22, 0x33, 0x22, 0x3A, 0x33, 0x33, 0x22, 0xDA, 0x3A, 0x22, 0x22, 0x3D, 0x22, 0xA3, 0x22,
    0x23, 0xA3, 0x2A, 0x22, 0xDB, 0x3D, 0x23, 0x2A, 0xFB, 0x3A, 0xB2, 0x2A, 0xDD, 0xA3, 0xBB, 0xA3,
    0x22, 0x22, 0x32, 0xB3, 0x22, 0x22, 0x22, 0x32, 0x22, 0x22, 0x22, 0x33, 0x22, 0x22, 0x22, 0xA2,
    0x22, 0x22, 0x32, 0x22, 0x22, 0x22, 0x32, 0x3B, 0x2B, 0x22, 0xB3, 0xDA, 0x2A, 0x22, 0x33, 0xDA,
    0xBB, 0xAB, 0xCC, 0x00, 0xBD, 0xDD, 0xAD, 0x5C, 0xDA, 0xDD, 0xCF, 0x55, 0xAA, 0xBD, 0xBB, 0xBB,
    0xDB, 0xDD, 0xBB, 0xCD, 0xD2, 0xFF, 0xFF, 0xEC, 0x3A, 0xFD, 0xDF, 0x5D, 0xAD, 0xDB, 0xDD, 0x0E,
    0x00, 0x00, 0x00, 0xBE, 0x00, 0x00, 0x00, 0x40, 0x00, 0x00, 0x00, 0x50, 0x00, 0x00, 0x00, 0x30,
    0x00, 0x00, 0x00, 0xAC, 0x00, 0x00, 0x00, 0x0C, 0x00, 0x00, 0x00, 0x00, 0x00, 0x00, 0x00, 0x00,
    0x3D, 0xDA, 0xBB, 0x23, 0x3D, 0xBB, 0xDA, 0x2A, 0xB3, 0xBD, 0xC3, 0xFC, 0xC3, 0xFB, 0x23, 0x12,
    0xC0, 0xFF, 0x1A, 0x11, 0xA0, 0xDF, 0x1F, 0x11, 0xE5, 0xB5, 0xAF, 0x11, 0x00, 0xC5, 0xD0, 0x1A,
    0x3A, 0x33, 0x33, 0xBB, 0x33, 0xDD, 0xDF, 0xDD, 0x3A, 0x3A, 0xC5, 0xDD, 0x33, 0x12, 0x11, 0xD2,
    0x13, 0x11, 0x11, 0xA1, 0x11, 0x11, 0x11, 0xB1, 0x11, 0x11, 0x11, 0xF2, 0x11, 0x11, 0x21, 0xFF,
    0xFB, 0xDD, 0xEF, 0x00, 0xDB, 0xFD, 0xCD, 0x00, 0xBD, 0xDD, 0xCC, 0x05, 0xDD, 0xCC, 0x0E, 0x00,
    0xDF, 0x05, 0x0C, 0x00, 0xDF, 0x05, 0x00, 0x00, 0xCC, 0x0C, 0x00, 0x00, 0x00, 0x00, 0x00, 0x00,
    0x00, 0x00, 0x00, 0x00, 0x00, 0x00, 0x00, 0x00, 0x00, 0x00, 0x00, 0x00, 0x00, 0x00, 0x00, 0x00,
    0x00, 0x00, 0x00, 0x00, 0x00, 0x00, 0x00, 0x00, 0x00, 0x00, 0x00, 0x00, 0x00, 0x00, 0x00, 0x00,
    0x00, 0x00, 0xC0, 0xFF, 0x00, 0x00, 0x50, 0xDA, 0x00, 0x00, 0xC0, 0xCF, 0x00, 0x00, 0xFC, 0xC5,
    0x00, 0xF0, 0xFF, 0x3C, 0x80, 0xFC, 0xFF, 0x2C, 0x50, 0xE1, 0xCF, 0x5F, 0x1E, 0xC1, 0xCC, 0xFF,
    0x12, 0x11, 0xFA, 0x5F, 0xDF, 0xFD, 0x2B, 0x11, 0xAC, 0x33, 0x11, 0x41, 0x23, 0x12, 0x51, 0xFC,
    0x11, 0x55, 0xFF, 0xFF, 0xF3, 0xFF, 0xFF, 0xFF, 0xFC, 0xFF, 0xFF, 0xFF, 0xFF, 0xFF, 0xFF, 0x5E,
    0x55, 0x00, 0x00, 0x00, 0xF1, 0x5F, 0x00, 0x00, 0xF5, 0xFF, 0x00, 0x00, 0xFF, 0xFF, 0x5C, 0x00,
    0xCC, 0xFC, 0xFF, 0x0E, 0xFF, 0xCF, 0xFC, 0x0E, 0x5C, 0x14, 0x11, 0x4C, 0x45, 0x14, 0x11, 0xF1,
    0x00, 0x00, 0x00, 0x00, 0x00, 0x00, 0x00, 0x00, 0x00, 0x00, 0x00, 0x00, 0x00, 0x00, 0x00, 0x00,
    0x00, 0x00, 0x00, 0x00, 0x00, 0x00, 0x00, 0x00, 0x00, 0x00, 0x00, 0x00, 0x00, 0x00, 0x00, 0x00,
    0x00, 0x00, 0x00, 0x00, 0x00, 0x00, 0x00, 0x00, 0x00, 0x00, 0x00, 0x00, 0x00, 0x00, 0x00, 0x00,
    0x00, 0x00, 0x00, 0x00, 0x00, 0x00, 0x00, 0x00, 0x00, 0x00, 0x00, 0x00, 0x00, 0x00, 0x00, 0x00,
    0x00, 0x00, 0x00, 0x00, 0x00, 0x00, 0x00, 0x00, 0x00, 0x00, 0x00, 0x00, 0x00, 0x00, 0x00, 0x00,
    0x00, 0x00, 0x00, 0x00, 0x00, 0x00, 0x00, 0x00, 0x00, 0x00, 0x00, 0x00, 0x00, 0x00, 0x00, 0x00,
    0x00, 0x00, 0x00, 0x00, 0x00, 0x00, 0x00, 0x00, 0x00, 0x00, 0x00, 0x00, 0x00, 0x00, 0x00, 0x00,
    0x00, 0x00, 0x00, 0x00, 0x00, 0x00, 0x00, 0x00, 0x00, 0x00, 0x00, 0x00, 0x00, 0x00, 0x00, 0x00,
};
const u16 gRogueSoraKh2FacePalette[16] = {
    0x0000, 0x3677, 0x19B1, 0x194E, 0x4528, 0x3909, 0x4907, 0x4907,
    0x4907, 0x4907, 0x150C, 0x10EB, 0x2908, 0x10C9, 0x3907, 0x14A5,
};

