// Generated by tools/rogue_actors.py from mod_assets/roxas_sheet.png. Do not edit.
#include "rogue.h"
#include "anim.h"
#include "rogue_actor_art.h"

const u16 gRogueRoxasCoatActorPalette[16] = {
    0x4504, 0x437E, 0x36B7, 0x1DB2, 0x296B, 0x0CEA, 0x18C6, 0x14A5,
    0x0C63, 0x0842, 0x0421, 0x0041, 0x0401, 0x0C00, 0x0000, 0x0000,
};

static const u16 sPoseAnim[] = { 0x0040, 0x0040, 0x0001, 0x0000, 0x00FF };
static const void* const sPoseAnims[] = { sPoseAnim };

static const u8 sTiles0[928] __attribute__((aligned(4))) = {
    0x00, 0x80, 0x21, 0x52, 0x00, 0x50, 0x11, 0x15, 0x00, 0x80, 0x22, 0x25, 0x00, 0x80, 0x23, 0x55,
    0x00, 0x30, 0x55, 0x53, 0x00, 0x50, 0x35, 0x25, 0x00, 0x00, 0x55, 0x55, 0x00, 0x00, 0x30, 0xF5,
    0x61, 0xF1, 0xFF, 0x21, 0x51, 0x46, 0xF1, 0x52, 0x35, 0x16, 0x62, 0x2F, 0xF3, 0xF3, 0x2F, 0xF6,
    0xF2, 0x1F, 0xF2, 0x62, 0xFF, 0xF5, 0x5F, 0x1F, 0xFF, 0xF1, 0x62, 0xFF, 0x2F, 0x4F, 0x1F, 0x16,
    0x52, 0x35, 0x00, 0x00, 0x25, 0x03, 0x00, 0x00, 0x21, 0x55, 0x05, 0x00, 0xFF, 0x32, 0x00, 0x00,
    0xF2, 0x55, 0x00, 0x00, 0xF6, 0x53, 0x00, 0x00, 0x62, 0x0F, 0x00, 0x00, 0x2F, 0xF6, 0x0F, 0x00,
    0x00, 0x00, 0x00, 0x00, 0x00, 0x00, 0x46, 0x41, 0x00, 0x00, 0x16, 0x14, 0x00, 0x60, 0x12, 0x16,
    0x00, 0x60, 0x66, 0x66, 0x00, 0x46, 0x11, 0x11, 0x60, 0x14, 0x42, 0x01, 0x46, 0x61, 0x11, 0x60,
    0x00, 0x00, 0x70, 0xFF, 0x00, 0x00, 0xAA, 0x27, 0x00, 0x80, 0xAA, 0x46, 0x00, 0x80, 0x88, 0x67,
    0x00, 0x80, 0x88, 0x7A, 0x00, 0x8A, 0x87, 0x68, 0x00, 0x6A, 0x77, 0xA8, 0x00, 0x6A, 0x66, 0x77,
    0x15, 0xF2, 0xF6, 0xF2, 0x2F, 0xFF, 0x3F, 0xFF, 0xF2, 0xF1, 0xF2, 0xAA, 0xF7, 0x2F, 0x2A, 0xFF,
    0xFF, 0xF2, 0xFA, 0xFF, 0x8F, 0x23, 0xFF, 0x61, 0x4A, 0x16, 0x42, 0x26, 0xA7, 0xAA, 0x14, 0x11,
    0xF0, 0x12, 0x0F, 0x60, 0xF0, 0x21, 0x0F, 0x46, 0xFF, 0xFF, 0x66, 0x14, 0xFF, 0x00, 0x46, 0xF1,
    0x3A, 0x61, 0x14, 0x66, 0x66, 0x62, 0x36, 0x31, 0x21, 0x16, 0x13, 0x16, 0x64, 0x23, 0x61, 0xF7,
    0x14, 0x16, 0x64, 0x66, 0x01, 0x46, 0x11, 0x42, 0x60, 0x13, 0x02, 0x60, 0x36, 0x01, 0x10, 0x26,
    0x13, 0x2F, 0xF1, 0xD2, 0xF1, 0xF0, 0x13, 0x2F, 0x22, 0xFF, 0x31, 0x2F, 0x41, 0x34, 0xFA, 0x60,
    0x00, 0x7A, 0xAA, 0xA8, 0x00, 0x78, 0xAA, 0xA7, 0xA0, 0x87, 0x8A, 0xA7, 0xA0, 0x87, 0x8A, 0xA7,
    0xA0, 0xA8, 0x7A, 0xA7, 0xA0, 0xA8, 0x7A, 0xA7, 0xA0, 0xA8, 0x78, 0xA7, 0xA0, 0xAA, 0x78, 0xA7,
    0x6A, 0x76, 0xA4, 0x6A, 0x68, 0x76, 0x84, 0xAA, 0x68, 0x76, 0x86, 0xAA, 0x68, 0x76, 0xA4, 0xAA,
    0x68, 0x46, 0x7A, 0xA7, 0x68, 0x66, 0xAA, 0x6A, 0x67, 0x47, 0x6A, 0x66, 0x67, 0x67, 0x7A, 0x67,
    0x6A, 0xA6, 0x00, 0x00, 0x74, 0xA6, 0x00, 0x00, 0x76, 0xA6, 0x00, 0x00, 0x83, 0xA6, 0x00, 0x00,
    0x4A, 0xA6, 0xAA, 0x00, 0x6A, 0xA7, 0x66, 0x0A, 0x4A, 0x6A, 0x44, 0xA6, 0xAA, 0x46, 0x64, 0x76,
    0x00, 0x00, 0x00, 0x00, 0x00, 0x00, 0x00, 0x00, 0x00, 0x00, 0x00, 0x00, 0x00, 0x00, 0x00, 0x00,
    0x00, 0x00, 0x00, 0x00, 0x00, 0x00, 0x00, 0x00, 0x00, 0x00, 0x00, 0x00, 0x0A, 0x00, 0x00, 0x00,
    0x00, 0x8A, 0xAA, 0xAA, 0xA0, 0x77, 0x78, 0x87, 0x7A, 0x46, 0x44, 0x76, 0x6A, 0x46, 0x44, 0x66,
    0x7A, 0x66, 0x64, 0x76, 0x7A, 0x77, 0x77, 0x77, 0x8A, 0x88, 0x88, 0x88, 0xA0, 0xAA, 0xAA, 0xAA,
    0xAA, 0xAA, 0x8A, 0x77, 0x0A, 0xA0, 0xAA, 0x88, 0x0A, 0x00, 0x00, 0xAA, 0x0A, 0x00, 0x00, 0x00,
    0x0A, 0x00, 0x00, 0x00, 0x0A, 0x00, 0x00, 0x00, 0x0A, 0x00, 0x00, 0x00, 0x00, 0x00, 0x00, 0x00,
    0x67, 0x46, 0x66, 0x87, 0x77, 0x66, 0x76, 0x88, 0x88, 0x77, 0x87, 0xA8, 0xAA, 0x88, 0xA8, 0x0A,
    0x00, 0xAA, 0x0A, 0x00, 0x00, 0x00, 0x00, 0x00, 0x00, 0x00, 0x00, 0x00, 0x00, 0x00, 0x00, 0x00,
    0x0A, 0x00, 0x00, 0x00, 0x0A, 0x00, 0x00, 0x00, 0x00, 0x00, 0x00, 0x00, 0x00, 0x00, 0x00, 0x00,
    0x00, 0x00, 0x00, 0x00, 0x00, 0x00, 0x00, 0x00, 0x00, 0x00, 0x00, 0x00, 0x00, 0x00, 0x00, 0x00,
    0x00, 0x7A, 0x66, 0x66, 0x00, 0xA0, 0x7A, 0x77, 0x00, 0x00, 0xA0, 0xAA, 0x00, 0x00, 0x00, 0xA0,
    0x00, 0x00, 0x00, 0xA0, 0x00, 0x00, 0x00, 0xA0, 0x00, 0x00, 0x00, 0x8A, 0x00, 0x00, 0x00, 0xA8,
    0x44, 0x27, 0x21, 0x81, 0x47, 0x14, 0x13, 0x8A, 0x7A, 0x66, 0x36, 0x66, 0xA8, 0x7A, 0x36, 0x46,
    0x68, 0xAA, 0x13, 0x24, 0x78, 0xAA, 0x6A, 0x61, 0x78, 0x8A, 0x16, 0x1A, 0x88, 0x7A, 0x67, 0x38,
    0x00, 0x00, 0xA0, 0x88, 0x00, 0x00, 0xA0, 0x78, 0x00, 0x00, 0xAA, 0x7A, 0x00, 0x00, 0x8A, 0x7A,
    0x00, 0xA0, 0xA7, 0xAA, 0x00, 0xA0, 0xA8, 0xAA, 0x00, 0xA0, 0xAA, 0xAA, 0x00, 0x8A, 0xAA, 0xA8,
    0xA7, 0x68, 0x37, 0x68, 0xA7, 0x67, 0x67, 0x78, 0xA8, 0x67, 0x48, 0x7A, 0x88, 0x67, 0x38, 0x8A,
    0x7A, 0x66, 0x6A, 0x8A, 0x7A, 0x66, 0x6A, 0xAA, 0x7A, 0x66, 0x4A, 0xA6, 0x6A, 0x66, 0xA6, 0x4A,
    0x00, 0x00, 0x00, 0x00, 0x00, 0x00, 0x00, 0x00, 0x00, 0x00, 0x00, 0x00, 0x00, 0x00, 0x00, 0x50,
    0x00, 0x00, 0x50, 0x23, 0x00, 0x00, 0x20, 0x22, 0x00, 0x00, 0x25, 0x22, 0x00, 0x00, 0x15, 0x22,
    0x00, 0x03, 0x00, 0x03, 0x00, 0x51, 0x50, 0x03, 0x55, 0x21, 0x35, 0x53, 0x13, 0x52, 0x53, 0x15,
    0x12, 0x22, 0x15, 0x25, 0x22, 0x22, 0x15, 0x35, 0xF2, 0x52, 0x21, 0x35, 0x12, 0xFF, 0x52, 0x52,
    0x6A, 0x16, 0x12, 0x46, 0x26, 0x61, 0x63, 0x12, 0x14, 0x02, 0x26, 0x32, 0x41, 0x06, 0x14, 0x2F,
    0x66, 0x6A, 0x21, 0xF1, 0xAA, 0x16, 0x01, 0x20, 0x33, 0x21, 0x41, 0x00, 0xA7, 0x13, 0x24, 0x00,
    0x4F, 0x14, 0xAA, 0xFA, 0x2F, 0x11, 0x7F, 0x0A, 0xAA, 0x48, 0xF2, 0x0A, 0xF4, 0x6A, 0x24, 0x0F,
    0xAF, 0xAA, 0x4A, 0xF2, 0x62, 0x0F, 0x00, 0x4F, 0x20, 0x76, 0xFF, 0x10, 0x00, 0x00, 0x0F, 0x00,
    0x00, 0x00, 0x00, 0x00, 0x00, 0x00, 0x00, 0x00, 0x60, 0x24, 0x00, 0x00, 0x41, 0x01, 0x00, 0x00,
    0x13, 0x00, 0x00, 0x03, 0x01, 0x00, 0x13, 0x00, 0x01, 0x00, 0x31, 0x00, 0x02, 0x26, 0x00, 0x00,
    0x64, 0xD2, 0x00, 0x00, 0x41, 0x6D, 0x26, 0x00, 0x14, 0x24, 0x11, 0x01, 0x44, 0x02, 0x20, 0x00,
    0x24, 0x16, 0x03, 0x00, 0x14, 0x30, 0x01, 0x00, 0x12, 0x02, 0x00, 0x00, 0x12, 0x00, 0x00, 0x00,
    0x30, 0x00, 0x00, 0x00, 0x25, 0x00, 0x00, 0x00, 0x21, 0x05, 0x00, 0x00, 0x32, 0x05, 0x00, 0x00,
    0x53, 0x52, 0x00, 0x00, 0x53, 0x32, 0x00, 0x00, 0x55, 0x32, 0x00, 0x00, 0x51, 0x53, 0x00, 0x00,
    0x06, 0x00, 0x00, 0x00, 0x07, 0x00, 0x00, 0x00, 0x7F, 0x00, 0x00, 0x00, 0x0F, 0x00, 0x00, 0x00,
    0x00, 0x00, 0x00, 0x00, 0x0F, 0x00, 0x00, 0x00, 0x04, 0x00, 0x00, 0x00, 0x00, 0x00, 0x00, 0x00,
    0xA6, 0x21, 0x00, 0x00, 0xA6, 0x40, 0x00, 0x00, 0x86, 0x0A, 0x00, 0x00, 0x76, 0x0A, 0x00, 0x00,
    0x67, 0x0A, 0x00, 0x00, 0x68, 0xA8, 0x00, 0x00, 0x68, 0xA7, 0x00, 0x00, 0x6A, 0xA6, 0x00, 0x00,
};
static const u16 sFrame0[] = {
    0x0009, 0x40D0, 0x81F7, 0x0000, 0x40F0, 0x81F7, 0x0008, 0x00E0, 0x41F7, 0x0010, 0x40C8, 0x01F7,
    0x0014, 0x40E0, 0x0007, 0x0016, 0x80D0, 0x0017, 0x0018, 0x00C8, 0x0007, 0x001A, 0x00E0, 0x0017,
    0x001B, 0x00E8, 0x0007, 0x001C, 0x0000,
};
static const void* const sFrames0[] = { sFrame0 };
static const u8 sTiles1[928] __attribute__((aligned(4))) = {
    0x00, 0x00, 0x70, 0x35, 0x00, 0x00, 0xAA, 0x57, 0x00, 0x80, 0xAA, 0x46, 0x00, 0x80, 0x88, 0x67,
    0x00, 0x80, 0x88, 0x7A, 0x00, 0x8A, 0x87, 0x68, 0x00, 0x6A, 0x77, 0xA8, 0x00, 0x6A, 0x66, 0x77,
    0x15, 0x11, 0x11, 0x51, 0x55, 0x13, 0x31, 0x65, 0xA4, 0x31, 0xA3, 0xAA, 0xA7, 0x1A, 0x8A, 0x87,
    0x76, 0xA1, 0x8A, 0x78, 0x87, 0x63, 0xA4, 0x41, 0x4A, 0x16, 0x66, 0x63, 0xA7, 0xAA, 0x61, 0x31,
    0x00, 0x00, 0x00, 0x00, 0x00, 0x00, 0x00, 0x00, 0x07, 0x00, 0x00, 0x00, 0x8A, 0x00, 0x00, 0x00,
    0x8A, 0x08, 0x00, 0x00, 0x1A, 0xA2, 0x0A, 0x00, 0x36, 0x41, 0xA2, 0xAA, 0x13, 0x12, 0x44, 0x22,
    0x00, 0x00, 0x00, 0x00, 0x00, 0x00, 0x00, 0x00, 0x00, 0x00, 0x00, 0x00, 0x00, 0x00, 0x00, 0x00,
    0x00, 0x00, 0x00, 0x00, 0x00, 0x70, 0x00, 0x00, 0x62, 0xF7, 0x0F, 0x4F, 0xF6, 0x8A, 0xFA, 0x14,
    0x00, 0x7A, 0x66, 0x66, 0x00, 0xA0, 0x7A, 0x77, 0x00, 0x00, 0xA0, 0xAA, 0x00, 0x00, 0x00, 0xA0,
    0x00, 0x00, 0x00, 0xA0, 0x00, 0x00, 0x00, 0xA0, 0x00, 0x00, 0x00, 0x8A, 0x00, 0x00, 0x00, 0xA8,
    0x44, 0x67, 0x16, 0x64, 0x47, 0x34, 0x61, 0x42, 0x7A, 0x66, 0xA3, 0x16, 0xA8, 0x7A, 0xA3, 0x48,
    0x68, 0x31, 0x61, 0x6A, 0x48, 0x12, 0x12, 0xA6, 0x78, 0x4A, 0x11, 0x41, 0x88, 0x2A, 0x64, 0x12,
    0x7A, 0x11, 0x16, 0xFF, 0xA6, 0x1A, 0x62, 0x42, 0x64, 0x4A, 0x61, 0x7F, 0x21, 0x66, 0x62, 0xF3,
    0x12, 0x36, 0x26, 0xF1, 0x6A, 0x21, 0x61, 0x26, 0x36, 0x12, 0x63, 0x64, 0x62, 0x61, 0x31, 0x41,
    0x44, 0x8A, 0x2F, 0x0F, 0xAF, 0xF6, 0x42, 0xFA, 0xAA, 0x2F, 0x74, 0xFA, 0x12, 0x41, 0x67, 0x7A,
    0x44, 0xA1, 0xAA, 0x6F, 0x44, 0x02, 0x0F, 0x26, 0xF1, 0x0F, 0xF4, 0x02, 0x06, 0xF4, 0xF2, 0x02,
    0x00, 0x00, 0xA0, 0x88, 0x00, 0x00, 0xA0, 0x78, 0x00, 0x00, 0xAA, 0x7A, 0x00, 0x00, 0x8A, 0x7A,
    0x00, 0xA0, 0xA7, 0xAA, 0x00, 0xA0, 0xA8, 0xAA, 0x00, 0xA0, 0xAA, 0xAA, 0x00, 0x8A, 0xAA, 0xA8,
    0xA7, 0x68, 0x37, 0x68, 0xA7, 0x67, 0x67, 0x78, 0xA8, 0x67, 0x48, 0x7A, 0x88, 0x67, 0x38, 0x8A,
    0x7A, 0x66, 0x6A, 0xFA, 0x7A, 0x66, 0xFF, 0x6F, 0x7A, 0x66, 0x2F, 0x26, 0x6A, 0x66, 0x6F, 0xF1,
    0x26, 0xF6, 0x16, 0x16, 0x13, 0xF0, 0x31, 0x06, 0xFF, 0x6F, 0x1F, 0x63, 0x1F, 0xF2, 0x00, 0x31,
    0x26, 0xF1, 0xF0, 0x10, 0xF2, 0x3F, 0x2F, 0x00, 0x6F, 0xF7, 0x31, 0x00, 0xFA, 0xAF, 0x13, 0x00,
    0x64, 0x22, 0x1F, 0x00, 0x41, 0x06, 0x01, 0x00, 0x10, 0x64, 0x00, 0x00, 0x06, 0x41, 0x06, 0x00,
    0x63, 0x16, 0x64, 0x00, 0x41, 0x61, 0x41, 0x66, 0x12, 0x14, 0x12, 0x26, 0x10, 0x16, 0x14, 0x16,
    0x00, 0x7A, 0xAA, 0xA8, 0x00, 0x78, 0xAA, 0xA7, 0xA0, 0x87, 0x8A, 0xA7, 0xA0, 0x87, 0x8A, 0xA7,
    0xA0, 0xA8, 0x7A, 0xA7, 0xA0, 0xA8, 0x7A, 0xF7, 0xA0, 0xA8, 0x78, 0xA7, 0xA0, 0xAA, 0x78, 0xA7,
    0x6A, 0xF6, 0x26, 0xFF, 0xF8, 0x6F, 0xF2, 0x6A, 0xF8, 0x21, 0x8F, 0x2F, 0xFF, 0x14, 0xAF, 0xFF,
    0x1F, 0x66, 0xFA, 0xA7, 0x61, 0x66, 0xFF, 0xFF, 0x67, 0x47, 0x6A, 0xFF, 0x67, 0x67, 0x7A, 0x67,
    0x26, 0xAF, 0xFF, 0x62, 0xF1, 0xF6, 0xF2, 0x2D, 0x6F, 0x2F, 0x42, 0x44, 0xF3, 0x1F, 0x11, 0x42,
    0x2F, 0x1F, 0x22, 0x26, 0x62, 0xF2, 0x3F, 0x01, 0x4F, 0x2F, 0x14, 0xA3, 0xFF, 0x42, 0x64, 0x26,
    0x20, 0x06, 0x11, 0x66, 0x46, 0x66, 0x10, 0x16, 0x14, 0x24, 0x11, 0x13, 0x41, 0x06, 0x00, 0x41,
    0xD4, 0x62, 0x00, 0x10, 0x62, 0x2D, 0x00, 0x00, 0x61, 0x00, 0x31, 0x00, 0x21, 0x00, 0x13, 0x00,
    0x00, 0x00, 0x00, 0x00, 0x00, 0x00, 0x00, 0x00, 0x00, 0x00, 0x00, 0x00, 0x00, 0x00, 0x00, 0x50,
    0x00, 0x00, 0x50, 0x23, 0x00, 0x00, 0x20, 0x22, 0x00, 0x00, 0x25, 0x22, 0x00, 0x00, 0x15, 0x22,
    0x00, 0x03, 0x00, 0x03, 0x00, 0x51, 0x50, 0x03, 0x55, 0x21, 0x35, 0x53, 0x13, 0x52, 0x53, 0x15,
    0x12, 0x22, 0x15, 0x25, 0x22, 0x22, 0x15, 0x35, 0x22, 0x52, 0x21, 0x35, 0x22, 0x12, 0x52, 0x52,
    0x00, 0x80, 0x21, 0x52, 0x00, 0x50, 0x11, 0x15, 0x00, 0x80, 0x22, 0x25, 0x00, 0x80, 0x23, 0x55,
    0x00, 0x30, 0x55, 0x53, 0x00, 0x50, 0x35, 0x25, 0x00, 0x00, 0x55, 0x55, 0x00, 0x00, 0x30, 0x25,
    0x31, 0x22, 0x12, 0x21, 0x51, 0x12, 0x25, 0x52, 0x35, 0x12, 0x51, 0x22, 0x23, 0x53, 0x51, 0x52,
    0x22, 0x15, 0x52, 0x53, 0x53, 0x55, 0x51, 0x75, 0x15, 0x71, 0x51, 0x43, 0x13, 0x41, 0x11, 0x11,
    0x00, 0x8A, 0xAA, 0xAA, 0xA0, 0x77, 0x78, 0x87, 0x7A, 0x46, 0x44, 0x76, 0x6A, 0x46, 0x44, 0x66,
    0x7A, 0x66, 0x64, 0x76, 0x7A, 0x77, 0x77, 0x77, 0x8A, 0x88, 0x88, 0x88, 0xA0, 0xAA, 0xAA, 0xAA,
    0xAA, 0xAA, 0x8A, 0x77, 0x0A, 0xA0, 0xAA, 0x88, 0x0A, 0x00, 0x00, 0xAA, 0x0A, 0x00, 0x00, 0x00,
    0x0A, 0x00, 0x00, 0x00, 0x0A, 0x00, 0x00, 0x00, 0x0A, 0x00, 0x00, 0x00, 0x00, 0x00, 0x00, 0x00,
    0xF7, 0x46, 0x66, 0x87, 0x77, 0x66, 0x76, 0x88, 0x88, 0x77, 0x87, 0xA8, 0xAA, 0x88, 0xA8, 0x0A,
    0x00, 0xAA, 0x0A, 0x00, 0x00, 0x00, 0x00, 0x00, 0x00, 0x00, 0x00, 0x00, 0x00, 0x00, 0x00, 0x00,
    0x01, 0x00, 0x00, 0x03, 0x0A, 0x00, 0x00, 0x00, 0x00, 0x00, 0x00, 0x00, 0x00, 0x00, 0x00, 0x00,
    0x00, 0x00, 0x00, 0x00, 0x00, 0x00, 0x00, 0x00, 0x00, 0x00, 0x00, 0x00, 0x00, 0x00, 0x00, 0x00,
    0x30, 0x00, 0x00, 0x00, 0x25, 0x00, 0x00, 0x00, 0x21, 0x05, 0x00, 0x00, 0x32, 0x05, 0x00, 0x00,
    0x53, 0x52, 0x00, 0x00, 0x53, 0x32, 0x00, 0x00, 0x55, 0x32, 0x00, 0x00, 0x51, 0x53, 0x00, 0x00,
    0x52, 0x35, 0x00, 0x00, 0x25, 0x03, 0x00, 0x00, 0x21, 0x55, 0x05, 0x00, 0x12, 0x32, 0x00, 0x00,
    0x25, 0x55, 0x00, 0x00, 0x35, 0x53, 0x00, 0x00, 0x55, 0x00, 0x00, 0x00, 0x05, 0x00, 0x00, 0x00,
    0x00, 0x00, 0x00, 0x00, 0x00, 0x00, 0x00, 0x00, 0x0F, 0x00, 0x00, 0x00, 0x00, 0x00, 0x00, 0x00,
    0x00, 0x00, 0x00, 0x00, 0x00, 0x00, 0x00, 0x00, 0x00, 0x00, 0x00, 0x00, 0x00, 0x00, 0x00, 0x00,
    0x00, 0x00, 0x00, 0x00, 0x00, 0x00, 0x00, 0x00, 0x00, 0x00, 0x00, 0x00, 0x00, 0x00, 0x00, 0x00,
    0x00, 0x00, 0x00, 0x00, 0x00, 0x00, 0x00, 0x00, 0x66, 0x00, 0x00, 0x00, 0x41, 0x00, 0x00, 0x00,
    0x14, 0x00, 0x00, 0x00, 0x41, 0x00, 0x00, 0x00, 0x00, 0x00, 0x00, 0x00, 0x06, 0x00, 0x00, 0x00,
    0x04, 0x00, 0x00, 0x00, 0x02, 0x00, 0x00, 0x00, 0x00, 0x00, 0x00, 0x00, 0x00, 0x00, 0x00, 0x00,
};
static const u16 sFrame1[] = {
    0x0006, 0x00D8, 0x81F8, 0x0000, 0x00C8, 0x41F8, 0x0010, 0x40F8, 0x41F8, 0x0014, 0x80C8, 0x0008,
    0x0018, 0x80E0, 0x0018, 0x001A, 0x00F0, 0x0018, 0x001C, 0x0000,
};
static const void* const sFrames1[] = { sFrame1 };
static const u8 sTiles2[1088] __attribute__((aligned(4))) = {
    0x00, 0x00, 0x00, 0x00, 0x00, 0x00, 0x00, 0x00, 0x00, 0x00, 0x00, 0x00, 0x00, 0x00, 0x00, 0x00,
    0x00, 0x00, 0x00, 0x00, 0x00, 0x00, 0x00, 0x00, 0x00, 0x00, 0x10, 0x00, 0x00, 0x00, 0x12, 0x02,
    0x7A, 0x66, 0x66, 0x44, 0xA0, 0x7A, 0x77, 0x47, 0x00, 0xA0, 0xAA, 0x7A, 0x00, 0x00, 0xA0, 0x38,
    0x00, 0x00, 0xA0, 0x18, 0x00, 0x00, 0xA0, 0x78, 0x00, 0x30, 0x8A, 0x78, 0x30, 0x01, 0xA8, 0x18,
    0x67, 0x11, 0x86, 0x6A, 0x24, 0x61, 0x8A, 0x26, 0x16, 0xA4, 0x46, 0x41, 0x2A, 0xA6, 0x12, 0x64,
    0x62, 0x63, 0x21, 0x66, 0x16, 0x12, 0x66, 0xAA, 0x6A, 0x21, 0x63, 0x14, 0x16, 0x13, 0x26, 0x21,
    0x61, 0x47, 0xF4, 0xF4, 0x14, 0x73, 0xF7, 0xA4, 0x36, 0xA6, 0x7A, 0xAA, 0x3A, 0x06, 0x60, 0x7F,
    0x1A, 0x13, 0x20, 0xA6, 0x21, 0x21, 0x00, 0xF2, 0x11, 0x04, 0x00, 0xF2, 0x46, 0x02, 0x00, 0x10,
    0x00, 0x31, 0x10, 0x04, 0x00, 0x13, 0x26, 0xD4, 0x20, 0x00, 0x42, 0x24, 0x11, 0x21, 0x14, 0x64,
    0x20, 0x66, 0x4D, 0x41, 0x00, 0xD0, 0x62, 0x64, 0x00, 0x20, 0x06, 0x62, 0x30, 0x01, 0x00, 0x01,
    0x10, 0xA3, 0x88, 0x31, 0x02, 0xA0, 0x18, 0x63, 0x06, 0xAA, 0x31, 0xA6, 0x00, 0x12, 0x63, 0x18,
    0x12, 0x41, 0xA6, 0x41, 0x66, 0x14, 0x16, 0x64, 0x10, 0x61, 0x41, 0x76, 0x41, 0x12, 0x64, 0x6A,
    0x31, 0x66, 0x62, 0x66, 0x16, 0x64, 0x31, 0xA6, 0x41, 0x46, 0x7A, 0x86, 0x64, 0x38, 0x8A, 0x76,
    0x66, 0x6A, 0x8A, 0x67, 0x66, 0x6A, 0xAA, 0x68, 0x66, 0x4A, 0xA6, 0x68, 0x66, 0xA6, 0x4A, 0x6A,
    0x00, 0x00, 0x00, 0x00, 0x00, 0x00, 0x00, 0x00, 0x0A, 0x00, 0x00, 0x00, 0x0A, 0x00, 0x00, 0x00,
    0x0A, 0x00, 0x00, 0x00, 0xA8, 0x00, 0x00, 0x00, 0xA7, 0x00, 0x00, 0x00, 0xA6, 0x00, 0x00, 0x00,
    0x10, 0x03, 0x00, 0x11, 0x03, 0x00, 0x10, 0x63, 0x00, 0x00, 0x41, 0x11, 0x00, 0x20, 0x64, 0x10,
    0x00, 0x00, 0x00, 0x40, 0x00, 0x00, 0x00, 0xA0, 0x00, 0x00, 0x00, 0xA0, 0x00, 0x00, 0x00, 0xA0,
    0x11, 0x41, 0xA6, 0x6A, 0x66, 0x66, 0xA7, 0x68, 0x16, 0x62, 0xA7, 0x68, 0x14, 0x86, 0xA7, 0x68,
    0x41, 0x76, 0xA7, 0x68, 0xA8, 0x7A, 0xA7, 0x68, 0xA8, 0x78, 0xA7, 0x67, 0xAA, 0x78, 0xA7, 0x67,
    0x76, 0xA4, 0x6A, 0x6A, 0x76, 0x84, 0xAA, 0x74, 0x76, 0x86, 0xAA, 0x76, 0x76, 0xA4, 0xAA, 0x83,
    0x46, 0x7A, 0xA7, 0x4A, 0x66, 0xAA, 0x6A, 0x6A, 0x47, 0x6A, 0x66, 0x4A, 0x67, 0x7A, 0x67, 0xAA,
    0xA6, 0x00, 0x00, 0x00, 0xA6, 0x00, 0x00, 0x00, 0xA6, 0x00, 0x00, 0x00, 0xA6, 0x00, 0x00, 0x00,
    0xA6, 0xAA, 0x00, 0x00, 0xA7, 0x66, 0x0A, 0x00, 0x6A, 0x44, 0xA6, 0x00, 0x46, 0x64, 0x76, 0x0A,
    0x00, 0x00, 0x00, 0x00, 0x00, 0x00, 0x00, 0xA0, 0x00, 0x00, 0x00, 0x7A, 0x00, 0x00, 0x00, 0x6A,
    0x00, 0x00, 0x00, 0x7A, 0x00, 0x00, 0x00, 0x7A, 0x00, 0x00, 0x00, 0x8A, 0x00, 0x00, 0x00, 0xA0,
    0x8A, 0xAA, 0xAA, 0xAA, 0x77, 0x78, 0x87, 0x0A, 0x46, 0x44, 0x76, 0x0A, 0x46, 0x44, 0x66, 0x0A,
    0x66, 0x64, 0x76, 0x0A, 0x77, 0x77, 0x77, 0x0A, 0x88, 0x88, 0x88, 0x0A, 0xAA, 0xAA, 0xAA, 0x00,
    0xAA, 0x8A, 0x77, 0x67, 0xA0, 0xAA, 0x88, 0x77, 0x00, 0x00, 0xAA, 0x88, 0x00, 0x00, 0x00, 0xAA,
    0x00, 0x00, 0x00, 0x00, 0x00, 0x00, 0x00, 0x00, 0x00, 0x00, 0x00, 0x00, 0x00, 0x00, 0x00, 0x00,
    0x46, 0x66, 0x87, 0x0A, 0x66, 0x76, 0x88, 0x0A, 0x77, 0x87, 0xA8, 0x00, 0x88, 0xA8, 0x0A, 0x00,
    0xAA, 0x0A, 0x00, 0x00, 0x00, 0x00, 0x00, 0x00, 0x00, 0x00, 0x00, 0x00, 0x00, 0x00, 0x00, 0x00,
    0x00, 0x00, 0x00, 0x00, 0x00, 0x00, 0x00, 0x00, 0x00, 0x00, 0x00, 0x55, 0x00, 0x00, 0x50, 0x13,
    0x00, 0x50, 0x23, 0x12, 0x00, 0x20, 0x22, 0x22, 0x00, 0x25, 0x22, 0x22, 0x00, 0x15, 0x22, 0x22,
    0x03, 0x00, 0x03, 0x30, 0x51, 0x50, 0x03, 0x25, 0x21, 0x35, 0x53, 0x21, 0x52, 0x53, 0x15, 0x32,
    0x22, 0x15, 0x25, 0x53, 0x22, 0x15, 0x35, 0x53, 0x52, 0x21, 0x35, 0x55, 0x12, 0x52, 0x52, 0x51,
    0x80, 0x21, 0x52, 0x31, 0x50, 0x11, 0x15, 0x51, 0x80, 0x22, 0x25, 0x35, 0x80, 0x23, 0x55, 0x23,
    0x30, 0x55, 0x53, 0x22, 0x50, 0x35, 0x25, 0x53, 0x00, 0x55, 0x55, 0x15, 0x00, 0x30, 0x25, 0x13,
    0x22, 0x12, 0x21, 0x52, 0x12, 0x25, 0x52, 0x25, 0x12, 0x51, 0x22, 0x21, 0x53, 0x51, 0x52, 0x12,
    0x15, 0x52, 0x53, 0x25, 0x55, 0x51, 0x75, 0x35, 0x71, 0x51, 0x43, 0x55, 0x41, 0x11, 0x11, 0x05,
    0x42, 0xAA, 0x4F, 0xF2, 0x2F, 0x74, 0x0A, 0x2F, 0xF8, 0x11, 0xF2, 0x24, 0x6A, 0x41, 0xF4, 0xF0,
    0xAF, 0x42, 0x14, 0x0F, 0x04, 0xFF, 0x22, 0xF6, 0xF2, 0x0F, 0x6F, 0xF2, 0x1F, 0xF2, 0xF0, 0x2F,
    0x01, 0x00, 0x00, 0x00, 0x00, 0x00, 0x00, 0x00, 0x00, 0x00, 0x00, 0x00, 0x00, 0x00, 0x00, 0x00,
    0x00, 0x00, 0x00, 0x00, 0x00, 0x00, 0x00, 0x00, 0x00, 0x00, 0x00, 0x00, 0x0F, 0xF0, 0x02, 0xFF,
    0x01, 0x00, 0x00, 0xFF, 0x00, 0x00, 0x00, 0xF0, 0x00, 0x00, 0x00, 0x00, 0x00, 0x00, 0x00, 0x00,
    0x00, 0x00, 0x00, 0x00, 0x00, 0x00, 0x00, 0x00, 0x00, 0x00, 0x00, 0x00, 0x00, 0x00, 0x00, 0x00,
    0xF2, 0x00, 0xFF, 0xFF, 0x6F, 0xFF, 0xFF, 0x00, 0xF0, 0x12, 0x0F, 0xFF, 0xF0, 0x21, 0x0F, 0x2F,
    0xF0, 0x6F, 0xF2, 0x60, 0x00, 0xF0, 0x26, 0xFF, 0x00, 0x00, 0x6F, 0xF1, 0x00, 0x00, 0x2F, 0x26,
    0x00, 0x70, 0x35, 0x15, 0x00, 0xAA, 0x57, 0x55, 0x80, 0xAA, 0x46, 0xA4, 0x80, 0x88, 0x67, 0xA7,
    0x80, 0x88, 0x7A, 0x76, 0x8A, 0x87, 0x68, 0x87, 0x6A, 0x77, 0xA8, 0x4A, 0x6A, 0x66, 0x77, 0xA7,
    0x11, 0x11, 0x51, 0x00, 0x13, 0x31, 0x65, 0x00, 0x31, 0xA3, 0xAA, 0x07, 0x1A, 0x8A, 0x87, 0x8A,
    0xA1, 0x4A, 0x78, 0x8A, 0x63, 0x24, 0x41, 0x7A, 0x26, 0x14, 0x63, 0x3A, 0x4A, 0x21, 0x31, 0x13,
    0x00, 0x00, 0x00, 0x00, 0x00, 0x00, 0x00, 0x00, 0x00, 0x00, 0x00, 0x00, 0x00, 0x00, 0x00, 0x00,
    0x08, 0x00, 0x00, 0x00, 0xA8, 0x0A, 0x40, 0x01, 0x77, 0xA7, 0xFA, 0xF4, 0x16, 0x46, 0x67, 0x2F,
    0x00, 0x00, 0x00, 0x00, 0x00, 0x00, 0x00, 0x00, 0x00, 0x00, 0x00, 0x00, 0x00, 0x00, 0x00, 0x00,
    0xF0, 0x00, 0x00, 0x00, 0xFF, 0x67, 0x02, 0x00, 0xAA, 0xF0, 0x26, 0x02, 0x84, 0x0A, 0xF0, 0x1F,
    0x00, 0x00, 0xFF, 0x6F, 0x00, 0x00, 0x00, 0xF0, 0x00, 0x00, 0x00, 0x00, 0x00, 0x00, 0x00, 0x00,
    0x00, 0x00, 0x00, 0x00, 0x00, 0x00, 0x00, 0x00, 0x00, 0x00, 0x00, 0x00, 0x00, 0x00, 0x00, 0x00,
    0xF2, 0x0F, 0x0F, 0x00, 0x26, 0x61, 0x00, 0x00, 0x1F, 0x64, 0x00, 0x00, 0xFF, 0x1F, 0x06, 0x00,
    0x00, 0xFF, 0x01, 0x00, 0x00, 0x00, 0x0F, 0x00, 0x00, 0x00, 0x00, 0x00, 0x00, 0x00, 0x00, 0x00,
    0x00, 0x00, 0x00, 0x00, 0x00, 0x00, 0x00, 0x00, 0x05, 0x00, 0x00, 0x00, 0x05, 0x00, 0x00, 0x00,
    0x52, 0x00, 0x00, 0x00, 0x32, 0x00, 0x00, 0x00, 0x32, 0x00, 0x00, 0x00, 0x53, 0x00, 0x00, 0x00,
    0x35, 0x00, 0x00, 0x00, 0x03, 0x00, 0x00, 0x00, 0x55, 0x05, 0x00, 0x00, 0x32, 0x00, 0x00, 0x00,
    0x55, 0x00, 0x00, 0x00, 0x53, 0x00, 0x00, 0x00, 0x00, 0x00, 0x00, 0x00, 0x00, 0x00, 0x00, 0x00,
    0x00, 0x00, 0x00, 0x00, 0x00, 0x00, 0x00, 0x00, 0x00, 0x00, 0x00, 0x00, 0x00, 0x00, 0x00, 0x00,
    0x00, 0x00, 0x00, 0x00, 0xF0, 0x00, 0x00, 0x00, 0xFF, 0x02, 0xF0, 0x00, 0x0F, 0x2F, 0xFF, 0x00,
    0x02, 0xF2, 0x0F, 0x00, 0x2F, 0x1F, 0x2F, 0x00, 0xF0, 0xFF, 0xF2, 0x02, 0x6F, 0x2F, 0x00, 0xFF,
    0xF1, 0xF0, 0xF2, 0x0F, 0x26, 0x0F, 0xFF, 0x00, 0xF0, 0x0F, 0xFF, 0x00, 0x0F, 0xF0, 0x0F, 0x00,
};
static const u16 sFrame2[] = {
    0x0007, 0x00E0, 0x81F0, 0x0000, 0x00C8, 0x41F8, 0x0010, 0x00E0, 0x4010, 0x0014, 0x40D8, 0x41F8,
    0x0018, 0x40F0, 0x0018, 0x001C, 0x80C8, 0x0008, 0x001E, 0x80E0, 0x0020, 0x0020, 0x0000,
};
static const void* const sFrames2[] = { sFrame2 };
static const u8 sTiles3[1056] __attribute__((aligned(4))) = {
    0x00, 0x66, 0x14, 0x16, 0x00, 0x00, 0x46, 0x61, 0x00, 0x00, 0x68, 0x14, 0x00, 0x00, 0x88, 0x46,
    0x00, 0x00, 0x88, 0x68, 0x00, 0xA0, 0x78, 0x88, 0x00, 0xA0, 0x76, 0x87, 0x00, 0xA0, 0x66, 0x76,
    0x14, 0x11, 0x11, 0x13, 0x36, 0x31, 0x11, 0x53, 0x64, 0x13, 0x33, 0xAA, 0x71, 0x36, 0xA1, 0x78,
    0x14, 0x67, 0x13, 0x88, 0x46, 0x61, 0x61, 0x6A, 0x6A, 0x14, 0x13, 0x16, 0x77, 0x46, 0x36, 0x21,
    0x05, 0x00, 0x00, 0x00, 0x06, 0x00, 0x00, 0x00, 0x7A, 0x00, 0x00, 0x00, 0xA8, 0x08, 0x00, 0x00,
    0x31, 0x88, 0x00, 0x00, 0xA2, 0x87, 0xAA, 0x00, 0x26, 0x21, 0x47, 0xA2, 0x63, 0x14, 0x11, 0x74,
    0x00, 0x00, 0x00, 0x00, 0x00, 0x00, 0x00, 0x00, 0x00, 0x00, 0x00, 0x00, 0x00, 0x10, 0x00, 0x00,
    0x00, 0xF1, 0x22, 0x0F, 0x20, 0x2F, 0x4F, 0xF0, 0x2A, 0x4F, 0xFA, 0x1F, 0x62, 0xF7, 0x28, 0x44,
    0x00, 0xA0, 0x67, 0x66, 0x00, 0x00, 0xAA, 0x77, 0x00, 0x00, 0x00, 0xAA, 0x00, 0x00, 0x00, 0x00,
    0x00, 0x00, 0x00, 0x00, 0x00, 0x00, 0x00, 0x00, 0x00, 0x00, 0x00, 0xA0, 0x00, 0x00, 0x00, 0x80,
    0x46, 0x64, 0x16, 0x12, 0x77, 0x14, 0x62, 0x63, 0xAA, 0x37, 0x26, 0x66, 0x8A, 0xAA, 0x16, 0x84,
    0x8A, 0xA6, 0x26, 0xA1, 0x8A, 0xA7, 0x6A, 0x11, 0x88, 0xA7, 0x48, 0x21, 0x8A, 0xA8, 0x27, 0x14,
    0xA6, 0x67, 0x21, 0x21, 0x21, 0xA6, 0x16, 0x13, 0x12, 0xA4, 0x30, 0xFA, 0x46, 0x61, 0x30, 0x00,
    0x66, 0x24, 0x16, 0x03, 0xAA, 0x46, 0x01, 0x00, 0x31, 0x13, 0x16, 0x00, 0x63, 0x36, 0x60, 0x00,
    0xF4, 0xA4, 0x18, 0x44, 0x47, 0x6A, 0x14, 0x21, 0xAF, 0x4A, 0xF2, 0xA7, 0x8F, 0x24, 0x7F, 0xF6,
    0xF0, 0xF2, 0xAA, 0x0A, 0x41, 0x0F, 0x00, 0x6F, 0xF4, 0xF0, 0x7F, 0x26, 0x00, 0x00, 0x07, 0x00,
    0x00, 0xA0, 0xA7, 0x8A, 0x00, 0x80, 0xA7, 0x7A, 0x00, 0x7A, 0xA8, 0x78, 0x00, 0x7A, 0xA8, 0x78,
    0x00, 0x8A, 0xAA, 0x77, 0x00, 0x8A, 0xAA, 0x77, 0x00, 0x8A, 0x8A, 0x77, 0x00, 0xAA, 0x8A, 0x77,
    0xAA, 0x66, 0x47, 0xAA, 0x8A, 0x66, 0x47, 0xA8, 0x8A, 0x66, 0x67, 0xA8, 0x8A, 0x66, 0x47, 0xAA,
    0x8A, 0x66, 0xA4, 0x77, 0x8A, 0x66, 0xA6, 0xAA, 0x7A, 0x76, 0xA4, 0x66, 0x7A, 0x76, 0xA6, 0x77,
    0xA6, 0x66, 0x0A, 0x00, 0x4A, 0x67, 0x0A, 0x00, 0x6A, 0x67, 0x0A, 0x00, 0x3A, 0x68, 0x0A, 0x00,
    0xAA, 0x64, 0xAA, 0x0A, 0xA6, 0x76, 0x6A, 0xA6, 0xA6, 0xA4, 0x46, 0x64, 0xA6, 0x6A, 0x44, 0x66,
    0x00, 0x00, 0x00, 0x00, 0x00, 0x00, 0x00, 0x00, 0x00, 0x00, 0x00, 0x00, 0x00, 0x00, 0x00, 0x00,
    0x00, 0x00, 0x00, 0x00, 0x00, 0x00, 0x00, 0x00, 0x0A, 0x00, 0x00, 0x00, 0xA7, 0x00, 0x00, 0x00,
    0x00, 0xA0, 0xA8, 0xAA, 0x00, 0x7A, 0x87, 0x77, 0xA0, 0x67, 0x44, 0x64, 0xA0, 0x66, 0x44, 0x64,
    0xA0, 0x67, 0x46, 0x66, 0xA0, 0x77, 0x77, 0x77, 0xA0, 0x88, 0x88, 0x88, 0x00, 0xAA, 0xAA, 0xAA,
    0xAA, 0xAA, 0xAA, 0x78, 0xA8, 0x00, 0xAA, 0x8A, 0xA7, 0x00, 0x00, 0xA0, 0xA6, 0x00, 0x00, 0x00,
    0xA7, 0x00, 0x00, 0x00, 0xA7, 0x00, 0x00, 0x00, 0xA8, 0x00, 0x00, 0x00, 0x0A, 0x00, 0x00, 0x00,
    0x77, 0x66, 0x64, 0x76, 0x78, 0x67, 0x66, 0x87, 0x8A, 0x78, 0x77, 0x88, 0xA0, 0x8A, 0x88, 0xAA,
    0x00, 0xA0, 0xAA, 0x00, 0x00, 0x00, 0x00, 0x00, 0x00, 0x00, 0x00, 0x00, 0x00, 0x00, 0x00, 0x00,
    0xA8, 0x00, 0x00, 0x00, 0xA8, 0x00, 0x00, 0x00, 0x0A, 0x00, 0x00, 0x00, 0x00, 0x00, 0x00, 0x00,
    0x00, 0x00, 0x00, 0x00, 0x00, 0x00, 0x00, 0x00, 0x00, 0x00, 0x00, 0x00, 0x00, 0x00, 0x00, 0x00,
    0x00, 0x00, 0x00, 0x00, 0x00, 0x00, 0x00, 0x00, 0x00, 0x00, 0x00, 0x00, 0x00, 0x00, 0x00, 0x00,
    0x00, 0x00, 0x00, 0x35, 0x00, 0x30, 0x00, 0x22, 0x00, 0x00, 0x31, 0x22, 0x00, 0x00, 0x13, 0x21,
    0x00, 0x30, 0x00, 0x30, 0x00, 0x10, 0x05, 0x35, 0x50, 0x15, 0x52, 0x33, 0x35, 0x21, 0x35, 0x55,
    0x22, 0x21, 0x52, 0x51, 0x12, 0x22, 0x52, 0x51, 0x12, 0x22, 0x15, 0x52, 0x16, 0x32, 0x21, 0x25,
    0x20, 0x00, 0x18, 0xD2, 0x40, 0x01, 0x15, 0x26, 0x60, 0x14, 0x28, 0x62, 0x00, 0x31, 0x11, 0x42,
    0x14, 0x61, 0x51, 0x66, 0x41, 0x66, 0x11, 0x63, 0x14, 0x61, 0x41, 0x61, 0x66, 0x62, 0x21, 0x41,
    0x26, 0x13, 0x23, 0x11, 0x4D, 0x62, 0x21, 0x22, 0x14, 0x24, 0x11, 0x21, 0x41, 0x44, 0x24, 0x25,
    0x64, 0xD2, 0x21, 0x35, 0x32, 0x26, 0x15, 0x55, 0x51, 0x11, 0x31, 0x35, 0x21, 0x11, 0x13, 0x11,
    0x00, 0x00, 0x00, 0x00, 0x00, 0x00, 0x00, 0x00, 0x00, 0x00, 0x00, 0x00, 0x00, 0x00, 0x00, 0x00,
    0x00, 0x00, 0x00, 0x0F, 0x00, 0x00, 0x20, 0xFF, 0xF0, 0x0F, 0xF2, 0xF0, 0x00, 0xFF, 0x2F, 0x20,
    0x00, 0x00, 0x00, 0x00, 0x00, 0x00, 0x00, 0x00, 0x00, 0x00, 0x00, 0x00, 0x00, 0x00, 0x00, 0x00,
    0x00, 0x00, 0x00, 0x00, 0x00, 0x00, 0x00, 0x00, 0xFF, 0x00, 0x00, 0x00, 0xFF, 0xFF, 0x00, 0x16,
    0x00, 0xF2, 0xF1, 0xF2, 0x20, 0x2F, 0xFF, 0x0F, 0xFF, 0x00, 0xF2, 0xF6, 0xF0, 0x2F, 0x0F, 0x1F,
    0x00, 0xFF, 0xF0, 0x62, 0x00, 0xFF, 0xF0, 0x0F, 0x00, 0xF0, 0x0F, 0xF0, 0x00, 0xF2, 0xFF, 0x2F,
    0x00, 0x0F, 0x66, 0xF1, 0xFF, 0xF0, 0x41, 0xFF, 0xF2, 0xF0, 0x12, 0x0F, 0x06, 0x2F, 0xF6, 0x0F,
    0xFF, 0x62, 0x0F, 0x00, 0x1F, 0xF6, 0x00, 0x00, 0x62, 0xF2, 0x00, 0x00, 0xF6, 0xFF, 0x00, 0x00,
    0x00, 0x0F, 0x1F, 0x62, 0x00, 0x00, 0x2F, 0xF1, 0x00, 0xF0, 0xF6, 0xFF, 0x00, 0x2F, 0x0F, 0x00,
    0xFF, 0xF2, 0x0F, 0x00, 0x26, 0xFF, 0x00, 0x00, 0x62, 0x0F, 0x00, 0x00, 0xF2, 0x00, 0x00, 0x00,
    0x0F, 0x00, 0x00, 0x00, 0x00, 0x00, 0x00, 0x00, 0x00, 0x00, 0x00, 0x00, 0x00, 0x00, 0x00, 0x00,
    0x00, 0x00, 0x00, 0x00, 0x00, 0x00, 0x00, 0x00, 0x00, 0x00, 0x00, 0x00, 0x00, 0x00, 0x00, 0x00,
    0x00, 0x00, 0x00, 0x8A, 0x00, 0x00, 0x00, 0x8A, 0x00, 0x00, 0xA0, 0xAA, 0x00, 0x00, 0xA0, 0xA8,
    0x00, 0x00, 0x7A, 0xAA, 0x00, 0x00, 0x8A, 0xAA, 0x00, 0x00, 0xAA, 0xAA, 0x00, 0xA0, 0xA8, 0x8A,
    0x78, 0x8A, 0x76, 0x23, 0x77, 0x7A, 0x76, 0x86, 0x87, 0x7A, 0x86, 0xA4, 0x87, 0x78, 0x86, 0xA3,
    0xAA, 0x67, 0xA6, 0xA6, 0xAA, 0x67, 0xA6, 0xA6, 0xAA, 0x67, 0xA6, 0x64, 0xAA, 0x66, 0x66, 0xAA,
    0x00, 0x03, 0x00, 0x00, 0x50, 0x02, 0x00, 0x00, 0x15, 0x52, 0x00, 0x00, 0x21, 0x53, 0x00, 0x00,
    0x32, 0x25, 0x05, 0x00, 0x33, 0x25, 0x03, 0x00, 0x53, 0x25, 0x03, 0x00, 0x15, 0x35, 0x05, 0x00,
    0x22, 0x55, 0x03, 0x00, 0x55, 0x32, 0x00, 0x00, 0x12, 0x52, 0x55, 0x00, 0x25, 0x21, 0x03, 0x00,
    0x55, 0x52, 0x05, 0x00, 0x57, 0x33, 0x05, 0x00, 0x54, 0x05, 0x00, 0x00, 0x51, 0x00, 0x00, 0x00,
    0x00, 0x00, 0x00, 0x00, 0x00, 0x00, 0x00, 0x00, 0x00, 0x00, 0x00, 0x00, 0x00, 0x00, 0x00, 0x00,
    0x00, 0x00, 0x00, 0x00, 0x00, 0x00, 0x00, 0x00, 0x00, 0x00, 0x00, 0x00, 0x0F, 0x00, 0x00, 0x00,
    0x0F, 0x0F, 0x00, 0x00, 0xFF, 0x02, 0x00, 0x00, 0xF0, 0x01, 0x00, 0x00, 0x24, 0x1F, 0x00, 0x00,
    0xFF, 0x01, 0x00, 0x00, 0x22, 0x00, 0x00, 0x00, 0x00, 0x00, 0x00, 0x00, 0x00, 0x00, 0x00, 0x00,
    0x61, 0x0A, 0x00, 0x00, 0x67, 0x0A, 0x00, 0x00, 0x67, 0xA8, 0x00, 0x00, 0x68, 0xA7, 0x00, 0x00,
    0x78, 0xA6, 0x00, 0x00, 0x8A, 0x86, 0x0A, 0x00, 0x8A, 0x76, 0x0A, 0x00, 0xA4, 0x66, 0x0A, 0x00,
};
static const u16 sFrame3[] = {
    0x000A, 0x40D8, 0x81F6, 0x0000, 0x40F0, 0x81F6, 0x0008, 0x00C8, 0x41F6, 0x0010, 0x00C8, 0x4016,
    0x0014, 0x40D8, 0x0016, 0x0018, 0x40E8, 0x01F6, 0x001A, 0x80C8, 0x0006, 0x001C, 0x00C8, 0x0026,
    0x001E, 0x00E0, 0x0016, 0x001F, 0x00E8, 0x0006, 0x0020, 0x0000,
};
static const void* const sFrames3[] = { sFrame3 };
static const u8 sTiles4[864] __attribute__((aligned(4))) = {
    0x00, 0x00, 0x00, 0x00, 0x00, 0x00, 0x00, 0x00, 0x00, 0x00, 0x00, 0x00, 0x00, 0x00, 0x00, 0x00,
    0x00, 0x00, 0x00, 0x30, 0x00, 0x00, 0x00, 0x22, 0x00, 0x00, 0x13, 0x33, 0x00, 0x00, 0x40, 0xA3,
    0x40, 0x00, 0x00, 0x00, 0x30, 0x00, 0x00, 0x50, 0x20, 0x22, 0x00, 0x50, 0x20, 0x12, 0x04, 0x50,
    0x23, 0x11, 0x01, 0x15, 0xA0, 0x7A, 0x52, 0x33, 0x7A, 0x77, 0xAA, 0x55, 0x77, 0x77, 0x57, 0x13,
    0x55, 0x11, 0x13, 0x21, 0x23, 0x15, 0x31, 0x23, 0x11, 0x53, 0x33, 0x12, 0x31, 0x32, 0x55, 0x31,
    0x53, 0x51, 0x12, 0x13, 0x15, 0x32, 0x31, 0x35, 0x21, 0x15, 0x53, 0x55, 0x32, 0x35, 0x15, 0x57,
    0x53, 0x33, 0x12, 0x05, 0x11, 0x35, 0x53, 0x05, 0x53, 0x21, 0x35, 0x32, 0x31, 0x55, 0x23, 0x55,
    0x15, 0x35, 0x55, 0x05, 0x52, 0x52, 0x52, 0x00, 0x53, 0x57, 0x35, 0x15, 0x35, 0x34, 0x05, 0x10,
    0x00, 0x00, 0x20, 0xA3, 0x00, 0xA0, 0xAA, 0x6A, 0x00, 0x4A, 0x44, 0x64, 0xAA, 0x4A, 0x64, 0x76,
    0x44, 0x6A, 0x76, 0x77, 0x46, 0xA6, 0x77, 0xAA, 0x86, 0x66, 0xFA, 0x21, 0x68, 0xA6, 0x7F, 0x0A,
    0xAA, 0xAA, 0x4A, 0x56, 0x46, 0x44, 0x64, 0x77, 0x67, 0x66, 0x77, 0xAA, 0x77, 0x77, 0xAA, 0x88,
    0xAA, 0xAA, 0x77, 0x8A, 0x33, 0x7A, 0x77, 0xA7, 0x00, 0x7A, 0xA7, 0x7A, 0xA0, 0x7A, 0xA7, 0x66,
    0x55, 0x53, 0x21, 0x14, 0x3A, 0x52, 0x13, 0x11, 0x18, 0x3A, 0x38, 0x11, 0x37, 0x16, 0x87, 0x35,
    0x16, 0x7A, 0x43, 0x1A, 0xA3, 0x88, 0x16, 0x73, 0x8A, 0x46, 0x3A, 0x04, 0x48, 0xAA, 0x4A, 0x46,
    0x15, 0x55, 0x00, 0x20, 0x11, 0x48, 0x01, 0x40, 0x81, 0x07, 0x03, 0x43, 0x08, 0x00, 0x00, 0x44,
    0x32, 0x01, 0x00, 0x40, 0x14, 0x22, 0x22, 0x42, 0x34, 0x60, 0x23, 0x43, 0x22, 0x41, 0x23, 0x22,
    0xA6, 0xFA, 0x46, 0xA4, 0x4A, 0xF4, 0x66, 0x46, 0x42, 0x14, 0x7F, 0x77, 0xFF, 0x22, 0xF8, 0x46,
    0x7F, 0x8F, 0x82, 0x6F, 0xF3, 0xF7, 0x38, 0xF8, 0x77, 0x88, 0x8F, 0x82, 0x88, 0x46, 0xF6, 0x38,
    0xAA, 0x44, 0x77, 0x6A, 0x44, 0x77, 0x44, 0x84, 0x77, 0x47, 0x66, 0x86, 0x44, 0x64, 0x66, 0x68,
    0x66, 0x66, 0x86, 0x48, 0x88, 0x88, 0x48, 0xA6, 0x4F, 0x46, 0xA6, 0x0A, 0xF8, 0xAA, 0xAA, 0x00,
    0x68, 0xA4, 0xAA, 0x00, 0xA6, 0x46, 0x88, 0x0A, 0xA4, 0xAA, 0x46, 0xA6, 0x7A, 0x67, 0xAA, 0xAA,
    0x7A, 0x67, 0x46, 0xA4, 0x77, 0x77, 0x46, 0xA4, 0xAA, 0x7F, 0x67, 0xA4, 0xF0, 0x3F, 0x77, 0xAF,
    0x46, 0x23, 0x22, 0x22, 0x60, 0x55, 0x34, 0x32, 0x00, 0x00, 0x60, 0x35, 0x00, 0x00, 0x00, 0x47,
    0x00, 0x00, 0x00, 0x00, 0x00, 0x00, 0x00, 0x00, 0x00, 0x00, 0x00, 0x00, 0xA0, 0xAA, 0x0A, 0x00,
    0x46, 0xAA, 0xAA, 0x8F, 0xAA, 0x77, 0x0A, 0xF0, 0x76, 0xAA, 0x00, 0x00, 0xA6, 0x00, 0x00, 0x00,
    0xA4, 0x00, 0x00, 0x00, 0xA4, 0x00, 0x00, 0x00, 0xA4, 0x00, 0x00, 0x00, 0x0A, 0x00, 0x00, 0x00,
    0x82, 0xAF, 0x00, 0xF0, 0x38, 0xF8, 0xF0, 0xFF, 0x8F, 0x82, 0xFF, 0x0F, 0xF0, 0x28, 0xF1, 0xF0,
    0x00, 0x1F, 0xF3, 0xF0, 0x00, 0xFF, 0x26, 0x0F, 0x00, 0x00, 0x6F, 0xF2, 0x00, 0x00, 0xF0, 0x16,
    0xFF, 0xF7, 0xF3, 0x6F, 0x3F, 0x37, 0xFF, 0xA7, 0xFA, 0xF3, 0xF1, 0x73, 0xAF, 0xFF, 0x3F, 0x3F,
    0xF3, 0xF6, 0x73, 0xF7, 0x16, 0x7F, 0x3F, 0xFF, 0x6F, 0xF3, 0xF7, 0x6F, 0x0F, 0xFF, 0xF7, 0xAF,
    0x4A, 0x44, 0xA4, 0x00, 0x46, 0x64, 0x76, 0x0A, 0x67, 0x66, 0x77, 0x0A, 0x77, 0x77, 0x67, 0x0A,
    0x7F, 0x77, 0x46, 0x0A, 0x67, 0x64, 0xA4, 0x00, 0xA4, 0xAA, 0x0A, 0x00, 0x0A, 0x00, 0x00, 0x00,
    0x00, 0x00, 0x00, 0x00, 0x00, 0x00, 0x00, 0x00, 0x00, 0x00, 0x00, 0xF0, 0x00, 0x60, 0x01, 0xFF,
    0x00, 0xF0, 0xF6, 0x4A, 0xA0, 0xAA, 0xAF, 0x44, 0x7A, 0xF7, 0xA7, 0x44, 0x4A, 0xF4, 0xA6, 0x66,
    0x6A, 0x86, 0x66, 0xAA, 0x7A, 0x66, 0x6F, 0x66, 0xA0, 0x37, 0x76, 0x7F, 0xA0, 0x76, 0xF3, 0x76,
    0xA0, 0x44, 0xF2, 0xF2, 0x00, 0x6A, 0x16, 0x1F, 0x00, 0x7A, 0x76, 0x71, 0x00, 0xAA, 0x87, 0x88,
    0x00, 0x6A, 0x4A, 0x46, 0x00, 0x4A, 0xA6, 0xAA, 0x00, 0x6F, 0x76, 0x77, 0xA0, 0x44, 0x76, 0x67,
    0xA0, 0x66, 0x76, 0x67, 0xA0, 0x44, 0x76, 0x66, 0xA0, 0x66, 0x77, 0x46, 0x00, 0x6A, 0x77, 0x67,
    0x00, 0xA0, 0xAA, 0xAA, 0x00, 0x00, 0x00, 0x00, 0x00, 0x00, 0x00, 0x00, 0x00, 0x00, 0x00, 0x00,
    0x00, 0x00, 0x00, 0x00, 0x00, 0x00, 0x00, 0x00, 0x00, 0x00, 0x00, 0x00, 0x00, 0x00, 0x00, 0x00,
    0x00, 0x00, 0x00, 0x00, 0x00, 0x00, 0x00, 0x05, 0x00, 0x00, 0x00, 0x53, 0x00, 0x00, 0x50, 0x31,
    0x00, 0x50, 0x35, 0x21, 0x00, 0x35, 0x13, 0x52, 0x30, 0x31, 0x52, 0x33, 0x25, 0x31, 0x35, 0x12,
    0x00, 0x05, 0x00, 0x00, 0x00, 0x53, 0x00, 0x00, 0x50, 0x51, 0x00, 0x00, 0x35, 0x51, 0x50, 0x00,
    0x15, 0x52, 0x53, 0x00, 0x31, 0x35, 0x51, 0x50, 0x13, 0x15, 0x52, 0x53, 0x21, 0x25, 0x33, 0x51,
    0x00, 0x00, 0xF0, 0x62, 0x00, 0x00, 0xF0, 0xFF, 0x00, 0x00, 0x00, 0x00, 0x00, 0x00, 0x00, 0x00,
    0x00, 0x00, 0x00, 0x00, 0x00, 0x00, 0x00, 0x00, 0x00, 0x00, 0x00, 0x00, 0x00, 0x00, 0x00, 0x00,
    0xF2, 0xA0, 0xFF, 0x00, 0x26, 0xFF, 0xF0, 0x00, 0x6F, 0x12, 0x06, 0x00, 0xF0, 0x61, 0x06, 0x00,
    0xF0, 0xFF, 0x61, 0x00, 0x00, 0xF0, 0x1F, 0x00, 0x00, 0x00, 0xF0, 0x00, 0x00, 0x00, 0x00, 0x00,
    0x00, 0x00, 0x00, 0x00, 0x00, 0x00, 0x00, 0x00, 0x05, 0x00, 0x00, 0x00, 0x00, 0x00, 0x00, 0x00,
    0x00, 0x00, 0x00, 0x00, 0x00, 0x00, 0x00, 0x00, 0x02, 0x00, 0x00, 0x00, 0x30, 0x21, 0x00, 0x00,
    0x32, 0x02, 0x11, 0x00, 0x24, 0x22, 0x22, 0x00, 0x24, 0x44, 0x04, 0x00, 0x22, 0x44, 0x00, 0x00,
    0x44, 0x44, 0x10, 0x03, 0x24, 0x70, 0x12, 0x12, 0x26, 0x00, 0x00, 0x00, 0x12, 0x11, 0x00, 0x00,
    0x21, 0x23, 0x22, 0x00, 0x43, 0x13, 0x44, 0x03, 0x42, 0x22, 0x07, 0x00, 0x22, 0x32, 0x00, 0x00,
    0x34, 0x02, 0x00, 0x00, 0x00, 0x00, 0x00, 0x00, 0x00, 0x00, 0x00, 0x00, 0x00, 0x00, 0x00, 0x00,
};
static const u16 sFrame4[] = {
    0x0006, 0x00DE, 0x81F4, 0x0000, 0x80E6, 0x41EC, 0x0010, 0x40D6, 0x0004, 0x0014, 0x40FE, 0x01FC,
    0x0016, 0x80DE, 0x0014, 0x0018, 0x00EE, 0x0014, 0x001A, 0x0000,
};
static const void* const sFrames4[] = { sFrame4 };
static const u8 sTiles5[1024] __attribute__((aligned(4))) = {
    0x00, 0x00, 0x00, 0x00, 0x00, 0x00, 0x00, 0x00, 0x00, 0x00, 0x00, 0x00, 0x00, 0x00, 0x00, 0x00,
    0x00, 0x00, 0x00, 0x00, 0x00, 0x00, 0x00, 0x00, 0x00, 0x00, 0x00, 0x00, 0x00, 0x00, 0x00, 0x13,
    0x00, 0x00, 0x00, 0x00, 0x00, 0x40, 0x00, 0x00, 0x00, 0x30, 0x00, 0x00, 0x00, 0x20, 0x22, 0x00,
    0x00, 0x20, 0x12, 0x04, 0x30, 0x23, 0x11, 0x51, 0x22, 0xA0, 0x7A, 0x12, 0x33, 0x7A, 0x77, 0x5A,
    0x00, 0x55, 0x11, 0x13, 0x50, 0x23, 0x15, 0x31, 0x50, 0x11, 0x53, 0x33, 0x50, 0x31, 0x32, 0x55,
    0x15, 0x53, 0x51, 0x12, 0x33, 0x15, 0x32, 0x31, 0x55, 0x21, 0x15, 0x53, 0x13, 0x32, 0x35, 0x15,
    0x21, 0x53, 0x33, 0x12, 0x23, 0x11, 0x35, 0x53, 0x12, 0x53, 0x21, 0x35, 0x31, 0x31, 0x55, 0x23,
    0x13, 0x15, 0x35, 0x55, 0x35, 0x52, 0x52, 0x52, 0x55, 0x53, 0x57, 0x35, 0x57, 0x35, 0x34, 0x05,
    0x00, 0x00, 0x00, 0x40, 0x00, 0x00, 0x00, 0x20, 0x00, 0x00, 0xA0, 0xAA, 0xF0, 0x00, 0x4A, 0x44,
    0xFF, 0xAA, 0x4A, 0x64, 0x4A, 0x44, 0x6A, 0x76, 0x44, 0x46, 0xA6, 0x77, 0x44, 0x86, 0x66, 0xFA,
    0xA3, 0x77, 0x77, 0xA7, 0xA3, 0xAA, 0xAA, 0x4A, 0x6A, 0x46, 0x44, 0x64, 0x64, 0x67, 0x66, 0x77,
    0x76, 0x77, 0x77, 0xAA, 0x77, 0xAA, 0xAA, 0x77, 0xAA, 0x33, 0x7A, 0x77, 0x21, 0x00, 0x7A, 0xA7,
    0x5A, 0x55, 0x53, 0x21, 0x76, 0x37, 0x52, 0x13, 0x77, 0xAA, 0x71, 0x38, 0xAA, 0x18, 0x3A, 0x87,
    0x88, 0x37, 0x16, 0x87, 0x8A, 0x16, 0x7A, 0x43, 0xA7, 0xA3, 0x88, 0x16, 0x7A, 0x8A, 0x46, 0x3A,
    0x14, 0x15, 0x55, 0x00, 0x11, 0x11, 0x08, 0x00, 0x11, 0x81, 0x00, 0x01, 0x35, 0xA8, 0x00, 0x03,
    0x36, 0x0A, 0x00, 0x00, 0x1A, 0x32, 0x01, 0x00, 0x73, 0x14, 0x22, 0x22, 0x04, 0x34, 0x60, 0x23,
    0x66, 0x68, 0xA6, 0x7F, 0xAA, 0xA6, 0xFA, 0x46, 0x66, 0x4A, 0xF4, 0x66, 0x7F, 0x42, 0x14, 0x7F,
    0x76, 0xFF, 0x22, 0xF8, 0xF2, 0x7F, 0x8F, 0x82, 0x1F, 0xF3, 0xF7, 0x38, 0x71, 0x77, 0x88, 0x8F,
    0x0A, 0xA0, 0x7A, 0xA7, 0xA4, 0xAA, 0x44, 0x77, 0x46, 0x44, 0x77, 0x44, 0x77, 0x77, 0x47, 0x66,
    0x46, 0x44, 0x64, 0x66, 0x6F, 0x66, 0x66, 0x86, 0xF8, 0x88, 0x88, 0x48, 0x82, 0x4F, 0x46, 0xA6,
    0x66, 0x48, 0xAA, 0x4A, 0x6A, 0x88, 0xA6, 0x0A, 0x84, 0x76, 0x66, 0x0A, 0x86, 0x74, 0x46, 0xA4,
    0x68, 0x7A, 0x46, 0x44, 0x48, 0x7A, 0x67, 0x44, 0xA6, 0x77, 0x77, 0x66, 0x7A, 0x77, 0x7F, 0x67,
    0x46, 0x22, 0x41, 0x23, 0x00, 0x46, 0x23, 0x22, 0x00, 0x60, 0x55, 0x34, 0x00, 0x00, 0x00, 0x60,
    0x0A, 0x00, 0x00, 0x00, 0xA4, 0x00, 0x00, 0x00, 0xA4, 0x00, 0x00, 0x00, 0x66, 0x0A, 0x00, 0x00,
    0x88, 0x88, 0x46, 0xF6, 0x46, 0x46, 0xAA, 0xAA, 0xAA, 0xAA, 0x00, 0x00, 0x00, 0x00, 0x00, 0x00,
    0x00, 0x00, 0x00, 0x00, 0x00, 0x00, 0x00, 0x00, 0x00, 0x00, 0x00, 0x00, 0x00, 0x00, 0x00, 0x00,
    0x38, 0xF8, 0xAA, 0xAA, 0x8F, 0x82, 0xAF, 0x00, 0xF0, 0x38, 0xF8, 0xF0, 0x00, 0x8F, 0x82, 0xFF,
    0x00, 0xF0, 0x28, 0xF1, 0x00, 0x00, 0x1F, 0xF3, 0x00, 0x00, 0xFF, 0x26, 0x00, 0x00, 0x00, 0x6F,
    0x77, 0xF7, 0x3F, 0x77, 0xFA, 0xFF, 0xF7, 0xF3, 0xFF, 0x3F, 0x37, 0xFF, 0x0F, 0xF0, 0xF3, 0xF1,
    0xF0, 0x0F, 0xFF, 0x3F, 0xF0, 0xF3, 0xF6, 0x73, 0x0F, 0x16, 0x0F, 0x3F, 0xF2, 0x6F, 0xF3, 0xF0,
    0x6F, 0x0A, 0x00, 0x00, 0x6F, 0xA4, 0x00, 0x00, 0x67, 0x44, 0x0A, 0xA0, 0x77, 0x46, 0xA4, 0x4A,
    0x7F, 0x66, 0xA4, 0x44, 0xF7, 0x6F, 0xA6, 0x64, 0xFF, 0x77, 0xA7, 0x66, 0x7F, 0x77, 0x7A, 0x77,
    0x10, 0x30, 0x21, 0x00, 0x20, 0x32, 0x02, 0x11, 0x40, 0x24, 0x22, 0x22, 0x43, 0x24, 0x44, 0x04,
    0x44, 0x22, 0x44, 0x00, 0x40, 0x44, 0x44, 0x10, 0x42, 0x24, 0x70, 0x12, 0x43, 0x26, 0x00, 0x00,
    0x00, 0x00, 0x00, 0x00, 0x00, 0x00, 0x00, 0x00, 0x00, 0x00, 0x00, 0x00, 0x00, 0x00, 0x00, 0x00,
    0x00, 0x00, 0x00, 0x00, 0x03, 0x00, 0x00, 0x00, 0x12, 0x00, 0x00, 0x00, 0x00, 0x00, 0x00, 0x00,
    0x22, 0x12, 0x11, 0x00, 0x22, 0x21, 0x23, 0x22, 0x32, 0x43, 0x13, 0x44, 0x35, 0x42, 0x22, 0x07,
    0x47, 0x22, 0x32, 0x00, 0x00, 0x34, 0x02, 0x00, 0x00, 0x00, 0x00, 0x00, 0x00, 0x00, 0x00, 0x00,
    0x00, 0x00, 0x00, 0x00, 0x00, 0x00, 0x00, 0x00, 0x03, 0x00, 0x00, 0x00, 0x00, 0x00, 0x00, 0x00,
    0x00, 0x00, 0x00, 0x00, 0x00, 0x00, 0x00, 0x00, 0x00, 0x00, 0x00, 0x00, 0x00, 0x00, 0x00, 0x00,
    0x00, 0x00, 0x00, 0xF0, 0x00, 0x00, 0x00, 0xF0, 0x00, 0x00, 0x00, 0xF0, 0x00, 0x00, 0x00, 0x00,
    0x00, 0x00, 0x00, 0x00, 0x00, 0x00, 0x00, 0x00, 0x00, 0x00, 0x00, 0x00, 0x00, 0x00, 0x00, 0x00,
    0x16, 0x0F, 0xFF, 0xF0, 0x62, 0xF2, 0x00, 0xFF, 0xFF, 0x26, 0xFF, 0xF0, 0x00, 0x6F, 0x12, 0x06,
    0x00, 0xF0, 0x61, 0x06, 0x00, 0xF0, 0xFF, 0x61, 0x00, 0x00, 0xF0, 0x1F, 0x00, 0x00, 0x00, 0xF0,
    0x7F, 0xAA, 0x77, 0x77, 0xA0, 0x77, 0x77, 0x77, 0x00, 0x7A, 0x77, 0x47, 0x00, 0xA0, 0x46, 0xA6,
    0x00, 0x00, 0xAA, 0x0A, 0x00, 0x00, 0x00, 0x00, 0x00, 0x00, 0x00, 0x00, 0x00, 0x00, 0x00, 0x00,
    0x77, 0x46, 0x0A, 0x00, 0x46, 0xAA, 0x00, 0x00, 0xAA, 0x00, 0x00, 0x00, 0x00, 0x00, 0x00, 0x00,
    0x00, 0x00, 0x00, 0x00, 0x00, 0x00, 0x00, 0x00, 0x00, 0x00, 0x00, 0x00, 0x00, 0x00, 0x00, 0x00,
    0x00, 0x00, 0x00, 0x00, 0x00, 0x00, 0x00, 0x00, 0x00, 0x00, 0x00, 0x00, 0x00, 0x00, 0x00, 0x50,
    0x00, 0x00, 0x50, 0x35, 0x00, 0x00, 0x35, 0x13, 0x00, 0x30, 0x31, 0x52, 0x00, 0x25, 0x31, 0x35,
    0x00, 0x00, 0x05, 0x00, 0x05, 0x00, 0x53, 0x00, 0x53, 0x50, 0x51, 0x00, 0x31, 0x35, 0x51, 0x50,
    0x21, 0x15, 0x52, 0x53, 0x52, 0x31, 0x35, 0x51, 0x33, 0x13, 0x15, 0x52, 0x12, 0x21, 0x25, 0x33,
    0x00, 0x00, 0x00, 0x00, 0x00, 0x00, 0x00, 0x00, 0x00, 0x00, 0x00, 0x00, 0x00, 0x00, 0x00, 0x00,
    0x00, 0x00, 0x00, 0x00, 0x50, 0x00, 0x00, 0x00, 0x53, 0x00, 0x00, 0x00, 0x51, 0x00, 0x00, 0x00,
    0x05, 0x00, 0x00, 0x00, 0x05, 0x00, 0x00, 0x00, 0x32, 0x05, 0x00, 0x00, 0x55, 0x00, 0x00, 0x00,
    0x05, 0x00, 0x00, 0x00, 0x00, 0x00, 0x00, 0x00, 0x05, 0x00, 0x00, 0x00, 0x10, 0x02, 0x00, 0x00,
    0x00, 0x00, 0x00, 0x00, 0x00, 0x00, 0x00, 0x00, 0x00, 0x00, 0x00, 0x00, 0x00, 0x00, 0x00, 0x00,
    0x00, 0x00, 0x60, 0x01, 0x00, 0x00, 0xF0, 0xF6, 0x00, 0xA0, 0xAA, 0xAF, 0x00, 0x7A, 0xF7, 0xA7,
    0x00, 0x4A, 0xF4, 0xA6, 0x00, 0x6A, 0x86, 0x66, 0x00, 0x7A, 0x66, 0x6F, 0x00, 0xA0, 0x37, 0x76,
    0x00, 0xAF, 0x76, 0xF3, 0xF0, 0xA4, 0x44, 0xF2, 0x6F, 0x66, 0x6A, 0x16, 0x4F, 0x64, 0x7A, 0x76,
    0x6F, 0x66, 0xA7, 0x87, 0xF0, 0x74, 0x67, 0x4A, 0x00, 0x7F, 0x46, 0xA4, 0x00, 0xF0, 0xFF, 0x0F,
    0x00, 0x00, 0x00, 0x00, 0x00, 0x00, 0x00, 0x00, 0x00, 0x00, 0x00, 0x00, 0x00, 0x00, 0x00, 0x00,
    0x00, 0x00, 0x00, 0x00, 0xAA, 0xAA, 0x00, 0x00, 0x44, 0x76, 0x0F, 0x00, 0x64, 0x76, 0xA4, 0x00,
    0x64, 0x77, 0xA6, 0x00, 0x76, 0x77, 0xA4, 0x00, 0x77, 0x47, 0xA6, 0x00, 0x77, 0x67, 0x0A, 0x00,
};
static const u16 sFrame5[] = {
    0x0008, 0x00DD, 0x81EF, 0x0000, 0x00E5, 0x400F, 0x0010, 0x40FD, 0x41F7, 0x0014, 0x40D5, 0x01FF,
    0x0018, 0x80D5, 0x000F, 0x001A, 0x80E5, 0x01E7, 0x001C, 0x00F5, 0x01E7, 0x001E, 0x00F5, 0x000F,
    0x001F, 0x0000,
};
static const void* const sFrames5[] = { sFrame5 };
static const u8 sTiles6[896] __attribute__((aligned(4))) = {
    0x00, 0x00, 0x00, 0x00, 0x00, 0x00, 0x00, 0x00, 0x00, 0x00, 0x00, 0x00, 0x00, 0x00, 0x00, 0x00,
    0x00, 0x00, 0x00, 0x00, 0x00, 0x00, 0x00, 0x30, 0x00, 0x00, 0x00, 0x22, 0x00, 0x00, 0x13, 0x33,
    0x00, 0x00, 0x00, 0x00, 0x40, 0x00, 0x00, 0x00, 0x30, 0x00, 0x00, 0x00, 0x20, 0x22, 0x00, 0x00,
    0x20, 0x12, 0x04, 0x50, 0x23, 0x11, 0x01, 0x35, 0xA0, 0x7A, 0x12, 0x50, 0x7A, 0x77, 0xAA, 0x35,
    0x50, 0x15, 0x31, 0x11, 0x35, 0x52, 0x11, 0x33, 0x15, 0x31, 0x35, 0x23, 0x15, 0x23, 0x53, 0x15,
    0x31, 0x15, 0x25, 0x31, 0x53, 0x21, 0x13, 0x53, 0x15, 0x52, 0x31, 0x55, 0x21, 0x53, 0x53, 0x71,
    0x32, 0x35, 0x23, 0x51, 0x12, 0x51, 0x33, 0x55, 0x31, 0x15, 0x52, 0x23, 0x13, 0x53, 0x35, 0x52,
    0x51, 0x51, 0x53, 0x55, 0x23, 0x25, 0x25, 0x05, 0x35, 0x75, 0x55, 0x53, 0x55, 0x43, 0x53, 0x10,
    0x00, 0x00, 0x40, 0xA3, 0x00, 0x00, 0x20, 0xA3, 0x00, 0xA0, 0xAA, 0x6A, 0x00, 0x4A, 0x44, 0x64,
    0xAA, 0x4A, 0x64, 0x76, 0x44, 0x6A, 0x76, 0x77, 0x46, 0xA6, 0x77, 0xAA, 0x86, 0x66, 0xFA, 0x21,
    0x77, 0x77, 0xA7, 0x7A, 0xAA, 0xAA, 0x4A, 0x76, 0x46, 0x44, 0x64, 0x77, 0x67, 0x66, 0x77, 0xAA,
    0x77, 0x77, 0xAA, 0x88, 0xAA, 0xAA, 0x77, 0x8A, 0x33, 0x7A, 0x77, 0xA7, 0x00, 0x7A, 0xA7, 0x7A,
    0x55, 0x35, 0x15, 0x42, 0x77, 0x23, 0x35, 0x11, 0xAA, 0x71, 0x8A, 0x13, 0x18, 0x3A, 0x87, 0x58,
    0x37, 0x16, 0x87, 0x36, 0x16, 0x7A, 0x43, 0x1A, 0xA3, 0x88, 0x16, 0x73, 0x8A, 0x46, 0x3A, 0x04,
    0x51, 0x51, 0x05, 0x10, 0x11, 0x81, 0x00, 0x20, 0x11, 0x08, 0x01, 0x40, 0x83, 0x00, 0x03, 0x43,
    0x0A, 0x00, 0x00, 0x44, 0x32, 0x01, 0x00, 0x40, 0x14, 0x22, 0x22, 0x42, 0x34, 0x60, 0x23, 0x43,
    0x68, 0xA6, 0x7F, 0x0A, 0xA6, 0xFA, 0x46, 0xA4, 0x4A, 0xF4, 0x66, 0x46, 0x42, 0x14, 0x7F, 0x77,
    0xFF, 0x22, 0xF8, 0x46, 0x7F, 0x8F, 0x82, 0x6F, 0xF3, 0xF7, 0x38, 0xF8, 0x77, 0x88, 0x8F, 0x82,
    0xA0, 0x7A, 0xA7, 0x66, 0xAA, 0x44, 0x77, 0x6A, 0x44, 0x77, 0x44, 0x84, 0x77, 0x47, 0x66, 0x86,
    0x44, 0x64, 0x66, 0x68, 0x66, 0x66, 0x86, 0x48, 0x88, 0x88, 0x48, 0xA6, 0x4F, 0x46, 0xA6, 0x7A,
    0x48, 0xAA, 0x4A, 0x46, 0x88, 0xA6, 0x00, 0x00, 0x46, 0xA8, 0x00, 0x00, 0xA4, 0x86, 0x0A, 0x00,
    0x7A, 0x4A, 0xA8, 0x00, 0x7A, 0xAA, 0x86, 0x0A, 0x77, 0x7A, 0xAA, 0x0A, 0x66, 0x7F, 0x77, 0x0A,
    0x22, 0x41, 0x23, 0x22, 0x46, 0x23, 0x22, 0x22, 0x60, 0x55, 0x34, 0x32, 0x00, 0x00, 0x60, 0x35,
    0x00, 0x00, 0x00, 0x47, 0x00, 0x00, 0x00, 0x00, 0x00, 0x00, 0x00, 0x00, 0x00, 0x00, 0x00, 0x00,
    0x88, 0x46, 0xF6, 0x38, 0x46, 0xAA, 0xAA, 0x8F, 0xAA, 0x67, 0x44, 0xFF, 0x74, 0x67, 0x44, 0x0F,
    0x46, 0x77, 0x46, 0x0F, 0x6F, 0x74, 0xF6, 0x00, 0xF0, 0xFF, 0x0F, 0x00, 0x00, 0x00, 0x00, 0x00,
    0xF8, 0xAA, 0x7A, 0x67, 0x82, 0x7F, 0x67, 0x66, 0x38, 0xF8, 0x66, 0xF6, 0x8F, 0x82, 0xFF, 0x7F,
    0xF0, 0x28, 0xF1, 0xF7, 0x00, 0x1F, 0xF3, 0xF7, 0x00, 0xFF, 0x26, 0x7F, 0x00, 0x00, 0x6F, 0xF2,
    0x66, 0x3F, 0x77, 0x0F, 0xF6, 0xF7, 0xF3, 0x00, 0x3F, 0x37, 0xFF, 0x00, 0xF7, 0xF3, 0xF1, 0x03,
    0x7F, 0xFF, 0x3F, 0x3F, 0xF3, 0xF6, 0x73, 0xF7, 0x16, 0x7F, 0x3F, 0xFF, 0x6F, 0xF3, 0xF7, 0x4F,
    0x00, 0x00, 0x00, 0x00, 0x00, 0x00, 0x00, 0x00, 0x00, 0x00, 0x00, 0x00, 0x00, 0x00, 0x00, 0x00,
    0x00, 0x00, 0x00, 0x00, 0x0A, 0x00, 0x00, 0x00, 0xA4, 0x00, 0x00, 0x00, 0x76, 0x0A, 0x00, 0x00,
    0x00, 0x00, 0x00, 0x00, 0x00, 0x00, 0x00, 0x00, 0x00, 0x00, 0x00, 0x00, 0x00, 0x00, 0x00, 0x00,
    0x00, 0x00, 0x00, 0x00, 0x05, 0x00, 0x00, 0x00, 0x05, 0x00, 0x00, 0x00, 0x05, 0x00, 0x00, 0x00,
    0x00, 0x00, 0x00, 0x00, 0x00, 0x00, 0x00, 0x00, 0x53, 0x00, 0x00, 0x00, 0x05, 0x00, 0x00, 0x00,
    0x00, 0x00, 0x00, 0x00, 0x00, 0x00, 0x00, 0x00, 0x00, 0x00, 0x00, 0x00, 0x02, 0x00, 0x00, 0x00,
    0x30, 0x21, 0x00, 0x00, 0x32, 0x02, 0x11, 0x00, 0x24, 0x22, 0x22, 0x00, 0x24, 0x44, 0x04, 0x00,
    0x22, 0x44, 0x00, 0x00, 0x44, 0x44, 0x10, 0x03, 0x24, 0x70, 0x12, 0x12, 0x26, 0x00, 0x00, 0x00,
    0x12, 0x11, 0x00, 0x00, 0x21, 0x23, 0x22, 0x00, 0x43, 0x13, 0x44, 0x03, 0x42, 0x22, 0x07, 0x00,
    0x22, 0x32, 0x00, 0x00, 0x34, 0x02, 0x00, 0x00, 0x00, 0x00, 0x00, 0x00, 0x00, 0x00, 0x00, 0x00,
    0x00, 0x00, 0x00, 0x00, 0x00, 0x00, 0x00, 0x50, 0x00, 0x00, 0x00, 0x30, 0x00, 0x00, 0x00, 0x15,
    0x00, 0x00, 0x55, 0x13, 0x00, 0x50, 0x33, 0x21, 0x00, 0x13, 0x23, 0x35, 0x50, 0x12, 0x53, 0x23,
    0x00, 0x50, 0x00, 0x00, 0x00, 0x30, 0x05, 0x00, 0x05, 0x15, 0x05, 0x00, 0x53, 0x13, 0x05, 0x05,
    0x52, 0x21, 0x35, 0x05, 0x15, 0x53, 0x13, 0x05, 0x33, 0x51, 0x21, 0x35, 0x11, 0x52, 0x32, 0x13,
    0x00, 0x00, 0xFA, 0x16, 0x00, 0x00, 0xFA, 0x62, 0x00, 0x00, 0xFA, 0xFF, 0x00, 0x00, 0xA0, 0xAA,
    0x00, 0x00, 0x00, 0x00, 0x00, 0x00, 0x00, 0x00, 0x00, 0x00, 0x00, 0x00, 0x00, 0x00, 0x00, 0x00,
    0x7F, 0xFF, 0xF7, 0x6F, 0xF2, 0x77, 0xFF, 0x77, 0x26, 0xFF, 0xF7, 0x77, 0x6F, 0x12, 0x46, 0x46,
    0xF0, 0x61, 0xA6, 0xAA, 0xF0, 0xFF, 0x61, 0x00, 0x00, 0xF0, 0x1F, 0x00, 0x00, 0x00, 0xF0, 0x00,
    0x00, 0x00, 0x00, 0x00, 0x00, 0x00, 0x00, 0x00, 0x00, 0x00, 0x00, 0x00, 0x00, 0x00, 0x00, 0xF0,
    0x00, 0x60, 0x01, 0xFF, 0x00, 0xF0, 0xF6, 0x4A, 0xA0, 0xAA, 0xAF, 0x44, 0x7A, 0xF7, 0xA7, 0x44,
    0x4A, 0xF4, 0xA6, 0x66, 0x6A, 0x86, 0x66, 0xAA, 0x7A, 0x66, 0x6F, 0x66, 0xA0, 0x37, 0x76, 0x7F,
    0xA0, 0x76, 0xF3, 0x76, 0xA0, 0x44, 0xF2, 0xF2, 0x00, 0x6A, 0x16, 0x1F, 0x00, 0x7A, 0x76, 0x71,
    0x00, 0xA0, 0x87, 0x88, 0x00, 0x00, 0x4A, 0x46, 0x00, 0x00, 0xA0, 0xAA, 0x00, 0x00, 0x00, 0xF0,
    0x00, 0x00, 0x00, 0xF0, 0x00, 0x00, 0x00, 0x00, 0x00, 0x00, 0x00, 0x00, 0x00, 0x00, 0x00, 0x00,
    0x77, 0x0A, 0x00, 0x00, 0x47, 0x0A, 0x00, 0x00, 0xA6, 0x00, 0x00, 0x00, 0x0A, 0x00, 0x00, 0x00,
    0x00, 0x00, 0x00, 0x00, 0x00, 0x00, 0x00, 0x00, 0x00, 0x00, 0x00, 0x00, 0x00, 0x00, 0x00, 0x00,
};
static const u16 sFrame6[] = {
    0x0007, 0x00DB, 0x81F2, 0x0000, 0x80D3, 0x4012, 0x0010, 0x40D3, 0x0002, 0x0014, 0x40FB, 0x01FA,
    0x0016, 0x80E3, 0x01EA, 0x0018, 0x00F3, 0x01EA, 0x001A, 0x00FB, 0x000A, 0x001B, 0x0000,
};
static const void* const sFrames6[] = { sFrame6 };
static const u8 sTiles7[864] __attribute__((aligned(4))) = {
    0x00, 0x00, 0x00, 0x00, 0x00, 0x00, 0x00, 0x00, 0x00, 0x00, 0x00, 0xE0, 0x00, 0x00, 0x00, 0xE0,
    0x00, 0x00, 0x00, 0xE0, 0x00, 0x00, 0x00, 0xE0, 0x00, 0x00, 0x00, 0xE0, 0x00, 0x00, 0x00, 0xE0,
    0x25, 0x11, 0x11, 0x52, 0x5E, 0x23, 0x32, 0x55, 0x9A, 0x66, 0x23, 0xE3, 0xA9, 0xEE, 0xE8, 0x8A,
    0x78, 0x44, 0xEA, 0xE1, 0x77, 0x71, 0x8A, 0x94, 0x78, 0x47, 0x8A, 0x81, 0x9E, 0xE9, 0x8A, 0x77,
    0x53, 0xE9, 0x00, 0x00, 0xE5, 0x89, 0x0A, 0x00, 0x99, 0x68, 0xEA, 0x0A, 0x98, 0xEA, 0x9A, 0x0A,
    0x9E, 0x88, 0xAA, 0xA8, 0x89, 0x98, 0x89, 0xA7, 0x98, 0xA8, 0x78, 0xE7, 0x97, 0x9E, 0x77, 0x77,
    0x00, 0x00, 0x00, 0x00, 0x00, 0x00, 0x00, 0x00, 0x00, 0x00, 0x00, 0x00, 0x00, 0x00, 0x00, 0x00,
    0x00, 0x00, 0x00, 0x00, 0x00, 0x00, 0x00, 0x00, 0x0E, 0x00, 0x00, 0x00, 0xE7, 0x00, 0x00, 0x00,
    0x00, 0x00, 0x00, 0xE0, 0x00, 0x00, 0x00, 0xA0, 0x00, 0x00, 0x00, 0xA0, 0x00, 0x00, 0x00, 0x00,
    0x00, 0x00, 0x00, 0x00, 0x00, 0x00, 0x00, 0x00, 0x00, 0x00, 0x00, 0x00, 0x00, 0x00, 0x00, 0xF0,
    0xE4, 0xEE, 0x9E, 0x78, 0xE8, 0x9A, 0xEE, 0x9A, 0xE8, 0x8E, 0x4A, 0xEE, 0xEA, 0x8E, 0x18, 0xEE,
    0xAA, 0x9E, 0x89, 0xEE, 0xEA, 0x8E, 0xEE, 0xEE, 0xEE, 0x4E, 0xEE, 0xEE, 0xEE, 0x8E, 0x9A, 0xEA,
    0xA8, 0x9E, 0x8A, 0x87, 0x99, 0xEA, 0xE0, 0x8E, 0x8E, 0xEE, 0x00, 0xAA, 0x88, 0xEE, 0x00, 0xAA,
    0x8A, 0x0E, 0x00, 0xAA, 0x8A, 0x8E, 0xAA, 0xAA, 0x8A, 0x8E, 0x8A, 0x88, 0x8A, 0xAE, 0x88, 0x77,
    0xE7, 0x00, 0x00, 0x00, 0x88, 0x0A, 0x00, 0x00, 0x88, 0x0A, 0x00, 0x00, 0xAA, 0x0A, 0x00, 0x00,
    0x88, 0x0A, 0x00, 0x00, 0xE8, 0x00, 0x00, 0x00, 0xE8, 0x00, 0x00, 0x00, 0xE8, 0x00, 0x00, 0x00,
    0x00, 0x00, 0x00, 0xF0, 0x00, 0x00, 0x00, 0xEF, 0x00, 0x00, 0x0F, 0xE0, 0x00, 0x00, 0x00, 0x9E,
    0x00, 0x00, 0xE0, 0xE9, 0x00, 0x00, 0x9E, 0xEE, 0x00, 0xE0, 0xE9, 0x8E, 0x00, 0xEF, 0xEE, 0x88,
    0xEE, 0x7A, 0x8A, 0xE9, 0xEE, 0x8A, 0x89, 0xE9, 0xEE, 0x88, 0xAE, 0xA4, 0xEE, 0x88, 0xAA, 0xA6,
    0x8E, 0xA8, 0xE8, 0xAE, 0x88, 0x6A, 0xEE, 0xA8, 0xA8, 0xE6, 0xEA, 0x66, 0x8A, 0xAE, 0xEE, 0x86,
    0x88, 0xAE, 0x77, 0x87, 0x87, 0xEE, 0x78, 0x87, 0x8A, 0xEE, 0xEE, 0x88, 0x8A, 0xEE, 0x8E, 0xEE,
    0x8A, 0xE8, 0xE8, 0xE8, 0x89, 0xAA, 0xEE, 0xAE, 0x89, 0xEE, 0xEE, 0xAE, 0x89, 0xEE, 0xEE, 0xEE,
    0x0E, 0x00, 0x00, 0x00, 0x0E, 0x00, 0x00, 0x00, 0x0E, 0x00, 0x00, 0x00, 0x00, 0x00, 0x00, 0x00,
    0x00, 0x00, 0x00, 0x00, 0x0E, 0x00, 0x00, 0x00, 0x0E, 0x00, 0x00, 0x00, 0xEA, 0x0E, 0x00, 0x00,
    0xF0, 0xEE, 0x8E, 0xA8, 0xEF, 0xEE, 0x8E, 0x6A, 0xEF, 0xEE, 0x88, 0x8A, 0xEE, 0x8E, 0xA8, 0xE6,
    0xEE, 0x8E, 0x6A, 0x9E, 0xEE, 0x88, 0x8A, 0x9E, 0x8E, 0xA8, 0xE6, 0x9E, 0x8E, 0x6A, 0xE6, 0x99,
    0xE6, 0xE9, 0xEE, 0xA8, 0x9E, 0xEA, 0x80, 0xAA, 0xAE, 0xEA, 0x60, 0xA8, 0xEE, 0xEE, 0x00, 0xA6,
    0xEA, 0xEE, 0x00, 0xA6, 0xEA, 0xEF, 0x00, 0xA8, 0xEA, 0xEA, 0x00, 0x6E, 0xA9, 0xEE, 0x00, 0x8E,
    0x88, 0xEE, 0xEE, 0xEE, 0x88, 0xEE, 0xEE, 0xEE, 0x88, 0xAE, 0xEE, 0xEE, 0x88, 0xEE, 0xEA, 0xEE,
    0x88, 0xEE, 0xEA, 0xEE, 0x88, 0xEE, 0xEE, 0xEE, 0x89, 0xEE, 0xEE, 0xEE, 0x89, 0xEE, 0xEA, 0xEE,
    0xAA, 0x0E, 0x00, 0x00, 0xAA, 0xE9, 0x00, 0x00, 0xAA, 0x9A, 0x00, 0x00, 0xAA, 0x9A, 0x00, 0x00,
    0xAA, 0xAA, 0xEE, 0x00, 0xAA, 0xAA, 0x99, 0xEA, 0xAA, 0xAA, 0xAA, 0xAA, 0xAA, 0xAA, 0xAA, 0xEA,
    0x00, 0x00, 0x00, 0x03, 0x00, 0x00, 0x00, 0x52, 0x00, 0x00, 0x50, 0x12, 0x00, 0x00, 0x50, 0x23,
    0x00, 0x00, 0x25, 0x35, 0x00, 0x00, 0x23, 0x35, 0x00, 0x00, 0x23, 0x55, 0x00, 0x00, 0x35, 0x15,
    0x30, 0x00, 0x30, 0x00, 0x30, 0x05, 0x15, 0x00, 0x35, 0x53, 0x12, 0x55, 0x51, 0x35, 0x25, 0x31,
    0x52, 0x51, 0x22, 0x21, 0x53, 0x51, 0x22, 0x22, 0x53, 0x12, 0x25, 0x22, 0x25, 0x25, 0x21, 0x22,
    0x00, 0x00, 0x53, 0x25, 0x00, 0x00, 0x30, 0x52, 0x00, 0x50, 0x55, 0x12, 0x00, 0x00, 0x23, 0x21,
    0x00, 0x00, 0x55, 0x52, 0x00, 0x00, 0x35, 0x53, 0x00, 0x00, 0x00, 0x55, 0x00, 0x00, 0x00, 0x50,
    0x12, 0x21, 0x22, 0x13, 0x25, 0x52, 0x21, 0x15, 0x22, 0x15, 0x21, 0x53, 0x25, 0x15, 0x35, 0x32,
    0x35, 0x25, 0x52, 0x22, 0x57, 0x25, 0x55, 0x35, 0x35, 0x15, 0x22, 0x51, 0x12, 0x11, 0x14, 0x31,
    0x8E, 0x8A, 0x9E, 0xA9, 0xEE, 0xEE, 0xAA, 0xEA, 0x00, 0xEE, 0xEE, 0xEE, 0x00, 0x00, 0x00, 0x00,
    0x00, 0x00, 0x00, 0x00, 0x00, 0x00, 0x00, 0x00, 0x00, 0x00, 0x00, 0x00, 0x00, 0x00, 0x00, 0x00,
    0xAA, 0xEE, 0x00, 0x8E, 0xEE, 0x0E, 0x00, 0x8E, 0xEE, 0x00, 0x00, 0x6E, 0x00, 0x00, 0x00, 0x00,
    0x00, 0x00, 0x00, 0x00, 0x00, 0x00, 0x00, 0x00, 0x00, 0x00, 0x00, 0x00, 0x00, 0x00, 0x00, 0x00,
    0x89, 0xEA, 0xEA, 0xEE, 0x8A, 0xEA, 0xAA, 0xEE, 0x8A, 0xA9, 0xA9, 0xEE, 0xEE, 0xA8, 0xA9, 0xEA,
    0xE0, 0x9E, 0xEA, 0xAA, 0xE0, 0xAE, 0xAA, 0xEE, 0x00, 0xEE, 0xEE, 0xEE, 0x00, 0x00, 0x00, 0x00,
    0xAE, 0xAA, 0xAA, 0x0A, 0xAE, 0xAA, 0xAA, 0x0E, 0xEE, 0xAA, 0xEA, 0x00, 0xEE, 0xAE, 0xEA, 0x00,
    0xEA, 0x0E, 0x00, 0x00, 0x0E, 0x00, 0x00, 0x00, 0x00, 0x00, 0x00, 0x00, 0x00, 0x00, 0x00, 0x00,
    0x00, 0x00, 0x00, 0x00, 0x00, 0x00, 0x00, 0x00, 0x00, 0x00, 0x00, 0x00, 0x05, 0x00, 0x00, 0x00,
    0x32, 0x05, 0x00, 0x00, 0x22, 0x02, 0x00, 0x00, 0x22, 0x52, 0x00, 0x00, 0x22, 0x51, 0x00, 0x00,
    0x25, 0x12, 0x08, 0x00, 0x51, 0x11, 0x05, 0x00, 0x52, 0x22, 0x08, 0x00, 0x55, 0x32, 0x08, 0x00,
    0x35, 0x55, 0x03, 0x00, 0x52, 0x53, 0x05, 0x00, 0x55, 0x55, 0x00, 0x00, 0x52, 0x03, 0x00, 0x00,
    0x00, 0x00, 0x00, 0x00, 0x00, 0x00, 0x00, 0x00, 0x00, 0x00, 0x00, 0x00, 0x00, 0x00, 0x00, 0x00,
    0x00, 0x00, 0x00, 0x00, 0x00, 0x00, 0x00, 0x00, 0x0E, 0x00, 0x00, 0x00, 0x00, 0x00, 0x00, 0x00,
};
static const u16 sFrame7[] = {
    0x0005, 0x00D9, 0x81EF, 0x0000, 0x00C9, 0x41EF, 0x0010, 0x40F9, 0x41EF, 0x0014, 0x80C9, 0x01FF,
    0x0018, 0x00F1, 0x000F, 0x001A, 0x0000,
};
static const void* const sFrames7[] = { sFrame7 };
static const u8 sTiles8[864] __attribute__((aligned(4))) = {
    0x00, 0x00, 0x00, 0x00, 0x00, 0x00, 0x00, 0x00, 0x00, 0x00, 0x00, 0xE0, 0x00, 0x00, 0x00, 0xE0,
    0x00, 0x00, 0x00, 0xE0, 0x00, 0x00, 0x00, 0xE0, 0x00, 0x00, 0x00, 0xE0, 0x00, 0x00, 0x00, 0xE0,
    0x25, 0x11, 0x11, 0x52, 0x5E, 0x23, 0x32, 0x55, 0x9A, 0x66, 0x23, 0xE3, 0xA9, 0xEE, 0xE8, 0x8A,
    0x78, 0x44, 0xEA, 0xE1, 0x77, 0x71, 0x8A, 0x94, 0x78, 0x47, 0x8A, 0x81, 0x9E, 0xE9, 0x8A, 0x77,
    0x53, 0xE9, 0x00, 0x00, 0xE5, 0x89, 0x0A, 0x00, 0x99, 0x68, 0xEA, 0x0A, 0x98, 0xEA, 0x9A, 0x0A,
    0x9E, 0x88, 0xAA, 0xA8, 0x89, 0x98, 0x89, 0xA7, 0x98, 0xA8, 0x78, 0xE7, 0x97, 0x9E, 0x77, 0x77,
    0x00, 0x00, 0x00, 0x00, 0x00, 0x00, 0x00, 0x00, 0x00, 0x00, 0x00, 0x00, 0x00, 0x00, 0x00, 0x00,
    0x00, 0x00, 0x00, 0x00, 0x00, 0x00, 0x00, 0x00, 0x0E, 0x00, 0x00, 0x00, 0xE7, 0x00, 0x00, 0x00,
    0x00, 0x00, 0x00, 0xE0, 0x00, 0x00, 0x00, 0xA0, 0x00, 0x00, 0x00, 0xA0, 0x00, 0x00, 0x00, 0x00,
    0x00, 0x00, 0x00, 0x00, 0x00, 0x00, 0x00, 0x00, 0x00, 0x00, 0x00, 0x00, 0x00, 0x00, 0x00, 0xF0,
    0xE4, 0xEE, 0x9E, 0x78, 0xE8, 0x9A, 0xEE, 0x9A, 0xE8, 0x8E, 0x4A, 0xEE, 0xEA, 0x8E, 0x18, 0xEE,
    0xAA, 0x9E, 0x89, 0xEE, 0xEA, 0x8E, 0xEE, 0xEE, 0xEE, 0x4E, 0xEE, 0xEE, 0xEE, 0x8E, 0x9A, 0xEA,
    0xA8, 0x9E, 0x8A, 0x87, 0x99, 0xEA, 0xE0, 0x8E, 0x8E, 0xEE, 0x00, 0xAA, 0x88, 0xEE, 0x00, 0xAA,
    0x8A, 0x0E, 0x00, 0xAA, 0x8A, 0x8E, 0xAA, 0xAA, 0x8A, 0x8E, 0x8A, 0x88, 0x8A, 0xAE, 0x88, 0x77,
    0xE7, 0x00, 0x00, 0x00, 0x88, 0x0A, 0x00, 0x00, 0x88, 0x0A, 0x00, 0x00, 0xAA, 0x0A, 0x00, 0x00,
    0x88, 0x0A, 0x00, 0x00, 0xE8, 0x00, 0x00, 0x00, 0xE8, 0x00, 0x00, 0x00, 0xE8, 0x00, 0x00, 0x00,
    0x00, 0x00, 0x00, 0xF0, 0x00, 0x00, 0x00, 0xEF, 0x00, 0x00, 0x0F, 0xE0, 0x00, 0x00, 0x00, 0x9E,
    0x00, 0x00, 0xE0, 0xE9, 0x00, 0x00, 0x9E, 0xEE, 0x00, 0xE0, 0xE9, 0x8E, 0x00, 0xEF, 0xEE, 0x88,
    0xEE, 0x7A, 0x8A, 0xE9, 0xEE, 0x8A, 0x89, 0xE9, 0xEE, 0x88, 0xAE, 0xA4, 0xEE, 0x88, 0xAA, 0xA6,
    0x8E, 0xA8, 0xE8, 0xAE, 0x88, 0x6A, 0xEE, 0xA8, 0xA8, 0xE6, 0xEA, 0x66, 0x8A, 0xAE, 0xEE, 0x86,
    0x88, 0xAE, 0x77, 0x87, 0x87, 0xEE, 0x78, 0x87, 0x8A, 0xEE, 0xEE, 0x88, 0x8A, 0xEE, 0x8E, 0xEE,
    0x8A, 0xE8, 0xE8, 0xE8, 0x89, 0xAA, 0xEE, 0xAE, 0x89, 0xEE, 0xEE, 0xAE, 0x89, 0xEE, 0xEE, 0xEE,
    0x0E, 0x00, 0x00, 0x00, 0x0E, 0x00, 0x00, 0x00, 0x0E, 0x00, 0x00, 0x00, 0x00, 0x00, 0x00, 0x00,
    0x00, 0x00, 0x00, 0x00, 0x0E, 0x00, 0x00, 0x00, 0x0E, 0x00, 0x00, 0x00, 0xEA, 0x0E, 0x00, 0x00,
    0xF0, 0xEE, 0x8E, 0xA8, 0xEF, 0xEE, 0x8E, 0x6A, 0xEF, 0xEE, 0x88, 0x8A, 0xEE, 0x8E, 0xA8, 0xE6,
    0xEE, 0x8E, 0x6A, 0x9E, 0xEE, 0x88, 0x8A, 0x9E, 0x8E, 0xA8, 0xE6, 0x9E, 0x8E, 0x6A, 0xE6, 0x99,
    0xE6, 0xE9, 0xEE, 0xA8, 0x9E, 0xEA, 0x80, 0xAA, 0xAE, 0xEA, 0x60, 0xA8, 0xEE, 0xEE, 0x00, 0xA6,
    0xEA, 0xEE, 0x00, 0xA6, 0xEA, 0xEF, 0x00, 0xA8, 0xEA, 0xEA, 0x00, 0x6E, 0xA9, 0xEE, 0x00, 0x8E,
    0x88, 0xEE, 0xEE, 0xEE, 0x88, 0xEE, 0xEE, 0xEE, 0x88, 0xAE, 0xEE, 0xEE, 0x88, 0xEE, 0xEA, 0xEE,
    0x88, 0xEE, 0xEA, 0xEE, 0x88, 0xEE, 0xEE, 0xEE, 0x89, 0xEE, 0xEE, 0xEE, 0x89, 0xEE, 0xEA, 0xEE,
    0xAA, 0x0E, 0x00, 0x00, 0xAA, 0xE9, 0x00, 0x00, 0xAA, 0x9A, 0x00, 0x00, 0xAA, 0x9A, 0x00, 0x00,
    0xAA, 0xAA, 0xEE, 0x00, 0xAA, 0xAA, 0x99, 0xEA, 0xAA, 0xAA, 0xAA, 0xAA, 0xAA, 0xAA, 0xAA, 0xEA,
    0x00, 0x00, 0x00, 0x03, 0x00, 0x00, 0x00, 0x52, 0x00, 0x00, 0x50, 0x12, 0x00, 0x00, 0x50, 0x23,
    0x00, 0x00, 0x25, 0x35, 0x00, 0x00, 0x23, 0x35, 0x00, 0x00, 0x23, 0x55, 0x00, 0x00, 0x35, 0x15,
    0x30, 0x00, 0x30, 0x00, 0x30, 0x05, 0x15, 0x00, 0x35, 0x53, 0x12, 0x55, 0x51, 0x35, 0x25, 0x31,
    0x52, 0x51, 0x22, 0x21, 0x53, 0x51, 0x22, 0x22, 0x53, 0x12, 0x25, 0x22, 0x25, 0x25, 0x21, 0x22,
    0x00, 0x00, 0x53, 0x25, 0x00, 0x00, 0x30, 0x52, 0x00, 0x50, 0x55, 0x12, 0x00, 0x00, 0x23, 0x21,
    0x00, 0x00, 0x55, 0x52, 0x00, 0x00, 0x35, 0x53, 0x00, 0x00, 0x00, 0x55, 0x00, 0x00, 0x00, 0x50,
    0x12, 0x21, 0x22, 0x13, 0x25, 0x52, 0x21, 0x15, 0x22, 0x15, 0x21, 0x53, 0x25, 0x15, 0x35, 0x32,
    0x35, 0x25, 0x52, 0x22, 0x57, 0x25, 0x55, 0x35, 0x35, 0x15, 0x22, 0x51, 0x12, 0x11, 0x55, 0x31,
    0x8E, 0x8A, 0x9E, 0xA9, 0xEE, 0xEE, 0xAA, 0xEA, 0x00, 0xEE, 0xEE, 0xEE, 0x00, 0x00, 0x00, 0x00,
    0x00, 0x00, 0x00, 0x00, 0x00, 0x00, 0x00, 0x00, 0x00, 0x00, 0x00, 0x00, 0x00, 0x00, 0x00, 0x00,
    0xAA, 0xEE, 0x00, 0x8E, 0xEE, 0x0E, 0x00, 0x8E, 0xEE, 0x00, 0x00, 0x6E, 0x00, 0x00, 0x00, 0x00,
    0x00, 0x00, 0x00, 0x00, 0x00, 0x00, 0x00, 0x00, 0x00, 0x00, 0x00, 0x00, 0x00, 0x00, 0x00, 0x00,
    0x89, 0xEA, 0xEA, 0xEE, 0x8A, 0xEA, 0xAA, 0xEE, 0x8A, 0xA9, 0xA9, 0xEE, 0xEE, 0xA8, 0xA9, 0xEA,
    0xE0, 0x9E, 0xEA, 0xAA, 0xE0, 0xAE, 0xAA, 0xEE, 0x00, 0xEE, 0xEE, 0xEE, 0x00, 0x00, 0x00, 0x00,
    0xAE, 0xAA, 0xAA, 0x0A, 0xAE, 0xAA, 0xAA, 0x0E, 0xEE, 0xAA, 0xEA, 0x00, 0xEE, 0xAE, 0xEA, 0x00,
    0xEA, 0x0E, 0x00, 0x00, 0x0E, 0x00, 0x00, 0x00, 0x00, 0x00, 0x00, 0x00, 0x00, 0x00, 0x00, 0x00,
    0x00, 0x00, 0x00, 0x00, 0x00, 0x00, 0x00, 0x00, 0x00, 0x00, 0x00, 0x00, 0x05, 0x00, 0x00, 0x00,
    0x32, 0x05, 0x00, 0x00, 0x22, 0x02, 0x00, 0x00, 0x22, 0x52, 0x00, 0x00, 0x22, 0x51, 0x00, 0x00,
    0x25, 0x12, 0x08, 0x00, 0x51, 0x11, 0x05, 0x00, 0x52, 0x22, 0x08, 0x00, 0x55, 0x32, 0x08, 0x00,
    0x35, 0x55, 0x03, 0x00, 0x52, 0x53, 0x05, 0x00, 0x55, 0x55, 0x00, 0x00, 0x52, 0x03, 0x00, 0x00,
    0x00, 0x00, 0x00, 0x00, 0x00, 0x00, 0x00, 0x00, 0x00, 0x00, 0x00, 0x00, 0x00, 0x00, 0x00, 0x00,
    0x00, 0x00, 0x00, 0x00, 0x00, 0x00, 0x00, 0x00, 0x0E, 0x00, 0x00, 0x00, 0x00, 0x00, 0x00, 0x00,
};
static const u16 sFrame8[] = {
    0x0005, 0x00D9, 0x81EF, 0x0000, 0x00C9, 0x41EF, 0x0010, 0x40F9, 0x41EF, 0x0014, 0x80C9, 0x01FF,
    0x0018, 0x00F1, 0x000F, 0x001A, 0x0000,
};
static const void* const sFrames8[] = { sFrame8 };
static const u8 sTiles9[992] __attribute__((aligned(4))) = {
    0x00, 0x00, 0x00, 0x00, 0x00, 0x00, 0x00, 0x00, 0x00, 0x00, 0x00, 0x00, 0x00, 0x00, 0x00, 0x00,
    0x00, 0x00, 0x00, 0x00, 0x00, 0x00, 0x40, 0x24, 0x00, 0x00, 0x22, 0x94, 0x00, 0x40, 0x43, 0x37,
    0x00, 0x00, 0x00, 0x00, 0x00, 0x00, 0x00, 0x00, 0x00, 0x00, 0x00, 0x00, 0x00, 0x00, 0x00, 0x00,
    0x00, 0x00, 0x00, 0xF0, 0x00, 0x00, 0x00, 0xF0, 0x89, 0x78, 0x57, 0x45, 0x12, 0x01, 0x00, 0xFE,
    0xE0, 0x9E, 0xAE, 0x78, 0xE0, 0xE4, 0xEE, 0x89, 0xEE, 0xA7, 0xE9, 0x72, 0xFA, 0xE1, 0x83, 0x14,
    0xFF, 0x1E, 0x27, 0xE1, 0x86, 0x38, 0x93, 0xE8, 0x23, 0x47, 0xE1, 0xEE, 0x44, 0x34, 0x82, 0x77,
    0x77, 0x98, 0x9E, 0x77, 0x83, 0x99, 0x79, 0x87, 0x93, 0x9A, 0x87, 0x99, 0x9E, 0x89, 0x98, 0xE9,
    0x99, 0x88, 0xA9, 0x0A, 0x88, 0x97, 0x1E, 0x00, 0x78, 0x98, 0x7A, 0x28, 0xE7, 0x79, 0x12, 0x00,
    0x00, 0x20, 0x76, 0x12, 0x20, 0x13, 0x27, 0x32, 0x52, 0x34, 0x11, 0x01, 0x00, 0x00, 0x00, 0xC4,
    0x00, 0x00, 0x10, 0x42, 0x00, 0x12, 0x72, 0x17, 0x10, 0x11, 0x22, 0x22, 0x00, 0x00, 0x20, 0x44,
    0x74, 0x46, 0x44, 0x86, 0x21, 0x55, 0x33, 0x22, 0x64, 0x01, 0xFE, 0x99, 0x16, 0x01, 0x9E, 0xEF,
    0x14, 0x01, 0x1F, 0xE1, 0x94, 0x26, 0x11, 0x31, 0x42, 0x01, 0x30, 0x01, 0x44, 0x13, 0x00, 0x00,
    0x14, 0x42, 0x82, 0x77, 0x22, 0xF2, 0x81, 0x77, 0xFE, 0x61, 0xA6, 0x8E, 0x9E, 0x18, 0xE1, 0xEE,
    0x8E, 0xA8, 0x13, 0x11, 0x81, 0xA8, 0xE4, 0x8E, 0x8E, 0xA8, 0x97, 0x88, 0x8E, 0xA9, 0x94, 0x88,
    0x97, 0xAA, 0x12, 0x00, 0x87, 0x2E, 0x34, 0x00, 0xEE, 0x2E, 0x01, 0x00, 0x9E, 0x32, 0x01, 0x00,
    0x9A, 0x11, 0xEE, 0x00, 0x53, 0xA4, 0xEE, 0x00, 0xAA, 0xA9, 0xAE, 0x00, 0xA9, 0x99, 0xAE, 0x00,
    0x42, 0x33, 0x01, 0xE0, 0x12, 0x00, 0x00, 0xE0, 0x23, 0x00, 0x00, 0xE0, 0x01, 0x00, 0x00, 0xE0,
    0x00, 0x00, 0x00, 0xE0, 0x00, 0x00, 0x00, 0xAE, 0x00, 0x00, 0x00, 0xAE, 0x00, 0x00, 0x00, 0x9E,
    0x8A, 0xE9, 0xA8, 0x88, 0x89, 0xEA, 0xA7, 0x88, 0x89, 0xEA, 0xA4, 0x88, 0x88, 0x7A, 0xAE, 0x89,
    0x98, 0x7A, 0xEE, 0x89, 0xA8, 0x8E, 0xEE, 0x89, 0xA8, 0xE9, 0xEA, 0x89, 0xA8, 0xE8, 0xE8, 0x89,
    0xE9, 0x9A, 0xEE, 0xEE, 0xE9, 0x9A, 0xEE, 0xEE, 0xE8, 0xAE, 0xEA, 0xEE, 0xE8, 0xAE, 0xEA, 0xEE,
    0xE8, 0xEE, 0xEA, 0xE9, 0xA8, 0xEE, 0xEE, 0xE9, 0xA8, 0xEE, 0xEE, 0xAA, 0xA8, 0xEE, 0xEA, 0x9E,
    0x00, 0x00, 0x00, 0x00, 0x00, 0x00, 0x00, 0x00, 0x00, 0x00, 0x00, 0x00, 0x00, 0x00, 0x00, 0x00,
    0x00, 0x00, 0x00, 0x00, 0x0E, 0x00, 0x00, 0x00, 0x0E, 0x00, 0x00, 0x00, 0x0E, 0x00, 0x00, 0x00,
    0x00, 0x00, 0x00, 0x8E, 0x00, 0x00, 0x00, 0x8E, 0x00, 0x00, 0x00, 0x8E, 0x00, 0x00, 0x00, 0x8A,
    0x00, 0x00, 0xE0, 0x89, 0x00, 0x00, 0xE0, 0x88, 0x00, 0x00, 0xE0, 0x89, 0x00, 0x00, 0xE0, 0x9A,
    0xE8, 0xE7, 0x8A, 0x8A, 0xE8, 0xE8, 0x7A, 0x9A, 0x88, 0xEE, 0x4E, 0x9E, 0x79, 0xEE, 0x7E, 0x9E,
    0x89, 0xEE, 0x8E, 0x9E, 0x8A, 0x0E, 0x80, 0xAE, 0xEA, 0x00, 0xE0, 0xA7, 0xEA, 0x00, 0xEE, 0xA8,
    0xA8, 0xEE, 0xA9, 0x9E, 0xA8, 0xEE, 0xA9, 0xAE, 0x98, 0xEE, 0xA9, 0xEE, 0x98, 0xEA, 0x99, 0xEE,
    0x98, 0xEA, 0x99, 0xEE, 0x98, 0xEA, 0x9A, 0xEE, 0x88, 0xEA, 0x9A, 0xEE, 0x88, 0xEA, 0x9A, 0xEE,
    0xEA, 0x00, 0x00, 0x00, 0xE9, 0x00, 0x00, 0x00, 0xE9, 0x00, 0x00, 0x00, 0xA9, 0x00, 0x00, 0x00,
    0x9A, 0x00, 0x00, 0x00, 0x9E, 0x0E, 0x00, 0x00, 0xAE, 0x0E, 0x00, 0x00, 0xAE, 0x0E, 0x00, 0x00,
    0x00, 0x00, 0x00, 0x00, 0x00, 0x00, 0x00, 0x00, 0x00, 0x00, 0x00, 0x00, 0x00, 0x00, 0x00, 0x00,
    0x00, 0x00, 0x00, 0x50, 0x00, 0x00, 0x00, 0x30, 0x00, 0x00, 0x00, 0x30, 0x00, 0x00, 0x00, 0x50,
    0x30, 0x00, 0x03, 0x00, 0x20, 0x05, 0x53, 0x50, 0x25, 0x51, 0x33, 0x25, 0x35, 0x12, 0x55, 0x53,
    0x52, 0x23, 0x15, 0x25, 0x52, 0x33, 0x15, 0x25, 0x52, 0x35, 0x25, 0x51, 0x53, 0x51, 0x52, 0x12,
    0x00, 0x00, 0x00, 0x30, 0x00, 0x00, 0x00, 0x00, 0x00, 0x00, 0x00, 0x55, 0x00, 0x00, 0x00, 0x30,
    0x00, 0x00, 0x00, 0x50, 0x00, 0x00, 0x00, 0x50, 0x00, 0x00, 0x00, 0x00, 0x00, 0x00, 0x00, 0x00,
    0x55, 0x22, 0x11, 0x22, 0x23, 0x55, 0x22, 0x15, 0x25, 0x21, 0x52, 0x11, 0x12, 0x52, 0x52, 0x51,
    0x25, 0x55, 0x53, 0x22, 0x33, 0x75, 0x55, 0x52, 0x50, 0x45, 0x53, 0x71, 0x00, 0x25, 0x11, 0x41,
    0x00, 0x00, 0x00, 0xAE, 0x00, 0x00, 0x00, 0x00, 0x00, 0x00, 0x00, 0x00, 0x00, 0x00, 0x00, 0x00,
    0x00, 0x00, 0x00, 0x00, 0x00, 0x00, 0x00, 0x00, 0x00, 0x00, 0x00, 0x00, 0x00, 0x00, 0x00, 0x00,
    0xEA, 0xE0, 0xEE, 0xA7, 0xEE, 0x99, 0xEE, 0xE7, 0x7E, 0x87, 0xE9, 0xE8, 0x9E, 0xA9, 0xEA, 0xEE,
    0xE0, 0xEE, 0x0E, 0x00, 0x00, 0x00, 0x00, 0x00, 0x00, 0x00, 0x00, 0x00, 0x00, 0x00, 0x00, 0x00,
    0x89, 0xE9, 0x9A, 0xEA, 0x89, 0xE9, 0x9E, 0xEA, 0x89, 0xE9, 0xAE, 0xEE, 0xEE, 0xEE, 0xEE, 0xEE,
    0x00, 0x00, 0x00, 0xEE, 0x00, 0x00, 0x00, 0x7E, 0x00, 0x00, 0x00, 0x9E, 0x00, 0x00, 0x00, 0xE0,
    0xAE, 0x0E, 0x00, 0x00, 0xEE, 0x00, 0x00, 0x00, 0xEE, 0x00, 0x00, 0x00, 0xEE, 0x00, 0x00, 0x00,
    0xEE, 0x00, 0x00, 0x00, 0x87, 0x0E, 0x00, 0x00, 0xA9, 0x0E, 0x00, 0x00, 0xEE, 0x00, 0x00, 0x00,
    0x00, 0x50, 0x12, 0x11, 0x00, 0xEE, 0x35, 0x22, 0x00, 0x8E, 0x5E, 0x3D, 0xE0, 0x9A, 0x66, 0x89,
    0xE0, 0xA9, 0xEE, 0xE8, 0xE0, 0x78, 0x44, 0xEA, 0xE0, 0x77, 0x71, 0x8A, 0xE0, 0x78, 0xA4, 0x18,
    0x21, 0x35, 0x05, 0x00, 0x53, 0x55, 0xE6, 0x00, 0x32, 0xE6, 0x89, 0x0A, 0xE6, 0x99, 0x68, 0xEA,
    0x8A, 0x98, 0xEA, 0x9A, 0xE1, 0x9E, 0x88, 0xAA, 0x94, 0x89, 0x98, 0x89, 0x88, 0x9A, 0xA8, 0x78,
    0x03, 0x00, 0x00, 0x00, 0x01, 0x00, 0x00, 0x00, 0x51, 0x05, 0x00, 0x00, 0x12, 0x53, 0x00, 0x00,
    0x12, 0x22, 0x53, 0x00, 0x22, 0x22, 0x22, 0x00, 0x22, 0x22, 0x22, 0x05, 0x22, 0x22, 0x12, 0x05,
    0x32, 0x51, 0x22, 0x81, 0x52, 0x11, 0x15, 0x51, 0x32, 0x25, 0x25, 0x82, 0x23, 0x53, 0x25, 0x83,
    0x25, 0x52, 0x53, 0x35, 0x55, 0x23, 0x35, 0x55, 0x11, 0x55, 0x55, 0x05, 0x11, 0x23, 0x35, 0x00,
    0x00, 0x00, 0x00, 0x00, 0x00, 0x00, 0x00, 0x00, 0x00, 0x00, 0x00, 0x00, 0x0A, 0x00, 0x00, 0x00,
    0x0A, 0x00, 0x00, 0x00, 0xE8, 0x00, 0x00, 0x00, 0xE7, 0x00, 0x00, 0x00, 0xE7, 0x00, 0x00, 0x00,
    0xE7, 0x00, 0x00, 0x00, 0xFF, 0x00, 0x00, 0x00, 0x08, 0x00, 0x00, 0x00, 0x00, 0x00, 0x00, 0x00,
    0x00, 0x00, 0x00, 0x00, 0x00, 0x00, 0x00, 0x00, 0x00, 0x00, 0x00, 0x00, 0x00, 0x00, 0x00, 0x00,
    0x00, 0x00, 0x82, 0x12, 0x00, 0x00, 0x00, 0x10, 0x00, 0x00, 0x00, 0x30, 0x00, 0x00, 0x00, 0x10,
    0x00, 0x00, 0x00, 0x00, 0x00, 0x00, 0x00, 0x00, 0x00, 0x00, 0x00, 0x00, 0x00, 0x00, 0x00, 0x00,
};
static const u16 sFrame9[] = {
    0x0008, 0x40D9, 0x81E8, 0x0000, 0x40E9, 0x81F0, 0x0008, 0x00C1, 0x41F0, 0x0010, 0x40F9, 0x41F0,
    0x0014, 0x40D1, 0x01F8, 0x0018, 0x80C1, 0x0000, 0x001A, 0x80D1, 0x0008, 0x001C, 0x00E9, 0x01E8,
    0x001E, 0x0000,
};
static const void* const sFrames9[] = { sFrame9 };
static const u8 sTiles10[864] __attribute__((aligned(4))) = {
    0x00, 0x00, 0x00, 0x00, 0x00, 0x00, 0x00, 0x00, 0x00, 0x00, 0x00, 0xE0, 0x00, 0x00, 0x00, 0xEE,
    0x00, 0x00, 0xA0, 0xE8, 0x00, 0x00, 0x8A, 0xE6, 0x00, 0x00, 0x8A, 0xE6, 0x00, 0x00, 0x8A, 0xE6,
    0x25, 0x11, 0x11, 0x52, 0x5E, 0x23, 0x32, 0x55, 0x9A, 0x66, 0x23, 0xE3, 0xA9, 0xEE, 0xE8, 0x8A,
    0x78, 0x44, 0xEA, 0xE1, 0x77, 0x71, 0x8A, 0x94, 0x78, 0xA4, 0x18, 0x88, 0x9A, 0xAE, 0x78, 0x77,
    0x53, 0xE9, 0x00, 0x00, 0xE5, 0x89, 0x0A, 0x00, 0x99, 0x68, 0xEA, 0x0A, 0x98, 0xEA, 0x9A, 0x0A,
    0x9E, 0x88, 0xAA, 0xA8, 0x89, 0x98, 0x89, 0xA7, 0x9A, 0xA8, 0x78, 0xE7, 0x98, 0x9E, 0x77, 0x77,
    0x00, 0x00, 0x00, 0x00, 0x00, 0x00, 0x00, 0x00, 0x00, 0x00, 0x00, 0x00, 0x00, 0x00, 0x00, 0x00,
    0x00, 0x00, 0x00, 0x00, 0x00, 0x00, 0x00, 0x00, 0x0E, 0x00, 0x00, 0x00, 0xE7, 0x00, 0x00, 0x00,
    0x00, 0x00, 0x8A, 0x86, 0x00, 0x00, 0xA0, 0x88, 0x00, 0x00, 0xA0, 0xA8, 0x00, 0x00, 0x00, 0xAA,
    0x00, 0x00, 0x00, 0x8A, 0x00, 0x00, 0x00, 0xA0, 0x00, 0x00, 0x00, 0x00, 0x00, 0x00, 0x00, 0x00,
    0xEA, 0xEE, 0x89, 0x87, 0xA8, 0xE7, 0xE9, 0xAE, 0xAA, 0xE1, 0xA8, 0xE4, 0x88, 0xAA, 0xAA, 0xE1,
    0x88, 0x66, 0x88, 0xAA, 0x6A, 0x66, 0x66, 0x66, 0xAE, 0x88, 0x66, 0x16, 0xEE, 0xAA, 0x88, 0xA8,
    0xA9, 0x9E, 0x8A, 0x87, 0x99, 0xEA, 0xE0, 0x8E, 0x31, 0xEE, 0x00, 0xAA, 0x31, 0x35, 0x0A, 0xAA,
    0x5A, 0x12, 0x33, 0xAA, 0x5A, 0x81, 0xAA, 0xAA, 0x13, 0x82, 0x8A, 0x88, 0x31, 0xA2, 0x88, 0x77,
    0xE7, 0x00, 0x00, 0x00, 0x88, 0x0A, 0x00, 0x00, 0x88, 0x0A, 0x00, 0x00, 0xAA, 0x0A, 0x00, 0x00,
    0x88, 0x0A, 0x00, 0x00, 0xE8, 0x00, 0x00, 0x00, 0xE8, 0x00, 0x00, 0x00, 0xE8, 0x00, 0x00, 0x00,
    0x00, 0x00, 0x00, 0x00, 0x00, 0x00, 0x00, 0xE0, 0x00, 0x00, 0x00, 0xE0, 0x00, 0x00, 0x00, 0x9E,
    0x00, 0x00, 0xE0, 0xE9, 0x00, 0x00, 0x9E, 0xEE, 0x00, 0xE0, 0xE9, 0x8E, 0x00, 0xE0, 0xEE, 0x88,
    0xEE, 0x8E, 0xAA, 0xA8, 0xEE, 0x8E, 0xE8, 0xAA, 0xEE, 0x88, 0xAE, 0x14, 0xEE, 0x88, 0xAA, 0xA6,
    0x8E, 0xA8, 0xE8, 0xAE, 0x88, 0x6A, 0xEE, 0xA8, 0xA8, 0xE6, 0xEA, 0x16, 0x8A, 0xAE, 0xEE, 0x16,
    0x33, 0xA5, 0x77, 0x87, 0x13, 0xE5, 0x78, 0x87, 0x31, 0x8E, 0xEE, 0x88, 0x33, 0x8E, 0x8E, 0xEE,
    0x11, 0xE3, 0xE8, 0xE8, 0x21, 0xA5, 0xEE, 0xAE, 0x31, 0x15, 0xE3, 0xAE, 0x31, 0x28, 0xE5, 0xEE,
    0x0E, 0x00, 0x00, 0x00, 0x0E, 0x00, 0x00, 0x00, 0x0E, 0x00, 0x00, 0x00, 0x00, 0x00, 0x00, 0x00,
    0x00, 0x00, 0x00, 0x00, 0x0E, 0x00, 0x00, 0x00, 0x0E, 0x00, 0x00, 0x00, 0xEA, 0x0E, 0x00, 0x00,
    0x00, 0xEE, 0x8E, 0xA8, 0x00, 0xEE, 0x8E, 0x6A, 0xE0, 0xEE, 0x88, 0x8A, 0xE0, 0x8E, 0xA8, 0xE6,
    0xEE, 0x8E, 0x6A, 0x9E, 0xEE, 0x88, 0x8A, 0x9E, 0x8E, 0xA8, 0xE6, 0x9E, 0x8E, 0x6A, 0xE6, 0x99,
    0xE6, 0xE9, 0xEE, 0x18, 0x9E, 0xEA, 0x80, 0x1A, 0xAE, 0x0A, 0x60, 0x11, 0xEE, 0x00, 0x8E, 0x21,
    0xEA, 0x00, 0x10, 0x31, 0xEA, 0x00, 0x10, 0x51, 0xEA, 0x00, 0x10, 0x52, 0xA9, 0x0E, 0x11, 0x53,
    0x52, 0x31, 0xEE, 0xEE, 0x53, 0x52, 0xEE, 0xEE, 0x83, 0xA3, 0xEE, 0xEE, 0x15, 0x33, 0xE3, 0xEE,
    0x25, 0x35, 0xE1, 0xEE, 0x38, 0x1E, 0xEE, 0xEE, 0x31, 0x31, 0xEE, 0xEE, 0x52, 0x12, 0xEA, 0xEE,
    0xAA, 0x0E, 0x00, 0x00, 0xAA, 0xE9, 0x00, 0x00, 0xAA, 0x9A, 0x00, 0x00, 0xAA, 0x9A, 0x00, 0x00,
    0xAA, 0xAA, 0xEE, 0x00, 0xAA, 0xAA, 0x99, 0xEA, 0xAA, 0xAA, 0xAA, 0xAA, 0xAA, 0xAA, 0xAA, 0xEA,
    0x00, 0x00, 0x00, 0x03, 0x00, 0x00, 0x00, 0x52, 0x00, 0x00, 0x50, 0x12, 0x00, 0x00, 0x50, 0x23,
    0x00, 0x00, 0x25, 0x35, 0x00, 0x00, 0x23, 0x35, 0x00, 0x00, 0x23, 0x55, 0x00, 0x00, 0x35, 0x15,
    0x30, 0x00, 0x30, 0x00, 0x30, 0x05, 0x15, 0x00, 0x35, 0x53, 0x12, 0x55, 0x51, 0x35, 0x25, 0x31,
    0x52, 0x51, 0x22, 0x21, 0x53, 0x51, 0x22, 0x22, 0x53, 0x12, 0x25, 0x22, 0x25, 0x25, 0x21, 0x22,
    0x00, 0x00, 0x53, 0x25, 0x00, 0x00, 0x30, 0x52, 0x00, 0x50, 0x55, 0x12, 0x00, 0x00, 0x23, 0x21,
    0x00, 0x00, 0x55, 0x52, 0x00, 0x00, 0x35, 0x53, 0x00, 0x00, 0x00, 0x55, 0x00, 0x00, 0x00, 0x50,
    0x12, 0x21, 0x22, 0x13, 0x25, 0x52, 0x21, 0x15, 0x22, 0x15, 0x21, 0x53, 0x25, 0x15, 0x35, 0x32,
    0x35, 0x25, 0x52, 0x22, 0x57, 0x25, 0x55, 0x35, 0x34, 0x15, 0x17, 0x51, 0x12, 0x11, 0x14, 0x31,
    0x8E, 0x8A, 0x9E, 0xA9, 0xEE, 0xEE, 0xAA, 0xEA, 0x00, 0x00, 0xEE, 0x0E, 0x00, 0x00, 0x00, 0x00,
    0x00, 0x00, 0x00, 0x00, 0x00, 0x00, 0x00, 0x00, 0x00, 0x00, 0x00, 0x00, 0x00, 0x00, 0x00, 0x00,
    0xAA, 0x0E, 0x51, 0x83, 0xEE, 0x00, 0x35, 0x12, 0x00, 0x00, 0x33, 0x22, 0x00, 0x50, 0x23, 0x41,
    0x00, 0x00, 0x30, 0xE3, 0x00, 0x00, 0x00, 0x10, 0x00, 0x00, 0x00, 0x31, 0x00, 0x00, 0x00, 0x03,
    0x42, 0x22, 0xEA, 0xEE, 0x42, 0x12, 0xAA, 0xEE, 0x24, 0x24, 0xA9, 0xEE, 0x42, 0xA2, 0xA9, 0xEA,
    0x22, 0x91, 0xEA, 0xAA, 0xE1, 0xAE, 0xAA, 0xEE, 0x00, 0xE0, 0xEE, 0x00, 0x00, 0x00, 0x00, 0x00,
    0xAE, 0xAA, 0xAA, 0x0A, 0xAE, 0xAA, 0xAA, 0x0E, 0xEE, 0xAA, 0xEA, 0x00, 0xEE, 0xAE, 0xEA, 0x00,
    0xEA, 0x0E, 0x00, 0x00, 0x00, 0x00, 0x00, 0x00, 0x00, 0x00, 0x00, 0x00, 0x00, 0x00, 0x00, 0x00,
    0x00, 0x00, 0x00, 0x00, 0x00, 0x00, 0x00, 0x00, 0x00, 0x00, 0x00, 0x00, 0x05, 0x00, 0x00, 0x00,
    0x32, 0x05, 0x00, 0x00, 0x22, 0x02, 0x00, 0x00, 0x22, 0x52, 0x00, 0x00, 0x22, 0x51, 0x00, 0x00,
    0x25, 0x12, 0x08, 0x00, 0x51, 0x11, 0x05, 0x00, 0x52, 0x22, 0x08, 0x00, 0x55, 0x32, 0x08, 0x00,
    0x35, 0x55, 0x03, 0x00, 0x52, 0x53, 0x05, 0x00, 0x55, 0x55, 0x00, 0x00, 0x52, 0x03, 0x00, 0x00,
    0x00, 0x00, 0x00, 0x00, 0x00, 0x00, 0x00, 0x00, 0x00, 0x00, 0x00, 0x00, 0x00, 0x00, 0x00, 0x00,
    0x00, 0x00, 0x00, 0x00, 0x00, 0x00, 0x00, 0x00, 0x0E, 0x00, 0x00, 0x00, 0x00, 0x00, 0x00, 0x00,
};
static const u16 sFrame10[] = {
    0x0005, 0x00DA, 0x81EC, 0x0000, 0x00CA, 0x41EC, 0x0010, 0x40FA, 0x41EC, 0x0014, 0x80CA, 0x01FC,
    0x0018, 0x00F2, 0x000C, 0x001A, 0x0000,
};
static const void* const sFrames10[] = { sFrame10 };
static const u8 sTiles11[832] __attribute__((aligned(4))) = {
    0x00, 0x00, 0x00, 0x00, 0x00, 0x00, 0x00, 0x00, 0x00, 0x00, 0x00, 0x00, 0x00, 0x00, 0x00, 0xF0,
    0x00, 0x00, 0xFF, 0x7F, 0x00, 0x00, 0x2F, 0x27, 0x00, 0x00, 0x7F, 0xE1, 0x00, 0xF0, 0x27, 0xEF,
    0x00, 0xF0, 0xEE, 0x8E, 0xFF, 0xEF, 0xEE, 0x8E, 0x1F, 0xE2, 0xEE, 0x88, 0x47, 0x9E, 0xEE, 0x88,
    0xE2, 0xE9, 0x8E, 0xA8, 0x9E, 0xEE, 0x88, 0x6A, 0xE9, 0x8E, 0xA8, 0xE6, 0xEE, 0x88, 0x8A, 0xAE,
    0xA8, 0x97, 0x33, 0xAE, 0xE8, 0x94, 0x13, 0xEE, 0xAE, 0x14, 0x31, 0xEE, 0xAA, 0xA6, 0x33, 0xEE,
    0xE8, 0xAE, 0x11, 0xE3, 0xEE, 0xA8, 0x21, 0xA5, 0xEA, 0x16, 0x31, 0x15, 0xEE, 0x16, 0x31, 0x28,
    0x77, 0x87, 0x0E, 0x00, 0x78, 0x87, 0x0E, 0x00, 0xEE, 0x88, 0x0E, 0x00, 0x8E, 0xEE, 0x00, 0x00,
    0xE8, 0xE8, 0x00, 0x00, 0xEE, 0xAE, 0x0E, 0x00, 0xE3, 0xAE, 0x0E, 0x00, 0xE5, 0xEE, 0xEA, 0x0E,
    0xF0, 0x7F, 0xF2, 0xEE, 0xF0, 0x21, 0x0F, 0xEE, 0xFF, 0x16, 0xEF, 0xEE, 0x1F, 0x77, 0xE0, 0x8E,
    0x71, 0x00, 0xEE, 0x8E, 0x00, 0x00, 0xEE, 0x88, 0x00, 0x00, 0x8E, 0xA8, 0x00, 0x00, 0x8E, 0x6A,
    0x8E, 0xA8, 0xE6, 0xE9, 0x8E, 0x6A, 0x9E, 0xEA, 0x88, 0x8A, 0xAE, 0x0A, 0xA8, 0xE6, 0xEE, 0x00,
    0x6A, 0x9E, 0xEA, 0x00, 0x8A, 0x9E, 0xEA, 0x0F, 0xE6, 0x9E, 0xEA, 0x00, 0xE6, 0x99, 0xA9, 0x0E,
    0xEE, 0x18, 0x52, 0x31, 0x80, 0x1A, 0x53, 0x52, 0x60, 0x11, 0x83, 0xA3, 0x8E, 0x21, 0x15, 0x33,
    0x10, 0x31, 0x25, 0x35, 0x10, 0x51, 0x38, 0x1E, 0x10, 0x52, 0x31, 0x31, 0x11, 0x53, 0x52, 0x12,
    0xEE, 0xEE, 0xAA, 0x0E, 0xEE, 0xEE, 0xAA, 0xE9, 0xEE, 0xEE, 0xAA, 0x9A, 0xE3, 0xEE, 0xAA, 0x9A,
    0xE1, 0xEE, 0xAA, 0xAA, 0xEE, 0xEE, 0xAA, 0xAA, 0xEE, 0xEE, 0xAA, 0xAA, 0xEA, 0xEE, 0xAA, 0xAA,
    0x00, 0x03, 0x30, 0x00, 0x00, 0x52, 0x30, 0x05, 0x50, 0x12, 0x35, 0x53, 0x50, 0x23, 0x51, 0x35,
    0x25, 0x35, 0x52, 0x51, 0x23, 0x35, 0x53, 0x51, 0x23, 0x55, 0x53, 0x12, 0x35, 0x15, 0x25, 0x25,
    0x30, 0x00, 0x00, 0x00, 0x15, 0x00, 0x00, 0x00, 0x12, 0x55, 0x00, 0x00, 0x25, 0x31, 0x05, 0x00,
    0x22, 0x21, 0x32, 0x05, 0x22, 0x22, 0x22, 0x02, 0x25, 0x22, 0x22, 0x52, 0x21, 0x22, 0x22, 0x51,
    0x53, 0x25, 0x12, 0x21, 0x30, 0x52, 0x25, 0x52, 0x55, 0x12, 0x22, 0x15, 0x23, 0x21, 0x25, 0x15,
    0x55, 0x52, 0x35, 0x25, 0x35, 0x53, 0x57, 0x25, 0x00, 0x55, 0x34, 0x15, 0x00, 0x50, 0x12, 0x11,
    0x22, 0x13, 0x25, 0x12, 0x21, 0x15, 0x51, 0x11, 0x21, 0x53, 0x52, 0x22, 0x35, 0x32, 0x55, 0x32,
    0x52, 0x22, 0x35, 0x55, 0x55, 0x35, 0x52, 0x53, 0x17, 0x51, 0x55, 0x55, 0x14, 0x31, 0x52, 0x03,
    0x00, 0x00, 0x25, 0x11, 0x00, 0x00, 0x5E, 0x23, 0x00, 0xE0, 0x9A, 0x66, 0x00, 0xE0, 0xA9, 0xEE,
    0x00, 0xE0, 0x78, 0x44, 0x00, 0xE0, 0x77, 0x71, 0x00, 0xE0, 0x78, 0xA4, 0x00, 0xE0, 0x9E, 0xAE,
    0x11, 0x52, 0x53, 0xE9, 0x32, 0x55, 0xE5, 0x89, 0x23, 0xE3, 0x99, 0x68, 0xE8, 0x8A, 0x98, 0xEA,
    0xEA, 0xE1, 0x9E, 0x88, 0x8A, 0x94, 0x89, 0x98, 0x18, 0x88, 0x9A, 0xA8, 0x78, 0x77, 0x98, 0x9E,
    0x00, 0xE0, 0xE4, 0xEE, 0x00, 0xA0, 0xE8, 0xA7, 0x00, 0xA0, 0xE8, 0xE1, 0x00, 0x00, 0xEA, 0xEE,
    0x00, 0x00, 0xAA, 0xEE, 0x00, 0x00, 0xEA, 0xEA, 0x00, 0x00, 0xEE, 0xAE, 0x00, 0xF0, 0xEE, 0x9E,
    0x89, 0x87, 0xA9, 0x9E, 0xE9, 0xAE, 0x99, 0xEA, 0xA8, 0xE4, 0x31, 0xEE, 0x88, 0xE1, 0x31, 0x35,
    0x99, 0xE8, 0x5E, 0x12, 0xA8, 0xA7, 0x58, 0x81, 0xA8, 0x18, 0x13, 0x82, 0xA8, 0x94, 0x31, 0xA2,
    0x00, 0x00, 0x8E, 0x8A, 0x00, 0x00, 0xEE, 0xEE, 0x00, 0x00, 0x00, 0x00, 0x00, 0x00, 0x00, 0x00,
    0x00, 0x00, 0x00, 0x00, 0x00, 0x00, 0x00, 0x00, 0x00, 0x00, 0x00, 0x00, 0x00, 0x00, 0x00, 0x00,
    0x9E, 0xA9, 0xAA, 0x0E, 0xAA, 0xEA, 0xEE, 0x00, 0xEE, 0x0E, 0x00, 0x00, 0x00, 0x00, 0x00, 0x50,
    0x00, 0x00, 0x00, 0x00, 0x00, 0x00, 0x00, 0x00, 0x00, 0x00, 0x00, 0x00, 0x00, 0x00, 0x00, 0x00,
    0x51, 0x83, 0x42, 0x22, 0x35, 0x12, 0x42, 0x12, 0x33, 0x22, 0x24, 0x24, 0x23, 0x41, 0x42, 0xA2,
    0x30, 0xE3, 0x22, 0x91, 0x00, 0x10, 0xE1, 0xAE, 0x00, 0x31, 0x00, 0xE0, 0x00, 0x03, 0x00, 0x00,
    0xEA, 0xEE, 0xAE, 0xAA, 0xAA, 0xEE, 0xAE, 0xAA, 0xA9, 0xEE, 0xEE, 0xAA, 0xA9, 0xEA, 0xEE, 0xAE,
    0xEA, 0xAA, 0xEA, 0x0E, 0xAA, 0xEE, 0x00, 0x00, 0xEE, 0x00, 0x00, 0x00, 0x00, 0x00, 0x00, 0x00,
    0x08, 0x00, 0x00, 0x00, 0x05, 0x00, 0x00, 0x00, 0x08, 0x00, 0x00, 0x00, 0x08, 0x00, 0x00, 0x00,
    0x03, 0x00, 0x00, 0x00, 0x05, 0x00, 0x00, 0x00, 0x00, 0x00, 0x00, 0x00, 0x00, 0x00, 0x00, 0x00,
    0x00, 0x00, 0x00, 0x00, 0x0A, 0x00, 0x00, 0x00, 0xEA, 0x0A, 0x00, 0x00, 0x9A, 0x0A, 0x00, 0x00,
    0xAA, 0xA8, 0x00, 0x00, 0x89, 0xA7, 0x00, 0x00, 0x78, 0xE7, 0x0E, 0x00, 0x77, 0x77, 0xE7, 0x00,
    0x00, 0x00, 0x00, 0x00, 0x00, 0x00, 0x00, 0x00, 0x00, 0x00, 0x00, 0x00, 0x00, 0x00, 0x00, 0x00,
    0xEE, 0x00, 0x00, 0x00, 0x99, 0xEA, 0x00, 0x00, 0xAA, 0xAA, 0x0E, 0x00, 0xAA, 0xEA, 0x00, 0x00,
    0xAA, 0x0A, 0x00, 0x00, 0xAA, 0x0E, 0x00, 0x00, 0xEA, 0x00, 0x00, 0x00, 0xEA, 0x00, 0x00, 0x00,
    0x00, 0x00, 0x00, 0x00, 0x00, 0x00, 0x00, 0x00, 0x00, 0x00, 0x00, 0x00, 0x00, 0x00, 0x00, 0x00,
    0x00, 0x00, 0x00, 0x00, 0x00, 0x00, 0x00, 0x00, 0x00, 0x00, 0x00, 0x50, 0x00, 0x00, 0x00, 0x00,
    0x00, 0x00, 0x00, 0x00, 0x00, 0x00, 0x00, 0x00, 0x00, 0x00, 0x00, 0x00, 0x00, 0x00, 0x00, 0x00,
    0x8A, 0x87, 0xE7, 0x00, 0xE0, 0x8E, 0x88, 0x0A, 0x00, 0xAA, 0x88, 0x0A, 0x0A, 0xAA, 0xAA, 0x0A,
    0x33, 0xAA, 0x88, 0x0A, 0xAA, 0xAA, 0xE8, 0x00, 0x8A, 0x88, 0xE8, 0x00, 0x88, 0x77, 0xE8, 0x00,
};
static const u16 sFrame11[] = {
    0x0007, 0x40EA, 0x81E8, 0x0000, 0x80CA, 0x81F0, 0x0008, 0x40FA, 0x41E8, 0x0010, 0x80D2, 0x0000,
    0x0014, 0x80F2, 0x0008, 0x0016, 0x00D2, 0x01E8, 0x0018, 0x00E2, 0x0000, 0x0019, 0x0000,
};
static const void* const sFrames11[] = { sFrame11 };
static const u8 sTiles12[1088] __attribute__((aligned(4))) = {
    0x00, 0x00, 0x00, 0x00, 0x00, 0x00, 0x00, 0x00, 0x00, 0x00, 0x00, 0x00, 0x00, 0x00, 0x00, 0x00,
    0x00, 0x00, 0x00, 0x00, 0x00, 0x00, 0x00, 0x00, 0x00, 0x00, 0x00, 0x00, 0x00, 0x70, 0x00, 0x60,
    0x00, 0x00, 0x00, 0x00, 0x00, 0x00, 0x00, 0x00, 0x00, 0x00, 0x00, 0x00, 0x00, 0x00, 0x00, 0x00,
    0x00, 0x00, 0x00, 0x00, 0x00, 0x00, 0x00, 0x00, 0x00, 0x00, 0x00, 0x00, 0x88, 0x88, 0x08, 0x00,
    0x00, 0x00, 0x00, 0x00, 0x00, 0x00, 0x00, 0x00, 0x00, 0x00, 0x00, 0x00, 0x00, 0x00, 0x00, 0x00,
    0x00, 0x00, 0x00, 0x00, 0x00, 0x00, 0x00, 0x00, 0x00, 0x00, 0x00, 0x90, 0x00, 0x00, 0x40, 0x89,
    0x00, 0x50, 0x12, 0x11, 0x00, 0xE0, 0x35, 0x22, 0x00, 0xAE, 0x69, 0x36, 0x00, 0x9E, 0xEA, 0x8E,
    0x90, 0x8E, 0x47, 0xA4, 0x89, 0x7E, 0x17, 0xA7, 0x88, 0x8E, 0x47, 0x8A, 0x7A, 0xEE, 0xE9, 0x8A,
    0x6A, 0x4F, 0x94, 0xF7, 0x79, 0x26, 0x48, 0x68, 0x40, 0x26, 0x3F, 0x92, 0x00, 0x86, 0x72, 0xC1,
    0x00, 0xE4, 0xF1, 0x62, 0x00, 0xE4, 0xA2, 0x42, 0x00, 0xF8, 0xF2, 0x82, 0x00, 0xC2, 0x46, 0xF8,
    0x96, 0x22, 0x66, 0x00, 0x83, 0x4E, 0x79, 0x26, 0x27, 0xA7, 0x22, 0x9F, 0x1E, 0x82, 0x46, 0x98,
    0x47, 0x14, 0xFC, 0x44, 0x4E, 0x1C, 0x2F, 0x42, 0x49, 0x61, 0x34, 0x74, 0xA7, 0xF2, 0x62, 0x27,
    0x00, 0x00, 0x90, 0x88, 0x4E, 0x94, 0x86, 0x7F, 0xF6, 0x69, 0x2B, 0x3D, 0x72, 0x6F, 0x13, 0x46,
    0x00, 0xA4, 0x18, 0x36, 0x99, 0x88, 0x77, 0x55, 0x23, 0x11, 0x47, 0x0F, 0x41, 0x67, 0x44, 0x64,
    0x77, 0x4E, 0xEE, 0x9E, 0x97, 0x7E, 0x9A, 0x2E, 0x91, 0x1E, 0x3E, 0x48, 0x91, 0xEE, 0x71, 0x12,
    0x61, 0x88, 0x33, 0x89, 0x34, 0x72, 0x14, 0xEE, 0x40, 0x44, 0x23, 0x78, 0x48, 0x21, 0x24, 0x78,
    0x21, 0x01, 0x00, 0x00, 0x33, 0x02, 0x00, 0x00, 0x11, 0x00, 0x00, 0x00, 0x00, 0x00, 0x00, 0x00,
    0x00, 0x00, 0x00, 0xE0, 0x00, 0x00, 0x00, 0xE0, 0x00, 0x00, 0x00, 0xE0, 0x00, 0x00, 0x00, 0xE0,
    0x9E, 0xA8, 0x7E, 0x8A, 0x9E, 0xA8, 0x4E, 0x8A, 0x8E, 0xA8, 0xE7, 0x9A, 0x8E, 0xA9, 0xE7, 0x9E,
    0x8A, 0xEA, 0xE8, 0x9E, 0x8A, 0x9A, 0xAE, 0x9E, 0x89, 0x8A, 0x8E, 0x9E, 0x88, 0x7E, 0xAE, 0xA8,
    0x98, 0xAE, 0xE9, 0xEE, 0x88, 0xEE, 0xAA, 0xEE, 0x88, 0xEE, 0xAA, 0xEE, 0x88, 0xEE, 0xAE, 0x9E,
    0x88, 0xEA, 0xEE, 0x9E, 0x88, 0xEA, 0xEE, 0xAE, 0x88, 0xEA, 0xAE, 0xEE, 0x88, 0xEA, 0x9E, 0xEA,
    0x00, 0x00, 0x00, 0x00, 0x0E, 0x00, 0x00, 0x00, 0x0E, 0x00, 0x00, 0x00, 0x0E, 0x00, 0x00, 0x00,
    0xEE, 0x00, 0x00, 0x00, 0xEA, 0x00, 0x00, 0x00, 0xE9, 0x00, 0x00, 0x00, 0xA9, 0x0E, 0x00, 0x00,
    0x00, 0x00, 0x00, 0xE0, 0x00, 0x00, 0x00, 0xE0, 0x00, 0x00, 0x00, 0xAE, 0x00, 0x00, 0x00, 0x9E,
    0x00, 0x00, 0x00, 0x8E, 0x00, 0x00, 0x00, 0x9E, 0x00, 0x00, 0x00, 0xAE, 0x00, 0x00, 0x00, 0xE0,
    0x88, 0x8E, 0xAE, 0xA7, 0x88, 0xE8, 0xEE, 0xE4, 0x98, 0xE7, 0xEE, 0xE7, 0x98, 0xE8, 0xEE, 0xE8,
    0xA8, 0xE8, 0x00, 0xE8, 0xA8, 0x0E, 0x00, 0x7E, 0xA9, 0x0E, 0xE0, 0x8E, 0xAA, 0x0E, 0xEE, 0x7E,
    0x89, 0xEA, 0x9E, 0xEA, 0x89, 0xE9, 0x9E, 0xEA, 0x89, 0xA9, 0x9E, 0xE9, 0x89, 0xA9, 0x9E, 0xE9,
    0x8A, 0xA9, 0xAE, 0xE9, 0x8A, 0xA8, 0xAE, 0xE9, 0x8A, 0xA8, 0xAE, 0xE9, 0x9A, 0x98, 0xAE, 0xA9,
    0x9A, 0x0E, 0x00, 0x00, 0x9E, 0x0E, 0x00, 0x00, 0x9E, 0x0A, 0x00, 0x00, 0xAE, 0x09, 0x00, 0x00,
    0xEE, 0xE9, 0x00, 0x00, 0xEE, 0xEA, 0x00, 0x00, 0xEE, 0xEA, 0x00, 0x00, 0xEE, 0xEA, 0x00, 0x00,
    0x00, 0x00, 0x00, 0x00, 0x00, 0x00, 0x00, 0x00, 0x00, 0x00, 0x00, 0x00, 0x00, 0x00, 0x00, 0x00,
    0x00, 0x00, 0x00, 0x50, 0x00, 0x00, 0x00, 0x30, 0x00, 0x00, 0x00, 0x30, 0x00, 0x00, 0x00, 0x50,
    0x30, 0x00, 0x03, 0x00, 0x20, 0x05, 0x53, 0x50, 0x25, 0x51, 0x33, 0x25, 0x35, 0x12, 0x55, 0x53,
    0x52, 0x23, 0x15, 0x25, 0x52, 0x33, 0x15, 0x25, 0x52, 0x35, 0x25, 0x51, 0x53, 0x51, 0x52, 0x12,
    0x00, 0x00, 0x00, 0x30, 0x00, 0x00, 0x00, 0x00, 0x00, 0x00, 0x00, 0x55, 0x00, 0x00, 0x00, 0x30,
    0x00, 0x00, 0x00, 0x50, 0x00, 0x00, 0x00, 0x50, 0x00, 0x00, 0x00, 0x00, 0x00, 0x00, 0x00, 0x00,
    0x55, 0x22, 0x11, 0x22, 0x23, 0x55, 0x22, 0x15, 0x25, 0x21, 0x52, 0x11, 0x12, 0x52, 0x52, 0x51,
    0x25, 0x55, 0x53, 0x22, 0x33, 0x75, 0x55, 0x52, 0x50, 0x45, 0x53, 0x71, 0x00, 0x25, 0x11, 0x41,
    0x21, 0x35, 0x95, 0x0E, 0x53, 0x55, 0x9E, 0xA8, 0x32, 0x9E, 0x89, 0xA6, 0xAE, 0x88, 0xA9, 0xAE,
    0x1E, 0xEE, 0x89, 0xA8, 0x48, 0x99, 0x88, 0x99, 0x81, 0xA8, 0x89, 0x8A, 0x77, 0x87, 0xE9, 0x79,
    0x00, 0x00, 0x00, 0x00, 0x00, 0x00, 0x00, 0x00, 0xAE, 0x00, 0x00, 0x00, 0xA9, 0x00, 0x00, 0x00,
    0x8A, 0x0E, 0x00, 0x00, 0x78, 0x0E, 0x00, 0x00, 0x77, 0x0E, 0x00, 0x00, 0x77, 0x0E, 0x00, 0x00,
    0x38, 0x98, 0x99, 0x77, 0x37, 0xA9, 0x79, 0x98, 0xE1, 0x99, 0x88, 0x99, 0x9E, 0x89, 0x98, 0xAA,
    0x8E, 0x78, 0xE9, 0x01, 0x8E, 0x87, 0xA9, 0x87, 0x77, 0x9E, 0x27, 0x01, 0x77, 0xA9, 0x2A, 0x01,
    0x78, 0x0E, 0x00, 0x00, 0x89, 0x09, 0x00, 0x00, 0x0E, 0x00, 0x00, 0x00, 0x00, 0x00, 0x00, 0x00,
    0x00, 0x00, 0x00, 0x00, 0x02, 0x00, 0x00, 0x00, 0x00, 0x00, 0x00, 0x00, 0x00, 0x00, 0x00, 0x00,
    0x00, 0x40, 0x12, 0x47, 0x00, 0x00, 0xA0, 0x2F, 0x00, 0x00, 0x20, 0xF6, 0x00, 0x00, 0x00, 0xF0,
    0x00, 0x00, 0x00, 0x90, 0x00, 0x00, 0x00, 0x30, 0x00, 0x00, 0x00, 0x00, 0x00, 0x00, 0x00, 0x00,
    0x18, 0x32, 0x71, 0x22, 0x27, 0x45, 0x13, 0x11, 0x86, 0xF7, 0x00, 0x40, 0x02, 0x60, 0x00, 0x21,
    0x00, 0x20, 0x21, 0x77, 0x00, 0x11, 0x21, 0x22, 0x00, 0x00, 0x00, 0x42, 0x00, 0x00, 0x20, 0x28,
    0x13, 0x52, 0x35, 0x23, 0x40, 0x16, 0x00, 0x00, 0x6C, 0x11, 0x00, 0x00, 0x44, 0x11, 0x00, 0x11,
    0x41, 0x69, 0x12, 0x11, 0x22, 0x14, 0x00, 0x13, 0x44, 0x34, 0x01, 0x00, 0x21, 0x34, 0x13, 0x00,
    0x22, 0x22, 0x1A, 0x78, 0xA0, 0x1A, 0x66, 0xEA, 0xE0, 0xEE, 0x11, 0xEE, 0xE0, 0xEE, 0x3A, 0x11,
    0x13, 0xEE, 0xA9, 0xEE, 0xE0, 0xEE, 0xEE, 0x89, 0xE0, 0x98, 0x4A, 0x89, 0xAE, 0x98, 0x8E, 0x8A,
    0xE0, 0x9E, 0xE9, 0x7E, 0xE0, 0x77, 0x98, 0x8E, 0xE0, 0x99, 0xAA, 0xEE, 0x00, 0xEE, 0xEE, 0x00,
    0x00, 0x00, 0x00, 0x00, 0x00, 0x00, 0x00, 0x00, 0x00, 0x00, 0x00, 0x00, 0x00, 0x00, 0x00, 0x00,
    0x9E, 0x98, 0xEE, 0xA9, 0x9E, 0x98, 0xEE, 0xEA, 0xEE, 0xEE, 0xEE, 0xEE, 0x00, 0x00, 0x00, 0xE0,
    0x00, 0x00, 0x00, 0xE0, 0x00, 0x00, 0x00, 0xE0, 0x00, 0x00, 0x00, 0x00, 0x00, 0x00, 0x00, 0x00,
    0x03, 0x00, 0x00, 0x00, 0x01, 0x00, 0x00, 0x00, 0x51, 0x05, 0x00, 0x00, 0x12, 0x53, 0x00, 0x00,
    0x12, 0x22, 0x53, 0x00, 0x22, 0x22, 0x22, 0x00, 0x22, 0x22, 0x22, 0x05, 0x22, 0x22, 0x12, 0x05,
    0x32, 0x51, 0x22, 0x81, 0x52, 0x11, 0x15, 0x51, 0x32, 0x25, 0x25, 0x82, 0x23, 0x53, 0x25, 0x83,
    0x25, 0x52, 0x53, 0x35, 0x55, 0x23, 0x35, 0x55, 0x11, 0x55, 0x55, 0x05, 0x11, 0x23, 0x35, 0x00,
    0x77, 0xE8, 0x42, 0x03, 0xE8, 0xEE, 0x12, 0x00, 0xEE, 0x29, 0x13, 0x00, 0xA1, 0x19, 0xE1, 0x0E,
    0x38, 0x45, 0xEA, 0x0E, 0xA8, 0x9A, 0xEA, 0x0A, 0x98, 0x9A, 0xE9, 0x0A, 0x98, 0xAE, 0xE9, 0xEE,
    0xEE, 0x0E, 0x00, 0x00, 0xEE, 0x0E, 0x00, 0x00, 0xEE, 0x0E, 0x00, 0x00, 0xEE, 0x0E, 0x00, 0x00,
    0x77, 0xE8, 0x00, 0x00, 0x99, 0xEA, 0x00, 0x00, 0xEE, 0x0E, 0x00, 0x00, 0x00, 0x00, 0x00, 0x00,
};
static const u16 sFrame12[] = {
    0x0009, 0x40D2, 0x81DF, 0x0000, 0x40EA, 0x81EF, 0x0008, 0x00C2, 0x41EF, 0x0010, 0x00D2, 0x41FF,
    0x0014, 0x40E2, 0x41DF, 0x0018, 0x40FA, 0x01F7, 0x001C, 0x80C2, 0x01FF, 0x001E, 0x00E2, 0x01FF,
    0x0020, 0x00FA, 0x0007, 0x0021, 0x0000,
};
static const void* const sFrames12[] = { sFrame12 };
static const u8 sTiles13[1088] __attribute__((aligned(4))) = {
    0x00, 0x00, 0x00, 0x00, 0x00, 0x00, 0x00, 0x00, 0x00, 0x00, 0x00, 0x00, 0x00, 0x00, 0x90, 0x00,
    0x00, 0x00, 0x40, 0x04, 0x00, 0x94, 0x41, 0xE4, 0x30, 0x06, 0xF2, 0x8E, 0x90, 0x08, 0x44, 0x78,
    0x00, 0x00, 0x00, 0x00, 0x00, 0x00, 0x00, 0x00, 0x00, 0x00, 0x00, 0xE0, 0x00, 0x20, 0xEE, 0x78,
    0xE0, 0x8E, 0x88, 0x77, 0x8E, 0x71, 0x11, 0xE3, 0x68, 0x43, 0x22, 0x14, 0x73, 0x53, 0x42, 0x22,
    0x00, 0x50, 0x12, 0x11, 0x00, 0xEE, 0x35, 0x22, 0xEE, 0x8E, 0xEE, 0x33, 0xE7, 0x9A, 0x66, 0x89,
    0xE7, 0xA9, 0xEE, 0xE8, 0xE7, 0x78, 0x44, 0xEA, 0xE1, 0x77, 0x71, 0x8A, 0x13, 0x78, 0xA4, 0xA8,
    0x21, 0x35, 0x05, 0x00, 0x53, 0x55, 0xE9, 0x00, 0x32, 0xE6, 0x89, 0x0A, 0xE6, 0x99, 0x68, 0xEA,
    0x8A, 0x98, 0xEA, 0x9A, 0xE1, 0x9E, 0x88, 0xAA, 0x94, 0x9A, 0x99, 0x9A, 0x8A, 0x89, 0x78, 0x98,
    0x44, 0x02, 0x30, 0x77, 0xE7, 0x07, 0xB2, 0x12, 0xAA, 0x04, 0x11, 0x33, 0x60, 0x22, 0x43, 0x73,
    0x00, 0xFF, 0x6D, 0x26, 0x40, 0x14, 0x12, 0x21, 0x00, 0x60, 0x3B, 0xF8, 0x00, 0x90, 0x66, 0x0A,
    0x23, 0x8A, 0xAA, 0x6E, 0x13, 0xEE, 0xA7, 0xAA, 0xA0, 0x7A, 0xEE, 0xAA, 0xA1, 0xEA, 0xE7, 0xAA,
    0xA4, 0x7A, 0xAA, 0x4A, 0x28, 0xAA, 0xAA, 0x5A, 0x73, 0x13, 0x22, 0x61, 0x10, 0x43, 0x43, 0x60,
    0x12, 0xA4, 0xAA, 0x9A, 0x88, 0x85, 0x98, 0xAA, 0x77, 0x83, 0x88, 0xA9, 0x17, 0x77, 0x88, 0xAA,
    0x17, 0x98, 0xEA, 0xE1, 0x18, 0xAE, 0x99, 0xE8, 0x31, 0xEE, 0xE8, 0xEE, 0xE1, 0xEA, 0xE4, 0xEE,
    0x88, 0x88, 0x78, 0x87, 0x88, 0x88, 0x77, 0x77, 0x89, 0x98, 0xEE, 0x0E, 0xEE, 0xEE, 0x00, 0x00,
    0x8E, 0x0A, 0x00, 0x00, 0xAE, 0x0A, 0x00, 0x00, 0xAE, 0x0A, 0x00, 0x00, 0xAE, 0x0A, 0x00, 0x00,
    0x00, 0x40, 0xF9, 0x04, 0x00, 0x40, 0x7F, 0x00, 0x00, 0xE0, 0x26, 0x00, 0x00, 0x20, 0x99, 0x00,
    0x00, 0x60, 0x8F, 0x60, 0x00, 0x76, 0x42, 0x9F, 0x80, 0x96, 0x62, 0xFC, 0x80, 0x42, 0x8A, 0x11,
    0x00, 0x78, 0x24, 0x12, 0x00, 0x28, 0x14, 0x02, 0x00, 0x36, 0x44, 0x02, 0x00, 0x40, 0x80, 0x02,
    0x04, 0x50, 0x60, 0x02, 0x01, 0x50, 0x40, 0x03, 0xFF, 0x72, 0x40, 0x03, 0xF6, 0x7F, 0x4F, 0x05,
    0xE0, 0xE9, 0xA8, 0xA9, 0xA0, 0xA8, 0xA7, 0x98, 0xA0, 0xA1, 0x98, 0x98, 0x9E, 0xA3, 0x94, 0x98,
    0x1E, 0x11, 0x97, 0x88, 0x1E, 0x31, 0x94, 0x88, 0x8E, 0xA1, 0x17, 0x88, 0x8E, 0xA2, 0x31, 0x88,
    0xAE, 0xAA, 0x00, 0x00, 0x8E, 0xA9, 0x0A, 0x00, 0x7E, 0x87, 0x0A, 0x00, 0x9E, 0x98, 0x0E, 0x00,
    0x9A, 0xEA, 0xEE, 0x00, 0x9A, 0xA9, 0xEE, 0x00, 0xAA, 0xA9, 0xAE, 0x00, 0xA9, 0x99, 0xAE, 0x00,
    0x80, 0xE2, 0x27, 0xC4, 0x80, 0x89, 0x12, 0x44, 0x80, 0x36, 0xE7, 0xE7, 0x60, 0x6F, 0xC9, 0x46,
    0x00, 0x87, 0x12, 0x22, 0x00, 0x49, 0x73, 0xAF, 0x00, 0x84, 0x2F, 0x21, 0x70, 0x24, 0x82, 0xEE,
    0x21, 0x83, 0x61, 0x15, 0xA4, 0x81, 0x71, 0x62, 0x79, 0x98, 0x42, 0x41, 0xF8, 0x94, 0x13, 0xE3,
    0x82, 0x44, 0x27, 0x12, 0x4F, 0x24, 0x74, 0x12, 0x62, 0x22, 0x63, 0x17, 0xCF, 0x04, 0x24, 0x31,
    0x11, 0x16, 0x33, 0x88, 0x11, 0x49, 0x44, 0x21, 0x46, 0x24, 0x24, 0x32, 0x4C, 0x21, 0x14, 0x31,
    0x24, 0x27, 0x24, 0x89, 0x18, 0x27, 0x82, 0x89, 0xA8, 0x22, 0x2A, 0x89, 0xA8, 0x11, 0xE8, 0x89,
    0xE9, 0x9A, 0xEE, 0x00, 0xE9, 0x9A, 0xEE, 0x0E, 0xE1, 0xAE, 0xEA, 0x0E, 0xE1, 0xAE, 0xEA, 0x0E,
    0xE8, 0xEE, 0xEA, 0xE9, 0xA8, 0xEE, 0xEE, 0xE9, 0xA8, 0xEE, 0xEE, 0xAA, 0xA8, 0xEE, 0xEA, 0x9E,
    0x28, 0x00, 0x00, 0x43, 0x00, 0x00, 0x00, 0x52, 0x00, 0x00, 0x00, 0x2E, 0x00, 0x00, 0xE0, 0x8A,
    0x00, 0x00, 0xE0, 0x89, 0x00, 0x00, 0xE0, 0x88, 0x00, 0x00, 0xE0, 0x89, 0x00, 0x00, 0xE0, 0x9A,
    0xE8, 0x12, 0x8A, 0x8A, 0xE8, 0x18, 0x7A, 0x9A, 0x88, 0xEE, 0x4E, 0x9E, 0x79, 0xEE, 0x7E, 0x9E,
    0x89, 0xEE, 0x8E, 0x9E, 0x8A, 0x0E, 0x80, 0xAE, 0xEA, 0x00, 0xE0, 0xA7, 0xEA, 0x00, 0xEE, 0xA8,
    0xA8, 0xEE, 0xA9, 0x9E, 0xA8, 0xEE, 0xA9, 0xAE, 0x98, 0xEE, 0xA9, 0xEE, 0x98, 0xEA, 0x99, 0xEE,
    0x98, 0xEA, 0x99, 0xEE, 0x98, 0xEA, 0x9A, 0xEE, 0x88, 0xEA, 0x9A, 0xEE, 0x88, 0xEA, 0x9A, 0xEE,
    0xEA, 0x00, 0x00, 0x00, 0xE9, 0x00, 0x00, 0x00, 0xE9, 0x00, 0x00, 0x00, 0xA9, 0x00, 0x00, 0x00,
    0x9A, 0x00, 0x00, 0x00, 0x9E, 0x0E, 0x00, 0x00, 0xAE, 0x0E, 0x00, 0x00, 0xAE, 0x0E, 0x00, 0x00,
    0x00, 0x00, 0x00, 0xAE, 0x00, 0x00, 0x00, 0x00, 0x00, 0x00, 0x00, 0x00, 0x00, 0x00, 0x00, 0x00,
    0x00, 0x00, 0x00, 0x00, 0x00, 0x00, 0x00, 0x00, 0x00, 0x00, 0x00, 0x00, 0x00, 0x00, 0x00, 0x00,
    0xEA, 0xE0, 0xEE, 0xA7, 0xEE, 0x99, 0xEE, 0xE7, 0x7E, 0x87, 0xE9, 0xE8, 0x9E, 0xA9, 0xEA, 0xEE,
    0xE0, 0xEE, 0x0E, 0x00, 0x00, 0x00, 0x00, 0x00, 0x00, 0x00, 0x00, 0x00, 0x00, 0x00, 0x00, 0x00,
    0x89, 0xE9, 0x9A, 0xEA, 0x89, 0xE9, 0x9E, 0xEA, 0x89, 0xE9, 0xAE, 0xEE, 0xEE, 0xEE, 0xEE, 0xEE,
    0x00, 0x00, 0x00, 0xEE, 0x00, 0x00, 0x00, 0x7E, 0x00, 0x00, 0x00, 0x9E, 0x00, 0x00, 0x00, 0xE0,
    0xAE, 0x0E, 0x00, 0x00, 0xEE, 0x00, 0x00, 0x00, 0xEE, 0x00, 0x00, 0x00, 0xEE, 0x00, 0x00, 0x00,
    0xEE, 0x00, 0x00, 0x00, 0x87, 0x0E, 0x00, 0x00, 0xA9, 0x0E, 0x00, 0x00, 0xEE, 0x00, 0x00, 0x00,
    0x00, 0x00, 0x00, 0x00, 0x00, 0x00, 0x00, 0x00, 0x00, 0x00, 0x00, 0x00, 0x00, 0x00, 0x00, 0x00,
    0x00, 0x00, 0x00, 0x50, 0x00, 0x00, 0x00, 0x30, 0x00, 0x00, 0x00, 0x30, 0x00, 0x00, 0x00, 0x50,
    0x30, 0x00, 0x03, 0x00, 0x20, 0x05, 0x53, 0x50, 0x25, 0x51, 0x33, 0x25, 0x35, 0x12, 0x55, 0x53,
    0x52, 0x23, 0x15, 0x25, 0x52, 0x33, 0x15, 0x25, 0x52, 0x35, 0x25, 0x51, 0x53, 0x51, 0x52, 0x12,
    0x00, 0x00, 0x00, 0x30, 0x00, 0x00, 0x00, 0x00, 0x00, 0x00, 0x00, 0x55, 0x00, 0x00, 0x00, 0x30,
    0x00, 0x00, 0x00, 0x50, 0x00, 0x00, 0x00, 0x50, 0x00, 0x00, 0x00, 0x00, 0x00, 0x00, 0x00, 0x00,
    0x55, 0x22, 0x11, 0x22, 0x23, 0x55, 0x22, 0x15, 0x25, 0x21, 0x52, 0x11, 0x12, 0x52, 0x52, 0x51,
    0x25, 0x55, 0x53, 0x22, 0x33, 0x75, 0x55, 0x52, 0x50, 0x45, 0x53, 0x71, 0x00, 0x25, 0x11, 0x41,
    0x03, 0x00, 0x00, 0x00, 0x01, 0x00, 0x00, 0x00, 0x51, 0x05, 0x00, 0x00, 0x12, 0x53, 0x00, 0x00,
    0x12, 0x22, 0x53, 0x00, 0x22, 0x22, 0x22, 0x00, 0x22, 0x22, 0x22, 0x05, 0x22, 0x22, 0x12, 0x05,
    0x32, 0x51, 0x22, 0x81, 0x52, 0x11, 0x15, 0x51, 0x32, 0x25, 0x25, 0x82, 0x23, 0x53, 0x25, 0x83,
    0x25, 0x52, 0x53, 0x35, 0x55, 0x23, 0x35, 0x55, 0x11, 0x55, 0x55, 0x05, 0x11, 0x23, 0x35, 0x00,
    0x00, 0x00, 0x00, 0x00, 0x00, 0x00, 0x00, 0x00, 0x00, 0x00, 0x00, 0x00, 0x0A, 0x00, 0x00, 0x00,
    0x0A, 0x00, 0x00, 0x00, 0xE8, 0x00, 0x00, 0x00, 0xE8, 0x00, 0x00, 0x00, 0xEA, 0x00, 0x00, 0x00,
    0xEA, 0x00, 0x00, 0x00, 0x08, 0x00, 0x00, 0x00, 0x00, 0x00, 0x00, 0x00, 0x00, 0x00, 0x00, 0x00,
    0x00, 0x00, 0x00, 0x00, 0x00, 0x00, 0x00, 0x00, 0x00, 0x00, 0x00, 0x00, 0x00, 0x00, 0x00, 0x00,
    0x00, 0x00, 0x00, 0x00, 0x00, 0x00, 0x00, 0x00, 0x00, 0x00, 0x00, 0x00, 0x00, 0x00, 0x00, 0x00,
    0x00, 0x00, 0x00, 0x00, 0x0E, 0x00, 0x00, 0x00, 0x0E, 0x00, 0x00, 0x00, 0x0E, 0x00, 0x00, 0x00,
    0x00, 0x6F, 0x66, 0x44, 0x00, 0x76, 0x04, 0x00, 0x00, 0x9A, 0x00, 0x00, 0x00, 0x00, 0x00, 0x00,
    0x00, 0x00, 0x00, 0x00, 0x00, 0x00, 0x00, 0x00, 0x00, 0x00, 0x00, 0x00, 0x00, 0x00, 0x00, 0x00,
};
static const u16 sFrame13[] = {
    0x0007, 0x00D1, 0x81E7, 0x0000, 0x40F1, 0x81EF, 0x0010, 0x00C1, 0x41EF, 0x0018, 0x80C1, 0x01FF,
    0x001C, 0x80D1, 0x0007, 0x001E, 0x00E9, 0x0007, 0x0020, 0x00F1, 0x01E7, 0x0021, 0x0000,
};
static const void* const sFrames13[] = { sFrame13 };
static const u8 sTiles14[1088] __attribute__((aligned(4))) = {
    0xF8, 0x21, 0x0F, 0x00, 0xFF, 0xFF, 0xF7, 0x0F, 0xFF, 0x00, 0x4F, 0xFF, 0x40, 0x0F, 0xF0, 0xF4,
    0x00, 0x00, 0x00, 0x4F, 0x00, 0x00, 0x00, 0x7F, 0x00, 0x00, 0x00, 0xF0, 0x00, 0x00, 0x00, 0x0F,
    0x00, 0x00, 0x00, 0x00, 0x00, 0x00, 0x00, 0x00, 0x00, 0x00, 0x10, 0x00, 0x0F, 0x4F, 0xF1, 0x01,
    0xF7, 0xF0, 0x2F, 0x2F, 0x33, 0xFF, 0x60, 0x4F, 0x41, 0x34, 0xFE, 0x7E, 0x4F, 0x14, 0x8E, 0xF8,
    0x00, 0x00, 0x00, 0x00, 0x00, 0x00, 0x00, 0xE0, 0x00, 0x00, 0xE0, 0xEE, 0x00, 0xE0, 0x8E, 0xAE,
    0xE0, 0x8E, 0x68, 0x9E, 0x8E, 0x58, 0x63, 0x8E, 0x64, 0x06, 0x10, 0x11, 0x37, 0xE2, 0xAA, 0xAA,
    0x25, 0x11, 0x11, 0x52, 0x5E, 0x23, 0x32, 0x55, 0xE8, 0x3E, 0x23, 0x63, 0x69, 0x96, 0x68, 0x9E,
    0xEA, 0x8E, 0xAE, 0x31, 0x47, 0xA4, 0x31, 0x11, 0x13, 0xA7, 0xAA, 0x11, 0x11, 0xAA, 0x89, 0x88,
    0x00, 0x00, 0x00, 0x64, 0x00, 0x00, 0x00, 0xF2, 0x00, 0x00, 0x10, 0x2F, 0x00, 0x00, 0x00, 0xF1,
    0x00, 0x00, 0x00, 0x20, 0x00, 0x00, 0x00, 0x00, 0x00, 0x00, 0x00, 0x00, 0x00, 0x00, 0x00, 0x00,
    0x3F, 0x11, 0xEF, 0xE6, 0xE0, 0x6E, 0xEE, 0x36, 0xF6, 0xEE, 0xEE, 0x1F, 0x0F, 0xE0, 0xEE, 0xFE,
    0x74, 0xEF, 0x2E, 0x6F, 0x40, 0x87, 0xFF, 0x10, 0x00, 0x00, 0x00, 0x00, 0x00, 0x00, 0x00, 0x00,
    0x28, 0x86, 0x47, 0x54, 0x2F, 0xEE, 0xEE, 0xEE, 0x4F, 0xE4, 0xEE, 0xEE, 0x22, 0xE2, 0xEE, 0x4E,
    0x5F, 0xE8, 0xEE, 0x3E, 0x33, 0xE1, 0xEE, 0x77, 0x76, 0x02, 0x80, 0x2A, 0x30, 0x33, 0x10, 0x84,
    0x66, 0xA1, 0x8A, 0x88, 0x81, 0x22, 0x22, 0x32, 0x42, 0x12, 0x84, 0x46, 0x32, 0x44, 0xE4, 0xEE,
    0x41, 0x27, 0x43, 0x55, 0x33, 0x88, 0xE6, 0xAA, 0x17, 0xEE, 0xEE, 0xAA, 0x43, 0xEE, 0xEE, 0xAA,
    0x00, 0x10, 0x73, 0x92, 0x00, 0x20, 0xA3, 0x8A, 0x00, 0x00, 0xA0, 0x8A, 0x00, 0x00, 0xE0, 0x89,
    0x00, 0x00, 0xE0, 0x88, 0x00, 0x00, 0xE0, 0x88, 0x00, 0x00, 0xE0, 0x88, 0x00, 0x00, 0xE0, 0x98,
    0x8E, 0x9A, 0xEA, 0xAA, 0x7A, 0x8A, 0xE9, 0x98, 0x8A, 0x89, 0xE9, 0x77, 0x4A, 0x89, 0xE9, 0x89,
    0x7A, 0x89, 0xA8, 0xA9, 0x4A, 0x89, 0xA8, 0x99, 0x7A, 0x89, 0xA8, 0x9A, 0x4A, 0x89, 0x98, 0x9A,
    0x00, 0x00, 0xAE, 0x98, 0x00, 0x00, 0x9E, 0xA8, 0x00, 0x00, 0x9E, 0xA8, 0x00, 0x00, 0x8E, 0xA8,
    0x00, 0x00, 0x8E, 0xA9, 0x00, 0xE0, 0x8A, 0xEA, 0x00, 0xE0, 0x8A, 0x9A, 0x00, 0xE0, 0x89, 0x8A,
    0x8E, 0x8A, 0x98, 0xAE, 0x7E, 0x8A, 0x98, 0xAE, 0x4E, 0x8A, 0x88, 0xEE, 0xE7, 0x9A, 0x88, 0xEE,
    0xE7, 0x9E, 0x88, 0xEE, 0xE8, 0x9E, 0x88, 0xEA, 0xAE, 0x9E, 0x88, 0xEA, 0x8E, 0x9E, 0x88, 0xEA,
    0x00, 0xE0, 0x88, 0x7E, 0x00, 0xE0, 0x88, 0x8E, 0x00, 0xE0, 0x88, 0xE8, 0x00, 0xAE, 0x98, 0xE7,
    0x00, 0x9E, 0x98, 0xE8, 0x00, 0x8E, 0xA8, 0xE8, 0x00, 0x9E, 0xA8, 0x0E, 0x00, 0xAE, 0xA9, 0x0E,
    0xAE, 0xA8, 0x88, 0xEA, 0xAE, 0xA7, 0x89, 0xEA, 0xEE, 0xE4, 0x89, 0xE9, 0xEE, 0xE7, 0x89, 0xA9,
    0xEE, 0xE8, 0x89, 0xA9, 0x00, 0xE8, 0x8A, 0xA9, 0x00, 0x7E, 0x8A, 0xA8, 0xE0, 0x8E, 0x8A, 0xA8,
    0x00, 0xE0, 0xAA, 0x0E, 0x00, 0x00, 0xE0, 0x9E, 0x00, 0x00, 0xE0, 0x77, 0x00, 0x00, 0xE0, 0x99,
    0x00, 0x00, 0x00, 0xEE, 0x00, 0x00, 0x00, 0x00, 0x00, 0x00, 0x00, 0x00, 0x00, 0x00, 0x00, 0x00,
    0xEE, 0x7E, 0x9A, 0x98, 0xE9, 0x7E, 0x9E, 0x98, 0x98, 0x8E, 0x9E, 0x98, 0xAA, 0xEE, 0xEE, 0xEE,
    0xEE, 0x00, 0x00, 0x00, 0x00, 0x00, 0x00, 0x00, 0x00, 0x00, 0x00, 0x00, 0x00, 0x00, 0x00, 0x00,
    0x00, 0x00, 0x00, 0x03, 0x00, 0x00, 0x00, 0x52, 0x00, 0x00, 0x50, 0x12, 0x00, 0x00, 0x50, 0x23,
    0x00, 0x00, 0x25, 0x35, 0x00, 0x00, 0x23, 0x35, 0x00, 0x00, 0x23, 0x55, 0x00, 0x00, 0x35, 0x15,
    0x30, 0x00, 0x30, 0x00, 0x30, 0x05, 0x15, 0x00, 0x35, 0x53, 0x12, 0x55, 0x51, 0x35, 0x25, 0x31,
    0x52, 0x51, 0x22, 0x21, 0x53, 0x51, 0x22, 0x22, 0x53, 0x12, 0x25, 0x22, 0x25, 0x25, 0x21, 0x22,
    0x00, 0x00, 0x53, 0x25, 0x00, 0x00, 0x30, 0x52, 0x00, 0x50, 0x55, 0x12, 0x00, 0x00, 0x23, 0x21,
    0x00, 0x00, 0x55, 0x52, 0x00, 0x00, 0x35, 0x53, 0x00, 0x00, 0x00, 0x55, 0x00, 0x00, 0x00, 0x50,
    0x12, 0x21, 0x22, 0x13, 0x25, 0x52, 0x21, 0x15, 0x22, 0x15, 0x21, 0x53, 0x25, 0x15, 0x35, 0x32,
    0x35, 0x25, 0x52, 0x22, 0x57, 0x25, 0x55, 0x35, 0x34, 0x15, 0x17, 0x51, 0x12, 0x11, 0x14, 0x31,
    0x53, 0x20, 0x33, 0x00, 0x95, 0x1E, 0x12, 0x00, 0x31, 0x43, 0x12, 0x82, 0x19, 0x43, 0x44, 0x24,
    0xA9, 0x41, 0x22, 0x22, 0x21, 0x96, 0x14, 0x77, 0x88, 0x11, 0x44, 0x12, 0x88, 0x11, 0xC6, 0x04,
    0x00, 0x00, 0x00, 0x00, 0x00, 0x00, 0x00, 0x00, 0x02, 0x00, 0x00, 0x00, 0x00, 0x00, 0x00, 0x00,
    0x12, 0x11, 0x00, 0x00, 0x12, 0x02, 0x00, 0x00, 0x00, 0x00, 0x00, 0x00, 0x00, 0x00, 0x00, 0x00,
    0x78, 0x61, 0x84, 0x11, 0x53, 0x25, 0x31, 0x22, 0x44, 0x76, 0x14, 0x72, 0x0E, 0x11, 0x32, 0x47,
    0x77, 0x88, 0x99, 0x24, 0x00, 0x00, 0x00, 0x44, 0x00, 0x00, 0x00, 0x00, 0x00, 0x00, 0x00, 0x00,
    0x31, 0x54, 0x02, 0x00, 0x17, 0x23, 0x00, 0x00, 0x26, 0x00, 0x00, 0x00, 0x43, 0x00, 0x00, 0x00,
    0x02, 0x00, 0x00, 0x00, 0x00, 0x00, 0x00, 0x00, 0x00, 0x00, 0x00, 0x00, 0x00, 0x00, 0x00, 0x00,
    0x0A, 0x00, 0x00, 0x00, 0xAA, 0x00, 0x00, 0x00, 0xA8, 0x00, 0x00, 0x00, 0xE9, 0x00, 0x00, 0x00,
    0xEE, 0x0E, 0x00, 0x00, 0xEA, 0x0E, 0x00, 0x00, 0xEA, 0x0A, 0x00, 0x00, 0xE9, 0x0A, 0x00, 0x00,
    0xE9, 0xEE, 0x00, 0x00, 0xE9, 0xEE, 0x00, 0x00, 0xAA, 0xEE, 0x00, 0x00, 0xAA, 0xEE, 0x0E, 0x00,
    0xAE, 0x9E, 0x0E, 0x00, 0xEE, 0x9E, 0xEE, 0x00, 0xEE, 0xAE, 0xEA, 0x00, 0xAE, 0xEE, 0xE9, 0x00,
    0x9E, 0xEA, 0xA9, 0x0E, 0x9E, 0xEA, 0x9A, 0x0E, 0x9E, 0xEA, 0x9E, 0x0E, 0x9E, 0xE9, 0x9E, 0x0A,
    0x9E, 0xE9, 0xAE, 0x09, 0xAE, 0xE9, 0xEE, 0xE9, 0xAE, 0xE9, 0xEE, 0xEA, 0xAE, 0xE9, 0xEE, 0xEA,
    0xAE, 0xA9, 0xEE, 0xEA, 0xEE, 0xA9, 0xEE, 0x0E, 0xEE, 0xEA, 0xEE, 0x0E, 0xEE, 0xEE, 0xEE, 0x0E,
    0x00, 0xE0, 0xEE, 0x0E, 0x00, 0xE0, 0x77, 0xE8, 0x00, 0xE0, 0x99, 0xEA, 0x00, 0x00, 0xEE, 0x0E,
    0x00, 0x67, 0xF1, 0x00, 0x00, 0x17, 0x72, 0x0F, 0xF0, 0xF0, 0x2F, 0xF7, 0xF0, 0x0F, 0xF0, 0x72,
    0xFF, 0xF0, 0x0F, 0x1F, 0xFF, 0xF0, 0x74, 0xFF, 0x4F, 0x0F, 0x1F, 0x87, 0x00, 0xF4, 0xF7, 0xF4,
    0x00, 0x00, 0x00, 0x00, 0x00, 0x00, 0x00, 0x00, 0xFF, 0x00, 0x00, 0x00, 0xF2, 0x00, 0x00, 0x00,
    0xF7, 0x00, 0x00, 0x00, 0x72, 0x0F, 0x00, 0x00, 0x2F, 0xF7, 0x00, 0x00, 0xF8, 0x14, 0x0F, 0x00,
    0x00, 0x00, 0x00, 0x00, 0x00, 0x00, 0x00, 0x00, 0x00, 0x00, 0x00, 0x00, 0x05, 0x00, 0x00, 0x00,
    0x32, 0x05, 0x00, 0x00, 0x22, 0x02, 0x00, 0x00, 0x22, 0x52, 0x00, 0x00, 0x22, 0x51, 0x00, 0x00,
    0x25, 0x12, 0x08, 0x00, 0x51, 0x11, 0x05, 0x00, 0x52, 0x22, 0x08, 0x00, 0x55, 0x32, 0x08, 0x00,
    0x35, 0x55, 0x03, 0x00, 0x52, 0x53, 0x05, 0x00, 0x55, 0x55, 0x00, 0x00, 0x52, 0x03, 0x11, 0x00,
    0x00, 0x00, 0x00, 0x00, 0x00, 0x00, 0x00, 0x00, 0x00, 0x00, 0x00, 0x00, 0x00, 0x00, 0x00, 0x00,
    0x00, 0x00, 0x00, 0x00, 0x00, 0x00, 0x00, 0x00, 0x10, 0xFF, 0x00, 0x00, 0x70, 0xF1, 0xFF, 0x00,
    0x4F, 0xFF, 0x0F, 0xFF, 0xF4, 0xF1, 0xF4, 0x00, 0xF0, 0x4F, 0x40, 0xFF, 0xFF, 0xF4, 0xF0, 0xFF,
    0x0F, 0x40, 0xFF, 0x00, 0x00, 0x00, 0x0F, 0x00, 0x00, 0x00, 0x00, 0x00, 0x00, 0x00, 0x00, 0x00,
};
static const u16 sFrame14[] = {
    0x0009, 0x40D1, 0x81E3, 0x0000, 0x80E1, 0x81F3, 0x0008, 0x00C1, 0x41F3, 0x0010, 0x00D1, 0x4003,
    0x0014, 0x80E1, 0x4003, 0x0018, 0x40C9, 0x01DB, 0x001C, 0x80C1, 0x0003, 0x001E, 0x00C1, 0x01DB,
    0x0020, 0x00D1, 0x01DB, 0x0021, 0x0000,
};
static const void* const sFrames14[] = { sFrame14 };
static const u8 sTiles15[1056] __attribute__((aligned(4))) = {
    0x00, 0x00, 0x00, 0x00, 0x00, 0x00, 0x00, 0x00, 0x00, 0x00, 0x00, 0x00, 0x00, 0x00, 0x00, 0x82,
    0x00, 0x00, 0x40, 0xFC, 0x00, 0x00, 0x20, 0x26, 0x00, 0x20, 0x1A, 0x24, 0x00, 0x60, 0x7F, 0x88,
    0x00, 0x00, 0x00, 0x00, 0x00, 0x00, 0xA9, 0x00, 0x00, 0x40, 0x27, 0x00, 0x14, 0x66, 0x56, 0x02,
    0x1E, 0x22, 0x42, 0x03, 0x12, 0xF1, 0x38, 0x21, 0x2A, 0x32, 0x14, 0x67, 0x22, 0x17, 0x18, 0x72,
    0x00, 0x00, 0x03, 0x30, 0x00, 0x00, 0x52, 0x30, 0x00, 0x50, 0x12, 0x35, 0x00, 0x50, 0x23, 0x51,
    0x00, 0x25, 0x35, 0x52, 0x04, 0x23, 0x35, 0x53, 0x23, 0x23, 0x55, 0x53, 0x24, 0x34, 0x15, 0x25,
    0x00, 0x30, 0x00, 0x00, 0x05, 0x15, 0x00, 0x00, 0x53, 0x12, 0x55, 0x00, 0x35, 0x25, 0x31, 0x05,
    0x51, 0x22, 0x21, 0x32, 0x51, 0x22, 0x22, 0x22, 0x12, 0x25, 0x22, 0x22, 0x25, 0x21, 0x22, 0x22,
    0x93, 0xFF, 0x42, 0x2F, 0x00, 0x62, 0x31, 0x11, 0x00, 0x80, 0x31, 0x22, 0x00, 0x70, 0x22, 0x41,
    0x00, 0xF6, 0xFF, 0x3F, 0x00, 0x00, 0x20, 0x3F, 0x00, 0x00, 0x00, 0x10, 0x00, 0x00, 0x00, 0x40,
    0x24, 0x27, 0x14, 0x22, 0x24, 0x41, 0x6C, 0x13, 0x24, 0x44, 0x46, 0x41, 0x44, 0x19, 0x61, 0x72,
    0x13, 0x16, 0x11, 0x65, 0xC1, 0x22, 0x69, 0x45, 0xF9, 0x21, 0x67, 0x43, 0x36, 0x11, 0x06, 0x43,
    0x47, 0x54, 0x25, 0x12, 0x93, 0x30, 0x52, 0x25, 0x92, 0x55, 0x12, 0x22, 0x81, 0x23, 0x21, 0x25,
    0x81, 0x55, 0x52, 0x35, 0x70, 0x35, 0x53, 0x57, 0x70, 0x00, 0x55, 0x34, 0x50, 0x00, 0x50, 0x12,
    0x21, 0x22, 0x13, 0x25, 0x52, 0x21, 0x15, 0x51, 0x15, 0x21, 0x53, 0x52, 0x15, 0x35, 0x32, 0x55,
    0x25, 0x52, 0x22, 0x35, 0x25, 0x55, 0x35, 0x52, 0x15, 0x17, 0x51, 0x55, 0x11, 0x14, 0x31, 0x52,
    0x00, 0x00, 0x00, 0x00, 0x00, 0x00, 0x00, 0x00, 0x00, 0x00, 0x00, 0x00, 0x00, 0x00, 0x00, 0x00,
    0x00, 0x00, 0x00, 0x00, 0x00, 0x00, 0x00, 0x70, 0x00, 0x00, 0x00, 0x40, 0x00, 0x00, 0x90, 0xFF,
    0x10, 0x11, 0x02, 0x62, 0x00, 0x63, 0x0E, 0x82, 0x00, 0xF1, 0x04, 0x42, 0x40, 0x9F, 0x04, 0x12,
    0xA0, 0x66, 0x19, 0x22, 0x8F, 0xB3, 0x61, 0x40, 0x12, 0x31, 0x68, 0x28, 0x6E, 0x16, 0x5F, 0x23,
    0x50, 0x00, 0x00, 0x25, 0x40, 0x00, 0xE0, 0x5E, 0x34, 0x86, 0xE8, 0xE8, 0x24, 0x88, 0xAE, 0x69,
    0x74, 0x88, 0x9E, 0xEA, 0x43, 0x83, 0x8E, 0x47, 0x12, 0x73, 0x73, 0x17, 0x34, 0x27, 0xA8, 0xAA,
    0x11, 0x11, 0x52, 0x53, 0x23, 0x32, 0x55, 0x95, 0x3E, 0x23, 0x63, 0x9E, 0x96, 0x68, 0x9E, 0x89,
    0x8E, 0xAE, 0x88, 0xA9, 0xA4, 0x1E, 0xEE, 0x89, 0xA7, 0xAA, 0x98, 0x88, 0xAA, 0x89, 0x88, 0x88,
    0x00, 0x00, 0x60, 0x02, 0x00, 0x00, 0x70, 0x0F, 0x00, 0x00, 0x40, 0x01, 0x00, 0x00, 0x40, 0x0E,
    0x00, 0x00, 0x40, 0x04, 0x00, 0x00, 0x00, 0x38, 0x00, 0x00, 0x00, 0xA0, 0x00, 0x00, 0x00, 0x00,
    0x30, 0x84, 0x42, 0x62, 0x18, 0x81, 0x48, 0x32, 0x88, 0x83, 0x78, 0x42, 0x88, 0x85, 0x88, 0x61,
    0x88, 0x14, 0x62, 0x49, 0x70, 0x1F, 0x23, 0x42, 0x48, 0x14, 0x11, 0x24, 0x40, 0x04, 0x00, 0x13,
    0x72, 0x87, 0x24, 0x88, 0x81, 0x77, 0x71, 0x88, 0x81, 0x77, 0x37, 0x83, 0x91, 0x77, 0x13, 0xA2,
    0x82, 0x21, 0xE3, 0x8A, 0x52, 0x73, 0xE3, 0x9E, 0x42, 0x63, 0xEA, 0x8E, 0x71, 0x91, 0xAE, 0x4E,
    0xA9, 0x8A, 0x88, 0x78, 0x98, 0x9A, 0x88, 0xE9, 0xA8, 0xEA, 0xAE, 0xAE, 0x4E, 0xEE, 0xEE, 0x0E,
    0x18, 0xEE, 0xA8, 0x00, 0x89, 0xEE, 0xAA, 0x00, 0xEE, 0xEE, 0xAA, 0x00, 0xEE, 0xEE, 0xAA, 0x00,
    0x80, 0x90, 0x9E, 0x8E, 0x20, 0xA0, 0x8A, 0x7A, 0x00, 0xA0, 0x8A, 0x8A, 0x00, 0xE0, 0x89, 0x4A,
    0x00, 0xE0, 0x88, 0x7A, 0x00, 0xE0, 0x88, 0x4A, 0x00, 0xE0, 0x88, 0x7A, 0x00, 0xE0, 0x98, 0x4A,
    0x9A, 0xEA, 0xAA, 0x0A, 0x8A, 0xE9, 0x98, 0xAA, 0x89, 0xE9, 0x77, 0xA8, 0x89, 0xE9, 0x89, 0xE9,
    0x89, 0xA8, 0xA9, 0xEE, 0x89, 0xA8, 0x99, 0xEA, 0x89, 0xA8, 0x9A, 0xEA, 0x89, 0x98, 0x9A, 0xE9,
    0x00, 0xAE, 0x98, 0x8E, 0x00, 0x9E, 0xA8, 0x7E, 0x00, 0x9E, 0xA8, 0x4E, 0x00, 0x8E, 0xA8, 0xE7,
    0x00, 0x8E, 0xA9, 0xE7, 0xE0, 0x8A, 0xEA, 0xE8, 0xE0, 0x8A, 0x9A, 0xAE, 0xE0, 0x89, 0x8A, 0x8E,
    0x8A, 0x98, 0xAE, 0xE9, 0x8A, 0x98, 0xAE, 0xE9, 0x8A, 0x88, 0xEE, 0xAA, 0x9A, 0x88, 0xEE, 0xAA,
    0x9E, 0x88, 0xEE, 0xAE, 0x9E, 0x88, 0xEA, 0xEE, 0x9E, 0x88, 0xEA, 0xEE, 0x9E, 0x88, 0xEA, 0xAE,
    0xE0, 0x88, 0x7E, 0xAE, 0xE0, 0x88, 0x8E, 0xAE, 0xE0, 0x88, 0xE8, 0xEE, 0xAE, 0x98, 0xE7, 0xEE,
    0x9E, 0x98, 0xE8, 0xEE, 0x8E, 0xA8, 0xE8, 0x00, 0x9E, 0xA8, 0x0E, 0x00, 0xAE, 0xA9, 0x0E, 0xE0,
    0xA8, 0x88, 0xEA, 0x9E, 0xA7, 0x89, 0xEA, 0x9E, 0xE4, 0x89, 0xE9, 0x9E, 0xE7, 0x89, 0xA9, 0x9E,
    0xE8, 0x89, 0xA9, 0x9E, 0xE8, 0x8A, 0xA9, 0xAE, 0x7E, 0x8A, 0xA8, 0xAE, 0x8E, 0x8A, 0xA8, 0xAE,
    0xE0, 0xAA, 0x0E, 0xEE, 0x00, 0xE0, 0x9E, 0xE9, 0x00, 0xE0, 0x77, 0x98, 0x00, 0xE0, 0x99, 0xAA,
    0x00, 0x00, 0xEE, 0xEE, 0x00, 0x00, 0x00, 0x00, 0x00, 0x00, 0x00, 0x00, 0x00, 0x00, 0x00, 0x00,
    0x7E, 0x9A, 0x98, 0xAE, 0x7E, 0x9E, 0x98, 0xEE, 0x8E, 0x9E, 0x98, 0xEE, 0xEE, 0xEE, 0xEE, 0xEE,
    0x00, 0x00, 0x00, 0x00, 0x00, 0x00, 0x00, 0x00, 0x00, 0x00, 0x00, 0x00, 0x00, 0x00, 0x00, 0x00,
    0x00, 0x00, 0x00, 0x00, 0x00, 0x00, 0x00, 0x00, 0x00, 0x00, 0x00, 0x00, 0x00, 0x00, 0x00, 0x00,
    0x05, 0x00, 0x00, 0x00, 0x02, 0x00, 0x00, 0x00, 0x52, 0x00, 0x00, 0x00, 0x51, 0x00, 0x00, 0x00,
    0x12, 0x08, 0x00, 0x00, 0x11, 0x05, 0x00, 0x00, 0x22, 0x08, 0x00, 0x00, 0x32, 0x08, 0x00, 0x00,
    0x55, 0x03, 0x00, 0x00, 0x53, 0x05, 0x00, 0x00, 0x55, 0x00, 0x00, 0x00, 0x03, 0x00, 0x00, 0x00,
    0x00, 0x00, 0x00, 0x00, 0x0E, 0x00, 0x00, 0x00, 0xA8, 0x00, 0x00, 0x00, 0xA6, 0xAE, 0x00, 0x00,
    0xAE, 0xA9, 0x00, 0x00, 0xA8, 0x8A, 0x0E, 0x00, 0x87, 0xA9, 0x0E, 0x00, 0x77, 0xA8, 0x0E, 0x00,
    0x77, 0x87, 0x0E, 0x00, 0xEE, 0xEE, 0x00, 0x00, 0x00, 0x00, 0x00, 0x00, 0x00, 0x00, 0x00, 0x00,
    0x00, 0x00, 0x00, 0x00, 0x00, 0x00, 0x00, 0x00, 0x00, 0x00, 0x00, 0x00, 0x00, 0x00, 0x00, 0x00,
    0x00, 0x00, 0x00, 0x00, 0x00, 0x00, 0x00, 0x00, 0x00, 0x00, 0x00, 0x00, 0x00, 0x00, 0x00, 0x00,
    0x0E, 0x00, 0x00, 0x00, 0x0E, 0x00, 0x00, 0x00, 0x0A, 0x00, 0x00, 0x00, 0x0A, 0x00, 0x00, 0x00,
    0xEE, 0x00, 0x00, 0x00, 0xEE, 0x00, 0x00, 0x00, 0xEE, 0x00, 0x00, 0x00, 0xEE, 0x0E, 0x00, 0x00,
    0x9E, 0x0E, 0x00, 0x00, 0x9E, 0xEE, 0x00, 0x00, 0xAE, 0xEA, 0x00, 0x00, 0xEE, 0xE9, 0x00, 0x00,
    0xEA, 0xA9, 0x0E, 0x00, 0xEA, 0x9A, 0x0E, 0x00, 0xEA, 0x9E, 0x0E, 0x00, 0xE9, 0x9E, 0x0A, 0x00,
    0xE9, 0xAE, 0x09, 0x00, 0xE9, 0xEE, 0xE9, 0x00, 0xE9, 0xEE, 0xEA, 0x00, 0xE9, 0xEE, 0xEA, 0x00,
    0xA9, 0xEE, 0xEA, 0x00, 0xA9, 0xEE, 0x0E, 0x00, 0xEA, 0xEE, 0x0E, 0x00, 0xEE, 0xEE, 0x0E, 0x00,
    0xE0, 0xEE, 0x0E, 0x00, 0xE0, 0x77, 0xE8, 0x00, 0xE0, 0x99, 0xEA, 0x00, 0x00, 0xEE, 0x0E, 0x00,
    0x00, 0x09, 0x00, 0x00, 0x00, 0x00, 0x00, 0x00, 0x00, 0x00, 0x00, 0x00, 0x00, 0x00, 0x00, 0x00,
    0x00, 0x00, 0x00, 0x00, 0x00, 0x00, 0x00, 0x00, 0x00, 0x00, 0x00, 0x00, 0x00, 0x00, 0x00, 0x00,
};
static const u16 sFrame15[] = {
    0x0005, 0x00C1, 0x81E5, 0x0000, 0x80E1, 0x81F5, 0x0010, 0x80C1, 0x4005, 0x0018, 0x80E1, 0x4005,
    0x001C, 0x00E1, 0x01ED, 0x0020, 0x0000,
};
static const void* const sFrames15[] = { sFrame15 };
static const u8 sTiles16[1120] __attribute__((aligned(4))) = {
    0x00, 0x00, 0x00, 0x00, 0x00, 0x00, 0x00, 0x00, 0x00, 0x00, 0x00, 0x50, 0x00, 0x00, 0x00, 0x00,
    0x00, 0x00, 0x00, 0x00, 0x00, 0x00, 0x00, 0x00, 0x00, 0x00, 0x00, 0x00, 0x00, 0x00, 0x00, 0x00,
    0x53, 0x25, 0x12, 0x21, 0x30, 0x52, 0x25, 0x52, 0x55, 0x12, 0x22, 0x15, 0x23, 0x21, 0x25, 0x15,
    0x55, 0x52, 0x35, 0x25, 0x35, 0x53, 0x57, 0x25, 0x00, 0x55, 0x34, 0x15, 0x00, 0x50, 0x12, 0x11,
    0x22, 0x13, 0x25, 0x12, 0x21, 0x15, 0x51, 0x11, 0x21, 0x53, 0x52, 0x22, 0x35, 0x32, 0x55, 0x32,
    0x52, 0x22, 0x35, 0x55, 0x55, 0x35, 0x52, 0x53, 0x17, 0x51, 0x55, 0x55, 0x14, 0x31, 0x52, 0x03,
    0x08, 0x00, 0x00, 0x00, 0x05, 0x00, 0x00, 0x00, 0x08, 0x00, 0x00, 0x00, 0x08, 0x00, 0x00, 0x00,
    0x03, 0x00, 0x00, 0x00, 0x05, 0x00, 0x00, 0x00, 0x00, 0x00, 0x00, 0x00, 0x00, 0x00, 0x00, 0x00,
    0x00, 0x00, 0x00, 0x00, 0x00, 0x00, 0x00, 0x00, 0x00, 0x00, 0xE0, 0xEE, 0xE0, 0xEE, 0x8E, 0x88,
    0x8E, 0x88, 0x78, 0xEE, 0x78, 0x77, 0xEE, 0x72, 0x77, 0xEE, 0x83, 0x14, 0x88, 0x1E, 0x27, 0xAE,
    0x00, 0x00, 0x25, 0x11, 0xE0, 0xEE, 0x5E, 0x23, 0x8E, 0xE8, 0xE8, 0x3E, 0xE8, 0xA7, 0x69, 0x96,
    0x23, 0x9E, 0xEA, 0x8E, 0x13, 0x8E, 0x47, 0xA4, 0x37, 0x33, 0x17, 0xA7, 0xAA, 0x72, 0xA6, 0x9A,
    0x11, 0x52, 0x53, 0x00, 0x32, 0x55, 0x95, 0x0E, 0x23, 0x63, 0x9E, 0xA8, 0x68, 0x9E, 0x89, 0xA6,
    0xAE, 0x88, 0xA9, 0xAE, 0x1E, 0x9A, 0x99, 0x9A, 0x8A, 0x89, 0x78, 0x98, 0x88, 0x88, 0x78, 0x87,
    0x00, 0x00, 0x00, 0x00, 0x00, 0x00, 0x00, 0x00, 0x00, 0x00, 0x00, 0x00, 0xAE, 0x00, 0x00, 0x00,
    0xA9, 0x00, 0x00, 0x00, 0xE8, 0x06, 0x00, 0x00, 0xAA, 0x0A, 0x00, 0x00, 0x9A, 0x0E, 0x00, 0x00,
    0x00, 0x00, 0x48, 0x84, 0x00, 0x00, 0x22, 0x94, 0x00, 0x40, 0x43, 0x37, 0x00, 0x20, 0x76, 0x12,
    0x20, 0x13, 0x27, 0x32, 0x52, 0x34, 0x11, 0xF1, 0x00, 0x00, 0x00, 0xC4, 0x00, 0x00, 0x10, 0x42,
    0x1F, 0x31, 0x6F, 0x84, 0x89, 0x78, 0x57, 0x45, 0x12, 0x41, 0xF1, 0x00, 0x74, 0x46, 0x44, 0x86,
    0x21, 0x55, 0x33, 0x22, 0x64, 0x01, 0xFF, 0xF4, 0x16, 0x01, 0xF0, 0x4F, 0x14, 0x01, 0x10, 0xF1,
    0x86, 0x38, 0x73, 0x87, 0x23, 0x47, 0x31, 0x87, 0x44, 0x34, 0x42, 0x12, 0x14, 0x42, 0x22, 0x36,
    0x22, 0x02, 0x31, 0x22, 0x00, 0x61, 0x56, 0x44, 0x0F, 0x10, 0xF1, 0x4F, 0xF7, 0xFF, 0x13, 0x11,
    0x88, 0x31, 0x13, 0xAA, 0x98, 0x58, 0x74, 0x28, 0x11, 0x22, 0x12, 0xAA, 0x64, 0x44, 0x12, 0x4A,
    0x12, 0x2E, 0x34, 0x18, 0x87, 0x26, 0x91, 0x89, 0x40, 0x32, 0x81, 0xEE, 0xF4, 0x11, 0x44, 0xEE,
    0x00, 0x12, 0x72, 0x17, 0x10, 0x11, 0x22, 0x22, 0x00, 0x00, 0x20, 0x44, 0x00, 0x00, 0x82, 0x12,
    0x00, 0x00, 0x00, 0x10, 0x00, 0x00, 0x00, 0x30, 0x00, 0x00, 0x00, 0x10, 0x00, 0x00, 0x00, 0x00,
    0x94, 0x26, 0x11, 0x31, 0x42, 0x01, 0x30, 0x01, 0x44, 0x13, 0x00, 0x00, 0x42, 0x33, 0x01, 0x00,
    0x12, 0x00, 0x00, 0x00, 0x23, 0x00, 0x00, 0x00, 0x01, 0x00, 0x00, 0x00, 0x00, 0x00, 0x00, 0x00,
    0x21, 0xF1, 0xF8, 0x0F, 0x1F, 0xF4, 0xF8, 0xF4, 0xF0, 0x27, 0x8F, 0x17, 0x00, 0x7F, 0xF2, 0x7F,
    0x00, 0xF0, 0x17, 0x0F, 0x00, 0xF0, 0x72, 0xF2, 0x00, 0xF0, 0xFF, 0x27, 0x00, 0x00, 0x00, 0x7F,
    0x53, 0x44, 0x8F, 0x9A, 0xF7, 0x84, 0x7A, 0x8A, 0x0F, 0x4F, 0x8F, 0x89, 0xF4, 0xF9, 0x4F, 0x89,
    0xFF, 0xF8, 0x7F, 0x89, 0xE0, 0xFF, 0x4A, 0x89, 0xFF, 0xF8, 0x7A, 0x89, 0x12, 0x97, 0x4A, 0x89,
    0x00, 0x00, 0x00, 0xF0, 0x00, 0x00, 0x00, 0xF0, 0x00, 0x00, 0x00, 0x00, 0x00, 0x00, 0x00, 0x00,
    0x00, 0x00, 0x00, 0x00, 0x00, 0x00, 0x00, 0xE0, 0x00, 0x00, 0x00, 0xE0, 0x00, 0x00, 0x00, 0xE0,
    0x61, 0x97, 0x8E, 0x8A, 0xFF, 0x71, 0x7E, 0x8A, 0xFE, 0x1F, 0x4E, 0x8A, 0x8E, 0xA8, 0xE7, 0x9A,
    0x8E, 0xA9, 0xE7, 0x9E, 0x8A, 0xEA, 0xE8, 0x9E, 0x8A, 0x9A, 0xAE, 0x9E, 0x89, 0x8A, 0x8E, 0x9E,
    0x98, 0xAE, 0xE9, 0xEE, 0x98, 0xAE, 0xE9, 0xEE, 0x88, 0xEE, 0xAA, 0xEE, 0x88, 0xEE, 0xAA, 0xEE,
    0x88, 0xEE, 0xAE, 0x9E, 0x88, 0xEA, 0xEE, 0x9E, 0x88, 0xEA, 0xEE, 0xAE, 0x88, 0xEA, 0xAE, 0xEE,
    0x00, 0x00, 0x00, 0x00, 0x00, 0x00, 0x00, 0x00, 0x00, 0x00, 0x00, 0x00, 0x0E, 0x00, 0x00, 0x00,
    0x0E, 0x00, 0x00, 0x00, 0xEE, 0x00, 0x00, 0x00, 0xEA, 0x00, 0x00, 0x00, 0xE9, 0x00, 0x00, 0x00,
    0x00, 0x00, 0x00, 0xE0, 0x00, 0x00, 0x00, 0xE0, 0x00, 0x00, 0x00, 0xE0, 0x00, 0x00, 0x00, 0xAE,
    0x00, 0x00, 0x00, 0x9E, 0x00, 0x00, 0x00, 0x8E, 0x00, 0x00, 0x00, 0x9E, 0x00, 0x00, 0x00, 0xAE,
    0x88, 0x7E, 0xAE, 0xA8, 0x88, 0x8E, 0xAE, 0xA7, 0x88, 0xE8, 0xEE, 0xE4, 0x98, 0xE7, 0xEE, 0xE7,
    0x98, 0xE8, 0xEE, 0xE8, 0xA8, 0xE8, 0x00, 0xE8, 0xA8, 0x0E, 0x00, 0x7E, 0xA9, 0x0E, 0xE0, 0x8E,
    0x88, 0xEA, 0x9E, 0xEA, 0x89, 0xEA, 0x9E, 0xEA, 0x89, 0xE9, 0x9E, 0xEA, 0x89, 0xA9, 0x9E, 0xE9,
    0x89, 0xA9, 0x9E, 0xE9, 0x8A, 0xA9, 0xAE, 0xE9, 0x8A, 0xA8, 0xAE, 0xE9, 0x8A, 0xA8, 0xAE, 0xE9,
    0xA9, 0x0E, 0x00, 0x00, 0x9A, 0x0E, 0x00, 0x00, 0x9E, 0x0E, 0x00, 0x00, 0x9E, 0x0A, 0x00, 0x00,
    0xAE, 0x09, 0x00, 0x00, 0xEE, 0xE9, 0x00, 0x00, 0xEE, 0xEA, 0x00, 0x00, 0xEE, 0xEA, 0x00, 0x00,
    0x00, 0x00, 0x00, 0xE0, 0x00, 0x00, 0x00, 0x00, 0x00, 0x00, 0x00, 0x00, 0x00, 0x00, 0x00, 0x00,
    0x00, 0x00, 0x00, 0x00, 0x00, 0x00, 0x00, 0x00, 0x00, 0x00, 0x00, 0x00, 0x00, 0x00, 0x00, 0x00,
    0xAA, 0x0E, 0xEE, 0x7E, 0xE0, 0x9E, 0xE9, 0x7E, 0xE0, 0x77, 0x98, 0x8E, 0xE0, 0x99, 0xAA, 0xEE,
    0x00, 0xEE, 0xEE, 0x00, 0x00, 0x00, 0x00, 0x00, 0x00, 0x00, 0x00, 0x00, 0x00, 0x00, 0x00, 0x00,
    0x9A, 0x98, 0xAE, 0xA9, 0x9E, 0x98, 0xEE, 0xA9, 0x9E, 0x98, 0xEE, 0xEA, 0xEE, 0xEE, 0xEE, 0xEE,
    0x00, 0x00, 0x00, 0xE0, 0x00, 0x00, 0x00, 0xE0, 0x00, 0x00, 0x00, 0xE0, 0x00, 0x00, 0x00, 0x00,
    0xEE, 0xEA, 0x00, 0x00, 0xEE, 0x0E, 0x00, 0x00, 0xEE, 0x0E, 0x00, 0x00, 0xEE, 0x0E, 0x00, 0x00,
    0xEE, 0x0E, 0x00, 0x00, 0x77, 0xE8, 0x00, 0x00, 0x99, 0xEA, 0x00, 0x00, 0xEE, 0x0E, 0x00, 0x00,
    0x00, 0x03, 0x30, 0x00, 0x00, 0x52, 0x30, 0x05, 0x50, 0x12, 0x35, 0x53, 0x50, 0x23, 0x51, 0x35,
    0x25, 0x35, 0x52, 0x51, 0x23, 0x35, 0x53, 0x51, 0x23, 0x55, 0x53, 0x12, 0x35, 0x15, 0x25, 0x25,
    0x30, 0x00, 0x00, 0x00, 0x15, 0x00, 0x00, 0x00, 0x12, 0x55, 0x00, 0x00, 0x25, 0x31, 0x05, 0x00,
    0x22, 0x21, 0x32, 0x05, 0x22, 0x22, 0x22, 0x02, 0x25, 0x22, 0x22, 0x52, 0x21, 0x22, 0x22, 0x51,
    0x00, 0x00, 0x00, 0x00, 0x00, 0x00, 0x00, 0x00, 0x00, 0x00, 0x00, 0x00, 0x00, 0x00, 0x10, 0xF0,
    0x00, 0x00, 0x6F, 0x8F, 0x00, 0x00, 0xF0, 0x88, 0x00, 0x00, 0x8F, 0x8F, 0x00, 0x00, 0x8F, 0x88,
    0x00, 0x00, 0x00, 0x00, 0x00, 0x00, 0x00, 0x00, 0x00, 0x00, 0x00, 0x00, 0x8F, 0x47, 0x00, 0x00,
    0x00, 0x7F, 0x24, 0xEE, 0x88, 0x08, 0xFF, 0x81, 0x86, 0xF8, 0x26, 0x1F, 0x68, 0x88, 0xF8, 0x82,
    0x88, 0x88, 0x77, 0x77, 0x89, 0x98, 0xEE, 0xEE, 0xEE, 0xA9, 0xAE, 0x09, 0xEE, 0xEE, 0x0E, 0x00,
    0xEE, 0xA8, 0x00, 0x00, 0xEE, 0xAA, 0x00, 0x00, 0xEE, 0xAA, 0x00, 0x00, 0xEE, 0xAA, 0x00, 0x00,
    0xA8, 0x0A, 0x00, 0x00, 0x0E, 0x00, 0x00, 0x00, 0x00, 0x00, 0x00, 0x00, 0x00, 0x00, 0x00, 0x00,
    0x00, 0x00, 0x00, 0x00, 0x00, 0x00, 0x00, 0x00, 0x00, 0x00, 0x00, 0x00, 0x00, 0x00, 0x00, 0x00,
    0xEA, 0xAA, 0x0A, 0x00, 0xE9, 0x98, 0xAA, 0x00, 0xE9, 0x77, 0xA8, 0x00, 0xE9, 0x89, 0xE9, 0x00,
    0xA8, 0xA9, 0xEE, 0x0E, 0xA8, 0x99, 0xEA, 0x0E, 0xA8, 0x9A, 0xEA, 0x0A, 0x98, 0x9A, 0xE9, 0x0A,
};
static const u16 sFrame16[] = {
    0x0008, 0x40C9, 0x81EF, 0x0000, 0x40D9, 0x81DF, 0x0008, 0x40E9, 0x81EF, 0x0010, 0x40F9, 0x41EF,
    0x0018, 0x40C1, 0x01F7, 0x001C, 0x40D1, 0x01DF, 0x001E, 0x40D9, 0x01FF, 0x0020, 0x00E1, 0x01FF,
    0x0022, 0x0000,
};
static const void* const sFrames16[] = { sFrame16 };
static const u8 sTiles17[1056] __attribute__((aligned(4))) = {
    0x00, 0x00, 0x00, 0x90, 0x00, 0x00, 0x00, 0x42, 0x00, 0x00, 0x10, 0xFF, 0x00, 0x00, 0xF1, 0x62,
    0x00, 0x00, 0x10, 0xAF, 0x00, 0x00, 0x40, 0xFF, 0x00, 0x00, 0xF0, 0xF0, 0x00, 0x00, 0x00, 0x3F,
    0x74, 0xE9, 0xE9, 0xA8, 0xF7, 0xAA, 0xA8, 0xA7, 0x99, 0xAA, 0xA8, 0x98, 0xEF, 0x9E, 0xA8, 0x94,
    0xEE, 0x8E, 0xA8, 0x97, 0x13, 0x8E, 0xA8, 0x94, 0x44, 0x8E, 0xA8, 0x97, 0x44, 0x8E, 0xA9, 0x94,
    0xA9, 0xAE, 0xAA, 0x00, 0x98, 0x8E, 0xA9, 0x0A, 0x98, 0x7E, 0x87, 0x0A, 0x98, 0x9E, 0x98, 0x0E,
    0x88, 0x9A, 0xEA, 0x2E, 0x88, 0x9A, 0xA9, 0x5E, 0x88, 0xAA, 0xA9, 0x7E, 0x88, 0xA9, 0x99, 0x27,
    0xA0, 0x89, 0xE8, 0x00, 0xA0, 0x88, 0xA8, 0x00, 0xA0, 0x88, 0x97, 0x0A, 0xA0, 0x78, 0x87, 0x0E,
    0xA5, 0x78, 0x77, 0x79, 0xA1, 0x78, 0x77, 0xE8, 0xA1, 0x78, 0x77, 0xEE, 0xE1, 0xAE, 0xEA, 0xE8,
    0x00, 0x00, 0xF0, 0x37, 0x00, 0x00, 0xFF, 0x74, 0x00, 0xF0, 0x4F, 0xFF, 0x00, 0xF0, 0xF4, 0x00,
    0xF0, 0x7F, 0x0F, 0x00, 0x1F, 0xF2, 0x00, 0x00, 0x47, 0xF1, 0xF0, 0x00, 0xF2, 0xFF, 0x4F, 0x00,
    0xF1, 0x8A, 0xE9, 0xA8, 0xEF, 0x89, 0xEA, 0xA7, 0xF0, 0x89, 0xEA, 0xA4, 0xE0, 0x88, 0x7A, 0xAE,
    0xE0, 0x98, 0x7A, 0xEE, 0xAE, 0xA8, 0x8E, 0xEE, 0xAE, 0xA8, 0xE9, 0xEA, 0x9E, 0xA8, 0xE8, 0xE8,
    0x88, 0xE9, 0x9A, 0x17, 0x88, 0xE9, 0x3A, 0x27, 0x88, 0xE8, 0x1E, 0x72, 0x89, 0xE8, 0x7E, 0x17,
    0x89, 0xE8, 0x57, 0x37, 0x89, 0x78, 0x15, 0x13, 0x89, 0x57, 0x71, 0x71, 0x79, 0x15, 0x7E, 0x13,
    0xE5, 0xEE, 0xEE, 0x3E, 0xE7, 0x92, 0xE9, 0x3E, 0xE3, 0xA9, 0xEE, 0x17, 0x12, 0xE7, 0x70, 0x21,
    0x21, 0x73, 0x15, 0x11, 0x17, 0x27, 0x21, 0x50, 0x7A, 0x02, 0x00, 0x00, 0x9E, 0x31, 0x00, 0x00,
    0x8F, 0xF8, 0x0F, 0x00, 0xF8, 0x0F, 0xFF, 0x00, 0x47, 0x0F, 0xFF, 0x00, 0xF1, 0xF0, 0xF4, 0xEF,
    0x7F, 0x4F, 0x00, 0xFF, 0xF0, 0xFF, 0xF4, 0xE4, 0x4F, 0x1F, 0x4F, 0xE0, 0x04, 0xF4, 0xFF, 0xE0,
    0x8E, 0xE8, 0xE7, 0x8A, 0x8E, 0xE8, 0xE8, 0x7A, 0x8E, 0x88, 0xEE, 0x57, 0x8A, 0x79, 0x77, 0x15,
    0x89, 0x79, 0x72, 0x21, 0x88, 0x1A, 0x71, 0x51, 0x89, 0x5A, 0x77, 0x11, 0x9A, 0x1A, 0x71, 0xE1,
    0x57, 0x21, 0x37, 0xA1, 0x15, 0x72, 0x13, 0xA9, 0x71, 0x37, 0xE1, 0xA9, 0x17, 0x15, 0xE2, 0x99,
    0x51, 0x21, 0xEA, 0x13, 0x71, 0x91, 0xEA, 0x31, 0x77, 0x82, 0x27, 0x9A, 0x77, 0x74, 0xE2, 0x9A,
    0x9E, 0xEA, 0x00, 0x00, 0xAE, 0xE9, 0x00, 0x00, 0xEE, 0xE9, 0x00, 0x00, 0xE3, 0xA9, 0x00, 0x00,
    0xEE, 0x9A, 0x00, 0x00, 0xEE, 0x9E, 0x0E, 0x00, 0xEE, 0xAE, 0x0E, 0x00, 0xEE, 0xAE, 0x0E, 0x00,
    0x0F, 0x4F, 0xF0, 0x0F, 0x00, 0x00, 0x00, 0x00, 0x00, 0x00, 0x00, 0x00, 0x00, 0x00, 0x00, 0x00,
    0x00, 0x00, 0x00, 0x00, 0x00, 0x00, 0x00, 0x00, 0x00, 0x00, 0x00, 0x00, 0x00, 0x00, 0x00, 0x00,
    0xAE, 0xEA, 0x31, 0x11, 0x00, 0x7E, 0x15, 0xEE, 0x00, 0x5E, 0x81, 0xE9, 0x00, 0x2E, 0xA9, 0xEA,
    0x00, 0xE0, 0xEE, 0x13, 0x00, 0x00, 0x00, 0x00, 0x00, 0x00, 0x00, 0x00, 0x00, 0x00, 0x00, 0x00,
    0x42, 0x41, 0x55, 0x25, 0x77, 0x14, 0x24, 0x11, 0x27, 0x49, 0x72, 0x2E, 0xE2, 0x27, 0x1E, 0xE3,
    0x00, 0x17, 0x30, 0x01, 0x00, 0x00, 0x00, 0x00, 0x00, 0x00, 0x00, 0x00, 0x00, 0x00, 0x00, 0x00,
    0xEA, 0xAE, 0x0E, 0x00, 0xE1, 0xEE, 0x00, 0x00, 0xEE, 0xEE, 0x00, 0x00, 0xEE, 0xEE, 0x00, 0x00,
    0xEE, 0xEE, 0x00, 0x00, 0x7E, 0x87, 0x0E, 0x00, 0x9E, 0xA9, 0x0E, 0x00, 0xE0, 0xEE, 0x00, 0x00,
    0x00, 0x30, 0x00, 0x03, 0x00, 0x20, 0x05, 0x53, 0x00, 0x25, 0x51, 0x33, 0x00, 0x35, 0x12, 0x55,
    0x50, 0x52, 0x23, 0x15, 0x30, 0x52, 0x33, 0x15, 0x30, 0x52, 0x35, 0x25, 0x50, 0x53, 0x51, 0x52,
    0x00, 0x03, 0x00, 0x00, 0x50, 0x01, 0x00, 0x00, 0x25, 0x51, 0x05, 0x00, 0x53, 0x12, 0x53, 0x00,
    0x25, 0x12, 0x22, 0x53, 0x25, 0x22, 0x22, 0x22, 0x51, 0x22, 0x22, 0x22, 0x12, 0x22, 0x22, 0x12,
    0x30, 0x55, 0x22, 0x11, 0x00, 0x23, 0x55, 0x22, 0x55, 0x25, 0x21, 0x52, 0x30, 0x12, 0x52, 0x52,
    0x50, 0x25, 0x55, 0x53, 0x50, 0x33, 0x75, 0x55, 0x00, 0x50, 0x45, 0x53, 0x00, 0x00, 0x25, 0x11,
    0x22, 0x32, 0x51, 0x22, 0x15, 0x52, 0x11, 0x15, 0x11, 0x32, 0x25, 0x25, 0x51, 0x23, 0x53, 0x25,
    0x22, 0x25, 0x52, 0x53, 0x52, 0x55, 0x23, 0x35, 0x71, 0x11, 0x55, 0x55, 0x41, 0x11, 0x23, 0x35,
    0x00, 0x00, 0x50, 0x12, 0x00, 0x00, 0xEE, 0x35, 0x00, 0x00, 0x8E, 0xEE, 0x00, 0xE0, 0x9A, 0x66,
    0x00, 0xE0, 0xA9, 0xEE, 0x00, 0xE0, 0x78, 0x44, 0x00, 0xE0, 0x77, 0x71, 0x00, 0xE0, 0x78, 0xA4,
    0x11, 0x21, 0x35, 0x05, 0x22, 0x53, 0x55, 0xE9, 0x33, 0x32, 0xE6, 0x89, 0x89, 0xE6, 0x99, 0x68,
    0xE8, 0x8A, 0x98, 0xEA, 0xEA, 0xE1, 0x9E, 0x88, 0x8A, 0x94, 0x89, 0x98, 0x18, 0x88, 0x9A, 0xA8,
    0x00, 0xE0, 0x9E, 0xAE, 0x00, 0xE0, 0xE4, 0xEE, 0x00, 0xEE, 0xA7, 0xE9, 0x00, 0xEA, 0xE1, 0xA8,
    0xE0, 0xE7, 0xEE, 0x88, 0x90, 0xA8, 0xEE, 0x99, 0x7E, 0xA8, 0xEE, 0xE8, 0x79, 0xE9, 0xEA, 0xE4,
    0x78, 0x77, 0x98, 0x9E, 0x89, 0x87, 0xA9, 0x9E, 0xAE, 0x99, 0xEA, 0x9A, 0xE4, 0xEE, 0xEE, 0xA0,
    0xE1, 0x8E, 0x0A, 0x00, 0xE8, 0xAE, 0x0A, 0x00, 0xEE, 0xAE, 0x0A, 0x00, 0xEE, 0xAE, 0x0A, 0x00,
    0x00, 0x00, 0x00, 0x00, 0x00, 0x00, 0x00, 0x00, 0x00, 0x00, 0x00, 0x00, 0x00, 0x00, 0x00, 0x00,
    0x00, 0x00, 0x00, 0x00, 0x00, 0x00, 0x00, 0x00, 0x05, 0x00, 0x00, 0x00, 0x05, 0x00, 0x00, 0x00,
    0x81, 0x00, 0x00, 0x00, 0x51, 0x00, 0x00, 0x00, 0x82, 0x00, 0x00, 0x00, 0x83, 0x00, 0x00, 0x00,
    0x35, 0x00, 0x00, 0x00, 0x55, 0x00, 0x00, 0x00, 0x05, 0x00, 0x00, 0x00, 0x00, 0x00, 0x00, 0x00,
    0x00, 0x00, 0x00, 0x00, 0x00, 0x00, 0x00, 0x00, 0x0A, 0x00, 0x00, 0x00, 0xEA, 0x0A, 0x00, 0x00,
    0x9A, 0x0A, 0x00, 0x00, 0xAA, 0xE8, 0x00, 0x00, 0x89, 0xE7, 0x00, 0x00, 0x78, 0xE7, 0x00, 0x00,
    0x77, 0xE7, 0x00, 0x00, 0x88, 0xE7, 0x00, 0x00, 0x88, 0x98, 0x00, 0x00, 0x89, 0x88, 0x00, 0x00,
    0x88, 0x88, 0x0E, 0x00, 0x8A, 0x98, 0x0E, 0x00, 0x9A, 0xAA, 0x0A, 0x00, 0xA0, 0x9A, 0x0A, 0x00,
    0x00, 0x00, 0x00, 0x00, 0x00, 0x00, 0x00, 0x00, 0x00, 0x00, 0x00, 0x00, 0x00, 0x00, 0x00, 0x00,
    0x00, 0x00, 0x00, 0x00, 0x00, 0x00, 0x00, 0x00, 0x00, 0x00, 0x00, 0x00, 0x03, 0x00, 0x00, 0x00,
    0x00, 0x00, 0x00, 0x00, 0x00, 0x00, 0x00, 0x00, 0x13, 0x00, 0x00, 0x00, 0x21, 0x00, 0x00, 0x00,
    0x05, 0x00, 0x00, 0x00, 0x02, 0x00, 0x00, 0x00, 0x00, 0x00, 0x00, 0x00, 0x00, 0x00, 0x00, 0x00,
    0x00, 0x00, 0x00, 0x00, 0x00, 0x00, 0x00, 0x00, 0x00, 0x00, 0x00, 0x00, 0x00, 0x00, 0x00, 0x00,
    0x00, 0x00, 0x00, 0x00, 0x00, 0x00, 0x00, 0x00, 0x00, 0x00, 0x00, 0xF0, 0x00, 0x00, 0xFF, 0x7F,
    0x00, 0x00, 0x2F, 0x27, 0x00, 0x00, 0x7F, 0xF1, 0x00, 0xF0, 0x27, 0xFF, 0xF0, 0x7F, 0xF2, 0x70,
    0xF0, 0x21, 0x0F, 0x4F, 0xFF, 0x16, 0x0F, 0xFF, 0x1F, 0x77, 0xF0, 0x00, 0x71, 0x00, 0xFF, 0xFF,
    0x00, 0x00, 0x00, 0xFF, 0x00, 0x00, 0x00, 0x00, 0x00, 0x00, 0x00, 0x00, 0x00, 0x00, 0x00, 0x00,
    0x00, 0x00, 0x00, 0x00, 0x00, 0x00, 0x00, 0x00, 0x00, 0x00, 0x00, 0x00, 0x00, 0x00, 0x00, 0x00,
};
static const u16 sFrame17[] = {
    0x0006, 0x00E1, 0x81F2, 0x0000, 0x80C1, 0x81FA, 0x0010, 0x80C1, 0x400A, 0x0018, 0x80E1, 0x0012,
    0x001C, 0x80E9, 0x01EA, 0x001E, 0x00F9, 0x01EA, 0x0020, 0x0000,
};
static const void* const sFrames17[] = { sFrame17 };
static const u8 sTiles18[832] __attribute__((aligned(4))) = {
    0x00, 0x00, 0x00, 0x00, 0x00, 0x00, 0x00, 0x00, 0x00, 0x00, 0x00, 0x00, 0x00, 0x00, 0x00, 0xF0,
    0x00, 0x00, 0xFF, 0x7F, 0x00, 0x00, 0x2F, 0x27, 0x00, 0x00, 0x7F, 0xE1, 0x00, 0xF0, 0x27, 0xEF,
    0x00, 0xF0, 0xEE, 0x8E, 0xFF, 0xEF, 0xEE, 0x8E, 0x1F, 0xE2, 0xEE, 0x88, 0x47, 0x9E, 0xEE, 0x88,
    0xE2, 0xE9, 0x8E, 0xA8, 0x9E, 0xEE, 0x88, 0x6A, 0xE9, 0x8E, 0xA8, 0xE6, 0xEE, 0x88, 0x8A, 0xAE,
    0xA8, 0x97, 0x33, 0xAE, 0xE8, 0x94, 0x13, 0xEE, 0xAE, 0x14, 0x31, 0xEE, 0xAA, 0xA6, 0x33, 0xEE,
    0xE8, 0xAE, 0x11, 0xE3, 0xEE, 0xA8, 0x21, 0xA5, 0xEA, 0x16, 0x31, 0x15, 0xEE, 0x16, 0x31, 0x28,
    0x77, 0x87, 0x0E, 0x00, 0x78, 0x87, 0x0E, 0x00, 0xEE, 0x88, 0x0E, 0x00, 0x8E, 0xEE, 0x00, 0x00,
    0xE8, 0xE8, 0x00, 0x00, 0xEE, 0xAE, 0x0E, 0x00, 0xE3, 0xAE, 0x0E, 0x00, 0xE5, 0xEE, 0xEA, 0x0E,
    0xF0, 0x7F, 0xF2, 0xEE, 0xF0, 0x21, 0x0F, 0xEE, 0xFF, 0x16, 0xEF, 0xEE, 0x1F, 0x77, 0xE0, 0x8E,
    0x71, 0x00, 0xEE, 0x8E, 0x00, 0x00, 0xEE, 0x88, 0x00, 0x00, 0x8E, 0xA8, 0x00, 0x00, 0x8E, 0x6A,
    0x8E, 0xA8, 0xE6, 0xE9, 0x8E, 0x6A, 0x9E, 0xEA, 0x88, 0x8A, 0xAE, 0x0A, 0xA8, 0xE6, 0xEE, 0x00,
    0x6A, 0x9E, 0xEA, 0x00, 0x8A, 0x9E, 0xEA, 0x0F, 0xE6, 0x9E, 0xEA, 0x00, 0xE6, 0x99, 0xA9, 0x0E,
    0xEE, 0x18, 0x52, 0x31, 0x80, 0x1A, 0x53, 0x52, 0x60, 0x11, 0x83, 0xA3, 0x8E, 0x21, 0x15, 0x33,
    0x10, 0x31, 0x25, 0x35, 0x10, 0x51, 0x38, 0x1E, 0x10, 0x52, 0x31, 0x31, 0x11, 0x53, 0x52, 0x12,
    0xEE, 0xEE, 0xAA, 0x0E, 0xEE, 0xEE, 0xAA, 0xE9, 0xEE, 0xEE, 0xAA, 0x9A, 0xE3, 0xEE, 0xAA, 0x9A,
    0xE1, 0xEE, 0xAA, 0xAA, 0xEE, 0xEE, 0xAA, 0xAA, 0xEE, 0xEE, 0xAA, 0xAA, 0xEA, 0xEE, 0xAA, 0xAA,
    0x00, 0x03, 0x30, 0x00, 0x00, 0x52, 0x30, 0x05, 0x50, 0x12, 0x35, 0x53, 0x50, 0x23, 0x51, 0x35,
    0x25, 0x35, 0x52, 0x51, 0x23, 0x35, 0x53, 0x51, 0x23, 0x55, 0x53, 0x12, 0x35, 0x15, 0x25, 0x25,
    0x30, 0x00, 0x00, 0x00, 0x15, 0x00, 0x00, 0x00, 0x12, 0x55, 0x00, 0x00, 0x25, 0x31, 0x05, 0x00,
    0x22, 0x21, 0x32, 0x05, 0x22, 0x22, 0x22, 0x02, 0x25, 0x22, 0x22, 0x52, 0x21, 0x22, 0x22, 0x51,
    0x53, 0x25, 0x12, 0x21, 0x30, 0x52, 0x25, 0x52, 0x55, 0x12, 0x22, 0x15, 0x23, 0x21, 0x25, 0x15,
    0x55, 0x52, 0x35, 0x25, 0x35, 0x53, 0x57, 0x25, 0x00, 0x55, 0x34, 0x15, 0x00, 0x50, 0x12, 0x11,
    0x22, 0x13, 0x25, 0x12, 0x21, 0x15, 0x51, 0x11, 0x21, 0x53, 0x52, 0x22, 0x35, 0x32, 0x55, 0x32,
    0x52, 0x22, 0x35, 0x55, 0x55, 0x35, 0x52, 0x53, 0x17, 0x51, 0x55, 0x55, 0x14, 0x31, 0x52, 0x03,
    0x00, 0x00, 0x25, 0x11, 0x00, 0x00, 0x5E, 0x23, 0x00, 0xE0, 0x9A, 0x66, 0x00, 0xE0, 0xA9, 0xEE,
    0x00, 0xE0, 0x78, 0x44, 0x00, 0xE0, 0x77, 0x71, 0x00, 0xE0, 0x78, 0xA4, 0x00, 0xE0, 0x9E, 0xAE,
    0x11, 0x52, 0x53, 0xE9, 0x32, 0x55, 0xE5, 0x89, 0x23, 0xE3, 0x99, 0x68, 0xE8, 0x8A, 0x98, 0xEA,
    0xEA, 0xE1, 0x9E, 0x88, 0x8A, 0x94, 0x89, 0x98, 0x18, 0x88, 0x9A, 0xA8, 0x78, 0x77, 0x98, 0x9E,
    0x00, 0xE0, 0xE4, 0xEE, 0x00, 0xA0, 0xE8, 0xA7, 0x00, 0xA0, 0xE8, 0xE1, 0x00, 0x00, 0xEA, 0xEE,
    0x00, 0x00, 0xAA, 0xEE, 0x00, 0x00, 0xEA, 0xEA, 0x00, 0x00, 0xEE, 0xAE, 0x00, 0xF0, 0xEE, 0x9E,
    0x89, 0x87, 0xA9, 0x9E, 0xE9, 0xAE, 0x99, 0xEA, 0xA8, 0xE4, 0x31, 0xEE, 0x88, 0xE1, 0x31, 0x35,
    0x99, 0xE8, 0x5E, 0x12, 0xA8, 0xA7, 0x58, 0x81, 0xA8, 0x18, 0x13, 0x82, 0xA8, 0x94, 0x31, 0xA2,
    0x00, 0x00, 0x8E, 0x8A, 0x00, 0x00, 0xEE, 0xEE, 0x00, 0x00, 0x00, 0x00, 0x00, 0x00, 0x00, 0x00,
    0x00, 0x00, 0x00, 0x00, 0x00, 0x00, 0x00, 0x00, 0x00, 0x00, 0x00, 0x00, 0x00, 0x00, 0x00, 0x00,
    0x9E, 0xA9, 0xAA, 0x0E, 0xAA, 0xEA, 0xEE, 0x00, 0xEE, 0x0E, 0x00, 0x00, 0x00, 0x00, 0x00, 0x50,
    0x00, 0x00, 0x00, 0x00, 0x00, 0x00, 0x00, 0x00, 0x00, 0x00, 0x00, 0x00, 0x00, 0x00, 0x00, 0x00,
    0x51, 0x83, 0x42, 0x22, 0x35, 0x12, 0x42, 0x12, 0x33, 0x22, 0x24, 0x24, 0x23, 0x41, 0x42, 0xA2,
    0x30, 0xE3, 0x22, 0x91, 0x00, 0x10, 0xE1, 0xAE, 0x00, 0x31, 0x00, 0xE0, 0x00, 0x03, 0x00, 0x00,
    0xEA, 0xEE, 0xAE, 0xAA, 0xAA, 0xEE, 0xAE, 0xAA, 0xA9, 0xEE, 0xEE, 0xAA, 0xA9, 0xEA, 0xEE, 0xAE,
    0xEA, 0xAA, 0xEA, 0x0E, 0xAA, 0xEE, 0x00, 0x00, 0xEE, 0x00, 0x00, 0x00, 0x00, 0x00, 0x00, 0x00,
    0x08, 0x00, 0x00, 0x00, 0x05, 0x00, 0x00, 0x00, 0x08, 0x00, 0x00, 0x00, 0x08, 0x00, 0x00, 0x00,
    0x03, 0x00, 0x00, 0x00, 0x05, 0x00, 0x00, 0x00, 0x00, 0x00, 0x00, 0x00, 0x00, 0x00, 0x00, 0x00,
    0x00, 0x00, 0x00, 0x00, 0x0A, 0x00, 0x00, 0x00, 0xEA, 0x0A, 0x00, 0x00, 0x9A, 0x0A, 0x00, 0x00,
    0xAA, 0xA8, 0x00, 0x00, 0x89, 0xA7, 0x00, 0x00, 0x78, 0xE7, 0x0E, 0x00, 0x77, 0x77, 0xE7, 0x00,
    0x00, 0x00, 0x00, 0x00, 0x00, 0x00, 0x00, 0x00, 0x00, 0x00, 0x00, 0x00, 0x00, 0x00, 0x00, 0x00,
    0xEE, 0x00, 0x00, 0x00, 0x99, 0xEA, 0x00, 0x00, 0xAA, 0xAA, 0x0E, 0x00, 0xAA, 0xEA, 0x00, 0x00,
    0xAA, 0x0A, 0x00, 0x00, 0xAA, 0x0E, 0x00, 0x00, 0xEA, 0x00, 0x00, 0x00, 0xEA, 0x00, 0x00, 0x00,
    0x00, 0x00, 0x00, 0x00, 0x00, 0x00, 0x00, 0x00, 0x00, 0x00, 0x00, 0x00, 0x00, 0x00, 0x00, 0x00,
    0x00, 0x00, 0x00, 0x00, 0x00, 0x00, 0x00, 0x00, 0x00, 0x00, 0x00, 0x50, 0x00, 0x00, 0x00, 0x00,
    0x00, 0x00, 0x00, 0x00, 0x00, 0x00, 0x00, 0x00, 0x00, 0x00, 0x00, 0x00, 0x00, 0x00, 0x00, 0x00,
    0x8A, 0x87, 0xE7, 0x00, 0xE0, 0x8E, 0x88, 0x0A, 0x00, 0xAA, 0x88, 0x0A, 0x0A, 0xAA, 0xAA, 0x0A,
    0x33, 0xAA, 0x88, 0x0A, 0xAA, 0xAA, 0xE8, 0x00, 0x8A, 0x88, 0xE8, 0x00, 0x88, 0x77, 0xE8, 0x00,
};
static const u16 sFrame18[] = {
    0x0007, 0x40EA, 0x81E8, 0x0000, 0x80CA, 0x81F0, 0x0008, 0x40FA, 0x41E8, 0x0010, 0x80D2, 0x0000,
    0x0014, 0x80F2, 0x0008, 0x0016, 0x00D2, 0x01E8, 0x0018, 0x00E2, 0x0000, 0x0019, 0x0000,
};
static const void* const sFrames18[] = { sFrame18 };
static const u8 sTiles19[960] __attribute__((aligned(4))) = {
    0x00, 0x00, 0x00, 0x00, 0x00, 0x00, 0x00, 0x00, 0x00, 0x00, 0x00, 0xA0, 0x00, 0x00, 0xA0, 0x8A,
    0x00, 0x00, 0x8A, 0xEE, 0x00, 0xA0, 0xEE, 0x99, 0x00, 0xE0, 0xEE, 0xEE, 0x00, 0x80, 0x8E, 0xE8,
    0xA0, 0x66, 0xEE, 0xE9, 0xAA, 0x88, 0x4E, 0xEE, 0x88, 0xAA, 0x8A, 0x7E, 0x88, 0xA8, 0x8A, 0x1E,
    0x8E, 0xA8, 0xA0, 0xEE, 0xE9, 0xAE, 0xA0, 0xEA, 0xEE, 0xEE, 0xA0, 0xAE, 0xE8, 0xFF, 0xE1, 0xEE,
    0x8A, 0x77, 0x87, 0xE9, 0x9E, 0x78, 0x98, 0x7E, 0x9A, 0xEE, 0xEA, 0x78, 0x8E, 0x4A, 0x8E, 0x88,
    0x8E, 0xE8, 0xEE, 0x88, 0x9E, 0x8E, 0xEE, 0xEE, 0xEE, 0x88, 0xE8, 0xE9, 0x88, 0x88, 0x8E, 0xE9,
    0x77, 0xE7, 0x00, 0x00, 0x77, 0xE8, 0x00, 0x00, 0x77, 0x0E, 0x00, 0x00, 0xE7, 0x00, 0x00, 0x00,
    0xAE, 0x00, 0x00, 0x00, 0xAE, 0x00, 0x00, 0x00, 0x98, 0x00, 0x00, 0x00, 0x77, 0x08, 0x00, 0x00,
    0x00, 0x70, 0x8F, 0xE8, 0x00, 0x40, 0xEF, 0xFE, 0x00, 0x40, 0xEF, 0xFE, 0x00, 0x20, 0xF2, 0x34,
    0x00, 0x00, 0xF1, 0xF2, 0x00, 0x00, 0x11, 0x5F, 0x20, 0x64, 0x38, 0x24, 0x86, 0x34, 0x01, 0x17,
    0xEE, 0x24, 0x1F, 0x88, 0x32, 0xF4, 0x64, 0x71, 0x43, 0xF3, 0x8E, 0x74, 0x44, 0x34, 0xEE, 0x88,
    0x43, 0x36, 0xE9, 0x8E, 0x3F, 0x63, 0xE6, 0x8E, 0x64, 0x36, 0x86, 0xEE, 0x42, 0x66, 0x84, 0x22,
    0x77, 0xE7, 0x89, 0xE9, 0x77, 0xE8, 0x89, 0xA8, 0x77, 0x4E, 0x89, 0xA8, 0x87, 0x4E, 0x9A, 0xA9,
    0xE8, 0x11, 0x9A, 0xA9, 0x2E, 0x33, 0x8A, 0xE9, 0x1E, 0x83, 0x8A, 0xEA, 0x27, 0x61, 0x89, 0xEA,
    0x89, 0x09, 0x00, 0x00, 0xA9, 0x0E, 0x00, 0x00, 0x99, 0xEA, 0x00, 0x00, 0x9A, 0xEA, 0x0E, 0x00,
    0xAA, 0xEA, 0x0E, 0x00, 0xAA, 0xEE, 0x0E, 0x00, 0xAA, 0xEE, 0xEA, 0x00, 0xAE, 0xEE, 0xEA, 0x00,
    0x23, 0x11, 0x32, 0x28, 0x82, 0x64, 0x44, 0x11, 0x34, 0x24, 0x01, 0xE1, 0x25, 0x02, 0x00, 0xEE,
    0x14, 0x01, 0x00, 0xEE, 0x02, 0x01, 0x31, 0x31, 0x24, 0x27, 0x31, 0x81, 0x54, 0x11, 0xE0, 0x88,
    0x16, 0x46, 0x69, 0xAF, 0xEE, 0x46, 0x38, 0x96, 0xEE, 0x98, 0x64, 0x22, 0x8E, 0xA8, 0x76, 0x44,
    0x88, 0x6A, 0xEE, 0x42, 0xA8, 0xE6, 0xA9, 0x0E, 0xA8, 0xE8, 0xA9, 0x0E, 0x6A, 0xEE, 0xA9, 0x0E,
    0x16, 0x48, 0xE4, 0x76, 0x6E, 0x44, 0x69, 0x79, 0x79, 0xC8, 0x2E, 0x68, 0x6C, 0x46, 0x44, 0x64,
    0x4E, 0x46, 0x88, 0xEE, 0x00, 0xA6, 0x88, 0xEE, 0x00, 0xA6, 0x88, 0xEE, 0x00, 0xA8, 0x88, 0xEE,
    0xEE, 0xEE, 0xAE, 0xEE, 0x46, 0xEE, 0xAE, 0xEA, 0xE4, 0xEE, 0xAE, 0x9A, 0x26, 0xEE, 0xAE, 0xAA,
    0xEA, 0xEE, 0xAE, 0xAA, 0xEA, 0xEE, 0xAE, 0xAA, 0xEA, 0xEE, 0xAE, 0xAA, 0xE9, 0xEE, 0xAE, 0xAA,
    0x42, 0x25, 0xE0, 0xA8, 0x42, 0x32, 0xE2, 0xA8, 0x51, 0x11, 0xE1, 0xEE, 0x11, 0x22, 0x00, 0x00,
    0x12, 0x01, 0x00, 0x00, 0x00, 0x00, 0x00, 0x00, 0x00, 0x00, 0x00, 0x00, 0x00, 0x00, 0x00, 0x00,
    0x66, 0x9E, 0x99, 0xEA, 0xE8, 0x99, 0xAA, 0xEA, 0xAE, 0xAA, 0xEE, 0x0E, 0xE0, 0xEE, 0x00, 0x00,
    0x00, 0x00, 0x00, 0x00, 0x00, 0x00, 0x00, 0x00, 0x00, 0x00, 0x00, 0x00, 0x00, 0x00, 0x00, 0x00,
    0x00, 0x6E, 0x89, 0xEE, 0x00, 0x8E, 0x89, 0xEE, 0x00, 0x6E, 0x89, 0xEA, 0x00, 0x8E, 0x8A, 0xEA,
    0x00, 0x6E, 0x8A, 0xA9, 0x00, 0x00, 0xEE, 0x88, 0x00, 0x00, 0x00, 0xEE, 0x00, 0x00, 0x00, 0x00,
    0xA9, 0xEE, 0xAE, 0xAA, 0xA9, 0xEE, 0xEE, 0xAA, 0xA9, 0xEA, 0xEE, 0xAA, 0x99, 0xEA, 0xEE, 0xAE,
    0x9A, 0xAA, 0xEE, 0xEE, 0xA9, 0xAE, 0xAA, 0xEE, 0xAA, 0xEA, 0x0E, 0x00, 0xEE, 0x0E, 0x00, 0x00,
    0x00, 0x00, 0x03, 0x30, 0x00, 0x00, 0x52, 0x30, 0x00, 0x50, 0x12, 0x35, 0x00, 0x50, 0x23, 0x51,
    0x00, 0x25, 0x35, 0x52, 0x00, 0x23, 0x35, 0x53, 0x00, 0x23, 0x55, 0x53, 0x00, 0x35, 0x15, 0x25,
    0x00, 0x30, 0x00, 0x00, 0x05, 0x15, 0x00, 0x00, 0x53, 0x12, 0x55, 0x00, 0x35, 0x25, 0x31, 0x05,
    0x51, 0x22, 0x21, 0x32, 0x51, 0x22, 0x22, 0x22, 0x12, 0x25, 0x22, 0x22, 0x25, 0x21, 0x22, 0x22,
    0x00, 0x53, 0x25, 0x12, 0x00, 0x30, 0x52, 0x25, 0x50, 0x55, 0x12, 0x22, 0x00, 0x23, 0x21, 0x25,
    0x00, 0x55, 0x52, 0x35, 0x00, 0x35, 0x53, 0x57, 0x00, 0x00, 0x55, 0x34, 0x00, 0x00, 0x50, 0x12,
    0x21, 0x22, 0x13, 0x25, 0x52, 0x21, 0x15, 0x51, 0x15, 0x21, 0x53, 0x52, 0x15, 0x35, 0x32, 0x55,
    0x25, 0x52, 0x22, 0x35, 0x25, 0x55, 0x35, 0x52, 0x15, 0x17, 0x51, 0x55, 0x11, 0x14, 0x31, 0x52,
    0x00, 0x00, 0x00, 0x25, 0x00, 0x00, 0xE0, 0x5E, 0x00, 0x00, 0xE0, 0xE8, 0x00, 0x00, 0xAE, 0x69,
    0x00, 0xA0, 0x9E, 0xEA, 0x00, 0xA0, 0x8E, 0x47, 0x00, 0x8A, 0x7E, 0x17, 0xA0, 0x68, 0x8E, 0x47,
    0x11, 0x11, 0x52, 0x53, 0x23, 0x32, 0x55, 0x95, 0x3E, 0x23, 0x63, 0x9E, 0x96, 0x68, 0x9E, 0x89,
    0x8E, 0xAE, 0x88, 0xA9, 0xA4, 0x1E, 0xEE, 0x89, 0xA7, 0x48, 0x99, 0x88, 0x8A, 0x81, 0xA8, 0x89,
    0x00, 0x00, 0x00, 0x00, 0x00, 0x00, 0x00, 0x00, 0x00, 0x00, 0x00, 0x00, 0x00, 0x00, 0x00, 0x00,
    0x05, 0x00, 0x00, 0x00, 0x02, 0x00, 0x00, 0x00, 0x52, 0x00, 0x00, 0x00, 0x51, 0x00, 0x00, 0x00,
    0x12, 0x08, 0x00, 0x00, 0x11, 0x05, 0x00, 0x00, 0x22, 0x08, 0x00, 0x00, 0x32, 0x08, 0x00, 0x00,
    0x55, 0x03, 0x00, 0x00, 0x53, 0x05, 0x00, 0x00, 0x55, 0x00, 0x00, 0x00, 0x03, 0x00, 0x00, 0x00,
    0x00, 0x00, 0x00, 0x00, 0x00, 0x00, 0x00, 0x00, 0x00, 0x00, 0x00, 0x00, 0x00, 0x00, 0x00, 0x00,
    0x00, 0x00, 0x00, 0x00, 0x00, 0x00, 0x00, 0x00, 0x00, 0x00, 0x00, 0x00, 0x00, 0x00, 0x00, 0x20,
    0x00, 0x42, 0x69, 0x65, 0x00, 0x21, 0x34, 0x33, 0x00, 0x37, 0x17, 0x12, 0x00, 0xD2, 0x13, 0x24,
    0x00, 0x51, 0x11, 0x41, 0x84, 0x22, 0x11, 0x78, 0x00, 0x00, 0x11, 0x44, 0x00, 0x00, 0x11, 0x27,
    0x00, 0x00, 0x00, 0x00, 0x00, 0x00, 0x00, 0x00, 0x0E, 0x00, 0x00, 0x00, 0x09, 0x00, 0x00, 0x00,
    0x09, 0x00, 0x00, 0x00, 0xEA, 0x0E, 0x00, 0x00, 0x9A, 0xA9, 0x0E, 0x00, 0xAA, 0xAA, 0xEA, 0x00,
    0xAA, 0xAA, 0x0E, 0x00, 0xAA, 0xAA, 0x00, 0x00, 0xAA, 0xEA, 0x00, 0x00, 0xAA, 0x0E, 0x00, 0x00,
    0xAA, 0x0E, 0x00, 0x00, 0x00, 0x00, 0x00, 0x00, 0x00, 0x00, 0x00, 0x00, 0x00, 0x00, 0x00, 0x00,
    0x00, 0x00, 0x00, 0x00, 0x0E, 0x00, 0x00, 0x00, 0xA8, 0x00, 0x00, 0x00, 0xA6, 0xAE, 0x00, 0x00,
    0xAE, 0xA9, 0x00, 0x00, 0xA8, 0x8A, 0x0A, 0x00, 0x99, 0x78, 0x0A, 0x00, 0x8E, 0x77, 0x0E, 0x00,
    0x00, 0x01, 0x62, 0x42, 0x00, 0x13, 0x01, 0x24, 0x00, 0x10, 0x00, 0x28, 0x00, 0x00, 0x00, 0x02,
    0x00, 0x00, 0x00, 0x00, 0x00, 0x00, 0x00, 0x00, 0x00, 0x00, 0x00, 0x00, 0x00, 0x00, 0x00, 0x00,
};
static const u16 sFrame19[] = {
    0x0008, 0x00E1, 0x81E9, 0x0000, 0x00C9, 0x41F1, 0x0010, 0x40D9, 0x01F1, 0x0014, 0x80C9, 0x0001,
    0x0016, 0x80E9, 0x01E1, 0x0018, 0x80F1, 0x0009, 0x001A, 0x00D9, 0x0001, 0x001C, 0x00F9, 0x01E1,
    0x001D, 0x0000,
};
static const void* const sFrames19[] = { sFrame19 };
static const u8 sTiles20[1344] __attribute__((aligned(4))) = {
    0x44, 0x42, 0x45, 0x32, 0x25, 0x10, 0x32, 0x28, 0x71, 0x11, 0x42, 0x14, 0x21, 0x00, 0x20, 0x16,
    0x10, 0x01, 0x10, 0x24, 0x30, 0x03, 0x00, 0x34, 0x10, 0x01, 0x10, 0x81, 0x00, 0x03, 0x00, 0x21,
    0x06, 0x50, 0x12, 0x35, 0x08, 0x50, 0x23, 0x51, 0x44, 0x25, 0x35, 0x52, 0x63, 0x23, 0x35, 0x53,
    0x81, 0x21, 0x55, 0x53, 0x30, 0x36, 0x15, 0x25, 0x37, 0x56, 0x25, 0x12, 0x21, 0x25, 0x52, 0x25,
    0x53, 0x12, 0x55, 0x00, 0x35, 0x25, 0x31, 0x05, 0x51, 0x22, 0x21, 0x32, 0x51, 0x22, 0x22, 0x22,
    0x12, 0x25, 0x22, 0x22, 0x25, 0x21, 0x22, 0x22, 0x21, 0x22, 0x13, 0x25, 0x52, 0x21, 0x15, 0x51,
    0x00, 0x00, 0x00, 0x00, 0x00, 0x00, 0x00, 0x00, 0x05, 0x00, 0x00, 0x00, 0x02, 0x00, 0x00, 0x00,
    0x52, 0x00, 0x00, 0x00, 0x51, 0x00, 0x00, 0x00, 0x12, 0x08, 0x00, 0x00, 0x11, 0x05, 0x00, 0x00,
    0x00, 0x00, 0x00, 0x60, 0x00, 0x00, 0x00, 0x10, 0x00, 0x00, 0x00, 0x36, 0x00, 0x00, 0x30, 0x62,
    0x00, 0x00, 0x00, 0x42, 0x00, 0x00, 0x00, 0x70, 0x00, 0x00, 0x10, 0x12, 0x00, 0x00, 0x10, 0x40,
    0x42, 0x4E, 0x12, 0x22, 0x34, 0x32, 0x47, 0x25, 0x11, 0x64, 0x43, 0x35, 0x13, 0x83, 0x24, 0x33,
    0x67, 0x73, 0x61, 0x42, 0xE1, 0xEE, 0xEE, 0x18, 0xEE, 0x88, 0x8E, 0xEE, 0x8E, 0xEE, 0x8E, 0x87,
    0x15, 0x21, 0x53, 0x52, 0x15, 0x35, 0x32, 0x55, 0x25, 0x52, 0x22, 0x35, 0x25, 0x55, 0x35, 0x52,
    0x13, 0x17, 0x51, 0x55, 0x15, 0x14, 0x31, 0x52, 0x19, 0x11, 0x52, 0x53, 0x2E, 0x32, 0x55, 0x05,
    0x22, 0x08, 0x00, 0x00, 0x32, 0x08, 0x00, 0x00, 0x55, 0x03, 0x00, 0x00, 0x53, 0x05, 0x00, 0x00,
    0x55, 0x00, 0x00, 0x00, 0x03, 0x00, 0x00, 0x00, 0x00, 0x00, 0x00, 0x00, 0x00, 0x00, 0x00, 0x00,
    0x00, 0x00, 0x32, 0x20, 0x00, 0x00, 0x51, 0x12, 0x00, 0x00, 0x00, 0x32, 0x00, 0x00, 0xA0, 0xAA,
    0xAA, 0xAA, 0x9A, 0x88, 0x88, 0x98, 0xAA, 0x88, 0x87, 0x88, 0xA9, 0x89, 0x77, 0x88, 0xAA, 0xEE,
    0xE7, 0xE8, 0x78, 0x77, 0xE2, 0xEE, 0x77, 0x77, 0x31, 0xEE, 0x88, 0x88, 0x8A, 0x88, 0xEE, 0xEE,
    0x78, 0x87, 0x8E, 0x47, 0x77, 0x87, 0x7E, 0x17, 0x88, 0x87, 0x8E, 0x47, 0xAA, 0xAA, 0xEE, 0xE9,
    0xE8, 0x2E, 0xE3, 0x96, 0x87, 0xE8, 0x68, 0x9E, 0x88, 0x88, 0xEE, 0x89, 0x88, 0xE8, 0x8E, 0xEE,
    0xEE, 0xEE, 0x8E, 0x88, 0xA7, 0x48, 0x8E, 0x78, 0x8A, 0x81, 0xA8, 0x8E, 0x8A, 0x77, 0x87, 0xE9,
    0x0E, 0x00, 0x00, 0x00, 0xA8, 0x00, 0x00, 0x00, 0xA6, 0xAE, 0x00, 0x00, 0xEE, 0xA9, 0x00, 0x00,
    0xA8, 0x8A, 0x0A, 0x00, 0x77, 0x88, 0x0A, 0x00, 0x78, 0x87, 0x0E, 0x00, 0x8E, 0x87, 0x0E, 0x00,
    0x98, 0xEA, 0x00, 0x00, 0xAE, 0x00, 0x00, 0x00, 0x00, 0x00, 0x00, 0x00, 0x00, 0x00, 0x00, 0x00,
    0x00, 0x00, 0x00, 0x00, 0x00, 0x00, 0x00, 0x00, 0x00, 0x00, 0x00, 0x00, 0x00, 0x00, 0x00, 0x00,
    0x00, 0x00, 0x4E, 0xEE, 0x00, 0x00, 0x8A, 0x7E, 0x00, 0x00, 0x8A, 0x1E, 0x00, 0x00, 0xA0, 0xEE,
    0x00, 0x00, 0xA0, 0xEA, 0x00, 0x00, 0xA0, 0xAE, 0x00, 0x00, 0xE0, 0xEE, 0x00, 0x00, 0xE0, 0xEE,
    0x9E, 0x78, 0x98, 0xEA, 0x9A, 0xEE, 0x9A, 0xA9, 0x8E, 0x4A, 0xEE, 0xEE, 0x8E, 0x18, 0xEE, 0xA8,
    0x9E, 0x89, 0xEE, 0xAA, 0x8E, 0x7A, 0x8A, 0xE9, 0x8A, 0x8A, 0x89, 0xE9, 0x89, 0x4A, 0x89, 0xE9,
    0xE9, 0x88, 0x0E, 0x00, 0x0E, 0xEE, 0x00, 0x00, 0x0E, 0x00, 0x00, 0x00, 0xAE, 0x00, 0x00, 0x00,
    0xAE, 0x00, 0x00, 0x00, 0x98, 0x00, 0x00, 0x00, 0x77, 0x08, 0x00, 0x00, 0x89, 0x09, 0x00, 0x00,
    0x00, 0x00, 0x00, 0x00, 0x00, 0x00, 0x00, 0x00, 0x00, 0x00, 0x00, 0x00, 0x00, 0x00, 0x00, 0x00,
    0x00, 0x70, 0x00, 0x60, 0x6A, 0x4F, 0x94, 0xF7, 0x79, 0x26, 0x48, 0x68, 0x40, 0xE4, 0xF1, 0x62,
    0x00, 0x00, 0x00, 0x00, 0x00, 0x00, 0x00, 0x00, 0x00, 0x00, 0x00, 0x00, 0x00, 0x00, 0x00, 0x00,
    0x08, 0x00, 0x00, 0x00, 0x96, 0x22, 0x66, 0x00, 0x83, 0x4E, 0x79, 0x26, 0x47, 0x14, 0xFC, 0x9F,
    0x00, 0x00, 0x00, 0x00, 0x00, 0x00, 0x00, 0x00, 0x00, 0x00, 0x00, 0x00, 0x00, 0x00, 0x00, 0x00,
    0x00, 0x00, 0x00, 0xA0, 0x00, 0x00, 0x40, 0x60, 0x4E, 0x94, 0x2B, 0xAD, 0xF6, 0x69, 0x13, 0xA6,
    0x00, 0x00, 0x00, 0x00, 0x00, 0x00, 0x00, 0x00, 0x00, 0x00, 0x00, 0x00, 0x00, 0x00, 0x00, 0x00,
    0x47, 0x04, 0xAE, 0xAA, 0xA4, 0xAA, 0x8E, 0x88, 0x8A, 0x88, 0x7A, 0x77, 0xA8, 0xAA, 0x7A, 0x77,
    0x00, 0xE4, 0xA2, 0x42, 0x00, 0xC2, 0xA6, 0x2F, 0x00, 0x40, 0x22, 0xF6, 0x00, 0x00, 0x06, 0x90,
    0x00, 0x00, 0x00, 0x30, 0x00, 0x00, 0x00, 0x00, 0x00, 0x00, 0x00, 0x00, 0x00, 0x00, 0x00, 0x00,
    0x4E, 0x1C, 0x9F, 0x96, 0x47, 0xF2, 0x1F, 0x04, 0x86, 0xF7, 0x02, 0x00, 0x02, 0x60, 0x00, 0x00,
    0x00, 0x00, 0x00, 0x00, 0x00, 0x00, 0x00, 0x00, 0x00, 0x00, 0x00, 0x00, 0x00, 0x00, 0x00, 0x00,
    0x72, 0x6F, 0x2F, 0xAE, 0x00, 0xA4, 0x47, 0xAF, 0x00, 0x00, 0x00, 0x40, 0x00, 0x00, 0x00, 0x60,
    0x00, 0x00, 0x00, 0x00, 0x00, 0x00, 0x00, 0x00, 0x00, 0x00, 0x00, 0x00, 0x00, 0x00, 0x00, 0x00,
    0x8A, 0x88, 0x4E, 0x72, 0xAA, 0xAA, 0x24, 0x98, 0x44, 0x44, 0x02, 0x7E, 0x47, 0x04, 0x00, 0x00,
    0x00, 0x00, 0x00, 0x00, 0x00, 0x00, 0x00, 0x00, 0x00, 0x00, 0x00, 0x00, 0x00, 0x00, 0x00, 0x00,
    0x00, 0x00, 0x00, 0xE0, 0x00, 0x00, 0x00, 0xE0, 0x00, 0x00, 0x00, 0xEE, 0x00, 0x00, 0x00, 0xEE,
    0x00, 0x00, 0xE0, 0xEE, 0x00, 0x00, 0xE0, 0x8E, 0x00, 0x00, 0xE0, 0x88, 0x00, 0x00, 0xE0, 0xA8,
    0xEE, 0x88, 0x6A, 0x9E, 0xEE, 0xA8, 0xE6, 0xA9, 0x8E, 0xA8, 0xE8, 0xAA, 0x88, 0x6A, 0xEE, 0x0E,
    0xA8, 0xE6, 0xA9, 0x0E, 0xA8, 0xE8, 0xA9, 0x0E, 0x6A, 0xEE, 0xA9, 0x0E, 0x66, 0x9E, 0x99, 0xEA,
    0xEE, 0x8E, 0x89, 0xEE, 0x0E, 0xA8, 0x88, 0xEE, 0x00, 0xA6, 0x88, 0xEE, 0xE0, 0xA8, 0x88, 0xEE,
    0x00, 0xA6, 0x88, 0xEE, 0x00, 0xA6, 0x88, 0xEE, 0x00, 0xA8, 0x88, 0xEE, 0x00, 0x6E, 0x89, 0xEE,
    0xEE, 0xEE, 0xAE, 0xEA, 0xEA, 0xEE, 0xAE, 0x9A, 0xEA, 0xEE, 0xAE, 0xAA, 0xEA, 0xEE, 0xAE, 0xAA,
    0xEA, 0xEE, 0xAE, 0xAA, 0xEA, 0xEE, 0xAE, 0xAA, 0xE9, 0xEE, 0xAE, 0xAA, 0xA9, 0xEE, 0xAE, 0xAA,
    0x00, 0x00, 0xE0, 0xA8, 0x00, 0x00, 0xE0, 0xEE, 0x00, 0x00, 0x00, 0x00, 0x00, 0x00, 0x00, 0x00,
    0x00, 0x00, 0x00, 0x00, 0x00, 0x00, 0x00, 0x00, 0x00, 0x00, 0x00, 0x00, 0x00, 0x00, 0x00, 0x00,
    0xE8, 0x99, 0xAA, 0xEA, 0xAE, 0xAA, 0xEE, 0x0E, 0xE0, 0xEE, 0x00, 0x00, 0x00, 0x00, 0x00, 0x00,
    0x00, 0x00, 0x00, 0x00, 0x00, 0x00, 0x00, 0x00, 0x00, 0x00, 0x00, 0x00, 0x00, 0x00, 0x00, 0x00,
    0x00, 0x8E, 0x89, 0xEE, 0x00, 0x6E, 0x89, 0xEA, 0x00, 0x8E, 0x8A, 0xEA, 0x00, 0x6E, 0x8A, 0xA9,
    0x00, 0x00, 0xEE, 0x88, 0x00, 0x00, 0x00, 0xEE, 0x00, 0x00, 0x00, 0x00, 0x00, 0x00, 0x00, 0x00,
    0xA9, 0xEE, 0xEE, 0xAA, 0xA9, 0xEA, 0xEE, 0xAA, 0x99, 0xEA, 0xEE, 0xAE, 0x9A, 0xAA, 0xEE, 0xEE,
    0xA9, 0xAE, 0xAA, 0xEE, 0xAA, 0xEA, 0x0E, 0x00, 0xEE, 0x0E, 0x00, 0x00, 0x00, 0x00, 0x00, 0x00,
    0x00, 0x00, 0x00, 0x00, 0x00, 0x00, 0x00, 0x00, 0x00, 0x00, 0x00, 0x13, 0x00, 0x00, 0x10, 0x01,
    0x00, 0x00, 0x00, 0x21, 0x00, 0x00, 0x00, 0x60, 0x00, 0x00, 0x82, 0x24, 0x00, 0x00, 0x20, 0x42,
    0x00, 0x04, 0x00, 0x00, 0x00, 0x08, 0x00, 0x00, 0x00, 0x12, 0x72, 0x21, 0x00, 0x52, 0x3D, 0x42,
    0x11, 0x11, 0x73, 0x94, 0x11, 0x11, 0x11, 0x63, 0x47, 0x18, 0x24, 0x53, 0x42, 0x47, 0x12, 0x63,
    0x00, 0x00, 0x00, 0x00, 0x00, 0x00, 0x00, 0x00, 0x00, 0x00, 0x00, 0x00, 0x00, 0x00, 0x00, 0x00,
    0x00, 0x00, 0x00, 0x00, 0x00, 0x00, 0x00, 0x00, 0x00, 0x00, 0x03, 0x30, 0x02, 0x00, 0x52, 0x30,
    0x00, 0x00, 0x00, 0x00, 0x00, 0x00, 0x00, 0x00, 0x00, 0x00, 0x00, 0x00, 0x00, 0x00, 0x00, 0x00,
    0x00, 0x00, 0x00, 0x00, 0x00, 0x00, 0x00, 0x00, 0x00, 0x30, 0x00, 0x00, 0x05, 0x15, 0x00, 0x00,
    0x00, 0x00, 0xE0, 0xEE, 0x00, 0x00, 0xEE, 0xEE, 0x00, 0x00, 0xEE, 0x8E, 0x00, 0xE0, 0xE9, 0x8E,
    0x00, 0x9E, 0xEE, 0x88, 0xE0, 0xE9, 0x8E, 0xA8, 0x9E, 0xEE, 0x88, 0x6A, 0xEE, 0x8E, 0xA8, 0xE8,
    0x88, 0x7A, 0x89, 0xA8, 0x88, 0x4E, 0x89, 0xA8, 0xE8, 0x4A, 0x9A, 0xA9, 0xA8, 0x6A, 0x9A, 0xA9,
    0x8A, 0xEE, 0x8A, 0xE9, 0xE6, 0x8E, 0x8A, 0xEA, 0xAE, 0x6E, 0x89, 0xEA, 0xEA, 0x6E, 0x89, 0xEE,
    0x00, 0x00, 0x00, 0x00, 0x0E, 0x00, 0x00, 0x00, 0x09, 0x00, 0x00, 0x00, 0x09, 0x00, 0x00, 0x00,
    0xEA, 0x0E, 0x00, 0x00, 0x9A, 0xA9, 0x0E, 0x00, 0xAA, 0xAA, 0xEA, 0x00, 0xAA, 0xAA, 0x0E, 0x00,
    0xAA, 0xAA, 0x00, 0x00, 0xAA, 0xEA, 0x00, 0x00, 0xAA, 0x0E, 0x00, 0x00, 0xAA, 0x0E, 0x00, 0x00,
    0x00, 0x00, 0x00, 0x00, 0x00, 0x00, 0x00, 0x00, 0x00, 0x00, 0x00, 0x00, 0x00, 0x00, 0x00, 0x00,
    0x00, 0x20, 0x11, 0x22, 0x00, 0x10, 0x51, 0x44, 0x00, 0x10, 0x12, 0x52, 0x00, 0x00, 0x12, 0x23,
    0x00, 0x00, 0x10, 0x02, 0x00, 0x00, 0x00, 0x00, 0x00, 0x00, 0x00, 0x00, 0x00, 0x00, 0x00, 0x00,
    0xA9, 0x0E, 0x00, 0x00, 0x99, 0xEA, 0x00, 0x00, 0x9A, 0xEA, 0x0E, 0x00, 0xAA, 0xEA, 0x0E, 0x00,
    0xAA, 0xEE, 0x0E, 0x00, 0xAA, 0xEE, 0xEA, 0x00, 0xAE, 0xEE, 0xEA, 0x00, 0xEE, 0xEE, 0xAE, 0xEE,
};
static const u16 sFrame20[] = {
    0x0008, 0x00CA, 0x81EA, 0x0000, 0x40DA, 0x81CA, 0x0010, 0x40F2, 0x81EA, 0x0018, 0x40C2, 0x41E2,
    0x0020, 0x40EA, 0x01F2, 0x0024, 0x80F2, 0x000A, 0x0026, 0x00CA, 0x01E2, 0x0028, 0x00EA, 0x0002,
    0x0029, 0x0000,
};
static const void* const sFrames20[] = { sFrame20 };
static const u8 sTiles21[1248] __attribute__((aligned(4))) = {
    0xAA, 0xAA, 0xEE, 0xE9, 0x00, 0x00, 0x4E, 0xEE, 0x00, 0x00, 0x8A, 0x7E, 0x00, 0x00, 0x8A, 0x1E,
    0x00, 0x00, 0xA0, 0xEE, 0x00, 0x00, 0xA0, 0xEA, 0x00, 0x00, 0xA0, 0xAE, 0x00, 0x00, 0xE0, 0xEE,
    0x8A, 0x77, 0x87, 0xE9, 0x9E, 0x78, 0x98, 0xEA, 0x9A, 0xEE, 0x9A, 0xA9, 0x8E, 0x4A, 0xEE, 0xEE,
    0x8E, 0x18, 0xEE, 0xA8, 0x9E, 0x89, 0xEE, 0xAA, 0x8E, 0x7A, 0x8A, 0xE9, 0x8A, 0x8A, 0x89, 0xE9,
    0x7A, 0x77, 0xA8, 0x00, 0xA9, 0x88, 0xA8, 0x00, 0x0E, 0xAA, 0xAA, 0x00, 0x0E, 0xAA, 0xAA, 0x0A,
    0xAE, 0x8A, 0x78, 0x08, 0xAE, 0x8A, 0x77, 0xA7, 0x98, 0x8A, 0x77, 0xA7, 0xA7, 0x8A, 0xA8, 0xAA,
    0x00, 0x00, 0x00, 0x00, 0x00, 0x00, 0x00, 0x00, 0x00, 0x00, 0x00, 0x00, 0x00, 0x00, 0x00, 0x00,
    0x00, 0x00, 0x00, 0x00, 0x00, 0x00, 0x00, 0x00, 0x23, 0x00, 0x00, 0x00, 0x2A, 0x15, 0x00, 0x00,
    0x00, 0x00, 0xE0, 0xEE, 0x00, 0x00, 0xE0, 0xEE, 0x00, 0x00, 0xEE, 0xEE, 0x00, 0x00, 0xEE, 0x8E,
    0x00, 0xE0, 0xE9, 0x8E, 0x00, 0x9E, 0xEE, 0x88, 0xE0, 0xE9, 0x8E, 0xA8, 0x9E, 0xEE, 0x88, 0x6A,
    0x89, 0x4A, 0x89, 0xE9, 0x88, 0x7A, 0x89, 0x58, 0x88, 0x4E, 0x89, 0x38, 0xE8, 0x4A, 0x9A, 0xA9,
    0xA8, 0x6A, 0x9A, 0xA9, 0x8A, 0xEE, 0x8A, 0xE9, 0xE6, 0x8E, 0x8A, 0xEA, 0xAE, 0x6E, 0x89, 0xEA,
    0xA3, 0xAA, 0xAA, 0xA8, 0xA1, 0x8E, 0x8A, 0x1A, 0x24, 0xAA, 0xAA, 0x76, 0x7A, 0x34, 0x46, 0x11,
    0xAA, 0xEA, 0xE4, 0x24, 0xAA, 0xEE, 0x52, 0x12, 0xAA, 0xEE, 0x6A, 0x03, 0xAE, 0xEE, 0x2A, 0x36,
    0x04, 0x01, 0x00, 0x00, 0x07, 0x00, 0x00, 0x00, 0x24, 0x00, 0x00, 0x00, 0x63, 0x00, 0x00, 0x00,
    0x06, 0x00, 0x00, 0x00, 0x12, 0x00, 0x30, 0x00, 0x43, 0x00, 0x30, 0x03, 0x61, 0x02, 0x00, 0x12,
    0xEE, 0x8E, 0xA8, 0xE8, 0xEE, 0x88, 0x6A, 0x9E, 0xEE, 0xA8, 0xE6, 0xA9, 0x8E, 0xA8, 0xE8, 0xAA,
    0x88, 0x6A, 0xEE, 0x0E, 0xA8, 0xE6, 0xA9, 0x0E, 0xA8, 0xE8, 0xA9, 0x0E, 0x6A, 0xEE, 0xA9, 0x0E,
    0xEA, 0x6E, 0x89, 0xEE, 0xEE, 0x8E, 0x89, 0xEE, 0x0E, 0xA8, 0x88, 0xEE, 0x00, 0xA6, 0x88, 0xEE,
    0xE0, 0xA8, 0x88, 0xEE, 0x00, 0xA6, 0x88, 0xEE, 0x00, 0xA6, 0x88, 0xEE, 0x00, 0xA8, 0x88, 0xEE,
    0xEE, 0xEE, 0xAE, 0x44, 0xEE, 0xEE, 0xAE, 0x6A, 0xEA, 0xEE, 0xAE, 0x2A, 0xEA, 0xEE, 0xAE, 0xAA,
    0xEA, 0xEE, 0xAE, 0xAA, 0xEA, 0xEE, 0xAE, 0xAA, 0xEA, 0xEE, 0xAE, 0xAA, 0xE9, 0xEE, 0xAE, 0xAA,
    0x41, 0x24, 0x11, 0x17, 0x23, 0x54, 0x24, 0x44, 0x35, 0x42, 0x81, 0x74, 0x36, 0x11, 0x11, 0x11,
    0x24, 0xD3, 0x25, 0x00, 0xEA, 0x0E, 0x80, 0x00, 0x9A, 0xA9, 0x4E, 0x00, 0xAA, 0xAA, 0xEA, 0x00,
    0x66, 0x9E, 0x99, 0xEA, 0xE8, 0x99, 0xAA, 0xEA, 0xAE, 0xAA, 0xEE, 0x0E, 0xE0, 0xEE, 0x00, 0x00,
    0x00, 0x00, 0x00, 0x00, 0x00, 0x00, 0x00, 0x00, 0x00, 0x00, 0x00, 0x00, 0x00, 0x00, 0x00, 0x00,
    0x00, 0x6E, 0x89, 0xEE, 0x00, 0x8E, 0x89, 0xEE, 0x00, 0x6E, 0x89, 0xEA, 0x00, 0x8E, 0x8A, 0xEA,
    0x00, 0x6E, 0x8A, 0xA9, 0x00, 0x00, 0xEE, 0x88, 0x00, 0x00, 0x00, 0xEE, 0x00, 0x00, 0x00, 0x00,
    0xA9, 0xEE, 0xAE, 0xAA, 0xA9, 0xEE, 0xEE, 0xAA, 0xA9, 0xEA, 0xEE, 0xAA, 0x99, 0xEA, 0xEE, 0xAE,
    0x9A, 0xAA, 0xEE, 0xEE, 0xA9, 0xAE, 0xAA, 0xEE, 0xAA, 0xEA, 0x0E, 0x00, 0xEE, 0x0E, 0x00, 0x00,
    0xAA, 0xAA, 0x0E, 0x00, 0xAA, 0xAA, 0x00, 0x00, 0xAA, 0xEA, 0x00, 0x00, 0xAA, 0x0E, 0x00, 0x00,
    0xAA, 0x0E, 0x00, 0x00, 0x00, 0x00, 0x00, 0x00, 0x00, 0x00, 0x00, 0x00, 0x00, 0x00, 0x00, 0x00,
    0x00, 0x00, 0x00, 0x00, 0x00, 0x00, 0x00, 0x00, 0x00, 0x00, 0x00, 0x00, 0x00, 0x00, 0x00, 0x00,
    0x00, 0x00, 0x00, 0x00, 0x00, 0x70, 0x00, 0x60, 0x6A, 0x4F, 0x94, 0xF7, 0x79, 0x26, 0x48, 0x68,
    0x00, 0x00, 0x00, 0x00, 0x00, 0x00, 0x00, 0x00, 0x00, 0x00, 0x00, 0x00, 0x00, 0x00, 0x00, 0x00,
    0x00, 0x00, 0x00, 0x00, 0x08, 0x00, 0x00, 0x00, 0x96, 0x22, 0x66, 0x00, 0x83, 0x4E, 0x79, 0x26,
    0x00, 0x00, 0x00, 0x00, 0x00, 0x00, 0x00, 0x00, 0x00, 0x00, 0x00, 0x00, 0x00, 0x00, 0x00, 0x00,
    0x00, 0x00, 0x00, 0x00, 0x00, 0x00, 0x00, 0xA0, 0x00, 0x00, 0x40, 0x60, 0x4E, 0x94, 0x2B, 0xAD,
    0x00, 0x00, 0x00, 0x00, 0x00, 0x00, 0x00, 0x00, 0x00, 0x00, 0x00, 0x00, 0x00, 0x00, 0x00, 0x00,
    0x00, 0x00, 0x00, 0x00, 0x47, 0x04, 0xAE, 0xAA, 0xA4, 0xAA, 0x8E, 0x88, 0x8A, 0x88, 0x7A, 0x77,
    0x40, 0xE4, 0xF1, 0x62, 0x00, 0xE4, 0xA2, 0x42, 0x00, 0xC2, 0xA6, 0x2F, 0x00, 0x40, 0x22, 0xF6,
    0x00, 0x00, 0x06, 0x90, 0x00, 0x00, 0x00, 0x30, 0x00, 0x00, 0x00, 0x00, 0x00, 0x00, 0x00, 0x00,
    0x47, 0x14, 0xFC, 0x9F, 0x4E, 0x1C, 0x9F, 0x96, 0x47, 0xF2, 0x1F, 0x04, 0x86, 0xF7, 0x02, 0x00,
    0x02, 0x60, 0x00, 0x00, 0x00, 0x00, 0x00, 0x00, 0x00, 0x00, 0x00, 0x00, 0x00, 0x00, 0x00, 0x00,
    0xF6, 0x69, 0x13, 0xA6, 0x72, 0x6F, 0x2F, 0xAE, 0x00, 0xA4, 0x47, 0xAF, 0x00, 0x00, 0x00, 0x40,
    0x00, 0x00, 0x00, 0x60, 0x00, 0x00, 0x00, 0x00, 0x00, 0x00, 0x00, 0x00, 0x00, 0x00, 0x00, 0x00,
    0xA8, 0xAA, 0x7A, 0x77, 0x8A, 0x88, 0x4E, 0x72, 0xAA, 0xAA, 0x24, 0x98, 0x44, 0x44, 0x02, 0x7E,
    0x47, 0x04, 0x00, 0x00, 0x00, 0x00, 0x00, 0x00, 0x00, 0x00, 0x00, 0x00, 0x00, 0x00, 0x00, 0x00,
    0x00, 0x00, 0x03, 0x30, 0x00, 0x00, 0x52, 0x30, 0x00, 0x50, 0x12, 0x35, 0x00, 0x50, 0x23, 0x51,
    0x00, 0x25, 0x35, 0x52, 0x00, 0x23, 0x35, 0x53, 0x00, 0x23, 0x55, 0x53, 0x00, 0x35, 0x15, 0x25,
    0x00, 0x30, 0x00, 0x00, 0x05, 0x15, 0x00, 0x00, 0x53, 0x12, 0x55, 0x00, 0x35, 0x25, 0x31, 0x05,
    0x51, 0x22, 0x21, 0x32, 0x51, 0x22, 0x22, 0x22, 0x12, 0x25, 0x22, 0x22, 0x25, 0x21, 0x22, 0x22,
    0x00, 0x53, 0x25, 0x12, 0x00, 0x30, 0x52, 0x25, 0x50, 0x55, 0x12, 0x22, 0x00, 0x23, 0x21, 0x25,
    0x00, 0x55, 0x52, 0x35, 0x00, 0x35, 0x53, 0x57, 0x00, 0x00, 0x55, 0x34, 0x00, 0x00, 0x50, 0x12,
    0x21, 0x22, 0x13, 0x25, 0x52, 0x21, 0x15, 0x51, 0x15, 0x21, 0x53, 0x52, 0x15, 0x35, 0x32, 0x55,
    0x25, 0x52, 0x22, 0x35, 0x25, 0x55, 0x35, 0x52, 0x15, 0x17, 0x51, 0x55, 0x11, 0x14, 0x31, 0x52,
    0x00, 0x00, 0x00, 0x00, 0x00, 0x00, 0x00, 0x00, 0x00, 0x00, 0x00, 0x00, 0x00, 0x00, 0x00, 0x00,
    0x00, 0x00, 0xA0, 0xAA, 0xAA, 0xAA, 0x9A, 0x88, 0x88, 0x98, 0xAA, 0x88, 0x87, 0x88, 0xA9, 0x89,
    0x00, 0x00, 0x00, 0x25, 0x00, 0x00, 0xE0, 0x5E, 0x00, 0x00, 0xE0, 0xE8, 0x00, 0x00, 0xAE, 0x69,
    0x8A, 0x88, 0x9E, 0xEA, 0x78, 0x87, 0x8E, 0x47, 0x77, 0x87, 0x7E, 0x17, 0x88, 0x87, 0x8E, 0x47,
    0x11, 0x11, 0x52, 0x53, 0x23, 0x32, 0x55, 0x95, 0x3E, 0x23, 0x63, 0x9E, 0x96, 0x68, 0x9E, 0x89,
    0x8E, 0xAE, 0x88, 0xA9, 0xA4, 0x1E, 0xEE, 0x89, 0xA7, 0x48, 0x99, 0x88, 0x8A, 0x81, 0xA8, 0x89,
    0x00, 0x00, 0x00, 0x00, 0x0E, 0x00, 0x00, 0x00, 0xA8, 0x00, 0x00, 0x00, 0xA6, 0xAE, 0x00, 0x00,
    0xAE, 0xA9, 0x00, 0x00, 0xA8, 0x8A, 0x0A, 0x00, 0x99, 0x78, 0x0A, 0x00, 0x8A, 0x77, 0x0A, 0x00,
    0x00, 0x00, 0x00, 0x00, 0x00, 0x00, 0x00, 0x00, 0x00, 0x00, 0x00, 0x00, 0x00, 0x00, 0x00, 0x00,
    0x05, 0x00, 0x00, 0x00, 0x02, 0x00, 0x00, 0x00, 0x52, 0x00, 0x00, 0x00, 0x51, 0x00, 0x00, 0x00,
    0x12, 0x08, 0x00, 0x00, 0x11, 0x05, 0x00, 0x00, 0x22, 0x08, 0x00, 0x00, 0x32, 0x08, 0x00, 0x00,
    0x55, 0x03, 0x00, 0x00, 0x53, 0x05, 0x00, 0x00, 0x55, 0x00, 0x00, 0x00, 0x03, 0x00, 0x00, 0x00,
    0x00, 0x00, 0x00, 0x00, 0x00, 0x00, 0x00, 0x00, 0x00, 0x00, 0x00, 0x00, 0x00, 0x00, 0x00, 0x00,
    0x00, 0x00, 0x00, 0x00, 0x00, 0x00, 0x00, 0x00, 0x00, 0x00, 0x00, 0x00, 0x32, 0x21, 0x00, 0x00,
    0x25, 0x21, 0x01, 0x00, 0x22, 0x11, 0x02, 0x00, 0x42, 0x28, 0x00, 0x00, 0x06, 0x00, 0x00, 0x00,
    0x10, 0x01, 0x00, 0x00, 0x00, 0x00, 0x00, 0x00, 0x00, 0x00, 0x00, 0x00, 0x00, 0x00, 0x00, 0x00,
    0x00, 0x00, 0x00, 0x00, 0x00, 0x00, 0x00, 0xE0, 0x00, 0x00, 0x00, 0xE0, 0x00, 0x00, 0x00, 0xEE,
    0x00, 0x00, 0x00, 0xEE, 0x00, 0x00, 0xE0, 0xEE, 0x00, 0x00, 0xE0, 0x8E, 0x00, 0x00, 0xE0, 0x88,
    0x00, 0x00, 0xE0, 0xA8, 0x00, 0x00, 0xE0, 0xA8, 0x00, 0x00, 0xE0, 0xEE, 0x00, 0x00, 0x00, 0x00,
    0x00, 0x00, 0x00, 0x00, 0x00, 0x00, 0x00, 0x00, 0x00, 0x00, 0x00, 0x00, 0x00, 0x00, 0x00, 0x00,
    0x77, 0x88, 0xAA, 0xEE, 0x98, 0xEA, 0x00, 0x00, 0xAE, 0x00, 0x00, 0x00, 0x00, 0x00, 0x00, 0x00,
    0x00, 0x00, 0x00, 0x00, 0x00, 0x00, 0x00, 0x00, 0x00, 0x00, 0x00, 0x00, 0x00, 0x00, 0x00, 0x00,
};
static const u16 sFrame21[] = {
    0x0008, 0x00E1, 0x81F2, 0x0000, 0x40D9, 0x81CA, 0x0010, 0x00C9, 0x41F2, 0x0018, 0x40D9, 0x41EA,
    0x001C, 0x80C9, 0x0002, 0x0020, 0x80E9, 0x0012, 0x0022, 0x80F1, 0x01EA, 0x0024, 0x00E1, 0x01EA,
    0x0026, 0x0000,
};
static const void* const sFrames21[] = { sFrame21 };
static const u8 sTiles22[1408] __attribute__((aligned(4))) = {
    0x00, 0x00, 0x00, 0x00, 0x00, 0x00, 0x00, 0x00, 0x00, 0x00, 0x00, 0x00, 0x00, 0x00, 0x00, 0x00,
    0x00, 0x00, 0x00, 0x00, 0x00, 0x70, 0x00, 0x60, 0x6A, 0x4F, 0x94, 0xF7, 0x79, 0x26, 0x48, 0x68,
    0x00, 0x00, 0x00, 0x00, 0x00, 0x00, 0x00, 0x00, 0x00, 0x00, 0x00, 0x00, 0x00, 0x00, 0x00, 0x00,
    0x00, 0x00, 0x00, 0x00, 0x08, 0x00, 0x00, 0x00, 0x96, 0x22, 0x66, 0x00, 0x83, 0x4E, 0x79, 0x26,
    0x00, 0x00, 0x00, 0x00, 0x00, 0x00, 0x00, 0x00, 0x00, 0x00, 0x00, 0x00, 0x00, 0x00, 0x00, 0x00,
    0x00, 0x00, 0x00, 0x00, 0x00, 0x00, 0x00, 0xA0, 0x00, 0x00, 0x40, 0x60, 0x4E, 0x94, 0x2B, 0xAD,
    0x00, 0x00, 0x00, 0x00, 0x00, 0x00, 0x00, 0x00, 0x00, 0x00, 0x00, 0x00, 0x00, 0x00, 0x00, 0x00,
    0x00, 0x00, 0x00, 0x00, 0x47, 0x04, 0xAE, 0xAA, 0xA4, 0xAA, 0x8E, 0x88, 0x8A, 0x88, 0x7A, 0x77,
    0x40, 0xE4, 0xF1, 0x62, 0x00, 0xE4, 0xA2, 0x42, 0x00, 0xC2, 0xA6, 0x2F, 0x00, 0x40, 0x22, 0xF6,
    0x00, 0x00, 0x06, 0x90, 0x00, 0x00, 0x00, 0x30, 0x00, 0x00, 0x00, 0x00, 0x00, 0x00, 0x00, 0x00,
    0x47, 0x14, 0xFC, 0x9F, 0x4E, 0x1C, 0x9F, 0x96, 0x47, 0xF2, 0x1F, 0x04, 0x86, 0xF7, 0x02, 0x00,
    0x02, 0x60, 0x00, 0x00, 0x00, 0x00, 0x00, 0x00, 0x00, 0x00, 0x00, 0x00, 0x00, 0x00, 0x00, 0x00,
    0xF6, 0x69, 0x13, 0xA6, 0x72, 0x6F, 0x2F, 0xAE, 0x00, 0xA4, 0x47, 0xAF, 0x00, 0x00, 0x00, 0x40,
    0x00, 0x00, 0x00, 0x60, 0x00, 0x00, 0x00, 0x00, 0x00, 0x00, 0x00, 0x00, 0x00, 0x00, 0x00, 0x00,
    0xA8, 0xAA, 0x7A, 0x77, 0x8A, 0x88, 0x4E, 0x72, 0xAA, 0xAA, 0x24, 0x98, 0x44, 0x44, 0x02, 0x7E,
    0x47, 0x04, 0x00, 0x00, 0x00, 0x00, 0x00, 0x00, 0x00, 0x00, 0x00, 0x00, 0x00, 0x00, 0x00, 0x00,
    0x00, 0x00, 0x00, 0x00, 0x00, 0x00, 0x00, 0x00, 0x00, 0x00, 0x00, 0x00, 0x00, 0x00, 0x00, 0x00,
    0x00, 0x00, 0xA0, 0xAA, 0xAA, 0xAA, 0x9A, 0x88, 0x88, 0x98, 0xAA, 0x88, 0x87, 0x88, 0xA9, 0x89,
    0x00, 0x00, 0x00, 0x25, 0x00, 0x00, 0xE0, 0x5E, 0x00, 0x00, 0xE0, 0xE8, 0x00, 0x00, 0xAE, 0x69,
    0x8A, 0x88, 0x9E, 0xEA, 0x78, 0x87, 0x8E, 0x47, 0x77, 0x87, 0x7E, 0x17, 0x88, 0x87, 0x8E, 0x47,
    0x11, 0x11, 0x52, 0x53, 0x23, 0x32, 0x55, 0x95, 0x3E, 0x23, 0x63, 0x9E, 0x96, 0x68, 0x9E, 0x89,
    0x8E, 0xAE, 0x88, 0xA9, 0xA4, 0x1E, 0xEE, 0x89, 0xA7, 0x48, 0x99, 0x88, 0x8A, 0x81, 0xA8, 0x89,
    0x00, 0x00, 0x00, 0x00, 0x0E, 0x00, 0x00, 0x00, 0xA8, 0x00, 0x00, 0x00, 0xA6, 0xAE, 0x00, 0x00,
    0xAE, 0xA9, 0x00, 0x00, 0xA8, 0x8A, 0xAA, 0x00, 0x99, 0x88, 0x88, 0x0A, 0x8A, 0x77, 0x77, 0xA8,
    0x77, 0x88, 0xAA, 0xEE, 0x98, 0xEA, 0x00, 0x00, 0xAE, 0x00, 0x00, 0x00, 0x00, 0x00, 0x00, 0x00,
    0x00, 0x00, 0x00, 0x00, 0x00, 0x00, 0x00, 0x00, 0x00, 0x00, 0x00, 0x00, 0x00, 0x00, 0x00, 0x00,
    0xAA, 0xAA, 0xEE, 0xE9, 0x00, 0x00, 0x4E, 0xEE, 0x00, 0x00, 0x8A, 0x7E, 0x00, 0x00, 0x8A, 0x1E,
    0x00, 0x00, 0xA0, 0xEE, 0x00, 0x00, 0xA0, 0xEA, 0x00, 0x00, 0xA0, 0xAE, 0x00, 0x00, 0xE0, 0xEE,
    0x8A, 0x77, 0x87, 0xE9, 0x9E, 0x78, 0x98, 0xEA, 0x9A, 0xEE, 0x9A, 0xA9, 0x8E, 0x4A, 0xEE, 0xEE,
    0x8E, 0x18, 0xEE, 0xA8, 0x9E, 0x89, 0xEE, 0xAA, 0x8E, 0x7A, 0x8A, 0xE9, 0x8A, 0x8A, 0x89, 0xE9,
    0x79, 0x77, 0x78, 0x88, 0xA9, 0xAA, 0x8A, 0x88, 0x0E, 0x00, 0xA0, 0xAA, 0x0E, 0x00, 0x00, 0x00,
    0xAE, 0x00, 0x00, 0x00, 0xAE, 0x00, 0x00, 0x00, 0x98, 0x00, 0x00, 0x00, 0x77, 0x08, 0x00, 0x00,
    0x00, 0x00, 0x00, 0x00, 0x00, 0x00, 0x00, 0xE0, 0x00, 0x00, 0x00, 0xE0, 0x00, 0x00, 0x00, 0xEE,
    0x00, 0x00, 0x00, 0xEE, 0x00, 0x00, 0xE0, 0xEE, 0x00, 0x00, 0xE0, 0x8E, 0x00, 0x00, 0xE0, 0x88,
    0xEE, 0x8E, 0xA8, 0xE8, 0xEE, 0x88, 0x6A, 0x9E, 0xEE, 0xA8, 0xE6, 0xA9, 0x8E, 0xA8, 0xE8, 0xAA,
    0x88, 0x6A, 0xEE, 0x0E, 0xA8, 0xE6, 0xA9, 0x0E, 0xA8, 0xE8, 0xA9, 0x0E, 0x6A, 0xEE, 0xA9, 0x0E,
    0xEA, 0x6E, 0x89, 0xEE, 0xEE, 0x8E, 0x89, 0xEE, 0x0E, 0xA8, 0x88, 0xEE, 0x00, 0xA6, 0x88, 0xEE,
    0xE0, 0xA8, 0x88, 0xEE, 0x00, 0xA6, 0x88, 0xEE, 0x00, 0xA6, 0x88, 0xEE, 0x00, 0xA8, 0x88, 0xEE,
    0xEE, 0xEE, 0xAE, 0xEE, 0xEE, 0xEE, 0xAE, 0xEA, 0xEA, 0xEE, 0xAE, 0x9A, 0xEA, 0xEE, 0xAE, 0xAA,
    0xEA, 0xEE, 0xAE, 0xAA, 0xEA, 0xEE, 0xAE, 0xAA, 0xEA, 0xEE, 0xAE, 0xAA, 0xE9, 0xEE, 0xAE, 0xAA,
    0x00, 0x00, 0xE0, 0xA8, 0x00, 0x00, 0xE0, 0xA8, 0x00, 0x00, 0xE0, 0xEE, 0x00, 0x00, 0x00, 0x00,
    0x00, 0x00, 0x00, 0x00, 0x00, 0x00, 0x00, 0x00, 0x00, 0x00, 0x00, 0x00, 0x00, 0x00, 0x00, 0x00,
    0x66, 0x9E, 0x99, 0xEA, 0xE8, 0x99, 0xAA, 0xEA, 0xAE, 0xAA, 0xEE, 0x0E, 0xE0, 0xEE, 0x00, 0x00,
    0x00, 0x00, 0x00, 0x00, 0x00, 0x00, 0x00, 0x00, 0x00, 0x00, 0x00, 0x00, 0x00, 0x00, 0x00, 0x00,
    0x00, 0x6E, 0x89, 0xEE, 0x00, 0x8E, 0x89, 0xEE, 0x00, 0x6E, 0x89, 0xEA, 0x00, 0x8E, 0x8A, 0xEA,
    0x00, 0x6E, 0x8A, 0xA9, 0x00, 0x00, 0xEE, 0x88, 0x00, 0x00, 0x00, 0xEE, 0x00, 0x00, 0x00, 0x00,
    0xA9, 0xEE, 0xAE, 0xAA, 0xA9, 0xEE, 0xEE, 0xAA, 0xA9, 0xEA, 0xEE, 0xAA, 0x99, 0xEA, 0xEE, 0xAE,
    0x9A, 0xAA, 0xEE, 0xEE, 0xA9, 0xAE, 0xAA, 0xEE, 0xAA, 0xEA, 0x0E, 0x00, 0xEE, 0x0E, 0x00, 0x00,
    0x00, 0x00, 0x03, 0x30, 0x00, 0x00, 0x52, 0x30, 0x00, 0x50, 0x12, 0x35, 0x00, 0x50, 0x23, 0x51,
    0x00, 0x25, 0x35, 0x52, 0x00, 0x23, 0x35, 0x53, 0x00, 0x23, 0x55, 0x53, 0x00, 0x35, 0x15, 0x25,
    0x00, 0x30, 0x00, 0x00, 0x05, 0x15, 0x00, 0x00, 0x53, 0x12, 0x55, 0x00, 0x35, 0x25, 0x31, 0x05,
    0x51, 0x22, 0x21, 0x32, 0x51, 0x22, 0x22, 0x22, 0x12, 0x25, 0x22, 0x22, 0x25, 0x21, 0x22, 0x22,
    0x00, 0x53, 0x25, 0x12, 0x00, 0x30, 0x52, 0x25, 0x50, 0x55, 0x12, 0x22, 0x00, 0x23, 0x21, 0x25,
    0x00, 0x55, 0x52, 0x35, 0x00, 0x35, 0x53, 0x57, 0x00, 0x00, 0x55, 0x34, 0x00, 0x00, 0x50, 0x12,
    0x21, 0x22, 0x13, 0x25, 0x52, 0x21, 0x15, 0x51, 0x15, 0x21, 0x53, 0x52, 0x15, 0x35, 0x32, 0x55,
    0x25, 0x52, 0x22, 0x35, 0x25, 0x55, 0x35, 0x52, 0x15, 0x17, 0x51, 0x55, 0x11, 0x14, 0x31, 0x52,
    0x0A, 0x00, 0x00, 0x00, 0xAA, 0x3A, 0x00, 0x00, 0xAA, 0x3A, 0x01, 0x00, 0x8A, 0xAA, 0x42, 0x00,
    0xAA, 0x8A, 0x3A, 0x24, 0x88, 0x8A, 0x2A, 0x5E, 0xAA, 0xAA, 0x3A, 0x24, 0x01, 0x32, 0x16, 0x26,
    0x00, 0x00, 0x00, 0x00, 0x00, 0x00, 0x00, 0x00, 0x00, 0x00, 0x00, 0x00, 0x00, 0x10, 0x01, 0x00,
    0x02, 0x00, 0x13, 0x31, 0x66, 0x21, 0x10, 0x21, 0x33, 0x68, 0x20, 0x11, 0x38, 0x12, 0x21, 0x63,
    0x00, 0x00, 0x00, 0x10, 0x00, 0x00, 0x00, 0x00, 0x00, 0x00, 0x00, 0x00, 0x00, 0x00, 0x00, 0x00,
    0x00, 0x00, 0x00, 0x00, 0x00, 0x00, 0x00, 0x00, 0x00, 0x00, 0x00, 0x00, 0x00, 0x00, 0x00, 0x00,
    0x41, 0x64, 0x84, 0x32, 0x01, 0x21, 0x34, 0x14, 0x00, 0x00, 0x00, 0x00, 0x00, 0x00, 0x00, 0x00,
    0x00, 0x00, 0x00, 0x00, 0x00, 0x00, 0x00, 0x00, 0x00, 0x00, 0x00, 0x00, 0x00, 0x00, 0x00, 0x00,
    0x00, 0x00, 0xE0, 0xEE, 0x00, 0x00, 0xE0, 0xEE, 0x00, 0x00, 0xEE, 0xEE, 0x00, 0x00, 0xEE, 0x8E,
    0x00, 0xE0, 0xE9, 0x8E, 0x00, 0x9E, 0xEE, 0x88, 0xE0, 0xE9, 0x8E, 0xA8, 0x9E, 0xEE, 0x88, 0x6A,
    0x89, 0x4A, 0x89, 0xE9, 0x88, 0x7A, 0x89, 0xA8, 0x88, 0x4E, 0x89, 0xA8, 0xE8, 0x4A, 0x9A, 0xA9,
    0xA8, 0x6A, 0x9A, 0xA9, 0x8A, 0xEE, 0x8A, 0xE9, 0xE6, 0x8E, 0x8A, 0xEA, 0xAE, 0x6E, 0x89, 0xEA,
    0x33, 0x24, 0x01, 0x11, 0x12, 0x37, 0x07, 0x00, 0x11, 0x51, 0x01, 0x00, 0x00, 0x00, 0x00, 0x00,
    0x00, 0x00, 0x00, 0x00, 0x00, 0x00, 0x00, 0x00, 0x00, 0x00, 0x00, 0x00, 0x00, 0x00, 0x00, 0x00,
    0x01, 0x00, 0x00, 0x00, 0x00, 0x00, 0x00, 0x00, 0x00, 0x00, 0x00, 0x00, 0x00, 0x00, 0x00, 0x00,
    0x00, 0x00, 0x00, 0x00, 0x00, 0x00, 0x00, 0x00, 0x00, 0x00, 0x00, 0x00, 0x00, 0x00, 0x00, 0x00,
    0x00, 0x00, 0x00, 0x00, 0x00, 0x00, 0x00, 0x00, 0x00, 0x00, 0x00, 0x00, 0x00, 0x00, 0x00, 0x00,
    0x05, 0x00, 0x00, 0x00, 0x02, 0x00, 0x00, 0x00, 0x52, 0x00, 0x00, 0x00, 0x51, 0x00, 0x00, 0x00,
    0x12, 0x08, 0x00, 0x00, 0x11, 0x05, 0x00, 0x00, 0x22, 0x08, 0x00, 0x00, 0x32, 0x08, 0x00, 0x00,
    0x55, 0x03, 0x00, 0x00, 0x53, 0x05, 0x00, 0x00, 0x55, 0x00, 0x00, 0x00, 0x03, 0x00, 0x00, 0x00,
    0x00, 0x00, 0x00, 0x00, 0x00, 0x00, 0x00, 0x00, 0x00, 0x00, 0x00, 0x00, 0x00, 0x00, 0x00, 0x00,
    0x00, 0x00, 0x00, 0x00, 0x00, 0x00, 0x00, 0x00, 0x00, 0x00, 0x00, 0x00, 0x0A, 0x00, 0x00, 0x00,
    0xAA, 0xAA, 0xAA, 0xAA, 0x8A, 0x88, 0xA8, 0xAA, 0x8A, 0x78, 0x77, 0x88, 0xAA, 0x78, 0x77, 0x77,
    0x00, 0xAA, 0x88, 0x87, 0x00, 0x30, 0xAA, 0xAA, 0x00, 0x00, 0x82, 0xAA, 0x00, 0x00, 0x52, 0x13,
    0x00, 0x00, 0x00, 0x00, 0x00, 0x00, 0x00, 0x00, 0x0E, 0x00, 0x00, 0x00, 0x09, 0x00, 0x00, 0x00,
    0x09, 0x00, 0x00, 0x00, 0xEA, 0x0E, 0x00, 0x00, 0x9A, 0xA9, 0x0E, 0x00, 0xAA, 0xAA, 0xEA, 0x00,
    0xAA, 0xAA, 0x0E, 0x00, 0xAA, 0xAA, 0x00, 0x00, 0xAA, 0xEA, 0x00, 0x00, 0xAA, 0x0E, 0x00, 0x00,
    0xAA, 0x0E, 0x00, 0x00, 0x00, 0x00, 0x00, 0x00, 0x00, 0x00, 0x00, 0x00, 0x00, 0x00, 0x00, 0x00,
    0x00, 0x00, 0x00, 0x00, 0x00, 0x00, 0x00, 0x00, 0x00, 0x00, 0x00, 0x00, 0x22, 0x00, 0x00, 0x00,
    0x11, 0x21, 0x00, 0x00, 0x42, 0x24, 0x01, 0x00, 0x14, 0x24, 0x33, 0x00, 0x65, 0x49, 0x12, 0x03,
    0x89, 0x09, 0x00, 0x00, 0xA9, 0x0E, 0x00, 0x00, 0x99, 0xEA, 0x00, 0x00, 0x9A, 0xEA, 0x0E, 0x00,
    0xAA, 0xEA, 0x0E, 0x00, 0xAA, 0xEE, 0x0E, 0x00, 0xAA, 0xEE, 0xEA, 0x00, 0xAE, 0xEE, 0xEA, 0x00,
};
static const u16 sFrame22[] = {
    0x000C, 0x40D9, 0x81CA, 0x0000, 0x40D9, 0x81EA, 0x0008, 0x40F1, 0x81EA, 0x0010, 0x00C9, 0x41F2,
    0x0018, 0x00E1, 0x4012, 0x001C, 0x40E9, 0x01F2, 0x0020, 0x40E9, 0x0022, 0x0022, 0x80C9, 0x0002,
    0x0024, 0x80D9, 0x000A, 0x0026, 0x80F1, 0x000A, 0x0028, 0x00E1, 0x0022, 0x002A, 0x00E9, 0x0002,
    0x002B, 0x0000,
};
static const void* const sFrames22[] = { sFrame22 };
static const u8 sTiles23[1216] __attribute__((aligned(4))) = {
    0x00, 0x00, 0x00, 0xA0, 0x00, 0x00, 0x00, 0x8A, 0x00, 0x00, 0xAA, 0x8A, 0x00, 0xAA, 0x88, 0xAA,
    0xAA, 0x88, 0x88, 0xA8, 0x78, 0x77, 0x88, 0x0A, 0x77, 0x87, 0xAA, 0x00, 0x8A, 0xA8, 0x48, 0x00,
    0x78, 0x77, 0x77, 0xE9, 0x78, 0x77, 0xA8, 0xE9, 0x88, 0x88, 0xAA, 0xAE, 0xA8, 0xAA, 0x00, 0xEE,
    0x0A, 0x00, 0xA0, 0xAE, 0x00, 0x00, 0xA0, 0xAE, 0x00, 0x00, 0x90, 0xE8, 0x00, 0x00, 0x78, 0xE7,
    0x89, 0x77, 0x87, 0xEA, 0x9A, 0x78, 0x98, 0xEE, 0x99, 0xEA, 0x9E, 0x7A, 0xEE, 0x4E, 0x8A, 0x1E,
    0xE8, 0x1E, 0x88, 0xEE, 0xEA, 0x8E, 0x99, 0xEE, 0x89, 0x7A, 0x8A, 0xAE, 0x89, 0x89, 0x8A, 0xEA,
    0xE9, 0x0E, 0x00, 0x00, 0x4E, 0x0E, 0x00, 0x00, 0x8E, 0x00, 0x00, 0x00, 0x0E, 0x00, 0x00, 0x00,
    0x0E, 0x00, 0x00, 0x00, 0x0E, 0x00, 0x00, 0x00, 0x0E, 0x00, 0x00, 0x00, 0x0E, 0x00, 0x00, 0x00,
    0xA8, 0x8A, 0x04, 0x00, 0x8A, 0x84, 0x04, 0x00, 0x48, 0x68, 0x00, 0x00, 0xE4, 0x08, 0x00, 0x00,
    0x48, 0x00, 0x00, 0x00, 0x04, 0x00, 0x00, 0x00, 0x00, 0x00, 0x00, 0x00, 0x00, 0x00, 0x00, 0x00,
    0x00, 0x00, 0x89, 0xE9, 0x00, 0x00, 0xAE, 0xA9, 0x00, 0xE0, 0x9A, 0xA9, 0x00, 0xEE, 0x9A, 0xAA,
    0x00, 0xEE, 0xAA, 0xAA, 0x00, 0xEE, 0xAE, 0xEA, 0xE0, 0xEA, 0xAE, 0xEA, 0xE0, 0xEA, 0xAE, 0xEE,
    0x89, 0x49, 0x8A, 0xE9, 0x88, 0x79, 0x8A, 0xE8, 0x88, 0x49, 0x8E, 0xE8, 0x99, 0x89, 0x88, 0xEE,
    0x99, 0x49, 0x88, 0xEE, 0x89, 0x79, 0x8A, 0xE8, 0x8A, 0x49, 0xA6, 0x88, 0x8A, 0xEA, 0x6E, 0x8A,
    0x0E, 0x00, 0x00, 0x00, 0x0E, 0x00, 0x00, 0x00, 0xEE, 0x00, 0x00, 0x00, 0xEE, 0x00, 0x00, 0x00,
    0xE9, 0x0E, 0x00, 0x00, 0x9E, 0x0E, 0x00, 0x00, 0xEE, 0xE9, 0x00, 0x00, 0xE8, 0x9E, 0x0E, 0x00,
    0x00, 0x00, 0x00, 0xE0, 0x00, 0x00, 0x00, 0xE0, 0x00, 0x00, 0x00, 0x9E, 0x00, 0x00, 0x00, 0xA9,
    0x00, 0x00, 0x00, 0xA9, 0x00, 0x00, 0xEE, 0xAA, 0x00, 0xAE, 0x99, 0xAA, 0xE0, 0xAA, 0xAA, 0xAA,
    0xAE, 0xEE, 0xEE, 0xEE, 0xAA, 0xEE, 0xEE, 0xEE, 0xAA, 0xEE, 0xEE, 0xEA, 0xAA, 0xEE, 0xEE, 0xEA,
    0xAA, 0xEE, 0xEE, 0xEA, 0xAA, 0xEE, 0xEE, 0xEA, 0xAA, 0xEE, 0xEE, 0xEA, 0xAA, 0xEE, 0xEE, 0xE9,
    0x8E, 0x69, 0xEA, 0xA8, 0x8E, 0x89, 0xEE, 0x6E, 0x8E, 0xA8, 0xE8, 0xEE, 0x8E, 0xA8, 0x86, 0xE8,
    0x8E, 0xA8, 0xE8, 0xEE, 0x8E, 0xA8, 0x86, 0xE8, 0x8E, 0xA8, 0x86, 0xE7, 0x8E, 0xA8, 0x88, 0x87,
    0x88, 0xEE, 0x0E, 0x00, 0x8A, 0xE8, 0xEE, 0x00, 0xA6, 0xE8, 0xEE, 0x00, 0xA8, 0x88, 0xEE, 0x0E,
    0x6E, 0x8A, 0xE8, 0x0E, 0xE0, 0xA6, 0xE8, 0xEE, 0xEE, 0xA8, 0x88, 0xEE, 0xEE, 0x6E, 0x8A, 0xE8,
    0x00, 0xAE, 0xAA, 0xAA, 0x00, 0xA0, 0xAA, 0xAA, 0x00, 0xE0, 0xAA, 0xAA, 0x00, 0x00, 0xAE, 0xAA,
    0x00, 0x00, 0xAE, 0xEA, 0x00, 0x00, 0x00, 0xE0, 0x00, 0x00, 0x00, 0x00, 0x00, 0x00, 0x00, 0x00,
    0xAA, 0xEE, 0xAE, 0xE9, 0xEA, 0xEE, 0xAE, 0xE9, 0xEA, 0xEE, 0xAA, 0xE9, 0xEE, 0xEE, 0x9A, 0xE9,
    0xEE, 0xAE, 0x9A, 0xAA, 0xAE, 0xAA, 0xAE, 0x89, 0x00, 0xEE, 0xAA, 0xEA, 0x00, 0x00, 0xEE, 0x0E,
    0x8E, 0x69, 0x8E, 0x78, 0x8E, 0x89, 0xEE, 0x8E, 0x8A, 0x69, 0x0E, 0xE0, 0x8A, 0x8A, 0x0E, 0x00,
    0x89, 0x6A, 0x0E, 0x00, 0xE8, 0x0E, 0x00, 0x00, 0x0E, 0x00, 0x00, 0x00, 0x00, 0x00, 0x00, 0x00,
    0xE7, 0x6E, 0xA6, 0xE8, 0xE8, 0xEE, 0xA8, 0xE8, 0xEE, 0xAE, 0xEE, 0xEE, 0x00, 0x00, 0x00, 0x00,
    0x00, 0x00, 0x00, 0x00, 0x00, 0x00, 0x00, 0x00, 0x00, 0x00, 0x00, 0x00, 0x00, 0x00, 0x00, 0x00,
    0x00, 0x00, 0x00, 0x00, 0x00, 0x00, 0x00, 0x00, 0x00, 0x00, 0x00, 0x00, 0x00, 0x00, 0x00, 0x00,
    0x00, 0x00, 0x00, 0x50, 0x00, 0x00, 0x00, 0x20, 0x00, 0x00, 0x00, 0x25, 0x00, 0x00, 0x00, 0x15,
    0x00, 0x00, 0x03, 0x00, 0x00, 0x00, 0x51, 0x50, 0x00, 0x55, 0x21, 0x35, 0x50, 0x13, 0x52, 0x53,
    0x23, 0x12, 0x22, 0x15, 0x22, 0x22, 0x22, 0x15, 0x22, 0x22, 0x52, 0x21, 0x22, 0x22, 0x12, 0x52,
    0x03, 0x30, 0x00, 0x00, 0x03, 0x25, 0x00, 0x00, 0x53, 0x21, 0x05, 0x00, 0x15, 0x32, 0x05, 0x00,
    0x25, 0x53, 0x52, 0x00, 0x35, 0x53, 0x32, 0x00, 0x35, 0x55, 0x32, 0x00, 0x52, 0x51, 0x53, 0x00,
    0x00, 0x00, 0x00, 0x00, 0x00, 0x00, 0x00, 0x00, 0x00, 0x00, 0x00, 0x00, 0x00, 0x00, 0x00, 0x00,
    0x00, 0x00, 0x00, 0x00, 0x00, 0x00, 0x00, 0x00, 0x00, 0x00, 0x00, 0x30, 0x00, 0x00, 0x00, 0x00,
    0x00, 0x00, 0x80, 0x21, 0x00, 0x00, 0x50, 0x11, 0x00, 0x00, 0x80, 0x22, 0x00, 0x00, 0x80, 0x23,
    0x00, 0x00, 0x30, 0x55, 0x00, 0x00, 0x50, 0x35, 0x00, 0x00, 0x00, 0x55, 0x00, 0x00, 0x00, 0x30,
    0x52, 0x31, 0x22, 0x12, 0x15, 0x51, 0x12, 0x25, 0x25, 0x35, 0x12, 0x51, 0x55, 0x23, 0x53, 0x51,
    0x53, 0x22, 0x25, 0x52, 0x25, 0x53, 0x55, 0x52, 0x55, 0x15, 0x71, 0x51, 0x25, 0x13, 0x41, 0x11,
    0x21, 0x52, 0x35, 0x00, 0x52, 0x25, 0x23, 0x00, 0x22, 0x21, 0x55, 0x15, 0x52, 0x12, 0x32, 0xAA,
    0x53, 0x25, 0x55, 0x8A, 0x75, 0x35, 0x53, 0xA8, 0x43, 0x55, 0x78, 0x77, 0x21, 0xA5, 0x77, 0x87,
    0x00, 0x00, 0x00, 0x10, 0x00, 0x00, 0x00, 0x11, 0x47, 0x33, 0x61, 0x82, 0xAA, 0x62, 0x24, 0x71,
    0x88, 0x3A, 0x43, 0x32, 0xAA, 0x43, 0xE2, 0x65, 0xA8, 0x68, 0x43, 0x22, 0x2A, 0x73, 0x04, 0x00,
    0x00, 0x00, 0x00, 0x00, 0x00, 0x00, 0x00, 0x00, 0x00, 0x00, 0x30, 0x21, 0x00, 0x22, 0x21, 0x82,
    0x00, 0x23, 0x24, 0x42, 0x31, 0x21, 0x27, 0x44, 0x31, 0x11, 0x41, 0x14, 0x00, 0x20, 0x52, 0x42,
    0x00, 0x00, 0x00, 0x00, 0x00, 0x00, 0x00, 0x00, 0x00, 0x01, 0x00, 0x00, 0x10, 0x31, 0x00, 0x00,
    0x26, 0x10, 0x00, 0x00, 0x14, 0x22, 0x48, 0x00, 0x11, 0x15, 0x00, 0x00, 0x31, 0x2D, 0x00, 0x00,
    0x10, 0x42, 0x43, 0x21, 0x44, 0x46, 0x28, 0x33, 0x23, 0x11, 0x32, 0x56, 0x10, 0x43, 0x68, 0x22,
    0x83, 0x46, 0x02, 0x00, 0x16, 0x02, 0x00, 0x00, 0x00, 0x00, 0x00, 0x00, 0x00, 0x00, 0x00, 0x00,
    0x71, 0x73, 0x00, 0x00, 0x43, 0x12, 0x00, 0x00, 0x96, 0x24, 0x00, 0x00, 0x20, 0x00, 0x00, 0x00,
    0x00, 0x00, 0x00, 0x00, 0x00, 0x00, 0x00, 0x00, 0x00, 0x00, 0x00, 0x00, 0x00, 0x00, 0x00, 0x00,
    0x00, 0x00, 0x00, 0x00, 0x00, 0x00, 0x00, 0x00, 0x00, 0x00, 0x00, 0x00, 0x00, 0x00, 0x00, 0x00,
    0x00, 0x00, 0x00, 0x80, 0x00, 0x00, 0x00, 0x90, 0x00, 0x20, 0x40, 0x98, 0x00, 0xC6, 0x88, 0x64,
    0x00, 0x00, 0x00, 0x00, 0x00, 0x00, 0x00, 0x00, 0x00, 0x00, 0x00, 0x20, 0x00, 0x00, 0x49, 0x70,
    0x03, 0x44, 0x98, 0xF8, 0xCE, 0x87, 0x14, 0x4E, 0x42, 0x47, 0x28, 0x0A, 0x82, 0x16, 0xF4, 0x0E,
    0xF2, 0x2F, 0x44, 0x21, 0x44, 0x48, 0xA4, 0x46, 0x70, 0x82, 0xFF, 0x1A, 0x20, 0x20, 0x62, 0xEE,
    0x00, 0x00, 0x00, 0xE0, 0x00, 0x00, 0x00, 0x00, 0x00, 0x00, 0x00, 0x00, 0x00, 0x00, 0x00, 0x00,
    0x37, 0xF4, 0x34, 0x0C, 0x64, 0x49, 0xE3, 0x08, 0xA2, 0x67, 0x16, 0x0F, 0x4E, 0xF4, 0x00, 0x00,
    0x00, 0x40, 0x00, 0x00, 0x00, 0x00, 0x00, 0x00, 0x00, 0x00, 0x00, 0x00, 0x00, 0x00, 0x00, 0x00,
    0x00, 0x00, 0x00, 0x00, 0x00, 0x00, 0x00, 0x9E, 0x00, 0x00, 0xA0, 0x98, 0x00, 0xA0, 0xAE, 0x86,
    0x00, 0xA0, 0xA9, 0xAE, 0x00, 0x8A, 0xAA, 0x88, 0xA0, 0x7A, 0x98, 0x89, 0x8A, 0x7E, 0x87, 0x8A,
    0x35, 0x25, 0x11, 0x11, 0x56, 0x55, 0x23, 0x32, 0x6E, 0x38, 0x32, 0xEE, 0x99, 0x6E, 0x98, 0x66,
    0x89, 0xA8, 0x8E, 0xEE, 0xE9, 0x1E, 0xAE, 0x44, 0x98, 0x49, 0xA8, 0x17, 0xA9, 0x88, 0x81, 0x4A,
    0x52, 0xAA, 0x88, 0xA8, 0xE5, 0xA8, 0x8A, 0x0A, 0xE8, 0x88, 0xAA, 0x00, 0xA9, 0x8E, 0xA8, 0x00,
    0x9A, 0x8E, 0x0A, 0x00, 0x87, 0xAE, 0x0A, 0x00, 0x77, 0xAE, 0x00, 0x00, 0x87, 0xAE, 0x00, 0x00,
    0x41, 0x03, 0x00, 0x00, 0x35, 0x00, 0x00, 0x00, 0x00, 0x00, 0x00, 0x00, 0x00, 0x00, 0x00, 0x00,
    0x00, 0x00, 0x00, 0x00, 0x00, 0x00, 0x00, 0x00, 0x00, 0x00, 0x00, 0x00, 0x00, 0x00, 0x00, 0x00,
    0x00, 0x00, 0x00, 0x00, 0x00, 0x00, 0x00, 0x00, 0x00, 0x00, 0x00, 0x00, 0x00, 0x00, 0x00, 0x00,
    0x00, 0x00, 0x00, 0xA0, 0x00, 0x00, 0xA0, 0x8A, 0x00, 0x00, 0xAA, 0x78, 0x00, 0x80, 0xA4, 0xAA,
    0x00, 0x20, 0xA6, 0xA8, 0x00, 0x32, 0xA1, 0xA8, 0x32, 0x46, 0xA2, 0x46, 0x3F, 0x64, 0x67, 0xF1,
    0x54, 0xF1, 0xF2, 0xE2, 0x74, 0x20, 0x40, 0xE6, 0x00, 0x00, 0x00, 0x00, 0x00, 0x00, 0x00, 0x00,
};
static const u16 sFrame23[] = {
    0x0006, 0x00E1, 0x81F0, 0x0000, 0x40C9, 0x81F8, 0x0010, 0x00C9, 0x4018, 0x0018, 0x00E9, 0x41D8,
    0x001C, 0x40D9, 0x41F8, 0x0020, 0x80E1, 0x01E8, 0x0024, 0x0000,
};
static const void* const sFrames23[] = { sFrame23 };
static const u8 sTiles24[1280] __attribute__((aligned(4))) = {
    0x00, 0x00, 0x00, 0x00, 0x00, 0x00, 0x00, 0x00, 0x00, 0x00, 0x00, 0xA0, 0x00, 0x00, 0x00, 0xA0,
    0x00, 0x00, 0x00, 0x8A, 0x00, 0x00, 0x00, 0x7A, 0x00, 0x00, 0xA0, 0x88, 0x00, 0x00, 0xA0, 0x88,
    0xE0, 0xEE, 0x89, 0x5A, 0xEA, 0x86, 0xE8, 0x8A, 0xAE, 0x9A, 0xA9, 0x99, 0xA9, 0x99, 0x9A, 0x98,
    0x97, 0x89, 0x8A, 0x88, 0x77, 0x99, 0x86, 0x88, 0x87, 0x99, 0x96, 0x88, 0xA8, 0x90, 0x98, 0x88,
    0x21, 0x52, 0x52, 0x00, 0x98, 0xA9, 0xEA, 0x0E, 0x9E, 0x68, 0x66, 0xE8, 0x9E, 0x68, 0x66, 0x86,
    0xE9, 0x88, 0x86, 0xAE, 0xE8, 0x89, 0xE9, 0x78, 0x96, 0x9E, 0x8E, 0x77, 0x66, 0xE9, 0xA9, 0x77,
    0x00, 0x00, 0x00, 0x00, 0x00, 0x00, 0x00, 0x00, 0x00, 0x00, 0x00, 0x00, 0x09, 0x00, 0x00, 0x00,
    0x0A, 0x00, 0x00, 0x00, 0xAA, 0x00, 0x00, 0x00, 0xAE, 0x00, 0x00, 0x00, 0x77, 0x0A, 0x00, 0x00,
    0x00, 0x00, 0xAA, 0x8A, 0x00, 0xA0, 0x88, 0xAA, 0xA0, 0x8A, 0x88, 0x0A, 0x8A, 0x77, 0x88, 0x0A,
    0x77, 0x73, 0x87, 0x00, 0x33, 0x71, 0xA1, 0x00, 0x7A, 0x15, 0x0A, 0x00, 0x87, 0x7A, 0x31, 0x00,
    0x08, 0x90, 0xA8, 0x89, 0x00, 0xA0, 0xA9, 0x99, 0x00, 0xE0, 0xA9, 0x9A, 0x00, 0xE0, 0xAE, 0xAA,
    0x00, 0xE0, 0xAE, 0xA8, 0x00, 0xEE, 0xAE, 0xA9, 0x00, 0xEE, 0xAE, 0xEA, 0xE0, 0xEE, 0xEE, 0xE9,
    0x86, 0xE9, 0xA9, 0xAA, 0x98, 0xAE, 0x0E, 0xA0, 0xA9, 0xAE, 0x0E, 0x00, 0xAA, 0xEE, 0x0E, 0x00,
    0xAA, 0xEA, 0x0E, 0x00, 0xAA, 0xAA, 0x98, 0x00, 0xAA, 0xEA, 0x77, 0x00, 0xEE, 0xEE, 0x89, 0x09,
    0x88, 0xA8, 0x00, 0x00, 0x8A, 0xAA, 0xAA, 0x00, 0xAA, 0xAA, 0x88, 0x0A, 0xA0, 0x8A, 0x88, 0xA8,
    0x00, 0xAA, 0x88, 0x87, 0x00, 0xA0, 0x8A, 0x77, 0x00, 0x00, 0x8A, 0x77, 0x00, 0x00, 0xAA, 0x78,
    0x8A, 0xA7, 0x03, 0x00, 0xA8, 0x0A, 0x03, 0x00, 0xAA, 0x7A, 0x30, 0x00, 0x00, 0x07, 0x02, 0xE2,
    0x57, 0x00, 0x50, 0x9E, 0x02, 0x02, 0x25, 0xE9, 0x00, 0x00, 0x9E, 0xEE, 0x03, 0xE0, 0xEE, 0x8E,
    0xE0, 0xEE, 0xAA, 0xE9, 0xEE, 0xEE, 0xA8, 0xAA, 0xEE, 0x8E, 0x98, 0xA9, 0xE9, 0x8E, 0x9A, 0xA9,
    0xEE, 0xA8, 0x9A, 0xAA, 0x8E, 0xA8, 0xA8, 0xAA, 0x88, 0x8A, 0x98, 0xA9, 0xA8, 0x8A, 0xE9, 0x99,
    0xEE, 0xEE, 0xA9, 0x0E, 0x99, 0xA8, 0x99, 0xEA, 0x9A, 0xA9, 0x9A, 0xEE, 0x9A, 0xA9, 0xA8, 0xEA,
    0x8A, 0xA9, 0x88, 0xEA, 0x8A, 0xAA, 0x88, 0xEA, 0x89, 0xAA, 0x8A, 0xEA, 0x89, 0xEE, 0x8A, 0xAA,
    0x00, 0x70, 0xA8, 0x8A, 0x00, 0x70, 0x28, 0xAA, 0x0E, 0x70, 0x48, 0x8A, 0xEE, 0x00, 0x47, 0x43,
    0xEE, 0x00, 0x70, 0x24, 0xEE, 0x0E, 0x00, 0x47, 0xEE, 0x0E, 0x00, 0x00, 0xEE, 0xEE, 0x00, 0x00,
    0x00, 0xEE, 0xEE, 0x88, 0x00, 0xEE, 0xEE, 0xAA, 0x00, 0xEE, 0x8E, 0xAA, 0x00, 0xE0, 0x88, 0xAA,
    0x00, 0x00, 0xAE, 0xAA, 0x00, 0x00, 0xE0, 0xAA, 0x00, 0x00, 0x00, 0xAE, 0x00, 0x00, 0x00, 0xE0,
    0xA9, 0x88, 0xE9, 0x9E, 0xA9, 0x98, 0xEA, 0xAA, 0x89, 0x98, 0xEA, 0xAA, 0xAA, 0x9E, 0xEA, 0xAA,
    0xAA, 0x9E, 0xEA, 0xAA, 0xA9, 0x9E, 0xEA, 0xAA, 0xA9, 0x9E, 0xEA, 0xAA, 0xEE, 0xEA, 0xEA, 0xAE,
    0x89, 0xEE, 0x8E, 0xAA, 0x88, 0xEE, 0x8A, 0xA8, 0x88, 0xEE, 0xAA, 0xA8, 0x88, 0xEE, 0xAA, 0xA8,
    0x88, 0xEE, 0xAA, 0x88, 0x88, 0xEE, 0xAA, 0x8A, 0x88, 0xEE, 0xE9, 0x8A, 0x89, 0xEE, 0xA9, 0x8A,
    0xEE, 0xEE, 0x00, 0x00, 0xEE, 0xEE, 0x00, 0x00, 0xEE, 0xAE, 0x00, 0x00, 0xEA, 0xAE, 0x0E, 0x00,
    0xAA, 0xEE, 0x0E, 0x00, 0xAA, 0xEE, 0x0E, 0x00, 0xA8, 0xEE, 0xEE, 0x00, 0xA8, 0xEE, 0xEE, 0x00,
    0x00, 0x00, 0x00, 0x50, 0x00, 0x00, 0x00, 0x15, 0x00, 0x00, 0x50, 0x22, 0x00, 0x00, 0x25, 0x15,
    0x00, 0x00, 0x55, 0x51, 0x00, 0x50, 0x52, 0x11, 0x00, 0x25, 0x51, 0x23, 0x50, 0x12, 0x51, 0x53,
    0x08, 0x00, 0x05, 0x00, 0x52, 0x50, 0x52, 0x00, 0x22, 0x55, 0x52, 0x00, 0x51, 0x52, 0x25, 0x55,
    0x53, 0x15, 0x21, 0x25, 0x53, 0x51, 0x33, 0x15, 0x55, 0x11, 0x55, 0x51, 0x51, 0x21, 0x52, 0x52,
    0x50, 0x25, 0x12, 0x35, 0x50, 0x52, 0x55, 0x35, 0x00, 0x25, 0x25, 0x22, 0x00, 0x50, 0x52, 0x25,
    0x00, 0x50, 0x25, 0x55, 0x00, 0x00, 0x25, 0x15, 0x00, 0xE0, 0x58, 0x52, 0x00, 0x9E, 0x9E, 0x25,
    0x52, 0x53, 0x51, 0x53, 0x15, 0x52, 0x55, 0x12, 0x12, 0x25, 0x25, 0x25, 0x25, 0x22, 0x52, 0x53,
    0x22, 0x55, 0x51, 0x52, 0x25, 0x25, 0x51, 0x03, 0x15, 0x52, 0x15, 0x08, 0x22, 0x25, 0x55, 0x00,
    0x00, 0x00, 0x00, 0x00, 0x00, 0x00, 0x00, 0x00, 0x00, 0x00, 0x00, 0x00, 0x00, 0x00, 0x00, 0x00,
    0x00, 0x00, 0x00, 0x00, 0x00, 0x00, 0x00, 0x00, 0x00, 0x00, 0x00, 0x70, 0x00, 0x00, 0x00, 0x57,
    0x00, 0x70, 0xA0, 0x7A, 0x00, 0x73, 0x72, 0xA7, 0x00, 0x20, 0x37, 0xA7, 0x00, 0x77, 0x20, 0x70,
    0x70, 0x75, 0x03, 0x32, 0x57, 0x30, 0x70, 0x70, 0x05, 0x07, 0x07, 0x27, 0x00, 0x37, 0x00, 0x00,
    0x00, 0x00, 0x70, 0x05, 0x00, 0x00, 0x57, 0x01, 0x00, 0x70, 0x15, 0x77, 0x70, 0x57, 0x71, 0x51,
    0x27, 0x17, 0x12, 0x15, 0x11, 0x17, 0x15, 0x07, 0x75, 0x17, 0x01, 0x27, 0x11, 0x17, 0x70, 0x47,
    0x70, 0x03, 0x00, 0x00, 0x37, 0x00, 0x00, 0x00, 0x03, 0x00, 0x00, 0x00, 0x00, 0x00, 0x30, 0x00,
    0x02, 0x30, 0x01, 0x00, 0x00, 0x10, 0x03, 0x00, 0x70, 0x02, 0x00, 0x00, 0x27, 0x00, 0x00, 0x00,
    0x00, 0x00, 0x00, 0x00, 0x00, 0x00, 0x00, 0x00, 0x00, 0x00, 0x00, 0x22, 0x22, 0x00, 0x20, 0xF8,
    0x7F, 0x44, 0x89, 0x44, 0xF4, 0x98, 0x48, 0x44, 0x44, 0x4E, 0x84, 0xC7, 0x70, 0x47, 0x48, 0x47,
    0x00, 0x00, 0x00, 0x00, 0x00, 0x0E, 0x00, 0x04, 0xE6, 0xEE, 0x44, 0x0F, 0xAF, 0x21, 0x7A, 0x66,
    0x6A, 0x44, 0x96, 0x34, 0x14, 0x72, 0x43, 0x4F, 0x9E, 0x26, 0x68, 0x41, 0x92, 0x48, 0x74, 0x84,
    0x00, 0x00, 0x60, 0x66, 0x00, 0x00, 0x00, 0x00, 0x00, 0x00, 0x00, 0x00, 0x00, 0x00, 0x00, 0x00,
    0x00, 0x00, 0x00, 0x00, 0x00, 0x00, 0x00, 0x00, 0x00, 0x00, 0x00, 0x00, 0x00, 0x00, 0x00, 0x00,
    0x62, 0x84, 0xC8, 0x46, 0x26, 0x41, 0x24, 0xFF, 0x00, 0x60, 0x46, 0x48, 0x00, 0x00, 0x00, 0x70,
    0x00, 0x00, 0x00, 0x00, 0x00, 0x00, 0x00, 0x00, 0x00, 0x00, 0x00, 0x00, 0x00, 0x00, 0x00, 0x00,
    0x10, 0x13, 0x20, 0x14, 0x57, 0x01, 0x00, 0x47, 0x05, 0x00, 0x70, 0x02, 0x02, 0x00, 0x20, 0x70,
    0x00, 0x30, 0x01, 0x70, 0x00, 0x00, 0x00, 0x00, 0x00, 0x00, 0x00, 0x00, 0x00, 0x00, 0x00, 0x00,
    0x54, 0x55, 0x02, 0x00, 0x41, 0x12, 0x10, 0x00, 0x24, 0x07, 0x02, 0x00, 0x02, 0x31, 0x00, 0x00,
    0x01, 0x13, 0x00, 0x00, 0x00, 0x00, 0x00, 0x00, 0x00, 0x00, 0x00, 0x00, 0x00, 0x00, 0x00, 0x00,
    0xE0, 0xEE, 0xEA, 0xAE, 0x00, 0xE0, 0xAE, 0xAE, 0x00, 0x00, 0xE0, 0xEE, 0x00, 0x00, 0x00, 0x00,
    0x00, 0x00, 0x00, 0x00, 0x00, 0x00, 0x00, 0x00, 0x00, 0x00, 0x00, 0x00, 0x00, 0x00, 0x00, 0x00,
    0x89, 0xEE, 0xA9, 0xAA, 0x89, 0xEA, 0xA9, 0xAA, 0x8A, 0xEA, 0x99, 0xAA, 0xEE, 0xEE, 0xEE, 0xEE,
    0x00, 0xE0, 0xEE, 0xEE, 0x00, 0x00, 0x00, 0x00, 0x00, 0x00, 0x00, 0x00, 0x00, 0x00, 0x00, 0x00,
    0x00, 0x00, 0x00, 0x00, 0x00, 0x00, 0x00, 0x00, 0x00, 0x00, 0x00, 0x00, 0x05, 0x00, 0x00, 0x00,
    0x21, 0x05, 0x00, 0x00, 0x52, 0x00, 0x00, 0x00, 0x05, 0x00, 0x00, 0x00, 0x52, 0x00, 0x00, 0x00,
    0x51, 0x00, 0x00, 0x00, 0x11, 0x05, 0x00, 0x00, 0x55, 0x55, 0x00, 0x00, 0x00, 0x06, 0x00, 0x00,
    0x00, 0x00, 0x00, 0x00, 0x00, 0x00, 0x00, 0x00, 0x00, 0x00, 0x00, 0x00, 0x00, 0x00, 0x00, 0x00,
    0x00, 0x00, 0x00, 0x00, 0x00, 0x00, 0x00, 0x00, 0x00, 0x00, 0x00, 0x00, 0x0A, 0x00, 0x00, 0x00,
    0xA8, 0x0A, 0x00, 0x00, 0x87, 0xA8, 0x00, 0x00, 0x87, 0xAA, 0x00, 0x00, 0xA8, 0x88, 0x4A, 0x00,
    0x8A, 0x8A, 0x8A, 0x04, 0xAA, 0xA8, 0x2A, 0x44, 0x8A, 0xAA, 0x31, 0x02, 0xA8, 0x1A, 0x42, 0x36,
    0x48, 0x66, 0x67, 0x34, 0x23, 0xF8, 0xF2, 0x51, 0x47, 0x74, 0x44, 0x74, 0x00, 0x74, 0x07, 0x00,
    0x00, 0x00, 0x00, 0x00, 0x00, 0x00, 0x00, 0x00, 0x00, 0x00, 0x00, 0x00, 0xF1, 0x00, 0x00, 0x00,
    0x8E, 0x00, 0x00, 0x00, 0xC3, 0x00, 0x00, 0x00, 0xEF, 0x00, 0x00, 0x00, 0xA2, 0x00, 0x00, 0x00,
    0xEE, 0x00, 0x00, 0x00, 0x42, 0x00, 0x00, 0x00, 0x44, 0x06, 0x00, 0x00, 0x66, 0x06, 0x00, 0x00,
    0x00, 0x00, 0x00, 0x00, 0x00, 0x00, 0x00, 0x00, 0x00, 0x00, 0x00, 0x00, 0x00, 0x00, 0x00, 0x00,
    0x00, 0x00, 0x00, 0x00, 0x00, 0x00, 0x00, 0x00, 0x00, 0x00, 0x00, 0x00, 0x00, 0x00, 0x00, 0x00,
    0x00, 0x00, 0x52, 0x30, 0x00, 0x00, 0x05, 0x02, 0x00, 0x00, 0x07, 0xAA, 0x00, 0x70, 0xA2, 0x8A,
    0xA8, 0xEE, 0xEE, 0x00, 0xEE, 0xEE, 0xEE, 0x00, 0xEE, 0xEE, 0xEE, 0x00, 0xEE, 0xEE, 0x0E, 0x00,
    0xAE, 0x0E, 0x00, 0x00, 0x00, 0x00, 0x00, 0x00, 0x00, 0x00, 0x00, 0x00, 0x00, 0x00, 0x00, 0x00,
};
static const u16 sFrame24[] = {
    0x000B, 0x00DB, 0x81EE, 0x0000, 0x00CB, 0x41F6, 0x0010, 0x00EB, 0x41DE, 0x0014, 0x00EB, 0x4016,
    0x0018, 0x40FB, 0x01DE, 0x001C, 0x40FB, 0x01F6, 0x001E, 0x80CB, 0x0006, 0x0020, 0x80E3, 0x000E,
    0x0022, 0x80EB, 0x0026, 0x0024, 0x00E3, 0x01E6, 0x0026, 0x00FB, 0x0006, 0x0027, 0x0000,
};
static const void* const sFrames24[] = { sFrame24 };
static const u8 sTiles25[928] __attribute__((aligned(4))) = {
    0x00, 0x00, 0x00, 0x00, 0x00, 0x00, 0x00, 0xE0, 0x00, 0x00, 0x00, 0x8E, 0x00, 0x00, 0x90, 0x68,
    0x02, 0x60, 0xA0, 0xEA, 0x86, 0xF7, 0xAA, 0x87, 0x47, 0xF2, 0x9E, 0x99, 0x18, 0xF3, 0x9E, 0x66,
    0x50, 0xAA, 0x99, 0xA9, 0xAE, 0x9A, 0x89, 0xA8, 0x66, 0x86, 0xE9, 0x99, 0x66, 0x86, 0xE9, 0x89,
    0x68, 0x88, 0x9E, 0x88, 0x9E, 0x98, 0x8E, 0x88, 0xE8, 0xE9, 0x69, 0x88, 0x9A, 0x9E, 0x66, 0x88,
    0x98, 0xEE, 0x0E, 0x00, 0x8E, 0x68, 0x0E, 0x00, 0x9A, 0xA9, 0xEA, 0x00, 0xA9, 0x99, 0xEA, 0x00,
    0xA8, 0x68, 0x86, 0x0E, 0x68, 0x89, 0x86, 0xE8, 0x69, 0xE9, 0x88, 0xE8, 0x89, 0x49, 0xEE, 0xEE,
    0x00, 0x00, 0x00, 0x00, 0x00, 0x00, 0x00, 0x00, 0x00, 0x00, 0x00, 0x00, 0x00, 0x00, 0x00, 0x00,
    0x00, 0x00, 0x00, 0x00, 0x00, 0x00, 0x00, 0x00, 0x0E, 0x00, 0x00, 0x00, 0x0E, 0x00, 0x00, 0x00,
    0xA7, 0xF2, 0xEF, 0x66, 0x49, 0x61, 0xEF, 0x66, 0x4E, 0x1C, 0xEF, 0x66, 0x47, 0x14, 0xEC, 0x99,
    0x1E, 0x82, 0x46, 0x9E, 0x27, 0xA7, 0x22, 0xEE, 0x83, 0x4E, 0x79, 0xEE, 0x96, 0x22, 0x66, 0x9E,
    0xEA, 0x9E, 0x68, 0x98, 0xE6, 0xEA, 0x89, 0x99, 0xE9, 0xEA, 0x9A, 0xA9, 0xE9, 0xEE, 0xAA, 0xAA,
    0xE9, 0xAE, 0xAA, 0x8A, 0xEE, 0xAA, 0xAA, 0x9A, 0xEE, 0xAE, 0xAA, 0xAE, 0xE9, 0xEE, 0xEE, 0x9E,
    0x8A, 0x49, 0xE8, 0x8E, 0x9A, 0x8A, 0xA3, 0x88, 0x9A, 0xEE, 0x88, 0xE8, 0xEA, 0x8E, 0x4E, 0x04,
    0xEA, 0x8E, 0x4E, 0x94, 0xEA, 0xEE, 0x1E, 0x00, 0xEA, 0xEE, 0x90, 0x00, 0xEE, 0xEE, 0x1E, 0x33,
    0x0E, 0x00, 0x00, 0x00, 0x0E, 0x00, 0x00, 0x00, 0x00, 0x00, 0x00, 0x00, 0x00, 0x00, 0x00, 0x00,
    0x10, 0x01, 0x00, 0x00, 0x32, 0x03, 0x00, 0x00, 0x21, 0x01, 0x00, 0x00, 0x24, 0x21, 0x28, 0x00,
    0x08, 0x00, 0x00, 0x9E, 0x00, 0x00, 0x00, 0x9E, 0x00, 0x00, 0xE0, 0x9E, 0x00, 0x00, 0xEE, 0x9E,
    0x00, 0x00, 0x1E, 0x9E, 0x00, 0xE0, 0x1E, 0x9E, 0x00, 0xE0, 0x43, 0x9E, 0x00, 0xEE, 0x21, 0x9E,
    0xE9, 0xEE, 0xEE, 0x9E, 0x99, 0x8E, 0x99, 0xAA, 0x69, 0x9E, 0xA9, 0x9A, 0x66, 0xE9, 0x31, 0x9A,
    0x66, 0xE6, 0x18, 0xA1, 0x66, 0x96, 0x6E, 0x16, 0x96, 0xE9, 0x1E, 0x2A, 0xEE, 0xEE, 0x2E, 0x24,
    0xAA, 0xEE, 0x0E, 0x31, 0x8A, 0x1E, 0xE3, 0x10, 0x19, 0x13, 0x11, 0x62, 0xA9, 0x18, 0x91, 0x1E,
    0xA9, 0x8A, 0xEE, 0x19, 0x8A, 0x8A, 0xE8, 0x1E, 0x22, 0x22, 0x33, 0x55, 0x41, 0x68, 0x44, 0x64,
    0x44, 0x44, 0x02, 0x00, 0x24, 0x22, 0x22, 0x11, 0x49, 0x71, 0x27, 0x21, 0x41, 0x24, 0x01, 0x00,
    0x61, 0x4C, 0x00, 0x00, 0x46, 0x10, 0x11, 0x43, 0x12, 0x23, 0x72, 0x31, 0x47, 0x21, 0x67, 0x02,
    0x00, 0xEE, 0x21, 0x9E, 0x00, 0x82, 0x47, 0xE5, 0x00, 0xEA, 0x31, 0x13, 0xE0, 0xEA, 0x6E, 0x27,
    0xE0, 0xEE, 0xAA, 0x33, 0xE0, 0xEE, 0xAA, 0xA8, 0xEE, 0xEE, 0x8A, 0xA8, 0xEE, 0xEE, 0x8A, 0xA8,
    0x9E, 0x9E, 0x2E, 0x43, 0x9E, 0x9E, 0x1E, 0x74, 0xEE, 0xEE, 0x37, 0x83, 0xAA, 0xEE, 0x72, 0xA1,
    0xA3, 0x41, 0x38, 0xAA, 0x31, 0x27, 0x88, 0xAA, 0x32, 0xEE, 0x88, 0xAA, 0x9A, 0xEE, 0x98, 0xEA,
    0x44, 0x88, 0x9A, 0x18, 0x32, 0x54, 0x75, 0x87, 0x68, 0x89, 0x98, 0xAA, 0xAE, 0xE9, 0xAA, 0xAA,
    0xAE, 0xE9, 0xAA, 0xAA, 0xAE, 0xE9, 0x9A, 0xAA, 0xAE, 0xE9, 0x9A, 0xEA, 0xAE, 0xAE, 0xEE, 0x0E,
    0x21, 0x73, 0x34, 0x04, 0x98, 0x49, 0x22, 0x00, 0xE8, 0x42, 0x04, 0x00, 0x88, 0x0E, 0x00, 0x00,
    0xEA, 0x00, 0x00, 0x00, 0x0E, 0x00, 0x00, 0x00, 0x00, 0x00, 0x00, 0x00, 0x00, 0x00, 0x00, 0x00,
    0x00, 0x00, 0x00, 0x00, 0x00, 0x00, 0x00, 0x00, 0x00, 0x00, 0x00, 0x50, 0x00, 0x00, 0x00, 0x25,
    0x00, 0x00, 0x00, 0x55, 0x00, 0x00, 0x50, 0x52, 0x00, 0x00, 0x25, 0x51, 0x00, 0x50, 0x12, 0x51,
    0x50, 0x08, 0x00, 0x05, 0x15, 0x52, 0x50, 0x52, 0x22, 0x22, 0x55, 0x52, 0x15, 0x51, 0x52, 0x25,
    0x51, 0x53, 0x15, 0x21, 0x11, 0x53, 0x51, 0x33, 0x23, 0x55, 0x11, 0x55, 0x53, 0x51, 0x21, 0x52,
    0x00, 0x50, 0x25, 0x12, 0x00, 0x50, 0x52, 0x55, 0x00, 0x00, 0x25, 0x25, 0x00, 0x00, 0x50, 0x52,
    0x00, 0x00, 0x50, 0x25, 0x00, 0x00, 0x00, 0x25, 0x00, 0x00, 0x00, 0x58, 0x00, 0x00, 0x00, 0x00,
    0x35, 0x52, 0x53, 0x51, 0x35, 0x15, 0x52, 0x55, 0x22, 0x12, 0x25, 0x25, 0x25, 0x25, 0x22, 0x52,
    0x55, 0x22, 0x55, 0x51, 0x15, 0x25, 0x25, 0x51, 0x52, 0x15, 0x52, 0xAA, 0x25, 0x22, 0xAA, 0x88,
    0xEE, 0xEE, 0x8A, 0xAA, 0xEE, 0xEE, 0xEE, 0xAA, 0xEE, 0xEE, 0xEE, 0xAA, 0xE0, 0xEE, 0xEE, 0xEE,
    0x00, 0xE0, 0xEA, 0xEE, 0x00, 0x00, 0x00, 0x00, 0x00, 0x00, 0x00, 0x00, 0x00, 0x00, 0x00, 0x00,
    0x9A, 0xEE, 0x98, 0xEA, 0x9A, 0xAE, 0x98, 0xEA, 0x99, 0xAE, 0xA8, 0xEE, 0xEE, 0xEE, 0xEE, 0x00,
    0xEE, 0x0E, 0x00, 0x00, 0x00, 0x00, 0x00, 0x00, 0x00, 0x00, 0x00, 0x00, 0x00, 0x00, 0x00, 0x00,
    0x00, 0x00, 0x00, 0x00, 0x00, 0x00, 0x00, 0x00, 0x00, 0x00, 0x00, 0x00, 0x55, 0x05, 0x00, 0x00,
    0x25, 0x21, 0x05, 0x00, 0x15, 0x52, 0x00, 0x00, 0x51, 0x05, 0x00, 0x00, 0x52, 0x52, 0x00, 0x00,
    0x53, 0x51, 0x00, 0x00, 0x12, 0x11, 0x05, 0x00, 0x25, 0x55, 0x55, 0x00, 0x53, 0x00, 0x06, 0x00,
    0x52, 0x00, 0x00, 0x00, 0xA9, 0x0E, 0x00, 0x00, 0x8A, 0x0E, 0x00, 0x00, 0xE9, 0xE9, 0x00, 0x00,
    0x00, 0x00, 0x00, 0x00, 0x00, 0x00, 0x00, 0x00, 0x00, 0x00, 0x00, 0x30, 0x00, 0x00, 0x00, 0x90,
    0x00, 0x00, 0x00, 0xF0, 0x00, 0x00, 0x20, 0xF6, 0x00, 0x00, 0xA0, 0x2F, 0x00, 0x40, 0x12, 0x47,
    0x00, 0xC2, 0x46, 0xF8, 0x00, 0xF8, 0xF2, 0x82, 0x00, 0xE4, 0xA2, 0x42, 0x00, 0xE4, 0xF1, 0x62,
    0x00, 0x86, 0x72, 0xC1, 0x40, 0x26, 0x3F, 0x92, 0x79, 0x26, 0x48, 0x68, 0x6A, 0x4F, 0x94, 0xF7,
    0x00, 0x70, 0x00, 0x60, 0x00, 0x00, 0x00, 0x00, 0x00, 0x00, 0x00, 0x00, 0x00, 0x00, 0x00, 0x00,
    0x00, 0x00, 0x00, 0x00, 0x00, 0x00, 0x00, 0x00, 0x00, 0x00, 0x00, 0x00, 0x00, 0x00, 0x00, 0x00,
    0x00, 0x00, 0x00, 0x00, 0x01, 0x00, 0x00, 0x00, 0x00, 0x00, 0x00, 0x00, 0x00, 0x00, 0x00, 0x00,
    0x00, 0x00, 0x00, 0x00, 0x25, 0x00, 0x00, 0x00, 0x02, 0x00, 0x00, 0x00, 0x00, 0x00, 0x00, 0x00,
    0xAE, 0xEE, 0x0E, 0x00, 0xEA, 0x0E, 0x00, 0x00, 0x0E, 0x00, 0x00, 0x00, 0x00, 0x00, 0x00, 0x00,
    0x00, 0x00, 0x00, 0x00, 0x00, 0x00, 0x00, 0x00, 0x00, 0x00, 0x00, 0x00, 0x00, 0x00, 0x00, 0x00,
};
static const u16 sFrame25[] = {
    0x0008, 0x00DB, 0x81F5, 0x0000, 0x00CB, 0x41F5, 0x0010, 0x40FB, 0x01F5, 0x0014, 0x80CB, 0x0005,
    0x0016, 0x80DB, 0x01ED, 0x0018, 0x00EB, 0x01ED, 0x001A, 0x00EB, 0x0015, 0x001B, 0x00FB, 0x0005,
    0x001C, 0x0000,
};
static const void* const sFrames25[] = { sFrame25 };
static const u8 sTiles26[928] __attribute__((aligned(4))) = {
    0x00, 0x00, 0x00, 0x00, 0x00, 0x00, 0x00, 0x00, 0x00, 0x00, 0x00, 0x00, 0x00, 0x00, 0x00, 0x00,
    0x00, 0x00, 0x00, 0x00, 0x00, 0x00, 0x70, 0x04, 0x00, 0x00, 0x00, 0x22, 0x00, 0x00, 0x00, 0xA4,
    0x00, 0x00, 0x00, 0x50, 0x00, 0x00, 0x00, 0x35, 0x00, 0x00, 0x00, 0x15, 0x00, 0x00, 0x00, 0x15,
    0x00, 0x00, 0x50, 0x31, 0x04, 0x00, 0x35, 0x53, 0x62, 0x00, 0x50, 0x15, 0xAA, 0x02, 0x35, 0x21,
    0x15, 0x31, 0x11, 0x32, 0x52, 0x11, 0x33, 0x12, 0x31, 0x35, 0x23, 0x31, 0x23, 0x53, 0x15, 0x13,
    0x15, 0x25, 0x31, 0x51, 0x21, 0x13, 0x53, 0x23, 0x52, 0x31, 0x55, 0x35, 0x53, 0x53, 0x71, 0x55,
    0x35, 0x23, 0x51, 0x00, 0x51, 0x33, 0x55, 0x00, 0x15, 0x52, 0x23, 0x53, 0x53, 0x35, 0x52, 0x35,
    0x51, 0x53, 0x55, 0x42, 0x25, 0x25, 0xA5, 0x24, 0x75, 0x55, 0x53, 0x24, 0x43, 0x53, 0x44, 0x27,
    0x00, 0x00, 0x00, 0x6A, 0x00, 0x00, 0xA4, 0x66, 0x00, 0x00, 0x90, 0x66, 0x22, 0x20, 0xA0, 0xAA,
    0xAA, 0xAA, 0x4A, 0x64, 0x4A, 0x44, 0x64, 0x66, 0x4A, 0x64, 0x66, 0x77, 0xA6, 0x64, 0x77, 0xAA,
    0x66, 0xAA, 0xAA, 0x55, 0x66, 0xA6, 0x4A, 0x66, 0xAA, 0x4A, 0x64, 0xA7, 0x44, 0x64, 0x76, 0x8A,
    0x66, 0x66, 0xA7, 0x68, 0x77, 0x77, 0xAA, 0x68, 0xA7, 0xAA, 0x48, 0x8A, 0xAA, 0x88, 0x74, 0xA8,
    0x35, 0x15, 0x42, 0x51, 0x23, 0x35, 0x11, 0x11, 0x57, 0x84, 0x13, 0x11, 0x38, 0x36, 0x58, 0x83,
    0x44, 0x63, 0x18, 0x43, 0x41, 0x84, 0x86, 0x24, 0x44, 0x38, 0x31, 0x7A, 0x3A, 0x86, 0xEE, 0x00,
    0x51, 0x05, 0x00, 0x44, 0x81, 0x0A, 0x02, 0x72, 0x68, 0x04, 0x22, 0x06, 0xA6, 0x66, 0x34, 0x32,
    0x0A, 0x30, 0x66, 0x22, 0x23, 0x22, 0x22, 0x31, 0x44, 0x77, 0x66, 0x66, 0x00, 0x00, 0x00, 0x00,
    0x66, 0x7A, 0xAA, 0x00, 0xA6, 0xA3, 0xE0, 0x00, 0x4A, 0x52, 0x86, 0xAA, 0x88, 0x77, 0x66, 0x64,
    0xEC, 0x00, 0x8C, 0x46, 0x64, 0x0A, 0x8A, 0xA9, 0x00, 0xA0, 0x68, 0xA6, 0x00, 0xAA, 0x68, 0x7A,
    0x8A, 0x46, 0x87, 0x46, 0x8A, 0x74, 0x68, 0xA4, 0x68, 0x74, 0x68, 0xA4, 0x8A, 0x84, 0x9A, 0xAA,
    0x64, 0x87, 0xEC, 0xAA, 0x68, 0x46, 0x64, 0xA6, 0xC7, 0x79, 0x26, 0x62, 0x46, 0x4A, 0x6C, 0x64,
    0x1A, 0xAA, 0x86, 0xAA, 0xA6, 0x46, 0x47, 0x66, 0x9A, 0x67, 0x67, 0x64, 0xEA, 0xA6, 0x8E, 0x66,
    0xCA, 0x88, 0x98, 0x87, 0xA7, 0x46, 0x76, 0x76, 0xA7, 0x78, 0x76, 0xAA, 0x44, 0xE7, 0xE6, 0x6A,
    0x00, 0x00, 0x00, 0x00, 0xAA, 0x00, 0x00, 0x00, 0x0E, 0x00, 0x00, 0x00, 0xA9, 0x00, 0x00, 0x00,
    0x0E, 0x00, 0x00, 0x00, 0x0A, 0x00, 0x00, 0x00, 0xAA, 0x00, 0x00, 0x00, 0x7A, 0x0A, 0x00, 0x00,
    0xA0, 0x8A, 0x66, 0x7A, 0xA0, 0x88, 0xA6, 0x47, 0xAA, 0x68, 0x7A, 0x74, 0x8A, 0x66, 0x7A, 0x74,
    0x68, 0xA6, 0x67, 0x74, 0x68, 0x7A, 0x46, 0x67, 0x66, 0x7A, 0x46, 0x67, 0xA6, 0x67, 0x46, 0x67,
    0x74, 0x66, 0xC4, 0x9A, 0x67, 0x46, 0x48, 0xAA, 0x66, 0x84, 0xA6, 0xAA, 0x66, 0x84, 0xA4, 0xAA,
    0x66, 0x84, 0xA6, 0xAA, 0x46, 0x48, 0xAA, 0xAA, 0x46, 0x68, 0xAA, 0x00, 0x46, 0x48, 0x0A, 0x00,
    0x67, 0x44, 0x67, 0x66, 0x7E, 0x64, 0x64, 0x34, 0xAA, 0xC9, 0x8A, 0x44, 0x6A, 0x68, 0x67, 0x8A,
    0x4A, 0x68, 0xA7, 0xAA, 0xAA, 0xA4, 0x7A, 0x66, 0xA0, 0x6A, 0x77, 0x77, 0x00, 0xA0, 0x64, 0x64,
    0x77, 0x0A, 0x00, 0x00, 0x74, 0xAA, 0x0A, 0x00, 0x46, 0xA4, 0xA7, 0x00, 0x9C, 0x44, 0x7A, 0x0A,
    0x96, 0xA8, 0x77, 0x0A, 0x66, 0x76, 0x67, 0x0A, 0x77, 0x77, 0x46, 0x0A, 0x64, 0x64, 0xA4, 0x00,
    0x00, 0x00, 0xAA, 0x8A, 0x00, 0x00, 0xA0, 0xAA, 0x00, 0x00, 0x00, 0xAA, 0x00, 0x00, 0x00, 0xA0,
    0x00, 0x00, 0x00, 0xA0, 0x00, 0x00, 0x00, 0xA0, 0x00, 0x00, 0x00, 0x00, 0x00, 0x00, 0x00, 0x00,
    0xA7, 0x67, 0x74, 0x66, 0xA7, 0x67, 0x74, 0x66, 0xAA, 0x7A, 0x77, 0x77, 0x77, 0xA7, 0xAA, 0xAA,
    0x76, 0x77, 0x77, 0x77, 0x74, 0x77, 0x67, 0x64, 0x6A, 0x64, 0x64, 0x64, 0xA0, 0xAA, 0xAA, 0xAA,
    0x84, 0xA6, 0x00, 0x00, 0x84, 0xA4, 0x00, 0x00, 0x87, 0xA6, 0x00, 0x00, 0xAA, 0x0A, 0x00, 0x00,
    0x0A, 0x00, 0x00, 0x00, 0x0A, 0x00, 0x00, 0x00, 0x0A, 0x00, 0x00, 0x00, 0x00, 0x00, 0x00, 0x00,
    0x00, 0x00, 0xAA, 0xAA, 0x00, 0x00, 0x00, 0x00, 0x00, 0x00, 0x00, 0x00, 0x00, 0x00, 0x00, 0x00,
    0x00, 0x00, 0x00, 0x00, 0x00, 0x00, 0x00, 0x00, 0x00, 0x00, 0x00, 0x00, 0x00, 0x00, 0x00, 0x00,
    0x00, 0x00, 0x00, 0x00, 0x00, 0x00, 0x00, 0x00, 0x00, 0x00, 0x00, 0x00, 0x00, 0x00, 0x00, 0x00,
    0x00, 0x00, 0x00, 0x00, 0x00, 0x00, 0x00, 0x00, 0x00, 0x00, 0x00, 0x00, 0x00, 0x00, 0x00, 0x50,
    0x00, 0x00, 0x00, 0x00, 0x00, 0x00, 0x50, 0x00, 0x00, 0x00, 0x30, 0x05, 0x00, 0x00, 0x15, 0x53,
    0x00, 0x55, 0x13, 0x52, 0x50, 0x33, 0x21, 0x15, 0x13, 0x23, 0x35, 0x33, 0x12, 0x53, 0x23, 0x11,
    0x00, 0x00, 0x00, 0x00, 0x00, 0x00, 0x00, 0x00, 0x23, 0x21, 0x00, 0x00, 0x11, 0x11, 0x00, 0x00,
    0x22, 0x24, 0x00, 0x00, 0x44, 0x07, 0x00, 0x00, 0x42, 0x21, 0x21, 0x42, 0x62, 0x06, 0x30, 0x00,
    0x24, 0x00, 0x00, 0x00, 0x27, 0x01, 0x00, 0x00, 0x12, 0x21, 0x12, 0x44, 0x12, 0x34, 0x72, 0x05,
    0x41, 0x26, 0x00, 0x00, 0x44, 0x34, 0x02, 0x00, 0x47, 0x22, 0x02, 0x00, 0x07, 0x46, 0x00, 0x00,
    0x00, 0x00, 0x00, 0x00, 0x00, 0x00, 0x00, 0x00, 0x00, 0x00, 0x00, 0x00, 0x00, 0x00, 0x00, 0x40,
    0x00, 0xE0, 0x79, 0x67, 0x00, 0xA0, 0xA0, 0xAA, 0x64, 0x08, 0x6A, 0x66, 0x80, 0xA4, 0x86, 0x66,
    0x00, 0xA6, 0x68, 0x68, 0x00, 0xAA, 0x86, 0x86, 0x00, 0x0A, 0x8A, 0x86, 0x00, 0xE8, 0xA0, 0xAA,
    0x00, 0x66, 0x97, 0x06, 0x00, 0x00, 0x64, 0x64, 0x00, 0x00, 0x20, 0x44, 0x00, 0x00, 0x00, 0x02,
    0x50, 0x00, 0x00, 0x00, 0x30, 0x05, 0x00, 0x00, 0x15, 0x05, 0x00, 0x00, 0x13, 0x05, 0x05, 0x00,
    0x21, 0x35, 0x05, 0x00, 0x53, 0x13, 0x05, 0x05, 0x51, 0x21, 0x35, 0x05, 0x52, 0x32, 0x13, 0x05,
    0x00, 0x00, 0x00, 0x00, 0x00, 0x00, 0x00, 0x00, 0x00, 0x00, 0x00, 0x00, 0x00, 0x00, 0x00, 0xA0,
    0x00, 0x00, 0x00, 0xAA, 0x00, 0x00, 0x00, 0x8A, 0x00, 0x00, 0xA0, 0x8A, 0x00, 0x00, 0xA0, 0x8A,
    0xAA, 0xAA, 0x0A, 0x00, 0x00, 0x00, 0x00, 0x00, 0x00, 0x00, 0x00, 0x00, 0x00, 0x00, 0x00, 0x00,
    0x00, 0x00, 0x00, 0x00, 0x00, 0x00, 0x00, 0x00, 0x00, 0x00, 0x00, 0x00, 0x00, 0x00, 0x00, 0x00,
};
static const u16 sFrame26[] = {
    0x0008, 0x00D8, 0x81F8, 0x0000, 0x40F8, 0x41F0, 0x0010, 0x40D0, 0x0000, 0x0014, 0x80D8, 0x0018,
    0x0016, 0x80E0, 0x01F0, 0x0018, 0x00D0, 0x0010, 0x001A, 0x00F0, 0x01F0, 0x001B, 0x00F8, 0x0010,
    0x001C, 0x0000,
};
static const void* const sFrames26[] = { sFrame26 };
static const u8 sTiles27[1056] __attribute__((aligned(4))) = {
    0x00, 0x00, 0x00, 0x00, 0x00, 0x00, 0x00, 0x00, 0x00, 0x00, 0x00, 0x00, 0x00, 0x00, 0x00, 0x20,
    0x00, 0x00, 0x00, 0x67, 0x00, 0x00, 0x00, 0x00, 0x00, 0x00, 0x00, 0x00, 0x00, 0x00, 0x00, 0x00,
    0x00, 0x10, 0x5A, 0x55, 0x03, 0x23, 0x7A, 0x36, 0x20, 0x00, 0x70, 0x67, 0x40, 0x64, 0xA7, 0xAA,
    0x24, 0x22, 0xA2, 0x46, 0x42, 0x64, 0x7A, 0x46, 0x46, 0x00, 0x7A, 0x46, 0x47, 0xA1, 0x77, 0x66,
    0x53, 0x21, 0x14, 0x15, 0x52, 0x13, 0x11, 0x11, 0x66, 0x38, 0x11, 0x81, 0x77, 0x84, 0x35, 0xA8,
    0xAA, 0xA7, 0xAA, 0xAA, 0xA4, 0x76, 0x2A, 0x6A, 0xA4, 0x46, 0x64, 0x46, 0x9F, 0xA8, 0x8A, 0x43,
    0x55, 0x00, 0x00, 0x00, 0x08, 0x00, 0x03, 0x03, 0x0A, 0x00, 0x20, 0x12, 0x07, 0x00, 0x00, 0x00,
    0x0A, 0x00, 0x00, 0x00, 0x24, 0x11, 0x11, 0x10, 0x62, 0x44, 0x34, 0x23, 0x02, 0x00, 0x74, 0x66,
    0x00, 0x00, 0x00, 0x00, 0x00, 0x00, 0x00, 0x00, 0x00, 0x00, 0x00, 0xAA, 0x00, 0x00, 0xA0, 0x47,
    0x00, 0x00, 0x4A, 0x76, 0x00, 0xA0, 0x77, 0x64, 0x00, 0xA0, 0x66, 0x47, 0x00, 0x4A, 0x66, 0x76,
    0x20, 0xA2, 0x7A, 0x67, 0x20, 0x7A, 0x7A, 0xA1, 0xAA, 0x7A, 0x66, 0xA6, 0xA6, 0x77, 0xA7, 0x7A,
    0xA4, 0x77, 0x86, 0x6A, 0xA7, 0x67, 0x84, 0xA4, 0x7A, 0x47, 0x87, 0xA6, 0x6A, 0x47, 0x87, 0xA4,
    0xAF, 0xAA, 0x8A, 0x84, 0xAA, 0x66, 0xA6, 0x95, 0x77, 0x67, 0x64, 0x8A, 0x77, 0x76, 0x46, 0x4A,
    0x66, 0x67, 0x47, 0x4A, 0x6A, 0x6A, 0xAA, 0xF8, 0xA7, 0xAA, 0xA9, 0x9F, 0x4A, 0x74, 0x29, 0x26,
    0x24, 0x12, 0x11, 0x31, 0xF7, 0x46, 0x44, 0x33, 0xE5, 0x0F, 0x00, 0x67, 0x71, 0x87, 0xC9, 0xAE,
    0x43, 0x44, 0x44, 0x64, 0xAB, 0xAA, 0x78, 0x46, 0x0F, 0x00, 0xF0, 0xEE, 0x00, 0x00, 0x00, 0x00,
    0xA0, 0x77, 0x44, 0x64, 0xA0, 0x66, 0x77, 0xA7, 0xA0, 0x66, 0x66, 0x7A, 0x7A, 0x44, 0x64, 0x66,
    0x7A, 0x77, 0x47, 0x44, 0x7A, 0x66, 0x76, 0x77, 0xA0, 0x66, 0x66, 0x66, 0xA0, 0x44, 0x44, 0x44,
    0x4A, 0x47, 0x87, 0xA6, 0x67, 0x47, 0x87, 0xA4, 0x76, 0x76, 0x68, 0x6A, 0x74, 0x74, 0x48, 0x7A,
    0x67, 0x87, 0xA6, 0x77, 0x46, 0x87, 0xA4, 0x67, 0x74, 0x68, 0x7A, 0x67, 0x87, 0xA4, 0x7A, 0x66,
    0xA4, 0x27, 0x49, 0x04, 0x44, 0x7A, 0x16, 0x01, 0x66, 0xA6, 0x46, 0xAA, 0x77, 0xA6, 0x46, 0x4A,
    0x66, 0xA6, 0x46, 0x4A, 0x66, 0xA4, 0xA6, 0x64, 0x46, 0xA4, 0x7A, 0x66, 0x46, 0x7A, 0x77, 0x77,
    0x00, 0x00, 0x00, 0x00, 0xAA, 0x0A, 0x00, 0x00, 0x44, 0xA6, 0x00, 0x00, 0x64, 0x76, 0x0A, 0x00,
    0x66, 0x77, 0x0A, 0x00, 0x76, 0x67, 0x0A, 0x00, 0x77, 0x46, 0x0A, 0x00, 0x67, 0xA4, 0x00, 0x00,
    0x00, 0x8A, 0x88, 0x77, 0x00, 0x6A, 0x64, 0x88, 0x00, 0xA0, 0xAA, 0x64, 0x00, 0x00, 0x00, 0xAA,
    0x00, 0x00, 0x00, 0x00, 0x00, 0x00, 0x00, 0x00, 0x00, 0x00, 0x00, 0x00, 0x00, 0x00, 0x00, 0x00,
    0x68, 0xAA, 0x77, 0x66, 0xA4, 0x7A, 0x77, 0x46, 0x0A, 0x7A, 0x77, 0x46, 0xA0, 0xA7, 0x7A, 0x46,
    0xA0, 0x77, 0xA6, 0xAA, 0x7A, 0x77, 0x67, 0x44, 0x7A, 0x77, 0x77, 0x66, 0x7A, 0x77, 0x77, 0x77,
    0x44, 0x7A, 0x77, 0x77, 0x44, 0x7A, 0x77, 0x64, 0x44, 0x6A, 0x64, 0xAA, 0xAA, 0xAA, 0xAA, 0x00,
    0xA4, 0x0A, 0x00, 0x00, 0x44, 0xA4, 0x00, 0x00, 0x66, 0x66, 0x0A, 0x00, 0x77, 0x77, 0x0A, 0x00,
    0xA4, 0x0A, 0x00, 0x00, 0x0A, 0x00, 0x00, 0x00, 0x00, 0x00, 0x00, 0x00, 0x00, 0x00, 0x00, 0x00,
    0x00, 0x00, 0x00, 0x00, 0x00, 0x00, 0x00, 0x00, 0x00, 0x00, 0x00, 0x00, 0x00, 0x00, 0x00, 0x00,
    0x00, 0x00, 0x00, 0x00, 0x00, 0x00, 0x00, 0x00, 0x00, 0x00, 0x00, 0x00, 0x00, 0x00, 0x00, 0x00,
    0x00, 0x00, 0x00, 0x00, 0x00, 0x00, 0x00, 0x00, 0x00, 0x00, 0x00, 0x30, 0x00, 0x00, 0x00, 0x25,
    0x00, 0x00, 0x00, 0x00, 0x00, 0x00, 0x05, 0x00, 0x00, 0x00, 0x53, 0x50, 0x00, 0x50, 0x31, 0x35,
    0x50, 0x35, 0x21, 0x15, 0x35, 0x13, 0x52, 0x31, 0x31, 0x52, 0x33, 0x13, 0x31, 0x35, 0x12, 0x21,
    0x00, 0x00, 0x00, 0x55, 0x00, 0x00, 0x50, 0x23, 0x00, 0x00, 0x50, 0x11, 0x00, 0x00, 0x50, 0x31,
    0x00, 0x00, 0x15, 0x53, 0x00, 0x57, 0x33, 0x15, 0x00, 0x20, 0x55, 0x21, 0x00, 0x50, 0x13, 0x32,
    0x11, 0x13, 0x21, 0x53, 0x15, 0x31, 0x23, 0x11, 0x53, 0x33, 0x12, 0x53, 0x32, 0x55, 0x31, 0x31,
    0x51, 0x12, 0x13, 0x15, 0x32, 0x31, 0x35, 0x52, 0x15, 0x53, 0x55, 0x53, 0x35, 0x15, 0x57, 0x35,
    0x00, 0x00, 0x00, 0x00, 0x00, 0x00, 0x00, 0x00, 0x00, 0x00, 0x00, 0x00, 0x00, 0x00, 0x00, 0x00,
    0x00, 0x00, 0x00, 0x00, 0x00, 0x00, 0x00, 0x00, 0x10, 0x01, 0x22, 0x00, 0x10, 0x01, 0x22, 0x12,
    0x00, 0x00, 0x00, 0x00, 0x00, 0x00, 0x00, 0x00, 0x00, 0x00, 0x00, 0x00, 0x00, 0x00, 0x00, 0x00,
    0x00, 0x00, 0x00, 0x00, 0x00, 0x00, 0x00, 0x00, 0x00, 0x00, 0x00, 0x00, 0x02, 0x00, 0x00, 0x00,
    0x30, 0x42, 0x03, 0x12, 0x00, 0x24, 0x22, 0x64, 0x02, 0x43, 0x41, 0x07, 0x60, 0x44, 0x42, 0x22,
    0x00, 0x44, 0x42, 0x47, 0x12, 0x62, 0x24, 0x0F, 0x22, 0x06, 0x17, 0x9F, 0x22, 0x32, 0x11, 0xFF,
    0x00, 0x00, 0x00, 0x00, 0x00, 0x00, 0x00, 0x00, 0x00, 0x00, 0x00, 0x00, 0x20, 0x02, 0x00, 0x00,
    0x20, 0xFF, 0x00, 0x00, 0x00, 0x0F, 0x00, 0x00, 0x47, 0x9A, 0x44, 0x00, 0x42, 0x64, 0x77, 0x0F,
    0x64, 0x89, 0x00, 0x0F, 0x89, 0x4F, 0x44, 0x0F, 0xC0, 0x07, 0xFF, 0xFF, 0x44, 0x66, 0x0F, 0x0F,
    0x66, 0x44, 0x0A, 0xFF, 0xFF, 0x0A, 0x00, 0x80, 0x22, 0x64, 0x94, 0x42, 0x27, 0x46, 0x44, 0x62,
    0x00, 0x00, 0x00, 0x00, 0x00, 0x00, 0x00, 0x00, 0x00, 0x00, 0x00, 0x00, 0x00, 0x00, 0x00, 0x00,
    0x00, 0x00, 0x00, 0x00, 0x00, 0x00, 0x00, 0x00, 0x00, 0x00, 0x00, 0x00, 0x42, 0x00, 0x00, 0x00,
    0x4F, 0x9E, 0xAC, 0xC2, 0xF0, 0x00, 0x00, 0x0F, 0x00, 0x00, 0x00, 0x00, 0x00, 0x00, 0x00, 0x00,
    0x00, 0x00, 0x00, 0x00, 0x00, 0x00, 0x00, 0x00, 0x00, 0x00, 0x00, 0x00, 0x00, 0x00, 0x00, 0x00,
    0x67, 0x04, 0x00, 0x00, 0x0F, 0x00, 0x00, 0x00, 0x00, 0x00, 0x00, 0x00, 0x00, 0x00, 0x00, 0x00,
    0x00, 0x00, 0x00, 0x00, 0x00, 0x00, 0x00, 0x00, 0x00, 0x00, 0x00, 0x00, 0x00, 0x00, 0x00, 0x00,
    0x7A, 0x77, 0x77, 0x67, 0x6A, 0x66, 0x66, 0x46, 0xA0, 0xAA, 0xAA, 0x46, 0x00, 0x00, 0x00, 0xAA,
    0x00, 0x00, 0x00, 0x00, 0x00, 0x00, 0x00, 0x00, 0x00, 0x00, 0x00, 0x00, 0x00, 0x00, 0x00, 0x00,
    0x66, 0x66, 0x0A, 0x00, 0x46, 0x46, 0x0A, 0x00, 0x46, 0xAA, 0x00, 0x00, 0xAA, 0x00, 0x00, 0x00,
    0x00, 0x00, 0x00, 0x00, 0x00, 0x00, 0x00, 0x00, 0x00, 0x00, 0x00, 0x00, 0x00, 0x00, 0x00, 0x00,
    0x05, 0x00, 0x00, 0x00, 0x53, 0x00, 0x00, 0x00, 0x51, 0x00, 0x00, 0x00, 0x51, 0x50, 0x00, 0x00,
    0x52, 0x53, 0x00, 0x00, 0x35, 0x51, 0x50, 0x00, 0x15, 0x52, 0x53, 0x00, 0x25, 0x33, 0x51, 0x00,
    0x33, 0x12, 0x05, 0x00, 0x35, 0x53, 0x05, 0x00, 0x21, 0x35, 0x32, 0x05, 0x55, 0x23, 0x55, 0x00,
    0x35, 0x55, 0x05, 0x00, 0x52, 0x52, 0x00, 0x00, 0x57, 0x35, 0x05, 0x00, 0x34, 0x05, 0x00, 0x00,
    0x42, 0x21, 0xF1, 0x4F, 0x12, 0x12, 0xF4, 0x8F, 0x66, 0x66, 0xF7, 0x24, 0x0F, 0x70, 0xFF, 0xF2,
    0x87, 0xA9, 0x99, 0xF4, 0x44, 0x42, 0x42, 0x99, 0xA9, 0x79, 0x32, 0x44, 0x00, 0xF0, 0xC9, 0x8C,
};
static const u16 sFrame27[] = {
    0x0007, 0x00DC, 0x81F3, 0x0000, 0x00CC, 0x41FB, 0x0010, 0x00D4, 0x4013, 0x0014, 0x00E4, 0x401B,
    0x0018, 0x40FC, 0x01FB, 0x001C, 0x80CC, 0x000B, 0x001E, 0x00E4, 0x0013, 0x0020, 0x0000,
};
static const void* const sFrames27[] = { sFrame27 };
static const u8 sTiles28[1600] __attribute__((aligned(4))) = {
    0x00, 0x00, 0x00, 0x00, 0x00, 0x00, 0x00, 0x00, 0x00, 0x00, 0x00, 0x00, 0x00, 0x00, 0x00, 0x00,
    0x00, 0x00, 0x00, 0x00, 0x00, 0x00, 0x00, 0x00, 0x00, 0x00, 0x00, 0x40, 0x00, 0xE0, 0x79, 0x67,
    0x00, 0x00, 0x00, 0x00, 0x00, 0x00, 0x00, 0x00, 0x00, 0x00, 0x00, 0x00, 0x00, 0x00, 0x00, 0x00,
    0x00, 0x00, 0x00, 0x00, 0x00, 0x00, 0x00, 0x00, 0x22, 0x20, 0xA0, 0xAA, 0xAA, 0xAA, 0x4A, 0x64,
    0x00, 0x00, 0x50, 0x15, 0x00, 0x00, 0x35, 0x21, 0x00, 0x00, 0x00, 0x55, 0x00, 0x00, 0xA0, 0xA7,
    0x00, 0xA0, 0x4A, 0x66, 0xAA, 0x4A, 0x64, 0xA7, 0x44, 0x64, 0x76, 0x8A, 0x66, 0x66, 0xA7, 0x68,
    0x52, 0x31, 0x55, 0x35, 0x53, 0x53, 0x71, 0x55, 0x35, 0x15, 0x42, 0x51, 0x23, 0x35, 0x11, 0x11,
    0x44, 0x8A, 0x13, 0x11, 0x8A, 0xA4, 0x58, 0x83, 0x38, 0x36, 0xA8, 0x4A, 0x44, 0x63, 0x18, 0x43,
    0x00, 0xA0, 0xA0, 0xAA, 0x64, 0x08, 0x6A, 0x66, 0x80, 0xA4, 0x86, 0x66, 0x00, 0xA6, 0x68, 0x68,
    0x00, 0xAA, 0x86, 0x86, 0x00, 0x0A, 0x8A, 0x86, 0x00, 0xE8, 0xA0, 0xAA, 0x00, 0x66, 0x97, 0x06,
    0x4A, 0x44, 0x64, 0x66, 0x4A, 0x64, 0x66, 0x77, 0xA6, 0x64, 0x77, 0xAA, 0x66, 0x7A, 0xAA, 0x00,
    0xA6, 0xA3, 0xE0, 0x00, 0x4A, 0x52, 0x86, 0xAA, 0x88, 0x77, 0x66, 0x64, 0xEC, 0x00, 0x8C, 0x46,
    0x77, 0x77, 0xAA, 0x68, 0xA7, 0xAA, 0x48, 0x8A, 0xAA, 0x88, 0x74, 0xA8, 0x8A, 0x46, 0x87, 0x46,
    0x8A, 0x74, 0x68, 0xA4, 0x68, 0x74, 0x68, 0xA4, 0x8A, 0x84, 0x9A, 0xAA, 0x64, 0x87, 0xEC, 0xAA,
    0x41, 0x84, 0x86, 0x24, 0x44, 0x38, 0x31, 0x7A, 0x3A, 0x86, 0xEE, 0x00, 0x1A, 0xAA, 0x86, 0xAA,
    0xA6, 0x46, 0x47, 0x66, 0x9A, 0x67, 0x67, 0x04, 0xEA, 0xA6, 0x8E, 0x66, 0xCA, 0x88, 0x98, 0x87,
    0x00, 0x00, 0x64, 0x64, 0x00, 0x00, 0x20, 0x44, 0x00, 0x00, 0x00, 0x02, 0x00, 0x00, 0x00, 0x00,
    0x00, 0x00, 0x00, 0x00, 0x00, 0x00, 0x00, 0x00, 0x00, 0x00, 0x00, 0xA0, 0x00, 0x00, 0x00, 0xAA,
    0x64, 0x0A, 0x8A, 0xA9, 0x00, 0xA0, 0x68, 0xA6, 0x00, 0xAA, 0x68, 0x7A, 0xA0, 0x8A, 0x66, 0x7A,
    0xA0, 0x88, 0xA6, 0x47, 0xAA, 0x68, 0x7A, 0x74, 0x8A, 0x66, 0x7A, 0x74, 0x68, 0xA6, 0x67, 0x74,
    0x68, 0x46, 0x64, 0xA6, 0xC7, 0x79, 0x26, 0x62, 0x46, 0x4A, 0x6C, 0x64, 0x74, 0x66, 0xC4, 0x9A,
    0x67, 0x46, 0x48, 0xAA, 0x66, 0x84, 0xA6, 0xAA, 0x66, 0x84, 0xA4, 0xAA, 0x66, 0x84, 0xA6, 0xAA,
    0xA7, 0x46, 0x76, 0x76, 0xA7, 0x78, 0x76, 0xAA, 0x44, 0xE7, 0xE6, 0x6A, 0x67, 0x44, 0x67, 0x66,
    0x7E, 0x64, 0x64, 0x34, 0xAA, 0xC9, 0x8A, 0x44, 0x6A, 0x68, 0x67, 0x8A, 0x4A, 0x68, 0xA7, 0xAA,
    0x00, 0x00, 0x00, 0x8A, 0x00, 0x00, 0xA0, 0x8A, 0x00, 0x00, 0xA0, 0x8A, 0x00, 0x00, 0xAA, 0x8A,
    0x00, 0x00, 0xA0, 0xAA, 0x00, 0x00, 0x00, 0xAA, 0x00, 0x00, 0x00, 0xA0, 0x00, 0x00, 0x00, 0xA0,
    0x68, 0x7A, 0x46, 0x67, 0x66, 0x7A, 0x46, 0x67, 0xA6, 0x67, 0x46, 0x67, 0xA7, 0x67, 0x74, 0x66,
    0xA7, 0x67, 0x74, 0x66, 0xAA, 0x7A, 0x77, 0x77, 0x77, 0xA7, 0xAA, 0xAA, 0x76, 0x77, 0x77, 0x77,
    0x46, 0x48, 0xAA, 0xAA, 0x46, 0x68, 0xAA, 0x00, 0x46, 0x48, 0x0A, 0x00, 0x84, 0xA6, 0x00, 0x00,
    0x84, 0xA4, 0x00, 0x00, 0x87, 0xA6, 0x00, 0x00, 0xAA, 0x0A, 0x00, 0x00, 0x0A, 0x00, 0x00, 0x00,
    0xAA, 0xA4, 0x7A, 0x66, 0xA0, 0x6A, 0x77, 0x77, 0x00, 0xA0, 0x64, 0x64, 0x00, 0x00, 0xAA, 0xAA,
    0x00, 0x00, 0x00, 0x00, 0x00, 0x00, 0x00, 0x00, 0x00, 0x00, 0x00, 0x00, 0x00, 0x00, 0x00, 0x00,
    0x00, 0x00, 0x00, 0x00, 0x11, 0x01, 0x00, 0x00, 0x11, 0x11, 0x11, 0x11, 0x11, 0x11, 0x11, 0x11,
    0x11, 0x11, 0x11, 0x11, 0x00, 0x11, 0x11, 0x11, 0x00, 0x00, 0x10, 0x11, 0x00, 0x00, 0x00, 0x10,
    0x00, 0x00, 0x00, 0x00, 0x00, 0x00, 0x00, 0x00, 0x11, 0x11, 0x00, 0x00, 0x11, 0x11, 0x11, 0x00,
    0x11, 0x11, 0x11, 0x11, 0x11, 0x11, 0x11, 0x11, 0x11, 0x11, 0x11, 0x11, 0x11, 0x11, 0x11, 0x11,
    0x00, 0x00, 0x00, 0x00, 0x00, 0x00, 0x00, 0x00, 0x00, 0x00, 0x00, 0x00, 0x00, 0x00, 0x00, 0x00,
    0x00, 0x00, 0x00, 0x00, 0x11, 0x01, 0x00, 0x00, 0x11, 0x11, 0x11, 0x00, 0x11, 0x11, 0x11, 0x11,
    0x00, 0x00, 0x00, 0x00, 0x00, 0x00, 0x00, 0x00, 0x00, 0x00, 0x00, 0x00, 0x00, 0x00, 0x00, 0x00,
    0x00, 0x00, 0x00, 0x00, 0x00, 0x00, 0x00, 0x00, 0x00, 0x00, 0x00, 0x00, 0x01, 0x00, 0x00, 0x00,
    0x00, 0x00, 0x00, 0x00, 0x00, 0x00, 0x00, 0x00, 0x00, 0x00, 0x00, 0x00, 0x00, 0x00, 0x50, 0x00,
    0x00, 0x00, 0x30, 0x05, 0x00, 0x00, 0x15, 0x53, 0x00, 0x55, 0x13, 0x52, 0x50, 0x33, 0x21, 0x15,
    0x10, 0x11, 0x11, 0x11, 0x00, 0x10, 0x11, 0x11, 0x50, 0x00, 0x00, 0x11, 0x30, 0x05, 0x00, 0x10,
    0x15, 0x05, 0x00, 0x00, 0x13, 0x05, 0x05, 0x00, 0x21, 0x35, 0x15, 0x00, 0x53, 0x13, 0x15, 0x15,
    0x11, 0x11, 0x11, 0x11, 0x11, 0x11, 0x11, 0x11, 0x11, 0x11, 0x11, 0x11, 0x11, 0x11, 0x11, 0x11,
    0x10, 0x11, 0x11, 0x11, 0x00, 0x11, 0x11, 0x11, 0x00, 0x10, 0x11, 0x11, 0x11, 0x11, 0x11, 0x11,
    0x11, 0x01, 0x00, 0x00, 0x11, 0x11, 0x01, 0x00, 0x11, 0x11, 0x11, 0x01, 0x11, 0x11, 0x11, 0x11,
    0x11, 0x11, 0x11, 0x11, 0x11, 0x11, 0x11, 0x11, 0x11, 0x11, 0x11, 0x11, 0x11, 0x11, 0x11, 0x11,
    0x51, 0x21, 0x35, 0x15, 0x52, 0x32, 0x13, 0x15, 0x35, 0x23, 0x51, 0x00, 0x51, 0x33, 0x55, 0x00,
    0x15, 0x52, 0x23, 0x53, 0x53, 0x35, 0x52, 0x05, 0x51, 0x53, 0x55, 0x00, 0x25, 0x25, 0x05, 0x00,
    0x11, 0x11, 0x11, 0x11, 0x11, 0x11, 0x11, 0x11, 0x00, 0x00, 0x11, 0x11, 0x00, 0x00, 0x00, 0x11,
    0x00, 0x00, 0x00, 0x00, 0x00, 0x00, 0x00, 0x00, 0x00, 0x00, 0x00, 0x00, 0x00, 0x00, 0x00, 0x00,
    0x75, 0x55, 0x53, 0x00, 0x43, 0x53, 0x00, 0x00, 0x51, 0x05, 0x00, 0x00, 0x81, 0x00, 0x00, 0x00,
    0xA8, 0xAA, 0xAA, 0xAA, 0x6A, 0x64, 0x46, 0x44, 0xA6, 0x76, 0x66, 0x64, 0x7A, 0x77, 0x67, 0x66,
    0x00, 0x00, 0x00, 0x00, 0x00, 0x00, 0x00, 0x00, 0x00, 0x00, 0x00, 0x00, 0x00, 0x00, 0x00, 0x00,
    0x0A, 0x00, 0x00, 0x00, 0xA4, 0xAA, 0x0A, 0x00, 0xA6, 0x46, 0xA4, 0x00, 0xA7, 0x67, 0x44, 0x0A,
    0x11, 0x11, 0x11, 0x01, 0x11, 0x11, 0x11, 0x11, 0x11, 0x11, 0x11, 0x11, 0x11, 0x11, 0x11, 0x11,
    0x11, 0x11, 0x11, 0x11, 0x11, 0x11, 0x11, 0x11, 0x11, 0x11, 0x11, 0x11, 0x11, 0x11, 0x11, 0x11,
    0x00, 0x00, 0x00, 0x00, 0x00, 0x00, 0x00, 0x00, 0x01, 0x00, 0x00, 0x00, 0x11, 0x00, 0x00, 0x00,
    0x11, 0x01, 0x00, 0x00, 0x11, 0x11, 0x00, 0x00, 0x11, 0x11, 0x01, 0x00, 0x11, 0x11, 0x11, 0x00,
    0x11, 0x11, 0x11, 0x11, 0x10, 0x11, 0x11, 0x11, 0x00, 0x10, 0x11, 0x11, 0x00, 0x00, 0x11, 0x11,
    0x00, 0x00, 0x10, 0x11, 0x00, 0x00, 0x10, 0x11, 0x00, 0x00, 0x10, 0x21, 0x00, 0x30, 0x22, 0x20,
    0x11, 0x11, 0x11, 0x00, 0x11, 0x11, 0x11, 0x01, 0x11, 0x11, 0x11, 0x11, 0x11, 0x11, 0x11, 0x11,
    0x11, 0x11, 0x11, 0x11, 0x11, 0x33, 0x12, 0x12, 0x23, 0x24, 0x42, 0x12, 0x42, 0x22, 0x04, 0x12,
    0xA3, 0xAA, 0x77, 0x77, 0x00, 0x00, 0xAA, 0xAA, 0x00, 0x00, 0x00, 0x44, 0x00, 0x00, 0x00, 0x40,
    0xAA, 0x00, 0x00, 0x00, 0x0E, 0x00, 0x00, 0x00, 0xA9, 0x00, 0x00, 0x00, 0x0E, 0x00, 0x00, 0x00,
    0xA7, 0x67, 0x46, 0x0A, 0x7A, 0x77, 0x66, 0x4A, 0xAA, 0xA7, 0x77, 0x2A, 0x34, 0xAA, 0xAA, 0x44,
    0x20, 0x12, 0x42, 0x06, 0x00, 0x30, 0x00, 0x00, 0x00, 0x00, 0x00, 0x00, 0x00, 0x00, 0x00, 0x00,
    0x12, 0x00, 0x00, 0x00, 0x01, 0x10, 0x21, 0x11, 0x32, 0x23, 0x04, 0x00, 0x64, 0x66, 0x46, 0x66,
    0x00, 0x00, 0x00, 0x00, 0x00, 0x00, 0x00, 0x00, 0x00, 0x00, 0x00, 0x00, 0x00, 0x00, 0x00, 0x00,
    0x00, 0x00, 0x00, 0x00, 0x11, 0x11, 0x12, 0x21, 0x00, 0x00, 0x00, 0x43, 0x66, 0x46, 0x64, 0x66,
    0x00, 0x00, 0x00, 0x00, 0x00, 0x00, 0x00, 0x00, 0x00, 0x00, 0x00, 0x00, 0x00, 0x00, 0x00, 0x00,
    0x00, 0x00, 0x10, 0x11, 0x00, 0x00, 0x00, 0x10, 0x00, 0x00, 0x00, 0x00, 0x00, 0x00, 0x00, 0x00,
    0x00, 0x00, 0x00, 0x00, 0x00, 0x00, 0x00, 0x00, 0x00, 0x00, 0x00, 0x00, 0x00, 0x00, 0x00, 0x00,
    0x11, 0x01, 0x00, 0x00, 0x11, 0x11, 0x11, 0x11, 0x00, 0x11, 0x11, 0x11, 0x00, 0x00, 0x10, 0x11,
    0x00, 0x00, 0x00, 0x10, 0x00, 0x00, 0x00, 0x00, 0x00, 0x00, 0x00, 0x00, 0x00, 0x00, 0x00, 0x00,
    0x00, 0x00, 0x00, 0x00, 0x00, 0x00, 0x00, 0x50, 0x00, 0x00, 0x00, 0x50, 0x00, 0x00, 0x00, 0x35,
    0x00, 0x00, 0x00, 0x15, 0x00, 0x00, 0x00, 0x15, 0x00, 0x00, 0x50, 0x31, 0x00, 0x00, 0x35, 0x53,
    0x13, 0x23, 0x35, 0x33, 0x12, 0x53, 0x23, 0x11, 0x15, 0x31, 0x11, 0x32, 0x52, 0x11, 0x33, 0x12,
    0x31, 0x35, 0x23, 0x31, 0x23, 0x53, 0x15, 0x13, 0x15, 0x25, 0x31, 0x51, 0x21, 0x13, 0x53, 0x23,
    0x20, 0x44, 0x02, 0x00, 0x62, 0x20, 0x10, 0x22, 0x24, 0x12, 0x63, 0x02, 0x64, 0x66, 0x23, 0x22,
    0x00, 0x00, 0x00, 0x00, 0x00, 0x00, 0x00, 0x00, 0x00, 0x00, 0x00, 0x00, 0x00, 0x00, 0x00, 0x00,
    0x00, 0x00, 0x00, 0x00, 0x41, 0x03, 0x00, 0x00, 0x00, 0x00, 0x00, 0x00, 0x00, 0x00, 0x00, 0x00,
    0x00, 0x00, 0x00, 0x00, 0x00, 0x00, 0x00, 0x00, 0x00, 0x00, 0x00, 0x00, 0x00, 0x00, 0x00, 0x00,
    0x00, 0x00, 0x00, 0xA0, 0x00, 0x00, 0x00, 0x00, 0x00, 0x00, 0x00, 0x00, 0x00, 0x00, 0x00, 0x00,
    0x00, 0x00, 0x00, 0x00, 0x00, 0x00, 0x00, 0x00, 0x00, 0x00, 0x00, 0x00, 0x00, 0x00, 0x00, 0x00,
    0x74, 0x77, 0x67, 0x64, 0x6A, 0x64, 0x64, 0x64, 0xA0, 0xAA, 0xAA, 0xAA, 0x00, 0x00, 0x00, 0x00,
    0x00, 0x00, 0x00, 0x00, 0x00, 0x00, 0x00, 0x00, 0x00, 0x00, 0x00, 0x00, 0x00, 0x00, 0x00, 0x00,
    0x0A, 0x00, 0x00, 0x00, 0xAA, 0x00, 0x00, 0x00, 0x7A, 0x0A, 0x00, 0x00, 0x77, 0x0A, 0x00, 0x00,
    0x74, 0xAA, 0x0A, 0x00, 0x46, 0xA4, 0xA7, 0x00, 0x9C, 0x44, 0x7A, 0x0A, 0x96, 0xA8, 0x77, 0x0A,
    0x66, 0x76, 0x67, 0x0A, 0x77, 0x77, 0x46, 0x0A, 0x64, 0x64, 0xA4, 0x00, 0xAA, 0xAA, 0x0A, 0x00,
    0x00, 0x00, 0x00, 0x00, 0x00, 0x00, 0x00, 0x00, 0x00, 0x00, 0x00, 0x00, 0x00, 0x00, 0x00, 0x00,
    0x00, 0x00, 0x00, 0x00, 0x00, 0x00, 0x00, 0x00, 0x00, 0x00, 0x00, 0x00, 0x00, 0x00, 0x00, 0x00,
    0x11, 0x00, 0x00, 0x00, 0x11, 0x01, 0x00, 0x00, 0x11, 0x11, 0x00, 0x00, 0x11, 0x11, 0x11, 0x00,
    0x11, 0x11, 0x11, 0x11, 0x11, 0x11, 0x11, 0x11, 0x11, 0x11, 0x11, 0x11, 0x11, 0x11, 0x11, 0x11,
    0x11, 0x11, 0x11, 0x11, 0x00, 0x11, 0x11, 0x11, 0x00, 0x00, 0x11, 0x11, 0x00, 0x00, 0x00, 0x11,
    0x00, 0x00, 0x00, 0x00, 0x00, 0x00, 0x00, 0x00, 0x00, 0x00, 0x00, 0x00, 0x01, 0x00, 0x00, 0x00,
    0x01, 0x00, 0x00, 0x00, 0x11, 0x00, 0x00, 0x00, 0x11, 0x00, 0x00, 0x00, 0x22, 0x03, 0x00, 0x00,
    0x0A, 0x00, 0x00, 0x00, 0x0A, 0x00, 0x00, 0x00, 0x00, 0x00, 0x00, 0x00, 0x00, 0x00, 0x00, 0x00,
    0x00, 0x00, 0x00, 0x00, 0x00, 0x00, 0x00, 0x00, 0x00, 0x00, 0x00, 0x00, 0x00, 0x00, 0x00, 0x00,
};
static const u16 sFrame28[] = {
    0x000E, 0x00DD, 0x81F0, 0x0000, 0x40C5, 0x8008, 0x0010, 0x00D5, 0x4010, 0x0018, 0x00D5, 0x4028,
    0x001C, 0x40E5, 0x4010, 0x0020, 0x40C5, 0x01F8, 0x0024, 0x40D5, 0x0000, 0x0026, 0x40E5, 0x0030,
    0x0028, 0x40FD, 0x01F0, 0x002A, 0x80ED, 0x0010, 0x002C, 0x00CD, 0x0028, 0x002E, 0x00D5, 0x0020,
    0x002F, 0x00DD, 0x0038, 0x0030, 0x00FD, 0x0000, 0x0031, 0x0000,
};
static const void* const sFrames28[] = { sFrame28 };
static const u8 sTiles29[1088] __attribute__((aligned(4))) = {
    0x00, 0x00, 0x00, 0x00, 0x00, 0x00, 0x00, 0x00, 0x00, 0x00, 0x00, 0x00, 0x00, 0x00, 0x00, 0x40,
    0x00, 0xE0, 0x79, 0x67, 0x00, 0xA0, 0xA0, 0xAA, 0x64, 0x08, 0x6A, 0x66, 0x80, 0xA4, 0x86, 0x66,
    0x00, 0x00, 0x00, 0x00, 0x00, 0x00, 0x00, 0x00, 0x00, 0x00, 0x00, 0x00, 0x22, 0x20, 0xA0, 0xAA,
    0xAA, 0xAA, 0x4A, 0x64, 0x4A, 0x44, 0x64, 0x66, 0x4A, 0x64, 0x66, 0x77, 0xA6, 0x64, 0x77, 0xAA,
    0x00, 0x00, 0xA0, 0x57, 0x00, 0xA0, 0x4A, 0x66, 0xAA, 0x4A, 0x64, 0xA7, 0x44, 0x64, 0x76, 0x8A,
    0x66, 0x66, 0xA7, 0x68, 0x77, 0x77, 0xAA, 0x68, 0xA7, 0xAA, 0x48, 0x8A, 0xAA, 0x88, 0x74, 0xA8,
    0x55, 0x53, 0x21, 0x14, 0x34, 0x52, 0x13, 0x11, 0x8A, 0xA4, 0x38, 0x11, 0x38, 0x36, 0x88, 0x35,
    0x44, 0x63, 0x18, 0x43, 0x41, 0x84, 0x86, 0x24, 0x44, 0x38, 0x31, 0x7A, 0x3A, 0x86, 0x3E, 0x7A,
    0x00, 0xA6, 0x68, 0x68, 0x00, 0xAA, 0x86, 0x86, 0x00, 0x0A, 0x8A, 0x86, 0x00, 0xE8, 0xA0, 0xAA,
    0x00, 0x66, 0x97, 0x06, 0x00, 0x00, 0x64, 0x64, 0x00, 0x00, 0x20, 0x44, 0x00, 0x00, 0x00, 0x02,
    0x66, 0x7A, 0xAA, 0x00, 0xA6, 0xA3, 0xE0, 0x00, 0x4A, 0x52, 0x86, 0xAA, 0x88, 0x77, 0x66, 0x64,
    0xEC, 0x00, 0x8C, 0x46, 0x64, 0x0A, 0x8A, 0xA9, 0x00, 0xA0, 0x68, 0xA6, 0x00, 0xAA, 0x68, 0x7A,
    0x8A, 0x46, 0x87, 0x46, 0x8A, 0x74, 0x68, 0xA4, 0x68, 0x74, 0x68, 0xA4, 0x8A, 0x84, 0x9A, 0xAA,
    0x64, 0x87, 0xEC, 0xAA, 0x68, 0x46, 0x64, 0xA6, 0xC7, 0x79, 0x26, 0x62, 0x46, 0x4A, 0x6C, 0x44,
    0x1A, 0x2A, 0xAA, 0x7A, 0x26, 0x17, 0x38, 0x7A, 0x4A, 0x24, 0x64, 0xA4, 0x3A, 0x44, 0x44, 0xA2,
    0x3A, 0x77, 0x12, 0x42, 0x47, 0x22, 0x42, 0x42, 0x26, 0x62, 0x12, 0x4A, 0x22, 0x26, 0x10, 0x6A,
    0x00, 0x00, 0x00, 0x00, 0x00, 0x00, 0x00, 0x00, 0x00, 0x00, 0x00, 0x00, 0x00, 0x00, 0x00, 0xA0,
    0x00, 0x00, 0x00, 0xAA, 0x00, 0x00, 0x00, 0x8A, 0x00, 0x00, 0xA0, 0x8A, 0x00, 0x00, 0xA0, 0x8A,
    0xA0, 0x8A, 0x66, 0x7A, 0xA0, 0x88, 0xA6, 0x47, 0xAA, 0x68, 0x7A, 0x74, 0x8A, 0x66, 0x7A, 0x74,
    0x68, 0xA6, 0x67, 0x74, 0x68, 0x7A, 0x46, 0x67, 0x66, 0x7A, 0x46, 0x67, 0xA6, 0x67, 0x46, 0x67,
    0x74, 0x66, 0xC4, 0x26, 0x67, 0x46, 0x68, 0x22, 0x66, 0x84, 0x24, 0x61, 0x66, 0x64, 0x42, 0x32,
    0x66, 0x34, 0x21, 0x42, 0x46, 0x78, 0x12, 0x67, 0x46, 0x11, 0x12, 0x67, 0x46, 0x48, 0x12, 0x44,
    0x42, 0x22, 0x60, 0x66, 0x26, 0x10, 0x62, 0x34, 0x02, 0x20, 0x84, 0x14, 0x01, 0x11, 0x13, 0x11,
    0x21, 0x14, 0x13, 0x11, 0x22, 0x44, 0x12, 0x11, 0x64, 0x24, 0x32, 0x11, 0x62, 0x14, 0x32, 0x11,
    0x00, 0x00, 0xAA, 0x8A, 0x00, 0x00, 0xA0, 0xAA, 0x00, 0x00, 0x00, 0xAA, 0x00, 0x00, 0x00, 0xA0,
    0x00, 0x00, 0x00, 0xA0, 0x00, 0x00, 0x00, 0xA0, 0x00, 0x00, 0x00, 0x00, 0x00, 0x00, 0x00, 0x00,
    0xA7, 0x67, 0x74, 0x66, 0xA7, 0x67, 0x74, 0x66, 0xAA, 0x7A, 0x77, 0x77, 0x77, 0xA7, 0xAA, 0xAA,
    0x76, 0x77, 0x77, 0x77, 0x74, 0x77, 0x67, 0x64, 0x6A, 0x64, 0x64, 0x64, 0xA0, 0xAA, 0xAA, 0xAA,
    0x84, 0xA6, 0x00, 0x22, 0x84, 0xA4, 0x00, 0x22, 0x87, 0xA6, 0x00, 0x00, 0xAA, 0x0A, 0x00, 0x00,
    0x0A, 0x00, 0x00, 0x00, 0x0A, 0x00, 0x00, 0x00, 0x0A, 0x00, 0x00, 0x00, 0x00, 0x00, 0x00, 0x00,
    0x22, 0x24, 0x12, 0xA1, 0x99, 0x28, 0x00, 0x00, 0x00, 0x00, 0x00, 0x00, 0x00, 0x00, 0x00, 0x00,
    0x00, 0x00, 0x00, 0x00, 0x00, 0x00, 0x00, 0x00, 0x00, 0x00, 0x00, 0x00, 0x00, 0x00, 0x00, 0x00,
    0x66, 0xA6, 0x00, 0x00, 0x67, 0xA6, 0x00, 0x00, 0x77, 0xA7, 0x22, 0x06, 0xAA, 0x0A, 0x42, 0x06,
    0x14, 0x02, 0x42, 0x00, 0x31, 0x02, 0x00, 0x00, 0x31, 0x00, 0x00, 0x00, 0x7A, 0x0A, 0x00, 0x00,
    0x00, 0x00, 0x00, 0x00, 0x00, 0x00, 0x00, 0x00, 0x00, 0x00, 0x00, 0x00, 0x00, 0x00, 0x00, 0x00,
    0x00, 0x00, 0x00, 0x00, 0x00, 0x00, 0x00, 0x00, 0x00, 0x00, 0x00, 0x10, 0x00, 0x00, 0x10, 0x11,
    0x00, 0x00, 0x00, 0x00, 0x00, 0x00, 0x00, 0x00, 0x00, 0x00, 0x00, 0x00, 0x00, 0x00, 0x00, 0x00,
    0x00, 0x00, 0x00, 0x00, 0x01, 0x00, 0x00, 0x00, 0x01, 0x00, 0x00, 0x10, 0x01, 0x00, 0x11, 0x11,
    0x00, 0x00, 0x00, 0x00, 0x00, 0x00, 0x00, 0x00, 0x00, 0x00, 0x00, 0x10, 0x00, 0x00, 0x10, 0x11,
    0x00, 0x10, 0x11, 0x01, 0x10, 0x11, 0x11, 0x00, 0x11, 0x11, 0x01, 0x00, 0x11, 0x01, 0x00, 0x00,
    0x77, 0x0A, 0x00, 0x00, 0x74, 0xAA, 0x1A, 0x11, 0x11, 0x11, 0x11, 0x11, 0x11, 0x11, 0x11, 0x11,
    0x11, 0x11, 0x11, 0x11, 0x11, 0x11, 0x11, 0x11, 0x11, 0x11, 0x11, 0x11, 0x11, 0x11, 0xA1, 0x00,
    0x00, 0x11, 0x11, 0x11, 0x11, 0x11, 0x11, 0x11, 0x11, 0x11, 0x11, 0x11, 0x11, 0x11, 0x11, 0x11,
    0x11, 0x11, 0x11, 0x11, 0x11, 0x11, 0x11, 0x00, 0x11, 0x00, 0x00, 0x00, 0x00, 0x00, 0x00, 0x00,
    0x11, 0x11, 0x11, 0x11, 0x11, 0x11, 0x11, 0x01, 0x11, 0x11, 0x01, 0x00, 0x11, 0x01, 0x00, 0x00,
    0x01, 0x00, 0x00, 0x00, 0x00, 0x00, 0x00, 0x00, 0x00, 0x00, 0x00, 0x00, 0x00, 0x00, 0x00, 0x00,
    0x01, 0x00, 0x00, 0x00, 0x00, 0x00, 0x00, 0x00, 0x00, 0x00, 0x00, 0x00, 0x00, 0x00, 0x00, 0x00,
    0x00, 0x00, 0x00, 0x00, 0x00, 0x00, 0x00, 0x00, 0x00, 0x00, 0x00, 0x00, 0x00, 0x00, 0x00, 0x00,
    0x00, 0x00, 0x00, 0x00, 0x00, 0x00, 0x00, 0x05, 0x00, 0x00, 0x00, 0x53, 0x00, 0x00, 0x50, 0x31,
    0x00, 0x50, 0x35, 0x21, 0x00, 0x35, 0x13, 0x52, 0x30, 0x31, 0x52, 0x33, 0x25, 0x31, 0x35, 0x12,
    0x00, 0x05, 0x00, 0x00, 0x00, 0x53, 0x00, 0x00, 0x50, 0x51, 0x00, 0x00, 0x35, 0x51, 0x50, 0x00,
    0x15, 0x52, 0x53, 0x00, 0x31, 0x35, 0x51, 0x50, 0x13, 0x15, 0x52, 0x53, 0x21, 0x25, 0x33, 0x51,
    0x55, 0x11, 0x13, 0x21, 0x23, 0x15, 0x31, 0x23, 0x11, 0x53, 0x33, 0x12, 0x31, 0x32, 0x55, 0x31,
    0x53, 0x51, 0x12, 0x13, 0x15, 0x32, 0x31, 0x35, 0x21, 0x15, 0x53, 0x55, 0x32, 0x35, 0x15, 0x57,
    0x53, 0x33, 0x12, 0x05, 0x11, 0x35, 0x53, 0x05, 0x53, 0x21, 0x35, 0x32, 0x31, 0x55, 0x23, 0x55,
    0x15, 0x35, 0x55, 0x05, 0x52, 0x52, 0x52, 0x00, 0x53, 0x57, 0x35, 0x05, 0x35, 0x34, 0x05, 0x00,
    0x00, 0x00, 0x00, 0x00, 0x00, 0x00, 0x00, 0x00, 0x00, 0x00, 0x00, 0x00, 0x00, 0x00, 0x00, 0x00,
    0x00, 0x00, 0x00, 0x00, 0x00, 0x00, 0x00, 0x00, 0x00, 0x00, 0x00, 0x00, 0x00, 0x10, 0x00, 0x00,
    0x00, 0x01, 0x00, 0x00, 0x10, 0x00, 0x00, 0x00, 0x01, 0x00, 0x00, 0x00, 0x00, 0x00, 0x00, 0x00,
    0x00, 0x00, 0x00, 0x00, 0x00, 0x00, 0x00, 0x00, 0x00, 0x00, 0x00, 0x00, 0x00, 0x00, 0x00, 0x00,
    0x00, 0x00, 0x00, 0x00, 0x00, 0x00, 0x00, 0x50, 0x00, 0x00, 0x00, 0x50, 0x00, 0x00, 0x00, 0x50,
    0x00, 0x00, 0x00, 0x15, 0x00, 0x00, 0x50, 0x33, 0x00, 0x00, 0x00, 0x55, 0x00, 0x00, 0x50, 0x13,
    0x00, 0x00, 0x00, 0x00, 0x00, 0x00, 0x00, 0x00, 0x05, 0x00, 0x00, 0x00, 0x00, 0x00, 0x00, 0x00,
    0x00, 0x00, 0x00, 0x00, 0x00, 0x00, 0x00, 0x00, 0x00, 0x00, 0x00, 0x00, 0x00, 0x00, 0x00, 0x00,
    0x15, 0x55, 0x00, 0x00, 0x11, 0x08, 0x00, 0x00, 0x81, 0x00, 0x00, 0x00, 0xA8, 0x00, 0x00, 0x00,
    0x0A, 0x00, 0x00, 0x00, 0xAF, 0x00, 0x00, 0x00, 0x66, 0x0A, 0x00, 0x00, 0x66, 0xA6, 0x00, 0x00,
    0xAA, 0xAA, 0x0A, 0x00, 0x00, 0x00, 0x00, 0x00, 0x00, 0x00, 0x00, 0x00, 0x00, 0x00, 0x00, 0x00,
    0x00, 0x00, 0x00, 0x00, 0x00, 0x00, 0x00, 0x00, 0x00, 0x00, 0x00, 0x00, 0x00, 0x00, 0x00, 0x00,
};
static const u16 sFrame29[] = {
    0x0008, 0x00E0, 0x81F5, 0x0000, 0x40E8, 0x8015, 0x0010, 0x00D0, 0x400D, 0x0018, 0x80E0, 0x0035,
    0x001C, 0x00D8, 0x0005, 0x001E, 0x00D8, 0x001D, 0x001F, 0x00E0, 0x0015, 0x0020, 0x00F8, 0x0015,
    0x0021, 0x0000,
};
static const void* const sFrames29[] = { sFrame29 };
static const u8 sTiles30[992] __attribute__((aligned(4))) = {
    0x00, 0x00, 0x00, 0x00, 0x00, 0x00, 0x00, 0x00, 0x00, 0x00, 0x00, 0x00, 0x00, 0x00, 0x00, 0x00,
    0x00, 0x00, 0x00, 0x00, 0x00, 0x00, 0x00, 0x00, 0x00, 0x00, 0x00, 0x00, 0x00, 0x00, 0x26, 0x00,
    0x00, 0x00, 0x25, 0x31, 0x00, 0x00, 0x55, 0x11, 0x00, 0x50, 0x23, 0x15, 0x00, 0x50, 0x11, 0x53,
    0x00, 0x50, 0x31, 0x32, 0x00, 0x20, 0x53, 0x51, 0x22, 0x6A, 0x16, 0x32, 0x22, 0x72, 0x24, 0x15,
    0x35, 0x12, 0x21, 0x25, 0x13, 0x21, 0x53, 0x33, 0x31, 0x23, 0x11, 0x35, 0x33, 0x12, 0x53, 0x21,
    0x55, 0x31, 0x31, 0x55, 0x12, 0x13, 0x15, 0x35, 0x31, 0x35, 0x52, 0x52, 0x53, 0x55, 0x53, 0x57,
    0x33, 0x51, 0xFF, 0xF0, 0x12, 0x05, 0xFF, 0xF0, 0x53, 0x05, 0xF0, 0x0F, 0x35, 0x32, 0xF5, 0xFF,
    0x23, 0x55, 0x0F, 0x1F, 0x55, 0x05, 0xF0, 0x28, 0x52, 0x00, 0x8F, 0x82, 0x35, 0xF5, 0x38, 0xF8,
    0x00, 0x20, 0x26, 0x12, 0x00, 0x23, 0x11, 0x12, 0x00, 0x23, 0x74, 0x12, 0x00, 0x66, 0x34, 0x21,
    0x00, 0x00, 0x64, 0x42, 0x00, 0x00, 0x60, 0x24, 0x00, 0x00, 0x00, 0x67, 0x00, 0x00, 0x00, 0xAA,
    0x00, 0x62, 0x14, 0x52, 0x67, 0x64, 0x24, 0x73, 0x67, 0x22, 0x44, 0x12, 0x42, 0x51, 0x1A, 0xA3,
    0x32, 0x01, 0x18, 0x33, 0x61, 0x02, 0x40, 0x63, 0x22, 0x26, 0x40, 0x84, 0x26, 0x42, 0x22, 0x40,
    0x15, 0x57, 0x35, 0x34, 0x21, 0x14, 0x15, 0x55, 0x12, 0x11, 0x11, 0x08, 0x37, 0x11, 0x81, 0xF4,
    0x88, 0x35, 0xA8, 0x8F, 0x18, 0x43, 0xFA, 0x21, 0x86, 0xEA, 0x8E, 0x24, 0x12, 0xAE, 0xAA, 0xF4,
    0x05, 0x8F, 0x82, 0x0F, 0xF0, 0x38, 0xF8, 0x00, 0x8F, 0x82, 0x0F, 0x00, 0x38, 0xF8, 0x00, 0x00,
    0x82, 0x0F, 0x00, 0x00, 0xF8, 0x00, 0x00, 0x00, 0x0F, 0x00, 0x00, 0x00, 0xF0, 0x00, 0x00, 0x00,
    0x00, 0x00, 0xA0, 0x88, 0x00, 0x00, 0x8A, 0x46, 0x00, 0x00, 0x8A, 0x74, 0x00, 0xA0, 0x68, 0x74,
    0x00, 0x68, 0x8A, 0x74, 0x80, 0x66, 0x67, 0x74, 0x8A, 0xA6, 0x47, 0x77, 0x68, 0xA6, 0x46, 0x67,
    0x44, 0x22, 0x26, 0x10, 0x87, 0x26, 0x62, 0x12, 0x88, 0x44, 0x22, 0x42, 0x88, 0xA6, 0x77, 0x12,
    0x86, 0xA4, 0x44, 0x44, 0x84, 0xA6, 0x24, 0x64, 0x84, 0xA4, 0x17, 0x31, 0x84, 0xA6, 0xAA, 0x31,
    0xE1, 0x66, 0xA6, 0xFA, 0x41, 0x31, 0x66, 0x0A, 0x42, 0x31, 0x62, 0x6A, 0x42, 0x14, 0x02, 0x42,
    0x42, 0x77, 0x02, 0x42, 0x14, 0x47, 0x17, 0x22, 0x44, 0x42, 0x33, 0x00, 0x24, 0x22, 0x97, 0x00,
    0x3F, 0x00, 0x00, 0x00, 0x1F, 0x00, 0x00, 0x00, 0xF2, 0x01, 0x00, 0x00, 0x1F, 0x00, 0x00, 0x00,
    0x06, 0x00, 0x00, 0x00, 0x06, 0x00, 0x00, 0x00, 0x00, 0x00, 0x00, 0x00, 0x00, 0x00, 0x00, 0x00,
    0x68, 0x7A, 0x46, 0x47, 0x66, 0x7A, 0x74, 0x46, 0xA6, 0x47, 0x67, 0x46, 0x7A, 0x74, 0x66, 0x84,
    0x7A, 0x74, 0x66, 0x84, 0x67, 0x74, 0x66, 0x84, 0x46, 0x67, 0x46, 0x48, 0x46, 0x67, 0x46, 0x68,
    0x48, 0xAA, 0x6A, 0x78, 0x68, 0xAA, 0x4A, 0x78, 0x48, 0xAA, 0x6E, 0x78, 0xA6, 0xAA, 0x4A, 0x78,
    0xA4, 0xAA, 0x6A, 0x78, 0xA6, 0xAA, 0x4A, 0x78, 0xAA, 0xAA, 0xAA, 0xA8, 0xAA, 0x00, 0xA0, 0x6A,
    0x46, 0x67, 0x74, 0x0A, 0x46, 0x67, 0x74, 0x0A, 0x46, 0x67, 0x74, 0xAA, 0x46, 0x67, 0x87, 0x66,
    0x46, 0x77, 0x6C, 0x66, 0xA7, 0xAA, 0x66, 0x66, 0x7A, 0x66, 0x66, 0x76, 0x77, 0x77, 0x77, 0x77,
    0x00, 0x00, 0x00, 0x00, 0x00, 0x00, 0x00, 0x00, 0x0A, 0x00, 0x00, 0x00, 0xA6, 0x00, 0x00, 0x00,
    0x76, 0x0A, 0x00, 0x00, 0x77, 0x0A, 0x00, 0x00, 0x67, 0x0A, 0x00, 0x00, 0x46, 0x0A, 0x00, 0x00,
    0xA0, 0x8A, 0xA6, 0x67, 0xAA, 0x8A, 0xA7, 0x67, 0xA0, 0xAA, 0xA7, 0x67, 0x00, 0xAA, 0xAA, 0x7A,
    0x00, 0xA0, 0x77, 0xA7, 0x00, 0xA0, 0x76, 0x77, 0x00, 0xA0, 0x74, 0x77, 0x00, 0x00, 0x6A, 0x64,
    0x46, 0x67, 0x46, 0x48, 0x74, 0x66, 0x84, 0xA6, 0x74, 0x66, 0x84, 0xA4, 0x77, 0x77, 0x87, 0xA6,
    0xAA, 0xAA, 0xAA, 0x0A, 0x77, 0x77, 0x0A, 0x00, 0x67, 0x64, 0x0A, 0x00, 0x64, 0x64, 0x0A, 0x00,
    0x00, 0x00, 0xA0, 0xAA, 0x00, 0x00, 0x00, 0x00, 0x00, 0x00, 0x00, 0x00, 0x00, 0x00, 0x00, 0x00,
    0x00, 0x00, 0x00, 0x00, 0x00, 0x00, 0x00, 0x00, 0x00, 0x00, 0x00, 0x00, 0x00, 0x00, 0x00, 0x00,
    0xAA, 0xAA, 0x00, 0x00, 0x00, 0x00, 0x00, 0x00, 0x00, 0x00, 0x00, 0x00, 0x00, 0x00, 0x00, 0x00,
    0x00, 0x00, 0x00, 0x00, 0x00, 0x00, 0x00, 0x00, 0x00, 0x00, 0x00, 0x00, 0x00, 0x00, 0x00, 0x00,
    0x00, 0x00, 0x00, 0x00, 0x00, 0x00, 0x00, 0x00, 0x00, 0x00, 0x00, 0x00, 0x00, 0x00, 0x00, 0x00,
    0x00, 0x00, 0x00, 0x00, 0x00, 0x00, 0x00, 0x50, 0x00, 0x00, 0x00, 0x35, 0x00, 0x00, 0x30, 0x31,
    0x00, 0x00, 0x00, 0x00, 0x00, 0x00, 0x00, 0x05, 0x00, 0x05, 0x00, 0x53, 0x00, 0x53, 0x50, 0x51,
    0x50, 0x31, 0x35, 0x51, 0x35, 0x21, 0x15, 0x52, 0x13, 0x52, 0x31, 0x35, 0x52, 0x33, 0x13, 0x15,
    0x00, 0x00, 0x00, 0x00, 0x00, 0x00, 0x00, 0x30, 0x00, 0xF0, 0x0F, 0xF3, 0x00, 0x00, 0xFF, 0x3F,
    0x50, 0x00, 0xF3, 0xF1, 0x53, 0x30, 0x3F, 0xFF, 0x51, 0x5F, 0x00, 0xF3, 0x52, 0x53, 0x3F, 0x0F,
    0x0F, 0x00, 0x00, 0x00, 0xFF, 0x00, 0x00, 0x00, 0xF0, 0xFF, 0x00, 0x00, 0x30, 0xFF, 0xFF, 0x00,
    0xF3, 0x00, 0x0F, 0x66, 0x0F, 0xFF, 0xF0, 0x61, 0xF6, 0xF3, 0xF0, 0x12, 0x1F, 0x06, 0x2F, 0xF6,
    0x0A, 0x00, 0x00, 0xA0, 0x00, 0x00, 0x00, 0x00, 0x00, 0x00, 0x00, 0x00, 0x00, 0x00, 0x00, 0x00,
    0x00, 0x00, 0x00, 0x00, 0x00, 0x00, 0x00, 0x00, 0x00, 0x00, 0x00, 0x00, 0x00, 0x00, 0x00, 0x00,
    0x64, 0x64, 0x64, 0x64, 0xAA, 0xAA, 0xAA, 0xAA, 0x00, 0x00, 0x00, 0x00, 0x00, 0x00, 0x00, 0x00,
    0x00, 0x00, 0x00, 0x00, 0x00, 0x00, 0x00, 0x00, 0x00, 0x00, 0x00, 0x00, 0x00, 0x00, 0x00, 0x00,
    0x00, 0x00, 0x00, 0x00, 0x00, 0x00, 0x00, 0x00, 0x00, 0x00, 0x00, 0x00, 0x00, 0x00, 0x00, 0x00,
    0x00, 0x00, 0x00, 0x00, 0x00, 0x00, 0x00, 0x00, 0x00, 0x00, 0x00, 0x00, 0x00, 0x00, 0x00, 0xA0,
    0x00, 0x00, 0x00, 0xAA, 0x00, 0x00, 0xA0, 0x8A, 0x00, 0x00, 0xA0, 0x88, 0x00, 0x00, 0xAA, 0x68,
    0x00, 0xA0, 0x8A, 0x66, 0x00, 0xAA, 0x68, 0xA6, 0x00, 0x8A, 0x68, 0x7A, 0xA0, 0x8A, 0x66, 0x7A,
    0x00, 0x00, 0x00, 0x00, 0x00, 0x00, 0x00, 0x00, 0x00, 0x00, 0x00, 0x00, 0x16, 0x0F, 0x00, 0x00,
    0xF1, 0x00, 0x00, 0x00, 0xFF, 0x00, 0x00, 0x00, 0x0F, 0x00, 0x00, 0x00, 0x0F, 0x00, 0x00, 0x00,
    0x63, 0xFF, 0x62, 0x0F, 0x0F, 0x1F, 0xF6, 0x00, 0xF0, 0x62, 0xF2, 0x00, 0x2F, 0xF6, 0xFF, 0x00,
    0x63, 0x0F, 0x00, 0x00, 0xF1, 0x00, 0x00, 0x00, 0xFF, 0x00, 0x00, 0x00, 0x00, 0x00, 0x00, 0x00,
    0xA4, 0x00, 0x00, 0x00, 0x0A, 0x00, 0x00, 0x00, 0x00, 0x00, 0x00, 0x00, 0x00, 0x00, 0x00, 0x00,
    0x00, 0x00, 0x00, 0x00, 0x00, 0x00, 0x00, 0x00, 0x00, 0x00, 0x00, 0x00, 0x00, 0x00, 0x00, 0x00,
};
static const u16 sFrame30[] = {
    0x0008, 0x00D7, 0x81FB, 0x0000, 0x00F7, 0x41F3, 0x0010, 0x40CF, 0x4003, 0x0014, 0x40F7, 0x0003,
    0x0018, 0x80E7, 0x01F3, 0x001A, 0x00CF, 0x0023, 0x001C, 0x00D7, 0x001B, 0x001D, 0x00F7, 0x0013,
    0x001E, 0x0000,
};
static const void* const sFrames30[] = { sFrame30 };
static const u8 sTiles31[1504] __attribute__((aligned(4))) = {
    0x00, 0x00, 0x00, 0x00, 0x00, 0x00, 0x00, 0x50, 0x00, 0x00, 0x00, 0x30, 0x00, 0x00, 0x00, 0x15,
    0x00, 0x00, 0x55, 0x13, 0x00, 0x50, 0x33, 0x21, 0x00, 0x13, 0x23, 0x35, 0x50, 0x12, 0x53, 0x23,
    0x00, 0x50, 0x00, 0x00, 0x00, 0x30, 0x05, 0x00, 0x05, 0x15, 0x05, 0x00, 0x53, 0x13, 0x05, 0x05,
    0x52, 0x21, 0x35, 0x05, 0x15, 0x53, 0x13, 0x05, 0x33, 0x51, 0x21, 0x35, 0x11, 0x52, 0x32, 0x13,
    0x00, 0x00, 0x00, 0x00, 0x00, 0x00, 0x00, 0x00, 0x00, 0x00, 0x00, 0x00, 0x00, 0x00, 0x00, 0x00,
    0x00, 0x00, 0x00, 0x00, 0x05, 0x00, 0x00, 0x00, 0x05, 0x00, 0x00, 0x00, 0x05, 0x00, 0x00, 0x00,
    0x00, 0x00, 0x00, 0x00, 0x00, 0x00, 0x00, 0x00, 0x00, 0x00, 0x00, 0x00, 0x00, 0x00, 0x00, 0xF0,
    0x00, 0x00, 0x00, 0xF0, 0x00, 0x00, 0x00, 0xFF, 0x00, 0x00, 0xF0, 0x0F, 0x00, 0x00, 0xFF, 0x0F,
    0x50, 0x15, 0x31, 0x11, 0x35, 0x52, 0x11, 0x33, 0x15, 0x31, 0x35, 0x23, 0x15, 0x23, 0x53, 0x15,
    0x31, 0x15, 0x25, 0x31, 0x53, 0x21, 0x13, 0x53, 0x15, 0x52, 0x11, 0x11, 0x21, 0x53, 0x53, 0x71,
    0x32, 0x35, 0x23, 0x51, 0x12, 0x51, 0x33, 0x55, 0x31, 0x15, 0x52, 0x23, 0x13, 0x53, 0x35, 0x52,
    0x51, 0x51, 0x53, 0x55, 0x23, 0x25, 0x25, 0x05, 0x31, 0x75, 0x55, 0x53, 0x11, 0x11, 0x53, 0x0A,
    0x00, 0x00, 0x00, 0x00, 0x00, 0x00, 0x00, 0x00, 0x53, 0x00, 0x00, 0x00, 0x05, 0x00, 0x00, 0x00,
    0x00, 0x00, 0x00, 0x00, 0x00, 0x00, 0x00, 0xF0, 0x00, 0x00, 0x00, 0xFF, 0x00, 0x00, 0xF0, 0xFF,
    0x00, 0xF0, 0xFF, 0x00, 0x00, 0xF0, 0xFF, 0x00, 0x00, 0xFF, 0x0F, 0x00, 0xF0, 0xFF, 0x0F, 0x00,
    0xFF, 0xFF, 0x00, 0x00, 0xFF, 0xFF, 0x00, 0x00, 0xFF, 0x0F, 0x00, 0x00, 0xFF, 0x00, 0x00, 0x00,
    0x55, 0x35, 0x15, 0x42, 0x77, 0x23, 0x35, 0x11, 0xAA, 0x7A, 0x87, 0x13, 0x46, 0xA4, 0x7A, 0x58,
    0xAA, 0x48, 0x6A, 0xA7, 0x88, 0x63, 0x83, 0xAA, 0x46, 0x34, 0x86, 0x31, 0x16, 0x44, 0x68, 0xF8,
    0x52, 0x11, 0x11, 0x00, 0x11, 0x81, 0x11, 0x11, 0x11, 0x78, 0x00, 0x11, 0x83, 0xAA, 0x00, 0x10,
    0xAA, 0x46, 0x01, 0x00, 0x64, 0x1F, 0x11, 0x01, 0xF4, 0x0F, 0x10, 0xFF, 0xFF, 0x0F, 0xF0, 0xFF,
    0x00, 0x00, 0xFF, 0xFF, 0x01, 0x00, 0xFF, 0xFF, 0x11, 0xF1, 0xFF, 0xFF, 0x11, 0x11, 0xF1, 0x0F,
    0x10, 0x11, 0x11, 0x01, 0xFF, 0x1F, 0x11, 0x11, 0xFF, 0xFF, 0x1F, 0x11, 0xFF, 0xFF, 0x00, 0x11,
    0x0F, 0x00, 0x00, 0x00, 0x0F, 0x00, 0x00, 0x00, 0x00, 0x00, 0x00, 0x00, 0x00, 0x00, 0x00, 0x00,
    0x00, 0x00, 0x00, 0x00, 0x00, 0x00, 0x00, 0x00, 0x01, 0x00, 0x00, 0x00, 0x11, 0x00, 0x00, 0x00,
    0x48, 0x84, 0xFE, 0xFF, 0xAA, 0xFE, 0xFF, 0xFF, 0xF6, 0xFF, 0xFF, 0xFF, 0xFF, 0xFF, 0xFF, 0xFF,
    0xFF, 0xFF, 0xFF, 0xFF, 0xFF, 0xFF, 0xFF, 0xFF, 0xFF, 0xFF, 0xFF, 0xFF, 0xFD, 0xFF, 0xFF, 0xFF,
    0xFF, 0xFF, 0xFF, 0xFF, 0xFF, 0xFF, 0xFF, 0xFF, 0xFF, 0xFF, 0xFF, 0xFF, 0xFF, 0xFF, 0xFF, 0xFF,
    0xFF, 0xFF, 0xFF, 0x00, 0xFF, 0xFF, 0x0F, 0x00, 0xFF, 0x0F, 0x00, 0x00, 0x7F, 0x0A, 0x00, 0x00,
    0xFF, 0x1F, 0x01, 0x10, 0xFF, 0x11, 0x11, 0x01, 0x0F, 0x00, 0x11, 0x11, 0x00, 0x00, 0x00, 0x11,
    0x00, 0x00, 0x00, 0x00, 0x00, 0x00, 0x00, 0x00, 0x00, 0x00, 0x00, 0x00, 0x00, 0x00, 0x00, 0x00,
    0x11, 0x01, 0x00, 0x00, 0x11, 0x11, 0x00, 0x00, 0x11, 0x11, 0x00, 0x00, 0x11, 0x11, 0x01, 0x00,
    0x10, 0x11, 0x01, 0x00, 0x00, 0x00, 0x00, 0x00, 0x00, 0x00, 0x00, 0x00, 0x00, 0x00, 0x00, 0x00,
    0x00, 0x00, 0x00, 0x00, 0x00, 0x00, 0xF0, 0x44, 0x00, 0x00, 0xF0, 0xF9, 0x00, 0x00, 0xF0, 0x00,
    0x00, 0x00, 0xF0, 0x44, 0x00, 0x00, 0xFF, 0xF9, 0x00, 0x00, 0xFF, 0xF0, 0x00, 0x00, 0xFF, 0x8F,
    0xF0, 0x0F, 0x00, 0x00, 0xF3, 0x47, 0xF3, 0x00, 0x76, 0x88, 0xF8, 0x00, 0x44, 0x06, 0xF0, 0x00,
    0xF4, 0x46, 0xF4, 0x0F, 0x89, 0x9C, 0xF8, 0x0F, 0x89, 0x9C, 0x00, 0x0F, 0x24, 0x44, 0xFF, 0x9F,
    0x00, 0x00, 0x00, 0x00, 0x00, 0x00, 0x00, 0x00, 0x00, 0x00, 0x00, 0x00, 0x00, 0x00, 0x00, 0x00,
    0x00, 0x00, 0x00, 0x00, 0x00, 0x00, 0x00, 0x00, 0x04, 0x00, 0x00, 0x00, 0x09, 0x00, 0x00, 0x00,
    0x00, 0x00, 0x00, 0x00, 0x00, 0x00, 0x00, 0x00, 0x00, 0x00, 0x00, 0x00, 0x00, 0x00, 0x00, 0x00,
    0x00, 0x00, 0x12, 0x22, 0x00, 0x00, 0x44, 0x49, 0x00, 0x20, 0x46, 0x07, 0x00, 0x4F, 0x07, 0x1E,
    0x00, 0x00, 0xF0, 0xF0, 0x40, 0x64, 0x62, 0xF8, 0x46, 0x72, 0x22, 0x44, 0x00, 0xFF, 0x86, 0x89,
    0x00, 0x00, 0xFF, 0xDD, 0x00, 0x00, 0xFF, 0xFF, 0x00, 0x00, 0x00, 0xFF, 0x00, 0x00, 0x00, 0x00,
    0x80, 0xF7, 0x00, 0xFF, 0x77, 0x99, 0xA8, 0x42, 0x23, 0x44, 0x42, 0x32, 0x29, 0x96, 0x9A, 0xE4,
    0xDD, 0xDD, 0xDD, 0xDD, 0xDD, 0xDD, 0xDD, 0xDD, 0xFF, 0xDF, 0xDD, 0xDD, 0x00, 0xFF, 0xFF, 0xDF,
    0x0F, 0xFF, 0x00, 0xFF, 0x86, 0x68, 0x77, 0x86, 0x44, 0x24, 0x44, 0x42, 0x9A, 0xCA, 0xAA, 0xAC,
    0xDD, 0xFF, 0x00, 0x00, 0xDD, 0xDD, 0xFF, 0xFF, 0xDD, 0xDD, 0xDD, 0xDD, 0xDD, 0xDD, 0xDD, 0xDD,
    0xF0, 0x0F, 0x3B, 0x66, 0x68, 0x25, 0x04, 0x68, 0x44, 0x33, 0x34, 0x86, 0xA9, 0x5E, 0x48, 0x68,
    0x00, 0x00, 0x3F, 0x68, 0xFF, 0x49, 0x6F, 0xA7, 0xFD, 0xFF, 0xFF, 0xFF, 0xDD, 0xDD, 0xDD, 0xDD,
    0xDD, 0xDD, 0xDD, 0xDD, 0xDF, 0xDD, 0xDD, 0xDD, 0xFF, 0xFF, 0xFF, 0xFF, 0x00, 0x00, 0xFF, 0xFF,
    0x00, 0x00, 0x00, 0x00, 0x00, 0x00, 0x00, 0x00, 0x00, 0x00, 0x00, 0xA0, 0x00, 0x00, 0x00, 0xA0,
    0xDD, 0xDD, 0xDD, 0xDD, 0xDD, 0xDD, 0xDD, 0xDD, 0xFF, 0xFF, 0xFF, 0xFF, 0xFF, 0xFF, 0xFF, 0xFF,
    0xA0, 0x8A, 0xA6, 0x47, 0xAA, 0x68, 0xA6, 0x47, 0x8A, 0x66, 0x7A, 0x46, 0x88, 0xA6, 0x67, 0x74,
    0xDD, 0xDD, 0xDD, 0xFD, 0xFD, 0xFF, 0xFF, 0xFF, 0xFF, 0xFF, 0xFF, 0xFF, 0xFF, 0xFF, 0x8F, 0xA4,
    0x67, 0x46, 0x68, 0xAA, 0x67, 0x46, 0x48, 0xAA, 0x67, 0x46, 0x68, 0xAA, 0x66, 0x84, 0xA4, 0xAA,
    0xFF, 0xFF, 0xFF, 0x7F, 0xFF, 0xFF, 0x6F, 0x74, 0xAF, 0x84, 0x67, 0x74, 0xEA, 0x86, 0x67, 0x74,
    0xAA, 0x84, 0x67, 0x74, 0xAA, 0x86, 0x67, 0x74, 0xAA, 0x84, 0x77, 0xAA, 0xAA, 0x8A, 0xAA, 0x67,
    0x00, 0x00, 0x00, 0xAA, 0x00, 0x00, 0x00, 0xAA, 0x00, 0x00, 0xA0, 0xAA, 0x00, 0x00, 0x00, 0xAA,
    0x00, 0x00, 0x00, 0xA0, 0x00, 0x00, 0x00, 0x00, 0x00, 0x00, 0x00, 0x00, 0x00, 0x00, 0x00, 0x00,
    0x68, 0xA6, 0x67, 0x74, 0x68, 0x7A, 0x66, 0x74, 0x78, 0x7A, 0x46, 0x67, 0x7A, 0x7A, 0x46, 0x67,
    0xAA, 0xAA, 0x77, 0x77, 0x7A, 0x77, 0xAA, 0xAA, 0x6A, 0x77, 0x77, 0x77, 0x4A, 0x77, 0x77, 0x46,
    0x66, 0x84, 0xA6, 0x0A, 0x66, 0x84, 0xA4, 0x00, 0x46, 0x68, 0x0A, 0x00, 0x46, 0x48, 0x0A, 0x00,
    0x77, 0x68, 0x0A, 0x00, 0xAA, 0xAA, 0x00, 0x00, 0xA7, 0x00, 0x00, 0x00, 0xA6, 0x00, 0x00, 0x00,
    0x00, 0xAA, 0x76, 0x77, 0x00, 0x00, 0x4A, 0x46, 0x00, 0x00, 0xA0, 0xAA, 0x00, 0x00, 0x00, 0x00,
    0x00, 0x00, 0x00, 0x00, 0x00, 0x00, 0x00, 0x00, 0x00, 0x00, 0x00, 0x00, 0x00, 0x00, 0x00, 0x00,
    0x00, 0x01, 0x10, 0x00, 0x00, 0x24, 0x22, 0x00, 0x00, 0x47, 0x04, 0x00, 0x12, 0x20, 0x24, 0x32,
    0x00, 0x26, 0x47, 0x03, 0x00, 0x40, 0x02, 0x00, 0x00, 0x71, 0x22, 0x00, 0x24, 0x21, 0x26, 0x11,
    0x00, 0x00, 0x00, 0x00, 0x00, 0x00, 0x00, 0x00, 0x00, 0x00, 0x00, 0x00, 0x00, 0x00, 0x00, 0xA0,
    0x00, 0x00, 0x00, 0x50, 0x00, 0x00, 0x00, 0x35, 0x00, 0x00, 0x00, 0x50, 0x11, 0x12, 0x00, 0x35,
    0x24, 0x23, 0x32, 0x44, 0x00, 0x16, 0x42, 0x11, 0x20, 0x34, 0x11, 0xA1, 0x20, 0x62, 0x11, 0x6A,
    0x00, 0x76, 0x11, 0x6A, 0x44, 0x00, 0x10, 0xAA, 0x48, 0xA4, 0xAA, 0x44, 0x4E, 0x48, 0x44, 0x66,
    0x64, 0x14, 0x02, 0xA0, 0xAA, 0x2A, 0x44, 0xA4, 0x66, 0xA6, 0xAA, 0x7A, 0x66, 0x66, 0xAA, 0x64,
    0xA6, 0xAA, 0x44, 0x76, 0x4A, 0x44, 0x66, 0xA7, 0x66, 0x66, 0x76, 0x8A, 0x76, 0x77, 0xA7, 0x8A,
    0xA6, 0xE2, 0x66, 0x76, 0x66, 0x4A, 0x26, 0xA7, 0x66, 0xA6, 0x84, 0x0A, 0x68, 0xAA, 0x84, 0x00,
    0xA8, 0x44, 0x00, 0x00, 0x4A, 0x88, 0x00, 0x80, 0xFF, 0xFF, 0xFF, 0xFF, 0xDD, 0xDD, 0xDD, 0xDD,
    0x77, 0xAA, 0x8A, 0xA4, 0xAA, 0x8A, 0x48, 0x87, 0xA0, 0x68, 0x74, 0x88, 0xA0, 0x48, 0xE7, 0xFE,
    0x8A, 0x46, 0xFF, 0xFF, 0xF6, 0xFF, 0xFF, 0xFF, 0xFF, 0xFF, 0xFF, 0xFF, 0xDD, 0xDD, 0xDD, 0xDD,
    0x00, 0x00, 0xF0, 0xFF, 0x00, 0x00, 0x00, 0x00, 0x00, 0x00, 0x00, 0x00, 0x00, 0x00, 0x00, 0x00,
    0x00, 0x00, 0x00, 0x00, 0x00, 0x00, 0x00, 0x00, 0x00, 0x00, 0x00, 0x00, 0x00, 0x00, 0x00, 0x00,
    0xFF, 0xDF, 0xDD, 0xDD, 0xF0, 0xFF, 0xFF, 0xFF, 0x00, 0x00, 0x00, 0xFF, 0x00, 0x00, 0x00, 0x00,
    0x00, 0x00, 0x00, 0x00, 0x00, 0x00, 0x00, 0x00, 0x00, 0x00, 0x00, 0x00, 0x00, 0x00, 0x00, 0x00,
    0xA0, 0x46, 0x46, 0x46, 0x00, 0xAA, 0xAA, 0xAA, 0x00, 0x00, 0x00, 0x00, 0x00, 0x00, 0x00, 0x00,
    0x00, 0x00, 0x00, 0x00, 0x00, 0x00, 0x00, 0x00, 0x00, 0x00, 0x00, 0x00, 0x00, 0x00, 0x00, 0x00,
    0xA6, 0x00, 0x00, 0x00, 0x0A, 0x00, 0x00, 0x00, 0x00, 0x00, 0x00, 0x00, 0x00, 0x00, 0x00, 0x00,
    0x00, 0x00, 0x00, 0x00, 0x00, 0x00, 0x00, 0x00, 0x00, 0x00, 0x00, 0x00, 0x00, 0x00, 0x00, 0x00,
    0x76, 0x09, 0x00, 0x00, 0x46, 0xA7, 0x00, 0x00, 0x46, 0xA7, 0x00, 0x00, 0x46, 0xA7, 0xAA, 0x00,
    0x76, 0x68, 0x66, 0x0A, 0xC7, 0x66, 0x66, 0xA7, 0x6A, 0x66, 0x76, 0xA7, 0x66, 0x66, 0x77, 0xA6,
    0x77, 0x77, 0x67, 0xA4, 0x46, 0x46, 0x46, 0x0A, 0xAA, 0xAA, 0xAA, 0x00, 0x00, 0x00, 0x00, 0x00,
    0x00, 0x00, 0x00, 0x00, 0x00, 0x00, 0x00, 0x00, 0x00, 0x00, 0x00, 0x00, 0x00, 0x00, 0x00, 0x00,
    0x00, 0x00, 0x00, 0x00, 0x00, 0x00, 0x00, 0x00, 0x00, 0x00, 0x00, 0x00, 0x00, 0x00, 0x00, 0x00,
    0x00, 0x00, 0x00, 0x00, 0x00, 0x00, 0x00, 0x00, 0x00, 0x00, 0x00, 0x00, 0x00, 0x31, 0x10, 0x00,
    0x0F, 0x00, 0x00, 0x00, 0x0F, 0x00, 0x00, 0x00, 0x0F, 0x00, 0x00, 0x00, 0x00, 0x00, 0x00, 0x00,
    0x00, 0x00, 0x00, 0x00, 0x00, 0x00, 0x00, 0x00, 0x00, 0x00, 0x00, 0x00, 0x00, 0x00, 0x00, 0x00,
    0x00, 0x00, 0x00, 0x00, 0x00, 0x00, 0x00, 0x00, 0x00, 0x00, 0x00, 0x00, 0x00, 0x00, 0x00, 0x00,
    0x00, 0x00, 0x00, 0x00, 0x00, 0x00, 0x00, 0x00, 0x00, 0x00, 0x00, 0x00, 0x00, 0x0F, 0x00, 0x00,
};
static const u16 sFrame31[] = {
    0x000B, 0x00CE, 0x8008, 0x0000, 0x40DE, 0x81D8, 0x0010, 0x40EE, 0x81F0, 0x0018, 0x00D6, 0x41F8,
    0x0020, 0x40E6, 0x01F8, 0x0024, 0x40EE, 0x01E0, 0x0026, 0x40FE, 0x01F8, 0x0028, 0x80EE, 0x0010,
    0x002A, 0x00CE, 0x01F8, 0x002C, 0x00CE, 0x0028, 0x002D, 0x00D6, 0x01E0, 0x002E, 0x0000,
};
static const void* const sFrames31[] = { sFrame31 };
static const u8 sTiles32[1376] __attribute__((aligned(4))) = {
    0x37, 0x71, 0x42, 0x01, 0x30, 0x01, 0x01, 0x33, 0x62, 0x21, 0x02, 0x00, 0x22, 0x22, 0x13, 0x00,
    0x44, 0x25, 0x44, 0x00, 0x00, 0x36, 0x72, 0x14, 0x00, 0x70, 0x13, 0x47, 0x00, 0x00, 0x36, 0x70,
    0x00, 0x00, 0x00, 0x00, 0x00, 0x00, 0x00, 0x00, 0x00, 0x00, 0x00, 0x50, 0x00, 0x00, 0x00, 0x50,
    0x00, 0x00, 0x00, 0x50, 0x00, 0x00, 0x00, 0x15, 0x00, 0x00, 0x50, 0x33, 0x14, 0x00, 0x00, 0x55,
    0x25, 0x31, 0x35, 0x12, 0x55, 0x11, 0x13, 0x21, 0x23, 0x15, 0x31, 0x23, 0x11, 0x53, 0x33, 0x12,
    0x31, 0x32, 0x55, 0x31, 0x53, 0x51, 0x12, 0x13, 0x15, 0x32, 0x31, 0x35, 0x21, 0x15, 0x53, 0x55,
    0x21, 0x25, 0x33, 0x51, 0x53, 0x33, 0x12, 0x05, 0x11, 0x35, 0x53, 0x05, 0x53, 0x21, 0x35, 0x32,
    0x31, 0x55, 0x23, 0x55, 0x15, 0x35, 0x55, 0x05, 0x52, 0x52, 0x52, 0x00, 0x53, 0x57, 0x35, 0x05,
    0x00, 0x00, 0x70, 0x12, 0x00, 0x00, 0x00, 0x24, 0x00, 0x00, 0x00, 0x6A, 0x00, 0x00, 0xA0, 0x66,
    0x00, 0x00, 0xA0, 0x66, 0x00, 0x00, 0xA0, 0xAA, 0xA1, 0xAA, 0x4A, 0x64, 0x4A, 0x44, 0x64, 0x66,
    0x37, 0x00, 0x50, 0x13, 0x60, 0x02, 0x00, 0x5A, 0x26, 0xAA, 0xAA, 0xA7, 0x66, 0xA6, 0x4A, 0x66,
    0xAA, 0x4A, 0x64, 0xA7, 0x44, 0x64, 0x76, 0x8A, 0x66, 0x66, 0xA7, 0x68, 0x77, 0x77, 0xAA, 0x68,
    0x32, 0x35, 0x15, 0x57, 0x55, 0x53, 0x21, 0x14, 0x3A, 0x52, 0x13, 0x11, 0x44, 0xAA, 0x38, 0x11,
    0x8A, 0xA4, 0x86, 0x35, 0x38, 0x36, 0xA8, 0x4A, 0x44, 0x63, 0x18, 0x43, 0x41, 0x84, 0x86, 0x2A,
    0x35, 0x34, 0x05, 0x00, 0x15, 0x55, 0x00, 0x00, 0x11, 0x08, 0x00, 0x00, 0x81, 0x0A, 0x00, 0x00,
    0x68, 0x04, 0x00, 0x00, 0xA6, 0x01, 0x00, 0x00, 0x0A, 0x10, 0x01, 0x00, 0x03, 0x00, 0x11, 0x01,
    0x48, 0x64, 0x66, 0x77, 0xE2, 0x64, 0x77, 0xAA, 0x66, 0x26, 0xAA, 0x00, 0xA6, 0x84, 0x0F, 0x00,
    0x0A, 0x84, 0x0F, 0xA0, 0x00, 0xF4, 0x00, 0x68, 0x88, 0x83, 0x82, 0x66, 0xFF, 0xFF, 0xFF, 0xFF,
    0xA7, 0xAA, 0x48, 0x8A, 0xAA, 0x88, 0x74, 0xA8, 0x8A, 0x46, 0x87, 0x68, 0x8A, 0x74, 0x88, 0x88,
    0x68, 0x74, 0x88, 0x68, 0x8A, 0x74, 0x86, 0x48, 0x67, 0x74, 0x84, 0xFF, 0xFF, 0xFF, 0xFF, 0xFF,
    0x44, 0x38, 0x31, 0x00, 0x3A, 0x86, 0xEE, 0x00, 0xA4, 0xA8, 0x77, 0x0A, 0x66, 0x88, 0x47, 0xE7,
    0x49, 0x88, 0x47, 0x77, 0x6A, 0xF8, 0xFF, 0xFF, 0xFF, 0xFF, 0xFF, 0xFF, 0xFF, 0xFF, 0xFF, 0xFF,
    0x40, 0x00, 0x00, 0x11, 0x10, 0x00, 0x00, 0x00, 0x00, 0x00, 0x00, 0xFF, 0x00, 0xF0, 0xFF, 0x0F,
    0xFF, 0xFF, 0xFF, 0x00, 0xFF, 0xFF, 0x00, 0x00, 0xFF, 0x0F, 0x00, 0x00, 0xAF, 0x00, 0x00, 0x00,
    0xFF, 0xFF, 0xFF, 0xFF, 0xDD, 0xFD, 0xFF, 0xFF, 0xFF, 0xFF, 0xFF, 0xFF, 0xFF, 0xFF, 0xFF, 0xFF,
    0xFF, 0xFF, 0xFF, 0xFF, 0x8A, 0x66, 0x7A, 0x74, 0x68, 0xA6, 0x67, 0x74, 0x68, 0x7A, 0x46, 0x67,
    0xFF, 0xFF, 0xFF, 0xFF, 0xFF, 0xFF, 0xFF, 0xFF, 0xFF, 0xFF, 0xFF, 0xFF, 0xFF, 0xFF, 0xFF, 0xAF,
    0xFF, 0x8F, 0xA6, 0xAA, 0x66, 0x84, 0xA4, 0xAA, 0x66, 0x84, 0xA6, 0xAA, 0x46, 0x48, 0xAA, 0xAA,
    0xFF, 0xFF, 0xFF, 0x6F, 0xFF, 0xFF, 0x4F, 0x67, 0xFF, 0x7F, 0x46, 0x67, 0x6E, 0x78, 0x46, 0x67,
    0x4A, 0x78, 0x46, 0x67, 0x6A, 0x78, 0x46, 0x77, 0x4A, 0x78, 0xA7, 0xAA, 0xAA, 0xA8, 0x7A, 0x66,
    0x97, 0x00, 0x00, 0x00, 0x74, 0x0A, 0x00, 0x00, 0x74, 0x0A, 0x00, 0x00, 0x74, 0xAA, 0x0A, 0x00,
    0x87, 0x66, 0xA6, 0x00, 0x6C, 0x66, 0x76, 0x0A, 0x66, 0x66, 0x77, 0x0A, 0x66, 0x76, 0x67, 0x0A,
    0x00, 0xF0, 0xDF, 0x26, 0x00, 0xFF, 0xDD, 0x67, 0x00, 0xFF, 0xDD, 0xDD, 0xF0, 0xFF, 0xDD, 0xDD,
    0xF0, 0xDF, 0xDD, 0xDD, 0xF0, 0xDF, 0xDD, 0xDD, 0xFF, 0xDF, 0xDD, 0xDD, 0xFF, 0xDF, 0xDD, 0xDD,
    0x94, 0x00, 0x44, 0xF4, 0x24, 0xF4, 0x7F, 0xF7, 0x7D, 0x24, 0x64, 0x00, 0xDD, 0x47, 0x44, 0xF4,
    0xDD, 0x6D, 0x7F, 0x44, 0xDD, 0xDD, 0xDF, 0x49, 0xDD, 0xDD, 0xDD, 0xFF, 0xDD, 0xDD, 0xDD, 0xFF,
    0xF0, 0x0F, 0x00, 0x00, 0xF0, 0x00, 0x00, 0x00, 0xFF, 0x47, 0x00, 0x00, 0xF6, 0xF0, 0x00, 0x00,
    0x62, 0x0C, 0x00, 0x00, 0x42, 0x84, 0xFA, 0x00, 0x8E, 0x36, 0x94, 0x0E, 0x00, 0x8A, 0x44, 0x84,
    0x00, 0x00, 0x00, 0x00, 0x00, 0x00, 0x00, 0x00, 0x00, 0x00, 0x00, 0x00, 0x00, 0x00, 0x00, 0x00,
    0x00, 0x00, 0x00, 0x00, 0x00, 0x00, 0x00, 0x00, 0x00, 0x00, 0x00, 0x43, 0x0A, 0x00, 0x37, 0x44,
    0xFF, 0xDF, 0xDD, 0xDD, 0xFF, 0xDF, 0xDD, 0xDD, 0xFF, 0xDF, 0xDD, 0xDD, 0xF0, 0xDF, 0xDD, 0xDD,
    0xF0, 0xFF, 0xDD, 0xDD, 0x00, 0xFF, 0xDD, 0xDD, 0x00, 0xFF, 0xFF, 0xDD, 0x00, 0x00, 0xFF, 0xFF,
    0xDD, 0xDD, 0xFD, 0x0F, 0xDD, 0xDD, 0xFD, 0x0F, 0xDD, 0xDD, 0xFD, 0x0F, 0xDD, 0xDD, 0xDD, 0xFF,
    0xDD, 0xDD, 0xDD, 0xFD, 0xDD, 0xDD, 0xDD, 0xDD, 0xDD, 0xDD, 0xDD, 0xDD, 0xDF, 0xDD, 0xDD, 0xDD,
    0x00, 0x00, 0x8C, 0x44, 0x00, 0x00, 0x00, 0x8E, 0x00, 0x00, 0x00, 0x00, 0x00, 0x00, 0x00, 0x00,
    0x0F, 0x00, 0x00, 0x00, 0xFF, 0x00, 0x00, 0x00, 0xDD, 0xFF, 0xFF, 0xFF, 0xDD, 0xDD, 0xDD, 0xFD,
    0x84, 0x0E, 0x6A, 0x4E, 0x44, 0x34, 0x86, 0x66, 0x8A, 0x04, 0x68, 0x68, 0x00, 0x3B, 0x86, 0x86,
    0xF0, 0x40, 0x8A, 0x86, 0x40, 0x37, 0xA0, 0xAA, 0x00, 0x92, 0xF0, 0x00, 0xFF, 0xFF, 0xFF, 0xFF,
    0x66, 0x7A, 0x46, 0x67, 0xA6, 0x67, 0x46, 0x67, 0xA7, 0x67, 0x74, 0x66, 0xA7, 0x67, 0x74, 0x66,
    0xAA, 0x7A, 0x77, 0x77, 0x77, 0xA7, 0xAA, 0xAA, 0x76, 0x77, 0x77, 0x77, 0x74, 0x77, 0x67, 0x64,
    0x46, 0x68, 0xAA, 0x00, 0x46, 0x48, 0x0A, 0x00, 0x84, 0xA6, 0x00, 0x00, 0x84, 0xA4, 0x00, 0x00,
    0x87, 0xA6, 0x00, 0x00, 0xAA, 0x0A, 0x00, 0x00, 0x0A, 0x00, 0x00, 0x00, 0x0A, 0x00, 0x00, 0x00,
    0x6A, 0x64, 0x64, 0x64, 0xA0, 0xAA, 0xAA, 0xAA, 0x00, 0x00, 0x00, 0x00, 0x00, 0x00, 0x00, 0x00,
    0x00, 0x00, 0x00, 0x00, 0x00, 0x00, 0x00, 0x00, 0x00, 0x00, 0x00, 0x00, 0x00, 0x00, 0x00, 0x00,
    0x0A, 0x00, 0x00, 0x00, 0x00, 0x00, 0x00, 0x00, 0x00, 0x00, 0x00, 0x00, 0x00, 0x00, 0x00, 0x00,
    0x00, 0x00, 0x00, 0x00, 0x00, 0x00, 0x00, 0x00, 0x00, 0x00, 0x00, 0x00, 0x00, 0x00, 0x00, 0x00,
    0x00, 0x00, 0x00, 0x00, 0x00, 0x00, 0x00, 0x00, 0x00, 0x00, 0x00, 0x05, 0x00, 0x00, 0x00, 0x53,
    0x00, 0x00, 0x50, 0x31, 0x00, 0x50, 0x35, 0x21, 0x00, 0x35, 0x13, 0x52, 0x30, 0x31, 0x52, 0x33,
    0x00, 0x00, 0x00, 0x00, 0x00, 0x05, 0x00, 0x00, 0x00, 0x53, 0x00, 0x00, 0x50, 0x51, 0x00, 0x00,
    0x35, 0x51, 0x50, 0x00, 0x15, 0x52, 0x53, 0x00, 0x31, 0x35, 0x51, 0x50, 0x13, 0x15, 0x52, 0x53,
    0x00, 0x00, 0x00, 0x00, 0x00, 0x00, 0x00, 0x00, 0x00, 0x00, 0x00, 0x00, 0x00, 0x00, 0x00, 0x00,
    0x00, 0x00, 0x00, 0x00, 0x00, 0x00, 0x00, 0x00, 0x00, 0x70, 0x42, 0x60, 0x00, 0xF0, 0x27, 0x36,
    0x00, 0x00, 0x00, 0x00, 0x00, 0xF0, 0x38, 0x00, 0x00, 0xF0, 0x8F, 0x04, 0x00, 0xAF, 0x40, 0x97,
    0xF0, 0x6F, 0x44, 0x46, 0xFF, 0x00, 0x89, 0x8F, 0xF0, 0xFF, 0x80, 0x6A, 0x07, 0x4F, 0x44, 0x0A,
    0x01, 0x00, 0x00, 0x00, 0x11, 0x01, 0x00, 0x00, 0x11, 0x11, 0x01, 0x00, 0x00, 0x11, 0x11, 0x01,
    0x00, 0x00, 0x11, 0x11, 0x00, 0x00, 0x00, 0x10, 0x00, 0x00, 0x00, 0x00, 0x00, 0x00, 0x00, 0x00,
    0x00, 0x00, 0x00, 0x00, 0x01, 0x00, 0x00, 0x00, 0x10, 0x00, 0x00, 0x00, 0x10, 0x00, 0x00, 0x00,
    0x11, 0x01, 0x00, 0x00, 0x11, 0x01, 0x00, 0x00, 0x00, 0x00, 0x00, 0x00, 0x00, 0x00, 0x00, 0x00,
    0xFF, 0xFF, 0xDF, 0xDD, 0x00, 0xF0, 0xFF, 0xFF, 0x00, 0x00, 0x00, 0xF0, 0x00, 0x00, 0x00, 0x00,
    0x00, 0x00, 0x00, 0x00, 0x00, 0x00, 0x00, 0x00, 0x00, 0x00, 0x00, 0x00, 0x00, 0x00, 0x00, 0x00,
    0xDD, 0xDD, 0xDD, 0xDD, 0xDF, 0xDD, 0xDD, 0xDD, 0xFF, 0xFF, 0xFF, 0xDD, 0x00, 0x00, 0xFF, 0xFF,
    0x00, 0x00, 0x00, 0x00, 0x00, 0x00, 0x00, 0x00, 0x00, 0x00, 0x00, 0x00, 0x00, 0x00, 0x00, 0x00,
    0xA0, 0x6A, 0x77, 0x77, 0x00, 0xA0, 0x64, 0x64, 0x00, 0x00, 0xAA, 0xAA, 0x00, 0x00, 0x00, 0x00,
    0x00, 0x00, 0x00, 0x00, 0x00, 0x00, 0x00, 0x00, 0x00, 0x00, 0x00, 0x00, 0x00, 0x00, 0x00, 0x00,
    0x77, 0x77, 0x46, 0x0A, 0x64, 0x64, 0xA4, 0x00, 0xAA, 0xAA, 0x0A, 0x00, 0x00, 0x00, 0x00, 0x00,
    0x00, 0x00, 0x00, 0x00, 0x00, 0x00, 0x00, 0x00, 0x00, 0x00, 0x00, 0x00, 0x00, 0x00, 0x00, 0x00,
    0xDD, 0xDD, 0xFD, 0xFF, 0xDD, 0xDD, 0xDD, 0xDD, 0xDD, 0xDD, 0xDD, 0xFD, 0xFF, 0xFF, 0xFF, 0xFF,
    0x00, 0xFF, 0xFF, 0xFF, 0x00, 0x00, 0x00, 0xA0, 0x00, 0x00, 0x00, 0xAA, 0x00, 0x00, 0x00, 0x8A,
    0x00, 0x00, 0xA0, 0x8A, 0x00, 0x00, 0xA0, 0x8A, 0x00, 0x00, 0xAA, 0x8A, 0x00, 0x00, 0xA0, 0xAA,
    0x00, 0x00, 0x00, 0xAA, 0x00, 0x00, 0x00, 0xA0, 0x00, 0x00, 0x00, 0xA0, 0x00, 0x00, 0x00, 0xA0,
    0x00, 0x20, 0x00, 0x00, 0x00, 0x10, 0x00, 0x00, 0x00, 0x20, 0x20, 0x00, 0x20, 0x70, 0x00, 0x00,
    0x30, 0x62, 0x22, 0x01, 0x00, 0x44, 0x31, 0x02, 0x02, 0x40, 0x04, 0x00, 0x14, 0x41, 0x24, 0x00,
    0x00, 0x00, 0x00, 0x00, 0xFF, 0x00, 0x00, 0x00, 0x0F, 0x00, 0x00, 0x00, 0x07, 0x00, 0x00, 0x00,
    0x84, 0xF4, 0x00, 0x00, 0x00, 0xFF, 0x00, 0x00, 0x74, 0x0F, 0x00, 0x00, 0x89, 0x0F, 0x00, 0x00,
    0x00, 0x00, 0x00, 0x00, 0x00, 0x00, 0x00, 0x00, 0x00, 0x00, 0x00, 0x00, 0x05, 0x00, 0x00, 0x00,
    0x00, 0x00, 0x00, 0x00, 0x00, 0x00, 0x00, 0x00, 0x00, 0x00, 0x00, 0x00, 0x00, 0x00, 0x00, 0x00,
};
static const u16 sFrame32[] = {
    0x000C, 0x00D6, 0x81FA, 0x0000, 0x40DE, 0x81DA, 0x0010, 0x00F6, 0x41FA, 0x0018, 0x40CE, 0x000A,
    0x001C, 0x40D6, 0x01DA, 0x001E, 0x40E6, 0x001A, 0x0020, 0x40EE, 0x01E2, 0x0022, 0x40F6, 0x000A,
    0x0024, 0x80EE, 0x01F2, 0x0026, 0x00CE, 0x01FA, 0x0028, 0x00D6, 0x01EA, 0x0029, 0x00D6, 0x001A,
    0x002A, 0x0000,
};
static const void* const sFrames32[] = { sFrame32 };
static const u8 sTiles33[1408] __attribute__((aligned(4))) = {
    0x00, 0x00, 0x00, 0x00, 0x00, 0x00, 0x00, 0x00, 0x00, 0x00, 0x00, 0x00, 0x00, 0x00, 0x00, 0x00,
    0x00, 0x00, 0x00, 0x11, 0x00, 0x00, 0x00, 0x44, 0x00, 0x00, 0x20, 0x26, 0x00, 0x00, 0x9F, 0x0F,
    0x00, 0x00, 0x00, 0x00, 0x00, 0x00, 0x00, 0x00, 0x00, 0x00, 0x00, 0x00, 0x00, 0x00, 0x00, 0x00,
    0x00, 0x00, 0x00, 0x00, 0x29, 0x00, 0x00, 0x00, 0x79, 0x44, 0x00, 0x00, 0x59, 0x9C, 0x07, 0x50,
    0x00, 0x00, 0x00, 0x00, 0x00, 0x00, 0x50, 0x00, 0x00, 0x00, 0x30, 0x05, 0x00, 0x00, 0x15, 0x53,
    0x00, 0x55, 0x13, 0x52, 0x50, 0x33, 0x21, 0x15, 0x13, 0x23, 0x35, 0x33, 0x12, 0x53, 0x23, 0x11,
    0x50, 0x00, 0x00, 0x00, 0x30, 0x05, 0x00, 0x00, 0x15, 0x05, 0x00, 0x00, 0x13, 0x05, 0x05, 0x00,
    0x21, 0x35, 0x05, 0x00, 0x53, 0x13, 0x05, 0x05, 0x51, 0x21, 0x35, 0x05, 0x52, 0x32, 0x13, 0x05,
    0xA8, 0xAA, 0xFB, 0x08, 0x44, 0x44, 0x43, 0x14, 0x89, 0x77, 0x41, 0xA4, 0x00, 0xEF, 0x85, 0xA2,
    0x00, 0xF0, 0x90, 0x05, 0x00, 0x00, 0x84, 0x80, 0x00, 0x00, 0x42, 0x83, 0x00, 0x00, 0x42, 0x66,
    0x50, 0xAA, 0xFA, 0x50, 0xAA, 0x46, 0xA4, 0x35, 0x7A, 0x66, 0x44, 0x1A, 0xAA, 0x67, 0xA6, 0xAA,
    0x7A, 0x77, 0x6A, 0x44, 0x7A, 0xA7, 0x66, 0x44, 0xA5, 0x7A, 0x66, 0x44, 0x44, 0xA6, 0x67, 0x46,
    0x15, 0x31, 0x11, 0x32, 0x52, 0x11, 0x33, 0x12, 0x31, 0x35, 0x23, 0x31, 0x23, 0x53, 0x15, 0x13,
    0x1A, 0x25, 0x31, 0x51, 0x2A, 0x13, 0x53, 0x23, 0x5A, 0x31, 0x55, 0x35, 0x5A, 0x53, 0x71, 0x55,
    0x35, 0x23, 0x51, 0x00, 0x51, 0x33, 0x55, 0x00, 0x15, 0x52, 0x23, 0x53, 0x53, 0x35, 0x52, 0x35,
    0x51, 0x53, 0x55, 0x30, 0x25, 0x25, 0xA5, 0x42, 0x75, 0x55, 0x53, 0x24, 0x43, 0x53, 0x2A, 0x24,
    0x00, 0x00, 0x00, 0xA4, 0x00, 0x00, 0x00, 0x6A, 0x00, 0x00, 0xA4, 0x77, 0x00, 0x00, 0xA0, 0x87,
    0x00, 0x20, 0xA0, 0x7A, 0x00, 0x40, 0x24, 0xAA, 0x00, 0x00, 0x22, 0x06, 0x00, 0x00, 0x44, 0x03,
    0xAA, 0xA2, 0x77, 0x66, 0x66, 0xAA, 0x77, 0x67, 0x66, 0xA6, 0x77, 0x66, 0x67, 0xA6, 0x67, 0x46,
    0x77, 0xAA, 0x67, 0x44, 0xAA, 0xA7, 0x67, 0xA4, 0xA0, 0x7A, 0x67, 0x6A, 0x00, 0xAA, 0xAA, 0x8A,
    0x3A, 0x15, 0x42, 0x51, 0x2A, 0x35, 0x11, 0x11, 0x4A, 0x8A, 0x13, 0x11, 0x8A, 0xA4, 0x58, 0x83,
    0x3A, 0x36, 0xA8, 0x4A, 0x44, 0x63, 0x18, 0x43, 0x41, 0x84, 0x86, 0x2A, 0x44, 0x38, 0x31, 0x66,
    0x51, 0x65, 0x44, 0x27, 0x81, 0x07, 0x00, 0x44, 0xA8, 0x0A, 0x12, 0x72, 0x6A, 0x14, 0x22, 0x06,
    0xA6, 0x44, 0x34, 0x32, 0x0A, 0x30, 0x66, 0x22, 0x23, 0x21, 0x22, 0x31, 0x44, 0x76, 0x66, 0x66,
    0x00, 0x00, 0x70, 0x12, 0x00, 0x00, 0x00, 0x22, 0x00, 0x00, 0x00, 0x43, 0x00, 0x00, 0x00, 0xA0,
    0x00, 0x00, 0x00, 0x68, 0x00, 0x00, 0x80, 0x66, 0x00, 0x00, 0x8A, 0xA6, 0x00, 0xA0, 0x68, 0xA6,
    0xA1, 0x88, 0x74, 0xA8, 0x8A, 0x46, 0x87, 0x68, 0x8A, 0x74, 0x88, 0x88, 0x68, 0x74, 0x88, 0x68,
    0x8A, 0x74, 0x86, 0x48, 0x67, 0x74, 0x84, 0x68, 0x47, 0x77, 0x84, 0xA4, 0x46, 0x67, 0x84, 0xA6,
    0x3A, 0x86, 0xEE, 0x00, 0xA4, 0xA8, 0x77, 0x0A, 0x66, 0x88, 0x47, 0xE7, 0x49, 0x88, 0x47, 0x77,
    0x6A, 0x88, 0x47, 0x77, 0xAA, 0x84, 0x47, 0x47, 0xAA, 0x86, 0x47, 0x47, 0xAA, 0x84, 0x47, 0x67,
    0x10, 0x00, 0x00, 0x00, 0x00, 0x00, 0x00, 0x00, 0x00, 0x00, 0x00, 0x00, 0x0E, 0x00, 0x00, 0x00,
    0x09, 0x00, 0x00, 0x00, 0xA7, 0x00, 0x00, 0x00, 0xA7, 0x00, 0x00, 0x00, 0x97, 0x00, 0x00, 0x00,
    0x00, 0x00, 0x00, 0x00, 0x00, 0x00, 0x00, 0x00, 0x00, 0x00, 0x00, 0x00, 0x00, 0x00, 0x00, 0x00,
    0x00, 0x00, 0x00, 0xA0, 0x00, 0x00, 0x00, 0xAA, 0x00, 0x00, 0x00, 0x8A, 0x00, 0x00, 0xA0, 0x8A,
    0x00, 0xAA, 0x68, 0x7A, 0xA0, 0x8A, 0x66, 0x7A, 0xA0, 0x88, 0xA6, 0x47, 0xAA, 0x68, 0x7A, 0x74,
    0x8A, 0x66, 0x7A, 0x74, 0x68, 0xA6, 0x67, 0x74, 0x68, 0x7A, 0x46, 0x67, 0x66, 0x7A, 0x46, 0x67,
    0x46, 0x47, 0x48, 0xAA, 0x74, 0x46, 0x68, 0xAA, 0x67, 0x46, 0x48, 0xAA, 0x66, 0x84, 0xA6, 0xAA,
    0x66, 0x84, 0xA4, 0xAA, 0x66, 0x84, 0xA6, 0xAA, 0x46, 0x48, 0xAA, 0xAA, 0x46, 0x68, 0xAA, 0x00,
    0x6A, 0x78, 0x46, 0x67, 0x4A, 0x78, 0x46, 0x67, 0x6E, 0x78, 0x46, 0x67, 0x4A, 0x78, 0x46, 0x67,
    0x6A, 0x78, 0x46, 0x77, 0x4A, 0x78, 0xA7, 0xAA, 0xAA, 0xA8, 0x7A, 0x66, 0xA0, 0x6A, 0x77, 0x77,
    0x00, 0x00, 0xA0, 0x8A, 0x00, 0x00, 0xAA, 0x8A, 0x00, 0x00, 0xA0, 0xAA, 0x00, 0x00, 0x00, 0xAA,
    0x00, 0x00, 0x00, 0xA0, 0x00, 0x00, 0x00, 0xA0, 0x00, 0x00, 0x00, 0xA0, 0x00, 0x00, 0x00, 0x00,
    0xA6, 0x67, 0x46, 0x67, 0xA7, 0x67, 0x74, 0x66, 0xA7, 0x67, 0x74, 0x66, 0xAA, 0x7A, 0x77, 0x77,
    0x77, 0xA7, 0xAA, 0xAA, 0x76, 0x77, 0x77, 0x77, 0x74, 0x77, 0x67, 0x64, 0x6A, 0x64, 0x64, 0x64,
    0x46, 0x48, 0x0A, 0x00, 0x84, 0xA6, 0x00, 0x00, 0x84, 0xA4, 0x00, 0x00, 0x87, 0xA6, 0x00, 0x00,
    0xAA, 0x0A, 0x00, 0x00, 0x0A, 0x00, 0x00, 0x00, 0x0A, 0x00, 0x00, 0x00, 0x0A, 0x00, 0x00, 0x00,
    0x00, 0xA0, 0x64, 0x64, 0x00, 0x00, 0xAA, 0xAA, 0x00, 0x00, 0x00, 0x00, 0x00, 0x00, 0x00, 0x00,
    0x00, 0x00, 0x00, 0x00, 0x00, 0x00, 0x00, 0x00, 0x00, 0x00, 0x00, 0x00, 0x00, 0x00, 0x00, 0x00,
    0x00, 0x00, 0x00, 0x00, 0x00, 0x00, 0x00, 0x00, 0x00, 0x00, 0x00, 0x00, 0x00, 0x00, 0x00, 0x00,
    0x00, 0x00, 0x0F, 0x0F, 0x00, 0x64, 0xC7, 0xA2, 0x00, 0x4D, 0x62, 0x42, 0x00, 0xDD, 0x4D, 0x92,
    0x00, 0x00, 0x00, 0x00, 0x00, 0x00, 0x00, 0x00, 0x00, 0x00, 0x00, 0x00, 0x00, 0x00, 0x00, 0x00,
    0x00, 0xF0, 0x00, 0x00, 0x9C, 0x4E, 0x0F, 0x00, 0x44, 0x26, 0x87, 0xCC, 0x64, 0x24, 0x42, 0x34,
    0x00, 0xDD, 0x8D, 0xDD, 0xF0, 0xDF, 0xFD, 0xDF, 0xF0, 0xDF, 0xDD, 0xDF, 0xF0, 0xDF, 0xFD, 0xFF,
    0xF0, 0xDF, 0xDD, 0x4F, 0xF0, 0xDF, 0xDD, 0xDF, 0xF0, 0xDF, 0xDD, 0x7F, 0xF0, 0xDF, 0xDD, 0x4D,
    0xDD, 0xFA, 0x9F, 0x49, 0x4A, 0x64, 0xF6, 0x9D, 0x6F, 0x46, 0xF4, 0xFD, 0xDF, 0xC7, 0xDD, 0xFD,
    0x44, 0x8F, 0x89, 0xFF, 0x8D, 0x69, 0x4D, 0xFF, 0x67, 0x44, 0xFD, 0xFF, 0x94, 0x4A, 0x97, 0x0F,
    0xFF, 0xDF, 0xDD, 0xFD, 0xFF, 0xDD, 0xDD, 0xFD, 0xFF, 0xDD, 0xDD, 0xFF, 0xFF, 0xDD, 0xDD, 0xFF,
    0xFF, 0xDD, 0xDD, 0xFF, 0xFF, 0xDD, 0xFD, 0xFF, 0xFF, 0xDD, 0xFD, 0xFF, 0xFF, 0xDD, 0xFD, 0xFF,
    0xDD, 0xDF, 0xFD, 0x0F, 0xFD, 0xDF, 0xFF, 0x00, 0xDD, 0xDD, 0xFF, 0x00, 0xDF, 0xDD, 0xFF, 0x00,
    0xDF, 0xFD, 0xFF, 0x00, 0xFF, 0xFD, 0xFF, 0x00, 0xFF, 0xFD, 0xFF, 0x00, 0xFF, 0xFF, 0xFF, 0x00,
    0xFF, 0xDD, 0xFD, 0xFF, 0xFF, 0xDD, 0xFD, 0xFF, 0xFF, 0xDD, 0xFF, 0xFF, 0xFF, 0xDD, 0xFF, 0xFF,
    0xFF, 0xDD, 0xFF, 0xFF, 0xFF, 0xDD, 0xFF, 0xFF, 0xF0, 0xDF, 0xFF, 0x0F, 0xF0, 0xDF, 0xFF, 0x0F,
    0xFF, 0xFF, 0xFF, 0x00, 0xFF, 0xFF, 0xFF, 0x00, 0xFF, 0xFF, 0xFF, 0x00, 0xFF, 0xFF, 0xFF, 0x00,
    0x0F, 0xF0, 0xFF, 0x00, 0x00, 0xF0, 0xFF, 0x00, 0x00, 0x00, 0xFF, 0x00, 0x00, 0x00, 0xFF, 0x00,
    0xF0, 0xDF, 0xFF, 0x0F, 0xF0, 0xDF, 0xFF, 0x0F, 0xF0, 0xFF, 0xFF, 0x00, 0xF0, 0xFF, 0xFF, 0x00,
    0xF0, 0xFF, 0xFF, 0x00, 0xF0, 0xFF, 0xFF, 0x00, 0x00, 0xFF, 0xFF, 0x00, 0x00, 0xFF, 0xFF, 0x00,
    0x00, 0x00, 0xF0, 0x00, 0x00, 0x00, 0xF0, 0x00, 0x00, 0x00, 0x00, 0x0F, 0x00, 0x00, 0x00, 0x00,
    0x00, 0x00, 0x00, 0x00, 0x00, 0x00, 0x00, 0x00, 0x00, 0x00, 0x00, 0x00, 0x00, 0x00, 0x00, 0x00,
    0x00, 0x00, 0x00, 0x00, 0x00, 0x00, 0x00, 0x00, 0x00, 0x00, 0x00, 0x00, 0x00, 0x00, 0x00, 0x00,
    0x00, 0x00, 0x00, 0x00, 0x00, 0x00, 0x00, 0x00, 0xF9, 0x00, 0x00, 0x00, 0x72, 0xA9, 0xE9, 0xFE,
    0x42, 0x42, 0x44, 0x76, 0xA9, 0x89, 0x67, 0x44, 0xDF, 0x00, 0xAF, 0xCE, 0x67, 0x00, 0x00, 0x00,
    0x00, 0x00, 0x00, 0x00, 0x00, 0x00, 0x00, 0x00, 0x00, 0x00, 0x00, 0x00, 0x00, 0x00, 0x00, 0x00,
    0x00, 0x00, 0x00, 0x00, 0x00, 0x00, 0x00, 0x00, 0x00, 0x00, 0x00, 0x00, 0x23, 0x21, 0x00, 0x00,
    0x00, 0x11, 0x00, 0x00, 0x22, 0x24, 0x00, 0x00, 0x44, 0x07, 0x00, 0x00, 0x42, 0x20, 0x21, 0x42,
    0x62, 0x06, 0x30, 0x00, 0x24, 0x00, 0x00, 0x00, 0x27, 0x01, 0x00, 0x00, 0x02, 0x21, 0x12, 0x44,
    0x12, 0x34, 0x72, 0x05, 0x41, 0x26, 0x00, 0x00, 0x44, 0x34, 0x02, 0x00, 0x47, 0x22, 0x02, 0x00,
    0x74, 0x0A, 0x00, 0x00, 0x74, 0x0A, 0x00, 0x00, 0x74, 0xAA, 0x0A, 0x00, 0x87, 0x66, 0xA6, 0x00,
    0x6C, 0x66, 0x76, 0x0A, 0x66, 0x66, 0x77, 0x0A, 0x66, 0x76, 0x67, 0x0A, 0x77, 0x77, 0x46, 0x0A,
    0x64, 0x64, 0xA4, 0x00, 0xAA, 0xAA, 0x0A, 0x00, 0x00, 0x00, 0x00, 0x00, 0x00, 0x00, 0x00, 0x00,
    0x00, 0x00, 0x00, 0x00, 0x00, 0x00, 0x00, 0x00, 0x00, 0x00, 0x00, 0x00, 0x00, 0x00, 0x00, 0x00,
    0x00, 0xFF, 0xFF, 0x00, 0x00, 0xF0, 0xFF, 0x00, 0x00, 0xF0, 0xFF, 0x00, 0x00, 0xF0, 0xFF, 0x00,
    0x00, 0xF0, 0xFF, 0x00, 0x00, 0x00, 0xFF, 0x00, 0x00, 0x00, 0xFF, 0x00, 0x00, 0x00, 0xFF, 0x00,
    0x00, 0x00, 0xF0, 0x00, 0x00, 0x00, 0x00, 0x00, 0x00, 0x00, 0x00, 0x00, 0x00, 0x00, 0x00, 0x00,
    0x00, 0x00, 0x00, 0x00, 0x00, 0x00, 0x00, 0x00, 0x00, 0x00, 0x00, 0x00, 0x00, 0x00, 0x00, 0x00,
    0x07, 0x46, 0x00, 0x00, 0x00, 0x00, 0x00, 0x00, 0x00, 0x00, 0x00, 0x00, 0x00, 0x00, 0x00, 0x00,
    0x00, 0x00, 0x00, 0x00, 0x00, 0x00, 0x00, 0x00, 0x00, 0x00, 0x00, 0x00, 0x00, 0x00, 0x00, 0x00,
    0xA0, 0xAA, 0xAA, 0xAA, 0x00, 0x00, 0x00, 0x00, 0x00, 0x00, 0x00, 0x00, 0x00, 0x00, 0x00, 0x00,
    0x00, 0x00, 0x00, 0x00, 0x00, 0x00, 0x00, 0x00, 0x00, 0x00, 0x00, 0x00, 0x00, 0x00, 0x00, 0x00,
};
static const u16 sFrame33[] = {
    0x000A, 0x00CF, 0x81FB, 0x0000, 0x40EF, 0x81F3, 0x0010, 0x80CF, 0x81E3, 0x0018, 0x40EF, 0x01E3,
    0x0020, 0x80CF, 0x01F3, 0x0022, 0x80D7, 0x001B, 0x0024, 0x80EF, 0x0013, 0x0026, 0x80F7, 0x01E3,
    0x0028, 0x00E7, 0x001B, 0x002A, 0x00FF, 0x01FB, 0x002B, 0x0000,
};
static const void* const sFrames33[] = { sFrame33 };
static const u8 sTiles34[1536] __attribute__((aligned(4))) = {
    0x00, 0x00, 0x00, 0x00, 0x00, 0x00, 0x47, 0x40, 0x00, 0x00, 0x20, 0x22, 0x00, 0x00, 0x40, 0xAA,
    0x00, 0x00, 0xA0, 0x66, 0x00, 0x40, 0x7A, 0x67, 0x00, 0x00, 0x7A, 0x78, 0x00, 0x02, 0xAA, 0x77,
    0x00, 0x50, 0x33, 0x15, 0x00, 0x00, 0x55, 0x21, 0x06, 0x50, 0x13, 0x32, 0x2A, 0x00, 0x53, 0x55,
    0xA6, 0x01, 0x7A, 0xAA, 0x66, 0xAA, 0xAA, 0xAA, 0xA6, 0x46, 0x44, 0x44, 0xA7, 0x67, 0x66, 0x66,
    0x32, 0x31, 0x35, 0x52, 0x15, 0x53, 0x55, 0x53, 0x35, 0x15, 0x57, 0xA5, 0x53, 0x21, 0xA4, 0x4A,
    0xAA, 0xAA, 0x4A, 0x6A, 0x66, 0x44, 0x44, 0xA6, 0x76, 0x66, 0x66, 0x77, 0x77, 0x77, 0x77, 0x77,
    0x52, 0x22, 0x52, 0x24, 0xAA, 0x44, 0x74, 0xFF, 0x64, 0xAA, 0xF4, 0x39, 0x66, 0x7A, 0x7A, 0x2F,
    0x76, 0x77, 0x4A, 0x64, 0x77, 0x77, 0x9A, 0x68, 0x7A, 0xA7, 0x72, 0x24, 0xAA, 0x4A, 0x4E, 0x23,
    0x00, 0x44, 0xA2, 0xAA, 0x00, 0x20, 0x62, 0x00, 0x00, 0x40, 0x34, 0x00, 0x00, 0x00, 0x27, 0x11,
    0x00, 0x00, 0x20, 0xA2, 0x00, 0x00, 0x30, 0xA4, 0x00, 0x00, 0x00, 0x8A, 0x00, 0x00, 0x80, 0xA6,
    0xAA, 0x77, 0x77, 0x77, 0xA7, 0x7A, 0x77, 0x77, 0xA0, 0xEA, 0xAA, 0xAA, 0x8A, 0x48, 0x87, 0xAA,
    0x68, 0x74, 0x88, 0x46, 0x48, 0x87, 0x88, 0x68, 0x46, 0x87, 0x88, 0x96, 0x48, 0x67, 0x88, 0xA4,
    0x77, 0x77, 0xAA, 0xAA, 0xAA, 0xAA, 0xA8, 0x32, 0x84, 0x13, 0x63, 0x46, 0x63, 0xE8, 0x0E, 0x00,
    0x8A, 0x7A, 0xA7, 0x00, 0x86, 0x78, 0x74, 0x0E, 0x84, 0x78, 0x74, 0xE7, 0x86, 0x78, 0x74, 0x97,
    0x09, 0x8F, 0x47, 0x12, 0x12, 0x22, 0x12, 0x43, 0x64, 0x67, 0x66, 0x76, 0x01, 0x00, 0x00, 0x70,
    0x00, 0x00, 0x00, 0x00, 0x00, 0x00, 0x00, 0x00, 0x00, 0x00, 0x00, 0x00, 0x00, 0x00, 0x00, 0x00,
    0x00, 0x00, 0x68, 0x76, 0x00, 0xA0, 0x68, 0x7A, 0x00, 0x8A, 0x66, 0x6A, 0xA0, 0x8A, 0xA6, 0x67,
    0xAA, 0x68, 0xA6, 0x47, 0x8A, 0x68, 0x7A, 0x74, 0x8A, 0xA6, 0x47, 0x67, 0x68, 0xA6, 0x47, 0x67,
    0x46, 0x47, 0x88, 0xA6, 0x74, 0x47, 0x48, 0xAA, 0x74, 0x46, 0x68, 0xAA, 0x74, 0x84, 0xA4, 0xAA,
    0x67, 0x84, 0xA6, 0xAA, 0x66, 0x84, 0xA4, 0xEA, 0x46, 0x68, 0xAA, 0xAA, 0x46, 0x48, 0xAA, 0xAA,
    0x4A, 0x78, 0x74, 0x74, 0x6A, 0x78, 0x74, 0x74, 0x4A, 0x78, 0x74, 0x76, 0x86, 0x67, 0x74, 0x46,
    0x84, 0x67, 0x74, 0x46, 0x86, 0x67, 0x74, 0x46, 0x84, 0x67, 0x74, 0x76, 0x86, 0x67, 0x74, 0xC7,
    0x0A, 0x00, 0x00, 0x00, 0x0A, 0x00, 0x00, 0x00, 0x09, 0x00, 0x00, 0x00, 0xA7, 0x00, 0x00, 0x00,
    0xA7, 0x00, 0x00, 0x00, 0xA7, 0xAA, 0x00, 0x00, 0x68, 0x66, 0x0A, 0x00, 0x66, 0x66, 0xA7, 0x00,
    0x66, 0x7A, 0x46, 0x67, 0xA6, 0x67, 0x74, 0x66, 0xA6, 0x67, 0x74, 0x66, 0x7A, 0x66, 0x74, 0x66,
    0x7A, 0x46, 0x67, 0x46, 0x7A, 0x46, 0x67, 0x46, 0xAA, 0x77, 0x77, 0x77, 0x77, 0xAA, 0xAA, 0xAA,
    0x46, 0x68, 0xAA, 0xAA, 0x84, 0xA4, 0xAA, 0xAA, 0x84, 0xA6, 0x0A, 0x00, 0x84, 0xA4, 0x00, 0x00,
    0x68, 0x0A, 0x00, 0x00, 0x48, 0x0A, 0x00, 0x00, 0x68, 0x0A, 0x00, 0x00, 0xAA, 0x00, 0x00, 0x00,
    0x84, 0x77, 0xAA, 0x6A, 0x8A, 0xAA, 0x67, 0x66, 0xAA, 0x76, 0x77, 0x77, 0x00, 0x4A, 0x46, 0x46,
    0x00, 0xA0, 0xAA, 0xAA, 0x00, 0x00, 0x00, 0x00, 0x00, 0x00, 0x00, 0x00, 0x00, 0x00, 0x00, 0x00,
    0x66, 0x76, 0xA7, 0x00, 0x66, 0x77, 0xA6, 0x00, 0x77, 0x67, 0xA4, 0x00, 0x46, 0x46, 0x0A, 0x00,
    0xAA, 0xAA, 0x00, 0x00, 0x00, 0x00, 0x00, 0x00, 0x00, 0x00, 0x00, 0x00, 0x00, 0x00, 0x00, 0x00,
    0x00, 0x00, 0x00, 0x00, 0x00, 0x00, 0x00, 0x00, 0x00, 0x00, 0x00, 0x00, 0x00, 0x00, 0x00, 0x00,
    0x00, 0x00, 0x00, 0x00, 0x00, 0x00, 0xF0, 0xFF, 0x00, 0xFF, 0xFF, 0xFF, 0xFF, 0xFF, 0xFF, 0xFF,
    0x00, 0x00, 0x00, 0x00, 0x00, 0x00, 0x00, 0x00, 0x00, 0x00, 0xF0, 0xFF, 0xF0, 0xFF, 0xFF, 0xFF,
    0xFF, 0xFF, 0xFF, 0xFF, 0xFF, 0xFF, 0xFF, 0xFF, 0xFF, 0xFF, 0xFF, 0xFF, 0xFF, 0xFF, 0x00, 0x00,
    0x00, 0x00, 0x00, 0x00, 0x00, 0xFF, 0xFF, 0xFF, 0xFF, 0xFF, 0xFF, 0xFF, 0xFF, 0xFF, 0xDD, 0xDD,
    0xDF, 0xDD, 0xDD, 0xDD, 0xFF, 0xFF, 0xFF, 0xFF, 0xFF, 0xFF, 0xFF, 0xFF, 0x00, 0xF0, 0xFF, 0xFF,
    0xF0, 0xFF, 0xFF, 0xFF, 0xFF, 0xFF, 0xFF, 0xFF, 0xFF, 0xDD, 0xDD, 0xDD, 0xDD, 0xDD, 0xDD, 0xDD,
    0xDD, 0xDD, 0xDD, 0xDD, 0xFF, 0xFF, 0xFF, 0xDD, 0xFF, 0xFF, 0xFF, 0xFF, 0xFF, 0xFF, 0xFF, 0xFF,
    0xFF, 0xFF, 0xFF, 0xFF, 0xFF, 0x0F, 0x00, 0x00, 0x0F, 0x00, 0x00, 0x00, 0x00, 0x00, 0x00, 0x00,
    0x00, 0x00, 0x00, 0x00, 0x00, 0x00, 0x00, 0x00, 0x00, 0x00, 0x00, 0x00, 0x00, 0x00, 0x00, 0x00,
    0x00, 0x00, 0x00, 0x00, 0x00, 0x00, 0x00, 0x00, 0x00, 0x00, 0x00, 0x00, 0x00, 0x00, 0x00, 0xF0,
    0x00, 0x00, 0x00, 0xFF, 0x00, 0x00, 0xF0, 0xFF, 0x00, 0x00, 0xFF, 0x0F, 0x00, 0x00, 0x0F, 0x00,
    0x00, 0x00, 0xFF, 0xFF, 0x00, 0xF0, 0xFF, 0xFF, 0xF0, 0xFF, 0xFF, 0xFF, 0xFF, 0xFF, 0xFF, 0xFF,
    0xFF, 0xFF, 0xFF, 0xFF, 0xFF, 0x00, 0x00, 0x00, 0x00, 0x00, 0x00, 0x00, 0x00, 0x00, 0x00, 0x00,
    0xFF, 0xFF, 0xFF, 0xFF, 0xFF, 0xFF, 0xFF, 0xFF, 0xFF, 0xFF, 0xFF, 0xDD, 0xFF, 0xFF, 0xFF, 0xDD,
    0xFF, 0xFF, 0xFF, 0xFF, 0x00, 0x00, 0x00, 0xFF, 0x00, 0x00, 0x00, 0x00, 0x00, 0x00, 0x00, 0x00,
    0xFF, 0xFF, 0xFF, 0xFF, 0xFF, 0xFF, 0xFF, 0xFF, 0xDD, 0xDD, 0xDD, 0xDD, 0xDD, 0xDD, 0xDD, 0xDD,
    0xDD, 0xDD, 0xDD, 0xDD, 0xDD, 0xDD, 0xDD, 0xDD, 0xFF, 0xFF, 0xDF, 0xDD, 0xFF, 0xFF, 0xDD, 0xDD,
    0x00, 0x00, 0x00, 0x00, 0xFF, 0xFF, 0xFF, 0x00, 0xFF, 0xFF, 0xFF, 0xFF, 0xDD, 0xDD, 0xDD, 0xFF,
    0xDD, 0xDD, 0xDD, 0xDD, 0xDD, 0xDD, 0xDD, 0xDD, 0xDD, 0xDD, 0xDD, 0xDD, 0xDD, 0xDD, 0xDD, 0xDD,
    0x00, 0x00, 0x00, 0x00, 0x00, 0x00, 0x00, 0x00, 0x0F, 0x00, 0x00, 0x00, 0xFF, 0xFF, 0xFF, 0x00,
    0xDD, 0xDD, 0xFD, 0xFF, 0xDD, 0xDD, 0xDD, 0xDD, 0xDD, 0xDD, 0xDD, 0xDD, 0xDD, 0xDD, 0xDD, 0xDD,
    0x00, 0x00, 0x00, 0x00, 0x00, 0x00, 0x00, 0x00, 0x00, 0x00, 0x00, 0x00, 0x00, 0x00, 0x00, 0x00,
    0x0F, 0x00, 0x00, 0x00, 0xDD, 0xFF, 0x00, 0x00, 0xDD, 0xDD, 0xFD, 0x0F, 0xDD, 0xDD, 0xDD, 0xDD,
    0xFF, 0xDD, 0xDD, 0xDD, 0xDD, 0xDD, 0xDD, 0xDD, 0xDD, 0xDD, 0xDD, 0xDD, 0xDD, 0xDD, 0xDD, 0xDD,
    0xFF, 0xFF, 0xFF, 0xFF, 0xFF, 0xFF, 0xFF, 0xFF, 0x00, 0x00, 0xF0, 0xFF, 0x00, 0x00, 0x00, 0x00,
    0xDD, 0xDD, 0xDD, 0xDD, 0xDD, 0xDD, 0xDD, 0xDD, 0xDD, 0xDD, 0xDD, 0xDD, 0xDD, 0xDD, 0xDD, 0xDD,
    0xDF, 0xDD, 0xDD, 0xDD, 0xFF, 0xFF, 0xDD, 0xDD, 0xFF, 0xFF, 0xFF, 0xDD, 0x00, 0xF0, 0xFF, 0xFF,
    0xDD, 0xDD, 0xDD, 0xDD, 0xDD, 0xDD, 0xDD, 0xFD, 0xDD, 0xDD, 0xDD, 0x4D, 0xDD, 0xDD, 0xDD, 0xA3,
    0xDD, 0xFD, 0xDF, 0x46, 0xDD, 0xDD, 0xAF, 0x44, 0xDD, 0xDD, 0x4D, 0x76, 0xDF, 0xDD, 0x94, 0x43,
    0xDD, 0xDD, 0xDD, 0xDD, 0xDF, 0xDD, 0xDD, 0xDD, 0xFF, 0xFF, 0xDD, 0xDD, 0x7D, 0xFF, 0xFF, 0x66,
    0x4D, 0xD8, 0xDF, 0x44, 0x74, 0xFD, 0xDF, 0x26, 0x9F, 0x49, 0xDF, 0x44, 0x7F, 0x44, 0x7D, 0x84,
    0x00, 0x00, 0x00, 0xFF, 0x00, 0x00, 0x00, 0x00, 0x00, 0x00, 0x00, 0x00, 0x00, 0x00, 0x00, 0x00,
    0x00, 0x00, 0x05, 0x00, 0x00, 0x00, 0x53, 0x50, 0x00, 0x50, 0x31, 0x35, 0x50, 0x35, 0x21, 0x15,
    0xFF, 0xFD, 0xDA, 0x4D, 0xFF, 0xDF, 0xFF, 0x96, 0x00, 0xFF, 0xDD, 0xFF, 0x05, 0x00, 0xDF, 0xFF,
    0x53, 0x00, 0xF0, 0x9D, 0x51, 0x00, 0x00, 0x74, 0x51, 0x50, 0x00, 0xF0, 0x52, 0x53, 0x00, 0x00,
    0x35, 0x13, 0x52, 0x31, 0x31, 0x52, 0x33, 0x13, 0x31, 0x35, 0x12, 0x21, 0x11, 0x13, 0x21, 0x53,
    0x15, 0x31, 0x23, 0x11, 0x53, 0x33, 0x12, 0x53, 0x32, 0x55, 0x31, 0x31, 0x51, 0x12, 0x13, 0x15,
    0x35, 0x51, 0x50, 0xC0, 0x15, 0x52, 0x53, 0x70, 0x25, 0x33, 0x51, 0x4C, 0x33, 0x12, 0xF5, 0x48,
    0x35, 0x53, 0x95, 0x64, 0x21, 0x35, 0x6C, 0x94, 0x55, 0xA3, 0x47, 0xF8, 0x35, 0x95, 0x45, 0x0F,
    0x7D, 0x74, 0x4F, 0xA6, 0x7F, 0x94, 0x26, 0xF6, 0xFD, 0xFF, 0x62, 0xF4, 0xDF, 0x4D, 0xA4, 0x0F,
    0xFF, 0x46, 0x07, 0x00, 0x4F, 0x42, 0x09, 0x00, 0x7C, 0x62, 0x0F, 0x00, 0x29, 0xF7, 0x00, 0x00,
    0x64, 0x0A, 0x00, 0x00, 0x84, 0x0F, 0x00, 0x00, 0xE6, 0x00, 0x00, 0x00, 0x09, 0x00, 0x00, 0x00,
    0x0A, 0x00, 0x00, 0x00, 0x00, 0x00, 0x00, 0x00, 0x12, 0x02, 0x00, 0x00, 0x10, 0x01, 0x00, 0x00,
    0x42, 0x02, 0x00, 0x00, 0x74, 0x00, 0x00, 0x00, 0x04, 0x12, 0x22, 0x04, 0x66, 0x00, 0x03, 0x00,
    0x03, 0x00, 0x00, 0x00, 0x11, 0x00, 0x00, 0x00, 0x10, 0x22, 0x41, 0x04, 0x41, 0x23, 0x57, 0x00,
    0x64, 0x02, 0x00, 0x00, 0x44, 0x23, 0x00, 0x00, 0x24, 0x22, 0x00, 0x00, 0x60, 0x04, 0x00, 0x00,
    0x00, 0x00, 0x00, 0x00, 0x00, 0x00, 0x00, 0x00, 0x00, 0x00, 0x00, 0x00, 0x00, 0x00, 0x00, 0x00,
    0x00, 0x00, 0x00, 0x6A, 0x00, 0x00, 0x00, 0x4A, 0x00, 0x00, 0x00, 0xA0, 0x00, 0x00, 0x00, 0x00,
    0x00, 0x00, 0x00, 0x00, 0x00, 0x00, 0x00, 0x00, 0x00, 0x00, 0x00, 0x00, 0x00, 0x00, 0x00, 0x00,
    0x77, 0x77, 0x77, 0xA7, 0x77, 0x77, 0x46, 0xA6, 0x46, 0x46, 0x46, 0xA6, 0xAA, 0xAA, 0xAA, 0x0A,
    0x00, 0x00, 0x00, 0x00, 0x00, 0x00, 0x00, 0x00, 0x00, 0x00, 0x00, 0x00, 0x00, 0x00, 0x00, 0x00,
    0x00, 0x00, 0x00, 0x00, 0x00, 0x00, 0x00, 0x00, 0x00, 0x00, 0x00, 0x00, 0x00, 0x00, 0x00, 0x00,
    0x00, 0x00, 0x00, 0x00, 0x00, 0x00, 0x00, 0x00, 0x00, 0x00, 0x00, 0x00, 0x0F, 0x00, 0x00, 0x00,
    0x0D, 0x00, 0x00, 0x00, 0x2D, 0x0F, 0x00, 0x00, 0x44, 0x00, 0x00, 0x00, 0x93, 0x00, 0x00, 0x00,
    0xF8, 0x00, 0x00, 0x00, 0xF2, 0x00, 0x00, 0x00, 0xFF, 0x00, 0x00, 0x00, 0x00, 0x00, 0x00, 0x00,
    0x00, 0x00, 0x00, 0x00, 0x00, 0x00, 0x00, 0x00, 0x00, 0x00, 0x00, 0x00, 0x00, 0x00, 0x00, 0x00,
    0x00, 0x00, 0x00, 0x00, 0x00, 0x00, 0x00, 0x00, 0x00, 0x00, 0x00, 0xA0, 0x00, 0x00, 0x00, 0xAA,
    0x00, 0x00, 0xA0, 0x8A, 0x00, 0x00, 0xA0, 0x88, 0x00, 0x00, 0xAA, 0x68, 0x00, 0x00, 0xAA, 0x68,
    0x00, 0xA0, 0xAA, 0x78, 0x00, 0x00, 0xAA, 0x7A, 0x00, 0x00, 0xA0, 0xAA, 0x00, 0x00, 0x00, 0x7A,
    0x00, 0x00, 0x00, 0xFF, 0x00, 0x00, 0xFF, 0xFF, 0x00, 0xF0, 0xFF, 0xFF, 0x00, 0xFF, 0xFF, 0x0F,
    0xF0, 0xFF, 0x0F, 0x00, 0xFF, 0x0F, 0x00, 0x00, 0x0F, 0x00, 0x00, 0x00, 0x00, 0x00, 0x00, 0x00,
    0x00, 0x00, 0x00, 0x00, 0x00, 0x00, 0x00, 0x30, 0x00, 0x00, 0x00, 0x25, 0x00, 0x00, 0x00, 0x55,
    0x00, 0x00, 0x50, 0x23, 0x00, 0x00, 0x50, 0x11, 0x00, 0x00, 0x50, 0x31, 0x00, 0x00, 0x15, 0x53,
};
static const u16 sFrame34[] = {
    0x000A, 0x00DC, 0x81F8, 0x0000, 0x40BC, 0x81E0, 0x0010, 0x40BC, 0x8000, 0x0018, 0x00CC, 0x4008,
    0x0020, 0x80CC, 0x4018, 0x0024, 0x40FC, 0x01F0, 0x0028, 0x80BC, 0x0020, 0x002A, 0x80EC, 0x01F0,
    0x002C, 0x00C4, 0x01D8, 0x002E, 0x00D4, 0x0000, 0x002F, 0x0000,
};
static const void* const sFrames34[] = { sFrame34 };
static const u8 sTiles35[1472] __attribute__((aligned(4))) = {
    0x00, 0x00, 0x00, 0x00, 0x00, 0x00, 0x00, 0x00, 0x00, 0x00, 0x00, 0x00, 0x00, 0x00, 0x00, 0x00,
    0x00, 0x00, 0x00, 0x00, 0x00, 0x00, 0x00, 0x00, 0x00, 0x00, 0x00, 0x00, 0x00, 0x00, 0x00, 0x50,
    0x00, 0x00, 0x00, 0x00, 0x00, 0x00, 0x00, 0x00, 0x00, 0x00, 0x00, 0x00, 0x00, 0x00, 0x00, 0x05,
    0x00, 0x05, 0x00, 0x53, 0x00, 0x53, 0x50, 0x51, 0x50, 0x31, 0x35, 0x51, 0x35, 0x21, 0x15, 0x52,
    0x00, 0x00, 0xFF, 0xFF, 0x00, 0x00, 0xF0, 0xFF, 0x00, 0x00, 0x00, 0xFF, 0x00, 0x00, 0x00, 0xF0,
    0x00, 0x00, 0x00, 0x00, 0x00, 0x00, 0x00, 0x00, 0x50, 0x00, 0x00, 0x00, 0x53, 0x00, 0x00, 0x00,
    0x0F, 0x00, 0xF0, 0xFF, 0xFF, 0xFF, 0xFF, 0xFF, 0xFF, 0xFF, 0xFF, 0xFF, 0xFF, 0xFF, 0xFF, 0xFF,
    0xFF, 0xFF, 0xFF, 0xFF, 0xF0, 0xFF, 0xFF, 0xFF, 0x00, 0xFF, 0xDD, 0xFD, 0x00, 0xFF, 0xDD, 0xDD,
    0x00, 0x00, 0x00, 0x35, 0x00, 0x00, 0x30, 0x31, 0x00, 0x00, 0x25, 0x31, 0x00, 0x00, 0x55, 0x11,
    0x00, 0x50, 0x23, 0x15, 0x00, 0x50, 0x11, 0x53, 0x00, 0x50, 0x31, 0x32, 0x00, 0x15, 0x53, 0x51,
    0x13, 0x52, 0x31, 0x35, 0x52, 0x33, 0x13, 0x15, 0x35, 0x12, 0x21, 0x25, 0x13, 0x21, 0x53, 0x33,
    0x31, 0x23, 0x11, 0x35, 0x33, 0x12, 0x53, 0x21, 0x55, 0x31, 0x31, 0x55, 0x12, 0x13, 0x15, 0x35,
    0x51, 0x50, 0x00, 0x00, 0x52, 0x53, 0x00, 0x00, 0x33, 0x51, 0x00, 0x00, 0x12, 0x05, 0x00, 0x00,
    0x53, 0x05, 0x00, 0x00, 0x35, 0x32, 0x05, 0x00, 0x23, 0x55, 0x23, 0x21, 0x55, 0x35, 0x00, 0x11,
    0x00, 0xF0, 0xDF, 0xDD, 0x00, 0xF0, 0xDF, 0xDD, 0x00, 0x00, 0xFF, 0xDD, 0x00, 0x00, 0xFF, 0xDD,
    0x00, 0x00, 0xFF, 0xDF, 0x00, 0x00, 0xF0, 0xDF, 0x00, 0x00, 0xF0, 0xDF, 0x00, 0x00, 0xF0, 0xFF,
    0x50, 0x33, 0x15, 0x32, 0x00, 0x55, 0x21, 0x15, 0x50, 0x13, 0x32, 0x35, 0x30, 0x5A, 0x55, 0x53,
    0xAA, 0xA7, 0x3A, 0x52, 0xAA, 0x66, 0x44, 0xAA, 0x46, 0xAA, 0x8A, 0xA4, 0x66, 0xA4, 0x38, 0x36,
    0x31, 0x35, 0x52, 0x52, 0x53, 0x55, 0x53, 0x57, 0x15, 0x57, 0x35, 0x34, 0x21, 0x14, 0x15, 0x55,
    0x13, 0x11, 0x11, 0x08, 0x38, 0x11, 0x81, 0x0A, 0x86, 0x35, 0x68, 0x24, 0xA8, 0x9E, 0x66, 0x64,
    0x52, 0x42, 0x22, 0x24, 0x35, 0x25, 0x44, 0x07, 0x25, 0x24, 0x42, 0x20, 0x44, 0x27, 0x62, 0x06,
    0x00, 0x44, 0x24, 0x00, 0x12, 0x72, 0x27, 0x01, 0x22, 0x06, 0x02, 0x21, 0x27, 0x32, 0x12, 0x34,
    0x00, 0x00, 0xF0, 0xFF, 0x00, 0x00, 0xF0, 0xFF, 0x21, 0x42, 0x00, 0xFF, 0x30, 0x00, 0x00, 0xFF,
    0x00, 0x00, 0x00, 0xFF, 0x00, 0x00, 0x00, 0xFF, 0x12, 0x44, 0x00, 0xDF, 0x72, 0x05, 0x00, 0xDF,
    0x67, 0x46, 0x4E, 0x63, 0x77, 0x66, 0xA6, 0x4A, 0x7E, 0x77, 0x67, 0xA4, 0xE4, 0x7E, 0x77, 0x46,
    0x87, 0xA8, 0x77, 0x67, 0x88, 0x88, 0xAA, 0x77, 0x88, 0x68, 0x49, 0xAA, 0x86, 0x48, 0x6A, 0x88,
    0x18, 0x4F, 0xAA, 0x70, 0x76, 0xAA, 0xAA, 0x2A, 0xAA, 0x44, 0xA4, 0xA6, 0x44, 0x4A, 0x66, 0xA7,
    0x66, 0xA6, 0x76, 0xA7, 0x77, 0xA7, 0x77, 0x4A, 0xAA, 0x8A, 0xAA, 0x80, 0x47, 0x66, 0x68, 0xA0,
    0x42, 0x22, 0x41, 0x26, 0x4A, 0x34, 0x44, 0x34, 0x65, 0x66, 0x47, 0x22, 0xF4, 0x00, 0x07, 0x46,
    0x34, 0x07, 0x0C, 0x00, 0x24, 0x65, 0x97, 0x0F, 0x57, 0x46, 0x44, 0x96, 0x0E, 0xA0, 0x68, 0x44,
    0x00, 0x00, 0xF0, 0xDF, 0x02, 0x00, 0xF0, 0xDD, 0x02, 0x00, 0xF0, 0xDD, 0x00, 0x00, 0xDF, 0xDD,
    0x00, 0x00, 0xDF, 0xDD, 0x00, 0xF0, 0xD4, 0xFE, 0x07, 0xFF, 0x98, 0xFE, 0x76, 0xA7, 0xFE, 0xFF,
    0x00, 0x00, 0x00, 0x00, 0x00, 0x00, 0x00, 0x00, 0x00, 0x00, 0x00, 0xA0, 0x00, 0x00, 0x00, 0xAA,
    0x00, 0x00, 0xA0, 0x8A, 0x00, 0x00, 0xA0, 0x88, 0x00, 0x00, 0xAA, 0x68, 0x00, 0xA0, 0x8A, 0x66,
    0x80, 0x66, 0x67, 0x74, 0x8A, 0xA6, 0x47, 0x77, 0x68, 0xA6, 0x46, 0x67, 0x68, 0x7A, 0x46, 0x47,
    0x66, 0x7A, 0x74, 0x46, 0xA6, 0x47, 0x67, 0x46, 0x7A, 0x74, 0x66, 0x84, 0x7A, 0x74, 0x66, 0x84,
    0x84, 0x68, 0xAA, 0x84, 0x84, 0xA4, 0xAA, 0x86, 0x84, 0xA6, 0xAA, 0x84, 0x48, 0xAA, 0x6A, 0x78,
    0x68, 0xAA, 0x4A, 0x78, 0x48, 0xAA, 0x6E, 0x78, 0xA6, 0xAA, 0x4A, 0x78, 0xA4, 0xAA, 0x6A, 0x78,
    0x47, 0x47, 0x46, 0x44, 0x47, 0x47, 0x42, 0x04, 0x47, 0x67, 0x27, 0x00, 0x46, 0x67, 0x74, 0x0A,
    0x46, 0x67, 0x74, 0x0A, 0x46, 0x67, 0x74, 0xAA, 0x46, 0x67, 0x87, 0x66, 0x46, 0x77, 0x6C, 0x66,
    0x00, 0xAA, 0x68, 0xA6, 0x00, 0x8A, 0x68, 0x7A, 0xA0, 0x8A, 0x66, 0x7A, 0xA0, 0x8A, 0xA6, 0x67,
    0xAA, 0x8A, 0xA7, 0x67, 0xA0, 0xAA, 0xA7, 0x67, 0x00, 0xAA, 0xAA, 0x7A, 0x00, 0xA0, 0x77, 0xA7,
    0x67, 0x74, 0x66, 0x84, 0x46, 0x67, 0x46, 0x48, 0x46, 0x67, 0x46, 0x68, 0x46, 0x67, 0x46, 0x48,
    0x74, 0x66, 0x84, 0xA6, 0x74, 0x66, 0x84, 0xA4, 0x77, 0x77, 0x87, 0xA6, 0xAA, 0xAA, 0xAA, 0x0A,
    0xA6, 0xAA, 0x4A, 0x78, 0xAA, 0xAA, 0xAA, 0xA8, 0xAA, 0x00, 0xA0, 0x6A, 0x0A, 0x00, 0x00, 0xA0,
    0x00, 0x00, 0x00, 0x00, 0x00, 0x00, 0x00, 0x00, 0x00, 0x00, 0x00, 0x00, 0x00, 0x00, 0x00, 0x00,
    0xA7, 0xAA, 0x66, 0x66, 0x7A, 0x66, 0x66, 0x76, 0x77, 0x77, 0x77, 0x77, 0x64, 0x64, 0x64, 0x64,
    0xAA, 0xAA, 0xAA, 0xAA, 0x00, 0x00, 0x00, 0x00, 0x00, 0x00, 0x00, 0x00, 0x00, 0x00, 0x00, 0x00,
    0xDD, 0xFD, 0xFF, 0x00, 0xDD, 0xFD, 0xFF, 0x0F, 0xDF, 0xDD, 0xFF, 0x0F, 0xFF, 0xDD, 0xFD, 0xFF,
    0xFF, 0xDD, 0xDD, 0xFF, 0xFF, 0xDF, 0xDD, 0xFF, 0xFF, 0xDF, 0xDD, 0xFD, 0xFF, 0xDF, 0xDD, 0xFD,
    0x00, 0x00, 0x00, 0x00, 0x00, 0x00, 0x00, 0x00, 0x00, 0x00, 0x00, 0x00, 0x00, 0x00, 0x00, 0x00,
    0x00, 0x00, 0x00, 0x00, 0x00, 0x00, 0x00, 0x00, 0x0F, 0x00, 0x00, 0x00, 0xFF, 0x00, 0x00, 0x00,
    0xFD, 0xFF, 0xDD, 0xDD, 0xFD, 0xFF, 0xDD, 0xDD, 0xDD, 0xFF, 0xDD, 0xDD, 0xDD, 0xFF, 0xDF, 0xDD,
    0xDD, 0xFD, 0xDF, 0xDD, 0xDD, 0xDD, 0xDD, 0xDD, 0xDD, 0xDD, 0xDD, 0xDD, 0xDD, 0xDD, 0xDD, 0xDD,
    0xFF, 0x00, 0x00, 0x00, 0xFF, 0x00, 0x00, 0x00, 0xFF, 0x0F, 0x00, 0x00, 0xFD, 0x0F, 0x00, 0x00,
    0xFD, 0x0F, 0x00, 0x00, 0xFD, 0x0F, 0x00, 0x00, 0xFD, 0xFF, 0x00, 0x00, 0xDD, 0xFF, 0x00, 0x00,
    0xDD, 0xDD, 0xDD, 0xDD, 0xDD, 0xDD, 0xDD, 0xDD, 0xDD, 0xDD, 0xDD, 0xDD, 0xDD, 0xDD, 0xDD, 0xDD,
    0xDD, 0xDD, 0xDD, 0xDD, 0xDD, 0xDD, 0xDD, 0xDD, 0xDD, 0xDD, 0xDD, 0xDD, 0xDD, 0xDD, 0xDD, 0xDD,
    0xDD, 0xFF, 0x00, 0x00, 0xDD, 0xFF, 0x00, 0x00, 0xDD, 0xFF, 0x00, 0x00, 0xDD, 0xFF, 0x00, 0x00,
    0xDD, 0xFD, 0x00, 0x00, 0xDD, 0xFD, 0x00, 0x00, 0xDD, 0xFD, 0x00, 0x00, 0xDD, 0xFD, 0x00, 0x00,
    0xDD, 0xDD, 0xDD, 0xDD, 0xFD, 0xDD, 0xFF, 0xDD, 0x7E, 0xD4, 0xDE, 0xDD, 0xDE, 0x49, 0x67, 0xD3,
    0xD7, 0x63, 0x44, 0x46, 0x68, 0x74, 0x46, 0xED, 0xDE, 0xEF, 0x47, 0x96, 0x8A, 0x77, 0x78, 0xE7,
    0xDD, 0xFD, 0x00, 0x00, 0xDD, 0xFD, 0x00, 0x00, 0xDD, 0xFD, 0x00, 0x00, 0xDD, 0xDD, 0x00, 0x00,
    0xD9, 0xDD, 0x00, 0x00, 0xDF, 0xDD, 0x00, 0x00, 0xDF, 0xDD, 0x00, 0x00, 0xDF, 0xDD, 0x00, 0x00,
    0x00, 0x00, 0x00, 0x00, 0x00, 0x00, 0x00, 0x00, 0x00, 0x00, 0x00, 0x00, 0x00, 0x00, 0x00, 0x00,
    0x00, 0x00, 0x00, 0x00, 0x00, 0x00, 0x00, 0x00, 0x00, 0x00, 0x00, 0x00, 0x00, 0x00, 0x00, 0x20,
    0x00, 0x00, 0x00, 0x00, 0x70, 0x04, 0x04, 0x00, 0x00, 0x22, 0x62, 0x00, 0x00, 0xA4, 0xAA, 0x02,
    0x00, 0x6A, 0x66, 0xAA, 0xA4, 0x77, 0x66, 0xA6, 0xA0, 0x87, 0x67, 0x7A, 0xA0, 0x7A, 0x77, 0x7A,
    0x00, 0x00, 0x00, 0x40, 0x00, 0x00, 0x00, 0x00, 0x00, 0x00, 0x00, 0x00, 0x00, 0x00, 0x00, 0x00,
    0x00, 0x00, 0x00, 0x00, 0x00, 0x00, 0x00, 0x00, 0x00, 0x00, 0x00, 0x00, 0x00, 0x00, 0x00, 0x00,
    0x24, 0xAA, 0xAA, 0x7E, 0x22, 0x06, 0x70, 0xDA, 0x44, 0x03, 0x00, 0xAA, 0x70, 0x12, 0xA1, 0x88,
    0x00, 0x22, 0x8A, 0x46, 0x00, 0x43, 0x8A, 0x74, 0x00, 0xA0, 0x68, 0x74, 0x00, 0x68, 0x8A, 0x74,
    0xF6, 0x00, 0x90, 0x89, 0x00, 0x00, 0x00, 0x00, 0x00, 0x00, 0x00, 0x00, 0x00, 0x00, 0x00, 0x00,
    0x00, 0x00, 0x00, 0x00, 0x0A, 0x00, 0x00, 0x00, 0xA6, 0x00, 0x00, 0x00, 0x76, 0x0A, 0x00, 0x00,
    0x46, 0x44, 0x66, 0xD9, 0x8A, 0x67, 0x22, 0xD6, 0xF0, 0xA0, 0x44, 0x46, 0x00, 0x00, 0xAA, 0x68,
    0x00, 0x00, 0x00, 0xC0, 0x00, 0x00, 0x00, 0x00, 0x00, 0x00, 0x00, 0x00, 0x00, 0x00, 0x00, 0x00,
    0x49, 0x44, 0xD6, 0xFD, 0x7F, 0x47, 0xF6, 0xFF, 0x64, 0xDC, 0xFE, 0xFD, 0x46, 0x64, 0xD6, 0x64,
    0x47, 0x46, 0x44, 0x42, 0x8A, 0x9A, 0x47, 0x43, 0x00, 0x00, 0xA0, 0xA8, 0x00, 0x00, 0xF0, 0x00,
    0xDF, 0xDD, 0x00, 0x00, 0xDD, 0xDD, 0x00, 0x00, 0xDD, 0xDD, 0x00, 0x00, 0xDD, 0xDD, 0x00, 0x00,
    0xD6, 0x0D, 0x00, 0x00, 0x44, 0x00, 0x00, 0x00, 0x49, 0x04, 0x00, 0x00, 0x00, 0x0F, 0x00, 0x00,
    0x00, 0x00, 0xFF, 0xFF, 0x00, 0x00, 0xF0, 0xFF, 0x00, 0x00, 0xF0, 0xFF, 0x00, 0x00, 0xF0, 0xFF,
    0x00, 0x00, 0x00, 0xFF, 0x00, 0x00, 0x00, 0xFF, 0x00, 0x00, 0x00, 0xFF, 0x00, 0x00, 0x00, 0xFF,
    0x0F, 0x00, 0x00, 0x00, 0xFF, 0x00, 0x00, 0x00, 0xFF, 0x00, 0x00, 0x00, 0xFF, 0x0F, 0x00, 0x00,
    0xFF, 0xFF, 0x00, 0x00, 0xFF, 0xFF, 0x00, 0x00, 0xFF, 0xFF, 0x0F, 0x00, 0xFF, 0xFF, 0xFF, 0x00,
    0x00, 0xA0, 0x76, 0x77, 0x00, 0xA0, 0x74, 0x77, 0x00, 0x00, 0x6A, 0x64, 0x00, 0x00, 0xA0, 0xAA,
    0x00, 0x00, 0x00, 0x00, 0x00, 0x00, 0x00, 0x00, 0x00, 0x00, 0x00, 0x00, 0x00, 0x00, 0x00, 0x00,
    0x77, 0x77, 0x0A, 0x00, 0x67, 0x64, 0x0A, 0x00, 0x64, 0x64, 0x0A, 0x00, 0xAA, 0xAA, 0x00, 0x00,
    0x00, 0x00, 0x00, 0x00, 0x00, 0x00, 0x00, 0x00, 0x00, 0x00, 0x00, 0x00, 0x00, 0x00, 0x00, 0x00,
    0xF0, 0x00, 0x00, 0x00, 0xF0, 0x0F, 0x00, 0x00, 0x00, 0xFF, 0x00, 0x00, 0x00, 0xFF, 0x0F, 0x00,
    0x00, 0xF0, 0xFF, 0x00, 0x00, 0xF0, 0xFF, 0x0F, 0x00, 0x00, 0xFF, 0xFF, 0x00, 0x00, 0xFF, 0xFF,
    0x77, 0x0A, 0x00, 0x00, 0x67, 0x0A, 0x00, 0x00, 0x46, 0x0A, 0x00, 0x00, 0xA4, 0x00, 0x00, 0x00,
    0x0A, 0x00, 0x00, 0x00, 0x00, 0x00, 0x00, 0x00, 0x00, 0x00, 0x00, 0x00, 0x00, 0x00, 0x00, 0x00,
};
static const u16 sFrame35[] = {
    0x0009, 0x00CC, 0x8002, 0x0000, 0x40EC, 0x81F2, 0x0010, 0x80CC, 0x8022, 0x0018, 0x00DC, 0x41F2,
    0x0020, 0x40EC, 0x4012, 0x0024, 0x40C4, 0x001A, 0x0028, 0x40FC, 0x01F2, 0x002A, 0x00BC, 0x001A,
    0x002C, 0x00F4, 0x0012, 0x002D, 0x0000,
};
static const void* const sFrames35[] = { sFrame35 };
static const u8 sTiles36[1472] __attribute__((aligned(4))) = {
    0x00, 0x00, 0x00, 0x00, 0x00, 0x00, 0x00, 0x00, 0x00, 0x00, 0x00, 0x30, 0x00, 0x00, 0x00, 0x25,
    0x00, 0x00, 0x00, 0x55, 0x00, 0x00, 0x50, 0x23, 0x00, 0x00, 0x50, 0x11, 0x00, 0x00, 0x50, 0x31,
    0x50, 0x35, 0x21, 0x15, 0x35, 0x13, 0x52, 0x31, 0x31, 0x52, 0x33, 0x13, 0x31, 0x35, 0x12, 0x21,
    0x11, 0x13, 0x21, 0x53, 0x15, 0x31, 0x23, 0x11, 0x53, 0x33, 0x12, 0x53, 0x32, 0x55, 0x31, 0x31,
    0x52, 0x53, 0x00, 0x00, 0x35, 0x51, 0x50, 0x00, 0x15, 0x52, 0x53, 0x00, 0x25, 0x33, 0x51, 0x00,
    0x33, 0x12, 0x05, 0x00, 0x35, 0x53, 0x05, 0x00, 0x21, 0x35, 0x32, 0x05, 0x55, 0x23, 0x55, 0x43,
    0x00, 0x00, 0x00, 0x00, 0x00, 0x00, 0x00, 0x00, 0x00, 0x00, 0x00, 0x00, 0x00, 0x00, 0x00, 0x00,
    0x00, 0x00, 0x00, 0x00, 0x00, 0x00, 0x00, 0x00, 0x00, 0x00, 0x00, 0x00, 0x00, 0x00, 0x02, 0x00,
    0x00, 0x00, 0x15, 0x53, 0x00, 0x50, 0x33, 0x15, 0x00, 0x00, 0x55, 0x21, 0x00, 0x50, 0x13, 0x32,
    0x00, 0x00, 0x50, 0x55, 0x00, 0x00, 0xA0, 0x37, 0x00, 0x00, 0x7A, 0xAA, 0x00, 0xAA, 0x64, 0x46,
    0x51, 0x12, 0x13, 0x15, 0x32, 0x31, 0x35, 0x52, 0x15, 0x53, 0x55, 0x53, 0x35, 0x15, 0x57, 0x35,
    0x53, 0x21, 0x14, 0x15, 0x52, 0x13, 0x11, 0x11, 0x7A, 0x38, 0x11, 0x81, 0xA4, 0x8A, 0x35, 0xA8,
    0x35, 0x55, 0x05, 0x27, 0x52, 0x52, 0x20, 0x11, 0x57, 0x35, 0x35, 0x21, 0x34, 0x05, 0x09, 0xA2,
    0x55, 0x00, 0xAA, 0x6A, 0xA8, 0xA6, 0xA4, 0x66, 0x7A, 0x44, 0x64, 0x6A, 0xAA, 0x66, 0x66, 0xA7,
    0x30, 0x01, 0x64, 0x10, 0x11, 0x44, 0x16, 0x60, 0xAA, 0x6A, 0x23, 0x12, 0x68, 0xA8, 0x22, 0x42,
    0x68, 0x68, 0x3A, 0x62, 0x86, 0x86, 0x4A, 0x34, 0x66, 0x68, 0x2A, 0x44, 0x66, 0xA6, 0x21, 0x06,
    0x00, 0x00, 0x00, 0x00, 0x00, 0x00, 0x00, 0x00, 0x00, 0x00, 0x00, 0x00, 0x00, 0x00, 0x00, 0x20,
    0x00, 0x00, 0x00, 0x60, 0x00, 0x00, 0x00, 0x20, 0x00, 0x00, 0x00, 0x74, 0x00, 0x00, 0x00, 0x0F,
    0x00, 0x00, 0x00, 0x00, 0x00, 0x00, 0x00, 0x00, 0x20, 0x40, 0x06, 0xA0, 0x64, 0x74, 0xAA, 0xAA,
    0x63, 0xA0, 0x66, 0xA6, 0x09, 0x6A, 0x68, 0x66, 0x0F, 0x8A, 0x86, 0x66, 0x4F, 0x6A, 0x68, 0x68,
    0x00, 0x00, 0x00, 0xA0, 0x00, 0x00, 0xAA, 0x4A, 0xAA, 0xAA, 0x44, 0x66, 0x44, 0x44, 0x66, 0x76,
    0x44, 0x66, 0x76, 0x77, 0x4A, 0x76, 0xA7, 0xAA, 0xA6, 0xA7, 0x0A, 0xA0, 0xAA, 0x0A, 0x00, 0xA0,
    0xAA, 0x44, 0x76, 0xAA, 0x44, 0x66, 0xA7, 0x88, 0x66, 0x76, 0x8A, 0x46, 0x77, 0xA7, 0x8A, 0x16,
    0xAA, 0x8A, 0xA4, 0x48, 0x8A, 0x48, 0x87, 0xAA, 0x68, 0x74, 0x88, 0x46, 0x48, 0x87, 0x88, 0x68,
    0x00, 0x00, 0x00, 0xB0, 0x00, 0x00, 0xA0, 0x48, 0x00, 0xE0, 0x48, 0x44, 0xC0, 0x48, 0x44, 0xE8,
    0x48, 0x44, 0xA8, 0x00, 0x43, 0xE9, 0x00, 0x00, 0xA8, 0x0F, 0x00, 0x00, 0x00, 0x00, 0x00, 0x00,
    0x44, 0xA4, 0x68, 0xA8, 0x42, 0x22, 0xAA, 0x0A, 0x55, 0x0F, 0xF8, 0x70, 0x00, 0xF6, 0x94, 0x44,
    0x70, 0x43, 0xF4, 0x02, 0x00, 0x30, 0x14, 0x00, 0x00, 0x00, 0x00, 0x00, 0x00, 0x00, 0x00, 0x00,
    0xFE, 0x00, 0x00, 0x8A, 0x07, 0x00, 0x80, 0xA6, 0x06, 0x00, 0x68, 0x76, 0x00, 0xA0, 0x68, 0x7A,
    0x00, 0x8A, 0x66, 0x6A, 0xA0, 0x8A, 0xA6, 0x67, 0xAA, 0x68, 0xA6, 0x47, 0x8A, 0x68, 0x7A, 0x74,
    0x46, 0x87, 0x88, 0x96, 0x48, 0x67, 0x88, 0xA4, 0x46, 0x47, 0x88, 0xA6, 0x74, 0x47, 0x48, 0xAA,
    0x74, 0x46, 0x68, 0xAA, 0x74, 0x84, 0xA4, 0xAA, 0x67, 0x84, 0xA6, 0xAA, 0x66, 0x84, 0xA4, 0xEA,
    0x00, 0x00, 0x00, 0x00, 0x00, 0x00, 0x00, 0x00, 0x00, 0x00, 0x00, 0x00, 0x00, 0x00, 0x00, 0x00,
    0x00, 0x00, 0x00, 0x10, 0x00, 0x00, 0x00, 0x20, 0x00, 0x00, 0x00, 0x00, 0x00, 0x00, 0x00, 0x00,
    0x00, 0x00, 0x20, 0x00, 0x00, 0x02, 0x11, 0x00, 0x20, 0x02, 0x21, 0x00, 0x02, 0x03, 0x72, 0x00,
    0x21, 0x24, 0x64, 0x20, 0x33, 0x14, 0x44, 0x44, 0x00, 0x44, 0x41, 0x00, 0x20, 0x44, 0x42, 0x12,
    0x00, 0x00, 0x00, 0x12, 0x00, 0x00, 0x30, 0x32, 0x00, 0x00, 0x00, 0x00, 0x00, 0x00, 0x00, 0x00,
    0x00, 0x00, 0x00, 0x00, 0x00, 0x00, 0x10, 0x41, 0x00, 0x00, 0x42, 0x76, 0x10, 0x41, 0x74, 0x00,
    0x40, 0x20, 0x74, 0x17, 0x00, 0x10, 0x06, 0x12, 0x00, 0x22, 0x24, 0x14, 0x10, 0x32, 0x23, 0x22,
    0x42, 0x46, 0x23, 0x52, 0x74, 0x20, 0x31, 0x66, 0x12, 0x31, 0x74, 0x00, 0x32, 0x64, 0x00, 0x00,
    0x48, 0x6A, 0xA7, 0xAA, 0x63, 0x83, 0xAA, 0x64, 0x34, 0x86, 0x31, 0xA4, 0x44, 0x68, 0xA8, 0x32,
    0x84, 0x13, 0x03, 0x00, 0x63, 0xE8, 0x0E, 0x00, 0x8A, 0x7A, 0xA7, 0x00, 0x86, 0x78, 0x74, 0x0E,
    0x46, 0x66, 0x76, 0xA7, 0x7A, 0xA7, 0xAA, 0xAA, 0xAA, 0x0A, 0x00, 0x00, 0x00, 0x00, 0x00, 0x00,
    0x04, 0x00, 0x00, 0x00, 0x01, 0x00, 0x00, 0x00, 0x00, 0x00, 0x00, 0x00, 0x00, 0x00, 0x00, 0x00,
    0x84, 0x78, 0x74, 0xE7, 0x86, 0x78, 0x74, 0x97, 0x4A, 0x78, 0x74, 0x74, 0x6A, 0x78, 0x74, 0x74,
    0x4A, 0x78, 0x74, 0x76, 0x86, 0x67, 0x74, 0x46, 0x84, 0x67, 0x74, 0x46, 0x86, 0x67, 0x74, 0x46,
    0x00, 0x00, 0x00, 0x00, 0x00, 0x00, 0x00, 0x00, 0x0A, 0x00, 0x00, 0x00, 0x0A, 0x00, 0x00, 0x00,
    0x09, 0x00, 0x00, 0x00, 0xA7, 0x00, 0x00, 0x00, 0xA7, 0x00, 0x00, 0x00, 0xA7, 0xAA, 0x00, 0x00,
    0x00, 0x00, 0x00, 0x00, 0x00, 0x00, 0x00, 0x00, 0x00, 0x00, 0x00, 0x00, 0x00, 0x00, 0x00, 0x00,
    0x00, 0x00, 0x00, 0x00, 0x00, 0x00, 0x00, 0x00, 0x00, 0x00, 0x00, 0xF0, 0x00, 0x00, 0x00, 0x90,
    0x00, 0x00, 0x00, 0x00, 0x00, 0x00, 0x00, 0x00, 0x00, 0x00, 0x00, 0x00, 0x00, 0x00, 0x00, 0x00,
    0x00, 0x00, 0x00, 0xA0, 0x00, 0x00, 0xEF, 0x68, 0x00, 0x90, 0x24, 0x44, 0xF6, 0x47, 0x24, 0xC6,
    0x00, 0x00, 0x00, 0x70, 0x00, 0xF0, 0xC0, 0x47, 0x00, 0x70, 0x46, 0x42, 0xF0, 0x6F, 0x42, 0x09,
    0x7F, 0x62, 0x73, 0xF0, 0x27, 0x04, 0x06, 0xFF, 0x00, 0x00, 0xF0, 0x0F, 0x00, 0x00, 0x00, 0xFF,
    0x44, 0x44, 0x6F, 0x0F, 0x42, 0x06, 0xF0, 0x7F, 0xFF, 0x77, 0x0F, 0x0F, 0x40, 0x44, 0x0F, 0xFF,
    0x44, 0xA4, 0x90, 0xF8, 0x0F, 0xA8, 0x46, 0xF7, 0x90, 0xF8, 0x08, 0xF0, 0x46, 0x64, 0x44, 0x48,
    0x00, 0x00, 0x00, 0xA0, 0x00, 0x00, 0x00, 0xAA, 0x00, 0x00, 0xA0, 0x8A, 0x00, 0x00, 0xA0, 0x88,
    0x00, 0x00, 0xAA, 0x68, 0x00, 0x00, 0xAA, 0x68, 0x00, 0xA0, 0xAA, 0x78, 0x00, 0x00, 0xAA, 0x7A,
    0x8A, 0xA6, 0x47, 0x67, 0x68, 0xA6, 0x47, 0x67, 0x66, 0x7A, 0x46, 0x67, 0xA6, 0x67, 0x74, 0x66,
    0xA6, 0x67, 0x74, 0x66, 0x7A, 0x66, 0x74, 0x66, 0x7A, 0x46, 0x67, 0x46, 0x7A, 0x46, 0x67, 0x46,
    0x00, 0x00, 0xA0, 0xAA, 0x00, 0x00, 0x00, 0x7A, 0x00, 0x00, 0x00, 0x6A, 0x00, 0x00, 0x00, 0x4A,
    0x00, 0x00, 0x00, 0xA0, 0x00, 0x00, 0x00, 0x00, 0x00, 0x00, 0x00, 0x00, 0x00, 0x00, 0x00, 0x00,
    0xAA, 0x77, 0x77, 0x77, 0x77, 0xAA, 0xAA, 0xAA, 0x77, 0x77, 0x77, 0xA7, 0x77, 0x77, 0x46, 0xA6,
    0x46, 0x46, 0x46, 0xA6, 0xAA, 0xAA, 0xAA, 0x0A, 0x00, 0x00, 0x00, 0x00, 0x00, 0x00, 0x00, 0x00,
    0x00, 0x00, 0x00, 0x00, 0x00, 0x00, 0x00, 0x00, 0x00, 0x00, 0x00, 0x00, 0x00, 0x00, 0x00, 0x00,
    0x00, 0x00, 0x00, 0x00, 0x00, 0x00, 0x05, 0x00, 0x00, 0x00, 0x53, 0x50, 0x00, 0x50, 0x31, 0x35,
    0x00, 0x00, 0x00, 0x00, 0x00, 0x00, 0x00, 0x00, 0x00, 0x00, 0x00, 0x00, 0x00, 0x00, 0x00, 0x00,
    0x05, 0x00, 0x00, 0x00, 0x53, 0x00, 0x00, 0x00, 0x51, 0x00, 0x00, 0x00, 0x51, 0x50, 0x00, 0x00,
    0x31, 0x74, 0x10, 0x21, 0x61, 0x00, 0x21, 0x44, 0x32, 0x21, 0x74, 0x00, 0x24, 0x64, 0x00, 0x00,
    0x46, 0x00, 0x00, 0x00, 0x00, 0x00, 0x00, 0x00, 0x00, 0x00, 0x00, 0x00, 0x00, 0x00, 0x00, 0x00,
    0x74, 0x00, 0x00, 0x00, 0x00, 0x00, 0x00, 0x00, 0x00, 0x00, 0x00, 0x00, 0x00, 0x00, 0x00, 0x00,
    0x00, 0x00, 0x00, 0x00, 0x00, 0x00, 0x00, 0x00, 0x00, 0x00, 0x00, 0x00, 0x00, 0x00, 0x00, 0x00,
    0x46, 0x68, 0xAA, 0xAA, 0x46, 0x48, 0xAA, 0xAA, 0x46, 0x68, 0xAA, 0xAA, 0x84, 0xA4, 0xAA, 0xAA,
    0x84, 0xA6, 0x0A, 0x00, 0x84, 0xA4, 0x00, 0x00, 0x68, 0x0A, 0x00, 0x00, 0x48, 0x0A, 0x00, 0x00,
    0x84, 0x67, 0x74, 0x76, 0x86, 0x67, 0x74, 0xC7, 0x84, 0x77, 0xAA, 0x6A, 0x8A, 0xAA, 0x67, 0x66,
    0xAA, 0x76, 0x77, 0x77, 0x00, 0x4A, 0x46, 0x46, 0x00, 0xA0, 0xAA, 0xAA, 0x00, 0x00, 0x00, 0x00,
    0x00, 0x00, 0x00, 0xF0, 0x00, 0x00, 0x00, 0x00, 0x00, 0x00, 0x00, 0x00, 0x00, 0x00, 0x00, 0x00,
    0x00, 0x00, 0x00, 0x00, 0x00, 0x00, 0x00, 0x00, 0x00, 0x00, 0x00, 0x00, 0x00, 0x00, 0x00, 0x00,
    0x0A, 0x74, 0x79, 0x00, 0xFF, 0x48, 0xF0, 0x00, 0x8F, 0x03, 0xF0, 0x0F, 0x00, 0x00, 0x00, 0x00,
    0x00, 0x00, 0x00, 0x00, 0x00, 0x00, 0x00, 0x00, 0x00, 0x00, 0x00, 0x00, 0x00, 0x00, 0x00, 0x00,
    0x00, 0x00, 0x00, 0x00, 0x00, 0x00, 0x00, 0x00, 0x00, 0x00, 0x00, 0x00, 0x22, 0x00, 0x00, 0x00,
    0x30, 0x00, 0x00, 0x00, 0x00, 0x00, 0x00, 0x00, 0x00, 0x20, 0x00, 0x00, 0x10, 0x43, 0x00, 0x00,
    0x32, 0x72, 0x00, 0x00, 0x33, 0x01, 0x00, 0x00, 0x67, 0x22, 0x00, 0x00, 0x24, 0x22, 0x00, 0x00,
    0x44, 0x44, 0x00, 0x00, 0x07, 0x07, 0x00, 0x00, 0x00, 0x00, 0x00, 0x00, 0x00, 0x00, 0x00, 0x00,
    0xAA, 0x0A, 0x41, 0x07, 0x26, 0x12, 0x02, 0x00, 0x00, 0x61, 0x03, 0x00, 0x00, 0x03, 0x00, 0x00,
    0x00, 0x00, 0x00, 0x00, 0x00, 0x00, 0x00, 0x00, 0x00, 0x00, 0x00, 0x00, 0x00, 0x00, 0x00, 0x00,
    0x0F, 0x00, 0x00, 0x00, 0x04, 0x00, 0x00, 0x00, 0x00, 0x00, 0x00, 0x00, 0x00, 0x00, 0x00, 0x00,
    0x00, 0x00, 0x00, 0x00, 0x00, 0x00, 0x00, 0x00, 0x0F, 0x00, 0x00, 0x00, 0x0F, 0x00, 0x00, 0x00,
    0x68, 0x66, 0x0A, 0x00, 0x66, 0x66, 0xA7, 0x00, 0x66, 0x76, 0xA7, 0x00, 0x66, 0x77, 0xA6, 0x00,
    0x77, 0x67, 0xA4, 0x00, 0x46, 0x46, 0x0A, 0x00, 0xAA, 0xAA, 0x00, 0x00, 0x00, 0x00, 0x00, 0x00,
    0x68, 0x0A, 0x00, 0x00, 0xAA, 0x00, 0x00, 0x00, 0x00, 0x00, 0x00, 0x00, 0x00, 0x00, 0x00, 0x00,
    0x00, 0x00, 0x00, 0x00, 0x00, 0x00, 0x00, 0x00, 0x00, 0x00, 0x00, 0x00, 0x00, 0x00, 0x00, 0x00,
};
static const u16 sFrame36[] = {
    0x000F, 0x40D2, 0x8002, 0x0000, 0x40E2, 0x81EA, 0x0008, 0x00CA, 0x4022, 0x0010, 0x00E2, 0x400A,
    0x0014, 0x00EA, 0x41DA, 0x0018, 0x00F2, 0x41F2, 0x001C, 0x40CA, 0x000A, 0x0020, 0x40DA, 0x0022,
    0x0022, 0x40F2, 0x0002, 0x0024, 0x40FA, 0x01DA, 0x0026, 0x80CA, 0x0032, 0x0028, 0x00E2, 0x001A,
    0x002A, 0x00F2, 0x01EA, 0x002B, 0x00F2, 0x0012, 0x002C, 0x00FA, 0x0002, 0x002D, 0x0000,
};
static const void* const sFrames36[] = { sFrame36 };
static const u8 sTiles37[960] __attribute__((aligned(4))) = {
    0x00, 0x00, 0x6A, 0x76, 0x00, 0xA0, 0x67, 0x76, 0x00, 0xA0, 0x67, 0x87, 0x00, 0xA0, 0x67, 0xA7,
    0x00, 0xA0, 0x47, 0xA7, 0x00, 0x7A, 0x44, 0x0A, 0x00, 0x6A, 0x74, 0x0A, 0xA0, 0x67, 0x64, 0x0A,
    0x87, 0x67, 0x44, 0x14, 0x88, 0x78, 0x44, 0xA6, 0x08, 0xAA, 0xAA, 0xA3, 0x00, 0x8A, 0xAA, 0xA1,
    0x00, 0x8A, 0xA8, 0xA6, 0x00, 0x8A, 0xA6, 0xAA, 0x00, 0x8A, 0xA7, 0xAA, 0xA0, 0x88, 0xA7, 0x88,
    0x73, 0xAA, 0xA6, 0x00, 0xA6, 0xA3, 0x76, 0x0A, 0xA4, 0xA1, 0x76, 0x0A, 0xA3, 0xA6, 0x76, 0x0A,
    0xA6, 0x7A, 0x74, 0x0A, 0xA4, 0xAA, 0x44, 0xA7, 0xA3, 0xA8, 0x47, 0xA6, 0xA6, 0xA7, 0x46, 0x76,
    0x00, 0x00, 0x00, 0x00, 0x00, 0x00, 0x00, 0x00, 0x00, 0x00, 0x00, 0x00, 0x00, 0x00, 0x00, 0x00,
    0x00, 0x00, 0x00, 0x00, 0x00, 0x00, 0x00, 0x00, 0x0B, 0x00, 0x00, 0x00, 0xBA, 0x00, 0x00, 0x00,
    0x8A, 0x4A, 0x64, 0x0A, 0x7A, 0xAA, 0x74, 0x0A, 0xAA, 0x68, 0xAA, 0x0A, 0x6A, 0xAA, 0x88, 0xAA,
    0x7A, 0x74, 0xAA, 0xA0, 0x6A, 0x77, 0x0A, 0x7A, 0xA0, 0xAA, 0x0A, 0x8A, 0x00, 0x00, 0x00, 0xAA,
    0x80, 0x8A, 0xA8, 0x77, 0x8A, 0x78, 0x8A, 0x76, 0x8A, 0x77, 0x7A, 0x76, 0xAA, 0x87, 0x7A, 0x86,
    0xA8, 0x87, 0x78, 0x86, 0xAA, 0xAA, 0x67, 0xA6, 0xAA, 0xAA, 0x67, 0xA6, 0xAA, 0xAA, 0x67, 0xA6,
    0x86, 0x76, 0x4A, 0xA4, 0x83, 0x66, 0x4A, 0xAA, 0x86, 0x67, 0xAA, 0x86, 0xA4, 0x67, 0xA8, 0xAA,
    0xA3, 0x68, 0xA7, 0x47, 0xA6, 0x78, 0xA6, 0x77, 0xA6, 0x8A, 0x86, 0xAA, 0x64, 0x8A, 0x76, 0x7A,
    0xA8, 0x0B, 0x00, 0x00, 0xA7, 0x0B, 0x00, 0x00, 0xAA, 0xB1, 0x00, 0x00, 0xA6, 0x31, 0x05, 0x00,
    0xA7, 0x13, 0x03, 0x00, 0xA6, 0x15, 0x03, 0x00, 0x5A, 0x3B, 0x05, 0x00, 0x35, 0x51, 0x00, 0x00,
    0x00, 0x00, 0xA0, 0xA8, 0x00, 0x00, 0xA0, 0xA7, 0x00, 0x00, 0x80, 0xA7, 0x00, 0x00, 0x7A, 0xA8,
    0x00, 0x00, 0x7A, 0xA8, 0x00, 0x00, 0x8A, 0xAA, 0x00, 0x00, 0x8A, 0xAA, 0x00, 0x00, 0x8A, 0x8A,
    0x8A, 0xAA, 0x66, 0x66, 0x8A, 0xAA, 0x66, 0x47, 0x7A, 0x8A, 0x66, 0x47, 0x78, 0x8A, 0x66, 0x67,
    0x78, 0x8A, 0x66, 0x47, 0x77, 0x8A, 0x66, 0xA4, 0x77, 0x8A, 0x66, 0xA6, 0x77, 0x7A, 0x76, 0xA4,
    0xAA, 0xA4, 0x66, 0x5A, 0xAA, 0xA6, 0x66, 0x1A, 0xA8, 0x4A, 0x67, 0x3A, 0xA8, 0x6A, 0x67, 0x0A,
    0xAA, 0x3A, 0x68, 0x0A, 0x77, 0xAA, 0x64, 0xAA, 0xAA, 0xA6, 0x76, 0x6A, 0x66, 0xA6, 0xA4, 0x46,
    0x13, 0x63, 0x07, 0x00, 0x53, 0x46, 0x76, 0x00, 0x05, 0x47, 0x41, 0x07, 0x00, 0x70, 0x14, 0x74,
    0x00, 0x00, 0x27, 0x41, 0x0A, 0x00, 0x70, 0x12, 0xA6, 0x00, 0x00, 0x27, 0x64, 0x0A, 0x00, 0x70,
    0x00, 0x00, 0xAA, 0x8A, 0x00, 0x00, 0xA0, 0xA8, 0x00, 0x00, 0x7A, 0x87, 0x00, 0xA0, 0x67, 0x44,
    0x00, 0xA0, 0x66, 0x44, 0x00, 0xA0, 0x67, 0x46, 0x00, 0xA0, 0x77, 0x77, 0x00, 0xA0, 0x88, 0x88,
    0x77, 0x7A, 0x76, 0xA6, 0xAA, 0xAA, 0xAA, 0xAA, 0x77, 0xA8, 0x00, 0xAA, 0x64, 0xA7, 0x00, 0x00,
    0x64, 0xA6, 0x00, 0x00, 0x66, 0xA7, 0x00, 0x00, 0x77, 0xA7, 0x00, 0x00, 0x88, 0xA8, 0x00, 0x00,
    0x77, 0xA6, 0x6A, 0x44, 0x78, 0x77, 0x66, 0x64, 0x8A, 0x78, 0x67, 0x66, 0xA0, 0x8A, 0x78, 0x77,
    0x00, 0xA0, 0x8A, 0x88, 0x00, 0x00, 0xA0, 0xAA, 0x00, 0x00, 0x00, 0x00, 0x00, 0x00, 0x00, 0x00,
    0x66, 0xA7, 0x00, 0x40, 0x76, 0xA8, 0x00, 0x27, 0x87, 0xA8, 0x00, 0x14, 0x88, 0x0A, 0x70, 0x12,
    0xAA, 0x00, 0x40, 0x41, 0x00, 0x00, 0x00, 0x77, 0x00, 0x00, 0x00, 0x00, 0x00, 0x00, 0x00, 0x00,
    0x00, 0x00, 0x00, 0x00, 0x00, 0x00, 0x00, 0x00, 0x00, 0x00, 0x00, 0x00, 0x00, 0x00, 0x00, 0x00,
    0x00, 0x00, 0x00, 0x00, 0x00, 0x00, 0x00, 0x00, 0x00, 0x00, 0x00, 0x50, 0x00, 0x00, 0x00, 0x50,
    0x00, 0x00, 0x30, 0x00, 0x00, 0x00, 0x10, 0x05, 0x00, 0x50, 0x15, 0x52, 0x00, 0x35, 0x21, 0x35,
    0x35, 0x22, 0x21, 0x52, 0x22, 0x22, 0x22, 0x52, 0x22, 0x22, 0x22, 0x15, 0x21, 0x22, 0x22, 0x21,
    0x00, 0x00, 0x00, 0x18, 0x00, 0x00, 0x00, 0x15, 0x00, 0x00, 0x00, 0x28, 0x00, 0x00, 0x00, 0x38,
    0x00, 0x00, 0x00, 0x53, 0x00, 0x00, 0x00, 0x55, 0x00, 0x00, 0x00, 0x50, 0x00, 0x00, 0x00, 0x00,
    0x22, 0x15, 0x23, 0x22, 0x51, 0x11, 0x25, 0x51, 0x52, 0x52, 0x23, 0x11, 0x52, 0x35, 0x32, 0x15,
    0x35, 0x25, 0x52, 0x21, 0x53, 0x32, 0x55, 0x15, 0x55, 0x55, 0x01, 0x17, 0x53, 0x32, 0x11, 0x14,
    0x00, 0x00, 0x00, 0x00, 0x00, 0x00, 0x00, 0x00, 0x00, 0x00, 0x00, 0xA0, 0x00, 0x00, 0x00, 0xA8,
    0x00, 0x00, 0x00, 0x88, 0x00, 0x00, 0x80, 0x88, 0x00, 0x00, 0x8A, 0x76, 0x00, 0x00, 0x7A, 0x66,
    0x50, 0x53, 0x11, 0x11, 0xA7, 0x55, 0x35, 0x11, 0x7A, 0x1A, 0x11, 0x33, 0x6A, 0x44, 0x1A, 0x11,
    0x78, 0x76, 0xAA, 0xA1, 0xAA, 0x67, 0x17, 0xAA, 0x78, 0x76, 0x38, 0x46, 0x88, 0x87, 0x64, 0x81,
    0x00, 0x00, 0xAA, 0xAA, 0x00, 0x00, 0x00, 0x00, 0x00, 0x00, 0x00, 0x00, 0x00, 0x00, 0x00, 0x00,
    0x00, 0x00, 0x00, 0x00, 0x00, 0x00, 0x00, 0x00, 0x00, 0x00, 0x00, 0x00, 0x00, 0x00, 0x00, 0x00,
    0xAA, 0x0A, 0x00, 0x00, 0x00, 0x00, 0x00, 0x00, 0x00, 0x00, 0x00, 0x00, 0x00, 0x00, 0x00, 0x00,
    0x00, 0x00, 0x00, 0x00, 0x00, 0x00, 0x00, 0x00, 0x00, 0x00, 0x00, 0x00, 0x00, 0x00, 0x00, 0x00,
    0x30, 0x00, 0x03, 0x00, 0x35, 0x50, 0x02, 0x00, 0x33, 0x15, 0x52, 0x00, 0x55, 0x21, 0x53, 0x00,
    0x51, 0x32, 0x25, 0x05, 0x51, 0x33, 0x25, 0x03, 0x52, 0x53, 0x25, 0x03, 0x25, 0x15, 0x35, 0x05,
    0x11, 0x22, 0x55, 0x03, 0x22, 0x55, 0x32, 0x00, 0x25, 0x12, 0x52, 0x55, 0x25, 0x25, 0x21, 0x03,
    0x35, 0x55, 0x52, 0x05, 0x55, 0x57, 0x33, 0x05, 0x35, 0x54, 0x05, 0x00, 0x11, 0x51, 0x00, 0x00,
    0x00, 0x00, 0x00, 0x00, 0x00, 0x00, 0x00, 0x00, 0x00, 0x00, 0x00, 0x00, 0x00, 0x00, 0x00, 0x00,
    0x07, 0x00, 0x00, 0x00, 0x74, 0x00, 0x00, 0x00, 0x41, 0x07, 0x00, 0x00, 0x12, 0x74, 0x00, 0x00,
    0x24, 0x41, 0x07, 0x00, 0x42, 0x12, 0x74, 0x00, 0x22, 0x24, 0x41, 0x07, 0x14, 0x41, 0x12, 0x74,
    0x24, 0x21, 0x24, 0x72, 0x42, 0x24, 0x42, 0x07, 0x47, 0x11, 0x74, 0x00, 0x17, 0x42, 0x00, 0x00,
    0x11, 0x05, 0x00, 0x00, 0x53, 0x00, 0x00, 0x00, 0xAA, 0x06, 0x00, 0x00, 0xAA, 0x7A, 0x00, 0x00,
    0x78, 0xA8, 0x00, 0x00, 0x88, 0xA7, 0x08, 0x00, 0x1A, 0xA4, 0xA8, 0x00, 0x36, 0xA6, 0xA7, 0x00,
    0x40, 0x07, 0x00, 0x00, 0x00, 0x00, 0x00, 0x00, 0x00, 0x00, 0x00, 0x00, 0x00, 0x00, 0x00, 0x00,
    0x00, 0x00, 0x00, 0x00, 0x00, 0x00, 0x00, 0x00, 0x00, 0x00, 0x00, 0x00, 0x00, 0x00, 0x00, 0x00,
};
static const u16 sFrame37[] = {
    0x0008, 0x00DF, 0x81F4, 0x0000, 0x00C7, 0x41F4, 0x0010, 0x40D7, 0x01F4, 0x0014, 0x40FF, 0x01F4,
    0x0016, 0x80C7, 0x0004, 0x0018, 0x80EF, 0x0014, 0x001A, 0x00D7, 0x0004, 0x001C, 0x00FF, 0x0014,
    0x001D, 0x0000,
};
static const void* const sFrames37[] = { sFrame37 };
static const u8 sTiles38[896] __attribute__((aligned(4))) = {
    0x00, 0x00, 0xA0, 0x7A, 0x00, 0x00, 0x00, 0xA0, 0x00, 0x00, 0x00, 0xA0, 0x00, 0x00, 0x00, 0xA0,
    0x00, 0x00, 0x00, 0xA0, 0x00, 0x00, 0x00, 0xA0, 0x00, 0x00, 0x00, 0xA0, 0x00, 0x00, 0x00, 0x8A,
    0x77, 0x47, 0x44, 0x44, 0xAA, 0x7A, 0x66, 0xA4, 0xAA, 0xAA, 0x7A, 0xAA, 0xA8, 0x1A, 0xA5, 0x78,
    0x88, 0x6A, 0x5A, 0xAA, 0x68, 0xAA, 0x4A, 0x55, 0x78, 0xAA, 0x3A, 0x8A, 0x78, 0x8A, 0x68, 0x7A,
    0x8A, 0xAA, 0x5A, 0x31, 0xA6, 0x77, 0x0A, 0x13, 0xA8, 0x74, 0xBA, 0x15, 0x6A, 0x67, 0x5A, 0x3B,
    0xAA, 0xAA, 0x35, 0x51, 0x11, 0x53, 0x13, 0x63, 0x35, 0x11, 0x53, 0x46, 0x5A, 0x33, 0x05, 0x47,
    0x05, 0x00, 0x00, 0x00, 0x03, 0x00, 0x00, 0x00, 0x03, 0x00, 0x00, 0x00, 0x05, 0x00, 0x00, 0x00,
    0x00, 0x00, 0x00, 0x00, 0x07, 0x00, 0x00, 0x00, 0x76, 0x00, 0x00, 0x00, 0x41, 0x07, 0x00, 0x00,
    0x00, 0x00, 0x00, 0xA8, 0x00, 0x00, 0xA0, 0x88, 0x00, 0x00, 0xA0, 0x78, 0x00, 0x00, 0xAA, 0x7A,
    0x00, 0x00, 0x8A, 0x7A, 0x00, 0xA0, 0xA7, 0xAA, 0x00, 0xA0, 0xA8, 0xAA, 0x00, 0xA0, 0xAA, 0xAA,
    0x88, 0x7A, 0x67, 0x68, 0xA7, 0x68, 0x37, 0x68, 0xA7, 0x67, 0x67, 0x78, 0xA8, 0x67, 0x48, 0x7A,
    0x88, 0x67, 0x38, 0x8A, 0x7A, 0x66, 0x6A, 0x8A, 0x7A, 0x66, 0x6A, 0xAA, 0x7A, 0x66, 0x4A, 0xA6,
    0xA7, 0x00, 0x00, 0x70, 0xA6, 0x00, 0x00, 0x00, 0xA6, 0x00, 0x00, 0x00, 0x86, 0x0A, 0x00, 0x00,
    0x76, 0x0A, 0x00, 0x00, 0x67, 0x0A, 0x00, 0x00, 0x68, 0xA8, 0x00, 0x00, 0x68, 0xA7, 0x00, 0x00,
    0x14, 0x74, 0x00, 0x00, 0x27, 0x41, 0x07, 0x00, 0x70, 0x12, 0x74, 0x00, 0x00, 0x27, 0x41, 0x07,
    0x00, 0x70, 0x12, 0x74, 0x00, 0x40, 0x24, 0x41, 0x00, 0x27, 0x42, 0x12, 0x00, 0x14, 0x22, 0x24,
    0x00, 0x8A, 0xAA, 0xA8, 0x00, 0x7A, 0xAA, 0xA8, 0x00, 0x78, 0xAA, 0xA7, 0xA0, 0x87, 0x8A, 0xA7,
    0xA0, 0x87, 0x8A, 0xA7, 0xA0, 0xA8, 0x7A, 0xA7, 0xA0, 0xA8, 0x7A, 0xA7, 0xA0, 0xA8, 0x78, 0xA7,
    0x6A, 0x66, 0xA6, 0x4A, 0x6A, 0x76, 0xA4, 0x6A, 0x68, 0x76, 0x84, 0xAA, 0x68, 0x76, 0x86, 0xAA,
    0x68, 0x76, 0xA4, 0xAA, 0x68, 0x46, 0x7A, 0xA7, 0x68, 0x66, 0xAA, 0x6A, 0x67, 0x47, 0x6A, 0x66,
    0x6A, 0xA6, 0x00, 0x00, 0x6A, 0xA6, 0x00, 0x00, 0x74, 0xA6, 0x00, 0x00, 0x76, 0xA6, 0x00, 0x00,
    0x83, 0xA6, 0x00, 0x00, 0x4A, 0xA6, 0xAA, 0x00, 0x6A, 0xA7, 0x66, 0x0A, 0x4A, 0x6A, 0x44, 0xA6,
    0x70, 0x12, 0x14, 0x41, 0x40, 0x41, 0x24, 0x21, 0x00, 0x77, 0x42, 0x24, 0x00, 0x00, 0x47, 0x11,
    0x00, 0x00, 0x17, 0x42, 0x00, 0x00, 0x40, 0x07, 0x00, 0x00, 0x00, 0x00, 0x00, 0x00, 0x00, 0x00,
    0xA0, 0xAA, 0x78, 0xA7, 0x00, 0x8A, 0xAA, 0xAA, 0xA0, 0x77, 0x78, 0x87, 0x7A, 0x46, 0x44, 0x76,
    0x6A, 0x46, 0x44, 0x66, 0x7A, 0x66, 0x64, 0x76, 0x7A, 0x77, 0x77, 0x77, 0x8A, 0x88, 0x88, 0x88,
    0x67, 0x67, 0x7A, 0x67, 0xAA, 0xAA, 0x8A, 0x77, 0x0A, 0xA0, 0xAA, 0x88, 0x0A, 0x00, 0x00, 0xAA,
    0x0A, 0x00, 0x00, 0x00, 0x0A, 0x00, 0x00, 0x00, 0x0A, 0x00, 0x00, 0x00, 0x0A, 0x00, 0x00, 0x00,
    0xAA, 0x46, 0x64, 0x76, 0x67, 0x46, 0x66, 0x87, 0x77, 0x66, 0x76, 0x88, 0x88, 0x77, 0x87, 0xA8,
    0xAA, 0x88, 0xA8, 0x0A, 0x00, 0xAA, 0x0A, 0x00, 0x00, 0x00, 0x00, 0x00, 0x00, 0x00, 0x00, 0x00,
    0x0A, 0x00, 0x00, 0x00, 0x0A, 0x00, 0x00, 0x00, 0x0A, 0x00, 0x00, 0x00, 0x00, 0x00, 0x00, 0x00,
    0x00, 0x00, 0x00, 0x00, 0x00, 0x00, 0x00, 0x00, 0x00, 0x00, 0x00, 0x00, 0x00, 0x00, 0x00, 0x00,
    0x00, 0x00, 0x00, 0x00, 0x00, 0x00, 0x00, 0x00, 0x00, 0x00, 0x00, 0x00, 0x00, 0x00, 0x00, 0x50,
    0x00, 0x00, 0x50, 0x23, 0x00, 0x00, 0x20, 0x22, 0x00, 0x00, 0x25, 0x22, 0x00, 0x00, 0x15, 0x22,
    0x00, 0x03, 0x00, 0x03, 0x00, 0x51, 0x50, 0x03, 0x55, 0x21, 0x35, 0x53, 0x13, 0x52, 0x53, 0x15,
    0x12, 0x22, 0x15, 0x25, 0x22, 0x22, 0x15, 0x35, 0x22, 0x52, 0x21, 0x35, 0x22, 0x12, 0x52, 0x52,
    0x00, 0x80, 0x21, 0x52, 0x00, 0x50, 0x11, 0x15, 0x00, 0x80, 0x22, 0x25, 0x00, 0x80, 0x23, 0x55,
    0x00, 0x30, 0x55, 0x53, 0x00, 0x50, 0x35, 0x25, 0x00, 0x00, 0x55, 0x55, 0x00, 0x00, 0x30, 0x25,
    0x31, 0x22, 0x12, 0x21, 0x51, 0x12, 0x25, 0x52, 0x35, 0x12, 0x51, 0x22, 0x23, 0x53, 0x51, 0x52,
    0x22, 0x15, 0x52, 0x53, 0x53, 0x55, 0x51, 0x75, 0x15, 0x70, 0x51, 0x43, 0x13, 0x41, 0x11, 0x11,
    0x00, 0x00, 0x00, 0x35, 0x00, 0x00, 0x70, 0x5A, 0x00, 0x00, 0xAA, 0xA7, 0x00, 0x80, 0xAA, 0x88,
    0x00, 0x80, 0x8A, 0x87, 0x00, 0x80, 0x6A, 0x77, 0x00, 0x00, 0x6A, 0x66, 0x00, 0x00, 0x7A, 0x66,
    0x15, 0x11, 0x11, 0x51, 0x55, 0x13, 0x31, 0x05, 0x11, 0x31, 0xA3, 0x6A, 0xA4, 0x11, 0xA1, 0xAA,
    0xA8, 0x1A, 0x8A, 0x77, 0xA8, 0xAA, 0x7A, 0x74, 0x77, 0xA7, 0xAA, 0xAA, 0x66, 0x44, 0x67, 0x76,
    0x30, 0x00, 0x00, 0x00, 0x25, 0x00, 0x00, 0x00, 0x21, 0x05, 0x00, 0x00, 0x32, 0x05, 0x00, 0x00,
    0x53, 0x52, 0x00, 0x00, 0x53, 0x32, 0x00, 0x00, 0x55, 0x32, 0x00, 0x00, 0x51, 0x53, 0x00, 0x00,
    0x52, 0x35, 0x00, 0x00, 0x25, 0x03, 0x00, 0x00, 0x21, 0x55, 0x05, 0x00, 0x12, 0x32, 0x00, 0x00,
    0x25, 0x55, 0x00, 0x00, 0x35, 0x53, 0x00, 0x00, 0x55, 0x00, 0x00, 0x00, 0x05, 0x00, 0x00, 0x00,
    0x00, 0x00, 0x00, 0x00, 0x00, 0x00, 0x00, 0x00, 0x00, 0x00, 0x00, 0x00, 0x00, 0x00, 0x00, 0x00,
    0x00, 0x00, 0x00, 0x00, 0x07, 0x00, 0x00, 0x00, 0x74, 0x00, 0x00, 0x00, 0x41, 0x07, 0x00, 0x00,
    0x12, 0x74, 0x00, 0x00, 0x24, 0x72, 0x00, 0x00, 0x42, 0x07, 0x00, 0x00, 0x74, 0x00, 0x00, 0x00,
    0x00, 0x00, 0x00, 0x00, 0x00, 0x00, 0x00, 0x00, 0x00, 0x00, 0x00, 0x00, 0x00, 0x00, 0x00, 0x00,
    0x00, 0x00, 0x00, 0x00, 0x00, 0x00, 0x00, 0x00, 0x00, 0x00, 0x00, 0x00, 0x07, 0xB0, 0x0B, 0x00,
    0x5A, 0x15, 0xB1, 0x00, 0x3B, 0x31, 0x31, 0x0B, 0xAA, 0x55, 0x13, 0x0B, 0x8A, 0x0A, 0x35, 0xB1,
    0xA0, 0xAA, 0xAA, 0xAA, 0x00, 0x00, 0x00, 0x00, 0x00, 0x00, 0x00, 0x00, 0x00, 0x00, 0x00, 0x00,
    0x00, 0x00, 0x00, 0x00, 0x00, 0x00, 0x00, 0x00, 0x00, 0x00, 0x00, 0x00, 0x00, 0x00, 0x00, 0x00,
};
static const u16 sFrame38[] = {
    0x0007, 0x00DF, 0x81F7, 0x0000, 0x00C7, 0x41F7, 0x0010, 0x40D7, 0x01F7, 0x0014, 0x80C7, 0x0007,
    0x0016, 0x80E7, 0x0017, 0x0018, 0x00D7, 0x0007, 0x001A, 0x00FF, 0x01F7, 0x001B, 0x0000,
};
static const void* const sFrames38[] = { sFrame38 };
static const u8 sTiles39[1120] __attribute__((aligned(4))) = {
    0x00, 0x00, 0x00, 0x00, 0x00, 0x00, 0x00, 0x00, 0x00, 0x00, 0x00, 0xA0, 0x00, 0x00, 0x00, 0xA8,
    0x00, 0x00, 0x00, 0x88, 0x00, 0x00, 0x80, 0x88, 0x00, 0x00, 0x8A, 0x76, 0x00, 0x00, 0x7A, 0x66,
    0x50, 0x53, 0x11, 0x11, 0xA7, 0x55, 0x35, 0x11, 0x7A, 0x1A, 0x11, 0x33, 0x6A, 0x44, 0x1A, 0x11,
    0x78, 0x76, 0xAA, 0xA1, 0xAA, 0x67, 0x17, 0xAA, 0x78, 0x76, 0x38, 0x46, 0x88, 0x87, 0x64, 0x81,
    0x11, 0x05, 0x00, 0x00, 0x53, 0x00, 0x00, 0x00, 0xAA, 0x06, 0x00, 0x00, 0xAA, 0x7A, 0x00, 0x00,
    0x78, 0xA8, 0x00, 0x00, 0x88, 0xA7, 0x07, 0x00, 0x1A, 0xA4, 0x8A, 0x00, 0x36, 0xA6, 0x8A, 0x08,
    0x00, 0x00, 0x00, 0x00, 0x00, 0x00, 0x00, 0x00, 0x00, 0x00, 0x00, 0x00, 0x00, 0x00, 0x00, 0x00,
    0x00, 0x00, 0x00, 0x00, 0x00, 0x00, 0xC0, 0x0B, 0x00, 0x00, 0x8B, 0x89, 0x00, 0x00, 0x1B, 0x33,
    0x00, 0x00, 0x6A, 0x76, 0x00, 0xA0, 0x67, 0x76, 0x00, 0xA0, 0x67, 0x87, 0x00, 0xA0, 0x67, 0xA7,
    0x00, 0xA0, 0x47, 0xA7, 0x00, 0x7A, 0x44, 0x0A, 0x00, 0x6A, 0x74, 0x0A, 0xA0, 0x67, 0x64, 0x0A,
    0x87, 0x67, 0x44, 0x14, 0x88, 0x78, 0x44, 0xA6, 0x08, 0xAA, 0xAA, 0xA3, 0x00, 0x8A, 0xAA, 0xA1,
    0x00, 0x8A, 0xA8, 0xA6, 0x00, 0x8A, 0xA6, 0xAA, 0x00, 0x8A, 0xA7, 0xAA, 0xA0, 0x88, 0xA7, 0x88,
    0x73, 0xAA, 0x7A, 0xA8, 0xA6, 0xA3, 0x6A, 0x77, 0xA4, 0xA1, 0x6A, 0x66, 0xA3, 0xA6, 0x7A, 0x77,
    0xA6, 0x1A, 0xAA, 0xAA, 0xA4, 0x6A, 0x0A, 0x00, 0xA3, 0xA8, 0x00, 0x00, 0xA6, 0xA7, 0x00, 0x00,
    0x0A, 0x50, 0x15, 0x21, 0xA7, 0xAA, 0xAA, 0xAA, 0x44, 0x67, 0x76, 0x8A, 0x47, 0x44, 0x44, 0x8A,
    0x7A, 0x66, 0xA4, 0xA6, 0xA0, 0x7A, 0xAA, 0xA8, 0x70, 0xA5, 0x78, 0x6A, 0x00, 0x50, 0xAA, 0xAA,
    0x8A, 0x4A, 0x64, 0x0A, 0x7A, 0xAA, 0x74, 0x0A, 0xAA, 0x68, 0xAA, 0x0A, 0x6A, 0xAA, 0x88, 0xAA,
    0x7A, 0x74, 0xAA, 0xA0, 0x6A, 0x77, 0x0A, 0x7A, 0xA0, 0xAA, 0x0A, 0x8A, 0x00, 0x00, 0x00, 0xAA,
    0x80, 0x8A, 0xA8, 0x77, 0x8A, 0x78, 0x8A, 0x76, 0x8A, 0x77, 0x7A, 0x76, 0xAA, 0x87, 0x7A, 0x86,
    0xA8, 0x87, 0x78, 0x86, 0xAA, 0xAA, 0x67, 0xA6, 0xAA, 0xAA, 0x67, 0xA6, 0xAA, 0xAA, 0x67, 0xA6,
    0x86, 0x76, 0x0A, 0x00, 0x83, 0x66, 0x0A, 0x00, 0x86, 0x67, 0xAA, 0x00, 0xA4, 0x67, 0xA8, 0x00,
    0xA3, 0x68, 0xA7, 0x00, 0xA6, 0x78, 0xA6, 0x00, 0xA6, 0x8A, 0x86, 0x0A, 0x64, 0x8A, 0x76, 0x0A,
    0x00, 0x50, 0x15, 0x21, 0x00, 0x00, 0x35, 0x33, 0x00, 0x00, 0x55, 0x55, 0x00, 0x00, 0x00, 0x55,
    0x00, 0x00, 0x00, 0x00, 0x00, 0x00, 0x00, 0x00, 0x00, 0x00, 0x00, 0x00, 0x00, 0x00, 0x00, 0x00,
    0x00, 0x00, 0xA0, 0xA8, 0x00, 0x00, 0xA0, 0xA7, 0x00, 0x00, 0x80, 0xA7, 0x00, 0x00, 0x7A, 0xA8,
    0x00, 0x00, 0x7A, 0xA8, 0x00, 0x00, 0x8A, 0xAA, 0x00, 0x00, 0x8A, 0xAA, 0x00, 0x00, 0x8A, 0x8A,
    0x8A, 0xAA, 0x66, 0x66, 0x8A, 0xAA, 0x66, 0x47, 0x7A, 0x8A, 0x66, 0x47, 0x78, 0x8A, 0x66, 0x67,
    0x78, 0x8A, 0x66, 0x47, 0x77, 0x8A, 0x66, 0xA4, 0x77, 0x8A, 0x66, 0xA6, 0x77, 0x7A, 0x76, 0xA4,
    0xAA, 0xA4, 0x66, 0x0A, 0xAA, 0xA6, 0x66, 0x0A, 0xA8, 0x4A, 0x67, 0x0A, 0xA8, 0x6A, 0x67, 0x0A,
    0xAA, 0x3A, 0x68, 0x0A, 0x77, 0xAA, 0x64, 0xAA, 0xAA, 0xA6, 0x76, 0x6A, 0x66, 0xA6, 0xA4, 0x46,
    0x00, 0x00, 0x00, 0x00, 0x00, 0x00, 0x00, 0x00, 0x00, 0x00, 0x00, 0x00, 0x00, 0x00, 0x00, 0x00,
    0x00, 0x00, 0x00, 0x00, 0x0A, 0x00, 0x00, 0x00, 0xA6, 0x00, 0x00, 0x00, 0x64, 0x0A, 0x00, 0x00,
    0x00, 0x00, 0x00, 0x00, 0x00, 0x00, 0x00, 0x00, 0x00, 0x00, 0x00, 0x00, 0x00, 0x00, 0x00, 0x00,
    0x00, 0x00, 0x00, 0x00, 0x00, 0x00, 0x00, 0x00, 0x00, 0x00, 0x00, 0x50, 0x00, 0x00, 0x00, 0x50,
    0x00, 0x00, 0x30, 0x00, 0x00, 0x00, 0x10, 0x05, 0x00, 0x50, 0x15, 0x52, 0x00, 0x35, 0x21, 0x35,
    0x35, 0x22, 0x21, 0x52, 0x22, 0x22, 0x22, 0x52, 0x22, 0x22, 0x22, 0x15, 0x21, 0x22, 0x22, 0x21,
    0x00, 0x00, 0x00, 0x18, 0x00, 0x00, 0x00, 0x15, 0x00, 0x00, 0x00, 0x28, 0x00, 0x00, 0x00, 0x38,
    0x00, 0x00, 0x00, 0x53, 0x00, 0x00, 0x00, 0x55, 0x00, 0x00, 0x00, 0x50, 0x00, 0x00, 0x00, 0x00,
    0x22, 0x15, 0x23, 0x22, 0x51, 0x11, 0x25, 0x51, 0x52, 0x52, 0x23, 0x11, 0x52, 0x35, 0x32, 0x15,
    0x35, 0x25, 0x52, 0x21, 0x53, 0x32, 0x55, 0x15, 0x55, 0x55, 0x01, 0x17, 0x53, 0x32, 0x11, 0x14,
    0x13, 0x11, 0x32, 0x00, 0x55, 0x23, 0x31, 0x70, 0xBA, 0x5B, 0x55, 0x77, 0xAA, 0x5A, 0x33, 0x47,
    0x77, 0x5A, 0x21, 0x46, 0x74, 0x5A, 0x32, 0x46, 0x67, 0x5A, 0x51, 0x65, 0xAA, 0x12, 0x51, 0x00,
    0x00, 0x00, 0x00, 0x00, 0x00, 0x70, 0x00, 0x07, 0x79, 0x97, 0x67, 0x99, 0x43, 0x23, 0x44, 0x42,
    0x21, 0x12, 0x21, 0x11, 0x44, 0x42, 0x24, 0x24, 0x99, 0x76, 0x7A, 0x26, 0x70, 0x00, 0x00, 0x27,
    0x12, 0x23, 0x33, 0x00, 0x35, 0x55, 0x05, 0x00, 0x05, 0x50, 0x00, 0x00, 0x00, 0x00, 0x00, 0x00,
    0x00, 0x00, 0x00, 0x00, 0x00, 0x00, 0x00, 0x00, 0x00, 0x00, 0x00, 0x00, 0x00, 0x00, 0x00, 0x00,
    0x00, 0x00, 0x00, 0x48, 0x00, 0x00, 0x00, 0x68, 0x00, 0x00, 0x00, 0x70, 0x00, 0x00, 0x00, 0x40,
    0x00, 0x00, 0x00, 0x00, 0x00, 0x00, 0x00, 0x00, 0x00, 0x00, 0x00, 0x00, 0x00, 0x00, 0x00, 0x00,
    0x00, 0x00, 0xAA, 0x8A, 0x00, 0x00, 0xA0, 0xA8, 0x00, 0x00, 0x7A, 0x87, 0x00, 0xA0, 0x67, 0x44,
    0x00, 0xA0, 0x66, 0x44, 0x00, 0xA0, 0x67, 0x46, 0x00, 0xA0, 0x77, 0x77, 0x00, 0xA0, 0x88, 0x88,
    0x77, 0x7A, 0x76, 0xA6, 0xAA, 0xAA, 0xAA, 0xAA, 0x77, 0xA8, 0x00, 0xAA, 0x64, 0xA7, 0x00, 0x00,
    0x64, 0xA6, 0x00, 0x00, 0x66, 0xA7, 0x00, 0x00, 0x77, 0xA7, 0x00, 0x00, 0x88, 0xA8, 0x00, 0x00,
    0x00, 0x00, 0xAA, 0xAA, 0x00, 0x00, 0x00, 0x00, 0x00, 0x00, 0x00, 0x00, 0x00, 0x00, 0x00, 0x00,
    0x00, 0x00, 0x00, 0x00, 0x00, 0x00, 0x00, 0x00, 0x00, 0x00, 0x00, 0x00, 0x00, 0x00, 0x00, 0x00,
    0xAA, 0x0A, 0x00, 0x00, 0x00, 0x00, 0x00, 0x00, 0x00, 0x00, 0x00, 0x00, 0x00, 0x00, 0x00, 0x00,
    0x00, 0x00, 0x00, 0x00, 0x00, 0x00, 0x00, 0x00, 0x00, 0x00, 0x00, 0x00, 0x00, 0x00, 0x00, 0x00,
    0x77, 0xA6, 0x6A, 0x44, 0x78, 0x77, 0x66, 0x64, 0x8A, 0x78, 0x67, 0x66, 0xA0, 0x8A, 0x78, 0x77,
    0x00, 0xA0, 0x8A, 0x88, 0x00, 0x00, 0xA0, 0xAA, 0x00, 0x00, 0x00, 0x00, 0x00, 0x00, 0x00, 0x00,
    0x66, 0xA7, 0x00, 0x00, 0x76, 0xA8, 0x00, 0x00, 0x87, 0xA8, 0x00, 0x00, 0x88, 0x0A, 0x00, 0x00,
    0xAA, 0x00, 0x00, 0x00, 0x00, 0x00, 0x00, 0x00, 0x00, 0x00, 0x00, 0x00, 0x00, 0x00, 0x00, 0x00,
    0x30, 0x00, 0x03, 0x00, 0x35, 0x50, 0x02, 0x00, 0x33, 0x15, 0x52, 0x00, 0x55, 0x21, 0x53, 0x00,
    0x51, 0x32, 0x25, 0x05, 0x51, 0x33, 0x25, 0x03, 0x52, 0x53, 0x25, 0x03, 0x25, 0x15, 0x35, 0x05,
    0x11, 0x22, 0x55, 0x03, 0x22, 0x55, 0x32, 0x00, 0x25, 0x12, 0x52, 0x55, 0x25, 0x25, 0x21, 0x03,
    0x35, 0x55, 0x52, 0x05, 0x55, 0x57, 0x33, 0x05, 0x35, 0x54, 0x05, 0x00, 0x11, 0x51, 0x00, 0x00,
    0x00, 0x00, 0x00, 0x00, 0x70, 0x07, 0x70, 0x00, 0x77, 0x7A, 0x96, 0x78, 0x24, 0x43, 0x24, 0x84,
    0x22, 0x11, 0x12, 0x81, 0x21, 0x12, 0x22, 0x82, 0x22, 0x21, 0x22, 0x73, 0x21, 0x11, 0x14, 0x64,
    0x41, 0x12, 0x14, 0x04, 0x41, 0x44, 0x14, 0x04, 0x62, 0x87, 0x27, 0x07, 0x64, 0x80, 0x77, 0x07,
    0x00, 0x00, 0x60, 0x00, 0x00, 0x00, 0x00, 0x00, 0x00, 0x00, 0x00, 0x00, 0x00, 0x00, 0x00, 0x00,
    0x00, 0x00, 0x00, 0x00, 0x00, 0x00, 0x00, 0x00, 0x00, 0x00, 0x00, 0x00, 0x00, 0x00, 0x00, 0x00,
    0x00, 0x00, 0x00, 0x00, 0x0C, 0x00, 0x00, 0x00, 0x09, 0x58, 0x05, 0x00, 0x25, 0x55, 0x35, 0x00,
};
static const u16 sFrame39[] = {
    0x0008, 0x00D7, 0x81F4, 0x0000, 0x00C7, 0x41F4, 0x0010, 0x00DF, 0x4014, 0x0014, 0x00F7, 0x41F4,
    0x0018, 0x40F7, 0x0004, 0x001C, 0x80C7, 0x0004, 0x001E, 0x80DF, 0x0024, 0x0020, 0x00D7, 0x0014,
    0x0022, 0x0000,
};
static const void* const sFrames39[] = { sFrame39 };
static const u8 sTiles40[960] __attribute__((aligned(4))) = {
    0x00, 0x00, 0x00, 0x00, 0x00, 0x00, 0x00, 0x00, 0x00, 0x00, 0x00, 0xA0, 0x00, 0x00, 0x00, 0x18,
    0x00, 0x00, 0x00, 0x28, 0x00, 0x00, 0x80, 0x38, 0x00, 0x00, 0x8A, 0x14, 0x00, 0x00, 0x7A, 0x14,
    0x50, 0x53, 0x11, 0x11, 0xA7, 0x55, 0x35, 0x11, 0x89, 0x39, 0x11, 0x33, 0x43, 0x44, 0x2A, 0x12,
    0x21, 0x11, 0x44, 0x94, 0x22, 0x11, 0x22, 0x31, 0x22, 0x22, 0x12, 0x12, 0x14, 0x21, 0x22, 0x43,
    0x11, 0x05, 0x00, 0x00, 0x53, 0x00, 0x00, 0x00, 0xAA, 0x06, 0x00, 0x00, 0xAA, 0x7A, 0x00, 0x00,
    0x78, 0xA8, 0x08, 0x00, 0x44, 0x98, 0x98, 0x07, 0x12, 0x42, 0x34, 0x99, 0x44, 0x21, 0x12, 0x76,
    0x00, 0x00, 0x00, 0x00, 0x00, 0x00, 0x00, 0x00, 0x00, 0x00, 0x00, 0x00, 0x30, 0x55, 0x08, 0x0C,
    0x30, 0x55, 0x05, 0x89, 0x33, 0x12, 0x21, 0x35, 0x15, 0x32, 0x35, 0x12, 0x53, 0xB5, 0x5B, 0x57,
    0x00, 0x00, 0x6A, 0x14, 0x00, 0xA0, 0x67, 0x17, 0x00, 0xA0, 0x67, 0x77, 0x00, 0xA0, 0x67, 0x97,
    0x00, 0xA0, 0x47, 0xA7, 0x00, 0x7A, 0x44, 0x0A, 0x00, 0x6A, 0x74, 0x0A, 0xA0, 0x67, 0x64, 0x0A,
    0x14, 0x22, 0x21, 0x16, 0x44, 0x44, 0x41, 0xA7, 0x78, 0x46, 0x61, 0xA4, 0x08, 0x28, 0xA8, 0xA1,
    0x00, 0x78, 0xA8, 0xA6, 0x00, 0x8A, 0xA6, 0xAA, 0x00, 0x8A, 0xA7, 0xAA, 0xA0, 0x88, 0xA7, 0x88,
    0x74, 0x44, 0x14, 0x64, 0xA6, 0xA3, 0x48, 0x36, 0xA4, 0xA1, 0x9A, 0x5A, 0xA3, 0xA6, 0x00, 0x50,
    0xA6, 0x0A, 0x00, 0x33, 0xA4, 0x0A, 0x00, 0x50, 0xA3, 0xA8, 0x00, 0x00, 0xA6, 0xA7, 0x00, 0x00,
    0x32, 0x85, 0xAB, 0x99, 0x52, 0x44, 0x76, 0x58, 0x51, 0x66, 0x44, 0x12, 0x51, 0x85, 0x66, 0x17,
    0x11, 0x32, 0x97, 0x1C, 0x32, 0x21, 0x33, 0x31, 0x55, 0x53, 0x12, 0x51, 0x05, 0x50, 0x33, 0x53,
    0x8A, 0x4A, 0x64, 0x0A, 0x7A, 0xAA, 0x74, 0x0A, 0xAA, 0x68, 0xAA, 0x0A, 0x6A, 0xAA, 0x88, 0xAA,
    0x7A, 0x74, 0xAA, 0xA0, 0x6A, 0x77, 0x0A, 0x7A, 0xA0, 0xAA, 0x0A, 0x8A, 0x00, 0x00, 0x00, 0xAA,
    0x80, 0x8A, 0xA8, 0x77, 0x8A, 0x78, 0x8A, 0x76, 0x8A, 0x77, 0x7A, 0x76, 0xAA, 0x87, 0x7A, 0x86,
    0xA8, 0x87, 0x78, 0x86, 0xAA, 0xAA, 0x67, 0xA6, 0xAA, 0xAA, 0x67, 0xA6, 0xAA, 0xAA, 0x67, 0xA6,
    0x86, 0x76, 0x0A, 0x00, 0x83, 0x66, 0x0A, 0x00, 0x86, 0x67, 0x0A, 0x00, 0xA4, 0x67, 0xA8, 0x00,
    0xA3, 0x68, 0xA7, 0x00, 0xA6, 0x78, 0xA6, 0x00, 0xA6, 0x8A, 0x86, 0x0A, 0x64, 0x8A, 0x76, 0x0A,
    0x00, 0x50, 0x55, 0x55, 0x00, 0x50, 0x05, 0x00, 0x00, 0x00, 0x00, 0x00, 0x00, 0x00, 0x00, 0x00,
    0x00, 0x00, 0x00, 0x00, 0x00, 0x00, 0x00, 0x00, 0x00, 0x00, 0x00, 0x00, 0x00, 0x00, 0x00, 0x00,
    0x00, 0x00, 0xA0, 0xA8, 0x00, 0x00, 0xA0, 0xA7, 0x00, 0x00, 0x80, 0xA7, 0x00, 0x00, 0x7A, 0xA8,
    0x00, 0x00, 0x7A, 0xA8, 0x00, 0x00, 0x8A, 0xAA, 0x00, 0x00, 0x8A, 0xAA, 0x00, 0x00, 0x8A, 0x8A,
    0x8A, 0xAA, 0x66, 0x66, 0x8A, 0xAA, 0x66, 0x47, 0x7A, 0x8A, 0x66, 0x47, 0x78, 0x8A, 0x66, 0x67,
    0x78, 0x8A, 0x66, 0x47, 0x77, 0x8A, 0x66, 0xA4, 0x77, 0x8A, 0x66, 0xA6, 0x77, 0x7A, 0x76, 0xA4,
    0xAA, 0xA4, 0x66, 0x0A, 0xAA, 0xA6, 0x66, 0x0A, 0xA8, 0x4A, 0x67, 0x0A, 0xA8, 0x6A, 0x67, 0x0A,
    0xAA, 0x3A, 0x68, 0x0A, 0x77, 0xAA, 0x64, 0xAA, 0xAA, 0xA6, 0x76, 0x6A, 0x66, 0xA6, 0xA4, 0x46,
    0x00, 0x00, 0x00, 0x00, 0x00, 0x00, 0x00, 0x00, 0x00, 0x00, 0x00, 0x00, 0x00, 0x00, 0x00, 0x00,
    0x00, 0x00, 0x00, 0x00, 0x0A, 0x00, 0x00, 0x00, 0xA6, 0x00, 0x00, 0x00, 0x64, 0x0A, 0x00, 0x00,
    0x00, 0x00, 0x00, 0x00, 0x00, 0x00, 0x00, 0x00, 0x00, 0x00, 0x00, 0x00, 0x00, 0x00, 0x00, 0x00,
    0x00, 0x00, 0x00, 0x00, 0x00, 0x00, 0x00, 0x00, 0x00, 0x00, 0x00, 0x50, 0x00, 0x00, 0x00, 0x50,
    0x00, 0x00, 0x30, 0x00, 0x00, 0x00, 0x10, 0x05, 0x00, 0x50, 0x15, 0x52, 0x00, 0x35, 0x21, 0x35,
    0x35, 0x22, 0x21, 0x52, 0x22, 0x22, 0x22, 0x52, 0x22, 0x22, 0x22, 0x15, 0x21, 0x22, 0x22, 0x21,
    0x00, 0x00, 0x00, 0x18, 0x00, 0x00, 0x00, 0x15, 0x00, 0x00, 0x00, 0x28, 0x00, 0x00, 0x00, 0x38,
    0x00, 0x00, 0x00, 0x53, 0x00, 0x00, 0x00, 0x55, 0x00, 0x00, 0x00, 0x50, 0x00, 0x00, 0x00, 0x00,
    0x22, 0x15, 0x23, 0x22, 0x51, 0x11, 0x25, 0x51, 0x52, 0x52, 0x23, 0x11, 0x52, 0x35, 0x32, 0x15,
    0x35, 0x25, 0x52, 0x21, 0x53, 0x32, 0x55, 0x15, 0x55, 0x55, 0x01, 0x17, 0x53, 0x32, 0x11, 0x14,
    0x00, 0x00, 0xAA, 0x8A, 0x00, 0x00, 0xA0, 0xA8, 0x00, 0x00, 0x7A, 0x87, 0x00, 0xA0, 0x67, 0x44,
    0x00, 0xA0, 0x66, 0x44, 0x00, 0xA0, 0x67, 0x46, 0x00, 0xA0, 0x77, 0x77, 0x00, 0xA0, 0x88, 0x88,
    0x77, 0x7A, 0x76, 0xA6, 0xAA, 0xAA, 0xAA, 0xAA, 0x77, 0xA8, 0x00, 0xAA, 0x64, 0xA7, 0x00, 0x00,
    0x64, 0xA6, 0x00, 0x00, 0x66, 0xA7, 0x00, 0x00, 0x77, 0xA7, 0x00, 0x00, 0x88, 0xA8, 0x00, 0x00,
    0x00, 0x00, 0xAA, 0xAA, 0x00, 0x00, 0x00, 0x00, 0x00, 0x00, 0x00, 0x00, 0x00, 0x00, 0x00, 0x00,
    0x00, 0x00, 0x00, 0x00, 0x00, 0x00, 0x00, 0x00, 0x00, 0x00, 0x00, 0x00, 0x00, 0x00, 0x00, 0x00,
    0xAA, 0x0A, 0x00, 0x00, 0x00, 0x00, 0x00, 0x00, 0x00, 0x00, 0x00, 0x00, 0x00, 0x00, 0x00, 0x00,
    0x00, 0x00, 0x00, 0x00, 0x00, 0x00, 0x00, 0x00, 0x00, 0x00, 0x00, 0x00, 0x00, 0x00, 0x00, 0x00,
    0x77, 0xA6, 0x6A, 0x44, 0x78, 0x77, 0x66, 0x64, 0x8A, 0x78, 0x67, 0x66, 0xA0, 0x8A, 0x78, 0x77,
    0x00, 0xA0, 0x8A, 0x88, 0x00, 0x00, 0xA0, 0xAA, 0x00, 0x00, 0x00, 0x00, 0x00, 0x00, 0x00, 0x00,
    0x66, 0xA7, 0x00, 0x00, 0x76, 0xA8, 0x00, 0x00, 0x87, 0xA8, 0x00, 0x00, 0x88, 0x0A, 0x00, 0x00,
    0xAA, 0x00, 0x00, 0x00, 0x00, 0x00, 0x00, 0x00, 0x00, 0x00, 0x00, 0x00, 0x00, 0x00, 0x00, 0x00,
    0x30, 0x00, 0x03, 0x00, 0x35, 0x50, 0x02, 0x00, 0x33, 0x15, 0x52, 0x00, 0x55, 0x21, 0x53, 0x00,
    0x51, 0x32, 0x25, 0x05, 0x51, 0x33, 0x25, 0x03, 0x52, 0x53, 0x25, 0x03, 0x25, 0x15, 0x35, 0x05,
    0x11, 0x22, 0x55, 0x03, 0x22, 0x55, 0x32, 0x00, 0x25, 0x12, 0x52, 0x55, 0x25, 0x25, 0x21, 0x03,
    0x35, 0x55, 0x52, 0x05, 0x55, 0x57, 0x33, 0x05, 0x35, 0x54, 0x05, 0x00, 0x11, 0x51, 0x00, 0x00,
    0x00, 0x00, 0x00, 0x00, 0x00, 0x00, 0x00, 0x00, 0x00, 0x00, 0x00, 0x00, 0x0B, 0x00, 0x00, 0x00,
    0xC9, 0x00, 0x00, 0x00, 0x89, 0x0B, 0x00, 0x00, 0x13, 0x0B, 0x00, 0x00, 0x51, 0x05, 0x00, 0x00,
    0x32, 0x05, 0x00, 0x00, 0x38, 0x89, 0x00, 0x00, 0x83, 0x86, 0x07, 0x00, 0x51, 0x74, 0x00, 0x00,
    0x51, 0x77, 0x00, 0x00, 0x53, 0x75, 0x00, 0x00, 0x05, 0x00, 0x00, 0x00, 0x05, 0x00, 0x00, 0x00,
};
static const u16 sFrame40[] = {
    0x0006, 0x00D7, 0x81F4, 0x0000, 0x00C7, 0x41F4, 0x0010, 0x00F7, 0x41F4, 0x0014, 0x40F7, 0x0004,
    0x0018, 0x80C7, 0x0004, 0x001A, 0x80D7, 0x0014, 0x001C, 0x0000,
};
static const void* const sFrames40[] = { sFrame40 };
static const u8 sTiles41[992] __attribute__((aligned(4))) = {
    0x00, 0x00, 0x00, 0x00, 0x00, 0x00, 0x00, 0x00, 0x00, 0x00, 0x00, 0x00, 0x00, 0x00, 0x00, 0x00,
    0x00, 0x00, 0x00, 0x00, 0x00, 0x00, 0x00, 0x00, 0x00, 0x00, 0x00, 0x30, 0x00, 0x00, 0x00, 0x33,
    0x00, 0x00, 0xA0, 0x77, 0x00, 0x00, 0xA0, 0x77, 0x00, 0xB0, 0x7A, 0x47, 0x00, 0x33, 0x6A, 0x44,
    0xB0, 0xA1, 0x66, 0x64, 0xA0, 0x7A, 0x4A, 0xA4, 0x13, 0xA7, 0x4A, 0xA7, 0x31, 0x86, 0x86, 0x6A,
    0x86, 0x68, 0x7A, 0x66, 0xA7, 0x7A, 0x7A, 0x86, 0xAA, 0xAA, 0x77, 0x74, 0x0A, 0x6A, 0x44, 0xA4,
    0xA8, 0x66, 0x47, 0xA6, 0xA7, 0x46, 0x66, 0xAA, 0x77, 0x44, 0x64, 0xAA, 0x87, 0x46, 0xA7, 0x88,
    0x86, 0x77, 0x00, 0x00, 0x88, 0xA8, 0x00, 0x00, 0x8A, 0xA1, 0x00, 0x00, 0xA3, 0xA6, 0x00, 0x00,
    0xA6, 0x0A, 0x00, 0x00, 0xA4, 0x0A, 0x00, 0x00, 0xA3, 0xA8, 0x00, 0x00, 0xA6, 0xA7, 0x00, 0x00,
    0x00, 0x00, 0x00, 0x35, 0x00, 0x00, 0x00, 0x30, 0x00, 0x00, 0x00, 0x67, 0x00, 0x00, 0x70, 0x46,
    0x00, 0x47, 0x14, 0x74, 0x70, 0x44, 0x41, 0x77, 0x44, 0x12, 0x77, 0x00, 0x14, 0x71, 0x07, 0x00,
    0xA5, 0xAA, 0x8A, 0x7A, 0xAB, 0x47, 0xA7, 0x7A, 0x31, 0x7A, 0xA7, 0xA0, 0x13, 0xAA, 0x5A, 0xA5,
    0x35, 0x13, 0x11, 0xA1, 0x50, 0x31, 0x53, 0x7A, 0x00, 0x03, 0x05, 0x8A, 0x00, 0x00, 0x00, 0xAA,
    0xAA, 0xA8, 0xAA, 0x77, 0xAA, 0x8A, 0x8A, 0x76, 0x77, 0x7A, 0x7A, 0x76, 0x77, 0x8A, 0x7A, 0x86,
    0xAA, 0x87, 0x78, 0x86, 0xAA, 0xAA, 0x67, 0xA6, 0xAA, 0xAA, 0x67, 0xA6, 0xAA, 0xAA, 0x67, 0xA6,
    0x86, 0x76, 0x0A, 0x00, 0x83, 0x66, 0x0A, 0x00, 0x86, 0x67, 0x0A, 0x00, 0xA4, 0x67, 0xA8, 0x00,
    0xA3, 0x68, 0xA7, 0x00, 0xA6, 0x78, 0xA6, 0x00, 0xA6, 0x8A, 0x86, 0x0A, 0x64, 0x8A, 0x76, 0x0A,
    0x00, 0x00, 0xA0, 0xA8, 0x00, 0x00, 0xA0, 0xA7, 0x00, 0x00, 0x80, 0xA7, 0x00, 0x00, 0x7A, 0xA8,
    0x00, 0x00, 0x7A, 0xA8, 0x00, 0x00, 0x8A, 0xAA, 0x00, 0x00, 0x8A, 0xAA, 0x00, 0x00, 0x8A, 0x8A,
    0x8A, 0xAA, 0x66, 0x66, 0x8A, 0xAA, 0x66, 0x47, 0x7A, 0x8A, 0x66, 0x47, 0x78, 0x8A, 0x66, 0x67,
    0x78, 0x8A, 0x66, 0x47, 0x77, 0x8A, 0x66, 0xA4, 0x77, 0x8A, 0x66, 0xA6, 0x77, 0x7A, 0x76, 0xA4,
    0xAA, 0xA4, 0x66, 0x0A, 0xAA, 0xA6, 0x66, 0x0A, 0xA8, 0x4A, 0x67, 0x0A, 0xA8, 0x6A, 0x67, 0x0A,
    0xAA, 0x3A, 0x68, 0x0A, 0x77, 0xAA, 0x64, 0xAA, 0xAA, 0xA6, 0x76, 0x6A, 0x66, 0xA6, 0xA4, 0x46,
    0x00, 0x00, 0x00, 0x00, 0x00, 0x00, 0x00, 0x00, 0x00, 0x00, 0x00, 0x00, 0x00, 0x00, 0x00, 0x00,
    0x00, 0x00, 0x00, 0x00, 0x0A, 0x00, 0x00, 0x00, 0xA6, 0x00, 0x00, 0x00, 0x64, 0x0A, 0x00, 0x00,
    0x00, 0x00, 0xAA, 0x8A, 0x00, 0x00, 0xA0, 0xA8, 0x00, 0x00, 0x7A, 0x87, 0x00, 0xA0, 0x67, 0x44,
    0x00, 0xA0, 0x66, 0x44, 0x00, 0xA0, 0x67, 0x46, 0x00, 0xA0, 0x77, 0x77, 0x00, 0xA0, 0x88, 0x88,
    0x77, 0x7A, 0x76, 0xA6, 0xAA, 0xAA, 0xAA, 0xAA, 0x77, 0xA8, 0x00, 0xAA, 0x64, 0xA7, 0x00, 0x00,
    0x64, 0xA6, 0x00, 0x00, 0x66, 0xA7, 0x00, 0x00, 0x77, 0xA7, 0x00, 0x00, 0x88, 0xA8, 0x00, 0x00,
    0x77, 0xA6, 0x6A, 0x44, 0x78, 0x77, 0x66, 0x64, 0x8A, 0x78, 0x67, 0x66, 0xA0, 0x8A, 0x78, 0x77,
    0x00, 0xA0, 0x8A, 0x88, 0x00, 0x00, 0xA0, 0xAA, 0x00, 0x00, 0x00, 0x00, 0x00, 0x00, 0x00, 0x00,
    0x66, 0xA7, 0x00, 0x00, 0x76, 0xA8, 0x00, 0x00, 0x87, 0xA8, 0x00, 0x00, 0x88, 0x0A, 0x00, 0x00,
    0xAA, 0x00, 0x00, 0x00, 0x00, 0x00, 0x00, 0x00, 0x00, 0x00, 0x00, 0x00, 0x00, 0x00, 0x00, 0x00,
    0x00, 0x00, 0x00, 0x00, 0x00, 0x00, 0x00, 0x00, 0x00, 0x00, 0x00, 0x00, 0x00, 0x00, 0x00, 0x00,
    0x00, 0x00, 0x00, 0x00, 0x00, 0x00, 0x00, 0x00, 0x00, 0x00, 0x00, 0x50, 0x00, 0x00, 0x00, 0x50,
    0x00, 0x00, 0x30, 0x00, 0x00, 0x00, 0x10, 0x05, 0x00, 0x50, 0x15, 0x52, 0x00, 0x35, 0x21, 0x35,
    0x35, 0x22, 0x21, 0x52, 0x22, 0x22, 0x22, 0x52, 0x22, 0x22, 0x22, 0x15, 0x21, 0x22, 0x22, 0x21,
    0x00, 0x00, 0x00, 0x18, 0x00, 0x00, 0x00, 0x15, 0x00, 0x00, 0x00, 0x28, 0x00, 0x00, 0x00, 0x38,
    0x00, 0x00, 0x00, 0x53, 0x00, 0x00, 0x00, 0x55, 0x00, 0x00, 0x00, 0x50, 0x00, 0x00, 0x00, 0x00,
    0x22, 0x15, 0x23, 0x22, 0x51, 0x11, 0x25, 0x51, 0x52, 0x52, 0x23, 0x11, 0x52, 0x35, 0x32, 0x15,
    0x35, 0x25, 0x52, 0x21, 0x53, 0x32, 0x55, 0x15, 0x55, 0x55, 0x01, 0x17, 0x53, 0x32, 0x11, 0x14,
    0x00, 0x00, 0x00, 0x00, 0x00, 0x00, 0x00, 0x00, 0x00, 0x00, 0x00, 0xA0, 0x00, 0x00, 0x00, 0xA8,
    0x00, 0x00, 0x00, 0xA8, 0x00, 0x00, 0x00, 0x88, 0x00, 0x00, 0x00, 0x7A, 0x00, 0x00, 0xA0, 0x7A,
    0x50, 0x53, 0x11, 0x11, 0xA7, 0x1A, 0x31, 0x11, 0x78, 0x1A, 0x11, 0x33, 0x8A, 0x44, 0x1A, 0x11,
    0x68, 0x76, 0xAA, 0x8A, 0x66, 0x76, 0x18, 0x8A, 0x66, 0x77, 0xA8, 0x6A, 0x66, 0x88, 0xA8, 0x67,
    0x00, 0x70, 0x47, 0x21, 0x00, 0x77, 0x44, 0x22, 0x07, 0x11, 0x12, 0x22, 0x47, 0x22, 0x44, 0x21,
    0x70, 0x24, 0x12, 0x42, 0x70, 0x27, 0x12, 0x44, 0x00, 0x10, 0x41, 0x74, 0x00, 0x40, 0x42, 0x07,
    0x72, 0x00, 0x00, 0x00, 0x44, 0x00, 0x00, 0x00, 0x42, 0x00, 0x00, 0x00, 0x12, 0x07, 0x00, 0x00,
    0x21, 0x04, 0x00, 0x00, 0x14, 0x07, 0x00, 0x00, 0x17, 0x04, 0x00, 0x00, 0x00, 0x00, 0x00, 0x00,
    0x00, 0x00, 0xAA, 0xAA, 0x00, 0x00, 0x00, 0x00, 0x00, 0x00, 0x00, 0x00, 0x00, 0x00, 0x00, 0x00,
    0x00, 0x00, 0x00, 0x00, 0x00, 0x00, 0x00, 0x00, 0x00, 0x00, 0x00, 0x00, 0x00, 0x00, 0x00, 0x00,
    0xAA, 0x0A, 0x00, 0x00, 0x00, 0x00, 0x00, 0x00, 0x00, 0x00, 0x00, 0x00, 0x00, 0x00, 0x00, 0x00,
    0x00, 0x00, 0x00, 0x00, 0x00, 0x00, 0x00, 0x00, 0x00, 0x00, 0x00, 0x00, 0x00, 0x00, 0x00, 0x00,
    0x30, 0x00, 0x03, 0x00, 0x35, 0x50, 0x02, 0x00, 0x33, 0x15, 0x52, 0x00, 0x55, 0x21, 0x53, 0x00,
    0x51, 0x32, 0x25, 0x05, 0x51, 0x33, 0x25, 0x03, 0x52, 0x53, 0x25, 0x03, 0x25, 0x15, 0x35, 0x05,
    0x11, 0x22, 0x55, 0x03, 0x22, 0x55, 0x32, 0x00, 0x25, 0x12, 0x52, 0x55, 0x25, 0x25, 0x21, 0x03,
    0x35, 0x55, 0x52, 0x05, 0x55, 0x57, 0x33, 0x05, 0x35, 0x54, 0x05, 0x00, 0x11, 0x51, 0x00, 0x00,
    0x11, 0x05, 0x00, 0x00, 0xAA, 0x00, 0x00, 0x00, 0xAA, 0x06, 0x00, 0x00, 0xA8, 0x7A, 0x00, 0x00,
    0x78, 0xA8, 0x0A, 0x00, 0x66, 0xA7, 0xAA, 0x00, 0x67, 0xA4, 0xAA, 0x00, 0x76, 0xA7, 0x0A, 0x00,
    0x00, 0x00, 0x00, 0x00, 0x00, 0x00, 0x00, 0x00, 0x00, 0x00, 0x00, 0x00, 0x00, 0x00, 0x00, 0x00,
    0x00, 0x00, 0x00, 0x00, 0x00, 0x00, 0x00, 0x00, 0x00, 0x00, 0x00, 0x77, 0x00, 0x00, 0x00, 0x47,
    0x00, 0x00, 0x47, 0x01, 0x00, 0x00, 0x40, 0x00, 0x00, 0x00, 0x00, 0x00, 0x00, 0x00, 0x00, 0x00,
    0x00, 0x00, 0x00, 0x00, 0x00, 0x00, 0x00, 0x00, 0x00, 0x00, 0x00, 0x00, 0x00, 0x00, 0x00, 0x00,
};
static const u16 sFrame41[] = {
    0x000A, 0x40DF, 0x81EC, 0x0000, 0x40EF, 0x81F4, 0x0008, 0x00C7, 0x41F4, 0x0010, 0x40D7, 0x01F4,
    0x0014, 0x40EF, 0x01E4, 0x0016, 0x40FF, 0x01F4, 0x0018, 0x80C7, 0x0004, 0x001A, 0x00D7, 0x0004,
    0x001C, 0x00E7, 0x01E4, 0x001D, 0x00F7, 0x01E4, 0x001E, 0x0000,
};
static const void* const sFrames41[] = { sFrame41 };
static const u8 sTiles42[832] __attribute__((aligned(4))) = {
    0x00, 0x00, 0xE0, 0x66, 0x00, 0x00, 0xC0, 0x76, 0x00, 0x00, 0xA0, 0x7E, 0x00, 0x00, 0x6C, 0xC7,
    0x00, 0x00, 0x7A, 0xCA, 0x00, 0x00, 0x8C, 0x6E, 0x00, 0x00, 0x8A, 0xA8, 0x00, 0x00, 0xE0, 0x0C,
    0xAA, 0x77, 0x49, 0x64, 0x29, 0xC9, 0x6A, 0x96, 0x4A, 0x2A, 0xA9, 0xAA, 0x1A, 0x87, 0xAA, 0x28,
    0x8A, 0x4A, 0x9A, 0x4A, 0x89, 0x79, 0x99, 0x16, 0x6C, 0x2A, 0xC9, 0x7E, 0x89, 0x6A, 0xAA, 0x7A,
    0x76, 0x88, 0x69, 0x09, 0x9A, 0xEA, 0x87, 0xA6, 0x7A, 0xA0, 0x68, 0x96, 0xA7, 0x90, 0x78, 0x66,
    0x96, 0x00, 0x8A, 0x67, 0xA7, 0x00, 0x7A, 0x67, 0xA6, 0x00, 0x9A, 0x9A, 0x96, 0xC0, 0x67, 0x76,
    0x00, 0x00, 0x00, 0x00, 0x00, 0x00, 0x00, 0x00, 0x00, 0x00, 0x00, 0x00, 0x0A, 0x00, 0x00, 0x00,
    0x0A, 0x00, 0x00, 0x00, 0x0A, 0x00, 0x00, 0x00, 0xA7, 0x00, 0x00, 0x00, 0xA6, 0x00, 0x00, 0x00,
    0x00, 0x00, 0x00, 0x90, 0x00, 0x00, 0x00, 0xC0, 0x00, 0x00, 0x00, 0x6A, 0x00, 0x00, 0x00, 0x69,
    0x00, 0x00, 0x00, 0x69, 0x00, 0x00, 0xA0, 0x66, 0x00, 0x00, 0xA0, 0x66, 0x00, 0x00, 0x90, 0x76,
    0x86, 0x69, 0x8A, 0x78, 0x87, 0x89, 0x88, 0x68, 0x96, 0x94, 0x64, 0x78, 0x77, 0xA6, 0x76, 0x86,
    0x86, 0x94, 0x74, 0x86, 0x68, 0x79, 0x6A, 0x76, 0x49, 0x99, 0x4A, 0x86, 0x67, 0x7A, 0x6A, 0x86,
    0x98, 0x90, 0x77, 0x66, 0x97, 0x90, 0x9C, 0x76, 0x67, 0xA9, 0x87, 0x77, 0x66, 0xA9, 0x79, 0xA7,
    0x67, 0x98, 0x90, 0x09, 0x67, 0x97, 0x0A, 0x00, 0x76, 0x76, 0x09, 0x00, 0x67, 0x86, 0x09, 0x00,
    0xA7, 0x00, 0x00, 0x00, 0x97, 0x00, 0x00, 0x00, 0x09, 0x00, 0x00, 0x00, 0x00, 0x00, 0x00, 0x00,
    0x00, 0x00, 0x00, 0x00, 0x00, 0x00, 0x00, 0x00, 0x00, 0x00, 0x00, 0x00, 0x00, 0x00, 0x00, 0x00,
    0x00, 0x00, 0x00, 0x00, 0x00, 0x00, 0x00, 0x00, 0x00, 0x00, 0x00, 0x00, 0x00, 0x00, 0x00, 0x50,
    0x00, 0x00, 0x00, 0x20, 0x00, 0x00, 0x00, 0x30, 0x00, 0x00, 0x00, 0x50, 0x00, 0x00, 0x50, 0x33,
    0x50, 0x00, 0x00, 0x00, 0x30, 0x05, 0x50, 0x00, 0x30, 0x51, 0x30, 0x05, 0x30, 0x12, 0x25, 0x51,
    0x35, 0x21, 0x33, 0x12, 0x31, 0x11, 0x13, 0x33, 0x32, 0x12, 0x25, 0x21, 0x25, 0x35, 0x53, 0x52,
    0x00, 0x00, 0x00, 0x15, 0x00, 0x00, 0x00, 0x50, 0x00, 0x00, 0x00, 0x25, 0x00, 0x00, 0x50, 0x33,
    0x00, 0x00, 0x00, 0x50, 0x00, 0x00, 0x00, 0x00, 0x00, 0x00, 0x00, 0x00, 0x00, 0x00, 0x00, 0x00,
    0x32, 0x23, 0x11, 0x13, 0x21, 0x13, 0x32, 0x32, 0x35, 0x21, 0x15, 0x22, 0x53, 0x53, 0x13, 0x15,
    0x55, 0x32, 0x52, 0x23, 0x45, 0x25, 0x48, 0x52, 0x30, 0x11, 0x41, 0x21, 0x50, 0x12, 0x11, 0x51,
    0x00, 0x00, 0x90, 0x76, 0x00, 0x00, 0xA0, 0x66, 0x00, 0x00, 0x69, 0x77, 0x00, 0x00, 0x69, 0x76,
    0x00, 0x00, 0x6A, 0x87, 0x00, 0x00, 0x69, 0x86, 0x00, 0x80, 0x66, 0x87, 0x00, 0xC0, 0x66, 0x86,
    0x47, 0x89, 0x4A, 0x86, 0x68, 0x8A, 0x69, 0x66, 0x47, 0x89, 0x49, 0x67, 0x68, 0x89, 0x69, 0x77,
    0xA4, 0x88, 0xAE, 0x64, 0x96, 0x78, 0x9E, 0x76, 0xC4, 0x88, 0x9E, 0x74, 0x96, 0x88, 0x9C, 0x76,
    0x00, 0x69, 0x66, 0x87, 0xE0, 0xA7, 0x8A, 0x86, 0x8E, 0x67, 0x97, 0x89, 0x3C, 0x88, 0x76, 0xC9,
    0xF0, 0x84, 0x88, 0x28, 0x00, 0x2C, 0x24, 0xF4, 0x00, 0xC0, 0xFC, 0x0C, 0x00, 0x00, 0x00, 0x00,
    0x94, 0xC8, 0x9E, 0x74, 0xC6, 0x8E, 0xAE, 0x66, 0xA4, 0x28, 0xAE, 0x84, 0x29, 0xE4, 0xA0, 0xAA,
    0xE4, 0x0F, 0x00, 0xC0, 0x0A, 0x00, 0x00, 0xE0, 0x00, 0x00, 0x00, 0x00, 0x00, 0x00, 0x00, 0x00,
    0x67, 0x88, 0x67, 0xA8, 0x67, 0x86, 0x78, 0x76, 0x87, 0x87, 0x99, 0xEA, 0x99, 0xA9, 0x77, 0xE7,
    0x78, 0x67, 0x77, 0xE7, 0x88, 0x76, 0x66, 0x87, 0x8E, 0x88, 0x98, 0x88, 0x8C, 0x88, 0x42, 0x82,
    0x00, 0x00, 0x00, 0x00, 0x09, 0x00, 0x00, 0x00, 0x0A, 0x00, 0x00, 0x00, 0x00, 0x00, 0x00, 0x00,
    0x00, 0x00, 0x00, 0x00, 0x0E, 0x00, 0x00, 0x00, 0x0A, 0x00, 0x00, 0x00, 0x0E, 0x00, 0x00, 0x00,
    0x4C, 0x42, 0x42, 0x42, 0xE0, 0xEA, 0xAE, 0xCE, 0x00, 0x00, 0x00, 0x00, 0x00, 0x00, 0x00, 0x00,
    0x00, 0x00, 0x00, 0x00, 0x00, 0x00, 0x00, 0x00, 0x00, 0x00, 0x00, 0x00, 0x00, 0x00, 0x00, 0x00,
    0x0A, 0x00, 0x00, 0x00, 0x00, 0x00, 0x00, 0x00, 0x00, 0x00, 0x00, 0x00, 0x00, 0x00, 0x00, 0x00,
    0x00, 0x00, 0x00, 0x00, 0x00, 0x00, 0x00, 0x00, 0x00, 0x00, 0x00, 0x00, 0x00, 0x00, 0x00, 0x00,
    0x00, 0x00, 0x00, 0x00, 0x00, 0x00, 0x00, 0x00, 0x00, 0x00, 0x00, 0xA0, 0x00, 0x00, 0x00, 0x6E,
    0x00, 0x00, 0x00, 0x7E, 0x00, 0x00, 0x00, 0x7C, 0x00, 0x00, 0x00, 0x7E, 0x00, 0x00, 0xE0, 0x87,
    0xC0, 0x28, 0x21, 0x33, 0x8C, 0x55, 0x53, 0x85, 0xE7, 0x27, 0x52, 0x98, 0x78, 0x1E, 0x99, 0x69,
    0xC8, 0x46, 0x49, 0x1B, 0x97, 0x68, 0x26, 0x61, 0x6B, 0x76, 0x94, 0x66, 0x6B, 0x76, 0x84, 0x46,
    0x00, 0x00, 0x00, 0x00, 0x00, 0x00, 0x00, 0x00, 0x00, 0x00, 0x00, 0x00, 0x50, 0x00, 0x00, 0x00,
    0x25, 0x05, 0x00, 0x00, 0x13, 0x03, 0x00, 0x00, 0x32, 0x55, 0x00, 0x00, 0x22, 0x32, 0x05, 0x00,
    0x52, 0x12, 0x52, 0x00, 0x25, 0x23, 0x52, 0x00, 0x12, 0x33, 0x55, 0x00, 0x25, 0x31, 0x52, 0x00,
    0x53, 0x53, 0x33, 0x05, 0x25, 0x55, 0x05, 0x00, 0x15, 0x23, 0x05, 0x00, 0x52, 0x53, 0x53, 0x00,
    0x35, 0x05, 0x00, 0x00, 0x53, 0x8A, 0x00, 0x00, 0x61, 0x6C, 0x09, 0x00, 0x62, 0x69, 0xB6, 0x00,
    0xC8, 0x77, 0x96, 0x00, 0x96, 0x88, 0x66, 0x0B, 0x94, 0x88, 0x67, 0x0B, 0x94, 0x88, 0x67, 0x0B,
    0x68, 0x86, 0xA8, 0x00, 0x78, 0x66, 0x98, 0x00, 0x87, 0x66, 0x97, 0x00, 0x86, 0x77, 0x96, 0x00,
    0x76, 0x78, 0xA6, 0x00, 0x96, 0x77, 0x76, 0x09, 0x86, 0x68, 0x96, 0x0A, 0x76, 0x78, 0x67, 0xA8,
};
static const u16 sFrame42[] = {
    0x0008, 0x40DE, 0x81F1, 0x0000, 0x00C6, 0x41F1, 0x0008, 0x00EE, 0x41F1, 0x000C, 0x00F6, 0x4001,
    0x0010, 0x40D6, 0x01F1, 0x0014, 0x80C6, 0x0001, 0x0016, 0x00D6, 0x0001, 0x0018, 0x00EE, 0x0001,
    0x0019, 0x0000,
};
static const void* const sFrames42[] = { sFrame42 };
static const u8 sTiles43[1440] __attribute__((aligned(4))) = {
    0x00, 0x00, 0x79, 0x64, 0x00, 0x90, 0x68, 0x67, 0x00, 0xC0, 0x67, 0x77, 0x00, 0x90, 0x46, 0x86,
    0x00, 0x7A, 0x46, 0xA7, 0x00, 0x69, 0x64, 0x97, 0x00, 0x41, 0x64, 0xA7, 0x22, 0x1E, 0x76, 0x09,
    0xAA, 0x97, 0x77, 0x76, 0x89, 0x77, 0x99, 0x9A, 0xAA, 0x8A, 0x88, 0x87, 0x09, 0x90, 0x88, 0x77,
    0x00, 0xA0, 0x88, 0x78, 0x00, 0x90, 0x88, 0x67, 0x00, 0x90, 0x88, 0x76, 0x00, 0x8A, 0x87, 0x67,
    0x99, 0x87, 0x77, 0x00, 0x88, 0x89, 0x68, 0x08, 0x67, 0x7A, 0x78, 0x87, 0x77, 0xA8, 0x77, 0x67,
    0x87, 0xA8, 0x89, 0x67, 0x77, 0x96, 0x87, 0x78, 0x76, 0x77, 0x8A, 0x98, 0x67, 0x77, 0x8A, 0x98,
    0x00, 0x00, 0x00, 0x00, 0x00, 0x00, 0x00, 0x00, 0x00, 0x30, 0x00, 0x00, 0x08, 0x00, 0x72, 0x60,
    0x94, 0x20, 0x16, 0x17, 0x97, 0x6B, 0x23, 0x31, 0x6A, 0x98, 0x16, 0x12, 0x66, 0x86, 0x69, 0x63,
    0xE4, 0xE2, 0x72, 0x0C, 0xBC, 0xE4, 0x64, 0x0B, 0x12, 0x6C, 0x26, 0x00, 0x41, 0x67, 0x6D, 0x00,
    0x41, 0x9D, 0x87, 0x00, 0x2E, 0xB4, 0xE7, 0x00, 0xC9, 0x42, 0xE9, 0x00, 0x9A, 0x2F, 0x0E, 0xA0,
    0x00, 0x89, 0x77, 0x67, 0x00, 0x89, 0x86, 0x67, 0x00, 0x7A, 0x88, 0x77, 0xA0, 0x88, 0x66, 0x77,
    0x90, 0x77, 0x67, 0x76, 0x79, 0x67, 0x66, 0x76, 0x8A, 0x77, 0x66, 0x66, 0x88, 0x77, 0x66, 0x76,
    0x77, 0x67, 0xA6, 0x99, 0x67, 0x86, 0x76, 0x3B, 0x67, 0x76, 0x66, 0x93, 0x76, 0x66, 0x66, 0x66,
    0x67, 0x66, 0x77, 0x16, 0x66, 0x66, 0x77, 0x66, 0x67, 0x66, 0x76, 0x66, 0x67, 0x66, 0x67, 0x67,
    0x68, 0x88, 0xC8, 0x26, 0x87, 0x87, 0x96, 0x14, 0x8B, 0x97, 0x0B, 0x20, 0x91, 0x0C, 0x00, 0x60,
    0x16, 0x33, 0x20, 0x40, 0x27, 0x66, 0x13, 0x24, 0x77, 0x88, 0x21, 0x00, 0x76, 0x86, 0x98, 0x00,
    0x00, 0xF0, 0x04, 0x8A, 0xE7, 0x0F, 0x0E, 0x89, 0x00, 0x00, 0xE0, 0x87, 0x00, 0x00, 0x80, 0x78,
    0x00, 0x00, 0xAA, 0x68, 0x00, 0x00, 0x9A, 0x78, 0x00, 0x00, 0xAA, 0x88, 0x00, 0x00, 0x89, 0x89,
    0x77, 0x67, 0x66, 0x77, 0x77, 0x66, 0x66, 0x77, 0x77, 0x66, 0x76, 0x77, 0x67, 0x66, 0x77, 0x78,
    0x67, 0x66, 0x77, 0x78, 0x67, 0x66, 0x76, 0x77, 0x66, 0x76, 0x77, 0x67, 0x66, 0x77, 0x87, 0x77,
    0x67, 0x66, 0x77, 0x77, 0x67, 0x66, 0x77, 0x67, 0x66, 0x66, 0x76, 0x76, 0x66, 0x66, 0x76, 0x77,
    0x77, 0x66, 0x76, 0x68, 0x67, 0x66, 0x66, 0x78, 0x67, 0x66, 0x66, 0x87, 0x67, 0x66, 0x66, 0x87,
    0x46, 0x66, 0xA7, 0x00, 0x66, 0x76, 0x98, 0x0A, 0x66, 0x66, 0xA7, 0x08, 0x67, 0x66, 0x94, 0xA7,
    0x77, 0x66, 0x96, 0xA8, 0x67, 0x66, 0x86, 0x79, 0x77, 0x67, 0x76, 0x8A, 0x76, 0x67, 0x86, 0x97,
    0x00, 0x90, 0x68, 0x89, 0x00, 0xC0, 0x68, 0x8A, 0x00, 0x90, 0x9A, 0x89, 0x00, 0x00, 0x00, 0x99,
    0x00, 0x00, 0x00, 0x00, 0x00, 0x00, 0x00, 0x00, 0x00, 0x00, 0x00, 0x00, 0x00, 0x00, 0x00, 0x00,
    0x66, 0x78, 0x87, 0x77, 0x77, 0x68, 0x86, 0x76, 0x87, 0x78, 0x87, 0x77, 0xAA, 0x99, 0xA9, 0x99,
    0x00, 0x00, 0x00, 0x00, 0x00, 0x00, 0x00, 0x00, 0x00, 0x00, 0x00, 0x00, 0x00, 0x00, 0x00, 0x00,
    0x66, 0x66, 0x66, 0x76, 0x67, 0x66, 0x66, 0x67, 0x67, 0x76, 0x66, 0x87, 0x99, 0xAA, 0x99, 0xA9,
    0x00, 0x00, 0x00, 0x00, 0x00, 0x00, 0x00, 0x00, 0x00, 0x00, 0x00, 0x00, 0x00, 0x00, 0x00, 0x00,
    0x78, 0x77, 0x67, 0xA8, 0x87, 0x86, 0x87, 0x88, 0x88, 0xA8, 0xCA, 0xA9, 0xA9, 0x09, 0x00, 0x00,
    0x00, 0x00, 0x00, 0x00, 0x00, 0x00, 0x00, 0x00, 0x00, 0x00, 0x00, 0x00, 0x00, 0x00, 0x00, 0x00,
    0x00, 0x00, 0x00, 0x00, 0x00, 0x00, 0x00, 0x00, 0x00, 0x00, 0x00, 0x00, 0x00, 0x00, 0x00, 0x00,
    0x00, 0x00, 0x00, 0x00, 0x00, 0x00, 0x00, 0x00, 0x00, 0x00, 0x00, 0x00, 0x00, 0x00, 0x00, 0x35,
    0x00, 0x50, 0x00, 0x00, 0x00, 0x30, 0x05, 0x00, 0x00, 0x30, 0x51, 0x50, 0x50, 0x30, 0x12, 0x35,
    0x20, 0x35, 0x21, 0x13, 0x30, 0x31, 0x11, 0x32, 0x50, 0x52, 0x12, 0x52, 0x53, 0x23, 0x35, 0x15,
    0x00, 0x00, 0x00, 0x50, 0x00, 0x00, 0x00, 0x00, 0x00, 0x00, 0x00, 0x50, 0x00, 0x00, 0x00, 0x56,
    0x00, 0x00, 0x00, 0x00, 0x00, 0x00, 0x00, 0x00, 0x00, 0x00, 0x00, 0x00, 0x00, 0x00, 0x00, 0x00,
    0x51, 0x13, 0x22, 0x32, 0x25, 0x21, 0x15, 0x15, 0x12, 0x15, 0x53, 0x13, 0x23, 0x53, 0x32, 0x32,
    0x15, 0x13, 0x12, 0x12, 0x25, 0x23, 0x15, 0x21, 0x35, 0x23, 0x32, 0x13, 0x50, 0x33, 0x21, 0x32,
    0x00, 0x00, 0x00, 0x00, 0x00, 0x00, 0x00, 0x00, 0x00, 0x00, 0x00, 0x00, 0x00, 0x00, 0x00, 0x00,
    0x00, 0x00, 0x00, 0x00, 0x00, 0x00, 0x00, 0x00, 0x00, 0x00, 0x00, 0x00, 0x00, 0x00, 0x00, 0x10,
    0x00, 0x00, 0x00, 0x00, 0x00, 0x00, 0x00, 0x00, 0x00, 0x00, 0x00, 0x00, 0x00, 0x00, 0x00, 0x00,
    0x00, 0x00, 0x00, 0x00, 0x00, 0x00, 0x00, 0x00, 0x00, 0x00, 0x00, 0x00, 0x00, 0x00, 0x30, 0x00,
    0x00, 0x00, 0x00, 0x12, 0x00, 0x00, 0x31, 0x11, 0x00, 0x00, 0x13, 0x21, 0x00, 0x20, 0x61, 0x42,
    0x00, 0x11, 0x21, 0x14, 0x00, 0x20, 0x44, 0x44, 0x00, 0x00, 0x70, 0x62, 0x00, 0x00, 0x20, 0x06,
    0x02, 0x30, 0x01, 0x00, 0x06, 0x10, 0x03, 0x00, 0xD6, 0x02, 0x00, 0x20, 0x27, 0x06, 0x00, 0x40,
    0x64, 0x00, 0x10, 0x64, 0x41, 0x02, 0x31, 0x01, 0x64, 0x06, 0x61, 0x11, 0x62, 0x11, 0x61, 0x56,
    0x00, 0x00, 0x00, 0x00, 0x00, 0x00, 0x00, 0x00, 0x00, 0x00, 0x00, 0x00, 0x00, 0x00, 0x00, 0xEE,
    0x61, 0x00, 0xFE, 0xFF, 0x1F, 0x66, 0xF0, 0x00, 0xFE, 0x14, 0x0F, 0xFE, 0xF0, 0x21, 0x0E, 0x2E,
    0x00, 0x00, 0x00, 0x00, 0x00, 0x00, 0x00, 0x00, 0x00, 0x00, 0x00, 0x00, 0x0F, 0x2F, 0xE0, 0x0F,
    0x12, 0xC2, 0xEF, 0x00, 0x2F, 0x1C, 0x2F, 0x00, 0xF0, 0xFF, 0xF2, 0x02, 0x6E, 0x3E, 0x00, 0xFF,
    0xC0, 0x6F, 0xF2, 0x60, 0x00, 0xE0, 0x26, 0xFF, 0x00, 0x00, 0x6E, 0xE1, 0x00, 0x00, 0x2E, 0x26,
    0x00, 0x00, 0xFF, 0x6C, 0x00, 0x00, 0x00, 0xF0, 0x00, 0x00, 0x00, 0x00, 0x00, 0x00, 0x00, 0x00,
    0xF1, 0xE0, 0xF2, 0x0F, 0x26, 0x0F, 0xFF, 0x00, 0xF0, 0x0E, 0xEF, 0x00, 0x0E, 0xE0, 0x0F, 0x00,
    0xE2, 0xFE, 0x3E, 0x00, 0x36, 0xE1, 0xE0, 0x00, 0x1F, 0xF2, 0x00, 0x00, 0xFF, 0x6F, 0x0F, 0x00,
    0x00, 0x30, 0x01, 0x00, 0x00, 0x10, 0x03, 0x20, 0x00, 0x03, 0x00, 0x00, 0x00, 0x00, 0x00, 0x30,
    0x00, 0x00, 0x00, 0x63, 0x00, 0x00, 0x31, 0x06, 0x00, 0x00, 0x63, 0x00, 0x00, 0x30, 0x06, 0x40,
    0x10, 0x63, 0x00, 0x64, 0x30, 0x06, 0x40, 0x06, 0x63, 0x00, 0x64, 0x00, 0x51, 0x40, 0x06, 0x00,
    0x13, 0x64, 0x00, 0x00, 0x46, 0x06, 0x00, 0x00, 0x66, 0x00, 0x00, 0x00, 0x02, 0x00, 0x00, 0x00,
    0x36, 0x00, 0x00, 0x00, 0x06, 0x00, 0x00, 0x00, 0x06, 0x00, 0x00, 0x00, 0x00, 0x00, 0x00, 0x00,
    0x00, 0x00, 0x00, 0x00, 0x00, 0x00, 0x00, 0x00, 0x00, 0x00, 0x00, 0x00, 0x00, 0x00, 0x00, 0x00,
    0x00, 0x00, 0x00, 0x00, 0x00, 0x00, 0x00, 0x00, 0x00, 0x00, 0x00, 0x00, 0x00, 0x00, 0x00, 0x00,
    0x00, 0x00, 0x00, 0x00, 0x08, 0x00, 0x00, 0x00, 0x0A, 0x00, 0x00, 0x00, 0x0A, 0x00, 0x00, 0x00,
    0x00, 0x00, 0x00, 0x00, 0x00, 0x00, 0x00, 0x00, 0x00, 0x00, 0x00, 0x00, 0x00, 0x00, 0x00, 0x90,
    0x00, 0x00, 0x00, 0xAA, 0x00, 0x00, 0xA0, 0x86, 0x00, 0x00, 0x90, 0x74, 0x00, 0x00, 0x7A, 0x64,
    0x00, 0x35, 0x12, 0x23, 0x00, 0x5A, 0x35, 0x35, 0x9E, 0x98, 0xCA, 0xBB, 0x69, 0xA9, 0x9A, 0xBA,
    0x69, 0x96, 0xAB, 0x9A, 0x99, 0x67, 0xA6, 0xB9, 0x9A, 0x7A, 0x66, 0x66, 0x8A, 0x7A, 0x76, 0x76,
    0x60, 0x51, 0x61, 0x11, 0x41, 0x21, 0x61, 0x62, 0x14, 0x16, 0x64, 0x06, 0x66, 0x41, 0x06, 0x00,
    0x10, 0x64, 0x00, 0x00, 0x40, 0x06, 0x00, 0x00, 0x64, 0x00, 0x00, 0x00, 0x06, 0x00, 0x00, 0x00,
    0x04, 0x00, 0x00, 0x00, 0x06, 0x00, 0x00, 0x00, 0x00, 0x00, 0x00, 0x00, 0x00, 0x00, 0x00, 0x00,
    0x00, 0x00, 0x00, 0x00, 0x00, 0x00, 0x00, 0x00, 0x00, 0x00, 0x00, 0x00, 0x00, 0x00, 0x00, 0x00,
    0x00, 0xE0, 0xC3, 0x00, 0x00, 0xE0, 0x3F, 0x0E, 0x00, 0x00, 0xEE, 0x02, 0x00, 0x00, 0xF0, 0x2F,
    0x00, 0x00, 0x00, 0xEF, 0x00, 0x00, 0x00, 0xF0, 0x00, 0x00, 0x00, 0x00, 0x00, 0x00, 0x00, 0x00,
    0x00, 0x00, 0x00, 0x00, 0x00, 0x00, 0x00, 0x00, 0x00, 0x00, 0x00, 0x00, 0x0F, 0x00, 0x00, 0x00,
    0x02, 0x00, 0x00, 0x00, 0x2E, 0x0F, 0x00, 0x00, 0xFE, 0x02, 0x00, 0x00, 0xE0, 0x2F, 0xEE, 0xF0,
    0x05, 0x00, 0x00, 0x00, 0x05, 0x00, 0x00, 0x00, 0x52, 0x00, 0x00, 0x00, 0x31, 0x05, 0x00, 0x00,
    0x25, 0x55, 0x00, 0x00, 0x31, 0x32, 0x05, 0x00, 0x23, 0x25, 0x05, 0x00, 0x12, 0x31, 0x51, 0x00,
    0x21, 0x13, 0x53, 0x00, 0x52, 0x21, 0x52, 0x00, 0x32, 0x35, 0x25, 0x05, 0x12, 0x13, 0x33, 0x63,
    0x25, 0x31, 0x52, 0x05, 0x15, 0x51, 0x53, 0x00, 0x32, 0x23, 0x05, 0x00, 0x25, 0x52, 0x05, 0x00,
    0x00, 0xFE, 0x62, 0x0E, 0x00, 0xE0, 0x26, 0xE1, 0x00, 0x00, 0x2E, 0x44, 0x00, 0xE0, 0xE0, 0x44,
    0x00, 0x20, 0xEE, 0x12, 0x00, 0x10, 0x0E, 0xB0, 0x00, 0xE0, 0x42, 0x0F, 0x00, 0x00, 0xEF, 0x00,
    0x00, 0x00, 0x22, 0xF6, 0x00, 0x00, 0x00, 0x63, 0x00, 0x00, 0x00, 0x00, 0x00, 0x00, 0x00, 0x00,
    0x00, 0x00, 0x00, 0x00, 0x00, 0x00, 0x00, 0x00, 0x00, 0x00, 0x00, 0x00, 0x00, 0x00, 0x00, 0x00,
    0x00, 0x00, 0x00, 0x00, 0x00, 0x00, 0x00, 0x00, 0x00, 0x00, 0x00, 0x00, 0x00, 0x00, 0x00, 0x00,
    0x00, 0x00, 0x00, 0x00, 0x00, 0x00, 0x00, 0x00, 0x04, 0x00, 0x00, 0x00, 0x01, 0x00, 0x00, 0x00,
    0x53, 0x35, 0x00, 0x00, 0xC3, 0xB8, 0x00, 0x00, 0xAA, 0xB6, 0x09, 0x00, 0x9D, 0xD6, 0x97, 0x00,
    0xAA, 0x96, 0xD7, 0x00, 0x66, 0x97, 0xB6, 0x00, 0x76, 0x89, 0x97, 0x00, 0x66, 0x8A, 0x87, 0x00,
    0x98, 0x00, 0x00, 0x00, 0xA9, 0x00, 0x00, 0x00, 0x00, 0x00, 0x00, 0x00, 0x00, 0x00, 0x00, 0x00,
    0x00, 0x00, 0x00, 0x00, 0x00, 0x00, 0x00, 0x00, 0x00, 0x00, 0x00, 0x00, 0x00, 0x00, 0x00, 0x00,
};
static const u16 sFrame43[] = {
    0x000D, 0x00E4, 0x81EF, 0x0000, 0x00CC, 0x41EF, 0x0010, 0x00CC, 0x400F, 0x0014, 0x00D4, 0x41D7,
    0x0018, 0x80DC, 0x400F, 0x001C, 0x40DC, 0x01EF, 0x0020, 0x40DC, 0x0017, 0x0022, 0x40E4, 0x01DF,
    0x0024, 0x80CC, 0x01FF, 0x0026, 0x80EC, 0x01E7, 0x0028, 0x00D4, 0x001F, 0x002A, 0x00DC, 0x01FF,
    0x002B, 0x00FC, 0x000F, 0x002C, 0x0000,
};
static const void* const sFrames43[] = { sFrame43 };
static const u8 sTiles44[1344] __attribute__((aligned(4))) = {
    0x00, 0x00, 0x00, 0x00, 0x00, 0x00, 0x00, 0x00, 0x00, 0x00, 0x00, 0x00, 0x03, 0x00, 0x30, 0x00,
    0x61, 0x60, 0x02, 0x00, 0x13, 0x16, 0x26, 0x20, 0x36, 0x21, 0x63, 0x04, 0x16, 0x12, 0x96, 0x68,
    0x00, 0x80, 0x69, 0x67, 0x00, 0x80, 0xC9, 0x66, 0x00, 0x68, 0x2A, 0x9B, 0x80, 0x76, 0x49, 0x2B,
    0x68, 0x74, 0x1A, 0x86, 0x44, 0x62, 0x8B, 0x4A, 0x00, 0xA4, 0x88, 0x69, 0x20, 0x8B, 0x67, 0x3D,
    0x84, 0x46, 0x64, 0x96, 0x4A, 0x64, 0x66, 0x97, 0x69, 0x96, 0x8C, 0x88, 0x9A, 0xCA, 0x99, 0xA9,
    0xA9, 0x29, 0xA7, 0x00, 0x99, 0x4A, 0xA8, 0x00, 0xAA, 0x17, 0x98, 0x00, 0xCA, 0x79, 0xA7, 0x00,
    0x69, 0x74, 0x09, 0x00, 0x6A, 0x74, 0x0A, 0x00, 0x69, 0x76, 0x98, 0x00, 0x7C, 0x67, 0x96, 0x00,
    0x89, 0x46, 0xA6, 0x00, 0x90, 0x47, 0x76, 0x09, 0xA0, 0x66, 0x74, 0x0A, 0x90, 0x67, 0x44, 0x01,
    0x62, 0x63, 0x21, 0x66, 0x26, 0x66, 0x12, 0x74, 0x16, 0x04, 0x46, 0x61, 0x26, 0x00, 0x60, 0xA4,
    0x60, 0x00, 0x00, 0x89, 0x40, 0x20, 0xD0, 0x88, 0x20, 0x14, 0x93, 0x87, 0x00, 0x20, 0x7B, 0x78,
    0x96, 0x78, 0x74, 0x69, 0x8A, 0x66, 0x66, 0x8B, 0x89, 0x67, 0x86, 0xA6, 0x78, 0x67, 0x76, 0x68,
    0x78, 0x66, 0x77, 0x46, 0x77, 0x76, 0x67, 0x64, 0x66, 0x76, 0x77, 0x46, 0x67, 0x77, 0x76, 0x64,
    0xA9, 0x6E, 0x87, 0x09, 0x89, 0x6A, 0x87, 0x09, 0x68, 0x6C, 0x87, 0x09, 0x77, 0x86, 0x88, 0x0A,
    0x67, 0x68, 0x87, 0xA8, 0x67, 0x46, 0x77, 0x98, 0x77, 0x66, 0x64, 0x87, 0x76, 0x67, 0x76, 0x87,
    0x00, 0x68, 0x76, 0x29, 0x00, 0x8A, 0x76, 0xA6, 0x00, 0x69, 0xA9, 0xDA, 0x00, 0x90, 0x69, 0x46,
    0x00, 0xA0, 0x66, 0x47, 0x00, 0xA0, 0xA7, 0x69, 0x0A, 0x90, 0x97, 0x94, 0x08, 0xE0, 0x4A, 0xD2,
    0x00, 0x90, 0x97, 0x66, 0x00, 0x90, 0x78, 0x66, 0x00, 0x9A, 0x78, 0x66, 0x00, 0xA9, 0x67, 0x66,
    0xA0, 0x96, 0x66, 0x66, 0x90, 0xA8, 0x66, 0x76, 0x69, 0x89, 0x66, 0x76, 0x8A, 0x89, 0x66, 0x76,
    0x66, 0x66, 0x77, 0x46, 0x66, 0x77, 0x76, 0x64, 0x66, 0x77, 0x87, 0x46, 0x77, 0x76, 0x87, 0xC4,
    0x76, 0x77, 0x77, 0x96, 0x67, 0x68, 0x87, 0xA4, 0x76, 0x78, 0x47, 0x9A, 0x86, 0x76, 0x46, 0x0A,
    0x67, 0x67, 0x66, 0x87, 0x78, 0x66, 0x66, 0x67, 0x78, 0x76, 0x66, 0x67, 0x76, 0x67, 0x66, 0x76,
    0x74, 0x77, 0x67, 0x66, 0x86, 0x76, 0x67, 0x66, 0x4A, 0x77, 0x77, 0x66, 0x69, 0x69, 0x66, 0x66,
    0x89, 0x00, 0x2A, 0x8E, 0x88, 0x1A, 0xE4, 0x00, 0x87, 0x0A, 0x0E, 0xEE, 0x86, 0xA7, 0x00, 0x00,
    0x76, 0x98, 0x00, 0x00, 0x77, 0xA8, 0x09, 0x00, 0x66, 0x98, 0x09, 0x00, 0x97, 0x98, 0x0C, 0x00,
    0x99, 0x88, 0x66, 0x77, 0xC7, 0x68, 0x77, 0x77, 0x89, 0x88, 0x78, 0x87, 0x90, 0xA9, 0xAA, 0x88,
    0x00, 0x00, 0x00, 0x9A, 0x00, 0x00, 0x00, 0x00, 0x00, 0x00, 0x00, 0x00, 0x00, 0x00, 0x00, 0x00,
    0x77, 0x67, 0x68, 0x09, 0x77, 0x87, 0x94, 0x00, 0x67, 0x68, 0x09, 0x00, 0x88, 0x99, 0x00, 0x00,
    0x99, 0x00, 0x00, 0x00, 0x00, 0x00, 0x00, 0x00, 0x00, 0x00, 0x00, 0x00, 0x00, 0x00, 0x00, 0x00,
    0xA0, 0x64, 0x77, 0x66, 0x00, 0x76, 0x76, 0x78, 0x00, 0x84, 0x76, 0x78, 0x00, 0x99, 0x9C, 0x88,
    0x00, 0x00, 0x00, 0xAA, 0x00, 0x00, 0x00, 0x00, 0x00, 0x00, 0x00, 0x00, 0x00, 0x00, 0x00, 0x00,
    0x87, 0x89, 0x09, 0x00, 0x87, 0x7A, 0x98, 0x00, 0x86, 0x6A, 0xA8, 0x00, 0x88, 0x99, 0xA9, 0x00,
    0x99, 0x0A, 0x00, 0x00, 0x00, 0x00, 0x00, 0x00, 0x00, 0x00, 0x00, 0x00, 0x00, 0x00, 0x00, 0x00,
    0x00, 0x00, 0x50, 0x00, 0x00, 0x00, 0x30, 0x05, 0x00, 0x00, 0x30, 0x51, 0x00, 0x50, 0x30, 0x12,
    0x00, 0x20, 0x35, 0x21, 0x00, 0x30, 0x31, 0x11, 0x00, 0x50, 0x32, 0x12, 0x50, 0x33, 0x25, 0x35,
    0x00, 0x00, 0x00, 0x00, 0x60, 0x00, 0x00, 0x00, 0x30, 0x05, 0x00, 0x00, 0x25, 0x51, 0x50, 0x00,
    0x33, 0x12, 0x25, 0x05, 0x13, 0x33, 0x13, 0x03, 0x25, 0x21, 0x32, 0x55, 0x53, 0x52, 0x22, 0x32,
    0x00, 0x15, 0x32, 0x23, 0x00, 0x50, 0x21, 0x13, 0x00, 0x25, 0x35, 0x21, 0x50, 0x33, 0x53, 0x53,
    0x00, 0x50, 0x55, 0x32, 0x00, 0x00, 0x45, 0x25, 0x00, 0x00, 0x30, 0x11, 0x00, 0x00, 0x50, 0x12,
    0x11, 0x13, 0x52, 0x12, 0x32, 0x32, 0x25, 0x23, 0x15, 0x22, 0x12, 0x33, 0x13, 0x15, 0x25, 0x31,
    0x52, 0x23, 0x53, 0x53, 0x45, 0x52, 0x25, 0x55, 0x41, 0x21, 0x15, 0x23, 0x11, 0x51, 0x52, 0x53,
    0x00, 0x30, 0x00, 0x00, 0x00, 0x00, 0x31, 0x00, 0x00, 0x00, 0x13, 0x00, 0x20, 0x00, 0x00, 0x72,
    0x30, 0x00, 0x00, 0x26, 0x70, 0x14, 0x00, 0x60, 0x00, 0x31, 0x01, 0x42, 0x14, 0x61, 0x01, 0x66,
    0x10, 0x00, 0x00, 0x00, 0x12, 0x02, 0x00, 0x00, 0x16, 0x31, 0x01, 0x00, 0x26, 0x11, 0x03, 0x00,
    0x47, 0x62, 0x21, 0x00, 0x14, 0x24, 0x11, 0x01, 0x41, 0x44, 0x24, 0x00, 0x64, 0x72, 0x00, 0x00,
    0x41, 0x66, 0x11, 0x61, 0x14, 0x61, 0x41, 0x61, 0x66, 0x62, 0x21, 0x41, 0x00, 0x66, 0x14, 0x16,
    0x00, 0x00, 0x46, 0x61, 0x00, 0x00, 0x60, 0x14, 0x00, 0x00, 0x00, 0x46, 0x00, 0x00, 0x00, 0x60,
    0x02, 0x26, 0x00, 0x00, 0x00, 0x00, 0x31, 0x00, 0x21, 0x00, 0x13, 0x00, 0x04, 0x00, 0x00, 0x03,
    0x36, 0x00, 0x00, 0x00, 0x60, 0x03, 0x00, 0x00, 0x00, 0x37, 0x00, 0x00, 0x04, 0x60, 0x03, 0x00,
    0x00, 0x00, 0x00, 0x00, 0x00, 0x00, 0x00, 0x00, 0x00, 0x00, 0x00, 0x00, 0x00, 0x00, 0x00, 0x00,
    0x00, 0xFF, 0x20, 0x0F, 0x00, 0xE0, 0xFF, 0x02, 0x00, 0x20, 0x1E, 0x3E, 0x00, 0xF2, 0xE2, 0xEF,
    0x00, 0x00, 0x00, 0x00, 0x00, 0x00, 0x00, 0x00, 0x00, 0x00, 0x00, 0x00, 0x00, 0x00, 0x00, 0x00,
    0xEF, 0x0F, 0x00, 0x00, 0xF2, 0xAF, 0x0F, 0x60, 0x0F, 0xF0, 0x60, 0x16, 0xF0, 0x0F, 0x1E, 0xF4,
    0xF0, 0x0F, 0x20, 0x6F, 0x00, 0xFE, 0xF2, 0xE0, 0x00, 0xF0, 0x0E, 0x2F, 0x00, 0xE0, 0x0F, 0xFE,
    0x00, 0x00, 0xEF, 0x00, 0x00, 0x20, 0xFF, 0xEE, 0x00, 0xE0, 0xF0, 0x21, 0x00, 0x00, 0xF0, 0x12,
    0x2F, 0x0C, 0x2E, 0xE1, 0x61, 0xE0, 0x62, 0xFE, 0xF6, 0x2F, 0xF6, 0x00, 0xE0, 0x61, 0x0F, 0x00,
    0x2E, 0x26, 0x0F, 0x00, 0x42, 0xEF, 0x0E, 0x00, 0xF6, 0x00, 0x00, 0x00, 0x0E, 0x00, 0x00, 0x00,
    0x00, 0x00, 0x00, 0x28, 0x00, 0x00, 0xB0, 0x55, 0x00, 0x00, 0x9A, 0xB7, 0x00, 0x00, 0x69, 0x27,
    0x00, 0xA0, 0x96, 0x18, 0x00, 0x90, 0x96, 0x46, 0x00, 0xA0, 0x97, 0x67, 0x00, 0xA0, 0x69, 0x86,
    0x21, 0x33, 0x35, 0x05, 0x53, 0x25, 0x55, 0x00, 0x11, 0x32, 0xBA, 0x0D, 0x23, 0x93, 0x61, 0x9B,
    0x88, 0x6B, 0x62, 0x6A, 0x4E, 0x1D, 0xB8, 0x44, 0x26, 0x61, 0xA6, 0x76, 0x84, 0x47, 0x44, 0x79,
    0x00, 0x00, 0x00, 0x00, 0x00, 0x00, 0x00, 0x00, 0x00, 0x00, 0x00, 0x00, 0x00, 0x00, 0x00, 0x00,
    0x00, 0x00, 0x00, 0x00, 0x00, 0x00, 0x00, 0x00, 0x00, 0x00, 0x00, 0x2E, 0x00, 0x00, 0x00, 0xE3,
    0x00, 0x00, 0x6F, 0xEF, 0x00, 0xE0, 0xF2, 0x00, 0x00, 0x2E, 0xCF, 0x00, 0x00, 0xF3, 0x0E, 0x00,
    0x2F, 0xEE, 0x00, 0x00, 0xF2, 0x0F, 0x00, 0x00, 0xCF, 0x00, 0x00, 0x00, 0x0F, 0x00, 0x00, 0x00,
    0x00, 0x00, 0x00, 0x00, 0x00, 0x00, 0x00, 0x00, 0x00, 0x00, 0x00, 0x00, 0x00, 0x00, 0x00, 0x00,
    0x00, 0x00, 0x00, 0x00, 0x00, 0x00, 0x00, 0x00, 0x00, 0x00, 0x00, 0x00, 0x05, 0x00, 0x00, 0x00,
    0x52, 0x00, 0x00, 0x00, 0x52, 0x00, 0x00, 0x00, 0x55, 0x00, 0x00, 0x00, 0x52, 0x00, 0x00, 0x00,
    0x33, 0x05, 0x00, 0x00, 0x05, 0x00, 0x00, 0x00, 0x05, 0x00, 0x00, 0x00, 0x53, 0x00, 0x00, 0x00,
    0x46, 0x00, 0x36, 0x00, 0x60, 0x04, 0x60, 0x03, 0x00, 0x46, 0x00, 0x36, 0x00, 0x60, 0x04, 0x60,
    0x00, 0x00, 0x47, 0x60, 0x00, 0x00, 0x60, 0x14, 0x00, 0x00, 0x00, 0x46, 0x00, 0x00, 0x00, 0x60,
    0x00, 0x00, 0x00, 0x00, 0x00, 0x00, 0x00, 0x30, 0x00, 0x00, 0x00, 0x00, 0x00, 0x00, 0x00, 0x00,
    0x00, 0x00, 0x00, 0x00, 0x00, 0x00, 0x00, 0x00, 0x00, 0x00, 0x00, 0x00, 0x00, 0x00, 0x00, 0x00,
    0xF2, 0xF0, 0x2F, 0xFE, 0x04, 0x6E, 0xE2, 0x0F, 0xEE, 0x21, 0xE6, 0x00, 0x48, 0x24, 0x0E, 0x00,
    0x94, 0xE4, 0xE0, 0x00, 0xB4, 0xE2, 0x2E, 0x00, 0xB7, 0x00, 0x1E, 0x00, 0x09, 0x4E, 0xE2, 0x01,
    0x0A, 0xC0, 0x1E, 0x00, 0xE0, 0x36, 0x02, 0x00, 0x67, 0x02, 0x00, 0x00, 0x00, 0x00, 0x00, 0x00,
    0x00, 0x00, 0x00, 0x00, 0x00, 0x00, 0x00, 0x00, 0x00, 0x00, 0x00, 0x00, 0x00, 0x00, 0x00, 0x00,
    0x00, 0x00, 0x00, 0x00, 0x00, 0x00, 0x00, 0x00, 0x00, 0x00, 0x00, 0x00, 0x00, 0x00, 0x00, 0x00,
    0x00, 0x00, 0x00, 0x00, 0x01, 0x00, 0x00, 0x00, 0x0E, 0x00, 0x00, 0x00, 0x0E, 0x00, 0x00, 0x00,
    0x00, 0x00, 0x00, 0x00, 0x00, 0x00, 0x00, 0x00, 0x00, 0x00, 0x00, 0x00, 0x09, 0x00, 0x00, 0x00,
    0x96, 0x00, 0x00, 0x00, 0xA6, 0x0A, 0x00, 0x00, 0x89, 0xA6, 0x00, 0x00, 0x89, 0x94, 0x00, 0x00,
    0x0F, 0x00, 0x00, 0x00, 0x00, 0x00, 0x00, 0x00, 0x00, 0x00, 0x00, 0x00, 0x00, 0x00, 0x00, 0x00,
    0x00, 0x00, 0x00, 0x00, 0x00, 0x00, 0x00, 0x00, 0x00, 0x00, 0x00, 0x00, 0x00, 0x00, 0x00, 0x00,
    0x00, 0x00, 0x00, 0x00, 0x00, 0x00, 0x00, 0xA0, 0x00, 0x00, 0x00, 0xA0, 0x00, 0x00, 0x00, 0x00,
    0x00, 0x00, 0x00, 0x00, 0x00, 0x00, 0x00, 0x00, 0x00, 0x00, 0x00, 0x00, 0x00, 0x00, 0x00, 0x00,
};
static const u16 sFrame44[] = {
    0x000D, 0x00E3, 0x81F2, 0x0000, 0x00CB, 0x41FA, 0x0010, 0x00D3, 0x41E2, 0x0014, 0x00D3, 0x401A,
    0x0018, 0x40DB, 0x01FA, 0x001C, 0x40E3, 0x0012, 0x001E, 0x80CB, 0x000A, 0x0020, 0x80E3, 0x01EA,
    0x0022, 0x80EB, 0x0012, 0x0024, 0x00D3, 0x002A, 0x0026, 0x00DB, 0x000A, 0x0027, 0x00E3, 0x0022,
    0x0028, 0x00FB, 0x01EA, 0x0029, 0x0000,
};
static const void* const sFrames44[] = { sFrame44 };
static const u8 sTiles45[768] __attribute__((aligned(4))) = {
    0x00, 0x00, 0x7A, 0xAA, 0x00, 0x00, 0x78, 0xAA, 0x00, 0xA0, 0x87, 0x8A, 0x00, 0xA0, 0x87, 0x8A,
    0x00, 0xA0, 0xA8, 0x7A, 0x00, 0xA0, 0xA8, 0x7A, 0x00, 0xA0, 0xA8, 0x78, 0x00, 0xA0, 0xAA, 0x78,
    0xA8, 0x6A, 0x76, 0xA4, 0xA7, 0x68, 0x76, 0x84, 0xA7, 0x68, 0x76, 0x86, 0xA7, 0x68, 0x76, 0xA4,
    0xA7, 0x68, 0x46, 0x7A, 0xA7, 0x68, 0x66, 0xAA, 0xA7, 0x67, 0x47, 0x6A, 0xA7, 0x67, 0x67, 0x7A,
    0x6A, 0x6A, 0xA6, 0x00, 0xAA, 0x74, 0xA6, 0x00, 0xAA, 0x76, 0xA6, 0x00, 0xAA, 0x83, 0xA6, 0x00,
    0xA7, 0x4A, 0xA6, 0xAA, 0x6A, 0x6A, 0xA7, 0x66, 0x66, 0x4A, 0x6A, 0x44, 0x67, 0xAA, 0x46, 0x64,
    0x00, 0x00, 0x00, 0x00, 0x00, 0x00, 0x00, 0x00, 0x00, 0x00, 0x00, 0x00, 0x00, 0x00, 0x00, 0x00,
    0x00, 0x00, 0x00, 0x00, 0x0A, 0x00, 0x00, 0x00, 0xA6, 0x00, 0x00, 0x00, 0x76, 0x0A, 0x00, 0x00,
    0x00, 0x00, 0x8A, 0xAA, 0x00, 0xA0, 0x77, 0x78, 0x00, 0x7A, 0x46, 0x44, 0x00, 0x6A, 0x46, 0x44,
    0x00, 0x7A, 0x66, 0x64, 0x00, 0x7A, 0x77, 0x77, 0x00, 0x8A, 0x88, 0x88, 0x00, 0xA0, 0xAA, 0xAA,
    0xAA, 0xAA, 0xAA, 0x8A, 0x87, 0x0A, 0xA0, 0xAA, 0x76, 0x0A, 0x00, 0x00, 0x66, 0x0A, 0x00, 0x00,
    0x76, 0x0A, 0x00, 0x00, 0x77, 0x0A, 0x00, 0x00, 0x88, 0x0A, 0x00, 0x00, 0xAA, 0x00, 0x00, 0x00,
    0x77, 0x67, 0x46, 0x66, 0x88, 0x77, 0x66, 0x76, 0xAA, 0x88, 0x77, 0x87, 0x00, 0xAA, 0x88, 0xA8,
    0x00, 0x00, 0xAA, 0x0A, 0x00, 0x00, 0x00, 0x00, 0x00, 0x00, 0x00, 0x00, 0x00, 0x00, 0x00, 0x00,
    0x87, 0x0A, 0x00, 0x00, 0x88, 0x0A, 0x00, 0x00, 0xA8, 0x00, 0x00, 0x00, 0x0A, 0x00, 0x00, 0x00,
    0x00, 0x00, 0x00, 0x00, 0x00, 0x00, 0x00, 0x00, 0x00, 0x00, 0x00, 0x00, 0x00, 0x00, 0x00, 0x00,
    0x00, 0x00, 0x00, 0x00, 0x00, 0x00, 0x00, 0x00, 0x00, 0x00, 0x00, 0x00, 0x00, 0x00, 0x00, 0x00,
    0x00, 0x00, 0x00, 0x50, 0x00, 0x00, 0x00, 0x20, 0x00, 0x00, 0x00, 0x25, 0x00, 0x00, 0x00, 0x15,
    0x00, 0x00, 0x03, 0x00, 0x00, 0x00, 0x51, 0x50, 0x00, 0x55, 0x21, 0x35, 0x50, 0x13, 0x52, 0x53,
    0x23, 0x12, 0x22, 0x15, 0x22, 0x22, 0x22, 0x15, 0x22, 0x22, 0x52, 0x21, 0x22, 0x22, 0x12, 0x52,
    0x00, 0x00, 0x80, 0x21, 0x00, 0x00, 0x50, 0x11, 0x00, 0x00, 0x80, 0x22, 0x00, 0x00, 0x80, 0x23,
    0x00, 0x00, 0x30, 0x55, 0x00, 0x00, 0x50, 0x35, 0x00, 0x00, 0x00, 0x55, 0x00, 0x00, 0x00, 0x30,
    0x52, 0x31, 0x22, 0x12, 0x15, 0x51, 0x12, 0x25, 0x25, 0x35, 0x12, 0x51, 0x55, 0x23, 0x53, 0x51,
    0x53, 0x22, 0x15, 0x52, 0x25, 0x53, 0x55, 0x51, 0x55, 0x15, 0x71, 0x51, 0x25, 0x13, 0x41, 0x11,
    0x00, 0x00, 0x00, 0x70, 0x00, 0x00, 0x00, 0xAA, 0x00, 0x00, 0x80, 0xAA, 0x00, 0x00, 0x80, 0x88,
    0x00, 0x00, 0x80, 0xA8, 0x00, 0x00, 0x8A, 0x76, 0x00, 0x00, 0x7A, 0x66, 0x00, 0x00, 0x6A, 0x76,
    0x35, 0x15, 0x11, 0x11, 0x57, 0x55, 0x13, 0x31, 0x46, 0xA4, 0x31, 0xA3, 0x67, 0xA7, 0x1A, 0x8A,
    0x7A, 0x76, 0xA1, 0x8A, 0x67, 0x87, 0x63, 0xA4, 0x78, 0x48, 0x16, 0x68, 0x87, 0x46, 0x44, 0x31,
    0x00, 0xA0, 0x67, 0x76, 0x00, 0xA0, 0x67, 0x87, 0x00, 0xA0, 0x67, 0xA7, 0x00, 0xA0, 0x47, 0xA7,
    0x00, 0x7A, 0x44, 0x0A, 0x00, 0x6A, 0x74, 0x0A, 0xA0, 0x67, 0x64, 0x0A, 0x8A, 0x4A, 0x64, 0x0A,
    0x88, 0x47, 0x64, 0x6A, 0xA8, 0xAA, 0x3A, 0x4A, 0xA0, 0xA8, 0x1A, 0x3A, 0xA0, 0x88, 0x6A, 0x6A,
    0xA0, 0x68, 0xAA, 0x4A, 0xA0, 0x78, 0xAA, 0x3A, 0x8A, 0x78, 0x8A, 0x68, 0xA8, 0x88, 0x7A, 0x67,
    0x03, 0x30, 0x00, 0x00, 0x03, 0x25, 0x00, 0x00, 0x53, 0x21, 0x05, 0x00, 0x15, 0x32, 0x05, 0x00,
    0x25, 0x53, 0x52, 0x00, 0x35, 0x53, 0x32, 0x00, 0x35, 0x55, 0x32, 0x00, 0x52, 0x51, 0x53, 0x00,
    0x21, 0x52, 0x35, 0x00, 0x52, 0x25, 0x03, 0x00, 0x22, 0x21, 0x55, 0x05, 0x52, 0x12, 0x32, 0x00,
    0x53, 0x25, 0x55, 0x00, 0x75, 0x35, 0x53, 0x00, 0x43, 0x55, 0x00, 0x00, 0x11, 0x05, 0x00, 0x00,
    0x51, 0x00, 0x00, 0x00, 0x65, 0x00, 0x00, 0x00, 0xAA, 0x07, 0x00, 0x00, 0x87, 0xAA, 0x00, 0x00,
    0x78, 0xAA, 0x00, 0x00, 0x41, 0xAA, 0x00, 0x00, 0x63, 0xAA, 0x00, 0x00, 0xA7, 0x7A, 0x0A, 0x00,
    0x3A, 0x6A, 0x0A, 0x00, 0x1A, 0x6A, 0xA7, 0x00, 0x6A, 0x6A, 0xA7, 0x00, 0xAA, 0x6A, 0x77, 0x0A,
    0xAA, 0xAA, 0x8A, 0x0A, 0x8A, 0x8A, 0xA7, 0xAA, 0x7A, 0xAA, 0x78, 0x77, 0x68, 0xA7, 0xAA, 0x8A,
    0x7A, 0xAA, 0x74, 0xAA, 0xAA, 0x68, 0xAA, 0xAA, 0x6A, 0xAA, 0x88, 0xAA, 0x7A, 0x74, 0xAA, 0x8A,
    0x6A, 0x77, 0xAA, 0xA7, 0xA0, 0xAA, 0xAA, 0xA8, 0x00, 0x00, 0xA0, 0xAA, 0x00, 0x00, 0x8A, 0xAA,
    0x88, 0xA7, 0x68, 0x37, 0x78, 0xA7, 0x67, 0x67, 0x7A, 0xA8, 0x67, 0x48, 0x7A, 0x88, 0x67, 0x38,
    0xAA, 0x7A, 0x66, 0x6A, 0xAA, 0x7A, 0x66, 0x6A, 0xAA, 0x7A, 0x66, 0x4A, 0xA8, 0x6A, 0x66, 0xA6,
    0x00, 0x00, 0x00, 0x00, 0x00, 0x00, 0x00, 0x00, 0x00, 0x00, 0x00, 0x00, 0x00, 0x00, 0x00, 0x00,
    0x00, 0x00, 0x00, 0x00, 0x00, 0x00, 0x00, 0x00, 0x0A, 0x00, 0x00, 0x00, 0x0A, 0x00, 0x00, 0x00,
    0x68, 0xA6, 0x77, 0xA7, 0x78, 0xA6, 0x6A, 0xA8, 0x7A, 0x86, 0x8A, 0x0A, 0x8A, 0x76, 0xAA, 0x00,
    0x8A, 0x67, 0x0A, 0x00, 0xAA, 0x68, 0xA8, 0x00, 0xA6, 0x68, 0xA7, 0x00, 0x4A, 0x6A, 0xA6, 0x00,
};
static const u16 sFrame45[] = {
    0x0006, 0x40F0, 0x81F5, 0x0000, 0x80C8, 0x81F5, 0x0008, 0x80C8, 0x4005, 0x0010, 0x40E8, 0x01F5,
    0x0014, 0x00E0, 0x000D, 0x0016, 0x00E8, 0x0005, 0x0017, 0x0000,
};
static const void* const sFrames45[] = { sFrame45 };
static const u8 sTiles46[768] __attribute__((aligned(4))) = {
    0x00, 0x7A, 0xAA, 0xA8, 0x00, 0x78, 0xAA, 0xA7, 0xA0, 0x87, 0x8A, 0xA7, 0xA0, 0x87, 0x8A, 0xA7,
    0xA0, 0xA8, 0x7A, 0xA7, 0xA0, 0xA8, 0x7A, 0xA7, 0xA0, 0xA8, 0x78, 0xA7, 0xA0, 0xAA, 0x78, 0xA7,
    0x6A, 0x76, 0xA4, 0x6A, 0x68, 0x76, 0x84, 0xAA, 0x68, 0x76, 0x86, 0xAA, 0x68, 0x76, 0xA4, 0xAA,
    0x68, 0x46, 0x7A, 0xA7, 0x68, 0x66, 0xAA, 0x6A, 0x67, 0x47, 0x6A, 0x66, 0x67, 0x67, 0x7A, 0x67,
    0x6A, 0xA6, 0x00, 0x00, 0x74, 0xA6, 0x00, 0x00, 0x76, 0xA6, 0x00, 0x00, 0x83, 0xA6, 0x00, 0x00,
    0x4A, 0xA6, 0xAA, 0x00, 0x6A, 0xA7, 0x66, 0x0A, 0x4A, 0x6A, 0x44, 0xA6, 0xAA, 0x46, 0x64, 0x76,
    0x00, 0x00, 0x00, 0x00, 0x00, 0x00, 0x00, 0x00, 0x00, 0x00, 0x00, 0x00, 0x00, 0x00, 0x00, 0x00,
    0x00, 0x00, 0x00, 0x00, 0x00, 0x00, 0x00, 0x00, 0x00, 0x00, 0x00, 0x00, 0x0A, 0x00, 0x00, 0x00,
    0x00, 0x8A, 0xAA, 0xAA, 0xA0, 0x77, 0x78, 0x87, 0x7A, 0x46, 0x44, 0x76, 0x6A, 0x46, 0x44, 0x66,
    0x7A, 0x66, 0x64, 0x76, 0x7A, 0x77, 0x77, 0x77, 0x8A, 0x88, 0x88, 0x88, 0xA0, 0xAA, 0xAA, 0xAA,
    0xAA, 0xAA, 0x8A, 0x77, 0x0A, 0xA0, 0xAA, 0x88, 0x0A, 0x00, 0x00, 0xAA, 0x0A, 0x00, 0x00, 0x00,
    0x0A, 0x00, 0x00, 0x00, 0x0A, 0x00, 0x00, 0x00, 0x0A, 0x00, 0x00, 0x00, 0x00, 0x00, 0x00, 0x00,
    0x67, 0x46, 0x66, 0x87, 0x77, 0x66, 0x76, 0x88, 0x88, 0x77, 0x87, 0xA8, 0xAA, 0x88, 0xA8, 0x0A,
    0x00, 0xAA, 0x0A, 0x00, 0x00, 0x00, 0x00, 0x00, 0x00, 0x00, 0x00, 0x00, 0x00, 0x00, 0x00, 0x00,
    0x0A, 0x00, 0x00, 0x00, 0x0A, 0x00, 0x00, 0x00, 0x00, 0x00, 0x00, 0x00, 0x00, 0x00, 0x00, 0x00,
    0x00, 0x00, 0x00, 0x00, 0x00, 0x00, 0x00, 0x00, 0x00, 0x00, 0x00, 0x00, 0x00, 0x00, 0x00, 0x00,
    0x00, 0x00, 0x00, 0x00, 0x00, 0x00, 0x00, 0x00, 0x00, 0x00, 0x00, 0x00, 0x00, 0x00, 0x00, 0x50,
    0x00, 0x00, 0x50, 0x23, 0x00, 0x00, 0x20, 0x22, 0x00, 0x00, 0x25, 0x22, 0x00, 0x00, 0x15, 0x22,
    0x00, 0x03, 0x00, 0x03, 0x00, 0x51, 0x50, 0x03, 0x55, 0x21, 0x35, 0x53, 0x13, 0x52, 0x53, 0x15,
    0x12, 0x22, 0x15, 0x25, 0x22, 0x22, 0x15, 0x35, 0x22, 0x52, 0x21, 0x35, 0x22, 0x12, 0x52, 0x52,
    0x00, 0x80, 0x21, 0x52, 0x00, 0x50, 0x11, 0x15, 0x00, 0x80, 0x22, 0x25, 0x00, 0x80, 0x23, 0x55,
    0x00, 0x30, 0x55, 0x53, 0x00, 0x50, 0x35, 0x25, 0x00, 0x00, 0x55, 0x55, 0x00, 0x00, 0x30, 0x25,
    0x31, 0x22, 0x12, 0x21, 0x51, 0x12, 0x25, 0x52, 0x35, 0x12, 0x51, 0x22, 0x23, 0x53, 0x51, 0x52,
    0x22, 0x15, 0x52, 0x53, 0x53, 0x55, 0x51, 0x75, 0x15, 0x71, 0x51, 0x43, 0x13, 0x41, 0x11, 0x11,
    0x00, 0x00, 0x70, 0x35, 0x00, 0x00, 0xAA, 0x57, 0x00, 0x80, 0xAA, 0x46, 0x00, 0x80, 0x88, 0x67,
    0x00, 0x80, 0x88, 0x7A, 0x00, 0x8A, 0x87, 0x68, 0x00, 0x6A, 0x77, 0xA8, 0x00, 0x6A, 0x66, 0x77,
    0x15, 0x11, 0x11, 0x51, 0x55, 0x13, 0x31, 0x65, 0xA4, 0x31, 0xA3, 0xAA, 0xA7, 0x1A, 0x8A, 0x87,
    0x76, 0xA1, 0x8A, 0x42, 0x87, 0x63, 0xA2, 0x41, 0x4A, 0x16, 0x23, 0x62, 0xA7, 0xAA, 0xAA, 0xAA,
    0x00, 0x7A, 0x66, 0x66, 0x00, 0xA0, 0x7A, 0x77, 0x00, 0x00, 0xA0, 0xAA, 0x00, 0x00, 0x00, 0xA0,
    0x00, 0x00, 0x00, 0xA0, 0x00, 0x00, 0x00, 0xA0, 0x00, 0x00, 0x00, 0x8A, 0x00, 0x00, 0x00, 0xA8,
    0x44, 0x67, 0x76, 0x8A, 0x47, 0x44, 0x44, 0x8A, 0x7A, 0x66, 0xA4, 0xA6, 0xA8, 0x7A, 0xAA, 0xA8,
    0x68, 0xA3, 0x78, 0x6A, 0x78, 0xA3, 0xAA, 0xAA, 0x78, 0x8A, 0x63, 0x7A, 0x88, 0x7A, 0x63, 0x68,
    0x30, 0x00, 0x00, 0x00, 0x25, 0x00, 0x00, 0x00, 0x21, 0x05, 0x00, 0x00, 0x32, 0x05, 0x00, 0x00,
    0x53, 0x52, 0x00, 0x00, 0x53, 0x32, 0x00, 0x00, 0x55, 0x32, 0x00, 0x00, 0x51, 0x53, 0x00, 0x00,
    0x52, 0x35, 0x00, 0x00, 0x25, 0x03, 0x00, 0x00, 0x21, 0x55, 0x05, 0x00, 0x12, 0x32, 0x00, 0x00,
    0x25, 0x55, 0x00, 0x00, 0x35, 0x53, 0x00, 0x00, 0x55, 0x00, 0x00, 0x00, 0x05, 0x00, 0x00, 0x00,
    0x00, 0x00, 0x00, 0x00, 0x00, 0x00, 0x00, 0x00, 0x07, 0x00, 0x00, 0x00, 0xAA, 0x00, 0x00, 0x00,
    0xAA, 0x00, 0x00, 0x00, 0x77, 0x00, 0x00, 0x00, 0x22, 0x37, 0x00, 0x00, 0x7A, 0x22, 0x00, 0x00,
    0x7A, 0x77, 0x47, 0x77, 0xAA, 0x1A, 0x23, 0x22, 0x77, 0x1A, 0x03, 0x00, 0x74, 0x2A, 0x77, 0x37,
    0x67, 0x1A, 0x22, 0x22, 0xAA, 0x22, 0xAA, 0x00, 0xAA, 0x38, 0x77, 0x0A, 0xA7, 0x3A, 0x8A, 0x0A,
    0x00, 0x00, 0xA0, 0x88, 0x00, 0x00, 0xA0, 0x78, 0x00, 0x00, 0xAA, 0x7A, 0x00, 0x00, 0x8A, 0x7A,
    0x00, 0xA0, 0xA7, 0xAA, 0x00, 0xA0, 0xA8, 0xAA, 0x00, 0xA0, 0xAA, 0xAA, 0x00, 0x8A, 0xAA, 0xA8,
    0xA7, 0x68, 0x42, 0x44, 0xA7, 0x67, 0x67, 0x72, 0xA8, 0x67, 0x48, 0x7A, 0x88, 0x67, 0x38, 0x8A,
    0x7A, 0x66, 0x6A, 0x8A, 0x7A, 0x66, 0x6A, 0xAA, 0x7A, 0x66, 0x4A, 0xA6, 0x6A, 0x66, 0xA6, 0x4A,
    0x74, 0x00, 0x00, 0x00, 0x22, 0x00, 0x00, 0x00, 0x00, 0x00, 0x00, 0x00, 0x37, 0x00, 0x00, 0x00,
    0x22, 0x00, 0x00, 0x00, 0x00, 0x00, 0x00, 0x00, 0x00, 0x00, 0x00, 0x00, 0x00, 0x00, 0x00, 0x00,
    0xA6, 0x77, 0xA7, 0x00, 0xA6, 0x6A, 0xA8, 0x00, 0x86, 0x8A, 0x0A, 0x00, 0x76, 0xAA, 0x00, 0x00,
    0x67, 0x0A, 0x00, 0x00, 0x68, 0xA8, 0x00, 0x00, 0x68, 0xA7, 0x00, 0x00, 0x6A, 0xA6, 0x00, 0x00,
};
static const u16 sFrame46[] = {
    0x0006, 0x40F0, 0x81F7, 0x0000, 0x80C8, 0x81F7, 0x0008, 0x80C8, 0x4007, 0x0010, 0x40E8, 0x01F7,
    0x0014, 0x00E0, 0x000F, 0x0016, 0x00E8, 0x0007, 0x0017, 0x0000,
};
static const void* const sFrames46[] = { sFrame46 };
static const u8 sTiles47[864] __attribute__((aligned(4))) = {
    0x00, 0x00, 0x00, 0xA0, 0x00, 0x00, 0x00, 0xA0, 0x00, 0x00, 0x00, 0xA0, 0x00, 0x00, 0x00, 0xA0,
    0x00, 0x00, 0x00, 0x7A, 0x00, 0x00, 0x00, 0x6A, 0x00, 0x00, 0xA0, 0x67, 0x00, 0x60, 0x8A, 0x4A,
    0x67, 0x76, 0x88, 0x47, 0x67, 0x87, 0xA8, 0xAA, 0x67, 0xA7, 0xA0, 0xA8, 0x47, 0xA7, 0xA0, 0x88,
    0x44, 0x0A, 0xA0, 0x68, 0x74, 0x0A, 0xA0, 0x78, 0x64, 0x0A, 0x8A, 0x78, 0x64, 0x2A, 0xA8, 0x88,
    0x64, 0x6A, 0x3A, 0x6A, 0x3A, 0x4A, 0x1A, 0x6A, 0x1A, 0x3A, 0x6A, 0x6A, 0x6A, 0x6A, 0xAA, 0x6A,
    0xAA, 0x4A, 0xAA, 0xAA, 0xAA, 0x3A, 0x8A, 0x8A, 0x8A, 0x68, 0x7A, 0xAA, 0x7A, 0x67, 0x68, 0xA7,
    0x0A, 0x00, 0x00, 0x00, 0xA7, 0x00, 0x00, 0x00, 0xA7, 0x00, 0x00, 0x00, 0x77, 0x0A, 0x00, 0x00,
    0x8A, 0x0A, 0x00, 0x00, 0xA7, 0xAA, 0x00, 0x00, 0x78, 0x77, 0x0A, 0x00, 0xAA, 0x8A, 0x0A, 0x00,
    0x00, 0x10, 0x7A, 0xAA, 0x00, 0x00, 0xAA, 0x68, 0x00, 0x13, 0x6A, 0xAA, 0x00, 0x30, 0x7A, 0x74,
    0x00, 0x30, 0x6A, 0x77, 0x10, 0x13, 0xA6, 0xAA, 0x24, 0x21, 0x61, 0x00, 0x00, 0x14, 0x11, 0x64,
    0x74, 0x4A, 0x88, 0xA7, 0xAA, 0x6A, 0x78, 0xA7, 0x88, 0x2A, 0x76, 0xA8, 0xAA, 0x14, 0x76, 0x88,
    0x6A, 0x26, 0x36, 0x7A, 0x6A, 0x63, 0x12, 0x7A, 0x16, 0x12, 0x66, 0x7A, 0x23, 0x31, 0x46, 0x66,
    0x68, 0x37, 0x68, 0xA6, 0x67, 0x67, 0x78, 0xA6, 0x67, 0x48, 0x7A, 0x86, 0x67, 0x38, 0x8A, 0x76,
    0x66, 0x6A, 0x8A, 0x67, 0x66, 0x6A, 0xAA, 0x68, 0x66, 0x4A, 0xA6, 0x68, 0x66, 0xA6, 0x4A, 0x6A,
    0x77, 0xA7, 0x00, 0x00, 0x6A, 0xA8, 0x00, 0x00, 0x8A, 0x0A, 0x00, 0x00, 0xAA, 0x00, 0x00, 0x00,
    0x0A, 0x00, 0x00, 0x00, 0xA8, 0x00, 0x00, 0x00, 0xA7, 0x00, 0x00, 0x00, 0xA6, 0x00, 0x00, 0x00,
    0x00, 0x42, 0x20, 0x21, 0x00, 0x00, 0x00, 0x00, 0x00, 0x00, 0x00, 0x30, 0x00, 0x00, 0x00, 0xA0,
    0x00, 0x00, 0x00, 0xA0, 0x00, 0x00, 0x00, 0xA0, 0x00, 0x00, 0x00, 0xA0, 0x00, 0x00, 0x00, 0xA0,
    0x16, 0x16, 0x13, 0x64, 0x62, 0x6A, 0x61, 0x41, 0x81, 0x1A, 0x63, 0x18, 0x87, 0x8A, 0x31, 0x66,
    0xA8, 0x7A, 0x17, 0x63, 0xA8, 0x7A, 0xA7, 0x31, 0xA8, 0x73, 0xA7, 0x17, 0xAA, 0x18, 0xA3, 0x27,
    0x76, 0xA4, 0x6A, 0x6A, 0x76, 0x84, 0xAA, 0x74, 0x64, 0x86, 0xAA, 0x76, 0x41, 0xA6, 0xAA, 0x83,
    0x16, 0x64, 0xA7, 0x4A, 0x66, 0x41, 0x66, 0x6A, 0x14, 0x16, 0x64, 0x46, 0x41, 0x21, 0x61, 0x62,
    0xA6, 0x00, 0x00, 0x00, 0xA6, 0x00, 0x00, 0x00, 0xA6, 0x00, 0x00, 0x00, 0xA6, 0x00, 0x00, 0x00,
    0xA6, 0xAA, 0x00, 0x00, 0xA7, 0x66, 0x0A, 0x00, 0x6A, 0x44, 0xA6, 0x00, 0x46, 0x64, 0x76, 0x0A,
    0x00, 0x00, 0x00, 0x00, 0x00, 0x00, 0x00, 0xA0, 0x00, 0x00, 0x00, 0x7A, 0x00, 0x00, 0x00, 0x6A,
    0x00, 0x00, 0x00, 0x7A, 0x00, 0x00, 0x00, 0x7A, 0x00, 0x00, 0x00, 0x8A, 0x00, 0x00, 0x00, 0xA0,
    0x8A, 0x3A, 0xA1, 0xAA, 0x77, 0x78, 0x27, 0x06, 0x46, 0x44, 0xD6, 0x62, 0x46, 0x24, 0x44, 0x44,
    0x66, 0x11, 0x21, 0x14, 0x77, 0x27, 0x67, 0x42, 0x88, 0x88, 0x13, 0x2A, 0xAA, 0xAA, 0x31, 0x10,
    0x61, 0x41, 0x61, 0x11, 0x62, 0x1A, 0x61, 0x46, 0x64, 0x06, 0x61, 0x11, 0x41, 0x12, 0x31, 0xA1,
    0x64, 0x00, 0x10, 0x64, 0x2D, 0x06, 0x00, 0x41, 0xD6, 0x02, 0x00, 0x20, 0x06, 0x10, 0x03, 0x00,
    0x44, 0x66, 0x87, 0x0A, 0x61, 0x76, 0x88, 0x0A, 0x74, 0x87, 0xA8, 0x00, 0x88, 0xA8, 0x0A, 0x00,
    0xAA, 0x0A, 0x00, 0x00, 0x00, 0x00, 0x00, 0x00, 0x00, 0x00, 0x00, 0x00, 0x00, 0x00, 0x00, 0x00,
    0x00, 0x00, 0x00, 0x00, 0x00, 0x00, 0x00, 0x00, 0x00, 0x00, 0x00, 0x55, 0x00, 0x00, 0x50, 0x13,
    0x00, 0x50, 0x23, 0x12, 0x00, 0x20, 0x22, 0x22, 0x00, 0x25, 0x22, 0x22, 0x00, 0x15, 0x22, 0x22,
    0x03, 0x00, 0x03, 0x30, 0x51, 0x50, 0x03, 0x25, 0x21, 0x35, 0x53, 0x21, 0x52, 0x53, 0x15, 0x32,
    0x22, 0x15, 0x25, 0x53, 0x22, 0x15, 0x35, 0x53, 0x52, 0x21, 0x35, 0x55, 0x12, 0x52, 0x52, 0x51,
    0x80, 0x21, 0x52, 0x31, 0x50, 0x11, 0x15, 0x51, 0x80, 0x22, 0x25, 0x35, 0x80, 0x23, 0x55, 0x23,
    0x30, 0x55, 0x53, 0x22, 0x50, 0x35, 0x25, 0x53, 0x00, 0x55, 0x55, 0x15, 0x00, 0x30, 0x25, 0x13,
    0x22, 0x12, 0x21, 0x52, 0x12, 0x25, 0x52, 0x25, 0x12, 0x51, 0x22, 0x21, 0x53, 0x51, 0x52, 0x12,
    0x15, 0x52, 0x53, 0x25, 0x55, 0x51, 0x75, 0x35, 0x71, 0x51, 0x43, 0x55, 0x41, 0x11, 0x11, 0x05,
    0x00, 0x70, 0x35, 0x15, 0x00, 0xAA, 0x57, 0x55, 0x80, 0xAA, 0x46, 0xA4, 0x80, 0x88, 0x67, 0xA7,
    0x80, 0xA8, 0x7A, 0x76, 0x8A, 0x76, 0x67, 0x87, 0x7A, 0x66, 0x78, 0x48, 0x6A, 0x76, 0x87, 0x46,
    0x11, 0x11, 0x51, 0x00, 0x13, 0x31, 0x65, 0x00, 0x31, 0xA3, 0xAA, 0x07, 0x1A, 0x8A, 0x87, 0xAA,
    0xA1, 0x8A, 0x78, 0xAA, 0x63, 0xA4, 0x41, 0xAA, 0x16, 0x68, 0x63, 0xAA, 0x44, 0x31, 0xA7, 0x7A,
    0x00, 0x00, 0x00, 0x12, 0x00, 0x00, 0x00, 0x10, 0x00, 0x00, 0x00, 0x00, 0x00, 0x00, 0x00, 0x00,
    0x00, 0x00, 0x00, 0x00, 0x00, 0x00, 0x00, 0x00, 0x00, 0x00, 0x00, 0x00, 0x00, 0x00, 0x00, 0x00,
    0x02, 0x30, 0x01, 0x00, 0x00, 0x00, 0x30, 0x00, 0x00, 0x00, 0x00, 0x00, 0x00, 0x00, 0x00, 0x00,
    0x00, 0x00, 0x00, 0x00, 0x00, 0x00, 0x00, 0x00, 0x00, 0x00, 0x00, 0x00, 0x00, 0x00, 0x00, 0x00,
    0x00, 0x00, 0x00, 0x00, 0x00, 0x00, 0x00, 0x00, 0x05, 0x00, 0x00, 0x00, 0x05, 0x00, 0x00, 0x00,
    0x52, 0x00, 0x00, 0x00, 0x32, 0x00, 0x00, 0x00, 0x32, 0x00, 0x00, 0x00, 0x53, 0x00, 0x00, 0x00,
    0x35, 0x00, 0x00, 0x00, 0x03, 0x00, 0x00, 0x00, 0x55, 0x05, 0x00, 0x00, 0x32, 0x00, 0x00, 0x00,
    0x55, 0x00, 0x00, 0x00, 0x53, 0x00, 0x00, 0x00, 0x00, 0x00, 0x00, 0x00, 0x00, 0x00, 0x00, 0x00,
    0x00, 0x00, 0x00, 0x00, 0x00, 0x00, 0x00, 0x00, 0x00, 0x00, 0x00, 0x00, 0x00, 0x00, 0x00, 0x00,
    0x00, 0x00, 0x00, 0x00, 0x00, 0x00, 0x00, 0x00, 0x00, 0x00, 0x00, 0x00, 0x0A, 0x00, 0x00, 0x00,
};
static const u16 sFrame47[] = {
    0x0006, 0x00E0, 0x81EC, 0x0000, 0x00C8, 0x41F4, 0x0010, 0x40D8, 0x01F4, 0x0014, 0x4000, 0x01F4,
    0x0016, 0x80C8, 0x0004, 0x0018, 0x00D8, 0x0004, 0x001A, 0x0000,
};
static const void* const sFrames47[] = { sFrame47 };
static const u8 sTiles48[960] __attribute__((aligned(4))) = {
    0x00, 0x00, 0x00, 0xA0, 0x00, 0x00, 0x00, 0xA0, 0x00, 0x00, 0x00, 0xA0, 0x00, 0x00, 0x00, 0xA0,
    0x00, 0x00, 0x00, 0x7A, 0x00, 0x00, 0x00, 0x6A, 0x00, 0x00, 0xA0, 0x67, 0x00, 0x60, 0x8A, 0x4A,
    0x67, 0x76, 0x88, 0x47, 0x67, 0x87, 0xA8, 0xAA, 0x67, 0xA7, 0xA0, 0xA8, 0x47, 0xA7, 0xA0, 0x88,
    0x44, 0x0A, 0xA0, 0x68, 0x74, 0x0A, 0xA0, 0x78, 0x64, 0x0A, 0x8A, 0x78, 0x64, 0x2A, 0xA8, 0x88,
    0x64, 0x6A, 0x3A, 0x7A, 0x3A, 0x4A, 0x1A, 0xAA, 0x1A, 0x3A, 0x6A, 0xFA, 0x6A, 0x6A, 0xAA, 0xF0,
    0xAA, 0x4A, 0xAA, 0xF0, 0xAA, 0x3A, 0x8A, 0x0A, 0x8A, 0x68, 0x7A, 0x0A, 0x7A, 0x67, 0x68, 0xA7,
    0x77, 0x47, 0x3F, 0x4F, 0xAA, 0x7A, 0x6F, 0xAF, 0xFF, 0x6F, 0x2F, 0x26, 0x33, 0x3F, 0x62, 0x66,
    0xFF, 0xFF, 0x2F, 0x26, 0x00, 0x00, 0x0F, 0x0F, 0x00, 0x00, 0x3F, 0x0F, 0x00, 0x00, 0x2F, 0x22,
    0x00, 0x10, 0x7A, 0xAA, 0x00, 0x00, 0xAA, 0x68, 0x00, 0x13, 0x6A, 0xAA, 0x00, 0x30, 0x7A, 0x74,
    0x00, 0x30, 0x6A, 0x77, 0x10, 0x13, 0xA6, 0xAA, 0x24, 0x21, 0x61, 0x00, 0x00, 0x14, 0x11, 0x64,
    0x74, 0x4A, 0x88, 0xA7, 0xAA, 0x6A, 0x78, 0xA7, 0x88, 0x2A, 0x76, 0xA8, 0xAA, 0x14, 0x76, 0x88,
    0x6A, 0x26, 0x36, 0x7A, 0x6A, 0x63, 0x12, 0x7A, 0x16, 0x12, 0x66, 0x7A, 0x23, 0x31, 0x46, 0x66,
    0x68, 0x37, 0x68, 0xA6, 0x67, 0x67, 0x78, 0xA6, 0x67, 0x48, 0x7A, 0x86, 0x67, 0x38, 0x8A, 0x76,
    0x66, 0x6A, 0x8A, 0x67, 0x66, 0x6A, 0xAA, 0x68, 0x66, 0x4A, 0xA6, 0x68, 0x66, 0xA6, 0x4A, 0x6A,
    0x00, 0x00, 0xF0, 0xFF, 0x00, 0x00, 0x00, 0x00, 0x0A, 0x00, 0x00, 0x00, 0x0A, 0x00, 0x00, 0x00,
    0x0A, 0x00, 0x00, 0x00, 0xA8, 0x00, 0x00, 0x00, 0xA7, 0x00, 0x00, 0x00, 0xA6, 0x00, 0x00, 0x00,
    0x00, 0x42, 0x20, 0x21, 0x00, 0x00, 0x00, 0x00, 0x00, 0x00, 0x00, 0x30, 0x00, 0x00, 0x00, 0xA0,
    0x00, 0x00, 0x00, 0xA0, 0x00, 0x00, 0x00, 0xA0, 0x00, 0x00, 0x00, 0xA0, 0x00, 0x00, 0x00, 0xA0,
    0x16, 0x16, 0x13, 0x64, 0x62, 0x6A, 0x61, 0x41, 0x81, 0x1A, 0x63, 0x18, 0x87, 0x8A, 0x31, 0x66,
    0xA8, 0x7A, 0x17, 0x63, 0xA8, 0x7A, 0xA7, 0x31, 0xA8, 0x73, 0xA7, 0x17, 0xAA, 0x18, 0xA3, 0x27,
    0x76, 0xA4, 0x6A, 0x6A, 0x76, 0x84, 0xAA, 0x74, 0x64, 0x86, 0xAA, 0x76, 0x41, 0xA6, 0xAA, 0x83,
    0x16, 0x64, 0xA7, 0x4A, 0x66, 0x41, 0x66, 0x6A, 0x14, 0x16, 0x64, 0x46, 0x41, 0x21, 0x61, 0x62,
    0xA6, 0x00, 0x00, 0x00, 0xA6, 0x00, 0x00, 0x00, 0xA6, 0x00, 0x00, 0x00, 0xA6, 0x00, 0x00, 0x00,
    0xA6, 0xAA, 0x00, 0x00, 0xA7, 0x66, 0x0A, 0x00, 0x6A, 0x44, 0xA6, 0x00, 0x46, 0x64, 0x76, 0x0A,
    0x00, 0x00, 0x00, 0x00, 0x00, 0x00, 0x00, 0xA0, 0x00, 0x00, 0x00, 0x7A, 0x00, 0x00, 0x00, 0x6A,
    0x00, 0x00, 0x00, 0x7A, 0x00, 0x00, 0x00, 0x7A, 0x00, 0x00, 0x00, 0x8A, 0x00, 0x00, 0x00, 0xA0,
    0x8A, 0x3A, 0xA1, 0xAA, 0x77, 0x78, 0x27, 0x06, 0x46, 0x44, 0xD6, 0x62, 0x46, 0x24, 0x44, 0x44,
    0x66, 0x11, 0x21, 0x14, 0x77, 0x27, 0x67, 0x42, 0x88, 0x88, 0x13, 0x2A, 0xAA, 0xAA, 0x31, 0x10,
    0x61, 0x41, 0x61, 0x11, 0x62, 0x1A, 0x61, 0x46, 0x64, 0x06, 0x61, 0x11, 0x41, 0x12, 0x31, 0xA1,
    0x64, 0x00, 0x10, 0x64, 0x2D, 0x06, 0x00, 0x41, 0xD6, 0x02, 0x00, 0x20, 0x06, 0x10, 0x03, 0x00,
    0x44, 0x66, 0x87, 0x0A, 0x61, 0x76, 0x88, 0x0A, 0x74, 0x87, 0xA8, 0x00, 0x88, 0xA8, 0x0A, 0x00,
    0xAA, 0x0A, 0x00, 0x00, 0x00, 0x00, 0x00, 0x00, 0x00, 0x00, 0x00, 0x00, 0x00, 0x00, 0x00, 0x00,
    0x00, 0x00, 0x00, 0x00, 0x00, 0x00, 0x00, 0x00, 0x00, 0x00, 0x00, 0x55, 0x00, 0x00, 0x50, 0x13,
    0x00, 0x50, 0x23, 0x12, 0x00, 0x20, 0x22, 0x22, 0x00, 0x25, 0x22, 0x22, 0x00, 0x15, 0x22, 0x22,
    0x03, 0x00, 0x03, 0x30, 0x51, 0x50, 0x03, 0x25, 0x21, 0x35, 0x53, 0x21, 0x52, 0x53, 0x15, 0x32,
    0x22, 0x15, 0x25, 0x53, 0x22, 0x15, 0x35, 0x53, 0x52, 0x21, 0x35, 0x55, 0x12, 0x52, 0x52, 0x51,
    0x80, 0x21, 0x52, 0x31, 0x50, 0x11, 0x15, 0x51, 0x80, 0x22, 0x25, 0x35, 0x80, 0x23, 0x55, 0x23,
    0x30, 0x55, 0x53, 0x22, 0x50, 0x35, 0x25, 0x53, 0x00, 0x55, 0x55, 0x15, 0x00, 0x30, 0x25, 0x13,
    0x22, 0x12, 0x21, 0x52, 0x12, 0x25, 0x52, 0x25, 0x12, 0x51, 0x22, 0x21, 0x53, 0x51, 0x52, 0x12,
    0x15, 0x52, 0x53, 0x25, 0x55, 0x51, 0x75, 0x35, 0x71, 0x51, 0x43, 0x55, 0x41, 0x11, 0x11, 0x05,
    0x00, 0x70, 0x35, 0x15, 0x00, 0xAA, 0x57, 0x55, 0x80, 0xAA, 0x46, 0xA4, 0x80, 0x88, 0x67, 0xA7,
    0x80, 0xA8, 0x7A, 0x76, 0x8A, 0x76, 0x67, 0x87, 0x7A, 0x66, 0x78, 0x48, 0x6A, 0x76, 0x87, 0x46,
    0x11, 0x11, 0x51, 0x00, 0x13, 0x31, 0x65, 0x00, 0x31, 0xA3, 0xAA, 0x07, 0x1A, 0x8A, 0x87, 0x8A,
    0xA1, 0x8A, 0x78, 0x8A, 0x63, 0xA4, 0x41, 0x7A, 0x16, 0x68, 0x63, 0x6A, 0x44, 0x31, 0xA7, 0x6A,
    0x00, 0x00, 0x00, 0x00, 0x00, 0x00, 0x00, 0x00, 0x00, 0x00, 0x00, 0x00, 0x00, 0x00, 0x00, 0x00,
    0x08, 0x00, 0x00, 0x00, 0xA8, 0x0A, 0x00, 0x00, 0x77, 0xA7, 0xFA, 0xFF, 0x66, 0x44, 0x2F, 0x22,
    0x00, 0x00, 0x00, 0x00, 0x00, 0x00, 0x00, 0x00, 0x00, 0x00, 0x00, 0x00, 0x00, 0x00, 0x00, 0x00,
    0x00, 0x00, 0x00, 0x00, 0x00, 0x00, 0x00, 0x00, 0x32, 0x03, 0x00, 0x00, 0x6F, 0x66, 0x00, 0x00,
    0x00, 0x00, 0x00, 0x12, 0x00, 0x00, 0x00, 0x10, 0x00, 0x00, 0x00, 0x00, 0x00, 0x00, 0x00, 0x00,
    0x00, 0x00, 0x00, 0x00, 0x00, 0x00, 0x00, 0x00, 0x00, 0x00, 0x00, 0x00, 0x00, 0x00, 0x00, 0x00,
    0x02, 0x30, 0x01, 0x00, 0x00, 0x00, 0x30, 0x00, 0x00, 0x00, 0x00, 0x00, 0x00, 0x00, 0x00, 0x00,
    0x00, 0x00, 0x00, 0x00, 0x00, 0x00, 0x00, 0x00, 0x00, 0x00, 0x00, 0x00, 0x00, 0x00, 0x00, 0x00,
    0x00, 0x00, 0x00, 0x00, 0x00, 0x00, 0x00, 0x00, 0x05, 0x00, 0x00, 0x00, 0x05, 0x00, 0x00, 0x00,
    0x52, 0x00, 0x00, 0x00, 0x32, 0x00, 0x00, 0x00, 0x32, 0x00, 0x00, 0x00, 0x53, 0x00, 0x00, 0x00,
    0x35, 0x00, 0x00, 0x00, 0x03, 0x00, 0x00, 0x00, 0x55, 0x05, 0x00, 0x00, 0x32, 0x00, 0x00, 0x00,
    0x55, 0x00, 0x00, 0x00, 0x53, 0x00, 0x00, 0x00, 0x00, 0x00, 0x00, 0x00, 0x00, 0x00, 0x00, 0x00,
    0x8F, 0xAF, 0xF7, 0x00, 0xA6, 0x77, 0xFA, 0x00, 0xF2, 0x7F, 0xFF, 0xFF, 0x6A, 0x67, 0xFA, 0x44,
    0xAA, 0xAA, 0xF0, 0x00, 0x00, 0x00, 0xF0, 0x00, 0x0F, 0x0F, 0xF7, 0x00, 0x6F, 0x66, 0x00, 0x00,
    0x32, 0x03, 0x00, 0x00, 0x00, 0x00, 0x00, 0x00, 0x00, 0x00, 0x00, 0x00, 0x00, 0x00, 0x00, 0x00,
    0x00, 0x00, 0x00, 0x00, 0x00, 0x00, 0x00, 0x00, 0x00, 0x00, 0x00, 0x00, 0x00, 0x00, 0x00, 0x00,
};
static const u16 sFrame48[] = {
    0x0006, 0x00E0, 0x81EC, 0x0000, 0x00C8, 0x41F4, 0x0010, 0x40D8, 0x41F4, 0x0014, 0x4000, 0x01F4,
    0x0018, 0x80C8, 0x0004, 0x001A, 0x80E0, 0x000C, 0x001C, 0x0000,
};
static const void* const sFrames48[] = { sFrame48 };
static const u8 sTiles49[1024] __attribute__((aligned(4))) = {
    0x00, 0x00, 0x00, 0xA0, 0x00, 0x00, 0x00, 0xA0, 0x00, 0x00, 0x00, 0xA0, 0x00, 0x00, 0x00, 0xA0,
    0x00, 0x00, 0x00, 0x7A, 0x00, 0x00, 0x00, 0x6A, 0x00, 0x00, 0xA0, 0x67, 0x00, 0x60, 0x8A, 0x4A,
    0x67, 0x76, 0x88, 0x47, 0x67, 0x87, 0xA8, 0xAA, 0x67, 0xA7, 0xA0, 0xA8, 0x47, 0xA7, 0xA0, 0x88,
    0x44, 0x0A, 0xA0, 0x68, 0x74, 0x0A, 0xA0, 0x78, 0x64, 0x0A, 0x8A, 0x78, 0x64, 0x2A, 0xA8, 0x88,
    0x64, 0x6A, 0x3A, 0x6A, 0x3A, 0x4A, 0x1A, 0x6A, 0x1A, 0x3A, 0x6A, 0x6A, 0x6A, 0x6A, 0xAA, 0x6A,
    0xAA, 0x4A, 0xAA, 0xAA, 0xAA, 0x3A, 0x8A, 0x8A, 0x8A, 0x68, 0x7A, 0xAA, 0x7A, 0x67, 0x68, 0xA7,
    0x0A, 0x00, 0x00, 0x00, 0xA7, 0x00, 0x00, 0x00, 0xA7, 0x00, 0x00, 0x00, 0x77, 0x0A, 0x00, 0x00,
    0x7A, 0x0A, 0x00, 0x00, 0xF7, 0x67, 0x02, 0x00, 0x78, 0xF7, 0x26, 0x02, 0xAA, 0x8A, 0xFA, 0x1F,
    0x00, 0x10, 0x7A, 0xAA, 0x00, 0x00, 0xAA, 0x68, 0x00, 0x13, 0x6A, 0xAA, 0x00, 0x30, 0x7A, 0x74,
    0x00, 0x30, 0x6A, 0x77, 0x10, 0x13, 0xA6, 0xAA, 0x24, 0x21, 0x61, 0x00, 0x00, 0x14, 0x11, 0x64,
    0x74, 0x4A, 0x88, 0xA7, 0xAA, 0x6A, 0x78, 0xA7, 0x88, 0x2A, 0x76, 0xA8, 0xAA, 0x14, 0x76, 0x88,
    0x6A, 0x26, 0x36, 0x7A, 0x6A, 0x63, 0x12, 0x7A, 0x16, 0x12, 0x66, 0x7A, 0x23, 0x31, 0x46, 0x66,
    0x68, 0x37, 0x68, 0xA6, 0x67, 0x67, 0x78, 0xA6, 0x67, 0x48, 0x7A, 0x86, 0x67, 0x38, 0x8A, 0x76,
    0x66, 0x6A, 0x8A, 0x67, 0x66, 0x6A, 0xAA, 0x68, 0x66, 0x4A, 0xA6, 0x68, 0x66, 0xA6, 0x4A, 0x6A,
    0x77, 0xA7, 0x4F, 0xF2, 0x6A, 0xA8, 0x00, 0x1F, 0x8A, 0x1A, 0xF2, 0x2F, 0xAA, 0x41, 0xF4, 0xF0,
    0x0A, 0x42, 0x24, 0x0F, 0xA8, 0xFF, 0x21, 0xF6, 0xA7, 0x04, 0x6F, 0xF2, 0xA6, 0xF2, 0xF0, 0x2F,
    0x00, 0x42, 0x20, 0x21, 0x00, 0x00, 0x00, 0x00, 0x00, 0x00, 0x00, 0x30, 0x00, 0x00, 0x00, 0xA0,
    0x00, 0x00, 0x00, 0xA0, 0x00, 0x00, 0x00, 0xA0, 0x00, 0x00, 0x00, 0xA0, 0x00, 0x00, 0x00, 0xA0,
    0x16, 0x16, 0x13, 0x64, 0x62, 0x6A, 0x61, 0x41, 0x81, 0x1A, 0x63, 0x18, 0x87, 0x8A, 0x31, 0x66,
    0xA8, 0x7A, 0x17, 0x63, 0xA8, 0x7A, 0xA7, 0x31, 0xA8, 0x73, 0xA7, 0x17, 0xAA, 0x18, 0xA3, 0x27,
    0x76, 0xA4, 0x6A, 0x6A, 0x76, 0x84, 0xAA, 0x74, 0x64, 0x86, 0xAA, 0x76, 0x41, 0xA6, 0xAA, 0x83,
    0x16, 0x64, 0xA7, 0x4A, 0x66, 0x41, 0x66, 0x6A, 0x14, 0x16, 0x64, 0x46, 0x41, 0x21, 0x61, 0x62,
    0xA6, 0x00, 0x00, 0xF0, 0xA6, 0x00, 0x00, 0x00, 0xA6, 0x00, 0x00, 0x00, 0xA6, 0x00, 0x00, 0xF0,
    0xA6, 0xAA, 0x00, 0x20, 0xA7, 0x66, 0x0A, 0x00, 0x6A, 0x44, 0xA6, 0xF0, 0x46, 0x64, 0x76, 0xFA,
    0x00, 0x00, 0x00, 0x00, 0x00, 0x00, 0x00, 0xA0, 0x00, 0x00, 0x00, 0x7A, 0x00, 0x00, 0x00, 0x6A,
    0x00, 0x00, 0x00, 0x7A, 0x00, 0x00, 0x00, 0x7A, 0x00, 0x00, 0x00, 0x8A, 0x00, 0x00, 0x00, 0xA0,
    0x8A, 0x3A, 0xA1, 0xAA, 0x77, 0x78, 0x27, 0x06, 0x46, 0x44, 0xD6, 0x62, 0x46, 0x24, 0x44, 0x44,
    0x66, 0x11, 0x21, 0x14, 0x77, 0x27, 0x67, 0x42, 0x88, 0x88, 0x13, 0x2A, 0xAA, 0xAA, 0x31, 0x10,
    0x61, 0x41, 0x61, 0x11, 0x62, 0x1A, 0x61, 0x46, 0x64, 0x06, 0x61, 0x11, 0x41, 0x12, 0x31, 0xA1,
    0x64, 0x00, 0x10, 0x64, 0x2D, 0x06, 0x00, 0x41, 0xD6, 0x02, 0x00, 0x20, 0x06, 0x10, 0x03, 0x00,
    0x44, 0x66, 0x87, 0xFA, 0x61, 0x76, 0x88, 0x0A, 0x74, 0x87, 0xA8, 0xF2, 0x88, 0xA8, 0x0A, 0x20,
    0xAA, 0x0A, 0x00, 0xF0, 0x00, 0x00, 0x00, 0xFF, 0x00, 0x00, 0x00, 0x00, 0x00, 0x00, 0x00, 0x00,
    0x00, 0x00, 0x00, 0x00, 0x00, 0x00, 0x00, 0x00, 0x00, 0x00, 0x00, 0x55, 0x00, 0x00, 0x50, 0x13,
    0x00, 0x50, 0x23, 0x12, 0x00, 0x20, 0x22, 0x22, 0x00, 0x25, 0x22, 0x22, 0x00, 0x15, 0x22, 0x22,
    0x03, 0x00, 0x03, 0x30, 0x51, 0x50, 0x03, 0x25, 0x21, 0x35, 0x53, 0x21, 0x52, 0x53, 0x15, 0x32,
    0x22, 0x15, 0x25, 0x53, 0x22, 0x15, 0x35, 0x53, 0x52, 0x21, 0x35, 0x55, 0x12, 0x52, 0x52, 0x51,
    0x80, 0x21, 0x52, 0x31, 0x50, 0x11, 0x15, 0x51, 0x80, 0x22, 0x25, 0x35, 0x80, 0x23, 0x55, 0x23,
    0x30, 0x55, 0x53, 0x22, 0x50, 0x35, 0x25, 0x53, 0x00, 0x55, 0x55, 0x15, 0x00, 0x30, 0x25, 0x13,
    0x22, 0x12, 0x21, 0x52, 0x12, 0x25, 0x52, 0x25, 0x12, 0x51, 0x22, 0x21, 0x53, 0x51, 0x52, 0x12,
    0x15, 0x52, 0x53, 0x25, 0x55, 0x51, 0x75, 0x35, 0x71, 0x51, 0x43, 0x55, 0x41, 0x11, 0x11, 0x05,
    0xF2, 0x00, 0x00, 0x00, 0x6F, 0xFF, 0x0F, 0x00, 0xF0, 0x12, 0x0F, 0x00, 0xF0, 0x21, 0xF6, 0x00,
    0xFF, 0xFF, 0x62, 0xFF, 0xFF, 0x00, 0x2F, 0x26, 0x0F, 0xFF, 0xF0, 0x61, 0x0F, 0x2F, 0xF6, 0x2F,
    0x00, 0x00, 0x00, 0x00, 0x00, 0x00, 0x00, 0x00, 0x00, 0x00, 0x00, 0x00, 0x00, 0x00, 0x00, 0x00,
    0x0F, 0x00, 0x00, 0x00, 0x0F, 0x00, 0x00, 0x00, 0x0F, 0x00, 0x00, 0x00, 0xF6, 0x00, 0x00, 0x00,
    0xF2, 0xF0, 0x61, 0xF0, 0x20, 0x6F, 0x2F, 0x0F, 0xF2, 0xFF, 0xF0, 0x0F, 0x1F, 0x2F, 0x0F, 0xF0,
    0xFF, 0x02, 0xF2, 0xFF, 0x20, 0x0F, 0xFF, 0x0F, 0x00, 0xF2, 0x0F, 0x00, 0x00, 0xF0, 0x00, 0x00,
    0x62, 0xFF, 0x00, 0x00, 0x2F, 0xF1, 0x00, 0x00, 0x1F, 0xF4, 0x0F, 0x00, 0x60, 0x16, 0x0F, 0x00,
    0x0F, 0x60, 0xF1, 0x00, 0x00, 0x00, 0x00, 0x00, 0x00, 0x00, 0x00, 0x00, 0x00, 0x00, 0x00, 0x00,
    0x00, 0x70, 0x35, 0x15, 0x00, 0xAA, 0x57, 0x55, 0x80, 0xAA, 0x46, 0xA4, 0x80, 0x88, 0x67, 0xA7,
    0x80, 0xA8, 0x7A, 0x76, 0x8A, 0x76, 0x67, 0x87, 0x7A, 0x66, 0x78, 0x48, 0x6A, 0x76, 0x87, 0x46,
    0x11, 0x11, 0x51, 0x00, 0x13, 0x31, 0x65, 0x00, 0x31, 0xA3, 0xAA, 0x07, 0x1A, 0x8A, 0x87, 0xAA,
    0xA1, 0x8A, 0x78, 0xAA, 0x63, 0xA4, 0x41, 0xAA, 0x16, 0x68, 0x63, 0xAA, 0x44, 0x31, 0xA7, 0x7A,
    0x00, 0x00, 0x00, 0x12, 0x00, 0x00, 0x00, 0x10, 0x00, 0x00, 0x00, 0x00, 0x00, 0x00, 0x00, 0x00,
    0x00, 0x00, 0x00, 0x00, 0x00, 0x00, 0x00, 0x00, 0x00, 0x00, 0x00, 0x00, 0x00, 0x00, 0x00, 0x00,
    0x02, 0x30, 0x01, 0x00, 0x00, 0x00, 0x30, 0x00, 0x00, 0x00, 0x00, 0x00, 0x00, 0x00, 0x00, 0x00,
    0x00, 0x00, 0x00, 0x00, 0x00, 0x00, 0x00, 0x00, 0x00, 0x00, 0x00, 0x00, 0x00, 0x00, 0x00, 0x00,
    0x00, 0x00, 0x00, 0x00, 0x00, 0x00, 0x00, 0x00, 0x05, 0x00, 0x00, 0x00, 0x05, 0x00, 0x00, 0x00,
    0x52, 0x00, 0x00, 0x00, 0x32, 0x00, 0x00, 0x00, 0x32, 0x00, 0x00, 0x00, 0x53, 0x00, 0x00, 0x00,
    0x35, 0x00, 0x00, 0x00, 0x03, 0x00, 0x00, 0x00, 0x55, 0x05, 0x00, 0x00, 0x32, 0x00, 0x00, 0x00,
    0x55, 0x00, 0x00, 0x00, 0x53, 0x00, 0x00, 0x00, 0x00, 0x00, 0x00, 0x00, 0x00, 0x00, 0x00, 0x00,
    0x00, 0x00, 0x00, 0x00, 0x00, 0x00, 0x00, 0x00, 0x00, 0x00, 0x00, 0x00, 0x00, 0x00, 0x00, 0x00,
    0x00, 0x00, 0x00, 0x00, 0x00, 0x00, 0x00, 0x00, 0x00, 0x00, 0x00, 0x00, 0x0A, 0x00, 0x00, 0x00,
    0x01, 0x00, 0x00, 0x00, 0x00, 0x00, 0x00, 0x00, 0x00, 0x00, 0x00, 0x00, 0x00, 0x00, 0x00, 0x00,
    0x00, 0x00, 0x00, 0x00, 0x00, 0x00, 0x00, 0x00, 0x0F, 0x00, 0x00, 0x00, 0xFF, 0x00, 0x00, 0x00,
};
static const u16 sFrame49[] = {
    0x0008, 0x00E0, 0x81EA, 0x0000, 0x00C8, 0x41F2, 0x0010, 0x00F0, 0x400A, 0x0014, 0x40D8, 0x01F2,
    0x0018, 0x4000, 0x01F2, 0x001A, 0x80C8, 0x0002, 0x001C, 0x00D8, 0x0002, 0x001E, 0x00E8, 0x000A,
    0x001F, 0x0000,
};
static const void* const sFrames49[] = { sFrame49 };

// One for each pose: a single picture, loaded into the boss's tile block when it shows.
const AnimDef gRogueRoxasCoatPoses[50] = {
    { (void*)sFrames0, (void*)sPoseAnims, (void*)sTiles0, 0, { 0, 0, 0 } },
    { (void*)sFrames1, (void*)sPoseAnims, (void*)sTiles1, 0, { 0, 0, 0 } },
    { (void*)sFrames2, (void*)sPoseAnims, (void*)sTiles2, 0, { 0, 0, 0 } },
    { (void*)sFrames3, (void*)sPoseAnims, (void*)sTiles3, 0, { 0, 0, 0 } },
    { (void*)sFrames4, (void*)sPoseAnims, (void*)sTiles4, 0, { 0, 0, 0 } },
    { (void*)sFrames5, (void*)sPoseAnims, (void*)sTiles5, 0, { 0, 0, 0 } },
    { (void*)sFrames6, (void*)sPoseAnims, (void*)sTiles6, 0, { 0, 0, 0 } },
    { (void*)sFrames7, (void*)sPoseAnims, (void*)sTiles7, 0, { 0, 0, 0 } },
    { (void*)sFrames8, (void*)sPoseAnims, (void*)sTiles8, 0, { 0, 0, 0 } },
    { (void*)sFrames9, (void*)sPoseAnims, (void*)sTiles9, 0, { 0, 0, 0 } },
    { (void*)sFrames10, (void*)sPoseAnims, (void*)sTiles10, 0, { 0, 0, 0 } },
    { (void*)sFrames11, (void*)sPoseAnims, (void*)sTiles11, 0, { 0, 0, 0 } },
    { (void*)sFrames12, (void*)sPoseAnims, (void*)sTiles12, 0, { 0, 0, 0 } },
    { (void*)sFrames13, (void*)sPoseAnims, (void*)sTiles13, 0, { 0, 0, 0 } },
    { (void*)sFrames14, (void*)sPoseAnims, (void*)sTiles14, 0, { 0, 0, 0 } },
    { (void*)sFrames15, (void*)sPoseAnims, (void*)sTiles15, 0, { 0, 0, 0 } },
    { (void*)sFrames16, (void*)sPoseAnims, (void*)sTiles16, 0, { 0, 0, 0 } },
    { (void*)sFrames17, (void*)sPoseAnims, (void*)sTiles17, 0, { 0, 0, 0 } },
    { (void*)sFrames18, (void*)sPoseAnims, (void*)sTiles18, 0, { 0, 0, 0 } },
    { (void*)sFrames19, (void*)sPoseAnims, (void*)sTiles19, 0, { 0, 0, 0 } },
    { (void*)sFrames20, (void*)sPoseAnims, (void*)sTiles20, 0, { 0, 0, 0 } },
    { (void*)sFrames21, (void*)sPoseAnims, (void*)sTiles21, 0, { 0, 0, 0 } },
    { (void*)sFrames22, (void*)sPoseAnims, (void*)sTiles22, 0, { 0, 0, 0 } },
    { (void*)sFrames23, (void*)sPoseAnims, (void*)sTiles23, 0, { 0, 0, 0 } },
    { (void*)sFrames24, (void*)sPoseAnims, (void*)sTiles24, 0, { 0, 0, 0 } },
    { (void*)sFrames25, (void*)sPoseAnims, (void*)sTiles25, 0, { 0, 0, 0 } },
    { (void*)sFrames26, (void*)sPoseAnims, (void*)sTiles26, 0, { 0, 0, 0 } },
    { (void*)sFrames27, (void*)sPoseAnims, (void*)sTiles27, 0, { 0, 0, 0 } },
    { (void*)sFrames28, (void*)sPoseAnims, (void*)sTiles28, 0, { 0, 0, 0 } },
    { (void*)sFrames29, (void*)sPoseAnims, (void*)sTiles29, 0, { 0, 0, 0 } },
    { (void*)sFrames30, (void*)sPoseAnims, (void*)sTiles30, 0, { 0, 0, 0 } },
    { (void*)sFrames31, (void*)sPoseAnims, (void*)sTiles31, 0, { 0, 0, 0 } },
    { (void*)sFrames32, (void*)sPoseAnims, (void*)sTiles32, 0, { 0, 0, 0 } },
    { (void*)sFrames33, (void*)sPoseAnims, (void*)sTiles33, 0, { 0, 0, 0 } },
    { (void*)sFrames34, (void*)sPoseAnims, (void*)sTiles34, 0, { 0, 0, 0 } },
    { (void*)sFrames35, (void*)sPoseAnims, (void*)sTiles35, 0, { 0, 0, 0 } },
    { (void*)sFrames36, (void*)sPoseAnims, (void*)sTiles36, 0, { 0, 0, 0 } },
    { (void*)sFrames37, (void*)sPoseAnims, (void*)sTiles37, 0, { 0, 0, 0 } },
    { (void*)sFrames38, (void*)sPoseAnims, (void*)sTiles38, 0, { 0, 0, 0 } },
    { (void*)sFrames39, (void*)sPoseAnims, (void*)sTiles39, 0, { 0, 0, 0 } },
    { (void*)sFrames40, (void*)sPoseAnims, (void*)sTiles40, 0, { 0, 0, 0 } },
    { (void*)sFrames41, (void*)sPoseAnims, (void*)sTiles41, 0, { 0, 0, 0 } },
    { (void*)sFrames42, (void*)sPoseAnims, (void*)sTiles42, 0, { 0, 0, 0 } },
    { (void*)sFrames43, (void*)sPoseAnims, (void*)sTiles43, 0, { 0, 0, 0 } },
    { (void*)sFrames44, (void*)sPoseAnims, (void*)sTiles44, 0, { 0, 0, 0 } },
    { (void*)sFrames45, (void*)sPoseAnims, (void*)sTiles45, 0, { 0, 0, 0 } },
    { (void*)sFrames46, (void*)sPoseAnims, (void*)sTiles46, 0, { 0, 0, 0 } },
    { (void*)sFrames47, (void*)sPoseAnims, (void*)sTiles47, 0, { 0, 0, 0 } },
    { (void*)sFrames48, (void*)sPoseAnims, (void*)sTiles48, 0, { 0, 0, 0 } },
    { (void*)sFrames49, (void*)sPoseAnims, (void*)sTiles49, 0, { 0, 0, 0 } },
};

static const RogueClipStep sClip_idle[] = {
    { 0, 7, 0, 0, 0, 0 },
    { 1, 7, 0, 0, 0, 0 },
    { 2, 7, 0, 0, 0, 0 },
    { 3, 7, 0, 0, 0, 0 },
    { 0, 0, 0, 0, 0, 0 },
};
static const RogueClipStep sClip_run[] = {
    { 4, 4, 0, 0, 0, 0 },
    { 5, 4, 0, 0, 0, 0 },
    { 6, 4, 0, 0, 0, 0 },
    { 0, 0, 0, 0, 0, 0 },
};
static const RogueClipStep sClip_hurt[] = {
    { 7, 6, 0, 0, 0, 0 },
    { 8, 12, 0, 0, 0, 0 },
    { 0, 0, 0, 0, 0, 0 },
};
static const RogueClipStep sClip_combo[] = {
    { 9, 5, 0, 0, 0, 0 },
    { 10, 4, 0, 0, 1, 50 },
    { 11, 4, 0, 0, 0, 0 },
    { 12, 4, 0, 0, 1, 55 },
    { 13, 4, 0, 0, 0, 0 },
    { 14, 4, 0, 0, 1, 60 },
    { 15, 4, 0, 0, 0, 0 },
    { 16, 4, 0, 0, 3, 55 },
    { 17, 6, 0, 0, 0, 0 },
    { 18, 8, 0, 0, 0, 0 },
    { 0, 0, 0, 0, 0, 0 },
};
static const RogueClipStep sClip_wide[] = {
    { 19, 6, 0, 0, 0, 0 },
    { 20, 4, 3, 0, 1, 60 },
    { 21, 5, 0, 0, 1, 70 },
    { 22, 5, 0, 0, 0, 0 },
    { 23, 4, 0, 0, 1, 60 },
    { 24, 5, 0, 0, 3, 60 },
    { 25, 8, 0, 0, 0, 0 },
    { 0, 0, 0, 0, 0, 0 },
};
static const RogueClipStep sClip_light[] = {
    { 26, 8, 0, 0, 0, 0 },
    { 27, 4, 0, 0, 0, 0 },
    { 28, 5, 4, 0, 3, 70 },
    { 29, 5, 0, 0, 0, 0 },
    { 30, 8, 0, 0, 0, 0 },
    { 0, 0, 0, 0, 0, 0 },
};
static const RogueClipStep sClip_dark[] = {
    { 30, 6, 0, 0, 0, 0 },
    { 31, 4, 3, 0, 1, 70 },
    { 32, 4, 0, 0, 0, 0 },
    { 33, 4, 0, 0, 1, 60 },
    { 34, 5, 0, 0, 3, 75 },
    { 35, 5, 0, 0, 0, 0 },
    { 36, 8, 0, 0, 0, 0 },
    { 0, 0, 0, 0, 0, 0 },
};
static const RogueClipStep sClip_raid[] = {
    { 37, 6, 0, 0, 0, 0 },
    { 38, 5, 0, 0, 0, 0 },
    { 39, 5, 0, 0, 5, ROGUE_MOVE_RAID },
    { 40, 30, 0, 0, 0, 0 },
    { 41, 8, 0, 0, 0, 0 },
    { 0, 0, 0, 0, 0, 0 },
};
static const RogueClipStep sClip_step[] = {
    { 4, 12, 0, 0, 0, 0 },
    { 5, 3, 0, 0, 8, 1 },
    { 21, 6, 0, 0, 3, 70 },
    { 25, 10, 0, 0, 0, 0 },
    { 0, 0, 0, 0, 0, 0 },
};
static const RogueClipStep sClip_lights[] = {
    { 42, 6, 0, 0, 0, 0 },
    { 43, 8, 0, 0, 0, 0 },
    { 44, 20, 0, 0, 6, ROGUE_MOVE_PEARL },
    { 42, 8, 0, 0, 0, 0 },
    { 0, 0, 0, 0, 0, 0 },
};
static const RogueClipStep sClip_rage[] = {
    { 45, 6, 0, 0, 0, 0 },
    { 46, 6, 0, 0, 0, 0 },
    { 47, 6, 0, 0, 0, 0 },
    { 48, 8, 0, 0, 11, 1 },
    { 49, 10, 0, 0, 0, 0 },
    { 0, 0, 0, 0, 0, 0 },
};
static const RogueClipStep sClip_flurry[] = {
    { 20, 4, 0, 0, 4, 60 },
    { 21, 3, 0, 0, 0, 0 },
    { 28, 4, 0, 0, 4, 70 },
    { 29, 3, 0, 0, 0, 0 },
    { 23, 4, 0, 0, 4, 60 },
    { 24, 3, 0, 0, 0, 0 },
    { 31, 4, 0, 0, 4, 70 },
    { 32, 3, 0, 0, 0, 0 },
    { 34, 6, 0, 0, 4, 75 },
    { 36, 12, 0, 0, 0, 0 },
    { 0, 0, 0, 0, 0, 0 },
};
const RogueClipStep* const gRogueRoxasCoatClips[ROGUE_ROXAS_COAT_CLIPS] = {
    sClip_idle, sClip_run, sClip_hurt, sClip_combo, sClip_wide, sClip_light, sClip_dark, sClip_raid, sClip_step, sClip_lights, sClip_rage, sClip_flurry,
};

