// Generated by tools/rogue_backgrounds.py from mod_assets/station_of_calling.png. Do not edit.
#include "types.h"

// 58 by 36 tiles of 8 by 8, 64 bytes each, row after row.
const u8 gRogueStationWorld[133632] __attribute__((aligned(4))) = {
    0x6F, 0x6F, 0x6F, 0x6F, 0x6F, 0x6F, 0x6F, 0x6F, 0x6F, 0x6F, 0x6F, 0x6F, 0x6F, 0x6F, 0x6F, 0x6F, 0x6F, 0x6F, 0x6F, 0x6F, 0x6F, 0x6F, 0x6F, 0x6F, 0x6F, 0x6F, 0x6F, 0x6F, 0x6F, 0x6F, 0x6F, 0x6F,
    0x6F, 0x6F, 0x6F, 0x6F, 0x6F, 0x6F, 0x6F, 0x6F, 0x6F, 0x6F, 0x6F, 0x6F, 0x6F, 0x6F, 0x6F, 0x6F, 0x6F, 0x6F, 0x6F, 0x6F, 0x6F, 0x6F, 0x6F, 0x6F, 0x6F, 0x6F, 0x6F, 0x6F, 0x6F, 0x6F, 0x6F, 0x6F,
    0x6F, 0x6F, 0x6F, 0x6F, 0x6F, 0x6F, 0x6F, 0x6F, 0x6F, 0x6F, 0x6F, 0x6F, 0x6F, 0x6F, 0x6F, 0x6F, 0x6F, 0x6F, 0x6F, 0x6F, 0x6F, 0x6F, 0x6F, 0x6F, 0x6F, 0x6F, 0x6F, 0x6F, 0x6F, 0x6F, 0x6F, 0x6F,
    0x6F, 0x6F, 0x6F, 0x6F, 0x6F, 0x6F, 0x6F, 0x6F, 0x6F, 0x6F, 0x6F, 0x6F, 0x6F, 0x6F, 0x6F, 0x6F, 0x6F, 0x6F, 0x6F, 0x6F, 0x6F, 0x6F, 0x6F, 0x6F, 0x6F, 0x6F, 0x6F, 0x6F, 0x6F, 0x6F, 0x6F, 0x6F,
    0x6F, 0x6F, 0x6F, 0x6F, 0x6F, 0x6F, 0x6F, 0x6F, 0x6F, 0x6F, 0x6F, 0x6F, 0x6F, 0x6F, 0x6F, 0x6F, 0x6F, 0x6F, 0x6F, 0x6F, 0x6F, 0x6F, 0x6F, 0x6F, 0x6F, 0x6F, 0x6F, 0x6F, 0x6F, 0x6F, 0x6F, 0x6F,
    0x6F, 0x6F, 0x6F, 0x6F, 0x6F, 0x6F, 0x6F, 0x6F, 0x6F, 0x6F, 0x6F, 0x6F, 0x6F, 0x6F, 0x6F, 0x6F, 0x6F, 0x6F, 0x6F, 0x6F, 0x6F, 0x6F, 0x6F, 0x6F, 0x6F, 0x6F, 0x6F, 0x6F, 0x6F, 0x6F, 0x6F, 0x6F,
    0x6F, 0x6F, 0x6F, 0x6F, 0x6F, 0x6F, 0x6F, 0x6F, 0x6F, 0x6F, 0x6F, 0x6F, 0x6F, 0x6F, 0x6F, 0x6F, 0x6F, 0x6F, 0x6F, 0x6F, 0x6F, 0x6F, 0x6F, 0x6F, 0x6F, 0x6F, 0x6F, 0x6F, 0x6F, 0x6F, 0x6F, 0x6F,
    0x6F, 0x6F, 0x6F, 0x6F, 0x6F, 0x6F, 0x6F, 0x6F, 0x6F, 0x6F, 0x6F, 0x6F, 0x6F, 0x6F, 0x6F, 0x6F, 0x6F, 0x6F, 0x6F, 0x6F, 0x6F, 0x6F, 0x6F, 0x6F, 0x6F, 0x6F, 0x6F, 0x6F, 0x6F, 0x6F, 0x6F, 0x6F,
    0x6F, 0x6F, 0x6F, 0x6F, 0x6F, 0x6F, 0x6F, 0x6F, 0x6F, 0x6F, 0x6F, 0x6F, 0x6F, 0x6F, 0x6F, 0x6F, 0x6F, 0x6F, 0x6F, 0x6F, 0x6F, 0x6F, 0x6F, 0x6F, 0x6F, 0x6F, 0x6F, 0x6F, 0x6F, 0x6F, 0x6F, 0x6F,
    0x6F, 0x6F, 0x6F, 0x6F, 0x6F, 0x6F, 0x6F, 0x6F, 0x6F, 0x6F, 0x6F, 0x6F, 0x6F, 0x6F, 0x6F, 0x6F, 0x6F, 0x6F, 0x6F, 0x6F, 0x6F, 0x6F, 0x6F, 0x6F, 0x6F, 0x6F, 0x6F, 0x6F, 0x6F, 0x6F, 0x6F, 0x6F,
    0x6F, 0x6F, 0x6F, 0x03, 0x69, 0x45, 0x01, 0x02, 0x6F, 0x6F, 0x6F, 0x03, 0x69, 0x45, 0x01, 0x09, 0x6F, 0x6F, 0x6F, 0x03, 0x69, 0x45, 0x01, 0x09, 0x6F, 0x6F, 0x6F, 0x03, 0x69, 0x45, 0x01, 0x03,
    0x6F, 0x6F, 0x6F, 0x03, 0x69, 0x45, 0x01, 0x02, 0x6F, 0x6F, 0x6F, 0x03, 0x69, 0x52, 0x01, 0x01, 0x6F, 0x6F, 0x0F, 0x73, 0x73, 0x73, 0x71, 0x15, 0x6F, 0x2D, 0x73, 0x73, 0x73, 0x27, 0x03, 0x1D,
    0x5A, 0x71, 0x15, 0x01, 0x01, 0x03, 0x69, 0x71, 0x6E, 0x45, 0x01, 0x01, 0x01, 0x02, 0x5A, 0x71, 0x6E, 0x45, 0x01, 0x01, 0x01, 0x02, 0x5A, 0x71, 0x69, 0x52, 0x01, 0x01, 0x01, 0x03, 0x69, 0x71,
    0x5A, 0x72, 0x24, 0x01, 0x01, 0x0F, 0x73, 0x52, 0x0F, 0x73, 0x72, 0x24, 0x03, 0x69, 0x73, 0x27, 0x6F, 0x36, 0x73, 0x73, 0x61, 0x73, 0x52, 0x6F, 0x6F, 0x6F, 0x2D, 0x73, 0x73, 0x52, 0x6F, 0x6F,
    0x15, 0x02, 0x5A, 0x71, 0x15, 0x01, 0x01, 0x03, 0x15, 0x09, 0x6E, 0x45, 0x01, 0x01, 0x01, 0x02, 0x15, 0x09, 0x6E, 0x45, 0x01, 0x01, 0x01, 0x02, 0x15, 0x03, 0x69, 0x52, 0x01, 0x01, 0x01, 0x03,
    0x6F, 0x6F, 0x5A, 0x72, 0x24, 0x01, 0x01, 0x0F, 0x6F, 0x6F, 0x0F, 0x73, 0x72, 0x24, 0x03, 0x69, 0x6F, 0x6F, 0x6F, 0x36, 0x73, 0x73, 0x61, 0x73, 0x6F, 0x6F, 0x6F, 0x6F, 0x2D, 0x73, 0x73, 0x52,
    0x69, 0x71, 0x15, 0x6F, 0x5A, 0x52, 0x01, 0x01, 0x5A, 0x71, 0x15, 0x6F, 0x5A, 0x45, 0x01, 0x01, 0x5A, 0x71, 0x15, 0x6F, 0x5A, 0x52, 0x01, 0x01, 0x69, 0x71, 0x15, 0x6F, 0x2D, 0x71, 0x15, 0x02,
    0x73, 0x52, 0x6F, 0x6F, 0x6F, 0x36, 0x73, 0x73, 0x73, 0x27, 0x6F, 0x6F, 0x6F, 0x6F, 0x6F, 0x6F, 0x52, 0x6F, 0x6F, 0x6F, 0x6F, 0x6F, 0x6F, 0x6F, 0x6F, 0x6F, 0x6F, 0x6F, 0x6F, 0x6F, 0x6F, 0x6F,
    0x2D, 0x70, 0x12, 0x01, 0x2D, 0x70, 0x6F, 0x6F, 0x2D, 0x71, 0x15, 0x03, 0x68, 0x24, 0x6F, 0x6F, 0x2D, 0x70, 0x12, 0x36, 0x52, 0x6F, 0x6F, 0x6F, 0x5A, 0x45, 0x09, 0x6D, 0x24, 0x6F, 0x6F, 0x6F,
    0x52, 0x01, 0x36, 0x52, 0x01, 0x36, 0x73, 0x73, 0x6F, 0x09, 0x6C, 0x15, 0x2D, 0x70, 0x12, 0x03, 0x6F, 0x5A, 0x45, 0x02, 0x5A, 0x45, 0x01, 0x01, 0x0F, 0x71, 0x15, 0x03, 0x69, 0x45, 0x01, 0x01,
    0x6F, 0x6F, 0x6F, 0x6F, 0x6F, 0x6F, 0x2D, 0x27, 0x6F, 0x6F, 0x6F, 0x6F, 0x6F, 0x6F, 0x3E, 0x6F, 0x6F, 0x6F, 0x6F, 0x6F, 0x6F, 0x03, 0x39, 0x6F, 0x6F, 0x6F, 0x6F, 0x6F, 0x6F, 0x6F, 0x18, 0x6F,
    0x45, 0x6F, 0x6F, 0x6F, 0x6F, 0x07, 0x6F, 0x6F, 0x69, 0x45, 0x6F, 0x6F, 0x6F, 0x6F, 0x6F, 0x6F, 0x36, 0x70, 0x6F, 0x6F, 0x6F, 0x6F, 0x6F, 0x6F, 0x2D, 0x70, 0x6F, 0x6F, 0x6F, 0x6F, 0x6F, 0x6F,
    0x01, 0x2D, 0x72, 0x24, 0x01, 0x01, 0x01, 0x01, 0x09, 0x6E, 0x73, 0x27, 0x01, 0x01, 0x01, 0x03, 0x6F, 0x03, 0x69, 0x45, 0x01, 0x01, 0x01, 0x2D, 0x6F, 0x6F, 0x5A, 0x72, 0x24, 0x01, 0x01, 0x03,
    0x6F, 0x6F, 0x03, 0x69, 0x73, 0x45, 0x01, 0x02, 0x19, 0x6F, 0x03, 0x69, 0x73, 0x52, 0x01, 0x09, 0x0F, 0x73, 0x73, 0x73, 0x73, 0x73, 0x27, 0x01, 0x6F, 0x03, 0x69, 0x73, 0x73, 0x73, 0x73, 0x73,
    0x36, 0x71, 0x15, 0x01, 0x2D, 0x45, 0x36, 0x70, 0x69, 0x52, 0x01, 0x2D, 0x73, 0x45, 0x2D, 0x70, 0x73, 0x52, 0x01, 0x02, 0x5A, 0x45, 0x01, 0x0F, 0x69, 0x52, 0x01, 0x02, 0x5A, 0x52, 0x01, 0x01,
    0x5A, 0x53, 0x69, 0x73, 0x73, 0x52, 0x01, 0x20, 0x6E, 0x73, 0x73, 0x73, 0x73, 0x52, 0x02, 0x3E, 0x03, 0x40, 0x01, 0x0F, 0x73, 0x52, 0x09, 0x6E, 0x73, 0x73, 0x73, 0x71, 0x16, 0x3A, 0x36, 0x73,
    0x13, 0x59, 0x24, 0x01, 0x09, 0x6E, 0x73, 0x73, 0x12, 0x07, 0x12, 0x01, 0x01, 0x02, 0x5A, 0x45, 0x73, 0x27, 0x01, 0x01, 0x01, 0x08, 0x63, 0x52, 0x02, 0x5A, 0x70, 0x12, 0x02, 0x1F, 0x36, 0x52,
    0x01, 0x0F, 0x73, 0x45, 0x0F, 0x45, 0x36, 0x70, 0x12, 0x36, 0x73, 0x45, 0x09, 0x6E, 0x73, 0x71, 0x73, 0x73, 0x72, 0x24, 0x6F, 0x03, 0x69, 0x73, 0x73, 0x45, 0x6F, 0x6F, 0x6F, 0x6F, 0x6F, 0x6F,
    0x73, 0x27, 0x6F, 0x6F, 0x0F, 0x72, 0x24, 0x6F, 0x6F, 0x6F, 0x6F, 0x2D, 0x52, 0x02, 0x5A, 0x45, 0x6F, 0x6F, 0x03, 0x67, 0x15, 0x01, 0x09, 0x6C, 0x6F, 0x6F, 0x09, 0x6C, 0x15, 0x01, 0x09, 0x6D,
    0x6F, 0x6F, 0x03, 0x69, 0x52, 0x02, 0x5A, 0x70, 0x15, 0x6F, 0x6F, 0x2D, 0x73, 0x73, 0x73, 0x27, 0x73, 0x45, 0x6F, 0x6F, 0x0F, 0x71, 0x15, 0x6F, 0x6F, 0x6F, 0x6F, 0x6F, 0x6F, 0x6F, 0x6F, 0x6F,
    0x6F, 0x6F, 0x2D, 0x71, 0x15, 0x36, 0x52, 0x01, 0x6F, 0x6F, 0x2D, 0x71, 0x15, 0x36, 0x52, 0x01, 0x15, 0x6F, 0x2D, 0x71, 0x15, 0x36, 0x52, 0x01, 0x24, 0x6F, 0x2D, 0x71, 0x23, 0x73, 0x52, 0x01,
    0x6F, 0x6F, 0x2D, 0x71, 0x15, 0x09, 0x49, 0x03, 0x6F, 0x6F, 0x36, 0x71, 0x15, 0x6F, 0x18, 0x36, 0x6F, 0x09, 0x6E, 0x71, 0x15, 0x6F, 0x03, 0x68, 0x6F, 0x6F, 0x6F, 0x34, 0x15, 0x6F, 0x2D, 0x45,
    0x0F, 0x71, 0x15, 0x6F, 0x6F, 0x6F, 0x6F, 0x6F, 0x02, 0x5A, 0x45, 0x6F, 0x6F, 0x6F, 0x6F, 0x6F, 0x03, 0x69, 0x45, 0x6F, 0x6F, 0x6F, 0x6F, 0x6F, 0x2D, 0x73, 0x27, 0x6F, 0x6F, 0x6F, 0x6F, 0x6F,
    0x69, 0x70, 0x6F, 0x6F, 0x6F, 0x6F, 0x6F, 0x6F, 0x71, 0x15, 0x6F, 0x6F, 0x6F, 0x6F, 0x6F, 0x6F, 0x24, 0x6F, 0x6F, 0x6F, 0x6F, 0x6F, 0x6F, 0x6F, 0x6F, 0x6F, 0x6F, 0x6F, 0x6F, 0x6F, 0x6F, 0x6F,
    0x6F, 0x5A, 0x70, 0x12, 0x01, 0x36, 0x73, 0x70, 0x6F, 0x5A, 0x71, 0x15, 0x2D, 0x73, 0x52, 0x01, 0x6F, 0x5A, 0x72, 0x26, 0x6E, 0x73, 0x73, 0x52, 0x6F, 0x5A, 0x73, 0x73, 0x73, 0x29, 0x69, 0x72,
    0x2D, 0x73, 0x73, 0x73, 0x45, 0x01, 0x2D, 0x73, 0x6F, 0x36, 0x72, 0x24, 0x01, 0x01, 0x03, 0x69, 0x6F, 0x0F, 0x73, 0x27, 0x01, 0x01, 0x01, 0x36, 0x09, 0x6E, 0x73, 0x27, 0x01, 0x01, 0x01, 0x36,
    0x12, 0x0F, 0x73, 0x27, 0x01, 0x09, 0x6D, 0x24, 0x03, 0x69, 0x73, 0x27, 0x03, 0x69, 0x72, 0x24, 0x01, 0x03, 0x69, 0x27, 0x01, 0x0F, 0x72, 0x24, 0x24, 0x03, 0x69, 0x45, 0x01, 0x36, 0x72, 0x24,
    0x45, 0x08, 0x63, 0x73, 0x29, 0x69, 0x72, 0x24, 0x70, 0x6F, 0x6F, 0x36, 0x73, 0x73, 0x72, 0x24, 0x70, 0x6F, 0x6F, 0x6F, 0x6F, 0x2D, 0x72, 0x24, 0x71, 0x15, 0x6F, 0x6F, 0x36, 0x73, 0x72, 0x24,
    0x6F, 0x6F, 0x6F, 0x6F, 0x5A, 0x73, 0x73, 0x27, 0x6F, 0x6F, 0x6F, 0x6F, 0x6F, 0x0F, 0x73, 0x27, 0x6F, 0x6F, 0x6F, 0x6F, 0x6F, 0x0F, 0x73, 0x27, 0x6F, 0x6F, 0x6F, 0x6F, 0x6F, 0x0F, 0x73, 0x27,
    0x6F, 0x6F, 0x6F, 0x6F, 0x6F, 0x09, 0x6E, 0x71, 0x6F, 0x6F, 0x6F, 0x6F, 0x6F, 0x6F, 0x0F, 0x73, 0x6F, 0x6F, 0x6F, 0x6F, 0x6F, 0x6F, 0x6F, 0x09, 0x6F, 0x6F, 0x6F, 0x6F, 0x6F, 0x19, 0x6F, 0x6F,
    0x01, 0x03, 0x69, 0x45, 0x01, 0x02, 0x5A, 0x70, 0x01, 0x03, 0x69, 0x45, 0x01, 0x02, 0x5A, 0x70, 0x01, 0x03, 0x69, 0x45, 0x01, 0x02, 0x5A, 0x70, 0x01, 0x03, 0x69, 0x45, 0x01, 0x03, 0x69, 0x70,
    0x16, 0x5A, 0x71, 0x15, 0x01, 0x2D, 0x73, 0x70, 0x73, 0x73, 0x52, 0x01, 0x09, 0x6C, 0x15, 0x6F, 0x6E, 0x73, 0x70, 0x31, 0x73, 0x70, 0x6F, 0x6F, 0x36, 0x73, 0x73, 0x73, 0x73, 0x3B, 0x49, 0x6F,
    0x12, 0x01, 0x36, 0x52, 0x6F, 0x6F, 0x5A, 0x70, 0x12, 0x36, 0x73, 0x52, 0x6F, 0x0F, 0x73, 0x73, 0x13, 0x19, 0x5A, 0x52, 0x6F, 0x6F, 0x5A, 0x73, 0x6F, 0x6F, 0x5A, 0x52, 0x6F, 0x6F, 0x5A, 0x70,
    0x6F, 0x6F, 0x5A, 0x52, 0x6F, 0x6F, 0x5A, 0x70, 0x6F, 0x0F, 0x73, 0x70, 0x6F, 0x6F, 0x5A, 0x52, 0x6F, 0x6F, 0x5A, 0x45, 0x6F, 0x6F, 0x6F, 0x20, 0x6F, 0x6F, 0x6F, 0x6F, 0x6F, 0x6F, 0x6F, 0x6F,
    0x12, 0x02, 0x5A, 0x52, 0x6F, 0x6F, 0x2C, 0x15, 0x52, 0x0E, 0x64, 0x52, 0x6F, 0x6F, 0x5A, 0x52, 0x73, 0x52, 0x36, 0x52, 0x6F, 0x0F, 0x73, 0x52, 0x14, 0x69, 0x73, 0x52, 0x6F, 0x6F, 0x36, 0x52,
    0x6F, 0x09, 0x6E, 0x52, 0x6F, 0x6F, 0x36, 0x52, 0x6F, 0x09, 0x6E, 0x70, 0x6F, 0x6F, 0x5A, 0x73, 0x6F, 0x6F, 0x6F, 0x3E, 0x6F, 0x0F, 0x73, 0x46, 0x6F, 0x6F, 0x6F, 0x6F, 0x6F, 0x6F, 0x6F, 0x6F,
    0x2D, 0x73, 0x52, 0x01, 0x01, 0x36, 0x71, 0x15, 0x01, 0x0F, 0x73, 0x27, 0x01, 0x36, 0x71, 0x15, 0x01, 0x03, 0x69, 0x27, 0x01, 0x36, 0x71, 0x15, 0x01, 0x03, 0x69, 0x27, 0x01, 0x36, 0x71, 0x15,
    0x01, 0x0F, 0x71, 0x15, 0x01, 0x36, 0x70, 0x12, 0x73, 0x73, 0x45, 0x6F, 0x03, 0x69, 0x72, 0x24, 0x68, 0x24, 0x6F, 0x6F, 0x6F, 0x2D, 0x45, 0x6F, 0x6F, 0x6F, 0x6F, 0x6F, 0x6F, 0x6F, 0x19, 0x6F,
    0x01, 0x01, 0x0F, 0x72, 0x24, 0x01, 0x01, 0x01, 0x01, 0x2D, 0x52, 0x02, 0x5A, 0x45, 0x01, 0x09, 0x03, 0x67, 0x15, 0x01, 0x09, 0x6C, 0x15, 0x6F, 0x09, 0x6C, 0x15, 0x01, 0x09, 0x6D, 0x24, 0x6F,
    0x03, 0x69, 0x52, 0x02, 0x5A, 0x70, 0x6F, 0x6F, 0x6F, 0x2D, 0x73, 0x73, 0x73, 0x27, 0x6F, 0x6F, 0x6F, 0x6F, 0x0F, 0x71, 0x15, 0x6F, 0x6F, 0x6F, 0x6F, 0x6F, 0x6F, 0x6F, 0x6F, 0x6F, 0x6F, 0x6F,
    0x36, 0x73, 0x73, 0x73, 0x52, 0x01, 0x01, 0x2C, 0x3F, 0x52, 0x01, 0x2D, 0x70, 0x12, 0x02, 0x5A, 0x5A, 0x73, 0x73, 0x73, 0x70, 0x12, 0x0F, 0x73, 0x5A, 0x52, 0x07, 0x42, 0x71, 0x15, 0x01, 0x36,
    0x5A, 0x52, 0x0F, 0x73, 0x45, 0x01, 0x01, 0x36, 0x5A, 0x70, 0x42, 0x71, 0x15, 0x01, 0x02, 0x5A, 0x03, 0x5E, 0x31, 0x52, 0x01, 0x01, 0x0F, 0x73, 0x07, 0x6F, 0x6F, 0x5A, 0x73, 0x73, 0x70, 0x6F,
    0x15, 0x2D, 0x73, 0x52, 0x6F, 0x6F, 0x6F, 0x6F, 0x52, 0x01, 0x0F, 0x73, 0x27, 0x6F, 0x6F, 0x6F, 0x52, 0x01, 0x03, 0x69, 0x27, 0x6F, 0x0F, 0x73, 0x52, 0x01, 0x03, 0x69, 0x27, 0x6F, 0x0F, 0x73,
    0x52, 0x01, 0x0F, 0x71, 0x15, 0x6F, 0x6F, 0x6F, 0x73, 0x73, 0x73, 0x45, 0x6F, 0x6F, 0x6F, 0x6F, 0x46, 0x68, 0x24, 0x6F, 0x6F, 0x6F, 0x6F, 0x6F, 0x6F, 0x6F, 0x6F, 0x6F, 0x6F, 0x6F, 0x6F, 0x6F,
    0x6F, 0x6F, 0x6F, 0x6F, 0x6F, 0x6F, 0x6F, 0x0F, 0x6F, 0x6F, 0x6F, 0x6F, 0x6F, 0x6F, 0x6F, 0x36, 0x45, 0x6F, 0x6F, 0x6F, 0x6F, 0x6F, 0x6F, 0x21, 0x45, 0x6F, 0x6F, 0x6F, 0x6F, 0x6F, 0x6F, 0x09,
    0x6F, 0x6F, 0x6F, 0x6F, 0x6F, 0x6F, 0x6F, 0x22, 0x6F, 0x6F, 0x6F, 0x6F, 0x6F, 0x6F, 0x6F, 0x22, 0x6F, 0x6F, 0x6F, 0x6F, 0x6F, 0x6F, 0x6F, 0x6F, 0x6F, 0x6F, 0x6F, 0x6F, 0x6F, 0x6F, 0x6F, 0x6F,
    0x73, 0x73, 0x73, 0x72, 0x24, 0x6F, 0x6F, 0x36, 0x73, 0x27, 0x01, 0x36, 0x27, 0x6F, 0x36, 0x73, 0x6E, 0x27, 0x02, 0x21, 0x25, 0x6F, 0x19, 0x5A, 0x6E, 0x27, 0x2D, 0x73, 0x27, 0x6F, 0x6F, 0x5A,
    0x6E, 0x27, 0x1A, 0x69, 0x27, 0x6F, 0x6F, 0x5A, 0x6E, 0x73, 0x73, 0x73, 0x27, 0x6F, 0x0F, 0x73, 0x03, 0x1D, 0x09, 0x60, 0x6F, 0x6F, 0x6F, 0x5A, 0x6F, 0x6F, 0x6F, 0x35, 0x24, 0x6F, 0x6F, 0x6F,
    0x52, 0x01, 0x2D, 0x71, 0x15, 0x01, 0x36, 0x70, 0x52, 0x09, 0x6E, 0x72, 0x24, 0x09, 0x5F, 0x70, 0x52, 0x6F, 0x09, 0x6D, 0x24, 0x01, 0x0F, 0x70, 0x52, 0x6F, 0x09, 0x6E, 0x45, 0x02, 0x5A, 0x70,
    0x52, 0x6F, 0x07, 0x42, 0x73, 0x4A, 0x6D, 0x24, 0x70, 0x6F, 0x6F, 0x6F, 0x2D, 0x73, 0x70, 0x6F, 0x45, 0x6F, 0x6F, 0x6F, 0x0F, 0x73, 0x52, 0x6F, 0x6F, 0x6F, 0x6F, 0x6F, 0x6F, 0x03, 0x39, 0x6F,
    0x13, 0x5A, 0x73, 0x73, 0x73, 0x73, 0x27, 0x6F, 0x6F, 0x09, 0x6E, 0x45, 0x01, 0x0F, 0x52, 0x6F, 0x6F, 0x30, 0x63, 0x52, 0x36, 0x28, 0x18, 0x6F, 0x6F, 0x6F, 0x5A, 0x73, 0x73, 0x45, 0x6F, 0x6F,
    0x6F, 0x6F, 0x5A, 0x52, 0x01, 0x09, 0x25, 0x6F, 0x6F, 0x0F, 0x73, 0x73, 0x73, 0x72, 0x24, 0x6F, 0x6F, 0x6F, 0x0E, 0x24, 0x6F, 0x2D, 0x52, 0x6F, 0x6F, 0x6F, 0x6F, 0x6F, 0x6F, 0x6F, 0x6F, 0x6F,
    0x6F, 0x6F, 0x6F, 0x6F, 0x6F, 0x0F, 0x73, 0x73, 0x6F, 0x6F, 0x6F, 0x6F, 0x2D, 0x73, 0x73, 0x73, 0x6F, 0x6F, 0x6F, 0x6F, 0x2D, 0x73, 0x45, 0x01, 0x6F, 0x6F, 0x6F, 0x6F, 0x03, 0x69, 0x45, 0x01,
    0x6F, 0x6F, 0x6F, 0x6F, 0x03, 0x69, 0x45, 0x01, 0x6F, 0x6F, 0x6F, 0x6F, 0x2D, 0x73, 0x73, 0x73, 0x6F, 0x6F, 0x6F, 0x6F, 0x6F, 0x2D, 0x27, 0x2D, 0x6F, 0x6F, 0x6F, 0x6F, 0x6F, 0x6F, 0x19, 0x03,
    0x70, 0x12, 0x01, 0x36, 0x73, 0x73, 0x73, 0x52, 0x73, 0x45, 0x09, 0x3F, 0x52, 0x01, 0x2D, 0x70, 0x2C, 0x15, 0x6F, 0x5A, 0x73, 0x73, 0x73, 0x70, 0x19, 0x6F, 0x6F, 0x5A, 0x52, 0x07, 0x42, 0x71,
    0x02, 0x3A, 0x6F, 0x5A, 0x52, 0x0F, 0x73, 0x45, 0x73, 0x27, 0x6F, 0x5A, 0x70, 0x42, 0x71, 0x15, 0x52, 0x6F, 0x6F, 0x03, 0x5E, 0x31, 0x52, 0x01, 0x67, 0x15, 0x6F, 0x07, 0x6F, 0x6F, 0x5A, 0x73,
    0x02, 0x5A, 0x73, 0x73, 0x73, 0x73, 0x27, 0x01, 0x12, 0x09, 0x6E, 0x45, 0x01, 0x0F, 0x52, 0x02, 0x12, 0x30, 0x63, 0x52, 0x36, 0x28, 0x18, 0x0F, 0x15, 0x02, 0x5A, 0x73, 0x73, 0x45, 0x01, 0x01,
    0x01, 0x02, 0x5A, 0x52, 0x01, 0x09, 0x25, 0x01, 0x01, 0x0F, 0x73, 0x73, 0x73, 0x72, 0x24, 0x02, 0x01, 0x01, 0x0E, 0x24, 0x6F, 0x2D, 0x52, 0x0F, 0x73, 0x70, 0x6F, 0x6F, 0x6F, 0x6F, 0x6F, 0x6F,
    0x2C, 0x15, 0x2D, 0x73, 0x52, 0x6F, 0x6F, 0x6F, 0x5A, 0x52, 0x01, 0x0F, 0x73, 0x27, 0x6F, 0x36, 0x73, 0x52, 0x01, 0x03, 0x69, 0x27, 0x6F, 0x19, 0x36, 0x52, 0x01, 0x03, 0x69, 0x27, 0x6F, 0x6F,
    0x36, 0x52, 0x01, 0x0F, 0x71, 0x15, 0x6F, 0x6F, 0x5A, 0x73, 0x73, 0x73, 0x45, 0x6F, 0x6F, 0x0F, 0x73, 0x46, 0x68, 0x24, 0x6F, 0x6F, 0x6F, 0x6F, 0x6F, 0x6F, 0x6F, 0x6F, 0x6F, 0x6F, 0x6F, 0x6F,
    0x36, 0x52, 0x6F, 0x09, 0x6E, 0x73, 0x73, 0x73, 0x73, 0x52, 0x6F, 0x6F, 0x6F, 0x5A, 0x45, 0x6F, 0x5A, 0x52, 0x6F, 0x6F, 0x08, 0x63, 0x52, 0x6F, 0x5A, 0x52, 0x6F, 0x6F, 0x1F, 0x36, 0x52, 0x6F,
    0x5A, 0x52, 0x6F, 0x0F, 0x45, 0x36, 0x70, 0x6F, 0x73, 0x70, 0x6F, 0x09, 0x6E, 0x73, 0x71, 0x15, 0x5A, 0x45, 0x6F, 0x6F, 0x03, 0x69, 0x73, 0x73, 0x6F, 0x6F, 0x6F, 0x6F, 0x6F, 0x6F, 0x6F, 0x6F,
    0x27, 0x6F, 0x6F, 0x6F, 0x6F, 0x6F, 0x6F, 0x6F, 0x6F, 0x6F, 0x6F, 0x6F, 0x6F, 0x6F, 0x6F, 0x6F, 0x6F, 0x6F, 0x6F, 0x6F, 0x6F, 0x6F, 0x6F, 0x6F, 0x6F, 0x6F, 0x6F, 0x6F, 0x6F, 0x6F, 0x6F, 0x6F,
    0x6F, 0x6F, 0x6F, 0x6F, 0x6F, 0x6F, 0x6F, 0x6F, 0x6F, 0x6F, 0x6F, 0x6F, 0x6F, 0x6F, 0x6F, 0x6F, 0x45, 0x6F, 0x6F, 0x6F, 0x6F, 0x6F, 0x6F, 0x6F, 0x6F, 0x6F, 0x6F, 0x6F, 0x6F, 0x6F, 0x6F, 0x6F,
    0x2D, 0x73, 0x73, 0x73, 0x73, 0x27, 0x6F, 0x6F, 0x2D, 0x73, 0x73, 0x73, 0x72, 0x24, 0x6F, 0x6F, 0x0F, 0x73, 0x73, 0x73, 0x72, 0x24, 0x6F, 0x6F, 0x09, 0x6E, 0x73, 0x73, 0x73, 0x27, 0x6F, 0x6F,
    0x6F, 0x5A, 0x73, 0x73, 0x73, 0x52, 0x6F, 0x6F, 0x6F, 0x0F, 0x73, 0x73, 0x73, 0x72, 0x24, 0x6F, 0x6F, 0x6F, 0x09, 0x6E, 0x73, 0x73, 0x73, 0x45, 0x6F, 0x6F, 0x6F, 0x6F, 0x6F, 0x6F, 0x6F, 0x2D,
    0x6F, 0x6F, 0x6F, 0x6F, 0x6F, 0x6F, 0x6F, 0x6F, 0x6F, 0x6F, 0x6F, 0x6F, 0x6F, 0x6F, 0x6F, 0x6F, 0x6F, 0x6F, 0x6F, 0x6F, 0x6F, 0x6F, 0x6F, 0x6F, 0x6F, 0x6F, 0x6F, 0x6F, 0x6F, 0x6F, 0x6F, 0x6F,
    0x6F, 0x6F, 0x6F, 0x6F, 0x6F, 0x6F, 0x6F, 0x6F, 0x6F, 0x6F, 0x6F, 0x6F, 0x6F, 0x6F, 0x6F, 0x6F, 0x6F, 0x6F, 0x6F, 0x6F, 0x6F, 0x6F, 0x6F, 0x6F, 0x73, 0x52, 0x6F, 0x6F, 0x6F, 0x6F, 0x6F, 0x6F,
    0x6F, 0x6F, 0x6F, 0x6F, 0x6F, 0x6F, 0x6F, 0x6F, 0x6F, 0x6F, 0x6F, 0x6F, 0x6F, 0x6F, 0x6F, 0x6F, 0x6F, 0x6F, 0x6F, 0x6F, 0x6F, 0x6F, 0x6F, 0x6F, 0x6F, 0x6F, 0x6F, 0x6F, 0x6F, 0x6F, 0x6F, 0x6F,
    0x6F, 0x6F, 0x6F, 0x6F, 0x6F, 0x6F, 0x6F, 0x6F, 0x6F, 0x6F, 0x6F, 0x6F, 0x6F, 0x6F, 0x6F, 0x6F, 0x6F, 0x6F, 0x6F, 0x6F, 0x6F, 0x6F, 0x6F, 0x6F, 0x6F, 0x6F, 0x6F, 0x6F, 0x6F, 0x6F, 0x6F, 0x6F,
    0x6F, 0x6F, 0x6F, 0x6F, 0x6F, 0x6F, 0x6F, 0x6F, 0x6F, 0x6F, 0x6F, 0x6F, 0x6F, 0x6F, 0x6F, 0x6F, 0x6F, 0x6F, 0x6F, 0x6F, 0x6F, 0x6F, 0x6F, 0x6F, 0x6F, 0x6F, 0x6F, 0x6F, 0x6F, 0x6F, 0x6F, 0x6F,
    0x6F, 0x6F, 0x6F, 0x6F, 0x6F, 0x6F, 0x6F, 0x6F, 0x6F, 0x6F, 0x6F, 0x6F, 0x6F, 0x6F, 0x6F, 0x6F, 0x6F, 0x6F, 0x6F, 0x6F, 0x6F, 0x6F, 0x6F, 0x6F, 0x6F, 0x6F, 0x6F, 0x6F, 0x6F, 0x6F, 0x6F, 0x6F,
    0x6F, 0x6F, 0x6F, 0x6F, 0x6F, 0x6F, 0x6F, 0x6F, 0x6F, 0x6F, 0x6F, 0x6F, 0x6F, 0x6F, 0x6F, 0x6F, 0x6F, 0x6F, 0x6F, 0x6F, 0x6F, 0x6F, 0x6F, 0x6F, 0x6F, 0x6F, 0x6F, 0x6F, 0x6F, 0x6F, 0x6F, 0x6F,
    0x6F, 0x6F, 0x6F, 0x6F, 0x6F, 0x6F, 0x6F, 0x6F, 0x6F, 0x6F, 0x6F, 0x6F, 0x6F, 0x6F, 0x6F, 0x6F, 0x6F, 0x6F, 0x6F, 0x6F, 0x6F, 0x6F, 0x6F, 0x6F, 0x6F, 0x6F, 0x6F, 0x6F, 0x6F, 0x6F, 0x6F, 0x6F,
    0x6F, 0x6F, 0x6F, 0x6F, 0x6F, 0x6F, 0x6F, 0x6F, 0x6F, 0x6F, 0x6F, 0x6F, 0x6F, 0x6F, 0x6F, 0x6F, 0x6F, 0x6F, 0x6F, 0x6F, 0x6F, 0x6F, 0x6F, 0x6F, 0x6F, 0x6F, 0x6F, 0x6F, 0x6F, 0x6F, 0x6F, 0x6F,
    0x6F, 0x6F, 0x6F, 0x6F, 0x6F, 0x6F, 0x6F, 0x6F, 0x6F, 0x6F, 0x6F, 0x6F, 0x6F, 0x6F, 0x6F, 0x6F, 0x6F, 0x6F, 0x6F, 0x6F, 0x6F, 0x6F, 0x6F, 0x6F, 0x6F, 0x6F, 0x6F, 0x6F, 0x6F, 0x6F, 0x6F, 0x6F,
    0x6F, 0x6F, 0x6F, 0x6F, 0x6F, 0x6F, 0x6F, 0x6F, 0x6F, 0x6F, 0x6F, 0x6F, 0x6F, 0x6F, 0x6F, 0x6F, 0x6F, 0x6F, 0x6F, 0x6F, 0x6F, 0x6F, 0x6F, 0x6F, 0x6F, 0x6F, 0x6F, 0x6F, 0x6F, 0x6F, 0x6F, 0x6F,
    0x6F, 0x6F, 0x6F, 0x6F, 0x6F, 0x6F, 0x6F, 0x6F, 0x6F, 0x6F, 0x6F, 0x6F, 0x6F, 0x6F, 0x6F, 0x6F, 0x6F, 0x6F, 0x6F, 0x6F, 0x6F, 0x6F, 0x6F, 0x6F, 0x6F, 0x6F, 0x6F, 0x6F, 0x6F, 0x6F, 0x6F, 0x6F,
    0x6F, 0x6F, 0x6F, 0x6F, 0x6F, 0x6F, 0x6F, 0x6F, 0x6F, 0x6F, 0x6F, 0x6F, 0x6F, 0x6F, 0x6F, 0x6F, 0x6F, 0x6F, 0x6F, 0x6F, 0x6F, 0x6F, 0x6F, 0x6F, 0x6F, 0x6F, 0x6F, 0x6F, 0x6F, 0x6F, 0x6F, 0x6F,
    0x6F, 0x6F, 0x6F, 0x6F, 0x6F, 0x6F, 0x6F, 0x6F, 0x6F, 0x6F, 0x6F, 0x6F, 0x6F, 0x6F, 0x6F, 0x6F, 0x6F, 0x6F, 0x6F, 0x6F, 0x6F, 0x6F, 0x6F, 0x6F, 0x6F, 0x6F, 0x6F, 0x6F, 0x6F, 0x6F, 0x6F, 0x6F,
    0x6F, 0x6F, 0x6F, 0x6F, 0x6F, 0x6F, 0x6F, 0x6F, 0x6F, 0x6F, 0x6F, 0x6F, 0x6F, 0x6F, 0x6F, 0x6F, 0x6F, 0x6F, 0x6F, 0x6F, 0x6F, 0x6F, 0x6F, 0x6F, 0x6F, 0x6F, 0x6F, 0x6F, 0x6F, 0x6F, 0x6F, 0x6F,
    0x6F, 0x6F, 0x6F, 0x6F, 0x6F, 0x6F, 0x6F, 0x6F, 0x6F, 0x6F, 0x6F, 0x6F, 0x6F, 0x6F, 0x6F, 0x6F, 0x6F, 0x6F, 0x6F, 0x6F, 0x6F, 0x6F, 0x6F, 0x6F, 0x6F, 0x6F, 0x6F, 0x6F, 0x6F, 0x6F, 0x6F, 0x6F,
    0x6F, 0x6F, 0x6F, 0x6F, 0x6F, 0x6F, 0x6F, 0x6F, 0x6F, 0x6F, 0x6F, 0x6F, 0x6F, 0x6F, 0x6F, 0x6F, 0x6F, 0x6F, 0x6F, 0x6F, 0x6F, 0x6F, 0x6F, 0x6F, 0x6F, 0x6F, 0x6F, 0x6F, 0x6F, 0x6F, 0x6F, 0x6F,
    0x6F, 0x6F, 0x6F, 0x6F, 0x6F, 0x6F, 0x6F, 0x6F, 0x6F, 0x6F, 0x6F, 0x6F, 0x6F, 0x6F, 0x6F, 0x6F, 0x6F, 0x6F, 0x6F, 0x6F, 0x6F, 0x6F, 0x6F, 0x6F, 0x6F, 0x6F, 0x6F, 0x6F, 0x6F, 0x6F, 0x6F, 0x6F,
    0x6F, 0x6F, 0x6F, 0x6F, 0x6F, 0x6F, 0x6F, 0x6F, 0x6F, 0x6F, 0x6F, 0x6F, 0x6F, 0x6F, 0x6F, 0x6F, 0x6F, 0x6F, 0x6F, 0x6F, 0x6F, 0x6F, 0x6F, 0x6F, 0x6F, 0x6F, 0x6F, 0x6F, 0x6F, 0x6F, 0x6F, 0x6F,
    0x6F, 0x6F, 0x6F, 0x6F, 0x6F, 0x6F, 0x6F, 0x6F, 0x6F, 0x6F, 0x6F, 0x6F, 0x6F, 0x6F, 0x6F, 0x6F, 0x6F, 0x6F, 0x6F, 0x6F, 0x6F, 0x6F, 0x6F, 0x6F, 0x6F, 0x6F, 0x6F, 0x6F, 0x6F, 0x6F, 0x6F, 0x6F,
    0x6F, 0x6F, 0x6F, 0x6F, 0x6F, 0x6F, 0x6F, 0x6F, 0x6F, 0x6F, 0x6F, 0x6F, 0x6F, 0x6F, 0x6F, 0x6F, 0x6F, 0x6F, 0x6F, 0x6F, 0x6F, 0x6F, 0x6F, 0x6F, 0x6F, 0x6F, 0x6F, 0x6F, 0x6F, 0x6F, 0x6F, 0x6F,
    0x6F, 0x6F, 0x6F, 0x6F, 0x6F, 0x6F, 0x6F, 0x6F, 0x6F, 0x6F, 0x6F, 0x6F, 0x6F, 0x6F, 0x6F, 0x6F, 0x6F, 0x6F, 0x6F, 0x6F, 0x6F, 0x6F, 0x6F, 0x6F, 0x6F, 0x6F, 0x6F, 0x6F, 0x6F, 0x6F, 0x6F, 0x6F,
    0x6F, 0x6F, 0x6F, 0x6F, 0x6F, 0x6F, 0x6F, 0x6F, 0x6F, 0x6F, 0x6F, 0x6F, 0x6F, 0x6F, 0x6F, 0x6F, 0x6F, 0x6F, 0x6F, 0x6F, 0x6F, 0x6F, 0x6F, 0x6F, 0x6F, 0x6F, 0x6F, 0x6F, 0x6F, 0x6F, 0x6F, 0x6F,
    0x6F, 0x6F, 0x6F, 0x6F, 0x6F, 0x6F, 0x6F, 0x6F, 0x6F, 0x6F, 0x6F, 0x6F, 0x6F, 0x6F, 0x6F, 0x6F, 0x6F, 0x6F, 0x6F, 0x6F, 0x6F, 0x6F, 0x6F, 0x6F, 0x6F, 0x6F, 0x6F, 0x6F, 0x6F, 0x6F, 0x6F, 0x6F,
    0x6F, 0x6F, 0x6F, 0x6F, 0x6F, 0x6F, 0x6F, 0x6F, 0x6F, 0x6F, 0x6F, 0x6F, 0x6F, 0x6F, 0x6F, 0x6F, 0x6F, 0x6F, 0x6F, 0x6F, 0x6F, 0x6F, 0x6F, 0x6F, 0x6F, 0x6F, 0x6F, 0x6F, 0x6F, 0x6F, 0x6F, 0x6F,
    0x6F, 0x6F, 0x6F, 0x6F, 0x6F, 0x6F, 0x6F, 0x6F, 0x6F, 0x6F, 0x6F, 0x6F, 0x6F, 0x6F, 0x6F, 0x6F, 0x6F, 0x6F, 0x6F, 0x6F, 0x6F, 0x6F, 0x6F, 0x6F, 0x6F, 0x6F, 0x6F, 0x6F, 0x6F, 0x6F, 0x6F, 0x6F,
    0x6F, 0x6F, 0x6F, 0x6F, 0x6F, 0x6F, 0x6F, 0x6F, 0x6F, 0x6F, 0x6F, 0x6F, 0x6F, 0x6F, 0x6F, 0x6F, 0x6F, 0x6F, 0x6F, 0x6F, 0x6F, 0x6F, 0x6F, 0x6F, 0x6F, 0x6F, 0x6F, 0x6F, 0x6F, 0x6F, 0x6F, 0x6F,
    0x6F, 0x6F, 0x6F, 0x6F, 0x6F, 0x6F, 0x6F, 0x6F, 0x6F, 0x6F, 0x6F, 0x6F, 0x6F, 0x6F, 0x6F, 0x6F, 0x6F, 0x6F, 0x6F, 0x6F, 0x6F, 0x6F, 0x6F, 0x6F, 0x6F, 0x6F, 0x6F, 0x6F, 0x6F, 0x6F, 0x6F, 0x6F,
    0x6F, 0x6F, 0x6F, 0x6F, 0x6F, 0x6F, 0x6F, 0x6F, 0x6F, 0x6F, 0x6F, 0x6F, 0x6F, 0x6F, 0x6F, 0x6F, 0x6F, 0x6F, 0x6F, 0x6F, 0x6F, 0x6F, 0x6F, 0x6F, 0x6F, 0x6F, 0x6F, 0x6F, 0x6F, 0x6F, 0x6F, 0x6F,
    0x6F, 0x6F, 0x6F, 0x6F, 0x6F, 0x6F, 0x6F, 0x6F, 0x6F, 0x6F, 0x6F, 0x6F, 0x6F, 0x6F, 0x6F, 0x6F, 0x6F, 0x6F, 0x6F, 0x6F, 0x6F, 0x6F, 0x6F, 0x6F, 0x6F, 0x6F, 0x6F, 0x6F, 0x6F, 0x6F, 0x6F, 0x6F,
    0x6F, 0x6F, 0x6F, 0x6F, 0x6F, 0x6F, 0x6F, 0x6F, 0x6F, 0x6F, 0x6F, 0x6F, 0x6F, 0x6F, 0x6F, 0x6F, 0x6F, 0x6F, 0x6F, 0x6F, 0x6F, 0x6F, 0x6F, 0x6F, 0x6F, 0x6F, 0x6F, 0x6F, 0x6F, 0x6F, 0x6F, 0x6F,
    0x6F, 0x6F, 0x6F, 0x6F, 0x6F, 0x6F, 0x6F, 0x6F, 0x6F, 0x6F, 0x6F, 0x6F, 0x6F, 0x6F, 0x6F, 0x6F, 0x6F, 0x6F, 0x6F, 0x6F, 0x6F, 0x6F, 0x6F, 0x6F, 0x6F, 0x6F, 0x6F, 0x6F, 0x6F, 0x6F, 0x6F, 0x6F,
    0x6F, 0x6F, 0x6F, 0x6F, 0x6F, 0x6F, 0x6F, 0x6F, 0x6F, 0x6F, 0x6F, 0x6F, 0x6F, 0x6F, 0x6F, 0x6F, 0x6F, 0x6F, 0x6F, 0x6F, 0x6F, 0x6F, 0x6F, 0x6F, 0x6F, 0x6F, 0x6F, 0x6F, 0x6F, 0x6F, 0x6F, 0x6F,
    0x6F, 0x6F, 0x6F, 0x6F, 0x6F, 0x6F, 0x6F, 0x6F, 0x6F, 0x6F, 0x6F, 0x6F, 0x6F, 0x6F, 0x6F, 0x6F, 0x6F, 0x6F, 0x6F, 0x6F, 0x6F, 0x6F, 0x6F, 0x6F, 0x6F, 0x6F, 0x6F, 0x6F, 0x6F, 0x6F, 0x6F, 0x6F,
    0x6F, 0x6F, 0x6F, 0x6F, 0x6F, 0x6F, 0x6F, 0x6F, 0x6F, 0x6F, 0x6F, 0x6F, 0x6F, 0x6F, 0x6F, 0x6F, 0x6F, 0x6F, 0x6F, 0x6F, 0x6F, 0x6F, 0x6F, 0x6F, 0x6F, 0x6F, 0x6F, 0x6F, 0x6F, 0x6F, 0x6F, 0x6F,
    0x6F, 0x6F, 0x6F, 0x6F, 0x6F, 0x6F, 0x6F, 0x6F, 0x6F, 0x6F, 0x6F, 0x6F, 0x6F, 0x6F, 0x6F, 0x6F, 0x6F, 0x6F, 0x6F, 0x6F, 0x6F, 0x6F, 0x6F, 0x6F, 0x6F, 0x6F, 0x6F, 0x6F, 0x6F, 0x6F, 0x6F, 0x6F,
    0x6F, 0x6F, 0x6F, 0x6F, 0x6F, 0x6F, 0x6F, 0x6F, 0x6F, 0x6F, 0x6F, 0x6F, 0x6F, 0x6F, 0x6F, 0x6F, 0x6F, 0x6F, 0x6F, 0x6F, 0x6F, 0x6F, 0x6F, 0x6F, 0x6F, 0x6F, 0x6F, 0x6F, 0x6F, 0x6F, 0x6F, 0x6F,
    0x6F, 0x6F, 0x6F, 0x6F, 0x6F, 0x6F, 0x6F, 0x6F, 0x6F, 0x6F, 0x6F, 0x6F, 0x6F, 0x6F, 0x6F, 0x6F, 0x6F, 0x6F, 0x6F, 0x6F, 0x6F, 0x6F, 0x6F, 0x6F, 0x6F, 0x6F, 0x6F, 0x6F, 0x6F, 0x6F, 0x6F, 0x6F,
    0x6F, 0x6F, 0x6F, 0x6F, 0x6F, 0x6F, 0x6F, 0x6F, 0x6F, 0x6F, 0x6F, 0x6F, 0x6F, 0x6F, 0x6F, 0x6F, 0x6F, 0x6F, 0x6F, 0x6F, 0x6F, 0x6F, 0x6F, 0x6F, 0x6F, 0x6F, 0x6F, 0x6F, 0x6F, 0x6F, 0x6F, 0x6F,
    0x6F, 0x6F, 0x6F, 0x6F, 0x6F, 0x6F, 0x6F, 0x6F, 0x6F, 0x6F, 0x6F, 0x6F, 0x6F, 0x6F, 0x6F, 0x6F, 0x6F, 0x6F, 0x6F, 0x6F, 0x6F, 0x6F, 0x6F, 0x6F, 0x6F, 0x6F, 0x6F, 0x6F, 0x6F, 0x6F, 0x6F, 0x6F,
    0x6F, 0x6F, 0x6F, 0x6F, 0x6F, 0x6F, 0x6F, 0x6F, 0x6F, 0x6F, 0x6F, 0x6F, 0x6F, 0x6F, 0x6F, 0x6F, 0x6F, 0x6F, 0x6F, 0x6F, 0x6F, 0x6F, 0x6F, 0x6F, 0x6F, 0x6F, 0x6F, 0x6F, 0x6F, 0x6F, 0x6F, 0x6F,
    0x6F, 0x6F, 0x6F, 0x6F, 0x6F, 0x6F, 0x6F, 0x6F, 0x6F, 0x6F, 0x6F, 0x6F, 0x6F, 0x6F, 0x6F, 0x6F, 0x6F, 0x6F, 0x6F, 0x6F, 0x6F, 0x6F, 0x6F, 0x6F, 0x6F, 0x6F, 0x6F, 0x6F, 0x6F, 0x6F, 0x6F, 0x6F,
    0x6F, 0x6F, 0x6F, 0x6F, 0x6F, 0x6F, 0x6F, 0x6F, 0x6F, 0x6F, 0x6F, 0x6F, 0x6F, 0x6F, 0x6F, 0x6F, 0x6F, 0x6F, 0x6F, 0x6F, 0x6F, 0x6F, 0x6F, 0x6F, 0x6F, 0x6F, 0x6F, 0x6F, 0x6F, 0x6F, 0x6F, 0x6F,
    0x6F, 0x6F, 0x6F, 0x6F, 0x6F, 0x6F, 0x6F, 0x6F, 0x6F, 0x6F, 0x6F, 0x6F, 0x6F, 0x6F, 0x6F, 0x6F, 0x6F, 0x6F, 0x6F, 0x6F, 0x6F, 0x6F, 0x6F, 0x6F, 0x6F, 0x6F, 0x6F, 0x6F, 0x6F, 0x6F, 0x6F, 0x6F,
    0x6F, 0x6F, 0x6F, 0x6F, 0x6F, 0x6F, 0x6F, 0x6F, 0x6F, 0x6F, 0x6F, 0x6F, 0x6F, 0x6F, 0x6F, 0x6F, 0x6F, 0x6F, 0x6F, 0x6F, 0x6F, 0x6F, 0x6F, 0x6F, 0x6F, 0x6F, 0x6F, 0x6F, 0x6F, 0x6F, 0x6F, 0x6F,
    0x6F, 0x6F, 0x6F, 0x6F, 0x6F, 0x6F, 0x6F, 0x6F, 0x6F, 0x6F, 0x6F, 0x6F, 0x6F, 0x6F, 0x6F, 0x6F, 0x6F, 0x6F, 0x6F, 0x6F, 0x6F, 0x6F, 0x6F, 0x6F, 0x6F, 0x6F, 0x6F, 0x6F, 0x6F, 0x6F, 0x6F, 0x6F,
    0x6F, 0x6F, 0x6F, 0x6F, 0x6F, 0x6F, 0x6F, 0x6F, 0x6F, 0x6F, 0x6F, 0x6F, 0x6F, 0x6F, 0x6F, 0x6F, 0x6F, 0x6F, 0x6F, 0x6F, 0x6F, 0x6F, 0x6F, 0x6F, 0x6F, 0x6F, 0x6F, 0x6F, 0x6F, 0x6F, 0x6F, 0x6F,
    0x6F, 0x6F, 0x6F, 0x6F, 0x6F, 0x6F, 0x6F, 0x6F, 0x6F, 0x6F, 0x6F, 0x6F, 0x6F, 0x6F, 0x6F, 0x6F, 0x6F, 0x6F, 0x6F, 0x6F, 0x6F, 0x6F, 0x6F, 0x6F, 0x6F, 0x6F, 0x6F, 0x6F, 0x6F, 0x6F, 0x6F, 0x6F,
    0x6F, 0x6F, 0x6F, 0x6F, 0x6F, 0x6F, 0x6F, 0x6F, 0x6F, 0x6F, 0x6F, 0x6F, 0x6F, 0x6F, 0x6F, 0x6F, 0x6F, 0x6F, 0x6F, 0x6F, 0x6F, 0x6F, 0x6F, 0x6F, 0x6F, 0x6F, 0x6F, 0x6F, 0x6F, 0x6F, 0x6F, 0x6F,
    0x6F, 0x6F, 0x6F, 0x6F, 0x6F, 0x6F, 0x6F, 0x6F, 0x6F, 0x6F, 0x6F, 0x6F, 0x6F, 0x6F, 0x6F, 0x6F, 0x6F, 0x6F, 0x6F, 0x6F, 0x6F, 0x6F, 0x6F, 0x6F, 0x6F, 0x6F, 0x6F, 0x6F, 0x6F, 0x6F, 0x6F, 0x6F,
    0x6F, 0x19, 0x6F, 0x03, 0x5E, 0x6F, 0x6F, 0x6F, 0x6F, 0x6F, 0x6F, 0x6F, 0x19, 0x6F, 0x6F, 0x6F, 0x6F, 0x6F, 0x6F, 0x6F, 0x6F, 0x6F, 0x6F, 0x6F, 0x6F, 0x6F, 0x6F, 0x6F, 0x6F, 0x6F, 0x6F, 0x6F,
    0x6F, 0x6F, 0x6F, 0x6F, 0x6F, 0x6F, 0x6F, 0x6F, 0x6F, 0x6F, 0x6F, 0x6F, 0x6F, 0x6F, 0x6F, 0x6F, 0x6F, 0x6F, 0x6F, 0x6F, 0x6F, 0x6F, 0x6F, 0x6F, 0x6F, 0x6F, 0x6F, 0x6F, 0x6F, 0x6F, 0x6F, 0x6F,
    0x6F, 0x6F, 0x6F, 0x0F, 0x72, 0x24, 0x6F, 0x6F, 0x6F, 0x6F, 0x6F, 0x6F, 0x1E, 0x6F, 0x6F, 0x6F, 0x6F, 0x6F, 0x6F, 0x6F, 0x6F, 0x6F, 0x6F, 0x6F, 0x6F, 0x6F, 0x6F, 0x6F, 0x6F, 0x6F, 0x6F, 0x6F,
    0x6F, 0x6F, 0x6F, 0x6F, 0x6F, 0x6F, 0x6F, 0x6F, 0x6F, 0x6F, 0x6F, 0x6F, 0x6F, 0x6F, 0x6F, 0x6F, 0x6F, 0x6F, 0x6F, 0x6F, 0x6F, 0x6F, 0x6F, 0x6F, 0x6F, 0x6F, 0x6F, 0x6F, 0x6F, 0x6F, 0x6F, 0x6F,
    0x6F, 0x6F, 0x6F, 0x6F, 0x6F, 0x0F, 0x72, 0x24, 0x6F, 0x6F, 0x6F, 0x6F, 0x6F, 0x6F, 0x1E, 0x6F, 0x6F, 0x6F, 0x6F, 0x6F, 0x6F, 0x6F, 0x6F, 0x6F, 0x6F, 0x6F, 0x6F, 0x6F, 0x6F, 0x6F, 0x6F, 0x6F,
    0x6F, 0x6F, 0x6F, 0x6F, 0x6F, 0x6F, 0x6F, 0x6F, 0x6F, 0x6F, 0x6F, 0x6F, 0x6F, 0x6F, 0x6F, 0x6F, 0x6F, 0x6F, 0x6F, 0x6F, 0x6F, 0x6F, 0x6F, 0x6F, 0x6F, 0x6F, 0x6F, 0x6F, 0x6F, 0x6F, 0x6F, 0x6F,
    0x6F, 0x6F, 0x6F, 0x6F, 0x6F, 0x6F, 0x6F, 0x6F, 0x6F, 0x6F, 0x6F, 0x6F, 0x6F, 0x6F, 0x6F, 0x0F, 0x6F, 0x6F, 0x6F, 0x6F, 0x6F, 0x6F, 0x09, 0x6E, 0x6F, 0x6F, 0x6F, 0x6F, 0x6F, 0x6F, 0x6F, 0x6F,
    0x6F, 0x6F, 0x6F, 0x6F, 0x6F, 0x6F, 0x6F, 0x6F, 0x6F, 0x6F, 0x6F, 0x6F, 0x6F, 0x6F, 0x6F, 0x6F, 0x6F, 0x6F, 0x6F, 0x6F, 0x6F, 0x6F, 0x6F, 0x6F, 0x6F, 0x6F, 0x6F, 0x6F, 0x6F, 0x6F, 0x6F, 0x6F,
    0x5A, 0x45, 0x6F, 0x6F, 0x5A, 0x45, 0x01, 0x01, 0x70, 0x6F, 0x6F, 0x6F, 0x2D, 0x70, 0x12, 0x03, 0x27, 0x6F, 0x6F, 0x6F, 0x6F, 0x36, 0x73, 0x73, 0x6F, 0x6F, 0x6F, 0x6F, 0x6F, 0x6F, 0x6F, 0x6F,
    0x6F, 0x6F, 0x6F, 0x6F, 0x6F, 0x6F, 0x6F, 0x6F, 0x6F, 0x6F, 0x6F, 0x6F, 0x6F, 0x6F, 0x6F, 0x6F, 0x6F, 0x6F, 0x6F, 0x6F, 0x6F, 0x6F, 0x6F, 0x6F, 0x6F, 0x6F, 0x6F, 0x6F, 0x6F, 0x6F, 0x6F, 0x6F,
    0x36, 0x70, 0x6F, 0x6F, 0x6F, 0x6F, 0x6F, 0x6F, 0x69, 0x45, 0x6F, 0x6F, 0x6F, 0x6F, 0x6F, 0x6F, 0x45, 0x6F, 0x6F, 0x6F, 0x6F, 0x6F, 0x6F, 0x6F, 0x6F, 0x6F, 0x6F, 0x6F, 0x6F, 0x6F, 0x6F, 0x6F,
    0x6F, 0x6F, 0x6F, 0x6F, 0x6F, 0x6F, 0x6F, 0x6F, 0x6F, 0x6F, 0x6F, 0x6F, 0x6F, 0x6F, 0x6F, 0x6F, 0x6F, 0x6F, 0x6F, 0x6F, 0x6F, 0x6F, 0x6F, 0x6F, 0x6F, 0x6F, 0x6F, 0x6F, 0x6F, 0x6F, 0x6F, 0x6F,
    0x6F, 0x6F, 0x36, 0x72, 0x24, 0x6F, 0x6F, 0x0F, 0x6F, 0x6F, 0x36, 0x45, 0x6F, 0x6F, 0x6F, 0x6F, 0x6F, 0x6F, 0x0F, 0x73, 0x52, 0x6F, 0x6F, 0x6F, 0x6F, 0x6F, 0x6F, 0x6F, 0x6F, 0x6F, 0x6F, 0x6F,
    0x6F, 0x6F, 0x6F, 0x6F, 0x6F, 0x6F, 0x6F, 0x6F, 0x6F, 0x6F, 0x6F, 0x6F, 0x6F, 0x6F, 0x6F, 0x6F, 0x6F, 0x6F, 0x6F, 0x6F, 0x6F, 0x6F, 0x6F, 0x6F, 0x6F, 0x6F, 0x6F, 0x6F, 0x6F, 0x6F, 0x6F, 0x6F,
    0x73, 0x27, 0x6F, 0x6F, 0x6F, 0x2D, 0x45, 0x6F, 0x6F, 0x6F, 0x6F, 0x6F, 0x2D, 0x45, 0x6F, 0x6F, 0x6F, 0x6F, 0x6F, 0x0F, 0x45, 0x6F, 0x6F, 0x6F, 0x6F, 0x0F, 0x73, 0x52, 0x6F, 0x6F, 0x6F, 0x6F,
    0x6F, 0x6F, 0x6F, 0x6F, 0x6F, 0x6F, 0x6F, 0x6F, 0x6F, 0x6F, 0x6F, 0x6F, 0x6F, 0x6F, 0x6F, 0x6F, 0x6F, 0x6F, 0x6F, 0x6F, 0x6F, 0x6F, 0x6F, 0x6F, 0x6F, 0x6F, 0x6F, 0x6F, 0x6F, 0x6F, 0x6F, 0x6F,
    0x6F, 0x6F, 0x6F, 0x6F, 0x6F, 0x6F, 0x6F, 0x6F, 0x6F, 0x6F, 0x6F, 0x6F, 0x6F, 0x6F, 0x6F, 0x6F, 0x6F, 0x6F, 0x6F, 0x6F, 0x6F, 0x6F, 0x6F, 0x6F, 0x6F, 0x6F, 0x6F, 0x6F, 0x6F, 0x6F, 0x6F, 0x6F,
    0x6F, 0x6F, 0x6F, 0x6F, 0x6F, 0x6F, 0x6F, 0x6F, 0x6F, 0x6F, 0x6F, 0x6F, 0x6F, 0x6F, 0x6F, 0x6F, 0x6F, 0x6F, 0x6F, 0x6F, 0x6F, 0x6F, 0x6F, 0x6F, 0x6F, 0x6F, 0x6F, 0x6F, 0x6F, 0x6F, 0x6F, 0x6F,
    0x6F, 0x6F, 0x6F, 0x6F, 0x6F, 0x6F, 0x6F, 0x6F, 0x6F, 0x6F, 0x6F, 0x6F, 0x6F, 0x6F, 0x6F, 0x6F, 0x6F, 0x6F, 0x6F, 0x6F, 0x6F, 0x6F, 0x6F, 0x6F, 0x6F, 0x6F, 0x6F, 0x6F, 0x6F, 0x6F, 0x6F, 0x6F,
    0x6F, 0x6F, 0x6F, 0x6F, 0x6F, 0x6F, 0x6F, 0x6F, 0x6F, 0x6F, 0x6F, 0x6F, 0x6F, 0x6F, 0x6F, 0x6F, 0x6F, 0x6F, 0x6F, 0x6F, 0x6F, 0x6F, 0x6F, 0x6F, 0x6F, 0x6F, 0x6F, 0x6F, 0x6F, 0x6F, 0x6F, 0x6F,
    0x6F, 0x6F, 0x6F, 0x07, 0x6F, 0x6F, 0x35, 0x24, 0x6F, 0x6F, 0x6F, 0x6F, 0x6F, 0x6F, 0x2C, 0x15, 0x6F, 0x6F, 0x6F, 0x6F, 0x6F, 0x6F, 0x6F, 0x6F, 0x6F, 0x6F, 0x6F, 0x6F, 0x6F, 0x6F, 0x6F, 0x6F,
    0x6F, 0x6F, 0x6F, 0x6F, 0x6F, 0x6F, 0x6F, 0x6F, 0x6F, 0x6F, 0x6F, 0x6F, 0x6F, 0x6F, 0x6F, 0x6F, 0x6F, 0x6F, 0x6F, 0x6F, 0x6F, 0x6F, 0x6F, 0x6F, 0x6F, 0x6F, 0x6F, 0x6F, 0x6F, 0x6F, 0x6F, 0x6F,
    0x6F, 0x6F, 0x6F, 0x6F, 0x6F, 0x6F, 0x6F, 0x6F, 0x6F, 0x6F, 0x6F, 0x6F, 0x6F, 0x6F, 0x6F, 0x6F, 0x6F, 0x6F, 0x6F, 0x6F, 0x6F, 0x6F, 0x6F, 0x6F, 0x6F, 0x6F, 0x6F, 0x6F, 0x6F, 0x6F, 0x6F, 0x6F,
    0x6F, 0x6F, 0x6F, 0x6F, 0x6F, 0x6F, 0x6F, 0x6F, 0x6F, 0x6F, 0x6F, 0x6F, 0x6F, 0x6F, 0x6F, 0x6F, 0x6F, 0x6F, 0x6F, 0x6F, 0x6F, 0x6F, 0x6F, 0x6F, 0x6F, 0x6F, 0x6F, 0x6F, 0x6F, 0x6F, 0x6F, 0x6F,
    0x6F, 0x09, 0x6E, 0x71, 0x15, 0x01, 0x2D, 0x72, 0x6F, 0x6F, 0x03, 0x69, 0x73, 0x73, 0x72, 0x24, 0x6F, 0x6F, 0x6F, 0x6F, 0x6F, 0x6F, 0x6F, 0x6F, 0x6F, 0x6F, 0x6F, 0x6F, 0x6F, 0x6F, 0x6F, 0x6F,
    0x6F, 0x6F, 0x6F, 0x6F, 0x6F, 0x6F, 0x6F, 0x6F, 0x6F, 0x6F, 0x6F, 0x6F, 0x6F, 0x6F, 0x6F, 0x6F, 0x6F, 0x6F, 0x6F, 0x6F, 0x6F, 0x6F, 0x6F, 0x6F, 0x6F, 0x6F, 0x6F, 0x6F, 0x6F, 0x6F, 0x6F, 0x6F,
    0x24, 0x6F, 0x6F, 0x03, 0x1D, 0x36, 0x72, 0x24, 0x6F, 0x6F, 0x6F, 0x6F, 0x6F, 0x6F, 0x59, 0x24, 0x6F, 0x6F, 0x6F, 0x6F, 0x6F, 0x6F, 0x0E, 0x24, 0x6F, 0x6F, 0x6F, 0x6F, 0x6F, 0x6F, 0x6F, 0x18,
    0x6F, 0x6F, 0x6F, 0x6F, 0x6F, 0x6F, 0x6F, 0x6F, 0x6F, 0x6F, 0x6F, 0x6F, 0x6F, 0x6F, 0x6F, 0x6F, 0x6F, 0x6F, 0x6F, 0x6F, 0x6F, 0x6F, 0x6F, 0x6F, 0x6F, 0x6F, 0x6F, 0x6F, 0x6F, 0x6F, 0x6F, 0x6F,
    0x6F, 0x6F, 0x6F, 0x6F, 0x6F, 0x2D, 0x70, 0x14, 0x6F, 0x6F, 0x6F, 0x6F, 0x6F, 0x6F, 0x09, 0x6E, 0x6F, 0x6F, 0x6F, 0x6F, 0x6F, 0x6F, 0x6F, 0x6F, 0x6F, 0x6F, 0x6F, 0x6F, 0x6F, 0x6F, 0x6F, 0x6F,
    0x6F, 0x6F, 0x6F, 0x6F, 0x6F, 0x6F, 0x6F, 0x6F, 0x6F, 0x6F, 0x6F, 0x6F, 0x6F, 0x6F, 0x6F, 0x6F, 0x6F, 0x6F, 0x6F, 0x6F, 0x6F, 0x6F, 0x6F, 0x6F, 0x6F, 0x6F, 0x6F, 0x6F, 0x6F, 0x6F, 0x6F, 0x6F,
    0x69, 0x73, 0x73, 0x70, 0x6F, 0x6F, 0x6F, 0x6F, 0x70, 0x6F, 0x09, 0x6D, 0x24, 0x6F, 0x6F, 0x6F, 0x6F, 0x6F, 0x03, 0x68, 0x24, 0x6F, 0x6F, 0x6F, 0x6F, 0x6F, 0x5A, 0x27, 0x6F, 0x6F, 0x6F, 0x6F,
    0x6F, 0x6F, 0x6F, 0x6F, 0x6F, 0x6F, 0x6F, 0x6F, 0x6F, 0x6F, 0x6F, 0x6F, 0x6F, 0x6F, 0x6F, 0x6F, 0x6F, 0x6F, 0x6F, 0x6F, 0x6F, 0x6F, 0x6F, 0x6F, 0x6F, 0x6F, 0x6F, 0x6F, 0x6F, 0x6F, 0x6F, 0x6F,
    0x6F, 0x6F, 0x6F, 0x6F, 0x6F, 0x6F, 0x6F, 0x6F, 0x6F, 0x6F, 0x6F, 0x6F, 0x6F, 0x6F, 0x6F, 0x6F, 0x6F, 0x6F, 0x6F, 0x6F, 0x6F, 0x6F, 0x6F, 0x6F, 0x6F, 0x6F, 0x6F, 0x6F, 0x6F, 0x6F, 0x6F, 0x6F,
    0x6F, 0x6F, 0x6F, 0x6F, 0x6F, 0x6F, 0x6F, 0x6F, 0x6F, 0x6F, 0x6F, 0x6F, 0x6F, 0x6F, 0x6F, 0x6F, 0x6F, 0x6F, 0x6F, 0x6F, 0x6F, 0x6F, 0x6F, 0x6F, 0x6F, 0x6F, 0x6F, 0x6F, 0x6F, 0x6F, 0x6F, 0x6F,
    0x6F, 0x6F, 0x6F, 0x6F, 0x6F, 0x6F, 0x6F, 0x6F, 0x6F, 0x6F, 0x6F, 0x6F, 0x6F, 0x6F, 0x6F, 0x6F, 0x6F, 0x6F, 0x6F, 0x6F, 0x6F, 0x6F, 0x6F, 0x6F, 0x6F, 0x6F, 0x6F, 0x6F, 0x6F, 0x6F, 0x6F, 0x6F,
    0x6F, 0x6F, 0x6F, 0x6F, 0x6F, 0x6F, 0x6F, 0x6F, 0x6F, 0x6F, 0x6F, 0x6F, 0x6F, 0x6F, 0x6F, 0x6F, 0x6F, 0x6F, 0x6F, 0x6F, 0x6F, 0x6F, 0x6F, 0x6F, 0x6F, 0x6F, 0x6F, 0x6F, 0x6F, 0x6F, 0x6F, 0x6F,
    0x6F, 0x6F, 0x6F, 0x6F, 0x6F, 0x6F, 0x6F, 0x6F, 0x6F, 0x6F, 0x6F, 0x6F, 0x6F, 0x6F, 0x6F, 0x6F, 0x6F, 0x6F, 0x6F, 0x6F, 0x6F, 0x6F, 0x6F, 0x6F, 0x6F, 0x6F, 0x6F, 0x6F, 0x6F, 0x6F, 0x6F, 0x6F,
    0x6F, 0x6F, 0x6F, 0x6F, 0x6F, 0x6F, 0x6F, 0x6F, 0x6F, 0x6F, 0x6F, 0x6F, 0x6F, 0x6F, 0x6F, 0x6F, 0x6F, 0x6F, 0x6F, 0x6F, 0x6F, 0x6F, 0x6F, 0x6F, 0x6F, 0x6F, 0x6F, 0x6F, 0x6F, 0x6F, 0x6F, 0x6F,
    0x6F, 0x6F, 0x6F, 0x6F, 0x6F, 0x6F, 0x6F, 0x6F, 0x6F, 0x6F, 0x6F, 0x6F, 0x6F, 0x6F, 0x6F, 0x6F, 0x6F, 0x6F, 0x6F, 0x6F, 0x6F, 0x6F, 0x6F, 0x6F, 0x6F, 0x6F, 0x6F, 0x6F, 0x6F, 0x6F, 0x6F, 0x6F,
    0x6F, 0x6F, 0x6F, 0x6F, 0x6F, 0x6F, 0x6F, 0x6F, 0x6F, 0x6F, 0x6F, 0x6F, 0x6F, 0x6F, 0x6F, 0x6F, 0x6F, 0x6F, 0x6F, 0x6F, 0x6F, 0x6F, 0x6F, 0x6F, 0x6F, 0x6F, 0x6F, 0x6F, 0x6F, 0x6F, 0x6F, 0x6F,
    0x6F, 0x6F, 0x6F, 0x6F, 0x6F, 0x6F, 0x6F, 0x6F, 0x6F, 0x6F, 0x6F, 0x6F, 0x6F, 0x6F, 0x6F, 0x6F, 0x6F, 0x6F, 0x6F, 0x6F, 0x6F, 0x6F, 0x6F, 0x6F, 0x6F, 0x6F, 0x6F, 0x6F, 0x6F, 0x6F, 0x6F, 0x6F,
    0x6F, 0x6F, 0x6F, 0x6F, 0x6F, 0x6F, 0x6F, 0x6F, 0x6F, 0x6F, 0x6F, 0x6F, 0x6F, 0x6F, 0x6F, 0x6F, 0x6F, 0x6F, 0x6F, 0x6F, 0x6F, 0x6F, 0x6F, 0x6F, 0x6F, 0x6F, 0x6F, 0x6F, 0x6F, 0x6F, 0x6F, 0x6F,
    0x6F, 0x6F, 0x6F, 0x6F, 0x6F, 0x6F, 0x6F, 0x6F, 0x6F, 0x6F, 0x6F, 0x6F, 0x6F, 0x6F, 0x0F, 0x73, 0x6F, 0x6F, 0x6F, 0x6F, 0x6F, 0x6F, 0x0F, 0x73, 0x6F, 0x6F, 0x6F, 0x6F, 0x6F, 0x6F, 0x6F, 0x6F,
    0x6F, 0x6F, 0x6F, 0x6F, 0x6F, 0x6F, 0x6F, 0x6F, 0x6F, 0x6F, 0x6F, 0x6F, 0x6F, 0x6F, 0x6F, 0x6F, 0x6F, 0x6F, 0x6F, 0x6F, 0x6F, 0x6F, 0x6F, 0x6F, 0x6F, 0x6F, 0x6F, 0x6F, 0x6F, 0x6F, 0x6F, 0x6F,
    0x6F, 0x6F, 0x6F, 0x6F, 0x6F, 0x6F, 0x6F, 0x6F, 0x45, 0x6F, 0x6F, 0x6F, 0x6F, 0x6F, 0x6F, 0x6F, 0x45, 0x6F, 0x6F, 0x6F, 0x6F, 0x6F, 0x6F, 0x6F, 0x6F, 0x6F, 0x6F, 0x6F, 0x6F, 0x6F, 0x6F, 0x6F,
    0x6F, 0x6F, 0x6F, 0x6F, 0x6F, 0x6F, 0x6F, 0x6F, 0x6F, 0x6F, 0x6F, 0x6F, 0x6F, 0x6F, 0x6F, 0x6F, 0x6F, 0x6F, 0x6F, 0x6F, 0x6F, 0x6F, 0x6F, 0x6F, 0x6F, 0x6F, 0x6F, 0x6F, 0x6F, 0x6F, 0x6F, 0x6F,
    0x6F, 0x6F, 0x6F, 0x6F, 0x6F, 0x6F, 0x6F, 0x6F, 0x6F, 0x6F, 0x6F, 0x6F, 0x6F, 0x6F, 0x6F, 0x6F, 0x6F, 0x6F, 0x6F, 0x6F, 0x6F, 0x6F, 0x6F, 0x6F, 0x6F, 0x6F, 0x6F, 0x6F, 0x6F, 0x6F, 0x6F, 0x6F,
    0x6F, 0x6F, 0x6F, 0x6F, 0x6F, 0x6F, 0x6F, 0x6F, 0x6F, 0x6F, 0x6F, 0x6F, 0x6F, 0x6F, 0x6F, 0x6F, 0x6F, 0x6F, 0x6F, 0x6F, 0x6F, 0x6F, 0x6F, 0x6F, 0x6F, 0x6F, 0x6F, 0x6F, 0x6F, 0x6F, 0x6F, 0x6F,
    0x6F, 0x6F, 0x6F, 0x6F, 0x6F, 0x6F, 0x6F, 0x6F, 0x6F, 0x6F, 0x6F, 0x6F, 0x6F, 0x6F, 0x6F, 0x6F, 0x6F, 0x6F, 0x6F, 0x6F, 0x6F, 0x6F, 0x6F, 0x6F, 0x6F, 0x6F, 0x6F, 0x6F, 0x6F, 0x6F, 0x6F, 0x6F,
    0x6F, 0x6F, 0x6F, 0x6F, 0x6F, 0x6F, 0x6F, 0x6F, 0x6F, 0x6F, 0x6F, 0x6F, 0x6F, 0x6F, 0x6F, 0x6F, 0x6F, 0x6F, 0x6F, 0x6F, 0x6F, 0x6F, 0x6F, 0x6F, 0x6F, 0x6F, 0x6F, 0x6F, 0x6F, 0x6F, 0x6F, 0x6F,
    0x6F, 0x6F, 0x6F, 0x6F, 0x6F, 0x6F, 0x6F, 0x6F, 0x6F, 0x6F, 0x6F, 0x6F, 0x6F, 0x6F, 0x6F, 0x6F, 0x6F, 0x6F, 0x6F, 0x6F, 0x6F, 0x6F, 0x6F, 0x6F, 0x6F, 0x6F, 0x6F, 0x6F, 0x6F, 0x6F, 0x6F, 0x6F,
    0x6F, 0x6F, 0x6F, 0x6F, 0x6F, 0x6F, 0x6F, 0x6F, 0x6F, 0x6F, 0x6F, 0x6F, 0x6F, 0x6F, 0x6F, 0x6F, 0x6F, 0x6F, 0x6F, 0x6F, 0x6F, 0x6F, 0x6F, 0x6F, 0x6F, 0x6F, 0x6F, 0x6F, 0x6F, 0x6F, 0x6F, 0x6F,
    0x6F, 0x6F, 0x6F, 0x6F, 0x6F, 0x6F, 0x6F, 0x6F, 0x6F, 0x6F, 0x6F, 0x6F, 0x6F, 0x6F, 0x6F, 0x6F, 0x6F, 0x6F, 0x6F, 0x6F, 0x6F, 0x6F, 0x6F, 0x6F, 0x6F, 0x6F, 0x6F, 0x6F, 0x6F, 0x6F, 0x6F, 0x6F,
    0x6F, 0x6F, 0x6F, 0x6F, 0x6F, 0x6F, 0x6F, 0x6F, 0x6F, 0x6F, 0x6F, 0x6F, 0x6F, 0x6F, 0x6F, 0x6F, 0x6F, 0x6F, 0x6F, 0x6F, 0x6F, 0x6F, 0x6F, 0x6F, 0x6F, 0x6F, 0x6F, 0x6F, 0x6F, 0x6F, 0x6F, 0x6F,
    0x6F, 0x6F, 0x6F, 0x6F, 0x6F, 0x6F, 0x6F, 0x6F, 0x6F, 0x6F, 0x6F, 0x6F, 0x6F, 0x6F, 0x6F, 0x6F, 0x6F, 0x6F, 0x6F, 0x6F, 0x6F, 0x6F, 0x6F, 0x6F, 0x6F, 0x6F, 0x6F, 0x6F, 0x6F, 0x6F, 0x6F, 0x6F,
    0x6F, 0x6F, 0x6F, 0x6F, 0x6F, 0x6F, 0x6F, 0x6F, 0x6F, 0x6F, 0x6F, 0x6F, 0x6F, 0x6F, 0x6F, 0x6F, 0x6F, 0x6F, 0x6F, 0x6F, 0x6F, 0x6F, 0x6F, 0x6F, 0x6F, 0x6F, 0x6F, 0x6F, 0x6F, 0x6F, 0x6F, 0x6F,
    0x6F, 0x6F, 0x6F, 0x6F, 0x6F, 0x6F, 0x6F, 0x6F, 0x6F, 0x6F, 0x6F, 0x6F, 0x6F, 0x6F, 0x6F, 0x6F, 0x6F, 0x6F, 0x6F, 0x6F, 0x6F, 0x6F, 0x6F, 0x6F, 0x6F, 0x6F, 0x6F, 0x6F, 0x6F, 0x6F, 0x6F, 0x6F,
    0x6F, 0x6F, 0x6F, 0x6F, 0x6F, 0x6F, 0x6F, 0x6F, 0x6F, 0x6F, 0x6F, 0x6F, 0x6F, 0x6F, 0x6F, 0x6F, 0x6F, 0x6F, 0x6F, 0x6F, 0x6F, 0x6F, 0x6F, 0x6F, 0x6F, 0x6F, 0x6F, 0x6F, 0x6F, 0x6F, 0x6F, 0x6F,
    0x6F, 0x6F, 0x6F, 0x6F, 0x6F, 0x6F, 0x6F, 0x6F, 0x6F, 0x6F, 0x6F, 0x6F, 0x6F, 0x6F, 0x6F, 0x6F, 0x6F, 0x6F, 0x6F, 0x6F, 0x6F, 0x6F, 0x6F, 0x6F, 0x6F, 0x6F, 0x6F, 0x6F, 0x6F, 0x6F, 0x6F, 0x6F,
    0x6F, 0x6F, 0x6F, 0x6F, 0x6F, 0x6F, 0x6F, 0x6F, 0x6F, 0x6F, 0x6F, 0x6F, 0x6F, 0x6F, 0x6F, 0x6F, 0x6F, 0x6F, 0x6F, 0x6F, 0x6F, 0x6F, 0x6F, 0x6F, 0x6F, 0x6F, 0x6F, 0x6F, 0x6F, 0x6F, 0x6F, 0x6F,
    0x6F, 0x6F, 0x6F, 0x6F, 0x6F, 0x6F, 0x6F, 0x6F, 0x6F, 0x6F, 0x6F, 0x6F, 0x6F, 0x6F, 0x6F, 0x6F, 0x6F, 0x6F, 0x6F, 0x6F, 0x6F, 0x6F, 0x6F, 0x6F, 0x6F, 0x6F, 0x6F, 0x6F, 0x6F, 0x6F, 0x6F, 0x6F,
    0x6F, 0x6F, 0x6F, 0x6F, 0x6F, 0x6F, 0x6F, 0x6F, 0x6F, 0x6F, 0x6F, 0x6F, 0x6F, 0x6F, 0x6F, 0x6F, 0x6F, 0x6F, 0x6F, 0x6F, 0x6F, 0x6F, 0x6F, 0x6F, 0x6F, 0x6F, 0x6F, 0x6F, 0x6F, 0x6F, 0x6F, 0x6F,
    0x6F, 0x6F, 0x6F, 0x6F, 0x6F, 0x6F, 0x6F, 0x6F, 0x6F, 0x6F, 0x6F, 0x6F, 0x6F, 0x6F, 0x6F, 0x6F, 0x6F, 0x6F, 0x6F, 0x6F, 0x6F, 0x6F, 0x6F, 0x6F, 0x6F, 0x6F, 0x6F, 0x6F, 0x6F, 0x6F, 0x6F, 0x6F,
    0x6F, 0x6F, 0x6F, 0x6F, 0x6F, 0x6F, 0x6F, 0x6F, 0x6F, 0x6F, 0x6F, 0x6F, 0x6F, 0x6F, 0x6F, 0x6F, 0x6F, 0x6F, 0x6F, 0x6F, 0x6F, 0x6F, 0x6F, 0x6F, 0x6F, 0x6F, 0x6F, 0x6F, 0x6F, 0x6F, 0x6F, 0x6F,
    0x6F, 0x6F, 0x6F, 0x6F, 0x6F, 0x6F, 0x6F, 0x6F, 0x6F, 0x6F, 0x6F, 0x6F, 0x6F, 0x6F, 0x6F, 0x6F, 0x6F, 0x6F, 0x6F, 0x6F, 0x6F, 0x6F, 0x6F, 0x6F, 0x6F, 0x6F, 0x6F, 0x6F, 0x6F, 0x6F, 0x6F, 0x6F,
    0x6F, 0x6F, 0x6F, 0x6F, 0x6F, 0x6F, 0x6F, 0x6F, 0x6F, 0x6F, 0x6F, 0x6F, 0x6F, 0x6F, 0x6F, 0x6F, 0x6F, 0x6F, 0x6F, 0x6F, 0x6F, 0x6F, 0x6F, 0x6F, 0x6F, 0x6F, 0x6F, 0x6F, 0x6F, 0x6F, 0x6F, 0x6F,
    0x6F, 0x6F, 0x6F, 0x6F, 0x6F, 0x6F, 0x6F, 0x6F, 0x6F, 0x6F, 0x6F, 0x6F, 0x6F, 0x6F, 0x6F, 0x6F, 0x6F, 0x6F, 0x6F, 0x6F, 0x6F, 0x6F, 0x6F, 0x6F, 0x6F, 0x6F, 0x6F, 0x6F, 0x6F, 0x6F, 0x6F, 0x6F,
    0x6F, 0x6F, 0x6F, 0x6F, 0x6F, 0x6F, 0x6F, 0x6F, 0x6F, 0x6F, 0x6F, 0x6F, 0x6F, 0x6F, 0x6F, 0x6F, 0x6F, 0x6F, 0x6F, 0x6F, 0x6F, 0x6F, 0x6F, 0x6F, 0x6F, 0x6F, 0x6F, 0x6F, 0x6F, 0x6F, 0x6F, 0x6F,
    0x6F, 0x6F, 0x6F, 0x6F, 0x6F, 0x6F, 0x6F, 0x6F, 0x6F, 0x6F, 0x6F, 0x6F, 0x6F, 0x6F, 0x6F, 0x6F, 0x6F, 0x6F, 0x6F, 0x6F, 0x6F, 0x6F, 0x6F, 0x6F, 0x6F, 0x6F, 0x6F, 0x6F, 0x6F, 0x6F, 0x6F, 0x6F,
    0x6F, 0x6F, 0x6F, 0x6F, 0x6F, 0x6F, 0x6F, 0x6F, 0x6F, 0x6F, 0x6F, 0x6F, 0x6F, 0x6F, 0x6F, 0x6F, 0x6F, 0x6F, 0x6F, 0x6F, 0x6F, 0x6F, 0x6F, 0x6F, 0x6F, 0x6F, 0x6F, 0x6F, 0x6F, 0x6F, 0x6F, 0x6F,
    0x6F, 0x6F, 0x6F, 0x6F, 0x6F, 0x6F, 0x6F, 0x6F, 0x6F, 0x6F, 0x6F, 0x6F, 0x6F, 0x6F, 0x6F, 0x6F, 0x6F, 0x6F, 0x6F, 0x6F, 0x6F, 0x6F, 0x6F, 0x6F, 0x6F, 0x6F, 0x6F, 0x6F, 0x6F, 0x6F, 0x6F, 0x6F,
    0x6F, 0x6F, 0x6F, 0x6F, 0x6F, 0x6F, 0x6F, 0x6F, 0x6F, 0x6F, 0x6F, 0x6F, 0x6F, 0x6F, 0x6F, 0x6F, 0x6F, 0x6F, 0x6F, 0x6F, 0x6F, 0x6F, 0x6F, 0x6F, 0x6F, 0x6F, 0x6F, 0x6F, 0x6F, 0x6F, 0x6F, 0x6F,
    0x6F, 0x6F, 0x6F, 0x6F, 0x6F, 0x6F, 0x6F, 0x6F, 0x6F, 0x6F, 0x6F, 0x6F, 0x6F, 0x6F, 0x6F, 0x6F, 0x6F, 0x6F, 0x6F, 0x6F, 0x6F, 0x6F, 0x6F, 0x6F, 0x6F, 0x6F, 0x6F, 0x6F, 0x6F, 0x6F, 0x6F, 0x6F,
    0x6F, 0x6F, 0x6F, 0x6F, 0x6F, 0x6F, 0x6F, 0x6F, 0x6F, 0x6F, 0x6F, 0x6F, 0x6F, 0x6F, 0x6F, 0x6F, 0x6F, 0x6F, 0x6F, 0x6F, 0x6F, 0x6F, 0x6F, 0x6F, 0x6F, 0x6F, 0x6F, 0x6F, 0x6F, 0x6F, 0x6F, 0x6F,
    0x6F, 0x6F, 0x6F, 0x6F, 0x6F, 0x6F, 0x6F, 0x6F, 0x6F, 0x6F, 0x6F, 0x6F, 0x6F, 0x6F, 0x6F, 0x6F, 0x6F, 0x6F, 0x6F, 0x6F, 0x6F, 0x6F, 0x6F, 0x6F, 0x6F, 0x6F, 0x6F, 0x6F, 0x6F, 0x6F, 0x6F, 0x6F,
    0x6F, 0x6F, 0x6F, 0x6F, 0x6F, 0x6F, 0x6F, 0x6F, 0x6F, 0x6F, 0x6F, 0x6F, 0x6F, 0x6F, 0x6F, 0x6F, 0x6F, 0x6F, 0x6F, 0x6F, 0x6F, 0x6F, 0x6F, 0x6F, 0x6F, 0x6F, 0x6F, 0x6F, 0x6F, 0x6F, 0x6F, 0x6F,
    0x6F, 0x6F, 0x6F, 0x6F, 0x6F, 0x6F, 0x6F, 0x6F, 0x6F, 0x6F, 0x6F, 0x6F, 0x6F, 0x6F, 0x6F, 0x6F, 0x6F, 0x6F, 0x6F, 0x6F, 0x6F, 0x6F, 0x6F, 0x6F, 0x6F, 0x6F, 0x6F, 0x6F, 0x6F, 0x6F, 0x6F, 0x6F,
    0x6F, 0x6F, 0x6F, 0x6F, 0x6F, 0x6F, 0x6F, 0x6F, 0x6F, 0x6F, 0x6F, 0x6F, 0x6F, 0x6F, 0x6F, 0x6F, 0x6F, 0x6F, 0x6F, 0x6F, 0x6F, 0x6F, 0x6F, 0x6F, 0x6F, 0x6F, 0x6F, 0x6F, 0x6F, 0x6F, 0x6F, 0x6F,
    0x6F, 0x6F, 0x6F, 0x6F, 0x6F, 0x6F, 0x6F, 0x6F, 0x6F, 0x6F, 0x6F, 0x6F, 0x6F, 0x6F, 0x6F, 0x6F, 0x6F, 0x6F, 0x6F, 0x6F, 0x6F, 0x6F, 0x6F, 0x6F, 0x6F, 0x6F, 0x6F, 0x6F, 0x6F, 0x6F, 0x6F, 0x6F,
    0x6F, 0x6F, 0x6F, 0x6F, 0x6F, 0x6F, 0x6F, 0x6F, 0x6F, 0x6F, 0x6F, 0x6F, 0x6F, 0x6F, 0x6F, 0x6F, 0x6F, 0x6F, 0x6F, 0x6F, 0x6F, 0x6F, 0x6F, 0x6F, 0x6F, 0x6F, 0x6F, 0x6F, 0x6F, 0x6F, 0x6F, 0x6F,
    0x6F, 0x6F, 0x6F, 0x6F, 0x6F, 0x6F, 0x6F, 0x6F, 0x6F, 0x6F, 0x6F, 0x6F, 0x6F, 0x6F, 0x6F, 0x6F, 0x6F, 0x6F, 0x6F, 0x6F, 0x6F, 0x6F, 0x6F, 0x6F, 0x6F, 0x6F, 0x6F, 0x6F, 0x6F, 0x6F, 0x6F, 0x6F,
    0x6F, 0x6F, 0x6F, 0x6F, 0x6F, 0x6F, 0x6F, 0x6F, 0x6F, 0x6F, 0x6F, 0x6F, 0x6F, 0x6F, 0x6F, 0x6F, 0x6F, 0x6F, 0x6F, 0x6F, 0x6F, 0x6F, 0x6F, 0x6F, 0x6F, 0x6F, 0x6F, 0x6F, 0x6F, 0x6F, 0x6F, 0x6F,
    0x6F, 0x6F, 0x6F, 0x6F, 0x6F, 0x6F, 0x6F, 0x6F, 0x6F, 0x6F, 0x6F, 0x6F, 0x6F, 0x6F, 0x6F, 0x6F, 0x6F, 0x6F, 0x6F, 0x6F, 0x6F, 0x6F, 0x6F, 0x6F, 0x6F, 0x6F, 0x6F, 0x6F, 0x6F, 0x6F, 0x6F, 0x6F,
    0x6F, 0x6F, 0x6F, 0x6F, 0x6F, 0x6F, 0x6F, 0x6F, 0x6F, 0x6F, 0x6F, 0x6F, 0x6F, 0x6F, 0x6F, 0x6F, 0x6F, 0x6F, 0x6F, 0x6F, 0x6F, 0x6F, 0x6F, 0x6F, 0x6F, 0x6F, 0x6F, 0x6F, 0x6F, 0x6F, 0x6F, 0x6F,
    0x6F, 0x6F, 0x6F, 0x6F, 0x6F, 0x6F, 0x6F, 0x6F, 0x6F, 0x6F, 0x6F, 0x6F, 0x6F, 0x6F, 0x6F, 0x6F, 0x6F, 0x6F, 0x6F, 0x6F, 0x6F, 0x6F, 0x6F, 0x6F, 0x6F, 0x6F, 0x6F, 0x6F, 0x6F, 0x6F, 0x6F, 0x6F,
    0x6F, 0x6F, 0x6F, 0x6F, 0x6F, 0x6F, 0x6F, 0x6F, 0x6F, 0x6F, 0x6F, 0x6F, 0x6F, 0x6F, 0x6F, 0x6F, 0x6F, 0x6F, 0x6F, 0x6F, 0x6F, 0x6F, 0x6F, 0x6F, 0x6F, 0x6F, 0x6F, 0x6F, 0x6F, 0x6F, 0x6F, 0x6F,
    0x6F, 0x6F, 0x6F, 0x6F, 0x6F, 0x6F, 0x6F, 0x6F, 0x6F, 0x6F, 0x6F, 0x6F, 0x6F, 0x6F, 0x6F, 0x6F, 0x6F, 0x6F, 0x6F, 0x6F, 0x6F, 0x6F, 0x6F, 0x6F, 0x6F, 0x6F, 0x6F, 0x6F, 0x6F, 0x6F, 0x6F, 0x6F,
    0x6F, 0x6F, 0x6F, 0x6F, 0x6F, 0x6F, 0x6F, 0x6F, 0x6F, 0x6F, 0x6F, 0x6F, 0x6F, 0x6F, 0x6F, 0x6F, 0x6F, 0x6F, 0x6F, 0x6F, 0x6F, 0x6F, 0x6F, 0x6F, 0x6F, 0x6F, 0x6F, 0x6F, 0x6F, 0x6F, 0x6F, 0x6F,
    0x6F, 0x6F, 0x6F, 0x6F, 0x6F, 0x6F, 0x6F, 0x6F, 0x6F, 0x6F, 0x6F, 0x6F, 0x6F, 0x6F, 0x6F, 0x6F, 0x6F, 0x6F, 0x6F, 0x6F, 0x6F, 0x6F, 0x6F, 0x6F, 0x6F, 0x6F, 0x6F, 0x6F, 0x6F, 0x6F, 0x6F, 0x6F,
    0x6F, 0x6F, 0x6F, 0x6F, 0x6F, 0x6F, 0x6F, 0x6F, 0x6F, 0x6F, 0x6F, 0x6F, 0x6F, 0x6F, 0x6F, 0x6F, 0x6F, 0x6F, 0x6F, 0x6F, 0x6F, 0x6F, 0x6F, 0x6F, 0x6F, 0x6F, 0x6F, 0x6F, 0x6F, 0x6F, 0x6F, 0x6F,
    0x6F, 0x6F, 0x6F, 0x6F, 0x6F, 0x6F, 0x6F, 0x6F, 0x6F, 0x6F, 0x6F, 0x6F, 0x6F, 0x6F, 0x6F, 0x6F, 0x6F, 0x6F, 0x6F, 0x6F, 0x6F, 0x6F, 0x6F, 0x6F, 0x6F, 0x6F, 0x6F, 0x6F, 0x6F, 0x6F, 0x6F, 0x6F,
    0x6F, 0x6F, 0x6F, 0x6F, 0x6F, 0x6F, 0x6F, 0x6F, 0x6F, 0x6F, 0x6F, 0x6F, 0x6F, 0x6F, 0x6F, 0x6F, 0x6F, 0x6F, 0x6F, 0x6F, 0x6F, 0x6F, 0x6F, 0x6F, 0x6F, 0x6F, 0x6F, 0x6F, 0x6F, 0x6F, 0x6F, 0x6F,
    0x6F, 0x6F, 0x6F, 0x6F, 0x6F, 0x6F, 0x6F, 0x6F, 0x6F, 0x6F, 0x6F, 0x6F, 0x6F, 0x6F, 0x6F, 0x6F, 0x6F, 0x6F, 0x6F, 0x6F, 0x6F, 0x6F, 0x6F, 0x6F, 0x6F, 0x6F, 0x6F, 0x6F, 0x6F, 0x6F, 0x6F, 0x6F,
    0x6F, 0x6F, 0x6F, 0x6F, 0x6F, 0x6F, 0x6F, 0x6F, 0x6F, 0x6F, 0x6F, 0x6F, 0x6F, 0x6F, 0x6F, 0x6F, 0x6F, 0x6F, 0x6F, 0x6F, 0x6F, 0x6F, 0x6F, 0x6F, 0x6F, 0x6F, 0x6F, 0x6F, 0x6F, 0x6F, 0x6F, 0x6F,
    0x6F, 0x6F, 0x6F, 0x6F, 0x6F, 0x6F, 0x6F, 0x6F, 0x6F, 0x6F, 0x6F, 0x6F, 0x6F, 0x6F, 0x6F, 0x6F, 0x6F, 0x6F, 0x6F, 0x6F, 0x6F, 0x6F, 0x6F, 0x6F, 0x6F, 0x6F, 0x6F, 0x6F, 0x6F, 0x6F, 0x6F, 0x6F,
    0x6F, 0x6F, 0x6F, 0x6F, 0x6F, 0x6F, 0x6F, 0x6F, 0x6F, 0x6F, 0x6F, 0x6F, 0x6F, 0x6F, 0x6F, 0x6F, 0x6F, 0x6F, 0x6F, 0x6F, 0x6F, 0x6F, 0x6F, 0x6F, 0x6F, 0x6F, 0x6F, 0x6F, 0x6F, 0x6F, 0x6F, 0x6F,
    0x6F, 0x6F, 0x6F, 0x6F, 0x6F, 0x6F, 0x6F, 0x6F, 0x6F, 0x6F, 0x6F, 0x6F, 0x6F, 0x6F, 0x6F, 0x6F, 0x6F, 0x6F, 0x6F, 0x6F, 0x6F, 0x6F, 0x6F, 0x6F, 0x6F, 0x6F, 0x6F, 0x6F, 0x6F, 0x6F, 0x6F, 0x6F,
    0x6F, 0x6F, 0x6F, 0x6F, 0x6F, 0x6F, 0x6F, 0x6F, 0x6F, 0x6F, 0x6F, 0x6F, 0x6F, 0x6F, 0x6F, 0x6F, 0x6F, 0x6F, 0x6F, 0x6F, 0x6F, 0x6F, 0x6F, 0x6F, 0x6F, 0x6F, 0x6F, 0x6F, 0x6F, 0x6F, 0x6F, 0x6F,
    0x6F, 0x6F, 0x6F, 0x6F, 0x6F, 0x6F, 0x6F, 0x6F, 0x6F, 0x6F, 0x6F, 0x6F, 0x6F, 0x6F, 0x6F, 0x6F, 0x6F, 0x6F, 0x6F, 0x6F, 0x6F, 0x6F, 0x6F, 0x6F, 0x6F, 0x6F, 0x6F, 0x6F, 0x6F, 0x6F, 0x6F, 0x6F,
    0x6F, 0x6F, 0x6F, 0x6F, 0x6F, 0x6F, 0x6F, 0x6F, 0x6F, 0x6F, 0x6F, 0x6F, 0x6F, 0x6F, 0x6F, 0x6F, 0x6F, 0x6F, 0x6F, 0x6F, 0x6F, 0x6F, 0x6F, 0x6F, 0x6F, 0x6F, 0x6F, 0x6F, 0x6F, 0x6F, 0x6F, 0x6F,
    0x6F, 0x6F, 0x6F, 0x6F, 0x6F, 0x6F, 0x6F, 0x6F, 0x6F, 0x6F, 0x6F, 0x6F, 0x6F, 0x6F, 0x6F, 0x6F, 0x6F, 0x6F, 0x6F, 0x6F, 0x6F, 0x6F, 0x6F, 0x6F, 0x6F, 0x6F, 0x6F, 0x6F, 0x6F, 0x6F, 0x6F, 0x6F,
    0x6F, 0x6F, 0x6F, 0x6F, 0x6F, 0x6F, 0x6F, 0x6F, 0x6F, 0x6F, 0x6F, 0x6F, 0x6F, 0x6F, 0x6F, 0x6F, 0x6F, 0x6F, 0x6F, 0x6F, 0x6F, 0x6F, 0x6F, 0x6F, 0x6F, 0x6F, 0x6F, 0x6F, 0x6F, 0x6F, 0x6F, 0x6F,
    0x6F, 0x6F, 0x6F, 0x6F, 0x6F, 0x6F, 0x6F, 0x6F, 0x6F, 0x6F, 0x6F, 0x6F, 0x6F, 0x6F, 0x6F, 0x6F, 0x6F, 0x6F, 0x6F, 0x6F, 0x6F, 0x6F, 0x6F, 0x6F, 0x6F, 0x6F, 0x6F, 0x6F, 0x6F, 0x6F, 0x6F, 0x6F,
    0x6F, 0x6F, 0x6F, 0x6F, 0x6F, 0x6F, 0x6F, 0x6F, 0x6F, 0x6F, 0x6F, 0x6F, 0x6F, 0x6F, 0x6F, 0x6F, 0x6F, 0x6F, 0x6F, 0x6F, 0x6F, 0x6F, 0x6F, 0x6F, 0x6F, 0x6F, 0x6F, 0x6F, 0x6F, 0x6F, 0x6F, 0x6F,
    0x6F, 0x6F, 0x6F, 0x6F, 0x6F, 0x6F, 0x6F, 0x6F, 0x6F, 0x6F, 0x6F, 0x6F, 0x6F, 0x6F, 0x6F, 0x6F, 0x6F, 0x6F, 0x6F, 0x6F, 0x6F, 0x6F, 0x6F, 0x6F, 0x6F, 0x6F, 0x6F, 0x6F, 0x6F, 0x6F, 0x6F, 0x6F,
    0x6F, 0x6F, 0x6F, 0x6F, 0x6F, 0x6F, 0x6F, 0x6F, 0x6F, 0x6F, 0x6F, 0x6F, 0x6F, 0x6F, 0x6F, 0x6F, 0x6F, 0x6F, 0x6F, 0x6F, 0x6F, 0x6F, 0x6F, 0x6F, 0x6F, 0x6F, 0x6F, 0x6F, 0x6F, 0x6F, 0x6F, 0x6F,
    0x6F, 0x6F, 0x6F, 0x6F, 0x6F, 0x6F, 0x6F, 0x6F, 0x6F, 0x6F, 0x6F, 0x6F, 0x6F, 0x6F, 0x6F, 0x6F, 0x6F, 0x6F, 0x6F, 0x6F, 0x6F, 0x6F, 0x6F, 0x6F, 0x6F, 0x6F, 0x6F, 0x6F, 0x6F, 0x6F, 0x6F, 0x6F,
    0x6F, 0x6F, 0x6F, 0x6F, 0x6F, 0x6F, 0x6F, 0x6F, 0x6F, 0x6F, 0x6F, 0x6F, 0x6F, 0x6F, 0x6F, 0x6F, 0x6F, 0x6F, 0x6F, 0x6F, 0x6F, 0x6F, 0x6F, 0x6F, 0x6F, 0x6F, 0x6F, 0x6F, 0x6F, 0x6F, 0x6F, 0x6F,
    0x6F, 0x6F, 0x6F, 0x6F, 0x6F, 0x6F, 0x6F, 0x6F, 0x6F, 0x6F, 0x6F, 0x6F, 0x6F, 0x6F, 0x6F, 0x6F, 0x6F, 0x6F, 0x6F, 0x6F, 0x6F, 0x6F, 0x6F, 0x6F, 0x6F, 0x6F, 0x6F, 0x6F, 0x6F, 0x6F, 0x6F, 0x6F,
    0x6F, 0x6F, 0x6F, 0x6F, 0x6F, 0x6F, 0x6F, 0x6F, 0x6F, 0x6F, 0x6F, 0x6F, 0x6F, 0x6F, 0x6F, 0x6F, 0x6F, 0x6F, 0x6F, 0x6F, 0x6F, 0x6F, 0x6F, 0x6F, 0x6F, 0x6F, 0x6F, 0x6F, 0x6F, 0x6F, 0x6F, 0x6F,
    0x6F, 0x6F, 0x6F, 0x6F, 0x6F, 0x6F, 0x6F, 0x6F, 0x6F, 0x6F, 0x6F, 0x6F, 0x6F, 0x6F, 0x6F, 0x6F, 0x6F, 0x6F, 0x6F, 0x6F, 0x6F, 0x6F, 0x6F, 0x6F, 0x6F, 0x6F, 0x6F, 0x6F, 0x6F, 0x6F, 0x6F, 0x6F,
    0x6F, 0x6F, 0x6F, 0x6F, 0x6F, 0x6F, 0x6F, 0x6F, 0x6F, 0x6F, 0x6F, 0x6F, 0x6F, 0x6F, 0x6F, 0x6F, 0x6F, 0x6F, 0x6F, 0x6F, 0x6F, 0x6F, 0x6F, 0x6F, 0x6F, 0x6F, 0x6F, 0x6F, 0x6F, 0x6F, 0x6F, 0x6F,
    0x6F, 0x6F, 0x6F, 0x6F, 0x6F, 0x6F, 0x6F, 0x6F, 0x6F, 0x6F, 0x6F, 0x6F, 0x6F, 0x6F, 0x6F, 0x6F, 0x6F, 0x6F, 0x6F, 0x6F, 0x6F, 0x6F, 0x6F, 0x6F, 0x6F, 0x6F, 0x6F, 0x6F, 0x6F, 0x6F, 0x6F, 0x6F,
    0x6F, 0x6F, 0x6F, 0x6F, 0x6F, 0x6F, 0x6F, 0x6F, 0x6F, 0x6F, 0x6F, 0x6F, 0x6F, 0x6F, 0x6F, 0x6F, 0x6F, 0x6F, 0x6F, 0x6F, 0x6F, 0x6F, 0x6F, 0x6F, 0x6F, 0x6F, 0x6F, 0x6F, 0x6F, 0x6F, 0x6F, 0x6F,
    0x6F, 0x6F, 0x6F, 0x6F, 0x6F, 0x6F, 0x6F, 0x6F, 0x6F, 0x6F, 0x6F, 0x6F, 0x6F, 0x6F, 0x6F, 0x6F, 0x6F, 0x6F, 0x6F, 0x6F, 0x6F, 0x6F, 0x6F, 0x6F, 0x6F, 0x6F, 0x6F, 0x6F, 0x6F, 0x6F, 0x6F, 0x6F,
    0x6F, 0x6F, 0x6F, 0x6F, 0x6F, 0x6F, 0x6F, 0x6F, 0x6F, 0x6F, 0x6F, 0x6F, 0x6F, 0x6F, 0x6F, 0x6F, 0x6F, 0x6F, 0x6F, 0x6F, 0x6F, 0x6F, 0x6F, 0x6F, 0x6F, 0x6F, 0x6F, 0x6F, 0x6F, 0x6F, 0x6F, 0x6F,
    0x6F, 0x6F, 0x6F, 0x6F, 0x6F, 0x6F, 0x6F, 0x6F, 0x6F, 0x6F, 0x6F, 0x6F, 0x6F, 0x6F, 0x6F, 0x6F, 0x6F, 0x6F, 0x6F, 0x6F, 0x6F, 0x6F, 0x6F, 0x6F, 0x6F, 0x6F, 0x6F, 0x6F, 0x6F, 0x6F, 0x6F, 0x6F,
    0x6F, 0x6F, 0x6F, 0x6F, 0x6F, 0x6F, 0x6F, 0x6F, 0x6F, 0x6F, 0x6F, 0x6F, 0x6F, 0x6F, 0x6F, 0x6F, 0x6F, 0x6F, 0x6F, 0x6F, 0x6F, 0x6F, 0x6F, 0x6F, 0x6F, 0x6F, 0x6F, 0x6F, 0x6F, 0x6F, 0x6F, 0x6F,
    0x6F, 0x6F, 0x6F, 0x6F, 0x6F, 0x6F, 0x6F, 0x6F, 0x6F, 0x6F, 0x6F, 0x6F, 0x6F, 0x6F, 0x6F, 0x6F, 0x6F, 0x6F, 0x6F, 0x6F, 0x6F, 0x6F, 0x6F, 0x6F, 0x6F, 0x6F, 0x6F, 0x6F, 0x6F, 0x6F, 0x6F, 0x6F,
    0x6F, 0x6F, 0x6F, 0x6F, 0x6F, 0x6F, 0x6F, 0x6F, 0x6F, 0x6F, 0x6F, 0x6F, 0x6F, 0x6F, 0x6F, 0x6F, 0x6F, 0x6F, 0x6F, 0x6F, 0x6F, 0x6F, 0x6F, 0x6F, 0x6F, 0x6F, 0x6F, 0x6F, 0x6F, 0x6F, 0x6F, 0x6F,
    0x6F, 0x6F, 0x6F, 0x6F, 0x6F, 0x6F, 0x6F, 0x6F, 0x6F, 0x6F, 0x6F, 0x6F, 0x6F, 0x6F, 0x6F, 0x6F, 0x6F, 0x6F, 0x6F, 0x6F, 0x6F, 0x6F, 0x6F, 0x6F, 0x6F, 0x6F, 0x6F, 0x6F, 0x6F, 0x6F, 0x6F, 0x6F,
    0x6F, 0x6F, 0x6F, 0x6F, 0x6F, 0x6F, 0x6F, 0x6F, 0x6F, 0x6F, 0x6F, 0x6F, 0x6F, 0x6F, 0x6F, 0x6F, 0x6F, 0x6F, 0x6F, 0x6F, 0x6F, 0x6F, 0x6F, 0x6F, 0x6F, 0x6F, 0x6F, 0x6F, 0x6F, 0x6F, 0x6F, 0x6F,
    0x6F, 0x6F, 0x6F, 0x6F, 0x6F, 0x6F, 0x6F, 0x6F, 0x6F, 0x6F, 0x6F, 0x6F, 0x6F, 0x6F, 0x6F, 0x6F, 0x6F, 0x6F, 0x6F, 0x6F, 0x6F, 0x6F, 0x6F, 0x6F, 0x6F, 0x6F, 0x6F, 0x6F, 0x6F, 0x6F, 0x6F, 0x6F,
    0x6F, 0x6F, 0x6F, 0x6F, 0x6F, 0x6F, 0x6F, 0x6F, 0x6F, 0x6F, 0x6F, 0x6F, 0x6F, 0x6F, 0x6F, 0x6F, 0x6F, 0x6F, 0x6F, 0x6F, 0x6F, 0x6F, 0x6F, 0x6F, 0x6F, 0x6F, 0x6F, 0x6F, 0x6F, 0x6F, 0x6F, 0x6F,
    0x6F, 0x6F, 0x6F, 0x6F, 0x6F, 0x6F, 0x6F, 0x6F, 0x6F, 0x6F, 0x6F, 0x6F, 0x6F, 0x6F, 0x6F, 0x6F, 0x6F, 0x6F, 0x6F, 0x6F, 0x6F, 0x6F, 0x6F, 0x6F, 0x6F, 0x6F, 0x6F, 0x6F, 0x6F, 0x6F, 0x6F, 0x6F,
    0x6F, 0x6F, 0x6F, 0x6F, 0x6F, 0x6F, 0x6F, 0x6F, 0x6F, 0x6F, 0x6F, 0x6F, 0x6F, 0x6F, 0x6F, 0x6F, 0x6F, 0x6F, 0x6F, 0x6F, 0x6F, 0x6F, 0x6F, 0x6F, 0x6F, 0x6F, 0x6F, 0x6F, 0x6F, 0x6F, 0x6F, 0x6F,
    0x6F, 0x6F, 0x6F, 0x6F, 0x6F, 0x6F, 0x6F, 0x6F, 0x6F, 0x6F, 0x6F, 0x6F, 0x6F, 0x6F, 0x6F, 0x6F, 0x6F, 0x6F, 0x6F, 0x6F, 0x6F, 0x6F, 0x6F, 0x6F, 0x6F, 0x6F, 0x6F, 0x6F, 0x6F, 0x6F, 0x6F, 0x6F,
    0x6F, 0x6F, 0x6F, 0x6F, 0x6F, 0x6F, 0x6F, 0x6F, 0x6F, 0x6F, 0x6F, 0x6F, 0x6F, 0x6F, 0x6F, 0x6F, 0x6F, 0x6F, 0x6F, 0x6F, 0x6F, 0x6F, 0x6F, 0x6F, 0x6F, 0x6F, 0x6F, 0x6F, 0x6F, 0x6F, 0x6F, 0x6F,
    0x6F, 0x6F, 0x6F, 0x6F, 0x6F, 0x6F, 0x6F, 0x6F, 0x6F, 0x6F, 0x6F, 0x6F, 0x6F, 0x6F, 0x6F, 0x6F, 0x6F, 0x6F, 0x6F, 0x6F, 0x6F, 0x6F, 0x6F, 0x6F, 0x6F, 0x6F, 0x6F, 0x6F, 0x6F, 0x6F, 0x6F, 0x6F,
    0x6F, 0x6F, 0x6F, 0x6F, 0x6F, 0x6F, 0x6F, 0x6F, 0x6F, 0x6F, 0x6F, 0x6F, 0x6F, 0x6F, 0x6F, 0x6F, 0x6F, 0x6F, 0x6F, 0x6F, 0x6F, 0x6F, 0x6F, 0x6F, 0x6F, 0x6F, 0x6F, 0x6F, 0x6F, 0x6F, 0x6F, 0x6F,
    0x6F, 0x6F, 0x6F, 0x6F, 0x6F, 0x6F, 0x6F, 0x6F, 0x6F, 0x6F, 0x6F, 0x6F, 0x6F, 0x6F, 0x6F, 0x6F, 0x6F, 0x6F, 0x6F, 0x6F, 0x6F, 0x6F, 0x6F, 0x6F, 0x6F, 0x6F, 0x6F, 0x6F, 0x6F, 0x6F, 0x6F, 0x6F,
    0x6F, 0x6F, 0x6F, 0x6F, 0x6F, 0x6F, 0x6F, 0x6F, 0x6F, 0x6F, 0x6F, 0x6F, 0x6F, 0x6F, 0x6F, 0x6F, 0x6F, 0x6F, 0x6F, 0x6F, 0x6F, 0x6F, 0x6F, 0x6F, 0x6F, 0x6F, 0x6F, 0x6F, 0x6F, 0x6F, 0x6F, 0x6F,
    0x6F, 0x6F, 0x6F, 0x6F, 0x6F, 0x6F, 0x6F, 0x6F, 0x6F, 0x6F, 0x6F, 0x6F, 0x6F, 0x6F, 0x6F, 0x6F, 0x6F, 0x6F, 0x6F, 0x6F, 0x6F, 0x6F, 0x6F, 0x6F, 0x6F, 0x6F, 0x6F, 0x6F, 0x6F, 0x6F, 0x6F, 0x6F,
    0x6F, 0x6F, 0x6F, 0x6F, 0x6F, 0x6F, 0x6F, 0x6F, 0x6F, 0x6F, 0x6F, 0x6F, 0x6F, 0x6F, 0x6F, 0x6F, 0x6F, 0x6F, 0x6F, 0x6F, 0x6F, 0x6F, 0x6F, 0x6F, 0x6F, 0x6F, 0x6F, 0x6F, 0x6F, 0x6F, 0x6F, 0x6F,
    0x6F, 0x6F, 0x6F, 0x6F, 0x6F, 0x6F, 0x6F, 0x6F, 0x6F, 0x6F, 0x6F, 0x6F, 0x6F, 0x6F, 0x6F, 0x6F, 0x6F, 0x6F, 0x6F, 0x6F, 0x6F, 0x6F, 0x6F, 0x6F, 0x6F, 0x6F, 0x6F, 0x6F, 0x6F, 0x6F, 0x6F, 0x6F,
    0x6F, 0x6F, 0x6F, 0x6F, 0x6F, 0x6F, 0x6F, 0x6F, 0x6F, 0x6F, 0x6F, 0x6F, 0x6F, 0x6F, 0x6F, 0x6F, 0x6F, 0x6F, 0x6F, 0x6F, 0x6F, 0x6F, 0x6F, 0x6F, 0x6F, 0x6F, 0x6F, 0x6F, 0x6F, 0x6F, 0x6F, 0x6F,
    0x6F, 0x6F, 0x6F, 0x6F, 0x6F, 0x6F, 0x6F, 0x6F, 0x6F, 0x6F, 0x6F, 0x6F, 0x6F, 0x6F, 0x6F, 0x6F, 0x6F, 0x6F, 0x6F, 0x6F, 0x6F, 0x6F, 0x6F, 0x6F, 0x6F, 0x6F, 0x6F, 0x6F, 0x6F, 0x6F, 0x6F, 0x6F,
    0x6F, 0x6F, 0x6F, 0x6F, 0x6F, 0x6F, 0x6F, 0x6F, 0x6F, 0x6F, 0x6F, 0x6F, 0x6F, 0x6F, 0x6F, 0x6F, 0x6F, 0x6F, 0x6F, 0x6F, 0x6F, 0x6F, 0x6F, 0x6F, 0x6F, 0x6F, 0x6F, 0x6F, 0x6F, 0x6F, 0x6F, 0x6F,
    0x6F, 0x6F, 0x6F, 0x6F, 0x6F, 0x6F, 0x6F, 0x6F, 0x6F, 0x6F, 0x6F, 0x6F, 0x6F, 0x6F, 0x6F, 0x6F, 0x6F, 0x6F, 0x6F, 0x6F, 0x6F, 0x6F, 0x6F, 0x6F, 0x6F, 0x6F, 0x6F, 0x6F, 0x6F, 0x6F, 0x6F, 0x6F,
    0x6F, 0x6F, 0x6F, 0x6F, 0x6F, 0x6F, 0x6F, 0x6F, 0x6F, 0x6F, 0x6F, 0x6F, 0x6F, 0x6F, 0x6F, 0x6F, 0x6F, 0x6F, 0x6F, 0x6F, 0x6F, 0x6F, 0x6F, 0x6F, 0x6F, 0x6F, 0x6F, 0x6F, 0x6F, 0x6F, 0x6F, 0x6F,
    0x6F, 0x6F, 0x6F, 0x6F, 0x6F, 0x6F, 0x6F, 0x6F, 0x6F, 0x6F, 0x6F, 0x6F, 0x6F, 0x6F, 0x6F, 0x6F, 0x6F, 0x6F, 0x6F, 0x6F, 0x6F, 0x6F, 0x6F, 0x6F, 0x6F, 0x6F, 0x6F, 0x6F, 0x6F, 0x6F, 0x6F, 0x6F,
    0x6F, 0x6F, 0x6F, 0x6F, 0x6F, 0x6F, 0x6F, 0x6F, 0x6F, 0x6F, 0x6F, 0x6F, 0x6F, 0x6F, 0x6F, 0x6F, 0x6F, 0x6F, 0x6F, 0x6F, 0x6F, 0x6F, 0x6F, 0x6F, 0x6F, 0x6F, 0x6F, 0x6F, 0x6F, 0x6F, 0x6F, 0x6F,
    0x6F, 0x6F, 0x6F, 0x6F, 0x6F, 0x6F, 0x6F, 0x6F, 0x6F, 0x6F, 0x6F, 0x6F, 0x6F, 0x6F, 0x6F, 0x6F, 0x6F, 0x6F, 0x6F, 0x6F, 0x6F, 0x6F, 0x6F, 0x6F, 0x6F, 0x6F, 0x6F, 0x6F, 0x6F, 0x6F, 0x6F, 0x6F,
    0x6F, 0x6F, 0x6F, 0x6F, 0x6F, 0x6F, 0x6F, 0x6F, 0x6F, 0x6F, 0x6F, 0x6F, 0x6F, 0x6F, 0x6F, 0x6F, 0x6F, 0x6F, 0x6F, 0x6F, 0x6F, 0x6F, 0x6F, 0x6F, 0x6F, 0x6F, 0x6F, 0x6F, 0x6F, 0x6F, 0x6F, 0x6F,
    0x6F, 0x6F, 0x6F, 0x6F, 0x6F, 0x6F, 0x6F, 0x6F, 0x6F, 0x6F, 0x6F, 0x6F, 0x6F, 0x6F, 0x6F, 0x6F, 0x6F, 0x6F, 0x6F, 0x6F, 0x6F, 0x6F, 0x6F, 0x6F, 0x6F, 0x6F, 0x6F, 0x6F, 0x6F, 0x6F, 0x6F, 0x6F,
    0x6F, 0x6F, 0x6F, 0x6F, 0x6F, 0x6F, 0x6F, 0x6F, 0x6F, 0x6F, 0x6F, 0x6F, 0x6F, 0x6F, 0x6F, 0x6F, 0x6F, 0x6F, 0x6F, 0x6F, 0x6F, 0x6F, 0x6F, 0x6F, 0x6F, 0x6F, 0x6F, 0x6F, 0x6F, 0x6F, 0x6F, 0x6F,
    0x6F, 0x6F, 0x6F, 0x6F, 0x6F, 0x6F, 0x6F, 0x6F, 0x6F, 0x6F, 0x6F, 0x6F, 0x6F, 0x6F, 0x6F, 0x6F, 0x6F, 0x6F, 0x6F, 0x6F, 0x6F, 0x6F, 0x6F, 0x6F, 0x6F, 0x6F, 0x6F, 0x6F, 0x6F, 0x6F, 0x6F, 0x6F,
    0x6F, 0x6F, 0x6F, 0x6F, 0x6F, 0x6F, 0x6F, 0x6F, 0x6F, 0x6F, 0x6F, 0x6F, 0x6F, 0x6F, 0x6F, 0x6F, 0x6F, 0x6F, 0x6F, 0x6F, 0x6F, 0x6F, 0x6F, 0x6F, 0x6F, 0x6F, 0x6F, 0x6F, 0x6F, 0x6F, 0x6F, 0x6F,
    0x6F, 0x6F, 0x6F, 0x6F, 0x6F, 0x6F, 0x6F, 0x6F, 0x6F, 0x6F, 0x6F, 0x6F, 0x6F, 0x6F, 0x6F, 0x6F, 0x6F, 0x6F, 0x6F, 0x6F, 0x6F, 0x6F, 0x6F, 0x6F, 0x6F, 0x6F, 0x6F, 0x6F, 0x6F, 0x6F, 0x6F, 0x6F,
    0x6F, 0x6F, 0x6F, 0x6F, 0x6F, 0x6F, 0x6F, 0x6F, 0x6F, 0x6F, 0x6F, 0x6F, 0x6F, 0x6F, 0x6F, 0x6F, 0x6F, 0x6F, 0x6F, 0x6F, 0x6F, 0x6F, 0x6F, 0x6F, 0x6F, 0x6F, 0x6F, 0x6F, 0x6F, 0x6F, 0x6F, 0x6F,
    0x6F, 0x6F, 0x6F, 0x6F, 0x6F, 0x6F, 0x6F, 0x6F, 0x6F, 0x6F, 0x6F, 0x6F, 0x6F, 0x6F, 0x6F, 0x6F, 0x6F, 0x6F, 0x6F, 0x6F, 0x6F, 0x6F, 0x6F, 0x6F, 0x6F, 0x6F, 0x6F, 0x6F, 0x6F, 0x6F, 0x6F, 0x6F,
    0x6F, 0x6F, 0x6F, 0x6F, 0x6F, 0x6F, 0x6F, 0x6F, 0x6F, 0x6F, 0x6F, 0x6F, 0x6F, 0x6F, 0x6F, 0x6F, 0x6F, 0x6F, 0x6F, 0x6F, 0x6F, 0x6F, 0x6F, 0x6F, 0x6F, 0x6F, 0x6F, 0x6F, 0x6F, 0x6F, 0x6F, 0x6F,
    0x6F, 0x6F, 0x6F, 0x6F, 0x6F, 0x6F, 0x6F, 0x6F, 0x6F, 0x6F, 0x6F, 0x6F, 0x6F, 0x6F, 0x6F, 0x6F, 0x6F, 0x6F, 0x6F, 0x6F, 0x6F, 0x6F, 0x6F, 0x6F, 0x6F, 0x6F, 0x6F, 0x6F, 0x6F, 0x6F, 0x6F, 0x6F,
    0x6F, 0x6F, 0x6F, 0x6F, 0x6F, 0x6F, 0x6F, 0x6F, 0x6F, 0x6F, 0x6F, 0x6F, 0x6F, 0x6F, 0x6F, 0x6F, 0x6F, 0x6F, 0x6F, 0x6F, 0x6F, 0x6F, 0x6F, 0x6F, 0x6F, 0x6F, 0x6F, 0x6F, 0x6F, 0x6F, 0x6F, 0x6F,
    0x6F, 0x6F, 0x6F, 0x6F, 0x6F, 0x6F, 0x6F, 0x6F, 0x6F, 0x6F, 0x6F, 0x6F, 0x6F, 0x6F, 0x6F, 0x6F, 0x6F, 0x6F, 0x6F, 0x6F, 0x6F, 0x6F, 0x6F, 0x6F, 0x6F, 0x6F, 0x6F, 0x6F, 0x6F, 0x6F, 0x6F, 0x6F,
    0x6F, 0x6F, 0x6F, 0x6F, 0x6F, 0x6F, 0x6F, 0x6F, 0x6F, 0x6F, 0x6F, 0x6F, 0x6F, 0x6F, 0x6F, 0x6F, 0x6F, 0x6F, 0x6F, 0x6F, 0x6F, 0x6F, 0x6F, 0x6F, 0x6F, 0x6F, 0x6F, 0x6F, 0x6F, 0x6F, 0x6F, 0x6F,
    0x6F, 0x6F, 0x6F, 0x6F, 0x6F, 0x6F, 0x6F, 0x6F, 0x6F, 0x6F, 0x6F, 0x6F, 0x6F, 0x6F, 0x6F, 0x6F, 0x6F, 0x6F, 0x6F, 0x6F, 0x6F, 0x6F, 0x6F, 0x6F, 0x6F, 0x6F, 0x6F, 0x6F, 0x6F, 0x6F, 0x6F, 0x6F,
    0x6F, 0x6F, 0x6F, 0x6F, 0x6F, 0x6F, 0x6F, 0x6F, 0x6F, 0x6F, 0x6F, 0x6F, 0x6F, 0x6F, 0x6F, 0x6F, 0x6F, 0x6F, 0x6F, 0x6F, 0x6F, 0x6F, 0x6F, 0x6F, 0x6F, 0x6F, 0x6F, 0x6F, 0x73, 0x73, 0x73, 0x73,
    0x6F, 0x6F, 0x6F, 0x6F, 0x6F, 0x6F, 0x6F, 0x6F, 0x6F, 0x6F, 0x6F, 0x6F, 0x6F, 0x6F, 0x6F, 0x6F, 0x6F, 0x6F, 0x6F, 0x6F, 0x6F, 0x6F, 0x6F, 0x6F, 0x6F, 0x6F, 0x6F, 0x6F, 0x6F, 0x6F, 0x6F, 0x6F,
    0x6F, 0x6F, 0x6F, 0x6F, 0x6F, 0x6F, 0x6F, 0x6F, 0x6F, 0x6F, 0x6F, 0x6F, 0x6F, 0x6F, 0x6F, 0x6F, 0x6F, 0x6F, 0x6F, 0x6F, 0x6F, 0x6F, 0x6F, 0x6F, 0x73, 0x73, 0x73, 0x73, 0x73, 0x73, 0x73, 0x73,
    0x6F, 0x6F, 0x6F, 0x6F, 0x6F, 0x6F, 0x6F, 0x6F, 0x6F, 0x6F, 0x6F, 0x6F, 0x6F, 0x6F, 0x6F, 0x6F, 0x6F, 0x6F, 0x6F, 0x6F, 0x6F, 0x6F, 0x6F, 0x6F, 0x6F, 0x6F, 0x6F, 0x6F, 0x6F, 0x6F, 0x6F, 0x6F,
    0x6F, 0x6F, 0x6F, 0x6F, 0x6F, 0x6F, 0x6F, 0x6F, 0x6F, 0x6F, 0x6F, 0x6F, 0x6F, 0x6F, 0x6F, 0x6F, 0x6F, 0x6F, 0x6F, 0x6F, 0x6F, 0x6F, 0x6F, 0x6F, 0x73, 0x73, 0x73, 0x73, 0x73, 0x73, 0x73, 0x73,
    0x6F, 0x6F, 0x6F, 0x6F, 0x6F, 0x6F, 0x6F, 0x6F, 0x6F, 0x6F, 0x6F, 0x6F, 0x6F, 0x6F, 0x6F, 0x6F, 0x6F, 0x6F, 0x6F, 0x6F, 0x6F, 0x6F, 0x6F, 0x6F, 0x6F, 0x6F, 0x6F, 0x6F, 0x6F, 0x6F, 0x6F, 0x6F,
    0x6F, 0x6F, 0x6F, 0x6F, 0x6F, 0x6F, 0x6F, 0x6F, 0x6F, 0x6F, 0x6F, 0x6F, 0x6F, 0x6F, 0x6F, 0x6F, 0x6F, 0x6F, 0x6F, 0x6F, 0x6F, 0x6F, 0x6F, 0x6F, 0x73, 0x73, 0x73, 0x73, 0x73, 0x73, 0x73, 0x73,
    0x6F, 0x6F, 0x6F, 0x6F, 0x6F, 0x6F, 0x6F, 0x6F, 0x6F, 0x6F, 0x6F, 0x6F, 0x6F, 0x6F, 0x6F, 0x6F, 0x6F, 0x6F, 0x6F, 0x6F, 0x6F, 0x6F, 0x6F, 0x6F, 0x6F, 0x6F, 0x6F, 0x6F, 0x6F, 0x6F, 0x6F, 0x6F,
    0x6F, 0x6F, 0x6F, 0x6F, 0x6F, 0x6F, 0x6F, 0x6F, 0x6F, 0x6F, 0x6F, 0x6F, 0x6F, 0x6F, 0x6F, 0x6F, 0x6F, 0x6F, 0x6F, 0x6F, 0x6F, 0x6F, 0x6F, 0x6F, 0x73, 0x73, 0x73, 0x73, 0x73, 0x73, 0x73, 0x73,
    0x6F, 0x6F, 0x6F, 0x6F, 0x6F, 0x6F, 0x6F, 0x6F, 0x6F, 0x6F, 0x6F, 0x6F, 0x6F, 0x6F, 0x6F, 0x6F, 0x6F, 0x6F, 0x6F, 0x6F, 0x6F, 0x6F, 0x6F, 0x6F, 0x6F, 0x6F, 0x6F, 0x6F, 0x6F, 0x6F, 0x6F, 0x6F,
    0x6F, 0x6F, 0x6F, 0x6F, 0x6F, 0x6F, 0x6F, 0x6F, 0x6F, 0x6F, 0x6F, 0x6F, 0x6F, 0x6F, 0x6F, 0x6F, 0x6F, 0x6F, 0x6F, 0x6F, 0x6F, 0x6F, 0x6F, 0x6F, 0x73, 0x73, 0x73, 0x73, 0x73, 0x73, 0x73, 0x73,
    0x6F, 0x6F, 0x6F, 0x6F, 0x6F, 0x6F, 0x6F, 0x6F, 0x6F, 0x6F, 0x6F, 0x6F, 0x6F, 0x6F, 0x6F, 0x6F, 0x6F, 0x6F, 0x6F, 0x6F, 0x6F, 0x6F, 0x6F, 0x6F, 0x6F, 0x6F, 0x6F, 0x6F, 0x6F, 0x6F, 0x6F, 0x6F,
    0x6F, 0x6F, 0x6F, 0x6F, 0x6F, 0x6F, 0x6F, 0x6F, 0x6F, 0x6F, 0x6F, 0x6F, 0x6F, 0x6F, 0x6F, 0x6F, 0x6F, 0x6F, 0x6F, 0x6F, 0x6F, 0x6F, 0x6F, 0x6F, 0x73, 0x73, 0x73, 0x73, 0x73, 0x73, 0x73, 0x73,
    0x6F, 0x6F, 0x6F, 0x6F, 0x6F, 0x6F, 0x6F, 0x6F, 0x6F, 0x6F, 0x6F, 0x6F, 0x6F, 0x6F, 0x6F, 0x6F, 0x6F, 0x6F, 0x6F, 0x6F, 0x6F, 0x6F, 0x6F, 0x6F, 0x6F, 0x6F, 0x6F, 0x6F, 0x6F, 0x6F, 0x6F, 0x6F,
    0x6F, 0x6F, 0x6F, 0x6F, 0x6F, 0x6F, 0x6F, 0x6F, 0x6F, 0x6F, 0x6F, 0x6F, 0x6F, 0x6F, 0x6F, 0x6F, 0x6F, 0x6F, 0x6F, 0x6F, 0x6F, 0x6F, 0x6F, 0x6F, 0x73, 0x73, 0x73, 0x73, 0x6F, 0x6F, 0x6F, 0x6F,
    0x6F, 0x6F, 0x6F, 0x6F, 0x6F, 0x6F, 0x6F, 0x6F, 0x6F, 0x6F, 0x6F, 0x6F, 0x6F, 0x6F, 0x6F, 0x6F, 0x6F, 0x6F, 0x6F, 0x6F, 0x6F, 0x6F, 0x6F, 0x6F, 0x6F, 0x6F, 0x6F, 0x6F, 0x6F, 0x6F, 0x6F, 0x6F,
    0x6F, 0x6F, 0x6F, 0x6F, 0x6F, 0x6F, 0x6F, 0x6F, 0x6F, 0x6F, 0x6F, 0x6F, 0x6F, 0x6F, 0x6F, 0x6F, 0x6F, 0x6F, 0x6F, 0x6F, 0x6F, 0x6F, 0x6F, 0x6F, 0x6F, 0x6F, 0x6F, 0x6F, 0x6F, 0x6F, 0x6F, 0x6F,
    0x6F, 0x6F, 0x6F, 0x6F, 0x6F, 0x6F, 0x6F, 0x6F, 0x6F, 0x6F, 0x6F, 0x6F, 0x6F, 0x6F, 0x6F, 0x6F, 0x6F, 0x6F, 0x6F, 0x6F, 0x6F, 0x6F, 0x6F, 0x6F, 0x6F, 0x6F, 0x6F, 0x6F, 0x6F, 0x6F, 0x6F, 0x6F,
    0x6F, 0x6F, 0x6F, 0x6F, 0x6F, 0x6F, 0x6F, 0x6F, 0x6F, 0x6F, 0x6F, 0x6F, 0x6F, 0x6F, 0x6F, 0x6F, 0x6F, 0x6F, 0x6F, 0x6F, 0x6F, 0x6F, 0x6F, 0x6F, 0x6F, 0x6F, 0x6F, 0x6F, 0x6F, 0x6F, 0x6F, 0x6F,
    0x6F, 0x6F, 0x6F, 0x6F, 0x6F, 0x6F, 0x6F, 0x6F, 0x6F, 0x6F, 0x6F, 0x6F, 0x6F, 0x6F, 0x6F, 0x6F, 0x6F, 0x6F, 0x6F, 0x6F, 0x6F, 0x6F, 0x6F, 0x6F, 0x6F, 0x6F, 0x6F, 0x6F, 0x6F, 0x6F, 0x6F, 0x6F,
    0x6F, 0x6F, 0x6F, 0x6F, 0x6F, 0x6F, 0x6F, 0x6F, 0x6F, 0x6F, 0x6F, 0x6F, 0x6F, 0x6F, 0x6F, 0x6F, 0x6F, 0x6F, 0x6F, 0x6F, 0x6F, 0x6F, 0x6F, 0x6F, 0x6F, 0x6F, 0x6F, 0x6F, 0x6F, 0x6F, 0x6F, 0x6F,
    0x6F, 0x6F, 0x6F, 0x6F, 0x6F, 0x6F, 0x6F, 0x6F, 0x6F, 0x6F, 0x6F, 0x6F, 0x6F, 0x6F, 0x6F, 0x6F, 0x6F, 0x6F, 0x6F, 0x6F, 0x6F, 0x6F, 0x6F, 0x6F, 0x6F, 0x6F, 0x6F, 0x6F, 0x6F, 0x6F, 0x6F, 0x6F,
    0x6F, 0x6F, 0x6F, 0x6F, 0x6F, 0x6F, 0x6F, 0x6F, 0x6F, 0x6F, 0x6F, 0x6F, 0x6F, 0x6F, 0x6F, 0x6F, 0x6F, 0x6F, 0x6F, 0x6F, 0x6F, 0x6F, 0x6F, 0x6F, 0x6F, 0x6F, 0x6F, 0x6F, 0x6F, 0x6F, 0x6F, 0x6F,
    0x6F, 0x6F, 0x6F, 0x6F, 0x6F, 0x6F, 0x6F, 0x6F, 0x6F, 0x6F, 0x6F, 0x6F, 0x6F, 0x6F, 0x6F, 0x6F, 0x6F, 0x6F, 0x6F, 0x6F, 0x6F, 0x6F, 0x6F, 0x6F, 0x6F, 0x6F, 0x6F, 0x6F, 0x6F, 0x6F, 0x6F, 0x6F,
    0x6F, 0x6F, 0x6F, 0x6F, 0x6F, 0x6F, 0x6F, 0x6F, 0x6F, 0x6F, 0x6F, 0x6F, 0x6F, 0x6F, 0x6F, 0x6F, 0x6F, 0x6F, 0x6F, 0x6F, 0x6F, 0x6F, 0x6F, 0x6F, 0x6F, 0x6F, 0x6F, 0x6F, 0x6F, 0x6F, 0x6F, 0x6F,
    0x6F, 0x6F, 0x6F, 0x6F, 0x6F, 0x6F, 0x6F, 0x6F, 0x6F, 0x6F, 0x6F, 0x6F, 0x6F, 0x6F, 0x6F, 0x6F, 0x6F, 0x6F, 0x6F, 0x6F, 0x6F, 0x6F, 0x6F, 0x6F, 0x6F, 0x6F, 0x6F, 0x6F, 0x6F, 0x6F, 0x6F, 0x6F,
    0x6F, 0x6F, 0x6F, 0x6F, 0x6F, 0x6F, 0x6F, 0x6F, 0x6F, 0x6F, 0x6F, 0x6F, 0x6F, 0x6F, 0x6F, 0x6F, 0x6F, 0x6F, 0x6F, 0x6F, 0x6F, 0x6F, 0x6F, 0x6F, 0x6F, 0x6F, 0x6F, 0x6F, 0x6F, 0x6F, 0x6F, 0x6F,
    0x6F, 0x6F, 0x6F, 0x6F, 0x6F, 0x6F, 0x6F, 0x6F, 0x6F, 0x6F, 0x6F, 0x6F, 0x6F, 0x6F, 0x6F, 0x6F, 0x6F, 0x6F, 0x6F, 0x6F, 0x6F, 0x6F, 0x6F, 0x6F, 0x6F, 0x6F, 0x6F, 0x6F, 0x6F, 0x6F, 0x6F, 0x6F,
    0x6F, 0x6F, 0x6F, 0x6F, 0x6F, 0x6F, 0x6F, 0x6F, 0x6F, 0x6F, 0x6F, 0x6F, 0x6F, 0x6F, 0x6F, 0x6F, 0x6F, 0x6F, 0x6F, 0x6F, 0x6F, 0x6F, 0x6F, 0x6F, 0x6F, 0x6F, 0x6F, 0x6F, 0x6F, 0x6F, 0x6F, 0x6F,
    0x6F, 0x6F, 0x6F, 0x6F, 0x6F, 0x6F, 0x6F, 0x6F, 0x6F, 0x6F, 0x6F, 0x6F, 0x6F, 0x6F, 0x6F, 0x6F, 0x6F, 0x6F, 0x6F, 0x6F, 0x6F, 0x6F, 0x6F, 0x6F, 0x6F, 0x6F, 0x6F, 0x6F, 0x6F, 0x6F, 0x6F, 0x6F,
    0x6F, 0x6F, 0x6F, 0x6F, 0x6F, 0x6F, 0x6F, 0x6F, 0x6F, 0x6F, 0x6F, 0x6F, 0x6F, 0x6F, 0x6F, 0x6F, 0x6F, 0x6F, 0x6F, 0x6F, 0x6F, 0x6F, 0x6F, 0x6F, 0x6F, 0x6F, 0x6F, 0x6F, 0x6F, 0x6F, 0x6F, 0x6F,
    0x6F, 0x6F, 0x6F, 0x6F, 0x6F, 0x6F, 0x6F, 0x6F, 0x6F, 0x6F, 0x6F, 0x6F, 0x6F, 0x6F, 0x6F, 0x6F, 0x6F, 0x6F, 0x6F, 0x6F, 0x6F, 0x6F, 0x6F, 0x6F, 0x6F, 0x6F, 0x6F, 0x6F, 0x6F, 0x6F, 0x6F, 0x6F,
    0x6F, 0x6F, 0x6F, 0x6F, 0x6F, 0x6F, 0x6F, 0x6F, 0x6F, 0x6F, 0x6F, 0x6F, 0x6F, 0x6F, 0x6F, 0x6F, 0x6F, 0x6F, 0x6F, 0x6F, 0x6F, 0x6F, 0x6F, 0x6F, 0x6F, 0x6F, 0x6F, 0x6F, 0x6F, 0x6F, 0x6F, 0x6F,
    0x6F, 0x6F, 0x6F, 0x6F, 0x6F, 0x6F, 0x6F, 0x6F, 0x6F, 0x6F, 0x6F, 0x6F, 0x6F, 0x6F, 0x6F, 0x6F, 0x6F, 0x6F, 0x6F, 0x6F, 0x6F, 0x6F, 0x6F, 0x6F, 0x6F, 0x6F, 0x6F, 0x6F, 0x6F, 0x6F, 0x6F, 0x6F,
    0x6F, 0x6F, 0x6F, 0x6F, 0x6F, 0x6F, 0x6F, 0x6F, 0x6F, 0x6F, 0x6F, 0x6F, 0x6F, 0x6F, 0x6F, 0x6F, 0x6F, 0x6F, 0x6F, 0x6F, 0x6F, 0x6F, 0x6F, 0x6F, 0x6F, 0x6F, 0x6F, 0x6F, 0x6F, 0x6F, 0x6F, 0x6F,
    0x6F, 0x6F, 0x6F, 0x6F, 0x6F, 0x6F, 0x6F, 0x6F, 0x6F, 0x6F, 0x6F, 0x6F, 0x6F, 0x6F, 0x6F, 0x6F, 0x6F, 0x6F, 0x6F, 0x6F, 0x6F, 0x6F, 0x6F, 0x6F, 0x6F, 0x6F, 0x6F, 0x6F, 0x6F, 0x6F, 0x6F, 0x6F,
    0x6F, 0x6F, 0x6F, 0x6F, 0x6F, 0x6F, 0x6F, 0x6F, 0x6F, 0x6F, 0x6F, 0x6F, 0x6F, 0x6F, 0x6F, 0x6F, 0x6F, 0x6F, 0x6F, 0x6F, 0x6F, 0x6F, 0x6F, 0x6F, 0x6F, 0x6F, 0x6F, 0x6F, 0x6F, 0x6F, 0x6F, 0x6F,
    0x6F, 0x6F, 0x6F, 0x6F, 0x6F, 0x6F, 0x6F, 0x6F, 0x6F, 0x6F, 0x6F, 0x6F, 0x6F, 0x6F, 0x6F, 0x6F, 0x6F, 0x6F, 0x6F, 0x6F, 0x6F, 0x6F, 0x6F, 0x6F, 0x6F, 0x6F, 0x6F, 0x6F, 0x6F, 0x6F, 0x6F, 0x6F,
    0x6F, 0x6F, 0x6F, 0x6F, 0x6F, 0x6F, 0x6F, 0x6F, 0x6F, 0x6F, 0x6F, 0x6F, 0x6F, 0x6F, 0x6F, 0x6F, 0x6F, 0x6F, 0x6F, 0x6F, 0x6F, 0x6F, 0x6F, 0x6F, 0x6F, 0x6F, 0x6F, 0x6F, 0x6F, 0x6F, 0x6F, 0x6F,
    0x6F, 0x6F, 0x6F, 0x6F, 0x6F, 0x6F, 0x6F, 0x6F, 0x6F, 0x6F, 0x6F, 0x6F, 0x6F, 0x6F, 0x6F, 0x6F, 0x6F, 0x6F, 0x6F, 0x6F, 0x6F, 0x6F, 0x6F, 0x6F, 0x6F, 0x6F, 0x6F, 0x6F, 0x6F, 0x6F, 0x6F, 0x6F,
    0x6F, 0x6F, 0x6F, 0x6F, 0x6F, 0x6F, 0x6F, 0x6F, 0x6F, 0x6F, 0x6F, 0x6F, 0x6F, 0x6F, 0x6F, 0x6F, 0x6F, 0x6F, 0x6F, 0x6F, 0x6F, 0x6F, 0x6F, 0x6F, 0x6F, 0x6F, 0x6F, 0x6F, 0x6F, 0x6F, 0x6F, 0x6F,
    0x6F, 0x6F, 0x6F, 0x6F, 0x6F, 0x6F, 0x6F, 0x6F, 0x6F, 0x6F, 0x6F, 0x6F, 0x6F, 0x6F, 0x6F, 0x6F, 0x6F, 0x6F, 0x6F, 0x6F, 0x6F, 0x6F, 0x6F, 0x6F, 0x6F, 0x6F, 0x6F, 0x6F, 0x6F, 0x6F, 0x6F, 0x6F,
    0x6F, 0x6F, 0x6F, 0x6F, 0x6F, 0x6F, 0x6F, 0x6F, 0x6F, 0x6F, 0x6F, 0x6F, 0x6F, 0x6F, 0x6F, 0x6F, 0x6F, 0x6F, 0x6F, 0x6F, 0x6F, 0x6F, 0x6F, 0x6F, 0x6F, 0x6F, 0x6F, 0x6F, 0x6F, 0x6F, 0x6F, 0x6F,
    0x6F, 0x6F, 0x6F, 0x6F, 0x6F, 0x6F, 0x6F, 0x6F, 0x6F, 0x6F, 0x6F, 0x6F, 0x6F, 0x6F, 0x6F, 0x6F, 0x6F, 0x6F, 0x6F, 0x6F, 0x6F, 0x6F, 0x6F, 0x6F, 0x6F, 0x6F, 0x6F, 0x6F, 0x6F, 0x6F, 0x6F, 0x6F,
    0x6F, 0x6F, 0x6F, 0x6F, 0x6F, 0x6F, 0x6F, 0x6F, 0x6F, 0x6F, 0x6F, 0x6F, 0x6F, 0x6F, 0x6F, 0x6F, 0x6F, 0x6F, 0x6F, 0x6F, 0x6F, 0x6F, 0x6F, 0x6F, 0x6F, 0x6F, 0x6F, 0x6F, 0x6F, 0x6F, 0x6F, 0x6F,
    0x6F, 0x6F, 0x6F, 0x6F, 0x6F, 0x6F, 0x6F, 0x6F, 0x6F, 0x6F, 0x6F, 0x6F, 0x6F, 0x6F, 0x6F, 0x6F, 0x6F, 0x6F, 0x6F, 0x6F, 0x6F, 0x6F, 0x6F, 0x6F, 0x6F, 0x6F, 0x6F, 0x6F, 0x6F, 0x6F, 0x6F, 0x6F,
    0x6F, 0x6F, 0x6F, 0x6F, 0x6F, 0x6F, 0x6F, 0x6F, 0x6F, 0x6F, 0x6F, 0x6F, 0x6F, 0x6F, 0x6F, 0x6F, 0x6F, 0x6F, 0x6F, 0x6F, 0x6F, 0x6F, 0x6F, 0x6F, 0x6F, 0x6F, 0x6F, 0x6F, 0x6F, 0x6F, 0x6F, 0x6F,
    0x6F, 0x6F, 0x6F, 0x6F, 0x6F, 0x6F, 0x6F, 0x6F, 0x6F, 0x6F, 0x6F, 0x6F, 0x6F, 0x6F, 0x6F, 0x6F, 0x6F, 0x6F, 0x6F, 0x6F, 0x6F, 0x6F, 0x6F, 0x6F, 0x6F, 0x6F, 0x6F, 0x6F, 0x6F, 0x6F, 0x6F, 0x6F,
    0x6F, 0x6F, 0x6F, 0x6F, 0x6F, 0x6F, 0x6F, 0x6F, 0x6F, 0x6F, 0x6F, 0x6F, 0x6F, 0x6F, 0x6F, 0x6F, 0x6F, 0x6F, 0x6F, 0x6F, 0x6F, 0x6F, 0x6F, 0x6F, 0x6F, 0x6F, 0x6F, 0x6F, 0x6F, 0x6F, 0x6F, 0x6F,
    0x6F, 0x6F, 0x6F, 0x6F, 0x6F, 0x6F, 0x6F, 0x6F, 0x6F, 0x6F, 0x6F, 0x6F, 0x6F, 0x6F, 0x6F, 0x6F, 0x6F, 0x6F, 0x6F, 0x6F, 0x6F, 0x6F, 0x6F, 0x6F, 0x6F, 0x6F, 0x6F, 0x6F, 0x6F, 0x6F, 0x6F, 0x6F,
    0x6F, 0x6F, 0x6F, 0x6F, 0x6F, 0x6F, 0x6F, 0x6F, 0x6F, 0x6F, 0x6F, 0x6F, 0x6F, 0x6F, 0x6F, 0x6F, 0x6F, 0x6F, 0x6F, 0x6F, 0x6F, 0x6F, 0x6F, 0x6F, 0x6F, 0x6F, 0x6F, 0x6F, 0x6F, 0x6F, 0x6F, 0x6F,
    0x6F, 0x6F, 0x6F, 0x6F, 0x6F, 0x6F, 0x6F, 0x6F, 0x6F, 0x6F, 0x6F, 0x6F, 0x6F, 0x6F, 0x6F, 0x6F, 0x6F, 0x6F, 0x6F, 0x6F, 0x6F, 0x6F, 0x6F, 0x6F, 0x6F, 0x6F, 0x6F, 0x6F, 0x6F, 0x6F, 0x6F, 0x6F,
    0x6F, 0x6F, 0x6F, 0x6F, 0x6F, 0x6F, 0x6F, 0x6F, 0x6F, 0x6F, 0x6F, 0x6F, 0x6F, 0x6F, 0x6F, 0x6F, 0x6F, 0x6F, 0x6F, 0x6F, 0x6F, 0x6F, 0x6F, 0x6F, 0x6F, 0x6F, 0x6F, 0x6F, 0x6F, 0x6F, 0x6F, 0x6F,
    0x6F, 0x6F, 0x6F, 0x6F, 0x6F, 0x6F, 0x6F, 0x6F, 0x6F, 0x6F, 0x6F, 0x6F, 0x6F, 0x6F, 0x6F, 0x6F, 0x6F, 0x6F, 0x6F, 0x6F, 0x6F, 0x6F, 0x6F, 0x6F, 0x6F, 0x6F, 0x6F, 0x6F, 0x6F, 0x6F, 0x6F, 0x6F,
    0x6F, 0x6F, 0x6F, 0x6F, 0x6F, 0x6F, 0x6F, 0x6F, 0x6F, 0x6F, 0x6F, 0x6F, 0x6F, 0x6F, 0x6F, 0x6F, 0x6F, 0x6F, 0x6F, 0x6F, 0x6F, 0x6F, 0x6F, 0x6F, 0x6F, 0x6F, 0x6F, 0x6F, 0x6F, 0x6F, 0x6F, 0x6F,
    0x6F, 0x6F, 0x6F, 0x6F, 0x6F, 0x6F, 0x6F, 0x6F, 0x6F, 0x6F, 0x6F, 0x6F, 0x6F, 0x6F, 0x6F, 0x6F, 0x6F, 0x6F, 0x6F, 0x6F, 0x6F, 0x6F, 0x6F, 0x6F, 0x6F, 0x6F, 0x6F, 0x6F, 0x6F, 0x6F, 0x6F, 0x6F,
    0x6F, 0x6F, 0x6F, 0x6F, 0x6F, 0x6F, 0x6F, 0x6F, 0x6F, 0x6F, 0x6F, 0x6F, 0x6F, 0x6F, 0x6F, 0x6F, 0x6F, 0x6F, 0x6F, 0x6F, 0x6F, 0x6F, 0x6F, 0x6F, 0x6F, 0x6F, 0x6F, 0x6F, 0x6F, 0x6F, 0x6F, 0x6F,
    0x6F, 0x6F, 0x6F, 0x6F, 0x6F, 0x6F, 0x6F, 0x6F, 0x6F, 0x6F, 0x6F, 0x6F, 0x6F, 0x6F, 0x6F, 0x6F, 0x6F, 0x6F, 0x6F, 0x6F, 0x6F, 0x6F, 0x6F, 0x6F, 0x6F, 0x6F, 0x6F, 0x6F, 0x6F, 0x6F, 0x6F, 0x6F,
    0x6F, 0x6F, 0x6F, 0x6F, 0x6F, 0x6F, 0x6F, 0x6F, 0x6F, 0x6F, 0x6F, 0x6F, 0x6F, 0x6F, 0x6F, 0x6F, 0x6F, 0x6F, 0x6F, 0x6F, 0x6F, 0x6F, 0x6F, 0x6F, 0x6F, 0x6F, 0x6F, 0x6F, 0x6F, 0x6F, 0x6F, 0x6F,
    0x6F, 0x6F, 0x6F, 0x6F, 0x6F, 0x6F, 0x6F, 0x6F, 0x6F, 0x6F, 0x6F, 0x6F, 0x6F, 0x6F, 0x6F, 0x6F, 0x6F, 0x6F, 0x6F, 0x6F, 0x6F, 0x6F, 0x6F, 0x6F, 0x6F, 0x6F, 0x6F, 0x6F, 0x6F, 0x6F, 0x6F, 0x6F,
    0x6F, 0x6F, 0x6F, 0x6F, 0x6F, 0x6F, 0x6F, 0x6F, 0x6F, 0x6F, 0x6F, 0x6F, 0x6F, 0x6F, 0x6F, 0x6F, 0x6F, 0x6F, 0x6F, 0x6F, 0x6F, 0x6F, 0x6F, 0x6F, 0x6F, 0x6F, 0x6F, 0x6F, 0x6F, 0x6F, 0x6F, 0x6F,
    0x6F, 0x6F, 0x6F, 0x6F, 0x6F, 0x6F, 0x6F, 0x6F, 0x6F, 0x6F, 0x6F, 0x6F, 0x6F, 0x6F, 0x6F, 0x6F, 0x6F, 0x6F, 0x6F, 0x6F, 0x6F, 0x6F, 0x6F, 0x6F, 0x6F, 0x6F, 0x6F, 0x6F, 0x6F, 0x6F, 0x6F, 0x6F,
    0x6F, 0x6F, 0x6F, 0x6F, 0x6F, 0x6F, 0x6F, 0x6F, 0x6F, 0x6F, 0x6F, 0x6F, 0x6F, 0x6F, 0x6F, 0x6F, 0x6F, 0x6F, 0x6F, 0x6F, 0x6F, 0x6F, 0x6F, 0x6F, 0x6F, 0x6F, 0x6F, 0x6F, 0x6F, 0x6F, 0x6F, 0x6F,
    0x6F, 0x6F, 0x6F, 0x6F, 0x6F, 0x6F, 0x6F, 0x6F, 0x6F, 0x6F, 0x6F, 0x6F, 0x6F, 0x6F, 0x6F, 0x6F, 0x6F, 0x6F, 0x6F, 0x6F, 0x6F, 0x6F, 0x6F, 0x6F, 0x6F, 0x6F, 0x6F, 0x6F, 0x6F, 0x6F, 0x6F, 0x6F,
    0x6F, 0x6F, 0x6F, 0x6F, 0x6F, 0x6F, 0x6F, 0x6F, 0x6F, 0x6F, 0x6F, 0x6F, 0x6F, 0x6F, 0x6F, 0x6F, 0x6F, 0x6F, 0x6F, 0x6F, 0x6F, 0x6F, 0x6F, 0x6F, 0x6F, 0x6F, 0x6F, 0x6F, 0x6F, 0x6F, 0x6F, 0x6F,
    0x6F, 0x6F, 0x6F, 0x6F, 0x6F, 0x6F, 0x6F, 0x6F, 0x6F, 0x6F, 0x6F, 0x6F, 0x6F, 0x6F, 0x6F, 0x6F, 0x6F, 0x6F, 0x6F, 0x6F, 0x6F, 0x6F, 0x6F, 0x6F, 0x6F, 0x6F, 0x6F, 0x6F, 0x6F, 0x6F, 0x6F, 0x6F,
    0x6F, 0x6F, 0x6F, 0x6F, 0x6F, 0x6F, 0x6F, 0x6F, 0x6F, 0x6F, 0x6F, 0x6F, 0x6F, 0x6F, 0x6F, 0x6F, 0x6F, 0x6F, 0x6F, 0x6F, 0x6F, 0x6F, 0x6F, 0x6F, 0x6F, 0x6F, 0x6F, 0x6F, 0x6F, 0x6F, 0x6F, 0x6F,
    0x6F, 0x6F, 0x6F, 0x6F, 0x6F, 0x6F, 0x6F, 0x6F, 0x6F, 0x6F, 0x6F, 0x6F, 0x6F, 0x6F, 0x6F, 0x6F, 0x6F, 0x6F, 0x6F, 0x6F, 0x6F, 0x6F, 0x6F, 0x6F, 0x6F, 0x6F, 0x6F, 0x6F, 0x6F, 0x6F, 0x6F, 0x6F,
    0x6F, 0x6F, 0x6F, 0x6F, 0x6F, 0x6F, 0x6F, 0x6F, 0x6F, 0x6F, 0x6F, 0x6F, 0x6F, 0x6F, 0x6F, 0x6F, 0x6F, 0x6F, 0x6F, 0x6F, 0x6F, 0x6F, 0x6F, 0x6F, 0x6F, 0x6F, 0x6F, 0x6F, 0x6F, 0x6F, 0x6F, 0x6F,
    0x6F, 0x6F, 0x6F, 0x6F, 0x6F, 0x6F, 0x6F, 0x6F, 0x6F, 0x6F, 0x6F, 0x6F, 0x6F, 0x6F, 0x6F, 0x6F, 0x6F, 0x6F, 0x6F, 0x6F, 0x6F, 0x6F, 0x6F, 0x6F, 0x6F, 0x6F, 0x6F, 0x6F, 0x6F, 0x6F, 0x6F, 0x6F,
    0x6F, 0x6F, 0x6F, 0x6F, 0x6F, 0x6F, 0x6F, 0x6F, 0x6F, 0x6F, 0x6F, 0x6F, 0x6F, 0x6F, 0x6F, 0x6F, 0x6F, 0x6F, 0x6F, 0x6F, 0x6F, 0x6F, 0x6F, 0x6F, 0x6F, 0x6F, 0x6F, 0x6F, 0x6F, 0x6F, 0x6F, 0x6F,
    0x6F, 0x6F, 0x6F, 0x6F, 0x6F, 0x6F, 0x6F, 0x6F, 0x6F, 0x6F, 0x6F, 0x6F, 0x6F, 0x6F, 0x6F, 0x6F, 0x6F, 0x6F, 0x6F, 0x6F, 0x6F, 0x6F, 0x6F, 0x6F, 0x6F, 0x6F, 0x6F, 0x6F, 0x6F, 0x6F, 0x6F, 0x6F,
    0x6F, 0x6F, 0x6F, 0x6F, 0x6F, 0x6F, 0x6F, 0x6F, 0x6F, 0x6F, 0x6F, 0x6F, 0x6F, 0x6F, 0x6F, 0x6F, 0x6F, 0x6F, 0x6F, 0x6F, 0x6F, 0x6F, 0x6F, 0x6F, 0x6F, 0x6F, 0x6F, 0x6F, 0x6F, 0x6F, 0x6F, 0x6F,
    0x6F, 0x6F, 0x6F, 0x6F, 0x6F, 0x6F, 0x6F, 0x6F, 0x6F, 0x6F, 0x6F, 0x6F, 0x6F, 0x6F, 0x6F, 0x6F, 0x6F, 0x6F, 0x6F, 0x6F, 0x6F, 0x6F, 0x6F, 0x6F, 0x6F, 0x6F, 0x6F, 0x6F, 0x6F, 0x6F, 0x6F, 0x6F,
    0x6F, 0x6F, 0x6F, 0x6F, 0x6F, 0x6F, 0x6F, 0x6F, 0x6F, 0x6F, 0x6F, 0x6F, 0x6F, 0x6F, 0x6F, 0x6F, 0x6F, 0x6F, 0x6F, 0x6F, 0x6F, 0x6F, 0x6F, 0x6F, 0x6F, 0x6F, 0x6F, 0x6F, 0x6F, 0x6F, 0x6F, 0x6F,
    0x6F, 0x6F, 0x6F, 0x6F, 0x6F, 0x6F, 0x6F, 0x6F, 0x6F, 0x6F, 0x6F, 0x6F, 0x6F, 0x6F, 0x6F, 0x6F, 0x6F, 0x6F, 0x6F, 0x6F, 0x6F, 0x6F, 0x6F, 0x6F, 0x6F, 0x6F, 0x6F, 0x6F, 0x6F, 0x6F, 0x6F, 0x6F,
    0x6F, 0x6F, 0x6F, 0x6F, 0x6F, 0x6F, 0x6F, 0x6F, 0x6F, 0x6F, 0x6F, 0x6F, 0x6F, 0x6F, 0x6F, 0x6F, 0x6F, 0x6F, 0x6F, 0x6F, 0x6F, 0x6F, 0x6F, 0x6F, 0x6F, 0x6F, 0x6F, 0x6F, 0x6F, 0x6F, 0x6F, 0x6F,
    0x6F, 0x6F, 0x6F, 0x6F, 0x6F, 0x6F, 0x6F, 0x6F, 0x6F, 0x6F, 0x6F, 0x6F, 0x6F, 0x6F, 0x6F, 0x6F, 0x6F, 0x6F, 0x6F, 0x6F, 0x6F, 0x6F, 0x6F, 0x6F, 0x6F, 0x6F, 0x6F, 0x6F, 0x6F, 0x6F, 0x6F, 0x6F,
    0x6F, 0x6F, 0x6F, 0x6F, 0x6F, 0x6F, 0x6F, 0x6F, 0x6F, 0x6F, 0x6F, 0x6F, 0x6F, 0x6F, 0x6F, 0x6F, 0x6F, 0x6F, 0x6F, 0x6F, 0x6F, 0x6F, 0x6F, 0x6F, 0x6F, 0x6F, 0x6F, 0x6F, 0x6F, 0x6F, 0x6F, 0x6F,
    0x6F, 0x6F, 0x6F, 0x6F, 0x6F, 0x6F, 0x6F, 0x6F, 0x6F, 0x6F, 0x6F, 0x6F, 0x6F, 0x6F, 0x6F, 0x6F, 0x6F, 0x6F, 0x6F, 0x6F, 0x6F, 0x6F, 0x6F, 0x6F, 0x6F, 0x6F, 0x6F, 0x6F, 0x6F, 0x6F, 0x6F, 0x6F,
    0x6F, 0x6F, 0x6F, 0x6F, 0x6F, 0x6F, 0x6F, 0x6F, 0x6F, 0x6F, 0x6F, 0x6F, 0x6F, 0x6F, 0x6F, 0x6F, 0x6F, 0x6F, 0x6F, 0x6F, 0x6F, 0x6F, 0x6F, 0x6F, 0x6F, 0x6F, 0x6F, 0x6F, 0x6F, 0x6F, 0x6F, 0x6F,
    0x6F, 0x6F, 0x6F, 0x6F, 0x6F, 0x6F, 0x6F, 0x6F, 0x6F, 0x6F, 0x6F, 0x6F, 0x6F, 0x6F, 0x6F, 0x6F, 0x6F, 0x6F, 0x6F, 0x6F, 0x6F, 0x6F, 0x6F, 0x6F, 0x6F, 0x6F, 0x6F, 0x6F, 0x6F, 0x6F, 0x6F, 0x6F,
    0x6F, 0x6F, 0x6F, 0x6F, 0x6F, 0x6F, 0x6F, 0x6F, 0x6F, 0x6F, 0x6F, 0x6F, 0x6F, 0x6F, 0x6F, 0x6F, 0x6F, 0x6F, 0x6F, 0x6F, 0x6F, 0x6F, 0x6F, 0x6F, 0x6F, 0x6F, 0x6F, 0x6F, 0x6F, 0x6F, 0x6F, 0x6F,
    0x6F, 0x6F, 0x6F, 0x6F, 0x6F, 0x6F, 0x6F, 0x6F, 0x6F, 0x6F, 0x6F, 0x6F, 0x6F, 0x6F, 0x6F, 0x6F, 0x6F, 0x6F, 0x6F, 0x6F, 0x6F, 0x6F, 0x6F, 0x6F, 0x6F, 0x6F, 0x6F, 0x6F, 0x6F, 0x6F, 0x6F, 0x6F,
    0x6F, 0x6F, 0x6F, 0x6F, 0x6F, 0x6F, 0x6F, 0x6F, 0x6F, 0x6F, 0x6F, 0x6F, 0x6F, 0x6F, 0x6F, 0x6F, 0x6F, 0x6F, 0x6F, 0x6F, 0x6F, 0x6F, 0x6F, 0x6F, 0x6F, 0x6F, 0x6F, 0x6F, 0x6F, 0x6F, 0x6F, 0x6F,
    0x6F, 0x6F, 0x6F, 0x6F, 0x6F, 0x6F, 0x6F, 0x6F, 0x6F, 0x6F, 0x6F, 0x6F, 0x6F, 0x6F, 0x6F, 0x6F, 0x6F, 0x6F, 0x6F, 0x6F, 0x6F, 0x6F, 0x6F, 0x6F, 0x6F, 0x6F, 0x6F, 0x6F, 0x6F, 0x6F, 0x6F, 0x6F,
    0x6F, 0x6F, 0x6F, 0x6F, 0x6F, 0x6F, 0x6F, 0x6F, 0x6F, 0x6F, 0x6F, 0x6F, 0x6F, 0x6F, 0x6F, 0x6F, 0x6F, 0x6F, 0x6F, 0x6F, 0x6F, 0x6F, 0x6F, 0x6F, 0x6F, 0x6F, 0x6F, 0x6F, 0x6F, 0x6F, 0x6F, 0x6F,
    0x6F, 0x6F, 0x6F, 0x6F, 0x6F, 0x6F, 0x6F, 0x6F, 0x6F, 0x6F, 0x6F, 0x6F, 0x6F, 0x6F, 0x6F, 0x6F, 0x6F, 0x6F, 0x6F, 0x6F, 0x6F, 0x6F, 0x6F, 0x6F, 0x6F, 0x6F, 0x6F, 0x6F, 0x6F, 0x6F, 0x6F, 0x6F,
    0x6F, 0x6F, 0x6F, 0x6F, 0x6F, 0x6F, 0x6F, 0x6F, 0x6F, 0x6F, 0x6F, 0x6F, 0x6F, 0x6F, 0x6F, 0x6F, 0x6F, 0x6F, 0x6F, 0x6F, 0x6F, 0x6F, 0x6F, 0x6F, 0x6F, 0x6F, 0x6F, 0x6F, 0x6F, 0x6F, 0x6F, 0x6F,
    0x6F, 0x6F, 0x6F, 0x6F, 0x6F, 0x6F, 0x6F, 0x6F, 0x6F, 0x6F, 0x6F, 0x6F, 0x6F, 0x6F, 0x6F, 0x6F, 0x6F, 0x6F, 0x6F, 0x6F, 0x6F, 0x6F, 0x6F, 0x6F, 0x6F, 0x6F, 0x6F, 0x6F, 0x6F, 0x6F, 0x6F, 0x6F,
    0x6F, 0x6F, 0x6F, 0x6F, 0x6F, 0x6F, 0x6F, 0x6F, 0x6F, 0x6F, 0x6F, 0x6F, 0x6F, 0x6F, 0x6F, 0x6F, 0x6F, 0x6F, 0x6F, 0x6F, 0x6F, 0x6F, 0x6F, 0x6F, 0x6F, 0x6F, 0x6F, 0x6F, 0x6F, 0x6F, 0x6F, 0x6F,
    0x6F, 0x6F, 0x6F, 0x6F, 0x6F, 0x6F, 0x6F, 0x6F, 0x6F, 0x6F, 0x6F, 0x6F, 0x6F, 0x6F, 0x6F, 0x6F, 0x6F, 0x6F, 0x6F, 0x6F, 0x6F, 0x6F, 0x6F, 0x6F, 0x6F, 0x6F, 0x6F, 0x6F, 0x6F, 0x6F, 0x6F, 0x6F,
    0x6F, 0x6F, 0x6F, 0x6F, 0x6F, 0x6F, 0x6F, 0x6F, 0x6F, 0x6F, 0x6F, 0x6F, 0x6F, 0x6F, 0x6F, 0x6F, 0x6F, 0x6F, 0x6F, 0x6F, 0x6F, 0x6F, 0x6F, 0x6F, 0x6F, 0x6F, 0x6F, 0x6F, 0x6F, 0x6F, 0x6F, 0x6F,
    0x6F, 0x6F, 0x6F, 0x6F, 0x6F, 0x6F, 0x6F, 0x6F, 0x6F, 0x6F, 0x6F, 0x6F, 0x6F, 0x6F, 0x6F, 0x6F, 0x6F, 0x6F, 0x6F, 0x6F, 0x6F, 0x6F, 0x6F, 0x6F, 0x6F, 0x6F, 0x6F, 0x6F, 0x6F, 0x6F, 0x6F, 0x6F,
    0x6F, 0x6F, 0x6F, 0x6F, 0x6F, 0x6F, 0x6F, 0x6F, 0x6F, 0x6F, 0x6F, 0x6F, 0x6F, 0x6F, 0x6F, 0x6F, 0x6F, 0x6F, 0x6F, 0x6F, 0x6F, 0x6F, 0x6F, 0x6F, 0x6F, 0x6F, 0x6F, 0x6F, 0x6F, 0x6F, 0x6F, 0x6F,
    0x6F, 0x6F, 0x6F, 0x6F, 0x6F, 0x6F, 0x6F, 0x6F, 0x6F, 0x6F, 0x6F, 0x6F, 0x6F, 0x6F, 0x6F, 0x6F, 0x6F, 0x6F, 0x6F, 0x6F, 0x6F, 0x6F, 0x6F, 0x6F, 0x6F, 0x6F, 0x6F, 0x6F, 0x6F, 0x6F, 0x6F, 0x6F,
    0x6F, 0x6F, 0x6F, 0x6F, 0x6F, 0x6F, 0x6F, 0x6F, 0x6F, 0x6F, 0x6F, 0x6F, 0x6F, 0x6F, 0x6F, 0x6F, 0x6F, 0x6F, 0x6F, 0x6F, 0x6F, 0x6F, 0x6F, 0x6F, 0x6F, 0x6F, 0x6F, 0x6F, 0x6F, 0x6F, 0x6F, 0x6F,
    0x6F, 0x6F, 0x6F, 0x6F, 0x6F, 0x6F, 0x6F, 0x6F, 0x6F, 0x6F, 0x6F, 0x6F, 0x6F, 0x6F, 0x6F, 0x6F, 0x6F, 0x6F, 0x6F, 0x6F, 0x6F, 0x6F, 0x6F, 0x6F, 0x6F, 0x6F, 0x6F, 0x6F, 0x6F, 0x6F, 0x6F, 0x6F,
    0x6F, 0x6F, 0x6F, 0x6F, 0x6F, 0x6F, 0x6F, 0x6F, 0x6F, 0x6F, 0x6F, 0x6F, 0x6F, 0x6F, 0x6F, 0x6F, 0x6F, 0x6F, 0x6F, 0x6F, 0x6F, 0x6F, 0x6F, 0x6F, 0x6F, 0x6F, 0x6F, 0x6F, 0x6F, 0x6F, 0x6F, 0x6F,
    0x6F, 0x6F, 0x6F, 0x6F, 0x6F, 0x6F, 0x6F, 0x6F, 0x6F, 0x6F, 0x6F, 0x6F, 0x6F, 0x6F, 0x6F, 0x6F, 0x6F, 0x6F, 0x6F, 0x6F, 0x6F, 0x6F, 0x6F, 0x6F, 0x6F, 0x6F, 0x6F, 0x6F, 0x6F, 0x6F, 0x6F, 0x6F,
    0x6F, 0x6F, 0x6F, 0x6F, 0x6F, 0x6F, 0x6F, 0x6F, 0x6F, 0x6F, 0x6F, 0x6F, 0x6F, 0x6F, 0x6F, 0x6F, 0x6F, 0x6F, 0x6F, 0x6F, 0x6F, 0x6F, 0x6F, 0x6F, 0x6F, 0x6F, 0x6F, 0x6F, 0x6F, 0x6F, 0x6F, 0x6F,
    0x6F, 0x6F, 0x6F, 0x6F, 0x6F, 0x6F, 0x6F, 0x6F, 0x6F, 0x6F, 0x6F, 0x6F, 0x6F, 0x6F, 0x6F, 0x6F, 0x6F, 0x6F, 0x6F, 0x6F, 0x6F, 0x6F, 0x6F, 0x6F, 0x6F, 0x6F, 0x6F, 0x6F, 0x6F, 0x6F, 0x6F, 0x6F,
    0x6F, 0x6F, 0x6F, 0x6F, 0x6F, 0x6F, 0x6F, 0x6F, 0x6F, 0x6F, 0x6F, 0x6F, 0x6F, 0x6F, 0x6F, 0x6F, 0x6F, 0x6F, 0x6F, 0x6F, 0x6F, 0x6F, 0x6F, 0x6F, 0x6F, 0x6F, 0x6F, 0x6F, 0x6F, 0x73, 0x73, 0x73,
    0x6F, 0x6F, 0x6F, 0x6F, 0x6F, 0x6F, 0x6F, 0x6F, 0x6F, 0x6F, 0x6F, 0x6F, 0x6F, 0x6F, 0x6F, 0x6F, 0x6F, 0x6F, 0x6F, 0x6F, 0x6F, 0x6F, 0x6F, 0x6F, 0x6F, 0x6F, 0x6F, 0x6F, 0x6F, 0x6F, 0x6F, 0x6F,
    0x6F, 0x6F, 0x6F, 0x6F, 0x6F, 0x6F, 0x6F, 0x6F, 0x6F, 0x6F, 0x6F, 0x6F, 0x6F, 0x6F, 0x73, 0x73, 0x6F, 0x6F, 0x73, 0x73, 0x73, 0x73, 0x73, 0x73, 0x73, 0x73, 0x73, 0x73, 0x73, 0x73, 0x73, 0x73,
    0x6F, 0x6F, 0x6F, 0x6F, 0x6F, 0x6F, 0x6F, 0x6F, 0x6F, 0x6F, 0x6F, 0x6F, 0x6F, 0x6F, 0x6F, 0x6F, 0x6F, 0x6F, 0x6F, 0x6F, 0x6F, 0x6F, 0x6F, 0x6F, 0x6F, 0x6F, 0x6F, 0x6F, 0x6F, 0x6F, 0x6F, 0x6F,
    0x6F, 0x6F, 0x6F, 0x73, 0x73, 0x73, 0x73, 0x73, 0x73, 0x73, 0x73, 0x73, 0x73, 0x73, 0x73, 0x73, 0x73, 0x73, 0x73, 0x73, 0x73, 0x73, 0x73, 0x73, 0x73, 0x73, 0x73, 0x73, 0x57, 0x57, 0x54, 0x54,
    0x6F, 0x6F, 0x6F, 0x6F, 0x6F, 0x6F, 0x6F, 0x6F, 0x6F, 0x6F, 0x6F, 0x6F, 0x6F, 0x6F, 0x6F, 0x6F, 0x6F, 0x6F, 0x6F, 0x6F, 0x6F, 0x6F, 0x6F, 0x6F, 0x6F, 0x6F, 0x73, 0x73, 0x73, 0x73, 0x73, 0x73,
    0x73, 0x73, 0x73, 0x73, 0x73, 0x73, 0x73, 0x73, 0x73, 0x73, 0x73, 0x73, 0x73, 0x73, 0x73, 0x73, 0x73, 0x73, 0x73, 0x57, 0x57, 0x54, 0x54, 0x54, 0x54, 0x54, 0x54, 0x54, 0x2B, 0x2B, 0x2B, 0x2B,
    0x6F, 0x6F, 0x6F, 0x6F, 0x6F, 0x6F, 0x6F, 0x6F, 0x6F, 0x6F, 0x6F, 0x6F, 0x6F, 0x6F, 0x6F, 0x73, 0x73, 0x73, 0x73, 0x73, 0x73, 0x73, 0x73, 0x73, 0x73, 0x73, 0x73, 0x73, 0x73, 0x73, 0x73, 0x73,
    0x73, 0x73, 0x73, 0x73, 0x73, 0x73, 0x73, 0x73, 0x73, 0x57, 0x57, 0x54, 0x54, 0x57, 0x57, 0x73, 0x54, 0x54, 0x2B, 0x2B, 0x2B, 0x54, 0x54, 0x57, 0x2B, 0x2B, 0x2B, 0x2B, 0x2B, 0x54, 0x54, 0x57,
    0x6F, 0x6F, 0x6F, 0x6F, 0x6F, 0x6F, 0x6F, 0x6F, 0x73, 0x73, 0x73, 0x73, 0x73, 0x73, 0x73, 0x73, 0x73, 0x73, 0x73, 0x73, 0x73, 0x73, 0x73, 0x73, 0x73, 0x73, 0x73, 0x73, 0x73, 0x73, 0x73, 0x73,
    0x73, 0x57, 0x57, 0x57, 0x54, 0x54, 0x54, 0x54, 0x73, 0x57, 0x54, 0x54, 0x54, 0x2B, 0x2B, 0x2B, 0x73, 0x73, 0x57, 0x54, 0x54, 0x2B, 0x2B, 0x2B, 0x73, 0x73, 0x57, 0x54, 0x54, 0x54, 0x54, 0x54,
    0x6F, 0x73, 0x73, 0x73, 0x73, 0x73, 0x73, 0x73, 0x73, 0x73, 0x73, 0x73, 0x73, 0x73, 0x73, 0x73, 0x73, 0x73, 0x73, 0x73, 0x73, 0x73, 0x73, 0x73, 0x73, 0x73, 0x57, 0x57, 0x57, 0x57, 0x57, 0x57,
    0x2B, 0x2B, 0x2B, 0x2B, 0x2B, 0x2B, 0x2B, 0x2B, 0x2B, 0x2B, 0x2B, 0x2B, 0x2B, 0x2B, 0x2B, 0x2B, 0x2B, 0x2B, 0x2B, 0x2B, 0x2B, 0x54, 0x54, 0x54, 0x54, 0x54, 0x57, 0x57, 0x57, 0x57, 0x57, 0x57,
    0x73, 0x73, 0x73, 0x73, 0x73, 0x73, 0x73, 0x73, 0x73, 0x73, 0x73, 0x73, 0x73, 0x73, 0x73, 0x73, 0x73, 0x73, 0x73, 0x73, 0x73, 0x57, 0x57, 0x57, 0x57, 0x57, 0x57, 0x57, 0x54, 0x54, 0x54, 0x54,
    0x2B, 0x2B, 0x2B, 0x2B, 0x2B, 0x2B, 0x2B, 0x2B, 0x2B, 0x2B, 0x2B, 0x2B, 0x2B, 0x2B, 0x2B, 0x2B, 0x54, 0x54, 0x54, 0x54, 0x54, 0x54, 0x57, 0x57, 0x57, 0x57, 0x57, 0x57, 0x57, 0x73, 0x73, 0x73,
    0x73, 0x73, 0x73, 0x73, 0x73, 0x73, 0x73, 0x73, 0x73, 0x73, 0x73, 0x73, 0x73, 0x73, 0x73, 0x73, 0x57, 0x57, 0x57, 0x57, 0x57, 0x57, 0x57, 0x57, 0x54, 0x54, 0x54, 0x54, 0x54, 0x54, 0x54, 0x54,
    0x2B, 0x2B, 0x2B, 0x2B, 0x2B, 0x2B, 0x2B, 0x2B, 0x2B, 0x2B, 0x2B, 0x2B, 0x2B, 0x2B, 0x2B, 0x2B, 0x57, 0x57, 0x57, 0x57, 0x57, 0x57, 0x57, 0x57, 0x73, 0x73, 0x73, 0x73, 0x73, 0x73, 0x73, 0x73,
    0x73, 0x73, 0x73, 0x73, 0x73, 0x73, 0x73, 0x73, 0x73, 0x73, 0x73, 0x73, 0x73, 0x73, 0x73, 0x73, 0x57, 0x57, 0x57, 0x57, 0x57, 0x57, 0x57, 0x57, 0x54, 0x54, 0x54, 0x54, 0x54, 0x54, 0x54, 0x54,
    0x2B, 0x2B, 0x2B, 0x2B, 0x2B, 0x2B, 0x2B, 0x2B, 0x2B, 0x2B, 0x2B, 0x2B, 0x2B, 0x2B, 0x2B, 0x2B, 0x57, 0x57, 0x57, 0x57, 0x57, 0x57, 0x57, 0x57, 0x73, 0x73, 0x73, 0x73, 0x73, 0x73, 0x73, 0x73,
    0x73, 0x73, 0x73, 0x73, 0x73, 0x73, 0x73, 0x73, 0x73, 0x73, 0x73, 0x73, 0x73, 0x73, 0x73, 0x73, 0x57, 0x57, 0x57, 0x57, 0x57, 0x57, 0x57, 0x73, 0x54, 0x54, 0x54, 0x54, 0x54, 0x54, 0x57, 0x73,
    0x2B, 0x2B, 0x2B, 0x2B, 0x54, 0x54, 0x57, 0x73, 0x2B, 0x2B, 0x2B, 0x2B, 0x54, 0x54, 0x57, 0x73, 0x57, 0x57, 0x57, 0x57, 0x57, 0x57, 0x57, 0x73, 0x73, 0x73, 0x73, 0x73, 0x73, 0x73, 0x73, 0x73,
    0x73, 0x73, 0x73, 0x73, 0x73, 0x73, 0x73, 0x73, 0x73, 0x73, 0x73, 0x73, 0x73, 0x73, 0x73, 0x73, 0x73, 0x57, 0x57, 0x57, 0x57, 0x57, 0x57, 0x57, 0x73, 0x57, 0x54, 0x54, 0x54, 0x54, 0x54, 0x54,
    0x73, 0x57, 0x54, 0x54, 0x2B, 0x2B, 0x2B, 0x2B, 0x73, 0x57, 0x54, 0x54, 0x2B, 0x2B, 0x2B, 0x2B, 0x73, 0x57, 0x57, 0x57, 0x57, 0x57, 0x57, 0x57, 0x73, 0x73, 0x73, 0x73, 0x73, 0x73, 0x73, 0x73,
    0x73, 0x73, 0x73, 0x73, 0x73, 0x73, 0x73, 0x73, 0x73, 0x73, 0x73, 0x73, 0x73, 0x73, 0x73, 0x73, 0x57, 0x57, 0x57, 0x57, 0x57, 0x57, 0x57, 0x57, 0x54, 0x54, 0x54, 0x54, 0x54, 0x54, 0x54, 0x54,
    0x2B, 0x2B, 0x2B, 0x2B, 0x2B, 0x2B, 0x2B, 0x2B, 0x2B, 0x2B, 0x2B, 0x2B, 0x2B, 0x2B, 0x2B, 0x2B, 0x57, 0x57, 0x57, 0x57, 0x57, 0x57, 0x57, 0x57, 0x73, 0x73, 0x73, 0x73, 0x73, 0x73, 0x73, 0x73,
    0x73, 0x73, 0x73, 0x73, 0x73, 0x73, 0x73, 0x73, 0x73, 0x73, 0x73, 0x73, 0x73, 0x73, 0x73, 0x73, 0x57, 0x57, 0x57, 0x57, 0x57, 0x57, 0x57, 0x57, 0x54, 0x54, 0x54, 0x54, 0x54, 0x54, 0x54, 0x54,
    0x2B, 0x2B, 0x2B, 0x2B, 0x2B, 0x2B, 0x2B, 0x2B, 0x2B, 0x2B, 0x2B, 0x2B, 0x2B, 0x2B, 0x2B, 0x2B, 0x57, 0x57, 0x57, 0x57, 0x57, 0x57, 0x57, 0x57, 0x73, 0x73, 0x73, 0x73, 0x73, 0x73, 0x73, 0x73,
    0x73, 0x73, 0x73, 0x73, 0x73, 0x73, 0x73, 0x73, 0x73, 0x73, 0x73, 0x73, 0x73, 0x73, 0x73, 0x73, 0x57, 0x57, 0x57, 0x73, 0x73, 0x73, 0x73, 0x73, 0x54, 0x54, 0x54, 0x54, 0x57, 0x57, 0x57, 0x57,
    0x2B, 0x2B, 0x2B, 0x2B, 0x2B, 0x2B, 0x2B, 0x2B, 0x2B, 0x2B, 0x2B, 0x2B, 0x2B, 0x2B, 0x2B, 0x2B, 0x57, 0x57, 0x54, 0x54, 0x54, 0x54, 0x54, 0x54, 0x73, 0x73, 0x73, 0x57, 0x57, 0x57, 0x57, 0x57,
    0x73, 0x73, 0x73, 0x73, 0x73, 0x73, 0x73, 0x6F, 0x73, 0x73, 0x73, 0x73, 0x73, 0x73, 0x73, 0x73, 0x73, 0x73, 0x73, 0x73, 0x73, 0x73, 0x73, 0x73, 0x57, 0x57, 0x57, 0x57, 0x57, 0x57, 0x73, 0x73,
    0x2B, 0x2B, 0x2B, 0x2B, 0x2B, 0x2B, 0x2B, 0x2B, 0x2B, 0x2B, 0x2B, 0x2B, 0x2B, 0x2B, 0x2B, 0x2B, 0x54, 0x54, 0x54, 0x2B, 0x2B, 0x2B, 0x2B, 0x2B, 0x57, 0x57, 0x57, 0x57, 0x57, 0x57, 0x54, 0x54,
    0x6F, 0x6F, 0x6F, 0x6F, 0x6F, 0x6F, 0x6F, 0x6F, 0x73, 0x73, 0x73, 0x73, 0x73, 0x73, 0x73, 0x73, 0x73, 0x73, 0x73, 0x73, 0x73, 0x73, 0x73, 0x73, 0x73, 0x73, 0x73, 0x73, 0x73, 0x73, 0x73, 0x73,
    0x54, 0x54, 0x54, 0x54, 0x57, 0x57, 0x57, 0x73, 0x2B, 0x2B, 0x2B, 0x54, 0x54, 0x54, 0x57, 0x73, 0x2B, 0x2B, 0x2B, 0x54, 0x54, 0x57, 0x73, 0x73, 0x54, 0x54, 0x54, 0x54, 0x54, 0x57, 0x73, 0x73,
    0x6F, 0x6F, 0x6F, 0x6F, 0x6F, 0x6F, 0x6F, 0x6F, 0x73, 0x6F, 0x6F, 0x6F, 0x6F, 0x6F, 0x6F, 0x6F, 0x73, 0x73, 0x73, 0x73, 0x73, 0x73, 0x73, 0x73, 0x73, 0x73, 0x73, 0x73, 0x73, 0x73, 0x73, 0x73,
    0x73, 0x73, 0x73, 0x73, 0x73, 0x73, 0x73, 0x73, 0x73, 0x57, 0x57, 0x54, 0x54, 0x57, 0x57, 0x73, 0x57, 0x54, 0x54, 0x2B, 0x2B, 0x2B, 0x54, 0x54, 0x57, 0x54, 0x54, 0x2B, 0x2B, 0x2B, 0x2B, 0x2B,
    0x6F, 0x6F, 0x6F, 0x6F, 0x6F, 0x6F, 0x6F, 0x6F, 0x6F, 0x6F, 0x6F, 0x6F, 0x6F, 0x6F, 0x6F, 0x6F, 0x6F, 0x6F, 0x6F, 0x6F, 0x6F, 0x6F, 0x6F, 0x6F, 0x73, 0x73, 0x73, 0x73, 0x73, 0x73, 0x6F, 0x6F,
    0x73, 0x73, 0x73, 0x73, 0x73, 0x73, 0x73, 0x73, 0x73, 0x73, 0x73, 0x73, 0x73, 0x73, 0x73, 0x73, 0x54, 0x54, 0x54, 0x57, 0x57, 0x73, 0x73, 0x73, 0x2B, 0x2B, 0x2B, 0x2B, 0x54, 0x54, 0x54, 0x54,
    0x6F, 0x6F, 0x6F, 0x6F, 0x6F, 0x6F, 0x6F, 0x6F, 0x6F, 0x6F, 0x6F, 0x6F, 0x6F, 0x6F, 0x6F, 0x6F, 0x6F, 0x6F, 0x6F, 0x6F, 0x6F, 0x6F, 0x6F, 0x6F, 0x6F, 0x6F, 0x6F, 0x6F, 0x6F, 0x6F, 0x6F, 0x6F,
    0x73, 0x73, 0x73, 0x73, 0x73, 0x6F, 0x6F, 0x6F, 0x73, 0x73, 0x73, 0x73, 0x73, 0x73, 0x73, 0x73, 0x73, 0x73, 0x73, 0x73, 0x73, 0x73, 0x73, 0x73, 0x54, 0x54, 0x57, 0x57, 0x73, 0x73, 0x73, 0x73,
    0x6F, 0x6F, 0x6F, 0x6F, 0x6F, 0x6F, 0x6F, 0x6F, 0x6F, 0x6F, 0x6F, 0x6F, 0x6F, 0x6F, 0x6F, 0x6F, 0x6F, 0x6F, 0x6F, 0x6F, 0x6F, 0x6F, 0x6F, 0x6F, 0x6F, 0x6F, 0x6F, 0x6F, 0x6F, 0x6F, 0x6F, 0x6F,
    0x6F, 0x6F, 0x6F, 0x6F, 0x6F, 0x6F, 0x6F, 0x6F, 0x73, 0x73, 0x6F, 0x6F, 0x6F, 0x6F, 0x6F, 0x6F, 0x73, 0x73, 0x73, 0x73, 0x73, 0x73, 0x6F, 0x6F, 0x73, 0x73, 0x73, 0x73, 0x73, 0x73, 0x73, 0x73,
    0x6F, 0x6F, 0x6F, 0x6F, 0x6F, 0x6F, 0x6F, 0x6F, 0x6F, 0x6F, 0x6F, 0x6F, 0x6F, 0x6F, 0x6F, 0x6F, 0x6F, 0x6F, 0x6F, 0x6F, 0x6F, 0x6F, 0x6F, 0x6F, 0x6F, 0x6F, 0x6F, 0x6F, 0x6F, 0x6F, 0x6F, 0x6F,
    0x6F, 0x6F, 0x6F, 0x6F, 0x6F, 0x6F, 0x6F, 0x6F, 0x6F, 0x6F, 0x6F, 0x6F, 0x6F, 0x6F, 0x6F, 0x6F, 0x6F, 0x6F, 0x6F, 0x6F, 0x6F, 0x6F, 0x6F, 0x6F, 0x73, 0x73, 0x73, 0x6F, 0x6F, 0x6F, 0x6F, 0x6F,
    0x6F, 0x6F, 0x6F, 0x6F, 0x6F, 0x6F, 0x6F, 0x6F, 0x6F, 0x6F, 0x6F, 0x6F, 0x6F, 0x6F, 0x6F, 0x6F, 0x6F, 0x6F, 0x6F, 0x6F, 0x6F, 0x6F, 0x6F, 0x6F, 0x6F, 0x6F, 0x6F, 0x6F, 0x6F, 0x6F, 0x6F, 0x6F,
    0x6F, 0x6F, 0x6F, 0x6F, 0x6F, 0x6F, 0x6F, 0x6F, 0x6F, 0x6F, 0x6F, 0x6F, 0x6F, 0x6F, 0x6F, 0x6F, 0x6F, 0x6F, 0x6F, 0x6F, 0x6F, 0x6F, 0x6F, 0x6F, 0x6F, 0x6F, 0x6F, 0x6F, 0x6F, 0x6F, 0x6F, 0x6F,
    0x6F, 0x6F, 0x6F, 0x6F, 0x6F, 0x6F, 0x6F, 0x6F, 0x6F, 0x6F, 0x6F, 0x6F, 0x6F, 0x6F, 0x6F, 0x6F, 0x6F, 0x6F, 0x6F, 0x6F, 0x6F, 0x6F, 0x6F, 0x6F, 0x6F, 0x6F, 0x6F, 0x6F, 0x6F, 0x6F, 0x6F, 0x6F,
    0x6F, 0x6F, 0x6F, 0x6F, 0x6F, 0x6F, 0x6F, 0x6F, 0x6F, 0x6F, 0x6F, 0x6F, 0x6F, 0x6F, 0x6F, 0x6F, 0x6F, 0x6F, 0x6F, 0x6F, 0x6F, 0x6F, 0x6F, 0x6F, 0x6F, 0x6F, 0x6F, 0x6F, 0x6F, 0x6F, 0x6F, 0x6F,
    0x6F, 0x6F, 0x6F, 0x6F, 0x6F, 0x6F, 0x6F, 0x6F, 0x6F, 0x6F, 0x6F, 0x6F, 0x6F, 0x6F, 0x6F, 0x6F, 0x6F, 0x6F, 0x6F, 0x6F, 0x6F, 0x6F, 0x6F, 0x6F, 0x6F, 0x6F, 0x6F, 0x6F, 0x6F, 0x6F, 0x6F, 0x6F,
    0x6F, 0x6F, 0x6F, 0x6F, 0x6F, 0x6F, 0x6F, 0x6F, 0x6F, 0x6F, 0x6F, 0x6F, 0x6F, 0x6F, 0x6F, 0x6F, 0x6F, 0x6F, 0x6F, 0x6F, 0x6F, 0x6F, 0x6F, 0x6F, 0x6F, 0x6F, 0x6F, 0x6F, 0x6F, 0x6F, 0x6F, 0x6F,
    0x6F, 0x6F, 0x6F, 0x6F, 0x6F, 0x6F, 0x6F, 0x6F, 0x6F, 0x6F, 0x6F, 0x6F, 0x6F, 0x6F, 0x6F, 0x6F, 0x6F, 0x6F, 0x6F, 0x6F, 0x6F, 0x6F, 0x6F, 0x6F, 0x6F, 0x6F, 0x6F, 0x6F, 0x6F, 0x6F, 0x6F, 0x6F,
    0x6F, 0x6F, 0x6F, 0x6F, 0x6F, 0x6F, 0x6F, 0x6F, 0x6F, 0x6F, 0x6F, 0x6F, 0x6F, 0x6F, 0x6F, 0x6F, 0x6F, 0x6F, 0x6F, 0x6F, 0x6F, 0x6F, 0x6F, 0x6F, 0x6F, 0x6F, 0x6F, 0x6F, 0x6F, 0x6F, 0x6F, 0x6F,
    0x6F, 0x6F, 0x6F, 0x6F, 0x6F, 0x6F, 0x6F, 0x6F, 0x6F, 0x6F, 0x6F, 0x6F, 0x6F, 0x6F, 0x6F, 0x6F, 0x6F, 0x6F, 0x6F, 0x6F, 0x6F, 0x6F, 0x6F, 0x6F, 0x6F, 0x6F, 0x6F, 0x6F, 0x6F, 0x6F, 0x6F, 0x6F,
    0x6F, 0x6F, 0x6F, 0x6F, 0x6F, 0x6F, 0x6F, 0x6F, 0x6F, 0x6F, 0x6F, 0x6F, 0x6F, 0x6F, 0x6F, 0x6F, 0x6F, 0x6F, 0x6F, 0x6F, 0x6F, 0x6F, 0x6F, 0x6F, 0x6F, 0x6F, 0x6F, 0x6F, 0x6F, 0x6F, 0x6F, 0x6F,
    0x6F, 0x6F, 0x6F, 0x6F, 0x6F, 0x6F, 0x6F, 0x6F, 0x6F, 0x6F, 0x6F, 0x6F, 0x6F, 0x6F, 0x6F, 0x6F, 0x6F, 0x6F, 0x6F, 0x6F, 0x6F, 0x6F, 0x6F, 0x6F, 0x6F, 0x6F, 0x6F, 0x6F, 0x6F, 0x6F, 0x6F, 0x6F,
    0x6F, 0x6F, 0x6F, 0x6F, 0x6F, 0x6F, 0x6F, 0x6F, 0x6F, 0x6F, 0x6F, 0x6F, 0x6F, 0x6F, 0x6F, 0x6F, 0x6F, 0x6F, 0x6F, 0x6F, 0x6F, 0x6F, 0x6F, 0x6F, 0x6F, 0x6F, 0x6F, 0x6F, 0x6F, 0x6F, 0x6F, 0x6F,
    0x6F, 0x6F, 0x6F, 0x6F, 0x6F, 0x6F, 0x6F, 0x6F, 0x6F, 0x6F, 0x6F, 0x6F, 0x6F, 0x6F, 0x6F, 0x6F, 0x6F, 0x6F, 0x6F, 0x6F, 0x6F, 0x6F, 0x6F, 0x6F, 0x6F, 0x6F, 0x6F, 0x6F, 0x6F, 0x6F, 0x6F, 0x6F,
    0x6F, 0x6F, 0x6F, 0x6F, 0x6F, 0x6F, 0x6F, 0x6F, 0x6F, 0x6F, 0x6F, 0x6F, 0x6F, 0x6F, 0x6F, 0x6F, 0x6F, 0x6F, 0x6F, 0x6F, 0x6F, 0x6F, 0x6F, 0x6F, 0x6F, 0x6F, 0x6F, 0x6F, 0x6F, 0x6F, 0x6F, 0x6F,
    0x6F, 0x6F, 0x6F, 0x6F, 0x6F, 0x6F, 0x6F, 0x6F, 0x6F, 0x6F, 0x6F, 0x6F, 0x6F, 0x6F, 0x6F, 0x6F, 0x6F, 0x6F, 0x6F, 0x6F, 0x6F, 0x6F, 0x6F, 0x6F, 0x6F, 0x6F, 0x6F, 0x6F, 0x6F, 0x6F, 0x6F, 0x6F,
    0x6F, 0x6F, 0x6F, 0x6F, 0x6F, 0x6F, 0x6F, 0x6F, 0x6F, 0x6F, 0x6F, 0x6F, 0x6F, 0x6F, 0x6F, 0x6F, 0x6F, 0x6F, 0x6F, 0x6F, 0x6F, 0x6F, 0x6F, 0x6F, 0x6F, 0x6F, 0x6F, 0x6F, 0x6F, 0x6F, 0x6F, 0x6F,
    0x6F, 0x6F, 0x6F, 0x6F, 0x6F, 0x6F, 0x6F, 0x6F, 0x6F, 0x6F, 0x6F, 0x6F, 0x6F, 0x6F, 0x6F, 0x6F, 0x6F, 0x6F, 0x6F, 0x6F, 0x6F, 0x6F, 0x6F, 0x6F, 0x6F, 0x6F, 0x6F, 0x6F, 0x6F, 0x6F, 0x6F, 0x6F,
    0x6F, 0x6F, 0x6F, 0x6F, 0x6F, 0x6F, 0x6F, 0x6F, 0x6F, 0x6F, 0x6F, 0x6F, 0x6F, 0x6F, 0x6F, 0x6F, 0x6F, 0x6F, 0x6F, 0x6F, 0x6F, 0x6F, 0x6F, 0x6F, 0x6F, 0x6F, 0x6F, 0x6F, 0x6F, 0x6F, 0x6F, 0x6F,
    0x6F, 0x6F, 0x6F, 0x6F, 0x6F, 0x6F, 0x6F, 0x6F, 0x6F, 0x6F, 0x6F, 0x6F, 0x6F, 0x6F, 0x6F, 0x6F, 0x6F, 0x6F, 0x6F, 0x6F, 0x6F, 0x6F, 0x6F, 0x6F, 0x6F, 0x6F, 0x6F, 0x6F, 0x6F, 0x6F, 0x6F, 0x6F,
    0x6F, 0x6F, 0x6F, 0x6F, 0x6F, 0x6F, 0x6F, 0x6F, 0x6F, 0x6F, 0x6F, 0x6F, 0x6F, 0x6F, 0x6F, 0x6F, 0x6F, 0x6F, 0x6F, 0x6F, 0x6F, 0x6F, 0x6F, 0x6F, 0x6F, 0x6F, 0x6F, 0x6F, 0x6F, 0x6F, 0x6F, 0x6F,
    0x6F, 0x6F, 0x6F, 0x6F, 0x6F, 0x6F, 0x6F, 0x6F, 0x6F, 0x6F, 0x6F, 0x6F, 0x6F, 0x6F, 0x6F, 0x6F, 0x6F, 0x6F, 0x6F, 0x6F, 0x6F, 0x6F, 0x6F, 0x6F, 0x6F, 0x6F, 0x6F, 0x6F, 0x6F, 0x6F, 0x6F, 0x6F,
    0x6F, 0x6F, 0x6F, 0x6F, 0x6F, 0x6F, 0x6F, 0x6F, 0x6F, 0x6F, 0x6F, 0x6F, 0x6F, 0x6F, 0x6F, 0x6F, 0x6F, 0x6F, 0x6F, 0x6F, 0x6F, 0x6F, 0x6F, 0x6F, 0x6F, 0x6F, 0x6F, 0x6F, 0x6F, 0x6F, 0x6F, 0x6F,
    0x6F, 0x6F, 0x6F, 0x6F, 0x6F, 0x6F, 0x6F, 0x6F, 0x6F, 0x6F, 0x6F, 0x6F, 0x6F, 0x6F, 0x6F, 0x6F, 0x6F, 0x6F, 0x6F, 0x6F, 0x6F, 0x6F, 0x6F, 0x6F, 0x6F, 0x6F, 0x6F, 0x6F, 0x6F, 0x6F, 0x6F, 0x6F,
    0x6F, 0x6F, 0x6F, 0x6F, 0x6F, 0x6F, 0x6F, 0x6F, 0x6F, 0x6F, 0x6F, 0x6F, 0x6F, 0x6F, 0x6F, 0x6F, 0x6F, 0x6F, 0x6F, 0x6F, 0x6F, 0x6F, 0x6F, 0x6F, 0x6F, 0x6F, 0x6F, 0x6F, 0x6F, 0x6F, 0x6F, 0x6F,
    0x6F, 0x6F, 0x6F, 0x6F, 0x6F, 0x6F, 0x6F, 0x6F, 0x6F, 0x6F, 0x6F, 0x6F, 0x6F, 0x6F, 0x6F, 0x6F, 0x6F, 0x6F, 0x6F, 0x6F, 0x6F, 0x6F, 0x6F, 0x6F, 0x6F, 0x6F, 0x6F, 0x6F, 0x6F, 0x6F, 0x6F, 0x6F,
    0x6F, 0x6F, 0x6F, 0x6F, 0x6F, 0x6F, 0x6F, 0x6F, 0x6F, 0x6F, 0x6F, 0x6F, 0x6F, 0x6F, 0x6F, 0x6F, 0x6F, 0x6F, 0x6F, 0x6F, 0x6F, 0x6F, 0x6F, 0x6F, 0x6F, 0x6F, 0x6F, 0x6F, 0x6F, 0x6F, 0x6F, 0x6F,
    0x6F, 0x6F, 0x6F, 0x6F, 0x6F, 0x6F, 0x6F, 0x6F, 0x6F, 0x6F, 0x6F, 0x6F, 0x6F, 0x6F, 0x6F, 0x6F, 0x6F, 0x6F, 0x6F, 0x6F, 0x6F, 0x6F, 0x6F, 0x6F, 0x6F, 0x6F, 0x6F, 0x6F, 0x6F, 0x6F, 0x6F, 0x6F,
    0x6F, 0x6F, 0x6F, 0x6F, 0x6F, 0x6F, 0x6F, 0x6F, 0x6F, 0x6F, 0x6F, 0x6F, 0x6F, 0x6F, 0x6F, 0x6F, 0x6F, 0x6F, 0x6F, 0x6F, 0x6F, 0x6F, 0x6F, 0x6F, 0x6F, 0x6F, 0x6F, 0x6F, 0x6F, 0x6F, 0x6F, 0x6F,
    0x6F, 0x6F, 0x6F, 0x6F, 0x6F, 0x6F, 0x6F, 0x6F, 0x6F, 0x6F, 0x6F, 0x6F, 0x6F, 0x6F, 0x6F, 0x6F, 0x6F, 0x6F, 0x6F, 0x6F, 0x6F, 0x6F, 0x6F, 0x6F, 0x6F, 0x6F, 0x6F, 0x6F, 0x6F, 0x6F, 0x6F, 0x6F,
    0x6F, 0x6F, 0x6F, 0x6F, 0x6F, 0x6F, 0x6F, 0x6F, 0x6F, 0x6F, 0x6F, 0x6F, 0x6F, 0x6F, 0x6F, 0x6F, 0x6F, 0x6F, 0x6F, 0x6F, 0x6F, 0x6F, 0x6F, 0x6F, 0x6F, 0x6F, 0x6F, 0x6F, 0x6F, 0x6F, 0x6F, 0x6F,
    0x6F, 0x6F, 0x6F, 0x6F, 0x6F, 0x6F, 0x6F, 0x6F, 0x6F, 0x6F, 0x6F, 0x6F, 0x6F, 0x6F, 0x6F, 0x6F, 0x6F, 0x6F, 0x6F, 0x6F, 0x6F, 0x6F, 0x6F, 0x6F, 0x6F, 0x6F, 0x6F, 0x6F, 0x6F, 0x6F, 0x6F, 0x6F,
    0x6F, 0x6F, 0x6F, 0x6F, 0x6F, 0x6F, 0x6F, 0x6F, 0x6F, 0x6F, 0x6F, 0x6F, 0x6F, 0x6F, 0x6F, 0x6F, 0x6F, 0x6F, 0x6F, 0x6F, 0x6F, 0x6F, 0x6F, 0x6F, 0x6F, 0x6F, 0x6F, 0x6F, 0x6F, 0x6F, 0x6F, 0x6F,
    0x6F, 0x6F, 0x6F, 0x6F, 0x6F, 0x6F, 0x6F, 0x6F, 0x6F, 0x6F, 0x6F, 0x6F, 0x6F, 0x6F, 0x6F, 0x6F, 0x6F, 0x6F, 0x6F, 0x6F, 0x6F, 0x6F, 0x6F, 0x6F, 0x6F, 0x6F, 0x6F, 0x6F, 0x6F, 0x6F, 0x6F, 0x6F,
    0x6F, 0x6F, 0x6F, 0x6F, 0x6F, 0x6F, 0x6F, 0x6F, 0x6F, 0x6F, 0x6F, 0x6F, 0x6F, 0x6F, 0x6F, 0x6F, 0x6F, 0x6F, 0x6F, 0x6F, 0x6F, 0x6F, 0x6F, 0x6F, 0x6F, 0x6F, 0x6F, 0x6F, 0x6F, 0x6F, 0x6F, 0x6F,
    0x6F, 0x6F, 0x6F, 0x6F, 0x6F, 0x6F, 0x6F, 0x6F, 0x6F, 0x6F, 0x6F, 0x6F, 0x6F, 0x6F, 0x6F, 0x6F, 0x6F, 0x6F, 0x6F, 0x6F, 0x6F, 0x6F, 0x6F, 0x6F, 0x6F, 0x6F, 0x6F, 0x6F, 0x6F, 0x6F, 0x6F, 0x6F,
    0x6F, 0x6F, 0x6F, 0x6F, 0x6F, 0x6F, 0x6F, 0x6F, 0x6F, 0x6F, 0x6F, 0x6F, 0x6F, 0x6F, 0x6F, 0x6F, 0x6F, 0x6F, 0x6F, 0x6F, 0x6F, 0x6F, 0x6F, 0x6F, 0x6F, 0x6F, 0x6F, 0x6F, 0x6F, 0x6F, 0x6F, 0x6F,
    0x6F, 0x6F, 0x6F, 0x6F, 0x6F, 0x6F, 0x6F, 0x6F, 0x6F, 0x6F, 0x6F, 0x6F, 0x6F, 0x6F, 0x6F, 0x6F, 0x6F, 0x6F, 0x6F, 0x6F, 0x6F, 0x6F, 0x6F, 0x6F, 0x6F, 0x6F, 0x6F, 0x6F, 0x6F, 0x6F, 0x6F, 0x6F,
    0x6F, 0x6F, 0x6F, 0x6F, 0x6F, 0x6F, 0x6F, 0x6F, 0x6F, 0x6F, 0x6F, 0x6F, 0x6F, 0x6F, 0x6F, 0x6F, 0x6F, 0x6F, 0x6F, 0x6F, 0x6F, 0x6F, 0x6F, 0x6F, 0x6F, 0x6F, 0x6F, 0x6F, 0x6F, 0x6F, 0x6F, 0x6F,
    0x6F, 0x6F, 0x6F, 0x6F, 0x6F, 0x6F, 0x6F, 0x6F, 0x6F, 0x6F, 0x6F, 0x6F, 0x6F, 0x6F, 0x6F, 0x6F, 0x6F, 0x6F, 0x6F, 0x6F, 0x6F, 0x6F, 0x6F, 0x6F, 0x6F, 0x6F, 0x6F, 0x6F, 0x6F, 0x6F, 0x6F, 0x6F,
    0x6F, 0x6F, 0x6F, 0x6F, 0x6F, 0x6F, 0x6F, 0x6F, 0x6F, 0x6F, 0x6F, 0x6F, 0x6F, 0x6F, 0x6F, 0x6F, 0x6F, 0x6F, 0x6F, 0x6F, 0x6F, 0x6F, 0x6F, 0x6F, 0x6F, 0x6F, 0x6F, 0x6F, 0x6F, 0x6F, 0x6F, 0x6F,
    0x6F, 0x6F, 0x6F, 0x6F, 0x6F, 0x6F, 0x6F, 0x6F, 0x6F, 0x6F, 0x6F, 0x6F, 0x6F, 0x6F, 0x6F, 0x6F, 0x6F, 0x6F, 0x6F, 0x6F, 0x6F, 0x6F, 0x6F, 0x6F, 0x6F, 0x6F, 0x6F, 0x6F, 0x6F, 0x6F, 0x6F, 0x6F,
    0x6F, 0x6F, 0x6F, 0x6F, 0x6F, 0x6F, 0x6F, 0x6F, 0x6F, 0x6F, 0x6F, 0x6F, 0x6F, 0x6F, 0x6F, 0x6F, 0x6F, 0x6F, 0x6F, 0x6F, 0x6F, 0x6F, 0x6F, 0x6F, 0x6F, 0x6F, 0x6F, 0x6F, 0x6F, 0x6F, 0x6F, 0x6F,
    0x6F, 0x6F, 0x6F, 0x6F, 0x6F, 0x6F, 0x6F, 0x6F, 0x6F, 0x6F, 0x6F, 0x6F, 0x6F, 0x6F, 0x6F, 0x6F, 0x6F, 0x6F, 0x6F, 0x6F, 0x6F, 0x6F, 0x6F, 0x6F, 0x6F, 0x6F, 0x6F, 0x6F, 0x6F, 0x6F, 0x6F, 0x6F,
    0x6F, 0x6F, 0x6F, 0x6F, 0x6F, 0x6F, 0x6F, 0x6F, 0x6F, 0x6F, 0x6F, 0x6F, 0x6F, 0x6F, 0x6F, 0x6F, 0x6F, 0x6F, 0x6F, 0x6F, 0x6F, 0x6F, 0x6F, 0x6F, 0x6F, 0x6F, 0x6F, 0x6F, 0x6F, 0x6F, 0x6F, 0x6F,
    0x6F, 0x6F, 0x6F, 0x6F, 0x6F, 0x6F, 0x6F, 0x6F, 0x6F, 0x6F, 0x6F, 0x6F, 0x6F, 0x6F, 0x6F, 0x6F, 0x6F, 0x6F, 0x6F, 0x6F, 0x6F, 0x6F, 0x6F, 0x6F, 0x6F, 0x6F, 0x6F, 0x6F, 0x6F, 0x6F, 0x6F, 0x6F,
    0x6F, 0x6F, 0x6F, 0x6F, 0x6F, 0x6F, 0x6F, 0x6F, 0x6F, 0x6F, 0x6F, 0x6F, 0x6F, 0x6F, 0x6F, 0x6F, 0x6F, 0x6F, 0x6F, 0x6F, 0x6F, 0x6F, 0x6F, 0x6F, 0x6F, 0x6F, 0x6F, 0x6F, 0x6F, 0x6F, 0x6F, 0x6F,
    0x6F, 0x6F, 0x6F, 0x6F, 0x6F, 0x6F, 0x6F, 0x6F, 0x6F, 0x6F, 0x6F, 0x6F, 0x6F, 0x6F, 0x6F, 0x6F, 0x6F, 0x6F, 0x6F, 0x6F, 0x6F, 0x6F, 0x6F, 0x6F, 0x6F, 0x6F, 0x6F, 0x6F, 0x6F, 0x6F, 0x6F, 0x6F,
    0x6F, 0x6F, 0x6F, 0x6F, 0x6F, 0x6F, 0x6F, 0x6F, 0x6F, 0x6F, 0x6F, 0x6F, 0x6F, 0x6F, 0x6F, 0x6F, 0x6F, 0x6F, 0x6F, 0x6F, 0x6F, 0x6F, 0x6F, 0x6F, 0x6F, 0x6F, 0x6F, 0x6F, 0x6F, 0x6F, 0x6F, 0x6F,
    0x6F, 0x6F, 0x6F, 0x6F, 0x6F, 0x6F, 0x6F, 0x6F, 0x6F, 0x6F, 0x6F, 0x6F, 0x6F, 0x6F, 0x6F, 0x6F, 0x6F, 0x6F, 0x6F, 0x6F, 0x6F, 0x6F, 0x6F, 0x6F, 0x6F, 0x6F, 0x6F, 0x6F, 0x6F, 0x6F, 0x6F, 0x6F,
    0x6F, 0x6F, 0x6F, 0x6F, 0x6F, 0x6F, 0x6F, 0x6F, 0x6F, 0x6F, 0x6F, 0x6F, 0x6F, 0x6F, 0x6F, 0x6F, 0x6F, 0x6F, 0x6F, 0x6F, 0x6F, 0x6F, 0x6F, 0x6F, 0x6F, 0x6F, 0x6F, 0x6F, 0x6F, 0x6F, 0x6F, 0x6F,
    0x6F, 0x6F, 0x6F, 0x6F, 0x6F, 0x6F, 0x6F, 0x6F, 0x6F, 0x6F, 0x6F, 0x6F, 0x6F, 0x6F, 0x6F, 0x6F, 0x6F, 0x6F, 0x6F, 0x6F, 0x6F, 0x6F, 0x6F, 0x6F, 0x6F, 0x6F, 0x6F, 0x6F, 0x6F, 0x6F, 0x6F, 0x6F,
    0x6F, 0x6F, 0x6F, 0x6F, 0x6F, 0x6F, 0x6F, 0x6F, 0x6F, 0x6F, 0x6F, 0x6F, 0x6F, 0x6F, 0x6F, 0x6F, 0x6F, 0x6F, 0x6F, 0x6F, 0x6F, 0x6F, 0x6F, 0x6F, 0x6F, 0x6F, 0x6F, 0x6F, 0x6F, 0x6F, 0x6F, 0x6F,
    0x6F, 0x6F, 0x6F, 0x6F, 0x6F, 0x6F, 0x6F, 0x6F, 0x6F, 0x6F, 0x6F, 0x6F, 0x6F, 0x6F, 0x6F, 0x6F, 0x6F, 0x6F, 0x6F, 0x6F, 0x6F, 0x6F, 0x6F, 0x6F, 0x6F, 0x6F, 0x6F, 0x6F, 0x6F, 0x6F, 0x6F, 0x6F,
    0x6F, 0x6F, 0x6F, 0x6F, 0x6F, 0x6F, 0x6F, 0x6F, 0x6F, 0x6F, 0x6F, 0x6F, 0x6F, 0x6F, 0x6F, 0x6F, 0x6F, 0x6F, 0x6F, 0x6F, 0x6F, 0x6F, 0x6F, 0x6F, 0x6F, 0x6F, 0x6F, 0x6F, 0x6F, 0x6F, 0x6F, 0x6F,
    0x6F, 0x6F, 0x6F, 0x6F, 0x6F, 0x6F, 0x6F, 0x6F, 0x6F, 0x6F, 0x6F, 0x6F, 0x6F, 0x6F, 0x6F, 0x6F, 0x6F, 0x6F, 0x6F, 0x6F, 0x6F, 0x6F, 0x6F, 0x6F, 0x6F, 0x6F, 0x6F, 0x6F, 0x6F, 0x6F, 0x6F, 0x6F,
    0x6F, 0x6F, 0x6F, 0x6F, 0x6F, 0x6F, 0x6F, 0x6F, 0x6F, 0x6F, 0x6F, 0x6F, 0x6F, 0x6F, 0x6F, 0x6F, 0x6F, 0x6F, 0x6F, 0x6F, 0x6F, 0x6F, 0x6F, 0x6F, 0x6F, 0x6F, 0x6F, 0x6F, 0x6F, 0x6F, 0x6F, 0x6F,
    0x6F, 0x6F, 0x6F, 0x6F, 0x6F, 0x6F, 0x6F, 0x6F, 0x6F, 0x6F, 0x6F, 0x6F, 0x6F, 0x6F, 0x6F, 0x6F, 0x6F, 0x6F, 0x6F, 0x6F, 0x6F, 0x6F, 0x6F, 0x6F, 0x6F, 0x6F, 0x6F, 0x6F, 0x6F, 0x6F, 0x6F, 0x6F,
    0x6F, 0x6F, 0x6F, 0x6F, 0x6F, 0x6F, 0x6F, 0x6F, 0x6F, 0x6F, 0x6F, 0x6F, 0x6F, 0x6F, 0x6F, 0x6F, 0x6F, 0x6F, 0x6F, 0x6F, 0x6F, 0x6F, 0x6F, 0x6F, 0x6F, 0x6F, 0x6F, 0x6F, 0x6F, 0x6F, 0x6F, 0x6F,
    0x6F, 0x6F, 0x6F, 0x6F, 0x6F, 0x6F, 0x6F, 0x6F, 0x6F, 0x6F, 0x6F, 0x6F, 0x6F, 0x6F, 0x6F, 0x6F, 0x6F, 0x6F, 0x6F, 0x6F, 0x6F, 0x6F, 0x6F, 0x6F, 0x6F, 0x6F, 0x6F, 0x6F, 0x6F, 0x6F, 0x6F, 0x6F,
    0x6F, 0x6F, 0x6F, 0x6F, 0x6F, 0x6F, 0x6F, 0x6F, 0x6F, 0x6F, 0x6F, 0x6F, 0x6F, 0x6F, 0x6F, 0x6F, 0x6F, 0x6F, 0x6F, 0x6F, 0x6F, 0x6F, 0x6F, 0x6F, 0x6F, 0x6F, 0x6F, 0x6F, 0x6F, 0x6F, 0x6F, 0x6F,
    0x6F, 0x6F, 0x6F, 0x6F, 0x6F, 0x6F, 0x6F, 0x6F, 0x6F, 0x6F, 0x6F, 0x6F, 0x6F, 0x6F, 0x6F, 0x6F, 0x6F, 0x6F, 0x6F, 0x6F, 0x6F, 0x6F, 0x6F, 0x6F, 0x6F, 0x6F, 0x6F, 0x6F, 0x6F, 0x6F, 0x6F, 0x6F,
    0x6F, 0x6F, 0x6F, 0x6F, 0x6F, 0x6F, 0x6F, 0x6F, 0x6F, 0x6F, 0x6F, 0x6F, 0x6F, 0x6F, 0x6F, 0x6F, 0x6F, 0x6F, 0x6F, 0x6F, 0x6F, 0x6F, 0x6F, 0x6F, 0x6F, 0x6F, 0x6F, 0x6F, 0x6F, 0x6F, 0x6F, 0x6F,
    0x6F, 0x6F, 0x6F, 0x6F, 0x6F, 0x6F, 0x6F, 0x6F, 0x6F, 0x6F, 0x6F, 0x6F, 0x6F, 0x6F, 0x6F, 0x6F, 0x6F, 0x6F, 0x6F, 0x6F, 0x6F, 0x6F, 0x6F, 0x6F, 0x6F, 0x6F, 0x6F, 0x6F, 0x6F, 0x6F, 0x6F, 0x6F,
    0x6F, 0x6F, 0x6F, 0x6F, 0x6F, 0x6F, 0x6F, 0x6F, 0x6F, 0x6F, 0x6F, 0x6F, 0x6F, 0x6F, 0x6F, 0x6F, 0x6F, 0x6F, 0x6F, 0x6F, 0x6F, 0x6F, 0x6F, 0x6F, 0x6F, 0x6F, 0x6F, 0x6F, 0x6F, 0x6F, 0x6F, 0x6F,
    0x6F, 0x6F, 0x6F, 0x6F, 0x6F, 0x6F, 0x6F, 0x6F, 0x6F, 0x6F, 0x6F, 0x6F, 0x6F, 0x6F, 0x6F, 0x6F, 0x6F, 0x6F, 0x6F, 0x6F, 0x6F, 0x6F, 0x6F, 0x6F, 0x6F, 0x6F, 0x6F, 0x6F, 0x6F, 0x6F, 0x6F, 0x6F,
    0x6F, 0x6F, 0x6F, 0x6F, 0x6F, 0x6F, 0x6F, 0x6F, 0x6F, 0x6F, 0x6F, 0x6F, 0x6F, 0x6F, 0x6F, 0x6F, 0x6F, 0x6F, 0x6F, 0x6F, 0x6F, 0x6F, 0x6F, 0x6F, 0x6F, 0x6F, 0x6F, 0x6F, 0x6F, 0x6F, 0x6F, 0x73,
    0x6F, 0x6F, 0x6F, 0x6F, 0x6F, 0x6F, 0x6F, 0x6F, 0x6F, 0x6F, 0x6F, 0x6F, 0x6F, 0x6F, 0x6F, 0x6F, 0x6F, 0x6F, 0x6F, 0x6F, 0x6F, 0x6F, 0x6F, 0x6F, 0x6F, 0x6F, 0x6F, 0x6F, 0x6F, 0x6F, 0x6F, 0x6F,
    0x6F, 0x6F, 0x6F, 0x6F, 0x6F, 0x6F, 0x6F, 0x6F, 0x6F, 0x6F, 0x6F, 0x6F, 0x6F, 0x6F, 0x73, 0x73, 0x6F, 0x6F, 0x73, 0x73, 0x73, 0x73, 0x73, 0x73, 0x73, 0x73, 0x73, 0x73, 0x73, 0x73, 0x73, 0x73,
    0x6F, 0x6F, 0x6F, 0x6F, 0x6F, 0x6F, 0x6F, 0x6F, 0x6F, 0x6F, 0x6F, 0x6F, 0x6F, 0x6F, 0x6F, 0x6F, 0x6F, 0x6F, 0x6F, 0x6F, 0x6F, 0x6F, 0x6F, 0x6F, 0x6F, 0x6F, 0x6F, 0x73, 0x73, 0x73, 0x73, 0x73,
    0x73, 0x73, 0x73, 0x73, 0x73, 0x73, 0x73, 0x73, 0x73, 0x73, 0x73, 0x73, 0x73, 0x73, 0x73, 0x73, 0x73, 0x73, 0x73, 0x73, 0x73, 0x73, 0x57, 0x57, 0x73, 0x73, 0x57, 0x57, 0x57, 0x73, 0x73, 0x57,
    0x6F, 0x6F, 0x6F, 0x6F, 0x6F, 0x6F, 0x6F, 0x6F, 0x6F, 0x6F, 0x6F, 0x6F, 0x73, 0x73, 0x73, 0x73, 0x6F, 0x73, 0x73, 0x73, 0x73, 0x73, 0x73, 0x73, 0x73, 0x73, 0x73, 0x73, 0x73, 0x73, 0x73, 0x73,
    0x73, 0x73, 0x73, 0x73, 0x73, 0x57, 0x57, 0x54, 0x73, 0x73, 0x57, 0x57, 0x54, 0x54, 0x2B, 0x2B, 0x54, 0x54, 0x54, 0x2B, 0x2B, 0x2B, 0x2B, 0x2B, 0x54, 0x54, 0x54, 0x2B, 0x2B, 0x2B, 0x2B, 0x2B,
    0x73, 0x73, 0x73, 0x73, 0x73, 0x73, 0x73, 0x73, 0x73, 0x73, 0x73, 0x73, 0x73, 0x73, 0x73, 0x73, 0x73, 0x73, 0x73, 0x73, 0x73, 0x73, 0x57, 0x57, 0x73, 0x57, 0x57, 0x54, 0x54, 0x54, 0x54, 0x2B,
    0x54, 0x54, 0x2B, 0x2B, 0x2B, 0x2B, 0x2B, 0x2B, 0x2B, 0x2B, 0x2B, 0x2B, 0x2B, 0x2B, 0x2B, 0x2B, 0x2B, 0x2B, 0x2B, 0x2B, 0x54, 0x54, 0x54, 0x54, 0x54, 0x54, 0x54, 0x57, 0x57, 0x73, 0x73, 0x73,
    0x73, 0x73, 0x73, 0x73, 0x73, 0x73, 0x73, 0x57, 0x73, 0x73, 0x73, 0x57, 0x57, 0x54, 0x54, 0x54, 0x54, 0x54, 0x54, 0x54, 0x2B, 0x2B, 0x2B, 0x2B, 0x2B, 0x2B, 0x2B, 0x2B, 0x2B, 0x2B, 0x2B, 0x2B,
    0x2B, 0x2B, 0x2B, 0x2B, 0x2B, 0x2B, 0x54, 0x54, 0x2B, 0x54, 0x54, 0x54, 0x54, 0x57, 0x57, 0x73, 0x57, 0x57, 0x73, 0x73, 0x73, 0x73, 0x73, 0x73, 0x73, 0x73, 0x73, 0x73, 0x73, 0x73, 0x73, 0x73,
    0x57, 0x54, 0x54, 0x54, 0x54, 0x2B, 0x2B, 0x2B, 0x2B, 0x2B, 0x2B, 0x2B, 0x2B, 0x2B, 0x2B, 0x2B, 0x2B, 0x2B, 0x2B, 0x2B, 0x2B, 0x2B, 0x2B, 0x2B, 0x2B, 0x2B, 0x2B, 0x54, 0x54, 0x54, 0x54, 0x54,
    0x54, 0x54, 0x57, 0x57, 0x73, 0x73, 0x73, 0x73, 0x73, 0x73, 0x73, 0x73, 0x73, 0x73, 0x73, 0x73, 0x73, 0x73, 0x73, 0x73, 0x73, 0x43, 0x43, 0x43, 0x43, 0x43, 0x0D, 0x0D, 0x0D, 0x0D, 0x05, 0x05,
    0x2B, 0x2B, 0x2B, 0x2B, 0x2B, 0x2B, 0x2B, 0x2B, 0x2B, 0x2B, 0x2B, 0x2B, 0x2B, 0x2B, 0x2B, 0x2B, 0x2B, 0x54, 0x54, 0x54, 0x54, 0x54, 0x54, 0x57, 0x57, 0x57, 0x73, 0x73, 0x73, 0x73, 0x73, 0x73,
    0x73, 0x73, 0x73, 0x73, 0x73, 0x73, 0x73, 0x73, 0x73, 0x73, 0x73, 0x43, 0x43, 0x43, 0x0D, 0x0D, 0x0D, 0x0D, 0x0D, 0x0D, 0x05, 0x05, 0x05, 0x05, 0x05, 0x05, 0x05, 0x05, 0x05, 0x05, 0x05, 0x05,
    0x2B, 0x2B, 0x2B, 0x2B, 0x2B, 0x54, 0x54, 0x57, 0x54, 0x54, 0x54, 0x54, 0x54, 0x54, 0x57, 0x57, 0x57, 0x73, 0x73, 0x73, 0x73, 0x73, 0x73, 0x73, 0x73, 0x73, 0x73, 0x73, 0x73, 0x73, 0x73, 0x73,
    0x73, 0x73, 0x43, 0x43, 0x0D, 0x0D, 0x0D, 0x0D, 0x0D, 0x05, 0x05, 0x05, 0x05, 0x05, 0x0D, 0x0D, 0x05, 0x05, 0x05, 0x05, 0x05, 0x05, 0x0D, 0x0D, 0x05, 0x05, 0x05, 0x05, 0x05, 0x05, 0x0D, 0x0D,
    0x73, 0x73, 0x57, 0x57, 0x54, 0x54, 0x54, 0x57, 0x73, 0x73, 0x73, 0x73, 0x73, 0x73, 0x73, 0x73, 0x73, 0x73, 0x73, 0x73, 0x73, 0x73, 0x73, 0x73, 0x73, 0x43, 0x73, 0x73, 0x43, 0x43, 0x43, 0x0D,
    0x43, 0x43, 0x73, 0x73, 0x43, 0x0D, 0x0D, 0x0D, 0x0D, 0x43, 0x73, 0x73, 0x43, 0x0D, 0x0D, 0x0D, 0x0D, 0x43, 0x43, 0x73, 0x73, 0x43, 0x0D, 0x0D, 0x43, 0x43, 0x43, 0x73, 0x73, 0x43, 0x43, 0x43,
    0x57, 0x73, 0x73, 0x73, 0x73, 0x73, 0x73, 0x73, 0x73, 0x73, 0x73, 0x73, 0x73, 0x73, 0x73, 0x73, 0x73, 0x73, 0x43, 0x43, 0x43, 0x43, 0x43, 0x43, 0x0D, 0x0D, 0x0D, 0x05, 0x05, 0x05, 0x05, 0x05,
    0x05, 0x05, 0x05, 0x05, 0x05, 0x05, 0x05, 0x05, 0x05, 0x05, 0x05, 0x05, 0x05, 0x0D, 0x0D, 0x0D, 0x0D, 0x0D, 0x43, 0x43, 0x43, 0x43, 0x43, 0x43, 0x43, 0x73, 0x73, 0x73, 0x73, 0x73, 0x73, 0x73,
    0x73, 0x73, 0x73, 0x73, 0x73, 0x73, 0x73, 0x73, 0x73, 0x73, 0x73, 0x73, 0x73, 0x73, 0x43, 0x43, 0x43, 0x43, 0x43, 0x43, 0x43, 0x0D, 0x0D, 0x0D, 0x05, 0x05, 0x05, 0x05, 0x05, 0x05, 0x05, 0x05,
    0x05, 0x05, 0x05, 0x05, 0x05, 0x05, 0x05, 0x05, 0x0D, 0x0D, 0x0D, 0x0D, 0x0D, 0x0D, 0x43, 0x43, 0x43, 0x43, 0x43, 0x43, 0x43, 0x73, 0x73, 0x73, 0x73, 0x73, 0x73, 0x73, 0x73, 0x73, 0x73, 0x73,
    0x73, 0x73, 0x73, 0x73, 0x73, 0x73, 0x73, 0x73, 0x43, 0x43, 0x43, 0x43, 0x43, 0x43, 0x43, 0x43, 0x0D, 0x0D, 0x0D, 0x0D, 0x0D, 0x0D, 0x0D, 0x0D, 0x05, 0x05, 0x05, 0x05, 0x05, 0x05, 0x05, 0x05,
    0x05, 0x05, 0x05, 0x05, 0x05, 0x05, 0x05, 0x05, 0x43, 0x43, 0x43, 0x43, 0x43, 0x43, 0x43, 0x43, 0x73, 0x73, 0x73, 0x73, 0x73, 0x73, 0x73, 0x73, 0x73, 0x73, 0x73, 0x73, 0x73, 0x73, 0x73, 0x73,
    0x73, 0x73, 0x73, 0x73, 0x73, 0x73, 0x73, 0x73, 0x43, 0x43, 0x43, 0x43, 0x43, 0x43, 0x43, 0x43, 0x0D, 0x0D, 0x0D, 0x0D, 0x0D, 0x0D, 0x0D, 0x0D, 0x05, 0x05, 0x05, 0x05, 0x05, 0x05, 0x05, 0x05,
    0x05, 0x05, 0x05, 0x05, 0x05, 0x05, 0x05, 0x05, 0x43, 0x43, 0x43, 0x43, 0x43, 0x43, 0x43, 0x43, 0x73, 0x73, 0x73, 0x73, 0x73, 0x73, 0x73, 0x73, 0x73, 0x73, 0x73, 0x73, 0x73, 0x73, 0x73, 0x73,
    0x73, 0x73, 0x73, 0x73, 0x73, 0x73, 0x73, 0x73, 0x43, 0x43, 0x43, 0x43, 0x43, 0x43, 0x43, 0x73, 0x0D, 0x0D, 0x0D, 0x0D, 0x0D, 0x0D, 0x43, 0x73, 0x05, 0x05, 0x05, 0x05, 0x0D, 0x0D, 0x43, 0x73,
    0x05, 0x05, 0x05, 0x05, 0x0D, 0x0D, 0x43, 0x73, 0x43, 0x43, 0x43, 0x43, 0x43, 0x43, 0x43, 0x73, 0x73, 0x73, 0x73, 0x73, 0x73, 0x73, 0x73, 0x73, 0x73, 0x73, 0x73, 0x73, 0x73, 0x73, 0x73, 0x73,
    0x73, 0x73, 0x73, 0x73, 0x73, 0x73, 0x73, 0x73, 0x73, 0x43, 0x43, 0x43, 0x43, 0x43, 0x43, 0x43, 0x73, 0x43, 0x0D, 0x0D, 0x0D, 0x0D, 0x0D, 0x0D, 0x73, 0x43, 0x0D, 0x0D, 0x05, 0x05, 0x05, 0x05,
    0x73, 0x43, 0x0D, 0x0D, 0x05, 0x05, 0x05, 0x05, 0x73, 0x43, 0x43, 0x43, 0x43, 0x43, 0x43, 0x43, 0x73, 0x73, 0x73, 0x73, 0x73, 0x73, 0x73, 0x73, 0x73, 0x73, 0x73, 0x73, 0x73, 0x73, 0x73, 0x73,
    0x73, 0x73, 0x73, 0x73, 0x73, 0x73, 0x73, 0x73, 0x43, 0x43, 0x43, 0x43, 0x43, 0x43, 0x43, 0x43, 0x0D, 0x0D, 0x0D, 0x0D, 0x0D, 0x0D, 0x0D, 0x0D, 0x05, 0x05, 0x05, 0x05, 0x05, 0x05, 0x05, 0x05,
    0x05, 0x05, 0x05, 0x05, 0x05, 0x05, 0x05, 0x05, 0x43, 0x43, 0x43, 0x43, 0x43, 0x43, 0x43, 0x43, 0x73, 0x73, 0x73, 0x73, 0x73, 0x73, 0x73, 0x73, 0x73, 0x73, 0x73, 0x73, 0x73, 0x73, 0x73, 0x73,
    0x73, 0x73, 0x73, 0x73, 0x73, 0x73, 0x73, 0x73, 0x43, 0x43, 0x43, 0x43, 0x43, 0x43, 0x43, 0x43, 0x0D, 0x0D, 0x0D, 0x0D, 0x0D, 0x0D, 0x0D, 0x0D, 0x05, 0x05, 0x05, 0x05, 0x05, 0x05, 0x05, 0x05,
    0x05, 0x05, 0x05, 0x05, 0x05, 0x05, 0x05, 0x05, 0x43, 0x43, 0x43, 0x43, 0x43, 0x43, 0x43, 0x43, 0x73, 0x73, 0x73, 0x73, 0x73, 0x73, 0x73, 0x73, 0x73, 0x73, 0x73, 0x73, 0x73, 0x73, 0x73, 0x73,
    0x73, 0x73, 0x73, 0x73, 0x73, 0x73, 0x73, 0x73, 0x43, 0x43, 0x73, 0x73, 0x73, 0x73, 0x73, 0x73, 0x0D, 0x0D, 0x0D, 0x43, 0x43, 0x43, 0x43, 0x43, 0x05, 0x05, 0x05, 0x05, 0x05, 0x05, 0x05, 0x05,
    0x05, 0x05, 0x05, 0x05, 0x05, 0x05, 0x05, 0x05, 0x43, 0x43, 0x0D, 0x0D, 0x0D, 0x0D, 0x0D, 0x0D, 0x73, 0x73, 0x73, 0x43, 0x43, 0x43, 0x43, 0x43, 0x73, 0x73, 0x73, 0x73, 0x73, 0x73, 0x73, 0x73,
    0x73, 0x73, 0x73, 0x73, 0x73, 0x73, 0x73, 0x57, 0x73, 0x73, 0x73, 0x73, 0x73, 0x73, 0x73, 0x73, 0x43, 0x43, 0x43, 0x43, 0x43, 0x43, 0x73, 0x73, 0x05, 0x05, 0x05, 0x05, 0x05, 0x0D, 0x0D, 0x0D,
    0x05, 0x05, 0x05, 0x05, 0x05, 0x05, 0x05, 0x05, 0x0D, 0x0D, 0x0D, 0x05, 0x05, 0x05, 0x05, 0x05, 0x43, 0x43, 0x43, 0x43, 0x43, 0x43, 0x0D, 0x0D, 0x73, 0x73, 0x73, 0x73, 0x73, 0x73, 0x73, 0x43,
    0x57, 0x54, 0x54, 0x54, 0x57, 0x57, 0x73, 0x73, 0x73, 0x73, 0x73, 0x73, 0x73, 0x73, 0x73, 0x73, 0x73, 0x73, 0x73, 0x73, 0x73, 0x73, 0x73, 0x73, 0x0D, 0x43, 0x43, 0x43, 0x73, 0x73, 0x43, 0x73,
    0x0D, 0x0D, 0x0D, 0x43, 0x73, 0x73, 0x43, 0x43, 0x0D, 0x0D, 0x0D, 0x43, 0x73, 0x73, 0x43, 0x0D, 0x0D, 0x0D, 0x43, 0x73, 0x73, 0x43, 0x43, 0x0D, 0x43, 0x43, 0x43, 0x73, 0x73, 0x43, 0x43, 0x43,
    0x57, 0x54, 0x54, 0x2B, 0x2B, 0x2B, 0x2B, 0x2B, 0x57, 0x57, 0x54, 0x54, 0x54, 0x54, 0x54, 0x54, 0x73, 0x73, 0x73, 0x73, 0x73, 0x73, 0x73, 0x57, 0x73, 0x73, 0x73, 0x73, 0x73, 0x73, 0x73, 0x73,
    0x0D, 0x0D, 0x0D, 0x0D, 0x43, 0x43, 0x73, 0x73, 0x0D, 0x0D, 0x05, 0x05, 0x05, 0x05, 0x05, 0x0D, 0x0D, 0x0D, 0x05, 0x05, 0x05, 0x05, 0x05, 0x05, 0x0D, 0x0D, 0x05, 0x05, 0x05, 0x05, 0x05, 0x05,
    0x2B, 0x2B, 0x2B, 0x2B, 0x2B, 0x2B, 0x2B, 0x2B, 0x2B, 0x2B, 0x2B, 0x2B, 0x2B, 0x2B, 0x2B, 0x2B, 0x57, 0x54, 0x54, 0x54, 0x54, 0x54, 0x54, 0x2B, 0x73, 0x73, 0x73, 0x73, 0x73, 0x73, 0x57, 0x57,
    0x73, 0x73, 0x73, 0x73, 0x73, 0x73, 0x73, 0x73, 0x0D, 0x0D, 0x43, 0x43, 0x43, 0x73, 0x73, 0x73, 0x05, 0x05, 0x05, 0x05, 0x0D, 0x0D, 0x0D, 0x0D, 0x05, 0x05, 0x05, 0x05, 0x05, 0x05, 0x05, 0x05,
    0x2B, 0x2B, 0x2B, 0x54, 0x54, 0x54, 0x54, 0x57, 0x2B, 0x2B, 0x2B, 0x2B, 0x2B, 0x2B, 0x2B, 0x2B, 0x2B, 0x2B, 0x2B, 0x2B, 0x2B, 0x2B, 0x2B, 0x2B, 0x54, 0x54, 0x54, 0x54, 0x54, 0x2B, 0x2B, 0x2B,
    0x73, 0x73, 0x73, 0x73, 0x57, 0x57, 0x54, 0x54, 0x73, 0x73, 0x73, 0x73, 0x73, 0x73, 0x73, 0x73, 0x43, 0x43, 0x43, 0x73, 0x73, 0x73, 0x73, 0x73, 0x05, 0x05, 0x0D, 0x0D, 0x0D, 0x0D, 0x43, 0x43,
    0x57, 0x73, 0x73, 0x73, 0x73, 0x73, 0x73, 0x73, 0x54, 0x54, 0x54, 0x57, 0x57, 0x73, 0x73, 0x73, 0x2B, 0x2B, 0x2B, 0x2B, 0x54, 0x54, 0x54, 0x54, 0x2B, 0x2B, 0x2B, 0x2B, 0x2B, 0x2B, 0x2B, 0x2B,
    0x54, 0x54, 0x2B, 0x2B, 0x2B, 0x2B, 0x2B, 0x2B, 0x73, 0x57, 0x57, 0x54, 0x54, 0x54, 0x54, 0x2B, 0x73, 0x73, 0x73, 0x73, 0x73, 0x73, 0x57, 0x57, 0x73, 0x73, 0x73, 0x73, 0x73, 0x73, 0x73, 0x73,
    0x73, 0x73, 0x73, 0x73, 0x73, 0x73, 0x73, 0x73, 0x73, 0x73, 0x73, 0x73, 0x73, 0x73, 0x73, 0x73, 0x57, 0x57, 0x73, 0x73, 0x73, 0x73, 0x73, 0x73, 0x2B, 0x54, 0x54, 0x54, 0x54, 0x57, 0x57, 0x73,
    0x2B, 0x2B, 0x2B, 0x2B, 0x2B, 0x2B, 0x54, 0x54, 0x2B, 0x2B, 0x2B, 0x2B, 0x2B, 0x2B, 0x2B, 0x2B, 0x54, 0x54, 0x54, 0x54, 0x2B, 0x2B, 0x2B, 0x2B, 0x73, 0x73, 0x73, 0x57, 0x57, 0x54, 0x54, 0x54,
    0x6F, 0x6F, 0x6F, 0x6F, 0x6F, 0x6F, 0x6F, 0x6F, 0x73, 0x73, 0x73, 0x73, 0x6F, 0x6F, 0x6F, 0x6F, 0x73, 0x73, 0x73, 0x73, 0x73, 0x73, 0x73, 0x6F, 0x73, 0x73, 0x73, 0x73, 0x73, 0x73, 0x73, 0x73,
    0x54, 0x57, 0x57, 0x73, 0x73, 0x73, 0x73, 0x73, 0x2B, 0x2B, 0x54, 0x54, 0x57, 0x57, 0x73, 0x73, 0x2B, 0x2B, 0x2B, 0x2B, 0x2B, 0x54, 0x54, 0x54, 0x2B, 0x2B, 0x2B, 0x2B, 0x2B, 0x54, 0x54, 0x54,
    0x6F, 0x6F, 0x6F, 0x6F, 0x6F, 0x6F, 0x6F, 0x6F, 0x6F, 0x6F, 0x6F, 0x6F, 0x6F, 0x6F, 0x6F, 0x6F, 0x6F, 0x6F, 0x6F, 0x6F, 0x6F, 0x6F, 0x6F, 0x6F, 0x73, 0x73, 0x73, 0x73, 0x73, 0x6F, 0x6F, 0x6F,
    0x73, 0x73, 0x73, 0x73, 0x73, 0x73, 0x73, 0x73, 0x73, 0x73, 0x73, 0x73, 0x73, 0x73, 0x73, 0x73, 0x57, 0x57, 0x73, 0x73, 0x73, 0x73, 0x73, 0x73, 0x57, 0x73, 0x73, 0x57, 0x57, 0x57, 0x73, 0x73,
    0x6F, 0x6F, 0x6F, 0x6F, 0x6F, 0x6F, 0x6F, 0x6F, 0x6F, 0x6F, 0x6F, 0x6F, 0x6F, 0x6F, 0x6F, 0x6F, 0x6F, 0x6F, 0x6F, 0x6F, 0x6F, 0x6F, 0x6F, 0x6F, 0x6F, 0x6F, 0x6F, 0x6F, 0x6F, 0x6F, 0x6F, 0x6F,
    0x6F, 0x6F, 0x6F, 0x6F, 0x6F, 0x6F, 0x6F, 0x6F, 0x73, 0x73, 0x6F, 0x6F, 0x6F, 0x6F, 0x6F, 0x6F, 0x73, 0x73, 0x73, 0x73, 0x73, 0x73, 0x6F, 0x6F, 0x73, 0x73, 0x73, 0x73, 0x73, 0x73, 0x73, 0x73,
    0x6F, 0x6F, 0x6F, 0x6F, 0x6F, 0x6F, 0x6F, 0x6F, 0x6F, 0x6F, 0x6F, 0x6F, 0x6F, 0x6F, 0x6F, 0x6F, 0x6F, 0x6F, 0x6F, 0x6F, 0x6F, 0x6F, 0x6F, 0x6F, 0x6F, 0x6F, 0x6F, 0x6F, 0x6F, 0x6F, 0x6F, 0x6F,
    0x6F, 0x6F, 0x6F, 0x6F, 0x6F, 0x6F, 0x6F, 0x6F, 0x6F, 0x6F, 0x6F, 0x6F, 0x6F, 0x6F, 0x6F, 0x6F, 0x6F, 0x6F, 0x6F, 0x6F, 0x6F, 0x6F, 0x6F, 0x6F, 0x73, 0x6F, 0x6F, 0x6F, 0x6F, 0x6F, 0x6F, 0x6F,
    0x6F, 0x6F, 0x6F, 0x6F, 0x6F, 0x6F, 0x6F, 0x6F, 0x6F, 0x6F, 0x6F, 0x6F, 0x6F, 0x6F, 0x6F, 0x6F, 0x6F, 0x6F, 0x6F, 0x6F, 0x6F, 0x6F, 0x6F, 0x6F, 0x6F, 0x6F, 0x6F, 0x6F, 0x6F, 0x6F, 0x6F, 0x6F,
    0x6F, 0x6F, 0x6F, 0x6F, 0x6F, 0x6F, 0x6F, 0x6F, 0x6F, 0x6F, 0x6F, 0x6F, 0x6F, 0x6F, 0x6F, 0x6F, 0x6F, 0x6F, 0x6F, 0x6F, 0x6F, 0x6F, 0x6F, 0x6F, 0x6F, 0x6F, 0x6F, 0x6F, 0x6F, 0x6F, 0x6F, 0x6F,
    0x6F, 0x6F, 0x6F, 0x6F, 0x6F, 0x6F, 0x6F, 0x6F, 0x6F, 0x6F, 0x6F, 0x6F, 0x6F, 0x6F, 0x6F, 0x6F, 0x6F, 0x6F, 0x6F, 0x6F, 0x6F, 0x6F, 0x6F, 0x6F, 0x6F, 0x6F, 0x6F, 0x6F, 0x6F, 0x6F, 0x6F, 0x6F,
    0x6F, 0x6F, 0x6F, 0x6F, 0x6F, 0x6F, 0x6F, 0x6F, 0x6F, 0x6F, 0x6F, 0x6F, 0x6F, 0x6F, 0x6F, 0x6F, 0x6F, 0x6F, 0x6F, 0x6F, 0x6F, 0x6F, 0x6F, 0x6F, 0x6F, 0x6F, 0x6F, 0x6F, 0x6F, 0x6F, 0x6F, 0x6F,
    0x6F, 0x6F, 0x6F, 0x6F, 0x6F, 0x6F, 0x6F, 0x6F, 0x6F, 0x6F, 0x6F, 0x6F, 0x6F, 0x6F, 0x6F, 0x6F, 0x6F, 0x6F, 0x6F, 0x6F, 0x6F, 0x6F, 0x6F, 0x6F, 0x6F, 0x6F, 0x6F, 0x6F, 0x6F, 0x6F, 0x6F, 0x6F,
    0x6F, 0x6F, 0x6F, 0x6F, 0x6F, 0x6F, 0x6F, 0x6F, 0x6F, 0x6F, 0x6F, 0x6F, 0x6F, 0x6F, 0x6F, 0x6F, 0x6F, 0x6F, 0x6F, 0x6F, 0x6F, 0x6F, 0x6F, 0x6F, 0x6F, 0x6F, 0x6F, 0x6F, 0x6F, 0x6F, 0x6F, 0x6F,
    0x6F, 0x6F, 0x6F, 0x6F, 0x6F, 0x6F, 0x6F, 0x6F, 0x6F, 0x6F, 0x6F, 0x6F, 0x6F, 0x6F, 0x6F, 0x6F, 0x6F, 0x6F, 0x6F, 0x6F, 0x6F, 0x6F, 0x6F, 0x6F, 0x6F, 0x6F, 0x6F, 0x6F, 0x6F, 0x6F, 0x6F, 0x6F,
    0x6F, 0x6F, 0x6F, 0x6F, 0x6F, 0x6F, 0x6F, 0x6F, 0x6F, 0x6F, 0x6F, 0x6F, 0x6F, 0x6F, 0x6F, 0x6F, 0x6F, 0x6F, 0x6F, 0x6F, 0x6F, 0x6F, 0x6F, 0x6F, 0x6F, 0x6F, 0x6F, 0x6F, 0x6F, 0x6F, 0x6F, 0x6F,
    0x6F, 0x6F, 0x6F, 0x6F, 0x6F, 0x6F, 0x6F, 0x6F, 0x6F, 0x6F, 0x6F, 0x6F, 0x6F, 0x6F, 0x6F, 0x6F, 0x6F, 0x6F, 0x6F, 0x6F, 0x6F, 0x6F, 0x6F, 0x6F, 0x6F, 0x6F, 0x6F, 0x6F, 0x6F, 0x6F, 0x6F, 0x6F,
    0x6F, 0x6F, 0x6F, 0x6F, 0x6F, 0x6F, 0x6F, 0x6F, 0x6F, 0x6F, 0x6F, 0x6F, 0x6F, 0x6F, 0x6F, 0x6F, 0x6F, 0x6F, 0x6F, 0x6F, 0x6F, 0x6F, 0x6F, 0x6F, 0x6F, 0x6F, 0x6F, 0x6F, 0x6F, 0x6F, 0x6F, 0x6F,
    0x6F, 0x6F, 0x6F, 0x6F, 0x6F, 0x6F, 0x6F, 0x6F, 0x6F, 0x6F, 0x6F, 0x6F, 0x6F, 0x6F, 0x6F, 0x6F, 0x6F, 0x6F, 0x6F, 0x6F, 0x6F, 0x6F, 0x6F, 0x6F, 0x6F, 0x6F, 0x6F, 0x6F, 0x6F, 0x6F, 0x6F, 0x6F,
    0x6F, 0x6F, 0x6F, 0x6F, 0x6F, 0x6F, 0x6F, 0x6F, 0x6F, 0x6F, 0x6F, 0x6F, 0x6F, 0x6F, 0x6F, 0x6F, 0x6F, 0x6F, 0x6F, 0x6F, 0x6F, 0x6F, 0x6F, 0x6F, 0x6F, 0x6F, 0x6F, 0x6F, 0x6F, 0x6F, 0x6F, 0x6F,
    0x6F, 0x6F, 0x6F, 0x6F, 0x6F, 0x6F, 0x6F, 0x6F, 0x6F, 0x6F, 0x6F, 0x6F, 0x6F, 0x6F, 0x6F, 0x6F, 0x6F, 0x6F, 0x6F, 0x6F, 0x6F, 0x6F, 0x6F, 0x6F, 0x6F, 0x6F, 0x6F, 0x6F, 0x6F, 0x6F, 0x6F, 0x6F,
    0x6F, 0x6F, 0x6F, 0x6F, 0x6F, 0x6F, 0x6F, 0x6F, 0x6F, 0x6F, 0x6F, 0x6F, 0x6F, 0x6F, 0x6F, 0x6F, 0x6F, 0x6F, 0x6F, 0x6F, 0x6F, 0x6F, 0x6F, 0x6F, 0x6F, 0x6F, 0x6F, 0x6F, 0x6F, 0x6F, 0x6F, 0x6F,
    0x6F, 0x6F, 0x6F, 0x6F, 0x6F, 0x6F, 0x6F, 0x6F, 0x6F, 0x6F, 0x6F, 0x6F, 0x6F, 0x6F, 0x6F, 0x6F, 0x6F, 0x6F, 0x6F, 0x6F, 0x6F, 0x6F, 0x6F, 0x6F, 0x6F, 0x6F, 0x6F, 0x6F, 0x6F, 0x6F, 0x6F, 0x6F,
    0x6F, 0x6F, 0x6F, 0x6F, 0x6F, 0x6F, 0x6F, 0x6F, 0x6F, 0x6F, 0x6F, 0x6F, 0x6F, 0x6F, 0x6F, 0x6F, 0x6F, 0x6F, 0x6F, 0x6F, 0x6F, 0x6F, 0x6F, 0x6F, 0x6F, 0x6F, 0x6F, 0x6F, 0x6F, 0x6F, 0x6F, 0x6F,
    0x6F, 0x6F, 0x6F, 0x6F, 0x6F, 0x6F, 0x6F, 0x6F, 0x6F, 0x6F, 0x6F, 0x6F, 0x6F, 0x6F, 0x6F, 0x6F, 0x6F, 0x6F, 0x6F, 0x6F, 0x6F, 0x6F, 0x6F, 0x6F, 0x6F, 0x6F, 0x6F, 0x6F, 0x6F, 0x6F, 0x6F, 0x6F,
    0x6F, 0x6F, 0x6F, 0x6F, 0x6F, 0x6F, 0x6F, 0x6F, 0x6F, 0x6F, 0x6F, 0x6F, 0x6F, 0x6F, 0x6F, 0x6F, 0x6F, 0x6F, 0x6F, 0x6F, 0x6F, 0x6F, 0x6F, 0x6F, 0x6F, 0x6F, 0x6F, 0x6F, 0x6F, 0x6F, 0x6F, 0x6F,
    0x6F, 0x6F, 0x6F, 0x6F, 0x6F, 0x6F, 0x6F, 0x6F, 0x6F, 0x6F, 0x6F, 0x6F, 0x6F, 0x6F, 0x6F, 0x6F, 0x6F, 0x6F, 0x6F, 0x6F, 0x6F, 0x6F, 0x6F, 0x6F, 0x6F, 0x6F, 0x6F, 0x6F, 0x6F, 0x6F, 0x6F, 0x6F,
    0x6F, 0x6F, 0x6F, 0x6F, 0x6F, 0x6F, 0x6F, 0x6F, 0x6F, 0x6F, 0x6F, 0x6F, 0x6F, 0x6F, 0x6F, 0x6F, 0x6F, 0x6F, 0x6F, 0x6F, 0x6F, 0x6F, 0x6F, 0x6F, 0x6F, 0x6F, 0x6F, 0x6F, 0x6F, 0x6F, 0x6F, 0x6F,
    0x6F, 0x6F, 0x6F, 0x6F, 0x6F, 0x6F, 0x6F, 0x6F, 0x6F, 0x6F, 0x6F, 0x6F, 0x6F, 0x6F, 0x6F, 0x6F, 0x6F, 0x6F, 0x6F, 0x6F, 0x6F, 0x6F, 0x6F, 0x6F, 0x6F, 0x6F, 0x6F, 0x6F, 0x6F, 0x6F, 0x6F, 0x6F,
    0x6F, 0x6F, 0x6F, 0x6F, 0x6F, 0x6F, 0x6F, 0x6F, 0x6F, 0x6F, 0x6F, 0x6F, 0x6F, 0x6F, 0x6F, 0x6F, 0x6F, 0x6F, 0x6F, 0x6F, 0x6F, 0x6F, 0x6F, 0x6F, 0x6F, 0x6F, 0x6F, 0x6F, 0x6F, 0x6F, 0x6F, 0x6F,
    0x6F, 0x6F, 0x6F, 0x6F, 0x6F, 0x6F, 0x6F, 0x6F, 0x6F, 0x6F, 0x6F, 0x6F, 0x6F, 0x6F, 0x6F, 0x6F, 0x6F, 0x6F, 0x6F, 0x6F, 0x6F, 0x6F, 0x6F, 0x6F, 0x6F, 0x6F, 0x6F, 0x6F, 0x6F, 0x6F, 0x6F, 0x6F,
    0x6F, 0x6F, 0x6F, 0x6F, 0x6F, 0x6F, 0x6F, 0x6F, 0x6F, 0x6F, 0x6F, 0x6F, 0x6F, 0x6F, 0x6F, 0x6F, 0x6F, 0x6F, 0x6F, 0x6F, 0x6F, 0x6F, 0x6F, 0x6F, 0x6F, 0x6F, 0x6F, 0x6F, 0x6F, 0x6F, 0x6F, 0x6F,
    0x6F, 0x6F, 0x6F, 0x6F, 0x6F, 0x6F, 0x6F, 0x6F, 0x6F, 0x6F, 0x6F, 0x6F, 0x6F, 0x6F, 0x6F, 0x6F, 0x6F, 0x6F, 0x6F, 0x6F, 0x6F, 0x6F, 0x6F, 0x6F, 0x6F, 0x6F, 0x6F, 0x6F, 0x6F, 0x6F, 0x6F, 0x6F,
    0x6F, 0x6F, 0x6F, 0x6F, 0x6F, 0x6F, 0x6F, 0x6F, 0x6F, 0x6F, 0x6F, 0x6F, 0x6F, 0x6F, 0x6F, 0x6F, 0x6F, 0x6F, 0x6F, 0x6F, 0x6F, 0x6F, 0x6F, 0x6F, 0x6F, 0x6F, 0x6F, 0x6F, 0x6F, 0x6F, 0x6F, 0x6F,
    0x6F, 0x6F, 0x6F, 0x6F, 0x6F, 0x6F, 0x6F, 0x6F, 0x6F, 0x6F, 0x6F, 0x6F, 0x6F, 0x6F, 0x6F, 0x6F, 0x6F, 0x6F, 0x6F, 0x6F, 0x6F, 0x6F, 0x6F, 0x6F, 0x6F, 0x6F, 0x6F, 0x6F, 0x6F, 0x6F, 0x6F, 0x6F,
    0x6F, 0x6F, 0x6F, 0x6F, 0x6F, 0x6F, 0x6F, 0x6F, 0x6F, 0x6F, 0x6F, 0x6F, 0x6F, 0x6F, 0x6F, 0x6F, 0x6F, 0x6F, 0x6F, 0x6F, 0x6F, 0x6F, 0x6F, 0x6F, 0x6F, 0x6F, 0x6F, 0x6F, 0x6F, 0x6F, 0x6F, 0x6F,
    0x6F, 0x6F, 0x6F, 0x6F, 0x6F, 0x6F, 0x6F, 0x6F, 0x6F, 0x6F, 0x6F, 0x6F, 0x6F, 0x6F, 0x6F, 0x6F, 0x6F, 0x6F, 0x6F, 0x6F, 0x6F, 0x6F, 0x6F, 0x6F, 0x6F, 0x6F, 0x6F, 0x6F, 0x6F, 0x6F, 0x6F, 0x6F,
    0x6F, 0x6F, 0x6F, 0x6F, 0x6F, 0x6F, 0x6F, 0x6F, 0x6F, 0x6F, 0x6F, 0x6F, 0x6F, 0x6F, 0x6F, 0x6F, 0x6F, 0x6F, 0x6F, 0x6F, 0x6F, 0x6F, 0x6F, 0x6F, 0x6F, 0x6F, 0x6F, 0x6F, 0x6F, 0x6F, 0x6F, 0x6F,
    0x6F, 0x6F, 0x6F, 0x6F, 0x6F, 0x6F, 0x6F, 0x6F, 0x6F, 0x6F, 0x6F, 0x6F, 0x6F, 0x6F, 0x6F, 0x6F, 0x6F, 0x6F, 0x6F, 0x6F, 0x6F, 0x6F, 0x6F, 0x6F, 0x6F, 0x6F, 0x6F, 0x6F, 0x6F, 0x6F, 0x6F, 0x6F,
    0x6F, 0x6F, 0x6F, 0x6F, 0x6F, 0x6F, 0x6F, 0x6F, 0x6F, 0x6F, 0x6F, 0x6F, 0x6F, 0x6F, 0x6F, 0x6F, 0x6F, 0x6F, 0x6F, 0x6F, 0x6F, 0x6F, 0x6F, 0x6F, 0x6F, 0x6F, 0x6F, 0x6F, 0x6F, 0x6F, 0x6F, 0x6F,
    0x6F, 0x6F, 0x6F, 0x6F, 0x6F, 0x6F, 0x6F, 0x6F, 0x6F, 0x6F, 0x6F, 0x6F, 0x6F, 0x6F, 0x6F, 0x6F, 0x6F, 0x6F, 0x6F, 0x6F, 0x6F, 0x6F, 0x6F, 0x6F, 0x6F, 0x6F, 0x6F, 0x6F, 0x6F, 0x6F, 0x6F, 0x6F,
    0x6F, 0x6F, 0x6F, 0x6F, 0x6F, 0x6F, 0x6F, 0x6F, 0x6F, 0x6F, 0x6F, 0x6F, 0x6F, 0x6F, 0x6F, 0x6F, 0x6F, 0x6F, 0x6F, 0x6F, 0x6F, 0x6F, 0x6F, 0x6F, 0x6F, 0x6F, 0x6F, 0x6F, 0x6F, 0x6F, 0x6F, 0x6F,
    0x6F, 0x6F, 0x6F, 0x6F, 0x6F, 0x6F, 0x6F, 0x6F, 0x6F, 0x6F, 0x6F, 0x6F, 0x6F, 0x6F, 0x6F, 0x6F, 0x6F, 0x6F, 0x6F, 0x6F, 0x6F, 0x6F, 0x6F, 0x6F, 0x6F, 0x6F, 0x6F, 0x6F, 0x6F, 0x6F, 0x6F, 0x6F,
    0x6F, 0x6F, 0x6F, 0x6F, 0x6F, 0x6F, 0x6F, 0x6F, 0x6F, 0x6F, 0x6F, 0x6F, 0x6F, 0x6F, 0x6F, 0x6F, 0x6F, 0x6F, 0x6F, 0x6F, 0x6F, 0x6F, 0x6F, 0x6F, 0x6F, 0x6F, 0x6F, 0x6F, 0x6F, 0x6F, 0x6F, 0x6F,
    0x6F, 0x6F, 0x6F, 0x6F, 0x6F, 0x6F, 0x6F, 0x6F, 0x6F, 0x6F, 0x6F, 0x6F, 0x6F, 0x6F, 0x6F, 0x6F, 0x6F, 0x6F, 0x6F, 0x6F, 0x6F, 0x6F, 0x6F, 0x6F, 0x6F, 0x6F, 0x6F, 0x6F, 0x6F, 0x6F, 0x6F, 0x6F,
    0x6F, 0x6F, 0x6F, 0x6F, 0x6F, 0x6F, 0x6F, 0x6F, 0x6F, 0x6F, 0x6F, 0x6F, 0x6F, 0x6F, 0x6F, 0x6F, 0x6F, 0x6F, 0x6F, 0x6F, 0x6F, 0x6F, 0x6F, 0x6F, 0x6F, 0x6F, 0x6F, 0x6F, 0x6F, 0x6F, 0x6F, 0x6F,
    0x6F, 0x6F, 0x6F, 0x6F, 0x6F, 0x6F, 0x6F, 0x6F, 0x6F, 0x6F, 0x6F, 0x6F, 0x6F, 0x6F, 0x6F, 0x6F, 0x6F, 0x6F, 0x6F, 0x6F, 0x6F, 0x6F, 0x6F, 0x6F, 0x6F, 0x6F, 0x6F, 0x6F, 0x6F, 0x6F, 0x6F, 0x6F,
    0x6F, 0x6F, 0x6F, 0x6F, 0x6F, 0x6F, 0x6F, 0x6F, 0x6F, 0x6F, 0x6F, 0x6F, 0x6F, 0x6F, 0x6F, 0x6F, 0x6F, 0x6F, 0x6F, 0x6F, 0x6F, 0x6F, 0x6F, 0x6F, 0x6F, 0x6F, 0x6F, 0x6F, 0x6F, 0x6F, 0x6F, 0x6F,
    0x6F, 0x6F, 0x6F, 0x6F, 0x6F, 0x6F, 0x6F, 0x6F, 0x6F, 0x6F, 0x6F, 0x6F, 0x6F, 0x6F, 0x6F, 0x6F, 0x6F, 0x6F, 0x6F, 0x6F, 0x6F, 0x6F, 0x6F, 0x6F, 0x6F, 0x6F, 0x6F, 0x6F, 0x6F, 0x6F, 0x6F, 0x6F,
    0x6F, 0x6F, 0x6F, 0x6F, 0x6F, 0x6F, 0x6F, 0x6F, 0x6F, 0x6F, 0x6F, 0x6F, 0x6F, 0x6F, 0x6F, 0x6F, 0x6F, 0x6F, 0x6F, 0x6F, 0x6F, 0x6F, 0x6F, 0x6F, 0x6F, 0x6F, 0x6F, 0x6F, 0x6F, 0x6F, 0x6F, 0x6F,
    0x6F, 0x6F, 0x6F, 0x6F, 0x6F, 0x6F, 0x6F, 0x6F, 0x6F, 0x6F, 0x6F, 0x6F, 0x6F, 0x6F, 0x6F, 0x6F, 0x6F, 0x6F, 0x6F, 0x6F, 0x6F, 0x6F, 0x6F, 0x6F, 0x6F, 0x6F, 0x6F, 0x6F, 0x6F, 0x6F, 0x6F, 0x6F,
    0x6F, 0x6F, 0x6F, 0x6F, 0x6F, 0x6F, 0x6F, 0x6F, 0x6F, 0x6F, 0x6F, 0x6F, 0x6F, 0x6F, 0x6F, 0x6F, 0x6F, 0x6F, 0x6F, 0x6F, 0x6F, 0x6F, 0x6F, 0x6F, 0x6F, 0x6F, 0x6F, 0x6F, 0x6F, 0x6F, 0x6F, 0x6F,
    0x6F, 0x6F, 0x6F, 0x6F, 0x6F, 0x6F, 0x6F, 0x6F, 0x6F, 0x6F, 0x6F, 0x6F, 0x6F, 0x6F, 0x6F, 0x6F, 0x6F, 0x6F, 0x6F, 0x6F, 0x6F, 0x6F, 0x6F, 0x6F, 0x6F, 0x6F, 0x6F, 0x6F, 0x6F, 0x6F, 0x6F, 0x6F,
    0x6F, 0x6F, 0x6F, 0x6F, 0x6F, 0x6F, 0x6F, 0x6F, 0x6F, 0x6F, 0x6F, 0x6F, 0x6F, 0x6F, 0x6F, 0x6F, 0x6F, 0x6F, 0x6F, 0x6F, 0x6F, 0x6F, 0x6F, 0x6F, 0x6F, 0x6F, 0x6F, 0x6F, 0x6F, 0x6F, 0x6F, 0x6F,
    0x6F, 0x6F, 0x6F, 0x6F, 0x6F, 0x6F, 0x6F, 0x6F, 0x6F, 0x6F, 0x6F, 0x6F, 0x6F, 0x6F, 0x6F, 0x6F, 0x6F, 0x6F, 0x6F, 0x6F, 0x6F, 0x6F, 0x6F, 0x6F, 0x6F, 0x6F, 0x6F, 0x6F, 0x6F, 0x6F, 0x6F, 0x6F,
    0x6F, 0x6F, 0x6F, 0x6F, 0x6F, 0x6F, 0x6F, 0x6F, 0x6F, 0x6F, 0x6F, 0x6F, 0x6F, 0x6F, 0x6F, 0x6F, 0x6F, 0x6F, 0x6F, 0x6F, 0x6F, 0x6F, 0x6F, 0x6F, 0x6F, 0x6F, 0x6F, 0x6F, 0x6F, 0x6F, 0x6F, 0x6F,
    0x6F, 0x6F, 0x6F, 0x6F, 0x6F, 0x6F, 0x6F, 0x6F, 0x6F, 0x6F, 0x6F, 0x6F, 0x6F, 0x6F, 0x6F, 0x6F, 0x6F, 0x6F, 0x6F, 0x6F, 0x6F, 0x6F, 0x6F, 0x6F, 0x6F, 0x6F, 0x6F, 0x6F, 0x6F, 0x6F, 0x6F, 0x6F,
    0x6F, 0x6F, 0x6F, 0x6F, 0x6F, 0x6F, 0x6F, 0x6F, 0x6F, 0x6F, 0x6F, 0x6F, 0x6F, 0x6F, 0x6F, 0x6F, 0x6F, 0x6F, 0x6F, 0x6F, 0x6F, 0x6F, 0x6F, 0x6F, 0x6F, 0x6F, 0x6F, 0x6F, 0x6F, 0x6F, 0x6F, 0x6F,
    0x6F, 0x6F, 0x6F, 0x6F, 0x6F, 0x6F, 0x6F, 0x6F, 0x6F, 0x6F, 0x6F, 0x6F, 0x6F, 0x6F, 0x6F, 0x6F, 0x6F, 0x6F, 0x6F, 0x6F, 0x6F, 0x6F, 0x6F, 0x6F, 0x6F, 0x6F, 0x6F, 0x6F, 0x6F, 0x6F, 0x6F, 0x6F,
    0x6F, 0x6F, 0x6F, 0x6F, 0x6F, 0x6F, 0x6F, 0x6F, 0x6F, 0x6F, 0x6F, 0x6F, 0x6F, 0x6F, 0x6F, 0x6F, 0x6F, 0x6F, 0x6F, 0x6F, 0x6F, 0x6F, 0x6F, 0x6F, 0x6F, 0x6F, 0x6F, 0x6F, 0x6F, 0x6F, 0x6F, 0x6F,
    0x6F, 0x6F, 0x6F, 0x6F, 0x6F, 0x6F, 0x6F, 0x6F, 0x6F, 0x6F, 0x6F, 0x6F, 0x6F, 0x6F, 0x6F, 0x6F, 0x6F, 0x6F, 0x6F, 0x6F, 0x6F, 0x6F, 0x6F, 0x6F, 0x6F, 0x6F, 0x6F, 0x6F, 0x6F, 0x6F, 0x6F, 0x6F,
    0x6F, 0x6F, 0x6F, 0x6F, 0x6F, 0x6F, 0x6F, 0x6F, 0x6F, 0x6F, 0x6F, 0x6F, 0x6F, 0x6F, 0x73, 0x73, 0x6F, 0x6F, 0x6F, 0x6F, 0x73, 0x73, 0x73, 0x73, 0x6F, 0x6F, 0x73, 0x73, 0x73, 0x73, 0x73, 0x73,
    0x6F, 0x6F, 0x6F, 0x6F, 0x6F, 0x6F, 0x6F, 0x6F, 0x6F, 0x6F, 0x6F, 0x6F, 0x6F, 0x6F, 0x6F, 0x6F, 0x6F, 0x6F, 0x6F, 0x6F, 0x6F, 0x6F, 0x6F, 0x73, 0x6F, 0x6F, 0x6F, 0x6F, 0x73, 0x73, 0x73, 0x73,
    0x6F, 0x73, 0x73, 0x73, 0x73, 0x73, 0x73, 0x73, 0x73, 0x73, 0x73, 0x73, 0x73, 0x73, 0x73, 0x73, 0x73, 0x73, 0x73, 0x73, 0x73, 0x57, 0x57, 0x54, 0x73, 0x73, 0x57, 0x57, 0x54, 0x54, 0x2B, 0x2B,
    0x6F, 0x6F, 0x6F, 0x6F, 0x6F, 0x73, 0x73, 0x73, 0x6F, 0x6F, 0x73, 0x73, 0x73, 0x73, 0x73, 0x73, 0x73, 0x73, 0x73, 0x73, 0x73, 0x73, 0x73, 0x73, 0x73, 0x73, 0x73, 0x73, 0x73, 0x73, 0x57, 0x54,
    0x73, 0x73, 0x73, 0x57, 0x57, 0x54, 0x2B, 0x2B, 0x57, 0x57, 0x54, 0x54, 0x2B, 0x2B, 0x2B, 0x2B, 0x54, 0x2B, 0x2B, 0x2B, 0x2B, 0x2B, 0x2B, 0x54, 0x2B, 0x2B, 0x2B, 0x2B, 0x54, 0x54, 0x57, 0x57,
    0x73, 0x73, 0x73, 0x73, 0x73, 0x73, 0x73, 0x57, 0x73, 0x73, 0x73, 0x57, 0x57, 0x54, 0x54, 0x54, 0x57, 0x57, 0x54, 0x54, 0x2B, 0x2B, 0x2B, 0x2B, 0x54, 0x2B, 0x2B, 0x2B, 0x2B, 0x2B, 0x2B, 0x2B,
    0x2B, 0x2B, 0x2B, 0x2B, 0x2B, 0x54, 0x54, 0x57, 0x2B, 0x2B, 0x54, 0x54, 0x57, 0x57, 0x73, 0x73, 0x54, 0x57, 0x57, 0x73, 0x73, 0x73, 0x73, 0x73, 0x73, 0x73, 0x73, 0x73, 0x73, 0x73, 0x73, 0x43,
    0x57, 0x54, 0x54, 0x54, 0x54, 0x57, 0x73, 0x73, 0x2B, 0x2B, 0x2B, 0x54, 0x54, 0x54, 0x57, 0x73, 0x2B, 0x2B, 0x2B, 0x2B, 0x54, 0x54, 0x54, 0x57, 0x54, 0x54, 0x54, 0x57, 0x57, 0x73, 0x73, 0x73,
    0x57, 0x73, 0x73, 0x73, 0x73, 0x73, 0x73, 0x73, 0x73, 0x73, 0x73, 0x73, 0x73, 0x73, 0x48, 0x43, 0x73, 0x73, 0x48, 0x43, 0x0D, 0x0D, 0x0D, 0x0D, 0x43, 0x0D, 0x0D, 0x05, 0x05, 0x05, 0x05, 0x05,
    0x57, 0x54, 0x54, 0x54, 0x54, 0x54, 0x54, 0x57, 0x73, 0x57, 0x57, 0x57, 0x57, 0x73, 0x73, 0x73, 0x73, 0x73, 0x73, 0x73, 0x73, 0x73, 0x73, 0x73, 0x73, 0x73, 0x73, 0x73, 0x73, 0x73, 0x48, 0x43,
    0x73, 0x73, 0x73, 0x43, 0x43, 0x0D, 0x0D, 0x05, 0x0D, 0x43, 0x73, 0x73, 0x43, 0x0D, 0x0D, 0x0D, 0x0D, 0x0D, 0x43, 0x73, 0x73, 0x43, 0x0D, 0x0D, 0x05, 0x0D, 0x0D, 0x43, 0x73, 0x73, 0x43, 0x0D,
    0x57, 0x73, 0x73, 0x73, 0x73, 0x73, 0x73, 0x73, 0x73, 0x73, 0x73, 0x73, 0x73, 0x73, 0x43, 0x43, 0x73, 0x73, 0x48, 0x43, 0x0D, 0x0D, 0x0D, 0x05, 0x0D, 0x0D, 0x0D, 0x05, 0x05, 0x05, 0x05, 0x05,
    0x05, 0x05, 0x05, 0x05, 0x05, 0x05, 0x05, 0x05, 0x05, 0x05, 0x05, 0x05, 0x05, 0x05, 0x0D, 0x0D, 0x0D, 0x0D, 0x0D, 0x0D, 0x0D, 0x43, 0x43, 0x73, 0x0D, 0x43, 0x43, 0x73, 0x73, 0x73, 0x73, 0x73,
    0x73, 0x73, 0x73, 0x43, 0x43, 0x0D, 0x0D, 0x0D, 0x0D, 0x0D, 0x0D, 0x0D, 0x05, 0x05, 0x05, 0x05, 0x05, 0x05, 0x05, 0x05, 0x05, 0x05, 0x05, 0x05, 0x05, 0x05, 0x05, 0x05, 0x05, 0x05, 0x05, 0x0D,
    0x05, 0x05, 0x0D, 0x0D, 0x0D, 0x0D, 0x43, 0x43, 0x0D, 0x43, 0x43, 0x73, 0x73, 0x73, 0x73, 0x73, 0x73, 0x73, 0x73, 0x73, 0x73, 0x73, 0x73, 0x73, 0x73, 0x73, 0x73, 0x73, 0x55, 0x55, 0x55, 0x4F,
    0x0D, 0x05, 0x05, 0x05, 0x05, 0x05, 0x05, 0x05, 0x05, 0x05, 0x05, 0x05, 0x05, 0x05, 0x05, 0x05, 0x05, 0x05, 0x05, 0x05, 0x0D, 0x0D, 0x0D, 0x0D, 0x0D, 0x0D, 0x0D, 0x43, 0x43, 0x73, 0x73, 0x73,
    0x73, 0x73, 0x73, 0x73, 0x73, 0x73, 0x73, 0x73, 0x73, 0x73, 0x73, 0x73, 0x73, 0x73, 0x55, 0x55, 0x73, 0x55, 0x55, 0x55, 0x4F, 0x4F, 0x4F, 0x4F, 0x4F, 0x4F, 0x4F, 0x4F, 0x4F, 0x4F, 0x4F, 0x4F,
    0x05, 0x05, 0x05, 0x05, 0x05, 0x05, 0x05, 0x05, 0x05, 0x05, 0x0D, 0x0D, 0x0D, 0x0D, 0x0D, 0x43, 0x43, 0x43, 0x43, 0x73, 0x73, 0x73, 0x73, 0x73, 0x73, 0x73, 0x73, 0x73, 0x73, 0x73, 0x73, 0x73,
    0x73, 0x73, 0x73, 0x73, 0x55, 0x55, 0x55, 0x55, 0x55, 0x55, 0x4F, 0x4F, 0x4F, 0x4F, 0x4F, 0x4F, 0x4F, 0x4F, 0x4F, 0x4F, 0x4F, 0x4F, 0x4F, 0x4F, 0x4F, 0x4F, 0x4F, 0x4F, 0x4F, 0x4F, 0x4F, 0x4F,
    0x05, 0x0D, 0x0D, 0x0D, 0x0D, 0x0D, 0x43, 0x43, 0x43, 0x43, 0x73, 0x73, 0x73, 0x73, 0x73, 0x73, 0x73, 0x73, 0x73, 0x73, 0x73, 0x73, 0x73, 0x73, 0x73, 0x73, 0x73, 0x55, 0x55, 0x55, 0x55, 0x55,
    0x55, 0x4F, 0x4F, 0x4F, 0x2A, 0x2A, 0x2A, 0x2A, 0x4F, 0x4F, 0x2A, 0x2A, 0x2A, 0x2A, 0x2A, 0x2A, 0x4F, 0x2A, 0x2A, 0x2A, 0x2A, 0x2A, 0x2A, 0x2A, 0x2A, 0x2A, 0x2A, 0x2A, 0x2A, 0x2A, 0x2A, 0x2A,
    0x43, 0x73, 0x73, 0x73, 0x73, 0x73, 0x73, 0x73, 0x73, 0x73, 0x73, 0x73, 0x73, 0x73, 0x73, 0x73, 0x73, 0x73, 0x55, 0x55, 0x73, 0x73, 0x55, 0x55, 0x4F, 0x4F, 0x4F, 0x4F, 0x55, 0x73, 0x73, 0x55,
    0x2A, 0x2A, 0x2A, 0x4F, 0x55, 0x73, 0x73, 0x55, 0x2A, 0x2A, 0x2A, 0x2A, 0x55, 0x73, 0x73, 0x55, 0x2A, 0x2A, 0x2A, 0x2A, 0x4F, 0x55, 0x73, 0x73, 0x2A, 0x2A, 0x2A, 0x2A, 0x2A, 0x55, 0x73, 0x73,
    0x73, 0x73, 0x73, 0x73, 0x73, 0x73, 0x73, 0x73, 0x73, 0x73, 0x55, 0x55, 0x55, 0x55, 0x55, 0x55, 0x55, 0x4F, 0x4F, 0x4F, 0x4F, 0x4F, 0x2A, 0x2A, 0x4F, 0x4F, 0x2A, 0x2A, 0x2A, 0x2A, 0x2A, 0x2A,
    0x4F, 0x2A, 0x2A, 0x2A, 0x2A, 0x2A, 0x2A, 0x2A, 0x4F, 0x2A, 0x2A, 0x2A, 0x2A, 0x2A, 0x2A, 0x2A, 0x55, 0x4F, 0x2A, 0x2A, 0x2A, 0x2A, 0x2A, 0x2A, 0x55, 0x4F, 0x4F, 0x2A, 0x2A, 0x2A, 0x2A, 0x2A,
    0x73, 0x73, 0x73, 0x73, 0x73, 0x73, 0x55, 0x55, 0x55, 0x55, 0x55, 0x55, 0x4F, 0x4F, 0x4F, 0x4F, 0x2A, 0x2A, 0x4F, 0x4F, 0x4F, 0x4F, 0x4F, 0x4F, 0x2A, 0x2A, 0x2A, 0x2A, 0x4F, 0x4F, 0x4F, 0x4F,
    0x2A, 0x2A, 0x2A, 0x2A, 0x2A, 0x2A, 0x4F, 0x4F, 0x2A, 0x2A, 0x2A, 0x2A, 0x2A, 0x2A, 0x2A, 0x2A, 0x2A, 0x2A, 0x2A, 0x2A, 0x2A, 0x2A, 0x2A, 0x2A, 0x2A, 0x2A, 0x2A, 0x2A, 0x2A, 0x2A, 0x2A, 0x2A,
    0x55, 0x55, 0x55, 0x55, 0x55, 0x55, 0x55, 0x55, 0x4F, 0x4F, 0x4F, 0x4F, 0x4F, 0x4F, 0x4F, 0x4F, 0x4F, 0x4F, 0x4F, 0x4F, 0x4F, 0x4F, 0x4F, 0x4F, 0x4F, 0x4F, 0x4F, 0x4F, 0x4F, 0x4F, 0x4F, 0x4F,
    0x4F, 0x4F, 0x4F, 0x4F, 0x4F, 0x4F, 0x4F, 0x4F, 0x4F, 0x4F, 0x4F, 0x4F, 0x4F, 0x4F, 0x4F, 0x4F, 0x2A, 0x2A, 0x4F, 0x4F, 0x4F, 0x4F, 0x4F, 0x2A, 0x2A, 0x2A, 0x2A, 0x4F, 0x4F, 0x4F, 0x2A, 0x2A,
    0x55, 0x55, 0x55, 0x55, 0x55, 0x55, 0x55, 0x55, 0x4F, 0x4F, 0x4F, 0x4F, 0x4F, 0x4F, 0x4F, 0x4F, 0x4F, 0x4F, 0x4F, 0x4F, 0x4F, 0x2A, 0x2A, 0x2A, 0x4F, 0x4F, 0x4F, 0x2A, 0x2A, 0x2A, 0x2A, 0x2A,
    0x4F, 0x4F, 0x2A, 0x2A, 0x2A, 0x2A, 0x2A, 0x2A, 0x2A, 0x2A, 0x2A, 0x2A, 0x2A, 0x2A, 0x2A, 0x2A, 0x2A, 0x2A, 0x2A, 0x2A, 0x2A, 0x2A, 0x2A, 0x2A, 0x2A, 0x2A, 0x2A, 0x2A, 0x2A, 0x2A, 0x2A, 0x2A,
    0x55, 0x55, 0x55, 0x55, 0x55, 0x55, 0x55, 0x73, 0x4F, 0x4F, 0x4F, 0x4F, 0x4F, 0x4F, 0x55, 0x73, 0x2A, 0x2A, 0x2A, 0x2A, 0x2A, 0x4F, 0x55, 0x73, 0x2A, 0x2A, 0x2A, 0x2A, 0x2A, 0x4F, 0x55, 0x73,
    0x2A, 0x2A, 0x2A, 0x2A, 0x2A, 0x4F, 0x55, 0x73, 0x2A, 0x2A, 0x2A, 0x2A, 0x2A, 0x4F, 0x55, 0x73, 0x2A, 0x2A, 0x2A, 0x2A, 0x2A, 0x4F, 0x55, 0x73, 0x2A, 0x2A, 0x2A, 0x2A, 0x2A, 0x4F, 0x55, 0x73,
    0x73, 0x55, 0x55, 0x55, 0x55, 0x55, 0x55, 0x55, 0x73, 0x55, 0x4F, 0x4F, 0x4F, 0x4F, 0x4F, 0x4F, 0x73, 0x55, 0x4F, 0x2A, 0x2A, 0x2A, 0x2A, 0x2A, 0x73, 0x55, 0x4F, 0x2A, 0x2A, 0x2A, 0x2A, 0x2A,
    0x73, 0x55, 0x4F, 0x2A, 0x2A, 0x2A, 0x2A, 0x2A, 0x73, 0x55, 0x4F, 0x2A, 0x2A, 0x2A, 0x2A, 0x2A, 0x73, 0x55, 0x4F, 0x2A, 0x2A, 0x2A, 0x2A, 0x2A, 0x73, 0x55, 0x4F, 0x2A, 0x2A, 0x2A, 0x2A, 0x2A,
    0x55, 0x55, 0x55, 0x55, 0x55, 0x55, 0x55, 0x55, 0x4F, 0x4F, 0x4F, 0x4F, 0x4F, 0x4F, 0x4F, 0x4F, 0x2A, 0x2A, 0x2A, 0x4F, 0x4F, 0x4F, 0x4F, 0x4F, 0x2A, 0x2A, 0x2A, 0x2A, 0x2A, 0x4F, 0x4F, 0x4F,
    0x2A, 0x2A, 0x2A, 0x2A, 0x2A, 0x2A, 0x4F, 0x4F, 0x2A, 0x2A, 0x2A, 0x2A, 0x2A, 0x2A, 0x2A, 0x2A, 0x2A, 0x2A, 0x2A, 0x2A, 0x2A, 0x2A, 0x2A, 0x2A, 0x2A, 0x2A, 0x2A, 0x2A, 0x2A, 0x2A, 0x2A, 0x2A,
    0x55, 0x55, 0x55, 0x55, 0x55, 0x55, 0x55, 0x55, 0x4F, 0x4F, 0x4F, 0x4F, 0x4F, 0x4F, 0x4F, 0x4F, 0x4F, 0x4F, 0x4F, 0x4F, 0x4F, 0x4F, 0x4F, 0x4F, 0x4F, 0x4F, 0x4F, 0x4F, 0x4F, 0x4F, 0x4F, 0x4F,
    0x4F, 0x4F, 0x4F, 0x4F, 0x4F, 0x4F, 0x4F, 0x4F, 0x4F, 0x4F, 0x4F, 0x4F, 0x4F, 0x4F, 0x4F, 0x4F, 0x2A, 0x4F, 0x4F, 0x4F, 0x4F, 0x4F, 0x2A, 0x2A, 0x2A, 0x2A, 0x4F, 0x4F, 0x4F, 0x2A, 0x2A, 0x2A,
    0x55, 0x55, 0x73, 0x73, 0x73, 0x73, 0x73, 0x73, 0x4F, 0x4F, 0x4F, 0x4F, 0x55, 0x55, 0x55, 0x55, 0x4F, 0x4F, 0x4F, 0x4F, 0x4F, 0x4F, 0x2A, 0x2A, 0x4F, 0x4F, 0x4F, 0x4F, 0x2A, 0x2A, 0x2A, 0x2A,
    0x4F, 0x4F, 0x2A, 0x2A, 0x2A, 0x2A, 0x2A, 0x2A, 0x2A, 0x2A, 0x2A, 0x2A, 0x2A, 0x2A, 0x2A, 0x2A, 0x2A, 0x2A, 0x2A, 0x2A, 0x2A, 0x2A, 0x2A, 0x2A, 0x2A, 0x2A, 0x2A, 0x2A, 0x2A, 0x2A, 0x2A, 0x2A,
    0x73, 0x73, 0x73, 0x73, 0x73, 0x73, 0x73, 0x73, 0x55, 0x55, 0x55, 0x55, 0x55, 0x55, 0x73, 0x73, 0x2A, 0x2A, 0x4F, 0x4F, 0x4F, 0x4F, 0x4F, 0x55, 0x2A, 0x2A, 0x2A, 0x2A, 0x2A, 0x2A, 0x4F, 0x4F,
    0x2A, 0x2A, 0x2A, 0x2A, 0x2A, 0x2A, 0x2A, 0x4F, 0x2A, 0x2A, 0x2A, 0x2A, 0x2A, 0x2A, 0x2A, 0x4F, 0x2A, 0x2A, 0x2A, 0x2A, 0x2A, 0x2A, 0x4F, 0x55, 0x2A, 0x2A, 0x2A, 0x2A, 0x2A, 0x4F, 0x4F, 0x55,
    0x73, 0x73, 0x73, 0x73, 0x73, 0x73, 0x73, 0x43, 0x73, 0x73, 0x73, 0x73, 0x73, 0x73, 0x73, 0x73, 0x55, 0x55, 0x73, 0x73, 0x55, 0x55, 0x73, 0x73, 0x55, 0x73, 0x73, 0x55, 0x4F, 0x4F, 0x4F, 0x4F,
    0x55, 0x73, 0x73, 0x55, 0x4F, 0x2A, 0x2A, 0x2A, 0x55, 0x73, 0x73, 0x55, 0x2A, 0x2A, 0x2A, 0x2A, 0x73, 0x73, 0x55, 0x4F, 0x2A, 0x2A, 0x2A, 0x2A, 0x73, 0x73, 0x55, 0x2A, 0x2A, 0x2A, 0x2A, 0x2A,
    0x43, 0x43, 0x0D, 0x0D, 0x0D, 0x0D, 0x0D, 0x05, 0x73, 0x73, 0x73, 0x73, 0x73, 0x73, 0x43, 0x43, 0x73, 0x73, 0x73, 0x73, 0x73, 0x73, 0x73, 0x73, 0x55, 0x55, 0x55, 0x55, 0x55, 0x73, 0x73, 0x73,
    0x2A, 0x2A, 0x2A, 0x2A, 0x4F, 0x4F, 0x4F, 0x55, 0x2A, 0x2A, 0x2A, 0x2A, 0x2A, 0x2A, 0x4F, 0x4F, 0x2A, 0x2A, 0x2A, 0x2A, 0x2A, 0x2A, 0x2A, 0x4F, 0x2A, 0x2A, 0x2A, 0x2A, 0x2A, 0x2A, 0x2A, 0x2A,
    0x05, 0x05, 0x05, 0x05, 0x05, 0x05, 0x05, 0x05, 0x43, 0x0D, 0x0D, 0x0D, 0x0D, 0x0D, 0x05, 0x05, 0x73, 0x73, 0x73, 0x73, 0x73, 0x43, 0x43, 0x43, 0x73, 0x73, 0x73, 0x73, 0x73, 0x73, 0x73, 0x73,
    0x55, 0x55, 0x55, 0x55, 0x73, 0x73, 0x73, 0x73, 0x4F, 0x4F, 0x4F, 0x4F, 0x4F, 0x4F, 0x55, 0x55, 0x4F, 0x4F, 0x4F, 0x4F, 0x4F, 0x4F, 0x4F, 0x4F, 0x4F, 0x4F, 0x4F, 0x4F, 0x4F, 0x4F, 0x4F, 0x4F,
    0x05, 0x05, 0x05, 0x05, 0x05, 0x05, 0x05, 0x0D, 0x05, 0x05, 0x05, 0x05, 0x05, 0x05, 0x05, 0x05, 0x0D, 0x0D, 0x0D, 0x0D, 0x05, 0x05, 0x05, 0x05, 0x73, 0x73, 0x73, 0x43, 0x43, 0x0D, 0x0D, 0x0D,
    0x73, 0x73, 0x73, 0x73, 0x73, 0x73, 0x73, 0x73, 0x55, 0x55, 0x73, 0x73, 0x73, 0x73, 0x73, 0x73, 0x4F, 0x4F, 0x4F, 0x4F, 0x55, 0x55, 0x55, 0x73, 0x4F, 0x4F, 0x4F, 0x4F, 0x4F, 0x4F, 0x4F, 0x4F,
    0x0D, 0x0D, 0x0D, 0x43, 0x43, 0x73, 0x73, 0x73, 0x05, 0x05, 0x05, 0x05, 0x0D, 0x0D, 0x0D, 0x0D, 0x05, 0x05, 0x05, 0x05, 0x05, 0x05, 0x05, 0x05, 0x0D, 0x05, 0x05, 0x05, 0x05, 0x05, 0x05, 0x05,
    0x43, 0x43, 0x0D, 0x0D, 0x0D, 0x0D, 0x05, 0x05, 0x73, 0x73, 0x73, 0x73, 0x73, 0x43, 0x43, 0x0D, 0x73, 0x73, 0x73, 0x73, 0x73, 0x73, 0x73, 0x73, 0x4F, 0x55, 0x55, 0x55, 0x73, 0x73, 0x73, 0x73,
    0x73, 0x73, 0x73, 0x73, 0x73, 0x73, 0x73, 0x57, 0x43, 0x43, 0x73, 0x73, 0x73, 0x73, 0x73, 0x73, 0x05, 0x0D, 0x0D, 0x0D, 0x43, 0x43, 0x73, 0x73, 0x05, 0x05, 0x05, 0x05, 0x05, 0x0D, 0x0D, 0x0D,
    0x05, 0x05, 0x05, 0x05, 0x05, 0x05, 0x05, 0x05, 0x0D, 0x0D, 0x05, 0x05, 0x05, 0x05, 0x05, 0x05, 0x73, 0x43, 0x43, 0x0D, 0x0D, 0x0D, 0x0D, 0x0D, 0x73, 0x73, 0x73, 0x73, 0x73, 0x43, 0x43, 0x0D,
    0x57, 0x54, 0x54, 0x54, 0x54, 0x54, 0x54, 0x57, 0x73, 0x73, 0x73, 0x57, 0x57, 0x57, 0x57, 0x73, 0x73, 0x73, 0x73, 0x73, 0x73, 0x73, 0x73, 0x73, 0x43, 0x43, 0x73, 0x73, 0x73, 0x73, 0x73, 0x73,
    0x05, 0x0D, 0x0D, 0x43, 0x43, 0x73, 0x73, 0x73, 0x0D, 0x0D, 0x0D, 0x43, 0x73, 0x73, 0x43, 0x0D, 0x0D, 0x0D, 0x43, 0x73, 0x73, 0x43, 0x0D, 0x0D, 0x0D, 0x43, 0x73, 0x73, 0x43, 0x0D, 0x0D, 0x05,
    0x73, 0x73, 0x57, 0x54, 0x54, 0x54, 0x54, 0x57, 0x73, 0x57, 0x54, 0x54, 0x54, 0x2B, 0x2B, 0x2B, 0x57, 0x54, 0x54, 0x54, 0x2B, 0x2B, 0x2B, 0x2B, 0x73, 0x73, 0x73, 0x57, 0x57, 0x54, 0x54, 0x54,
    0x73, 0x73, 0x73, 0x73, 0x73, 0x73, 0x73, 0x57, 0x43, 0x43, 0x73, 0x73, 0x73, 0x73, 0x73, 0x73, 0x0D, 0x0D, 0x0D, 0x0D, 0x43, 0x43, 0x73, 0x73, 0x05, 0x05, 0x05, 0x05, 0x05, 0x0D, 0x0D, 0x43,
    0x57, 0x73, 0x73, 0x73, 0x73, 0x73, 0x73, 0x73, 0x54, 0x54, 0x54, 0x57, 0x57, 0x73, 0x73, 0x73, 0x2B, 0x2B, 0x2B, 0x2B, 0x54, 0x54, 0x57, 0x57, 0x2B, 0x2B, 0x2B, 0x2B, 0x2B, 0x2B, 0x2B, 0x54,
    0x57, 0x54, 0x54, 0x2B, 0x2B, 0x2B, 0x2B, 0x2B, 0x73, 0x73, 0x57, 0x57, 0x54, 0x54, 0x2B, 0x2B, 0x73, 0x73, 0x73, 0x73, 0x73, 0x57, 0x57, 0x54, 0x43, 0x73, 0x73, 0x73, 0x73, 0x73, 0x73, 0x73,
    0x73, 0x73, 0x73, 0x6F, 0x6F, 0x6F, 0x6F, 0x6F, 0x73, 0x73, 0x73, 0x73, 0x73, 0x73, 0x6F, 0x6F, 0x73, 0x73, 0x73, 0x73, 0x73, 0x73, 0x73, 0x73, 0x54, 0x57, 0x73, 0x73, 0x73, 0x73, 0x73, 0x73,
    0x2B, 0x2B, 0x54, 0x57, 0x57, 0x73, 0x73, 0x73, 0x2B, 0x2B, 0x2B, 0x2B, 0x54, 0x54, 0x57, 0x57, 0x54, 0x2B, 0x2B, 0x2B, 0x2B, 0x2B, 0x2B, 0x54, 0x57, 0x57, 0x54, 0x54, 0x2B, 0x2B, 0x2B, 0x2B,
    0x6F, 0x6F, 0x6F, 0x6F, 0x6F, 0x6F, 0x6F, 0x6F, 0x6F, 0x6F, 0x6F, 0x6F, 0x6F, 0x6F, 0x6F, 0x6F, 0x73, 0x6F, 0x6F, 0x6F, 0x6F, 0x6F, 0x6F, 0x6F, 0x73, 0x73, 0x73, 0x73, 0x6F, 0x6F, 0x6F, 0x6F,
    0x73, 0x73, 0x73, 0x73, 0x73, 0x73, 0x73, 0x6F, 0x73, 0x73, 0x73, 0x73, 0x73, 0x73, 0x73, 0x73, 0x54, 0x57, 0x57, 0x73, 0x73, 0x73, 0x73, 0x73, 0x2B, 0x2B, 0x54, 0x54, 0x57, 0x57, 0x73, 0x73,
    0x6F, 0x6F, 0x6F, 0x6F, 0x6F, 0x6F, 0x6F, 0x6F, 0x6F, 0x6F, 0x6F, 0x6F, 0x6F, 0x6F, 0x6F, 0x6F, 0x6F, 0x6F, 0x6F, 0x6F, 0x6F, 0x6F, 0x6F, 0x6F, 0x6F, 0x6F, 0x6F, 0x6F, 0x6F, 0x6F, 0x6F, 0x6F,
    0x6F, 0x6F, 0x6F, 0x6F, 0x6F, 0x6F, 0x6F, 0x6F, 0x73, 0x73, 0x6F, 0x6F, 0x6F, 0x6F, 0x6F, 0x6F, 0x73, 0x73, 0x73, 0x73, 0x6F, 0x6F, 0x6F, 0x6F, 0x73, 0x73, 0x73, 0x73, 0x73, 0x73, 0x6F, 0x6F,
    0x6F, 0x6F, 0x6F, 0x6F, 0x6F, 0x6F, 0x6F, 0x6F, 0x6F, 0x6F, 0x6F, 0x6F, 0x6F, 0x6F, 0x6F, 0x6F, 0x6F, 0x6F, 0x6F, 0x6F, 0x6F, 0x6F, 0x6F, 0x6F, 0x6F, 0x6F, 0x6F, 0x6F, 0x6F, 0x6F, 0x6F, 0x6F,
    0x6F, 0x6F, 0x6F, 0x6F, 0x6F, 0x6F, 0x6F, 0x6F, 0x6F, 0x6F, 0x6F, 0x6F, 0x6F, 0x6F, 0x6F, 0x6F, 0x6F, 0x6F, 0x6F, 0x6F, 0x6F, 0x6F, 0x6F, 0x6F, 0x6F, 0x6F, 0x6F, 0x6F, 0x6F, 0x6F, 0x6F, 0x6F,
    0x6F, 0x6F, 0x6F, 0x6F, 0x6F, 0x6F, 0x6F, 0x6F, 0x6F, 0x6F, 0x6F, 0x6F, 0x6F, 0x6F, 0x6F, 0x6F, 0x6F, 0x6F, 0x6F, 0x6F, 0x6F, 0x6F, 0x6F, 0x6F, 0x6F, 0x6F, 0x6F, 0x6F, 0x6F, 0x6F, 0x6F, 0x6F,
    0x6F, 0x6F, 0x6F, 0x6F, 0x6F, 0x6F, 0x6F, 0x6F, 0x6F, 0x6F, 0x6F, 0x6F, 0x6F, 0x6F, 0x6F, 0x6F, 0x6F, 0x6F, 0x6F, 0x6F, 0x6F, 0x6F, 0x6F, 0x6F, 0x6F, 0x6F, 0x6F, 0x6F, 0x6F, 0x6F, 0x6F, 0x6F,
    0x6F, 0x6F, 0x6F, 0x6F, 0x6F, 0x6F, 0x6F, 0x6F, 0x6F, 0x6F, 0x6F, 0x6F, 0x6F, 0x6F, 0x6F, 0x6F, 0x6F, 0x6F, 0x6F, 0x6F, 0x6F, 0x6F, 0x6F, 0x6F, 0x6F, 0x6F, 0x6F, 0x6F, 0x6F, 0x6F, 0x6F, 0x6F,
    0x6F, 0x6F, 0x6F, 0x6F, 0x6F, 0x6F, 0x6F, 0x6F, 0x6F, 0x6F, 0x6F, 0x6F, 0x6F, 0x6F, 0x6F, 0x6F, 0x6F, 0x6F, 0x6F, 0x6F, 0x6F, 0x6F, 0x6F, 0x6F, 0x6F, 0x6F, 0x6F, 0x6F, 0x6F, 0x6F, 0x6F, 0x6F,
    0x6F, 0x6F, 0x6F, 0x6F, 0x6F, 0x6F, 0x6F, 0x6F, 0x6F, 0x6F, 0x6F, 0x6F, 0x6F, 0x6F, 0x6F, 0x6F, 0x6F, 0x6F, 0x6F, 0x6F, 0x6F, 0x6F, 0x6F, 0x6F, 0x6F, 0x6F, 0x6F, 0x6F, 0x6F, 0x6F, 0x6F, 0x6F,
    0x6F, 0x6F, 0x6F, 0x6F, 0x6F, 0x6F, 0x6F, 0x6F, 0x6F, 0x6F, 0x6F, 0x6F, 0x6F, 0x6F, 0x6F, 0x6F, 0x6F, 0x6F, 0x6F, 0x6F, 0x6F, 0x6F, 0x6F, 0x6F, 0x6F, 0x6F, 0x6F, 0x6F, 0x6F, 0x6F, 0x6F, 0x6F,
    0x6F, 0x6F, 0x6F, 0x6F, 0x6F, 0x6F, 0x6F, 0x6F, 0x6F, 0x6F, 0x6F, 0x6F, 0x6F, 0x6F, 0x6F, 0x6F, 0x6F, 0x6F, 0x6F, 0x6F, 0x6F, 0x6F, 0x6F, 0x6F, 0x6F, 0x6F, 0x6F, 0x6F, 0x6F, 0x6F, 0x6F, 0x6F,
    0x6F, 0x6F, 0x6F, 0x6F, 0x6F, 0x6F, 0x6F, 0x6F, 0x6F, 0x6F, 0x6F, 0x6F, 0x6F, 0x6F, 0x6F, 0x6F, 0x6F, 0x6F, 0x6F, 0x6F, 0x6F, 0x6F, 0x6F, 0x6F, 0x6F, 0x6F, 0x6F, 0x6F, 0x6F, 0x6F, 0x6F, 0x6F,
    0x6F, 0x6F, 0x6F, 0x6F, 0x6F, 0x6F, 0x6F, 0x6F, 0x6F, 0x6F, 0x6F, 0x6F, 0x6F, 0x6F, 0x6F, 0x6F, 0x6F, 0x6F, 0x6F, 0x6F, 0x6F, 0x6F, 0x6F, 0x6F, 0x6F, 0x6F, 0x6F, 0x6F, 0x6F, 0x6F, 0x6F, 0x6F,
    0x6F, 0x6F, 0x6F, 0x6F, 0x6F, 0x6F, 0x6F, 0x6F, 0x6F, 0x6F, 0x6F, 0x6F, 0x6F, 0x6F, 0x6F, 0x6F, 0x6F, 0x6F, 0x6F, 0x6F, 0x6F, 0x6F, 0x6F, 0x6F, 0x6F, 0x6F, 0x6F, 0x6F, 0x6F, 0x6F, 0x6F, 0x6F,
    0x6F, 0x6F, 0x6F, 0x6F, 0x6F, 0x6F, 0x6F, 0x6F, 0x6F, 0x6F, 0x6F, 0x6F, 0x6F, 0x6F, 0x6F, 0x6F, 0x6F, 0x6F, 0x6F, 0x6F, 0x6F, 0x6F, 0x6F, 0x6F, 0x6F, 0x6F, 0x6F, 0x6F, 0x6F, 0x6F, 0x6F, 0x6F,
    0x6F, 0x6F, 0x6F, 0x6F, 0x6F, 0x6F, 0x6F, 0x6F, 0x6F, 0x6F, 0x6F, 0x6F, 0x6F, 0x6F, 0x6F, 0x6F, 0x6F, 0x6F, 0x6F, 0x6F, 0x6F, 0x6F, 0x6F, 0x6F, 0x6F, 0x6F, 0x6F, 0x6F, 0x6F, 0x6F, 0x6F, 0x6F,
    0x6F, 0x6F, 0x6F, 0x6F, 0x6F, 0x6F, 0x6F, 0x6F, 0x6F, 0x6F, 0x6F, 0x6F, 0x6F, 0x6F, 0x6F, 0x6F, 0x6F, 0x6F, 0x6F, 0x6F, 0x6F, 0x6F, 0x6F, 0x6F, 0x6F, 0x6F, 0x6F, 0x6F, 0x6F, 0x6F, 0x6F, 0x6F,
    0x6F, 0x6F, 0x6F, 0x6F, 0x6F, 0x6F, 0x6F, 0x6F, 0x6F, 0x6F, 0x6F, 0x6F, 0x6F, 0x6F, 0x6F, 0x6F, 0x6F, 0x6F, 0x6F, 0x6F, 0x6F, 0x6F, 0x6F, 0x6F, 0x6F, 0x6F, 0x6F, 0x6F, 0x6F, 0x6F, 0x6F, 0x6F,
    0x6F, 0x6F, 0x6F, 0x6F, 0x6F, 0x6F, 0x6F, 0x6F, 0x6F, 0x6F, 0x6F, 0x6F, 0x6F, 0x6F, 0x6F, 0x6F, 0x6F, 0x6F, 0x6F, 0x6F, 0x6F, 0x6F, 0x6F, 0x6F, 0x6F, 0x6F, 0x6F, 0x6F, 0x6F, 0x6F, 0x6F, 0x6F,
    0x6F, 0x6F, 0x6F, 0x6F, 0x6F, 0x6F, 0x6F, 0x6F, 0x6F, 0x6F, 0x6F, 0x6F, 0x6F, 0x6F, 0x6F, 0x6F, 0x6F, 0x6F, 0x6F, 0x6F, 0x6F, 0x6F, 0x6F, 0x6F, 0x6F, 0x6F, 0x6F, 0x6F, 0x6F, 0x6F, 0x6F, 0x6F,
    0x6F, 0x6F, 0x6F, 0x6F, 0x6F, 0x6F, 0x6F, 0x6F, 0x6F, 0x6F, 0x6F, 0x6F, 0x6F, 0x6F, 0x6F, 0x6F, 0x6F, 0x6F, 0x6F, 0x6F, 0x6F, 0x6F, 0x6F, 0x6F, 0x6F, 0x6F, 0x6F, 0x6F, 0x6F, 0x6F, 0x6F, 0x6F,
    0x6F, 0x6F, 0x6F, 0x6F, 0x6F, 0x6F, 0x6F, 0x6F, 0x6F, 0x6F, 0x6F, 0x6F, 0x6F, 0x6F, 0x6F, 0x6F, 0x6F, 0x6F, 0x6F, 0x6F, 0x6F, 0x6F, 0x6F, 0x6F, 0x6F, 0x6F, 0x6F, 0x6F, 0x6F, 0x6F, 0x6F, 0x6F,
    0x6F, 0x6F, 0x6F, 0x6F, 0x6F, 0x6F, 0x6F, 0x6F, 0x6F, 0x6F, 0x6F, 0x6F, 0x6F, 0x6F, 0x6F, 0x6F, 0x6F, 0x6F, 0x6F, 0x6F, 0x6F, 0x6F, 0x6F, 0x6F, 0x6F, 0x6F, 0x6F, 0x6F, 0x6F, 0x6F, 0x6F, 0x6F,
    0x6F, 0x6F, 0x6F, 0x6F, 0x6F, 0x6F, 0x6F, 0x6F, 0x6F, 0x6F, 0x6F, 0x6F, 0x6F, 0x6F, 0x6F, 0x6F, 0x6F, 0x6F, 0x6F, 0x6F, 0x6F, 0x6F, 0x6F, 0x6F, 0x6F, 0x6F, 0x6F, 0x6F, 0x6F, 0x6F, 0x6F, 0x6F,
    0x6F, 0x6F, 0x6F, 0x6F, 0x6F, 0x6F, 0x6F, 0x6F, 0x6F, 0x6F, 0x6F, 0x6F, 0x6F, 0x6F, 0x6F, 0x6F, 0x6F, 0x6F, 0x6F, 0x6F, 0x6F, 0x6F, 0x6F, 0x6F, 0x6F, 0x6F, 0x6F, 0x6F, 0x6F, 0x6F, 0x6F, 0x6F,
    0x6F, 0x6F, 0x6F, 0x6F, 0x6F, 0x6F, 0x6F, 0x6F, 0x6F, 0x6F, 0x6F, 0x6F, 0x6F, 0x6F, 0x6F, 0x6F, 0x6F, 0x6F, 0x6F, 0x6F, 0x6F, 0x6F, 0x6F, 0x6F, 0x6F, 0x6F, 0x6F, 0x6F, 0x6F, 0x6F, 0x6F, 0x6F,
    0x6F, 0x6F, 0x6F, 0x6F, 0x6F, 0x6F, 0x6F, 0x6F, 0x6F, 0x6F, 0x6F, 0x6F, 0x6F, 0x6F, 0x6F, 0x6F, 0x6F, 0x6F, 0x6F, 0x6F, 0x6F, 0x6F, 0x6F, 0x6F, 0x6F, 0x6F, 0x6F, 0x6F, 0x6F, 0x6F, 0x6F, 0x6F,
    0x6F, 0x6F, 0x6F, 0x6F, 0x6F, 0x6F, 0x6F, 0x6F, 0x6F, 0x6F, 0x6F, 0x6F, 0x6F, 0x6F, 0x6F, 0x6F, 0x6F, 0x6F, 0x6F, 0x6F, 0x6F, 0x6F, 0x6F, 0x6F, 0x6F, 0x6F, 0x6F, 0x6F, 0x6F, 0x6F, 0x6F, 0x6F,
    0x6F, 0x6F, 0x6F, 0x6F, 0x6F, 0x6F, 0x6F, 0x6F, 0x6F, 0x6F, 0x6F, 0x6F, 0x6F, 0x6F, 0x6F, 0x6F, 0x6F, 0x6F, 0x6F, 0x6F, 0x6F, 0x6F, 0x6F, 0x6F, 0x6F, 0x6F, 0x6F, 0x6F, 0x6F, 0x6F, 0x6F, 0x6F,
    0x6F, 0x6F, 0x6F, 0x6F, 0x6F, 0x6F, 0x6F, 0x6F, 0x6F, 0x6F, 0x6F, 0x6F, 0x6F, 0x6F, 0x6F, 0x6F, 0x6F, 0x6F, 0x6F, 0x6F, 0x6F, 0x6F, 0x6F, 0x6F, 0x6F, 0x6F, 0x6F, 0x6F, 0x6F, 0x6F, 0x6F, 0x6F,
    0x6F, 0x6F, 0x6F, 0x6F, 0x6F, 0x6F, 0x6F, 0x6F, 0x6F, 0x6F, 0x6F, 0x6F, 0x6F, 0x6F, 0x6F, 0x6F, 0x6F, 0x6F, 0x6F, 0x6F, 0x6F, 0x6F, 0x6F, 0x6F, 0x6F, 0x6F, 0x6F, 0x6F, 0x6F, 0x6F, 0x6F, 0x6F,
    0x6F, 0x6F, 0x6F, 0x6F, 0x6F, 0x6F, 0x6F, 0x6F, 0x6F, 0x6F, 0x6F, 0x6F, 0x6F, 0x6F, 0x6F, 0x6F, 0x6F, 0x6F, 0x6F, 0x6F, 0x6F, 0x6F, 0x6F, 0x6F, 0x6F, 0x6F, 0x6F, 0x6F, 0x6F, 0x6F, 0x6F, 0x6F,
    0x6F, 0x6F, 0x6F, 0x6F, 0x6F, 0x6F, 0x6F, 0x6F, 0x6F, 0x6F, 0x6F, 0x6F, 0x6F, 0x6F, 0x6F, 0x6F, 0x6F, 0x6F, 0x6F, 0x6F, 0x6F, 0x6F, 0x6F, 0x6F, 0x6F, 0x6F, 0x6F, 0x6F, 0x6F, 0x6F, 0x6F, 0x6F,
    0x6F, 0x6F, 0x6F, 0x6F, 0x6F, 0x6F, 0x6F, 0x6F, 0x6F, 0x6F, 0x6F, 0x6F, 0x6F, 0x6F, 0x6F, 0x6F, 0x6F, 0x6F, 0x6F, 0x6F, 0x6F, 0x6F, 0x6F, 0x6F, 0x6F, 0x6F, 0x6F, 0x6F, 0x6F, 0x6F, 0x6F, 0x6F,
    0x6F, 0x6F, 0x6F, 0x6F, 0x6F, 0x6F, 0x6F, 0x6F, 0x6F, 0x6F, 0x6F, 0x6F, 0x6F, 0x6F, 0x6F, 0x6F, 0x6F, 0x6F, 0x6F, 0x6F, 0x6F, 0x6F, 0x6F, 0x6F, 0x6F, 0x6F, 0x6F, 0x6F, 0x6F, 0x6F, 0x6F, 0x6F,
    0x6F, 0x6F, 0x6F, 0x6F, 0x6F, 0x6F, 0x6F, 0x6F, 0x6F, 0x6F, 0x6F, 0x6F, 0x6F, 0x6F, 0x6F, 0x6F, 0x6F, 0x6F, 0x6F, 0x6F, 0x6F, 0x6F, 0x6F, 0x6F, 0x6F, 0x6F, 0x6F, 0x6F, 0x6F, 0x6F, 0x6F, 0x6F,
    0x6F, 0x6F, 0x6F, 0x6F, 0x6F, 0x6F, 0x6F, 0x6F, 0x6F, 0x6F, 0x6F, 0x6F, 0x6F, 0x6F, 0x6F, 0x6F, 0x6F, 0x6F, 0x6F, 0x6F, 0x6F, 0x6F, 0x6F, 0x6F, 0x6F, 0x6F, 0x6F, 0x6F, 0x6F, 0x6F, 0x6F, 0x6F,
    0x6F, 0x6F, 0x6F, 0x6F, 0x6F, 0x6F, 0x6F, 0x6F, 0x6F, 0x6F, 0x6F, 0x6F, 0x6F, 0x6F, 0x6F, 0x6F, 0x6F, 0x6F, 0x6F, 0x6F, 0x6F, 0x6F, 0x6F, 0x6F, 0x6F, 0x6F, 0x6F, 0x6F, 0x6F, 0x6F, 0x6F, 0x6F,
    0x6F, 0x6F, 0x6F, 0x6F, 0x6F, 0x6F, 0x6F, 0x6F, 0x6F, 0x6F, 0x6F, 0x6F, 0x6F, 0x6F, 0x6F, 0x6F, 0x6F, 0x6F, 0x6F, 0x6F, 0x6F, 0x6F, 0x6F, 0x6F, 0x6F, 0x6F, 0x6F, 0x6F, 0x6F, 0x6F, 0x6F, 0x6F,
    0x6F, 0x6F, 0x6F, 0x6F, 0x6F, 0x6F, 0x6F, 0x6F, 0x6F, 0x6F, 0x6F, 0x6F, 0x6F, 0x6F, 0x6F, 0x6F, 0x6F, 0x6F, 0x6F, 0x6F, 0x6F, 0x6F, 0x6F, 0x6F, 0x6F, 0x6F, 0x6F, 0x6F, 0x6F, 0x6F, 0x6F, 0x6F,
    0x6F, 0x6F, 0x6F, 0x6F, 0x6F, 0x6F, 0x6F, 0x6F, 0x6F, 0x6F, 0x6F, 0x6F, 0x6F, 0x6F, 0x6F, 0x6F, 0x6F, 0x6F, 0x6F, 0x6F, 0x6F, 0x6F, 0x6F, 0x6F, 0x6F, 0x6F, 0x6F, 0x6F, 0x6F, 0x6F, 0x6F, 0x6F,
    0x6F, 0x6F, 0x6F, 0x6F, 0x6F, 0x6F, 0x6F, 0x6F, 0x6F, 0x6F, 0x6F, 0x6F, 0x6F, 0x6F, 0x6F, 0x6F, 0x6F, 0x6F, 0x6F, 0x6F, 0x6F, 0x6F, 0x6F, 0x6F, 0x6F, 0x6F, 0x6F, 0x6F, 0x6F, 0x6F, 0x6F, 0x6F,
    0x6F, 0x6F, 0x6F, 0x6F, 0x6F, 0x6F, 0x6F, 0x6F, 0x6F, 0x6F, 0x6F, 0x6F, 0x6F, 0x6F, 0x6F, 0x6F, 0x6F, 0x6F, 0x6F, 0x6F, 0x6F, 0x6F, 0x6F, 0x6F, 0x6F, 0x6F, 0x6F, 0x6F, 0x6F, 0x6F, 0x6F, 0x6F,
    0x6F, 0x6F, 0x6F, 0x6F, 0x6F, 0x6F, 0x6F, 0x6F, 0x6F, 0x6F, 0x6F, 0x6F, 0x6F, 0x6F, 0x6F, 0x6F, 0x6F, 0x6F, 0x6F, 0x6F, 0x6F, 0x6F, 0x6F, 0x6F, 0x6F, 0x6F, 0x6F, 0x6F, 0x6F, 0x6F, 0x6F, 0x6F,
    0x6F, 0x6F, 0x6F, 0x6F, 0x6F, 0x6F, 0x6F, 0x6F, 0x6F, 0x6F, 0x6F, 0x6F, 0x6F, 0x6F, 0x6F, 0x6F, 0x6F, 0x6F, 0x6F, 0x6F, 0x6F, 0x6F, 0x6F, 0x6F, 0x6F, 0x6F, 0x6F, 0x6F, 0x6F, 0x6F, 0x6F, 0x6F,
    0x6F, 0x6F, 0x6F, 0x6F, 0x6F, 0x6F, 0x6F, 0x6F, 0x6F, 0x6F, 0x6F, 0x6F, 0x6F, 0x6F, 0x6F, 0x6F, 0x6F, 0x6F, 0x6F, 0x6F, 0x6F, 0x6F, 0x6F, 0x6F, 0x6F, 0x6F, 0x6F, 0x6F, 0x6F, 0x6F, 0x6F, 0x6F,
    0x6F, 0x6F, 0x6F, 0x6F, 0x6F, 0x6F, 0x6F, 0x6F, 0x6F, 0x6F, 0x6F, 0x6F, 0x6F, 0x6F, 0x6F, 0x6F, 0x6F, 0x6F, 0x6F, 0x6F, 0x6F, 0x6F, 0x6F, 0x6F, 0x6F, 0x6F, 0x6F, 0x6F, 0x6F, 0x6F, 0x6F, 0x6F,
    0x6F, 0x6F, 0x6F, 0x6F, 0x6F, 0x6F, 0x73, 0x73, 0x6F, 0x6F, 0x6F, 0x6F, 0x73, 0x73, 0x73, 0x73, 0x6F, 0x6F, 0x73, 0x73, 0x73, 0x73, 0x73, 0x73, 0x73, 0x73, 0x73, 0x73, 0x73, 0x73, 0x73, 0x57,
    0x6F, 0x6F, 0x6F, 0x6F, 0x6F, 0x6F, 0x6F, 0x6F, 0x6F, 0x6F, 0x6F, 0x6F, 0x6F, 0x73, 0x73, 0x73, 0x6F, 0x6F, 0x6F, 0x73, 0x73, 0x73, 0x73, 0x73, 0x6F, 0x73, 0x73, 0x73, 0x73, 0x73, 0x73, 0x73,
    0x73, 0x73, 0x73, 0x73, 0x73, 0x73, 0x57, 0x57, 0x73, 0x73, 0x73, 0x73, 0x57, 0x54, 0x54, 0x2B, 0x73, 0x73, 0x57, 0x54, 0x2B, 0x2B, 0x2B, 0x2B, 0x54, 0x54, 0x54, 0x2B, 0x2B, 0x2B, 0x2B, 0x2B,
    0x73, 0x73, 0x73, 0x73, 0x73, 0x73, 0x73, 0x57, 0x73, 0x73, 0x73, 0x73, 0x73, 0x57, 0x54, 0x54, 0x73, 0x73, 0x73, 0x57, 0x54, 0x2B, 0x2B, 0x2B, 0x73, 0x57, 0x54, 0x2B, 0x2B, 0x2B, 0x2B, 0x2B,
    0x54, 0x2B, 0x2B, 0x2B, 0x2B, 0x2B, 0x2B, 0x54, 0x2B, 0x2B, 0x2B, 0x2B, 0x2B, 0x54, 0x57, 0x73, 0x2B, 0x2B, 0x54, 0x54, 0x57, 0x73, 0x73, 0x73, 0x54, 0x57, 0x57, 0x73, 0x73, 0x73, 0x73, 0x73,
    0x57, 0x54, 0x54, 0x2B, 0x2B, 0x2B, 0x2B, 0x2B, 0x2B, 0x2B, 0x2B, 0x2B, 0x2B, 0x2B, 0x54, 0x54, 0x2B, 0x2B, 0x2B, 0x2B, 0x54, 0x57, 0x57, 0x73, 0x2B, 0x54, 0x54, 0x57, 0x73, 0x73, 0x73, 0x73,
    0x57, 0x57, 0x73, 0x73, 0x73, 0x73, 0x73, 0x73, 0x73, 0x73, 0x73, 0x73, 0x73, 0x43, 0x43, 0x0D, 0x73, 0x73, 0x73, 0x43, 0x0D, 0x0D, 0x05, 0x05, 0x43, 0x43, 0x0D, 0x05, 0x05, 0x05, 0x05, 0x05,
    0x2B, 0x54, 0x54, 0x57, 0x57, 0x73, 0x73, 0x73, 0x57, 0x57, 0x73, 0x73, 0x73, 0x73, 0x73, 0x73, 0x73, 0x73, 0x73, 0x73, 0x73, 0x73, 0x43, 0x43, 0x73, 0x73, 0x73, 0x43, 0x43, 0x0D, 0x0D, 0x05,
    0x43, 0x43, 0x0D, 0x0D, 0x05, 0x05, 0x05, 0x05, 0x0D, 0x05, 0x05, 0x05, 0x05, 0x05, 0x05, 0x05, 0x05, 0x05, 0x05, 0x05, 0x05, 0x05, 0x05, 0x0D, 0x05, 0x05, 0x05, 0x05, 0x0D, 0x0D, 0x43, 0x43,
    0x73, 0x73, 0x73, 0x73, 0x43, 0x43, 0x0D, 0x0D, 0x73, 0x43, 0x43, 0x0D, 0x0D, 0x05, 0x05, 0x05, 0x0D, 0x0D, 0x05, 0x05, 0x05, 0x05, 0x05, 0x05, 0x05, 0x05, 0x05, 0x05, 0x05, 0x05, 0x05, 0x05,
    0x05, 0x05, 0x05, 0x05, 0x05, 0x0D, 0x0D, 0x43, 0x05, 0x05, 0x0D, 0x0D, 0x43, 0x43, 0x73, 0x73, 0x0D, 0x43, 0x43, 0x73, 0x73, 0x73, 0x73, 0x73, 0x73, 0x73, 0x73, 0x73, 0x73, 0x73, 0x73, 0x55,
    0x05, 0x05, 0x05, 0x05, 0x05, 0x05, 0x05, 0x05, 0x05, 0x05, 0x05, 0x05, 0x05, 0x05, 0x0D, 0x0D, 0x05, 0x05, 0x05, 0x0D, 0x0D, 0x43, 0x43, 0x73, 0x0D, 0x0D, 0x43, 0x43, 0x73, 0x73, 0x73, 0x73,
    0x43, 0x73, 0x73, 0x73, 0x73, 0x73, 0x73, 0x73, 0x73, 0x73, 0x73, 0x73, 0x73, 0x55, 0x55, 0x4F, 0x73, 0x73, 0x55, 0x55, 0x4F, 0x4F, 0x4F, 0x2A, 0x55, 0x4F, 0x4F, 0x4F, 0x4F, 0x4F, 0x2A, 0x2A,
    0x05, 0x05, 0x0D, 0x0D, 0x43, 0x73, 0x73, 0x73, 0x0D, 0x43, 0x43, 0x73, 0x73, 0x73, 0x73, 0x73, 0x73, 0x73, 0x73, 0x73, 0x73, 0x73, 0x73, 0x73, 0x73, 0x73, 0x73, 0x73, 0x55, 0x55, 0x55, 0x73,
    0x55, 0x55, 0x4F, 0x4F, 0x4F, 0x4F, 0x4F, 0x55, 0x4F, 0x2A, 0x2A, 0x2A, 0x2A, 0x2A, 0x2A, 0x4F, 0x2A, 0x2A, 0x2A, 0x2A, 0x2A, 0x2A, 0x2A, 0x2A, 0x2A, 0x2A, 0x2A, 0x2A, 0x2A, 0x2A, 0x2A, 0x2A,
    0x73, 0x73, 0x73, 0x73, 0x73, 0x73, 0x73, 0x73, 0x73, 0x73, 0x73, 0x73, 0x55, 0x55, 0x4F, 0x4F, 0x73, 0x55, 0x4F, 0x4F, 0x4F, 0x2A, 0x2A, 0x2A, 0x73, 0x55, 0x4F, 0x2A, 0x2A, 0x2A, 0x2A, 0x2A,
    0x73, 0x73, 0x55, 0x4F, 0x2A, 0x2A, 0x2A, 0x2A, 0x55, 0x73, 0x73, 0x55, 0x4F, 0x2A, 0x2A, 0x2A, 0x4F, 0x55, 0x73, 0x73, 0x55, 0x4F, 0x4F, 0x2A, 0x2A, 0x4F, 0x55, 0x73, 0x73, 0x55, 0x4F, 0x4F,
    0x55, 0x55, 0x4F, 0x4F, 0x4F, 0x4F, 0x4F, 0x4F, 0x4F, 0x2A, 0x2A, 0x2A, 0x2A, 0x2A, 0x2A, 0x2A, 0x2A, 0x2A, 0x2A, 0x2A, 0x2A, 0x2A, 0x2A, 0x2A, 0x2A, 0x2A, 0x2A, 0x2A, 0x2A, 0x2A, 0x2A, 0x2A,
    0x2A, 0x2A, 0x2A, 0x2A, 0x2A, 0x2A, 0x2A, 0x2A, 0x2A, 0x2A, 0x2A, 0x2A, 0x2A, 0x2A, 0x2A, 0x2A, 0x2A, 0x2A, 0x2A, 0x2A, 0x2A, 0x2A, 0x2A, 0x2A, 0x4F, 0x2A, 0x2A, 0x2A, 0x2A, 0x2A, 0x2A, 0x2A,
    0x4F, 0x4F, 0x4F, 0x4F, 0x4F, 0x4F, 0x4F, 0x4F, 0x4F, 0x4F, 0x4F, 0x4F, 0x4F, 0x4F, 0x4F, 0x4F, 0x2A, 0x2A, 0x2A, 0x2A, 0x2A, 0x4F, 0x4F, 0x4F, 0x2A, 0x2A, 0x2A, 0x2A, 0x2A, 0x2A, 0x2A, 0x2A,
    0x2A, 0x2A, 0x2A, 0x2A, 0x2A, 0x2A, 0x2A, 0x2A, 0x2A, 0x2A, 0x2A, 0x2A, 0x2A, 0x2A, 0x2A, 0x2A, 0x2A, 0x2A, 0x2A, 0x2A, 0x2A, 0x2A, 0x2A, 0x2A, 0x2A, 0x2A, 0x2A, 0x2A, 0x2A, 0x2A, 0x2A, 0x2A,
    0x4F, 0x4F, 0x4F, 0x4F, 0x4F, 0x4F, 0x4F, 0x2A, 0x4F, 0x4F, 0x4F, 0x4F, 0x4F, 0x4F, 0x4F, 0x2A, 0x4F, 0x4F, 0x4F, 0x4F, 0x4F, 0x4F, 0x4F, 0x2A, 0x2A, 0x4F, 0x4F, 0x4F, 0x4F, 0x4F, 0x2A, 0x2A,
    0x2A, 0x2A, 0x2A, 0x2A, 0x4F, 0x4F, 0x2A, 0x2A, 0x2A, 0x2A, 0x2A, 0x2A, 0x2A, 0x2A, 0x2A, 0x2A, 0x2A, 0x2A, 0x2A, 0x2A, 0x2A, 0x2A, 0x2A, 0x2A, 0x2A, 0x2A, 0x2A, 0x2A, 0x2A, 0x2A, 0x2A, 0x2A,
    0x2A, 0x2A, 0x2A, 0x2A, 0x2A, 0x2A, 0x2A, 0x2A, 0x2A, 0x2A, 0x2A, 0x2A, 0x2A, 0x2A, 0x2A, 0x2A, 0x2A, 0x2A, 0x2A, 0x2A, 0x2A, 0x2A, 0x2A, 0x2A, 0x2A, 0x2A, 0x2A, 0x2A, 0x2A, 0x2A, 0x2A, 0x2A,
    0x2A, 0x2A, 0x2A, 0x2A, 0x2A, 0x2A, 0x2A, 0x2A, 0x2A, 0x2A, 0x2A, 0x2A, 0x2A, 0x2A, 0x2A, 0x2A, 0x2A, 0x2A, 0x2A, 0x2A, 0x2A, 0x2A, 0x2A, 0x2A, 0x2A, 0x2A, 0x2A, 0x2A, 0x2A, 0x2A, 0x4F, 0x4F,
    0x2A, 0x2A, 0x2A, 0x2A, 0x2A, 0x4F, 0x55, 0x73, 0x2A, 0x2A, 0x2A, 0x2A, 0x4F, 0x4F, 0x55, 0x73, 0x2A, 0x2A, 0x2A, 0x2A, 0x4F, 0x4F, 0x55, 0x73, 0x2A, 0x2A, 0x2A, 0x4F, 0x4F, 0x4F, 0x4F, 0x55,
    0x2A, 0x2A, 0x4F, 0x4F, 0x4F, 0x4F, 0x4F, 0x55, 0x2A, 0x4F, 0x4F, 0x4F, 0x4F, 0x4F, 0x4F, 0x4F, 0x4F, 0x4F, 0x4F, 0x4F, 0x4F, 0x4F, 0x4F, 0x4F, 0x4F, 0x4F, 0x4F, 0x4F, 0x4F, 0x4F, 0x55, 0x55,
    0x73, 0x55, 0x4F, 0x4F, 0x2A, 0x2A, 0x2A, 0x2A, 0x73, 0x55, 0x4F, 0x4F, 0x4F, 0x2A, 0x2A, 0x2A, 0x73, 0x55, 0x4F, 0x4F, 0x4F, 0x4F, 0x4F, 0x2A, 0x73, 0x73, 0x55, 0x4F, 0x4F, 0x4F, 0x4F, 0x4F,
    0x73, 0x73, 0x55, 0x4F, 0x4F, 0x4F, 0x4F, 0x4F, 0x55, 0x73, 0x73, 0x55, 0x4F, 0x4F, 0x4F, 0x4F, 0x55, 0x73, 0x73, 0x55, 0x55, 0x55, 0x55, 0x55, 0x55, 0x73, 0x73, 0x73, 0x73, 0x73, 0x73, 0x73,
    0x2A, 0x2A, 0x2A, 0x2A, 0x2A, 0x2A, 0x2A, 0x2A, 0x2A, 0x2A, 0x2A, 0x2A, 0x2A, 0x2A, 0x2A, 0x2A, 0x2A, 0x2A, 0x2A, 0x2A, 0x2A, 0x2A, 0x2A, 0x2A, 0x4F, 0x2A, 0x2A, 0x2A, 0x2A, 0x2A, 0x2A, 0x2A,
    0x4F, 0x4F, 0x4F, 0x2A, 0x2A, 0x2A, 0x2A, 0x2A, 0x4F, 0x4F, 0x4F, 0x4F, 0x4F, 0x4F, 0x2A, 0x2A, 0x55, 0x55, 0x55, 0x55, 0x55, 0x55, 0x55, 0x73, 0x73, 0x73, 0x73, 0x73, 0x73, 0x73, 0x73, 0x73,
    0x2A, 0x2A, 0x2A, 0x2A, 0x4F, 0x2A, 0x2A, 0x2A, 0x2A, 0x2A, 0x2A, 0x2A, 0x2A, 0x2A, 0x2A, 0x2A, 0x2A, 0x2A, 0x2A, 0x2A, 0x2A, 0x2A, 0x2A, 0x2A, 0x2A, 0x2A, 0x2A, 0x2A, 0x2A, 0x2A, 0x2A, 0x2A,
    0x2A, 0x2A, 0x2A, 0x2A, 0x2A, 0x2A, 0x2A, 0x2A, 0x4F, 0x55, 0x55, 0x55, 0x55, 0x55, 0x73, 0x55, 0x73, 0x73, 0x73, 0x73, 0x73, 0x73, 0x73, 0x73, 0x73, 0x73, 0x73, 0x73, 0x6B, 0x6B, 0x73, 0x73,
    0x2A, 0x2A, 0x2A, 0x2A, 0x2A, 0x2A, 0x2A, 0x2A, 0x2A, 0x2A, 0x2A, 0x2A, 0x2A, 0x2A, 0x2A, 0x2A, 0x2A, 0x2A, 0x2A, 0x2A, 0x2A, 0x2A, 0x2A, 0x2A, 0x2A, 0x2A, 0x2A, 0x2A, 0x2A, 0x2A, 0x2A, 0x2A,
    0x2A, 0x2A, 0x2A, 0x2A, 0x2A, 0x2A, 0x4F, 0x4F, 0x55, 0x55, 0x55, 0x55, 0x55, 0x55, 0x55, 0x55, 0x73, 0x73, 0x73, 0x73, 0x73, 0x73, 0x73, 0x73, 0x73, 0x73, 0x73, 0x73, 0x73, 0x73, 0x73, 0x73,
    0x2A, 0x2A, 0x2A, 0x2A, 0x4F, 0x4F, 0x55, 0x73, 0x2A, 0x2A, 0x2A, 0x4F, 0x4F, 0x4F, 0x55, 0x73, 0x2A, 0x2A, 0x4F, 0x4F, 0x4F, 0x4F, 0x55, 0x73, 0x4F, 0x4F, 0x4F, 0x4F, 0x4F, 0x4F, 0x55, 0x73,
    0x4F, 0x4F, 0x4F, 0x4F, 0x4F, 0x4F, 0x55, 0x73, 0x55, 0x55, 0x55, 0x55, 0x55, 0x55, 0x55, 0x73, 0x73, 0x73, 0x73, 0x73, 0x73, 0x73, 0x73, 0x73, 0x73, 0x73, 0x73, 0x73, 0x73, 0x73, 0x73, 0x73,
    0x73, 0x55, 0x4F, 0x4F, 0x2A, 0x2A, 0x2A, 0x2A, 0x73, 0x55, 0x4F, 0x4F, 0x4F, 0x2A, 0x2A, 0x2A, 0x73, 0x55, 0x4F, 0x4F, 0x4F, 0x4F, 0x2A, 0x2A, 0x73, 0x55, 0x4F, 0x4F, 0x4F, 0x4F, 0x4F, 0x4F,
    0x73, 0x55, 0x4F, 0x4F, 0x4F, 0x4F, 0x4F, 0x4F, 0x73, 0x55, 0x55, 0x55, 0x55, 0x55, 0x55, 0x55, 0x73, 0x73, 0x73, 0x73, 0x73, 0x73, 0x73, 0x73, 0x73, 0x73, 0x73, 0x73, 0x73, 0x73, 0x73, 0x73,
    0x2A, 0x2A, 0x2A, 0x2A, 0x2A, 0x2A, 0x2A, 0x2A, 0x2A, 0x2A, 0x2A, 0x2A, 0x2A, 0x2A, 0x2A, 0x2A, 0x2A, 0x2A, 0x2A, 0x2A, 0x2A, 0x2A, 0x2A, 0x2A, 0x2A, 0x2A, 0x2A, 0x2A, 0x2A, 0x2A, 0x2A, 0x2A,
    0x4F, 0x4F, 0x2A, 0x2A, 0x2A, 0x2A, 0x2A, 0x2A, 0x55, 0x55, 0x55, 0x55, 0x55, 0x55, 0x55, 0x55, 0x73, 0x73, 0x73, 0x73, 0x73, 0x73, 0x73, 0x73, 0x73, 0x73, 0x73, 0x73, 0x73, 0x73, 0x73, 0x73,
    0x2A, 0x2A, 0x2A, 0x4F, 0x2A, 0x2A, 0x2A, 0x2A, 0x2A, 0x2A, 0x2A, 0x2A, 0x2A, 0x2A, 0x2A, 0x2A, 0x2A, 0x2A, 0x2A, 0x2A, 0x2A, 0x2A, 0x2A, 0x2A, 0x2A, 0x2A, 0x2A, 0x2A, 0x2A, 0x2A, 0x2A, 0x2A,
    0x2A, 0x2A, 0x2A, 0x2A, 0x2A, 0x2A, 0x2A, 0x2A, 0x55, 0x55, 0x55, 0x55, 0x55, 0x55, 0x55, 0x4F, 0x73, 0x73, 0x73, 0x73, 0x73, 0x73, 0x73, 0x73, 0x73, 0x73, 0x73, 0x73, 0x73, 0x73, 0x73, 0x73,
    0x2A, 0x2A, 0x2A, 0x2A, 0x2A, 0x2A, 0x2A, 0x2A, 0x2A, 0x2A, 0x2A, 0x2A, 0x2A, 0x2A, 0x2A, 0x2A, 0x2A, 0x2A, 0x2A, 0x2A, 0x2A, 0x2A, 0x2A, 0x2A, 0x2A, 0x2A, 0x2A, 0x2A, 0x2A, 0x2A, 0x2A, 0x4F,
    0x2A, 0x2A, 0x2A, 0x2A, 0x2A, 0x4F, 0x4F, 0x4F, 0x2A, 0x2A, 0x4F, 0x4F, 0x4F, 0x4F, 0x4F, 0x4F, 0x73, 0x55, 0x55, 0x55, 0x55, 0x55, 0x55, 0x55, 0x73, 0x73, 0x73, 0x73, 0x73, 0x73, 0x73, 0x73,
    0x2A, 0x2A, 0x2A, 0x2A, 0x4F, 0x4F, 0x55, 0x73, 0x2A, 0x2A, 0x2A, 0x4F, 0x4F, 0x4F, 0x55, 0x73, 0x2A, 0x4F, 0x4F, 0x4F, 0x4F, 0x4F, 0x55, 0x73, 0x4F, 0x4F, 0x4F, 0x4F, 0x4F, 0x55, 0x73, 0x73,
    0x4F, 0x4F, 0x4F, 0x4F, 0x4F, 0x55, 0x73, 0x73, 0x4F, 0x4F, 0x4F, 0x4F, 0x55, 0x73, 0x73, 0x55, 0x55, 0x55, 0x55, 0x55, 0x55, 0x73, 0x73, 0x55, 0x73, 0x73, 0x73, 0x73, 0x73, 0x73, 0x73, 0x55,
    0x73, 0x55, 0x4F, 0x2A, 0x2A, 0x2A, 0x2A, 0x2A, 0x73, 0x55, 0x4F, 0x4F, 0x2A, 0x2A, 0x2A, 0x2A, 0x73, 0x55, 0x4F, 0x4F, 0x2A, 0x2A, 0x2A, 0x2A, 0x55, 0x4F, 0x4F, 0x4F, 0x4F, 0x2A, 0x2A, 0x2A,
    0x55, 0x4F, 0x4F, 0x4F, 0x4F, 0x4F, 0x2A, 0x2A, 0x4F, 0x4F, 0x4F, 0x4F, 0x4F, 0x4F, 0x4F, 0x2A, 0x4F, 0x4F, 0x4F, 0x4F, 0x4F, 0x4F, 0x4F, 0x4F, 0x55, 0x55, 0x4F, 0x4F, 0x4F, 0x4F, 0x4F, 0x4F,
    0x2A, 0x2A, 0x2A, 0x2A, 0x2A, 0x2A, 0x2A, 0x2A, 0x2A, 0x2A, 0x2A, 0x2A, 0x2A, 0x2A, 0x2A, 0x2A, 0x2A, 0x2A, 0x2A, 0x2A, 0x2A, 0x2A, 0x2A, 0x2A, 0x2A, 0x2A, 0x2A, 0x2A, 0x2A, 0x2A, 0x2A, 0x2A,
    0x2A, 0x2A, 0x2A, 0x2A, 0x2A, 0x2A, 0x2A, 0x2A, 0x2A, 0x2A, 0x2A, 0x2A, 0x2A, 0x2A, 0x2A, 0x2A, 0x2A, 0x2A, 0x2A, 0x2A, 0x2A, 0x2A, 0x2A, 0x2A, 0x4F, 0x4F, 0x2A, 0x2A, 0x2A, 0x2A, 0x2A, 0x2A,
    0x2A, 0x4F, 0x4F, 0x4F, 0x4F, 0x4F, 0x4F, 0x4F, 0x2A, 0x4F, 0x4F, 0x4F, 0x4F, 0x4F, 0x4F, 0x4F, 0x2A, 0x4F, 0x4F, 0x4F, 0x4F, 0x4F, 0x4F, 0x4F, 0x2A, 0x2A, 0x4F, 0x4F, 0x4F, 0x4F, 0x4F, 0x2A,
    0x2A, 0x2A, 0x4F, 0x4F, 0x2A, 0x2A, 0x2A, 0x2A, 0x2A, 0x2A, 0x2A, 0x2A, 0x2A, 0x2A, 0x2A, 0x2A, 0x2A, 0x2A, 0x2A, 0x2A, 0x2A, 0x2A, 0x2A, 0x2A, 0x2A, 0x2A, 0x2A, 0x2A, 0x2A, 0x2A, 0x2A, 0x2A,
    0x4F, 0x4F, 0x4F, 0x4F, 0x4F, 0x4F, 0x4F, 0x4F, 0x4F, 0x4F, 0x4F, 0x4F, 0x4F, 0x4F, 0x4F, 0x4F, 0x4F, 0x4F, 0x4F, 0x2A, 0x2A, 0x2A, 0x2A, 0x2A, 0x2A, 0x2A, 0x2A, 0x2A, 0x2A, 0x2A, 0x2A, 0x2A,
    0x2A, 0x2A, 0x2A, 0x2A, 0x2A, 0x2A, 0x2A, 0x2A, 0x2A, 0x2A, 0x2A, 0x2A, 0x2A, 0x2A, 0x2A, 0x2A, 0x2A, 0x2A, 0x2A, 0x2A, 0x2A, 0x2A, 0x2A, 0x2A, 0x2A, 0x2A, 0x2A, 0x2A, 0x2A, 0x2A, 0x2A, 0x2A,
    0x4F, 0x4F, 0x4F, 0x4F, 0x4F, 0x4F, 0x55, 0x55, 0x2A, 0x2A, 0x2A, 0x2A, 0x2A, 0x2A, 0x2A, 0x4F, 0x2A, 0x2A, 0x2A, 0x2A, 0x2A, 0x2A, 0x2A, 0x2A, 0x2A, 0x2A, 0x2A, 0x2A, 0x2A, 0x2A, 0x2A, 0x2A,
    0x2A, 0x2A, 0x2A, 0x2A, 0x2A, 0x2A, 0x2A, 0x2A, 0x2A, 0x2A, 0x2A, 0x2A, 0x2A, 0x2A, 0x2A, 0x2A, 0x2A, 0x2A, 0x2A, 0x2A, 0x2A, 0x2A, 0x2A, 0x2A, 0x2A, 0x2A, 0x2A, 0x2A, 0x2A, 0x2A, 0x2A, 0x4F,
    0x73, 0x73, 0x73, 0x73, 0x73, 0x73, 0x73, 0x73, 0x4F, 0x4F, 0x55, 0x55, 0x73, 0x73, 0x73, 0x73, 0x2A, 0x2A, 0x2A, 0x4F, 0x4F, 0x4F, 0x55, 0x73, 0x2A, 0x2A, 0x2A, 0x2A, 0x2A, 0x4F, 0x55, 0x73,
    0x2A, 0x2A, 0x2A, 0x2A, 0x4F, 0x55, 0x73, 0x73, 0x2A, 0x2A, 0x2A, 0x4F, 0x55, 0x73, 0x73, 0x55, 0x2A, 0x4F, 0x4F, 0x55, 0x73, 0x73, 0x55, 0x4F, 0x4F, 0x4F, 0x55, 0x73, 0x73, 0x55, 0x4F, 0x2A,
    0x73, 0x73, 0x73, 0x43, 0x0D, 0x0D, 0x05, 0x05, 0x73, 0x73, 0x73, 0x73, 0x73, 0x43, 0x43, 0x0D, 0x73, 0x73, 0x73, 0x73, 0x73, 0x73, 0x73, 0x73, 0x73, 0x55, 0x55, 0x55, 0x73, 0x73, 0x73, 0x73,
    0x55, 0x4F, 0x4F, 0x4F, 0x4F, 0x4F, 0x55, 0x55, 0x4F, 0x2A, 0x2A, 0x2A, 0x2A, 0x2A, 0x2A, 0x4F, 0x2A, 0x2A, 0x2A, 0x2A, 0x2A, 0x2A, 0x2A, 0x2A, 0x2A, 0x2A, 0x2A, 0x2A, 0x2A, 0x2A, 0x2A, 0x2A,
    0x05, 0x05, 0x05, 0x05, 0x05, 0x05, 0x05, 0x05, 0x0D, 0x0D, 0x05, 0x05, 0x05, 0x05, 0x05, 0x05, 0x73, 0x43, 0x43, 0x0D, 0x0D, 0x05, 0x05, 0x05, 0x73, 0x73, 0x73, 0x73, 0x43, 0x43, 0x0D, 0x0D,
    0x73, 0x73, 0x73, 0x73, 0x73, 0x73, 0x73, 0x43, 0x4F, 0x55, 0x55, 0x73, 0x73, 0x73, 0x73, 0x73, 0x2A, 0x4F, 0x4F, 0x4F, 0x55, 0x55, 0x73, 0x73, 0x2A, 0x2A, 0x4F, 0x4F, 0x4F, 0x4F, 0x4F, 0x55,
    0x0D, 0x0D, 0x43, 0x43, 0x73, 0x73, 0x73, 0x73, 0x05, 0x05, 0x05, 0x0D, 0x0D, 0x43, 0x43, 0x73, 0x05, 0x05, 0x05, 0x05, 0x05, 0x05, 0x0D, 0x0D, 0x05, 0x05, 0x05, 0x05, 0x05, 0x05, 0x05, 0x05,
    0x43, 0x0D, 0x0D, 0x05, 0x05, 0x05, 0x05, 0x05, 0x73, 0x73, 0x43, 0x43, 0x0D, 0x0D, 0x05, 0x05, 0x73, 0x73, 0x73, 0x73, 0x73, 0x43, 0x43, 0x0D, 0x55, 0x73, 0x73, 0x73, 0x73, 0x73, 0x73, 0x73,
    0x73, 0x73, 0x73, 0x57, 0x57, 0x54, 0x54, 0x2B, 0x73, 0x73, 0x73, 0x73, 0x73, 0x73, 0x57, 0x57, 0x43, 0x43, 0x73, 0x73, 0x73, 0x73, 0x73, 0x73, 0x05, 0x0D, 0x0D, 0x43, 0x43, 0x73, 0x73, 0x73,
    0x05, 0x05, 0x05, 0x05, 0x0D, 0x0D, 0x43, 0x43, 0x05, 0x05, 0x05, 0x05, 0x05, 0x05, 0x05, 0x0D, 0x0D, 0x05, 0x05, 0x05, 0x05, 0x05, 0x05, 0x05, 0x43, 0x43, 0x0D, 0x0D, 0x05, 0x05, 0x05, 0x05,
    0x2B, 0x2B, 0x2B, 0x2B, 0x2B, 0x54, 0x54, 0x57, 0x54, 0x54, 0x2B, 0x2B, 0x2B, 0x2B, 0x2B, 0x2B, 0x73, 0x57, 0x57, 0x54, 0x2B, 0x2B, 0x2B, 0x2B, 0x73, 0x73, 0x73, 0x73, 0x57, 0x54, 0x54, 0x2B,
    0x73, 0x73, 0x73, 0x73, 0x73, 0x73, 0x57, 0x57, 0x0D, 0x43, 0x43, 0x73, 0x73, 0x73, 0x73, 0x73, 0x05, 0x05, 0x0D, 0x0D, 0x43, 0x73, 0x73, 0x73, 0x05, 0x05, 0x05, 0x05, 0x05, 0x0D, 0x43, 0x43,
    0x57, 0x73, 0x73, 0x73, 0x73, 0x73, 0x73, 0x73, 0x54, 0x54, 0x57, 0x73, 0x73, 0x73, 0x73, 0x73, 0x2B, 0x2B, 0x2B, 0x54, 0x57, 0x73, 0x73, 0x73, 0x2B, 0x2B, 0x2B, 0x2B, 0x2B, 0x54, 0x57, 0x73,
    0x54, 0x2B, 0x2B, 0x2B, 0x2B, 0x2B, 0x2B, 0x54, 0x73, 0x57, 0x54, 0x2B, 0x2B, 0x2B, 0x2B, 0x2B, 0x73, 0x73, 0x73, 0x57, 0x54, 0x54, 0x2B, 0x2B, 0x73, 0x73, 0x73, 0x73, 0x73, 0x57, 0x57, 0x54,
    0x6F, 0x6F, 0x6F, 0x6F, 0x6F, 0x6F, 0x6F, 0x6F, 0x73, 0x73, 0x73, 0x6F, 0x6F, 0x6F, 0x6F, 0x6F, 0x73, 0x73, 0x73, 0x73, 0x73, 0x6F, 0x6F, 0x6F, 0x73, 0x73, 0x73, 0x73, 0x73, 0x73, 0x73, 0x6F,
    0x57, 0x57, 0x73, 0x73, 0x73, 0x73, 0x73, 0x73, 0x2B, 0x54, 0x54, 0x57, 0x73, 0x73, 0x73, 0x73, 0x2B, 0x2B, 0x2B, 0x2B, 0x54, 0x57, 0x73, 0x73, 0x2B, 0x2B, 0x2B, 0x2B, 0x2B, 0x54, 0x54, 0x54,
    0x6F, 0x6F, 0x6F, 0x6F, 0x6F, 0x6F, 0x6F, 0x6F, 0x6F, 0x6F, 0x6F, 0x6F, 0x6F, 0x6F, 0x6F, 0x6F, 0x6F, 0x6F, 0x6F, 0x6F, 0x6F, 0x6F, 0x6F, 0x6F, 0x6F, 0x6F, 0x6F, 0x6F, 0x6F, 0x6F, 0x6F, 0x6F,
    0x73, 0x73, 0x6F, 0x6F, 0x6F, 0x6F, 0x6F, 0x6F, 0x73, 0x73, 0x73, 0x73, 0x6F, 0x6F, 0x6F, 0x6F, 0x73, 0x73, 0x73, 0x73, 0x73, 0x73, 0x6F, 0x6F, 0x57, 0x73, 0x73, 0x73, 0x73, 0x73, 0x73, 0x73,
    0x6F, 0x6F, 0x6F, 0x6F, 0x6F, 0x6F, 0x6F, 0x6F, 0x6F, 0x6F, 0x6F, 0x6F, 0x6F, 0x6F, 0x6F, 0x6F, 0x6F, 0x6F, 0x6F, 0x6F, 0x6F, 0x6F, 0x6F, 0x6F, 0x6F, 0x6F, 0x6F, 0x6F, 0x6F, 0x6F, 0x6F, 0x6F,
    0x6F, 0x6F, 0x6F, 0x6F, 0x6F, 0x6F, 0x6F, 0x6F, 0x6F, 0x6F, 0x6F, 0x6F, 0x6F, 0x6F, 0x6F, 0x6F, 0x6F, 0x6F, 0x6F, 0x6F, 0x6F, 0x6F, 0x6F, 0x6F, 0x6F, 0x6F, 0x6F, 0x6F, 0x6F, 0x6F, 0x6F, 0x6F,
    0x6F, 0x6F, 0x6F, 0x6F, 0x6F, 0x6F, 0x6F, 0x6F, 0x6F, 0x6F, 0x6F, 0x6F, 0x6F, 0x6F, 0x6F, 0x6F, 0x6F, 0x6F, 0x6F, 0x6F, 0x6F, 0x6F, 0x6F, 0x6F, 0x6F, 0x6F, 0x6F, 0x6F, 0x6F, 0x6F, 0x6F, 0x6F,
    0x6F, 0x6F, 0x6F, 0x6F, 0x6F, 0x6F, 0x6F, 0x6F, 0x6F, 0x6F, 0x6F, 0x6F, 0x6F, 0x6F, 0x6F, 0x6F, 0x6F, 0x6F, 0x6F, 0x6F, 0x6F, 0x6F, 0x6F, 0x6F, 0x6F, 0x6F, 0x6F, 0x6F, 0x6F, 0x6F, 0x6F, 0x6F,
    0x6F, 0x6F, 0x6F, 0x6F, 0x6F, 0x6F, 0x6F, 0x6F, 0x6F, 0x6F, 0x6F, 0x6F, 0x6F, 0x6F, 0x6F, 0x6F, 0x6F, 0x6F, 0x6F, 0x6F, 0x6F, 0x6F, 0x6F, 0x6F, 0x6F, 0x6F, 0x6F, 0x6F, 0x6F, 0x6F, 0x6F, 0x6F,
    0x6F, 0x6F, 0x6F, 0x6F, 0x6F, 0x6F, 0x6F, 0x6F, 0x6F, 0x6F, 0x6F, 0x6F, 0x6F, 0x6F, 0x6F, 0x6F, 0x6F, 0x6F, 0x6F, 0x6F, 0x6F, 0x6F, 0x6F, 0x6F, 0x6F, 0x6F, 0x6F, 0x6F, 0x6F, 0x6F, 0x6F, 0x6F,
    0x6F, 0x6F, 0x6F, 0x6F, 0x6F, 0x6F, 0x6F, 0x6F, 0x6F, 0x6F, 0x6F, 0x6F, 0x6F, 0x6F, 0x6F, 0x6F, 0x6F, 0x6F, 0x6F, 0x6F, 0x6F, 0x6F, 0x6F, 0x6F, 0x6F, 0x6F, 0x6F, 0x6F, 0x6F, 0x6F, 0x6F, 0x6F,
    0x6F, 0x6F, 0x6F, 0x6F, 0x6F, 0x6F, 0x6F, 0x6F, 0x6F, 0x6F, 0x6F, 0x6F, 0x6F, 0x6F, 0x6F, 0x6F, 0x6F, 0x6F, 0x6F, 0x6F, 0x6F, 0x6F, 0x6F, 0x6F, 0x6F, 0x6F, 0x6F, 0x6F, 0x6F, 0x6F, 0x6F, 0x6F,
    0x6F, 0x6F, 0x6F, 0x6F, 0x6F, 0x6F, 0x6F, 0x6F, 0x6F, 0x6F, 0x6F, 0x6F, 0x6F, 0x6F, 0x6F, 0x6F, 0x6F, 0x6F, 0x6F, 0x6F, 0x6F, 0x6F, 0x6F, 0x6F, 0x6F, 0x6F, 0x6F, 0x6F, 0x6F, 0x6F, 0x6F, 0x6F,
    0x6F, 0x6F, 0x6F, 0x6F, 0x6F, 0x6F, 0x6F, 0x6F, 0x6F, 0x6F, 0x6F, 0x6F, 0x6F, 0x6F, 0x6F, 0x6F, 0x6F, 0x6F, 0x6F, 0x6F, 0x6F, 0x6F, 0x6F, 0x6F, 0x6F, 0x6F, 0x6F, 0x6F, 0x6F, 0x6F, 0x6F, 0x6F,
    0x6F, 0x6F, 0x6F, 0x6F, 0x6F, 0x6F, 0x6F, 0x6F, 0x6F, 0x6F, 0x6F, 0x6F, 0x6F, 0x6F, 0x6F, 0x6F, 0x6F, 0x6F, 0x6F, 0x6F, 0x6F, 0x6F, 0x6F, 0x6F, 0x6F, 0x6F, 0x6F, 0x6F, 0x6F, 0x6F, 0x6F, 0x6F,
    0x6F, 0x6F, 0x6F, 0x6F, 0x6F, 0x6F, 0x6F, 0x6F, 0x6F, 0x6F, 0x6F, 0x6F, 0x6F, 0x6F, 0x6F, 0x6F, 0x6F, 0x6F, 0x6F, 0x6F, 0x6F, 0x6F, 0x6F, 0x6F, 0x6F, 0x6F, 0x6F, 0x6F, 0x6F, 0x6F, 0x6F, 0x6F,
    0x6F, 0x6F, 0x6F, 0x6F, 0x6F, 0x6F, 0x6F, 0x6F, 0x6F, 0x6F, 0x6F, 0x6F, 0x6F, 0x6F, 0x6F, 0x6F, 0x6F, 0x6F, 0x6F, 0x6F, 0x6F, 0x6F, 0x6F, 0x6F, 0x6F, 0x6F, 0x6F, 0x6F, 0x6F, 0x6F, 0x6F, 0x6F,
    0x6F, 0x6F, 0x6F, 0x6F, 0x6F, 0x6F, 0x6F, 0x6F, 0x6F, 0x6F, 0x6F, 0x6F, 0x6F, 0x6F, 0x6F, 0x6F, 0x6F, 0x6F, 0x6F, 0x6F, 0x6F, 0x6F, 0x6F, 0x6F, 0x6F, 0x6F, 0x6F, 0x6F, 0x6F, 0x6F, 0x6F, 0x6F,
    0x6F, 0x6F, 0x6F, 0x6F, 0x6F, 0x6F, 0x6F, 0x6F, 0x6F, 0x6F, 0x6F, 0x6F, 0x6F, 0x6F, 0x6F, 0x6F, 0x6F, 0x6F, 0x6F, 0x6F, 0x6F, 0x6F, 0x6F, 0x6F, 0x6F, 0x6F, 0x6F, 0x6F, 0x6F, 0x6F, 0x6F, 0x6F,
    0x6F, 0x6F, 0x6F, 0x6F, 0x6F, 0x6F, 0x6F, 0x6F, 0x6F, 0x6F, 0x6F, 0x6F, 0x6F, 0x6F, 0x6F, 0x6F, 0x6F, 0x6F, 0x6F, 0x6F, 0x6F, 0x6F, 0x6F, 0x6F, 0x6F, 0x6F, 0x6F, 0x6F, 0x6F, 0x6F, 0x6F, 0x6F,
    0x6F, 0x6F, 0x6F, 0x6F, 0x6F, 0x6F, 0x6F, 0x6F, 0x6F, 0x6F, 0x6F, 0x6F, 0x6F, 0x6F, 0x6F, 0x6F, 0x6F, 0x6F, 0x6F, 0x6F, 0x6F, 0x6F, 0x6F, 0x6F, 0x6F, 0x6F, 0x6F, 0x6F, 0x6F, 0x6F, 0x6F, 0x6F,
    0x6F, 0x6F, 0x6F, 0x6F, 0x6F, 0x6F, 0x6F, 0x6F, 0x6F, 0x6F, 0x6F, 0x6F, 0x6F, 0x6F, 0x6F, 0x6F, 0x6F, 0x6F, 0x6F, 0x6F, 0x6F, 0x6F, 0x6F, 0x6F, 0x6F, 0x6F, 0x6F, 0x6F, 0x6F, 0x6F, 0x6F, 0x6F,
    0x6F, 0x6F, 0x6F, 0x6F, 0x6F, 0x6F, 0x6F, 0x6F, 0x6F, 0x6F, 0x6F, 0x6F, 0x6F, 0x6F, 0x6F, 0x6F, 0x6F, 0x6F, 0x6F, 0x6F, 0x6F, 0x6F, 0x6F, 0x6F, 0x6F, 0x6F, 0x6F, 0x6F, 0x6F, 0x6F, 0x6F, 0x6F,
    0x6F, 0x6F, 0x6F, 0x6F, 0x6F, 0x6F, 0x6F, 0x6F, 0x6F, 0x6F, 0x6F, 0x6F, 0x6F, 0x6F, 0x6F, 0x6F, 0x6F, 0x6F, 0x6F, 0x6F, 0x6F, 0x6F, 0x6F, 0x6F, 0x6F, 0x6F, 0x6F, 0x6F, 0x6F, 0x6F, 0x6F, 0x6F,
    0x6F, 0x6F, 0x6F, 0x6F, 0x6F, 0x6F, 0x6F, 0x6F, 0x6F, 0x6F, 0x6F, 0x6F, 0x6F, 0x6F, 0x6F, 0x6F, 0x6F, 0x6F, 0x6F, 0x6F, 0x6F, 0x6F, 0x6F, 0x6F, 0x6F, 0x6F, 0x6F, 0x6F, 0x6F, 0x6F, 0x6F, 0x6F,
    0x6F, 0x6F, 0x6F, 0x6F, 0x6F, 0x6F, 0x6F, 0x6F, 0x6F, 0x6F, 0x6F, 0x6F, 0x6F, 0x6F, 0x6F, 0x6F, 0x6F, 0x6F, 0x6F, 0x6F, 0x6F, 0x6F, 0x6F, 0x6F, 0x6F, 0x6F, 0x6F, 0x6F, 0x6F, 0x6F, 0x6F, 0x6F,
    0x6F, 0x6F, 0x6F, 0x6F, 0x6F, 0x6F, 0x6F, 0x6F, 0x6F, 0x6F, 0x6F, 0x6F, 0x6F, 0x6F, 0x6F, 0x6F, 0x6F, 0x6F, 0x6F, 0x6F, 0x6F, 0x6F, 0x6F, 0x6F, 0x6F, 0x6F, 0x6F, 0x6F, 0x6F, 0x6F, 0x6F, 0x6F,
    0x6F, 0x6F, 0x6F, 0x6F, 0x6F, 0x6F, 0x6F, 0x6F, 0x6F, 0x6F, 0x6F, 0x6F, 0x6F, 0x6F, 0x6F, 0x6F, 0x6F, 0x6F, 0x6F, 0x6F, 0x6F, 0x6F, 0x6F, 0x6F, 0x6F, 0x6F, 0x6F, 0x6F, 0x6F, 0x6F, 0x6F, 0x6F,
    0x6F, 0x6F, 0x6F, 0x6F, 0x6F, 0x6F, 0x6F, 0x6F, 0x6F, 0x6F, 0x6F, 0x6F, 0x6F, 0x6F, 0x6F, 0x6F, 0x6F, 0x6F, 0x6F, 0x6F, 0x6F, 0x6F, 0x6F, 0x6F, 0x6F, 0x6F, 0x6F, 0x6F, 0x6F, 0x6F, 0x6F, 0x6F,
    0x6F, 0x6F, 0x6F, 0x6F, 0x6F, 0x6F, 0x6F, 0x6F, 0x6F, 0x6F, 0x6F, 0x6F, 0x6F, 0x6F, 0x6F, 0x6F, 0x6F, 0x6F, 0x6F, 0x6F, 0x6F, 0x6F, 0x6F, 0x6F, 0x6F, 0x6F, 0x6F, 0x6F, 0x6F, 0x6F, 0x6F, 0x6F,
    0x6F, 0x6F, 0x6F, 0x6F, 0x6F, 0x6F, 0x6F, 0x6F, 0x6F, 0x6F, 0x6F, 0x6F, 0x6F, 0x6F, 0x6F, 0x6F, 0x6F, 0x6F, 0x6F, 0x6F, 0x6F, 0x6F, 0x6F, 0x6F, 0x6F, 0x6F, 0x6F, 0x6F, 0x6F, 0x6F, 0x6F, 0x6F,
    0x6F, 0x6F, 0x6F, 0x6F, 0x6F, 0x6F, 0x6F, 0x6F, 0x6F, 0x6F, 0x6F, 0x6F, 0x6F, 0x6F, 0x6F, 0x6F, 0x6F, 0x6F, 0x6F, 0x6F, 0x6F, 0x6F, 0x6F, 0x6F, 0x6F, 0x6F, 0x6F, 0x6F, 0x6F, 0x6F, 0x6F, 0x6F,
    0x6F, 0x6F, 0x6F, 0x6F, 0x6F, 0x6F, 0x6F, 0x6F, 0x6F, 0x6F, 0x6F, 0x6F, 0x6F, 0x6F, 0x6F, 0x6F, 0x6F, 0x6F, 0x6F, 0x6F, 0x6F, 0x6F, 0x6F, 0x6F, 0x6F, 0x6F, 0x6F, 0x6F, 0x6F, 0x6F, 0x6F, 0x6F,
    0x6F, 0x6F, 0x6F, 0x6F, 0x6F, 0x6F, 0x6F, 0x6F, 0x6F, 0x6F, 0x6F, 0x6F, 0x6F, 0x6F, 0x6F, 0x6F, 0x6F, 0x6F, 0x6F, 0x6F, 0x6F, 0x6F, 0x6F, 0x6F, 0x6F, 0x6F, 0x6F, 0x6F, 0x6F, 0x6F, 0x6F, 0x6F,
    0x6F, 0x6F, 0x6F, 0x6F, 0x6F, 0x6F, 0x6F, 0x6F, 0x6F, 0x6F, 0x6F, 0x6F, 0x6F, 0x6F, 0x6F, 0x6F, 0x6F, 0x6F, 0x6F, 0x6F, 0x6F, 0x6F, 0x6F, 0x6F, 0x6F, 0x6F, 0x6F, 0x6F, 0x6F, 0x6F, 0x6F, 0x6F,
    0x6F, 0x6F, 0x6F, 0x6F, 0x6F, 0x6F, 0x6F, 0x6F, 0x6F, 0x6F, 0x6F, 0x6F, 0x6F, 0x6F, 0x6F, 0x6F, 0x6F, 0x6F, 0x6F, 0x6F, 0x6F, 0x6F, 0x6F, 0x6F, 0x6F, 0x6F, 0x6F, 0x6F, 0x6F, 0x6F, 0x6F, 0x6F,
    0x6F, 0x6F, 0x6F, 0x6F, 0x6F, 0x6F, 0x6F, 0x6F, 0x6F, 0x6F, 0x6F, 0x6F, 0x6F, 0x6F, 0x6F, 0x6F, 0x6F, 0x6F, 0x6F, 0x6F, 0x6F, 0x6F, 0x6F, 0x6F, 0x6F, 0x6F, 0x6F, 0x6F, 0x6F, 0x6F, 0x6F, 0x6F,
    0x6F, 0x6F, 0x6F, 0x6F, 0x6F, 0x6F, 0x6F, 0x6F, 0x6F, 0x6F, 0x6F, 0x6F, 0x6F, 0x6F, 0x6F, 0x6F, 0x6F, 0x6F, 0x6F, 0x6F, 0x6F, 0x6F, 0x6F, 0x6F, 0x6F, 0x6F, 0x6F, 0x6F, 0x6F, 0x6F, 0x6F, 0x6F,
    0x6F, 0x6F, 0x6F, 0x6F, 0x6F, 0x6F, 0x6F, 0x6F, 0x6F, 0x6F, 0x6F, 0x6F, 0x6F, 0x6F, 0x6F, 0x6F, 0x6F, 0x6F, 0x6F, 0x6F, 0x6F, 0x6F, 0x6F, 0x6F, 0x6F, 0x6F, 0x6F, 0x6F, 0x6F, 0x6F, 0x6F, 0x6F,
    0x6F, 0x6F, 0x6F, 0x6F, 0x6F, 0x6F, 0x6F, 0x6F, 0x6F, 0x6F, 0x6F, 0x6F, 0x6F, 0x6F, 0x6F, 0x6F, 0x6F, 0x6F, 0x6F, 0x6F, 0x6F, 0x6F, 0x6F, 0x6F, 0x6F, 0x6F, 0x6F, 0x6F, 0x6F, 0x6F, 0x6F, 0x6F,
    0x6F, 0x6F, 0x6F, 0x6F, 0x6F, 0x6F, 0x6F, 0x6F, 0x6F, 0x6F, 0x6F, 0x6F, 0x6F, 0x6F, 0x6F, 0x6F, 0x6F, 0x6F, 0x6F, 0x6F, 0x6F, 0x6F, 0x6F, 0x6F, 0x6F, 0x6F, 0x6F, 0x6F, 0x6F, 0x6F, 0x6F, 0x6F,
    0x6F, 0x6F, 0x6F, 0x6F, 0x6F, 0x6F, 0x6F, 0x73, 0x6F, 0x6F, 0x6F, 0x6F, 0x6F, 0x73, 0x73, 0x73, 0x6F, 0x6F, 0x6F, 0x6F, 0x73, 0x73, 0x73, 0x73, 0x6F, 0x6F, 0x73, 0x73, 0x73, 0x73, 0x73, 0x73,
    0x6F, 0x6F, 0x6F, 0x6F, 0x6F, 0x6F, 0x6F, 0x73, 0x6F, 0x6F, 0x6F, 0x6F, 0x6F, 0x73, 0x73, 0x73, 0x6F, 0x6F, 0x6F, 0x73, 0x73, 0x73, 0x73, 0x73, 0x6F, 0x73, 0x73, 0x73, 0x73, 0x73, 0x73, 0x73,
    0x73, 0x73, 0x73, 0x73, 0x73, 0x73, 0x57, 0x54, 0x73, 0x73, 0x73, 0x73, 0x57, 0x54, 0x2B, 0x2B, 0x73, 0x73, 0x57, 0x54, 0x2B, 0x2B, 0x2B, 0x2B, 0x57, 0x54, 0x2B, 0x2B, 0x2B, 0x2B, 0x2B, 0x2B,
    0x73, 0x73, 0x73, 0x73, 0x73, 0x57, 0x73, 0x73, 0x73, 0x73, 0x73, 0x57, 0x54, 0x54, 0x57, 0x73, 0x73, 0x57, 0x54, 0x2B, 0x2B, 0x54, 0x54, 0x57, 0x57, 0x54, 0x2B, 0x2B, 0x2B, 0x2B, 0x54, 0x54,
    0x2B, 0x2B, 0x2B, 0x2B, 0x2B, 0x2B, 0x54, 0x57, 0x2B, 0x2B, 0x2B, 0x2B, 0x54, 0x57, 0x73, 0x73, 0x2B, 0x2B, 0x54, 0x57, 0x73, 0x73, 0x73, 0x73, 0x54, 0x57, 0x73, 0x73, 0x73, 0x73, 0x73, 0x43,
    0x73, 0x57, 0x54, 0x54, 0x2B, 0x2B, 0x54, 0x57, 0x73, 0x73, 0x57, 0x54, 0x54, 0x57, 0x73, 0x73, 0x57, 0x73, 0x73, 0x73, 0x73, 0x73, 0x73, 0x73, 0x54, 0x57, 0x73, 0x73, 0x73, 0x73, 0x73, 0x43,
    0x73, 0x73, 0x73, 0x73, 0x73, 0x73, 0x73, 0x43, 0x73, 0x73, 0x73, 0x43, 0x43, 0x73, 0x73, 0x73, 0x73, 0x43, 0x0D, 0x0D, 0x0D, 0x43, 0x43, 0x73, 0x0D, 0x05, 0x05, 0x05, 0x0D, 0x0D, 0x43, 0x43,
    0x73, 0x73, 0x73, 0x73, 0x73, 0x73, 0x43, 0x0D, 0x73, 0x73, 0x73, 0x73, 0x43, 0x0D, 0x0D, 0x05, 0x73, 0x43, 0x43, 0x0D, 0x05, 0x05, 0x05, 0x05, 0x43, 0x0D, 0x0D, 0x0D, 0x05, 0x05, 0x05, 0x05,
    0x43, 0x43, 0x0D, 0x0D, 0x0D, 0x05, 0x05, 0x05, 0x43, 0x43, 0x43, 0x0D, 0x0D, 0x0D, 0x0D, 0x43, 0x73, 0x73, 0x43, 0x43, 0x43, 0x43, 0x73, 0x73, 0x73, 0x73, 0x73, 0x73, 0x73, 0x73, 0x73, 0x73,
    0x0D, 0x05, 0x05, 0x05, 0x05, 0x05, 0x05, 0x05, 0x05, 0x05, 0x05, 0x05, 0x05, 0x05, 0x05, 0x0D, 0x05, 0x05, 0x05, 0x05, 0x05, 0x0D, 0x43, 0x43, 0x05, 0x05, 0x0D, 0x0D, 0x43, 0x73, 0x73, 0x73,
    0x0D, 0x43, 0x43, 0x73, 0x73, 0x73, 0x73, 0x73, 0x73, 0x73, 0x73, 0x73, 0x73, 0x73, 0x55, 0x55, 0x73, 0x73, 0x73, 0x73, 0x55, 0x4F, 0x4F, 0x2A, 0x73, 0x55, 0x55, 0x4F, 0x2A, 0x2A, 0x2A, 0x2A,
    0x05, 0x05, 0x0D, 0x43, 0x43, 0x73, 0x73, 0x73, 0x0D, 0x43, 0x73, 0x73, 0x73, 0x73, 0x73, 0x73, 0x73, 0x73, 0x73, 0x73, 0x73, 0x73, 0x55, 0x55, 0x73, 0x73, 0x73, 0x55, 0x55, 0x4F, 0x4F, 0x4F,
    0x73, 0x55, 0x4F, 0x4F, 0x4F, 0x4F, 0x4F, 0x4F, 0x4F, 0x4F, 0x4F, 0x4F, 0x4F, 0x4F, 0x4F, 0x4F, 0x2A, 0x2A, 0x2A, 0x2A, 0x2A, 0x2A, 0x2A, 0x2A, 0x2A, 0x2A, 0x2A, 0x2A, 0x2A, 0x2A, 0x2A, 0x2A,
    0x73, 0x73, 0x73, 0x73, 0x55, 0x55, 0x4F, 0x4F, 0x73, 0x55, 0x55, 0x4F, 0x4F, 0x4F, 0x4F, 0x4F, 0x4F, 0x4F, 0x4F, 0x4F, 0x4F, 0x4F, 0x4F, 0x4F, 0x4F, 0x4F, 0x4F, 0x4F, 0x4F, 0x4F, 0x4F, 0x4F,
    0x4F, 0x4F, 0x4F, 0x4F, 0x4F, 0x4F, 0x4F, 0x4F, 0x4F, 0x4F, 0x4F, 0x4F, 0x4F, 0x4F, 0x4F, 0x4F, 0x2A, 0x4F, 0x4F, 0x4F, 0x4F, 0x4F, 0x4F, 0x4F, 0x2A, 0x2A, 0x2A, 0x2A, 0x2A, 0x2A, 0x4F, 0x4F,
    0x4F, 0x4F, 0x4F, 0x4F, 0x4F, 0x2A, 0x2A, 0x2A, 0x4F, 0x4F, 0x4F, 0x4F, 0x4F, 0x2A, 0x2A, 0x2A, 0x4F, 0x4F, 0x4F, 0x4F, 0x2A, 0x2A, 0x2A, 0x2A, 0x4F, 0x4F, 0x4F, 0x4F, 0x2A, 0x2A, 0x2A, 0x2A,
    0x4F, 0x4F, 0x4F, 0x2A, 0x2A, 0x2A, 0x2A, 0x2A, 0x4F, 0x4F, 0x4F, 0x2A, 0x2A, 0x2A, 0x2A, 0x2A, 0x4F, 0x4F, 0x2A, 0x2A, 0x2A, 0x2A, 0x2A, 0x2A, 0x4F, 0x4F, 0x2A, 0x2A, 0x2A, 0x2A, 0x2A, 0x2A,
    0x2A, 0x2A, 0x2A, 0x2A, 0x2A, 0x2A, 0x2A, 0x2A, 0x2A, 0x2A, 0x2A, 0x2A, 0x2A, 0x2A, 0x2A, 0x2A, 0x2A, 0x2A, 0x2A, 0x2A, 0x2A, 0x2A, 0x2A, 0x2A, 0x2A, 0x2A, 0x2A, 0x2A, 0x2A, 0x2A, 0x2A, 0x2A,
    0x2A, 0x2A, 0x2A, 0x2A, 0x2A, 0x2A, 0x2A, 0x2A, 0x2A, 0x2A, 0x2A, 0x2A, 0x2A, 0x2A, 0x2A, 0x4F, 0x2A, 0x2A, 0x2A, 0x2A, 0x2A, 0x2A, 0x4F, 0x4F, 0x2A, 0x2A, 0x2A, 0x2A, 0x2A, 0x4F, 0x4F, 0x4F,
    0x2A, 0x4F, 0x4F, 0x55, 0x73, 0x73, 0x55, 0x4F, 0x2A, 0x4F, 0x4F, 0x4F, 0x55, 0x73, 0x73, 0x4F, 0x2A, 0x4F, 0x4F, 0x4F, 0x4F, 0x73, 0x73, 0x55, 0x4F, 0x4F, 0x4F, 0x4F, 0x4F, 0x55, 0x73, 0x73,
    0x4F, 0x4F, 0x4F, 0x4F, 0x4F, 0x4F, 0x55, 0x73, 0x4F, 0x4F, 0x4F, 0x4F, 0x4F, 0x4F, 0x4F, 0x55, 0x4F, 0x4F, 0x4F, 0x4F, 0x4F, 0x4F, 0x4F, 0x55, 0x4F, 0x4F, 0x4F, 0x4F, 0x55, 0x55, 0x55, 0x73,
    0x4F, 0x4F, 0x4F, 0x2A, 0x2A, 0x2A, 0x2A, 0x2A, 0x4F, 0x4F, 0x4F, 0x4F, 0x4F, 0x4F, 0x2A, 0x2A, 0x4F, 0x4F, 0x4F, 0x4F, 0x4F, 0x4F, 0x4F, 0x4F, 0x55, 0x4F, 0x4F, 0x4F, 0x4F, 0x4F, 0x4F, 0x4F,
    0x73, 0x55, 0x4F, 0x4F, 0x4F, 0x4F, 0x4F, 0x4F, 0x73, 0x73, 0x55, 0x55, 0x55, 0x55, 0x55, 0x73, 0x55, 0x73, 0x73, 0x73, 0x73, 0x73, 0x73, 0x73, 0x73, 0x73, 0x73, 0x73, 0x73, 0x73, 0x73, 0x73,
    0x2A, 0x2A, 0x2A, 0x2A, 0x2A, 0x2A, 0x2A, 0x2A, 0x2A, 0x2A, 0x2A, 0x2A, 0x2A, 0x2A, 0x2A, 0x2A, 0x4F, 0x4F, 0x2A, 0x2A, 0x2A, 0x2A, 0x2A, 0x2A, 0x4F, 0x4F, 0x4F, 0x4F, 0x4F, 0x4F, 0x55, 0x55,
    0x4F, 0x55, 0x55, 0x55, 0x73, 0x73, 0x73, 0x73, 0x73, 0x73, 0x73, 0x73, 0x73, 0x73, 0x73, 0x73, 0x73, 0x73, 0x73, 0x73, 0x73, 0x73, 0x73, 0x73, 0x73, 0x73, 0x73, 0x4E, 0x4E, 0x4E, 0x01, 0x01,
    0x2A, 0x2A, 0x2A, 0x2A, 0x2A, 0x2A, 0x2A, 0x2A, 0x2A, 0x2A, 0x2A, 0x2A, 0x2A, 0x2A, 0x2A, 0x4F, 0x2A, 0x4F, 0x4F, 0x4F, 0x55, 0x55, 0x55, 0x55, 0x55, 0x55, 0x73, 0x73, 0x73, 0x73, 0x73, 0x73,
    0x73, 0x73, 0x73, 0x73, 0x73, 0x73, 0x73, 0x73, 0x73, 0x73, 0x73, 0x73, 0x73, 0x73, 0x73, 0x73, 0x73, 0x73, 0x4E, 0x4E, 0x4E, 0x01, 0x01, 0x01, 0x01, 0x01, 0x01, 0x01, 0x01, 0x01, 0x01, 0x01,
    0x2A, 0x2A, 0x2A, 0x2A, 0x4F, 0x4F, 0x4F, 0x4F, 0x4F, 0x4F, 0x55, 0x55, 0x55, 0x55, 0x73, 0x73, 0x73, 0x73, 0x73, 0x73, 0x73, 0x73, 0x73, 0x73, 0x73, 0x73, 0x73, 0x73, 0x73, 0x73, 0x73, 0x73,
    0x73, 0x73, 0x73, 0x73, 0x73, 0x73, 0x73, 0x73, 0x73, 0x4E, 0x4E, 0x01, 0x01, 0x01, 0x01, 0x01, 0x01, 0x01, 0x01, 0x01, 0x01, 0x01, 0x4E, 0x73, 0x01, 0x01, 0x01, 0x01, 0x4E, 0x73, 0x73, 0x4E,
    0x55, 0x55, 0x55, 0x55, 0x73, 0x73, 0x73, 0x73, 0x73, 0x73, 0x73, 0x73, 0x73, 0x73, 0x73, 0x73, 0x73, 0x73, 0x73, 0x73, 0x73, 0x73, 0x73, 0x73, 0x73, 0x73, 0x73, 0x73, 0x73, 0x73, 0x73, 0x73,
    0x73, 0x4E, 0x4E, 0x4E, 0x4E, 0x73, 0x73, 0x73, 0x4E, 0x4E, 0x73, 0x73, 0x73, 0x4E, 0x01, 0x01, 0x73, 0x73, 0x4E, 0x01, 0x01, 0x01, 0x55, 0x55, 0x01, 0x01, 0x01, 0x55, 0x55, 0x55, 0x50, 0x50,
    0x73, 0x73, 0x73, 0x73, 0x73, 0x73, 0x73, 0x73, 0x73, 0x73, 0x73, 0x73, 0x55, 0x55, 0x55, 0x55, 0x73, 0x73, 0x73, 0x73, 0x73, 0x73, 0x73, 0x73, 0x73, 0x73, 0x73, 0x73, 0x73, 0x73, 0x73, 0x73,
    0x73, 0x73, 0x73, 0x73, 0x73, 0x4E, 0x01, 0x01, 0x01, 0x01, 0x01, 0x01, 0x01, 0x01, 0x55, 0x73, 0x55, 0x55, 0x73, 0x73, 0x73, 0x73, 0x73, 0x6B, 0x73, 0x73, 0x6B, 0x6B, 0x66, 0x66, 0x6B, 0x73,
    0x73, 0x73, 0x73, 0x73, 0x73, 0x73, 0x73, 0x73, 0x55, 0x55, 0x55, 0x55, 0x55, 0x55, 0x55, 0x55, 0x73, 0x73, 0x73, 0x73, 0x73, 0x73, 0x73, 0x73, 0x73, 0x73, 0x73, 0x73, 0x73, 0x73, 0x6B, 0x66,
    0x01, 0x01, 0x4E, 0x73, 0x73, 0x6B, 0x66, 0x62, 0x73, 0x73, 0x73, 0x6B, 0x66, 0x62, 0x38, 0x38, 0x73, 0x73, 0x6B, 0x66, 0x62, 0x38, 0x38, 0x38, 0x6B, 0x66, 0x62, 0x38, 0x38, 0x38, 0x38, 0x38,
    0x55, 0x73, 0x73, 0x6B, 0x66, 0x6B, 0x73, 0x55, 0x73, 0x6B, 0x66, 0x38, 0x62, 0x6B, 0x73, 0x73, 0x6B, 0x66, 0x38, 0x38, 0x62, 0x66, 0x73, 0x73, 0x62, 0x38, 0x38, 0x38, 0x62, 0x66, 0x73, 0x73,
    0x38, 0x38, 0x38, 0x38, 0x62, 0x66, 0x73, 0x73, 0x38, 0x38, 0x38, 0x38, 0x62, 0x66, 0x73, 0x6B, 0x38, 0x38, 0x38, 0x38, 0x62, 0x62, 0x73, 0x6B, 0x38, 0x38, 0x38, 0x38, 0x62, 0x62, 0x73, 0x66,
    0x73, 0x73, 0x55, 0x55, 0x73, 0x73, 0x73, 0x73, 0x66, 0x6B, 0x73, 0x73, 0x73, 0x73, 0x73, 0x55, 0x66, 0x66, 0x73, 0x73, 0x73, 0x73, 0x73, 0x73, 0x66, 0x62, 0x6B, 0x73, 0x73, 0x73, 0x73, 0x73,
    0x62, 0x62, 0x66, 0x73, 0x73, 0x73, 0x4E, 0x4E, 0x62, 0x62, 0x62, 0x6B, 0x73, 0x4E, 0x73, 0x73, 0x62, 0x62, 0x62, 0x66, 0x73, 0x01, 0x01, 0x01, 0x62, 0x62, 0x62, 0x62, 0x6B, 0x73, 0x55, 0x55,
    0x73, 0x55, 0x55, 0x55, 0x55, 0x55, 0x55, 0x55, 0x4E, 0x4E, 0x51, 0x51, 0x3D, 0x3D, 0x3D, 0x3D, 0x73, 0x73, 0x73, 0x17, 0x17, 0x17, 0x17, 0x0D, 0x73, 0x73, 0x73, 0x73, 0x73, 0x73, 0x73, 0x73,
    0x4E, 0x4E, 0x73, 0x73, 0x73, 0x73, 0x73, 0x73, 0x73, 0x01, 0x01, 0x01, 0x01, 0x01, 0x01, 0x01, 0x4E, 0x73, 0x73, 0x73, 0x4E, 0x01, 0x01, 0x01, 0x01, 0x01, 0x01, 0x4E, 0x73, 0x73, 0x4E, 0x4E,
    0x55, 0x55, 0x55, 0x55, 0x55, 0x55, 0x55, 0x73, 0x3D, 0x3D, 0x3D, 0x3D, 0x51, 0x51, 0x4E, 0x4E, 0x0D, 0x17, 0x17, 0x17, 0x17, 0x17, 0x3D, 0x3D, 0x73, 0x73, 0x73, 0x17, 0x17, 0x17, 0x17, 0x17,
    0x73, 0x73, 0x73, 0x73, 0x73, 0x73, 0x73, 0x73, 0x4E, 0x4E, 0x73, 0x73, 0x73, 0x73, 0x73, 0x73, 0x01, 0x01, 0x01, 0x01, 0x01, 0x01, 0x4E, 0x4E, 0x01, 0x01, 0x01, 0x01, 0x01, 0x01, 0x01, 0x01,
    0x73, 0x73, 0x73, 0x73, 0x55, 0x55, 0x55, 0x55, 0x55, 0x73, 0x73, 0x73, 0x73, 0x73, 0x55, 0x4F, 0x51, 0x4E, 0x55, 0x73, 0x73, 0x73, 0x73, 0x73, 0x17, 0x3D, 0x51, 0x4E, 0x4E, 0x73, 0x73, 0x73,
    0x73, 0x73, 0x17, 0x3D, 0x51, 0x4E, 0x55, 0x73, 0x73, 0x73, 0x73, 0x73, 0x73, 0x73, 0x73, 0x73, 0x4E, 0x73, 0x73, 0x73, 0x73, 0x73, 0x73, 0x73, 0x01, 0x01, 0x01, 0x01, 0x01, 0x01, 0x4E, 0x4E,
    0x55, 0x55, 0x55, 0x55, 0x55, 0x55, 0x55, 0x55, 0x4F, 0x4F, 0x4F, 0x4F, 0x4F, 0x4F, 0x4F, 0x4F, 0x55, 0x4F, 0x4F, 0x4F, 0x4F, 0x4F, 0x4F, 0x4F, 0x73, 0x55, 0x4F, 0x4F, 0x4F, 0x4F, 0x4F, 0x4F,
    0x73, 0x73, 0x55, 0x4F, 0x4F, 0x4F, 0x4F, 0x4F, 0x73, 0x73, 0x73, 0x55, 0x4F, 0x4F, 0x4F, 0x4F, 0x73, 0x73, 0x73, 0x73, 0x73, 0x4F, 0x4F, 0x4F, 0x73, 0x73, 0x73, 0x73, 0x73, 0x73, 0x73, 0x73,
    0x73, 0x73, 0x73, 0x73, 0x73, 0x73, 0x73, 0x73, 0x4F, 0x4F, 0x4F, 0x4F, 0x4F, 0x55, 0x55, 0x55, 0x4F, 0x4F, 0x4F, 0x4F, 0x4F, 0x4F, 0x4F, 0x4F, 0x4F, 0x4F, 0x4F, 0x4F, 0x4F, 0x4F, 0x55, 0x73,
    0x4F, 0x4F, 0x4F, 0x4F, 0x55, 0x73, 0x73, 0x73, 0x4F, 0x4F, 0x55, 0x73, 0x73, 0x73, 0x73, 0x73, 0x4F, 0x55, 0x73, 0x73, 0x73, 0x65, 0x65, 0x65, 0x73, 0x73, 0x73, 0x65, 0x65, 0x65, 0x65, 0x65,
    0x73, 0x73, 0x73, 0x73, 0x73, 0x73, 0x73, 0x73, 0x55, 0x55, 0x55, 0x55, 0x73, 0x73, 0x73, 0x73, 0x55, 0x55, 0x73, 0x73, 0x73, 0x73, 0x73, 0x73, 0x73, 0x73, 0x73, 0x73, 0x73, 0x73, 0x73, 0x73,
    0x73, 0x73, 0x73, 0x55, 0x55, 0x55, 0x4E, 0x4E, 0x73, 0x73, 0x73, 0x73, 0x73, 0x73, 0x73, 0x3D, 0x65, 0x65, 0x65, 0x65, 0x65, 0x65, 0x65, 0x73, 0x65, 0x65, 0x65, 0x65, 0x65, 0x65, 0x65, 0x65,
    0x73, 0x73, 0x73, 0x73, 0x55, 0x55, 0x55, 0x55, 0x73, 0x73, 0x73, 0x73, 0x73, 0x73, 0x73, 0x73, 0x73, 0x73, 0x73, 0x73, 0x73, 0x73, 0x73, 0x73, 0x73, 0x73, 0x73, 0x73, 0x73, 0x73, 0x73, 0x73,
    0x4E, 0x4E, 0x4E, 0x4E, 0x4E, 0x4E, 0x4E, 0x55, 0x3D, 0x3D, 0x3D, 0x3D, 0x3D, 0x3D, 0x51, 0x51, 0x73, 0x17, 0x17, 0x17, 0x17, 0x3D, 0x3D, 0x17, 0x65, 0x73, 0x73, 0x17, 0x3D, 0x0D, 0x3D, 0x17,
    0x4F, 0x4F, 0x4F, 0x4F, 0x2A, 0x2A, 0x2A, 0x2A, 0x73, 0x73, 0x55, 0x55, 0x55, 0x55, 0x4F, 0x4F, 0x73, 0x73, 0x73, 0x73, 0x73, 0x73, 0x73, 0x73, 0x73, 0x73, 0x73, 0x73, 0x73, 0x73, 0x73, 0x73,
    0x55, 0x55, 0x73, 0x73, 0x73, 0x73, 0x73, 0x73, 0x51, 0x4E, 0x4E, 0x55, 0x73, 0x73, 0x73, 0x73, 0x3D, 0x3D, 0x3D, 0x51, 0x4E, 0x55, 0x73, 0x73, 0x17, 0x17, 0x17, 0x17, 0x3D, 0x51, 0x4E, 0x55,
    0x2A, 0x2A, 0x2A, 0x2A, 0x2A, 0x2A, 0x2A, 0x2A, 0x4F, 0x2A, 0x2A, 0x2A, 0x2A, 0x2A, 0x2A, 0x2A, 0x55, 0x55, 0x55, 0x55, 0x4F, 0x4F, 0x4F, 0x2A, 0x73, 0x73, 0x73, 0x73, 0x73, 0x73, 0x55, 0x55,
    0x73, 0x73, 0x73, 0x73, 0x73, 0x73, 0x73, 0x73, 0x73, 0x55, 0x55, 0x55, 0x55, 0x73, 0x73, 0x73, 0x73, 0x73, 0x55, 0x4F, 0x4F, 0x4F, 0x4F, 0x4F, 0x73, 0x73, 0x73, 0x55, 0x4F, 0x4F, 0x4F, 0x4F,
    0x2A, 0x2A, 0x2A, 0x2A, 0x2A, 0x2A, 0x2A, 0x2A, 0x2A, 0x2A, 0x2A, 0x2A, 0x2A, 0x2A, 0x2A, 0x2A, 0x2A, 0x2A, 0x2A, 0x2A, 0x2A, 0x2A, 0x4F, 0x4F, 0x55, 0x55, 0x4F, 0x4F, 0x4F, 0x4F, 0x4F, 0x4F,
    0x73, 0x73, 0x73, 0x73, 0x55, 0x55, 0x55, 0x4F, 0x73, 0x73, 0x73, 0x73, 0x73, 0x73, 0x73, 0x73, 0x55, 0x55, 0x55, 0x73, 0x73, 0x73, 0x73, 0x73, 0x4F, 0x4F, 0x4F, 0x4F, 0x4F, 0x4F, 0x55, 0x55,
    0x2A, 0x2A, 0x2A, 0x2A, 0x2A, 0x4F, 0x4F, 0x4F, 0x2A, 0x2A, 0x4F, 0x4F, 0x4F, 0x4F, 0x4F, 0x4F, 0x4F, 0x4F, 0x4F, 0x4F, 0x4F, 0x4F, 0x4F, 0x4F, 0x4F, 0x4F, 0x4F, 0x4F, 0x4F, 0x4F, 0x4F, 0x55,
    0x4F, 0x4F, 0x4F, 0x4F, 0x4F, 0x4F, 0x55, 0x73, 0x73, 0x55, 0x55, 0x55, 0x55, 0x55, 0x73, 0x73, 0x73, 0x73, 0x73, 0x73, 0x73, 0x73, 0x73, 0x55, 0x73, 0x73, 0x73, 0x73, 0x73, 0x73, 0x73, 0x73,
    0x4F, 0x55, 0x73, 0x73, 0x55, 0x4F, 0x4F, 0x2A, 0x4F, 0x73, 0x73, 0x55, 0x4F, 0x4F, 0x4F, 0x2A, 0x55, 0x73, 0x73, 0x4F, 0x4F, 0x4F, 0x4F, 0x2A, 0x73, 0x73, 0x55, 0x4F, 0x4F, 0x4F, 0x4F, 0x4F,
    0x73, 0x55, 0x4F, 0x4F, 0x4F, 0x4F, 0x4F, 0x4F, 0x55, 0x4F, 0x4F, 0x4F, 0x4F, 0x4F, 0x4F, 0x4F, 0x55, 0x4F, 0x4F, 0x4F, 0x4F, 0x4F, 0x4F, 0x4F, 0x73, 0x55, 0x55, 0x55, 0x4F, 0x4F, 0x4F, 0x4F,
    0x2A, 0x2A, 0x2A, 0x2A, 0x2A, 0x2A, 0x2A, 0x2A, 0x2A, 0x2A, 0x2A, 0x2A, 0x2A, 0x2A, 0x2A, 0x2A, 0x2A, 0x2A, 0x2A, 0x2A, 0x2A, 0x2A, 0x2A, 0x2A, 0x2A, 0x2A, 0x2A, 0x2A, 0x2A, 0x2A, 0x2A, 0x2A,
    0x2A, 0x2A, 0x2A, 0x2A, 0x2A, 0x2A, 0x2A, 0x2A, 0x4F, 0x2A, 0x2A, 0x2A, 0x2A, 0x2A, 0x2A, 0x2A, 0x4F, 0x4F, 0x2A, 0x2A, 0x2A, 0x2A, 0x2A, 0x2A, 0x4F, 0x4F, 0x4F, 0x2A, 0x2A, 0x2A, 0x2A, 0x2A,
    0x2A, 0x2A, 0x2A, 0x4F, 0x4F, 0x4F, 0x4F, 0x4F, 0x2A, 0x2A, 0x2A, 0x4F, 0x4F, 0x4F, 0x4F, 0x4F, 0x2A, 0x2A, 0x2A, 0x2A, 0x4F, 0x4F, 0x4F, 0x4F, 0x2A, 0x2A, 0x2A, 0x2A, 0x4F, 0x4F, 0x4F, 0x4F,
    0x2A, 0x2A, 0x2A, 0x2A, 0x2A, 0x4F, 0x4F, 0x4F, 0x2A, 0x2A, 0x2A, 0x2A, 0x2A, 0x4F, 0x4F, 0x4F, 0x2A, 0x2A, 0x2A, 0x2A, 0x2A, 0x2A, 0x4F, 0x4F, 0x2A, 0x2A, 0x2A, 0x2A, 0x2A, 0x2A, 0x4F, 0x4F,
    0x4F, 0x4F, 0x55, 0x55, 0x73, 0x73, 0x73, 0x73, 0x4F, 0x4F, 0x4F, 0x4F, 0x4F, 0x55, 0x55, 0x73, 0x4F, 0x4F, 0x4F, 0x4F, 0x4F, 0x4F, 0x4F, 0x4F, 0x4F, 0x4F, 0x4F, 0x4F, 0x4F, 0x4F, 0x4F, 0x4F,
    0x4F, 0x4F, 0x4F, 0x4F, 0x4F, 0x4F, 0x4F, 0x4F, 0x4F, 0x4F, 0x4F, 0x4F, 0x4F, 0x4F, 0x4F, 0x4F, 0x4F, 0x4F, 0x4F, 0x4F, 0x4F, 0x4F, 0x4F, 0x2A, 0x4F, 0x4F, 0x2A, 0x2A, 0x2A, 0x2A, 0x2A, 0x2A,
    0x73, 0x73, 0x73, 0x43, 0x43, 0x0D, 0x05, 0x05, 0x73, 0x73, 0x73, 0x73, 0x73, 0x73, 0x43, 0x0D, 0x55, 0x55, 0x73, 0x73, 0x73, 0x73, 0x73, 0x73, 0x4F, 0x4F, 0x4F, 0x55, 0x55, 0x73, 0x73, 0x73,
    0x4F, 0x4F, 0x4F, 0x4F, 0x4F, 0x4F, 0x55, 0x73, 0x4F, 0x4F, 0x4F, 0x4F, 0x4F, 0x4F, 0x4F, 0x4F, 0x2A, 0x2A, 0x2A, 0x2A, 0x2A, 0x2A, 0x2A, 0x2A, 0x2A, 0x2A, 0x2A, 0x2A, 0x2A, 0x2A, 0x2A, 0x2A,
    0x05, 0x05, 0x05, 0x05, 0x05, 0x05, 0x05, 0x0D, 0x0D, 0x05, 0x05, 0x05, 0x05, 0x05, 0x05, 0x05, 0x43, 0x43, 0x0D, 0x05, 0x05, 0x05, 0x05, 0x05, 0x73, 0x73, 0x73, 0x43, 0x0D, 0x0D, 0x05, 0x05,
    0x73, 0x73, 0x73, 0x73, 0x73, 0x43, 0x43, 0x0D, 0x55, 0x55, 0x73, 0x73, 0x73, 0x73, 0x73, 0x73, 0x2A, 0x4F, 0x4F, 0x55, 0x73, 0x73, 0x73, 0x73, 0x2A, 0x2A, 0x2A, 0x2A, 0x4F, 0x55, 0x55, 0x73,
    0x0D, 0x43, 0x73, 0x73, 0x73, 0x73, 0x73, 0x73, 0x05, 0x0D, 0x0D, 0x43, 0x73, 0x73, 0x73, 0x73, 0x05, 0x05, 0x05, 0x05, 0x0D, 0x43, 0x43, 0x73, 0x05, 0x05, 0x05, 0x05, 0x0D, 0x0D, 0x0D, 0x43,
    0x05, 0x05, 0x05, 0x0D, 0x0D, 0x0D, 0x43, 0x43, 0x43, 0x0D, 0x0D, 0x0D, 0x0D, 0x43, 0x43, 0x43, 0x73, 0x73, 0x43, 0x43, 0x43, 0x43, 0x73, 0x73, 0x73, 0x73, 0x73, 0x73, 0x73, 0x73, 0x73, 0x73,
    0x57, 0x54, 0x2B, 0x2B, 0x54, 0x54, 0x57, 0x73, 0x73, 0x73, 0x57, 0x54, 0x54, 0x57, 0x73, 0x73, 0x73, 0x73, 0x73, 0x73, 0x73, 0x73, 0x73, 0x57, 0x43, 0x73, 0x73, 0x73, 0x73, 0x73, 0x57, 0x54,
    0x43, 0x73, 0x73, 0x73, 0x73, 0x73, 0x73, 0x73, 0x73, 0x73, 0x73, 0x43, 0x43, 0x73, 0x73, 0x73, 0x73, 0x43, 0x43, 0x0D, 0x0D, 0x0D, 0x43, 0x73, 0x43, 0x43, 0x0D, 0x0D, 0x05, 0x05, 0x05, 0x0D,
    0x73, 0x73, 0x57, 0x73, 0x73, 0x73, 0x73, 0x73, 0x73, 0x57, 0x54, 0x54, 0x57, 0x73, 0x73, 0x73, 0x57, 0x54, 0x54, 0x2B, 0x2B, 0x54, 0x57, 0x73, 0x54, 0x54, 0x2B, 0x2B, 0x2B, 0x2B, 0x54, 0x57,
    0x57, 0x54, 0x2B, 0x2B, 0x2B, 0x2B, 0x2B, 0x2B, 0x73, 0x73, 0x57, 0x54, 0x2B, 0x2B, 0x2B, 0x2B, 0x73, 0x73, 0x73, 0x73, 0x57, 0x54, 0x2B, 0x2B, 0x43, 0x73, 0x73, 0x73, 0x73, 0x73, 0x57, 0x54,
    0x73, 0x6F, 0x6F, 0x6F, 0x6F, 0x6F, 0x6F, 0x6F, 0x73, 0x73, 0x73, 0x6F, 0x6F, 0x6F, 0x6F, 0x6F, 0x73, 0x73, 0x73, 0x73, 0x73, 0x6F, 0x6F, 0x6F, 0x73, 0x73, 0x73, 0x73, 0x73, 0x73, 0x73, 0x6F,
    0x54, 0x57, 0x73, 0x73, 0x73, 0x73, 0x73, 0x73, 0x2B, 0x2B, 0x54, 0x57, 0x73, 0x73, 0x73, 0x73, 0x2B, 0x2B, 0x2B, 0x2B, 0x54, 0x57, 0x73, 0x73, 0x2B, 0x2B, 0x2B, 0x2B, 0x2B, 0x2B, 0x54, 0x57,
    0x6F, 0x6F, 0x6F, 0x6F, 0x6F, 0x6F, 0x6F, 0x6F, 0x6F, 0x6F, 0x6F, 0x6F, 0x6F, 0x6F, 0x6F, 0x6F, 0x6F, 0x6F, 0x6F, 0x6F, 0x6F, 0x6F, 0x6F, 0x6F, 0x6F, 0x6F, 0x6F, 0x6F, 0x6F, 0x6F, 0x6F, 0x6F,
    0x73, 0x6F, 0x6F, 0x6F, 0x6F, 0x6F, 0x6F, 0x6F, 0x73, 0x73, 0x73, 0x6F, 0x6F, 0x6F, 0x6F, 0x6F, 0x73, 0x73, 0x73, 0x73, 0x6F, 0x6F, 0x6F, 0x6F, 0x73, 0x73, 0x73, 0x73, 0x73, 0x73, 0x6F, 0x6F,
    0x6F, 0x6F, 0x6F, 0x6F, 0x6F, 0x6F, 0x6F, 0x6F, 0x6F, 0x6F, 0x6F, 0x6F, 0x6F, 0x6F, 0x6F, 0x6F, 0x6F, 0x6F, 0x6F, 0x6F, 0x6F, 0x6F, 0x6F, 0x6F, 0x6F, 0x6F, 0x6F, 0x6F, 0x6F, 0x6F, 0x6F, 0x6F,
    0x6F, 0x6F, 0x6F, 0x6F, 0x6F, 0x6F, 0x6F, 0x6F, 0x6F, 0x6F, 0x6F, 0x6F, 0x6F, 0x6F, 0x6F, 0x6F, 0x6F, 0x6F, 0x6F, 0x6F, 0x6F, 0x6F, 0x6F, 0x6F, 0x6F, 0x6F, 0x6F, 0x6F, 0x6F, 0x6F, 0x6F, 0x6F,
    0x6F, 0x6F, 0x6F, 0x6F, 0x6F, 0x6F, 0x6F, 0x6F, 0x6F, 0x6F, 0x6F, 0x6F, 0x6F, 0x6F, 0x6F, 0x6F, 0x6F, 0x6F, 0x6F, 0x6F, 0x6F, 0x6F, 0x6F, 0x6F, 0x6F, 0x6F, 0x6F, 0x6F, 0x6F, 0x6F, 0x6F, 0x6F,
    0x6F, 0x6F, 0x6F, 0x6F, 0x6F, 0x6F, 0x6F, 0x6F, 0x6F, 0x6F, 0x6F, 0x6F, 0x6F, 0x6F, 0x6F, 0x6F, 0x6F, 0x6F, 0x6F, 0x6F, 0x6F, 0x6F, 0x6F, 0x6F, 0x6F, 0x6F, 0x6F, 0x6F, 0x6F, 0x6F, 0x6F, 0x6F,
    0x6F, 0x6F, 0x6F, 0x6F, 0x6F, 0x6F, 0x6F, 0x6F, 0x6F, 0x6F, 0x6F, 0x6F, 0x6F, 0x6F, 0x6F, 0x6F, 0x6F, 0x6F, 0x6F, 0x6F, 0x6F, 0x6F, 0x6F, 0x6F, 0x6F, 0x6F, 0x6F, 0x6F, 0x6F, 0x6F, 0x6F, 0x6F,
    0x6F, 0x6F, 0x6F, 0x6F, 0x6F, 0x6F, 0x6F, 0x6F, 0x6F, 0x6F, 0x6F, 0x6F, 0x6F, 0x6F, 0x6F, 0x6F, 0x6F, 0x6F, 0x6F, 0x6F, 0x6F, 0x6F, 0x6F, 0x6F, 0x6F, 0x6F, 0x6F, 0x6F, 0x6F, 0x6F, 0x6F, 0x6F,
    0x6F, 0x6F, 0x6F, 0x6F, 0x6F, 0x6F, 0x6F, 0x6F, 0x6F, 0x6F, 0x6F, 0x6F, 0x6F, 0x6F, 0x6F, 0x6F, 0x6F, 0x6F, 0x6F, 0x6F, 0x6F, 0x6F, 0x6F, 0x6F, 0x6F, 0x6F, 0x6F, 0x6F, 0x6F, 0x6F, 0x6F, 0x6F,
    0x6F, 0x6F, 0x6F, 0x6F, 0x6F, 0x6F, 0x6F, 0x6F, 0x6F, 0x6F, 0x6F, 0x6F, 0x6F, 0x6F, 0x6F, 0x6F, 0x6F, 0x6F, 0x6F, 0x6F, 0x6F, 0x6F, 0x6F, 0x6F, 0x6F, 0x6F, 0x6F, 0x6F, 0x6F, 0x6F, 0x6F, 0x6F,
    0x6F, 0x6F, 0x6F, 0x6F, 0x6F, 0x6F, 0x6F, 0x6F, 0x6F, 0x6F, 0x6F, 0x6F, 0x6F, 0x6F, 0x6F, 0x6F, 0x6F, 0x6F, 0x6F, 0x6F, 0x6F, 0x6F, 0x6F, 0x6F, 0x6F, 0x6F, 0x6F, 0x6F, 0x6F, 0x6F, 0x6F, 0x6F,
    0x6F, 0x6F, 0x6F, 0x6F, 0x6F, 0x6F, 0x6F, 0x6F, 0x6F, 0x6F, 0x6F, 0x6F, 0x6F, 0x6F, 0x6F, 0x6F, 0x6F, 0x6F, 0x6F, 0x6F, 0x6F, 0x6F, 0x6F, 0x6F, 0x6F, 0x6F, 0x6F, 0x6F, 0x6F, 0x6F, 0x6F, 0x6F,
    0x6F, 0x6F, 0x6F, 0x6F, 0x6F, 0x6F, 0x6F, 0x6F, 0x6F, 0x6F, 0x6F, 0x6F, 0x6F, 0x6F, 0x6F, 0x6F, 0x6F, 0x6F, 0x6F, 0x6F, 0x6F, 0x6F, 0x6F, 0x6F, 0x6F, 0x6F, 0x6F, 0x6F, 0x6F, 0x6F, 0x6F, 0x6F,
    0x6F, 0x6F, 0x6F, 0x6F, 0x6F, 0x6F, 0x6F, 0x6F, 0x6F, 0x6F, 0x6F, 0x6F, 0x6F, 0x6F, 0x6F, 0x6F, 0x6F, 0x6F, 0x6F, 0x6F, 0x6F, 0x6F, 0x6F, 0x6F, 0x6F, 0x6F, 0x6F, 0x6F, 0x6F, 0x6F, 0x6F, 0x6F,
    0x6F, 0x6F, 0x6F, 0x6F, 0x6F, 0x6F, 0x6F, 0x6F, 0x6F, 0x6F, 0x6F, 0x6F, 0x6F, 0x6F, 0x6F, 0x6F, 0x6F, 0x6F, 0x6F, 0x6F, 0x6F, 0x6F, 0x6F, 0x6F, 0x6F, 0x6F, 0x6F, 0x6F, 0x6F, 0x6F, 0x6F, 0x6F,
    0x6F, 0x6F, 0x6F, 0x6F, 0x6F, 0x6F, 0x6F, 0x6F, 0x6F, 0x6F, 0x6F, 0x6F, 0x6F, 0x6F, 0x6F, 0x6F, 0x6F, 0x6F, 0x6F, 0x6F, 0x6F, 0x6F, 0x6F, 0x6F, 0x6F, 0x6F, 0x6F, 0x6F, 0x6F, 0x6F, 0x6F, 0x6F,
    0x6F, 0x6F, 0x6F, 0x6F, 0x6F, 0x6F, 0x6F, 0x6F, 0x6F, 0x6F, 0x6F, 0x6F, 0x6F, 0x6F, 0x6F, 0x6F, 0x6F, 0x6F, 0x6F, 0x6F, 0x6F, 0x6F, 0x6F, 0x6F, 0x6F, 0x6F, 0x6F, 0x6F, 0x6F, 0x6F, 0x6F, 0x6F,
    0x6F, 0x6F, 0x6F, 0x6F, 0x6F, 0x6F, 0x6F, 0x6F, 0x6F, 0x6F, 0x6F, 0x6F, 0x6F, 0x6F, 0x6F, 0x6F, 0x6F, 0x6F, 0x6F, 0x6F, 0x6F, 0x6F, 0x6F, 0x6F, 0x6F, 0x6F, 0x6F, 0x6F, 0x6F, 0x6F, 0x6F, 0x6F,
    0x6F, 0x6F, 0x6F, 0x6F, 0x6F, 0x6F, 0x6F, 0x6F, 0x6F, 0x6F, 0x6F, 0x6F, 0x6F, 0x6F, 0x6F, 0x6F, 0x6F, 0x6F, 0x6F, 0x6F, 0x6F, 0x6F, 0x6F, 0x6F, 0x6F, 0x6F, 0x6F, 0x6F, 0x6F, 0x6F, 0x6F, 0x6F,
    0x6F, 0x6F, 0x6F, 0x6F, 0x6F, 0x6F, 0x6F, 0x6F, 0x6F, 0x6F, 0x6F, 0x6F, 0x6F, 0x6F, 0x6F, 0x6F, 0x6F, 0x6F, 0x6F, 0x6F, 0x6F, 0x6F, 0x6F, 0x6F, 0x6F, 0x6F, 0x6F, 0x6F, 0x6F, 0x6F, 0x6F, 0x6F,
    0x6F, 0x6F, 0x6F, 0x6F, 0x6F, 0x6F, 0x6F, 0x6F, 0x6F, 0x6F, 0x6F, 0x6F, 0x6F, 0x6F, 0x6F, 0x6F, 0x6F, 0x6F, 0x6F, 0x6F, 0x6F, 0x6F, 0x6F, 0x6F, 0x6F, 0x6F, 0x6F, 0x6F, 0x6F, 0x6F, 0x6F, 0x6F,
    0x6F, 0x6F, 0x6F, 0x6F, 0x6F, 0x6F, 0x6F, 0x6F, 0x6F, 0x6F, 0x6F, 0x6F, 0x6F, 0x6F, 0x6F, 0x6F, 0x6F, 0x6F, 0x6F, 0x6F, 0x6F, 0x6F, 0x6F, 0x6F, 0x6F, 0x6F, 0x6F, 0x6F, 0x6F, 0x6F, 0x6F, 0x6F,
    0x6F, 0x6F, 0x6F, 0x6F, 0x6F, 0x6F, 0x6F, 0x6F, 0x6F, 0x6F, 0x6F, 0x6F, 0x6F, 0x6F, 0x6F, 0x6F, 0x6F, 0x6F, 0x6F, 0x6F, 0x6F, 0x6F, 0x6F, 0x6F, 0x6F, 0x6F, 0x6F, 0x6F, 0x6F, 0x6F, 0x6F, 0x6F,
    0x6F, 0x6F, 0x6F, 0x6F, 0x6F, 0x6F, 0x6F, 0x6F, 0x6F, 0x6F, 0x6F, 0x6F, 0x6F, 0x6F, 0x6F, 0x6F, 0x6F, 0x6F, 0x6F, 0x6F, 0x6F, 0x6F, 0x6F, 0x6F, 0x6F, 0x6F, 0x6F, 0x6F, 0x6F, 0x6F, 0x6F, 0x6F,
    0x6F, 0x6F, 0x6F, 0x6F, 0x6F, 0x6F, 0x6F, 0x6F, 0x6F, 0x6F, 0x6F, 0x6F, 0x6F, 0x6F, 0x6F, 0x6F, 0x6F, 0x6F, 0x6F, 0x6F, 0x6F, 0x6F, 0x6F, 0x6F, 0x6F, 0x6F, 0x6F, 0x6F, 0x6F, 0x6F, 0x6F, 0x6F,
    0x6F, 0x6F, 0x6F, 0x6F, 0x6F, 0x6F, 0x6F, 0x6F, 0x6F, 0x6F, 0x6F, 0x6F, 0x6F, 0x6F, 0x6F, 0x6F, 0x6F, 0x6F, 0x6F, 0x6F, 0x6F, 0x6F, 0x6F, 0x6F, 0x6F, 0x6F, 0x6F, 0x6F, 0x6F, 0x6F, 0x6F, 0x6F,
    0x6F, 0x6F, 0x6F, 0x6F, 0x6F, 0x6F, 0x6F, 0x6F, 0x6F, 0x6F, 0x6F, 0x6F, 0x6F, 0x6F, 0x6F, 0x6F, 0x6F, 0x6F, 0x6F, 0x6F, 0x6F, 0x6F, 0x6F, 0x6F, 0x6F, 0x6F, 0x6F, 0x6F, 0x6F, 0x6F, 0x6F, 0x6F,
    0x6F, 0x6F, 0x6F, 0x6F, 0x6F, 0x6F, 0x6F, 0x6F, 0x6F, 0x6F, 0x6F, 0x6F, 0x6F, 0x6F, 0x6F, 0x6F, 0x6F, 0x6F, 0x6F, 0x6F, 0x6F, 0x6F, 0x6F, 0x6F, 0x6F, 0x6F, 0x6F, 0x6F, 0x6F, 0x6F, 0x6F, 0x6F,
    0x6F, 0x6F, 0x6F, 0x6F, 0x6F, 0x6F, 0x6F, 0x6F, 0x6F, 0x6F, 0x6F, 0x6F, 0x6F, 0x6F, 0x6F, 0x6F, 0x6F, 0x6F, 0x6F, 0x6F, 0x6F, 0x6F, 0x6F, 0x6F, 0x6F, 0x6F, 0x6F, 0x6F, 0x6F, 0x6F, 0x6F, 0x6F,
    0x6F, 0x6F, 0x6F, 0x6F, 0x6F, 0x6F, 0x6F, 0x6F, 0x6F, 0x6F, 0x6F, 0x6F, 0x6F, 0x6F, 0x6F, 0x6F, 0x6F, 0x6F, 0x6F, 0x6F, 0x6F, 0x6F, 0x6F, 0x6F, 0x6F, 0x6F, 0x6F, 0x6F, 0x6F, 0x6F, 0x6F, 0x6F,
    0x6F, 0x6F, 0x6F, 0x6F, 0x6F, 0x6F, 0x6F, 0x6F, 0x6F, 0x6F, 0x6F, 0x6F, 0x6F, 0x6F, 0x6F, 0x6F, 0x6F, 0x6F, 0x6F, 0x6F, 0x6F, 0x6F, 0x6F, 0x6F, 0x6F, 0x6F, 0x6F, 0x6F, 0x6F, 0x6F, 0x6F, 0x6F,
    0x6F, 0x6F, 0x6F, 0x6F, 0x6F, 0x6F, 0x6F, 0x6F, 0x6F, 0x6F, 0x6F, 0x6F, 0x6F, 0x6F, 0x6F, 0x6F, 0x6F, 0x6F, 0x6F, 0x6F, 0x6F, 0x6F, 0x6F, 0x73, 0x6F, 0x6F, 0x6F, 0x6F, 0x6F, 0x6F, 0x73, 0x73,
    0x6F, 0x6F, 0x6F, 0x6F, 0x6F, 0x6F, 0x6F, 0x6F, 0x6F, 0x6F, 0x6F, 0x6F, 0x6F, 0x6F, 0x6F, 0x73, 0x6F, 0x6F, 0x6F, 0x6F, 0x6F, 0x73, 0x73, 0x73, 0x6F, 0x6F, 0x6F, 0x6F, 0x73, 0x73, 0x73, 0x73,
    0x6F, 0x6F, 0x73, 0x73, 0x73, 0x73, 0x73, 0x73, 0x6F, 0x73, 0x73, 0x73, 0x73, 0x73, 0x57, 0x54, 0x73, 0x73, 0x73, 0x73, 0x73, 0x57, 0x54, 0x2B, 0x73, 0x73, 0x73, 0x57, 0x54, 0x2B, 0x2B, 0x2B,
    0x73, 0x73, 0x73, 0x73, 0x73, 0x73, 0x57, 0x54, 0x73, 0x73, 0x73, 0x73, 0x73, 0x57, 0x54, 0x2B, 0x73, 0x73, 0x73, 0x57, 0x54, 0x2B, 0x2B, 0x2B, 0x73, 0x57, 0x54, 0x2B, 0x2B, 0x2B, 0x2B, 0x2B,
    0x57, 0x54, 0x2B, 0x2B, 0x2B, 0x2B, 0x2B, 0x54, 0x2B, 0x2B, 0x2B, 0x2B, 0x2B, 0x54, 0x57, 0x73, 0x2B, 0x2B, 0x2B, 0x54, 0x57, 0x73, 0x73, 0x73, 0x2B, 0x2B, 0x54, 0x57, 0x73, 0x73, 0x73, 0x73,
    0x2B, 0x2B, 0x2B, 0x2B, 0x2B, 0x2B, 0x54, 0x57, 0x2B, 0x2B, 0x2B, 0x2B, 0x54, 0x57, 0x73, 0x73, 0x2B, 0x2B, 0x54, 0x57, 0x73, 0x73, 0x73, 0x73, 0x54, 0x57, 0x73, 0x73, 0x73, 0x73, 0x73, 0x43,
    0x57, 0x73, 0x73, 0x73, 0x73, 0x43, 0x0D, 0x05, 0x73, 0x73, 0x73, 0x43, 0x0D, 0x05, 0x05, 0x05, 0x73, 0x73, 0x43, 0x0D, 0x05, 0x05, 0x05, 0x05, 0x43, 0x0D, 0x05, 0x05, 0x05, 0x05, 0x05, 0x05,
    0x73, 0x73, 0x73, 0x73, 0x73, 0x43, 0x0D, 0x05, 0x73, 0x73, 0x73, 0x43, 0x0D, 0x05, 0x05, 0x05, 0x73, 0x43, 0x0D, 0x05, 0x05, 0x05, 0x05, 0x05, 0x0D, 0x05, 0x05, 0x05, 0x05, 0x05, 0x05, 0x05,
    0x05, 0x05, 0x05, 0x05, 0x05, 0x05, 0x05, 0x0D, 0x05, 0x05, 0x05, 0x05, 0x05, 0x0D, 0x43, 0x73, 0x05, 0x05, 0x05, 0x0D, 0x43, 0x73, 0x73, 0x73, 0x05, 0x05, 0x0D, 0x43, 0x73, 0x73, 0x73, 0x73,
    0x05, 0x05, 0x05, 0x05, 0x05, 0x0D, 0x0D, 0x43, 0x05, 0x05, 0x05, 0x05, 0x05, 0x0D, 0x43, 0x73, 0x05, 0x05, 0x05, 0x0D, 0x43, 0x73, 0x73, 0x73, 0x05, 0x0D, 0x43, 0x73, 0x73, 0x73, 0x73, 0x73,
    0x43, 0x73, 0x73, 0x73, 0x73, 0x73, 0x55, 0x4F, 0x73, 0x73, 0x73, 0x73, 0x55, 0x4F, 0x4F, 0x4F, 0x73, 0x73, 0x55, 0x4F, 0x4F, 0x4F, 0x4F, 0x2A, 0x55, 0x4F, 0x4F, 0x4F, 0x4F, 0x4F, 0x4F, 0x2A,
    0x43, 0x73, 0x73, 0x73, 0x73, 0x73, 0x73, 0x55, 0x73, 0x73, 0x73, 0x73, 0x73, 0x73, 0x55, 0x55, 0x73, 0x73, 0x55, 0x55, 0x55, 0x73, 0x73, 0x73, 0x55, 0x4F, 0x2A, 0x2A, 0x2A, 0x55, 0x73, 0x73,
    0x4F, 0x2A, 0x2A, 0x2A, 0x2A, 0x2A, 0x55, 0x55, 0x2A, 0x2A, 0x2A, 0x2A, 0x2A, 0x2A, 0x2A, 0x2A, 0x2A, 0x2A, 0x2A, 0x2A, 0x2A, 0x2A, 0x2A, 0x2A, 0x2A, 0x2A, 0x2A, 0x2A, 0x2A, 0x2A, 0x2A, 0x2A,
    0x4F, 0x4F, 0x2A, 0x2A, 0x2A, 0x2A, 0x2A, 0x2A, 0x4F, 0x4F, 0x2A, 0x2A, 0x2A, 0x2A, 0x2A, 0x2A, 0x55, 0x4F, 0x4F, 0x2A, 0x2A, 0x2A, 0x2A, 0x2A, 0x73, 0x55, 0x4F, 0x4F, 0x2A, 0x2A, 0x2A, 0x2A,
    0x73, 0x73, 0x73, 0x55, 0x4F, 0x4F, 0x2A, 0x2A, 0x55, 0x73, 0x73, 0x73, 0x55, 0x4F, 0x4F, 0x4F, 0x4F, 0x55, 0x55, 0x73, 0x73, 0x73, 0x55, 0x4F, 0x2A, 0x4F, 0x4F, 0x55, 0x73, 0x73, 0x73, 0x55,
    0x2A, 0x2A, 0x2A, 0x2A, 0x2A, 0x2A, 0x2A, 0x2A, 0x2A, 0x2A, 0x2A, 0x2A, 0x2A, 0x2A, 0x2A, 0x2A, 0x2A, 0x2A, 0x2A, 0x2A, 0x2A, 0x2A, 0x2A, 0x2A, 0x2A, 0x2A, 0x2A, 0x2A, 0x2A, 0x2A, 0x2A, 0x2A,
    0x2A, 0x2A, 0x2A, 0x2A, 0x2A, 0x2A, 0x2A, 0x2A, 0x2A, 0x2A, 0x2A, 0x2A, 0x2A, 0x2A, 0x2A, 0x2A, 0x4F, 0x4F, 0x4F, 0x4F, 0x2A, 0x2A, 0x2A, 0x2A, 0x4F, 0x4F, 0x4F, 0x4F, 0x4F, 0x4F, 0x4F, 0x4F,
    0x2A, 0x2A, 0x2A, 0x2A, 0x2A, 0x2A, 0x2A, 0x2A, 0x2A, 0x2A, 0x2A, 0x2A, 0x2A, 0x2A, 0x2A, 0x2A, 0x2A, 0x2A, 0x2A, 0x2A, 0x2A, 0x2A, 0x2A, 0x2A, 0x2A, 0x2A, 0x2A, 0x2A, 0x2A, 0x2A, 0x2A, 0x2A,
    0x2A, 0x2A, 0x2A, 0x2A, 0x2A, 0x2A, 0x2A, 0x2A, 0x2A, 0x2A, 0x2A, 0x2A, 0x2A, 0x2A, 0x2A, 0x2A, 0x2A, 0x2A, 0x2A, 0x2A, 0x2A, 0x4F, 0x4F, 0x55, 0x4F, 0x4F, 0x4F, 0x4F, 0x55, 0x55, 0x73, 0x73,
    0x4F, 0x4F, 0x2A, 0x2A, 0x2A, 0x2A, 0x2A, 0x2A, 0x2A, 0x2A, 0x2A, 0x2A, 0x2A, 0x2A, 0x2A, 0x2A, 0x2A, 0x2A, 0x2A, 0x2A, 0x2A, 0x2A, 0x2A, 0x2A, 0x2A, 0x2A, 0x2A, 0x2A, 0x2A, 0x4F, 0x4F, 0x55,
    0x2A, 0x2A, 0x4F, 0x4F, 0x55, 0x55, 0x73, 0x73, 0x4F, 0x55, 0x55, 0x73, 0x73, 0x73, 0x73, 0x73, 0x73, 0x73, 0x73, 0x73, 0x73, 0x73, 0x73, 0x73, 0x73, 0x73, 0x73, 0x73, 0x73, 0x73, 0x4E, 0x4E,
    0x2A, 0x2A, 0x2A, 0x2A, 0x4F, 0x4F, 0x4F, 0x4F, 0x2A, 0x2A, 0x4F, 0x4F, 0x4F, 0x55, 0x55, 0x73, 0x4F, 0x4F, 0x55, 0x55, 0x73, 0x73, 0x73, 0x73, 0x55, 0x73, 0x73, 0x73, 0x73, 0x73, 0x73, 0x73,
    0x73, 0x73, 0x73, 0x73, 0x73, 0x73, 0x73, 0x4E, 0x73, 0x73, 0x73, 0x73, 0x4E, 0x4E, 0x01, 0x01, 0x73, 0x4E, 0x4E, 0x01, 0x01, 0x01, 0x01, 0x01, 0x01, 0x01, 0x01, 0x01, 0x01, 0x01, 0x01, 0x4E,
    0x55, 0x55, 0x55, 0x73, 0x73, 0x73, 0x73, 0x73, 0x73, 0x73, 0x73, 0x73, 0x73, 0x73, 0x73, 0x73, 0x73, 0x73, 0x73, 0x73, 0x73, 0x73, 0x4E, 0x4E, 0x73, 0x73, 0x4E, 0x4E, 0x01, 0x01, 0x01, 0x01,
    0x4E, 0x01, 0x01, 0x01, 0x01, 0x01, 0x01, 0x01, 0x01, 0x01, 0x01, 0x01, 0x01, 0x4E, 0x4E, 0x73, 0x01, 0x01, 0x4E, 0x73, 0x73, 0x73, 0x73, 0x4F, 0x73, 0x73, 0x73, 0x4F, 0x4F, 0x4F, 0x4F, 0x4F,
    0x73, 0x73, 0x73, 0x73, 0x73, 0x73, 0x73, 0x4E, 0x73, 0x73, 0x4E, 0x4E, 0x01, 0x01, 0x01, 0x01, 0x01, 0x01, 0x01, 0x01, 0x01, 0x01, 0x01, 0x01, 0x01, 0x01, 0x01, 0x01, 0x01, 0x01, 0x4E, 0x4E,
    0x01, 0x01, 0x4E, 0x4E, 0x73, 0x73, 0x73, 0x73, 0x73, 0x73, 0x73, 0x73, 0x4F, 0x4F, 0x4F, 0x4F, 0x4F, 0x4F, 0x4F, 0x4F, 0x4F, 0x4F, 0x4F, 0x4F, 0x4F, 0x4F, 0x4F, 0x01, 0x01, 0x01, 0x01, 0x01,
    0x4E, 0x01, 0x01, 0x01, 0x01, 0x01, 0x01, 0x01, 0x01, 0x01, 0x01, 0x01, 0x01, 0x01, 0x01, 0x01, 0x01, 0x01, 0x01, 0x4E, 0x4E, 0x73, 0x73, 0x73, 0x73, 0x73, 0x73, 0x73, 0x73, 0x4F, 0x4F, 0x4F,
    0x4F, 0x4F, 0x4F, 0x4F, 0x4F, 0x4F, 0x4F, 0x4F, 0x4F, 0x4F, 0x4F, 0x4F, 0x4F, 0x4F, 0x01, 0x01, 0x4F, 0x4F, 0x4F, 0x4F, 0x4F, 0x01, 0x01, 0x01, 0x01, 0x01, 0x4F, 0x4F, 0x4F, 0x4F, 0x4F, 0x4F,
    0x01, 0x01, 0x01, 0x01, 0x01, 0x01, 0x01, 0x4E, 0x01, 0x4E, 0x4E, 0x4E, 0x73, 0x73, 0x73, 0x73, 0x73, 0x73, 0x73, 0x73, 0x4F, 0x4F, 0x4F, 0x73, 0x4F, 0x4F, 0x4F, 0x4F, 0x4F, 0x4F, 0x73, 0x4E,
    0x01, 0x01, 0x4F, 0x4F, 0x4F, 0x73, 0x4E, 0x01, 0x01, 0x01, 0x01, 0x01, 0x73, 0x4E, 0x01, 0x55, 0x01, 0x01, 0x01, 0x73, 0x4E, 0x01, 0x55, 0x50, 0x4F, 0x4F, 0x4F, 0x73, 0x01, 0x55, 0x50, 0x50,
    0x4E, 0x4E, 0x73, 0x73, 0x73, 0x4E, 0x01, 0x01, 0x73, 0x73, 0x4E, 0x01, 0x01, 0x01, 0x55, 0x55, 0x73, 0x4E, 0x01, 0x55, 0x55, 0x55, 0x50, 0x50, 0x01, 0x01, 0x55, 0x50, 0x50, 0x50, 0x50, 0x50,
    0x55, 0x55, 0x50, 0x50, 0x50, 0x50, 0x73, 0x73, 0x50, 0x50, 0x50, 0x50, 0x50, 0x73, 0x6B, 0x66, 0x50, 0x50, 0x50, 0x50, 0x73, 0x6B, 0x66, 0x62, 0x50, 0x50, 0x50, 0x50, 0x73, 0x66, 0x62, 0x62,
    0x55, 0x55, 0x55, 0x50, 0x50, 0x50, 0x73, 0x73, 0x50, 0x50, 0x50, 0x50, 0x73, 0x73, 0x6B, 0x66, 0x50, 0x50, 0x73, 0x73, 0x6B, 0x66, 0x62, 0x62, 0x73, 0x73, 0x6B, 0x66, 0x62, 0x38, 0x38, 0x38,
    0x6B, 0x66, 0x62, 0x38, 0x38, 0x38, 0x38, 0x38, 0x62, 0x38, 0x38, 0x38, 0x38, 0x38, 0x38, 0x62, 0x38, 0x38, 0x38, 0x38, 0x38, 0x38, 0x38, 0x38, 0x62, 0x62, 0x38, 0x38, 0x38, 0x38, 0x38, 0x38,
    0x6B, 0x66, 0x62, 0x62, 0x66, 0x6B, 0x73, 0x6B, 0x62, 0x62, 0x62, 0x66, 0x6B, 0x6B, 0x66, 0x62, 0x62, 0x62, 0x66, 0x6B, 0x66, 0x62, 0x38, 0x38, 0x62, 0x66, 0x62, 0x62, 0x38, 0x38, 0x38, 0x38,
    0x62, 0x62, 0x38, 0x38, 0x38, 0x38, 0x38, 0x38, 0x38, 0x38, 0x38, 0x38, 0x38, 0x38, 0x38, 0x38, 0x38, 0x38, 0x38, 0x38, 0x38, 0x38, 0x38, 0x38, 0x38, 0x38, 0x38, 0x38, 0x38, 0x38, 0x38, 0x38,
    0x66, 0x62, 0x38, 0x38, 0x38, 0x38, 0x38, 0x38, 0x38, 0x38, 0x38, 0x38, 0x38, 0x38, 0x38, 0x38, 0x38, 0x38, 0x38, 0x38, 0x38, 0x38, 0x38, 0x38, 0x38, 0x38, 0x38, 0x38, 0x38, 0x38, 0x38, 0x38,
    0x38, 0x38, 0x38, 0x38, 0x38, 0x38, 0x38, 0x38, 0x38, 0x38, 0x38, 0x38, 0x38, 0x38, 0x38, 0x38, 0x38, 0x38, 0x38, 0x38, 0x38, 0x38, 0x38, 0x38, 0x38, 0x38, 0x38, 0x38, 0x38, 0x38, 0x62, 0x62,
    0x38, 0x38, 0x38, 0x38, 0x62, 0x62, 0x6B, 0x66, 0x38, 0x38, 0x38, 0x62, 0x62, 0x62, 0x6B, 0x66, 0x38, 0x38, 0x38, 0x62, 0x62, 0x62, 0x66, 0x62, 0x38, 0x38, 0x38, 0x62, 0x62, 0x62, 0x66, 0x62,
    0x38, 0x38, 0x62, 0x62, 0x62, 0x62, 0x62, 0x66, 0x38, 0x38, 0x62, 0x62, 0x62, 0x66, 0x6B, 0x73, 0x38, 0x62, 0x62, 0x62, 0x66, 0x6B, 0x73, 0x66, 0x66, 0x66, 0x66, 0x6B, 0x6B, 0x6B, 0x73, 0x73,
    0x62, 0x62, 0x62, 0x62, 0x66, 0x73, 0x50, 0x50, 0x62, 0x62, 0x62, 0x62, 0x62, 0x6B, 0x73, 0x73, 0x62, 0x62, 0x62, 0x62, 0x62, 0x66, 0x6B, 0x66, 0x62, 0x62, 0x62, 0x62, 0x62, 0x62, 0x6B, 0x66,
    0x6B, 0x6B, 0x6B, 0x66, 0x62, 0x62, 0x62, 0x6B, 0x73, 0x73, 0x73, 0x73, 0x6B, 0x66, 0x62, 0x62, 0x66, 0x66, 0x37, 0x37, 0x73, 0x73, 0x6B, 0x66, 0x66, 0x37, 0x2E, 0x2E, 0x2E, 0x37, 0x73, 0x6B,
    0x55, 0x55, 0x55, 0x01, 0x01, 0x4E, 0x73, 0x73, 0x73, 0x50, 0x50, 0x55, 0x55, 0x01, 0x01, 0x01, 0x6B, 0x73, 0x73, 0x73, 0x73, 0x55, 0x55, 0x55, 0x62, 0x62, 0x62, 0x62, 0x66, 0x73, 0x73, 0x50,
    0x66, 0x62, 0x62, 0x66, 0x6B, 0x73, 0x50, 0x50, 0x66, 0x6B, 0x6B, 0x6B, 0x73, 0x50, 0x50, 0x50, 0x62, 0x62, 0x66, 0x6B, 0x6B, 0x73, 0x73, 0x50, 0x66, 0x62, 0x62, 0x62, 0x66, 0x66, 0x6B, 0x73,
    0x73, 0x4E, 0x4E, 0x01, 0x01, 0x01, 0x01, 0x01, 0x4E, 0x73, 0x73, 0x73, 0x73, 0x73, 0x73, 0x4E, 0x01, 0x4E, 0x73, 0x73, 0x4F, 0x4F, 0x4F, 0x73, 0x55, 0x01, 0x01, 0x4E, 0x73, 0x4F, 0x4F, 0x4F,
    0x50, 0x55, 0x55, 0x01, 0x4E, 0x73, 0x4F, 0x4F, 0x50, 0x50, 0x50, 0x55, 0x01, 0x4E, 0x73, 0x73, 0x50, 0x50, 0x50, 0x50, 0x55, 0x01, 0x4E, 0x73, 0x50, 0x50, 0x50, 0x50, 0x50, 0x55, 0x73, 0x73,
    0x01, 0x01, 0x01, 0x01, 0x01, 0x01, 0x01, 0x01, 0x4E, 0x4E, 0x01, 0x01, 0x01, 0x01, 0x01, 0x01, 0x73, 0x73, 0x73, 0x73, 0x73, 0x73, 0x73, 0x73, 0x4F, 0x73, 0x73, 0x73, 0x73, 0x6A, 0x6A, 0x6A,
    0x73, 0x6A, 0x6A, 0x6A, 0x6A, 0x6A, 0x6A, 0x6A, 0x6A, 0x6A, 0x6A, 0x73, 0x73, 0x6A, 0x6A, 0x6A, 0x6A, 0x73, 0x73, 0x66, 0x66, 0x73, 0x6A, 0x6A, 0x73, 0x66, 0x37, 0x37, 0x66, 0x66, 0x73, 0x6A,
    0x01, 0x4E, 0x4E, 0x4E, 0x73, 0x73, 0x73, 0x73, 0x01, 0x01, 0x4E, 0x73, 0x73, 0x73, 0x73, 0x73, 0x73, 0x73, 0x73, 0x73, 0x73, 0x73, 0x73, 0x73, 0x6A, 0x6A, 0x73, 0x73, 0x73, 0x73, 0x73, 0x65,
    0x6A, 0x6A, 0x6A, 0x73, 0x73, 0x73, 0x65, 0x65, 0x6A, 0x6A, 0x6A, 0x73, 0x73, 0x65, 0x65, 0x65, 0x6A, 0x6A, 0x73, 0x73, 0x65, 0x65, 0x65, 0x65, 0x6A, 0x6A, 0x73, 0x73, 0x65, 0x65, 0x65, 0x65,
    0x73, 0x73, 0x65, 0x65, 0x65, 0x65, 0x65, 0x65, 0x73, 0x65, 0x65, 0x65, 0x65, 0x65, 0x65, 0x65, 0x65, 0x65, 0x65, 0x65, 0x65, 0x65, 0x65, 0x73, 0x65, 0x65, 0x65, 0x65, 0x65, 0x65, 0x73, 0x4B,
    0x65, 0x65, 0x65, 0x65, 0x65, 0x73, 0x4B, 0x1C, 0x65, 0x65, 0x65, 0x73, 0x73, 0x1C, 0x06, 0x06, 0x65, 0x65, 0x73, 0x4B, 0x1C, 0x06, 0x06, 0x06, 0x65, 0x73, 0x4B, 0x1C, 0x06, 0x06, 0x06, 0x06,
    0x65, 0x65, 0x65, 0x65, 0x65, 0x65, 0x65, 0x65, 0x65, 0x65, 0x73, 0x73, 0x73, 0x73, 0x73, 0x73, 0x73, 0x73, 0x4B, 0x1C, 0x1C, 0x1C, 0x1C, 0x1C, 0x4B, 0x1C, 0x06, 0x06, 0x06, 0x06, 0x06, 0x06,
    0x06, 0x06, 0x06, 0x06, 0x06, 0x06, 0x06, 0x06, 0x06, 0x06, 0x06, 0x06, 0x06, 0x06, 0x06, 0x06, 0x06, 0x06, 0x06, 0x06, 0x06, 0x06, 0x06, 0x06, 0x06, 0x06, 0x06, 0x06, 0x06, 0x06, 0x06, 0x06,
    0x65, 0x65, 0x65, 0x73, 0x0D, 0x0D, 0x3D, 0x17, 0x73, 0x73, 0x73, 0x73, 0x73, 0x0D, 0x3D, 0x17, 0x1C, 0x4B, 0x4B, 0x4B, 0x4B, 0x73, 0x3D, 0x17, 0x06, 0x1C, 0x1C, 0x1C, 0x1C, 0x4B, 0x73, 0x73,
    0x06, 0x06, 0x1C, 0x1C, 0x1C, 0x1C, 0x1C, 0x4B, 0x06, 0x06, 0x06, 0x1C, 0x1C, 0x1C, 0x1C, 0x1C, 0x06, 0x06, 0x06, 0x06, 0x1C, 0x1C, 0x1C, 0x1C, 0x06, 0x06, 0x06, 0x06, 0x06, 0x06, 0x06, 0x06,
    0x17, 0x17, 0x17, 0x17, 0x17, 0x17, 0x3D, 0x51, 0x17, 0x17, 0x17, 0x17, 0x17, 0x17, 0x17, 0x3D, 0x17, 0x17, 0x17, 0x17, 0x17, 0x17, 0x17, 0x17, 0x73, 0x17, 0x17, 0x17, 0x17, 0x17, 0x17, 0x17,
    0x4B, 0x73, 0x73, 0x73, 0x73, 0x73, 0x17, 0x17, 0x1C, 0x1C, 0x1C, 0x4B, 0x4B, 0x4B, 0x73, 0x73, 0x1C, 0x1C, 0x1C, 0x1C, 0x1C, 0x1C, 0x1C, 0x1C, 0x06, 0x06, 0x06, 0x1C, 0x1C, 0x1C, 0x1C, 0x1C,
    0x55, 0x73, 0x73, 0x73, 0x55, 0x4F, 0x4F, 0x4F, 0x51, 0x55, 0x73, 0x73, 0x73, 0x55, 0x4F, 0x4F, 0x3D, 0x51, 0x55, 0x73, 0x73, 0x73, 0x55, 0x4F, 0x17, 0x3D, 0x4E, 0x55, 0x73, 0x73, 0x73, 0x4F,
    0x17, 0x17, 0x3D, 0x4E, 0x55, 0x73, 0x73, 0x55, 0x73, 0x73, 0x73, 0x73, 0x73, 0x73, 0x73, 0x55, 0x4B, 0x4B, 0x4B, 0x4B, 0x4B, 0x73, 0x73, 0x73, 0x1C, 0x1C, 0x4B, 0x4B, 0x73, 0x4E, 0x4E, 0x4E,
    0x4F, 0x4F, 0x4F, 0x4F, 0x4F, 0x4F, 0x4F, 0x4F, 0x4F, 0x4F, 0x4F, 0x4F, 0x4F, 0x4F, 0x4F, 0x4F, 0x4F, 0x4F, 0x4F, 0x4F, 0x4F, 0x4F, 0x4F, 0x4F, 0x4F, 0x4F, 0x4F, 0x4F, 0x4F, 0x4F, 0x4F, 0x4F,
    0x4F, 0x4F, 0x4F, 0x4F, 0x4F, 0x55, 0x55, 0x73, 0x4F, 0x4F, 0x4F, 0x55, 0x73, 0x73, 0x73, 0x73, 0x73, 0x73, 0x73, 0x73, 0x73, 0x73, 0x73, 0x73, 0x4E, 0x4E, 0x4E, 0x73, 0x73, 0x55, 0x4E, 0x4E,
    0x4F, 0x4F, 0x55, 0x55, 0x73, 0x73, 0x73, 0x73, 0x4F, 0x4F, 0x4F, 0x4F, 0x4F, 0x55, 0x55, 0x55, 0x4F, 0x4F, 0x55, 0x55, 0x73, 0x73, 0x73, 0x73, 0x55, 0x73, 0x73, 0x73, 0x73, 0x73, 0x73, 0x73,
    0x73, 0x73, 0x73, 0x73, 0x73, 0x55, 0x55, 0x55, 0x73, 0x73, 0x55, 0x4E, 0x4E, 0x4E, 0x51, 0x51, 0x55, 0x4E, 0x51, 0x51, 0x3D, 0x3D, 0x3D, 0x17, 0x51, 0x3D, 0x3D, 0x17, 0x17, 0x17, 0x17, 0x17,
    0x73, 0x73, 0x73, 0x73, 0x73, 0x55, 0x55, 0x55, 0x73, 0x73, 0x73, 0x73, 0x73, 0x73, 0x73, 0x73, 0x73, 0x73, 0x73, 0x73, 0x73, 0x73, 0x73, 0x73, 0x73, 0x73, 0x73, 0x73, 0x73, 0x73, 0x73, 0x73,
    0x55, 0x55, 0x55, 0x55, 0x55, 0x55, 0x55, 0x55, 0x51, 0x51, 0x51, 0x51, 0x51, 0x51, 0x51, 0x51, 0x17, 0x17, 0x17, 0x17, 0x17, 0x17, 0x17, 0x3D, 0x17, 0x17, 0x17, 0x17, 0x17, 0x17, 0x17, 0x17,
    0x4F, 0x4F, 0x4F, 0x4F, 0x2A, 0x2A, 0x2A, 0x2A, 0x73, 0x55, 0x55, 0x4F, 0x4F, 0x4F, 0x2A, 0x2A, 0x73, 0x73, 0x73, 0x73, 0x55, 0x55, 0x4F, 0x4F, 0x73, 0x73, 0x73, 0x73, 0x73, 0x73, 0x73, 0x55,
    0x55, 0x55, 0x73, 0x73, 0x73, 0x73, 0x73, 0x73, 0x4E, 0x4E, 0x4E, 0x55, 0x73, 0x73, 0x73, 0x73, 0x3D, 0x3D, 0x51, 0x51, 0x4E, 0x4E, 0x73, 0x73, 0x17, 0x17, 0x17, 0x3D, 0x3D, 0x51, 0x51, 0x4E,
    0x2A, 0x2A, 0x2A, 0x2A, 0x2A, 0x2A, 0x4F, 0x4F, 0x2A, 0x2A, 0x2A, 0x2A, 0x2A, 0x2A, 0x2A, 0x2A, 0x2A, 0x2A, 0x2A, 0x2A, 0x2A, 0x2A, 0x2A, 0x2A, 0x55, 0x4F, 0x4F, 0x2A, 0x2A, 0x2A, 0x2A, 0x2A,
    0x73, 0x73, 0x55, 0x55, 0x4F, 0x4F, 0x2A, 0x2A, 0x73, 0x73, 0x73, 0x73, 0x73, 0x55, 0x55, 0x4F, 0x73, 0x73, 0x73, 0x73, 0x73, 0x73, 0x73, 0x73, 0x55, 0x73, 0x73, 0x73, 0x73, 0x73, 0x73, 0x73,
    0x2A, 0x2A, 0x2A, 0x2A, 0x2A, 0x2A, 0x2A, 0x2A, 0x2A, 0x2A, 0x2A, 0x2A, 0x2A, 0x2A, 0x2A, 0x2A, 0x2A, 0x2A, 0x2A, 0x2A, 0x2A, 0x2A, 0x2A, 0x2A, 0x2A, 0x2A, 0x2A, 0x2A, 0x2A, 0x2A, 0x2A, 0x2A,
    0x2A, 0x2A, 0x2A, 0x2A, 0x2A, 0x2A, 0x2A, 0x2A, 0x2A, 0x2A, 0x2A, 0x2A, 0x2A, 0x2A, 0x2A, 0x2A, 0x55, 0x4F, 0x4F, 0x2A, 0x2A, 0x2A, 0x2A, 0x2A, 0x73, 0x73, 0x55, 0x55, 0x4F, 0x4F, 0x4F, 0x4F,
    0x2A, 0x2A, 0x2A, 0x2A, 0x2A, 0x2A, 0x2A, 0x2A, 0x2A, 0x2A, 0x2A, 0x2A, 0x2A, 0x2A, 0x2A, 0x2A, 0x2A, 0x2A, 0x2A, 0x2A, 0x2A, 0x2A, 0x2A, 0x2A, 0x2A, 0x2A, 0x2A, 0x2A, 0x2A, 0x2A, 0x2A, 0x2A,
    0x2A, 0x2A, 0x2A, 0x2A, 0x2A, 0x2A, 0x2A, 0x2A, 0x2A, 0x2A, 0x2A, 0x2A, 0x2A, 0x2A, 0x2A, 0x2A, 0x2A, 0x2A, 0x2A, 0x2A, 0x4F, 0x4F, 0x4F, 0x4F, 0x4F, 0x4F, 0x4F, 0x4F, 0x4F, 0x4F, 0x4F, 0x4F,
    0x2A, 0x2A, 0x2A, 0x2A, 0x2A, 0x2A, 0x4F, 0x4F, 0x2A, 0x2A, 0x2A, 0x2A, 0x2A, 0x2A, 0x4F, 0x4F, 0x2A, 0x2A, 0x2A, 0x2A, 0x2A, 0x4F, 0x4F, 0x55, 0x2A, 0x2A, 0x2A, 0x2A, 0x4F, 0x4F, 0x55, 0x73,
    0x2A, 0x2A, 0x4F, 0x4F, 0x55, 0x73, 0x73, 0x73, 0x4F, 0x4F, 0x4F, 0x55, 0x73, 0x73, 0x73, 0x55, 0x4F, 0x55, 0x73, 0x73, 0x73, 0x55, 0x55, 0x4F, 0x55, 0x73, 0x73, 0x73, 0x55, 0x4F, 0x4F, 0x2A,
    0x55, 0x73, 0x73, 0x73, 0x73, 0x73, 0x73, 0x43, 0x55, 0x55, 0x73, 0x73, 0x73, 0x73, 0x73, 0x73, 0x73, 0x73, 0x73, 0x55, 0x55, 0x55, 0x73, 0x73, 0x73, 0x73, 0x55, 0x2A, 0x2A, 0x2A, 0x4F, 0x55,
    0x55, 0x55, 0x2A, 0x2A, 0x2A, 0x2A, 0x2A, 0x4F, 0x2A, 0x2A, 0x2A, 0x2A, 0x2A, 0x2A, 0x2A, 0x2A, 0x2A, 0x2A, 0x2A, 0x2A, 0x2A, 0x2A, 0x2A, 0x2A, 0x2A, 0x2A, 0x2A, 0x2A, 0x2A, 0x2A, 0x2A, 0x2A,
    0x43, 0x0D, 0x0D, 0x05, 0x05, 0x05, 0x05, 0x05, 0x73, 0x43, 0x0D, 0x05, 0x05, 0x05, 0x05, 0x05, 0x73, 0x73, 0x73, 0x43, 0x0D, 0x05, 0x05, 0x05, 0x73, 0x73, 0x73, 0x73, 0x73, 0x43, 0x0D, 0x05,
    0x4F, 0x55, 0x73, 0x73, 0x73, 0x73, 0x73, 0x43, 0x4F, 0x4F, 0x4F, 0x55, 0x73, 0x73, 0x73, 0x73, 0x2A, 0x4F, 0x4F, 0x4F, 0x4F, 0x55, 0x73, 0x73, 0x2A, 0x4F, 0x4F, 0x4F, 0x4F, 0x4F, 0x4F, 0x55,
    0x05, 0x0D, 0x43, 0x73, 0x73, 0x73, 0x73, 0x73, 0x05, 0x05, 0x05, 0x0D, 0x43, 0x73, 0x73, 0x73, 0x05, 0x05, 0x05, 0x05, 0x05, 0x0D, 0x43, 0x73, 0x05, 0x05, 0x05, 0x05, 0x05, 0x05, 0x05, 0x0D,
    0x0D, 0x05, 0x05, 0x05, 0x05, 0x05, 0x05, 0x05, 0x73, 0x43, 0x0D, 0x05, 0x05, 0x05, 0x05, 0x05, 0x73, 0x73, 0x73, 0x43, 0x0D, 0x05, 0x05, 0x05, 0x73, 0x73, 0x73, 0x73, 0x43, 0x0D, 0x05, 0x05,
    0x57, 0x54, 0x2B, 0x2B, 0x2B, 0x2B, 0x2B, 0x2B, 0x73, 0x73, 0x57, 0x54, 0x2B, 0x2B, 0x2B, 0x2B, 0x73, 0x73, 0x73, 0x73, 0x57, 0x54, 0x2B, 0x2B, 0x43, 0x73, 0x73, 0x73, 0x73, 0x73, 0x57, 0x54,
    0x05, 0x0D, 0x43, 0x73, 0x73, 0x73, 0x73, 0x57, 0x05, 0x05, 0x05, 0x0D, 0x43, 0x73, 0x73, 0x73, 0x05, 0x05, 0x05, 0x05, 0x0D, 0x43, 0x73, 0x73, 0x05, 0x05, 0x05, 0x05, 0x05, 0x05, 0x0D, 0x43,
    0x54, 0x57, 0x73, 0x73, 0x73, 0x73, 0x73, 0x73, 0x2B, 0x54, 0x57, 0x73, 0x73, 0x73, 0x73, 0x73, 0x2B, 0x2B, 0x2B, 0x54, 0x57, 0x73, 0x73, 0x73, 0x2B, 0x2B, 0x2B, 0x2B, 0x2B, 0x54, 0x57, 0x73,
    0x54, 0x2B, 0x2B, 0x2B, 0x2B, 0x2B, 0x54, 0x57, 0x73, 0x57, 0x54, 0x2B, 0x2B, 0x2B, 0x2B, 0x2B, 0x73, 0x73, 0x73, 0x57, 0x54, 0x2B, 0x2B, 0x2B, 0x73, 0x73, 0x73, 0x73, 0x57, 0x54, 0x2B, 0x2B,
    0x6F, 0x6F, 0x6F, 0x6F, 0x6F, 0x6F, 0x6F, 0x6F, 0x73, 0x6F, 0x6F, 0x6F, 0x6F, 0x6F, 0x6F, 0x6F, 0x73, 0x73, 0x73, 0x6F, 0x6F, 0x6F, 0x6F, 0x6F, 0x73, 0x73, 0x73, 0x73, 0x6F, 0x6F, 0x6F, 0x6F,
    0x73, 0x73, 0x73, 0x73, 0x73, 0x73, 0x6F, 0x6F, 0x54, 0x57, 0x73, 0x73, 0x73, 0x73, 0x73, 0x6F, 0x2B, 0x54, 0x57, 0x73, 0x73, 0x73, 0x73, 0x73, 0x2B, 0x2B, 0x2B, 0x54, 0x57, 0x73, 0x73, 0x73,
    0x6F, 0x6F, 0x6F, 0x6F, 0x6F, 0x6F, 0x6F, 0x6F, 0x6F, 0x6F, 0x6F, 0x6F, 0x6F, 0x6F, 0x6F, 0x6F, 0x6F, 0x6F, 0x6F, 0x6F, 0x6F, 0x6F, 0x6F, 0x6F, 0x6F, 0x6F, 0x6F, 0x6F, 0x6F, 0x6F, 0x6F, 0x6F,
    0x6F, 0x6F, 0x6F, 0x6F, 0x6F, 0x6F, 0x6F, 0x6F, 0x6F, 0x6F, 0x6F, 0x6F, 0x6F, 0x6F, 0x6F, 0x6F, 0x73, 0x6F, 0x6F, 0x6F, 0x6F, 0x6F, 0x6F, 0x6F, 0x73, 0x73, 0x6F, 0x6F, 0x6F, 0x6F, 0x6F, 0x6F,
    0x6F, 0x6F, 0x6F, 0x6F, 0x6F, 0x6F, 0x6F, 0x6F, 0x6F, 0x6F, 0x6F, 0x6F, 0x6F, 0x6F, 0x6F, 0x6F, 0x6F, 0x6F, 0x6F, 0x6F, 0x6F, 0x6F, 0x6F, 0x6F, 0x6F, 0x6F, 0x6F, 0x6F, 0x6F, 0x6F, 0x6F, 0x6F,
    0x6F, 0x6F, 0x6F, 0x6F, 0x6F, 0x6F, 0x6F, 0x6F, 0x6F, 0x6F, 0x6F, 0x6F, 0x6F, 0x6F, 0x6F, 0x6F, 0x6F, 0x6F, 0x6F, 0x6F, 0x6F, 0x6F, 0x6F, 0x6F, 0x6F, 0x6F, 0x6F, 0x6F, 0x6F, 0x6F, 0x6F, 0x6F,
    0x6F, 0x6F, 0x6F, 0x6F, 0x6F, 0x6F, 0x6F, 0x6F, 0x6F, 0x6F, 0x6F, 0x6F, 0x6F, 0x6F, 0x6F, 0x6F, 0x6F, 0x6F, 0x6F, 0x6F, 0x6F, 0x6F, 0x6F, 0x6F, 0x6F, 0x6F, 0x6F, 0x6F, 0x6F, 0x6F, 0x6F, 0x6F,
    0x6F, 0x6F, 0x6F, 0x6F, 0x6F, 0x6F, 0x6F, 0x6F, 0x6F, 0x6F, 0x6F, 0x6F, 0x6F, 0x6F, 0x6F, 0x6F, 0x6F, 0x6F, 0x6F, 0x6F, 0x6F, 0x6F, 0x6F, 0x6F, 0x6F, 0x6F, 0x6F, 0x6F, 0x6F, 0x6F, 0x6F, 0x6F,
    0x6F, 0x6F, 0x6F, 0x6F, 0x6F, 0x6F, 0x6F, 0x6F, 0x6F, 0x6F, 0x6F, 0x6F, 0x6F, 0x6F, 0x6F, 0x6F, 0x6F, 0x6F, 0x6F, 0x6F, 0x6F, 0x6F, 0x6F, 0x6F, 0x6F, 0x6F, 0x6F, 0x6F, 0x6F, 0x6F, 0x6F, 0x6F,
    0x6F, 0x6F, 0x6F, 0x6F, 0x6F, 0x6F, 0x6F, 0x6F, 0x6F, 0x6F, 0x6F, 0x6F, 0x6F, 0x6F, 0x6F, 0x6F, 0x6F, 0x6F, 0x6F, 0x6F, 0x6F, 0x6F, 0x6F, 0x6F, 0x6F, 0x6F, 0x6F, 0x6F, 0x6F, 0x6F, 0x6F, 0x6F,
    0x6F, 0x6F, 0x6F, 0x6F, 0x6F, 0x6F, 0x6F, 0x6F, 0x6F, 0x6F, 0x6F, 0x6F, 0x6F, 0x6F, 0x6F, 0x6F, 0x6F, 0x6F, 0x6F, 0x6F, 0x6F, 0x6F, 0x6F, 0x6F, 0x6F, 0x6F, 0x6F, 0x6F, 0x6F, 0x6F, 0x6F, 0x6F,
    0x6F, 0x6F, 0x6F, 0x6F, 0x6F, 0x6F, 0x6F, 0x6F, 0x6F, 0x6F, 0x6F, 0x6F, 0x6F, 0x6F, 0x6F, 0x6F, 0x6F, 0x6F, 0x6F, 0x6F, 0x6F, 0x6F, 0x6F, 0x6F, 0x6F, 0x6F, 0x6F, 0x6F, 0x6F, 0x6F, 0x6F, 0x6F,
    0x6F, 0x6F, 0x6F, 0x6F, 0x6F, 0x6F, 0x6F, 0x6F, 0x6F, 0x6F, 0x6F, 0x6F, 0x6F, 0x6F, 0x6F, 0x6F, 0x6F, 0x6F, 0x6F, 0x6F, 0x6F, 0x6F, 0x6F, 0x6F, 0x6F, 0x6F, 0x6F, 0x6F, 0x6F, 0x6F, 0x6F, 0x6F,
    0x6F, 0x6F, 0x6F, 0x6F, 0x6F, 0x6F, 0x6F, 0x6F, 0x6F, 0x6F, 0x6F, 0x6F, 0x6F, 0x6F, 0x6F, 0x6F, 0x6F, 0x6F, 0x6F, 0x6F, 0x6F, 0x6F, 0x6F, 0x6F, 0x6F, 0x6F, 0x6F, 0x6F, 0x6F, 0x6F, 0x6F, 0x6F,
    0x6F, 0x6F, 0x6F, 0x6F, 0x6F, 0x6F, 0x6F, 0x6F, 0x6F, 0x6F, 0x6F, 0x6F, 0x6F, 0x6F, 0x6F, 0x6F, 0x6F, 0x6F, 0x6F, 0x6F, 0x6F, 0x6F, 0x6F, 0x6F, 0x6F, 0x6F, 0x6F, 0x6F, 0x6F, 0x6F, 0x6F, 0x6F,
    0x6F, 0x6F, 0x6F, 0x6F, 0x6F, 0x6F, 0x6F, 0x6F, 0x6F, 0x6F, 0x6F, 0x6F, 0x6F, 0x6F, 0x6F, 0x6F, 0x6F, 0x6F, 0x6F, 0x6F, 0x6F, 0x6F, 0x6F, 0x6F, 0x6F, 0x6F, 0x6F, 0x6F, 0x6F, 0x6F, 0x6F, 0x6F,
    0x6F, 0x6F, 0x6F, 0x6F, 0x6F, 0x6F, 0x6F, 0x6F, 0x6F, 0x6F, 0x6F, 0x6F, 0x6F, 0x6F, 0x6F, 0x6F, 0x6F, 0x6F, 0x6F, 0x6F, 0x6F, 0x6F, 0x6F, 0x6F, 0x6F, 0x6F, 0x6F, 0x6F, 0x6F, 0x6F, 0x6F, 0x6F,
    0x6F, 0x6F, 0x6F, 0x6F, 0x6F, 0x6F, 0x6F, 0x6F, 0x6F, 0x6F, 0x6F, 0x6F, 0x6F, 0x6F, 0x6F, 0x6F, 0x6F, 0x6F, 0x6F, 0x6F, 0x6F, 0x6F, 0x6F, 0x6F, 0x6F, 0x6F, 0x6F, 0x6F, 0x6F, 0x6F, 0x6F, 0x6F,
    0x6F, 0x6F, 0x6F, 0x6F, 0x6F, 0x6F, 0x6F, 0x6F, 0x6F, 0x6F, 0x6F, 0x6F, 0x6F, 0x6F, 0x6F, 0x6F, 0x6F, 0x6F, 0x6F, 0x6F, 0x6F, 0x6F, 0x6F, 0x6F, 0x6F, 0x6F, 0x6F, 0x6F, 0x6F, 0x6F, 0x6F, 0x6F,
    0x6F, 0x6F, 0x6F, 0x6F, 0x6F, 0x6F, 0x6F, 0x6F, 0x6F, 0x6F, 0x6F, 0x6F, 0x6F, 0x6F, 0x6F, 0x6F, 0x6F, 0x6F, 0x6F, 0x6F, 0x6F, 0x6F, 0x6F, 0x6F, 0x6F, 0x6F, 0x6F, 0x6F, 0x6F, 0x6F, 0x6F, 0x6F,
    0x6F, 0x6F, 0x6F, 0x6F, 0x6F, 0x6F, 0x6F, 0x6F, 0x6F, 0x6F, 0x6F, 0x6F, 0x6F, 0x6F, 0x6F, 0x6F, 0x6F, 0x6F, 0x6F, 0x6F, 0x6F, 0x6F, 0x6F, 0x6F, 0x6F, 0x6F, 0x6F, 0x6F, 0x6F, 0x6F, 0x6F, 0x6F,
    0x6F, 0x6F, 0x6F, 0x6F, 0x6F, 0x6F, 0x6F, 0x6F, 0x6F, 0x6F, 0x6F, 0x6F, 0x6F, 0x6F, 0x6F, 0x6F, 0x6F, 0x6F, 0x6F, 0x6F, 0x6F, 0x6F, 0x6F, 0x6F, 0x6F, 0x6F, 0x6F, 0x6F, 0x6F, 0x6F, 0x6F, 0x6F,
    0x6F, 0x6F, 0x6F, 0x6F, 0x6F, 0x6F, 0x6F, 0x6F, 0x6F, 0x6F, 0x6F, 0x6F, 0x6F, 0x6F, 0x6F, 0x6F, 0x6F, 0x6F, 0x6F, 0x6F, 0x6F, 0x6F, 0x6F, 0x6F, 0x6F, 0x6F, 0x6F, 0x6F, 0x6F, 0x6F, 0x6F, 0x6F,
    0x6F, 0x6F, 0x6F, 0x6F, 0x6F, 0x6F, 0x6F, 0x6F, 0x6F, 0x6F, 0x6F, 0x6F, 0x6F, 0x6F, 0x6F, 0x6F, 0x6F, 0x6F, 0x6F, 0x6F, 0x6F, 0x6F, 0x6F, 0x6F, 0x6F, 0x6F, 0x6F, 0x6F, 0x6F, 0x6F, 0x6F, 0x6F,
    0x6F, 0x6F, 0x6F, 0x6F, 0x6F, 0x6F, 0x6F, 0x6F, 0x6F, 0x6F, 0x6F, 0x6F, 0x6F, 0x6F, 0x6F, 0x6F, 0x6F, 0x6F, 0x6F, 0x6F, 0x6F, 0x6F, 0x6F, 0x6F, 0x6F, 0x6F, 0x6F, 0x6F, 0x6F, 0x6F, 0x6F, 0x6F,
    0x6F, 0x6F, 0x6F, 0x6F, 0x6F, 0x6F, 0x6F, 0x6F, 0x6F, 0x6F, 0x6F, 0x6F, 0x6F, 0x6F, 0x6F, 0x6F, 0x6F, 0x6F, 0x6F, 0x6F, 0x6F, 0x6F, 0x6F, 0x6F, 0x6F, 0x6F, 0x6F, 0x6F, 0x6F, 0x6F, 0x6F, 0x6F,
    0x6F, 0x6F, 0x6F, 0x6F, 0x6F, 0x6F, 0x6F, 0x6F, 0x6F, 0x6F, 0x6F, 0x6F, 0x6F, 0x6F, 0x6F, 0x6F, 0x6F, 0x6F, 0x6F, 0x6F, 0x6F, 0x6F, 0x6F, 0x6F, 0x6F, 0x6F, 0x6F, 0x6F, 0x6F, 0x6F, 0x6F, 0x6F,
    0x6F, 0x6F, 0x6F, 0x6F, 0x6F, 0x6F, 0x6F, 0x73, 0x6F, 0x6F, 0x6F, 0x6F, 0x6F, 0x6F, 0x73, 0x73, 0x6F, 0x6F, 0x6F, 0x6F, 0x73, 0x73, 0x73, 0x73, 0x6F, 0x6F, 0x6F, 0x73, 0x73, 0x73, 0x73, 0x73,
    0x6F, 0x6F, 0x6F, 0x6F, 0x73, 0x73, 0x73, 0x73, 0x6F, 0x6F, 0x6F, 0x73, 0x73, 0x73, 0x73, 0x73, 0x6F, 0x6F, 0x73, 0x73, 0x73, 0x73, 0x73, 0x57, 0x73, 0x73, 0x73, 0x73, 0x73, 0x57, 0x54, 0x2B,
    0x73, 0x73, 0x73, 0x73, 0x57, 0x54, 0x2B, 0x2B, 0x73, 0x73, 0x73, 0x57, 0x54, 0x2B, 0x2B, 0x2B, 0x73, 0x57, 0x54, 0x2B, 0x2B, 0x2B, 0x2B, 0x54, 0x57, 0x54, 0x54, 0x54, 0x2B, 0x2B, 0x54, 0x57,
    0x73, 0x73, 0x57, 0x54, 0x2B, 0x2B, 0x2B, 0x2B, 0x57, 0x54, 0x2B, 0x2B, 0x2B, 0x2B, 0x54, 0x57, 0x54, 0x2B, 0x2B, 0x2B, 0x2B, 0x54, 0x57, 0x73, 0x2B, 0x2B, 0x2B, 0x54, 0x57, 0x73, 0x73, 0x73,
    0x2B, 0x2B, 0x54, 0x57, 0x73, 0x73, 0x73, 0x73, 0x2B, 0x54, 0x57, 0x73, 0x73, 0x73, 0x43, 0x0D, 0x57, 0x73, 0x73, 0x73, 0x73, 0x43, 0x0D, 0x05, 0x73, 0x73, 0x73, 0x73, 0x43, 0x0D, 0x05, 0x05,
    0x54, 0x57, 0x73, 0x73, 0x73, 0x73, 0x43, 0x0D, 0x73, 0x73, 0x73, 0x73, 0x73, 0x43, 0x0D, 0x05, 0x73, 0x73, 0x73, 0x43, 0x0D, 0x05, 0x05, 0x05, 0x73, 0x43, 0x0D, 0x05, 0x05, 0x05, 0x05, 0x05,
    0x43, 0x0D, 0x05, 0x05, 0x05, 0x05, 0x05, 0x05, 0x05, 0x05, 0x05, 0x05, 0x05, 0x05, 0x05, 0x05, 0x05, 0x05, 0x05, 0x05, 0x05, 0x05, 0x0D, 0x43, 0x05, 0x05, 0x05, 0x05, 0x0D, 0x43, 0x73, 0x73,
    0x05, 0x05, 0x05, 0x05, 0x05, 0x05, 0x05, 0x05, 0x05, 0x05, 0x05, 0x05, 0x05, 0x05, 0x0D, 0x43, 0x05, 0x05, 0x05, 0x05, 0x05, 0x0D, 0x43, 0x73, 0x05, 0x05, 0x05, 0x0D, 0x43, 0x73, 0x73, 0x73,
    0x05, 0x0D, 0x43, 0x73, 0x73, 0x73, 0x73, 0x73, 0x0D, 0x43, 0x73, 0x73, 0x73, 0x73, 0x55, 0x4F, 0x73, 0x73, 0x73, 0x73, 0x55, 0x4F, 0x4F, 0x4F, 0x73, 0x73, 0x73, 0x55, 0x4F, 0x4F, 0x4F, 0x4F,
    0x0D, 0x43, 0x73, 0x73, 0x73, 0x73, 0x55, 0x4F, 0x73, 0x73, 0x73, 0x73, 0x73, 0x55, 0x4F, 0x4F, 0x73, 0x73, 0x73, 0x55, 0x4F, 0x4F, 0x4F, 0x4F, 0x73, 0x55, 0x4F, 0x4F, 0x4F, 0x4F, 0x4F, 0x4F,
    0x55, 0x4F, 0x4F, 0x4F, 0x4F, 0x4F, 0x4F, 0x4F, 0x4F, 0x4F, 0x4F, 0x4F, 0x4F, 0x4F, 0x4F, 0x4F, 0x4F, 0x4F, 0x4F, 0x4F, 0x4F, 0x4F, 0x4F, 0x4F, 0x4F, 0x4F, 0x4F, 0x4F, 0x4F, 0x4F, 0x4F, 0x4F,
    0x4F, 0x4F, 0x4F, 0x4F, 0x4F, 0x4F, 0x2A, 0x2A, 0x4F, 0x4F, 0x4F, 0x4F, 0x4F, 0x4F, 0x2A, 0x2A, 0x4F, 0x4F, 0x4F, 0x4F, 0x4F, 0x4F, 0x2A, 0x2A, 0x4F, 0x4F, 0x4F, 0x4F, 0x4F, 0x2A, 0x2A, 0x2A,
    0x4F, 0x4F, 0x4F, 0x4F, 0x4F, 0x2A, 0x2A, 0x2A, 0x4F, 0x4F, 0x4F, 0x4F, 0x4F, 0x2A, 0x2A, 0x2A, 0x4F, 0x4F, 0x4F, 0x4F, 0x4F, 0x2A, 0x2A, 0x2A, 0x4F, 0x4F, 0x4F, 0x4F, 0x4F, 0x2A, 0x2A, 0x2A,
    0x2A, 0x2A, 0x2A, 0x2A, 0x2A, 0x2A, 0x2A, 0x2A, 0x2A, 0x2A, 0x2A, 0x2A, 0x2A, 0x2A, 0x2A, 0x2A, 0x2A, 0x2A, 0x2A, 0x2A, 0x2A, 0x2A, 0x2A, 0x2A, 0x2A, 0x2A, 0x2A, 0x2A, 0x2A, 0x2A, 0x2A, 0x2A,
    0x2A, 0x2A, 0x2A, 0x2A, 0x2A, 0x2A, 0x2A, 0x2A, 0x2A, 0x2A, 0x2A, 0x2A, 0x2A, 0x2A, 0x2A, 0x2A, 0x2A, 0x2A, 0x2A, 0x2A, 0x2A, 0x2A, 0x2A, 0x4F, 0x2A, 0x2A, 0x2A, 0x2A, 0x2A, 0x2A, 0x2A, 0x4F,
    0x2A, 0x4F, 0x4F, 0x4F, 0x55, 0x55, 0x73, 0x73, 0x2A, 0x4F, 0x4F, 0x4F, 0x4F, 0x4F, 0x55, 0x73, 0x2A, 0x4F, 0x4F, 0x4F, 0x4F, 0x4F, 0x4F, 0x55, 0x4F, 0x4F, 0x4F, 0x4F, 0x4F, 0x4F, 0x4F, 0x4F,
    0x4F, 0x4F, 0x4F, 0x4F, 0x4F, 0x4F, 0x4F, 0x4F, 0x4F, 0x4F, 0x4F, 0x4F, 0x4F, 0x4F, 0x55, 0x73, 0x4F, 0x4F, 0x4F, 0x4F, 0x55, 0x73, 0x73, 0x73, 0x4F, 0x4F, 0x55, 0x73, 0x73, 0x73, 0x73, 0x73,
    0x73, 0x55, 0x4F, 0x4F, 0x4F, 0x4F, 0x4F, 0x4F, 0x73, 0x73, 0x55, 0x4F, 0x4F, 0x4F, 0x4F, 0x55, 0x55, 0x73, 0x73, 0x73, 0x55, 0x55, 0x73, 0x73, 0x4F, 0x55, 0x73, 0x73, 0x73, 0x73, 0x73, 0x73,
    0x55, 0x73, 0x73, 0x73, 0x73, 0x73, 0x73, 0x73, 0x73, 0x73, 0x73, 0x73, 0x73, 0x73, 0x73, 0x73, 0x73, 0x73, 0x73, 0x73, 0x73, 0x73, 0x73, 0x4E, 0x55, 0x73, 0x73, 0x73, 0x73, 0x4E, 0x4E, 0x73,
    0x4F, 0x55, 0x55, 0x73, 0x73, 0x73, 0x73, 0x73, 0x73, 0x73, 0x73, 0x73, 0x73, 0x73, 0x73, 0x73, 0x73, 0x73, 0x73, 0x73, 0x73, 0x73, 0x4E, 0x4E, 0x73, 0x73, 0x73, 0x73, 0x73, 0x4E, 0x01, 0x01,
    0x73, 0x73, 0x73, 0x4E, 0x01, 0x01, 0x01, 0x01, 0x73, 0x4E, 0x01, 0x01, 0x4E, 0x73, 0x73, 0x73, 0x4E, 0x4E, 0x73, 0x73, 0x73, 0x4E, 0x01, 0x01, 0x73, 0x73, 0x4E, 0x01, 0x01, 0x01, 0x55, 0x55,
    0x73, 0x73, 0x73, 0x73, 0x4E, 0x01, 0x01, 0x01, 0x73, 0x4E, 0x01, 0x01, 0x01, 0x01, 0x01, 0x01, 0x01, 0x01, 0x01, 0x01, 0x01, 0x4E, 0x4E, 0x73, 0x01, 0x01, 0x4E, 0x4E, 0x73, 0x73, 0x73, 0x4F,
    0x4E, 0x73, 0x73, 0x73, 0x4F, 0x73, 0x73, 0x73, 0x73, 0x73, 0x73, 0x73, 0x73, 0x4E, 0x01, 0x01, 0x01, 0x01, 0x01, 0x01, 0x01, 0x01, 0x55, 0x55, 0x55, 0x55, 0x55, 0x55, 0x55, 0x55, 0x50, 0x50,
    0x01, 0x01, 0x01, 0x01, 0x4E, 0x73, 0x73, 0x73, 0x01, 0x4E, 0x73, 0x73, 0x73, 0x4F, 0x4F, 0x4F, 0x73, 0x73, 0x4F, 0x4F, 0x4F, 0x4F, 0x4F, 0x4F, 0x4F, 0x4F, 0x4F, 0x4F, 0x4F, 0x4F, 0x4F, 0x4F,
    0x73, 0x73, 0x73, 0x73, 0x73, 0x73, 0x73, 0x73, 0x01, 0x01, 0x01, 0x01, 0x01, 0x01, 0x01, 0x01, 0x55, 0x55, 0x55, 0x55, 0x55, 0x55, 0x55, 0x55, 0x50, 0x50, 0x50, 0x50, 0x50, 0x50, 0x50, 0x50,
    0x4F, 0x4F, 0x4F, 0x4F, 0x4F, 0x4F, 0x4F, 0x4F, 0x4F, 0x4F, 0x4F, 0x4F, 0x4F, 0x4F, 0x4F, 0x4F, 0x01, 0x01, 0x01, 0x01, 0x01, 0x4F, 0x4F, 0x4F, 0x01, 0x01, 0x01, 0x01, 0x01, 0x01, 0x01, 0x01,
    0x73, 0x73, 0x73, 0x73, 0x73, 0x73, 0x4F, 0x4F, 0x01, 0x01, 0x01, 0x01, 0x01, 0x4E, 0x73, 0x73, 0x55, 0x55, 0x0D, 0x0D, 0x55, 0x01, 0x01, 0x01, 0x50, 0x0D, 0x05, 0x05, 0x0D, 0x55, 0x55, 0x55,
    0x4F, 0x4F, 0x4F, 0x01, 0x01, 0x01, 0x01, 0x4F, 0x4F, 0x4F, 0x4F, 0x01, 0x4F, 0x4F, 0x4F, 0x4F, 0x4F, 0x4F, 0x4F, 0x4F, 0x4F, 0x4F, 0x4F, 0x4F, 0x4F, 0x4F, 0x4F, 0x4F, 0x4F, 0x4F, 0x4F, 0x4F,
    0x4F, 0x4F, 0x4F, 0x4F, 0x4F, 0x4F, 0x4F, 0x4F, 0x73, 0x73, 0x73, 0x73, 0x73, 0x73, 0x4F, 0x4F, 0x01, 0x01, 0x01, 0x01, 0x01, 0x4E, 0x73, 0x73, 0x55, 0x55, 0x55, 0x55, 0x55, 0x01, 0x01, 0x01,
    0x4F, 0x4F, 0x4F, 0x4F, 0x4F, 0x4F, 0x4F, 0x4F, 0x4F, 0x4F, 0x4F, 0x4F, 0x4F, 0x4F, 0x4F, 0x4F, 0x4F, 0x4F, 0x4F, 0x4F, 0x4F, 0x4F, 0x4F, 0x4F, 0x4F, 0x4F, 0x4F, 0x4F, 0x4F, 0x4F, 0x4F, 0x4F,
    0x4F, 0x4F, 0x4F, 0x4F, 0x4F, 0x4F, 0x4F, 0x4F, 0x4F, 0x4F, 0x4F, 0x4F, 0x4F, 0x4F, 0x4F, 0x4F, 0x73, 0x4F, 0x4F, 0x4F, 0x4F, 0x4F, 0x4F, 0x73, 0x4E, 0x73, 0x73, 0x73, 0x4F, 0x73, 0x73, 0x6B,
    0x4F, 0x4F, 0x73, 0x4E, 0x01, 0x55, 0x50, 0x50, 0x4F, 0x4F, 0x73, 0x01, 0x55, 0x50, 0x50, 0x50, 0x4F, 0x73, 0x4E, 0x01, 0x55, 0x50, 0x50, 0x50, 0x4F, 0x73, 0x01, 0x55, 0x50, 0x50, 0x50, 0x50,
    0x4F, 0x73, 0x01, 0x55, 0x50, 0x73, 0x73, 0x73, 0x4F, 0x73, 0x73, 0x73, 0x73, 0x6B, 0x66, 0x62, 0x73, 0x73, 0x6B, 0x66, 0x66, 0x62, 0x62, 0x62, 0x66, 0x66, 0x62, 0x62, 0x62, 0x62, 0x62, 0x62,
    0x50, 0x50, 0x50, 0x73, 0x6B, 0x66, 0x62, 0x62, 0x50, 0x50, 0x73, 0x6B, 0x66, 0x6B, 0x6B, 0x66, 0x50, 0x50, 0x73, 0x6B, 0x6B, 0x66, 0x62, 0x38, 0x73, 0x73, 0x6B, 0x66, 0x62, 0x38, 0x38, 0x38,
    0x66, 0x62, 0x62, 0x38, 0x38, 0x38, 0x38, 0x62, 0x62, 0x38, 0x38, 0x38, 0x62, 0x62, 0x62, 0x38, 0x38, 0x38, 0x62, 0x62, 0x66, 0x62, 0x38, 0x38, 0x62, 0x66, 0x66, 0x66, 0x62, 0x38, 0x38, 0x38,
    0x66, 0x38, 0x38, 0x38, 0x38, 0x38, 0x38, 0x38, 0x38, 0x38, 0x38, 0x38, 0x38, 0x38, 0x38, 0x38, 0x38, 0x38, 0x38, 0x38, 0x38, 0x38, 0x38, 0x38, 0x38, 0x38, 0x38, 0x38, 0x38, 0x38, 0x38, 0x38,
    0x38, 0x38, 0x38, 0x38, 0x38, 0x38, 0x38, 0x38, 0x38, 0x38, 0x38, 0x38, 0x38, 0x38, 0x38, 0x38, 0x38, 0x38, 0x38, 0x38, 0x38, 0x62, 0x38, 0x38, 0x38, 0x38, 0x38, 0x38, 0x38, 0x38, 0x62, 0x62,
    0x38, 0x38, 0x38, 0x38, 0x38, 0x38, 0x38, 0x38, 0x38, 0x38, 0x38, 0x38, 0x62, 0x62, 0x62, 0x66, 0x38, 0x38, 0x38, 0x38, 0x38, 0x38, 0x38, 0x38, 0x38, 0x38, 0x38, 0x38, 0x38, 0x38, 0x38, 0x38,
    0x38, 0x38, 0x38, 0x38, 0x38, 0x38, 0x38, 0x38, 0x38, 0x38, 0x38, 0x38, 0x38, 0x38, 0x38, 0x38, 0x38, 0x38, 0x38, 0x38, 0x38, 0x38, 0x38, 0x38, 0x62, 0x38, 0x38, 0x38, 0x38, 0x38, 0x38, 0x38,
    0x38, 0x38, 0x38, 0x62, 0x62, 0x62, 0x62, 0x62, 0x66, 0x66, 0x6B, 0x6B, 0x73, 0x73, 0x6B, 0x6B, 0x62, 0x62, 0x62, 0x66, 0x66, 0x6B, 0x73, 0x73, 0x38, 0x38, 0x38, 0x38, 0x62, 0x62, 0x66, 0x66,
    0x38, 0x38, 0x38, 0x38, 0x38, 0x62, 0x62, 0x62, 0x38, 0x38, 0x38, 0x38, 0x38, 0x38, 0x38, 0x38, 0x38, 0x38, 0x38, 0x38, 0x38, 0x38, 0x38, 0x62, 0x38, 0x38, 0x38, 0x38, 0x62, 0x62, 0x62, 0x62,
    0x62, 0x62, 0x62, 0x62, 0x62, 0x66, 0x66, 0x6B, 0x66, 0x66, 0x66, 0x62, 0x62, 0x62, 0x62, 0x62, 0x73, 0x73, 0x6B, 0x6B, 0x66, 0x66, 0x62, 0x62, 0x6B, 0x6B, 0x73, 0x73, 0x73, 0x6B, 0x6B, 0x66,
    0x62, 0x66, 0x66, 0x6B, 0x6B, 0x73, 0x73, 0x73, 0x62, 0x62, 0x62, 0x62, 0x66, 0x66, 0x66, 0x6B, 0x62, 0x62, 0x62, 0x62, 0x62, 0x62, 0x62, 0x62, 0x62, 0x62, 0x62, 0x62, 0x62, 0x62, 0x66, 0x66,
    0x73, 0x73, 0x66, 0x66, 0x0A, 0x2E, 0x37, 0x73, 0x66, 0x6B, 0x73, 0x73, 0x73, 0x66, 0x37, 0x66, 0x62, 0x62, 0x66, 0x6B, 0x6B, 0x73, 0x73, 0x66, 0x66, 0x62, 0x62, 0x62, 0x66, 0x66, 0x6B, 0x73,
    0x73, 0x6B, 0x6B, 0x66, 0x66, 0x66, 0x66, 0x66, 0x6B, 0x73, 0x73, 0x73, 0x73, 0x73, 0x73, 0x73, 0x62, 0x66, 0x6B, 0x73, 0x66, 0x66, 0x66, 0x66, 0x66, 0x66, 0x66, 0x6B, 0x73, 0x66, 0x37, 0x37,
    0x6B, 0x66, 0x66, 0x66, 0x66, 0x66, 0x66, 0x6B, 0x73, 0x73, 0x73, 0x73, 0x73, 0x73, 0x73, 0x73, 0x66, 0x37, 0x37, 0x37, 0x37, 0x37, 0x37, 0x37, 0x73, 0x37, 0x37, 0x37, 0x37, 0x2E, 0x2E, 0x0A,
    0x6B, 0x73, 0x73, 0x66, 0x37, 0x2E, 0x2E, 0x0A, 0x6B, 0x6B, 0x6B, 0x73, 0x66, 0x37, 0x2E, 0x2E, 0x73, 0x73, 0x73, 0x73, 0x73, 0x66, 0x37, 0x2E, 0x37, 0x37, 0x37, 0x66, 0x66, 0x66, 0x66, 0x37,
    0x73, 0x73, 0x73, 0x73, 0x73, 0x73, 0x73, 0x66, 0x73, 0x73, 0x73, 0x66, 0x37, 0x37, 0x37, 0x37, 0x2E, 0x2E, 0x2E, 0x0A, 0x0A, 0x0A, 0x2E, 0x2E, 0x0A, 0x0A, 0x0A, 0x0A, 0x0A, 0x0A, 0x0A, 0x0A,
    0x0A, 0x0A, 0x0A, 0x0A, 0x0A, 0x0A, 0x0A, 0x0A, 0x0A, 0x0A, 0x0A, 0x0A, 0x0A, 0x0A, 0x0A, 0x0A, 0x2E, 0x0A, 0x0A, 0x0A, 0x0A, 0x0A, 0x0A, 0x0A, 0x37, 0x37, 0x37, 0x2E, 0x2E, 0x2E, 0x0A, 0x0A,
    0x37, 0x37, 0x37, 0x37, 0x37, 0x66, 0x73, 0x6A, 0x37, 0x37, 0x37, 0x37, 0x37, 0x66, 0x73, 0x6A, 0x2E, 0x2E, 0x37, 0x37, 0x37, 0x37, 0x73, 0x6A, 0x0A, 0x0A, 0x0A, 0x2E, 0x37, 0x37, 0x73, 0x6A,
    0x0A, 0x0A, 0x0A, 0x0A, 0x37, 0x37, 0x73, 0x6A, 0x0A, 0x0A, 0x0A, 0x0A, 0x2E, 0x37, 0x73, 0x6A, 0x0A, 0x0A, 0x0A, 0x0A, 0x2E, 0x37, 0x73, 0x6A, 0x0A, 0x0A, 0x0A, 0x0A, 0x2E, 0x66, 0x73, 0x6A,
    0x6A, 0x6A, 0x73, 0x65, 0x65, 0x65, 0x65, 0x65, 0x6A, 0x73, 0x73, 0x65, 0x65, 0x65, 0x65, 0x73, 0x6A, 0x73, 0x65, 0x65, 0x65, 0x65, 0x73, 0x4B, 0x6A, 0x73, 0x65, 0x65, 0x65, 0x73, 0x4B, 0x4B,
    0x6A, 0x65, 0x65, 0x65, 0x65, 0x73, 0x4B, 0x4B, 0x6A, 0x65, 0x65, 0x65, 0x73, 0x4B, 0x4B, 0x4B, 0x6A, 0x65, 0x65, 0x65, 0x73, 0x4B, 0x4B, 0x4B, 0x65, 0x65, 0x65, 0x65, 0x73, 0x73, 0x4B, 0x4B,
    0x73, 0x4B, 0x1C, 0x06, 0x06, 0x06, 0x06, 0x06, 0x4B, 0x4B, 0x06, 0x06, 0x06, 0x06, 0x06, 0x06, 0x4B, 0x1C, 0x06, 0x06, 0x06, 0x06, 0x06, 0x06, 0x4B, 0x06, 0x06, 0x06, 0x06, 0x06, 0x06, 0x1C,
    0x1C, 0x06, 0x06, 0x06, 0x06, 0x06, 0x1C, 0x4B, 0x1C, 0x06, 0x06, 0x06, 0x06, 0x4B, 0x4B, 0x4B, 0x1C, 0x06, 0x06, 0x06, 0x1C, 0x73, 0x73, 0x4B, 0x4B, 0x1C, 0x06, 0x06, 0x06, 0x1C, 0x4B, 0x73,
    0x06, 0x06, 0x06, 0x06, 0x06, 0x06, 0x06, 0x06, 0x06, 0x06, 0x06, 0x1C, 0x4B, 0x1C, 0x06, 0x06, 0x06, 0x1C, 0x4B, 0x4B, 0x1C, 0x1C, 0x1C, 0x1C, 0x1C, 0x4B, 0x4B, 0x1C, 0x1C, 0x1C, 0x1C, 0x1C,
    0x4B, 0x4B, 0x4B, 0x1C, 0x1C, 0x1C, 0x1C, 0x1C, 0x4B, 0x4B, 0x4B, 0x4B, 0x1C, 0x1C, 0x1C, 0x1C, 0x4B, 0x4B, 0x4B, 0x4B, 0x4B, 0x4B, 0x4B, 0x4B, 0x73, 0x73, 0x73, 0x73, 0x4B, 0x4B, 0x4B, 0x4B,
    0x06, 0x06, 0x06, 0x06, 0x06, 0x06, 0x06, 0x06, 0x06, 0x06, 0x06, 0x06, 0x06, 0x06, 0x06, 0x06, 0x06, 0x06, 0x06, 0x06, 0x06, 0x06, 0x06, 0x06, 0x1C, 0x1C, 0x06, 0x06, 0x06, 0x06, 0x06, 0x06,
    0x1C, 0x1C, 0x1C, 0x1C, 0x1C, 0x1C, 0x06, 0x06, 0x1C, 0x1C, 0x1C, 0x1C, 0x1C, 0x1C, 0x1C, 0x1C, 0x4B, 0x4B, 0x4B, 0x4B, 0x4B, 0x4B, 0x4B, 0x4B, 0x4B, 0x4B, 0x4B, 0x4B, 0x4B, 0x4B, 0x4B, 0x4B,
    0x06, 0x06, 0x06, 0x06, 0x06, 0x06, 0x06, 0x06, 0x06, 0x06, 0x06, 0x06, 0x06, 0x06, 0x06, 0x06, 0x06, 0x06, 0x06, 0x06, 0x06, 0x06, 0x06, 0x06, 0x06, 0x06, 0x06, 0x06, 0x06, 0x06, 0x06, 0x06,
    0x06, 0x06, 0x06, 0x06, 0x06, 0x06, 0x06, 0x1C, 0x1C, 0x1C, 0x1C, 0x1C, 0x1C, 0x1C, 0x1C, 0x1C, 0x1C, 0x1C, 0x1C, 0x1C, 0x1C, 0x1C, 0x73, 0x73, 0x4B, 0x4B, 0x4B, 0x4B, 0x4B, 0x73, 0x4E, 0x4E,
    0x06, 0x1C, 0x1C, 0x4B, 0x73, 0x4E, 0x4E, 0x4E, 0x06, 0x06, 0x1C, 0x73, 0x4E, 0x4E, 0x4E, 0x4E, 0x06, 0x1C, 0x73, 0x3C, 0x3C, 0x3C, 0x4E, 0x4E, 0x1C, 0x1C, 0x73, 0x1B, 0x3C, 0x3C, 0x3C, 0x3C,
    0x1C, 0x73, 0x1B, 0x1B, 0x1B, 0x1B, 0x3C, 0x4E, 0x73, 0x3C, 0x1B, 0x1B, 0x1B, 0x3C, 0x4E, 0x73, 0x3C, 0x3C, 0x3C, 0x3C, 0x3C, 0x73, 0x73, 0x66, 0x4E, 0x3C, 0x3C, 0x4E, 0x73, 0x66, 0x66, 0x66,
    0x4E, 0x4E, 0x73, 0x73, 0x55, 0x4E, 0x51, 0x3D, 0x4E, 0x4E, 0x73, 0x4E, 0x51, 0x3D, 0x17, 0x17, 0x4E, 0x73, 0x4E, 0x51, 0x3D, 0x17, 0x17, 0x17, 0x4E, 0x73, 0x73, 0x73, 0x17, 0x17, 0x17, 0x17,
    0x73, 0x66, 0x66, 0x66, 0x73, 0x73, 0x73, 0x73, 0x66, 0x37, 0x37, 0x2E, 0x2E, 0x37, 0x37, 0x66, 0x66, 0x37, 0x2E, 0x2E, 0x0A, 0x0A, 0x2E, 0x2E, 0x37, 0x37, 0x2E, 0x0A, 0x0A, 0x0A, 0x0A, 0x2E,
    0x17, 0x3D, 0x0D, 0x17, 0x17, 0x17, 0x17, 0x17, 0x17, 0x3D, 0x05, 0x3D, 0x17, 0x17, 0x17, 0x17, 0x17, 0x0D, 0x05, 0x3D, 0x17, 0x17, 0x17, 0x17, 0x3D, 0x05, 0x05, 0x0D, 0x17, 0x17, 0x17, 0x17,
    0x0D, 0x05, 0x05, 0x0D, 0x3D, 0x17, 0x17, 0x17, 0x73, 0x73, 0x05, 0x05, 0x3D, 0x17, 0x17, 0x17, 0x37, 0x66, 0x73, 0x73, 0x73, 0x73, 0x73, 0x0D, 0x2E, 0x2E, 0x2E, 0x37, 0x37, 0x66, 0x66, 0x73,
    0x17, 0x17, 0x17, 0x17, 0x17, 0x17, 0x17, 0x3D, 0x17, 0x17, 0x17, 0x17, 0x17, 0x17, 0x3D, 0x05, 0x17, 0x17, 0x17, 0x17, 0x17, 0x3D, 0x05, 0x05, 0x17, 0x17, 0x17, 0x3D, 0x0D, 0x05, 0x05, 0x05,
    0x17, 0x3D, 0x0D, 0x05, 0x05, 0x05, 0x05, 0x0D, 0x3D, 0x0D, 0x05, 0x05, 0x05, 0x05, 0x05, 0x0D, 0x05, 0x05, 0x05, 0x05, 0x05, 0x05, 0x05, 0x17, 0x73, 0x05, 0x05, 0x05, 0x05, 0x05, 0x0D, 0x17,
    0x0D, 0x17, 0x17, 0x17, 0x17, 0x17, 0x3D, 0x3D, 0x0D, 0x17, 0x17, 0x17, 0x17, 0x17, 0x17, 0x17, 0x0D, 0x17, 0x17, 0x17, 0x17, 0x17, 0x17, 0x17, 0x17, 0x17, 0x17, 0x17, 0x17, 0x17, 0x17, 0x17,
    0x17, 0x17, 0x17, 0x17, 0x17, 0x17, 0x17, 0x17, 0x17, 0x17, 0x17, 0x17, 0x17, 0x17, 0x17, 0x17, 0x17, 0x17, 0x17, 0x17, 0x17, 0x17, 0x17, 0x17, 0x17, 0x17, 0x17, 0x17, 0x17, 0x17, 0x17, 0x17,
    0x51, 0x55, 0x73, 0x73, 0x73, 0x55, 0x55, 0x73, 0x3D, 0x51, 0x55, 0x73, 0x73, 0x73, 0x55, 0x55, 0x17, 0x3D, 0x51, 0x55, 0x73, 0x73, 0x73, 0x55, 0x17, 0x17, 0x3D, 0x51, 0x55, 0x73, 0x73, 0x73,
    0x17, 0x17, 0x17, 0x3D, 0x4E, 0x55, 0x73, 0x73, 0x17, 0x17, 0x17, 0x3D, 0x51, 0x4E, 0x73, 0x73, 0x17, 0x17, 0x17, 0x17, 0x3D, 0x4E, 0x55, 0x73, 0x17, 0x17, 0x17, 0x17, 0x3D, 0x51, 0x55, 0x73,
    0x73, 0x73, 0x73, 0x73, 0x73, 0x55, 0x55, 0x4F, 0x55, 0x73, 0x73, 0x73, 0x73, 0x73, 0x73, 0x73, 0x4F, 0x4F, 0x55, 0x55, 0x73, 0x73, 0x73, 0x73, 0x4F, 0x4F, 0x4F, 0x4F, 0x4F, 0x55, 0x55, 0x73,
    0x55, 0x4F, 0x4F, 0x4F, 0x4F, 0x4F, 0x4F, 0x4F, 0x55, 0x4F, 0x4F, 0x4F, 0x4F, 0x4F, 0x4F, 0x4F, 0x73, 0x4F, 0x4F, 0x4F, 0x4F, 0x4F, 0x4F, 0x4F, 0x73, 0x4F, 0x4F, 0x4F, 0x4F, 0x4F, 0x4F, 0x4F,
    0x4F, 0x4F, 0x4F, 0x4F, 0x4F, 0x4F, 0x55, 0x73, 0x55, 0x4F, 0x4F, 0x4F, 0x4F, 0x55, 0x73, 0x73, 0x73, 0x73, 0x55, 0x55, 0x73, 0x73, 0x73, 0x55, 0x73, 0x73, 0x73, 0x73, 0x73, 0x73, 0x55, 0x4F,
    0x55, 0x73, 0x73, 0x73, 0x73, 0x73, 0x73, 0x55, 0x4F, 0x4F, 0x55, 0x55, 0x73, 0x73, 0x73, 0x73, 0x4F, 0x4F, 0x4F, 0x4F, 0x4F, 0x55, 0x73, 0x73, 0x4F, 0x4F, 0x4F, 0x4F, 0x4F, 0x4F, 0x4F, 0x55,
    0x73, 0x73, 0x55, 0x55, 0x4F, 0x4F, 0x4F, 0x2A, 0x73, 0x55, 0x4F, 0x4F, 0x4F, 0x4F, 0x4F, 0x2A, 0x55, 0x4F, 0x4F, 0x4F, 0x4F, 0x4F, 0x4F, 0x2A, 0x4F, 0x4F, 0x4F, 0x4F, 0x4F, 0x4F, 0x4F, 0x4F,
    0x4F, 0x4F, 0x4F, 0x4F, 0x4F, 0x4F, 0x4F, 0x4F, 0x73, 0x55, 0x4F, 0x4F, 0x4F, 0x4F, 0x4F, 0x4F, 0x73, 0x73, 0x73, 0x55, 0x4F, 0x4F, 0x4F, 0x4F, 0x73, 0x73, 0x73, 0x73, 0x73, 0x55, 0x4F, 0x4F,
    0x2A, 0x2A, 0x2A, 0x2A, 0x2A, 0x2A, 0x2A, 0x2A, 0x2A, 0x2A, 0x2A, 0x2A, 0x2A, 0x2A, 0x2A, 0x2A, 0x2A, 0x2A, 0x2A, 0x2A, 0x2A, 0x2A, 0x2A, 0x2A, 0x2A, 0x2A, 0x2A, 0x2A, 0x2A, 0x2A, 0x2A, 0x2A,
    0x2A, 0x2A, 0x2A, 0x2A, 0x2A, 0x2A, 0x2A, 0x2A, 0x2A, 0x2A, 0x2A, 0x2A, 0x2A, 0x2A, 0x2A, 0x2A, 0x4F, 0x2A, 0x2A, 0x2A, 0x2A, 0x2A, 0x2A, 0x2A, 0x4F, 0x2A, 0x2A, 0x2A, 0x2A, 0x2A, 0x2A, 0x2A,
    0x2A, 0x2A, 0x4F, 0x4F, 0x4F, 0x4F, 0x4F, 0x4F, 0x2A, 0x2A, 0x4F, 0x4F, 0x4F, 0x4F, 0x4F, 0x4F, 0x2A, 0x2A, 0x4F, 0x4F, 0x4F, 0x4F, 0x4F, 0x4F, 0x2A, 0x2A, 0x2A, 0x4F, 0x4F, 0x4F, 0x4F, 0x4F,
    0x2A, 0x2A, 0x2A, 0x4F, 0x4F, 0x4F, 0x4F, 0x4F, 0x2A, 0x2A, 0x2A, 0x4F, 0x4F, 0x4F, 0x4F, 0x4F, 0x2A, 0x2A, 0x2A, 0x4F, 0x4F, 0x4F, 0x4F, 0x4F, 0x2A, 0x2A, 0x2A, 0x4F, 0x4F, 0x4F, 0x4F, 0x4F,
    0x4F, 0x55, 0x73, 0x73, 0x73, 0x73, 0x43, 0x0D, 0x4F, 0x4F, 0x55, 0x73, 0x73, 0x73, 0x73, 0x73, 0x4F, 0x4F, 0x4F, 0x4F, 0x55, 0x73, 0x73, 0x73, 0x4F, 0x4F, 0x4F, 0x4F, 0x4F, 0x4F, 0x55, 0x73,
    0x4F, 0x4F, 0x4F, 0x4F, 0x4F, 0x4F, 0x4F, 0x55, 0x4F, 0x4F, 0x4F, 0x4F, 0x4F, 0x4F, 0x4F, 0x4F, 0x4F, 0x4F, 0x4F, 0x4F, 0x4F, 0x4F, 0x4F, 0x4F, 0x4F, 0x4F, 0x4F, 0x4F, 0x4F, 0x4F, 0x4F, 0x4F,
    0x05, 0x05, 0x05, 0x05, 0x05, 0x05, 0x05, 0x05, 0x43, 0x0D, 0x05, 0x05, 0x05, 0x05, 0x05, 0x05, 0x73, 0x43, 0x0D, 0x05, 0x05, 0x05, 0x05, 0x05, 0x73, 0x73, 0x73, 0x43, 0x0D, 0x05, 0x05, 0x05,
    0x73, 0x73, 0x73, 0x73, 0x73, 0x43, 0x0D, 0x05, 0x4F, 0x55, 0x73, 0x73, 0x73, 0x73, 0x43, 0x0D, 0x4F, 0x4F, 0x4F, 0x55, 0x73, 0x73, 0x73, 0x73, 0x4F, 0x4F, 0x4F, 0x4F, 0x55, 0x73, 0x73, 0x73,
    0x0D, 0x43, 0x73, 0x73, 0x73, 0x73, 0x57, 0x54, 0x05, 0x0D, 0x43, 0x73, 0x73, 0x73, 0x73, 0x73, 0x05, 0x05, 0x05, 0x0D, 0x43, 0x73, 0x73, 0x73, 0x05, 0x05, 0x05, 0x05, 0x05, 0x0D, 0x43, 0x73,
    0x05, 0x05, 0x05, 0x05, 0x05, 0x05, 0x0D, 0x43, 0x05, 0x05, 0x05, 0x05, 0x05, 0x05, 0x05, 0x05, 0x43, 0x0D, 0x05, 0x05, 0x05, 0x05, 0x05, 0x05, 0x73, 0x73, 0x43, 0x0D, 0x05, 0x05, 0x05, 0x05,
    0x2B, 0x2B, 0x2B, 0x2B, 0x54, 0x57, 0x73, 0x73, 0x57, 0x54, 0x2B, 0x2B, 0x2B, 0x2B, 0x54, 0x57, 0x73, 0x57, 0x54, 0x2B, 0x2B, 0x2B, 0x2B, 0x54, 0x73, 0x73, 0x73, 0x57, 0x54, 0x2B, 0x2B, 0x2B,
    0x73, 0x73, 0x73, 0x73, 0x57, 0x54, 0x2B, 0x2B, 0x0D, 0x43, 0x73, 0x73, 0x73, 0x57, 0x54, 0x2B, 0x05, 0x0D, 0x43, 0x73, 0x73, 0x73, 0x73, 0x57, 0x05, 0x05, 0x0D, 0x43, 0x73, 0x73, 0x73, 0x73,
    0x73, 0x73, 0x73, 0x73, 0x6F, 0x6F, 0x6F, 0x6F, 0x73, 0x73, 0x73, 0x73, 0x73, 0x6F, 0x6F, 0x6F, 0x57, 0x73, 0x73, 0x73, 0x73, 0x73, 0x6F, 0x6F, 0x2B, 0x54, 0x57, 0x73, 0x73, 0x73, 0x73, 0x73,
    0x2B, 0x2B, 0x54, 0x57, 0x73, 0x73, 0x73, 0x73, 0x2B, 0x2B, 0x2B, 0x54, 0x57, 0x73, 0x73, 0x73, 0x54, 0x2B, 0x2B, 0x2B, 0x2B, 0x54, 0x57, 0x73, 0x57, 0x54, 0x2B, 0x2B, 0x54, 0x54, 0x54, 0x57,
    0x6F, 0x6F, 0x6F, 0x6F, 0x6F, 0x6F, 0x6F, 0x6F, 0x6F, 0x6F, 0x6F, 0x6F, 0x6F, 0x6F, 0x6F, 0x6F, 0x6F, 0x6F, 0x6F, 0x6F, 0x6F, 0x6F, 0x6F, 0x6F, 0x6F, 0x6F, 0x6F, 0x6F, 0x6F, 0x6F, 0x6F, 0x6F,
    0x73, 0x6F, 0x6F, 0x6F, 0x6F, 0x6F, 0x6F, 0x6F, 0x73, 0x73, 0x6F, 0x6F, 0x6F, 0x6F, 0x6F, 0x6F, 0x73, 0x73, 0x73, 0x73, 0x6F, 0x6F, 0x6F, 0x6F, 0x73, 0x73, 0x73, 0x73, 0x73, 0x6F, 0x6F, 0x6F,
    0x6F, 0x6F, 0x6F, 0x6F, 0x6F, 0x6F, 0x6F, 0x6F, 0x6F, 0x6F, 0x6F, 0x6F, 0x6F, 0x6F, 0x6F, 0x6F, 0x6F, 0x6F, 0x6F, 0x6F, 0x6F, 0x6F, 0x6F, 0x6F, 0x6F, 0x6F, 0x6F, 0x6F, 0x6F, 0x6F, 0x6F, 0x6F,
    0x6F, 0x6F, 0x6F, 0x6F, 0x6F, 0x6F, 0x6F, 0x6F, 0x6F, 0x6F, 0x6F, 0x6F, 0x6F, 0x6F, 0x6F, 0x6F, 0x6F, 0x6F, 0x6F, 0x6F, 0x6F, 0x6F, 0x6F, 0x6F, 0x6F, 0x6F, 0x6F, 0x6F, 0x6F, 0x6F, 0x6F, 0x6F,
    0x6F, 0x6F, 0x6F, 0x6F, 0x6F, 0x6F, 0x6F, 0x6F, 0x6F, 0x6F, 0x6F, 0x6F, 0x6F, 0x6F, 0x6F, 0x6F, 0x6F, 0x6F, 0x6F, 0x6F, 0x6F, 0x6F, 0x6F, 0x6F, 0x6F, 0x6F, 0x6F, 0x6F, 0x6F, 0x6F, 0x6F, 0x6F,
    0x6F, 0x6F, 0x6F, 0x6F, 0x6F, 0x6F, 0x6F, 0x6F, 0x6F, 0x6F, 0x6F, 0x6F, 0x6F, 0x6F, 0x6F, 0x6F, 0x6F, 0x6F, 0x6F, 0x6F, 0x6F, 0x6F, 0x6F, 0x6F, 0x6F, 0x6F, 0x6F, 0x6F, 0x6F, 0x6F, 0x6F, 0x6F,
    0x6F, 0x6F, 0x6F, 0x6F, 0x6F, 0x6F, 0x6F, 0x6F, 0x6F, 0x6F, 0x6F, 0x6F, 0x6F, 0x6F, 0x6F, 0x6F, 0x6F, 0x6F, 0x6F, 0x6F, 0x6F, 0x6F, 0x6F, 0x6F, 0x6F, 0x6F, 0x6F, 0x6F, 0x6F, 0x6F, 0x6F, 0x6F,
    0x6F, 0x6F, 0x6F, 0x6F, 0x6F, 0x6F, 0x6F, 0x6F, 0x6F, 0x6F, 0x6F, 0x6F, 0x6F, 0x6F, 0x6F, 0x6F, 0x6F, 0x6F, 0x6F, 0x6F, 0x6F, 0x6F, 0x6F, 0x6F, 0x6F, 0x6F, 0x6F, 0x6F, 0x6F, 0x6F, 0x6F, 0x6F,
    0x6F, 0x6F, 0x6F, 0x6F, 0x6F, 0x6F, 0x6F, 0x6F, 0x6F, 0x6F, 0x6F, 0x6F, 0x6F, 0x6F, 0x6F, 0x6F, 0x6F, 0x6F, 0x6F, 0x6F, 0x6F, 0x6F, 0x6F, 0x6F, 0x6F, 0x6F, 0x6F, 0x6F, 0x6F, 0x6F, 0x6F, 0x6F,
    0x6F, 0x6F, 0x6F, 0x6F, 0x6F, 0x6F, 0x6F, 0x6F, 0x6F, 0x6F, 0x6F, 0x6F, 0x6F, 0x6F, 0x6F, 0x6F, 0x6F, 0x6F, 0x6F, 0x6F, 0x6F, 0x6F, 0x6F, 0x6F, 0x6F, 0x6F, 0x6F, 0x6F, 0x6F, 0x6F, 0x6F, 0x6F,
    0x6F, 0x6F, 0x6F, 0x6F, 0x6F, 0x6F, 0x6F, 0x6F, 0x6F, 0x6F, 0x6F, 0x6F, 0x6F, 0x6F, 0x6F, 0x6F, 0x6F, 0x6F, 0x6F, 0x6F, 0x6F, 0x6F, 0x6F, 0x6F, 0x6F, 0x6F, 0x6F, 0x6F, 0x6F, 0x6F, 0x6F, 0x6F,
    0x6F, 0x6F, 0x6F, 0x6F, 0x6F, 0x6F, 0x6F, 0x6F, 0x6F, 0x6F, 0x6F, 0x6F, 0x6F, 0x6F, 0x6F, 0x6F, 0x6F, 0x6F, 0x6F, 0x6F, 0x6F, 0x6F, 0x6F, 0x6F, 0x6F, 0x6F, 0x6F, 0x6F, 0x6F, 0x6F, 0x6F, 0x6F,
    0x6F, 0x6F, 0x6F, 0x6F, 0x6F, 0x6F, 0x6F, 0x6F, 0x6F, 0x6F, 0x6F, 0x6F, 0x6F, 0x6F, 0x6F, 0x6F, 0x6F, 0x6F, 0x6F, 0x6F, 0x6F, 0x6F, 0x6F, 0x6F, 0x6F, 0x6F, 0x6F, 0x6F, 0x6F, 0x6F, 0x6F, 0x6F,
    0x6F, 0x6F, 0x6F, 0x6F, 0x6F, 0x6F, 0x6F, 0x6F, 0x6F, 0x6F, 0x6F, 0x6F, 0x6F, 0x6F, 0x6F, 0x6F, 0x6F, 0x6F, 0x6F, 0x6F, 0x6F, 0x6F, 0x6F, 0x6F, 0x6F, 0x6F, 0x6F, 0x6F, 0x6F, 0x6F, 0x6F, 0x6F,
    0x6F, 0x6F, 0x6F, 0x6F, 0x6F, 0x6F, 0x6F, 0x6F, 0x6F, 0x6F, 0x6F, 0x6F, 0x6F, 0x6F, 0x6F, 0x6F, 0x6F, 0x6F, 0x6F, 0x6F, 0x6F, 0x6F, 0x6F, 0x6F, 0x6F, 0x6F, 0x6F, 0x6F, 0x6F, 0x6F, 0x6F, 0x6F,
    0x6F, 0x6F, 0x6F, 0x6F, 0x6F, 0x6F, 0x6F, 0x6F, 0x6F, 0x6F, 0x6F, 0x6F, 0x6F, 0x6F, 0x6F, 0x6F, 0x6F, 0x6F, 0x6F, 0x6F, 0x6F, 0x6F, 0x6F, 0x6F, 0x6F, 0x6F, 0x6F, 0x6F, 0x6F, 0x6F, 0x6F, 0x6F,
    0x6F, 0x6F, 0x6F, 0x6F, 0x6F, 0x6F, 0x6F, 0x6F, 0x6F, 0x6F, 0x6F, 0x6F, 0x6F, 0x6F, 0x6F, 0x6F, 0x6F, 0x6F, 0x6F, 0x6F, 0x6F, 0x6F, 0x6F, 0x6F, 0x6F, 0x6F, 0x6F, 0x6F, 0x6F, 0x6F, 0x6F, 0x6F,
    0x6F, 0x6F, 0x6F, 0x6F, 0x6F, 0x6F, 0x6F, 0x6F, 0x6F, 0x6F, 0x6F, 0x6F, 0x6F, 0x6F, 0x6F, 0x6F, 0x6F, 0x6F, 0x6F, 0x6F, 0x6F, 0x6F, 0x6F, 0x6F, 0x6F, 0x6F, 0x6F, 0x6F, 0x6F, 0x6F, 0x6F, 0x6F,
    0x6F, 0x6F, 0x6F, 0x6F, 0x6F, 0x6F, 0x6F, 0x6F, 0x6F, 0x6F, 0x6F, 0x6F, 0x6F, 0x6F, 0x6F, 0x6F, 0x6F, 0x6F, 0x6F, 0x6F, 0x6F, 0x6F, 0x6F, 0x6F, 0x6F, 0x6F, 0x6F, 0x6F, 0x6F, 0x6F, 0x6F, 0x6F,
    0x6F, 0x6F, 0x6F, 0x6F, 0x6F, 0x6F, 0x6F, 0x6F, 0x6F, 0x6F, 0x6F, 0x6F, 0x6F, 0x6F, 0x6F, 0x6F, 0x6F, 0x6F, 0x6F, 0x6F, 0x6F, 0x6F, 0x6F, 0x6F, 0x6F, 0x6F, 0x6F, 0x6F, 0x6F, 0x6F, 0x6F, 0x6F,
    0x6F, 0x6F, 0x6F, 0x6F, 0x6F, 0x6F, 0x6F, 0x6F, 0x6F, 0x6F, 0x6F, 0x6F, 0x6F, 0x6F, 0x6F, 0x6F, 0x6F, 0x6F, 0x6F, 0x6F, 0x6F, 0x6F, 0x6F, 0x6F, 0x6F, 0x6F, 0x6F, 0x6F, 0x6F, 0x6F, 0x6F, 0x73,
    0x6F, 0x6F, 0x6F, 0x6F, 0x6F, 0x73, 0x73, 0x73, 0x6F, 0x6F, 0x6F, 0x6F, 0x73, 0x73, 0x73, 0x73, 0x6F, 0x6F, 0x6F, 0x73, 0x73, 0x73, 0x73, 0x73, 0x6F, 0x6F, 0x73, 0x73, 0x73, 0x73, 0x57, 0x54,
    0x6F, 0x6F, 0x73, 0x73, 0x73, 0x73, 0x73, 0x57, 0x73, 0x73, 0x73, 0x73, 0x73, 0x73, 0x73, 0x73, 0x73, 0x73, 0x73, 0x73, 0x57, 0x57, 0x73, 0x73, 0x73, 0x73, 0x73, 0x57, 0x54, 0x54, 0x57, 0x57,
    0x73, 0x73, 0x57, 0x54, 0x54, 0x54, 0x54, 0x54, 0x73, 0x57, 0x54, 0x2B, 0x2B, 0x54, 0x54, 0x57, 0x57, 0x54, 0x2B, 0x2B, 0x2B, 0x54, 0x57, 0x73, 0x2B, 0x2B, 0x2B, 0x2B, 0x54, 0x57, 0x73, 0x73,
    0x57, 0x54, 0x54, 0x54, 0x54, 0x54, 0x57, 0x73, 0x57, 0x57, 0x57, 0x54, 0x57, 0x73, 0x73, 0x73, 0x73, 0x73, 0x73, 0x57, 0x73, 0x73, 0x73, 0x73, 0x73, 0x73, 0x73, 0x73, 0x73, 0x73, 0x43, 0x43,
    0x57, 0x73, 0x73, 0x73, 0x73, 0x73, 0x73, 0x73, 0x73, 0x73, 0x73, 0x43, 0x43, 0x73, 0x73, 0x73, 0x73, 0x73, 0x43, 0x0D, 0x0D, 0x43, 0x43, 0x43, 0x73, 0x43, 0x0D, 0x0D, 0x0D, 0x0D, 0x0D, 0x0D,
    0x73, 0x73, 0x43, 0x0D, 0x05, 0x05, 0x05, 0x05, 0x73, 0x43, 0x0D, 0x05, 0x05, 0x05, 0x05, 0x05, 0x43, 0x0D, 0x05, 0x05, 0x05, 0x05, 0x05, 0x05, 0x0D, 0x0D, 0x0D, 0x0D, 0x05, 0x05, 0x05, 0x0D,
    0x43, 0x43, 0x43, 0x0D, 0x0D, 0x0D, 0x0D, 0x43, 0x73, 0x73, 0x73, 0x43, 0x43, 0x43, 0x73, 0x73, 0x73, 0x73, 0x73, 0x73, 0x73, 0x73, 0x73, 0x73, 0x43, 0x43, 0x43, 0x73, 0x73, 0x73, 0x73, 0x73,
    0x05, 0x05, 0x05, 0x0D, 0x43, 0x73, 0x73, 0x73, 0x05, 0x05, 0x0D, 0x43, 0x73, 0x73, 0x73, 0x55, 0x0D, 0x43, 0x73, 0x73, 0x73, 0x73, 0x55, 0x4F, 0x43, 0x73, 0x73, 0x73, 0x73, 0x55, 0x2A, 0x2A,
    0x73, 0x73, 0x73, 0x55, 0x2A, 0x2A, 0x2A, 0x2A, 0x73, 0x73, 0x55, 0x2A, 0x2A, 0x2A, 0x2A, 0x2A, 0x73, 0x55, 0x4F, 0x4F, 0x2A, 0x2A, 0x2A, 0x2A, 0x55, 0x55, 0x4F, 0x4F, 0x4F, 0x2A, 0x2A, 0x2A,
    0x73, 0x55, 0x4F, 0x4F, 0x4F, 0x4F, 0x4F, 0x4F, 0x4F, 0x4F, 0x2A, 0x2A, 0x2A, 0x2A, 0x2A, 0x2A, 0x2A, 0x2A, 0x2A, 0x2A, 0x2A, 0x2A, 0x2A, 0x2A, 0x2A, 0x2A, 0x2A, 0x2A, 0x2A, 0x2A, 0x2A, 0x2A,
    0x2A, 0x2A, 0x2A, 0x2A, 0x2A, 0x2A, 0x2A, 0x2A, 0x2A, 0x2A, 0x2A, 0x2A, 0x2A, 0x2A, 0x2A, 0x2A, 0x2A, 0x2A, 0x2A, 0x2A, 0x2A, 0x2A, 0x2A, 0x2A, 0x2A, 0x2A, 0x2A, 0x2A, 0x2A, 0x2A, 0x2A, 0x2A,
    0x2A, 0x2A, 0x2A, 0x2A, 0x2A, 0x2A, 0x2A, 0x2A, 0x2A, 0x2A, 0x2A, 0x2A, 0x2A, 0x2A, 0x2A, 0x2A, 0x2A, 0x2A, 0x2A, 0x2A, 0x2A, 0x2A, 0x2A, 0x2A, 0x2A, 0x2A, 0x2A, 0x2A, 0x2A, 0x2A, 0x2A, 0x2A,
    0x2A, 0x2A, 0x2A, 0x2A, 0x2A, 0x2A, 0x2A, 0x2A, 0x2A, 0x2A, 0x2A, 0x2A, 0x2A, 0x2A, 0x2A, 0x2A, 0x2A, 0x2A, 0x2A, 0x2A, 0x2A, 0x2A, 0x2A, 0x2A, 0x2A, 0x2A, 0x2A, 0x2A, 0x2A, 0x2A, 0x2A, 0x2A,
    0x2A, 0x2A, 0x4F, 0x4F, 0x4F, 0x4F, 0x2A, 0x2A, 0x2A, 0x2A, 0x2A, 0x2A, 0x2A, 0x2A, 0x2A, 0x2A, 0x2A, 0x2A, 0x2A, 0x2A, 0x2A, 0x2A, 0x2A, 0x2A, 0x2A, 0x2A, 0x2A, 0x2A, 0x2A, 0x2A, 0x2A, 0x2A,
    0x2A, 0x2A, 0x2A, 0x2A, 0x2A, 0x2A, 0x2A, 0x2A, 0x2A, 0x2A, 0x2A, 0x2A, 0x2A, 0x2A, 0x2A, 0x55, 0x2A, 0x2A, 0x2A, 0x2A, 0x4F, 0x55, 0x73, 0x73, 0x2A, 0x4F, 0x4F, 0x55, 0x73, 0x73, 0x73, 0x73,
    0x2A, 0x2A, 0x2A, 0x2A, 0x2A, 0x2A, 0x4F, 0x4F, 0x2A, 0x2A, 0x2A, 0x2A, 0x2A, 0x4F, 0x55, 0x73, 0x2A, 0x2A, 0x2A, 0x2A, 0x55, 0x73, 0x73, 0x73, 0x2A, 0x2A, 0x55, 0x73, 0x73, 0x73, 0x73, 0x73,
    0x2A, 0x55, 0x73, 0x73, 0x73, 0x73, 0x73, 0x73, 0x73, 0x73, 0x73, 0x73, 0x73, 0x73, 0x55, 0x4E, 0x73, 0x73, 0x73, 0x73, 0x55, 0x4E, 0x51, 0x4E, 0x73, 0x73, 0x55, 0x4E, 0x51, 0x3D, 0x4E, 0x73,
    0x55, 0x73, 0x73, 0x73, 0x73, 0x73, 0x55, 0x73, 0x73, 0x73, 0x73, 0x73, 0x55, 0x55, 0x73, 0x73, 0x73, 0x73, 0x73, 0x73, 0x73, 0x73, 0x73, 0x73, 0x73, 0x73, 0x73, 0x73, 0x73, 0x73, 0x73, 0x73,
    0x55, 0x55, 0x73, 0x73, 0x73, 0x73, 0x73, 0x4E, 0x4E, 0x73, 0x73, 0x73, 0x4E, 0x73, 0x4E, 0x01, 0x73, 0x73, 0x73, 0x4E, 0x73, 0x4E, 0x01, 0x55, 0x73, 0x73, 0x4E, 0x73, 0x4E, 0x01, 0x55, 0x50,
    0x73, 0x73, 0x73, 0x4E, 0x4E, 0x73, 0x73, 0x4E, 0x73, 0x73, 0x73, 0x73, 0x73, 0x4E, 0x01, 0x01, 0x4E, 0x73, 0x4E, 0x01, 0x01, 0x01, 0x55, 0x55, 0x73, 0x4E, 0x01, 0x55, 0x55, 0x55, 0x50, 0x50,
    0x01, 0x01, 0x55, 0x50, 0x50, 0x50, 0x50, 0x50, 0x55, 0x55, 0x50, 0x50, 0x50, 0x50, 0x50, 0x50, 0x50, 0x50, 0x50, 0x50, 0x50, 0x50, 0x50, 0x50, 0x50, 0x50, 0x50, 0x50, 0x50, 0x50, 0x50, 0x50,
    0x01, 0x01, 0x01, 0x55, 0x55, 0x55, 0x50, 0x50, 0x55, 0x55, 0x55, 0x50, 0x50, 0x50, 0x50, 0x50, 0x50, 0x50, 0x50, 0x50, 0x50, 0x50, 0x50, 0x50, 0x50, 0x50, 0x50, 0x50, 0x50, 0x50, 0x50, 0x50,
    0x50, 0x50, 0x50, 0x50, 0x50, 0x50, 0x50, 0x50, 0x50, 0x50, 0x50, 0x50, 0x50, 0x50, 0x50, 0x50, 0x50, 0x50, 0x50, 0x50, 0x50, 0x0D, 0x0D, 0x0D, 0x50, 0x50, 0x43, 0x0D, 0x0D, 0x05, 0x05, 0x05,
    0x50, 0x50, 0x50, 0x50, 0x50, 0x50, 0x50, 0x50, 0x50, 0x50, 0x50, 0x50, 0x50, 0x50, 0x50, 0x50, 0x50, 0x50, 0x50, 0x50, 0x50, 0x50, 0x50, 0x50, 0x50, 0x50, 0x50, 0x50, 0x50, 0x50, 0x50, 0x50,
    0x50, 0x50, 0x50, 0x50, 0x50, 0x0D, 0x0D, 0x0D, 0x50, 0x0D, 0x0D, 0x0D, 0x0D, 0x05, 0x05, 0x01, 0x0D, 0x05, 0x05, 0x05, 0x05, 0x05, 0x05, 0x05, 0x0D, 0x0D, 0x0D, 0x0D, 0x0D, 0x0D, 0x0D, 0x0D,
    0x50, 0x50, 0x50, 0x50, 0x50, 0x50, 0x50, 0x0D, 0x50, 0x50, 0x50, 0x50, 0x50, 0x50, 0x0D, 0x05, 0x50, 0x50, 0x50, 0x50, 0x0D, 0x0D, 0x0D, 0x0D, 0x0D, 0x0D, 0x0D, 0x0D, 0x05, 0x05, 0x05, 0x05,
    0x05, 0x05, 0x05, 0x01, 0x0D, 0x0D, 0x0D, 0x0D, 0x01, 0x01, 0x01, 0x01, 0x01, 0x01, 0x01, 0x01, 0x01, 0x01, 0x01, 0x01, 0x01, 0x01, 0x01, 0x01, 0x0D, 0x0D, 0x0D, 0x0D, 0x05, 0x01, 0x01, 0x01,
    0x0D, 0x05, 0x05, 0x05, 0x0D, 0x50, 0x50, 0x50, 0x01, 0x01, 0x05, 0x05, 0x0D, 0x50, 0x50, 0x50, 0x0D, 0x0D, 0x0D, 0x43, 0x50, 0x50, 0x50, 0x50, 0x05, 0x05, 0x05, 0x0D, 0x50, 0x50, 0x50, 0x50,
    0x0D, 0x0D, 0x43, 0x43, 0x50, 0x50, 0x50, 0x50, 0x01, 0x05, 0x05, 0x0D, 0x50, 0x50, 0x50, 0x50, 0x01, 0x05, 0x05, 0x0D, 0x50, 0x50, 0x50, 0x50, 0x05, 0x05, 0x0D, 0x50, 0x50, 0x50, 0x50, 0x50,
    0x50, 0x50, 0x50, 0x50, 0x50, 0x55, 0x55, 0x55, 0x50, 0x50, 0x50, 0x50, 0x50, 0x50, 0x50, 0x73, 0x50, 0x50, 0x50, 0x50, 0x73, 0x73, 0x73, 0x6B, 0x50, 0x50, 0x73, 0x73, 0x73, 0x73, 0x73, 0x73,
    0x50, 0x50, 0x50, 0x50, 0x50, 0x50, 0x50, 0x50, 0x50, 0x50, 0x50, 0x50, 0x50, 0x50, 0x50, 0x50, 0x50, 0x50, 0x50, 0x50, 0x50, 0x50, 0x50, 0x50, 0x50, 0x50, 0x50, 0x50, 0x50, 0x50, 0x50, 0x50,
    0x01, 0x01, 0x73, 0x73, 0x73, 0x6B, 0x66, 0x62, 0x73, 0x73, 0x6B, 0x6B, 0x66, 0x66, 0x66, 0x66, 0x73, 0x73, 0x73, 0x73, 0x73, 0x73, 0x73, 0x73, 0x50, 0x50, 0x50, 0x50, 0x50, 0x55, 0x55, 0x55,
    0x50, 0x50, 0x50, 0x50, 0x50, 0x50, 0x50, 0x50, 0x50, 0x50, 0x50, 0x50, 0x50, 0x50, 0x50, 0x50, 0x50, 0x50, 0x50, 0x50, 0x50, 0x50, 0x50, 0x50, 0x50, 0x50, 0x50, 0x50, 0x50, 0x50, 0x50, 0x73,
    0x62, 0x62, 0x62, 0x62, 0x66, 0x66, 0x66, 0x6B, 0x6B, 0x6B, 0x73, 0x73, 0x73, 0x73, 0x73, 0x73, 0x73, 0x73, 0x55, 0x55, 0x73, 0x73, 0x73, 0x66, 0x01, 0x4E, 0x73, 0x73, 0x73, 0x6B, 0x66, 0x62,
    0x55, 0x01, 0x01, 0x73, 0x6B, 0x66, 0x62, 0x38, 0x50, 0x73, 0x73, 0x66, 0x62, 0x38, 0x38, 0x38, 0x73, 0x6B, 0x66, 0x62, 0x38, 0x38, 0x62, 0x62, 0x6B, 0x66, 0x62, 0x38, 0x62, 0x62, 0x62, 0x62,
    0x6B, 0x6B, 0x66, 0x62, 0x38, 0x38, 0x38, 0x38, 0x66, 0x62, 0x62, 0x38, 0x38, 0x38, 0x38, 0x38, 0x62, 0x38, 0x38, 0x38, 0x38, 0x38, 0x62, 0x62, 0x38, 0x38, 0x38, 0x38, 0x62, 0x62, 0x62, 0x62,
    0x38, 0x38, 0x62, 0x62, 0x62, 0x62, 0x62, 0x38, 0x62, 0x62, 0x62, 0x62, 0x62, 0x62, 0x66, 0x38, 0x62, 0x62, 0x62, 0x62, 0x66, 0x6B, 0x62, 0x38, 0x62, 0x66, 0x66, 0x6B, 0x6B, 0x66, 0x38, 0x38,
    0x38, 0x38, 0x38, 0x38, 0x38, 0x38, 0x38, 0x62, 0x62, 0x38, 0x38, 0x38, 0x62, 0x38, 0x38, 0x38, 0x38, 0x38, 0x38, 0x38, 0x62, 0x62, 0x38, 0x38, 0x38, 0x38, 0x38, 0x38, 0x62, 0x66, 0x62, 0x38,
    0x38, 0x38, 0x38, 0x38, 0x62, 0x62, 0x66, 0x38, 0x38, 0x38, 0x62, 0x38, 0x38, 0x62, 0x66, 0x66, 0x38, 0x62, 0x62, 0x38, 0x38, 0x62, 0x66, 0x6B, 0x62, 0x62, 0x62, 0x38, 0x38, 0x62, 0x62, 0x66,
    0x66, 0x66, 0x66, 0x62, 0x62, 0x62, 0x62, 0x62, 0x62, 0x62, 0x6B, 0x6B, 0x73, 0x73, 0x73, 0x73, 0x38, 0x38, 0x62, 0x66, 0x66, 0x6B, 0x73, 0x73, 0x38, 0x62, 0x38, 0x38, 0x38, 0x62, 0x66, 0x6B,
    0x38, 0x38, 0x62, 0x66, 0x62, 0x38, 0x38, 0x62, 0x38, 0x38, 0x38, 0x62, 0x66, 0x66, 0x62, 0x38, 0x66, 0x38, 0x62, 0x38, 0x62, 0x66, 0x6B, 0x66, 0x6B, 0x62, 0x38, 0x66, 0x38, 0x62, 0x66, 0x6B,
    0x62, 0x62, 0x66, 0x66, 0x66, 0x6B, 0x6B, 0x6B, 0x73, 0x73, 0x73, 0x73, 0x73, 0x73, 0x73, 0x73, 0x66, 0x37, 0x37, 0x2E, 0x2E, 0x73, 0x37, 0x37, 0x73, 0x73, 0x66, 0x37, 0x37, 0x73, 0x66, 0x37,
    0x66, 0x6B, 0x73, 0x73, 0x66, 0x73, 0x66, 0x37, 0x38, 0x62, 0x66, 0x6B, 0x73, 0x73, 0x73, 0x66, 0x62, 0x62, 0x62, 0x62, 0x66, 0x66, 0x6B, 0x73, 0x6B, 0x6B, 0x66, 0x62, 0x62, 0x62, 0x66, 0x66,
    0x73, 0x73, 0x73, 0x73, 0x73, 0x73, 0x73, 0x73, 0x66, 0x37, 0x2E, 0x2E, 0x66, 0x73, 0x37, 0x37, 0x37, 0x2E, 0x0A, 0x2E, 0x66, 0x73, 0x2E, 0x0A, 0x37, 0x2E, 0x37, 0x66, 0x73, 0x2E, 0x2E, 0x0A,
    0x73, 0x73, 0x73, 0x73, 0x37, 0x2E, 0x0A, 0x0A, 0x37, 0x37, 0x37, 0x2E, 0x2E, 0x2E, 0x0A, 0x0A, 0x73, 0x66, 0x37, 0x37, 0x2E, 0x2E, 0x0A, 0x0A, 0x6B, 0x73, 0x73, 0x66, 0x37, 0x37, 0x2E, 0x2E,
    0x73, 0x73, 0x6B, 0x66, 0x66, 0x73, 0x73, 0x66, 0x37, 0x66, 0x73, 0x73, 0x73, 0x6B, 0x6B, 0x73, 0x0A, 0x2E, 0x37, 0x37, 0x66, 0x73, 0x73, 0x73, 0x0A, 0x0A, 0x0A, 0x0A, 0x0A, 0x2E, 0x37, 0x66,
    0x0A, 0x0A, 0x0A, 0x0A, 0x0A, 0x0A, 0x0A, 0x0A, 0x0A, 0x0A, 0x0A, 0x2E, 0x0A, 0x0A, 0x0A, 0x2E, 0x0A, 0x0A, 0x0A, 0x2E, 0x37, 0x2E, 0x2E, 0x2E, 0x0A, 0x0A, 0x0A, 0x2E, 0x66, 0x37, 0x37, 0x73,
    0x2E, 0x0A, 0x2E, 0x37, 0x66, 0x73, 0x73, 0x73, 0x66, 0x2E, 0x0A, 0x2E, 0x37, 0x73, 0x50, 0x50, 0x73, 0x66, 0x2E, 0x0A, 0x2E, 0x73, 0x50, 0x50, 0x73, 0x73, 0x66, 0x2E, 0x0A, 0x66, 0x73, 0x50,
    0x2E, 0x37, 0x66, 0x66, 0x2E, 0x66, 0x73, 0x50, 0x2E, 0x2E, 0x37, 0x37, 0x66, 0x73, 0x55, 0x55, 0x2E, 0x37, 0x66, 0x73, 0x73, 0x01, 0x01, 0x01, 0x73, 0x73, 0x73, 0x01, 0x01, 0x01, 0x73, 0x73,
    0x73, 0x73, 0x73, 0x73, 0x66, 0x37, 0x37, 0x2E, 0x73, 0x6A, 0x6A, 0x6A, 0x73, 0x66, 0x37, 0x37, 0x73, 0x6A, 0x6A, 0x6A, 0x6A, 0x73, 0x66, 0x66, 0x73, 0x6A, 0x6A, 0x6A, 0x6A, 0x6A, 0x73, 0x66,
    0x73, 0x73, 0x6A, 0x6A, 0x6A, 0x6A, 0x6A, 0x73, 0x73, 0x73, 0x6A, 0x6A, 0x6A, 0x6A, 0x6A, 0x6A, 0x01, 0x73, 0x73, 0x6A, 0x6A, 0x6A, 0x6A, 0x6A, 0x73, 0x4B, 0x73, 0x73, 0x6A, 0x6A, 0x6A, 0x6A,
    0x2E, 0x0A, 0x0A, 0x2E, 0x37, 0x66, 0x73, 0x6A, 0x2E, 0x2E, 0x37, 0x37, 0x66, 0x73, 0x73, 0x6A, 0x37, 0x37, 0x37, 0x66, 0x73, 0x73, 0x73, 0x6A, 0x66, 0x73, 0x73, 0x73, 0x5D, 0x73, 0x5D, 0x73,
    0x73, 0x5D, 0x5D, 0x5D, 0x5D, 0x73, 0x5D, 0x73, 0x6A, 0x73, 0x73, 0x5D, 0x5D, 0x73, 0x5D, 0x5D, 0x6A, 0x6A, 0x6A, 0x73, 0x5D, 0x5D, 0x73, 0x5D, 0x6A, 0x6A, 0x6A, 0x6A, 0x73, 0x73, 0x73, 0x5D,
    0x65, 0x65, 0x65, 0x65, 0x73, 0x73, 0x4B, 0x4B, 0x65, 0x65, 0x65, 0x65, 0x73, 0x65, 0x73, 0x73, 0x65, 0x65, 0x65, 0x65, 0x73, 0x65, 0x65, 0x65, 0x65, 0x73, 0x73, 0x73, 0x73, 0x65, 0x65, 0x65,
    0x73, 0x1B, 0x73, 0x1B, 0x73, 0x73, 0x73, 0x73, 0x5D, 0x73, 0x73, 0x73, 0x1B, 0x73, 0x1B, 0x3C, 0x5D, 0x5D, 0x5D, 0x73, 0x73, 0x73, 0x1B, 0x73, 0x5D, 0x73, 0x73, 0x5D, 0x5D, 0x5D, 0x73, 0x73,
    0x4B, 0x1C, 0x1C, 0x1C, 0x1C, 0x1C, 0x1C, 0x4B, 0x4B, 0x4B, 0x4B, 0x1C, 0x1C, 0x1C, 0x1C, 0x1C, 0x73, 0x73, 0x73, 0x73, 0x4B, 0x4B, 0x1C, 0x1C, 0x65, 0x65, 0x65, 0x65, 0x73, 0x73, 0x73, 0x4B,
    0x65, 0x65, 0x65, 0x65, 0x65, 0x65, 0x65, 0x73, 0x73, 0x73, 0x73, 0x65, 0x65, 0x65, 0x65, 0x65, 0x4E, 0x1B, 0x3C, 0x73, 0x73, 0x65, 0x65, 0x65, 0x1B, 0x73, 0x4E, 0x1B, 0x3C, 0x73, 0x73, 0x65,
    0x4B, 0x4B, 0x4B, 0x4B, 0x73, 0x73, 0x73, 0x73, 0x1C, 0x4B, 0x4B, 0x4B, 0x4B, 0x4B, 0x4B, 0x4B, 0x1C, 0x1C, 0x1C, 0x4B, 0x4B, 0x73, 0x73, 0x73, 0x4B, 0x4B, 0x73, 0x73, 0x73, 0x73, 0x73, 0x73,
    0x73, 0x73, 0x73, 0x73, 0x73, 0x73, 0x65, 0x65, 0x65, 0x65, 0x65, 0x65, 0x65, 0x65, 0x65, 0x73, 0x65, 0x65, 0x65, 0x65, 0x65, 0x65, 0x65, 0x73, 0x65, 0x65, 0x65, 0x65, 0x65, 0x65, 0x65, 0x73,
    0x4B, 0x4B, 0x4B, 0x4B, 0x4B, 0x4B, 0x4B, 0x4B, 0x73, 0x73, 0x73, 0x73, 0x73, 0x4B, 0x4B, 0x4B, 0x73, 0x73, 0x73, 0x73, 0x73, 0x73, 0x73, 0x73, 0x73, 0x65, 0x65, 0x65, 0x65, 0x73, 0x73, 0x73,
    0x65, 0x65, 0x65, 0x73, 0x73, 0x73, 0x73, 0x73, 0x73, 0x73, 0x73, 0x1B, 0x1B, 0x1B, 0x1B, 0x1B, 0x4E, 0x4E, 0x4E, 0x73, 0x73, 0x73, 0x73, 0x73, 0x73, 0x73, 0x73, 0x73, 0x73, 0x73, 0x73, 0x73,
    0x4B, 0x4B, 0x4B, 0x4B, 0x73, 0x4E, 0x4E, 0x4E, 0x4B, 0x4B, 0x73, 0x73, 0x4E, 0x4E, 0x4E, 0x4E, 0x73, 0x73, 0x4E, 0x4E, 0x4E, 0x4E, 0x73, 0x73, 0x73, 0x73, 0x73, 0x73, 0x73, 0x73, 0x73, 0x73,
    0x1B, 0x4E, 0x4E, 0x73, 0x73, 0x73, 0x73, 0x4E, 0x4E, 0x73, 0x73, 0x73, 0x73, 0x73, 0x73, 0x4E, 0x73, 0x73, 0x73, 0x73, 0x73, 0x73, 0x4E, 0x4E, 0x73, 0x73, 0x73, 0x73, 0x73, 0x4E, 0x4E, 0x4E,
    0x4E, 0x4E, 0x4E, 0x73, 0x73, 0x66, 0x66, 0x37, 0x4E, 0x73, 0x73, 0x01, 0x01, 0x73, 0x73, 0x73, 0x73, 0x73, 0x50, 0x55, 0x55, 0x01, 0x01, 0x01, 0x4E, 0x4E, 0x73, 0x73, 0x50, 0x55, 0x55, 0x55,
    0x4E, 0x4E, 0x4E, 0x4E, 0x73, 0x73, 0x50, 0x50, 0x4E, 0x4E, 0x4E, 0x4E, 0x4E, 0x73, 0x50, 0x50, 0x4E, 0x4E, 0x4E, 0x4E, 0x73, 0x50, 0x50, 0x50, 0x4E, 0x4E, 0x4E, 0x4E, 0x73, 0x50, 0x50, 0x50,
    0x37, 0x2E, 0x2E, 0x0A, 0x0A, 0x0A, 0x2E, 0x2E, 0x73, 0x66, 0x37, 0x37, 0x2E, 0x2E, 0x2E, 0x66, 0x01, 0x73, 0x73, 0x66, 0x66, 0x66, 0x66, 0x37, 0x01, 0x01, 0x73, 0x73, 0x73, 0x66, 0x37, 0x37,
    0x55, 0x01, 0x01, 0x01, 0x73, 0x73, 0x73, 0x66, 0x50, 0x55, 0x55, 0x01, 0x01, 0x73, 0x17, 0x73, 0x50, 0x50, 0x50, 0x55, 0x01, 0x01, 0x73, 0x01, 0x50, 0x50, 0x50, 0x50, 0x55, 0x01, 0x01, 0x73,
    0x37, 0x2E, 0x2E, 0x2E, 0x0A, 0x2E, 0x37, 0x37, 0x37, 0x2E, 0x2E, 0x0A, 0x0A, 0x0A, 0x0A, 0x2E, 0x37, 0x2E, 0x2E, 0x0A, 0x0A, 0x0A, 0x0A, 0x0A, 0x37, 0x37, 0x2E, 0x2E, 0x0A, 0x0A, 0x0A, 0x0A,
    0x37, 0x37, 0x37, 0x2E, 0x2E, 0x2E, 0x0A, 0x0A, 0x73, 0x66, 0x37, 0x37, 0x2E, 0x2E, 0x2E, 0x2E, 0x73, 0x73, 0x73, 0x66, 0x37, 0x37, 0x2E, 0x2E, 0x01, 0x73, 0x73, 0x73, 0x73, 0x66, 0x66, 0x37,
    0x66, 0x73, 0x73, 0x05, 0x05, 0x05, 0x0D, 0x17, 0x2E, 0x37, 0x66, 0x73, 0x05, 0x05, 0x17, 0x17, 0x0A, 0x2E, 0x2E, 0x37, 0x73, 0x73, 0x17, 0x17, 0x0A, 0x0A, 0x0A, 0x2E, 0x37, 0x66, 0x73, 0x73,
    0x0A, 0x0A, 0x0A, 0x0A, 0x0A, 0x2E, 0x37, 0x66, 0x0A, 0x0A, 0x0A, 0x0A, 0x0A, 0x0A, 0x0A, 0x2E, 0x2E, 0x2E, 0x0A, 0x0A, 0x0A, 0x0A, 0x0A, 0x0A, 0x37, 0x2E, 0x2E, 0x2E, 0x2E, 0x0A, 0x0A, 0x0A,
    0x17, 0x17, 0x17, 0x17, 0x17, 0x17, 0x17, 0x17, 0x17, 0x17, 0x17, 0x17, 0x17, 0x17, 0x17, 0x17, 0x17, 0x17, 0x17, 0x17, 0x17, 0x17, 0x0D, 0x0D, 0x0D, 0x0D, 0x0D, 0x0D, 0x05, 0x05, 0x05, 0x05,
    0x73, 0x73, 0x05, 0x05, 0x05, 0x05, 0x05, 0x0D, 0x37, 0x66, 0x73, 0x73, 0x73, 0x05, 0x0D, 0x3D, 0x0A, 0x0A, 0x2E, 0x37, 0x66, 0x73, 0x73, 0x17, 0x0A, 0x0A, 0x0A, 0x0A, 0x2E, 0x37, 0x66, 0x73,
    0x17, 0x17, 0x17, 0x17, 0x17, 0x51, 0x4E, 0x73, 0x17, 0x17, 0x17, 0x17, 0x17, 0x51, 0x4E, 0x73, 0x0D, 0x05, 0x0D, 0x3D, 0x17, 0x51, 0x4E, 0x73, 0x05, 0x0D, 0x3D, 0x17, 0x17, 0x51, 0x4E, 0x73,
    0x3D, 0x17, 0x17, 0x17, 0x3D, 0x51, 0x55, 0x73, 0x17, 0x17, 0x17, 0x17, 0x3D, 0x4E, 0x73, 0x73, 0x17, 0x17, 0x17, 0x17, 0x73, 0x73, 0x4B, 0x4B, 0x73, 0x17, 0x17, 0x73, 0x4B, 0x1C, 0x1C, 0x1C,
    0x73, 0x55, 0x4F, 0x4F, 0x4F, 0x4F, 0x4F, 0x4F, 0x73, 0x55, 0x4F, 0x4F, 0x4F, 0x4F, 0x4F, 0x4F, 0x73, 0x55, 0x4F, 0x4F, 0x4F, 0x4F, 0x4F, 0x55, 0x73, 0x55, 0x4F, 0x4F, 0x4F, 0x55, 0x73, 0x73,
    0x73, 0x55, 0x4F, 0x55, 0x73, 0x73, 0x73, 0x73, 0x4B, 0x73, 0x73, 0x73, 0x73, 0x73, 0x73, 0x55, 0x4B, 0x4B, 0x4B, 0x73, 0x73, 0x73, 0x73, 0x73, 0x1C, 0x1C, 0x4B, 0x4B, 0x73, 0x73, 0x38, 0x38,
    0x4F, 0x4F, 0x4F, 0x4F, 0x4F, 0x4F, 0x4F, 0x4F, 0x4F, 0x4F, 0x55, 0x55, 0x55, 0x55, 0x55, 0x55, 0x55, 0x73, 0x73, 0x73, 0x73, 0x73, 0x73, 0x73, 0x73, 0x73, 0x73, 0x73, 0x73, 0x73, 0x73, 0x73,
    0x73, 0x73, 0x55, 0x55, 0x55, 0x55, 0x55, 0x55, 0x55, 0x4E, 0x4E, 0x4E, 0x51, 0x73, 0x73, 0x73, 0x73, 0x73, 0x73, 0x73, 0x73, 0x38, 0x38, 0x38, 0x38, 0x38, 0x2F, 0x2F, 0x0B, 0x0B, 0x0B, 0x0B,
    0x4F, 0x55, 0x73, 0x73, 0x73, 0x73, 0x73, 0x55, 0x55, 0x55, 0x55, 0x55, 0x73, 0x73, 0x73, 0x73, 0x73, 0x73, 0x73, 0x73, 0x73, 0x73, 0x73, 0x73, 0x73, 0x73, 0x73, 0x73, 0x73, 0x73, 0x73, 0x73,
    0x55, 0x55, 0x55, 0x55, 0x55, 0x55, 0x55, 0x73, 0x73, 0x73, 0x73, 0x73, 0x73, 0x73, 0x73, 0x73, 0x2F, 0x2F, 0x2F, 0x2F, 0x2F, 0x38, 0x38, 0x73, 0x0B, 0x0B, 0x2F, 0x2F, 0x2F, 0x38, 0x38, 0x73,
    0x4F, 0x4F, 0x2A, 0x2A, 0x2A, 0x2A, 0x2A, 0x2A, 0x73, 0x55, 0x4F, 0x2A, 0x2A, 0x2A, 0x2A, 0x2A, 0x73, 0x73, 0x73, 0x55, 0x2A, 0x2A, 0x2A, 0x2A, 0x73, 0x73, 0x73, 0x73, 0x73, 0x73, 0x73, 0x73,
    0x73, 0x73, 0x38, 0x2F, 0x2F, 0x2F, 0x38, 0x38, 0x38, 0x2F, 0x2F, 0x0B, 0x0B, 0x0B, 0x2F, 0x2F, 0x38, 0x2F, 0x0B, 0x0B, 0x0B, 0x0B, 0x2F, 0x2F, 0x38, 0x2F, 0x0B, 0x0B, 0x0B, 0x0B, 0x2F, 0x2F,
    0x2A, 0x2A, 0x4F, 0x4F, 0x4F, 0x4F, 0x2A, 0x2A, 0x2A, 0x2A, 0x2A, 0x2A, 0x2A, 0x2A, 0x2A, 0x2A, 0x2A, 0x2A, 0x2A, 0x2A, 0x2A, 0x2A, 0x2A, 0x2A, 0x2A, 0x2A, 0x2A, 0x2A, 0x2A, 0x2A, 0x2A, 0x2A,
    0x73, 0x73, 0x73, 0x73, 0x2A, 0x2A, 0x2A, 0x2A, 0x38, 0x38, 0x38, 0x73, 0x73, 0x73, 0x73, 0x73, 0x2F, 0x38, 0x38, 0x73, 0x38, 0x38, 0x2F, 0x2F, 0x2F, 0x2F, 0x38, 0x73, 0x38, 0x38, 0x2F, 0x2F,
    0x2A, 0x2A, 0x2A, 0x2A, 0x2A, 0x2A, 0x2A, 0x2A, 0x2A, 0x2A, 0x2A, 0x2A, 0x2A, 0x2A, 0x2A, 0x2A, 0x2A, 0x2A, 0x2A, 0x2A, 0x2A, 0x2A, 0x2A, 0x2A, 0x2A, 0x2A, 0x2A, 0x2A, 0x2A, 0x2A, 0x2A, 0x2A,
    0x2A, 0x2A, 0x2A, 0x2A, 0x2A, 0x2A, 0x2A, 0x2A, 0x73, 0x73, 0x2A, 0x2A, 0x2A, 0x2A, 0x2A, 0x2A, 0x38, 0x38, 0x73, 0x73, 0x73, 0x73, 0x73, 0x73, 0x2F, 0x2F, 0x0B, 0x0B, 0x0B, 0x0B, 0x2F, 0x2F,
    0x4F, 0x4F, 0x4F, 0x4F, 0x4F, 0x4F, 0x55, 0x73, 0x2A, 0x2A, 0x2A, 0x2A, 0x2A, 0x2A, 0x4F, 0x4F, 0x2A, 0x2A, 0x2A, 0x2A, 0x2A, 0x2A, 0x2A, 0x2A, 0x2A, 0x2A, 0x2A, 0x2A, 0x2A, 0x2A, 0x2A, 0x2A,
    0x2A, 0x2A, 0x2A, 0x2A, 0x2A, 0x2A, 0x2A, 0x2A, 0x2A, 0x2A, 0x2A, 0x2A, 0x2A, 0x2A, 0x2A, 0x2A, 0x73, 0x73, 0x73, 0x2A, 0x2A, 0x2A, 0x2A, 0x2A, 0x38, 0x38, 0x38, 0x73, 0x73, 0x73, 0x73, 0x73,
    0x73, 0x73, 0x73, 0x43, 0x0D, 0x05, 0x05, 0x05, 0x55, 0x73, 0x73, 0x73, 0x43, 0x0D, 0x05, 0x05, 0x4F, 0x55, 0x73, 0x73, 0x73, 0x73, 0x43, 0x0D, 0x2A, 0x2A, 0x55, 0x73, 0x73, 0x73, 0x73, 0x43,
    0x2A, 0x2A, 0x2A, 0x2A, 0x55, 0x73, 0x73, 0x73, 0x2A, 0x2A, 0x2A, 0x73, 0x73, 0x73, 0x73, 0x73, 0x2A, 0x73, 0x73, 0x38, 0x38, 0x38, 0x38, 0x73, 0x73, 0x38, 0x2F, 0x0B, 0x0B, 0x0B, 0x0B, 0x0B,
    0x05, 0x05, 0x05, 0x05, 0x0D, 0x43, 0x73, 0x73, 0x05, 0x05, 0x05, 0x05, 0x05, 0x0D, 0x43, 0x73, 0x05, 0x05, 0x05, 0x05, 0x05, 0x05, 0x0D, 0x43, 0x0D, 0x05, 0x05, 0x05, 0x0D, 0x0D, 0x0D, 0x0D,
    0x43, 0x0D, 0x0D, 0x0D, 0x0D, 0x43, 0x43, 0x43, 0x73, 0x73, 0x43, 0x43, 0x43, 0x73, 0x73, 0x73, 0x73, 0x73, 0x73, 0x73, 0x73, 0x73, 0x73, 0x73, 0x2F, 0x38, 0x73, 0x73, 0x73, 0x43, 0x43, 0x43,
    0x73, 0x57, 0x54, 0x54, 0x54, 0x54, 0x54, 0x57, 0x73, 0x73, 0x73, 0x57, 0x54, 0x57, 0x57, 0x57, 0x73, 0x73, 0x73, 0x73, 0x57, 0x73, 0x73, 0x73, 0x43, 0x43, 0x73, 0x73, 0x73, 0x73, 0x73, 0x73,
    0x73, 0x73, 0x73, 0x73, 0x73, 0x73, 0x73, 0x57, 0x73, 0x73, 0x73, 0x43, 0x43, 0x73, 0x73, 0x73, 0x43, 0x43, 0x43, 0x0D, 0x0D, 0x43, 0x73, 0x73, 0x0D, 0x0D, 0x0D, 0x0D, 0x0D, 0x0D, 0x43, 0x73,
    0x57, 0x73, 0x73, 0x73, 0x73, 0x73, 0x6F, 0x6F, 0x73, 0x73, 0x73, 0x73, 0x73, 0x73, 0x73, 0x73, 0x73, 0x73, 0x57, 0x57, 0x73, 0x73, 0x73, 0x73, 0x57, 0x57, 0x54, 0x54, 0x57, 0x73, 0x73, 0x73,
    0x54, 0x54, 0x54, 0x54, 0x54, 0x57, 0x73, 0x73, 0x57, 0x54, 0x54, 0x2B, 0x2B, 0x54, 0x57, 0x73, 0x73, 0x57, 0x54, 0x2B, 0x2B, 0x2B, 0x54, 0x57, 0x73, 0x73, 0x57, 0x54, 0x2B, 0x2B, 0x2B, 0x2B,
    0x6F, 0x6F, 0x6F, 0x6F, 0x6F, 0x6F, 0x6F, 0x6F, 0x6F, 0x6F, 0x6F, 0x6F, 0x6F, 0x6F, 0x6F, 0x6F, 0x6F, 0x6F, 0x6F, 0x6F, 0x6F, 0x6F, 0x6F, 0x6F, 0x73, 0x6F, 0x6F, 0x6F, 0x6F, 0x6F, 0x6F, 0x6F,
    0x73, 0x73, 0x73, 0x6F, 0x6F, 0x6F, 0x6F, 0x6F, 0x73, 0x73, 0x73, 0x73, 0x6F, 0x6F, 0x6F, 0x6F, 0x73, 0x73, 0x73, 0x73, 0x73, 0x6F, 0x6F, 0x6F, 0x54, 0x57, 0x73, 0x73, 0x73, 0x73, 0x6F, 0x6F,
    0x6F, 0x6F, 0x6F, 0x6F, 0x6F, 0x6F, 0x6F, 0x6F, 0x6F, 0x6F, 0x6F, 0x6F, 0x6F, 0x6F, 0x6F, 0x6F, 0x6F, 0x6F, 0x6F, 0x6F, 0x6F, 0x6F, 0x6F, 0x6F, 0x6F, 0x6F, 0x6F, 0x6F, 0x6F, 0x6F, 0x6F, 0x6F,
    0x6F, 0x6F, 0x6F, 0x6F, 0x6F, 0x6F, 0x6F, 0x6F, 0x6F, 0x6F, 0x6F, 0x6F, 0x6F, 0x6F, 0x6F, 0x6F, 0x6F, 0x6F, 0x6F, 0x6F, 0x6F, 0x6F, 0x6F, 0x6F, 0x6F, 0x6F, 0x6F, 0x6F, 0x6F, 0x6F, 0x6F, 0x6F,
    0x6F, 0x6F, 0x6F, 0x6F, 0x6F, 0x6F, 0x6F, 0x6F, 0x6F, 0x6F, 0x6F, 0x6F, 0x6F, 0x6F, 0x6F, 0x6F, 0x6F, 0x6F, 0x6F, 0x6F, 0x6F, 0x6F, 0x6F, 0x6F, 0x6F, 0x6F, 0x6F, 0x6F, 0x6F, 0x6F, 0x6F, 0x6F,
    0x6F, 0x6F, 0x6F, 0x6F, 0x6F, 0x6F, 0x6F, 0x6F, 0x6F, 0x6F, 0x6F, 0x6F, 0x6F, 0x6F, 0x6F, 0x6F, 0x6F, 0x6F, 0x6F, 0x6F, 0x6F, 0x6F, 0x6F, 0x6F, 0x6F, 0x6F, 0x6F, 0x6F, 0x6F, 0x6F, 0x6F, 0x6F,
    0x6F, 0x6F, 0x6F, 0x6F, 0x6F, 0x6F, 0x6F, 0x6F, 0x6F, 0x6F, 0x6F, 0x6F, 0x6F, 0x6F, 0x6F, 0x6F, 0x6F, 0x6F, 0x6F, 0x6F, 0x6F, 0x6F, 0x6F, 0x6F, 0x6F, 0x6F, 0x6F, 0x6F, 0x6F, 0x6F, 0x6F, 0x6F,
    0x6F, 0x6F, 0x6F, 0x6F, 0x6F, 0x6F, 0x6F, 0x6F, 0x6F, 0x6F, 0x6F, 0x6F, 0x6F, 0x6F, 0x6F, 0x6F, 0x6F, 0x6F, 0x6F, 0x6F, 0x6F, 0x6F, 0x6F, 0x6F, 0x6F, 0x6F, 0x6F, 0x6F, 0x6F, 0x6F, 0x6F, 0x6F,
    0x6F, 0x6F, 0x6F, 0x6F, 0x6F, 0x6F, 0x6F, 0x6F, 0x6F, 0x6F, 0x6F, 0x6F, 0x6F, 0x6F, 0x6F, 0x6F, 0x6F, 0x6F, 0x6F, 0x6F, 0x6F, 0x6F, 0x6F, 0x6F, 0x6F, 0x6F, 0x6F, 0x6F, 0x6F, 0x6F, 0x6F, 0x6F,
    0x6F, 0x6F, 0x6F, 0x6F, 0x6F, 0x6F, 0x6F, 0x6F, 0x6F, 0x6F, 0x6F, 0x6F, 0x6F, 0x6F, 0x6F, 0x6F, 0x6F, 0x6F, 0x6F, 0x6F, 0x6F, 0x6F, 0x6F, 0x6F, 0x6F, 0x6F, 0x6F, 0x6F, 0x6F, 0x6F, 0x6F, 0x6F,
    0x6F, 0x6F, 0x6F, 0x6F, 0x6F, 0x6F, 0x6F, 0x6F, 0x6F, 0x6F, 0x6F, 0x6F, 0x6F, 0x6F, 0x6F, 0x6F, 0x6F, 0x6F, 0x6F, 0x6F, 0x6F, 0x6F, 0x6F, 0x6F, 0x6F, 0x6F, 0x6F, 0x6F, 0x6F, 0x6F, 0x6F, 0x6F,
    0x6F, 0x6F, 0x6F, 0x6F, 0x6F, 0x6F, 0x6F, 0x6F, 0x6F, 0x6F, 0x6F, 0x6F, 0x6F, 0x6F, 0x6F, 0x6F, 0x6F, 0x6F, 0x6F, 0x6F, 0x6F, 0x6F, 0x6F, 0x6F, 0x6F, 0x6F, 0x6F, 0x6F, 0x6F, 0x6F, 0x6F, 0x6F,
    0x6F, 0x6F, 0x6F, 0x6F, 0x6F, 0x6F, 0x6F, 0x6F, 0x6F, 0x6F, 0x6F, 0x6F, 0x6F, 0x6F, 0x6F, 0x6F, 0x6F, 0x6F, 0x6F, 0x6F, 0x6F, 0x6F, 0x6F, 0x6F, 0x6F, 0x6F, 0x6F, 0x6F, 0x6F, 0x6F, 0x6F, 0x6F,
    0x6F, 0x6F, 0x6F, 0x6F, 0x6F, 0x6F, 0x6F, 0x6F, 0x6F, 0x6F, 0x6F, 0x6F, 0x6F, 0x6F, 0x6F, 0x6F, 0x6F, 0x6F, 0x6F, 0x6F, 0x6F, 0x6F, 0x6F, 0x6F, 0x6F, 0x6F, 0x6F, 0x6F, 0x6F, 0x6F, 0x6F, 0x6F,
    0x6F, 0x6F, 0x6F, 0x6F, 0x6F, 0x6F, 0x6F, 0x6F, 0x6F, 0x6F, 0x6F, 0x6F, 0x6F, 0x6F, 0x6F, 0x6F, 0x6F, 0x6F, 0x6F, 0x6F, 0x6F, 0x6F, 0x6F, 0x6F, 0x6F, 0x6F, 0x6F, 0x6F, 0x6F, 0x6F, 0x6F, 0x6F,
    0x6F, 0x6F, 0x6F, 0x6F, 0x6F, 0x6F, 0x6F, 0x6F, 0x6F, 0x6F, 0x6F, 0x6F, 0x6F, 0x6F, 0x6F, 0x6F, 0x6F, 0x6F, 0x6F, 0x6F, 0x6F, 0x6F, 0x6F, 0x6F, 0x6F, 0x6F, 0x6F, 0x6F, 0x6F, 0x6F, 0x6F, 0x6F,
    0x6F, 0x6F, 0x6F, 0x6F, 0x6F, 0x6F, 0x6F, 0x6F, 0x6F, 0x6F, 0x6F, 0x6F, 0x6F, 0x6F, 0x6F, 0x6F, 0x6F, 0x6F, 0x6F, 0x6F, 0x6F, 0x6F, 0x6F, 0x73, 0x6F, 0x6F, 0x6F, 0x6F, 0x6F, 0x6F, 0x73, 0x73,
    0x6F, 0x6F, 0x6F, 0x6F, 0x6F, 0x73, 0x73, 0x73, 0x6F, 0x6F, 0x6F, 0x6F, 0x73, 0x73, 0x73, 0x73, 0x6F, 0x6F, 0x6F, 0x73, 0x73, 0x73, 0x73, 0x57, 0x6F, 0x6F, 0x73, 0x73, 0x73, 0x73, 0x57, 0x54,
    0x6F, 0x73, 0x73, 0x73, 0x73, 0x57, 0x54, 0x2B, 0x73, 0x73, 0x73, 0x73, 0x57, 0x54, 0x2B, 0x2B, 0x73, 0x73, 0x73, 0x57, 0x54, 0x2B, 0x2B, 0x2B, 0x73, 0x73, 0x57, 0x54, 0x2B, 0x2B, 0x2B, 0x2B,
    0x73, 0x57, 0x54, 0x2B, 0x2B, 0x2B, 0x2B, 0x54, 0x57, 0x54, 0x2B, 0x2B, 0x2B, 0x2B, 0x54, 0x73, 0x54, 0x2B, 0x2B, 0x2B, 0x2B, 0x54, 0x57, 0x73, 0x2B, 0x2B, 0x2B, 0x2B, 0x54, 0x57, 0x73, 0x73,
    0x2B, 0x2B, 0x2B, 0x54, 0x57, 0x73, 0x73, 0x73, 0x2B, 0x2B, 0x54, 0x57, 0x73, 0x73, 0x73, 0x43, 0x2B, 0x54, 0x57, 0x73, 0x73, 0x73, 0x43, 0x0D, 0x54, 0x57, 0x73, 0x73, 0x73, 0x43, 0x0D, 0x0D,
    0x57, 0x73, 0x73, 0x73, 0x43, 0x0D, 0x0D, 0x05, 0x73, 0x73, 0x73, 0x43, 0x0D, 0x0D, 0x05, 0x05, 0x73, 0x73, 0x43, 0x0D, 0x0D, 0x05, 0x05, 0x05, 0x43, 0x43, 0x0D, 0x0D, 0x05, 0x05, 0x05, 0x05,
    0x43, 0x0D, 0x0D, 0x05, 0x05, 0x0D, 0x0D, 0x0D, 0x0D, 0x0D, 0x05, 0x05, 0x05, 0x05, 0x05, 0x0D, 0x0D, 0x05, 0x05, 0x05, 0x05, 0x05, 0x0D, 0x43, 0x05, 0x05, 0x05, 0x05, 0x05, 0x0D, 0x43, 0x73,
    0x05, 0x05, 0x05, 0x05, 0x0D, 0x43, 0x73, 0x73, 0x05, 0x05, 0x05, 0x0D, 0x43, 0x73, 0x73, 0x73, 0x05, 0x05, 0x0D, 0x43, 0x73, 0x73, 0x73, 0x55, 0x05, 0x0D, 0x43, 0x73, 0x73, 0x73, 0x55, 0x4F,
    0x0D, 0x43, 0x73, 0x73, 0x73, 0x73, 0x73, 0x73, 0x43, 0x73, 0x73, 0x73, 0x73, 0x55, 0x55, 0x55, 0x73, 0x73, 0x73, 0x55, 0x4F, 0x4F, 0x4F, 0x4F, 0x73, 0x73, 0x55, 0x4F, 0x2A, 0x2A, 0x2A, 0x2A,
    0x73, 0x55, 0x4F, 0x2A, 0x2A, 0x2A, 0x2A, 0x2A, 0x55, 0x4F, 0x4F, 0x2A, 0x2A, 0x2A, 0x2A, 0x2A, 0x4F, 0x4F, 0x2A, 0x2A, 0x2A, 0x2A, 0x2A, 0x2A, 0x4F, 0x4F, 0x2A, 0x2A, 0x2A, 0x2A, 0x2A, 0x2A,
    0x73, 0x73, 0x55, 0x55, 0x55, 0x4F, 0x4F, 0x4F, 0x73, 0x73, 0x73, 0x73, 0x73, 0x55, 0x55, 0x55, 0x55, 0x55, 0x73, 0x73, 0x73, 0x73, 0x73, 0x73, 0x2A, 0x4F, 0x55, 0x55, 0x55, 0x73, 0x73, 0x73,
    0x2A, 0x2A, 0x4F, 0x4F, 0x4F, 0x55, 0x55, 0x55, 0x2A, 0x2A, 0x2A, 0x4F, 0x4F, 0x4F, 0x4F, 0x4F, 0x2A, 0x2A, 0x2A, 0x2A, 0x4F, 0x4F, 0x4F, 0x4F, 0x2A, 0x2A, 0x2A, 0x2A, 0x4F, 0x4F, 0x4F, 0x4F,
    0x4F, 0x4F, 0x2A, 0x2A, 0x2A, 0x2A, 0x2A, 0x2A, 0x4F, 0x4F, 0x4F, 0x4F, 0x4F, 0x4F, 0x4F, 0x4F, 0x55, 0x55, 0x4F, 0x4F, 0x4F, 0x4F, 0x4F, 0x4F, 0x73, 0x73, 0x55, 0x55, 0x55, 0x4F, 0x4F, 0x4F,
    0x73, 0x73, 0x73, 0x73, 0x73, 0x55, 0x55, 0x55, 0x55, 0x55, 0x73, 0x73, 0x73, 0x73, 0x73, 0x73, 0x4F, 0x4F, 0x55, 0x55, 0x55, 0x73, 0x73, 0x73, 0x4F, 0x4F, 0x4F, 0x4F, 0x4F, 0x55, 0x55, 0x55,
    0x2A, 0x2A, 0x2A, 0x2A, 0x2A, 0x2A, 0x2A, 0x4F, 0x4F, 0x4F, 0x4F, 0x4F, 0x4F, 0x4F, 0x4F, 0x4F, 0x4F, 0x4F, 0x4F, 0x4F, 0x4F, 0x4F, 0x4F, 0x55, 0x4F, 0x4F, 0x4F, 0x4F, 0x4F, 0x55, 0x73, 0x73,
    0x4F, 0x4F, 0x4F, 0x4F, 0x55, 0x73, 0x73, 0x73, 0x55, 0x55, 0x55, 0x55, 0x73, 0x73, 0x73, 0x55, 0x73, 0x73, 0x73, 0x73, 0x73, 0x73, 0x55, 0x4F, 0x73, 0x73, 0x73, 0x73, 0x73, 0x55, 0x4F, 0x4F,
    0x4F, 0x4F, 0x55, 0x73, 0x73, 0x73, 0x73, 0x73, 0x55, 0x73, 0x73, 0x73, 0x73, 0x73, 0x73, 0x73, 0x73, 0x73, 0x73, 0x73, 0x73, 0x73, 0x73, 0x55, 0x73, 0x73, 0x55, 0x73, 0x73, 0x73, 0x55, 0x4E,
    0x73, 0x55, 0x55, 0x73, 0x73, 0x55, 0x4E, 0x51, 0x4F, 0x4F, 0x55, 0x73, 0x73, 0x55, 0x51, 0x3D, 0x4F, 0x4F, 0x73, 0x73, 0x55, 0x4E, 0x51, 0x17, 0x4F, 0x55, 0x73, 0x73, 0x55, 0x4E, 0x3D, 0x17,
    0x73, 0x55, 0x51, 0x3D, 0x4E, 0x73, 0x73, 0x73, 0x55, 0x51, 0x3D, 0x17, 0x73, 0x73, 0x73, 0x73, 0x51, 0x3D, 0x17, 0x4E, 0x73, 0x73, 0x4E, 0x01, 0x3D, 0x17, 0x4E, 0x73, 0x73, 0x4E, 0x01, 0x01,
    0x17, 0x4E, 0x73, 0x73, 0x73, 0x01, 0x01, 0x01, 0x17, 0x73, 0x73, 0x73, 0x4E, 0x01, 0x01, 0x4E, 0x4E, 0x73, 0x73, 0x4E, 0x01, 0x01, 0x4E, 0x73, 0x73, 0x73, 0x4E, 0x01, 0x01, 0x01, 0x73, 0x4F,
    0x73, 0x4E, 0x4E, 0x73, 0x01, 0x55, 0x50, 0x50, 0x4E, 0x01, 0x73, 0x4E, 0x01, 0x55, 0x50, 0x50, 0x01, 0x4E, 0x73, 0x01, 0x55, 0x50, 0x50, 0x50, 0x01, 0x73, 0x4E, 0x01, 0x55, 0x50, 0x50, 0x50,
    0x4E, 0x73, 0x01, 0x55, 0x50, 0x50, 0x50, 0x50, 0x73, 0x73, 0x01, 0x55, 0x50, 0x50, 0x50, 0x50, 0x4F, 0x73, 0x4E, 0x01, 0x55, 0x50, 0x50, 0x50, 0x4F, 0x4F, 0x73, 0x01, 0x55, 0x50, 0x50, 0x50,
    0x50, 0x50, 0x50, 0x50, 0x50, 0x50, 0x50, 0x50, 0x50, 0x50, 0x50, 0x50, 0x50, 0x50, 0x0D, 0x0D, 0x50, 0x50, 0x50, 0x50, 0x50, 0x0D, 0x05, 0x01, 0x50, 0x50, 0x50, 0x50, 0x0D, 0x05, 0x01, 0x01,
    0x50, 0x50, 0x50, 0x0D, 0x05, 0x01, 0x01, 0x01, 0x50, 0x50, 0x50, 0x0D, 0x05, 0x01, 0x01, 0x01, 0x50, 0x50, 0x50, 0x0D, 0x05, 0x05, 0x01, 0x01, 0x50, 0x50, 0x50, 0x0D, 0x05, 0x05, 0x01, 0x01,
    0x0D, 0x0D, 0x0D, 0x0D, 0x0D, 0x0D, 0x05, 0x05, 0x05, 0x05, 0x01, 0x01, 0x01, 0x05, 0x0D, 0x0D, 0x01, 0x01, 0x01, 0x01, 0x01, 0x01, 0x01, 0x05, 0x01, 0x01, 0x01, 0x01, 0x01, 0x01, 0x01, 0x01,
    0x01, 0x01, 0x01, 0x01, 0x01, 0x01, 0x01, 0x05, 0x01, 0x01, 0x01, 0x01, 0x01, 0x01, 0x05, 0x0D, 0x01, 0x01, 0x01, 0x01, 0x01, 0x05, 0x43, 0x0D, 0x01, 0x01, 0x01, 0x01, 0x05, 0x43, 0x0D, 0x0D,
    0x05, 0x05, 0x05, 0x05, 0x05, 0x05, 0x05, 0x05, 0x0D, 0x0D, 0x0D, 0x0D, 0x43, 0x43, 0x43, 0x43, 0x05, 0x05, 0x0D, 0x0D, 0x0D, 0x0D, 0x0D, 0x0D, 0x05, 0x0D, 0x01, 0x05, 0x0D, 0x0D, 0x0D, 0x0D,
    0x0D, 0x01, 0x0D, 0x0D, 0x05, 0x0D, 0x0D, 0x05, 0x05, 0x0D, 0x0D, 0x01, 0x0D, 0x05, 0x01, 0x01, 0x0D, 0x05, 0x01, 0x0D, 0x05, 0x05, 0x05, 0x01, 0x0D, 0x0D, 0x0D, 0x0D, 0x0D, 0x0D, 0x0D, 0x0D,
    0x05, 0x43, 0x43, 0x43, 0x43, 0x43, 0x0D, 0x05, 0x43, 0x43, 0x43, 0x43, 0x43, 0x43, 0x43, 0x43, 0x0D, 0x0D, 0x43, 0x43, 0x43, 0x43, 0x05, 0x05, 0x0D, 0x05, 0x05, 0x01, 0x01, 0x01, 0x01, 0x05,
    0x01, 0x01, 0x01, 0x01, 0x01, 0x01, 0x01, 0x05, 0x01, 0x01, 0x01, 0x01, 0x01, 0x01, 0x01, 0x01, 0x01, 0x01, 0x01, 0x01, 0x01, 0x01, 0x01, 0x01, 0x05, 0x05, 0x01, 0x01, 0x01, 0x05, 0x05, 0x05,
    0x05, 0x05, 0x0D, 0x50, 0x50, 0x50, 0x50, 0x50, 0x43, 0x43, 0x50, 0x50, 0x50, 0x50, 0x50, 0x50, 0x0D, 0x0D, 0x0D, 0x50, 0x50, 0x50, 0x50, 0x50, 0x0D, 0x05, 0x05, 0x0D, 0x50, 0x50, 0x50, 0x50,
    0x05, 0x01, 0x05, 0x0D, 0x0D, 0x0D, 0x50, 0x50, 0x05, 0x01, 0x01, 0x0D, 0x01, 0x05, 0x0D, 0x0D, 0x01, 0x01, 0x01, 0x0D, 0x43, 0x01, 0x01, 0x05, 0x0D, 0x01, 0x01, 0x0D, 0x43, 0x43, 0x0D, 0x0D,
    0x50, 0x50, 0x50, 0x50, 0x50, 0x50, 0x50, 0x50, 0x50, 0x50, 0x50, 0x50, 0x50, 0x50, 0x0D, 0x50, 0x50, 0x50, 0x50, 0x50, 0x50, 0x0D, 0x05, 0x0D, 0x50, 0x50, 0x50, 0x50, 0x0D, 0x05, 0x01, 0x05,
    0x50, 0x50, 0x50, 0x50, 0x0D, 0x01, 0x01, 0x01, 0x50, 0x50, 0x50, 0x0D, 0x05, 0x01, 0x01, 0x73, 0x0D, 0x0D, 0x0D, 0x05, 0x01, 0x73, 0x73, 0x6B, 0x05, 0x05, 0x05, 0x01, 0x73, 0x73, 0x73, 0x73,
    0x50, 0x50, 0x50, 0x50, 0x50, 0x73, 0x73, 0x66, 0x50, 0x50, 0x50, 0x50, 0x73, 0x6B, 0x66, 0x62, 0x0D, 0x50, 0x50, 0x73, 0x6B, 0x66, 0x62, 0x62, 0x05, 0x73, 0x73, 0x66, 0x62, 0x62, 0x66, 0x6B,
    0x73, 0x6B, 0x66, 0x66, 0x6B, 0x6B, 0x73, 0x73, 0x6B, 0x66, 0x6B, 0x73, 0x73, 0x73, 0x50, 0x50, 0x73, 0x73, 0x73, 0x50, 0x50, 0x50, 0x50, 0x50, 0x50, 0x50, 0x50, 0x50, 0x50, 0x50, 0x50, 0x50,
    0x62, 0x38, 0x62, 0x62, 0x62, 0x62, 0x66, 0x66, 0x62, 0x62, 0x62, 0x66, 0x66, 0x6B, 0x6B, 0x73, 0x66, 0x66, 0x6B, 0x6B, 0x73, 0x73, 0x73, 0x01, 0x6B, 0x73, 0x73, 0x73, 0x50, 0x50, 0x55, 0x01,
    0x73, 0x50, 0x50, 0x50, 0x50, 0x50, 0x50, 0x55, 0x50, 0x50, 0x50, 0x50, 0x50, 0x50, 0x50, 0x55, 0x50, 0x50, 0x50, 0x50, 0x50, 0x50, 0x55, 0x73, 0x50, 0x50, 0x50, 0x50, 0x50, 0x50, 0x73, 0x6B,
    0x6B, 0x6B, 0x73, 0x73, 0x6B, 0x62, 0x38, 0x62, 0x73, 0x73, 0x01, 0x73, 0x66, 0x38, 0x38, 0x62, 0x73, 0x55, 0x73, 0x66, 0x62, 0x38, 0x62, 0x62, 0x4E, 0x73, 0x6B, 0x62, 0x38, 0x62, 0x66, 0x6B,
    0x73, 0x6B, 0x66, 0x38, 0x62, 0x66, 0x6B, 0x73, 0x73, 0x66, 0x62, 0x66, 0x6B, 0x73, 0x73, 0x4F, 0x66, 0x62, 0x66, 0x6B, 0x73, 0x4F, 0x4F, 0x4F, 0x66, 0x6B, 0x73, 0x73, 0x4F, 0x4F, 0x4F, 0x4F,
    0x62, 0x62, 0x66, 0x62, 0x38, 0x38, 0x62, 0x66, 0x62, 0x66, 0x6B, 0x66, 0x62, 0x38, 0x62, 0x62, 0x66, 0x6B, 0x73, 0x6B, 0x66, 0x38, 0x62, 0x62, 0x73, 0x73, 0x4F, 0x73, 0x6B, 0x62, 0x38, 0x62,
    0x4F, 0x4F, 0x4F, 0x4F, 0x73, 0x6B, 0x62, 0x62, 0x4F, 0x4F, 0x4F, 0x4F, 0x4F, 0x73, 0x66, 0x62, 0x4F, 0x4F, 0x4F, 0x4F, 0x4F, 0x73, 0x73, 0x66, 0x4F, 0x4F, 0x73, 0x73, 0x73, 0x4E, 0x73, 0x6B,
    0x6B, 0x66, 0x62, 0x38, 0x66, 0x62, 0x62, 0x66, 0x6B, 0x6B, 0x66, 0x62, 0x38, 0x6B, 0x66, 0x62, 0x6B, 0x73, 0x6B, 0x66, 0x62, 0x66, 0x6B, 0x6B, 0x6B, 0x73, 0x73, 0x73, 0x6B, 0x66, 0x66, 0x73,
    0x66, 0x73, 0x55, 0x55, 0x73, 0x73, 0x6B, 0x6B, 0x62, 0x73, 0x55, 0x55, 0x55, 0x73, 0x73, 0x73, 0x62, 0x73, 0x73, 0x73, 0x73, 0x4E, 0x01, 0x01, 0x66, 0x6B, 0x73, 0x01, 0x01, 0x01, 0x55, 0x55,
    0x6B, 0x73, 0x73, 0x73, 0x73, 0x73, 0x73, 0x73, 0x62, 0x6B, 0x73, 0x73, 0x50, 0x50, 0x50, 0x50, 0x66, 0x62, 0x62, 0x6B, 0x73, 0x55, 0x55, 0x55, 0x73, 0x6B, 0x66, 0x66, 0x6B, 0x73, 0x01, 0x01,
    0x73, 0x73, 0x73, 0x73, 0x73, 0x73, 0x73, 0x73, 0x6B, 0x73, 0x73, 0x73, 0x73, 0x73, 0x73, 0x73, 0x73, 0x6B, 0x73, 0x01, 0x01, 0x01, 0x01, 0x01, 0x55, 0x73, 0x73, 0x73, 0x55, 0x55, 0x55, 0x55,
    0x6B, 0x6B, 0x6B, 0x73, 0x73, 0x66, 0x37, 0x37, 0x73, 0x73, 0x73, 0x73, 0x73, 0x73, 0x73, 0x73, 0x55, 0x55, 0x55, 0x55, 0x55, 0x01, 0x01, 0x01, 0x01, 0x01, 0x01, 0x01, 0x01, 0x4E, 0x73, 0x73,
    0x73, 0x73, 0x73, 0x73, 0x73, 0x73, 0x4F, 0x4F, 0x73, 0x73, 0x73, 0x73, 0x73, 0x73, 0x4F, 0x4F, 0x01, 0x01, 0x01, 0x01, 0x01, 0x4E, 0x73, 0x73, 0x55, 0x55, 0x55, 0x55, 0x55, 0x01, 0x01, 0x01,
    0x37, 0x0A, 0x0A, 0x66, 0x66, 0x73, 0x73, 0x55, 0x73, 0x73, 0x73, 0x73, 0x73, 0x01, 0x01, 0x01, 0x01, 0x01, 0x01, 0x01, 0x01, 0x4E, 0x73, 0x73, 0x73, 0x73, 0x73, 0x73, 0x73, 0x73, 0x4F, 0x4F,
    0x4F, 0x4F, 0x4F, 0x4F, 0x4F, 0x4F, 0x4F, 0x4F, 0x4F, 0x4F, 0x4F, 0x4F, 0x4F, 0x4F, 0x4F, 0x4F, 0x73, 0x73, 0x73, 0x73, 0x73, 0x73, 0x4F, 0x4F, 0x01, 0x01, 0x01, 0x01, 0x01, 0x4E, 0x73, 0x73,
    0x01, 0x01, 0x01, 0x01, 0x73, 0x73, 0x4F, 0x73, 0x4E, 0x73, 0x73, 0x73, 0x4F, 0x4F, 0x4F, 0x73, 0x73, 0x4F, 0x4F, 0x4F, 0x4F, 0x4F, 0x4F, 0x73, 0x4F, 0x4F, 0x4F, 0x4F, 0x4F, 0x4F, 0x4F, 0x4F,
    0x4F, 0x4F, 0x4F, 0x4F, 0x4F, 0x4F, 0x4F, 0x4F, 0x4F, 0x4F, 0x4F, 0x4F, 0x4F, 0x4F, 0x4F, 0x4F, 0x4F, 0x4F, 0x4F, 0x4F, 0x4F, 0x4F, 0x4F, 0x4F, 0x73, 0x4F, 0x4F, 0x4F, 0x4F, 0x4F, 0x4F, 0x4F,
    0x4B, 0x4B, 0x4B, 0x73, 0x73, 0x73, 0x6A, 0x6A, 0x4B, 0x4B, 0x4B, 0x73, 0x73, 0x73, 0x73, 0x73, 0x4B, 0x4B, 0x4B, 0x4B, 0x73, 0x65, 0x65, 0x65, 0x73, 0x4B, 0x4B, 0x4B, 0x4B, 0x73, 0x65, 0x65,
    0x73, 0x4B, 0x4B, 0x4B, 0x4B, 0x4B, 0x73, 0x73, 0x73, 0x4B, 0x4B, 0x4B, 0x4B, 0x4B, 0x4B, 0x4B, 0x73, 0x4B, 0x4B, 0x4B, 0x4B, 0x4B, 0x4B, 0x4B, 0x73, 0x4B, 0x4B, 0x4B, 0x4B, 0x4B, 0x4B, 0x4B,
    0x6A, 0x6A, 0x6A, 0x6A, 0x6A, 0x6A, 0x73, 0x73, 0x73, 0x73, 0x6A, 0x6A, 0x6A, 0x73, 0x73, 0x73, 0x65, 0x65, 0x65, 0x65, 0x65, 0x73, 0x1B, 0x73, 0x65, 0x65, 0x65, 0x65, 0x65, 0x65, 0x73, 0x1B,
    0x65, 0x65, 0x65, 0x65, 0x65, 0x65, 0x65, 0x73, 0x73, 0x73, 0x73, 0x65, 0x65, 0x65, 0x65, 0x65, 0x4B, 0x4B, 0x4B, 0x73, 0x73, 0x73, 0x73, 0x73, 0x4B, 0x4B, 0x4B, 0x4B, 0x4B, 0x4B, 0x4B, 0x4B,
    0x73, 0x73, 0x1B, 0x73, 0x73, 0x5D, 0x5C, 0x5D, 0x1B, 0x73, 0x73, 0x1B, 0x4E, 0x73, 0x5D, 0x5C, 0x73, 0x1B, 0x4E, 0x1B, 0x1B, 0x4E, 0x73, 0x5D, 0x4E, 0x1B, 0x1B, 0x1B, 0x73, 0x73, 0x5D, 0x5D,
    0x1B, 0x1B, 0x73, 0x73, 0x5D, 0x5D, 0x5D, 0x5D, 0x73, 0x73, 0x4B, 0x73, 0x5D, 0x5D, 0x5D, 0x5D, 0x4B, 0x4B, 0x4B, 0x4B, 0x73, 0x73, 0x5D, 0x5D, 0x4B, 0x4B, 0x4B, 0x4B, 0x73, 0x01, 0x73, 0x73,
    0x73, 0x73, 0x1B, 0x73, 0x4E, 0x1B, 0x3C, 0x73, 0x5C, 0x5D, 0x73, 0x73, 0x1B, 0x73, 0x4E, 0x1B, 0x5C, 0x5C, 0x5C, 0x5D, 0x73, 0x73, 0x1B, 0x73, 0x5C, 0x5C, 0x5C, 0x5C, 0x5C, 0x5D, 0x73, 0x73,
    0x5D, 0x5D, 0x5C, 0x5C, 0x5C, 0x5C, 0x5C, 0x5D, 0x5D, 0x5D, 0x5D, 0x5C, 0x5C, 0x5C, 0x5C, 0x5C, 0x5D, 0x5D, 0x5D, 0x5D, 0x5D, 0x5C, 0x5C, 0x5C, 0x5D, 0x5D, 0x5D, 0x5D, 0x5D, 0x5D, 0x5C, 0x5C,
    0x73, 0x65, 0x65, 0x65, 0x65, 0x65, 0x65, 0x65, 0x3C, 0x73, 0x73, 0x65, 0x65, 0x65, 0x65, 0x65, 0x4E, 0x1B, 0x3C, 0x73, 0x73, 0x65, 0x65, 0x65, 0x1B, 0x73, 0x4E, 0x1B, 0x3C, 0x73, 0x73, 0x65,
    0x73, 0x73, 0x1B, 0x73, 0x4E, 0x1B, 0x3C, 0x73, 0x5C, 0x5D, 0x73, 0x73, 0x1B, 0x73, 0x4E, 0x1B, 0x5C, 0x5C, 0x5D, 0x5D, 0x73, 0x73, 0x1B, 0x73, 0x5C, 0x5C, 0x5C, 0x5C, 0x5C, 0x5D, 0x73, 0x73,
    0x65, 0x65, 0x65, 0x65, 0x65, 0x65, 0x65, 0x73, 0x65, 0x65, 0x65, 0x65, 0x65, 0x65, 0x65, 0x65, 0x65, 0x65, 0x65, 0x65, 0x65, 0x65, 0x65, 0x65, 0x65, 0x65, 0x65, 0x65, 0x65, 0x65, 0x65, 0x65,
    0x73, 0x73, 0x73, 0x65, 0x65, 0x65, 0x65, 0x65, 0x3C, 0x73, 0x73, 0x73, 0x73, 0x73, 0x73, 0x73, 0x4E, 0x1B, 0x73, 0x73, 0x73, 0x73, 0x73, 0x73, 0x1B, 0x73, 0x4E, 0x1B, 0x73, 0x73, 0x73, 0x4E,
    0x73, 0x73, 0x73, 0x73, 0x73, 0x4E, 0x3C, 0x3C, 0x73, 0x73, 0x73, 0x73, 0x4E, 0x3C, 0x3C, 0x3C, 0x65, 0x73, 0x73, 0x73, 0x1B, 0x1B, 0x3C, 0x3C, 0x65, 0x73, 0x73, 0x1B, 0x1B, 0x1B, 0x1B, 0x3C,
    0x73, 0x73, 0x3C, 0x1B, 0x1B, 0x1B, 0x3C, 0x4E, 0x73, 0x4E, 0x3C, 0x3C, 0x1B, 0x3C, 0x4E, 0x73, 0x4E, 0x4E, 0x3C, 0x3C, 0x3C, 0x4E, 0x73, 0x50, 0x4E, 0x4E, 0x4E, 0x3C, 0x4E, 0x73, 0x50, 0x50,
    0x3C, 0x3C, 0x4E, 0x73, 0x50, 0x50, 0x50, 0x50, 0x3C, 0x3C, 0x4E, 0x73, 0x50, 0x50, 0x50, 0x50, 0x3C, 0x4E, 0x73, 0x50, 0x50, 0x50, 0x50, 0x50, 0x4E, 0x73, 0x50, 0x50, 0x50, 0x50, 0x50, 0x50,
    0x73, 0x50, 0x50, 0x50, 0x50, 0x50, 0x50, 0x50, 0x50, 0x50, 0x50, 0x50, 0x50, 0x50, 0x50, 0x50, 0x50, 0x50, 0x50, 0x50, 0x50, 0x50, 0x50, 0x50, 0x50, 0x50, 0x50, 0x50, 0x50, 0x50, 0x50, 0x50,
    0x50, 0x50, 0x50, 0x50, 0x50, 0x55, 0x01, 0x73, 0x50, 0x50, 0x50, 0x50, 0x50, 0x55, 0x01, 0x01, 0x50, 0x50, 0x50, 0x50, 0x50, 0x50, 0x55, 0x01, 0x50, 0x50, 0x50, 0x50, 0x50, 0x50, 0x55, 0x01,
    0x50, 0x50, 0x50, 0x50, 0x50, 0x50, 0x50, 0x55, 0x50, 0x50, 0x50, 0x50, 0x50, 0x50, 0x50, 0x55, 0x50, 0x50, 0x50, 0x50, 0x50, 0x50, 0x55, 0x01, 0x50, 0x50, 0x50, 0x50, 0x50, 0x50, 0x55, 0x01,
    0x01, 0x01, 0x73, 0x73, 0x73, 0x73, 0x73, 0x73, 0x73, 0x01, 0x01, 0x73, 0x73, 0x73, 0x73, 0x05, 0x73, 0x01, 0x01, 0x01, 0x01, 0x73, 0x73, 0x0D, 0x01, 0x73, 0x01, 0x01, 0x01, 0x01, 0x73, 0x73,
    0x01, 0x73, 0x01, 0x01, 0x01, 0x01, 0x73, 0x73, 0x01, 0x73, 0x73, 0x01, 0x01, 0x01, 0x01, 0x73, 0x01, 0x73, 0x55, 0x73, 0x01, 0x01, 0x01, 0x01, 0x73, 0x55, 0x55, 0x55, 0x73, 0x01, 0x01, 0x01,
    0x73, 0x66, 0x66, 0x37, 0x37, 0x2E, 0x2E, 0x2E, 0x05, 0x73, 0x73, 0x73, 0x73, 0x73, 0x66, 0x37, 0x05, 0x05, 0x05, 0x05, 0x05, 0x05, 0x73, 0x73, 0x3D, 0x0D, 0x05, 0x05, 0x05, 0x05, 0x0D, 0x3D,
    0x73, 0x17, 0x3D, 0x0D, 0x0D, 0x3D, 0x17, 0x17, 0x73, 0x73, 0x17, 0x17, 0x17, 0x17, 0x17, 0x3D, 0x73, 0x73, 0x51, 0x51, 0x51, 0x51, 0x51, 0x51, 0x01, 0x73, 0x73, 0x55, 0x55, 0x55, 0x55, 0x55,
    0x0A, 0x0A, 0x0A, 0x0A, 0x0A, 0x0A, 0x2E, 0x37, 0x37, 0x2E, 0x2E, 0x0A, 0x0A, 0x0A, 0x2E, 0x2E, 0x73, 0x66, 0x37, 0x37, 0x2E, 0x2E, 0x2E, 0x66, 0x17, 0x73, 0x73, 0x66, 0x37, 0x37, 0x66, 0x66,
    0x17, 0x17, 0x17, 0x73, 0x73, 0x66, 0x66, 0x73, 0x3D, 0x3D, 0x51, 0x51, 0x4E, 0x73, 0x73, 0x4B, 0x4E, 0x4E, 0x4E, 0x55, 0x73, 0x73, 0x4B, 0x4B, 0x55, 0x55, 0x73, 0x73, 0x73, 0x73, 0x4B, 0x4B,
    0x66, 0x73, 0x73, 0x4B, 0x1C, 0x1C, 0x1C, 0x06, 0x66, 0x73, 0x4B, 0x1C, 0x1C, 0x1C, 0x06, 0x06, 0x66, 0x73, 0x1C, 0x1C, 0x1C, 0x06, 0x06, 0x06, 0x73, 0x4B, 0x1C, 0x1C, 0x1C, 0x06, 0x06, 0x06,
    0x4B, 0x1C, 0x1C, 0x1C, 0x1C, 0x1C, 0x06, 0x06, 0x4B, 0x1C, 0x1C, 0x1C, 0x1C, 0x1C, 0x06, 0x06, 0x4B, 0x4B, 0x1C, 0x1C, 0x1C, 0x1C, 0x1C, 0x1C, 0x4B, 0x4B, 0x4B, 0x1C, 0x1C, 0x1C, 0x1C, 0x1C,
    0x06, 0x06, 0x1C, 0x1C, 0x4B, 0x4B, 0x73, 0x38, 0x06, 0x06, 0x06, 0x1C, 0x1C, 0x1C, 0x4B, 0x73, 0x06, 0x06, 0x06, 0x06, 0x1C, 0x1C, 0x1C, 0x4B, 0x06, 0x06, 0x06, 0x06, 0x1C, 0x1C, 0x1C, 0x4B,
    0x06, 0x06, 0x06, 0x06, 0x1C, 0x4B, 0x73, 0x73, 0x06, 0x06, 0x06, 0x1C, 0x4B, 0x73, 0x38, 0x38, 0x06, 0x06, 0x1C, 0x4B, 0x73, 0x2F, 0x2F, 0x38, 0x1C, 0x1C, 0x73, 0x73, 0x2F, 0x2F, 0x38, 0x73,
    0x38, 0x38, 0x2F, 0x2F, 0x2F, 0x0B, 0x0B, 0x0B, 0x73, 0x38, 0x38, 0x38, 0x2F, 0x2F, 0x0B, 0x0B, 0x4B, 0x73, 0x73, 0x38, 0x38, 0x38, 0x38, 0x38, 0x73, 0x4E, 0x4E, 0x73, 0x73, 0x73, 0x73, 0x73,
    0x73, 0x4E, 0x4E, 0x4E, 0x4E, 0x73, 0x4B, 0x4B, 0x73, 0x4E, 0x1B, 0x4E, 0x73, 0x1C, 0x1C, 0x1C, 0x73, 0x1B, 0x4E, 0x73, 0x4B, 0x1C, 0x1C, 0x1C, 0x1B, 0x4E, 0x73, 0x4B, 0x1C, 0x06, 0x06, 0x06,
    0x0B, 0x0B, 0x2F, 0x2F, 0x2F, 0x38, 0x38, 0x73, 0x0B, 0x2F, 0x2F, 0x38, 0x38, 0x38, 0x38, 0x73, 0x73, 0x73, 0x73, 0x73, 0x73, 0x73, 0x73, 0x73, 0x73, 0x73, 0x73, 0x38, 0x38, 0x38, 0x73, 0x73,
    0x4B, 0x4B, 0x4B, 0x73, 0x73, 0x73, 0x73, 0x73, 0x1C, 0x1C, 0x1C, 0x1C, 0x4B, 0x4B, 0x4B, 0x73, 0x1C, 0x1C, 0x1C, 0x1C, 0x1C, 0x4B, 0x73, 0x65, 0x1C, 0x1C, 0x1C, 0x1C, 0x4B, 0x73, 0x65, 0x6A,
    0x38, 0x38, 0x2F, 0x0B, 0x0B, 0x2F, 0x2F, 0x2F, 0x38, 0x38, 0x38, 0x38, 0x38, 0x38, 0x38, 0x38, 0x73, 0x73, 0x73, 0x73, 0x73, 0x73, 0x73, 0x73, 0x38, 0x38, 0x38, 0x73, 0x73, 0x73, 0x73, 0x38,
    0x73, 0x73, 0x73, 0x65, 0x65, 0x65, 0x65, 0x73, 0x65, 0x6A, 0x65, 0x65, 0x65, 0x65, 0x65, 0x65, 0x6A, 0x6A, 0x6A, 0x65, 0x65, 0x65, 0x65, 0x73, 0x6A, 0x6A, 0x6A, 0x6A, 0x65, 0x73, 0x73, 0x4B,
    0x2F, 0x2F, 0x38, 0x73, 0x38, 0x38, 0x2F, 0x2F, 0x2F, 0x2F, 0x38, 0x73, 0x38, 0x38, 0x38, 0x38, 0x73, 0x73, 0x73, 0x73, 0x73, 0x73, 0x73, 0x73, 0x38, 0x38, 0x73, 0x73, 0x38, 0x38, 0x38, 0x38,
    0x73, 0x38, 0x38, 0x73, 0x38, 0x38, 0x38, 0x38, 0x65, 0x73, 0x73, 0x73, 0x73, 0x73, 0x73, 0x73, 0x73, 0x65, 0x65, 0x73, 0x73, 0x73, 0x4F, 0x4F, 0x4B, 0x73, 0x73, 0x73, 0x73, 0x73, 0x55, 0x4F,
    0x2F, 0x2F, 0x0B, 0x0B, 0x0B, 0x0B, 0x0B, 0x0B, 0x2F, 0x2F, 0x2F, 0x0B, 0x0B, 0x0B, 0x0B, 0x0B, 0x73, 0x73, 0x38, 0x38, 0x38, 0x2F, 0x2F, 0x2F, 0x38, 0x38, 0x73, 0x73, 0x73, 0x73, 0x73, 0x73,
    0x38, 0x38, 0x38, 0x38, 0x38, 0x38, 0x38, 0x38, 0x73, 0x73, 0x73, 0x73, 0x73, 0x73, 0x73, 0x38, 0x4F, 0x55, 0x73, 0x73, 0x73, 0x73, 0x73, 0x73, 0x4F, 0x4F, 0x55, 0x73, 0x73, 0x73, 0x73, 0x73,
    0x0B, 0x0B, 0x0B, 0x0B, 0x0B, 0x0B, 0x0B, 0x2F, 0x0B, 0x0B, 0x0B, 0x0B, 0x0B, 0x0B, 0x0B, 0x0B, 0x0B, 0x0B, 0x0B, 0x0B, 0x0B, 0x0B, 0x0B, 0x0B, 0x73, 0x73, 0x73, 0x38, 0x38, 0x2F, 0x2F, 0x0B,
    0x38, 0x38, 0x38, 0x73, 0x73, 0x73, 0x73, 0x73, 0x38, 0x38, 0x38, 0x38, 0x38, 0x38, 0x38, 0x38, 0x73, 0x73, 0x73, 0x73, 0x73, 0x73, 0x73, 0x73, 0x55, 0x55, 0x55, 0x4F, 0x4F, 0x4F, 0x4F, 0x4F,
    0x38, 0x2F, 0x0B, 0x2F, 0x73, 0x73, 0x73, 0x2F, 0x2F, 0x0B, 0x0B, 0x38, 0x73, 0x73, 0x73, 0x38, 0x2F, 0x0B, 0x0B, 0x0B, 0x38, 0x38, 0x38, 0x0B, 0x0B, 0x0B, 0x0B, 0x0B, 0x0B, 0x0B, 0x0B, 0x0B,
    0x73, 0x2F, 0x0B, 0x0B, 0x0B, 0x0B, 0x2F, 0x2F, 0x73, 0x2F, 0x0B, 0x0B, 0x0B, 0x0B, 0x0B, 0x38, 0x73, 0x2F, 0x0B, 0x0B, 0x0B, 0x0B, 0x0B, 0x2F, 0x73, 0x2F, 0x0B, 0x0B, 0x0B, 0x0B, 0x0B, 0x2F,
    0x0B, 0x2F, 0x38, 0x73, 0x73, 0x73, 0x43, 0x0D, 0x0B, 0x2F, 0x38, 0x73, 0x73, 0x73, 0x73, 0x43, 0x0B, 0x2F, 0x38, 0x73, 0x55, 0x73, 0x73, 0x73, 0x2F, 0x2F, 0x73, 0x2A, 0x4F, 0x55, 0x73, 0x73,
    0x2F, 0x73, 0x73, 0x73, 0x2A, 0x4F, 0x55, 0x73, 0x38, 0x73, 0x4E, 0x1B, 0x73, 0x73, 0x73, 0x73, 0x38, 0x73, 0x1B, 0x73, 0x4E, 0x3C, 0x1B, 0x3C, 0x38, 0x73, 0x73, 0x4E, 0x1B, 0x1B, 0x73, 0x4E,
    0x0D, 0x0D, 0x0D, 0x05, 0x05, 0x0D, 0x0D, 0x43, 0x0D, 0x05, 0x05, 0x05, 0x05, 0x05, 0x0D, 0x0D, 0x43, 0x0D, 0x05, 0x05, 0x05, 0x05, 0x05, 0x0D, 0x73, 0x43, 0x0D, 0x05, 0x05, 0x05, 0x05, 0x05,
    0x73, 0x73, 0x43, 0x0D, 0x05, 0x05, 0x05, 0x05, 0x73, 0x73, 0x73, 0x43, 0x0D, 0x05, 0x05, 0x05, 0x73, 0x73, 0x73, 0x73, 0x43, 0x0D, 0x05, 0x05, 0x3C, 0x1B, 0x3C, 0x73, 0x73, 0x73, 0x0D, 0x05,
    0x73, 0x73, 0x73, 0x57, 0x54, 0x2B, 0x2B, 0x2B, 0x43, 0x73, 0x73, 0x73, 0x57, 0x54, 0x2B, 0x2B, 0x0D, 0x43, 0x73, 0x73, 0x73, 0x57, 0x54, 0x2B, 0x0D, 0x0D, 0x43, 0x73, 0x73, 0x73, 0x57, 0x54,
    0x05, 0x0D, 0x0D, 0x43, 0x73, 0x73, 0x73, 0x57, 0x05, 0x05, 0x0D, 0x0D, 0x43, 0x73, 0x73, 0x73, 0x05, 0x05, 0x05, 0x0D, 0x0D, 0x43, 0x73, 0x73, 0x05, 0x05, 0x05, 0x05, 0x0D, 0x0D, 0x43, 0x43,
    0x2B, 0x54, 0x57, 0x73, 0x73, 0x73, 0x73, 0x6F, 0x2B, 0x2B, 0x54, 0x57, 0x73, 0x73, 0x73, 0x73, 0x2B, 0x2B, 0x2B, 0x54, 0x57, 0x73, 0x73, 0x73, 0x2B, 0x2B, 0x2B, 0x2B, 0x54, 0x57, 0x73, 0x73,
    0x54, 0x2B, 0x2B, 0x2B, 0x2B, 0x54, 0x57, 0x73, 0x73, 0x54, 0x2B, 0x2B, 0x2B, 0x2B, 0x54, 0x57, 0x73, 0x73, 0x73, 0x73, 0x73, 0x73, 0x73, 0x73, 0x73, 0x4E, 0x3C, 0x1B, 0x1B, 0x1B, 0x54, 0x4E,
    0x6F, 0x6F, 0x6F, 0x6F, 0x6F, 0x6F, 0x6F, 0x6F, 0x6F, 0x6F, 0x6F, 0x6F, 0x6F, 0x6F, 0x6F, 0x6F, 0x73, 0x6F, 0x6F, 0x6F, 0x6F, 0x6F, 0x6F, 0x6F, 0x73, 0x73, 0x6F, 0x6F, 0x6F, 0x6F, 0x6F, 0x6F,
    0x73, 0x73, 0x73, 0x6F, 0x6F, 0x6F, 0x6F, 0x6F, 0x73, 0x73, 0x73, 0x73, 0x6F, 0x6F, 0x6F, 0x6F, 0x57, 0x73, 0x73, 0x73, 0x73, 0x6F, 0x6F, 0x6F, 0x73, 0x57, 0x73, 0x73, 0x73, 0x73, 0x6F, 0x6F,
    0x6F, 0x6F, 0x6F, 0x6F, 0x6F, 0x6F, 0x6F, 0x6F, 0x6F, 0x6F, 0x6F, 0x6F, 0x6F, 0x6F, 0x6F, 0x6F, 0x6F, 0x6F, 0x6F, 0x6F, 0x6F, 0x6F, 0x6F, 0x6F, 0x6F, 0x6F, 0x6F, 0x6F, 0x6F, 0x6F, 0x6F, 0x6F,
    0x6F, 0x6F, 0x6F, 0x6F, 0x6F, 0x6F, 0x6F, 0x6F, 0x6F, 0x6F, 0x6F, 0x6F, 0x6F, 0x6F, 0x6F, 0x6F, 0x6F, 0x6F, 0x6F, 0x6F, 0x6F, 0x6F, 0x6F, 0x6F, 0x6F, 0x6F, 0x6F, 0x6F, 0x6F, 0x6F, 0x6F, 0x6F,
    0x6F, 0x6F, 0x6F, 0x6F, 0x6F, 0x6F, 0x6F, 0x6F, 0x6F, 0x6F, 0x6F, 0x6F, 0x6F, 0x6F, 0x6F, 0x6F, 0x6F, 0x6F, 0x6F, 0x6F, 0x6F, 0x6F, 0x6F, 0x6F, 0x6F, 0x6F, 0x6F, 0x6F, 0x6F, 0x6F, 0x6F, 0x6F,
    0x6F, 0x6F, 0x6F, 0x6F, 0x6F, 0x6F, 0x6F, 0x6F, 0x6F, 0x6F, 0x6F, 0x6F, 0x6F, 0x6F, 0x6F, 0x6F, 0x6F, 0x6F, 0x6F, 0x6F, 0x6F, 0x6F, 0x6F, 0x6F, 0x6F, 0x6F, 0x6F, 0x6F, 0x6F, 0x6F, 0x6F, 0x6F,
    0x6F, 0x6F, 0x6F, 0x6F, 0x6F, 0x6F, 0x6F, 0x6F, 0x6F, 0x6F, 0x6F, 0x6F, 0x6F, 0x6F, 0x6F, 0x6F, 0x6F, 0x6F, 0x6F, 0x6F, 0x6F, 0x6F, 0x6F, 0x6F, 0x6F, 0x6F, 0x6F, 0x6F, 0x6F, 0x6F, 0x6F, 0x6F,
    0x6F, 0x6F, 0x6F, 0x6F, 0x6F, 0x6F, 0x6F, 0x6F, 0x6F, 0x6F, 0x6F, 0x6F, 0x6F, 0x6F, 0x6F, 0x6F, 0x6F, 0x6F, 0x6F, 0x6F, 0x6F, 0x6F, 0x6F, 0x6F, 0x6F, 0x6F, 0x6F, 0x6F, 0x6F, 0x6F, 0x6F, 0x6F,
    0x6F, 0x6F, 0x6F, 0x6F, 0x6F, 0x6F, 0x6F, 0x6F, 0x6F, 0x6F, 0x6F, 0x6F, 0x6F, 0x6F, 0x6F, 0x6F, 0x6F, 0x6F, 0x6F, 0x6F, 0x6F, 0x6F, 0x6F, 0x6F, 0x6F, 0x6F, 0x6F, 0x6F, 0x6F, 0x6F, 0x6F, 0x6F,
    0x6F, 0x6F, 0x6F, 0x6F, 0x6F, 0x6F, 0x6F, 0x6F, 0x6F, 0x6F, 0x6F, 0x6F, 0x6F, 0x6F, 0x6F, 0x6F, 0x6F, 0x6F, 0x6F, 0x6F, 0x6F, 0x6F, 0x6F, 0x6F, 0x6F, 0x6F, 0x6F, 0x6F, 0x6F, 0x6F, 0x6F, 0x6F,
    0x6F, 0x6F, 0x6F, 0x6F, 0x6F, 0x6F, 0x6F, 0x6F, 0x6F, 0x6F, 0x6F, 0x6F, 0x6F, 0x6F, 0x6F, 0x6F, 0x6F, 0x6F, 0x6F, 0x6F, 0x6F, 0x6F, 0x6F, 0x6F, 0x6F, 0x6F, 0x6F, 0x6F, 0x6F, 0x6F, 0x6F, 0x6F,
    0x6F, 0x6F, 0x6F, 0x6F, 0x6F, 0x6F, 0x6F, 0x6F, 0x6F, 0x6F, 0x6F, 0x6F, 0x6F, 0x6F, 0x6F, 0x6F, 0x6F, 0x6F, 0x6F, 0x6F, 0x6F, 0x6F, 0x6F, 0x6F, 0x6F, 0x6F, 0x6F, 0x6F, 0x6F, 0x6F, 0x6F, 0x6F,
    0x6F, 0x6F, 0x6F, 0x6F, 0x6F, 0x6F, 0x6F, 0x6F, 0x6F, 0x6F, 0x6F, 0x6F, 0x6F, 0x6F, 0x6F, 0x6F, 0x6F, 0x6F, 0x6F, 0x6F, 0x6F, 0x6F, 0x6F, 0x6F, 0x6F, 0x6F, 0x6F, 0x6F, 0x6F, 0x6F, 0x6F, 0x73,
    0x6F, 0x6F, 0x6F, 0x6F, 0x6F, 0x6F, 0x73, 0x73, 0x6F, 0x6F, 0x6F, 0x6F, 0x6F, 0x6F, 0x73, 0x73, 0x6F, 0x6F, 0x6F, 0x6F, 0x6F, 0x73, 0x73, 0x73, 0x6F, 0x6F, 0x6F, 0x6F, 0x73, 0x73, 0x73, 0x73,
    0x6F, 0x6F, 0x73, 0x73, 0x73, 0x57, 0x54, 0x2B, 0x6F, 0x73, 0x73, 0x73, 0x73, 0x54, 0x2B, 0x2B, 0x73, 0x73, 0x73, 0x73, 0x57, 0x2B, 0x2B, 0x2B, 0x73, 0x73, 0x73, 0x57, 0x54, 0x2B, 0x2B, 0x2B,
    0x73, 0x73, 0x57, 0x54, 0x2B, 0x2B, 0x2B, 0x2B, 0x73, 0x57, 0x54, 0x2B, 0x2B, 0x2B, 0x2B, 0x54, 0x73, 0x54, 0x2B, 0x2B, 0x2B, 0x2B, 0x54, 0x57, 0x57, 0x2B, 0x2B, 0x2B, 0x2B, 0x54, 0x57, 0x73,
    0x2B, 0x2B, 0x2B, 0x54, 0x57, 0x73, 0x73, 0x73, 0x2B, 0x2B, 0x54, 0x57, 0x73, 0x73, 0x73, 0x43, 0x2B, 0x54, 0x57, 0x73, 0x73, 0x73, 0x43, 0x0D, 0x54, 0x57, 0x73, 0x73, 0x73, 0x43, 0x0D, 0x0D,
    0x57, 0x73, 0x73, 0x73, 0x43, 0x0D, 0x0D, 0x05, 0x73, 0x73, 0x73, 0x43, 0x0D, 0x0D, 0x05, 0x05, 0x73, 0x73, 0x43, 0x0D, 0x0D, 0x05, 0x05, 0x05, 0x73, 0x43, 0x0D, 0x0D, 0x05, 0x05, 0x05, 0x05,
    0x43, 0x0D, 0x0D, 0x05, 0x05, 0x05, 0x05, 0x05, 0x0D, 0x0D, 0x05, 0x05, 0x05, 0x05, 0x05, 0x0D, 0x0D, 0x05, 0x05, 0x05, 0x05, 0x05, 0x0D, 0x43, 0x05, 0x05, 0x05, 0x05, 0x05, 0x0D, 0x43, 0x73,
    0x05, 0x05, 0x05, 0x05, 0x0D, 0x43, 0x73, 0x73, 0x05, 0x05, 0x05, 0x0D, 0x43, 0x73, 0x73, 0x73, 0x05, 0x05, 0x0D, 0x43, 0x73, 0x73, 0x73, 0x55, 0x05, 0x05, 0x43, 0x73, 0x73, 0x73, 0x55, 0x4F,
    0x0D, 0x43, 0x73, 0x73, 0x73, 0x55, 0x4F, 0x4F, 0x43, 0x73, 0x73, 0x73, 0x55, 0x4F, 0x4F, 0x4F, 0x73, 0x73, 0x73, 0x55, 0x4F, 0x4F, 0x4F, 0x4F, 0x73, 0x73, 0x55, 0x4F, 0x4F, 0x4F, 0x4F, 0x4F,
    0x73, 0x55, 0x4F, 0x4F, 0x4F, 0x4F, 0x4F, 0x4F, 0x55, 0x4F, 0x4F, 0x4F, 0x4F, 0x4F, 0x4F, 0x4F, 0x4F, 0x4F, 0x4F, 0x4F, 0x4F, 0x4F, 0x4F, 0x4F, 0x4F, 0x4F, 0x4F, 0x4F, 0x4F, 0x4F, 0x4F, 0x4F,
    0x4F, 0x4F, 0x2A, 0x2A, 0x2A, 0x2A, 0x2A, 0x2A, 0x4F, 0x4F, 0x4F, 0x2A, 0x2A, 0x2A, 0x2A, 0x2A, 0x4F, 0x4F, 0x4F, 0x2A, 0x2A, 0x2A, 0x2A, 0x2A, 0x4F, 0x4F, 0x4F, 0x2A, 0x2A, 0x2A, 0x2A, 0x2A,
    0x4F, 0x4F, 0x4F, 0x2A, 0x2A, 0x2A, 0x2A, 0x2A, 0x4F, 0x4F, 0x4F, 0x2A, 0x2A, 0x2A, 0x2A, 0x2A, 0x4F, 0x4F, 0x4F, 0x4F, 0x2A, 0x2A, 0x2A, 0x2A, 0x4F, 0x4F, 0x4F, 0x4F, 0x2A, 0x2A, 0x2A, 0x2A,
    0x2A, 0x2A, 0x2A, 0x2A, 0x4F, 0x4F, 0x4F, 0x4F, 0x2A, 0x2A, 0x2A, 0x2A, 0x2A, 0x4F, 0x4F, 0x4F, 0x2A, 0x2A, 0x2A, 0x2A, 0x2A, 0x4F, 0x4F, 0x4F, 0x2A, 0x2A, 0x2A, 0x2A, 0x2A, 0x4F, 0x4F, 0x4F,
    0x2A, 0x2A, 0x2A, 0x2A, 0x2A, 0x4F, 0x4F, 0x4F, 0x2A, 0x2A, 0x2A, 0x2A, 0x2A, 0x4F, 0x4F, 0x4F, 0x2A, 0x2A, 0x2A, 0x2A, 0x2A, 0x4F, 0x4F, 0x55, 0x2A, 0x2A, 0x2A, 0x2A, 0x2A, 0x4F, 0x55, 0x73,
    0x4F, 0x4F, 0x4F, 0x4F, 0x4F, 0x4F, 0x55, 0x73, 0x4F, 0x4F, 0x4F, 0x4F, 0x4F, 0x55, 0x73, 0x73, 0x4F, 0x4F, 0x4F, 0x4F, 0x55, 0x73, 0x73, 0x73, 0x4F, 0x4F, 0x4F, 0x55, 0x73, 0x73, 0x73, 0x55,
    0x4F, 0x4F, 0x55, 0x73, 0x73, 0x73, 0x55, 0x4F, 0x4F, 0x55, 0x73, 0x73, 0x73, 0x55, 0x4F, 0x4F, 0x73, 0x73, 0x73, 0x73, 0x55, 0x4F, 0x4F, 0x4F, 0x73, 0x73, 0x73, 0x55, 0x4F, 0x4F, 0x55, 0x55,
    0x73, 0x73, 0x73, 0x55, 0x4F, 0x4F, 0x4F, 0x4F, 0x73, 0x73, 0x55, 0x4F, 0x4F, 0x4F, 0x4F, 0x4F, 0x55, 0x4F, 0x4F, 0x4F, 0x4F, 0x4F, 0x4F, 0x4F, 0x4F, 0x4F, 0x4F, 0x4F, 0x4F, 0x4F, 0x4F, 0x4F,
    0x4F, 0x4F, 0x4F, 0x4F, 0x4F, 0x4F, 0x4F, 0x4F, 0x4F, 0x4F, 0x4F, 0x4F, 0x4F, 0x4F, 0x4F, 0x4F, 0x4F, 0x4F, 0x4F, 0x4F, 0x4F, 0x4F, 0x4F, 0x4F, 0x55, 0x55, 0x55, 0x55, 0x55, 0x55, 0x55, 0x55,
    0x4F, 0x55, 0x73, 0x73, 0x55, 0x51, 0x3D, 0x4E, 0x4F, 0x55, 0x73, 0x73, 0x55, 0x51, 0x4E, 0x73, 0x4F, 0x55, 0x73, 0x73, 0x55, 0x51, 0x73, 0x73, 0x4F, 0x55, 0x73, 0x73, 0x55, 0x51, 0x73, 0x73,
    0x4F, 0x55, 0x73, 0x73, 0x55, 0x4E, 0x73, 0x73, 0x4F, 0x4F, 0x73, 0x73, 0x55, 0x73, 0x73, 0x4E, 0x4F, 0x4F, 0x55, 0x73, 0x73, 0x73, 0x73, 0x01, 0x4F, 0x4F, 0x55, 0x73, 0x73, 0x73, 0x4E, 0x01,
    0x73, 0x73, 0x01, 0x01, 0x01, 0x4E, 0x73, 0x4F, 0x73, 0x4E, 0x01, 0x01, 0x4E, 0x73, 0x4F, 0x4F, 0x73, 0x01, 0x01, 0x01, 0x73, 0x4F, 0x4F, 0x4F, 0x4E, 0x01, 0x01, 0x4E, 0x73, 0x4F, 0x4F, 0x4F,
    0x01, 0x01, 0x01, 0x73, 0x4F, 0x4F, 0x4F, 0x01, 0x01, 0x01, 0x4E, 0x73, 0x4F, 0x4F, 0x4F, 0x4F, 0x01, 0x01, 0x4E, 0x73, 0x4F, 0x4F, 0x4F, 0x4F, 0x01, 0x01, 0x73, 0x4F, 0x4F, 0x4F, 0x4F, 0x4F,
    0x4F, 0x4F, 0x73, 0x4E, 0x01, 0x55, 0x50, 0x50, 0x4F, 0x4F, 0x4F, 0x73, 0x01, 0x55, 0x50, 0x50, 0x4F, 0x4F, 0x4F, 0x73, 0x4E, 0x01, 0x55, 0x50, 0x4F, 0x4F, 0x01, 0x01, 0x73, 0x4E, 0x01, 0x55,
    0x01, 0x01, 0x01, 0x01, 0x01, 0x73, 0x4E, 0x01, 0x01, 0x01, 0x01, 0x01, 0x01, 0x4F, 0x73, 0x4E, 0x01, 0x01, 0x01, 0x01, 0x4F, 0x4F, 0x4F, 0x73, 0x4F, 0x01, 0x01, 0x01, 0x4F, 0x4F, 0x4F, 0x4F,
    0x50, 0x50, 0x50, 0x0D, 0x05, 0x05, 0x05, 0x01, 0x50, 0x50, 0x50, 0x50, 0x0D, 0x05, 0x05, 0x05, 0x50, 0x50, 0x50, 0x50, 0x50, 0x0D, 0x05, 0x05, 0x50, 0x50, 0x50, 0x50, 0x50, 0x50, 0x0D, 0x0D,
    0x55, 0x55, 0x50, 0x50, 0x50, 0x50, 0x50, 0x50, 0x01, 0x01, 0x55, 0x50, 0x50, 0x50, 0x50, 0x50, 0x73, 0x4E, 0x01, 0x55, 0x55, 0x55, 0x50, 0x50, 0x4F, 0x73, 0x4E, 0x01, 0x01, 0x01, 0x55, 0x55,
    0x01, 0x01, 0x01, 0x05, 0x43, 0x43, 0x0D, 0x0D, 0x05, 0x05, 0x05, 0x05, 0x43, 0x43, 0x43, 0x43, 0x05, 0x05, 0x05, 0x05, 0x05, 0x43, 0x43, 0x05, 0x0D, 0x0D, 0x0D, 0x0D, 0x0D, 0x0D, 0x0D, 0x05,
    0x50, 0x50, 0x50, 0x50, 0x50, 0x50, 0x50, 0x0D, 0x50, 0x50, 0x50, 0x50, 0x50, 0x50, 0x50, 0x0D, 0x50, 0x50, 0x50, 0x50, 0x50, 0x50, 0x0D, 0x01, 0x50, 0x50, 0x50, 0x50, 0x50, 0x50, 0x0D, 0x0D,
    0x43, 0x05, 0x0D, 0x05, 0x01, 0x01, 0x01, 0x01, 0x05, 0x05, 0x0D, 0x01, 0x0D, 0x0D, 0x0D, 0x0D, 0x01, 0x01, 0x0D, 0x05, 0x05, 0x05, 0x0D, 0x05, 0x01, 0x01, 0x01, 0x05, 0x01, 0x05, 0x0D, 0x05,
    0x05, 0x01, 0x01, 0x01, 0x01, 0x01, 0x05, 0x0D, 0x01, 0x05, 0x05, 0x01, 0x01, 0x01, 0x01, 0x05, 0x0D, 0x05, 0x01, 0x05, 0x01, 0x01, 0x01, 0x01, 0x50, 0x0D, 0x01, 0x0D, 0x01, 0x05, 0x01, 0x01,
    0x01, 0x01, 0x01, 0x01, 0x01, 0x01, 0x01, 0x01, 0x0D, 0x0D, 0x0D, 0x0D, 0x0D, 0x05, 0x05, 0x01, 0x05, 0x01, 0x01, 0x01, 0x05, 0x0D, 0x0D, 0x0D, 0x01, 0x01, 0x01, 0x01, 0x01, 0x01, 0x05, 0x0D,
    0x43, 0x43, 0x05, 0x01, 0x01, 0x01, 0x01, 0x05, 0x0D, 0x43, 0x43, 0x43, 0x05, 0x01, 0x01, 0x05, 0x05, 0x0D, 0x43, 0x43, 0x43, 0x05, 0x05, 0x0D, 0x01, 0x01, 0x05, 0x05, 0x0D, 0x0D, 0x0D, 0x0D,
    0x05, 0x0D, 0x05, 0x0D, 0x0D, 0x0D, 0x05, 0x01, 0x01, 0x05, 0x0D, 0x43, 0x05, 0x01, 0x01, 0x05, 0x0D, 0x0D, 0x43, 0x05, 0x01, 0x01, 0x05, 0x01, 0x05, 0x05, 0x0D, 0x01, 0x01, 0x01, 0x01, 0x01,
    0x0D, 0x0D, 0x05, 0x01, 0x01, 0x01, 0x01, 0x05, 0x0D, 0x05, 0x01, 0x01, 0x01, 0x01, 0x05, 0x05, 0x05, 0x01, 0x01, 0x01, 0x05, 0x0D, 0x05, 0x01, 0x01, 0x01, 0x01, 0x05, 0x0D, 0x05, 0x01, 0x0D,
    0x05, 0x05, 0x01, 0x73, 0x73, 0x01, 0x0D, 0x50, 0x05, 0x01, 0x01, 0x05, 0x01, 0x0D, 0x50, 0x50, 0x01, 0x01, 0x05, 0x01, 0x0D, 0x43, 0x50, 0x50, 0x01, 0x05, 0x01, 0x0D, 0x0D, 0x0D, 0x0D, 0x50,
    0x05, 0x01, 0x0D, 0x05, 0x01, 0x05, 0x05, 0x0D, 0x01, 0x0D, 0x05, 0x05, 0x01, 0x01, 0x01, 0x01, 0x0D, 0x05, 0x05, 0x05, 0x01, 0x01, 0x01, 0x01, 0x43, 0x0D, 0x05, 0x01, 0x01, 0x01, 0x01, 0x01,
    0x50, 0x50, 0x50, 0x50, 0x50, 0x50, 0x50, 0x50, 0x50, 0x50, 0x50, 0x50, 0x50, 0x50, 0x50, 0x50, 0x50, 0x50, 0x50, 0x50, 0x50, 0x50, 0x50, 0x50, 0x50, 0x50, 0x50, 0x50, 0x50, 0x50, 0x50, 0x50,
    0x0D, 0x0D, 0x50, 0x50, 0x50, 0x50, 0x50, 0x50, 0x01, 0x05, 0x0D, 0x0D, 0x0D, 0x50, 0x50, 0x50, 0x01, 0x01, 0x01, 0x05, 0x05, 0x55, 0x55, 0x55, 0x01, 0x05, 0x05, 0x55, 0x55, 0x01, 0x01, 0x01,
    0x50, 0x50, 0x50, 0x50, 0x50, 0x73, 0x6B, 0x6B, 0x50, 0x50, 0x50, 0x50, 0x73, 0x6B, 0x6B, 0x73, 0x50, 0x50, 0x50, 0x73, 0x6B, 0x73, 0x73, 0x73, 0x50, 0x50, 0x50, 0x73, 0x73, 0x01, 0x73, 0x4F,
    0x50, 0x55, 0x73, 0x73, 0x01, 0x73, 0x50, 0x73, 0x55, 0x73, 0x01, 0x01, 0x73, 0x50, 0x73, 0x4E, 0x01, 0x01, 0x73, 0x73, 0x50, 0x73, 0x4E, 0x01, 0x4E, 0x73, 0x4F, 0x4F, 0x73, 0x4E, 0x01, 0x55,
    0x73, 0x73, 0x4F, 0x4F, 0x4F, 0x4F, 0x4F, 0x73, 0x4F, 0x4F, 0x4F, 0x4F, 0x4F, 0x73, 0x73, 0x4E, 0x4F, 0x4F, 0x73, 0x73, 0x73, 0x4E, 0x01, 0x01, 0x4F, 0x73, 0x4E, 0x01, 0x01, 0x01, 0x55, 0x55,
    0x73, 0x4E, 0x01, 0x55, 0x55, 0x55, 0x50, 0x50, 0x01, 0x01, 0x55, 0x50, 0x50, 0x50, 0x50, 0x50, 0x55, 0x55, 0x50, 0x50, 0x50, 0x50, 0x50, 0x50, 0x50, 0x50, 0x50, 0x50, 0x50, 0x50, 0x50, 0x50,
    0x73, 0x73, 0x4E, 0x01, 0x01, 0x01, 0x55, 0x73, 0x01, 0x01, 0x01, 0x55, 0x55, 0x55, 0x50, 0x50, 0x55, 0x55, 0x55, 0x50, 0x50, 0x50, 0x50, 0x50, 0x50, 0x50, 0x50, 0x50, 0x50, 0x50, 0x0D, 0x0D,
    0x50, 0x50, 0x50, 0x50, 0x0D, 0x0D, 0x05, 0x01, 0x50, 0x50, 0x50, 0x0D, 0x05, 0x01, 0x01, 0x01, 0x50, 0x50, 0x0D, 0x05, 0x01, 0x01, 0x01, 0x01, 0x50, 0x50, 0x0D, 0x01, 0x01, 0x01, 0x01, 0x01,
    0x6B, 0x66, 0x73, 0x55, 0x55, 0x55, 0x50, 0x50, 0x73, 0x6B, 0x73, 0x0D, 0x0D, 0x0D, 0x0D, 0x0D, 0x0D, 0x73, 0x73, 0x05, 0x05, 0x01, 0x01, 0x01, 0x05, 0x01, 0x73, 0x01, 0x01, 0x01, 0x01, 0x01,
    0x01, 0x01, 0x01, 0x01, 0x01, 0x01, 0x01, 0x01, 0x01, 0x01, 0x01, 0x01, 0x01, 0x01, 0x01, 0x01, 0x01, 0x01, 0x01, 0x01, 0x01, 0x01, 0x01, 0x01, 0x01, 0x01, 0x01, 0x01, 0x01, 0x01, 0x01, 0x01,
    0x50, 0x0D, 0x0D, 0x73, 0x73, 0x0D, 0x0D, 0x0D, 0x0D, 0x05, 0x05, 0x05, 0x05, 0x73, 0x05, 0x05, 0x01, 0x01, 0x01, 0x01, 0x01, 0x01, 0x01, 0x01, 0x01, 0x01, 0x01, 0x01, 0x01, 0x01, 0x01, 0x01,
    0x01, 0x01, 0x01, 0x01, 0x01, 0x01, 0x01, 0x01, 0x01, 0x01, 0x01, 0x01, 0x01, 0x01, 0x01, 0x01, 0x01, 0x01, 0x01, 0x01, 0x01, 0x01, 0x01, 0x01, 0x01, 0x01, 0x01, 0x01, 0x01, 0x01, 0x01, 0x01,
    0x0D, 0x0D, 0x50, 0x50, 0x50, 0x55, 0x55, 0x55, 0x05, 0x05, 0x0D, 0x0D, 0x0D, 0x0D, 0x0D, 0x50, 0x01, 0x01, 0x01, 0x01, 0x01, 0x05, 0x05, 0x0D, 0x01, 0x01, 0x01, 0x01, 0x01, 0x01, 0x01, 0x01,
    0x01, 0x01, 0x01, 0x01, 0x01, 0x01, 0x01, 0x01, 0x01, 0x01, 0x01, 0x01, 0x05, 0x05, 0x05, 0x01, 0x01, 0x05, 0x0D, 0x0D, 0x0D, 0x0D, 0x0D, 0x0D, 0x01, 0x01, 0x01, 0x05, 0x05, 0x0D, 0x05, 0x05,
    0x55, 0x55, 0x55, 0x55, 0x55, 0x01, 0x01, 0x01, 0x50, 0x50, 0x50, 0x50, 0x50, 0x55, 0x55, 0x55, 0x0D, 0x50, 0x50, 0x50, 0x50, 0x50, 0x50, 0x50, 0x05, 0x0D, 0x0D, 0x50, 0x50, 0x50, 0x50, 0x50,
    0x01, 0x01, 0x05, 0x0D, 0x50, 0x50, 0x50, 0x50, 0x01, 0x01, 0x01, 0x05, 0x0D, 0x0D, 0x50, 0x50, 0x0D, 0x01, 0x01, 0x01, 0x01, 0x05, 0x0D, 0x50, 0x05, 0x0D, 0x05, 0x01, 0x01, 0x01, 0x05, 0x0D,
    0x4E, 0x73, 0x73, 0x73, 0x4F, 0x4F, 0x4F, 0x73, 0x01, 0x01, 0x01, 0x4E, 0x73, 0x73, 0x73, 0x4E, 0x55, 0x55, 0x55, 0x01, 0x01, 0x73, 0x4E, 0x4E, 0x50, 0x50, 0x50, 0x55, 0x55, 0x01, 0x73, 0x73,
    0x50, 0x50, 0x50, 0x50, 0x50, 0x55, 0x55, 0x55, 0x50, 0x50, 0x50, 0x50, 0x50, 0x50, 0x50, 0x50, 0x50, 0x50, 0x50, 0x50, 0x50, 0x50, 0x50, 0x50, 0x50, 0x50, 0x50, 0x50, 0x50, 0x50, 0x50, 0x50,
    0x73, 0x4B, 0x4B, 0x4B, 0x4B, 0x4B, 0x4B, 0x4B, 0x4E, 0x73, 0x73, 0x4B, 0x4B, 0x4B, 0x4B, 0x4B, 0x4E, 0x4E, 0x4E, 0x73, 0x73, 0x73, 0x73, 0x73, 0x4E, 0x4E, 0x4E, 0x3C, 0x3C, 0x3C, 0x3C, 0x3C,
    0x73, 0x73, 0x73, 0x73, 0x4E, 0x4E, 0x3C, 0x3C, 0x55, 0x01, 0x01, 0x4E, 0x73, 0x73, 0x73, 0x73, 0x50, 0x55, 0x55, 0x01, 0x4E, 0x73, 0x4F, 0x73, 0x50, 0x50, 0x50, 0x55, 0x01, 0x4E, 0x73, 0x4F,
    0x4B, 0x4B, 0x4B, 0x4B, 0x4B, 0x4B, 0x4B, 0x4B, 0x4B, 0x4B, 0x4B, 0x4B, 0x4B, 0x4B, 0x4B, 0x4B, 0x73, 0x73, 0x73, 0x73, 0x73, 0x73, 0x73, 0x73, 0x3C, 0x3C, 0x3C, 0x3C, 0x3C, 0x3C, 0x3C, 0x4E,
    0x3C, 0x3C, 0x3C, 0x3C, 0x3C, 0x3C, 0x4E, 0x4E, 0x73, 0x73, 0x73, 0x73, 0x73, 0x73, 0x73, 0x73, 0x73, 0x01, 0x73, 0x66, 0x66, 0x66, 0x66, 0x37, 0x4F, 0x73, 0x01, 0x73, 0x66, 0x37, 0x2E, 0x2E,
    0x4B, 0x4B, 0x4B, 0x73, 0x73, 0x73, 0x4F, 0x4F, 0x73, 0x73, 0x73, 0x4E, 0x4E, 0x73, 0x4F, 0x4F, 0x4E, 0x4E, 0x4E, 0x4E, 0x4E, 0x73, 0x73, 0x4F, 0x4E, 0x4E, 0x4E, 0x73, 0x73, 0x4F, 0x4F, 0x4F,
    0x73, 0x73, 0x73, 0x73, 0x4F, 0x4F, 0x4F, 0x4F, 0x66, 0x66, 0x66, 0x66, 0x73, 0x4F, 0x4F, 0x4F, 0x37, 0x37, 0x37, 0x37, 0x66, 0x73, 0x4F, 0x4F, 0x2E, 0x2E, 0x37, 0x37, 0x37, 0x66, 0x73, 0x4F,
    0x73, 0x73, 0x5D, 0x5D, 0x5D, 0x5D, 0x5D, 0x5C, 0x4F, 0x4F, 0x73, 0x5D, 0x5D, 0x5D, 0x5D, 0x5D, 0x4F, 0x4F, 0x4F, 0x73, 0x5D, 0x5D, 0x5D, 0x5D, 0x4F, 0x4F, 0x4F, 0x4F, 0x73, 0x5D, 0x5D, 0x5D,
    0x4F, 0x4F, 0x4F, 0x4F, 0x4F, 0x73, 0x5D, 0x5D, 0x4F, 0x4F, 0x4F, 0x4F, 0x4F, 0x4F, 0x73, 0x5D, 0x4F, 0x4F, 0x4F, 0x4F, 0x4F, 0x73, 0x73, 0x73, 0x4F, 0x4F, 0x4F, 0x73, 0x73, 0x65, 0x65, 0x65,
    0x5C, 0x5C, 0x5C, 0x5C, 0x5C, 0x5C, 0x5D, 0x5D, 0x5D, 0x5C, 0x5C, 0x5C, 0x5C, 0x5C, 0x5C, 0x5D, 0x5D, 0x5D, 0x5D, 0x5C, 0x5C, 0x5C, 0x5C, 0x5C, 0x5D, 0x5D, 0x5D, 0x5D, 0x5C, 0x5D, 0x5D, 0x5D,
    0x5D, 0x5D, 0x5D, 0x5D, 0x5D, 0x5D, 0x5D, 0x5D, 0x5D, 0x5D, 0x5D, 0x5D, 0x5D, 0x5D, 0x73, 0x73, 0x73, 0x73, 0x73, 0x73, 0x73, 0x73, 0x73, 0x73, 0x65, 0x65, 0x65, 0x65, 0x65, 0x65, 0x65, 0x65,
    0x73, 0x73, 0x1B, 0x73, 0x4E, 0x1B, 0x73, 0x73, 0x5D, 0x5D, 0x73, 0x73, 0x1B, 0x73, 0x4E, 0x1B, 0x5D, 0x5D, 0x5D, 0x5D, 0x73, 0x73, 0x1B, 0x4E, 0x5D, 0x5D, 0x5D, 0x5D, 0x5D, 0x73, 0x73, 0x73,
    0x5D, 0x5D, 0x5D, 0x5D, 0x5D, 0x73, 0x73, 0x73, 0x73, 0x73, 0x73, 0x73, 0x73, 0x73, 0x73, 0x73, 0x73, 0x73, 0x73, 0x73, 0x73, 0x73, 0x73, 0x73, 0x65, 0x65, 0x65, 0x65, 0x73, 0x65, 0x73, 0x4E,
    0x4E, 0x4E, 0x4E, 0x4E, 0x73, 0x50, 0x50, 0x50, 0x73, 0x4E, 0x4E, 0x73, 0x73, 0x73, 0x73, 0x73, 0x73, 0x73, 0x73, 0x73, 0x65, 0x65, 0x65, 0x65, 0x73, 0x73, 0x73, 0x73, 0x65, 0x65, 0x65, 0x65,
    0x73, 0x73, 0x73, 0x73, 0x65, 0x65, 0x65, 0x65, 0x73, 0x73, 0x73, 0x73, 0x73, 0x65, 0x65, 0x65, 0x73, 0x73, 0x73, 0x73, 0x73, 0x65, 0x65, 0x65, 0x4E, 0x4E, 0x73, 0x73, 0x73, 0x73, 0x73, 0x73,
    0x50, 0x50, 0x73, 0x73, 0x73, 0x73, 0x73, 0x73, 0x73, 0x73, 0x65, 0x65, 0x65, 0x65, 0x65, 0x65, 0x65, 0x65, 0x65, 0x65, 0x65, 0x65, 0x65, 0x65, 0x65, 0x65, 0x65, 0x65, 0x65, 0x65, 0x65, 0x73,
    0x65, 0x65, 0x65, 0x65, 0x73, 0x73, 0x73, 0x73, 0x65, 0x65, 0x65, 0x65, 0x65, 0x65, 0x65, 0x65, 0x73, 0x73, 0x73, 0x73, 0x73, 0x73, 0x73, 0x73, 0x5D, 0x5D, 0x5D, 0x5D, 0x5D, 0x5D, 0x5D, 0x5D,
    0x73, 0x73, 0x73, 0x73, 0x50, 0x55, 0x01, 0x01, 0x65, 0x73, 0x73, 0x73, 0x73, 0x73, 0x01, 0x73, 0x73, 0x73, 0x73, 0x73, 0x73, 0x73, 0x73, 0x73, 0x73, 0x73, 0x73, 0x73, 0x73, 0x73, 0x73, 0x73,
    0x65, 0x65, 0x65, 0x65, 0x65, 0x73, 0x73, 0x73, 0x73, 0x73, 0x73, 0x73, 0x73, 0x65, 0x65, 0x73, 0x5D, 0x5D, 0x5D, 0x5D, 0x5D, 0x73, 0x73, 0x65, 0x5D, 0x5D, 0x5D, 0x5D, 0x5D, 0x5D, 0x5D, 0x73,
    0x73, 0x55, 0x55, 0x55, 0x73, 0x01, 0x01, 0x01, 0x55, 0x55, 0x55, 0x55, 0x55, 0x73, 0x01, 0x01, 0x55, 0x55, 0x55, 0x55, 0x55, 0x55, 0x73, 0x01, 0x01, 0x55, 0x55, 0x55, 0x55, 0x55, 0x73, 0x01,
    0x73, 0x01, 0x01, 0x01, 0x55, 0x55, 0x55, 0x73, 0x73, 0x01, 0x01, 0x55, 0x55, 0x55, 0x55, 0x73, 0x73, 0x01, 0x01, 0x55, 0x55, 0x55, 0x55, 0x73, 0x73, 0x01, 0x55, 0x55, 0x55, 0x55, 0x55, 0x55,
    0x01, 0x73, 0x73, 0x73, 0x73, 0x73, 0x73, 0x73, 0x01, 0x01, 0x73, 0x73, 0x73, 0x73, 0x73, 0x73, 0x01, 0x01, 0x73, 0x73, 0x73, 0x73, 0x55, 0x55, 0x01, 0x01, 0x01, 0x73, 0x73, 0x73, 0x73, 0x73,
    0x01, 0x01, 0x01, 0x73, 0x73, 0x73, 0x73, 0x73, 0x01, 0x01, 0x01, 0x01, 0x73, 0x73, 0x5B, 0x73, 0x01, 0x01, 0x01, 0x01, 0x73, 0x73, 0x5B, 0x32, 0x73, 0x01, 0x01, 0x01, 0x01, 0x73, 0x73, 0x32,
    0x73, 0x73, 0x73, 0x73, 0x73, 0x4B, 0x4B, 0x4B, 0x73, 0x55, 0x55, 0x55, 0x73, 0x4B, 0x4B, 0x4B, 0x55, 0x55, 0x4F, 0x2A, 0x2A, 0x73, 0x73, 0x73, 0x55, 0x55, 0x55, 0x4F, 0x2A, 0x2A, 0x2A, 0x2A,
    0x73, 0x73, 0x73, 0x55, 0x4F, 0x4F, 0x2A, 0x2A, 0x73, 0x73, 0x73, 0x73, 0x73, 0x55, 0x55, 0x4F, 0x32, 0x5B, 0x73, 0x73, 0x73, 0x73, 0x73, 0x73, 0x32, 0x32, 0x32, 0x5B, 0x73, 0x73, 0x73, 0x73,
    0x4B, 0x4B, 0x4B, 0x4B, 0x4B, 0x1C, 0x1C, 0x1C, 0x4B, 0x4B, 0x4B, 0x4B, 0x4B, 0x4B, 0x4B, 0x4B, 0x73, 0x4B, 0x4B, 0x4B, 0x4B, 0x4B, 0x4B, 0x73, 0x2A, 0x73, 0x73, 0x73, 0x73, 0x4B, 0x4B, 0x73,
    0x2A, 0x2A, 0x4F, 0x73, 0x73, 0x73, 0x73, 0x73, 0x2A, 0x2A, 0x4F, 0x73, 0x73, 0x38, 0x38, 0x38, 0x55, 0x4F, 0x4F, 0x55, 0x73, 0x38, 0x38, 0x38, 0x73, 0x73, 0x55, 0x55, 0x73, 0x38, 0x2F, 0x2F,
    0x4B, 0x73, 0x2F, 0x2F, 0x38, 0x73, 0x73, 0x1B, 0x73, 0x38, 0x2F, 0x38, 0x73, 0x4E, 0x1B, 0x73, 0x73, 0x38, 0x38, 0x73, 0x4E, 0x1B, 0x73, 0x4B, 0x4E, 0x73, 0x73, 0x4E, 0x1B, 0x73, 0x4B, 0x1C,
    0x4E, 0x4E, 0x1B, 0x1B, 0x73, 0x4B, 0x4B, 0x1C, 0x73, 0x73, 0x4E, 0x73, 0x4B, 0x4B, 0x1C, 0x1C, 0x38, 0x38, 0x73, 0x4B, 0x4B, 0x4B, 0x4B, 0x1C, 0x38, 0x38, 0x38, 0x73, 0x73, 0x4B, 0x4B, 0x4B,
    0x4E, 0x73, 0x4B, 0x06, 0x06, 0x06, 0x06, 0x1C, 0x73, 0x1C, 0x06, 0x06, 0x06, 0x1C, 0x4B, 0x4B, 0x1C, 0x06, 0x06, 0x06, 0x4B, 0x73, 0x73, 0x73, 0x1C, 0x06, 0x06, 0x4B, 0x73, 0x4E, 0x4E, 0x4E,
    0x1C, 0x1C, 0x4B, 0x73, 0x4E, 0x4E, 0x1B, 0x1B, 0x1C, 0x1C, 0x73, 0x4E, 0x4E, 0x1B, 0x4E, 0x4E, 0x1C, 0x4B, 0x73, 0x4E, 0x4E, 0x1B, 0x4E, 0x3C, 0x4B, 0x4B, 0x73, 0x4E, 0x4E, 0x4E, 0x4E, 0x3C,
    0x1C, 0x4B, 0x4B, 0x4B, 0x73, 0x65, 0x65, 0x65, 0x73, 0x73, 0x73, 0x73, 0x73, 0x73, 0x73, 0x73, 0x4E, 0x3C, 0x4E, 0x1B, 0x3C, 0x4E, 0x4E, 0x3C, 0x3C, 0x3C, 0x1B, 0x3C, 0x4E, 0x3C, 0x1B, 0x4E,
    0x4E, 0x4E, 0x4E, 0x4E, 0x4E, 0x4E, 0x4E, 0x1B, 0x3C, 0x1B, 0x1B, 0x1B, 0x1B, 0x3C, 0x3C, 0x4E, 0x1B, 0x4E, 0x4E, 0x4E, 0x4E, 0x1B, 0x3C, 0x4E, 0x3C, 0x1B, 0x1B, 0x1B, 0x1B, 0x4E, 0x4E, 0x3C,
    0x6A, 0x6A, 0x65, 0x73, 0x73, 0x4B, 0x1C, 0x1C, 0x73, 0x65, 0x73, 0x4B, 0x4B, 0x1C, 0x1C, 0x1C, 0x4E, 0x73, 0x73, 0x4B, 0x1C, 0x1C, 0x1C, 0x1C, 0x4E, 0x3C, 0x4E, 0x73, 0x1C, 0x06, 0x06, 0x1C,
    0x3C, 0x4E, 0x3C, 0x73, 0x4B, 0x06, 0x06, 0x06, 0x4E, 0x4E, 0x3C, 0x4E, 0x73, 0x1C, 0x06, 0x06, 0x3C, 0x1B, 0x1B, 0x4E, 0x73, 0x1C, 0x06, 0x06, 0x4E, 0x1B, 0x3C, 0x73, 0x4B, 0x1C, 0x06, 0x06,
    0x1C, 0x1C, 0x4B, 0x4B, 0x73, 0x73, 0x55, 0x4F, 0x1C, 0x1C, 0x1C, 0x4B, 0x4B, 0x4B, 0x73, 0x4F, 0x1C, 0x1C, 0x1C, 0x1C, 0x4B, 0x73, 0x73, 0x73, 0x1C, 0x1C, 0x1C, 0x1C, 0x73, 0x66, 0x2E, 0x2E,
    0x06, 0x1C, 0x1C, 0x4B, 0x73, 0x66, 0x37, 0x37, 0x06, 0x1C, 0x4B, 0x73, 0x73, 0x73, 0x73, 0x73, 0x06, 0x1C, 0x73, 0x66, 0x66, 0x2E, 0x2E, 0x66, 0x1C, 0x4B, 0x73, 0x66, 0x37, 0x37, 0x37, 0x66,
    0x4F, 0x4F, 0x4F, 0x4F, 0x55, 0x73, 0x73, 0x73, 0x4F, 0x4F, 0x4F, 0x4F, 0x4F, 0x55, 0x73, 0x73, 0x73, 0x73, 0x73, 0x4F, 0x4F, 0x4F, 0x4F, 0x55, 0x37, 0x66, 0x73, 0x4F, 0x4F, 0x4F, 0x4F, 0x4F,
    0x37, 0x66, 0x73, 0x4F, 0x4F, 0x4F, 0x4F, 0x4F, 0x73, 0x73, 0x4F, 0x4F, 0x4F, 0x4F, 0x4F, 0x4F, 0x73, 0x4F, 0x4F, 0x4F, 0x4F, 0x4F, 0x4F, 0x4F, 0x73, 0x55, 0x55, 0x55, 0x55, 0x55, 0x55, 0x55,
    0x73, 0x55, 0x4F, 0x4F, 0x4F, 0x4F, 0x4F, 0x4F, 0x73, 0x73, 0x55, 0x4F, 0x4F, 0x4F, 0x4F, 0x73, 0x73, 0x73, 0x73, 0x55, 0x4F, 0x4F, 0x4F, 0x73, 0x55, 0x73, 0x73, 0x73, 0x55, 0x4F, 0x4F, 0x73,
    0x4F, 0x55, 0x73, 0x73, 0x73, 0x55, 0x4F, 0x73, 0x4F, 0x4F, 0x55, 0x73, 0x73, 0x73, 0x55, 0x73, 0x4F, 0x4F, 0x4F, 0x55, 0x73, 0x73, 0x73, 0x73, 0x55, 0x55, 0x4F, 0x4F, 0x55, 0x73, 0x73, 0x73,
    0x73, 0x2F, 0x0B, 0x0B, 0x0B, 0x0B, 0x0B, 0x2F, 0x38, 0x2F, 0x0B, 0x0B, 0x0B, 0x0B, 0x0B, 0x38, 0x38, 0x2F, 0x0B, 0x0B, 0x0B, 0x0B, 0x0B, 0x38, 0x38, 0x2F, 0x0B, 0x0B, 0x0B, 0x0B, 0x0B, 0x38,
    0x38, 0x2F, 0x0B, 0x0B, 0x0B, 0x0B, 0x2F, 0x38, 0x38, 0x2F, 0x0B, 0x0B, 0x0B, 0x0B, 0x2F, 0x38, 0x38, 0x2F, 0x0B, 0x0B, 0x0B, 0x0B, 0x2F, 0x73, 0x38, 0x0B, 0x0B, 0x0B, 0x0B, 0x0B, 0x2F, 0x73,
    0x73, 0x2A, 0x2A, 0x73, 0x73, 0x73, 0x4E, 0x1B, 0x73, 0x2A, 0x2A, 0x2A, 0x2A, 0x4F, 0x73, 0x73, 0x73, 0x2A, 0x2A, 0x2A, 0x2A, 0x4F, 0x4F, 0x4F, 0x73, 0x2A, 0x2A, 0x2A, 0x2A, 0x4F, 0x4F, 0x4F,
    0x73, 0x2A, 0x2A, 0x2A, 0x2A, 0x4F, 0x4F, 0x4F, 0x73, 0x2A, 0x2A, 0x2A, 0x2A, 0x4F, 0x4F, 0x4F, 0x2A, 0x2A, 0x2A, 0x2A, 0x4F, 0x4F, 0x4F, 0x4F, 0x2A, 0x2A, 0x2A, 0x2A, 0x4F, 0x4F, 0x4F, 0x4F,
    0x1B, 0x73, 0x4E, 0x3C, 0x1B, 0x3C, 0x73, 0x73, 0x73, 0x4E, 0x1B, 0x1B, 0x73, 0x4E, 0x3C, 0x1B, 0x4F, 0x73, 0x73, 0x73, 0x4E, 0x1B, 0x1B, 0x73, 0x4F, 0x4F, 0x4F, 0x4F, 0x73, 0x73, 0x73, 0x4E,
    0x4F, 0x4F, 0x4F, 0x4F, 0x4F, 0x4F, 0x55, 0x73, 0x4F, 0x4F, 0x4F, 0x4F, 0x73, 0x73, 0x73, 0x73, 0x4F, 0x4F, 0x4F, 0x73, 0x4E, 0x4E, 0x3C, 0x3C, 0x4F, 0x4F, 0x4F, 0x73, 0x4E, 0x3C, 0x1B, 0x1B,
    0x73, 0x05, 0x05, 0x05, 0x05, 0x0D, 0x0D, 0x73, 0x3C, 0x73, 0x73, 0x05, 0x05, 0x05, 0x0D, 0x73, 0x4E, 0x3C, 0x1B, 0x73, 0x05, 0x73, 0x73, 0x73, 0x1B, 0x1B, 0x4E, 0x73, 0x73, 0x4E, 0x3C, 0x3C,
    0x73, 0x4E, 0x4E, 0x73, 0x4E, 0x3C, 0x1B, 0x1B, 0x73, 0x4E, 0x73, 0x4E, 0x3C, 0x1B, 0x1B, 0x1B, 0x4E, 0x73, 0x73, 0x4E, 0x3C, 0x1B, 0x1B, 0x1B, 0x1B, 0x1B, 0x3C, 0x3C, 0x3C, 0x3C, 0x1B, 0x1B,
    0x4E, 0x3C, 0x1B, 0x1B, 0x1B, 0x1B, 0x1B, 0x54, 0x4E, 0x3C, 0x1B, 0x1B, 0x1B, 0x1B, 0x1B, 0x3C, 0x73, 0x4E, 0x4E, 0x3C, 0x3C, 0x3C, 0x3C, 0x4E, 0x1B, 0x1B, 0x1B, 0x1B, 0x1B, 0x3C, 0x4E, 0x4E,
    0x1B, 0x1B, 0x1B, 0x1B, 0x1B, 0x1B, 0x1B, 0x1B, 0x1B, 0x1B, 0x1B, 0x1B, 0x1B, 0x1B, 0x1B, 0x1B, 0x1B, 0x1B, 0x1B, 0x1B, 0x1B, 0x1B, 0x1B, 0x1B, 0x1B, 0x1B, 0x1B, 0x1B, 0x1B, 0x1B, 0x1B, 0x1B,
    0x4E, 0x73, 0x57, 0x73, 0x73, 0x73, 0x6F, 0x6F, 0x4E, 0x73, 0x54, 0x73, 0x73, 0x73, 0x73, 0x6F, 0x73, 0x2B, 0x2B, 0x57, 0x73, 0x73, 0x73, 0x73, 0x73, 0x73, 0x2B, 0x54, 0x57, 0x73, 0x73, 0x73,
    0x3C, 0x4E, 0x73, 0x73, 0x54, 0x57, 0x73, 0x73, 0x1B, 0x3C, 0x54, 0x4E, 0x73, 0x54, 0x57, 0x73, 0x1B, 0x1B, 0x3C, 0x54, 0x4E, 0x73, 0x54, 0x73, 0x1B, 0x1B, 0x3C, 0x3C, 0x4E, 0x73, 0x2B, 0x57,
    0x6F, 0x6F, 0x6F, 0x6F, 0x6F, 0x6F, 0x6F, 0x6F, 0x6F, 0x6F, 0x6F, 0x6F, 0x6F, 0x6F, 0x6F, 0x6F, 0x6F, 0x6F, 0x6F, 0x6F, 0x6F, 0x6F, 0x6F, 0x6F, 0x73, 0x6F, 0x6F, 0x6F, 0x6F, 0x6F, 0x6F, 0x6F,
    0x73, 0x73, 0x6F, 0x6F, 0x6F, 0x6F, 0x6F, 0x6F, 0x73, 0x73, 0x6F, 0x6F, 0x6F, 0x6F, 0x6F, 0x6F, 0x73, 0x73, 0x73, 0x6F, 0x6F, 0x6F, 0x6F, 0x6F, 0x73, 0x73, 0x73, 0x73, 0x6F, 0x6F, 0x6F, 0x6F,
    0x6F, 0x6F, 0x6F, 0x6F, 0x6F, 0x6F, 0x6F, 0x6F, 0x6F, 0x6F, 0x6F, 0x6F, 0x6F, 0x6F, 0x6F, 0x6F, 0x6F, 0x6F, 0x6F, 0x6F, 0x6F, 0x6F, 0x6F, 0x6F, 0x6F, 0x6F, 0x6F, 0x6F, 0x6F, 0x6F, 0x6F, 0x6F,
    0x6F, 0x6F, 0x6F, 0x6F, 0x6F, 0x6F, 0x6F, 0x6F, 0x6F, 0x6F, 0x6F, 0x6F, 0x6F, 0x6F, 0x6F, 0x6F, 0x6F, 0x6F, 0x6F, 0x6F, 0x6F, 0x6F, 0x6F, 0x6F, 0x6F, 0x6F, 0x6F, 0x6F, 0x6F, 0x6F, 0x6F, 0x6F,
    0x6F, 0x6F, 0x6F, 0x6F, 0x6F, 0x6F, 0x6F, 0x6F, 0x6F, 0x6F, 0x6F, 0x6F, 0x6F, 0x6F, 0x6F, 0x6F, 0x6F, 0x6F, 0x6F, 0x6F, 0x6F, 0x6F, 0x6F, 0x6F, 0x6F, 0x6F, 0x6F, 0x6F, 0x6F, 0x6F, 0x6F, 0x6F,
    0x6F, 0x6F, 0x6F, 0x6F, 0x6F, 0x6F, 0x6F, 0x6F, 0x6F, 0x6F, 0x6F, 0x6F, 0x6F, 0x6F, 0x6F, 0x6F, 0x6F, 0x6F, 0x6F, 0x6F, 0x6F, 0x6F, 0x6F, 0x6F, 0x6F, 0x6F, 0x6F, 0x6F, 0x6F, 0x6F, 0x6F, 0x6F,
    0x6F, 0x6F, 0x6F, 0x6F, 0x6F, 0x6F, 0x6F, 0x6F, 0x6F, 0x6F, 0x6F, 0x6F, 0x6F, 0x6F, 0x6F, 0x6F, 0x6F, 0x6F, 0x6F, 0x6F, 0x6F, 0x6F, 0x6F, 0x6F, 0x6F, 0x6F, 0x6F, 0x6F, 0x6F, 0x6F, 0x6F, 0x6F,
    0x6F, 0x6F, 0x6F, 0x6F, 0x6F, 0x6F, 0x6F, 0x6F, 0x6F, 0x6F, 0x6F, 0x6F, 0x6F, 0x6F, 0x6F, 0x6F, 0x6F, 0x6F, 0x6F, 0x6F, 0x6F, 0x6F, 0x6F, 0x6F, 0x6F, 0x6F, 0x6F, 0x6F, 0x6F, 0x6F, 0x6F, 0x6F,
    0x6F, 0x6F, 0x6F, 0x6F, 0x6F, 0x6F, 0x6F, 0x6F, 0x6F, 0x6F, 0x6F, 0x6F, 0x6F, 0x6F, 0x6F, 0x6F, 0x6F, 0x6F, 0x6F, 0x6F, 0x6F, 0x6F, 0x6F, 0x6F, 0x6F, 0x6F, 0x6F, 0x6F, 0x6F, 0x6F, 0x6F, 0x6F,
    0x6F, 0x6F, 0x6F, 0x6F, 0x6F, 0x6F, 0x6F, 0x6F, 0x6F, 0x6F, 0x6F, 0x6F, 0x6F, 0x6F, 0x6F, 0x6F, 0x6F, 0x6F, 0x6F, 0x6F, 0x6F, 0x6F, 0x6F, 0x73, 0x6F, 0x6F, 0x6F, 0x6F, 0x6F, 0x6F, 0x73, 0x73,
    0x6F, 0x6F, 0x6F, 0x73, 0x73, 0x73, 0x73, 0x57, 0x6F, 0x6F, 0x73, 0x73, 0x73, 0x73, 0x57, 0x54, 0x6F, 0x6F, 0x73, 0x73, 0x73, 0x57, 0x54, 0x2B, 0x6F, 0x73, 0x73, 0x73, 0x73, 0x54, 0x2B, 0x2B,
    0x73, 0x73, 0x73, 0x73, 0x54, 0x2B, 0x2B, 0x2B, 0x73, 0x73, 0x73, 0x57, 0x2B, 0x2B, 0x2B, 0x2B, 0x73, 0x73, 0x73, 0x54, 0x2B, 0x2B, 0x2B, 0x2B, 0x73, 0x73, 0x54, 0x2B, 0x2B, 0x2B, 0x2B, 0x2B,
    0x54, 0x2B, 0x2B, 0x2B, 0x2B, 0x57, 0x73, 0x73, 0x2B, 0x2B, 0x2B, 0x2B, 0x54, 0x73, 0x73, 0x73, 0x2B, 0x2B, 0x2B, 0x54, 0x57, 0x73, 0x73, 0x43, 0x2B, 0x2B, 0x2B, 0x57, 0x73, 0x73, 0x43, 0x0D,
    0x2B, 0x2B, 0x54, 0x73, 0x73, 0x73, 0x0D, 0x0D, 0x2B, 0x54, 0x57, 0x73, 0x73, 0x43, 0x0D, 0x05, 0x2B, 0x57, 0x73, 0x73, 0x43, 0x0D, 0x05, 0x05, 0x54, 0x73, 0x73, 0x73, 0x0D, 0x0D, 0x05, 0x05,
    0x73, 0x0D, 0x0D, 0x05, 0x05, 0x05, 0x05, 0x05, 0x43, 0x0D, 0x05, 0x05, 0x05, 0x05, 0x05, 0x05, 0x0D, 0x0D, 0x05, 0x05, 0x05, 0x05, 0x05, 0x0D, 0x0D, 0x05, 0x05, 0x05, 0x05, 0x05, 0x05, 0x43,
    0x05, 0x05, 0x05, 0x05, 0x05, 0x05, 0x0D, 0x73, 0x05, 0x05, 0x05, 0x05, 0x05, 0x0D, 0x43, 0x73, 0x05, 0x05, 0x05, 0x05, 0x05, 0x43, 0x73, 0x73, 0x05, 0x05, 0x05, 0x05, 0x0D, 0x73, 0x73, 0x73,
    0x05, 0x0D, 0x73, 0x73, 0x73, 0x55, 0x4F, 0x4F, 0x0D, 0x43, 0x73, 0x73, 0x55, 0x4F, 0x4F, 0x4F, 0x43, 0x73, 0x73, 0x55, 0x4F, 0x4F, 0x4F, 0x4F, 0x73, 0x73, 0x73, 0x4F, 0x4F, 0x4F, 0x4F, 0x4F,
    0x73, 0x73, 0x55, 0x4F, 0x4F, 0x4F, 0x4F, 0x4F, 0x73, 0x55, 0x4F, 0x4F, 0x4F, 0x4F, 0x4F, 0x2A, 0x55, 0x4F, 0x4F, 0x4F, 0x2A, 0x2A, 0x2A, 0x2A, 0x4F, 0x4F, 0x2A, 0x2A, 0x2A, 0x2A, 0x2A, 0x2A,
    0x4F, 0x4F, 0x4F, 0x4F, 0x4F, 0x4F, 0x4F, 0x4F, 0x4F, 0x4F, 0x4F, 0x4F, 0x4F, 0x4F, 0x4F, 0x4F, 0x4F, 0x4F, 0x4F, 0x4F, 0x4F, 0x4F, 0x4F, 0x4F, 0x4F, 0x4F, 0x4F, 0x4F, 0x4F, 0x2A, 0x2A, 0x2A,
    0x4F, 0x4F, 0x2A, 0x2A, 0x2A, 0x2A, 0x2A, 0x2A, 0x2A, 0x2A, 0x2A, 0x2A, 0x2A, 0x2A, 0x2A, 0x2A, 0x2A, 0x2A, 0x2A, 0x2A, 0x2A, 0x2A, 0x2A, 0x2A, 0x2A, 0x2A, 0x2A, 0x2A, 0x2A, 0x2A, 0x2A, 0x2A,
    0x4F, 0x4F, 0x4F, 0x4F, 0x4F, 0x2A, 0x2A, 0x2A, 0x4F, 0x4F, 0x4F, 0x4F, 0x4F, 0x2A, 0x2A, 0x2A, 0x2A, 0x2A, 0x2A, 0x2A, 0x2A, 0x2A, 0x2A, 0x2A, 0x2A, 0x2A, 0x2A, 0x2A, 0x2A, 0x2A, 0x2A, 0x2A,
    0x2A, 0x2A, 0x2A, 0x2A, 0x2A, 0x2A, 0x2A, 0x2A, 0x2A, 0x2A, 0x2A, 0x2A, 0x2A, 0x2A, 0x2A, 0x2A, 0x2A, 0x2A, 0x2A, 0x2A, 0x2A, 0x2A, 0x2A, 0x2A, 0x2A, 0x2A, 0x2A, 0x2A, 0x2A, 0x2A, 0x4F, 0x55,
    0x2A, 0x2A, 0x2A, 0x2A, 0x4F, 0x55, 0x73, 0x73, 0x2A, 0x2A, 0x2A, 0x2A, 0x55, 0x73, 0x73, 0x73, 0x2A, 0x2A, 0x2A, 0x55, 0x73, 0x73, 0x73, 0x73, 0x2A, 0x2A, 0x2A, 0x73, 0x73, 0x73, 0x73, 0x73,
    0x2A, 0x2A, 0x55, 0x73, 0x73, 0x73, 0x73, 0x73, 0x2A, 0x55, 0x73, 0x73, 0x73, 0x55, 0x4E, 0x4E, 0x55, 0x73, 0x73, 0x73, 0x55, 0x4E, 0x51, 0x3D, 0x73, 0x73, 0x73, 0x55, 0x51, 0x3D, 0x17, 0x17,
    0x73, 0x55, 0x55, 0x55, 0x55, 0x73, 0x73, 0x73, 0x55, 0x73, 0x73, 0x73, 0x73, 0x73, 0x73, 0x73, 0x73, 0x73, 0x73, 0x73, 0x55, 0x55, 0x55, 0x55, 0x73, 0x73, 0x55, 0x4E, 0x4E, 0x4E, 0x51, 0x51,
    0x55, 0x4E, 0x51, 0x51, 0x3D, 0x3D, 0x17, 0x17, 0x51, 0x3D, 0x3D, 0x17, 0x17, 0x17, 0x17, 0x17, 0x17, 0x17, 0x17, 0x17, 0x17, 0x17, 0x17, 0x17, 0x17, 0x17, 0x17, 0x17, 0x17, 0x17, 0x17, 0x17,
    0x73, 0x73, 0x73, 0x73, 0x73, 0x73, 0x73, 0x73, 0x73, 0x73, 0x73, 0x73, 0x73, 0x73, 0x73, 0x73, 0x55, 0x55, 0x55, 0x55, 0x55, 0x55, 0x55, 0x55, 0x3D, 0x3D, 0x3D, 0x3D, 0x3D, 0x3D, 0x51, 0x51,
    0x17, 0x17, 0x17, 0x17, 0x17, 0x17, 0x3D, 0x0D, 0x17, 0x17, 0x17, 0x17, 0x17, 0x17, 0x3D, 0x05, 0x17, 0x17, 0x17, 0x17, 0x17, 0x17, 0x3D, 0x05, 0x17, 0x17, 0x17, 0x17, 0x17, 0x17, 0x3D, 0x0D,
    0x73, 0x73, 0x55, 0x73, 0x73, 0x73, 0x4E, 0x01, 0x73, 0x73, 0x73, 0x73, 0x73, 0x73, 0x01, 0x01, 0x55, 0x73, 0x73, 0x73, 0x73, 0x73, 0x01, 0x01, 0x4E, 0x4E, 0x4E, 0x55, 0x73, 0x73, 0x01, 0x01,
    0x3D, 0x3D, 0x3D, 0x4E, 0x73, 0x73, 0x01, 0x01, 0x0D, 0x3D, 0x17, 0x4E, 0x73, 0x73, 0x01, 0x01, 0x05, 0x0D, 0x3D, 0x4E, 0x73, 0x73, 0x01, 0x01, 0x05, 0x05, 0x0D, 0x3D, 0x73, 0x73, 0x01, 0x01,
    0x01, 0x4E, 0x73, 0x4F, 0x4F, 0x4F, 0x4F, 0x4F, 0x01, 0x4E, 0x73, 0x4F, 0x4F, 0x4F, 0x4F, 0x4F, 0x01, 0x73, 0x4F, 0x4F, 0x4F, 0x4F, 0x4F, 0x4F, 0x01, 0x73, 0x4F, 0x4F, 0x4F, 0x4F, 0x4F, 0x4F,
    0x4E, 0x73, 0x4F, 0x4F, 0x4F, 0x4F, 0x01, 0x01, 0x4E, 0x73, 0x4F, 0x4F, 0x01, 0x01, 0x01, 0x01, 0x4E, 0x73, 0x4F, 0x4F, 0x01, 0x01, 0x01, 0x01, 0x4E, 0x73, 0x4F, 0x4F, 0x4F, 0x4F, 0x01, 0x01,
    0x4F, 0x4F, 0x01, 0x4F, 0x4F, 0x4F, 0x4F, 0x4F, 0x4F, 0x4F, 0x01, 0x4F, 0x4F, 0x4F, 0x4F, 0x4F, 0x4F, 0x4F, 0x4F, 0x4F, 0x4F, 0x4F, 0x4F, 0x4F, 0x01, 0x01, 0x4F, 0x4F, 0x4F, 0x4F, 0x4F, 0x4F,
    0x01, 0x01, 0x4F, 0x4F, 0x4F, 0x4F, 0x4F, 0x4F, 0x01, 0x01, 0x4F, 0x4F, 0x4F, 0x4F, 0x4F, 0x4F, 0x01, 0x01, 0x4F, 0x4F, 0x4F, 0x4F, 0x4F, 0x4F, 0x01, 0x01, 0x4F, 0x4F, 0x4F, 0x4F, 0x4F, 0x4F,
    0x4F, 0x4F, 0x73, 0x73, 0x73, 0x4E, 0x01, 0x01, 0x4F, 0x4F, 0x4F, 0x4F, 0x4F, 0x73, 0x73, 0x4E, 0x4F, 0x4F, 0x4F, 0x4F, 0x4F, 0x4F, 0x4F, 0x73, 0x4F, 0x4F, 0x4F, 0x4F, 0x4F, 0x4F, 0x4F, 0x4F,
    0x4F, 0x4F, 0x4F, 0x4F, 0x4F, 0x4F, 0x4F, 0x4F, 0x4F, 0x4F, 0x4F, 0x4F, 0x4F, 0x4F, 0x4F, 0x4F, 0x4F, 0x4F, 0x4F, 0x4F, 0x4F, 0x4F, 0x4F, 0x4F, 0x4F, 0x4F, 0x4F, 0x4F, 0x4F, 0x4F, 0x4F, 0x4F,
    0x55, 0x55, 0x55, 0x50, 0x50, 0x50, 0x50, 0x50, 0x01, 0x01, 0x01, 0x55, 0x55, 0x55, 0x50, 0x50, 0x73, 0x73, 0x4E, 0x01, 0x01, 0x01, 0x55, 0x55, 0x4F, 0x4F, 0x73, 0x73, 0x73, 0x4E, 0x01, 0x01,
    0x4F, 0x4F, 0x4F, 0x4F, 0x4F, 0x73, 0x73, 0x73, 0x4F, 0x4F, 0x4F, 0x4F, 0x4F, 0x4F, 0x4F, 0x4F, 0x4F, 0x4F, 0x4F, 0x4F, 0x4F, 0x4F, 0x4F, 0x4F, 0x4F, 0x4F, 0x4F, 0x4F, 0x4F, 0x73, 0x73, 0x73,
    0x50, 0x50, 0x0D, 0x50, 0x0D, 0x0D, 0x05, 0x05, 0x50, 0x50, 0x50, 0x50, 0x50, 0x50, 0x0D, 0x0D, 0x55, 0x55, 0x55, 0x55, 0x55, 0x55, 0x50, 0x50, 0x01, 0x01, 0x01, 0x01, 0x01, 0x01, 0x55, 0x55,
    0x73, 0x73, 0x73, 0x73, 0x73, 0x4E, 0x01, 0x01, 0x4F, 0x4F, 0x4F, 0x4F, 0x4F, 0x73, 0x73, 0x73, 0x4F, 0x4F, 0x4F, 0x4F, 0x4F, 0x73, 0x73, 0x73, 0x73, 0x73, 0x73, 0x73, 0x73, 0x4E, 0x01, 0x01,
    0x01, 0x01, 0x01, 0x05, 0x05, 0x05, 0x3C, 0x05, 0x3C, 0x3C, 0x3C, 0x3C, 0x3C, 0x3C, 0x43, 0x3C, 0x50, 0x50, 0x50, 0x50, 0x50, 0x50, 0x50, 0x50, 0x55, 0x55, 0x55, 0x55, 0x55, 0x55, 0x55, 0x55,
    0x01, 0x01, 0x01, 0x01, 0x01, 0x01, 0x01, 0x01, 0x73, 0x73, 0x73, 0x73, 0x73, 0x73, 0x73, 0x73, 0x73, 0x73, 0x73, 0x73, 0x73, 0x73, 0x73, 0x73, 0x01, 0x01, 0x01, 0x01, 0x01, 0x01, 0x01, 0x01,
    0x05, 0x01, 0x0D, 0x0D, 0x05, 0x01, 0x0D, 0x50, 0x05, 0x05, 0x05, 0x05, 0x0D, 0x0D, 0x50, 0x50, 0x3C, 0x3C, 0x3C, 0x3C, 0x50, 0x55, 0x55, 0x55, 0x55, 0x55, 0x55, 0x55, 0x55, 0x01, 0x01, 0x01,
    0x01, 0x01, 0x01, 0x01, 0x01, 0x4E, 0x73, 0x73, 0x73, 0x73, 0x73, 0x73, 0x73, 0x73, 0x4F, 0x4F, 0x73, 0x73, 0x73, 0x73, 0x73, 0x73, 0x4F, 0x4F, 0x01, 0x01, 0x01, 0x01, 0x01, 0x4E, 0x73, 0x73,
    0x50, 0x50, 0x0D, 0x0D, 0x05, 0x05, 0x05, 0x05, 0x50, 0x50, 0x50, 0x50, 0x0D, 0x55, 0x55, 0x55, 0x55, 0x55, 0x55, 0x55, 0x55, 0x01, 0x01, 0x01, 0x01, 0x01, 0x01, 0x01, 0x01, 0x4E, 0x73, 0x73,
    0x73, 0x73, 0x73, 0x73, 0x73, 0x73, 0x4F, 0x4F, 0x4F, 0x4F, 0x4F, 0x4F, 0x4F, 0x4F, 0x4F, 0x4F, 0x4F, 0x4F, 0x4F, 0x4F, 0x4F, 0x4F, 0x4F, 0x4F, 0x73, 0x73, 0x73, 0x73, 0x73, 0x73, 0x4F, 0x4F,
    0x55, 0x55, 0x55, 0x01, 0x01, 0x4E, 0x73, 0x73, 0x01, 0x01, 0x01, 0x4E, 0x73, 0x73, 0x4F, 0x4F, 0x4E, 0x73, 0x73, 0x73, 0x4F, 0x4F, 0x4F, 0x4F, 0x73, 0x4F, 0x4F, 0x4F, 0x4F, 0x4F, 0x4F, 0x4F,
    0x4F, 0x4F, 0x4F, 0x4F, 0x4F, 0x4F, 0x4F, 0x4F, 0x4F, 0x4F, 0x4F, 0x4F, 0x4F, 0x4F, 0x4F, 0x4F, 0x4F, 0x4F, 0x4F, 0x4F, 0x4F, 0x4F, 0x4F, 0x4F, 0x4F, 0x4F, 0x4F, 0x4F, 0x4F, 0x4F, 0x4F, 0x4F,
    0x73, 0x4F, 0x4F, 0x73, 0x4E, 0x01, 0x55, 0x50, 0x4F, 0x4F, 0x4F, 0x73, 0x01, 0x55, 0x50, 0x50, 0x4F, 0x4F, 0x73, 0x4E, 0x01, 0x55, 0x50, 0x50, 0x4F, 0x4F, 0x73, 0x01, 0x55, 0x50, 0x50, 0x50,
    0x4F, 0x73, 0x4E, 0x01, 0x55, 0x50, 0x50, 0x50, 0x4F, 0x73, 0x01, 0x55, 0x50, 0x50, 0x50, 0x50, 0x4F, 0x73, 0x01, 0x55, 0x50, 0x50, 0x50, 0x50, 0x4F, 0x73, 0x4E, 0x01, 0x55, 0x50, 0x50, 0x50,
    0x50, 0x50, 0x50, 0x50, 0x50, 0x50, 0x50, 0x50, 0x50, 0x50, 0x50, 0x50, 0x50, 0x50, 0x50, 0x50, 0x50, 0x50, 0x50, 0x50, 0x50, 0x50, 0x50, 0x50, 0x50, 0x50, 0x50, 0x50, 0x50, 0x50, 0x50, 0x0D,
    0x50, 0x50, 0x50, 0x50, 0x50, 0x50, 0x50, 0x0D, 0x50, 0x50, 0x50, 0x50, 0x50, 0x50, 0x50, 0x0D, 0x50, 0x50, 0x50, 0x50, 0x50, 0x50, 0x50, 0x0D, 0x50, 0x50, 0x50, 0x50, 0x50, 0x50, 0x50, 0x0D,
    0x50, 0x0D, 0x01, 0x01, 0x01, 0x01, 0x01, 0x01, 0x0D, 0x05, 0x01, 0x01, 0x01, 0x01, 0x01, 0x01, 0x0D, 0x01, 0x01, 0x01, 0x01, 0x01, 0x01, 0x01, 0x05, 0x01, 0x01, 0x01, 0x01, 0x01, 0x01, 0x01,
    0x05, 0x01, 0x01, 0x01, 0x01, 0x01, 0x01, 0x05, 0x05, 0x01, 0x01, 0x01, 0x01, 0x01, 0x01, 0x01, 0x01, 0x01, 0x01, 0x01, 0x01, 0x01, 0x01, 0x01, 0x01, 0x01, 0x01, 0x01, 0x01, 0x01, 0x01, 0x01,
    0x01, 0x01, 0x01, 0x01, 0x01, 0x01, 0x01, 0x01, 0x01, 0x01, 0x01, 0x01, 0x01, 0x01, 0x01, 0x01, 0x01, 0x01, 0x05, 0x01, 0x01, 0x01, 0x01, 0x01, 0x01, 0x01, 0x01, 0x05, 0x05, 0x05, 0x01, 0x01,
    0x01, 0x01, 0x01, 0x01, 0x01, 0x0D, 0x0D, 0x0D, 0x05, 0x05, 0x05, 0x01, 0x01, 0x01, 0x01, 0x01, 0x01, 0x01, 0x05, 0x0D, 0x0D, 0x0D, 0x0D, 0x0D, 0x01, 0x01, 0x01, 0x01, 0x01, 0x01, 0x05, 0x05,
    0x01, 0x01, 0x01, 0x01, 0x01, 0x01, 0x01, 0x01, 0x01, 0x01, 0x01, 0x01, 0x01, 0x01, 0x01, 0x01, 0x01, 0x01, 0x01, 0x01, 0x01, 0x01, 0x01, 0x01, 0x01, 0x01, 0x01, 0x05, 0x05, 0x0D, 0x0D, 0x0D,
    0x0D, 0x0D, 0x0D, 0x0D, 0x0D, 0x0D, 0x01, 0x0D, 0x05, 0x05, 0x0D, 0x05, 0x43, 0x43, 0x01, 0x05, 0x0D, 0x0D, 0x0D, 0x0D, 0x0D, 0x43, 0x05, 0x01, 0x0D, 0x05, 0x05, 0x0D, 0x01, 0x01, 0x01, 0x01,
    0x01, 0x01, 0x01, 0x05, 0x05, 0x05, 0x0D, 0x01, 0x01, 0x01, 0x01, 0x01, 0x05, 0x05, 0x05, 0x0D, 0x01, 0x01, 0x01, 0x01, 0x01, 0x01, 0x05, 0x05, 0x0D, 0x05, 0x05, 0x01, 0x01, 0x01, 0x01, 0x01,
    0x05, 0x0D, 0x0D, 0x0D, 0x0D, 0x05, 0x01, 0x01, 0x01, 0x01, 0x01, 0x05, 0x05, 0x0D, 0x0D, 0x0D, 0x01, 0x01, 0x01, 0x01, 0x01, 0x01, 0x01, 0x05, 0x01, 0x01, 0x01, 0x01, 0x01, 0x01, 0x01, 0x01,
    0x01, 0x05, 0x0D, 0x05, 0x05, 0x01, 0x01, 0x0D, 0x05, 0x01, 0x05, 0x0D, 0x05, 0x05, 0x01, 0x05, 0x0D, 0x05, 0x05, 0x0D, 0x01, 0x05, 0x0D, 0x0D, 0x05, 0x0D, 0x05, 0x0D, 0x01, 0x01, 0x0D, 0x50,
    0x01, 0x05, 0x0D, 0x05, 0x01, 0x01, 0x05, 0x0D, 0x05, 0x01, 0x05, 0x0D, 0x05, 0x05, 0x01, 0x0D, 0x0D, 0x0D, 0x0D, 0x05, 0x0D, 0x05, 0x05, 0x05, 0x05, 0x05, 0x05, 0x0D, 0x0D, 0x0D, 0x0D, 0x05,
    0x50, 0x50, 0x50, 0x50, 0x50, 0x50, 0x50, 0x50, 0x0D, 0x50, 0x50, 0x50, 0x50, 0x50, 0x50, 0x50, 0x0D, 0x0D, 0x50, 0x50, 0x50, 0x50, 0x50, 0x50, 0x50, 0x0D, 0x0D, 0x50, 0x50, 0x50, 0x50, 0x50,
    0x50, 0x50, 0x50, 0x50, 0x50, 0x50, 0x50, 0x50, 0x50, 0x50, 0x50, 0x50, 0x50, 0x50, 0x50, 0x50, 0x0D, 0x50, 0x50, 0x50, 0x50, 0x50, 0x50, 0x50, 0x05, 0x0D, 0x0D, 0x0D, 0x0D, 0x0D, 0x73, 0x73,
    0x50, 0x50, 0x50, 0x50, 0x55, 0x01, 0x4E, 0x73, 0x50, 0x50, 0x50, 0x50, 0x50, 0x55, 0x01, 0x73, 0x50, 0x50, 0x50, 0x50, 0x50, 0x55, 0x01, 0x4E, 0x50, 0x50, 0x50, 0x50, 0x50, 0x50, 0x55, 0x01,
    0x50, 0x50, 0x50, 0x50, 0x50, 0x50, 0x55, 0x01, 0x50, 0x50, 0x50, 0x50, 0x50, 0x50, 0x50, 0x73, 0x50, 0x50, 0x50, 0x73, 0x73, 0x73, 0x73, 0x73, 0x73, 0x73, 0x73, 0x4B, 0x06, 0x06, 0x06, 0x06,
    0x4F, 0x4F, 0x73, 0x73, 0x66, 0x66, 0x37, 0x37, 0x4F, 0x4F, 0x4F, 0x73, 0x73, 0x73, 0x73, 0x73, 0x73, 0x4F, 0x73, 0x73, 0x66, 0x66, 0x37, 0x37, 0x73, 0x73, 0x66, 0x37, 0x37, 0x2E, 0x2E, 0x2E,
    0x73, 0x66, 0x37, 0x37, 0x2E, 0x2E, 0x2E, 0x2E, 0x66, 0x66, 0x66, 0x66, 0x37, 0x2E, 0x2E, 0x2E, 0x73, 0x73, 0x73, 0x73, 0x73, 0x66, 0x37, 0x37, 0x06, 0x06, 0x4B, 0x4B, 0x4B, 0x73, 0x73, 0x66,
    0x37, 0x37, 0x66, 0x37, 0x2E, 0x37, 0x66, 0x73, 0x66, 0x66, 0x37, 0x2E, 0x2E, 0x37, 0x66, 0x73, 0x2E, 0x2E, 0x2E, 0x2E, 0x37, 0x37, 0x66, 0x73, 0x2E, 0x2E, 0x2E, 0x2E, 0x37, 0x66, 0x73, 0x01,
    0x2E, 0x2E, 0x2E, 0x37, 0x66, 0x73, 0x73, 0x73, 0x2E, 0x2E, 0x37, 0x66, 0x73, 0x55, 0x55, 0x55, 0x37, 0x37, 0x66, 0x73, 0x55, 0x55, 0x55, 0x73, 0x66, 0x66, 0x73, 0x55, 0x55, 0x73, 0x73, 0x5D,
    0x4F, 0x73, 0x73, 0x73, 0x73, 0x73, 0x65, 0x65, 0x4F, 0x73, 0x73, 0x73, 0x73, 0x73, 0x65, 0x65, 0x55, 0x55, 0x73, 0x73, 0x73, 0x73, 0x65, 0x65, 0x01, 0x01, 0x73, 0x73, 0x73, 0x73, 0x73, 0x65,
    0x73, 0x73, 0x73, 0x73, 0x73, 0x73, 0x73, 0x73, 0x55, 0x73, 0x73, 0x73, 0x73, 0x73, 0x73, 0x73, 0x73, 0x5D, 0x5D, 0x5D, 0x5D, 0x5C, 0x5C, 0x5C, 0x5D, 0x5C, 0x5C, 0x5C, 0x5C, 0x5C, 0x5C, 0x5C,
    0x65, 0x65, 0x65, 0x65, 0x65, 0x65, 0x65, 0x65, 0x65, 0x65, 0x65, 0x65, 0x65, 0x65, 0x65, 0x65, 0x65, 0x65, 0x65, 0x65, 0x65, 0x65, 0x65, 0x65, 0x65, 0x65, 0x65, 0x65, 0x65, 0x65, 0x65, 0x65,
    0x73, 0x73, 0x73, 0x73, 0x73, 0x73, 0x73, 0x73, 0x5D, 0x5D, 0x5D, 0x5D, 0x5D, 0x5D, 0x5D, 0x5D, 0x5C, 0x5C, 0x5C, 0x5C, 0x5C, 0x5C, 0x5D, 0x5D, 0x5C, 0x5C, 0x5C, 0x5C, 0x5C, 0x58, 0x58, 0x58,
    0x65, 0x65, 0x65, 0x65, 0x73, 0x65, 0x73, 0x4E, 0x65, 0x65, 0x65, 0x65, 0x73, 0x65, 0x73, 0x4E, 0x65, 0x65, 0x65, 0x65, 0x73, 0x65, 0x73, 0x4E, 0x65, 0x65, 0x65, 0x65, 0x73, 0x65, 0x73, 0x4E,
    0x65, 0x65, 0x65, 0x65, 0x65, 0x65, 0x73, 0x4E, 0x73, 0x73, 0x73, 0x73, 0x73, 0x73, 0x73, 0x73, 0x5D, 0x5D, 0x5D, 0x5D, 0x5D, 0x5D, 0x5D, 0x73, 0x5C, 0x5C, 0x5C, 0x5C, 0x5C, 0x5D, 0x5D, 0x5D,
    0x3C, 0x3C, 0x4E, 0x73, 0x5D, 0x5D, 0x5D, 0x5D, 0x1B, 0x3C, 0x3C, 0x4E, 0x73, 0x5D, 0x5D, 0x5C, 0x1B, 0x1B, 0x3C, 0x4E, 0x73, 0x73, 0x5D, 0x5D, 0x1B, 0x1B, 0x3C, 0x4E, 0x73, 0x4E, 0x73, 0x73,
    0x1B, 0x3C, 0x4E, 0x4E, 0x73, 0x4E, 0x3C, 0x1B, 0x73, 0x73, 0x73, 0x73, 0x4E, 0x1B, 0x4E, 0x73, 0x73, 0x4E, 0x4E, 0x3C, 0x1B, 0x4E, 0x1B, 0x3C, 0x5D, 0x73, 0x73, 0x4E, 0x1B, 0x73, 0x73, 0x73,
    0x5D, 0x5D, 0x5C, 0x5C, 0x5C, 0x5C, 0x5C, 0x5D, 0x5C, 0x5C, 0x5C, 0x5C, 0x5C, 0x5C, 0x5C, 0x5C, 0x5C, 0x5C, 0x5C, 0x5C, 0x5C, 0x5C, 0x5C, 0x5C, 0x5D, 0x5C, 0x5C, 0x5C, 0x5C, 0x5C, 0x5C, 0x5C,
    0x73, 0x73, 0x5C, 0x5C, 0x5C, 0x5C, 0x5C, 0x5C, 0x3C, 0x73, 0x5D, 0x5C, 0x5C, 0x5C, 0x5C, 0x5C, 0x73, 0x5D, 0x5D, 0x5D, 0x73, 0x73, 0x5D, 0x5C, 0x73, 0x73, 0x73, 0x73, 0x4E, 0x1B, 0x73, 0x73,
    0x5D, 0x5D, 0x5D, 0x5D, 0x5D, 0x5D, 0x5D, 0x5D, 0x5C, 0x5C, 0x5D, 0x5D, 0x5D, 0x5D, 0x5D, 0x5D, 0x5C, 0x5C, 0x5C, 0x5D, 0x5D, 0x5D, 0x5D, 0x5D, 0x5C, 0x5C, 0x5C, 0x5C, 0x5D, 0x5D, 0x5D, 0x5D,
    0x5C, 0x5C, 0x5C, 0x5C, 0x5D, 0x5D, 0x5D, 0x5D, 0x5C, 0x5C, 0x5C, 0x5C, 0x5C, 0x5D, 0x5D, 0x5D, 0x5C, 0x5C, 0x5C, 0x5C, 0x5C, 0x5D, 0x5D, 0x5D, 0x5D, 0x5C, 0x5C, 0x5C, 0x5C, 0x5C, 0x5D, 0x5D,
    0x73, 0x55, 0x55, 0x55, 0x55, 0x55, 0x55, 0x55, 0x73, 0x55, 0x55, 0x55, 0x55, 0x55, 0x55, 0x55, 0x5D, 0x73, 0x55, 0x55, 0x55, 0x55, 0x55, 0x55, 0x5D, 0x73, 0x01, 0x55, 0x55, 0x55, 0x55, 0x55,
    0x5D, 0x73, 0x01, 0x01, 0x01, 0x55, 0x55, 0x55, 0x5D, 0x5D, 0x73, 0x01, 0x01, 0x01, 0x01, 0x55, 0x5D, 0x5D, 0x73, 0x73, 0x01, 0x01, 0x01, 0x55, 0x5D, 0x5D, 0x73, 0x73, 0x73, 0x73, 0x73, 0x55,
    0x73, 0x01, 0x01, 0x01, 0x01, 0x73, 0x73, 0x32, 0x73, 0x01, 0x01, 0x01, 0x01, 0x73, 0x73, 0x5B, 0x55, 0x73, 0x01, 0x01, 0x01, 0x73, 0x73, 0x5B, 0x55, 0x73, 0x01, 0x01, 0x01, 0x73, 0x73, 0x5B,
    0x55, 0x73, 0x01, 0x01, 0x01, 0x73, 0x73, 0x5B, 0x55, 0x73, 0x01, 0x01, 0x01, 0x73, 0x73, 0x73, 0x55, 0x73, 0x01, 0x01, 0x01, 0x73, 0x73, 0x73, 0x55, 0x73, 0x01, 0x01, 0x01, 0x73, 0x73, 0x73,
    0x32, 0x32, 0x32, 0x32, 0x32, 0x5B, 0x73, 0x73, 0x32, 0x32, 0x32, 0x32, 0x5B, 0x73, 0x73, 0x73, 0x32, 0x32, 0x5B, 0x73, 0x73, 0x73, 0x73, 0x73, 0x5B, 0x73, 0x73, 0x73, 0x73, 0x73, 0x73, 0x73,
    0x73, 0x73, 0x73, 0x73, 0x73, 0x73, 0x73, 0x73, 0x73, 0x73, 0x73, 0x73, 0x73, 0x73, 0x5B, 0x32, 0x73, 0x73, 0x73, 0x73, 0x5B, 0x32, 0x32, 0x32, 0x73, 0x73, 0x73, 0x5B, 0x10, 0x10, 0x32, 0x32,
    0x73, 0x73, 0x73, 0x73, 0x73, 0x38, 0x2F, 0x2F, 0x73, 0x73, 0x73, 0x73, 0x73, 0x38, 0x2F, 0x0B, 0x73, 0x73, 0x73, 0x73, 0x73, 0x73, 0x2F, 0x0B, 0x73, 0x73, 0x5B, 0x5B, 0x5B, 0x73, 0x2F, 0x0B,
    0x5B, 0x32, 0x32, 0x32, 0x5B, 0x73, 0x38, 0x0B, 0x32, 0x32, 0x32, 0x32, 0x5B, 0x73, 0x38, 0x2F, 0x32, 0x32, 0x32, 0x32, 0x32, 0x73, 0x38, 0x2F, 0x32, 0x32, 0x32, 0x32, 0x32, 0x5B, 0x73, 0x38,
    0x2F, 0x38, 0x38, 0x38, 0x38, 0x73, 0x4B, 0x4B, 0x2F, 0x2F, 0x38, 0x38, 0x38, 0x73, 0x73, 0x73, 0x0B, 0x2F, 0x2F, 0x38, 0x38, 0x73, 0x17, 0x17, 0x0B, 0x0B, 0x2F, 0x2F, 0x2F, 0x73, 0x17, 0x17,
    0x0B, 0x0B, 0x0B, 0x2F, 0x2F, 0x73, 0x51, 0x3D, 0x0B, 0x0B, 0x0B, 0x0B, 0x2F, 0x38, 0x73, 0x4E, 0x2F, 0x0B, 0x0B, 0x0B, 0x0B, 0x38, 0x73, 0x55, 0x38, 0x2F, 0x0B, 0x0B, 0x0B, 0x2F, 0x73, 0x73,
    0x4B, 0x4B, 0x4B, 0x73, 0x3C, 0x3C, 0x3C, 0x4E, 0x4B, 0x4B, 0x4B, 0x73, 0x4E, 0x3C, 0x4E, 0x3C, 0x73, 0x73, 0x73, 0x65, 0x73, 0x73, 0x73, 0x4E, 0x17, 0x17, 0x73, 0x65, 0x65, 0x65, 0x65, 0x73,
    0x3D, 0x17, 0x17, 0x73, 0x73, 0x65, 0x65, 0x65, 0x51, 0x51, 0x3D, 0x3D, 0x3D, 0x73, 0x73, 0x73, 0x55, 0x4E, 0x4E, 0x4E, 0x4E, 0x51, 0x51, 0x51, 0x73, 0x73, 0x55, 0x55, 0x55, 0x55, 0x55, 0x55,
    0x4E, 0x4E, 0x4E, 0x4E, 0x4E, 0x4E, 0x3C, 0x1B, 0x3C, 0x4E, 0x1B, 0x1B, 0x3C, 0x4E, 0x1B, 0x3C, 0x3C, 0x3C, 0x4E, 0x4E, 0x4E, 0x3C, 0x4E, 0x73, 0x73, 0x73, 0x73, 0x73, 0x73, 0x73, 0x73, 0x4B,
    0x65, 0x65, 0x73, 0x4B, 0x4B, 0x4B, 0x4B, 0x1C, 0x65, 0x73, 0x4B, 0x4B, 0x4B, 0x4B, 0x4B, 0x4B, 0x73, 0x73, 0x73, 0x73, 0x4B, 0x4B, 0x4B, 0x4B, 0x55, 0x55, 0x55, 0x55, 0x73, 0x73, 0x73, 0x73,
    0x1B, 0x3C, 0x4E, 0x73, 0x1C, 0x1C, 0x06, 0x06, 0x4E, 0x73, 0x73, 0x1C, 0x1C, 0x06, 0x06, 0x1C, 0x73, 0x4B, 0x1C, 0x1C, 0x1C, 0x1C, 0x1C, 0x4B, 0x1C, 0x1C, 0x1C, 0x1C, 0x1C, 0x1C, 0x4B, 0x73,
    0x1C, 0x1C, 0x1C, 0x1C, 0x1C, 0x1C, 0x73, 0x66, 0x4B, 0x4B, 0x4B, 0x4B, 0x4B, 0x4B, 0x73, 0x66, 0x4B, 0x4B, 0x4B, 0x4B, 0x4B, 0x73, 0x66, 0x66, 0x73, 0x73, 0x73, 0x73, 0x73, 0x73, 0x73, 0x73,
    0x4B, 0x73, 0x73, 0x73, 0x73, 0x73, 0x73, 0x73, 0x73, 0x66, 0x37, 0x2E, 0x0A, 0x0A, 0x2E, 0x37, 0x73, 0x66, 0x66, 0x37, 0x37, 0x37, 0x37, 0x66, 0x73, 0x73, 0x73, 0x73, 0x73, 0x73, 0x73, 0x73,
    0x66, 0x37, 0x2E, 0x0A, 0x0A, 0x2E, 0x37, 0x66, 0x66, 0x37, 0x2E, 0x0A, 0x0A, 0x2E, 0x37, 0x66, 0x66, 0x66, 0x37, 0x37, 0x37, 0x37, 0x37, 0x66, 0x73, 0x73, 0x73, 0x73, 0x73, 0x73, 0x73, 0x73,
    0x73, 0x73, 0x73, 0x73, 0x73, 0x73, 0x73, 0x73, 0x66, 0x73, 0x73, 0x73, 0x73, 0x73, 0x73, 0x73, 0x66, 0x73, 0x55, 0x55, 0x55, 0x55, 0x55, 0x55, 0x73, 0x51, 0x3D, 0x3D, 0x3D, 0x3D, 0x3D, 0x3D,
    0x66, 0x73, 0x17, 0x17, 0x17, 0x17, 0x17, 0x17, 0x66, 0x73, 0x17, 0x17, 0x17, 0x17, 0x17, 0x17, 0x66, 0x73, 0x17, 0x17, 0x17, 0x17, 0x17, 0x17, 0x73, 0x3D, 0x17, 0x17, 0x17, 0x17, 0x17, 0x17,
    0x73, 0x73, 0x73, 0x55, 0x55, 0x55, 0x55, 0x73, 0x73, 0x73, 0x73, 0x73, 0x73, 0x73, 0x73, 0x73, 0x55, 0x55, 0x55, 0x55, 0x73, 0x73, 0x73, 0x73, 0x51, 0x51, 0x4E, 0x4E, 0x4E, 0x55, 0x73, 0x38,
    0x17, 0x17, 0x3D, 0x3D, 0x51, 0x51, 0x73, 0x38, 0x17, 0x17, 0x17, 0x17, 0x17, 0x3D, 0x73, 0x38, 0x17, 0x17, 0x17, 0x17, 0x17, 0x17, 0x73, 0x2F, 0x17, 0x17, 0x17, 0x17, 0x17, 0x73, 0x38, 0x0B,
    0x38, 0x0B, 0x0B, 0x0B, 0x0B, 0x0B, 0x38, 0x73, 0x38, 0x0B, 0x0B, 0x0B, 0x0B, 0x0B, 0x38, 0x73, 0x2F, 0x0B, 0x0B, 0x0B, 0x0B, 0x0B, 0x38, 0x73, 0x2F, 0x0B, 0x0B, 0x0B, 0x0B, 0x2F, 0x38, 0x73,
    0x2F, 0x0B, 0x0B, 0x0B, 0x0B, 0x2F, 0x38, 0x73, 0x0B, 0x0B, 0x0B, 0x0B, 0x0B, 0x2F, 0x73, 0x2A, 0x0B, 0x0B, 0x0B, 0x0B, 0x0B, 0x2F, 0x73, 0x55, 0x0B, 0x0B, 0x0B, 0x0B, 0x2F, 0x38, 0x73, 0x73,
    0x2A, 0x2A, 0x2A, 0x4F, 0x4F, 0x4F, 0x4F, 0x4F, 0x2A, 0x2A, 0x2A, 0x4F, 0x4F, 0x4F, 0x4F, 0x4F, 0x2A, 0x2A, 0x2A, 0x2A, 0x2A, 0x2A, 0x2A, 0x2A, 0x2A, 0x2A, 0x2A, 0x2A, 0x2A, 0x2A, 0x2A, 0x2A,
    0x2A, 0x2A, 0x2A, 0x2A, 0x2A, 0x2A, 0x2A, 0x2A, 0x2A, 0x2A, 0x2A, 0x2A, 0x2A, 0x2A, 0x2A, 0x2A, 0x2A, 0x2A, 0x2A, 0x2A, 0x2A, 0x2A, 0x2A, 0x2A, 0x55, 0x4F, 0x2A, 0x2A, 0x2A, 0x2A, 0x2A, 0x2A,
    0x4F, 0x4F, 0x73, 0x4E, 0x4E, 0x3C, 0x1B, 0x1B, 0x4F, 0x4F, 0x73, 0x4E, 0x4E, 0x4E, 0x3C, 0x1B, 0x4F, 0x4F, 0x4F, 0x73, 0x4E, 0x4E, 0x4E, 0x4E, 0x2A, 0x2A, 0x2A, 0x4F, 0x73, 0x73, 0x4E, 0x4E,
    0x2A, 0x2A, 0x2A, 0x2A, 0x2A, 0x2A, 0x73, 0x73, 0x2A, 0x2A, 0x2A, 0x2A, 0x2A, 0x2A, 0x2A, 0x2A, 0x2A, 0x2A, 0x2A, 0x2A, 0x2A, 0x2A, 0x2A, 0x2A, 0x2A, 0x2A, 0x2A, 0x2A, 0x2A, 0x2A, 0x2A, 0x2A,
    0x1B, 0x1B, 0x3C, 0x3C, 0x4E, 0x3C, 0x3C, 0x1B, 0x1B, 0x3C, 0x4E, 0x4E, 0x4E, 0x4E, 0x4E, 0x3C, 0x4E, 0x4E, 0x4E, 0x4E, 0x73, 0x73, 0x4E, 0x4E, 0x4E, 0x4E, 0x73, 0x73, 0x4F, 0x73, 0x73, 0x73,
    0x73, 0x73, 0x4F, 0x4F, 0x4F, 0x4D, 0x73, 0x73, 0x2A, 0x4F, 0x4F, 0x4F, 0x4F, 0x4F, 0x55, 0x73, 0x2A, 0x2A, 0x2A, 0x2A, 0x4F, 0x4F, 0x4F, 0x55, 0x2A, 0x2A, 0x2A, 0x2A, 0x2A, 0x2A, 0x4F, 0x4F,
    0x1B, 0x1B, 0x1B, 0x1B, 0x1B, 0x1B, 0x1B, 0x1B, 0x3C, 0x3C, 0x3C, 0x3C, 0x3C, 0x3C, 0x3C, 0x3C, 0x4E, 0x3C, 0x3C, 0x3C, 0x3C, 0x3C, 0x3C, 0x3C, 0x4E, 0x4E, 0x4E, 0x4E, 0x4E, 0x4E, 0x4E, 0x4E,
    0x73, 0x73, 0x73, 0x73, 0x73, 0x4E, 0x4E, 0x4E, 0x73, 0x43, 0x0D, 0x05, 0x05, 0x73, 0x73, 0x73, 0x73, 0x73, 0x43, 0x05, 0x05, 0x05, 0x05, 0x05, 0x73, 0x73, 0x73, 0x0D, 0x05, 0x05, 0x05, 0x05,
    0x3C, 0x3C, 0x3C, 0x3C, 0x4E, 0x4E, 0x73, 0x54, 0x3C, 0x3C, 0x3C, 0x4E, 0x4E, 0x4E, 0x73, 0x2B, 0x3C, 0x4E, 0x4E, 0x4E, 0x4E, 0x73, 0x2B, 0x2B, 0x4E, 0x4E, 0x4E, 0x4E, 0x73, 0x2B, 0x2B, 0x2B,
    0x4E, 0x4E, 0x73, 0x73, 0x73, 0x54, 0x2B, 0x2B, 0x73, 0x73, 0x43, 0x73, 0x73, 0x57, 0x54, 0x2B, 0x05, 0x05, 0x0D, 0x43, 0x73, 0x73, 0x57, 0x2B, 0x05, 0x05, 0x0D, 0x0D, 0x73, 0x73, 0x73, 0x54,
    0x57, 0x73, 0x73, 0x73, 0x73, 0x6F, 0x6F, 0x6F, 0x54, 0x57, 0x73, 0x73, 0x73, 0x73, 0x6F, 0x6F, 0x2B, 0x54, 0x57, 0x73, 0x73, 0x73, 0x6F, 0x6F, 0x2B, 0x2B, 0x54, 0x73, 0x73, 0x73, 0x73, 0x6F,
    0x2B, 0x2B, 0x2B, 0x54, 0x73, 0x73, 0x73, 0x73, 0x2B, 0x2B, 0x2B, 0x2B, 0x57, 0x73, 0x73, 0x73, 0x2B, 0x2B, 0x2B, 0x2B, 0x54, 0x73, 0x73, 0x73, 0x2B, 0x2B, 0x2B, 0x2B, 0x2B, 0x54, 0x73, 0x73,
    0x6F, 0x6F, 0x6F, 0x6F, 0x6F, 0x6F, 0x6F, 0x6F, 0x6F, 0x6F, 0x6F, 0x6F, 0x6F, 0x6F, 0x6F, 0x6F, 0x6F, 0x6F, 0x6F, 0x6F, 0x6F, 0x6F, 0x6F, 0x6F, 0x6F, 0x6F, 0x6F, 0x6F, 0x6F, 0x6F, 0x6F, 0x6F,
    0x6F, 0x6F, 0x6F, 0x6F, 0x6F, 0x6F, 0x6F, 0x6F, 0x6F, 0x6F, 0x6F, 0x6F, 0x6F, 0x6F, 0x6F, 0x6F, 0x73, 0x6F, 0x6F, 0x6F, 0x6F, 0x6F, 0x6F, 0x6F, 0x73, 0x73, 0x6F, 0x6F, 0x6F, 0x6F, 0x6F, 0x6F,
    0x6F, 0x6F, 0x6F, 0x6F, 0x6F, 0x6F, 0x6F, 0x6F, 0x6F, 0x6F, 0x6F, 0x6F, 0x6F, 0x6F, 0x6F, 0x6F, 0x6F, 0x6F, 0x6F, 0x6F, 0x6F, 0x6F, 0x6F, 0x6F, 0x6F, 0x6F, 0x6F, 0x6F, 0x6F, 0x6F, 0x6F, 0x6F,
    0x6F, 0x6F, 0x6F, 0x6F, 0x6F, 0x6F, 0x6F, 0x6F, 0x6F, 0x6F, 0x6F, 0x6F, 0x6F, 0x6F, 0x6F, 0x6F, 0x6F, 0x6F, 0x6F, 0x6F, 0x6F, 0x6F, 0x6F, 0x6F, 0x6F, 0x6F, 0x6F, 0x6F, 0x6F, 0x6F, 0x6F, 0x6F,
    0x6F, 0x6F, 0x6F, 0x6F, 0x6F, 0x6F, 0x6F, 0x6F, 0x6F, 0x6F, 0x6F, 0x6F, 0x6F, 0x6F, 0x6F, 0x6F, 0x6F, 0x6F, 0x6F, 0x6F, 0x6F, 0x6F, 0x6F, 0x6F, 0x6F, 0x6F, 0x6F, 0x6F, 0x6F, 0x6F, 0x6F, 0x6F,
    0x6F, 0x6F, 0x6F, 0x6F, 0x6F, 0x6F, 0x6F, 0x6F, 0x6F, 0x6F, 0x6F, 0x6F, 0x6F, 0x6F, 0x6F, 0x6F, 0x6F, 0x6F, 0x6F, 0x6F, 0x6F, 0x6F, 0x6F, 0x6F, 0x6F, 0x6F, 0x6F, 0x6F, 0x6F, 0x6F, 0x6F, 0x6F,
    0x6F, 0x6F, 0x6F, 0x6F, 0x6F, 0x6F, 0x73, 0x73, 0x6F, 0x6F, 0x6F, 0x6F, 0x6F, 0x73, 0x73, 0x73, 0x6F, 0x6F, 0x6F, 0x6F, 0x6F, 0x73, 0x73, 0x73, 0x6F, 0x6F, 0x6F, 0x6F, 0x73, 0x73, 0x73, 0x73,
    0x6F, 0x6F, 0x6F, 0x73, 0x73, 0x73, 0x73, 0x73, 0x6F, 0x6F, 0x6F, 0x73, 0x73, 0x73, 0x73, 0x73, 0x6F, 0x6F, 0x73, 0x73, 0x73, 0x73, 0x57, 0x57, 0x6F, 0x6F, 0x73, 0x73, 0x73, 0x57, 0x54, 0x54,
    0x73, 0x57, 0x54, 0x2B, 0x2B, 0x2B, 0x2B, 0x54, 0x73, 0x54, 0x54, 0x2B, 0x2B, 0x2B, 0x2B, 0x57, 0x57, 0x54, 0x54, 0x54, 0x54, 0x54, 0x54, 0x73, 0x57, 0x57, 0x57, 0x57, 0x54, 0x54, 0x57, 0x73,
    0x73, 0x73, 0x73, 0x73, 0x57, 0x57, 0x73, 0x73, 0x73, 0x73, 0x73, 0x73, 0x73, 0x73, 0x73, 0x73, 0x57, 0x57, 0x57, 0x57, 0x73, 0x73, 0x73, 0x73, 0x54, 0x54, 0x54, 0x54, 0x57, 0x73, 0x73, 0x43,
    0x57, 0x73, 0x73, 0x43, 0x0D, 0x05, 0x05, 0x05, 0x73, 0x73, 0x43, 0x0D, 0x05, 0x05, 0x05, 0x05, 0x73, 0x73, 0x0D, 0x0D, 0x05, 0x05, 0x05, 0x05, 0x73, 0x43, 0x0D, 0x0D, 0x0D, 0x0D, 0x0D, 0x0D,
    0x43, 0x43, 0x0D, 0x0D, 0x0D, 0x0D, 0x0D, 0x0D, 0x73, 0x73, 0x43, 0x43, 0x43, 0x43, 0x43, 0x43, 0x73, 0x73, 0x73, 0x73, 0x73, 0x73, 0x73, 0x73, 0x43, 0x43, 0x73, 0x73, 0x73, 0x73, 0x73, 0x73,
    0x05, 0x05, 0x05, 0x0D, 0x43, 0x73, 0x73, 0x55, 0x05, 0x05, 0x0D, 0x43, 0x73, 0x73, 0x55, 0x4F, 0x05, 0x05, 0x43, 0x73, 0x73, 0x73, 0x4F, 0x2A, 0x0D, 0x0D, 0x73, 0x73, 0x73, 0x55, 0x2A, 0x2A,
    0x0D, 0x43, 0x73, 0x73, 0x55, 0x4F, 0x2A, 0x2A, 0x43, 0x73, 0x73, 0x55, 0x4F, 0x4F, 0x4F, 0x2A, 0x43, 0x73, 0x73, 0x55, 0x55, 0x55, 0x55, 0x4F, 0x73, 0x73, 0x73, 0x73, 0x73, 0x73, 0x73, 0x55,
    0x4F, 0x2A, 0x2A, 0x2A, 0x2A, 0x2A, 0x2A, 0x2A, 0x2A, 0x2A, 0x2A, 0x2A, 0x2A, 0x2A, 0x2A, 0x2A, 0x2A, 0x2A, 0x2A, 0x2A, 0x2A, 0x2A, 0x2A, 0x2A, 0x2A, 0x2A, 0x2A, 0x2A, 0x2A, 0x2A, 0x2A, 0x2A,
    0x2A, 0x2A, 0x2A, 0x2A, 0x2A, 0x2A, 0x2A, 0x2A, 0x2A, 0x2A, 0x2A, 0x2A, 0x2A, 0x2A, 0x2A, 0x2A, 0x4F, 0x4F, 0x4F, 0x4F, 0x4F, 0x4F, 0x4F, 0x4F, 0x55, 0x55, 0x55, 0x55, 0x55, 0x4F, 0x4F, 0x4F,
    0x2A, 0x2A, 0x2A, 0x2A, 0x2A, 0x2A, 0x2A, 0x2A, 0x2A, 0x2A, 0x2A, 0x2A, 0x2A, 0x2A, 0x2A, 0x2A, 0x2A, 0x2A, 0x2A, 0x2A, 0x2A, 0x2A, 0x2A, 0x2A, 0x2A, 0x2A, 0x2A, 0x2A, 0x2A, 0x2A, 0x2A, 0x2A,
    0x2A, 0x2A, 0x2A, 0x2A, 0x2A, 0x4F, 0x4F, 0x4F, 0x2A, 0x2A, 0x4F, 0x4F, 0x4F, 0x4F, 0x4F, 0x4F, 0x4F, 0x4F, 0x4F, 0x4F, 0x4F, 0x4F, 0x4F, 0x4F, 0x4F, 0x4F, 0x4F, 0x4F, 0x4F, 0x4F, 0x4F, 0x4F,
    0x2A, 0x2A, 0x2A, 0x2A, 0x2A, 0x4F, 0x55, 0x73, 0x2A, 0x2A, 0x2A, 0x2A, 0x4F, 0x55, 0x73, 0x73, 0x2A, 0x2A, 0x4F, 0x4F, 0x4F, 0x73, 0x73, 0x73, 0x4F, 0x4F, 0x4F, 0x4F, 0x55, 0x73, 0x73, 0x73,
    0x4F, 0x4F, 0x4F, 0x55, 0x73, 0x73, 0x73, 0x55, 0x4F, 0x4F, 0x4F, 0x73, 0x73, 0x73, 0x73, 0x55, 0x4F, 0x4F, 0x55, 0x73, 0x73, 0x73, 0x73, 0x55, 0x4F, 0x55, 0x73, 0x73, 0x55, 0x73, 0x73, 0x55,
    0x73, 0x73, 0x55, 0x51, 0x3D, 0x17, 0x17, 0x17, 0x73, 0x55, 0x51, 0x3D, 0x17, 0x17, 0x3D, 0x0D, 0x55, 0x4E, 0x3D, 0x17, 0x17, 0x17, 0x17, 0x3D, 0x4E, 0x51, 0x3D, 0x17, 0x17, 0x17, 0x17, 0x17,
    0x4E, 0x51, 0x17, 0x17, 0x17, 0x17, 0x17, 0x17, 0x4E, 0x3D, 0x17, 0x17, 0x17, 0x17, 0x17, 0x17, 0x51, 0x3D, 0x17, 0x17, 0x17, 0x17, 0x17, 0x17, 0x51, 0x3D, 0x17, 0x17, 0x17, 0x17, 0x17, 0x17,
    0x17, 0x17, 0x17, 0x17, 0x17, 0x17, 0x17, 0x17, 0x0D, 0x0D, 0x0D, 0x0D, 0x3D, 0x3D, 0x3D, 0x3D, 0x0D, 0x05, 0x05, 0x05, 0x05, 0x05, 0x0D, 0x0D, 0x3D, 0x0D, 0x05, 0x05, 0x05, 0x05, 0x05, 0x05,
    0x17, 0x3D, 0x0D, 0x05, 0x05, 0x05, 0x05, 0x05, 0x17, 0x17, 0x17, 0x0D, 0x05, 0x05, 0x05, 0x05, 0x17, 0x17, 0x17, 0x17, 0x3D, 0x0D, 0x05, 0x05, 0x17, 0x17, 0x17, 0x17, 0x17, 0x3D, 0x0D, 0x05,
    0x17, 0x17, 0x17, 0x17, 0x17, 0x17, 0x17, 0x3D, 0x17, 0x17, 0x17, 0x17, 0x17, 0x17, 0x17, 0x3D, 0x0D, 0x0D, 0x0D, 0x3D, 0x3D, 0x3D, 0x17, 0x17, 0x05, 0x05, 0x05, 0x05, 0x0D, 0x0D, 0x0D, 0x17,
    0x05, 0x05, 0x05, 0x05, 0x05, 0x05, 0x05, 0x3D, 0x05, 0x05, 0x05, 0x05, 0x05, 0x05, 0x05, 0x0D, 0x05, 0x05, 0x05, 0x05, 0x05, 0x05, 0x05, 0x05, 0x05, 0x05, 0x05, 0x05, 0x05, 0x05, 0x05, 0x05,
    0x0D, 0x05, 0x05, 0x0D, 0x73, 0x73, 0x01, 0x01, 0x0D, 0x05, 0x05, 0x05, 0x73, 0x73, 0x01, 0x01, 0x0D, 0x05, 0x05, 0x05, 0x73, 0x73, 0x01, 0x01, 0x17, 0x3D, 0x0D, 0x05, 0x73, 0x73, 0x4E, 0x01,
    0x17, 0x17, 0x3D, 0x0D, 0x73, 0x73, 0x4E, 0x01, 0x3D, 0x3D, 0x3D, 0x0D, 0x05, 0x73, 0x73, 0x01, 0x05, 0x0D, 0x0D, 0x05, 0x05, 0x73, 0x73, 0x4E, 0x05, 0x05, 0x05, 0x05, 0x05, 0x05, 0x73, 0x73,
    0x01, 0x73, 0x4F, 0x4F, 0x4F, 0x4F, 0x4F, 0x4F, 0x01, 0x73, 0x4F, 0x4F, 0x4F, 0x4F, 0x4F, 0x4F, 0x01, 0x4E, 0x73, 0x4F, 0x4F, 0x4F, 0x4F, 0x4F, 0x01, 0x4E, 0x73, 0x4F, 0x4F, 0x4F, 0x4F, 0x4F,
    0x01, 0x01, 0x73, 0x4F, 0x4F, 0x4F, 0x4F, 0x4F, 0x01, 0x01, 0x4E, 0x73, 0x4F, 0x4F, 0x4F, 0x4F, 0x01, 0x01, 0x4E, 0x73, 0x4F, 0x4F, 0x4F, 0x4F, 0x01, 0x01, 0x01, 0x73, 0x4F, 0x4F, 0x4F, 0x01,
    0x01, 0x01, 0x4F, 0x4F, 0x4F, 0x4F, 0x4F, 0x4F, 0x4F, 0x4F, 0x4F, 0x4F, 0x4F, 0x4F, 0x4F, 0x4F, 0x4F, 0x4F, 0x01, 0x4F, 0x4F, 0x4F, 0x4F, 0x4F, 0x4F, 0x4F, 0x01, 0x4F, 0x4F, 0x4F, 0x4F, 0x4F,
    0x4F, 0x01, 0x01, 0x01, 0x4F, 0x4F, 0x4F, 0x4F, 0x01, 0x01, 0x01, 0x01, 0x4F, 0x4F, 0x4F, 0x73, 0x01, 0x01, 0x01, 0x01, 0x01, 0x4F, 0x73, 0x4E, 0x01, 0x01, 0x01, 0x01, 0x01, 0x73, 0x4E, 0x01,
    0x4F, 0x4F, 0x4F, 0x4F, 0x4F, 0x4F, 0x4F, 0x4F, 0x4F, 0x4F, 0x4F, 0x4F, 0x4F, 0x4F, 0x4F, 0x73, 0x4F, 0x4F, 0x4F, 0x4F, 0x4F, 0x73, 0x73, 0x4E, 0x4F, 0x4F, 0x73, 0x73, 0x73, 0x4E, 0x01, 0x01,
    0x4F, 0x73, 0x4E, 0x01, 0x01, 0x01, 0x55, 0x55, 0x73, 0x4E, 0x01, 0x55, 0x55, 0x55, 0x05, 0x01, 0x01, 0x01, 0x55, 0x0D, 0x05, 0x01, 0x01, 0x01, 0x55, 0x55, 0x0D, 0x05, 0x05, 0x01, 0x01, 0x05,
    0x4F, 0x4F, 0x73, 0x73, 0x73, 0x4E, 0x01, 0x01, 0x73, 0x73, 0x4E, 0x01, 0x01, 0x01, 0x55, 0x55, 0x01, 0x01, 0x01, 0x55, 0x55, 0x55, 0x50, 0x50, 0x55, 0x55, 0x55, 0x05, 0x05, 0x0D, 0x50, 0x50,
    0x05, 0x01, 0x01, 0x01, 0x05, 0x05, 0x0D, 0x50, 0x01, 0x01, 0x01, 0x01, 0x01, 0x05, 0x05, 0x0D, 0x05, 0x01, 0x01, 0x01, 0x01, 0x01, 0x05, 0x43, 0x01, 0x01, 0x01, 0x01, 0x01, 0x01, 0x0D, 0x05,
    0x01, 0x01, 0x01, 0x01, 0x01, 0x01, 0x55, 0x55, 0x55, 0x55, 0x55, 0x55, 0x55, 0x55, 0x50, 0x50, 0x50, 0x50, 0x50, 0x50, 0x50, 0x50, 0x50, 0x50, 0x50, 0x50, 0x50, 0x50, 0x0D, 0x0D, 0x50, 0x50,
    0x50, 0x50, 0x50, 0x0D, 0x05, 0x05, 0x0D, 0x0D, 0x50, 0x50, 0x0D, 0x01, 0x01, 0x01, 0x05, 0x05, 0x43, 0x0D, 0x05, 0x0D, 0x0D, 0x0D, 0x0D, 0x0D, 0x43, 0x05, 0x0D, 0x05, 0x01, 0x01, 0x01, 0x05,
    0x55, 0x55, 0x55, 0x55, 0x55, 0x55, 0x55, 0x55, 0x50, 0x50, 0x50, 0x50, 0x50, 0x50, 0x50, 0x50, 0x50, 0x50, 0x50, 0x50, 0x50, 0x50, 0x50, 0x50, 0x50, 0x50, 0x50, 0x50, 0x50, 0x50, 0x50, 0x50,
    0x50, 0x0D, 0x0D, 0x50, 0x0D, 0x0D, 0x0D, 0x0D, 0x0D, 0x0D, 0x05, 0x05, 0x05, 0x05, 0x05, 0x01, 0x05, 0x0D, 0x05, 0x05, 0x0D, 0x01, 0x01, 0x01, 0x0D, 0x43, 0x05, 0x0D, 0x05, 0x01, 0x01, 0x01,
    0x55, 0x55, 0x55, 0x55, 0x55, 0x01, 0x01, 0x01, 0x50, 0x50, 0x50, 0x50, 0x50, 0x55, 0x55, 0x55, 0x50, 0x50, 0x50, 0x50, 0x50, 0x50, 0x50, 0x50, 0x4F, 0x4F, 0x4F, 0x4F, 0x4F, 0x4F, 0x4F, 0x50,
    0x0D, 0x0D, 0x0D, 0x0D, 0x0D, 0x0D, 0x0D, 0x43, 0x01, 0x01, 0x01, 0x01, 0x01, 0x01, 0x0D, 0x0D, 0x01, 0x01, 0x01, 0x01, 0x01, 0x01, 0x01, 0x01, 0x01, 0x01, 0x01, 0x01, 0x01, 0x01, 0x01, 0x01,
    0x01, 0x01, 0x01, 0x01, 0x01, 0x4E, 0x73, 0x73, 0x55, 0x55, 0x55, 0x55, 0x55, 0x01, 0x01, 0x01, 0x50, 0x50, 0x50, 0x50, 0x50, 0x55, 0x55, 0x55, 0x0D, 0x0D, 0x0D, 0x0D, 0x0D, 0x0D, 0x0D, 0x0D,
    0x43, 0x43, 0x43, 0x0D, 0x0D, 0x0D, 0x0D, 0x0D, 0x0D, 0x50, 0x50, 0x43, 0x43, 0x43, 0x43, 0x43, 0x01, 0x0D, 0x0D, 0x50, 0x50, 0x50, 0x50, 0x50, 0x01, 0x01, 0x05, 0x0D, 0x50, 0x50, 0x50, 0x50,
    0x73, 0x4F, 0x4F, 0x4F, 0x4F, 0x4F, 0x4F, 0x4F, 0x4E, 0x73, 0x73, 0x73, 0x4F, 0x4F, 0x4F, 0x4F, 0x01, 0x01, 0x01, 0x4E, 0x73, 0x73, 0x4F, 0x4F, 0x55, 0x55, 0x55, 0x01, 0x01, 0x4E, 0x73, 0x73,
    0x0D, 0x0D, 0x0D, 0x55, 0x55, 0x01, 0x01, 0x01, 0x43, 0x43, 0x43, 0x50, 0x50, 0x55, 0x55, 0x55, 0x50, 0x50, 0x50, 0x0D, 0x0D, 0x0D, 0x0D, 0x0D, 0x50, 0x50, 0x0D, 0x05, 0x01, 0x01, 0x05, 0x0D,
    0x4F, 0x4F, 0x73, 0x01, 0x55, 0x50, 0x50, 0x50, 0x4F, 0x4F, 0x73, 0x4E, 0x01, 0x55, 0x50, 0x50, 0x4F, 0x4F, 0x4F, 0x73, 0x01, 0x55, 0x50, 0x50, 0x73, 0x4F, 0x4F, 0x73, 0x4E, 0x01, 0x55, 0x50,
    0x4E, 0x73, 0x4F, 0x4F, 0x73, 0x4E, 0x01, 0x55, 0x01, 0x4E, 0x73, 0x73, 0x50, 0x73, 0x4E, 0x01, 0x55, 0x01, 0x01, 0x4E, 0x73, 0x50, 0x73, 0x4E, 0x05, 0x55, 0x55, 0x01, 0x4E, 0x73, 0x50, 0x73,
    0x50, 0x50, 0x50, 0x50, 0x50, 0x50, 0x50, 0x0D, 0x50, 0x50, 0x50, 0x50, 0x50, 0x50, 0x50, 0x0D, 0x50, 0x50, 0x50, 0x50, 0x50, 0x50, 0x50, 0x0D, 0x50, 0x50, 0x50, 0x50, 0x50, 0x50, 0x50, 0x50,
    0x50, 0x50, 0x50, 0x50, 0x50, 0x50, 0x50, 0x50, 0x55, 0x55, 0x50, 0x50, 0x50, 0x50, 0x50, 0x50, 0x01, 0x01, 0x55, 0x50, 0x50, 0x50, 0x50, 0x50, 0x73, 0x4E, 0x01, 0x55, 0x55, 0x55, 0x50, 0x50,
    0x05, 0x01, 0x01, 0x01, 0x01, 0x01, 0x01, 0x01, 0x05, 0x01, 0x01, 0x05, 0x01, 0x01, 0x05, 0x01, 0x05, 0x05, 0x01, 0x01, 0x05, 0x01, 0x01, 0x0D, 0x0D, 0x05, 0x01, 0x01, 0x05, 0x0D, 0x05, 0x01,
    0x50, 0x0D, 0x05, 0x01, 0x01, 0x05, 0x0D, 0x0D, 0x50, 0x50, 0x0D, 0x05, 0x01, 0x01, 0x01, 0x05, 0x50, 0x50, 0x50, 0x0D, 0x0D, 0x05, 0x01, 0x01, 0x50, 0x50, 0x50, 0x50, 0x50, 0x0D, 0x0D, 0x0D,
    0x05, 0x05, 0x05, 0x05, 0x0D, 0x0D, 0x0D, 0x0D, 0x01, 0x01, 0x0D, 0x0D, 0x0D, 0x05, 0x05, 0x05, 0x0D, 0x05, 0x01, 0x01, 0x01, 0x0D, 0x05, 0x05, 0x01, 0x0D, 0x0D, 0x0D, 0x05, 0x05, 0x0D, 0x05,
    0x01, 0x01, 0x01, 0x0D, 0x0D, 0x0D, 0x0D, 0x0D, 0x0D, 0x05, 0x01, 0x01, 0x0D, 0x05, 0x43, 0x43, 0x01, 0x0D, 0x05, 0x01, 0x01, 0x0D, 0x0D, 0x0D, 0x0D, 0x05, 0x0D, 0x0D, 0x05, 0x01, 0x0D, 0x0D,
    0x05, 0x0D, 0x05, 0x05, 0x0D, 0x01, 0x01, 0x01, 0x0D, 0x0D, 0x0D, 0x01, 0x05, 0x05, 0x01, 0x01, 0x05, 0x01, 0x01, 0x01, 0x01, 0x01, 0x05, 0x01, 0x05, 0x05, 0x01, 0x01, 0x01, 0x05, 0x01, 0x01,
    0x05, 0x05, 0x05, 0x01, 0x05, 0x0D, 0x01, 0x01, 0x0D, 0x05, 0x01, 0x05, 0x0D, 0x05, 0x01, 0x01, 0x05, 0x05, 0x05, 0x01, 0x01, 0x01, 0x01, 0x01, 0x43, 0x43, 0x43, 0x43, 0x0D, 0x0D, 0x0D, 0x0D,
    0x01, 0x01, 0x01, 0x01, 0x01, 0x01, 0x01, 0x01, 0x01, 0x01, 0x01, 0x01, 0x01, 0x01, 0x01, 0x01, 0x01, 0x01, 0x01, 0x01, 0x01, 0x01, 0x01, 0x01, 0x01, 0x01, 0x01, 0x05, 0x01, 0x01, 0x01, 0x01,
    0x01, 0x01, 0x0D, 0x01, 0x01, 0x01, 0x01, 0x01, 0x01, 0x0D, 0x05, 0x01, 0x05, 0x01, 0x01, 0x05, 0x05, 0x0D, 0x05, 0x05, 0x05, 0x0D, 0x0D, 0x0D, 0x43, 0x0D, 0x0D, 0x0D, 0x0D, 0x05, 0x05, 0x0D,
    0x01, 0x05, 0x05, 0x05, 0x01, 0x01, 0x01, 0x0D, 0x01, 0x05, 0x05, 0x01, 0x01, 0x01, 0x01, 0x01, 0x01, 0x05, 0x0D, 0x05, 0x01, 0x01, 0x01, 0x01, 0x01, 0x05, 0x43, 0x0D, 0x05, 0x01, 0x01, 0x01,
    0x05, 0x0D, 0x50, 0x50, 0x0D, 0x0D, 0x05, 0x01, 0x05, 0x0D, 0x50, 0x0D, 0x05, 0x05, 0x0D, 0x05, 0x0D, 0x50, 0x0D, 0x05, 0x01, 0x05, 0x05, 0x0D, 0x50, 0x50, 0x0D, 0x05, 0x01, 0x01, 0x05, 0x0D,
    0x0D, 0x05, 0x05, 0x05, 0x05, 0x73, 0x73, 0x4B, 0x01, 0x0D, 0x01, 0x05, 0x73, 0x4B, 0x06, 0x06, 0x01, 0x01, 0x01, 0x73, 0x4B, 0x06, 0x06, 0x06, 0x01, 0x01, 0x73, 0x4B, 0x4B, 0x4B, 0x4B, 0x73,
    0x01, 0x05, 0x73, 0x4B, 0x4B, 0x73, 0x73, 0x4B, 0x05, 0x73, 0x4B, 0x4B, 0x73, 0x4B, 0x4B, 0x4B, 0x73, 0x73, 0x4B, 0x73, 0x4B, 0x73, 0x73, 0x73, 0x73, 0x01, 0x73, 0x73, 0x73, 0x3C, 0x3C, 0x1B,
    0x06, 0x06, 0x06, 0x06, 0x06, 0x06, 0x06, 0x06, 0x06, 0x06, 0x06, 0x06, 0x06, 0x06, 0x06, 0x06, 0x4B, 0x4B, 0x73, 0x73, 0x73, 0x73, 0x73, 0x73, 0x73, 0x73, 0x4B, 0x4B, 0x4B, 0x06, 0x06, 0x06,
    0x4B, 0x4B, 0x4B, 0x4B, 0x06, 0x06, 0x06, 0x06, 0x4B, 0x4B, 0x06, 0x06, 0x06, 0x06, 0x06, 0x06, 0x73, 0x73, 0x73, 0x73, 0x4B, 0x4B, 0x4B, 0x4B, 0x1B, 0x3C, 0x4E, 0x4E, 0x73, 0x73, 0x73, 0x73,
    0x06, 0x06, 0x06, 0x4B, 0x4B, 0x4B, 0x4B, 0x73, 0x06, 0x06, 0x4B, 0x4B, 0x4B, 0x4B, 0x4B, 0x4B, 0x73, 0x73, 0x73, 0x73, 0x73, 0x4B, 0x4B, 0x73, 0x06, 0x06, 0x06, 0x4B, 0x4B, 0x73, 0x73, 0x73,
    0x06, 0x06, 0x06, 0x06, 0x06, 0x06, 0x06, 0x4B, 0x06, 0x06, 0x06, 0x06, 0x06, 0x06, 0x06, 0x06, 0x4B, 0x4B, 0x06, 0x06, 0x06, 0x06, 0x06, 0x06, 0x73, 0x73, 0x73, 0x73, 0x73, 0x73, 0x4B, 0x4B,
    0x73, 0x73, 0x01, 0x73, 0x73, 0x5D, 0x5D, 0x5D, 0x73, 0x73, 0x73, 0x5D, 0x5D, 0x5D, 0x5D, 0x5C, 0x73, 0x5D, 0x5D, 0x5D, 0x5D, 0x5D, 0x5C, 0x5C, 0x5D, 0x5D, 0x5D, 0x5D, 0x5D, 0x5C, 0x5C, 0x5C,
    0x73, 0x73, 0x5D, 0x5D, 0x5C, 0x5C, 0x5C, 0x5C, 0x06, 0x4B, 0x73, 0x73, 0x5D, 0x5C, 0x5C, 0x5C, 0x06, 0x06, 0x06, 0x4B, 0x73, 0x5D, 0x5C, 0x5C, 0x06, 0x06, 0x06, 0x4B, 0x4B, 0x73, 0x73, 0x5D,
    0x5C, 0x5C, 0x5C, 0x5C, 0x5C, 0x5C, 0x5C, 0x5C, 0x5C, 0x5C, 0x5C, 0x5C, 0x5C, 0x5C, 0x5C, 0x5C, 0x5C, 0x5C, 0x5C, 0x5C, 0x5C, 0x5C, 0x5C, 0x5C, 0x5C, 0x5C, 0x5D, 0x5C, 0x5C, 0x5C, 0x5C, 0x5C,
    0x5C, 0x5C, 0x5D, 0x5D, 0x5D, 0x5C, 0x5C, 0x5C, 0x5C, 0x5C, 0x5C, 0x5D, 0x5D, 0x5D, 0x5D, 0x5D, 0x5C, 0x5C, 0x5C, 0x5C, 0x5D, 0x5D, 0x73, 0x73, 0x5D, 0x5C, 0x5C, 0x5C, 0x5C, 0x5C, 0x5D, 0x5D,
    0x5C, 0x5C, 0x5C, 0x5C, 0x58, 0x58, 0x58, 0x58, 0x5C, 0x5C, 0x5C, 0x5C, 0x58, 0x58, 0x58, 0x58, 0x5C, 0x5C, 0x5C, 0x5C, 0x58, 0x58, 0x58, 0x58, 0x5C, 0x5C, 0x5C, 0x5C, 0x5C, 0x58, 0x58, 0x58,
    0x5C, 0x5C, 0x5C, 0x5C, 0x5C, 0x5C, 0x58, 0x58, 0x5D, 0x5D, 0x5D, 0x5D, 0x5C, 0x5C, 0x5C, 0x5C, 0x73, 0x73, 0x73, 0x73, 0x73, 0x5D, 0x5D, 0x5D, 0x5D, 0x5D, 0x5D, 0x73, 0x5D, 0x5D, 0x5D, 0x5C,
    0x58, 0x58, 0x58, 0x58, 0x58, 0x5C, 0x5C, 0x5C, 0x58, 0x58, 0x58, 0x58, 0x58, 0x58, 0x58, 0x58, 0x58, 0x58, 0x58, 0x58, 0x58, 0x58, 0x58, 0x58, 0x58, 0x58, 0x58, 0x58, 0x58, 0x58, 0x58, 0x33,
    0x58, 0x5C, 0x5C, 0x5C, 0x58, 0x58, 0x58, 0x33, 0x5C, 0x5D, 0x5C, 0x5C, 0x5C, 0x58, 0x58, 0x58, 0x5D, 0x5D, 0x5C, 0x5C, 0x58, 0x58, 0x58, 0x58, 0x5C, 0x5C, 0x5C, 0x5C, 0x58, 0x58, 0x58, 0x58,
    0x5D, 0x5D, 0x5D, 0x73, 0x73, 0x3C, 0x73, 0x5D, 0x5C, 0x5C, 0x5C, 0x5D, 0x5D, 0x73, 0x73, 0x5D, 0x33, 0x33, 0x58, 0x5C, 0x5C, 0x5C, 0x5D, 0x5D, 0x33, 0x33, 0x33, 0x33, 0x33, 0x58, 0x5C, 0x5C,
    0x33, 0x33, 0x33, 0x33, 0x33, 0x33, 0x33, 0x58, 0x58, 0x33, 0x33, 0x33, 0x33, 0x33, 0x33, 0x33, 0x58, 0x33, 0x33, 0x33, 0x33, 0x33, 0x33, 0x33, 0x33, 0x33, 0x33, 0x33, 0x33, 0x33, 0x33, 0x33,
    0x73, 0x4E, 0x73, 0x3C, 0x1B, 0x73, 0x1B, 0x4E, 0x5D, 0x73, 0x3C, 0x4E, 0x1B, 0x4E, 0x73, 0x73, 0x73, 0x4E, 0x3C, 0x1B, 0x73, 0x3C, 0x73, 0x1B, 0x5D, 0x73, 0x73, 0x4E, 0x1B, 0x73, 0x73, 0x4E,
    0x58, 0x5C, 0x5D, 0x73, 0x73, 0x5D, 0x5D, 0x73, 0x58, 0x58, 0x5C, 0x5C, 0x5D, 0x5D, 0x73, 0x4E, 0x33, 0x58, 0x58, 0x58, 0x58, 0x5C, 0x5D, 0x73, 0x33, 0x33, 0x58, 0x58, 0x58, 0x58, 0x58, 0x5C,
    0x73, 0x5D, 0x5C, 0x5C, 0x5C, 0x5C, 0x5D, 0x5D, 0x5D, 0x5D, 0x73, 0x73, 0x5D, 0x5C, 0x5D, 0x5D, 0x73, 0x73, 0x4E, 0x3C, 0x73, 0x73, 0x5C, 0x5D, 0x73, 0x4E, 0x1B, 0x73, 0x1B, 0x4E, 0x73, 0x5D,
    0x4E, 0x1B, 0x1B, 0x3C, 0x73, 0x73, 0x5D, 0x73, 0x1B, 0x4E, 0x73, 0x73, 0x73, 0x1B, 0x73, 0x73, 0x73, 0x3C, 0x4E, 0x73, 0x73, 0x4E, 0x73, 0x4E, 0x5D, 0x73, 0x73, 0x5D, 0x5D, 0x73, 0x73, 0x3C,
    0x5D, 0x5D, 0x5D, 0x73, 0x4E, 0x4E, 0x4E, 0x73, 0x5D, 0x5D, 0x5D, 0x73, 0x73, 0x73, 0x4E, 0x73, 0x5D, 0x5D, 0x5D, 0x5D, 0x73, 0x4E, 0x4E, 0x73, 0x5D, 0x5D, 0x5D, 0x5D, 0x73, 0x73, 0x73, 0x73,
    0x73, 0x73, 0x5D, 0x5D, 0x5D, 0x73, 0x01, 0x73, 0x4E, 0x3C, 0x73, 0x73, 0x73, 0x5D, 0x73, 0x01, 0x1B, 0x73, 0x1B, 0x4E, 0x73, 0x5D, 0x73, 0x73, 0x1B, 0x3C, 0x73, 0x73, 0x73, 0x73, 0x4E, 0x4E,
    0x55, 0x73, 0x01, 0x01, 0x01, 0x73, 0x73, 0x73, 0x55, 0x73, 0x73, 0x73, 0x01, 0x73, 0x73, 0x73, 0x73, 0x73, 0x4E, 0x4E, 0x73, 0x73, 0x73, 0x73, 0x4E, 0x73, 0x73, 0x4E, 0x73, 0x73, 0x73, 0x73,
    0x73, 0x73, 0x4E, 0x4E, 0x73, 0x73, 0x73, 0x4E, 0x01, 0x73, 0x73, 0x4E, 0x73, 0x4E, 0x4E, 0x73, 0x01, 0x01, 0x73, 0x73, 0x73, 0x73, 0x73, 0x4E, 0x73, 0x73, 0x73, 0x01, 0x73, 0x01, 0x73, 0x4E,
    0x73, 0x73, 0x5B, 0x10, 0x10, 0x10, 0x10, 0x10, 0x73, 0x73, 0x10, 0x10, 0x10, 0x73, 0x73, 0x73, 0x73, 0x5B, 0x10, 0x10, 0x73, 0x73, 0x73, 0x73, 0x73, 0x73, 0x5B, 0x10, 0x73, 0x73, 0x73, 0x73,
    0x4E, 0x4E, 0x73, 0x10, 0x10, 0x10, 0x10, 0x5B, 0x4E, 0x4E, 0x73, 0x5B, 0x73, 0x73, 0x5B, 0x10, 0x73, 0x4E, 0x73, 0x5B, 0x73, 0x4E, 0x73, 0x73, 0x4E, 0x4E, 0x73, 0x73, 0x73, 0x4E, 0x4E, 0x4E,
    0x10, 0x10, 0x10, 0x10, 0x10, 0x10, 0x73, 0x73, 0x73, 0x73, 0x73, 0x5B, 0x5B, 0x10, 0x5B, 0x73, 0x73, 0x73, 0x73, 0x73, 0x73, 0x73, 0x73, 0x73, 0x73, 0x73, 0x73, 0x73, 0x73, 0x73, 0x73, 0x73,
    0x73, 0x73, 0x73, 0x73, 0x73, 0x73, 0x73, 0x73, 0x10, 0x10, 0x10, 0x5B, 0x5B, 0x73, 0x73, 0x73, 0x5B, 0x10, 0x10, 0x10, 0x5B, 0x5B, 0x5B, 0x73, 0x73, 0x73, 0x73, 0x73, 0x73, 0x73, 0x73, 0x73,
    0x73, 0x73, 0x38, 0x2F, 0x0B, 0x0B, 0x73, 0x73, 0x73, 0x73, 0x73, 0x73, 0x38, 0x0B, 0x0B, 0x2F, 0x5B, 0x5B, 0x73, 0x73, 0x73, 0x38, 0x0B, 0x0B, 0x5B, 0x5B, 0x5B, 0x73, 0x73, 0x38, 0x38, 0x38,
    0x73, 0x73, 0x5B, 0x5B, 0x73, 0x73, 0x73, 0x73, 0x73, 0x73, 0x73, 0x73, 0x01, 0x73, 0x38, 0x38, 0x73, 0x73, 0x73, 0x73, 0x73, 0x73, 0x73, 0x73, 0x73, 0x73, 0x73, 0x73, 0x73, 0x73, 0x73, 0x73,
    0x73, 0x73, 0x73, 0x73, 0x73, 0x73, 0x73, 0x73, 0x2F, 0x38, 0x38, 0x38, 0x38, 0x38, 0x38, 0x38, 0x0B, 0x0B, 0x0B, 0x2F, 0x2F, 0x2F, 0x2F, 0x38, 0x2F, 0x2F, 0x0B, 0x0B, 0x2F, 0x2F, 0x2F, 0x2F,
    0x73, 0x38, 0x38, 0x2F, 0x2F, 0x2F, 0x2F, 0x2F, 0x38, 0x73, 0x73, 0x73, 0x73, 0x73, 0x73, 0x38, 0x73, 0x38, 0x38, 0x38, 0x38, 0x38, 0x38, 0x73, 0x73, 0x73, 0x73, 0x73, 0x38, 0x38, 0x38, 0x38,
    0x73, 0x73, 0x73, 0x73, 0x38, 0x73, 0x38, 0x38, 0x38, 0x38, 0x38, 0x38, 0x38, 0x73, 0x38, 0x38, 0x38, 0x38, 0x38, 0x38, 0x38, 0x73, 0x38, 0x38, 0x38, 0x38, 0x38, 0x38, 0x38, 0x73, 0x38, 0x38,
    0x38, 0x38, 0x38, 0x38, 0x38, 0x73, 0x38, 0x38, 0x38, 0x38, 0x38, 0x38, 0x38, 0x73, 0x38, 0x38, 0x73, 0x73, 0x73, 0x73, 0x73, 0x73, 0x73, 0x73, 0x38, 0x38, 0x38, 0x38, 0x38, 0x38, 0x38, 0x38,
    0x38, 0x38, 0x2F, 0x0B, 0x0B, 0x0B, 0x2F, 0x2F, 0x38, 0x2F, 0x0B, 0x0B, 0x0B, 0x0B, 0x2F, 0x2F, 0x2F, 0x2F, 0x0B, 0x0B, 0x0B, 0x0B, 0x2F, 0x2F, 0x2F, 0x2F, 0x0B, 0x0B, 0x0B, 0x0B, 0x2F, 0x2F,
    0x2F, 0x2F, 0x0B, 0x0B, 0x0B, 0x0B, 0x2F, 0x2F, 0x2F, 0x2F, 0x0B, 0x0B, 0x0B, 0x2F, 0x2F, 0x2F, 0x73, 0x73, 0x73, 0x73, 0x73, 0x73, 0x73, 0x73, 0x38, 0x38, 0x38, 0x38, 0x38, 0x38, 0x38, 0x38,
    0x2F, 0x38, 0x38, 0x73, 0x73, 0x73, 0x73, 0x73, 0x2F, 0x38, 0x38, 0x73, 0x38, 0x38, 0x38, 0x38, 0x2F, 0x38, 0x38, 0x73, 0x38, 0x38, 0x38, 0x38, 0x2F, 0x38, 0x38, 0x73, 0x38, 0x38, 0x38, 0x38,
    0x2F, 0x38, 0x38, 0x73, 0x38, 0x38, 0x38, 0x38, 0x38, 0x38, 0x38, 0x73, 0x38, 0x38, 0x38, 0x38, 0x73, 0x73, 0x73, 0x73, 0x73, 0x73, 0x73, 0x73, 0x38, 0x38, 0x38, 0x38, 0x38, 0x38, 0x38, 0x38,
    0x73, 0x73, 0x73, 0x73, 0x73, 0x73, 0x73, 0x73, 0x38, 0x38, 0x38, 0x38, 0x2F, 0x2F, 0x2F, 0x2F, 0x38, 0x38, 0x2F, 0x2F, 0x2F, 0x2F, 0x0B, 0x0B, 0x38, 0x2F, 0x2F, 0x2F, 0x2F, 0x0B, 0x0B, 0x0B,
    0x38, 0x2F, 0x2F, 0x2F, 0x2F, 0x2F, 0x38, 0x38, 0x73, 0x73, 0x73, 0x73, 0x73, 0x73, 0x73, 0x73, 0x38, 0x38, 0x38, 0x38, 0x38, 0x38, 0x38, 0x38, 0x38, 0x38, 0x38, 0x38, 0x38, 0x73, 0x73, 0x73,
    0x73, 0x73, 0x73, 0x73, 0x73, 0x38, 0x2F, 0x0B, 0x2F, 0x2F, 0x0B, 0x0B, 0x0B, 0x0B, 0x0B, 0x0B, 0x0B, 0x0B, 0x0B, 0x0B, 0x0B, 0x0B, 0x2F, 0x38, 0x2F, 0x2F, 0x2F, 0x2F, 0x38, 0x38, 0x38, 0x73,
    0x38, 0x73, 0x73, 0x73, 0x73, 0x73, 0x73, 0x73, 0x73, 0x38, 0x38, 0x38, 0x73, 0x73, 0x73, 0x73, 0x73, 0x73, 0x73, 0x73, 0x17, 0x17, 0x17, 0x17, 0x05, 0x0D, 0x3D, 0x17, 0x17, 0x17, 0x17, 0x17,
    0x0B, 0x0B, 0x2F, 0x38, 0x38, 0x73, 0x73, 0x73, 0x2F, 0x38, 0x73, 0x73, 0x73, 0x73, 0x73, 0x73, 0x73, 0x73, 0x73, 0x73, 0x73, 0x3D, 0x4E, 0x55, 0x73, 0x73, 0x73, 0x17, 0x17, 0x3D, 0x51, 0x4E,
    0x73, 0x17, 0x17, 0x17, 0x17, 0x17, 0x51, 0x4E, 0x17, 0x17, 0x17, 0x17, 0x17, 0x17, 0x3D, 0x4E, 0x17, 0x17, 0x17, 0x17, 0x17, 0x17, 0x3D, 0x51, 0x17, 0x17, 0x17, 0x17, 0x17, 0x17, 0x3D, 0x51,
    0x73, 0x55, 0x4F, 0x2A, 0x2A, 0x2A, 0x2A, 0x2A, 0x73, 0x73, 0x55, 0x4F, 0x2A, 0x2A, 0x2A, 0x2A, 0x73, 0x73, 0x73, 0x4F, 0x4F, 0x4F, 0x2A, 0x2A, 0x73, 0x73, 0x73, 0x55, 0x4F, 0x4F, 0x4F, 0x4F,
    0x55, 0x73, 0x73, 0x73, 0x55, 0x4F, 0x4F, 0x4F, 0x55, 0x73, 0x73, 0x73, 0x73, 0x4F, 0x4F, 0x4F, 0x55, 0x73, 0x73, 0x73, 0x73, 0x55, 0x4F, 0x4F, 0x55, 0x73, 0x73, 0x55, 0x73, 0x73, 0x55, 0x4F,
    0x2A, 0x2A, 0x2A, 0x2A, 0x2A, 0x2A, 0x2A, 0x2A, 0x2A, 0x2A, 0x2A, 0x2A, 0x2A, 0x2A, 0x2A, 0x2A, 0x2A, 0x2A, 0x2A, 0x2A, 0x2A, 0x2A, 0x2A, 0x2A, 0x2A, 0x2A, 0x2A, 0x2A, 0x2A, 0x2A, 0x2A, 0x2A,
    0x4F, 0x4F, 0x4F, 0x2A, 0x2A, 0x2A, 0x2A, 0x2A, 0x4F, 0x4F, 0x4F, 0x4F, 0x4F, 0x4F, 0x2A, 0x2A, 0x4F, 0x4F, 0x4F, 0x4F, 0x4F, 0x4F, 0x4F, 0x4F, 0x4F, 0x4F, 0x4F, 0x4F, 0x4F, 0x4F, 0x4F, 0x4F,
    0x2A, 0x2A, 0x2A, 0x2A, 0x2A, 0x2A, 0x2A, 0x4F, 0x2A, 0x2A, 0x2A, 0x2A, 0x2A, 0x2A, 0x2A, 0x2A, 0x2A, 0x2A, 0x2A, 0x2A, 0x2A, 0x2A, 0x2A, 0x2A, 0x2A, 0x2A, 0x2A, 0x2A, 0x2A, 0x2A, 0x2A, 0x2A,
    0x2A, 0x2A, 0x2A, 0x2A, 0x2A, 0x2A, 0x2A, 0x2A, 0x2A, 0x2A, 0x2A, 0x2A, 0x2A, 0x2A, 0x2A, 0x2A, 0x4F, 0x4F, 0x4F, 0x4F, 0x4F, 0x4F, 0x4F, 0x4F, 0x4F, 0x4F, 0x4F, 0x55, 0x55, 0x55, 0x55, 0x55,
    0x55, 0x73, 0x73, 0x43, 0x0D, 0x05, 0x05, 0x05, 0x4F, 0x55, 0x73, 0x73, 0x43, 0x0D, 0x05, 0x05, 0x2A, 0x4F, 0x73, 0x73, 0x73, 0x43, 0x05, 0x05, 0x2A, 0x2A, 0x55, 0x73, 0x73, 0x73, 0x0D, 0x0D,
    0x2A, 0x2A, 0x4F, 0x55, 0x73, 0x73, 0x43, 0x0D, 0x2A, 0x4F, 0x4F, 0x4F, 0x55, 0x73, 0x73, 0x43, 0x4F, 0x55, 0x55, 0x55, 0x55, 0x73, 0x73, 0x43, 0x55, 0x73, 0x73, 0x73, 0x73, 0x73, 0x73, 0x73,
    0x05, 0x05, 0x05, 0x0D, 0x43, 0x73, 0x73, 0x57, 0x05, 0x05, 0x05, 0x05, 0x0D, 0x43, 0x73, 0x73, 0x05, 0x05, 0x05, 0x05, 0x0D, 0x0D, 0x73, 0x73, 0x0D, 0x0D, 0x0D, 0x0D, 0x0D, 0x0D, 0x43, 0x73,
    0x0D, 0x0D, 0x0D, 0x0D, 0x0D, 0x0D, 0x43, 0x43, 0x43, 0x43, 0x43, 0x43, 0x43, 0x43, 0x73, 0x73, 0x73, 0x73, 0x73, 0x73, 0x73, 0x73, 0x73, 0x73, 0x73, 0x73, 0x73, 0x73, 0x73, 0x73, 0x43, 0x43,
    0x54, 0x2B, 0x2B, 0x2B, 0x2B, 0x54, 0x57, 0x73, 0x57, 0x2B, 0x2B, 0x2B, 0x2B, 0x54, 0x54, 0x73, 0x73, 0x54, 0x54, 0x54, 0x54, 0x54, 0x54, 0x57, 0x73, 0x57, 0x54, 0x54, 0x57, 0x57, 0x57, 0x57,
    0x73, 0x73, 0x57, 0x57, 0x73, 0x73, 0x73, 0x73, 0x73, 0x73, 0x73, 0x73, 0x73, 0x73, 0x73, 0x73, 0x73, 0x73, 0x73, 0x73, 0x57, 0x57, 0x57, 0x57, 0x43, 0x73, 0x73, 0x57, 0x54, 0x54, 0x54, 0x54,
    0x73, 0x73, 0x6F, 0x6F, 0x6F, 0x6F, 0x6F, 0x6F, 0x73, 0x73, 0x73, 0x6F, 0x6F, 0x6F, 0x6F, 0x6F, 0x73, 0x73, 0x73, 0x6F, 0x6F, 0x6F, 0x6F, 0x6F, 0x73, 0x73, 0x73, 0x73, 0x6F, 0x6F, 0x6F, 0x6F,
    0x73, 0x73, 0x73, 0x73, 0x73, 0x6F, 0x6F, 0x6F, 0x73, 0x73, 0x73, 0x73, 0x73, 0x6F, 0x6F, 0x6F, 0x57, 0x57, 0x73, 0x73, 0x73, 0x73, 0x6F, 0x6F, 0x54, 0x54, 0x57, 0x73, 0x73, 0x73, 0x6F, 0x6F,
    0x6F, 0x6F, 0x6F, 0x6F, 0x6F, 0x6F, 0x6F, 0x6F, 0x6F, 0x6F, 0x6F, 0x6F, 0x6F, 0x6F, 0x6F, 0x6F, 0x6F, 0x6F, 0x6F, 0x6F, 0x6F, 0x6F, 0x6F, 0x6F, 0x6F, 0x6F, 0x6F, 0x6F, 0x6F, 0x6F, 0x6F, 0x6F,
    0x6F, 0x6F, 0x6F, 0x6F, 0x6F, 0x6F, 0x6F, 0x6F, 0x6F, 0x6F, 0x6F, 0x6F, 0x6F, 0x6F, 0x6F, 0x6F, 0x6F, 0x6F, 0x6F, 0x6F, 0x6F, 0x6F, 0x6F, 0x6F, 0x6F, 0x6F, 0x6F, 0x6F, 0x6F, 0x6F, 0x6F, 0x6F,
    0x6F, 0x6F, 0x6F, 0x6F, 0x6F, 0x6F, 0x6F, 0x6F, 0x6F, 0x6F, 0x6F, 0x6F, 0x6F, 0x6F, 0x6F, 0x6F, 0x6F, 0x6F, 0x6F, 0x6F, 0x6F, 0x6F, 0x6F, 0x6F, 0x6F, 0x6F, 0x6F, 0x6F, 0x6F, 0x6F, 0x6F, 0x6F,
    0x6F, 0x6F, 0x6F, 0x6F, 0x6F, 0x6F, 0x6F, 0x6F, 0x6F, 0x6F, 0x6F, 0x6F, 0x6F, 0x6F, 0x6F, 0x73, 0x6F, 0x6F, 0x6F, 0x6F, 0x6F, 0x6F, 0x6F, 0x73, 0x6F, 0x6F, 0x6F, 0x6F, 0x6F, 0x6F, 0x6F, 0x73,
    0x6F, 0x73, 0x73, 0x73, 0x73, 0x54, 0x54, 0x54, 0x6F, 0x73, 0x73, 0x73, 0x57, 0x54, 0x2B, 0x2B, 0x6F, 0x73, 0x73, 0x73, 0x57, 0x2B, 0x2B, 0x2B, 0x73, 0x73, 0x73, 0x73, 0x54, 0x2B, 0x2B, 0x2B,
    0x73, 0x73, 0x73, 0x57, 0x2B, 0x2B, 0x2B, 0x2B, 0x73, 0x73, 0x73, 0x54, 0x2B, 0x2B, 0x2B, 0x2B, 0x73, 0x73, 0x57, 0x2B, 0x2B, 0x2B, 0x2B, 0x2B, 0x73, 0x73, 0x54, 0x2B, 0x2B, 0x2B, 0x2B, 0x2B,
    0x54, 0x54, 0x54, 0x54, 0x73, 0x73, 0x43, 0x0D, 0x2B, 0x2B, 0x54, 0x57, 0x73, 0x73, 0x0D, 0x0D, 0x2B, 0x2B, 0x54, 0x73, 0x73, 0x43, 0x0D, 0x05, 0x2B, 0x54, 0x57, 0x73, 0x73, 0x0D, 0x0D, 0x05,
    0x2B, 0x54, 0x73, 0x73, 0x43, 0x0D, 0x05, 0x05, 0x2B, 0x57, 0x73, 0x73, 0x43, 0x0D, 0x05, 0x05, 0x54, 0x57, 0x73, 0x73, 0x0D, 0x0D, 0x05, 0x05, 0x54, 0x73, 0x73, 0x43, 0x0D, 0x05, 0x05, 0x05,
    0x0D, 0x0D, 0x43, 0x43, 0x43, 0x43, 0x43, 0x43, 0x0D, 0x0D, 0x0D, 0x0D, 0x0D, 0x0D, 0x43, 0x73, 0x05, 0x05, 0x05, 0x05, 0x05, 0x0D, 0x43, 0x73, 0x05, 0x05, 0x05, 0x05, 0x05, 0x0D, 0x73, 0x73,
    0x05, 0x05, 0x05, 0x05, 0x05, 0x43, 0x73, 0x73, 0x05, 0x05, 0x05, 0x05, 0x0D, 0x73, 0x73, 0x55, 0x05, 0x05, 0x05, 0x05, 0x43, 0x73, 0x73, 0x4F, 0x05, 0x05, 0x05, 0x0D, 0x73, 0x73, 0x55, 0x4F,
    0x73, 0x73, 0x73, 0x73, 0x73, 0x73, 0x73, 0x73, 0x73, 0x55, 0x55, 0x55, 0x55, 0x55, 0x55, 0x73, 0x73, 0x55, 0x4F, 0x2A, 0x2A, 0x4F, 0x4F, 0x55, 0x55, 0x4F, 0x2A, 0x2A, 0x2A, 0x2A, 0x2A, 0x2A,
    0x4F, 0x2A, 0x2A, 0x2A, 0x2A, 0x2A, 0x2A, 0x2A, 0x4F, 0x4F, 0x2A, 0x2A, 0x2A, 0x2A, 0x2A, 0x2A, 0x4F, 0x4F, 0x2A, 0x2A, 0x2A, 0x2A, 0x2A, 0x2A, 0x4F, 0x4F, 0x4F, 0x2A, 0x2A, 0x2A, 0x2A, 0x2A,
    0x73, 0x73, 0x73, 0x73, 0x73, 0x55, 0x55, 0x55, 0x73, 0x73, 0x73, 0x73, 0x73, 0x73, 0x73, 0x73, 0x55, 0x55, 0x55, 0x55, 0x55, 0x73, 0x73, 0x73, 0x2A, 0x2A, 0x2A, 0x4F, 0x4F, 0x55, 0x55, 0x55,
    0x2A, 0x2A, 0x2A, 0x2A, 0x2A, 0x4F, 0x4F, 0x4F, 0x2A, 0x2A, 0x2A, 0x2A, 0x2A, 0x2A, 0x4F, 0x4F, 0x2A, 0x2A, 0x2A, 0x2A, 0x2A, 0x2A, 0x2A, 0x4F, 0x2A, 0x2A, 0x2A, 0x2A, 0x2A, 0x2A, 0x2A, 0x4F,
    0x55, 0x55, 0x55, 0x4F, 0x4F, 0x4F, 0x4F, 0x4F, 0x73, 0x73, 0x73, 0x55, 0x55, 0x55, 0x55, 0x55, 0x73, 0x73, 0x73, 0x73, 0x73, 0x73, 0x73, 0x73, 0x55, 0x55, 0x55, 0x73, 0x73, 0x73, 0x73, 0x73,
    0x4F, 0x4F, 0x4F, 0x55, 0x55, 0x55, 0x55, 0x73, 0x4F, 0x4F, 0x4F, 0x4F, 0x4F, 0x4F, 0x55, 0x73, 0x4F, 0x4F, 0x4F, 0x4F, 0x4F, 0x4F, 0x73, 0x73, 0x4F, 0x4F, 0x4F, 0x4F, 0x4F, 0x55, 0x73, 0x73,
    0x55, 0x73, 0x73, 0x73, 0x55, 0x73, 0x73, 0x55, 0x55, 0x73, 0x73, 0x55, 0x55, 0x73, 0x73, 0x55, 0x73, 0x73, 0x55, 0x4F, 0x55, 0x73, 0x73, 0x55, 0x73, 0x73, 0x4F, 0x4F, 0x4F, 0x73, 0x73, 0x55,
    0x73, 0x55, 0x4F, 0x4F, 0x4F, 0x55, 0x73, 0x73, 0x73, 0x4F, 0x4F, 0x4F, 0x4F, 0x55, 0x73, 0x73, 0x55, 0x4F, 0x4F, 0x4F, 0x4F, 0x4F, 0x73, 0x73, 0x4F, 0x4F, 0x4F, 0x4F, 0x4F, 0x4F, 0x55, 0x73,
    0x51, 0x3D, 0x17, 0x17, 0x17, 0x17, 0x17, 0x17, 0x51, 0x3D, 0x17, 0x17, 0x17, 0x17, 0x17, 0x17, 0x4E, 0x3D, 0x17, 0x17, 0x17, 0x17, 0x17, 0x17, 0x4E, 0x51, 0x17, 0x17, 0x17, 0x17, 0x17, 0x17,
    0x4E, 0x51, 0x3D, 0x17, 0x17, 0x17, 0x17, 0x17, 0x55, 0x4E, 0x3D, 0x17, 0x17, 0x17, 0x0D, 0x0D, 0x73, 0x55, 0x51, 0x3D, 0x17, 0x3D, 0x3D, 0x3D, 0x73, 0x73, 0x55, 0x51, 0x3D, 0x17, 0x17, 0x17,
    0x17, 0x17, 0x17, 0x17, 0x17, 0x17, 0x3D, 0x0D, 0x17, 0x17, 0x17, 0x17, 0x17, 0x17, 0x17, 0x3D, 0x17, 0x17, 0x17, 0x17, 0x17, 0x17, 0x17, 0x3D, 0x17, 0x17, 0x17, 0x17, 0x3D, 0x3D, 0x0D, 0x0D,
    0x3D, 0x0D, 0x0D, 0x0D, 0x05, 0x05, 0x05, 0x05, 0x05, 0x05, 0x05, 0x05, 0x05, 0x05, 0x05, 0x05, 0x3D, 0x0D, 0x0D, 0x0D, 0x05, 0x05, 0x05, 0x05, 0x17, 0x17, 0x17, 0x3D, 0x3D, 0x3D, 0x0D, 0x0D,
    0x05, 0x05, 0x0D, 0x0D, 0x05, 0x05, 0x05, 0x05, 0x05, 0x0D, 0x3D, 0x3D, 0x3D, 0x0D, 0x05, 0x05, 0x3D, 0x3D, 0x17, 0x17, 0x17, 0x3D, 0x0D, 0x05, 0x05, 0x3D, 0x17, 0x17, 0x17, 0x3D, 0x0D, 0x05,
    0x05, 0x0D, 0x3D, 0x17, 0x3D, 0x3D, 0x05, 0x05, 0x05, 0x05, 0x05, 0x0D, 0x0D, 0x05, 0x05, 0x05, 0x05, 0x05, 0x05, 0x05, 0x05, 0x05, 0x05, 0x05, 0x0D, 0x05, 0x05, 0x05, 0x05, 0x05, 0x05, 0x05,
    0x05, 0x05, 0x05, 0x05, 0x05, 0x05, 0x73, 0x73, 0x05, 0x05, 0x05, 0x05, 0x05, 0x05, 0x73, 0x73, 0x05, 0x05, 0x05, 0x05, 0x05, 0x05, 0x05, 0x73, 0x05, 0x05, 0x05, 0x05, 0x05, 0x05, 0x05, 0x4E,
    0x05, 0x05, 0x05, 0x05, 0x05, 0x05, 0x0D, 0x3D, 0x05, 0x05, 0x05, 0x05, 0x05, 0x0D, 0x3D, 0x17, 0x05, 0x05, 0x05, 0x05, 0x05, 0x3D, 0x17, 0x17, 0x05, 0x05, 0x05, 0x05, 0x0D, 0x17, 0x17, 0x17,
    0x4E, 0x01, 0x01, 0x4E, 0x73, 0x4F, 0x4F, 0x4F, 0x73, 0x01, 0x01, 0x01, 0x73, 0x4F, 0x4F, 0x4F, 0x73, 0x4E, 0x01, 0x01, 0x4E, 0x73, 0x4F, 0x4F, 0x73, 0x73, 0x01, 0x01, 0x01, 0x4E, 0x73, 0x4F,
    0x73, 0x73, 0x4E, 0x01, 0x01, 0x01, 0x73, 0x4F, 0x4E, 0x73, 0x73, 0x4E, 0x01, 0x01, 0x4E, 0x73, 0x17, 0x73, 0x73, 0x73, 0x4E, 0x01, 0x01, 0x4E, 0x3D, 0x4E, 0x73, 0x73, 0x73, 0x01, 0x01, 0x01,
    0x4F, 0x4F, 0x01, 0x01, 0x73, 0x4E, 0x01, 0x55, 0x4F, 0x4F, 0x4F, 0x73, 0x4E, 0x01, 0x55, 0x50, 0x4F, 0x4F, 0x4F, 0x73, 0x01, 0x55, 0x50, 0x50, 0x4F, 0x4F, 0x73, 0x4E, 0x01, 0x55, 0x50, 0x50,
    0x4F, 0x4F, 0x73, 0x01, 0x55, 0x50, 0x50, 0x50, 0x4F, 0x73, 0x4E, 0x01, 0x55, 0x50, 0x50, 0x50, 0x73, 0x73, 0x01, 0x55, 0x4F, 0x50, 0x50, 0x50, 0x4E, 0x73, 0x01, 0x55, 0x4F, 0x50, 0x50, 0x50,
    0x50, 0x50, 0x0D, 0x05, 0x01, 0x01, 0x01, 0x0D, 0x50, 0x0D, 0x05, 0x01, 0x01, 0x01, 0x05, 0x0D, 0x50, 0x0D, 0x05, 0x01, 0x01, 0x01, 0x0D, 0x05, 0x50, 0x0D, 0x05, 0x01, 0x01, 0x01, 0x0D, 0x05,
    0x50, 0x0D, 0x05, 0x01, 0x01, 0x01, 0x0D, 0x05, 0x50, 0x0D, 0x05, 0x01, 0x01, 0x01, 0x0D, 0x05, 0x50, 0x0D, 0x05, 0x05, 0x01, 0x01, 0x0D, 0x05, 0x50, 0x50, 0x0D, 0x05, 0x05, 0x01, 0x0D, 0x05,
    0x01, 0x01, 0x01, 0x01, 0x01, 0x01, 0x0D, 0x05, 0x01, 0x01, 0x01, 0x01, 0x01, 0x01, 0x0D, 0x05, 0x01, 0x01, 0x01, 0x01, 0x01, 0x01, 0x0D, 0x05, 0x01, 0x01, 0x01, 0x01, 0x01, 0x01, 0x0D, 0x05,
    0x01, 0x01, 0x01, 0x01, 0x01, 0x05, 0x43, 0x05, 0x01, 0x01, 0x01, 0x01, 0x01, 0x05, 0x43, 0x05, 0x05, 0x01, 0x01, 0x05, 0x05, 0x05, 0x43, 0x43, 0x05, 0x05, 0x05, 0x05, 0x0D, 0x0D, 0x50, 0x50,
    0x43, 0x05, 0x0D, 0x01, 0x0D, 0x0D, 0x0D, 0x01, 0x0D, 0x05, 0x0D, 0x01, 0x0D, 0x05, 0x0D, 0x01, 0x0D, 0x01, 0x0D, 0x01, 0x0D, 0x05, 0x0D, 0x01, 0x0D, 0x01, 0x0D, 0x01, 0x0D, 0x43, 0x0D, 0x01,
    0x0D, 0x01, 0x05, 0x0D, 0x01, 0x0D, 0x01, 0x0D, 0x43, 0x05, 0x0D, 0x01, 0x0D, 0x43, 0x0D, 0x01, 0x43, 0x0D, 0x0D, 0x05, 0x0D, 0x05, 0x0D, 0x05, 0x50, 0x0D, 0x0D, 0x05, 0x0D, 0x05, 0x0D, 0x05,
    0x0D, 0x43, 0x01, 0x0D, 0x05, 0x01, 0x0D, 0x0D, 0x0D, 0x43, 0x01, 0x05, 0x0D, 0x01, 0x0D, 0x05, 0x0D, 0x43, 0x01, 0x01, 0x05, 0x0D, 0x01, 0x0D, 0x0D, 0x43, 0x01, 0x01, 0x05, 0x05, 0x0D, 0x0D,
    0x43, 0x43, 0x01, 0x05, 0x0D, 0x0D, 0x05, 0x05, 0x0D, 0x43, 0x0D, 0x05, 0x05, 0x0D, 0x0D, 0x0D, 0x0D, 0x50, 0x50, 0x0D, 0x0D, 0x0D, 0x0D, 0x50, 0x0D, 0x50, 0x50, 0x50, 0x50, 0x50, 0x50, 0x50,
    0x0D, 0x0D, 0x0D, 0x0D, 0x0D, 0x0D, 0x0D, 0x0D, 0x05, 0x01, 0x0D, 0x43, 0x43, 0x43, 0x43, 0x43, 0x05, 0x05, 0x01, 0x01, 0x01, 0x01, 0x05, 0x0D, 0x0D, 0x0D, 0x0D, 0x0D, 0x0D, 0x05, 0x05, 0x0D,
    0x05, 0x0D, 0x43, 0x43, 0x43, 0x0D, 0x0D, 0x05, 0x0D, 0x0D, 0x0D, 0x0D, 0x0D, 0x05, 0x01, 0x01, 0x50, 0x0D, 0x05, 0x01, 0x01, 0x01, 0x01, 0x01, 0x0D, 0x05, 0x01, 0x01, 0x01, 0x01, 0x01, 0x01,
    0x0D, 0x01, 0x01, 0x05, 0x0D, 0x43, 0x43, 0x50, 0x0D, 0x01, 0x01, 0x01, 0x05, 0x0D, 0x05, 0x0D, 0x05, 0x01, 0x01, 0x01, 0x01, 0x05, 0x0D, 0x05, 0x01, 0x01, 0x01, 0x05, 0x01, 0x01, 0x05, 0x0D,
    0x01, 0x01, 0x05, 0x05, 0x01, 0x01, 0x01, 0x05, 0x01, 0x01, 0x0D, 0x05, 0x01, 0x01, 0x01, 0x05, 0x01, 0x05, 0x0D, 0x05, 0x01, 0x01, 0x01, 0x01, 0x01, 0x0D, 0x05, 0x05, 0x01, 0x01, 0x01, 0x01,
    0x50, 0x50, 0x43, 0x05, 0x0D, 0x0D, 0x0D, 0x0D, 0x0D, 0x0D, 0x0D, 0x0D, 0x43, 0x05, 0x01, 0x01, 0x05, 0x05, 0x05, 0x05, 0x0D, 0x0D, 0x0D, 0x0D, 0x05, 0x01, 0x01, 0x01, 0x0D, 0x05, 0x01, 0x01,
    0x0D, 0x01, 0x01, 0x01, 0x0D, 0x0D, 0x0D, 0x0D, 0x05, 0x0D, 0x05, 0x05, 0x0D, 0x05, 0x01, 0x01, 0x05, 0x0D, 0x05, 0x05, 0x0D, 0x0D, 0x0D, 0x0D, 0x05, 0x05, 0x0D, 0x43, 0x05, 0x01, 0x01, 0x05,
    0x05, 0x05, 0x0D, 0x55, 0x01, 0x4E, 0x73, 0x4F, 0x0D, 0x05, 0x0D, 0x05, 0x55, 0x01, 0x4E, 0x73, 0x0D, 0x05, 0x0D, 0x05, 0x05, 0x55, 0x01, 0x73, 0x0D, 0x05, 0x0D, 0x05, 0x05, 0x55, 0x01, 0x4E,
    0x0D, 0x01, 0x0D, 0x05, 0x05, 0x05, 0x55, 0x01, 0x0D, 0x01, 0x0D, 0x05, 0x05, 0x05, 0x55, 0x01, 0x0D, 0x01, 0x0D, 0x05, 0x05, 0x05, 0x05, 0x55, 0x43, 0x01, 0x0D, 0x05, 0x05, 0x05, 0x05, 0x55,
    0x4F, 0x73, 0x4E, 0x01, 0x01, 0x01, 0x55, 0x55, 0x4F, 0x4F, 0x73, 0x73, 0x73, 0x4E, 0x01, 0x01, 0x4F, 0x4F, 0x4F, 0x4F, 0x4F, 0x73, 0x73, 0x4E, 0x73, 0x4F, 0x4F, 0x4F, 0x4F, 0x4F, 0x4F, 0x73,
    0x73, 0x4F, 0x4F, 0x4F, 0x4F, 0x4F, 0x4F, 0x4F, 0x4E, 0x73, 0x4F, 0x4F, 0x4F, 0x4F, 0x4F, 0x4F, 0x01, 0x73, 0x4F, 0x4F, 0x4F, 0x4F, 0x4F, 0x4F, 0x01, 0x73, 0x4F, 0x4F, 0x4F, 0x4F, 0x4F, 0x4F,
    0x50, 0x50, 0x50, 0x50, 0x50, 0x50, 0x50, 0x50, 0x55, 0x55, 0x55, 0x50, 0x50, 0x50, 0x50, 0x50, 0x01, 0x01, 0x01, 0x55, 0x55, 0x55, 0x50, 0x50, 0x73, 0x73, 0x4E, 0x01, 0x01, 0x01, 0x55, 0x55,
    0x4F, 0x4F, 0x73, 0x73, 0x73, 0x4E, 0x01, 0x01, 0x4F, 0x4F, 0x4F, 0x4F, 0x4F, 0x73, 0x73, 0x73, 0x4F, 0x4F, 0x4F, 0x4F, 0x4F, 0x4F, 0x4F, 0x4F, 0x4F, 0x4F, 0x4F, 0x4F, 0x4F, 0x4F, 0x4F, 0x4F,
    0x50, 0x0D, 0x0D, 0x50, 0x0D, 0x0D, 0x05, 0x05, 0x50, 0x50, 0x50, 0x50, 0x50, 0x50, 0x0D, 0x0D, 0x50, 0x50, 0x50, 0x50, 0x50, 0x50, 0x50, 0x50, 0x55, 0x55, 0x55, 0x55, 0x55, 0x55, 0x50, 0x50,
    0x01, 0x01, 0x01, 0x01, 0x01, 0x01, 0x55, 0x55, 0x73, 0x73, 0x73, 0x73, 0x73, 0x4E, 0x01, 0x01, 0x4F, 0x4F, 0x4F, 0x4F, 0x4F, 0x73, 0x73, 0x73, 0x4F, 0x4F, 0x4F, 0x4F, 0x4F, 0x73, 0x73, 0x73,
    0x0D, 0x50, 0x50, 0x50, 0x50, 0x50, 0x50, 0x0D, 0x0D, 0x0D, 0x50, 0x50, 0x50, 0x50, 0x50, 0x50, 0x50, 0x50, 0x0D, 0x0D, 0x50, 0x50, 0x50, 0x50, 0x50, 0x50, 0x50, 0x50, 0x50, 0x50, 0x50, 0x50,
    0x55, 0x55, 0x55, 0x55, 0x55, 0x55, 0x55, 0x55, 0x01, 0x01, 0x01, 0x01, 0x01, 0x01, 0x01, 0x01, 0x73, 0x73, 0x73, 0x73, 0x73, 0x73, 0x73, 0x73, 0x73, 0x73, 0x73, 0x73, 0x73, 0x73, 0x73, 0x73,
    0x0D, 0x05, 0x05, 0x05, 0x43, 0x0D, 0x05, 0x0D, 0x50, 0x0D, 0x05, 0x05, 0x0D, 0x50, 0x0D, 0x0D, 0x50, 0x50, 0x0D, 0x0D, 0x0D, 0x50, 0x50, 0x50, 0x50, 0x50, 0x50, 0x50, 0x0D, 0x55, 0x55, 0x55,
    0x55, 0x55, 0x55, 0x55, 0x55, 0x01, 0x01, 0x01, 0x01, 0x01, 0x01, 0x01, 0x01, 0x4E, 0x73, 0x73, 0x73, 0x73, 0x73, 0x73, 0x73, 0x73, 0x4F, 0x4F, 0x73, 0x73, 0x73, 0x73, 0x73, 0x73, 0x4F, 0x4F,
    0x50, 0x50, 0x0D, 0x05, 0x05, 0x01, 0x01, 0x0D, 0x0D, 0x50, 0x50, 0x0D, 0x05, 0x05, 0x01, 0x05, 0x0D, 0x50, 0x50, 0x50, 0x0D, 0x55, 0x55, 0x55, 0x55, 0x55, 0x55, 0x55, 0x55, 0x01, 0x01, 0x01,
    0x01, 0x01, 0x01, 0x01, 0x01, 0x4E, 0x73, 0x73, 0x73, 0x73, 0x73, 0x73, 0x73, 0x73, 0x4F, 0x73, 0x4F, 0x4F, 0x4F, 0x4F, 0x4F, 0x4F, 0x4F, 0x73, 0x4F, 0x4F, 0x4F, 0x4F, 0x4F, 0x4F, 0x4F, 0x73,
    0x05, 0x73, 0x4E, 0x3C, 0x3C, 0x4E, 0x4E, 0x4E, 0x55, 0x73, 0x3C, 0x4E, 0x4E, 0x1B, 0x1B, 0x3C, 0x73, 0x4E, 0x4E, 0x1B, 0x1B, 0x4E, 0x4E, 0x1B, 0x73, 0x4E, 0x1B, 0x4E, 0x3C, 0x4E, 0x4E, 0x1B,
    0x4E, 0x4E, 0x1B, 0x4E, 0x4E, 0x1B, 0x1B, 0x4E, 0x3C, 0x4E, 0x3C, 0x1B, 0x1B, 0x4E, 0x4E, 0x3C, 0x4E, 0x1B, 0x4E, 0x4E, 0x4E, 0x3C, 0x3C, 0x1B, 0x4E, 0x1B, 0x1B, 0x4E, 0x1B, 0x1B, 0x4E, 0x3C,
    0x3C, 0x4E, 0x3C, 0x4E, 0x4E, 0x73, 0x65, 0x65, 0x4E, 0x3C, 0x1B, 0x3C, 0x4E, 0x4E, 0x73, 0x65, 0x4E, 0x4E, 0x4E, 0x1B, 0x4E, 0x4E, 0x73, 0x65, 0x4E, 0x3C, 0x4E, 0x1B, 0x4E, 0x4E, 0x73, 0x65,
    0x1B, 0x1B, 0x4E, 0x3C, 0x4E, 0x73, 0x73, 0x73, 0x4E, 0x4E, 0x1B, 0x4E, 0x73, 0x4B, 0x4B, 0x4B, 0x1B, 0x3C, 0x4E, 0x4E, 0x73, 0x4B, 0x06, 0x06, 0x4E, 0x4E, 0x73, 0x73, 0x4B, 0x06, 0x06, 0x06,
    0x65, 0x65, 0x65, 0x65, 0x65, 0x65, 0x73, 0x73, 0x65, 0x6A, 0x6A, 0x6A, 0x6A, 0x6A, 0x6A, 0x65, 0x65, 0x6A, 0x6A, 0x6A, 0x6A, 0x6A, 0x6A, 0x6A, 0x65, 0x6A, 0x6A, 0x6A, 0x6A, 0x6A, 0x6A, 0x65,
    0x73, 0x73, 0x73, 0x73, 0x73, 0x65, 0x6A, 0x65, 0x06, 0x06, 0x06, 0x06, 0x4B, 0x73, 0x65, 0x65, 0x06, 0x06, 0x06, 0x4B, 0x4B, 0x4B, 0x73, 0x65, 0x4B, 0x73, 0x73, 0x73, 0x73, 0x4B, 0x73, 0x73,
    0x73, 0x06, 0x4B, 0x4B, 0x73, 0x66, 0x66, 0x73, 0x65, 0x73, 0x4B, 0x4B, 0x73, 0x66, 0x37, 0x37, 0x65, 0x65, 0x73, 0x73, 0x66, 0x66, 0x37, 0x2E, 0x65, 0x73, 0x73, 0x73, 0x73, 0x66, 0x66, 0x2E,
    0x73, 0x5D, 0x5D, 0x5D, 0x5D, 0x73, 0x73, 0x73, 0x73, 0x5D, 0x5D, 0x5D, 0x5D, 0x5D, 0x5D, 0x5D, 0x73, 0x5D, 0x5D, 0x5D, 0x5D, 0x5D, 0x5D, 0x5D, 0x5D, 0x5D, 0x5D, 0x5D, 0x5D, 0x5D, 0x5D, 0x5D,
    0x73, 0x5D, 0x5C, 0x5C, 0x5C, 0x5C, 0x5C, 0x5D, 0x66, 0x73, 0x73, 0x5D, 0x5D, 0x5C, 0x5D, 0x5D, 0x2E, 0x37, 0x66, 0x73, 0x73, 0x73, 0x5D, 0x5D, 0x2E, 0x2E, 0x37, 0x37, 0x66, 0x73, 0x5D, 0x5D,
    0x66, 0x37, 0x37, 0x37, 0x66, 0x73, 0x5D, 0x5D, 0x73, 0x73, 0x73, 0x73, 0x73, 0x5D, 0x5D, 0x5D, 0x5D, 0x5D, 0x5D, 0x5D, 0x5D, 0x5D, 0x5D, 0x5D, 0x5D, 0x5D, 0x5D, 0x5D, 0x5D, 0x5D, 0x5D, 0x5D,
    0x5D, 0x5D, 0x5D, 0x73, 0x5D, 0x5D, 0x5C, 0x5C, 0x5D, 0x5D, 0x73, 0x5D, 0x5D, 0x5D, 0x5C, 0x5C, 0x5D, 0x5D, 0x73, 0x5D, 0x5D, 0x5D, 0x5C, 0x5C, 0x5D, 0x5D, 0x73, 0x5D, 0x5D, 0x5D, 0x5C, 0x5C,
    0x5D, 0x5D, 0x73, 0x5D, 0x5D, 0x5D, 0x5C, 0x5C, 0x5D, 0x5D, 0x73, 0x5D, 0x5D, 0x5D, 0x5D, 0x5C, 0x5D, 0x5D, 0x73, 0x5D, 0x5D, 0x5D, 0x5D, 0x5C, 0x5D, 0x5D, 0x73, 0x5D, 0x5D, 0x5D, 0x5D, 0x5C,
    0x5C, 0x5C, 0x5C, 0x5C, 0x58, 0x58, 0x58, 0x58, 0x5C, 0x5C, 0x5C, 0x58, 0x58, 0x58, 0x58, 0x58, 0x5C, 0x5C, 0x5C, 0x58, 0x58, 0x58, 0x58, 0x33, 0x5C, 0x5C, 0x5C, 0x58, 0x58, 0x58, 0x58, 0x33,
    0x5C, 0x5C, 0x5C, 0x58, 0x58, 0x58, 0x58, 0x33, 0x5C, 0x5C, 0x5C, 0x58, 0x58, 0x58, 0x58, 0x33, 0x5C, 0x5C, 0x5C, 0x5C, 0x58, 0x58, 0x58, 0x33, 0x5C, 0x5C, 0x5C, 0x5C, 0x58, 0x58, 0x58, 0x33,
    0x33, 0x33, 0x33, 0x33, 0x33, 0x33, 0x33, 0x33, 0x33, 0x33, 0x33, 0x33, 0x33, 0x33, 0x33, 0x33, 0x33, 0x33, 0x33, 0x33, 0x33, 0x33, 0x33, 0x33, 0x33, 0x33, 0x33, 0x33, 0x33, 0x33, 0x33, 0x33,
    0x33, 0x33, 0x33, 0x33, 0x33, 0x33, 0x33, 0x33, 0x33, 0x33, 0x33, 0x33, 0x33, 0x33, 0x33, 0x33, 0x33, 0x33, 0x33, 0x33, 0x33, 0x33, 0x33, 0x33, 0x33, 0x33, 0x33, 0x33, 0x33, 0x33, 0x33, 0x33,
    0x33, 0x33, 0x33, 0x58, 0x58, 0x58, 0x58, 0x58, 0x33, 0x33, 0x33, 0x33, 0x58, 0x58, 0x58, 0x58, 0x33, 0x33, 0x33, 0x33, 0x58, 0x58, 0x58, 0x58, 0x33, 0x33, 0x33, 0x33, 0x58, 0x58, 0x58, 0x58,
    0x33, 0x33, 0x33, 0x33, 0x33, 0x58, 0x58, 0x58, 0x33, 0x33, 0x33, 0x33, 0x33, 0x58, 0x58, 0x58, 0x33, 0x33, 0x33, 0x33, 0x33, 0x58, 0x58, 0x58, 0x33, 0x33, 0x33, 0x33, 0x58, 0x58, 0x58, 0x58,
    0x58, 0x5C, 0x5C, 0x5C, 0x5D, 0x73, 0x4E, 0x1B, 0x58, 0x58, 0x5C, 0x5C, 0x5C, 0x5D, 0x73, 0x73, 0x58, 0x58, 0x5C, 0x5C, 0x5C, 0x5C, 0x5C, 0x5D, 0x58, 0x58, 0x5C, 0x5C, 0x5C, 0x5C, 0x5C, 0x5C,
    0x58, 0x58, 0x58, 0x5C, 0x5C, 0x5C, 0x5C, 0x5C, 0x58, 0x58, 0x58, 0x5C, 0x5C, 0x5C, 0x5C, 0x5C, 0x58, 0x58, 0x58, 0x5C, 0x5C, 0x5C, 0x5C, 0x5C, 0x58, 0x58, 0x58, 0x5C, 0x5C, 0x5C, 0x5C, 0x5C,
    0x4E, 0x73, 0x4E, 0x73, 0x1B, 0x73, 0x3C, 0x3C, 0x1B, 0x4E, 0x73, 0x4E, 0x73, 0x4E, 0x3C, 0x1B, 0x73, 0x73, 0x5D, 0x73, 0x73, 0x3C, 0x1B, 0x73, 0x5C, 0x5C, 0x5C, 0x5D, 0x73, 0x4E, 0x1B, 0x3C,
    0x5C, 0x5C, 0x5C, 0x5C, 0x5D, 0x73, 0x73, 0x73, 0x5C, 0x5C, 0x5C, 0x5C, 0x5C, 0x5C, 0x5D, 0x5D, 0x5C, 0x5C, 0x5C, 0x5C, 0x5C, 0x5C, 0x5C, 0x5C, 0x5C, 0x5C, 0x5C, 0x5C, 0x5C, 0x5C, 0x5C, 0x5C,
    0x1B, 0x4E, 0x73, 0x73, 0x73, 0x73, 0x73, 0x73, 0x4E, 0x73, 0x5D, 0x5D, 0x73, 0x4E, 0x4E, 0x73, 0x1B, 0x4E, 0x73, 0x73, 0x73, 0x3C, 0x1B, 0x3C, 0x73, 0x73, 0x4E, 0x1B, 0x73, 0x1B, 0x4E, 0x73,
    0x4E, 0x73, 0x73, 0x73, 0x73, 0x1B, 0x1B, 0x3C, 0x73, 0x5D, 0x5D, 0x5D, 0x73, 0x3C, 0x4E, 0x73, 0x5C, 0x5C, 0x5D, 0x5D, 0x73, 0x73, 0x1B, 0x3C, 0x5C, 0x5C, 0x5C, 0x5D, 0x5D, 0x5D, 0x73, 0x73,
    0x4E, 0x4E, 0x73, 0x4E, 0x4E, 0x73, 0x73, 0x4E, 0x73, 0x73, 0x73, 0x73, 0x73, 0x4E, 0x4E, 0x4E, 0x4E, 0x73, 0x73, 0x73, 0x73, 0x73, 0x73, 0x73, 0x73, 0x73, 0x73, 0x73, 0x3C, 0x1B, 0x3C, 0x4E,
    0x4E, 0x73, 0x73, 0x73, 0x1B, 0x4E, 0x73, 0x73, 0x73, 0x4E, 0x1B, 0x73, 0x1B, 0x1B, 0x3C, 0x4E, 0x4E, 0x73, 0x73, 0x73, 0x1B, 0x4E, 0x73, 0x73, 0x73, 0x73, 0x73, 0x73, 0x3C, 0x1B, 0x3C, 0x4E,
    0x73, 0x01, 0x73, 0x73, 0x73, 0x73, 0x73, 0x73, 0x73, 0x73, 0x73, 0x4E, 0x73, 0x73, 0x73, 0x73, 0x73, 0x4E, 0x73, 0x3C, 0x73, 0x73, 0x73, 0x73, 0x73, 0x73, 0x73, 0x3C, 0x73, 0x01, 0x01, 0x4E,
    0x73, 0x1B, 0x73, 0x1B, 0x73, 0x01, 0x4E, 0x73, 0x73, 0x4E, 0x73, 0x1B, 0x73, 0x73, 0x73, 0x73, 0x01, 0x73, 0x73, 0x3C, 0x73, 0x73, 0x73, 0x73, 0x73, 0x01, 0x73, 0x4E, 0x73, 0x73, 0x73, 0x73,
    0x73, 0x73, 0x73, 0x73, 0x73, 0x73, 0x73, 0x73, 0x73, 0x73, 0x73, 0x73, 0x73, 0x73, 0x73, 0x73, 0x73, 0x73, 0x73, 0x73, 0x73, 0x73, 0x73, 0x73, 0x4E, 0x73, 0x73, 0x73, 0x73, 0x73, 0x73, 0x73,
    0x73, 0x73, 0x73, 0x73, 0x73, 0x73, 0x73, 0x73, 0x73, 0x73, 0x73, 0x73, 0x73, 0x73, 0x73, 0x73, 0x73, 0x73, 0x73, 0x73, 0x4E, 0x4E, 0x4E, 0x73, 0x73, 0x4E, 0x01, 0x01, 0x01, 0x01, 0x01, 0x73,
    0x73, 0x73, 0x73, 0x73, 0x73, 0x73, 0x38, 0x38, 0x73, 0x73, 0x73, 0x73, 0x73, 0x73, 0x73, 0x73, 0x73, 0x73, 0x73, 0x73, 0x73, 0x4E, 0x01, 0x01, 0x73, 0x73, 0x73, 0x4E, 0x01, 0x01, 0x01, 0x4E,
    0x73, 0x73, 0x4E, 0x01, 0x01, 0x4E, 0x73, 0x73, 0x73, 0x73, 0x73, 0x4E, 0x73, 0x73, 0x32, 0x0C, 0x73, 0x73, 0x73, 0x73, 0x32, 0x32, 0x0C, 0x32, 0x73, 0x73, 0x73, 0x73, 0x73, 0x32, 0x0C, 0x73,
    0x38, 0x38, 0x38, 0x38, 0x38, 0x38, 0x73, 0x73, 0x73, 0x38, 0x38, 0x38, 0x38, 0x73, 0x65, 0x6A, 0x4E, 0x73, 0x73, 0x73, 0x38, 0x73, 0x65, 0x6A, 0x73, 0x73, 0x01, 0x73, 0x73, 0x73, 0x65, 0x65,
    0x32, 0x32, 0x73, 0x73, 0x73, 0x73, 0x65, 0x65, 0x32, 0x73, 0x73, 0x73, 0x73, 0x73, 0x65, 0x6A, 0x73, 0x73, 0x73, 0x73, 0x73, 0x73, 0x65, 0x73, 0x73, 0x73, 0x73, 0x73, 0x73, 0x73, 0x73, 0x3C,
    0x73, 0x73, 0x73, 0x73, 0x73, 0x73, 0x73, 0x73, 0x6A, 0x65, 0x65, 0x65, 0x65, 0x65, 0x65, 0x65, 0x6A, 0x6A, 0x6A, 0x6A, 0x65, 0x65, 0x65, 0x65, 0x65, 0x6A, 0x6A, 0x6A, 0x6A, 0x65, 0x65, 0x65,
    0x65, 0x65, 0x65, 0x65, 0x65, 0x65, 0x65, 0x73, 0x6A, 0x6A, 0x6A, 0x6A, 0x6A, 0x6A, 0x65, 0x73, 0x73, 0x73, 0x73, 0x73, 0x73, 0x73, 0x65, 0x73, 0x3C, 0x4E, 0x4E, 0x4E, 0x4E, 0x4E, 0x73, 0x73,
    0x73, 0x38, 0x38, 0x38, 0x38, 0x38, 0x38, 0x38, 0x73, 0x38, 0x38, 0x38, 0x38, 0x73, 0x73, 0x73, 0x65, 0x73, 0x73, 0x73, 0x73, 0x05, 0x05, 0x05, 0x73, 0x73, 0x05, 0x05, 0x05, 0x05, 0x05, 0x05,
    0x3D, 0x0D, 0x05, 0x05, 0x05, 0x05, 0x05, 0x05, 0x17, 0x3D, 0x0D, 0x05, 0x05, 0x05, 0x05, 0x05, 0x17, 0x17, 0x3D, 0x05, 0x05, 0x05, 0x05, 0x05, 0x17, 0x17, 0x17, 0x0D, 0x05, 0x05, 0x05, 0x05,
    0x38, 0x73, 0x73, 0x73, 0x73, 0x0D, 0x05, 0x05, 0x73, 0x05, 0x0D, 0x3D, 0x3D, 0x3D, 0x0D, 0x05, 0x05, 0x0D, 0x3D, 0x17, 0x17, 0x17, 0x3D, 0x3D, 0x05, 0x0D, 0x3D, 0x17, 0x17, 0x17, 0x3D, 0x05,
    0x05, 0x05, 0x3D, 0x3D, 0x17, 0x3D, 0x0D, 0x05, 0x05, 0x05, 0x05, 0x0D, 0x0D, 0x05, 0x05, 0x05, 0x05, 0x05, 0x05, 0x05, 0x05, 0x05, 0x05, 0x05, 0x05, 0x05, 0x05, 0x05, 0x05, 0x05, 0x05, 0x0D,
    0x0D, 0x3D, 0x17, 0x17, 0x17, 0x17, 0x17, 0x17, 0x3D, 0x17, 0x17, 0x17, 0x17, 0x17, 0x17, 0x17, 0x3D, 0x17, 0x17, 0x17, 0x17, 0x17, 0x17, 0x17, 0x0D, 0x0D, 0x3D, 0x3D, 0x17, 0x17, 0x17, 0x17,
    0x05, 0x05, 0x05, 0x05, 0x0D, 0x0D, 0x0D, 0x3D, 0x05, 0x05, 0x05, 0x05, 0x05, 0x05, 0x05, 0x05, 0x05, 0x05, 0x05, 0x05, 0x0D, 0x0D, 0x0D, 0x3D, 0x0D, 0x0D, 0x3D, 0x3D, 0x3D, 0x17, 0x17, 0x17,
    0x17, 0x17, 0x17, 0x17, 0x17, 0x17, 0x3D, 0x51, 0x17, 0x17, 0x17, 0x17, 0x17, 0x17, 0x3D, 0x51, 0x17, 0x17, 0x17, 0x17, 0x17, 0x17, 0x3D, 0x4E, 0x17, 0x17, 0x17, 0x17, 0x17, 0x17, 0x51, 0x4E,
    0x17, 0x17, 0x17, 0x17, 0x17, 0x3D, 0x51, 0x4E, 0x0D, 0x0D, 0x17, 0x17, 0x17, 0x3D, 0x4E, 0x55, 0x3D, 0x3D, 0x3D, 0x17, 0x3D, 0x51, 0x55, 0x73, 0x17, 0x17, 0x17, 0x3D, 0x51, 0x55, 0x73, 0x73,
    0x55, 0x73, 0x73, 0x55, 0x73, 0x73, 0x73, 0x55, 0x55, 0x73, 0x73, 0x55, 0x55, 0x73, 0x73, 0x55, 0x55, 0x73, 0x73, 0x55, 0x4F, 0x55, 0x73, 0x73, 0x55, 0x73, 0x73, 0x4F, 0x4F, 0x4F, 0x73, 0x73,
    0x73, 0x73, 0x55, 0x4F, 0x4F, 0x4F, 0x55, 0x73, 0x73, 0x73, 0x55, 0x4F, 0x4F, 0x4F, 0x4F, 0x73, 0x73, 0x73, 0x4F, 0x4F, 0x4F, 0x4F, 0x4F, 0x55, 0x73, 0x55, 0x4F, 0x4F, 0x4F, 0x4F, 0x4F, 0x4F,
    0x4F, 0x4F, 0x4F, 0x4F, 0x4F, 0x55, 0x55, 0x55, 0x55, 0x55, 0x55, 0x55, 0x55, 0x73, 0x73, 0x73, 0x73, 0x73, 0x73, 0x73, 0x73, 0x73, 0x73, 0x73, 0x73, 0x73, 0x73, 0x73, 0x73, 0x55, 0x55, 0x55,
    0x73, 0x55, 0x55, 0x55, 0x55, 0x4F, 0x4F, 0x4F, 0x73, 0x55, 0x4F, 0x4F, 0x4F, 0x4F, 0x4F, 0x4F, 0x73, 0x73, 0x4F, 0x4F, 0x4F, 0x4F, 0x4F, 0x4F, 0x73, 0x73, 0x55, 0x4F, 0x4F, 0x4F, 0x4F, 0x4F,
    0x55, 0x55, 0x55, 0x73, 0x73, 0x73, 0x73, 0x73, 0x73, 0x73, 0x73, 0x73, 0x73, 0x73, 0x73, 0x73, 0x73, 0x73, 0x73, 0x55, 0x55, 0x55, 0x55, 0x55, 0x55, 0x55, 0x55, 0x4F, 0x4F, 0x2A, 0x2A, 0x2A,
    0x4F, 0x4F, 0x4F, 0x2A, 0x2A, 0x2A, 0x2A, 0x2A, 0x4F, 0x4F, 0x2A, 0x2A, 0x2A, 0x2A, 0x2A, 0x2A, 0x4F, 0x2A, 0x2A, 0x2A, 0x2A, 0x2A, 0x2A, 0x2A, 0x4F, 0x2A, 0x2A, 0x2A, 0x2A, 0x2A, 0x2A, 0x2A,
    0x73, 0x73, 0x73, 0x73, 0x73, 0x73, 0x73, 0x73, 0x73, 0x55, 0x55, 0x55, 0x55, 0x55, 0x55, 0x73, 0x55, 0x4F, 0x4F, 0x2A, 0x2A, 0x4F, 0x55, 0x73, 0x2A, 0x2A, 0x2A, 0x2A, 0x2A, 0x2A, 0x4F, 0x55,
    0x2A, 0x2A, 0x2A, 0x2A, 0x2A, 0x2A, 0x2A, 0x4F, 0x2A, 0x2A, 0x2A, 0x2A, 0x2A, 0x2A, 0x4F, 0x4F, 0x2A, 0x2A, 0x2A, 0x2A, 0x2A, 0x2A, 0x4F, 0x4F, 0x2A, 0x2A, 0x2A, 0x2A, 0x2A, 0x4F, 0x4F, 0x4F,
    0x43, 0x43, 0x43, 0x43, 0x43, 0x43, 0x0D, 0x0D, 0x73, 0x43, 0x0D, 0x0D, 0x0D, 0x0D, 0x0D, 0x0D, 0x73, 0x43, 0x0D, 0x05, 0x05, 0x05, 0x05, 0x05, 0x73, 0x73, 0x0D, 0x05, 0x05, 0x05, 0x05, 0x05,
    0x73, 0x73, 0x43, 0x05, 0x05, 0x05, 0x05, 0x05, 0x55, 0x73, 0x73, 0x0D, 0x05, 0x05, 0x05, 0x05, 0x4F, 0x73, 0x73, 0x43, 0x05, 0x05, 0x05, 0x05, 0x4F, 0x55, 0x73, 0x73, 0x0D, 0x05, 0x05, 0x05,
    0x0D, 0x43, 0x73, 0x73, 0x54, 0x54, 0x54, 0x54, 0x0D, 0x0D, 0x73, 0x73, 0x57, 0x54, 0x2B, 0x2B, 0x05, 0x0D, 0x43, 0x73, 0x73, 0x54, 0x2B, 0x2B, 0x05, 0x0D, 0x0D, 0x73, 0x73, 0x57, 0x54, 0x2B,
    0x05, 0x05, 0x0D, 0x43, 0x73, 0x73, 0x54, 0x2B, 0x05, 0x05, 0x0D, 0x43, 0x73, 0x73, 0x57, 0x2B, 0x05, 0x05, 0x0D, 0x0D, 0x73, 0x73, 0x57, 0x54, 0x05, 0x05, 0x05, 0x0D, 0x43, 0x73, 0x73, 0x54,
    0x54, 0x54, 0x54, 0x73, 0x73, 0x73, 0x73, 0x6F, 0x2B, 0x2B, 0x54, 0x57, 0x73, 0x73, 0x73, 0x6F, 0x2B, 0x2B, 0x2B, 0x57, 0x73, 0x73, 0x73, 0x6F, 0x2B, 0x2B, 0x2B, 0x54, 0x73, 0x73, 0x73, 0x73,
    0x2B, 0x2B, 0x2B, 0x2B, 0x57, 0x73, 0x73, 0x73, 0x2B, 0x2B, 0x2B, 0x2B, 0x54, 0x73, 0x73, 0x73, 0x2B, 0x2B, 0x2B, 0x2B, 0x2B, 0x57, 0x73, 0x73, 0x2B, 0x2B, 0x2B, 0x2B, 0x2B, 0x54, 0x73, 0x73,
    0x6F, 0x6F, 0x6F, 0x6F, 0x6F, 0x6F, 0x6F, 0x6F, 0x6F, 0x6F, 0x6F, 0x6F, 0x6F, 0x6F, 0x6F, 0x6F, 0x6F, 0x6F, 0x6F, 0x6F, 0x6F, 0x6F, 0x6F, 0x6F, 0x6F, 0x6F, 0x6F, 0x6F, 0x6F, 0x6F, 0x6F, 0x6F,
    0x6F, 0x6F, 0x6F, 0x6F, 0x6F, 0x6F, 0x6F, 0x6F, 0x73, 0x6F, 0x6F, 0x6F, 0x6F, 0x6F, 0x6F, 0x6F, 0x73, 0x6F, 0x6F, 0x6F, 0x6F, 0x6F, 0x6F, 0x6F, 0x73, 0x6F, 0x6F, 0x6F, 0x6F, 0x6F, 0x6F, 0x6F,
    0x6F, 0x6F, 0x6F, 0x6F, 0x6F, 0x6F, 0x73, 0x73, 0x6F, 0x6F, 0x6F, 0x6F, 0x6F, 0x6F, 0x73, 0x73, 0x6F, 0x6F, 0x6F, 0x6F, 0x6F, 0x73, 0x73, 0x73, 0x6F, 0x6F, 0x6F, 0x6F, 0x6F, 0x73, 0x73, 0x73,
    0x6F, 0x6F, 0x6F, 0x6F, 0x6F, 0x73, 0x73, 0x73, 0x6F, 0x6F, 0x6F, 0x6F, 0x73, 0x73, 0x73, 0x73, 0x6F, 0x6F, 0x6F, 0x6F, 0x73, 0x73, 0x73, 0x57, 0x6F, 0x6F, 0x6F, 0x6F, 0x73, 0x73, 0x73, 0x57,
    0x73, 0x57, 0x2B, 0x2B, 0x2B, 0x2B, 0x2B, 0x2B, 0x73, 0x54, 0x2B, 0x2B, 0x2B, 0x2B, 0x2B, 0x54, 0x57, 0x54, 0x2B, 0x2B, 0x2B, 0x2B, 0x2B, 0x54, 0x57, 0x2B, 0x2B, 0x2B, 0x2B, 0x2B, 0x2B, 0x57,
    0x57, 0x2B, 0x2B, 0x2B, 0x2B, 0x2B, 0x54, 0x57, 0x54, 0x2B, 0x2B, 0x2B, 0x2B, 0x2B, 0x54, 0x73, 0x54, 0x2B, 0x2B, 0x2B, 0x2B, 0x2B, 0x57, 0x73, 0x2B, 0x2B, 0x2B, 0x2B, 0x2B, 0x2B, 0x57, 0x73,
    0x57, 0x73, 0x73, 0x0D, 0x0D, 0x05, 0x05, 0x05, 0x73, 0x73, 0x43, 0x0D, 0x05, 0x05, 0x05, 0x05, 0x73, 0x73, 0x43, 0x0D, 0x05, 0x05, 0x05, 0x05, 0x73, 0x73, 0x0D, 0x0D, 0x05, 0x05, 0x05, 0x05,
    0x73, 0x73, 0x0D, 0x05, 0x05, 0x05, 0x05, 0x05, 0x73, 0x43, 0x0D, 0x05, 0x05, 0x05, 0x05, 0x05, 0x73, 0x43, 0x0D, 0x05, 0x05, 0x05, 0x05, 0x05, 0x73, 0x0D, 0x0D, 0x05, 0x05, 0x05, 0x05, 0x05,
    0x05, 0x05, 0x05, 0x43, 0x73, 0x73, 0x55, 0x4F, 0x05, 0x05, 0x0D, 0x43, 0x73, 0x73, 0x4F, 0x4F, 0x05, 0x05, 0x0D, 0x73, 0x73, 0x55, 0x4F, 0x4F, 0x05, 0x05, 0x43, 0x73, 0x73, 0x55, 0x4F, 0x4F,
    0x05, 0x0D, 0x43, 0x73, 0x73, 0x4F, 0x4F, 0x4F, 0x05, 0x0D, 0x73, 0x73, 0x55, 0x4F, 0x4F, 0x4F, 0x05, 0x43, 0x73, 0x73, 0x55, 0x4F, 0x4F, 0x4F, 0x0D, 0x43, 0x73, 0x73, 0x55, 0x4F, 0x4F, 0x4F,
    0x4F, 0x4F, 0x4F, 0x2A, 0x2A, 0x2A, 0x2A, 0x2A, 0x4F, 0x4F, 0x4F, 0x4F, 0x2A, 0x2A, 0x2A, 0x2A, 0x4F, 0x4F, 0x4F, 0x4F, 0x4F, 0x2A, 0x2A, 0x2A, 0x4F, 0x4F, 0x4F, 0x4F, 0x4F, 0x4F, 0x2A, 0x2A,
    0x4F, 0x4F, 0x4F, 0x4F, 0x4F, 0x4F, 0x4F, 0x4F, 0x4F, 0x4F, 0x4F, 0x4F, 0x4F, 0x4F, 0x4F, 0x4F, 0x4F, 0x4F, 0x4F, 0x4F, 0x4F, 0x4F, 0x4F, 0x4F, 0x4F, 0x4F, 0x4F, 0x4F, 0x4F, 0x4F, 0x4F, 0x4F,
    0x2A, 0x2A, 0x2A, 0x2A, 0x2A, 0x2A, 0x2A, 0x2A, 0x2A, 0x2A, 0x2A, 0x2A, 0x2A, 0x2A, 0x2A, 0x2A, 0x2A, 0x2A, 0x2A, 0x2A, 0x2A, 0x2A, 0x2A, 0x2A, 0x2A, 0x2A, 0x2A, 0x2A, 0x2A, 0x2A, 0x2A, 0x2A,
    0x2A, 0x2A, 0x2A, 0x2A, 0x2A, 0x2A, 0x2A, 0x2A, 0x4F, 0x4F, 0x2A, 0x2A, 0x2A, 0x2A, 0x2A, 0x2A, 0x4F, 0x4F, 0x4F, 0x2A, 0x2A, 0x2A, 0x2A, 0x2A, 0x4F, 0x4F, 0x2A, 0x2A, 0x2A, 0x2A, 0x2A, 0x2A,
    0x4F, 0x4F, 0x4F, 0x4F, 0x4F, 0x73, 0x73, 0x55, 0x4F, 0x4F, 0x4F, 0x4F, 0x55, 0x73, 0x73, 0x4F, 0x2A, 0x4F, 0x4F, 0x4F, 0x73, 0x73, 0x55, 0x4F, 0x2A, 0x4F, 0x4F, 0x55, 0x73, 0x73, 0x4F, 0x4F,
    0x2A, 0x4F, 0x4F, 0x73, 0x73, 0x55, 0x4F, 0x4F, 0x2A, 0x4F, 0x55, 0x73, 0x73, 0x55, 0x4F, 0x4F, 0x2A, 0x4F, 0x55, 0x73, 0x73, 0x4F, 0x4F, 0x4F, 0x2A, 0x4F, 0x73, 0x73, 0x55, 0x4F, 0x4F, 0x4F,
    0x4F, 0x4F, 0x4F, 0x4F, 0x4F, 0x4F, 0x4F, 0x55, 0x4F, 0x4F, 0x4F, 0x4F, 0x4F, 0x4F, 0x4F, 0x4F, 0x4F, 0x4F, 0x4F, 0x4F, 0x4F, 0x4F, 0x4F, 0x4F, 0x4F, 0x4F, 0x4F, 0x4F, 0x4F, 0x4F, 0x4F, 0x4F,
    0x4F, 0x4F, 0x4F, 0x4F, 0x4F, 0x4F, 0x4F, 0x4F, 0x4F, 0x4F, 0x4F, 0x4F, 0x4F, 0x4F, 0x4F, 0x55, 0x4F, 0x4F, 0x4F, 0x4F, 0x55, 0x73, 0x73, 0x73, 0x4F, 0x4F, 0x55, 0x73, 0x73, 0x73, 0x73, 0x73,
    0x73, 0x73, 0x73, 0x55, 0x51, 0x3D, 0x17, 0x17, 0x55, 0x73, 0x73, 0x73, 0x55, 0x4E, 0x51, 0x3D, 0x4F, 0x55, 0x73, 0x73, 0x73, 0x55, 0x4E, 0x51, 0x4F, 0x4F, 0x55, 0x73, 0x73, 0x73, 0x73, 0x73,
    0x4F, 0x4F, 0x4F, 0x55, 0x73, 0x73, 0x73, 0x73, 0x55, 0x55, 0x73, 0x73, 0x73, 0x73, 0x73, 0x73, 0x73, 0x73, 0x73, 0x73, 0x73, 0x73, 0x73, 0x73, 0x73, 0x55, 0x55, 0x55, 0x55, 0x55, 0x55, 0x55,
    0x17, 0x17, 0x17, 0x17, 0x17, 0x17, 0x17, 0x17, 0x17, 0x17, 0x17, 0x17, 0x17, 0x17, 0x17, 0x17, 0x51, 0x3D, 0x3D, 0x3D, 0x17, 0x17, 0x17, 0x17, 0x55, 0x4E, 0x4E, 0x51, 0x51, 0x3D, 0x3D, 0x3D,
    0x73, 0x73, 0x55, 0x55, 0x4E, 0x4E, 0x4E, 0x51, 0x73, 0x73, 0x73, 0x73, 0x73, 0x73, 0x73, 0x55, 0x73, 0x73, 0x73, 0x73, 0x73, 0x73, 0x73, 0x73, 0x55, 0x55, 0x55, 0x55, 0x55, 0x73, 0x73, 0x73,
    0x3D, 0x3D, 0x3D, 0x0D, 0x0D, 0x0D, 0x05, 0x05, 0x17, 0x17, 0x17, 0x17, 0x3D, 0x3D, 0x3D, 0x3D, 0x17, 0x17, 0x17, 0x17, 0x17, 0x17, 0x17, 0x17, 0x3D, 0x3D, 0x3D, 0x3D, 0x3D, 0x3D, 0x3D, 0x3D,
    0x51, 0x51, 0x51, 0x51, 0x51, 0x51, 0x51, 0x4E, 0x55, 0x55, 0x55, 0x55, 0x55, 0x55, 0x55, 0x55, 0x73, 0x73, 0x73, 0x73, 0x73, 0x73, 0x73, 0x73, 0x73, 0x73, 0x73, 0x73, 0x73, 0x73, 0x73, 0x73,
    0x05, 0x05, 0x05, 0x0D, 0x17, 0x17, 0x17, 0x3D, 0x0D, 0x0D, 0x0D, 0x17, 0x17, 0x3D, 0x3D, 0x51, 0x17, 0x17, 0x3D, 0x3D, 0x3D, 0x51, 0x4E, 0x55, 0x3D, 0x51, 0x51, 0x4E, 0x4E, 0x55, 0x73, 0x73,
    0x4E, 0x4E, 0x55, 0x55, 0x73, 0x73, 0x73, 0x73, 0x55, 0x73, 0x73, 0x73, 0x73, 0x73, 0x73, 0x55, 0x73, 0x73, 0x73, 0x73, 0x73, 0x55, 0x4F, 0x4F, 0x73, 0x73, 0x55, 0x55, 0x4F, 0x4F, 0x4F, 0x4F,
    0x51, 0x4E, 0x55, 0x73, 0x73, 0x4E, 0x01, 0x01, 0x4E, 0x55, 0x73, 0x73, 0x73, 0x73, 0x4E, 0x01, 0x55, 0x73, 0x73, 0x73, 0x73, 0x73, 0x73, 0x73, 0x73, 0x73, 0x73, 0x55, 0x73, 0x73, 0x73, 0x73,
    0x73, 0x73, 0x55, 0x73, 0x73, 0x73, 0x5B, 0x73, 0x55, 0x55, 0x55, 0x73, 0x73, 0x5B, 0x32, 0x5B, 0x4F, 0x4F, 0x73, 0x73, 0x5B, 0x32, 0x32, 0x32, 0x4F, 0x55, 0x73, 0x73, 0x32, 0x32, 0x32, 0x32,
    0x01, 0x73, 0x4E, 0x01, 0x55, 0x50, 0x50, 0x50, 0x01, 0x4E, 0x73, 0x01, 0x55, 0x50, 0x50, 0x50, 0x4E, 0x01, 0x73, 0x4E, 0x01, 0x55, 0x50, 0x50, 0x73, 0x4E, 0x4E, 0x73, 0x01, 0x55, 0x50, 0x50,
    0x73, 0x73, 0x4E, 0x73, 0x4E, 0x01, 0x55, 0x50, 0x73, 0x73, 0x73, 0x4E, 0x73, 0x4E, 0x01, 0x55, 0x5B, 0x73, 0x73, 0x73, 0x4E, 0x73, 0x4E, 0x01, 0x32, 0x5B, 0x73, 0x73, 0x73, 0x73, 0x73, 0x4E,
    0x50, 0x50, 0x0D, 0x05, 0x05, 0x05, 0x0D, 0x05, 0x50, 0x50, 0x50, 0x0D, 0x0D, 0x05, 0x05, 0x0D, 0x50, 0x50, 0x50, 0x50, 0x50, 0x0D, 0x0D, 0x0D, 0x50, 0x50, 0x50, 0x50, 0x50, 0x50, 0x50, 0x0D,
    0x50, 0x50, 0x50, 0x50, 0x50, 0x50, 0x50, 0x50, 0x50, 0x50, 0x50, 0x50, 0x50, 0x50, 0x50, 0x50, 0x55, 0x55, 0x50, 0x50, 0x50, 0x50, 0x50, 0x50, 0x01, 0x01, 0x55, 0x50, 0x50, 0x50, 0x50, 0x50,
    0x05, 0x05, 0x05, 0x0D, 0x50, 0x50, 0x50, 0x50, 0x05, 0x05, 0x0D, 0x50, 0x50, 0x50, 0x50, 0x50, 0x05, 0x0D, 0x50, 0x50, 0x50, 0x50, 0x50, 0x50, 0x0D, 0x50, 0x50, 0x50, 0x50, 0x50, 0x50, 0x50,
    0x50, 0x50, 0x50, 0x50, 0x50, 0x50, 0x50, 0x0D, 0x50, 0x50, 0x50, 0x50, 0x50, 0x50, 0x0D, 0x05, 0x50, 0x50, 0x50, 0x50, 0x50, 0x50, 0x43, 0x0D, 0x50, 0x50, 0x50, 0x50, 0x50, 0x50, 0x50, 0x43,
    0x50, 0x50, 0x50, 0x0D, 0x0D, 0x0D, 0x0D, 0x0D, 0x50, 0x50, 0x50, 0x50, 0x50, 0x50, 0x50, 0x50, 0x50, 0x50, 0x50, 0x50, 0x50, 0x50, 0x50, 0x50, 0x50, 0x50, 0x50, 0x50, 0x50, 0x50, 0x50, 0x50,
    0x05, 0x05, 0x05, 0x05, 0x05, 0x50, 0x50, 0x0D, 0x05, 0x05, 0x05, 0x0D, 0x0D, 0x0D, 0x43, 0x0D, 0x0D, 0x0D, 0x0D, 0x0D, 0x43, 0x43, 0x43, 0x0D, 0x43, 0x43, 0x43, 0x43, 0x43, 0x43, 0x0D, 0x05,
    0x50, 0x50, 0x50, 0x50, 0x50, 0x50, 0x50, 0x50, 0x50, 0x50, 0x50, 0x50, 0x50, 0x50, 0x0D, 0x0D, 0x50, 0x0D, 0x0D, 0x0D, 0x0D, 0x0D, 0x05, 0x01, 0x0D, 0x05, 0x05, 0x05, 0x01, 0x01, 0x01, 0x01,
    0x05, 0x05, 0x01, 0x01, 0x01, 0x01, 0x01, 0x01, 0x05, 0x01, 0x01, 0x01, 0x01, 0x01, 0x01, 0x01, 0x01, 0x01, 0x01, 0x01, 0x01, 0x01, 0x01, 0x01, 0x01, 0x01, 0x01, 0x05, 0x01, 0x01, 0x01, 0x01,
    0x0D, 0x01, 0x01, 0x01, 0x01, 0x01, 0x01, 0x01, 0x05, 0x01, 0x01, 0x01, 0x01, 0x01, 0x01, 0x05, 0x01, 0x01, 0x01, 0x01, 0x01, 0x01, 0x01, 0x05, 0x01, 0x01, 0x01, 0x01, 0x01, 0x01, 0x05, 0x0D,
    0x01, 0x01, 0x01, 0x01, 0x01, 0x05, 0x0D, 0x01, 0x01, 0x01, 0x01, 0x01, 0x05, 0x0D, 0x05, 0x01, 0x01, 0x01, 0x01, 0x05, 0x0D, 0x05, 0x05, 0x05, 0x05, 0x05, 0x0D, 0x0D, 0x50, 0x0D, 0x0D, 0x0D,
    0x05, 0x0D, 0x05, 0x01, 0x01, 0x01, 0x01, 0x01, 0x0D, 0x05, 0x05, 0x01, 0x01, 0x01, 0x01, 0x05, 0x0D, 0x05, 0x01, 0x01, 0x01, 0x05, 0x05, 0x05, 0x05, 0x05, 0x05, 0x05, 0x05, 0x05, 0x05, 0x05,
    0x0D, 0x05, 0x05, 0x05, 0x05, 0x05, 0x05, 0x0D, 0x01, 0x0D, 0x0D, 0x0D, 0x0D, 0x0D, 0x0D, 0x50, 0x0D, 0x50, 0x50, 0x50, 0x50, 0x50, 0x50, 0x50, 0x50, 0x50, 0x50, 0x50, 0x50, 0x50, 0x50, 0x50,
    0x05, 0x05, 0x0D, 0x43, 0x43, 0x0D, 0x0D, 0x43, 0x05, 0x05, 0x0D, 0x43, 0x05, 0x05, 0x05, 0x05, 0x05, 0x05, 0x0D, 0x43, 0x43, 0x0D, 0x0D, 0x43, 0x05, 0x0D, 0x0D, 0x0D, 0x0D, 0x0D, 0x0D, 0x0D,
    0x0D, 0x50, 0x50, 0x43, 0x43, 0x43, 0x43, 0x43, 0x50, 0x50, 0x50, 0x50, 0x50, 0x50, 0x50, 0x50, 0x50, 0x50, 0x50, 0x50, 0x50, 0x50, 0x50, 0x50, 0x50, 0x50, 0x50, 0x50, 0x50, 0x50, 0x50, 0x50,
    0x43, 0x01, 0x0D, 0x0D, 0x0D, 0x0D, 0x55, 0x01, 0x43, 0x05, 0x01, 0x01, 0x05, 0x05, 0x55, 0x01, 0x0D, 0x0D, 0x0D, 0x0D, 0x0D, 0x55, 0x01, 0x4E, 0x0D, 0x01, 0x01, 0x01, 0x05, 0x55, 0x01, 0x73,
    0x43, 0x05, 0x05, 0x05, 0x55, 0x01, 0x4E, 0x73, 0x50, 0x0D, 0x05, 0x55, 0x01, 0x4E, 0x73, 0x4F, 0x50, 0x55, 0x55, 0x01, 0x4E, 0x73, 0x50, 0x73, 0x55, 0x01, 0x01, 0x4E, 0x73, 0x50, 0x73, 0x4E,
    0x4E, 0x73, 0x4F, 0x4F, 0x4F, 0x4F, 0x4F, 0x4F, 0x73, 0x4F, 0x4F, 0x4F, 0x4F, 0x4F, 0x4F, 0x4F, 0x73, 0x4F, 0x4F, 0x4F, 0x4F, 0x4F, 0x4F, 0x73, 0x4F, 0x4F, 0x4F, 0x4F, 0x4F, 0x73, 0x73, 0x4E,
    0x4F, 0x4F, 0x73, 0x73, 0x73, 0x4E, 0x01, 0x01, 0x4F, 0x73, 0x4E, 0x01, 0x01, 0x01, 0x55, 0x55, 0x73, 0x4E, 0x01, 0x55, 0x55, 0x55, 0x50, 0x50, 0x01, 0x01, 0x55, 0x50, 0x50, 0x50, 0x50, 0x50,
    0x4F, 0x4F, 0x4F, 0x4F, 0x4F, 0x73, 0x73, 0x73, 0x4F, 0x4F, 0x73, 0x73, 0x73, 0x4E, 0x01, 0x01, 0x73, 0x73, 0x4E, 0x01, 0x01, 0x01, 0x55, 0x55, 0x01, 0x01, 0x01, 0x55, 0x55, 0x55, 0x50, 0x50,
    0x55, 0x55, 0x55, 0x50, 0x50, 0x50, 0x50, 0x50, 0x50, 0x50, 0x50, 0x50, 0x50, 0x50, 0x50, 0x50, 0x50, 0x50, 0x50, 0x50, 0x50, 0x50, 0x0D, 0x0D, 0x50, 0x50, 0x50, 0x50, 0x0D, 0x0D, 0x05, 0x01,
    0x73, 0x73, 0x73, 0x73, 0x73, 0x4E, 0x01, 0x01, 0x01, 0x01, 0x01, 0x01, 0x01, 0x01, 0x55, 0x55, 0x55, 0x55, 0x55, 0x55, 0x55, 0x55, 0x50, 0x50, 0x50, 0x50, 0x50, 0x50, 0x50, 0x0D, 0x0D, 0x0D,
    0x50, 0x50, 0x0D, 0x0D, 0x0D, 0x05, 0x05, 0x05, 0x0D, 0x0D, 0x05, 0x01, 0x01, 0x01, 0x01, 0x01, 0x05, 0x01, 0x01, 0x01, 0x01, 0x01, 0x01, 0x01, 0x01, 0x01, 0x01, 0x01, 0x01, 0x01, 0x01, 0x01,
    0x01, 0x01, 0x01, 0x01, 0x01, 0x01, 0x01, 0x01, 0x55, 0x55, 0x55, 0x55, 0x55, 0x55, 0x55, 0x55, 0x50, 0x50, 0x50, 0x50, 0x50, 0x50, 0x50, 0x50, 0x0D, 0x0D, 0x0D, 0x0D, 0x0D, 0x0D, 0x0D, 0x0D,
    0x01, 0x01, 0x01, 0x01, 0x01, 0x01, 0x01, 0x01, 0x01, 0x01, 0x01, 0x01, 0x01, 0x01, 0x01, 0x01, 0x01, 0x01, 0x01, 0x05, 0x01, 0x01, 0x01, 0x01, 0x01, 0x01, 0x01, 0x05, 0x01, 0x01, 0x01, 0x05,
    0x01, 0x01, 0x01, 0x01, 0x01, 0x4E, 0x73, 0x73, 0x55, 0x55, 0x55, 0x55, 0x55, 0x01, 0x01, 0x01, 0x50, 0x50, 0x50, 0x50, 0x50, 0x55, 0x55, 0x55, 0x0D, 0x0D, 0x0D, 0x0D, 0x0D, 0x0D, 0x50, 0x50,
    0x01, 0x01, 0x01, 0x01, 0x05, 0x05, 0x0D, 0x0D, 0x01, 0x01, 0x01, 0x01, 0x01, 0x01, 0x01, 0x01, 0x01, 0x01, 0x01, 0x01, 0x05, 0x01, 0x01, 0x0D, 0x01, 0x01, 0x01, 0x01, 0x0D, 0x0D, 0x05, 0x0D,
    0x73, 0x73, 0x73, 0x73, 0x73, 0x73, 0x4F, 0x73, 0x01, 0x01, 0x01, 0x01, 0x01, 0x4E, 0x73, 0x73, 0x55, 0x55, 0x55, 0x55, 0x55, 0x01, 0x73, 0x5D, 0x50, 0x50, 0x50, 0x50, 0x50, 0x73, 0x5D, 0x5D,
    0x0D, 0x50, 0x50, 0x50, 0x50, 0x73, 0x5D, 0x5D, 0x05, 0x0D, 0x0D, 0x50, 0x73, 0x5D, 0x5D, 0x5D, 0x0D, 0x05, 0x05, 0x73, 0x5D, 0x5D, 0x5D, 0x5C, 0x05, 0x0D, 0x73, 0x5D, 0x5D, 0x5D, 0x5C, 0x5C,
    0x73, 0x4E, 0x4E, 0x4E, 0x3C, 0x4E, 0x73, 0x73, 0x73, 0x73, 0x73, 0x73, 0x73, 0x73, 0x4B, 0x4B, 0x73, 0x4B, 0x4B, 0x4B, 0x4B, 0x4B, 0x06, 0x06, 0x5D, 0x73, 0x4B, 0x4B, 0x4B, 0x4B, 0x06, 0x06,
    0x5D, 0x5D, 0x73, 0x4B, 0x4B, 0x4B, 0x4B, 0x4B, 0x5D, 0x5C, 0x5D, 0x73, 0x4B, 0x4B, 0x73, 0x73, 0x5C, 0x5C, 0x5C, 0x5D, 0x73, 0x73, 0x66, 0x37, 0x5C, 0x5C, 0x58, 0x58, 0x5C, 0x5D, 0x73, 0x73,
    0x73, 0x73, 0x4B, 0x06, 0x06, 0x4B, 0x73, 0x73, 0x06, 0x06, 0x06, 0x4B, 0x73, 0x73, 0x66, 0x73, 0x06, 0x06, 0x4B, 0x73, 0x66, 0x37, 0x66, 0x66, 0x4B, 0x73, 0x73, 0x73, 0x66, 0x37, 0x37, 0x66,
    0x73, 0x66, 0x37, 0x37, 0x73, 0x66, 0x2E, 0x37, 0x73, 0x66, 0x66, 0x2E, 0x2E, 0x73, 0x66, 0x2E, 0x37, 0x73, 0x73, 0x66, 0x2E, 0x37, 0x73, 0x66, 0x66, 0x37, 0x37, 0x73, 0x66, 0x37, 0x37, 0x73,
    0x73, 0x66, 0x37, 0x37, 0x66, 0x73, 0x5D, 0x5D, 0x66, 0x2E, 0x0A, 0x0A, 0x37, 0x66, 0x73, 0x5D, 0x73, 0x37, 0x2E, 0x0A, 0x0A, 0x37, 0x66, 0x73, 0x73, 0x66, 0x37, 0x0A, 0x0A, 0x2E, 0x2E, 0x37,
    0x66, 0x73, 0x66, 0x2E, 0x2E, 0x37, 0x37, 0x37, 0x37, 0x66, 0x73, 0x73, 0x73, 0x66, 0x37, 0x37, 0x2E, 0x0A, 0x0A, 0x37, 0x66, 0x73, 0x73, 0x73, 0x66, 0x66, 0x2E, 0x2E, 0x37, 0x37, 0x66, 0x66,
    0x5D, 0x5D, 0x5D, 0x5D, 0x5D, 0x5D, 0x5D, 0x5D, 0x5D, 0x5D, 0x5D, 0x5D, 0x5D, 0x5D, 0x5D, 0x5D, 0x73, 0x5D, 0x5D, 0x5D, 0x5D, 0x5D, 0x5D, 0x5D, 0x66, 0x73, 0x73, 0x5D, 0x5D, 0x5D, 0x5D, 0x5D,
    0x37, 0x37, 0x66, 0x73, 0x73, 0x73, 0x5D, 0x5D, 0x37, 0x37, 0x37, 0x37, 0x37, 0x66, 0x73, 0x5D, 0x73, 0x66, 0x37, 0x37, 0x37, 0x66, 0x73, 0x5D, 0x66, 0x73, 0x73, 0x73, 0x73, 0x73, 0x5D, 0x5D,
    0x5D, 0x5D, 0x5D, 0x5D, 0x5D, 0x5D, 0x5D, 0x5D, 0x5D, 0x5D, 0x5D, 0x5D, 0x5D, 0x5D, 0x5D, 0x5D, 0x5D, 0x5D, 0x5D, 0x5D, 0x5D, 0x5D, 0x5D, 0x5D, 0x5D, 0x5D, 0x5D, 0x5D, 0x5D, 0x5D, 0x5D, 0x5D,
    0x5D, 0x5D, 0x5D, 0x5D, 0x5D, 0x5D, 0x5D, 0x5D, 0x5D, 0x5D, 0x5D, 0x5D, 0x5D, 0x5D, 0x5D, 0x5D, 0x5D, 0x5D, 0x5D, 0x5D, 0x5D, 0x5D, 0x5D, 0x5D, 0x5D, 0x5D, 0x5D, 0x5D, 0x5D, 0x5D, 0x5D, 0x5D,
    0x5D, 0x5D, 0x73, 0x5D, 0x5D, 0x5D, 0x5D, 0x5D, 0x5D, 0x73, 0x5D, 0x5D, 0x5D, 0x5D, 0x5D, 0x5D, 0x5D, 0x73, 0x5D, 0x5D, 0x5D, 0x5D, 0x5D, 0x5D, 0x5D, 0x73, 0x5D, 0x5D, 0x5D, 0x5D, 0x5D, 0x5D,
    0x5D, 0x73, 0x5D, 0x5D, 0x5D, 0x5D, 0x5D, 0x5D, 0x5D, 0x73, 0x5D, 0x5D, 0x5D, 0x5D, 0x5D, 0x5D, 0x5D, 0x73, 0x5D, 0x5D, 0x5D, 0x5D, 0x5D, 0x5D, 0x5D, 0x5D, 0x73, 0x5D, 0x5D, 0x5D, 0x5D, 0x5D,
    0x5C, 0x5C, 0x5C, 0x5C, 0x58, 0x58, 0x58, 0x58, 0x5C, 0x5C, 0x5C, 0x5C, 0x5C, 0x58, 0x58, 0x58, 0x5C, 0x5C, 0x5C, 0x5C, 0x5C, 0x58, 0x58, 0x58, 0x5C, 0x5C, 0x5C, 0x5C, 0x5C, 0x58, 0x58, 0x58,
    0x5D, 0x5C, 0x5C, 0x5C, 0x5C, 0x5C, 0x58, 0x58, 0x5D, 0x5C, 0x5C, 0x5C, 0x5C, 0x5C, 0x5C, 0x58, 0x5D, 0x5D, 0x5C, 0x5C, 0x5C, 0x5C, 0x5C, 0x5C, 0x5D, 0x5D, 0x5C, 0x5C, 0x5C, 0x5C, 0x5C, 0x5C,
    0x33, 0x33, 0x33, 0x33, 0x33, 0x33, 0x33, 0x33, 0x33, 0x33, 0x33, 0x33, 0x33, 0x33, 0x33, 0x33, 0x58, 0x33, 0x33, 0x33, 0x33, 0x33, 0x33, 0x33, 0x58, 0x58, 0x33, 0x33, 0x33, 0x33, 0x33, 0x33,
    0x58, 0x58, 0x58, 0x58, 0x33, 0x33, 0x33, 0x33, 0x58, 0x58, 0x58, 0x58, 0x58, 0x58, 0x58, 0x58, 0x58, 0x58, 0x58, 0x58, 0x58, 0x58, 0x58, 0x58, 0x5C, 0x58, 0x58, 0x58, 0x58, 0x58, 0x58, 0x58,
    0x33, 0x33, 0x33, 0x33, 0x58, 0x58, 0x58, 0x58, 0x33, 0x33, 0x33, 0x33, 0x58, 0x58, 0x58, 0x58, 0x33, 0x33, 0x33, 0x58, 0x58, 0x58, 0x58, 0x58, 0x33, 0x33, 0x58, 0x58, 0x58, 0x58, 0x58, 0x58,
    0x58, 0x58, 0x58, 0x58, 0x58, 0x58, 0x58, 0x58, 0x58, 0x58, 0x58, 0x58, 0x58, 0x58, 0x58, 0x58, 0x58, 0x58, 0x58, 0x58, 0x58, 0x58, 0x58, 0x5C, 0x58, 0x58, 0x58, 0x58, 0x58, 0x58, 0x5C, 0x5C,
    0x58, 0x58, 0x58, 0x5C, 0x5C, 0x5C, 0x5C, 0x5C, 0x58, 0x58, 0x5C, 0x5C, 0x5C, 0x5C, 0x5C, 0x5C, 0x58, 0x58, 0x5C, 0x5C, 0x5C, 0x5C, 0x5C, 0x5C, 0x58, 0x5C, 0x5C, 0x5C, 0x5C, 0x5C, 0x5C, 0x5C,
    0x58, 0x5C, 0x5C, 0x5C, 0x5C, 0x5C, 0x5C, 0x5C, 0x5C, 0x5C, 0x5C, 0x5C, 0x5C, 0x5C, 0x5C, 0x5C, 0x5C, 0x5C, 0x5C, 0x5C, 0x5C, 0x5C, 0x5C, 0x5C, 0x5C, 0x5C, 0x5C, 0x5C, 0x5C, 0x5C, 0x5C, 0x5C,
    0x5C, 0x5C, 0x5C, 0x5C, 0x5C, 0x5C, 0x5C, 0x5C, 0x5C, 0x5C, 0x5C, 0x5C, 0x5C, 0x5C, 0x5C, 0x5C, 0x5C, 0x5C, 0x5C, 0x5C, 0x5C, 0x5C, 0x5C, 0x5C, 0x5C, 0x5C, 0x5C, 0x5C, 0x5C, 0x5C, 0x5C, 0x5C,
    0x5C, 0x5C, 0x5C, 0x5C, 0x5C, 0x5C, 0x5C, 0x5C, 0x5C, 0x5C, 0x5C, 0x5C, 0x5C, 0x5C, 0x5C, 0x5C, 0x5C, 0x5C, 0x5C, 0x5C, 0x5C, 0x5C, 0x5C, 0x5C, 0x5C, 0x5C, 0x5C, 0x5C, 0x5C, 0x5C, 0x5C, 0x5C,
    0x5C, 0x5C, 0x5C, 0x5C, 0x5D, 0x5D, 0x5D, 0x5D, 0x5C, 0x5C, 0x5C, 0x5C, 0x5C, 0x5D, 0x5D, 0x5D, 0x5C, 0x5C, 0x5C, 0x5C, 0x5C, 0x5D, 0x5D, 0x5D, 0x5C, 0x5C, 0x5C, 0x5C, 0x5C, 0x5C, 0x5D, 0x5D,
    0x5C, 0x5C, 0x5C, 0x5C, 0x5C, 0x5C, 0x5D, 0x5D, 0x5C, 0x5C, 0x5C, 0x5C, 0x5C, 0x5C, 0x5C, 0x5D, 0x5C, 0x5C, 0x5C, 0x5C, 0x5C, 0x5C, 0x5C, 0x5D, 0x5C, 0x5C, 0x5C, 0x5C, 0x5C, 0x5C, 0x5C, 0x5D,
    0x5D, 0x73, 0x73, 0x73, 0x73, 0x73, 0x73, 0x73, 0x5D, 0x73, 0x32, 0x32, 0x32, 0x32, 0x32, 0x32, 0x5D, 0x5D, 0x73, 0x10, 0x10, 0x10, 0x10, 0x32, 0x5D, 0x5D, 0x73, 0x10, 0x10, 0x10, 0x10, 0x73,
    0x5D, 0x5D, 0x73, 0x10, 0x10, 0x10, 0x32, 0x73, 0x5D, 0x5D, 0x73, 0x10, 0x0D, 0x0D, 0x73, 0x73, 0x5D, 0x5D, 0x73, 0x32, 0x0D, 0x0D, 0x73, 0x73, 0x5D, 0x5D, 0x5D, 0x73, 0x0D, 0x0D, 0x73, 0x73,
    0x73, 0x01, 0x73, 0x73, 0x73, 0x73, 0x73, 0x73, 0x32, 0x73, 0x73, 0x73, 0x73, 0x73, 0x73, 0x4E, 0x73, 0x73, 0x73, 0x73, 0x73, 0x73, 0x73, 0x01, 0x73, 0x73, 0x73, 0x73, 0x73, 0x73, 0x73, 0x4E,
    0x73, 0x73, 0x73, 0x73, 0x73, 0x32, 0x32, 0x73, 0x73, 0x73, 0x73, 0x73, 0x32, 0x0D, 0x0D, 0x0D, 0x73, 0x73, 0x73, 0x73, 0x0D, 0x0D, 0x0D, 0x0C, 0x73, 0x73, 0x32, 0x32, 0x0D, 0x0C, 0x0C, 0x0C,
    0x4E, 0x01, 0x01, 0x01, 0x01, 0x01, 0x01, 0x4E, 0x01, 0x01, 0x01, 0x01, 0x01, 0x4E, 0x73, 0x73, 0x01, 0x01, 0x01, 0x4E, 0x73, 0x73, 0x32, 0x0C, 0x4E, 0x4E, 0x73, 0x73, 0x32, 0x0C, 0x0C, 0x0C,
    0x73, 0x73, 0x32, 0x0C, 0x0C, 0x0C, 0x0C, 0x0C, 0x0D, 0x0C, 0x0C, 0x0C, 0x0C, 0x0C, 0x0C, 0x32, 0x0C, 0x0C, 0x0C, 0x0C, 0x0C, 0x0C, 0x32, 0x73, 0x0C, 0x0C, 0x0C, 0x0C, 0x0C, 0x32, 0x73, 0x4E,
    0x73, 0x73, 0x73, 0x73, 0x73, 0x73, 0x32, 0x73, 0x32, 0x73, 0x73, 0x73, 0x73, 0x73, 0x73, 0x73, 0x32, 0x73, 0x73, 0x73, 0x73, 0x73, 0x73, 0x73, 0x0C, 0x32, 0x73, 0x73, 0x73, 0x73, 0x73, 0x73,
    0x32, 0x73, 0x4E, 0x73, 0x73, 0x73, 0x73, 0x73, 0x73, 0x4E, 0x73, 0x73, 0x73, 0x73, 0x73, 0x73, 0x4E, 0x4E, 0x73, 0x73, 0x73, 0x73, 0x73, 0x73, 0x4E, 0x73, 0x73, 0x73, 0x73, 0x73, 0x73, 0x73,
    0x73, 0x73, 0x73, 0x73, 0x73, 0x73, 0x3C, 0x3C, 0x73, 0x73, 0x73, 0x73, 0x73, 0x73, 0x3C, 0x3C, 0x73, 0x73, 0x73, 0x73, 0x4E, 0x73, 0x3C, 0x1B, 0x73, 0x73, 0x73, 0x4E, 0x01, 0x73, 0x3C, 0x1B,
    0x73, 0x73, 0x4E, 0x01, 0x01, 0x73, 0x3C, 0x1B, 0x73, 0x4E, 0x01, 0x01, 0x01, 0x73, 0x3C, 0x1B, 0x73, 0x4E, 0x01, 0x01, 0x01, 0x73, 0x3C, 0x1B, 0x73, 0x4E, 0x01, 0x01, 0x4E, 0x73, 0x3C, 0x1B,
    0x3C, 0x3C, 0x3C, 0x4E, 0x4E, 0x4E, 0x4E, 0x73, 0x3C, 0x3C, 0x3C, 0x3C, 0x4E, 0x4E, 0x4E, 0x73, 0x1B, 0x3C, 0x3C, 0x3C, 0x4E, 0x4E, 0x4E, 0x73, 0x1B, 0x1B, 0x3C, 0x3C, 0x4E, 0x4E, 0x4E, 0x73,
    0x1B, 0x1B, 0x3C, 0x3C, 0x4E, 0x4E, 0x4E, 0x73, 0x1B, 0x1B, 0x3C, 0x3C, 0x4E, 0x4E, 0x4E, 0x73, 0x1B, 0x1B, 0x3C, 0x3C, 0x4E, 0x4E, 0x4E, 0x73, 0x1B, 0x1B, 0x3C, 0x3C, 0x4E, 0x4E, 0x4E, 0x73,
    0x3D, 0x17, 0x17, 0x17, 0x0D, 0x05, 0x05, 0x05, 0x51, 0x3D, 0x3D, 0x17, 0x17, 0x0D, 0x0D, 0x0D, 0x55, 0x4E, 0x51, 0x3D, 0x3D, 0x3D, 0x17, 0x17, 0x73, 0x73, 0x55, 0x4E, 0x4E, 0x51, 0x51, 0x3D,
    0x73, 0x73, 0x73, 0x73, 0x55, 0x55, 0x4E, 0x4E, 0x55, 0x73, 0x73, 0x73, 0x73, 0x73, 0x73, 0x55, 0x4F, 0x4F, 0x55, 0x73, 0x73, 0x73, 0x73, 0x73, 0x4F, 0x4F, 0x4F, 0x4F, 0x55, 0x55, 0x73, 0x73,
    0x05, 0x05, 0x0D, 0x0D, 0x0D, 0x3D, 0x3D, 0x3D, 0x3D, 0x3D, 0x3D, 0x3D, 0x17, 0x17, 0x17, 0x17, 0x17, 0x17, 0x17, 0x17, 0x17, 0x17, 0x17, 0x17, 0x3D, 0x3D, 0x3D, 0x3D, 0x3D, 0x3D, 0x3D, 0x3D,
    0x4E, 0x51, 0x51, 0x51, 0x51, 0x51, 0x51, 0x51, 0x55, 0x55, 0x55, 0x55, 0x55, 0x55, 0x55, 0x55, 0x73, 0x73, 0x73, 0x73, 0x73, 0x73, 0x73, 0x73, 0x73, 0x73, 0x73, 0x73, 0x73, 0x73, 0x73, 0x73,
    0x17, 0x17, 0x17, 0x17, 0x17, 0x17, 0x17, 0x17, 0x17, 0x17, 0x17, 0x17, 0x17, 0x17, 0x17, 0x17, 0x17, 0x17, 0x17, 0x17, 0x3D, 0x3D, 0x3D, 0x51, 0x3D, 0x3D, 0x3D, 0x51, 0x51, 0x4E, 0x4E, 0x55,
    0x51, 0x4E, 0x4E, 0x4E, 0x55, 0x55, 0x73, 0x73, 0x55, 0x73, 0x73, 0x73, 0x73, 0x73, 0x73, 0x73, 0x73, 0x73, 0x73, 0x73, 0x73, 0x73, 0x73, 0x73, 0x73, 0x73, 0x73, 0x55, 0x55, 0x55, 0x55, 0x55,
    0x17, 0x17, 0x3D, 0x51, 0x55, 0x73, 0x73, 0x73, 0x3D, 0x51, 0x4E, 0x55, 0x73, 0x73, 0x73, 0x55, 0x51, 0x4E, 0x55, 0x73, 0x73, 0x73, 0x55, 0x4F, 0x73, 0x73, 0x73, 0x73, 0x73, 0x55, 0x4F, 0x4F,
    0x73, 0x73, 0x73, 0x73, 0x55, 0x4F, 0x4F, 0x4F, 0x73, 0x73, 0x73, 0x73, 0x73, 0x73, 0x55, 0x55, 0x73, 0x73, 0x73, 0x73, 0x73, 0x73, 0x73, 0x73, 0x55, 0x55, 0x55, 0x55, 0x55, 0x55, 0x55, 0x73,
    0x55, 0x4F, 0x4F, 0x4F, 0x4F, 0x4F, 0x4F, 0x4F, 0x4F, 0x4F, 0x4F, 0x4F, 0x4F, 0x4F, 0x4F, 0x4F, 0x4F, 0x4F, 0x4F, 0x4F, 0x4F, 0x4F, 0x4F, 0x4F, 0x4F, 0x4F, 0x4F, 0x4F, 0x4F, 0x4F, 0x4F, 0x4F,
    0x4F, 0x4F, 0x4F, 0x4F, 0x4F, 0x4F, 0x4F, 0x4F, 0x55, 0x4F, 0x4F, 0x4F, 0x4F, 0x4F, 0x4F, 0x4F, 0x73, 0x73, 0x73, 0x55, 0x4F, 0x4F, 0x4F, 0x4F, 0x73, 0x73, 0x73, 0x73, 0x73, 0x55, 0x4F, 0x4F,
    0x55, 0x73, 0x73, 0x4F, 0x4F, 0x4F, 0x4F, 0x4F, 0x4F, 0x73, 0x73, 0x55, 0x4F, 0x4F, 0x4F, 0x4F, 0x4F, 0x55, 0x73, 0x73, 0x4F, 0x4F, 0x4F, 0x2A, 0x4F, 0x4F, 0x73, 0x73, 0x55, 0x4F, 0x4F, 0x2A,
    0x4F, 0x4F, 0x55, 0x73, 0x73, 0x4F, 0x4F, 0x2A, 0x4F, 0x4F, 0x55, 0x73, 0x73, 0x55, 0x4F, 0x2A, 0x4F, 0x4F, 0x4F, 0x73, 0x73, 0x55, 0x4F, 0x2A, 0x4F, 0x4F, 0x4F, 0x55, 0x73, 0x73, 0x4F, 0x2A,
    0x2A, 0x2A, 0x2A, 0x2A, 0x2A, 0x2A, 0x2A, 0x2A, 0x2A, 0x2A, 0x2A, 0x2A, 0x2A, 0x2A, 0x2A, 0x2A, 0x2A, 0x2A, 0x2A, 0x2A, 0x2A, 0x2A, 0x2A, 0x2A, 0x2A, 0x2A, 0x2A, 0x2A, 0x2A, 0x2A, 0x2A, 0x2A,
    0x2A, 0x2A, 0x2A, 0x2A, 0x2A, 0x2A, 0x2A, 0x2A, 0x2A, 0x2A, 0x2A, 0x2A, 0x2A, 0x2A, 0x4F, 0x4F, 0x2A, 0x2A, 0x2A, 0x2A, 0x2A, 0x4F, 0x4F, 0x4F, 0x2A, 0x2A, 0x2A, 0x2A, 0x2A, 0x2A, 0x4F, 0x4F,
    0x2A, 0x2A, 0x2A, 0x2A, 0x2A, 0x4F, 0x4F, 0x4F, 0x2A, 0x2A, 0x2A, 0x2A, 0x4F, 0x4F, 0x4F, 0x4F, 0x2A, 0x2A, 0x2A, 0x4F, 0x4F, 0x4F, 0x4F, 0x4F, 0x2A, 0x2A, 0x4F, 0x4F, 0x4F, 0x4F, 0x4F, 0x4F,
    0x4F, 0x4F, 0x4F, 0x4F, 0x4F, 0x4F, 0x4F, 0x4F, 0x4F, 0x4F, 0x4F, 0x4F, 0x4F, 0x4F, 0x4F, 0x4F, 0x4F, 0x4F, 0x4F, 0x4F, 0x4F, 0x4F, 0x4F, 0x4F, 0x4F, 0x4F, 0x4F, 0x4F, 0x4F, 0x4F, 0x4F, 0x4F,
    0x4F, 0x55, 0x73, 0x73, 0x43, 0x05, 0x05, 0x05, 0x4F, 0x4F, 0x73, 0x73, 0x43, 0x0D, 0x05, 0x05, 0x4F, 0x4F, 0x55, 0x73, 0x73, 0x0D, 0x05, 0x05, 0x4F, 0x4F, 0x55, 0x73, 0x73, 0x43, 0x05, 0x05,
    0x4F, 0x4F, 0x4F, 0x73, 0x73, 0x43, 0x0D, 0x05, 0x4F, 0x4F, 0x4F, 0x55, 0x73, 0x73, 0x0D, 0x05, 0x4F, 0x4F, 0x4F, 0x55, 0x73, 0x73, 0x43, 0x05, 0x4F, 0x4F, 0x4F, 0x55, 0x73, 0x73, 0x43, 0x0D,
    0x05, 0x05, 0x05, 0x0D, 0x0D, 0x73, 0x73, 0x57, 0x05, 0x05, 0x05, 0x05, 0x0D, 0x43, 0x73, 0x73, 0x05, 0x05, 0x05, 0x05, 0x0D, 0x43, 0x73, 0x73, 0x05, 0x05, 0x05, 0x05, 0x0D, 0x0D, 0x73, 0x73,
    0x05, 0x05, 0x05, 0x05, 0x05, 0x0D, 0x73, 0x73, 0x05, 0x05, 0x05, 0x05, 0x05, 0x0D, 0x43, 0x73, 0x05, 0x05, 0x05, 0x05, 0x05, 0x0D, 0x43, 0x73, 0x05, 0x05, 0x05, 0x05, 0x05, 0x0D, 0x0D, 0x73,
    0x2B, 0x2B, 0x2B, 0x2B, 0x2B, 0x2B, 0x57, 0x73, 0x54, 0x2B, 0x2B, 0x2B, 0x2B, 0x2B, 0x54, 0x73, 0x54, 0x2B, 0x2B, 0x2B, 0x2B, 0x2B, 0x54, 0x57, 0x57, 0x2B, 0x2B, 0x2B, 0x2B, 0x2B, 0x2B, 0x57,
    0x57, 0x54, 0x2B, 0x2B, 0x2B, 0x2B, 0x2B, 0x57, 0x73, 0x54, 0x2B, 0x2B, 0x2B, 0x2B, 0x2B, 0x54, 0x73, 0x57, 0x2B, 0x2B, 0x2B, 0x2B, 0x2B, 0x54, 0x73, 0x57, 0x2B, 0x2B, 0x2B, 0x2B, 0x2B, 0x2B,
    0x73, 0x73, 0x6F, 0x6F, 0x6F, 0x6F, 0x6F, 0x6F, 0x73, 0x73, 0x6F, 0x6F, 0x6F, 0x6F, 0x6F, 0x6F, 0x73, 0x73, 0x73, 0x6F, 0x6F, 0x6F, 0x6F, 0x6F, 0x73, 0x73, 0x73, 0x6F, 0x6F, 0x6F, 0x6F, 0x6F,
    0x73, 0x73, 0x73, 0x6F, 0x6F, 0x6F, 0x6F, 0x6F, 0x73, 0x73, 0x73, 0x73, 0x6F, 0x6F, 0x6F, 0x6F, 0x57, 0x73, 0x73, 0x73, 0x6F, 0x6F, 0x6F, 0x6F, 0x57, 0x73, 0x73, 0x73, 0x6F, 0x6F, 0x6F, 0x6F,
    0x6F, 0x6F, 0x6F, 0x6F, 0x73, 0x73, 0x73, 0x57, 0x6F, 0x6F, 0x6F, 0x73, 0x73, 0x73, 0x73, 0x54, 0x6F, 0x6F, 0x6F, 0x73, 0x73, 0x73, 0x57, 0x54, 0x6F, 0x6F, 0x6F, 0x73, 0x73, 0x73, 0x57, 0x2B,
    0x6F, 0x6F, 0x73, 0x73, 0x73, 0x73, 0x54, 0x2B, 0x6F, 0x6F, 0x73, 0x73, 0x73, 0x57, 0x54, 0x2B, 0x6F, 0x6F, 0x73, 0x73, 0x73, 0x57, 0x2B, 0x2B, 0x6F, 0x6F, 0x73, 0x73, 0x73, 0x57, 0x2B, 0x2B,
    0x2B, 0x2B, 0x2B, 0x2B, 0x2B, 0x54, 0x57, 0x73, 0x2B, 0x2B, 0x2B, 0x2B, 0x2B, 0x54, 0x73, 0x73, 0x2B, 0x2B, 0x2B, 0x2B, 0x2B, 0x57, 0x73, 0x73, 0x2B, 0x2B, 0x2B, 0x2B, 0x2B, 0x57, 0x73, 0x73,
    0x2B, 0x2B, 0x2B, 0x2B, 0x54, 0x57, 0x73, 0x73, 0x2B, 0x2B, 0x2B, 0x2B, 0x54, 0x73, 0x73, 0x43, 0x2B, 0x2B, 0x2B, 0x2B, 0x57, 0x73, 0x73, 0x43, 0x2B, 0x2B, 0x2B, 0x2B, 0x57, 0x73, 0x73, 0x43,
    0x73, 0x0D, 0x05, 0x05, 0x05, 0x05, 0x05, 0x05, 0x43, 0x0D, 0x05, 0x05, 0x05, 0x05, 0x05, 0x05, 0x43, 0x0D, 0x05, 0x05, 0x05, 0x05, 0x05, 0x05, 0x0D, 0x0D, 0x05, 0x05, 0x05, 0x05, 0x05, 0x0D,
    0x0D, 0x0D, 0x05, 0x05, 0x05, 0x05, 0x05, 0x0D, 0x0D, 0x0D, 0x05, 0x05, 0x05, 0x05, 0x05, 0x0D, 0x0D, 0x0D, 0x05, 0x05, 0x05, 0x05, 0x05, 0x43, 0x0D, 0x0D, 0x05, 0x05, 0x05, 0x05, 0x0D, 0x43,
    0x0D, 0x43, 0x73, 0x73, 0x4F, 0x4F, 0x4F, 0x4F, 0x0D, 0x73, 0x73, 0x55, 0x4F, 0x4F, 0x4F, 0x4F, 0x43, 0x73, 0x73, 0x55, 0x4F, 0x4F, 0x4F, 0x4F, 0x43, 0x73, 0x73, 0x55, 0x4F, 0x4F, 0x4F, 0x4F,
    0x43, 0x73, 0x73, 0x4F, 0x4F, 0x4F, 0x4F, 0x4F, 0x73, 0x73, 0x55, 0x4F, 0x4F, 0x4F, 0x4F, 0x4F, 0x73, 0x73, 0x55, 0x4F, 0x4F, 0x4F, 0x4F, 0x4F, 0x73, 0x73, 0x55, 0x4F, 0x4F, 0x4F, 0x4F, 0x4F,
    0x4F, 0x4F, 0x4F, 0x4F, 0x4F, 0x4F, 0x4F, 0x4F, 0x4F, 0x4F, 0x4F, 0x4F, 0x4F, 0x4F, 0x4F, 0x2A, 0x4F, 0x4F, 0x4F, 0x4F, 0x4F, 0x2A, 0x2A, 0x2A, 0x4F, 0x4F, 0x4F, 0x4F, 0x2A, 0x2A, 0x2A, 0x2A,
    0x4F, 0x4F, 0x4F, 0x2A, 0x2A, 0x2A, 0x2A, 0x2A, 0x4F, 0x4F, 0x2A, 0x2A, 0x2A, 0x2A, 0x2A, 0x2A, 0x4F, 0x2A, 0x2A, 0x2A, 0x2A, 0x2A, 0x2A, 0x2A, 0x2A, 0x2A, 0x2A, 0x2A, 0x2A, 0x2A, 0x2A, 0x2A,
    0x2A, 0x2A, 0x2A, 0x2A, 0x2A, 0x2A, 0x2A, 0x2A, 0x2A, 0x2A, 0x2A, 0x2A, 0x2A, 0x2A, 0x2A, 0x2A, 0x2A, 0x2A, 0x2A, 0x2A, 0x2A, 0x2A, 0x2A, 0x2A, 0x2A, 0x2A, 0x2A, 0x2A, 0x2A, 0x2A, 0x2A, 0x2A,
    0x2A, 0x2A, 0x2A, 0x2A, 0x2A, 0x2A, 0x2A, 0x4F, 0x2A, 0x2A, 0x2A, 0x2A, 0x2A, 0x2A, 0x2A, 0x4F, 0x2A, 0x2A, 0x2A, 0x2A, 0x2A, 0x2A, 0x4F, 0x4F, 0x2A, 0x2A, 0x2A, 0x2A, 0x2A, 0x2A, 0x4F, 0x55,
    0x2A, 0x55, 0x73, 0x73, 0x55, 0x4F, 0x4F, 0x4F, 0x4F, 0x55, 0x73, 0x73, 0x4F, 0x4F, 0x4F, 0x55, 0x4F, 0x73, 0x73, 0x55, 0x4F, 0x4F, 0x73, 0x73, 0x55, 0x73, 0x73, 0x55, 0x4F, 0x55, 0x73, 0x73,
    0x55, 0x73, 0x73, 0x55, 0x55, 0x73, 0x73, 0x55, 0x55, 0x73, 0x73, 0x55, 0x73, 0x73, 0x73, 0x4E, 0x73, 0x73, 0x55, 0x73, 0x73, 0x73, 0x4E, 0x51, 0x73, 0x73, 0x73, 0x73, 0x73, 0x55, 0x51, 0x3D,
    0x4F, 0x55, 0x73, 0x73, 0x73, 0x73, 0x55, 0x55, 0x73, 0x73, 0x73, 0x73, 0x55, 0x4E, 0x4E, 0x51, 0x73, 0x73, 0x73, 0x55, 0x51, 0x51, 0x3D, 0x3D, 0x73, 0x55, 0x4E, 0x51, 0x3D, 0x17, 0x17, 0x3D,
    0x4E, 0x51, 0x3D, 0x17, 0x17, 0x17, 0x17, 0x17, 0x51, 0x3D, 0x17, 0x17, 0x17, 0x17, 0x17, 0x17, 0x3D, 0x17, 0x17, 0x17, 0x17, 0x17, 0x17, 0x17, 0x17, 0x17, 0x17, 0x17, 0x17, 0x17, 0x17, 0x17,
    0x4E, 0x4E, 0x4E, 0x51, 0x51, 0x51, 0x51, 0x51, 0x51, 0x3D, 0x3D, 0x3D, 0x3D, 0x3D, 0x3D, 0x3D, 0x17, 0x17, 0x17, 0x17, 0x17, 0x17, 0x17, 0x17, 0x3D, 0x3D, 0x3D, 0x17, 0x17, 0x17, 0x17, 0x17,
    0x3D, 0x0D, 0x05, 0x05, 0x3D, 0x3D, 0x3D, 0x17, 0x17, 0x3D, 0x0D, 0x05, 0x05, 0x05, 0x0D, 0x0D, 0x17, 0x17, 0x3D, 0x3D, 0x0D, 0x05, 0x05, 0x05, 0x17, 0x17, 0x17, 0x17, 0x3D, 0x0D, 0x05, 0x05,
    0x51, 0x51, 0x51, 0x51, 0x4E, 0x4E, 0x4E, 0x4E, 0x3D, 0x3D, 0x3D, 0x3D, 0x3D, 0x3D, 0x3D, 0x51, 0x17, 0x17, 0x17, 0x17, 0x17, 0x17, 0x17, 0x17, 0x17, 0x17, 0x17, 0x17, 0x17, 0x17, 0x17, 0x17,
    0x17, 0x17, 0x17, 0x17, 0x17, 0x17, 0x17, 0x17, 0x0D, 0x3D, 0x3D, 0x3D, 0x3D, 0x17, 0x17, 0x17, 0x05, 0x05, 0x05, 0x05, 0x0D, 0x0D, 0x0D, 0x3D, 0x05, 0x05, 0x05, 0x05, 0x05, 0x05, 0x05, 0x05,
    0x55, 0x55, 0x73, 0x73, 0x73, 0x73, 0x55, 0x55, 0x51, 0x4E, 0x4E, 0x55, 0x73, 0x73, 0x73, 0x73, 0x3D, 0x3D, 0x51, 0x51, 0x55, 0x73, 0x73, 0x73, 0x17, 0x17, 0x17, 0x3D, 0x51, 0x4E, 0x55, 0x73,
    0x17, 0x17, 0x17, 0x17, 0x17, 0x3D, 0x4E, 0x55, 0x17, 0x17, 0x17, 0x17, 0x17, 0x17, 0x3D, 0x51, 0x3D, 0x3D, 0x17, 0x17, 0x17, 0x17, 0x17, 0x17, 0x0D, 0x0D, 0x0D, 0x0D, 0x3D, 0x3D, 0x17, 0x17,
    0x4F, 0x4F, 0x4F, 0x4F, 0x4F, 0x4F, 0x4F, 0x4F, 0x55, 0x4F, 0x4F, 0x4F, 0x4F, 0x4F, 0x4F, 0x4F, 0x73, 0x73, 0x4F, 0x4F, 0x4F, 0x4F, 0x4F, 0x4F, 0x73, 0x73, 0x55, 0x4F, 0x4F, 0x4F, 0x4F, 0x55,
    0x55, 0x73, 0x73, 0x55, 0x4F, 0x4F, 0x4F, 0x55, 0x55, 0x73, 0x73, 0x73, 0x55, 0x4F, 0x4F, 0x73, 0x51, 0x55, 0x73, 0x73, 0x73, 0x55, 0x55, 0x73, 0x17, 0x51, 0x55, 0x73, 0x73, 0x73, 0x55, 0x73,
    0x4F, 0x73, 0x73, 0x5B, 0x32, 0x32, 0x32, 0x32, 0x55, 0x73, 0x73, 0x32, 0x32, 0x32, 0x32, 0x32, 0x73, 0x73, 0x5B, 0x32, 0x32, 0x32, 0x32, 0x32, 0x73, 0x73, 0x5B, 0x32, 0x32, 0x32, 0x32, 0x32,
    0x73, 0x73, 0x32, 0x32, 0x32, 0x32, 0x32, 0x32, 0x73, 0x5B, 0x32, 0x32, 0x32, 0x32, 0x32, 0x32, 0x73, 0x5B, 0x32, 0x32, 0x32, 0x32, 0x32, 0x32, 0x73, 0x32, 0x32, 0x32, 0x32, 0x32, 0x5B, 0x73,
    0x32, 0x32, 0x5B, 0x73, 0x73, 0x73, 0x73, 0x73, 0x32, 0x32, 0x32, 0x32, 0x5B, 0x73, 0x73, 0x73, 0x32, 0x32, 0x32, 0x32, 0x32, 0x5B, 0x73, 0x73, 0x32, 0x32, 0x32, 0x32, 0x32, 0x32, 0x5B, 0x73,
    0x32, 0x32, 0x32, 0x32, 0x32, 0x32, 0x32, 0x32, 0x32, 0x32, 0x32, 0x32, 0x32, 0x32, 0x32, 0x32, 0x32, 0x5B, 0x5B, 0x5B, 0x5B, 0x32, 0x32, 0x32, 0x73, 0x73, 0x73, 0x73, 0x73, 0x73, 0x73, 0x5B,
    0x73, 0x4E, 0x01, 0x55, 0x55, 0x55, 0x50, 0x50, 0x4E, 0x73, 0x4E, 0x01, 0x01, 0x01, 0x55, 0x55, 0x73, 0x73, 0x73, 0x73, 0x73, 0x4E, 0x01, 0x01, 0x73, 0x73, 0x73, 0x4E, 0x4E, 0x73, 0x73, 0x4E,
    0x5B, 0x73, 0x73, 0x73, 0x73, 0x4E, 0x4E, 0x73, 0x32, 0x5B, 0x73, 0x73, 0x73, 0x73, 0x73, 0x4E, 0x32, 0x32, 0x32, 0x5B, 0x73, 0x73, 0x73, 0x73, 0x32, 0x32, 0x32, 0x32, 0x32, 0x5B, 0x73, 0x73,
    0x50, 0x50, 0x50, 0x50, 0x50, 0x50, 0x50, 0x50, 0x50, 0x50, 0x50, 0x50, 0x50, 0x50, 0x50, 0x50, 0x55, 0x55, 0x55, 0x50, 0x50, 0x50, 0x50, 0x50, 0x01, 0x01, 0x01, 0x55, 0x55, 0x55, 0x50, 0x50,
    0x73, 0x73, 0x4E, 0x01, 0x01, 0x01, 0x55, 0x55, 0x4E, 0x4E, 0x73, 0x73, 0x73, 0x4E, 0x01, 0x01, 0x73, 0x4E, 0x01, 0x01, 0x4E, 0x73, 0x73, 0x73, 0x73, 0x73, 0x73, 0x4E, 0x01, 0x01, 0x01, 0x01,
    0x50, 0x50, 0x50, 0x50, 0x50, 0x50, 0x0D, 0x05, 0x50, 0x50, 0x50, 0x50, 0x50, 0x50, 0x50, 0x0D, 0x50, 0x50, 0x50, 0x50, 0x50, 0x50, 0x50, 0x50, 0x50, 0x50, 0x50, 0x50, 0x50, 0x50, 0x50, 0x50,
    0x55, 0x55, 0x55, 0x55, 0x55, 0x55, 0x50, 0x50, 0x01, 0x01, 0x01, 0x01, 0x01, 0x01, 0x55, 0x55, 0x73, 0x73, 0x73, 0x73, 0x73, 0x4E, 0x01, 0x01, 0x4E, 0x73, 0x73, 0x73, 0x50, 0x73, 0x73, 0x73,
    0x01, 0x01, 0x01, 0x05, 0x05, 0x0D, 0x0D, 0x0D, 0x0D, 0x05, 0x05, 0x05, 0x05, 0x0D, 0x01, 0x01, 0x50, 0x0D, 0x0D, 0x0D, 0x0D, 0x0D, 0x05, 0x01, 0x50, 0x50, 0x50, 0x50, 0x0D, 0x0D, 0x05, 0x05,
    0x50, 0x50, 0x50, 0x50, 0x50, 0x50, 0x0D, 0x0D, 0x55, 0x55, 0x55, 0x55, 0x55, 0x55, 0x55, 0x55, 0x01, 0x01, 0x01, 0x01, 0x01, 0x01, 0x01, 0x01, 0x73, 0x73, 0x73, 0x73, 0x73, 0x73, 0x73, 0x73,
    0x0D, 0x0D, 0x0D, 0x50, 0x50, 0x50, 0x50, 0x50, 0x01, 0x0D, 0x50, 0x50, 0x50, 0x50, 0x50, 0x50, 0x01, 0x0D, 0x50, 0x50, 0x50, 0x50, 0x50, 0x50, 0x0D, 0x50, 0x50, 0x50, 0x50, 0x50, 0x50, 0x50,
    0x50, 0x50, 0x50, 0x50, 0x50, 0x55, 0x55, 0x55, 0x55, 0x55, 0x55, 0x55, 0x55, 0x01, 0x01, 0x01, 0x01, 0x01, 0x01, 0x01, 0x01, 0x4E, 0x73, 0x73, 0x73, 0x73, 0x73, 0x73, 0x73, 0x73, 0x4F, 0x4F,
    0x50, 0x50, 0x50, 0x50, 0x50, 0x50, 0x50, 0x50, 0x50, 0x50, 0x50, 0x50, 0x50, 0x50, 0x50, 0x50, 0x50, 0x50, 0x50, 0x50, 0x50, 0x50, 0x50, 0x50, 0x50, 0x50, 0x50, 0x50, 0x50, 0x55, 0x55, 0x55,
    0x55, 0x55, 0x55, 0x55, 0x55, 0x01, 0x01, 0x01, 0x01, 0x01, 0x01, 0x01, 0x01, 0x4E, 0x73, 0x73, 0x73, 0x73, 0x73, 0x73, 0x73, 0x73, 0x4F, 0x4F, 0x4F, 0x4F, 0x4F, 0x4F, 0x4F, 0x4F, 0x4F, 0x4F,
    0x50, 0x50, 0x50, 0x50, 0x50, 0x55, 0x55, 0x55, 0x50, 0x50, 0x50, 0x55, 0x55, 0x01, 0x01, 0x01, 0x55, 0x55, 0x55, 0x01, 0x01, 0x4E, 0x73, 0x73, 0x01, 0x01, 0x01, 0x4E, 0x73, 0x73, 0x4F, 0x4F,
    0x4E, 0x73, 0x73, 0x73, 0x4F, 0x4F, 0x4F, 0x4F, 0x73, 0x4F, 0x4F, 0x4F, 0x4F, 0x4F, 0x4F, 0x4F, 0x4F, 0x4F, 0x4F, 0x4F, 0x4F, 0x4F, 0x4F, 0x4F, 0x4F, 0x4F, 0x4F, 0x4F, 0x4F, 0x4F, 0x4F, 0x4F,
    0x01, 0x4E, 0x73, 0x73, 0x50, 0x73, 0x4E, 0x01, 0x4E, 0x73, 0x4F, 0x4F, 0x73, 0x4E, 0x01, 0x55, 0x73, 0x4F, 0x4F, 0x73, 0x4E, 0x01, 0x55, 0x50, 0x4F, 0x4F, 0x4F, 0x73, 0x01, 0x55, 0x50, 0x50,
    0x4F, 0x4F, 0x73, 0x4E, 0x01, 0x55, 0x50, 0x50, 0x4F, 0x4F, 0x73, 0x01, 0x55, 0x50, 0x50, 0x50, 0x4F, 0x73, 0x4E, 0x01, 0x55, 0x50, 0x50, 0x50, 0x4F, 0x73, 0x01, 0x55, 0x50, 0x50, 0x50, 0x50,
    0x55, 0x55, 0x50, 0x50, 0x50, 0x50, 0x50, 0x50, 0x50, 0x50, 0x50, 0x50, 0x50, 0x50, 0x50, 0x50, 0x50, 0x50, 0x50, 0x50, 0x50, 0x50, 0x50, 0x0D, 0x50, 0x50, 0x50, 0x50, 0x50, 0x50, 0x0D, 0x05,
    0x50, 0x50, 0x50, 0x50, 0x0D, 0x0D, 0x05, 0x01, 0x50, 0x50, 0x50, 0x0D, 0x05, 0x05, 0x05, 0x05, 0x50, 0x50, 0x0D, 0x05, 0x05, 0x05, 0x05, 0x0D, 0x50, 0x0D, 0x05, 0x05, 0x05, 0x05, 0x0D, 0x05,
    0x50, 0x50, 0x0D, 0x0D, 0x05, 0x01, 0x01, 0x01, 0x50, 0x0D, 0x05, 0x01, 0x01, 0x01, 0x01, 0x01, 0x0D, 0x05, 0x01, 0x01, 0x01, 0x01, 0x01, 0x01, 0x01, 0x01, 0x01, 0x01, 0x01, 0x01, 0x01, 0x01,
    0x01, 0x01, 0x01, 0x01, 0x01, 0x01, 0x01, 0x01, 0x0D, 0x05, 0x01, 0x01, 0x01, 0x01, 0x01, 0x01, 0x05, 0x01, 0x01, 0x01, 0x01, 0x01, 0x01, 0x01, 0x01, 0x01, 0x01, 0x05, 0x01, 0x01, 0x01, 0x01,
    0x01, 0x01, 0x01, 0x01, 0x01, 0x01, 0x01, 0x01, 0x01, 0x01, 0x01, 0x01, 0x01, 0x01, 0x01, 0x01, 0x01, 0x01, 0x01, 0x05, 0x01, 0x01, 0x01, 0x01, 0x01, 0x01, 0x01, 0x05, 0x01, 0x01, 0x01, 0x01,
    0x01, 0x01, 0x01, 0x05, 0x05, 0x01, 0x01, 0x01, 0x01, 0x01, 0x01, 0x05, 0x05, 0x01, 0x01, 0x01, 0x01, 0x01, 0x01, 0x01, 0x05, 0x01, 0x01, 0x01, 0x01, 0x01, 0x01, 0x01, 0x05, 0x05, 0x01, 0x05,
    0x01, 0x01, 0x05, 0x05, 0x01, 0x01, 0x05, 0x0D, 0x01, 0x01, 0x05, 0x0D, 0x05, 0x01, 0x0D, 0x05, 0x01, 0x01, 0x0D, 0x05, 0x0D, 0x01, 0x0D, 0x01, 0x01, 0x05, 0x0D, 0x05, 0x0D, 0x0D, 0x05, 0x01,
    0x01, 0x0D, 0x05, 0x05, 0x0D, 0x43, 0x43, 0x0D, 0x05, 0x0D, 0x05, 0x0D, 0x43, 0x43, 0x01, 0x05, 0x0D, 0x05, 0x05, 0x0D, 0x0D, 0x05, 0x05, 0x01, 0x0D, 0x01, 0x01, 0x01, 0x01, 0x01, 0x01, 0x01,
    0x05, 0x01, 0x01, 0x05, 0x0D, 0x05, 0x0D, 0x0D, 0x0D, 0x05, 0x01, 0x05, 0x0D, 0x0D, 0x0D, 0x43, 0x05, 0x0D, 0x05, 0x0D, 0x05, 0x05, 0x43, 0x43, 0x01, 0x05, 0x0D, 0x0D, 0x05, 0x05, 0x0D, 0x01,
    0x0D, 0x05, 0x05, 0x0D, 0x05, 0x01, 0x01, 0x01, 0x01, 0x01, 0x01, 0x01, 0x05, 0x01, 0x01, 0x01, 0x01, 0x01, 0x01, 0x01, 0x01, 0x01, 0x01, 0x05, 0x01, 0x01, 0x01, 0x01, 0x01, 0x01, 0x01, 0x01,
    0x0D, 0x01, 0x73, 0x5D, 0x5D, 0x5C, 0x5C, 0x5C, 0x43, 0x73, 0x5D, 0x5D, 0x5D, 0x5C, 0x5C, 0x5C, 0x01, 0x73, 0x5D, 0x5D, 0x5C, 0x5C, 0x5C, 0x5C, 0x05, 0x73, 0x5D, 0x5D, 0x5C, 0x5C, 0x5C, 0x58,
    0x73, 0x5D, 0x5D, 0x5D, 0x5C, 0x5C, 0x5C, 0x58, 0x73, 0x5D, 0x5D, 0x5D, 0x5C, 0x5C, 0x5C, 0x58, 0x73, 0x5D, 0x5D, 0x5D, 0x5D, 0x5C, 0x5C, 0x5C, 0x01, 0x73, 0x5D, 0x5D, 0x5D, 0x5C, 0x5C, 0x5C,
    0x5C, 0x58, 0x58, 0x58, 0x58, 0x58, 0x5C, 0x5D, 0x58, 0x58, 0x58, 0x58, 0x58, 0x58, 0x58, 0x58, 0x58, 0x58, 0x58, 0x58, 0x58, 0x58, 0x58, 0x58, 0x58, 0x58, 0x58, 0x58, 0x58, 0x58, 0x58, 0x58,
    0x58, 0x58, 0x58, 0x58, 0x58, 0x58, 0x58, 0x58, 0x58, 0x58, 0x58, 0x58, 0x58, 0x58, 0x58, 0x58, 0x58, 0x58, 0x58, 0x58, 0x58, 0x58, 0x58, 0x58, 0x5C, 0x58, 0x58, 0x58, 0x58, 0x58, 0x58, 0x58,
    0x73, 0x73, 0x73, 0x66, 0x73, 0x66, 0x66, 0x66, 0x5C, 0x5D, 0x5D, 0x73, 0x73, 0x73, 0x73, 0x73, 0x58, 0x58, 0x5C, 0x5C, 0x5C, 0x5C, 0x5D, 0x5D, 0x58, 0x58, 0x58, 0x58, 0x5C, 0x5C, 0x5C, 0x5C,
    0x58, 0x58, 0x58, 0x58, 0x58, 0x58, 0x58, 0x5C, 0x58, 0x58, 0x58, 0x58, 0x58, 0x58, 0x58, 0x5C, 0x58, 0x58, 0x58, 0x58, 0x58, 0x58, 0x58, 0x5C, 0x58, 0x58, 0x58, 0x58, 0x58, 0x58, 0x5C, 0x5C,
    0x73, 0x73, 0x73, 0x66, 0x66, 0x37, 0x37, 0x37, 0x73, 0x73, 0x73, 0x73, 0x73, 0x73, 0x73, 0x73, 0x5D, 0x5D, 0x5D, 0x5D, 0x5D, 0x5D, 0x5D, 0x5D, 0x5C, 0x5C, 0x5C, 0x5C, 0x5C, 0x5C, 0x5C, 0x5C,
    0x5C, 0x5C, 0x5C, 0x5C, 0x5C, 0x5C, 0x5C, 0x5C, 0x5C, 0x5C, 0x5C, 0x5C, 0x5C, 0x5C, 0x5C, 0x5C, 0x5C, 0x5C, 0x5C, 0x5C, 0x5C, 0x5C, 0x5C, 0x5C, 0x5C, 0x5C, 0x5C, 0x5C, 0x5C, 0x5C, 0x5C, 0x5C,
    0x66, 0x66, 0x66, 0x73, 0x5D, 0x5D, 0x5D, 0x5D, 0x73, 0x73, 0x73, 0x5D, 0x5D, 0x5D, 0x5D, 0x5D, 0x5D, 0x5D, 0x5D, 0x5D, 0x5D, 0x5D, 0x5D, 0x5D, 0x5D, 0x5D, 0x5D, 0x5D, 0x5D, 0x5D, 0x5D, 0x5D,
    0x5C, 0x5D, 0x5D, 0x5D, 0x5D, 0x5D, 0x5D, 0x5D, 0x5C, 0x5C, 0x5D, 0x5D, 0x5D, 0x5D, 0x5D, 0x5D, 0x5C, 0x5C, 0x5D, 0x5D, 0x5D, 0x5D, 0x5D, 0x5D, 0x5C, 0x5C, 0x5D, 0x5D, 0x5D, 0x5D, 0x5D, 0x5D,
    0x5D, 0x5D, 0x5D, 0x5D, 0x5D, 0x5D, 0x5D, 0x5D, 0x5D, 0x5D, 0x5D, 0x5D, 0x5D, 0x5D, 0x5D, 0x5D, 0x5D, 0x5D, 0x5D, 0x5D, 0x5D, 0x5D, 0x5D, 0x5D, 0x5D, 0x5D, 0x5D, 0x5D, 0x5D, 0x5D, 0x5D, 0x5D,
    0x5D, 0x5D, 0x5D, 0x5D, 0x5D, 0x5D, 0x5D, 0x5D, 0x5D, 0x5D, 0x5D, 0x5D, 0x5D, 0x5D, 0x5D, 0x5D, 0x5D, 0x5D, 0x5D, 0x5D, 0x5D, 0x5D, 0x5D, 0x5D, 0x5D, 0x5D, 0x5D, 0x5D, 0x5D, 0x5D, 0x5D, 0x5D,
    0x5D, 0x5D, 0x73, 0x5D, 0x5D, 0x5D, 0x5D, 0x5D, 0x5D, 0x5D, 0x73, 0x5D, 0x5D, 0x5D, 0x5D, 0x5D, 0x5D, 0x5D, 0x73, 0x5D, 0x5D, 0x5D, 0x5D, 0x5D, 0x5D, 0x5D, 0x5D, 0x73, 0x5D, 0x5D, 0x5D, 0x5D,
    0x5D, 0x5D, 0x5D, 0x73, 0x5D, 0x5D, 0x5D, 0x5D, 0x5D, 0x5D, 0x5D, 0x5D, 0x73, 0x5D, 0x5D, 0x5D, 0x5D, 0x5D, 0x5D, 0x73, 0x73, 0x5D, 0x5D, 0x5D, 0x5D, 0x5D, 0x73, 0x66, 0x66, 0x73, 0x5D, 0x5D,
    0x5D, 0x5D, 0x5D, 0x5C, 0x5C, 0x5C, 0x5C, 0x5C, 0x5D, 0x5D, 0x5D, 0x5C, 0x5C, 0x5C, 0x5C, 0x5C, 0x5D, 0x5D, 0x5D, 0x5D, 0x5C, 0x5C, 0x5C, 0x5C, 0x5D, 0x5D, 0x5D, 0x5D, 0x5D, 0x5C, 0x5C, 0x5C,
    0x5D, 0x5D, 0x5D, 0x5D, 0x5D, 0x5D, 0x5C, 0x5C, 0x5D, 0x5D, 0x5D, 0x5D, 0x5D, 0x5D, 0x5D, 0x5C, 0x5D, 0x5D, 0x5D, 0x5D, 0x5D, 0x5D, 0x5D, 0x5D, 0x5D, 0x5D, 0x5D, 0x5D, 0x5D, 0x5D, 0x5D, 0x5D,
    0x5C, 0x5C, 0x5C, 0x5C, 0x58, 0x58, 0x58, 0x58, 0x5C, 0x5C, 0x5C, 0x5C, 0x5C, 0x5C, 0x5C, 0x5C, 0x5C, 0x5C, 0x5C, 0x5C, 0x5C, 0x5C, 0x5C, 0x5C, 0x5C, 0x5C, 0x5C, 0x5C, 0x5C, 0x5C, 0x5C, 0x5C,
    0x5C, 0x5C, 0x5C, 0x5C, 0x5C, 0x5C, 0x5C, 0x5C, 0x5C, 0x5C, 0x5C, 0x5C, 0x5C, 0x5C, 0x5C, 0x5C, 0x5C, 0x5C, 0x5C, 0x5C, 0x5C, 0x5C, 0x5C, 0x5C, 0x5D, 0x5C, 0x5C, 0x5C, 0x5C, 0x5C, 0x5C, 0x5C,
    0x58, 0x58, 0x58, 0x5C, 0x5C, 0x5C, 0x5C, 0x5C, 0x5C, 0x5C, 0x5C, 0x5C, 0x5C, 0x5C, 0x5C, 0x5C, 0x5C, 0x5C, 0x5C, 0x5C, 0x5C, 0x5C, 0x5C, 0x5C, 0x5C, 0x5C, 0x5C, 0x5C, 0x5C, 0x5C, 0x5C, 0x5C,
    0x5C, 0x5C, 0x5C, 0x5C, 0x5C, 0x5C, 0x5C, 0x5C, 0x5C, 0x5C, 0x5C, 0x5C, 0x5C, 0x5C, 0x5C, 0x5C, 0x5C, 0x5C, 0x5C, 0x5C, 0x5C, 0x5C, 0x5C, 0x5C, 0x5C, 0x5C, 0x5C, 0x5C, 0x5C, 0x5C, 0x5C, 0x5C,
    0x5C, 0x5C, 0x5C, 0x5C, 0x5C, 0x5C, 0x5C, 0x5C, 0x5C, 0x5C, 0x5C, 0x5C, 0x5C, 0x5C, 0x5C, 0x5C, 0x5C, 0x5C, 0x5C, 0x5C, 0x5C, 0x5C, 0x5C, 0x5C, 0x5C, 0x5C, 0x5C, 0x5C, 0x5C, 0x5C, 0x5C, 0x5C,
    0x5C, 0x5C, 0x5C, 0x5C, 0x5C, 0x5C, 0x5C, 0x5C, 0x5C, 0x5C, 0x5C, 0x5C, 0x5C, 0x5C, 0x5C, 0x5C, 0x5C, 0x5C, 0x5C, 0x5C, 0x5C, 0x5C, 0x5C, 0x5C, 0x5C, 0x5C, 0x5C, 0x5C, 0x5C, 0x5C, 0x5C, 0x5C,
    0x5C, 0x5C, 0x5C, 0x5C, 0x5C, 0x5C, 0x5C, 0x5C, 0x5C, 0x5C, 0x5C, 0x5C, 0x5C, 0x5C, 0x5C, 0x5C, 0x5C, 0x5C, 0x5C, 0x5C, 0x5C, 0x5C, 0x5C, 0x5C, 0x5C, 0x5C, 0x5C, 0x5C, 0x5C, 0x5C, 0x5C, 0x5C,
    0x5C, 0x5C, 0x5C, 0x5C, 0x5C, 0x5C, 0x5C, 0x5C, 0x5C, 0x5C, 0x5C, 0x5C, 0x5C, 0x5C, 0x5C, 0x5C, 0x5C, 0x5C, 0x5C, 0x5C, 0x5C, 0x5C, 0x5C, 0x5C, 0x5C, 0x5C, 0x5C, 0x5C, 0x5C, 0x5C, 0x5C, 0x5C,
    0x5C, 0x5C, 0x5C, 0x5C, 0x5C, 0x5C, 0x5C, 0x5C, 0x5C, 0x5C, 0x5C, 0x5C, 0x5C, 0x5C, 0x5C, 0x5C, 0x5C, 0x5C, 0x5C, 0x5C, 0x5C, 0x5C, 0x5C, 0x5C, 0x5C, 0x5C, 0x5C, 0x5C, 0x5C, 0x5C, 0x5C, 0x5C,
    0x5C, 0x5C, 0x5C, 0x5C, 0x5C, 0x5C, 0x5C, 0x5C, 0x5C, 0x5C, 0x5C, 0x5C, 0x5C, 0x5C, 0x5C, 0x5C, 0x5C, 0x5C, 0x5C, 0x5C, 0x5C, 0x5C, 0x5C, 0x5D, 0x5C, 0x5C, 0x5C, 0x5C, 0x5C, 0x5C, 0x5D, 0x5D,
    0x5D, 0x5D, 0x5D, 0x73, 0x0D, 0x0D, 0x73, 0x73, 0x5D, 0x5D, 0x5D, 0x73, 0x0D, 0x0C, 0x73, 0x73, 0x5D, 0x5D, 0x5D, 0x73, 0x0C, 0x0C, 0x73, 0x73, 0x5D, 0x5D, 0x5D, 0x73, 0x32, 0x0C, 0x32, 0x73,
    0x5D, 0x5D, 0x5D, 0x73, 0x73, 0x73, 0x32, 0x32, 0x5D, 0x5D, 0x5D, 0x5D, 0x5D, 0x5D, 0x73, 0x73, 0x5D, 0x5D, 0x5D, 0x5D, 0x5D, 0x5D, 0x5D, 0x5D, 0x5C, 0x5C, 0x5C, 0x5C, 0x5D, 0x5D, 0x5D, 0x5D,
    0x73, 0x32, 0x0C, 0x0C, 0x0C, 0x0C, 0x0C, 0x0C, 0x73, 0x0C, 0x0C, 0x0C, 0x0C, 0x0C, 0x0C, 0x0C, 0x73, 0x0C, 0x0C, 0x0C, 0x0C, 0x0C, 0x0C, 0x0C, 0x32, 0x0C, 0x0C, 0x0C, 0x0C, 0x0C, 0x0C, 0x0C,
    0x0C, 0x0C, 0x0C, 0x0C, 0x0C, 0x0C, 0x04, 0x04, 0x0C, 0x0C, 0x0C, 0x04, 0x04, 0x04, 0x04, 0x04, 0x73, 0x11, 0x04, 0x04, 0x04, 0x04, 0x04, 0x04, 0x73, 0x11, 0x04, 0x04, 0x04, 0x04, 0x11, 0x73,
    0x0C, 0x0C, 0x0C, 0x0C, 0x0C, 0x73, 0x4E, 0x4E, 0x0C, 0x0C, 0x0C, 0x0C, 0x0C, 0x73, 0x01, 0x73, 0x0C, 0x0C, 0x0C, 0x04, 0x11, 0x73, 0x01, 0x73, 0x04, 0x04, 0x04, 0x04, 0x11, 0x73, 0x01, 0x73,
    0x04, 0x04, 0x04, 0x11, 0x73, 0x4E, 0x01, 0x73, 0x04, 0x11, 0x73, 0x73, 0x4E, 0x01, 0x01, 0x73, 0x11, 0x73, 0x4E, 0x01, 0x01, 0x01, 0x01, 0x01, 0x73, 0x4E, 0x01, 0x01, 0x01, 0x01, 0x01, 0x01,
    0x73, 0x73, 0x73, 0x73, 0x73, 0x73, 0x73, 0x73, 0x73, 0x73, 0x73, 0x73, 0x4E, 0x73, 0x73, 0x73, 0x73, 0x73, 0x73, 0x4E, 0x01, 0x4E, 0x73, 0x73, 0x73, 0x73, 0x4E, 0x01, 0x01, 0x01, 0x73, 0x73,
    0x73, 0x4E, 0x01, 0x01, 0x01, 0x01, 0x73, 0x73, 0x4E, 0x01, 0x01, 0x01, 0x01, 0x01, 0x73, 0x73, 0x01, 0x01, 0x01, 0x01, 0x01, 0x01, 0x4E, 0x73, 0x01, 0x01, 0x01, 0x01, 0x01, 0x01, 0x4E, 0x73,
    0x73, 0x73, 0x01, 0x01, 0x4E, 0x73, 0x3C, 0x1B, 0x73, 0x73, 0x4E, 0x01, 0x73, 0x4E, 0x3C, 0x1B, 0x73, 0x73, 0x73, 0x01, 0x73, 0x4E, 0x3C, 0x1B, 0x73, 0x73, 0x73, 0x4E, 0x73, 0x4E, 0x3C, 0x1B,
    0x73, 0x73, 0x73, 0x73, 0x73, 0x4E, 0x3C, 0x1B, 0x73, 0x73, 0x73, 0x73, 0x73, 0x4E, 0x3C, 0x1B, 0x73, 0x73, 0x73, 0x73, 0x73, 0x4E, 0x3C, 0x1B, 0x73, 0x73, 0x73, 0x73, 0x73, 0x4E, 0x3C, 0x1B,
    0x1B, 0x1B, 0x3C, 0x3C, 0x4E, 0x4E, 0x4E, 0x73, 0x1B, 0x1B, 0x3C, 0x3C, 0x4E, 0x4E, 0x73, 0x55, 0x1B, 0x1B, 0x3C, 0x3C, 0x4E, 0x4E, 0x73, 0x73, 0x1B, 0x1B, 0x3C, 0x3C, 0x4E, 0x4E, 0x73, 0x73,
    0x1B, 0x1B, 0x3C, 0x3C, 0x4E, 0x4E, 0x73, 0x73, 0x1B, 0x1B, 0x3C, 0x3C, 0x4E, 0x4E, 0x73, 0x73, 0x1B, 0x1B, 0x3C, 0x3C, 0x4E, 0x4E, 0x73, 0x73, 0x1B, 0x1B, 0x3C, 0x3C, 0x4E, 0x4E, 0x73, 0x73,
    0x4F, 0x4F, 0x4F, 0x4F, 0x4F, 0x4F, 0x4F, 0x4F, 0x4F, 0x4F, 0x4F, 0x4F, 0x4F, 0x4F, 0x4F, 0x55, 0x4F, 0x4F, 0x4F, 0x4F, 0x4F, 0x4F, 0x73, 0x73, 0x55, 0x4F, 0x4F, 0x4F, 0x4F, 0x55, 0x73, 0x73,
    0x55, 0x4F, 0x4F, 0x4F, 0x55, 0x73, 0x73, 0x55, 0x73, 0x4F, 0x4F, 0x55, 0x73, 0x73, 0x73, 0x55, 0x73, 0x55, 0x55, 0x73, 0x73, 0x73, 0x55, 0x51, 0x73, 0x55, 0x73, 0x73, 0x73, 0x55, 0x51, 0x17,
    0x55, 0x55, 0x73, 0x73, 0x73, 0x73, 0x55, 0x55, 0x73, 0x73, 0x73, 0x73, 0x55, 0x4E, 0x4E, 0x51, 0x73, 0x73, 0x73, 0x55, 0x51, 0x51, 0x3D, 0x3D, 0x73, 0x55, 0x4E, 0x51, 0x3D, 0x17, 0x17, 0x17,
    0x55, 0x4E, 0x3D, 0x17, 0x17, 0x17, 0x17, 0x17, 0x51, 0x3D, 0x17, 0x17, 0x17, 0x17, 0x17, 0x17, 0x17, 0x17, 0x17, 0x17, 0x17, 0x17, 0x3D, 0x3D, 0x17, 0x17, 0x3D, 0x3D, 0x0D, 0x0D, 0x0D, 0x0D,
    0x4E, 0x4E, 0x4E, 0x4E, 0x51, 0x51, 0x51, 0x51, 0x51, 0x3D, 0x3D, 0x3D, 0x3D, 0x3D, 0x3D, 0x3D, 0x17, 0x17, 0x17, 0x17, 0x17, 0x17, 0x17, 0x17, 0x17, 0x17, 0x17, 0x17, 0x17, 0x17, 0x17, 0x17,
    0x17, 0x17, 0x17, 0x17, 0x17, 0x17, 0x17, 0x17, 0x17, 0x17, 0x17, 0x3D, 0x3D, 0x3D, 0x3D, 0x0D, 0x3D, 0x0D, 0x0D, 0x0D, 0x05, 0x05, 0x05, 0x05, 0x05, 0x05, 0x05, 0x05, 0x05, 0x05, 0x05, 0x05,
    0x51, 0x51, 0x51, 0x51, 0x51, 0x4E, 0x4E, 0x4E, 0x3D, 0x3D, 0x3D, 0x3D, 0x3D, 0x3D, 0x3D, 0x51, 0x17, 0x17, 0x17, 0x17, 0x17, 0x17, 0x17, 0x17, 0x17, 0x17, 0x17, 0x17, 0x17, 0x3D, 0x3D, 0x3D,
    0x17, 0x3D, 0x3D, 0x3D, 0x05, 0x05, 0x0D, 0x3D, 0x0D, 0x0D, 0x05, 0x05, 0x05, 0x0D, 0x3D, 0x17, 0x05, 0x05, 0x05, 0x0D, 0x3D, 0x3D, 0x17, 0x17, 0x05, 0x05, 0x0D, 0x3D, 0x17, 0x17, 0x17, 0x17,
    0x55, 0x55, 0x73, 0x73, 0x73, 0x73, 0x55, 0x4F, 0x51, 0x4E, 0x4E, 0x55, 0x73, 0x73, 0x73, 0x73, 0x3D, 0x3D, 0x51, 0x51, 0x55, 0x73, 0x73, 0x73, 0x3D, 0x17, 0x17, 0x3D, 0x51, 0x4E, 0x55, 0x73,
    0x17, 0x17, 0x17, 0x17, 0x17, 0x3D, 0x51, 0x4E, 0x17, 0x17, 0x17, 0x17, 0x17, 0x17, 0x3D, 0x51, 0x17, 0x17, 0x17, 0x17, 0x17, 0x17, 0x17, 0x3D, 0x17, 0x17, 0x17, 0x17, 0x17, 0x17, 0x17, 0x17,
    0x4F, 0x4F, 0x4F, 0x55, 0x73, 0x73, 0x55, 0x2A, 0x55, 0x4F, 0x4F, 0x4F, 0x73, 0x73, 0x55, 0x4F, 0x73, 0x73, 0x4F, 0x4F, 0x55, 0x73, 0x73, 0x4F, 0x73, 0x73, 0x55, 0x4F, 0x55, 0x73, 0x73, 0x55,
    0x55, 0x73, 0x73, 0x55, 0x55, 0x73, 0x73, 0x55, 0x4E, 0x73, 0x73, 0x73, 0x55, 0x73, 0x73, 0x55, 0x51, 0x4E, 0x73, 0x73, 0x73, 0x55, 0x73, 0x73, 0x3D, 0x51, 0x55, 0x73, 0x73, 0x73, 0x73, 0x73,
    0x2A, 0x2A, 0x2A, 0x2A, 0x2A, 0x2A, 0x2A, 0x2A, 0x2A, 0x2A, 0x2A, 0x2A, 0x2A, 0x2A, 0x2A, 0x2A, 0x2A, 0x2A, 0x2A, 0x2A, 0x2A, 0x2A, 0x2A, 0x2A, 0x2A, 0x2A, 0x2A, 0x2A, 0x2A, 0x2A, 0x2A, 0x2A,
    0x4F, 0x2A, 0x2A, 0x2A, 0x2A, 0x2A, 0x2A, 0x2A, 0x4F, 0x2A, 0x2A, 0x2A, 0x2A, 0x2A, 0x2A, 0x2A, 0x4F, 0x4F, 0x2A, 0x2A, 0x2A, 0x2A, 0x2A, 0x2A, 0x55, 0x4F, 0x2A, 0x2A, 0x2A, 0x2A, 0x2A, 0x2A,
    0x4F, 0x4F, 0x4F, 0x4F, 0x4F, 0x4F, 0x4F, 0x4F, 0x2A, 0x4F, 0x4F, 0x4F, 0x4F, 0x4F, 0x4F, 0x4F, 0x2A, 0x2A, 0x2A, 0x4F, 0x4F, 0x4F, 0x4F, 0x4F, 0x2A, 0x2A, 0x2A, 0x2A, 0x4F, 0x4F, 0x4F, 0x4F,
    0x2A, 0x2A, 0x2A, 0x2A, 0x2A, 0x4F, 0x4F, 0x4F, 0x2A, 0x2A, 0x2A, 0x2A, 0x2A, 0x2A, 0x4F, 0x4F, 0x2A, 0x2A, 0x2A, 0x2A, 0x2A, 0x2A, 0x2A, 0x4F, 0x2A, 0x2A, 0x2A, 0x2A, 0x2A, 0x2A, 0x2A, 0x2A,
    0x4F, 0x4F, 0x4F, 0x4F, 0x73, 0x73, 0x43, 0x0D, 0x4F, 0x4F, 0x4F, 0x4F, 0x55, 0x73, 0x73, 0x0D, 0x4F, 0x4F, 0x4F, 0x4F, 0x55, 0x73, 0x73, 0x43, 0x4F, 0x4F, 0x4F, 0x4F, 0x55, 0x73, 0x73, 0x43,
    0x4F, 0x4F, 0x4F, 0x4F, 0x4F, 0x73, 0x73, 0x43, 0x4F, 0x4F, 0x4F, 0x4F, 0x4F, 0x55, 0x73, 0x73, 0x4F, 0x4F, 0x4F, 0x4F, 0x4F, 0x55, 0x73, 0x73, 0x4F, 0x4F, 0x4F, 0x4F, 0x4F, 0x55, 0x73, 0x73,
    0x05, 0x05, 0x05, 0x05, 0x05, 0x05, 0x0D, 0x73, 0x05, 0x05, 0x05, 0x05, 0x05, 0x05, 0x0D, 0x43, 0x05, 0x05, 0x05, 0x05, 0x05, 0x05, 0x0D, 0x43, 0x0D, 0x05, 0x05, 0x05, 0x05, 0x05, 0x0D, 0x0D,
    0x0D, 0x05, 0x05, 0x05, 0x05, 0x05, 0x0D, 0x0D, 0x0D, 0x05, 0x05, 0x05, 0x05, 0x05, 0x0D, 0x0D, 0x43, 0x05, 0x05, 0x05, 0x05, 0x05, 0x0D, 0x0D, 0x43, 0x0D, 0x05, 0x05, 0x05, 0x05, 0x0D, 0x0D,
    0x73, 0x57, 0x54, 0x2B, 0x2B, 0x2B, 0x2B, 0x2B, 0x73, 0x73, 0x54, 0x2B, 0x2B, 0x2B, 0x2B, 0x2B, 0x73, 0x73, 0x57, 0x2B, 0x2B, 0x2B, 0x2B, 0x2B, 0x73, 0x73, 0x57, 0x2B, 0x2B, 0x2B, 0x2B, 0x2B,
    0x73, 0x73, 0x57, 0x54, 0x2B, 0x2B, 0x2B, 0x2B, 0x43, 0x73, 0x73, 0x54, 0x2B, 0x2B, 0x2B, 0x2B, 0x43, 0x73, 0x73, 0x57, 0x2B, 0x2B, 0x2B, 0x2B, 0x43, 0x73, 0x73, 0x57, 0x2B, 0x2B, 0x2B, 0x2B,
    0x57, 0x73, 0x73, 0x73, 0x6F, 0x6F, 0x6F, 0x6F, 0x54, 0x73, 0x73, 0x73, 0x73, 0x6F, 0x6F, 0x6F, 0x54, 0x57, 0x73, 0x73, 0x73, 0x6F, 0x6F, 0x6F, 0x2B, 0x57, 0x73, 0x73, 0x73, 0x6F, 0x6F, 0x6F,
    0x2B, 0x54, 0x73, 0x73, 0x73, 0x73, 0x6F, 0x6F, 0x2B, 0x54, 0x57, 0x73, 0x73, 0x73, 0x6F, 0x6F, 0x2B, 0x2B, 0x57, 0x73, 0x73, 0x73, 0x6F, 0x6F, 0x2B, 0x2B, 0x57, 0x73, 0x73, 0x73, 0x6F, 0x6F,
    0x6F, 0x6F, 0x73, 0x73, 0x73, 0x54, 0x2B, 0x2B, 0x6F, 0x6F, 0x73, 0x73, 0x73, 0x54, 0x2B, 0x2B, 0x6F, 0x73, 0x73, 0x73, 0x73, 0x54, 0x2B, 0x2B, 0x6F, 0x73, 0x73, 0x73, 0x57, 0x54, 0x2B, 0x2B,
    0x6F, 0x73, 0x73, 0x73, 0x57, 0x54, 0x54, 0x54, 0x6F, 0x73, 0x73, 0x73, 0x57, 0x54, 0x54, 0x54, 0x6F, 0x73, 0x73, 0x73, 0x57, 0x57, 0x57, 0x57, 0x6F, 0x73, 0x73, 0x73, 0x73, 0x73, 0x73, 0x73,
    0x2B, 0x2B, 0x2B, 0x54, 0x57, 0x73, 0x73, 0x43, 0x2B, 0x2B, 0x2B, 0x54, 0x57, 0x73, 0x73, 0x43, 0x2B, 0x2B, 0x2B, 0x54, 0x57, 0x73, 0x73, 0x43, 0x2B, 0x2B, 0x2B, 0x54, 0x57, 0x73, 0x73, 0x43,
    0x54, 0x54, 0x54, 0x54, 0x57, 0x73, 0x73, 0x43, 0x54, 0x54, 0x54, 0x54, 0x57, 0x73, 0x73, 0x43, 0x57, 0x57, 0x57, 0x57, 0x57, 0x73, 0x73, 0x43, 0x73, 0x73, 0x73, 0x73, 0x73, 0x73, 0x73, 0x73,
    0x0D, 0x0D, 0x05, 0x05, 0x05, 0x05, 0x0D, 0x43, 0x0D, 0x0D, 0x05, 0x05, 0x05, 0x05, 0x0D, 0x43, 0x0D, 0x0D, 0x05, 0x05, 0x05, 0x05, 0x0D, 0x43, 0x0D, 0x0D, 0x05, 0x05, 0x05, 0x05, 0x0D, 0x43,
    0x0D, 0x0D, 0x05, 0x05, 0x05, 0x05, 0x0D, 0x43, 0x0D, 0x0D, 0x0D, 0x0D, 0x0D, 0x0D, 0x0D, 0x43, 0x43, 0x43, 0x43, 0x43, 0x43, 0x43, 0x43, 0x43, 0x73, 0x73, 0x73, 0x73, 0x73, 0x73, 0x73, 0x73,
    0x73, 0x73, 0x55, 0x4F, 0x4F, 0x4F, 0x4F, 0x4F, 0x73, 0x73, 0x55, 0x4F, 0x4F, 0x4F, 0x4F, 0x2A, 0x73, 0x73, 0x55, 0x4F, 0x4F, 0x4F, 0x2A, 0x2A, 0x73, 0x73, 0x55, 0x4F, 0x4F, 0x4F, 0x2A, 0x2A,
    0x73, 0x73, 0x55, 0x4F, 0x4F, 0x2A, 0x2A, 0x2A, 0x73, 0x73, 0x55, 0x4F, 0x4F, 0x4F, 0x4F, 0x4F, 0x73, 0x73, 0x55, 0x55, 0x55, 0x55, 0x55, 0x55, 0x73, 0x73, 0x73, 0x73, 0x73, 0x73, 0x73, 0x73,
    0x2A, 0x2A, 0x2A, 0x2A, 0x2A, 0x2A, 0x2A, 0x2A, 0x2A, 0x2A, 0x2A, 0x2A, 0x2A, 0x2A, 0x2A, 0x2A, 0x2A, 0x2A, 0x2A, 0x2A, 0x2A, 0x2A, 0x2A, 0x2A, 0x2A, 0x2A, 0x2A, 0x2A, 0x2A, 0x2A, 0x2A, 0x2A,
    0x2A, 0x2A, 0x2A, 0x2A, 0x2A, 0x2A, 0x2A, 0x2A, 0x4F, 0x4F, 0x4F, 0x4F, 0x4F, 0x4F, 0x4F, 0x4F, 0x55, 0x55, 0x55, 0x55, 0x55, 0x55, 0x55, 0x55, 0x73, 0x73, 0x73, 0x73, 0x73, 0x73, 0x73, 0x73,
    0x2A, 0x2A, 0x2A, 0x2A, 0x2A, 0x4F, 0x4F, 0x55, 0x2A, 0x2A, 0x2A, 0x2A, 0x4F, 0x4F, 0x4F, 0x55, 0x2A, 0x2A, 0x2A, 0x4F, 0x4F, 0x4F, 0x4F, 0x55, 0x2A, 0x2A, 0x4F, 0x4F, 0x4F, 0x4F, 0x4F, 0x55,
    0x4F, 0x4F, 0x4F, 0x4F, 0x4F, 0x4F, 0x4F, 0x55, 0x4F, 0x4F, 0x4F, 0x4F, 0x4F, 0x4F, 0x4F, 0x55, 0x55, 0x55, 0x55, 0x55, 0x55, 0x55, 0x55, 0x55, 0x73, 0x73, 0x73, 0x73, 0x73, 0x73, 0x73, 0x73,
    0x73, 0x73, 0x73, 0x73, 0x55, 0x51, 0x3D, 0x17, 0x73, 0x73, 0x73, 0x55, 0x4E, 0x3D, 0x17, 0x17, 0x73, 0x73, 0x73, 0x55, 0x51, 0x3D, 0x17, 0x17, 0x73, 0x73, 0x73, 0x4E, 0x51, 0x17, 0x17, 0x17,
    0x73, 0x73, 0x55, 0x4E, 0x3D, 0x17, 0x17, 0x17, 0x73, 0x73, 0x55, 0x51, 0x3D, 0x17, 0x17, 0x17, 0x73, 0x73, 0x55, 0x51, 0x17, 0x17, 0x17, 0x17, 0x73, 0x73, 0x55, 0x3D, 0x17, 0x3D, 0x11, 0x11,
    0x17, 0x17, 0x17, 0x17, 0x17, 0x17, 0x17, 0x17, 0x17, 0x17, 0x17, 0x17, 0x17, 0x17, 0x17, 0x17, 0x17, 0x17, 0x17, 0x17, 0x17, 0x17, 0x17, 0x17, 0x17, 0x17, 0x17, 0x17, 0x17, 0x17, 0x17, 0x17,
    0x17, 0x17, 0x17, 0x17, 0x17, 0x17, 0x17, 0x17, 0x17, 0x17, 0x17, 0x17, 0x3D, 0x3D, 0x0D, 0x0D, 0x3D, 0x3D, 0x0D, 0x0D, 0x0D, 0x05, 0x05, 0x05, 0x11, 0x11, 0x11, 0x05, 0x05, 0x05, 0x05, 0x05,
    0x17, 0x17, 0x17, 0x17, 0x17, 0x3D, 0x0D, 0x05, 0x17, 0x17, 0x17, 0x17, 0x17, 0x17, 0x3D, 0x0D, 0x17, 0x17, 0x17, 0x17, 0x17, 0x17, 0x3D, 0x3D, 0x17, 0x17, 0x17, 0x17, 0x3D, 0x0D, 0x05, 0x3D,
    0x3D, 0x3D, 0x0D, 0x0D, 0x05, 0x05, 0x05, 0x3D, 0x0D, 0x05, 0x05, 0x05, 0x05, 0x05, 0x05, 0x0D, 0x05, 0x05, 0x05, 0x05, 0x05, 0x05, 0x05, 0x05, 0x05, 0x05, 0x05, 0x05, 0x05, 0x05, 0x05, 0x05,
    0x05, 0x05, 0x05, 0x05, 0x05, 0x05, 0x05, 0x05, 0x05, 0x05, 0x0D, 0x0D, 0x05, 0x05, 0x05, 0x05, 0x05, 0x3D, 0x3D, 0x3D, 0x0D, 0x05, 0x05, 0x05, 0x17, 0x17, 0x17, 0x17, 0x3D, 0x0D, 0x05, 0x05,
    0x17, 0x17, 0x17, 0x17, 0x3D, 0x0D, 0x05, 0x05, 0x17, 0x17, 0x17, 0x17, 0x3D, 0x0D, 0x05, 0x05, 0x0D, 0x3D, 0x3D, 0x3D, 0x0D, 0x05, 0x05, 0x05, 0x05, 0x05, 0x05, 0x05, 0x05, 0x05, 0x05, 0x05,
    0x05, 0x05, 0x05, 0x05, 0x05, 0x0D, 0x0D, 0x17, 0x05, 0x05, 0x05, 0x05, 0x05, 0x05, 0x0D, 0x17, 0x05, 0x05, 0x05, 0x05, 0x05, 0x05, 0x0D, 0x17, 0x05, 0x05, 0x05, 0x05, 0x05, 0x05, 0x0D, 0x3D,
    0x05, 0x05, 0x05, 0x05, 0x05, 0x05, 0x0D, 0x3D, 0x05, 0x05, 0x05, 0x05, 0x05, 0x05, 0x0D, 0x3D, 0x05, 0x05, 0x05, 0x05, 0x05, 0x05, 0x0D, 0x3D, 0x05, 0x05, 0x05, 0x05, 0x05, 0x05, 0x0D, 0x3D,
    0x17, 0x3D, 0x4E, 0x55, 0x73, 0x73, 0x73, 0x73, 0x17, 0x17, 0x51, 0x4E, 0x55, 0x73, 0x73, 0x73, 0x17, 0x17, 0x3D, 0x51, 0x55, 0x73, 0x73, 0x73, 0x17, 0x17, 0x3D, 0x51, 0x4E, 0x73, 0x73, 0x73,
    0x17, 0x17, 0x17, 0x51, 0x4E, 0x55, 0x73, 0x73, 0x17, 0x17, 0x17, 0x3D, 0x4E, 0x55, 0x73, 0x73, 0x17, 0x17, 0x17, 0x3D, 0x51, 0x55, 0x73, 0x73, 0x17, 0x17, 0x17, 0x3D, 0x51, 0x55, 0x73, 0x73,
    0x5B, 0x32, 0x32, 0x5B, 0x5B, 0x73, 0x73, 0x4E, 0x5B, 0x5B, 0x73, 0x73, 0x73, 0x4E, 0x01, 0x01, 0x73, 0x73, 0x4E, 0x01, 0x01, 0x01, 0x01, 0x01, 0x4E, 0x01, 0x01, 0x01, 0x01, 0x01, 0x01, 0x01,
    0x4E, 0x01, 0x01, 0x01, 0x01, 0x01, 0x01, 0x01, 0x4E, 0x01, 0x01, 0x01, 0x01, 0x01, 0x01, 0x01, 0x4E, 0x01, 0x01, 0x01, 0x01, 0x01, 0x01, 0x01, 0x4E, 0x01, 0x01, 0x01, 0x01, 0x01, 0x01, 0x01,
    0x4E, 0x01, 0x01, 0x01, 0x01, 0x01, 0x4E, 0x73, 0x01, 0x01, 0x01, 0x01, 0x01, 0x01, 0x01, 0x4E, 0x01, 0x01, 0x01, 0x01, 0x01, 0x01, 0x01, 0x01, 0x01, 0x01, 0x01, 0x01, 0x01, 0x01, 0x01, 0x01,
    0x01, 0x01, 0x01, 0x01, 0x01, 0x01, 0x01, 0x01, 0x01, 0x01, 0x01, 0x01, 0x01, 0x01, 0x01, 0x01, 0x01, 0x01, 0x01, 0x01, 0x01, 0x01, 0x01, 0x4E, 0x01, 0x01, 0x01, 0x01, 0x01, 0x01, 0x4E, 0x73,
    0x73, 0x5B, 0x32, 0x32, 0x32, 0x32, 0x32, 0x5B, 0x4E, 0x73, 0x32, 0x32, 0x32, 0x32, 0x32, 0x32, 0x4E, 0x73, 0x32, 0x32, 0x32, 0x32, 0x32, 0x32, 0x01, 0x73, 0x32, 0x32, 0x32, 0x32, 0x32, 0x32,
    0x01, 0x73, 0x32, 0x32, 0x32, 0x32, 0x32, 0x32, 0x4E, 0x73, 0x32, 0x32, 0x32, 0x32, 0x32, 0x32, 0x73, 0x5B, 0x32, 0x32, 0x32, 0x32, 0x32, 0x32, 0x5B, 0x32, 0x32, 0x32, 0x32, 0x32, 0x32, 0x32,
    0x73, 0x73, 0x73, 0x73, 0x73, 0x4E, 0x01, 0x01, 0x32, 0x5B, 0x73, 0x73, 0x73, 0x73, 0x4E, 0x01, 0x32, 0x32, 0x32, 0x5B, 0x73, 0x73, 0x73, 0x73, 0x32, 0x32, 0x32, 0x32, 0x32, 0x73, 0x73, 0x73,
    0x32, 0x32, 0x32, 0x32, 0x32, 0x32, 0x5B, 0x5B, 0x32, 0x32, 0x32, 0x32, 0x32, 0x32, 0x32, 0x32, 0x32, 0x32, 0x32, 0x32, 0x32, 0x32, 0x32, 0x5B, 0x32, 0x32, 0x32, 0x32, 0x32, 0x32, 0x5B, 0x73,
    0x01, 0x01, 0x01, 0x4E, 0x73, 0x73, 0x73, 0x4F, 0x01, 0x01, 0x01, 0x01, 0x01, 0x01, 0x4E, 0x73, 0x73, 0x4E, 0x01, 0x01, 0x01, 0x01, 0x01, 0x01, 0x73, 0x73, 0x73, 0x73, 0x4E, 0x01, 0x01, 0x01,
    0x73, 0x73, 0x73, 0x73, 0x73, 0x73, 0x4E, 0x01, 0x5B, 0x73, 0x73, 0x73, 0x73, 0x73, 0x73, 0x73, 0x73, 0x73, 0x73, 0x73, 0x73, 0x73, 0x73, 0x73, 0x73, 0x73, 0x73, 0x73, 0x73, 0x73, 0x73, 0x73,
    0x4F, 0x4F, 0x4F, 0x4F, 0x4F, 0x4F, 0x4F, 0x4F, 0x73, 0x73, 0x4F, 0x4F, 0x4F, 0x4F, 0x4F, 0x4F, 0x01, 0x4E, 0x73, 0x73, 0x73, 0x4F, 0x4F, 0x4F, 0x01, 0x01, 0x01, 0x01, 0x4E, 0x73, 0x73, 0x73,
    0x01, 0x01, 0x01, 0x01, 0x01, 0x01, 0x01, 0x4E, 0x73, 0x4E, 0x01, 0x01, 0x01, 0x01, 0x01, 0x01, 0x73, 0x73, 0x73, 0x73, 0x4E, 0x01, 0x01, 0x01, 0x73, 0x73, 0x73, 0x73, 0x73, 0x73, 0x73, 0x4E,
    0x01, 0x01, 0x01, 0x01, 0x01, 0x01, 0x01, 0x01, 0x01, 0x01, 0x01, 0x01, 0x01, 0x4F, 0x4F, 0x4F, 0x4F, 0x4F, 0x4F, 0x4F, 0x4F, 0x4F, 0x4F, 0x4F, 0x4F, 0x4F, 0x4F, 0x4F, 0x4F, 0x4F, 0x4F, 0x4F,
    0x73, 0x73, 0x73, 0x4F, 0x4F, 0x4F, 0x4F, 0x4F, 0x01, 0x01, 0x4E, 0x73, 0x73, 0x73, 0x73, 0x4F, 0x01, 0x01, 0x01, 0x01, 0x01, 0x4E, 0x4E, 0x73, 0x01, 0x01, 0x01, 0x01, 0x01, 0x01, 0x01, 0x01,
    0x4F, 0x4F, 0x4F, 0x4F, 0x4F, 0x4F, 0x4F, 0x4F, 0x4F, 0x4F, 0x4F, 0x4F, 0x4F, 0x4F, 0x4F, 0x4F, 0x4F, 0x4F, 0x4F, 0x01, 0x4F, 0x4F, 0x4F, 0x4F, 0x4F, 0x4F, 0x4F, 0x01, 0x01, 0x01, 0x01, 0x4F,
    0x4F, 0x4F, 0x4F, 0x01, 0x01, 0x01, 0x01, 0x01, 0x4F, 0x4F, 0x4F, 0x4F, 0x4F, 0x4F, 0x4F, 0x4F, 0x73, 0x73, 0x73, 0x73, 0x4F, 0x4F, 0x4F, 0x4F, 0x01, 0x01, 0x4E, 0x4E, 0x73, 0x73, 0x73, 0x73,
    0x4F, 0x4F, 0x4F, 0x4F, 0x4F, 0x4F, 0x4F, 0x4F, 0x4F, 0x4F, 0x4F, 0x4F, 0x4F, 0x4F, 0x4F, 0x4F, 0x4F, 0x4F, 0x4F, 0x4F, 0x4F, 0x4F, 0x4F, 0x4F, 0x4F, 0x4F, 0x4F, 0x4F, 0x4F, 0x4F, 0x4F, 0x4F,
    0x01, 0x01, 0x4F, 0x4F, 0x4F, 0x4F, 0x4F, 0x4F, 0x4F, 0x4F, 0x4F, 0x4F, 0x4F, 0x01, 0x01, 0x01, 0x4F, 0x4F, 0x4F, 0x4F, 0x4F, 0x4F, 0x01, 0x01, 0x4F, 0x4F, 0x4F, 0x4F, 0x4F, 0x4F, 0x4F, 0x4F,
    0x4F, 0x73, 0x01, 0x55, 0x50, 0x50, 0x50, 0x50, 0x4F, 0x73, 0x4E, 0x01, 0x55, 0x50, 0x50, 0x50, 0x4F, 0x4F, 0x73, 0x01, 0x55, 0x50, 0x50, 0x50, 0x4F, 0x4F, 0x73, 0x4E, 0x01, 0x55, 0x50, 0x50,
    0x4F, 0x4F, 0x4F, 0x73, 0x01, 0x55, 0x50, 0x50, 0x01, 0x01, 0x01, 0x73, 0x4E, 0x01, 0x55, 0x50, 0x01, 0x01, 0x01, 0x01, 0x73, 0x4E, 0x01, 0x0D, 0x01, 0x01, 0x4F, 0x4F, 0x4F, 0x73, 0x4E, 0x0D,
    0x0D, 0x0D, 0x0D, 0x0D, 0x0D, 0x0D, 0x05, 0x01, 0x50, 0x50, 0x50, 0x50, 0x0D, 0x05, 0x01, 0x01, 0x50, 0x50, 0x50, 0x0D, 0x05, 0x01, 0x01, 0x01, 0x50, 0x50, 0x0D, 0x05, 0x05, 0x05, 0x05, 0x0D,
    0x50, 0x0D, 0x05, 0x05, 0x05, 0x05, 0x0D, 0x05, 0x0D, 0x05, 0x05, 0x0D, 0x0D, 0x0D, 0x05, 0x01, 0x0D, 0x0D, 0x0D, 0x50, 0x50, 0x0D, 0x05, 0x01, 0x55, 0x55, 0x50, 0x50, 0x50, 0x0D, 0x05, 0x0D,
    0x01, 0x01, 0x05, 0x01, 0x01, 0x01, 0x01, 0x01, 0x01, 0x05, 0x01, 0x01, 0x01, 0x01, 0x05, 0x01, 0x05, 0x05, 0x01, 0x01, 0x01, 0x05, 0x01, 0x01, 0x05, 0x01, 0x01, 0x05, 0x0D, 0x05, 0x01, 0x01,
    0x01, 0x01, 0x0D, 0x0D, 0x05, 0x01, 0x01, 0x01, 0x01, 0x0D, 0x05, 0x05, 0x01, 0x01, 0x01, 0x01, 0x0D, 0x05, 0x05, 0x01, 0x01, 0x01, 0x01, 0x05, 0x0D, 0x05, 0x01, 0x01, 0x0D, 0x01, 0x01, 0x05,
    0x01, 0x01, 0x01, 0x01, 0x05, 0x0D, 0x01, 0x0D, 0x01, 0x01, 0x05, 0x01, 0x05, 0x0D, 0x01, 0x0D, 0x01, 0x05, 0x05, 0x01, 0x01, 0x0D, 0x05, 0x0D, 0x01, 0x05, 0x0D, 0x05, 0x01, 0x0D, 0x05, 0x0D,
    0x05, 0x0D, 0x05, 0x0D, 0x05, 0x05, 0x0D, 0x05, 0x0D, 0x01, 0x05, 0x05, 0x0D, 0x05, 0x0D, 0x0D, 0x05, 0x01, 0x05, 0x05, 0x05, 0x0D, 0x0D, 0x05, 0x01, 0x01, 0x05, 0x05, 0x05, 0x05, 0x0D, 0x05,
    0x05, 0x01, 0x01, 0x01, 0x01, 0x01, 0x01, 0x01, 0x05, 0x05, 0x01, 0x01, 0x01, 0x01, 0x01, 0x01, 0x01, 0x05, 0x05, 0x01, 0x01, 0x01, 0x01, 0x01, 0x01, 0x01, 0x0D, 0x05, 0x05, 0x01, 0x01, 0x01,
    0x01, 0x05, 0x43, 0x0D, 0x0D, 0x0D, 0x05, 0x05, 0x0D, 0x0D, 0x05, 0x05, 0x05, 0x05, 0x05, 0x05, 0x0D, 0x43, 0x0D, 0x05, 0x01, 0x05, 0x05, 0x05, 0x0D, 0x43, 0x0D, 0x05, 0x01, 0x01, 0x01, 0x01,
    0x01, 0x01, 0x01, 0x01, 0x01, 0x01, 0x01, 0x01, 0x01, 0x01, 0x01, 0x01, 0x01, 0x01, 0x05, 0x0D, 0x01, 0x01, 0x01, 0x01, 0x01, 0x01, 0x01, 0x01, 0x01, 0x01, 0x01, 0x01, 0x01, 0x01, 0x01, 0x01,
    0x05, 0x01, 0x01, 0x01, 0x01, 0x01, 0x01, 0x01, 0x05, 0x05, 0x05, 0x0D, 0x0D, 0x0D, 0x0D, 0x0D, 0x05, 0x05, 0x05, 0x05, 0x05, 0x05, 0x05, 0x05, 0x01, 0x05, 0x05, 0x05, 0x05, 0x05, 0x05, 0x05,
    0x05, 0x05, 0x73, 0x5D, 0x5D, 0x5D, 0x5C, 0x5C, 0x0D, 0x01, 0x01, 0x73, 0x5D, 0x5D, 0x5D, 0x5C, 0x01, 0x01, 0x01, 0x73, 0x5D, 0x5D, 0x5D, 0x5D, 0x01, 0x01, 0x01, 0x05, 0x73, 0x5D, 0x5D, 0x5D,
    0x01, 0x05, 0x0D, 0x0D, 0x73, 0x73, 0x5D, 0x5D, 0x0D, 0x43, 0x43, 0x05, 0x05, 0x01, 0x73, 0x5D, 0x05, 0x05, 0x0D, 0x05, 0x01, 0x73, 0x5D, 0x5D, 0x01, 0x01, 0x01, 0x0D, 0x73, 0x5D, 0x5D, 0x5C,
    0x5C, 0x5C, 0x58, 0x58, 0x58, 0x58, 0x58, 0x58, 0x5C, 0x5C, 0x5C, 0x5C, 0x58, 0x58, 0x58, 0x58, 0x5C, 0x5C, 0x5C, 0x5C, 0x5C, 0x5C, 0x58, 0x58, 0x5D, 0x5C, 0x5C, 0x5C, 0x5C, 0x5C, 0x5C, 0x5C,
    0x5D, 0x5D, 0x5D, 0x5C, 0x5C, 0x5C, 0x5C, 0x5C, 0x5D, 0x5D, 0x5D, 0x5D, 0x5D, 0x5C, 0x5C, 0x5C, 0x5C, 0x5D, 0x5D, 0x5D, 0x5D, 0x5D, 0x5D, 0x5D, 0x5C, 0x5C, 0x5C, 0x5C, 0x5C, 0x5C, 0x5C, 0x5C,
    0x58, 0x58, 0x58, 0x58, 0x58, 0x5C, 0x5C, 0x5C, 0x58, 0x58, 0x58, 0x5C, 0x5C, 0x5C, 0x5C, 0x5C, 0x58, 0x5C, 0x5C, 0x5C, 0x5C, 0x5C, 0x5C, 0x5C, 0x5C, 0x5C, 0x5C, 0x5C, 0x5C, 0x5C, 0x5C, 0x5C,
    0x5C, 0x5C, 0x5C, 0x5C, 0x5C, 0x5C, 0x5C, 0x5C, 0x5C, 0x5C, 0x5C, 0x5C, 0x5C, 0x5C, 0x5C, 0x5C, 0x5D, 0x5D, 0x5C, 0x5C, 0x5C, 0x5C, 0x5C, 0x5D, 0x5C, 0x5C, 0x5C, 0x5C, 0x5C, 0x5C, 0x5C, 0x5C,
    0x5C, 0x5C, 0x5C, 0x5C, 0x5C, 0x5C, 0x5C, 0x5C, 0x5C, 0x5C, 0x5C, 0x5C, 0x5C, 0x5C, 0x5C, 0x5C, 0x5C, 0x5C, 0x5C, 0x5C, 0x5C, 0x5C, 0x5C, 0x5D, 0x5C, 0x5C, 0x5C, 0x5C, 0x5C, 0x5C, 0x5D, 0x5D,
    0x5C, 0x5C, 0x5C, 0x5C, 0x5D, 0x5D, 0x5D, 0x5D, 0x5C, 0x5D, 0x5D, 0x5D, 0x5D, 0x5D, 0x5D, 0x5D, 0x5D, 0x5D, 0x5D, 0x5C, 0x5C, 0x5C, 0x5C, 0x5C, 0x5C, 0x58, 0x58, 0x58, 0x58, 0x58, 0x58, 0x58,
    0x5C, 0x5D, 0x5D, 0x5D, 0x5D, 0x5D, 0x5D, 0x5D, 0x5D, 0x5D, 0x5D, 0x5D, 0x5D, 0x5D, 0x5D, 0x5D, 0x5D, 0x5D, 0x5D, 0x5D, 0x5D, 0x5D, 0x5D, 0x5D, 0x5D, 0x5D, 0x5D, 0x5D, 0x5D, 0x5D, 0x5D, 0x5D,
    0x5D, 0x5D, 0x5D, 0x5D, 0x5D, 0x5D, 0x5D, 0x5D, 0x5D, 0x5C, 0x5C, 0x5C, 0x5C, 0x5C, 0x5C, 0x5D, 0x58, 0x58, 0x58, 0x5C, 0x5C, 0x5C, 0x5C, 0x5C, 0x58, 0x58, 0x5C, 0x5C, 0x5C, 0x5C, 0x5D, 0x5D,
    0x5D, 0x5D, 0x5D, 0x5D, 0x5D, 0x5D, 0x5D, 0x73, 0x5D, 0x5D, 0x5D, 0x73, 0x73, 0x73, 0x73, 0x5D, 0x5D, 0x73, 0x73, 0x5D, 0x5D, 0x5D, 0x5D, 0x5D, 0x5D, 0x5D, 0x5D, 0x5D, 0x5D, 0x5D, 0x5D, 0x5D,
    0x5D, 0x5D, 0x5D, 0x5D, 0x5D, 0x5D, 0x5D, 0x73, 0x5D, 0x5D, 0x5D, 0x5D, 0x5D, 0x73, 0x73, 0x66, 0x5D, 0x5D, 0x5D, 0x73, 0x73, 0x66, 0x66, 0x66, 0x5D, 0x73, 0x73, 0x66, 0x66, 0x66, 0x37, 0x37,
    0x73, 0x73, 0x66, 0x66, 0x66, 0x66, 0x73, 0x5D, 0x5D, 0x5D, 0x73, 0x37, 0x37, 0x37, 0x66, 0x73, 0x5D, 0x5D, 0x73, 0x37, 0x37, 0x37, 0x37, 0x73, 0x73, 0x73, 0x66, 0x37, 0x37, 0x2E, 0x37, 0x66,
    0x66, 0x66, 0x37, 0x37, 0x37, 0x2E, 0x2E, 0x37, 0x66, 0x37, 0x37, 0x37, 0x2E, 0x2E, 0x2E, 0x2E, 0x37, 0x37, 0x37, 0x2E, 0x2E, 0x2E, 0x2E, 0x2E, 0x37, 0x37, 0x2E, 0x2E, 0x2E, 0x2E, 0x2E, 0x2E,
    0x5D, 0x5D, 0x5D, 0x5D, 0x5D, 0x5D, 0x5D, 0x5D, 0x5D, 0x5D, 0x5D, 0x5D, 0x5D, 0x5D, 0x5D, 0x5D, 0x5D, 0x5D, 0x5D, 0x5D, 0x5D, 0x5D, 0x5D, 0x5D, 0x73, 0x5D, 0x5D, 0x5D, 0x5D, 0x5D, 0x5D, 0x5D,
    0x66, 0x73, 0x5D, 0x5D, 0x5D, 0x5D, 0x5D, 0x5D, 0x37, 0x66, 0x73, 0x5D, 0x5D, 0x5D, 0x5D, 0x5D, 0x2E, 0x66, 0x66, 0x73, 0x5D, 0x5D, 0x5D, 0x5D, 0x2E, 0x37, 0x66, 0x66, 0x73, 0x73, 0x5D, 0x5D,
    0x5D, 0x5D, 0x5C, 0x5C, 0x5C, 0x5C, 0x5C, 0x5C, 0x5D, 0x5D, 0x5D, 0x5D, 0x5C, 0x5C, 0x5C, 0x5C, 0x5D, 0x5D, 0x5D, 0x5D, 0x5D, 0x5D, 0x5D, 0x5C, 0x5D, 0x5D, 0x5D, 0x5D, 0x5D, 0x5D, 0x5D, 0x5D,
    0x5D, 0x5D, 0x5D, 0x5D, 0x5D, 0x5D, 0x5D, 0x5D, 0x5D, 0x5D, 0x5D, 0x5D, 0x5D, 0x5D, 0x5D, 0x5D, 0x5D, 0x5D, 0x5D, 0x5D, 0x5D, 0x5D, 0x5D, 0x5D, 0x5D, 0x5D, 0x5D, 0x5D, 0x5D, 0x5D, 0x5D, 0x5D,
    0x5C, 0x5C, 0x5C, 0x5C, 0x5C, 0x5C, 0x5C, 0x5C, 0x5C, 0x5C, 0x5C, 0x5C, 0x5C, 0x5C, 0x5C, 0x5C, 0x5C, 0x5C, 0x5C, 0x5C, 0x5C, 0x5C, 0x5C, 0x5C, 0x5D, 0x5D, 0x5D, 0x5C, 0x5C, 0x5C, 0x5C, 0x5C,
    0x5D, 0x5D, 0x5D, 0x5D, 0x5D, 0x5D, 0x5C, 0x5C, 0x5D, 0x5D, 0x5D, 0x5D, 0x5D, 0x5D, 0x5D, 0x5D, 0x5D, 0x5D, 0x5D, 0x5D, 0x5D, 0x5D, 0x5D, 0x5D, 0x5D, 0x5D, 0x5D, 0x5D, 0x5D, 0x5D, 0x5D, 0x5C,
    0x5C, 0x5C, 0x5C, 0x5C, 0x5C, 0x5C, 0x5C, 0x5C, 0x5C, 0x5C, 0x5C, 0x5C, 0x5C, 0x5C, 0x5C, 0x5C, 0x5C, 0x5C, 0x5C, 0x5C, 0x5C, 0x5C, 0x5C, 0x5C, 0x5C, 0x5C, 0x5C, 0x5C, 0x5C, 0x5C, 0x5D, 0x5D,
    0x5C, 0x5C, 0x5C, 0x5D, 0x5D, 0x5D, 0x5D, 0x5C, 0x5D, 0x5D, 0x5D, 0x5D, 0x5D, 0x5D, 0x5C, 0x5C, 0x5D, 0x5D, 0x5D, 0x5C, 0x58, 0x58, 0x33, 0x33, 0x5C, 0x58, 0x58, 0x58, 0x33, 0x33, 0x33, 0x33,
    0x5C, 0x5C, 0x5C, 0x5C, 0x5C, 0x5C, 0x5C, 0x5C, 0x5C, 0x5C, 0x5C, 0x5C, 0x5C, 0x5C, 0x5C, 0x5C, 0x5C, 0x5D, 0x5D, 0x5D, 0x5C, 0x5C, 0x5C, 0x5C, 0x5D, 0x5D, 0x5C, 0x5C, 0x5C, 0x58, 0x33, 0x33,
    0x5C, 0x5C, 0x58, 0x58, 0x33, 0x33, 0x33, 0x33, 0x58, 0x33, 0x33, 0x33, 0x33, 0x33, 0x33, 0x58, 0x33, 0x33, 0x33, 0x33, 0x58, 0x58, 0x5C, 0x5C, 0x33, 0x58, 0x58, 0x5C, 0x5C, 0x5D, 0x5D, 0x5D,
    0x5C, 0x5C, 0x5C, 0x5C, 0x5C, 0x5C, 0x5C, 0x5C, 0x5C, 0x5C, 0x58, 0x58, 0x58, 0x58, 0x58, 0x5C, 0x58, 0x33, 0x33, 0x58, 0x58, 0x58, 0x58, 0x5C, 0x33, 0x33, 0x33, 0x58, 0x58, 0x58, 0x5C, 0x5C,
    0x33, 0x33, 0x58, 0x5C, 0x5C, 0x5C, 0x5C, 0x5D, 0x5C, 0x5C, 0x5C, 0x5C, 0x5D, 0x5D, 0x73, 0x73, 0x5C, 0x5D, 0x5D, 0x73, 0x73, 0x73, 0x11, 0x11, 0x73, 0x73, 0x73, 0x11, 0x11, 0x04, 0x04, 0x04,
    0x5C, 0x5C, 0x5C, 0x5C, 0x5C, 0x5D, 0x5D, 0x5D, 0x5C, 0x5C, 0x5C, 0x5C, 0x5C, 0x5D, 0x5D, 0x73, 0x5C, 0x5C, 0x5C, 0x5C, 0x5D, 0x73, 0x73, 0x11, 0x5C, 0x5C, 0x5D, 0x73, 0x73, 0x11, 0x04, 0x04,
    0x5D, 0x73, 0x73, 0x11, 0x04, 0x04, 0x04, 0x04, 0x73, 0x11, 0x04, 0x04, 0x04, 0x04, 0x04, 0x04, 0x04, 0x04, 0x04, 0x04, 0x04, 0x04, 0x04, 0x04, 0x04, 0x04, 0x04, 0x04, 0x04, 0x04, 0x04, 0x04,
    0x73, 0x04, 0x04, 0x04, 0x04, 0x11, 0x73, 0x4E, 0x11, 0x04, 0x04, 0x04, 0x04, 0x73, 0x4E, 0x01, 0x04, 0x04, 0x04, 0x04, 0x04, 0x73, 0x01, 0x01, 0x04, 0x04, 0x04, 0x04, 0x04, 0x73, 0x4E, 0x01,
    0x04, 0x04, 0x04, 0x04, 0x04, 0x11, 0x73, 0x01, 0x04, 0x04, 0x04, 0x04, 0x04, 0x04, 0x73, 0x4E, 0x04, 0x04, 0x04, 0x04, 0x04, 0x04, 0x04, 0x73, 0x04, 0x04, 0x04, 0x04, 0x04, 0x04, 0x04, 0x04,
    0x01, 0x01, 0x01, 0x01, 0x01, 0x01, 0x01, 0x01, 0x01, 0x01, 0x01, 0x01, 0x01, 0x01, 0x01, 0x01, 0x01, 0x01, 0x01, 0x01, 0x01, 0x01, 0x01, 0x01, 0x01, 0x01, 0x01, 0x01, 0x01, 0x01, 0x01, 0x01,
    0x01, 0x01, 0x01, 0x01, 0x01, 0x01, 0x01, 0x01, 0x01, 0x01, 0x01, 0x01, 0x01, 0x01, 0x01, 0x01, 0x73, 0x73, 0x73, 0x4E, 0x01, 0x01, 0x4E, 0x73, 0x04, 0x11, 0x11, 0x73, 0x73, 0x73, 0x73, 0x11,
    0x01, 0x01, 0x01, 0x01, 0x01, 0x01, 0x01, 0x73, 0x01, 0x01, 0x01, 0x01, 0x01, 0x01, 0x01, 0x73, 0x01, 0x01, 0x01, 0x01, 0x01, 0x01, 0x01, 0x4E, 0x01, 0x01, 0x01, 0x01, 0x01, 0x4E, 0x73, 0x73,
    0x01, 0x01, 0x01, 0x4E, 0x73, 0x73, 0x11, 0x11, 0x4E, 0x73, 0x73, 0x73, 0x11, 0x11, 0x11, 0x11, 0x73, 0x11, 0x11, 0x11, 0x11, 0x73, 0x73, 0x73, 0x11, 0x11, 0x73, 0x73, 0x73, 0x56, 0x56, 0x56,
    0x73, 0x73, 0x73, 0x73, 0x73, 0x4E, 0x3C, 0x1B, 0x73, 0x73, 0x73, 0x73, 0x73, 0x4E, 0x1B, 0x1B, 0x73, 0x73, 0x73, 0x73, 0x73, 0x4E, 0x1B, 0x1B, 0x73, 0x73, 0x73, 0x73, 0x73, 0x4E, 0x1B, 0x1B,
    0x73, 0x73, 0x73, 0x73, 0x73, 0x4E, 0x1B, 0x1B, 0x73, 0x73, 0x56, 0x56, 0x73, 0x4E, 0x1B, 0x1B, 0x56, 0x56, 0x56, 0x56, 0x73, 0x4E, 0x1B, 0x1B, 0x56, 0x56, 0x56, 0x56, 0x73, 0x4E, 0x1B, 0x1B,
    0x1B, 0x1B, 0x3C, 0x3C, 0x4E, 0x4E, 0x73, 0x73, 0x1B, 0x1B, 0x3C, 0x3C, 0x4E, 0x4E, 0x73, 0x56, 0x1B, 0x1B, 0x3C, 0x4E, 0x4E, 0x4E, 0x73, 0x56, 0x1B, 0x1B, 0x3C, 0x4E, 0x4E, 0x4E, 0x73, 0x56,
    0x1B, 0x1B, 0x3C, 0x4E, 0x4E, 0x4E, 0x73, 0x56, 0x1B, 0x3C, 0x3C, 0x4E, 0x4E, 0x4E, 0x73, 0x56, 0x1B, 0x3C, 0x3C, 0x4E, 0x4E, 0x4E, 0x73, 0x56, 0x1B, 0x3C, 0x3C, 0x4E, 0x4E, 0x4E, 0x73, 0x56,
    0x73, 0x73, 0x73, 0x73, 0x55, 0x4E, 0x3D, 0x17, 0x73, 0x73, 0x73, 0x55, 0x4E, 0x51, 0x17, 0x17, 0x73, 0x73, 0x73, 0x55, 0x51, 0x3D, 0x17, 0x17, 0x73, 0x73, 0x73, 0x4E, 0x51, 0x3D, 0x17, 0x17,
    0x73, 0x73, 0x55, 0x4E, 0x51, 0x17, 0x17, 0x17, 0x73, 0x73, 0x55, 0x4E, 0x3D, 0x17, 0x17, 0x17, 0x73, 0x73, 0x55, 0x51, 0x3D, 0x17, 0x17, 0x17, 0x73, 0x73, 0x55, 0x51, 0x3D, 0x17, 0x17, 0x17,
    0x17, 0x0D, 0x0D, 0x05, 0x05, 0x05, 0x05, 0x05, 0x17, 0x0D, 0x05, 0x05, 0x05, 0x05, 0x05, 0x05, 0x17, 0x0D, 0x05, 0x05, 0x05, 0x05, 0x05, 0x05, 0x3D, 0x0D, 0x05, 0x05, 0x05, 0x05, 0x05, 0x05,
    0x3D, 0x0D, 0x05, 0x05, 0x05, 0x05, 0x05, 0x05, 0x3D, 0x0D, 0x05, 0x05, 0x05, 0x05, 0x05, 0x05, 0x3D, 0x0D, 0x05, 0x05, 0x05, 0x05, 0x05, 0x05, 0x3D, 0x0D, 0x05, 0x05, 0x05, 0x05, 0x05, 0x05,
    0x05, 0x05, 0x05, 0x05, 0x05, 0x05, 0x05, 0x05, 0x05, 0x05, 0x05, 0x05, 0x0D, 0x0D, 0x05, 0x05, 0x05, 0x05, 0x05, 0x0D, 0x3D, 0x3D, 0x3D, 0x05, 0x05, 0x05, 0x0D, 0x3D, 0x17, 0x17, 0x17, 0x17,
    0x05, 0x05, 0x0D, 0x3D, 0x17, 0x17, 0x17, 0x17, 0x05, 0x05, 0x0D, 0x3D, 0x17, 0x17, 0x17, 0x17, 0x05, 0x05, 0x05, 0x0D, 0x3D, 0x3D, 0x3D, 0x0D, 0x05, 0x05, 0x05, 0x05, 0x05, 0x05, 0x05, 0x05,
    0x05, 0x0D, 0x3D, 0x17, 0x17, 0x17, 0x17, 0x17, 0x0D, 0x3D, 0x17, 0x17, 0x17, 0x17, 0x17, 0x17, 0x3D, 0x3D, 0x17, 0x17, 0x17, 0x17, 0x17, 0x17, 0x3D, 0x05, 0x0D, 0x3D, 0x17, 0x17, 0x17, 0x17,
    0x3D, 0x05, 0x05, 0x05, 0x0D, 0x0D, 0x3D, 0x3D, 0x0D, 0x05, 0x05, 0x05, 0x05, 0x05, 0x05, 0x0D, 0x05, 0x05, 0x05, 0x05, 0x05, 0x05, 0x05, 0x05, 0x05, 0x05, 0x05, 0x05, 0x05, 0x05, 0x05, 0x05,
    0x17, 0x17, 0x17, 0x17, 0x17, 0x17, 0x17, 0x17, 0x17, 0x17, 0x17, 0x17, 0x17, 0x17, 0x17, 0x17, 0x17, 0x17, 0x17, 0x17, 0x17, 0x17, 0x17, 0x17, 0x17, 0x17, 0x17, 0x17, 0x17, 0x17, 0x17, 0x17,
    0x17, 0x17, 0x17, 0x17, 0x17, 0x17, 0x17, 0x17, 0x0D, 0x0D, 0x3D, 0x3D, 0x17, 0x17, 0x17, 0x17, 0x05, 0x05, 0x05, 0x0D, 0x0D, 0x0D, 0x3D, 0x3D, 0x05, 0x05, 0x05, 0x05, 0x05, 0x05, 0x05, 0x05,
    0x17, 0x3D, 0x51, 0x55, 0x73, 0x73, 0x73, 0x73, 0x17, 0x17, 0x3D, 0x4E, 0x55, 0x73, 0x73, 0x73, 0x17, 0x17, 0x3D, 0x51, 0x55, 0x73, 0x73, 0x73, 0x17, 0x17, 0x17, 0x51, 0x4E, 0x73, 0x73, 0x73,
    0x17, 0x17, 0x17, 0x3D, 0x4E, 0x55, 0x73, 0x73, 0x17, 0x17, 0x17, 0x3D, 0x51, 0x55, 0x73, 0x73, 0x17, 0x17, 0x17, 0x17, 0x51, 0x55, 0x73, 0x73, 0x05, 0x05, 0x3D, 0x17, 0x3D, 0x55, 0x73, 0x73,
    0x55, 0x4F, 0x4F, 0x2A, 0x2A, 0x2A, 0x2A, 0x2A, 0x55, 0x4F, 0x4F, 0x4F, 0x2A, 0x2A, 0x2A, 0x2A, 0x55, 0x4F, 0x4F, 0x4F, 0x4F, 0x2A, 0x2A, 0x2A, 0x55, 0x4F, 0x4F, 0x4F, 0x4F, 0x4F, 0x2A, 0x2A,
    0x55, 0x4F, 0x4F, 0x4F, 0x4F, 0x4F, 0x4F, 0x4F, 0x55, 0x4F, 0x4F, 0x4F, 0x4F, 0x4F, 0x4F, 0x4F, 0x55, 0x55, 0x55, 0x55, 0x55, 0x55, 0x55, 0x55, 0x73, 0x73, 0x73, 0x73, 0x73, 0x73, 0x73, 0x73,
    0x2A, 0x2A, 0x2A, 0x2A, 0x2A, 0x2A, 0x2A, 0x2A, 0x2A, 0x2A, 0x2A, 0x2A, 0x2A, 0x2A, 0x2A, 0x2A, 0x2A, 0x2A, 0x2A, 0x2A, 0x2A, 0x2A, 0x2A, 0x2A, 0x2A, 0x2A, 0x2A, 0x2A, 0x2A, 0x2A, 0x2A, 0x2A,
    0x2A, 0x2A, 0x2A, 0x2A, 0x2A, 0x2A, 0x2A, 0x2A, 0x4F, 0x4F, 0x4F, 0x4F, 0x4F, 0x4F, 0x4F, 0x4F, 0x55, 0x55, 0x55, 0x55, 0x55, 0x55, 0x55, 0x55, 0x73, 0x73, 0x73, 0x73, 0x73, 0x73, 0x73, 0x73,
    0x4F, 0x4F, 0x4F, 0x4F, 0x4F, 0x55, 0x73, 0x73, 0x2A, 0x4F, 0x4F, 0x4F, 0x4F, 0x55, 0x73, 0x73, 0x2A, 0x2A, 0x4F, 0x4F, 0x4F, 0x55, 0x73, 0x73, 0x2A, 0x2A, 0x4F, 0x4F, 0x4F, 0x55, 0x73, 0x73,
    0x2A, 0x2A, 0x2A, 0x4F, 0x4F, 0x55, 0x73, 0x73, 0x4F, 0x4F, 0x4F, 0x4F, 0x4F, 0x55, 0x73, 0x73, 0x55, 0x55, 0x55, 0x55, 0x55, 0x55, 0x73, 0x73, 0x73, 0x73, 0x73, 0x73, 0x73, 0x73, 0x73, 0x73,
    0x43, 0x0D, 0x05, 0x05, 0x05, 0x05, 0x0D, 0x0D, 0x43, 0x0D, 0x05, 0x05, 0x05, 0x05, 0x0D, 0x0D, 0x43, 0x0D, 0x05, 0x05, 0x05, 0x05, 0x0D, 0x0D, 0x43, 0x0D, 0x05, 0x05, 0x05, 0x05, 0x0D, 0x0D,
    0x43, 0x0D, 0x05, 0x05, 0x05, 0x05, 0x0D, 0x0D, 0x43, 0x0D, 0x0D, 0x0D, 0x0D, 0x0D, 0x0D, 0x0D, 0x43, 0x43, 0x43, 0x43, 0x43, 0x43, 0x43, 0x43, 0x73, 0x73, 0x73, 0x73, 0x73, 0x73, 0x73, 0x73,
    0x43, 0x73, 0x73, 0x57, 0x54, 0x2B, 0x2B, 0x2B, 0x43, 0x73, 0x73, 0x57, 0x54, 0x2B, 0x2B, 0x2B, 0x43, 0x73, 0x73, 0x57, 0x54, 0x2B, 0x2B, 0x2B, 0x43, 0x73, 0x73, 0x57, 0x54, 0x2B, 0x2B, 0x2B,
    0x43, 0x73, 0x73, 0x57, 0x54, 0x54, 0x54, 0x54, 0x43, 0x73, 0x73, 0x57, 0x54, 0x54, 0x54, 0x54, 0x43, 0x73, 0x73, 0x57, 0x57, 0x57, 0x57, 0x57, 0x73, 0x73, 0x73, 0x73, 0x73, 0x73, 0x73, 0x73,
    0x2B, 0x2B, 0x54, 0x73, 0x73, 0x73, 0x6F, 0x6F, 0x2B, 0x2B, 0x54, 0x73, 0x73, 0x73, 0x6F, 0x6F, 0x2B, 0x2B, 0x54, 0x73, 0x73, 0x73, 0x73, 0x6F, 0x2B, 0x2B, 0x54, 0x57, 0x73, 0x73, 0x73, 0x6F,
    0x54, 0x54, 0x54, 0x57, 0x73, 0x73, 0x73, 0x6F, 0x54, 0x54, 0x54, 0x57, 0x73, 0x73, 0x73, 0x6F, 0x57, 0x57, 0x57, 0x57, 0x73, 0x73, 0x73, 0x6F, 0x73, 0x73, 0x73, 0x73, 0x73, 0x73, 0x73, 0x6F,
    0x6F, 0x73, 0x73, 0x73, 0x73, 0x73, 0x73, 0x73, 0x6F, 0x73, 0x73, 0x73, 0x57, 0x57, 0x57, 0x57, 0x6F, 0x73, 0x73, 0x73, 0x57, 0x54, 0x54, 0x54, 0x6F, 0x73, 0x73, 0x73, 0x57, 0x54, 0x54, 0x54,
    0x6F, 0x73, 0x73, 0x73, 0x57, 0x54, 0x2B, 0x2B, 0x6F, 0x73, 0x73, 0x73, 0x73, 0x54, 0x2B, 0x2B, 0x6F, 0x73, 0x73, 0x73, 0x73, 0x54, 0x2B, 0x2B, 0x6F, 0x73, 0x73, 0x73, 0x73, 0x54, 0x2B, 0x2B,
    0x73, 0x73, 0x73, 0x73, 0x73, 0x73, 0x73, 0x73, 0x57, 0x57, 0x57, 0x57, 0x57, 0x73, 0x73, 0x43, 0x54, 0x54, 0x54, 0x54, 0x57, 0x73, 0x73, 0x43, 0x54, 0x54, 0x54, 0x54, 0x57, 0x73, 0x73, 0x43,
    0x2B, 0x2B, 0x2B, 0x54, 0x57, 0x73, 0x73, 0x43, 0x2B, 0x2B, 0x2B, 0x54, 0x57, 0x73, 0x73, 0x43, 0x2B, 0x2B, 0x2B, 0x54, 0x57, 0x73, 0x73, 0x43, 0x2B, 0x2B, 0x2B, 0x54, 0x57, 0x73, 0x73, 0x43,
    0x73, 0x73, 0x73, 0x73, 0x73, 0x73, 0x73, 0x73, 0x43, 0x43, 0x43, 0x43, 0x43, 0x43, 0x43, 0x43, 0x0D, 0x0D, 0x0D, 0x0D, 0x0D, 0x0D, 0x0D, 0x43, 0x0D, 0x0D, 0x05, 0x05, 0x05, 0x05, 0x0D, 0x43,
    0x0D, 0x0D, 0x05, 0x05, 0x05, 0x05, 0x0D, 0x43, 0x0D, 0x0D, 0x05, 0x05, 0x05, 0x05, 0x0D, 0x43, 0x0D, 0x0D, 0x05, 0x05, 0x05, 0x05, 0x0D, 0x43, 0x0D, 0x0D, 0x05, 0x05, 0x05, 0x05, 0x0D, 0x43,
    0x73, 0x73, 0x73, 0x73, 0x73, 0x73, 0x73, 0x73, 0x73, 0x73, 0x55, 0x55, 0x55, 0x55, 0x55, 0x55, 0x73, 0x73, 0x55, 0x4F, 0x4F, 0x4F, 0x4F, 0x4F, 0x73, 0x73, 0x55, 0x4F, 0x4F, 0x2A, 0x2A, 0x2A,
    0x73, 0x73, 0x55, 0x4F, 0x4F, 0x4F, 0x2A, 0x2A, 0x73, 0x73, 0x55, 0x4F, 0x4F, 0x4F, 0x2A, 0x2A, 0x73, 0x73, 0x55, 0x4F, 0x4F, 0x4F, 0x4F, 0x2A, 0x73, 0x73, 0x55, 0x4F, 0x4F, 0x4F, 0x4F, 0x4F,
    0x73, 0x73, 0x73, 0x73, 0x73, 0x73, 0x73, 0x73, 0x55, 0x55, 0x55, 0x55, 0x55, 0x55, 0x55, 0x55, 0x4F, 0x4F, 0x4F, 0x4F, 0x4F, 0x4F, 0x4F, 0x4F, 0x2A, 0x2A, 0x2A, 0x2A, 0x2A, 0x2A, 0x2A, 0x2A,
    0x2A, 0x2A, 0x2A, 0x2A, 0x2A, 0x2A, 0x2A, 0x2A, 0x2A, 0x2A, 0x2A, 0x2A, 0x2A, 0x2A, 0x2A, 0x2A, 0x2A, 0x2A, 0x2A, 0x2A, 0x2A, 0x2A, 0x2A, 0x2A, 0x2A, 0x2A, 0x2A, 0x2A, 0x2A, 0x2A, 0x2A, 0x2A,
    0x73, 0x73, 0x73, 0x73, 0x73, 0x73, 0x73, 0x73, 0x55, 0x55, 0x55, 0x55, 0x55, 0x55, 0x55, 0x55, 0x4F, 0x4F, 0x4F, 0x4F, 0x4F, 0x4F, 0x4F, 0x55, 0x4F, 0x4F, 0x4F, 0x4F, 0x4F, 0x4F, 0x4F, 0x55,
    0x2A, 0x2A, 0x4F, 0x4F, 0x4F, 0x4F, 0x4F, 0x55, 0x2A, 0x2A, 0x2A, 0x4F, 0x4F, 0x4F, 0x4F, 0x55, 0x2A, 0x2A, 0x2A, 0x2A, 0x4F, 0x4F, 0x4F, 0x55, 0x2A, 0x2A, 0x2A, 0x2A, 0x2A, 0x4F, 0x4F, 0x55,
    0x73, 0x73, 0x55, 0x51, 0x17, 0x3D, 0x0D, 0x11, 0x73, 0x73, 0x55, 0x51, 0x17, 0x17, 0x17, 0x17, 0x73, 0x73, 0x55, 0x51, 0x3D, 0x17, 0x17, 0x17, 0x73, 0x73, 0x55, 0x4E, 0x3D, 0x17, 0x17, 0x17,
    0x73, 0x73, 0x73, 0x4E, 0x51, 0x17, 0x17, 0x17, 0x73, 0x73, 0x73, 0x55, 0x51, 0x3D, 0x17, 0x17, 0x73, 0x73, 0x73, 0x55, 0x4E, 0x3D, 0x17, 0x17, 0x73, 0x73, 0x73, 0x73, 0x55, 0x51, 0x3D, 0x17,
    0x11, 0x11, 0x11, 0x05, 0x05, 0x05, 0x05, 0x05, 0x3D, 0x3D, 0x0D, 0x0D, 0x0D, 0x05, 0x05, 0x05, 0x17, 0x17, 0x17, 0x17, 0x3D, 0x3D, 0x0D, 0x0D, 0x17, 0x17, 0x17, 0x17, 0x17, 0x17, 0x17, 0x17,
    0x17, 0x17, 0x17, 0x17, 0x17, 0x17, 0x17, 0x17, 0x17, 0x17, 0x17, 0x17, 0x17, 0x17, 0x17, 0x17, 0x17, 0x17, 0x17, 0x17, 0x17, 0x17, 0x17, 0x17, 0x17, 0x17, 0x17, 0x17, 0x17, 0x17, 0x17, 0x17,
    0x05, 0x05, 0x05, 0x05, 0x05, 0x05, 0x05, 0x05, 0x05, 0x05, 0x05, 0x05, 0x05, 0x05, 0x05, 0x05, 0x0D, 0x05, 0x05, 0x05, 0x05, 0x05, 0x05, 0x0D, 0x3D, 0x3D, 0x0D, 0x0D, 0x05, 0x05, 0x05, 0x3D,
    0x17, 0x17, 0x17, 0x17, 0x3D, 0x0D, 0x05, 0x3D, 0x17, 0x17, 0x17, 0x17, 0x17, 0x17, 0x3D, 0x3D, 0x17, 0x17, 0x17, 0x17, 0x17, 0x17, 0x3D, 0x0D, 0x17, 0x17, 0x17, 0x17, 0x17, 0x3D, 0x0D, 0x05,
    0x05, 0x05, 0x0D, 0x0D, 0x05, 0x05, 0x05, 0x05, 0x0D, 0x3D, 0x3D, 0x3D, 0x0D, 0x05, 0x05, 0x05, 0x17, 0x17, 0x17, 0x17, 0x3D, 0x0D, 0x05, 0x05, 0x17, 0x17, 0x17, 0x17, 0x3D, 0x0D, 0x05, 0x05,
    0x17, 0x17, 0x17, 0x17, 0x3D, 0x0D, 0x05, 0x05, 0x05, 0x3D, 0x3D, 0x3D, 0x0D, 0x05, 0x05, 0x05, 0x05, 0x05, 0x0D, 0x0D, 0x05, 0x05, 0x05, 0x05, 0x05, 0x05, 0x05, 0x05, 0x05, 0x05, 0x05, 0x05,
    0x05, 0x05, 0x05, 0x05, 0x05, 0x05, 0x0D, 0x3D, 0x05, 0x05, 0x05, 0x05, 0x05, 0x05, 0x0D, 0x3D, 0x05, 0x05, 0x05, 0x05, 0x05, 0x05, 0x0D, 0x3D, 0x05, 0x05, 0x05, 0x05, 0x05, 0x05, 0x0D, 0x3D,
    0x05, 0x05, 0x05, 0x05, 0x05, 0x05, 0x0D, 0x3D, 0x05, 0x05, 0x05, 0x05, 0x05, 0x05, 0x0D, 0x17, 0x05, 0x05, 0x05, 0x05, 0x05, 0x05, 0x0D, 0x17, 0x05, 0x05, 0x05, 0x05, 0x05, 0x0D, 0x0D, 0x17,
    0x17, 0x17, 0x17, 0x3D, 0x51, 0x55, 0x73, 0x73, 0x17, 0x17, 0x17, 0x3D, 0x51, 0x55, 0x73, 0x73, 0x17, 0x17, 0x17, 0x3D, 0x4E, 0x55, 0x73, 0x73, 0x17, 0x17, 0x17, 0x51, 0x4E, 0x55, 0x73, 0x73,
    0x17, 0x17, 0x3D, 0x51, 0x4E, 0x73, 0x73, 0x73, 0x17, 0x17, 0x3D, 0x51, 0x55, 0x73, 0x73, 0x73, 0x17, 0x17, 0x51, 0x4E, 0x55, 0x73, 0x73, 0x73, 0x17, 0x3D, 0x4E, 0x55, 0x73, 0x73, 0x73, 0x73,
    0x4E, 0x01, 0x01, 0x01, 0x01, 0x01, 0x01, 0x01, 0x4E, 0x01, 0x01, 0x01, 0x01, 0x01, 0x01, 0x01, 0x4E, 0x01, 0x01, 0x01, 0x01, 0x01, 0x4E, 0x73, 0x4E, 0x01, 0x01, 0x4E, 0x73, 0x73, 0x73, 0x5B,
    0x4E, 0x73, 0x73, 0x73, 0x5B, 0x5B, 0x32, 0x32, 0x73, 0x5B, 0x5B, 0x32, 0x32, 0x32, 0x32, 0x32, 0x5B, 0x32, 0x32, 0x32, 0x32, 0x32, 0x32, 0x32, 0x5B, 0x5B, 0x5B, 0x5B, 0x5B, 0x5B, 0x5B, 0x32,
    0x01, 0x01, 0x01, 0x4E, 0x73, 0x73, 0x73, 0x5B, 0x4E, 0x73, 0x73, 0x73, 0x5B, 0x5B, 0x32, 0x32, 0x73, 0x5B, 0x5B, 0x32, 0x32, 0x32, 0x32, 0x32, 0x32, 0x32, 0x32, 0x32, 0x32, 0x32, 0x32, 0x32,
    0x32, 0x32, 0x32, 0x32, 0x32, 0x32, 0x32, 0x32, 0x32, 0x32, 0x32, 0x32, 0x32, 0x32, 0x32, 0x32, 0x32, 0x32, 0x32, 0x32, 0x32, 0x32, 0x32, 0x32, 0x32, 0x32, 0x32, 0x32, 0x32, 0x32, 0x32, 0x32,
    0x32, 0x32, 0x32, 0x32, 0x32, 0x32, 0x32, 0x32, 0x32, 0x32, 0x32, 0x32, 0x32, 0x32, 0x32, 0x32, 0x32, 0x32, 0x32, 0x32, 0x32, 0x32, 0x32, 0x32, 0x32, 0x32, 0x32, 0x32, 0x32, 0x32, 0x32, 0x32,
    0x32, 0x32, 0x32, 0x32, 0x32, 0x32, 0x32, 0x32, 0x32, 0x32, 0x32, 0x32, 0x32, 0x32, 0x32, 0x32, 0x32, 0x32, 0x32, 0x32, 0x32, 0x32, 0x32, 0x32, 0x32, 0x32, 0x32, 0x32, 0x32, 0x32, 0x32, 0x10,
    0x32, 0x32, 0x32, 0x32, 0x32, 0x5B, 0x73, 0x73, 0x32, 0x32, 0x32, 0x32, 0x5B, 0x73, 0x73, 0x73, 0x32, 0x32, 0x32, 0x5B, 0x73, 0x73, 0x73, 0x73, 0x32, 0x32, 0x32, 0x73, 0x73, 0x73, 0x73, 0x73,
    0x32, 0x32, 0x5B, 0x73, 0x73, 0x73, 0x73, 0x73, 0x32, 0x32, 0x73, 0x73, 0x73, 0x73, 0x73, 0x73, 0x32, 0x5B, 0x73, 0x73, 0x73, 0x73, 0x73, 0x73, 0x10, 0x73, 0x73, 0x73, 0x73, 0x73, 0x73, 0x73,
    0x73, 0x73, 0x73, 0x73, 0x73, 0x73, 0x73, 0x73, 0x73, 0x73, 0x73, 0x73, 0x73, 0x73, 0x73, 0x73, 0x73, 0x73, 0x73, 0x73, 0x73, 0x73, 0x73, 0x73, 0x73, 0x73, 0x73, 0x73, 0x73, 0x73, 0x73, 0x73,
    0x73, 0x73, 0x73, 0x73, 0x73, 0x73, 0x73, 0x73, 0x73, 0x73, 0x73, 0x73, 0x73, 0x73, 0x73, 0x32, 0x73, 0x73, 0x73, 0x73, 0x73, 0x32, 0x10, 0x10, 0x73, 0x73, 0x73, 0x32, 0x10, 0x10, 0x10, 0x10,
    0x73, 0x73, 0x73, 0x73, 0x73, 0x73, 0x73, 0x73, 0x73, 0x73, 0x73, 0x73, 0x73, 0x73, 0x73, 0x73, 0x73, 0x73, 0x73, 0x73, 0x73, 0x73, 0x73, 0x73, 0x73, 0x73, 0x73, 0x73, 0x73, 0x73, 0x73, 0x73,
    0x73, 0x73, 0x73, 0x73, 0x73, 0x32, 0x32, 0x10, 0x32, 0x32, 0x10, 0x10, 0x10, 0x10, 0x10, 0x10, 0x10, 0x10, 0x10, 0x10, 0x10, 0x10, 0x10, 0x10, 0x10, 0x10, 0x10, 0x10, 0x10, 0x10, 0x10, 0x10,
    0x73, 0x73, 0x4E, 0x01, 0x01, 0x01, 0x01, 0x01, 0x73, 0x73, 0x73, 0x73, 0x73, 0x73, 0x4E, 0x4E, 0x73, 0x73, 0x73, 0x73, 0x73, 0x73, 0x73, 0x73, 0x73, 0x32, 0x32, 0x32, 0x32, 0x73, 0x73, 0x73,
    0x10, 0x10, 0x10, 0x10, 0x10, 0x10, 0x10, 0x32, 0x10, 0x10, 0x10, 0x10, 0x10, 0x10, 0x10, 0x10, 0x10, 0x10, 0x10, 0x10, 0x10, 0x10, 0x10, 0x10, 0x10, 0x10, 0x10, 0x10, 0x10, 0x10, 0x10, 0x10,
    0x01, 0x01, 0x01, 0x01, 0x01, 0x01, 0x4E, 0x4E, 0x01, 0x01, 0x01, 0x01, 0x01, 0x01, 0x01, 0x01, 0x73, 0x73, 0x4E, 0x4E, 0x01, 0x01, 0x01, 0x01, 0x73, 0x73, 0x73, 0x73, 0x73, 0x73, 0x73, 0x4E,
    0x32, 0x73, 0x73, 0x73, 0x73, 0x73, 0x73, 0x73, 0x10, 0x10, 0x10, 0x32, 0x32, 0x32, 0x73, 0x73, 0x10, 0x10, 0x10, 0x10, 0x10, 0x10, 0x10, 0x32, 0x10, 0x10, 0x10, 0x10, 0x10, 0x10, 0x10, 0x10,
    0x73, 0x73, 0x73, 0x73, 0x73, 0x4F, 0x4F, 0x4F, 0x01, 0x01, 0x01, 0x4E, 0x4E, 0x73, 0x73, 0x73, 0x01, 0x01, 0x01, 0x01, 0x01, 0x01, 0x01, 0x01, 0x4E, 0x01, 0x01, 0x01, 0x01, 0x01, 0x01, 0x01,
    0x73, 0x73, 0x73, 0x4E, 0x4E, 0x4E, 0x01, 0x01, 0x73, 0x73, 0x73, 0x73, 0x73, 0x73, 0x73, 0x73, 0x32, 0x32, 0x73, 0x73, 0x73, 0x73, 0x73, 0x73, 0x10, 0x10, 0x10, 0x10, 0x32, 0x32, 0x32, 0x32,
    0x4F, 0x4F, 0x4F, 0x4F, 0x4F, 0x4F, 0x0D, 0x01, 0x73, 0x73, 0x73, 0x73, 0x4F, 0x4F, 0x4F, 0x73, 0x01, 0x01, 0x4E, 0x4E, 0x73, 0x73, 0x73, 0x73, 0x01, 0x01, 0x01, 0x01, 0x01, 0x01, 0x01, 0x01,
    0x01, 0x01, 0x01, 0x01, 0x01, 0x01, 0x01, 0x01, 0x73, 0x73, 0x4E, 0x4E, 0x4E, 0x01, 0x01, 0x01, 0x73, 0x73, 0x73, 0x73, 0x73, 0x73, 0x73, 0x73, 0x32, 0x73, 0x73, 0x73, 0x73, 0x73, 0x73, 0x73,
    0x01, 0x01, 0x55, 0x50, 0x0D, 0x0D, 0x0D, 0x50, 0x73, 0x4E, 0x01, 0x55, 0x0D, 0x55, 0x50, 0x50, 0x73, 0x73, 0x4E, 0x0D, 0x01, 0x01, 0x55, 0x55, 0x4E, 0x4E, 0x73, 0x73, 0x73, 0x4E, 0x01, 0x01,
    0x01, 0x01, 0x01, 0x01, 0x4E, 0x73, 0x73, 0x4E, 0x01, 0x01, 0x01, 0x01, 0x01, 0x01, 0x4E, 0x73, 0x73, 0x4E, 0x4E, 0x01, 0x01, 0x01, 0x01, 0x01, 0x73, 0x73, 0x73, 0x73, 0x73, 0x73, 0x73, 0x73,
    0x0D, 0x01, 0x01, 0x0D, 0x0D, 0x01, 0x01, 0x05, 0x0D, 0x01, 0x01, 0x0D, 0x0D, 0x01, 0x01, 0x05, 0x0D, 0x05, 0x0D, 0x50, 0x0D, 0x01, 0x05, 0x05, 0x0D, 0x0D, 0x55, 0x50, 0x0D, 0x05, 0x0D, 0x0D,
    0x0D, 0x01, 0x01, 0x55, 0x55, 0x55, 0x50, 0x50, 0x73, 0x73, 0x4E, 0x01, 0x01, 0x01, 0x55, 0x55, 0x4E, 0x4E, 0x73, 0x73, 0x73, 0x4E, 0x01, 0x01, 0x73, 0x4E, 0x4E, 0x4E, 0x4E, 0x73, 0x73, 0x73,
    0x01, 0x01, 0x05, 0x05, 0x0D, 0x05, 0x0D, 0x0D, 0x05, 0x01, 0x05, 0x05, 0x0D, 0x05, 0x05, 0x0D, 0x0D, 0x01, 0x05, 0x0D, 0x50, 0x0D, 0x05, 0x0D, 0x50, 0x0D, 0x05, 0x0D, 0x50, 0x0D, 0x0D, 0x50,
    0x50, 0x0D, 0x0D, 0x50, 0x50, 0x50, 0x0D, 0x50, 0x55, 0x55, 0x55, 0x55, 0x55, 0x55, 0x50, 0x50, 0x01, 0x01, 0x01, 0x01, 0x01, 0x01, 0x55, 0x55, 0x73, 0x73, 0x73, 0x73, 0x73, 0x4E, 0x01, 0x01,
    0x05, 0x0D, 0x43, 0x0D, 0x05, 0x01, 0x01, 0x01, 0x0D, 0x05, 0x05, 0x0D, 0x05, 0x05, 0x05, 0x01, 0x0D, 0x0D, 0x0D, 0x0D, 0x0D, 0x0D, 0x0D, 0x0D, 0x0D, 0x05, 0x05, 0x05, 0x05, 0x05, 0x05, 0x05,
    0x0D, 0x05, 0x01, 0x01, 0x01, 0x01, 0x01, 0x01, 0x0D, 0x05, 0x01, 0x01, 0x01, 0x01, 0x01, 0x01, 0x55, 0x55, 0x55, 0x55, 0x55, 0x55, 0x55, 0x55, 0x01, 0x01, 0x01, 0x01, 0x01, 0x01, 0x01, 0x01,
    0x01, 0x01, 0x01, 0x01, 0x01, 0x01, 0x01, 0x01, 0x01, 0x01, 0x01, 0x01, 0x01, 0x01, 0x01, 0x01, 0x0D, 0x0D, 0x0D, 0x0D, 0x0D, 0x0D, 0x0D, 0x0D, 0x05, 0x05, 0x05, 0x01, 0x01, 0x01, 0x01, 0x01,
    0x01, 0x01, 0x01, 0x01, 0x01, 0x01, 0x01, 0x01, 0x01, 0x05, 0x05, 0x0D, 0x0D, 0x55, 0x55, 0x55, 0x55, 0x55, 0x55, 0x55, 0x55, 0x01, 0x01, 0x01, 0x01, 0x01, 0x01, 0x01, 0x01, 0x4E, 0x73, 0x73,
    0x01, 0x01, 0x01, 0x01, 0x73, 0x5D, 0x5D, 0x5D, 0x01, 0x01, 0x0D, 0x0D, 0x0D, 0x73, 0x5D, 0x5D, 0x0D, 0x0D, 0x05, 0x05, 0x01, 0x01, 0x73, 0x73, 0x01, 0x01, 0x01, 0x01, 0x01, 0x01, 0x05, 0x0D,
    0x01, 0x05, 0x05, 0x0D, 0x0D, 0x55, 0x55, 0x55, 0x55, 0x55, 0x55, 0x55, 0x55, 0x01, 0x01, 0x01, 0x01, 0x01, 0x01, 0x01, 0x01, 0x4E, 0x73, 0x73, 0x73, 0x73, 0x73, 0x73, 0x73, 0x73, 0x4E, 0x4E,
    0x5C, 0x5C, 0x5C, 0x5C, 0x58, 0x58, 0x58, 0x58, 0x5D, 0x5C, 0x5C, 0x5C, 0x5C, 0x58, 0x58, 0x58, 0x5D, 0x5D, 0x5D, 0x5C, 0x5C, 0x5C, 0x5C, 0x5C, 0x73, 0x73, 0x73, 0x73, 0x73, 0x73, 0x73, 0x73,
    0x01, 0x01, 0x01, 0x4E, 0x73, 0x73, 0x4E, 0x4E, 0x4E, 0x73, 0x73, 0x73, 0x4E, 0x01, 0x01, 0x01, 0x73, 0x4E, 0x01, 0x01, 0x01, 0x01, 0x01, 0x01, 0x01, 0x01, 0x73, 0x73, 0x73, 0x73, 0x73, 0x73,
    0x58, 0x58, 0x58, 0x58, 0x58, 0x58, 0x58, 0x58, 0x58, 0x58, 0x58, 0x58, 0x58, 0x58, 0x58, 0x58, 0x5C, 0x5C, 0x5C, 0x5C, 0x5C, 0x5C, 0x5C, 0x5C, 0x73, 0x73, 0x73, 0x5D, 0x5D, 0x5D, 0x5D, 0x5D,
    0x4E, 0x4E, 0x4E, 0x73, 0x73, 0x73, 0x73, 0x73, 0x01, 0x01, 0x01, 0x01, 0x01, 0x4E, 0x4E, 0x4E, 0x4E, 0x4E, 0x73, 0x73, 0x73, 0x73, 0x73, 0x73, 0x73, 0x73, 0x73, 0x73, 0x73, 0x73, 0x73, 0x73,
    0x58, 0x58, 0x58, 0x58, 0x58, 0x58, 0x58, 0x5C, 0x58, 0x58, 0x58, 0x5C, 0x5C, 0x5C, 0x5C, 0x5C, 0x5C, 0x5C, 0x5C, 0x5C, 0x5C, 0x5C, 0x5C, 0x5C, 0x5D, 0x5D, 0x5D, 0x5D, 0x5D, 0x5D, 0x73, 0x73,
    0x73, 0x73, 0x73, 0x73, 0x73, 0x73, 0x4E, 0x4E, 0x4E, 0x73, 0x73, 0x73, 0x73, 0x73, 0x73, 0x73, 0x73, 0x73, 0x73, 0x73, 0x73, 0x73, 0x73, 0x73, 0x73, 0x73, 0x10, 0x10, 0x10, 0x10, 0x0C, 0x0C,
    0x5C, 0x5C, 0x5C, 0x5C, 0x5C, 0x5D, 0x5D, 0x73, 0x5C, 0x5C, 0x5C, 0x5D, 0x5D, 0x73, 0x73, 0x4E, 0x5D, 0x5D, 0x73, 0x73, 0x73, 0x4E, 0x4E, 0x4E, 0x73, 0x73, 0x4E, 0x4E, 0x73, 0x73, 0x73, 0x73,
    0x73, 0x73, 0x73, 0x73, 0x73, 0x73, 0x73, 0x73, 0x73, 0x73, 0x73, 0x73, 0x73, 0x10, 0x10, 0x0C, 0x73, 0x10, 0x10, 0x0C, 0x0C, 0x0C, 0x0C, 0x0C, 0x0C, 0x0C, 0x0C, 0x0C, 0x0C, 0x0C, 0x0C, 0x0C,
    0x73, 0x73, 0x73, 0x73, 0x73, 0x66, 0x66, 0x66, 0x4E, 0x4E, 0x4E, 0x4E, 0x4E, 0x73, 0x73, 0x73, 0x4E, 0x73, 0x73, 0x73, 0x73, 0x73, 0x73, 0x73, 0x73, 0x73, 0x73, 0x73, 0x73, 0x73, 0x10, 0x10,
    0x73, 0x73, 0x10, 0x10, 0x0C, 0x0C, 0x0C, 0x0C, 0x0C, 0x0C, 0x0C, 0x0C, 0x0C, 0x0C, 0x0C, 0x0C, 0x0C, 0x0C, 0x0C, 0x0C, 0x0C, 0x0C, 0x0C, 0x0C, 0x0C, 0x0C, 0x0C, 0x0C, 0x0C, 0x0C, 0x0C, 0x0C,
    0x37, 0x37, 0x37, 0x37, 0x37, 0x37, 0x2E, 0x2E, 0x73, 0x73, 0x73, 0x73, 0x66, 0x66, 0x66, 0x66, 0x73, 0x73, 0x10, 0x10, 0x73, 0x73, 0x73, 0x73, 0x10, 0x0C, 0x0C, 0x0C, 0x0C, 0x0C, 0x0C, 0x10,
    0x0C, 0x0C, 0x0C, 0x0C, 0x0C, 0x0C, 0x0C, 0x0C, 0x0C, 0x0C, 0x0C, 0x0C, 0x0C, 0x0C, 0x0C, 0x0C, 0x0C, 0x0C, 0x0C, 0x0C, 0x0C, 0x0C, 0x0C, 0x04, 0x0C, 0x0C, 0x0C, 0x0C, 0x04, 0x04, 0x04, 0x04,
    0x2E, 0x2E, 0x37, 0x66, 0x66, 0x66, 0x73, 0x5D, 0x37, 0x37, 0x37, 0x37, 0x37, 0x66, 0x66, 0x73, 0x73, 0x73, 0x73, 0x66, 0x66, 0x66, 0x66, 0x66, 0x10, 0x10, 0x10, 0x73, 0x73, 0x73, 0x73, 0x73,
    0x0C, 0x0C, 0x0C, 0x0C, 0x0C, 0x04, 0x10, 0x10, 0x0C, 0x0C, 0x04, 0x04, 0x04, 0x04, 0x04, 0x04, 0x04, 0x04, 0x04, 0x04, 0x04, 0x04, 0x04, 0x04, 0x04, 0x04, 0x04, 0x04, 0x04, 0x04, 0x04, 0x04,
    0x5D, 0x5D, 0x5D, 0x5D, 0x5D, 0x5D, 0x5D, 0x5D, 0x5D, 0x5D, 0x5D, 0x5D, 0x5D, 0x5C, 0x5C, 0x5C, 0x73, 0x5D, 0x5D, 0x5D, 0x5C, 0x5C, 0x5C, 0x5C, 0x73, 0x5D, 0x5D, 0x5D, 0x5C, 0x5C, 0x5C, 0x5C,
    0x10, 0x73, 0x5D, 0x5D, 0x5D, 0x5C, 0x5C, 0x5C, 0x04, 0x10, 0x73, 0x73, 0x5D, 0x5D, 0x5D, 0x73, 0x04, 0x04, 0x04, 0x10, 0x73, 0x73, 0x73, 0x10, 0x04, 0x04, 0x04, 0x04, 0x04, 0x04, 0x04, 0x04,
    0x5D, 0x5D, 0x5D, 0x5C, 0x5C, 0x5C, 0x5C, 0x5C, 0x5C, 0x5C, 0x5C, 0x5C, 0x5C, 0x5C, 0x58, 0x58, 0x5C, 0x5C, 0x5C, 0x5C, 0x5C, 0x5C, 0x58, 0x58, 0x5C, 0x5C, 0x5C, 0x5C, 0x5C, 0x5C, 0x5C, 0x5D,
    0x5C, 0x5C, 0x5D, 0x5D, 0x73, 0x73, 0x73, 0x73, 0x73, 0x73, 0x73, 0x73, 0x73, 0x73, 0x66, 0x66, 0x73, 0x73, 0x66, 0x66, 0x66, 0x66, 0x73, 0x73, 0x11, 0x11, 0x73, 0x73, 0x66, 0x37, 0x37, 0x66,
    0x58, 0x58, 0x33, 0x33, 0x33, 0x33, 0x58, 0x58, 0x58, 0x58, 0x58, 0x58, 0x58, 0x5C, 0x5C, 0x5D, 0x58, 0x5C, 0x5C, 0x5D, 0x5D, 0x5D, 0x73, 0x73, 0x5D, 0x5D, 0x73, 0x73, 0x73, 0x73, 0x66, 0x66,
    0x73, 0x73, 0x66, 0x66, 0x66, 0x66, 0x66, 0x37, 0x66, 0x66, 0x66, 0x66, 0x37, 0x37, 0x37, 0x37, 0x66, 0x66, 0x37, 0x37, 0x37, 0x37, 0x37, 0x2E, 0x73, 0x73, 0x66, 0x37, 0x37, 0x37, 0x2E, 0x0A,
    0x5C, 0x5C, 0x5D, 0x5D, 0x73, 0x73, 0x73, 0x73, 0x5D, 0x73, 0x73, 0x73, 0x66, 0x66, 0x73, 0x66, 0x73, 0x66, 0x66, 0x37, 0x37, 0x37, 0x66, 0x73, 0x66, 0x37, 0x37, 0x2E, 0x2E, 0x37, 0x37, 0x37,
    0x37, 0x37, 0x2E, 0x0A, 0x0A, 0x2E, 0x2E, 0x66, 0x2E, 0x0A, 0x0A, 0x0A, 0x0A, 0x0A, 0x2E, 0x2E, 0x0A, 0x0A, 0x0A, 0x0A, 0x0A, 0x0A, 0x0A, 0x0A, 0x0A, 0x0A, 0x0A, 0x0A, 0x0A, 0x0A, 0x0A, 0x0A,
    0x73, 0x11, 0x11, 0x11, 0x04, 0x04, 0x04, 0x04, 0x66, 0x73, 0x73, 0x11, 0x11, 0x11, 0x04, 0x04, 0x73, 0x66, 0x66, 0x73, 0x73, 0x11, 0x11, 0x11, 0x66, 0x73, 0x37, 0x37, 0x66, 0x73, 0x73, 0x11,
    0x37, 0x66, 0x73, 0x73, 0x37, 0x37, 0x66, 0x73, 0x66, 0x66, 0x66, 0x66, 0x73, 0x73, 0x37, 0x66, 0x0A, 0x2E, 0x37, 0x37, 0x37, 0x66, 0x73, 0x37, 0x0A, 0x0A, 0x0A, 0x2E, 0x2E, 0x37, 0x66, 0x73,
    0x04, 0x04, 0x04, 0x04, 0x04, 0x04, 0x04, 0x04, 0x04, 0x04, 0x04, 0x04, 0x04, 0x04, 0x04, 0x04, 0x04, 0x04, 0x04, 0x04, 0x04, 0x04, 0x04, 0x04, 0x11, 0x11, 0x11, 0x11, 0x11, 0x11, 0x11, 0x11,
    0x73, 0x73, 0x73, 0x73, 0x73, 0x73, 0x73, 0x73, 0x66, 0x73, 0x73, 0x73, 0x73, 0x73, 0x73, 0x73, 0x66, 0x73, 0x73, 0x73, 0x73, 0x73, 0x73, 0x73, 0x73, 0x73, 0x73, 0x73, 0x73, 0x73, 0x73, 0x73,
    0x04, 0x04, 0x04, 0x04, 0x04, 0x04, 0x04, 0x04, 0x04, 0x04, 0x04, 0x04, 0x04, 0x04, 0x04, 0x04, 0x04, 0x04, 0x04, 0x04, 0x04, 0x11, 0x11, 0x11, 0x11, 0x11, 0x11, 0x73, 0x73, 0x73, 0x73, 0x73,
    0x73, 0x73, 0x73, 0x38, 0x38, 0x38, 0x38, 0x38, 0x73, 0x38, 0x38, 0x38, 0x38, 0x38, 0x2F, 0x2F, 0x73, 0x38, 0x38, 0x38, 0x38, 0x38, 0x2F, 0x2F, 0x73, 0x38, 0x38, 0x38, 0x38, 0x2F, 0x2F, 0x2F,
    0x04, 0x04, 0x04, 0x04, 0x11, 0x11, 0x11, 0x73, 0x04, 0x04, 0x11, 0x11, 0x73, 0x73, 0x73, 0x56, 0x11, 0x73, 0x73, 0x73, 0x73, 0x73, 0x73, 0x73, 0x73, 0x38, 0x38, 0x38, 0x38, 0x38, 0x38, 0x38,
    0x2F, 0x2F, 0x2F, 0x2F, 0x2F, 0x2F, 0x2F, 0x38, 0x2F, 0x2F, 0x2F, 0x2F, 0x2F, 0x2F, 0x2F, 0x2F, 0x2F, 0x2F, 0x2F, 0x2F, 0x2F, 0x2F, 0x2F, 0x2F, 0x2F, 0x2F, 0x2F, 0x2F, 0x2F, 0x2F, 0x2F, 0x2F,
    0x73, 0x73, 0x56, 0x56, 0x56, 0x56, 0x56, 0x56, 0x56, 0x56, 0x56, 0x56, 0x56, 0x56, 0x56, 0x56, 0x73, 0x73, 0x73, 0x73, 0x73, 0x73, 0x73, 0x73, 0x38, 0x38, 0x38, 0x38, 0x38, 0x73, 0x65, 0x65,
    0x38, 0x38, 0x38, 0x38, 0x38, 0x73, 0x65, 0x65, 0x2F, 0x38, 0x38, 0x38, 0x38, 0x73, 0x65, 0x65, 0x2F, 0x2F, 0x38, 0x38, 0x38, 0x73, 0x65, 0x65, 0x2F, 0x2F, 0x2F, 0x38, 0x38, 0x38, 0x73, 0x65,
    0x56, 0x56, 0x56, 0x56, 0x73, 0x4E, 0x1B, 0x1B, 0x56, 0x56, 0x56, 0x56, 0x73, 0x3C, 0x1B, 0x1B, 0x73, 0x56, 0x56, 0x56, 0x73, 0x3C, 0x1B, 0x1B, 0x65, 0x73, 0x73, 0x56, 0x73, 0x3C, 0x1B, 0x1B,
    0x65, 0x65, 0x65, 0x73, 0x4E, 0x3C, 0x1B, 0x1B, 0x65, 0x65, 0x65, 0x73, 0x4E, 0x3C, 0x1B, 0x1B, 0x65, 0x65, 0x65, 0x73, 0x4E, 0x3C, 0x1B, 0x1B, 0x65, 0x65, 0x65, 0x73, 0x4E, 0x3C, 0x1B, 0x1B,
    0x1B, 0x3C, 0x3C, 0x4E, 0x4E, 0x4E, 0x73, 0x56, 0x1B, 0x3C, 0x3C, 0x4E, 0x4E, 0x4E, 0x73, 0x56, 0x1B, 0x3C, 0x3C, 0x4E, 0x4E, 0x4E, 0x73, 0x56, 0x1B, 0x3C, 0x3C, 0x4E, 0x4E, 0x4E, 0x73, 0x56,
    0x1B, 0x3C, 0x3C, 0x4E, 0x4E, 0x73, 0x56, 0x56, 0x1B, 0x3C, 0x3C, 0x4E, 0x4E, 0x73, 0x56, 0x56, 0x1B, 0x3C, 0x4E, 0x4E, 0x4E, 0x73, 0x56, 0x56, 0x1B, 0x3C, 0x4E, 0x4E, 0x4E, 0x73, 0x56, 0x56,
    0x73, 0x73, 0x55, 0x51, 0x3D, 0x17, 0x17, 0x17, 0x73, 0x73, 0x55, 0x51, 0x3D, 0x17, 0x17, 0x17, 0x73, 0x73, 0x55, 0x4E, 0x3D, 0x17, 0x17, 0x17, 0x73, 0x73, 0x55, 0x4E, 0x51, 0x17, 0x17, 0x17,
    0x73, 0x73, 0x73, 0x4E, 0x51, 0x3D, 0x17, 0x17, 0x73, 0x73, 0x73, 0x55, 0x51, 0x3D, 0x17, 0x17, 0x73, 0x73, 0x73, 0x55, 0x4E, 0x51, 0x17, 0x17, 0x73, 0x73, 0x73, 0x73, 0x55, 0x4E, 0x3D, 0x17,
    0x3D, 0x0D, 0x05, 0x05, 0x05, 0x05, 0x05, 0x05, 0x3D, 0x0D, 0x05, 0x05, 0x05, 0x05, 0x05, 0x05, 0x3D, 0x0D, 0x05, 0x05, 0x05, 0x05, 0x05, 0x05, 0x3D, 0x0D, 0x05, 0x05, 0x05, 0x05, 0x05, 0x05,
    0x3D, 0x0D, 0x05, 0x05, 0x05, 0x05, 0x05, 0x05, 0x17, 0x0D, 0x05, 0x05, 0x05, 0x05, 0x05, 0x05, 0x17, 0x0D, 0x05, 0x05, 0x05, 0x05, 0x05, 0x05, 0x17, 0x0D, 0x0D, 0x05, 0x05, 0x05, 0x05, 0x05,
    0x05, 0x05, 0x05, 0x05, 0x0D, 0x0D, 0x05, 0x05, 0x05, 0x05, 0x05, 0x0D, 0x3D, 0x3D, 0x3D, 0x0D, 0x05, 0x05, 0x0D, 0x3D, 0x17, 0x17, 0x17, 0x17, 0x05, 0x05, 0x0D, 0x3D, 0x17, 0x17, 0x17, 0x17,
    0x05, 0x05, 0x0D, 0x3D, 0x17, 0x17, 0x17, 0x17, 0x05, 0x05, 0x05, 0x0D, 0x3D, 0x3D, 0x3D, 0x05, 0x05, 0x05, 0x05, 0x05, 0x0D, 0x0D, 0x05, 0x05, 0x05, 0x05, 0x05, 0x05, 0x05, 0x05, 0x05, 0x05,
    0x05, 0x05, 0x05, 0x05, 0x05, 0x05, 0x05, 0x05, 0x05, 0x05, 0x05, 0x05, 0x05, 0x05, 0x05, 0x05, 0x0D, 0x05, 0x05, 0x05, 0x05, 0x05, 0x05, 0x0D, 0x3D, 0x05, 0x05, 0x05, 0x0D, 0x0D, 0x3D, 0x3D,
    0x3D, 0x05, 0x0D, 0x3D, 0x17, 0x17, 0x17, 0x17, 0x3D, 0x3D, 0x17, 0x17, 0x17, 0x17, 0x17, 0x17, 0x0D, 0x3D, 0x17, 0x17, 0x17, 0x17, 0x17, 0x17, 0x05, 0x0D, 0x3D, 0x17, 0x17, 0x17, 0x17, 0x17,
    0x05, 0x05, 0x05, 0x05, 0x05, 0x05, 0x05, 0x05, 0x05, 0x05, 0x05, 0x0D, 0x0D, 0x0D, 0x3D, 0x3D, 0x0D, 0x0D, 0x3D, 0x3D, 0x17, 0x17, 0x17, 0x17, 0x17, 0x17, 0x17, 0x17, 0x17, 0x17, 0x17, 0x17,
    0x17, 0x17, 0x17, 0x17, 0x17, 0x17, 0x17, 0x17, 0x17, 0x17, 0x17, 0x17, 0x17, 0x17, 0x17, 0x17, 0x17, 0x17, 0x17, 0x17, 0x17, 0x17, 0x17, 0x17, 0x17, 0x17, 0x17, 0x17, 0x17, 0x17, 0x17, 0x17,
    0x05, 0x0D, 0x3D, 0x17, 0x51, 0x55, 0x73, 0x73, 0x17, 0x17, 0x17, 0x17, 0x51, 0x55, 0x73, 0x73, 0x17, 0x17, 0x17, 0x3D, 0x51, 0x55, 0x73, 0x73, 0x17, 0x17, 0x17, 0x3D, 0x4E, 0x55, 0x73, 0x73,
    0x17, 0x17, 0x17, 0x51, 0x4E, 0x73, 0x73, 0x73, 0x17, 0x17, 0x3D, 0x51, 0x55, 0x73, 0x73, 0x73, 0x17, 0x17, 0x3D, 0x4E, 0x55, 0x73, 0x73, 0x73, 0x17, 0x3D, 0x51, 0x55, 0x73, 0x73, 0x73, 0x73,
    0x73, 0x73, 0x73, 0x73, 0x73, 0x73, 0x73, 0x73, 0x55, 0x55, 0x55, 0x55, 0x55, 0x55, 0x55, 0x55, 0x55, 0x4F, 0x4F, 0x4F, 0x4F, 0x4F, 0x4F, 0x4F, 0x55, 0x4F, 0x4F, 0x4F, 0x4F, 0x4F, 0x4F, 0x4F,
    0x55, 0x4F, 0x4F, 0x4F, 0x4F, 0x4F, 0x2A, 0x2A, 0x55, 0x4F, 0x4F, 0x4F, 0x4F, 0x2A, 0x2A, 0x2A, 0x55, 0x4F, 0x4F, 0x4F, 0x2A, 0x2A, 0x2A, 0x2A, 0x55, 0x4F, 0x4F, 0x2A, 0x2A, 0x2A, 0x2A, 0x2A,
    0x73, 0x73, 0x73, 0x73, 0x73, 0x73, 0x73, 0x73, 0x55, 0x55, 0x55, 0x55, 0x55, 0x55, 0x55, 0x55, 0x4F, 0x4F, 0x4F, 0x4F, 0x4F, 0x4F, 0x4F, 0x4F, 0x2A, 0x2A, 0x2A, 0x2A, 0x2A, 0x2A, 0x2A, 0x2A,
    0x2A, 0x2A, 0x2A, 0x2A, 0x2A, 0x2A, 0x2A, 0x2A, 0x2A, 0x2A, 0x2A, 0x2A, 0x2A, 0x2A, 0x2A, 0x2A, 0x2A, 0x2A, 0x2A, 0x2A, 0x2A, 0x2A, 0x2A, 0x2A, 0x2A, 0x2A, 0x2A, 0x2A, 0x2A, 0x2A, 0x2A, 0x2A,
    0x73, 0x73, 0x73, 0x73, 0x73, 0x73, 0x73, 0x73, 0x55, 0x55, 0x55, 0x55, 0x55, 0x55, 0x73, 0x73, 0x4F, 0x4F, 0x4F, 0x4F, 0x4F, 0x55, 0x73, 0x73, 0x2A, 0x2A, 0x2A, 0x4F, 0x4F, 0x55, 0x73, 0x73,
    0x2A, 0x2A, 0x4F, 0x4F, 0x4F, 0x55, 0x73, 0x73, 0x2A, 0x2A, 0x4F, 0x4F, 0x4F, 0x55, 0x73, 0x73, 0x2A, 0x4F, 0x4F, 0x4F, 0x4F, 0x55, 0x73, 0x73, 0x4F, 0x4F, 0x4F, 0x4F, 0x4F, 0x55, 0x73, 0x73,
    0x73, 0x73, 0x73, 0x73, 0x73, 0x73, 0x73, 0x73, 0x43, 0x43, 0x43, 0x43, 0x43, 0x43, 0x43, 0x43, 0x43, 0x0D, 0x0D, 0x0D, 0x0D, 0x0D, 0x0D, 0x0D, 0x43, 0x0D, 0x05, 0x05, 0x05, 0x05, 0x0D, 0x0D,
    0x43, 0x0D, 0x05, 0x05, 0x05, 0x05, 0x0D, 0x0D, 0x43, 0x0D, 0x05, 0x05, 0x05, 0x05, 0x0D, 0x0D, 0x43, 0x0D, 0x05, 0x05, 0x05, 0x05, 0x0D, 0x0D, 0x43, 0x0D, 0x05, 0x05, 0x05, 0x05, 0x0D, 0x0D,
    0x73, 0x73, 0x73, 0x73, 0x73, 0x73, 0x73, 0x73, 0x43, 0x73, 0x73, 0x57, 0x57, 0x57, 0x57, 0x57, 0x43, 0x73, 0x73, 0x57, 0x54, 0x54, 0x54, 0x54, 0x43, 0x73, 0x73, 0x57, 0x54, 0x54, 0x54, 0x54,
    0x43, 0x73, 0x73, 0x57, 0x54, 0x2B, 0x2B, 0x2B, 0x43, 0x73, 0x73, 0x57, 0x54, 0x2B, 0x2B, 0x2B, 0x43, 0x73, 0x73, 0x57, 0x54, 0x2B, 0x2B, 0x2B, 0x43, 0x73, 0x73, 0x57, 0x54, 0x2B, 0x2B, 0x2B,
    0x73, 0x73, 0x73, 0x73, 0x73, 0x73, 0x73, 0x6F, 0x57, 0x57, 0x57, 0x57, 0x73, 0x73, 0x73, 0x6F, 0x54, 0x54, 0x54, 0x57, 0x73, 0x73, 0x73, 0x6F, 0x54, 0x54, 0x54, 0x57, 0x73, 0x73, 0x73, 0x6F,
    0x2B, 0x2B, 0x54, 0x57, 0x73, 0x73, 0x73, 0x6F, 0x2B, 0x2B, 0x54, 0x73, 0x73, 0x73, 0x73, 0x6F, 0x2B, 0x2B, 0x54, 0x73, 0x73, 0x73, 0x73, 0x6F, 0x2B, 0x2B, 0x54, 0x73, 0x73, 0x73, 0x73, 0x6F,
    0x6F, 0x73, 0x73, 0x73, 0x73, 0x57, 0x2B, 0x2B, 0x6F, 0x73, 0x73, 0x73, 0x73, 0x57, 0x2B, 0x2B, 0x6F, 0x73, 0x73, 0x73, 0x73, 0x57, 0x54, 0x2B, 0x6F, 0x73, 0x73, 0x73, 0x73, 0x73, 0x54, 0x2B,
    0x6F, 0x73, 0x57, 0x73, 0x73, 0x73, 0x57, 0x2B, 0x6F, 0x73, 0x57, 0x73, 0x73, 0x73, 0x57, 0x54, 0x6F, 0x73, 0x57, 0x73, 0x73, 0x73, 0x73, 0x54, 0x6F, 0x73, 0x73, 0x57, 0x73, 0x73, 0x73, 0x57,
    0x2B, 0x2B, 0x2B, 0x2B, 0x57, 0x73, 0x73, 0x43, 0x2B, 0x2B, 0x2B, 0x2B, 0x57, 0x73, 0x73, 0x43, 0x2B, 0x2B, 0x2B, 0x2B, 0x54, 0x73, 0x73, 0x43, 0x2B, 0x2B, 0x2B, 0x2B, 0x54, 0x57, 0x73, 0x73,
    0x2B, 0x2B, 0x2B, 0x2B, 0x2B, 0x57, 0x73, 0x73, 0x2B, 0x2B, 0x2B, 0x2B, 0x2B, 0x57, 0x73, 0x73, 0x2B, 0x2B, 0x2B, 0x2B, 0x2B, 0x54, 0x73, 0x73, 0x2B, 0x2B, 0x2B, 0x2B, 0x2B, 0x54, 0x57, 0x73,
    0x0D, 0x0D, 0x05, 0x05, 0x05, 0x05, 0x0D, 0x43, 0x0D, 0x0D, 0x05, 0x05, 0x05, 0x05, 0x05, 0x43, 0x0D, 0x0D, 0x05, 0x05, 0x05, 0x05, 0x05, 0x0D, 0x0D, 0x0D, 0x05, 0x05, 0x05, 0x05, 0x05, 0x0D,
    0x0D, 0x0D, 0x05, 0x05, 0x05, 0x05, 0x05, 0x0D, 0x43, 0x0D, 0x05, 0x05, 0x05, 0x05, 0x05, 0x05, 0x43, 0x0D, 0x05, 0x05, 0x05, 0x05, 0x05, 0x05, 0x73, 0x0D, 0x05, 0x05, 0x05, 0x05, 0x05, 0x05,
    0x73, 0x73, 0x55, 0x4F, 0x4F, 0x4F, 0x4F, 0x4F, 0x73, 0x73, 0x55, 0x4F, 0x4F, 0x4F, 0x4F, 0x4F, 0x73, 0x73, 0x55, 0x4F, 0x4F, 0x4F, 0x4F, 0x4F, 0x43, 0x73, 0x73, 0x4F, 0x4F, 0x4F, 0x4F, 0x4F,
    0x43, 0x73, 0x73, 0x55, 0x4F, 0x4F, 0x4F, 0x4F, 0x43, 0x73, 0x73, 0x55, 0x4F, 0x4F, 0x4F, 0x4F, 0x0D, 0x73, 0x73, 0x55, 0x4F, 0x4F, 0x4F, 0x4F, 0x0D, 0x43, 0x73, 0x73, 0x4F, 0x4F, 0x4F, 0x4F,
    0x2A, 0x2A, 0x2A, 0x2A, 0x2A, 0x2A, 0x2A, 0x2A, 0x4F, 0x2A, 0x2A, 0x2A, 0x2A, 0x2A, 0x2A, 0x2A, 0x4F, 0x4F, 0x2A, 0x2A, 0x2A, 0x2A, 0x2A, 0x2A, 0x4F, 0x4F, 0x4F, 0x2A, 0x2A, 0x2A, 0x2A, 0x2A,
    0x4F, 0x4F, 0x4F, 0x4F, 0x2A, 0x2A, 0x2A, 0x2A, 0x4F, 0x4F, 0x4F, 0x4F, 0x4F, 0x2A, 0x2A, 0x2A, 0x4F, 0x4F, 0x4F, 0x4F, 0x4F, 0x4F, 0x4F, 0x2A, 0x4F, 0x4F, 0x4F, 0x4F, 0x4F, 0x4F, 0x4F, 0x4F,
    0x2A, 0x2A, 0x2A, 0x2A, 0x2A, 0x2A, 0x4F, 0x55, 0x2A, 0x2A, 0x2A, 0x2A, 0x2A, 0x2A, 0x4F, 0x4F, 0x2A, 0x2A, 0x2A, 0x2A, 0x2A, 0x2A, 0x2A, 0x4F, 0x2A, 0x2A, 0x2A, 0x2A, 0x2A, 0x2A, 0x2A, 0x4F,
    0x2A, 0x2A, 0x2A, 0x2A, 0x2A, 0x2A, 0x2A, 0x2A, 0x2A, 0x2A, 0x2A, 0x2A, 0x2A, 0x2A, 0x2A, 0x2A, 0x2A, 0x2A, 0x2A, 0x2A, 0x2A, 0x2A, 0x2A, 0x2A, 0x2A, 0x2A, 0x2A, 0x2A, 0x2A, 0x2A, 0x2A, 0x2A,
    0x73, 0x73, 0x73, 0x73, 0x73, 0x55, 0x51, 0x3D, 0x73, 0x73, 0x55, 0x73, 0x73, 0x73, 0x4E, 0x51, 0x55, 0x73, 0x73, 0x55, 0x73, 0x73, 0x73, 0x4E, 0x55, 0x73, 0x73, 0x55, 0x55, 0x73, 0x73, 0x55,
    0x55, 0x73, 0x73, 0x55, 0x4F, 0x55, 0x73, 0x73, 0x4F, 0x73, 0x73, 0x55, 0x4F, 0x4F, 0x73, 0x73, 0x4F, 0x55, 0x73, 0x73, 0x4F, 0x4F, 0x4F, 0x55, 0x2A, 0x55, 0x73, 0x73, 0x55, 0x4F, 0x4F, 0x4F,
    0x17, 0x17, 0x17, 0x17, 0x17, 0x17, 0x17, 0x17, 0x3D, 0x17, 0x17, 0x17, 0x17, 0x17, 0x17, 0x17, 0x51, 0x3D, 0x17, 0x17, 0x17, 0x17, 0x17, 0x17, 0x4E, 0x51, 0x3D, 0x17, 0x17, 0x17, 0x17, 0x17,
    0x73, 0x55, 0x4E, 0x51, 0x3D, 0x17, 0x17, 0x3D, 0x73, 0x73, 0x73, 0x55, 0x51, 0x51, 0x3D, 0x3D, 0x73, 0x73, 0x73, 0x73, 0x55, 0x4E, 0x4E, 0x51, 0x4F, 0x55, 0x73, 0x73, 0x73, 0x73, 0x55, 0x55,
    0x17, 0x17, 0x17, 0x17, 0x3D, 0x0D, 0x05, 0x05, 0x17, 0x17, 0x3D, 0x3D, 0x0D, 0x05, 0x05, 0x05, 0x17, 0x3D, 0x0D, 0x05, 0x05, 0x05, 0x0D, 0x0D, 0x3D, 0x0D, 0x05, 0x05, 0x3D, 0x3D, 0x3D, 0x17,
    0x3D, 0x3D, 0x3D, 0x17, 0x17, 0x17, 0x17, 0x17, 0x17, 0x17, 0x17, 0x17, 0x17, 0x17, 0x17, 0x17, 0x51, 0x3D, 0x3D, 0x3D, 0x3D, 0x3D, 0x3D, 0x3D, 0x4E, 0x4E, 0x4E, 0x51, 0x51, 0x51, 0x51, 0x51,
    0x05, 0x05, 0x05, 0x05, 0x05, 0x05, 0x05, 0x05, 0x05, 0x05, 0x05, 0x05, 0x0D, 0x0D, 0x0D, 0x3D, 0x0D, 0x3D, 0x3D, 0x3D, 0x3D, 0x17, 0x17, 0x17, 0x17, 0x17, 0x17, 0x17, 0x17, 0x17, 0x17, 0x17,
    0x17, 0x17, 0x17, 0x17, 0x17, 0x17, 0x17, 0x17, 0x17, 0x17, 0x17, 0x17, 0x17, 0x17, 0x17, 0x17, 0x3D, 0x3D, 0x3D, 0x3D, 0x3D, 0x3D, 0x3D, 0x51, 0x51, 0x51, 0x51, 0x51, 0x4E, 0x4E, 0x4E, 0x4E,
    0x0D, 0x0D, 0x0D, 0x0D, 0x3D, 0x3D, 0x17, 0x17, 0x3D, 0x3D, 0x17, 0x17, 0x17, 0x17, 0x17, 0x17, 0x17, 0x17, 0x17, 0x17, 0x17, 0x17, 0x3D, 0x51, 0x17, 0x17, 0x17, 0x17, 0x17, 0x3D, 0x4E, 0x55,
    0x17, 0x17, 0x17, 0x3D, 0x51, 0x4E, 0x55, 0x73, 0x3D, 0x3D, 0x51, 0x51, 0x55, 0x73, 0x73, 0x73, 0x51, 0x4E, 0x4E, 0x55, 0x73, 0x73, 0x73, 0x73, 0x55, 0x55, 0x73, 0x73, 0x73, 0x73, 0x55, 0x55,
    0x17, 0x51, 0x55, 0x73, 0x73, 0x73, 0x55, 0x73, 0x51, 0x55, 0x73, 0x73, 0x73, 0x55, 0x55, 0x73, 0x55, 0x73, 0x73, 0x73, 0x55, 0x4F, 0x4F, 0x73, 0x55, 0x73, 0x73, 0x55, 0x4F, 0x4F, 0x4F, 0x55,
    0x73, 0x73, 0x55, 0x4F, 0x4F, 0x4F, 0x4F, 0x55, 0x73, 0x73, 0x4F, 0x4F, 0x4F, 0x4F, 0x4F, 0x55, 0x55, 0x4F, 0x4F, 0x4F, 0x4F, 0x4F, 0x4F, 0x4F, 0x4F, 0x4F, 0x4F, 0x4F, 0x4F, 0x4F, 0x4F, 0x4F,
    0x73, 0x73, 0x73, 0x73, 0x73, 0x73, 0x73, 0x73, 0x73, 0x73, 0x73, 0x73, 0x73, 0x73, 0x73, 0x73, 0x73, 0x73, 0x73, 0x73, 0x73, 0x73, 0x73, 0x73, 0x73, 0x73, 0x73, 0x73, 0x73, 0x73, 0x73, 0x73,
    0x73, 0x73, 0x73, 0x73, 0x73, 0x73, 0x73, 0x73, 0x73, 0x73, 0x73, 0x73, 0x73, 0x73, 0x73, 0x73, 0x55, 0x73, 0x73, 0x73, 0x73, 0x73, 0x73, 0x73, 0x4F, 0x73, 0x73, 0x73, 0x73, 0x73, 0x73, 0x73,
    0x73, 0x5B, 0x5B, 0x5B, 0x5B, 0x32, 0x32, 0x32, 0x73, 0x73, 0x73, 0x73, 0x73, 0x73, 0x73, 0x5B, 0x73, 0x73, 0x73, 0x73, 0x73, 0x73, 0x73, 0x73, 0x73, 0x73, 0x73, 0x73, 0x73, 0x73, 0x73, 0x73,
    0x73, 0x73, 0x73, 0x73, 0x73, 0x73, 0x73, 0x73, 0x73, 0x73, 0x73, 0x73, 0x73, 0x73, 0x73, 0x73, 0x73, 0x73, 0x73, 0x73, 0x73, 0x73, 0x73, 0x73, 0x73, 0x73, 0x73, 0x73, 0x73, 0x73, 0x73, 0x73,
    0x32, 0x32, 0x32, 0x32, 0x10, 0x10, 0x10, 0x10, 0x5B, 0x32, 0x10, 0x10, 0x10, 0x10, 0x10, 0x10, 0x73, 0x73, 0x5B, 0x5B, 0x10, 0x10, 0x10, 0x10, 0x73, 0x73, 0x73, 0x73, 0x73, 0x32, 0x10, 0x10,
    0x73, 0x73, 0x73, 0x73, 0x73, 0x73, 0x73, 0x32, 0x73, 0x73, 0x73, 0x73, 0x73, 0x73, 0x73, 0x73, 0x73, 0x73, 0x73, 0x73, 0x73, 0x73, 0x73, 0x73, 0x73, 0x73, 0x73, 0x73, 0x73, 0x73, 0x73, 0x73,
    0x10, 0x73, 0x73, 0x73, 0x73, 0x73, 0x73, 0x73, 0x32, 0x73, 0x73, 0x73, 0x73, 0x73, 0x73, 0x73, 0x32, 0x73, 0x73, 0x73, 0x73, 0x73, 0x73, 0x73, 0x73, 0x73, 0x73, 0x73, 0x73, 0x73, 0x73, 0x73,
    0x73, 0x73, 0x73, 0x73, 0x73, 0x73, 0x73, 0x73, 0x73, 0x73, 0x73, 0x73, 0x73, 0x73, 0x73, 0x73, 0x73, 0x73, 0x73, 0x73, 0x73, 0x73, 0x73, 0x73, 0x73, 0x73, 0x73, 0x73, 0x73, 0x73, 0x73, 0x73,
    0x73, 0x73, 0x32, 0x10, 0x10, 0x10, 0x10, 0x10, 0x73, 0x32, 0x10, 0x10, 0x10, 0x10, 0x10, 0x32, 0x73, 0x32, 0x10, 0x10, 0x32, 0x32, 0x73, 0x73, 0x32, 0x32, 0x32, 0x73, 0x73, 0x73, 0x73, 0x73,
    0x73, 0x73, 0x73, 0x73, 0x73, 0x73, 0x73, 0x73, 0x73, 0x73, 0x73, 0x73, 0x73, 0x73, 0x73, 0x73, 0x73, 0x73, 0x73, 0x73, 0x73, 0x73, 0x73, 0x73, 0x73, 0x73, 0x73, 0x73, 0x73, 0x73, 0x73, 0x73,
    0x10, 0x10, 0x10, 0x32, 0x32, 0x73, 0x73, 0x73, 0x32, 0x32, 0x73, 0x73, 0x73, 0x73, 0x73, 0x73, 0x73, 0x73, 0x73, 0x73, 0x73, 0x73, 0x73, 0x73, 0x73, 0x73, 0x73, 0x73, 0x73, 0x73, 0x73, 0x73,
    0x73, 0x73, 0x73, 0x73, 0x73, 0x73, 0x73, 0x73, 0x73, 0x73, 0x73, 0x73, 0x73, 0x73, 0x73, 0x73, 0x73, 0x73, 0x73, 0x73, 0x73, 0x73, 0x73, 0x73, 0x73, 0x73, 0x73, 0x73, 0x73, 0x73, 0x73, 0x73,
    0x73, 0x73, 0x73, 0x73, 0x73, 0x32, 0x32, 0x32, 0x73, 0x73, 0x73, 0x73, 0x73, 0x73, 0x73, 0x73, 0x73, 0x73, 0x73, 0x73, 0x73, 0x73, 0x73, 0x73, 0x73, 0x73, 0x73, 0x73, 0x73, 0x73, 0x73, 0x73,
    0x73, 0x73, 0x73, 0x73, 0x73, 0x73, 0x73, 0x73, 0x73, 0x73, 0x73, 0x73, 0x73, 0x73, 0x73, 0x73, 0x73, 0x73, 0x73, 0x73, 0x73, 0x73, 0x73, 0x73, 0x73, 0x73, 0x73, 0x73, 0x73, 0x73, 0x73, 0x73,
    0x32, 0x10, 0x10, 0x10, 0x10, 0x10, 0x10, 0x10, 0x73, 0x73, 0x73, 0x73, 0x32, 0x32, 0x10, 0x10, 0x73, 0x73, 0x73, 0x73, 0x73, 0x73, 0x73, 0x73, 0x73, 0x73, 0x73, 0x73, 0x73, 0x73, 0x73, 0x73,
    0x73, 0x73, 0x73, 0x73, 0x73, 0x73, 0x73, 0x73, 0x73, 0x73, 0x73, 0x73, 0x73, 0x73, 0x73, 0x73, 0x73, 0x73, 0x73, 0x73, 0x73, 0x73, 0x73, 0x73, 0x73, 0x73, 0x73, 0x73, 0x73, 0x73, 0x73, 0x73,
    0x10, 0x10, 0x10, 0x10, 0x10, 0x10, 0x10, 0x10, 0x10, 0x10, 0x10, 0x10, 0x10, 0x10, 0x10, 0x10, 0x32, 0x10, 0x10, 0x10, 0x10, 0x10, 0x10, 0x10, 0x73, 0x73, 0x32, 0x10, 0x10, 0x10, 0x10, 0x10,
    0x73, 0x73, 0x73, 0x73, 0x32, 0x10, 0x10, 0x10, 0x73, 0x73, 0x73, 0x73, 0x73, 0x73, 0x32, 0x10, 0x73, 0x73, 0x73, 0x73, 0x73, 0x73, 0x73, 0x73, 0x73, 0x73, 0x73, 0x73, 0x73, 0x73, 0x73, 0x73,
    0x10, 0x10, 0x32, 0x32, 0x32, 0x32, 0x32, 0x32, 0x10, 0x10, 0x10, 0x10, 0x32, 0x32, 0x32, 0x73, 0x10, 0x10, 0x10, 0x10, 0x32, 0x73, 0x73, 0x4E, 0x10, 0x10, 0x10, 0x10, 0x73, 0x4E, 0x01, 0x01,
    0x10, 0x10, 0x10, 0x10, 0x73, 0x4E, 0x01, 0x01, 0x10, 0x10, 0x10, 0x10, 0x73, 0x4E, 0x01, 0x01, 0x32, 0x10, 0x10, 0x10, 0x32, 0x73, 0x73, 0x4E, 0x73, 0x32, 0x10, 0x10, 0x10, 0x10, 0x32, 0x73,
    0x73, 0x73, 0x73, 0x73, 0x73, 0x73, 0x73, 0x73, 0x73, 0x73, 0x4E, 0x01, 0x01, 0x01, 0x01, 0x4E, 0x01, 0x01, 0x01, 0x01, 0x01, 0x01, 0x01, 0x01, 0x01, 0x01, 0x01, 0x01, 0x01, 0x01, 0x01, 0x01,
    0x01, 0x01, 0x01, 0x01, 0x01, 0x01, 0x01, 0x4E, 0x01, 0x01, 0x01, 0x01, 0x4E, 0x73, 0x73, 0x73, 0x01, 0x4E, 0x73, 0x73, 0x73, 0x32, 0x32, 0x10, 0x73, 0x73, 0x32, 0x32, 0x10, 0x10, 0x10, 0x10,
    0x73, 0x73, 0x73, 0x73, 0x73, 0x73, 0x73, 0x73, 0x73, 0x73, 0x73, 0x73, 0x73, 0x73, 0x73, 0x73, 0x01, 0x01, 0x01, 0x01, 0x01, 0x4E, 0x4E, 0x73, 0x01, 0x01, 0x01, 0x4E, 0x73, 0x73, 0x73, 0x32,
    0x73, 0x73, 0x73, 0x73, 0x32, 0x32, 0x10, 0x10, 0x32, 0x32, 0x10, 0x10, 0x10, 0x10, 0x10, 0x10, 0x10, 0x10, 0x10, 0x10, 0x10, 0x10, 0x10, 0x10, 0x10, 0x10, 0x10, 0x10, 0x10, 0x10, 0x10, 0x10,
    0x73, 0x73, 0x73, 0x73, 0x73, 0x73, 0x73, 0x73, 0x73, 0x73, 0x73, 0x73, 0x73, 0x73, 0x73, 0x73, 0x73, 0x73, 0x73, 0x32, 0x32, 0x32, 0x32, 0x32, 0x32, 0x10, 0x10, 0x10, 0x10, 0x10, 0x10, 0x10,
    0x10, 0x10, 0x10, 0x10, 0x10, 0x10, 0x10, 0x10, 0x10, 0x10, 0x10, 0x10, 0x10, 0x10, 0x10, 0x10, 0x10, 0x10, 0x10, 0x10, 0x10, 0x10, 0x10, 0x0D, 0x10, 0x10, 0x10, 0x10, 0x10, 0x0D, 0x0D, 0x0D,
    0x73, 0x73, 0x73, 0x73, 0x73, 0x73, 0x73, 0x73, 0x73, 0x73, 0x73, 0x73, 0x73, 0x73, 0x73, 0x73, 0x32, 0x32, 0x32, 0x32, 0x32, 0x32, 0x32, 0x10, 0x10, 0x10, 0x10, 0x10, 0x10, 0x10, 0x10, 0x0D,
    0x10, 0x10, 0x10, 0x10, 0x10, 0x0D, 0x0D, 0x0D, 0x10, 0x10, 0x0D, 0x0D, 0x0D, 0x0D, 0x0D, 0x0D, 0x0D, 0x0D, 0x0D, 0x0D, 0x0D, 0x0D, 0x0D, 0x0D, 0x0D, 0x0D, 0x0D, 0x0D, 0x0D, 0x0D, 0x0D, 0x0D,
    0x73, 0x73, 0x73, 0x73, 0x73, 0x73, 0x73, 0x73, 0x73, 0x73, 0x73, 0x73, 0x73, 0x73, 0x73, 0x73, 0x10, 0x10, 0x0D, 0x0D, 0x0D, 0x0D, 0x0D, 0x0D, 0x0D, 0x0D, 0x0D, 0x0D, 0x0D, 0x0D, 0x0D, 0x0D,
    0x0D, 0x0D, 0x0D, 0x0D, 0x0D, 0x0D, 0x0D, 0x0D, 0x0D, 0x0D, 0x0D, 0x0D, 0x0D, 0x0D, 0x0D, 0x0D, 0x0D, 0x0D, 0x0D, 0x0D, 0x0D, 0x0D, 0x0D, 0x0D, 0x0D, 0x0D, 0x0D, 0x0D, 0x0D, 0x0D, 0x0D, 0x0C,
    0x73, 0x73, 0x73, 0x73, 0x73, 0x73, 0x73, 0x73, 0x73, 0x73, 0x73, 0x73, 0x73, 0x73, 0x73, 0x73, 0x0D, 0x0D, 0x0D, 0x0D, 0x0D, 0x0D, 0x0D, 0x0D, 0x0D, 0x0D, 0x0D, 0x0D, 0x0D, 0x0D, 0x0D, 0x0D,
    0x0D, 0x0D, 0x0D, 0x0D, 0x0D, 0x0D, 0x0D, 0x0C, 0x0D, 0x0D, 0x0D, 0x0D, 0x0D, 0x0C, 0x0C, 0x0C, 0x0D, 0x0D, 0x0C, 0x0C, 0x0C, 0x0C, 0x0C, 0x0C, 0x0C, 0x0C, 0x0C, 0x0C, 0x0C, 0x0C, 0x0C, 0x0C,
    0x73, 0x73, 0x73, 0x73, 0x73, 0x73, 0x73, 0x73, 0x73, 0x73, 0x73, 0x10, 0x10, 0x10, 0x10, 0x10, 0x0D, 0x0D, 0x0D, 0x0D, 0x0D, 0x0C, 0x0C, 0x0C, 0x0D, 0x0D, 0x0C, 0x0C, 0x0C, 0x0C, 0x0C, 0x0C,
    0x0C, 0x0C, 0x0C, 0x0C, 0x10, 0x73, 0x73, 0x73, 0x0C, 0x0C, 0x0C, 0x10, 0x73, 0x4E, 0x4E, 0x4E, 0x0C, 0x0C, 0x0C, 0x73, 0x4E, 0x01, 0x01, 0x01, 0x0C, 0x0C, 0x10, 0x73, 0x01, 0x01, 0x01, 0x01,
    0x73, 0x73, 0x73, 0x73, 0x10, 0x10, 0x10, 0x0C, 0x10, 0x10, 0x0C, 0x0C, 0x0C, 0x0C, 0x0C, 0x0C, 0x0C, 0x0C, 0x0C, 0x0C, 0x0C, 0x0C, 0x0C, 0x0C, 0x0C, 0x0C, 0x0C, 0x0C, 0x0C, 0x0C, 0x0C, 0x0C,
    0x10, 0x0C, 0x0C, 0x10, 0x10, 0x10, 0x0C, 0x0C, 0x73, 0x10, 0x10, 0x73, 0x73, 0x73, 0x10, 0x0C, 0x73, 0x10, 0x73, 0x4E, 0x4E, 0x4E, 0x73, 0x10, 0x4E, 0x73, 0x4E, 0x01, 0x01, 0x01, 0x4E, 0x73,
    0x0C, 0x0C, 0x0C, 0x0C, 0x0C, 0x0C, 0x0C, 0x0C, 0x0C, 0x0C, 0x0C, 0x0C, 0x0C, 0x0C, 0x0C, 0x0C, 0x0C, 0x0C, 0x0C, 0x0C, 0x0C, 0x0C, 0x0C, 0x0C, 0x0C, 0x0C, 0x0C, 0x0C, 0x0C, 0x0C, 0x0C, 0x0C,
    0x0C, 0x0C, 0x0C, 0x0C, 0x0C, 0x0C, 0x0C, 0x0C, 0x0C, 0x0C, 0x0C, 0x0C, 0x0C, 0x10, 0x10, 0x10, 0x10, 0x10, 0x10, 0x10, 0x73, 0x73, 0x73, 0x73, 0x73, 0x73, 0x73, 0x73, 0x4E, 0x01, 0x01, 0x01,
    0x0C, 0x0C, 0x0C, 0x0C, 0x0C, 0x0C, 0x0C, 0x0C, 0x0C, 0x0C, 0x0C, 0x0C, 0x0C, 0x0C, 0x0C, 0x0C, 0x0C, 0x0C, 0x0C, 0x0C, 0x0C, 0x0C, 0x0C, 0x0C, 0x0C, 0x0C, 0x0C, 0x0C, 0x0C, 0x0C, 0x0C, 0x04,
    0x0C, 0x0C, 0x0C, 0x0C, 0x04, 0x04, 0x04, 0x04, 0x10, 0x10, 0x10, 0x04, 0x04, 0x04, 0x04, 0x04, 0x73, 0x73, 0x73, 0x73, 0x10, 0x04, 0x04, 0x04, 0x01, 0x01, 0x01, 0x4E, 0x73, 0x73, 0x10, 0x04,
    0x0C, 0x0C, 0x0C, 0x0C, 0x0C, 0x0C, 0x0C, 0x0C, 0x0C, 0x0C, 0x0C, 0x0C, 0x0C, 0x04, 0x04, 0x04, 0x0C, 0x0C, 0x04, 0x04, 0x04, 0x04, 0x04, 0x04, 0x04, 0x04, 0x04, 0x04, 0x04, 0x04, 0x04, 0x04,
    0x04, 0x04, 0x04, 0x04, 0x04, 0x04, 0x04, 0x04, 0x04, 0x04, 0x04, 0x04, 0x04, 0x04, 0x04, 0x04, 0x04, 0x04, 0x04, 0x04, 0x04, 0x04, 0x04, 0x04, 0x04, 0x04, 0x04, 0x04, 0x04, 0x04, 0x04, 0x04,
    0x04, 0x04, 0x04, 0x04, 0x04, 0x04, 0x04, 0x04, 0x04, 0x04, 0x04, 0x04, 0x04, 0x04, 0x04, 0x04, 0x04, 0x04, 0x04, 0x04, 0x04, 0x04, 0x04, 0x04, 0x04, 0x04, 0x04, 0x04, 0x04, 0x04, 0x04, 0x04,
    0x04, 0x04, 0x04, 0x04, 0x04, 0x04, 0x04, 0x04, 0x04, 0x04, 0x04, 0x04, 0x04, 0x04, 0x04, 0x04, 0x04, 0x04, 0x04, 0x04, 0x04, 0x04, 0x04, 0x04, 0x04, 0x04, 0x04, 0x04, 0x04, 0x04, 0x04, 0x04,
    0x04, 0x04, 0x04, 0x04, 0x04, 0x04, 0x04, 0x04, 0x04, 0x04, 0x04, 0x04, 0x04, 0x04, 0x04, 0x04, 0x04, 0x04, 0x04, 0x04, 0x04, 0x04, 0x04, 0x04, 0x04, 0x04, 0x04, 0x04, 0x04, 0x04, 0x04, 0x04,
    0x04, 0x04, 0x04, 0x04, 0x04, 0x04, 0x04, 0x04, 0x04, 0x04, 0x04, 0x04, 0x04, 0x04, 0x04, 0x04, 0x04, 0x04, 0x04, 0x04, 0x04, 0x04, 0x04, 0x04, 0x04, 0x04, 0x04, 0x04, 0x04, 0x04, 0x04, 0x04,
    0x04, 0x04, 0x04, 0x04, 0x04, 0x04, 0x04, 0x04, 0x04, 0x04, 0x04, 0x04, 0x04, 0x04, 0x04, 0x04, 0x04, 0x04, 0x04, 0x04, 0x04, 0x04, 0x04, 0x04, 0x04, 0x04, 0x04, 0x04, 0x04, 0x04, 0x04, 0x04,
    0x04, 0x04, 0x04, 0x04, 0x04, 0x04, 0x04, 0x04, 0x04, 0x04, 0x04, 0x04, 0x04, 0x04, 0x04, 0x04, 0x04, 0x04, 0x04, 0x04, 0x04, 0x04, 0x04, 0x04, 0x04, 0x04, 0x04, 0x04, 0x04, 0x04, 0x04, 0x04,
    0x04, 0x11, 0x11, 0x11, 0x73, 0x73, 0x66, 0x37, 0x04, 0x04, 0x04, 0x11, 0x11, 0x11, 0x73, 0x73, 0x04, 0x04, 0x04, 0x04, 0x11, 0x11, 0x11, 0x11, 0x04, 0x04, 0x04, 0x11, 0x11, 0x73, 0x73, 0x73,
    0x04, 0x11, 0x73, 0x73, 0x73, 0x65, 0x65, 0x73, 0x11, 0x73, 0x65, 0x65, 0x65, 0x65, 0x65, 0x73, 0x11, 0x73, 0x65, 0x65, 0x65, 0x65, 0x73, 0x73, 0x04, 0x73, 0x73, 0x65, 0x65, 0x65, 0x65, 0x65,
    0x37, 0x66, 0x73, 0x66, 0x37, 0x37, 0x2E, 0x0A, 0x66, 0x37, 0x37, 0x73, 0x66, 0x37, 0x2E, 0x2E, 0x73, 0x73, 0x66, 0x66, 0x73, 0x73, 0x37, 0x2E, 0x73, 0x73, 0x73, 0x73, 0x66, 0x66, 0x73, 0x66,
    0x73, 0x73, 0x73, 0x73, 0x73, 0x73, 0x73, 0x73, 0x73, 0x73, 0x73, 0x73, 0x73, 0x73, 0x73, 0x73, 0x73, 0x73, 0x73, 0x73, 0x73, 0x73, 0x73, 0x73, 0x73, 0x73, 0x73, 0x73, 0x73, 0x73, 0x73, 0x73,
    0x0A, 0x0A, 0x0A, 0x0A, 0x0A, 0x0A, 0x0A, 0x0A, 0x0A, 0x0A, 0x0A, 0x2E, 0x2E, 0x2E, 0x0A, 0x0A, 0x2E, 0x2E, 0x2E, 0x37, 0x2E, 0x2E, 0x0A, 0x0A, 0x37, 0x37, 0x37, 0x37, 0x2E, 0x2E, 0x2E, 0x0A,
    0x66, 0x66, 0x37, 0x37, 0x37, 0x2E, 0x2E, 0x2E, 0x73, 0x66, 0x66, 0x37, 0x37, 0x37, 0x2E, 0x2E, 0x73, 0x73, 0x73, 0x66, 0x37, 0x37, 0x37, 0x2E, 0x73, 0x73, 0x73, 0x73, 0x73, 0x66, 0x37, 0x37,
    0x0A, 0x0A, 0x0A, 0x0A, 0x2E, 0x2E, 0x2E, 0x37, 0x0A, 0x0A, 0x0A, 0x0A, 0x0A, 0x0A, 0x2E, 0x2E, 0x0A, 0x0A, 0x0A, 0x0A, 0x0A, 0x0A, 0x0A, 0x2E, 0x0A, 0x0A, 0x0A, 0x0A, 0x0A, 0x0A, 0x0A, 0x0A,
    0x0A, 0x0A, 0x0A, 0x0A, 0x0A, 0x0A, 0x0A, 0x0A, 0x2E, 0x0A, 0x0A, 0x0A, 0x0A, 0x0A, 0x0A, 0x0A, 0x2E, 0x2E, 0x0A, 0x0A, 0x0A, 0x0A, 0x0A, 0x0A, 0x2E, 0x2E, 0x2E, 0x0A, 0x0A, 0x0A, 0x0A, 0x0A,
    0x66, 0x73, 0x73, 0x73, 0x73, 0x73, 0x73, 0x73, 0x37, 0x66, 0x73, 0x73, 0x73, 0x73, 0x73, 0x73, 0x2E, 0x2E, 0x37, 0x37, 0x73, 0x73, 0x73, 0x73, 0x0A, 0x2E, 0x2E, 0x37, 0x37, 0x66, 0x73, 0x73,
    0x0A, 0x0A, 0x2E, 0x2E, 0x37, 0x37, 0x37, 0x73, 0x0A, 0x0A, 0x0A, 0x2E, 0x2E, 0x37, 0x37, 0x66, 0x0A, 0x0A, 0x0A, 0x0A, 0x2E, 0x2E, 0x37, 0x37, 0x0A, 0x0A, 0x0A, 0x0A, 0x0A, 0x2E, 0x37, 0x37,
    0x73, 0x38, 0x38, 0x38, 0x38, 0x2F, 0x2F, 0x2F, 0x73, 0x38, 0x38, 0x38, 0x38, 0x2F, 0x2F, 0x2F, 0x73, 0x38, 0x38, 0x38, 0x38, 0x2F, 0x2F, 0x2F, 0x73, 0x38, 0x38, 0x38, 0x38, 0x38, 0x2F, 0x2F,
    0x73, 0x73, 0x73, 0x38, 0x38, 0x38, 0x2F, 0x2F, 0x66, 0x73, 0x73, 0x73, 0x73, 0x38, 0x2F, 0x2F, 0x66, 0x73, 0x73, 0x73, 0x73, 0x73, 0x73, 0x38, 0x66, 0x73, 0x73, 0x73, 0x73, 0x73, 0x73, 0x73,
    0x2F, 0x2F, 0x2F, 0x2F, 0x2F, 0x2F, 0x2F, 0x2F, 0x2F, 0x2F, 0x2F, 0x2F, 0x2F, 0x2F, 0x2F, 0x2F, 0x2F, 0x2F, 0x2F, 0x2F, 0x2F, 0x2F, 0x2F, 0x2F, 0x2F, 0x2F, 0x2F, 0x2F, 0x2F, 0x2F, 0x2F, 0x2F,
    0x2F, 0x2F, 0x2F, 0x2F, 0x2F, 0x2F, 0x2F, 0x2F, 0x2F, 0x2F, 0x2F, 0x2F, 0x2F, 0x2F, 0x2F, 0x2F, 0x2F, 0x2F, 0x2F, 0x2F, 0x2F, 0x2F, 0x2F, 0x2F, 0x38, 0x2F, 0x2F, 0x2F, 0x2F, 0x2F, 0x2F, 0x2F,
    0x2F, 0x2F, 0x2F, 0x2F, 0x38, 0x38, 0x73, 0x65, 0x2F, 0x2F, 0x2F, 0x2F, 0x38, 0x38, 0x73, 0x65, 0x2F, 0x2F, 0x2F, 0x2F, 0x38, 0x38, 0x73, 0x65, 0x2F, 0x2F, 0x2F, 0x2F, 0x2F, 0x38, 0x38, 0x73,
    0x2F, 0x2F, 0x2F, 0x2F, 0x2F, 0x38, 0x38, 0x73, 0x2F, 0x2F, 0x2F, 0x2F, 0x2F, 0x38, 0x38, 0x38, 0x2F, 0x2F, 0x2F, 0x2F, 0x2F, 0x2F, 0x38, 0x38, 0x2F, 0x2F, 0x2F, 0x2F, 0x2F, 0x2F, 0x38, 0x38,
    0x65, 0x65, 0x65, 0x73, 0x4E, 0x3C, 0x1B, 0x1B, 0x65, 0x65, 0x65, 0x73, 0x4E, 0x3C, 0x1B, 0x1B, 0x65, 0x65, 0x65, 0x73, 0x4E, 0x3C, 0x1B, 0x1B, 0x65, 0x65, 0x65, 0x73, 0x4E, 0x3C, 0x1B, 0x1B,
    0x65, 0x65, 0x65, 0x73, 0x4E, 0x3C, 0x1B, 0x1B, 0x73, 0x65, 0x65, 0x73, 0x4E, 0x3C, 0x1B, 0x1B, 0x38, 0x73, 0x65, 0x73, 0x4E, 0x3C, 0x1B, 0x1B, 0x38, 0x38, 0x73, 0x73, 0x4E, 0x3C, 0x1B, 0x1B,
    0x1B, 0x3C, 0x4E, 0x4E, 0x4E, 0x73, 0x56, 0x73, 0x1B, 0x3C, 0x4E, 0x4E, 0x4E, 0x73, 0x56, 0x73, 0x1B, 0x3C, 0x4E, 0x4E, 0x4E, 0x73, 0x56, 0x73, 0x1B, 0x3C, 0x4E, 0x4E, 0x4E, 0x73, 0x73, 0x73,
    0x1B, 0x3C, 0x4E, 0x4E, 0x4E, 0x73, 0x73, 0x73, 0x1B, 0x3C, 0x4E, 0x4E, 0x4E, 0x73, 0x73, 0x73, 0x1B, 0x3C, 0x4E, 0x4E, 0x4E, 0x73, 0x73, 0x55, 0x1B, 0x3C, 0x4E, 0x4E, 0x4E, 0x73, 0x73, 0x4F,
    0x73, 0x55, 0x73, 0x73, 0x73, 0x55, 0x51, 0x17, 0x73, 0x55, 0x55, 0x73, 0x73, 0x73, 0x55, 0x51, 0x73, 0x4F, 0x4F, 0x55, 0x73, 0x73, 0x73, 0x55, 0x55, 0x4F, 0x4F, 0x4F, 0x55, 0x73, 0x73, 0x55,
    0x55, 0x4F, 0x4F, 0x4F, 0x4F, 0x55, 0x73, 0x73, 0x4F, 0x4F, 0x4F, 0x4F, 0x4F, 0x4F, 0x73, 0x73, 0x4F, 0x4F, 0x4F, 0x4F, 0x4F, 0x4F, 0x4F, 0x55, 0x4F, 0x4F, 0x4F, 0x4F, 0x4F, 0x4F, 0x4F, 0x4F,
    0x17, 0x17, 0x3D, 0x3D, 0x0D, 0x0D, 0x0D, 0x0D, 0x17, 0x17, 0x17, 0x17, 0x17, 0x17, 0x3D, 0x3D, 0x51, 0x3D, 0x17, 0x17, 0x17, 0x17, 0x17, 0x17, 0x55, 0x4E, 0x3D, 0x17, 0x17, 0x17, 0x17, 0x17,
    0x73, 0x55, 0x4E, 0x51, 0x3D, 0x17, 0x17, 0x17, 0x73, 0x73, 0x73, 0x55, 0x51, 0x51, 0x3D, 0x3D, 0x73, 0x73, 0x73, 0x73, 0x55, 0x4E, 0x4E, 0x51, 0x55, 0x55, 0x73, 0x73, 0x73, 0x73, 0x55, 0x55,
    0x05, 0x05, 0x05, 0x05, 0x05, 0x05, 0x05, 0x05, 0x3D, 0x0D, 0x0D, 0x0D, 0x05, 0x05, 0x05, 0x05, 0x17, 0x17, 0x17, 0x3D, 0x3D, 0x3D, 0x3D, 0x0D, 0x17, 0x17, 0x17, 0x17, 0x17, 0x17, 0x17, 0x17,
    0x17, 0x17, 0x17, 0x17, 0x17, 0x17, 0x17, 0x17, 0x17, 0x17, 0x17, 0x17, 0x17, 0x17, 0x17, 0x17, 0x51, 0x3D, 0x3D, 0x3D, 0x3D, 0x3D, 0x3D, 0x3D, 0x4E, 0x4E, 0x4E, 0x4E, 0x51, 0x51, 0x51, 0x51,
    0x05, 0x05, 0x0D, 0x3D, 0x17, 0x17, 0x17, 0x17, 0x05, 0x05, 0x05, 0x0D, 0x3D, 0x3D, 0x17, 0x17, 0x0D, 0x0D, 0x05, 0x05, 0x05, 0x0D, 0x3D, 0x17, 0x17, 0x3D, 0x3D, 0x3D, 0x05, 0x05, 0x0D, 0x3D,
    0x17, 0x17, 0x17, 0x17, 0x17, 0x3D, 0x3D, 0x3D, 0x17, 0x17, 0x17, 0x17, 0x17, 0x17, 0x17, 0x17, 0x3D, 0x3D, 0x3D, 0x3D, 0x3D, 0x3D, 0x3D, 0x51, 0x51, 0x51, 0x51, 0x51, 0x51, 0x4E, 0x4E, 0x4E,
    0x17, 0x17, 0x17, 0x17, 0x17, 0x17, 0x17, 0x17, 0x17, 0x17, 0x17, 0x17, 0x17, 0x17, 0x17, 0x3D, 0x17, 0x17, 0x17, 0x17, 0x17, 0x17, 0x3D, 0x51, 0x17, 0x17, 0x17, 0x17, 0x17, 0x3D, 0x51, 0x4E,
    0x3D, 0x17, 0x17, 0x3D, 0x51, 0x4E, 0x55, 0x73, 0x3D, 0x3D, 0x51, 0x51, 0x55, 0x73, 0x73, 0x73, 0x51, 0x4E, 0x4E, 0x55, 0x73, 0x73, 0x73, 0x73, 0x55, 0x55, 0x73, 0x73, 0x73, 0x73, 0x55, 0x4F,
    0x3D, 0x51, 0x55, 0x73, 0x73, 0x73, 0x73, 0x73, 0x51, 0x4E, 0x73, 0x73, 0x73, 0x55, 0x73, 0x73, 0x4E, 0x73, 0x73, 0x73, 0x55, 0x73, 0x73, 0x55, 0x55, 0x73, 0x73, 0x55, 0x55, 0x73, 0x73, 0x55,
    0x73, 0x73, 0x55, 0x4F, 0x55, 0x73, 0x73, 0x55, 0x73, 0x73, 0x4F, 0x4F, 0x55, 0x73, 0x73, 0x4F, 0x55, 0x4F, 0x4F, 0x4F, 0x73, 0x73, 0x55, 0x4F, 0x4F, 0x4F, 0x4F, 0x55, 0x73, 0x73, 0x55, 0x2A,
    0x55, 0x4F, 0x2A, 0x2A, 0x2A, 0x2A, 0x2A, 0x2A, 0x4F, 0x4F, 0x2A, 0x2A, 0x2A, 0x2A, 0x2A, 0x2A, 0x4F, 0x2A, 0x2A, 0x2A, 0x2A, 0x2A, 0x2A, 0x2A, 0x4F, 0x2A, 0x2A, 0x2A, 0x2A, 0x2A, 0x2A, 0x2A,
    0x2A, 0x2A, 0x2A, 0x2A, 0x2A, 0x2A, 0x2A, 0x2A, 0x2A, 0x2A, 0x2A, 0x2A, 0x2A, 0x2A, 0x2A, 0x2A, 0x2A, 0x2A, 0x2A, 0x2A, 0x2A, 0x2A, 0x2A, 0x2A, 0x2A, 0x2A, 0x2A, 0x2A, 0x2A, 0x2A, 0x2A, 0x2A,
    0x2A, 0x2A, 0x2A, 0x2A, 0x2A, 0x2A, 0x2A, 0x2A, 0x2A, 0x2A, 0x2A, 0x2A, 0x2A, 0x2A, 0x2A, 0x4F, 0x2A, 0x2A, 0x2A, 0x2A, 0x2A, 0x2A, 0x4F, 0x4F, 0x2A, 0x2A, 0x2A, 0x2A, 0x2A, 0x4F, 0x4F, 0x4F,
    0x2A, 0x2A, 0x2A, 0x2A, 0x4F, 0x4F, 0x4F, 0x4F, 0x2A, 0x2A, 0x2A, 0x4F, 0x4F, 0x4F, 0x4F, 0x4F, 0x2A, 0x4F, 0x4F, 0x4F, 0x4F, 0x4F, 0x4F, 0x4F, 0x4F, 0x4F, 0x4F, 0x4F, 0x4F, 0x4F, 0x4F, 0x4F,
    0x4F, 0x4F, 0x4F, 0x4F, 0x4F, 0x55, 0x73, 0x73, 0x4F, 0x4F, 0x4F, 0x4F, 0x4F, 0x55, 0x73, 0x73, 0x4F, 0x4F, 0x4F, 0x4F, 0x4F, 0x55, 0x73, 0x73, 0x4F, 0x4F, 0x4F, 0x4F, 0x4F, 0x73, 0x73, 0x43,
    0x4F, 0x4F, 0x4F, 0x4F, 0x55, 0x73, 0x73, 0x43, 0x4F, 0x4F, 0x4F, 0x4F, 0x55, 0x73, 0x73, 0x43, 0x4F, 0x4F, 0x4F, 0x4F, 0x55, 0x73, 0x73, 0x0D, 0x4F, 0x4F, 0x4F, 0x4F, 0x73, 0x73, 0x43, 0x0D,
    0x43, 0x0D, 0x05, 0x05, 0x05, 0x05, 0x0D, 0x0D, 0x43, 0x05, 0x05, 0x05, 0x05, 0x05, 0x0D, 0x0D, 0x0D, 0x05, 0x05, 0x05, 0x05, 0x05, 0x0D, 0x0D, 0x0D, 0x05, 0x05, 0x05, 0x05, 0x05, 0x0D, 0x0D,
    0x0D, 0x05, 0x05, 0x05, 0x05, 0x05, 0x0D, 0x0D, 0x05, 0x05, 0x05, 0x05, 0x05, 0x05, 0x0D, 0x43, 0x05, 0x05, 0x05, 0x05, 0x05, 0x05, 0x0D, 0x43, 0x05, 0x05, 0x05, 0x05, 0x05, 0x05, 0x0D, 0x73,
    0x43, 0x73, 0x73, 0x57, 0x2B, 0x2B, 0x2B, 0x2B, 0x43, 0x73, 0x73, 0x57, 0x2B, 0x2B, 0x2B, 0x2B, 0x43, 0x73, 0x73, 0x54, 0x2B, 0x2B, 0x2B, 0x2B, 0x73, 0x73, 0x57, 0x54, 0x2B, 0x2B, 0x2B, 0x2B,
    0x73, 0x73, 0x57, 0x2B, 0x2B, 0x2B, 0x2B, 0x2B, 0x73, 0x73, 0x57, 0x2B, 0x2B, 0x2B, 0x2B, 0x2B, 0x73, 0x73, 0x54, 0x2B, 0x2B, 0x2B, 0x2B, 0x2B, 0x73, 0x57, 0x54, 0x2B, 0x2B, 0x2B, 0x2B, 0x2B,
    0x2B, 0x2B, 0x57, 0x73, 0x73, 0x73, 0x73, 0x6F, 0x2B, 0x2B, 0x57, 0x73, 0x73, 0x73, 0x73, 0x6F, 0x2B, 0x54, 0x57, 0x73, 0x73, 0x73, 0x73, 0x6F, 0x2B, 0x54, 0x73, 0x73, 0x73, 0x73, 0x73, 0x6F,
    0x2B, 0x57, 0x73, 0x73, 0x73, 0x57, 0x73, 0x6F, 0x54, 0x57, 0x73, 0x73, 0x73, 0x57, 0x73, 0x6F, 0x54, 0x73, 0x73, 0x73, 0x73, 0x57, 0x73, 0x6F, 0x57, 0x73, 0x73, 0x73, 0x57, 0x73, 0x73, 0x6F,
    0x6F, 0x73, 0x73, 0x57, 0x73, 0x73, 0x73, 0x57, 0x6F, 0x73, 0x73, 0x57, 0x73, 0x73, 0x73, 0x57, 0x6F, 0x73, 0x73, 0x57, 0x73, 0x73, 0x73, 0x73, 0x6F, 0x73, 0x73, 0x73, 0x57, 0x73, 0x73, 0x73,
    0x6F, 0x73, 0x73, 0x73, 0x57, 0x73, 0x73, 0x73, 0x6F, 0x73, 0x73, 0x73, 0x57, 0x73, 0x73, 0x73, 0x6F, 0x73, 0x73, 0x73, 0x73, 0x57, 0x73, 0x73, 0x6F, 0x73, 0x73, 0x73, 0x73, 0x57, 0x73, 0x73,
    0x2B, 0x2B, 0x2B, 0x2B, 0x2B, 0x2B, 0x57, 0x73, 0x54, 0x2B, 0x2B, 0x2B, 0x2B, 0x2B, 0x57, 0x73, 0x54, 0x2B, 0x2B, 0x2B, 0x2B, 0x2B, 0x54, 0x73, 0x57, 0x2B, 0x2B, 0x2B, 0x2B, 0x2B, 0x54, 0x57,
    0x57, 0x2B, 0x2B, 0x2B, 0x2B, 0x2B, 0x2B, 0x57, 0x57, 0x54, 0x2B, 0x2B, 0x2B, 0x2B, 0x2B, 0x54, 0x73, 0x54, 0x2B, 0x2B, 0x2B, 0x2B, 0x2B, 0x54, 0x73, 0x57, 0x2B, 0x2B, 0x2B, 0x2B, 0x2B, 0x2B,
    0x73, 0x0D, 0x0D, 0x05, 0x05, 0x05, 0x05, 0x05, 0x73, 0x43, 0x0D, 0x05, 0x05, 0x05, 0x05, 0x05, 0x73, 0x43, 0x0D, 0x05, 0x05, 0x05, 0x05, 0x05, 0x73, 0x73, 0x0D, 0x05, 0x05, 0x05, 0x05, 0x05,
    0x73, 0x73, 0x0D, 0x0D, 0x05, 0x05, 0x05, 0x05, 0x73, 0x73, 0x43, 0x0D, 0x05, 0x05, 0x05, 0x05, 0x73, 0x73, 0x43, 0x0D, 0x05, 0x05, 0x05, 0x05, 0x57, 0x73, 0x73, 0x0D, 0x0D, 0x05, 0x05, 0x05,
    0x0D, 0x43, 0x73, 0x73, 0x55, 0x4F, 0x4F, 0x4F, 0x05, 0x43, 0x73, 0x73, 0x55, 0x4F, 0x4F, 0x4F, 0x05, 0x0D, 0x73, 0x73, 0x55, 0x4F, 0x4F, 0x4F, 0x05, 0x0D, 0x43, 0x73, 0x73, 0x4F, 0x4F, 0x4F,
    0x05, 0x05, 0x43, 0x73, 0x73, 0x55, 0x4F, 0x4F, 0x05, 0x05, 0x0D, 0x73, 0x73, 0x55, 0x4F, 0x4F, 0x05, 0x05, 0x0D, 0x43, 0x73, 0x73, 0x4F, 0x4F, 0x05, 0x05, 0x05, 0x43, 0x73, 0x73, 0x55, 0x4F,
    0x4F, 0x4F, 0x4F, 0x4F, 0x4F, 0x4F, 0x4F, 0x4F, 0x4F, 0x4F, 0x4F, 0x4F, 0x4F, 0x4F, 0x4F, 0x4F, 0x4F, 0x4F, 0x4F, 0x4F, 0x4F, 0x4F, 0x4F, 0x4F, 0x4F, 0x4F, 0x4F, 0x4F, 0x4F, 0x4F, 0x4F, 0x4F,
    0x4F, 0x4F, 0x4F, 0x4F, 0x4F, 0x4F, 0x2A, 0x2A, 0x4F, 0x4F, 0x4F, 0x4F, 0x4F, 0x2A, 0x2A, 0x2A, 0x4F, 0x4F, 0x4F, 0x4F, 0x2A, 0x2A, 0x2A, 0x2A, 0x4F, 0x4F, 0x4F, 0x2A, 0x2A, 0x2A, 0x2A, 0x2A,
    0x4F, 0x4F, 0x2A, 0x2A, 0x2A, 0x2A, 0x2A, 0x2A, 0x4F, 0x4F, 0x4F, 0x2A, 0x2A, 0x2A, 0x2A, 0x2A, 0x4F, 0x4F, 0x2A, 0x2A, 0x2A, 0x2A, 0x2A, 0x2A, 0x2A, 0x2A, 0x2A, 0x2A, 0x2A, 0x2A, 0x2A, 0x2A,
    0x2A, 0x2A, 0x2A, 0x2A, 0x2A, 0x2A, 0x2A, 0x2A, 0x2A, 0x2A, 0x2A, 0x2A, 0x2A, 0x2A, 0x2A, 0x2A, 0x2A, 0x2A, 0x2A, 0x2A, 0x2A, 0x2A, 0x2A, 0x2A, 0x2A, 0x2A, 0x2A, 0x2A, 0x2A, 0x2A, 0x2A, 0x2A,
    0x2A, 0x4F, 0x73, 0x73, 0x55, 0x4F, 0x4F, 0x4F, 0x2A, 0x4F, 0x55, 0x73, 0x73, 0x4F, 0x4F, 0x4F, 0x2A, 0x4F, 0x55, 0x73, 0x73, 0x55, 0x4F, 0x4F, 0x2A, 0x4F, 0x4F, 0x73, 0x73, 0x55, 0x4F, 0x4F,
    0x2A, 0x4F, 0x4F, 0x55, 0x73, 0x73, 0x4F, 0x4F, 0x2A, 0x4F, 0x4F, 0x4F, 0x73, 0x73, 0x55, 0x4F, 0x4F, 0x4F, 0x4F, 0x4F, 0x55, 0x73, 0x73, 0x4F, 0x4F, 0x4F, 0x4F, 0x4F, 0x4F, 0x73, 0x73, 0x55,
    0x4F, 0x4F, 0x55, 0x73, 0x73, 0x73, 0x73, 0x73, 0x4F, 0x4F, 0x4F, 0x4F, 0x55, 0x73, 0x73, 0x73, 0x4F, 0x4F, 0x4F, 0x4F, 0x4F, 0x4F, 0x4F, 0x55, 0x4F, 0x4F, 0x4F, 0x4F, 0x4F, 0x4F, 0x4F, 0x4F,
    0x4F, 0x4F, 0x4F, 0x4F, 0x4F, 0x4F, 0x4F, 0x4F, 0x4F, 0x4F, 0x4F, 0x4F, 0x4F, 0x4F, 0x4F, 0x4F, 0x4F, 0x4F, 0x4F, 0x4F, 0x4F, 0x4F, 0x4F, 0x4F, 0x4F, 0x4F, 0x4F, 0x4F, 0x4F, 0x4F, 0x4F, 0x55,
    0x73, 0x55, 0x55, 0x55, 0x55, 0x55, 0x55, 0x55, 0x73, 0x73, 0x73, 0x73, 0x73, 0x73, 0x73, 0x73, 0x55, 0x55, 0x73, 0x73, 0x73, 0x73, 0x73, 0x73, 0x4F, 0x4F, 0x4F, 0x55, 0x73, 0x73, 0x73, 0x73,
    0x4F, 0x4F, 0x55, 0x73, 0x73, 0x73, 0x73, 0x73, 0x4F, 0x55, 0x73, 0x73, 0x73, 0x55, 0x4E, 0x3C, 0x55, 0x73, 0x73, 0x73, 0x55, 0x4E, 0x51, 0x3D, 0x73, 0x73, 0x73, 0x55, 0x3C, 0x3D, 0x17, 0x17,
    0x55, 0x55, 0x55, 0x55, 0x55, 0x73, 0x73, 0x73, 0x73, 0x73, 0x73, 0x73, 0x73, 0x73, 0x73, 0x73, 0x73, 0x73, 0x73, 0x73, 0x73, 0x73, 0x73, 0x55, 0x73, 0x73, 0x55, 0x55, 0x4E, 0x4E, 0x4E, 0x51,
    0x55, 0x4E, 0x4E, 0x51, 0x51, 0x3D, 0x3D, 0x3D, 0x3C, 0x3D, 0x3D, 0x3D, 0x17, 0x17, 0x17, 0x17, 0x17, 0x17, 0x17, 0x17, 0x17, 0x17, 0x17, 0x17, 0x17, 0x17, 0x17, 0x17, 0x17, 0x17, 0x17, 0x17,
    0x73, 0x73, 0x73, 0x73, 0x73, 0x73, 0x73, 0x73, 0x73, 0x73, 0x73, 0x73, 0x73, 0x73, 0x73, 0x73, 0x55, 0x55, 0x55, 0x55, 0x55, 0x55, 0x55, 0x55, 0x51, 0x51, 0x51, 0x51, 0x51, 0x51, 0x51, 0x4E,
    0x3D, 0x3D, 0x3D, 0x3D, 0x3D, 0x3D, 0x3D, 0x3D, 0x17, 0x17, 0x17, 0x17, 0x17, 0x17, 0x17, 0x17, 0x17, 0x17, 0x17, 0x17, 0x3D, 0x3D, 0x3D, 0x3D, 0x3D, 0x3D, 0x3D, 0x0D, 0x0D, 0x0D, 0x05, 0x05,
    0x73, 0x73, 0x55, 0x55, 0x4F, 0x4F, 0x4F, 0x4F, 0x73, 0x73, 0x73, 0x73, 0x73, 0x55, 0x4F, 0x4F, 0x55, 0x73, 0x73, 0x73, 0x73, 0x73, 0x73, 0x55, 0x4E, 0x4E, 0x55, 0x55, 0x73, 0x73, 0x73, 0x73,
    0x3D, 0x51, 0x51, 0x4E, 0x4E, 0x55, 0x73, 0x73, 0x17, 0x17, 0x3D, 0x3D, 0x3D, 0x51, 0x4E, 0x55, 0x0D, 0x0D, 0x0D, 0x17, 0x17, 0x3D, 0x3D, 0x51, 0x05, 0x05, 0x05, 0x0D, 0x17, 0x17, 0x17, 0x3D,
    0x4F, 0x55, 0x73, 0x73, 0x5B, 0x5B, 0x5B, 0x5B, 0x4F, 0x4F, 0x73, 0x73, 0x5B, 0x10, 0x10, 0x10, 0x55, 0x55, 0x55, 0x73, 0x73, 0x5B, 0x10, 0x10, 0x73, 0x73, 0x55, 0x73, 0x73, 0x73, 0x10, 0x10,
    0x73, 0x73, 0x73, 0x55, 0x73, 0x73, 0x5B, 0x10, 0x55, 0x73, 0x73, 0x73, 0x73, 0x73, 0x73, 0x5B, 0x4E, 0x55, 0x73, 0x73, 0x73, 0x73, 0x73, 0x73, 0x51, 0x4E, 0x55, 0x73, 0x73, 0x73, 0x73, 0x73,
    0x5B, 0x5B, 0x5B, 0x73, 0x73, 0x73, 0x73, 0x73, 0x10, 0x10, 0x10, 0x5B, 0x5B, 0x5B, 0x73, 0x73, 0x10, 0x10, 0x5B, 0x73, 0x73, 0x73, 0x73, 0x73, 0x10, 0x5B, 0x73, 0x73, 0x73, 0x73, 0x73, 0x73,
    0x5B, 0x73, 0x73, 0x73, 0x73, 0x73, 0x73, 0x73, 0x73, 0x73, 0x73, 0x73, 0x73, 0x73, 0x73, 0x73, 0x73, 0x73, 0x73, 0x73, 0x73, 0x73, 0x73, 0x73, 0x73, 0x73, 0x73, 0x73, 0x73, 0x73, 0x73, 0x73,
    0x73, 0x73, 0x73, 0x73, 0x73, 0x73, 0x73, 0x73, 0x73, 0x73, 0x73, 0x73, 0x73, 0x73, 0x73, 0x73, 0x73, 0x73, 0x73, 0x73, 0x73, 0x73, 0x73, 0x73, 0x73, 0x73, 0x73, 0x73, 0x73, 0x73, 0x73, 0x73,
    0x73, 0x73, 0x73, 0x73, 0x73, 0x73, 0x73, 0x73, 0x73, 0x73, 0x73, 0x73, 0x73, 0x32, 0x73, 0x73, 0x73, 0x73, 0x73, 0x73, 0x32, 0x10, 0x73, 0x73, 0x73, 0x73, 0x73, 0x73, 0x10, 0x10, 0x32, 0x73,
    0x73, 0x73, 0x73, 0x73, 0x73, 0x73, 0x73, 0x73, 0x73, 0x73, 0x73, 0x73, 0x73, 0x73, 0x73, 0x73, 0x73, 0x73, 0x73, 0x73, 0x73, 0x73, 0x32, 0x32, 0x73, 0x73, 0x73, 0x73, 0x73, 0x73, 0x32, 0x32,
    0x73, 0x73, 0x73, 0x73, 0x73, 0x73, 0x73, 0x32, 0x73, 0x73, 0x73, 0x73, 0x73, 0x73, 0x73, 0x32, 0x73, 0x73, 0x73, 0x73, 0x73, 0x73, 0x73, 0x32, 0x73, 0x73, 0x73, 0x73, 0x73, 0x73, 0x73, 0x32,
    0x73, 0x73, 0x73, 0x73, 0x73, 0x73, 0x73, 0x73, 0x73, 0x73, 0x73, 0x73, 0x32, 0x32, 0x32, 0x32, 0x32, 0x32, 0x32, 0x10, 0x10, 0x10, 0x10, 0x10, 0x10, 0x10, 0x10, 0x10, 0x10, 0x10, 0x10, 0x10,
    0x10, 0x10, 0x10, 0x10, 0x10, 0x10, 0x10, 0x32, 0x10, 0x10, 0x10, 0x10, 0x10, 0x32, 0x73, 0x73, 0x10, 0x10, 0x10, 0x10, 0x32, 0x73, 0x73, 0x73, 0x10, 0x10, 0x10, 0x32, 0x73, 0x73, 0x73, 0x73,
    0x73, 0x73, 0x73, 0x73, 0x73, 0x73, 0x73, 0x73, 0x32, 0x32, 0x32, 0x32, 0x32, 0x32, 0x32, 0x32, 0x10, 0x10, 0x10, 0x10, 0x10, 0x10, 0x10, 0x10, 0x10, 0x10, 0x10, 0x10, 0x10, 0x10, 0x10, 0x10,
    0x73, 0x73, 0x73, 0x73, 0x32, 0x10, 0x10, 0x10, 0x73, 0x73, 0x73, 0x73, 0x73, 0x73, 0x32, 0x10, 0x73, 0x73, 0x73, 0x73, 0x73, 0x73, 0x73, 0x32, 0x73, 0x73, 0x73, 0x73, 0x73, 0x73, 0x73, 0x73,
    0x73, 0x73, 0x73, 0x73, 0x73, 0x73, 0x73, 0x73, 0x32, 0x32, 0x32, 0x32, 0x32, 0x32, 0x32, 0x32, 0x10, 0x10, 0x10, 0x10, 0x10, 0x10, 0x10, 0x10, 0x10, 0x10, 0x10, 0x10, 0x10, 0x10, 0x10, 0x10,
    0x10, 0x10, 0x10, 0x10, 0x10, 0x10, 0x10, 0x10, 0x10, 0x10, 0x10, 0x10, 0x10, 0x10, 0x10, 0x10, 0x10, 0x10, 0x10, 0x10, 0x10, 0x10, 0x10, 0x32, 0x32, 0x10, 0x10, 0x10, 0x10, 0x32, 0x32, 0x32,
    0x73, 0x73, 0x73, 0x73, 0x73, 0x73, 0x73, 0x73, 0x32, 0x73, 0x73, 0x73, 0x73, 0x73, 0x73, 0x73, 0x10, 0x10, 0x10, 0x10, 0x10, 0x32, 0x32, 0x32, 0x10, 0x10, 0x10, 0x10, 0x10, 0x10, 0x10, 0x10,
    0x10, 0x10, 0x10, 0x10, 0x10, 0x10, 0x10, 0x10, 0x10, 0x10, 0x32, 0x32, 0x32, 0x32, 0x32, 0x32, 0x32, 0x32, 0x32, 0x32, 0x73, 0x73, 0x73, 0x73, 0x73, 0x73, 0x73, 0x73, 0x73, 0x73, 0x73, 0x73,
    0x73, 0x73, 0x73, 0x73, 0x73, 0x73, 0x73, 0x73, 0x73, 0x73, 0x73, 0x73, 0x73, 0x73, 0x73, 0x73, 0x32, 0x73, 0x73, 0x73, 0x73, 0x73, 0x73, 0x73, 0x10, 0x10, 0x10, 0x10, 0x32, 0x32, 0x32, 0x73,
    0x10, 0x10, 0x10, 0x10, 0x10, 0x10, 0x10, 0x10, 0x10, 0x10, 0x10, 0x10, 0x10, 0x10, 0x10, 0x10, 0x73, 0x73, 0x32, 0x10, 0x10, 0x10, 0x10, 0x10, 0x73, 0x73, 0x73, 0x73, 0x32, 0x10, 0x10, 0x10,
    0x73, 0x73, 0x73, 0x32, 0x10, 0x10, 0x10, 0x10, 0x73, 0x73, 0x73, 0x73, 0x32, 0x10, 0x10, 0x10, 0x73, 0x73, 0x73, 0x73, 0x73, 0x32, 0x10, 0x10, 0x73, 0x73, 0x73, 0x73, 0x73, 0x73, 0x32, 0x10,
    0x32, 0x32, 0x73, 0x73, 0x73, 0x73, 0x73, 0x10, 0x10, 0x10, 0x10, 0x10, 0x32, 0x73, 0x73, 0x10, 0x10, 0x10, 0x10, 0x10, 0x10, 0x10, 0x10, 0x10, 0x10, 0x10, 0x10, 0x10, 0x10, 0x10, 0x10, 0x0D,
    0x10, 0x10, 0x10, 0x10, 0x10, 0x10, 0x10, 0x10, 0x10, 0x10, 0x10, 0x10, 0x10, 0x10, 0x10, 0x10, 0x10, 0x10, 0x10, 0x10, 0x10, 0x10, 0x10, 0x10, 0x10, 0x10, 0x10, 0x10, 0x10, 0x10, 0x10, 0x10,
    0x10, 0x10, 0x10, 0x10, 0x10, 0x10, 0x10, 0x0D, 0x10, 0x10, 0x10, 0x10, 0x10, 0x0D, 0x0D, 0x0D, 0x10, 0x10, 0x0D, 0x0D, 0x0D, 0x0D, 0x0D, 0x0D, 0x0D, 0x0D, 0x0D, 0x0D, 0x0D, 0x0D, 0x0D, 0x0D,
    0x10, 0x10, 0x10, 0x10, 0x10, 0x10, 0x10, 0x10, 0x10, 0x10, 0x10, 0x10, 0x10, 0x10, 0x10, 0x0D, 0x10, 0x10, 0x10, 0x10, 0x10, 0x0D, 0x0D, 0x0D, 0x10, 0x10, 0x0D, 0x0D, 0x0D, 0x0D, 0x0D, 0x0D,
    0x0D, 0x0D, 0x0D, 0x0D, 0x0D, 0x0D, 0x0D, 0x0D, 0x0D, 0x0D, 0x0D, 0x0D, 0x0D, 0x0D, 0x0D, 0x0D, 0x0D, 0x0D, 0x0D, 0x0D, 0x0D, 0x0D, 0x0D, 0x0D, 0x0D, 0x0D, 0x0D, 0x0D, 0x0D, 0x0D, 0x0D, 0x0D,
    0x10, 0x10, 0x0D, 0x0D, 0x0D, 0x0D, 0x0D, 0x0D, 0x0D, 0x0D, 0x0D, 0x0D, 0x0D, 0x0D, 0x0D, 0x0D, 0x0D, 0x0D, 0x0D, 0x0D, 0x0D, 0x0D, 0x0D, 0x0D, 0x0D, 0x0D, 0x0D, 0x0D, 0x0D, 0x0D, 0x0D, 0x0D,
    0x0D, 0x0D, 0x0D, 0x0D, 0x0D, 0x0D, 0x0D, 0x0D, 0x0D, 0x0D, 0x0D, 0x0D, 0x0D, 0x0D, 0x0D, 0x0C, 0x0D, 0x0D, 0x0D, 0x0D, 0x0D, 0x0C, 0x0C, 0x0C, 0x0D, 0x0D, 0x0C, 0x0C, 0x0C, 0x0C, 0x0C, 0x0C,
    0x0D, 0x0D, 0x0D, 0x0D, 0x0D, 0x0D, 0x0D, 0x0D, 0x0D, 0x0D, 0x0D, 0x0D, 0x0D, 0x0D, 0x0D, 0x0D, 0x0D, 0x0D, 0x0D, 0x0D, 0x0D, 0x0D, 0x0D, 0x0C, 0x0D, 0x0D, 0x0D, 0x0D, 0x0D, 0x0C, 0x0C, 0x0C,
    0x0D, 0x0D, 0x0C, 0x0C, 0x0C, 0x0C, 0x0C, 0x0C, 0x0C, 0x0C, 0x0C, 0x0C, 0x0C, 0x0C, 0x0C, 0x0C, 0x0C, 0x0C, 0x0C, 0x0C, 0x0C, 0x0C, 0x0C, 0x0C, 0x0C, 0x0C, 0x0C, 0x0C, 0x0C, 0x0C, 0x0C, 0x0C,
    0x0D, 0x0D, 0x0D, 0x0D, 0x0D, 0x0C, 0x0C, 0x0C, 0x0D, 0x0D, 0x0C, 0x0C, 0x0C, 0x0C, 0x0C, 0x0C, 0x0C, 0x0C, 0x0C, 0x0C, 0x0C, 0x0C, 0x0C, 0x0C, 0x0C, 0x0C, 0x0C, 0x0C, 0x0C, 0x0C, 0x0C, 0x0C,
    0x0C, 0x0C, 0x0C, 0x0C, 0x0C, 0x0C, 0x0C, 0x0C, 0x0C, 0x0C, 0x0C, 0x0C, 0x0C, 0x0C, 0x0C, 0x0C, 0x0C, 0x0C, 0x0C, 0x0C, 0x0C, 0x0C, 0x0C, 0x0C, 0x0C, 0x0C, 0x0C, 0x0C, 0x0C, 0x0C, 0x0C, 0x0C,
    0x0C, 0x0C, 0x0C, 0x0C, 0x0C, 0x0C, 0x0C, 0x0C, 0x0C, 0x0C, 0x0C, 0x0C, 0x0C, 0x0C, 0x0C, 0x10, 0x0C, 0x0C, 0x0C, 0x0C, 0x0C, 0x0C, 0x0C, 0x73, 0x0C, 0x0C, 0x0C, 0x0C, 0x0C, 0x0C, 0x0C, 0x73,
    0x0C, 0x0C, 0x0C, 0x0C, 0x0C, 0x0C, 0x0C, 0x73, 0x0C, 0x0C, 0x0C, 0x0C, 0x0C, 0x0C, 0x0C, 0x10, 0x0C, 0x0C, 0x0C, 0x0C, 0x0C, 0x10, 0x73, 0x73, 0x0C, 0x10, 0x10, 0x73, 0x73, 0x73, 0x4E, 0x01,
    0x10, 0x10, 0x10, 0x73, 0x01, 0x01, 0x01, 0x01, 0x73, 0x73, 0x73, 0x4E, 0x01, 0x01, 0x01, 0x01, 0x4E, 0x01, 0x01, 0x01, 0x01, 0x01, 0x01, 0x01, 0x01, 0x01, 0x01, 0x01, 0x01, 0x01, 0x01, 0x01,
    0x4E, 0x01, 0x01, 0x01, 0x01, 0x01, 0x01, 0x01, 0x73, 0x4E, 0x01, 0x01, 0x01, 0x01, 0x01, 0x01, 0x4E, 0x01, 0x01, 0x01, 0x01, 0x01, 0x01, 0x01, 0x01, 0x01, 0x01, 0x01, 0x01, 0x01, 0x01, 0x4E,
    0x01, 0x01, 0x01, 0x01, 0x01, 0x4E, 0x73, 0x73, 0x01, 0x01, 0x01, 0x4E, 0x73, 0x73, 0x4E, 0x01, 0x01, 0x01, 0x4E, 0x73, 0x4E, 0x01, 0x01, 0x01, 0x01, 0x4E, 0x73, 0x4E, 0x01, 0x01, 0x01, 0x01,
    0x01, 0x73, 0x4E, 0x01, 0x01, 0x01, 0x01, 0x01, 0x4E, 0x73, 0x01, 0x01, 0x01, 0x01, 0x01, 0x01, 0x73, 0x4E, 0x01, 0x01, 0x01, 0x01, 0x01, 0x01, 0x73, 0x01, 0x01, 0x01, 0x01, 0x01, 0x01, 0x01,
    0x4E, 0x01, 0x01, 0x01, 0x01, 0x01, 0x01, 0x01, 0x01, 0x01, 0x01, 0x01, 0x01, 0x01, 0x01, 0x01, 0x01, 0x01, 0x01, 0x01, 0x01, 0x01, 0x01, 0x01, 0x01, 0x01, 0x01, 0x01, 0x01, 0x01, 0x01, 0x01,
    0x01, 0x01, 0x01, 0x01, 0x01, 0x01, 0x01, 0x01, 0x01, 0x01, 0x01, 0x01, 0x01, 0x01, 0x01, 0x01, 0x01, 0x01, 0x01, 0x01, 0x01, 0x01, 0x01, 0x01, 0x01, 0x01, 0x01, 0x01, 0x01, 0x01, 0x01, 0x01,
    0x01, 0x01, 0x01, 0x01, 0x01, 0x4E, 0x73, 0x10, 0x01, 0x01, 0x01, 0x01, 0x01, 0x01, 0x4E, 0x73, 0x01, 0x01, 0x01, 0x01, 0x01, 0x01, 0x01, 0x73, 0x01, 0x01, 0x01, 0x01, 0x01, 0x01, 0x01, 0x4E,
    0x01, 0x01, 0x01, 0x01, 0x01, 0x01, 0x01, 0x01, 0x01, 0x01, 0x01, 0x01, 0x01, 0x01, 0x01, 0x01, 0x01, 0x01, 0x01, 0x01, 0x01, 0x01, 0x01, 0x01, 0x01, 0x01, 0x01, 0x01, 0x01, 0x01, 0x01, 0x01,
    0x04, 0x04, 0x04, 0x04, 0x04, 0x04, 0x11, 0x11, 0x11, 0x04, 0x04, 0x11, 0x11, 0x73, 0x73, 0x73, 0x11, 0x11, 0x73, 0x73, 0x73, 0x4E, 0x01, 0x01, 0x73, 0x73, 0x4E, 0x01, 0x01, 0x01, 0x01, 0x01,
    0x01, 0x01, 0x01, 0x01, 0x01, 0x01, 0x01, 0x01, 0x01, 0x01, 0x01, 0x01, 0x01, 0x01, 0x01, 0x01, 0x01, 0x01, 0x01, 0x01, 0x01, 0x01, 0x01, 0x01, 0x01, 0x01, 0x01, 0x01, 0x01, 0x01, 0x01, 0x01,
    0x11, 0x04, 0x04, 0x04, 0x04, 0x04, 0x04, 0x04, 0x73, 0x73, 0x11, 0x04, 0x04, 0x04, 0x04, 0x04, 0x01, 0x4E, 0x73, 0x73, 0x11, 0x04, 0x04, 0x04, 0x01, 0x01, 0x01, 0x4E, 0x73, 0x11, 0x04, 0x04,
    0x01, 0x01, 0x01, 0x01, 0x4E, 0x73, 0x04, 0x04, 0x01, 0x01, 0x01, 0x01, 0x01, 0x73, 0x11, 0x04, 0x01, 0x01, 0x01, 0x01, 0x01, 0x4E, 0x73, 0x04, 0x01, 0x01, 0x01, 0x01, 0x01, 0x01, 0x73, 0x11,
    0x04, 0x04, 0x04, 0x04, 0x04, 0x04, 0x04, 0x04, 0x04, 0x04, 0x04, 0x04, 0x04, 0x04, 0x04, 0x04, 0x04, 0x04, 0x04, 0x04, 0x04, 0x04, 0x04, 0x04, 0x04, 0x04, 0x04, 0x04, 0x04, 0x04, 0x04, 0x04,
    0x04, 0x04, 0x04, 0x04, 0x04, 0x04, 0x04, 0x04, 0x04, 0x04, 0x04, 0x04, 0x04, 0x04, 0x04, 0x04, 0x04, 0x04, 0x04, 0x04, 0x04, 0x11, 0x11, 0x73, 0x04, 0x04, 0x11, 0x11, 0x73, 0x73, 0x73, 0x56,
    0x04, 0x04, 0x04, 0x04, 0x04, 0x04, 0x04, 0x04, 0x04, 0x04, 0x04, 0x04, 0x04, 0x04, 0x04, 0x04, 0x04, 0x04, 0x04, 0x04, 0x04, 0x04, 0x04, 0x04, 0x04, 0x04, 0x04, 0x04, 0x04, 0x04, 0x11, 0x11,
    0x04, 0x04, 0x04, 0x11, 0x11, 0x73, 0x73, 0x73, 0x11, 0x11, 0x73, 0x73, 0x73, 0x56, 0x56, 0x44, 0x73, 0x73, 0x56, 0x56, 0x44, 0x44, 0x44, 0x44, 0x56, 0x44, 0x44, 0x44, 0x44, 0x44, 0x44, 0x44,
    0x04, 0x04, 0x11, 0x73, 0x73, 0x65, 0x65, 0x65, 0x04, 0x04, 0x04, 0x04, 0x11, 0x73, 0x73, 0x65, 0x04, 0x11, 0x11, 0x73, 0x73, 0x73, 0x56, 0x73, 0x73, 0x73, 0x73, 0x56, 0x56, 0x44, 0x44, 0x44,
    0x56, 0x56, 0x44, 0x44, 0x44, 0x44, 0x44, 0x44, 0x44, 0x44, 0x44, 0x44, 0x44, 0x44, 0x44, 0x44, 0x44, 0x44, 0x44, 0x44, 0x44, 0x44, 0x44, 0x44, 0x44, 0x44, 0x44, 0x44, 0x44, 0x44, 0x44, 0x44,
    0x65, 0x65, 0x73, 0x73, 0x73, 0x73, 0x73, 0x73, 0x65, 0x65, 0x65, 0x65, 0x65, 0x65, 0x65, 0x65, 0x73, 0x73, 0x73, 0x73, 0x73, 0x73, 0x73, 0x73, 0x44, 0x56, 0x56, 0x56, 0x56, 0x56, 0x56, 0x56,
    0x44, 0x44, 0x44, 0x44, 0x44, 0x44, 0x44, 0x44, 0x44, 0x44, 0x44, 0x44, 0x44, 0x44, 0x44, 0x44, 0x44, 0x44, 0x44, 0x44, 0x44, 0x44, 0x44, 0x44, 0x44, 0x44, 0x44, 0x44, 0x44, 0x44, 0x44, 0x44,
    0x73, 0x73, 0x73, 0x73, 0x73, 0x73, 0x66, 0x37, 0x65, 0x65, 0x65, 0x65, 0x65, 0x65, 0x73, 0x66, 0x65, 0x65, 0x65, 0x65, 0x65, 0x65, 0x65, 0x73, 0x73, 0x73, 0x73, 0x73, 0x73, 0x73, 0x73, 0x56,
    0x44, 0x56, 0x56, 0x56, 0x56, 0x44, 0x44, 0x44, 0x44, 0x44, 0x44, 0x44, 0x44, 0x44, 0x44, 0x44, 0x44, 0x44, 0x44, 0x44, 0x44, 0x44, 0x44, 0x44, 0x44, 0x44, 0x44, 0x44, 0x44, 0x44, 0x44, 0x44,
    0x37, 0x2E, 0x2E, 0x2E, 0x0A, 0x0A, 0x0A, 0x0A, 0x37, 0x37, 0x2E, 0x2E, 0x2E, 0x2E, 0x0A, 0x0A, 0x66, 0x37, 0x37, 0x2E, 0x2E, 0x2E, 0x2E, 0x0A, 0x73, 0x66, 0x37, 0x37, 0x2E, 0x2E, 0x2E, 0x2E,
    0x56, 0x73, 0x66, 0x37, 0x37, 0x2E, 0x2E, 0x2E, 0x44, 0x56, 0x73, 0x66, 0x37, 0x37, 0x37, 0x2E, 0x44, 0x44, 0x56, 0x73, 0x66, 0x37, 0x37, 0x37, 0x44, 0x44, 0x44, 0x56, 0x73, 0x66, 0x37, 0x37,
    0x0A, 0x0A, 0x0A, 0x0A, 0x0A, 0x0A, 0x2E, 0x37, 0x0A, 0x0A, 0x0A, 0x0A, 0x0A, 0x0A, 0x2E, 0x37, 0x0A, 0x0A, 0x0A, 0x0A, 0x0A, 0x0A, 0x0A, 0x37, 0x0A, 0x0A, 0x0A, 0x0A, 0x0A, 0x0A, 0x0A, 0x37,
    0x2E, 0x0A, 0x0A, 0x0A, 0x0A, 0x0A, 0x0A, 0x37, 0x2E, 0x2E, 0x0A, 0x0A, 0x0A, 0x0A, 0x0A, 0x2E, 0x2E, 0x2E, 0x2E, 0x0A, 0x0A, 0x0A, 0x0A, 0x2E, 0x37, 0x2E, 0x2E, 0x2E, 0x0A, 0x0A, 0x0A, 0x0A,
    0x66, 0x73, 0x73, 0x73, 0x73, 0x73, 0x73, 0x73, 0x37, 0x73, 0x73, 0x73, 0x73, 0x73, 0x73, 0x73, 0x37, 0x73, 0x73, 0x73, 0x73, 0x73, 0x73, 0x73, 0x37, 0x66, 0x73, 0x38, 0x38, 0x38, 0x38, 0x38,
    0x37, 0x66, 0x73, 0x38, 0x38, 0x38, 0x2F, 0x2F, 0x37, 0x37, 0x73, 0x38, 0x38, 0x38, 0x38, 0x38, 0x37, 0x37, 0x73, 0x38, 0x38, 0x38, 0x38, 0x73, 0x37, 0x37, 0x73, 0x38, 0x38, 0x38, 0x73, 0x38,
    0x73, 0x73, 0x38, 0x2F, 0x2F, 0x2F, 0x2F, 0x2F, 0x73, 0x73, 0x73, 0x73, 0x38, 0x2F, 0x2F, 0x2F, 0x73, 0x73, 0x73, 0x73, 0x73, 0x38, 0x2F, 0x2F, 0x38, 0x38, 0x38, 0x73, 0x73, 0x73, 0x73, 0x38,
    0x2F, 0x2F, 0x2F, 0x2F, 0x38, 0x38, 0x73, 0x73, 0x2F, 0x2F, 0x2F, 0x2F, 0x2F, 0x2F, 0x38, 0x38, 0x38, 0x38, 0x2F, 0x2F, 0x2F, 0x2F, 0x2F, 0x38, 0x38, 0x38, 0x2F, 0x2F, 0x2F, 0x2F, 0x2F, 0x38,
    0x2F, 0x2F, 0x2F, 0x2F, 0x2F, 0x38, 0x38, 0x38, 0x2F, 0x2F, 0x2F, 0x2F, 0x2F, 0x38, 0x38, 0x38, 0x2F, 0x2F, 0x2F, 0x2F, 0x38, 0x38, 0x38, 0x38, 0x2F, 0x2F, 0x2F, 0x38, 0x38, 0x38, 0x38, 0x38,
    0x38, 0x38, 0x38, 0x38, 0x38, 0x38, 0x38, 0x38, 0x73, 0x73, 0x38, 0x38, 0x38, 0x38, 0x38, 0x38, 0x38, 0x38, 0x73, 0x38, 0x38, 0x38, 0x38, 0x38, 0x38, 0x38, 0x73, 0x38, 0x38, 0x38, 0x38, 0x38,
    0x38, 0x38, 0x73, 0x73, 0x4E, 0x3C, 0x1B, 0x1B, 0x38, 0x38, 0x38, 0x73, 0x4E, 0x1B, 0x1B, 0x1B, 0x38, 0x38, 0x38, 0x73, 0x4E, 0x1B, 0x1B, 0x1B, 0x38, 0x38, 0x38, 0x73, 0x4E, 0x1B, 0x1B, 0x1B,
    0x38, 0x38, 0x38, 0x73, 0x4E, 0x1B, 0x1B, 0x1B, 0x38, 0x38, 0x38, 0x73, 0x4E, 0x1B, 0x1B, 0x1B, 0x38, 0x38, 0x38, 0x73, 0x3C, 0x1B, 0x1B, 0x1B, 0x38, 0x38, 0x38, 0x73, 0x3C, 0x1B, 0x1B, 0x1B,
    0x1B, 0x3C, 0x4E, 0x4E, 0x4E, 0x73, 0x55, 0x4F, 0x1B, 0x3C, 0x4E, 0x4E, 0x4E, 0x73, 0x4F, 0x4F, 0x1B, 0x3C, 0x4E, 0x4E, 0x4E, 0x73, 0x55, 0x55, 0x3C, 0x3C, 0x4E, 0x4E, 0x4E, 0x73, 0x73, 0x73,
    0x3C, 0x3C, 0x4E, 0x4E, 0x4E, 0x73, 0x73, 0x73, 0x3C, 0x3C, 0x4E, 0x4E, 0x4E, 0x73, 0x73, 0x55, 0x3C, 0x3C, 0x4E, 0x4E, 0x4E, 0x73, 0x55, 0x4E, 0x3C, 0x3C, 0x4E, 0x4E, 0x4E, 0x73, 0x4E, 0x51,
    0x4F, 0x4F, 0x4F, 0x4F, 0x55, 0x55, 0x73, 0x73, 0x4F, 0x4F, 0x55, 0x73, 0x73, 0x73, 0x73, 0x73, 0x55, 0x73, 0x73, 0x73, 0x73, 0x73, 0x73, 0x55, 0x73, 0x73, 0x73, 0x73, 0x55, 0x55, 0x4E, 0x4E,
    0x73, 0x73, 0x55, 0x4E, 0x4E, 0x51, 0x51, 0x3D, 0x55, 0x4E, 0x51, 0x3D, 0x3D, 0x3D, 0x17, 0x17, 0x51, 0x3D, 0x3D, 0x17, 0x17, 0x0D, 0x0D, 0x0D, 0x3D, 0x17, 0x17, 0x17, 0x0D, 0x05, 0x05, 0x05,
    0x73, 0x73, 0x73, 0x73, 0x73, 0x73, 0x73, 0x73, 0x73, 0x73, 0x73, 0x73, 0x73, 0x73, 0x73, 0x73, 0x55, 0x55, 0x55, 0x55, 0x55, 0x55, 0x55, 0x55, 0x4E, 0x51, 0x51, 0x51, 0x51, 0x51, 0x51, 0x51,
    0x3D, 0x3D, 0x3D, 0x3D, 0x3D, 0x3D, 0x3D, 0x3D, 0x17, 0x17, 0x17, 0x17, 0x17, 0x17, 0x17, 0x17, 0x3D, 0x3D, 0x3D, 0x3D, 0x17, 0x17, 0x17, 0x17, 0x05, 0x05, 0x0D, 0x0D, 0x0D, 0x3D, 0x3D, 0x3D,
    0x73, 0x73, 0x73, 0x55, 0x55, 0x55, 0x55, 0x55, 0x73, 0x73, 0x73, 0x73, 0x73, 0x73, 0x73, 0x73, 0x55, 0x73, 0x73, 0x73, 0x73, 0x73, 0x73, 0x73, 0x51, 0x4E, 0x4E, 0x4E, 0x55, 0x55, 0x73, 0x73,
    0x3D, 0x3D, 0x3D, 0x51, 0x51, 0x4E, 0x4E, 0x55, 0x17, 0x17, 0x17, 0x17, 0x3D, 0x3D, 0x3D, 0x51, 0x17, 0x17, 0x17, 0x17, 0x17, 0x17, 0x17, 0x17, 0x17, 0x17, 0x17, 0x17, 0x17, 0x17, 0x17, 0x17,
    0x55, 0x55, 0x55, 0x55, 0x55, 0x55, 0x55, 0x73, 0x73, 0x73, 0x73, 0x73, 0x73, 0x73, 0x73, 0x73, 0x73, 0x73, 0x73, 0x73, 0x73, 0x73, 0x55, 0x55, 0x73, 0x73, 0x73, 0x73, 0x55, 0x4F, 0x4F, 0x4F,
    0x73, 0x73, 0x73, 0x73, 0x73, 0x55, 0x4F, 0x4F, 0x51, 0x4E, 0x55, 0x73, 0x73, 0x73, 0x55, 0x4F, 0x3D, 0x51, 0x4E, 0x55, 0x73, 0x73, 0x73, 0x55, 0x17, 0x17, 0x3D, 0x51, 0x55, 0x73, 0x73, 0x73,
    0x73, 0x73, 0x73, 0x73, 0x73, 0x55, 0x4F, 0x4F, 0x73, 0x73, 0x73, 0x55, 0x4F, 0x4F, 0x4F, 0x4F, 0x55, 0x4F, 0x4F, 0x4F, 0x4F, 0x4F, 0x4F, 0x4F, 0x4F, 0x4F, 0x4F, 0x4F, 0x4F, 0x4F, 0x4F, 0x4F,
    0x4F, 0x4F, 0x4F, 0x4F, 0x4F, 0x4F, 0x4F, 0x4F, 0x4F, 0x4F, 0x4F, 0x4F, 0x4F, 0x4F, 0x4F, 0x4F, 0x4F, 0x4F, 0x4F, 0x4F, 0x4F, 0x4F, 0x4F, 0x4F, 0x55, 0x4F, 0x4F, 0x4F, 0x4F, 0x4F, 0x4F, 0x4F,
    0x4F, 0x4F, 0x4F, 0x55, 0x73, 0x73, 0x4F, 0x2A, 0x4F, 0x4F, 0x4F, 0x73, 0x73, 0x55, 0x4F, 0x2A, 0x4F, 0x4F, 0x55, 0x73, 0x73, 0x55, 0x4F, 0x2A, 0x4F, 0x4F, 0x55, 0x73, 0x73, 0x4F, 0x4F, 0x2A,
    0x4F, 0x4F, 0x73, 0x73, 0x55, 0x4F, 0x4F, 0x2A, 0x4F, 0x55, 0x73, 0x73, 0x4F, 0x4F, 0x4F, 0x2A, 0x4F, 0x73, 0x73, 0x55, 0x4F, 0x4F, 0x4F, 0x4F, 0x55, 0x73, 0x73, 0x4F, 0x4F, 0x4F, 0x4F, 0x4F,
    0x2A, 0x2A, 0x2A, 0x2A, 0x2A, 0x2A, 0x4F, 0x4F, 0x2A, 0x2A, 0x2A, 0x2A, 0x2A, 0x4F, 0x4F, 0x4F, 0x2A, 0x2A, 0x2A, 0x2A, 0x2A, 0x2A, 0x4F, 0x4F, 0x2A, 0x2A, 0x2A, 0x2A, 0x2A, 0x2A, 0x2A, 0x2A,
    0x2A, 0x2A, 0x2A, 0x2A, 0x2A, 0x2A, 0x2A, 0x2A, 0x2A, 0x2A, 0x2A, 0x2A, 0x2A, 0x2A, 0x2A, 0x2A, 0x2A, 0x2A, 0x2A, 0x2A, 0x2A, 0x2A, 0x2A, 0x2A, 0x2A, 0x2A, 0x2A, 0x2A, 0x2A, 0x2A, 0x2A, 0x2A,
    0x4F, 0x4F, 0x4F, 0x4F, 0x4F, 0x4F, 0x4F, 0x4F, 0x4F, 0x4F, 0x4F, 0x4F, 0x4F, 0x4F, 0x4F, 0x4F, 0x4F, 0x4F, 0x4F, 0x4F, 0x4F, 0x4F, 0x4F, 0x4F, 0x4F, 0x4F, 0x4F, 0x4F, 0x4F, 0x4F, 0x4F, 0x4F,
    0x2A, 0x2A, 0x4F, 0x4F, 0x4F, 0x4F, 0x4F, 0x4F, 0x2A, 0x2A, 0x2A, 0x4F, 0x4F, 0x4F, 0x4F, 0x4F, 0x2A, 0x2A, 0x2A, 0x2A, 0x4F, 0x4F, 0x4F, 0x4F, 0x2A, 0x2A, 0x2A, 0x2A, 0x2A, 0x4F, 0x4F, 0x4F,
    0x4F, 0x4F, 0x4F, 0x55, 0x73, 0x73, 0x43, 0x0D, 0x4F, 0x4F, 0x4F, 0x55, 0x73, 0x73, 0x43, 0x05, 0x4F, 0x4F, 0x4F, 0x55, 0x73, 0x73, 0x0D, 0x05, 0x4F, 0x4F, 0x4F, 0x73, 0x73, 0x43, 0x0D, 0x05,
    0x4F, 0x4F, 0x55, 0x73, 0x73, 0x43, 0x05, 0x05, 0x4F, 0x4F, 0x55, 0x73, 0x73, 0x0D, 0x05, 0x05, 0x4F, 0x4F, 0x73, 0x73, 0x43, 0x0D, 0x05, 0x05, 0x4F, 0x55, 0x73, 0x73, 0x43, 0x05, 0x05, 0x05,
    0x05, 0x05, 0x05, 0x05, 0x05, 0x0D, 0x0D, 0x73, 0x05, 0x05, 0x05, 0x05, 0x05, 0x0D, 0x43, 0x73, 0x05, 0x05, 0x05, 0x05, 0x05, 0x0D, 0x43, 0x73, 0x05, 0x05, 0x05, 0x05, 0x05, 0x0D, 0x73, 0x73,
    0x05, 0x05, 0x05, 0x05, 0x0D, 0x0D, 0x73, 0x73, 0x05, 0x05, 0x05, 0x05, 0x0D, 0x43, 0x73, 0x73, 0x05, 0x05, 0x05, 0x05, 0x0D, 0x43, 0x73, 0x73, 0x05, 0x05, 0x05, 0x0D, 0x0D, 0x73, 0x73, 0x57,
    0x73, 0x57, 0x2B, 0x2B, 0x2B, 0x2B, 0x2B, 0x2B, 0x73, 0x57, 0x2B, 0x2B, 0x2B, 0x2B, 0x2B, 0x54, 0x73, 0x54, 0x2B, 0x2B, 0x2B, 0x2B, 0x2B, 0x54, 0x57, 0x54, 0x2B, 0x2B, 0x2B, 0x2B, 0x2B, 0x57,
    0x57, 0x2B, 0x2B, 0x2B, 0x2B, 0x2B, 0x2B, 0x57, 0x54, 0x2B, 0x2B, 0x2B, 0x2B, 0x2B, 0x54, 0x57, 0x54, 0x2B, 0x2B, 0x2B, 0x2B, 0x2B, 0x54, 0x73, 0x2B, 0x2B, 0x2B, 0x2B, 0x2B, 0x2B, 0x57, 0x73,
    0x57, 0x73, 0x73, 0x73, 0x57, 0x73, 0x73, 0x6F, 0x57, 0x73, 0x73, 0x73, 0x57, 0x73, 0x73, 0x6F, 0x73, 0x73, 0x73, 0x73, 0x57, 0x73, 0x73, 0x6F, 0x73, 0x73, 0x73, 0x57, 0x73, 0x73, 0x73, 0x6F,
    0x73, 0x73, 0x73, 0x57, 0x73, 0x73, 0x73, 0x6F, 0x73, 0x73, 0x73, 0x57, 0x73, 0x73, 0x73, 0x6F, 0x73, 0x73, 0x57, 0x73, 0x73, 0x73, 0x73, 0x6F, 0x73, 0x73, 0x57, 0x73, 0x73, 0x73, 0x73, 0x6F,
    0x6F, 0x73, 0x73, 0x73, 0x73, 0x73, 0x57, 0x73, 0x6F, 0x73, 0x73, 0x73, 0x73, 0x73, 0x57, 0x73, 0x6F, 0x73, 0x73, 0x73, 0x73, 0x73, 0x57, 0x73, 0x6F, 0x73, 0x73, 0x73, 0x73, 0x73, 0x73, 0x57,
    0x6F, 0x73, 0x73, 0x73, 0x73, 0x73, 0x73, 0x57, 0x6F, 0x73, 0x73, 0x73, 0x73, 0x73, 0x73, 0x73, 0x6F, 0x73, 0x73, 0x73, 0x73, 0x73, 0x73, 0x73, 0x6F, 0x73, 0x73, 0x73, 0x73, 0x73, 0x73, 0x73,
    0x73, 0x73, 0x54, 0x2B, 0x2B, 0x2B, 0x2B, 0x2B, 0x73, 0x73, 0x57, 0x2B, 0x2B, 0x2B, 0x2B, 0x2B, 0x73, 0x73, 0x73, 0x54, 0x2B, 0x2B, 0x2B, 0x2B, 0x73, 0x73, 0x73, 0x57, 0x2B, 0x2B, 0x2B, 0x2B,
    0x73, 0x73, 0x73, 0x73, 0x54, 0x2B, 0x2B, 0x2B, 0x57, 0x73, 0x73, 0x73, 0x57, 0x2B, 0x2B, 0x2B, 0x57, 0x73, 0x73, 0x73, 0x57, 0x54, 0x2B, 0x2B, 0x57, 0x73, 0x73, 0x73, 0x73, 0x54, 0x54, 0x54,
    0x54, 0x73, 0x73, 0x43, 0x0D, 0x05, 0x05, 0x05, 0x54, 0x57, 0x73, 0x73, 0x0D, 0x0D, 0x05, 0x05, 0x2B, 0x57, 0x73, 0x73, 0x43, 0x0D, 0x05, 0x05, 0x2B, 0x54, 0x73, 0x73, 0x43, 0x0D, 0x05, 0x05,
    0x2B, 0x54, 0x57, 0x73, 0x73, 0x0D, 0x0D, 0x05, 0x2B, 0x2B, 0x54, 0x73, 0x73, 0x43, 0x0D, 0x05, 0x2B, 0x2B, 0x54, 0x57, 0x73, 0x73, 0x0D, 0x0D, 0x54, 0x54, 0x54, 0x54, 0x73, 0x73, 0x43, 0x0D,
    0x05, 0x05, 0x05, 0x0D, 0x73, 0x73, 0x55, 0x4F, 0x05, 0x05, 0x05, 0x05, 0x43, 0x73, 0x73, 0x4F, 0x05, 0x05, 0x05, 0x05, 0x0D, 0x73, 0x73, 0x55, 0x05, 0x05, 0x05, 0x05, 0x05, 0x43, 0x73, 0x73,
    0x05, 0x05, 0x05, 0x05, 0x05, 0x0D, 0x73, 0x73, 0x05, 0x05, 0x05, 0x05, 0x05, 0x0D, 0x43, 0x73, 0x0D, 0x0D, 0x0D, 0x0D, 0x0D, 0x0D, 0x43, 0x73, 0x0D, 0x0D, 0x43, 0x43, 0x43, 0x43, 0x43, 0x43,
    0x4F, 0x4F, 0x4F, 0x2A, 0x2A, 0x2A, 0x2A, 0x2A, 0x4F, 0x4F, 0x2A, 0x2A, 0x2A, 0x2A, 0x2A, 0x2A, 0x4F, 0x4F, 0x2A, 0x2A, 0x2A, 0x2A, 0x2A, 0x2A, 0x4F, 0x2A, 0x2A, 0x2A, 0x2A, 0x2A, 0x2A, 0x2A,
    0x55, 0x4F, 0x2A, 0x2A, 0x2A, 0x2A, 0x2A, 0x2A, 0x73, 0x55, 0x4F, 0x2A, 0x2A, 0x4F, 0x4F, 0x55, 0x73, 0x55, 0x55, 0x55, 0x55, 0x55, 0x55, 0x73, 0x73, 0x73, 0x73, 0x73, 0x73, 0x73, 0x73, 0x73,
    0x2A, 0x2A, 0x2A, 0x2A, 0x2A, 0x2A, 0x2A, 0x4F, 0x2A, 0x2A, 0x2A, 0x2A, 0x2A, 0x2A, 0x2A, 0x4F, 0x2A, 0x2A, 0x2A, 0x2A, 0x2A, 0x2A, 0x4F, 0x4F, 0x2A, 0x2A, 0x2A, 0x2A, 0x2A, 0x4F, 0x4F, 0x4F,
    0x2A, 0x2A, 0x2A, 0x4F, 0x4F, 0x55, 0x55, 0x55, 0x55, 0x55, 0x55, 0x55, 0x55, 0x73, 0x73, 0x73, 0x73, 0x73, 0x73, 0x73, 0x73, 0x73, 0x73, 0x73, 0x73, 0x73, 0x73, 0x73, 0x73, 0x55, 0x55, 0x55,
    0x4F, 0x4F, 0x4F, 0x4F, 0x4F, 0x55, 0x73, 0x73, 0x4F, 0x4F, 0x4F, 0x4F, 0x4F, 0x4F, 0x73, 0x73, 0x4F, 0x4F, 0x4F, 0x4F, 0x4F, 0x4F, 0x55, 0x73, 0x4F, 0x4F, 0x4F, 0x55, 0x55, 0x55, 0x55, 0x73,
    0x55, 0x55, 0x55, 0x73, 0x73, 0x73, 0x73, 0x73, 0x73, 0x73, 0x73, 0x73, 0x73, 0x73, 0x73, 0x73, 0x73, 0x73, 0x73, 0x55, 0x55, 0x55, 0x55, 0x55, 0x55, 0x55, 0x55, 0x4F, 0x4F, 0x4F, 0x4F, 0x4F,
    0x4F, 0x4F, 0x4F, 0x4F, 0x4F, 0x4F, 0x55, 0x73, 0x55, 0x4F, 0x4F, 0x4F, 0x4F, 0x4F, 0x73, 0x73, 0x73, 0x4F, 0x4F, 0x4F, 0x4F, 0x55, 0x73, 0x73, 0x73, 0x55, 0x4F, 0x4F, 0x4F, 0x55, 0x73, 0x73,
    0x73, 0x73, 0x4F, 0x4F, 0x4F, 0x73, 0x73, 0x55, 0x73, 0x73, 0x55, 0x4F, 0x55, 0x73, 0x73, 0x55, 0x55, 0x73, 0x73, 0x55, 0x55, 0x73, 0x73, 0x55, 0x55, 0x73, 0x73, 0x73, 0x55, 0x73, 0x73, 0x55,
    0x73, 0x73, 0x55, 0x3C, 0x3D, 0x17, 0x17, 0x17, 0x73, 0x55, 0x51, 0x3D, 0x17, 0x3D, 0x3D, 0x3D, 0x55, 0x4E, 0x3D, 0x17, 0x17, 0x17, 0x0D, 0x0D, 0x4E, 0x51, 0x3D, 0x17, 0x17, 0x17, 0x17, 0x17,
    0x4E, 0x51, 0x17, 0x17, 0x17, 0x17, 0x17, 0x17, 0x4E, 0x3D, 0x17, 0x17, 0x17, 0x17, 0x17, 0x17, 0x51, 0x3D, 0x17, 0x17, 0x17, 0x17, 0x17, 0x17, 0x51, 0x3D, 0x17, 0x17, 0x17, 0x17, 0x17, 0x17,
    0x17, 0x17, 0x17, 0x3D, 0x3D, 0x3D, 0x0D, 0x0D, 0x3D, 0x0D, 0x0D, 0x0D, 0x05, 0x05, 0x05, 0x05, 0x05, 0x05, 0x05, 0x05, 0x05, 0x05, 0x05, 0x05, 0x3D, 0x0D, 0x0D, 0x0D, 0x05, 0x05, 0x05, 0x05,
    0x17, 0x17, 0x17, 0x17, 0x3D, 0x3D, 0x0D, 0x0D, 0x17, 0x17, 0x17, 0x17, 0x17, 0x17, 0x17, 0x3D, 0x17, 0x17, 0x17, 0x17, 0x17, 0x17, 0x17, 0x3D, 0x17, 0x17, 0x17, 0x17, 0x17, 0x17, 0x3D, 0x0D,
    0x0D, 0x05, 0x05, 0x05, 0x05, 0x05, 0x05, 0x05, 0x05, 0x05, 0x05, 0x05, 0x05, 0x05, 0x05, 0x05, 0x05, 0x05, 0x05, 0x0D, 0x0D, 0x05, 0x05, 0x05, 0x05, 0x0D, 0x3D, 0x17, 0x3D, 0x3D, 0x05, 0x05,
    0x05, 0x3D, 0x17, 0x17, 0x17, 0x3D, 0x0D, 0x05, 0x3D, 0x3D, 0x17, 0x17, 0x17, 0x3D, 0x0D, 0x05, 0x05, 0x0D, 0x3D, 0x3D, 0x3D, 0x0D, 0x05, 0x05, 0x05, 0x05, 0x0D, 0x0D, 0x05, 0x05, 0x05, 0x05,
    0x05, 0x05, 0x05, 0x05, 0x0D, 0x17, 0x17, 0x17, 0x05, 0x05, 0x05, 0x05, 0x05, 0x3D, 0x17, 0x17, 0x05, 0x05, 0x05, 0x05, 0x05, 0x0D, 0x3D, 0x17, 0x05, 0x05, 0x05, 0x05, 0x05, 0x05, 0x0D, 0x3D,
    0x05, 0x05, 0x05, 0x05, 0x05, 0x05, 0x05, 0x0D, 0x05, 0x05, 0x05, 0x05, 0x05, 0x05, 0x05, 0x05, 0x05, 0x05, 0x05, 0x05, 0x05, 0x05, 0x05, 0x05, 0x05, 0x05, 0x05, 0x05, 0x05, 0x05, 0x05, 0x05,
    0x3D, 0x51, 0x4E, 0x55, 0x73, 0x73, 0x73, 0x73, 0x17, 0x3D, 0x51, 0x4E, 0x55, 0x73, 0x73, 0x73, 0x17, 0x17, 0x3D, 0x51, 0x4E, 0x55, 0x73, 0x73, 0x17, 0x17, 0x17, 0x3D, 0x51, 0x55, 0x73, 0x73,
    0x17, 0x17, 0x17, 0x17, 0x51, 0x4E, 0x55, 0x73, 0x3D, 0x17, 0x17, 0x17, 0x3D, 0x4E, 0x55, 0x73, 0x0D, 0x3D, 0x17, 0x17, 0x3D, 0x51, 0x55, 0x73, 0x05, 0x0D, 0x3D, 0x17, 0x3D, 0x51, 0x55, 0x73,
    0x73, 0x73, 0x73, 0x73, 0x73, 0x73, 0x73, 0x73, 0x73, 0x73, 0x73, 0x73, 0x73, 0x73, 0x73, 0x73, 0x73, 0x73, 0x73, 0x73, 0x73, 0x73, 0x73, 0x73, 0x55, 0x73, 0x73, 0x73, 0x73, 0x73, 0x73, 0x73,
    0x73, 0x55, 0x73, 0x73, 0x73, 0x73, 0x73, 0x73, 0x73, 0x55, 0x55, 0x73, 0x73, 0x73, 0x73, 0x32, 0x73, 0x55, 0x4F, 0x55, 0x73, 0x73, 0x73, 0x32, 0x73, 0x55, 0x4F, 0x4F, 0x55, 0x73, 0x73, 0x73,
    0x73, 0x73, 0x73, 0x32, 0x10, 0x10, 0x32, 0x73, 0x73, 0x73, 0x32, 0x10, 0x10, 0x10, 0x32, 0x73, 0x73, 0x32, 0x10, 0x10, 0x10, 0x10, 0x10, 0x73, 0x73, 0x10, 0x10, 0x10, 0x10, 0x10, 0x10, 0x32,
    0x32, 0x10, 0x10, 0x10, 0x10, 0x10, 0x10, 0x32, 0x10, 0x10, 0x10, 0x10, 0x10, 0x10, 0x10, 0x10, 0x10, 0x10, 0x10, 0x10, 0x10, 0x10, 0x10, 0x10, 0x32, 0x10, 0x10, 0x10, 0x10, 0x10, 0x10, 0x10,
    0x73, 0x73, 0x73, 0x73, 0x73, 0x73, 0x73, 0x73, 0x73, 0x73, 0x73, 0x73, 0x73, 0x73, 0x73, 0x73, 0x73, 0x73, 0x73, 0x73, 0x73, 0x73, 0x73, 0x73, 0x73, 0x73, 0x73, 0x73, 0x73, 0x73, 0x73, 0x73,
    0x73, 0x73, 0x73, 0x73, 0x73, 0x73, 0x73, 0x73, 0x73, 0x73, 0x73, 0x73, 0x73, 0x73, 0x73, 0x73, 0x73, 0x73, 0x73, 0x73, 0x73, 0x73, 0x73, 0x73, 0x32, 0x73, 0x73, 0x73, 0x73, 0x73, 0x73, 0x73,
    0x10, 0x10, 0x10, 0x10, 0x10, 0x32, 0x32, 0x73, 0x32, 0x10, 0x10, 0x10, 0x10, 0x10, 0x10, 0x32, 0x32, 0x10, 0x10, 0x10, 0x10, 0x32, 0x32, 0x73, 0x73, 0x10, 0x10, 0x32, 0x73, 0x73, 0x73, 0x73,
    0x73, 0x32, 0x73, 0x73, 0x73, 0x73, 0x73, 0x73, 0x73, 0x73, 0x73, 0x73, 0x73, 0x73, 0x73, 0x73, 0x73, 0x73, 0x73, 0x73, 0x73, 0x73, 0x73, 0x73, 0x73, 0x73, 0x73, 0x73, 0x73, 0x73, 0x73, 0x73,
    0x73, 0x73, 0x73, 0x73, 0x73, 0x73, 0x73, 0x73, 0x32, 0x73, 0x73, 0x73, 0x73, 0x73, 0x73, 0x73, 0x73, 0x73, 0x73, 0x73, 0x73, 0x73, 0x73, 0x73, 0x73, 0x73, 0x73, 0x73, 0x73, 0x73, 0x73, 0x73,
    0x73, 0x73, 0x73, 0x73, 0x73, 0x73, 0x73, 0x73, 0x73, 0x73, 0x73, 0x73, 0x73, 0x73, 0x73, 0x73, 0x73, 0x73, 0x32, 0x32, 0x32, 0x73, 0x73, 0x73, 0x32, 0x10, 0x10, 0x10, 0x32, 0x73, 0x73, 0x73,
    0x73, 0x32, 0x32, 0x32, 0x73, 0x73, 0x73, 0x73, 0x73, 0x73, 0x73, 0x73, 0x73, 0x73, 0x73, 0x73, 0x73, 0x73, 0x73, 0x73, 0x73, 0x73, 0x73, 0x73, 0x73, 0x73, 0x73, 0x73, 0x73, 0x73, 0x73, 0x73,
    0x73, 0x73, 0x73, 0x73, 0x73, 0x32, 0x32, 0x10, 0x73, 0x73, 0x73, 0x73, 0x32, 0x10, 0x10, 0x10, 0x73, 0x73, 0x73, 0x32, 0x10, 0x10, 0x10, 0x10, 0x73, 0x73, 0x73, 0x32, 0x10, 0x10, 0x10, 0x10,
    0x73, 0x73, 0x73, 0x73, 0x73, 0x73, 0x73, 0x73, 0x73, 0x73, 0x73, 0x73, 0x73, 0x73, 0x73, 0x73, 0x73, 0x73, 0x73, 0x73, 0x73, 0x73, 0x73, 0x73, 0x73, 0x73, 0x73, 0x73, 0x73, 0x32, 0x32, 0x32,
    0x10, 0x10, 0x10, 0x10, 0x10, 0x10, 0x10, 0x10, 0x10, 0x10, 0x10, 0x10, 0x10, 0x10, 0x10, 0x10, 0x10, 0x10, 0x10, 0x10, 0x10, 0x10, 0x0D, 0x0D, 0x10, 0x10, 0x10, 0x10, 0x0D, 0x0D, 0x0D, 0x0D,
    0x73, 0x73, 0x73, 0x73, 0x73, 0x73, 0x32, 0x10, 0x73, 0x73, 0x73, 0x73, 0x73, 0x73, 0x73, 0x32, 0x73, 0x73, 0x73, 0x73, 0x73, 0x73, 0x73, 0x73, 0x32, 0x73, 0x73, 0x73, 0x73, 0x73, 0x73, 0x73,
    0x10, 0x10, 0x10, 0x0D, 0x32, 0x32, 0x73, 0x73, 0x10, 0x0D, 0x0D, 0x0D, 0x0D, 0x0D, 0x0D, 0x32, 0x0D, 0x0D, 0x0D, 0x0D, 0x0D, 0x0D, 0x0D, 0x0D, 0x0D, 0x0D, 0x0D, 0x0D, 0x0D, 0x0D, 0x0D, 0x0D,
    0x10, 0x10, 0x10, 0x10, 0x10, 0x0D, 0x0D, 0x0D, 0x10, 0x10, 0x0D, 0x0D, 0x0D, 0x0D, 0x0D, 0x0D, 0x32, 0x0D, 0x0D, 0x0D, 0x0D, 0x0D, 0x0D, 0x0D, 0x73, 0x0D, 0x0D, 0x0D, 0x0D, 0x0D, 0x0D, 0x0D,
    0x73, 0x32, 0x0D, 0x0D, 0x0D, 0x0D, 0x0D, 0x0D, 0x32, 0x32, 0x0D, 0x0D, 0x0D, 0x0D, 0x0D, 0x0D, 0x0D, 0x0D, 0x0D, 0x0D, 0x0D, 0x0D, 0x0D, 0x0D, 0x0D, 0x0D, 0x0D, 0x0D, 0x0D, 0x0C, 0x0C, 0x0C,
    0x0D, 0x0D, 0x0D, 0x0D, 0x0D, 0x0D, 0x0D, 0x0D, 0x0D, 0x0D, 0x0D, 0x0D, 0x0D, 0x0D, 0x0D, 0x0D, 0x0D, 0x0D, 0x0D, 0x0D, 0x0D, 0x0D, 0x0D, 0x0D, 0x0D, 0x0D, 0x0D, 0x0D, 0x0D, 0x0D, 0x0D, 0x0D,
    0x0D, 0x0D, 0x0D, 0x0D, 0x0D, 0x0C, 0x0C, 0x0C, 0x0D, 0x0D, 0x0C, 0x0C, 0x0C, 0x0C, 0x0C, 0x0C, 0x0C, 0x0C, 0x0C, 0x0C, 0x0C, 0x0C, 0x0C, 0x0C, 0x0C, 0x0C, 0x0C, 0x0C, 0x0C, 0x0C, 0x0C, 0x0C,
    0x0D, 0x0D, 0x0D, 0x0D, 0x0D, 0x0D, 0x0D, 0x0D, 0x0D, 0x0D, 0x0D, 0x0D, 0x0D, 0x0C, 0x0C, 0x0C, 0x0D, 0x0D, 0x0C, 0x0C, 0x0C, 0x0C, 0x0C, 0x0C, 0x0C, 0x0C, 0x0C, 0x0C, 0x0C, 0x0C, 0x0C, 0x0C,
    0x0C, 0x0C, 0x0C, 0x0C, 0x0C, 0x0C, 0x0C, 0x0C, 0x0C, 0x0C, 0x0C, 0x0C, 0x0C, 0x0C, 0x0C, 0x0C, 0x0C, 0x0C, 0x0C, 0x0C, 0x0C, 0x0C, 0x0C, 0x0C, 0x0C, 0x0C, 0x0C, 0x0C, 0x0C, 0x0C, 0x0C, 0x0C,
    0x0C, 0x0C, 0x0C, 0x0C, 0x0C, 0x0C, 0x0C, 0x0C, 0x0C, 0x0C, 0x0C, 0x0C, 0x0C, 0x0C, 0x0C, 0x0C, 0x0C, 0x0C, 0x0C, 0x0C, 0x0C, 0x0C, 0x0C, 0x0C, 0x0C, 0x0C, 0x0C, 0x0C, 0x0C, 0x0C, 0x0C, 0x0C,
    0x0C, 0x0C, 0x0C, 0x0C, 0x0C, 0x0C, 0x0C, 0x0C, 0x0C, 0x0C, 0x0C, 0x0C, 0x0C, 0x0C, 0x0C, 0x0C, 0x0C, 0x0C, 0x0C, 0x0C, 0x0C, 0x0C, 0x0C, 0x0C, 0x0C, 0x0C, 0x0C, 0x0C, 0x0C, 0x0C, 0x0C, 0x0C,
    0x0C, 0x0C, 0x0C, 0x0C, 0x0C, 0x0C, 0x0C, 0x0C, 0x0C, 0x0C, 0x0C, 0x0C, 0x0C, 0x0C, 0x0C, 0x0C, 0x0C, 0x0C, 0x0C, 0x0C, 0x0C, 0x0C, 0x0C, 0x0C, 0x0C, 0x0C, 0x0C, 0x0C, 0x0C, 0x0C, 0x0C, 0x0C,
    0x0C, 0x0C, 0x0C, 0x0C, 0x0C, 0x0C, 0x0C, 0x0C, 0x0C, 0x0C, 0x0C, 0x0C, 0x0C, 0x04, 0x04, 0x04, 0x0C, 0x0C, 0x0C, 0x04, 0x04, 0x04, 0x04, 0x04, 0x04, 0x04, 0x04, 0x04, 0x04, 0x04, 0x04, 0x04,
    0x0C, 0x0C, 0x0C, 0x0C, 0x0C, 0x0C, 0x10, 0x73, 0x0C, 0x0C, 0x0C, 0x10, 0x73, 0x73, 0x73, 0x4E, 0x0C, 0x0C, 0x10, 0x73, 0x4E, 0x01, 0x01, 0x01, 0x0C, 0x10, 0x73, 0x4E, 0x01, 0x01, 0x01, 0x01,
    0x04, 0x10, 0x73, 0x4E, 0x01, 0x01, 0x01, 0x01, 0x04, 0x04, 0x73, 0x4E, 0x01, 0x01, 0x4E, 0x73, 0x04, 0x04, 0x10, 0x73, 0x73, 0x73, 0x73, 0x10, 0x04, 0x04, 0x04, 0x04, 0x04, 0x04, 0x04, 0x04,
    0x73, 0x73, 0x73, 0x4E, 0x01, 0x01, 0x01, 0x01, 0x01, 0x01, 0x01, 0x01, 0x01, 0x01, 0x01, 0x01, 0x01, 0x01, 0x01, 0x01, 0x01, 0x01, 0x01, 0x4E, 0x01, 0x01, 0x01, 0x01, 0x4E, 0x73, 0x73, 0x73,
    0x01, 0x4E, 0x73, 0x73, 0x73, 0x10, 0x04, 0x04, 0x73, 0x73, 0x10, 0x04, 0x04, 0x04, 0x04, 0x04, 0x04, 0x04, 0x04, 0x04, 0x04, 0x04, 0x04, 0x04, 0x04, 0x04, 0x04, 0x04, 0x04, 0x04, 0x04, 0x04,
    0x01, 0x01, 0x01, 0x01, 0x01, 0x4E, 0x73, 0x73, 0x01, 0x01, 0x4E, 0x73, 0x73, 0x73, 0x10, 0x04, 0x73, 0x73, 0x73, 0x10, 0x04, 0x04, 0x04, 0x11, 0x10, 0x04, 0x04, 0x04, 0x04, 0x04, 0x11, 0x11,
    0x04, 0x04, 0x04, 0x04, 0x11, 0x73, 0x73, 0x73, 0x04, 0x04, 0x04, 0x11, 0x73, 0x4E, 0x01, 0x01, 0x04, 0x04, 0x04, 0x11, 0x73, 0x01, 0x01, 0x01, 0x04, 0x04, 0x04, 0x11, 0x73, 0x4E, 0x01, 0x01,
    0x73, 0x01, 0x01, 0x01, 0x01, 0x01, 0x01, 0x01, 0x73, 0x01, 0x01, 0x01, 0x01, 0x01, 0x01, 0x01, 0x73, 0x01, 0x01, 0x01, 0x01, 0x01, 0x01, 0x01, 0x73, 0x01, 0x01, 0x01, 0x01, 0x01, 0x01, 0x01,
    0x4E, 0x01, 0x01, 0x01, 0x01, 0x01, 0x01, 0x01, 0x01, 0x01, 0x01, 0x01, 0x01, 0x01, 0x01, 0x01, 0x01, 0x01, 0x01, 0x01, 0x01, 0x01, 0x01, 0x01, 0x01, 0x01, 0x01, 0x01, 0x01, 0x01, 0x01, 0x01,
    0x01, 0x01, 0x01, 0x01, 0x01, 0x01, 0x01, 0x01, 0x01, 0x01, 0x01, 0x01, 0x01, 0x01, 0x01, 0x01, 0x01, 0x01, 0x01, 0x01, 0x01, 0x01, 0x01, 0x01, 0x01, 0x01, 0x01, 0x01, 0x01, 0x01, 0x01, 0x01,
    0x01, 0x01, 0x01, 0x01, 0x01, 0x01, 0x01, 0x01, 0x01, 0x01, 0x01, 0x01, 0x01, 0x01, 0x01, 0x01, 0x01, 0x01, 0x01, 0x01, 0x01, 0x01, 0x01, 0x01, 0x01, 0x01, 0x01, 0x01, 0x01, 0x01, 0x01, 0x01,
    0x01, 0x01, 0x01, 0x01, 0x01, 0x01, 0x01, 0x01, 0x01, 0x01, 0x01, 0x01, 0x01, 0x01, 0x01, 0x01, 0x01, 0x01, 0x01, 0x01, 0x01, 0x01, 0x01, 0x01, 0x01, 0x01, 0x01, 0x01, 0x01, 0x01, 0x01, 0x01,
    0x01, 0x01, 0x01, 0x01, 0x01, 0x01, 0x01, 0x01, 0x01, 0x01, 0x01, 0x01, 0x01, 0x01, 0x01, 0x01, 0x01, 0x01, 0x01, 0x01, 0x01, 0x01, 0x01, 0x4E, 0x01, 0x01, 0x01, 0x01, 0x4E, 0x73, 0x73, 0x73,
    0x01, 0x01, 0x01, 0x01, 0x01, 0x01, 0x01, 0x01, 0x01, 0x01, 0x01, 0x01, 0x01, 0x01, 0x01, 0x01, 0x01, 0x01, 0x01, 0x01, 0x01, 0x01, 0x01, 0x01, 0x01, 0x01, 0x01, 0x01, 0x01, 0x01, 0x01, 0x01,
    0x01, 0x01, 0x01, 0x01, 0x01, 0x4E, 0x73, 0x73, 0x01, 0x01, 0x4E, 0x73, 0x73, 0x73, 0x56, 0x56, 0x73, 0x73, 0x73, 0x56, 0x56, 0x44, 0x44, 0x44, 0x56, 0x56, 0x44, 0x44, 0x44, 0x44, 0x44, 0x44,
    0x01, 0x01, 0x01, 0x01, 0x01, 0x01, 0x73, 0x11, 0x01, 0x01, 0x01, 0x01, 0x01, 0x4E, 0x73, 0x73, 0x01, 0x01, 0x01, 0x4E, 0x73, 0x73, 0x56, 0x56, 0x4E, 0x73, 0x73, 0x73, 0x56, 0x44, 0x44, 0x44,
    0x73, 0x56, 0x56, 0x44, 0x44, 0x44, 0x44, 0x44, 0x44, 0x44, 0x44, 0x44, 0x44, 0x44, 0x44, 0x44, 0x44, 0x44, 0x44, 0x44, 0x44, 0x44, 0x44, 0x44, 0x44, 0x44, 0x44, 0x44, 0x44, 0x44, 0x44, 0x44,
    0x11, 0x73, 0x73, 0x73, 0x56, 0x56, 0x44, 0x44, 0x73, 0x56, 0x56, 0x44, 0x44, 0x44, 0x44, 0x44, 0x44, 0x44, 0x44, 0x44, 0x44, 0x44, 0x44, 0x44, 0x44, 0x44, 0x44, 0x44, 0x44, 0x44, 0x44, 0x44,
    0x44, 0x44, 0x44, 0x44, 0x44, 0x44, 0x44, 0x44, 0x44, 0x44, 0x44, 0x44, 0x44, 0x44, 0x44, 0x44, 0x44, 0x44, 0x44, 0x44, 0x44, 0x44, 0x44, 0x44, 0x44, 0x44, 0x44, 0x44, 0x44, 0x44, 0x44, 0x44,
    0x44, 0x44, 0x44, 0x44, 0x44, 0x44, 0x44, 0x44, 0x44, 0x44, 0x44, 0x44, 0x44, 0x44, 0x44, 0x44, 0x44, 0x44, 0x44, 0x44, 0x44, 0x44, 0x44, 0x44, 0x44, 0x44, 0x44, 0x44, 0x44, 0x44, 0x44, 0x44,
    0x44, 0x44, 0x44, 0x44, 0x44, 0x44, 0x44, 0x44, 0x44, 0x44, 0x44, 0x44, 0x44, 0x44, 0x44, 0x44, 0x44, 0x44, 0x44, 0x44, 0x44, 0x44, 0x44, 0x44, 0x44, 0x44, 0x44, 0x44, 0x44, 0x44, 0x44, 0x44,
    0x44, 0x44, 0x44, 0x44, 0x44, 0x44, 0x44, 0x44, 0x44, 0x44, 0x44, 0x44, 0x44, 0x44, 0x44, 0x44, 0x44, 0x44, 0x44, 0x44, 0x44, 0x44, 0x44, 0x44, 0x44, 0x44, 0x44, 0x44, 0x44, 0x44, 0x44, 0x44,
    0x44, 0x44, 0x44, 0x44, 0x44, 0x44, 0x44, 0x44, 0x44, 0x44, 0x44, 0x44, 0x44, 0x44, 0x44, 0x44, 0x44, 0x44, 0x44, 0x44, 0x44, 0x44, 0x44, 0x44, 0x44, 0x44, 0x44, 0x44, 0x44, 0x44, 0x44, 0x44,
    0x44, 0x44, 0x44, 0x44, 0x44, 0x44, 0x44, 0x44, 0x44, 0x44, 0x44, 0x44, 0x44, 0x44, 0x44, 0x44, 0x44, 0x44, 0x44, 0x44, 0x44, 0x44, 0x44, 0x44, 0x44, 0x44, 0x44, 0x44, 0x44, 0x44, 0x44, 0x44,
    0x44, 0x44, 0x44, 0x44, 0x44, 0x44, 0x44, 0x44, 0x44, 0x44, 0x44, 0x44, 0x44, 0x44, 0x44, 0x56, 0x44, 0x44, 0x44, 0x44, 0x44, 0x44, 0x44, 0x56, 0x44, 0x44, 0x44, 0x44, 0x44, 0x44, 0x44, 0x44,
    0x44, 0x44, 0x44, 0x44, 0x44, 0x44, 0x44, 0x44, 0x44, 0x44, 0x44, 0x44, 0x44, 0x44, 0x44, 0x44, 0x44, 0x44, 0x56, 0x56, 0x44, 0x44, 0x44, 0x44, 0x56, 0x73, 0x73, 0x73, 0x73, 0x56, 0x56, 0x56,
    0x73, 0x65, 0x65, 0x65, 0x65, 0x73, 0x73, 0x73, 0x73, 0x65, 0x65, 0x65, 0x65, 0x65, 0x65, 0x65, 0x73, 0x65, 0x65, 0x65, 0x65, 0x65, 0x65, 0x65, 0x73, 0x65, 0x65, 0x65, 0x65, 0x65, 0x65, 0x65,
    0x44, 0x44, 0x56, 0x56, 0x73, 0x73, 0x66, 0x37, 0x44, 0x56, 0x73, 0x73, 0x38, 0x73, 0x66, 0x66, 0x56, 0x73, 0x38, 0x38, 0x38, 0x38, 0x73, 0x66, 0x73, 0x38, 0x38, 0x38, 0x38, 0x73, 0x73, 0x66,
    0x73, 0x73, 0x38, 0x38, 0x73, 0x38, 0x73, 0x73, 0x65, 0x65, 0x73, 0x73, 0x38, 0x38, 0x38, 0x38, 0x65, 0x65, 0x65, 0x73, 0x38, 0x38, 0x38, 0x38, 0x65, 0x65, 0x65, 0x73, 0x38, 0x38, 0x38, 0x38,
    0x37, 0x37, 0x2E, 0x2E, 0x2E, 0x0A, 0x0A, 0x2E, 0x37, 0x37, 0x37, 0x2E, 0x2E, 0x2E, 0x2E, 0x37, 0x66, 0x37, 0x37, 0x37, 0x37, 0x37, 0x37, 0x37, 0x66, 0x66, 0x66, 0x66, 0x66, 0x66, 0x66, 0x66,
    0x73, 0x73, 0x73, 0x73, 0x73, 0x73, 0x73, 0x73, 0x38, 0x38, 0x38, 0x38, 0x38, 0x38, 0x38, 0x38, 0x38, 0x38, 0x38, 0x38, 0x38, 0x38, 0x38, 0x38, 0x38, 0x2F, 0x2F, 0x2F, 0x2F, 0x2F, 0x2F, 0x2F,
    0x37, 0x37, 0x66, 0x73, 0x38, 0x38, 0x73, 0x38, 0x37, 0x37, 0x66, 0x73, 0x73, 0x73, 0x38, 0x38, 0x37, 0x66, 0x73, 0x73, 0x38, 0x38, 0x38, 0x38, 0x73, 0x73, 0x38, 0x38, 0x38, 0x38, 0x38, 0x2F,
    0x38, 0x38, 0x38, 0x38, 0x38, 0x2F, 0x0B, 0x0B, 0x38, 0x38, 0x38, 0x2F, 0x0B, 0x0B, 0x0B, 0x0B, 0x38, 0x2F, 0x0B, 0x0B, 0x0B, 0x0B, 0x0B, 0x0B, 0x2F, 0x0B, 0x0B, 0x0B, 0x0B, 0x0B, 0x0B, 0x0B,
    0x38, 0x38, 0x2F, 0x2F, 0x2F, 0x2F, 0x2F, 0x2F, 0x38, 0x2F, 0x0B, 0x0B, 0x0B, 0x2F, 0x2F, 0x2F, 0x2F, 0x0B, 0x0B, 0x0B, 0x0B, 0x0B, 0x2F, 0x2F, 0x0B, 0x0B, 0x0B, 0x0B, 0x0B, 0x0B, 0x2F, 0x2F,
    0x0B, 0x0B, 0x0B, 0x0B, 0x0B, 0x0B, 0x2F, 0x2F, 0x0B, 0x0B, 0x0B, 0x0B, 0x0B, 0x2F, 0x2F, 0x2F, 0x0B, 0x0B, 0x0B, 0x0B, 0x0B, 0x2F, 0x2F, 0x38, 0x0B, 0x0B, 0x0B, 0x0B, 0x2F, 0x2F, 0x38, 0x38,
    0x38, 0x38, 0x38, 0x73, 0x38, 0x38, 0x38, 0x38, 0x38, 0x38, 0x38, 0x73, 0x38, 0x38, 0x38, 0x38, 0x38, 0x38, 0x38, 0x73, 0x38, 0x38, 0x38, 0x38, 0x38, 0x38, 0x38, 0x73, 0x38, 0x38, 0x38, 0x38,
    0x38, 0x38, 0x38, 0x73, 0x38, 0x38, 0x38, 0x38, 0x38, 0x38, 0x73, 0x38, 0x38, 0x38, 0x38, 0x38, 0x38, 0x38, 0x73, 0x38, 0x38, 0x38, 0x38, 0x38, 0x38, 0x73, 0x38, 0x38, 0x38, 0x38, 0x38, 0x38,
    0x38, 0x38, 0x38, 0x73, 0x3C, 0x1B, 0x1B, 0x1B, 0x38, 0x38, 0x73, 0x4E, 0x3C, 0x1B, 0x1B, 0x1B, 0x38, 0x38, 0x73, 0x4E, 0x3C, 0x1B, 0x1B, 0x1B, 0x38, 0x38, 0x73, 0x4E, 0x3C, 0x1B, 0x1B, 0x1B,
    0x38, 0x38, 0x73, 0x4E, 0x3C, 0x1B, 0x1B, 0x1B, 0x38, 0x38, 0x73, 0x4E, 0x3C, 0x1B, 0x1B, 0x1B, 0x38, 0x38, 0x73, 0x4E, 0x3C, 0x1B, 0x1B, 0x1B, 0x38, 0x38, 0x73, 0x4E, 0x3C, 0x1B, 0x1B, 0x1B,
    0x3C, 0x3C, 0x4E, 0x4E, 0x73, 0x4E, 0x51, 0x3D, 0x3C, 0x3C, 0x4E, 0x4E, 0x73, 0x51, 0x3D, 0x17, 0x3C, 0x3C, 0x4E, 0x4E, 0x73, 0x3D, 0x17, 0x17, 0x3C, 0x3C, 0x4E, 0x4E, 0x73, 0x17, 0x17, 0x17,
    0x3C, 0x3C, 0x4E, 0x4E, 0x73, 0x17, 0x17, 0x17, 0x3C, 0x3C, 0x4E, 0x4E, 0x73, 0x17, 0x17, 0x3D, 0x3C, 0x4E, 0x4E, 0x4E, 0x73, 0x17, 0x3D, 0x0D, 0x3C, 0x4E, 0x4E, 0x4E, 0x73, 0x3D, 0x0D, 0x05,
    0x17, 0x17, 0x17, 0x0D, 0x05, 0x05, 0x05, 0x05, 0x17, 0x17, 0x3D, 0x05, 0x05, 0x05, 0x05, 0x05, 0x17, 0x3D, 0x0D, 0x05, 0x05, 0x05, 0x05, 0x05, 0x3D, 0x0D, 0x05, 0x05, 0x05, 0x05, 0x05, 0x05,
    0x0D, 0x05, 0x05, 0x05, 0x05, 0x05, 0x05, 0x05, 0x05, 0x05, 0x05, 0x05, 0x05, 0x05, 0x05, 0x05, 0x05, 0x05, 0x05, 0x05, 0x05, 0x05, 0x05, 0x05, 0x05, 0x05, 0x05, 0x05, 0x05, 0x05, 0x05, 0x05,
    0x05, 0x05, 0x05, 0x05, 0x05, 0x05, 0x05, 0x0D, 0x05, 0x05, 0x05, 0x05, 0x05, 0x05, 0x05, 0x05, 0x05, 0x05, 0x05, 0x0D, 0x0D, 0x05, 0x05, 0x05, 0x05, 0x05, 0x3D, 0x3D, 0x17, 0x3D, 0x0D, 0x05,
    0x05, 0x0D, 0x3D, 0x17, 0x17, 0x17, 0x3D, 0x05, 0x05, 0x0D, 0x3D, 0x17, 0x17, 0x17, 0x3D, 0x3D, 0x05, 0x05, 0x0D, 0x3D, 0x3D, 0x3D, 0x0D, 0x05, 0x05, 0x05, 0x05, 0x05, 0x0D, 0x0D, 0x05, 0x05,
    0x0D, 0x0D, 0x3D, 0x3D, 0x3D, 0x17, 0x17, 0x17, 0x05, 0x05, 0x05, 0x05, 0x0D, 0x0D, 0x0D, 0x3D, 0x05, 0x05, 0x05, 0x05, 0x05, 0x05, 0x05, 0x05, 0x05, 0x05, 0x05, 0x05, 0x0D, 0x0D, 0x0D, 0x3D,
    0x0D, 0x0D, 0x3D, 0x3D, 0x17, 0x17, 0x17, 0x17, 0x3D, 0x17, 0x17, 0x17, 0x17, 0x17, 0x17, 0x17, 0x3D, 0x17, 0x17, 0x17, 0x17, 0x17, 0x17, 0x17, 0x0D, 0x3D, 0x17, 0x17, 0x17, 0x17, 0x17, 0x17,
    0x17, 0x17, 0x17, 0x3D, 0x51, 0x55, 0x73, 0x73, 0x3D, 0x3D, 0x3D, 0x17, 0x3D, 0x51, 0x55, 0x73, 0x0D, 0x0D, 0x17, 0x17, 0x17, 0x3D, 0x4E, 0x55, 0x17, 0x17, 0x17, 0x17, 0x17, 0x3D, 0x51, 0x4E,
    0x17, 0x17, 0x17, 0x17, 0x17, 0x17, 0x51, 0x4E, 0x17, 0x17, 0x17, 0x17, 0x17, 0x17, 0x3D, 0x4E, 0x17, 0x17, 0x17, 0x17, 0x17, 0x17, 0x3D, 0x51, 0x17, 0x17, 0x17, 0x17, 0x17, 0x17, 0x3D, 0x51,
    0x73, 0x55, 0x4F, 0x4F, 0x4F, 0x4F, 0x4F, 0x4F, 0x73, 0x73, 0x4F, 0x4F, 0x4F, 0x4F, 0x4F, 0x55, 0x73, 0x73, 0x55, 0x4F, 0x4F, 0x4F, 0x4F, 0x73, 0x73, 0x73, 0x55, 0x4F, 0x4F, 0x4F, 0x55, 0x73,
    0x55, 0x73, 0x73, 0x4F, 0x4F, 0x4F, 0x73, 0x73, 0x55, 0x73, 0x73, 0x55, 0x4F, 0x55, 0x73, 0x73, 0x55, 0x73, 0x73, 0x55, 0x55, 0x73, 0x73, 0x55, 0x55, 0x73, 0x73, 0x55, 0x73, 0x73, 0x73, 0x55,
    0x73, 0x73, 0x55, 0x4F, 0x4F, 0x4F, 0x4F, 0x4F, 0x73, 0x73, 0x4F, 0x4F, 0x4F, 0x4F, 0x4F, 0x4F, 0x73, 0x55, 0x4F, 0x4F, 0x4F, 0x4F, 0x4F, 0x4F, 0x73, 0x55, 0x55, 0x55, 0x55, 0x4F, 0x4F, 0x4F,
    0x73, 0x73, 0x73, 0x73, 0x73, 0x55, 0x55, 0x55, 0x73, 0x73, 0x73, 0x73, 0x73, 0x73, 0x73, 0x73, 0x55, 0x55, 0x55, 0x55, 0x55, 0x73, 0x73, 0x73, 0x4F, 0x4F, 0x4F, 0x4F, 0x4F, 0x55, 0x55, 0x55,
    0x4F, 0x2A, 0x2A, 0x2A, 0x2A, 0x2A, 0x2A, 0x2A, 0x4F, 0x2A, 0x2A, 0x2A, 0x2A, 0x2A, 0x2A, 0x2A, 0x4F, 0x4F, 0x2A, 0x2A, 0x2A, 0x2A, 0x2A, 0x2A, 0x4F, 0x4F, 0x4F, 0x2A, 0x2A, 0x2A, 0x2A, 0x2A,
    0x55, 0x55, 0x55, 0x4F, 0x4F, 0x2A, 0x2A, 0x2A, 0x73, 0x73, 0x73, 0x55, 0x55, 0x55, 0x55, 0x55, 0x73, 0x73, 0x73, 0x73, 0x73, 0x73, 0x73, 0x73, 0x55, 0x55, 0x55, 0x73, 0x73, 0x73, 0x73, 0x73,
    0x2A, 0x2A, 0x2A, 0x2A, 0x2A, 0x4F, 0x4F, 0x4F, 0x2A, 0x2A, 0x2A, 0x2A, 0x2A, 0x2A, 0x4F, 0x4F, 0x2A, 0x2A, 0x2A, 0x2A, 0x2A, 0x2A, 0x4F, 0x4F, 0x2A, 0x2A, 0x2A, 0x2A, 0x2A, 0x2A, 0x2A, 0x4F,
    0x2A, 0x2A, 0x2A, 0x2A, 0x2A, 0x2A, 0x4F, 0x55, 0x55, 0x4F, 0x4F, 0x2A, 0x2A, 0x4F, 0x55, 0x73, 0x73, 0x55, 0x55, 0x55, 0x55, 0x55, 0x55, 0x73, 0x73, 0x73, 0x73, 0x73, 0x73, 0x73, 0x73, 0x73,
    0x4F, 0x55, 0x73, 0x73, 0x0D, 0x05, 0x05, 0x05, 0x4F, 0x73, 0x73, 0x43, 0x05, 0x05, 0x05, 0x05, 0x55, 0x73, 0x73, 0x0D, 0x05, 0x05, 0x05, 0x05, 0x73, 0x73, 0x43, 0x05, 0x05, 0x05, 0x05, 0x05,
    0x73, 0x73, 0x0D, 0x05, 0x05, 0x05, 0x05, 0x05, 0x73, 0x43, 0x0D, 0x05, 0x05, 0x05, 0x05, 0x05, 0x73, 0x43, 0x0D, 0x0D, 0x0D, 0x0D, 0x0D, 0x0D, 0x43, 0x43, 0x43, 0x43, 0x43, 0x43, 0x0D, 0x0D,
    0x05, 0x05, 0x05, 0x0D, 0x43, 0x73, 0x73, 0x54, 0x05, 0x05, 0x0D, 0x0D, 0x73, 0x73, 0x57, 0x54, 0x05, 0x05, 0x0D, 0x43, 0x73, 0x73, 0x57, 0x2B, 0x05, 0x05, 0x0D, 0x43, 0x73, 0x73, 0x54, 0x2B,
    0x05, 0x0D, 0x0D, 0x73, 0x73, 0x57, 0x54, 0x2B, 0x05, 0x0D, 0x43, 0x73, 0x73, 0x54, 0x2B, 0x2B, 0x0D, 0x0D, 0x73, 0x73, 0x57, 0x54, 0x2B, 0x2B, 0x0D, 0x43, 0x73, 0x73, 0x54, 0x54, 0x54, 0x54,
    0x2B, 0x2B, 0x2B, 0x2B, 0x2B, 0x54, 0x73, 0x73, 0x2B, 0x2B, 0x2B, 0x2B, 0x2B, 0x57, 0x73, 0x73, 0x2B, 0x2B, 0x2B, 0x2B, 0x54, 0x73, 0x73, 0x73, 0x2B, 0x2B, 0x2B, 0x2B, 0x57, 0x73, 0x73, 0x73,
    0x2B, 0x2B, 0x2B, 0x54, 0x73, 0x73, 0x73, 0x73, 0x2B, 0x2B, 0x2B, 0x57, 0x73, 0x73, 0x73, 0x57, 0x2B, 0x2B, 0x54, 0x57, 0x73, 0x73, 0x73, 0x57, 0x54, 0x54, 0x54, 0x73, 0x73, 0x73, 0x73, 0x57,
    0x73, 0x57, 0x73, 0x73, 0x73, 0x73, 0x73, 0x6F, 0x73, 0x57, 0x73, 0x73, 0x73, 0x73, 0x73, 0x6F, 0x73, 0x57, 0x73, 0x73, 0x73, 0x73, 0x73, 0x6F, 0x57, 0x73, 0x73, 0x73, 0x73, 0x73, 0x73, 0x6F,
    0x57, 0x73, 0x73, 0x73, 0x73, 0x73, 0x73, 0x6F, 0x73, 0x73, 0x73, 0x73, 0x73, 0x73, 0x73, 0x6F, 0x73, 0x73, 0x73, 0x73, 0x73, 0x73, 0x73, 0x6F, 0x73, 0x73, 0x73, 0x73, 0x73, 0x73, 0x73, 0x6F,
    0x6F, 0x73, 0x73, 0x73, 0x73, 0x73, 0x73, 0x73, 0x6F, 0x73, 0x73, 0x73, 0x73, 0x73, 0x73, 0x73, 0x6F, 0x73, 0x73, 0x73, 0x73, 0x73, 0x73, 0x73, 0x6F, 0x73, 0x73, 0x73, 0x73, 0x73, 0x73, 0x73,
    0x6F, 0x73, 0x73, 0x73, 0x73, 0x73, 0x73, 0x73, 0x6F, 0x73, 0x73, 0x73, 0x73, 0x73, 0x73, 0x73, 0x6F, 0x73, 0x73, 0x73, 0x73, 0x73, 0x73, 0x73, 0x6F, 0x73, 0x73, 0x73, 0x73, 0x73, 0x73, 0x73,
    0x73, 0x57, 0x73, 0x73, 0x73, 0x57, 0x54, 0x54, 0x73, 0x57, 0x73, 0x73, 0x73, 0x73, 0x57, 0x57, 0x73, 0x73, 0x57, 0x73, 0x73, 0x73, 0x73, 0x73, 0x73, 0x73, 0x57, 0x73, 0x73, 0x73, 0x73, 0x73,
    0x73, 0x73, 0x73, 0x57, 0x73, 0x73, 0x73, 0x73, 0x73, 0x73, 0x73, 0x73, 0x57, 0x73, 0x73, 0x73, 0x73, 0x73, 0x73, 0x73, 0x57, 0x73, 0x73, 0x73, 0x73, 0x73, 0x73, 0x73, 0x73, 0x57, 0x73, 0x73,
    0x54, 0x54, 0x54, 0x54, 0x57, 0x73, 0x73, 0x43, 0x57, 0x57, 0x57, 0x57, 0x73, 0x73, 0x73, 0x73, 0x73, 0x73, 0x73, 0x73, 0x73, 0x73, 0x73, 0x73, 0x73, 0x73, 0x73, 0x73, 0x57, 0x57, 0x73, 0x73,
    0x57, 0x57, 0x57, 0x57, 0x54, 0x54, 0x57, 0x73, 0x57, 0x54, 0x54, 0x54, 0x54, 0x54, 0x54, 0x73, 0x73, 0x54, 0x54, 0x2B, 0x2B, 0x2B, 0x2B, 0x57, 0x73, 0x57, 0x54, 0x2B, 0x2B, 0x2B, 0x2B, 0x54,
    0x43, 0x43, 0x73, 0x73, 0x73, 0x73, 0x73, 0x73, 0x73, 0x73, 0x73, 0x73, 0x73, 0x73, 0x73, 0x73, 0x73, 0x73, 0x43, 0x43, 0x43, 0x43, 0x43, 0x43, 0x43, 0x43, 0x0D, 0x0D, 0x0D, 0x0D, 0x0D, 0x0D,
    0x73, 0x43, 0x0D, 0x0D, 0x0D, 0x0D, 0x0D, 0x0D, 0x73, 0x73, 0x0D, 0x0D, 0x05, 0x05, 0x05, 0x05, 0x73, 0x73, 0x43, 0x0D, 0x05, 0x05, 0x05, 0x05, 0x57, 0x73, 0x73, 0x43, 0x0D, 0x05, 0x05, 0x05,
    0x73, 0x73, 0x73, 0x73, 0x73, 0x73, 0x73, 0x55, 0x43, 0x73, 0x73, 0x55, 0x55, 0x55, 0x55, 0x4F, 0x43, 0x73, 0x73, 0x55, 0x4F, 0x4F, 0x4F, 0x2A, 0x0D, 0x43, 0x73, 0x73, 0x55, 0x4F, 0x2A, 0x2A,
    0x0D, 0x0D, 0x73, 0x73, 0x73, 0x55, 0x2A, 0x2A, 0x05, 0x05, 0x43, 0x73, 0x73, 0x73, 0x4F, 0x2A, 0x05, 0x05, 0x0D, 0x43, 0x73, 0x73, 0x55, 0x4F, 0x05, 0x05, 0x05, 0x0D, 0x43, 0x73, 0x73, 0x55,
    0x55, 0x55, 0x55, 0x55, 0x55, 0x4F, 0x4F, 0x4F, 0x4F, 0x4F, 0x4F, 0x4F, 0x4F, 0x4F, 0x4F, 0x4F, 0x2A, 0x2A, 0x2A, 0x2A, 0x2A, 0x2A, 0x2A, 0x2A, 0x2A, 0x2A, 0x2A, 0x2A, 0x2A, 0x2A, 0x2A, 0x2A,
    0x2A, 0x2A, 0x2A, 0x2A, 0x2A, 0x2A, 0x2A, 0x2A, 0x2A, 0x2A, 0x2A, 0x2A, 0x2A, 0x2A, 0x2A, 0x2A, 0x2A, 0x2A, 0x2A, 0x2A, 0x2A, 0x2A, 0x2A, 0x2A, 0x4F, 0x2A, 0x2A, 0x2A, 0x2A, 0x2A, 0x2A, 0x2A,
    0x4F, 0x4F, 0x4F, 0x4F, 0x4F, 0x4F, 0x4F, 0x4F, 0x4F, 0x4F, 0x4F, 0x4F, 0x4F, 0x4F, 0x4F, 0x4F, 0x2A, 0x2A, 0x4F, 0x4F, 0x4F, 0x4F, 0x4F, 0x4F, 0x2A, 0x2A, 0x2A, 0x2A, 0x2A, 0x4F, 0x4F, 0x4F,
    0x2A, 0x2A, 0x2A, 0x2A, 0x2A, 0x2A, 0x2A, 0x2A, 0x2A, 0x2A, 0x2A, 0x2A, 0x2A, 0x2A, 0x2A, 0x2A, 0x2A, 0x2A, 0x2A, 0x2A, 0x2A, 0x2A, 0x2A, 0x2A, 0x2A, 0x2A, 0x2A, 0x2A, 0x2A, 0x2A, 0x2A, 0x2A,
    0x4F, 0x55, 0x73, 0x73, 0x55, 0x73, 0x73, 0x55, 0x4F, 0x4F, 0x55, 0x73, 0x73, 0x73, 0x73, 0x55, 0x4F, 0x4F, 0x4F, 0x73, 0x73, 0x73, 0x73, 0x55, 0x4F, 0x4F, 0x4F, 0x55, 0x73, 0x73, 0x73, 0x55,
    0x4F, 0x4F, 0x4F, 0x4F, 0x55, 0x73, 0x73, 0x73, 0x2A, 0x2A, 0x4F, 0x4F, 0x4F, 0x73, 0x73, 0x73, 0x2A, 0x2A, 0x2A, 0x2A, 0x4F, 0x55, 0x73, 0x73, 0x2A, 0x2A, 0x2A, 0x2A, 0x2A, 0x4F, 0x55, 0x73,
    0x51, 0x3D, 0x17, 0x17, 0x17, 0x17, 0x17, 0x17, 0x51, 0x3D, 0x17, 0x17, 0x17, 0x17, 0x17, 0x17, 0x4E, 0x3D, 0x17, 0x17, 0x17, 0x17, 0x17, 0x17, 0x4E, 0x51, 0x17, 0x17, 0x17, 0x17, 0x17, 0x17,
    0x4E, 0x51, 0x3D, 0x17, 0x17, 0x17, 0x17, 0x17, 0x55, 0x4E, 0x3D, 0x17, 0x17, 0x17, 0x17, 0x3D, 0x73, 0x55, 0x51, 0x3D, 0x17, 0x17, 0x3D, 0x0D, 0x73, 0x73, 0x55, 0x51, 0x3D, 0x17, 0x17, 0x17,
    0x17, 0x17, 0x17, 0x17, 0x17, 0x3D, 0x0D, 0x05, 0x17, 0x17, 0x17, 0x17, 0x3D, 0x0D, 0x05, 0x05, 0x17, 0x17, 0x17, 0x0D, 0x05, 0x05, 0x05, 0x05, 0x17, 0x3D, 0x0D, 0x05, 0x05, 0x05, 0x05, 0x05,
    0x3D, 0x0D, 0x05, 0x05, 0x05, 0x05, 0x05, 0x05, 0x0D, 0x05, 0x05, 0x05, 0x05, 0x05, 0x0D, 0x0D, 0x0D, 0x0D, 0x0D, 0x0D, 0x3D, 0x3D, 0x3D, 0x3D, 0x17, 0x17, 0x17, 0x17, 0x17, 0x17, 0x17, 0x17,
    0x05, 0x05, 0x05, 0x05, 0x05, 0x05, 0x05, 0x05, 0x05, 0x05, 0x05, 0x05, 0x05, 0x05, 0x05, 0x05, 0x05, 0x05, 0x05, 0x05, 0x05, 0x05, 0x05, 0x0D, 0x05, 0x05, 0x05, 0x05, 0x05, 0x05, 0x05, 0x3D,
    0x05, 0x05, 0x05, 0x05, 0x0D, 0x0D, 0x0D, 0x17, 0x0D, 0x0D, 0x0D, 0x3D, 0x3D, 0x3D, 0x17, 0x17, 0x17, 0x17, 0x17, 0x17, 0x17, 0x17, 0x17, 0x3D, 0x17, 0x17, 0x17, 0x17, 0x17, 0x17, 0x17, 0x3D,
    0x05, 0x05, 0x05, 0x05, 0x05, 0x05, 0x05, 0x05, 0x05, 0x0D, 0x0D, 0x05, 0x05, 0x05, 0x05, 0x05, 0x3D, 0x3D, 0x3D, 0x0D, 0x05, 0x05, 0x05, 0x05, 0x17, 0x17, 0x3D, 0x0D, 0x05, 0x05, 0x05, 0x05,
    0x17, 0x3D, 0x0D, 0x05, 0x05, 0x05, 0x0D, 0x3D, 0x0D, 0x05, 0x05, 0x05, 0x05, 0x0D, 0x3D, 0x17, 0x0D, 0x05, 0x05, 0x05, 0x0D, 0x3D, 0x17, 0x17, 0x0D, 0x05, 0x05, 0x0D, 0x3D, 0x17, 0x17, 0x17,
    0x05, 0x05, 0x0D, 0x17, 0x3D, 0x51, 0x55, 0x73, 0x05, 0x05, 0x0D, 0x17, 0x3D, 0x51, 0x55, 0x73, 0x05, 0x0D, 0x17, 0x17, 0x3D, 0x4E, 0x55, 0x73, 0x0D, 0x17, 0x17, 0x17, 0x51, 0x4E, 0x55, 0x73,
    0x17, 0x17, 0x17, 0x3D, 0x51, 0x55, 0x73, 0x73, 0x17, 0x17, 0x17, 0x3D, 0x4E, 0x55, 0x73, 0x73, 0x17, 0x17, 0x3D, 0x51, 0x55, 0x73, 0x73, 0x73, 0x17, 0x3D, 0x51, 0x55, 0x73, 0x73, 0x73, 0x73,
    0x73, 0x55, 0x4F, 0x4F, 0x4F, 0x55, 0x73, 0x73, 0x73, 0x55, 0x4F, 0x4F, 0x4F, 0x4F, 0x55, 0x73, 0x73, 0x4F, 0x4F, 0x4F, 0x4F, 0x4F, 0x4F, 0x55, 0x73, 0x4F, 0x4F, 0x4F, 0x4F, 0x4F, 0x4F, 0x4F,
    0x55, 0x4F, 0x4F, 0x4F, 0x4F, 0x4F, 0x4F, 0x4F, 0x55, 0x4F, 0x4F, 0x4F, 0x55, 0x55, 0x55, 0x55, 0x55, 0x73, 0x73, 0x73, 0x73, 0x73, 0x73, 0x73, 0x73, 0x73, 0x73, 0x73, 0x73, 0x73, 0x73, 0x73,
    0x73, 0x32, 0x10, 0x10, 0x10, 0x10, 0x10, 0x10, 0x73, 0x73, 0x32, 0x10, 0x10, 0x10, 0x10, 0x10, 0x73, 0x73, 0x73, 0x73, 0x32, 0x10, 0x10, 0x10, 0x55, 0x73, 0x73, 0x73, 0x73, 0x32, 0x10, 0x10,
    0x4F, 0x4F, 0x55, 0x73, 0x73, 0x73, 0x32, 0x10, 0x55, 0x55, 0x55, 0x55, 0x73, 0x73, 0x73, 0x73, 0x73, 0x73, 0x73, 0x73, 0x73, 0x73, 0x73, 0x73, 0x73, 0x73, 0x73, 0x73, 0x73, 0x73, 0x73, 0x73,
    0x32, 0x73, 0x73, 0x73, 0x73, 0x73, 0x73, 0x73, 0x32, 0x73, 0x73, 0x73, 0x73, 0x73, 0x73, 0x73, 0x10, 0x73, 0x73, 0x73, 0x73, 0x73, 0x73, 0x73, 0x10, 0x32, 0x73, 0x73, 0x73, 0x73, 0x73, 0x73,
    0x10, 0x32, 0x73, 0x73, 0x73, 0x73, 0x73, 0x73, 0x32, 0x32, 0x32, 0x73, 0x73, 0x73, 0x73, 0x73, 0x73, 0x32, 0x32, 0x73, 0x73, 0x73, 0x73, 0x73, 0x73, 0x73, 0x73, 0x32, 0x73, 0x73, 0x73, 0x73,
    0x73, 0x73, 0x73, 0x73, 0x73, 0x73, 0x73, 0x32, 0x73, 0x73, 0x73, 0x73, 0x73, 0x73, 0x32, 0x10, 0x73, 0x73, 0x73, 0x73, 0x73, 0x32, 0x10, 0x10, 0x73, 0x73, 0x73, 0x73, 0x32, 0x10, 0x10, 0x10,
    0x73, 0x73, 0x73, 0x73, 0x73, 0x32, 0x10, 0x10, 0x73, 0x73, 0x73, 0x73, 0x73, 0x73, 0x10, 0x10, 0x73, 0x73, 0x73, 0x73, 0x73, 0x73, 0x32, 0x10, 0x73, 0x73, 0x73, 0x73, 0x73, 0x73, 0x73, 0x32,
    0x10, 0x10, 0x10, 0x10, 0x32, 0x73, 0x73, 0x73, 0x10, 0x10, 0x10, 0x10, 0x32, 0x73, 0x73, 0x73, 0x10, 0x10, 0x10, 0x10, 0x10, 0x73, 0x73, 0x73, 0x10, 0x10, 0x10, 0x10, 0x10, 0x73, 0x73, 0x73,
    0x10, 0x10, 0x10, 0x10, 0x10, 0x32, 0x73, 0x73, 0x10, 0x10, 0x10, 0x10, 0x0D, 0x32, 0x73, 0x73, 0x10, 0x10, 0x0D, 0x0D, 0x0D, 0x32, 0x73, 0x73, 0x0D, 0x0D, 0x0D, 0x0D, 0x0D, 0x32, 0x73, 0x73,
    0x73, 0x73, 0x73, 0x10, 0x10, 0x10, 0x10, 0x10, 0x73, 0x73, 0x73, 0x10, 0x10, 0x10, 0x10, 0x0D, 0x73, 0x73, 0x73, 0x10, 0x10, 0x0D, 0x0D, 0x0D, 0x73, 0x73, 0x73, 0x0D, 0x0D, 0x0D, 0x0D, 0x0D,
    0x73, 0x73, 0x73, 0x32, 0x0D, 0x0D, 0x0D, 0x0D, 0x73, 0x73, 0x73, 0x32, 0x0D, 0x0D, 0x0D, 0x0D, 0x73, 0x73, 0x73, 0x32, 0x0D, 0x0D, 0x0D, 0x0D, 0x73, 0x73, 0x73, 0x32, 0x0D, 0x0D, 0x0D, 0x32,
    0x10, 0x10, 0x0D, 0x0D, 0x0D, 0x0D, 0x0D, 0x0D, 0x0D, 0x0D, 0x0D, 0x0D, 0x0D, 0x0D, 0x0D, 0x0D, 0x0D, 0x0D, 0x0D, 0x0D, 0x0D, 0x0D, 0x0D, 0x0D, 0x0D, 0x0D, 0x0D, 0x0D, 0x0D, 0x0D, 0x0D, 0x0D,
    0x0D, 0x0D, 0x0D, 0x0D, 0x0D, 0x0D, 0x0D, 0x0D, 0x0D, 0x0D, 0x0D, 0x32, 0x32, 0x32, 0x0C, 0x0C, 0x0D, 0x32, 0x73, 0x73, 0x73, 0x73, 0x73, 0x10, 0x73, 0x73, 0x4E, 0x01, 0x01, 0x01, 0x4E, 0x73,
    0x0D, 0x0D, 0x0D, 0x0D, 0x0D, 0x0D, 0x0D, 0x0D, 0x0D, 0x0D, 0x0D, 0x0D, 0x0D, 0x0D, 0x0D, 0x0D, 0x0D, 0x0D, 0x0D, 0x0D, 0x0D, 0x0C, 0x0C, 0x0C, 0x0D, 0x0D, 0x0C, 0x0C, 0x0C, 0x0C, 0x0C, 0x0C,
    0x0C, 0x0C, 0x0C, 0x0C, 0x0C, 0x0C, 0x10, 0x73, 0x0C, 0x0C, 0x0C, 0x0C, 0x10, 0x73, 0x73, 0x4E, 0x10, 0x10, 0x10, 0x73, 0x73, 0x4E, 0x01, 0x01, 0x73, 0x73, 0x73, 0x4E, 0x01, 0x01, 0x01, 0x01,
    0x0D, 0x0D, 0x0C, 0x0C, 0x0C, 0x0C, 0x0C, 0x0C, 0x0C, 0x0C, 0x0C, 0x0C, 0x0C, 0x0C, 0x0C, 0x0C, 0x0C, 0x0C, 0x10, 0x10, 0x73, 0x73, 0x73, 0x10, 0x10, 0x73, 0x73, 0x73, 0x4E, 0x4E, 0x4E, 0x73,
    0x73, 0x4E, 0x01, 0x01, 0x01, 0x01, 0x01, 0x01, 0x01, 0x01, 0x01, 0x01, 0x01, 0x01, 0x01, 0x01, 0x01, 0x01, 0x01, 0x01, 0x01, 0x01, 0x01, 0x01, 0x01, 0x01, 0x01, 0x01, 0x01, 0x01, 0x01, 0x01,
    0x0C, 0x0C, 0x0C, 0x0C, 0x0C, 0x0C, 0x0C, 0x0C, 0x0C, 0x0C, 0x0C, 0x0C, 0x0C, 0x0C, 0x0C, 0x0C, 0x0C, 0x0C, 0x0C, 0x0C, 0x0C, 0x0C, 0x0C, 0x0C, 0x73, 0x10, 0x0C, 0x0C, 0x0C, 0x0C, 0x0C, 0x0C,
    0x4E, 0x73, 0x10, 0x0C, 0x0C, 0x0C, 0x0C, 0x0C, 0x01, 0x4E, 0x73, 0x0C, 0x0C, 0x0C, 0x0C, 0x0C, 0x01, 0x01, 0x73, 0x10, 0x0C, 0x04, 0x04, 0x04, 0x01, 0x01, 0x73, 0x04, 0x04, 0x04, 0x04, 0x04,
    0x0C, 0x0C, 0x0C, 0x0C, 0x0C, 0x0C, 0x0C, 0x0C, 0x0C, 0x0C, 0x0C, 0x0C, 0x0C, 0x0C, 0x0C, 0x0C, 0x0C, 0x0C, 0x0C, 0x0C, 0x0C, 0x0C, 0x0C, 0x0C, 0x0C, 0x0C, 0x0C, 0x0C, 0x0C, 0x04, 0x04, 0x04,
    0x0C, 0x0C, 0x04, 0x04, 0x04, 0x04, 0x04, 0x04, 0x04, 0x04, 0x04, 0x04, 0x04, 0x04, 0x04, 0x04, 0x04, 0x04, 0x04, 0x04, 0x04, 0x04, 0x04, 0x04, 0x04, 0x04, 0x04, 0x04, 0x04, 0x04, 0x04, 0x04,
    0x0C, 0x0C, 0x0C, 0x0C, 0x0C, 0x04, 0x04, 0x04, 0x0C, 0x0C, 0x04, 0x04, 0x04, 0x04, 0x04, 0x04, 0x04, 0x04, 0x04, 0x04, 0x04, 0x04, 0x04, 0x04, 0x04, 0x04, 0x04, 0x04, 0x04, 0x04, 0x04, 0x04,
    0x04, 0x04, 0x04, 0x04, 0x04, 0x04, 0x04, 0x04, 0x04, 0x04, 0x04, 0x04, 0x04, 0x04, 0x04, 0x04, 0x04, 0x04, 0x04, 0x04, 0x04, 0x04, 0x04, 0x04, 0x04, 0x04, 0x04, 0x04, 0x04, 0x04, 0x04, 0x04,
    0x04, 0x04, 0x04, 0x04, 0x04, 0x04, 0x04, 0x04, 0x04, 0x04, 0x04, 0x04, 0x04, 0x04, 0x04, 0x04, 0x04, 0x04, 0x04, 0x04, 0x04, 0x04, 0x04, 0x04, 0x04, 0x04, 0x04, 0x04, 0x04, 0x04, 0x04, 0x04,
    0x04, 0x04, 0x04, 0x04, 0x04, 0x04, 0x04, 0x04, 0x04, 0x04, 0x04, 0x04, 0x04, 0x04, 0x04, 0x04, 0x04, 0x04, 0x04, 0x04, 0x04, 0x04, 0x04, 0x04, 0x04, 0x04, 0x04, 0x04, 0x04, 0x04, 0x04, 0x04,
    0x04, 0x04, 0x04, 0x04, 0x04, 0x04, 0x04, 0x04, 0x04, 0x04, 0x04, 0x04, 0x04, 0x04, 0x04, 0x04, 0x04, 0x04, 0x04, 0x04, 0x04, 0x04, 0x04, 0x04, 0x04, 0x04, 0x04, 0x04, 0x04, 0x04, 0x04, 0x04,
    0x04, 0x04, 0x04, 0x04, 0x04, 0x04, 0x04, 0x04, 0x04, 0x04, 0x04, 0x04, 0x04, 0x04, 0x04, 0x04, 0x04, 0x04, 0x04, 0x04, 0x04, 0x04, 0x11, 0x73, 0x04, 0x04, 0x04, 0x04, 0x04, 0x11, 0x73, 0x4E,
    0x04, 0x04, 0x04, 0x04, 0x04, 0x04, 0x04, 0x04, 0x04, 0x04, 0x04, 0x04, 0x04, 0x04, 0x04, 0x04, 0x04, 0x04, 0x04, 0x04, 0x04, 0x04, 0x04, 0x04, 0x04, 0x04, 0x04, 0x04, 0x04, 0x11, 0x11, 0x73,
    0x04, 0x04, 0x04, 0x11, 0x73, 0x73, 0x73, 0x4E, 0x11, 0x11, 0x73, 0x73, 0x4E, 0x01, 0x01, 0x01, 0x73, 0x73, 0x4E, 0x01, 0x01, 0x01, 0x01, 0x01, 0x01, 0x01, 0x01, 0x01, 0x01, 0x01, 0x01, 0x01,
    0x04, 0x04, 0x04, 0x04, 0x11, 0x73, 0x01, 0x01, 0x04, 0x04, 0x11, 0x73, 0x73, 0x4E, 0x01, 0x01, 0x11, 0x73, 0x73, 0x4E, 0x01, 0x01, 0x01, 0x01, 0x73, 0x4E, 0x01, 0x01, 0x01, 0x01, 0x01, 0x01,
    0x01, 0x01, 0x01, 0x01, 0x01, 0x01, 0x01, 0x01, 0x01, 0x01, 0x01, 0x01, 0x01, 0x01, 0x01, 0x01, 0x01, 0x01, 0x01, 0x01, 0x01, 0x01, 0x01, 0x01, 0x01, 0x01, 0x01, 0x01, 0x01, 0x4E, 0x73, 0x73,
    0x01, 0x01, 0x01, 0x01, 0x01, 0x01, 0x01, 0x01, 0x01, 0x01, 0x01, 0x01, 0x01, 0x01, 0x01, 0x01, 0x01, 0x01, 0x01, 0x01, 0x01, 0x01, 0x01, 0x01, 0x01, 0x01, 0x01, 0x01, 0x01, 0x01, 0x01, 0x01,
    0x01, 0x01, 0x01, 0x01, 0x01, 0x01, 0x4E, 0x73, 0x01, 0x01, 0x01, 0x4E, 0x73, 0x73, 0x73, 0x56, 0x4E, 0x73, 0x73, 0x73, 0x56, 0x56, 0x44, 0x44, 0x73, 0x56, 0x56, 0x44, 0x44, 0x44, 0x44, 0x44,
    0x01, 0x01, 0x01, 0x01, 0x01, 0x01, 0x01, 0x01, 0x01, 0x01, 0x01, 0x01, 0x01, 0x01, 0x4E, 0x73, 0x01, 0x01, 0x01, 0x4E, 0x73, 0x73, 0x73, 0x56, 0x01, 0x4E, 0x73, 0x73, 0x56, 0x56, 0x44, 0x44,
    0x73, 0x73, 0x56, 0x44, 0x44, 0x44, 0x44, 0x44, 0x56, 0x44, 0x44, 0x44, 0x44, 0x44, 0x44, 0x44, 0x44, 0x44, 0x44, 0x44, 0x44, 0x44, 0x44, 0x44, 0x44, 0x44, 0x44, 0x44, 0x44, 0x44, 0x44, 0x44,
    0x01, 0x4E, 0x73, 0x73, 0x73, 0x56, 0x56, 0x44, 0x73, 0x73, 0x56, 0x56, 0x44, 0x44, 0x44, 0x44, 0x56, 0x44, 0x44, 0x44, 0x44, 0x44, 0x44, 0x44, 0x44, 0x44, 0x44, 0x44, 0x44, 0x44, 0x44, 0x44,
    0x44, 0x44, 0x44, 0x44, 0x44, 0x44, 0x44, 0x44, 0x44, 0x44, 0x44, 0x44, 0x44, 0x44, 0x44, 0x44, 0x44, 0x44, 0x44, 0x44, 0x44, 0x44, 0x44, 0x44, 0x44, 0x44, 0x44, 0x44, 0x44, 0x44, 0x44, 0x44,
    0x44, 0x44, 0x44, 0x44, 0x44, 0x44, 0x44, 0x44, 0x44, 0x44, 0x44, 0x44, 0x44, 0x44, 0x44, 0x44, 0x44, 0x44, 0x44, 0x44, 0x44, 0x44, 0x44, 0x44, 0x44, 0x44, 0x44, 0x44, 0x44, 0x44, 0x44, 0x44,
    0x44, 0x44, 0x44, 0x44, 0x44, 0x44, 0x44, 0x44, 0x44, 0x44, 0x44, 0x44, 0x44, 0x44, 0x44, 0x44, 0x44, 0x44, 0x44, 0x44, 0x44, 0x44, 0x44, 0x44, 0x44, 0x44, 0x44, 0x44, 0x44, 0x44, 0x44, 0x44,
    0x44, 0x44, 0x44, 0x44, 0x44, 0x44, 0x44, 0x44, 0x44, 0x44, 0x44, 0x44, 0x44, 0x44, 0x44, 0x44, 0x44, 0x44, 0x44, 0x44, 0x44, 0x44, 0x44, 0x44, 0x44, 0x44, 0x44, 0x44, 0x44, 0x44, 0x44, 0x44,
    0x44, 0x44, 0x44, 0x44, 0x44, 0x44, 0x44, 0x44, 0x44, 0x44, 0x44, 0x44, 0x44, 0x44, 0x44, 0x44, 0x44, 0x44, 0x44, 0x44, 0x44, 0x44, 0x44, 0x44, 0x44, 0x44, 0x44, 0x44, 0x44, 0x44, 0x44, 0x44,
    0x44, 0x44, 0x44, 0x44, 0x44, 0x44, 0x44, 0x44, 0x44, 0x44, 0x44, 0x44, 0x44, 0x44, 0x44, 0x44, 0x44, 0x44, 0x44, 0x44, 0x44, 0x44, 0x44, 0x44, 0x44, 0x44, 0x44, 0x44, 0x44, 0x44, 0x44, 0x44,
    0x44, 0x44, 0x44, 0x44, 0x44, 0x44, 0x44, 0x44, 0x44, 0x44, 0x44, 0x44, 0x44, 0x44, 0x44, 0x44, 0x44, 0x44, 0x44, 0x44, 0x44, 0x44, 0x44, 0x44, 0x44, 0x44, 0x44, 0x44, 0x44, 0x44, 0x44, 0x44,
    0x44, 0x44, 0x44, 0x44, 0x44, 0x44, 0x44, 0x44, 0x44, 0x44, 0x44, 0x44, 0x44, 0x44, 0x44, 0x44, 0x44, 0x44, 0x44, 0x44, 0x44, 0x44, 0x44, 0x44, 0x44, 0x44, 0x44, 0x44, 0x44, 0x44, 0x44, 0x44,
    0x44, 0x44, 0x44, 0x44, 0x44, 0x44, 0x44, 0x44, 0x44, 0x44, 0x44, 0x44, 0x44, 0x44, 0x44, 0x44, 0x44, 0x44, 0x44, 0x44, 0x44, 0x44, 0x44, 0x44, 0x44, 0x44, 0x44, 0x44, 0x44, 0x44, 0x44, 0x44,
    0x44, 0x44, 0x44, 0x44, 0x44, 0x44, 0x44, 0x44, 0x44, 0x44, 0x44, 0x44, 0x44, 0x44, 0x44, 0x44, 0x44, 0x44, 0x44, 0x44, 0x44, 0x44, 0x44, 0x44, 0x44, 0x44, 0x44, 0x44, 0x44, 0x44, 0x44, 0x44,
    0x44, 0x44, 0x44, 0x44, 0x44, 0x44, 0x44, 0x44, 0x44, 0x44, 0x44, 0x44, 0x44, 0x44, 0x44, 0x44, 0x44, 0x44, 0x44, 0x44, 0x44, 0x44, 0x44, 0x44, 0x44, 0x44, 0x44, 0x44, 0x44, 0x44, 0x44, 0x44,
    0x44, 0x44, 0x44, 0x44, 0x44, 0x44, 0x44, 0x44, 0x44, 0x44, 0x44, 0x44, 0x44, 0x44, 0x44, 0x44, 0x44, 0x44, 0x44, 0x44, 0x44, 0x44, 0x44, 0x44, 0x44, 0x44, 0x44, 0x44, 0x44, 0x44, 0x44, 0x44,
    0x44, 0x44, 0x44, 0x44, 0x44, 0x44, 0x44, 0x44, 0x44, 0x44, 0x44, 0x44, 0x44, 0x44, 0x44, 0x44, 0x44, 0x44, 0x44, 0x44, 0x44, 0x44, 0x44, 0x44, 0x44, 0x44, 0x44, 0x44, 0x44, 0x44, 0x44, 0x44,
    0x56, 0x73, 0x65, 0x65, 0x65, 0x65, 0x65, 0x65, 0x44, 0x73, 0x65, 0x65, 0x65, 0x65, 0x65, 0x65, 0x44, 0x56, 0x73, 0x65, 0x65, 0x65, 0x65, 0x65, 0x44, 0x44, 0x56, 0x73, 0x73, 0x65, 0x65, 0x65,
    0x44, 0x44, 0x44, 0x44, 0x56, 0x73, 0x73, 0x65, 0x44, 0x44, 0x44, 0x44, 0x44, 0x44, 0x56, 0x73, 0x44, 0x44, 0x44, 0x44, 0x44, 0x44, 0x44, 0x44, 0x44, 0x44, 0x44, 0x44, 0x44, 0x44, 0x44, 0x44,
    0x65, 0x65, 0x65, 0x65, 0x73, 0x38, 0x38, 0x38, 0x65, 0x65, 0x65, 0x65, 0x65, 0x73, 0x38, 0x38, 0x65, 0x65, 0x65, 0x65, 0x65, 0x65, 0x73, 0x73, 0x65, 0x65, 0x65, 0x65, 0x65, 0x65, 0x65, 0x65,
    0x65, 0x65, 0x65, 0x65, 0x65, 0x65, 0x65, 0x65, 0x73, 0x73, 0x73, 0x73, 0x73, 0x65, 0x65, 0x65, 0x56, 0x73, 0x73, 0x73, 0x73, 0x73, 0x73, 0x73, 0x44, 0x56, 0x73, 0x73, 0x73, 0x73, 0x73, 0x73,
    0x2F, 0x2F, 0x2F, 0x2F, 0x2F, 0x2F, 0x2F, 0x2F, 0x38, 0x2F, 0x2F, 0x2F, 0x2F, 0x2F, 0x2F, 0x2F, 0x38, 0x38, 0x2F, 0x2F, 0x2F, 0x2F, 0x2F, 0x2F, 0x73, 0x73, 0x38, 0x38, 0x2F, 0x2F, 0x2F, 0x2F,
    0x65, 0x65, 0x73, 0x73, 0x73, 0x38, 0x38, 0x38, 0x65, 0x65, 0x65, 0x65, 0x65, 0x73, 0x73, 0x73, 0x73, 0x73, 0x73, 0x73, 0x73, 0x73, 0x65, 0x65, 0x73, 0x73, 0x73, 0x73, 0x73, 0x73, 0x65, 0x65,
    0x0B, 0x0B, 0x0B, 0x0B, 0x0B, 0x0B, 0x0B, 0x0B, 0x0B, 0x0B, 0x0B, 0x0B, 0x0B, 0x0B, 0x0B, 0x0B, 0x2F, 0x2F, 0x0B, 0x0B, 0x0B, 0x0B, 0x0B, 0x0B, 0x2F, 0x2F, 0x2F, 0x2F, 0x2F, 0x2F, 0x2F, 0x38,
    0x38, 0x38, 0x38, 0x38, 0x38, 0x73, 0x73, 0x73, 0x73, 0x73, 0x73, 0x73, 0x73, 0x65, 0x65, 0x65, 0x65, 0x65, 0x65, 0x65, 0x65, 0x65, 0x65, 0x65, 0x65, 0x65, 0x65, 0x65, 0x65, 0x65, 0x65, 0x65,
    0x0B, 0x0B, 0x0B, 0x2F, 0x2F, 0x38, 0x38, 0x73, 0x0B, 0x0B, 0x2F, 0x2F, 0x38, 0x73, 0x73, 0x73, 0x0B, 0x2F, 0x38, 0x73, 0x73, 0x73, 0x73, 0x73, 0x38, 0x73, 0x73, 0x73, 0x73, 0x73, 0x73, 0x73,
    0x73, 0x65, 0x65, 0x73, 0x73, 0x73, 0x73, 0x73, 0x65, 0x65, 0x65, 0x65, 0x73, 0x73, 0x73, 0x73, 0x65, 0x65, 0x65, 0x65, 0x73, 0x73, 0x73, 0x73, 0x65, 0x65, 0x65, 0x65, 0x65, 0x73, 0x73, 0x73,
    0x73, 0x73, 0x73, 0x38, 0x38, 0x38, 0x38, 0x38, 0x73, 0x73, 0x73, 0x38, 0x38, 0x38, 0x38, 0x38, 0x73, 0x73, 0x73, 0x73, 0x38, 0x38, 0x38, 0x38, 0x73, 0x73, 0x73, 0x73, 0x38, 0x38, 0x38, 0x38,
    0x73, 0x73, 0x73, 0x73, 0x73, 0x38, 0x38, 0x38, 0x73, 0x73, 0x73, 0x73, 0x73, 0x73, 0x38, 0x38, 0x73, 0x73, 0x73, 0x73, 0x73, 0x73, 0x73, 0x38, 0x73, 0x73, 0x73, 0x73, 0x73, 0x73, 0x73, 0x73,
    0x38, 0x38, 0x73, 0x4E, 0x3C, 0x1B, 0x1B, 0x1B, 0x38, 0x38, 0x73, 0x4E, 0x3C, 0x1B, 0x1B, 0x1B, 0x38, 0x38, 0x73, 0x4E, 0x3C, 0x1B, 0x1B, 0x1B, 0x38, 0x38, 0x73, 0x4E, 0x3C, 0x1B, 0x1B, 0x1B,
    0x38, 0x38, 0x73, 0x4E, 0x3C, 0x1B, 0x1B, 0x1B, 0x38, 0x38, 0x73, 0x4E, 0x1B, 0x1B, 0x1B, 0x3C, 0x38, 0x38, 0x73, 0x4E, 0x1B, 0x1B, 0x1B, 0x3C, 0x73, 0x38, 0x73, 0x4E, 0x1B, 0x1B, 0x1B, 0x3C,
    0x3C, 0x4E, 0x4E, 0x4E, 0x73, 0x0D, 0x05, 0x05, 0x3C, 0x4E, 0x4E, 0x4E, 0x73, 0x73, 0x73, 0x73, 0x3C, 0x4E, 0x4E, 0x4E, 0x73, 0x4E, 0x4E, 0x4E, 0x3C, 0x4E, 0x4E, 0x4E, 0x73, 0x4E, 0x4E, 0x4E,
    0x3C, 0x4E, 0x4E, 0x4E, 0x73, 0x4E, 0x4E, 0x4E, 0x3C, 0x4E, 0x4E, 0x4E, 0x73, 0x4E, 0x4E, 0x4E, 0x3C, 0x4E, 0x4E, 0x4E, 0x73, 0x4E, 0x4E, 0x4E, 0x3C, 0x4E, 0x4E, 0x4E, 0x73, 0x4E, 0x4E, 0x4E,
    0x05, 0x05, 0x05, 0x05, 0x05, 0x05, 0x05, 0x05, 0x73, 0x73, 0x05, 0x05, 0x05, 0x0D, 0x0D, 0x05, 0x4E, 0x4E, 0x73, 0x73, 0x73, 0x73, 0x73, 0x73, 0x4E, 0x4E, 0x4E, 0x4E, 0x4E, 0x4E, 0x4E, 0x4E,
    0x4E, 0x4E, 0x4E, 0x4E, 0x4E, 0x4E, 0x4E, 0x4E, 0x4E, 0x4E, 0x4E, 0x4E, 0x4E, 0x4E, 0x3C, 0x3C, 0x4E, 0x4E, 0x4E, 0x4E, 0x4E, 0x3C, 0x3C, 0x3C, 0x4E, 0x4E, 0x4E, 0x4E, 0x3C, 0x3C, 0x3C, 0x3C,
    0x05, 0x05, 0x05, 0x05, 0x05, 0x05, 0x05, 0x05, 0x05, 0x05, 0x05, 0x05, 0x05, 0x05, 0x05, 0x05, 0x73, 0x73, 0x73, 0x73, 0x05, 0x05, 0x05, 0x05, 0x4E, 0x4E, 0x4E, 0x4E, 0x73, 0x73, 0x73, 0x73,
    0x3C, 0x3C, 0x3C, 0x3C, 0x3C, 0x3C, 0x3C, 0x3C, 0x3C, 0x3C, 0x3C, 0x3C, 0x1B, 0x1B, 0x1B, 0x1B, 0x3C, 0x3C, 0x3C, 0x1B, 0x1B, 0x1B, 0x1B, 0x1B, 0x3C, 0x3C, 0x3C, 0x3C, 0x3C, 0x3C, 0x3C, 0x3C,
    0x05, 0x0D, 0x3D, 0x17, 0x17, 0x17, 0x17, 0x17, 0x05, 0x05, 0x0D, 0x3D, 0x17, 0x17, 0x17, 0x17, 0x05, 0x05, 0x05, 0x05, 0x0D, 0x17, 0x17, 0x17, 0x73, 0x73, 0x73, 0x73, 0x73, 0x73, 0x3D, 0x17,
    0x4E, 0x4E, 0x4E, 0x4E, 0x4E, 0x4E, 0x73, 0x73, 0x1B, 0x1B, 0x1B, 0x1B, 0x1B, 0x1B, 0x1B, 0x3C, 0x1B, 0x1B, 0x1B, 0x1B, 0x1B, 0x1B, 0x1B, 0x1B, 0x3C, 0x3C, 0x3C, 0x3C, 0x1B, 0x1B, 0x1B, 0x1B,
    0x17, 0x17, 0x17, 0x17, 0x17, 0x17, 0x3D, 0x51, 0x17, 0x17, 0x17, 0x17, 0x17, 0x17, 0x3D, 0x51, 0x17, 0x17, 0x17, 0x17, 0x17, 0x17, 0x3D, 0x4E, 0x17, 0x17, 0x17, 0x17, 0x17, 0x17, 0x51, 0x4E,
    0x73, 0x73, 0x73, 0x73, 0x73, 0x73, 0x73, 0x73, 0x3C, 0x4E, 0x4E, 0x4E, 0x4E, 0x4E, 0x4E, 0x4E, 0x1B, 0x1B, 0x1B, 0x1B, 0x1B, 0x3C, 0x3C, 0x3C, 0x1B, 0x1B, 0x1B, 0x1B, 0x1B, 0x1B, 0x1B, 0x1B,
    0x55, 0x73, 0x73, 0x55, 0x73, 0x73, 0x55, 0x4F, 0x55, 0x73, 0x73, 0x73, 0x73, 0x55, 0x4F, 0x4F, 0x55, 0x73, 0x73, 0x73, 0x73, 0x4F, 0x4F, 0x4F, 0x55, 0x73, 0x73, 0x73, 0x55, 0x4F, 0x4F, 0x4F,
    0x73, 0x73, 0x73, 0x55, 0x4F, 0x4F, 0x4F, 0x4F, 0x73, 0x73, 0x73, 0x73, 0x73, 0x4F, 0x2A, 0x2A, 0x3C, 0x3C, 0x3C, 0x4E, 0x73, 0x2A, 0x2A, 0x2A, 0x1B, 0x3C, 0x3C, 0x4E, 0x73, 0x2A, 0x2A, 0x2A,
    0x4F, 0x4F, 0x4F, 0x4F, 0x4F, 0x4F, 0x4F, 0x4F, 0x4F, 0x4F, 0x4F, 0x4F, 0x4F, 0x4F, 0x4F, 0x4F, 0x4F, 0x4F, 0x4F, 0x4F, 0x4F, 0x4F, 0x2A, 0x2A, 0x4F, 0x4F, 0x4F, 0x2A, 0x2A, 0x2A, 0x2A, 0x2A,
    0x2A, 0x2A, 0x2A, 0x2A, 0x2A, 0x2A, 0x2A, 0x2A, 0x2A, 0x2A, 0x2A, 0x2A, 0x2A, 0x2A, 0x2A, 0x2A, 0x2A, 0x2A, 0x2A, 0x2A, 0x2A, 0x2A, 0x2A, 0x2A, 0x2A, 0x2A, 0x2A, 0x2A, 0x2A, 0x2A, 0x2A, 0x2A,
    0x4F, 0x4F, 0x4F, 0x55, 0x55, 0x55, 0x55, 0x55, 0x4F, 0x4F, 0x4F, 0x4F, 0x4F, 0x4F, 0x4F, 0x4F, 0x2A, 0x2A, 0x2A, 0x2A, 0x2A, 0x2A, 0x2A, 0x2A, 0x2A, 0x2A, 0x2A, 0x2A, 0x2A, 0x2A, 0x2A, 0x2A,
    0x2A, 0x2A, 0x2A, 0x2A, 0x2A, 0x2A, 0x2A, 0x2A, 0x2A, 0x2A, 0x2A, 0x2A, 0x2A, 0x2A, 0x2A, 0x2A, 0x2A, 0x2A, 0x2A, 0x2A, 0x2A, 0x2A, 0x2A, 0x2A, 0x2A, 0x2A, 0x2A, 0x2A, 0x2A, 0x2A, 0x2A, 0x4F,
    0x55, 0x73, 0x73, 0x73, 0x73, 0x73, 0x73, 0x73, 0x4F, 0x55, 0x55, 0x55, 0x55, 0x73, 0x73, 0x43, 0x2A, 0x4F, 0x4F, 0x4F, 0x55, 0x73, 0x73, 0x43, 0x2A, 0x2A, 0x4F, 0x55, 0x73, 0x73, 0x43, 0x0D,
    0x2A, 0x2A, 0x55, 0x73, 0x73, 0x73, 0x0D, 0x0D, 0x2A, 0x4F, 0x73, 0x73, 0x73, 0x43, 0x05, 0x05, 0x4F, 0x55, 0x73, 0x73, 0x43, 0x0D, 0x05, 0x05, 0x55, 0x73, 0x73, 0x43, 0x0D, 0x05, 0x05, 0x05,
    0x73, 0x73, 0x73, 0x73, 0x73, 0x73, 0x43, 0x43, 0x73, 0x73, 0x73, 0x73, 0x73, 0x73, 0x73, 0x73, 0x43, 0x43, 0x43, 0x43, 0x43, 0x43, 0x73, 0x73, 0x0D, 0x0D, 0x0D, 0x0D, 0x0D, 0x0D, 0x43, 0x43,
    0x0D, 0x0D, 0x0D, 0x0D, 0x0D, 0x0D, 0x43, 0x73, 0x05, 0x05, 0x05, 0x05, 0x0D, 0x0D, 0x73, 0x73, 0x05, 0x05, 0x05, 0x05, 0x0D, 0x43, 0x73, 0x73, 0x05, 0x05, 0x05, 0x0D, 0x43, 0x73, 0x73, 0x57,
    0x43, 0x73, 0x73, 0x57, 0x54, 0x54, 0x54, 0x54, 0x73, 0x73, 0x73, 0x73, 0x57, 0x57, 0x57, 0x57, 0x73, 0x73, 0x73, 0x73, 0x73, 0x73, 0x73, 0x73, 0x73, 0x73, 0x57, 0x57, 0x73, 0x73, 0x73, 0x73,
    0x73, 0x57, 0x54, 0x54, 0x57, 0x57, 0x57, 0x57, 0x73, 0x54, 0x54, 0x54, 0x54, 0x54, 0x54, 0x57, 0x57, 0x2B, 0x2B, 0x2B, 0x2B, 0x54, 0x54, 0x73, 0x54, 0x2B, 0x2B, 0x2B, 0x2B, 0x54, 0x57, 0x73,
    0x54, 0x54, 0x57, 0x73, 0x73, 0x73, 0x57, 0x73, 0x57, 0x57, 0x73, 0x73, 0x73, 0x73, 0x57, 0x73, 0x73, 0x73, 0x73, 0x73, 0x73, 0x57, 0x73, 0x73, 0x73, 0x73, 0x73, 0x73, 0x73, 0x57, 0x73, 0x73,
    0x73, 0x73, 0x73, 0x73, 0x57, 0x73, 0x73, 0x73, 0x73, 0x73, 0x73, 0x57, 0x73, 0x73, 0x73, 0x73, 0x73, 0x73, 0x73, 0x57, 0x73, 0x73, 0x73, 0x73, 0x73, 0x73, 0x57, 0x73, 0x73, 0x73, 0x73, 0x73,
    0x73, 0x73, 0x73, 0x73, 0x73, 0x73, 0x73, 0x6F, 0x73, 0x73, 0x73, 0x73, 0x73, 0x73, 0x73, 0x6F, 0x73, 0x73, 0x73, 0x73, 0x73, 0x73, 0x73, 0x6F, 0x73, 0x73, 0x73, 0x73, 0x73, 0x73, 0x73, 0x6F,
    0x73, 0x73, 0x73, 0x73, 0x73, 0x73, 0x73, 0x6F, 0x73, 0x73, 0x73, 0x73, 0x73, 0x73, 0x73, 0x6F, 0x73, 0x73, 0x73, 0x73, 0x73, 0x73, 0x73, 0x6F, 0x73, 0x73, 0x73, 0x73, 0x73, 0x73, 0x73, 0x6F,
    0x6F, 0x73, 0x73, 0x73, 0x73, 0x73, 0x73, 0x73, 0x6F, 0x73, 0x73, 0x73, 0x73, 0x73, 0x73, 0x73, 0x6F, 0x73, 0x73, 0x73, 0x73, 0x73, 0x73, 0x73, 0x6F, 0x73, 0x73, 0x73, 0x73, 0x73, 0x73, 0x73,
    0x6F, 0x73, 0x73, 0x73, 0x73, 0x73, 0x73, 0x73, 0x6F, 0x73, 0x73, 0x73, 0x73, 0x73, 0x73, 0x73, 0x6F, 0x73, 0x73, 0x73, 0x73, 0x73, 0x73, 0x73, 0x6F, 0x73, 0x73, 0x73, 0x73, 0x73, 0x73, 0x73,
    0x73, 0x73, 0x73, 0x73, 0x73, 0x57, 0x73, 0x73, 0x73, 0x73, 0x73, 0x73, 0x73, 0x73, 0x57, 0x73, 0x73, 0x73, 0x73, 0x73, 0x73, 0x73, 0x73, 0x57, 0x73, 0x73, 0x73, 0x73, 0x73, 0x73, 0x73, 0x57,
    0x73, 0x73, 0x73, 0x73, 0x73, 0x73, 0x73, 0x73, 0x73, 0x73, 0x73, 0x73, 0x73, 0x73, 0x73, 0x73, 0x73, 0x73, 0x73, 0x73, 0x73, 0x73, 0x73, 0x73, 0x73, 0x73, 0x73, 0x73, 0x73, 0x73, 0x73, 0x73,
    0x73, 0x73, 0x54, 0x2B, 0x2B, 0x2B, 0x2B, 0x2B, 0x73, 0x73, 0x73, 0x54, 0x2B, 0x2B, 0x2B, 0x2B, 0x73, 0x73, 0x73, 0x57, 0x2B, 0x2B, 0x2B, 0x2B, 0x73, 0x73, 0x73, 0x73, 0x54, 0x2B, 0x2B, 0x2B,
    0x57, 0x73, 0x73, 0x73, 0x73, 0x54, 0x2B, 0x2B, 0x73, 0x57, 0x73, 0x73, 0x73, 0x57, 0x54, 0x2B, 0x73, 0x57, 0x73, 0x73, 0x73, 0x73, 0x57, 0x54, 0x73, 0x73, 0x57, 0x73, 0x73, 0x73, 0x73, 0x57,
    0x54, 0x73, 0x73, 0x73, 0x0D, 0x0D, 0x05, 0x05, 0x2B, 0x57, 0x73, 0x73, 0x43, 0x0D, 0x05, 0x05, 0x2B, 0x54, 0x57, 0x73, 0x73, 0x43, 0x0D, 0x05, 0x2B, 0x2B, 0x54, 0x73, 0x73, 0x73, 0x0D, 0x0D,
    0x2B, 0x2B, 0x2B, 0x57, 0x73, 0x73, 0x43, 0x0D, 0x2B, 0x2B, 0x2B, 0x54, 0x57, 0x73, 0x73, 0x43, 0x2B, 0x2B, 0x2B, 0x2B, 0x54, 0x73, 0x73, 0x73, 0x54, 0x2B, 0x2B, 0x2B, 0x2B, 0x57, 0x73, 0x73,
    0x05, 0x05, 0x05, 0x05, 0x0D, 0x73, 0x73, 0x73, 0x05, 0x05, 0x05, 0x05, 0x05, 0x43, 0x73, 0x73, 0x05, 0x05, 0x05, 0x05, 0x05, 0x0D, 0x43, 0x73, 0x05, 0x05, 0x05, 0x05, 0x05, 0x05, 0x0D, 0x73,
    0x0D, 0x05, 0x05, 0x05, 0x05, 0x05, 0x05, 0x43, 0x0D, 0x0D, 0x05, 0x05, 0x05, 0x05, 0x05, 0x0D, 0x43, 0x0D, 0x05, 0x05, 0x05, 0x05, 0x05, 0x05, 0x73, 0x0D, 0x0D, 0x05, 0x05, 0x05, 0x05, 0x05,
    0x4F, 0x4F, 0x2A, 0x2A, 0x2A, 0x2A, 0x2A, 0x2A, 0x55, 0x4F, 0x4F, 0x4F, 0x2A, 0x2A, 0x2A, 0x2A, 0x73, 0x55, 0x4F, 0x4F, 0x4F, 0x4F, 0x4F, 0x2A, 0x73, 0x73, 0x55, 0x4F, 0x4F, 0x4F, 0x4F, 0x4F,
    0x73, 0x73, 0x73, 0x4F, 0x4F, 0x4F, 0x4F, 0x4F, 0x43, 0x73, 0x73, 0x55, 0x4F, 0x4F, 0x4F, 0x4F, 0x0D, 0x43, 0x73, 0x73, 0x55, 0x4F, 0x4F, 0x4F, 0x05, 0x0D, 0x73, 0x73, 0x73, 0x55, 0x4F, 0x4F,
    0x2A, 0x2A, 0x2A, 0x2A, 0x2A, 0x2A, 0x2A, 0x2A, 0x2A, 0x2A, 0x2A, 0x2A, 0x2A, 0x2A, 0x2A, 0x2A, 0x2A, 0x2A, 0x2A, 0x2A, 0x2A, 0x2A, 0x2A, 0x2A, 0x4F, 0x4F, 0x2A, 0x2A, 0x2A, 0x2A, 0x2A, 0x2A,
    0x4F, 0x4F, 0x4F, 0x4F, 0x4F, 0x2A, 0x2A, 0x2A, 0x4F, 0x4F, 0x4F, 0x4F, 0x4F, 0x4F, 0x4F, 0x4F, 0x4F, 0x4F, 0x4F, 0x4F, 0x4F, 0x4F, 0x4F, 0x4F, 0x4F, 0x4F, 0x4F, 0x4F, 0x4F, 0x4F, 0x4F, 0x4F,
    0x2A, 0x2A, 0x2A, 0x2A, 0x2A, 0x2A, 0x4F, 0x55, 0x2A, 0x2A, 0x2A, 0x2A, 0x2A, 0x2A, 0x2A, 0x2A, 0x2A, 0x2A, 0x2A, 0x2A, 0x2A, 0x2A, 0x2A, 0x2A, 0x2A, 0x2A, 0x2A, 0x2A, 0x2A, 0x2A, 0x2A, 0x2A,
    0x2A, 0x2A, 0x2A, 0x2A, 0x2A, 0x2A, 0x2A, 0x2A, 0x2A, 0x2A, 0x2A, 0x2A, 0x2A, 0x2A, 0x2A, 0x2A, 0x4F, 0x4F, 0x4F, 0x4F, 0x4F, 0x2A, 0x2A, 0x2A, 0x4F, 0x4F, 0x4F, 0x4F, 0x4F, 0x2A, 0x2A, 0x2A,
    0x73, 0x73, 0x73, 0x55, 0x51, 0x3D, 0x17, 0x17, 0x55, 0x73, 0x73, 0x73, 0x55, 0x4E, 0x51, 0x3D, 0x2A, 0x55, 0x73, 0x73, 0x73, 0x55, 0x4E, 0x4E, 0x2A, 0x2A, 0x55, 0x73, 0x73, 0x73, 0x73, 0x73,
    0x2A, 0x2A, 0x2A, 0x73, 0x73, 0x73, 0x73, 0x73, 0x2A, 0x2A, 0x2A, 0x55, 0x73, 0x73, 0x73, 0x73, 0x2A, 0x2A, 0x2A, 0x2A, 0x55, 0x73, 0x73, 0x73, 0x2A, 0x2A, 0x2A, 0x2A, 0x4F, 0x55, 0x73, 0x73,
    0x17, 0x17, 0x17, 0x17, 0x17, 0x17, 0x17, 0x17, 0x17, 0x17, 0x17, 0x17, 0x17, 0x17, 0x17, 0x17, 0x51, 0x3D, 0x3D, 0x17, 0x17, 0x17, 0x17, 0x17, 0x55, 0x4E, 0x51, 0x51, 0x3D, 0x3D, 0x17, 0x17,
    0x73, 0x73, 0x55, 0x4E, 0x4E, 0x4E, 0x51, 0x51, 0x73, 0x73, 0x73, 0x73, 0x55, 0x55, 0x55, 0x55, 0x55, 0x73, 0x73, 0x73, 0x73, 0x73, 0x73, 0x73, 0x73, 0x55, 0x55, 0x55, 0x55, 0x73, 0x73, 0x73,
    0x17, 0x17, 0x17, 0x17, 0x17, 0x17, 0x3D, 0x0D, 0x17, 0x17, 0x17, 0x17, 0x17, 0x17, 0x3D, 0x05, 0x17, 0x17, 0x17, 0x17, 0x17, 0x17, 0x3D, 0x05, 0x17, 0x17, 0x17, 0x17, 0x17, 0x17, 0x3D, 0x0D,
    0x3D, 0x3D, 0x3D, 0x3D, 0x3D, 0x3D, 0x51, 0x51, 0x55, 0x55, 0x55, 0x55, 0x55, 0x55, 0x55, 0x55, 0x73, 0x73, 0x73, 0x73, 0x73, 0x73, 0x73, 0x73, 0x73, 0x73, 0x73, 0x73, 0x73, 0x73, 0x73, 0x73,
    0x05, 0x05, 0x0D, 0x3D, 0x17, 0x17, 0x17, 0x17, 0x05, 0x0D, 0x3D, 0x17, 0x17, 0x17, 0x17, 0x3D, 0x0D, 0x3D, 0x17, 0x17, 0x3D, 0x3D, 0x51, 0x55, 0x3D, 0x3D, 0x3D, 0x51, 0x51, 0x4E, 0x73, 0x73,
    0x4E, 0x4E, 0x4E, 0x55, 0x73, 0x73, 0x73, 0x73, 0x55, 0x73, 0x73, 0x73, 0x73, 0x73, 0x73, 0x73, 0x73, 0x73, 0x73, 0x73, 0x73, 0x73, 0x73, 0x55, 0x73, 0x73, 0x55, 0x73, 0x73, 0x73, 0x55, 0x51,
    0x3D, 0x51, 0x55, 0x73, 0x73, 0x73, 0x73, 0x73, 0x4E, 0x73, 0x73, 0x73, 0x73, 0x73, 0x55, 0x4E, 0x73, 0x73, 0x73, 0x73, 0x55, 0x4E, 0x51, 0x51, 0x73, 0x73, 0x73, 0x55, 0x51, 0x3D, 0x3D, 0x17,
    0x73, 0x73, 0x51, 0x3D, 0x17, 0x17, 0x17, 0x17, 0x55, 0x51, 0x3D, 0x17, 0x17, 0x17, 0x17, 0x17, 0x51, 0x3D, 0x17, 0x17, 0x17, 0x17, 0x17, 0x17, 0x3D, 0x17, 0x17, 0x17, 0x17, 0x17, 0x17, 0x17,
    0x55, 0x55, 0x55, 0x55, 0x55, 0x55, 0x55, 0x55, 0x4E, 0x4E, 0x4E, 0x51, 0x51, 0x51, 0x51, 0x51, 0x3D, 0x3D, 0x3D, 0x3D, 0x3D, 0x17, 0x17, 0x17, 0x17, 0x17, 0x17, 0x17, 0x17, 0x17, 0x17, 0x17,
    0x17, 0x17, 0x17, 0x17, 0x17, 0x17, 0x17, 0x17, 0x17, 0x17, 0x17, 0x17, 0x17, 0x17, 0x3D, 0x0D, 0x17, 0x17, 0x17, 0x17, 0x3D, 0x0D, 0x05, 0x05, 0x17, 0x17, 0x3D, 0x0D, 0x05, 0x05, 0x05, 0x05,
    0x55, 0x55, 0x55, 0x55, 0x55, 0x55, 0x73, 0x73, 0x51, 0x51, 0x51, 0x4E, 0x4E, 0x4E, 0x4E, 0x55, 0x17, 0x17, 0x3D, 0x3D, 0x3D, 0x3D, 0x51, 0x51, 0x17, 0x17, 0x17, 0x17, 0x17, 0x17, 0x17, 0x3D,
    0x3D, 0x0D, 0x0D, 0x3D, 0x17, 0x17, 0x17, 0x17, 0x05, 0x05, 0x05, 0x0D, 0x3D, 0x17, 0x17, 0x17, 0x05, 0x05, 0x05, 0x05, 0x05, 0x0D, 0x3D, 0x17, 0x05, 0x05, 0x05, 0x05, 0x05, 0x05, 0x05, 0x0D,
    0x73, 0x73, 0x73, 0x73, 0x32, 0x73, 0x73, 0x73, 0x55, 0x73, 0x73, 0x73, 0x73, 0x73, 0x73, 0x73, 0x4E, 0x4E, 0x55, 0x73, 0x73, 0x73, 0x73, 0x73, 0x3D, 0x51, 0x51, 0x4E, 0x55, 0x73, 0x73, 0x73,
    0x17, 0x17, 0x3D, 0x3D, 0x51, 0x55, 0x73, 0x73, 0x17, 0x17, 0x17, 0x17, 0x3D, 0x51, 0x55, 0x73, 0x17, 0x17, 0x17, 0x17, 0x17, 0x3D, 0x51, 0x55, 0x3D, 0x17, 0x17, 0x17, 0x17, 0x17, 0x3D, 0x51,
    0x73, 0x73, 0x73, 0x73, 0x73, 0x73, 0x73, 0x73, 0x73, 0x73, 0x73, 0x73, 0x73, 0x73, 0x73, 0x73, 0x73, 0x73, 0x73, 0x73, 0x73, 0x73, 0x73, 0x73, 0x73, 0x73, 0x73, 0x73, 0x73, 0x73, 0x73, 0x73,
    0x73, 0x73, 0x73, 0x73, 0x73, 0x73, 0x73, 0x73, 0x73, 0x73, 0x73, 0x73, 0x73, 0x73, 0x73, 0x73, 0x73, 0x73, 0x73, 0x73, 0x73, 0x73, 0x73, 0x73, 0x55, 0x73, 0x73, 0x73, 0x73, 0x73, 0x73, 0x73,
    0x32, 0x0D, 0x0D, 0x0D, 0x0D, 0x32, 0x73, 0x73, 0x73, 0x32, 0x0D, 0x0D, 0x32, 0x73, 0x73, 0x73, 0x73, 0x32, 0x32, 0x73, 0x73, 0x4E, 0x4E, 0x73, 0x73, 0x73, 0x73, 0x4E, 0x01, 0x01, 0x01, 0x4E,
    0x73, 0x73, 0x73, 0x4E, 0x01, 0x01, 0x01, 0x01, 0x73, 0x73, 0x73, 0x73, 0x4E, 0x01, 0x01, 0x01, 0x73, 0x73, 0x73, 0x73, 0x73, 0x73, 0x73, 0x4E, 0x73, 0x73, 0x73, 0x73, 0x73, 0x73, 0x73, 0x4E,
    0x73, 0x73, 0x73, 0x32, 0x32, 0x0D, 0x32, 0x73, 0x73, 0x73, 0x73, 0x73, 0x32, 0x73, 0x73, 0x4E, 0x73, 0x73, 0x73, 0x73, 0x73, 0x4E, 0x01, 0x01, 0x73, 0x73, 0x73, 0x73, 0x4E, 0x01, 0x01, 0x01,
    0x73, 0x73, 0x73, 0x73, 0x73, 0x01, 0x01, 0x01, 0x73, 0x73, 0x73, 0x73, 0x73, 0x4E, 0x01, 0x01, 0x73, 0x73, 0x73, 0x73, 0x73, 0x73, 0x01, 0x01, 0x4E, 0x73, 0x73, 0x73, 0x73, 0x73, 0x01, 0x01,
    0x4E, 0x01, 0x01, 0x01, 0x01, 0x01, 0x01, 0x01, 0x01, 0x01, 0x01, 0x01, 0x01, 0x01, 0x01, 0x01, 0x01, 0x01, 0x01, 0x01, 0x01, 0x01, 0x01, 0x01, 0x01, 0x01, 0x01, 0x01, 0x01, 0x01, 0x01, 0x01,
    0x01, 0x01, 0x01, 0x01, 0x01, 0x01, 0x01, 0x01, 0x01, 0x01, 0x01, 0x01, 0x01, 0x01, 0x01, 0x01, 0x01, 0x01, 0x01, 0x01, 0x01, 0x01, 0x01, 0x01, 0x01, 0x01, 0x01, 0x01, 0x01, 0x01, 0x01, 0x01,
    0x4E, 0x4E, 0x01, 0x01, 0x01, 0x01, 0x01, 0x01, 0x01, 0x01, 0x01, 0x01, 0x01, 0x01, 0x01, 0x01, 0x01, 0x01, 0x01, 0x01, 0x01, 0x01, 0x01, 0x01, 0x01, 0x01, 0x01, 0x01, 0x01, 0x01, 0x01, 0x01,
    0x01, 0x01, 0x01, 0x01, 0x01, 0x01, 0x01, 0x01, 0x01, 0x01, 0x01, 0x01, 0x01, 0x01, 0x01, 0x4E, 0x01, 0x01, 0x01, 0x01, 0x01, 0x4E, 0x73, 0x73, 0x01, 0x01, 0x01, 0x4E, 0x73, 0x73, 0x10, 0x04,
    0x01, 0x01, 0x01, 0x01, 0x01, 0x01, 0x01, 0x01, 0x01, 0x01, 0x01, 0x01, 0x01, 0x01, 0x01, 0x01, 0x01, 0x01, 0x01, 0x01, 0x01, 0x01, 0x4E, 0x73, 0x01, 0x01, 0x01, 0x01, 0x4E, 0x73, 0x73, 0x10,
    0x01, 0x01, 0x4E, 0x73, 0x73, 0x10, 0x04, 0x04, 0x73, 0x73, 0x73, 0x10, 0x04, 0x04, 0x04, 0x04, 0x10, 0x10, 0x04, 0x04, 0x04, 0x04, 0x04, 0x04, 0x04, 0x04, 0x04, 0x04, 0x04, 0x11, 0x73, 0x73,
    0x01, 0x4E, 0x73, 0x04, 0x04, 0x04, 0x04, 0x04, 0x4E, 0x73, 0x10, 0x04, 0x04, 0x04, 0x04, 0x04, 0x73, 0x10, 0x04, 0x04, 0x04, 0x04, 0x04, 0x04, 0x04, 0x04, 0x04, 0x04, 0x04, 0x04, 0x04, 0x04,
    0x04, 0x04, 0x04, 0x04, 0x04, 0x04, 0x04, 0x04, 0x04, 0x04, 0x04, 0x04, 0x04, 0x04, 0x04, 0x04, 0x11, 0x11, 0x11, 0x11, 0x04, 0x04, 0x04, 0x04, 0x73, 0x73, 0x73, 0x73, 0x73, 0x73, 0x11, 0x04,
    0x04, 0x04, 0x04, 0x04, 0x04, 0x04, 0x04, 0x04, 0x04, 0x04, 0x04, 0x04, 0x04, 0x04, 0x04, 0x04, 0x04, 0x04, 0x04, 0x04, 0x04, 0x04, 0x04, 0x04, 0x04, 0x04, 0x04, 0x04, 0x04, 0x04, 0x04, 0x04,
    0x04, 0x04, 0x04, 0x04, 0x04, 0x04, 0x04, 0x04, 0x04, 0x04, 0x04, 0x04, 0x04, 0x04, 0x04, 0x04, 0x04, 0x04, 0x04, 0x04, 0x04, 0x04, 0x04, 0x04, 0x04, 0x04, 0x04, 0x04, 0x04, 0x04, 0x04, 0x04,
    0x04, 0x04, 0x04, 0x04, 0x04, 0x04, 0x04, 0x04, 0x04, 0x04, 0x04, 0x04, 0x04, 0x04, 0x04, 0x04, 0x04, 0x04, 0x04, 0x04, 0x04, 0x04, 0x04, 0x04, 0x04, 0x04, 0x04, 0x04, 0x04, 0x04, 0x04, 0x04,
    0x04, 0x04, 0x04, 0x04, 0x04, 0x04, 0x04, 0x04, 0x04, 0x04, 0x04, 0x04, 0x04, 0x04, 0x04, 0x04, 0x04, 0x04, 0x04, 0x04, 0x04, 0x04, 0x04, 0x04, 0x04, 0x04, 0x04, 0x04, 0x04, 0x04, 0x04, 0x04,
    0x04, 0x04, 0x04, 0x04, 0x04, 0x04, 0x04, 0x04, 0x04, 0x04, 0x04, 0x04, 0x04, 0x04, 0x04, 0x04, 0x04, 0x04, 0x04, 0x04, 0x04, 0x04, 0x04, 0x04, 0x04, 0x04, 0x04, 0x04, 0x04, 0x04, 0x04, 0x04,
    0x04, 0x04, 0x04, 0x04, 0x04, 0x04, 0x04, 0x04, 0x04, 0x04, 0x04, 0x04, 0x04, 0x04, 0x04, 0x04, 0x04, 0x04, 0x04, 0x04, 0x04, 0x04, 0x04, 0x04, 0x04, 0x04, 0x04, 0x04, 0x04, 0x11, 0x11, 0x73,
    0x04, 0x04, 0x04, 0x04, 0x04, 0x73, 0x4E, 0x01, 0x04, 0x04, 0x04, 0x04, 0x04, 0x73, 0x4E, 0x01, 0x04, 0x04, 0x04, 0x04, 0x04, 0x73, 0x4E, 0x01, 0x04, 0x04, 0x04, 0x04, 0x04, 0x11, 0x73, 0x73,
    0x04, 0x04, 0x04, 0x04, 0x04, 0x04, 0x11, 0x73, 0x04, 0x04, 0x04, 0x11, 0x11, 0x73, 0x73, 0x56, 0x11, 0x11, 0x73, 0x73, 0x73, 0x56, 0x44, 0x44, 0x73, 0x73, 0x56, 0x56, 0x44, 0x44, 0x44, 0x44,
    0x01, 0x01, 0x01, 0x01, 0x01, 0x01, 0x01, 0x01, 0x01, 0x01, 0x01, 0x01, 0x01, 0x01, 0x01, 0x4E, 0x01, 0x01, 0x01, 0x01, 0x4E, 0x73, 0x73, 0x73, 0x4E, 0x4E, 0x73, 0x73, 0x73, 0x56, 0x56, 0x44,
    0x73, 0x73, 0x56, 0x56, 0x44, 0x44, 0x44, 0x44, 0x56, 0x44, 0x44, 0x44, 0x44, 0x44, 0x44, 0x44, 0x44, 0x44, 0x44, 0x44, 0x44, 0x44, 0x44, 0x44, 0x44, 0x44, 0x44, 0x44, 0x44, 0x44, 0x44, 0x44,
    0x01, 0x01, 0x4E, 0x73, 0x73, 0x73, 0x56, 0x56, 0x73, 0x73, 0x73, 0x56, 0x56, 0x44, 0x44, 0x44, 0x56, 0x56, 0x44, 0x44, 0x44, 0x44, 0x44, 0x44, 0x44, 0x44, 0x44, 0x44, 0x44, 0x44, 0x44, 0x44,
    0x44, 0x44, 0x44, 0x44, 0x44, 0x44, 0x44, 0x44, 0x44, 0x44, 0x44, 0x44, 0x44, 0x44, 0x44, 0x44, 0x44, 0x44, 0x44, 0x44, 0x44, 0x44, 0x44, 0x44, 0x44, 0x44, 0x44, 0x44, 0x44, 0x44, 0x44, 0x44,
    0x44, 0x44, 0x44, 0x44, 0x44, 0x44, 0x44, 0x44, 0x44, 0x44, 0x44, 0x44, 0x44, 0x44, 0x44, 0x44, 0x44, 0x44, 0x44, 0x44, 0x44, 0x44, 0x44, 0x44, 0x44, 0x44, 0x44, 0x44, 0x44, 0x44, 0x44, 0x44,
    0x44, 0x44, 0x44, 0x44, 0x44, 0x44, 0x44, 0x44, 0x44, 0x44, 0x44, 0x44, 0x44, 0x44, 0x44, 0x44, 0x44, 0x44, 0x44, 0x44, 0x44, 0x44, 0x44, 0x44, 0x44, 0x44, 0x44, 0x44, 0x44, 0x44, 0x44, 0x44,
    0x44, 0x44, 0x44, 0x44, 0x44, 0x44, 0x44, 0x44, 0x44, 0x44, 0x44, 0x44, 0x44, 0x44, 0x44, 0x44, 0x44, 0x44, 0x44, 0x44, 0x44, 0x44, 0x44, 0x44, 0x44, 0x44, 0x44, 0x44, 0x44, 0x44, 0x44, 0x44,
    0x44, 0x44, 0x44, 0x44, 0x44, 0x44, 0x44, 0x44, 0x44, 0x44, 0x44, 0x44, 0x44, 0x44, 0x44, 0x44, 0x44, 0x44, 0x44, 0x44, 0x44, 0x44, 0x44, 0x44, 0x44, 0x44, 0x44, 0x44, 0x44, 0x44, 0x44, 0x44,
    0x44, 0x44, 0x44, 0x44, 0x44, 0x44, 0x44, 0x44, 0x44, 0x44, 0x44, 0x44, 0x44, 0x44, 0x44, 0x44, 0x44, 0x44, 0x44, 0x44, 0x44, 0x44, 0x44, 0x44, 0x44, 0x44, 0x44, 0x44, 0x44, 0x44, 0x44, 0x44,
    0x44, 0x44, 0x44, 0x44, 0x44, 0x44, 0x44, 0x44, 0x44, 0x44, 0x44, 0x44, 0x44, 0x44, 0x44, 0x44, 0x44, 0x44, 0x44, 0x44, 0x44, 0x44, 0x44, 0x44, 0x44, 0x44, 0x44, 0x44, 0x44, 0x44, 0x44, 0x44,
    0x44, 0x44, 0x44, 0x44, 0x44, 0x44, 0x44, 0x44, 0x44, 0x44, 0x44, 0x44, 0x44, 0x44, 0x44, 0x44, 0x44, 0x44, 0x44, 0x44, 0x44, 0x44, 0x44, 0x44, 0x44, 0x44, 0x44, 0x44, 0x44, 0x44, 0x44, 0x44,
    0x44, 0x44, 0x44, 0x44, 0x44, 0x44, 0x44, 0x44, 0x44, 0x44, 0x44, 0x44, 0x44, 0x44, 0x44, 0x44, 0x44, 0x44, 0x44, 0x44, 0x44, 0x44, 0x44, 0x44, 0x44, 0x44, 0x44, 0x44, 0x44, 0x44, 0x44, 0x44,
    0x44, 0x44, 0x44, 0x44, 0x44, 0x44, 0x44, 0x44, 0x44, 0x44, 0x44, 0x44, 0x44, 0x44, 0x44, 0x44, 0x44, 0x44, 0x44, 0x44, 0x44, 0x44, 0x44, 0x44, 0x44, 0x44, 0x44, 0x44, 0x44, 0x44, 0x44, 0x44,
    0x44, 0x44, 0x44, 0x44, 0x44, 0x44, 0x44, 0x44, 0x44, 0x44, 0x44, 0x44, 0x44, 0x44, 0x44, 0x44, 0x44, 0x44, 0x44, 0x44, 0x44, 0x44, 0x44, 0x44, 0x44, 0x44, 0x44, 0x44, 0x44, 0x44, 0x44, 0x44,
    0x44, 0x44, 0x44, 0x44, 0x44, 0x44, 0x44, 0x44, 0x44, 0x44, 0x44, 0x44, 0x44, 0x44, 0x44, 0x44, 0x44, 0x44, 0x44, 0x44, 0x44, 0x44, 0x44, 0x44, 0x44, 0x44, 0x44, 0x44, 0x44, 0x44, 0x44, 0x44,
    0x44, 0x44, 0x44, 0x44, 0x44, 0x44, 0x44, 0x44, 0x44, 0x44, 0x44, 0x44, 0x44, 0x44, 0x44, 0x44, 0x44, 0x44, 0x44, 0x44, 0x44, 0x44, 0x44, 0x44, 0x44, 0x44, 0x44, 0x44, 0x44, 0x44, 0x44, 0x44,
    0x44, 0x44, 0x44, 0x44, 0x44, 0x44, 0x44, 0x44, 0x44, 0x44, 0x44, 0x44, 0x44, 0x44, 0x44, 0x44, 0x44, 0x44, 0x44, 0x44, 0x44, 0x44, 0x44, 0x44, 0x44, 0x44, 0x44, 0x44, 0x44, 0x44, 0x44, 0x44,
    0x44, 0x44, 0x44, 0x44, 0x44, 0x44, 0x44, 0x44, 0x44, 0x44, 0x44, 0x44, 0x44, 0x44, 0x44, 0x44, 0x44, 0x44, 0x44, 0x44, 0x44, 0x44, 0x44, 0x44, 0x44, 0x44, 0x44, 0x44, 0x44, 0x44, 0x44, 0x44,
    0x44, 0x44, 0x44, 0x44, 0x44, 0x44, 0x44, 0x44, 0x44, 0x44, 0x44, 0x44, 0x44, 0x44, 0x44, 0x44, 0x44, 0x44, 0x44, 0x44, 0x44, 0x44, 0x44, 0x44, 0x44, 0x44, 0x44, 0x44, 0x44, 0x44, 0x44, 0x44,
    0x44, 0x44, 0x44, 0x44, 0x44, 0x44, 0x44, 0x44, 0x44, 0x44, 0x44, 0x44, 0x44, 0x44, 0x44, 0x44, 0x44, 0x44, 0x44, 0x44, 0x44, 0x44, 0x44, 0x44, 0x44, 0x44, 0x44, 0x44, 0x44, 0x44, 0x44, 0x44,
    0x44, 0x44, 0x44, 0x44, 0x44, 0x44, 0x44, 0x44, 0x44, 0x44, 0x44, 0x44, 0x44, 0x44, 0x44, 0x44, 0x44, 0x44, 0x44, 0x44, 0x44, 0x44, 0x44, 0x44, 0x44, 0x44, 0x44, 0x44, 0x44, 0x44, 0x44, 0x44,
    0x44, 0x44, 0x44, 0x44, 0x44, 0x44, 0x44, 0x44, 0x44, 0x44, 0x44, 0x44, 0x44, 0x44, 0x44, 0x44, 0x44, 0x44, 0x44, 0x44, 0x56, 0x56, 0x73, 0x73, 0x44, 0x56, 0x56, 0x73, 0x73, 0x73, 0x73, 0x73,
    0x44, 0x44, 0x44, 0x44, 0x44, 0x44, 0x44, 0x44, 0x44, 0x44, 0x44, 0x44, 0x44, 0x44, 0x44, 0x44, 0x44, 0x44, 0x44, 0x44, 0x44, 0x44, 0x44, 0x44, 0x44, 0x44, 0x44, 0x44, 0x44, 0x44, 0x56, 0x56,
    0x44, 0x44, 0x44, 0x56, 0x56, 0x73, 0x73, 0x73, 0x56, 0x56, 0x73, 0x73, 0x73, 0x73, 0x73, 0x73, 0x73, 0x73, 0x73, 0x73, 0x73, 0x73, 0x73, 0x4E, 0x73, 0x73, 0x73, 0x73, 0x73, 0x4E, 0x1B, 0x4E,
    0x44, 0x56, 0x73, 0x73, 0x73, 0x1B, 0x1B, 0x1B, 0x44, 0x73, 0x73, 0x73, 0x1B, 0x1B, 0x1B, 0x1B, 0x56, 0x73, 0x73, 0x1B, 0x1B, 0x1B, 0x1B, 0x1B, 0x73, 0x73, 0x1B, 0x1B, 0x1B, 0x1B, 0x1B, 0x1B,
    0x73, 0x73, 0x1B, 0x1B, 0x1B, 0x1B, 0x1B, 0x73, 0x73, 0x73, 0x73, 0x73, 0x73, 0x73, 0x73, 0x73, 0x4E, 0x1B, 0x4E, 0x73, 0x73, 0x73, 0x73, 0x73, 0x1B, 0x4E, 0x73, 0x65, 0x65, 0x65, 0x73, 0x73,
    0x1B, 0x73, 0x73, 0x73, 0x73, 0x73, 0x73, 0x73, 0x1B, 0x73, 0x38, 0x38, 0x73, 0x38, 0x38, 0x38, 0x1B, 0x73, 0x38, 0x2F, 0x38, 0x73, 0x38, 0x38, 0x73, 0x38, 0x38, 0x2F, 0x2F, 0x73, 0x38, 0x38,
    0x73, 0x38, 0x2F, 0x2F, 0x38, 0x73, 0x73, 0x73, 0x73, 0x73, 0x73, 0x73, 0x73, 0x38, 0x38, 0x38, 0x73, 0x73, 0x73, 0x73, 0x73, 0x38, 0x38, 0x38, 0x73, 0x73, 0x73, 0x73, 0x73, 0x73, 0x38, 0x2F,
    0x73, 0x73, 0x73, 0x73, 0x73, 0x73, 0x73, 0x73, 0x38, 0x38, 0x38, 0x38, 0x38, 0x38, 0x38, 0x38, 0x38, 0x38, 0x2F, 0x2F, 0x2F, 0x2F, 0x2F, 0x0B, 0x2F, 0x2F, 0x2F, 0x2F, 0x2F, 0x0B, 0x0B, 0x0B,
    0x73, 0x73, 0x73, 0x73, 0x73, 0x73, 0x73, 0x73, 0x38, 0x38, 0x73, 0x65, 0x65, 0x65, 0x65, 0x65, 0x38, 0x38, 0x38, 0x73, 0x65, 0x65, 0x65, 0x65, 0x2F, 0x2F, 0x2F, 0x38, 0x73, 0x65, 0x65, 0x65,
    0x73, 0x73, 0x73, 0x73, 0x73, 0x73, 0x73, 0x73, 0x38, 0x38, 0x38, 0x38, 0x38, 0x38, 0x38, 0x73, 0x0B, 0x0B, 0x0B, 0x0B, 0x0B, 0x2F, 0x2F, 0x38, 0x0B, 0x0B, 0x0B, 0x2F, 0x2F, 0x2F, 0x2F, 0x2F,
    0x73, 0x73, 0x73, 0x73, 0x73, 0x2F, 0x2F, 0x2F, 0x65, 0x65, 0x65, 0x65, 0x65, 0x73, 0x73, 0x73, 0x65, 0x65, 0x65, 0x65, 0x65, 0x65, 0x73, 0x73, 0x65, 0x65, 0x65, 0x65, 0x65, 0x65, 0x73, 0x73,
    0x73, 0x73, 0x73, 0x73, 0x73, 0x1B, 0x1B, 0x1B, 0x73, 0x73, 0x73, 0x73, 0x73, 0x73, 0x73, 0x73, 0x38, 0x38, 0x38, 0x38, 0x38, 0x38, 0x73, 0x73, 0x2F, 0x38, 0x38, 0x38, 0x38, 0x38, 0x73, 0x73,
    0x2F, 0x38, 0x38, 0x38, 0x38, 0x38, 0x73, 0x73, 0x73, 0x73, 0x73, 0x73, 0x73, 0x73, 0x73, 0x73, 0x73, 0x73, 0x73, 0x73, 0x73, 0x1B, 0x1B, 0x1B, 0x73, 0x73, 0x73, 0x73, 0x73, 0x73, 0x73, 0x73,
    0x1B, 0x73, 0x73, 0x4E, 0x1B, 0x1B, 0x1B, 0x3C, 0x73, 0x73, 0x73, 0x4E, 0x1B, 0x1B, 0x1B, 0x3C, 0x73, 0x73, 0x73, 0x3C, 0x1B, 0x1B, 0x1B, 0x3C, 0x73, 0x73, 0x73, 0x3C, 0x1B, 0x1B, 0x1B, 0x3C,
    0x73, 0x73, 0x4E, 0x3C, 0x1B, 0x1B, 0x1B, 0x3C, 0x73, 0x73, 0x4E, 0x3C, 0x1B, 0x1B, 0x1B, 0x3C, 0x1B, 0x73, 0x4E, 0x3C, 0x1B, 0x1B, 0x1B, 0x3C, 0x73, 0x73, 0x4E, 0x3C, 0x1B, 0x1B, 0x1B, 0x3C,
    0x3C, 0x4E, 0x4E, 0x4E, 0x73, 0x4E, 0x4E, 0x4E, 0x3C, 0x4E, 0x4E, 0x4E, 0x73, 0x4E, 0x4E, 0x4E, 0x3C, 0x4E, 0x4E, 0x4E, 0x73, 0x4E, 0x4E, 0x4E, 0x3C, 0x4E, 0x4E, 0x4E, 0x73, 0x4E, 0x4E, 0x4E,
    0x3C, 0x4E, 0x4E, 0x4E, 0x73, 0x4E, 0x4E, 0x4E, 0x3C, 0x4E, 0x4E, 0x4E, 0x73, 0x4E, 0x4E, 0x4E, 0x3C, 0x4E, 0x4E, 0x4E, 0x73, 0x4E, 0x4E, 0x4E, 0x3C, 0x4E, 0x4E, 0x4E, 0x73, 0x4E, 0x4E, 0x4E,
    0x4E, 0x4E, 0x4E, 0x4E, 0x3C, 0x3C, 0x3C, 0x3C, 0x4E, 0x4E, 0x4E, 0x3C, 0x3C, 0x3C, 0x3C, 0x3C, 0x4E, 0x4E, 0x4E, 0x3C, 0x3C, 0x3C, 0x3C, 0x3C, 0x4E, 0x4E, 0x3C, 0x3C, 0x3C, 0x3C, 0x3C, 0x3C,
    0x4E, 0x4E, 0x3C, 0x3C, 0x3C, 0x3C, 0x3C, 0x1B, 0x4E, 0x3C, 0x3C, 0x3C, 0x3C, 0x3C, 0x1B, 0x1B, 0x4E, 0x3C, 0x3C, 0x3C, 0x3C, 0x3C, 0x1B, 0x1B, 0x4E, 0x3C, 0x3C, 0x3C, 0x3C, 0x1B, 0x1B, 0x1B,
    0x4E, 0x73, 0x73, 0x73, 0x73, 0x73, 0x73, 0x73, 0x3C, 0x3C, 0x4E, 0x73, 0x73, 0x17, 0x17, 0x17, 0x3C, 0x1B, 0x1B, 0x3C, 0x4E, 0x73, 0x73, 0x17, 0x1B, 0x1B, 0x1B, 0x1B, 0x1B, 0x3C, 0x4E, 0x73,
    0x1B, 0x1B, 0x1B, 0x1B, 0x1B, 0x1B, 0x1B, 0x3C, 0x1B, 0x1B, 0x1B, 0x1B, 0x1B, 0x1B, 0x1B, 0x1B, 0x1B, 0x1B, 0x1B, 0x1B, 0x1B, 0x1B, 0x1B, 0x1B, 0x1B, 0x1B, 0x1B, 0x1B, 0x1B, 0x1B, 0x1B, 0x1B,
    0x4E, 0x4E, 0x4E, 0x4E, 0x4E, 0x4E, 0x4E, 0x3C, 0x73, 0x73, 0x73, 0x73, 0x73, 0x73, 0x73, 0x73, 0x17, 0x17, 0x17, 0x17, 0x17, 0x3D, 0x3D, 0x51, 0x73, 0x17, 0x3D, 0x3D, 0x51, 0x51, 0x4E, 0x55,
    0x4E, 0x73, 0x73, 0x4E, 0x4E, 0x55, 0x73, 0x73, 0x3C, 0x3C, 0x4E, 0x73, 0x73, 0x73, 0x73, 0x73, 0x1B, 0x1B, 0x1B, 0x1B, 0x1B, 0x3C, 0x3C, 0x3C, 0x3C, 0x3C, 0x3C, 0x3C, 0x4E, 0x4E, 0x4E, 0x4E,
    0x3C, 0x3C, 0x3C, 0x3C, 0x3C, 0x3C, 0x3C, 0x3C, 0x73, 0x73, 0x73, 0x73, 0x73, 0x73, 0x4E, 0x4E, 0x4E, 0x4E, 0x55, 0x73, 0x73, 0x73, 0x73, 0x73, 0x73, 0x73, 0x73, 0x73, 0x73, 0x55, 0x2A, 0x2A,
    0x73, 0x73, 0x73, 0x73, 0x73, 0x2A, 0x2A, 0x2A, 0x4E, 0x4E, 0x4E, 0x73, 0x55, 0x2A, 0x2A, 0x2A, 0x1B, 0x1B, 0x1B, 0x4E, 0x73, 0x2A, 0x2A, 0x2A, 0x3C, 0x1B, 0x3C, 0x4E, 0x73, 0x2A, 0x2A, 0x2A,
    0x3C, 0x3C, 0x3C, 0x4E, 0x73, 0x2A, 0x2A, 0x2A, 0x4E, 0x4E, 0x4E, 0x4E, 0x73, 0x2A, 0x2A, 0x2A, 0x73, 0x73, 0x73, 0x73, 0x73, 0x2A, 0x2A, 0x2A, 0x2A, 0x2A, 0x2A, 0x2A, 0x2A, 0x2A, 0x2A, 0x2A,
    0x2A, 0x2A, 0x2A, 0x2A, 0x2A, 0x2A, 0x2A, 0x2A, 0x2A, 0x2A, 0x2A, 0x2A, 0x2A, 0x2A, 0x2A, 0x2A, 0x2A, 0x2A, 0x2A, 0x4F, 0x4F, 0x4F, 0x4F, 0x4F, 0x2A, 0x2A, 0x2A, 0x4F, 0x4F, 0x4F, 0x4F, 0x4F,
    0x2A, 0x2A, 0x2A, 0x2A, 0x2A, 0x2A, 0x2A, 0x2A, 0x2A, 0x2A, 0x2A, 0x2A, 0x2A, 0x2A, 0x2A, 0x2A, 0x2A, 0x2A, 0x2A, 0x2A, 0x2A, 0x2A, 0x2A, 0x2A, 0x2A, 0x2A, 0x2A, 0x2A, 0x2A, 0x2A, 0x4F, 0x4F,
    0x2A, 0x2A, 0x2A, 0x4F, 0x4F, 0x4F, 0x4F, 0x4F, 0x4F, 0x4F, 0x4F, 0x4F, 0x4F, 0x4F, 0x4F, 0x4F, 0x4F, 0x4F, 0x4F, 0x4F, 0x4F, 0x4F, 0x4F, 0x4F, 0x4F, 0x4F, 0x4F, 0x4F, 0x4F, 0x4F, 0x4F, 0x4F,
    0x2A, 0x2A, 0x2A, 0x2A, 0x2A, 0x2A, 0x4F, 0x4F, 0x2A, 0x2A, 0x2A, 0x2A, 0x4F, 0x4F, 0x4F, 0x55, 0x2A, 0x4F, 0x4F, 0x4F, 0x4F, 0x4F, 0x55, 0x73, 0x4F, 0x4F, 0x4F, 0x4F, 0x4F, 0x55, 0x73, 0x73,
    0x4F, 0x4F, 0x4F, 0x4F, 0x4F, 0x73, 0x73, 0x73, 0x4F, 0x4F, 0x4F, 0x4F, 0x55, 0x73, 0x73, 0x43, 0x4F, 0x4F, 0x4F, 0x55, 0x73, 0x73, 0x43, 0x0D, 0x4F, 0x4F, 0x55, 0x73, 0x73, 0x73, 0x0D, 0x05,
    0x73, 0x73, 0x73, 0x0D, 0x05, 0x05, 0x05, 0x05, 0x73, 0x73, 0x43, 0x05, 0x05, 0x05, 0x05, 0x05, 0x73, 0x43, 0x0D, 0x05, 0x05, 0x05, 0x05, 0x05, 0x73, 0x0D, 0x05, 0x05, 0x05, 0x05, 0x05, 0x05,
    0x43, 0x05, 0x05, 0x05, 0x05, 0x05, 0x05, 0x0D, 0x0D, 0x05, 0x05, 0x05, 0x05, 0x05, 0x0D, 0x0D, 0x05, 0x05, 0x05, 0x05, 0x05, 0x05, 0x0D, 0x43, 0x05, 0x05, 0x05, 0x05, 0x05, 0x0D, 0x0D, 0x73,
    0x05, 0x05, 0x0D, 0x0D, 0x73, 0x73, 0x73, 0x54, 0x05, 0x05, 0x0D, 0x43, 0x73, 0x73, 0x57, 0x2B, 0x05, 0x0D, 0x43, 0x73, 0x73, 0x57, 0x54, 0x2B, 0x0D, 0x0D, 0x73, 0x73, 0x73, 0x54, 0x2B, 0x2B,
    0x0D, 0x43, 0x73, 0x73, 0x57, 0x2B, 0x2B, 0x2B, 0x43, 0x73, 0x73, 0x57, 0x54, 0x2B, 0x2B, 0x2B, 0x73, 0x73, 0x73, 0x54, 0x2B, 0x2B, 0x2B, 0x2B, 0x73, 0x73, 0x57, 0x2B, 0x2B, 0x2B, 0x2B, 0x54,
    0x2B, 0x2B, 0x2B, 0x2B, 0x2B, 0x54, 0x73, 0x73, 0x2B, 0x2B, 0x2B, 0x2B, 0x54, 0x73, 0x73, 0x73, 0x2B, 0x2B, 0x2B, 0x2B, 0x57, 0x73, 0x73, 0x73, 0x2B, 0x2B, 0x2B, 0x54, 0x73, 0x73, 0x73, 0x73,
    0x2B, 0x2B, 0x54, 0x73, 0x73, 0x73, 0x73, 0x57, 0x2B, 0x54, 0x57, 0x73, 0x73, 0x73, 0x57, 0x73, 0x54, 0x57, 0x73, 0x73, 0x73, 0x73, 0x57, 0x73, 0x57, 0x73, 0x73, 0x73, 0x73, 0x57, 0x73, 0x73,
    0x73, 0x73, 0x57, 0x73, 0x73, 0x73, 0x73, 0x73, 0x73, 0x57, 0x73, 0x73, 0x73, 0x73, 0x73, 0x73, 0x57, 0x73, 0x73, 0x73, 0x73, 0x73, 0x73, 0x73, 0x57, 0x73, 0x73, 0x73, 0x73, 0x73, 0x73, 0x73,
    0x73, 0x73, 0x73, 0x73, 0x73, 0x73, 0x73, 0x73, 0x73, 0x73, 0x73, 0x73, 0x73, 0x73, 0x73, 0x73, 0x73, 0x73, 0x73, 0x73, 0x73, 0x73, 0x73, 0x73, 0x73, 0x73, 0x73, 0x73, 0x73, 0x73, 0x73, 0x73,
    0x73, 0x73, 0x73, 0x73, 0x73, 0x73, 0x73, 0x6F, 0x73, 0x73, 0x73, 0x73, 0x73, 0x73, 0x73, 0x6F, 0x73, 0x73, 0x73, 0x73, 0x73, 0x73, 0x73, 0x6F, 0x73, 0x73, 0x73, 0x73, 0x73, 0x73, 0x73, 0x6F,
    0x73, 0x73, 0x73, 0x73, 0x73, 0x73, 0x73, 0x6F, 0x73, 0x73, 0x73, 0x73, 0x73, 0x73, 0x73, 0x6F, 0x73, 0x73, 0x73, 0x73, 0x73, 0x73, 0x73, 0x6F, 0x73, 0x73, 0x73, 0x73, 0x73, 0x73, 0x73, 0x6F,
    0x6F, 0x73, 0x73, 0x73, 0x73, 0x73, 0x73, 0x73, 0x6F, 0x73, 0x73, 0x73, 0x73, 0x73, 0x73, 0x73, 0x6F, 0x73, 0x73, 0x73, 0x73, 0x73, 0x73, 0x73, 0x6F, 0x73, 0x73, 0x73, 0x73, 0x73, 0x73, 0x73,
    0x6F, 0x73, 0x73, 0x73, 0x73, 0x73, 0x73, 0x73, 0x6F, 0x73, 0x73, 0x73, 0x73, 0x73, 0x73, 0x73, 0x6F, 0x73, 0x73, 0x73, 0x73, 0x73, 0x73, 0x73, 0x6F, 0x73, 0x73, 0x73, 0x73, 0x73, 0x73, 0x73,
    0x73, 0x73, 0x73, 0x73, 0x73, 0x73, 0x73, 0x73, 0x73, 0x73, 0x73, 0x73, 0x73, 0x73, 0x73, 0x73, 0x73, 0x73, 0x73, 0x73, 0x73, 0x73, 0x73, 0x73, 0x73, 0x73, 0x73, 0x73, 0x73, 0x73, 0x73, 0x73,
    0x73, 0x73, 0x73, 0x73, 0x73, 0x73, 0x73, 0x73, 0x73, 0x73, 0x73, 0x73, 0x73, 0x73, 0x73, 0x73, 0x73, 0x73, 0x73, 0x73, 0x73, 0x73, 0x73, 0x73, 0x73, 0x73, 0x73, 0x73, 0x73, 0x73, 0x73, 0x73,
    0x73, 0x73, 0x73, 0x57, 0x73, 0x73, 0x73, 0x73, 0x73, 0x73, 0x73, 0x73, 0x57, 0x73, 0x73, 0x73, 0x73, 0x73, 0x73, 0x73, 0x73, 0x57, 0x73, 0x73, 0x73, 0x73, 0x73, 0x73, 0x73, 0x57, 0x73, 0x73,
    0x73, 0x73, 0x73, 0x73, 0x73, 0x73, 0x57, 0x73, 0x73, 0x73, 0x73, 0x73, 0x73, 0x73, 0x73, 0x57, 0x73, 0x73, 0x73, 0x73, 0x73, 0x73, 0x73, 0x73, 0x73, 0x73, 0x73, 0x73, 0x73, 0x73, 0x73, 0x73,
    0x57, 0x2B, 0x2B, 0x2B, 0x2B, 0x54, 0x57, 0x73, 0x73, 0x54, 0x2B, 0x2B, 0x2B, 0x2B, 0x54, 0x57, 0x73, 0x57, 0x54, 0x2B, 0x2B, 0x2B, 0x2B, 0x54, 0x73, 0x73, 0x57, 0x54, 0x2B, 0x2B, 0x2B, 0x2B,
    0x73, 0x73, 0x73, 0x57, 0x54, 0x2B, 0x2B, 0x2B, 0x73, 0x73, 0x73, 0x73, 0x57, 0x2B, 0x2B, 0x2B, 0x57, 0x73, 0x73, 0x73, 0x73, 0x54, 0x2B, 0x2B, 0x73, 0x57, 0x73, 0x73, 0x73, 0x57, 0x54, 0x2B,
    0x73, 0x43, 0x0D, 0x0D, 0x05, 0x05, 0x05, 0x05, 0x73, 0x73, 0x43, 0x0D, 0x0D, 0x05, 0x05, 0x05, 0x73, 0x73, 0x73, 0x43, 0x0D, 0x0D, 0x05, 0x05, 0x57, 0x73, 0x73, 0x73, 0x43, 0x0D, 0x0D, 0x05,
    0x54, 0x57, 0x73, 0x73, 0x73, 0x43, 0x0D, 0x0D, 0x2B, 0x54, 0x57, 0x73, 0x73, 0x73, 0x43, 0x0D, 0x2B, 0x2B, 0x54, 0x57, 0x73, 0x73, 0x73, 0x43, 0x2B, 0x2B, 0x2B, 0x54, 0x57, 0x73, 0x73, 0x73,
    0x05, 0x05, 0x43, 0x73, 0x73, 0x73, 0x55, 0x4F, 0x05, 0x05, 0x0D, 0x43, 0x73, 0x73, 0x73, 0x55, 0x05, 0x05, 0x05, 0x0D, 0x43, 0x73, 0x73, 0x73, 0x05, 0x05, 0x05, 0x05, 0x0D, 0x43, 0x73, 0x73,
    0x05, 0x05, 0x05, 0x05, 0x05, 0x0D, 0x43, 0x73, 0x0D, 0x05, 0x05, 0x05, 0x05, 0x05, 0x0D, 0x43, 0x0D, 0x0D, 0x05, 0x05, 0x05, 0x05, 0x05, 0x0D, 0x43, 0x0D, 0x0D, 0x05, 0x05, 0x05, 0x05, 0x05,
    0x4F, 0x4F, 0x4F, 0x4F, 0x4F, 0x4F, 0x4F, 0x4F, 0x4F, 0x4F, 0x4F, 0x4F, 0x4F, 0x4F, 0x4F, 0x4F, 0x55, 0x4F, 0x4F, 0x4F, 0x4F, 0x4F, 0x4F, 0x4F, 0x73, 0x55, 0x4F, 0x4F, 0x4F, 0x4F, 0x4F, 0x4F,
    0x73, 0x73, 0x55, 0x4F, 0x4F, 0x4F, 0x4F, 0x4F, 0x73, 0x73, 0x73, 0x55, 0x4F, 0x4F, 0x4F, 0x4F, 0x43, 0x73, 0x73, 0x73, 0x55, 0x4F, 0x4F, 0x4F, 0x0D, 0x43, 0x73, 0x73, 0x73, 0x55, 0x4F, 0x4F,
    0x4F, 0x4F, 0x4F, 0x4F, 0x2A, 0x2A, 0x2A, 0x2A, 0x4F, 0x4F, 0x4F, 0x4F, 0x2A, 0x2A, 0x2A, 0x2A, 0x4F, 0x4F, 0x4F, 0x2A, 0x2A, 0x2A, 0x2A, 0x2A, 0x4F, 0x4F, 0x4F, 0x2A, 0x2A, 0x2A, 0x2A, 0x2A,
    0x4F, 0x4F, 0x4F, 0x2A, 0x2A, 0x2A, 0x2A, 0x2A, 0x4F, 0x4F, 0x4F, 0x2A, 0x2A, 0x2A, 0x2A, 0x2A, 0x4F, 0x4F, 0x4F, 0x2A, 0x2A, 0x2A, 0x2A, 0x2A, 0x4F, 0x4F, 0x2A, 0x2A, 0x2A, 0x2A, 0x2A, 0x2A,
    0x2A, 0x2A, 0x2A, 0x2A, 0x2A, 0x4F, 0x55, 0x73, 0x2A, 0x2A, 0x2A, 0x2A, 0x2A, 0x4F, 0x4F, 0x55, 0x2A, 0x2A, 0x2A, 0x2A, 0x2A, 0x4F, 0x4F, 0x4F, 0x2A, 0x2A, 0x2A, 0x2A, 0x2A, 0x4F, 0x4F, 0x4F,
    0x2A, 0x2A, 0x2A, 0x2A, 0x2A, 0x4F, 0x4F, 0x4F, 0x2A, 0x2A, 0x2A, 0x2A, 0x2A, 0x4F, 0x4F, 0x4F, 0x2A, 0x2A, 0x2A, 0x2A, 0x2A, 0x4F, 0x4F, 0x4F, 0x2A, 0x2A, 0x2A, 0x2A, 0x4F, 0x4F, 0x4F, 0x4F,
    0x73, 0x73, 0x73, 0x55, 0x4F, 0x4F, 0x55, 0x55, 0x73, 0x73, 0x73, 0x73, 0x55, 0x4F, 0x4F, 0x4F, 0x4F, 0x55, 0x73, 0x73, 0x73, 0x55, 0x4F, 0x4F, 0x4F, 0x4F, 0x55, 0x73, 0x73, 0x73, 0x55, 0x4F,
    0x4F, 0x4F, 0x4F, 0x55, 0x73, 0x73, 0x73, 0x55, 0x4F, 0x4F, 0x4F, 0x4F, 0x55, 0x73, 0x73, 0x73, 0x4F, 0x4F, 0x4F, 0x4F, 0x4F, 0x55, 0x73, 0x73, 0x4F, 0x4F, 0x4F, 0x4F, 0x4F, 0x4F, 0x55, 0x73,
    0x55, 0x55, 0x55, 0x55, 0x55, 0x55, 0x55, 0x55, 0x4F, 0x4F, 0x4F, 0x4F, 0x4F, 0x4F, 0x4F, 0x4F, 0x4F, 0x4F, 0x4F, 0x4F, 0x4F, 0x4F, 0x4F, 0x4F, 0x4F, 0x4F, 0x4F, 0x4F, 0x4F, 0x4F, 0x4F, 0x4F,
    0x4F, 0x4F, 0x4F, 0x4F, 0x4F, 0x4F, 0x4F, 0x4F, 0x55, 0x4F, 0x4F, 0x4F, 0x4F, 0x4F, 0x4F, 0x4F, 0x73, 0x73, 0x55, 0x4F, 0x4F, 0x4F, 0x4F, 0x4F, 0x73, 0x73, 0x73, 0x55, 0x4F, 0x4F, 0x4F, 0x4F,
    0x4F, 0x4F, 0x55, 0x73, 0x73, 0x55, 0x4E, 0x3D, 0x4F, 0x4F, 0x55, 0x73, 0x73, 0x4E, 0x51, 0x3D, 0x4F, 0x4F, 0x73, 0x73, 0x55, 0x4E, 0x51, 0x17, 0x4F, 0x55, 0x73, 0x73, 0x55, 0x4E, 0x3D, 0x17,
    0x4F, 0x55, 0x73, 0x73, 0x55, 0x51, 0x3D, 0x17, 0x4F, 0x55, 0x73, 0x73, 0x55, 0x51, 0x3D, 0x3D, 0x4F, 0x55, 0x73, 0x73, 0x55, 0x51, 0x3D, 0x3D, 0x4F, 0x55, 0x73, 0x73, 0x55, 0x51, 0x3D, 0x17,
    0x17, 0x17, 0x17, 0x17, 0x17, 0x17, 0x17, 0x17, 0x17, 0x17, 0x17, 0x17, 0x17, 0x17, 0x3D, 0x0D, 0x17, 0x17, 0x17, 0x17, 0x3D, 0x0D, 0x05, 0x05, 0x17, 0x17, 0x3D, 0x0D, 0x05, 0x05, 0x05, 0x05,
    0x3D, 0x0D, 0x05, 0x05, 0x05, 0x05, 0x05, 0x0D, 0x0D, 0x05, 0x05, 0x0D, 0x0D, 0x0D, 0x3D, 0x3D, 0x3D, 0x3D, 0x3D, 0x3D, 0x17, 0x17, 0x17, 0x17, 0x17, 0x17, 0x17, 0x17, 0x17, 0x17, 0x17, 0x17,
    0x3D, 0x0D, 0x05, 0x05, 0x05, 0x05, 0x05, 0x05, 0x05, 0x05, 0x05, 0x05, 0x0D, 0x0D, 0x05, 0x05, 0x05, 0x05, 0x0D, 0x3D, 0x17, 0x17, 0x3D, 0x0D, 0x05, 0x05, 0x3D, 0x17, 0x17, 0x17, 0x17, 0x0D,
    0x0D, 0x0D, 0x17, 0x17, 0x17, 0x17, 0x3D, 0x0D, 0x3D, 0x17, 0x17, 0x3D, 0x3D, 0x3D, 0x0D, 0x05, 0x17, 0x17, 0x0D, 0x05, 0x0D, 0x0D, 0x05, 0x05, 0x17, 0x3D, 0x05, 0x05, 0x05, 0x05, 0x05, 0x05,
    0x05, 0x05, 0x05, 0x05, 0x05, 0x05, 0x05, 0x05, 0x05, 0x05, 0x05, 0x05, 0x05, 0x05, 0x05, 0x05, 0x05, 0x05, 0x05, 0x05, 0x05, 0x05, 0x05, 0x05, 0x05, 0x05, 0x05, 0x05, 0x05, 0x05, 0x05, 0x05,
    0x05, 0x05, 0x05, 0x05, 0x05, 0x05, 0x05, 0x05, 0x05, 0x05, 0x05, 0x05, 0x05, 0x05, 0x05, 0x05, 0x05, 0x05, 0x05, 0x05, 0x0D, 0x0D, 0x0D, 0x05, 0x05, 0x05, 0x05, 0x0D, 0x3D, 0x17, 0x3D, 0x05,
    0x0D, 0x3D, 0x17, 0x17, 0x17, 0x17, 0x17, 0x3D, 0x05, 0x05, 0x0D, 0x3D, 0x17, 0x17, 0x17, 0x3D, 0x05, 0x05, 0x05, 0x0D, 0x3D, 0x17, 0x17, 0x17, 0x05, 0x05, 0x05, 0x05, 0x05, 0x0D, 0x3D, 0x17,
    0x05, 0x05, 0x05, 0x05, 0x05, 0x05, 0x0D, 0x17, 0x05, 0x05, 0x05, 0x05, 0x05, 0x0D, 0x3D, 0x17, 0x05, 0x05, 0x05, 0x05, 0x05, 0x3D, 0x17, 0x17, 0x05, 0x05, 0x05, 0x05, 0x0D, 0x17, 0x17, 0x17,
    0x4E, 0x55, 0x73, 0x73, 0x55, 0x55, 0x73, 0x73, 0x51, 0x4E, 0x73, 0x73, 0x55, 0x4F, 0x4F, 0x55, 0x3D, 0x4E, 0x55, 0x73, 0x73, 0x4F, 0x4F, 0x4F, 0x3D, 0x51, 0x55, 0x73, 0x73, 0x4F, 0x4F, 0x4F,
    0x3D, 0x51, 0x55, 0x73, 0x73, 0x55, 0x4F, 0x4F, 0x3D, 0x51, 0x55, 0x73, 0x73, 0x55, 0x4F, 0x4F, 0x3D, 0x51, 0x55, 0x73, 0x73, 0x55, 0x4F, 0x4F, 0x3D, 0x51, 0x55, 0x73, 0x73, 0x55, 0x4F, 0x4F,
    0x73, 0x73, 0x73, 0x73, 0x73, 0x73, 0x73, 0x73, 0x73, 0x73, 0x73, 0x73, 0x73, 0x73, 0x73, 0x73, 0x4F, 0x55, 0x55, 0x73, 0x73, 0x73, 0x73, 0x73, 0x4F, 0x4F, 0x4F, 0x4F, 0x55, 0x73, 0x73, 0x73,
    0x4F, 0x4F, 0x4F, 0x4F, 0x4F, 0x55, 0x55, 0x55, 0x4F, 0x4F, 0x4F, 0x4F, 0x4F, 0x4F, 0x55, 0x55, 0x4F, 0x4F, 0x4F, 0x4F, 0x55, 0x55, 0x55, 0x73, 0x4F, 0x4F, 0x55, 0x73, 0x73, 0x73, 0x73, 0x73,
    0x4E, 0x73, 0x73, 0x73, 0x73, 0x73, 0x4E, 0x01, 0x73, 0x73, 0x73, 0x73, 0x73, 0x73, 0x73, 0x01, 0x73, 0x73, 0x73, 0x73, 0x73, 0x73, 0x73, 0x4E, 0x73, 0x73, 0x73, 0x73, 0x73, 0x73, 0x73, 0x73,
    0x73, 0x73, 0x73, 0x73, 0x73, 0x73, 0x73, 0x73, 0x55, 0x55, 0x73, 0x73, 0x73, 0x73, 0x73, 0x73, 0x73, 0x73, 0x73, 0x73, 0x73, 0x73, 0x73, 0x73, 0x73, 0x73, 0x73, 0x73, 0x73, 0x73, 0x73, 0x73,
    0x01, 0x01, 0x01, 0x01, 0x01, 0x01, 0x01, 0x01, 0x01, 0x01, 0x01, 0x01, 0x01, 0x01, 0x4E, 0x73, 0x01, 0x01, 0x01, 0x01, 0x4E, 0x73, 0x73, 0x10, 0x01, 0x01, 0x4E, 0x73, 0x73, 0x10, 0x04, 0x04,
    0x4E, 0x73, 0x73, 0x10, 0x04, 0x04, 0x04, 0x04, 0x73, 0x10, 0x04, 0x04, 0x04, 0x04, 0x04, 0x73, 0x73, 0x73, 0x73, 0x04, 0x04, 0x05, 0x73, 0x4E, 0x73, 0x73, 0x73, 0x73, 0x73, 0x73, 0x73, 0x4E,
    0x01, 0x4E, 0x73, 0x73, 0x10, 0x04, 0x04, 0x04, 0x73, 0x73, 0x10, 0x04, 0x04, 0x04, 0x04, 0x04, 0x04, 0x04, 0x04, 0x04, 0x04, 0x04, 0x04, 0x11, 0x04, 0x04, 0x04, 0x04, 0x04, 0x11, 0x73, 0x73,
    0x04, 0x04, 0x11, 0x11, 0x73, 0x73, 0x4E, 0x01, 0x73, 0x73, 0x73, 0x73, 0x4E, 0x01, 0x01, 0x01, 0x4E, 0x01, 0x01, 0x01, 0x01, 0x01, 0x01, 0x01, 0x01, 0x01, 0x01, 0x01, 0x01, 0x01, 0x01, 0x01,
    0x04, 0x04, 0x04, 0x11, 0x73, 0x73, 0x4E, 0x4E, 0x04, 0x11, 0x73, 0x73, 0x4E, 0x01, 0x01, 0x01, 0x73, 0x73, 0x4E, 0x01, 0x01, 0x01, 0x01, 0x01, 0x4E, 0x01, 0x01, 0x01, 0x01, 0x01, 0x01, 0x01,
    0x01, 0x01, 0x01, 0x01, 0x01, 0x01, 0x01, 0x01, 0x01, 0x01, 0x01, 0x01, 0x01, 0x01, 0x01, 0x01, 0x01, 0x01, 0x01, 0x01, 0x01, 0x01, 0x01, 0x01, 0x01, 0x01, 0x01, 0x01, 0x01, 0x01, 0x01, 0x4E,
    0x01, 0x01, 0x01, 0x01, 0x01, 0x4E, 0x73, 0x73, 0x01, 0x01, 0x01, 0x01, 0x01, 0x01, 0x01, 0x4E, 0x01, 0x01, 0x01, 0x01, 0x01, 0x01, 0x01, 0x01, 0x01, 0x01, 0x01, 0x01, 0x01, 0x01, 0x01, 0x01,
    0x01, 0x01, 0x01, 0x01, 0x01, 0x01, 0x01, 0x4E, 0x01, 0x01, 0x01, 0x01, 0x4E, 0x73, 0x73, 0x73, 0x01, 0x01, 0x4E, 0x73, 0x73, 0x11, 0x11, 0x04, 0x73, 0x73, 0x73, 0x11, 0x11, 0x11, 0x11, 0x11,
    0x11, 0x04, 0x04, 0x04, 0x04, 0x04, 0x04, 0x04, 0x73, 0x11, 0x04, 0x04, 0x04, 0x04, 0x04, 0x04, 0x4E, 0x73, 0x04, 0x04, 0x04, 0x04, 0x04, 0x04, 0x4E, 0x73, 0x04, 0x04, 0x04, 0x04, 0x04, 0x04,
    0x73, 0x73, 0x04, 0x04, 0x04, 0x04, 0x11, 0x11, 0x11, 0x04, 0x04, 0x04, 0x11, 0x73, 0x73, 0x73, 0x04, 0x04, 0x11, 0x73, 0x73, 0x56, 0x56, 0x44, 0x73, 0x73, 0x73, 0x56, 0x44, 0x44, 0x44, 0x44,
    0x04, 0x04, 0x04, 0x04, 0x04, 0x04, 0x04, 0x04, 0x04, 0x04, 0x04, 0x04, 0x04, 0x04, 0x04, 0x11, 0x04, 0x04, 0x04, 0x04, 0x11, 0x11, 0x73, 0x73, 0x04, 0x11, 0x11, 0x73, 0x73, 0x73, 0x56, 0x56,
    0x73, 0x73, 0x73, 0x56, 0x56, 0x44, 0x44, 0x44, 0x56, 0x56, 0x44, 0x44, 0x44, 0x44, 0x44, 0x44, 0x44, 0x44, 0x44, 0x44, 0x44, 0x44, 0x44, 0x44, 0x44, 0x44, 0x44, 0x44, 0x44, 0x44, 0x44, 0x44,
    0x04, 0x04, 0x11, 0x11, 0x73, 0x73, 0x73, 0x56, 0x11, 0x73, 0x73, 0x73, 0x56, 0x56, 0x44, 0x44, 0x73, 0x56, 0x56, 0x44, 0x44, 0x44, 0x44, 0x44, 0x44, 0x44, 0x44, 0x44, 0x44, 0x44, 0x44, 0x44,
    0x44, 0x44, 0x44, 0x44, 0x44, 0x44, 0x44, 0x44, 0x44, 0x44, 0x44, 0x44, 0x44, 0x44, 0x44, 0x44, 0x44, 0x44, 0x44, 0x44, 0x44, 0x44, 0x44, 0x44, 0x44, 0x44, 0x44, 0x44, 0x44, 0x44, 0x44, 0x44,
    0x56, 0x44, 0x44, 0x44, 0x44, 0x44, 0x44, 0x44, 0x44, 0x44, 0x44, 0x44, 0x44, 0x44, 0x44, 0x44, 0x44, 0x44, 0x44, 0x44, 0x44, 0x44, 0x44, 0x44, 0x44, 0x44, 0x44, 0x44, 0x44, 0x44, 0x44, 0x44,
    0x44, 0x44, 0x44, 0x44, 0x44, 0x44, 0x44, 0x44, 0x44, 0x44, 0x44, 0x44, 0x44, 0x44, 0x44, 0x44, 0x44, 0x44, 0x44, 0x44, 0x44, 0x44, 0x44, 0x44, 0x44, 0x44, 0x44, 0x44, 0x44, 0x44, 0x44, 0x44,
    0x44, 0x44, 0x44, 0x44, 0x44, 0x44, 0x44, 0x44, 0x44, 0x44, 0x44, 0x44, 0x44, 0x44, 0x44, 0x44, 0x44, 0x44, 0x44, 0x44, 0x44, 0x44, 0x44, 0x44, 0x44, 0x44, 0x44, 0x44, 0x44, 0x44, 0x44, 0x44,
    0x44, 0x44, 0x44, 0x44, 0x44, 0x44, 0x44, 0x44, 0x44, 0x44, 0x44, 0x44, 0x44, 0x44, 0x44, 0x44, 0x44, 0x44, 0x44, 0x44, 0x44, 0x44, 0x44, 0x44, 0x44, 0x44, 0x44, 0x44, 0x44, 0x44, 0x44, 0x44,
    0x44, 0x44, 0x44, 0x44, 0x44, 0x44, 0x44, 0x44, 0x44, 0x44, 0x44, 0x44, 0x44, 0x44, 0x44, 0x44, 0x44, 0x44, 0x44, 0x44, 0x44, 0x44, 0x44, 0x44, 0x44, 0x44, 0x44, 0x44, 0x44, 0x44, 0x44, 0x44,
    0x44, 0x44, 0x44, 0x44, 0x44, 0x44, 0x44, 0x44, 0x44, 0x44, 0x44, 0x44, 0x44, 0x44, 0x44, 0x44, 0x44, 0x44, 0x44, 0x44, 0x44, 0x44, 0x44, 0x44, 0x44, 0x44, 0x44, 0x44, 0x44, 0x44, 0x44, 0x44,
    0x44, 0x44, 0x44, 0x44, 0x44, 0x44, 0x44, 0x44, 0x44, 0x44, 0x44, 0x44, 0x44, 0x44, 0x44, 0x44, 0x44, 0x44, 0x44, 0x44, 0x44, 0x44, 0x44, 0x44, 0x44, 0x44, 0x44, 0x44, 0x44, 0x44, 0x44, 0x44,
    0x44, 0x44, 0x44, 0x44, 0x44, 0x44, 0x44, 0x44, 0x44, 0x44, 0x44, 0x44, 0x44, 0x44, 0x44, 0x44, 0x44, 0x44, 0x44, 0x44, 0x44, 0x44, 0x44, 0x44, 0x44, 0x44, 0x44, 0x44, 0x44, 0x44, 0x44, 0x44,
    0x44, 0x44, 0x44, 0x44, 0x44, 0x44, 0x44, 0x44, 0x44, 0x44, 0x44, 0x44, 0x44, 0x44, 0x44, 0x44, 0x44, 0x44, 0x44, 0x44, 0x44, 0x44, 0x44, 0x44, 0x44, 0x44, 0x44, 0x44, 0x44, 0x44, 0x44, 0x44,
    0x44, 0x44, 0x44, 0x44, 0x44, 0x44, 0x44, 0x44, 0x44, 0x44, 0x44, 0x44, 0x44, 0x44, 0x44, 0x44, 0x44, 0x44, 0x44, 0x44, 0x44, 0x44, 0x44, 0x44, 0x44, 0x44, 0x44, 0x44, 0x44, 0x44, 0x44, 0x44,
    0x44, 0x44, 0x44, 0x44, 0x44, 0x44, 0x44, 0x44, 0x44, 0x44, 0x44, 0x44, 0x44, 0x44, 0x44, 0x44, 0x44, 0x44, 0x44, 0x44, 0x44, 0x44, 0x44, 0x44, 0x44, 0x44, 0x44, 0x44, 0x44, 0x44, 0x44, 0x44,
    0x44, 0x44, 0x44, 0x44, 0x44, 0x44, 0x44, 0x44, 0x44, 0x44, 0x44, 0x44, 0x44, 0x44, 0x44, 0x44, 0x44, 0x44, 0x44, 0x44, 0x44, 0x44, 0x44, 0x44, 0x44, 0x44, 0x44, 0x44, 0x44, 0x44, 0x44, 0x44,
    0x44, 0x44, 0x44, 0x44, 0x44, 0x44, 0x44, 0x44, 0x44, 0x44, 0x44, 0x44, 0x44, 0x44, 0x44, 0x44, 0x44, 0x44, 0x44, 0x44, 0x44, 0x44, 0x44, 0x44, 0x44, 0x44, 0x44, 0x44, 0x44, 0x44, 0x44, 0x44,
    0x44, 0x44, 0x44, 0x44, 0x44, 0x44, 0x44, 0x44, 0x44, 0x44, 0x44, 0x44, 0x44, 0x44, 0x44, 0x44, 0x44, 0x44, 0x44, 0x44, 0x44, 0x44, 0x44, 0x44, 0x44, 0x44, 0x44, 0x44, 0x44, 0x44, 0x44, 0x44,
    0x44, 0x44, 0x44, 0x44, 0x44, 0x44, 0x44, 0x44, 0x44, 0x44, 0x44, 0x44, 0x44, 0x44, 0x44, 0x44, 0x44, 0x44, 0x44, 0x44, 0x44, 0x44, 0x44, 0x44, 0x44, 0x44, 0x44, 0x44, 0x44, 0x44, 0x44, 0x44,
    0x44, 0x44, 0x44, 0x44, 0x44, 0x44, 0x44, 0x44, 0x44, 0x44, 0x44, 0x44, 0x44, 0x44, 0x44, 0x44, 0x44, 0x44, 0x44, 0x44, 0x44, 0x44, 0x44, 0x44, 0x44, 0x44, 0x44, 0x44, 0x44, 0x44, 0x44, 0x44,
    0x44, 0x44, 0x44, 0x44, 0x44, 0x44, 0x44, 0x44, 0x44, 0x44, 0x44, 0x44, 0x44, 0x44, 0x44, 0x44, 0x44, 0x44, 0x44, 0x44, 0x44, 0x44, 0x44, 0x44, 0x44, 0x44, 0x44, 0x44, 0x44, 0x44, 0x44, 0x44,
    0x44, 0x44, 0x44, 0x44, 0x44, 0x44, 0x44, 0x44, 0x44, 0x44, 0x44, 0x44, 0x44, 0x44, 0x56, 0x73, 0x44, 0x44, 0x44, 0x44, 0x56, 0x73, 0x73, 0x38, 0x44, 0x44, 0x44, 0x56, 0x73, 0x38, 0x38, 0x38,
    0x44, 0x44, 0x44, 0x44, 0x44, 0x44, 0x44, 0x44, 0x44, 0x44, 0x44, 0x44, 0x44, 0x44, 0x44, 0x56, 0x44, 0x44, 0x44, 0x44, 0x56, 0x56, 0x73, 0x73, 0x44, 0x44, 0x56, 0x73, 0x73, 0x73, 0x38, 0x38,
    0x56, 0x73, 0x73, 0x38, 0x38, 0x38, 0x38, 0x38, 0x73, 0x38, 0x38, 0x38, 0x38, 0x38, 0x38, 0x38, 0x38, 0x38, 0x38, 0x38, 0x38, 0x38, 0x38, 0x2F, 0x38, 0x38, 0x38, 0x38, 0x38, 0x2F, 0x2F, 0x2F,
    0x44, 0x44, 0x44, 0x44, 0x44, 0x44, 0x56, 0x56, 0x56, 0x56, 0x56, 0x56, 0x73, 0x73, 0x73, 0x73, 0x73, 0x73, 0x73, 0x73, 0x73, 0x73, 0x73, 0x73, 0x38, 0x38, 0x38, 0x38, 0x38, 0x38, 0x38, 0x38,
    0x38, 0x38, 0x38, 0x38, 0x38, 0x38, 0x38, 0x2F, 0x38, 0x2F, 0x2F, 0x2F, 0x2F, 0x2F, 0x2F, 0x2F, 0x2F, 0x2F, 0x2F, 0x2F, 0x2F, 0x2F, 0x2F, 0x2F, 0x2F, 0x2F, 0x2F, 0x2F, 0x2F, 0x2F, 0x0B, 0x0B,
    0x73, 0x73, 0x73, 0x73, 0x73, 0x73, 0x73, 0x73, 0x73, 0x73, 0x73, 0x73, 0x73, 0x73, 0x73, 0x73, 0x73, 0x73, 0x73, 0x73, 0x73, 0x73, 0x73, 0x4E, 0x38, 0x38, 0x38, 0x38, 0x38, 0x73, 0x73, 0x73,
    0x2F, 0x2F, 0x2F, 0x2F, 0x2F, 0x2F, 0x2F, 0x2F, 0x2F, 0x2F, 0x2F, 0x2F, 0x2F, 0x2F, 0x2F, 0x2F, 0x0B, 0x0B, 0x0B, 0x0B, 0x0B, 0x0B, 0x0B, 0x0B, 0x0B, 0x0B, 0x0B, 0x0B, 0x0B, 0x0B, 0x0B, 0x0B,
    0x73, 0x73, 0x73, 0x4E, 0x1B, 0x4E, 0x1B, 0x4E, 0x73, 0x4E, 0x1B, 0x4E, 0x4E, 0x1B, 0x4E, 0x73, 0x1B, 0x1B, 0x4E, 0x1B, 0x1B, 0x4E, 0x73, 0x65, 0x73, 0x73, 0x73, 0x73, 0x73, 0x73, 0x73, 0x73,
    0x2F, 0x2F, 0x2F, 0x38, 0x38, 0x38, 0x38, 0x38, 0x2F, 0x2F, 0x2F, 0x2F, 0x2F, 0x2F, 0x2F, 0x2F, 0x0B, 0x0B, 0x0B, 0x2F, 0x2F, 0x2F, 0x2F, 0x2F, 0x0B, 0x0B, 0x0B, 0x0B, 0x0B, 0x0B, 0x0B, 0x2F,
    0x73, 0x73, 0x65, 0x65, 0x65, 0x65, 0x65, 0x65, 0x65, 0x65, 0x65, 0x65, 0x65, 0x65, 0x65, 0x65, 0x65, 0x65, 0x65, 0x65, 0x65, 0x65, 0x65, 0x65, 0x73, 0x65, 0x65, 0x65, 0x65, 0x65, 0x65, 0x65,
    0x38, 0x73, 0x73, 0x73, 0x73, 0x73, 0x65, 0x65, 0x38, 0x38, 0x38, 0x38, 0x38, 0x38, 0x73, 0x73, 0x2F, 0x2F, 0x38, 0x38, 0x38, 0x38, 0x38, 0x38, 0x2F, 0x2F, 0x2F, 0x2F, 0x38, 0x38, 0x38, 0x38,
    0x65, 0x73, 0x73, 0x73, 0x73, 0x73, 0x73, 0x38, 0x65, 0x65, 0x65, 0x73, 0x73, 0x65, 0x65, 0x73, 0x65, 0x65, 0x65, 0x65, 0x65, 0x65, 0x65, 0x65, 0x65, 0x65, 0x65, 0x65, 0x65, 0x65, 0x65, 0x65,
    0x65, 0x65, 0x65, 0x65, 0x65, 0x65, 0x65, 0x65, 0x73, 0x73, 0x65, 0x65, 0x65, 0x65, 0x65, 0x65, 0x38, 0x38, 0x73, 0x73, 0x65, 0x65, 0x65, 0x65, 0x38, 0x38, 0x38, 0x38, 0x73, 0x73, 0x73, 0x65,
    0x2F, 0x2F, 0x2F, 0x2F, 0x38, 0x73, 0x65, 0x65, 0x38, 0x2F, 0x0B, 0x0B, 0x2F, 0x38, 0x73, 0x65, 0x73, 0x38, 0x2F, 0x0B, 0x2F, 0x2F, 0x73, 0x73, 0x65, 0x73, 0x38, 0x2F, 0x38, 0x38, 0x38, 0x73,
    0x65, 0x65, 0x73, 0x38, 0x38, 0x38, 0x38, 0x38, 0x65, 0x65, 0x65, 0x73, 0x38, 0x38, 0x38, 0x73, 0x65, 0x65, 0x73, 0x73, 0x73, 0x73, 0x73, 0x65, 0x65, 0x65, 0x73, 0x1B, 0x73, 0x65, 0x65, 0x65,
    0x65, 0x65, 0x65, 0x65, 0x65, 0x65, 0x73, 0x73, 0x65, 0x65, 0x65, 0x65, 0x65, 0x65, 0x73, 0x73, 0x73, 0x65, 0x65, 0x65, 0x65, 0x73, 0x73, 0x73, 0x1B, 0x73, 0x65, 0x65, 0x65, 0x73, 0x73, 0x73,
    0x73, 0x1B, 0x73, 0x65, 0x73, 0x73, 0x73, 0x73, 0x73, 0x73, 0x1B, 0x73, 0x73, 0x73, 0x73, 0x73, 0x65, 0x65, 0x73, 0x1B, 0x73, 0x73, 0x73, 0x73, 0x65, 0x73, 0x73, 0x73, 0x73, 0x73, 0x38, 0x38,
    0x73, 0x73, 0x73, 0x73, 0x73, 0x73, 0x73, 0x73, 0x73, 0x73, 0x73, 0x73, 0x73, 0x73, 0x73, 0x73, 0x73, 0x73, 0x73, 0x73, 0x73, 0x73, 0x73, 0x38, 0x73, 0x73, 0x73, 0x73, 0x73, 0x73, 0x38, 0x38,
    0x73, 0x73, 0x73, 0x73, 0x73, 0x38, 0x38, 0x38, 0x73, 0x73, 0x73, 0x38, 0x38, 0x38, 0x38, 0x38, 0x73, 0x38, 0x38, 0x38, 0x38, 0x38, 0x38, 0x38, 0x38, 0x38, 0x38, 0x38, 0x38, 0x38, 0x38, 0x38,
    0x73, 0x73, 0x4E, 0x3C, 0x1B, 0x1B, 0x1B, 0x3C, 0x38, 0x73, 0x4E, 0x3C, 0x1B, 0x1B, 0x1B, 0x3C, 0x38, 0x73, 0x4E, 0x3C, 0x1B, 0x1B, 0x1B, 0x3C, 0x38, 0x73, 0x4E, 0x3C, 0x1B, 0x1B, 0x1B, 0x3C,
    0x38, 0x73, 0x4E, 0x3C, 0x1B, 0x1B, 0x1B, 0x3C, 0x38, 0x73, 0x4E, 0x3C, 0x1B, 0x1B, 0x1B, 0x3C, 0x38, 0x73, 0x4E, 0x3C, 0x1B, 0x1B, 0x1B, 0x3C, 0x38, 0x73, 0x4E, 0x3C, 0x1B, 0x1B, 0x1B, 0x3C,
    0x3C, 0x4E, 0x4E, 0x4E, 0x73, 0x4E, 0x4E, 0x4E, 0x3C, 0x4E, 0x4E, 0x4E, 0x73, 0x4E, 0x4E, 0x4E, 0x3C, 0x4E, 0x4E, 0x4E, 0x73, 0x4E, 0x4E, 0x4E, 0x3C, 0x4E, 0x4E, 0x4E, 0x73, 0x4E, 0x4E, 0x4E,
    0x3C, 0x4E, 0x4E, 0x4E, 0x73, 0x4E, 0x4E, 0x4E, 0x3C, 0x4E, 0x4E, 0x4E, 0x73, 0x4E, 0x4E, 0x4E, 0x4E, 0x4E, 0x4E, 0x4E, 0x73, 0x4E, 0x4E, 0x3C, 0x4E, 0x4E, 0x4E, 0x4E, 0x73, 0x4E, 0x4E, 0x3C,
    0x4E, 0x3C, 0x3C, 0x3C, 0x3C, 0x1B, 0x1B, 0x1B, 0x3C, 0x3C, 0x3C, 0x3C, 0x1B, 0x1B, 0x1B, 0x1B, 0x3C, 0x3C, 0x3C, 0x3C, 0x1B, 0x1B, 0x1B, 0x3C, 0x3C, 0x3C, 0x3C, 0x3C, 0x1B, 0x3C, 0x4E, 0x73,
    0x3C, 0x3C, 0x3C, 0x3C, 0x1B, 0x1B, 0x1B, 0x3C, 0x3C, 0x3C, 0x3C, 0x1B, 0x1B, 0x1B, 0x1B, 0x1B, 0x3C, 0x3C, 0x3C, 0x1B, 0x1B, 0x1B, 0x1B, 0x1B, 0x3C, 0x3C, 0x3C, 0x1B, 0x1B, 0x1B, 0x1B, 0x1B,
    0x1B, 0x1B, 0x1B, 0x1B, 0x1B, 0x3C, 0x3C, 0x3C, 0x1B, 0x3C, 0x3C, 0x3C, 0x4E, 0x4E, 0x73, 0x73, 0x4E, 0x4E, 0x4E, 0x73, 0x73, 0x73, 0x47, 0x47, 0x73, 0x73, 0x73, 0x47, 0x47, 0x47, 0x47, 0x47,
    0x3C, 0x4E, 0x4E, 0x73, 0x73, 0x73, 0x73, 0x73, 0x1B, 0x1B, 0x1B, 0x1B, 0x3C, 0x3C, 0x3C, 0x4E, 0x1B, 0x1B, 0x1B, 0x1B, 0x1B, 0x1B, 0x1B, 0x1B, 0x1B, 0x1B, 0x1B, 0x1B, 0x1B, 0x1B, 0x1B, 0x1B,
    0x4E, 0x4E, 0x4E, 0x73, 0x73, 0x73, 0x73, 0x73, 0x73, 0x73, 0x73, 0x55, 0x73, 0x73, 0x73, 0x73, 0x47, 0x4F, 0x55, 0x73, 0x73, 0x73, 0x55, 0x4F, 0x4F, 0x55, 0x73, 0x73, 0x73, 0x55, 0x4F, 0x4F,
    0x73, 0x73, 0x73, 0x73, 0x55, 0x4F, 0x4F, 0x4F, 0x4E, 0x73, 0x73, 0x73, 0x73, 0x73, 0x73, 0x73, 0x1B, 0x1B, 0x1B, 0x1B, 0x1B, 0x1B, 0x1B, 0x1B, 0x1B, 0x1B, 0x1B, 0x1B, 0x4E, 0x4E, 0x4E, 0x4E,
    0x4E, 0x3C, 0x4E, 0x73, 0x2A, 0x2A, 0x2A, 0x2A, 0x73, 0x73, 0x73, 0x2A, 0x2A, 0x2A, 0x2A, 0x2A, 0x4F, 0x4F, 0x4F, 0x2A, 0x2A, 0x2A, 0x2A, 0x2A, 0x4F, 0x4F, 0x4F, 0x2A, 0x2A, 0x2A, 0x2A, 0x2A,
    0x73, 0x73, 0x73, 0x2A, 0x2A, 0x2A, 0x2A, 0x2A, 0x4E, 0x4E, 0x4E, 0x73, 0x2A, 0x2A, 0x2A, 0x2A, 0x1B, 0x1B, 0x3C, 0x4E, 0x73, 0x2A, 0x2A, 0x2A, 0x1B, 0x1B, 0x3C, 0x4E, 0x73, 0x2A, 0x2A, 0x2A,
    0x2A, 0x2A, 0x2A, 0x2A, 0x4F, 0x4F, 0x4F, 0x4F, 0x2A, 0x2A, 0x2A, 0x2A, 0x4F, 0x4F, 0x4F, 0x4F, 0x2A, 0x2A, 0x2A, 0x2A, 0x2A, 0x4F, 0x4F, 0x4F, 0x2A, 0x2A, 0x2A, 0x2A, 0x2A, 0x4F, 0x4F, 0x4F,
    0x2A, 0x2A, 0x2A, 0x2A, 0x2A, 0x4F, 0x4F, 0x4F, 0x2A, 0x2A, 0x2A, 0x2A, 0x2A, 0x4F, 0x4F, 0x4F, 0x2A, 0x2A, 0x2A, 0x2A, 0x2A, 0x4F, 0x4F, 0x4F, 0x2A, 0x2A, 0x2A, 0x2A, 0x2A, 0x2A, 0x4F, 0x4F,
    0x4F, 0x4F, 0x4F, 0x4F, 0x4F, 0x4F, 0x4F, 0x4F, 0x4F, 0x4F, 0x4F, 0x4F, 0x4F, 0x4F, 0x4F, 0x4F, 0x4F, 0x4F, 0x4F, 0x4F, 0x4F, 0x4F, 0x4F, 0x55, 0x4F, 0x4F, 0x4F, 0x4F, 0x4F, 0x4F, 0x55, 0x73,
    0x4F, 0x4F, 0x4F, 0x4F, 0x4F, 0x55, 0x73, 0x73, 0x4F, 0x4F, 0x4F, 0x4F, 0x55, 0x73, 0x73, 0x73, 0x4F, 0x4F, 0x4F, 0x55, 0x73, 0x73, 0x73, 0x43, 0x4F, 0x4F, 0x55, 0x73, 0x73, 0x73, 0x43, 0x0D,
    0x4F, 0x55, 0x73, 0x73, 0x73, 0x43, 0x05, 0x05, 0x55, 0x73, 0x73, 0x73, 0x43, 0x0D, 0x05, 0x05, 0x73, 0x73, 0x73, 0x43, 0x0D, 0x05, 0x05, 0x05, 0x73, 0x73, 0x43, 0x0D, 0x05, 0x05, 0x05, 0x05,
    0x73, 0x43, 0x0D, 0x05, 0x05, 0x05, 0x05, 0x05, 0x43, 0x0D, 0x05, 0x05, 0x05, 0x05, 0x05, 0x0D, 0x0D, 0x05, 0x05, 0x05, 0x05, 0x05, 0x0D, 0x0D, 0x05, 0x05, 0x05, 0x05, 0x05, 0x0D, 0x0D, 0x43,
    0x05, 0x05, 0x05, 0x05, 0x0D, 0x0D, 0x43, 0x73, 0x05, 0x05, 0x05, 0x0D, 0x0D, 0x43, 0x73, 0x73, 0x05, 0x05, 0x0D, 0x0D, 0x43, 0x73, 0x73, 0x73, 0x05, 0x0D, 0x0D, 0x43, 0x73, 0x73, 0x73, 0x57,
    0x0D, 0x0D, 0x43, 0x73, 0x73, 0x73, 0x57, 0x54, 0x0D, 0x43, 0x73, 0x73, 0x73, 0x57, 0x54, 0x2B, 0x43, 0x73, 0x73, 0x73, 0x57, 0x54, 0x2B, 0x2B, 0x73, 0x73, 0x73, 0x57, 0x54, 0x2B, 0x2B, 0x2B,
    0x73, 0x57, 0x54, 0x2B, 0x2B, 0x2B, 0x2B, 0x57, 0x57, 0x54, 0x2B, 0x2B, 0x2B, 0x2B, 0x54, 0x73, 0x54, 0x2B, 0x2B, 0x2B, 0x2B, 0x54, 0x57, 0x73, 0x2B, 0x2B, 0x2B, 0x2B, 0x54, 0x57, 0x73, 0x73,
    0x2B, 0x2B, 0x2B, 0x54, 0x57, 0x73, 0x73, 0x73, 0x2B, 0x2B, 0x2B, 0x57, 0x73, 0x73, 0x73, 0x73, 0x2B, 0x2B, 0x54, 0x73, 0x73, 0x73, 0x73, 0x57, 0x2B, 0x54, 0x57, 0x73, 0x73, 0x73, 0x57, 0x73,
    0x73, 0x73, 0x73, 0x73, 0x57, 0x73, 0x73, 0x73, 0x73, 0x73, 0x73, 0x57, 0x73, 0x73, 0x73, 0x73, 0x73, 0x73, 0x57, 0x73, 0x73, 0x73, 0x73, 0x73, 0x73, 0x73, 0x57, 0x73, 0x73, 0x73, 0x73, 0x73,
    0x73, 0x57, 0x73, 0x73, 0x73, 0x73, 0x73, 0x73, 0x57, 0x73, 0x73, 0x73, 0x73, 0x73, 0x73, 0x73, 0x73, 0x73, 0x73, 0x73, 0x73, 0x73, 0x73, 0x73, 0x73, 0x73, 0x73, 0x73, 0x73, 0x73, 0x73, 0x73,
    0x73, 0x73, 0x73, 0x73, 0x73, 0x73, 0x73, 0x73, 0x73, 0x73, 0x73, 0x73, 0x73, 0x73, 0x73, 0x73, 0x73, 0x73, 0x73, 0x73, 0x73, 0x73, 0x73, 0x73, 0x73, 0x73, 0x73, 0x73, 0x73, 0x73, 0x73, 0x73,
    0x73, 0x73, 0x73, 0x73, 0x73, 0x73, 0x73, 0x73, 0x73, 0x73, 0x73, 0x73, 0x73, 0x73, 0x73, 0x73, 0x73, 0x73, 0x73, 0x73, 0x73, 0x73, 0x73, 0x73, 0x73, 0x73, 0x73, 0x73, 0x73, 0x73, 0x73, 0x73,
    0x73, 0x73, 0x73, 0x73, 0x73, 0x73, 0x73, 0x6F, 0x73, 0x73, 0x73, 0x73, 0x73, 0x73, 0x73, 0x6F, 0x73, 0x73, 0x73, 0x73, 0x73, 0x73, 0x73, 0x6F, 0x73, 0x73, 0x73, 0x73, 0x73, 0x73, 0x73, 0x6F,
    0x73, 0x73, 0x73, 0x73, 0x73, 0x73, 0x73, 0x6F, 0x73, 0x73, 0x73, 0x73, 0x73, 0x73, 0x73, 0x6F, 0x73, 0x73, 0x73, 0x73, 0x73, 0x73, 0x73, 0x6F, 0x73, 0x73, 0x73, 0x73, 0x73, 0x73, 0x73, 0x6F,
    0x6F, 0x73, 0x73, 0x73, 0x73, 0x73, 0x73, 0x73, 0x6F, 0x73, 0x73, 0x73, 0x73, 0x73, 0x73, 0x73, 0x6F, 0x73, 0x73, 0x73, 0x73, 0x73, 0x73, 0x73, 0x6F, 0x73, 0x73, 0x73, 0x73, 0x73, 0x73, 0x73,
    0x6F, 0x50, 0x55, 0x73, 0x73, 0x73, 0x73, 0x73, 0x6F, 0x50, 0x55, 0x73, 0x73, 0x73, 0x73, 0x73, 0x6F, 0x41, 0x55, 0x73, 0x73, 0x73, 0x73, 0x73, 0x6F, 0x41, 0x55, 0x73, 0x73, 0x73, 0x73, 0x73,
    0x73, 0x73, 0x73, 0x73, 0x73, 0x73, 0x73, 0x73, 0x73, 0x73, 0x73, 0x73, 0x73, 0x73, 0x73, 0x73, 0x73, 0x73, 0x73, 0x73, 0x73, 0x73, 0x73, 0x73, 0x73, 0x73, 0x73, 0x73, 0x73, 0x73, 0x73, 0x73,
    0x73, 0x73, 0x73, 0x73, 0x73, 0x73, 0x73, 0x73, 0x73, 0x73, 0x73, 0x73, 0x73, 0x73, 0x73, 0x73, 0x73, 0x73, 0x73, 0x73, 0x73, 0x73, 0x73, 0x73, 0x73, 0x73, 0x73, 0x73, 0x73, 0x73, 0x73, 0x73,
    0x73, 0x73, 0x73, 0x73, 0x73, 0x73, 0x73, 0x73, 0x73, 0x73, 0x73, 0x73, 0x73, 0x73, 0x73, 0x73, 0x73, 0x73, 0x73, 0x73, 0x73, 0x73, 0x73, 0x73, 0x73, 0x73, 0x73, 0x73, 0x73, 0x73, 0x73, 0x73,
    0x73, 0x73, 0x73, 0x73, 0x73, 0x73, 0x73, 0x73, 0x73, 0x73, 0x73, 0x73, 0x73, 0x73, 0x73, 0x73, 0x73, 0x73, 0x73, 0x73, 0x73, 0x73, 0x73, 0x73, 0x73, 0x73, 0x73, 0x73, 0x73, 0x73, 0x73, 0x73,
    0x73, 0x57, 0x73, 0x73, 0x73, 0x73, 0x57, 0x54, 0x73, 0x73, 0x57, 0x73, 0x73, 0x73, 0x73, 0x57, 0x73, 0x73, 0x73, 0x57, 0x73, 0x73, 0x73, 0x73, 0x73, 0x73, 0x73, 0x73, 0x57, 0x73, 0x73, 0x73,
    0x73, 0x73, 0x73, 0x73, 0x73, 0x57, 0x73, 0x73, 0x73, 0x73, 0x73, 0x73, 0x73, 0x73, 0x57, 0x73, 0x73, 0x73, 0x73, 0x73, 0x73, 0x73, 0x73, 0x57, 0x73, 0x73, 0x73, 0x73, 0x73, 0x73, 0x73, 0x73,
    0x2B, 0x2B, 0x2B, 0x2B, 0x54, 0x57, 0x73, 0x73, 0x54, 0x2B, 0x2B, 0x2B, 0x2B, 0x54, 0x57, 0x73, 0x57, 0x54, 0x2B, 0x2B, 0x2B, 0x2B, 0x54, 0x73, 0x73, 0x57, 0x54, 0x2B, 0x2B, 0x2B, 0x2B, 0x54,
    0x73, 0x73, 0x57, 0x54, 0x2B, 0x2B, 0x2B, 0x2B, 0x73, 0x73, 0x73, 0x57, 0x54, 0x2B, 0x2B, 0x2B, 0x73, 0x73, 0x73, 0x73, 0x57, 0x54, 0x2B, 0x2B, 0x57, 0x73, 0x73, 0x73, 0x73, 0x57, 0x54, 0x2B,
    0x43, 0x43, 0x0D, 0x0D, 0x05, 0x05, 0x05, 0x05, 0x73, 0x73, 0x43, 0x0D, 0x0D, 0x05, 0x05, 0x05, 0x73, 0x73, 0x73, 0x43, 0x0D, 0x0D, 0x05, 0x05, 0x57, 0x73, 0x73, 0x73, 0x43, 0x0D, 0x0D, 0x05,
    0x54, 0x57, 0x73, 0x73, 0x73, 0x43, 0x0D, 0x0D, 0x2B, 0x54, 0x57, 0x73, 0x73, 0x73, 0x43, 0x0D, 0x2B, 0x2B, 0x54, 0x57, 0x73, 0x73, 0x73, 0x43, 0x2B, 0x2B, 0x2B, 0x54, 0x57, 0x73, 0x73, 0x73,
    0x05, 0x0D, 0x43, 0x73, 0x73, 0x73, 0x55, 0x4F, 0x05, 0x05, 0x0D, 0x43, 0x73, 0x73, 0x73, 0x55, 0x05, 0x05, 0x05, 0x0D, 0x43, 0x73, 0x73, 0x73, 0x05, 0x05, 0x05, 0x05, 0x0D, 0x43, 0x73, 0x73,
    0x05, 0x05, 0x05, 0x05, 0x05, 0x0D, 0x43, 0x73, 0x0D, 0x05, 0x05, 0x05, 0x05, 0x05, 0x0D, 0x43, 0x0D, 0x0D, 0x05, 0x05, 0x05, 0x05, 0x05, 0x0D, 0x43, 0x0D, 0x0D, 0x05, 0x05, 0x0D, 0x0D, 0x0D,
    0x4F, 0x4F, 0x2A, 0x2A, 0x2A, 0x2A, 0x2A, 0x2A, 0x4F, 0x4F, 0x2A, 0x2A, 0x2A, 0x2A, 0x2A, 0x2A, 0x55, 0x4F, 0x4F, 0x2A, 0x2A, 0x2A, 0x2A, 0x2A, 0x73, 0x55, 0x4F, 0x2A, 0x2A, 0x2A, 0x2A, 0x2A,
    0x73, 0x73, 0x55, 0x4F, 0x2A, 0x2A, 0x2A, 0x2A, 0x73, 0x73, 0x73, 0x55, 0x4F, 0x4F, 0x4F, 0x4F, 0x43, 0x73, 0x73, 0x73, 0x73, 0x55, 0x55, 0x55, 0x0D, 0x43, 0x73, 0x73, 0x73, 0x73, 0x73, 0x73,
    0x2A, 0x2A, 0x2A, 0x2A, 0x4F, 0x4F, 0x4F, 0x4F, 0x2A, 0x2A, 0x2A, 0x2A, 0x4F, 0x4F, 0x4F, 0x4F, 0x2A, 0x2A, 0x2A, 0x4F, 0x4F, 0x4F, 0x4F, 0x4F, 0x2A, 0x2A, 0x4F, 0x4F, 0x4F, 0x55, 0x55, 0x55,
    0x2A, 0x4F, 0x55, 0x55, 0x55, 0x73, 0x73, 0x73, 0x55, 0x55, 0x73, 0x73, 0x73, 0x73, 0x73, 0x73, 0x73, 0x73, 0x73, 0x73, 0x73, 0x55, 0x55, 0x55, 0x73, 0x73, 0x55, 0x55, 0x55, 0x4F, 0x4F, 0x4F,
    0x4F, 0x4F, 0x4F, 0x4F, 0x4F, 0x55, 0x55, 0x55, 0x4F, 0x4F, 0x55, 0x55, 0x55, 0x73, 0x73, 0x73, 0x55, 0x55, 0x73, 0x73, 0x73, 0x73, 0x73, 0x73, 0x73, 0x73, 0x73, 0x73, 0x73, 0x55, 0x55, 0x55,
    0x73, 0x73, 0x55, 0x55, 0x55, 0x4F, 0x4F, 0x4F, 0x55, 0x55, 0x4F, 0x4F, 0x4F, 0x4F, 0x4F, 0x4F, 0x4F, 0x4F, 0x4F, 0x4F, 0x4F, 0x4F, 0x4F, 0x4F, 0x4F, 0x4F, 0x2A, 0x2A, 0x2A, 0x2A, 0x2A, 0x2A,
    0x73, 0x73, 0x73, 0x73, 0x73, 0x55, 0x4F, 0x4F, 0x73, 0x73, 0x73, 0x73, 0x73, 0x73, 0x55, 0x4F, 0x55, 0x55, 0x55, 0x55, 0x73, 0x73, 0x73, 0x55, 0x4F, 0x4F, 0x4F, 0x4F, 0x55, 0x73, 0x73, 0x73,
    0x4F, 0x4F, 0x4F, 0x4F, 0x4F, 0x55, 0x73, 0x73, 0x4F, 0x4F, 0x4F, 0x4F, 0x4F, 0x4F, 0x4F, 0x55, 0x4F, 0x4F, 0x4F, 0x4F, 0x4F, 0x4F, 0x4F, 0x4F, 0x2A, 0x2A, 0x2A, 0x2A, 0x2A, 0x2A, 0x2A, 0x4F,
    0x4F, 0x55, 0x73, 0x73, 0x55, 0x4E, 0x3D, 0x17, 0x4F, 0x4F, 0x73, 0x73, 0x55, 0x4E, 0x51, 0x17, 0x4F, 0x4F, 0x55, 0x73, 0x73, 0x55, 0x51, 0x3D, 0x73, 0x55, 0x55, 0x73, 0x73, 0x55, 0x4E, 0x51,
    0x73, 0x73, 0x55, 0x73, 0x73, 0x73, 0x55, 0x4E, 0x73, 0x73, 0x73, 0x73, 0x73, 0x73, 0x73, 0x55, 0x55, 0x73, 0x73, 0x73, 0x73, 0x73, 0x73, 0x73, 0x4F, 0x4F, 0x55, 0x73, 0x73, 0x73, 0x73, 0x73,
    0x17, 0x17, 0x17, 0x17, 0x17, 0x17, 0x17, 0x17, 0x17, 0x17, 0x17, 0x17, 0x17, 0x17, 0x17, 0x17, 0x17, 0x17, 0x17, 0x17, 0x17, 0x17, 0x17, 0x3D, 0x17, 0x17, 0x17, 0x17, 0x17, 0x17, 0x17, 0x0D,
    0x3D, 0x17, 0x17, 0x17, 0x17, 0x17, 0x3D, 0x05, 0x51, 0x3D, 0x17, 0x17, 0x17, 0x17, 0x0D, 0x05, 0x55, 0x51, 0x3D, 0x17, 0x17, 0x3D, 0x05, 0x05, 0x73, 0x55, 0x51, 0x3D, 0x3D, 0x0D, 0x0D, 0x3D,
    0x17, 0x0D, 0x05, 0x05, 0x05, 0x05, 0x05, 0x05, 0x3D, 0x05, 0x05, 0x05, 0x05, 0x05, 0x05, 0x05, 0x05, 0x05, 0x05, 0x05, 0x05, 0x05, 0x05, 0x05, 0x05, 0x05, 0x05, 0x05, 0x05, 0x05, 0x05, 0x05,
    0x05, 0x05, 0x05, 0x05, 0x05, 0x05, 0x0D, 0x3D, 0x05, 0x05, 0x05, 0x0D, 0x3D, 0x3D, 0x17, 0x17, 0x05, 0x0D, 0x3D, 0x3D, 0x17, 0x17, 0x17, 0x17, 0x3D, 0x17, 0x17, 0x17, 0x17, 0x17, 0x17, 0x17,
    0x05, 0x05, 0x0D, 0x3D, 0x17, 0x17, 0x17, 0x0D, 0x05, 0x05, 0x0D, 0x17, 0x17, 0x17, 0x3D, 0x0D, 0x05, 0x05, 0x05, 0x17, 0x17, 0x3D, 0x0D, 0x05, 0x05, 0x0D, 0x3D, 0x17, 0x05, 0x05, 0x05, 0x05,
    0x3D, 0x17, 0x17, 0x17, 0x0D, 0x05, 0x05, 0x05, 0x17, 0x17, 0x17, 0x17, 0x0D, 0x05, 0x05, 0x0D, 0x17, 0x17, 0x17, 0x17, 0x0D, 0x05, 0x0D, 0x3D, 0x17, 0x17, 0x17, 0x17, 0x0D, 0x0D, 0x3D, 0x17,
    0x05, 0x05, 0x05, 0x0D, 0x3D, 0x17, 0x17, 0x17, 0x05, 0x05, 0x0D, 0x3D, 0x17, 0x17, 0x17, 0x17, 0x05, 0x0D, 0x3D, 0x17, 0x17, 0x17, 0x17, 0x3D, 0x05, 0x3D, 0x17, 0x17, 0x17, 0x17, 0x17, 0x3D,
    0x3D, 0x17, 0x17, 0x17, 0x17, 0x17, 0x17, 0x51, 0x17, 0x17, 0x17, 0x17, 0x17, 0x17, 0x3D, 0x4E, 0x17, 0x17, 0x17, 0x17, 0x17, 0x3D, 0x51, 0x73, 0x17, 0x17, 0x17, 0x17, 0x3D, 0x51, 0x73, 0x73,
    0x3D, 0x4E, 0x55, 0x73, 0x73, 0x55, 0x55, 0x55, 0x51, 0x4E, 0x55, 0x73, 0x73, 0x55, 0x73, 0x73, 0x51, 0x4E, 0x73, 0x73, 0x55, 0x73, 0x73, 0x73, 0x4E, 0x55, 0x73, 0x73, 0x73, 0x73, 0x73, 0x55,
    0x4E, 0x73, 0x73, 0x73, 0x73, 0x73, 0x55, 0x4E, 0x73, 0x73, 0x73, 0x73, 0x73, 0x55, 0x51, 0x3D, 0x73, 0x73, 0x73, 0x73, 0x55, 0x51, 0x3D, 0x17, 0x73, 0x73, 0x73, 0x55, 0x51, 0x3D, 0x17, 0x17,
    0x55, 0x73, 0x73, 0x73, 0x73, 0x73, 0x55, 0x55, 0x73, 0x73, 0x73, 0x73, 0x55, 0x4E, 0x4E, 0x4E, 0x73, 0x73, 0x55, 0x4E, 0x51, 0x51, 0x3D, 0x3D, 0x4E, 0x4E, 0x51, 0x3D, 0x3D, 0x17, 0x17, 0x17,
    0x51, 0x3D, 0x17, 0x17, 0x17, 0x17, 0x17, 0x17, 0x17, 0x17, 0x17, 0x17, 0x17, 0x17, 0x17, 0x3D, 0x17, 0x17, 0x17, 0x17, 0x17, 0x17, 0x3D, 0x05, 0x17, 0x17, 0x17, 0x17, 0x3D, 0x0D, 0x05, 0x05,
    0x55, 0x55, 0x55, 0x55, 0x55, 0x55, 0x55, 0x55, 0x51, 0x51, 0x51, 0x51, 0x51, 0x51, 0x51, 0x51, 0x3D, 0x17, 0x17, 0x17, 0x17, 0x17, 0x17, 0x17, 0x17, 0x17, 0x3D, 0x0D, 0x0D, 0x3D, 0x17, 0x17,
    0x3D, 0x0D, 0x05, 0x05, 0x05, 0x05, 0x0D, 0x3D, 0x0D, 0x05, 0x05, 0x05, 0x05, 0x05, 0x05, 0x05, 0x05, 0x05, 0x05, 0x05, 0x05, 0x05, 0x05, 0x05, 0x05, 0x05, 0x05, 0x05, 0x05, 0x05, 0x05, 0x05,
    0x55, 0x55, 0x73, 0x73, 0x73, 0x73, 0x73, 0x73, 0x51, 0x4E, 0x4E, 0x55, 0x55, 0x73, 0x73, 0x73, 0x3D, 0x3D, 0x51, 0x51, 0x51, 0x4E, 0x4E, 0x55, 0x17, 0x17, 0x17, 0x17, 0x3D, 0x3D, 0x51, 0x51,
    0x3D, 0x17, 0x17, 0x17, 0x17, 0x17, 0x17, 0x3D, 0x0D, 0x0D, 0x3D, 0x3D, 0x17, 0x17, 0x17, 0x17, 0x05, 0x05, 0x05, 0x0D, 0x0D, 0x3D, 0x17, 0x17, 0x05, 0x05, 0x05, 0x05, 0x05, 0x05, 0x0D, 0x3D,
    0x73, 0x4E, 0x4E, 0x01, 0x01, 0x01, 0x01, 0x01, 0x73, 0x73, 0x73, 0x73, 0x4E, 0x4E, 0x01, 0x01, 0x73, 0x73, 0x73, 0x73, 0x73, 0x73, 0x73, 0x73, 0x4E, 0x55, 0x55, 0x73, 0x73, 0x73, 0x73, 0x73,
    0x3D, 0x51, 0x4E, 0x55, 0x73, 0x73, 0x73, 0x55, 0x17, 0x17, 0x3D, 0x51, 0x55, 0x73, 0x73, 0x73, 0x17, 0x17, 0x17, 0x3D, 0x51, 0x55, 0x73, 0x73, 0x3D, 0x17, 0x17, 0x17, 0x3D, 0x51, 0x55, 0x73,
    0x01, 0x01, 0x01, 0x01, 0x4E, 0x73, 0x73, 0x73, 0x01, 0x4E, 0x4E, 0x73, 0x73, 0x11, 0x11, 0x11, 0x73, 0x73, 0x73, 0x11, 0x11, 0x11, 0x11, 0x73, 0x73, 0x73, 0x73, 0x73, 0x73, 0x73, 0x73, 0x56,
    0x73, 0x73, 0x73, 0x73, 0x73, 0x73, 0x73, 0x73, 0x55, 0x4F, 0x4F, 0x55, 0x73, 0x73, 0x73, 0x73, 0x73, 0x55, 0x4F, 0x4F, 0x4F, 0x55, 0x55, 0x73, 0x73, 0x73, 0x4F, 0x4F, 0x4F, 0x4F, 0x4F, 0x4F,
    0x11, 0x11, 0x11, 0x11, 0x11, 0x73, 0x73, 0x73, 0x11, 0x11, 0x73, 0x73, 0x73, 0x56, 0x56, 0x44, 0x73, 0x73, 0x56, 0x56, 0x44, 0x44, 0x44, 0x44, 0x56, 0x56, 0x44, 0x44, 0x44, 0x44, 0x44, 0x44,
    0x56, 0x56, 0x56, 0x44, 0x44, 0x44, 0x44, 0x44, 0x73, 0x73, 0x73, 0x73, 0x73, 0x56, 0x56, 0x56, 0x73, 0x73, 0x73, 0x73, 0x73, 0x73, 0x73, 0x73, 0x55, 0x55, 0x55, 0x55, 0x73, 0x73, 0x73, 0x73,
    0x56, 0x56, 0x44, 0x44, 0x44, 0x44, 0x44, 0x44, 0x44, 0x44, 0x44, 0x44, 0x44, 0x44, 0x44, 0x44, 0x44, 0x44, 0x44, 0x44, 0x44, 0x44, 0x44, 0x44, 0x44, 0x44, 0x44, 0x44, 0x44, 0x44, 0x44, 0x44,
    0x44, 0x44, 0x44, 0x44, 0x44, 0x44, 0x44, 0x44, 0x56, 0x44, 0x44, 0x44, 0x44, 0x44, 0x44, 0x44, 0x73, 0x73, 0x73, 0x73, 0x56, 0x56, 0x56, 0x56, 0x73, 0x73, 0x73, 0x73, 0x73, 0x73, 0x73, 0x73,
    0x44, 0x44, 0x44, 0x44, 0x44, 0x44, 0x44, 0x44, 0x44, 0x44, 0x44, 0x44, 0x44, 0x44, 0x44, 0x44, 0x44, 0x44, 0x44, 0x44, 0x44, 0x44, 0x44, 0x44, 0x44, 0x44, 0x44, 0x44, 0x44, 0x44, 0x44, 0x44,
    0x44, 0x44, 0x44, 0x44, 0x44, 0x44, 0x44, 0x44, 0x44, 0x44, 0x44, 0x44, 0x44, 0x44, 0x44, 0x44, 0x56, 0x56, 0x56, 0x44, 0x44, 0x44, 0x44, 0x44, 0x73, 0x73, 0x73, 0x73, 0x73, 0x73, 0x56, 0x56,
    0x44, 0x44, 0x44, 0x44, 0x44, 0x44, 0x44, 0x44, 0x44, 0x44, 0x44, 0x44, 0x44, 0x44, 0x44, 0x44, 0x44, 0x44, 0x44, 0x44, 0x44, 0x44, 0x44, 0x44, 0x44, 0x44, 0x44, 0x44, 0x44, 0x44, 0x44, 0x44,
    0x44, 0x44, 0x44, 0x44, 0x44, 0x44, 0x44, 0x44, 0x44, 0x44, 0x44, 0x44, 0x44, 0x44, 0x44, 0x44, 0x44, 0x44, 0x44, 0x44, 0x44, 0x44, 0x44, 0x44, 0x44, 0x44, 0x44, 0x44, 0x44, 0x44, 0x44, 0x44,
    0x44, 0x44, 0x44, 0x44, 0x44, 0x44, 0x44, 0x44, 0x44, 0x44, 0x44, 0x44, 0x44, 0x44, 0x44, 0x44, 0x44, 0x44, 0x44, 0x44, 0x44, 0x44, 0x44, 0x44, 0x44, 0x44, 0x44, 0x44, 0x44, 0x44, 0x44, 0x44,
    0x44, 0x44, 0x44, 0x44, 0x44, 0x44, 0x44, 0x44, 0x44, 0x44, 0x44, 0x44, 0x44, 0x44, 0x44, 0x44, 0x44, 0x44, 0x44, 0x44, 0x44, 0x44, 0x44, 0x44, 0x44, 0x44, 0x44, 0x44, 0x44, 0x44, 0x44, 0x44,
    0x44, 0x44, 0x44, 0x44, 0x44, 0x44, 0x44, 0x44, 0x44, 0x44, 0x44, 0x44, 0x44, 0x44, 0x44, 0x44, 0x44, 0x44, 0x44, 0x44, 0x44, 0x44, 0x44, 0x44, 0x44, 0x44, 0x44, 0x44, 0x44, 0x44, 0x44, 0x44,
    0x44, 0x44, 0x44, 0x44, 0x44, 0x44, 0x44, 0x44, 0x44, 0x44, 0x44, 0x44, 0x44, 0x44, 0x44, 0x44, 0x44, 0x44, 0x44, 0x44, 0x44, 0x44, 0x44, 0x44, 0x44, 0x44, 0x44, 0x44, 0x44, 0x44, 0x44, 0x44,
    0x44, 0x44, 0x44, 0x44, 0x44, 0x44, 0x44, 0x44, 0x44, 0x44, 0x44, 0x44, 0x44, 0x44, 0x44, 0x44, 0x44, 0x44, 0x44, 0x44, 0x44, 0x44, 0x44, 0x44, 0x44, 0x44, 0x44, 0x44, 0x44, 0x44, 0x44, 0x44,
    0x44, 0x44, 0x44, 0x44, 0x44, 0x44, 0x44, 0x44, 0x44, 0x44, 0x44, 0x44, 0x44, 0x44, 0x44, 0x44, 0x44, 0x44, 0x44, 0x44, 0x44, 0x44, 0x44, 0x44, 0x44, 0x44, 0x44, 0x44, 0x44, 0x44, 0x44, 0x44,
    0x44, 0x44, 0x44, 0x44, 0x44, 0x44, 0x44, 0x44, 0x44, 0x44, 0x44, 0x44, 0x44, 0x44, 0x44, 0x44, 0x44, 0x44, 0x44, 0x44, 0x44, 0x44, 0x44, 0x44, 0x44, 0x44, 0x44, 0x44, 0x44, 0x44, 0x44, 0x44,
    0x44, 0x44, 0x44, 0x44, 0x44, 0x44, 0x44, 0x44, 0x44, 0x44, 0x44, 0x44, 0x44, 0x44, 0x44, 0x44, 0x44, 0x44, 0x44, 0x44, 0x44, 0x44, 0x44, 0x44, 0x44, 0x44, 0x44, 0x44, 0x44, 0x44, 0x44, 0x44,
    0x44, 0x44, 0x44, 0x44, 0x44, 0x44, 0x44, 0x44, 0x44, 0x44, 0x44, 0x44, 0x44, 0x44, 0x44, 0x44, 0x44, 0x44, 0x44, 0x44, 0x44, 0x44, 0x44, 0x44, 0x44, 0x44, 0x44, 0x44, 0x44, 0x44, 0x44, 0x44,
    0x44, 0x44, 0x44, 0x44, 0x44, 0x44, 0x44, 0x44, 0x44, 0x44, 0x44, 0x44, 0x44, 0x44, 0x44, 0x44, 0x44, 0x44, 0x44, 0x44, 0x44, 0x44, 0x44, 0x44, 0x44, 0x44, 0x44, 0x44, 0x44, 0x44, 0x44, 0x44,
    0x44, 0x44, 0x44, 0x44, 0x44, 0x44, 0x44, 0x44, 0x44, 0x44, 0x44, 0x44, 0x44, 0x44, 0x44, 0x44, 0x44, 0x44, 0x44, 0x44, 0x44, 0x44, 0x44, 0x44, 0x44, 0x44, 0x44, 0x44, 0x44, 0x44, 0x44, 0x44,
    0x44, 0x44, 0x44, 0x44, 0x44, 0x44, 0x44, 0x44, 0x44, 0x44, 0x44, 0x44, 0x44, 0x44, 0x44, 0x44, 0x44, 0x44, 0x44, 0x44, 0x44, 0x44, 0x44, 0x44, 0x44, 0x44, 0x44, 0x44, 0x44, 0x44, 0x44, 0x44,
    0x44, 0x44, 0x44, 0x44, 0x44, 0x44, 0x44, 0x44, 0x44, 0x44, 0x44, 0x44, 0x44, 0x44, 0x44, 0x44, 0x44, 0x44, 0x44, 0x44, 0x44, 0x44, 0x44, 0x44, 0x44, 0x44, 0x44, 0x44, 0x44, 0x44, 0x44, 0x44,
    0x44, 0x44, 0x44, 0x44, 0x44, 0x44, 0x44, 0x44, 0x44, 0x44, 0x44, 0x44, 0x44, 0x44, 0x44, 0x44, 0x44, 0x44, 0x44, 0x44, 0x44, 0x44, 0x44, 0x44, 0x44, 0x44, 0x44, 0x44, 0x44, 0x44, 0x44, 0x44,
    0x44, 0x44, 0x44, 0x44, 0x44, 0x44, 0x44, 0x44, 0x44, 0x44, 0x44, 0x44, 0x44, 0x44, 0x44, 0x44, 0x44, 0x44, 0x44, 0x44, 0x44, 0x44, 0x44, 0x44, 0x44, 0x44, 0x44, 0x44, 0x44, 0x44, 0x44, 0x44,
    0x44, 0x44, 0x44, 0x44, 0x44, 0x44, 0x44, 0x56, 0x44, 0x44, 0x44, 0x44, 0x44, 0x44, 0x56, 0x73, 0x44, 0x44, 0x44, 0x44, 0x56, 0x56, 0x73, 0x38, 0x56, 0x56, 0x73, 0x73, 0x73, 0x73, 0x73, 0x38,
    0x44, 0x44, 0x56, 0x73, 0x38, 0x38, 0x38, 0x38, 0x44, 0x56, 0x73, 0x38, 0x38, 0x38, 0x38, 0x38, 0x56, 0x73, 0x38, 0x38, 0x38, 0x38, 0x38, 0x38, 0x73, 0x38, 0x38, 0x38, 0x38, 0x38, 0x38, 0x38,
    0x73, 0x38, 0x38, 0x38, 0x38, 0x38, 0x38, 0x38, 0x38, 0x38, 0x38, 0x38, 0x38, 0x38, 0x38, 0x38, 0x38, 0x38, 0x38, 0x38, 0x38, 0x38, 0x38, 0x38, 0x38, 0x38, 0x38, 0x38, 0x38, 0x38, 0x38, 0x38,
    0x38, 0x38, 0x38, 0x2F, 0x2F, 0x2F, 0x2F, 0x2F, 0x38, 0x38, 0x2F, 0x2F, 0x2F, 0x2F, 0x2F, 0x2F, 0x38, 0x38, 0x2F, 0x2F, 0x2F, 0x2F, 0x2F, 0x2F, 0x38, 0x2F, 0x2F, 0x2F, 0x2F, 0x2F, 0x2F, 0x2F,
    0x2F, 0x2F, 0x2F, 0x2F, 0x2F, 0x2F, 0x2F, 0x2F, 0x2F, 0x2F, 0x2F, 0x2F, 0x2F, 0x2F, 0x2F, 0x2F, 0x2F, 0x2F, 0x2F, 0x2F, 0x2F, 0x2F, 0x2F, 0x2F, 0x2F, 0x2F, 0x2F, 0x2F, 0x2F, 0x2F, 0x2F, 0x2F,
    0x2F, 0x2F, 0x2F, 0x2F, 0x0B, 0x0B, 0x0B, 0x0B, 0x2F, 0x2F, 0x2F, 0x0B, 0x0B, 0x0B, 0x0B, 0x0B, 0x2F, 0x2F, 0x2F, 0x0B, 0x0B, 0x0B, 0x0B, 0x0B, 0x2F, 0x2F, 0x0B, 0x0B, 0x0B, 0x0B, 0x0B, 0x0B,
    0x2F, 0x2F, 0x0B, 0x0B, 0x0B, 0x0B, 0x0B, 0x0B, 0x2F, 0x0B, 0x0B, 0x0B, 0x0B, 0x0B, 0x0B, 0x0B, 0x2F, 0x0B, 0x0B, 0x0B, 0x0B, 0x0B, 0x0B, 0x0B, 0x2F, 0x0B, 0x0B, 0x0B, 0x0B, 0x0B, 0x0B, 0x0B,
    0x0B, 0x0B, 0x0B, 0x0B, 0x0B, 0x0B, 0x0B, 0x0B, 0x0B, 0x0B, 0x0B, 0x0B, 0x0B, 0x0B, 0x0B, 0x0B, 0x0B, 0x0B, 0x0B, 0x0B, 0x0B, 0x0B, 0x0B, 0x0B, 0x0B, 0x0B, 0x0B, 0x0B, 0x0B, 0x0B, 0x0B, 0x0B,
    0x0B, 0x0B, 0x0B, 0x0B, 0x0B, 0x0B, 0x0B, 0x0B, 0x0B, 0x0B, 0x0B, 0x0B, 0x0B, 0x0B, 0x0B, 0x0B, 0x0B, 0x0B, 0x0B, 0x0B, 0x0B, 0x0B, 0x0B, 0x0B, 0x0B, 0x0B, 0x0B, 0x0B, 0x0B, 0x0B, 0x0B, 0x0B,
    0x0B, 0x0B, 0x0B, 0x0B, 0x0B, 0x0B, 0x0B, 0x0B, 0x0B, 0x0B, 0x0B, 0x0B, 0x0B, 0x0B, 0x0B, 0x0B, 0x0B, 0x0B, 0x0B, 0x0B, 0x0B, 0x0B, 0x0B, 0x0B, 0x0B, 0x0B, 0x0B, 0x0B, 0x0B, 0x0B, 0x0B, 0x0B,
    0x0B, 0x0B, 0x0B, 0x0B, 0x0B, 0x0B, 0x0B, 0x0B, 0x0B, 0x0B, 0x0B, 0x0B, 0x0B, 0x0B, 0x0B, 0x0B, 0x0B, 0x0B, 0x0B, 0x0B, 0x0B, 0x0B, 0x0B, 0x0B, 0x0B, 0x0B, 0x0B, 0x0B, 0x0B, 0x0B, 0x0B, 0x0B,
    0x0B, 0x2F, 0x2F, 0x2F, 0x2F, 0x2F, 0x38, 0x38, 0x0B, 0x0B, 0x2F, 0x2F, 0x2F, 0x2F, 0x2F, 0x2F, 0x0B, 0x0B, 0x0B, 0x2F, 0x2F, 0x2F, 0x2F, 0x2F, 0x0B, 0x0B, 0x0B, 0x2F, 0x2F, 0x2F, 0x2F, 0x2F,
    0x0B, 0x0B, 0x0B, 0x0B, 0x2F, 0x2F, 0x2F, 0x2F, 0x0B, 0x0B, 0x0B, 0x0B, 0x2F, 0x2F, 0x2F, 0x2F, 0x0B, 0x0B, 0x0B, 0x0B, 0x2F, 0x2F, 0x2F, 0x2F, 0x0B, 0x0B, 0x0B, 0x0B, 0x2F, 0x2F, 0x2F, 0x2F,
    0x38, 0x38, 0x38, 0x38, 0x38, 0x38, 0x38, 0x73, 0x38, 0x38, 0x38, 0x38, 0x38, 0x38, 0x38, 0x38, 0x2F, 0x38, 0x38, 0x38, 0x38, 0x38, 0x38, 0x38, 0x2F, 0x2F, 0x38, 0x38, 0x38, 0x38, 0x38, 0x38,
    0x2F, 0x2F, 0x38, 0x38, 0x38, 0x38, 0x38, 0x38, 0x2F, 0x2F, 0x2F, 0x38, 0x38, 0x38, 0x38, 0x38, 0x2F, 0x2F, 0x2F, 0x2F, 0x38, 0x38, 0x38, 0x38, 0x2F, 0x2F, 0x2F, 0x2F, 0x2F, 0x2F, 0x38, 0x38,
    0x73, 0x65, 0x65, 0x73, 0x1B, 0x73, 0x65, 0x73, 0x38, 0x73, 0x73, 0x73, 0x73, 0x73, 0x73, 0x73, 0x38, 0x38, 0x38, 0x38, 0x38, 0x38, 0x38, 0x38, 0x38, 0x38, 0x38, 0x38, 0x38, 0x38, 0x38, 0x38,
    0x38, 0x38, 0x38, 0x38, 0x38, 0x38, 0x38, 0x38, 0x38, 0x38, 0x38, 0x38, 0x38, 0x38, 0x38, 0x2F, 0x38, 0x38, 0x38, 0x38, 0x2F, 0x2F, 0x2F, 0x2F, 0x2F, 0x2F, 0x2F, 0x2F, 0x2F, 0x2F, 0x2F, 0x2F,
    0x73, 0x73, 0x73, 0x73, 0x38, 0x38, 0x38, 0x38, 0x73, 0x73, 0x38, 0x38, 0x38, 0x38, 0x38, 0x2F, 0x38, 0x38, 0x38, 0x38, 0x38, 0x2F, 0x2F, 0x2F, 0x38, 0x38, 0x38, 0x2F, 0x2F, 0x2F, 0x2F, 0x2F,
    0x38, 0x2F, 0x2F, 0x2F, 0x2F, 0x2F, 0x2F, 0x2F, 0x2F, 0x2F, 0x2F, 0x2F, 0x2F, 0x2F, 0x2F, 0x2F, 0x2F, 0x2F, 0x2F, 0x2F, 0x2F, 0x2F, 0x2F, 0x2F, 0x2F, 0x2F, 0x2F, 0x2F, 0x2F, 0x2F, 0x2F, 0x2F,
    0x38, 0x38, 0x38, 0x38, 0x38, 0x38, 0x38, 0x38, 0x2F, 0x38, 0x38, 0x38, 0x38, 0x38, 0x38, 0x38, 0x2F, 0x2F, 0x38, 0x38, 0x38, 0x38, 0x38, 0x38, 0x2F, 0x2F, 0x38, 0x38, 0x38, 0x38, 0x38, 0x73,
    0x2F, 0x2F, 0x38, 0x38, 0x38, 0x73, 0x73, 0x65, 0x2F, 0x38, 0x38, 0x38, 0x73, 0x65, 0x65, 0x65, 0x2F, 0x38, 0x38, 0x73, 0x65, 0x65, 0x65, 0x65, 0x38, 0x73, 0x73, 0x65, 0x65, 0x65, 0x65, 0x65,
    0x38, 0x73, 0x4E, 0x3C, 0x1B, 0x1B, 0x3C, 0x3C, 0x38, 0x73, 0x4E, 0x3C, 0x1B, 0x1B, 0x3C, 0x3C, 0x73, 0x73, 0x4E, 0x3C, 0x1B, 0x1B, 0x3C, 0x3C, 0x65, 0x73, 0x4E, 0x3C, 0x1B, 0x1B, 0x3C, 0x3C,
    0x65, 0x73, 0x4E, 0x3C, 0x1B, 0x1B, 0x3C, 0x3C, 0x65, 0x73, 0x3C, 0x3C, 0x1B, 0x1B, 0x3C, 0x3C, 0x73, 0x4E, 0x3C, 0x3C, 0x1B, 0x1B, 0x3C, 0x3C, 0x73, 0x4E, 0x3C, 0x3C, 0x1B, 0x1B, 0x3C, 0x3C,
    0x4E, 0x4E, 0x4E, 0x4E, 0x73, 0x4E, 0x4E, 0x3C, 0x4E, 0x4E, 0x4E, 0x4E, 0x73, 0x4E, 0x4E, 0x3C, 0x4E, 0x4E, 0x4E, 0x4E, 0x73, 0x4E, 0x3C, 0x3C, 0x4E, 0x4E, 0x4E, 0x4E, 0x73, 0x4E, 0x3C, 0x3C,
    0x4E, 0x4E, 0x4E, 0x4E, 0x73, 0x4E, 0x3C, 0x3C, 0x4E, 0x4E, 0x4E, 0x4E, 0x73, 0x4E, 0x3C, 0x3C, 0x4E, 0x4E, 0x4E, 0x4E, 0x73, 0x4E, 0x3C, 0x3C, 0x4E, 0x4E, 0x4E, 0x4E, 0x73, 0x4E, 0x3C, 0x3C,
    0x3C, 0x3C, 0x3C, 0x1B, 0x1B, 0x1B, 0x1B, 0x1B, 0x3C, 0x3C, 0x1B, 0x1B, 0x1B, 0x1B, 0x1B, 0x1B, 0x3C, 0x3C, 0x1B, 0x1B, 0x1B, 0x1B, 0x1B, 0x1B, 0x3C, 0x3C, 0x1B, 0x1B, 0x1B, 0x1B, 0x1B, 0x1B,
    0x3C, 0x3C, 0x1B, 0x1B, 0x1B, 0x1B, 0x1B, 0x1B, 0x3C, 0x3C, 0x1B, 0x1B, 0x1B, 0x1B, 0x1B, 0x1B, 0x3C, 0x3C, 0x1B, 0x1B, 0x1B, 0x1B, 0x1B, 0x1B, 0x3C, 0x3C, 0x1B, 0x1B, 0x1B, 0x1B, 0x1B, 0x1B,
    0x1B, 0x1B, 0x1B, 0x1B, 0x1B, 0x1B, 0x1B, 0x1B, 0x1B, 0x1B, 0x1B, 0x1B, 0x1B, 0x1B, 0x1B, 0x3C, 0x1B, 0x1B, 0x1B, 0x1B, 0x1B, 0x3C, 0x4E, 0x73, 0x1B, 0x1B, 0x3C, 0x3C, 0x4E, 0x73, 0x73, 0x4F,
    0x1B, 0x4E, 0x4E, 0x73, 0x73, 0x4F, 0x4F, 0x4F, 0x4E, 0x73, 0x73, 0x73, 0x73, 0x73, 0x73, 0x73, 0x3C, 0x3C, 0x3C, 0x3C, 0x3C, 0x3C, 0x3C, 0x3C, 0x1B, 0x1B, 0x1B, 0x1B, 0x1B, 0x1B, 0x1B, 0x1B,
    0x1B, 0x1B, 0x3C, 0x4E, 0x73, 0x73, 0x73, 0x73, 0x3C, 0x4E, 0x73, 0x73, 0x55, 0x55, 0x4F, 0x4F, 0x73, 0x73, 0x73, 0x73, 0x73, 0x73, 0x55, 0x55, 0x55, 0x55, 0x55, 0x73, 0x73, 0x73, 0x73, 0x73,
    0x4F, 0x4F, 0x4F, 0x55, 0x55, 0x55, 0x73, 0x73, 0x73, 0x73, 0x73, 0x73, 0x73, 0x73, 0x4E, 0x4E, 0x3C, 0x3C, 0x3C, 0x3C, 0x3C, 0x3C, 0x3C, 0x3C, 0x1B, 0x1B, 0x1B, 0x1B, 0x1B, 0x1B, 0x1B, 0x1B,
    0x4E, 0x3C, 0x4E, 0x73, 0x2A, 0x2A, 0x2A, 0x2A, 0x73, 0x73, 0x73, 0x4F, 0x2A, 0x2A, 0x2A, 0x2A, 0x4F, 0x4F, 0x4F, 0x4F, 0x4F, 0x2A, 0x2A, 0x2A, 0x55, 0x55, 0x55, 0x4F, 0x4F, 0x4F, 0x2A, 0x2A,
    0x73, 0x73, 0x73, 0x73, 0x73, 0x73, 0x73, 0x73, 0x4E, 0x4E, 0x4E, 0x4E, 0x4E, 0x4E, 0x4E, 0x4E, 0x3C, 0x3C, 0x3C, 0x3C, 0x3C, 0x3C, 0x3C, 0x3C, 0x1B, 0x1B, 0x1B, 0x1B, 0x1B, 0x1B, 0x1B, 0x1B,
    0x2A, 0x2A, 0x2A, 0x2A, 0x2A, 0x2A, 0x4F, 0x4F, 0x2A, 0x2A, 0x2A, 0x2A, 0x2A, 0x2A, 0x4F, 0x4F, 0x2A, 0x2A, 0x2A, 0x2A, 0x2A, 0x4F, 0x4F, 0x55, 0x2A, 0x2A, 0x2A, 0x2A, 0x2A, 0x4F, 0x55, 0x73,
    0x73, 0x73, 0x73, 0x73, 0x4F, 0x55, 0x73, 0x73, 0x4E, 0x4E, 0x4E, 0x73, 0x55, 0x73, 0x73, 0x73, 0x3C, 0x3C, 0x4E, 0x73, 0x73, 0x73, 0x73, 0x43, 0x1B, 0x3C, 0x4E, 0x73, 0x73, 0x73, 0x43, 0x0D,
    0x4F, 0x55, 0x73, 0x73, 0x73, 0x43, 0x0D, 0x05, 0x55, 0x73, 0x73, 0x73, 0x43, 0x0D, 0x05, 0x05, 0x73, 0x73, 0x73, 0x43, 0x0D, 0x05, 0x05, 0x05, 0x73, 0x73, 0x43, 0x0D, 0x05, 0x05, 0x05, 0x05,
    0x73, 0x43, 0x0D, 0x05, 0x05, 0x05, 0x05, 0x05, 0x43, 0x0D, 0x05, 0x05, 0x05, 0x05, 0x05, 0x0D, 0x0D, 0x05, 0x05, 0x05, 0x05, 0x05, 0x0D, 0x0D, 0x0D, 0x0D, 0x0D, 0x05, 0x05, 0x0D, 0x0D, 0x43,
    0x05, 0x05, 0x05, 0x05, 0x0D, 0x0D, 0x43, 0x43, 0x05, 0x05, 0x05, 0x0D, 0x0D, 0x43, 0x73, 0x73, 0x05, 0x05, 0x0D, 0x0D, 0x43, 0x73, 0x73, 0x73, 0x05, 0x0D, 0x0D, 0x43, 0x73, 0x73, 0x73, 0x57,
    0x0D, 0x0D, 0x43, 0x73, 0x73, 0x73, 0x57, 0x54, 0x0D, 0x43, 0x73, 0x73, 0x73, 0x57, 0x54, 0x2B, 0x43, 0x73, 0x73, 0x73, 0x57, 0x54, 0x2B, 0x2B, 0x73, 0x73, 0x73, 0x57, 0x54, 0x2B, 0x2B, 0x2B,
    0x73, 0x73, 0x57, 0x54, 0x2B, 0x2B, 0x2B, 0x2B, 0x73, 0x57, 0x54, 0x2B, 0x2B, 0x2B, 0x2B, 0x54, 0x73, 0x54, 0x2B, 0x2B, 0x2B, 0x2B, 0x54, 0x57, 0x54, 0x2B, 0x2B, 0x2B, 0x2B, 0x54, 0x57, 0x73,
    0x2B, 0x2B, 0x2B, 0x2B, 0x54, 0x57, 0x73, 0x73, 0x2B, 0x2B, 0x2B, 0x54, 0x57, 0x73, 0x73, 0x73, 0x2B, 0x2B, 0x54, 0x57, 0x73, 0x73, 0x73, 0x73, 0x2B, 0x54, 0x57, 0x73, 0x73, 0x73, 0x73, 0x57,
    0x54, 0x57, 0x73, 0x73, 0x73, 0x73, 0x57, 0x73, 0x57, 0x73, 0x73, 0x73, 0x73, 0x57, 0x73, 0x73, 0x73, 0x73, 0x73, 0x73, 0x57, 0x73, 0x73, 0x73, 0x73, 0x73, 0x73, 0x57, 0x73, 0x73, 0x73, 0x73,
    0x73, 0x73, 0x57, 0x73, 0x73, 0x73, 0x73, 0x73, 0x73, 0x57, 0x73, 0x73, 0x73, 0x73, 0x73, 0x73, 0x57, 0x73, 0x73, 0x73, 0x73, 0x73, 0x73, 0x73, 0x73, 0x73, 0x73, 0x73, 0x73, 0x73, 0x73, 0x73,
    0x73, 0x73, 0x73, 0x73, 0x73, 0x73, 0x73, 0x73, 0x73, 0x73, 0x73, 0x73, 0x73, 0x73, 0x73, 0x73, 0x73, 0x73, 0x73, 0x73, 0x73, 0x73, 0x73, 0x73, 0x73, 0x73, 0x73, 0x73, 0x73, 0x73, 0x73, 0x73,
    0x73, 0x73, 0x73, 0x73, 0x73, 0x73, 0x73, 0x73, 0x73, 0x73, 0x73, 0x73, 0x73, 0x73, 0x73, 0x73, 0x73, 0x73, 0x73, 0x73, 0x73, 0x73, 0x73, 0x73, 0x73, 0x73, 0x73, 0x73, 0x73, 0x73, 0x73, 0x73,
    0x73, 0x73, 0x73, 0x73, 0x73, 0x73, 0x73, 0x73, 0x73, 0x73, 0x73, 0x73, 0x73, 0x73, 0x73, 0x73, 0x73, 0x73, 0x73, 0x73, 0x73, 0x73, 0x73, 0x73, 0x73, 0x73, 0x73, 0x73, 0x73, 0x73, 0x73, 0x73,
    0x73, 0x73, 0x73, 0x73, 0x73, 0x73, 0x73, 0x73, 0x73, 0x73, 0x73, 0x73, 0x73, 0x73, 0x73, 0x73, 0x73, 0x73, 0x73, 0x73, 0x73, 0x73, 0x73, 0x73, 0x73, 0x73, 0x73, 0x73, 0x73, 0x73, 0x73, 0x73,
    0x73, 0x73, 0x73, 0x73, 0x73, 0x73, 0x73, 0x6F, 0x73, 0x73, 0x73, 0x73, 0x73, 0x73, 0x73, 0x6F, 0x73, 0x73, 0x73, 0x73, 0x73, 0x73, 0x73, 0x6F, 0x73, 0x73, 0x73, 0x73, 0x73, 0x73, 0x73, 0x6F,
    0x73, 0x73, 0x73, 0x73, 0x73, 0x55, 0x50, 0x6F, 0x73, 0x73, 0x73, 0x73, 0x73, 0x55, 0x50, 0x6F, 0x73, 0x73, 0x73, 0x73, 0x73, 0x55, 0x41, 0x6F, 0x73, 0x73, 0x73, 0x73, 0x73, 0x55, 0x41, 0x6F,
    0x6F, 0x41, 0x50, 0x73, 0x73, 0x73, 0x73, 0x73, 0x6F, 0x1B, 0x50, 0x73, 0x73, 0x73, 0x73, 0x73, 0x6F, 0x1B, 0x50, 0x73, 0x73, 0x73, 0x73, 0x73, 0x6F, 0x1B, 0x50, 0x73, 0x73, 0x73, 0x73, 0x73,
    0x6F, 0x1B, 0x50, 0x55, 0x73, 0x73, 0x73, 0x73, 0x6F, 0x1B, 0x50, 0x55, 0x73, 0x73, 0x73, 0x73, 0x6F, 0x1B, 0x50, 0x55, 0x73, 0x73, 0x73, 0x73, 0x6F, 0x1B, 0x50, 0x55, 0x73, 0x73, 0x73, 0x73,
    0x73, 0x73, 0x73, 0x73, 0x73, 0x73, 0x73, 0x73, 0x73, 0x73, 0x73, 0x73, 0x73, 0x73, 0x73, 0x73, 0x73, 0x73, 0x73, 0x73, 0x73, 0x73, 0x73, 0x73, 0x73, 0x73, 0x73, 0x73, 0x73, 0x73, 0x73, 0x73,
    0x73, 0x73, 0x73, 0x73, 0x73, 0x73, 0x73, 0x73, 0x73, 0x73, 0x73, 0x73, 0x73, 0x73, 0x73, 0x73, 0x73, 0x73, 0x73, 0x73, 0x73, 0x73, 0x73, 0x73, 0x73, 0x73, 0x73, 0x73, 0x73, 0x73, 0x73, 0x73,
    0x73, 0x73, 0x73, 0x73, 0x73, 0x73, 0x73, 0x73, 0x73, 0x73, 0x73, 0x73, 0x73, 0x73, 0x73, 0x73, 0x73, 0x73, 0x73, 0x73, 0x73, 0x73, 0x73, 0x73, 0x73, 0x73, 0x73, 0x73, 0x73, 0x73, 0x73, 0x73,
    0x73, 0x73, 0x73, 0x73, 0x73, 0x73, 0x73, 0x73, 0x73, 0x73, 0x73, 0x73, 0x73, 0x73, 0x73, 0x73, 0x73, 0x73, 0x73, 0x73, 0x73, 0x73, 0x73, 0x73, 0x73, 0x73, 0x73, 0x73, 0x73, 0x73, 0x73, 0x73,
    0x73, 0x73, 0x73, 0x73, 0x73, 0x73, 0x73, 0x73, 0x73, 0x73, 0x73, 0x73, 0x73, 0x73, 0x73, 0x73, 0x73, 0x73, 0x73, 0x73, 0x73, 0x73, 0x73, 0x73, 0x73, 0x73, 0x73, 0x73, 0x73, 0x73, 0x73, 0x73,
    0x73, 0x73, 0x73, 0x73, 0x73, 0x73, 0x73, 0x73, 0x73, 0x73, 0x73, 0x73, 0x73, 0x73, 0x73, 0x73, 0x73, 0x73, 0x73, 0x73, 0x73, 0x73, 0x73, 0x73, 0x73, 0x73, 0x73, 0x73, 0x73, 0x73, 0x73, 0x73,
    0x73, 0x57, 0x73, 0x73, 0x73, 0x73, 0x57, 0x54, 0x73, 0x73, 0x57, 0x73, 0x73, 0x73, 0x73, 0x73, 0x73, 0x73, 0x73, 0x57, 0x73, 0x73, 0x73, 0x73, 0x73, 0x73, 0x73, 0x73, 0x57, 0x73, 0x73, 0x73,
    0x73, 0x73, 0x73, 0x73, 0x73, 0x57, 0x57, 0x73, 0x73, 0x73, 0x73, 0x73, 0x73, 0x73, 0x73, 0x57, 0x73, 0x73, 0x73, 0x73, 0x73, 0x73, 0x73, 0x57, 0x73, 0x73, 0x73, 0x73, 0x73, 0x73, 0x73, 0x73,
    0x2B, 0x2B, 0x2B, 0x2B, 0x54, 0x57, 0x73, 0x73, 0x57, 0x54, 0x2B, 0x2B, 0x2B, 0x54, 0x57, 0x73, 0x73, 0x57, 0x54, 0x2B, 0x2B, 0x54, 0x54, 0x57, 0x73, 0x73, 0x57, 0x54, 0x54, 0x54, 0x54, 0x54,
    0x73, 0x73, 0x73, 0x57, 0x54, 0x54, 0x57, 0x57, 0x73, 0x73, 0x73, 0x73, 0x57, 0x57, 0x73, 0x73, 0x73, 0x73, 0x73, 0x73, 0x73, 0x73, 0x73, 0x73, 0x57, 0x57, 0x73, 0x73, 0x73, 0x73, 0x73, 0x57,
    0x73, 0x43, 0x0D, 0x0D, 0x0D, 0x0D, 0x0D, 0x0D, 0x73, 0x73, 0x43, 0x0D, 0x0D, 0x43, 0x43, 0x43, 0x73, 0x73, 0x73, 0x43, 0x43, 0x73, 0x73, 0x73, 0x57, 0x73, 0x73, 0x73, 0x73, 0x73, 0x73, 0x73,
    0x73, 0x73, 0x73, 0x73, 0x73, 0x73, 0x43, 0x43, 0x73, 0x73, 0x73, 0x57, 0x73, 0x73, 0x73, 0x73, 0x57, 0x57, 0x57, 0x54, 0x57, 0x73, 0x73, 0x73, 0x57, 0x54, 0x54, 0x54, 0x54, 0x54, 0x57, 0x73,
    0x43, 0x43, 0x43, 0x73, 0x73, 0x73, 0x73, 0x73, 0x73, 0x73, 0x73, 0x73, 0x73, 0x73, 0x73, 0x73, 0x73, 0x73, 0x73, 0x43, 0x43, 0x43, 0x73, 0x73, 0x43, 0x43, 0x43, 0x0D, 0x0D, 0x0D, 0x0D, 0x43,
    0x0D, 0x0D, 0x0D, 0x0D, 0x05, 0x05, 0x05, 0x0D, 0x43, 0x0D, 0x05, 0x05, 0x05, 0x05, 0x05, 0x05, 0x73, 0x43, 0x0D, 0x05, 0x05, 0x05, 0x05, 0x05, 0x73, 0x73, 0x43, 0x0D, 0x05, 0x05, 0x05, 0x05,
    0x55, 0x55, 0x4F, 0x4F, 0x4F, 0x2A, 0x2A, 0x2A, 0x73, 0x55, 0x4F, 0x4F, 0x2A, 0x2A, 0x2A, 0x2A, 0x73, 0x73, 0x55, 0x2A, 0x2A, 0x2A, 0x2A, 0x2A, 0x73, 0x73, 0x73, 0x55, 0x2A, 0x2A, 0x2A, 0x2A,
    0x43, 0x73, 0x73, 0x73, 0x73, 0x55, 0x2A, 0x2A, 0x0D, 0x43, 0x73, 0x73, 0x73, 0x73, 0x55, 0x4F, 0x05, 0x05, 0x0D, 0x43, 0x73, 0x73, 0x73, 0x55, 0x05, 0x05, 0x05, 0x0D, 0x43, 0x73, 0x73, 0x73,
    0x2A, 0x2A, 0x2A, 0x2A, 0x2A, 0x2A, 0x2A, 0x2A, 0x2A, 0x2A, 0x2A, 0x2A, 0x2A, 0x2A, 0x2A, 0x2A, 0x2A, 0x2A, 0x2A, 0x2A, 0x2A, 0x2A, 0x2A, 0x2A, 0x2A, 0x2A, 0x2A, 0x2A, 0x2A, 0x2A, 0x2A, 0x2A,
    0x2A, 0x2A, 0x2A, 0x2A, 0x2A, 0x2A, 0x2A, 0x2A, 0x2A, 0x2A, 0x2A, 0x2A, 0x2A, 0x2A, 0x2A, 0x2A, 0x4F, 0x4F, 0x2A, 0x2A, 0x2A, 0x2A, 0x2A, 0x2A, 0x73, 0x55, 0x4F, 0x4F, 0x4F, 0x4F, 0x4F, 0x4F,
    0x2A, 0x2A, 0x2A, 0x2A, 0x2A, 0x2A, 0x2A, 0x2A, 0x2A, 0x2A, 0x2A, 0x2A, 0x2A, 0x2A, 0x2A, 0x2A, 0x2A, 0x2A, 0x2A, 0x2A, 0x2A, 0x2A, 0x2A, 0x2A, 0x2A, 0x2A, 0x2A, 0x2A, 0x2A, 0x2A, 0x2A, 0x2A,
    0x2A, 0x2A, 0x2A, 0x2A, 0x2A, 0x2A, 0x2A, 0x2A, 0x2A, 0x2A, 0x2A, 0x2A, 0x2A, 0x2A, 0x2A, 0x2A, 0x2A, 0x2A, 0x2A, 0x2A, 0x2A, 0x2A, 0x2A, 0x2A, 0x2A, 0x2A, 0x2A, 0x2A, 0x2A, 0x2A, 0x2A, 0x2A,
    0x2A, 0x4F, 0x4F, 0x55, 0x73, 0x73, 0x73, 0x73, 0x2A, 0x2A, 0x2A, 0x2A, 0x4F, 0x55, 0x73, 0x73, 0x2A, 0x2A, 0x2A, 0x2A, 0x2A, 0x2A, 0x2A, 0x55, 0x2A, 0x2A, 0x2A, 0x2A, 0x2A, 0x2A, 0x2A, 0x2A,
    0x2A, 0x2A, 0x2A, 0x2A, 0x2A, 0x2A, 0x2A, 0x2A, 0x2A, 0x2A, 0x2A, 0x2A, 0x2A, 0x2A, 0x2A, 0x2A, 0x2A, 0x2A, 0x2A, 0x2A, 0x2A, 0x2A, 0x2A, 0x2A, 0x2A, 0x2A, 0x4F, 0x4F, 0x4F, 0x4F, 0x2A, 0x2A,
    0x73, 0x73, 0x55, 0x4E, 0x3D, 0x3D, 0x3D, 0x17, 0x73, 0x73, 0x73, 0x73, 0x55, 0x4E, 0x51, 0x51, 0x73, 0x73, 0x73, 0x73, 0x73, 0x73, 0x55, 0x4E, 0x2A, 0x55, 0x73, 0x73, 0x73, 0x73, 0x73, 0x73,
    0x2A, 0x2A, 0x55, 0x73, 0x73, 0x73, 0x73, 0x73, 0x2A, 0x2A, 0x2A, 0x2A, 0x55, 0x73, 0x73, 0x73, 0x2A, 0x2A, 0x2A, 0x2A, 0x2A, 0x4F, 0x55, 0x73, 0x2A, 0x2A, 0x2A, 0x2A, 0x2A, 0x2A, 0x4F, 0x4F,
    0x17, 0x17, 0x17, 0x17, 0x17, 0x17, 0x17, 0x17, 0x3D, 0x3D, 0x3D, 0x17, 0x17, 0x17, 0x17, 0x17, 0x4E, 0x4E, 0x51, 0x51, 0x51, 0x51, 0x51, 0x51, 0x55, 0x55, 0x55, 0x55, 0x55, 0x55, 0x55, 0x55,
    0x73, 0x73, 0x73, 0x73, 0x73, 0x73, 0x73, 0x73, 0x73, 0x73, 0x73, 0x73, 0x73, 0x73, 0x73, 0x73, 0x73, 0x73, 0x73, 0x73, 0x55, 0x55, 0x55, 0x55, 0x55, 0x73, 0x73, 0x73, 0x73, 0x73, 0x55, 0x4F,
    0x17, 0x17, 0x17, 0x17, 0x0D, 0x3D, 0x17, 0x17, 0x17, 0x17, 0x17, 0x17, 0x3D, 0x17, 0x3D, 0x51, 0x51, 0x51, 0x51, 0x51, 0x4E, 0x4E, 0x4E, 0x55, 0x55, 0x55, 0x55, 0x55, 0x55, 0x55, 0x73, 0x73,
    0x73, 0x73, 0x73, 0x73, 0x73, 0x73, 0x73, 0x73, 0x73, 0x73, 0x73, 0x73, 0x73, 0x73, 0x73, 0x55, 0x55, 0x55, 0x55, 0x55, 0x55, 0x55, 0x4F, 0x4F, 0x4F, 0x4F, 0x4F, 0x4F, 0x4F, 0x4F, 0x4F, 0x4F,
    0x3D, 0x3D, 0x3D, 0x51, 0x55, 0x73, 0x73, 0x73, 0x51, 0x4E, 0x55, 0x73, 0x73, 0x73, 0x73, 0x55, 0x55, 0x73, 0x73, 0x73, 0x73, 0x73, 0x55, 0x73, 0x73, 0x73, 0x73, 0x73, 0x55, 0x4F, 0x55, 0x73,
    0x73, 0x73, 0x55, 0x4F, 0x4F, 0x4F, 0x55, 0x73, 0x55, 0x4F, 0x4F, 0x4F, 0x4F, 0x4F, 0x55, 0x73, 0x4F, 0x4F, 0x4F, 0x4F, 0x4F, 0x4F, 0x55, 0x73, 0x4F, 0x4F, 0x4F, 0x4F, 0x4F, 0x4F, 0x55, 0x73,
    0x73, 0x73, 0x55, 0x51, 0x3D, 0x17, 0x17, 0x17, 0x73, 0x73, 0x4E, 0x51, 0x17, 0x17, 0x17, 0x17, 0x73, 0x55, 0x4E, 0x3D, 0x17, 0x17, 0x17, 0x17, 0x73, 0x55, 0x51, 0x3D, 0x17, 0x17, 0x17, 0x3D,
    0x73, 0x4E, 0x51, 0x17, 0x17, 0x3D, 0x0D, 0x05, 0x73, 0x4E, 0x51, 0x17, 0x3D, 0x0D, 0x05, 0x0D, 0x73, 0x4E, 0x51, 0x17, 0x17, 0x17, 0x17, 0x17, 0x73, 0x4E, 0x51, 0x17, 0x17, 0x17, 0x17, 0x17,
    0x17, 0x17, 0x17, 0x3D, 0x0D, 0x05, 0x05, 0x05, 0x17, 0x3D, 0x0D, 0x05, 0x05, 0x05, 0x05, 0x05, 0x3D, 0x0D, 0x05, 0x05, 0x05, 0x05, 0x05, 0x0D, 0x0D, 0x05, 0x05, 0x05, 0x05, 0x05, 0x05, 0x05,
    0x05, 0x05, 0x05, 0x05, 0x0D, 0x0D, 0x0D, 0x0D, 0x0D, 0x0D, 0x17, 0x17, 0x17, 0x17, 0x17, 0x17, 0x17, 0x17, 0x17, 0x17, 0x17, 0x17, 0x17, 0x17, 0x17, 0x17, 0x17, 0x17, 0x17, 0x17, 0x17, 0x17,
    0x05, 0x05, 0x0D, 0x0D, 0x05, 0x05, 0x05, 0x05, 0x0D, 0x17, 0x17, 0x17, 0x0D, 0x05, 0x05, 0x05, 0x17, 0x17, 0x17, 0x17, 0x17, 0x0D, 0x05, 0x05, 0x17, 0x17, 0x17, 0x17, 0x17, 0x0D, 0x05, 0x05,
    0x17, 0x17, 0x17, 0x17, 0x0D, 0x05, 0x05, 0x05, 0x17, 0x17, 0x0D, 0x0D, 0x05, 0x05, 0x05, 0x05, 0x17, 0x17, 0x05, 0x05, 0x05, 0x05, 0x05, 0x05, 0x17, 0x0D, 0x05, 0x05, 0x05, 0x05, 0x05, 0x05,
    0x05, 0x05, 0x05, 0x05, 0x05, 0x05, 0x05, 0x05, 0x05, 0x05, 0x05, 0x05, 0x05, 0x05, 0x05, 0x05, 0x05, 0x05, 0x05, 0x05, 0x05, 0x05, 0x05, 0x05, 0x05, 0x05, 0x05, 0x05, 0x05, 0x05, 0x05, 0x05,
    0x05, 0x0D, 0x3D, 0x3D, 0x0D, 0x05, 0x05, 0x05, 0x05, 0x3D, 0x17, 0x17, 0x3D, 0x0D, 0x05, 0x05, 0x0D, 0x3D, 0x17, 0x17, 0x3D, 0x0D, 0x05, 0x05, 0x0D, 0x3D, 0x17, 0x17, 0x17, 0x05, 0x05, 0x05,
    0x05, 0x0D, 0x3D, 0x17, 0x17, 0x3D, 0x4E, 0x55, 0x05, 0x05, 0x05, 0x0D, 0x17, 0x3D, 0x51, 0x4E, 0x05, 0x05, 0x0D, 0x3D, 0x17, 0x17, 0x51, 0x4E, 0x05, 0x05, 0x0D, 0x17, 0x17, 0x17, 0x3D, 0x4E,
    0x05, 0x05, 0x3D, 0x17, 0x17, 0x17, 0x3D, 0x51, 0x05, 0x0D, 0x17, 0x17, 0x17, 0x17, 0x3D, 0x51, 0x05, 0x3D, 0x17, 0x17, 0x17, 0x17, 0x3D, 0x51, 0x0D, 0x3D, 0x17, 0x17, 0x17, 0x17, 0x3D, 0x51,
    0x73, 0x73, 0x55, 0x4F, 0x4F, 0x4F, 0x4F, 0x4F, 0x73, 0x73, 0x55, 0x4F, 0x4F, 0x4F, 0x4F, 0x4F, 0x55, 0x73, 0x73, 0x4F, 0x4F, 0x4F, 0x55, 0x73, 0x55, 0x73, 0x73, 0x55, 0x4F, 0x55, 0x73, 0x73,
    0x55, 0x73, 0x73, 0x55, 0x55, 0x73, 0x73, 0x73, 0x55, 0x73, 0x73, 0x55, 0x73, 0x73, 0x73, 0x55, 0x55, 0x73, 0x73, 0x73, 0x73, 0x73, 0x55, 0x51, 0x55, 0x73, 0x73, 0x73, 0x73, 0x55, 0x51, 0x3D,
    0x4F, 0x55, 0x55, 0x73, 0x73, 0x73, 0x73, 0x73, 0x55, 0x73, 0x73, 0x73, 0x73, 0x73, 0x55, 0x55, 0x73, 0x73, 0x73, 0x73, 0x55, 0x4E, 0x4E, 0x4E, 0x73, 0x73, 0x55, 0x4E, 0x51, 0x51, 0x3D, 0x3D,
    0x55, 0x4E, 0x51, 0x3D, 0x3D, 0x17, 0x17, 0x17, 0x51, 0x3D, 0x17, 0x17, 0x17, 0x17, 0x17, 0x17, 0x3D, 0x17, 0x17, 0x17, 0x17, 0x17, 0x17, 0x3D, 0x17, 0x17, 0x17, 0x17, 0x17, 0x17, 0x3D, 0x05,
    0x73, 0x73, 0x73, 0x73, 0x73, 0x73, 0x73, 0x73, 0x55, 0x55, 0x55, 0x55, 0x55, 0x55, 0x55, 0x55, 0x51, 0x51, 0x51, 0x51, 0x51, 0x51, 0x51, 0x51, 0x3D, 0x3D, 0x3D, 0x3D, 0x3D, 0x3D, 0x3D, 0x3D,
    0x17, 0x3D, 0x3D, 0x3D, 0x17, 0x17, 0x17, 0x17, 0x0D, 0x05, 0x05, 0x05, 0x0D, 0x3D, 0x3D, 0x3D, 0x05, 0x05, 0x05, 0x05, 0x05, 0x05, 0x05, 0x05, 0x05, 0x05, 0x05, 0x05, 0x05, 0x05, 0x05, 0x05,
    0x73, 0x73, 0x73, 0x73, 0x73, 0x73, 0x73, 0x73, 0x55, 0x73, 0x73, 0x73, 0x73, 0x73, 0x73, 0x73, 0x51, 0x51, 0x4E, 0x4E, 0x4E, 0x4E, 0x55, 0x55, 0x3D, 0x3D, 0x3D, 0x3D, 0x3D, 0x51, 0x51, 0x4E,
    0x17, 0x17, 0x17, 0x17, 0x17, 0x17, 0x17, 0x3D, 0x3D, 0x17, 0x17, 0x17, 0x17, 0x17, 0x17, 0x17, 0x0D, 0x0D, 0x3D, 0x3D, 0x3D, 0x3D, 0x17, 0x17, 0x05, 0x05, 0x05, 0x05, 0x05, 0x0D, 0x0D, 0x3D,
    0x73, 0x56, 0x56, 0x56, 0x56, 0x56, 0x56, 0x44, 0x73, 0x73, 0x73, 0x73, 0x73, 0x73, 0x73, 0x73, 0x73, 0x73, 0x73, 0x73, 0x73, 0x73, 0x73, 0x73, 0x4E, 0x55, 0x73, 0x73, 0x73, 0x73, 0x55, 0x55,
    0x51, 0x51, 0x4E, 0x55, 0x73, 0x73, 0x73, 0x55, 0x17, 0x3D, 0x3D, 0x51, 0x55, 0x73, 0x73, 0x73, 0x17, 0x17, 0x17, 0x3D, 0x51, 0x55, 0x73, 0x73, 0x3D, 0x17, 0x17, 0x17, 0x3D, 0x51, 0x55, 0x73,
    0x44, 0x44, 0x44, 0x44, 0x44, 0x44, 0x44, 0x44, 0x73, 0x73, 0x73, 0x56, 0x56, 0x56, 0x56, 0x56, 0x73, 0x73, 0x73, 0x73, 0x73, 0x73, 0x73, 0x73, 0x55, 0x55, 0x55, 0x55, 0x73, 0x73, 0x73, 0x73,
    0x4F, 0x4F, 0x4F, 0x4F, 0x4F, 0x4F, 0x4F, 0x55, 0x55, 0x4F, 0x4F, 0x4F, 0x4F, 0x4F, 0x4F, 0x4F, 0x73, 0x55, 0x4F, 0x4F, 0x4F, 0x4F, 0x4F, 0x55, 0x73, 0x73, 0x55, 0x4F, 0x4F, 0x4F, 0x55, 0x73,
    0x44, 0x44, 0x44, 0x44, 0x44, 0x44, 0x44, 0x44, 0x56, 0x56, 0x56, 0x56, 0x56, 0x56, 0x56, 0x56, 0x73, 0x73, 0x73, 0x73, 0x73, 0x73, 0x73, 0x73, 0x73, 0x73, 0x73, 0x73, 0x73, 0x73, 0x73, 0x73,
    0x55, 0x55, 0x55, 0x55, 0x73, 0x73, 0x73, 0x73, 0x4F, 0x55, 0x73, 0x73, 0x73, 0x73, 0x73, 0x55, 0x73, 0x73, 0x73, 0x73, 0x73, 0x55, 0x4E, 0x51, 0x73, 0x73, 0x73, 0x4E, 0x51, 0x3D, 0x17, 0x17,
    0x44, 0x44, 0x44, 0x44, 0x44, 0x44, 0x44, 0x44, 0x56, 0x56, 0x56, 0x56, 0x56, 0x56, 0x56, 0x56, 0x73, 0x73, 0x73, 0x73, 0x73, 0x73, 0x73, 0x73, 0x73, 0x73, 0x73, 0x73, 0x73, 0x73, 0x73, 0x73,
    0x73, 0x55, 0x55, 0x55, 0x55, 0x55, 0x55, 0x55, 0x4E, 0x4E, 0x3C, 0x3C, 0x3C, 0x3D, 0x3D, 0x3D, 0x3D, 0x3D, 0x17, 0x17, 0x17, 0x17, 0x17, 0x17, 0x17, 0x17, 0x17, 0x17, 0x17, 0x17, 0x17, 0x17,
    0x44, 0x44, 0x44, 0x44, 0x44, 0x44, 0x44, 0x44, 0x56, 0x56, 0x56, 0x56, 0x56, 0x56, 0x56, 0x56, 0x73, 0x73, 0x73, 0x73, 0x73, 0x73, 0x73, 0x73, 0x73, 0x73, 0x73, 0x73, 0x73, 0x73, 0x73, 0x73,
    0x55, 0x55, 0x55, 0x55, 0x55, 0x55, 0x55, 0x73, 0x3D, 0x3D, 0x3D, 0x3C, 0x3C, 0x3C, 0x4E, 0x4E, 0x17, 0x17, 0x17, 0x17, 0x17, 0x17, 0x3D, 0x3D, 0x17, 0x17, 0x17, 0x17, 0x17, 0x17, 0x17, 0x17,
    0x44, 0x44, 0x44, 0x44, 0x44, 0x44, 0x44, 0x44, 0x56, 0x56, 0x56, 0x56, 0x56, 0x56, 0x56, 0x56, 0x73, 0x73, 0x73, 0x73, 0x73, 0x73, 0x73, 0x73, 0x73, 0x73, 0x73, 0x73, 0x73, 0x73, 0x73, 0x73,
    0x73, 0x73, 0x73, 0x73, 0x55, 0x55, 0x55, 0x55, 0x55, 0x73, 0x73, 0x73, 0x73, 0x73, 0x55, 0x4F, 0x51, 0x4E, 0x55, 0x73, 0x73, 0x73, 0x73, 0x73, 0x17, 0x17, 0x3D, 0x51, 0x4E, 0x73, 0x73, 0x73,
    0x44, 0x44, 0x44, 0x44, 0x44, 0x44, 0x44, 0x44, 0x56, 0x56, 0x56, 0x56, 0x56, 0x73, 0x73, 0x73, 0x73, 0x73, 0x73, 0x73, 0x73, 0x73, 0x73, 0x73, 0x73, 0x73, 0x73, 0x73, 0x55, 0x55, 0x55, 0x55,
    0x55, 0x4F, 0x4F, 0x4F, 0x4F, 0x4F, 0x4F, 0x4F, 0x4F, 0x4F, 0x4F, 0x4F, 0x4F, 0x4F, 0x4F, 0x55, 0x55, 0x4F, 0x4F, 0x4F, 0x4F, 0x4F, 0x55, 0x73, 0x73, 0x55, 0x4F, 0x4F, 0x4F, 0x55, 0x73, 0x73,
    0x44, 0x44, 0x56, 0x56, 0x56, 0x56, 0x56, 0x73, 0x73, 0x73, 0x73, 0x73, 0x73, 0x73, 0x73, 0x73, 0x73, 0x73, 0x73, 0x73, 0x73, 0x73, 0x73, 0x73, 0x55, 0x55, 0x73, 0x73, 0x73, 0x73, 0x55, 0x4E,
    0x55, 0x73, 0x73, 0x73, 0x55, 0x4E, 0x51, 0x51, 0x73, 0x73, 0x73, 0x55, 0x51, 0x3D, 0x3D, 0x17, 0x73, 0x73, 0x55, 0x51, 0x3D, 0x17, 0x17, 0x17, 0x73, 0x55, 0x51, 0x3D, 0x17, 0x17, 0x17, 0x3D,
    0x73, 0x73, 0x73, 0x73, 0x73, 0x73, 0x73, 0x38, 0x73, 0x73, 0x73, 0x73, 0x73, 0x73, 0x38, 0x38, 0x55, 0x55, 0x4E, 0x4E, 0x4E, 0x73, 0x38, 0x38, 0x4E, 0x51, 0x51, 0x3D, 0x3D, 0x73, 0x38, 0x38,
    0x3D, 0x17, 0x17, 0x17, 0x17, 0x73, 0x38, 0x38, 0x17, 0x17, 0x17, 0x17, 0x73, 0x73, 0x73, 0x73, 0x17, 0x17, 0x3D, 0x3D, 0x73, 0x65, 0x65, 0x65, 0x3D, 0x0D, 0x0D, 0x05, 0x73, 0x65, 0x65, 0x4C,
    0x38, 0x38, 0x38, 0x38, 0x38, 0x38, 0x38, 0x38, 0x38, 0x38, 0x38, 0x38, 0x38, 0x38, 0x38, 0x38, 0x38, 0x38, 0x38, 0x38, 0x38, 0x38, 0x38, 0x38, 0x38, 0x38, 0x38, 0x38, 0x38, 0x38, 0x38, 0x38,
    0x38, 0x38, 0x38, 0x38, 0x38, 0x38, 0x38, 0x38, 0x73, 0x73, 0x73, 0x73, 0x73, 0x73, 0x73, 0x73, 0x65, 0x65, 0x65, 0x65, 0x65, 0x65, 0x65, 0x65, 0x4C, 0x4C, 0x4C, 0x4C, 0x4C, 0x4C, 0x4C, 0x4C,
    0x38, 0x2F, 0x2F, 0x2F, 0x2F, 0x2F, 0x2F, 0x2F, 0x38, 0x2F, 0x2F, 0x2F, 0x2F, 0x2F, 0x2F, 0x2F, 0x38, 0x38, 0x38, 0x2F, 0x2F, 0x2F, 0x2F, 0x2F, 0x38, 0x38, 0x38, 0x38, 0x38, 0x2F, 0x2F, 0x2F,
    0x38, 0x38, 0x38, 0x38, 0x38, 0x38, 0x38, 0x38, 0x73, 0x73, 0x73, 0x73, 0x73, 0x73, 0x73, 0x73, 0x65, 0x65, 0x65, 0x65, 0x65, 0x65, 0x65, 0x65, 0x4C, 0x4C, 0x4C, 0x4C, 0x4C, 0x4C, 0x4C, 0x4C,
    0x2F, 0x0B, 0x0B, 0x0B, 0x0B, 0x0B, 0x0B, 0x0B, 0x2F, 0x2F, 0x0B, 0x0B, 0x0B, 0x0B, 0x0B, 0x0B, 0x2F, 0x2F, 0x0B, 0x0B, 0x0B, 0x0B, 0x0B, 0x0B, 0x2F, 0x2F, 0x2F, 0x2F, 0x0B, 0x0B, 0x0B, 0x0B,
    0x38, 0x38, 0x38, 0x38, 0x38, 0x38, 0x38, 0x38, 0x73, 0x73, 0x73, 0x73, 0x73, 0x73, 0x73, 0x73, 0x65, 0x65, 0x65, 0x65, 0x65, 0x65, 0x65, 0x65, 0x4C, 0x4C, 0x4C, 0x4C, 0x4C, 0x4C, 0x4C, 0x4C,
    0x0B, 0x0B, 0x0B, 0x0B, 0x0B, 0x0B, 0x0B, 0x0B, 0x0B, 0x0B, 0x0B, 0x0B, 0x0B, 0x0B, 0x0B, 0x0B, 0x0B, 0x0B, 0x0B, 0x0B, 0x0B, 0x0B, 0x0B, 0x0B, 0x0B, 0x0B, 0x0B, 0x0B, 0x0B, 0x0B, 0x0B, 0x0B,
    0x38, 0x38, 0x38, 0x2F, 0x2F, 0x2F, 0x2F, 0x2F, 0x73, 0x73, 0x73, 0x73, 0x73, 0x73, 0x73, 0x73, 0x65, 0x65, 0x65, 0x65, 0x65, 0x65, 0x65, 0x65, 0x4C, 0x4C, 0x4C, 0x4C, 0x4C, 0x4C, 0x4C, 0x4C,
    0x0B, 0x0B, 0x0B, 0x0B, 0x0B, 0x0B, 0x0B, 0x0B, 0x0B, 0x0B, 0x0B, 0x0B, 0x0B, 0x0B, 0x0B, 0x0B, 0x0B, 0x0B, 0x0B, 0x0B, 0x0B, 0x0B, 0x0B, 0x0B, 0x0B, 0x0B, 0x0B, 0x0B, 0x0B, 0x0B, 0x0B, 0x0B,
    0x2F, 0x2F, 0x2F, 0x0B, 0x0B, 0x0B, 0x0B, 0x0B, 0x73, 0x38, 0x38, 0x38, 0x38, 0x2F, 0x2F, 0x2F, 0x65, 0x73, 0x73, 0x73, 0x73, 0x73, 0x73, 0x38, 0x4C, 0x4C, 0x4C, 0x4C, 0x65, 0x65, 0x65, 0x73,
    0x0B, 0x0B, 0x0B, 0x0B, 0x2F, 0x2F, 0x2F, 0x2F, 0x0B, 0x0B, 0x0B, 0x0B, 0x2F, 0x2F, 0x2F, 0x2F, 0x0B, 0x0B, 0x0B, 0x0B, 0x2F, 0x2F, 0x2F, 0x2F, 0x0B, 0x0B, 0x0B, 0x2F, 0x2F, 0x2F, 0x2F, 0x2F,
    0x0B, 0x0B, 0x2F, 0x2F, 0x2F, 0x2F, 0x2F, 0x2F, 0x2F, 0x2F, 0x2F, 0x2F, 0x2F, 0x2F, 0x2F, 0x2F, 0x38, 0x38, 0x38, 0x2F, 0x2F, 0x2F, 0x2F, 0x2F, 0x73, 0x73, 0x73, 0x73, 0x73, 0x38, 0x38, 0x38,
    0x2F, 0x2F, 0x2F, 0x2F, 0x2F, 0x2F, 0x2F, 0x2F, 0x2F, 0x2F, 0x2F, 0x2F, 0x2F, 0x2F, 0x2F, 0x2F, 0x2F, 0x2F, 0x2F, 0x2F, 0x2F, 0x2F, 0x2F, 0x2F, 0x2F, 0x2F, 0x2F, 0x2F, 0x2F, 0x2F, 0x2F, 0x2F,
    0x2F, 0x2F, 0x2F, 0x2F, 0x2F, 0x2F, 0x2F, 0x2F, 0x2F, 0x2F, 0x2F, 0x2F, 0x2F, 0x2F, 0x2F, 0x2F, 0x2F, 0x2F, 0x2F, 0x2F, 0x38, 0x38, 0x73, 0x73, 0x38, 0x38, 0x73, 0x73, 0x73, 0x73, 0x65, 0x65,
    0x2F, 0x2F, 0x2F, 0x2F, 0x2F, 0x2F, 0x2F, 0x2F, 0x2F, 0x2F, 0x2F, 0x2F, 0x2F, 0x2F, 0x2F, 0x2F, 0x2F, 0x2F, 0x2F, 0x2F, 0x2F, 0x2F, 0x2F, 0x2F, 0x2F, 0x2F, 0x2F, 0x2F, 0x2F, 0x2F, 0x2F, 0x2F,
    0x2F, 0x2F, 0x2F, 0x2F, 0x2F, 0x38, 0x38, 0x73, 0x2F, 0x38, 0x38, 0x73, 0x73, 0x73, 0x73, 0x65, 0x73, 0x73, 0x73, 0x65, 0x65, 0x65, 0x4C, 0x4C, 0x65, 0x4C, 0x4C, 0x4C, 0x4C, 0x4C, 0x4C, 0x4C,
    0x2F, 0x2F, 0x2F, 0x2F, 0x2F, 0x2F, 0x38, 0x73, 0x2F, 0x2F, 0x2F, 0x2F, 0x2F, 0x38, 0x73, 0x65, 0x2F, 0x2F, 0x2F, 0x38, 0x73, 0x73, 0x65, 0x65, 0x38, 0x38, 0x73, 0x73, 0x65, 0x4C, 0x65, 0x65,
    0x73, 0x73, 0x65, 0x4C, 0x4C, 0x4C, 0x4C, 0x65, 0x65, 0x4C, 0x4C, 0x4C, 0x4C, 0x4C, 0x4C, 0x65, 0x4C, 0x4C, 0x4C, 0x4C, 0x4C, 0x4C, 0x4C, 0x65, 0x4C, 0x4C, 0x4C, 0x4C, 0x4C, 0x4C, 0x4C, 0x65,
    0x73, 0x65, 0x65, 0x65, 0x65, 0x65, 0x65, 0x65, 0x65, 0x65, 0x65, 0x65, 0x65, 0x65, 0x65, 0x65, 0x65, 0x65, 0x65, 0x65, 0x65, 0x65, 0x65, 0x65, 0x65, 0x65, 0x65, 0x65, 0x65, 0x65, 0x65, 0x65,
    0x65, 0x65, 0x65, 0x65, 0x65, 0x65, 0x65, 0x65, 0x65, 0x65, 0x65, 0x65, 0x65, 0x65, 0x65, 0x65, 0x65, 0x65, 0x65, 0x65, 0x65, 0x65, 0x65, 0x65, 0x65, 0x65, 0x65, 0x65, 0x65, 0x65, 0x65, 0x73,
    0x73, 0x4E, 0x3C, 0x3C, 0x1B, 0x1B, 0x3C, 0x3C, 0x73, 0x4E, 0x3C, 0x3C, 0x3C, 0x3C, 0x3C, 0x3C, 0x73, 0x4E, 0x3C, 0x4E, 0x4E, 0x4E, 0x4E, 0x4E, 0x73, 0x73, 0x73, 0x73, 0x4E, 0x4E, 0x4E, 0x4E,
    0x73, 0x4E, 0x4E, 0x4E, 0x4E, 0x4E, 0x4E, 0x4E, 0x73, 0x73, 0x4E, 0x4E, 0x4E, 0x4E, 0x4E, 0x4E, 0x65, 0x73, 0x73, 0x73, 0x73, 0x73, 0x73, 0x73, 0x73, 0x55, 0x73, 0x73, 0x73, 0x73, 0x73, 0x55,
    0x4E, 0x4E, 0x4E, 0x4E, 0x73, 0x3C, 0x3C, 0x3C, 0x4E, 0x4E, 0x4E, 0x4E, 0x73, 0x3C, 0x3C, 0x3C, 0x4E, 0x4E, 0x4E, 0x4E, 0x73, 0x3C, 0x3C, 0x3C, 0x4E, 0x73, 0x73, 0x73, 0x73, 0x4E, 0x4E, 0x4E,
    0x4E, 0x4E, 0x4E, 0x4E, 0x73, 0x4E, 0x4E, 0x4E, 0x4E, 0x4E, 0x4E, 0x73, 0x73, 0x73, 0x73, 0x73, 0x73, 0x73, 0x73, 0x2A, 0x2A, 0x2A, 0x2A, 0x2A, 0x4F, 0x4F, 0x2A, 0x2A, 0x2A, 0x2A, 0x2A, 0x2A,
    0x3C, 0x3C, 0x1B, 0x1B, 0x1B, 0x1B, 0x1B, 0x1B, 0x3C, 0x3C, 0x1B, 0x1B, 0x1B, 0x1B, 0x1B, 0x1B, 0x3C, 0x3C, 0x3C, 0x3C, 0x3C, 0x3C, 0x3C, 0x3C, 0x4E, 0x4E, 0x4E, 0x4E, 0x4E, 0x4E, 0x4E, 0x4E,
    0x4E, 0x4E, 0x4E, 0x73, 0x73, 0x73, 0x73, 0x73, 0x73, 0x73, 0x73, 0x2A, 0x2A, 0x2A, 0x2A, 0x2A, 0x2A, 0x2A, 0x2A, 0x2A, 0x2A, 0x2A, 0x2A, 0x2A, 0x2A, 0x2A, 0x4F, 0x4F, 0x4F, 0x4F, 0x2A, 0x2A,
    0x1B, 0x1B, 0x1B, 0x1B, 0x1B, 0x1B, 0x1B, 0x1B, 0x1B, 0x1B, 0x1B, 0x1B, 0x1B, 0x1B, 0x1B, 0x3C, 0x3C, 0x3C, 0x3C, 0x3C, 0x4E, 0x4E, 0x4E, 0x4E, 0x4E, 0x4E, 0x4E, 0x4E, 0x4E, 0x4E, 0x4E, 0x4E,
    0x73, 0x73, 0x73, 0x73, 0x73, 0x73, 0x73, 0x73, 0x2A, 0x2A, 0x2A, 0x2A, 0x2A, 0x2A, 0x2A, 0x2A, 0x2A, 0x2A, 0x2A, 0x2A, 0x2A, 0x2A, 0x2A, 0x2A, 0x2A, 0x2A, 0x2A, 0x2A, 0x2A, 0x2A, 0x2A, 0x2A,
    0x1B, 0x1B, 0x1B, 0x1B, 0x1B, 0x1B, 0x1B, 0x1B, 0x3C, 0x3C, 0x3C, 0x3C, 0x3C, 0x3C, 0x3C, 0x3C, 0x4E, 0x4E, 0x4E, 0x4E, 0x4E, 0x4E, 0x4E, 0x4E, 0x73, 0x73, 0x73, 0x73, 0x73, 0x73, 0x73, 0x73,
    0x2A, 0x2A, 0x2A, 0x2A, 0x2A, 0x2A, 0x2A, 0x2A, 0x2A, 0x2A, 0x2A, 0x2A, 0x2A, 0x2A, 0x2A, 0x2A, 0x2A, 0x2A, 0x2A, 0x2A, 0x2A, 0x2A, 0x4F, 0x4F, 0x4F, 0x4F, 0x4F, 0x4F, 0x4F, 0x4F, 0x55, 0x73,
    0x1B, 0x1B, 0x1B, 0x1B, 0x1B, 0x1B, 0x1B, 0x1B, 0x3C, 0x3C, 0x3C, 0x3C, 0x4E, 0x4E, 0x4E, 0x4E, 0x4E, 0x4E, 0x4E, 0x4E, 0x4E, 0x4E, 0x73, 0x73, 0x73, 0x73, 0x73, 0x73, 0x73, 0x73, 0x73, 0x73,
    0x2A, 0x2A, 0x55, 0x73, 0x73, 0x73, 0x73, 0x43, 0x4F, 0x55, 0x73, 0x73, 0x73, 0x73, 0x43, 0x0D, 0x55, 0x73, 0x73, 0x73, 0x43, 0x0D, 0x05, 0x05, 0x73, 0x73, 0x73, 0x43, 0x0D, 0x05, 0x05, 0x05,
    0x1B, 0x3C, 0x3C, 0x4E, 0x73, 0x43, 0x43, 0x43, 0x4E, 0x4E, 0x4E, 0x4E, 0x73, 0x73, 0x73, 0x73, 0x73, 0x73, 0x73, 0x73, 0x73, 0x73, 0x73, 0x73, 0x43, 0x0D, 0x0D, 0x0D, 0x0D, 0x43, 0x43, 0x43,
    0x0D, 0x05, 0x05, 0x05, 0x0D, 0x0D, 0x0D, 0x0D, 0x05, 0x05, 0x05, 0x05, 0x05, 0x05, 0x0D, 0x43, 0x05, 0x05, 0x05, 0x05, 0x05, 0x0D, 0x43, 0x73, 0x05, 0x05, 0x05, 0x05, 0x0D, 0x43, 0x73, 0x73,
    0x0D, 0x0D, 0x0D, 0x0D, 0x0D, 0x0D, 0x43, 0x73, 0x43, 0x43, 0x43, 0x0D, 0x0D, 0x43, 0x73, 0x73, 0x73, 0x73, 0x73, 0x43, 0x43, 0x73, 0x73, 0x73, 0x73, 0x73, 0x73, 0x73, 0x73, 0x73, 0x73, 0x57,
    0x43, 0x43, 0x73, 0x73, 0x73, 0x73, 0x73, 0x73, 0x73, 0x73, 0x73, 0x73, 0x57, 0x73, 0x73, 0x73, 0x73, 0x73, 0x73, 0x57, 0x54, 0x57, 0x57, 0x57, 0x73, 0x57, 0x54, 0x54, 0x54, 0x54, 0x54, 0x57,
    0x73, 0x73, 0x57, 0x54, 0x2B, 0x2B, 0x2B, 0x2B, 0x73, 0x57, 0x54, 0x2B, 0x2B, 0x2B, 0x54, 0x57, 0x57, 0x54, 0x54, 0x2B, 0x2B, 0x54, 0x57, 0x73, 0x54, 0x54, 0x54, 0x54, 0x54, 0x57, 0x73, 0x73,
    0x57, 0x57, 0x54, 0x54, 0x57, 0x73, 0x73, 0x73, 0x73, 0x73, 0x57, 0x57, 0x73, 0x73, 0x73, 0x73, 0x73, 0x73, 0x73, 0x73, 0x73, 0x73, 0x73, 0x73, 0x57, 0x73, 0x73, 0x73, 0x73, 0x73, 0x57, 0x57,
    0x54, 0x57, 0x73, 0x73, 0x73, 0x73, 0x57, 0x73, 0x73, 0x73, 0x73, 0x73, 0x73, 0x57, 0x73, 0x73, 0x73, 0x73, 0x73, 0x73, 0x57, 0x73, 0x73, 0x73, 0x73, 0x73, 0x73, 0x57, 0x73, 0x73, 0x73, 0x73,
    0x73, 0x57, 0x57, 0x73, 0x73, 0x73, 0x73, 0x73, 0x57, 0x73, 0x73, 0x73, 0x73, 0x73, 0x73, 0x73, 0x57, 0x73, 0x73, 0x73, 0x73, 0x73, 0x73, 0x73, 0x73, 0x73, 0x73, 0x73, 0x73, 0x73, 0x73, 0x73,
    0x73, 0x73, 0x73, 0x73, 0x73, 0x73, 0x73, 0x73, 0x73, 0x73, 0x73, 0x73, 0x73, 0x73, 0x73, 0x73, 0x73, 0x73, 0x73, 0x73, 0x73, 0x73, 0x73, 0x73, 0x73, 0x73, 0x73, 0x73, 0x73, 0x73, 0x73, 0x73,
    0x73, 0x73, 0x73, 0x73, 0x73, 0x73, 0x73, 0x73, 0x73, 0x73, 0x73, 0x73, 0x73, 0x73, 0x73, 0x73, 0x73, 0x73, 0x73, 0x73, 0x73, 0x73, 0x73, 0x73, 0x73, 0x73, 0x73, 0x73, 0x73, 0x73, 0x73, 0x73,
    0x73, 0x73, 0x73, 0x73, 0x73, 0x73, 0x73, 0x73, 0x73, 0x73, 0x73, 0x73, 0x73, 0x73, 0x73, 0x73, 0x73, 0x73, 0x73, 0x73, 0x73, 0x73, 0x73, 0x73, 0x73, 0x73, 0x73, 0x73, 0x73, 0x73, 0x73, 0x73,
    0x73, 0x73, 0x73, 0x73, 0x73, 0x73, 0x73, 0x73, 0x73, 0x73, 0x73, 0x73, 0x73, 0x73, 0x73, 0x73, 0x73, 0x73, 0x73, 0x73, 0x73, 0x73, 0x73, 0x73, 0x73, 0x73, 0x73, 0x73, 0x73, 0x73, 0x73, 0x73,
    0x73, 0x73, 0x73, 0x73, 0x73, 0x73, 0x73, 0x73, 0x73, 0x73, 0x73, 0x73, 0x73, 0x73, 0x73, 0x73, 0x73, 0x73, 0x73, 0x73, 0x73, 0x73, 0x73, 0x73, 0x73, 0x73, 0x73, 0x73, 0x73, 0x73, 0x73, 0x73,
    0x73, 0x73, 0x73, 0x73, 0x73, 0x73, 0x73, 0x73, 0x73, 0x73, 0x73, 0x73, 0x73, 0x73, 0x73, 0x73, 0x73, 0x73, 0x73, 0x73, 0x73, 0x73, 0x73, 0x73, 0x73, 0x73, 0x73, 0x73, 0x73, 0x73, 0x73, 0x73,
    0x73, 0x73, 0x73, 0x73, 0x73, 0x50, 0x41, 0x6F, 0x73, 0x73, 0x73, 0x73, 0x73, 0x50, 0x1B, 0x6F, 0x73, 0x73, 0x73, 0x73, 0x73, 0x50, 0x1B, 0x6F, 0x73, 0x73, 0x73, 0x73, 0x73, 0x50, 0x1B, 0x6F,
    0x73, 0x73, 0x73, 0x73, 0x55, 0x50, 0x1B, 0x6F, 0x73, 0x73, 0x73, 0x73, 0x55, 0x50, 0x1B, 0x6F, 0x73, 0x73, 0x73, 0x73, 0x55, 0x50, 0x1B, 0x6F, 0x73, 0x73, 0x73, 0x73, 0x55, 0x50, 0x1B, 0x6F,
    0x6F, 0x1B, 0x41, 0x55, 0x73, 0x73, 0x73, 0x73, 0x6F, 0x1B, 0x41, 0x55, 0x73, 0x73, 0x73, 0x73, 0x6F, 0x1B, 0x41, 0x55, 0x73, 0x73, 0x73, 0x73, 0x6F, 0x1B, 0x41, 0x55, 0x73, 0x73, 0x73, 0x73,
    0x6F, 0x1B, 0x41, 0x55, 0x73, 0x73, 0x73, 0x73, 0x6F, 0x1B, 0x41, 0x55, 0x73, 0x73, 0x73, 0x73, 0x6F, 0x1B, 0x41, 0x55, 0x73, 0x73, 0x73, 0x73, 0x6F, 0x1B, 0x41, 0x55, 0x73, 0x73, 0x73, 0x73,
    0x73, 0x73, 0x73, 0x73, 0x73, 0x73, 0x73, 0x73, 0x73, 0x73, 0x73, 0x73, 0x73, 0x73, 0x73, 0x73, 0x73, 0x73, 0x73, 0x73, 0x73, 0x73, 0x73, 0x73, 0x73, 0x73, 0x73, 0x73, 0x73, 0x73, 0x73, 0x73,
    0x73, 0x73, 0x73, 0x73, 0x73, 0x73, 0x73, 0x73, 0x73, 0x73, 0x73, 0x73, 0x73, 0x73, 0x73, 0x73, 0x73, 0x73, 0x73, 0x73, 0x73, 0x73, 0x73, 0x73, 0x73, 0x73, 0x73, 0x73, 0x73, 0x73, 0x73, 0x73,
    0x73, 0x73, 0x73, 0x73, 0x73, 0x73, 0x73, 0x73, 0x73, 0x73, 0x73, 0x73, 0x73, 0x73, 0x73, 0x73, 0x73, 0x73, 0x73, 0x73, 0x73, 0x73, 0x73, 0x73, 0x73, 0x73, 0x73, 0x73, 0x73, 0x73, 0x73, 0x73,
    0x73, 0x73, 0x73, 0x73, 0x73, 0x73, 0x73, 0x73, 0x73, 0x73, 0x73, 0x73, 0x73, 0x73, 0x73, 0x73, 0x73, 0x73, 0x73, 0x73, 0x73, 0x73, 0x73, 0x73, 0x73, 0x73, 0x73, 0x73, 0x73, 0x73, 0x73, 0x73,
    0x73, 0x73, 0x73, 0x73, 0x73, 0x73, 0x73, 0x73, 0x73, 0x73, 0x73, 0x73, 0x73, 0x73, 0x73, 0x73, 0x73, 0x73, 0x73, 0x73, 0x73, 0x73, 0x73, 0x73, 0x73, 0x73, 0x73, 0x73, 0x73, 0x73, 0x73, 0x73,
    0x73, 0x73, 0x73, 0x73, 0x73, 0x73, 0x73, 0x73, 0x73, 0x73, 0x73, 0x73, 0x73, 0x73, 0x73, 0x73, 0x73, 0x73, 0x73, 0x73, 0x73, 0x73, 0x73, 0x73, 0x73, 0x73, 0x73, 0x73, 0x73, 0x73, 0x73, 0x73,
    0x73, 0x73, 0x73, 0x73, 0x73, 0x73, 0x73, 0x73, 0x73, 0x73, 0x73, 0x73, 0x73, 0x73, 0x73, 0x73, 0x73, 0x73, 0x73, 0x73, 0x73, 0x73, 0x73, 0x73, 0x73, 0x73, 0x73, 0x73, 0x73, 0x73, 0x73, 0x73,
    0x73, 0x73, 0x73, 0x73, 0x73, 0x73, 0x73, 0x73, 0x73, 0x73, 0x73, 0x73, 0x73, 0x73, 0x73, 0x73, 0x73, 0x73, 0x73, 0x73, 0x73, 0x73, 0x73, 0x73, 0x73, 0x73, 0x73, 0x73, 0x73, 0x73, 0x73, 0x73,
    0x73, 0x73, 0x57, 0x73, 0x73, 0x73, 0x73, 0x73, 0x73, 0x73, 0x73, 0x57, 0x73, 0x73, 0x73, 0x73, 0x73, 0x73, 0x73, 0x73, 0x57, 0x57, 0x73, 0x73, 0x73, 0x73, 0x73, 0x73, 0x73, 0x73, 0x57, 0x73,
    0x73, 0x73, 0x73, 0x73, 0x73, 0x73, 0x73, 0x57, 0x73, 0x73, 0x73, 0x73, 0x73, 0x73, 0x73, 0x73, 0x73, 0x73, 0x73, 0x73, 0x73, 0x73, 0x73, 0x73, 0x73, 0x73, 0x73, 0x73, 0x73, 0x73, 0x73, 0x73,
    0x57, 0x54, 0x54, 0x54, 0x2B, 0x2B, 0x54, 0x57, 0x73, 0x57, 0x54, 0x2B, 0x2B, 0x2B, 0x2B, 0x54, 0x73, 0x73, 0x73, 0x57, 0x54, 0x2B, 0x2B, 0x2B, 0x73, 0x73, 0x73, 0x73, 0x57, 0x54, 0x2B, 0x2B,
    0x73, 0x73, 0x73, 0x73, 0x73, 0x57, 0x54, 0x2B, 0x57, 0x57, 0x73, 0x73, 0x73, 0x73, 0x73, 0x57, 0x73, 0x73, 0x57, 0x73, 0x73, 0x73, 0x73, 0x73, 0x73, 0x73, 0x73, 0x57, 0x73, 0x73, 0x73, 0x73,
    0x73, 0x73, 0x73, 0x73, 0x43, 0x0D, 0x05, 0x05, 0x57, 0x73, 0x73, 0x73, 0x73, 0x43, 0x0D, 0x05, 0x2B, 0x54, 0x57, 0x73, 0x73, 0x73, 0x43, 0x0D, 0x2B, 0x2B, 0x54, 0x57, 0x73, 0x73, 0x73, 0x73,
    0x2B, 0x2B, 0x2B, 0x54, 0x57, 0x73, 0x73, 0x73, 0x54, 0x2B, 0x2B, 0x2B, 0x2B, 0x54, 0x57, 0x73, 0x57, 0x54, 0x2B, 0x2B, 0x2B, 0x2B, 0x54, 0x57, 0x73, 0x73, 0x57, 0x54, 0x2B, 0x2B, 0x2B, 0x2B,
    0x05, 0x05, 0x05, 0x05, 0x0D, 0x43, 0x73, 0x73, 0x05, 0x05, 0x05, 0x05, 0x05, 0x05, 0x0D, 0x43, 0x05, 0x05, 0x05, 0x05, 0x05, 0x05, 0x05, 0x05, 0x43, 0x0D, 0x05, 0x05, 0x05, 0x05, 0x05, 0x05,
    0x73, 0x43, 0x0D, 0x05, 0x05, 0x05, 0x05, 0x05, 0x73, 0x73, 0x73, 0x43, 0x0D, 0x05, 0x05, 0x05, 0x73, 0x73, 0x73, 0x73, 0x73, 0x43, 0x0D, 0x05, 0x54, 0x57, 0x73, 0x73, 0x73, 0x73, 0x43, 0x0D,
    0x73, 0x73, 0x73, 0x55, 0x4F, 0x4F, 0x4F, 0x4F, 0x73, 0x73, 0x73, 0x73, 0x55, 0x4F, 0x4F, 0x4F, 0x0D, 0x43, 0x73, 0x73, 0x73, 0x73, 0x55, 0x4F, 0x05, 0x0D, 0x43, 0x73, 0x73, 0x73, 0x73, 0x73,
    0x05, 0x05, 0x05, 0x0D, 0x43, 0x73, 0x73, 0x73, 0x05, 0x05, 0x05, 0x05, 0x05, 0x0D, 0x43, 0x73, 0x05, 0x05, 0x05, 0x05, 0x05, 0x05, 0x0D, 0x43, 0x05, 0x05, 0x05, 0x05, 0x05, 0x05, 0x05, 0x05,
    0x4F, 0x4F, 0x4F, 0x4F, 0x4F, 0x4F, 0x4F, 0x4F, 0x4F, 0x4F, 0x4F, 0x4F, 0x4F, 0x4F, 0x4F, 0x4F, 0x4F, 0x4F, 0x4F, 0x4F, 0x4F, 0x4F, 0x4F, 0x4F, 0x55, 0x4F, 0x4F, 0x4F, 0x4F, 0x4F, 0x4F, 0x4F,
    0x73, 0x55, 0x4F, 0x4F, 0x4F, 0x4F, 0x4F, 0x4F, 0x73, 0x73, 0x73, 0x55, 0x4F, 0x4F, 0x4F, 0x4F, 0x73, 0x73, 0x73, 0x73, 0x73, 0x55, 0x4F, 0x4F, 0x0D, 0x43, 0x73, 0x73, 0x73, 0x73, 0x55, 0x4F,
    0x4F, 0x4F, 0x4F, 0x4F, 0x4F, 0x2A, 0x2A, 0x2A, 0x4F, 0x4F, 0x4F, 0x4F, 0x4F, 0x2A, 0x2A, 0x2A, 0x4F, 0x4F, 0x4F, 0x4F, 0x4F, 0x2A, 0x2A, 0x2A, 0x4F, 0x4F, 0x4F, 0x4F, 0x4F, 0x2A, 0x2A, 0x2A,
    0x4F, 0x4F, 0x4F, 0x4F, 0x4F, 0x2A, 0x2A, 0x2A, 0x4F, 0x4F, 0x4F, 0x4F, 0x4F, 0x4F, 0x2A, 0x2A, 0x4F, 0x4F, 0x4F, 0x4F, 0x4F, 0x4F, 0x2A, 0x2A, 0x4F, 0x4F, 0x4F, 0x4F, 0x4F, 0x4F, 0x2A, 0x2A,
    0x2A, 0x2A, 0x2A, 0x2A, 0x2A, 0x2A, 0x2A, 0x4F, 0x2A, 0x2A, 0x2A, 0x2A, 0x2A, 0x2A, 0x2A, 0x4F, 0x2A, 0x2A, 0x2A, 0x2A, 0x2A, 0x2A, 0x2A, 0x2A, 0x2A, 0x2A, 0x2A, 0x2A, 0x2A, 0x2A, 0x2A, 0x2A,
    0x2A, 0x2A, 0x2A, 0x2A, 0x2A, 0x2A, 0x2A, 0x2A, 0x2A, 0x2A, 0x2A, 0x2A, 0x2A, 0x2A, 0x2A, 0x2A, 0x2A, 0x2A, 0x2A, 0x2A, 0x2A, 0x2A, 0x2A, 0x2A, 0x2A, 0x2A, 0x2A, 0x2A, 0x2A, 0x2A, 0x2A, 0x2A,
    0x4F, 0x4F, 0x55, 0x73, 0x73, 0x73, 0x73, 0x73, 0x4F, 0x4F, 0x4F, 0x4F, 0x55, 0x73, 0x73, 0x73, 0x4F, 0x4F, 0x4F, 0x4F, 0x4F, 0x4F, 0x55, 0x73, 0x4F, 0x4F, 0x4F, 0x4F, 0x4F, 0x4F, 0x4F, 0x4F,
    0x4F, 0x4F, 0x4F, 0x4F, 0x4F, 0x4F, 0x4F, 0x4F, 0x2A, 0x4F, 0x4F, 0x4F, 0x4F, 0x4F, 0x4F, 0x55, 0x2A, 0x4F, 0x4F, 0x4F, 0x4F, 0x4F, 0x55, 0x73, 0x2A, 0x4F, 0x4F, 0x4F, 0x55, 0x55, 0x73, 0x73,
    0x55, 0x4F, 0x4F, 0x4F, 0x4F, 0x4F, 0x4F, 0x4F, 0x73, 0x73, 0x55, 0x4F, 0x4F, 0x4F, 0x4F, 0x4F, 0x73, 0x73, 0x73, 0x73, 0x55, 0x55, 0x4F, 0x4F, 0x55, 0x73, 0x73, 0x73, 0x73, 0x73, 0x73, 0x55,
    0x4F, 0x55, 0x73, 0x73, 0x73, 0x73, 0x73, 0x73, 0x55, 0x73, 0x73, 0x73, 0x55, 0x55, 0x73, 0x73, 0x73, 0x73, 0x55, 0x4F, 0x4F, 0x4F, 0x4F, 0x55, 0x73, 0x55, 0x4F, 0x4F, 0x4F, 0x4F, 0x4F, 0x4F,
    0x4F, 0x4F, 0x4F, 0x4F, 0x4F, 0x4F, 0x4F, 0x73, 0x4F, 0x4F, 0x4F, 0x4F, 0x4F, 0x4F, 0x4F, 0x73, 0x4F, 0x4F, 0x4F, 0x4F, 0x4F, 0x4F, 0x4F, 0x55, 0x4F, 0x4F, 0x4F, 0x4F, 0x4F, 0x4F, 0x4F, 0x55,
    0x73, 0x55, 0x55, 0x4F, 0x4F, 0x4F, 0x4F, 0x4F, 0x73, 0x73, 0x73, 0x73, 0x55, 0x55, 0x4F, 0x4F, 0x73, 0x73, 0x73, 0x73, 0x73, 0x73, 0x73, 0x55, 0x4F, 0x55, 0x55, 0x73, 0x73, 0x73, 0x73, 0x73,
    0x73, 0x55, 0x51, 0x3D, 0x17, 0x17, 0x17, 0x17, 0x73, 0x55, 0x4E, 0x3D, 0x17, 0x17, 0x17, 0x17, 0x73, 0x73, 0x4E, 0x51, 0x3D, 0x17, 0x17, 0x17, 0x73, 0x73, 0x55, 0x4E, 0x3D, 0x17, 0x17, 0x17,
    0x73, 0x73, 0x73, 0x55, 0x51, 0x3D, 0x17, 0x17, 0x55, 0x73, 0x73, 0x73, 0x55, 0x51, 0x3D, 0x17, 0x55, 0x55, 0x73, 0x73, 0x73, 0x55, 0x51, 0x3D, 0x73, 0x55, 0x55, 0x73, 0x73, 0x73, 0x55, 0x51,
    0x17, 0x17, 0x17, 0x17, 0x17, 0x17, 0x17, 0x17, 0x17, 0x17, 0x17, 0x17, 0x17, 0x17, 0x17, 0x17, 0x17, 0x17, 0x17, 0x17, 0x17, 0x17, 0x17, 0x17, 0x17, 0x17, 0x17, 0x17, 0x17, 0x17, 0x17, 0x17,
    0x17, 0x17, 0x17, 0x17, 0x17, 0x17, 0x17, 0x17, 0x17, 0x17, 0x17, 0x17, 0x17, 0x17, 0x17, 0x0D, 0x17, 0x17, 0x17, 0x17, 0x17, 0x17, 0x17, 0x0D, 0x3D, 0x3D, 0x17, 0x17, 0x17, 0x17, 0x17, 0x0D,
    0x17, 0x0D, 0x05, 0x05, 0x05, 0x05, 0x05, 0x05, 0x17, 0x05, 0x05, 0x05, 0x05, 0x05, 0x05, 0x05, 0x0D, 0x05, 0x05, 0x05, 0x05, 0x05, 0x0D, 0x3D, 0x0D, 0x05, 0x05, 0x05, 0x05, 0x0D, 0x3D, 0x17,
    0x05, 0x05, 0x05, 0x0D, 0x3D, 0x17, 0x17, 0x17, 0x05, 0x05, 0x3D, 0x17, 0x17, 0x17, 0x17, 0x17, 0x05, 0x3D, 0x17, 0x17, 0x17, 0x17, 0x17, 0x17, 0x3D, 0x17, 0x17, 0x17, 0x17, 0x17, 0x17, 0x17,
    0x05, 0x0D, 0x3D, 0x3D, 0x0D, 0x05, 0x05, 0x05, 0x0D, 0x3D, 0x17, 0x0D, 0x05, 0x05, 0x05, 0x05, 0x17, 0x17, 0x17, 0x3D, 0x05, 0x05, 0x05, 0x0D, 0x17, 0x17, 0x17, 0x3D, 0x0D, 0x05, 0x05, 0x0D,
    0x17, 0x17, 0x17, 0x17, 0x0D, 0x05, 0x05, 0x3D, 0x17, 0x17, 0x17, 0x17, 0x3D, 0x05, 0x0D, 0x17, 0x17, 0x17, 0x17, 0x17, 0x3D, 0x05, 0x3D, 0x17, 0x17, 0x17, 0x17, 0x17, 0x17, 0x0D, 0x3D, 0x17,
    0x0D, 0x17, 0x17, 0x17, 0x17, 0x17, 0x3D, 0x4E, 0x3D, 0x17, 0x17, 0x17, 0x17, 0x17, 0x51, 0x4E, 0x3D, 0x17, 0x17, 0x17, 0x17, 0x3D, 0x51, 0x4E, 0x17, 0x17, 0x17, 0x17, 0x17, 0x3D, 0x4E, 0x55,
    0x17, 0x17, 0x17, 0x17, 0x3D, 0x51, 0x55, 0x73, 0x17, 0x17, 0x17, 0x3D, 0x51, 0x4E, 0x73, 0x73, 0x17, 0x17, 0x3D, 0x51, 0x4E, 0x73, 0x73, 0x73, 0x3D, 0x51, 0x4E, 0x55, 0x73, 0x73, 0x73, 0x55,
    0x55, 0x73, 0x73, 0x73, 0x55, 0x51, 0x3D, 0x17, 0x55, 0x73, 0x73, 0x55, 0x4E, 0x3D, 0x17, 0x17, 0x73, 0x73, 0x73, 0x4E, 0x51, 0x3D, 0x17, 0x17, 0x73, 0x73, 0x55, 0x4E, 0x51, 0x17, 0x17, 0x17,
    0x73, 0x73, 0x55, 0x4E, 0x3D, 0x17, 0x17, 0x17, 0x73, 0x73, 0x55, 0x4E, 0x3D, 0x17, 0x17, 0x17, 0x73, 0x73, 0x55, 0x4E, 0x3D, 0x17, 0x17, 0x17, 0x73, 0x73, 0x55, 0x4E, 0x3D, 0x17, 0x17, 0x17,
    0x17, 0x17, 0x17, 0x17, 0x17, 0x3D, 0x0D, 0x05, 0x17, 0x17, 0x17, 0x17, 0x3D, 0x0D, 0x05, 0x05, 0x17, 0x17, 0x17, 0x17, 0x0D, 0x05, 0x05, 0x05, 0x17, 0x17, 0x17, 0x3D, 0x05, 0x05, 0x05, 0x0D,
    0x17, 0x17, 0x3D, 0x05, 0x05, 0x05, 0x05, 0x0D, 0x17, 0x3D, 0x0D, 0x05, 0x05, 0x05, 0x05, 0x05, 0x3D, 0x0D, 0x05, 0x05, 0x05, 0x0D, 0x3D, 0x17, 0x0D, 0x05, 0x05, 0x0D, 0x3D, 0x17, 0x17, 0x17,
    0x05, 0x05, 0x05, 0x05, 0x05, 0x05, 0x05, 0x05, 0x05, 0x0D, 0x0D, 0x0D, 0x05, 0x05, 0x05, 0x05, 0x0D, 0x3D, 0x17, 0x3D, 0x3D, 0x05, 0x05, 0x05, 0x3D, 0x17, 0x17, 0x17, 0x3D, 0x0D, 0x05, 0x05,
    0x3D, 0x17, 0x17, 0x17, 0x3D, 0x0D, 0x05, 0x05, 0x0D, 0x3D, 0x17, 0x3D, 0x0D, 0x05, 0x05, 0x05, 0x17, 0x17, 0x0D, 0x05, 0x05, 0x05, 0x05, 0x05, 0x17, 0x17, 0x0D, 0x05, 0x05, 0x05, 0x05, 0x05,
    0x05, 0x05, 0x05, 0x05, 0x05, 0x05, 0x05, 0x05, 0x05, 0x05, 0x05, 0x05, 0x05, 0x05, 0x05, 0x05, 0x05, 0x05, 0x05, 0x05, 0x05, 0x05, 0x05, 0x05, 0x05, 0x05, 0x05, 0x0D, 0x0D, 0x05, 0x05, 0x05,
    0x05, 0x05, 0x0D, 0x3D, 0x3D, 0x0D, 0x05, 0x05, 0x05, 0x0D, 0x3D, 0x17, 0x17, 0x3D, 0x05, 0x05, 0x05, 0x0D, 0x3D, 0x17, 0x3D, 0x3D, 0x05, 0x05, 0x05, 0x0D, 0x3D, 0x17, 0x3D, 0x0D, 0x05, 0x05,
    0x05, 0x05, 0x0D, 0x17, 0x17, 0x3D, 0x51, 0x55, 0x05, 0x05, 0x0D, 0x17, 0x17, 0x17, 0x3D, 0x4E, 0x05, 0x05, 0x3D, 0x17, 0x17, 0x17, 0x3D, 0x51, 0x05, 0x0D, 0x3D, 0x17, 0x17, 0x17, 0x17, 0x3D,
    0x05, 0x0D, 0x17, 0x17, 0x17, 0x17, 0x17, 0x3D, 0x05, 0x3D, 0x17, 0x17, 0x17, 0x17, 0x17, 0x3D, 0x05, 0x3D, 0x17, 0x17, 0x17, 0x17, 0x17, 0x3D, 0x0D, 0x17, 0x17, 0x17, 0x17, 0x17, 0x17, 0x3D,
    0x73, 0x73, 0x73, 0x55, 0x4F, 0x55, 0x73, 0x73, 0x55, 0x73, 0x73, 0x55, 0x55, 0x73, 0x73, 0x73, 0x4E, 0x73, 0x73, 0x55, 0x73, 0x73, 0x73, 0x55, 0x51, 0x55, 0x73, 0x73, 0x73, 0x73, 0x55, 0x51,
    0x51, 0x4E, 0x73, 0x73, 0x73, 0x55, 0x4E, 0x3D, 0x51, 0x4E, 0x73, 0x73, 0x73, 0x55, 0x51, 0x3D, 0x51, 0x4E, 0x55, 0x73, 0x73, 0x4E, 0x51, 0x17, 0x51, 0x4E, 0x73, 0x73, 0x55, 0x4E, 0x3D, 0x17,
    0x73, 0x55, 0x4E, 0x3D, 0x17, 0x17, 0x17, 0x3D, 0x55, 0x51, 0x3D, 0x17, 0x17, 0x17, 0x0D, 0x0D, 0x51, 0x3D, 0x17, 0x17, 0x17, 0x3D, 0x05, 0x05, 0x3D, 0x17, 0x17, 0x17, 0x17, 0x0D, 0x05, 0x05,
    0x17, 0x17, 0x17, 0x17, 0x3D, 0x0D, 0x05, 0x05, 0x17, 0x17, 0x17, 0x17, 0x3D, 0x05, 0x05, 0x05, 0x17, 0x17, 0x17, 0x17, 0x3D, 0x05, 0x05, 0x05, 0x17, 0x17, 0x17, 0x17, 0x0D, 0x05, 0x05, 0x05,
    0x3D, 0x3D, 0x3D, 0x3D, 0x3D, 0x3D, 0x3D, 0x3D, 0x0D, 0x0D, 0x0D, 0x0D, 0x0D, 0x0D, 0x0D, 0x0D, 0x05, 0x05, 0x05, 0x05, 0x05, 0x05, 0x05, 0x05, 0x05, 0x05, 0x05, 0x05, 0x05, 0x05, 0x05, 0x05,
    0x05, 0x05, 0x05, 0x05, 0x05, 0x05, 0x05, 0x05, 0x05, 0x05, 0x05, 0x05, 0x05, 0x05, 0x05, 0x05, 0x05, 0x05, 0x0D, 0x0D, 0x0D, 0x05, 0x05, 0x05, 0x05, 0x3D, 0x3D, 0x3D, 0x3D, 0x0D, 0x05, 0x05,
    0x3D, 0x3D, 0x3D, 0x3D, 0x3D, 0x3D, 0x3D, 0x3D, 0x0D, 0x0D, 0x0D, 0x0D, 0x0D, 0x0D, 0x0D, 0x0D, 0x05, 0x05, 0x05, 0x05, 0x05, 0x05, 0x05, 0x05, 0x05, 0x05, 0x05, 0x05, 0x05, 0x05, 0x05, 0x05,
    0x05, 0x05, 0x05, 0x05, 0x05, 0x05, 0x05, 0x05, 0x05, 0x05, 0x05, 0x05, 0x05, 0x05, 0x05, 0x05, 0x05, 0x05, 0x05, 0x0D, 0x0D, 0x0D, 0x05, 0x05, 0x05, 0x05, 0x0D, 0x3D, 0x3D, 0x3D, 0x3D, 0x05,
    0x3D, 0x17, 0x17, 0x17, 0x3D, 0x4E, 0x55, 0x73, 0x0D, 0x0D, 0x17, 0x17, 0x17, 0x3D, 0x51, 0x55, 0x05, 0x05, 0x3D, 0x17, 0x17, 0x17, 0x3D, 0x51, 0x05, 0x05, 0x0D, 0x17, 0x17, 0x17, 0x17, 0x3D,
    0x05, 0x05, 0x0D, 0x3D, 0x17, 0x17, 0x17, 0x17, 0x05, 0x05, 0x05, 0x3D, 0x17, 0x17, 0x17, 0x17, 0x05, 0x05, 0x05, 0x3D, 0x17, 0x17, 0x17, 0x17, 0x05, 0x05, 0x05, 0x0D, 0x17, 0x17, 0x17, 0x17,
    0x73, 0x73, 0x55, 0x4F, 0x55, 0x73, 0x73, 0x73, 0x73, 0x73, 0x73, 0x55, 0x55, 0x73, 0x73, 0x55, 0x55, 0x73, 0x73, 0x73, 0x55, 0x73, 0x73, 0x4E, 0x51, 0x55, 0x73, 0x73, 0x73, 0x73, 0x55, 0x51,
    0x3D, 0x4E, 0x55, 0x73, 0x73, 0x73, 0x4E, 0x51, 0x3D, 0x51, 0x55, 0x73, 0x73, 0x73, 0x4E, 0x51, 0x17, 0x51, 0x4E, 0x73, 0x73, 0x55, 0x4E, 0x51, 0x17, 0x3D, 0x4E, 0x55, 0x73, 0x73, 0x4E, 0x51,
    0x55, 0x51, 0x3D, 0x17, 0x17, 0x0D, 0x05, 0x05, 0x4E, 0x3D, 0x17, 0x17, 0x17, 0x0D, 0x05, 0x05, 0x51, 0x3D, 0x17, 0x17, 0x17, 0x3D, 0x05, 0x05, 0x3D, 0x17, 0x17, 0x17, 0x17, 0x3D, 0x0D, 0x05,
    0x3D, 0x17, 0x17, 0x17, 0x17, 0x17, 0x0D, 0x05, 0x3D, 0x17, 0x17, 0x17, 0x17, 0x17, 0x3D, 0x05, 0x3D, 0x17, 0x17, 0x17, 0x17, 0x17, 0x3D, 0x05, 0x3D, 0x17, 0x17, 0x17, 0x17, 0x17, 0x17, 0x0D,
    0x05, 0x05, 0x05, 0x05, 0x73, 0x65, 0x65, 0x4C, 0x05, 0x05, 0x05, 0x05, 0x73, 0x65, 0x65, 0x4C, 0x05, 0x05, 0x05, 0x05, 0x73, 0x65, 0x65, 0x65, 0x05, 0x05, 0x05, 0x0D, 0x73, 0x73, 0x73, 0x73,
    0x05, 0x05, 0x0D, 0x3D, 0x73, 0x65, 0x65, 0x65, 0x05, 0x05, 0x3D, 0x17, 0x17, 0x73, 0x65, 0x65, 0x05, 0x05, 0x3D, 0x3D, 0x17, 0x3D, 0x73, 0x73, 0x05, 0x05, 0x0D, 0x3D, 0x17, 0x3D, 0x0D, 0x05,
    0x4C, 0x4C, 0x4C, 0x4C, 0x4C, 0x4C, 0x4C, 0x4C, 0x65, 0x65, 0x4C, 0x4C, 0x4C, 0x4C, 0x4C, 0x4C, 0x73, 0x73, 0x65, 0x65, 0x65, 0x65, 0x65, 0x65, 0x73, 0x73, 0x73, 0x73, 0x73, 0x73, 0x73, 0x73,
    0x65, 0x73, 0x73, 0x65, 0x65, 0x65, 0x65, 0x65, 0x65, 0x65, 0x73, 0x73, 0x73, 0x65, 0x65, 0x65, 0x73, 0x65, 0x65, 0x65, 0x73, 0x73, 0x73, 0x65, 0x05, 0x73, 0x73, 0x65, 0x65, 0x65, 0x73, 0x73,
    0x4C, 0x4C, 0x4C, 0x4C, 0x4C, 0x4C, 0x4C, 0x4C, 0x4C, 0x65, 0x65, 0x4C, 0x4C, 0x4C, 0x4C, 0x4C, 0x65, 0x73, 0x73, 0x65, 0x65, 0x65, 0x65, 0x65, 0x73, 0x73, 0x73, 0x73, 0x73, 0x73, 0x73, 0x73,
    0x65, 0x73, 0x73, 0x73, 0x73, 0x65, 0x65, 0x65, 0x65, 0x65, 0x65, 0x73, 0x73, 0x73, 0x73, 0x65, 0x65, 0x65, 0x65, 0x65, 0x65, 0x73, 0x73, 0x73, 0x73, 0x65, 0x65, 0x65, 0x65, 0x65, 0x65, 0x73,
    0x4C, 0x4C, 0x4C, 0x4C, 0x4C, 0x4C, 0x4C, 0x4C, 0x4C, 0x4C, 0x4C, 0x4C, 0x4C, 0x65, 0x65, 0x4C, 0x65, 0x65, 0x65, 0x65, 0x65, 0x73, 0x73, 0x65, 0x73, 0x73, 0x73, 0x73, 0x73, 0x73, 0x73, 0x73,
    0x65, 0x65, 0x65, 0x65, 0x65, 0x73, 0x73, 0x73, 0x65, 0x65, 0x65, 0x65, 0x65, 0x73, 0x73, 0x73, 0x73, 0x65, 0x65, 0x65, 0x65, 0x65, 0x73, 0x73, 0x73, 0x73, 0x73, 0x65, 0x65, 0x65, 0x73, 0x73,
    0x4C, 0x4C, 0x4C, 0x4C, 0x4C, 0x4C, 0x4C, 0x4C, 0x4C, 0x4C, 0x4C, 0x4C, 0x4C, 0x65, 0x65, 0x4C, 0x65, 0x65, 0x65, 0x65, 0x65, 0x73, 0x73, 0x65, 0x73, 0x73, 0x73, 0x73, 0x73, 0x73, 0x73, 0x73,
    0x65, 0x65, 0x65, 0x65, 0x65, 0x73, 0x73, 0x65, 0x65, 0x65, 0x65, 0x65, 0x65, 0x73, 0x73, 0x65, 0x65, 0x65, 0x65, 0x65, 0x65, 0x73, 0x73, 0x65, 0x73, 0x73, 0x73, 0x73, 0x73, 0x73, 0x73, 0x65,
    0x4C, 0x4C, 0x4C, 0x4C, 0x4C, 0x4C, 0x4C, 0x4C, 0x4C, 0x4C, 0x4C, 0x4C, 0x4C, 0x65, 0x65, 0x4C, 0x65, 0x65, 0x65, 0x65, 0x65, 0x73, 0x73, 0x65, 0x73, 0x73, 0x73, 0x73, 0x73, 0x73, 0x73, 0x65,
    0x65, 0x65, 0x65, 0x65, 0x73, 0x73, 0x73, 0x73, 0x65, 0x65, 0x65, 0x73, 0x73, 0x73, 0x65, 0x65, 0x65, 0x65, 0x65, 0x73, 0x73, 0x65, 0x65, 0x65, 0x65, 0x65, 0x73, 0x73, 0x65, 0x65, 0x65, 0x65,
    0x4C, 0x4C, 0x65, 0x65, 0x65, 0x73, 0x73, 0x73, 0x4C, 0x4C, 0x4C, 0x4C, 0x4C, 0x4C, 0x4C, 0x4C, 0x4C, 0x4C, 0x4C, 0x4C, 0x4C, 0x4C, 0x4C, 0x4C, 0x65, 0x65, 0x4C, 0x4C, 0x4C, 0x4C, 0x4C, 0x4C,
    0x73, 0x73, 0x73, 0x65, 0x65, 0x65, 0x4C, 0x4C, 0x65, 0x65, 0x65, 0x73, 0x73, 0x73, 0x73, 0x73, 0x65, 0x65, 0x65, 0x65, 0x65, 0x65, 0x65, 0x73, 0x65, 0x65, 0x65, 0x65, 0x73, 0x73, 0x73, 0x73,
    0x73, 0x73, 0x65, 0x65, 0x4C, 0x4C, 0x4C, 0x4C, 0x4C, 0x4C, 0x4C, 0x4C, 0x4C, 0x4C, 0x4C, 0x4C, 0x4C, 0x4C, 0x4C, 0x4C, 0x4C, 0x4C, 0x4C, 0x4C, 0x4C, 0x4C, 0x4C, 0x4C, 0x4C, 0x4C, 0x4C, 0x4C,
    0x65, 0x65, 0x4C, 0x4C, 0x4C, 0x4C, 0x4C, 0x4C, 0x73, 0x73, 0x65, 0x65, 0x65, 0x65, 0x65, 0x65, 0x73, 0x73, 0x73, 0x73, 0x73, 0x73, 0x73, 0x73, 0x73, 0x65, 0x65, 0x65, 0x65, 0x65, 0x65, 0x65,
    0x4C, 0x4C, 0x4C, 0x4C, 0x4C, 0x4C, 0x4C, 0x4C, 0x4C, 0x4C, 0x4C, 0x4C, 0x4C, 0x4C, 0x4C, 0x4C, 0x4C, 0x4C, 0x4C, 0x4C, 0x4C, 0x4C, 0x4C, 0x4C, 0x4C, 0x4C, 0x4C, 0x4C, 0x4C, 0x4C, 0x4C, 0x4C,
    0x4C, 0x4C, 0x4C, 0x4C, 0x65, 0x65, 0x65, 0x73, 0x73, 0x73, 0x73, 0x73, 0x73, 0x73, 0x73, 0x65, 0x65, 0x65, 0x65, 0x65, 0x73, 0x73, 0x73, 0x73, 0x65, 0x73, 0x73, 0x73, 0x73, 0x55, 0x55, 0x73,
    0x4C, 0x4C, 0x4C, 0x4C, 0x4C, 0x4C, 0x4C, 0x65, 0x4C, 0x4C, 0x4C, 0x4C, 0x4C, 0x4C, 0x65, 0x65, 0x4C, 0x4C, 0x4C, 0x65, 0x65, 0x65, 0x65, 0x65, 0x65, 0x65, 0x65, 0x65, 0x73, 0x73, 0x73, 0x73,
    0x73, 0x73, 0x73, 0x73, 0x73, 0x55, 0x55, 0x73, 0x73, 0x73, 0x73, 0x55, 0x73, 0x73, 0x73, 0x73, 0x55, 0x73, 0x73, 0x73, 0x73, 0x73, 0x73, 0x73, 0x73, 0x73, 0x73, 0x73, 0x73, 0x55, 0x55, 0x4F,
    0x65, 0x65, 0x65, 0x65, 0x65, 0x73, 0x73, 0x55, 0x65, 0x65, 0x65, 0x73, 0x73, 0x55, 0x73, 0x73, 0x73, 0x73, 0x73, 0x55, 0x73, 0x73, 0x73, 0x73, 0x55, 0x73, 0x73, 0x73, 0x73, 0x73, 0x73, 0x55,
    0x73, 0x73, 0x73, 0x73, 0x73, 0x73, 0x55, 0x4F, 0x73, 0x73, 0x55, 0x55, 0x73, 0x73, 0x73, 0x55, 0x55, 0x4F, 0x4F, 0x4F, 0x4F, 0x55, 0x73, 0x73, 0x4F, 0x4F, 0x4F, 0x4F, 0x4F, 0x4F, 0x55, 0x73,
    0x73, 0x73, 0x73, 0x73, 0x73, 0x55, 0x4F, 0x4F, 0x73, 0x73, 0x73, 0x55, 0x4F, 0x4F, 0x4F, 0x4F, 0x73, 0x55, 0x4F, 0x4F, 0x4F, 0x4F, 0x4F, 0x4F, 0x4F, 0x4F, 0x4F, 0x4F, 0x4F, 0x4F, 0x4F, 0x4F,
    0x4F, 0x4F, 0x4F, 0x4F, 0x4F, 0x4F, 0x4F, 0x4F, 0x55, 0x4F, 0x4F, 0x4F, 0x4F, 0x4F, 0x4F, 0x2A, 0x73, 0x55, 0x4F, 0x4F, 0x4F, 0x4F, 0x4F, 0x2A, 0x73, 0x73, 0x55, 0x55, 0x4F, 0x4F, 0x4F, 0x2A,
    0x4F, 0x2A, 0x2A, 0x2A, 0x2A, 0x2A, 0x2A, 0x2A, 0x4F, 0x2A, 0x2A, 0x2A, 0x2A, 0x2A, 0x2A, 0x2A, 0x2A, 0x2A, 0x2A, 0x2A, 0x2A, 0x2A, 0x2A, 0x2A, 0x2A, 0x2A, 0x2A, 0x2A, 0x2A, 0x2A, 0x2A, 0x2A,
    0x2A, 0x2A, 0x2A, 0x2A, 0x2A, 0x2A, 0x2A, 0x2A, 0x2A, 0x2A, 0x2A, 0x2A, 0x2A, 0x2A, 0x2A, 0x2A, 0x2A, 0x2A, 0x2A, 0x2A, 0x2A, 0x2A, 0x2A, 0x2A, 0x2A, 0x2A, 0x2A, 0x2A, 0x2A, 0x2A, 0x2A, 0x2A,
    0x2A, 0x2A, 0x2A, 0x4F, 0x4F, 0x4F, 0x4F, 0x4F, 0x2A, 0x2A, 0x2A, 0x4F, 0x4F, 0x4F, 0x4F, 0x4F, 0x2A, 0x2A, 0x2A, 0x4F, 0x4F, 0x4F, 0x4F, 0x4F, 0x2A, 0x2A, 0x2A, 0x4F, 0x4F, 0x4F, 0x4F, 0x4F,
    0x2A, 0x2A, 0x2A, 0x4F, 0x4F, 0x4F, 0x4F, 0x4F, 0x2A, 0x2A, 0x4F, 0x4F, 0x4F, 0x4F, 0x4F, 0x4F, 0x2A, 0x2A, 0x4F, 0x4F, 0x4F, 0x4F, 0x4F, 0x4F, 0x2A, 0x2A, 0x4F, 0x4F, 0x4F, 0x4F, 0x4F, 0x4F,
    0x4F, 0x4F, 0x4F, 0x4F, 0x4F, 0x4F, 0x4F, 0x4F, 0x4F, 0x4F, 0x4F, 0x4F, 0x4F, 0x4F, 0x4F, 0x4F, 0x4F, 0x4F, 0x4F, 0x4F, 0x4F, 0x4F, 0x4F, 0x4F, 0x4F, 0x4F, 0x4F, 0x4F, 0x4F, 0x4F, 0x4F, 0x55,
    0x4F, 0x4F, 0x4F, 0x4F, 0x4F, 0x4F, 0x55, 0x73, 0x4F, 0x4F, 0x4F, 0x4F, 0x55, 0x73, 0x73, 0x73, 0x4F, 0x4F, 0x55, 0x73, 0x73, 0x73, 0x73, 0x73, 0x4F, 0x55, 0x73, 0x73, 0x73, 0x73, 0x43, 0x0D,
    0x4F, 0x4F, 0x4F, 0x4F, 0x55, 0x73, 0x73, 0x73, 0x4F, 0x4F, 0x4F, 0x55, 0x73, 0x73, 0x73, 0x73, 0x4F, 0x55, 0x73, 0x73, 0x73, 0x73, 0x43, 0x0D, 0x73, 0x73, 0x73, 0x73, 0x73, 0x43, 0x0D, 0x05,
    0x73, 0x73, 0x73, 0x43, 0x0D, 0x05, 0x05, 0x05, 0x73, 0x43, 0x0D, 0x05, 0x05, 0x05, 0x05, 0x05, 0x43, 0x0D, 0x05, 0x05, 0x05, 0x05, 0x05, 0x05, 0x05, 0x05, 0x05, 0x05, 0x05, 0x05, 0x05, 0x05,
    0x73, 0x73, 0x43, 0x0D, 0x05, 0x05, 0x05, 0x05, 0x43, 0x0D, 0x05, 0x05, 0x05, 0x05, 0x05, 0x05, 0x05, 0x05, 0x05, 0x05, 0x05, 0x05, 0x05, 0x05, 0x05, 0x05, 0x05, 0x05, 0x05, 0x05, 0x0D, 0x43,
    0x05, 0x05, 0x05, 0x05, 0x05, 0x0D, 0x43, 0x73, 0x05, 0x05, 0x05, 0x0D, 0x43, 0x73, 0x73, 0x73, 0x05, 0x0D, 0x43, 0x73, 0x73, 0x73, 0x73, 0x73, 0x0D, 0x43, 0x73, 0x73, 0x73, 0x73, 0x57, 0x54,
    0x05, 0x05, 0x0D, 0x43, 0x73, 0x73, 0x73, 0x73, 0x05, 0x0D, 0x43, 0x73, 0x73, 0x73, 0x73, 0x57, 0x0D, 0x43, 0x73, 0x73, 0x73, 0x57, 0x54, 0x2B, 0x73, 0x73, 0x73, 0x73, 0x57, 0x54, 0x2B, 0x2B,
    0x73, 0x73, 0x73, 0x57, 0x54, 0x2B, 0x2B, 0x2B, 0x73, 0x57, 0x54, 0x2B, 0x2B, 0x2B, 0x2B, 0x54, 0x57, 0x54, 0x2B, 0x2B, 0x2B, 0x2B, 0x54, 0x57, 0x2B, 0x2B, 0x2B, 0x2B, 0x54, 0x57, 0x73, 0x73,
    0x57, 0x54, 0x2B, 0x2B, 0x54, 0x54, 0x54, 0x57, 0x54, 0x2B, 0x2B, 0x2B, 0x2B, 0x54, 0x57, 0x73, 0x2B, 0x2B, 0x2B, 0x54, 0x57, 0x73, 0x73, 0x73, 0x2B, 0x2B, 0x54, 0x57, 0x73, 0x73, 0x73, 0x73,
    0x2B, 0x54, 0x57, 0x73, 0x73, 0x73, 0x73, 0x73, 0x57, 0x73, 0x73, 0x73, 0x73, 0x73, 0x57, 0x57, 0x73, 0x73, 0x73, 0x73, 0x73, 0x57, 0x73, 0x73, 0x73, 0x73, 0x73, 0x73, 0x57, 0x73, 0x73, 0x73,
    0x73, 0x73, 0x73, 0x73, 0x73, 0x57, 0x73, 0x73, 0x73, 0x73, 0x73, 0x73, 0x57, 0x73, 0x73, 0x73, 0x73, 0x73, 0x57, 0x57, 0x73, 0x73, 0x73, 0x73, 0x73, 0x57, 0x73, 0x73, 0x73, 0x73, 0x73, 0x73,
    0x57, 0x73, 0x73, 0x73, 0x73, 0x73, 0x73, 0x73, 0x73, 0x73, 0x73, 0x73, 0x73, 0x73, 0x73, 0x73, 0x73, 0x73, 0x73, 0x73, 0x73, 0x73, 0x73, 0x73, 0x73, 0x73, 0x73, 0x73, 0x73, 0x73, 0x73, 0x73,
    0x73, 0x73, 0x73, 0x73, 0x73, 0x73, 0x73, 0x73, 0x73, 0x73, 0x73, 0x73, 0x73, 0x73, 0x73, 0x73, 0x73, 0x73, 0x73, 0x73, 0x73, 0x73, 0x73, 0x73, 0x73, 0x73, 0x73, 0x73, 0x73, 0x73, 0x73, 0x73,
    0x73, 0x73, 0x73, 0x73, 0x73, 0x73, 0x73, 0x73, 0x73, 0x73, 0x73, 0x73, 0x73, 0x73, 0x73, 0x73, 0x73, 0x73, 0x73, 0x73, 0x73, 0x73, 0x73, 0x73, 0x73, 0x73, 0x73, 0x73, 0x73, 0x73, 0x73, 0x73,
    0x73, 0x73, 0x73, 0x73, 0x73, 0x73, 0x73, 0x73, 0x73, 0x73, 0x73, 0x73, 0x73, 0x73, 0x73, 0x73, 0x73, 0x73, 0x73, 0x73, 0x73, 0x73, 0x73, 0x73, 0x73, 0x73, 0x73, 0x73, 0x73, 0x73, 0x73, 0x73,
    0x73, 0x73, 0x73, 0x73, 0x73, 0x73, 0x73, 0x73, 0x73, 0x73, 0x73, 0x73, 0x73, 0x73, 0x73, 0x73, 0x73, 0x73, 0x73, 0x73, 0x73, 0x73, 0x73, 0x73, 0x73, 0x73, 0x73, 0x73, 0x73, 0x73, 0x73, 0x73,
    0x73, 0x73, 0x73, 0x73, 0x73, 0x73, 0x73, 0x73, 0x73, 0x73, 0x73, 0x73, 0x73, 0x73, 0x73, 0x73, 0x73, 0x73, 0x73, 0x73, 0x73, 0x73, 0x73, 0x73, 0x73, 0x73, 0x73, 0x73, 0x73, 0x73, 0x73, 0x73,
    0x73, 0x73, 0x73, 0x73, 0x73, 0x73, 0x73, 0x73, 0x73, 0x73, 0x73, 0x73, 0x73, 0x73, 0x73, 0x73, 0x73, 0x73, 0x73, 0x73, 0x73, 0x73, 0x73, 0x73, 0x73, 0x73, 0x73, 0x73, 0x73, 0x73, 0x73, 0x73,
    0x73, 0x73, 0x73, 0x73, 0x73, 0x73, 0x73, 0x73, 0x73, 0x73, 0x73, 0x73, 0x73, 0x73, 0x73, 0x73, 0x73, 0x73, 0x73, 0x73, 0x73, 0x73, 0x73, 0x73, 0x73, 0x73, 0x73, 0x73, 0x73, 0x73, 0x73, 0x73,
    0x73, 0x73, 0x73, 0x73, 0x73, 0x73, 0x73, 0x73, 0x73, 0x73, 0x73, 0x73, 0x73, 0x73, 0x73, 0x73, 0x73, 0x73, 0x73, 0x73, 0x73, 0x73, 0x73, 0x73, 0x73, 0x73, 0x73, 0x73, 0x73, 0x73, 0x73, 0x73,
    0x73, 0x73, 0x73, 0x73, 0x55, 0x41, 0x1B, 0x6F, 0x73, 0x73, 0x73, 0x73, 0x55, 0x41, 0x1B, 0x6F, 0x73, 0x73, 0x73, 0x73, 0x55, 0x41, 0x1B, 0x6F, 0x73, 0x73, 0x73, 0x73, 0x55, 0x41, 0x1B, 0x6F,
    0x73, 0x73, 0x73, 0x73, 0x55, 0x41, 0x1B, 0x6F, 0x73, 0x73, 0x73, 0x73, 0x55, 0x41, 0x1B, 0x6F, 0x73, 0x73, 0x73, 0x73, 0x55, 0x41, 0x1B, 0x6F, 0x73, 0x73, 0x73, 0x73, 0x55, 0x41, 0x1B, 0x6F,
    0x6F, 0x73, 0x41, 0x55, 0x73, 0x73, 0x73, 0x73, 0x6F, 0x73, 0x41, 0x55, 0x73, 0x73, 0x73, 0x73, 0x6F, 0x73, 0x41, 0x55, 0x73, 0x73, 0x73, 0x73, 0x6F, 0x1B, 0x41, 0x55, 0x73, 0x73, 0x73, 0x73,
    0x6F, 0x73, 0x41, 0x55, 0x73, 0x73, 0x73, 0x73, 0x6F, 0x73, 0x41, 0x55, 0x73, 0x73, 0x73, 0x73, 0x6F, 0x73, 0x41, 0x55, 0x73, 0x73, 0x73, 0x73, 0x6F, 0x73, 0x41, 0x55, 0x73, 0x73, 0x73, 0x73,
    0x73, 0x73, 0x73, 0x73, 0x73, 0x73, 0x73, 0x73, 0x73, 0x73, 0x73, 0x73, 0x73, 0x73, 0x73, 0x73, 0x73, 0x73, 0x73, 0x73, 0x73, 0x73, 0x73, 0x73, 0x73, 0x73, 0x73, 0x73, 0x73, 0x73, 0x73, 0x73,
    0x73, 0x73, 0x73, 0x73, 0x73, 0x73, 0x73, 0x73, 0x73, 0x73, 0x73, 0x73, 0x73, 0x73, 0x73, 0x73, 0x73, 0x73, 0x73, 0x73, 0x73, 0x73, 0x73, 0x73, 0x73, 0x73, 0x73, 0x73, 0x73, 0x73, 0x73, 0x73,
    0x73, 0x73, 0x73, 0x73, 0x73, 0x73, 0x73, 0x73, 0x73, 0x73, 0x73, 0x73, 0x73, 0x73, 0x73, 0x73, 0x73, 0x73, 0x73, 0x73, 0x73, 0x73, 0x73, 0x73, 0x73, 0x73, 0x73, 0x73, 0x73, 0x73, 0x73, 0x73,
    0x73, 0x73, 0x73, 0x73, 0x73, 0x73, 0x73, 0x73, 0x73, 0x73, 0x73, 0x73, 0x73, 0x73, 0x73, 0x73, 0x73, 0x73, 0x73, 0x73, 0x73, 0x73, 0x73, 0x73, 0x73, 0x73, 0x73, 0x73, 0x73, 0x73, 0x73, 0x73,
    0x73, 0x73, 0x73, 0x73, 0x73, 0x73, 0x73, 0x73, 0x73, 0x73, 0x73, 0x73, 0x73, 0x73, 0x73, 0x73, 0x73, 0x73, 0x73, 0x73, 0x73, 0x73, 0x73, 0x73, 0x73, 0x73, 0x73, 0x73, 0x73, 0x73, 0x73, 0x73,
    0x73, 0x73, 0x73, 0x73, 0x73, 0x73, 0x73, 0x73, 0x73, 0x73, 0x73, 0x73, 0x73, 0x73, 0x73, 0x73, 0x73, 0x73, 0x73, 0x73, 0x73, 0x73, 0x73, 0x73, 0x73, 0x73, 0x73, 0x73, 0x73, 0x73, 0x73, 0x73,
    0x73, 0x73, 0x73, 0x73, 0x73, 0x73, 0x73, 0x73, 0x73, 0x73, 0x73, 0x73, 0x73, 0x73, 0x73, 0x73, 0x73, 0x73, 0x73, 0x73, 0x73, 0x73, 0x73, 0x73, 0x73, 0x73, 0x73, 0x73, 0x73, 0x73, 0x73, 0x73,
    0x73, 0x73, 0x73, 0x73, 0x73, 0x73, 0x73, 0x73, 0x73, 0x73, 0x73, 0x73, 0x73, 0x73, 0x73, 0x73, 0x73, 0x73, 0x73, 0x73, 0x73, 0x73, 0x73, 0x73, 0x73, 0x73, 0x73, 0x73, 0x73, 0x73, 0x73, 0x73,
    0x73, 0x73, 0x73, 0x73, 0x73, 0x73, 0x73, 0x73, 0x73, 0x73, 0x73, 0x73, 0x73, 0x73, 0x73, 0x73, 0x73, 0x73, 0x73, 0x73, 0x73, 0x73, 0x73, 0x73, 0x73, 0x73, 0x73, 0x73, 0x73, 0x73, 0x73, 0x73,
    0x73, 0x73, 0x73, 0x73, 0x73, 0x73, 0x73, 0x73, 0x73, 0x73, 0x73, 0x73, 0x73, 0x73, 0x73, 0x73, 0x73, 0x73, 0x73, 0x73, 0x73, 0x73, 0x73, 0x73, 0x73, 0x73, 0x73, 0x73, 0x73, 0x73, 0x73, 0x73,
    0x73, 0x73, 0x73, 0x73, 0x57, 0x57, 0x73, 0x73, 0x73, 0x73, 0x73, 0x73, 0x73, 0x73, 0x57, 0x73, 0x73, 0x73, 0x73, 0x73, 0x73, 0x73, 0x73, 0x57, 0x73, 0x73, 0x73, 0x73, 0x73, 0x73, 0x73, 0x73,
    0x73, 0x73, 0x73, 0x73, 0x73, 0x73, 0x73, 0x73, 0x73, 0x73, 0x73, 0x73, 0x73, 0x73, 0x73, 0x73, 0x73, 0x73, 0x73, 0x73, 0x73, 0x73, 0x73, 0x73, 0x73, 0x73, 0x73, 0x73, 0x73, 0x73, 0x73, 0x73,
    0x73, 0x73, 0x73, 0x57, 0x54, 0x2B, 0x2B, 0x2B, 0x73, 0x73, 0x73, 0x73, 0x73, 0x57, 0x54, 0x2B, 0x57, 0x73, 0x73, 0x73, 0x73, 0x73, 0x57, 0x54, 0x73, 0x57, 0x73, 0x73, 0x73, 0x73, 0x73, 0x73,
    0x73, 0x73, 0x57, 0x57, 0x73, 0x73, 0x73, 0x73, 0x73, 0x73, 0x73, 0x73, 0x57, 0x73, 0x73, 0x73, 0x73, 0x73, 0x73, 0x73, 0x73, 0x57, 0x57, 0x73, 0x73, 0x73, 0x73, 0x73, 0x73, 0x73, 0x73, 0x57,
    0x2B, 0x2B, 0x54, 0x57, 0x73, 0x73, 0x73, 0x73, 0x2B, 0x2B, 0x2B, 0x54, 0x57, 0x73, 0x73, 0x73, 0x2B, 0x2B, 0x2B, 0x2B, 0x2B, 0x54, 0x57, 0x73, 0x57, 0x54, 0x2B, 0x2B, 0x2B, 0x2B, 0x2B, 0x54,
    0x73, 0x57, 0x54, 0x2B, 0x2B, 0x2B, 0x2B, 0x2B, 0x73, 0x73, 0x73, 0x57, 0x54, 0x2B, 0x2B, 0x2B, 0x73, 0x73, 0x73, 0x73, 0x73, 0x57, 0x54, 0x2B, 0x73, 0x73, 0x73, 0x73, 0x73, 0x73, 0x57, 0x54,
    0x43, 0x0D, 0x05, 0x05, 0x05, 0x05, 0x05, 0x05, 0x73, 0x73, 0x43, 0x0D, 0x05, 0x05, 0x05, 0x05, 0x73, 0x73, 0x73, 0x43, 0x0D, 0x05, 0x05, 0x05, 0x57, 0x73, 0x73, 0x73, 0x73, 0x43, 0x0D, 0x05,
    0x54, 0x57, 0x73, 0x73, 0x73, 0x73, 0x73, 0x43, 0x2B, 0x2B, 0x54, 0x57, 0x73, 0x73, 0x73, 0x73, 0x2B, 0x2B, 0x2B, 0x2B, 0x54, 0x57, 0x73, 0x73, 0x2B, 0x2B, 0x2B, 0x2B, 0x2B, 0x2B, 0x54, 0x57,
    0x05, 0x05, 0x0D, 0x43, 0x73, 0x73, 0x73, 0x73, 0x05, 0x05, 0x05, 0x0D, 0x43, 0x73, 0x73, 0x73, 0x05, 0x05, 0x05, 0x05, 0x05, 0x0D, 0x43, 0x73, 0x05, 0x05, 0x05, 0x05, 0x05, 0x05, 0x05, 0x0D,
    0x0D, 0x05, 0x05, 0x05, 0x05, 0x05, 0x05, 0x05, 0x73, 0x43, 0x0D, 0x05, 0x05, 0x05, 0x05, 0x05, 0x73, 0x73, 0x73, 0x43, 0x0D, 0x05, 0x05, 0x05, 0x73, 0x73, 0x73, 0x73, 0x73, 0x43, 0x0D, 0x05,
    0x55, 0x4F, 0x4F, 0x4F, 0x4F, 0x4F, 0x4F, 0x2A, 0x73, 0x73, 0x55, 0x4F, 0x4F, 0x4F, 0x4F, 0x2A, 0x73, 0x73, 0x73, 0x73, 0x55, 0x4F, 0x4F, 0x4F, 0x43, 0x73, 0x73, 0x73, 0x73, 0x73, 0x55, 0x4F,
    0x05, 0x0D, 0x43, 0x73, 0x73, 0x73, 0x73, 0x73, 0x05, 0x05, 0x05, 0x0D, 0x43, 0x73, 0x73, 0x73, 0x05, 0x05, 0x05, 0x05, 0x05, 0x0D, 0x43, 0x73, 0x05, 0x05, 0x05, 0x05, 0x05, 0x0D, 0x0D, 0x43,
    0x2A, 0x2A, 0x2A, 0x2A, 0x2A, 0x2A, 0x2A, 0x2A, 0x2A, 0x2A, 0x2A, 0x2A, 0x2A, 0x2A, 0x2A, 0x2A, 0x2A, 0x2A, 0x2A, 0x2A, 0x2A, 0x2A, 0x2A, 0x2A, 0x4F, 0x2A, 0x2A, 0x2A, 0x2A, 0x2A, 0x55, 0x55,
    0x55, 0x4F, 0x2A, 0x2A, 0x2A, 0x55, 0x73, 0x73, 0x73, 0x73, 0x55, 0x55, 0x55, 0x73, 0x73, 0x73, 0x73, 0x73, 0x73, 0x73, 0x73, 0x73, 0x55, 0x55, 0x43, 0x73, 0x73, 0x73, 0x73, 0x73, 0x73, 0x55,
    0x2A, 0x4F, 0x4F, 0x55, 0x73, 0x73, 0x73, 0x55, 0x4F, 0x55, 0x55, 0x73, 0x73, 0x73, 0x55, 0x4F, 0x55, 0x73, 0x73, 0x73, 0x55, 0x4F, 0x4F, 0x4F, 0x73, 0x73, 0x73, 0x55, 0x4F, 0x4F, 0x2A, 0x2A,
    0x73, 0x55, 0x4F, 0x4F, 0x2A, 0x2A, 0x2A, 0x2A, 0x55, 0x4F, 0x4F, 0x2A, 0x2A, 0x2A, 0x2A, 0x2A, 0x4F, 0x4F, 0x2A, 0x2A, 0x2A, 0x2A, 0x2A, 0x2A, 0x4F, 0x4F, 0x2A, 0x2A, 0x2A, 0x2A, 0x2A, 0x2A,
    0x4F, 0x4F, 0x4F, 0x4F, 0x4F, 0x4F, 0x4F, 0x4F, 0x4F, 0x4F, 0x4F, 0x4F, 0x2A, 0x2A, 0x2A, 0x2A, 0x2A, 0x2A, 0x2A, 0x2A, 0x2A, 0x2A, 0x2A, 0x2A, 0x2A, 0x2A, 0x2A, 0x2A, 0x2A, 0x2A, 0x2A, 0x2A,
    0x2A, 0x2A, 0x2A, 0x2A, 0x2A, 0x2A, 0x2A, 0x2A, 0x2A, 0x2A, 0x2A, 0x2A, 0x2A, 0x2A, 0x2A, 0x2A, 0x2A, 0x2A, 0x2A, 0x2A, 0x2A, 0x2A, 0x2A, 0x2A, 0x2A, 0x2A, 0x2A, 0x2A, 0x2A, 0x2A, 0x2A, 0x2A,
    0x4F, 0x4F, 0x4F, 0x4F, 0x55, 0x55, 0x73, 0x73, 0x2A, 0x2A, 0x2A, 0x2A, 0x2A, 0x4F, 0x4F, 0x55, 0x2A, 0x2A, 0x2A, 0x2A, 0x2A, 0x2A, 0x2A, 0x2A, 0x2A, 0x2A, 0x2A, 0x2A, 0x2A, 0x2A, 0x2A, 0x2A,
    0x2A, 0x2A, 0x2A, 0x2A, 0x2A, 0x2A, 0x2A, 0x2A, 0x2A, 0x2A, 0x2A, 0x2A, 0x2A, 0x2A, 0x2A, 0x2A, 0x2A, 0x2A, 0x2A, 0x2A, 0x2A, 0x2A, 0x2A, 0x2A, 0x2A, 0x2A, 0x2A, 0x2A, 0x2A, 0x2A, 0x2A, 0x2A,
    0x73, 0x73, 0x73, 0x73, 0x73, 0x73, 0x73, 0x55, 0x73, 0x73, 0x73, 0x73, 0x73, 0x73, 0x73, 0x73, 0x4F, 0x55, 0x55, 0x73, 0x73, 0x73, 0x73, 0x73, 0x2A, 0x2A, 0x4F, 0x4F, 0x55, 0x55, 0x73, 0x73,
    0x2A, 0x2A, 0x2A, 0x2A, 0x2A, 0x4F, 0x4F, 0x55, 0x2A, 0x2A, 0x2A, 0x2A, 0x2A, 0x2A, 0x2A, 0x2A, 0x2A, 0x2A, 0x2A, 0x2A, 0x2A, 0x2A, 0x2A, 0x2A, 0x4F, 0x4F, 0x2A, 0x2A, 0x2A, 0x2A, 0x2A, 0x2A,
    0x4E, 0x51, 0x51, 0x3D, 0x3D, 0x17, 0x17, 0x17, 0x73, 0x73, 0x4E, 0x4E, 0x51, 0x51, 0x3D, 0x3D, 0x73, 0x73, 0x73, 0x73, 0x55, 0x4E, 0x4E, 0x4E, 0x73, 0x73, 0x73, 0x73, 0x73, 0x73, 0x55, 0x55,
    0x55, 0x73, 0x73, 0x73, 0x73, 0x73, 0x73, 0x73, 0x4F, 0x4F, 0x55, 0x55, 0x73, 0x73, 0x73, 0x73, 0x2A, 0x2A, 0x4F, 0x4F, 0x4F, 0x55, 0x55, 0x73, 0x2A, 0x2A, 0x2A, 0x2A, 0x4F, 0x4F, 0x4F, 0x4F,
    0x17, 0x17, 0x17, 0x17, 0x17, 0x17, 0x17, 0x17, 0x3D, 0x17, 0x17, 0x17, 0x17, 0x17, 0x17, 0x17, 0x51, 0x51, 0x51, 0x51, 0x51, 0x51, 0x51, 0x51, 0x55, 0x55, 0x55, 0x55, 0x55, 0x55, 0x55, 0x55,
    0x73, 0x73, 0x73, 0x73, 0x73, 0x73, 0x73, 0x73, 0x73, 0x73, 0x73, 0x73, 0x73, 0x73, 0x73, 0x73, 0x73, 0x73, 0x73, 0x73, 0x73, 0x73, 0x73, 0x73, 0x55, 0x55, 0x55, 0x73, 0x73, 0x73, 0x73, 0x73,
    0x17, 0x17, 0x17, 0x17, 0x17, 0x3D, 0x3D, 0x51, 0x17, 0x3D, 0x3D, 0x3D, 0x51, 0x51, 0x4E, 0x55, 0x51, 0x51, 0x4E, 0x4E, 0x4E, 0x55, 0x73, 0x73, 0x55, 0x55, 0x55, 0x73, 0x73, 0x73, 0x73, 0x73,
    0x73, 0x73, 0x73, 0x73, 0x73, 0x73, 0x73, 0x55, 0x73, 0x73, 0x73, 0x73, 0x55, 0x55, 0x4F, 0x4F, 0x55, 0x55, 0x55, 0x4F, 0x4F, 0x4F, 0x4F, 0x4F, 0x73, 0x73, 0x73, 0x73, 0x55, 0x55, 0x4F, 0x4F,
    0x4E, 0x4E, 0x55, 0x73, 0x73, 0x73, 0x55, 0x55, 0x73, 0x73, 0x73, 0x73, 0x73, 0x55, 0x55, 0x4F, 0x73, 0x73, 0x73, 0x73, 0x55, 0x4F, 0x4F, 0x4F, 0x73, 0x55, 0x55, 0x4F, 0x4F, 0x4F, 0x4F, 0x4F,
    0x4F, 0x4F, 0x4F, 0x4F, 0x4F, 0x4F, 0x4F, 0x4F, 0x4F, 0x4F, 0x4F, 0x4F, 0x4F, 0x4F, 0x4F, 0x4F, 0x4F, 0x4F, 0x4F, 0x4F, 0x4F, 0x4F, 0x4F, 0x4F, 0x4F, 0x4F, 0x4F, 0x4F, 0x4F, 0x4F, 0x4F, 0x4F,
    0x73, 0x73, 0x55, 0x4E, 0x3D, 0x17, 0x17, 0x3D, 0x73, 0x73, 0x55, 0x4E, 0x51, 0x17, 0x17, 0x0D, 0x55, 0x73, 0x73, 0x4E, 0x51, 0x3D, 0x3D, 0x17, 0x55, 0x73, 0x73, 0x55, 0x4E, 0x3D, 0x17, 0x17,
    0x4F, 0x73, 0x73, 0x73, 0x55, 0x4E, 0x3D, 0x17, 0x4F, 0x55, 0x73, 0x73, 0x73, 0x55, 0x51, 0x3D, 0x4F, 0x4F, 0x55, 0x73, 0x73, 0x73, 0x55, 0x51, 0x4F, 0x4F, 0x4F, 0x55, 0x73, 0x73, 0x73, 0x55,
    0x0D, 0x0D, 0x3D, 0x17, 0x17, 0x17, 0x17, 0x17, 0x3D, 0x17, 0x17, 0x17, 0x17, 0x17, 0x17, 0x17, 0x17, 0x17, 0x17, 0x17, 0x17, 0x17, 0x17, 0x17, 0x17, 0x17, 0x17, 0x17, 0x17, 0x17, 0x17, 0x17,
    0x17, 0x17, 0x17, 0x17, 0x17, 0x17, 0x17, 0x17, 0x17, 0x17, 0x17, 0x17, 0x17, 0x17, 0x17, 0x17, 0x3D, 0x17, 0x17, 0x17, 0x17, 0x17, 0x17, 0x17, 0x51, 0x3D, 0x17, 0x17, 0x17, 0x17, 0x17, 0x17,
    0x17, 0x3D, 0x0D, 0x05, 0x05, 0x05, 0x05, 0x05, 0x17, 0x3D, 0x0D, 0x05, 0x05, 0x05, 0x05, 0x05, 0x17, 0x3D, 0x0D, 0x05, 0x05, 0x05, 0x05, 0x05, 0x17, 0x3D, 0x0D, 0x05, 0x05, 0x05, 0x05, 0x0D,
    0x17, 0x3D, 0x0D, 0x05, 0x05, 0x05, 0x0D, 0x3D, 0x17, 0x3D, 0x0D, 0x05, 0x05, 0x0D, 0x3D, 0x17, 0x17, 0x3D, 0x0D, 0x05, 0x0D, 0x3D, 0x17, 0x17, 0x17, 0x3D, 0x0D, 0x0D, 0x3D, 0x17, 0x17, 0x17,
    0x05, 0x05, 0x0D, 0x3D, 0x05, 0x05, 0x05, 0x05, 0x05, 0x0D, 0x3D, 0x17, 0x0D, 0x05, 0x05, 0x05, 0x0D, 0x3D, 0x17, 0x17, 0x3D, 0x05, 0x05, 0x05, 0x3D, 0x17, 0x17, 0x17, 0x3D, 0x0D, 0x05, 0x0D,
    0x17, 0x17, 0x17, 0x17, 0x17, 0x0D, 0x05, 0x0D, 0x17, 0x17, 0x17, 0x17, 0x17, 0x3D, 0x05, 0x3D, 0x17, 0x17, 0x17, 0x17, 0x17, 0x17, 0x0D, 0x17, 0x17, 0x17, 0x17, 0x17, 0x17, 0x17, 0x3D, 0x17,
    0x0D, 0x17, 0x17, 0x17, 0x17, 0x17, 0x17, 0x3D, 0x3D, 0x17, 0x17, 0x17, 0x17, 0x17, 0x17, 0x3D, 0x17, 0x17, 0x17, 0x17, 0x17, 0x17, 0x17, 0x51, 0x17, 0x17, 0x17, 0x17, 0x17, 0x17, 0x3D, 0x51,
    0x17, 0x17, 0x17, 0x17, 0x17, 0x17, 0x3D, 0x4E, 0x17, 0x17, 0x17, 0x17, 0x17, 0x3D, 0x51, 0x73, 0x17, 0x17, 0x17, 0x17, 0x3D, 0x51, 0x73, 0x73, 0x17, 0x17, 0x3D, 0x51, 0x4E, 0x73, 0x73, 0x73,
    0x51, 0x4E, 0x73, 0x73, 0x55, 0x4E, 0x3D, 0x17, 0x51, 0x55, 0x73, 0x73, 0x55, 0x4E, 0x3D, 0x17, 0x4E, 0x73, 0x73, 0x73, 0x55, 0x4E, 0x3D, 0x17, 0x55, 0x73, 0x73, 0x73, 0x55, 0x4E, 0x3D, 0x17,
    0x73, 0x73, 0x73, 0x73, 0x55, 0x4E, 0x3D, 0x17, 0x73, 0x73, 0x55, 0x73, 0x73, 0x4E, 0x51, 0x17, 0x73, 0x55, 0x55, 0x73, 0x73, 0x55, 0x51, 0x3D, 0x55, 0x4F, 0x4F, 0x73, 0x73, 0x55, 0x55, 0x51,
    0x17, 0x17, 0x17, 0x3D, 0x0D, 0x05, 0x05, 0x05, 0x17, 0x17, 0x17, 0x3D, 0x05, 0x05, 0x05, 0x05, 0x17, 0x17, 0x17, 0x0D, 0x05, 0x05, 0x05, 0x05, 0x17, 0x17, 0x17, 0x0D, 0x05, 0x05, 0x0D, 0x3D,
    0x17, 0x17, 0x3D, 0x05, 0x05, 0x0D, 0x3D, 0x17, 0x17, 0x17, 0x3D, 0x05, 0x0D, 0x3D, 0x17, 0x17, 0x17, 0x17, 0x05, 0x0D, 0x3D, 0x17, 0x17, 0x17, 0x17, 0x17, 0x0D, 0x3D, 0x17, 0x17, 0x17, 0x17,
    0x0D, 0x3D, 0x17, 0x17, 0x17, 0x3D, 0x05, 0x05, 0x0D, 0x17, 0x17, 0x17, 0x17, 0x3D, 0x05, 0x05, 0x05, 0x3D, 0x17, 0x17, 0x3D, 0x0D, 0x05, 0x05, 0x17, 0x3D, 0x3D, 0x3D, 0x05, 0x05, 0x05, 0x05,
    0x17, 0x3D, 0x0D, 0x05, 0x05, 0x05, 0x05, 0x05, 0x17, 0x17, 0x3D, 0x05, 0x05, 0x05, 0x05, 0x05, 0x17, 0x17, 0x17, 0x0D, 0x05, 0x05, 0x05, 0x05, 0x17, 0x17, 0x17, 0x3D, 0x05, 0x05, 0x05, 0x05,
    0x05, 0x05, 0x3D, 0x17, 0x17, 0x17, 0x3D, 0x0D, 0x05, 0x05, 0x3D, 0x17, 0x17, 0x17, 0x17, 0x0D, 0x05, 0x05, 0x0D, 0x3D, 0x17, 0x17, 0x3D, 0x05, 0x05, 0x05, 0x05, 0x05, 0x3D, 0x3D, 0x3D, 0x17,
    0x05, 0x05, 0x05, 0x05, 0x05, 0x0D, 0x3D, 0x17, 0x05, 0x05, 0x05, 0x05, 0x05, 0x3D, 0x17, 0x17, 0x05, 0x05, 0x05, 0x05, 0x0D, 0x17, 0x17, 0x17, 0x05, 0x05, 0x05, 0x05, 0x3D, 0x17, 0x17, 0x17,
    0x05, 0x05, 0x05, 0x0D, 0x3D, 0x17, 0x17, 0x17, 0x05, 0x05, 0x05, 0x05, 0x3D, 0x17, 0x17, 0x17, 0x05, 0x05, 0x05, 0x05, 0x0D, 0x17, 0x17, 0x17, 0x3D, 0x0D, 0x05, 0x05, 0x0D, 0x17, 0x17, 0x17,
    0x17, 0x3D, 0x0D, 0x05, 0x05, 0x3D, 0x17, 0x17, 0x17, 0x17, 0x3D, 0x0D, 0x05, 0x3D, 0x17, 0x17, 0x17, 0x17, 0x17, 0x3D, 0x0D, 0x05, 0x17, 0x17, 0x17, 0x17, 0x17, 0x17, 0x3D, 0x0D, 0x17, 0x17,
    0x17, 0x3D, 0x4E, 0x55, 0x73, 0x73, 0x4E, 0x51, 0x17, 0x3D, 0x4E, 0x55, 0x73, 0x73, 0x55, 0x51, 0x17, 0x3D, 0x4E, 0x55, 0x73, 0x73, 0x73, 0x4E, 0x17, 0x3D, 0x4E, 0x55, 0x73, 0x73, 0x73, 0x55,
    0x17, 0x3D, 0x4E, 0x55, 0x73, 0x73, 0x73, 0x73, 0x17, 0x51, 0x4E, 0x73, 0x73, 0x55, 0x73, 0x73, 0x3D, 0x51, 0x55, 0x73, 0x73, 0x55, 0x55, 0x73, 0x51, 0x55, 0x55, 0x73, 0x73, 0x4F, 0x4F, 0x55,
    0x3D, 0x17, 0x17, 0x17, 0x17, 0x17, 0x17, 0x0D, 0x3D, 0x17, 0x17, 0x17, 0x17, 0x17, 0x17, 0x3D, 0x51, 0x17, 0x17, 0x17, 0x17, 0x17, 0x17, 0x17, 0x51, 0x3D, 0x17, 0x17, 0x17, 0x17, 0x17, 0x17,
    0x4E, 0x3D, 0x17, 0x17, 0x17, 0x17, 0x17, 0x17, 0x73, 0x51, 0x3D, 0x17, 0x17, 0x17, 0x17, 0x17, 0x73, 0x73, 0x51, 0x3D, 0x17, 0x17, 0x17, 0x17, 0x73, 0x73, 0x73, 0x4E, 0x51, 0x3D, 0x17, 0x17,
    0x05, 0x05, 0x05, 0x05, 0x3D, 0x0D, 0x05, 0x05, 0x05, 0x05, 0x05, 0x0D, 0x17, 0x3D, 0x0D, 0x05, 0x05, 0x05, 0x05, 0x3D, 0x17, 0x17, 0x3D, 0x0D, 0x0D, 0x05, 0x0D, 0x3D, 0x17, 0x17, 0x17, 0x3D,
    0x0D, 0x05, 0x0D, 0x17, 0x17, 0x17, 0x17, 0x17, 0x3D, 0x05, 0x3D, 0x17, 0x17, 0x17, 0x17, 0x17, 0x17, 0x0D, 0x17, 0x17, 0x17, 0x17, 0x17, 0x17, 0x17, 0x3D, 0x17, 0x17, 0x17, 0x17, 0x17, 0x17,
    0x05, 0x05, 0x05, 0x73, 0x73, 0x73, 0x65, 0x65, 0x05, 0x05, 0x05, 0x05, 0x05, 0x0D, 0x73, 0x73, 0x05, 0x05, 0x05, 0x05, 0x05, 0x0D, 0x3D, 0x17, 0x0D, 0x05, 0x05, 0x05, 0x05, 0x0D, 0x3D, 0x17,
    0x3D, 0x0D, 0x05, 0x05, 0x05, 0x0D, 0x3D, 0x17, 0x17, 0x3D, 0x0D, 0x05, 0x05, 0x0D, 0x3D, 0x17, 0x17, 0x17, 0x3D, 0x0D, 0x05, 0x0D, 0x3D, 0x17, 0x17, 0x17, 0x17, 0x3D, 0x0D, 0x0D, 0x3D, 0x17,
    0x73, 0x73, 0x73, 0x65, 0x65, 0x65, 0x65, 0x65, 0x73, 0x73, 0x73, 0x73, 0x73, 0x65, 0x65, 0x65, 0x17, 0x17, 0x17, 0x73, 0x73, 0x73, 0x73, 0x73, 0x17, 0x17, 0x17, 0x17, 0x17, 0x17, 0x17, 0x17,
    0x17, 0x17, 0x17, 0x17, 0x17, 0x17, 0x17, 0x17, 0x17, 0x17, 0x17, 0x17, 0x17, 0x17, 0x17, 0x17, 0x17, 0x17, 0x17, 0x17, 0x17, 0x17, 0x17, 0x3D, 0x17, 0x17, 0x17, 0x17, 0x17, 0x17, 0x3D, 0x51,
    0x65, 0x73, 0x73, 0x73, 0x73, 0x73, 0x73, 0x73, 0x65, 0x65, 0x65, 0x73, 0x73, 0x73, 0x65, 0x65, 0x73, 0x65, 0x65, 0x73, 0x73, 0x73, 0x65, 0x65, 0x17, 0x73, 0x73, 0x73, 0x73, 0x73, 0x73, 0x73,
    0x17, 0x3D, 0x4E, 0x55, 0x73, 0x73, 0x73, 0x73, 0x3D, 0x51, 0x55, 0x73, 0x73, 0x73, 0x55, 0x4F, 0x51, 0x55, 0x73, 0x73, 0x73, 0x55, 0x4F, 0x4F, 0x55, 0x73, 0x73, 0x73, 0x55, 0x4F, 0x4F, 0x4F,
    0x65, 0x65, 0x65, 0x65, 0x65, 0x73, 0x73, 0x65, 0x65, 0x65, 0x65, 0x65, 0x65, 0x65, 0x65, 0x73, 0x65, 0x65, 0x65, 0x65, 0x65, 0x65, 0x65, 0x65, 0x65, 0x65, 0x65, 0x65, 0x65, 0x65, 0x65, 0x65,
    0x73, 0x73, 0x73, 0x73, 0x73, 0x73, 0x73, 0x73, 0x4F, 0x4F, 0x4F, 0x4F, 0x4F, 0x4F, 0x4F, 0x4F, 0x4F, 0x4F, 0x4F, 0x4F, 0x4F, 0x4F, 0x4F, 0x4F, 0x4F, 0x4F, 0x4F, 0x4F, 0x4F, 0x4F, 0x4F, 0x4F,
    0x65, 0x65, 0x73, 0x73, 0x65, 0x65, 0x65, 0x65, 0x73, 0x73, 0x73, 0x65, 0x65, 0x65, 0x65, 0x73, 0x65, 0x73, 0x73, 0x73, 0x73, 0x73, 0x73, 0x73, 0x65, 0x65, 0x65, 0x73, 0x73, 0x73, 0x73, 0x73,
    0x73, 0x73, 0x73, 0x73, 0x73, 0x73, 0x73, 0x73, 0x4F, 0x4F, 0x55, 0x55, 0x73, 0x73, 0x73, 0x73, 0x4F, 0x4F, 0x4F, 0x4F, 0x4F, 0x55, 0x55, 0x55, 0x4F, 0x4F, 0x55, 0x55, 0x73, 0x73, 0x73, 0x73,
    0x65, 0x65, 0x73, 0x73, 0x73, 0x73, 0x65, 0x65, 0x73, 0x73, 0x73, 0x73, 0x65, 0x65, 0x65, 0x65, 0x73, 0x65, 0x65, 0x65, 0x65, 0x65, 0x65, 0x73, 0x73, 0x73, 0x73, 0x73, 0x73, 0x73, 0x73, 0x55,
    0x73, 0x73, 0x73, 0x73, 0x73, 0x73, 0x73, 0x73, 0x73, 0x73, 0x73, 0x73, 0x73, 0x73, 0x73, 0x73, 0x73, 0x73, 0x73, 0x73, 0x73, 0x73, 0x73, 0x73, 0x73, 0x73, 0x73, 0x73, 0x73, 0x55, 0x55, 0x55,
    0x65, 0x65, 0x65, 0x65, 0x65, 0x65, 0x73, 0x73, 0x65, 0x65, 0x73, 0x73, 0x73, 0x73, 0x73, 0x73, 0x73, 0x73, 0x4E, 0x55, 0x73, 0x73, 0x73, 0x73, 0x55, 0x55, 0x73, 0x73, 0x73, 0x73, 0x73, 0x73,
    0x73, 0x73, 0x73, 0x73, 0x73, 0x73, 0x73, 0x55, 0x73, 0x73, 0x73, 0x73, 0x55, 0x55, 0x4F, 0x4F, 0x73, 0x55, 0x55, 0x4F, 0x4F, 0x4F, 0x2A, 0x2A, 0x4F, 0x4F, 0x4F, 0x4F, 0x2A, 0x2A, 0x2A, 0x2A,
    0x73, 0x73, 0x73, 0x73, 0x73, 0x73, 0x73, 0x73, 0x73, 0x73, 0x73, 0x73, 0x73, 0x73, 0x73, 0x73, 0x73, 0x73, 0x73, 0x73, 0x73, 0x55, 0x55, 0x4F, 0x73, 0x73, 0x55, 0x55, 0x4F, 0x4F, 0x2A, 0x2A,
    0x55, 0x4F, 0x4F, 0x2A, 0x2A, 0x2A, 0x2A, 0x2A, 0x2A, 0x2A, 0x2A, 0x2A, 0x2A, 0x2A, 0x2A, 0x2A, 0x2A, 0x2A, 0x2A, 0x2A, 0x2A, 0x2A, 0x2A, 0x2A, 0x2A, 0x2A, 0x2A, 0x2A, 0x2A, 0x2A, 0x4F, 0x4F,
    0x73, 0x73, 0x55, 0x55, 0x4F, 0x4F, 0x4F, 0x4F, 0x55, 0x4F, 0x4F, 0x2A, 0x2A, 0x2A, 0x2A, 0x2A, 0x2A, 0x2A, 0x2A, 0x2A, 0x2A, 0x2A, 0x2A, 0x2A, 0x2A, 0x2A, 0x2A, 0x2A, 0x2A, 0x2A, 0x2A, 0x2A,
    0x2A, 0x2A, 0x2A, 0x2A, 0x2A, 0x2A, 0x2A, 0x2A, 0x2A, 0x2A, 0x2A, 0x2A, 0x2A, 0x2A, 0x2A, 0x2A, 0x2A, 0x2A, 0x2A, 0x2A, 0x2A, 0x2A, 0x2A, 0x2A, 0x2A, 0x2A, 0x2A, 0x2A, 0x2A, 0x2A, 0x2A, 0x2A,
    0x4F, 0x4F, 0x4F, 0x4F, 0x4F, 0x4F, 0x4F, 0x4F, 0x2A, 0x2A, 0x2A, 0x2A, 0x4F, 0x4F, 0x4F, 0x4F, 0x2A, 0x2A, 0x2A, 0x2A, 0x2A, 0x2A, 0x2A, 0x2A, 0x2A, 0x2A, 0x2A, 0x2A, 0x2A, 0x2A, 0x2A, 0x2A,
    0x2A, 0x2A, 0x2A, 0x2A, 0x2A, 0x2A, 0x2A, 0x2A, 0x2A, 0x2A, 0x2A, 0x2A, 0x2A, 0x2A, 0x2A, 0x2A, 0x2A, 0x2A, 0x2A, 0x2A, 0x2A, 0x2A, 0x2A, 0x2A, 0x2A, 0x2A, 0x2A, 0x2A, 0x2A, 0x2A, 0x2A, 0x2A,
    0x55, 0x73, 0x73, 0x73, 0x55, 0x4F, 0x4F, 0x2A, 0x4F, 0x55, 0x73, 0x73, 0x73, 0x55, 0x55, 0x4F, 0x4F, 0x4F, 0x4F, 0x55, 0x73, 0x73, 0x73, 0x55, 0x2A, 0x2A, 0x4F, 0x4F, 0x55, 0x73, 0x73, 0x73,
    0x2A, 0x2A, 0x2A, 0x2A, 0x4F, 0x4F, 0x55, 0x73, 0x2A, 0x2A, 0x2A, 0x2A, 0x2A, 0x4F, 0x4F, 0x55, 0x2A, 0x2A, 0x2A, 0x2A, 0x2A, 0x2A, 0x4F, 0x4F, 0x2A, 0x2A, 0x2A, 0x2A, 0x2A, 0x2A, 0x4F, 0x4F,
    0x2A, 0x2A, 0x2A, 0x2A, 0x2A, 0x2A, 0x2A, 0x2A, 0x2A, 0x2A, 0x2A, 0x2A, 0x2A, 0x2A, 0x2A, 0x2A, 0x2A, 0x2A, 0x2A, 0x2A, 0x2A, 0x2A, 0x2A, 0x2A, 0x55, 0x55, 0x2A, 0x2A, 0x2A, 0x2A, 0x2A, 0x4F,
    0x73, 0x73, 0x55, 0x2A, 0x2A, 0x2A, 0x4F, 0x55, 0x73, 0x73, 0x73, 0x55, 0x55, 0x55, 0x73, 0x73, 0x55, 0x55, 0x73, 0x73, 0x73, 0x73, 0x73, 0x73, 0x55, 0x73, 0x73, 0x73, 0x73, 0x73, 0x73, 0x43,
    0x2A, 0x4F, 0x4F, 0x4F, 0x4F, 0x4F, 0x4F, 0x55, 0x2A, 0x4F, 0x4F, 0x4F, 0x4F, 0x55, 0x73, 0x73, 0x4F, 0x4F, 0x4F, 0x55, 0x73, 0x73, 0x73, 0x73, 0x4F, 0x55, 0x73, 0x73, 0x73, 0x73, 0x73, 0x43,
    0x73, 0x73, 0x73, 0x73, 0x73, 0x43, 0x0D, 0x05, 0x73, 0x73, 0x73, 0x43, 0x0D, 0x05, 0x05, 0x05, 0x73, 0x43, 0x0D, 0x05, 0x05, 0x05, 0x05, 0x05, 0x43, 0x0D, 0x0D, 0x05, 0x05, 0x05, 0x05, 0x05,
    0x73, 0x73, 0x73, 0x73, 0x43, 0x0D, 0x05, 0x05, 0x73, 0x73, 0x73, 0x43, 0x0D, 0x05, 0x05, 0x05, 0x73, 0x43, 0x0D, 0x05, 0x05, 0x05, 0x05, 0x05, 0x0D, 0x05, 0x05, 0x05, 0x05, 0x05, 0x05, 0x05,
    0x05, 0x05, 0x05, 0x05, 0x05, 0x05, 0x05, 0x0D, 0x05, 0x05, 0x05, 0x05, 0x05, 0x0D, 0x43, 0x73, 0x05, 0x05, 0x05, 0x0D, 0x43, 0x73, 0x73, 0x73, 0x05, 0x0D, 0x43, 0x73, 0x73, 0x73, 0x73, 0x73,
    0x05, 0x05, 0x05, 0x05, 0x05, 0x05, 0x0D, 0x43, 0x05, 0x05, 0x05, 0x05, 0x0D, 0x43, 0x73, 0x73, 0x05, 0x05, 0x05, 0x0D, 0x43, 0x73, 0x73, 0x73, 0x05, 0x0D, 0x43, 0x73, 0x73, 0x73, 0x73, 0x57,
    0x43, 0x73, 0x73, 0x73, 0x73, 0x73, 0x57, 0x54, 0x73, 0x73, 0x73, 0x73, 0x57, 0x54, 0x2B, 0x2B, 0x73, 0x73, 0x57, 0x54, 0x2B, 0x2B, 0x2B, 0x2B, 0x57, 0x54, 0x2B, 0x2B, 0x2B, 0x2B, 0x2B, 0x2B,
    0x73, 0x73, 0x73, 0x73, 0x57, 0x54, 0x2B, 0x2B, 0x73, 0x73, 0x73, 0x57, 0x54, 0x2B, 0x2B, 0x2B, 0x73, 0x57, 0x54, 0x2B, 0x2B, 0x2B, 0x2B, 0x2B, 0x54, 0x2B, 0x2B, 0x2B, 0x2B, 0x2B, 0x54, 0x57,
    0x2B, 0x2B, 0x2B, 0x2B, 0x2B, 0x54, 0x57, 0x73, 0x2B, 0x2B, 0x2B, 0x54, 0x57, 0x73, 0x73, 0x73, 0x2B, 0x54, 0x57, 0x73, 0x73, 0x73, 0x73, 0x73, 0x54, 0x57, 0x73, 0x73, 0x73, 0x73, 0x73, 0x73,
    0x2B, 0x2B, 0x2B, 0x54, 0x57, 0x73, 0x73, 0x73, 0x2B, 0x54, 0x57, 0x73, 0x73, 0x73, 0x73, 0x73, 0x54, 0x57, 0x73, 0x73, 0x73, 0x73, 0x73, 0x57, 0x73, 0x73, 0x73, 0x73, 0x73, 0x73, 0x57, 0x73,
    0x73, 0x73, 0x73, 0x73, 0x57, 0x57, 0x73, 0x73, 0x73, 0x73, 0x73, 0x57, 0x73, 0x73, 0x73, 0x73, 0x73, 0x57, 0x57, 0x73, 0x73, 0x73, 0x73, 0x73, 0x57, 0x73, 0x73, 0x73, 0x73, 0x73, 0x73, 0x73,
    0x73, 0x73, 0x57, 0x57, 0x73, 0x73, 0x73, 0x73, 0x73, 0x57, 0x73, 0x73, 0x73, 0x73, 0x73, 0x73, 0x57, 0x73, 0x73, 0x73, 0x73, 0x73, 0x73, 0x73, 0x73, 0x73, 0x73, 0x73, 0x73, 0x73, 0x73, 0x73,
    0x73, 0x73, 0x73, 0x73, 0x73, 0x73, 0x73, 0x73, 0x73, 0x73, 0x73, 0x73, 0x73, 0x73, 0x73, 0x73, 0x73, 0x73, 0x73, 0x73, 0x73, 0x73, 0x73, 0x73, 0x73, 0x73, 0x73, 0x73, 0x73, 0x73, 0x73, 0x73,
    0x73, 0x73, 0x73, 0x73, 0x73, 0x73, 0x73, 0x73, 0x73, 0x73, 0x73, 0x73, 0x73, 0x73, 0x73, 0x73, 0x73, 0x73, 0x73, 0x73, 0x73, 0x73, 0x73, 0x73, 0x73, 0x73, 0x73, 0x73, 0x73, 0x73, 0x73, 0x73,
    0x73, 0x73, 0x73, 0x73, 0x73, 0x73, 0x73, 0x73, 0x73, 0x73, 0x73, 0x73, 0x73, 0x73, 0x73, 0x73, 0x73, 0x73, 0x73, 0x73, 0x73, 0x73, 0x73, 0x73, 0x73, 0x73, 0x73, 0x73, 0x73, 0x73, 0x73, 0x73,
    0x73, 0x73, 0x73, 0x73, 0x73, 0x73, 0x73, 0x73, 0x73, 0x73, 0x73, 0x73, 0x73, 0x73, 0x73, 0x73, 0x73, 0x73, 0x73, 0x73, 0x73, 0x73, 0x73, 0x73, 0x73, 0x73, 0x73, 0x73, 0x73, 0x73, 0x73, 0x73,
    0x73, 0x73, 0x73, 0x73, 0x73, 0x73, 0x73, 0x73, 0x73, 0x73, 0x73, 0x73, 0x73, 0x73, 0x73, 0x73, 0x73, 0x73, 0x73, 0x73, 0x73, 0x73, 0x73, 0x73, 0x73, 0x73, 0x73, 0x73, 0x73, 0x73, 0x73, 0x73,
    0x73, 0x73, 0x73, 0x73, 0x73, 0x73, 0x73, 0x73, 0x73, 0x73, 0x73, 0x73, 0x73, 0x73, 0x73, 0x73, 0x73, 0x73, 0x73, 0x73, 0x73, 0x73, 0x73, 0x73, 0x73, 0x73, 0x73, 0x73, 0x73, 0x73, 0x73, 0x73,
    0x73, 0x73, 0x73, 0x73, 0x73, 0x73, 0x73, 0x73, 0x73, 0x73, 0x73, 0x73, 0x73, 0x73, 0x73, 0x73, 0x73, 0x73, 0x73, 0x73, 0x73, 0x73, 0x73, 0x73, 0x73, 0x73, 0x73, 0x73, 0x73, 0x73, 0x73, 0x73,
    0x73, 0x73, 0x73, 0x73, 0x73, 0x73, 0x73, 0x73, 0x73, 0x73, 0x73, 0x73, 0x73, 0x73, 0x73, 0x73, 0x73, 0x73, 0x73, 0x73, 0x73, 0x73, 0x73, 0x73, 0x73, 0x73, 0x73, 0x73, 0x73, 0x73, 0x73, 0x73,
    0x73, 0x73, 0x73, 0x73, 0x73, 0x73, 0x73, 0x73, 0x73, 0x73, 0x73, 0x73, 0x73, 0x73, 0x73, 0x73, 0x73, 0x73, 0x73, 0x73, 0x73, 0x73, 0x73, 0x73, 0x73, 0x73, 0x73, 0x73, 0x73, 0x73, 0x73, 0x73,
    0x73, 0x73, 0x73, 0x73, 0x73, 0x73, 0x73, 0x73, 0x73, 0x73, 0x73, 0x73, 0x73, 0x73, 0x73, 0x73, 0x73, 0x73, 0x73, 0x73, 0x73, 0x73, 0x73, 0x73, 0x73, 0x73, 0x73, 0x73, 0x73, 0x73, 0x73, 0x73,
    0x73, 0x73, 0x73, 0x73, 0x73, 0x73, 0x73, 0x73, 0x73, 0x73, 0x73, 0x73, 0x73, 0x73, 0x73, 0x73, 0x73, 0x73, 0x73, 0x73, 0x73, 0x73, 0x73, 0x73, 0x73, 0x73, 0x73, 0x73, 0x73, 0x73, 0x73, 0x73,
    0x73, 0x73, 0x73, 0x73, 0x55, 0x41, 0x73, 0x6F, 0x73, 0x73, 0x73, 0x73, 0x55, 0x41, 0x73, 0x6F, 0x73, 0x73, 0x73, 0x73, 0x55, 0x41, 0x73, 0x6F, 0x73, 0x73, 0x73, 0x73, 0x55, 0x41, 0x1B, 0x6F,
    0x73, 0x73, 0x73, 0x73, 0x55, 0x41, 0x73, 0x6F, 0x73, 0x73, 0x73, 0x73, 0x55, 0x41, 0x73, 0x6F, 0x73, 0x73, 0x73, 0x73, 0x55, 0x41, 0x73, 0x6F, 0x73, 0x73, 0x73, 0x73, 0x55, 0x41, 0x73, 0x6F,
    0x6F, 0x73, 0x41, 0x55, 0x73, 0x73, 0x73, 0x73, 0x6F, 0x73, 0x41, 0x55, 0x73, 0x73, 0x73, 0x73, 0x6F, 0x73, 0x41, 0x55, 0x73, 0x73, 0x73, 0x73, 0x6F, 0x73, 0x41, 0x55, 0x73, 0x73, 0x73, 0x73,
    0x6F, 0x73, 0x41, 0x55, 0x73, 0x73, 0x73, 0x73, 0x6F, 0x73, 0x41, 0x55, 0x73, 0x73, 0x73, 0x73, 0x6F, 0x73, 0x41, 0x55, 0x73, 0x73, 0x73, 0x73, 0x6F, 0x73, 0x41, 0x55, 0x73, 0x73, 0x73, 0x73,
    0x73, 0x73, 0x73, 0x73, 0x73, 0x73, 0x73, 0x73, 0x73, 0x73, 0x73, 0x73, 0x73, 0x73, 0x73, 0x73, 0x73, 0x73, 0x73, 0x73, 0x73, 0x73, 0x73, 0x73, 0x73, 0x73, 0x73, 0x73, 0x73, 0x73, 0x73, 0x73,
    0x73, 0x73, 0x73, 0x73, 0x73, 0x73, 0x73, 0x73, 0x73, 0x73, 0x73, 0x73, 0x73, 0x73, 0x73, 0x73, 0x73, 0x73, 0x73, 0x73, 0x73, 0x73, 0x73, 0x73, 0x73, 0x73, 0x73, 0x73, 0x73, 0x73, 0x73, 0x73,
    0x73, 0x73, 0x73, 0x73, 0x73, 0x73, 0x73, 0x73, 0x73, 0x73, 0x73, 0x73, 0x73, 0x73, 0x73, 0x73, 0x73, 0x73, 0x73, 0x73, 0x73, 0x73, 0x73, 0x73, 0x73, 0x73, 0x73, 0x73, 0x73, 0x73, 0x73, 0x73,
    0x73, 0x73, 0x73, 0x73, 0x73, 0x73, 0x73, 0x73, 0x73, 0x73, 0x73, 0x73, 0x73, 0x73, 0x73, 0x73, 0x73, 0x73, 0x73, 0x73, 0x73, 0x73, 0x73, 0x73, 0x73, 0x73, 0x73, 0x73, 0x73, 0x73, 0x73, 0x73,
    0x73, 0x73, 0x73, 0x73, 0x73, 0x73, 0x73, 0x73, 0x73, 0x73, 0x73, 0x73, 0x73, 0x73, 0x73, 0x73, 0x73, 0x73, 0x73, 0x73, 0x73, 0x73, 0x73, 0x73, 0x73, 0x73, 0x73, 0x73, 0x73, 0x73, 0x73, 0x73,
    0x73, 0x73, 0x73, 0x73, 0x73, 0x73, 0x73, 0x73, 0x73, 0x73, 0x73, 0x73, 0x73, 0x73, 0x73, 0x73, 0x73, 0x73, 0x73, 0x73, 0x73, 0x73, 0x73, 0x73, 0x73, 0x73, 0x73, 0x73, 0x73, 0x73, 0x73, 0x73,
    0x73, 0x73, 0x73, 0x73, 0x73, 0x73, 0x73, 0x73, 0x73, 0x73, 0x73, 0x73, 0x73, 0x73, 0x73, 0x73, 0x73, 0x73, 0x73, 0x73, 0x73, 0x73, 0x73, 0x73, 0x73, 0x73, 0x73, 0x73, 0x73, 0x73, 0x73, 0x73,
    0x73, 0x73, 0x73, 0x73, 0x73, 0x73, 0x73, 0x73, 0x73, 0x73, 0x73, 0x73, 0x73, 0x73, 0x73, 0x73, 0x73, 0x73, 0x73, 0x73, 0x73, 0x73, 0x73, 0x73, 0x73, 0x73, 0x73, 0x73, 0x73, 0x73, 0x73, 0x73,
    0x73, 0x73, 0x73, 0x73, 0x73, 0x73, 0x73, 0x73, 0x73, 0x73, 0x73, 0x73, 0x73, 0x73, 0x73, 0x73, 0x73, 0x73, 0x73, 0x73, 0x73, 0x73, 0x73, 0x73, 0x73, 0x73, 0x73, 0x73, 0x73, 0x73, 0x73, 0x73,
    0x73, 0x73, 0x73, 0x73, 0x73, 0x73, 0x73, 0x73, 0x73, 0x73, 0x73, 0x73, 0x73, 0x73, 0x73, 0x73, 0x73, 0x73, 0x73, 0x73, 0x73, 0x73, 0x73, 0x73, 0x73, 0x73, 0x73, 0x73, 0x73, 0x73, 0x73, 0x73,
    0x73, 0x73, 0x73, 0x73, 0x73, 0x73, 0x73, 0x73, 0x73, 0x73, 0x73, 0x73, 0x73, 0x73, 0x73, 0x73, 0x73, 0x73, 0x73, 0x73, 0x73, 0x73, 0x73, 0x73, 0x73, 0x73, 0x73, 0x73, 0x73, 0x73, 0x73, 0x73,
    0x73, 0x73, 0x73, 0x73, 0x73, 0x73, 0x73, 0x73, 0x73, 0x73, 0x73, 0x73, 0x73, 0x73, 0x73, 0x73, 0x73, 0x73, 0x73, 0x73, 0x73, 0x73, 0x73, 0x73, 0x73, 0x73, 0x73, 0x73, 0x73, 0x73, 0x73, 0x73,
    0x73, 0x73, 0x73, 0x73, 0x73, 0x73, 0x73, 0x73, 0x73, 0x73, 0x73, 0x73, 0x73, 0x73, 0x73, 0x73, 0x73, 0x73, 0x73, 0x73, 0x73, 0x73, 0x73, 0x73, 0x73, 0x73, 0x73, 0x73, 0x73, 0x73, 0x73, 0x73,
    0x73, 0x73, 0x73, 0x73, 0x73, 0x73, 0x73, 0x73, 0x73, 0x73, 0x73, 0x73, 0x73, 0x73, 0x73, 0x73, 0x73, 0x73, 0x73, 0x73, 0x73, 0x73, 0x73, 0x73, 0x73, 0x73, 0x73, 0x73, 0x73, 0x73, 0x73, 0x73,
    0x57, 0x57, 0x73, 0x73, 0x73, 0x73, 0x73, 0x73, 0x73, 0x73, 0x57, 0x57, 0x73, 0x73, 0x73, 0x73, 0x73, 0x73, 0x73, 0x73, 0x57, 0x73, 0x73, 0x73, 0x73, 0x73, 0x73, 0x73, 0x73, 0x57, 0x57, 0x73,
    0x73, 0x73, 0x73, 0x73, 0x73, 0x73, 0x73, 0x57, 0x73, 0x73, 0x73, 0x73, 0x73, 0x73, 0x73, 0x73, 0x73, 0x73, 0x73, 0x73, 0x73, 0x73, 0x73, 0x73, 0x73, 0x73, 0x73, 0x73, 0x73, 0x73, 0x73, 0x73,
    0x57, 0x54, 0x2B, 0x2B, 0x2B, 0x2B, 0x2B, 0x2B, 0x73, 0x73, 0x57, 0x54, 0x2B, 0x2B, 0x2B, 0x2B, 0x73, 0x73, 0x73, 0x73, 0x57, 0x54, 0x2B, 0x2B, 0x73, 0x73, 0x73, 0x73, 0x73, 0x73, 0x57, 0x54,
    0x57, 0x73, 0x73, 0x73, 0x73, 0x73, 0x73, 0x73, 0x73, 0x57, 0x57, 0x73, 0x73, 0x73, 0x73, 0x73, 0x73, 0x73, 0x73, 0x57, 0x57, 0x73, 0x73, 0x73, 0x73, 0x73, 0x73, 0x73, 0x73, 0x57, 0x57, 0x73,
    0x54, 0x57, 0x73, 0x73, 0x73, 0x73, 0x73, 0x43, 0x2B, 0x2B, 0x54, 0x57, 0x73, 0x73, 0x73, 0x73, 0x2B, 0x2B, 0x2B, 0x2B, 0x54, 0x57, 0x73, 0x73, 0x2B, 0x2B, 0x2B, 0x2B, 0x2B, 0x2B, 0x54, 0x57,
    0x57, 0x54, 0x2B, 0x2B, 0x2B, 0x2B, 0x54, 0x54, 0x73, 0x57, 0x54, 0x2B, 0x2B, 0x54, 0x54, 0x57, 0x73, 0x73, 0x73, 0x57, 0x54, 0x54, 0x57, 0x73, 0x73, 0x73, 0x73, 0x73, 0x73, 0x57, 0x73, 0x73,
    0x0D, 0x05, 0x05, 0x05, 0x0D, 0x0D, 0x43, 0x43, 0x73, 0x43, 0x0D, 0x0D, 0x0D, 0x43, 0x43, 0x73, 0x73, 0x73, 0x73, 0x43, 0x43, 0x73, 0x73, 0x73, 0x73, 0x73, 0x73, 0x73, 0x73, 0x73, 0x73, 0x43,
    0x54, 0x57, 0x73, 0x73, 0x73, 0x73, 0x73, 0x43, 0x57, 0x73, 0x73, 0x73, 0x73, 0x73, 0x73, 0x73, 0x73, 0x73, 0x57, 0x54, 0x54, 0x57, 0x73, 0x73, 0x73, 0x57, 0x54, 0x54, 0x2B, 0x2B, 0x54, 0x57,
    0x73, 0x73, 0x73, 0x73, 0x73, 0x73, 0x73, 0x73, 0x73, 0x73, 0x43, 0x43, 0x43, 0x43, 0x73, 0x73, 0x43, 0x43, 0x43, 0x0D, 0x0D, 0x0D, 0x0D, 0x43, 0x43, 0x43, 0x0D, 0x0D, 0x0D, 0x05, 0x05, 0x05,
    0x43, 0x0D, 0x0D, 0x0D, 0x05, 0x05, 0x05, 0x05, 0x73, 0x43, 0x43, 0x0D, 0x05, 0x05, 0x05, 0x05, 0x73, 0x73, 0x73, 0x73, 0x43, 0x0D, 0x0D, 0x05, 0x73, 0x73, 0x73, 0x73, 0x73, 0x73, 0x43, 0x0D,
    0x73, 0x55, 0x55, 0x4F, 0x2A, 0x2A, 0x2A, 0x2A, 0x73, 0x73, 0x73, 0x73, 0x55, 0x4F, 0x4F, 0x2A, 0x73, 0x73, 0x73, 0x73, 0x73, 0x73, 0x55, 0x55, 0x0D, 0x43, 0x43, 0x73, 0x73, 0x73, 0x73, 0x73,
    0x05, 0x05, 0x0D, 0x0D, 0x43, 0x73, 0x73, 0x73, 0x05, 0x05, 0x05, 0x05, 0x05, 0x0D, 0x43, 0x43, 0x05, 0x05, 0x05, 0x05, 0x05, 0x05, 0x05, 0x0D, 0x0D, 0x05, 0x05, 0x05, 0x05, 0x05, 0x05, 0x05,
    0x2A, 0x2A, 0x2A, 0x2A, 0x2A, 0x2A, 0x2A, 0x2A, 0x2A, 0x2A, 0x2A, 0x2A, 0x2A, 0x2A, 0x2A, 0x2A, 0x4F, 0x4F, 0x4F, 0x4F, 0x4F, 0x4F, 0x4F, 0x4F, 0x73, 0x55, 0x4F, 0x4F, 0x4F, 0x4F, 0x4F, 0x4F,
    0x73, 0x73, 0x73, 0x4D, 0x55, 0x4F, 0x4F, 0x4F, 0x73, 0x73, 0x73, 0x73, 0x73, 0x73, 0x55, 0x55, 0x0D, 0x43, 0x73, 0x73, 0x73, 0x73, 0x73, 0x73, 0x05, 0x05, 0x0D, 0x43, 0x43, 0x73, 0x73, 0x73,
    0x2A, 0x2A, 0x2A, 0x2A, 0x2A, 0x2A, 0x4F, 0x4F, 0x2A, 0x4F, 0x4F, 0x4F, 0x4F, 0x4F, 0x4F, 0x4F, 0x4F, 0x4F, 0x4F, 0x4F, 0x4F, 0x4F, 0x4F, 0x4F, 0x4F, 0x4F, 0x4F, 0x4F, 0x4F, 0x4F, 0x4F, 0x4F,
    0x4F, 0x4F, 0x4F, 0x4F, 0x4F, 0x4F, 0x4F, 0x4F, 0x4F, 0x4F, 0x4F, 0x4F, 0x4F, 0x4F, 0x4F, 0x4F, 0x73, 0x55, 0x55, 0x4F, 0x4F, 0x4F, 0x4F, 0x4F, 0x73, 0x73, 0x73, 0x73, 0x55, 0x55, 0x4F, 0x4F,
    0x4F, 0x4F, 0x2A, 0x2A, 0x2A, 0x2A, 0x2A, 0x2A, 0x4F, 0x4F, 0x2A, 0x2A, 0x2A, 0x2A, 0x2A, 0x2A, 0x4F, 0x4F, 0x4F, 0x2A, 0x2A, 0x2A, 0x2A, 0x2A, 0x4F, 0x4F, 0x4F, 0x2A, 0x2A, 0x2A, 0x2A, 0x2A,
    0x4F, 0x4F, 0x4F, 0x4F, 0x2A, 0x2A, 0x2A, 0x2A, 0x4F, 0x4F, 0x4F, 0x4F, 0x2A, 0x2A, 0x2A, 0x2A, 0x4F, 0x4F, 0x4F, 0x4F, 0x4F, 0x2A, 0x2A, 0x2A, 0x4F, 0x4F, 0x4F, 0x4F, 0x4F, 0x2A, 0x2A, 0x2A,
    0x2A, 0x2A, 0x2A, 0x2A, 0x2A, 0x4F, 0x4F, 0x4F, 0x2A, 0x2A, 0x2A, 0x2A, 0x2A, 0x2A, 0x4F, 0x4F, 0x2A, 0x2A, 0x2A, 0x2A, 0x2A, 0x2A, 0x2A, 0x4F, 0x2A, 0x2A, 0x2A, 0x2A, 0x2A, 0x2A, 0x2A, 0x2A,
    0x2A, 0x2A, 0x2A, 0x2A, 0x2A, 0x2A, 0x2A, 0x2A, 0x2A, 0x2A, 0x2A, 0x2A, 0x2A, 0x2A, 0x2A, 0x2A, 0x2A, 0x2A, 0x2A, 0x2A, 0x2A, 0x2A, 0x2A, 0x2A, 0x2A, 0x2A, 0x2A, 0x2A, 0x2A, 0x2A, 0x2A, 0x2A,
    0x4F, 0x4F, 0x4F, 0x4F, 0x55, 0x55, 0x55, 0x73, 0x4F, 0x4F, 0x4F, 0x4F, 0x4F, 0x4F, 0x4F, 0x55, 0x4F, 0x4F, 0x4F, 0x4F, 0x4F, 0x4F, 0x4F, 0x55, 0x4F, 0x4F, 0x4F, 0x4F, 0x4F, 0x4F, 0x55, 0x73,
    0x4F, 0x4F, 0x4F, 0x4F, 0x4F, 0x55, 0x73, 0x73, 0x2A, 0x4F, 0x4F, 0x4F, 0x4F, 0x73, 0x73, 0x55, 0x2A, 0x4F, 0x4F, 0x4F, 0x55, 0x73, 0x73, 0x4F, 0x2A, 0x4F, 0x4F, 0x55, 0x73, 0x73, 0x55, 0x4F,
    0x73, 0x73, 0x73, 0x73, 0x73, 0x73, 0x73, 0x73, 0x55, 0x73, 0x73, 0x73, 0x73, 0x73, 0x73, 0x73, 0x73, 0x73, 0x55, 0x55, 0x55, 0x55, 0x55, 0x73, 0x73, 0x55, 0x4F, 0x4F, 0x4F, 0x4F, 0x4F, 0x4F,
    0x55, 0x4F, 0x4F, 0x4F, 0x4F, 0x4F, 0x4F, 0x4F, 0x4F, 0x4F, 0x4F, 0x4F, 0x4F, 0x4F, 0x4F, 0x4F, 0x4F, 0x4F, 0x4F, 0x4F, 0x4F, 0x4F, 0x2A, 0x2A, 0x4F, 0x4F, 0x4F, 0x2A, 0x2A, 0x2A, 0x2A, 0x2A,
    0x55, 0x55, 0x4F, 0x4F, 0x4F, 0x4F, 0x4F, 0x4F, 0x73, 0x73, 0x73, 0x73, 0x73, 0x55, 0x55, 0x55, 0x73, 0x73, 0x73, 0x73, 0x73, 0x73, 0x73, 0x73, 0x4F, 0x55, 0x55, 0x55, 0x73, 0x73, 0x73, 0x73,
    0x4F, 0x4F, 0x4F, 0x4F, 0x4F, 0x4F, 0x55, 0x55, 0x4F, 0x4F, 0x2A, 0x2A, 0x2A, 0x2A, 0x2A, 0x2A, 0x2A, 0x2A, 0x2A, 0x2A, 0x2A, 0x2A, 0x2A, 0x2A, 0x2A, 0x2A, 0x2A, 0x2A, 0x2A, 0x2A, 0x2A, 0x2A,
    0x4F, 0x4F, 0x4F, 0x4F, 0x55, 0x73, 0x73, 0x73, 0x4F, 0x4F, 0x4F, 0x4F, 0x4F, 0x55, 0x73, 0x73, 0x73, 0x73, 0x73, 0x55, 0x55, 0x55, 0x55, 0x73, 0x73, 0x73, 0x73, 0x73, 0x73, 0x73, 0x73, 0x73,
    0x55, 0x55, 0x73, 0x73, 0x73, 0x73, 0x73, 0x73, 0x2A, 0x4F, 0x4F, 0x4F, 0x55, 0x55, 0x55, 0x55, 0x2A, 0x2A, 0x2A, 0x2A, 0x2A, 0x2A, 0x2A, 0x4F, 0x2A, 0x2A, 0x2A, 0x2A, 0x2A, 0x2A, 0x2A, 0x2A,
    0x55, 0x4E, 0x51, 0x3D, 0x17, 0x17, 0x17, 0x17, 0x73, 0x73, 0x55, 0x4E, 0x51, 0x3D, 0x3D, 0x3D, 0x73, 0x73, 0x73, 0x73, 0x55, 0x4E, 0x4E, 0x51, 0x73, 0x73, 0x73, 0x73, 0x73, 0x73, 0x55, 0x55,
    0x73, 0x73, 0x73, 0x73, 0x73, 0x73, 0x73, 0x73, 0x73, 0x73, 0x73, 0x73, 0x73, 0x73, 0x73, 0x73, 0x4F, 0x4F, 0x55, 0x55, 0x55, 0x55, 0x73, 0x73, 0x2A, 0x2A, 0x2A, 0x2A, 0x4F, 0x4F, 0x4F, 0x4F,
    0x17, 0x3D, 0x0D, 0x3D, 0x17, 0x17, 0x17, 0x17, 0x17, 0x3D, 0x3D, 0x17, 0x17, 0x17, 0x17, 0x17, 0x51, 0x51, 0x3D, 0x3D, 0x3D, 0x3D, 0x3D, 0x3D, 0x55, 0x4E, 0x4E, 0x4E, 0x4E, 0x4E, 0x4E, 0x4E,
    0x73, 0x73, 0x73, 0x73, 0x73, 0x73, 0x73, 0x73, 0x73, 0x73, 0x73, 0x73, 0x73, 0x73, 0x73, 0x73, 0x73, 0x73, 0x73, 0x73, 0x73, 0x73, 0x73, 0x73, 0x55, 0x55, 0x55, 0x55, 0x73, 0x73, 0x73, 0x73,
    0x17, 0x17, 0x17, 0x17, 0x17, 0x17, 0x17, 0x17, 0x17, 0x17, 0x17, 0x17, 0x17, 0x3D, 0x3D, 0x51, 0x3D, 0x3D, 0x3D, 0x51, 0x51, 0x51, 0x4E, 0x55, 0x4E, 0x4E, 0x55, 0x55, 0x55, 0x73, 0x73, 0x73,
    0x73, 0x73, 0x73, 0x73, 0x73, 0x73, 0x73, 0x73, 0x73, 0x73, 0x73, 0x73, 0x73, 0x73, 0x55, 0x55, 0x73, 0x73, 0x73, 0x73, 0x55, 0x55, 0x55, 0x55, 0x73, 0x73, 0x73, 0x73, 0x73, 0x73, 0x73, 0x73,
    0x3D, 0x51, 0x4E, 0x55, 0x73, 0x73, 0x73, 0x55, 0x4E, 0x55, 0x73, 0x73, 0x73, 0x73, 0x55, 0x4F, 0x73, 0x73, 0x73, 0x73, 0x73, 0x55, 0x4F, 0x4F, 0x73, 0x73, 0x73, 0x55, 0x4F, 0x4F, 0x4F, 0x4F,
    0x73, 0x55, 0x4F, 0x4F, 0x4F, 0x4F, 0x4F, 0x4F, 0x4F, 0x4F, 0x4F, 0x4F, 0x4F, 0x4F, 0x4F, 0x4F, 0x55, 0x55, 0x55, 0x4F, 0x4F, 0x4F, 0x4F, 0x4F, 0x73, 0x73, 0x73, 0x73, 0x73, 0x73, 0x73, 0x73,
    0x4F, 0x4F, 0x4F, 0x55, 0x73, 0x73, 0x55, 0x4E, 0x4F, 0x4F, 0x4F, 0x4F, 0x73, 0x73, 0x73, 0x55, 0x4F, 0x4F, 0x4F, 0x4F, 0x55, 0x73, 0x73, 0x73, 0x4F, 0x4F, 0x4F, 0x4F, 0x4F, 0x55, 0x73, 0x73,
    0x4F, 0x4F, 0x4F, 0x4F, 0x4F, 0x4F, 0x55, 0x73, 0x4F, 0x4F, 0x4F, 0x4F, 0x4F, 0x4F, 0x4F, 0x55, 0x4F, 0x4F, 0x4F, 0x4F, 0x4F, 0x4F, 0x4F, 0x4F, 0x55, 0x55, 0x55, 0x55, 0x55, 0x55, 0x55, 0x55,
    0x3D, 0x17, 0x3D, 0x17, 0x17, 0x17, 0x17, 0x17, 0x51, 0x3D, 0x17, 0x17, 0x17, 0x17, 0x17, 0x17, 0x55, 0x51, 0x3D, 0x17, 0x17, 0x17, 0x17, 0x17, 0x73, 0x55, 0x4E, 0x51, 0x3D, 0x17, 0x17, 0x17,
    0x73, 0x73, 0x73, 0x4E, 0x4E, 0x51, 0x3D, 0x17, 0x73, 0x73, 0x73, 0x73, 0x73, 0x55, 0x4E, 0x51, 0x4F, 0x55, 0x73, 0x73, 0x73, 0x73, 0x73, 0x55, 0x55, 0x55, 0x55, 0x55, 0x73, 0x73, 0x73, 0x73,
    0x17, 0x17, 0x17, 0x17, 0x0D, 0x05, 0x05, 0x05, 0x17, 0x17, 0x17, 0x17, 0x3D, 0x0D, 0x05, 0x05, 0x17, 0x17, 0x17, 0x17, 0x17, 0x3D, 0x0D, 0x05, 0x17, 0x17, 0x17, 0x17, 0x17, 0x17, 0x0D, 0x05,
    0x17, 0x17, 0x17, 0x17, 0x17, 0x17, 0x3D, 0x05, 0x3D, 0x3D, 0x17, 0x17, 0x17, 0x17, 0x17, 0x0D, 0x4E, 0x4E, 0x51, 0x51, 0x3D, 0x3D, 0x3D, 0x3D, 0x73, 0x55, 0x55, 0x55, 0x55, 0x55, 0x55, 0x55,
    0x05, 0x05, 0x05, 0x0D, 0x17, 0x17, 0x17, 0x17, 0x05, 0x05, 0x0D, 0x3D, 0x17, 0x17, 0x17, 0x17, 0x05, 0x0D, 0x3D, 0x17, 0x17, 0x17, 0x17, 0x17, 0x05, 0x0D, 0x17, 0x17, 0x17, 0x17, 0x17, 0x17,
    0x05, 0x3D, 0x17, 0x17, 0x17, 0x17, 0x17, 0x17, 0x0D, 0x17, 0x17, 0x17, 0x17, 0x17, 0x3D, 0x3D, 0x3D, 0x3D, 0x3D, 0x3D, 0x51, 0x51, 0x4E, 0x4E, 0x55, 0x55, 0x55, 0x55, 0x55, 0x55, 0x55, 0x73,
    0x17, 0x17, 0x17, 0x17, 0x17, 0x3D, 0x17, 0x3D, 0x17, 0x17, 0x17, 0x17, 0x17, 0x17, 0x3D, 0x51, 0x17, 0x17, 0x17, 0x17, 0x17, 0x3D, 0x51, 0x55, 0x17, 0x17, 0x17, 0x3D, 0x51, 0x4E, 0x55, 0x73,
    0x17, 0x3D, 0x51, 0x4E, 0x4E, 0x73, 0x73, 0x73, 0x51, 0x4E, 0x55, 0x73, 0x73, 0x73, 0x73, 0x73, 0x55, 0x73, 0x73, 0x73, 0x73, 0x73, 0x55, 0x4F, 0x73, 0x73, 0x73, 0x73, 0x55, 0x55, 0x55, 0x55,
    0x4E, 0x55, 0x73, 0x73, 0x55, 0x4F, 0x4F, 0x4F, 0x55, 0x73, 0x73, 0x73, 0x4F, 0x4F, 0x4F, 0x4F, 0x73, 0x73, 0x73, 0x55, 0x4F, 0x4F, 0x4F, 0x4F, 0x73, 0x73, 0x55, 0x4F, 0x4F, 0x4F, 0x4F, 0x4F,
    0x73, 0x55, 0x4F, 0x4F, 0x4F, 0x4F, 0x4F, 0x4F, 0x55, 0x4F, 0x4F, 0x4F, 0x4F, 0x4F, 0x4F, 0x4F, 0x4F, 0x4F, 0x4F, 0x4F, 0x4F, 0x4F, 0x4F, 0x4F, 0x55, 0x55, 0x55, 0x55, 0x55, 0x55, 0x55, 0x55,
    0x55, 0x73, 0x73, 0x73, 0x55, 0x4E, 0x51, 0x3D, 0x4F, 0x55, 0x73, 0x73, 0x73, 0x73, 0x55, 0x4E, 0x4F, 0x4F, 0x55, 0x73, 0x73, 0x73, 0x73, 0x73, 0x4F, 0x4F, 0x4F, 0x4F, 0x55, 0x73, 0x73, 0x73,
    0x4F, 0x4F, 0x4F, 0x4F, 0x4F, 0x4F, 0x55, 0x73, 0x4F, 0x4F, 0x4F, 0x4F, 0x4F, 0x4F, 0x4F, 0x4F, 0x4F, 0x4F, 0x4F, 0x4F, 0x4F, 0x55, 0x55, 0x55, 0x73, 0x73, 0x73, 0x73, 0x73, 0x73, 0x73, 0x73,
    0x17, 0x17, 0x17, 0x17, 0x17, 0x17, 0x17, 0x17, 0x51, 0x3D, 0x3D, 0x17, 0x17, 0x17, 0x17, 0x17, 0x55, 0x4E, 0x51, 0x51, 0x51, 0x3D, 0x3D, 0x3D, 0x73, 0x73, 0x73, 0x55, 0x55, 0x55, 0x4E, 0x4E,
    0x73, 0x73, 0x73, 0x73, 0x73, 0x73, 0x73, 0x73, 0x55, 0x55, 0x73, 0x73, 0x73, 0x73, 0x73, 0x73, 0x55, 0x55, 0x55, 0x55, 0x73, 0x73, 0x73, 0x73, 0x73, 0x73, 0x73, 0x73, 0x73, 0x73, 0x73, 0x73,
    0x17, 0x17, 0x17, 0x17, 0x3D, 0x0D, 0x3D, 0x17, 0x17, 0x17, 0x17, 0x17, 0x17, 0x3D, 0x3D, 0x17, 0x3D, 0x3D, 0x3D, 0x3D, 0x3D, 0x3D, 0x51, 0x51, 0x4E, 0x4E, 0x4E, 0x4E, 0x4E, 0x4E, 0x4E, 0x55,
    0x73, 0x73, 0x73, 0x73, 0x73, 0x73, 0x73, 0x73, 0x73, 0x73, 0x73, 0x73, 0x73, 0x73, 0x73, 0x73, 0x73, 0x73, 0x73, 0x73, 0x73, 0x73, 0x73, 0x73, 0x73, 0x73, 0x73, 0x73, 0x55, 0x55, 0x55, 0x55,
    0x17, 0x17, 0x17, 0x17, 0x3D, 0x51, 0x4E, 0x55, 0x3D, 0x3D, 0x3D, 0x51, 0x4E, 0x55, 0x73, 0x73, 0x51, 0x4E, 0x4E, 0x55, 0x73, 0x73, 0x73, 0x73, 0x55, 0x55, 0x73, 0x73, 0x73, 0x73, 0x73, 0x73,
    0x73, 0x73, 0x73, 0x73, 0x73, 0x73, 0x73, 0x73, 0x73, 0x73, 0x73, 0x73, 0x73, 0x73, 0x73, 0x73, 0x73, 0x73, 0x55, 0x55, 0x55, 0x55, 0x4F, 0x4F, 0x4F, 0x4F, 0x4F, 0x4F, 0x2A, 0x2A, 0x2A, 0x2A,
    0x73, 0x73, 0x73, 0x55, 0x4F, 0x4F, 0x4F, 0x4F, 0x73, 0x73, 0x55, 0x4F, 0x4F, 0x4F, 0x4F, 0x4F, 0x73, 0x55, 0x55, 0x55, 0x55, 0x73, 0x73, 0x73, 0x73, 0x73, 0x73, 0x73, 0x73, 0x73, 0x73, 0x73,
    0x73, 0x73, 0x73, 0x73, 0x73, 0x73, 0x55, 0x55, 0x55, 0x55, 0x55, 0x55, 0x4F, 0x4F, 0x4F, 0x2A, 0x4F, 0x2A, 0x2A, 0x2A, 0x2A, 0x2A, 0x2A, 0x2A, 0x2A, 0x2A, 0x2A, 0x2A, 0x2A, 0x2A, 0x2A, 0x2A,
    0x4F, 0x4F, 0x4F, 0x4F, 0x4F, 0x4F, 0x55, 0x55, 0x55, 0x55, 0x55, 0x73, 0x73, 0x73, 0x73, 0x73, 0x73, 0x73, 0x73, 0x73, 0x73, 0x73, 0x73, 0x73, 0x73, 0x73, 0x73, 0x73, 0x55, 0x55, 0x55, 0x4F,
    0x55, 0x55, 0x4F, 0x4F, 0x4F, 0x4F, 0x4F, 0x4F, 0x2A, 0x2A, 0x2A, 0x2A, 0x2A, 0x2A, 0x4F, 0x4F, 0x2A, 0x2A, 0x2A, 0x2A, 0x2A, 0x2A, 0x2A, 0x2A, 0x2A, 0x2A, 0x2A, 0x2A, 0x2A, 0x2A, 0x2A, 0x2A,
    0x73, 0x73, 0x73, 0x73, 0x73, 0x73, 0x73, 0x73, 0x73, 0x73, 0x73, 0x73, 0x73, 0x73, 0x73, 0x55, 0x73, 0x55, 0x55, 0x55, 0x55, 0x55, 0x73, 0x73, 0x4F, 0x4F, 0x4F, 0x4F, 0x4F, 0x4F, 0x55, 0x73,
    0x4F, 0x4F, 0x4F, 0x4F, 0x4F, 0x4F, 0x4F, 0x55, 0x4F, 0x4F, 0x4F, 0x4F, 0x4F, 0x4F, 0x4F, 0x4F, 0x2A, 0x2A, 0x4F, 0x4F, 0x4F, 0x4F, 0x4F, 0x4F, 0x2A, 0x2A, 0x2A, 0x2A, 0x2A, 0x4F, 0x4F, 0x4F,
    0x73, 0x55, 0x55, 0x55, 0x4F, 0x4F, 0x4F, 0x4F, 0x55, 0x4F, 0x4F, 0x4F, 0x4F, 0x4F, 0x4F, 0x4F, 0x55, 0x4F, 0x4F, 0x4F, 0x4F, 0x4F, 0x4F, 0x4F, 0x73, 0x55, 0x4F, 0x4F, 0x4F, 0x4F, 0x4F, 0x4F,
    0x73, 0x73, 0x55, 0x4F, 0x4F, 0x4F, 0x4F, 0x4F, 0x55, 0x73, 0x73, 0x4F, 0x4F, 0x4F, 0x4F, 0x2A, 0x4F, 0x73, 0x73, 0x55, 0x4F, 0x4F, 0x4F, 0x2A, 0x4F, 0x55, 0x73, 0x73, 0x55, 0x4F, 0x4F, 0x2A,
    0x4F, 0x4F, 0x4F, 0x2A, 0x2A, 0x2A, 0x2A, 0x2A, 0x4F, 0x4F, 0x2A, 0x2A, 0x2A, 0x2A, 0x2A, 0x2A, 0x4F, 0x2A, 0x2A, 0x2A, 0x2A, 0x2A, 0x2A, 0x2A, 0x2A, 0x2A, 0x2A, 0x2A, 0x2A, 0x2A, 0x2A, 0x2A,
    0x2A, 0x2A, 0x2A, 0x2A, 0x2A, 0x2A, 0x2A, 0x2A, 0x2A, 0x2A, 0x2A, 0x2A, 0x2A, 0x2A, 0x2A, 0x2A, 0x2A, 0x2A, 0x2A, 0x2A, 0x2A, 0x2A, 0x2A, 0x2A, 0x2A, 0x2A, 0x2A, 0x2A, 0x2A, 0x2A, 0x2A, 0x2A,
    0x2A, 0x2A, 0x2A, 0x2A, 0x2A, 0x2A, 0x4F, 0x4F, 0x2A, 0x2A, 0x2A, 0x2A, 0x2A, 0x2A, 0x4F, 0x4F, 0x2A, 0x2A, 0x2A, 0x2A, 0x2A, 0x4F, 0x4F, 0x4F, 0x2A, 0x2A, 0x2A, 0x2A, 0x2A, 0x4F, 0x4F, 0x4F,
    0x2A, 0x2A, 0x2A, 0x2A, 0x4F, 0x4F, 0x4F, 0x4F, 0x2A, 0x2A, 0x2A, 0x2A, 0x4F, 0x4F, 0x4F, 0x4F, 0x2A, 0x2A, 0x2A, 0x4F, 0x4F, 0x4F, 0x4F, 0x4F, 0x2A, 0x2A, 0x2A, 0x4F, 0x4F, 0x4F, 0x4F, 0x4F,
    0x4F, 0x4F, 0x2A, 0x2A, 0x2A, 0x2A, 0x2A, 0x2A, 0x4F, 0x4F, 0x4F, 0x4F, 0x4F, 0x4F, 0x4F, 0x2A, 0x4F, 0x4F, 0x4F, 0x4F, 0x4F, 0x4F, 0x4F, 0x4F, 0x4F, 0x4F, 0x4F, 0x4F, 0x4F, 0x4F, 0x4F, 0x4F,
    0x4F, 0x4F, 0x4F, 0x4F, 0x4F, 0x4F, 0x4F, 0x4F, 0x4F, 0x4F, 0x4F, 0x4F, 0x4F, 0x4F, 0x4F, 0x4F, 0x4F, 0x4F, 0x4F, 0x4F, 0x4F, 0x55, 0x55, 0x73, 0x4F, 0x4F, 0x55, 0x55, 0x73, 0x73, 0x73, 0x73,
    0x2A, 0x2A, 0x2A, 0x2A, 0x2A, 0x2A, 0x2A, 0x2A, 0x2A, 0x2A, 0x2A, 0x2A, 0x2A, 0x2A, 0x2A, 0x2A, 0x4F, 0x4F, 0x4F, 0x4F, 0x4F, 0x4F, 0x4F, 0x4F, 0x4F, 0x4F, 0x4F, 0x4F, 0x4F, 0x4F, 0x55, 0x73,
    0x4F, 0x4F, 0x4F, 0x55, 0x55, 0x73, 0x73, 0x73, 0x55, 0x55, 0x73, 0x73, 0x73, 0x73, 0x73, 0x73, 0x73, 0x73, 0x73, 0x73, 0x73, 0x73, 0x43, 0x0D, 0x73, 0x73, 0x73, 0x43, 0x43, 0x0D, 0x05, 0x05,
    0x2A, 0x2A, 0x2A, 0x2A, 0x4F, 0x55, 0x55, 0x73, 0x2A, 0x4F, 0x4F, 0x55, 0x73, 0x73, 0x73, 0x73, 0x55, 0x55, 0x73, 0x73, 0x73, 0x73, 0x73, 0x73, 0x73, 0x73, 0x73, 0x73, 0x73, 0x43, 0x43, 0x0D,
    0x73, 0x73, 0x73, 0x43, 0x0D, 0x0D, 0x05, 0x05, 0x43, 0x43, 0x0D, 0x05, 0x05, 0x05, 0x05, 0x05, 0x0D, 0x05, 0x05, 0x05, 0x05, 0x05, 0x05, 0x05, 0x05, 0x05, 0x05, 0x05, 0x05, 0x05, 0x05, 0x0D,
    0x73, 0x73, 0x73, 0x73, 0x73, 0x73, 0x73, 0x73, 0x73, 0x73, 0x43, 0x43, 0x43, 0x43, 0x73, 0x73, 0x43, 0x0D, 0x0D, 0x0D, 0x0D, 0x43, 0x43, 0x43, 0x05, 0x05, 0x05, 0x0D, 0x0D, 0x0D, 0x43, 0x43,
    0x05, 0x05, 0x05, 0x05, 0x0D, 0x0D, 0x0D, 0x43, 0x05, 0x05, 0x05, 0x05, 0x0D, 0x43, 0x43, 0x73, 0x05, 0x0D, 0x0D, 0x43, 0x73, 0x73, 0x73, 0x73, 0x0D, 0x43, 0x73, 0x73, 0x73, 0x73, 0x73, 0x73,
    0x43, 0x43, 0x0D, 0x0D, 0x05, 0x05, 0x05, 0x0D, 0x73, 0x43, 0x43, 0x0D, 0x0D, 0x0D, 0x43, 0x73, 0x73, 0x73, 0x73, 0x43, 0x43, 0x73, 0x73, 0x73, 0x43, 0x73, 0x73, 0x73, 0x73, 0x73, 0x73, 0x73,
    0x43, 0x73, 0x73, 0x73, 0x73, 0x73, 0x57, 0x54, 0x73, 0x73, 0x73, 0x73, 0x73, 0x73, 0x73, 0x57, 0x73, 0x73, 0x57, 0x54, 0x54, 0x57, 0x73, 0x73, 0x57, 0x54, 0x2B, 0x2B, 0x54, 0x54, 0x57, 0x73,
    0x43, 0x73, 0x73, 0x73, 0x73, 0x73, 0x57, 0x54, 0x73, 0x73, 0x73, 0x73, 0x57, 0x54, 0x2B, 0x2B, 0x73, 0x73, 0x57, 0x54, 0x2B, 0x2B, 0x2B, 0x2B, 0x57, 0x54, 0x2B, 0x2B, 0x2B, 0x2B, 0x2B, 0x2B,
    0x54, 0x54, 0x2B, 0x2B, 0x2B, 0x2B, 0x54, 0x57, 0x57, 0x54, 0x54, 0x2B, 0x2B, 0x54, 0x57, 0x73, 0x73, 0x57, 0x54, 0x54, 0x57, 0x73, 0x73, 0x73, 0x73, 0x73, 0x57, 0x73, 0x73, 0x73, 0x73, 0x73,
    0x2B, 0x2B, 0x2B, 0x2B, 0x2B, 0x2B, 0x54, 0x57, 0x2B, 0x2B, 0x2B, 0x2B, 0x54, 0x57, 0x73, 0x73, 0x2B, 0x2B, 0x54, 0x57, 0x73, 0x73, 0x73, 0x73, 0x54, 0x57, 0x73, 0x73, 0x73, 0x73, 0x73, 0x73,
    0x73, 0x73, 0x73, 0x73, 0x73, 0x73, 0x73, 0x57, 0x73, 0x73, 0x73, 0x73, 0x73, 0x57, 0x57, 0x73, 0x73, 0x73, 0x73, 0x57, 0x57, 0x73, 0x73, 0x73, 0x73, 0x57, 0x57, 0x73, 0x73, 0x73, 0x73, 0x73,
    0x73, 0x73, 0x73, 0x73, 0x73, 0x73, 0x57, 0x57, 0x73, 0x73, 0x73, 0x73, 0x57, 0x57, 0x73, 0x73, 0x73, 0x73, 0x73, 0x57, 0x73, 0x73, 0x73, 0x73, 0x73, 0x57, 0x57, 0x73, 0x73, 0x73, 0x73, 0x73,
    0x57, 0x73, 0x73, 0x73, 0x73, 0x73, 0x73, 0x73, 0x73, 0x73, 0x73, 0x73, 0x73, 0x73, 0x73, 0x73, 0x73, 0x73, 0x73, 0x73, 0x73, 0x73, 0x73, 0x73, 0x73, 0x73, 0x73, 0x73, 0x73, 0x73, 0x73, 0x73,
    0x73, 0x73, 0x73, 0x73, 0x73, 0x73, 0x73, 0x73, 0x73, 0x73, 0x73, 0x73, 0x73, 0x73, 0x73, 0x73, 0x73, 0x73, 0x73, 0x73, 0x73, 0x73, 0x73, 0x73, 0x73, 0x73, 0x73, 0x73, 0x73, 0x73, 0x73, 0x73,
    0x73, 0x73, 0x73, 0x73, 0x73, 0x73, 0x73, 0x73, 0x73, 0x73, 0x73, 0x73, 0x73, 0x73, 0x73, 0x73, 0x73, 0x73, 0x73, 0x73, 0x73, 0x73, 0x73, 0x73, 0x73, 0x73, 0x73, 0x73, 0x73, 0x73, 0x73, 0x73,
    0x73, 0x73, 0x73, 0x73, 0x73, 0x73, 0x73, 0x73, 0x73, 0x73, 0x73, 0x73, 0x73, 0x73, 0x73, 0x73, 0x73, 0x73, 0x73, 0x73, 0x73, 0x73, 0x73, 0x73, 0x73, 0x73, 0x73, 0x73, 0x73, 0x73, 0x73, 0x73,
    0x73, 0x73, 0x73, 0x73, 0x73, 0x73, 0x73, 0x73, 0x73, 0x73, 0x73, 0x73, 0x73, 0x73, 0x73, 0x73, 0x73, 0x73, 0x73, 0x73, 0x73, 0x73, 0x73, 0x73, 0x73, 0x73, 0x73, 0x73, 0x73, 0x73, 0x73, 0x73,
    0x73, 0x73, 0x73, 0x73, 0x73, 0x73, 0x73, 0x73, 0x73, 0x73, 0x73, 0x73, 0x73, 0x73, 0x73, 0x73, 0x73, 0x73, 0x73, 0x73, 0x73, 0x73, 0x73, 0x73, 0x73, 0x73, 0x73, 0x73, 0x73, 0x73, 0x73, 0x73,
    0x73, 0x73, 0x73, 0x73, 0x73, 0x73, 0x73, 0x73, 0x73, 0x73, 0x73, 0x73, 0x73, 0x73, 0x73, 0x73, 0x73, 0x73, 0x73, 0x73, 0x73, 0x73, 0x73, 0x73, 0x73, 0x73, 0x73, 0x73, 0x73, 0x73, 0x73, 0x73,
    0x73, 0x73, 0x73, 0x73, 0x73, 0x73, 0x73, 0x73, 0x73, 0x73, 0x73, 0x73, 0x73, 0x73, 0x73, 0x73, 0x73, 0x73, 0x73, 0x73, 0x73, 0x73, 0x73, 0x73, 0x73, 0x73, 0x73, 0x73, 0x73, 0x73, 0x73, 0x73,
    0x73, 0x73, 0x73, 0x73, 0x73, 0x73, 0x73, 0x73, 0x73, 0x73, 0x73, 0x73, 0x73, 0x73, 0x73, 0x73, 0x73, 0x73, 0x73, 0x73, 0x73, 0x73, 0x73, 0x73, 0x73, 0x73, 0x73, 0x73, 0x73, 0x73, 0x73, 0x73,
    0x73, 0x73, 0x73, 0x73, 0x73, 0x73, 0x73, 0x73, 0x73, 0x73, 0x73, 0x73, 0x73, 0x73, 0x73, 0x73, 0x73, 0x73, 0x73, 0x73, 0x73, 0x73, 0x73, 0x73, 0x73, 0x73, 0x73, 0x73, 0x73, 0x73, 0x73, 0x73,
    0x73, 0x73, 0x73, 0x73, 0x73, 0x73, 0x73, 0x73, 0x73, 0x73, 0x73, 0x73, 0x73, 0x73, 0x73, 0x73, 0x73, 0x73, 0x73, 0x73, 0x73, 0x73, 0x73, 0x73, 0x73, 0x73, 0x73, 0x73, 0x73, 0x73, 0x73, 0x73,
    0x73, 0x73, 0x73, 0x73, 0x73, 0x73, 0x73, 0x73, 0x73, 0x73, 0x73, 0x73, 0x73, 0x73, 0x73, 0x73, 0x73, 0x73, 0x73, 0x73, 0x73, 0x73, 0x73, 0x73, 0x73, 0x73, 0x73, 0x73, 0x73, 0x73, 0x73, 0x73,
    0x73, 0x73, 0x73, 0x73, 0x73, 0x73, 0x73, 0x73, 0x73, 0x73, 0x73, 0x73, 0x73, 0x73, 0x73, 0x73, 0x73, 0x73, 0x73, 0x73, 0x73, 0x73, 0x73, 0x73, 0x73, 0x73, 0x73, 0x73, 0x73, 0x73, 0x73, 0x73,
    0x73, 0x73, 0x73, 0x73, 0x73, 0x73, 0x73, 0x73, 0x73, 0x73, 0x73, 0x73, 0x73, 0x73, 0x73, 0x73, 0x73, 0x73, 0x73, 0x73, 0x73, 0x73, 0x73, 0x73, 0x73, 0x73, 0x73, 0x73, 0x73, 0x73, 0x73, 0x73,
    0x73, 0x73, 0x73, 0x73, 0x73, 0x73, 0x73, 0x73, 0x73, 0x73, 0x73, 0x73, 0x73, 0x73, 0x73, 0x73, 0x73, 0x73, 0x73, 0x73, 0x73, 0x73, 0x73, 0x73, 0x73, 0x73, 0x73, 0x73, 0x73, 0x73, 0x73, 0x73,
    0x73, 0x73, 0x73, 0x73, 0x55, 0x41, 0x73, 0x6F, 0x73, 0x73, 0x73, 0x73, 0x55, 0x41, 0x73, 0x6F, 0x73, 0x73, 0x73, 0x73, 0x55, 0x41, 0x73, 0x6F, 0x73, 0x73, 0x73, 0x73, 0x55, 0x41, 0x73, 0x6F,
    0x73, 0x73, 0x73, 0x73, 0x55, 0x41, 0x73, 0x6F, 0x73, 0x73, 0x73, 0x73, 0x55, 0x41, 0x73, 0x6F, 0x73, 0x73, 0x73, 0x73, 0x55, 0x41, 0x73, 0x6F, 0x73, 0x73, 0x73, 0x73, 0x55, 0x41, 0x73, 0x6F,
    0x6F, 0x73, 0x41, 0x55, 0x73, 0x73, 0x73, 0x73, 0x6F, 0x73, 0x41, 0x55, 0x73, 0x73, 0x73, 0x73, 0x6F, 0x1B, 0x41, 0x55, 0x73, 0x73, 0x73, 0x73, 0x6F, 0x73, 0x41, 0x55, 0x73, 0x73, 0x73, 0x73,
    0x6F, 0x73, 0x41, 0x55, 0x73, 0x73, 0x73, 0x73, 0x6F, 0x73, 0x41, 0x55, 0x73, 0x73, 0x73, 0x73, 0x6F, 0x1B, 0x41, 0x55, 0x73, 0x73, 0x73, 0x73, 0x6F, 0x1B, 0x41, 0x55, 0x73, 0x73, 0x73, 0x73,
    0x73, 0x73, 0x73, 0x73, 0x73, 0x73, 0x73, 0x73, 0x73, 0x73, 0x73, 0x73, 0x73, 0x73, 0x73, 0x73, 0x73, 0x73, 0x73, 0x73, 0x73, 0x73, 0x73, 0x73, 0x73, 0x73, 0x73, 0x73, 0x73, 0x73, 0x73, 0x73,
    0x73, 0x73, 0x73, 0x73, 0x73, 0x73, 0x73, 0x73, 0x73, 0x73, 0x73, 0x73, 0x73, 0x73, 0x73, 0x73, 0x73, 0x73, 0x73, 0x73, 0x73, 0x73, 0x73, 0x73, 0x73, 0x73, 0x73, 0x73, 0x73, 0x73, 0x73, 0x73,
    0x73, 0x73, 0x73, 0x73, 0x73, 0x73, 0x73, 0x73, 0x73, 0x73, 0x73, 0x73, 0x73, 0x73, 0x73, 0x73, 0x73, 0x73, 0x73, 0x73, 0x73, 0x73, 0x73, 0x73, 0x73, 0x73, 0x73, 0x73, 0x73, 0x73, 0x73, 0x73,
    0x73, 0x73, 0x73, 0x73, 0x73, 0x73, 0x73, 0x73, 0x73, 0x73, 0x73, 0x73, 0x73, 0x73, 0x73, 0x73, 0x73, 0x73, 0x73, 0x73, 0x73, 0x73, 0x73, 0x73, 0x73, 0x73, 0x73, 0x73, 0x73, 0x73, 0x73, 0x73,
    0x73, 0x73, 0x73, 0x73, 0x73, 0x73, 0x73, 0x73, 0x73, 0x73, 0x73, 0x73, 0x73, 0x73, 0x73, 0x73, 0x73, 0x73, 0x73, 0x73, 0x73, 0x73, 0x73, 0x73, 0x73, 0x73, 0x73, 0x73, 0x73, 0x73, 0x73, 0x73,
    0x73, 0x73, 0x73, 0x73, 0x73, 0x73, 0x73, 0x73, 0x73, 0x73, 0x73, 0x73, 0x73, 0x73, 0x73, 0x73, 0x73, 0x73, 0x73, 0x73, 0x73, 0x73, 0x73, 0x73, 0x73, 0x73, 0x73, 0x73, 0x73, 0x73, 0x73, 0x73,
    0x73, 0x73, 0x73, 0x73, 0x73, 0x73, 0x73, 0x73, 0x73, 0x73, 0x73, 0x73, 0x73, 0x73, 0x73, 0x73, 0x73, 0x73, 0x73, 0x73, 0x73, 0x73, 0x73, 0x73, 0x73, 0x73, 0x73, 0x73, 0x73, 0x73, 0x73, 0x73,
    0x73, 0x73, 0x73, 0x73, 0x73, 0x73, 0x73, 0x73, 0x73, 0x73, 0x73, 0x73, 0x73, 0x73, 0x73, 0x73, 0x73, 0x73, 0x73, 0x73, 0x73, 0x73, 0x73, 0x73, 0x73, 0x73, 0x73, 0x73, 0x73, 0x73, 0x73, 0x73,
    0x73, 0x73, 0x73, 0x73, 0x73, 0x73, 0x73, 0x73, 0x73, 0x73, 0x73, 0x73, 0x73, 0x73, 0x73, 0x73, 0x73, 0x73, 0x73, 0x73, 0x73, 0x73, 0x73, 0x73, 0x73, 0x73, 0x73, 0x73, 0x73, 0x73, 0x73, 0x73,
    0x73, 0x73, 0x73, 0x73, 0x73, 0x73, 0x73, 0x73, 0x73, 0x73, 0x73, 0x73, 0x73, 0x73, 0x73, 0x73, 0x73, 0x73, 0x73, 0x73, 0x73, 0x73, 0x73, 0x73, 0x73, 0x73, 0x73, 0x73, 0x73, 0x73, 0x73, 0x73,
    0x73, 0x73, 0x73, 0x73, 0x73, 0x73, 0x73, 0x73, 0x73, 0x73, 0x73, 0x73, 0x73, 0x73, 0x73, 0x73, 0x73, 0x73, 0x73, 0x73, 0x73, 0x73, 0x73, 0x73, 0x73, 0x73, 0x73, 0x73, 0x73, 0x73, 0x73, 0x73,
    0x73, 0x73, 0x73, 0x73, 0x73, 0x73, 0x73, 0x73, 0x73, 0x73, 0x73, 0x73, 0x73, 0x73, 0x73, 0x73, 0x73, 0x73, 0x73, 0x73, 0x73, 0x73, 0x73, 0x73, 0x73, 0x73, 0x73, 0x73, 0x73, 0x73, 0x73, 0x73,
    0x73, 0x73, 0x73, 0x73, 0x73, 0x73, 0x73, 0x73, 0x73, 0x73, 0x73, 0x73, 0x73, 0x73, 0x73, 0x73, 0x73, 0x73, 0x73, 0x73, 0x73, 0x73, 0x73, 0x73, 0x73, 0x73, 0x73, 0x73, 0x73, 0x73, 0x73, 0x73,
    0x73, 0x73, 0x73, 0x73, 0x73, 0x73, 0x73, 0x73, 0x73, 0x73, 0x73, 0x73, 0x73, 0x73, 0x73, 0x73, 0x73, 0x73, 0x73, 0x73, 0x73, 0x73, 0x73, 0x73, 0x73, 0x73, 0x73, 0x73, 0x73, 0x73, 0x73, 0x73,
    0x73, 0x73, 0x73, 0x73, 0x73, 0x73, 0x73, 0x73, 0x73, 0x73, 0x73, 0x73, 0x73, 0x73, 0x73, 0x73, 0x73, 0x73, 0x73, 0x73, 0x73, 0x73, 0x73, 0x73, 0x73, 0x73, 0x73, 0x73, 0x73, 0x73, 0x73, 0x73,
    0x73, 0x73, 0x73, 0x73, 0x73, 0x73, 0x73, 0x73, 0x73, 0x73, 0x73, 0x73, 0x73, 0x73, 0x73, 0x73, 0x73, 0x73, 0x73, 0x73, 0x73, 0x73, 0x73, 0x73, 0x73, 0x73, 0x73, 0x73, 0x73, 0x73, 0x73, 0x73,
    0x73, 0x73, 0x73, 0x73, 0x73, 0x73, 0x73, 0x57, 0x73, 0x73, 0x73, 0x73, 0x73, 0x73, 0x73, 0x73, 0x73, 0x73, 0x73, 0x73, 0x73, 0x73, 0x73, 0x73, 0x73, 0x73, 0x73, 0x73, 0x73, 0x73, 0x73, 0x73,
    0x73, 0x73, 0x73, 0x73, 0x73, 0x73, 0x73, 0x73, 0x73, 0x73, 0x73, 0x73, 0x73, 0x73, 0x73, 0x73, 0x73, 0x73, 0x73, 0x73, 0x73, 0x73, 0x73, 0x73, 0x73, 0x73, 0x73, 0x73, 0x73, 0x73, 0x73, 0x73,
    0x73, 0x73, 0x73, 0x73, 0x73, 0x73, 0x73, 0x57, 0x57, 0x57, 0x73, 0x73, 0x73, 0x73, 0x73, 0x73, 0x73, 0x73, 0x57, 0x57, 0x73, 0x73, 0x73, 0x73, 0x73, 0x73, 0x73, 0x73, 0x57, 0x57, 0x73, 0x73,
    0x73, 0x73, 0x73, 0x73, 0x73, 0x73, 0x57, 0x57, 0x73, 0x73, 0x73, 0x73, 0x73, 0x73, 0x73, 0x73, 0x73, 0x73, 0x73, 0x73, 0x73, 0x73, 0x73, 0x73, 0x73, 0x73, 0x73, 0x73, 0x73, 0x73, 0x73, 0x73,
    0x54, 0x54, 0x54, 0x2B, 0x2B, 0x2B, 0x2B, 0x2B, 0x73, 0x73, 0x57, 0x54, 0x2B, 0x2B, 0x2B, 0x2B, 0x73, 0x73, 0x73, 0x73, 0x57, 0x54, 0x54, 0x2B, 0x73, 0x73, 0x73, 0x73, 0x73, 0x73, 0x57, 0x57,
    0x57, 0x73, 0x73, 0x73, 0x73, 0x73, 0x73, 0x73, 0x73, 0x57, 0x57, 0x73, 0x73, 0x73, 0x73, 0x73, 0x73, 0x73, 0x73, 0x57, 0x57, 0x73, 0x73, 0x73, 0x73, 0x73, 0x73, 0x73, 0x73, 0x57, 0x57, 0x57,
    0x54, 0x57, 0x57, 0x73, 0x73, 0x73, 0x73, 0x73, 0x2B, 0x2B, 0x54, 0x54, 0x57, 0x73, 0x73, 0x73, 0x2B, 0x2B, 0x2B, 0x2B, 0x2B, 0x54, 0x57, 0x73, 0x54, 0x2B, 0x2B, 0x2B, 0x2B, 0x2B, 0x2B, 0x54,
    0x73, 0x57, 0x54, 0x2B, 0x2B, 0x2B, 0x2B, 0x2B, 0x73, 0x73, 0x73, 0x57, 0x54, 0x2B, 0x2B, 0x2B, 0x73, 0x73, 0x73, 0x73, 0x73, 0x57, 0x54, 0x54, 0x73, 0x73, 0x73, 0x73, 0x73, 0x73, 0x73, 0x57,
    0x43, 0x43, 0x0D, 0x05, 0x05, 0x05, 0x05, 0x05, 0x73, 0x73, 0x73, 0x43, 0x0D, 0x0D, 0x05, 0x05, 0x73, 0x73, 0x73, 0x73, 0x73, 0x43, 0x43, 0x0D, 0x57, 0x57, 0x73, 0x73, 0x73, 0x73, 0x73, 0x73,
    0x2B, 0x54, 0x54, 0x57, 0x73, 0x73, 0x73, 0x73, 0x2B, 0x2B, 0x2B, 0x2B, 0x54, 0x57, 0x57, 0x73, 0x2B, 0x2B, 0x2B, 0x2B, 0x2B, 0x2B, 0x54, 0x54, 0x57, 0x54, 0x54, 0x2B, 0x2B, 0x2B, 0x2B, 0x2B,
    0x05, 0x05, 0x05, 0x05, 0x0D, 0x0D, 0x43, 0x43, 0x05, 0x05, 0x05, 0x05, 0x05, 0x05, 0x05, 0x0D, 0x0D, 0x05, 0x05, 0x05, 0x05, 0x05, 0x05, 0x05, 0x43, 0x43, 0x0D, 0x0D, 0x05, 0x05, 0x05, 0x05,
    0x73, 0x73, 0x73, 0x43, 0x43, 0x0D, 0x0D, 0x05, 0x73, 0x73, 0x73, 0x73, 0x73, 0x73, 0x43, 0x43, 0x57, 0x57, 0x73, 0x73, 0x73, 0x73, 0x73, 0x73, 0x2B, 0x54, 0x54, 0x57, 0x57, 0x73, 0x73, 0x73,
    0x73, 0x73, 0x73, 0x73, 0x73, 0x73, 0x73, 0x55, 0x0D, 0x43, 0x43, 0x73, 0x73, 0x73, 0x73, 0x73, 0x05, 0x05, 0x0D, 0x0D, 0x43, 0x43, 0x73, 0x73, 0x05, 0x05, 0x05, 0x05, 0x05, 0x0D, 0x0D, 0x43,
    0x05, 0x05, 0x05, 0x05, 0x05, 0x05, 0x05, 0x05, 0x0D, 0x0D, 0x05, 0x05, 0x05, 0x05, 0x05, 0x05, 0x73, 0x43, 0x43, 0x0D, 0x0D, 0x05, 0x05, 0x05, 0x73, 0x73, 0x73, 0x73, 0x43, 0x43, 0x0D, 0x0D,
    0x55, 0x4F, 0x4F, 0x4F, 0x4F, 0x4F, 0x2A, 0x2A, 0x73, 0x73, 0x55, 0x55, 0x4F, 0x4F, 0x4F, 0x2A, 0x73, 0x73, 0x73, 0x73, 0x73, 0x55, 0x55, 0x4F, 0x43, 0x73, 0x73, 0x73, 0x73, 0x73, 0x73, 0x73,
    0x0D, 0x0D, 0x43, 0x43, 0x73, 0x73, 0x73, 0x73, 0x05, 0x05, 0x05, 0x0D, 0x0D, 0x43, 0x43, 0x73, 0x05, 0x05, 0x05, 0x05, 0x05, 0x05, 0x0D, 0x0D, 0x05, 0x05, 0x05, 0x05, 0x05, 0x05, 0x05, 0x05,
    0x2A, 0x2A, 0x2A, 0x2A, 0x2A, 0x2A, 0x2A, 0x2A, 0x2A, 0x2A, 0x2A, 0x2A, 0x2A, 0x2A, 0x2A, 0x2A, 0x4F, 0x2A, 0x2A, 0x2A, 0x2A, 0x2A, 0x2A, 0x4F, 0x55, 0x55, 0x4F, 0x4F, 0x4F, 0x4F, 0x4F, 0x55,
    0x73, 0x73, 0x73, 0x73, 0x55, 0x55, 0x55, 0x73, 0x73, 0x73, 0x73, 0x73, 0x73, 0x73, 0x73, 0x73, 0x0D, 0x43, 0x43, 0x73, 0x73, 0x73, 0x73, 0x73, 0x05, 0x05, 0x0D, 0x0D, 0x43, 0x73, 0x73, 0x73,
    0x2A, 0x4F, 0x55, 0x73, 0x73, 0x55, 0x4F, 0x4F, 0x4F, 0x55, 0x73, 0x73, 0x55, 0x4F, 0x4F, 0x2A, 0x55, 0x73, 0x73, 0x55, 0x4F, 0x2A, 0x2A, 0x2A, 0x73, 0x73, 0x55, 0x4F, 0x2A, 0x2A, 0x2A, 0x2A,
    0x73, 0x55, 0x4F, 0x2A, 0x2A, 0x2A, 0x2A, 0x2A, 0x73, 0x55, 0x4F, 0x4F, 0x4F, 0x2A, 0x2A, 0x2A, 0x73, 0x73, 0x73, 0x73, 0x55, 0x55, 0x4F, 0x4F, 0x73, 0x73, 0x73, 0x73, 0x73, 0x73, 0x73, 0x73,
    0x4F, 0x2A, 0x2A, 0x2A, 0x2A, 0x2A, 0x2A, 0x2A, 0x2A, 0x2A, 0x2A, 0x2A, 0x2A, 0x2A, 0x2A, 0x2A, 0x2A, 0x2A, 0x2A, 0x2A, 0x2A, 0x2A, 0x2A, 0x2A, 0x2A, 0x2A, 0x2A, 0x2A, 0x2A, 0x2A, 0x2A, 0x2A,
    0x2A, 0x2A, 0x2A, 0x2A, 0x2A, 0x2A, 0x2A, 0x2A, 0x2A, 0x2A, 0x2A, 0x2A, 0x2A, 0x2A, 0x2A, 0x2A, 0x4F, 0x2A, 0x2A, 0x2A, 0x2A, 0x2A, 0x2A, 0x2A, 0x55, 0x55, 0x4F, 0x4F, 0x4F, 0x4F, 0x4F, 0x4F,
    0x2A, 0x2A, 0x2A, 0x2A, 0x2A, 0x2A, 0x2A, 0x2A, 0x2A, 0x2A, 0x2A, 0x2A, 0x2A, 0x2A, 0x2A, 0x2A, 0x2A, 0x2A, 0x2A, 0x2A, 0x2A, 0x2A, 0x2A, 0x2A, 0x2A, 0x2A, 0x2A, 0x2A, 0x2A, 0x2A, 0x2A, 0x2A,
    0x2A, 0x2A, 0x2A, 0x2A, 0x2A, 0x2A, 0x2A, 0x2A, 0x2A, 0x2A, 0x2A, 0x2A, 0x2A, 0x4F, 0x4F, 0x4F, 0x4F, 0x4F, 0x4F, 0x4F, 0x4F, 0x4F, 0x4F, 0x4F, 0x4F, 0x4F, 0x4F, 0x4F, 0x4F, 0x4F, 0x4F, 0x4F,
    0x2A, 0x2A, 0x2A, 0x2A, 0x2A, 0x2A, 0x2A, 0x2A, 0x2A, 0x2A, 0x2A, 0x2A, 0x2A, 0x2A, 0x2A, 0x2A, 0x2A, 0x2A, 0x2A, 0x2A, 0x2A, 0x2A, 0x2A, 0x2A, 0x2A, 0x2A, 0x2A, 0x2A, 0x4F, 0x4F, 0x2A, 0x2A,
    0x2A, 0x4F, 0x4F, 0x4F, 0x4F, 0x4F, 0x2A, 0x2A, 0x4F, 0x4F, 0x4F, 0x4F, 0x4F, 0x4F, 0x4F, 0x2A, 0x4F, 0x4F, 0x4F, 0x4F, 0x4F, 0x4F, 0x4F, 0x2A, 0x4F, 0x4F, 0x4F, 0x4F, 0x4F, 0x4F, 0x4F, 0x2A,
    0x2A, 0x2A, 0x2A, 0x2A, 0x2A, 0x2A, 0x4F, 0x4F, 0x2A, 0x2A, 0x2A, 0x2A, 0x2A, 0x2A, 0x2A, 0x2A, 0x2A, 0x2A, 0x2A, 0x2A, 0x2A, 0x2A, 0x2A, 0x2A, 0x2A, 0x2A, 0x2A, 0x2A, 0x2A, 0x2A, 0x2A, 0x2A,
    0x2A, 0x2A, 0x2A, 0x2A, 0x2A, 0x2A, 0x2A, 0x2A, 0x2A, 0x2A, 0x2A, 0x2A, 0x2A, 0x2A, 0x2A, 0x2A, 0x2A, 0x2A, 0x2A, 0x2A, 0x2A, 0x2A, 0x2A, 0x2A, 0x2A, 0x2A, 0x2A, 0x2A, 0x2A, 0x2A, 0x2A, 0x2A,
    0x4F, 0x4F, 0x4F, 0x4F, 0x4F, 0x4F, 0x55, 0x55, 0x4F, 0x4F, 0x4F, 0x4F, 0x4F, 0x4F, 0x4F, 0x4F, 0x2A, 0x4F, 0x4F, 0x4F, 0x4F, 0x4F, 0x4F, 0x4F, 0x2A, 0x2A, 0x4F, 0x4F, 0x4F, 0x4F, 0x4F, 0x55,
    0x2A, 0x2A, 0x2A, 0x4F, 0x4F, 0x4F, 0x4F, 0x55, 0x2A, 0x2A, 0x2A, 0x2A, 0x4F, 0x4F, 0x55, 0x73, 0x2A, 0x2A, 0x2A, 0x2A, 0x4F, 0x4F, 0x55, 0x73, 0x2A, 0x2A, 0x2A, 0x2A, 0x2A, 0x4F, 0x55, 0x73,
    0x55, 0x73, 0x73, 0x73, 0x73, 0x73, 0x73, 0x73, 0x55, 0x73, 0x73, 0x55, 0x55, 0x55, 0x55, 0x55, 0x55, 0x73, 0x73, 0x55, 0x4F, 0x4F, 0x4F, 0x4F, 0x73, 0x73, 0x55, 0x4F, 0x4F, 0x4F, 0x4F, 0x4F,
    0x73, 0x73, 0x55, 0x4F, 0x4F, 0x4F, 0x4F, 0x4F, 0x73, 0x55, 0x4F, 0x4F, 0x4F, 0x4F, 0x4F, 0x2A, 0x73, 0x55, 0x4F, 0x4F, 0x4F, 0x2A, 0x2A, 0x2A, 0x73, 0x55, 0x4F, 0x4F, 0x2A, 0x2A, 0x2A, 0x2A,
    0x73, 0x73, 0x73, 0x73, 0x73, 0x73, 0x73, 0x73, 0x55, 0x55, 0x55, 0x55, 0x55, 0x55, 0x55, 0x73, 0x4F, 0x4F, 0x4F, 0x4F, 0x4F, 0x4F, 0x2A, 0x2A, 0x4F, 0x4F, 0x4F, 0x2A, 0x2A, 0x2A, 0x2A, 0x2A,
    0x4F, 0x2A, 0x2A, 0x2A, 0x2A, 0x2A, 0x2A, 0x2A, 0x2A, 0x2A, 0x2A, 0x2A, 0x2A, 0x2A, 0x2A, 0x2A, 0x2A, 0x2A, 0x2A, 0x2A, 0x2A, 0x2A, 0x2A, 0x2A, 0x2A, 0x2A, 0x2A, 0x2A, 0x2A, 0x2A, 0x2A, 0x2A,
    0x73, 0x73, 0x73, 0x73, 0x73, 0x73, 0x73, 0x73, 0x73, 0x73, 0x73, 0x73, 0x73, 0x73, 0x73, 0x73, 0x4F, 0x55, 0x55, 0x55, 0x55, 0x55, 0x55, 0x55, 0x2A, 0x2A, 0x2A, 0x2A, 0x2A, 0x2A, 0x2A, 0x2A,
    0x2A, 0x2A, 0x2A, 0x2A, 0x2A, 0x2A, 0x2A, 0x2A, 0x2A, 0x2A, 0x2A, 0x2A, 0x2A, 0x2A, 0x2A, 0x2A, 0x2A, 0x2A, 0x2A, 0x2A, 0x2A, 0x2A, 0x2A, 0x2A, 0x2A, 0x2A, 0x2A, 0x2A, 0x4F, 0x2A, 0x2A, 0x2A,
    0x73, 0x73, 0x73, 0x73, 0x73, 0x73, 0x73, 0x73, 0x73, 0x73, 0x73, 0x73, 0x73, 0x73, 0x73, 0x73, 0x55, 0x55, 0x55, 0x55, 0x55, 0x55, 0x55, 0x55, 0x2A, 0x2A, 0x2A, 0x2A, 0x2A, 0x2A, 0x4F, 0x4F,
    0x2A, 0x2A, 0x2A, 0x2A, 0x2A, 0x2A, 0x2A, 0x2A, 0x2A, 0x2A, 0x2A, 0x2A, 0x2A, 0x2A, 0x2A, 0x2A, 0x2A, 0x2A, 0x2A, 0x2A, 0x2A, 0x2A, 0x2A, 0x2A, 0x2A, 0x2A, 0x2A, 0x2A, 0x2A, 0x2A, 0x2A, 0x2A,
    0x73, 0x73, 0x73, 0x73, 0x73, 0x73, 0x73, 0x73, 0x73, 0x73, 0x73, 0x73, 0x73, 0x73, 0x73, 0x73, 0x55, 0x55, 0x55, 0x55, 0x55, 0x55, 0x55, 0x73, 0x4F, 0x4F, 0x4F, 0x4F, 0x4F, 0x4F, 0x55, 0x73,
    0x4F, 0x4F, 0x4F, 0x4F, 0x4F, 0x4F, 0x55, 0x73, 0x2A, 0x2A, 0x4F, 0x4F, 0x4F, 0x4F, 0x55, 0x73, 0x2A, 0x2A, 0x2A, 0x4F, 0x4F, 0x4F, 0x55, 0x73, 0x2A, 0x2A, 0x2A, 0x2A, 0x4F, 0x4F, 0x55, 0x73,
    0x73, 0x73, 0x73, 0x73, 0x73, 0x73, 0x73, 0x73, 0x73, 0x73, 0x73, 0x73, 0x73, 0x73, 0x73, 0x73, 0x73, 0x55, 0x55, 0x55, 0x55, 0x55, 0x55, 0x55, 0x73, 0x55, 0x4F, 0x4F, 0x4F, 0x4F, 0x4F, 0x4F,
    0x73, 0x55, 0x4F, 0x4F, 0x4F, 0x4F, 0x4F, 0x4F, 0x73, 0x55, 0x4F, 0x4F, 0x4F, 0x4F, 0x2A, 0x2A, 0x73, 0x55, 0x4F, 0x4F, 0x4F, 0x2A, 0x2A, 0x2A, 0x73, 0x55, 0x4F, 0x4F, 0x2A, 0x2A, 0x2A, 0x2A,
    0x73, 0x73, 0x73, 0x73, 0x73, 0x73, 0x73, 0x73, 0x73, 0x73, 0x73, 0x73, 0x73, 0x73, 0x73, 0x73, 0x55, 0x55, 0x55, 0x55, 0x55, 0x55, 0x55, 0x55, 0x4F, 0x4F, 0x2A, 0x2A, 0x2A, 0x2A, 0x2A, 0x2A,
    0x2A, 0x2A, 0x2A, 0x2A, 0x2A, 0x2A, 0x2A, 0x2A, 0x2A, 0x2A, 0x2A, 0x2A, 0x2A, 0x2A, 0x2A, 0x2A, 0x2A, 0x2A, 0x2A, 0x2A, 0x2A, 0x2A, 0x2A, 0x2A, 0x2A, 0x2A, 0x2A, 0x2A, 0x2A, 0x2A, 0x2A, 0x2A,
    0x73, 0x73, 0x73, 0x73, 0x73, 0x73, 0x73, 0x73, 0x73, 0x73, 0x73, 0x73, 0x73, 0x73, 0x73, 0x73, 0x55, 0x55, 0x55, 0x55, 0x55, 0x55, 0x55, 0x4F, 0x2A, 0x2A, 0x2A, 0x2A, 0x2A, 0x2A, 0x2A, 0x2A,
    0x2A, 0x2A, 0x2A, 0x2A, 0x2A, 0x2A, 0x2A, 0x2A, 0x2A, 0x2A, 0x2A, 0x2A, 0x2A, 0x2A, 0x2A, 0x2A, 0x2A, 0x2A, 0x2A, 0x2A, 0x2A, 0x2A, 0x2A, 0x2A, 0x2A, 0x2A, 0x2A, 0x4F, 0x2A, 0x2A, 0x2A, 0x2A,
    0x73, 0x73, 0x73, 0x73, 0x73, 0x73, 0x73, 0x73, 0x73, 0x55, 0x55, 0x55, 0x55, 0x55, 0x55, 0x55, 0x2A, 0x2A, 0x4F, 0x4F, 0x4F, 0x4F, 0x4F, 0x4F, 0x2A, 0x2A, 0x2A, 0x2A, 0x2A, 0x4F, 0x4F, 0x4F,
    0x2A, 0x2A, 0x2A, 0x2A, 0x2A, 0x2A, 0x2A, 0x4F, 0x2A, 0x2A, 0x2A, 0x2A, 0x2A, 0x2A, 0x2A, 0x2A, 0x2A, 0x2A, 0x2A, 0x2A, 0x2A, 0x2A, 0x2A, 0x2A, 0x2A, 0x2A, 0x2A, 0x2A, 0x2A, 0x2A, 0x2A, 0x2A,
    0x73, 0x73, 0x73, 0x73, 0x73, 0x73, 0x73, 0x55, 0x55, 0x55, 0x55, 0x55, 0x55, 0x73, 0x73, 0x55, 0x4F, 0x4F, 0x4F, 0x4F, 0x55, 0x73, 0x73, 0x55, 0x4F, 0x4F, 0x4F, 0x4F, 0x4F, 0x55, 0x73, 0x73,
    0x4F, 0x4F, 0x4F, 0x4F, 0x4F, 0x55, 0x73, 0x73, 0x2A, 0x4F, 0x4F, 0x4F, 0x4F, 0x4F, 0x55, 0x73, 0x2A, 0x2A, 0x2A, 0x4F, 0x4F, 0x4F, 0x55, 0x73, 0x2A, 0x2A, 0x2A, 0x2A, 0x4F, 0x4F, 0x55, 0x73,
    0x55, 0x55, 0x4F, 0x4F, 0x4F, 0x4F, 0x4F, 0x4F, 0x4F, 0x4F, 0x4F, 0x4F, 0x4F, 0x4F, 0x4F, 0x4F, 0x4F, 0x4F, 0x4F, 0x4F, 0x4F, 0x4F, 0x4F, 0x2A, 0x55, 0x4F, 0x4F, 0x4F, 0x4F, 0x4F, 0x2A, 0x2A,
    0x55, 0x4F, 0x4F, 0x4F, 0x4F, 0x2A, 0x2A, 0x2A, 0x73, 0x55, 0x4F, 0x4F, 0x2A, 0x2A, 0x2A, 0x2A, 0x73, 0x55, 0x4F, 0x4F, 0x2A, 0x2A, 0x2A, 0x2A, 0x73, 0x55, 0x4F, 0x2A, 0x2A, 0x2A, 0x2A, 0x2A,
    0x4F, 0x4F, 0x2A, 0x2A, 0x2A, 0x2A, 0x2A, 0x2A, 0x2A, 0x2A, 0x2A, 0x2A, 0x2A, 0x2A, 0x2A, 0x2A, 0x2A, 0x2A, 0x2A, 0x2A, 0x2A, 0x2A, 0x2A, 0x2A, 0x2A, 0x2A, 0x2A, 0x2A, 0x2A, 0x2A, 0x2A, 0x2A,
    0x2A, 0x2A, 0x2A, 0x2A, 0x2A, 0x2A, 0x2A, 0x2A, 0x2A, 0x2A, 0x2A, 0x2A, 0x2A, 0x2A, 0x2A, 0x2A, 0x2A, 0x2A, 0x2A, 0x2A, 0x2A, 0x2A, 0x2A, 0x2A, 0x2A, 0x2A, 0x2A, 0x2A, 0x2A, 0x2A, 0x2A, 0x2A,
    0x2A, 0x2A, 0x2A, 0x2A, 0x2A, 0x2A, 0x2A, 0x2A, 0x2A, 0x2A, 0x2A, 0x2A, 0x2A, 0x2A, 0x2A, 0x2A, 0x2A, 0x2A, 0x2A, 0x2A, 0x2A, 0x2A, 0x2A, 0x2A, 0x2A, 0x2A, 0x4F, 0x4F, 0x2A, 0x2A, 0x2A, 0x2A,
    0x2A, 0x2A, 0x4F, 0x4F, 0x4F, 0x4F, 0x4F, 0x2A, 0x2A, 0x4F, 0x4F, 0x4F, 0x4F, 0x4F, 0x4F, 0x4F, 0x2A, 0x4F, 0x4F, 0x4F, 0x4F, 0x4F, 0x4F, 0x4F, 0x2A, 0x4F, 0x4F, 0x4F, 0x4F, 0x4F, 0x4F, 0x4F,
    0x2A, 0x2A, 0x2A, 0x2A, 0x2A, 0x2A, 0x2A, 0x2A, 0x2A, 0x2A, 0x2A, 0x2A, 0x2A, 0x2A, 0x2A, 0x2A, 0x2A, 0x2A, 0x2A, 0x2A, 0x2A, 0x2A, 0x2A, 0x2A, 0x2A, 0x2A, 0x2A, 0x2A, 0x2A, 0x2A, 0x2A, 0x2A,
    0x2A, 0x2A, 0x2A, 0x2A, 0x2A, 0x2A, 0x2A, 0x2A, 0x4F, 0x4F, 0x4F, 0x2A, 0x2A, 0x2A, 0x2A, 0x2A, 0x4F, 0x4F, 0x4F, 0x4F, 0x4F, 0x4F, 0x4F, 0x4F, 0x4F, 0x4F, 0x4F, 0x4F, 0x4F, 0x4F, 0x4F, 0x4F,
    0x2A, 0x2A, 0x2A, 0x2A, 0x2A, 0x2A, 0x2A, 0x4F, 0x2A, 0x2A, 0x2A, 0x2A, 0x2A, 0x2A, 0x2A, 0x2A, 0x2A, 0x2A, 0x2A, 0x2A, 0x2A, 0x2A, 0x2A, 0x2A, 0x2A, 0x2A, 0x2A, 0x2A, 0x2A, 0x2A, 0x2A, 0x2A,
    0x2A, 0x2A, 0x2A, 0x2A, 0x2A, 0x2A, 0x2A, 0x2A, 0x2A, 0x2A, 0x2A, 0x2A, 0x2A, 0x2A, 0x2A, 0x2A, 0x2A, 0x2A, 0x2A, 0x2A, 0x2A, 0x2A, 0x2A, 0x4F, 0x4F, 0x4F, 0x4F, 0x4F, 0x4F, 0x4F, 0x55, 0x55,
    0x4F, 0x4F, 0x55, 0x73, 0x73, 0x55, 0x4F, 0x2A, 0x2A, 0x4F, 0x4F, 0x55, 0x73, 0x73, 0x55, 0x4F, 0x2A, 0x2A, 0x2A, 0x4F, 0x55, 0x73, 0x73, 0x55, 0x2A, 0x2A, 0x2A, 0x2A, 0x4F, 0x55, 0x73, 0x73,
    0x2A, 0x2A, 0x2A, 0x2A, 0x2A, 0x4F, 0x55, 0x73, 0x2A, 0x2A, 0x2A, 0x4F, 0x4F, 0x4F, 0x55, 0x73, 0x4F, 0x4F, 0x55, 0x55, 0x73, 0x73, 0x73, 0x73, 0x73, 0x73, 0x73, 0x73, 0x73, 0x73, 0x73, 0x73,
    0x2A, 0x2A, 0x2A, 0x2A, 0x2A, 0x2A, 0x2A, 0x2A, 0x2A, 0x2A, 0x2A, 0x2A, 0x2A, 0x2A, 0x2A, 0x2A, 0x4F, 0x2A, 0x2A, 0x2A, 0x2A, 0x2A, 0x2A, 0x4F, 0x55, 0x4F, 0x4F, 0x4F, 0x4F, 0x4F, 0x55, 0x55,
    0x73, 0x55, 0x55, 0x55, 0x73, 0x73, 0x73, 0x73, 0x73, 0x73, 0x73, 0x73, 0x73, 0x73, 0x73, 0x73, 0x73, 0x73, 0x73, 0x73, 0x73, 0x43, 0x43, 0x0D, 0x73, 0x73, 0x73, 0x43, 0x0D, 0x0D, 0x05, 0x05,
    0x2A, 0x2A, 0x4F, 0x4F, 0x4F, 0x4F, 0x4F, 0x55, 0x2A, 0x4F, 0x4F, 0x4F, 0x55, 0x55, 0x73, 0x73, 0x4F, 0x55, 0x55, 0x73, 0x73, 0x73, 0x73, 0x73, 0x73, 0x73, 0x73, 0x73, 0x73, 0x73, 0x73, 0x43,
    0x73, 0x73, 0x73, 0x73, 0x43, 0x43, 0x0D, 0x0D, 0x73, 0x43, 0x43, 0x0D, 0x0D, 0x05, 0x05, 0x05, 0x0D, 0x0D, 0x05, 0x05, 0x05, 0x05, 0x05, 0x05, 0x05, 0x05, 0x05, 0x05, 0x05, 0x05, 0x05, 0x05,
    0x55, 0x73, 0x73, 0x73, 0x73, 0x73, 0x73, 0x73, 0x73, 0x73, 0x73, 0x73, 0x73, 0x43, 0x43, 0x0D, 0x73, 0x73, 0x43, 0x43, 0x0D, 0x0D, 0x05, 0x05, 0x43, 0x0D, 0x0D, 0x05, 0x05, 0x05, 0x05, 0x05,
    0x05, 0x05, 0x05, 0x05, 0x05, 0x05, 0x05, 0x05, 0x05, 0x05, 0x05, 0x05, 0x05, 0x05, 0x0D, 0x0D, 0x05, 0x05, 0x05, 0x0D, 0x0D, 0x43, 0x43, 0x73, 0x0D, 0x0D, 0x43, 0x43, 0x73, 0x73, 0x73, 0x73,
    0x43, 0x43, 0x0D, 0x0D, 0x05, 0x05, 0x05, 0x05, 0x0D, 0x05, 0x05, 0x05, 0x05, 0x05, 0x05, 0x05, 0x05, 0x05, 0x05, 0x05, 0x05, 0x05, 0x05, 0x0D, 0x05, 0x05, 0x05, 0x05, 0x0D, 0x0D, 0x43, 0x43,
    0x05, 0x0D, 0x0D, 0x43, 0x43, 0x73, 0x73, 0x73, 0x43, 0x43, 0x73, 0x73, 0x73, 0x73, 0x73, 0x73, 0x73, 0x73, 0x73, 0x73, 0x73, 0x73, 0x57, 0x57, 0x73, 0x73, 0x73, 0x57, 0x57, 0x54, 0x54, 0x2B,
    0x05, 0x05, 0x05, 0x05, 0x05, 0x0D, 0x43, 0x43, 0x05, 0x05, 0x0D, 0x0D, 0x43, 0x73, 0x73, 0x73, 0x0D, 0x43, 0x43, 0x73, 0x73, 0x73, 0x73, 0x73, 0x73, 0x73, 0x73, 0x73, 0x73, 0x73, 0x57, 0x57,
    0x73, 0x73, 0x73, 0x73, 0x57, 0x54, 0x54, 0x2B, 0x73, 0x57, 0x57, 0x54, 0x2B, 0x2B, 0x2B, 0x2B, 0x54, 0x54, 0x2B, 0x2B, 0x2B, 0x2B, 0x2B, 0x2B, 0x2B, 0x2B, 0x2B, 0x2B, 0x2B, 0x54, 0x54, 0x57,
    0x73, 0x73, 0x73, 0x73, 0x73, 0x57, 0x57, 0x54, 0x73, 0x73, 0x73, 0x57, 0x54, 0x54, 0x2B, 0x2B, 0x73, 0x57, 0x54, 0x2B, 0x2B, 0x2B, 0x2B, 0x2B, 0x54, 0x2B, 0x2B, 0x2B, 0x2B, 0x2B, 0x2B, 0x54,
    0x2B, 0x2B, 0x2B, 0x2B, 0x2B, 0x54, 0x57, 0x73, 0x2B, 0x2B, 0x2B, 0x54, 0x57, 0x73, 0x73, 0x73, 0x54, 0x54, 0x57, 0x73, 0x73, 0x73, 0x73, 0x73, 0x57, 0x73, 0x73, 0x73, 0x73, 0x73, 0x73, 0x73,
    0x2B, 0x2B, 0x2B, 0x2B, 0x2B, 0x54, 0x54, 0x54, 0x2B, 0x2B, 0x2B, 0x2B, 0x54, 0x57, 0x73, 0x73, 0x2B, 0x54, 0x54, 0x57, 0x73, 0x73, 0x73, 0x73, 0x57, 0x57, 0x73, 0x73, 0x73, 0x73, 0x73, 0x73,
    0x73, 0x73, 0x73, 0x73, 0x73, 0x73, 0x73, 0x57, 0x73, 0x73, 0x73, 0x73, 0x73, 0x57, 0x57, 0x73, 0x73, 0x73, 0x73, 0x57, 0x57, 0x73, 0x73, 0x73, 0x57, 0x57, 0x57, 0x73, 0x73, 0x73, 0x73, 0x73,
    0x57, 0x73, 0x73, 0x73, 0x73, 0x73, 0x73, 0x73, 0x73, 0x73, 0x73, 0x73, 0x73, 0x73, 0x57, 0x57, 0x73, 0x73, 0x73, 0x73, 0x57, 0x57, 0x73, 0x73, 0x73, 0x73, 0x57, 0x57, 0x73, 0x73, 0x73, 0x73,
    0x57, 0x57, 0x73, 0x73, 0x73, 0x73, 0x73, 0x73, 0x73, 0x73, 0x73, 0x73, 0x73, 0x73, 0x73, 0x73, 0x73, 0x73, 0x73, 0x73, 0x73, 0x73, 0x73, 0x73, 0x73, 0x73, 0x73, 0x73, 0x73, 0x73, 0x73, 0x73,
    0x57, 0x73, 0x73, 0x73, 0x73, 0x73, 0x73, 0x73, 0x73, 0x73, 0x73, 0x73, 0x73, 0x73, 0x73, 0x73, 0x73, 0x73, 0x73, 0x73, 0x73, 0x73, 0x73, 0x73, 0x73, 0x73, 0x73, 0x73, 0x73, 0x73, 0x73, 0x73,
    0x73, 0x73, 0x73, 0x73, 0x73, 0x73, 0x73, 0x73, 0x73, 0x73, 0x73, 0x73, 0x73, 0x73, 0x73, 0x73, 0x73, 0x73, 0x73, 0x73, 0x73, 0x73, 0x73, 0x73, 0x73, 0x73, 0x73, 0x73, 0x73, 0x73, 0x73, 0x73,
    0x73, 0x73, 0x73, 0x73, 0x73, 0x73, 0x73, 0x73, 0x73, 0x73, 0x73, 0x73, 0x73, 0x73, 0x73, 0x73, 0x73, 0x73, 0x73, 0x73, 0x73, 0x73, 0x73, 0x73, 0x73, 0x73, 0x73, 0x73, 0x73, 0x73, 0x73, 0x73,
    0x73, 0x73, 0x73, 0x73, 0x73, 0x73, 0x73, 0x73, 0x73, 0x73, 0x73, 0x73, 0x73, 0x73, 0x73, 0x73, 0x73, 0x73, 0x73, 0x73, 0x73, 0x73, 0x73, 0x73, 0x73, 0x73, 0x73, 0x73, 0x73, 0x73, 0x73, 0x73,
    0x73, 0x73, 0x73, 0x73, 0x73, 0x73, 0x73, 0x73, 0x73, 0x73, 0x73, 0x73, 0x73, 0x73, 0x73, 0x73, 0x73, 0x73, 0x73, 0x73, 0x73, 0x73, 0x73, 0x73, 0x73, 0x73, 0x73, 0x73, 0x73, 0x73, 0x73, 0x73,
    0x73, 0x73, 0x73, 0x73, 0x73, 0x73, 0x73, 0x73, 0x73, 0x73, 0x73, 0x73, 0x73, 0x73, 0x73, 0x73, 0x73, 0x73, 0x73, 0x73, 0x73, 0x73, 0x73, 0x73, 0x73, 0x73, 0x73, 0x73, 0x73, 0x73, 0x73, 0x73,
    0x73, 0x73, 0x73, 0x73, 0x73, 0x73, 0x73, 0x73, 0x73, 0x73, 0x73, 0x73, 0x73, 0x73, 0x73, 0x73, 0x73, 0x73, 0x73, 0x73, 0x73, 0x73, 0x73, 0x73, 0x73, 0x73, 0x73, 0x73, 0x73, 0x73, 0x73, 0x73,
    0x73, 0x73, 0x73, 0x73, 0x73, 0x73, 0x73, 0x73, 0x73, 0x73, 0x73, 0x73, 0x73, 0x73, 0x73, 0x73, 0x73, 0x73, 0x73, 0x73, 0x73, 0x73, 0x73, 0x73, 0x73, 0x73, 0x73, 0x73, 0x73, 0x73, 0x73, 0x73,
    0x73, 0x73, 0x73, 0x73, 0x73, 0x73, 0x73, 0x73, 0x73, 0x73, 0x73, 0x73, 0x73, 0x73, 0x73, 0x73, 0x73, 0x73, 0x73, 0x73, 0x73, 0x73, 0x73, 0x73, 0x73, 0x73, 0x73, 0x73, 0x73, 0x73, 0x73, 0x73,
    0x73, 0x73, 0x73, 0x73, 0x73, 0x73, 0x73, 0x73, 0x73, 0x73, 0x73, 0x73, 0x73, 0x73, 0x73, 0x73, 0x73, 0x73, 0x73, 0x73, 0x73, 0x73, 0x73, 0x73, 0x73, 0x73, 0x73, 0x73, 0x73, 0x73, 0x73, 0x73,
    0x73, 0x73, 0x73, 0x73, 0x73, 0x73, 0x73, 0x73, 0x73, 0x73, 0x73, 0x73, 0x73, 0x73, 0x73, 0x73, 0x73, 0x73, 0x73, 0x73, 0x73, 0x73, 0x73, 0x73, 0x73, 0x73, 0x73, 0x73, 0x73, 0x73, 0x73, 0x73,
    0x73, 0x73, 0x73, 0x73, 0x73, 0x73, 0x73, 0x73, 0x73, 0x73, 0x73, 0x73, 0x73, 0x73, 0x73, 0x73, 0x73, 0x73, 0x73, 0x73, 0x73, 0x73, 0x73, 0x73, 0x73, 0x73, 0x73, 0x73, 0x73, 0x73, 0x73, 0x73,
    0x73, 0x73, 0x73, 0x73, 0x73, 0x73, 0x73, 0x73, 0x73, 0x73, 0x73, 0x73, 0x73, 0x73, 0x73, 0x73, 0x73, 0x73, 0x73, 0x73, 0x73, 0x73, 0x73, 0x73, 0x73, 0x73, 0x73, 0x73, 0x73, 0x73, 0x73, 0x73,
    0x73, 0x73, 0x73, 0x73, 0x73, 0x73, 0x73, 0x73, 0x73, 0x73, 0x73, 0x73, 0x73, 0x73, 0x73, 0x73, 0x73, 0x73, 0x73, 0x73, 0x73, 0x73, 0x73, 0x73, 0x73, 0x73, 0x73, 0x73, 0x73, 0x73, 0x73, 0x73,
    0x73, 0x73, 0x73, 0x73, 0x73, 0x73, 0x73, 0x73, 0x73, 0x73, 0x73, 0x73, 0x73, 0x73, 0x73, 0x73, 0x73, 0x73, 0x73, 0x73, 0x73, 0x73, 0x73, 0x73, 0x73, 0x73, 0x73, 0x73, 0x73, 0x73, 0x73, 0x73,
    0x73, 0x73, 0x73, 0x73, 0x73, 0x73, 0x73, 0x73, 0x73, 0x73, 0x73, 0x73, 0x73, 0x73, 0x73, 0x73, 0x73, 0x73, 0x73, 0x73, 0x73, 0x73, 0x73, 0x73, 0x73, 0x73, 0x73, 0x73, 0x73, 0x73, 0x73, 0x73,
    0x73, 0x73, 0x73, 0x73, 0x73, 0x73, 0x73, 0x73, 0x73, 0x73, 0x73, 0x73, 0x73, 0x73, 0x73, 0x73, 0x73, 0x73, 0x73, 0x73, 0x73, 0x73, 0x73, 0x73, 0x73, 0x73, 0x73, 0x73, 0x73, 0x73, 0x73, 0x73,
    0x73, 0x73, 0x73, 0x73, 0x73, 0x73, 0x73, 0x73, 0x73, 0x73, 0x73, 0x73, 0x73, 0x73, 0x73, 0x73, 0x73, 0x73, 0x73, 0x73, 0x73, 0x73, 0x73, 0x73, 0x73, 0x73, 0x73, 0x73, 0x73, 0x73, 0x73, 0x73,
    0x73, 0x73, 0x73, 0x73, 0x55, 0x41, 0x73, 0x6F, 0x73, 0x73, 0x73, 0x73, 0x55, 0x41, 0x73, 0x6F, 0x73, 0x73, 0x73, 0x73, 0x55, 0x41, 0x1B, 0x6F, 0x73, 0x73, 0x73, 0x73, 0x55, 0x41, 0x73, 0x6F,
    0x73, 0x73, 0x73, 0x73, 0x55, 0x41, 0x73, 0x6F, 0x73, 0x73, 0x73, 0x73, 0x55, 0x41, 0x73, 0x6F, 0x73, 0x73, 0x73, 0x73, 0x55, 0x41, 0x1B, 0x6F, 0x73, 0x73, 0x73, 0x73, 0x55, 0x41, 0x1B, 0x6F,
    0x6F, 0x1B, 0x41, 0x55, 0x73, 0x73, 0x73, 0x73, 0x6F, 0x1B, 0x41, 0x55, 0x73, 0x73, 0x73, 0x73, 0x6F, 0x1B, 0x41, 0x55, 0x73, 0x73, 0x73, 0x73, 0x6F, 0x1B, 0x41, 0x55, 0x73, 0x73, 0x73, 0x73,
    0x6F, 0x1B, 0x41, 0x55, 0x73, 0x73, 0x73, 0x73, 0x6F, 0x1B, 0x41, 0x55, 0x73, 0x73, 0x73, 0x73, 0x6F, 0x1B, 0x50, 0x55, 0x73, 0x73, 0x73, 0x73, 0x6F, 0x1B, 0x50, 0x55, 0x73, 0x73, 0x73, 0x73,
    0x73, 0x73, 0x73, 0x73, 0x73, 0x73, 0x73, 0x73, 0x73, 0x73, 0x73, 0x73, 0x73, 0x73, 0x73, 0x73, 0x73, 0x73, 0x73, 0x73, 0x73, 0x73, 0x73, 0x73, 0x73, 0x73, 0x73, 0x73, 0x73, 0x73, 0x73, 0x73,
    0x73, 0x73, 0x73, 0x73, 0x73, 0x73, 0x73, 0x73, 0x73, 0x73, 0x73, 0x73, 0x73, 0x73, 0x73, 0x73, 0x73, 0x73, 0x73, 0x73, 0x73, 0x73, 0x73, 0x73, 0x73, 0x73, 0x73, 0x73, 0x73, 0x73, 0x73, 0x73,
    0x73, 0x73, 0x73, 0x73, 0x73, 0x73, 0x73, 0x73, 0x73, 0x73, 0x73, 0x73, 0x73, 0x73, 0x73, 0x73, 0x73, 0x73, 0x73, 0x73, 0x73, 0x73, 0x73, 0x73, 0x73, 0x73, 0x73, 0x73, 0x73, 0x73, 0x73, 0x73,
    0x73, 0x73, 0x73, 0x73, 0x73, 0x73, 0x73, 0x73, 0x73, 0x73, 0x73, 0x73, 0x73, 0x73, 0x73, 0x73, 0x73, 0x73, 0x73, 0x73, 0x73, 0x73, 0x73, 0x73, 0x73, 0x73, 0x73, 0x73, 0x73, 0x73, 0x73, 0x73,
    0x73, 0x73, 0x73, 0x73, 0x73, 0x73, 0x73, 0x73, 0x73, 0x73, 0x73, 0x73, 0x73, 0x73, 0x73, 0x73, 0x73, 0x73, 0x73, 0x73, 0x73, 0x73, 0x73, 0x73, 0x73, 0x73, 0x73, 0x73, 0x73, 0x73, 0x73, 0x73,
    0x73, 0x73, 0x73, 0x73, 0x73, 0x73, 0x73, 0x73, 0x73, 0x73, 0x73, 0x73, 0x73, 0x73, 0x73, 0x73, 0x73, 0x73, 0x73, 0x73, 0x73, 0x73, 0x73, 0x73, 0x73, 0x73, 0x73, 0x73, 0x73, 0x73, 0x73, 0x73,
    0x73, 0x73, 0x73, 0x73, 0x73, 0x73, 0x73, 0x73, 0x73, 0x73, 0x73, 0x73, 0x73, 0x73, 0x73, 0x73, 0x73, 0x73, 0x73, 0x73, 0x73, 0x73, 0x73, 0x73, 0x73, 0x73, 0x73, 0x73, 0x73, 0x73, 0x73, 0x73,
    0x73, 0x73, 0x73, 0x73, 0x73, 0x73, 0x73, 0x73, 0x73, 0x73, 0x73, 0x73, 0x73, 0x73, 0x73, 0x73, 0x73, 0x73, 0x73, 0x73, 0x73, 0x73, 0x73, 0x73, 0x73, 0x73, 0x73, 0x73, 0x73, 0x73, 0x73, 0x73,
    0x73, 0x73, 0x73, 0x73, 0x73, 0x73, 0x73, 0x73, 0x73, 0x73, 0x73, 0x73, 0x73, 0x73, 0x73, 0x73, 0x73, 0x73, 0x73, 0x73, 0x73, 0x73, 0x73, 0x73, 0x73, 0x73, 0x73, 0x73, 0x73, 0x73, 0x73, 0x73,
    0x73, 0x73, 0x73, 0x73, 0x73, 0x73, 0x73, 0x73, 0x73, 0x73, 0x73, 0x73, 0x73, 0x73, 0x73, 0x73, 0x73, 0x73, 0x73, 0x73, 0x73, 0x73, 0x73, 0x73, 0x73, 0x73, 0x73, 0x73, 0x73, 0x73, 0x73, 0x73,
    0x73, 0x73, 0x73, 0x73, 0x73, 0x73, 0x73, 0x73, 0x73, 0x73, 0x73, 0x73, 0x73, 0x73, 0x73, 0x73, 0x73, 0x73, 0x73, 0x73, 0x73, 0x73, 0x73, 0x73, 0x73, 0x73, 0x73, 0x73, 0x73, 0x73, 0x73, 0x73,
    0x73, 0x73, 0x73, 0x73, 0x73, 0x73, 0x73, 0x73, 0x73, 0x73, 0x73, 0x73, 0x73, 0x73, 0x73, 0x73, 0x73, 0x73, 0x73, 0x73, 0x73, 0x73, 0x73, 0x73, 0x73, 0x73, 0x73, 0x73, 0x73, 0x73, 0x73, 0x73,
    0x73, 0x73, 0x73, 0x73, 0x73, 0x73, 0x73, 0x73, 0x73, 0x73, 0x73, 0x73, 0x73, 0x73, 0x73, 0x73, 0x73, 0x73, 0x73, 0x73, 0x73, 0x73, 0x73, 0x73, 0x73, 0x73, 0x73, 0x73, 0x73, 0x73, 0x73, 0x73,
    0x73, 0x73, 0x73, 0x73, 0x73, 0x73, 0x73, 0x73, 0x73, 0x73, 0x73, 0x73, 0x73, 0x73, 0x73, 0x73, 0x73, 0x73, 0x73, 0x73, 0x73, 0x73, 0x73, 0x73, 0x73, 0x73, 0x73, 0x73, 0x73, 0x73, 0x73, 0x73,
    0x73, 0x73, 0x73, 0x73, 0x73, 0x73, 0x73, 0x73, 0x73, 0x73, 0x73, 0x73, 0x73, 0x73, 0x73, 0x73, 0x73, 0x73, 0x73, 0x73, 0x73, 0x73, 0x73, 0x73, 0x73, 0x73, 0x73, 0x73, 0x73, 0x73, 0x73, 0x73,
    0x73, 0x73, 0x73, 0x73, 0x73, 0x73, 0x73, 0x73, 0x73, 0x73, 0x73, 0x73, 0x73, 0x73, 0x73, 0x73, 0x73, 0x73, 0x73, 0x73, 0x73, 0x73, 0x73, 0x73, 0x73, 0x73, 0x73, 0x73, 0x73, 0x73, 0x73, 0x73,
    0x73, 0x73, 0x73, 0x73, 0x73, 0x73, 0x73, 0x73, 0x73, 0x73, 0x73, 0x73, 0x73, 0x73, 0x73, 0x73, 0x73, 0x73, 0x73, 0x73, 0x73, 0x73, 0x73, 0x73, 0x73, 0x73, 0x73, 0x73, 0x73, 0x73, 0x73, 0x73,
    0x73, 0x73, 0x73, 0x73, 0x73, 0x73, 0x73, 0x73, 0x73, 0x73, 0x73, 0x73, 0x73, 0x73, 0x73, 0x73, 0x73, 0x73, 0x73, 0x73, 0x73, 0x73, 0x73, 0x73, 0x73, 0x73, 0x73, 0x73, 0x73, 0x73, 0x73, 0x73,
    0x73, 0x73, 0x73, 0x73, 0x73, 0x73, 0x73, 0x73, 0x73, 0x73, 0x73, 0x73, 0x73, 0x73, 0x73, 0x73, 0x73, 0x73, 0x73, 0x73, 0x73, 0x73, 0x73, 0x73, 0x73, 0x73, 0x73, 0x73, 0x73, 0x73, 0x73, 0x73,
    0x73, 0x73, 0x73, 0x73, 0x73, 0x73, 0x73, 0x73, 0x73, 0x73, 0x73, 0x73, 0x73, 0x73, 0x73, 0x73, 0x73, 0x73, 0x73, 0x73, 0x73, 0x73, 0x73, 0x73, 0x73, 0x73, 0x73, 0x73, 0x73, 0x73, 0x73, 0x73,
    0x73, 0x73, 0x73, 0x73, 0x73, 0x73, 0x73, 0x73, 0x73, 0x73, 0x73, 0x73, 0x73, 0x73, 0x73, 0x73, 0x73, 0x73, 0x73, 0x73, 0x73, 0x73, 0x73, 0x73, 0x73, 0x73, 0x73, 0x73, 0x73, 0x73, 0x73, 0x73,
    0x73, 0x73, 0x73, 0x73, 0x73, 0x73, 0x73, 0x73, 0x73, 0x73, 0x73, 0x73, 0x73, 0x73, 0x73, 0x73, 0x73, 0x73, 0x73, 0x73, 0x73, 0x73, 0x73, 0x73, 0x73, 0x73, 0x73, 0x73, 0x73, 0x73, 0x73, 0x73,
    0x57, 0x57, 0x73, 0x73, 0x73, 0x73, 0x73, 0x73, 0x73, 0x73, 0x57, 0x57, 0x73, 0x73, 0x73, 0x73, 0x73, 0x73, 0x73, 0x73, 0x57, 0x57, 0x73, 0x73, 0x73, 0x73, 0x73, 0x73, 0x73, 0x73, 0x57, 0x57,
    0x73, 0x73, 0x73, 0x73, 0x73, 0x73, 0x73, 0x73, 0x73, 0x73, 0x73, 0x73, 0x73, 0x73, 0x73, 0x73, 0x73, 0x73, 0x73, 0x73, 0x73, 0x73, 0x73, 0x73, 0x73, 0x73, 0x73, 0x73, 0x73, 0x73, 0x73, 0x73,
    0x73, 0x73, 0x57, 0x57, 0x54, 0x54, 0x2B, 0x2B, 0x73, 0x73, 0x73, 0x73, 0x73, 0x57, 0x57, 0x54, 0x73, 0x73, 0x73, 0x73, 0x73, 0x73, 0x73, 0x73, 0x57, 0x73, 0x73, 0x73, 0x73, 0x73, 0x73, 0x73,
    0x73, 0x57, 0x57, 0x57, 0x73, 0x73, 0x73, 0x73, 0x73, 0x73, 0x73, 0x73, 0x57, 0x57, 0x57, 0x73, 0x73, 0x73, 0x73, 0x73, 0x73, 0x73, 0x73, 0x57, 0x73, 0x73, 0x73, 0x73, 0x73, 0x73, 0x73, 0x73,
    0x2B, 0x2B, 0x2B, 0x2B, 0x54, 0x54, 0x57, 0x57, 0x54, 0x2B, 0x2B, 0x2B, 0x2B, 0x2B, 0x2B, 0x54, 0x57, 0x57, 0x54, 0x54, 0x2B, 0x2B, 0x2B, 0x2B, 0x73, 0x73, 0x73, 0x57, 0x57, 0x54, 0x2B, 0x2B,
    0x73, 0x73, 0x73, 0x73, 0x73, 0x73, 0x57, 0x54, 0x73, 0x73, 0x73, 0x73, 0x73, 0x73, 0x73, 0x73, 0x57, 0x57, 0x73, 0x73, 0x73, 0x73, 0x73, 0x73, 0x73, 0x73, 0x57, 0x57, 0x57, 0x73, 0x73, 0x73,
    0x73, 0x73, 0x73, 0x73, 0x73, 0x73, 0x73, 0x43, 0x54, 0x57, 0x57, 0x73, 0x73, 0x73, 0x73, 0x73, 0x2B, 0x2B, 0x54, 0x54, 0x57, 0x57, 0x73, 0x73, 0x2B, 0x2B, 0x2B, 0x2B, 0x2B, 0x54, 0x54, 0x57,
    0x54, 0x2B, 0x2B, 0x2B, 0x2B, 0x2B, 0x2B, 0x2B, 0x57, 0x57, 0x54, 0x54, 0x2B, 0x2B, 0x2B, 0x2B, 0x73, 0x73, 0x73, 0x57, 0x57, 0x54, 0x54, 0x54, 0x73, 0x73, 0x73, 0x73, 0x73, 0x73, 0x73, 0x57,
    0x43, 0x0D, 0x0D, 0x05, 0x05, 0x05, 0x05, 0x05, 0x73, 0x73, 0x43, 0x43, 0x0D, 0x0D, 0x0D, 0x0D, 0x73, 0x73, 0x73, 0x73, 0x73, 0x73, 0x43, 0x43, 0x57, 0x73, 0x73, 0x73, 0x73, 0x73, 0x73, 0x73,
    0x54, 0x54, 0x54, 0x57, 0x57, 0x73, 0x73, 0x73, 0x2B, 0x2B, 0x2B, 0x2B, 0x54, 0x54, 0x54, 0x57, 0x2B, 0x2B, 0x2B, 0x54, 0x54, 0x54, 0x57, 0x73, 0x57, 0x54, 0x54, 0x54, 0x54, 0x57, 0x73, 0x73,
    0x05, 0x0D, 0x0D, 0x43, 0x73, 0x73, 0x43, 0x0D, 0x0D, 0x0D, 0x43, 0x73, 0x73, 0x43, 0x0D, 0x0D, 0x0D, 0x43, 0x73, 0x73, 0x43, 0x0D, 0x0D, 0x0D, 0x73, 0x73, 0x73, 0x43, 0x43, 0x0D, 0x0D, 0x05,
    0x73, 0x73, 0x73, 0x73, 0x73, 0x73, 0x43, 0x43, 0x73, 0x73, 0x73, 0x73, 0x73, 0x73, 0x73, 0x73, 0x73, 0x57, 0x57, 0x57, 0x57, 0x73, 0x73, 0x73, 0x57, 0x54, 0x54, 0x54, 0x54, 0x54, 0x54, 0x57,
    0x0D, 0x43, 0x43, 0x73, 0x73, 0x73, 0x73, 0x73, 0x0D, 0x0D, 0x0D, 0x0D, 0x0D, 0x43, 0x43, 0x73, 0x05, 0x05, 0x05, 0x05, 0x05, 0x05, 0x0D, 0x0D, 0x05, 0x05, 0x05, 0x05, 0x05, 0x05, 0x05, 0x05,
    0x0D, 0x0D, 0x0D, 0x05, 0x05, 0x05, 0x05, 0x05, 0x73, 0x73, 0x43, 0x43, 0x0D, 0x0D, 0x0D, 0x05, 0x73, 0x73, 0x73, 0x73, 0x73, 0x73, 0x43, 0x43, 0x57, 0x73, 0x73, 0x73, 0x73, 0x73, 0x73, 0x73,
    0x73, 0x73, 0x73, 0x73, 0x55, 0x55, 0x55, 0x4F, 0x73, 0x73, 0x73, 0x73, 0x73, 0x73, 0x73, 0x73, 0x0D, 0x43, 0x43, 0x73, 0x73, 0x73, 0x73, 0x73, 0x05, 0x05, 0x0D, 0x0D, 0x0D, 0x0D, 0x43, 0x43,
    0x05, 0x05, 0x05, 0x05, 0x05, 0x05, 0x05, 0x0D, 0x05, 0x05, 0x05, 0x05, 0x05, 0x05, 0x05, 0x05, 0x0D, 0x0D, 0x0D, 0x0D, 0x05, 0x05, 0x05, 0x05, 0x73, 0x73, 0x73, 0x43, 0x43, 0x0D, 0x0D, 0x0D,
    0x4F, 0x4F, 0x4F, 0x4F, 0x4F, 0x4F, 0x4F, 0x4F, 0x73, 0x55, 0x55, 0x55, 0x4F, 0x4F, 0x4F, 0x4F, 0x73, 0x73, 0x73, 0x73, 0x73, 0x73, 0x55, 0x55, 0x73, 0x73, 0x73, 0x73, 0x73, 0x73, 0x73, 0x73,
    0x0D, 0x0D, 0x0D, 0x43, 0x43, 0x73, 0x73, 0x73, 0x05, 0x05, 0x05, 0x05, 0x0D, 0x0D, 0x0D, 0x0D, 0x05, 0x05, 0x05, 0x05, 0x05, 0x05, 0x05, 0x05, 0x0D, 0x05, 0x05, 0x05, 0x05, 0x05, 0x05, 0x05,
    0x4F, 0x4F, 0x4F, 0x4F, 0x4F, 0x4F, 0x4F, 0x4F, 0x4F, 0x4F, 0x4F, 0x4F, 0x4F, 0x4F, 0x4F, 0x4F, 0x55, 0x55, 0x4F, 0x4F, 0x4F, 0x4F, 0x4F, 0x4F, 0x73, 0x73, 0x73, 0x73, 0x55, 0x55, 0x55, 0x55,
    0x73, 0x73, 0x73, 0x73, 0x73, 0x73, 0x73, 0x73, 0x43, 0x43, 0x43, 0x73, 0x73, 0x73, 0x73, 0x73, 0x05, 0x05, 0x0D, 0x0D, 0x0D, 0x0D, 0x0D, 0x43, 0x05, 0x05, 0x05, 0x05, 0x05, 0x05, 0x05, 0x05,
    0x2A, 0x2A, 0x2A, 0x2A, 0x2A, 0x2A, 0x2A, 0x2A, 0x4F, 0x2A, 0x2A, 0x2A, 0x2A, 0x2A, 0x2A, 0x2A, 0x4F, 0x4F, 0x2A, 0x2A, 0x2A, 0x2A, 0x2A, 0x2A, 0x55, 0x4F, 0x4F, 0x4F, 0x2A, 0x2A, 0x2A, 0x2A,
    0x73, 0x73, 0x73, 0x55, 0x55, 0x55, 0x55, 0x55, 0x73, 0x73, 0x73, 0x73, 0x73, 0x73, 0x73, 0x73, 0x43, 0x43, 0x73, 0x73, 0x73, 0x73, 0x73, 0x73, 0x05, 0x0D, 0x0D, 0x0D, 0x0D, 0x0D, 0x43, 0x43,
    0x2A, 0x2A, 0x2A, 0x2A, 0x2A, 0x55, 0x73, 0x73, 0x2A, 0x2A, 0x2A, 0x2A, 0x4F, 0x55, 0x73, 0x73, 0x2A, 0x2A, 0x2A, 0x2A, 0x55, 0x73, 0x73, 0x55, 0x2A, 0x2A, 0x2A, 0x4F, 0x55, 0x73, 0x73, 0x55,
    0x4F, 0x4F, 0x4F, 0x4F, 0x55, 0x73, 0x73, 0x55, 0x73, 0x73, 0x55, 0x55, 0x73, 0x73, 0x55, 0x55, 0x73, 0x73, 0x73, 0x73, 0x73, 0x73, 0x73, 0x73, 0x43, 0x73, 0x73, 0x73, 0x73, 0x73, 0x73, 0x73,
    0x55, 0x4F, 0x4F, 0x2A, 0x2A, 0x2A, 0x2A, 0x2A, 0x55, 0x4F, 0x2A, 0x2A, 0x2A, 0x2A, 0x2A, 0x2A, 0x4F, 0x2A, 0x2A, 0x2A, 0x2A, 0x2A, 0x2A, 0x2A, 0x4F, 0x2A, 0x2A, 0x2A, 0x2A, 0x2A, 0x2A, 0x2A,
    0x4F, 0x4F, 0x2A, 0x2A, 0x2A, 0x2A, 0x2A, 0x2A, 0x55, 0x4F, 0x4F, 0x4F, 0x4F, 0x4F, 0x2A, 0x2A, 0x73, 0x73, 0x55, 0x55, 0x55, 0x55, 0x55, 0x55, 0x73, 0x73, 0x73, 0x73, 0x73, 0x73, 0x73, 0x73,
    0x2A, 0x2A, 0x2A, 0x2A, 0x2A, 0x2A, 0x2A, 0x2A, 0x2A, 0x2A, 0x2A, 0x2A, 0x2A, 0x2A, 0x2A, 0x2A, 0x2A, 0x2A, 0x2A, 0x2A, 0x2A, 0x2A, 0x2A, 0x2A, 0x2A, 0x2A, 0x2A, 0x2A, 0x2A, 0x2A, 0x4F, 0x4F,
    0x2A, 0x2A, 0x2A, 0x2A, 0x4F, 0x4F, 0x4F, 0x4F, 0x2A, 0x2A, 0x4F, 0x4F, 0x4F, 0x4F, 0x4F, 0x4F, 0x55, 0x55, 0x55, 0x55, 0x4F, 0x4F, 0x4F, 0x4F, 0x73, 0x73, 0x73, 0x73, 0x73, 0x73, 0x55, 0x55,
    0x2A, 0x2A, 0x2A, 0x4F, 0x4F, 0x4F, 0x2A, 0x2A, 0x2A, 0x2A, 0x4F, 0x4F, 0x4F, 0x4F, 0x4F, 0x2A, 0x4F, 0x4F, 0x4F, 0x4F, 0x4F, 0x4F, 0x4F, 0x4F, 0x4F, 0x4F, 0x4F, 0x4F, 0x4F, 0x4F, 0x4F, 0x4F,
    0x4F, 0x4F, 0x4F, 0x4F, 0x4F, 0x4F, 0x4F, 0x4F, 0x4F, 0x4F, 0x4F, 0x4F, 0x4F, 0x4F, 0x4F, 0x4F, 0x4F, 0x4F, 0x4F, 0x4F, 0x4F, 0x4F, 0x4F, 0x4F, 0x55, 0x55, 0x55, 0x55, 0x55, 0x55, 0x55, 0x55,
    0x2A, 0x2A, 0x2A, 0x2A, 0x2A, 0x2A, 0x2A, 0x2A, 0x2A, 0x2A, 0x2A, 0x2A, 0x2A, 0x2A, 0x2A, 0x2A, 0x2A, 0x2A, 0x2A, 0x2A, 0x2A, 0x2A, 0x2A, 0x2A, 0x4F, 0x4F, 0x2A, 0x2A, 0x2A, 0x2A, 0x2A, 0x2A,
    0x4F, 0x4F, 0x4F, 0x2A, 0x2A, 0x2A, 0x2A, 0x2A, 0x4F, 0x4F, 0x4F, 0x4F, 0x4F, 0x2A, 0x2A, 0x2A, 0x4F, 0x4F, 0x4F, 0x4F, 0x4F, 0x4F, 0x4F, 0x4F, 0x55, 0x55, 0x55, 0x55, 0x55, 0x55, 0x55, 0x55,
    0x2A, 0x2A, 0x2A, 0x2A, 0x2A, 0x4F, 0x55, 0x73, 0x2A, 0x2A, 0x2A, 0x2A, 0x2A, 0x4F, 0x55, 0x73, 0x2A, 0x2A, 0x2A, 0x2A, 0x2A, 0x4F, 0x55, 0x73, 0x2A, 0x2A, 0x2A, 0x2A, 0x2A, 0x4F, 0x55, 0x73,
    0x2A, 0x2A, 0x2A, 0x2A, 0x2A, 0x4F, 0x55, 0x73, 0x2A, 0x2A, 0x2A, 0x2A, 0x2A, 0x4F, 0x55, 0x73, 0x4F, 0x4F, 0x4F, 0x4F, 0x4F, 0x4F, 0x55, 0x73, 0x55, 0x55, 0x55, 0x55, 0x55, 0x55, 0x55, 0x73,
    0x73, 0x55, 0x4F, 0x2A, 0x2A, 0x2A, 0x2A, 0x2A, 0x73, 0x55, 0x4F, 0x2A, 0x2A, 0x2A, 0x2A, 0x2A, 0x73, 0x55, 0x4F, 0x2A, 0x2A, 0x2A, 0x2A, 0x2A, 0x73, 0x55, 0x4F, 0x2A, 0x2A, 0x2A, 0x2A, 0x2A,
    0x73, 0x55, 0x4F, 0x2A, 0x2A, 0x2A, 0x2A, 0x2A, 0x73, 0x55, 0x4F, 0x2A, 0x2A, 0x2A, 0x2A, 0x2A, 0x73, 0x55, 0x4F, 0x4F, 0x4F, 0x4F, 0x4F, 0x4F, 0x73, 0x55, 0x55, 0x55, 0x55, 0x55, 0x55, 0x55,
    0x2A, 0x2A, 0x2A, 0x2A, 0x2A, 0x2A, 0x2A, 0x2A, 0x2A, 0x2A, 0x2A, 0x2A, 0x2A, 0x2A, 0x2A, 0x2A, 0x2A, 0x2A, 0x2A, 0x2A, 0x2A, 0x2A, 0x2A, 0x2A, 0x2A, 0x2A, 0x2A, 0x2A, 0x2A, 0x2A, 0x4F, 0x4F,
    0x2A, 0x2A, 0x2A, 0x2A, 0x2A, 0x4F, 0x4F, 0x4F, 0x2A, 0x2A, 0x2A, 0x4F, 0x4F, 0x4F, 0x4F, 0x4F, 0x4F, 0x4F, 0x4F, 0x4F, 0x4F, 0x4F, 0x4F, 0x4F, 0x55, 0x55, 0x55, 0x55, 0x55, 0x55, 0x55, 0x55,
    0x2A, 0x2A, 0x4F, 0x4F, 0x4F, 0x2A, 0x2A, 0x2A, 0x2A, 0x4F, 0x4F, 0x4F, 0x4F, 0x4F, 0x2A, 0x2A, 0x4F, 0x4F, 0x4F, 0x4F, 0x4F, 0x4F, 0x4F, 0x4F, 0x4F, 0x4F, 0x4F, 0x4F, 0x4F, 0x4F, 0x4F, 0x4F,
    0x4F, 0x4F, 0x4F, 0x4F, 0x4F, 0x4F, 0x4F, 0x4F, 0x4F, 0x4F, 0x4F, 0x4F, 0x4F, 0x4F, 0x4F, 0x4F, 0x4F, 0x4F, 0x4F, 0x4F, 0x4F, 0x4F, 0x4F, 0x4F, 0x55, 0x55, 0x55, 0x55, 0x55, 0x55, 0x55, 0x55,
    0x2A, 0x2A, 0x2A, 0x2A, 0x2A, 0x2A, 0x2A, 0x2A, 0x2A, 0x2A, 0x2A, 0x2A, 0x2A, 0x2A, 0x2A, 0x2A, 0x2A, 0x2A, 0x2A, 0x2A, 0x2A, 0x2A, 0x2A, 0x2A, 0x4F, 0x4F, 0x2A, 0x2A, 0x2A, 0x2A, 0x2A, 0x2A,
    0x4F, 0x4F, 0x4F, 0x4F, 0x2A, 0x2A, 0x2A, 0x2A, 0x4F, 0x4F, 0x4F, 0x4F, 0x4F, 0x4F, 0x2A, 0x2A, 0x4F, 0x4F, 0x4F, 0x4F, 0x55, 0x55, 0x55, 0x55, 0x55, 0x55, 0x73, 0x73, 0x73, 0x73, 0x73, 0x73,
    0x2A, 0x2A, 0x2A, 0x2A, 0x2A, 0x4F, 0x4F, 0x55, 0x2A, 0x2A, 0x2A, 0x2A, 0x2A, 0x2A, 0x4F, 0x55, 0x2A, 0x2A, 0x2A, 0x2A, 0x2A, 0x2A, 0x2A, 0x4F, 0x2A, 0x2A, 0x2A, 0x2A, 0x2A, 0x2A, 0x2A, 0x4F,
    0x2A, 0x2A, 0x2A, 0x2A, 0x2A, 0x2A, 0x4F, 0x4F, 0x2A, 0x2A, 0x4F, 0x4F, 0x4F, 0x4F, 0x4F, 0x55, 0x55, 0x55, 0x55, 0x55, 0x55, 0x55, 0x73, 0x73, 0x73, 0x73, 0x73, 0x73, 0x73, 0x73, 0x73, 0x73,
    0x73, 0x73, 0x55, 0x2A, 0x2A, 0x2A, 0x2A, 0x2A, 0x73, 0x73, 0x55, 0x4F, 0x2A, 0x2A, 0x2A, 0x2A, 0x55, 0x73, 0x73, 0x55, 0x2A, 0x2A, 0x2A, 0x2A, 0x55, 0x73, 0x73, 0x55, 0x4F, 0x2A, 0x2A, 0x2A,
    0x55, 0x73, 0x73, 0x55, 0x4F, 0x4F, 0x4F, 0x4F, 0x55, 0x55, 0x73, 0x73, 0x55, 0x55, 0x73, 0x73, 0x73, 0x73, 0x73, 0x73, 0x73, 0x73, 0x73, 0x73, 0x73, 0x73, 0x73, 0x73, 0x73, 0x73, 0x73, 0x43,
    0x2A, 0x2A, 0x2A, 0x2A, 0x2A, 0x2A, 0x2A, 0x2A, 0x2A, 0x2A, 0x2A, 0x2A, 0x2A, 0x2A, 0x2A, 0x4F, 0x2A, 0x2A, 0x2A, 0x2A, 0x2A, 0x2A, 0x4F, 0x4F, 0x2A, 0x2A, 0x2A, 0x2A, 0x4F, 0x4F, 0x4F, 0x55,
    0x55, 0x55, 0x55, 0x55, 0x55, 0x73, 0x73, 0x73, 0x73, 0x73, 0x73, 0x73, 0x73, 0x73, 0x73, 0x73, 0x73, 0x73, 0x73, 0x73, 0x73, 0x73, 0x43, 0x43, 0x43, 0x43, 0x0D, 0x0D, 0x0D, 0x0D, 0x0D, 0x05,
    0x4F, 0x4F, 0x4F, 0x4F, 0x4F, 0x4F, 0x4F, 0x4F, 0x4F, 0x4F, 0x4F, 0x4F, 0x4F, 0x4F, 0x4F, 0x4F, 0x4F, 0x4F, 0x4F, 0x4F, 0x4F, 0x4F, 0x55, 0x55, 0x55, 0x55, 0x55, 0x55, 0x73, 0x73, 0x73, 0x73,
    0x73, 0x73, 0x73, 0x73, 0x73, 0x73, 0x73, 0x73, 0x73, 0x73, 0x73, 0x73, 0x73, 0x43, 0x43, 0x43, 0x43, 0x0D, 0x0D, 0x0D, 0x0D, 0x0D, 0x05, 0x05, 0x05, 0x05, 0x05, 0x05, 0x05, 0x05, 0x05, 0x05,
    0x4F, 0x4F, 0x4F, 0x4F, 0x4F, 0x4F, 0x4F, 0x4F, 0x4F, 0x4F, 0x4F, 0x4F, 0x55, 0x55, 0x55, 0x73, 0x55, 0x55, 0x73, 0x73, 0x73, 0x73, 0x73, 0x73, 0x73, 0x73, 0x73, 0x73, 0x73, 0x73, 0x73, 0x73,
    0x73, 0x73, 0x73, 0x43, 0x43, 0x0D, 0x0D, 0x0D, 0x0D, 0x0D, 0x0D, 0x0D, 0x05, 0x05, 0x05, 0x05, 0x05, 0x05, 0x05, 0x05, 0x05, 0x05, 0x05, 0x05, 0x05, 0x05, 0x05, 0x05, 0x05, 0x05, 0x05, 0x0D,
    0x4F, 0x55, 0x55, 0x55, 0x73, 0x73, 0x73, 0x73, 0x73, 0x73, 0x73, 0x73, 0x73, 0x73, 0x73, 0x73, 0x73, 0x73, 0x73, 0x73, 0x73, 0x43, 0x43, 0x0D, 0x43, 0x43, 0x0D, 0x0D, 0x0D, 0x0D, 0x05, 0x05,
    0x0D, 0x05, 0x05, 0x05, 0x05, 0x05, 0x05, 0x05, 0x05, 0x05, 0x05, 0x05, 0x05, 0x05, 0x05, 0x05, 0x05, 0x05, 0x05, 0x05, 0x0D, 0x0D, 0x0D, 0x0D, 0x0D, 0x0D, 0x0D, 0x43, 0x43, 0x73, 0x73, 0x73,
    0x73, 0x73, 0x73, 0x73, 0x73, 0x43, 0x43, 0x0D, 0x73, 0x43, 0x43, 0x0D, 0x0D, 0x0D, 0x0D, 0x0D, 0x0D, 0x0D, 0x05, 0x05, 0x05, 0x05, 0x05, 0x05, 0x05, 0x05, 0x05, 0x05, 0x05, 0x05, 0x05, 0x05,
    0x05, 0x05, 0x05, 0x05, 0x05, 0x0D, 0x0D, 0x0D, 0x05, 0x0D, 0x0D, 0x0D, 0x43, 0x43, 0x73, 0x73, 0x43, 0x43, 0x73, 0x73, 0x73, 0x73, 0x73, 0x73, 0x73, 0x73, 0x73, 0x73, 0x73, 0x73, 0x73, 0x57,
    0x0D, 0x43, 0x73, 0x73, 0x43, 0x0D, 0x0D, 0x05, 0x0D, 0x0D, 0x43, 0x73, 0x73, 0x43, 0x0D, 0x0D, 0x0D, 0x0D, 0x0D, 0x43, 0x73, 0x73, 0x43, 0x0D, 0x05, 0x0D, 0x0D, 0x43, 0x43, 0x73, 0x73, 0x73,
    0x43, 0x43, 0x73, 0x73, 0x73, 0x73, 0x73, 0x73, 0x73, 0x73, 0x73, 0x73, 0x73, 0x73, 0x73, 0x73, 0x73, 0x73, 0x73, 0x57, 0x57, 0x57, 0x57, 0x73, 0x57, 0x54, 0x54, 0x54, 0x54, 0x54, 0x54, 0x57,
    0x05, 0x05, 0x05, 0x05, 0x05, 0x0D, 0x0D, 0x43, 0x0D, 0x0D, 0x0D, 0x0D, 0x43, 0x43, 0x73, 0x73, 0x43, 0x43, 0x73, 0x73, 0x73, 0x73, 0x73, 0x73, 0x73, 0x73, 0x73, 0x73, 0x73, 0x73, 0x73, 0x57,
    0x73, 0x73, 0x73, 0x57, 0x57, 0x54, 0x54, 0x54, 0x57, 0x54, 0x54, 0x54, 0x2B, 0x2B, 0x2B, 0x2B, 0x73, 0x57, 0x54, 0x54, 0x54, 0x2B, 0x2B, 0x2B, 0x73, 0x73, 0x57, 0x54, 0x54, 0x54, 0x54, 0x57,
    0x43, 0x73, 0x73, 0x73, 0x73, 0x73, 0x73, 0x73, 0x73, 0x73, 0x73, 0x73, 0x73, 0x57, 0x57, 0x54, 0x73, 0x73, 0x57, 0x57, 0x54, 0x54, 0x2B, 0x2B, 0x57, 0x54, 0x54, 0x2B, 0x2B, 0x2B, 0x2B, 0x2B,
    0x2B, 0x2B, 0x2B, 0x2B, 0x2B, 0x2B, 0x2B, 0x54, 0x2B, 0x2B, 0x2B, 0x2B, 0x54, 0x54, 0x57, 0x57, 0x54, 0x54, 0x54, 0x57, 0x57, 0x73, 0x73, 0x73, 0x57, 0x73, 0x73, 0x73, 0x73, 0x73, 0x73, 0x73,
    0x57, 0x57, 0x54, 0x54, 0x2B, 0x2B, 0x2B, 0x2B, 0x54, 0x2B, 0x2B, 0x2B, 0x2B, 0x2B, 0x2B, 0x54, 0x2B, 0x2B, 0x2B, 0x2B, 0x54, 0x54, 0x57, 0x57, 0x2B, 0x2B, 0x54, 0x57, 0x57, 0x73, 0x73, 0x73,
    0x54, 0x57, 0x73, 0x73, 0x73, 0x73, 0x73, 0x73, 0x73, 0x73, 0x73, 0x73, 0x73, 0x73, 0x73, 0x73, 0x73, 0x73, 0x73, 0x73, 0x73, 0x73, 0x57, 0x57, 0x73, 0x73, 0x73, 0x57, 0x57, 0x57, 0x73, 0x73,
    0x2B, 0x2B, 0x54, 0x54, 0x57, 0x57, 0x73, 0x73, 0x54, 0x57, 0x57, 0x73, 0x73, 0x73, 0x73, 0x73, 0x73, 0x73, 0x73, 0x73, 0x73, 0x73, 0x73, 0x73, 0x73, 0x73, 0x73, 0x73, 0x73, 0x73, 0x73, 0x57,
    0x73, 0x73, 0x73, 0x73, 0x57, 0x57, 0x57, 0x73, 0x73, 0x57, 0x57, 0x57, 0x73, 0x73, 0x73, 0x73, 0x57, 0x73, 0x73, 0x73, 0x73, 0x73, 0x73, 0x73, 0x73, 0x73, 0x73, 0x73, 0x73, 0x73, 0x73, 0x73,
    0x73, 0x73, 0x73, 0x73, 0x73, 0x73, 0x57, 0x57, 0x73, 0x73, 0x73, 0x73, 0x57, 0x57, 0x73, 0x73, 0x73, 0x73, 0x57, 0x57, 0x73, 0x73, 0x73, 0x73, 0x57, 0x57, 0x73, 0x73, 0x73, 0x73, 0x73, 0x73,
    0x73, 0x73, 0x73, 0x73, 0x73, 0x73, 0x73, 0x73, 0x73, 0x73, 0x73, 0x73, 0x73, 0x73, 0x73, 0x73, 0x73, 0x73, 0x73, 0x73, 0x73, 0x73, 0x73, 0x73, 0x73, 0x73, 0x73, 0x73, 0x73, 0x73, 0x73, 0x73,
    0x73, 0x73, 0x73, 0x73, 0x73, 0x73, 0x73, 0x73, 0x73, 0x73, 0x73, 0x73, 0x73, 0x73, 0x73, 0x73, 0x73, 0x73, 0x73, 0x73, 0x73, 0x73, 0x73, 0x73, 0x73, 0x73, 0x73, 0x73, 0x73, 0x73, 0x73, 0x73,
    0x73, 0x73, 0x73, 0x73, 0x73, 0x73, 0x73, 0x73, 0x73, 0x73, 0x73, 0x73, 0x73, 0x73, 0x73, 0x73, 0x73, 0x73, 0x73, 0x73, 0x73, 0x73, 0x73, 0x73, 0x73, 0x73, 0x73, 0x73, 0x73, 0x73, 0x73, 0x73,
    0x73, 0x73, 0x73, 0x73, 0x73, 0x73, 0x73, 0x73, 0x73, 0x73, 0x73, 0x73, 0x73, 0x73, 0x73, 0x73, 0x73, 0x73, 0x73, 0x73, 0x73, 0x73, 0x73, 0x73, 0x73, 0x73, 0x73, 0x73, 0x73, 0x73, 0x73, 0x73,
    0x73, 0x73, 0x73, 0x73, 0x73, 0x73, 0x73, 0x73, 0x73, 0x73, 0x73, 0x73, 0x73, 0x73, 0x73, 0x73, 0x73, 0x73, 0x73, 0x73, 0x73, 0x73, 0x73, 0x73, 0x73, 0x73, 0x73, 0x73, 0x73, 0x73, 0x73, 0x73,
    0x73, 0x73, 0x73, 0x73, 0x73, 0x73, 0x73, 0x73, 0x73, 0x73, 0x73, 0x73, 0x73, 0x73, 0x73, 0x73, 0x73, 0x73, 0x73, 0x73, 0x73, 0x73, 0x73, 0x73, 0x73, 0x73, 0x73, 0x73, 0x73, 0x73, 0x73, 0x73,
    0x73, 0x73, 0x73, 0x73, 0x73, 0x73, 0x73, 0x73, 0x73, 0x73, 0x73, 0x73, 0x73, 0x73, 0x73, 0x73, 0x73, 0x73, 0x73, 0x73, 0x73, 0x73, 0x73, 0x73, 0x73, 0x73, 0x73, 0x73, 0x73, 0x73, 0x73, 0x73,
    0x73, 0x73, 0x73, 0x73, 0x73, 0x73, 0x73, 0x73, 0x73, 0x73, 0x73, 0x73, 0x73, 0x73, 0x73, 0x73, 0x73, 0x73, 0x73, 0x73, 0x73, 0x73, 0x73, 0x73, 0x73, 0x73, 0x73, 0x73, 0x73, 0x73, 0x73, 0x73,
    0x73, 0x73, 0x73, 0x73, 0x73, 0x73, 0x73, 0x73, 0x73, 0x73, 0x73, 0x73, 0x73, 0x73, 0x73, 0x73, 0x73, 0x73, 0x73, 0x73, 0x73, 0x73, 0x73, 0x73, 0x73, 0x73, 0x73, 0x73, 0x73, 0x73, 0x73, 0x73,
    0x73, 0x73, 0x73, 0x73, 0x73, 0x73, 0x73, 0x73, 0x73, 0x73, 0x73, 0x73, 0x73, 0x73, 0x73, 0x73, 0x73, 0x73, 0x73, 0x73, 0x73, 0x73, 0x73, 0x73, 0x73, 0x73, 0x73, 0x73, 0x73, 0x73, 0x73, 0x73,
    0x73, 0x73, 0x73, 0x73, 0x73, 0x73, 0x73, 0x73, 0x73, 0x73, 0x73, 0x73, 0x73, 0x73, 0x73, 0x73, 0x73, 0x73, 0x73, 0x73, 0x73, 0x73, 0x73, 0x73, 0x73, 0x73, 0x73, 0x73, 0x73, 0x73, 0x73, 0x73,
    0x73, 0x73, 0x73, 0x73, 0x73, 0x73, 0x73, 0x73, 0x73, 0x73, 0x73, 0x73, 0x73, 0x73, 0x73, 0x73, 0x73, 0x73, 0x73, 0x73, 0x73, 0x73, 0x73, 0x73, 0x73, 0x73, 0x73, 0x73, 0x73, 0x73, 0x73, 0x73,
    0x73, 0x73, 0x73, 0x73, 0x73, 0x73, 0x73, 0x73, 0x73, 0x73, 0x73, 0x73, 0x73, 0x73, 0x73, 0x73, 0x73, 0x73, 0x73, 0x73, 0x73, 0x73, 0x73, 0x73, 0x73, 0x73, 0x73, 0x73, 0x73, 0x73, 0x73, 0x73,
    0x73, 0x73, 0x73, 0x73, 0x73, 0x73, 0x73, 0x73, 0x73, 0x73, 0x73, 0x73, 0x73, 0x73, 0x73, 0x73, 0x73, 0x73, 0x73, 0x73, 0x73, 0x73, 0x73, 0x73, 0x73, 0x73, 0x73, 0x73, 0x73, 0x73, 0x73, 0x73,
    0x73, 0x73, 0x73, 0x73, 0x73, 0x73, 0x73, 0x73, 0x73, 0x73, 0x73, 0x73, 0x73, 0x73, 0x73, 0x73, 0x73, 0x73, 0x73, 0x73, 0x73, 0x73, 0x73, 0x73, 0x73, 0x73, 0x73, 0x73, 0x73, 0x73, 0x73, 0x73,
    0x73, 0x73, 0x73, 0x73, 0x73, 0x73, 0x73, 0x73, 0x73, 0x73, 0x73, 0x73, 0x73, 0x73, 0x73, 0x73, 0x73, 0x73, 0x73, 0x73, 0x73, 0x73, 0x73, 0x73, 0x73, 0x73, 0x73, 0x73, 0x73, 0x73, 0x73, 0x73,
    0x73, 0x73, 0x73, 0x73, 0x73, 0x73, 0x73, 0x73, 0x73, 0x73, 0x73, 0x73, 0x73, 0x73, 0x73, 0x73, 0x73, 0x73, 0x73, 0x73, 0x73, 0x73, 0x73, 0x73, 0x73, 0x73, 0x73, 0x73, 0x73, 0x73, 0x73, 0x73,
    0x73, 0x73, 0x73, 0x73, 0x73, 0x73, 0x73, 0x73, 0x73, 0x73, 0x73, 0x73, 0x73, 0x73, 0x73, 0x73, 0x73, 0x73, 0x73, 0x73, 0x73, 0x73, 0x73, 0x73, 0x73, 0x73, 0x73, 0x73, 0x73, 0x73, 0x73, 0x73,
    0x73, 0x73, 0x73, 0x73, 0x73, 0x73, 0x73, 0x73, 0x73, 0x73, 0x73, 0x73, 0x73, 0x73, 0x73, 0x73, 0x73, 0x73, 0x73, 0x73, 0x73, 0x73, 0x73, 0x73, 0x73, 0x73, 0x73, 0x73, 0x73, 0x73, 0x73, 0x73,
    0x73, 0x73, 0x73, 0x73, 0x73, 0x73, 0x73, 0x73, 0x73, 0x73, 0x73, 0x73, 0x73, 0x73, 0x73, 0x73, 0x73, 0x73, 0x73, 0x73, 0x73, 0x73, 0x73, 0x73, 0x73, 0x73, 0x73, 0x73, 0x73, 0x73, 0x73, 0x73,
    0x73, 0x73, 0x73, 0x73, 0x73, 0x73, 0x73, 0x73, 0x73, 0x73, 0x73, 0x73, 0x73, 0x73, 0x73, 0x73, 0x73, 0x73, 0x73, 0x73, 0x73, 0x73, 0x73, 0x73, 0x73, 0x73, 0x73, 0x73, 0x73, 0x73, 0x73, 0x73,
    0x73, 0x73, 0x73, 0x73, 0x73, 0x73, 0x73, 0x73, 0x73, 0x73, 0x73, 0x73, 0x73, 0x73, 0x73, 0x73, 0x73, 0x73, 0x73, 0x73, 0x73, 0x73, 0x73, 0x73, 0x73, 0x73, 0x73, 0x73, 0x73, 0x73, 0x73, 0x73,
    0x73, 0x73, 0x73, 0x73, 0x73, 0x73, 0x73, 0x73, 0x73, 0x73, 0x73, 0x73, 0x73, 0x73, 0x73, 0x73, 0x73, 0x73, 0x73, 0x73, 0x73, 0x73, 0x73, 0x73, 0x73, 0x73, 0x73, 0x73, 0x73, 0x73, 0x73, 0x73,
    0x73, 0x73, 0x73, 0x73, 0x55, 0x41, 0x1B, 0x6F, 0x73, 0x73, 0x73, 0x73, 0x55, 0x41, 0x1B, 0x6F, 0x73, 0x73, 0x73, 0x73, 0x55, 0x41, 0x1B, 0x6F, 0x73, 0x73, 0x73, 0x73, 0x55, 0x41, 0x1B, 0x6F,
    0x73, 0x73, 0x73, 0x73, 0x55, 0x41, 0x1B, 0x6F, 0x73, 0x73, 0x73, 0x73, 0x55, 0x41, 0x1B, 0x6F, 0x73, 0x73, 0x73, 0x73, 0x55, 0x50, 0x1B, 0x6F, 0x73, 0x73, 0x73, 0x73, 0x55, 0x50, 0x1B, 0x6F,
    0x6F, 0x1B, 0x50, 0x55, 0x73, 0x73, 0x73, 0x73, 0x6F, 0x1B, 0x50, 0x55, 0x73, 0x73, 0x73, 0x73, 0x6F, 0x1B, 0x50, 0x73, 0x73, 0x73, 0x73, 0x73, 0x6F, 0x1B, 0x50, 0x73, 0x73, 0x73, 0x73, 0x73,
    0x6F, 0x1B, 0x50, 0x73, 0x73, 0x73, 0x73, 0x73, 0x6F, 0x41, 0x50, 0x73, 0x73, 0x73, 0x73, 0x73, 0x6F, 0x41, 0x55, 0x73, 0x73, 0x73, 0x73, 0x73, 0x6F, 0x41, 0x55, 0x73, 0x73, 0x73, 0x73, 0x73,
    0x73, 0x73, 0x73, 0x73, 0x73, 0x73, 0x73, 0x73, 0x73, 0x73, 0x73, 0x73, 0x73, 0x73, 0x73, 0x73, 0x73, 0x73, 0x73, 0x73, 0x73, 0x73, 0x73, 0x73, 0x73, 0x73, 0x73, 0x73, 0x73, 0x73, 0x4E, 0x73,
    0x73, 0x73, 0x73, 0x73, 0x73, 0x4E, 0x4E, 0x73, 0x73, 0x73, 0x73, 0x73, 0x73, 0x4E, 0x3C, 0x4E, 0x73, 0x73, 0x73, 0x73, 0x73, 0x4E, 0x3C, 0x3C, 0x73, 0x73, 0x73, 0x73, 0x73, 0x4E, 0x3C, 0x3C,
    0x73, 0x73, 0x73, 0x73, 0x73, 0x73, 0x73, 0x73, 0x73, 0x73, 0x73, 0x73, 0x73, 0x73, 0x73, 0x73, 0x73, 0x73, 0x73, 0x73, 0x73, 0x73, 0x73, 0x73, 0x73, 0x73, 0x73, 0x73, 0x73, 0x73, 0x73, 0x73,
    0x73, 0x73, 0x73, 0x73, 0x73, 0x73, 0x73, 0x73, 0x73, 0x73, 0x73, 0x73, 0x73, 0x73, 0x73, 0x73, 0x73, 0x73, 0x73, 0x73, 0x73, 0x73, 0x73, 0x73, 0x4E, 0x73, 0x73, 0x73, 0x73, 0x73, 0x73, 0x73,
    0x73, 0x73, 0x73, 0x73, 0x73, 0x73, 0x73, 0x73, 0x73, 0x73, 0x73, 0x73, 0x73, 0x73, 0x73, 0x73, 0x73, 0x73, 0x73, 0x73, 0x73, 0x73, 0x73, 0x73, 0x73, 0x73, 0x73, 0x73, 0x73, 0x73, 0x73, 0x73,
    0x73, 0x73, 0x73, 0x73, 0x73, 0x73, 0x73, 0x73, 0x73, 0x73, 0x73, 0x73, 0x73, 0x73, 0x73, 0x73, 0x73, 0x73, 0x73, 0x73, 0x73, 0x73, 0x73, 0x73, 0x73, 0x73, 0x73, 0x73, 0x73, 0x73, 0x73, 0x73,
    0x73, 0x73, 0x73, 0x73, 0x73, 0x73, 0x73, 0x73, 0x73, 0x73, 0x73, 0x73, 0x73, 0x73, 0x73, 0x73, 0x73, 0x73, 0x73, 0x73, 0x73, 0x73, 0x73, 0x73, 0x73, 0x73, 0x73, 0x73, 0x73, 0x73, 0x73, 0x73,
    0x73, 0x73, 0x73, 0x73, 0x73, 0x73, 0x73, 0x73, 0x73, 0x73, 0x73, 0x73, 0x73, 0x73, 0x73, 0x73, 0x73, 0x73, 0x73, 0x73, 0x73, 0x73, 0x73, 0x73, 0x73, 0x73, 0x73, 0x73, 0x73, 0x73, 0x73, 0x73,
    0x73, 0x73, 0x73, 0x73, 0x73, 0x73, 0x73, 0x73, 0x73, 0x73, 0x73, 0x73, 0x73, 0x73, 0x73, 0x73, 0x73, 0x73, 0x73, 0x73, 0x73, 0x73, 0x73, 0x73, 0x73, 0x73, 0x73, 0x73, 0x73, 0x73, 0x73, 0x73,
    0x73, 0x73, 0x73, 0x73, 0x73, 0x73, 0x73, 0x73, 0x73, 0x73, 0x73, 0x73, 0x73, 0x73, 0x73, 0x73, 0x73, 0x73, 0x73, 0x73, 0x73, 0x73, 0x73, 0x73, 0x73, 0x73, 0x73, 0x73, 0x73, 0x73, 0x73, 0x73,
    0x73, 0x73, 0x73, 0x73, 0x73, 0x73, 0x73, 0x73, 0x73, 0x73, 0x73, 0x73, 0x73, 0x73, 0x73, 0x73, 0x73, 0x73, 0x73, 0x73, 0x73, 0x73, 0x73, 0x73, 0x73, 0x73, 0x73, 0x73, 0x73, 0x73, 0x73, 0x73,
    0x73, 0x73, 0x73, 0x73, 0x73, 0x73, 0x73, 0x73, 0x73, 0x73, 0x73, 0x73, 0x73, 0x73, 0x73, 0x73, 0x73, 0x73, 0x73, 0x73, 0x73, 0x73, 0x73, 0x73, 0x73, 0x73, 0x73, 0x73, 0x73, 0x73, 0x73, 0x73,
    0x73, 0x73, 0x73, 0x73, 0x73, 0x73, 0x73, 0x73, 0x73, 0x73, 0x73, 0x73, 0x73, 0x73, 0x73, 0x73, 0x73, 0x73, 0x73, 0x73, 0x73, 0x73, 0x73, 0x73, 0x73, 0x73, 0x73, 0x73, 0x73, 0x73, 0x73, 0x73,
    0x73, 0x73, 0x73, 0x73, 0x73, 0x73, 0x73, 0x73, 0x73, 0x73, 0x73, 0x73, 0x73, 0x73, 0x73, 0x73, 0x73, 0x73, 0x73, 0x73, 0x73, 0x73, 0x73, 0x73, 0x73, 0x73, 0x73, 0x73, 0x73, 0x73, 0x73, 0x73,
    0x73, 0x73, 0x73, 0x73, 0x73, 0x73, 0x73, 0x73, 0x73, 0x73, 0x73, 0x73, 0x73, 0x73, 0x73, 0x73, 0x73, 0x73, 0x73, 0x73, 0x73, 0x73, 0x73, 0x73, 0x73, 0x73, 0x73, 0x73, 0x73, 0x73, 0x73, 0x73,
    0x73, 0x73, 0x73, 0x73, 0x73, 0x73, 0x73, 0x73, 0x73, 0x73, 0x73, 0x73, 0x73, 0x73, 0x73, 0x73, 0x73, 0x73, 0x73, 0x73, 0x73, 0x73, 0x73, 0x73, 0x73, 0x73, 0x73, 0x73, 0x73, 0x73, 0x73, 0x73,
    0x73, 0x73, 0x73, 0x73, 0x73, 0x73, 0x73, 0x73, 0x73, 0x73, 0x73, 0x73, 0x73, 0x73, 0x73, 0x73, 0x73, 0x73, 0x73, 0x73, 0x73, 0x73, 0x73, 0x73, 0x73, 0x73, 0x73, 0x73, 0x73, 0x73, 0x73, 0x73,
    0x73, 0x73, 0x73, 0x73, 0x73, 0x73, 0x73, 0x73, 0x73, 0x73, 0x73, 0x73, 0x73, 0x73, 0x73, 0x73, 0x73, 0x73, 0x73, 0x73, 0x73, 0x73, 0x73, 0x73, 0x73, 0x73, 0x73, 0x73, 0x73, 0x73, 0x73, 0x73,
    0x73, 0x73, 0x73, 0x73, 0x73, 0x73, 0x73, 0x73, 0x73, 0x73, 0x73, 0x73, 0x73, 0x73, 0x73, 0x73, 0x73, 0x73, 0x73, 0x73, 0x73, 0x73, 0x73, 0x73, 0x73, 0x73, 0x73, 0x73, 0x73, 0x73, 0x73, 0x73,
    0x73, 0x73, 0x73, 0x73, 0x73, 0x73, 0x73, 0x73, 0x73, 0x73, 0x73, 0x73, 0x73, 0x73, 0x73, 0x73, 0x73, 0x73, 0x73, 0x73, 0x73, 0x73, 0x73, 0x73, 0x73, 0x73, 0x73, 0x73, 0x73, 0x73, 0x73, 0x73,
    0x73, 0x73, 0x73, 0x73, 0x73, 0x73, 0x73, 0x73, 0x73, 0x73, 0x73, 0x73, 0x73, 0x73, 0x73, 0x73, 0x73, 0x73, 0x73, 0x73, 0x73, 0x73, 0x73, 0x73, 0x73, 0x73, 0x73, 0x73, 0x73, 0x73, 0x73, 0x73,
    0x73, 0x73, 0x73, 0x73, 0x73, 0x73, 0x73, 0x73, 0x73, 0x73, 0x73, 0x73, 0x73, 0x73, 0x73, 0x73, 0x73, 0x73, 0x73, 0x73, 0x73, 0x73, 0x73, 0x73, 0x73, 0x73, 0x73, 0x73, 0x73, 0x73, 0x73, 0x73,
    0x73, 0x73, 0x73, 0x73, 0x73, 0x73, 0x73, 0x73, 0x73, 0x73, 0x73, 0x73, 0x73, 0x73, 0x73, 0x73, 0x73, 0x73, 0x73, 0x73, 0x73, 0x73, 0x73, 0x73, 0x73, 0x73, 0x73, 0x73, 0x73, 0x73, 0x73, 0x73,
    0x73, 0x73, 0x73, 0x73, 0x73, 0x73, 0x73, 0x73, 0x73, 0x73, 0x73, 0x73, 0x73, 0x73, 0x73, 0x73, 0x73, 0x73, 0x73, 0x73, 0x73, 0x73, 0x73, 0x73, 0x73, 0x73, 0x73, 0x73, 0x73, 0x73, 0x73, 0x73,
    0x73, 0x73, 0x73, 0x73, 0x73, 0x73, 0x73, 0x73, 0x73, 0x73, 0x73, 0x73, 0x73, 0x73, 0x73, 0x73, 0x73, 0x73, 0x73, 0x73, 0x73, 0x73, 0x73, 0x73, 0x73, 0x73, 0x73, 0x73, 0x73, 0x73, 0x73, 0x73,
    0x73, 0x73, 0x73, 0x73, 0x73, 0x73, 0x73, 0x73, 0x73, 0x73, 0x73, 0x73, 0x73, 0x73, 0x73, 0x73, 0x73, 0x73, 0x73, 0x73, 0x73, 0x73, 0x73, 0x73, 0x73, 0x73, 0x73, 0x73, 0x73, 0x73, 0x73, 0x73,
    0x73, 0x73, 0x73, 0x73, 0x73, 0x57, 0x57, 0x73, 0x73, 0x73, 0x73, 0x73, 0x73, 0x73, 0x73, 0x57, 0x73, 0x73, 0x73, 0x73, 0x73, 0x73, 0x73, 0x73, 0x73, 0x73, 0x73, 0x73, 0x73, 0x73, 0x73, 0x73,
    0x73, 0x73, 0x73, 0x73, 0x73, 0x73, 0x73, 0x73, 0x73, 0x73, 0x73, 0x73, 0x73, 0x73, 0x73, 0x73, 0x73, 0x73, 0x73, 0x73, 0x73, 0x73, 0x73, 0x73, 0x73, 0x73, 0x73, 0x73, 0x73, 0x73, 0x73, 0x73,
    0x73, 0x73, 0x73, 0x73, 0x73, 0x73, 0x73, 0x73, 0x57, 0x57, 0x73, 0x73, 0x73, 0x73, 0x73, 0x73, 0x73, 0x73, 0x57, 0x57, 0x57, 0x57, 0x73, 0x73, 0x73, 0x73, 0x73, 0x73, 0x73, 0x73, 0x57, 0x57,
    0x73, 0x73, 0x73, 0x73, 0x73, 0x73, 0x73, 0x73, 0x73, 0x73, 0x73, 0x73, 0x73, 0x73, 0x73, 0x73, 0x73, 0x73, 0x73, 0x73, 0x73, 0x73, 0x73, 0x73, 0x73, 0x73, 0x73, 0x73, 0x73, 0x73, 0x73, 0x73,
    0x73, 0x73, 0x57, 0x57, 0x57, 0x73, 0x73, 0x57, 0x73, 0x73, 0x73, 0x73, 0x73, 0x73, 0x57, 0x57, 0x73, 0x73, 0x73, 0x73, 0x73, 0x73, 0x73, 0x73, 0x73, 0x73, 0x73, 0x73, 0x73, 0x73, 0x73, 0x73,
    0x57, 0x57, 0x57, 0x73, 0x73, 0x73, 0x73, 0x73, 0x73, 0x73, 0x73, 0x57, 0x57, 0x57, 0x57, 0x57, 0x73, 0x73, 0x73, 0x73, 0x73, 0x73, 0x73, 0x73, 0x73, 0x73, 0x73, 0x73, 0x73, 0x73, 0x73, 0x73,
    0x54, 0x54, 0x54, 0x2B, 0x2B, 0x2B, 0x2B, 0x2B, 0x54, 0x54, 0x54, 0x2B, 0x2B, 0x2B, 0x2B, 0x2B, 0x73, 0x73, 0x57, 0x57, 0x54, 0x54, 0x2B, 0x2B, 0x73, 0x73, 0x73, 0x73, 0x73, 0x57, 0x57, 0x54,
    0x73, 0x73, 0x73, 0x73, 0x73, 0x73, 0x73, 0x73, 0x57, 0x73, 0x73, 0x73, 0x73, 0x73, 0x73, 0x73, 0x73, 0x57, 0x57, 0x57, 0x73, 0x73, 0x73, 0x73, 0x73, 0x73, 0x73, 0x73, 0x57, 0x57, 0x57, 0x57,
    0x54, 0x54, 0x54, 0x57, 0x57, 0x73, 0x73, 0x73, 0x2B, 0x2B, 0x2B, 0x2B, 0x54, 0x54, 0x54, 0x54, 0x2B, 0x2B, 0x2B, 0x2B, 0x2B, 0x2B, 0x2B, 0x2B, 0x54, 0x54, 0x2B, 0x2B, 0x2B, 0x2B, 0x2B, 0x2B,
    0x73, 0x57, 0x57, 0x54, 0x54, 0x54, 0x54, 0x2B, 0x73, 0x73, 0x73, 0x73, 0x73, 0x73, 0x57, 0x57, 0x73, 0x73, 0x73, 0x73, 0x73, 0x73, 0x73, 0x73, 0x73, 0x73, 0x73, 0x73, 0x73, 0x73, 0x73, 0x73,
    0x73, 0x73, 0x73, 0x73, 0x73, 0x73, 0x73, 0x73, 0x57, 0x57, 0x73, 0x73, 0x73, 0x73, 0x73, 0x73, 0x2B, 0x54, 0x54, 0x54, 0x54, 0x57, 0x57, 0x73, 0x2B, 0x2B, 0x2B, 0x2B, 0x2B, 0x2B, 0x54, 0x54,
    0x2B, 0x2B, 0x2B, 0x2B, 0x2B, 0x2B, 0x2B, 0x2B, 0x54, 0x54, 0x54, 0x54, 0x2B, 0x2B, 0x2B, 0x2B, 0x73, 0x73, 0x73, 0x57, 0x57, 0x54, 0x54, 0x54, 0x73, 0x73, 0x73, 0x73, 0x73, 0x73, 0x73, 0x57,
    0x43, 0x43, 0x0D, 0x0D, 0x0D, 0x0D, 0x05, 0x05, 0x73, 0x73, 0x73, 0x73, 0x73, 0x43, 0x43, 0x43, 0x73, 0x73, 0x73, 0x73, 0x73, 0x73, 0x73, 0x73, 0x54, 0x54, 0x57, 0x57, 0x73, 0x73, 0x73, 0x73,
    0x2B, 0x2B, 0x2B, 0x54, 0x54, 0x54, 0x54, 0x54, 0x2B, 0x2B, 0x2B, 0x2B, 0x2B, 0x2B, 0x2B, 0x2B, 0x2B, 0x2B, 0x2B, 0x2B, 0x2B, 0x2B, 0x2B, 0x2B, 0x57, 0x54, 0x54, 0x54, 0x54, 0x2B, 0x2B, 0x2B,
    0x05, 0x05, 0x05, 0x05, 0x05, 0x05, 0x05, 0x05, 0x0D, 0x0D, 0x0D, 0x0D, 0x05, 0x05, 0x05, 0x05, 0x73, 0x73, 0x73, 0x43, 0x43, 0x43, 0x0D, 0x0D, 0x73, 0x73, 0x73, 0x73, 0x73, 0x73, 0x73, 0x73,
    0x57, 0x57, 0x73, 0x73, 0x73, 0x73, 0x73, 0x73, 0x2B, 0x54, 0x54, 0x54, 0x54, 0x54, 0x54, 0x57, 0x2B, 0x2B, 0x2B, 0x2B, 0x2B, 0x2B, 0x2B, 0x2B, 0x2B, 0x2B, 0x2B, 0x2B, 0x2B, 0x2B, 0x2B, 0x2B,
    0x05, 0x05, 0x05, 0x05, 0x05, 0x05, 0x0D, 0x0D, 0x05, 0x05, 0x05, 0x05, 0x05, 0x05, 0x0D, 0x0D, 0x0D, 0x05, 0x05, 0x05, 0x05, 0x05, 0x0D, 0x0D, 0x73, 0x73, 0x43, 0x43, 0x0D, 0x0D, 0x0D, 0x0D,
    0x73, 0x73, 0x73, 0x73, 0x73, 0x73, 0x73, 0x73, 0x57, 0x73, 0x73, 0x73, 0x73, 0x73, 0x73, 0x73, 0x54, 0x54, 0x54, 0x54, 0x54, 0x54, 0x57, 0x57, 0x2B, 0x2B, 0x2B, 0x2B, 0x2B, 0x54, 0x54, 0x57,
    0x43, 0x43, 0x43, 0x73, 0x73, 0x43, 0x43, 0x43, 0x0D, 0x43, 0x43, 0x73, 0x73, 0x43, 0x0D, 0x0D, 0x0D, 0x43, 0x73, 0x73, 0x43, 0x0D, 0x0D, 0x0D, 0x43, 0x43, 0x73, 0x73, 0x43, 0x0D, 0x0D, 0x0D,
    0x73, 0x43, 0x73, 0x73, 0x43, 0x43, 0x43, 0x0D, 0x73, 0x73, 0x73, 0x73, 0x73, 0x73, 0x73, 0x73, 0x73, 0x73, 0x73, 0x73, 0x73, 0x73, 0x73, 0x73, 0x73, 0x73, 0x57, 0x57, 0x54, 0x54, 0x54, 0x57,
    0x43, 0x73, 0x73, 0x73, 0x73, 0x73, 0x73, 0x73, 0x0D, 0x0D, 0x43, 0x43, 0x43, 0x43, 0x43, 0x43, 0x05, 0x05, 0x05, 0x05, 0x05, 0x0D, 0x0D, 0x0D, 0x05, 0x05, 0x05, 0x05, 0x05, 0x05, 0x05, 0x05,
    0x0D, 0x0D, 0x0D, 0x05, 0x05, 0x05, 0x05, 0x05, 0x73, 0x73, 0x43, 0x43, 0x43, 0x43, 0x43, 0x43, 0x73, 0x73, 0x73, 0x73, 0x73, 0x73, 0x73, 0x73, 0x57, 0x73, 0x73, 0x73, 0x73, 0x73, 0x73, 0x73,
    0x73, 0x73, 0x73, 0x73, 0x73, 0x73, 0x73, 0x73, 0x43, 0x43, 0x43, 0x43, 0x43, 0x73, 0x73, 0x73, 0x0D, 0x0D, 0x0D, 0x0D, 0x0D, 0x0D, 0x43, 0x43, 0x05, 0x05, 0x05, 0x05, 0x05, 0x05, 0x05, 0x05,
    0x05, 0x05, 0x05, 0x05, 0x05, 0x05, 0x05, 0x05, 0x43, 0x43, 0x43, 0x43, 0x43, 0x0D, 0x0D, 0x0D, 0x73, 0x73, 0x73, 0x73, 0x73, 0x73, 0x43, 0x43, 0x73, 0x73, 0x73, 0x73, 0x73, 0x73, 0x73, 0x73,
    0x73, 0x73, 0x73, 0x73, 0x73, 0x73, 0x73, 0x73, 0x73, 0x73, 0x73, 0x73, 0x73, 0x73, 0x73, 0x73, 0x43, 0x43, 0x43, 0x43, 0x43, 0x43, 0x43, 0x43, 0x05, 0x05, 0x05, 0x05, 0x05, 0x05, 0x05, 0x05,
    0x05, 0x05, 0x05, 0x05, 0x05, 0x05, 0x05, 0x05, 0x0D, 0x0D, 0x0D, 0x0D, 0x0D, 0x0D, 0x0D, 0x0D, 0x43, 0x43, 0x43, 0x43, 0x43, 0x43, 0x43, 0x43, 0x73, 0x73, 0x73, 0x73, 0x73, 0x73, 0x73, 0x73,
    0x73, 0x73, 0x73, 0x73, 0x73, 0x73, 0x73, 0x73, 0x73, 0x73, 0x73, 0x73, 0x73, 0x73, 0x73, 0x73, 0x43, 0x43, 0x43, 0x43, 0x43, 0x43, 0x43, 0x43, 0x05, 0x05, 0x05, 0x05, 0x05, 0x05, 0x05, 0x05,
    0x05, 0x05, 0x05, 0x05, 0x05, 0x05, 0x05, 0x05, 0x0D, 0x0D, 0x0D, 0x0D, 0x0D, 0x0D, 0x0D, 0x0D, 0x43, 0x43, 0x43, 0x43, 0x43, 0x43, 0x43, 0x43, 0x73, 0x73, 0x73, 0x73, 0x73, 0x73, 0x73, 0x73,
    0x73, 0x73, 0x73, 0x73, 0x73, 0x73, 0x73, 0x73, 0x73, 0x73, 0x73, 0x73, 0x73, 0x73, 0x73, 0x73, 0x43, 0x43, 0x43, 0x43, 0x43, 0x43, 0x43, 0x73, 0x05, 0x05, 0x05, 0x05, 0x0D, 0x0D, 0x43, 0x73,
    0x05, 0x05, 0x05, 0x05, 0x0D, 0x0D, 0x43, 0x73, 0x0D, 0x0D, 0x0D, 0x0D, 0x0D, 0x0D, 0x43, 0x73, 0x43, 0x43, 0x43, 0x43, 0x43, 0x43, 0x43, 0x73, 0x73, 0x73, 0x73, 0x73, 0x73, 0x73, 0x73, 0x73,
    0x73, 0x73, 0x73, 0x73, 0x73, 0x73, 0x73, 0x73, 0x73, 0x73, 0x73, 0x73, 0x73, 0x73, 0x73, 0x73, 0x73, 0x43, 0x43, 0x43, 0x43, 0x43, 0x43, 0x43, 0x73, 0x43, 0x0D, 0x0D, 0x05, 0x05, 0x05, 0x05,
    0x73, 0x43, 0x0D, 0x0D, 0x05, 0x05, 0x05, 0x05, 0x73, 0x43, 0x0D, 0x0D, 0x0D, 0x0D, 0x0D, 0x0D, 0x73, 0x43, 0x43, 0x43, 0x43, 0x43, 0x43, 0x43, 0x73, 0x73, 0x73, 0x73, 0x73, 0x73, 0x73, 0x73,
    0x73, 0x73, 0x73, 0x73, 0x73, 0x73, 0x73, 0x73, 0x73, 0x73, 0x73, 0x73, 0x73, 0x73, 0x73, 0x73, 0x43, 0x43, 0x43, 0x43, 0x43, 0x43, 0x43, 0x43, 0x05, 0x05, 0x05, 0x05, 0x05, 0x05, 0x05, 0x05,
    0x05, 0x05, 0x05, 0x05, 0x05, 0x05, 0x05, 0x05, 0x0D, 0x0D, 0x0D, 0x0D, 0x0D, 0x0D, 0x0D, 0x0D, 0x43, 0x43, 0x43, 0x43, 0x43, 0x43, 0x43, 0x43, 0x73, 0x73, 0x73, 0x73, 0x73, 0x73, 0x73, 0x73,
    0x73, 0x73, 0x73, 0x73, 0x73, 0x73, 0x73, 0x73, 0x73, 0x73, 0x73, 0x73, 0x73, 0x73, 0x73, 0x73, 0x43, 0x43, 0x43, 0x43, 0x43, 0x43, 0x43, 0x43, 0x05, 0x05, 0x05, 0x05, 0x05, 0x05, 0x05, 0x05,
    0x05, 0x05, 0x05, 0x05, 0x05, 0x05, 0x05, 0x05, 0x0D, 0x0D, 0x0D, 0x0D, 0x0D, 0x0D, 0x0D, 0x0D, 0x43, 0x43, 0x43, 0x43, 0x43, 0x43, 0x43, 0x43, 0x73, 0x73, 0x73, 0x73, 0x73, 0x73, 0x73, 0x73,
    0x73, 0x73, 0x73, 0x73, 0x73, 0x73, 0x73, 0x73, 0x73, 0x73, 0x73, 0x43, 0x43, 0x43, 0x43, 0x43, 0x43, 0x43, 0x0D, 0x0D, 0x0D, 0x0D, 0x0D, 0x0D, 0x05, 0x05, 0x05, 0x05, 0x05, 0x05, 0x05, 0x05,
    0x05, 0x05, 0x05, 0x05, 0x05, 0x05, 0x05, 0x05, 0x0D, 0x0D, 0x0D, 0x43, 0x43, 0x43, 0x43, 0x43, 0x43, 0x43, 0x73, 0x73, 0x73, 0x73, 0x73, 0x73, 0x73, 0x73, 0x73, 0x73, 0x73, 0x73, 0x73, 0x73,
    0x73, 0x73, 0x73, 0x73, 0x73, 0x73, 0x73, 0x43, 0x43, 0x43, 0x43, 0x43, 0x43, 0x43, 0x0D, 0x0D, 0x0D, 0x0D, 0x0D, 0x05, 0x05, 0x05, 0x05, 0x05, 0x05, 0x05, 0x05, 0x05, 0x05, 0x05, 0x05, 0x05,
    0x05, 0x05, 0x05, 0x05, 0x05, 0x0D, 0x0D, 0x0D, 0x43, 0x43, 0x43, 0x43, 0x43, 0x43, 0x73, 0x73, 0x73, 0x73, 0x73, 0x73, 0x73, 0x73, 0x73, 0x73, 0x73, 0x73, 0x73, 0x73, 0x73, 0x73, 0x73, 0x57,
    0x43, 0x43, 0x43, 0x73, 0x73, 0x43, 0x43, 0x43, 0x0D, 0x0D, 0x43, 0x73, 0x73, 0x43, 0x43, 0x0D, 0x0D, 0x0D, 0x0D, 0x43, 0x73, 0x73, 0x43, 0x0D, 0x0D, 0x0D, 0x0D, 0x43, 0x73, 0x73, 0x43, 0x43,
    0x0D, 0x43, 0x43, 0x43, 0x73, 0x73, 0x43, 0x73, 0x73, 0x73, 0x73, 0x73, 0x73, 0x73, 0x73, 0x73, 0x73, 0x73, 0x73, 0x73, 0x73, 0x73, 0x73, 0x73, 0x57, 0x54, 0x54, 0x54, 0x57, 0x57, 0x73, 0x73,
    0x0D, 0x0D, 0x05, 0x05, 0x05, 0x05, 0x05, 0x05, 0x0D, 0x0D, 0x05, 0x05, 0x05, 0x05, 0x05, 0x05, 0x0D, 0x0D, 0x05, 0x05, 0x05, 0x05, 0x05, 0x0D, 0x0D, 0x0D, 0x0D, 0x0D, 0x43, 0x43, 0x73, 0x73,
    0x73, 0x73, 0x73, 0x73, 0x73, 0x73, 0x73, 0x73, 0x73, 0x73, 0x73, 0x73, 0x73, 0x73, 0x73, 0x57, 0x57, 0x57, 0x54, 0x54, 0x54, 0x54, 0x54, 0x54, 0x57, 0x54, 0x54, 0x2B, 0x2B, 0x2B, 0x2B, 0x2B,
    0x05, 0x05, 0x05, 0x05, 0x05, 0x05, 0x05, 0x05, 0x05, 0x05, 0x05, 0x05, 0x0D, 0x0D, 0x0D, 0x0D, 0x0D, 0x0D, 0x43, 0x43, 0x43, 0x73, 0x73, 0x73, 0x73, 0x73, 0x73, 0x73, 0x73, 0x73, 0x73, 0x73,
    0x73, 0x73, 0x73, 0x73, 0x73, 0x73, 0x57, 0x57, 0x57, 0x54, 0x54, 0x54, 0x54, 0x54, 0x54, 0x2B, 0x2B, 0x2B, 0x2B, 0x2B, 0x2B, 0x2B, 0x2B, 0x2B, 0x2B, 0x2B, 0x2B, 0x2B, 0x2B, 0x2B, 0x2B, 0x2B,
    0x05, 0x05, 0x0D, 0x0D, 0x0D, 0x0D, 0x43, 0x43, 0x43, 0x43, 0x43, 0x73, 0x73, 0x73, 0x73, 0x73, 0x73, 0x73, 0x73, 0x73, 0x73, 0x73, 0x73, 0x73, 0x73, 0x73, 0x73, 0x73, 0x57, 0x57, 0x54, 0x54,
    0x54, 0x54, 0x54, 0x54, 0x54, 0x2B, 0x2B, 0x2B, 0x2B, 0x2B, 0x2B, 0x2B, 0x2B, 0x2B, 0x2B, 0x2B, 0x2B, 0x2B, 0x2B, 0x2B, 0x2B, 0x2B, 0x2B, 0x2B, 0x2B, 0x2B, 0x2B, 0x54, 0x54, 0x54, 0x54, 0x57,
    0x73, 0x73, 0x73, 0x73, 0x73, 0x73, 0x73, 0x73, 0x73, 0x73, 0x73, 0x73, 0x73, 0x73, 0x57, 0x57, 0x73, 0x57, 0x57, 0x54, 0x54, 0x54, 0x54, 0x2B, 0x54, 0x54, 0x2B, 0x2B, 0x2B, 0x2B, 0x2B, 0x2B,
    0x2B, 0x2B, 0x2B, 0x2B, 0x2B, 0x2B, 0x2B, 0x2B, 0x2B, 0x2B, 0x2B, 0x2B, 0x54, 0x54, 0x54, 0x54, 0x54, 0x54, 0x54, 0x57, 0x57, 0x73, 0x73, 0x73, 0x57, 0x73, 0x73, 0x73, 0x73, 0x73, 0x73, 0x73,
    0x73, 0x73, 0x73, 0x57, 0x57, 0x54, 0x54, 0x54, 0x54, 0x54, 0x54, 0x54, 0x2B, 0x2B, 0x2B, 0x2B, 0x2B, 0x2B, 0x2B, 0x2B, 0x2B, 0x2B, 0x2B, 0x2B, 0x2B, 0x2B, 0x2B, 0x2B, 0x2B, 0x2B, 0x54, 0x54,
    0x2B, 0x54, 0x54, 0x54, 0x54, 0x57, 0x57, 0x73, 0x57, 0x57, 0x73, 0x73, 0x73, 0x73, 0x73, 0x73, 0x73, 0x73, 0x73, 0x73, 0x73, 0x73, 0x73, 0x73, 0x73, 0x73, 0x73, 0x73, 0x73, 0x73, 0x73, 0x73,
    0x2B, 0x2B, 0x2B, 0x2B, 0x2B, 0x54, 0x54, 0x54, 0x2B, 0x2B, 0x2B, 0x2B, 0x2B, 0x54, 0x54, 0x54, 0x2B, 0x2B, 0x54, 0x54, 0x57, 0x57, 0x73, 0x73, 0x54, 0x57, 0x57, 0x73, 0x73, 0x73, 0x73, 0x73,
    0x73, 0x73, 0x73, 0x73, 0x73, 0x73, 0x73, 0x73, 0x73, 0x73, 0x73, 0x73, 0x73, 0x73, 0x73, 0x57, 0x73, 0x73, 0x73, 0x73, 0x57, 0x57, 0x57, 0x73, 0x57, 0x57, 0x57, 0x57, 0x73, 0x73, 0x73, 0x73,
    0x57, 0x73, 0x73, 0x57, 0x57, 0x57, 0x73, 0x73, 0x57, 0x57, 0x73, 0x73, 0x73, 0x73, 0x73, 0x73, 0x73, 0x73, 0x73, 0x73, 0x73, 0x73, 0x73, 0x73, 0x73, 0x73, 0x73, 0x73, 0x73, 0x73, 0x73, 0x73,
    0x73, 0x73, 0x73, 0x73, 0x73, 0x57, 0x57, 0x57, 0x57, 0x57, 0x57, 0x57, 0x57, 0x73, 0x73, 0x73, 0x73, 0x73, 0x73, 0x73, 0x73, 0x73, 0x73, 0x73, 0x73, 0x73, 0x73, 0x73, 0x73, 0x73, 0x73, 0x73,
    0x73, 0x73, 0x73, 0x73, 0x73, 0x73, 0x73, 0x73, 0x73, 0x73, 0x73, 0x73, 0x73, 0x73, 0x57, 0x57, 0x73, 0x73, 0x57, 0x57, 0x57, 0x57, 0x73, 0x73, 0x57, 0x57, 0x73, 0x73, 0x73, 0x73, 0x73, 0x73,
    0x73, 0x73, 0x73, 0x73, 0x73, 0x73, 0x73, 0x73, 0x73, 0x73, 0x73, 0x73, 0x73, 0x73, 0x73, 0x73, 0x73, 0x73, 0x73, 0x73, 0x73, 0x73, 0x73, 0x73, 0x73, 0x73, 0x73, 0x73, 0x73, 0x73, 0x73, 0x73,
    0x73, 0x57, 0x57, 0x73, 0x73, 0x73, 0x73, 0x73, 0x57, 0x73, 0x73, 0x73, 0x73, 0x73, 0x73, 0x73, 0x73, 0x73, 0x73, 0x73, 0x73, 0x73, 0x73, 0x73, 0x73, 0x73, 0x73, 0x73, 0x73, 0x73, 0x73, 0x73,
    0x73, 0x73, 0x73, 0x73, 0x73, 0x73, 0x73, 0x73, 0x73, 0x73, 0x73, 0x73, 0x73, 0x73, 0x73, 0x73, 0x73, 0x73, 0x73, 0x73, 0x73, 0x73, 0x73, 0x73, 0x73, 0x73, 0x73, 0x73, 0x73, 0x73, 0x73, 0x73,
    0x73, 0x73, 0x73, 0x73, 0x73, 0x73, 0x73, 0x73, 0x73, 0x73, 0x73, 0x73, 0x73, 0x73, 0x73, 0x73, 0x73, 0x73, 0x73, 0x73, 0x73, 0x73, 0x73, 0x73, 0x73, 0x73, 0x73, 0x73, 0x73, 0x73, 0x73, 0x73,
    0x73, 0x73, 0x73, 0x73, 0x73, 0x73, 0x73, 0x73, 0x73, 0x73, 0x73, 0x73, 0x73, 0x73, 0x73, 0x73, 0x73, 0x73, 0x73, 0x73, 0x73, 0x73, 0x73, 0x73, 0x73, 0x73, 0x73, 0x73, 0x73, 0x73, 0x73, 0x73,
    0x73, 0x73, 0x73, 0x73, 0x73, 0x73, 0x73, 0x73, 0x73, 0x73, 0x73, 0x73, 0x73, 0x73, 0x73, 0x73, 0x73, 0x73, 0x73, 0x73, 0x73, 0x73, 0x73, 0x73, 0x73, 0x73, 0x73, 0x73, 0x73, 0x73, 0x73, 0x73,
    0x73, 0x73, 0x73, 0x73, 0x73, 0x73, 0x73, 0x73, 0x73, 0x73, 0x73, 0x73, 0x73, 0x73, 0x73, 0x73, 0x73, 0x73, 0x73, 0x73, 0x73, 0x73, 0x73, 0x73, 0x73, 0x73, 0x73, 0x73, 0x73, 0x73, 0x73, 0x73,
    0x73, 0x73, 0x73, 0x73, 0x73, 0x73, 0x73, 0x73, 0x73, 0x73, 0x73, 0x73, 0x73, 0x73, 0x73, 0x73, 0x73, 0x73, 0x73, 0x73, 0x73, 0x73, 0x73, 0x73, 0x73, 0x73, 0x73, 0x73, 0x73, 0x73, 0x73, 0x73,
    0x73, 0x73, 0x73, 0x73, 0x73, 0x73, 0x73, 0x73, 0x73, 0x73, 0x73, 0x73, 0x73, 0x73, 0x73, 0x73, 0x73, 0x73, 0x73, 0x73, 0x73, 0x73, 0x73, 0x73, 0x73, 0x73, 0x73, 0x73, 0x73, 0x73, 0x73, 0x73,
    0x73, 0x73, 0x73, 0x73, 0x73, 0x73, 0x73, 0x73, 0x73, 0x73, 0x73, 0x73, 0x73, 0x73, 0x73, 0x73, 0x73, 0x73, 0x73, 0x73, 0x73, 0x73, 0x73, 0x73, 0x73, 0x73, 0x73, 0x73, 0x73, 0x73, 0x73, 0x73,
    0x73, 0x73, 0x73, 0x73, 0x73, 0x73, 0x73, 0x73, 0x73, 0x73, 0x73, 0x73, 0x73, 0x73, 0x73, 0x73, 0x73, 0x73, 0x73, 0x73, 0x73, 0x73, 0x73, 0x73, 0x73, 0x73, 0x73, 0x73, 0x73, 0x73, 0x73, 0x73,
    0x73, 0x73, 0x73, 0x73, 0x73, 0x73, 0x73, 0x73, 0x73, 0x73, 0x73, 0x73, 0x73, 0x73, 0x73, 0x73, 0x73, 0x73, 0x73, 0x73, 0x73, 0x73, 0x73, 0x73, 0x73, 0x73, 0x73, 0x73, 0x73, 0x73, 0x73, 0x73,
    0x73, 0x73, 0x73, 0x73, 0x73, 0x73, 0x73, 0x73, 0x73, 0x73, 0x73, 0x73, 0x73, 0x73, 0x73, 0x73, 0x73, 0x73, 0x73, 0x73, 0x73, 0x73, 0x73, 0x73, 0x73, 0x73, 0x73, 0x73, 0x73, 0x73, 0x73, 0x73,
    0x73, 0x73, 0x73, 0x73, 0x73, 0x73, 0x73, 0x73, 0x73, 0x73, 0x73, 0x73, 0x73, 0x73, 0x73, 0x73, 0x73, 0x73, 0x73, 0x73, 0x73, 0x73, 0x73, 0x73, 0x73, 0x73, 0x73, 0x73, 0x73, 0x73, 0x73, 0x73,
    0x73, 0x73, 0x73, 0x73, 0x73, 0x73, 0x73, 0x73, 0x73, 0x73, 0x73, 0x73, 0x73, 0x73, 0x73, 0x73, 0x73, 0x73, 0x73, 0x73, 0x73, 0x73, 0x73, 0x73, 0x73, 0x73, 0x73, 0x73, 0x73, 0x73, 0x73, 0x73,
    0x73, 0x73, 0x73, 0x73, 0x73, 0x73, 0x73, 0x73, 0x73, 0x73, 0x73, 0x73, 0x73, 0x73, 0x73, 0x73, 0x73, 0x73, 0x73, 0x73, 0x73, 0x73, 0x73, 0x73, 0x73, 0x73, 0x73, 0x73, 0x73, 0x73, 0x73, 0x73,
    0x73, 0x73, 0x73, 0x73, 0x73, 0x73, 0x73, 0x73, 0x73, 0x73, 0x73, 0x73, 0x73, 0x73, 0x73, 0x73, 0x73, 0x73, 0x73, 0x73, 0x73, 0x73, 0x73, 0x73, 0x73, 0x73, 0x73, 0x73, 0x73, 0x73, 0x73, 0x73,
    0x73, 0x73, 0x73, 0x73, 0x73, 0x73, 0x73, 0x73, 0x73, 0x73, 0x73, 0x73, 0x73, 0x73, 0x73, 0x73, 0x73, 0x73, 0x73, 0x73, 0x73, 0x73, 0x73, 0x73, 0x73, 0x73, 0x73, 0x73, 0x73, 0x73, 0x73, 0x73,
    0x73, 0x73, 0x73, 0x73, 0x73, 0x73, 0x73, 0x73, 0x73, 0x73, 0x73, 0x73, 0x73, 0x73, 0x73, 0x73, 0x73, 0x73, 0x73, 0x73, 0x73, 0x73, 0x73, 0x73, 0x73, 0x73, 0x73, 0x73, 0x73, 0x73, 0x73, 0x73,
    0x73, 0x73, 0x73, 0x73, 0x73, 0x73, 0x73, 0x73, 0x73, 0x73, 0x73, 0x73, 0x73, 0x73, 0x73, 0x73, 0x73, 0x73, 0x73, 0x73, 0x73, 0x73, 0x73, 0x73, 0x73, 0x73, 0x73, 0x73, 0x73, 0x73, 0x73, 0x73,
    0x73, 0x73, 0x73, 0x73, 0x73, 0x73, 0x73, 0x73, 0x73, 0x73, 0x73, 0x73, 0x73, 0x73, 0x73, 0x73, 0x73, 0x73, 0x73, 0x73, 0x73, 0x73, 0x73, 0x73, 0x73, 0x73, 0x73, 0x73, 0x73, 0x73, 0x73, 0x73,
    0x73, 0x73, 0x73, 0x73, 0x73, 0x73, 0x73, 0x73, 0x73, 0x73, 0x73, 0x73, 0x73, 0x73, 0x73, 0x73, 0x73, 0x73, 0x73, 0x73, 0x73, 0x73, 0x73, 0x73, 0x73, 0x73, 0x73, 0x73, 0x73, 0x73, 0x73, 0x73,
    0x73, 0x73, 0x73, 0x73, 0x73, 0x73, 0x73, 0x73, 0x73, 0x73, 0x73, 0x73, 0x73, 0x73, 0x73, 0x73, 0x73, 0x73, 0x73, 0x73, 0x73, 0x73, 0x73, 0x73, 0x73, 0x73, 0x73, 0x73, 0x73, 0x73, 0x73, 0x73,
    0x73, 0x73, 0x73, 0x73, 0x73, 0x73, 0x73, 0x73, 0x73, 0x73, 0x73, 0x73, 0x73, 0x73, 0x73, 0x73, 0x73, 0x73, 0x73, 0x73, 0x73, 0x73, 0x73, 0x73, 0x73, 0x73, 0x73, 0x73, 0x73, 0x73, 0x73, 0x73,
    0x73, 0x73, 0x73, 0x73, 0x73, 0x73, 0x73, 0x73, 0x73, 0x73, 0x73, 0x73, 0x73, 0x73, 0x73, 0x73, 0x73, 0x73, 0x73, 0x73, 0x73, 0x73, 0x73, 0x73, 0x73, 0x73, 0x73, 0x73, 0x73, 0x73, 0x73, 0x73,
    0x73, 0x73, 0x73, 0x73, 0x73, 0x73, 0x73, 0x73, 0x73, 0x73, 0x73, 0x73, 0x73, 0x73, 0x73, 0x73, 0x73, 0x73, 0x73, 0x73, 0x73, 0x73, 0x73, 0x73, 0x73, 0x73, 0x73, 0x73, 0x73, 0x73, 0x73, 0x73,
    0x73, 0x73, 0x73, 0x73, 0x73, 0x73, 0x73, 0x73, 0x73, 0x73, 0x73, 0x73, 0x73, 0x73, 0x73, 0x73, 0x73, 0x73, 0x73, 0x73, 0x73, 0x73, 0x73, 0x73, 0x73, 0x73, 0x73, 0x73, 0x73, 0x73, 0x73, 0x4E,
    0x73, 0x73, 0x73, 0x73, 0x73, 0x73, 0x73, 0x73, 0x73, 0x73, 0x73, 0x73, 0x73, 0x73, 0x73, 0x73, 0x73, 0x73, 0x73, 0x73, 0x73, 0x73, 0x73, 0x73, 0x73, 0x4E, 0x73, 0x73, 0x73, 0x73, 0x73, 0x73,
    0x73, 0x4E, 0x4E, 0x73, 0x73, 0x73, 0x73, 0x73, 0x4E, 0x3C, 0x4E, 0x73, 0x73, 0x73, 0x73, 0x73, 0x3C, 0x3C, 0x4E, 0x73, 0x73, 0x73, 0x73, 0x73, 0x3C, 0x3C, 0x4E, 0x73, 0x73, 0x73, 0x73, 0x73,
    0x73, 0x73, 0x73, 0x73, 0x55, 0x50, 0x1B, 0x6F, 0x73, 0x73, 0x73, 0x73, 0x55, 0x50, 0x1B, 0x6F, 0x73, 0x73, 0x73, 0x73, 0x73, 0x50, 0x1B, 0x6F, 0x73, 0x73, 0x73, 0x73, 0x73, 0x50, 0x1B, 0x6F,
    0x73, 0x73, 0x73, 0x73, 0x73, 0x50, 0x1B, 0x6F, 0x73, 0x73, 0x73, 0x73, 0x73, 0x50, 0x41, 0x6F, 0x73, 0x73, 0x73, 0x73, 0x73, 0x55, 0x41, 0x6F, 0x73, 0x73, 0x73, 0x73, 0x73, 0x55, 0x41, 0x6F,
    0x6F, 0x50, 0x55, 0x73, 0x73, 0x73, 0x73, 0x73, 0x6F, 0x50, 0x55, 0x73, 0x73, 0x73, 0x73, 0x73, 0x6F, 0x73, 0x73, 0x73, 0x73, 0x73, 0x73, 0x73, 0x6F, 0x73, 0x73, 0x73, 0x73, 0x73, 0x73, 0x73,
    0x6F, 0x73, 0x73, 0x73, 0x73, 0x73, 0x73, 0x73, 0x6F, 0x73, 0x73, 0x73, 0x73, 0x73, 0x73, 0x73, 0x6F, 0x73, 0x73, 0x73, 0x73, 0x73, 0x73, 0x73, 0x6F, 0x73, 0x73, 0x73, 0x73, 0x73, 0x73, 0x73,
    0x73, 0x73, 0x73, 0x73, 0x73, 0x73, 0x3C, 0x3C, 0x73, 0x73, 0x73, 0x73, 0x73, 0x73, 0x3C, 0x3C, 0x73, 0x73, 0x73, 0x73, 0x73, 0x73, 0x4E, 0x3C, 0x73, 0x73, 0x73, 0x73, 0x73, 0x4E, 0x73, 0x3C,
    0x73, 0x73, 0x73, 0x73, 0x73, 0x4E, 0x73, 0x4E, 0x73, 0x73, 0x73, 0x4E, 0x73, 0x3C, 0x4E, 0x73, 0x73, 0x73, 0x73, 0x4E, 0x73, 0x3C, 0x4E, 0x73, 0x73, 0x73, 0x73, 0x4E, 0x73, 0x3C, 0x3C, 0x73,
    0x3C, 0x73, 0x73, 0x73, 0x73, 0x73, 0x73, 0x73, 0x3C, 0x73, 0x73, 0x73, 0x73, 0x73, 0x73, 0x73, 0x3C, 0x4E, 0x73, 0x73, 0x73, 0x73, 0x73, 0x73, 0x3C, 0x3C, 0x73, 0x73, 0x73, 0x73, 0x73, 0x73,
    0x3C, 0x3C, 0x73, 0x73, 0x73, 0x73, 0x73, 0x73, 0x3C, 0x3C, 0x4E, 0x73, 0x73, 0x73, 0x73, 0x73, 0x3C, 0x3C, 0x4E, 0x73, 0x73, 0x73, 0x73, 0x73, 0x4E, 0x3C, 0x3C, 0x73, 0x73, 0x73, 0x73, 0x73,
    0x73, 0x73, 0x73, 0x73, 0x73, 0x73, 0x73, 0x73, 0x73, 0x73, 0x73, 0x73, 0x73, 0x73, 0x73, 0x73, 0x73, 0x73, 0x73, 0x73, 0x73, 0x73, 0x73, 0x73, 0x73, 0x73, 0x73, 0x73, 0x73, 0x73, 0x73, 0x73,
    0x73, 0x73, 0x73, 0x73, 0x73, 0x73, 0x73, 0x73, 0x73, 0x73, 0x73, 0x73, 0x73, 0x73, 0x73, 0x73, 0x73, 0x73, 0x73, 0x73, 0x73, 0x73, 0x73, 0x73, 0x73, 0x73, 0x73, 0x73, 0x73, 0x73, 0x73, 0x73,
    0x73, 0x73, 0x73, 0x73, 0x73, 0x73, 0x73, 0x73, 0x73, 0x73, 0x73, 0x73, 0x73, 0x73, 0x73, 0x73, 0x73, 0x73, 0x73, 0x73, 0x73, 0x73, 0x73, 0x73, 0x73, 0x73, 0x73, 0x73, 0x73, 0x73, 0x73, 0x73,
    0x73, 0x73, 0x73, 0x73, 0x73, 0x73, 0x73, 0x73, 0x73, 0x73, 0x73, 0x73, 0x73, 0x73, 0x73, 0x73, 0x73, 0x73, 0x73, 0x73, 0x73, 0x73, 0x73, 0x73, 0x73, 0x73, 0x73, 0x73, 0x73, 0x73, 0x73, 0x73,
    0x73, 0x73, 0x73, 0x73, 0x73, 0x73, 0x73, 0x73, 0x73, 0x73, 0x73, 0x73, 0x73, 0x73, 0x73, 0x73, 0x73, 0x73, 0x73, 0x73, 0x73, 0x73, 0x73, 0x73, 0x73, 0x73, 0x73, 0x73, 0x73, 0x73, 0x73, 0x73,
    0x73, 0x73, 0x73, 0x73, 0x73, 0x73, 0x73, 0x73, 0x73, 0x73, 0x73, 0x73, 0x73, 0x73, 0x73, 0x73, 0x73, 0x73, 0x73, 0x73, 0x73, 0x73, 0x73, 0x73, 0x73, 0x73, 0x73, 0x73, 0x73, 0x73, 0x73, 0x73,
    0x73, 0x73, 0x73, 0x73, 0x73, 0x73, 0x73, 0x73, 0x73, 0x73, 0x73, 0x73, 0x73, 0x73, 0x73, 0x73, 0x73, 0x73, 0x73, 0x73, 0x73, 0x73, 0x73, 0x73, 0x73, 0x73, 0x73, 0x73, 0x73, 0x73, 0x73, 0x73,
    0x73, 0x73, 0x73, 0x73, 0x73, 0x73, 0x73, 0x73, 0x73, 0x73, 0x73, 0x73, 0x73, 0x73, 0x73, 0x73, 0x73, 0x73, 0x73, 0x73, 0x73, 0x73, 0x73, 0x73, 0x73, 0x73, 0x73, 0x73, 0x73, 0x73, 0x73, 0x73,
    0x73, 0x73, 0x73, 0x73, 0x73, 0x73, 0x73, 0x73, 0x73, 0x73, 0x73, 0x73, 0x73, 0x73, 0x73, 0x73, 0x73, 0x73, 0x73, 0x73, 0x73, 0x73, 0x73, 0x73, 0x73, 0x73, 0x73, 0x73, 0x73, 0x73, 0x73, 0x73,
    0x73, 0x73, 0x73, 0x73, 0x73, 0x73, 0x73, 0x73, 0x73, 0x73, 0x73, 0x73, 0x73, 0x73, 0x73, 0x73, 0x73, 0x73, 0x73, 0x73, 0x73, 0x73, 0x73, 0x73, 0x73, 0x73, 0x73, 0x73, 0x73, 0x73, 0x73, 0x73,
    0x73, 0x73, 0x73, 0x73, 0x73, 0x73, 0x73, 0x73, 0x73, 0x73, 0x73, 0x73, 0x73, 0x73, 0x73, 0x73, 0x73, 0x73, 0x73, 0x73, 0x73, 0x73, 0x73, 0x73, 0x73, 0x73, 0x73, 0x73, 0x73, 0x73, 0x73, 0x73,
    0x73, 0x73, 0x73, 0x73, 0x73, 0x73, 0x73, 0x73, 0x73, 0x73, 0x73, 0x73, 0x73, 0x73, 0x73, 0x73, 0x73, 0x73, 0x73, 0x73, 0x73, 0x73, 0x73, 0x73, 0x73, 0x73, 0x73, 0x73, 0x73, 0x73, 0x73, 0x73,
    0x73, 0x73, 0x73, 0x73, 0x73, 0x73, 0x73, 0x73, 0x73, 0x73, 0x73, 0x73, 0x73, 0x73, 0x73, 0x73, 0x73, 0x73, 0x73, 0x73, 0x73, 0x73, 0x73, 0x73, 0x73, 0x73, 0x73, 0x73, 0x73, 0x73, 0x73, 0x73,
    0x73, 0x73, 0x73, 0x73, 0x73, 0x73, 0x73, 0x73, 0x73, 0x73, 0x73, 0x73, 0x73, 0x73, 0x73, 0x73, 0x73, 0x73, 0x73, 0x73, 0x73, 0x73, 0x73, 0x73, 0x73, 0x73, 0x73, 0x73, 0x73, 0x73, 0x73, 0x73,
    0x73, 0x73, 0x73, 0x73, 0x73, 0x73, 0x73, 0x73, 0x73, 0x73, 0x73, 0x73, 0x73, 0x73, 0x73, 0x73, 0x73, 0x73, 0x73, 0x73, 0x73, 0x73, 0x73, 0x73, 0x73, 0x73, 0x73, 0x73, 0x73, 0x73, 0x73, 0x73,
    0x73, 0x73, 0x73, 0x73, 0x73, 0x73, 0x73, 0x73, 0x73, 0x73, 0x73, 0x73, 0x73, 0x73, 0x73, 0x73, 0x73, 0x73, 0x73, 0x73, 0x73, 0x73, 0x73, 0x73, 0x73, 0x73, 0x73, 0x73, 0x73, 0x73, 0x73, 0x73,
    0x73, 0x73, 0x73, 0x73, 0x73, 0x73, 0x73, 0x73, 0x73, 0x73, 0x73, 0x73, 0x73, 0x73, 0x73, 0x73, 0x73, 0x73, 0x73, 0x73, 0x73, 0x73, 0x73, 0x73, 0x73, 0x73, 0x73, 0x73, 0x73, 0x73, 0x73, 0x73,
    0x73, 0x73, 0x73, 0x73, 0x73, 0x73, 0x73, 0x73, 0x73, 0x73, 0x73, 0x73, 0x73, 0x73, 0x73, 0x73, 0x73, 0x73, 0x73, 0x73, 0x73, 0x73, 0x73, 0x73, 0x73, 0x73, 0x73, 0x73, 0x73, 0x73, 0x73, 0x73,
    0x73, 0x73, 0x73, 0x73, 0x73, 0x73, 0x73, 0x73, 0x73, 0x73, 0x73, 0x73, 0x73, 0x73, 0x73, 0x73, 0x73, 0x73, 0x73, 0x73, 0x73, 0x73, 0x73, 0x73, 0x73, 0x73, 0x73, 0x73, 0x73, 0x73, 0x73, 0x73,
    0x73, 0x73, 0x73, 0x73, 0x73, 0x73, 0x73, 0x73, 0x73, 0x73, 0x73, 0x73, 0x73, 0x73, 0x73, 0x73, 0x73, 0x73, 0x73, 0x73, 0x73, 0x73, 0x73, 0x73, 0x73, 0x73, 0x73, 0x73, 0x73, 0x73, 0x73, 0x73,
    0x73, 0x73, 0x73, 0x73, 0x73, 0x73, 0x73, 0x73, 0x73, 0x73, 0x73, 0x73, 0x73, 0x73, 0x73, 0x73, 0x73, 0x73, 0x73, 0x73, 0x73, 0x73, 0x73, 0x73, 0x73, 0x73, 0x73, 0x73, 0x73, 0x73, 0x73, 0x73,
    0x73, 0x73, 0x73, 0x73, 0x73, 0x73, 0x73, 0x73, 0x73, 0x73, 0x73, 0x73, 0x73, 0x73, 0x73, 0x73, 0x73, 0x73, 0x73, 0x73, 0x73, 0x73, 0x73, 0x73, 0x73, 0x73, 0x73, 0x73, 0x73, 0x73, 0x73, 0x73,
    0x73, 0x73, 0x73, 0x73, 0x73, 0x73, 0x73, 0x73, 0x73, 0x73, 0x73, 0x73, 0x73, 0x73, 0x73, 0x73, 0x73, 0x73, 0x73, 0x73, 0x73, 0x73, 0x73, 0x73, 0x73, 0x73, 0x73, 0x73, 0x73, 0x73, 0x73, 0x73,
    0x73, 0x73, 0x73, 0x73, 0x73, 0x73, 0x73, 0x73, 0x73, 0x73, 0x73, 0x73, 0x73, 0x73, 0x73, 0x73, 0x73, 0x73, 0x73, 0x73, 0x73, 0x73, 0x73, 0x73, 0x73, 0x73, 0x73, 0x73, 0x73, 0x73, 0x73, 0x73,
    0x73, 0x73, 0x73, 0x73, 0x73, 0x73, 0x73, 0x73, 0x73, 0x73, 0x73, 0x73, 0x73, 0x73, 0x73, 0x73, 0x73, 0x73, 0x73, 0x73, 0x73, 0x73, 0x73, 0x73, 0x73, 0x73, 0x73, 0x73, 0x73, 0x73, 0x73, 0x73,
    0x73, 0x73, 0x73, 0x73, 0x73, 0x73, 0x73, 0x73, 0x73, 0x73, 0x73, 0x73, 0x73, 0x73, 0x73, 0x73, 0x73, 0x73, 0x73, 0x73, 0x73, 0x73, 0x73, 0x73, 0x73, 0x73, 0x73, 0x73, 0x73, 0x73, 0x73, 0x73,
    0x73, 0x73, 0x73, 0x73, 0x73, 0x73, 0x73, 0x73, 0x73, 0x73, 0x73, 0x73, 0x73, 0x73, 0x73, 0x73, 0x73, 0x73, 0x73, 0x73, 0x73, 0x73, 0x73, 0x73, 0x73, 0x73, 0x73, 0x73, 0x73, 0x73, 0x73, 0x73,
    0x73, 0x73, 0x73, 0x73, 0x73, 0x73, 0x73, 0x73, 0x73, 0x73, 0x73, 0x73, 0x73, 0x73, 0x73, 0x73, 0x73, 0x73, 0x73, 0x73, 0x73, 0x73, 0x73, 0x73, 0x73, 0x73, 0x73, 0x73, 0x73, 0x73, 0x73, 0x73,
    0x73, 0x73, 0x73, 0x73, 0x73, 0x73, 0x73, 0x73, 0x73, 0x73, 0x73, 0x73, 0x73, 0x73, 0x73, 0x73, 0x73, 0x73, 0x73, 0x73, 0x73, 0x73, 0x73, 0x73, 0x73, 0x73, 0x73, 0x73, 0x73, 0x73, 0x73, 0x73,
    0x73, 0x73, 0x73, 0x73, 0x73, 0x73, 0x73, 0x73, 0x73, 0x73, 0x73, 0x73, 0x73, 0x73, 0x73, 0x73, 0x73, 0x73, 0x73, 0x73, 0x73, 0x73, 0x73, 0x73, 0x73, 0x73, 0x73, 0x73, 0x73, 0x73, 0x73, 0x73,
    0x57, 0x57, 0x57, 0x57, 0x57, 0x73, 0x73, 0x73, 0x73, 0x73, 0x73, 0x73, 0x73, 0x57, 0x57, 0x57, 0x73, 0x73, 0x73, 0x73, 0x73, 0x73, 0x73, 0x73, 0x73, 0x73, 0x73, 0x73, 0x73, 0x73, 0x73, 0x73,
    0x73, 0x73, 0x73, 0x73, 0x73, 0x73, 0x73, 0x73, 0x73, 0x73, 0x73, 0x73, 0x73, 0x73, 0x73, 0x73, 0x73, 0x73, 0x73, 0x73, 0x73, 0x73, 0x73, 0x73, 0x73, 0x73, 0x73, 0x73, 0x73, 0x73, 0x73, 0x73,
    0x73, 0x73, 0x73, 0x73, 0x73, 0x73, 0x73, 0x73, 0x57, 0x57, 0x73, 0x73, 0x73, 0x73, 0x73, 0x73, 0x73, 0x73, 0x57, 0x57, 0x57, 0x57, 0x73, 0x73, 0x73, 0x73, 0x73, 0x73, 0x73, 0x73, 0x57, 0x57,
    0x73, 0x73, 0x73, 0x73, 0x73, 0x73, 0x73, 0x73, 0x73, 0x73, 0x73, 0x73, 0x73, 0x73, 0x73, 0x73, 0x73, 0x73, 0x73, 0x73, 0x73, 0x73, 0x73, 0x73, 0x73, 0x73, 0x73, 0x73, 0x73, 0x73, 0x73, 0x73,
    0x73, 0x73, 0x73, 0x73, 0x57, 0x57, 0x54, 0x54, 0x73, 0x73, 0x73, 0x73, 0x73, 0x73, 0x73, 0x73, 0x73, 0x73, 0x73, 0x73, 0x73, 0x73, 0x73, 0x73, 0x57, 0x57, 0x57, 0x73, 0x73, 0x73, 0x73, 0x73,
    0x73, 0x73, 0x73, 0x57, 0x57, 0x57, 0x57, 0x57, 0x73, 0x73, 0x73, 0x73, 0x73, 0x73, 0x73, 0x73, 0x73, 0x73, 0x73, 0x73, 0x73, 0x73, 0x73, 0x73, 0x73, 0x73, 0x73, 0x73, 0x73, 0x73, 0x73, 0x73,
    0x54, 0x54, 0x54, 0x54, 0x2B, 0x2B, 0x2B, 0x2B, 0x73, 0x73, 0x73, 0x57, 0x57, 0x54, 0x54, 0x54, 0x73, 0x73, 0x73, 0x73, 0x73, 0x73, 0x73, 0x73, 0x73, 0x73, 0x73, 0x73, 0x73, 0x73, 0x73, 0x73,
    0x57, 0x57, 0x73, 0x73, 0x73, 0x73, 0x73, 0x73, 0x73, 0x73, 0x57, 0x57, 0x57, 0x57, 0x57, 0x57, 0x73, 0x73, 0x73, 0x73, 0x73, 0x73, 0x73, 0x73, 0x73, 0x73, 0x73, 0x73, 0x73, 0x73, 0x73, 0x73,
    0x2B, 0x2B, 0x2B, 0x2B, 0x2B, 0x54, 0x54, 0x57, 0x54, 0x54, 0x2B, 0x2B, 0x2B, 0x54, 0x54, 0x57, 0x73, 0x57, 0x57, 0x54, 0x54, 0x57, 0x57, 0x73, 0x73, 0x73, 0x73, 0x73, 0x73, 0x73, 0x73, 0x73,
    0x73, 0x73, 0x73, 0x73, 0x73, 0x73, 0x73, 0x73, 0x73, 0x73, 0x73, 0x73, 0x73, 0x73, 0x73, 0x73, 0x57, 0x57, 0x57, 0x57, 0x57, 0x57, 0x57, 0x73, 0x73, 0x73, 0x73, 0x73, 0x73, 0x73, 0x73, 0x57,
    0x73, 0x73, 0x57, 0x54, 0x54, 0x54, 0x54, 0x54, 0x73, 0x73, 0x57, 0x54, 0x54, 0x2B, 0x2B, 0x2B, 0x73, 0x57, 0x54, 0x54, 0x54, 0x2B, 0x2B, 0x2B, 0x73, 0x57, 0x57, 0x57, 0x54, 0x54, 0x54, 0x54,
    0x73, 0x73, 0x73, 0x73, 0x73, 0x73, 0x73, 0x73, 0x73, 0x73, 0x73, 0x73, 0x73, 0x73, 0x73, 0x73, 0x73, 0x73, 0x73, 0x73, 0x73, 0x73, 0x73, 0x73, 0x57, 0x57, 0x57, 0x57, 0x57, 0x57, 0x57, 0x57,
    0x54, 0x54, 0x57, 0x57, 0x57, 0x57, 0x57, 0x57, 0x2B, 0x2B, 0x2B, 0x2B, 0x2B, 0x54, 0x54, 0x54, 0x2B, 0x2B, 0x2B, 0x2B, 0x2B, 0x2B, 0x2B, 0x2B, 0x2B, 0x2B, 0x2B, 0x2B, 0x2B, 0x2B, 0x2B, 0x2B,
    0x73, 0x73, 0x57, 0x57, 0x57, 0x57, 0x57, 0x57, 0x73, 0x73, 0x73, 0x73, 0x73, 0x73, 0x73, 0x73, 0x73, 0x73, 0x73, 0x73, 0x73, 0x73, 0x73, 0x73, 0x57, 0x73, 0x73, 0x73, 0x73, 0x73, 0x73, 0x73,
    0x57, 0x57, 0x57, 0x57, 0x57, 0x73, 0x73, 0x73, 0x54, 0x54, 0x54, 0x54, 0x54, 0x54, 0x57, 0x57, 0x2B, 0x2B, 0x2B, 0x2B, 0x2B, 0x2B, 0x2B, 0x2B, 0x2B, 0x2B, 0x2B, 0x2B, 0x2B, 0x2B, 0x2B, 0x2B,
    0x57, 0x57, 0x57, 0x57, 0x54, 0x54, 0x54, 0x54, 0x73, 0x73, 0x73, 0x73, 0x73, 0x57, 0x57, 0x57, 0x73, 0x73, 0x73, 0x73, 0x73, 0x73, 0x73, 0x73, 0x73, 0x73, 0x73, 0x73, 0x73, 0x73, 0x73, 0x73,
    0x73, 0x73, 0x73, 0x73, 0x73, 0x73, 0x73, 0x73, 0x57, 0x57, 0x57, 0x57, 0x57, 0x57, 0x57, 0x57, 0x2B, 0x2B, 0x2B, 0x2B, 0x2B, 0x2B, 0x2B, 0x2B, 0x2B, 0x2B, 0x2B, 0x2B, 0x2B, 0x2B, 0x2B, 0x2B,
    0x54, 0x54, 0x54, 0x54, 0x54, 0x54, 0x54, 0x54, 0x57, 0x57, 0x57, 0x57, 0x57, 0x57, 0x57, 0x57, 0x73, 0x73, 0x73, 0x73, 0x73, 0x73, 0x73, 0x73, 0x73, 0x73, 0x73, 0x73, 0x73, 0x73, 0x73, 0x73,
    0x73, 0x73, 0x73, 0x73, 0x73, 0x73, 0x73, 0x73, 0x57, 0x57, 0x57, 0x57, 0x57, 0x57, 0x57, 0x57, 0x2B, 0x2B, 0x2B, 0x2B, 0x2B, 0x2B, 0x2B, 0x2B, 0x2B, 0x2B, 0x2B, 0x2B, 0x2B, 0x2B, 0x2B, 0x2B,
    0x54, 0x54, 0x54, 0x54, 0x54, 0x54, 0x54, 0x54, 0x57, 0x57, 0x57, 0x57, 0x57, 0x57, 0x57, 0x57, 0x73, 0x73, 0x73, 0x73, 0x73, 0x73, 0x73, 0x73, 0x73, 0x73, 0x73, 0x73, 0x73, 0x73, 0x73, 0x73,
    0x73, 0x73, 0x73, 0x73, 0x73, 0x73, 0x73, 0x73, 0x57, 0x57, 0x57, 0x57, 0x57, 0x57, 0x57, 0x73, 0x2B, 0x2B, 0x2B, 0x2B, 0x54, 0x54, 0x57, 0x73, 0x2B, 0x2B, 0x2B, 0x2B, 0x54, 0x54, 0x57, 0x73,
    0x54, 0x54, 0x54, 0x54, 0x54, 0x54, 0x57, 0x73, 0x57, 0x57, 0x57, 0x57, 0x57, 0x57, 0x57, 0x73, 0x73, 0x73, 0x73, 0x73, 0x73, 0x73, 0x73, 0x73, 0x73, 0x73, 0x73, 0x73, 0x73, 0x73, 0x73, 0x73,
    0x73, 0x73, 0x73, 0x73, 0x73, 0x73, 0x73, 0x73, 0x73, 0x57, 0x57, 0x57, 0x57, 0x57, 0x57, 0x57, 0x73, 0x57, 0x54, 0x54, 0x2B, 0x2B, 0x2B, 0x2B, 0x73, 0x57, 0x54, 0x54, 0x2B, 0x2B, 0x2B, 0x2B,
    0x73, 0x57, 0x54, 0x54, 0x54, 0x54, 0x54, 0x54, 0x73, 0x57, 0x57, 0x57, 0x57, 0x57, 0x57, 0x57, 0x73, 0x73, 0x73, 0x73, 0x73, 0x73, 0x73, 0x73, 0x73, 0x73, 0x73, 0x73, 0x73, 0x73, 0x73, 0x73,
    0x73, 0x73, 0x73, 0x73, 0x73, 0x73, 0x73, 0x73, 0x57, 0x57, 0x57, 0x57, 0x57, 0x57, 0x57, 0x57, 0x2B, 0x2B, 0x2B, 0x2B, 0x2B, 0x2B, 0x2B, 0x2B, 0x2B, 0x2B, 0x2B, 0x2B, 0x2B, 0x2B, 0x2B, 0x2B,
    0x54, 0x54, 0x54, 0x54, 0x54, 0x54, 0x54, 0x54, 0x57, 0x57, 0x57, 0x57, 0x57, 0x57, 0x57, 0x57, 0x73, 0x73, 0x73, 0x73, 0x73, 0x73, 0x73, 0x73, 0x73, 0x73, 0x73, 0x73, 0x73, 0x73, 0x73, 0x73,
    0x73, 0x73, 0x73, 0x73, 0x73, 0x73, 0x73, 0x73, 0x57, 0x57, 0x57, 0x57, 0x57, 0x57, 0x57, 0x57, 0x2B, 0x2B, 0x2B, 0x2B, 0x2B, 0x2B, 0x2B, 0x2B, 0x2B, 0x2B, 0x2B, 0x2B, 0x2B, 0x2B, 0x2B, 0x2B,
    0x54, 0x54, 0x54, 0x54, 0x54, 0x54, 0x54, 0x54, 0x57, 0x57, 0x57, 0x57, 0x57, 0x57, 0x57, 0x57, 0x73, 0x73, 0x73, 0x73, 0x73, 0x73, 0x73, 0x73, 0x73, 0x73, 0x73, 0x73, 0x73, 0x73, 0x73, 0x73,
    0x73, 0x73, 0x73, 0x57, 0x57, 0x57, 0x57, 0x57, 0x57, 0x57, 0x54, 0x54, 0x54, 0x54, 0x54, 0x54, 0x2B, 0x2B, 0x2B, 0x2B, 0x2B, 0x2B, 0x2B, 0x2B, 0x2B, 0x2B, 0x2B, 0x2B, 0x2B, 0x2B, 0x2B, 0x2B,
    0x54, 0x54, 0x54, 0x54, 0x57, 0x57, 0x57, 0x57, 0x57, 0x57, 0x57, 0x73, 0x73, 0x73, 0x73, 0x73, 0x73, 0x73, 0x73, 0x73, 0x73, 0x73, 0x73, 0x73, 0x73, 0x73, 0x73, 0x73, 0x73, 0x73, 0x73, 0x73,
    0x57, 0x57, 0x57, 0x57, 0x57, 0x57, 0x54, 0x54, 0x54, 0x54, 0x54, 0x2B, 0x2B, 0x2B, 0x2B, 0x2B, 0x2B, 0x2B, 0x2B, 0x2B, 0x2B, 0x2B, 0x2B, 0x2B, 0x2B, 0x2B, 0x2B, 0x2B, 0x2B, 0x2B, 0x2B, 0x2B,
    0x57, 0x57, 0x57, 0x57, 0x57, 0x57, 0x73, 0x73, 0x73, 0x73, 0x73, 0x73, 0x73, 0x73, 0x73, 0x73, 0x73, 0x73, 0x73, 0x73, 0x73, 0x73, 0x73, 0x73, 0x73, 0x73, 0x73, 0x73, 0x73, 0x73, 0x73, 0x57,
    0x54, 0x54, 0x54, 0x54, 0x54, 0x57, 0x73, 0x73, 0x2B, 0x2B, 0x2B, 0x54, 0x54, 0x57, 0x73, 0x73, 0x2B, 0x2B, 0x2B, 0x54, 0x54, 0x54, 0x57, 0x73, 0x54, 0x54, 0x54, 0x54, 0x57, 0x57, 0x57, 0x73,
    0x73, 0x73, 0x73, 0x73, 0x73, 0x73, 0x73, 0x73, 0x73, 0x73, 0x73, 0x73, 0x73, 0x73, 0x73, 0x73, 0x73, 0x73, 0x73, 0x73, 0x73, 0x73, 0x73, 0x73, 0x57, 0x57, 0x57, 0x57, 0x57, 0x57, 0x57, 0x57,
    0x57, 0x54, 0x54, 0x2B, 0x2B, 0x2B, 0x2B, 0x2B, 0x57, 0x54, 0x54, 0x2B, 0x2B, 0x2B, 0x54, 0x54, 0x73, 0x57, 0x57, 0x54, 0x54, 0x57, 0x57, 0x73, 0x73, 0x73, 0x73, 0x73, 0x73, 0x73, 0x73, 0x73,
    0x73, 0x73, 0x73, 0x73, 0x73, 0x73, 0x73, 0x73, 0x73, 0x73, 0x73, 0x73, 0x73, 0x73, 0x73, 0x73, 0x73, 0x57, 0x57, 0x57, 0x57, 0x57, 0x57, 0x57, 0x57, 0x73, 0x73, 0x73, 0x73, 0x73, 0x73, 0x73,
    0x2B, 0x2B, 0x2B, 0x2B, 0x54, 0x54, 0x54, 0x54, 0x54, 0x54, 0x54, 0x57, 0x57, 0x73, 0x73, 0x73, 0x73, 0x73, 0x73, 0x73, 0x73, 0x73, 0x73, 0x73, 0x73, 0x73, 0x73, 0x73, 0x73, 0x73, 0x73, 0x73,
    0x73, 0x73, 0x73, 0x73, 0x73, 0x73, 0x57, 0x57, 0x57, 0x57, 0x57, 0x57, 0x57, 0x57, 0x73, 0x73, 0x73, 0x73, 0x73, 0x73, 0x73, 0x73, 0x73, 0x73, 0x73, 0x73, 0x73, 0x73, 0x73, 0x73, 0x73, 0x73,
    0x54, 0x54, 0x57, 0x57, 0x73, 0x73, 0x73, 0x73, 0x73, 0x73, 0x73, 0x73, 0x73, 0x73, 0x73, 0x73, 0x73, 0x73, 0x73, 0x73, 0x73, 0x73, 0x73, 0x73, 0x73, 0x73, 0x73, 0x73, 0x73, 0x57, 0x57, 0x57,
    0x57, 0x57, 0x57, 0x57, 0x57, 0x73, 0x73, 0x73, 0x73, 0x73, 0x73, 0x73, 0x73, 0x73, 0x73, 0x73, 0x73, 0x73, 0x73, 0x73, 0x73, 0x73, 0x73, 0x73, 0x73, 0x73, 0x73, 0x73, 0x73, 0x73, 0x73, 0x73,
    0x73, 0x73, 0x73, 0x73, 0x73, 0x73, 0x73, 0x73, 0x73, 0x73, 0x73, 0x73, 0x73, 0x73, 0x57, 0x57, 0x73, 0x73, 0x57, 0x57, 0x57, 0x57, 0x73, 0x73, 0x57, 0x57, 0x73, 0x73, 0x73, 0x73, 0x73, 0x73,
    0x73, 0x73, 0x73, 0x73, 0x73, 0x73, 0x73, 0x73, 0x73, 0x73, 0x73, 0x73, 0x73, 0x73, 0x73, 0x73, 0x73, 0x73, 0x73, 0x73, 0x73, 0x73, 0x73, 0x73, 0x73, 0x73, 0x73, 0x73, 0x73, 0x73, 0x73, 0x73,
    0x73, 0x73, 0x73, 0x57, 0x57, 0x57, 0x57, 0x57, 0x57, 0x57, 0x57, 0x73, 0x73, 0x73, 0x73, 0x73, 0x73, 0x73, 0x73, 0x73, 0x73, 0x73, 0x73, 0x73, 0x73, 0x73, 0x73, 0x73, 0x73, 0x73, 0x73, 0x73,
    0x73, 0x73, 0x73, 0x73, 0x73, 0x73, 0x73, 0x73, 0x73, 0x73, 0x73, 0x73, 0x73, 0x73, 0x73, 0x73, 0x73, 0x73, 0x73, 0x73, 0x73, 0x73, 0x73, 0x73, 0x73, 0x73, 0x73, 0x73, 0x73, 0x73, 0x73, 0x73,
    0x73, 0x73, 0x73, 0x73, 0x73, 0x73, 0x73, 0x73, 0x73, 0x73, 0x73, 0x73, 0x73, 0x73, 0x73, 0x73, 0x73, 0x73, 0x73, 0x73, 0x73, 0x73, 0x73, 0x73, 0x73, 0x73, 0x73, 0x73, 0x73, 0x73, 0x73, 0x73,
    0x73, 0x73, 0x73, 0x73, 0x73, 0x73, 0x73, 0x73, 0x73, 0x73, 0x73, 0x73, 0x73, 0x73, 0x73, 0x73, 0x73, 0x73, 0x73, 0x73, 0x73, 0x73, 0x73, 0x73, 0x73, 0x73, 0x73, 0x73, 0x73, 0x73, 0x73, 0x73,
    0x73, 0x73, 0x73, 0x73, 0x73, 0x73, 0x73, 0x73, 0x73, 0x73, 0x73, 0x73, 0x73, 0x73, 0x73, 0x73, 0x73, 0x73, 0x73, 0x73, 0x73, 0x73, 0x73, 0x73, 0x73, 0x73, 0x73, 0x73, 0x73, 0x73, 0x73, 0x73,
    0x73, 0x73, 0x73, 0x73, 0x73, 0x73, 0x73, 0x73, 0x73, 0x73, 0x73, 0x73, 0x73, 0x73, 0x73, 0x73, 0x73, 0x73, 0x73, 0x73, 0x73, 0x73, 0x73, 0x73, 0x73, 0x73, 0x73, 0x73, 0x73, 0x73, 0x73, 0x73,
    0x73, 0x73, 0x73, 0x73, 0x73, 0x73, 0x73, 0x73, 0x73, 0x73, 0x73, 0x73, 0x73, 0x73, 0x73, 0x73, 0x73, 0x73, 0x73, 0x73, 0x73, 0x73, 0x73, 0x73, 0x73, 0x73, 0x73, 0x73, 0x73, 0x73, 0x73, 0x73,
    0x73, 0x73, 0x73, 0x73, 0x73, 0x73, 0x73, 0x73, 0x73, 0x73, 0x73, 0x73, 0x73, 0x73, 0x73, 0x73, 0x73, 0x73, 0x73, 0x73, 0x73, 0x73, 0x73, 0x73, 0x73, 0x73, 0x73, 0x73, 0x73, 0x73, 0x73, 0x73,
    0x73, 0x73, 0x73, 0x73, 0x73, 0x73, 0x73, 0x73, 0x73, 0x73, 0x73, 0x73, 0x73, 0x73, 0x73, 0x73, 0x73, 0x73, 0x73, 0x73, 0x73, 0x73, 0x73, 0x73, 0x73, 0x73, 0x73, 0x73, 0x73, 0x73, 0x73, 0x73,
    0x73, 0x73, 0x73, 0x73, 0x73, 0x73, 0x73, 0x73, 0x73, 0x73, 0x73, 0x73, 0x73, 0x73, 0x73, 0x73, 0x73, 0x73, 0x73, 0x73, 0x73, 0x73, 0x73, 0x73, 0x73, 0x73, 0x73, 0x73, 0x73, 0x73, 0x73, 0x73,
    0x73, 0x73, 0x73, 0x73, 0x73, 0x73, 0x73, 0x73, 0x73, 0x73, 0x73, 0x73, 0x73, 0x73, 0x73, 0x73, 0x73, 0x73, 0x73, 0x73, 0x73, 0x73, 0x73, 0x73, 0x73, 0x73, 0x73, 0x73, 0x73, 0x73, 0x73, 0x73,
    0x73, 0x73, 0x73, 0x73, 0x73, 0x73, 0x73, 0x73, 0x73, 0x73, 0x73, 0x73, 0x73, 0x73, 0x73, 0x73, 0x73, 0x73, 0x73, 0x73, 0x73, 0x73, 0x73, 0x73, 0x73, 0x73, 0x73, 0x73, 0x73, 0x73, 0x73, 0x73,
    0x73, 0x73, 0x73, 0x73, 0x73, 0x73, 0x73, 0x73, 0x73, 0x73, 0x73, 0x73, 0x73, 0x73, 0x73, 0x73, 0x73, 0x73, 0x73, 0x73, 0x73, 0x73, 0x73, 0x73, 0x73, 0x73, 0x73, 0x73, 0x73, 0x73, 0x73, 0x73,
    0x73, 0x73, 0x73, 0x73, 0x73, 0x73, 0x73, 0x73, 0x73, 0x73, 0x73, 0x73, 0x73, 0x73, 0x73, 0x73, 0x73, 0x73, 0x73, 0x73, 0x73, 0x73, 0x73, 0x73, 0x73, 0x73, 0x73, 0x73, 0x73, 0x73, 0x73, 0x73,
    0x73, 0x73, 0x73, 0x73, 0x73, 0x73, 0x73, 0x73, 0x73, 0x73, 0x73, 0x73, 0x73, 0x73, 0x73, 0x73, 0x73, 0x73, 0x73, 0x73, 0x73, 0x73, 0x73, 0x73, 0x73, 0x73, 0x73, 0x73, 0x73, 0x73, 0x73, 0x73,
    0x73, 0x73, 0x73, 0x73, 0x73, 0x73, 0x73, 0x73, 0x73, 0x73, 0x73, 0x73, 0x73, 0x73, 0x73, 0x73, 0x73, 0x73, 0x73, 0x73, 0x73, 0x73, 0x73, 0x73, 0x73, 0x73, 0x73, 0x73, 0x73, 0x73, 0x73, 0x73,
    0x73, 0x73, 0x73, 0x73, 0x73, 0x73, 0x73, 0x73, 0x73, 0x73, 0x73, 0x73, 0x73, 0x73, 0x73, 0x73, 0x73, 0x73, 0x73, 0x73, 0x73, 0x73, 0x73, 0x73, 0x73, 0x73, 0x73, 0x73, 0x73, 0x73, 0x73, 0x73,
    0x73, 0x73, 0x73, 0x73, 0x73, 0x73, 0x73, 0x73, 0x73, 0x73, 0x73, 0x73, 0x73, 0x73, 0x73, 0x73, 0x73, 0x73, 0x73, 0x73, 0x73, 0x73, 0x73, 0x73, 0x73, 0x73, 0x73, 0x73, 0x73, 0x73, 0x73, 0x73,
    0x73, 0x73, 0x73, 0x73, 0x73, 0x73, 0x73, 0x73, 0x73, 0x73, 0x73, 0x73, 0x73, 0x73, 0x73, 0x73, 0x73, 0x73, 0x73, 0x73, 0x73, 0x73, 0x73, 0x73, 0x73, 0x73, 0x73, 0x73, 0x73, 0x73, 0x73, 0x73,
    0x73, 0x73, 0x73, 0x73, 0x73, 0x73, 0x73, 0x73, 0x73, 0x73, 0x73, 0x73, 0x73, 0x73, 0x73, 0x73, 0x73, 0x73, 0x73, 0x73, 0x73, 0x73, 0x73, 0x73, 0x73, 0x73, 0x73, 0x73, 0x73, 0x73, 0x73, 0x73,
    0x73, 0x73, 0x73, 0x73, 0x73, 0x73, 0x73, 0x73, 0x73, 0x73, 0x73, 0x73, 0x73, 0x73, 0x73, 0x73, 0x73, 0x73, 0x73, 0x73, 0x73, 0x73, 0x73, 0x73, 0x73, 0x73, 0x73, 0x73, 0x73, 0x73, 0x73, 0x73,
    0x73, 0x73, 0x73, 0x73, 0x73, 0x73, 0x73, 0x73, 0x73, 0x73, 0x73, 0x73, 0x73, 0x73, 0x73, 0x73, 0x73, 0x73, 0x73, 0x73, 0x73, 0x73, 0x73, 0x73, 0x73, 0x73, 0x73, 0x73, 0x73, 0x73, 0x73, 0x73,
    0x73, 0x73, 0x73, 0x73, 0x73, 0x73, 0x73, 0x73, 0x73, 0x73, 0x73, 0x73, 0x73, 0x73, 0x73, 0x73, 0x73, 0x73, 0x73, 0x73, 0x73, 0x73, 0x73, 0x73, 0x73, 0x73, 0x73, 0x73, 0x73, 0x73, 0x73, 0x73,
    0x73, 0x73, 0x73, 0x73, 0x73, 0x73, 0x73, 0x73, 0x73, 0x73, 0x73, 0x73, 0x73, 0x73, 0x73, 0x73, 0x73, 0x73, 0x73, 0x73, 0x73, 0x73, 0x73, 0x73, 0x73, 0x73, 0x73, 0x73, 0x73, 0x73, 0x73, 0x73,
    0x73, 0x73, 0x73, 0x73, 0x73, 0x73, 0x73, 0x73, 0x73, 0x73, 0x73, 0x73, 0x73, 0x73, 0x73, 0x73, 0x73, 0x73, 0x73, 0x73, 0x73, 0x73, 0x73, 0x73, 0x73, 0x73, 0x73, 0x73, 0x73, 0x73, 0x73, 0x73,
    0x73, 0x73, 0x73, 0x73, 0x73, 0x73, 0x73, 0x73, 0x73, 0x73, 0x73, 0x73, 0x73, 0x73, 0x73, 0x73, 0x73, 0x73, 0x73, 0x73, 0x73, 0x73, 0x73, 0x73, 0x73, 0x73, 0x73, 0x73, 0x73, 0x73, 0x73, 0x73,
    0x73, 0x73, 0x73, 0x73, 0x73, 0x73, 0x73, 0x73, 0x73, 0x73, 0x73, 0x73, 0x73, 0x73, 0x73, 0x73, 0x73, 0x73, 0x73, 0x73, 0x73, 0x73, 0x73, 0x73, 0x73, 0x73, 0x73, 0x73, 0x73, 0x73, 0x73, 0x73,
    0x73, 0x73, 0x73, 0x73, 0x73, 0x73, 0x73, 0x73, 0x73, 0x73, 0x73, 0x73, 0x73, 0x73, 0x73, 0x73, 0x73, 0x73, 0x73, 0x73, 0x73, 0x73, 0x73, 0x73, 0x73, 0x73, 0x73, 0x73, 0x73, 0x73, 0x73, 0x73,
    0x73, 0x73, 0x73, 0x73, 0x73, 0x73, 0x73, 0x73, 0x73, 0x73, 0x73, 0x73, 0x73, 0x73, 0x73, 0x73, 0x73, 0x73, 0x73, 0x73, 0x73, 0x73, 0x73, 0x73, 0x73, 0x73, 0x73, 0x73, 0x73, 0x73, 0x73, 0x73,
    0x73, 0x73, 0x73, 0x73, 0x73, 0x73, 0x73, 0x73, 0x73, 0x73, 0x73, 0x73, 0x73, 0x73, 0x73, 0x73, 0x73, 0x73, 0x73, 0x73, 0x73, 0x73, 0x73, 0x73, 0x73, 0x73, 0x73, 0x73, 0x73, 0x73, 0x73, 0x73,
    0x73, 0x73, 0x73, 0x73, 0x73, 0x73, 0x73, 0x73, 0x73, 0x73, 0x73, 0x73, 0x73, 0x73, 0x73, 0x73, 0x73, 0x73, 0x73, 0x73, 0x73, 0x73, 0x73, 0x73, 0x73, 0x73, 0x73, 0x73, 0x73, 0x73, 0x73, 0x73,
    0x73, 0x73, 0x73, 0x73, 0x73, 0x73, 0x73, 0x73, 0x73, 0x73, 0x73, 0x73, 0x73, 0x73, 0x73, 0x73, 0x73, 0x73, 0x73, 0x73, 0x73, 0x73, 0x73, 0x73, 0x73, 0x73, 0x73, 0x73, 0x73, 0x73, 0x73, 0x73,
    0x73, 0x73, 0x73, 0x73, 0x73, 0x73, 0x73, 0x3C, 0x73, 0x73, 0x73, 0x73, 0x73, 0x73, 0x73, 0x3C, 0x73, 0x73, 0x73, 0x73, 0x73, 0x73, 0x4E, 0x3C, 0x73, 0x73, 0x73, 0x73, 0x73, 0x73, 0x3C, 0x3C,
    0x73, 0x73, 0x73, 0x73, 0x73, 0x73, 0x3C, 0x3C, 0x73, 0x73, 0x73, 0x73, 0x73, 0x4E, 0x3C, 0x3C, 0x73, 0x73, 0x73, 0x73, 0x73, 0x4E, 0x3C, 0x3C, 0x73, 0x73, 0x73, 0x73, 0x73, 0x3C, 0x3C, 0x4E,
    0x3C, 0x3C, 0x73, 0x73, 0x73, 0x73, 0x73, 0x73, 0x3C, 0x3C, 0x73, 0x73, 0x73, 0x73, 0x73, 0x73, 0x3C, 0x4E, 0x73, 0x73, 0x73, 0x73, 0x73, 0x73, 0x3C, 0x73, 0x4E, 0x73, 0x73, 0x73, 0x73, 0x73,
    0x4E, 0x73, 0x4E, 0x73, 0x73, 0x73, 0x73, 0x73, 0x73, 0x4E, 0x3C, 0x73, 0x4E, 0x73, 0x73, 0x73, 0x73, 0x4E, 0x3C, 0x73, 0x4E, 0x73, 0x73, 0x73, 0x73, 0x3C, 0x3C, 0x73, 0x4E, 0x73, 0x73, 0x73,
    0x73, 0x73, 0x73, 0x73, 0x73, 0x55, 0x50, 0x6F, 0x73, 0x73, 0x73, 0x73, 0x73, 0x55, 0x50, 0x6F, 0x73, 0x73, 0x73, 0x73, 0x73, 0x73, 0x73, 0x6F, 0x73, 0x73, 0x73, 0x73, 0x73, 0x73, 0x73, 0x6F,
    0x73, 0x73, 0x73, 0x73, 0x73, 0x73, 0x73, 0x6F, 0x73, 0x73, 0x73, 0x73, 0x73, 0x73, 0x73, 0x6F, 0x73, 0x73, 0x73, 0x73, 0x73, 0x73, 0x73, 0x6F, 0x73, 0x73, 0x73, 0x73, 0x73, 0x73, 0x73, 0x6F,
    0x6F, 0x73, 0x73, 0x73, 0x73, 0x73, 0x73, 0x73, 0x6F, 0x73, 0x73, 0x73, 0x73, 0x73, 0x73, 0x73, 0x6F, 0x73, 0x73, 0x73, 0x73, 0x73, 0x73, 0x73, 0x6F, 0x73, 0x73, 0x73, 0x73, 0x73, 0x73, 0x73,
    0x6F, 0x73, 0x73, 0x73, 0x73, 0x73, 0x73, 0x73, 0x6F, 0x73, 0x73, 0x73, 0x73, 0x73, 0x73, 0x73, 0x6F, 0x73, 0x73, 0x73, 0x73, 0x73, 0x73, 0x73, 0x6F, 0x73, 0x73, 0x73, 0x73, 0x73, 0x73, 0x73,
    0x73, 0x73, 0x73, 0x4E, 0x73, 0x3C, 0x1B, 0x4E, 0x73, 0x73, 0x73, 0x4E, 0x73, 0x3C, 0x1B, 0x3C, 0x73, 0x73, 0x73, 0x4E, 0x73, 0x4E, 0x1B, 0x1B, 0x73, 0x73, 0x73, 0x4E, 0x4E, 0x73, 0x3C, 0x1B,
    0x73, 0x73, 0x73, 0x4E, 0x4E, 0x73, 0x4E, 0x1B, 0x73, 0x73, 0x73, 0x4E, 0x4E, 0x4E, 0x73, 0x1B, 0x73, 0x73, 0x73, 0x4E, 0x4E, 0x4E, 0x73, 0x1B, 0x73, 0x73, 0x73, 0x4E, 0x4E, 0x4E, 0x73, 0x3C,
    0x73, 0x3C, 0x3C, 0x73, 0x73, 0x73, 0x73, 0x73, 0x73, 0x3C, 0x3C, 0x4E, 0x73, 0x73, 0x73, 0x73, 0x73, 0x3C, 0x3C, 0x4E, 0x73, 0x73, 0x73, 0x73, 0x73, 0x4E, 0x3C, 0x3C, 0x73, 0x73, 0x73, 0x73,
    0x4E, 0x73, 0x3C, 0x3C, 0x73, 0x73, 0x73, 0x73, 0x3C, 0x73, 0x3C, 0x3C, 0x4E, 0x73, 0x73, 0x73, 0x1B, 0x73, 0x3C, 0x3C, 0x4E, 0x73, 0x73, 0x73, 0x1B, 0x73, 0x4E, 0x3C, 0x3C, 0x73, 0x73, 0x73,
    0x73, 0x73, 0x73, 0x73, 0x73, 0x73, 0x73, 0x73, 0x73, 0x73, 0x73, 0x73, 0x73, 0x73, 0x73, 0x73, 0x73, 0x73, 0x73, 0x73, 0x73, 0x73, 0x73, 0x73, 0x73, 0x73, 0x73, 0x73, 0x73, 0x73, 0x73, 0x73,
    0x73, 0x73, 0x73, 0x73, 0x73, 0x73, 0x73, 0x73, 0x73, 0x73, 0x73, 0x73, 0x73, 0x73, 0x73, 0x73, 0x73, 0x73, 0x73, 0x73, 0x73, 0x73, 0x73, 0x73, 0x73, 0x73, 0x73, 0x73, 0x73, 0x73, 0x73, 0x73,
    0x73, 0x73, 0x73, 0x73, 0x73, 0x73, 0x73, 0x73, 0x73, 0x73, 0x73, 0x73, 0x73, 0x73, 0x73, 0x73, 0x73, 0x73, 0x73, 0x73, 0x73, 0x73, 0x73, 0x73, 0x73, 0x73, 0x73, 0x73, 0x73, 0x73, 0x73, 0x73,
    0x73, 0x73, 0x73, 0x73, 0x73, 0x73, 0x73, 0x73, 0x73, 0x73, 0x73, 0x73, 0x73, 0x73, 0x73, 0x73, 0x73, 0x73, 0x73, 0x73, 0x73, 0x73, 0x73, 0x73, 0x73, 0x73, 0x73, 0x73, 0x73, 0x73, 0x73, 0x73,
    0x73, 0x73, 0x73, 0x73, 0x73, 0x73, 0x73, 0x73, 0x73, 0x73, 0x73, 0x73, 0x73, 0x73, 0x73, 0x73, 0x73, 0x73, 0x73, 0x73, 0x73, 0x73, 0x73, 0x73, 0x73, 0x73, 0x73, 0x73, 0x73, 0x73, 0x73, 0x73,
    0x73, 0x73, 0x73, 0x73, 0x73, 0x73, 0x73, 0x73, 0x73, 0x73, 0x73, 0x73, 0x73, 0x73, 0x73, 0x73, 0x73, 0x73, 0x73, 0x73, 0x73, 0x73, 0x73, 0x73, 0x73, 0x73, 0x73, 0x73, 0x73, 0x73, 0x73, 0x73,
    0x73, 0x73, 0x73, 0x73, 0x73, 0x73, 0x73, 0x73, 0x73, 0x73, 0x73, 0x73, 0x73, 0x73, 0x73, 0x73, 0x73, 0x73, 0x73, 0x73, 0x73, 0x73, 0x73, 0x73, 0x73, 0x73, 0x73, 0x73, 0x73, 0x73, 0x73, 0x73,
    0x73, 0x73, 0x73, 0x73, 0x73, 0x73, 0x73, 0x73, 0x73, 0x73, 0x73, 0x73, 0x73, 0x73, 0x73, 0x73, 0x73, 0x73, 0x73, 0x73, 0x73, 0x73, 0x73, 0x73, 0x73, 0x73, 0x73, 0x73, 0x73, 0x73, 0x73, 0x73,
    0x73, 0x73, 0x73, 0x73, 0x73, 0x73, 0x73, 0x73, 0x73, 0x73, 0x73, 0x73, 0x73, 0x73, 0x73, 0x73, 0x73, 0x73, 0x73, 0x73, 0x73, 0x73, 0x73, 0x73, 0x73, 0x73, 0x73, 0x73, 0x73, 0x73, 0x73, 0x73,
    0x73, 0x73, 0x73, 0x73, 0x73, 0x73, 0x73, 0x73, 0x73, 0x73, 0x73, 0x73, 0x73, 0x73, 0x73, 0x73, 0x73, 0x73, 0x73, 0x73, 0x73, 0x73, 0x73, 0x73, 0x73, 0x73, 0x73, 0x73, 0x73, 0x73, 0x73, 0x73,
    0x73, 0x73, 0x73, 0x73, 0x73, 0x73, 0x73, 0x73, 0x73, 0x73, 0x73, 0x73, 0x73, 0x73, 0x73, 0x73, 0x73, 0x73, 0x73, 0x73, 0x73, 0x73, 0x73, 0x73, 0x73, 0x73, 0x73, 0x73, 0x73, 0x73, 0x73, 0x73,
    0x73, 0x73, 0x73, 0x73, 0x73, 0x73, 0x73, 0x73, 0x73, 0x73, 0x73, 0x73, 0x73, 0x73, 0x73, 0x73, 0x73, 0x73, 0x73, 0x73, 0x73, 0x73, 0x73, 0x73, 0x73, 0x73, 0x73, 0x73, 0x73, 0x73, 0x73, 0x73,
    0x73, 0x73, 0x73, 0x73, 0x73, 0x73, 0x73, 0x73, 0x73, 0x73, 0x73, 0x73, 0x73, 0x73, 0x73, 0x73, 0x73, 0x73, 0x73, 0x73, 0x73, 0x73, 0x73, 0x73, 0x73, 0x73, 0x73, 0x73, 0x73, 0x73, 0x73, 0x73,
    0x73, 0x73, 0x73, 0x73, 0x73, 0x73, 0x73, 0x73, 0x73, 0x73, 0x73, 0x73, 0x73, 0x73, 0x73, 0x73, 0x73, 0x73, 0x73, 0x73, 0x73, 0x73, 0x73, 0x73, 0x73, 0x73, 0x73, 0x73, 0x73, 0x73, 0x73, 0x73,
    0x73, 0x73, 0x73, 0x73, 0x73, 0x73, 0x73, 0x73, 0x73, 0x73, 0x73, 0x73, 0x73, 0x73, 0x73, 0x73, 0x73, 0x73, 0x73, 0x73, 0x73, 0x73, 0x73, 0x73, 0x73, 0x73, 0x73, 0x73, 0x73, 0x73, 0x73, 0x73,
    0x73, 0x73, 0x73, 0x73, 0x73, 0x73, 0x73, 0x73, 0x73, 0x73, 0x73, 0x73, 0x73, 0x73, 0x73, 0x73, 0x73, 0x73, 0x73, 0x73, 0x73, 0x73, 0x73, 0x73, 0x73, 0x73, 0x73, 0x73, 0x73, 0x73, 0x73, 0x73,
    0x73, 0x73, 0x73, 0x73, 0x73, 0x73, 0x73, 0x73, 0x73, 0x73, 0x73, 0x73, 0x73, 0x73, 0x73, 0x73, 0x73, 0x73, 0x73, 0x73, 0x73, 0x73, 0x73, 0x73, 0x73, 0x73, 0x73, 0x73, 0x73, 0x73, 0x73, 0x73,
    0x73, 0x73, 0x73, 0x73, 0x73, 0x73, 0x73, 0x73, 0x73, 0x73, 0x73, 0x73, 0x73, 0x73, 0x73, 0x73, 0x73, 0x73, 0x73, 0x73, 0x73, 0x73, 0x73, 0x73, 0x73, 0x73, 0x73, 0x73, 0x73, 0x73, 0x73, 0x73,
    0x73, 0x73, 0x73, 0x73, 0x73, 0x73, 0x73, 0x73, 0x73, 0x73, 0x73, 0x73, 0x73, 0x73, 0x73, 0x73, 0x73, 0x73, 0x73, 0x73, 0x73, 0x73, 0x73, 0x73, 0x73, 0x73, 0x73, 0x73, 0x73, 0x73, 0x73, 0x73,
    0x73, 0x73, 0x73, 0x73, 0x73, 0x73, 0x73, 0x73, 0x73, 0x73, 0x73, 0x73, 0x73, 0x73, 0x73, 0x73, 0x73, 0x73, 0x73, 0x73, 0x73, 0x73, 0x73, 0x73, 0x73, 0x73, 0x73, 0x73, 0x73, 0x73, 0x73, 0x73,
    0x73, 0x73, 0x73, 0x73, 0x73, 0x73, 0x73, 0x73, 0x73, 0x73, 0x73, 0x73, 0x73, 0x73, 0x73, 0x73, 0x73, 0x73, 0x73, 0x73, 0x73, 0x73, 0x73, 0x73, 0x73, 0x73, 0x73, 0x73, 0x73, 0x73, 0x73, 0x73,
    0x73, 0x73, 0x73, 0x73, 0x73, 0x73, 0x73, 0x73, 0x73, 0x73, 0x73, 0x73, 0x73, 0x73, 0x73, 0x73, 0x73, 0x73, 0x73, 0x73, 0x73, 0x73, 0x73, 0x73, 0x73, 0x73, 0x73, 0x73, 0x73, 0x73, 0x73, 0x73,
    0x73, 0x73, 0x73, 0x73, 0x73, 0x73, 0x73, 0x73, 0x73, 0x73, 0x73, 0x73, 0x73, 0x73, 0x73, 0x73, 0x73, 0x73, 0x73, 0x73, 0x73, 0x73, 0x73, 0x73, 0x73, 0x73, 0x73, 0x73, 0x73, 0x73, 0x73, 0x73,
    0x73, 0x73, 0x73, 0x73, 0x73, 0x73, 0x73, 0x73, 0x73, 0x73, 0x73, 0x73, 0x73, 0x73, 0x73, 0x73, 0x73, 0x73, 0x73, 0x73, 0x73, 0x73, 0x73, 0x73, 0x73, 0x73, 0x73, 0x73, 0x73, 0x73, 0x73, 0x73,
    0x73, 0x73, 0x73, 0x73, 0x73, 0x73, 0x73, 0x73, 0x73, 0x73, 0x73, 0x73, 0x73, 0x73, 0x73, 0x73, 0x73, 0x73, 0x73, 0x73, 0x73, 0x73, 0x73, 0x73, 0x73, 0x73, 0x73, 0x73, 0x73, 0x73, 0x73, 0x73,
    0x73, 0x73, 0x73, 0x73, 0x73, 0x73, 0x73, 0x73, 0x73, 0x73, 0x73, 0x73, 0x73, 0x73, 0x73, 0x73, 0x73, 0x73, 0x73, 0x73, 0x73, 0x73, 0x73, 0x73, 0x73, 0x73, 0x73, 0x73, 0x73, 0x73, 0x73, 0x73,
    0x73, 0x73, 0x73, 0x73, 0x73, 0x73, 0x73, 0x73, 0x73, 0x73, 0x73, 0x73, 0x73, 0x73, 0x73, 0x73, 0x73, 0x73, 0x73, 0x73, 0x73, 0x73, 0x73, 0x73, 0x73, 0x73, 0x73, 0x73, 0x73, 0x73, 0x73, 0x73,
    0x73, 0x73, 0x73, 0x73, 0x73, 0x73, 0x73, 0x73, 0x73, 0x73, 0x73, 0x73, 0x73, 0x73, 0x73, 0x73, 0x73, 0x73, 0x73, 0x73, 0x73, 0x73, 0x73, 0x73, 0x73, 0x73, 0x73, 0x73, 0x73, 0x73, 0x73, 0x73,
    0x73, 0x73, 0x73, 0x73, 0x73, 0x73, 0x73, 0x73, 0x73, 0x73, 0x73, 0x73, 0x73, 0x73, 0x73, 0x73, 0x73, 0x73, 0x73, 0x73, 0x73, 0x73, 0x73, 0x73, 0x73, 0x73, 0x73, 0x73, 0x73, 0x73, 0x73, 0x73,
    0x73, 0x73, 0x73, 0x73, 0x73, 0x73, 0x73, 0x73, 0x73, 0x73, 0x73, 0x73, 0x73, 0x73, 0x73, 0x73, 0x73, 0x73, 0x73, 0x73, 0x73, 0x73, 0x73, 0x73, 0x73, 0x73, 0x73, 0x73, 0x73, 0x73, 0x73, 0x73,
    0x73, 0x73, 0x73, 0x73, 0x73, 0x73, 0x73, 0x73, 0x73, 0x73, 0x73, 0x73, 0x73, 0x73, 0x73, 0x73, 0x73, 0x73, 0x73, 0x73, 0x73, 0x73, 0x73, 0x73, 0x73, 0x73, 0x73, 0x73, 0x73, 0x73, 0x73, 0x73,
    0x73, 0x73, 0x73, 0x73, 0x73, 0x73, 0x73, 0x73, 0x73, 0x73, 0x73, 0x73, 0x73, 0x73, 0x73, 0x73, 0x73, 0x73, 0x73, 0x73, 0x73, 0x73, 0x73, 0x73, 0x73, 0x73, 0x73, 0x73, 0x73, 0x73, 0x73, 0x73,
    0x73, 0x73, 0x73, 0x73, 0x73, 0x73, 0x73, 0x73, 0x73, 0x73, 0x73, 0x73, 0x73, 0x73, 0x73, 0x73, 0x73, 0x73, 0x73, 0x73, 0x73, 0x73, 0x73, 0x73, 0x73, 0x73, 0x73, 0x73, 0x73, 0x73, 0x73, 0x73,
    0x73, 0x73, 0x73, 0x73, 0x73, 0x73, 0x73, 0x73, 0x73, 0x73, 0x73, 0x73, 0x73, 0x73, 0x73, 0x73, 0x73, 0x73, 0x73, 0x73, 0x73, 0x73, 0x73, 0x73, 0x73, 0x73, 0x73, 0x73, 0x73, 0x73, 0x73, 0x73,
    0x73, 0x73, 0x73, 0x73, 0x73, 0x73, 0x73, 0x73, 0x73, 0x73, 0x73, 0x73, 0x73, 0x73, 0x73, 0x73, 0x73, 0x73, 0x73, 0x73, 0x73, 0x73, 0x73, 0x73, 0x73, 0x73, 0x73, 0x73, 0x73, 0x73, 0x73, 0x73,
    0x73, 0x73, 0x73, 0x73, 0x73, 0x73, 0x73, 0x73, 0x73, 0x73, 0x73, 0x73, 0x73, 0x73, 0x73, 0x73, 0x73, 0x73, 0x73, 0x73, 0x73, 0x73, 0x73, 0x73, 0x73, 0x73, 0x73, 0x73, 0x73, 0x73, 0x73, 0x73,
    0x73, 0x73, 0x73, 0x73, 0x73, 0x73, 0x73, 0x73, 0x73, 0x73, 0x73, 0x73, 0x73, 0x73, 0x73, 0x73, 0x73, 0x73, 0x73, 0x73, 0x73, 0x73, 0x73, 0x73, 0x73, 0x73, 0x73, 0x73, 0x73, 0x73, 0x73, 0x73,
    0x73, 0x73, 0x73, 0x73, 0x73, 0x73, 0x73, 0x73, 0x73, 0x73, 0x73, 0x73, 0x73, 0x73, 0x73, 0x73, 0x73, 0x73, 0x73, 0x73, 0x73, 0x73, 0x73, 0x73, 0x73, 0x73, 0x73, 0x73, 0x73, 0x73, 0x73, 0x73,
    0x73, 0x73, 0x73, 0x73, 0x73, 0x73, 0x73, 0x73, 0x73, 0x73, 0x73, 0x73, 0x73, 0x73, 0x73, 0x73, 0x73, 0x73, 0x73, 0x73, 0x73, 0x73, 0x73, 0x73, 0x73, 0x73, 0x73, 0x73, 0x73, 0x73, 0x73, 0x73,
    0x73, 0x73, 0x73, 0x73, 0x73, 0x73, 0x73, 0x73, 0x73, 0x73, 0x73, 0x73, 0x73, 0x73, 0x73, 0x73, 0x73, 0x73, 0x73, 0x73, 0x73, 0x73, 0x73, 0x73, 0x73, 0x73, 0x73, 0x73, 0x73, 0x73, 0x73, 0x73,
    0x73, 0x73, 0x73, 0x73, 0x73, 0x73, 0x73, 0x73, 0x73, 0x73, 0x73, 0x73, 0x73, 0x73, 0x73, 0x73, 0x73, 0x73, 0x73, 0x73, 0x73, 0x73, 0x73, 0x73, 0x73, 0x73, 0x73, 0x73, 0x73, 0x73, 0x73, 0x73,
    0x73, 0x73, 0x73, 0x73, 0x73, 0x73, 0x73, 0x73, 0x73, 0x73, 0x73, 0x73, 0x73, 0x73, 0x73, 0x73, 0x73, 0x73, 0x73, 0x73, 0x73, 0x73, 0x73, 0x73, 0x73, 0x73, 0x73, 0x73, 0x73, 0x73, 0x73, 0x73,
    0x73, 0x57, 0x57, 0x57, 0x57, 0x57, 0x57, 0x57, 0x73, 0x73, 0x73, 0x73, 0x73, 0x73, 0x73, 0x73, 0x73, 0x73, 0x73, 0x73, 0x73, 0x73, 0x73, 0x73, 0x73, 0x73, 0x73, 0x73, 0x73, 0x73, 0x73, 0x73,
    0x73, 0x73, 0x73, 0x73, 0x73, 0x73, 0x73, 0x73, 0x73, 0x73, 0x73, 0x73, 0x73, 0x73, 0x73, 0x73, 0x73, 0x73, 0x73, 0x73, 0x73, 0x73, 0x73, 0x73, 0x73, 0x73, 0x73, 0x73, 0x73, 0x73, 0x73, 0x73,
    0x57, 0x57, 0x57, 0x57, 0x73, 0x73, 0x73, 0x73, 0x73, 0x73, 0x73, 0x73, 0x57, 0x57, 0x57, 0x57, 0x73, 0x73, 0x73, 0x73, 0x73, 0x73, 0x73, 0x73, 0x73, 0x73, 0x73, 0x73, 0x73, 0x73, 0x73, 0x73,
    0x73, 0x73, 0x73, 0x73, 0x73, 0x73, 0x73, 0x73, 0x73, 0x73, 0x73, 0x73, 0x73, 0x73, 0x73, 0x73, 0x73, 0x73, 0x73, 0x73, 0x73, 0x73, 0x73, 0x73, 0x73, 0x73, 0x73, 0x73, 0x73, 0x73, 0x73, 0x73,
    0x73, 0x73, 0x73, 0x73, 0x73, 0x73, 0x73, 0x73, 0x57, 0x57, 0x57, 0x57, 0x57, 0x57, 0x57, 0x57, 0x73, 0x73, 0x73, 0x73, 0x73, 0x73, 0x73, 0x73, 0x73, 0x73, 0x73, 0x73, 0x73, 0x73, 0x73, 0x73,
    0x73, 0x73, 0x73, 0x73, 0x73, 0x73, 0x73, 0x73, 0x73, 0x73, 0x73, 0x73, 0x73, 0x73, 0x73, 0x73, 0x73, 0x73, 0x73, 0x73, 0x73, 0x73, 0x73, 0x73, 0x73, 0x73, 0x73, 0x73, 0x73, 0x73, 0x73, 0x73,
    0x73, 0x73, 0x73, 0x73, 0x73, 0x73, 0x73, 0x73, 0x57, 0x57, 0x57, 0x57, 0x57, 0x57, 0x57, 0x57, 0x73, 0x73, 0x73, 0x73, 0x73, 0x73, 0x73, 0x73, 0x73, 0x73, 0x73, 0x73, 0x73, 0x73, 0x73, 0x73,
    0x73, 0x73, 0x73, 0x73, 0x73, 0x73, 0x73, 0x73, 0x73, 0x73, 0x73, 0x73, 0x73, 0x73, 0x73, 0x73, 0x73, 0x73, 0x73, 0x73, 0x73, 0x73, 0x73, 0x73, 0x73, 0x73, 0x73, 0x73, 0x73, 0x73, 0x73, 0x73,
    0x73, 0x73, 0x73, 0x73, 0x73, 0x73, 0x73, 0x73, 0x57, 0x57, 0x57, 0x57, 0x57, 0x57, 0x57, 0x57, 0x73, 0x73, 0x73, 0x73, 0x73, 0x73, 0x73, 0x73, 0x73, 0x73, 0x73, 0x73, 0x73, 0x73, 0x73, 0x73,
    0x73, 0x73, 0x73, 0x73, 0x73, 0x73, 0x73, 0x73, 0x73, 0x73, 0x73, 0x73, 0x73, 0x73, 0x73, 0x73, 0x73, 0x73, 0x73, 0x73, 0x73, 0x73, 0x73, 0x73, 0x73, 0x73, 0x73, 0x73, 0x73, 0x73, 0x73, 0x73,
    0x73, 0x73, 0x73, 0x73, 0x73, 0x73, 0x73, 0x73, 0x57, 0x57, 0x57, 0x57, 0x57, 0x57, 0x57, 0x57, 0x73, 0x73, 0x73, 0x73, 0x73, 0x73, 0x73, 0x73, 0x73, 0x73, 0x73, 0x73, 0x73, 0x73, 0x73, 0x73,
    0x73, 0x73, 0x73, 0x73, 0x73, 0x73, 0x73, 0x73, 0x73, 0x73, 0x73, 0x73, 0x73, 0x73, 0x73, 0x73, 0x73, 0x73, 0x73, 0x73, 0x73, 0x73, 0x73, 0x73, 0x73, 0x73, 0x73, 0x73, 0x73, 0x73, 0x73, 0x73,
    0x73, 0x73, 0x73, 0x73, 0x73, 0x73, 0x73, 0x73, 0x57, 0x57, 0x57, 0x57, 0x57, 0x57, 0x57, 0x57, 0x73, 0x73, 0x73, 0x73, 0x73, 0x73, 0x73, 0x73, 0x73, 0x73, 0x73, 0x73, 0x73, 0x73, 0x73, 0x73,
    0x73, 0x73, 0x73, 0x73, 0x73, 0x73, 0x73, 0x73, 0x73, 0x73, 0x73, 0x73, 0x73, 0x73, 0x73, 0x73, 0x73, 0x73, 0x73, 0x73, 0x73, 0x73, 0x73, 0x73, 0x73, 0x73, 0x73, 0x73, 0x73, 0x73, 0x73, 0x73,
    0x73, 0x73, 0x73, 0x73, 0x73, 0x73, 0x73, 0x73, 0x57, 0x57, 0x57, 0x57, 0x57, 0x57, 0x57, 0x57, 0x73, 0x73, 0x73, 0x73, 0x73, 0x73, 0x73, 0x73, 0x73, 0x73, 0x73, 0x73, 0x73, 0x73, 0x73, 0x73,
    0x73, 0x73, 0x73, 0x73, 0x73, 0x73, 0x73, 0x73, 0x73, 0x73, 0x73, 0x73, 0x73, 0x73, 0x73, 0x73, 0x73, 0x73, 0x73, 0x73, 0x73, 0x73, 0x73, 0x73, 0x73, 0x73, 0x73, 0x73, 0x73, 0x73, 0x73, 0x73,
    0x73, 0x73, 0x73, 0x73, 0x57, 0x57, 0x57, 0x57, 0x57, 0x57, 0x57, 0x57, 0x73, 0x73, 0x73, 0x73, 0x73, 0x73, 0x73, 0x73, 0x73, 0x73, 0x73, 0x73, 0x73, 0x73, 0x73, 0x73, 0x73, 0x73, 0x73, 0x73,
    0x73, 0x73, 0x73, 0x73, 0x73, 0x73, 0x73, 0x73, 0x73, 0x73, 0x73, 0x73, 0x73, 0x73, 0x73, 0x73, 0x73, 0x73, 0x73, 0x73, 0x73, 0x73, 0x73, 0x73, 0x73, 0x73, 0x73, 0x73, 0x73, 0x73, 0x73, 0x73,
    0x57, 0x57, 0x57, 0x57, 0x57, 0x57, 0x57, 0x73, 0x73, 0x73, 0x73, 0x73, 0x73, 0x73, 0x73, 0x73, 0x73, 0x73, 0x73, 0x73, 0x73, 0x73, 0x73, 0x73, 0x73, 0x73, 0x73, 0x73, 0x73, 0x73, 0x73, 0x73,
    0x73, 0x73, 0x73, 0x73, 0x73, 0x73, 0x73, 0x73, 0x73, 0x73, 0x73, 0x73, 0x73, 0x73, 0x73, 0x73, 0x73, 0x73, 0x73, 0x73, 0x73, 0x73, 0x73, 0x73, 0x73, 0x73, 0x73, 0x73, 0x73, 0x73, 0x73, 0x73,
    0x73, 0x73, 0x73, 0x73, 0x73, 0x73, 0x73, 0x73, 0x73, 0x73, 0x73, 0x73, 0x73, 0x73, 0x73, 0x73, 0x73, 0x73, 0x73, 0x73, 0x73, 0x73, 0x73, 0x73, 0x73, 0x73, 0x73, 0x73, 0x73, 0x73, 0x73, 0x73,
    0x73, 0x73, 0x73, 0x73, 0x73, 0x73, 0x73, 0x73, 0x73, 0x73, 0x73, 0x73, 0x73, 0x73, 0x73, 0x73, 0x73, 0x73, 0x73, 0x73, 0x73, 0x73, 0x73, 0x73, 0x73, 0x73, 0x73, 0x73, 0x73, 0x73, 0x73, 0x73,
    0x73, 0x73, 0x73, 0x73, 0x73, 0x73, 0x73, 0x73, 0x73, 0x73, 0x73, 0x73, 0x73, 0x73, 0x73, 0x73, 0x73, 0x73, 0x73, 0x73, 0x73, 0x73, 0x73, 0x73, 0x73, 0x73, 0x73, 0x73, 0x73, 0x73, 0x73, 0x73,
    0x73, 0x73, 0x73, 0x73, 0x73, 0x73, 0x73, 0x73, 0x73, 0x73, 0x73, 0x73, 0x73, 0x73, 0x73, 0x73, 0x73, 0x73, 0x73, 0x73, 0x73, 0x73, 0x73, 0x73, 0x73, 0x73, 0x73, 0x73, 0x73, 0x73, 0x73, 0x73,
    0x73, 0x73, 0x73, 0x73, 0x73, 0x73, 0x73, 0x73, 0x73, 0x73, 0x73, 0x73, 0x73, 0x73, 0x73, 0x73, 0x73, 0x73, 0x73, 0x73, 0x73, 0x73, 0x73, 0x73, 0x73, 0x73, 0x73, 0x73, 0x73, 0x73, 0x73, 0x73,
    0x73, 0x73, 0x73, 0x73, 0x73, 0x73, 0x73, 0x73, 0x73, 0x73, 0x73, 0x73, 0x73, 0x73, 0x73, 0x73, 0x73, 0x73, 0x73, 0x73, 0x73, 0x73, 0x73, 0x73, 0x73, 0x73, 0x73, 0x73, 0x73, 0x73, 0x73, 0x73,
    0x73, 0x73, 0x73, 0x73, 0x73, 0x73, 0x73, 0x73, 0x73, 0x73, 0x73, 0x73, 0x73, 0x73, 0x73, 0x73, 0x73, 0x73, 0x73, 0x73, 0x73, 0x73, 0x73, 0x73, 0x73, 0x73, 0x73, 0x73, 0x73, 0x73, 0x73, 0x73,
    0x73, 0x73, 0x73, 0x73, 0x73, 0x73, 0x73, 0x73, 0x73, 0x73, 0x73, 0x73, 0x73, 0x73, 0x73, 0x73, 0x73, 0x73, 0x73, 0x73, 0x73, 0x73, 0x73, 0x73, 0x73, 0x73, 0x73, 0x73, 0x73, 0x73, 0x73, 0x73,
    0x73, 0x73, 0x73, 0x73, 0x73, 0x73, 0x73, 0x73, 0x73, 0x73, 0x73, 0x73, 0x73, 0x73, 0x73, 0x73, 0x73, 0x73, 0x73, 0x73, 0x73, 0x73, 0x73, 0x73, 0x73, 0x73, 0x73, 0x73, 0x73, 0x73, 0x73, 0x73,
    0x73, 0x73, 0x73, 0x73, 0x73, 0x73, 0x73, 0x73, 0x73, 0x73, 0x73, 0x73, 0x73, 0x73, 0x73, 0x73, 0x73, 0x73, 0x73, 0x73, 0x73, 0x73, 0x73, 0x73, 0x73, 0x73, 0x73, 0x73, 0x73, 0x73, 0x73, 0x73,
    0x73, 0x73, 0x73, 0x73, 0x73, 0x73, 0x73, 0x73, 0x73, 0x73, 0x73, 0x73, 0x73, 0x73, 0x73, 0x73, 0x73, 0x73, 0x73, 0x73, 0x73, 0x73, 0x73, 0x73, 0x73, 0x73, 0x73, 0x73, 0x73, 0x73, 0x73, 0x73,
    0x73, 0x73, 0x73, 0x73, 0x73, 0x73, 0x73, 0x73, 0x73, 0x73, 0x73, 0x73, 0x73, 0x73, 0x73, 0x73, 0x73, 0x73, 0x73, 0x73, 0x73, 0x73, 0x73, 0x73, 0x73, 0x73, 0x73, 0x73, 0x73, 0x73, 0x73, 0x73,
    0x73, 0x73, 0x73, 0x73, 0x73, 0x73, 0x73, 0x73, 0x73, 0x73, 0x73, 0x73, 0x73, 0x73, 0x73, 0x73, 0x73, 0x73, 0x73, 0x73, 0x73, 0x73, 0x73, 0x73, 0x73, 0x73, 0x73, 0x73, 0x73, 0x73, 0x73, 0x73,
    0x73, 0x73, 0x73, 0x73, 0x73, 0x73, 0x73, 0x73, 0x73, 0x73, 0x73, 0x73, 0x73, 0x73, 0x73, 0x73, 0x73, 0x73, 0x73, 0x73, 0x73, 0x73, 0x73, 0x73, 0x73, 0x73, 0x73, 0x73, 0x73, 0x73, 0x73, 0x73,
    0x73, 0x73, 0x73, 0x73, 0x73, 0x73, 0x73, 0x73, 0x73, 0x73, 0x73, 0x73, 0x73, 0x73, 0x73, 0x73, 0x73, 0x73, 0x73, 0x73, 0x73, 0x73, 0x73, 0x73, 0x73, 0x73, 0x73, 0x73, 0x73, 0x73, 0x73, 0x73,
    0x73, 0x73, 0x73, 0x73, 0x73, 0x73, 0x73, 0x73, 0x73, 0x73, 0x73, 0x73, 0x73, 0x73, 0x73, 0x73, 0x73, 0x73, 0x73, 0x73, 0x73, 0x73, 0x73, 0x73, 0x73, 0x73, 0x73, 0x73, 0x73, 0x73, 0x73, 0x73,
    0x73, 0x73, 0x73, 0x73, 0x73, 0x73, 0x73, 0x73, 0x73, 0x73, 0x73, 0x73, 0x73, 0x73, 0x73, 0x73, 0x73, 0x73, 0x73, 0x73, 0x73, 0x73, 0x73, 0x73, 0x73, 0x73, 0x73, 0x73, 0x73, 0x73, 0x73, 0x73,
    0x73, 0x73, 0x73, 0x73, 0x73, 0x73, 0x73, 0x73, 0x73, 0x73, 0x73, 0x73, 0x73, 0x73, 0x73, 0x73, 0x73, 0x73, 0x73, 0x73, 0x73, 0x73, 0x73, 0x73, 0x73, 0x73, 0x73, 0x73, 0x73, 0x73, 0x73, 0x73,
    0x73, 0x73, 0x73, 0x73, 0x73, 0x73, 0x73, 0x73, 0x73, 0x73, 0x73, 0x73, 0x73, 0x73, 0x73, 0x73, 0x73, 0x73, 0x73, 0x73, 0x73, 0x73, 0x73, 0x73, 0x73, 0x73, 0x73, 0x73, 0x73, 0x73, 0x73, 0x73,
    0x73, 0x73, 0x73, 0x73, 0x73, 0x73, 0x73, 0x73, 0x73, 0x73, 0x73, 0x73, 0x73, 0x73, 0x73, 0x73, 0x73, 0x73, 0x73, 0x73, 0x73, 0x73, 0x73, 0x73, 0x73, 0x73, 0x73, 0x73, 0x73, 0x73, 0x73, 0x73,
    0x73, 0x73, 0x73, 0x73, 0x73, 0x73, 0x73, 0x73, 0x73, 0x73, 0x73, 0x73, 0x73, 0x73, 0x73, 0x73, 0x73, 0x73, 0x73, 0x73, 0x73, 0x73, 0x73, 0x73, 0x73, 0x73, 0x73, 0x73, 0x73, 0x73, 0x73, 0x73,
    0x73, 0x73, 0x73, 0x73, 0x73, 0x73, 0x73, 0x73, 0x73, 0x73, 0x73, 0x73, 0x73, 0x73, 0x73, 0x73, 0x73, 0x73, 0x73, 0x73, 0x73, 0x73, 0x73, 0x73, 0x73, 0x73, 0x73, 0x73, 0x73, 0x73, 0x73, 0x73,
    0x73, 0x73, 0x73, 0x73, 0x73, 0x73, 0x73, 0x73, 0x73, 0x73, 0x73, 0x73, 0x73, 0x73, 0x73, 0x73, 0x73, 0x73, 0x73, 0x73, 0x73, 0x73, 0x73, 0x73, 0x73, 0x73, 0x73, 0x73, 0x73, 0x73, 0x73, 0x73,
    0x73, 0x73, 0x73, 0x73, 0x73, 0x73, 0x73, 0x73, 0x73, 0x73, 0x73, 0x73, 0x73, 0x73, 0x73, 0x73, 0x73, 0x73, 0x73, 0x73, 0x73, 0x73, 0x73, 0x73, 0x73, 0x73, 0x73, 0x73, 0x73, 0x73, 0x73, 0x73,
    0x73, 0x73, 0x73, 0x73, 0x73, 0x73, 0x73, 0x73, 0x73, 0x73, 0x73, 0x73, 0x73, 0x73, 0x73, 0x73, 0x73, 0x73, 0x73, 0x73, 0x73, 0x73, 0x73, 0x73, 0x73, 0x73, 0x73, 0x73, 0x73, 0x73, 0x73, 0x73,
    0x73, 0x73, 0x73, 0x73, 0x73, 0x73, 0x73, 0x73, 0x73, 0x73, 0x73, 0x73, 0x73, 0x73, 0x73, 0x73, 0x73, 0x73, 0x73, 0x73, 0x73, 0x73, 0x73, 0x73, 0x73, 0x73, 0x73, 0x73, 0x73, 0x73, 0x73, 0x73,
    0x73, 0x73, 0x73, 0x73, 0x73, 0x73, 0x73, 0x73, 0x73, 0x73, 0x73, 0x73, 0x73, 0x73, 0x73, 0x73, 0x73, 0x73, 0x73, 0x73, 0x73, 0x73, 0x73, 0x73, 0x73, 0x73, 0x73, 0x73, 0x73, 0x73, 0x73, 0x73,
    0x73, 0x73, 0x73, 0x73, 0x73, 0x73, 0x73, 0x73, 0x73, 0x73, 0x73, 0x73, 0x73, 0x73, 0x73, 0x73, 0x73, 0x73, 0x73, 0x73, 0x73, 0x73, 0x73, 0x73, 0x73, 0x73, 0x73, 0x73, 0x73, 0x73, 0x73, 0x73,
    0x73, 0x73, 0x73, 0x73, 0x73, 0x73, 0x73, 0x73, 0x73, 0x73, 0x73, 0x73, 0x73, 0x73, 0x73, 0x73, 0x73, 0x73, 0x73, 0x73, 0x73, 0x73, 0x73, 0x73, 0x73, 0x73, 0x73, 0x73, 0x73, 0x73, 0x73, 0x73,
    0x73, 0x73, 0x73, 0x73, 0x73, 0x73, 0x73, 0x73, 0x73, 0x73, 0x73, 0x73, 0x73, 0x73, 0x73, 0x73, 0x73, 0x73, 0x73, 0x73, 0x73, 0x73, 0x73, 0x73, 0x73, 0x73, 0x73, 0x73, 0x73, 0x73, 0x73, 0x73,
    0x73, 0x73, 0x73, 0x73, 0x73, 0x73, 0x73, 0x73, 0x73, 0x73, 0x73, 0x73, 0x73, 0x73, 0x73, 0x73, 0x73, 0x73, 0x73, 0x73, 0x73, 0x73, 0x73, 0x73, 0x73, 0x73, 0x73, 0x73, 0x73, 0x73, 0x73, 0x73,
    0x73, 0x73, 0x73, 0x73, 0x73, 0x73, 0x73, 0x73, 0x73, 0x73, 0x73, 0x73, 0x73, 0x73, 0x73, 0x73, 0x73, 0x73, 0x73, 0x73, 0x73, 0x73, 0x73, 0x73, 0x73, 0x73, 0x73, 0x73, 0x73, 0x73, 0x73, 0x73,
    0x73, 0x73, 0x73, 0x73, 0x73, 0x73, 0x73, 0x73, 0x73, 0x73, 0x73, 0x73, 0x73, 0x73, 0x73, 0x73, 0x73, 0x73, 0x73, 0x73, 0x73, 0x73, 0x73, 0x73, 0x73, 0x73, 0x73, 0x73, 0x73, 0x73, 0x73, 0x73,
    0x73, 0x73, 0x73, 0x73, 0x73, 0x73, 0x73, 0x73, 0x73, 0x73, 0x73, 0x73, 0x73, 0x73, 0x73, 0x73, 0x73, 0x73, 0x73, 0x73, 0x73, 0x73, 0x73, 0x73, 0x73, 0x73, 0x73, 0x73, 0x73, 0x73, 0x73, 0x73,
    0x73, 0x73, 0x73, 0x73, 0x73, 0x73, 0x73, 0x73, 0x73, 0x73, 0x73, 0x73, 0x73, 0x73, 0x73, 0x73, 0x73, 0x73, 0x73, 0x73, 0x73, 0x73, 0x73, 0x73, 0x73, 0x73, 0x73, 0x73, 0x73, 0x73, 0x73, 0x73,
    0x73, 0x73, 0x73, 0x73, 0x73, 0x73, 0x73, 0x73, 0x73, 0x73, 0x73, 0x73, 0x73, 0x73, 0x73, 0x73, 0x73, 0x73, 0x73, 0x73, 0x73, 0x73, 0x73, 0x73, 0x73, 0x73, 0x73, 0x73, 0x73, 0x73, 0x73, 0x73,
    0x73, 0x73, 0x73, 0x73, 0x73, 0x73, 0x73, 0x73, 0x73, 0x73, 0x73, 0x73, 0x73, 0x73, 0x73, 0x73, 0x73, 0x73, 0x73, 0x73, 0x73, 0x73, 0x73, 0x73, 0x73, 0x73, 0x73, 0x73, 0x73, 0x73, 0x73, 0x73,
    0x73, 0x73, 0x73, 0x73, 0x73, 0x73, 0x73, 0x73, 0x73, 0x73, 0x73, 0x73, 0x73, 0x73, 0x73, 0x73, 0x73, 0x73, 0x73, 0x73, 0x73, 0x73, 0x73, 0x73, 0x73, 0x73, 0x73, 0x73, 0x73, 0x73, 0x73, 0x73,
    0x73, 0x73, 0x73, 0x73, 0x73, 0x73, 0x73, 0x73, 0x73, 0x73, 0x73, 0x73, 0x73, 0x73, 0x73, 0x73, 0x73, 0x73, 0x73, 0x73, 0x73, 0x73, 0x73, 0x73, 0x73, 0x73, 0x73, 0x73, 0x73, 0x73, 0x73, 0x73,
    0x73, 0x73, 0x73, 0x73, 0x73, 0x73, 0x73, 0x73, 0x73, 0x73, 0x73, 0x73, 0x73, 0x73, 0x73, 0x73, 0x73, 0x73, 0x73, 0x73, 0x73, 0x73, 0x73, 0x73, 0x73, 0x73, 0x73, 0x73, 0x73, 0x73, 0x73, 0x73,
    0x73, 0x73, 0x73, 0x73, 0x73, 0x73, 0x73, 0x73, 0x73, 0x73, 0x73, 0x73, 0x73, 0x73, 0x73, 0x73, 0x73, 0x73, 0x73, 0x73, 0x73, 0x73, 0x73, 0x73, 0x73, 0x73, 0x73, 0x73, 0x73, 0x73, 0x73, 0x73,
    0x73, 0x73, 0x73, 0x73, 0x73, 0x73, 0x73, 0x73, 0x73, 0x73, 0x73, 0x73, 0x73, 0x73, 0x73, 0x73, 0x73, 0x73, 0x73, 0x73, 0x73, 0x73, 0x73, 0x73, 0x73, 0x73, 0x73, 0x73, 0x73, 0x73, 0x73, 0x73,
    0x73, 0x73, 0x73, 0x73, 0x73, 0x3C, 0x3C, 0x73, 0x73, 0x73, 0x73, 0x73, 0x4E, 0x3C, 0x3C, 0x73, 0x73, 0x73, 0x73, 0x73, 0x4E, 0x3C, 0x3C, 0x73, 0x73, 0x73, 0x73, 0x73, 0x3C, 0x3C, 0x4E, 0x73,
    0x73, 0x73, 0x73, 0x73, 0x3C, 0x3C, 0x73, 0x4E, 0x73, 0x73, 0x73, 0x4E, 0x3C, 0x3C, 0x73, 0x3C, 0x73, 0x73, 0x73, 0x4E, 0x3C, 0x3C, 0x73, 0x1B, 0x73, 0x73, 0x73, 0x3C, 0x3C, 0x4E, 0x73, 0x1B,
    0x4E, 0x1B, 0x3C, 0x73, 0x4E, 0x73, 0x73, 0x73, 0x3C, 0x1B, 0x3C, 0x73, 0x4E, 0x73, 0x73, 0x73, 0x1B, 0x1B, 0x4E, 0x73, 0x4E, 0x73, 0x73, 0x73, 0x1B, 0x3C, 0x73, 0x4E, 0x4E, 0x73, 0x73, 0x73,
    0x1B, 0x4E, 0x73, 0x4E, 0x4E, 0x73, 0x73, 0x73, 0x1B, 0x73, 0x4E, 0x4E, 0x4E, 0x73, 0x73, 0x73, 0x1B, 0x73, 0x4E, 0x4E, 0x4E, 0x73, 0x73, 0x73, 0x3C, 0x73, 0x4E, 0x4E, 0x4E, 0x73, 0x73, 0x73,
    0x73, 0x73, 0x73, 0x73, 0x73, 0x73, 0x73, 0x6F, 0x73, 0x73, 0x73, 0x73, 0x73, 0x73, 0x73, 0x6F, 0x73, 0x73, 0x73, 0x73, 0x73, 0x73, 0x73, 0x6F, 0x73, 0x73, 0x73, 0x73, 0x73, 0x73, 0x73, 0x6F,
    0x73, 0x73, 0x73, 0x73, 0x73, 0x73, 0x73, 0x6F, 0x73, 0x73, 0x73, 0x73, 0x73, 0x73, 0x73, 0x6F, 0x73, 0x73, 0x73, 0x73, 0x73, 0x73, 0x73, 0x6F, 0x73, 0x73, 0x73, 0x73, 0x73, 0x73, 0x73, 0x6F,
};

const u16 gRogueStationPalette[256] = {
    0x0000, 0x7FFF, 0x6FFF, 0x5FFF, 0x43FF, 0x37DE, 0x77BE, 0x6F7F, 0x5F7F, 0x4F7F, 0x5B5F, 0x2FBE, 0x277F, 0x033E, 0x4EFF, 0x3AFF,
    0x0EFE, 0x0B3F, 0x7FFB, 0x6FFB, 0x5FFB, 0x7FF7, 0x6FF7, 0x1390, 0x7F7B, 0x6F7B, 0x4F7B, 0x7336, 0x7338, 0x7EF7, 0x5EFB, 0x6EF7,
    0x5EF7, 0x4EFB, 0x3AFB, 0x3AF7, 0x7F73, 0x7EF3, 0x4EF3, 0x7EEE, 0x6EEE, 0x5EEE, 0x5707, 0x16C5, 0x4E7B, 0x267B, 0x227E, 0x1239,
    0x3A77, 0x2677, 0x061B, 0x31BE, 0x39D7, 0x25D7, 0x01D7, 0x1158, 0x0D73, 0x6E73, 0x5E73, 0x4E6E, 0x4A0C, 0x0A8C, 0x4DD3, 0x39D3,
    0x5DCE, 0x59ED, 0x01D3, 0x0192, 0x6666, 0x6E69, 0x4E69, 0x6DE6, 0x5DCB, 0x5DC9, 0x39C9, 0x49AB, 0x4189, 0x5547, 0x3149, 0x3A64,
    0x3A24, 0x0545, 0x5DC0, 0x39C0, 0x11E2, 0x1D62, 0x5942, 0x0D20, 0x211F, 0x2533, 0x0133, 0x0113, 0x005B, 0x0811, 0x4D2E, 0x252E,
    0x4D29, 0x2529, 0x00B0, 0x012E, 0x0129, 0x18A2, 0x006B, 0x380E, 0x240E, 0x000E, 0x6483, 0x0025, 0x3809, 0x2409, 0x0009, 0x0821,
    0x4D20, 0x3800, 0x2400, 0x0000, 0x0000, 0x0000, 0x0000, 0x0000, 0x0000, 0x0000, 0x0000, 0x0000, 0x0000, 0x0000, 0x0000, 0x0000,
    0x0000, 0x0000, 0x0000, 0x0000, 0x0000, 0x0000, 0x0000, 0x0000, 0x0000, 0x0000, 0x0000, 0x0000, 0x0000, 0x0000, 0x0000, 0x0000,
    0x0000, 0x0000, 0x0000, 0x0000, 0x0000, 0x0000, 0x0000, 0x0000, 0x0000, 0x0000, 0x0000, 0x0000, 0x0000, 0x0000, 0x0000, 0x0000,
    0x0000, 0x0000, 0x0000, 0x0000, 0x0000, 0x0000, 0x0000, 0x0000, 0x0000, 0x0000, 0x0000, 0x0000, 0x0000, 0x0000, 0x0000, 0x0000,
    0x0000, 0x0000, 0x0000, 0x0000, 0x0000, 0x0000, 0x0000, 0x0000, 0x0000, 0x0000, 0x0000, 0x0000, 0x0000, 0x0000, 0x0000, 0x0000,
    0x0000, 0x0000, 0x0000, 0x0000, 0x0000, 0x0000, 0x0000, 0x0000, 0x0000, 0x0000, 0x0000, 0x0000, 0x0000, 0x0000, 0x0000, 0x0000,
    0x0000, 0x0000, 0x0000, 0x0000, 0x0000, 0x0000, 0x0000, 0x0000, 0x0000, 0x0000, 0x0000, 0x0000, 0x0000, 0x0000, 0x0000, 0x0000,
    0x0000, 0x0000, 0x0000, 0x0000, 0x0000, 0x0000, 0x0000, 0x0000, 0x0000, 0x0000, 0x0000, 0x0000, 0x0000, 0x0000, 0x0000, 0x0000,
    0x0000, 0x0000, 0x0000, 0x0000, 0x0000, 0x0000, 0x0000, 0x0000, 0x0000, 0x0000, 0x0000, 0x0000, 0x0000, 0x0000, 0x0000, 0x0000,
};
