// Generated by tools/rogue_sprites.py from mod_assets/mickey_kh2.png. Do not edit.
#include "rogue.h"
#include "anim.h"

const u16 gRogueMickeyPalette[16] = {
    0x7FFF, 0x6BFF, 0x471D, 0x52D8, 0x3E99, 0x298D, 0x010D, 0x3D68,
    0x2907, 0x2507, 0x2507, 0x14C8, 0x14A4, 0x1084, 0x0C63, 0x0421,
};

static const u8 sTiles0[] __attribute__((aligned(4))) = {
    0x00, 0x00, 0x00, 0x00, 0x00, 0x00, 0x00, 0x00, 0x00, 0x00, 0x00, 0x00, 0x00, 0x00, 0x00, 0x00,
    0x00, 0x00, 0x00, 0x00, 0x00, 0x00, 0x00, 0x00, 0x00, 0x00, 0x00, 0x00, 0x00, 0x00, 0x00, 0x50,
    0x00, 0x00, 0x5E, 0xEE, 0x00, 0x00, 0xE0, 0x4E, 0x00, 0x00, 0x00, 0x44, 0x00, 0x00, 0x00, 0x40,
    0x00, 0x00, 0x00, 0xF0, 0x50, 0x55, 0x00, 0xDE, 0xF5, 0x3F, 0xEC, 0xFE, 0x3F, 0xF5, 0x5F, 0x0E,
    0x22, 0x44, 0x42, 0x22, 0x22, 0x42, 0x6F, 0x42, 0x44, 0xF4, 0xFF, 0x44, 0xFF, 0x4F, 0x44, 0xCF,
    0x4F, 0xF4, 0xDF, 0xEF, 0xE3, 0x5F, 0xAE, 0xCA, 0xCE, 0xAF, 0xAA, 0x33, 0x5E, 0xAF, 0x73, 0xDA,
    0x04, 0x00, 0x00, 0x00, 0x06, 0x00, 0x00, 0x00, 0x00, 0x00, 0x00, 0x00, 0x00, 0x00, 0x00, 0x00,
    0x5C, 0x00, 0x00, 0x00, 0xDF, 0xAF, 0x00, 0x00, 0xFB, 0xEE, 0xAA, 0x00, 0xFD, 0xEE, 0x7E, 0x0A,
    0x00, 0x00, 0x00, 0x50, 0x00, 0x00, 0x00, 0x00, 0x00, 0x00, 0x00, 0x00, 0x00, 0x00, 0x00, 0x00,
    0x00, 0x00, 0x00, 0x00, 0x00, 0x00, 0x00, 0x00, 0x00, 0x00, 0x00, 0x00, 0x00, 0x00, 0x00, 0x00,
    0x5F, 0x3F, 0x5E, 0xE0, 0x35, 0xEE, 0xE5, 0x50, 0xFE, 0xE3, 0x0E, 0xE0, 0xE0, 0x0E, 0x00, 0x00,
    0x00, 0x00, 0x00, 0xF0, 0x00, 0x00, 0x00, 0xF0, 0x00, 0x00, 0x00, 0x00, 0x00, 0x00, 0x00, 0x00,
    0xFC, 0xA5, 0x73, 0xCA, 0xFC, 0xA5, 0xA7, 0x53, 0xFF, 0xAC, 0xAA, 0xDC, 0xFF, 0x3F, 0xAA, 0xDA,
    0xBB, 0xDD, 0x6A, 0xD2, 0xBD, 0xAB, 0x2A, 0xA6, 0xDF, 0xAF, 0xA7, 0xAA, 0xE0, 0xAE, 0x7A, 0xAA,
    0x0F, 0x35, 0xE5, 0xA7, 0x50, 0xF3, 0x5F, 0xA7, 0x35, 0x3F, 0x33, 0xA5, 0xF3, 0xFF, 0x3F, 0xA5,
    0xF5, 0xF3, 0xF3, 0xAE, 0xFD, 0x35, 0xE5, 0xA7, 0xEA, 0xEE, 0xAE, 0xA3, 0x26, 0xEA, 0xA0, 0x3A,
    0x00, 0x00, 0x00, 0x00, 0x00, 0x00, 0x00, 0x00, 0x00, 0x00, 0x00, 0x00, 0x00, 0x00, 0x00, 0x00,
    0x00, 0x60, 0x60, 0x66, 0x00, 0x26, 0x66, 0x22, 0x60, 0x22, 0x06, 0x26, 0x00, 0x26, 0x62, 0x26,
    0x00, 0x50, 0xDB, 0x00, 0x50, 0xCC, 0xAE, 0xAA, 0xEC, 0xFE, 0x7A, 0x33, 0xEE, 0xFC, 0x7A, 0xA3,
    0xEE, 0xAC, 0x37, 0xDA, 0xE6, 0x3A, 0xA3, 0xD3, 0xA6, 0x37, 0xEA, 0xEE, 0xA6, 0xA3, 0x00, 0x00,
    0xE3, 0x7A, 0xB3, 0xA7, 0xAA, 0x77, 0xAA, 0x7A, 0x73, 0xAA, 0x0E, 0xAF, 0xAA, 0xF3, 0xFE, 0xF3,
    0x33, 0xEE, 0xE0, 0xF3, 0xEE, 0x0E, 0xE0, 0xBE, 0x0E, 0x00, 0x00, 0xDE, 0x00, 0x00, 0x00, 0xEE,
    0x62, 0xAA, 0x7A, 0xA7, 0xAA, 0xAA, 0x37, 0xA3, 0xCA, 0x3F, 0xAA, 0xAA, 0xE3, 0xBE, 0x3B, 0x03,
    0xDB, 0xDB, 0xEE, 0x33, 0xBD, 0x3D, 0xEE, 0xEE, 0xBF, 0xFD, 0xE3, 0xEE, 0xD3, 0x33, 0xCC, 0xEE,
    0x66, 0x60, 0x66, 0x62, 0x26, 0x66, 0x26, 0x62, 0x26, 0x22, 0x62, 0xA6, 0x66, 0x66, 0x06, 0x3A,
    0xAA, 0x00, 0x3A, 0x77, 0x7A, 0xAA, 0x73, 0xA3, 0xAA, 0xA0, 0xA7, 0x0A, 0x0A, 0xA0, 0xA7, 0x00,
    0x3A, 0x0A, 0x00, 0x00, 0xA0, 0xA7, 0x00, 0x00, 0x7A, 0xAA, 0x00, 0x00, 0xA3, 0x00, 0x00, 0x00,
    0x77, 0x0A, 0x00, 0x00, 0x7A, 0x0A, 0x00, 0x00, 0xA0, 0x0A, 0x00, 0x00, 0x00, 0x00, 0x00, 0x00,
    0x00, 0x00, 0x00, 0xE0, 0x00, 0x00, 0x00, 0x00, 0x00, 0x00, 0x00, 0x00, 0x00, 0x00, 0x00, 0x00,
    0x00, 0x00, 0x00, 0x00, 0x00, 0x00, 0x00, 0x00, 0x00, 0x00, 0x00, 0x00, 0x00, 0x00, 0x00, 0x00,
    0xEE, 0xEE, 0xEE, 0x0E, 0xE0, 0xEE, 0x0E, 0x00, 0x00, 0x00, 0x00, 0x00, 0x00, 0x00, 0x00, 0x00,
    0x00, 0x00, 0x00, 0x00, 0x00, 0x00, 0x00, 0x00, 0x00, 0x00, 0x00, 0x00, 0x00, 0x00, 0x00, 0x00,
    0x00, 0x00, 0xCC, 0xCC, 0x00, 0xC0, 0xEC, 0xEE, 0x00, 0xCC, 0xEE, 0xEE, 0x00, 0xCC, 0xEE, 0xEE,
    0x00, 0xCC, 0xEE, 0xEE, 0x00, 0xCC, 0xEE, 0xEE, 0x00, 0xE0, 0xEC, 0xEE, 0xE0, 0xEE, 0xEE, 0x0E,
    0x00, 0x00, 0x00, 0x00, 0x0E, 0x00, 0x00, 0x00, 0xEE, 0x00, 0x00, 0x00, 0xEE, 0x00, 0x00, 0x00,
    0xEE, 0x00, 0x00, 0x00, 0xEE, 0x00, 0x00, 0x00, 0x0E, 0x00, 0x00, 0x00, 0x00, 0xC0, 0xCC, 0x0C,
    0xCE, 0xEE, 0xEE, 0xEE, 0xEC, 0xEE, 0xEE, 0xEE, 0xEE, 0x2E, 0xE2, 0xEE, 0xEE, 0x22, 0x42, 0xEE,
    0xF4, 0x2F, 0x42, 0xEE, 0xF4, 0x2F, 0x42, 0xEE, 0xE4, 0x2F, 0x64, 0xEE, 0xE4, 0x2F, 0x64, 0x44,
    0x00, 0xCC, 0xEC, 0xCE, 0x0E, 0xEC, 0xEE, 0xEE, 0xEE, 0xEC, 0xEE, 0xEE, 0xEE, 0xEE, 0xEE, 0xEE,
    0xEE, 0xEE, 0xEE, 0xEE, 0xEE, 0xEE, 0xEE, 0xEE, 0xEE, 0xE0, 0xEE, 0x0E, 0xEE, 0x00, 0x00, 0x00,
    0x00, 0x00, 0x00, 0x00, 0x00, 0x00, 0x00, 0x00, 0x0A, 0x00, 0x00, 0x00, 0x0A, 0x00, 0x00, 0x00,
    0x00, 0x00, 0x00, 0x00, 0xAA, 0x00, 0x00, 0x00, 0xA3, 0x00, 0x00, 0x00, 0x0A, 0x00, 0x00, 0x00,
    0xEA, 0x00, 0x00, 0x00, 0x0E, 0x00, 0x00, 0x00, 0x00, 0x00, 0x00, 0x00, 0x00, 0x00, 0x00, 0x00,
    0x00, 0x00, 0x00, 0x00, 0x00, 0x00, 0x00, 0x00, 0x00, 0x00, 0x00, 0x00, 0x00, 0x00, 0x00, 0x00,
    0x00, 0x00, 0x00, 0x00, 0x00, 0x00, 0x00, 0xE0, 0x00, 0x00, 0x00, 0xE0, 0x00, 0x00, 0x00, 0xF4,
    0x00, 0x00, 0x00, 0xF4, 0x00, 0x00, 0x00, 0xE2, 0x00, 0x00, 0x60, 0xE4, 0x00, 0x00, 0xE6, 0x4E,
    0x00, 0x00, 0x00, 0x00, 0x0E, 0x00, 0x00, 0x00, 0x0E, 0x00, 0x00, 0x00, 0x0E, 0x00, 0x00, 0x00,
    0x0E, 0x00, 0x00, 0x00, 0x00, 0x00, 0x00, 0x00, 0x00, 0x00, 0x00, 0x00, 0x00, 0x00, 0x00, 0x00,
    0x00, 0xA0, 0x0A, 0x00, 0x00, 0x00, 0x00, 0x00, 0x00, 0x00, 0x00, 0x00, 0x00, 0x00, 0x00, 0x00,
    0x00, 0x00, 0x00, 0x00, 0x00, 0x00, 0x00, 0x00, 0x00, 0x00, 0x00, 0x00, 0x00, 0x00, 0x00, 0x00,
};
static const u16 sSet0Frame0[] = {
    0x0006, 0x00E9, 0x81EC, 0x0000, 0x00D9, 0x41FC, 0x0010, 0x80F1, 0x000C, 0x0014, 0x00E1, 0x01F4,
    0x0016, 0x00E1, 0x000C, 0x0017, 0x0009, 0x01EC, 0x0018, 0x0000,
};
static const void* const sSet0Frames[] = { sSet0Frame0 };

static const u16 sBattleAnim0[] = {
    0x0040, 0x0040, 0x0004, 0x0000, 0x0030, 0x0000, 0x0006, 0x0000, 0x0004, 0x0000, 0x0004,
};
static const u16 sBattleAnim1[] = {
    0x0040, 0x0040, 0x0004, 0x0000, 0x000C, 0x0000, 0x000C, 0x0000, 0x000C, 0x0000, 0x000C,
};
static const u8 sTiles1[] __attribute__((aligned(4))) = {
    0x00, 0x00, 0x00, 0x00, 0x00, 0x00, 0x00, 0x00, 0x00, 0x00, 0x00, 0x00, 0x00, 0x00, 0x00, 0x00,
    0x00, 0x00, 0x00, 0x00, 0x00, 0x00, 0x00, 0x00, 0x00, 0x00, 0x00, 0x00, 0x00, 0x00, 0x00, 0x50,
    0x00, 0x00, 0x5E, 0xEE, 0x00, 0x00, 0xE0, 0x4E, 0x00, 0x00, 0x00, 0x44, 0x00, 0x00, 0x00, 0x40,
    0x00, 0x00, 0x00, 0xF0, 0x50, 0x55, 0x00, 0xDE, 0xF5, 0x3F, 0xEC, 0xFE, 0x3F, 0xF5, 0x5F, 0x0E,
    0x22, 0x44, 0x42, 0x22, 0x22, 0x42, 0x6F, 0x42, 0x44, 0xF4, 0xFF, 0x44, 0xFF, 0x4F, 0x44, 0xCF,
    0x4F, 0xF4, 0xDF, 0xEF, 0xE3, 0x5F, 0xAE, 0xCA, 0xCE, 0xAF, 0xAA, 0x33, 0x5E, 0xAF, 0x73, 0xDA,
    0x04, 0x00, 0x00, 0x00, 0x06, 0x00, 0x00, 0x00, 0x00, 0x00, 0x00, 0x00, 0x00, 0x00, 0x00, 0x00,
    0x5C, 0x00, 0x00, 0x00, 0xDF, 0xAF, 0x00, 0x00, 0xFB, 0xEE, 0xAA, 0x00, 0xFD, 0xEE, 0x7E, 0x0A,
    0x00, 0x00, 0x00, 0x50, 0x00, 0x00, 0x00, 0x00, 0x00, 0x00, 0x00, 0x00, 0x00, 0x00, 0x00, 0x00,
    0x00, 0x00, 0x00, 0x00, 0x00, 0x00, 0x00, 0x00, 0x00, 0x00, 0x00, 0x00, 0x00, 0x00, 0x00, 0x00,
    0x5F, 0x3F, 0x5E, 0xE0, 0x35, 0xEE, 0xE5, 0x50, 0xFE, 0xE3, 0x0E, 0xE0, 0xE0, 0x0E, 0x00, 0x00,
    0x00, 0x00, 0x00, 0xF0, 0x00, 0x00, 0x00, 0xF0, 0x00, 0x00, 0x00, 0x00, 0x00, 0x00, 0x00, 0x00,
    0xFC, 0xA5, 0x73, 0xCA, 0xFC, 0xA5, 0xA7, 0x53, 0xFF, 0xAC, 0xAA, 0xDC, 0xFF, 0x3F, 0xAA, 0xDA,
    0xBB, 0xDD, 0x6A, 0xD2, 0xBD, 0xAB, 0x2A, 0xA6, 0xDF, 0xAF, 0xA7, 0xAA, 0xE0, 0xAE, 0x7A, 0xAA,
    0x0F, 0x35, 0xE5, 0xA7, 0x50, 0xF3, 0x5F, 0xA7, 0x35, 0x3F, 0x33, 0xA5, 0xF3, 0xFF, 0x3F, 0xA5,
    0xF5, 0xF3, 0xF3, 0xAE, 0xFD, 0x35, 0xE5, 0xA7, 0xEA, 0xEE, 0xAE, 0xA3, 0x26, 0xEA, 0xA0, 0x3A,
    0x00, 0x00, 0x00, 0x00, 0x00, 0x00, 0x00, 0x00, 0x00, 0x00, 0x00, 0x00, 0x00, 0x00, 0x00, 0x00,
    0x00, 0x60, 0x60, 0x66, 0x00, 0x26, 0x66, 0x22, 0x60, 0x22, 0x06, 0x26, 0x00, 0x26, 0x62, 0x26,
    0x00, 0x50, 0xDB, 0x00, 0x50, 0xCC, 0xAE, 0xAA, 0xEC, 0xFE, 0x7A, 0x33, 0xEE, 0xFC, 0x7A, 0xA3,
    0xEE, 0xAC, 0x37, 0xDA, 0xE6, 0x3A, 0xA3, 0xD3, 0xA6, 0x37, 0xEA, 0xEE, 0xA6, 0xA3, 0x00, 0x00,
    0xE3, 0x7A, 0xB3, 0xA7, 0xAA, 0x77, 0xAA, 0x7A, 0x73, 0xAA, 0x0E, 0xAF, 0xAA, 0xF3, 0xFE, 0xF3,
    0x33, 0xEE, 0xE0, 0xF3, 0xEE, 0x0E, 0xE0, 0xBE, 0x0E, 0x00, 0x00, 0xDE, 0x00, 0x00, 0x00, 0xEE,
    0x62, 0xAA, 0x7A, 0xA7, 0xAA, 0xAA, 0x37, 0xA3, 0xCA, 0x3F, 0xAA, 0xAA, 0xE3, 0xBE, 0x3B, 0x03,
    0xDB, 0xDB, 0xEE, 0x33, 0xBD, 0x3D, 0xEE, 0xEE, 0xBF, 0xFD, 0xE3, 0xEE, 0xD3, 0x33, 0xCC, 0xEE,
    0x66, 0x60, 0x66, 0x62, 0x26, 0x66, 0x26, 0x62, 0x26, 0x22, 0x62, 0xA6, 0x66, 0x66, 0x06, 0x3A,
    0xAA, 0x00, 0x3A, 0x77, 0x7A, 0xAA, 0x73, 0xA3, 0xAA, 0xA0, 0xA7, 0x0A, 0x0A, 0xA0, 0xA7, 0x00,
    0x3A, 0x0A, 0x00, 0x00, 0xA0, 0xA7, 0x00, 0x00, 0x7A, 0xAA, 0x00, 0x00, 0xA3, 0x00, 0x00, 0x00,
    0x77, 0x0A, 0x00, 0x00, 0x7A, 0x0A, 0x00, 0x00, 0xA0, 0x0A, 0x00, 0x00, 0x00, 0x00, 0x00, 0x00,
    0x00, 0x00, 0x00, 0xE0, 0x00, 0x00, 0x00, 0x00, 0x00, 0x00, 0x00, 0x00, 0x00, 0x00, 0x00, 0x00,
    0x00, 0x00, 0x00, 0x00, 0x00, 0x00, 0x00, 0x00, 0x00, 0x00, 0x00, 0x00, 0x00, 0x00, 0x00, 0x00,
    0xEE, 0xEE, 0xEE, 0x0E, 0xE0, 0xEE, 0x0E, 0x00, 0x00, 0x00, 0x00, 0x00, 0x00, 0x00, 0x00, 0x00,
    0x00, 0x00, 0x00, 0x00, 0x00, 0x00, 0x00, 0x00, 0x00, 0x00, 0x00, 0x00, 0x00, 0x00, 0x00, 0x00,
    0x00, 0x00, 0xCC, 0xCC, 0x00, 0xC0, 0xEC, 0xEE, 0x00, 0xCC, 0xEE, 0xEE, 0x00, 0xCC, 0xEE, 0xEE,
    0x00, 0xCC, 0xEE, 0xEE, 0x00, 0xCC, 0xEE, 0xEE, 0x00, 0xE0, 0xEC, 0xEE, 0xE0, 0xEE, 0xEE, 0x0E,
    0x00, 0x00, 0x00, 0x00, 0x0E, 0x00, 0x00, 0x00, 0xEE, 0x00, 0x00, 0x00, 0xEE, 0x00, 0x00, 0x00,
    0xEE, 0x00, 0x00, 0x00, 0xEE, 0x00, 0x00, 0x00, 0x0E, 0x00, 0x00, 0x00, 0x00, 0xC0, 0xCC, 0x0C,
    0xCE, 0xEE, 0xEE, 0xEE, 0xEC, 0xEE, 0xEE, 0xEE, 0xEE, 0x2E, 0xE2, 0xEE, 0xEE, 0x22, 0x42, 0xEE,
    0xF4, 0x2F, 0x42, 0xEE, 0xF4, 0x2F, 0x42, 0xEE, 0xE4, 0x2F, 0x64, 0xEE, 0xE4, 0x2F, 0x64, 0x44,
    0x00, 0xCC, 0xEC, 0xCE, 0x0E, 0xEC, 0xEE, 0xEE, 0xEE, 0xEC, 0xEE, 0xEE, 0xEE, 0xEE, 0xEE, 0xEE,
    0xEE, 0xEE, 0xEE, 0xEE, 0xEE, 0xEE, 0xEE, 0xEE, 0xEE, 0xE0, 0xEE, 0x0E, 0xEE, 0x00, 0x00, 0x00,
    0x00, 0x00, 0x00, 0x00, 0x00, 0x00, 0x00, 0x00, 0x0A, 0x00, 0x00, 0x00, 0x0A, 0x00, 0x00, 0x00,
    0x00, 0x00, 0x00, 0x00, 0xAA, 0x00, 0x00, 0x00, 0xA3, 0x00, 0x00, 0x00, 0x0A, 0x00, 0x00, 0x00,
    0xEA, 0x00, 0x00, 0x00, 0x0E, 0x00, 0x00, 0x00, 0x00, 0x00, 0x00, 0x00, 0x00, 0x00, 0x00, 0x00,
    0x00, 0x00, 0x00, 0x00, 0x00, 0x00, 0x00, 0x00, 0x00, 0x00, 0x00, 0x00, 0x00, 0x00, 0x00, 0x00,
    0x00, 0x00, 0x00, 0x00, 0x00, 0x00, 0x00, 0xE0, 0x00, 0x00, 0x00, 0xE0, 0x00, 0x00, 0x00, 0xF4,
    0x00, 0x00, 0x00, 0xF4, 0x00, 0x00, 0x00, 0xE2, 0x00, 0x00, 0x60, 0xE4, 0x00, 0x00, 0xE6, 0x4E,
    0x00, 0x00, 0x00, 0x00, 0x0E, 0x00, 0x00, 0x00, 0x0E, 0x00, 0x00, 0x00, 0x0E, 0x00, 0x00, 0x00,
    0x0E, 0x00, 0x00, 0x00, 0x00, 0x00, 0x00, 0x00, 0x00, 0x00, 0x00, 0x00, 0x00, 0x00, 0x00, 0x00,
    0x00, 0xA0, 0x0A, 0x00, 0x00, 0x00, 0x00, 0x00, 0x00, 0x00, 0x00, 0x00, 0x00, 0x00, 0x00, 0x00,
    0x00, 0x00, 0x00, 0x00, 0x00, 0x00, 0x00, 0x00, 0x00, 0x00, 0x00, 0x00, 0x00, 0x00, 0x00, 0x00,
    0x00, 0x00, 0x00, 0x00, 0x00, 0x00, 0x00, 0x00, 0x00, 0x00, 0x00, 0x00, 0x00, 0x00, 0x00, 0x00,
    0x00, 0x00, 0x00, 0x00, 0x00, 0x00, 0x00, 0x00, 0x00, 0x00, 0x00, 0x00, 0x06, 0x00, 0x00, 0x00,
    0x00, 0xC0, 0x44, 0xC6, 0x00, 0x4C, 0x22, 0x4C, 0x00, 0x24, 0x22, 0x44, 0xC0, 0x22, 0x22, 0x22,
    0xF0, 0xF2, 0x22, 0x22, 0x40, 0xF2, 0xF2, 0x2F, 0x40, 0xE2, 0xF2, 0x2F, 0xFF, 0xE4, 0xE2, 0x2F,
    0xEE, 0xEE, 0x0E, 0x00, 0xC4, 0xEE, 0xEE, 0xC0, 0x44, 0xEC, 0xEE, 0xCE, 0x42, 0xE6, 0xEE, 0xCE,
    0x22, 0xE4, 0xEE, 0xCE, 0x22, 0xE4, 0xEE, 0xEE, 0x22, 0xE4, 0xEE, 0xEE, 0x42, 0xEC, 0xEE, 0x00,
    0xCC, 0xCC, 0x00, 0x00, 0xCC, 0xEE, 0x0E, 0x00, 0xEC, 0xEE, 0xCE, 0x00, 0xEE, 0xEE, 0xCE, 0x00,
    0xEE, 0xEE, 0xCE, 0x00, 0xEE, 0xEE, 0xEE, 0x00, 0xEE, 0xEE, 0x0E, 0x00, 0xEE, 0xEE, 0x00, 0x00,
    0x62, 0x00, 0x00, 0x55, 0x66, 0x66, 0x55, 0xFF, 0x22, 0x26, 0xF6, 0x33, 0x62, 0x26, 0x56, 0x55,
    0x66, 0x26, 0x36, 0xEE, 0x22, 0x62, 0xA6, 0xAA, 0x66, 0x66, 0x7A, 0x33, 0xAA, 0xA0, 0xA3, 0xAA,
    0x4F, 0x44, 0xE4, 0x2F, 0xE5, 0x24, 0x42, 0x22, 0xCE, 0x2E, 0x22, 0x24, 0xEE, 0x4E, 0x42, 0x4F,
    0xAF, 0xAA, 0xFF, 0xCC, 0x8A, 0x77, 0x5A, 0xF5, 0x33, 0x37, 0xA3, 0x5F, 0xAA, 0xAA, 0x37, 0xAA,
    0x42, 0xEE, 0xEE, 0xAD, 0xC4, 0xEF, 0xCE, 0x3A, 0x22, 0xF4, 0xEB, 0xEC, 0x44, 0x3F, 0xEA, 0x5E,
    0xEE, 0xEE, 0x7A, 0xF5, 0xC5, 0xAA, 0x56, 0x33, 0xAC, 0xA7, 0x52, 0xFF, 0x8A, 0xA7, 0x35, 0xF3,
    0x00, 0x00, 0x00, 0x00, 0xAA, 0xAA, 0x00, 0x00, 0x37, 0x33, 0x0A, 0x00, 0xAE, 0xAA, 0x00, 0x00,
    0xE3, 0xA3, 0xAA, 0x00, 0xFF, 0x7E, 0xA3, 0x00, 0xFF, 0xEF, 0x77, 0x0A, 0xFF, 0x3F, 0x3E, 0x0A,
    0x7A, 0xA7, 0xF5, 0x35, 0x7A, 0xA7, 0xF5, 0x3E, 0xAD, 0x87, 0x56, 0x5A, 0xBB, 0xAA, 0x22, 0xEA,
    0xBB, 0xAA, 0x66, 0x0A, 0xDD, 0xCD, 0xAA, 0x7A, 0xEE, 0xFC, 0xA5, 0xA7, 0xEE, 0xFF, 0xA5, 0x37,
    0x3F, 0x3F, 0x3E, 0x0A, 0x5F, 0x5F, 0xEF, 0x0A, 0xEF, 0xE3, 0xE3, 0x0A, 0xEF, 0xEF, 0xA5, 0x00,
    0x05, 0x75, 0xAA, 0x00, 0x37, 0xAA, 0x00, 0x00, 0xAA, 0x37, 0x0A, 0x00, 0x77, 0xA3, 0x0A, 0x00,
    0xEF, 0x3F, 0x55, 0x7A, 0xE5, 0x55, 0x53, 0xAF, 0xE3, 0xFC, 0x3F, 0xEF, 0xCD, 0xFE, 0xBD, 0xED,
    0xBD, 0xBB, 0xDB, 0xE3, 0xDB, 0xDD, 0xBD, 0xEF, 0xC5, 0xFC, 0xDF, 0xED, 0xCE, 0xF5, 0x3F, 0xE5,
    0xA7, 0x0A, 0x00, 0x00, 0x0A, 0x00, 0x00, 0x00, 0x00, 0x00, 0x00, 0x00, 0x00, 0x00, 0x00, 0x00,
    0x00, 0x00, 0x00, 0x00, 0x00, 0x00, 0x00, 0x00, 0x00, 0x00, 0x00, 0x00, 0x00, 0x00, 0x00, 0x00,
    0x00, 0x00, 0x00, 0x00, 0x00, 0x00, 0x00, 0x00, 0x00, 0x00, 0x00, 0xC0, 0x00, 0x00, 0x00, 0xC0,
    0x00, 0x00, 0x00, 0xC0, 0x00, 0x00, 0x00, 0x00, 0x00, 0x00, 0x00, 0xEE, 0x00, 0x00, 0xCC, 0xEE,
    0xC0, 0xEC, 0x0E, 0x00, 0xCC, 0xEE, 0xEE, 0x00, 0xEC, 0xEE, 0xEE, 0x0E, 0xEC, 0xEE, 0xEE, 0x0E,
    0xEC, 0xEE, 0xEE, 0x0E, 0xCC, 0xEE, 0xEE, 0x0E, 0xCE, 0xCC, 0xEE, 0x0E, 0xEE, 0xEE, 0xEE, 0x00,
    0x00, 0x7A, 0x33, 0x37, 0x00, 0xAA, 0xAA, 0x7A, 0x00, 0x00, 0x00, 0xA0, 0x00, 0x00, 0x00, 0xA0,
    0x00, 0x00, 0x00, 0xEC, 0x00, 0x00, 0x00, 0xEE, 0x00, 0x00, 0x00, 0xEE, 0x00, 0x00, 0x00, 0xE0,
    0x73, 0x7A, 0x0A, 0xF0, 0x73, 0xAA, 0x0A, 0xEF, 0xA7, 0xDB, 0xCD, 0xEF, 0xA8, 0xBE, 0x5D, 0xEC,
    0xFA, 0xB3, 0xED, 0xEE, 0xFC, 0xB3, 0xDD, 0xF3, 0x3C, 0xDB, 0xDF, 0x33, 0xCE, 0xDD, 0xD3, 0xEE,
    0x00, 0x00, 0x00, 0x60, 0x00, 0x00, 0x06, 0x26, 0x00, 0x60, 0x62, 0x62, 0x00, 0x6A, 0x62, 0x26,
    0xA0, 0xA8, 0x26, 0x66, 0x7A, 0xA3, 0x60, 0x22, 0x00, 0xA0, 0x0A, 0x66, 0x00, 0xA0, 0xA7, 0xA0,
    0xBD, 0xFB, 0xAA, 0x77, 0xDB, 0xDD, 0xFF, 0xAA, 0xDE, 0xBB, 0xFD, 0xDF, 0xEE, 0xDD, 0xFF, 0xBD,
    0xFE, 0xEE, 0x00, 0xBF, 0xF3, 0x00, 0x00, 0xDC, 0xEE, 0x00, 0x00, 0xC0, 0x0E, 0x00, 0x00, 0x00,
    0xEE, 0xEE, 0xEE, 0x0E, 0x00, 0x00, 0x00, 0x00, 0x00, 0x00, 0x00, 0x00, 0x00, 0x00, 0x00, 0x00,
    0x00, 0x00, 0x00, 0x00, 0x00, 0x00, 0x00, 0x00, 0x00, 0x00, 0x00, 0x00, 0x00, 0x00, 0x00, 0x00,
    0xEE, 0x35, 0x33, 0xEE, 0xC0, 0xCC, 0xEC, 0x0E, 0x00, 0xEE, 0x0E, 0x00, 0x00, 0x00, 0x00, 0x00,
    0x00, 0x00, 0x00, 0x00, 0x00, 0x00, 0x00, 0x00, 0x00, 0x00, 0x00, 0x00, 0x00, 0x00, 0x00, 0x00,
    0x00, 0x00, 0x00, 0x00, 0x00, 0x00, 0x00, 0x00, 0x00, 0x00, 0x00, 0x00, 0x00, 0x00, 0x00, 0x00,
    0x00, 0x00, 0x00, 0x00, 0x00, 0x00, 0x00, 0x00, 0x00, 0x00, 0x00, 0x00, 0x00, 0x00, 0x00, 0x50,
    0x00, 0x00, 0x00, 0x00, 0x00, 0x00, 0x00, 0x00, 0x00, 0x00, 0x00, 0x00, 0x00, 0x00, 0x00, 0x00,
    0x00, 0x00, 0x00, 0x00, 0x00, 0x00, 0x00, 0x00, 0x00, 0x00, 0x00, 0x00, 0x55, 0x00, 0x00, 0x00,
    0x00, 0xC0, 0xCC, 0x0C, 0x00, 0xCC, 0xEE, 0xEE, 0xC0, 0xEC, 0xEE, 0xEE, 0xC0, 0xEC, 0xEE, 0xEE,
    0xC0, 0xEC, 0xEE, 0xEE, 0xC0, 0xEC, 0xEE, 0xEE, 0x00, 0xCE, 0xEE, 0xEE, 0xE0, 0xEE, 0xCC, 0x0C,
    0x00, 0x00, 0x00, 0x00, 0x00, 0x00, 0x00, 0x00, 0x0E, 0x00, 0x00, 0x00, 0x0E, 0x00, 0x00, 0x00,
    0x0E, 0x00, 0x00, 0x00, 0x0E, 0x00, 0x00, 0x00, 0x00, 0x00, 0x00, 0x00, 0x00, 0x00, 0x00, 0x00,
    0x00, 0x00, 0x00, 0xF5, 0x00, 0x00, 0x50, 0x3F, 0x00, 0x00, 0x50, 0xF3, 0x00, 0x00, 0x00, 0xEE,
    0x00, 0x00, 0x00, 0x00, 0x00, 0x00, 0x00, 0x00, 0x00, 0x00, 0x00, 0x00, 0x00, 0x00, 0x00, 0x00,
    0xFF, 0x53, 0x00, 0xE0, 0x53, 0xF5, 0x05, 0x4E, 0x3E, 0x33, 0xCF, 0x24, 0xE0, 0x53, 0x45, 0x24,
    0x00, 0xFE, 0x4F, 0x2F, 0x00, 0xE0, 0x2F, 0x2F, 0x00, 0x00, 0x24, 0x2E, 0x00, 0x00, 0x24, 0x2C,
    0x6E, 0xEC, 0xEE, 0xEE, 0x44, 0xEF, 0xEE, 0xEE, 0x22, 0x4C, 0xC4, 0xEE, 0x22, 0x22, 0x44, 0xEE,
    0x22, 0x22, 0x42, 0xEE, 0xFF, 0x22, 0x42, 0xEE, 0xFF, 0x22, 0x42, 0xEE, 0xFE, 0x22, 0x44, 0xEE,
    0x00, 0x00, 0x00, 0x00, 0x00, 0x00, 0x00, 0x00, 0x0E, 0xC0, 0xCC, 0x0C, 0x0E, 0xCC, 0xEC, 0xEE,
    0xEE, 0xCC, 0xEE, 0xEE, 0xEE, 0xEC, 0xEE, 0xEE, 0xEE, 0xEC, 0xEE, 0xEE, 0xEE, 0xEE, 0xEE, 0xEE,
    0x00, 0x00, 0x00, 0x00, 0x06, 0x00, 0x00, 0x00, 0x62, 0x00, 0x00, 0x00, 0x66, 0x66, 0x00, 0x00,
    0x22, 0x26, 0x06, 0x00, 0x62, 0x26, 0x06, 0x00, 0x66, 0x26, 0x06, 0x00, 0x22, 0x62, 0xA6, 0xAA,
    0x00, 0x40, 0x44, 0x24, 0x00, 0xEE, 0x24, 0x42, 0xE0, 0xE5, 0x4C, 0x22, 0x00, 0xEE, 0x4E, 0x22,
    0x00, 0x00, 0xFF, 0x44, 0x00, 0x00, 0x00, 0xFF, 0xA0, 0xAA, 0x00, 0x5E, 0x8A, 0x77, 0x0A, 0xCE,
    0xFE, 0x22, 0xC4, 0xEE, 0x24, 0x42, 0xE4, 0xEE, 0x44, 0x42, 0xFE, 0xAE, 0x22, 0x22, 0x42, 0x3A,
    0x44, 0xFF, 0xA4, 0x73, 0xFF, 0x44, 0x7A, 0xF3, 0xFC, 0xC5, 0x7A, 0xAF, 0xF5, 0xAA, 0x66, 0xEE,
    0x0E, 0xEE, 0xEE, 0xEE, 0x00, 0xE0, 0xEE, 0x0E, 0x0E, 0x00, 0x00, 0x00, 0xAA, 0xAA, 0x00, 0x00,
    0xCE, 0x3E, 0x0A, 0x00, 0xC7, 0xEF, 0x00, 0x00, 0x55, 0xF3, 0xAE, 0x00, 0xF3, 0xFF, 0xEF, 0x00,
    0x66, 0x66, 0x7A, 0x33, 0xAA, 0xA0, 0xA3, 0xAA, 0x73, 0x7A, 0x0A, 0x00, 0x73, 0xAA, 0xCA, 0xEC,
    0xA7, 0x00, 0xEE, 0xEC, 0xA8, 0x00, 0xEE, 0xCE, 0x0A, 0x00, 0xEE, 0x5E, 0x00, 0x00, 0xEE, 0x3E,
    0x33, 0x37, 0xA3, 0xE3, 0xAA, 0xAA, 0x37, 0xAA, 0x00, 0x00, 0xAA, 0x77, 0x0C, 0x00, 0xBF, 0xAA,
    0xCE, 0x0E, 0xEE, 0xFF, 0xFF, 0xCD, 0xEE, 0xEE, 0xFF, 0xFB, 0xEE, 0x0F, 0xD3, 0xDB, 0x5F, 0xFF,
    0xA5, 0xA7, 0x22, 0x53, 0x8A, 0xA7, 0x66, 0x3C, 0x7A, 0xA7, 0xAA, 0x3E, 0x7A, 0xA7, 0xAA, 0xFE,
    0xAF, 0x87, 0x66, 0xFD, 0x00, 0xAA, 0x22, 0x5D, 0x00, 0xAA, 0x66, 0xFD, 0x00, 0xE0, 0xAA, 0x7A,
    0xFF, 0xFF, 0xE3, 0x0A, 0x3F, 0x3F, 0xEF, 0x0A, 0x5F, 0x5F, 0xEF, 0x0A, 0x53, 0x5F, 0xEF, 0x0A,
    0x55, 0x53, 0xE3, 0x0A, 0x00, 0x75, 0xAE, 0x00, 0x00, 0x77, 0xAA, 0x00, 0x37, 0xAA, 0x00, 0x00,
    0x00, 0x00, 0xE0, 0x5E, 0x00, 0x00, 0x00, 0xEE, 0x00, 0x00, 0x00, 0x00, 0x00, 0x00, 0x00, 0x00,
    0x00, 0x00, 0x00, 0x00, 0x00, 0x00, 0x00, 0x00, 0x00, 0x00, 0x00, 0x00, 0x00, 0x00, 0x00, 0x00,
    0xB5, 0xB5, 0x35, 0xF5, 0xD3, 0xDF, 0x53, 0xEF, 0xEE, 0xCE, 0xFF, 0xEE, 0x00, 0xE0, 0xEE, 0x0E,
    0x00, 0x00, 0x00, 0x00, 0x00, 0x00, 0x00, 0x00, 0x00, 0x00, 0x00, 0x00, 0x00, 0x00, 0x00, 0x00,
    0x00, 0xE0, 0xAE, 0xA7, 0x00, 0xE0, 0xAE, 0x37, 0x00, 0xFE, 0xEE, 0x7A, 0x00, 0xEC, 0x5C, 0xA3,
    0xE0, 0xBB, 0xDB, 0xDB, 0xB0, 0xDD, 0xBB, 0xDD, 0x5F, 0xCC, 0xD3, 0x5B, 0x5F, 0xCC, 0x3F, 0xBD,
    0xAA, 0x37, 0x0A, 0x00, 0x77, 0xA3, 0x0A, 0x00, 0xA7, 0x0A, 0x00, 0x00, 0xEA, 0x00, 0x00, 0x00,
    0xEF, 0x00, 0x00, 0x00, 0x0E, 0x00, 0x00, 0x00, 0x0E, 0x00, 0x00, 0x00, 0x0E, 0x00, 0x00, 0x00,
    0x00, 0x00, 0x00, 0x00, 0x00, 0x00, 0x00, 0x00, 0x00, 0x00, 0x00, 0x60, 0x00, 0x00, 0x06, 0x26,
    0x00, 0x60, 0x62, 0x62, 0x00, 0x6A, 0x62, 0x26, 0xA0, 0xA8, 0x26, 0x66, 0x7A, 0xA3, 0x60, 0x22,
    0x00, 0xA0, 0x0A, 0x66, 0x00, 0xA0, 0xA7, 0xA0, 0x00, 0x7A, 0x33, 0x37, 0x00, 0xAA, 0xAA, 0x7A,
    0x00, 0x00, 0x00, 0xA0, 0x00, 0x00, 0x00, 0xA0, 0x00, 0x00, 0x00, 0x00, 0x00, 0x00, 0x00, 0x00,
    0x00, 0x00, 0x00, 0x00, 0x00, 0x00, 0x00, 0x00, 0x00, 0x00, 0x00, 0x00, 0x00, 0x00, 0x00, 0x00,
    0x0C, 0x00, 0x00, 0x00, 0x0C, 0x00, 0x00, 0x00, 0x0C, 0x00, 0x00, 0x00, 0x0E, 0x00, 0x00, 0x00,
    0xEF, 0xEE, 0xFF, 0xD5, 0xCF, 0x3E, 0xF3, 0xE3, 0xE0, 0xCC, 0xEE, 0x0E, 0x00, 0xEE, 0xEE, 0x00,
    0x00, 0x00, 0x00, 0x00, 0x00, 0x00, 0x00, 0x00, 0x00, 0x00, 0x00, 0x00, 0x00, 0x00, 0x00, 0x00,
    0x00, 0x00, 0x00, 0x00, 0x00, 0x00, 0x00, 0x00, 0x00, 0x00, 0x00, 0x00, 0x00, 0x00, 0x00, 0x00,
    0x00, 0x00, 0x00, 0x00, 0x00, 0x00, 0x00, 0x00, 0x00, 0x00, 0x00, 0x60, 0x00, 0x00, 0x06, 0x26,
    0x00, 0x00, 0x00, 0x00, 0x00, 0x00, 0x00, 0x00, 0x00, 0x00, 0x00, 0x00, 0x00, 0x00, 0x00, 0x00,
    0x00, 0x00, 0x00, 0x00, 0x06, 0x00, 0x00, 0x00, 0x62, 0x00, 0x00, 0x00, 0x66, 0x66, 0x00, 0x00,
    0x00, 0xE5, 0xE3, 0x53, 0x00, 0x3E, 0xEF, 0xF5, 0x00, 0xE0, 0xE3, 0x3F, 0x00, 0x00, 0x35, 0xFE,
    0x00, 0x00, 0x3E, 0x35, 0x00, 0x00, 0xE0, 0x53, 0x00, 0x00, 0x00, 0x3E, 0x00, 0x00, 0x00, 0xE0,
    0x00, 0x00, 0x44, 0x22, 0x05, 0x00, 0x2F, 0xFF, 0x05, 0x40, 0x2F, 0xFF, 0x5F, 0x5E, 0x2E, 0xFE,
    0x5F, 0xEE, 0x4E, 0xFE, 0x5F, 0x55, 0x24, 0x44, 0xFE, 0x44, 0x22, 0xA2, 0xEE, 0x44, 0x44, 0x3A,
    0x00, 0x60, 0x62, 0x62, 0x00, 0x6A, 0x62, 0x26, 0xA0, 0xA8, 0x26, 0x66, 0x7A, 0xA3, 0x60, 0x22,
    0x00, 0xA0, 0x0A, 0x66, 0x00, 0xA0, 0xA7, 0xA0, 0x00, 0x7A, 0x33, 0x37, 0x00, 0xAA, 0xAA, 0x7A,
    0x22, 0x26, 0x06, 0x00, 0x62, 0x26, 0x06, 0x00, 0x66, 0x26, 0x06, 0x00, 0x22, 0x62, 0xA6, 0xAA,
    0x66, 0x66, 0x7A, 0x33, 0xAA, 0xA0, 0xA3, 0xAA, 0x73, 0x7A, 0x0A, 0x00, 0x73, 0xAA, 0x0A, 0x00,
    0x00, 0x00, 0x00, 0x00, 0x00, 0x00, 0x00, 0x00, 0xA0, 0xAA, 0x00, 0x00, 0x8A, 0x77, 0x0A, 0x00,
    0x33, 0x37, 0xA3, 0x00, 0xAA, 0xAA, 0x37, 0xAA, 0x00, 0x00, 0xAA, 0x77, 0x00, 0x00, 0x00, 0xAA,
    0xE0, 0xFF, 0xA4, 0x73, 0xC0, 0x4D, 0x7A, 0x73, 0xF0, 0xDD, 0x7A, 0xAA, 0x00, 0xAA, 0x66, 0xFA,
    0xA0, 0xA7, 0x22, 0x5A, 0x8A, 0xA7, 0x66, 0xFE, 0x7A, 0xA7, 0xCA, 0xF5, 0x7A, 0xA7, 0xCA, 0x35,
    0x22, 0x44, 0xEE, 0x00, 0x22, 0x42, 0xEC, 0x0E, 0x22, 0x42, 0xEC, 0xCE, 0x22, 0x42, 0xEE, 0xCE,
    0x22, 0x44, 0xEE, 0xCE, 0x44, 0x64, 0xEE, 0xCE, 0x44, 0xE6, 0xEE, 0xEE, 0xAA, 0xAA, 0xE4, 0xEE,
    0x00, 0x00, 0x00, 0x00, 0xCC, 0xCC, 0x00, 0x00, 0xEC, 0xCE, 0x0C, 0x00, 0xEE, 0xEE, 0xCC, 0x00,
    0xEE, 0xEE, 0xCE, 0x00, 0xEE, 0xEE, 0xCE, 0x00, 0xEE, 0xEE, 0xCE, 0x00, 0xEE, 0xEE, 0x0C, 0x00,
    0x37, 0x33, 0xEA, 0x00, 0xA7, 0x5A, 0x05, 0x00, 0x5A, 0x35, 0x5F, 0x00, 0xF5, 0xFF, 0xEF, 0x00,
    0xFF, 0xFF, 0xEF, 0x0A, 0xF3, 0xF3, 0xE3, 0x0A, 0xFE, 0xF5, 0x35, 0x0A, 0xF5, 0x3E, 0x7E, 0x0A,
    0xEE, 0xEE, 0x00, 0x00, 0x00, 0x00, 0x00, 0x00, 0x00, 0x00, 0x00, 0x00, 0x00, 0x00, 0x00, 0x00,
    0x00, 0x00, 0x00, 0x00, 0x00, 0x00, 0x00, 0x00, 0x00, 0x00, 0x00, 0x00, 0x00, 0x00, 0x00, 0x00,
    0xA0, 0x87, 0xE6, 0x5C, 0x00, 0xAA, 0x22, 0xEE, 0x00, 0xAA, 0x66, 0xCA, 0xE0, 0x5E, 0xAA, 0x7A,
    0xE0, 0x35, 0xA3, 0xA7, 0xE0, 0x35, 0xA3, 0x37, 0xE0, 0x35, 0x33, 0x7A, 0x30, 0x3E, 0x33, 0xA3,
    0x5F, 0x5E, 0x70, 0x0A, 0xDC, 0x70, 0xA3, 0x00, 0x5E, 0x77, 0xAA, 0x00, 0x37, 0xAA, 0x00, 0x00,
    0xAA, 0x37, 0x0A, 0x00, 0x77, 0xA3, 0x0A, 0x00, 0xA7, 0x0A, 0x00, 0x00, 0xEA, 0x05, 0x00, 0x00,
    0xED, 0x5E, 0x33, 0x33, 0xCB, 0xEF, 0x35, 0x33, 0xBB, 0xFF, 0x5E, 0x33, 0xEB, 0xFB, 0xE3, 0xEE,
    0xDB, 0xDE, 0xEC, 0x00, 0xDD, 0xE5, 0x0E, 0x00, 0x5E, 0xE3, 0x00, 0x00, 0xEE, 0x0E, 0x00, 0x00,
    0xE3, 0x0F, 0x00, 0x00, 0xE3, 0x0F, 0x00, 0x00, 0xE5, 0x00, 0x00, 0x00, 0x0E, 0x00, 0x00, 0x00,
    0x00, 0x00, 0x00, 0x00, 0x00, 0x00, 0x00, 0x00, 0x00, 0x00, 0x00, 0x00, 0x00, 0x00, 0x00, 0x00,
    0x00, 0x00, 0x00, 0x00, 0x00, 0x00, 0x00, 0x00, 0x00, 0x00, 0x00, 0x00, 0x00, 0x00, 0x00, 0x00,
    0x00, 0x00, 0x00, 0x00, 0x00, 0x00, 0x55, 0x00, 0x00, 0x50, 0xFE, 0x05, 0x00, 0xFE, 0x3E, 0x5F,
    0x00, 0x00, 0x00, 0x00, 0x00, 0x00, 0x00, 0x00, 0x00, 0x00, 0x00, 0xC0, 0x00, 0x00, 0x00, 0xC0,
    0x00, 0x00, 0x00, 0xC0, 0x00, 0x00, 0x00, 0x00, 0x00, 0x00, 0x00, 0x60, 0x00, 0x00, 0x40, 0x44,
    0x00, 0x00, 0x00, 0xA0, 0x00, 0x00, 0x00, 0xA0, 0x00, 0x00, 0x00, 0x00, 0x00, 0x00, 0x00, 0x00,
    0x00, 0x00, 0x00, 0x00, 0x00, 0x00, 0x00, 0x00, 0x00, 0x00, 0x00, 0x00, 0x00, 0x00, 0x00, 0x00,
    0xA7, 0x00, 0x00, 0x00, 0xA8, 0x00, 0x00, 0x00, 0x0A, 0x00, 0x00, 0x00, 0x00, 0x00, 0x00, 0x00,
    0x00, 0x00, 0x00, 0x00, 0x00, 0x00, 0x00, 0x00, 0x00, 0x00, 0x00, 0x00, 0x00, 0x00, 0x00, 0x00,
    0xC0, 0xEC, 0x0E, 0x00, 0xCC, 0xEE, 0xEE, 0x00, 0xEC, 0xEE, 0xEE, 0x0E, 0xEC, 0xEE, 0xEE, 0x0E,
    0xEC, 0xEE, 0xEE, 0x0E, 0xCC, 0xEE, 0xEE, 0x0E, 0xC6, 0xCC, 0xEE, 0x00, 0x42, 0xE4, 0x0E, 0x00,
    0x00, 0x00, 0x00, 0xE0, 0x00, 0x00, 0x00, 0xD5, 0x00, 0x00, 0xC0, 0xCC, 0x00, 0x00, 0xEE, 0xFE,
    0x00, 0x00, 0xEC, 0xF3, 0x00, 0x00, 0xCE, 0x35, 0x00, 0x00, 0xE0, 0x5E, 0x00, 0x00, 0x00, 0xEE,
};
static const u16 sSet1Frame0[] = {
    0x0006, 0x00E9, 0x81EC, 0x0000, 0x00D9, 0x41FC, 0x0010, 0x80F1, 0x000C, 0x0014, 0x00E1, 0x01F4,
    0x0016, 0x00E1, 0x000C, 0x0017, 0x0009, 0x01EC, 0x0018, 0x0000,
};
static const u16 sSet1Frame1[] = {
    0x0008, 0x40E0, 0x81ED, 0x0019, 0x00F0, 0x41FD, 0x0021, 0x40D8, 0x01F5, 0x0025, 0x40F0, 0x01E5,
    0x0027, 0x00E8, 0x01E5, 0x0029, 0x00F0, 0x01F5, 0x002A, 0x00F8, 0x01ED, 0x002B, 0x0000, 0x01FD,
    0x002C, 0x0000,
};
static const u16 sSet1Frame2[] = {
    0x0005, 0x00D6, 0x81EF, 0x002D, 0x40F6, 0x41EF, 0x003D, 0x80E6, 0x01E7, 0x0041, 0x00DE, 0x000F,
    0x0043, 0x00FE, 0x01FF, 0x0044, 0x0000,
};
static const u16 sSet1Frame3[] = {
    0x0007, 0x40E3, 0x81E5, 0x0045, 0x00E3, 0x4005, 0x004D, 0x00F3, 0x41FD, 0x0051, 0x40DB, 0x01F5,
    0x0055, 0x40F3, 0x01E5, 0x0057, 0x00DB, 0x0005, 0x0059, 0x00FB, 0x01F5, 0x005A, 0x0000,
};
static const void* const sSet1Frames[] = { sSet1Frame0, sSet1Frame1, sSet1Frame2, sSet1Frame3 };

static const u16 sBattleAnim2[] = {
    0x0040, 0x0040, 0x0005, 0x0000, 0x0004, 0x0000, 0x0003, 0x0001, 0x0003, 0x0002, 0x0008, 0x0003,
    0x0004,
};
static const u16 sBattleAnim3[] = {
    0x0040, 0x0040, 0x0005, 0x0000, 0x0005, 0x0000, 0x0004, 0x0001, 0x0003, 0x0002, 0x0009, 0x0003,
    0x0005,
};
static const u16 sBattleAnim4[] = {
    0x0040, 0x0040, 0x0005, 0x0000, 0x0006, 0x0000, 0x0005, 0x0001, 0x0004, 0x0002, 0x000A, 0x0003,
    0x0005,
};
static const u16 sBattleAnim5[] = {
    0x0040, 0x0040, 0x0005, 0x0000, 0x0007, 0x0000, 0x0006, 0x0001, 0x0005, 0x0002, 0x000B, 0x0003,
    0x0005,
};
static const u16 sBattleAnim6[] = {
    0x0040, 0x0040, 0x0005, 0x0000, 0x0007, 0x0000, 0x0007, 0x0001, 0x0006, 0x0002, 0x000C, 0x0003,
    0x0005,
};
static const u8 sTiles2[] __attribute__((aligned(4))) = {
    0x00, 0x00, 0x00, 0x00, 0x00, 0x00, 0x00, 0x00, 0x00, 0x00, 0x00, 0x00, 0x00, 0x00, 0x00, 0x00,
    0x00, 0x00, 0x00, 0x00, 0x00, 0x00, 0x00, 0x00, 0x00, 0x00, 0x00, 0xF0, 0x00, 0x00, 0x00, 0xEF,
    0x00, 0x44, 0x4E, 0xE4, 0x40, 0x42, 0x22, 0x44, 0x40, 0x22, 0x22, 0x42, 0xF4, 0x22, 0x22, 0x42,
    0x54, 0xF4, 0x2F, 0x42, 0xE2, 0xE4, 0x2F, 0x42, 0xF4, 0xE4, 0x2F, 0xF4, 0x4E, 0xF4, 0x2F, 0xF4,
    0xEE, 0x00, 0xCC, 0xEC, 0xEE, 0x0E, 0xEC, 0xEE, 0xEE, 0xEE, 0xEC, 0xEE, 0xEE, 0xEE, 0xEE, 0xEE,
    0xEE, 0xEE, 0xEE, 0xEE, 0xEE, 0xEE, 0xEE, 0xEE, 0xEE, 0xEE, 0xE0, 0xEE, 0x44, 0xEE, 0x00, 0x00,
    0xCE, 0x00, 0x00, 0x00, 0xEE, 0x0E, 0x00, 0x00, 0xEE, 0x0E, 0x00, 0x00, 0xEE, 0x0E, 0x00, 0x00,
    0xEE, 0x0E, 0x00, 0x00, 0xEE, 0x00, 0x00, 0x00, 0x0E, 0x00, 0x00, 0x00, 0x00, 0x00, 0x00, 0x00,
    0x00, 0x00, 0x00, 0x5E, 0x00, 0x55, 0x00, 0xE0, 0x00, 0xF5, 0x55, 0x00, 0x00, 0x50, 0xFF, 0x55,
    0x00, 0x50, 0xF3, 0x5F, 0x00, 0xF5, 0xFF, 0x3F, 0x55, 0x3F, 0xFF, 0x3F, 0xF5, 0xFE, 0xFF, 0xE3,
    0xEE, 0x22, 0x44, 0x42, 0x4E, 0x22, 0x42, 0xF4, 0x44, 0x44, 0xF4, 0x4F, 0x40, 0xFF, 0x4F, 0x44,
    0xBC, 0x4F, 0xF4, 0x3F, 0xDE, 0xC3, 0x5F, 0xFC, 0x5E, 0xCC, 0xCF, 0xCC, 0xE0, 0x5C, 0x5F, 0xC5,
    0x22, 0x04, 0x00, 0x00, 0x42, 0x0F, 0x00, 0x00, 0x44, 0x00, 0x00, 0x00, 0xCF, 0x00, 0x00, 0x00,
    0xFE, 0x0E, 0x00, 0xAA, 0xB3, 0xEE, 0xEE, 0xAA, 0xB3, 0xEC, 0x5F, 0xEE, 0xF3, 0x5A, 0x53, 0xF3,
    0x00, 0x00, 0x00, 0x00, 0x00, 0x00, 0x00, 0x00, 0x00, 0x00, 0x00, 0x00, 0xA0, 0x0A, 0x00, 0x00,
    0xA0, 0xA3, 0x0A, 0x00, 0xAA, 0x3A, 0xAA, 0x0A, 0x77, 0xA3, 0x37, 0x0A, 0x0E, 0xAA, 0x37, 0x0A,
    0xE5, 0xEF, 0x53, 0x0E, 0xF5, 0xFE, 0xE5, 0x00, 0xE0, 0xE3, 0x0E, 0x00, 0x00, 0x00, 0x00, 0x00,
    0x00, 0x00, 0x00, 0x00, 0x00, 0x00, 0x00, 0x00, 0x00, 0x00, 0x00, 0x00, 0x00, 0x00, 0x00, 0x00,
    0xC0, 0x5C, 0x5F, 0xC5, 0xEE, 0xFE, 0x5C, 0xEC, 0x3E, 0xFF, 0xCC, 0x3E, 0xD0, 0xFD, 0x3F, 0xD3,
    0xBF, 0xBB, 0xFD, 0xFB, 0xBF, 0xBB, 0xFD, 0xDB, 0xF0, 0xDD, 0xFD, 0xBD, 0x00, 0xEE, 0x0F, 0xDF,
    0x5E, 0x7A, 0xF5, 0x35, 0xAE, 0x3A, 0x35, 0xEF, 0xA5, 0x7A, 0x5E, 0xE5, 0x0F, 0x7A, 0xE0, 0xF3,
    0xAA, 0x7A, 0x00, 0xEE, 0x3A, 0x3A, 0x0A, 0x30, 0xAB, 0xA3, 0xEA, 0xA0, 0xAD, 0x7A, 0xA7, 0xAA,
    0xEF, 0x00, 0x7A, 0x0A, 0xFF, 0x0E, 0xAA, 0x0A, 0xFF, 0xAE, 0xAA, 0x00, 0xE3, 0x2A, 0xA6, 0x00,
    0x3E, 0x6A, 0xA2, 0x0A, 0xAA, 0xAA, 0x7A, 0x0A, 0x62, 0xAA, 0xA7, 0x0A, 0x26, 0x7A, 0x3B, 0xA7,
    0x00, 0x00, 0xB5, 0x0D, 0x00, 0xC5, 0xEC, 0xDB, 0xC0, 0xEE, 0x3F, 0xDB, 0xE0, 0xCE, 0x3F, 0xDB,
    0xE0, 0xCE, 0xB3, 0xFD, 0x00, 0xEE, 0xDC, 0x3D, 0x00, 0xE0, 0xEE, 0xEE, 0x00, 0x00, 0x00, 0x00,
    0x30, 0xEE, 0x03, 0x00, 0xC5, 0xFE, 0x0F, 0x00, 0xEE, 0xF3, 0xEF, 0xE0, 0x3D, 0x3F, 0xEF, 0xE0,
    0x3D, 0xE3, 0x0E, 0xE0, 0xED, 0xEE, 0x00, 0x00, 0xEE, 0x00, 0x00, 0x00, 0x00, 0x00, 0x00, 0x00,
    0xE0, 0x3A, 0x73, 0xAA, 0xFF, 0xAA, 0xAA, 0x00, 0x5F, 0x3F, 0x5F, 0x05, 0x5F, 0xBF, 0xBE, 0x3B,
    0xFE, 0xDB, 0xDB, 0xEE, 0xEE, 0xFD, 0x3D, 0xEE, 0xE0, 0x5E, 0xFD, 0xE3, 0x00, 0xEE, 0x55, 0xCC,
    0xAA, 0xA7, 0xAA, 0x77, 0xA0, 0x0A, 0x00, 0xAA, 0x00, 0x00, 0x00, 0x00, 0x05, 0x00, 0x00, 0x00,
    0x53, 0x00, 0x00, 0x00, 0xEE, 0x00, 0x00, 0x00, 0xEE, 0x00, 0x00, 0x00, 0xEE, 0x00, 0x00, 0x00,
    0xAA, 0xAA, 0x0A, 0x00, 0x37, 0x33, 0xA7, 0x00, 0xAA, 0x3A, 0xA7, 0x00, 0x00, 0xA0, 0x73, 0x0A,
    0x00, 0x00, 0x3A, 0xA3, 0x00, 0x00, 0xA0, 0x73, 0x00, 0x00, 0x00, 0x3A, 0x00, 0x00, 0x00, 0xA0,
    0x00, 0x00, 0x00, 0x00, 0x00, 0x00, 0x00, 0x00, 0x00, 0x00, 0x00, 0x00, 0x00, 0x66, 0x06, 0x06,
    0x60, 0x22, 0x66, 0x62, 0x6A, 0x62, 0x60, 0x22, 0x6A, 0x62, 0x26, 0x62, 0xA3, 0x26, 0x66, 0x06,
    0x00, 0x00, 0x00, 0x7A, 0x00, 0x00, 0x00, 0xAA, 0x00, 0x00, 0x00, 0x00, 0x00, 0x00, 0x00, 0xA0,
    0x00, 0x00, 0x00, 0xA0, 0x00, 0x00, 0x00, 0xA0, 0x00, 0x00, 0x00, 0x00, 0x00, 0x00, 0x00, 0x00,
    0x0A, 0x26, 0x62, 0x66, 0xA7, 0x6A, 0x26, 0x22, 0x3A, 0xA3, 0x60, 0x66, 0x77, 0x77, 0xA3, 0x00,
    0xA7, 0x3A, 0x37, 0xAA, 0x0A, 0xA0, 0x7A, 0x0A, 0x00, 0x00, 0x7A, 0x0A, 0x00, 0x00, 0xA0, 0x0A,
    0x00, 0x00, 0x00, 0xCC, 0x00, 0x00, 0xC0, 0xEC, 0x00, 0x00, 0xCC, 0xEE, 0x00, 0x00, 0xCC, 0xEE,
    0x00, 0x00, 0xCC, 0xEE, 0x00, 0x00, 0xCC, 0xEE, 0x00, 0x00, 0xE0, 0xEC, 0x00, 0x60, 0xEE, 0xEE,
    0xCC, 0x00, 0x00, 0x00, 0xEE, 0x0E, 0x00, 0x00, 0xEE, 0xEE, 0x00, 0x00, 0xEE, 0xEE, 0x00, 0x00,
    0xEE, 0xEE, 0x00, 0x00, 0xEE, 0xEE, 0x00, 0x00, 0xEE, 0x0E, 0x00, 0x00, 0x0E, 0x00, 0xC0, 0xCC,
    0x00, 0xE0, 0xEE, 0xEE, 0x00, 0x00, 0x00, 0x00, 0x00, 0x00, 0x00, 0x00, 0x00, 0x00, 0x00, 0x00,
    0x00, 0x00, 0x00, 0x00, 0x00, 0x00, 0x00, 0x00, 0x00, 0x00, 0x00, 0x00, 0x00, 0x00, 0x00, 0x00,
    0x0E, 0x00, 0x00, 0x00, 0x00, 0x00, 0x00, 0x00, 0x00, 0x00, 0x00, 0x00, 0x00, 0x00, 0x00, 0x00,
    0x00, 0x00, 0x00, 0x00, 0x00, 0x00, 0x00, 0x00, 0x00, 0x00, 0x00, 0x00, 0x00, 0x00, 0x00, 0x00,
    0x00, 0x00, 0x00, 0x00, 0x00, 0x00, 0x00, 0x00, 0x00, 0x00, 0x00, 0x00, 0x00, 0x00, 0x00, 0x00,
    0x00, 0x00, 0x00, 0x00, 0x06, 0x00, 0x00, 0x00, 0x00, 0x00, 0x00, 0x00, 0x66, 0x00, 0x00, 0x00,
    0x62, 0x00, 0x00, 0x00, 0x62, 0x00, 0x00, 0x00, 0x66, 0x00, 0x00, 0x00, 0xAA, 0x00, 0x00, 0x00,
    0xA7, 0x00, 0x00, 0x00, 0xAA, 0x00, 0x00, 0x00, 0xA0, 0x00, 0x00, 0x00, 0x00, 0x00, 0x00, 0x00,
    0x00, 0x00, 0x00, 0x00, 0x00, 0x00, 0x00, 0x00, 0x00, 0x00, 0x00, 0x00, 0x00, 0x00, 0x00, 0x00,
    0x00, 0x00, 0x00, 0x00, 0x00, 0x00, 0x00, 0x00, 0x00, 0x00, 0x00, 0x00, 0x0C, 0x00, 0x00, 0x00,
    0x00, 0x00, 0x00, 0x00, 0x00, 0x00, 0x00, 0x60, 0x00, 0x00, 0x06, 0x26, 0x00, 0x60, 0x62, 0x62,
    0x00, 0x6A, 0x62, 0x26, 0xA0, 0xA8, 0x26, 0x66, 0x7A, 0xA3, 0x60, 0x22, 0x00, 0xA0, 0x0A, 0x66,
    0x06, 0x00, 0x00, 0x00, 0x62, 0x00, 0x00, 0x00, 0x66, 0x66, 0x00, 0x00, 0x22, 0x26, 0x06, 0x00,
    0x62, 0x26, 0x06, 0x00, 0x66, 0x26, 0x06, 0x00, 0x22, 0x62, 0xA6, 0xAA, 0x66, 0x66, 0x7A, 0x33,
    0x00, 0xF0, 0xE4, 0xE4, 0x00, 0xE0, 0x4E, 0x22, 0x00, 0xE0, 0xE5, 0x22, 0x00, 0x00, 0xEE, 0x44,
    0x00, 0x00, 0xF0, 0x4F, 0xA0, 0xAA, 0x00, 0xF0, 0x8A, 0x77, 0x0A, 0xC0, 0x33, 0x37, 0xA3, 0xC0,
    0x4F, 0x24, 0x22, 0x44, 0x24, 0x42, 0xFF, 0xA4, 0x42, 0x44, 0x4F, 0x3A, 0x44, 0xF4, 0xA4, 0x33,
    0x44, 0x4F, 0x7A, 0xC3, 0xFF, 0xCF, 0x7A, 0xCA, 0x0E, 0xAA, 0x66, 0xCA, 0xA5, 0xA7, 0x22, 0x5A,
    0x00, 0xA0, 0xA7, 0xA0, 0x00, 0x7A, 0x33, 0x37, 0x00, 0xAA, 0xAA, 0x7A, 0x00, 0x00, 0x00, 0xA0,
    0x00, 0x00, 0x00, 0xA0, 0x00, 0x00, 0x00, 0x00, 0x00, 0x00, 0x00, 0x00, 0x00, 0x00, 0x00, 0x00,
    0xAA, 0xA0, 0xA3, 0xAA, 0x73, 0x7A, 0x0A, 0x00, 0x73, 0xAA, 0x0A, 0x00, 0xA7, 0x00, 0x00, 0x00,
    0xA8, 0x00, 0x00, 0x00, 0x0A, 0x00, 0x00, 0x00, 0x00, 0x00, 0x00, 0x00, 0x00, 0x00, 0x00, 0x00,
    0xAA, 0xAA, 0x37, 0xAA, 0x00, 0x00, 0xAA, 0x77, 0x00, 0x00, 0x00, 0xAA, 0x00, 0x00, 0x00, 0xF5,
    0x00, 0x00, 0x00, 0xFE, 0x00, 0x00, 0x00, 0xE0, 0x00, 0x00, 0xB5, 0x0D, 0x00, 0xC5, 0xEC, 0xDB,
    0x8A, 0xA7, 0x66, 0xAA, 0x7A, 0xA7, 0xAA, 0x33, 0x7A, 0xA7, 0xAA, 0x33, 0xAF, 0x87, 0x66, 0xAA,
    0xFF, 0xAA, 0x22, 0xBA, 0xF5, 0xAA, 0x66, 0xDA, 0xE0, 0xEE, 0xAA, 0x7A, 0xC5, 0xFE, 0xAF, 0xA7,
    0x00, 0x00, 0x00, 0x00, 0x00, 0x00, 0x00, 0x00, 0x00, 0x00, 0x00, 0xC0, 0x00, 0x00, 0x00, 0xC0,
    0x00, 0x00, 0x00, 0xC0, 0x00, 0x00, 0x00, 0xC0, 0x00, 0x00, 0x00, 0x00, 0x00, 0x00, 0x00, 0x00,
    0xC0, 0xCC, 0x0C, 0x00, 0xCC, 0xEE, 0xEE, 0x00, 0xEC, 0xEE, 0xEE, 0x0E, 0xEC, 0xEE, 0xEE, 0x0E,
    0xEC, 0xEE, 0xEE, 0x0E, 0xEC, 0xEE, 0xEE, 0x0E, 0xCE, 0xEE, 0xEE, 0x00, 0xEE, 0xEE, 0x0E, 0xC0,
    0x00, 0x00, 0x00, 0xE0, 0x00, 0x00, 0x00, 0xC4, 0x00, 0x00, 0x40, 0x44, 0x00, 0x00, 0x40, 0x24,
    0x00, 0x00, 0x24, 0x22, 0x00, 0x00, 0xF4, 0xF4, 0x00, 0x00, 0xF4, 0xF4, 0x00, 0x00, 0xE4, 0xE4,
    0xEE, 0xEE, 0xEE, 0xC0, 0x44, 0xEC, 0xEE, 0xCE, 0x44, 0xC4, 0xEE, 0xEE, 0x22, 0xC4, 0xEE, 0xEE,
    0x22, 0x42, 0xEE, 0xEE, 0x2F, 0x42, 0xEE, 0xEE, 0x2F, 0x42, 0xEE, 0xEE, 0x2F, 0x44, 0x4E, 0xE4,
    0xF5, 0xF3, 0xE5, 0x0A, 0xF5, 0xF5, 0x3E, 0x0A, 0x5A, 0xEE, 0x73, 0x0A, 0xDB, 0x0F, 0x70, 0x0A,
    0xDB, 0x7F, 0xA3, 0x00, 0xFD, 0x77, 0xAA, 0x00, 0x37, 0xAA, 0xE0, 0xEE, 0xAA, 0x37, 0x0A, 0x00,
    0x00, 0x00, 0x00, 0x00, 0x00, 0x00, 0x00, 0x00, 0x00, 0x00, 0x00, 0x00, 0x00, 0x00, 0x00, 0x00,
    0x00, 0x00, 0x0E, 0x00, 0x00, 0xEE, 0x00, 0x00, 0xEE, 0x00, 0x00, 0x00, 0x00, 0x00, 0x00, 0x00,
    0x77, 0xA3, 0x0A, 0x00, 0xA7, 0xEA, 0xBB, 0x33, 0xBA, 0xBD, 0xED, 0x3E, 0xDB, 0xDB, 0xE3, 0xEE,
    0xFD, 0xDB, 0x3F, 0xEE, 0x3E, 0x3D, 0xC3, 0xEC, 0xEE, 0xEE, 0xEE, 0xEE, 0x00, 0xEE, 0xEE, 0x00,
    0x00, 0x00, 0x00, 0x00, 0x00, 0x00, 0x00, 0x00, 0x03, 0x00, 0x00, 0x00, 0x0E, 0x00, 0x00, 0x00,
    0x0E, 0x00, 0x00, 0x00, 0x0E, 0x00, 0x00, 0x00, 0x00, 0x00, 0x00, 0x00, 0x00, 0x00, 0x00, 0x00,
    0xC0, 0xEE, 0x3F, 0xDB, 0xE0, 0xCE, 0x3F, 0xDB, 0xE0, 0xCE, 0xB3, 0xFD, 0x00, 0xEE, 0xDC, 0x3D,
    0x00, 0xE0, 0xEE, 0xEE, 0x00, 0x00, 0x00, 0x00, 0x00, 0x00, 0x00, 0x00, 0x00, 0x00, 0x00, 0x00,
    0xEE, 0xF3, 0xAF, 0x37, 0x3D, 0x3F, 0xEF, 0x7A, 0x3D, 0xE3, 0x0E, 0xAE, 0xED, 0xEE, 0x00, 0xEE,
    0xEE, 0x00, 0x00, 0xE0, 0x00, 0x00, 0x00, 0xE0, 0x00, 0x00, 0x00, 0x00, 0x00, 0x00, 0x00, 0x00,
    0x00, 0x00, 0x00, 0x00, 0x00, 0x00, 0x00, 0x00, 0x00, 0x00, 0x00, 0x00, 0x00, 0x00, 0x00, 0x00,
    0x00, 0x00, 0x00, 0x00, 0xC0, 0xCC, 0x0E, 0x00, 0xCC, 0xEE, 0xEE, 0x00, 0xEC, 0xEE, 0xEE, 0x0E,
    0xEC, 0xEE, 0xEE, 0x0E, 0xEC, 0xEE, 0xEE, 0x0E, 0xEC, 0xEE, 0xEE, 0x0E, 0xCE, 0xEE, 0xEE, 0x00,
    0xEE, 0xEE, 0x0E, 0x00, 0x0E, 0x00, 0x00, 0x00, 0x0E, 0x00, 0x00, 0x00, 0x00, 0x00, 0x00, 0x00,
    0xFF, 0x00, 0x00, 0x00, 0xCD, 0x0C, 0x00, 0x00, 0xAA, 0xAA, 0x00, 0x00, 0x5F, 0x33, 0x0E, 0x00,
    0x53, 0xE5, 0x0E, 0x00, 0x35, 0xFF, 0xE3, 0x00, 0xF3, 0xFF, 0xEF, 0x00, 0x5F, 0x33, 0xE3, 0x0A,
    0x00, 0x00, 0x00, 0x00, 0x00, 0x00, 0x00, 0x00, 0x00, 0x00, 0x00, 0x00, 0x00, 0x00, 0x00, 0x00,
    0x00, 0x00, 0x00, 0x00, 0x00, 0x00, 0x00, 0x00, 0x00, 0x00, 0x00, 0x00, 0x00, 0x00, 0x00, 0x50,
    0x00, 0x00, 0x5E, 0xEE, 0x00, 0x00, 0xE0, 0x4E, 0x00, 0x00, 0x00, 0x44, 0x00, 0x00, 0x00, 0x40,
    0x00, 0x00, 0x00, 0xF0, 0x50, 0x55, 0x00, 0xDE, 0xF5, 0x3F, 0xEC, 0xFE, 0x3F, 0xF5, 0x5F, 0x0E,
    0x22, 0x44, 0x42, 0x22, 0x22, 0x42, 0x64, 0x42, 0x44, 0xF4, 0x4F, 0x44, 0xFF, 0x4F, 0x44, 0xCF,
    0x4F, 0xF4, 0xDF, 0xEF, 0xE3, 0x5F, 0xAE, 0xCA, 0xCE, 0xAF, 0xAA, 0x33, 0x5E, 0xAF, 0x73, 0xDA,
    0x04, 0x00, 0x00, 0x00, 0x06, 0x00, 0x00, 0x00, 0x00, 0x00, 0x00, 0x00, 0x00, 0x00, 0x00, 0x00,
    0x5C, 0x00, 0x00, 0x00, 0xDF, 0xAF, 0x00, 0x00, 0xFB, 0xEE, 0xAA, 0x00, 0xFD, 0xEE, 0x7E, 0x0A,
    0x00, 0x00, 0x00, 0x50, 0x00, 0x00, 0x00, 0x00, 0x00, 0x00, 0x00, 0x00, 0x00, 0x00, 0x00, 0x00,
    0x00, 0x00, 0x00, 0x00, 0x00, 0x00, 0x00, 0x00, 0x00, 0x00, 0x00, 0x00, 0x00, 0x00, 0x00, 0x00,
    0x5F, 0x3F, 0x5E, 0xE0, 0x35, 0xEE, 0xE5, 0x50, 0xFE, 0xE3, 0x0E, 0xE0, 0xE0, 0x0E, 0x00, 0x00,
    0x00, 0x00, 0x00, 0xF0, 0x00, 0x00, 0x00, 0xF0, 0x00, 0x00, 0x00, 0x00, 0x00, 0x00, 0x00, 0x00,
    0xFC, 0xA5, 0x73, 0xCA, 0xFC, 0xA5, 0xA7, 0x53, 0xFF, 0xAC, 0xAA, 0xDC, 0xFF, 0x3F, 0xAA, 0xDA,
    0xBB, 0xDD, 0x6A, 0xD2, 0xBD, 0xAB, 0x2A, 0xA6, 0xDF, 0xAF, 0xA7, 0xAA, 0xE0, 0xAE, 0x7A, 0xAA,
    0x0F, 0x35, 0xE5, 0xA7, 0x50, 0xF3, 0x5F, 0xA7, 0x35, 0x3F, 0x33, 0xA5, 0xF3, 0xFF, 0x3F, 0xA5,
    0xF5, 0xF3, 0xF3, 0xAE, 0xFD, 0x35, 0xE5, 0xA7, 0xEA, 0xEE, 0xAE, 0xA3, 0x26, 0xEA, 0xA0, 0x3A,
    0x00, 0x00, 0x00, 0x00, 0x00, 0x00, 0x00, 0x00, 0x00, 0x00, 0x00, 0x00, 0x00, 0x00, 0x00, 0x00,
    0x00, 0x60, 0x60, 0x66, 0x00, 0x26, 0x66, 0x22, 0x60, 0x22, 0x06, 0x26, 0x00, 0x26, 0x62, 0x26,
    0x00, 0x50, 0xDB, 0x00, 0x50, 0xCC, 0xAE, 0xAA, 0xEC, 0xFE, 0x7A, 0x33, 0xEE, 0xFC, 0x7A, 0xA3,
    0xEE, 0xAC, 0x37, 0xDA, 0xE6, 0x3A, 0xA3, 0xD3, 0xA6, 0x37, 0xEA, 0xEE, 0xA6, 0xA3, 0x00, 0x00,
    0xE3, 0x7A, 0xB3, 0xA7, 0xAA, 0x77, 0xAA, 0x7A, 0x73, 0xAA, 0x0E, 0xAF, 0xAA, 0xF3, 0xFE, 0xF3,
    0x33, 0xEE, 0xE0, 0xF3, 0xEE, 0x0E, 0xE0, 0xBE, 0x0E, 0x00, 0x00, 0xDE, 0x00, 0x00, 0x00, 0xEE,
    0x62, 0xAA, 0x7A, 0xA7, 0xAA, 0xAA, 0x37, 0xA3, 0xCA, 0x3F, 0xAA, 0xAA, 0xE3, 0xBE, 0x3B, 0x03,
    0xDB, 0xDB, 0xEE, 0x33, 0xBD, 0x3D, 0xEE, 0xEE, 0xBF, 0xFD, 0xE3, 0xEE, 0xD3, 0x33, 0xCC, 0xEE,
    0x66, 0x60, 0x66, 0x62, 0x26, 0x66, 0x26, 0x62, 0x26, 0x22, 0x62, 0xA6, 0x66, 0x66, 0x06, 0x3A,
    0xAA, 0x00, 0x3A, 0x77, 0x7A, 0xAA, 0x73, 0xA3, 0xAA, 0xA0, 0xA7, 0x0A, 0x0A, 0xA0, 0xA7, 0x00,
    0x3A, 0x0A, 0x00, 0x00, 0xA0, 0xA7, 0x00, 0x00, 0x7A, 0xAA, 0x00, 0x00, 0xA3, 0x00, 0x00, 0x00,
    0x77, 0x0A, 0x00, 0x00, 0x7A, 0x0A, 0x00, 0x00, 0xA0, 0x0A, 0x00, 0x00, 0x00, 0x00, 0x00, 0x00,
    0x00, 0x00, 0x00, 0xE0, 0x00, 0x00, 0x00, 0x00, 0x00, 0x00, 0x00, 0x00, 0x00, 0x00, 0x00, 0x00,
    0x00, 0x00, 0x00, 0x00, 0x00, 0x00, 0x00, 0x00, 0x00, 0x00, 0x00, 0x00, 0x00, 0x00, 0x00, 0x00,
    0xEE, 0xEE, 0xEE, 0x0E, 0xE0, 0xEE, 0x0E, 0x00, 0x00, 0x00, 0x00, 0x00, 0x00, 0x00, 0x00, 0x00,
    0x00, 0x00, 0x00, 0x00, 0x00, 0x00, 0x00, 0x00, 0x00, 0x00, 0x00, 0x00, 0x00, 0x00, 0x00, 0x00,
    0x00, 0x00, 0xCC, 0xCC, 0x00, 0xC0, 0xEC, 0xEE, 0x00, 0xCC, 0xEE, 0xEE, 0x00, 0xCC, 0xEE, 0xEE,
    0x00, 0xCC, 0xEE, 0xEE, 0x00, 0xCC, 0xEE, 0xEE, 0x00, 0xE0, 0xEC, 0xEE, 0x60, 0xEE, 0xEE, 0x0E,
    0x00, 0x00, 0x00, 0x00, 0x0E, 0x00, 0x00, 0x00, 0xEE, 0x00, 0x00, 0x00, 0xEE, 0x00, 0x00, 0x00,
    0xEE, 0x00, 0x00, 0x00, 0xEE, 0x00, 0x00, 0x00, 0x0E, 0x00, 0x00, 0x00, 0x00, 0xC0, 0xCC, 0x0C,
    0x44, 0x4E, 0xE4, 0xEE, 0x42, 0x22, 0x44, 0xEE, 0x22, 0x22, 0x42, 0xEE, 0x22, 0x22, 0x42, 0xEE,
    0xF4, 0x2F, 0x42, 0xEE, 0xF4, 0x2F, 0x42, 0xEE, 0xE4, 0x2F, 0x64, 0xEE, 0xE4, 0x2F, 0x64, 0x44,
    0x00, 0xCC, 0xEC, 0xCE, 0x0E, 0xEC, 0xEE, 0xEE, 0xEE, 0xEC, 0xEE, 0xEE, 0xEE, 0xEE, 0xEE, 0xEE,
    0xEE, 0xEE, 0xEE, 0xEE, 0xEE, 0xEE, 0xEE, 0xEE, 0xEE, 0xE0, 0xEE, 0x0E, 0xEE, 0x00, 0x00, 0x00,
    0x00, 0x00, 0x00, 0x00, 0x00, 0x00, 0x00, 0x00, 0x0A, 0x00, 0x00, 0x00, 0x0A, 0x00, 0x00, 0x00,
    0x00, 0x00, 0x00, 0x00, 0xAA, 0x00, 0x00, 0x00, 0xA3, 0x00, 0x00, 0x00, 0x0A, 0x00, 0x00, 0x00,
    0xEA, 0x00, 0x00, 0x00, 0x0E, 0x00, 0x00, 0x00, 0x00, 0x00, 0x00, 0x00, 0x00, 0x00, 0x00, 0x00,
    0x00, 0x00, 0x00, 0x00, 0x00, 0x00, 0x00, 0x00, 0x00, 0x00, 0x00, 0x00, 0x00, 0x00, 0x00, 0x00,
    0x00, 0x00, 0x00, 0x00, 0x00, 0x00, 0x00, 0x40, 0x00, 0x00, 0x00, 0x40, 0x00, 0x00, 0x00, 0xF4,
    0x00, 0x00, 0x00, 0xF4, 0x00, 0x00, 0x00, 0xE2, 0x00, 0x00, 0x60, 0xE4, 0x00, 0x00, 0xE6, 0x4E,
    0x00, 0x00, 0x00, 0x00, 0x0E, 0x00, 0x00, 0x00, 0x0E, 0x00, 0x00, 0x00, 0x0E, 0x00, 0x00, 0x00,
    0x0E, 0x00, 0x00, 0x00, 0x00, 0x00, 0x00, 0x00, 0x00, 0x00, 0x00, 0x00, 0x00, 0x00, 0x00, 0x00,
    0x00, 0xA0, 0x0A, 0x00, 0x00, 0x00, 0x00, 0x00, 0x00, 0x00, 0x00, 0x00, 0x00, 0x00, 0x00, 0x00,
    0x00, 0x00, 0x00, 0x00, 0x00, 0x00, 0x00, 0x00, 0x00, 0x00, 0x00, 0x00, 0x00, 0x00, 0x00, 0x00,
};
static const u16 sSet2Frame0[] = {
    0x0006, 0x00E1, 0x81F3, 0x0000, 0x00F9, 0x4013, 0x0010, 0x40D9, 0x01FB, 0x0014, 0x4001, 0x0003,
    0x0016, 0x80F9, 0x0023, 0x0018, 0x00D9, 0x000B, 0x001A, 0x0000,
};
static const u16 sSet2Frame1[] = {
    0x0006, 0x40EB, 0x81E5, 0x001B, 0x00DB, 0x41F5, 0x0023, 0x00F3, 0x4005, 0x0027, 0x40FB, 0x01F5,
    0x002B, 0x80DB, 0x0005, 0x002D, 0x00EB, 0x0005, 0x002F, 0x0000,
};
static const u16 sSet2Frame2[] = {
    0x0006, 0x00E9, 0x81EC, 0x0030, 0x00D9, 0x41FC, 0x0040, 0x80F1, 0x000C, 0x0044, 0x00E1, 0x01F4,
    0x0046, 0x00E1, 0x000C, 0x0047, 0x0009, 0x01EC, 0x0048, 0x0000,
};
static const void* const sSet2Frames[] = { sSet2Frame0, sSet2Frame1, sSet2Frame2 };

static const u16 sBattleAnim7[] = {
    0x0040, 0x0040, 0x0005, 0x0000, 0x0003, 0x0000, 0x0006, 0x0001, 0x0003, 0x0001, 0x000F, 0x0002,
    0x0006,
};
static const u16 sBattleAnim8[] = {
    0x0040, 0x0040, 0x0005, 0x0000, 0x0004, 0x0000, 0x0007, 0x0001, 0x0003, 0x0001, 0x000F, 0x0002,
    0x0006,
};
static const u16 sBattleAnim9[] = {
    0x0040, 0x0040, 0x0005, 0x0000, 0x0005, 0x0000, 0x0008, 0x0001, 0x0004, 0x0001, 0x000F, 0x0002,
    0x0006,
};
static const u16 sBattleAnim10[] = {
    0x0040, 0x0040, 0x0005, 0x0000, 0x0006, 0x0000, 0x0009, 0x0001, 0x0005, 0x0001, 0x000F, 0x0002,
    0x0006,
};
static const u16 sBattleAnim11[] = {
    0x0040, 0x0040, 0x0005, 0x0000, 0x0007, 0x0000, 0x000A, 0x0001, 0x0005, 0x0001, 0x000F, 0x0002,
    0x0006,
};
static const u8 sTiles3[] __attribute__((aligned(4))) = {
    0x00, 0x00, 0x60, 0xEE, 0x00, 0x00, 0x46, 0x4C, 0x00, 0x00, 0x44, 0x44, 0x00, 0x60, 0x24, 0x22,
    0x00, 0x40, 0x22, 0x22, 0x00, 0x40, 0x2F, 0x22, 0x00, 0x24, 0x4F, 0xFF, 0x00, 0x2F, 0x4C, 0xFF,
    0xEE, 0xEE, 0x0E, 0xCC, 0xC4, 0xEE, 0xEE, 0xCC, 0x44, 0xEC, 0xEE, 0xCC, 0x42, 0xE4, 0xEE, 0xCE,
    0x22, 0xC4, 0xEE, 0xEE, 0x22, 0xC4, 0xEE, 0x0E, 0x22, 0xC4, 0xEE, 0x0E, 0x22, 0xE4, 0xEE, 0x0E,
    0xEE, 0xEE, 0x0E, 0x00, 0xEE, 0xEE, 0x0E, 0x00, 0xEE, 0xEE, 0x0E, 0x00, 0xEE, 0xEE, 0x0E, 0x00,
    0xEE, 0xEE, 0x00, 0x00, 0xEE, 0x0E, 0x00, 0x00, 0x00, 0x00, 0x00, 0x00, 0x00, 0x00, 0x00, 0x00,
    0x00, 0x00, 0x00, 0x00, 0x00, 0x00, 0x00, 0x00, 0x00, 0x00, 0x00, 0x60, 0x00, 0x00, 0x00, 0x60,
    0x00, 0x00, 0x00, 0x60, 0x00, 0x00, 0x00, 0x60, 0x00, 0x00, 0x00, 0xA0, 0x00, 0x00, 0xA0, 0x3A,
    0x00, 0x4F, 0x4E, 0xFE, 0x00, 0x4F, 0x44, 0xFE, 0x00, 0xF0, 0x22, 0x42, 0x00, 0x5E, 0x2C, 0x22,
    0x00, 0xCE, 0x4E, 0x44, 0x00, 0x00, 0x4F, 0xFF, 0x00, 0x00, 0x00, 0xEC, 0x00, 0x00, 0x00, 0xEC,
    0x22, 0xE4, 0x44, 0x06, 0x42, 0x44, 0x42, 0x0F, 0x24, 0xF4, 0xF4, 0xDF, 0x42, 0x4F, 0x3F, 0xBB,
    0xFF, 0xF4, 0x35, 0xCD, 0x44, 0x5F, 0x5C, 0xE7, 0xFF, 0xC3, 0xCC, 0x5E, 0x55, 0x5F, 0xC5, 0x5E,
    0x00, 0x00, 0x00, 0x00, 0x00, 0x00, 0x00, 0x00, 0x00, 0x00, 0x00, 0x00, 0x0D, 0x00, 0x00, 0x00,
    0x9C, 0x00, 0xAA, 0x00, 0xEC, 0xAA, 0xAA, 0xAA, 0x3F, 0x2E, 0x7A, 0x7A, 0x55, 0x6E, 0x7A, 0xAA,
    0x00, 0xA0, 0xAA, 0x33, 0xA0, 0x7A, 0x33, 0xAA, 0xA0, 0x33, 0xAA, 0x00, 0xA0, 0xA3, 0x00, 0x00,
    0x3A, 0xAA, 0x00, 0x00, 0x37, 0x0A, 0x00, 0x00, 0xA7, 0x00, 0x00, 0x00, 0x0A, 0x00, 0x00, 0x00,
    0x00, 0x00, 0xE0, 0x3F, 0x00, 0x00, 0x50, 0xF5, 0x00, 0x00, 0x50, 0x3F, 0x00, 0x00, 0x35, 0x3F,
    0x00, 0x00, 0xF5, 0x3F, 0x00, 0x00, 0xF5, 0xFF, 0x00, 0x00, 0x35, 0x5F, 0x00, 0x00, 0x50, 0xE5,
    0xCE, 0xF5, 0xC5, 0x35, 0xEF, 0xF5, 0xCC, 0xF3, 0xF3, 0x3E, 0x5E, 0xFF, 0x35, 0xDF, 0x5D, 0xFF,
    0x3E, 0xBF, 0x5D, 0xF3, 0xE3, 0xB5, 0xBD, 0x35, 0x3F, 0xD5, 0xDD, 0xEF, 0xF3, 0x0E, 0xDA, 0x5F,
    0x00, 0xCC, 0xDD, 0xEC, 0xE0, 0xFE, 0xB5, 0xFB, 0xCC, 0xF3, 0xBF, 0xBD, 0xEE, 0xFF, 0xB3, 0xD5,
    0xEE, 0x3E, 0xD5, 0x55, 0xE0, 0xFE, 0xEE, 0xEF, 0x00, 0xE0, 0xEE, 0x0E, 0x00, 0x00, 0x00, 0x00,
    0xE5, 0x0F, 0xFF, 0xFE, 0x5F, 0xEF, 0x5F, 0xCE, 0x35, 0xEF, 0xF5, 0xCF, 0xFF, 0xEE, 0xF3, 0xDF,
    0xEE, 0x0E, 0x5E, 0xBB, 0x0E, 0x00, 0xDE, 0xB5, 0x00, 0x00, 0xE0, 0xD3, 0x00, 0x00, 0xE0, 0xFE,
    0x00, 0x00, 0x00, 0xC0, 0x00, 0x00, 0x00, 0xCC, 0x00, 0x00, 0xC0, 0xEC, 0x00, 0x00, 0xC0, 0xEC,
    0x00, 0x00, 0xC0, 0xEC, 0x00, 0x00, 0xC0, 0xCC, 0x00, 0x00, 0x00, 0xCC, 0x00, 0x00, 0x00, 0xE0,
    0xEC, 0x0C, 0x00, 0x00, 0xEE, 0xEE, 0x00, 0x00, 0xEE, 0xEE, 0x0E, 0x00, 0xEE, 0xEE, 0x0E, 0x00,
    0xEE, 0xEE, 0x0E, 0x00, 0xEE, 0xEE, 0x0E, 0x00, 0xEC, 0xEE, 0x00, 0xC0, 0xEE, 0x0E, 0x00, 0xCC,
    0x26, 0x62, 0x60, 0x62, 0x60, 0x22, 0x66, 0x62, 0x06, 0x66, 0x26, 0x06, 0x62, 0x66, 0x22, 0xA6,
    0x22, 0x22, 0x62, 0xA0, 0x66, 0x66, 0xA6, 0x3A, 0xAA, 0x0A, 0x7A, 0xA3, 0x33, 0xAA, 0x7A, 0xA3,
    0xAA, 0xAA, 0x00, 0x00, 0x3A, 0x0A, 0x00, 0x00, 0x7A, 0x00, 0x00, 0x00, 0xA3, 0xAA, 0x00, 0x00,
    0x37, 0xA7, 0x00, 0x00, 0xAA, 0x0A, 0x00, 0x00, 0x00, 0x00, 0x00, 0x00, 0x00, 0x00, 0x00, 0x00,
    0xE3, 0xAA, 0x9A, 0xA7, 0xE3, 0xA3, 0xAA, 0xA7, 0xE3, 0xA3, 0x26, 0x7A, 0x3E, 0x3E, 0x62, 0xAA,
    0xFF, 0xAE, 0xAA, 0x0A, 0xEF, 0x00, 0x7A, 0x0A, 0x0E, 0x00, 0x3A, 0x0A, 0xE7, 0x7E, 0x3A, 0xEA,
    0x00, 0x00, 0x00, 0x00, 0x00, 0x00, 0x00, 0x00, 0x0A, 0x00, 0x00, 0x00, 0x0A, 0x00, 0x00, 0x00,
    0x00, 0x00, 0x00, 0x00, 0x00, 0x00, 0x00, 0x00, 0x00, 0x00, 0x00, 0x00, 0x0E, 0x00, 0x00, 0x00,
    0x00, 0x00, 0x00, 0xFE, 0x00, 0x00, 0x00, 0xE0, 0x00, 0x00, 0x00, 0x00, 0x00, 0x00, 0x00, 0x00,
    0x00, 0x00, 0x00, 0x00, 0x00, 0x00, 0x00, 0x00, 0x00, 0x00, 0x00, 0x00, 0x00, 0x00, 0x00, 0x00,
    0x5F, 0xEC, 0x0E, 0x00, 0xEE, 0xEE, 0x00, 0x00, 0x00, 0x00, 0x00, 0x00, 0x00, 0x00, 0x00, 0x00,
    0x00, 0x00, 0x00, 0x00, 0x00, 0x00, 0x00, 0x00, 0x00, 0x00, 0x00, 0x00, 0x00, 0x00, 0x00, 0x00,
    0x00, 0x00, 0x00, 0x00, 0x00, 0x00, 0x00, 0x00, 0x00, 0x00, 0x00, 0x00, 0x00, 0x00, 0x00, 0x00,
    0x00, 0x00, 0x00, 0x00, 0xCC, 0x0C, 0x00, 0x00, 0xEC, 0xCE, 0x00, 0x00, 0xEE, 0xEE, 0x0C, 0x00,
    0x00, 0x00, 0x00, 0x00, 0x00, 0x00, 0x00, 0x00, 0x00, 0x00, 0x00, 0x00, 0x00, 0x00, 0x00, 0x00,
    0x00, 0x00, 0x00, 0x00, 0x00, 0x00, 0x00, 0x00, 0x00, 0x00, 0x60, 0x00, 0x60, 0x06, 0x26, 0x66,
    0xAA, 0x87, 0xA0, 0xA7, 0x00, 0xAA, 0x0A, 0xAA, 0x00, 0x00, 0x00, 0x00, 0x00, 0x00, 0x00, 0x00,
    0x00, 0x00, 0x00, 0x00, 0x00, 0x00, 0x00, 0x00, 0x00, 0x00, 0x00, 0x00, 0x00, 0x00, 0x00, 0x00,
    0xAA, 0xEA, 0xEE, 0x0E, 0x53, 0x33, 0xAA, 0x00, 0xDC, 0xAD, 0x00, 0x00, 0xBB, 0x5E, 0x00, 0x00,
    0xCD, 0xCC, 0x0F, 0x00, 0x35, 0xEC, 0x5E, 0x00, 0xFF, 0xE3, 0xEC, 0x00, 0xFF, 0xC5, 0xEC, 0x00,
    0x00, 0x00, 0x00, 0x00, 0x00, 0x00, 0x00, 0x00, 0x00, 0x00, 0x00, 0x00, 0x00, 0x00, 0x00, 0x00,
    0x00, 0x00, 0x00, 0x00, 0x00, 0x00, 0x00, 0x06, 0x00, 0x00, 0x66, 0x62, 0xAA, 0xAA, 0x26, 0x06,
    0x00, 0x00, 0x00, 0x00, 0x00, 0x00, 0x00, 0x00, 0x00, 0x00, 0x00, 0x00, 0x00, 0x00, 0x00, 0x00,
    0x00, 0x00, 0x00, 0x00, 0x00, 0x00, 0x00, 0x00, 0x60, 0x06, 0x00, 0x00, 0x26, 0x62, 0x00, 0x00,
    0x00, 0x00, 0x00, 0x00, 0x00, 0x00, 0x00, 0x00, 0x00, 0x00, 0x00, 0xC0, 0x00, 0x00, 0x00, 0xC0,
    0x00, 0x00, 0x00, 0xC0, 0x00, 0x00, 0x00, 0x00, 0x00, 0x00, 0x00, 0x00, 0x00, 0x00, 0x00, 0xC0,
    0xC0, 0xCC, 0x0E, 0x00, 0xCC, 0xEE, 0xEE, 0x00, 0xEC, 0xEE, 0xEE, 0x0E, 0xEC, 0xEE, 0xEE, 0x0E,
    0xEC, 0xEE, 0xEE, 0x0E, 0xEC, 0xEE, 0xEE, 0x00, 0xEE, 0xEE, 0x0E, 0x00, 0xCC, 0xEC, 0xCE, 0x00,
    0xA0, 0xA3, 0x26, 0x66, 0x00, 0xA7, 0x60, 0x62, 0xAA, 0x3A, 0x6A, 0x22, 0x7A, 0x73, 0x0A, 0x26,
    0xA0, 0xAA, 0xA3, 0x6A, 0x00, 0x00, 0x3A, 0xA7, 0x00, 0x00, 0x3A, 0xA7, 0x00, 0x00, 0x7A, 0x0A,
    0x22, 0x06, 0x00, 0x00, 0x66, 0x60, 0x06, 0x00, 0x66, 0x26, 0x06, 0x00, 0x22, 0x22, 0x06, 0x00,
    0x66, 0x66, 0x06, 0x00, 0xA0, 0xAA, 0x0A, 0x00, 0xAA, 0x33, 0xA3, 0x0A, 0x78, 0xAA, 0x33, 0xAA,
    0x00, 0x00, 0x00, 0xC4, 0x00, 0x00, 0x40, 0x44, 0x00, 0x00, 0x40, 0x22, 0x00, 0x00, 0x24, 0x22,
    0x00, 0x00, 0x2F, 0xFF, 0x00, 0x00, 0x23, 0xFF, 0x00, 0x00, 0x4E, 0xFE, 0x0A, 0x60, 0x46, 0xFE,
    0x44, 0xE6, 0xEE, 0x0E, 0x42, 0xC4, 0xEE, 0xEE, 0x22, 0x64, 0xEE, 0xEE, 0x22, 0x64, 0xEE, 0xEE,
    0x22, 0x64, 0xEE, 0xEE, 0x22, 0x64, 0xEE, 0xEE, 0x42, 0xE4, 0xEE, 0xEE, 0x44, 0x64, 0x44, 0xEE,
    0x44, 0x22, 0x42, 0xE4, 0x22, 0x44, 0x4F, 0x04, 0x44, 0xAF, 0xAA, 0xEA, 0xFF, 0xA9, 0x37, 0xA7,
    0xAA, 0xAA, 0x7A, 0x37, 0x62, 0x5F, 0xCC, 0xDE, 0x26, 0xC5, 0xFC, 0x5F, 0xAA, 0xFC, 0xC3, 0x3F,
    0x00, 0x00, 0x00, 0x00, 0x00, 0x00, 0x00, 0x00, 0x00, 0x00, 0x00, 0x00, 0x0E, 0x00, 0x00, 0x00,
    0xEA, 0x00, 0x00, 0x00, 0xA3, 0x00, 0x00, 0x00, 0xAA, 0x00, 0x00, 0x00, 0xEF, 0x00, 0x00, 0x00,
    0x3A, 0xCC, 0xFC, 0xFF, 0x3A, 0x3C, 0x3F, 0xFF, 0xA3, 0xFC, 0xFC, 0xFF, 0xDA, 0xCF, 0xF3, 0x35,
    0xB0, 0xDB, 0xEE, 0xE3, 0xD0, 0xBB, 0x7D, 0xA3, 0xA7, 0x77, 0x37, 0xA7, 0xAA, 0xAA, 0xAA, 0x3A,
    0xA5, 0x0E, 0xE0, 0xEE, 0xA3, 0xEE, 0x0E, 0x00, 0xAE, 0x00, 0x00, 0x00, 0x0E, 0x00, 0x00, 0x00,
    0x0A, 0x00, 0x00, 0x00, 0x0F, 0x00, 0x00, 0x00, 0xF5, 0x00, 0x00, 0x00, 0x55, 0x0E, 0x00, 0x00,
    0x33, 0xA3, 0xEF, 0x5C, 0xAA, 0xAA, 0xC5, 0x5C, 0xFB, 0xEF, 0xED, 0xFE, 0xCD, 0xDE, 0xBB, 0xBD,
    0xED, 0xBF, 0xEC, 0xDB, 0xF5, 0xCE, 0xFC, 0xBF, 0xEE, 0xEE, 0xFC, 0x5F, 0x00, 0xCC, 0x5E, 0xF5,
    0x5F, 0x0E, 0x00, 0x00, 0x5F, 0x0E, 0x00, 0x00, 0x5F, 0x0E, 0x00, 0x00, 0xDB, 0x0E, 0x00, 0x00,
    0xE3, 0x0E, 0x00, 0x00, 0xFD, 0x0E, 0x00, 0x00, 0xED, 0x00, 0x00, 0x00, 0xEC, 0x00, 0x00, 0x00,
    0x00, 0xCE, 0xEC, 0xFE, 0x00, 0xE0, 0xEE, 0xEE, 0x00, 0x00, 0x00, 0x00, 0x00, 0x00, 0x00, 0x00,
    0x00, 0x00, 0x00, 0x00, 0x00, 0x00, 0x00, 0x00, 0x00, 0x00, 0x00, 0x00, 0x00, 0x00, 0x00, 0x00,
    0x0E, 0x00, 0x00, 0x00, 0x00, 0x00, 0x00, 0x00, 0x00, 0x00, 0x00, 0x00, 0x00, 0x00, 0x00, 0x00,
    0x00, 0x00, 0x00, 0x00, 0x00, 0x00, 0x00, 0x00, 0x00, 0x00, 0x00, 0x00, 0x00, 0x00, 0x00, 0x00,
    0x00, 0x00, 0xAA, 0xA0, 0x00, 0x00, 0x00, 0x00, 0x00, 0x00, 0x00, 0x00, 0x00, 0x00, 0x00, 0x00,
    0x00, 0x00, 0x00, 0x00, 0x00, 0x00, 0x00, 0x00, 0x00, 0x00, 0x00, 0x00, 0x00, 0x00, 0x00, 0x00,
    0xAA, 0x00, 0xAA, 0x33, 0x00, 0x00, 0x00, 0xAA, 0x00, 0x00, 0x00, 0x00, 0x00, 0x00, 0x00, 0x00,
    0x00, 0x00, 0x00, 0x00, 0x00, 0x00, 0x00, 0x00, 0x00, 0x00, 0x00, 0x00, 0x00, 0x00, 0x00, 0x00,
    0x00, 0x00, 0x00, 0x00, 0x00, 0x00, 0x00, 0x00, 0x00, 0x00, 0x00, 0x00, 0x00, 0x00, 0x00, 0x00,
    0x00, 0x00, 0x00, 0x00, 0x00, 0x00, 0x00, 0x00, 0x00, 0x00, 0x00, 0x00, 0xC0, 0xCC, 0x0C, 0x00,
    0xCC, 0xCC, 0xCC, 0x00, 0xCC, 0xEE, 0xCE, 0x0C, 0xEC, 0xEE, 0xEE, 0x0C, 0xEC, 0xEE, 0xEE, 0x0E,
    0xEE, 0xEE, 0xEE, 0x0E, 0xEE, 0xEE, 0xEE, 0x00, 0x0E, 0xEE, 0x0E, 0x00, 0x00, 0x00, 0x00, 0x00,
    0xA7, 0xEA, 0x24, 0x22, 0x33, 0x5A, 0x2E, 0x22, 0x3A, 0xEA, 0x4C, 0x44, 0xAA, 0xA3, 0x40, 0xAA,
    0xA0, 0x73, 0xAA, 0xAA, 0x00, 0x7A, 0xA7, 0xA7, 0x00, 0xA0, 0xAA, 0xA7, 0x00, 0x00, 0x7A, 0xA9,
    0x00, 0x00, 0x7A, 0xAA, 0x00, 0xA0, 0xA7, 0x62, 0x00, 0xA0, 0xAA, 0x26, 0x00, 0x00, 0xA0, 0xAA,
    0x00, 0x00, 0xA0, 0xA7, 0x00, 0x00, 0xA0, 0xA3, 0x00, 0x00, 0xA0, 0xA3, 0x00, 0x00, 0xA0, 0x77,
    0x00, 0x00, 0x00, 0x00, 0x00, 0x00, 0x00, 0x00, 0x00, 0x00, 0x00, 0x00, 0x00, 0x00, 0x00, 0x00,
    0x00, 0x00, 0x00, 0x00, 0x00, 0x00, 0x00, 0x00, 0x00, 0x00, 0x00, 0x00, 0xEE, 0x00, 0x00, 0x00,
    0x00, 0x00, 0xFF, 0xAA, 0x00, 0xE0, 0xCC, 0xBE, 0x00, 0xEC, 0xF5, 0xDB, 0x00, 0xCE, 0xFF, 0xDB,
    0x00, 0xEE, 0x55, 0x5D, 0x00, 0xE0, 0xFF, 0x53, 0x00, 0x00, 0xEE, 0xEE, 0x00, 0x00, 0x00, 0x00,
    0x00, 0x00, 0x00, 0x00, 0x00, 0x00, 0x00, 0x00, 0x00, 0x00, 0x00, 0x00, 0x00, 0x00, 0x00, 0x00,
    0x00, 0x00, 0x00, 0x00, 0x00, 0x50, 0x55, 0x00, 0x00, 0xF5, 0x33, 0xE5, 0x50, 0x5F, 0xE5, 0xE3,
    0x00, 0x40, 0x44, 0x6C, 0x00, 0x44, 0x22, 0x42, 0x00, 0x23, 0x22, 0x22, 0x00, 0x2F, 0xFF, 0x22,
    0x60, 0x2E, 0xFF, 0x22, 0x46, 0x2E, 0xFE, 0x22, 0x4C, 0x44, 0xFE, 0x22, 0xE5, 0x22, 0x44, 0x42,
    0xE6, 0xEE, 0x0C, 0x00, 0x64, 0xEE, 0x0E, 0xCC, 0x42, 0xEC, 0xCE, 0xEC, 0x42, 0xEC, 0xCE, 0xEE,
    0x42, 0xEC, 0xCE, 0xEE, 0x44, 0xEE, 0xCE, 0xEE, 0xF4, 0xEE, 0xCE, 0xEE, 0xE4, 0xEE, 0xCE, 0xEC,
    0x00, 0x00, 0x00, 0x00, 0xCC, 0x00, 0x00, 0x00, 0xEE, 0x0E, 0x00, 0x00, 0xEE, 0xCE, 0x00, 0x00,
    0xEE, 0xCE, 0x00, 0x00, 0xEE, 0xCE, 0x00, 0x00, 0xEE, 0xCE, 0x00, 0x00, 0xEE, 0x0E, 0x00, 0x00,
    0x35, 0x3F, 0xFE, 0x5F, 0xF5, 0xFE, 0x5E, 0xE5, 0xE0, 0xEF, 0xEE, 0x0E, 0x00, 0xEE, 0x00, 0x00,
    0x00, 0x00, 0x00, 0x00, 0x00, 0x00, 0x00, 0x00, 0x00, 0x00, 0x00, 0x00, 0x00, 0x00, 0x00, 0x00,
    0xFE, 0x24, 0x22, 0x44, 0x4F, 0x44, 0x44, 0x44, 0xF0, 0x4F, 0x44, 0xF4, 0x00, 0xF0, 0xFF, 0x4F,
    0x00, 0xE0, 0xFC, 0xF5, 0x00, 0xCE, 0xF3, 0xCC, 0x00, 0xCE, 0x5F, 0xC5, 0x00, 0x5E, 0x5F, 0xC5,
    0xFF, 0xEE, 0x0E, 0xCC, 0x42, 0xE4, 0x00, 0x00, 0x2F, 0xA4, 0xCA, 0xEE, 0x42, 0x3A, 0xEA, 0x3E,
    0xAF, 0x73, 0xE7, 0xF3, 0x7A, 0xA7, 0x07, 0x5E, 0x3A, 0xA7, 0x00, 0xF5, 0x7A, 0x0A, 0x50, 0x3F,
    0xEE, 0x00, 0x00, 0x00, 0x00, 0x00, 0x00, 0x00, 0x0A, 0x00, 0xE0, 0x00, 0xEE, 0xEA, 0x0E, 0x00,
    0x33, 0xAE, 0x0A, 0x00, 0xFF, 0xE3, 0xA7, 0x00, 0xFF, 0x3F, 0xAE, 0x00, 0xF3, 0x33, 0xAE, 0x00,
    0x00, 0xF5, 0xCC, 0xEC, 0x00, 0xFE, 0x3F, 0x33, 0x00, 0xF0, 0xDF, 0xFF, 0x00, 0xF0, 0xBD, 0xDD,
    0x00, 0xF0, 0xBD, 0xDB, 0xE0, 0xFE, 0xDB, 0xFB, 0xCE, 0xE5, 0xFF, 0xED, 0xFC, 0x5F, 0xEE, 0xEE,
    0xAA, 0xEA, 0xEE, 0x3F, 0x9F, 0xAA, 0xAA, 0xF5, 0x5C, 0x6A, 0xA2, 0x53, 0x3E, 0x2A, 0xA6, 0xAA,
    0xAE, 0xAA, 0xAA, 0x6A, 0xAE, 0x7A, 0x97, 0x2A, 0xF5, 0xAA, 0x7A, 0xA7, 0xEF, 0x7A, 0xAA, 0x7A,
    0xCE, 0x55, 0xEE, 0xE3, 0xEE, 0xEE, 0xEE, 0xAA, 0xE5, 0xEE, 0x33, 0x3A, 0xCC, 0xCC, 0xAE, 0x37,
    0xCC, 0xCC, 0xAC, 0xA3, 0xCE, 0xCC, 0xAA, 0xA3, 0xEE, 0xEE, 0x3A, 0x0A, 0x66, 0xA6, 0x33, 0x0A,
    0xAE, 0x77, 0x0A, 0xA0, 0x3A, 0xA3, 0x00, 0x00, 0xA3, 0x0A, 0x00, 0x00, 0xAA, 0x00, 0x00, 0x00,
    0x00, 0x00, 0x00, 0x00, 0x00, 0x00, 0x00, 0x00, 0x00, 0x00, 0x00, 0x00, 0x00, 0x00, 0x00, 0x00,
    0x00, 0x00, 0x60, 0x60, 0x00, 0x00, 0x26, 0x06, 0x00, 0x00, 0x26, 0x62, 0x00, 0x00, 0x60, 0x62,
    0x00, 0x00, 0x06, 0x66, 0x00, 0x60, 0x62, 0x26, 0x00, 0x00, 0x26, 0x62, 0x00, 0x00, 0x66, 0x06,
    0x22, 0xA6, 0xA3, 0x00, 0x26, 0xA6, 0xA3, 0x00, 0x26, 0xA6, 0x7A, 0x0A, 0x26, 0x06, 0x8A, 0x0A,
    0x22, 0xA6, 0x0A, 0x0A, 0x62, 0x7A, 0xA7, 0x00, 0x06, 0x3A, 0x73, 0x0A, 0xAA, 0xA3, 0xAA, 0x0A,
    0x00, 0x00, 0xA0, 0xAA, 0x00, 0x00, 0xA0, 0x73, 0x00, 0x00, 0xA0, 0x0A, 0x00, 0x00, 0xA0, 0x00,
    0x00, 0x00, 0x00, 0x00, 0x00, 0x00, 0x00, 0x00, 0x00, 0x00, 0x00, 0x00, 0x00, 0x00, 0x00, 0x00,
    0x73, 0x0A, 0x00, 0x00, 0x3A, 0x0A, 0x00, 0x00, 0x7A, 0x0A, 0x00, 0x00, 0xAA, 0x00, 0x00, 0x00,
    0x00, 0x00, 0x00, 0x00, 0x00, 0x00, 0x00, 0x00, 0x00, 0x00, 0x00, 0x00, 0x00, 0x00, 0x00, 0x00,
    0x00, 0x00, 0x00, 0x00, 0x00, 0x00, 0x00, 0xC0, 0x00, 0x00, 0x00, 0xCC, 0x00, 0x00, 0x00, 0xCC,
    0x00, 0x00, 0x00, 0xCC, 0x00, 0x00, 0x00, 0xC0, 0x00, 0x00, 0x00, 0xEE, 0x00, 0x00, 0x46, 0xC6,
    0xCC, 0xEE, 0x00, 0x00, 0xEC, 0xEE, 0x0E, 0x00, 0xEE, 0xEE, 0xEE, 0x00, 0xEE, 0xEE, 0xEE, 0x00,
    0xEE, 0xEE, 0xEE, 0x00, 0xEC, 0xEE, 0xEE, 0x00, 0xCC, 0xEE, 0x0E, 0x00, 0xEE, 0xEE, 0x00, 0x00,
    0x35, 0x3F, 0xAE, 0xAA, 0xEF, 0xEF, 0xA7, 0xA3, 0x3E, 0xE3, 0xAA, 0xA3, 0xE3, 0x0E, 0xA7, 0xA3,
    0xA2, 0xAA, 0x7A, 0x0A, 0xA6, 0x37, 0x73, 0x0A, 0xAA, 0xAA, 0xAA, 0x00, 0x0A, 0x00, 0x00, 0x00,
    0x0A, 0x00, 0x00, 0x00, 0x00, 0x00, 0x00, 0x00, 0x00, 0x00, 0x00, 0x00, 0x00, 0x00, 0x00, 0x00,
    0x00, 0x00, 0x00, 0x00, 0x00, 0x00, 0x00, 0x00, 0x00, 0x00, 0x00, 0x00, 0x00, 0x00, 0x00, 0x00,
    0x00, 0x00, 0x00, 0x00, 0x00, 0x00, 0x00, 0x00, 0x00, 0x00, 0x00, 0x00, 0x00, 0x00, 0x00, 0x50,
    0x00, 0x00, 0x00, 0xE0, 0x00, 0x00, 0x00, 0xE0, 0x00, 0x00, 0x00, 0x50, 0x00, 0x00, 0x00, 0x60,
    0x00, 0x00, 0x00, 0x60, 0x00, 0x00, 0x00, 0x44, 0x00, 0x00, 0x00, 0x24, 0x00, 0x00, 0x40, 0x2F,
    0x00, 0x00, 0x40, 0x2F, 0x00, 0x00, 0x40, 0x2E, 0x00, 0x00, 0x60, 0x4E, 0x00, 0xE0, 0x4E, 0x44,
    0xC4, 0x66, 0xEC, 0xEE, 0x44, 0x44, 0xE6, 0xEE, 0x22, 0x22, 0xE4, 0xEE, 0x22, 0x22, 0x64, 0xEE,
    0xFF, 0x22, 0x64, 0xEE, 0xFF, 0x22, 0x64, 0xEE, 0xFE, 0x42, 0xE4, 0xEE, 0xFE, 0x44, 0xE4, 0x44,
    0x0E, 0xCC, 0xCC, 0xCC, 0xEE, 0xCC, 0xEE, 0xCE, 0xEE, 0xEC, 0xEE, 0xEE, 0xEE, 0xEC, 0xEE, 0xEE,
    0xEE, 0xEC, 0xEE, 0xEE, 0xEE, 0xCE, 0xEE, 0xCE, 0xEE, 0xE0, 0xEE, 0x0E, 0xEE, 0x00, 0x00, 0x00,
    0x00, 0x00, 0x00, 0x00, 0x0E, 0x00, 0x00, 0x00, 0x0E, 0x00, 0x00, 0x00, 0x0E, 0x00, 0x00, 0x00,
    0x0E, 0x00, 0x00, 0x00, 0x00, 0x00, 0x00, 0x00, 0x00, 0x00, 0x00, 0x00, 0x00, 0x00, 0x00, 0x00,
    0x00, 0xE0, 0xE5, 0x22, 0x00, 0x00, 0xEE, 0x24, 0x00, 0x00, 0xF0, 0x44, 0x00, 0x00, 0x50, 0x4F,
    0x00, 0x00, 0x35, 0x35, 0x00, 0x50, 0x3F, 0xFE, 0x00, 0x50, 0x5F, 0xFE, 0x00, 0x00, 0xF5, 0xE5,
    0x42, 0x24, 0x42, 0x44, 0x22, 0x42, 0xF4, 0xF4, 0x44, 0xF4, 0x4F, 0x3C, 0xF4, 0x4F, 0xE4, 0xFC,
    0xEF, 0xC3, 0x3C, 0xB3, 0xE3, 0xFC, 0xEC, 0xD3, 0xE5, 0xF5, 0xC5, 0xAE, 0xCE, 0xC5, 0xAF, 0x3A,
    0x0E, 0x00, 0x00, 0x00, 0x00, 0x00, 0x00, 0x00, 0xBD, 0x00, 0x00, 0x00, 0xDB, 0x00, 0x00, 0x00,
    0xED, 0x0C, 0x00, 0x00, 0xED, 0xCE, 0x05, 0xE0, 0x0A, 0xCE, 0x5F, 0x0E, 0x0A, 0x35, 0xE5, 0x00,
    0x00, 0x00, 0x00, 0x00, 0x00, 0x00, 0x00, 0x00, 0x00, 0x00, 0x00, 0x00, 0x00, 0x00, 0x00, 0x00,
    0xE0, 0x00, 0x00, 0x00, 0x0E, 0x00, 0x00, 0x00, 0x00, 0x00, 0x00, 0x00, 0x00, 0x00, 0x00, 0x00,
    0x00, 0x00, 0x35, 0x3F, 0x00, 0x00, 0xE0, 0xEE, 0x00, 0x00, 0x00, 0xB0, 0x00, 0x00, 0x00, 0xD0,
    0x00, 0x00, 0x00, 0xF0, 0x00, 0x00, 0x00, 0xCD, 0x00, 0x00, 0xD0, 0xDB, 0x00, 0x00, 0xCC, 0xBD,
    0x3E, 0xAE, 0xAA, 0xA3, 0xFB, 0xA3, 0x73, 0x3A, 0xDD, 0xAF, 0x73, 0xAA, 0xDB, 0xAD, 0xA7, 0xFB,
    0xFF, 0xAF, 0xAA, 0xDB, 0xF5, 0x35, 0xAA, 0x3A, 0xFF, 0x35, 0x6A, 0xA2, 0xDD, 0xA3, 0x2A, 0xA6,
    0xEA, 0x55, 0xF3, 0x0E, 0x57, 0x3F, 0xFF, 0xEF, 0x50, 0x5F, 0xFF, 0xEF, 0x50, 0x33, 0xFE, 0xEF,
    0x0F, 0xEE, 0xF3, 0xE3, 0xAA, 0xF5, 0x33, 0xAE, 0x33, 0xEA, 0xEE, 0xA7, 0x33, 0x0A, 0x00, 0xA7,
    0x00, 0x00, 0x00, 0x00, 0x00, 0x00, 0x00, 0x00, 0x00, 0x00, 0x00, 0x00, 0x00, 0x00, 0x00, 0x00,
    0x0A, 0x00, 0x00, 0x00, 0x0A, 0x00, 0x00, 0x00, 0x00, 0x00, 0x00, 0x00, 0xAA, 0x00, 0x00, 0x00,
    0x00, 0xE0, 0xFC, 0xB5, 0x00, 0xE0, 0xFC, 0xD5, 0x00, 0xC0, 0xF5, 0xD3, 0x00, 0x00, 0xAE, 0xAA,
    0x00, 0x00, 0x7A, 0x33, 0x00, 0x00, 0x7A, 0xA3, 0x00, 0xA0, 0x37, 0x0A, 0x06, 0x3A, 0xA3, 0x00,
    0xD5, 0xA5, 0xA7, 0xAA, 0x55, 0xAE, 0x7A, 0xAA, 0x55, 0x7A, 0xB3, 0xA7, 0xAA, 0x77, 0xAA, 0x7A,
    0x73, 0xAA, 0xCC, 0xAC, 0xAA, 0x5F, 0xEE, 0xFE, 0xE0, 0xC5, 0xCC, 0x55, 0xE0, 0xEE, 0xCE, 0xEC,
    0xAA, 0x03, 0xA0, 0xA3, 0x26, 0x0A, 0xA0, 0x3A, 0x62, 0xAA, 0x7A, 0xA7, 0xAA, 0xAA, 0x37, 0xA3,
    0xDA, 0x00, 0xAA, 0xAA, 0x5F, 0x00, 0x00, 0x00, 0xDF, 0x00, 0x00, 0x00, 0xE5, 0x00, 0x00, 0x00,
    0xA3, 0x00, 0x00, 0x00, 0x0A, 0x00, 0x00, 0x00, 0x0A, 0x00, 0x00, 0x00, 0x00, 0x00, 0x00, 0x00,
    0x00, 0x00, 0x00, 0x00, 0x00, 0x00, 0x00, 0x00, 0x00, 0x00, 0x00, 0x00, 0x00, 0x00, 0x00, 0x00,
    0x60, 0x22, 0x06, 0x26, 0x00, 0x26, 0x62, 0x26, 0x66, 0x60, 0x66, 0x62, 0x26, 0x66, 0x26, 0x62,
    0x26, 0x22, 0x62, 0xA6, 0x66, 0x66, 0x06, 0x3A, 0xAA, 0x00, 0x3A, 0x77, 0x7A, 0xAA, 0x73, 0xA3,
    0xA6, 0x37, 0x0A, 0x00, 0xA6, 0xA3, 0x00, 0x00, 0x3A, 0x0A, 0x00, 0x00, 0xA0, 0xA7, 0x00, 0x00,
    0x7A, 0xAA, 0x00, 0x00, 0xA3, 0x00, 0x00, 0x00, 0x77, 0x0A, 0x00, 0x00, 0x7A, 0x0A, 0x00, 0x00,
    0xAA, 0xA0, 0xA7, 0x0A, 0x0A, 0xA0, 0xA7, 0x00, 0x00, 0xA0, 0x0A, 0x00, 0x00, 0x00, 0x00, 0x00,
    0x00, 0x00, 0x00, 0x00, 0x00, 0x00, 0x00, 0x00, 0x00, 0x00, 0x00, 0x00, 0x00, 0x00, 0x00, 0x00,
    0xA0, 0x0A, 0x00, 0x00, 0x00, 0x00, 0x00, 0x00, 0x00, 0x00, 0x00, 0x00, 0x00, 0x00, 0x00, 0x00,
    0x00, 0x00, 0x00, 0x00, 0x00, 0x00, 0x00, 0x00, 0x00, 0x00, 0x00, 0x00, 0x00, 0x00, 0x00, 0x00,
    0x00, 0xC0, 0xEC, 0x0E, 0x00, 0xCC, 0xEE, 0xEE, 0xC0, 0xEC, 0xEE, 0xEE, 0xC0, 0xEC, 0xEE, 0xEE,
    0xC0, 0xEC, 0xEE, 0xEE, 0x00, 0xCC, 0xEE, 0xEE, 0x00, 0xCE, 0xEC, 0xEE, 0xCE, 0xEE, 0xEE, 0xEE,
    0x00, 0x00, 0x00, 0x00, 0x00, 0x00, 0x00, 0x00, 0x0E, 0x00, 0x00, 0x00, 0x0E, 0x00, 0x00, 0x00,
    0x0E, 0x00, 0x00, 0x00, 0x0E, 0x00, 0x00, 0x00, 0x00, 0x00, 0x00, 0x00, 0x00, 0xC0, 0xCC, 0x0C,
    0x00, 0xEE, 0xEE, 0xEE, 0x00, 0x00, 0xEE, 0xEE, 0x00, 0x00, 0x00, 0x00, 0x00, 0x00, 0x00, 0x00,
    0x00, 0x00, 0x00, 0x00, 0x00, 0x00, 0x00, 0x00, 0x00, 0x00, 0x00, 0x00, 0x00, 0x00, 0x00, 0x00,
    0x0E, 0x00, 0x00, 0x00, 0x00, 0x00, 0x00, 0x00, 0x00, 0x00, 0x00, 0x00, 0x00, 0x00, 0x00, 0x00,
    0x00, 0x00, 0x00, 0x00, 0x00, 0x00, 0x00, 0x00, 0x00, 0x00, 0x00, 0x00, 0x00, 0x00, 0x00, 0x00,
    0x00, 0x00, 0x00, 0x00, 0x00, 0x00, 0x00, 0x00, 0x00, 0x00, 0x00, 0x00, 0x00, 0x00, 0x00, 0x00,
    0x00, 0x00, 0x00, 0x00, 0x00, 0x00, 0x00, 0x00, 0x00, 0x60, 0x60, 0x66, 0x00, 0x26, 0x66, 0x22,
};
static const u16 sSet3Frame0[] = {
    0x000A, 0x40DF, 0x81F6, 0x0000, 0x00EF, 0x41F6, 0x0008, 0x40D7, 0x01F6, 0x000C, 0x40DF, 0x0016,
    0x000E, 0x40EF, 0x0006, 0x0010, 0x40FF, 0x01FE, 0x0012, 0x00D7, 0x0006, 0x0014, 0x00D7, 0x0016,
    0x0015, 0x00E7, 0x0016, 0x0016, 0x00F7, 0x0006, 0x0017, 0x0000,
};
static const u16 sSet3Frame1[] = {
    0x0007, 0x40D7, 0x81E5, 0x0018, 0x80E7, 0x81FD, 0x0020, 0x40E7, 0x01E5, 0x0028, 0x80D7, 0x0005,
    0x002A, 0x80E7, 0x01F5, 0x002C, 0x00E7, 0x000D, 0x002E, 0x00F7, 0x01F5, 0x002F, 0x0000,
};
static const u16 sSet3Frame2[] = {
    0x0006, 0x40E8, 0x81F1, 0x0030, 0x00F8, 0x41F9, 0x0038, 0x0008, 0x41F1, 0x003C, 0x40E0, 0x01F9,
    0x0040, 0x80F8, 0x0009, 0x0042, 0x0000, 0x01F1, 0x0044, 0x0000,
};
static const u16 sSet3Frame3[] = {
    0x0005, 0x00E1, 0x81F6, 0x0045, 0x0001, 0x41EE, 0x0055, 0x40D9, 0x01FE, 0x0059, 0x4001, 0x01FE,
    0x005B, 0x00F9, 0x01EE, 0x005D, 0x0000,
};
static const void* const sSet3Frames[] = { sSet3Frame0, sSet3Frame1, sSet3Frame2, sSet3Frame3 };

static const u16 sBattleAnim12[] = {
    0x0040, 0x0040, 0x0006, 0x0000, 0x0003, 0x0000, 0x0004, 0x0001, 0x0003, 0x0001, 0x0005, 0x0002,
    0x0008, 0x0003, 0x0005,
};
static const u16 sBattleAnim13[] = {
    0x0040, 0x0040, 0x0006, 0x0000, 0x0003, 0x0000, 0x0005, 0x0001, 0x0004, 0x0001, 0x0005, 0x0002,
    0x0008, 0x0003, 0x0005,
};
static const u16 sBattleAnim14[] = {
    0x0040, 0x0040, 0x0006, 0x0000, 0x0004, 0x0000, 0x0006, 0x0001, 0x0005, 0x0001, 0x0005, 0x0002,
    0x0008, 0x0003, 0x0005,
};
static const u16 sBattleAnim15[] = {
    0x0040, 0x0040, 0x0006, 0x0000, 0x0005, 0x0000, 0x0007, 0x0001, 0x0006, 0x0001, 0x0006, 0x0002,
    0x0008, 0x0003, 0x0005,
};
static const u16 sBattleAnim16[] = {
    0x0040, 0x0040, 0x0006, 0x0000, 0x0006, 0x0000, 0x0007, 0x0001, 0x0007, 0x0001, 0x0006, 0x0002,
    0x0008, 0x0003, 0x0005,
};
static const u8 sTiles4[] __attribute__((aligned(4))) = {
    0x00, 0x00, 0x00, 0x00, 0x00, 0x00, 0x00, 0xA0, 0x00, 0x00, 0xA0, 0x7A, 0x00, 0x00, 0xA0, 0x8A,
    0x00, 0x00, 0x6A, 0x62, 0x00, 0xAA, 0x6A, 0x52, 0xA0, 0x77, 0xAA, 0x05, 0x7A, 0xA3, 0x07, 0x05,
    0xAA, 0x0A, 0x00, 0x0E, 0x77, 0xA8, 0xE0, 0x45, 0x77, 0x77, 0xEA, 0x64, 0xAA, 0xAA, 0x4A, 0xE2,
    0x55, 0x25, 0x46, 0xE2, 0x30, 0x56, 0x46, 0x64, 0x03, 0x33, 0x45, 0x44, 0x00, 0x30, 0xA5, 0x44,
    0xE4, 0xEE, 0xEE, 0xEE, 0xEE, 0xEE, 0xEE, 0xEE, 0xEE, 0xEE, 0xEE, 0xEE, 0xEE, 0xEE, 0xEE, 0xEE,
    0xEE, 0xEE, 0xEE, 0xEE, 0xEE, 0xEE, 0xEE, 0xEE, 0xEE, 0xEE, 0xEE, 0xEE, 0xAE, 0xEE, 0xEE, 0xEE,
    0xEE, 0xEE, 0x00, 0x00, 0xEE, 0x00, 0x00, 0x00, 0xEE, 0x0E, 0x00, 0x00, 0xEE, 0x0E, 0x00, 0x00,
    0xEE, 0x0E, 0xCC, 0x0C, 0xEE, 0xCE, 0xEE, 0xEE, 0xEE, 0xEC, 0xEE, 0xEE, 0xEE, 0xEC, 0xEE, 0xEE,
    0x7A, 0xA7, 0x07, 0x05, 0xA0, 0xA7, 0x03, 0x05, 0xA0, 0x73, 0x7A, 0x50, 0x00, 0x3A, 0x7A, 0x07,
    0x00, 0xAA, 0xA0, 0x03, 0x00, 0x00, 0xA0, 0x7A, 0x00, 0x00, 0x00, 0xA0, 0x00, 0x00, 0x00, 0x00,
    0x00, 0x00, 0xA5, 0x47, 0x00, 0x00, 0x75, 0x3A, 0x33, 0x30, 0x53, 0x3A, 0xEE, 0xA3, 0xCE, 0xDC,
    0x73, 0xEE, 0xEE, 0xBF, 0x37, 0x73, 0xAA, 0xFF, 0xAA, 0xAA, 0xE0, 0xE3, 0x00, 0x00, 0x3E, 0xCF,
    0xEF, 0xEE, 0xEE, 0xEE, 0xEF, 0xEE, 0xEE, 0xEE, 0xCA, 0xEE, 0xEE, 0x0E, 0x5A, 0xCC, 0x3C, 0xFE,
    0xE0, 0x53, 0x3C, 0xBE, 0xE3, 0x53, 0xC5, 0xD3, 0xCE, 0xC3, 0xC5, 0xFE, 0xFF, 0x5C, 0x55, 0x0E,
    0xEE, 0xEE, 0xEE, 0xEE, 0x00, 0xEE, 0xEE, 0xEE, 0x00, 0xE0, 0xEE, 0xEE, 0x0F, 0x00, 0xEE, 0x0E,
    0xEE, 0xEE, 0xCE, 0x5E, 0xEE, 0xEE, 0x53, 0x00, 0x0F, 0x35, 0x35, 0x03, 0x00, 0x50, 0xCC, 0x55,
    0x33, 0x6A, 0x62, 0x22, 0x77, 0x6A, 0x62, 0x26, 0xAA, 0x60, 0x62, 0x66, 0x7A, 0x6A, 0x26, 0x22,
    0xAA, 0xA3, 0x66, 0x66, 0x00, 0x7A, 0x0A, 0x00, 0x00, 0x3A, 0x0A, 0x00, 0x00, 0x3A, 0x0A, 0x00,
    0x26, 0x06, 0x00, 0x00, 0x66, 0x00, 0x00, 0x00, 0x06, 0x00, 0x00, 0x00, 0x06, 0x00, 0x00, 0x00,
    0x00, 0x00, 0x00, 0x00, 0x00, 0x00, 0x00, 0x00, 0x00, 0x00, 0x00, 0x00, 0x00, 0x00, 0x00, 0x00,
    0x00, 0x3A, 0x0A, 0x00, 0x00, 0x3A, 0xA8, 0x00, 0x00, 0x7A, 0xA7, 0x00, 0x00, 0x3A, 0xA7, 0x00,
    0xA0, 0x37, 0x0A, 0x00, 0xA0, 0xA3, 0x00, 0x00, 0x7A, 0x0A, 0x00, 0x00, 0x7A, 0x0A, 0x00, 0x00,
    0x00, 0x00, 0x00, 0x00, 0x00, 0x00, 0x00, 0x00, 0x00, 0x00, 0x00, 0xC0, 0x00, 0x00, 0x00, 0xEC,
    0x00, 0x00, 0x00, 0xEC, 0x00, 0x00, 0x00, 0xCC, 0x00, 0xC4, 0xEE, 0xEE, 0x40, 0xEE, 0xEE, 0xEE,
    0x00, 0x00, 0x5E, 0xEF, 0x00, 0x00, 0xDE, 0xEB, 0x00, 0x00, 0xFE, 0xED, 0x00, 0x00, 0xDE, 0xE3,
    0x00, 0x00, 0xFE, 0xFF, 0x00, 0x00, 0xE0, 0x35, 0x00, 0x00, 0xE0, 0x5F, 0x00, 0x00, 0x00, 0x5E,
    0xE5, 0xCC, 0x55, 0x0E, 0xEC, 0xC3, 0xCC, 0x3E, 0xEC, 0x3D, 0x00, 0xE3, 0x5D, 0xBD, 0xDB, 0xFD,
    0xEE, 0xDF, 0xDB, 0x0F, 0xFF, 0xDF, 0xFB, 0xEE, 0xB3, 0xFF, 0xEF, 0x00, 0xF3, 0xEF, 0xEE, 0xEE,
    0x00, 0x00, 0x00, 0xE0, 0x00, 0x00, 0x00, 0x00, 0x00, 0x00, 0x00, 0xEE, 0x00, 0x00, 0xE0, 0x3C,
    0x00, 0x00, 0x3E, 0xBF, 0x00, 0x00, 0xFE, 0xBF, 0x00, 0x00, 0xFE, 0xD3, 0x00, 0x00, 0xE0, 0x55,
    0x35, 0xEC, 0x3F, 0xE5, 0xEE, 0xEE, 0xF5, 0xFF, 0xBE, 0xEC, 0x33, 0x3F, 0xBB, 0xF3, 0x53, 0xC5,
    0xBD, 0x35, 0xC5, 0xEE, 0xDF, 0x5D, 0xE3, 0xEE, 0xF3, 0xF5, 0xEF, 0x0E, 0x5F, 0xEE, 0x0E, 0x00,
    0x00, 0x00, 0x05, 0x35, 0x00, 0x00, 0x50, 0x55, 0x00, 0x00, 0x00, 0x00, 0x00, 0x00, 0x00, 0x00,
    0x00, 0x00, 0x00, 0x00, 0x00, 0x00, 0x00, 0x00, 0x0E, 0x00, 0x00, 0x00, 0xE0, 0x00, 0x00, 0x00,
    0xE5, 0x00, 0x00, 0x00, 0x05, 0x00, 0x00, 0x00, 0x00, 0x00, 0x00, 0x00, 0x00, 0x00, 0x00, 0x00,
    0x00, 0x00, 0x00, 0x00, 0x00, 0x00, 0x00, 0x00, 0x00, 0x00, 0x00, 0x00, 0x00, 0x00, 0x00, 0x00,
    0x00, 0x00, 0x00, 0xEE, 0x00, 0x00, 0x00, 0x00, 0x00, 0x00, 0x00, 0x00, 0x00, 0x00, 0x00, 0x00,
    0x00, 0x00, 0x00, 0x00, 0x00, 0x00, 0x00, 0x00, 0x00, 0x00, 0x00, 0x00, 0x00, 0x00, 0x00, 0x00,
    0xEE, 0x00, 0x00, 0x00, 0x00, 0x00, 0x00, 0x00, 0x00, 0x00, 0x00, 0x00, 0x00, 0x00, 0x00, 0x00,
    0x00, 0x00, 0x00, 0x00, 0x00, 0x00, 0x00, 0x00, 0x00, 0x00, 0x00, 0x00, 0x00, 0x00, 0x00, 0x00,
    0x00, 0x00, 0x00, 0x00, 0x00, 0x00, 0x00, 0x00, 0x00, 0x00, 0x00, 0x00, 0x00, 0x00, 0x00, 0x00,
    0x00, 0x00, 0x00, 0x00, 0x00, 0x00, 0x00, 0x00, 0x0E, 0x00, 0x00, 0x00, 0x0E, 0x00, 0x00, 0x00,
    0x0E, 0x00, 0x00, 0x00, 0x0E, 0x00, 0x00, 0x00, 0x00, 0x00, 0x00, 0x00, 0x00, 0x00, 0x00, 0x00,
    0x00, 0x00, 0x00, 0x00, 0x05, 0x00, 0x00, 0x00, 0xE0, 0x00, 0x00, 0x00, 0xE0, 0x00, 0x00, 0x00,
    0x00, 0x00, 0xA0, 0x78, 0x00, 0x00, 0x00, 0xAA, 0x00, 0x00, 0x00, 0x00, 0x00, 0x00, 0x00, 0x00,
    0x00, 0x00, 0x00, 0x00, 0x00, 0x00, 0x00, 0x00, 0x00, 0x00, 0x00, 0x00, 0x00, 0x00, 0x00, 0x00,
    0x00, 0x00, 0x00, 0x00, 0xCC, 0xCC, 0x00, 0x00, 0xEE, 0xEE, 0x0C, 0x00, 0xEE, 0xEE, 0xCE, 0x00,
    0xEE, 0xEE, 0xCE, 0x00, 0xEE, 0xEE, 0xEE, 0x00, 0xEC, 0xEE, 0xEE, 0x00, 0xEE, 0xEE, 0x0E, 0x00,
    0xEE, 0x00, 0x00, 0x00, 0xEC, 0x0E, 0x00, 0xCC, 0xEC, 0xE0, 0xEE, 0x00, 0xEE, 0x00, 0x00, 0x00,
    0x0E, 0x00, 0x00, 0x00, 0x00, 0x00, 0x00, 0x00, 0x00, 0x00, 0x00, 0x00, 0x00, 0x00, 0x00, 0x00,
    0x00, 0x00, 0x00, 0x00, 0x00, 0x00, 0x00, 0x00, 0x00, 0x00, 0x00, 0x00, 0x00, 0x00, 0x00, 0x00,
    0x00, 0x00, 0x00, 0x00, 0x00, 0x00, 0x00, 0x00, 0x00, 0x00, 0x00, 0x00, 0x00, 0x00, 0x00, 0x40,
    0x00, 0x00, 0xC0, 0xCC, 0x00, 0x00, 0xEC, 0xEE, 0x00, 0xC0, 0xEE, 0xEE, 0x00, 0xC0, 0xEE, 0xEE,
    0x00, 0xC0, 0xEC, 0xEE, 0x00, 0xEC, 0xCE, 0xEE, 0x64, 0xEE, 0xEE, 0xEE, 0xEC, 0xEE, 0xEE, 0xEE,
    0x00, 0x00, 0xE0, 0x64, 0x00, 0x00, 0x5E, 0xE4, 0x00, 0x00, 0xCE, 0xE6, 0x00, 0x00, 0xE0, 0xEE,
    0x00, 0x00, 0x00, 0xEE, 0x00, 0x00, 0x00, 0xEE, 0x00, 0x00, 0x00, 0xEF, 0x00, 0x00, 0x00, 0xE4,
    0xEE, 0xEE, 0xEE, 0xEE, 0xEE, 0xEE, 0xEE, 0xEE, 0xEE, 0xEE, 0xEE, 0xEE, 0xEE, 0xEE, 0xEE, 0xEE,
    0xEE, 0xEE, 0xEE, 0xEE, 0xEE, 0xEE, 0xEE, 0xEE, 0xEE, 0xEE, 0xEE, 0xEE, 0xEE, 0xEE, 0xEE, 0xEE,
    0x00, 0x00, 0x00, 0x40, 0x00, 0x00, 0x00, 0x00, 0x00, 0x00, 0x00, 0x00, 0x00, 0x00, 0x00, 0x00,
    0x00, 0x00, 0x00, 0x00, 0x00, 0x00, 0x00, 0x00, 0x00, 0x00, 0x00, 0xA0, 0x00, 0x00, 0xA0, 0x3A,
    0xEC, 0xEE, 0xEE, 0xEE, 0x44, 0xEC, 0xEE, 0xFE, 0x00, 0xE0, 0xC3, 0xEC, 0x00, 0x3E, 0x0E, 0xD3,
    0x00, 0xE5, 0xD3, 0xBB, 0xE0, 0x55, 0xEC, 0xDC, 0xEA, 0xC5, 0xEE, 0xFE, 0xCA, 0x3E, 0xE0, 0x5C,
    0x00, 0xA0, 0xAA, 0xA3, 0x00, 0xA0, 0x73, 0x3A, 0x00, 0xA0, 0x73, 0xAA, 0x00, 0xA0, 0xA7, 0x50,
    0x00, 0xA0, 0xAA, 0x50, 0x00, 0xCE, 0xAA, 0x5A, 0xE0, 0x35, 0x6A, 0xA2, 0xFE, 0xAF, 0x2A, 0xA6,
    0xCA, 0x35, 0x03, 0xC5, 0x5D, 0x03, 0x30, 0xBE, 0x05, 0x00, 0x50, 0xAC, 0x03, 0x00, 0xC0, 0xA7,
    0x50, 0x30, 0xC0, 0xA3, 0x53, 0x30, 0xC3, 0xA7, 0x35, 0x05, 0xD5, 0xA7, 0x53, 0x55, 0x5E, 0xA7,
    0x00, 0x00, 0x00, 0x00, 0x00, 0x00, 0x00, 0x00, 0x00, 0x00, 0x00, 0x00, 0x00, 0x00, 0x00, 0x00,
    0x00, 0x00, 0x00, 0x00, 0x00, 0x00, 0x00, 0x00, 0x00, 0x60, 0x60, 0x66, 0x00, 0x26, 0x66, 0x22,
    0x00, 0x00, 0x00, 0x00, 0x00, 0x00, 0x00, 0x00, 0x00, 0x00, 0x00, 0x00, 0x00, 0x00, 0xA0, 0xAA,
    0x00, 0x00, 0x7A, 0x33, 0x00, 0x00, 0x7A, 0xA3, 0x00, 0xA0, 0x37, 0x0A, 0x06, 0x3A, 0xA3, 0x00,
    0x60, 0x22, 0x06, 0x26, 0x00, 0x26, 0x62, 0x26, 0x66, 0x60, 0x66, 0x62, 0x26, 0x66, 0x26, 0x62,
    0x26, 0x22, 0x62, 0xA6, 0x66, 0x66, 0x06, 0x3A, 0xAA, 0x00, 0x3A, 0x77, 0x7A, 0xAA, 0x73, 0xA3,
    0xA6, 0x37, 0x0A, 0x00, 0xA6, 0xA3, 0x00, 0x00, 0x3A, 0x0A, 0x00, 0x00, 0xA0, 0xA7, 0x00, 0x00,
    0x7A, 0xAA, 0x00, 0x00, 0xA3, 0x00, 0x00, 0x00, 0x77, 0x0A, 0x00, 0x00, 0x7A, 0x0A, 0x00, 0x00,
    0x0C, 0x00, 0x00, 0x00, 0xCE, 0x00, 0x00, 0x00, 0xEE, 0x0C, 0x00, 0x00, 0xEE, 0x0C, 0x00, 0x00,
    0xEE, 0x0E, 0x00, 0x00, 0xEE, 0x0E, 0x00, 0x00, 0xEE, 0x00, 0x00, 0x00, 0x0E, 0x00, 0x00, 0x00,
    0xEE, 0x00, 0x00, 0x00, 0xEE, 0xC0, 0xCC, 0x00, 0xEE, 0xEC, 0xEE, 0x0E, 0xCE, 0xEE, 0xEE, 0xEE,
    0xCE, 0xEE, 0xEE, 0xEE, 0xEE, 0xEE, 0xEE, 0xEE, 0xEE, 0xEE, 0xEE, 0xEE, 0x0E, 0xEE, 0xEE, 0x0E,
    0x0F, 0xE0, 0xEE, 0x00, 0xFB, 0x00, 0x00, 0x00, 0xFD, 0x00, 0x00, 0x00, 0x0F, 0x00, 0x00, 0x00,
    0x0F, 0x00, 0x00, 0x00, 0x0E, 0x00, 0x00, 0x00, 0x0E, 0x00, 0x00, 0x00, 0x00, 0x00, 0x00, 0x00,
    0x00, 0x00, 0x00, 0x00, 0x0F, 0x00, 0x00, 0x00, 0xFB, 0x0F, 0x00, 0x00, 0x5E, 0xF5, 0x00, 0x00,
    0xEA, 0x5F, 0x0F, 0x00, 0xFA, 0xEE, 0xCC, 0x00, 0xEE, 0xEE, 0xEE, 0xEE, 0xAA, 0xEE, 0x5C, 0x00,
    0x3E, 0xA5, 0xA7, 0xAA, 0xEE, 0xAC, 0x7A, 0xAA, 0xE0, 0x7A, 0xB3, 0xA7, 0xAA, 0x77, 0xAA, 0x7A,
    0x73, 0xAA, 0x00, 0xA0, 0xAA, 0x00, 0x00, 0x00, 0x00, 0x00, 0x00, 0x00, 0x00, 0x00, 0x00, 0x00,
    0xAA, 0xF3, 0xAE, 0xA3, 0x26, 0x5A, 0xAE, 0x3A, 0x62, 0xAA, 0x7A, 0xA7, 0xAA, 0xAA, 0x37, 0xA3,
    0x0A, 0x00, 0xAA, 0xAA, 0x00, 0x00, 0x00, 0x00, 0x00, 0x00, 0x00, 0x00, 0x00, 0x00, 0x00, 0x00,
    0xAA, 0xA0, 0xA7, 0x0A, 0x0A, 0xA0, 0xA7, 0x00, 0x00, 0xA0, 0x0A, 0x00, 0x00, 0x00, 0x00, 0x00,
    0x00, 0x00, 0x00, 0x00, 0x00, 0x00, 0x00, 0x00, 0x00, 0x00, 0x00, 0x00, 0x00, 0x00, 0x00, 0x00,
    0xA0, 0x0A, 0x00, 0x00, 0x00, 0x00, 0x00, 0x00, 0x00, 0x00, 0x00, 0x00, 0x00, 0x00, 0x00, 0x00,
    0x00, 0x00, 0x00, 0x00, 0x00, 0x00, 0x00, 0x00, 0x00, 0x00, 0x00, 0x00, 0x00, 0x00, 0x00, 0x00,
    0x00, 0x00, 0x00, 0x00, 0x00, 0x00, 0x00, 0x00, 0x00, 0x00, 0x00, 0x00, 0x00, 0x00, 0x00, 0x00,
    0x00, 0xE0, 0x00, 0x00, 0xE0, 0x0E, 0x00, 0x00, 0x0E, 0x00, 0x00, 0x00, 0x00, 0x00, 0x00, 0x00,
    0xA3, 0x33, 0x05, 0x00, 0x3A, 0x55, 0x00, 0x00, 0x5A, 0x00, 0x00, 0x00, 0x00, 0x00, 0x00, 0x00,
    0x00, 0x00, 0x00, 0x00, 0x00, 0x00, 0x00, 0x00, 0x00, 0x00, 0x00, 0x00, 0x00, 0x00, 0x00, 0x00,
    0x00, 0x00, 0xF0, 0x4F, 0x00, 0x00, 0xEE, 0x24, 0x00, 0x00, 0x5C, 0x2E, 0x00, 0x00, 0xE0, 0x4F,
    0x00, 0x00, 0x00, 0x4F, 0x00, 0x00, 0x00, 0xF0, 0x00, 0x00, 0x00, 0x00, 0x00, 0x00, 0x00, 0x00,
    0xFF, 0x44, 0xF4, 0x44, 0x22, 0x42, 0x44, 0x44, 0x42, 0x44, 0x44, 0x4F, 0x44, 0x44, 0xF4, 0xF4,
    0x44, 0xF4, 0x4F, 0xAE, 0xFF, 0x4F, 0xDE, 0x3A, 0x50, 0x3F, 0xAE, 0x77, 0x50, 0x55, 0xA3, 0x73,
    0xEF, 0x00, 0x00, 0x00, 0xF4, 0x0B, 0x00, 0x00, 0xBF, 0xCF, 0x00, 0x00, 0xAA, 0xAE, 0xE5, 0x00,
    0xA3, 0x5A, 0x5F, 0xEE, 0x77, 0xF7, 0x35, 0x3F, 0x7A, 0x5E, 0xF3, 0xFF, 0xCA, 0x35, 0x35, 0x3F,
    0x00, 0x00, 0x00, 0x00, 0x00, 0x00, 0x00, 0x00, 0x00, 0x00, 0x00, 0x00, 0x00, 0x00, 0x00, 0x00,
    0x00, 0x00, 0x00, 0x00, 0xAE, 0x00, 0x00, 0x00, 0xE3, 0x0A, 0x00, 0x00, 0xEF, 0x0A, 0x00, 0x00,
    0x00, 0x00, 0x00, 0x00, 0x00, 0x00, 0x00, 0x00, 0x00, 0x00, 0x00, 0x00, 0x00, 0x00, 0x00, 0x00,
    0x00, 0x00, 0x00, 0x00, 0x00, 0x00, 0x00, 0x00, 0x00, 0x00, 0x00, 0x00, 0x00, 0x00, 0x50, 0xDB,
    0x50, 0xF3, 0xAF, 0xA7, 0x50, 0xFF, 0xAF, 0xAA, 0x50, 0xFF, 0xEF, 0xA9, 0x50, 0xF3, 0xF3, 0xAE,
    0x00, 0x35, 0xF5, 0xA3, 0x00, 0x50, 0x3E, 0xAA, 0x00, 0xEE, 0x5E, 0xAA, 0x00, 0xE3, 0x3E, 0xA0,
    0xCF, 0xF5, 0x53, 0x5F, 0xEF, 0x5E, 0xEF, 0xE3, 0xAA, 0x3A, 0x5E, 0xE5, 0x26, 0x3A, 0xA3, 0x00,
    0x62, 0xAA, 0x3A, 0x0A, 0xAA, 0xAA, 0x26, 0xAA, 0x77, 0xA9, 0x62, 0x7A, 0xAA, 0x77, 0xAA, 0xAA,
    0xE3, 0x0A, 0x00, 0x00, 0x75, 0xAA, 0x0A, 0x00, 0x70, 0x3A, 0x0A, 0x00, 0xA0, 0x3A, 0x0A, 0x00,
    0x70, 0x3A, 0x0A, 0x00, 0xAA, 0xA7, 0x00, 0x00, 0x33, 0xA7, 0x0E, 0x00, 0xAA, 0x0A, 0x00, 0x00,
    0x00, 0xCC, 0xCC, 0x00, 0xC0, 0xEC, 0xEE, 0x0E, 0xCC, 0xEE, 0xEE, 0xEE, 0xCC, 0xEE, 0xEE, 0xEE,
    0xCC, 0xEE, 0xEE, 0xEE, 0xCC, 0xEC, 0xEE, 0xEE, 0xC0, 0xCC, 0xEC, 0x0E, 0x00, 0xEE, 0xEE, 0x00,
    0x00, 0x00, 0x00, 0x00, 0x00, 0x00, 0x00, 0x00, 0x00, 0x00, 0x00, 0x00, 0x00, 0x00, 0x00, 0x00,
    0x00, 0x00, 0x00, 0x00, 0x00, 0x00, 0x00, 0x00, 0x00, 0xCC, 0xCC, 0x00, 0xC0, 0xEC, 0xEE, 0x0C,
    0xE0, 0xCC, 0xEE, 0xEE, 0xE4, 0x44, 0xEC, 0xEE, 0x44, 0x44, 0xE4, 0xEE, 0x22, 0x44, 0xE4, 0xEE,
    0x22, 0x42, 0xF4, 0xEE, 0xFF, 0x42, 0xF4, 0xEE, 0xFE, 0x44, 0xF4, 0xEE, 0xFE, 0x44, 0xE4, 0xEE,
    0xC0, 0xEE, 0xEE, 0xEE, 0xCE, 0xEE, 0xEE, 0xEE, 0xCE, 0xEC, 0xEE, 0xEE, 0xEE, 0xEC, 0xEE, 0xEE,
    0xEE, 0xEE, 0xEE, 0x0E, 0xEE, 0xEE, 0xEE, 0x00, 0xEE, 0x0E, 0x00, 0x00, 0xEE, 0x00, 0x00, 0x00,
    0x00, 0x50, 0xCC, 0xBE, 0x00, 0xEC, 0xFE, 0xB3, 0x00, 0xEE, 0xFC, 0xB3, 0x00, 0xEE, 0x3C, 0xDB,
    0x00, 0xE0, 0xCE, 0xDD, 0x00, 0x00, 0xEE, 0xEE, 0x00, 0x00, 0x00, 0x00, 0x00, 0x00, 0x00, 0x00,
    0x5D, 0xEC, 0xFF, 0xA0, 0xED, 0x3E, 0xFF, 0x7A, 0xDD, 0xA3, 0xAA, 0x33, 0xDF, 0xA3, 0x33, 0xAA,
    0xD3, 0x7A, 0xA3, 0x0A, 0xEE, 0x3A, 0x0A, 0x00, 0xA0, 0x3A, 0x0A, 0x00, 0xA0, 0xA3, 0x00, 0x00,
    0x00, 0x00, 0x66, 0x66, 0x00, 0x06, 0x26, 0x62, 0x60, 0x62, 0x60, 0x62, 0x60, 0x22, 0x66, 0x62,
    0x00, 0x26, 0x66, 0x62, 0x60, 0x60, 0x26, 0x62, 0x26, 0x66, 0x22, 0xA6, 0x60, 0x22, 0x66, 0xA0,
    0x3A, 0xA3, 0x00, 0x00, 0x3A, 0x0A, 0x00, 0x00, 0x3A, 0x0A, 0x00, 0x00, 0xAA, 0xA7, 0x00, 0x00,
    0xA0, 0xA8, 0x00, 0x00, 0xAA, 0xA0, 0x00, 0x00, 0x77, 0x0A, 0x00, 0x00, 0x33, 0xA7, 0x00, 0x00,
    0xA7, 0xAA, 0xA7, 0x00, 0xA7, 0xC3, 0xAA, 0x03, 0x3A, 0x3F, 0xEE, 0xBB, 0x3E, 0xBF, 0xBD, 0xED,
    0xEE, 0xDB, 0xDB, 0xE3, 0xE0, 0xFD, 0xDB, 0x3F, 0xE0, 0x3E, 0x3D, 0xC3, 0x00, 0xEE, 0xEE, 0xEE,
    0x00, 0x00, 0x00, 0x00, 0x00, 0x00, 0x00, 0x00, 0x33, 0x00, 0x00, 0x00, 0x3E, 0x03, 0x00, 0x00,
    0xEE, 0x0E, 0x00, 0x00, 0xEE, 0x0E, 0x00, 0x00, 0xEC, 0x0E, 0x00, 0x00, 0xEE, 0x00, 0x00, 0x00,
    0x60, 0x66, 0xA0, 0x3A, 0x00, 0xAA, 0x3A, 0xA7, 0x00, 0x3A, 0xA7, 0xA3, 0x00, 0xAA, 0xA0, 0xA7,
    0x00, 0x0A, 0xA0, 0x0A, 0x00, 0x00, 0x00, 0x00, 0x00, 0x00, 0x00, 0x00, 0x00, 0x00, 0x00, 0x00,
    0xAA, 0xAA, 0x00, 0x00, 0x00, 0x00, 0x00, 0x00, 0x00, 0x00, 0x00, 0x00, 0x00, 0x00, 0x00, 0x00,
    0x00, 0x00, 0x00, 0x00, 0x00, 0x00, 0x00, 0x00, 0x00, 0x00, 0x00, 0x00, 0x00, 0x00, 0x00, 0x00,
    0x00, 0x00, 0x00, 0x00, 0x00, 0x00, 0x00, 0x00, 0x00, 0x00, 0x00, 0x40, 0x00, 0x00, 0x00, 0x40,
    0x00, 0x00, 0x00, 0x24, 0x00, 0x00, 0x00, 0x2F, 0x00, 0x00, 0x00, 0x4C, 0x00, 0x00, 0x40, 0x4E,
    0x00, 0x00, 0xEE, 0xEE, 0x00, 0x00, 0x00, 0x00, 0x00, 0x00, 0x00, 0x00, 0x00, 0x00, 0x00, 0x00,
    0x00, 0x00, 0x00, 0x00, 0x00, 0x00, 0x00, 0x00, 0x00, 0x00, 0x00, 0x00, 0x00, 0x00, 0x00, 0x00,
};
static const u16 sSet4Frame0[] = {
    0x0009, 0x40E0, 0x81EF, 0x0000, 0x00D0, 0x41F7, 0x0008, 0x00F0, 0x41F7, 0x000C, 0x40F0, 0x0007,
    0x0010, 0x4000, 0x01F7, 0x0012, 0x80E0, 0x000F, 0x0014, 0x00D0, 0x01EF, 0x0016, 0x00D8, 0x0007,
    0x0017, 0x00F8, 0x0007, 0x0018, 0x0000,
};
static const u16 sSet4Frame1[] = {
    0x0007, 0x80DF, 0x81F3, 0x0019, 0x00FF, 0x41E3, 0x0021, 0x80DF, 0x4003, 0x0025, 0x40FF, 0x01F3,
    0x0029, 0x400F, 0x01E3, 0x002B, 0x00F7, 0x000B, 0x002D, 0x00FF, 0x0003, 0x002E, 0x0000,
};
static const u16 sSet4Frame2[] = {
    0x0007, 0x40EA, 0x81F3, 0x002F, 0x00DA, 0x41FB, 0x0037, 0x00FA, 0x41F3, 0x003B, 0x40FA, 0x0003,
    0x003F, 0x400A, 0x01F3, 0x0041, 0x00E2, 0x01F3, 0x0043, 0x0002, 0x0003, 0x0044, 0x0000,
};
static const void* const sSet4Frames[] = { sSet4Frame0, sSet4Frame1, sSet4Frame2 };

static const u16 sBattleAnim17[] = {
    0x0040, 0x0040, 0x0008, 0x0000, 0x0003, 0x0000, 0x0003, 0x0000, 0x0003, 0x0000, 0x0006, 0x0001,
    0x0006, 0x0001, 0x0007, 0x0001, 0x0007, 0x0002, 0x0007,
};
static const u16 sBattleAnim18[] = {
    0x0040, 0x0040, 0x0008, 0x0000, 0x0004, 0x0000, 0x0004, 0x0000, 0x0003, 0x0000, 0x0006, 0x0001,
    0x0007, 0x0001, 0x0007, 0x0001, 0x0008, 0x0002, 0x0008,
};
static const u16 sBattleAnim19[] = {
    0x0040, 0x0040, 0x0008, 0x0000, 0x0005, 0x0000, 0x0004, 0x0000, 0x0004, 0x0000, 0x0007, 0x0001,
    0x0007, 0x0001, 0x0008, 0x0001, 0x0009, 0x0002, 0x0008,
};
static const u16 sBattleAnim20[] = {
    0x0040, 0x0040, 0x0008, 0x0000, 0x0005, 0x0000, 0x0005, 0x0000, 0x0005, 0x0000, 0x0008, 0x0001,
    0x0007, 0x0001, 0x0009, 0x0001, 0x000A, 0x0002, 0x0008,
};
static const u16 sBattleAnim21[] = {
    0x0040, 0x0040, 0x0008, 0x0000, 0x0006, 0x0000, 0x0005, 0x0000, 0x0006, 0x0000, 0x0008, 0x0001,
    0x0008, 0x0001, 0x0009, 0x0001, 0x000A, 0x0002, 0x0008,
};
static const u8 sTiles5[] __attribute__((aligned(4))) = {
    0x00, 0x00, 0x00, 0x00, 0x00, 0x00, 0x00, 0x00, 0x00, 0x00, 0x00, 0xCC, 0x00, 0x00, 0x00, 0x5C,
    0x00, 0x00, 0x00, 0xE0, 0x00, 0x00, 0x00, 0xA0, 0x00, 0x00, 0x00, 0x7A, 0x00, 0x00, 0xA0, 0x37,
    0x2E, 0xFE, 0xA2, 0xAA, 0x2E, 0xFE, 0x7A, 0x87, 0x44, 0xAA, 0x77, 0x77, 0x2E, 0xAA, 0xA8, 0xAA,
    0xAE, 0x26, 0xA6, 0x6A, 0xAA, 0x26, 0x5F, 0x55, 0xA7, 0xFA, 0xF5, 0xFF, 0x7A, 0xE4, 0x5E, 0x33,
    0xEE, 0xEE, 0xCC, 0xEE, 0xEA, 0xEE, 0xCE, 0xEE, 0xA7, 0xEE, 0xE0, 0xEE, 0xAA, 0xE4, 0x00, 0x00,
    0x62, 0xAA, 0x00, 0x00, 0x6F, 0x77, 0x0A, 0x00, 0xD5, 0x3A, 0xA3, 0x00, 0xCF, 0x7A, 0x37, 0x0A,
    0xEE, 0x0E, 0x00, 0x00, 0xEE, 0x00, 0x00, 0x00, 0x0E, 0x00, 0x00, 0x00, 0x00, 0x00, 0x00, 0x00,
    0x00, 0x00, 0x00, 0x00, 0x00, 0x00, 0x00, 0x00, 0x00, 0x00, 0x00, 0x00, 0x00, 0x00, 0x00, 0x00,
    0x00, 0x00, 0xA0, 0x77, 0x00, 0x00, 0x00, 0x7A, 0x00, 0x00, 0x00, 0x3A, 0x00, 0x00, 0x00, 0xA0,
    0x00, 0x00, 0x00, 0xA0, 0x00, 0x00, 0x00, 0x00, 0x00, 0x00, 0x00, 0x00, 0x00, 0x00, 0x00, 0x00,
    0x7A, 0x50, 0xFF, 0xFF, 0x3A, 0xE0, 0x5E, 0x33, 0xA7, 0x5E, 0xFF, 0xFF, 0xA3, 0xEE, 0x55, 0x33,
    0x0A, 0x3A, 0xCC, 0x55, 0x00, 0xAA, 0x77, 0xCC, 0x00, 0xD0, 0xAA, 0xAA, 0x00, 0xBD, 0x3D, 0x33,
    0xEF, 0x7E, 0xA7, 0x00, 0x3F, 0xAE, 0xA3, 0x00, 0x33, 0xAE, 0xA3, 0x00, 0x53, 0xAE, 0xA3, 0x00,
    0xEE, 0x0A, 0x0A, 0x00, 0xA7, 0x0A, 0x00, 0x00, 0x5A, 0xEE, 0x0E, 0x00, 0xDD, 0x0F, 0xE0, 0xEE,
    0x00, 0x00, 0x00, 0x00, 0x00, 0x00, 0x00, 0x00, 0x00, 0x00, 0x00, 0x00, 0x00, 0x00, 0x00, 0x00,
    0x00, 0x00, 0x00, 0x0E, 0x00, 0x00, 0xEE, 0x00, 0x00, 0xEE, 0x00, 0x00, 0xEE, 0x00, 0x00, 0x00,
    0x00, 0x00, 0x00, 0x00, 0xE0, 0xEE, 0x00, 0x00, 0xCE, 0x5C, 0xEC, 0x00, 0xCE, 0xFF, 0xE5, 0xED,
    0xCE, 0xF3, 0xDF, 0xCB, 0xEE, 0x33, 0xBD, 0x3D, 0xEE, 0xC5, 0x5B, 0xFD, 0xE0, 0x5E, 0x5E, 0x3E,
    0xF0, 0xBB, 0xDB, 0xDF, 0xE0, 0xBD, 0xDD, 0xBF, 0x00, 0xFE, 0xFD, 0xF0, 0xE0, 0xEE, 0x0F, 0x00,
    0xEC, 0x0E, 0x00, 0x00, 0xEE, 0x0E, 0x00, 0x00, 0x3F, 0x0E, 0x00, 0x00, 0x5F, 0xEE, 0x00, 0x00,
    0xBB, 0xFD, 0xE0, 0x00, 0xBD, 0xDD, 0xEF, 0xFF, 0xBB, 0xDB, 0xEF, 0x5E, 0xBF, 0xFD, 0xCE, 0xFF,
    0xF0, 0xEE, 0xCC, 0xF3, 0x00, 0xBD, 0xBB, 0xBD, 0xE0, 0xCF, 0xCC, 0xDB, 0xE0, 0xE3, 0x5C, 0xD3,
    0x00, 0x00, 0x00, 0x00, 0x00, 0x00, 0x00, 0x00, 0x0E, 0x00, 0x00, 0x00, 0x0E, 0x00, 0x00, 0x00,
    0x0E, 0x00, 0x00, 0x00, 0x0E, 0x00, 0x00, 0x00, 0x0E, 0x00, 0x00, 0x00, 0x0E, 0x00, 0x00, 0x00,
    0x00, 0xEE, 0xEE, 0x3C, 0x00, 0x00, 0xEE, 0xEE, 0x00, 0x00, 0x00, 0xE0, 0x00, 0x00, 0x00, 0x00,
    0x00, 0x00, 0x00, 0x00, 0x00, 0x00, 0x00, 0x00, 0x00, 0x00, 0x00, 0x00, 0x00, 0x00, 0x00, 0x00,
    0xE3, 0xEE, 0x00, 0x00, 0xEE, 0x0E, 0x00, 0x00, 0xEE, 0x00, 0x00, 0x00, 0x00, 0x00, 0x00, 0x00,
    0x00, 0x00, 0x00, 0x00, 0x00, 0x00, 0x00, 0x00, 0x00, 0x00, 0x00, 0x00, 0x00, 0x00, 0x00, 0x00,
    0xE0, 0xEF, 0xFE, 0x3F, 0x00, 0xCE, 0x5C, 0x53, 0x00, 0xEE, 0xEC, 0xEE, 0x00, 0xE0, 0xEE, 0x0E,
    0x00, 0x00, 0x00, 0x00, 0x00, 0x00, 0x00, 0x00, 0x00, 0x00, 0x00, 0x00, 0x00, 0x00, 0x00, 0x00,
    0x0E, 0x00, 0x00, 0x00, 0x0C, 0x00, 0x00, 0x00, 0x00, 0x00, 0x00, 0x00, 0x00, 0x00, 0x00, 0x00,
    0x00, 0x00, 0x00, 0x00, 0x00, 0x00, 0x00, 0x00, 0x00, 0x00, 0x00, 0x00, 0x00, 0x00, 0x00, 0x00,
    0x00, 0x00, 0x00, 0x00, 0x00, 0x00, 0x00, 0x00, 0x00, 0x00, 0xA0, 0x0A, 0x00, 0x00, 0xA0, 0xA7,
    0x00, 0x00, 0xA0, 0x73, 0x00, 0x00, 0xA0, 0xA3, 0x00, 0x00, 0xA0, 0x07, 0x00, 0xA0, 0x7A, 0xA3,
    0xA0, 0x00, 0x00, 0x00, 0x70, 0x0A, 0x00, 0x00, 0x30, 0xA8, 0x00, 0x00, 0xAA, 0x6A, 0x06, 0x00,
    0x0A, 0x26, 0x62, 0x00, 0x60, 0x62, 0x06, 0x00, 0x26, 0x66, 0x62, 0x00, 0x26, 0x26, 0x26, 0x06,
    0x00, 0x8A, 0x37, 0xA3, 0x00, 0xA0, 0x7A, 0xA7, 0x00, 0x00, 0xA0, 0x0A, 0x00, 0x00, 0xA0, 0xA7,
    0x00, 0x00, 0xA0, 0x3A, 0x00, 0x00, 0xC0, 0xAC, 0x00, 0x00, 0xCC, 0xAE, 0x00, 0x00, 0xCC, 0xAE,
    0x26, 0x26, 0x62, 0x62, 0x26, 0x66, 0x62, 0x06, 0x26, 0x66, 0x66, 0x00, 0x66, 0x22, 0x62, 0x00,
    0x6A, 0x66, 0x06, 0x00, 0xA7, 0x0C, 0x00, 0x00, 0xA3, 0xEE, 0x00, 0x00, 0xA3, 0xEE, 0x00, 0x00,
    0x00, 0x00, 0xCC, 0xAE, 0x00, 0x00, 0xC0, 0xAC, 0x00, 0x00, 0xCC, 0xAC, 0x00, 0xC0, 0x44, 0xAC,
    0x00, 0x44, 0x42, 0x7A, 0x40, 0x22, 0x22, 0x3A, 0x23, 0xFF, 0xA2, 0xA7, 0x2F, 0xFF, 0xA2, 0xA7,
    0xA3, 0xEE, 0x00, 0x00, 0x83, 0xEA, 0x00, 0x00, 0x77, 0x0A, 0x00, 0x00, 0x73, 0x0A, 0xC0, 0xCC,
    0xA3, 0x0E, 0xCC, 0xEE, 0xEA, 0xEE, 0xEC, 0xEE, 0xEE, 0xEE, 0xEC, 0xEE, 0xEE, 0xEE, 0xEC, 0xEE,
    0x00, 0x00, 0x00, 0x00, 0x00, 0x00, 0x00, 0x00, 0x00, 0x00, 0x00, 0x00, 0x0C, 0x00, 0x00, 0x00,
    0xCE, 0x00, 0x00, 0x00, 0xEE, 0x0E, 0x00, 0x00, 0xEE, 0x0E, 0x00, 0x00, 0xEE, 0x0E, 0x00, 0x00,
    0x00, 0x00, 0x00, 0x00, 0x00, 0x00, 0x00, 0x00, 0x00, 0x00, 0x00, 0x00, 0x00, 0x00, 0x00, 0x30,
    0x00, 0x00, 0x00, 0xF0, 0x00, 0x00, 0x00, 0xC0, 0x00, 0x00, 0x00, 0xE0, 0x00, 0x00, 0x00, 0xFF,
    0x40, 0xCC, 0xCC, 0xEE, 0x44, 0x4C, 0x44, 0xEC, 0x24, 0x24, 0x42, 0xE4, 0x22, 0x22, 0x22, 0xC4,
    0xF2, 0x2F, 0x22, 0xC4, 0xF2, 0x2F, 0x22, 0xC4, 0xE2, 0x2F, 0x42, 0xC4, 0xE4, 0x4F, 0x42, 0xE4,
    0x0C, 0x00, 0xCC, 0xCC, 0xEE, 0xC0, 0xCC, 0xEE, 0xEE, 0xCE, 0xEC, 0xEE, 0xEE, 0xCE, 0xEE, 0xEE,
    0xEE, 0xCE, 0xEE, 0xEE, 0xEE, 0xEE, 0xEE, 0xEE, 0xEE, 0xEE, 0xEE, 0xEE, 0xEE, 0x0E, 0xEE, 0xEE,
    0x00, 0x00, 0x00, 0x00, 0x0C, 0x00, 0x00, 0x00, 0xCE, 0x00, 0x00, 0x00, 0xEE, 0x00, 0x00, 0x00,
    0xEE, 0x00, 0x00, 0x00, 0xEE, 0x00, 0x00, 0x00, 0x0E, 0x00, 0x00, 0x00, 0x00, 0x00, 0x00, 0x00,
    0x00, 0x00, 0xE0, 0x44, 0x00, 0x00, 0x5C, 0x2E, 0x00, 0x55, 0xEC, 0x4E, 0x50, 0xFF, 0x53, 0xFE,
    0xF5, 0x53, 0x3F, 0xE5, 0xF5, 0xF5, 0x53, 0x0E, 0xF5, 0xE3, 0xEE, 0x00, 0x50, 0x3F, 0x0E, 0x00,
    0x44, 0x44, 0x44, 0xEC, 0x22, 0x44, 0x24, 0x42, 0x22, 0x42, 0x22, 0x2F, 0x44, 0x44, 0xF4, 0x44,
    0xFF, 0xFF, 0x4F, 0xAF, 0x00, 0xFE, 0xA5, 0x3A, 0x00, 0xAC, 0xAA, 0xA3, 0xE0, 0xA5, 0x73, 0x3A,
    0xEE, 0x0E, 0x00, 0x00, 0xEF, 0x00, 0x00, 0x00, 0xD4, 0x0E, 0x00, 0x00, 0xFF, 0xEE, 0x00, 0x00,
    0xBA, 0xEE, 0x00, 0x00, 0xEC, 0x55, 0x05, 0x00, 0xA3, 0x35, 0x53, 0x00, 0x5E, 0xFF, 0x3F, 0xCC,
    0x00, 0x00, 0x00, 0x00, 0x00, 0x00, 0x00, 0x00, 0x00, 0x00, 0x00, 0x00, 0x00, 0x00, 0x00, 0x00,
    0x00, 0xE0, 0x0C, 0x00, 0xC0, 0x0C, 0x00, 0x00, 0x0C, 0x00, 0x00, 0x00, 0x00, 0x00, 0x00, 0x00,
    0x00, 0xEE, 0x00, 0x00, 0x00, 0x00, 0x00, 0x00, 0x00, 0x00, 0x00, 0x00, 0x00, 0x00, 0x00, 0x00,
    0x00, 0x00, 0x00, 0x00, 0x00, 0x00, 0x00, 0x00, 0x00, 0x00, 0x00, 0x00, 0x00, 0x00, 0x00, 0x00,
    0xE0, 0xAC, 0x73, 0xAA, 0x30, 0xAC, 0xA7, 0x3E, 0xF0, 0xA3, 0xAA, 0xF3, 0x00, 0xDF, 0xAA, 0x3A,
    0x00, 0xBF, 0x6A, 0xA2, 0x00, 0xA0, 0x2A, 0xA6, 0x00, 0xA0, 0xA7, 0xAA, 0xC0, 0xA3, 0x7A, 0xAA,
    0xF5, 0xF3, 0xFF, 0xA5, 0x35, 0x35, 0xFF, 0xA5, 0x5E, 0x5E, 0x3F, 0xA5, 0x35, 0x35, 0x33, 0xAE,
    0x5F, 0xFF, 0xEF, 0xA7, 0x33, 0xEE, 0x0E, 0xA7, 0xAA, 0x03, 0xA0, 0xA3, 0x26, 0x0A, 0xA0, 0x3A,
    0x00, 0x00, 0x00, 0x00, 0x00, 0x00, 0x00, 0x00, 0x0A, 0x00, 0x00, 0x00, 0x0A, 0x00, 0x00, 0x00,
    0x00, 0x00, 0x00, 0x00, 0xAA, 0x00, 0x00, 0x00, 0xA3, 0x00, 0x00, 0x00, 0x0A, 0x00, 0x00, 0x00,
    0x00, 0x00, 0x00, 0xE0, 0x00, 0x00, 0xA0, 0xAA, 0x00, 0x00, 0x7A, 0x33, 0x00, 0x00, 0x7A, 0xA3,
    0x00, 0xA0, 0x37, 0xCA, 0x06, 0x3A, 0xA3, 0xCC, 0xA6, 0x37, 0xEA, 0xCC, 0xA6, 0xA3, 0x00, 0xEE,
    0xEE, 0x7A, 0xB3, 0xA7, 0xAA, 0x77, 0xAA, 0x7A, 0x73, 0xAA, 0x5F, 0xAE, 0xAA, 0xBF, 0x5D, 0xEE,
    0x5E, 0xBF, 0xD5, 0x0E, 0xEC, 0xD5, 0xEE, 0x00, 0xEC, 0xEE, 0x0E, 0x00, 0xEE, 0x0E, 0x00, 0x00,
    0x62, 0xAA, 0x7A, 0xA7, 0xAA, 0xAA, 0x37, 0xA3, 0x0A, 0x00, 0xAA, 0xAA, 0x00, 0x00, 0x00, 0x00,
    0x00, 0x00, 0x00, 0x00, 0x00, 0x00, 0x00, 0x00, 0x00, 0x00, 0x00, 0x00, 0x00, 0x00, 0x00, 0x00,
    0x0A, 0x00, 0x00, 0x00, 0x00, 0x00, 0x00, 0x00, 0x00, 0x00, 0x00, 0x00, 0x00, 0x00, 0x00, 0x00,
    0x00, 0x00, 0x00, 0x00, 0x00, 0x00, 0x00, 0x00, 0x00, 0x00, 0x00, 0x00, 0x00, 0x00, 0x00, 0x00,
    0x00, 0x00, 0xCC, 0xCC, 0x00, 0xC0, 0xEC, 0xEE, 0x00, 0xCC, 0xEE, 0xEE, 0x00, 0xCC, 0xEE, 0xEE,
    0x00, 0xCC, 0xEE, 0xEE, 0x00, 0xCC, 0xEE, 0xEE, 0x00, 0xE0, 0xEC, 0xEE, 0x00, 0xE0, 0xEE, 0xEE,
    0x00, 0x00, 0x00, 0x00, 0x0C, 0x00, 0x00, 0x00, 0xEE, 0x00, 0x00, 0x00, 0xEE, 0x00, 0x00, 0x00,
    0xEE, 0x00, 0x00, 0x00, 0xEE, 0x00, 0x00, 0x00, 0x0E, 0x00, 0x00, 0x00, 0x00, 0x00, 0x00, 0x00,
    0x66, 0x60, 0x66, 0x62, 0x26, 0x66, 0x26, 0x62, 0x26, 0x22, 0x62, 0xA6, 0x66, 0x66, 0x06, 0x3A,
    0xAA, 0x00, 0x3A, 0x77, 0x7A, 0xAA, 0x73, 0xA3, 0xAA, 0xA0, 0xA7, 0x0A, 0x0A, 0xA0, 0xA7, 0x00,
    0x3A, 0x0A, 0x00, 0x00, 0xA0, 0xA7, 0x00, 0x00, 0x7A, 0xAA, 0x00, 0x00, 0xA3, 0x00, 0x00, 0x00,
    0x77, 0x0A, 0x00, 0x00, 0x7A, 0x0A, 0x00, 0x00, 0xA0, 0x0A, 0x00, 0x00, 0x00, 0x00, 0x00, 0x00,
    0x00, 0x00, 0x00, 0x00, 0x00, 0x00, 0x00, 0x00, 0x00, 0x00, 0x00, 0x00, 0x00, 0x00, 0x00, 0x00,
    0x00, 0x60, 0x60, 0x66, 0x00, 0x26, 0x66, 0x22, 0x60, 0x22, 0x06, 0x26, 0x00, 0x26, 0x62, 0x26,
    0x00, 0xA0, 0x0A, 0x00, 0x00, 0x00, 0x00, 0x00, 0x00, 0x00, 0x00, 0x00, 0x00, 0x00, 0x00, 0x00,
    0x00, 0x00, 0x00, 0x00, 0x00, 0x00, 0x00, 0x00, 0x00, 0x00, 0x00, 0x00, 0x00, 0x00, 0x00, 0x00,
    0x00, 0x00, 0x00, 0xC4, 0x00, 0x00, 0x60, 0xC5, 0x00, 0x00, 0x50, 0x43, 0x00, 0x00, 0x50, 0x4F,
    0x00, 0x00, 0x00, 0xEC, 0x00, 0x00, 0xE0, 0xE5, 0x00, 0x00, 0xC0, 0xEE, 0x00, 0x00, 0x00, 0x00,
    0xC4, 0x2F, 0xC4, 0xA4, 0xC4, 0x2F, 0x44, 0x3A, 0x44, 0x42, 0xA2, 0x77, 0x22, 0x22, 0xA4, 0x73,
    0x24, 0x44, 0xA4, 0xA7, 0xFE, 0xFF, 0xAE, 0xAA, 0x00, 0x00, 0xDE, 0xA9, 0x00, 0x00, 0xE0, 0xAE,
    0xA3, 0xAA, 0xEF, 0x3F, 0x77, 0x77, 0x35, 0x53, 0x7A, 0xEF, 0xF3, 0xFF, 0xCA, 0x53, 0xFF, 0xFF,
    0xEE, 0x5E, 0xFF, 0xFF, 0xEF, 0x35, 0xF3, 0x3F, 0xAA, 0x35, 0x3F, 0x5F, 0x26, 0x5A, 0x5F, 0xEF,
    0x0E, 0x00, 0x00, 0x00, 0xAE, 0x00, 0x00, 0x00, 0xE3, 0x0A, 0x00, 0x00, 0xEF, 0x0A, 0x00, 0x00,
    0xEF, 0x0A, 0x00, 0x00, 0x3F, 0xAE, 0x0A, 0x00, 0xF3, 0x3E, 0x0A, 0x00, 0x3E, 0x3E, 0x0A, 0x00,
    0x00, 0x00, 0x00, 0x00, 0x00, 0x00, 0x00, 0x00, 0x00, 0x00, 0x00, 0x00, 0x00, 0x00, 0x00, 0xC0,
    0x00, 0x00, 0x00, 0xEC, 0x00, 0x00, 0x00, 0xEC, 0x00, 0x00, 0x00, 0xEE, 0x00, 0x00, 0x00, 0xE0,
    0x00, 0x00, 0xEE, 0xAF, 0x00, 0xCD, 0x3C, 0xAA, 0xEC, 0xEB, 0x3F, 0xAA, 0xFC, 0xDB, 0xFF, 0xAF,
    0xFF, 0xDB, 0x5B, 0xA3, 0xF3, 0x5D, 0xDD, 0x7A, 0x3F, 0xAD, 0xAA, 0x33, 0x5E, 0xA5, 0x33, 0xAA,
    0x62, 0xEA, 0xE3, 0xE3, 0xAA, 0xEA, 0xEE, 0xE5, 0x77, 0xA9, 0x62, 0x7A, 0xAA, 0x77, 0xAA, 0xAA,
    0xA7, 0xAA, 0xA7, 0xFF, 0xA7, 0xEF, 0xAA, 0x5F, 0xDA, 0xBB, 0xBB, 0x5D, 0xD0, 0xCE, 0xDD, 0xDE,
    0xE0, 0x3A, 0x0A, 0x00, 0xAA, 0xA7, 0x00, 0x00, 0x33, 0xA7, 0x00, 0x00, 0xAA, 0x0A, 0x00, 0x00,
    0x00, 0x00, 0x00, 0x00, 0x00, 0x00, 0x00, 0x00, 0x00, 0x00, 0x00, 0x00, 0x00, 0x00, 0x00, 0x00,
    0x00, 0xCC, 0xEE, 0x00, 0xC0, 0xEC, 0xEE, 0x0E, 0xCC, 0xEE, 0xEE, 0xEE, 0xCC, 0xEE, 0xEE, 0xEE,
    0xCC, 0xEE, 0xEE, 0xEE, 0xE0, 0xEC, 0xEE, 0xEE, 0xC0, 0xCC, 0xEC, 0x0E, 0xEE, 0xEE, 0xEE, 0xEE,
    0x00, 0x00, 0x00, 0x00, 0x00, 0x00, 0x00, 0x00, 0x00, 0x00, 0x00, 0x00, 0x00, 0x00, 0x00, 0x00,
    0x00, 0xC0, 0xCC, 0x00, 0x00, 0xCC, 0xEE, 0x0C, 0xC0, 0xEC, 0xEE, 0xEE, 0xC0, 0xEC, 0xEE, 0xEE,
    0xEE, 0xEE, 0xEE, 0xEE, 0xEE, 0xEE, 0xEE, 0xEE, 0x4C, 0xC4, 0xEE, 0xEE, 0x44, 0x44, 0xEC, 0xEE,
    0x22, 0x42, 0xE4, 0xEE, 0x22, 0x22, 0xC4, 0xEE, 0xF2, 0x2F, 0x44, 0xEE, 0xF2, 0x2F, 0x44, 0xEE,
    0xCE, 0xEC, 0xEE, 0xEE, 0xCE, 0xEC, 0xEE, 0xEE, 0xEE, 0xCC, 0xEE, 0x0E, 0xEE, 0xC0, 0xEE, 0x00,
    0xEE, 0x00, 0x00, 0x00, 0xEE, 0x05, 0x00, 0x00, 0xEE, 0xED, 0xEE, 0x00, 0xAA, 0xAB, 0xEA, 0xEE,
    0x00, 0x00, 0x00, 0x00, 0x00, 0x00, 0x00, 0x00, 0x00, 0x00, 0x00, 0x00, 0x00, 0x00, 0x00, 0x00,
    0x00, 0x00, 0x66, 0x66, 0x00, 0x06, 0x26, 0x62, 0x60, 0x62, 0x60, 0x62, 0x60, 0x22, 0x66, 0x62,
    0xEE, 0x7A, 0xA3, 0x0A, 0x00, 0x3A, 0x0A, 0x00, 0xA0, 0x3A, 0x0A, 0x00, 0xA0, 0xA3, 0x00, 0x00,
    0x3A, 0xA3, 0x00, 0x00, 0x3A, 0x0A, 0x00, 0x00, 0x3A, 0x0A, 0x00, 0x00, 0xAA, 0xA7, 0x00, 0x00,
    0x00, 0x26, 0x66, 0x62, 0x60, 0x60, 0x26, 0x62, 0x26, 0x66, 0x22, 0xA6, 0x60, 0x22, 0x66, 0xA0,
    0x60, 0x66, 0xA0, 0x3A, 0x00, 0xAA, 0x3A, 0xA7, 0x00, 0x3A, 0xA7, 0xA3, 0x00, 0xAA, 0xA0, 0xA7,
    0xA0, 0xA8, 0x00, 0x00, 0xAA, 0xA0, 0x00, 0x00, 0x77, 0x0A, 0x00, 0x00, 0x33, 0xA7, 0x00, 0x00,
    0xAA, 0xAA, 0x00, 0x00, 0x00, 0x00, 0x00, 0x00, 0x00, 0x00, 0x00, 0x00, 0x00, 0x00, 0x00, 0x00,
    0x00, 0x00, 0x00, 0xE0, 0x00, 0x00, 0x00, 0xCE, 0x00, 0x00, 0x00, 0x46, 0x00, 0x00, 0xC0, 0x44,
    0x00, 0x00, 0x60, 0x24, 0x00, 0x00, 0x40, 0x24, 0x00, 0x00, 0x40, 0xF4, 0x00, 0x00, 0x40, 0xF4,
    0xFD, 0xCC, 0xFF, 0x5D, 0x3E, 0xEE, 0xF3, 0xD3, 0x5E, 0xCC, 0x35, 0xCF, 0xEE, 0xCC, 0xEE, 0xE5,
    0xE0, 0xEE, 0xEE, 0x0E, 0x00, 0xEE, 0xEE, 0x00, 0x00, 0x00, 0x00, 0x00, 0x00, 0x00, 0x00, 0x00,
    0x00, 0x0A, 0xA0, 0x0A, 0x00, 0x00, 0x00, 0x00, 0x00, 0x00, 0x00, 0x00, 0x00, 0x00, 0x00, 0x00,
    0x00, 0x00, 0x00, 0x00, 0x00, 0x00, 0x00, 0x00, 0x00, 0x00, 0x00, 0x00, 0x00, 0x00, 0x00, 0x00,
};
static const u16 sSet5Frame0[] = {
    0x0004, 0x00E7, 0x81F2, 0x0000, 0x00CF, 0x41FA, 0x0010, 0x40DF, 0x01FA, 0x0014, 0x00DF, 0x000A,
    0x0016, 0x0000,
};
static const u16 sSet5Frame1[] = {
    0x0005, 0x00E3, 0x81F6, 0x0017, 0x40DB, 0x01FE, 0x0027, 0x4003, 0x01EE, 0x0029, 0x00FB, 0x01EE,
    0x002B, 0x000B, 0x01EE, 0x002C, 0x0000,
};
static const u16 sSet5Frame2[] = {
    0x0006, 0x40ED, 0x81F1, 0x002D, 0x00DD, 0x41F9, 0x0035, 0x00FD, 0x41F1, 0x0039, 0x00E5, 0x01F1,
    0x003D, 0x00FD, 0x0001, 0x003E, 0x000D, 0x01F1, 0x003F, 0x0000,
};
static const void* const sSet5Frames[] = { sSet5Frame0, sSet5Frame1, sSet5Frame2 };

static const u16 sBattleAnim22[] = {
    0x0040, 0x0040, 0x0005, 0x0000, 0x0004, 0x0000, 0x0003, 0x0001, 0x0005, 0x0001, 0x0007, 0x0002,
    0x0005,
};
static const u16 sBattleAnim23[] = {
    0x0040, 0x0040, 0x0005, 0x0000, 0x0005, 0x0000, 0x0004, 0x0001, 0x0005, 0x0001, 0x0007, 0x0002,
    0x0005,
};
static const u16 sBattleAnim24[] = {
    0x0040, 0x0040, 0x0005, 0x0000, 0x0006, 0x0000, 0x0005, 0x0001, 0x0006, 0x0001, 0x0008, 0x0002,
    0x0005,
};
static const u16 sBattleAnim25[] = {
    0x0040, 0x0040, 0x0005, 0x0000, 0x0007, 0x0000, 0x0006, 0x0001, 0x0007, 0x0001, 0x0008, 0x0002,
    0x0005,
};
static const u16 sBattleAnim26[] = {
    0x0040, 0x0040, 0x0005, 0x0000, 0x0008, 0x0000, 0x0007, 0x0001, 0x0007, 0x0001, 0x0009, 0x0002,
    0x0005,
};
static const u8 sTiles6[] __attribute__((aligned(4))) = {
    0x00, 0x00, 0x3A, 0xA7, 0x00, 0x00, 0x3A, 0xA7, 0x00, 0x00, 0x7A, 0x0A, 0x00, 0x00, 0xAA, 0xA0,
    0x00, 0x55, 0x00, 0x00, 0x50, 0xFF, 0x55, 0x00, 0xE0, 0x35, 0x3F, 0x05, 0x50, 0xFF, 0xF3, 0x53,
    0xA0, 0xAA, 0xCA, 0xEE, 0xAA, 0x33, 0xA3, 0xEA, 0x78, 0xAA, 0x33, 0xAA, 0xAA, 0x44, 0xAA, 0x33,
    0x40, 0x42, 0x22, 0xAA, 0x40, 0x22, 0x22, 0x42, 0xF4, 0x22, 0x22, 0x42, 0xF4, 0xF4, 0x2F, 0x42,
    0xEE, 0xEE, 0x00, 0x00, 0xEE, 0x0E, 0x00, 0x00, 0xEA, 0x00, 0xC0, 0xCC, 0xA7, 0x0A, 0xCC, 0xEC,
    0x33, 0x0A, 0xEC, 0xEE, 0x3A, 0xEA, 0xEC, 0xEE, 0xAA, 0xA3, 0xEE, 0xAA, 0xA6, 0x73, 0xAA, 0xAA,
    0x00, 0x00, 0x00, 0x00, 0x00, 0x00, 0x00, 0x00, 0x0C, 0x00, 0x00, 0x00, 0xCE, 0x00, 0x00, 0x00,
    0xEE, 0x0E, 0x00, 0x00, 0xEE, 0xAE, 0xAA, 0x0A, 0xEE, 0xA9, 0x37, 0xA7, 0xAA, 0xAA, 0x7A, 0x37,
    0x00, 0xEE, 0x33, 0x5F, 0x00, 0x00, 0x3E, 0xF5, 0x00, 0x00, 0x35, 0xE6, 0x00, 0x50, 0xF3, 0x5E,
    0x00, 0x50, 0xE5, 0xE0, 0x00, 0x00, 0x00, 0x00, 0x00, 0x00, 0x00, 0x00, 0x00, 0x00, 0x00, 0x00,
    0xE2, 0xF4, 0x2F, 0x42, 0xE4, 0xE4, 0x2F, 0x44, 0x4E, 0xE4, 0x2F, 0xF4, 0xEE, 0x22, 0x44, 0x42,
    0x4E, 0x22, 0x42, 0xF4, 0x44, 0x44, 0xF4, 0x4F, 0x40, 0xFF, 0x4F, 0x44, 0x00, 0x40, 0xF4, 0x3F,
    0xEF, 0x7A, 0xA7, 0xA7, 0xEE, 0xAE, 0xAA, 0xA7, 0x44, 0xEE, 0x7A, 0xA9, 0x22, 0x44, 0x7A, 0xAA,
    0x42, 0xAF, 0xA7, 0x62, 0x44, 0xAE, 0xAA, 0x26, 0xEF, 0xB3, 0xAB, 0xAA, 0xEE, 0xD3, 0xAD, 0xA7,
    0x62, 0x0A, 0xA0, 0x7A, 0x26, 0x5E, 0x05, 0x77, 0xEA, 0xF3, 0x05, 0x70, 0x5A, 0x53, 0x5F, 0x7E,
    0x3A, 0xE5, 0x3F, 0x5F, 0xA3, 0x3E, 0x5F, 0x5F, 0x5A, 0xF5, 0xE3, 0x5F, 0xEE, 0x50, 0xE5, 0xE3,
    0x00, 0x00, 0xE0, 0xF5, 0x00, 0x00, 0x5C, 0xF5, 0x00, 0x00, 0xC5, 0x5F, 0x00, 0x00, 0x3C, 0xCF,
    0x00, 0x00, 0xE0, 0xFF, 0x00, 0x00, 0xBF, 0xDB, 0x00, 0x00, 0xBF, 0xBB, 0x00, 0x00, 0xDF, 0xDB,
    0xC5, 0x3E, 0xAF, 0xA3, 0xC5, 0xEC, 0xAE, 0xA3, 0xC5, 0xEE, 0xA5, 0x77, 0xEE, 0x33, 0x5E, 0xAA,
    0x33, 0xFD, 0x0F, 0x00, 0xFF, 0xDB, 0xFD, 0x00, 0xBD, 0xFD, 0xFB, 0x00, 0xCE, 0xDE, 0xFB, 0x00,
    0x00, 0x00, 0xF0, 0xFD, 0x00, 0x00, 0x00, 0xEE, 0x00, 0x00, 0xE0, 0xEE, 0x00, 0x00, 0xE0, 0xCC,
    0x00, 0x00, 0xCE, 0xCC, 0x00, 0x00, 0xEE, 0xCC, 0x00, 0xE0, 0xEE, 0xEE, 0x00, 0xDE, 0xEE, 0x55,
    0xCC, 0xFE, 0x0F, 0x00, 0xEE, 0xEE, 0x0E, 0x00, 0x3E, 0xBF, 0x0E, 0x00, 0xEC, 0xF3, 0xEB, 0x00,
    0xCC, 0xFE, 0xED, 0x00, 0xEC, 0x5E, 0xEE, 0x00, 0xEE, 0xEE, 0x0E, 0x00, 0x55, 0xEE, 0x00, 0x00,
    0x00, 0x00, 0x00, 0x06, 0x00, 0x00, 0x66, 0x62, 0xAA, 0xAA, 0x26, 0x06, 0xA0, 0xA3, 0x26, 0x66,
    0x00, 0xA7, 0x60, 0x62, 0xAA, 0x3A, 0x6A, 0x22, 0x7A, 0x73, 0x0A, 0x26, 0xA0, 0xAA, 0xA3, 0x6A,
    0x00, 0x00, 0x00, 0x00, 0x60, 0x06, 0x00, 0x00, 0x26, 0x62, 0x00, 0x00, 0x22, 0x06, 0x00, 0xCC,
    0x66, 0x60, 0xC6, 0xEC, 0x66, 0x26, 0xC6, 0xEE, 0x22, 0x22, 0xC6, 0xEE, 0x66, 0x66, 0xC6, 0xEE,
    0x00, 0xBE, 0xBB, 0x5D, 0xC0, 0x5C, 0xCB, 0xED, 0xC0, 0xFC, 0xBD, 0x35, 0xC0, 0xF5, 0xD3, 0x5F,
    0xE0, 0x5C, 0xEF, 0xEE, 0x00, 0x5E, 0x55, 0x0E, 0x00, 0xE0, 0xEE, 0x00, 0x00, 0x00, 0x00, 0x00,
    0xC3, 0x00, 0x00, 0x00, 0xEE, 0x00, 0x00, 0x00, 0x0E, 0x00, 0x00, 0x00, 0x0E, 0x00, 0x00, 0x00,
    0x00, 0x00, 0x00, 0x00, 0x00, 0x00, 0x00, 0x00, 0x00, 0x00, 0x00, 0x00, 0x00, 0x00, 0x00, 0x00,
    0x00, 0x00, 0x00, 0x00, 0x00, 0x00, 0x00, 0x00, 0x00, 0x00, 0x00, 0x00, 0x00, 0x00, 0x00, 0x00,
    0x00, 0x00, 0x00, 0x00, 0x00, 0x00, 0x00, 0x00, 0x00, 0x00, 0x00, 0x00, 0x0A, 0x00, 0x00, 0x00,
    0xA3, 0x00, 0x00, 0x00, 0xAA, 0x00, 0x00, 0x00, 0x0A, 0x00, 0x00, 0x00, 0xAA, 0x00, 0x00, 0x00,
    0xAA, 0x00, 0x00, 0x00, 0xAA, 0x00, 0x00, 0x00, 0x0A, 0x00, 0x00, 0x00, 0x0A, 0x00, 0x00, 0x00,
    0x00, 0x00, 0x00, 0x00, 0x00, 0x00, 0x00, 0x00, 0x00, 0x00, 0x00, 0x00, 0xCC, 0x00, 0x00, 0x00,
    0xEE, 0x0E, 0x00, 0x00, 0xEE, 0xEE, 0x00, 0x00, 0xEE, 0xEE, 0x00, 0x00, 0xEE, 0xEE, 0x00, 0x00,
    0x00, 0xE0, 0xE0, 0xAE, 0xA7, 0x77, 0x37, 0xA7, 0xAA, 0xAA, 0xAA, 0x0A, 0x33, 0xA3, 0x00, 0x00,
    0xAA, 0xAA, 0x00, 0x00, 0x00, 0x00, 0x00, 0x00, 0x00, 0x00, 0x00, 0x00, 0x00, 0x00, 0x00, 0x00,
    0x00, 0x00, 0x00, 0xE0, 0x00, 0x00, 0x00, 0x00, 0x00, 0x00, 0x55, 0x55, 0x00, 0x50, 0xFF, 0x3F,
    0x00, 0x55, 0x35, 0xFF, 0x55, 0xFF, 0x33, 0xF3, 0xF5, 0x53, 0xEE, 0xF5, 0x50, 0xFE, 0xE3, 0xF5,
    0xE5, 0x2E, 0x42, 0x24, 0xEE, 0x24, 0x22, 0x44, 0x4F, 0x44, 0x44, 0xFF, 0xF5, 0xF4, 0xFF, 0x44,
    0xFF, 0xEE, 0x44, 0xFF, 0x3F, 0xEE, 0xEE, 0x3C, 0x53, 0x00, 0x5E, 0xF5, 0x05, 0x00, 0x5C, 0xFC,
    0x24, 0x42, 0x0E, 0x00, 0x2F, 0xF4, 0x0F, 0xA0, 0x44, 0xE4, 0xFB, 0xEE, 0xC4, 0xA3, 0xFA, 0xCC,
    0xCC, 0xA3, 0xF3, 0xF5, 0xC5, 0xAC, 0xF3, 0x5A, 0x55, 0xAC, 0xA7, 0x50, 0x55, 0xAC, 0xAA, 0x50,
    0x00, 0x00, 0x00, 0x00, 0x0A, 0x00, 0x00, 0x50, 0x05, 0xAA, 0x00, 0x50, 0x5F, 0xA5, 0xAA, 0xE0,
    0xF3, 0x53, 0x75, 0x0A, 0xFF, 0xFF, 0x5F, 0xAE, 0xFF, 0xFF, 0xF3, 0xA5, 0x3F, 0xF3, 0x5F, 0xAE,
    0x00, 0xE0, 0x5E, 0x3F, 0x00, 0x00, 0x50, 0xEE, 0x00, 0x00, 0x00, 0x00, 0x00, 0x00, 0x00, 0x00,
    0x00, 0x00, 0x00, 0x00, 0x00, 0x00, 0x00, 0xB5, 0x00, 0x00, 0xC5, 0xEC, 0x00, 0xC0, 0xEE, 0x3F,
    0x0E, 0x00, 0xFE, 0x5C, 0x00, 0x00, 0xE0, 0xFF, 0x00, 0x00, 0xBF, 0xBB, 0x00, 0x00, 0xDF, 0xBB,
    0x00, 0x00, 0xF0, 0xFD, 0x0D, 0x50, 0xEE, 0x05, 0xDB, 0xC5, 0xAE, 0xAA, 0xDB, 0xEE, 0x7A, 0x33,
    0xCF, 0xF3, 0xAA, 0x5A, 0x33, 0xDD, 0x6A, 0x52, 0xFD, 0xAB, 0x2A, 0x56, 0xDF, 0xAB, 0xA7, 0xAA,
    0xDF, 0xAB, 0x7A, 0xAA, 0x00, 0x7A, 0xB3, 0xA7, 0xAA, 0x77, 0xAA, 0x7A, 0x73, 0xAA, 0xC3, 0xAC,
    0xEF, 0xF5, 0xF3, 0xAE, 0xE3, 0x5E, 0x5F, 0xAE, 0xEE, 0x0A, 0xF5, 0xAE, 0xAA, 0x03, 0xE5, 0xA3,
    0x26, 0x0A, 0xA0, 0x3A, 0x62, 0xAA, 0x7A, 0xA7, 0xAA, 0xAA, 0x37, 0xA3, 0x5A, 0x00, 0xAA, 0xAA,
    0x00, 0x00, 0x00, 0xC0, 0x00, 0x00, 0x00, 0xCC, 0x00, 0x00, 0xC0, 0xEC, 0x00, 0x00, 0xC0, 0xEC,
    0x00, 0x00, 0xC0, 0xEC, 0x00, 0x00, 0xC0, 0xEC, 0x00, 0x00, 0x00, 0xCE, 0x00, 0x00, 0xE6, 0xEE,
    0xCC, 0x0C, 0x00, 0x00, 0xEE, 0xEE, 0x00, 0x00, 0xEE, 0xEE, 0x0E, 0x00, 0xEE, 0xEE, 0x0E, 0x00,
    0xEE, 0xEE, 0x0E, 0x00, 0xEE, 0xEE, 0x0E, 0x00, 0xEE, 0xEE, 0x00, 0x00, 0xEE, 0x0E, 0x00, 0xCC,
    0x00, 0x40, 0xE4, 0x44, 0x00, 0x24, 0x24, 0x42, 0x00, 0x24, 0x22, 0x22, 0x40, 0x2F, 0x22, 0x22,
    0x40, 0x4F, 0xFF, 0x22, 0x20, 0x4E, 0xFF, 0x22, 0x40, 0x4E, 0xFE, 0x42, 0xEE, 0x44, 0xFE, 0x42,
    0xEE, 0x0E, 0xC0, 0xCC, 0xE4, 0xEE, 0xC0, 0xEE, 0xE4, 0xEE, 0xCE, 0xEE, 0x64, 0xEE, 0xEE, 0xEE,
    0x64, 0xEE, 0xEE, 0xEE, 0x64, 0xEE, 0xEE, 0xEE, 0xE6, 0xEE, 0x0E, 0xEE, 0x4F, 0xE4, 0x0E, 0x00,
    0x00, 0xE0, 0xCE, 0x5F, 0x00, 0x60, 0x6E, 0x66, 0x00, 0x26, 0x66, 0x22, 0x60, 0x22, 0xE6, 0x26,
    0x00, 0x26, 0x62, 0x26, 0x66, 0x60, 0x66, 0x62, 0x26, 0x66, 0x26, 0x62, 0x26, 0x22, 0x62, 0xA6,
    0xDB, 0x3D, 0x7A, 0xA3, 0xFD, 0xAD, 0x37, 0x0A, 0x56, 0x3A, 0xA3, 0x00, 0xA6, 0x37, 0x0A, 0x00,
    0xA6, 0xA3, 0x00, 0x00, 0x3A, 0x0A, 0x00, 0x00, 0xA0, 0xA7, 0x00, 0x00, 0x7A, 0xAA, 0x00, 0x00,
    0x66, 0x66, 0x06, 0x3A, 0xAA, 0x00, 0x3A, 0x77, 0x7A, 0xAA, 0x73, 0xA3, 0xAA, 0xA0, 0xA7, 0x0A,
    0x0A, 0xA0, 0xA7, 0x00, 0x00, 0xA0, 0x0A, 0x00, 0x00, 0x00, 0x00, 0x00, 0x00, 0x00, 0x00, 0x00,
    0xA3, 0x00, 0x00, 0x00, 0x77, 0x0A, 0x00, 0x00, 0x7A, 0x0A, 0x00, 0x00, 0xA0, 0x0A, 0x00, 0x00,
    0x00, 0x00, 0x00, 0x00, 0x00, 0x00, 0x00, 0x00, 0x00, 0x00, 0x00, 0x00, 0x00, 0x00, 0x00, 0x00,
    0xAA, 0xFE, 0xDD, 0xCC, 0x00, 0xDE, 0xFD, 0xEE, 0x00, 0xDE, 0xFF, 0xCF, 0x00, 0xD0, 0xCF, 0xCC,
    0x00, 0xE0, 0xE5, 0xEE, 0x00, 0x00, 0xEE, 0xEE, 0x00, 0x00, 0x00, 0x00, 0x00, 0x00, 0x00, 0x00,
    0xFE, 0x05, 0x00, 0x00, 0xFE, 0x05, 0x00, 0x00, 0xCC, 0x0C, 0x00, 0x00, 0xEE, 0x0E, 0x00, 0x00,
    0xEE, 0x0E, 0x00, 0x00, 0xEE, 0x00, 0x00, 0x00, 0x00, 0x00, 0x00, 0x00, 0x00, 0x00, 0x00, 0x00,
    0x00, 0x00, 0x00, 0x00, 0x00, 0x00, 0x00, 0x00, 0x00, 0x00, 0x00, 0x00, 0x00, 0x00, 0x00, 0x00,
    0x00, 0x00, 0x00, 0x00, 0x00, 0x00, 0x00, 0x00, 0x00, 0x00, 0x00, 0x00, 0xCC, 0x00, 0x00, 0x00,
    0xEE, 0x0C, 0x00, 0x00, 0xEE, 0xEE, 0x00, 0x00, 0xEE, 0xEE, 0x00, 0x00, 0xEE, 0xEE, 0x00, 0x00,
    0xEE, 0xEE, 0x00, 0x00, 0xEE, 0x0E, 0x00, 0x00, 0xEE, 0x00, 0x00, 0x00, 0x00, 0x00, 0x00, 0x00,
    0x00, 0x00, 0x00, 0x00, 0x00, 0x00, 0x00, 0x00, 0x00, 0x00, 0x00, 0x00, 0x00, 0x00, 0x00, 0x00,
    0x00, 0x00, 0x00, 0x00, 0x00, 0x00, 0x00, 0x00, 0x00, 0x00, 0x00, 0x00, 0x0A, 0x00, 0x00, 0x00,
    0x0A, 0x00, 0x00, 0x00, 0x00, 0x00, 0x00, 0x00, 0xAA, 0x00, 0x00, 0x00, 0xA3, 0x00, 0x00, 0x00,
    0x0A, 0x00, 0x00, 0x00, 0x0A, 0x00, 0x00, 0x00, 0x00, 0x00, 0x00, 0x00, 0x00, 0x00, 0x00, 0x00,
    0x00, 0x00, 0x00, 0xC4, 0x00, 0x00, 0x60, 0xC5, 0x00, 0x00, 0x50, 0x43, 0x00, 0x00, 0x50, 0x4F,
    0x00, 0x00, 0x00, 0xEC, 0x00, 0x00, 0xE0, 0xE5, 0x00, 0x00, 0xC0, 0xEE, 0x00, 0x00, 0x00, 0x00,
    0xC4, 0x2F, 0xC4, 0xA4, 0xC4, 0x2F, 0x44, 0x3A, 0x44, 0x42, 0xA2, 0x77, 0x22, 0x22, 0xA4, 0x73,
    0x24, 0x44, 0xA4, 0xA7, 0xFE, 0xFF, 0xAE, 0xAA, 0x00, 0x00, 0xDE, 0xA9, 0x00, 0x00, 0xE0, 0xAE,
    0xA3, 0xAA, 0xEF, 0x3F, 0x77, 0x77, 0x35, 0x53, 0x7A, 0xEF, 0xF3, 0xFF, 0xCA, 0x53, 0xFF, 0xFF,
    0xEE, 0x5E, 0xFF, 0xFF, 0xEF, 0x35, 0xF3, 0x3F, 0xAA, 0x35, 0x3F, 0x5F, 0x26, 0x5A, 0x5F, 0xEF,
    0x0E, 0x00, 0x00, 0x00, 0xAE, 0x00, 0x00, 0x00, 0xE3, 0x0A, 0x00, 0x00, 0xEF, 0x0A, 0x00, 0x00,
    0xEF, 0x0A, 0x00, 0x00, 0x3F, 0xAE, 0x0A, 0x00, 0xF3, 0x3E, 0x0A, 0x00, 0x3E, 0x3E, 0x0A, 0x00,
    0x00, 0x00, 0x00, 0x00, 0x00, 0x00, 0x00, 0x00, 0x00, 0x00, 0x00, 0x00, 0x00, 0x00, 0x00, 0xC0,
    0x00, 0x00, 0x00, 0xEC, 0x00, 0x00, 0x00, 0xEC, 0x00, 0x00, 0x00, 0xEE, 0x00, 0x00, 0x00, 0xE0,
    0x00, 0x00, 0xEE, 0xAF, 0x00, 0xCD, 0x3C, 0xAA, 0xEC, 0xEB, 0x3F, 0xAA, 0xFC, 0xDB, 0xFF, 0xAF,
    0xFF, 0xDB, 0x5B, 0xA3, 0xF3, 0x5D, 0xDD, 0x7A, 0x3F, 0xAD, 0xAA, 0x33, 0x5E, 0xA5, 0x33, 0xAA,
    0x62, 0xEA, 0xE3, 0xE3, 0xAA, 0xEA, 0xEE, 0xE5, 0x77, 0xA9, 0x62, 0x7A, 0xAA, 0x77, 0xAA, 0xAA,
    0xA7, 0xAA, 0xA7, 0xFF, 0xA7, 0xEF, 0xAA, 0x5F, 0xDA, 0xBB, 0xBB, 0x5D, 0xD0, 0xCE, 0xDD, 0xDE,
    0xE0, 0x3A, 0x0A, 0x00, 0xAA, 0xA7, 0x00, 0x00, 0x33, 0xA7, 0x00, 0x00, 0xAA, 0x0A, 0x00, 0x00,
    0x00, 0x00, 0x00, 0x00, 0x00, 0x00, 0x00, 0x00, 0x00, 0x00, 0x00, 0x00, 0x00, 0x00, 0x00, 0x00,
    0x00, 0xCC, 0xEE, 0x00, 0xC0, 0xEC, 0xEE, 0x0E, 0xCC, 0xEE, 0xEE, 0xEE, 0xCC, 0xEE, 0xEE, 0xEE,
    0xCC, 0xEE, 0xEE, 0xEE, 0xE0, 0xEC, 0xEE, 0xEE, 0xC0, 0xCC, 0xEC, 0x0E, 0xEE, 0xEE, 0xEE, 0xEE,
    0x00, 0x00, 0x00, 0x00, 0x00, 0x00, 0x00, 0x00, 0x00, 0x00, 0x00, 0x00, 0x00, 0x00, 0x00, 0x00,
    0x00, 0xC0, 0xCC, 0x00, 0x00, 0xCC, 0xEE, 0x0C, 0xC0, 0xEC, 0xEE, 0xEE, 0xC0, 0xEC, 0xEE, 0xEE,
    0xEE, 0xEE, 0xEE, 0xEE, 0xEE, 0xEE, 0xEE, 0xEE, 0x4C, 0xC4, 0xEE, 0xEE, 0x44, 0x44, 0xEC, 0xEE,
    0x22, 0x42, 0xE4, 0xEE, 0x22, 0x22, 0xC4, 0xEE, 0xF2, 0x2F, 0x44, 0xEE, 0xF2, 0x2F, 0x44, 0xEE,
    0xCE, 0xEC, 0xEE, 0xEE, 0xCE, 0xEC, 0xEE, 0xEE, 0xEE, 0xCC, 0xEE, 0x0E, 0xEE, 0xC0, 0xEE, 0x00,
    0xEE, 0x00, 0x00, 0x00, 0xEE, 0x05, 0x00, 0x00, 0xEE, 0xED, 0xEE, 0x00, 0xAA, 0xAB, 0xEA, 0xEE,
    0x00, 0x00, 0x00, 0x00, 0x00, 0x00, 0x00, 0x00, 0x00, 0x00, 0x00, 0x00, 0x00, 0x00, 0x00, 0x00,
    0x00, 0x00, 0x66, 0x66, 0x00, 0x06, 0x26, 0x62, 0x60, 0x62, 0x60, 0x62, 0x60, 0x22, 0x66, 0x62,
    0xEE, 0x7A, 0xA3, 0x0A, 0x00, 0x3A, 0x0A, 0x00, 0xA0, 0x3A, 0x0A, 0x00, 0xA0, 0xA3, 0x00, 0x00,
    0x3A, 0xA3, 0x00, 0x00, 0x3A, 0x0A, 0x00, 0x00, 0x3A, 0x0A, 0x00, 0x00, 0xAA, 0xA7, 0x00, 0x00,
    0x00, 0x26, 0x66, 0x62, 0x60, 0x60, 0x26, 0x62, 0x26, 0x66, 0x22, 0xA6, 0x60, 0x22, 0x66, 0xA0,
    0x60, 0x66, 0xA0, 0x3A, 0x00, 0xAA, 0x3A, 0xA7, 0x00, 0x3A, 0xA7, 0xA3, 0x00, 0xAA, 0xA0, 0xA7,
    0xA0, 0xA8, 0x00, 0x00, 0xAA, 0xA0, 0x00, 0x00, 0x77, 0x0A, 0x00, 0x00, 0x33, 0xA7, 0x00, 0x00,
    0xAA, 0xAA, 0x00, 0x00, 0x00, 0x00, 0x00, 0x00, 0x00, 0x00, 0x00, 0x00, 0x00, 0x00, 0x00, 0x00,
    0x00, 0x00, 0x00, 0xE0, 0x00, 0x00, 0x00, 0xCE, 0x00, 0x00, 0x00, 0x46, 0x00, 0x00, 0xC0, 0x44,
    0x00, 0x00, 0x60, 0x24, 0x00, 0x00, 0x40, 0x24, 0x00, 0x00, 0x40, 0xF4, 0x00, 0x00, 0x40, 0xF4,
    0xFD, 0xCC, 0xFF, 0x5D, 0x3E, 0xEE, 0xF3, 0xD3, 0x5E, 0xCC, 0x35, 0xCF, 0xEE, 0xCC, 0xEE, 0xE5,
    0xE0, 0xEE, 0xEE, 0x0E, 0x00, 0xEE, 0xEE, 0x00, 0x00, 0x00, 0x00, 0x00, 0x00, 0x00, 0x00, 0x00,
    0x00, 0x0A, 0xA0, 0x0A, 0x00, 0x00, 0x00, 0x00, 0x00, 0x00, 0x00, 0x00, 0x00, 0x00, 0x00, 0x00,
    0x00, 0x00, 0x00, 0x00, 0x00, 0x00, 0x00, 0x00, 0x00, 0x00, 0x00, 0x00, 0x00, 0x00, 0x00, 0x00,
};
static const u16 sSet6Frame0[] = {
    0x0007, 0x40DB, 0x81F4, 0x0000, 0x00EB, 0x41FC, 0x0008, 0x40D3, 0x01F4, 0x000C, 0x40FB, 0x01FC,
    0x000E, 0x80DB, 0x0014, 0x0010, 0x00D3, 0x0004, 0x0012, 0x00EB, 0x000C, 0x0013, 0x0000,
};
static const u16 sSet6Frame1[] = {
    0x0006, 0x40EC, 0x81EF, 0x0014, 0x00DC, 0x41F7, 0x001C, 0x00FC, 0x41EF, 0x0020, 0x40FC, 0x01FF,
    0x0024, 0x80DC, 0x0007, 0x0026, 0x80EC, 0x000F, 0x0028, 0x0000,
};
static const u16 sSet6Frame2[] = {
    0x0006, 0x40ED, 0x81F1, 0x002A, 0x00DD, 0x41F9, 0x0032, 0x00FD, 0x41F1, 0x0036, 0x00E5, 0x01F1,
    0x003A, 0x00FD, 0x0001, 0x003B, 0x000D, 0x01F1, 0x003C, 0x0000,
};
static const void* const sSet6Frames[] = { sSet6Frame0, sSet6Frame1, sSet6Frame2 };

static const u16 sBattleAnim27[] = {
    0x0040, 0x0040, 0x0007, 0x0000, 0x0004, 0x0000, 0x0003, 0x0000, 0x0003, 0x0001, 0x0003, 0x0001,
    0x0004, 0x0001, 0x0005, 0x0002, 0x0006,
};
static const u16 sBattleAnim28[] = {
    0x0040, 0x0040, 0x0007, 0x0000, 0x0005, 0x0000, 0x0004, 0x0000, 0x0003, 0x0001, 0x0004, 0x0001,
    0x0004, 0x0001, 0x0006, 0x0002, 0x0006,
};
static const u16 sBattleAnim29[] = {
    0x0040, 0x0040, 0x0007, 0x0000, 0x0006, 0x0000, 0x0005, 0x0000, 0x0004, 0x0001, 0x0004, 0x0001,
    0x0005, 0x0001, 0x0006, 0x0002, 0x0006,
};
static const u16 sBattleAnim30[] = {
    0x0040, 0x0040, 0x0007, 0x0000, 0x0007, 0x0000, 0x0006, 0x0000, 0x0005, 0x0001, 0x0004, 0x0001,
    0x0006, 0x0001, 0x0006, 0x0002, 0x0006,
};
static const u16 sBattleAnim31[] = {
    0x0040, 0x0040, 0x0007, 0x0000, 0x0007, 0x0000, 0x0007, 0x0000, 0x0006, 0x0001, 0x0005, 0x0001,
    0x0006, 0x0001, 0x0006, 0x0002, 0x0006,
};
static const u8 sTiles7[] __attribute__((aligned(4))) = {
    0x00, 0x00, 0x40, 0xC4, 0x00, 0x00, 0x44, 0x42, 0x00, 0x40, 0x24, 0x22, 0x00, 0xF0, 0xF2, 0x2F,
    0x00, 0xE4, 0xC2, 0x2F, 0xC0, 0x6C, 0xE4, 0x2F, 0xE0, 0xE5, 0x34, 0x2F, 0xF0, 0xEE, 0x22, 0x44,
    0x44, 0x0C, 0x00, 0xC0, 0x22, 0xE4, 0x00, 0xCC, 0x22, 0xE4, 0x0E, 0xCC, 0x22, 0xE4, 0xCE, 0xEC,
    0x22, 0xE4, 0xCE, 0xEC, 0x44, 0xEC, 0xEE, 0xEC, 0x44, 0xEE, 0xEE, 0xEE, 0xC4, 0xEE, 0xEE, 0xE0,
    0xCC, 0x0C, 0x00, 0x00, 0xEC, 0xEE, 0x00, 0x00, 0xEE, 0xEE, 0x0E, 0x00, 0xEE, 0xEE, 0x0E, 0x00,
    0xEE, 0xEE, 0x0E, 0x00, 0xEE, 0xEE, 0x0E, 0x00, 0xEE, 0xEE, 0x00, 0x00, 0xEE, 0x0E, 0x00, 0x00,
    0x00, 0x00, 0x00, 0x00, 0x00, 0x00, 0x60, 0x06, 0x00, 0x00, 0x26, 0x62, 0x00, 0x00, 0x60, 0x22,
    0x00, 0x60, 0x06, 0x66, 0x00, 0x60, 0x62, 0x66, 0x00, 0x60, 0x22, 0x22, 0x00, 0x60, 0x66, 0x66,
    0x40, 0x44, 0x22, 0x42, 0xF0, 0x44, 0x44, 0x44, 0x05, 0x4F, 0x44, 0xF4, 0xEF, 0xF5, 0xFF, 0x4F,
    0x55, 0x53, 0xEC, 0xFE, 0xF5, 0xEF, 0x5C, 0xCF, 0xEF, 0xCE, 0x3C, 0xCF, 0x0E, 0xE0, 0xF5, 0xC5,
    0x24, 0x42, 0xEE, 0x00, 0xF4, 0x24, 0x0E, 0x00, 0x4F, 0x44, 0x00, 0x00, 0x44, 0x04, 0x00, 0x00,
    0x0E, 0x00, 0x00, 0x00, 0xEC, 0xAA, 0x0A, 0x00, 0xFE, 0x7D, 0x9A, 0x00, 0xB3, 0xEF, 0xAA, 0xAA,
    0x00, 0x00, 0x00, 0x00, 0x00, 0x00, 0x00, 0x00, 0x00, 0x00, 0x00, 0xA0, 0x00, 0x00, 0xA0, 0x7A,
    0x00, 0x00, 0xA0, 0x33, 0x00, 0x00, 0xA0, 0xA3, 0xAA, 0x00, 0x3A, 0xAA, 0xAA, 0xAA, 0x37, 0x0A,
    0x00, 0xA0, 0xAA, 0x0A, 0xA0, 0x3A, 0x33, 0xAA, 0xAA, 0x33, 0xAA, 0x87, 0x33, 0xAA, 0x00, 0xAA,
    0xAA, 0x00, 0x00, 0x00, 0x00, 0x00, 0x00, 0x00, 0x00, 0x00, 0x00, 0x00, 0x00, 0x00, 0x00, 0x00,
    0x00, 0x00, 0x00, 0x00, 0x00, 0x00, 0x00, 0x00, 0x00, 0x50, 0xDB, 0x00, 0x50, 0xCC, 0xBE, 0x5D,
    0xEC, 0xFE, 0xB3, 0xEB, 0xEE, 0xFC, 0xB3, 0xBD, 0xEE, 0x3C, 0xDB, 0xDF, 0xE0, 0xCE, 0xDD, 0xD3,
    0xF0, 0xFE, 0x0F, 0xDD, 0xE0, 0xEE, 0x00, 0x00, 0xE3, 0xFE, 0x00, 0xF0, 0xEC, 0xFE, 0x0F, 0xF0,
    0x3E, 0xF3, 0x0E, 0xE0, 0xF3, 0xF3, 0x0E, 0xE0, 0x33, 0xEE, 0x00, 0x00, 0xEE, 0x0E, 0x00, 0x00,
    0xED, 0xE3, 0x0E, 0x00, 0xEE, 0x3E, 0xE7, 0x7E, 0xEF, 0xCE, 0xAF, 0xEA, 0xF5, 0xC3, 0xDC, 0x3D,
    0xF5, 0xE3, 0xBB, 0xF5, 0xF5, 0xBB, 0xCD, 0xEC, 0xBE, 0xBD, 0x35, 0xEC, 0xDE, 0xB5, 0xFF, 0xC3,
    0x3A, 0x0A, 0x00, 0x00, 0x3A, 0xEA, 0xEE, 0x00, 0xEE, 0x0E, 0x00, 0x00, 0xAA, 0x00, 0x00, 0x00,
    0x05, 0x00, 0x00, 0x00, 0x5F, 0x00, 0x00, 0x00, 0xC5, 0x00, 0x00, 0x00, 0xEC, 0x00, 0x00, 0x00,
    0x00, 0xEE, 0xEE, 0xEE, 0x00, 0x00, 0x00, 0x00, 0x00, 0x00, 0x00, 0x00, 0x00, 0x00, 0x00, 0x00,
    0x00, 0x00, 0x00, 0x00, 0x00, 0x00, 0x00, 0x00, 0x00, 0x00, 0x00, 0x00, 0x00, 0x00, 0x00, 0x00,
    0x0E, 0x00, 0x00, 0x00, 0x00, 0x00, 0x00, 0x00, 0x00, 0x00, 0x00, 0x00, 0x00, 0x00, 0x00, 0x00,
    0x00, 0x00, 0x00, 0x00, 0x00, 0x00, 0x00, 0x00, 0x00, 0x00, 0x00, 0x00, 0x00, 0x00, 0x00, 0x00,
    0xE0, 0xD5, 0xFF, 0xC5, 0x00, 0xDE, 0x55, 0xEE, 0x00, 0xE0, 0xEE, 0xEE, 0x00, 0x00, 0x00, 0x00,
    0x00, 0x00, 0x00, 0x00, 0x00, 0x00, 0x00, 0x00, 0x00, 0x00, 0x00, 0x00, 0x00, 0x00, 0x00, 0x00,
    0xEE, 0x00, 0x00, 0x00, 0x0E, 0x00, 0x00, 0x00, 0x00, 0x00, 0x00, 0x00, 0x00, 0x00, 0x00, 0x00,
    0x00, 0x00, 0x00, 0x00, 0x00, 0x00, 0x00, 0x00, 0x00, 0x00, 0x00, 0x00, 0x00, 0x00, 0x00, 0x00,
    0x00, 0x00, 0x00, 0xC0, 0x00, 0x00, 0x00, 0xCC, 0x00, 0x00, 0xC0, 0xEC, 0x00, 0x00, 0xC0, 0xEC,
    0x00, 0x00, 0xC0, 0xEC, 0x00, 0x00, 0xC0, 0xCC, 0x00, 0x00, 0x00, 0xCE, 0x00, 0x00, 0x00, 0xE0,
    0xCC, 0x0E, 0x00, 0x00, 0xEE, 0xCE, 0x00, 0x00, 0xEE, 0xEE, 0x0E, 0x00, 0xEE, 0xEE, 0x0E, 0x00,
    0xEE, 0xEE, 0x0E, 0x00, 0xEE, 0xEE, 0x0E, 0x00, 0xCC, 0xEE, 0x00, 0x00, 0xEE, 0x0E, 0x00, 0x00,
    0x00, 0xCE, 0xF5, 0xC5, 0x00, 0x5E, 0xF5, 0xCC, 0x00, 0xCE, 0xFC, 0xEC, 0x00, 0xE3, 0xEF, 0xCE,
    0xF0, 0x3D, 0xFF, 0xCD, 0xF0, 0xBB, 0xFD, 0xDB, 0xBF, 0xBD, 0xFD, 0xBD, 0xBF, 0xDB, 0xFF, 0xBC,
    0xFE, 0xEC, 0xA0, 0x26, 0xCE, 0x0E, 0xA0, 0x62, 0xE5, 0xEE, 0xA0, 0xAA, 0xE3, 0xF3, 0xEE, 0xA3,
    0x35, 0xFF, 0xF5, 0xAE, 0x3E, 0x3F, 0x35, 0x3E, 0xED, 0x53, 0xF3, 0xAE, 0xFB, 0x3E, 0xE3, 0x00,
    0x60, 0x00, 0x00, 0x00, 0x26, 0x66, 0x00, 0x00, 0x60, 0x62, 0xAA, 0xAA, 0x66, 0x62, 0x3A, 0x0A,
    0x26, 0x06, 0x7A, 0x00, 0x22, 0xA6, 0xA3, 0xAA, 0x62, 0xA0, 0x37, 0xA7, 0xA6, 0x3A, 0xAA, 0x0A,
    0x7A, 0xA3, 0x00, 0x00, 0x7A, 0xA3, 0x00, 0x00, 0xA0, 0xA7, 0x00, 0x00, 0x0A, 0xAA, 0x00, 0x00,
    0x00, 0x00, 0x00, 0x00, 0x00, 0x00, 0x00, 0x00, 0x00, 0x00, 0x00, 0x00, 0x00, 0x00, 0x00, 0x00,
    0x00, 0x00, 0x00, 0x00, 0x00, 0x00, 0x00, 0x00, 0x00, 0x00, 0x00, 0x50, 0x00, 0x00, 0x50, 0x35,
    0x00, 0x00, 0x35, 0xF3, 0x00, 0x00, 0xF5, 0xF5, 0x00, 0x00, 0xE0, 0xEF, 0x00, 0x00, 0x00, 0xEE,
    0x7A, 0x7A, 0xA7, 0x00, 0x7A, 0xAA, 0x0A, 0x00, 0x9A, 0xA7, 0x00, 0x00, 0xAA, 0xA7, 0x00, 0x00,
    0x26, 0x7A, 0x0A, 0x00, 0x62, 0xAA, 0x0A, 0x00, 0xAA, 0x0A, 0x00, 0x00, 0x7A, 0x0A, 0x00, 0x00,
    0x00, 0x00, 0x00, 0x00, 0x00, 0x00, 0x00, 0x00, 0x00, 0x00, 0x00, 0x00, 0x00, 0x00, 0x00, 0x00,
    0x00, 0x00, 0x00, 0x00, 0x00, 0x00, 0x00, 0x00, 0x00, 0x00, 0x00, 0x00, 0x00, 0x00, 0x00, 0x50,
    0x00, 0x00, 0x00, 0x00, 0x00, 0x00, 0x00, 0x00, 0x00, 0x00, 0x00, 0x00, 0x00, 0x00, 0x00, 0x00,
    0x00, 0x00, 0x00, 0x00, 0x00, 0x00, 0x00, 0x00, 0x00, 0x00, 0x00, 0x00, 0x55, 0x00, 0x00, 0x00,
    0x00, 0xC0, 0xCC, 0x0C, 0x00, 0xCC, 0xEE, 0xEE, 0xC0, 0xEC, 0xEE, 0xEE, 0xC0, 0xEC, 0xEE, 0xEE,
    0xC0, 0xEC, 0xEE, 0xEE, 0xC0, 0xEC, 0xEE, 0xEE, 0x00, 0xCE, 0xEE, 0xEE, 0xE0, 0xEE, 0xCC, 0x0C,
    0x00, 0x00, 0x00, 0x00, 0x00, 0x00, 0x00, 0x00, 0x0E, 0x00, 0x00, 0x00, 0x0E, 0x00, 0x00, 0x00,
    0x0E, 0x00, 0x00, 0x00, 0x0E, 0x00, 0x00, 0x00, 0x00, 0x00, 0x00, 0x00, 0x00, 0x00, 0x00, 0x00,
    0x00, 0x00, 0x00, 0xF5, 0x00, 0x00, 0x50, 0x3F, 0x00, 0x00, 0x50, 0xF3, 0x00, 0x00, 0x00, 0xEE,
    0x00, 0x00, 0x00, 0x00, 0x00, 0x00, 0x00, 0x00, 0x00, 0x00, 0x00, 0x00, 0x00, 0x00, 0x00, 0x00,
    0xFF, 0x53, 0x00, 0xE0, 0x53, 0xF5, 0x05, 0x4E, 0x3E, 0x33, 0xCF, 0x24, 0xE0, 0x53, 0x45, 0x24,
    0x00, 0xFE, 0x4F, 0x2F, 0x00, 0xE0, 0x2F, 0x2F, 0x00, 0x00, 0x24, 0x2E, 0x00, 0x00, 0x24, 0x2C,
    0x6E, 0xEC, 0xEE, 0xEE, 0x44, 0xEF, 0xEE, 0xEE, 0x22, 0x4C, 0xC4, 0xEE, 0x22, 0x22, 0x44, 0xEE,
    0x22, 0x22, 0x42, 0xEE, 0xFF, 0x22, 0x42, 0xEE, 0xFF, 0x22, 0x42, 0xEE, 0xFE, 0x22, 0x44, 0xEE,
    0x00, 0x00, 0x00, 0x00, 0x00, 0x00, 0x00, 0x00, 0x0E, 0xC0, 0xCC, 0x0C, 0x0E, 0xCC, 0xEC, 0xEE,
    0xEE, 0xCC, 0xEE, 0xEE, 0xEE, 0xEC, 0xEE, 0xEE, 0xEE, 0xEC, 0xEE, 0xEE, 0xEE, 0xEE, 0xEE, 0xEE,
    0x00, 0x00, 0x00, 0x00, 0x06, 0x00, 0x00, 0x00, 0x62, 0x00, 0x00, 0x00, 0x66, 0x66, 0x00, 0x00,
    0x22, 0x26, 0x06, 0x00, 0x62, 0x26, 0x06, 0x00, 0x66, 0x26, 0x06, 0x00, 0x22, 0x62, 0xA6, 0xAA,
    0x00, 0x40, 0x44, 0x24, 0x00, 0xEE, 0x24, 0x42, 0xE0, 0xE5, 0x4C, 0x22, 0x00, 0xEE, 0x4E, 0x22,
    0x00, 0x00, 0xFF, 0x44, 0x00, 0x00, 0x00, 0xFF, 0xA0, 0xAA, 0x00, 0x5E, 0x8A, 0x77, 0x0A, 0xCE,
    0xFE, 0x22, 0xC4, 0xEE, 0x24, 0x42, 0xE4, 0xEE, 0x44, 0x42, 0xFE, 0xAE, 0x22, 0x22, 0x42, 0x3A,
    0x44, 0xFF, 0xA4, 0x73, 0xFF, 0x44, 0x7A, 0xF3, 0xFC, 0xC5, 0x7A, 0xAF, 0xF5, 0xAA, 0x66, 0xEE,
    0x0E, 0xEE, 0xEE, 0xEE, 0x00, 0xE0, 0xEE, 0x0E, 0x0E, 0x00, 0x00, 0x00, 0xAA, 0xAA, 0x00, 0x00,
    0xCE, 0x3E, 0x0A, 0x00, 0xC7, 0xEF, 0x00, 0x00, 0x55, 0xF3, 0xAE, 0x00, 0xF3, 0xFF, 0xEF, 0x00,
    0x66, 0x66, 0x7A, 0x33, 0xAA, 0xA0, 0xA3, 0xAA, 0x73, 0x7A, 0x0A, 0x00, 0x73, 0xAA, 0xCA, 0xEC,
    0xA7, 0x00, 0xEE, 0xEC, 0xA8, 0x00, 0xEE, 0xCE, 0x0A, 0x00, 0xEE, 0x5E, 0x00, 0x00, 0xEE, 0x3E,
    0x33, 0x37, 0xA3, 0xE3, 0xAA, 0xAA, 0x37, 0xAA, 0x00, 0x00, 0xAA, 0x77, 0x0C, 0x00, 0xBF, 0xAA,
    0xCE, 0x0E, 0xEE, 0xFF, 0xFF, 0xCD, 0xEE, 0xEE, 0xFF, 0xFB, 0xEE, 0x0F, 0xD3, 0xDB, 0x5F, 0xFF,
    0xA5, 0xA7, 0x22, 0x53, 0x8A, 0xA7, 0x66, 0x3C, 0x7A, 0xA7, 0xAA, 0x3E, 0x7A, 0xA7, 0xAA, 0xFE,
    0xAF, 0x87, 0x66, 0xFD, 0x00, 0xAA, 0x22, 0x5D, 0x00, 0xAA, 0x66, 0xFD, 0x00, 0xE0, 0xAA, 0x7A,
    0xFF, 0xFF, 0xE3, 0x0A, 0x3F, 0x3F, 0xEF, 0x0A, 0x5F, 0x5F, 0xEF, 0x0A, 0x53, 0x5F, 0xEF, 0x0A,
    0x55, 0x53, 0xE3, 0x0A, 0x00, 0x75, 0xAE, 0x00, 0x00, 0x77, 0xAA, 0x00, 0x37, 0xAA, 0x00, 0x00,
    0x00, 0x00, 0xE0, 0x5E, 0x00, 0x00, 0x00, 0xEE, 0x00, 0x00, 0x00, 0x00, 0x00, 0x00, 0x00, 0x00,
    0x00, 0x00, 0x00, 0x00, 0x00, 0x00, 0x00, 0x00, 0x00, 0x00, 0x00, 0x00, 0x00, 0x00, 0x00, 0x00,
    0xB5, 0xB5, 0x35, 0xF5, 0xD3, 0xDF, 0x53, 0xEF, 0xEE, 0xCE, 0xFF, 0xEE, 0x00, 0xE0, 0xEE, 0x0E,
    0x00, 0x00, 0x00, 0x00, 0x00, 0x00, 0x00, 0x00, 0x00, 0x00, 0x00, 0x00, 0x00, 0x00, 0x00, 0x00,
    0x00, 0xE0, 0xAE, 0xA7, 0x00, 0xE0, 0xAE, 0x37, 0x00, 0xFE, 0xEE, 0x7A, 0x00, 0xEC, 0x5C, 0xA3,
    0xE0, 0xBB, 0xDB, 0xDB, 0xB0, 0xDD, 0xBB, 0xDD, 0x5F, 0xCC, 0xD3, 0x5B, 0x5F, 0xCC, 0x3F, 0xBD,
    0xAA, 0x37, 0x0A, 0x00, 0x77, 0xA3, 0x0A, 0x00, 0xA7, 0x0A, 0x00, 0x00, 0xEA, 0x00, 0x00, 0x00,
    0xEF, 0x00, 0x00, 0x00, 0x0E, 0x00, 0x00, 0x00, 0x0E, 0x00, 0x00, 0x00, 0x0E, 0x00, 0x00, 0x00,
    0x00, 0x00, 0x00, 0x00, 0x00, 0x00, 0x00, 0x00, 0x00, 0x00, 0x00, 0x60, 0x00, 0x00, 0x06, 0x26,
    0x00, 0x60, 0x62, 0x62, 0x00, 0x6A, 0x62, 0x26, 0xA0, 0xA8, 0x26, 0x66, 0x7A, 0xA3, 0x60, 0x22,
    0x00, 0xA0, 0x0A, 0x66, 0x00, 0xA0, 0xA7, 0xA0, 0x00, 0x7A, 0x33, 0x37, 0x00, 0xAA, 0xAA, 0x7A,
    0x00, 0x00, 0x00, 0xA0, 0x00, 0x00, 0x00, 0xA0, 0x00, 0x00, 0x00, 0x00, 0x00, 0x00, 0x00, 0x00,
    0x00, 0x00, 0x00, 0x00, 0x00, 0x00, 0x00, 0x00, 0x00, 0x00, 0x00, 0x00, 0x00, 0x00, 0x00, 0x00,
    0x0C, 0x00, 0x00, 0x00, 0x0C, 0x00, 0x00, 0x00, 0x0C, 0x00, 0x00, 0x00, 0x0E, 0x00, 0x00, 0x00,
    0xEF, 0xEE, 0xFF, 0xD5, 0xCF, 0x3E, 0xF3, 0xE3, 0xE0, 0xCC, 0xEE, 0x0E, 0x00, 0xEE, 0xEE, 0x00,
    0x00, 0x00, 0x00, 0x00, 0x00, 0x00, 0x00, 0x00, 0x00, 0x00, 0x00, 0x00, 0x00, 0x00, 0x00, 0x00,
    0x00, 0x00, 0x00, 0x00, 0x00, 0x00, 0x00, 0x00, 0x00, 0x00, 0x00, 0x00, 0x00, 0x00, 0x00, 0x00,
    0x00, 0x00, 0x00, 0x00, 0x00, 0x00, 0x00, 0x00, 0x00, 0x00, 0x00, 0x00, 0x00, 0x00, 0x00, 0x50,
    0x00, 0x00, 0x5E, 0xEE, 0x00, 0x00, 0xE0, 0x4E, 0x00, 0x00, 0x00, 0x44, 0x00, 0x00, 0x00, 0x40,
    0x00, 0x00, 0x00, 0xF0, 0x50, 0x55, 0x00, 0xDE, 0xF5, 0x3F, 0xEC, 0xFE, 0x3F, 0xF5, 0x5F, 0x0E,
    0x22, 0x44, 0x42, 0x22, 0x22, 0x42, 0x64, 0x42, 0x44, 0xF4, 0x4F, 0x44, 0xFF, 0x4F, 0x44, 0xCF,
    0x4F, 0xF4, 0xDF, 0xEF, 0xE3, 0x5F, 0xAE, 0xCA, 0xCE, 0xAF, 0xAA, 0x33, 0x5E, 0xAF, 0x73, 0xDA,
    0x04, 0x00, 0x00, 0x00, 0x06, 0x00, 0x00, 0x00, 0x00, 0x00, 0x00, 0x00, 0x00, 0x00, 0x00, 0x00,
    0x5C, 0x00, 0x00, 0x00, 0xDF, 0xAF, 0x00, 0x00, 0xFB, 0xEE, 0xAA, 0x00, 0xFD, 0xEE, 0x7E, 0x0A,
    0x00, 0x00, 0x00, 0x50, 0x00, 0x00, 0x00, 0x00, 0x00, 0x00, 0x00, 0x00, 0x00, 0x00, 0x00, 0x00,
    0x00, 0x00, 0x00, 0x00, 0x00, 0x00, 0x00, 0x00, 0x00, 0x00, 0x00, 0x00, 0x00, 0x00, 0x00, 0x00,
    0x5F, 0x3F, 0x5E, 0xE0, 0x35, 0xEE, 0xE5, 0x50, 0xFE, 0xE3, 0x0E, 0xE0, 0xE0, 0x0E, 0x00, 0x00,
    0x00, 0x00, 0x00, 0xF0, 0x00, 0x00, 0x00, 0xF0, 0x00, 0x00, 0x00, 0x00, 0x00, 0x00, 0x00, 0x00,
    0xFC, 0xA5, 0x73, 0xCA, 0xFC, 0xA5, 0xA7, 0x53, 0xFF, 0xAC, 0xAA, 0xDC, 0xFF, 0x3F, 0xAA, 0xDA,
    0xBB, 0xDD, 0x6A, 0xD2, 0xBD, 0xAB, 0x2A, 0xA6, 0xDF, 0xAF, 0xA7, 0xAA, 0xE0, 0xAE, 0x7A, 0xAA,
    0x0F, 0x35, 0xE5, 0xA7, 0x50, 0xF3, 0x5F, 0xA7, 0x35, 0x3F, 0x33, 0xA5, 0xF3, 0xFF, 0x3F, 0xA5,
    0xF5, 0xF3, 0xF3, 0xAE, 0xFD, 0x35, 0xE5, 0xA7, 0xEA, 0xEE, 0xAE, 0xA3, 0x26, 0xEA, 0xA0, 0x3A,
    0x00, 0x00, 0x00, 0x00, 0x00, 0x00, 0x00, 0x00, 0x00, 0x00, 0x00, 0x00, 0x00, 0x00, 0x00, 0x00,
    0x00, 0x60, 0x60, 0x66, 0x00, 0x26, 0x66, 0x22, 0x60, 0x22, 0x06, 0x26, 0x00, 0x26, 0x62, 0x26,
    0x00, 0x50, 0xDB, 0x00, 0x50, 0xCC, 0xAE, 0xAA, 0xEC, 0xFE, 0x7A, 0x33, 0xEE, 0xFC, 0x7A, 0xA3,
    0xEE, 0xAC, 0x37, 0xDA, 0xE6, 0x3A, 0xA3, 0xD3, 0xA6, 0x37, 0xEA, 0xEE, 0xA6, 0xA3, 0x00, 0x00,
    0xE3, 0x7A, 0xB3, 0xA7, 0xAA, 0x77, 0xAA, 0x7A, 0x73, 0xAA, 0x0E, 0xAF, 0xAA, 0xF3, 0xFE, 0xF3,
    0x33, 0xEE, 0xE0, 0xF3, 0xEE, 0x0E, 0xE0, 0xBE, 0x0E, 0x00, 0x00, 0xDE, 0x00, 0x00, 0x00, 0xEE,
    0x62, 0xAA, 0x7A, 0xA7, 0xAA, 0xAA, 0x37, 0xA3, 0xCA, 0x3F, 0xAA, 0xAA, 0xE3, 0xBE, 0x3B, 0x03,
    0xDB, 0xDB, 0xEE, 0x33, 0xBD, 0x3D, 0xEE, 0xEE, 0xBF, 0xFD, 0xE3, 0xEE, 0xD3, 0x33, 0xCC, 0xEE,
    0x66, 0x60, 0x66, 0x62, 0x26, 0x66, 0x26, 0x62, 0x26, 0x22, 0x62, 0xA6, 0x66, 0x66, 0x06, 0x3A,
    0xAA, 0x00, 0x3A, 0x77, 0x7A, 0xAA, 0x73, 0xA3, 0xAA, 0xA0, 0xA7, 0x0A, 0x0A, 0xA0, 0xA7, 0x00,
    0x3A, 0x0A, 0x00, 0x00, 0xA0, 0xA7, 0x00, 0x00, 0x7A, 0xAA, 0x00, 0x00, 0xA3, 0x00, 0x00, 0x00,
    0x77, 0x0A, 0x00, 0x00, 0x7A, 0x0A, 0x00, 0x00, 0xA0, 0x0A, 0x00, 0x00, 0x00, 0x00, 0x00, 0x00,
    0x00, 0x00, 0x00, 0xE0, 0x00, 0x00, 0x00, 0x00, 0x00, 0x00, 0x00, 0x00, 0x00, 0x00, 0x00, 0x00,
    0x00, 0x00, 0x00, 0x00, 0x00, 0x00, 0x00, 0x00, 0x00, 0x00, 0x00, 0x00, 0x00, 0x00, 0x00, 0x00,
    0xEE, 0xEE, 0xEE, 0x0E, 0xE0, 0xEE, 0x0E, 0x00, 0x00, 0x00, 0x00, 0x00, 0x00, 0x00, 0x00, 0x00,
    0x00, 0x00, 0x00, 0x00, 0x00, 0x00, 0x00, 0x00, 0x00, 0x00, 0x00, 0x00, 0x00, 0x00, 0x00, 0x00,
    0x00, 0x00, 0xCC, 0xCC, 0x00, 0xC0, 0xEC, 0xEE, 0x00, 0xCC, 0xEE, 0xEE, 0x00, 0xCC, 0xEE, 0xEE,
    0x00, 0xCC, 0xEE, 0xEE, 0x00, 0xCC, 0xEE, 0xEE, 0x00, 0xE0, 0xEC, 0xEE, 0x60, 0xEE, 0xEE, 0x0E,
    0x00, 0x00, 0x00, 0x00, 0x0E, 0x00, 0x00, 0x00, 0xEE, 0x00, 0x00, 0x00, 0xEE, 0x00, 0x00, 0x00,
    0xEE, 0x00, 0x00, 0x00, 0xEE, 0x00, 0x00, 0x00, 0x0E, 0x00, 0x00, 0x00, 0x00, 0xC0, 0xCC, 0x0C,
    0x44, 0x4E, 0xE4, 0xEE, 0x42, 0x22, 0x44, 0xEE, 0x22, 0x22, 0x42, 0xEE, 0x22, 0x22, 0x42, 0xEE,
    0xF4, 0x2F, 0x42, 0xEE, 0xF4, 0x2F, 0x42, 0xEE, 0xE4, 0x2F, 0x64, 0xEE, 0xE4, 0x2F, 0x64, 0x44,
    0x00, 0xCC, 0xEC, 0xCE, 0x0E, 0xEC, 0xEE, 0xEE, 0xEE, 0xEC, 0xEE, 0xEE, 0xEE, 0xEE, 0xEE, 0xEE,
    0xEE, 0xEE, 0xEE, 0xEE, 0xEE, 0xEE, 0xEE, 0xEE, 0xEE, 0xE0, 0xEE, 0x0E, 0xEE, 0x00, 0x00, 0x00,
    0x00, 0x00, 0x00, 0x00, 0x00, 0x00, 0x00, 0x00, 0x0A, 0x00, 0x00, 0x00, 0x0A, 0x00, 0x00, 0x00,
    0x00, 0x00, 0x00, 0x00, 0xAA, 0x00, 0x00, 0x00, 0xA3, 0x00, 0x00, 0x00, 0x0A, 0x00, 0x00, 0x00,
    0xEA, 0x00, 0x00, 0x00, 0x0E, 0x00, 0x00, 0x00, 0x00, 0x00, 0x00, 0x00, 0x00, 0x00, 0x00, 0x00,
    0x00, 0x00, 0x00, 0x00, 0x00, 0x00, 0x00, 0x00, 0x00, 0x00, 0x00, 0x00, 0x00, 0x00, 0x00, 0x00,
    0x00, 0x00, 0x00, 0x00, 0x00, 0x00, 0x00, 0x40, 0x00, 0x00, 0x00, 0x40, 0x00, 0x00, 0x00, 0xF4,
    0x00, 0x00, 0x00, 0xF4, 0x00, 0x00, 0x00, 0xE2, 0x00, 0x00, 0x60, 0xE4, 0x00, 0x00, 0xE6, 0x4E,
    0x00, 0x00, 0x00, 0x00, 0x0E, 0x00, 0x00, 0x00, 0x0E, 0x00, 0x00, 0x00, 0x0E, 0x00, 0x00, 0x00,
    0x0E, 0x00, 0x00, 0x00, 0x00, 0x00, 0x00, 0x00, 0x00, 0x00, 0x00, 0x00, 0x00, 0x00, 0x00, 0x00,
    0x00, 0xA0, 0x0A, 0x00, 0x00, 0x00, 0x00, 0x00, 0x00, 0x00, 0x00, 0x00, 0x00, 0x00, 0x00, 0x00,
    0x00, 0x00, 0x00, 0x00, 0x00, 0x00, 0x00, 0x00, 0x00, 0x00, 0x00, 0x00, 0x00, 0x00, 0x00, 0x00,
};
static const u16 sSet7Frame0[] = {
    0x0007, 0x40DF, 0x81FA, 0x0000, 0x40F7, 0x81F2, 0x0008, 0x40D7, 0x01FA, 0x0010, 0x40EF, 0x01FA,
    0x0012, 0x80DF, 0x001A, 0x0014, 0x00E7, 0x01F2, 0x0016, 0x00EF, 0x000A, 0x0017, 0x0000,
};
static const u16 sSet7Frame1[] = {
    0x0005, 0x00D6, 0x81EF, 0x0018, 0x40F6, 0x41EF, 0x0028, 0x80E6, 0x01E7, 0x002C, 0x00DE, 0x000F,
    0x002E, 0x00FE, 0x01FF, 0x002F, 0x0000,
};
static const u16 sSet7Frame2[] = {
    0x0006, 0x00E9, 0x81EC, 0x0030, 0x00D9, 0x41FC, 0x0040, 0x80F1, 0x000C, 0x0044, 0x00E1, 0x01F4,
    0x0046, 0x00E1, 0x000C, 0x0047, 0x0009, 0x01EC, 0x0048, 0x0000,
};
static const void* const sSet7Frames[] = { sSet7Frame0, sSet7Frame1, sSet7Frame2 };

static const u16 sBattleAnim32[] = {
    0x0040, 0x0040, 0x0008, 0x0000, 0x0002, 0x0000, 0x0004, 0x0000, 0x0003, 0x0000, 0x0005, 0x0001,
    0x0005, 0x0001, 0x0006, 0x0001, 0x0007, 0x0002, 0x0009,
};
static const u16 sBattleAnim33[] = {
    0x0040, 0x0040, 0x0008, 0x0000, 0x0003, 0x0000, 0x0005, 0x0000, 0x0003, 0x0000, 0x0006, 0x0001,
    0x0005, 0x0001, 0x0007, 0x0001, 0x0007, 0x0002, 0x0009,
};
static const u16 sBattleAnim34[] = {
    0x0040, 0x0040, 0x0008, 0x0000, 0x0004, 0x0000, 0x0006, 0x0000, 0x0004, 0x0000, 0x0006, 0x0001,
    0x0006, 0x0001, 0x0007, 0x0001, 0x0008, 0x0002, 0x0009,
};
static const u16 sBattleAnim35[] = {
    0x0040, 0x0040, 0x0008, 0x0000, 0x0005, 0x0000, 0x0007, 0x0000, 0x0005, 0x0000, 0x0007, 0x0001,
    0x0006, 0x0001, 0x0007, 0x0001, 0x0008, 0x0002, 0x0009,
};
static const u16 sBattleAnim36[] = {
    0x0040, 0x0040, 0x0008, 0x0000, 0x0006, 0x0000, 0x0007, 0x0000, 0x0006, 0x0000, 0x0007, 0x0001,
    0x0007, 0x0001, 0x0008, 0x0001, 0x0008, 0x0002, 0x0009,
};
static const u16 sBattleAnim37[] = {
    0x0040, 0x0040, 0x001D, 0x0000, 0x0006, 0x0000, 0x0005, 0x0000, 0x0005, 0x0001, 0x0006, 0x0001,
    0x0007, 0x0001, 0x0001, 0x0001, 0x0001, 0x0001, 0x0001, 0x0001, 0x0001, 0x0002, 0x0001, 0x0001,
    0x0001, 0x0002, 0x0001, 0x0001, 0x0001, 0x0002, 0x0001, 0x0001, 0x0001, 0x0002, 0x0001, 0x0001,
    0x0001, 0x0002, 0x0001, 0x0001, 0x0001, 0x0002, 0x0001, 0x0001, 0x0001, 0x0002, 0x0001, 0x0001,
    0x0001, 0x0001, 0x0001, 0x0001, 0x0001, 0x0001, 0x0001, 0x0001, 0x0008, 0x0002, 0x0008, 0x0003,
    0x0005,
};
static const u8 sTiles8[] __attribute__((aligned(4))) = {
    0x00, 0x00, 0xC0, 0xCC, 0x00, 0x00, 0xEC, 0xEE, 0x00, 0xC0, 0xEE, 0xEE, 0x00, 0xC0, 0xEE, 0xEE,
    0x00, 0xC0, 0xEC, 0xEE, 0x00, 0xE0, 0xCE, 0xEE, 0x00, 0xEE, 0xEE, 0xEE, 0x64, 0xEE, 0xEE, 0xEE,
    0x0C, 0x00, 0x00, 0x00, 0xCE, 0x00, 0x00, 0x00, 0xEE, 0x0C, 0x00, 0x00, 0xEE, 0x0C, 0x00, 0x00,
    0xEE, 0x0E, 0x00, 0x00, 0xEE, 0x0E, 0x00, 0x00, 0xEE, 0x00, 0x00, 0x00, 0x0E, 0x00, 0x00, 0x00,
    0xE6, 0xEE, 0xEE, 0xEE, 0xEE, 0xEE, 0xEE, 0xEE, 0xEE, 0xEE, 0xEE, 0xEE, 0xEE, 0xEE, 0xEE, 0xEE,
    0xEE, 0xEE, 0xEE, 0xEE, 0xEE, 0xEE, 0xEE, 0xEE, 0xEE, 0xEE, 0xEE, 0xEE, 0xEE, 0xEE, 0xEE, 0xEE,
    0xEE, 0x00, 0x00, 0x00, 0xEE, 0x00, 0xCC, 0x0C, 0xEE, 0xCE, 0xEE, 0xEE, 0xEE, 0xEC, 0xEE, 0xEE,
    0xEE, 0xEC, 0xEE, 0xEE, 0xEE, 0xEE, 0xEE, 0xEE, 0xEE, 0xEE, 0xEE, 0xEE, 0xEE, 0xE0, 0xEE, 0xEE,
    0xEE, 0xEE, 0xEE, 0xEE, 0xE4, 0xEE, 0xEE, 0xEE, 0x40, 0xEF, 0xEE, 0xEE, 0x00, 0x00, 0x0E, 0xC5,
    0x00, 0xF0, 0xE0, 0x53, 0x00, 0xB0, 0x0B, 0xCE, 0x00, 0xBF, 0xFB, 0xC3, 0xAA, 0xAA, 0xEF, 0x5C,
    0x0E, 0x00, 0xEE, 0x0E, 0x00, 0x00, 0x00, 0x00, 0xFE, 0x00, 0x00, 0x00, 0xB3, 0x0F, 0x00, 0x00,
    0x0C, 0xFB, 0x00, 0x00, 0x35, 0xF5, 0x00, 0x00, 0x35, 0xE5, 0x00, 0x00, 0xC5, 0x0E, 0x00, 0x00,
    0x37, 0x33, 0xEA, 0x5C, 0x57, 0xEC, 0x35, 0xCC, 0x5A, 0x30, 0xAE, 0x03, 0x35, 0x55, 0xAE, 0xBB,
    0x03, 0x30, 0x7E, 0xDA, 0x00, 0x30, 0x3E, 0x5A, 0x03, 0x53, 0x3E, 0x5A, 0x05, 0xE3, 0x73, 0xEA,
    0xE5, 0x00, 0x00, 0x00, 0xCC, 0x00, 0x00, 0x00, 0x53, 0x00, 0x00, 0x00, 0xFB, 0x00, 0x00, 0x00,
    0xFF, 0x0E, 0x00, 0x00, 0x5F, 0xE5, 0x00, 0x00, 0xEC, 0xEE, 0x00, 0x00, 0xEE, 0xEE, 0x00, 0x00,
    0x00, 0x00, 0x00, 0x00, 0x00, 0x00, 0x00, 0x00, 0x00, 0x00, 0x00, 0x00, 0x00, 0x00, 0x00, 0x00,
    0x00, 0x00, 0x00, 0x00, 0x00, 0x00, 0x00, 0x00, 0x00, 0x00, 0x00, 0x60, 0x00, 0x00, 0x06, 0x26,
    0x00, 0x00, 0x00, 0x00, 0x00, 0x00, 0x00, 0x00, 0x00, 0x00, 0x00, 0x00, 0x00, 0x00, 0x00, 0x00,
    0x00, 0x00, 0x00, 0x00, 0x06, 0x00, 0x00, 0x00, 0x62, 0x00, 0x00, 0x00, 0x66, 0x66, 0x00, 0x00,
    0x00, 0x60, 0x62, 0x62, 0x00, 0x6A, 0x62, 0x26, 0xA0, 0xA8, 0x26, 0x66, 0x7A, 0xA3, 0x60, 0x22,
    0x00, 0xA0, 0x0A, 0x66, 0x00, 0xA0, 0xA7, 0xA0, 0x00, 0x7A, 0x33, 0x37, 0x00, 0xAA, 0xAA, 0x7A,
    0x22, 0x26, 0x06, 0x00, 0x62, 0x26, 0x06, 0x00, 0x66, 0x26, 0x06, 0x00, 0x22, 0x62, 0xA6, 0xAA,
    0x66, 0x66, 0x7A, 0x33, 0xAA, 0xA0, 0xA3, 0xAA, 0x73, 0x7A, 0x0A, 0x00, 0x73, 0xAA, 0x0A, 0x00,
    0xA0, 0x87, 0x66, 0x35, 0x00, 0xAA, 0x22, 0x5A, 0x00, 0xAA, 0x66, 0xEA, 0x00, 0x00, 0xAA, 0x7A,
    0x00, 0xE0, 0xAF, 0xA7, 0x00, 0xE0, 0xA5, 0x37, 0x00, 0xE0, 0xFE, 0x7A, 0x00, 0x00, 0xEE, 0xA5,
    0x05, 0xE5, 0x7E, 0xEA, 0x5C, 0x7C, 0xA3, 0x3E, 0xEB, 0x77, 0xAA, 0x53, 0x37, 0xAA, 0x55, 0xE5,
    0xAA, 0x37, 0x3A, 0xEF, 0x77, 0xA3, 0x5A, 0xEF, 0xA7, 0x5A, 0xF5, 0xEE, 0x5A, 0xFF, 0xEF, 0x05,
    0x00, 0x00, 0x00, 0xEE, 0x00, 0x00, 0x00, 0x00, 0x00, 0x00, 0x00, 0x00, 0x00, 0x00, 0x00, 0x00,
    0x00, 0x00, 0x00, 0x00, 0x00, 0x00, 0x00, 0x00, 0x00, 0x00, 0x00, 0x00, 0x00, 0x00, 0x00, 0x00,
    0xEE, 0xEE, 0x5E, 0x00, 0x00, 0x00, 0x00, 0x00, 0x00, 0x00, 0x00, 0x00, 0x00, 0x00, 0x00, 0x00,
    0x00, 0x00, 0x00, 0x00, 0x00, 0x00, 0x00, 0x00, 0x00, 0x00, 0x00, 0x00, 0x00, 0x00, 0x00, 0x00,
    0x00, 0x00, 0x00, 0x00, 0x00, 0x00, 0x00, 0x00, 0xA0, 0xAA, 0x00, 0x00, 0x8A, 0x77, 0x0A, 0x00,
    0x33, 0x37, 0xA3, 0x00, 0xAA, 0xAA, 0x37, 0xAA, 0x00, 0x00, 0xAA, 0x77, 0x00, 0x00, 0x00, 0xAA,
    0x00, 0x00, 0xA0, 0x73, 0x00, 0x00, 0x7A, 0x73, 0x00, 0x00, 0x7A, 0xAA, 0x00, 0xAA, 0x66, 0x0A,
    0xA0, 0xA7, 0x22, 0x5A, 0x8A, 0xA7, 0x66, 0x35, 0x7A, 0xA7, 0x5A, 0x03, 0x7A, 0xA7, 0x5A, 0x03,
    0x00, 0x00, 0x00, 0xA0, 0x00, 0x00, 0x00, 0xA0, 0x00, 0x00, 0x00, 0x00, 0x00, 0x00, 0x00, 0x00,
    0x00, 0x00, 0x00, 0x00, 0x00, 0x00, 0x00, 0x00, 0x00, 0x00, 0x00, 0x00, 0x00, 0x00, 0x00, 0x00,
    0xA7, 0x00, 0x00, 0x00, 0xA8, 0x00, 0x00, 0x00, 0x0A, 0x00, 0x00, 0x00, 0x00, 0x00, 0x00, 0x00,
    0x00, 0x00, 0x00, 0x00, 0x00, 0x00, 0x00, 0x00, 0x00, 0x00, 0x00, 0x00, 0x00, 0x00, 0x00, 0x00,
    0x3E, 0x53, 0x0C, 0x00, 0x53, 0x05, 0xE0, 0x00, 0x05, 0x00, 0x00, 0xEE, 0x00, 0x00, 0x00, 0x00,
    0x00, 0x00, 0x00, 0x00, 0x00, 0x00, 0x00, 0x00, 0x00, 0x00, 0x00, 0x00, 0x00, 0x00, 0x00, 0x00,
    0x00, 0x00, 0x00, 0x00, 0x00, 0x00, 0x00, 0x00, 0x00, 0x00, 0x00, 0x00, 0xEE, 0x00, 0x00, 0x00,
    0x00, 0xEE, 0x0E, 0x00, 0x00, 0x00, 0x00, 0x00, 0x00, 0x00, 0x00, 0x00, 0x00, 0x00, 0x00, 0x00,
    0x00, 0x00, 0x00, 0x40, 0x00, 0x00, 0xE0, 0x60, 0x00, 0x00, 0x5E, 0x64, 0x00, 0x00, 0xCE, 0xE4,
    0x00, 0x00, 0xE0, 0xE4, 0x00, 0x00, 0x00, 0xE4, 0x00, 0x00, 0x00, 0xE4, 0x00, 0x00, 0x00, 0x64,
    0x00, 0x00, 0x00, 0x40, 0x00, 0x00, 0x00, 0x00, 0x00, 0x00, 0x00, 0x00, 0x00, 0x00, 0x00, 0x00,
    0x00, 0x00, 0x00, 0x00, 0x00, 0x00, 0x00, 0x00, 0x00, 0x00, 0x00, 0xA0, 0x00, 0x00, 0x00, 0x3A,
    0x00, 0x00, 0x00, 0x00, 0x00, 0x00, 0x00, 0x00, 0x00, 0x00, 0x00, 0x00, 0x0E, 0x00, 0x00, 0x00,
    0x0E, 0x00, 0x00, 0x00, 0x0E, 0x00, 0x00, 0x00, 0x0E, 0x00, 0x00, 0x00, 0x00, 0x00, 0x00, 0x00,
    0x00, 0x00, 0x00, 0x00, 0x00, 0x00, 0x00, 0x00, 0x00, 0x00, 0x00, 0x60, 0x00, 0x00, 0x06, 0x26,
    0x00, 0x60, 0x62, 0x62, 0x00, 0x6A, 0x62, 0x26, 0xA0, 0xA8, 0x26, 0x66, 0x7A, 0xA3, 0x60, 0x22,
    0x00, 0x00, 0x00, 0x00, 0x06, 0x00, 0x00, 0x00, 0x62, 0x00, 0x00, 0x00, 0x66, 0x66, 0x00, 0x00,
    0x22, 0x26, 0x06, 0x00, 0x62, 0x26, 0x06, 0x00, 0x66, 0x26, 0x06, 0x00, 0x22, 0x62, 0xA6, 0xAA,
    0x00, 0x00, 0x00, 0x00, 0x00, 0x00, 0x00, 0x00, 0x00, 0x00, 0x00, 0x00, 0x00, 0x00, 0x00, 0x00,
    0x00, 0x00, 0x00, 0x00, 0x00, 0x00, 0x00, 0x00, 0xA0, 0xAA, 0x00, 0x00, 0x8A, 0x77, 0x0A, 0x00,
    0x00, 0x00, 0xF4, 0xEC, 0x00, 0x00, 0x00, 0xF4, 0x00, 0x00, 0x00, 0xA0, 0x00, 0x00, 0x00, 0x3A,
    0x00, 0x00, 0xA0, 0x73, 0x00, 0x00, 0x7A, 0x73, 0x00, 0x00, 0x7A, 0xAA, 0x00, 0xAA, 0x66, 0x5A,
    0x00, 0xA0, 0x0A, 0x66, 0x00, 0xA0, 0xA7, 0xA0, 0x00, 0x7A, 0x33, 0x37, 0x00, 0xAA, 0xAA, 0x7A,
    0x00, 0x00, 0x00, 0xA0, 0x00, 0x00, 0x00, 0xA0, 0x00, 0x00, 0x00, 0x00, 0x00, 0x00, 0x00, 0x00,
    0x66, 0x66, 0x7A, 0x33, 0xAA, 0xA0, 0xA3, 0xAA, 0x73, 0x7A, 0x0A, 0x00, 0x73, 0xAA, 0x0A, 0x00,
    0xA7, 0x00, 0x00, 0x00, 0xA8, 0x00, 0x00, 0x00, 0x0A, 0x00, 0x00, 0x00, 0x00, 0x00, 0x00, 0x00,
    0x33, 0x37, 0xA3, 0xCC, 0xAA, 0xAA, 0x37, 0xAA, 0x00, 0xE0, 0xAA, 0x77, 0x00, 0xE0, 0xF3, 0xAA,
    0x00, 0xE0, 0xC5, 0xCD, 0x00, 0x00, 0xEE, 0x5F, 0x00, 0x00, 0xE0, 0xF5, 0x00, 0x00, 0x00, 0xEE,
    0xAE, 0xA7, 0x22, 0x35, 0x8A, 0xA7, 0x56, 0x03, 0x7A, 0xA7, 0x5A, 0x00, 0x7A, 0xA7, 0x5A, 0x30,
    0xAD, 0x87, 0x66, 0x35, 0xFD, 0xAA, 0x22, 0xEE, 0x3C, 0xAA, 0x66, 0x0A, 0x3E, 0x53, 0xAA, 0x7A,
    0x00, 0xC0, 0xCC, 0x0C, 0x00, 0xCC, 0xEE, 0xCE, 0xC0, 0xEC, 0xEE, 0xEE, 0xC0, 0xEC, 0xEE, 0xEE,
    0xC0, 0xEC, 0xEE, 0xEE, 0xEE, 0xCE, 0xEE, 0xEE, 0xEE, 0xEE, 0xEE, 0xEE, 0xEE, 0xEE, 0xEE, 0x0E,
    0x00, 0x00, 0x00, 0x00, 0x00, 0x00, 0x00, 0x00, 0x0C, 0x00, 0x00, 0x00, 0x0C, 0x00, 0x00, 0x00,
    0x0E, 0x00, 0x00, 0x00, 0x0E, 0x00, 0x00, 0x00, 0x00, 0x00, 0x00, 0x00, 0x00, 0x00, 0x00, 0x00,
    0xEE, 0xEE, 0xEE, 0x0E, 0xEE, 0xEE, 0xEE, 0x0E, 0xEE, 0xEE, 0xEE, 0xCE, 0xEE, 0xEE, 0xEE, 0xEC,
    0xEE, 0xEE, 0xEE, 0xEC, 0xEE, 0xEE, 0xEE, 0xEE, 0xEE, 0xEE, 0xEE, 0xEE, 0xEE, 0xEE, 0xEE, 0xE0,
    0x00, 0x00, 0x00, 0x00, 0xCC, 0x0C, 0x00, 0x00, 0xEE, 0xEE, 0x00, 0x00, 0xEE, 0xEE, 0x0E, 0x00,
    0xEE, 0xEE, 0x0E, 0x00, 0xEE, 0xEE, 0x0E, 0x00, 0xEE, 0xEE, 0x0E, 0x00, 0xEE, 0xEE, 0x00, 0x00,
    0xEE, 0xEE, 0x0E, 0x00, 0xEC, 0xCE, 0xEC, 0x00, 0x3E, 0x0C, 0xF3, 0x00, 0xAA, 0xAA, 0xEB, 0x00,
    0x37, 0x33, 0xEA, 0x00, 0xA7, 0xCE, 0xEE, 0x00, 0x5A, 0x53, 0xAE, 0x00, 0x35, 0x30, 0xA5, 0x00,
    0xEE, 0x0E, 0x00, 0x00, 0x00, 0x00, 0x00, 0x00, 0x00, 0x00, 0x00, 0x00, 0x00, 0x00, 0x00, 0x00,
    0x00, 0x00, 0x00, 0x00, 0x00, 0x00, 0x00, 0x00, 0x00, 0x00, 0x00, 0x00, 0x00, 0x00, 0x00, 0x00,
    0x00, 0x03, 0x7C, 0x0A, 0x00, 0x30, 0x3E, 0xFA, 0x00, 0x53, 0x3F, 0xFA, 0x30, 0xEE, 0x7F, 0xEA,
    0x03, 0xE3, 0x70, 0x3A, 0xEE, 0x7E, 0xA3, 0xF5, 0x00, 0x77, 0xAA, 0xFF, 0x37, 0xAA, 0x3D, 0x5F,
    0x00, 0x00, 0x00, 0x00, 0x00, 0x00, 0x00, 0x00, 0x00, 0x00, 0x00, 0x00, 0x0E, 0x00, 0x00, 0x00,
    0xE5, 0xEC, 0xEE, 0x0E, 0x5F, 0xC5, 0x00, 0xE0, 0xFF, 0xE5, 0x00, 0x00, 0xCC, 0xEE, 0x00, 0x00,
    0xEE, 0xEE, 0xAE, 0xA7, 0x00, 0xEE, 0xAE, 0x37, 0x00, 0x00, 0x00, 0x7A, 0x00, 0x00, 0x00, 0xA0,
    0x00, 0x00, 0x00, 0x00, 0x00, 0x00, 0x00, 0x00, 0x00, 0x00, 0x00, 0x00, 0x00, 0x00, 0x00, 0x00,
    0xAA, 0x37, 0xCA, 0xCC, 0x77, 0xA3, 0xEA, 0xEE, 0xA7, 0x0A, 0x00, 0x55, 0x0A, 0x00, 0x00, 0x00,
    0x00, 0x00, 0x00, 0x00, 0x00, 0x00, 0x00, 0x00, 0x00, 0x00, 0x00, 0x00, 0x00, 0x00, 0x00, 0x00,
    0x00, 0x00, 0x00, 0x00, 0x00, 0x00, 0x00, 0x00, 0x00, 0x00, 0x00, 0x00, 0x00, 0x00, 0x00, 0x00,
    0x00, 0x00, 0x00, 0x00, 0x00, 0x00, 0x00, 0x44, 0x00, 0x00, 0x40, 0xE6, 0x00, 0x00, 0x44, 0xEE,
    0x00, 0x6E, 0xE4, 0xEE, 0xC0, 0x45, 0xE6, 0xEE, 0xE0, 0x4C, 0xEE, 0xEE, 0x00, 0x6C, 0xEE, 0xEE,
    0x00, 0xE0, 0xEE, 0xEE, 0x00, 0x60, 0xEE, 0xEE, 0x00, 0xF0, 0xEC, 0xEE, 0x00, 0x00, 0xCF, 0xEE,
    0x00, 0x00, 0x00, 0x00, 0x00, 0x00, 0x00, 0x00, 0x00, 0x00, 0x00, 0x00, 0x00, 0x00, 0x00, 0x00,
    0x00, 0x00, 0x00, 0x00, 0x0E, 0x00, 0x00, 0x00, 0x00, 0x00, 0x00, 0x00, 0x00, 0x00, 0x00, 0x00,
    0xEE, 0xEE, 0x00, 0x00, 0x33, 0x53, 0x00, 0x00, 0x55, 0x05, 0x00, 0x00, 0x00, 0x00, 0x00, 0x00,
    0x00, 0x00, 0x00, 0x00, 0x00, 0x00, 0x00, 0x00, 0x00, 0x00, 0x00, 0x00, 0x00, 0x00, 0x00, 0x00,
};
static const u16 sSet8Frame0[] = {
    0x0008, 0x80D8, 0x81FE, 0x0000, 0x00E8, 0x41DE, 0x0008, 0x00F8, 0x41F6, 0x000C, 0x40F0, 0x01EE,
    0x0010, 0x40F8, 0x01DE, 0x0012, 0x40F8, 0x0006, 0x0014, 0x80E0, 0x01F6, 0x0016, 0x00E0, 0x000E,
    0x0018, 0x0000,
};
static const u16 sSet8Frame1[] = {
    0x0006, 0x40F0, 0x81DE, 0x0019, 0x80E0, 0x81FE, 0x0021, 0x4000, 0x01F6, 0x0029, 0x80E0, 0x01F6,
    0x002B, 0x00F8, 0x000E, 0x002D, 0x0000, 0x0006, 0x002E, 0x0000,
};
static const void* const sSet8Frames[] = { sSet8Frame0, sSet8Frame1 };

static const u16 sBattleAnim38[] = {
    0x0040, 0x0040, 0x0007, 0x0000, 0x0006, 0x0000, 0x0008, 0x0000, 0x0006, 0x0000, 0x0007, 0x0000,
    0x0008, 0x0000, 0x0009, 0x0001, 0x0008,
};
static const u16 sBattleAnim39[] = {
    0x0040, 0x0040, 0x0004, 0x0000, 0x0005, 0x0000, 0x0004, 0x0000, 0x0005, 0x0001, 0x0005,
};
static const u16 sBattleAnim40[] = {
    0x0040, 0x0040, 0x0004, 0x0000, 0x0006, 0x0000, 0x0006, 0x0000, 0x0006, 0x0001, 0x000C,
};
static const u16 sBattleAnim41[] = {
    0x0040, 0x0040, 0x0004, 0x0000, 0x0006, 0x0000, 0x0008, 0x0000, 0x000A, 0x0001, 0x0020,
};
static const u8 sTiles9[] __attribute__((aligned(4))) = {
    0x00, 0x00, 0x00, 0x00, 0x00, 0x00, 0x00, 0x00, 0x00, 0x00, 0x00, 0x00, 0x00, 0x00, 0x00, 0x00,
    0x00, 0x00, 0x00, 0x00, 0x00, 0x00, 0x00, 0x00, 0x00, 0x00, 0x00, 0x00, 0x00, 0x00, 0x00, 0x50,
    0x00, 0x00, 0x5E, 0xEE, 0x00, 0x00, 0xE0, 0x4E, 0x00, 0x00, 0x00, 0x44, 0x00, 0x00, 0x00, 0x40,
    0x00, 0x00, 0x00, 0xF0, 0x50, 0x55, 0x00, 0xDE, 0xF5, 0x3F, 0xEC, 0xFE, 0x3F, 0xF5, 0x5F, 0x0E,
    0x22, 0x44, 0x42, 0x22, 0x22, 0x42, 0x6F, 0x42, 0x44, 0xF4, 0xFF, 0x44, 0xFF, 0x4F, 0x44, 0xCF,
    0x4F, 0xF4, 0xDF, 0xEF, 0xE3, 0x5F, 0xAE, 0xCA, 0xCE, 0xAF, 0xAA, 0x33, 0x5E, 0xAF, 0x73, 0xDA,
    0x04, 0x00, 0x00, 0x00, 0x06, 0x00, 0x00, 0x00, 0x00, 0x00, 0x00, 0x00, 0x00, 0x00, 0x00, 0x00,
    0x5C, 0x00, 0x00, 0x00, 0xDF, 0xAF, 0x00, 0x00, 0xFB, 0xEE, 0xAA, 0x00, 0xFD, 0xEE, 0x7E, 0x0A,
    0x00, 0x00, 0x00, 0x50, 0x00, 0x00, 0x00, 0x00, 0x00, 0x00, 0x00, 0x00, 0x00, 0x00, 0x00, 0x00,
    0x00, 0x00, 0x00, 0x00, 0x00, 0x00, 0x00, 0x00, 0x00, 0x00, 0x00, 0x00, 0x00, 0x00, 0x00, 0x00,
    0x5F, 0x3F, 0x5E, 0xE0, 0x35, 0xEE, 0xE5, 0x50, 0xFE, 0xE3, 0x0E, 0xE0, 0xE0, 0x0E, 0x00, 0x00,
    0x00, 0x00, 0x00, 0xF0, 0x00, 0x00, 0x00, 0xF0, 0x00, 0x00, 0x00, 0x00, 0x00, 0x00, 0x00, 0x00,
    0xFC, 0xA5, 0x73, 0xCA, 0xFC, 0xA5, 0xA7, 0x53, 0xFF, 0xAC, 0xAA, 0xDC, 0xFF, 0x3F, 0xAA, 0xDA,
    0xBB, 0xDD, 0x6A, 0xD2, 0xBD, 0xAB, 0x2A, 0xA6, 0xDF, 0xAF, 0xA7, 0xAA, 0xE0, 0xAE, 0x7A, 0xAA,
    0x0F, 0x35, 0xE5, 0xA7, 0x50, 0xF3, 0x5F, 0xA7, 0x35, 0x3F, 0x33, 0xA5, 0xF3, 0xFF, 0x3F, 0xA5,
    0xF5, 0xF3, 0xF3, 0xAE, 0xFD, 0x35, 0xE5, 0xA7, 0xEA, 0xEE, 0xAE, 0xA3, 0x26, 0xEA, 0xA0, 0x3A,
    0x00, 0x00, 0x00, 0x00, 0x00, 0x00, 0x00, 0x00, 0x00, 0x00, 0x00, 0x00, 0x00, 0x00, 0x00, 0x00,
    0x00, 0x60, 0x60, 0x66, 0x00, 0x26, 0x66, 0x22, 0x60, 0x22, 0x06, 0x26, 0x00, 0x26, 0x62, 0x26,
    0x00, 0x50, 0xDB, 0x00, 0x50, 0xCC, 0xAE, 0xAA, 0xEC, 0xFE, 0x7A, 0x33, 0xEE, 0xFC, 0x7A, 0xA3,
    0xEE, 0xAC, 0x37, 0xDA, 0xE6, 0x3A, 0xA3, 0xD3, 0xA6, 0x37, 0xEA, 0xEE, 0xA6, 0xA3, 0x00, 0x00,
    0xE3, 0x7A, 0xB3, 0xA7, 0xAA, 0x77, 0xAA, 0x7A, 0x73, 0xAA, 0x0E, 0xAF, 0xAA, 0xF3, 0xFE, 0xF3,
    0x33, 0xEE, 0xE0, 0xF3, 0xEE, 0x0E, 0xE0, 0xBE, 0x0E, 0x00, 0x00, 0xDE, 0x00, 0x00, 0x00, 0xEE,
    0x62, 0xAA, 0x7A, 0xA7, 0xAA, 0xAA, 0x37, 0xA3, 0xCA, 0x3F, 0xAA, 0xAA, 0xE3, 0xBE, 0x3B, 0x03,
    0xDB, 0xDB, 0xEE, 0x33, 0xBD, 0x3D, 0xEE, 0xEE, 0xBF, 0xFD, 0xE3, 0xEE, 0xD3, 0x33, 0xCC, 0xEE,
    0x66, 0x60, 0x66, 0x62, 0x26, 0x66, 0x26, 0x62, 0x26, 0x22, 0x62, 0xA6, 0x66, 0x66, 0x06, 0x3A,
    0xAA, 0x00, 0x3A, 0x77, 0x7A, 0xAA, 0x73, 0xA3, 0xAA, 0xA0, 0xA7, 0x0A, 0x0A, 0xA0, 0xA7, 0x00,
    0x3A, 0x0A, 0x00, 0x00, 0xA0, 0xA7, 0x00, 0x00, 0x7A, 0xAA, 0x00, 0x00, 0xA3, 0x00, 0x00, 0x00,
    0x77, 0x0A, 0x00, 0x00, 0x7A, 0x0A, 0x00, 0x00, 0xA0, 0x0A, 0x00, 0x00, 0x00, 0x00, 0x00, 0x00,
    0x00, 0x00, 0x00, 0xE0, 0x00, 0x00, 0x00, 0x00, 0x00, 0x00, 0x00, 0x00, 0x00, 0x00, 0x00, 0x00,
    0x00, 0x00, 0x00, 0x00, 0x00, 0x00, 0x00, 0x00, 0x00, 0x00, 0x00, 0x00, 0x00, 0x00, 0x00, 0x00,
    0xEE, 0xEE, 0xEE, 0x0E, 0xE0, 0xEE, 0x0E, 0x00, 0x00, 0x00, 0x00, 0x00, 0x00, 0x00, 0x00, 0x00,
    0x00, 0x00, 0x00, 0x00, 0x00, 0x00, 0x00, 0x00, 0x00, 0x00, 0x00, 0x00, 0x00, 0x00, 0x00, 0x00,
    0x00, 0x00, 0xCC, 0xCC, 0x00, 0xC0, 0xEC, 0xEE, 0x00, 0xCC, 0xEE, 0xEE, 0x00, 0xCC, 0xEE, 0xEE,
    0x00, 0xCC, 0xEE, 0xEE, 0x00, 0xCC, 0xEE, 0xEE, 0x00, 0xE0, 0xEC, 0xEE, 0xE0, 0xEE, 0xEE, 0x0E,
    0x00, 0x00, 0x00, 0x00, 0x0E, 0x00, 0x00, 0x00, 0xEE, 0x00, 0x00, 0x00, 0xEE, 0x00, 0x00, 0x00,
    0xEE, 0x00, 0x00, 0x00, 0xEE, 0x00, 0x00, 0x00, 0x0E, 0x00, 0x00, 0x00, 0x00, 0xC0, 0xCC, 0x0C,
    0xCE, 0xEE, 0xEE, 0xEE, 0xEC, 0xEE, 0xEE, 0xEE, 0xEE, 0x2E, 0xE2, 0xEE, 0xEE, 0x22, 0x42, 0xEE,
    0xF4, 0x2F, 0x42, 0xEE, 0xF4, 0x2F, 0x42, 0xEE, 0xE4, 0x2F, 0x64, 0xEE, 0xE4, 0x2F, 0x64, 0x44,
    0x00, 0xCC, 0xEC, 0xCE, 0x0E, 0xEC, 0xEE, 0xEE, 0xEE, 0xEC, 0xEE, 0xEE, 0xEE, 0xEE, 0xEE, 0xEE,
    0xEE, 0xEE, 0xEE, 0xEE, 0xEE, 0xEE, 0xEE, 0xEE, 0xEE, 0xE0, 0xEE, 0x0E, 0xEE, 0x00, 0x00, 0x00,
    0x00, 0x00, 0x00, 0x00, 0x00, 0x00, 0x00, 0x00, 0x0A, 0x00, 0x00, 0x00, 0x0A, 0x00, 0x00, 0x00,
    0x00, 0x00, 0x00, 0x00, 0xAA, 0x00, 0x00, 0x00, 0xA3, 0x00, 0x00, 0x00, 0x0A, 0x00, 0x00, 0x00,
    0xEA, 0x00, 0x00, 0x00, 0x0E, 0x00, 0x00, 0x00, 0x00, 0x00, 0x00, 0x00, 0x00, 0x00, 0x00, 0x00,
    0x00, 0x00, 0x00, 0x00, 0x00, 0x00, 0x00, 0x00, 0x00, 0x00, 0x00, 0x00, 0x00, 0x00, 0x00, 0x00,
    0x00, 0x00, 0x00, 0x00, 0x00, 0x00, 0x00, 0xE0, 0x00, 0x00, 0x00, 0xE0, 0x00, 0x00, 0x00, 0xF4,
    0x00, 0x00, 0x00, 0xF4, 0x00, 0x00, 0x00, 0xE2, 0x00, 0x00, 0x60, 0xE4, 0x00, 0x00, 0xE6, 0x4E,
    0x00, 0x00, 0x00, 0x00, 0x0E, 0x00, 0x00, 0x00, 0x0E, 0x00, 0x00, 0x00, 0x0E, 0x00, 0x00, 0x00,
    0x0E, 0x00, 0x00, 0x00, 0x00, 0x00, 0x00, 0x00, 0x00, 0x00, 0x00, 0x00, 0x00, 0x00, 0x00, 0x00,
    0x00, 0xA0, 0x0A, 0x00, 0x00, 0x00, 0x00, 0x00, 0x00, 0x00, 0x00, 0x00, 0x00, 0x00, 0x00, 0x00,
    0x00, 0x00, 0x00, 0x00, 0x00, 0x00, 0x00, 0x00, 0x00, 0x00, 0x00, 0x00, 0x00, 0x00, 0x00, 0x00,
    0x00, 0xC5, 0x2E, 0x22, 0x00, 0xEE, 0x4E, 0x22, 0x00, 0xF0, 0x44, 0x44, 0x00, 0x00, 0xFF, 0xFF,
    0x00, 0x00, 0x00, 0x4F, 0x00, 0x00, 0x00, 0x00, 0x00, 0x00, 0x00, 0x00, 0x00, 0x00, 0x00, 0x00,
    0x22, 0x44, 0x44, 0xF4, 0x42, 0xF4, 0x44, 0xEF, 0xF4, 0x4F, 0xF4, 0xFC, 0x4F, 0xF4, 0x5F, 0xD3,
    0x44, 0xCF, 0xEF, 0xF3, 0xBD, 0xCD, 0xF3, 0xE5, 0xCE, 0x5C, 0xF5, 0xE5, 0xEE, 0xFC, 0x53, 0xEF,
    0x00, 0xAA, 0x0A, 0x00, 0xA3, 0x78, 0xA7, 0x00, 0xDB, 0x77, 0x77, 0xAA, 0xDB, 0xAA, 0x8A, 0xAA,
    0xED, 0xA6, 0x6A, 0x62, 0xEC, 0xAE, 0x6A, 0x62, 0xEC, 0xEF, 0xA3, 0xAA, 0xEC, 0xF3, 0x5E, 0x00,
    0x00, 0x00, 0x00, 0x00, 0x00, 0x00, 0x00, 0x00, 0x00, 0x00, 0x00, 0x00, 0x00, 0x00, 0x00, 0x00,
    0x0A, 0x00, 0x00, 0x00, 0xAA, 0x0A, 0x00, 0x00, 0x7A, 0xA7, 0x00, 0x00, 0xA7, 0x73, 0x0A, 0x00,
    0x00, 0x00, 0x00, 0x00, 0x00, 0x00, 0x00, 0x00, 0x00, 0x00, 0x00, 0x00, 0x00, 0x00, 0x00, 0x00,
    0x00, 0x00, 0x00, 0x00, 0x00, 0x00, 0x00, 0x00, 0x00, 0x00, 0x00, 0x00, 0x00, 0xCC, 0xDE, 0x5F,
    0x50, 0x3F, 0x35, 0xE5, 0xF0, 0xE3, 0xF3, 0xFF, 0xDF, 0x5D, 0xF3, 0x3F, 0xBF, 0xEB, 0xF3, 0xFF,
    0xBF, 0xDB, 0xF5, 0xF5, 0xE0, 0xFE, 0x50, 0x5F, 0xEE, 0x00, 0xE0, 0xE5, 0xEE, 0x0F, 0x00, 0xE0,
    0x35, 0xF5, 0xF5, 0x05, 0x5E, 0x33, 0xEE, 0x0E, 0xEF, 0x53, 0xF5, 0x75, 0xF5, 0x3E, 0x53, 0x7E,
    0xFE, 0xEE, 0xEE, 0xA3, 0xED, 0x3E, 0x7E, 0xAA, 0xAE, 0xAA, 0xCA, 0x0C, 0xEE, 0x00, 0x00, 0xE0,
    0xA7, 0x77, 0x0A, 0x00, 0xA3, 0xA7, 0x00, 0x00, 0x7A, 0xA3, 0x00, 0x00, 0x3A, 0x0A, 0x00, 0x00,
    0xA0, 0x0A, 0x00, 0x00, 0x00, 0x00, 0x00, 0x00, 0x00, 0x00, 0x00, 0x00, 0xCE, 0x0C, 0x00, 0x00,
    0x00, 0x00, 0x00, 0x00, 0x00, 0x00, 0x00, 0xA0, 0x00, 0x00, 0x00, 0x8A, 0x00, 0x00, 0x60, 0xA6,
    0x00, 0x00, 0x26, 0x62, 0x00, 0x00, 0x60, 0x26, 0x00, 0x00, 0x26, 0x66, 0xCC, 0xEC, 0x62, 0x62,
    0x0A, 0x00, 0x00, 0x00, 0x07, 0x00, 0x00, 0x00, 0x03, 0xA0, 0x0A, 0x00, 0xAA, 0x7A, 0x0A, 0x00,
    0xA0, 0x37, 0x0A, 0x00, 0x06, 0x3A, 0x0A, 0x00, 0x62, 0x70, 0x0A, 0x00, 0x62, 0x3A, 0xA7, 0x0A,
    0xEC, 0xEE, 0x2E, 0x62, 0xEE, 0xEE, 0xEE, 0x66, 0xEE, 0xEE, 0xEE, 0x66, 0xEE, 0xEE, 0xEE, 0x22,
    0xEC, 0xEE, 0xEE, 0x66, 0xCC, 0xCC, 0x0E, 0x00, 0xCE, 0xEC, 0x00, 0xC0, 0xEE, 0xEE, 0x0E, 0xC0,
    0x62, 0x3A, 0x73, 0xA8, 0x62, 0x7A, 0xA7, 0x0A, 0x62, 0xA0, 0x0A, 0x00, 0x66, 0x7A, 0x0A, 0x00,
    0xC6, 0xCC, 0x0C, 0x00, 0xCC, 0xEE, 0xEE, 0x00, 0xEC, 0xEE, 0xEE, 0x0E, 0xEE, 0xEE, 0xEE, 0x0E,
    0x00, 0x00, 0x00, 0x6E, 0x00, 0x00, 0x40, 0x46, 0x00, 0x00, 0x44, 0x22, 0x00, 0x00, 0x24, 0xFF,
    0x00, 0x40, 0x2F, 0xFF, 0x00, 0x40, 0x23, 0xFE, 0x00, 0x40, 0x4E, 0xFE, 0x00, 0x60, 0x4C, 0x24,
    0x44, 0xEC, 0xEE, 0xC0, 0x44, 0xE6, 0xEE, 0xCE, 0x42, 0x64, 0xEE, 0xEE, 0x22, 0x64, 0xEE, 0xEE,
    0x22, 0x64, 0xEE, 0xEE, 0x22, 0xE4, 0xEE, 0xEE, 0x22, 0x62, 0x44, 0xE4, 0x42, 0x44, 0x24, 0xF4,
    0xC0, 0xFE, 0xB5, 0xCD, 0xCE, 0xF3, 0xBF, 0xBE, 0xEE, 0xFE, 0xB3, 0xB5, 0xEE, 0x3E, 0xD5, 0xD5,
    0xE0, 0xFE, 0xEE, 0xEF, 0x00, 0xE0, 0xEE, 0xEE, 0x00, 0x00, 0x00, 0x00, 0x00, 0x00, 0x00, 0x00,
    0xFF, 0xF5, 0x00, 0xFF, 0x3F, 0xF5, 0xF0, 0x5F, 0x3F, 0xEF, 0xE0, 0xF5, 0x53, 0xEE, 0xE0, 0xF3,
    0xEE, 0x0E, 0x00, 0x5E, 0x00, 0x00, 0x00, 0xDE, 0x00, 0x00, 0x00, 0xE0, 0x00, 0x00, 0x00, 0xE0,
    0xFE, 0x00, 0x00, 0x00, 0xCE, 0x53, 0x00, 0x00, 0xCF, 0xDC, 0x0D, 0x00, 0xDF, 0xBB, 0x5E, 0x00,
    0xBB, 0xCD, 0xCC, 0x0F, 0xB5, 0x35, 0xEC, 0x5E, 0xD3, 0xFF, 0xE3, 0xEC, 0xFE, 0xFF, 0xC5, 0xEC,
    0xFE, 0x5F, 0xEC, 0x0E, 0xE0, 0xEE, 0xEE, 0x00, 0x00, 0x00, 0x00, 0x00, 0x00, 0x00, 0x00, 0x00,
    0x00, 0x00, 0x00, 0x00, 0x00, 0x00, 0x00, 0x00, 0x00, 0x00, 0x00, 0x00, 0x00, 0x00, 0x00, 0x00,
    0x00, 0x00, 0x00, 0xC0, 0x00, 0x00, 0x00, 0xCC, 0x00, 0x00, 0x00, 0xCC, 0x00, 0x00, 0x00, 0xCC,
    0x00, 0x00, 0x00, 0xCC, 0x00, 0x00, 0x00, 0xC0, 0x00, 0x00, 0x00, 0x00, 0x00, 0x00, 0x00, 0xE0,
    0xEE, 0xEE, 0xEE, 0x0E, 0xEE, 0xEE, 0xEE, 0x0E, 0xEC, 0xEE, 0xEE, 0x00, 0xEE, 0xEE, 0x0E, 0x00,
    0x3E, 0xA7, 0x00, 0x00, 0xAE, 0xA3, 0x00, 0x00, 0x0E, 0x7A, 0x0A, 0x00, 0x0E, 0x7A, 0x0A, 0x00,
    0x00, 0x00, 0x00, 0x00, 0x00, 0x00, 0x00, 0x00, 0x00, 0x00, 0x00, 0xCC, 0x00, 0x00, 0x00, 0x5C,
    0x00, 0x00, 0x00, 0xE0, 0x00, 0x00, 0x00, 0xA0, 0x00, 0x00, 0x00, 0x7A, 0x00, 0x00, 0xA0, 0x37,
    0x2E, 0xFE, 0xA2, 0xAA, 0x2E, 0xFE, 0x7A, 0x87, 0x44, 0xAA, 0x77, 0x77, 0x2E, 0xAA, 0xA8, 0xAA,
    0xAE, 0x26, 0xA6, 0x6A, 0xAA, 0x26, 0x5F, 0x55, 0xA7, 0xFA, 0xF5, 0xFF, 0x7A, 0xE4, 0x5E, 0x33,
    0xEE, 0xEE, 0xCC, 0xEE, 0xEA, 0xEE, 0xCE, 0xEE, 0xA7, 0xEE, 0xE0, 0xEE, 0xAA, 0xE4, 0x00, 0x00,
    0x62, 0xAA, 0x00, 0x00, 0x6F, 0x77, 0x0A, 0x00, 0xD5, 0x3A, 0xA3, 0x00, 0xCF, 0x7A, 0x37, 0x0A,
    0xEE, 0x0E, 0x00, 0x00, 0xEE, 0x00, 0x00, 0x00, 0x0E, 0x00, 0x00, 0x00, 0x00, 0x00, 0x00, 0x00,
    0x00, 0x00, 0x00, 0x00, 0x00, 0x00, 0x00, 0x00, 0x00, 0x00, 0x00, 0x00, 0x00, 0x00, 0x00, 0x00,
    0x00, 0x00, 0xA0, 0x77, 0x00, 0x00, 0x00, 0x7A, 0x00, 0x00, 0x00, 0x3A, 0x00, 0x00, 0x00, 0xA0,
    0x00, 0x00, 0x00, 0xA0, 0x00, 0x00, 0x00, 0x00, 0x00, 0x00, 0x00, 0x00, 0x00, 0x00, 0x00, 0x00,
    0x7A, 0x50, 0xFF, 0xFF, 0x3A, 0xE0, 0x5E, 0x33, 0xA7, 0x5E, 0xFF, 0xFF, 0xA3, 0xEE, 0x55, 0x33,
    0x0A, 0x3A, 0xCC, 0x55, 0x00, 0xAA, 0x77, 0xCC, 0x00, 0xD0, 0xAA, 0xAA, 0x00, 0xBD, 0x3D, 0x33,
    0xEF, 0x7E, 0xA7, 0x00, 0x3F, 0xAE, 0xA3, 0x00, 0x33, 0xAE, 0xA3, 0x00, 0x53, 0xAE, 0xA3, 0x00,
    0xEE, 0x0A, 0x0A, 0x00, 0xA7, 0x0A, 0x00, 0x00, 0x5A, 0xEE, 0x0E, 0x00, 0xDD, 0x0F, 0xE0, 0xEE,
    0x00, 0x00, 0x00, 0x00, 0x00, 0x00, 0x00, 0x00, 0x00, 0x00, 0x00, 0x00, 0x00, 0x00, 0x00, 0x00,
    0x00, 0x00, 0x00, 0x0E, 0x00, 0x00, 0xEE, 0x00, 0x00, 0xEE, 0x00, 0x00, 0xEE, 0x00, 0x00, 0x00,
    0x00, 0x00, 0x00, 0x00, 0xE0, 0xEE, 0x00, 0x00, 0xCE, 0x5C, 0xEC, 0x00, 0xCE, 0xFF, 0xE5, 0xED,
    0xCE, 0xF3, 0xDF, 0xCB, 0xEE, 0x33, 0xBD, 0x3D, 0xEE, 0xC5, 0x5B, 0xFD, 0xE0, 0x5E, 0x5E, 0x3E,
    0xF0, 0xBB, 0xDB, 0xDF, 0xE0, 0xBD, 0xDD, 0xBF, 0x00, 0xFE, 0xFD, 0xF0, 0xE0, 0xEE, 0x0F, 0x00,
    0xEC, 0x0E, 0x00, 0x00, 0xEE, 0x0E, 0x00, 0x00, 0x3F, 0x0E, 0x00, 0x00, 0x5F, 0xEE, 0x00, 0x00,
    0xBB, 0xFD, 0xE0, 0x00, 0xBD, 0xDD, 0xEF, 0xFF, 0xBB, 0xDB, 0xEF, 0x5E, 0xBF, 0xFD, 0xCE, 0xFF,
    0xF0, 0xEE, 0xCC, 0xF3, 0x00, 0xBD, 0xBB, 0xBD, 0xE0, 0xCF, 0xCC, 0xDB, 0xE0, 0xE3, 0x5C, 0xD3,
    0x00, 0x00, 0x00, 0x00, 0x00, 0x00, 0x00, 0x00, 0x0E, 0x00, 0x00, 0x00, 0x0E, 0x00, 0x00, 0x00,
    0x0E, 0x00, 0x00, 0x00, 0x0E, 0x00, 0x00, 0x00, 0x0E, 0x00, 0x00, 0x00, 0x0E, 0x00, 0x00, 0x00,
    0x00, 0xEE, 0xEE, 0x3C, 0x00, 0x00, 0xEE, 0xEE, 0x00, 0x00, 0x00, 0xE0, 0x00, 0x00, 0x00, 0x00,
    0x00, 0x00, 0x00, 0x00, 0x00, 0x00, 0x00, 0x00, 0x00, 0x00, 0x00, 0x00, 0x00, 0x00, 0x00, 0x00,
    0xE3, 0xEE, 0x00, 0x00, 0xEE, 0x0E, 0x00, 0x00, 0xEE, 0x00, 0x00, 0x00, 0x00, 0x00, 0x00, 0x00,
    0x00, 0x00, 0x00, 0x00, 0x00, 0x00, 0x00, 0x00, 0x00, 0x00, 0x00, 0x00, 0x00, 0x00, 0x00, 0x00,
    0xE0, 0xEF, 0xFE, 0x3F, 0x00, 0xCE, 0x5C, 0x53, 0x00, 0xEE, 0xEC, 0xEE, 0x00, 0xE0, 0xEE, 0x0E,
    0x00, 0x00, 0x00, 0x00, 0x00, 0x00, 0x00, 0x00, 0x00, 0x00, 0x00, 0x00, 0x00, 0x00, 0x00, 0x00,
    0x0E, 0x00, 0x00, 0x00, 0x0C, 0x00, 0x00, 0x00, 0x00, 0x00, 0x00, 0x00, 0x00, 0x00, 0x00, 0x00,
    0x00, 0x00, 0x00, 0x00, 0x00, 0x00, 0x00, 0x00, 0x00, 0x00, 0x00, 0x00, 0x00, 0x00, 0x00, 0x00,
    0x00, 0x00, 0x00, 0x00, 0x00, 0x00, 0x00, 0x00, 0x00, 0x00, 0xA0, 0x0A, 0x00, 0x00, 0xA0, 0xA7,
    0x00, 0x00, 0xA0, 0x73, 0x00, 0x00, 0xA0, 0xA3, 0x00, 0x00, 0xA0, 0x07, 0x00, 0xA0, 0x7A, 0xA3,
    0xA0, 0x00, 0x00, 0x00, 0x70, 0x0A, 0x00, 0x00, 0x30, 0xA8, 0x00, 0x00, 0xAA, 0x6A, 0x06, 0x00,
    0x0A, 0x26, 0x62, 0x00, 0x60, 0x62, 0x06, 0x00, 0x26, 0x66, 0x62, 0x00, 0x26, 0x26, 0x26, 0x06,
    0x00, 0x8A, 0x37, 0xA3, 0x00, 0xA0, 0x7A, 0xA7, 0x00, 0x00, 0xA0, 0x0A, 0x00, 0x00, 0xA0, 0xA7,
    0x00, 0x00, 0xA0, 0x3A, 0x00, 0x00, 0xC0, 0xAC, 0x00, 0x00, 0xCC, 0xAE, 0x00, 0x00, 0xCC, 0xAE,
    0x26, 0x26, 0x62, 0x62, 0x26, 0x66, 0x62, 0x06, 0x26, 0x66, 0x66, 0x00, 0x66, 0x22, 0x62, 0x00,
    0x6A, 0x66, 0x06, 0x00, 0xA7, 0x0C, 0x00, 0x00, 0xA3, 0xEE, 0x00, 0x00, 0xA3, 0xEE, 0x00, 0x00,
    0x00, 0x00, 0xCC, 0xAE, 0x00, 0x00, 0xC0, 0xAC, 0x00, 0x00, 0xCC, 0xAC, 0x00, 0xC0, 0x44, 0xAC,
    0x00, 0x44, 0x42, 0x7A, 0x40, 0x22, 0x22, 0x3A, 0x23, 0xFF, 0xA2, 0xA7, 0x2F, 0xFF, 0xA2, 0xA7,
    0xA3, 0xEE, 0x00, 0x00, 0x83, 0xEA, 0x00, 0x00, 0x77, 0x0A, 0x00, 0x00, 0x73, 0x0A, 0xC0, 0xCC,
    0xA3, 0x0E, 0xCC, 0xEE, 0xEA, 0xEE, 0xEC, 0xEE, 0xEE, 0xEE, 0xEC, 0xEE, 0xEE, 0xEE, 0xEC, 0xEE,
    0x00, 0x00, 0x00, 0x00, 0x00, 0x00, 0x00, 0x00, 0x00, 0x00, 0x00, 0x00, 0x0C, 0x00, 0x00, 0x00,
    0xCE, 0x00, 0x00, 0x00, 0xEE, 0x0E, 0x00, 0x00, 0xEE, 0x0E, 0x00, 0x00, 0xEE, 0x0E, 0x00, 0x00,
};
static const u16 sSet9Frame0[] = {
    0x0006, 0x00E9, 0x81EC, 0x0000, 0x00D9, 0x41FC, 0x0010, 0x80F1, 0x000C, 0x0014, 0x00E1, 0x01F4,
    0x0016, 0x00E1, 0x000C, 0x0017, 0x0009, 0x01EC, 0x0018, 0x0000,
};
static const u16 sSet9Frame1[] = {
    0x0007, 0x40E7, 0x81F4, 0x0019, 0x00CF, 0x41FC, 0x0021, 0x40DF, 0x01F4, 0x0025, 0x40F7, 0x01F4,
    0x0027, 0x80F7, 0x0004, 0x0029, 0x00D7, 0x01F4, 0x002B, 0x00DF, 0x0004, 0x002C, 0x0000,
};
static const u16 sSet9Frame2[] = {
    0x0004, 0x00E7, 0x81F2, 0x002D, 0x00CF, 0x41FA, 0x003D, 0x40DF, 0x01FA, 0x0041, 0x00DF, 0x000A,
    0x0043, 0x0000,
};
static const void* const sSet9Frames[] = { sSet9Frame0, sSet9Frame1, sSet9Frame2 };

static const u16 sBattleAnim42[] = {
    0x0040, 0x0040, 0x0005, 0x0000, 0x0006, 0x0000, 0x0008, 0x0001, 0x002D, 0x0002, 0x000D, 0x0001,
    0x0006,
};
static const u8 sTiles10[] __attribute__((aligned(4))) = {
    0x00, 0x00, 0x00, 0x00, 0x50, 0x05, 0x00, 0x00, 0xF5, 0x5F, 0x05, 0x00, 0x5E, 0xF3, 0x53, 0x40,
    0xF5, 0x3F, 0x3F, 0x45, 0xE0, 0x3E, 0xF3, 0x25, 0x00, 0xE0, 0x53, 0x4F, 0x00, 0x50, 0x63, 0xEE,
    0x40, 0xE4, 0x44, 0xEE, 0x24, 0x24, 0x42, 0xE4, 0x24, 0x22, 0x22, 0xE4, 0x2F, 0x22, 0x22, 0x64,
    0x4F, 0xFF, 0x22, 0x64, 0x4E, 0xFF, 0x22, 0xF4, 0x4E, 0xFE, 0x42, 0xE4, 0x44, 0xFE, 0x42, 0x4F,
    0x0E, 0xC0, 0xCC, 0xEE, 0xEE, 0xC0, 0xEE, 0xEE, 0xEE, 0xCE, 0xEE, 0xEE, 0xEE, 0xEE, 0xEE, 0xEE,
    0xEE, 0xEE, 0xEE, 0xEE, 0xEE, 0xEE, 0xEE, 0xEE, 0xEE, 0xEE, 0xEE, 0x3E, 0xE4, 0xEE, 0xF5, 0x35,
    0x0C, 0x00, 0x00, 0x00, 0xEE, 0x00, 0x00, 0x00, 0xEE, 0x00, 0x00, 0x00, 0xEE, 0x00, 0x00, 0x00,
    0xEE, 0x00, 0x00, 0x00, 0x55, 0x00, 0x00, 0x00, 0x5F, 0x00, 0x00, 0x00, 0xF5, 0xE5, 0x00, 0x05,
    0x00, 0x35, 0xEF, 0xE5, 0x00, 0x55, 0x0E, 0xEE, 0x00, 0x00, 0x00, 0x40, 0x00, 0x00, 0x00, 0x00,
    0x00, 0x00, 0x00, 0x00, 0x00, 0x00, 0x00, 0x00, 0x00, 0x00, 0x00, 0x00, 0x00, 0x00, 0x00, 0x00,
    0x2E, 0x42, 0x24, 0x24, 0x24, 0x22, 0x44, 0x2F, 0x44, 0x44, 0xFF, 0x44, 0xF4, 0xFF, 0x44, 0xF4,
    0x00, 0x44, 0xFF, 0xE3, 0x00, 0x00, 0x5E, 0x5F, 0x00, 0xC0, 0x55, 0x5F, 0x00, 0x50, 0xFC, 0x55,
    0x42, 0x34, 0x5F, 0x53, 0xF4, 0x5E, 0xF3, 0xE3, 0xE4, 0xFF, 0x3C, 0x53, 0x3E, 0xBB, 0x5E, 0x33,
    0x3E, 0xDD, 0xEE, 0xE5, 0xEC, 0xF3, 0x0F, 0x00, 0xCC, 0xEE, 0x00, 0x00, 0xEC, 0x5E, 0x00, 0x00,
    0xFE, 0xF3, 0x05, 0x0E, 0xF3, 0xF5, 0x05, 0x0E, 0x3F, 0xFE, 0x05, 0x0E, 0x55, 0x3E, 0xEE, 0x00,
    0x0E, 0xEE, 0xE0, 0x00, 0x00, 0x00, 0x0E, 0x00, 0x00, 0xEE, 0x00, 0x00, 0xEE, 0x00, 0x00, 0x00,
    0x00, 0xC0, 0xF3, 0xEC, 0x00, 0x00, 0xFE, 0x3F, 0x00, 0xF0, 0xBB, 0xFD, 0x00, 0xF0, 0xBB, 0xDB,
    0x00, 0xF0, 0xBD, 0xED, 0x00, 0x00, 0xDF, 0xCF, 0x00, 0x00, 0xE0, 0xEE, 0x00, 0x00, 0xEE, 0xEE,
    0x3E, 0xE3, 0x55, 0xEE, 0xD3, 0xFF, 0x00, 0x00, 0xBF, 0xDD, 0x0F, 0x00, 0xDB, 0xBF, 0x0F, 0x00,
    0xEC, 0xBD, 0x0F, 0x00, 0xEC, 0xFF, 0x00, 0x00, 0xEE, 0xEE, 0x00, 0x00, 0xF3, 0xEB, 0x00, 0x00,
    0x00, 0x00, 0xCE, 0xCC, 0x00, 0xE0, 0xCC, 0xCC, 0x00, 0xE0, 0xCE, 0xCC, 0x00, 0xEE, 0xEE, 0xEE,
    0xE0, 0xED, 0x5E, 0x55, 0xE0, 0xBB, 0xDB, 0x35, 0xCC, 0xB5, 0xDC, 0xEE, 0xCC, 0xDF, 0x5B, 0xE3,
    0x3E, 0xBF, 0x0E, 0x00, 0xEC, 0xDF, 0x0E, 0x00, 0xEE, 0xE5, 0x0E, 0x00, 0xEE, 0xEE, 0x00, 0x00,
    0xE5, 0x0E, 0x00, 0x00, 0x0C, 0x00, 0x00, 0x00, 0x0E, 0x00, 0x00, 0x00, 0x00, 0x00, 0x00, 0x00,
    0x00, 0x00, 0xC0, 0xCC, 0x00, 0x00, 0xCC, 0xEE, 0x00, 0xC0, 0xEC, 0xEE, 0x00, 0xC0, 0xEC, 0xEE,
    0x00, 0xC0, 0xEC, 0xEE, 0x00, 0xC0, 0xEC, 0xEE, 0x00, 0x00, 0xCE, 0xEE, 0x00, 0xE6, 0xEE, 0xEE,
    0x0C, 0x00, 0x00, 0x00, 0xEE, 0x00, 0x00, 0x00, 0xEE, 0x0E, 0x00, 0x00, 0xEE, 0x0E, 0x00, 0x00,
    0xEE, 0x0E, 0x00, 0x00, 0xEE, 0x0E, 0x00, 0x00, 0xEE, 0x00, 0x00, 0x00, 0x0E, 0x00, 0xCC, 0xCC,
    0x5C, 0x3F, 0xFD, 0xE5, 0xCE, 0xF5, 0xEE, 0x0E, 0xE0, 0x55, 0xE5, 0x00, 0x00, 0xEE, 0x0E, 0x00,
    0x00, 0x00, 0x00, 0x00, 0x00, 0x00, 0x00, 0x00, 0x00, 0x00, 0x00, 0x00, 0x00, 0x00, 0x00, 0x00,
};
static const u16 sSet10Frame0[] = {
    0x0004, 0x40DE, 0x81F5, 0x0000, 0x00EE, 0x41FD, 0x0008, 0x40D6, 0x01FD, 0x000C, 0x00FE, 0x01FD,
    0x000E, 0x0000,
};
static const void* const sSet10Frames[] = { sSet10Frame0 };

static const u16 sBattleAnim43[] = {
    0x0040, 0x0040, 0x0007, 0x0000, 0x0006, 0x0000, 0x0005, 0x0000, 0x0007, 0x0000, 0x0009, 0x0000,
    0x000A, 0x0000, 0x001E, 0x0000, 0x0006,
};
static const u8 sTiles11[] __attribute__((aligned(4))) = {
    0x00, 0x00, 0x00, 0x00, 0x50, 0x05, 0x00, 0x00, 0xF5, 0x5F, 0x05, 0x00, 0x5E, 0xF3, 0x53, 0x40,
    0xF5, 0x3F, 0x3F, 0x45, 0xE0, 0x3E, 0xF3, 0x25, 0x00, 0xE0, 0x53, 0x4F, 0x00, 0x50, 0x63, 0xEE,
    0x40, 0xE4, 0x44, 0xEE, 0x24, 0x24, 0x42, 0xE4, 0x24, 0x22, 0x22, 0xE4, 0x2F, 0x22, 0x22, 0x64,
    0x4F, 0xFF, 0x22, 0x64, 0x4E, 0xFF, 0x22, 0xF4, 0x4E, 0xFE, 0x42, 0xE4, 0x44, 0xFE, 0x42, 0x4F,
    0x0E, 0xC0, 0xCC, 0xEE, 0xEE, 0xC0, 0xEE, 0xEE, 0xEE, 0xCE, 0xEE, 0xEE, 0xEE, 0xEE, 0xEE, 0xEE,
    0xEE, 0xEE, 0xEE, 0xEE, 0xEE, 0xEE, 0xEE, 0xEE, 0xEE, 0xEE, 0xEE, 0x3E, 0xE4, 0xEE, 0xF5, 0x35,
    0x0C, 0x00, 0x00, 0x00, 0xEE, 0x00, 0x00, 0x00, 0xEE, 0x00, 0x00, 0x00, 0xEE, 0x00, 0x00, 0x00,
    0xEE, 0x00, 0x00, 0x00, 0x55, 0x00, 0x00, 0x00, 0x5F, 0x00, 0x00, 0x00, 0xF5, 0xE5, 0x00, 0x05,
    0x00, 0x35, 0xEF, 0xE5, 0x00, 0x55, 0x0E, 0xEE, 0x00, 0x00, 0x00, 0x40, 0x00, 0x00, 0x00, 0x00,
    0x00, 0x00, 0x00, 0x00, 0x00, 0x00, 0x00, 0x00, 0x00, 0x00, 0x00, 0x00, 0x00, 0x00, 0x00, 0x00,
    0x2E, 0x42, 0x24, 0x24, 0x24, 0x22, 0x44, 0x2F, 0x44, 0x44, 0xFF, 0x44, 0xF4, 0xFF, 0x44, 0xF4,
    0x00, 0x44, 0xFF, 0xE3, 0x00, 0x00, 0x5E, 0x5F, 0x00, 0xC0, 0x55, 0x5F, 0x00, 0x50, 0xFC, 0x55,
    0x42, 0x34, 0x5F, 0x53, 0xF4, 0x5E, 0xF3, 0xE3, 0xE4, 0xFF, 0x3C, 0x53, 0x3E, 0xBB, 0x5E, 0x33,
    0x3E, 0xDD, 0xEE, 0xE5, 0xEC, 0xF3, 0x0F, 0x00, 0xCC, 0xEE, 0x00, 0x00, 0xEC, 0x5E, 0x00, 0x00,
    0xFE, 0xF3, 0x05, 0x0E, 0xF3, 0xF5, 0x05, 0x0E, 0x3F, 0xFE, 0x05, 0x0E, 0x55, 0x3E, 0xEE, 0x00,
    0x0E, 0xEE, 0xE0, 0x00, 0x00, 0x00, 0x0E, 0x00, 0x00, 0xEE, 0x00, 0x00, 0xEE, 0x00, 0x00, 0x00,
    0x00, 0xC0, 0xF3, 0xEC, 0x00, 0x00, 0xFE, 0x3F, 0x00, 0xF0, 0xBB, 0xFD, 0x00, 0xF0, 0xBB, 0xDB,
    0x00, 0xF0, 0xBD, 0xED, 0x00, 0x00, 0xDF, 0xCF, 0x00, 0x00, 0xE0, 0xEE, 0x00, 0x00, 0xEE, 0xEE,
    0x3E, 0xE3, 0x55, 0xEE, 0xD3, 0xFF, 0x00, 0x00, 0xBF, 0xDD, 0x0F, 0x00, 0xDB, 0xBF, 0x0F, 0x00,
    0xEC, 0xBD, 0x0F, 0x00, 0xEC, 0xFF, 0x00, 0x00, 0xEE, 0xEE, 0x00, 0x00, 0xF3, 0xEB, 0x00, 0x00,
    0x00, 0x00, 0xCE, 0xCC, 0x00, 0xE0, 0xCC, 0xCC, 0x00, 0xE0, 0xCE, 0xCC, 0x00, 0xEE, 0xEE, 0xEE,
    0xE0, 0xED, 0x5E, 0x55, 0xE0, 0xBB, 0xDB, 0x35, 0xCC, 0xB5, 0xDC, 0xEE, 0xCC, 0xDF, 0x5B, 0xE3,
    0x3E, 0xBF, 0x0E, 0x00, 0xEC, 0xDF, 0x0E, 0x00, 0xEE, 0xE5, 0x0E, 0x00, 0xEE, 0xEE, 0x00, 0x00,
    0xE5, 0x0E, 0x00, 0x00, 0x0C, 0x00, 0x00, 0x00, 0x0E, 0x00, 0x00, 0x00, 0x00, 0x00, 0x00, 0x00,
    0x00, 0x00, 0xC0, 0xCC, 0x00, 0x00, 0xCC, 0xEE, 0x00, 0xC0, 0xEC, 0xEE, 0x00, 0xC0, 0xEC, 0xEE,
    0x00, 0xC0, 0xEC, 0xEE, 0x00, 0xC0, 0xEC, 0xEE, 0x00, 0x00, 0xCE, 0xEE, 0x00, 0xE6, 0xEE, 0xEE,
    0x0C, 0x00, 0x00, 0x00, 0xEE, 0x00, 0x00, 0x00, 0xEE, 0x0E, 0x00, 0x00, 0xEE, 0x0E, 0x00, 0x00,
    0xEE, 0x0E, 0x00, 0x00, 0xEE, 0x0E, 0x00, 0x00, 0xEE, 0x00, 0x00, 0x00, 0x0E, 0x00, 0xCC, 0xCC,
    0x5C, 0x3F, 0xFD, 0xE5, 0xCE, 0xF5, 0xEE, 0x0E, 0xE0, 0x55, 0xE5, 0x00, 0x00, 0xEE, 0x0E, 0x00,
    0x00, 0x00, 0x00, 0x00, 0x00, 0x00, 0x00, 0x00, 0x00, 0x00, 0x00, 0x00, 0x00, 0x00, 0x00, 0x00,
    0xF0, 0x2E, 0xFE, 0x22, 0xF5, 0x44, 0x44, 0x44, 0x35, 0x44, 0x22, 0x42, 0xC5, 0x4E, 0x42, 0x44,
    0xE5, 0xE5, 0x44, 0xF4, 0xF5, 0xEE, 0xFF, 0x0F, 0x50, 0x53, 0x00, 0x00, 0x00, 0x05, 0x00, 0x00,
    0xE4, 0x44, 0x5C, 0x5F, 0x22, 0x4F, 0xEE, 0xF5, 0xF4, 0x44, 0xCC, 0x3E, 0x4F, 0xCF, 0xCC, 0xEC,
    0xFF, 0xFC, 0x35, 0xE5, 0xF0, 0xDB, 0xCF, 0xDE, 0xBF, 0xBD, 0xFD, 0xBF, 0xDF, 0xDB, 0x0F, 0xDF,
    0xFF, 0x0C, 0x00, 0x00, 0xF3, 0xEF, 0x00, 0x00, 0xFE, 0x33, 0x05, 0x00, 0x3F, 0xF5, 0x05, 0x00,
    0x53, 0xFF, 0x05, 0x00, 0x5E, 0x5F, 0x00, 0xE0, 0xFC, 0x0E, 0xE0, 0x0E, 0xFD, 0xEE, 0x0E, 0x00,
    0xE0, 0x00, 0x00, 0x00, 0xE0, 0x00, 0x00, 0x00, 0xE0, 0x00, 0x00, 0x00, 0x0E, 0x00, 0x00, 0x00,
    0x0E, 0x00, 0x00, 0x00, 0x00, 0x00, 0x00, 0x00, 0x00, 0x00, 0x00, 0x00, 0x00, 0x00, 0x00, 0x00,
    0x00, 0x00, 0xB5, 0x0D, 0x00, 0xC5, 0xEC, 0xDB, 0xC0, 0xEE, 0x3F, 0xDB, 0xE0, 0xCE, 0x5F, 0xDB,
    0xE0, 0xCE, 0xB5, 0xFD, 0x00, 0xEE, 0xDC, 0x5D, 0x00, 0xE0, 0xEE, 0xEE, 0x00, 0x00, 0x00, 0x00,
    0x5C, 0xEE, 0x05, 0xEF, 0xC5, 0xFE, 0x0F, 0x5D, 0xEE, 0xF3, 0xEF, 0xF0, 0x3D, 0x5F, 0xEF, 0x5F,
    0x5D, 0xE5, 0x0E, 0x5E, 0xED, 0xEE, 0x00, 0xEE, 0xEE, 0x00, 0x00, 0xE0, 0x00, 0x00, 0x00, 0xE0,
    0xEE, 0x00, 0x00, 0x00, 0xEE, 0x05, 0x00, 0x00, 0xC3, 0xFC, 0x05, 0x00, 0x3F, 0xEE, 0xBB, 0x53,
    0xBF, 0xBD, 0xED, 0x3E, 0xDB, 0xDB, 0xE3, 0xEE, 0xFD, 0xDB, 0x3F, 0xEE, 0x5E, 0x5D, 0xC5, 0xEC,
    0x00, 0x00, 0x00, 0x00, 0x00, 0x00, 0x00, 0x00, 0x00, 0x00, 0x00, 0x00, 0x00, 0x00, 0x00, 0x00,
    0x05, 0x00, 0x00, 0x00, 0x0E, 0x00, 0x00, 0x00, 0x0E, 0x00, 0x00, 0x00, 0x0E, 0x00, 0x00, 0x00,
    0x00, 0x00, 0xC0, 0xCC, 0x00, 0x00, 0xCC, 0xEE, 0x00, 0xC0, 0xEC, 0xEE, 0x00, 0xC0, 0xEC, 0xEE,
    0x00, 0xC0, 0xEC, 0xEE, 0x00, 0xC0, 0xEC, 0xEE, 0x00, 0x00, 0xCE, 0xEE, 0x00, 0x00, 0xC0, 0xCC,
    0x0C, 0x00, 0x00, 0x00, 0xEE, 0x00, 0x00, 0x00, 0xEE, 0x0E, 0x00, 0x00, 0xEE, 0x0E, 0x00, 0x00,
    0xEE, 0x0E, 0x00, 0x00, 0xEE, 0x0E, 0x00, 0xCC, 0xEE, 0x00, 0xC0, 0xEC, 0xEE, 0x0E, 0xC0, 0xEE,
    0x00, 0x00, 0xEE, 0xEE, 0x00, 0xC0, 0xEE, 0xEE, 0x00, 0x4C, 0x46, 0xC4, 0x00, 0x24, 0x24, 0x42,
    0x40, 0x22, 0x22, 0x42, 0x40, 0x2F, 0xFF, 0x22, 0x40, 0x2F, 0xFF, 0x22, 0x40, 0x2E, 0xFE, 0x22,
    0xEE, 0xEE, 0xCE, 0xEE, 0xEE, 0xEE, 0xCE, 0xEE, 0xEE, 0xEE, 0xCE, 0xEE, 0xEC, 0xEE, 0xEE, 0xEC,
    0xE4, 0xEE, 0xEE, 0xE0, 0xE4, 0xEE, 0xEE, 0x00, 0xC4, 0xEE, 0xEE, 0x00, 0xC4, 0xEE, 0xCE, 0xEC,
    0x00, 0x00, 0x00, 0x00, 0x00, 0x00, 0x00, 0x00, 0x00, 0x00, 0x00, 0x00, 0x00, 0x00, 0x00, 0x00,
    0x00, 0x00, 0x00, 0x00, 0xCC, 0x00, 0x00, 0x00, 0xEE, 0x0C, 0x00, 0x00, 0xEE, 0xCE, 0x00, 0x00,
    0xEE, 0xCE, 0x00, 0x00, 0xEE, 0xCE, 0x00, 0x00, 0xEE, 0xCE, 0x00, 0x00, 0xEE, 0x0E, 0x00, 0x00,
    0xEE, 0x00, 0x00, 0x00, 0x00, 0x00, 0x00, 0x00, 0x00, 0x00, 0x00, 0x00, 0xCC, 0x00, 0x00, 0x00,
    0xEE, 0xEE, 0xEE, 0xEE, 0x00, 0xEE, 0xEE, 0x00, 0x00, 0x00, 0x00, 0x00, 0x00, 0x00, 0x00, 0x00,
    0x00, 0x00, 0x00, 0x00, 0x00, 0x00, 0x00, 0x00, 0x00, 0x00, 0x00, 0x00, 0x00, 0x00, 0x00, 0x00,
};
static const u16 sSet11Frame0[] = {
    0x0004, 0x40DE, 0x81F5, 0x0000, 0x00EE, 0x41FD, 0x0008, 0x40D6, 0x01FD, 0x000C, 0x00FE, 0x01FD,
    0x000E, 0x0000,
};
static const u16 sSet11Frame1[] = {
    0x0004, 0x40F1, 0x81F4, 0x000F, 0x00E1, 0x41F4, 0x0017, 0x80E1, 0x0004, 0x001B, 0x0001, 0x0004,
    0x001D, 0x0000,
};
static const void* const sSet11Frames[] = { sSet11Frame0, sSet11Frame1 };

static const u16 sBattleAnim44[] = {
    0x0040, 0x0040, 0x0007, 0x0000, 0x0006, 0x0000, 0x0005, 0x0000, 0x0007, 0x0000, 0x0009, 0x0000,
    0x000A, 0x0000, 0x0028, 0x0001, 0x0006,
};
static const u16 sBattleAnim45[] = {
    0x0040, 0x0040, 0x0006, 0x0000, 0x0006, 0x0000, 0x0005, 0x0000, 0x0007, 0x0000, 0x0009, 0x0000,
    0x000A, 0x0001, 0x001E,
};
static const u8 sTiles12[] __attribute__((aligned(4))) = {
    0xF0, 0x2E, 0xFE, 0x22, 0xF5, 0x44, 0x44, 0x44, 0x35, 0x44, 0x22, 0x42, 0xC5, 0x4E, 0x42, 0x44,
    0xE5, 0xE5, 0x44, 0xF4, 0xF5, 0xEE, 0xFF, 0x0F, 0x50, 0x53, 0x00, 0x00, 0x00, 0x05, 0x00, 0x00,
    0xE4, 0x44, 0x5C, 0x5F, 0x22, 0x4F, 0xEE, 0xF5, 0xF4, 0x44, 0xCC, 0x3E, 0x4F, 0xCF, 0xCC, 0xEC,
    0xFF, 0xFC, 0x35, 0xE5, 0xF0, 0xDB, 0xCF, 0xDE, 0xBF, 0xBD, 0xFD, 0xBF, 0xDF, 0xDB, 0x0F, 0xDF,
    0xFF, 0x0C, 0x00, 0x00, 0xF3, 0xEF, 0x00, 0x00, 0xFE, 0x33, 0x05, 0x00, 0x3F, 0xF5, 0x05, 0x00,
    0x53, 0xFF, 0x05, 0x00, 0x5E, 0x5F, 0x00, 0xE0, 0xFC, 0x0E, 0xE0, 0x0E, 0xFD, 0xEE, 0x0E, 0x00,
    0xE0, 0x00, 0x00, 0x00, 0xE0, 0x00, 0x00, 0x00, 0xE0, 0x00, 0x00, 0x00, 0x0E, 0x00, 0x00, 0x00,
    0x0E, 0x00, 0x00, 0x00, 0x00, 0x00, 0x00, 0x00, 0x00, 0x00, 0x00, 0x00, 0x00, 0x00, 0x00, 0x00,
    0x00, 0x00, 0xB5, 0x0D, 0x00, 0xC5, 0xEC, 0xDB, 0xC0, 0xEE, 0x3F, 0xDB, 0xE0, 0xCE, 0x5F, 0xDB,
    0xE0, 0xCE, 0xB5, 0xFD, 0x00, 0xEE, 0xDC, 0x5D, 0x00, 0xE0, 0xEE, 0xEE, 0x00, 0x00, 0x00, 0x00,
    0x5C, 0xEE, 0x05, 0xEF, 0xC5, 0xFE, 0x0F, 0x5D, 0xEE, 0xF3, 0xEF, 0xF0, 0x3D, 0x5F, 0xEF, 0x5F,
    0x5D, 0xE5, 0x0E, 0x5E, 0xED, 0xEE, 0x00, 0xEE, 0xEE, 0x00, 0x00, 0xE0, 0x00, 0x00, 0x00, 0xE0,
    0xEE, 0x00, 0x00, 0x00, 0xEE, 0x05, 0x00, 0x00, 0xC3, 0xFC, 0x05, 0x00, 0x3F, 0xEE, 0xBB, 0x53,
    0xBF, 0xBD, 0xED, 0x3E, 0xDB, 0xDB, 0xE3, 0xEE, 0xFD, 0xDB, 0x3F, 0xEE, 0x5E, 0x5D, 0xC5, 0xEC,
    0x00, 0x00, 0x00, 0x00, 0x00, 0x00, 0x00, 0x00, 0x00, 0x00, 0x00, 0x00, 0x00, 0x00, 0x00, 0x00,
    0x05, 0x00, 0x00, 0x00, 0x0E, 0x00, 0x00, 0x00, 0x0E, 0x00, 0x00, 0x00, 0x0E, 0x00, 0x00, 0x00,
    0x00, 0x00, 0xC0, 0xCC, 0x00, 0x00, 0xCC, 0xEE, 0x00, 0xC0, 0xEC, 0xEE, 0x00, 0xC0, 0xEC, 0xEE,
    0x00, 0xC0, 0xEC, 0xEE, 0x00, 0xC0, 0xEC, 0xEE, 0x00, 0x00, 0xCE, 0xEE, 0x00, 0x00, 0xC0, 0xCC,
    0x0C, 0x00, 0x00, 0x00, 0xEE, 0x00, 0x00, 0x00, 0xEE, 0x0E, 0x00, 0x00, 0xEE, 0x0E, 0x00, 0x00,
    0xEE, 0x0E, 0x00, 0x00, 0xEE, 0x0E, 0x00, 0xCC, 0xEE, 0x00, 0xC0, 0xEC, 0xEE, 0x0E, 0xC0, 0xEE,
    0x00, 0x00, 0xEE, 0xEE, 0x00, 0xC0, 0xEE, 0xEE, 0x00, 0x4C, 0x46, 0xC4, 0x00, 0x24, 0x24, 0x42,
    0x40, 0x22, 0x22, 0x42, 0x40, 0x2F, 0xFF, 0x22, 0x40, 0x2F, 0xFF, 0x22, 0x40, 0x2E, 0xFE, 0x22,
    0xEE, 0xEE, 0xCE, 0xEE, 0xEE, 0xEE, 0xCE, 0xEE, 0xEE, 0xEE, 0xCE, 0xEE, 0xEC, 0xEE, 0xEE, 0xEC,
    0xE4, 0xEE, 0xEE, 0xE0, 0xE4, 0xEE, 0xEE, 0x00, 0xC4, 0xEE, 0xEE, 0x00, 0xC4, 0xEE, 0xCE, 0xEC,
    0x00, 0x00, 0x00, 0x00, 0x00, 0x00, 0x00, 0x00, 0x00, 0x00, 0x00, 0x00, 0x00, 0x00, 0x00, 0x00,
    0x00, 0x00, 0x00, 0x00, 0xCC, 0x00, 0x00, 0x00, 0xEE, 0x0C, 0x00, 0x00, 0xEE, 0xCE, 0x00, 0x00,
    0xEE, 0xCE, 0x00, 0x00, 0xEE, 0xCE, 0x00, 0x00, 0xEE, 0xCE, 0x00, 0x00, 0xEE, 0x0E, 0x00, 0x00,
    0xEE, 0x00, 0x00, 0x00, 0x00, 0x00, 0x00, 0x00, 0x00, 0x00, 0x00, 0x00, 0xCC, 0x00, 0x00, 0x00,
    0xEE, 0xEE, 0xEE, 0xEE, 0x00, 0xEE, 0xEE, 0x00, 0x00, 0x00, 0x00, 0x00, 0x00, 0x00, 0x00, 0x00,
    0x00, 0x00, 0x00, 0x00, 0x00, 0x00, 0x00, 0x00, 0x00, 0x00, 0x00, 0x00, 0x00, 0x00, 0x00, 0x00,
    0x00, 0x00, 0x00, 0x00, 0x00, 0x00, 0x00, 0x00, 0x00, 0x00, 0x00, 0x00, 0x00, 0x00, 0x00, 0x00,
    0x00, 0x00, 0x00, 0x00, 0x00, 0x00, 0x00, 0x00, 0x00, 0x00, 0x00, 0x00, 0x00, 0x00, 0x00, 0x50,
    0x00, 0x00, 0x5E, 0xEE, 0x00, 0x00, 0xE0, 0x4E, 0x00, 0x00, 0x00, 0x44, 0x00, 0x00, 0x00, 0x40,
    0x00, 0x00, 0x00, 0xF0, 0x50, 0x55, 0x00, 0xDE, 0xF5, 0x3F, 0xEC, 0xFE, 0x3F, 0xF5, 0x5F, 0x0E,
    0x22, 0x44, 0x42, 0x22, 0x22, 0x42, 0x6F, 0x42, 0x44, 0xF4, 0xFF, 0x44, 0xFF, 0x4F, 0x44, 0xCF,
    0x4F, 0xF4, 0xDF, 0xEF, 0xE3, 0x5F, 0xAE, 0xCA, 0xCE, 0xAF, 0xAA, 0x33, 0x5E, 0xAF, 0x73, 0xDA,
    0x04, 0x00, 0x00, 0x00, 0x06, 0x00, 0x00, 0x00, 0x00, 0x00, 0x00, 0x00, 0x00, 0x00, 0x00, 0x00,
    0x5C, 0x00, 0x00, 0x00, 0xDF, 0xAF, 0x00, 0x00, 0xFB, 0xEE, 0xAA, 0x00, 0xFD, 0xEE, 0x7E, 0x0A,
    0x00, 0x00, 0x00, 0x50, 0x00, 0x00, 0x00, 0x00, 0x00, 0x00, 0x00, 0x00, 0x00, 0x00, 0x00, 0x00,
    0x00, 0x00, 0x00, 0x00, 0x00, 0x00, 0x00, 0x00, 0x00, 0x00, 0x00, 0x00, 0x00, 0x00, 0x00, 0x00,
    0x5F, 0x3F, 0x5E, 0xE0, 0x35, 0xEE, 0xE5, 0x50, 0xFE, 0xE3, 0x0E, 0xE0, 0xE0, 0x0E, 0x00, 0x00,
    0x00, 0x00, 0x00, 0xF0, 0x00, 0x00, 0x00, 0xF0, 0x00, 0x00, 0x00, 0x00, 0x00, 0x00, 0x00, 0x00,
    0xFC, 0xA5, 0x73, 0xCA, 0xFC, 0xA5, 0xA7, 0x53, 0xFF, 0xAC, 0xAA, 0xDC, 0xFF, 0x3F, 0xAA, 0xDA,
    0xBB, 0xDD, 0x6A, 0xD2, 0xBD, 0xAB, 0x2A, 0xA6, 0xDF, 0xAF, 0xA7, 0xAA, 0xE0, 0xAE, 0x7A, 0xAA,
    0x0F, 0x35, 0xE5, 0xA7, 0x50, 0xF3, 0x5F, 0xA7, 0x35, 0x3F, 0x33, 0xA5, 0xF3, 0xFF, 0x3F, 0xA5,
    0xF5, 0xF3, 0xF3, 0xAE, 0xFD, 0x35, 0xE5, 0xA7, 0xEA, 0xEE, 0xAE, 0xA3, 0x26, 0xEA, 0xA0, 0x3A,
    0x00, 0x00, 0x00, 0x00, 0x00, 0x00, 0x00, 0x00, 0x00, 0x00, 0x00, 0x00, 0x00, 0x00, 0x00, 0x00,
    0x00, 0x60, 0x60, 0x66, 0x00, 0x26, 0x66, 0x22, 0x60, 0x22, 0x06, 0x26, 0x00, 0x26, 0x62, 0x26,
    0x00, 0x50, 0xDB, 0x00, 0x50, 0xCC, 0xAE, 0xAA, 0xEC, 0xFE, 0x7A, 0x33, 0xEE, 0xFC, 0x7A, 0xA3,
    0xEE, 0xAC, 0x37, 0xDA, 0xE6, 0x3A, 0xA3, 0xD3, 0xA6, 0x37, 0xEA, 0xEE, 0xA6, 0xA3, 0x00, 0x00,
    0xE3, 0x7A, 0xB3, 0xA7, 0xAA, 0x77, 0xAA, 0x7A, 0x73, 0xAA, 0x0E, 0xAF, 0xAA, 0xF3, 0xFE, 0xF3,
    0x33, 0xEE, 0xE0, 0xF3, 0xEE, 0x0E, 0xE0, 0xBE, 0x0E, 0x00, 0x00, 0xDE, 0x00, 0x00, 0x00, 0xEE,
    0x62, 0xAA, 0x7A, 0xA7, 0xAA, 0xAA, 0x37, 0xA3, 0xCA, 0x3F, 0xAA, 0xAA, 0xE3, 0xBE, 0x3B, 0x03,
    0xDB, 0xDB, 0xEE, 0x33, 0xBD, 0x3D, 0xEE, 0xEE, 0xBF, 0xFD, 0xE3, 0xEE, 0xD3, 0x33, 0xCC, 0xEE,
    0x66, 0x60, 0x66, 0x62, 0x26, 0x66, 0x26, 0x62, 0x26, 0x22, 0x62, 0xA6, 0x66, 0x66, 0x06, 0x3A,
    0xAA, 0x00, 0x3A, 0x77, 0x7A, 0xAA, 0x73, 0xA3, 0xAA, 0xA0, 0xA7, 0x0A, 0x0A, 0xA0, 0xA7, 0x00,
    0x3A, 0x0A, 0x00, 0x00, 0xA0, 0xA7, 0x00, 0x00, 0x7A, 0xAA, 0x00, 0x00, 0xA3, 0x00, 0x00, 0x00,
    0x77, 0x0A, 0x00, 0x00, 0x7A, 0x0A, 0x00, 0x00, 0xA0, 0x0A, 0x00, 0x00, 0x00, 0x00, 0x00, 0x00,
    0x00, 0x00, 0x00, 0xE0, 0x00, 0x00, 0x00, 0x00, 0x00, 0x00, 0x00, 0x00, 0x00, 0x00, 0x00, 0x00,
    0x00, 0x00, 0x00, 0x00, 0x00, 0x00, 0x00, 0x00, 0x00, 0x00, 0x00, 0x00, 0x00, 0x00, 0x00, 0x00,
    0xEE, 0xEE, 0xEE, 0x0E, 0xE0, 0xEE, 0x0E, 0x00, 0x00, 0x00, 0x00, 0x00, 0x00, 0x00, 0x00, 0x00,
    0x00, 0x00, 0x00, 0x00, 0x00, 0x00, 0x00, 0x00, 0x00, 0x00, 0x00, 0x00, 0x00, 0x00, 0x00, 0x00,
    0x00, 0x00, 0xCC, 0xCC, 0x00, 0xC0, 0xEC, 0xEE, 0x00, 0xCC, 0xEE, 0xEE, 0x00, 0xCC, 0xEE, 0xEE,
    0x00, 0xCC, 0xEE, 0xEE, 0x00, 0xCC, 0xEE, 0xEE, 0x00, 0xE0, 0xEC, 0xEE, 0xE0, 0xEE, 0xEE, 0x0E,
    0x00, 0x00, 0x00, 0x00, 0x0E, 0x00, 0x00, 0x00, 0xEE, 0x00, 0x00, 0x00, 0xEE, 0x00, 0x00, 0x00,
    0xEE, 0x00, 0x00, 0x00, 0xEE, 0x00, 0x00, 0x00, 0x0E, 0x00, 0x00, 0x00, 0x00, 0xC0, 0xCC, 0x0C,
    0xCE, 0xEE, 0xEE, 0xEE, 0xEC, 0xEE, 0xEE, 0xEE, 0xEE, 0x2E, 0xE2, 0xEE, 0xEE, 0x22, 0x42, 0xEE,
    0xF4, 0x2F, 0x42, 0xEE, 0xF4, 0x2F, 0x42, 0xEE, 0xE4, 0x2F, 0x64, 0xEE, 0xE4, 0x2F, 0x64, 0x44,
    0x00, 0xCC, 0xEC, 0xCE, 0x0E, 0xEC, 0xEE, 0xEE, 0xEE, 0xEC, 0xEE, 0xEE, 0xEE, 0xEE, 0xEE, 0xEE,
    0xEE, 0xEE, 0xEE, 0xEE, 0xEE, 0xEE, 0xEE, 0xEE, 0xEE, 0xE0, 0xEE, 0x0E, 0xEE, 0x00, 0x00, 0x00,
    0x00, 0x00, 0x00, 0x00, 0x00, 0x00, 0x00, 0x00, 0x0A, 0x00, 0x00, 0x00, 0x0A, 0x00, 0x00, 0x00,
    0x00, 0x00, 0x00, 0x00, 0xAA, 0x00, 0x00, 0x00, 0xA3, 0x00, 0x00, 0x00, 0x0A, 0x00, 0x00, 0x00,
    0xEA, 0x00, 0x00, 0x00, 0x0E, 0x00, 0x00, 0x00, 0x00, 0x00, 0x00, 0x00, 0x00, 0x00, 0x00, 0x00,
    0x00, 0x00, 0x00, 0x00, 0x00, 0x00, 0x00, 0x00, 0x00, 0x00, 0x00, 0x00, 0x00, 0x00, 0x00, 0x00,
    0x00, 0x00, 0x00, 0x00, 0x00, 0x00, 0x00, 0xE0, 0x00, 0x00, 0x00, 0xE0, 0x00, 0x00, 0x00, 0xF4,
    0x00, 0x00, 0x00, 0xF4, 0x00, 0x00, 0x00, 0xE2, 0x00, 0x00, 0x60, 0xE4, 0x00, 0x00, 0xE6, 0x4E,
    0x00, 0x00, 0x00, 0x00, 0x0E, 0x00, 0x00, 0x00, 0x0E, 0x00, 0x00, 0x00, 0x0E, 0x00, 0x00, 0x00,
    0x0E, 0x00, 0x00, 0x00, 0x00, 0x00, 0x00, 0x00, 0x00, 0x00, 0x00, 0x00, 0x00, 0x00, 0x00, 0x00,
    0x00, 0xA0, 0x0A, 0x00, 0x00, 0x00, 0x00, 0x00, 0x00, 0x00, 0x00, 0x00, 0x00, 0x00, 0x00, 0x00,
    0x00, 0x00, 0x00, 0x00, 0x00, 0x00, 0x00, 0x00, 0x00, 0x00, 0x00, 0x00, 0x00, 0x00, 0x00, 0x00,
};
static const u16 sSet12Frame0[] = {
    0x0004, 0x40F1, 0x81F4, 0x0000, 0x00E1, 0x41F4, 0x0008, 0x80E1, 0x0004, 0x000C, 0x0001, 0x0004,
    0x000E, 0x0000,
};
static const u16 sSet12Frame1[] = {
    0x0006, 0x00E9, 0x81EC, 0x000F, 0x00D9, 0x41FC, 0x001F, 0x80F1, 0x000C, 0x0023, 0x00E1, 0x01F4,
    0x0025, 0x00E1, 0x000C, 0x0026, 0x0009, 0x01EC, 0x0027, 0x0000,
};
static const void* const sSet12Frames[] = { sSet12Frame0, sSet12Frame1 };

static const u16 sBattleAnim46[] = {
    0x0040, 0x0040, 0x0001, 0x0000, 0x0006,
};
static const u16 sBattleAnim47[] = {
    0x0040, 0x0040, 0x0005, 0x0000, 0x0005, 0x0000, 0x0005, 0x0001, 0x0009, 0x0002, 0x000A, 0x0001,
    0x0009,
};
static const u16 sBattleAnim48[] = {
    0x0040, 0x0040, 0x0005, 0x0000, 0x0006, 0x0000, 0x0006, 0x0001, 0x000B, 0x0002, 0x000C, 0x0001,
    0x000B,
};
static const u16 sBattleAnim49[] = {
    0x0040, 0x0040, 0x0005, 0x0000, 0x0008, 0x0000, 0x0008, 0x0001, 0x000D, 0x0002, 0x000F, 0x0001,
    0x000C,
};
static const u16 sBattleAnim50[] = {
    0x0040, 0x0040, 0x0005, 0x0000, 0x0009, 0x0000, 0x000B, 0x0001, 0x000E, 0x0002, 0x000F, 0x0001,
    0x000C,
};
static const u16 sBattleAnim51[] = {
    0x0040, 0x0040, 0x0007, 0x0000, 0x0006, 0x0000, 0x0008, 0x0000, 0x0006, 0x0000, 0x0007, 0x0000,
    0x0007, 0x0000, 0x0007, 0x0000, 0x0007,
};
static const u16 sBattleAnim52[] = {
    0x0040, 0x0040, 0x0007, 0x0000, 0x0008, 0x0000, 0x000A, 0x0000, 0x0008, 0x0001, 0x000E, 0x0001,
    0x0012, 0x0001, 0x0008, 0x0002, 0x000C,
};
static const u16 sBattleAnim53[] = {
    0x0040, 0x0040, 0x0006, 0x0000, 0x0008, 0x0000, 0x0007, 0x0000, 0x0006, 0x0001, 0x0006, 0x0001,
    0x0007, 0x0002, 0x0008,
};
static const u16 sBattleAnim54[] = {
    0x0040, 0x0040, 0x0004, 0x0000, 0x0004, 0x0000, 0x0005, 0x0001, 0x0006, 0x0002, 0x0008,
};
static const u16 sBattleAnim55[] = {
    0x0040, 0x0040, 0x0005, 0x0000, 0x0006, 0x0000, 0x0006, 0x0001, 0x0008, 0x0001, 0x000C, 0x0002,
    0x000A,
};
static const u16 sBattleAnim56[] = {
    0x0040, 0x0040, 0x0001, 0x0000, 0x0004,
};
static const u16 sBattleAnim57[] = {
    0x0040, 0x0040, 0x0006, 0x0000, 0x0004, 0x0000, 0x0003, 0x0000, 0x0005, 0x0001, 0x0008, 0x0001,
    0x0006, 0x0002, 0x0005,
};
static const u16 sBattleAnim58[] = {
    0x0040, 0x0040, 0x0003, 0x0000, 0x0006, 0x0001, 0x0008, 0x0003, 0x0008,
};
static const u16 sBattleAnim59[] = {
    0x0040, 0x0040, 0x0002, 0x0000, 0x0006, 0x0002, 0x0008,
};
static const u16 sBattleAnim60[] = {
    0x0040, 0x0040, 0x0003, 0x0000, 0x0007, 0x0001, 0x000A, 0x0002, 0x0018,
};
static const u16 sBattleAnim61[] = {
    0x0040, 0x0040, 0x0010, 0x0000, 0x0007, 0x0000, 0x0006, 0x0000, 0x0007, 0x0000, 0x0006, 0x0000,
    0x0006, 0x0000, 0x000C, 0x0000, 0x000A, 0x0000, 0x000A, 0x0001, 0x000A, 0x0001, 0x000A, 0x0001,
    0x000A, 0x0001, 0x000B, 0x0001, 0x000F, 0x0001, 0x0008, 0x0001, 0x0006, 0x0002, 0x0018,
};
static const u16 sBattleAnim62[] = {
    0x0040, 0x0040, 0x0001, 0x0000, 0x0018,
};
static const u16 sBattleAnim63[] = {
    0x0040, 0x0040, 0x0002, 0x0000, 0x000A, 0x0003, 0x0008,
};
static const u16 sBattleAnim64[] = {
    0x0040, 0x0040, 0x0003, 0x0000, 0x0006, 0x0001, 0x0008, 0x0002, 0x0006,
};
static const u16 sBattleAnim65[] = {
    0x0040, 0x0040, 0x0003, 0x0000, 0x0005, 0x0001, 0x0008, 0x0003, 0x0006,
};
static const u16 sBattleAnim66[] = {
    0x0040, 0x0040, 0x0001, 0x0000, 0x0004,
};
static const u16 sBattleAnim67[] = {
    0x0040, 0x0040, 0x0005, 0x0000, 0x0006, 0x0000, 0x0005, 0x0001, 0x0008, 0x0001, 0x0008, 0x0002,
    0x0007,
};
static const u16 sBattleAnim68[] = {
    0x0040, 0x0040, 0x000E, 0x0000, 0x0008, 0x0000, 0x0006, 0x0000, 0x0008, 0x0000, 0x0006, 0x0000,
    0x0005, 0x0000, 0x0004, 0x0000, 0x0005, 0x0001, 0x0005, 0x0001, 0x0005, 0x0001, 0x0006, 0x0001,
    0x0006, 0x0001, 0x0008, 0x0001, 0x000A, 0x0002, 0x0005,
};
static const u16 sBattleAnim69[] = {
    0x0040, 0x0040, 0x0008, 0x0000, 0x0006, 0x0000, 0x0007, 0x0000, 0x0014, 0x0000, 0x000A, 0x0001,
    0x000A, 0x0001, 0x0006, 0x0001, 0x0007, 0x0002, 0x000A,
};
static const u16 sBattleAnim70[] = {
    0x0040, 0x0040, 0x0009, 0x0000, 0x0004, 0x0000, 0x0006, 0x0000, 0x0007, 0x0001, 0x0006, 0x0001,
    0x0004, 0x0001, 0x0004, 0x0002, 0x000C, 0x0002, 0x0006, 0x0003, 0x0005,
};
static const u16 sBattleAnim71[] = {
    0x0040, 0x0040, 0x0007, 0x0000, 0x0005, 0x0000, 0x0008, 0x0000, 0x000A, 0x0001, 0x0008, 0x0001,
    0x0006, 0x0001, 0x0006, 0x0002, 0x0006,
};
static const u16 sBattleAnim72[] = {
    0x0040, 0x0040, 0x0001, 0x0000, 0x0004,
};
static const u16 sBattleAnim73[] = {
    0x0040, 0x0040, 0x0004, 0x0000, 0x0006, 0x0000, 0x000A, 0x0001, 0x0008, 0x0002, 0x0007,
};
static const u16 sBattleAnim74[] = {
    0x0040, 0x0040, 0x0005, 0x0000, 0x0005, 0x0000, 0x0008, 0x0001, 0x0007, 0x0001, 0x0009, 0x0002,
    0x0007,
};
static const u16 sBattleAnim75[] = {
    0x0040, 0x0040, 0x0001, 0x0000, 0x0004,
};
static const u16 sBattleAnim76[] = {
    0x0040, 0x0040, 0x0004, 0x0000, 0x0008, 0x0000, 0x000A, 0x0001, 0x0008, 0x0002, 0x0006,
};
static const void* const sBattleAnims[] = { sBattleAnim0, sBattleAnim1, sBattleAnim2, sBattleAnim3, sBattleAnim4, sBattleAnim5, sBattleAnim6, sBattleAnim7, sBattleAnim8, sBattleAnim9, sBattleAnim10, sBattleAnim11, sBattleAnim12, sBattleAnim13, sBattleAnim14, sBattleAnim15, sBattleAnim16, sBattleAnim17, sBattleAnim18, sBattleAnim19, sBattleAnim20, sBattleAnim21, sBattleAnim22, sBattleAnim23, sBattleAnim24, sBattleAnim25, sBattleAnim26, sBattleAnim27, sBattleAnim28, sBattleAnim29, sBattleAnim30, sBattleAnim31, sBattleAnim32, sBattleAnim33, sBattleAnim34, sBattleAnim35, sBattleAnim36, sBattleAnim37, sBattleAnim38, sBattleAnim39, sBattleAnim40, sBattleAnim41, sBattleAnim42, sBattleAnim43, sBattleAnim44, sBattleAnim45, sBattleAnim46, sBattleAnim47, sBattleAnim48, sBattleAnim49, sBattleAnim50, sBattleAnim51, sBattleAnim52, sBattleAnim53, sBattleAnim54, sBattleAnim55, sBattleAnim56, sBattleAnim57, sBattleAnim58, sBattleAnim59, sBattleAnim60, sBattleAnim61, sBattleAnim62, sBattleAnim63, sBattleAnim64, sBattleAnim65, sBattleAnim66, sBattleAnim67, sBattleAnim68, sBattleAnim69, sBattleAnim70, sBattleAnim71, sBattleAnim72, sBattleAnim73, sBattleAnim74, sBattleAnim75, sBattleAnim76 };

static const u8 sTiles13[] __attribute__((aligned(4))) = {
    0xA0, 0xAA, 0x6A, 0x66, 0x00, 0x7A, 0x6A, 0x22, 0x00, 0xA0, 0x60, 0x62, 0xAA, 0xAA, 0x60, 0x62,
    0x7A, 0x37, 0x6A, 0x62, 0xA0, 0x7A, 0x03, 0x26, 0x00, 0x3A, 0xA7, 0x26, 0x00, 0xA0, 0x37, 0x6A,
    0x06, 0x00, 0x00, 0x00, 0x06, 0x06, 0x00, 0x00, 0x60, 0x62, 0x00, 0x00, 0x26, 0x22, 0x06, 0x00,
    0x26, 0x66, 0x00, 0x00, 0x66, 0x60, 0x06, 0x00, 0x62, 0x26, 0x06, 0x00, 0x26, 0x22, 0x06, 0x00,
    0x00, 0x00, 0x00, 0x00, 0x00, 0x00, 0x00, 0x00, 0x00, 0x00, 0x00, 0x00, 0x00, 0x00, 0x00, 0x00,
    0x00, 0x00, 0x00, 0x00, 0x00, 0x00, 0x00, 0x00, 0x00, 0x00, 0x00, 0x24, 0x00, 0x0E, 0x40, 0x42,
    0x00, 0x00, 0xC0, 0xCC, 0x00, 0x00, 0xEC, 0xEE, 0x00, 0xC0, 0xEE, 0xEE, 0x00, 0xC0, 0xEE, 0xEE,
    0x00, 0xC0, 0xEC, 0xEE, 0xE4, 0xEE, 0xCE, 0xEE, 0xE4, 0xEE, 0xEE, 0xEE, 0xEE, 0xEE, 0xEE, 0xEE,
    0x00, 0xA0, 0x37, 0x0A, 0x00, 0x7A, 0xA7, 0xA7, 0x00, 0xAA, 0x0A, 0x7A, 0x00, 0x00, 0x00, 0xAA,
    0x00, 0x00, 0x00, 0x00, 0x00, 0x00, 0x00, 0x00, 0x00, 0x00, 0x00, 0x00, 0x00, 0x00, 0x00, 0x00,
    0x6A, 0x66, 0x00, 0x00, 0xA3, 0x0A, 0x00, 0x00, 0x3A, 0xA7, 0x00, 0x00, 0xA0, 0x33, 0x0A, 0x00,
    0x00, 0x3A, 0xA7, 0x0A, 0x00, 0xA0, 0x73, 0xA7, 0x00, 0x00, 0x3A, 0xA3, 0x00, 0x00, 0xA0, 0xA3,
    0xE0, 0xC5, 0x20, 0xE4, 0xE0, 0x6C, 0x24, 0xEE, 0x00, 0x46, 0x42, 0xEE, 0x00, 0x24, 0xE4, 0xEE,
    0x00, 0x26, 0x44, 0xEE, 0x00, 0x40, 0x24, 0xE4, 0x00, 0x00, 0x46, 0x62, 0x00, 0x00, 0x60, 0x44,
    0xEE, 0xEE, 0xEE, 0x0E, 0xEE, 0xEE, 0xEE, 0xEE, 0xEE, 0xEE, 0xEE, 0xEE, 0xEE, 0xEE, 0xEE, 0xEE,
    0xEE, 0xEE, 0xEE, 0xCE, 0xEE, 0xEE, 0xEE, 0xCE, 0xEE, 0xEE, 0xEE, 0xEE, 0xEE, 0xEE, 0xEE, 0xE0,
    0x00, 0x00, 0xA0, 0xA3, 0x00, 0x00, 0xA0, 0xA7, 0x00, 0x00, 0x00, 0x7A, 0x00, 0x00, 0x00, 0x7A,
    0x00, 0x00, 0x00, 0xA0, 0x00, 0x00, 0x00, 0xA0, 0x00, 0x00, 0x00, 0xA0, 0x00, 0x00, 0x00, 0x7A,
    0x00, 0x00, 0x00, 0xFF, 0x00, 0x00, 0x00, 0xE0, 0x0A, 0x00, 0x00, 0x0E, 0xA7, 0xAA, 0x50, 0xAA,
    0xA3, 0xA7, 0xCA, 0x7C, 0x7B, 0x2A, 0xCE, 0xFE, 0xA7, 0x6A, 0x55, 0x35, 0xAA, 0x5A, 0x03, 0x03,
    0x00, 0x00, 0x00, 0xAA, 0x00, 0x00, 0x00, 0xA0, 0x00, 0x00, 0x00, 0xA0, 0x00, 0x00, 0x00, 0xA0,
    0x00, 0x00, 0x00, 0x7A, 0x00, 0x00, 0x00, 0x3A, 0x00, 0x00, 0x00, 0x3A, 0x00, 0x00, 0x00, 0xAA,
    0x62, 0x35, 0x00, 0x03, 0x26, 0x05, 0x03, 0x30, 0xAA, 0x35, 0x00, 0x53, 0x0A, 0x3E, 0x53, 0x7C,
    0x0A, 0xE0, 0xEE, 0x37, 0xA7, 0x0A, 0xF0, 0xAF, 0xA7, 0x73, 0x77, 0x73, 0x3A, 0xAA, 0xAA, 0xAA,
    0xEC, 0xEE, 0x0E, 0x00, 0x30, 0xCC, 0xEE, 0x00, 0xEE, 0x53, 0xEC, 0x00, 0xAA, 0xEA, 0x0E, 0x00,
    0x3B, 0xFA, 0x0E, 0x00, 0x7D, 0xAA, 0x0E, 0x00, 0xE5, 0xA3, 0xEC, 0x00, 0xE3, 0x3A, 0x5A, 0x00,
    0xEE, 0xEE, 0x0E, 0x00, 0xE0, 0xEE, 0x00, 0x00, 0x00, 0x00, 0x00, 0x00, 0x00, 0x00, 0x00, 0x00,
    0x00, 0x00, 0x00, 0x00, 0x00, 0x00, 0x00, 0x00, 0x00, 0x00, 0x00, 0x00, 0x00, 0x00, 0x00, 0x00,
    0xAA, 0xA3, 0xAB, 0xEA, 0x50, 0xAA, 0xBD, 0x3D, 0xC3, 0xEE, 0xD3, 0xDB, 0xEC, 0x30, 0xBF, 0xBD,
    0xEE, 0x3C, 0xBF, 0xFD, 0xEE, 0xCE, 0xD3, 0x3F, 0xE0, 0xCE, 0xEE, 0xEE, 0x00, 0xE0, 0xEE, 0x0E,
    0xF3, 0x3F, 0xFE, 0x0E, 0xF3, 0xCF, 0xEE, 0x00, 0x3F, 0xEF, 0x00, 0x0E, 0x3D, 0x0C, 0x00, 0xE0,
    0xED, 0x0E, 0x00, 0x00, 0xEE, 0x00, 0x00, 0x00, 0x0E, 0x00, 0x00, 0x00, 0x00, 0x00, 0x00, 0x00,
    0x0C, 0x00, 0x00, 0x00, 0xCE, 0x00, 0x00, 0x00, 0xEE, 0x0C, 0x00, 0x00, 0xEE, 0x0C, 0x00, 0x00,
    0xEE, 0x0E, 0x00, 0x00, 0xEE, 0x0E, 0x00, 0x00, 0xEE, 0x00, 0x00, 0x00, 0x0E, 0x00, 0x00, 0x00,
    0x00, 0x00, 0x00, 0x00, 0x00, 0x00, 0x00, 0x00, 0xC0, 0xCC, 0x00, 0x00, 0xEC, 0xEE, 0x0E, 0x00,
    0xEE, 0xEE, 0xEE, 0x00, 0xEE, 0xEE, 0xEE, 0x00, 0xEE, 0xEE, 0xEE, 0x00, 0xEE, 0xEE, 0xEE, 0x00,
    0x50, 0xAA, 0x0A, 0x00, 0xC5, 0xFA, 0xFD, 0x00, 0xFF, 0xAA, 0xFD, 0x00, 0x3B, 0xAA, 0xDF, 0x00,
    0x7A, 0xEA, 0x3E, 0x0B, 0x73, 0xEA, 0xFE, 0x0D, 0xA7, 0xEF, 0x3F, 0x0F, 0xFA, 0xF3, 0xFE, 0x0C,
    0x00, 0x00, 0x00, 0x00, 0x00, 0x00, 0x00, 0x00, 0x00, 0x00, 0x00, 0x00, 0x0E, 0x00, 0xE0, 0x00,
    0xE0, 0xEE, 0x0E, 0x00, 0x00, 0x00, 0x00, 0x00, 0x00, 0x00, 0x00, 0x00, 0x00, 0x00, 0x00, 0x00,
    0x00, 0x00, 0x00, 0x00, 0x00, 0x00, 0x00, 0x00, 0x00, 0x00, 0x00, 0x60, 0x00, 0x00, 0x06, 0x26,
    0x00, 0x60, 0x62, 0x62, 0x00, 0x6A, 0x62, 0x26, 0xA0, 0xA8, 0x26, 0x66, 0x7A, 0xA3, 0x60, 0x22,
    0x00, 0x00, 0x00, 0x00, 0x06, 0x00, 0x00, 0x00, 0x62, 0x00, 0x00, 0x00, 0x66, 0x66, 0x00, 0x00,
    0x22, 0x26, 0x06, 0x00, 0x62, 0x26, 0x06, 0x00, 0x66, 0x26, 0x06, 0x00, 0x22, 0x62, 0xA6, 0xAA,
    0x00, 0x00, 0x00, 0x00, 0x00, 0x00, 0x00, 0x00, 0x00, 0x00, 0x00, 0x00, 0x00, 0x00, 0x00, 0x00,
    0x00, 0x00, 0x00, 0x00, 0x00, 0x00, 0x00, 0x00, 0xA0, 0xAA, 0x00, 0x00, 0x8A, 0x77, 0x0A, 0x00,
    0x00, 0x00, 0xF4, 0xEC, 0x00, 0x00, 0x00, 0xF4, 0x00, 0x00, 0x00, 0xA0, 0x00, 0x00, 0x00, 0x3A,
    0x00, 0x00, 0xA0, 0x73, 0x00, 0x00, 0x7A, 0x73, 0x00, 0x00, 0x7A, 0xAA, 0x00, 0xAA, 0x66, 0x5A,
    0x00, 0xA0, 0x0A, 0x66, 0x00, 0xA0, 0xA7, 0xA0, 0x00, 0x7A, 0x33, 0x37, 0x00, 0xAA, 0xAA, 0x7A,
    0x00, 0x00, 0x00, 0xA0, 0x00, 0x00, 0x00, 0xA0, 0x00, 0x00, 0x00, 0x00, 0x00, 0x00, 0x00, 0x00,
    0x66, 0x66, 0x7A, 0x33, 0xAA, 0xA0, 0xA3, 0xAA, 0x73, 0x7A, 0x0A, 0x00, 0x73, 0xAA, 0x0A, 0x00,
    0xA7, 0x00, 0x00, 0x00, 0xA8, 0x00, 0x00, 0x00, 0x0A, 0x00, 0x00, 0x00, 0x00, 0x00, 0x00, 0x00,
    0x33, 0x37, 0xA3, 0xCC, 0xAA, 0xAA, 0x37, 0xAA, 0x00, 0xE0, 0xAA, 0x77, 0x00, 0xE0, 0xF3, 0xAA,
    0x00, 0xE0, 0xC5, 0xCD, 0x00, 0x00, 0xEE, 0x5F, 0x00, 0x00, 0xE0, 0xF5, 0x00, 0x00, 0x00, 0xEE,
    0xAE, 0xA7, 0x22, 0x35, 0x8A, 0xA7, 0x56, 0x03, 0x7A, 0xA7, 0x5A, 0x00, 0x7A, 0xA7, 0x5A, 0x30,
    0xAD, 0x87, 0x66, 0x35, 0xFD, 0xAA, 0x22, 0xEE, 0x3C, 0xAA, 0x66, 0x0A, 0x3E, 0x53, 0xAA, 0x7A,
    0x00, 0xC0, 0xCC, 0x0C, 0x00, 0xCC, 0xEE, 0xCE, 0xC0, 0xEC, 0xEE, 0xEE, 0xC0, 0xEC, 0xEE, 0xEE,
    0xC0, 0xEC, 0xEE, 0xEE, 0xEE, 0xCE, 0xEE, 0xEE, 0xEE, 0xEE, 0xEE, 0xEE, 0xEE, 0xEE, 0xEE, 0x0E,
    0x00, 0x00, 0x00, 0x00, 0x00, 0x00, 0x00, 0x00, 0x0C, 0x00, 0x00, 0x00, 0x0C, 0x00, 0x00, 0x00,
    0x0E, 0x00, 0x00, 0x00, 0x0E, 0x00, 0x00, 0x00, 0x00, 0x00, 0x00, 0x00, 0x00, 0x00, 0x00, 0x00,
    0xEE, 0xEE, 0xEE, 0x0E, 0xEE, 0xEE, 0xEE, 0x0E, 0xEE, 0xEE, 0xEE, 0xCE, 0xEE, 0xEE, 0xEE, 0xEC,
    0xEE, 0xEE, 0xEE, 0xEC, 0xEE, 0xEE, 0xEE, 0xEE, 0xEE, 0xEE, 0xEE, 0xEE, 0xEE, 0xEE, 0xEE, 0xE0,
    0x00, 0x00, 0x00, 0x00, 0xCC, 0x0C, 0x00, 0x00, 0xEE, 0xEE, 0x00, 0x00, 0xEE, 0xEE, 0x0E, 0x00,
    0xEE, 0xEE, 0x0E, 0x00, 0xEE, 0xEE, 0x0E, 0x00, 0xEE, 0xEE, 0x0E, 0x00, 0xEE, 0xEE, 0x00, 0x00,
    0xEE, 0xEE, 0x0E, 0x00, 0xEC, 0xCE, 0xEC, 0x00, 0x3E, 0x0C, 0xF3, 0x00, 0xAA, 0xAA, 0xEB, 0x00,
    0x37, 0x33, 0xEA, 0x00, 0xA7, 0xCE, 0xEE, 0x00, 0x5A, 0x53, 0xAE, 0x00, 0x35, 0x30, 0xA5, 0x00,
    0xEE, 0x0E, 0x00, 0x00, 0x00, 0x00, 0x00, 0x00, 0x00, 0x00, 0x00, 0x00, 0x00, 0x00, 0x00, 0x00,
    0x00, 0x00, 0x00, 0x00, 0x00, 0x00, 0x00, 0x00, 0x00, 0x00, 0x00, 0x00, 0x00, 0x00, 0x00, 0x00,
    0x00, 0x03, 0x7C, 0x0A, 0x00, 0x30, 0x3E, 0xFA, 0x00, 0x53, 0x3F, 0xFA, 0x30, 0xEE, 0x7F, 0xEA,
    0x03, 0xE3, 0x70, 0x3A, 0xEE, 0x7E, 0xA3, 0xF5, 0x00, 0x77, 0xAA, 0xFF, 0x37, 0xAA, 0x3D, 0x5F,
    0x00, 0x00, 0x00, 0x00, 0x00, 0x00, 0x00, 0x00, 0x00, 0x00, 0x00, 0x00, 0x0E, 0x00, 0x00, 0x00,
    0xE5, 0xEC, 0xEE, 0x0E, 0x5F, 0xC5, 0x00, 0xE0, 0xFF, 0xE5, 0x00, 0x00, 0xCC, 0xEE, 0x00, 0x00,
    0xEE, 0xEE, 0xAE, 0xA7, 0x00, 0xEE, 0xAE, 0x37, 0x00, 0x00, 0x00, 0x7A, 0x00, 0x00, 0x00, 0xA0,
    0x00, 0x00, 0x00, 0x00, 0x00, 0x00, 0x00, 0x00, 0x00, 0x00, 0x00, 0x00, 0x00, 0x00, 0x00, 0x00,
    0xAA, 0x37, 0xCA, 0xCC, 0x77, 0xA3, 0xEA, 0xEE, 0xA7, 0x0A, 0x00, 0x55, 0x0A, 0x00, 0x00, 0x00,
    0x00, 0x00, 0x00, 0x00, 0x00, 0x00, 0x00, 0x00, 0x00, 0x00, 0x00, 0x00, 0x00, 0x00, 0x00, 0x00,
    0x00, 0x00, 0x00, 0x00, 0x00, 0x00, 0x00, 0x00, 0x00, 0x00, 0x00, 0x00, 0x00, 0x00, 0x00, 0x00,
    0x00, 0x00, 0x00, 0x00, 0x00, 0x00, 0x00, 0x44, 0x00, 0x00, 0x40, 0xE6, 0x00, 0x00, 0x44, 0xEE,
    0x00, 0x6E, 0xE4, 0xEE, 0xC0, 0x45, 0xE6, 0xEE, 0xE0, 0x4C, 0xEE, 0xEE, 0x00, 0x6C, 0xEE, 0xEE,
    0x00, 0xE0, 0xEE, 0xEE, 0x00, 0x60, 0xEE, 0xEE, 0x00, 0xF0, 0xEC, 0xEE, 0x00, 0x00, 0xCF, 0xEE,
    0x00, 0x00, 0x00, 0x00, 0x00, 0x00, 0x00, 0x00, 0x00, 0x00, 0x00, 0x00, 0x00, 0x00, 0x00, 0x00,
    0x00, 0x00, 0x00, 0x00, 0x0E, 0x00, 0x00, 0x00, 0x00, 0x00, 0x00, 0x00, 0x00, 0x00, 0x00, 0x00,
    0xEE, 0xEE, 0x00, 0x00, 0x33, 0x53, 0x00, 0x00, 0x55, 0x05, 0x00, 0x00, 0x00, 0x00, 0x00, 0x00,
    0x00, 0x00, 0x00, 0x00, 0x00, 0x00, 0x00, 0x00, 0x00, 0x00, 0x00, 0x00, 0x00, 0x00, 0x00, 0x00,
    0x00, 0x00, 0xC0, 0xCC, 0x00, 0x00, 0xEC, 0xEE, 0x00, 0xC0, 0xEE, 0xEE, 0x00, 0xC0, 0xEE, 0xEE,
    0x00, 0xC0, 0xEC, 0xEE, 0x00, 0xE0, 0xCE, 0xEE, 0x00, 0xEE, 0xEE, 0xEE, 0x64, 0xEE, 0xEE, 0xEE,
    0x0C, 0x00, 0x00, 0x00, 0xCE, 0x00, 0x00, 0x00, 0xEE, 0x0C, 0x00, 0x00, 0xEE, 0x0C, 0x00, 0x00,
    0xEE, 0x0E, 0x00, 0x00, 0xEE, 0x0E, 0x00, 0x00, 0xEE, 0x00, 0x00, 0x00, 0x0E, 0x00, 0x00, 0x00,
    0xE6, 0xEE, 0xEE, 0xEE, 0xEE, 0xEE, 0xEE, 0xEE, 0xEE, 0xEE, 0xEE, 0xEE, 0xEE, 0xEE, 0xEE, 0xEE,
    0xEE, 0xEE, 0xEE, 0xEE, 0xEE, 0xEE, 0xEE, 0xEE, 0xEE, 0xEE, 0xEE, 0xEE, 0xEE, 0xEE, 0xEE, 0xEE,
    0xEE, 0x00, 0x00, 0x00, 0xEE, 0x00, 0xCC, 0x0C, 0xEE, 0xCE, 0xEE, 0xEE, 0xEE, 0xEC, 0xEE, 0xEE,
    0xEE, 0xEC, 0xEE, 0xEE, 0xEE, 0xEE, 0xEE, 0xEE, 0xEE, 0xEE, 0xEE, 0xEE, 0xEE, 0xE0, 0xEE, 0xEE,
    0xEE, 0xEE, 0xEE, 0xEE, 0xE4, 0xEE, 0xEE, 0xEE, 0x40, 0xEF, 0xEE, 0xEE, 0x00, 0x00, 0x0E, 0xC5,
    0x00, 0xF0, 0xE0, 0x53, 0x00, 0xB0, 0x0B, 0xCE, 0x00, 0xBF, 0xFB, 0xC3, 0xAA, 0xAA, 0xEF, 0x5C,
    0x0E, 0x00, 0xEE, 0x0E, 0x00, 0x00, 0x00, 0x00, 0xFE, 0x00, 0x00, 0x00, 0xB3, 0x0F, 0x00, 0x00,
    0x0C, 0xFB, 0x00, 0x00, 0x35, 0xF5, 0x00, 0x00, 0x35, 0xE5, 0x00, 0x00, 0xC5, 0x0E, 0x00, 0x00,
    0x37, 0x33, 0xEA, 0x5C, 0x57, 0xEC, 0x35, 0xCC, 0x5A, 0x30, 0xAE, 0x03, 0x35, 0x55, 0xAE, 0xBB,
    0x03, 0x30, 0x7E, 0xDA, 0x00, 0x30, 0x3E, 0x5A, 0x03, 0x53, 0x3E, 0x5A, 0x05, 0xE3, 0x73, 0xEA,
    0xE5, 0x00, 0x00, 0x00, 0xCC, 0x00, 0x00, 0x00, 0x53, 0x00, 0x00, 0x00, 0xFB, 0x00, 0x00, 0x00,
    0xFF, 0x0E, 0x00, 0x00, 0x5F, 0xE5, 0x00, 0x00, 0xEC, 0xEE, 0x00, 0x00, 0xEE, 0xEE, 0x00, 0x00,
    0x00, 0x00, 0x00, 0x00, 0x00, 0x00, 0x00, 0x00, 0x00, 0x00, 0x00, 0x00, 0x00, 0x00, 0x00, 0x00,
    0x00, 0x00, 0x00, 0x00, 0x00, 0x00, 0x00, 0x00, 0x00, 0x00, 0x00, 0x60, 0x00, 0x00, 0x06, 0x26,
    0x00, 0x00, 0x00, 0x00, 0x00, 0x00, 0x00, 0x00, 0x00, 0x00, 0x00, 0x00, 0x00, 0x00, 0x00, 0x00,
    0x00, 0x00, 0x00, 0x00, 0x06, 0x00, 0x00, 0x00, 0x62, 0x00, 0x00, 0x00, 0x66, 0x66, 0x00, 0x00,
    0x00, 0x60, 0x62, 0x62, 0x00, 0x6A, 0x62, 0x26, 0xA0, 0xA8, 0x26, 0x66, 0x7A, 0xA3, 0x60, 0x22,
    0x00, 0xA0, 0x0A, 0x66, 0x00, 0xA0, 0xA7, 0xA0, 0x00, 0x7A, 0x33, 0x37, 0x00, 0xAA, 0xAA, 0x7A,
    0x22, 0x26, 0x06, 0x00, 0x62, 0x26, 0x06, 0x00, 0x66, 0x26, 0x06, 0x00, 0x22, 0x62, 0xA6, 0xAA,
    0x66, 0x66, 0x7A, 0x33, 0xAA, 0xA0, 0xA3, 0xAA, 0x73, 0x7A, 0x0A, 0x00, 0x73, 0xAA, 0x0A, 0x00,
    0xA0, 0x87, 0x66, 0x35, 0x00, 0xAA, 0x22, 0x5A, 0x00, 0xAA, 0x66, 0xEA, 0x00, 0x00, 0xAA, 0x7A,
    0x00, 0xE0, 0xAF, 0xA7, 0x00, 0xE0, 0xA5, 0x37, 0x00, 0xE0, 0xFE, 0x7A, 0x00, 0x00, 0xEE, 0xA5,
    0x05, 0xE5, 0x7E, 0xEA, 0x5C, 0x7C, 0xA3, 0x3E, 0xEB, 0x77, 0xAA, 0x53, 0x37, 0xAA, 0x55, 0xE5,
    0xAA, 0x37, 0x3A, 0xEF, 0x77, 0xA3, 0x5A, 0xEF, 0xA7, 0x5A, 0xF5, 0xEE, 0x5A, 0xFF, 0xEF, 0x05,
    0x00, 0x00, 0x00, 0xEE, 0x00, 0x00, 0x00, 0x00, 0x00, 0x00, 0x00, 0x00, 0x00, 0x00, 0x00, 0x00,
    0x00, 0x00, 0x00, 0x00, 0x00, 0x00, 0x00, 0x00, 0x00, 0x00, 0x00, 0x00, 0x00, 0x00, 0x00, 0x00,
    0xEE, 0xEE, 0x5E, 0x00, 0x00, 0x00, 0x00, 0x00, 0x00, 0x00, 0x00, 0x00, 0x00, 0x00, 0x00, 0x00,
    0x00, 0x00, 0x00, 0x00, 0x00, 0x00, 0x00, 0x00, 0x00, 0x00, 0x00, 0x00, 0x00, 0x00, 0x00, 0x00,
    0x00, 0x00, 0x00, 0x00, 0x00, 0x00, 0x00, 0x00, 0xA0, 0xAA, 0x00, 0x00, 0x8A, 0x77, 0x0A, 0x00,
    0x33, 0x37, 0xA3, 0x00, 0xAA, 0xAA, 0x37, 0xAA, 0x00, 0x00, 0xAA, 0x77, 0x00, 0x00, 0x00, 0xAA,
    0x00, 0x00, 0xA0, 0x73, 0x00, 0x00, 0x7A, 0x73, 0x00, 0x00, 0x7A, 0xAA, 0x00, 0xAA, 0x66, 0x0A,
    0xA0, 0xA7, 0x22, 0x5A, 0x8A, 0xA7, 0x66, 0x35, 0x7A, 0xA7, 0x5A, 0x03, 0x7A, 0xA7, 0x5A, 0x03,
    0x00, 0x00, 0x00, 0xA0, 0x00, 0x00, 0x00, 0xA0, 0x00, 0x00, 0x00, 0x00, 0x00, 0x00, 0x00, 0x00,
    0x00, 0x00, 0x00, 0x00, 0x00, 0x00, 0x00, 0x00, 0x00, 0x00, 0x00, 0x00, 0x00, 0x00, 0x00, 0x00,
    0xA7, 0x00, 0x00, 0x00, 0xA8, 0x00, 0x00, 0x00, 0x0A, 0x00, 0x00, 0x00, 0x00, 0x00, 0x00, 0x00,
    0x00, 0x00, 0x00, 0x00, 0x00, 0x00, 0x00, 0x00, 0x00, 0x00, 0x00, 0x00, 0x00, 0x00, 0x00, 0x00,
    0x3E, 0x53, 0x0C, 0x00, 0x53, 0x05, 0xE0, 0x00, 0x05, 0x00, 0x00, 0xEE, 0x00, 0x00, 0x00, 0x00,
    0x00, 0x00, 0x00, 0x00, 0x00, 0x00, 0x00, 0x00, 0x00, 0x00, 0x00, 0x00, 0x00, 0x00, 0x00, 0x00,
    0x00, 0x00, 0x00, 0x00, 0x00, 0x00, 0x00, 0x00, 0x00, 0x00, 0x00, 0x00, 0xEE, 0x00, 0x00, 0x00,
    0x00, 0xEE, 0x0E, 0x00, 0x00, 0x00, 0x00, 0x00, 0x00, 0x00, 0x00, 0x00, 0x00, 0x00, 0x00, 0x00,
    0x00, 0x00, 0x00, 0x40, 0x00, 0x00, 0xE0, 0x60, 0x00, 0x00, 0x5E, 0x64, 0x00, 0x00, 0xCE, 0xE4,
    0x00, 0x00, 0xE0, 0xE4, 0x00, 0x00, 0x00, 0xE4, 0x00, 0x00, 0x00, 0xE4, 0x00, 0x00, 0x00, 0x64,
    0x00, 0x00, 0x00, 0x40, 0x00, 0x00, 0x00, 0x00, 0x00, 0x00, 0x00, 0x00, 0x00, 0x00, 0x00, 0x00,
    0x00, 0x00, 0x00, 0x00, 0x00, 0x00, 0x00, 0x00, 0x00, 0x00, 0x00, 0xA0, 0x00, 0x00, 0x00, 0x3A,
    0x00, 0x00, 0x00, 0x00, 0x00, 0x00, 0x00, 0x00, 0x00, 0x00, 0x00, 0x00, 0x0E, 0x00, 0x00, 0x00,
    0x0E, 0x00, 0x00, 0x00, 0x0E, 0x00, 0x00, 0x00, 0x0E, 0x00, 0x00, 0x00, 0x00, 0x00, 0x00, 0x00,
    0x00, 0x00, 0x00, 0x00, 0x00, 0x00, 0x00, 0xA0, 0x00, 0x00, 0xA0, 0x7A, 0x00, 0x00, 0xA0, 0x8A,
    0x00, 0x00, 0x6A, 0x62, 0x00, 0xAA, 0x6A, 0x52, 0xA0, 0x77, 0xAA, 0x05, 0x7A, 0xA3, 0x07, 0x05,
    0xAA, 0x0A, 0x00, 0x0E, 0x77, 0xA8, 0xE0, 0x45, 0x77, 0x77, 0xEA, 0x64, 0xAA, 0xAA, 0x4A, 0xE2,
    0x55, 0x25, 0x46, 0xE2, 0x30, 0x56, 0x46, 0x64, 0x03, 0x33, 0x45, 0x44, 0x00, 0x30, 0xA5, 0x44,
    0xE4, 0xEE, 0xEE, 0xEE, 0xEE, 0xEE, 0xEE, 0xEE, 0xEE, 0xEE, 0xEE, 0xEE, 0xEE, 0xEE, 0xEE, 0xEE,
    0xEE, 0xEE, 0xEE, 0xEE, 0xEE, 0xEE, 0xEE, 0xEE, 0xEE, 0xEE, 0xEE, 0xEE, 0xAE, 0xEE, 0xEE, 0xEE,
    0xEE, 0xEE, 0x00, 0x00, 0xEE, 0x00, 0x00, 0x00, 0xEE, 0x0E, 0x00, 0x00, 0xEE, 0x0E, 0x00, 0x00,
    0xEE, 0x0E, 0xCC, 0x0C, 0xEE, 0xCE, 0xEE, 0xEE, 0xEE, 0xEC, 0xEE, 0xEE, 0xEE, 0xEC, 0xEE, 0xEE,
    0x7A, 0xA7, 0x07, 0x05, 0xA0, 0xA7, 0x03, 0x05, 0xA0, 0x73, 0x7A, 0x50, 0x00, 0x3A, 0x7A, 0x07,
    0x00, 0xAA, 0xA0, 0x03, 0x00, 0x00, 0xA0, 0x7A, 0x00, 0x00, 0x00, 0xA0, 0x00, 0x00, 0x00, 0x00,
    0x00, 0x00, 0xA5, 0x47, 0x00, 0x00, 0x75, 0x3A, 0x33, 0x30, 0x53, 0x3A, 0xEE, 0xA3, 0xCE, 0xDC,
    0x73, 0xEE, 0xEE, 0xBF, 0x37, 0x73, 0xAA, 0xFF, 0xAA, 0xAA, 0xE0, 0xE3, 0x00, 0x00, 0x3E, 0xCF,
    0xEF, 0xEE, 0xEE, 0xEE, 0xEF, 0xEE, 0xEE, 0xEE, 0xCA, 0xEE, 0xEE, 0x0E, 0x5A, 0xCC, 0x3C, 0xFE,
    0xE0, 0x53, 0x3C, 0xBE, 0xE3, 0x53, 0xC5, 0xD3, 0xCE, 0xC3, 0xC5, 0xFE, 0xFF, 0x5C, 0x55, 0x0E,
    0xEE, 0xEE, 0xEE, 0xEE, 0x00, 0xEE, 0xEE, 0xEE, 0x00, 0xE0, 0xEE, 0xEE, 0x0F, 0x00, 0xEE, 0x0E,
    0xEE, 0xEE, 0xCE, 0x5E, 0xEE, 0xEE, 0x53, 0x00, 0x0F, 0x35, 0x35, 0x03, 0x00, 0x50, 0xCC, 0x55,
    0x33, 0x6A, 0x62, 0x22, 0x77, 0x6A, 0x62, 0x26, 0xAA, 0x60, 0x62, 0x66, 0x7A, 0x6A, 0x26, 0x22,
    0xAA, 0xA3, 0x66, 0x66, 0x00, 0x7A, 0x0A, 0x00, 0x00, 0x3A, 0x0A, 0x00, 0x00, 0x3A, 0x0A, 0x00,
    0x26, 0x06, 0x00, 0x00, 0x66, 0x00, 0x00, 0x00, 0x06, 0x00, 0x00, 0x00, 0x06, 0x00, 0x00, 0x00,
    0x00, 0x00, 0x00, 0x00, 0x00, 0x00, 0x00, 0x00, 0x00, 0x00, 0x00, 0x00, 0x00, 0x00, 0x00, 0x00,
    0x00, 0x3A, 0x0A, 0x00, 0x00, 0x3A, 0xA8, 0x00, 0x00, 0x7A, 0xA7, 0x00, 0x00, 0x3A, 0xA7, 0x00,
    0xA0, 0x37, 0x0A, 0x00, 0xA0, 0xA3, 0x00, 0x00, 0x7A, 0x0A, 0x00, 0x00, 0x7A, 0x0A, 0x00, 0x00,
    0x00, 0x00, 0x00, 0x00, 0x00, 0x00, 0x00, 0x00, 0x00, 0x00, 0x00, 0xC0, 0x00, 0x00, 0x00, 0xEC,
    0x00, 0x00, 0x00, 0xEC, 0x00, 0x00, 0x00, 0xCC, 0x00, 0xC4, 0xEE, 0xEE, 0x40, 0xEE, 0xEE, 0xEE,
    0x00, 0x00, 0x5E, 0xEF, 0x00, 0x00, 0xDE, 0xEB, 0x00, 0x00, 0xFE, 0xED, 0x00, 0x00, 0xDE, 0xE3,
    0x00, 0x00, 0xFE, 0xFF, 0x00, 0x00, 0xE0, 0x35, 0x00, 0x00, 0xE0, 0x5F, 0x00, 0x00, 0x00, 0x5E,
    0xE5, 0xCC, 0x55, 0x0E, 0xEC, 0xC3, 0xCC, 0x3E, 0xEC, 0x3D, 0x00, 0xE3, 0x5D, 0xBD, 0xDB, 0xFD,
    0xEE, 0xDF, 0xDB, 0x0F, 0xFF, 0xDF, 0xFB, 0xEE, 0xB3, 0xFF, 0xEF, 0x00, 0xF3, 0xEF, 0xEE, 0xEE,
    0x00, 0x00, 0x00, 0xE0, 0x00, 0x00, 0x00, 0x00, 0x00, 0x00, 0x00, 0xEE, 0x00, 0x00, 0xE0, 0x3C,
    0x00, 0x00, 0x3E, 0xBF, 0x00, 0x00, 0xFE, 0xBF, 0x00, 0x00, 0xFE, 0xD3, 0x00, 0x00, 0xE0, 0x55,
    0x35, 0xEC, 0x3F, 0xE5, 0xEE, 0xEE, 0xF5, 0xFF, 0xBE, 0xEC, 0x33, 0x3F, 0xBB, 0xF3, 0x53, 0xC5,
    0xBD, 0x35, 0xC5, 0xEE, 0xDF, 0x5D, 0xE3, 0xEE, 0xF3, 0xF5, 0xEF, 0x0E, 0x5F, 0xEE, 0x0E, 0x00,
    0x00, 0x00, 0x05, 0x35, 0x00, 0x00, 0x50, 0x55, 0x00, 0x00, 0x00, 0x00, 0x00, 0x00, 0x00, 0x00,
    0x00, 0x00, 0x00, 0x00, 0x00, 0x00, 0x00, 0x00, 0x0E, 0x00, 0x00, 0x00, 0xE0, 0x00, 0x00, 0x00,
    0xE5, 0x00, 0x00, 0x00, 0x05, 0x00, 0x00, 0x00, 0x00, 0x00, 0x00, 0x00, 0x00, 0x00, 0x00, 0x00,
    0x00, 0x00, 0x00, 0x00, 0x00, 0x00, 0x00, 0x00, 0x00, 0x00, 0x00, 0x00, 0x00, 0x00, 0x00, 0x00,
    0x00, 0x00, 0x00, 0xEE, 0x00, 0x00, 0x00, 0x00, 0x00, 0x00, 0x00, 0x00, 0x00, 0x00, 0x00, 0x00,
    0x00, 0x00, 0x00, 0x00, 0x00, 0x00, 0x00, 0x00, 0x00, 0x00, 0x00, 0x00, 0x00, 0x00, 0x00, 0x00,
    0xEE, 0x00, 0x00, 0x00, 0x00, 0x00, 0x00, 0x00, 0x00, 0x00, 0x00, 0x00, 0x00, 0x00, 0x00, 0x00,
    0x00, 0x00, 0x00, 0x00, 0x00, 0x00, 0x00, 0x00, 0x00, 0x00, 0x00, 0x00, 0x00, 0x00, 0x00, 0x00,
    0x00, 0x00, 0x00, 0x00, 0x00, 0x00, 0x00, 0x00, 0x00, 0x00, 0x00, 0x00, 0x00, 0x00, 0x00, 0x00,
    0x00, 0x00, 0x00, 0x00, 0x00, 0x00, 0x00, 0x00, 0x0E, 0x00, 0x00, 0x00, 0x0E, 0x00, 0x00, 0x00,
    0x0E, 0x00, 0x00, 0x00, 0x0E, 0x00, 0x00, 0x00, 0x00, 0x00, 0x00, 0x00, 0x00, 0x00, 0x00, 0x00,
    0x00, 0x00, 0x00, 0x00, 0x05, 0x00, 0x00, 0x00, 0xE0, 0x00, 0x00, 0x00, 0xE0, 0x00, 0x00, 0x00,
    0x00, 0x00, 0xA0, 0x78, 0x00, 0x00, 0x00, 0xAA, 0x00, 0x00, 0x00, 0x00, 0x00, 0x00, 0x00, 0x00,
    0x00, 0x00, 0x00, 0x00, 0x00, 0x00, 0x00, 0x00, 0x00, 0x00, 0x00, 0x00, 0x00, 0x00, 0x00, 0x00,
    0x00, 0x00, 0x00, 0x00, 0xCC, 0xCC, 0x00, 0x00, 0xEE, 0xEE, 0x0C, 0x00, 0xEE, 0xEE, 0xCE, 0x00,
    0xEE, 0xEE, 0xCE, 0x00, 0xEE, 0xEE, 0xEE, 0x00, 0xEC, 0xEE, 0xEE, 0x00, 0xEE, 0xEE, 0x0E, 0x00,
    0xEE, 0x00, 0x00, 0x00, 0xEC, 0x0E, 0x00, 0xCC, 0xEC, 0xE0, 0xEE, 0x00, 0xEE, 0x00, 0x00, 0x00,
    0x0E, 0x00, 0x00, 0x00, 0x00, 0x00, 0x00, 0x00, 0x00, 0x00, 0x00, 0x00, 0x00, 0x00, 0x00, 0x00,
};
static const u16 sSet13Frame0[] = {
    0x0007, 0x40DA, 0x81E7, 0x0000, 0x00EA, 0x41EF, 0x0008, 0x40EA, 0x01FF, 0x000C, 0x40FA, 0x01F7,
    0x000E, 0x80DA, 0x0007, 0x0010, 0x00F2, 0x01FF, 0x0012, 0x00FA, 0x0007, 0x0013, 0x0000,
};
static const u16 sSet13Frame1[] = {
    0x0006, 0x40F0, 0x81DE, 0x0014, 0x80E0, 0x81FE, 0x001C, 0x4000, 0x01F6, 0x0024, 0x80E0, 0x01F6,
    0x0026, 0x00F8, 0x000E, 0x0028, 0x0000, 0x0006, 0x0029, 0x0000,
};
static const u16 sSet13Frame2[] = {
    0x0008, 0x80D8, 0x81FE, 0x002A, 0x00E8, 0x41DE, 0x0032, 0x00F8, 0x41F6, 0x0036, 0x40F0, 0x01EE,
    0x003A, 0x40F8, 0x01DE, 0x003C, 0x40F8, 0x0006, 0x003E, 0x80E0, 0x01F6, 0x0040, 0x00E0, 0x000E,
    0x0042, 0x0000,
};
static const u16 sSet13Frame3[] = {
    0x0009, 0x40E0, 0x81EF, 0x0043, 0x00D0, 0x41F7, 0x004B, 0x00F0, 0x41F7, 0x004F, 0x40F0, 0x0007,
    0x0053, 0x4000, 0x01F7, 0x0055, 0x80E0, 0x000F, 0x0057, 0x00D0, 0x01EF, 0x0059, 0x00D8, 0x0007,
    0x005A, 0x00F8, 0x0007, 0x005B, 0x0000,
};
static const void* const sSet13Frames[] = { sSet13Frame0, sSet13Frame1, sSet13Frame2, sSet13Frame3 };

static const u16 sDirectionAnim0[] = {
    0x0040, 0x0040, 0x0008, 0x0000, 0x0004, 0x0000, 0x0004, 0x0000, 0x0004, 0x0001, 0x0004, 0x0001,
    0x0004, 0x0002, 0x0004, 0x0002, 0x0004, 0x0003, 0x0004,
};
static const u16 sDirectionAnim1[] = {
    0x0040, 0x0040, 0x0008, 0x0000, 0x0004, 0x0000, 0x0004, 0x0000, 0x0004, 0x0001, 0x0004, 0x0001,
    0x0004, 0x0002, 0x0004, 0x0002, 0x0004, 0x0003, 0x0004,
};
static const u16 sDirectionAnim2[] = {
    0x0040, 0x0040, 0x0008, 0x0000, 0x0004, 0x0000, 0x0004, 0x0000, 0x0004, 0x0001, 0x0004, 0x0001,
    0x0004, 0x0002, 0x0004, 0x0002, 0x0004, 0x0003, 0x0004,
};
static const u16 sDirectionAnim3[] = {
    0x0040, 0x0040, 0x0008, 0x0000, 0x0004, 0x0000, 0x0004, 0x0000, 0x0004, 0x0001, 0x0004, 0x0001,
    0x0004, 0x0002, 0x0004, 0x0002, 0x0004, 0x0003, 0x0004,
};
static const u16 sDirectionAnim4[] = {
    0x0040, 0x0040, 0x0008, 0x0000, 0x0004, 0x0000, 0x0004, 0x0000, 0x0004, 0x0001, 0x0004, 0x0001,
    0x0004, 0x0002, 0x0004, 0x0002, 0x0004, 0x0003, 0x0004,
};
static const u8 sTiles14[] __attribute__((aligned(4))) = {
    0x6A, 0x66, 0x00, 0x00, 0xA3, 0x0A, 0x00, 0x00, 0x3A, 0xA7, 0x00, 0x00, 0xA0, 0x33, 0x0A, 0x00,
    0x00, 0x3A, 0xA7, 0x0A, 0x00, 0xA0, 0x73, 0xA7, 0x00, 0x00, 0x3A, 0xA3, 0x00, 0x00, 0xA0, 0xA3,
    0x00, 0x00, 0x00, 0xC0, 0x00, 0x00, 0x00, 0xC0, 0x00, 0x00, 0x00, 0x00, 0x00, 0x00, 0x00, 0x00,
    0x00, 0x00, 0x00, 0xC0, 0x00, 0x00, 0x00, 0x4C, 0x00, 0x00, 0x40, 0x24, 0x00, 0x00, 0x40, 0x22,
    0xEC, 0xEE, 0xEE, 0x0E, 0xEC, 0xEE, 0xEE, 0x0E, 0xCC, 0xEE, 0xEE, 0x0E, 0xCC, 0xCC, 0xEE, 0x00,
    0xEE, 0xEE, 0xCE, 0x00, 0x44, 0xEC, 0xCE, 0x0C, 0x42, 0xE4, 0xEE, 0xCE, 0x22, 0x64, 0xEE, 0xCE,
    0x00, 0x00, 0x00, 0x00, 0x00, 0x00, 0x00, 0x00, 0x00, 0x00, 0x00, 0x00, 0x00, 0x00, 0x00, 0x00,
    0xC0, 0xCC, 0x0C, 0x00, 0xCC, 0xEC, 0xCE, 0x00, 0xEC, 0xEE, 0xEE, 0x0E, 0xEC, 0xEE, 0xEE, 0x0E,
    0x00, 0x00, 0xA0, 0xA3, 0x00, 0x00, 0xA0, 0xA7, 0x00, 0x00, 0x00, 0x7A, 0x00, 0x00, 0x00, 0x7A,
    0x00, 0x00, 0x00, 0xA0, 0x00, 0x00, 0x00, 0xA0, 0x00, 0x00, 0x00, 0xA0, 0x00, 0x00, 0x00, 0x7A,
    0x00, 0x00, 0x24, 0xFF, 0x00, 0x00, 0x2F, 0xFF, 0x0A, 0x00, 0x2C, 0xFC, 0xA7, 0xAA, 0x4C, 0xAA,
    0xA3, 0xA7, 0xAA, 0x7A, 0x7B, 0x2A, 0xA6, 0xAA, 0xA7, 0x6A, 0xA2, 0x22, 0xAA, 0xAA, 0x3A, 0xCC,
    0x22, 0x64, 0xEE, 0xEE, 0x42, 0x64, 0xEE, 0xEE, 0x42, 0xC6, 0xEE, 0xEE, 0xAA, 0x4A, 0x44, 0xEE,
    0x33, 0x2A, 0x42, 0xE4, 0x77, 0xAA, 0x4F, 0xEF, 0xAA, 0xA3, 0x44, 0x0F, 0xCC, 0x3A, 0xFA, 0x00,
    0xEE, 0xEE, 0xEE, 0x0E, 0xEE, 0xEE, 0xEE, 0x0E, 0xEE, 0xEE, 0xEE, 0x00, 0xE0, 0xEE, 0x0E, 0x00,
    0x00, 0x00, 0x00, 0x00, 0x00, 0x00, 0x00, 0x00, 0x00, 0x00, 0x00, 0x00, 0x00, 0x00, 0x00, 0x00,
    0x00, 0x00, 0x00, 0xAA, 0x00, 0x00, 0x00, 0xA0, 0x00, 0x00, 0x00, 0xA0, 0x00, 0x00, 0x00, 0xA0,
    0x00, 0x00, 0x00, 0x7A, 0x00, 0x00, 0x00, 0x3A, 0x00, 0x00, 0x00, 0x3A, 0x00, 0x00, 0x00, 0xAA,
    0x62, 0x3A, 0xC3, 0xFF, 0x26, 0xCA, 0xCF, 0xCC, 0xAA, 0xC3, 0xC3, 0xFF, 0x0A, 0x00, 0xCC, 0x3E,
    0x0A, 0x00, 0xE0, 0xEE, 0xA7, 0x0A, 0x50, 0xAC, 0xA7, 0x73, 0x77, 0x73, 0x3A, 0xAA, 0xAA, 0xAA,
    0x3F, 0xAC, 0x0A, 0x00, 0xF3, 0xC3, 0xED, 0x00, 0xFF, 0x3F, 0xCE, 0x0E, 0xF3, 0x3F, 0xEC, 0x0E,
    0x3C, 0xF3, 0xEC, 0x00, 0x73, 0xCF, 0x0C, 0x00, 0xA7, 0x5C, 0x0E, 0x00, 0x3A, 0xD5, 0xEF, 0xEE,
    0x00, 0x00, 0x00, 0x00, 0x00, 0x00, 0x00, 0x00, 0x00, 0x00, 0x00, 0x00, 0x00, 0x00, 0x00, 0x00,
    0x00, 0x00, 0x00, 0xE0, 0x00, 0x00, 0xE0, 0x0E, 0x00, 0xEE, 0x0E, 0x00, 0xEE, 0x00, 0x00, 0x00,
    0x00, 0x00, 0x00, 0x00, 0x00, 0x00, 0x00, 0x00, 0x00, 0x00, 0x00, 0x00, 0x00, 0x00, 0x00, 0x00,
    0x00, 0x00, 0x00, 0x00, 0x00, 0x00, 0x00, 0x50, 0x00, 0x00, 0x00, 0xC5, 0x00, 0x00, 0xC0, 0x5E,
    0xAA, 0xA3, 0xA0, 0xDA, 0x00, 0xAA, 0xB0, 0xBD, 0x00, 0x00, 0xB0, 0xDB, 0x00, 0x00, 0xF0, 0xFF,
    0x00, 0x00, 0x00, 0xEE, 0xDF, 0xFB, 0xEF, 0xEE, 0xCC, 0xCB, 0x3C, 0x5F, 0x5F, 0xBD, 0xFF, 0x5F,
    0xDF, 0xDD, 0xFF, 0x00, 0xFF, 0xBD, 0xFD, 0xE0, 0x0F, 0xBB, 0xFD, 0xFE, 0x0F, 0xDB, 0xFB, 0xEE,
    0x00, 0xB0, 0xEE, 0xEC, 0x0F, 0xD0, 0xED, 0xFE, 0xFF, 0xD0, 0xBB, 0xBB, 0xFF, 0xE0, 0xCE, 0xBD,
    0x00, 0x00, 0x00, 0x00, 0x0E, 0x00, 0x00, 0x00, 0xEF, 0x00, 0x00, 0x00, 0xF5, 0x0E, 0x00, 0x00,
    0x5F, 0x0E, 0x00, 0x00, 0xFF, 0x0E, 0x00, 0x00, 0xDB, 0x0E, 0x00, 0x00, 0xDE, 0x0E, 0x00, 0x00,
    0xA0, 0xAA, 0x6A, 0x66, 0x00, 0x7A, 0x6A, 0x22, 0x00, 0xA0, 0x60, 0x62, 0xAA, 0xAA, 0x60, 0x62,
    0x7A, 0x37, 0x6A, 0x62, 0xA0, 0x7A, 0x03, 0x26, 0x00, 0x3A, 0xA7, 0x26, 0x00, 0xA0, 0x37, 0x6A,
    0x06, 0x00, 0x00, 0x00, 0x06, 0x06, 0x00, 0x00, 0x60, 0x62, 0x00, 0x00, 0x26, 0x22, 0x06, 0x00,
    0x26, 0x66, 0x00, 0x00, 0x66, 0x60, 0x06, 0x00, 0x62, 0x26, 0x06, 0x00, 0x26, 0x22, 0x06, 0x00,
    0x00, 0x00, 0x00, 0x00, 0x00, 0x00, 0x00, 0x00, 0x00, 0x00, 0x00, 0x00, 0x00, 0x00, 0x00, 0x00,
    0x00, 0x00, 0x00, 0x00, 0x00, 0x00, 0x00, 0x00, 0x00, 0x00, 0x00, 0x00, 0x00, 0x00, 0x00, 0xC0,
    0x00, 0x00, 0x00, 0x00, 0x00, 0x00, 0x00, 0x00, 0x00, 0x00, 0x00, 0x00, 0x00, 0x00, 0x00, 0x00,
    0x00, 0x00, 0x00, 0x00, 0xC0, 0xCC, 0x0C, 0x00, 0xCC, 0xEE, 0xEE, 0x00, 0xEC, 0xEE, 0xEE, 0x00,
    0x00, 0x00, 0xE0, 0xFC, 0x00, 0x00, 0xE0, 0x3E, 0x00, 0x00, 0x00, 0xEE, 0x00, 0x00, 0x00, 0xC0,
    0x00, 0x00, 0x00, 0x00, 0x00, 0x00, 0x00, 0x00, 0x00, 0x00, 0x00, 0x00, 0x00, 0x00, 0x00, 0x00,
    0xBF, 0xBD, 0xF5, 0x35, 0xB3, 0xD5, 0x5D, 0xF3, 0xDE, 0xEE, 0xE5, 0xEE, 0xEE, 0xEE, 0x0E, 0x00,
    0x00, 0x00, 0x00, 0x00, 0x00, 0x00, 0x00, 0x00, 0x00, 0x00, 0x00, 0x00, 0x00, 0x00, 0x00, 0x00,
    0xEF, 0xFE, 0xCE, 0xF3, 0xEE, 0x5E, 0xCE, 0xF3, 0x00, 0xEE, 0xEE, 0xF5, 0x00, 0xCE, 0xCC, 0x5C,
    0x00, 0xE0, 0xEE, 0xEE, 0x00, 0x00, 0x00, 0x00, 0x00, 0x00, 0x00, 0x00, 0x00, 0x00, 0x00, 0x00,
    0x5B, 0x0E, 0x00, 0x00, 0xD5, 0x0E, 0x00, 0x00, 0xEF, 0x00, 0x00, 0x00, 0xE5, 0x00, 0x00, 0x00,
    0x0C, 0x00, 0x00, 0x00, 0x00, 0x00, 0x00, 0x00, 0x00, 0x00, 0x00, 0x00, 0x00, 0x00, 0x00, 0x00,
    0x00, 0xA0, 0x37, 0x0A, 0x00, 0x7A, 0xA7, 0xA7, 0x00, 0xAA, 0x0A, 0x7A, 0x00, 0x00, 0x00, 0xAA,
    0x00, 0x00, 0x00, 0x00, 0x00, 0x00, 0x00, 0x00, 0x00, 0x00, 0x00, 0x00, 0x00, 0x00, 0x00, 0x00,
    0x00, 0x00, 0x00, 0x00, 0x00, 0x00, 0x00, 0x00, 0x00, 0x00, 0x00, 0x00, 0x0E, 0x00, 0x00, 0x00,
    0x00, 0x00, 0x00, 0x00, 0x00, 0x00, 0x00, 0x00, 0x00, 0x00, 0x00, 0x00, 0x00, 0x00, 0x00, 0x00,
};
static const u16 sSet14Frame0[] = {
    0x0005, 0x00DD, 0x81F0, 0x0000, 0x40D5, 0x41E8, 0x0010, 0x40FD, 0x41F0, 0x0014, 0x00DD, 0x01E8,
    0x0018, 0x00ED, 0x0010, 0x0019, 0x0000,
};
static const void* const sSet14Frames[] = { sSet14Frame0 };

static const u16 sDirectionAnim5[] = {
    0x0040, 0x0040, 0x0002, 0x0000, 0x0004, 0x0000, 0x0004,
};
static const u16 sDirectionAnim6[] = {
    0x0040, 0x0040, 0x0002, 0x0000, 0x0004, 0x0000, 0x0004,
};
static const u16 sDirectionAnim7[] = {
    0x0040, 0x0040, 0x0002, 0x0000, 0x0004, 0x0000, 0x0004,
};
static const u16 sDirectionAnim8[] = {
    0x0040, 0x0040, 0x0002, 0x0000, 0x0004, 0x0000, 0x0004,
};
static const u16 sDirectionAnim9[] = {
    0x0040, 0x0040, 0x0002, 0x0000, 0x0004, 0x0000, 0x0004,
};
static const u16 sDirectionAnim10[] = {
    0x0040, 0x0040, 0x0001, 0x0000, 0x0004,
};
static const u16 sDirectionAnim11[] = {
    0x0040, 0x0040, 0x0001, 0x0000, 0x0004,
};
static const u16 sDirectionAnim12[] = {
    0x0040, 0x0040, 0x0001, 0x0000, 0x0004,
};
static const u16 sDirectionAnim13[] = {
    0x0040, 0x0040, 0x0001, 0x0000, 0x0004,
};
static const u16 sDirectionAnim14[] = {
    0x0040, 0x0040, 0x0001, 0x0000, 0x0004,
};
static const u8 sTiles15[] __attribute__((aligned(4))) = {
    0x00, 0x00, 0x00, 0x00, 0x00, 0x00, 0x00, 0x00, 0x00, 0x00, 0x00, 0x00, 0x00, 0x00, 0x00, 0x00,
    0x00, 0x00, 0x00, 0x00, 0x0A, 0x00, 0x00, 0x00, 0xA7, 0x0A, 0x00, 0x00, 0x33, 0x0A, 0x00, 0x00,
    0x00, 0x00, 0x00, 0x40, 0x00, 0x00, 0xE0, 0x40, 0x00, 0x00, 0x5E, 0xE4, 0x00, 0x00, 0x4E, 0xE4,
    0x00, 0x00, 0x20, 0xE6, 0x00, 0x00, 0x20, 0xEE, 0x00, 0x00, 0x40, 0xE4, 0x00, 0x00, 0x00, 0xE4,
    0xEE, 0xEE, 0xEE, 0xEE, 0xEE, 0xEE, 0xEE, 0xEE, 0xEE, 0xEE, 0xEE, 0xEE, 0xEE, 0xEE, 0xEE, 0xEE,
    0xEE, 0xEE, 0xEE, 0xEE, 0xEE, 0xEE, 0xEE, 0xEE, 0xEE, 0xEE, 0xEE, 0xEE, 0xEE, 0xEE, 0xEE, 0xEE,
    0x0E, 0x00, 0x00, 0x00, 0x0E, 0x00, 0x00, 0x00, 0xEE, 0x00, 0x00, 0x00, 0xEE, 0xC0, 0xCC, 0x00,
    0xEE, 0xEC, 0xEE, 0x0E, 0xCE, 0xEE, 0xEE, 0xEE, 0xCE, 0xEE, 0xEE, 0xEE, 0xEE, 0xEE, 0xEE, 0xEE,
    0x3A, 0x0A, 0x00, 0x00, 0xAA, 0xA3, 0x00, 0xAA, 0xA0, 0x73, 0xAA, 0xAA, 0x00, 0x7A, 0xA7, 0xA7,
    0x00, 0xA0, 0xAA, 0xA7, 0x00, 0x00, 0x7A, 0xA9, 0x00, 0x00, 0x7A, 0x5A, 0x00, 0xA0, 0xA7, 0x52,
    0x00, 0xA0, 0xAA, 0x4A, 0x00, 0xA9, 0x37, 0xA7, 0xAA, 0xAA, 0x7A, 0x37, 0x62, 0x0A, 0xA0, 0x7A,
    0x26, 0x55, 0x05, 0x77, 0x55, 0x03, 0x53, 0x75, 0x03, 0x00, 0x50, 0xC3, 0x03, 0x00, 0x00, 0xE3,
    0xEE, 0xEE, 0xEE, 0xEE, 0xE6, 0xEE, 0xEE, 0xEE, 0x6A, 0xEE, 0xEE, 0x0E, 0xA3, 0xEC, 0xCE, 0x3C,
    0xAA, 0xEE, 0xCC, 0x53, 0xDA, 0xE3, 0x5C, 0x3C, 0xAA, 0x0B, 0x5C, 0x3C, 0xAA, 0x3D, 0x5C, 0xC5,
    0xEE, 0xEE, 0xEE, 0xEE, 0x00, 0xEE, 0xEE, 0x0E, 0x00, 0xE0, 0xEE, 0x00, 0x0E, 0x00, 0x00, 0x00,
    0xED, 0x00, 0x00, 0x00, 0xEC, 0x0E, 0x00, 0x00, 0xCE, 0xEE, 0x00, 0x00, 0x35, 0xEC, 0x0E, 0x00,
    0x00, 0x00, 0x00, 0x00, 0x00, 0x00, 0x00, 0x00, 0x00, 0x00, 0x00, 0x00, 0x00, 0x00, 0x00, 0x06,
    0x00, 0x00, 0x66, 0x62, 0xAA, 0xAA, 0x26, 0x06, 0xA0, 0xA3, 0x26, 0x66, 0x00, 0xA7, 0x60, 0x62,
    0x00, 0x00, 0x00, 0x00, 0x00, 0x00, 0x00, 0x00, 0x00, 0x00, 0x00, 0x00, 0x00, 0x00, 0x00, 0x00,
    0x60, 0x06, 0x00, 0x00, 0x26, 0x62, 0x00, 0x00, 0x22, 0x06, 0x00, 0x00, 0x66, 0x60, 0x06, 0x00,
    0xAA, 0x3A, 0x6A, 0x22, 0x7A, 0x73, 0x0A, 0x26, 0xA0, 0xAA, 0xA3, 0x6A, 0x00, 0x00, 0x3A, 0xA7,
    0x00, 0x00, 0x3A, 0xA7, 0x00, 0x00, 0x7A, 0x0A, 0x00, 0x00, 0xAA, 0xA0, 0x00, 0x00, 0x00, 0x00,
    0x66, 0x26, 0x06, 0x00, 0x22, 0x22, 0x06, 0x00, 0x66, 0x66, 0x06, 0x00, 0xA0, 0xAA, 0x0A, 0x00,
    0xAA, 0x33, 0xA3, 0x0A, 0x78, 0xAA, 0x33, 0xAA, 0xAA, 0x00, 0xAA, 0x33, 0x00, 0x00, 0x00, 0xAA,
    0x00, 0x00, 0x53, 0xDE, 0x35, 0x33, 0xE3, 0x77, 0xE0, 0xEE, 0x3E, 0x77, 0x00, 0x00, 0x7E, 0xA3,
    0xA7, 0x77, 0x37, 0xA7, 0xAA, 0xAA, 0xAA, 0xFA, 0x33, 0xA3, 0x00, 0xE0, 0xAA, 0xAA, 0x00, 0x00,
    0xAA, 0xEF, 0x5C, 0xC5, 0xFA, 0xEC, 0x5C, 0xE5, 0xEA, 0x3E, 0xCE, 0xEC, 0xD3, 0xFE, 0x03, 0x30,
    0x3F, 0xDE, 0xFD, 0xEF, 0x55, 0xDE, 0xDB, 0xEF, 0xFE, 0xBD, 0xDB, 0xFF, 0xE0, 0xBD, 0xDB, 0x0F,
    0x00, 0x00, 0x00, 0x00, 0x00, 0x00, 0x00, 0x00, 0x00, 0x00, 0x00, 0x00, 0x00, 0x00, 0x00, 0x00,
    0x00, 0x00, 0x00, 0xCE, 0x00, 0x00, 0xE0, 0x0E, 0x00, 0x00, 0x5E, 0x5F, 0x00, 0x00, 0xFE, 0xBF,
    0x00, 0xDF, 0xFD, 0x0F, 0x00, 0xE0, 0xEE, 0x00, 0x00, 0x00, 0xEE, 0x0E, 0x00, 0x00, 0xEE, 0xE3,
    0xBC, 0xCC, 0x55, 0x33, 0xBB, 0x30, 0xFF, 0xFF, 0xDB, 0xF3, 0x3F, 0x53, 0xDC, 0x5C, 0xF5, 0xEE,
    0x00, 0x00, 0x00, 0xCC, 0x00, 0x00, 0xC0, 0xEE, 0x00, 0x00, 0xEC, 0xEE, 0x00, 0x00, 0xEC, 0xEE,
    0x00, 0x00, 0xCC, 0xEE, 0x00, 0x00, 0xEE, 0xEC, 0x40, 0xEC, 0xEE, 0xEE, 0xC2, 0xEE, 0xEE, 0xEE,
    0xCC, 0x00, 0x00, 0x00, 0xEE, 0x0C, 0x00, 0x00, 0xEE, 0xCE, 0x00, 0x00, 0xEE, 0xCE, 0x00, 0x00,
    0xEE, 0xEE, 0x00, 0x00, 0xEE, 0xEE, 0x00, 0x00, 0xEE, 0x0E, 0x00, 0x00, 0xEE, 0x00, 0x00, 0x00,
    0xE0, 0x00, 0x00, 0x00, 0xE0, 0x00, 0x00, 0x00, 0x00, 0x0E, 0x00, 0x00, 0x00, 0x0E, 0x00, 0x00,
    0x0E, 0xE0, 0x00, 0x00, 0x0E, 0x00, 0xEE, 0x00, 0x0E, 0x00, 0x00, 0xEE, 0x0E, 0x00, 0x00, 0x00,
    0x00, 0x00, 0x00, 0x00, 0x00, 0x00, 0x00, 0x00, 0x00, 0x00, 0x00, 0x00, 0x00, 0x00, 0x00, 0x00,
    0x00, 0x00, 0x00, 0x00, 0x00, 0x00, 0x00, 0x00, 0x00, 0x00, 0x00, 0x00, 0xEE, 0x00, 0x00, 0x00,
    0x00, 0x00, 0x5E, 0xD3, 0x00, 0x00, 0xE0, 0x55, 0x00, 0x00, 0x00, 0xEE, 0x00, 0x00, 0x00, 0x00,
    0x00, 0x00, 0x00, 0x00, 0x00, 0x00, 0x00, 0x00, 0x00, 0x00, 0x00, 0x00, 0x00, 0x00, 0x00, 0x00,
    0xE5, 0x3D, 0xE3, 0xEE, 0x55, 0xEE, 0xEE, 0x0E, 0xEE, 0xEE, 0x00, 0x00, 0x00, 0x00, 0x00, 0x00,
    0x00, 0x00, 0x00, 0x00, 0x00, 0x00, 0x00, 0x00, 0x00, 0x00, 0x00, 0x00, 0x00, 0x00, 0x00, 0x00,
    0x00, 0xA0, 0xAA, 0x56, 0x00, 0x00, 0xA0, 0xAA, 0x00, 0x00, 0xA0, 0xA7, 0x00, 0x00, 0xA0, 0xA3,
    0x00, 0x00, 0xA0, 0xA3, 0x00, 0x00, 0xA0, 0x77, 0x00, 0x00, 0x00, 0xAA, 0x00, 0x00, 0x00, 0x00,
    0x53, 0x33, 0xE5, 0x00, 0x03, 0x35, 0xE3, 0x00, 0x5E, 0x50, 0xE3, 0x00, 0xEE, 0x50, 0x0E, 0x00,
    0x00, 0xEE, 0x00, 0x00, 0x00, 0x00, 0x00, 0x00, 0x0E, 0x00, 0x00, 0x00, 0x0E, 0x00, 0x00, 0x00,
};
static const u16 sSet15Frame0[] = {
    0x0008, 0x40E0, 0x81ED, 0x0000, 0x00D8, 0x41DD, 0x0008, 0x00F0, 0x41F5, 0x000C, 0x40D8, 0x01FD,
    0x0010, 0x40F8, 0x0005, 0x0012, 0x4000, 0x01F5, 0x0014, 0x00F0, 0x01ED, 0x0016, 0x00F0, 0x0005,
    0x0017, 0x0000,
};
static const void* const sSet15Frames[] = { sSet15Frame0 };

static const u16 sDirectionAnim15[] = {
    0x0040, 0x0040, 0x0001, 0x0000, 0x0004,
};
static const u16 sDirectionAnim16[] = {
    0x0040, 0x0040, 0x0001, 0x0000, 0x0004,
};
static const u16 sDirectionAnim17[] = {
    0x0040, 0x0040, 0x0001, 0x0000, 0x0004,
};
static const u16 sDirectionAnim18[] = {
    0x0040, 0x0040, 0x0001, 0x0000, 0x0004,
};
static const u16 sDirectionAnim19[] = {
    0x0040, 0x0040, 0x0001, 0x0000, 0x0004,
};
static const u16 sDirectionAnim20[] = {
    0x0040, 0x0040, 0x0001, 0x0000, 0x0004,
};
static const u16 sDirectionAnim21[] = {
    0x0040, 0x0040, 0x0001, 0x0000, 0x0004,
};
static const u16 sDirectionAnim22[] = {
    0x0040, 0x0040, 0x0001, 0x0000, 0x0004,
};
static const u16 sDirectionAnim23[] = {
    0x0040, 0x0040, 0x0001, 0x0000, 0x0004,
};
static const u16 sDirectionAnim24[] = {
    0x0040, 0x0040, 0x0001, 0x0000, 0x0004,
};
static const u8 sTiles16[] __attribute__((aligned(4))) = {
    0x00, 0x00, 0x00, 0xC4, 0x00, 0x00, 0x60, 0xC5, 0x00, 0x00, 0x50, 0x43, 0x00, 0x00, 0x50, 0x4F,
    0x00, 0x00, 0x00, 0xEC, 0x00, 0x00, 0xE0, 0xE5, 0x00, 0x00, 0xC0, 0xEE, 0x00, 0x00, 0x00, 0x00,
    0xC4, 0x2F, 0xC4, 0xA4, 0xC4, 0x2F, 0x44, 0x3A, 0x44, 0x42, 0xA2, 0x77, 0x22, 0x22, 0xA4, 0x73,
    0x24, 0x44, 0xA4, 0xA7, 0xFE, 0xFF, 0xAE, 0xAA, 0x00, 0x00, 0xDE, 0xA9, 0x00, 0x00, 0xE0, 0xAE,
    0xA3, 0xAA, 0xEF, 0x3F, 0x77, 0x77, 0x35, 0x53, 0x7A, 0xEF, 0xF3, 0xFF, 0xCA, 0x53, 0xFF, 0xFF,
    0xEE, 0x5E, 0xFF, 0xFF, 0xEF, 0x35, 0xF3, 0x3F, 0xAA, 0x35, 0x3F, 0x5F, 0x26, 0x5A, 0x5F, 0xEF,
    0x0E, 0x00, 0x00, 0x00, 0xAE, 0x00, 0x00, 0x00, 0xE3, 0x0A, 0x00, 0x00, 0xEF, 0x0A, 0x00, 0x00,
    0xEF, 0x0A, 0x00, 0x00, 0x3F, 0xAE, 0x0A, 0x00, 0xF3, 0x3E, 0x0A, 0x00, 0x3E, 0x3E, 0x0A, 0x00,
    0x00, 0x00, 0x00, 0x00, 0x00, 0x00, 0x00, 0x00, 0x00, 0x00, 0x00, 0x00, 0x00, 0x00, 0x00, 0xC0,
    0x00, 0x00, 0x00, 0xEC, 0x00, 0x00, 0x00, 0xEC, 0x00, 0x00, 0x00, 0xEE, 0x00, 0x00, 0x00, 0xE0,
    0x00, 0x00, 0xEE, 0xAF, 0x00, 0xCD, 0x3C, 0xAA, 0xEC, 0xEB, 0x3F, 0xAA, 0xFC, 0xDB, 0xFF, 0xAF,
    0xFF, 0xDB, 0x5B, 0xA3, 0xF3, 0x5D, 0xDD, 0x7A, 0x3F, 0xAD, 0xAA, 0x33, 0x5E, 0xA5, 0x33, 0xAA,
    0x62, 0xEA, 0xE3, 0xE3, 0xAA, 0xEA, 0xEE, 0xE5, 0x77, 0xA9, 0x62, 0x7A, 0xAA, 0x77, 0xAA, 0xAA,
    0xA7, 0xAA, 0xA7, 0xFF, 0xA7, 0xEF, 0xAA, 0x5F, 0xDA, 0xBB, 0xBB, 0x5D, 0xD0, 0xCE, 0xDD, 0xDE,
    0xE0, 0x3A, 0x0A, 0x00, 0xAA, 0xA7, 0x00, 0x00, 0x33, 0xA7, 0x00, 0x00, 0xAA, 0x0A, 0x00, 0x00,
    0x00, 0x00, 0x00, 0x00, 0x00, 0x00, 0x00, 0x00, 0x00, 0x00, 0x00, 0x00, 0x00, 0x00, 0x00, 0x00,
    0x00, 0xCC, 0xEE, 0x00, 0xC0, 0xEC, 0xEE, 0x0E, 0xCC, 0xEE, 0xEE, 0xEE, 0xCC, 0xEE, 0xEE, 0xEE,
    0xCC, 0xEE, 0xEE, 0xEE, 0xE0, 0xEC, 0xEE, 0xEE, 0xC0, 0xCC, 0xEC, 0x0E, 0xEE, 0xEE, 0xEE, 0xEE,
    0x00, 0x00, 0x00, 0x00, 0x00, 0x00, 0x00, 0x00, 0x00, 0x00, 0x00, 0x00, 0x00, 0x00, 0x00, 0x00,
    0x00, 0xC0, 0xCC, 0x00, 0x00, 0xCC, 0xEE, 0x0C, 0xC0, 0xEC, 0xEE, 0xEE, 0xC0, 0xEC, 0xEE, 0xEE,
    0xEE, 0xEE, 0xEE, 0xEE, 0xEE, 0xEE, 0xEE, 0xEE, 0x4C, 0xC4, 0xEE, 0xEE, 0x44, 0x44, 0xEC, 0xEE,
    0x22, 0x42, 0xE4, 0xEE, 0x22, 0x22, 0xC4, 0xEE, 0xF2, 0x2F, 0x44, 0xEE, 0xF2, 0x2F, 0x44, 0xEE,
    0xCE, 0xEC, 0xEE, 0xEE, 0xCE, 0xEC, 0xEE, 0xEE, 0xEE, 0xCC, 0xEE, 0x0E, 0xEE, 0xC0, 0xEE, 0x00,
    0xEE, 0x00, 0x00, 0x00, 0xEE, 0x05, 0x00, 0x00, 0xEE, 0xED, 0xEE, 0x00, 0xAA, 0xAB, 0xEA, 0xEE,
    0x00, 0x00, 0x00, 0x00, 0x00, 0x00, 0x00, 0x00, 0x00, 0x00, 0x00, 0x00, 0x00, 0x00, 0x00, 0x00,
    0x00, 0x00, 0x66, 0x66, 0x00, 0x06, 0x26, 0x62, 0x60, 0x62, 0x60, 0x62, 0x60, 0x22, 0x66, 0x62,
    0xEE, 0x7A, 0xA3, 0x0A, 0x00, 0x3A, 0x0A, 0x00, 0xA0, 0x3A, 0x0A, 0x00, 0xA0, 0xA3, 0x00, 0x00,
    0x3A, 0xA3, 0x00, 0x00, 0x3A, 0x0A, 0x00, 0x00, 0x3A, 0x0A, 0x00, 0x00, 0xAA, 0xA7, 0x00, 0x00,
    0x00, 0x26, 0x66, 0x62, 0x60, 0x60, 0x26, 0x62, 0x26, 0x66, 0x22, 0xA6, 0x60, 0x22, 0x66, 0xA0,
    0x60, 0x66, 0xA0, 0x3A, 0x00, 0xAA, 0x3A, 0xA7, 0x00, 0x3A, 0xA7, 0xA3, 0x00, 0xAA, 0xA0, 0xA7,
    0xA0, 0xA8, 0x00, 0x00, 0xAA, 0xA0, 0x00, 0x00, 0x77, 0x0A, 0x00, 0x00, 0x33, 0xA7, 0x00, 0x00,
    0xAA, 0xAA, 0x00, 0x00, 0x00, 0x00, 0x00, 0x00, 0x00, 0x00, 0x00, 0x00, 0x00, 0x00, 0x00, 0x00,
    0x00, 0x00, 0x00, 0xE0, 0x00, 0x00, 0x00, 0xCE, 0x00, 0x00, 0x00, 0x46, 0x00, 0x00, 0xC0, 0x44,
    0x00, 0x00, 0x60, 0x24, 0x00, 0x00, 0x40, 0x24, 0x00, 0x00, 0x40, 0xF4, 0x00, 0x00, 0x40, 0xF4,
    0xFD, 0xCC, 0xFF, 0x5D, 0x3E, 0xEE, 0xF3, 0xD3, 0x5E, 0xCC, 0x35, 0xCF, 0xEE, 0xCC, 0xEE, 0xE5,
    0xE0, 0xEE, 0xEE, 0x0E, 0x00, 0xEE, 0xEE, 0x00, 0x00, 0x00, 0x00, 0x00, 0x00, 0x00, 0x00, 0x00,
    0x00, 0x0A, 0xA0, 0x0A, 0x00, 0x00, 0x00, 0x00, 0x00, 0x00, 0x00, 0x00, 0x00, 0x00, 0x00, 0x00,
    0x00, 0x00, 0x00, 0x00, 0x00, 0x00, 0x00, 0x00, 0x00, 0x00, 0x00, 0x00, 0x00, 0x00, 0x00, 0x00,
};
static const u16 sSet16Frame0[] = {
    0x0006, 0x40ED, 0x81F1, 0x0000, 0x00DD, 0x41F9, 0x0008, 0x00FD, 0x41F1, 0x000C, 0x00E5, 0x01F1,
    0x0010, 0x00FD, 0x0001, 0x0011, 0x000D, 0x01F1, 0x0012, 0x0000,
};
static const void* const sSet16Frames[] = { sSet16Frame0 };

static const u16 sDirectionAnim25[] = {
    0x0040, 0x0040, 0x0002, 0x0000, 0x0004, 0x0000, 0x0004,
};
static const u16 sDirectionAnim26[] = {
    0x0040, 0x0040, 0x0002, 0x0000, 0x0004, 0x0000, 0x0004,
};
static const u16 sDirectionAnim27[] = {
    0x0040, 0x0040, 0x0002, 0x0000, 0x0004, 0x0000, 0x0004,
};
static const u16 sDirectionAnim28[] = {
    0x0040, 0x0040, 0x0002, 0x0000, 0x0004, 0x0000, 0x0004,
};
static const u16 sDirectionAnim29[] = {
    0x0040, 0x0040, 0x0002, 0x0000, 0x0004, 0x0000, 0x0004,
};
static const void* const sDirectionAnims[] = { sDirectionAnim0, sDirectionAnim1, sDirectionAnim2, sDirectionAnim3, sDirectionAnim4, sDirectionAnim5, sDirectionAnim6, sDirectionAnim7, sDirectionAnim8, sDirectionAnim9, sDirectionAnim10, sDirectionAnim11, sDirectionAnim12, sDirectionAnim13, sDirectionAnim14, sDirectionAnim15, sDirectionAnim16, sDirectionAnim17, sDirectionAnim18, sDirectionAnim19, sDirectionAnim20, sDirectionAnim21, sDirectionAnim22, sDirectionAnim23, sDirectionAnim24, sDirectionAnim25, sDirectionAnim26, sDirectionAnim27, sDirectionAnim28, sDirectionAnim29 };

// One for each entry of gBtlSoraAnimDefs.
const AnimDef gRogueMickeyAnimDefs[77] = {
    { (void*)sSet0Frames, (void*)sBattleAnims, (void*)sTiles0, 0, { 0, 0, 0 } },
    { (void*)sSet0Frames, (void*)sBattleAnims, (void*)sTiles0, 1, { 0, 0, 0 } },
    { (void*)sSet1Frames, (void*)sBattleAnims, (void*)sTiles1, 2, { 0, 0, 0 } },
    { (void*)sSet1Frames, (void*)sBattleAnims, (void*)sTiles1, 3, { 0, 0, 0 } },
    { (void*)sSet1Frames, (void*)sBattleAnims, (void*)sTiles1, 4, { 0, 0, 0 } },
    { (void*)sSet1Frames, (void*)sBattleAnims, (void*)sTiles1, 5, { 0, 0, 0 } },
    { (void*)sSet1Frames, (void*)sBattleAnims, (void*)sTiles1, 6, { 0, 0, 0 } },
    { (void*)sSet2Frames, (void*)sBattleAnims, (void*)sTiles2, 7, { 0, 0, 0 } },
    { (void*)sSet2Frames, (void*)sBattleAnims, (void*)sTiles2, 8, { 0, 0, 0 } },
    { (void*)sSet2Frames, (void*)sBattleAnims, (void*)sTiles2, 9, { 0, 0, 0 } },
    { (void*)sSet2Frames, (void*)sBattleAnims, (void*)sTiles2, 10, { 0, 0, 0 } },
    { (void*)sSet2Frames, (void*)sBattleAnims, (void*)sTiles2, 11, { 0, 0, 0 } },
    { (void*)sSet3Frames, (void*)sBattleAnims, (void*)sTiles3, 12, { 0, 0, 0 } },
    { (void*)sSet3Frames, (void*)sBattleAnims, (void*)sTiles3, 13, { 0, 0, 0 } },
    { (void*)sSet3Frames, (void*)sBattleAnims, (void*)sTiles3, 14, { 0, 0, 0 } },
    { (void*)sSet3Frames, (void*)sBattleAnims, (void*)sTiles3, 15, { 0, 0, 0 } },
    { (void*)sSet3Frames, (void*)sBattleAnims, (void*)sTiles3, 16, { 0, 0, 0 } },
    { (void*)sSet4Frames, (void*)sBattleAnims, (void*)sTiles4, 17, { 0, 0, 0 } },
    { (void*)sSet4Frames, (void*)sBattleAnims, (void*)sTiles4, 18, { 0, 0, 0 } },
    { (void*)sSet4Frames, (void*)sBattleAnims, (void*)sTiles4, 19, { 0, 0, 0 } },
    { (void*)sSet4Frames, (void*)sBattleAnims, (void*)sTiles4, 20, { 0, 0, 0 } },
    { (void*)sSet4Frames, (void*)sBattleAnims, (void*)sTiles4, 21, { 0, 0, 0 } },
    { (void*)sSet5Frames, (void*)sBattleAnims, (void*)sTiles5, 22, { 0, 0, 0 } },
    { (void*)sSet5Frames, (void*)sBattleAnims, (void*)sTiles5, 23, { 0, 0, 0 } },
    { (void*)sSet5Frames, (void*)sBattleAnims, (void*)sTiles5, 24, { 0, 0, 0 } },
    { (void*)sSet5Frames, (void*)sBattleAnims, (void*)sTiles5, 25, { 0, 0, 0 } },
    { (void*)sSet5Frames, (void*)sBattleAnims, (void*)sTiles5, 26, { 0, 0, 0 } },
    { (void*)sSet6Frames, (void*)sBattleAnims, (void*)sTiles6, 27, { 0, 0, 0 } },
    { (void*)sSet6Frames, (void*)sBattleAnims, (void*)sTiles6, 28, { 0, 0, 0 } },
    { (void*)sSet6Frames, (void*)sBattleAnims, (void*)sTiles6, 29, { 0, 0, 0 } },
    { (void*)sSet6Frames, (void*)sBattleAnims, (void*)sTiles6, 30, { 0, 0, 0 } },
    { (void*)sSet6Frames, (void*)sBattleAnims, (void*)sTiles6, 31, { 0, 0, 0 } },
    { (void*)sSet7Frames, (void*)sBattleAnims, (void*)sTiles7, 32, { 0, 0, 0 } },
    { (void*)sSet7Frames, (void*)sBattleAnims, (void*)sTiles7, 33, { 0, 0, 0 } },
    { (void*)sSet7Frames, (void*)sBattleAnims, (void*)sTiles7, 34, { 0, 0, 0 } },
    { (void*)sSet7Frames, (void*)sBattleAnims, (void*)sTiles7, 35, { 0, 0, 0 } },
    { (void*)sSet7Frames, (void*)sBattleAnims, (void*)sTiles7, 36, { 0, 0, 0 } },
    { (void*)sSet3Frames, (void*)sBattleAnims, (void*)sTiles3, 37, { 0, 0, 0 } },
    { (void*)sSet8Frames, (void*)sBattleAnims, (void*)sTiles8, 38, { 0, 0, 0 } },
    { (void*)sSet8Frames, (void*)sBattleAnims, (void*)sTiles8, 39, { 0, 0, 0 } },
    { (void*)sSet8Frames, (void*)sBattleAnims, (void*)sTiles8, 40, { 0, 0, 0 } },
    { (void*)sSet8Frames, (void*)sBattleAnims, (void*)sTiles8, 41, { 0, 0, 0 } },
    { (void*)sSet9Frames, (void*)sBattleAnims, (void*)sTiles9, 42, { 0, 0, 0 } },
    { (void*)sSet10Frames, (void*)sBattleAnims, (void*)sTiles10, 43, { 0, 0, 0 } },
    { (void*)sSet11Frames, (void*)sBattleAnims, (void*)sTiles11, 44, { 0, 0, 0 } },
    { (void*)sSet11Frames, (void*)sBattleAnims, (void*)sTiles11, 45, { 0, 0, 0 } },
    { (void*)sSet12Frames, (void*)sBattleAnims, (void*)sTiles12, 46, { 0, 0, 0 } },
    { (void*)sSet9Frames, (void*)sBattleAnims, (void*)sTiles9, 47, { 0, 0, 0 } },
    { (void*)sSet9Frames, (void*)sBattleAnims, (void*)sTiles9, 48, { 0, 0, 0 } },
    { (void*)sSet9Frames, (void*)sBattleAnims, (void*)sTiles9, 49, { 0, 0, 0 } },
    { (void*)sSet9Frames, (void*)sBattleAnims, (void*)sTiles9, 50, { 0, 0, 0 } },
    { (void*)sSet10Frames, (void*)sBattleAnims, (void*)sTiles10, 51, { 0, 0, 0 } },
    { (void*)sSet4Frames, (void*)sBattleAnims, (void*)sTiles4, 52, { 0, 0, 0 } },
    { (void*)sSet5Frames, (void*)sBattleAnims, (void*)sTiles5, 53, { 0, 0, 0 } },
    { (void*)sSet6Frames, (void*)sBattleAnims, (void*)sTiles6, 54, { 0, 0, 0 } },
    { (void*)sSet7Frames, (void*)sBattleAnims, (void*)sTiles7, 55, { 0, 0, 0 } },
    { (void*)sSet1Frames, (void*)sBattleAnims, (void*)sTiles1, 56, { 0, 0, 0 } },
    { (void*)sSet2Frames, (void*)sBattleAnims, (void*)sTiles2, 57, { 0, 0, 0 } },
    { (void*)sSet3Frames, (void*)sBattleAnims, (void*)sTiles3, 58, { 0, 0, 0 } },
    { (void*)sSet4Frames, (void*)sBattleAnims, (void*)sTiles4, 59, { 0, 0, 0 } },
    { (void*)sSet5Frames, (void*)sBattleAnims, (void*)sTiles5, 60, { 0, 0, 0 } },
    { (void*)sSet6Frames, (void*)sBattleAnims, (void*)sTiles6, 61, { 0, 0, 0 } },
    { (void*)sSet7Frames, (void*)sBattleAnims, (void*)sTiles7, 62, { 0, 0, 0 } },
    { (void*)sSet1Frames, (void*)sBattleAnims, (void*)sTiles1, 63, { 0, 0, 0 } },
    { (void*)sSet2Frames, (void*)sBattleAnims, (void*)sTiles2, 64, { 0, 0, 0 } },
    { (void*)sSet3Frames, (void*)sBattleAnims, (void*)sTiles3, 65, { 0, 0, 0 } },
    { (void*)sSet4Frames, (void*)sBattleAnims, (void*)sTiles4, 66, { 0, 0, 0 } },
    { (void*)sSet5Frames, (void*)sBattleAnims, (void*)sTiles5, 67, { 0, 0, 0 } },
    { (void*)sSet6Frames, (void*)sBattleAnims, (void*)sTiles6, 68, { 0, 0, 0 } },
    { (void*)sSet7Frames, (void*)sBattleAnims, (void*)sTiles7, 69, { 0, 0, 0 } },
    { (void*)sSet1Frames, (void*)sBattleAnims, (void*)sTiles1, 70, { 0, 0, 0 } },
    { (void*)sSet2Frames, (void*)sBattleAnims, (void*)sTiles2, 71, { 0, 0, 0 } },
    { (void*)sSet3Frames, (void*)sBattleAnims, (void*)sTiles3, 72, { 0, 0, 0 } },
    { (void*)sSet4Frames, (void*)sBattleAnims, (void*)sTiles4, 73, { 0, 0, 0 } },
    { (void*)sSet5Frames, (void*)sBattleAnims, (void*)sTiles5, 74, { 0, 0, 0 } },
    { (void*)sSet6Frames, (void*)sBattleAnims, (void*)sTiles6, 75, { 0, 0, 0 } },
    { (void*)sSet7Frames, (void*)sBattleAnims, (void*)sTiles7, 76, { 0, 0, 0 } },
};

// One for each entry of gUnk_0813BEFC, Sora's running and jumping in five directions.
const AnimDef gRogueMickeyDirectionDefs[30] = {
    { (void*)sSet13Frames, (void*)sDirectionAnims, (void*)sTiles13, 0, { 0, 0, 0 } },
    { (void*)sSet13Frames, (void*)sDirectionAnims, (void*)sTiles13, 1, { 0, 0, 0 } },
    { (void*)sSet13Frames, (void*)sDirectionAnims, (void*)sTiles13, 2, { 0, 0, 0 } },
    { (void*)sSet13Frames, (void*)sDirectionAnims, (void*)sTiles13, 3, { 0, 0, 0 } },
    { (void*)sSet13Frames, (void*)sDirectionAnims, (void*)sTiles13, 4, { 0, 0, 0 } },
    { (void*)sSet14Frames, (void*)sDirectionAnims, (void*)sTiles14, 5, { 0, 0, 0 } },
    { (void*)sSet14Frames, (void*)sDirectionAnims, (void*)sTiles14, 6, { 0, 0, 0 } },
    { (void*)sSet14Frames, (void*)sDirectionAnims, (void*)sTiles14, 7, { 0, 0, 0 } },
    { (void*)sSet14Frames, (void*)sDirectionAnims, (void*)sTiles14, 8, { 0, 0, 0 } },
    { (void*)sSet14Frames, (void*)sDirectionAnims, (void*)sTiles14, 9, { 0, 0, 0 } },
    { (void*)sSet14Frames, (void*)sDirectionAnims, (void*)sTiles14, 10, { 0, 0, 0 } },
    { (void*)sSet14Frames, (void*)sDirectionAnims, (void*)sTiles14, 11, { 0, 0, 0 } },
    { (void*)sSet14Frames, (void*)sDirectionAnims, (void*)sTiles14, 12, { 0, 0, 0 } },
    { (void*)sSet14Frames, (void*)sDirectionAnims, (void*)sTiles14, 13, { 0, 0, 0 } },
    { (void*)sSet14Frames, (void*)sDirectionAnims, (void*)sTiles14, 14, { 0, 0, 0 } },
    { (void*)sSet15Frames, (void*)sDirectionAnims, (void*)sTiles15, 15, { 0, 0, 0 } },
    { (void*)sSet15Frames, (void*)sDirectionAnims, (void*)sTiles15, 16, { 0, 0, 0 } },
    { (void*)sSet15Frames, (void*)sDirectionAnims, (void*)sTiles15, 17, { 0, 0, 0 } },
    { (void*)sSet15Frames, (void*)sDirectionAnims, (void*)sTiles15, 18, { 0, 0, 0 } },
    { (void*)sSet15Frames, (void*)sDirectionAnims, (void*)sTiles15, 19, { 0, 0, 0 } },
    { (void*)sSet15Frames, (void*)sDirectionAnims, (void*)sTiles15, 20, { 0, 0, 0 } },
    { (void*)sSet15Frames, (void*)sDirectionAnims, (void*)sTiles15, 21, { 0, 0, 0 } },
    { (void*)sSet15Frames, (void*)sDirectionAnims, (void*)sTiles15, 22, { 0, 0, 0 } },
    { (void*)sSet15Frames, (void*)sDirectionAnims, (void*)sTiles15, 23, { 0, 0, 0 } },
    { (void*)sSet15Frames, (void*)sDirectionAnims, (void*)sTiles15, 24, { 0, 0, 0 } },
    { (void*)sSet16Frames, (void*)sDirectionAnims, (void*)sTiles16, 25, { 0, 0, 0 } },
    { (void*)sSet16Frames, (void*)sDirectionAnims, (void*)sTiles16, 26, { 0, 0, 0 } },
    { (void*)sSet16Frames, (void*)sDirectionAnims, (void*)sTiles16, 27, { 0, 0, 0 } },
    { (void*)sSet16Frames, (void*)sDirectionAnims, (void*)sTiles16, 28, { 0, 0, 0 } },
    { (void*)sSet16Frames, (void*)sDirectionAnims, (void*)sTiles16, 29, { 0, 0, 0 } },
};
static const u8 sTiles17[] __attribute__((aligned(4))) = {
    0x00, 0x00, 0xC0, 0xCC, 0x00, 0x00, 0xCC, 0xEE, 0x00, 0xC0, 0xEC, 0xEE, 0x00, 0xC0, 0xEC, 0xEE,
    0x00, 0xC0, 0xEC, 0xEE, 0x00, 0xC0, 0xEC, 0xEE, 0x00, 0x00, 0xCE, 0xEE, 0x00, 0xE6, 0xEE, 0xEE,
    0x0C, 0x00, 0x00, 0x00, 0xEE, 0x00, 0x00, 0x00, 0xEE, 0x0E, 0x00, 0x00, 0xEE, 0x0E, 0x00, 0x00,
    0xEE, 0x0E, 0x00, 0x00, 0xEE, 0x0E, 0x00, 0x00, 0xEE, 0x00, 0x00, 0x00, 0x00, 0x00, 0xCC, 0xCC,
    0x40, 0xE4, 0x44, 0xEE, 0x24, 0x24, 0x42, 0xE4, 0x24, 0x22, 0x22, 0xE4, 0x2F, 0x22, 0x22, 0xE4,
    0x4F, 0xFF, 0x22, 0xE4, 0x4E, 0xFF, 0x22, 0xE4, 0x4E, 0xFE, 0x42, 0xE6, 0x44, 0xFE, 0x42, 0x46,
    0x0E, 0xC0, 0xCC, 0xEE, 0xEE, 0xC0, 0xEE, 0xEE, 0xEE, 0xCE, 0xEE, 0xEE, 0xEE, 0xEE, 0xEE, 0xEE,
    0xEE, 0xEE, 0xEE, 0xEE, 0xEE, 0xEE, 0xEE, 0xEE, 0xEE, 0x0E, 0xEE, 0xEE, 0xE4, 0x0E, 0x00, 0x00,
    0x2E, 0x42, 0x24, 0x24, 0x24, 0x22, 0x44, 0x2F, 0x44, 0x44, 0xFF, 0x44, 0xF4, 0xFF, 0x44, 0xF4,
    0xFF, 0x44, 0xFF, 0xFD, 0x3D, 0x5E, 0xE5, 0xE3, 0xEF, 0xFC, 0xCC, 0xE3, 0xE0, 0xF5, 0x55, 0x3E,
    0x42, 0x00, 0x00, 0x00, 0xF4, 0x00, 0x00, 0x00, 0x04, 0x00, 0x00, 0x00, 0x0C, 0x00, 0x00, 0x00,
    0xCE, 0x05, 0x00, 0x00, 0xFC, 0xFD, 0x00, 0x00, 0xB3, 0xEF, 0x0E, 0x00, 0xDD, 0xEF, 0xEE, 0x00,
    0xCE, 0x5F, 0xC5, 0xEE, 0xC5, 0xFC, 0xC5, 0x3E, 0xFE, 0xFC, 0xEC, 0xC3, 0xF0, 0xFF, 0x33, 0xDD,
    0xBF, 0xDB, 0xBD, 0xBB, 0xDF, 0xBB, 0xBD, 0xDB, 0xF0, 0xFD, 0xDF, 0xBB, 0x00, 0xEE, 0xF0, 0xDF,
    0xFC, 0x50, 0x53, 0x0E, 0x05, 0x35, 0xFF, 0x05, 0x5D, 0xF3, 0x33, 0x53, 0x3D, 0xFF, 0xFF, 0x53,
    0x5D, 0x3F, 0x3F, 0xEF, 0xDB, 0x5F, 0x53, 0x0E, 0xFB, 0xEE, 0xEE, 0x00, 0x0F, 0x00, 0x0E, 0x00,
    0x00, 0x00, 0xB5, 0x0D, 0x00, 0xC5, 0xEC, 0xDB, 0xC0, 0xEE, 0x3F, 0xDB, 0xE0, 0xCE, 0x3F, 0xDB,
    0xE0, 0xCE, 0xB3, 0xFD, 0x00, 0xEE, 0xDC, 0x3D, 0x00, 0xE0, 0xEE, 0xEE, 0x00, 0x00, 0x00, 0x00,
    0x30, 0xEE, 0x03, 0xE0, 0xC5, 0xFE, 0x0F, 0x30, 0xEE, 0xF3, 0xEF, 0xF0, 0x3D, 0x3F, 0xEF, 0x3F,
    0x3D, 0xE3, 0x0E, 0x3E, 0xED, 0xEE, 0x00, 0xEE, 0xEE, 0x00, 0x00, 0xE0, 0x00, 0x00, 0x00, 0xE0,
    0xEE, 0x00, 0xE0, 0x0E, 0xEE, 0x03, 0x00, 0xE0, 0xC3, 0xFC, 0x03, 0x00, 0x3F, 0xEE, 0xBB, 0x33,
    0xBF, 0xBD, 0xED, 0x3E, 0xDB, 0xDB, 0xE3, 0xEE, 0xFD, 0xDB, 0x3F, 0xEE, 0x3E, 0x3D, 0xC3, 0xEC,
    0x00, 0x0E, 0x00, 0x00, 0xEE, 0x00, 0x00, 0x00, 0x00, 0x00, 0x00, 0x00, 0x00, 0x00, 0x00, 0x00,
    0x03, 0x00, 0x00, 0x00, 0x0E, 0x00, 0x00, 0x00, 0x0E, 0x00, 0x00, 0x00, 0x0E, 0x00, 0x00, 0x00,
    0x00, 0x00, 0x00, 0x00, 0x00, 0x00, 0x00, 0x00, 0x00, 0x00, 0x00, 0x00, 0x00, 0x00, 0x00, 0x40,
    0x00, 0x00, 0x00, 0x40, 0x00, 0x00, 0x00, 0x20, 0x00, 0x00, 0x00, 0x46, 0x00, 0x00, 0x60, 0xEE,
    0x00, 0x00, 0xE0, 0xE5, 0x00, 0x00, 0x00, 0xEE, 0x00, 0x00, 0x00, 0x40, 0x00, 0x00, 0x00, 0x00,
    0x00, 0x00, 0x00, 0x00, 0x00, 0x55, 0x05, 0xE0, 0x50, 0xFF, 0xC3, 0xEE, 0xF5, 0x53, 0xFF, 0xE5,
    0x0C, 0x00, 0x00, 0x00, 0xEE, 0x00, 0x00, 0x00, 0xEE, 0x00, 0x00, 0x00, 0xEE, 0x00, 0x00, 0x00,
    0xEE, 0x00, 0x00, 0x00, 0x0E, 0x00, 0x00, 0x00, 0x00, 0x00, 0x00, 0x00, 0x00, 0x00, 0x00, 0x00,
    0xF5, 0xF5, 0xE3, 0x05, 0x50, 0xE3, 0x5E, 0x0E, 0xE0, 0x3F, 0xEE, 0x00, 0x00, 0xEE, 0x00, 0x00,
    0x00, 0x00, 0x00, 0x00, 0x00, 0x00, 0x00, 0x00, 0x00, 0x00, 0x00, 0x00, 0x00, 0x00, 0x00, 0x00,
    0xEE, 0xEE, 0xEE, 0xEE, 0x00, 0xEE, 0xEE, 0x00, 0x00, 0x00, 0x00, 0x00, 0x00, 0x00, 0x00, 0x00,
    0x00, 0x00, 0x00, 0x00, 0x00, 0x00, 0x00, 0x00, 0x00, 0x00, 0x00, 0x00, 0x00, 0x00, 0x00, 0x00,
};
static const u16 sSet17Frame0[] = {
    0x0006, 0x80D9, 0x81FC, 0x0000, 0x40F9, 0x41F4, 0x0008, 0x80E1, 0x01F4, 0x000C, 0x00E1, 0x000C,
    0x000E, 0x00F1, 0x01F4, 0x000F, 0x0001, 0x0004, 0x0010, 0x0000,
};
static const void* const sSet17Frames[] = { sSet17Frame0 };

static const u16 sHubAnim0[] = {
    0x0040, 0x0040, 0x0001, 0x0000, 0x000A,
};
static const u8 sTiles18[] __attribute__((aligned(4))) = {
    0x00, 0x00, 0x00, 0x00, 0x00, 0x00, 0x00, 0xC0, 0x00, 0x00, 0x00, 0xCC, 0x00, 0x00, 0x00, 0xCC,
    0x00, 0x00, 0x00, 0xCC, 0x00, 0x00, 0x00, 0xC0, 0x00, 0x00, 0x00, 0xE0, 0x00, 0x00, 0xE0, 0xEC,
    0xCC, 0xEE, 0x00, 0x00, 0xEC, 0xEE, 0x0E, 0x00, 0xEE, 0xEE, 0xEE, 0x00, 0xEE, 0xEE, 0xEE, 0x00,
    0xEE, 0xEE, 0xEE, 0x00, 0xEC, 0xEE, 0xEE, 0x00, 0xCC, 0xEE, 0x0E, 0x00, 0xEE, 0xEE, 0x0E, 0x00,
    0x00, 0x00, 0x46, 0x6C, 0x00, 0x40, 0x44, 0x44, 0x00, 0x40, 0x22, 0x22, 0x00, 0xF4, 0x22, 0x22,
    0x00, 0xF4, 0xF2, 0x2F, 0x00, 0xE4, 0xF2, 0x2F, 0x00, 0xE6, 0xE4, 0x2F, 0xEE, 0x44, 0xE4, 0x4F,
    0xC6, 0xEE, 0xEE, 0xC0, 0x64, 0xEE, 0xEE, 0xCE, 0x42, 0xEE, 0xEE, 0xCE, 0x42, 0xE6, 0xEE, 0xCE,
    0x42, 0xE6, 0xEE, 0xCE, 0x42, 0xE6, 0xEE, 0xEE, 0x44, 0xEE, 0xEE, 0x0E, 0x44, 0x4E, 0xE4, 0x0E,
    0x5E, 0x2E, 0x22, 0x44, 0xE0, 0x4E, 0x22, 0x22, 0x00, 0x4F, 0x44, 0x44, 0x00, 0xF5, 0x44, 0xFF,
    0x50, 0x53, 0xF3, 0x3E, 0xF5, 0xE3, 0x3F, 0xCE, 0xF5, 0xE5, 0x5F, 0x5E, 0x50, 0x5F, 0xEE, 0x5C,
    0x22, 0x44, 0xE4, 0x00, 0x44, 0x4F, 0x0F, 0x00, 0xFF, 0xC4, 0xD3, 0x0B, 0x44, 0xCE, 0xBF, 0x0D,
    0xCC, 0x33, 0xDB, 0xCE, 0xCF, 0x3E, 0xDD, 0xEE, 0x5F, 0xEC, 0xD3, 0xE0, 0xFC, 0xEC, 0x0E, 0x50,
    0x50, 0xF3, 0xE3, 0xE3, 0x00, 0xEE, 0xBE, 0x3F, 0x00, 0x00, 0xDB, 0xFD, 0x00, 0x00, 0xBD, 0xDD,
    0x00, 0x00, 0xFF, 0xFF, 0x00, 0xD0, 0x5C, 0x5F, 0x00, 0xBD, 0xFD, 0x5F, 0xC0, 0xDC, 0xDB, 0x3D,
    0xFE, 0x3E, 0xE3, 0x5E, 0xFF, 0xD3, 0x0F, 0xF5, 0xDF, 0xDD, 0x0F, 0xF5, 0xBF, 0xBD, 0x0F, 0x35,
    0xF5, 0xBB, 0xFD, 0xE0, 0xD3, 0xBB, 0xFD, 0x50, 0xD3, 0xFD, 0xFF, 0x00, 0xE3, 0xE3, 0x0E, 0x00,
    0xCE, 0x5F, 0x5B, 0x5D, 0xCE, 0x5F, 0x5D, 0xE5, 0x5C, 0x3F, 0x5D, 0xC5, 0xE0, 0x5C, 0x33, 0xEE,
    0x00, 0xEE, 0xEE, 0xD0, 0x00, 0x00, 0x00, 0xFE, 0x00, 0x00, 0x00, 0x5E, 0x00, 0x00, 0x00, 0xEE,
    0xEE, 0xEE, 0xFE, 0x00, 0x55, 0xC3, 0xF3, 0x00, 0xFE, 0xCE, 0x5F, 0x0F, 0xDD, 0xBB, 0xDB, 0x05,
    0xCF, 0xCC, 0xBF, 0x0D, 0xE5, 0xEE, 0xFF, 0x05, 0xCC, 0x5C, 0xF5, 0x0D, 0xEE, 0xCC, 0x5E, 0x0E,
    0x00, 0x00, 0x00, 0xE0, 0x00, 0x00, 0x00, 0x00, 0x00, 0x00, 0x00, 0x00, 0x00, 0x00, 0x00, 0x00,
    0x00, 0x00, 0x00, 0x00, 0x00, 0x00, 0x00, 0x00, 0x00, 0x00, 0x00, 0x00, 0x00, 0x00, 0x00, 0x00,
    0xEE, 0xEE, 0xEE, 0x00, 0xE0, 0xEE, 0x0E, 0x00, 0x00, 0x00, 0x00, 0x00, 0x00, 0x00, 0x00, 0x00,
    0x00, 0x00, 0x00, 0x00, 0x00, 0x00, 0x00, 0x00, 0x00, 0x00, 0x00, 0x00, 0x00, 0x00, 0x00, 0x00,
    0x00, 0x00, 0x00, 0x00, 0x00, 0x00, 0x00, 0x00, 0x00, 0x00, 0x00, 0x00, 0x00, 0x00, 0x00, 0x00,
    0x00, 0x00, 0x00, 0x00, 0x00, 0x00, 0x00, 0x00, 0x00, 0x00, 0x00, 0x00, 0xCC, 0xCC, 0x00, 0x00,
    0xCC, 0xCC, 0x0C, 0x00, 0xEC, 0xEE, 0xEC, 0x00, 0xEE, 0xEE, 0xEE, 0x00, 0xEE, 0xEE, 0xEE, 0x00,
    0xEE, 0xEE, 0xEE, 0x00, 0xEC, 0xEE, 0x0C, 0x00, 0xEE, 0xEE, 0x00, 0x00, 0x00, 0x00, 0x00, 0x00,
    0x00, 0x00, 0x00, 0x00, 0x00, 0x00, 0x00, 0x00, 0x00, 0x00, 0x00, 0x00, 0x00, 0x00, 0x00, 0x00,
    0x00, 0x00, 0x00, 0x0E, 0x5C, 0x00, 0xEE, 0x00, 0xFC, 0xE5, 0x00, 0x00, 0x53, 0x0E, 0x00, 0x00,
    0x35, 0xEF, 0x00, 0x00, 0xF3, 0xFF, 0x0E, 0x00, 0xF5, 0xFF, 0x0E, 0x00, 0xE3, 0xFF, 0x0E, 0x00,
    0x3E, 0x3F, 0x0E, 0x00, 0x3F, 0xE3, 0x00, 0x00, 0xEE, 0x0E, 0x00, 0x00, 0x00, 0x00, 0x00, 0x00,
    0x00, 0x00, 0x00, 0xC0, 0x00, 0x00, 0x00, 0xCC, 0x00, 0x00, 0xC0, 0xEC, 0x00, 0x00, 0xC0, 0xEC,
    0x00, 0x00, 0xC0, 0xEC, 0x00, 0x00, 0x00, 0xEC, 0x00, 0x00, 0x00, 0xEE, 0x00, 0x00, 0xC0, 0xCC,
    0xCC, 0x0E, 0x00, 0x00, 0xEE, 0xEE, 0x00, 0x00, 0xEE, 0xEE, 0x0E, 0x00, 0xEE, 0xEE, 0x0E, 0x00,
    0xEE, 0xEE, 0x0E, 0x00, 0xEE, 0xEE, 0x00, 0x00, 0xEE, 0x0E, 0x00, 0x00, 0xEC, 0xCE, 0x00, 0xC0,
    0x00, 0x00, 0xC4, 0x44, 0x00, 0x40, 0x44, 0x42, 0x00, 0x40, 0x22, 0x22, 0x00, 0x24, 0x22, 0x22,
    0x00, 0x2F, 0xFF, 0x22, 0x00, 0x23, 0xFF, 0x22, 0x00, 0x4E, 0xFE, 0x42, 0x60, 0x46, 0xFE, 0x44,
    0xE6, 0xEE, 0x0E, 0xCC, 0xC4, 0xEE, 0xEE, 0xCC, 0x64, 0xEE, 0xEE, 0xEC, 0x64, 0xEE, 0xEE, 0xEC,
    0x64, 0xEE, 0xEE, 0xEE, 0x64, 0xEE, 0xEE, 0xEE, 0xE4, 0xEE, 0xEE, 0x0E, 0x64, 0x44, 0xEE, 0x00,
    0xEC, 0x24, 0x22, 0x44, 0x5E, 0x2E, 0x22, 0x22, 0xE0, 0x4C, 0x44, 0x44, 0x00, 0x40, 0x44, 0xFF,
    0x00, 0x00, 0xE0, 0xEE, 0x00, 0x50, 0x5F, 0xE3, 0x00, 0x35, 0xF5, 0xFE, 0x00, 0xF5, 0x3E, 0xFE,
    0x22, 0x42, 0xE4, 0x00, 0x44, 0x4F, 0x04, 0x00, 0xFF, 0x44, 0xEC, 0x00, 0x44, 0xC4, 0xFC, 0x0E,
    0x55, 0xE3, 0xB3, 0xED, 0x5F, 0xCC, 0xDE, 0xEC, 0xC5, 0xFC, 0x5F, 0xEC, 0xFC, 0xC3, 0x3F, 0xEF,
    0x00, 0xF5, 0x5E, 0xFE, 0x00, 0x50, 0x5F, 0xCE, 0x00, 0x00, 0xEE, 0x35, 0x00, 0x00, 0x00, 0xDE,
    0x00, 0x00, 0x00, 0xB0, 0x00, 0x00, 0x00, 0xD0, 0x00, 0x00, 0x00, 0xF0, 0x00, 0x00, 0x00, 0x00,
    0xCC, 0xFC, 0xFF, 0xF5, 0x3C, 0x3F, 0xFF, 0xE3, 0xFC, 0xFC, 0xFF, 0x0E, 0xCF, 0xF3, 0x35, 0x0E,
    0xDB, 0xEE, 0xE3, 0x00, 0xBB, 0xED, 0xFE, 0x0F, 0xDD, 0xEF, 0xFE, 0xF5, 0xEE, 0xEE, 0x3E, 0x55,
    0x00, 0x00, 0x00, 0x00, 0x00, 0x00, 0x00, 0x00, 0x00, 0x00, 0x00, 0x00, 0x00, 0x00, 0x00, 0x00,
    0x00, 0x00, 0x00, 0x00, 0x00, 0x00, 0x00, 0x00, 0x00, 0x00, 0x00, 0x00, 0xCC, 0x0C, 0x00, 0x00,
    0xCC, 0xCC, 0x00, 0x00, 0xEE, 0xCE, 0x0C, 0x00, 0xEE, 0xEE, 0x0C, 0x00, 0xEE, 0xEE, 0x0E, 0x00,
    0xEE, 0xEE, 0x0E, 0x00, 0xEE, 0xEE, 0x00, 0x00, 0xEE, 0x0E, 0x00, 0x00, 0x00, 0x00, 0x00, 0x00,
    0x00, 0x00, 0x00, 0x00, 0x00, 0x00, 0x00, 0x00, 0x00, 0x00, 0x00, 0x00, 0x00, 0x00, 0x00, 0x00,
    0x00, 0x00, 0x00, 0x00, 0x00, 0x00, 0x00, 0x00, 0x00, 0x00, 0x00, 0x00, 0x00, 0x00, 0x00, 0xEE,
    0x0E, 0xE0, 0xEE, 0x00, 0xEE, 0x0E, 0x00, 0x00, 0x00, 0x00, 0x00, 0x00, 0x00, 0x00, 0x00, 0x00,
    0x00, 0x00, 0x00, 0x00, 0x00, 0x00, 0x00, 0x00, 0x00, 0x00, 0x00, 0x00, 0x0E, 0x00, 0x00, 0x00,
    0x00, 0xFF, 0xBD, 0xFF, 0xE0, 0xCC, 0xBE, 0xEE, 0xEC, 0xF5, 0xDB, 0xFB, 0xCE, 0xFF, 0xDB, 0xCD,
    0xEE, 0x55, 0x5D, 0xED, 0xE0, 0xFF, 0x53, 0xF5, 0x00, 0xEE, 0xEE, 0xEE, 0x00, 0x00, 0x00, 0x00,
    0xEE, 0xEF, 0x5C, 0x5F, 0xE3, 0xC5, 0x5C, 0x5F, 0xEF, 0xED, 0xFE, 0x5F, 0xDE, 0xBB, 0xBD, 0xDB,
    0xBF, 0xEC, 0xDB, 0xE3, 0xCE, 0xFC, 0xBF, 0xFD, 0xEE, 0xFC, 0x5F, 0xED, 0xCC, 0x5E, 0xF5, 0xEC,
    0x0E, 0x00, 0x00, 0x00, 0x0E, 0x00, 0x00, 0x00, 0x0E, 0x00, 0x00, 0x00, 0x0E, 0x00, 0x00, 0x00,
    0x0E, 0x00, 0x00, 0x00, 0x0E, 0x00, 0x00, 0x00, 0x00, 0x00, 0x00, 0x00, 0x00, 0x00, 0x00, 0x00,
    0xCE, 0xEC, 0xFE, 0x0E, 0xE0, 0xEE, 0xEE, 0x00, 0x00, 0x00, 0x00, 0x00, 0x00, 0x00, 0x00, 0x00,
    0x00, 0x00, 0x00, 0x00, 0x00, 0x00, 0x00, 0x00, 0x00, 0x00, 0x00, 0x00, 0x00, 0x00, 0x00, 0x00,
};
static const u16 sSet18Frame0[] = {
    0x0003, 0x80D9, 0x81F7, 0x0000, 0x00F9, 0x41F7, 0x0008, 0x80D9, 0x4007, 0x000C, 0x0000,
};
static const u16 sSet18Frame1[] = {
    0x0005, 0x80D7, 0x81F7, 0x0010, 0x80D7, 0x4007, 0x0018, 0x40F7, 0x01F7, 0x001C, 0x00F7, 0x0007,
    0x001E, 0x00FF, 0x01FF, 0x001F, 0x0000,
};
static const void* const sSet18Frames[] = { sSet18Frame0, sSet18Frame1 };

static const u16 sHubAnim1[] = {
    0x0040, 0x0040, 0x0002, 0x0000, 0x000A, 0x0001, 0x000A,
};
static const void* const sHubAnims[] = { sHubAnim0, sHubAnim1 };

// Standing and walking in the hub.
const AnimDef gRogueMickeyHubDefs[2] = {
    { (void*)sSet17Frames, (void*)sHubAnims, (void*)sTiles17, 0, { 0, 0, 0 } },
    { (void*)sSet18Frames, (void*)sHubAnims, (void*)sTiles18, 1, { 0, 0, 0 } },
};
