// Generated by tools/rogue_actors.py from mod_assets/sephiroth_mgssj2.png. Do not edit.
#include "rogue.h"
#include "anim.h"
#include "rogue_actor_art.h"

const u16 gRogueSephirothActorPalette[16] = {
    0x39E5, 0x675A, 0x62D7, 0x4213, 0x39AD, 0x2929, 0x2108, 0x00F2,
    0x18C6, 0x1CA5, 0x086A, 0x1084, 0x1464, 0x1063, 0x0842, 0x0000,
};

static const u16 sPoseAnim[] = { 0x0040, 0x0040, 0x0001, 0x0000, 0x00FF };
static const void* const sPoseAnims[] = { sPoseAnim };

static const u8 sTiles0[1856] __attribute__((aligned(4))) = {
    0x00, 0x00, 0x00, 0x00, 0x00, 0x00, 0x00, 0x00, 0x00, 0x00, 0x00, 0x00, 0x00, 0x00, 0x00, 0x00,
    0x05, 0x00, 0x00, 0x00, 0x52, 0x55, 0x55, 0x55, 0x33, 0x33, 0x22, 0x22, 0x58, 0x35, 0x33, 0x33,
    0x00, 0x00, 0x00, 0x00, 0x00, 0x00, 0x00, 0x00, 0x00, 0x00, 0x00, 0x00, 0x00, 0x00, 0x00, 0x00,
    0x00, 0x00, 0x00, 0x00, 0x55, 0x55, 0x55, 0x55, 0x12, 0x11, 0x11, 0x22, 0x22, 0x22, 0x22, 0x32,
    0x00, 0x00, 0x00, 0x00, 0x00, 0x00, 0x00, 0x00, 0x00, 0x00, 0x00, 0x00, 0x00, 0x00, 0x00, 0x00,
    0x00, 0x00, 0x00, 0x00, 0x55, 0x05, 0x00, 0x00, 0x22, 0x52, 0x55, 0x55, 0x33, 0x33, 0x33, 0x23,
    0x00, 0x00, 0x00, 0x00, 0x00, 0x00, 0x00, 0x00, 0x00, 0x00, 0x00, 0x00, 0x00, 0x00, 0x00, 0x00,
    0x00, 0x00, 0x00, 0x00, 0x00, 0x00, 0x00, 0x00, 0x55, 0x55, 0x55, 0x55, 0x22, 0x22, 0x22, 0x22,
    0x80, 0x88, 0x88, 0x88, 0x00, 0x00, 0x00, 0x00, 0x00, 0x00, 0x00, 0x00, 0x00, 0x00, 0x00, 0x00,
    0x00, 0x00, 0x00, 0x00, 0x00, 0x00, 0x00, 0x00, 0x00, 0x00, 0x00, 0x00, 0x00, 0x00, 0x00, 0x00,
    0x88, 0x88, 0x88, 0x88, 0x00, 0x00, 0x00, 0x00, 0x00, 0x00, 0x00, 0x00, 0x00, 0x00, 0x00, 0x00,
    0x00, 0x00, 0x00, 0x00, 0x00, 0x00, 0x00, 0x00, 0x00, 0x00, 0x00, 0x00, 0x00, 0x00, 0x00, 0x00,
    0x88, 0x58, 0x55, 0x55, 0x00, 0x80, 0x88, 0x88, 0x00, 0x00, 0x00, 0x00, 0x00, 0x00, 0x00, 0x00,
    0x00, 0x00, 0x00, 0x00, 0x00, 0x00, 0x00, 0x00, 0x00, 0x00, 0x00, 0x00, 0x00, 0x00, 0x00, 0x00,
    0x33, 0x33, 0x33, 0x33, 0x88, 0x88, 0x88, 0x88, 0x00, 0x00, 0x00, 0x00, 0x00, 0x00, 0x00, 0x00,
    0x00, 0x00, 0x00, 0x00, 0x00, 0x00, 0x00, 0x00, 0x00, 0x00, 0x00, 0x00, 0x00, 0x00, 0x00, 0x00,
    0x00, 0x00, 0x00, 0x00, 0x00, 0x00, 0x00, 0x00, 0x00, 0x00, 0x00, 0x00, 0x00, 0x00, 0x00, 0x00,
    0x00, 0x00, 0x00, 0x00, 0x00, 0x00, 0x00, 0x00, 0x55, 0x55, 0x55, 0x55, 0x22, 0x22, 0x22, 0x12,
    0x00, 0x00, 0x00, 0x00, 0x00, 0x00, 0x00, 0x00, 0x00, 0x00, 0x00, 0x00, 0x00, 0x00, 0x00, 0x00,
    0x00, 0x00, 0x00, 0x00, 0x00, 0x00, 0x00, 0x00, 0x55, 0x55, 0x55, 0x55, 0x11, 0x11, 0x11, 0x11,
    0x00, 0x00, 0x00, 0x00, 0x00, 0x00, 0x00, 0x00, 0x00, 0x00, 0x00, 0x00, 0x00, 0x00, 0x00, 0x00,
    0x00, 0x00, 0x00, 0x00, 0x00, 0x00, 0x00, 0x00, 0x55, 0x55, 0x55, 0x55, 0x21, 0x22, 0x22, 0x22,
    0x00, 0x00, 0x00, 0x00, 0x00, 0x00, 0x00, 0x00, 0x00, 0x00, 0x00, 0x00, 0x00, 0x00, 0x00, 0x00,
    0x00, 0x00, 0x00, 0x00, 0x00, 0x00, 0x00, 0x00, 0x55, 0x55, 0x55, 0x55, 0x22, 0x22, 0x22, 0x22,
    0x23, 0x22, 0x22, 0x22, 0x88, 0x88, 0x88, 0x88, 0x00, 0x00, 0x00, 0x00, 0x00, 0x00, 0x00, 0x00,
    0x00, 0x00, 0x00, 0x00, 0x00, 0x00, 0x00, 0x00, 0x00, 0x00, 0x00, 0x00, 0x00, 0x00, 0x00, 0x00,
    0x22, 0x22, 0x22, 0x22, 0x88, 0x88, 0x88, 0x88, 0x00, 0x00, 0x00, 0x00, 0x00, 0x00, 0x00, 0x00,
    0x00, 0x00, 0x00, 0x00, 0x00, 0x00, 0x00, 0x00, 0x00, 0x00, 0x00, 0x00, 0x00, 0x00, 0x00, 0x00,
    0x22, 0x22, 0x22, 0x32, 0x88, 0x88, 0x88, 0x88, 0x00, 0x00, 0x00, 0x00, 0x00, 0x00, 0x00, 0x00,
    0x00, 0x00, 0x00, 0x00, 0x00, 0x00, 0x00, 0x00, 0x00, 0x00, 0x00, 0x00, 0x00, 0x00, 0x00, 0x00,
    0x33, 0x33, 0x33, 0x33, 0x88, 0x88, 0x88, 0x88, 0x00, 0x00, 0x00, 0x00, 0x00, 0x00, 0x00, 0x00,
    0x00, 0x00, 0x00, 0x00, 0x00, 0x00, 0x00, 0x00, 0x00, 0x00, 0x00, 0x00, 0x00, 0x00, 0x00, 0x00,
    0x00, 0x00, 0x00, 0x00, 0x00, 0x00, 0x00, 0x00, 0x00, 0x00, 0x00, 0x00, 0x00, 0x00, 0x00, 0x00,
    0x00, 0x00, 0x00, 0x00, 0x00, 0x00, 0x00, 0x00, 0x55, 0x55, 0x55, 0x55, 0x22, 0x22, 0x22, 0x22,
    0x00, 0xE0, 0xA2, 0x12, 0x00, 0xE0, 0xA2, 0x21, 0x00, 0x00, 0xAE, 0x11, 0xA0, 0x00, 0xA0, 0x12,
    0x7A, 0xEA, 0xEE, 0x2A, 0x1A, 0x2A, 0x21, 0xEE, 0x1A, 0x1A, 0x11, 0x5E, 0x1A, 0xFA, 0xEF, 0x86,
    0xEE, 0xE2, 0x32, 0x21, 0x16, 0x22, 0x37, 0x22, 0x11, 0x21, 0xEA, 0x23, 0x11, 0x72, 0xEA, 0x33,
    0x21, 0xA2, 0xEE, 0xEE, 0xA7, 0x7A, 0xEE, 0xEE, 0xEE, 0xFF, 0x6E, 0x85, 0x58, 0x2E, 0x6E, 0x56,
    0x0E, 0x00, 0x00, 0x00, 0x0E, 0x00, 0x00, 0x00, 0xE2, 0x00, 0x00, 0x00, 0xEE, 0xEE, 0x0E, 0x00,
    0x5E, 0x23, 0xE2, 0x0E, 0xFF, 0xFF, 0x52, 0x0E, 0xDE, 0xFF, 0x21, 0x0E, 0xE8, 0x15, 0x33, 0xEE,
    0x33, 0x33, 0x33, 0x53, 0x88, 0x88, 0x88, 0x88, 0x00, 0x00, 0x00, 0x5E, 0x00, 0x00, 0xE0, 0xE8,
    0x00, 0x00, 0xE0, 0x66, 0x00, 0x00, 0x6E, 0xE5, 0x00, 0x00, 0x8E, 0xE6, 0x00, 0x00, 0x8E, 0x86,
    0x7A, 0xDA, 0x8E, 0x68, 0x7A, 0xEA, 0xE6, 0x86, 0x7A, 0x6E, 0x66, 0x8E, 0x7A, 0x6E, 0x88, 0xE6,
    0xEE, 0x86, 0x88, 0xE8, 0x6E, 0x66, 0x86, 0xBE, 0x88, 0x56, 0xE5, 0xBE, 0x86, 0x68, 0x8E, 0xBB,
    0x66, 0xFE, 0x5E, 0x68, 0xE5, 0x28, 0xEE, 0x86, 0x8E, 0x82, 0xEA, 0xEE, 0x7E, 0x22, 0xEA, 0x8E,
    0xEB, 0xA7, 0xBE, 0xEE, 0xBB, 0xEE, 0xBB, 0xEE, 0xBB, 0x88, 0xBB, 0xEB, 0x88, 0x88, 0xB8, 0xBB,
    0xE6, 0x3E, 0xEE, 0x88, 0xE8, 0xE8, 0xEE, 0xEE, 0x8E, 0x68, 0x86, 0x86, 0x88, 0x86, 0x68, 0x65,
    0x88, 0x65, 0x68, 0x56, 0x68, 0x65, 0x68, 0x85, 0x6E, 0xE6, 0xEE, 0xEE, 0xEE, 0x3E, 0x0E, 0x00,
    0x00, 0x00, 0x00, 0x00, 0x00, 0x00, 0x00, 0x00, 0x00, 0x00, 0x00, 0x00, 0x00, 0x00, 0x00, 0x00,
    0x00, 0x00, 0x00, 0x00, 0x00, 0x00, 0x00, 0x00, 0x00, 0x00, 0x00, 0xE0, 0x00, 0x00, 0x00, 0xE0,
    0xE0, 0x88, 0x68, 0x86, 0xE0, 0x88, 0x68, 0x86, 0xE0, 0x88, 0x66, 0x86, 0x8E, 0x88, 0x66, 0x88,
    0x8E, 0x88, 0x66, 0x88, 0x8E, 0x88, 0x66, 0x88, 0x88, 0x68, 0x86, 0x88, 0x88, 0x68, 0x86, 0x88,
    0x88, 0xBE, 0xBE, 0xBB, 0x88, 0xBE, 0xBE, 0xBB, 0x58, 0xBE, 0x1E, 0xBB, 0x88, 0xBE, 0xBE, 0xBB,
    0x88, 0xBE, 0xBE, 0xBB, 0x18, 0xBE, 0x3E, 0xBB, 0xB8, 0xBE, 0xBE, 0xBB, 0xB8, 0xBE, 0xBE, 0xBB,
    0x8B, 0xB8, 0xEB, 0x00, 0x8B, 0xB8, 0xEB, 0x00, 0x8B, 0xB8, 0xBB, 0x0E, 0xBB, 0x88, 0xBB, 0x0E,
    0xBB, 0xBB, 0xBB, 0xEB, 0xBB, 0xBB, 0xBB, 0xEB, 0xBB, 0xBB, 0xBB, 0xEB, 0xBB, 0xBB, 0xBB, 0xEB,
    0x00, 0x00, 0x00, 0xE0, 0x00, 0x00, 0x00, 0x8E, 0x00, 0x00, 0x00, 0x8E, 0x00, 0x00, 0x00, 0x8E,
    0x00, 0x00, 0x00, 0x8E, 0x00, 0x00, 0x00, 0x8E, 0x00, 0x00, 0x00, 0xE0, 0x00, 0x00, 0x00, 0x00,
    0x88, 0x68, 0x88, 0x88, 0x88, 0x88, 0x88, 0xB8, 0x88, 0x88, 0x88, 0xB8, 0x88, 0x88, 0x88, 0xBB,
    0x88, 0x88, 0x88, 0xBB, 0x88, 0x88, 0xB8, 0xBB, 0x8E, 0xBB, 0xBB, 0xBB, 0xEE, 0xEE, 0xBB, 0xBB,
    0xBB, 0xBE, 0xBE, 0xBB, 0x5B, 0xBE, 0x1E, 0xBB, 0xEB, 0xBB, 0xEB, 0xBB, 0xEB, 0xBB, 0xEB, 0xBB,
    0xEB, 0xBB, 0xEB, 0xBB, 0xEB, 0xBB, 0xEB, 0xBB, 0xE1, 0xEE, 0xEE, 0xB3, 0xEB, 0x00, 0xE0, 0xBE,
    0xBB, 0xBB, 0xBB, 0xEB, 0xBB, 0xBB, 0xBB, 0xBB, 0xBB, 0xBB, 0xBB, 0xBB, 0xBB, 0xBB, 0xBB, 0xBB,
    0xBB, 0xBB, 0xBB, 0xBB, 0xBB, 0xBB, 0xBB, 0xEB, 0xBB, 0xBB, 0xBB, 0xEE, 0xBB, 0xEB, 0xEE, 0xEB,
    0x65, 0xE6, 0x8E, 0x8B, 0x56, 0x0E, 0x8E, 0x88, 0xE6, 0x00, 0x8E, 0x88, 0x0E, 0x00, 0x8E, 0x88,
    0x00, 0x00, 0x8E, 0x68, 0x00, 0xE0, 0x8B, 0x68, 0x00, 0xE0, 0x8B, 0x68, 0x00, 0xE0, 0x8B, 0x68,
    0x86, 0x13, 0x88, 0xBB, 0x86, 0x88, 0x68, 0xB8, 0x86, 0x88, 0x68, 0xB8, 0x86, 0x88, 0x68, 0xB8,
    0x86, 0x88, 0x88, 0x86, 0x86, 0x18, 0x85, 0x86, 0x86, 0x88, 0x88, 0x86, 0x86, 0x88, 0x88, 0x86,
    0x00, 0xE0, 0x8B, 0x68, 0x00, 0xBE, 0x8B, 0x68, 0x00, 0xBE, 0x88, 0x66, 0x00, 0xBE, 0x88, 0x66,
    0x00, 0xBE, 0x88, 0x66, 0xE0, 0x8B, 0x88, 0x66, 0xE0, 0x8B, 0x88, 0x66, 0xE0, 0x88, 0x68, 0x66,
    0x86, 0x88, 0x88, 0x66, 0x86, 0x85, 0x81, 0x68, 0x86, 0xE8, 0xBB, 0x88, 0x86, 0xE8, 0xBB, 0x8B,
    0x88, 0xE1, 0xB5, 0x8B, 0x88, 0xE8, 0xBB, 0x8B, 0x88, 0xE8, 0xBB, 0x8B, 0x88, 0xE8, 0xBB, 0xBB,
    0x00, 0x00, 0x00, 0x00, 0x00, 0x00, 0x00, 0x00, 0x00, 0x00, 0x00, 0x00, 0x00, 0x00, 0x00, 0x00,
    0x00, 0x00, 0x00, 0x00, 0x00, 0x00, 0x00, 0x00, 0x00, 0x00, 0x00, 0x00, 0x00, 0x00, 0x00, 0xE0,
    0x6E, 0x88, 0xEE, 0xBB, 0x6E, 0x88, 0xBB, 0xEE, 0x6E, 0x88, 0xBB, 0x0E, 0x6E, 0x88, 0xBB, 0x0E,
    0x8E, 0x88, 0xBB, 0x0E, 0x8E, 0x88, 0xBB, 0x0E, 0x8E, 0xB8, 0xEB, 0x00, 0x86, 0xB8, 0xEB, 0x00,
    0x00, 0x00, 0x00, 0xE0, 0x00, 0x00, 0x00, 0xE0, 0x00, 0x00, 0x00, 0xE0, 0x00, 0x00, 0x00, 0xE0,
    0x00, 0x00, 0x00, 0xE0, 0x00, 0x00, 0xEE, 0x8E, 0x00, 0xEE, 0xBB, 0x88, 0xEE, 0x68, 0x86, 0xB8,
    0x86, 0xB8, 0xEB, 0x00, 0x86, 0xB8, 0x0E, 0x00, 0x88, 0xBB, 0x0E, 0x00, 0x88, 0xEB, 0x00, 0x00,
    0xBB, 0x0E, 0x00, 0x00, 0xB8, 0x0E, 0x00, 0x00, 0xBB, 0xEB, 0x00, 0x00, 0xBB, 0xEB, 0x00, 0x00,
    0xEE, 0x8E, 0xBB, 0xEB, 0x00, 0x8E, 0xB8, 0xBB, 0x00, 0x8E, 0xB8, 0xBB, 0x00, 0x8E, 0xB8, 0xBB,
    0x00, 0x8E, 0xB8, 0xBB, 0x00, 0x8E, 0xB8, 0xBB, 0x00, 0xE0, 0x88, 0xBB, 0x00, 0xE0, 0x88, 0xBB,
    0x00, 0x00, 0x00, 0x00, 0x0E, 0x00, 0x00, 0x00, 0x0E, 0x00, 0x00, 0x00, 0x0E, 0x00, 0x00, 0x00,
    0x0E, 0x00, 0x00, 0x00, 0x0E, 0x00, 0x00, 0x00, 0x0E, 0x00, 0x00, 0x00, 0x0E, 0x00, 0x00, 0x00,
    0x00, 0xE0, 0x88, 0xBB, 0x00, 0x00, 0x8E, 0x88, 0x00, 0x00, 0xBE, 0x88, 0x00, 0x00, 0xBE, 0x8B,
    0x00, 0x00, 0xBE, 0x88, 0x00, 0x00, 0xBE, 0x8B, 0x00, 0x00, 0xE0, 0xBB, 0x00, 0x00, 0x00, 0xEE,
    0x0E, 0x00, 0x00, 0x00, 0xEB, 0x00, 0x00, 0x00, 0xEB, 0x00, 0x00, 0x00, 0xEB, 0x00, 0x00, 0x00,
    0xE8, 0x00, 0x00, 0x00, 0xB8, 0xEE, 0x0E, 0x00, 0x88, 0x66, 0xEB, 0x00, 0xBB, 0x88, 0xB8, 0x0E,
    0x00, 0x00, 0x00, 0x00, 0x00, 0x00, 0x00, 0x3E, 0x00, 0x00, 0xE0, 0x32, 0x00, 0x00, 0x2E, 0x12,
    0x00, 0x00, 0x13, 0xE1, 0x00, 0xE0, 0xE1, 0xEE, 0x00, 0xE0, 0x71, 0xE1, 0x00, 0xE0, 0x72, 0x12,
    0xEE, 0xEE, 0x0E, 0x00, 0x33, 0x13, 0xE2, 0x00, 0x11, 0xE2, 0x11, 0x0E, 0x1E, 0x22, 0x1E, 0x0E,
    0xE2, 0x21, 0x2E, 0xE2, 0x22, 0xEE, 0xEE, 0xE2, 0x33, 0x33, 0xE3, 0x22, 0x11, 0xEE, 0x31, 0x23,
    0xBE, 0x8B, 0xB8, 0xBB, 0xE0, 0xEE, 0xEE, 0xEE, 0x00, 0x00, 0x00, 0x00, 0x00, 0x00, 0x00, 0x00,
    0x00, 0x00, 0x00, 0x00, 0x00, 0x00, 0x00, 0x00, 0x00, 0x00, 0x00, 0x00, 0x00, 0x00, 0x00, 0x00,
    0xEE, 0x0E, 0x00, 0x00, 0x00, 0x00, 0x00, 0x00, 0x00, 0x00, 0x00, 0x00, 0x00, 0x00, 0x00, 0x00,
    0x00, 0x00, 0x00, 0x00, 0x00, 0x00, 0x00, 0x00, 0x00, 0x00, 0x00, 0x00, 0x00, 0x00, 0x00, 0x00,
    0x00, 0x00, 0x00, 0x00, 0x00, 0x00, 0x00, 0x00, 0x00, 0x00, 0x00, 0x00, 0x00, 0x00, 0x00, 0x00,
    0x00, 0x00, 0x00, 0x00, 0x00, 0x00, 0x00, 0x00, 0x00, 0x00, 0x00, 0x00, 0x0E, 0x00, 0x00, 0x00,
    0xE6, 0x0E, 0x00, 0x00, 0x68, 0xE6, 0x00, 0x00, 0x56, 0xE5, 0x00, 0x00, 0x66, 0x56, 0x0E, 0x00,
    0x86, 0x68, 0x0E, 0x00, 0xE8, 0xEE, 0x0E, 0x00, 0x0E, 0x00, 0x00, 0x00, 0x00, 0x00, 0x00, 0x00,
    0xBB, 0x3E, 0x0E, 0x00, 0xBB, 0x3E, 0x0E, 0x00, 0xBB, 0x2E, 0x0E, 0x00, 0xBB, 0x2E, 0xE3, 0x00,
    0xBB, 0xEB, 0xE3, 0x00, 0xBB, 0xEB, 0xE3, 0x00, 0xBB, 0xEB, 0xE2, 0x00, 0xB8, 0xEB, 0xE2, 0x0E,
    0xB8, 0xEB, 0x32, 0x0E, 0x88, 0xEB, 0x32, 0x0E, 0x88, 0xBB, 0x3E, 0x0E, 0x88, 0xBB, 0xEE, 0x00,
    0x88, 0xBB, 0x0E, 0x00, 0x88, 0xB8, 0x0E, 0x00, 0x88, 0xB8, 0x0E, 0x00, 0x88, 0xB8, 0xEB, 0x00,
    0x00, 0x00, 0x00, 0x00, 0x00, 0x00, 0x00, 0x00, 0x00, 0x00, 0x00, 0x00, 0x00, 0x00, 0x00, 0x00,
    0x00, 0x00, 0x00, 0x00, 0x00, 0x00, 0x00, 0x00, 0x0E, 0x00, 0x00, 0x00, 0x0E, 0x00, 0x00, 0x00,
    0x00, 0x00, 0x00, 0x00, 0x00, 0x00, 0x00, 0x00, 0x00, 0x00, 0x00, 0x00, 0x58, 0x55, 0x05, 0x00,
    0x58, 0x23, 0x52, 0x55, 0x80, 0x58, 0x33, 0x23, 0x00, 0x80, 0x58, 0x35, 0x00, 0x00, 0x80, 0x88,
    0x00, 0x00, 0x8E, 0x66, 0x00, 0x00, 0xE0, 0x68, 0x00, 0x00, 0xE0, 0x88, 0x00, 0x00, 0x00, 0xEE,
    0x00, 0x00, 0x00, 0x00, 0x00, 0x00, 0x00, 0x00, 0x00, 0x00, 0x00, 0x00, 0x00, 0x00, 0x00, 0x00,
    0x00, 0x00, 0x00, 0x00, 0x0E, 0x00, 0x00, 0x00, 0x0E, 0x00, 0x00, 0x00, 0x0E, 0x00, 0x00, 0x00,
    0x0E, 0x00, 0x00, 0x00, 0x00, 0x00, 0x00, 0x00, 0x00, 0x00, 0x00, 0x00, 0x00, 0x00, 0x00, 0x00,
    0x0E, 0x00, 0x00, 0xE0, 0x00, 0x00, 0x00, 0x00, 0x00, 0x00, 0x00, 0x00, 0x00, 0x00, 0x00, 0x00,
    0x00, 0x00, 0x00, 0x00, 0x00, 0x00, 0x00, 0x00, 0x00, 0x00, 0x00, 0x00, 0x00, 0x00, 0x00, 0x00,
    0xEE, 0xEE, 0xEE, 0x0E, 0x00, 0x00, 0x00, 0x00, 0x00, 0x00, 0x00, 0x00, 0x00, 0x00, 0x00, 0x00,
    0x00, 0x00, 0x00, 0x00, 0x00, 0x00, 0x00, 0x00, 0x00, 0x00, 0x00, 0x00, 0x00, 0x00, 0x00, 0x00,
};
static const u16 sFrame0[] = {
    0x0011, 0x40BE, 0x81B3, 0x0000, 0x40BE, 0x81D3, 0x0008, 0x40BE, 0x81F3, 0x0010, 0x40DE, 0x81F3,
    0x0018, 0x00CE, 0x41FB, 0x0020, 0x00EE, 0x41F3, 0x0024, 0x00EE, 0x400B, 0x0028, 0x40B6, 0x01FB,
    0x002C, 0x40FE, 0x01F3, 0x002E, 0x80BE, 0x0013, 0x0030, 0x80CE, 0x000B, 0x0032, 0x00B6, 0x000B,
    0x0034, 0x00BE, 0x01AB, 0x0035, 0x00CE, 0x01F3, 0x0036, 0x00E6, 0x0013, 0x0037, 0x00EE, 0x0003,
    0x0038, 0x00FE, 0x0013, 0x0039, 0x0000,
};
static const void* const sFrames0[] = { sFrame0 };
static const u8 sTiles1[1856] __attribute__((aligned(4))) = {
    0x00, 0x00, 0x00, 0x00, 0x00, 0x00, 0x00, 0x00, 0x00, 0x00, 0x00, 0x00, 0x00, 0x00, 0x00, 0x00,
    0x05, 0x00, 0x00, 0x00, 0x52, 0x55, 0x55, 0x55, 0x33, 0x33, 0x22, 0x22, 0x58, 0x35, 0x33, 0x33,
    0x00, 0x00, 0x00, 0x00, 0x00, 0x00, 0x00, 0x00, 0x00, 0x00, 0x00, 0x00, 0x00, 0x00, 0x00, 0x00,
    0x00, 0x00, 0x00, 0x00, 0x55, 0x55, 0x55, 0x55, 0x12, 0x11, 0x11, 0x22, 0x22, 0x22, 0x22, 0x32,
    0x00, 0x00, 0x00, 0x00, 0x00, 0x00, 0x00, 0x00, 0x00, 0x00, 0x00, 0x00, 0x00, 0x00, 0x00, 0x00,
    0x00, 0x00, 0x00, 0x00, 0x55, 0x05, 0x00, 0x00, 0x22, 0x52, 0x55, 0x55, 0x33, 0x33, 0x33, 0x23,
    0x00, 0x00, 0x00, 0x00, 0x00, 0x00, 0x00, 0x00, 0x00, 0x00, 0x00, 0x00, 0x00, 0x00, 0x00, 0x00,
    0x00, 0x00, 0x00, 0x00, 0x00, 0x00, 0x00, 0x00, 0x55, 0x55, 0x55, 0x55, 0x22, 0x22, 0x22, 0x22,
    0x80, 0x88, 0x88, 0x88, 0x00, 0x00, 0x00, 0x00, 0x00, 0x00, 0x00, 0x00, 0x00, 0x00, 0x00, 0x00,
    0x00, 0x00, 0x00, 0x00, 0x00, 0x00, 0x00, 0x00, 0x00, 0x00, 0x00, 0x00, 0x00, 0x00, 0x00, 0x00,
    0x88, 0x88, 0x88, 0x88, 0x00, 0x00, 0x00, 0x00, 0x00, 0x00, 0x00, 0x00, 0x00, 0x00, 0x00, 0x00,
    0x00, 0x00, 0x00, 0x00, 0x00, 0x00, 0x00, 0x00, 0x00, 0x00, 0x00, 0x00, 0x00, 0x00, 0x00, 0x00,
    0x88, 0x58, 0x55, 0x55, 0x00, 0x80, 0x88, 0x88, 0x00, 0x00, 0x00, 0x00, 0x00, 0x00, 0x00, 0x00,
    0x00, 0x00, 0x00, 0x00, 0x00, 0x00, 0x00, 0x00, 0x00, 0x00, 0x00, 0x00, 0x00, 0x00, 0x00, 0x00,
    0x33, 0x33, 0x33, 0x33, 0x88, 0x88, 0x88, 0x88, 0x00, 0x00, 0x00, 0x00, 0x00, 0x00, 0x00, 0x00,
    0x00, 0x00, 0x00, 0x00, 0x00, 0x00, 0x00, 0x00, 0x00, 0x00, 0x00, 0x00, 0x00, 0x00, 0x00, 0x00,
    0x00, 0x00, 0x00, 0x00, 0x00, 0x00, 0x00, 0x00, 0x00, 0x00, 0x00, 0x00, 0x00, 0x00, 0x00, 0x00,
    0x00, 0x00, 0x00, 0x00, 0x00, 0x00, 0x00, 0x00, 0x55, 0x55, 0x55, 0x55, 0x22, 0x22, 0x22, 0x12,
    0x00, 0x00, 0x00, 0x00, 0x00, 0x00, 0x00, 0x00, 0x00, 0x00, 0x00, 0x00, 0x00, 0x00, 0x00, 0x00,
    0x00, 0x00, 0x00, 0x00, 0x00, 0x00, 0x00, 0x00, 0x55, 0x55, 0x55, 0x55, 0x11, 0x11, 0x11, 0x11,
    0x00, 0x00, 0x00, 0x00, 0x00, 0x00, 0x00, 0x00, 0x00, 0x00, 0x00, 0x00, 0x00, 0x00, 0x00, 0x00,
    0x00, 0x00, 0x00, 0x00, 0x00, 0x00, 0x00, 0x00, 0x55, 0x55, 0x55, 0x55, 0x21, 0x22, 0x22, 0x22,
    0x00, 0x00, 0x00, 0x00, 0x00, 0x00, 0x00, 0x00, 0x00, 0x00, 0x00, 0x00, 0x00, 0x00, 0x00, 0x00,
    0x00, 0x00, 0x00, 0x00, 0x00, 0x00, 0x00, 0x00, 0x55, 0x55, 0x55, 0x55, 0x22, 0x22, 0x22, 0x22,
    0x23, 0x22, 0x22, 0x22, 0x88, 0x88, 0x88, 0x88, 0x00, 0x00, 0x00, 0x00, 0x00, 0x00, 0x00, 0x00,
    0x00, 0x00, 0x00, 0x00, 0x00, 0x00, 0x00, 0x00, 0x00, 0x00, 0x00, 0x00, 0x00, 0x00, 0x00, 0x00,
    0x22, 0x22, 0x22, 0x22, 0x88, 0x88, 0x88, 0x88, 0x00, 0x00, 0x00, 0x00, 0x00, 0x00, 0x00, 0x00,
    0x00, 0x00, 0x00, 0x00, 0x00, 0x00, 0x00, 0x00, 0x00, 0x00, 0x00, 0x00, 0x00, 0x00, 0x00, 0x00,
    0x22, 0x22, 0x22, 0x32, 0x88, 0x88, 0x88, 0x88, 0x00, 0x00, 0x00, 0x00, 0x00, 0x00, 0x00, 0x00,
    0x00, 0x00, 0x00, 0x00, 0x00, 0x00, 0x00, 0x00, 0x00, 0x00, 0x00, 0x00, 0x00, 0x00, 0x00, 0x00,
    0x33, 0x33, 0x33, 0x33, 0x88, 0x88, 0x88, 0x88, 0x00, 0x00, 0x00, 0x00, 0x00, 0x00, 0x00, 0x00,
    0x00, 0x00, 0x00, 0x00, 0x00, 0x00, 0x00, 0x00, 0x00, 0x00, 0x00, 0x00, 0x00, 0x00, 0x00, 0x00,
    0x00, 0x00, 0x00, 0x00, 0x00, 0x00, 0x00, 0x00, 0x00, 0x00, 0x00, 0x00, 0x00, 0x00, 0x00, 0x00,
    0x00, 0x00, 0x00, 0x00, 0x00, 0x00, 0x00, 0x00, 0x55, 0x55, 0x55, 0x55, 0x22, 0x22, 0x22, 0x22,
    0x00, 0xE0, 0xA2, 0x12, 0x00, 0xE0, 0xA2, 0x21, 0x00, 0x00, 0xAE, 0x11, 0xA0, 0x00, 0xA0, 0x12,
    0x7A, 0xEA, 0xEE, 0x2A, 0x1A, 0x2A, 0x21, 0xEE, 0x1A, 0x1A, 0x11, 0x5E, 0x1A, 0xFA, 0xEF, 0x86,
    0xEE, 0xE2, 0x32, 0x21, 0x16, 0x22, 0x37, 0x22, 0x11, 0x21, 0xEA, 0x23, 0x11, 0x72, 0xEA, 0x33,
    0x21, 0xA2, 0xEE, 0xEE, 0xA7, 0x7A, 0xEE, 0xEE, 0xEE, 0xFF, 0x6E, 0x85, 0x58, 0x2E, 0x6E, 0x56,
    0x0E, 0x00, 0x00, 0x00, 0xE3, 0x00, 0x00, 0x00, 0xE2, 0x00, 0x00, 0x00, 0xEE, 0xEE, 0x0E, 0x00,
    0x5E, 0x23, 0xE2, 0x0E, 0xFF, 0xFF, 0x52, 0x0E, 0xDE, 0xFF, 0x21, 0x0E, 0xE8, 0x15, 0x33, 0xEE,
    0x33, 0x33, 0x33, 0x53, 0x88, 0x88, 0x88, 0x88, 0x00, 0x00, 0x00, 0x5E, 0x00, 0x00, 0xE0, 0xE8,
    0x00, 0x00, 0xE0, 0x66, 0x00, 0x00, 0x6E, 0xE5, 0x00, 0x00, 0x8E, 0xE6, 0x00, 0x00, 0x8E, 0x86,
    0x7A, 0xDA, 0x8E, 0x68, 0x7A, 0xEA, 0xE6, 0x86, 0x7A, 0x6E, 0x66, 0x8E, 0x7A, 0x6E, 0x88, 0xE6,
    0xEE, 0x86, 0x88, 0xE8, 0x6E, 0x66, 0x86, 0xBE, 0x88, 0x56, 0xE5, 0xBE, 0x86, 0x68, 0x8E, 0xBB,
    0x66, 0xFE, 0x5E, 0x68, 0xE5, 0x28, 0xEE, 0x86, 0x8E, 0x82, 0xEA, 0xEE, 0x7E, 0x22, 0xEA, 0x8E,
    0xEB, 0xA7, 0xBE, 0xEE, 0xBB, 0xEE, 0xBB, 0xEE, 0xBB, 0x88, 0xBB, 0xEB, 0x8B, 0x88, 0xB8, 0xBB,
    0xE6, 0x3E, 0xEE, 0x88, 0xE8, 0xE8, 0xEE, 0xEE, 0x8E, 0x68, 0x86, 0x86, 0x88, 0x86, 0x68, 0x65,
    0x88, 0x65, 0x68, 0x56, 0x68, 0x65, 0x68, 0x85, 0x6E, 0xE6, 0xEE, 0xEE, 0xEE, 0x3E, 0x0E, 0x00,
    0x00, 0x00, 0x00, 0x00, 0x00, 0x00, 0x00, 0x00, 0x00, 0x00, 0x00, 0x00, 0x00, 0x00, 0x00, 0x00,
    0x00, 0x00, 0x00, 0xE0, 0x00, 0x00, 0x00, 0xE0, 0x00, 0x00, 0x00, 0x8E, 0x00, 0x00, 0x00, 0x8E,
    0xE0, 0x88, 0x66, 0x88, 0xE0, 0x88, 0x66, 0x88, 0x8E, 0x68, 0x66, 0x88, 0x8E, 0x68, 0x86, 0x88,
    0x88, 0x68, 0x86, 0x88, 0x88, 0x66, 0x88, 0x88, 0x88, 0x66, 0x88, 0x88, 0x88, 0x66, 0x88, 0x88,
    0x88, 0xBE, 0xBE, 0xBB, 0x88, 0xBE, 0xBE, 0xBB, 0x58, 0xBE, 0x1E, 0xBB, 0x88, 0xBE, 0xBE, 0xBB,
    0x88, 0xBE, 0xBE, 0xBB, 0x18, 0xBE, 0xEB, 0xB3, 0xE8, 0xBB, 0xEB, 0xBB, 0xE8, 0xBB, 0xEB, 0xBB,
    0x8B, 0x88, 0xBB, 0x0E, 0x8B, 0x88, 0xBB, 0x0E, 0xBB, 0x88, 0xBB, 0x0E, 0xBB, 0x8B, 0xB8, 0x0E,
    0xBB, 0xBB, 0xBB, 0xEB, 0xBB, 0xBB, 0xBB, 0xEB, 0xBB, 0xBB, 0xBB, 0xBB, 0xBB, 0xBB, 0xBB, 0xBB,
    0x00, 0x00, 0x00, 0x8E, 0x00, 0x00, 0xE0, 0x88, 0x00, 0x00, 0xE0, 0x88, 0x00, 0x00, 0xE0, 0x88,
    0x00, 0x00, 0xE0, 0x88, 0x00, 0x00, 0x00, 0x8E, 0x00, 0x00, 0x00, 0xE0, 0x00, 0x00, 0x00, 0x00,
    0x88, 0x86, 0x88, 0x88, 0x88, 0x88, 0x88, 0xB8, 0x88, 0x88, 0x88, 0xBB, 0x88, 0x88, 0x88, 0xBB,
    0x88, 0x88, 0xBB, 0xBB, 0x88, 0xBB, 0xBB, 0xBB, 0xBE, 0xBB, 0xBB, 0x1B, 0xEE, 0xEE, 0xBB, 0xBB,
    0xEB, 0xBB, 0xEB, 0xBB, 0xE5, 0xBB, 0xEB, 0xB1, 0xEB, 0xBB, 0xEB, 0xBB, 0xEB, 0xBB, 0xEB, 0xBB,
    0xEB, 0xBB, 0xBB, 0xBE, 0xEB, 0xBB, 0xBB, 0xBE, 0xEE, 0xEE, 0xEE, 0x3E, 0x0E, 0x00, 0x00, 0xE0,
    0xBB, 0xBB, 0xBB, 0xBB, 0xBB, 0xBB, 0xBB, 0xBB, 0xBB, 0xBB, 0xBB, 0xBB, 0xBB, 0xBB, 0xBB, 0xBB,
    0xBB, 0xBB, 0xBB, 0xEB, 0xBB, 0xBB, 0xEB, 0xEE, 0xBB, 0xEB, 0xBE, 0xEB, 0xEE, 0x8E, 0xBB, 0xEB,
    0x65, 0xE6, 0x8E, 0x8B, 0x56, 0x0E, 0x8E, 0x88, 0xE6, 0x00, 0x8E, 0x88, 0x0E, 0x00, 0x8E, 0x88,
    0x00, 0x00, 0x8E, 0x68, 0x00, 0x00, 0x8E, 0x68, 0x00, 0xE0, 0x8B, 0x68, 0x00, 0xE0, 0x8B, 0x66,
    0x86, 0x13, 0x88, 0xBB, 0x86, 0x88, 0x68, 0xB8, 0x86, 0x88, 0x68, 0xB8, 0x86, 0x88, 0x68, 0xB8,
    0x86, 0x88, 0x88, 0x86, 0x86, 0x18, 0x85, 0x86, 0x86, 0x88, 0x88, 0x86, 0x86, 0x88, 0x88, 0x86,
    0x00, 0xE0, 0x8B, 0x66, 0x00, 0xE0, 0x8B, 0x66, 0x00, 0xBE, 0x88, 0x66, 0x00, 0xBE, 0x88, 0x66,
    0x00, 0xBE, 0x88, 0x66, 0xE0, 0x8B, 0x68, 0x86, 0xE0, 0x8B, 0x68, 0x86, 0xE0, 0x88, 0x68, 0x86,
    0x86, 0x88, 0x88, 0x66, 0x86, 0x85, 0x81, 0x88, 0x86, 0xE8, 0xBB, 0x88, 0x88, 0xE8, 0xBB, 0x8B,
    0x88, 0xE1, 0xB5, 0xBB, 0x88, 0xBE, 0xBE, 0xBB, 0x88, 0xBE, 0xBE, 0xBB, 0x88, 0xBE, 0xBE, 0xBB,
    0x00, 0x00, 0x00, 0x00, 0x00, 0x00, 0x00, 0x00, 0x00, 0x00, 0x00, 0x00, 0x00, 0x00, 0x00, 0x00,
    0x00, 0x00, 0x00, 0x00, 0x00, 0x00, 0x00, 0x00, 0x00, 0x00, 0x00, 0x00, 0x00, 0x00, 0x00, 0xE0,
    0x6E, 0x88, 0xEE, 0xEB, 0x6E, 0x88, 0xBB, 0x0E, 0x6E, 0x88, 0xBB, 0x0E, 0x6E, 0x88, 0xBB, 0x0E,
    0x8E, 0x88, 0xBB, 0x0E, 0x8E, 0x88, 0xBB, 0x0E, 0x8E, 0xB8, 0xEB, 0x00, 0x86, 0xB8, 0xEB, 0x00,
    0x00, 0x00, 0x00, 0xE0, 0x00, 0x00, 0x00, 0xE0, 0x00, 0x00, 0x00, 0xE0, 0x00, 0x00, 0x00, 0xE0,
    0x00, 0x00, 0x00, 0xE0, 0x00, 0x00, 0xEE, 0x8E, 0x00, 0xEE, 0xBB, 0x88, 0xEE, 0x68, 0x86, 0xB8,
    0x86, 0xB8, 0xEB, 0x00, 0x86, 0xB8, 0x0E, 0x00, 0x88, 0xBB, 0x0E, 0x00, 0x88, 0xEB, 0x00, 0x00,
    0xBB, 0x0E, 0x00, 0x00, 0xB8, 0x0E, 0x00, 0x00, 0xBB, 0xEB, 0x00, 0x00, 0xBB, 0xEB, 0x00, 0x00,
    0xE0, 0x88, 0xBB, 0xEB, 0x00, 0x8E, 0xB8, 0xBB, 0x00, 0x8E, 0xB8, 0xBB, 0x00, 0x8E, 0xB8, 0xBB,
    0x00, 0x8E, 0xB8, 0xBB, 0x00, 0x8E, 0xB8, 0xBB, 0x00, 0xE0, 0x88, 0xBB, 0x00, 0xE0, 0x88, 0xBB,
    0x00, 0x00, 0x00, 0x00, 0x0E, 0x00, 0x00, 0x00, 0x0E, 0x00, 0x00, 0x00, 0x0E, 0x00, 0x00, 0x00,
    0x0E, 0x00, 0x00, 0x00, 0x0E, 0x00, 0x00, 0x00, 0x0E, 0x00, 0x00, 0x00, 0x0E, 0x00, 0x00, 0x00,
    0x00, 0xE0, 0x88, 0xBB, 0x00, 0x00, 0x8E, 0x88, 0x00, 0x00, 0xBE, 0x88, 0x00, 0x00, 0xBE, 0x8B,
    0x00, 0x00, 0xBE, 0x88, 0x00, 0x00, 0xBE, 0x8B, 0x00, 0x00, 0xE0, 0xBB, 0x00, 0x00, 0x00, 0xEE,
    0x0E, 0x00, 0x00, 0x00, 0xEB, 0x00, 0x00, 0x00, 0xEB, 0x00, 0x00, 0x00, 0xEB, 0x00, 0x00, 0x00,
    0xE8, 0x00, 0x00, 0x00, 0xB8, 0xEE, 0x0E, 0x00, 0x88, 0x66, 0xEB, 0x00, 0xBB, 0x88, 0xB8, 0x0E,
    0x00, 0x00, 0x00, 0x00, 0x00, 0x00, 0x00, 0x3E, 0x00, 0x00, 0xE0, 0x32, 0x00, 0x00, 0x2E, 0x12,
    0x00, 0x00, 0x13, 0xE1, 0x00, 0xE0, 0xE1, 0xEE, 0x00, 0xE0, 0x71, 0xE1, 0x00, 0xE0, 0x72, 0x12,
    0xEE, 0xEE, 0x0E, 0x00, 0x33, 0x13, 0xE2, 0x00, 0x11, 0xE2, 0x11, 0x0E, 0x1E, 0x22, 0x1E, 0x0E,
    0xE2, 0x21, 0x2E, 0xE2, 0x22, 0xEE, 0xEE, 0xE2, 0x33, 0x33, 0xE3, 0x22, 0x11, 0xEE, 0x31, 0x23,
    0xBE, 0x8B, 0xB8, 0xBB, 0xE0, 0xEE, 0xEE, 0xEE, 0x00, 0x00, 0x00, 0x00, 0x00, 0x00, 0x00, 0x00,
    0x00, 0x00, 0x00, 0x00, 0x00, 0x00, 0x00, 0x00, 0x00, 0x00, 0x00, 0x00, 0x00, 0x00, 0x00, 0x00,
    0xEE, 0x0E, 0x00, 0x00, 0x00, 0x00, 0x00, 0x00, 0x00, 0x00, 0x00, 0x00, 0x00, 0x00, 0x00, 0x00,
    0x00, 0x00, 0x00, 0x00, 0x00, 0x00, 0x00, 0x00, 0x00, 0x00, 0x00, 0x00, 0x00, 0x00, 0x00, 0x00,
    0x00, 0x00, 0x00, 0x00, 0x00, 0x00, 0x00, 0x00, 0x00, 0x00, 0x00, 0x00, 0x00, 0x00, 0x00, 0x00,
    0x00, 0x00, 0x00, 0x00, 0x00, 0x00, 0x00, 0x00, 0x00, 0x00, 0x00, 0x00, 0x0E, 0x00, 0x00, 0x00,
    0xE6, 0x0E, 0x00, 0x00, 0x68, 0xE6, 0x00, 0x00, 0x56, 0xE5, 0x00, 0x00, 0x66, 0x56, 0x0E, 0x00,
    0x86, 0x68, 0x0E, 0x00, 0xE8, 0xEE, 0x0E, 0x00, 0x0E, 0x00, 0x00, 0x00, 0x00, 0x00, 0x00, 0x00,
    0xBB, 0x3E, 0x0E, 0x00, 0xBB, 0x2E, 0x0E, 0x00, 0xBB, 0x2E, 0xE3, 0x00, 0xBB, 0xEE, 0xE2, 0x00,
    0xBB, 0xEB, 0xE3, 0x00, 0xBB, 0xEB, 0x32, 0x0E, 0xBB, 0xEB, 0x32, 0x0E, 0xB8, 0xBB, 0x2E, 0xE2,
    0x88, 0xBB, 0x1E, 0xE2, 0x86, 0xBB, 0xEE, 0xE3, 0x88, 0xB8, 0x0E, 0xEE, 0x88, 0xB8, 0xEB, 0xE0,
    0x88, 0xB8, 0xEB, 0x00, 0x88, 0x88, 0xEB, 0x00, 0x88, 0x88, 0xEB, 0x00, 0x88, 0x88, 0xEB, 0x00,
    0x00, 0x00, 0x00, 0x00, 0x00, 0x00, 0x00, 0x00, 0x00, 0x00, 0x00, 0x00, 0x00, 0x00, 0x00, 0x00,
    0x00, 0x00, 0x00, 0x00, 0x00, 0x00, 0x00, 0x00, 0x0E, 0x00, 0x00, 0x00, 0x0E, 0x00, 0x00, 0x00,
    0x0E, 0x00, 0x00, 0x00, 0xEB, 0x00, 0x00, 0x00, 0xEB, 0x00, 0x00, 0x00, 0xEB, 0x00, 0x00, 0x00,
    0x0E, 0x00, 0x00, 0x00, 0x00, 0x00, 0x00, 0x00, 0x00, 0x00, 0x00, 0x00, 0x00, 0x00, 0x00, 0x00,
    0x00, 0x00, 0x00, 0x00, 0x00, 0x00, 0x00, 0x00, 0x00, 0x00, 0x00, 0x00, 0x00, 0x00, 0x00, 0x00,
    0x00, 0x00, 0x00, 0x00, 0x00, 0x00, 0x00, 0x00, 0x0E, 0x00, 0x00, 0x00, 0x0E, 0x00, 0x00, 0x00,
    0x00, 0x00, 0x00, 0x00, 0x00, 0x00, 0x00, 0x00, 0x00, 0x00, 0x00, 0x00, 0x58, 0x55, 0x05, 0x00,
    0x58, 0x23, 0x52, 0x55, 0x80, 0x58, 0x33, 0x23, 0x00, 0x80, 0x58, 0x35, 0x00, 0x00, 0x80, 0x88,
    0x00, 0x00, 0x8E, 0x66, 0x00, 0x00, 0xE0, 0x68, 0x00, 0x00, 0xE0, 0x88, 0x00, 0x00, 0x00, 0xEE,
    0x00, 0x00, 0x00, 0x00, 0x00, 0x00, 0x00, 0x00, 0x00, 0x00, 0x00, 0x00, 0x00, 0x00, 0x00, 0x00,
    0xEE, 0xEE, 0xEE, 0x0E, 0x00, 0x00, 0x00, 0x00, 0x00, 0x00, 0x00, 0x00, 0x00, 0x00, 0x00, 0x00,
    0x00, 0x00, 0x00, 0x00, 0x00, 0x00, 0x00, 0x00, 0x00, 0x00, 0x00, 0x00, 0x00, 0x00, 0x00, 0x00,
};
static const u16 sFrame1[] = {
    0x0010, 0x40BE, 0x81B3, 0x0000, 0x40BE, 0x81D3, 0x0008, 0x40BE, 0x81F3, 0x0010, 0x40DE, 0x81F3,
    0x0018, 0x00CE, 0x41FB, 0x0020, 0x00EE, 0x41F3, 0x0024, 0x00EE, 0x400B, 0x0028, 0x40B6, 0x01FB,
    0x002C, 0x40FE, 0x01F3, 0x002E, 0x80BE, 0x0013, 0x0030, 0x80CE, 0x000B, 0x0032, 0x80DE, 0x0013,
    0x0034, 0x00B6, 0x000B, 0x0036, 0x00BE, 0x01AB, 0x0037, 0x00CE, 0x01F3, 0x0038, 0x00FE, 0x0013,
    0x0039, 0x0000,
};
static const void* const sFrames1[] = { sFrame1 };
static const u8 sTiles2[1920] __attribute__((aligned(4))) = {
    0x00, 0xE0, 0xA2, 0x12, 0x00, 0xE0, 0xA2, 0x21, 0x00, 0x00, 0xAE, 0x11, 0xA0, 0x00, 0xA0, 0x12,
    0x7A, 0xEA, 0xEE, 0x2A, 0x1A, 0x2A, 0x21, 0xEE, 0x1A, 0x1A, 0x11, 0x5E, 0x1A, 0xFA, 0xEF, 0x86,
    0xEE, 0xE2, 0x32, 0x21, 0x16, 0x22, 0x37, 0x22, 0x11, 0x21, 0xEA, 0x32, 0x11, 0x72, 0xEA, 0x33,
    0x21, 0xA2, 0xEE, 0xEE, 0xA7, 0x7A, 0xEE, 0xEE, 0xEE, 0xFF, 0x6E, 0x85, 0x58, 0x2E, 0x6E, 0x56,
    0xE2, 0x00, 0x00, 0x00, 0xE3, 0x00, 0x00, 0x00, 0x32, 0x0E, 0x00, 0x00, 0xEE, 0xEE, 0x0E, 0x00,
    0x5E, 0x23, 0xE2, 0x0E, 0xFF, 0xFF, 0x52, 0x0E, 0xDE, 0xFF, 0x21, 0x0E, 0xE8, 0x15, 0x33, 0xEE,
    0x00, 0x00, 0x00, 0x00, 0x00, 0x00, 0x00, 0x00, 0x00, 0x00, 0x00, 0x00, 0x00, 0x00, 0x00, 0x00,
    0x00, 0x00, 0x00, 0x00, 0x00, 0x00, 0x00, 0x00, 0x00, 0x00, 0x00, 0x00, 0x0E, 0x00, 0x00, 0x00,
    0x7A, 0xDA, 0x8E, 0x68, 0x7A, 0xEA, 0xE6, 0x86, 0x7A, 0x6E, 0x66, 0x8E, 0x7A, 0x6E, 0x88, 0xE6,
    0xEE, 0x86, 0x88, 0xE8, 0x6E, 0x66, 0x86, 0xBE, 0x88, 0x56, 0xE5, 0xBE, 0x86, 0x68, 0x8E, 0xBB,
    0x66, 0xFE, 0x5E, 0x68, 0xE5, 0x28, 0xEE, 0x86, 0x8E, 0x82, 0xEA, 0xEE, 0x7E, 0x22, 0xEA, 0x8E,
    0xEB, 0xA7, 0xBE, 0xEE, 0xBB, 0xEE, 0xBB, 0xEE, 0xBB, 0x88, 0xBB, 0xEB, 0x88, 0x88, 0xB8, 0xBB,
    0xE6, 0x3E, 0xEE, 0x88, 0xE8, 0xE8, 0xEE, 0xEE, 0x8E, 0x68, 0x86, 0x86, 0x88, 0x86, 0x68, 0x65,
    0x88, 0x65, 0x68, 0x56, 0x68, 0x65, 0x68, 0x85, 0x6E, 0xE6, 0xEE, 0xEE, 0xEE, 0x3E, 0xEE, 0x00,
    0xE6, 0x0E, 0x00, 0x00, 0x68, 0xE6, 0x00, 0x00, 0x56, 0xE5, 0x00, 0x00, 0x66, 0x56, 0x0E, 0x00,
    0x86, 0x68, 0x0E, 0x00, 0xE8, 0xEE, 0x0E, 0x00, 0x0E, 0x00, 0x00, 0x00, 0x00, 0x00, 0x00, 0x00,
    0x65, 0xE6, 0x8E, 0x8B, 0x56, 0x0E, 0x8E, 0x88, 0xE6, 0x00, 0x8E, 0x88, 0x0E, 0x00, 0x8E, 0x88,
    0x00, 0x00, 0x8E, 0x68, 0x00, 0x00, 0x8E, 0x68, 0x00, 0x00, 0xBE, 0x68, 0x00, 0x00, 0xBE, 0x66,
    0x86, 0x13, 0x88, 0xBB, 0x86, 0x88, 0x68, 0xB8, 0x86, 0x88, 0x68, 0xB8, 0x86, 0x88, 0x68, 0xB8,
    0x86, 0x88, 0x88, 0x86, 0x86, 0x18, 0x85, 0x86, 0x86, 0x88, 0x88, 0x86, 0x86, 0x88, 0x88, 0x86,
    0xBB, 0x3E, 0xEE, 0x0E, 0xBB, 0x2E, 0x2E, 0x0E, 0xBB, 0xEB, 0x22, 0x0E, 0xBB, 0xEB, 0x22, 0x0E,
    0xBB, 0xEB, 0x22, 0xE1, 0xBB, 0xEB, 0x2E, 0xE1, 0xBB, 0xEB, 0x4E, 0x24, 0xB8, 0xBB, 0xEE, 0x22,
    0x00, 0x00, 0x00, 0x00, 0x00, 0x00, 0x00, 0x00, 0x00, 0x00, 0x00, 0x00, 0x00, 0x00, 0x00, 0x00,
    0x00, 0x00, 0x00, 0x00, 0x00, 0x00, 0x00, 0x00, 0x0E, 0x00, 0x00, 0x00, 0x0E, 0x00, 0x00, 0x00,
    0x00, 0xE0, 0x8B, 0x66, 0x00, 0xE0, 0x8B, 0x66, 0x00, 0xBE, 0x88, 0x66, 0x00, 0xBE, 0x88, 0x66,
    0xE0, 0x8B, 0x88, 0x66, 0xE0, 0x8B, 0x68, 0x86, 0xE0, 0x8B, 0x68, 0x86, 0xBE, 0x88, 0x68, 0x86,
    0x86, 0x88, 0x88, 0x66, 0x86, 0x85, 0x81, 0x88, 0x86, 0x88, 0xBB, 0x88, 0x88, 0xB8, 0xBB, 0x8B,
    0x88, 0xE1, 0xB5, 0xBB, 0x88, 0xEB, 0xBB, 0xBB, 0x88, 0xEB, 0xBB, 0xBB, 0x88, 0xEB, 0xBB, 0xBB,
    0x88, 0xBB, 0x3E, 0x4E, 0x86, 0xBB, 0xEE, 0xEE, 0x88, 0xB8, 0xEE, 0x0E, 0x88, 0xB8, 0xEB, 0x00,
    0x88, 0xB8, 0xEB, 0x00, 0x88, 0x88, 0xEB, 0x00, 0x88, 0x88, 0xEB, 0x00, 0x88, 0x88, 0xBB, 0x0E,
    0x0E, 0x00, 0x00, 0x00, 0x0E, 0x00, 0x00, 0x00, 0x0E, 0x00, 0x00, 0x00, 0x00, 0x00, 0x00, 0x00,
    0x00, 0x00, 0x00, 0x00, 0x00, 0x00, 0x00, 0x00, 0x00, 0x00, 0x00, 0x00, 0x00, 0x00, 0x00, 0x00,
    0x00, 0x00, 0x00, 0x00, 0x00, 0x00, 0x00, 0x00, 0x00, 0x00, 0x00, 0x00, 0x00, 0x00, 0x00, 0x00,
    0x05, 0x00, 0x00, 0x00, 0x52, 0x55, 0x55, 0x55, 0x33, 0x33, 0x22, 0x22, 0x58, 0x35, 0x33, 0x33,
    0x00, 0x00, 0x00, 0x00, 0x00, 0x00, 0x00, 0x00, 0x00, 0x00, 0x00, 0x00, 0x00, 0x00, 0x00, 0x00,
    0x00, 0x00, 0x00, 0x00, 0x55, 0x55, 0x55, 0x55, 0x12, 0x11, 0x11, 0x22, 0x22, 0x22, 0x22, 0x32,
    0x00, 0x00, 0x00, 0x00, 0x00, 0x00, 0x00, 0x00, 0x00, 0x00, 0x00, 0x00, 0x00, 0x00, 0x00, 0x00,
    0x00, 0x00, 0x00, 0x00, 0x55, 0x05, 0x00, 0x00, 0x22, 0x52, 0x55, 0x55, 0x33, 0x33, 0x33, 0x23,
    0x00, 0x00, 0x00, 0x00, 0x00, 0x00, 0x00, 0x00, 0x00, 0x00, 0x00, 0x00, 0x00, 0x00, 0x00, 0x00,
    0x00, 0x00, 0x00, 0x00, 0x00, 0x00, 0x00, 0x00, 0x55, 0x55, 0x55, 0x55, 0x22, 0x22, 0x22, 0x22,
    0x80, 0x88, 0x88, 0x88, 0x00, 0x00, 0x00, 0x00, 0x00, 0x00, 0x00, 0x00, 0x00, 0x00, 0x00, 0x00,
    0x00, 0x00, 0x00, 0x00, 0x00, 0x00, 0x00, 0x00, 0x00, 0x00, 0x00, 0x00, 0x00, 0x00, 0x00, 0x00,
    0x88, 0x88, 0x88, 0x88, 0x00, 0x00, 0x00, 0x00, 0x00, 0x00, 0x00, 0x00, 0x00, 0x00, 0x00, 0x00,
    0x00, 0x00, 0x00, 0x00, 0x00, 0x00, 0x00, 0x00, 0x00, 0x00, 0x00, 0x00, 0x00, 0x00, 0x00, 0x00,
    0x88, 0x58, 0x55, 0x55, 0x00, 0x80, 0x88, 0x88, 0x00, 0x00, 0x00, 0x00, 0x00, 0x00, 0x00, 0x00,
    0x00, 0x00, 0x00, 0x00, 0x00, 0x00, 0x00, 0x00, 0x00, 0x00, 0x00, 0x00, 0x00, 0x00, 0x00, 0x00,
    0x33, 0x33, 0x33, 0x33, 0x88, 0x88, 0x88, 0x88, 0x00, 0x00, 0x00, 0x00, 0x00, 0x00, 0x00, 0x00,
    0x00, 0x00, 0x00, 0x00, 0x00, 0x00, 0x00, 0x00, 0x00, 0x00, 0x00, 0x00, 0x00, 0x00, 0x00, 0x00,
    0x00, 0x00, 0x00, 0x00, 0x00, 0x00, 0x00, 0x00, 0x00, 0x00, 0x00, 0x00, 0x00, 0x00, 0x00, 0x00,
    0x00, 0x00, 0x00, 0x00, 0x00, 0x00, 0x00, 0x00, 0x55, 0x55, 0x55, 0x55, 0x22, 0x22, 0x22, 0x12,
    0x00, 0x00, 0x00, 0x00, 0x00, 0x00, 0x00, 0x00, 0x00, 0x00, 0x00, 0x00, 0x00, 0x00, 0x00, 0x00,
    0x00, 0x00, 0x00, 0x00, 0x00, 0x00, 0x00, 0x00, 0x55, 0x55, 0x55, 0x55, 0x11, 0x11, 0x11, 0x11,
    0x00, 0x00, 0x00, 0x00, 0x00, 0x00, 0x00, 0x00, 0x00, 0x00, 0x00, 0x00, 0x00, 0x00, 0x00, 0x00,
    0x00, 0x00, 0x00, 0x00, 0x00, 0x00, 0x00, 0x00, 0x55, 0x55, 0x55, 0x55, 0x21, 0x22, 0x22, 0x22,
    0x00, 0x00, 0x00, 0x00, 0x00, 0x00, 0x00, 0x00, 0x00, 0x00, 0x00, 0x00, 0x00, 0x00, 0x00, 0x00,
    0x00, 0x00, 0x00, 0x00, 0x00, 0x00, 0x00, 0x00, 0x55, 0x55, 0x55, 0x55, 0x22, 0x22, 0x22, 0x22,
    0x23, 0x22, 0x22, 0x22, 0x88, 0x88, 0x88, 0x88, 0x00, 0x00, 0x00, 0x00, 0x00, 0x00, 0x00, 0x00,
    0x00, 0x00, 0x00, 0x00, 0x00, 0x00, 0x00, 0x00, 0x00, 0x00, 0x00, 0x00, 0x00, 0x00, 0x00, 0x00,
    0x22, 0x22, 0x22, 0x22, 0x88, 0x88, 0x88, 0x88, 0x00, 0x00, 0x00, 0x00, 0x00, 0x00, 0x00, 0x00,
    0x00, 0x00, 0x00, 0x00, 0x00, 0x00, 0x00, 0x00, 0x00, 0x00, 0x00, 0x00, 0x00, 0x00, 0x00, 0x00,
    0x22, 0x22, 0x22, 0x32, 0x88, 0x88, 0x88, 0x88, 0x00, 0x00, 0x00, 0x00, 0x00, 0x00, 0x00, 0x00,
    0x00, 0x00, 0x00, 0x00, 0x00, 0x00, 0x00, 0x00, 0x00, 0x00, 0x00, 0x00, 0x00, 0x00, 0x00, 0x00,
    0x33, 0x33, 0x33, 0x33, 0x88, 0x88, 0x88, 0x88, 0x00, 0x00, 0x00, 0x00, 0x00, 0x00, 0x00, 0x00,
    0x00, 0x00, 0x00, 0x00, 0x00, 0x00, 0x00, 0x00, 0x00, 0x00, 0x00, 0x00, 0x00, 0x00, 0x00, 0x00,
    0x00, 0x00, 0x00, 0x00, 0x00, 0x00, 0x00, 0x00, 0x00, 0x00, 0x00, 0x00, 0x00, 0x00, 0x00, 0xE0,
    0x00, 0x00, 0x00, 0xE0, 0x00, 0x00, 0x00, 0x8E, 0x00, 0x00, 0x00, 0x8E, 0x00, 0x00, 0x00, 0x8E,
    0x8E, 0x88, 0x66, 0x88, 0x8E, 0x88, 0x66, 0x88, 0x8E, 0x68, 0x66, 0x88, 0x88, 0x68, 0x86, 0x88,
    0x88, 0x68, 0x86, 0x88, 0x88, 0x66, 0x88, 0x88, 0x88, 0x66, 0x88, 0x88, 0x88, 0x66, 0x88, 0x88,
    0x88, 0xBE, 0xBE, 0xBB, 0x88, 0xBE, 0xBE, 0xBB, 0x58, 0xBE, 0x1E, 0xBB, 0x88, 0xBE, 0xBE, 0xBB,
    0x88, 0xBE, 0xEB, 0xBB, 0xE1, 0xBB, 0xEB, 0xB3, 0xE8, 0xBB, 0xEB, 0xBB, 0xE8, 0xBB, 0xEB, 0xBB,
    0x8B, 0x88, 0xBB, 0x0E, 0x8B, 0x88, 0xBB, 0x0E, 0xBB, 0x88, 0xBB, 0x0E, 0xBB, 0x8B, 0xB8, 0xEB,
    0xBB, 0xBB, 0xBB, 0xEB, 0xBB, 0xBB, 0xBB, 0xBB, 0xBB, 0xBB, 0xBB, 0xBB, 0xBB, 0xBB, 0xBB, 0xBB,
    0x00, 0x00, 0x00, 0x8E, 0x00, 0x00, 0xE0, 0x88, 0x00, 0x00, 0xE0, 0x88, 0x00, 0x00, 0xE0, 0x88,
    0x00, 0x00, 0xE0, 0x88, 0x00, 0x00, 0x00, 0x8E, 0x00, 0x00, 0x00, 0xE0, 0x00, 0x00, 0x00, 0x00,
    0x88, 0x86, 0x88, 0x88, 0x88, 0x88, 0x88, 0xB8, 0x88, 0x88, 0x88, 0xBB, 0x88, 0x88, 0x88, 0xBB,
    0x88, 0x88, 0xBB, 0xBB, 0x88, 0xBB, 0xBB, 0xBB, 0xBE, 0xBB, 0xBB, 0x1B, 0xEE, 0xEE, 0xBB, 0xBB,
    0xEB, 0xBB, 0xEB, 0xBB, 0xE5, 0xBB, 0xBB, 0x1E, 0xEB, 0xBB, 0xBB, 0xBE, 0xEB, 0xBB, 0xBB, 0xBE,
    0xBE, 0xBB, 0xBB, 0xBE, 0xBE, 0xBB, 0xBB, 0xEB, 0xEE, 0xEE, 0xEE, 0xEE, 0x0E, 0x00, 0x00, 0x00,
    0xBB, 0xBB, 0xBB, 0xBB, 0xBB, 0xBB, 0xBB, 0xBB, 0xBB, 0xBB, 0xBB, 0xBB, 0xBB, 0xBB, 0xBB, 0xBB,
    0xBB, 0xBB, 0xBB, 0xEB, 0xBB, 0xBB, 0xEB, 0xEE, 0xB3, 0xEB, 0xBE, 0xEB, 0xEE, 0x8E, 0xBB, 0xEB,
    0x00, 0x00, 0x00, 0x00, 0x00, 0x00, 0x00, 0x00, 0x00, 0x00, 0x00, 0x00, 0x00, 0x00, 0x00, 0x00,
    0x00, 0x00, 0x00, 0x00, 0x00, 0x00, 0x00, 0x00, 0x00, 0x00, 0x00, 0x00, 0x00, 0x00, 0x00, 0xE0,
    0x6E, 0x88, 0xEE, 0xEB, 0x6E, 0x88, 0xBB, 0x0E, 0x6E, 0x88, 0xBB, 0x0E, 0x6E, 0x88, 0xBB, 0x0E,
    0x8E, 0x88, 0xBB, 0x0E, 0x8E, 0x88, 0xBB, 0x0E, 0x8E, 0xB8, 0xEB, 0x00, 0x86, 0xB8, 0xEB, 0x00,
    0x00, 0x00, 0x00, 0xE0, 0x00, 0x00, 0x00, 0xE0, 0x00, 0x00, 0x00, 0xE0, 0x00, 0x00, 0x00, 0xE0,
    0x00, 0x00, 0x00, 0xE0, 0x00, 0x00, 0xEE, 0x8E, 0x00, 0xEE, 0xBB, 0x88, 0xEE, 0x68, 0x86, 0xB8,
    0x86, 0xB8, 0xEB, 0x00, 0x86, 0xB8, 0x0E, 0x00, 0x88, 0xBB, 0x0E, 0x00, 0x88, 0xEB, 0x00, 0x00,
    0xBB, 0x0E, 0x00, 0x00, 0xB8, 0x0E, 0x00, 0x00, 0xBB, 0xEB, 0x00, 0x00, 0xBB, 0xEB, 0x00, 0x00,
    0xE0, 0x88, 0xBB, 0xEB, 0x00, 0x8E, 0xB8, 0xBB, 0x00, 0x8E, 0xB8, 0xBB, 0x00, 0x8E, 0xB8, 0xBB,
    0x00, 0x8E, 0xB8, 0xBB, 0x00, 0x8E, 0xB8, 0xBB, 0x00, 0xE0, 0x88, 0xBB, 0x00, 0xE0, 0x88, 0xBB,
    0x00, 0x00, 0x00, 0x00, 0x0E, 0x00, 0x00, 0x00, 0x0E, 0x00, 0x00, 0x00, 0x0E, 0x00, 0x00, 0x00,
    0x0E, 0x00, 0x00, 0x00, 0x0E, 0x00, 0x00, 0x00, 0x0E, 0x00, 0x00, 0x00, 0x0E, 0x00, 0x00, 0x00,
    0x00, 0xE0, 0x88, 0xBB, 0x00, 0x00, 0x8E, 0x88, 0x00, 0x00, 0xBE, 0x88, 0x00, 0x00, 0xBE, 0x8B,
    0x00, 0x00, 0xBE, 0x88, 0x00, 0x00, 0xBE, 0x8B, 0x00, 0x00, 0xE0, 0xBB, 0x00, 0x00, 0x00, 0xEE,
    0x0E, 0x00, 0x00, 0x00, 0xEB, 0x00, 0x00, 0x00, 0xEB, 0x00, 0x00, 0x00, 0xEB, 0x00, 0x00, 0x00,
    0xE8, 0x00, 0x00, 0x00, 0xB8, 0xEE, 0x0E, 0x00, 0x88, 0x66, 0xEB, 0x00, 0xBB, 0x88, 0xB8, 0x0E,
    0x00, 0x00, 0x00, 0x00, 0x00, 0x00, 0x00, 0x3E, 0x00, 0x00, 0xE0, 0x32, 0x00, 0x00, 0x2E, 0x12,
    0x00, 0x00, 0x13, 0xE1, 0x00, 0xE0, 0xE1, 0xEE, 0x00, 0xE0, 0x71, 0xE1, 0x00, 0xE0, 0x72, 0x12,
    0xEE, 0xEE, 0x0E, 0x00, 0x33, 0x13, 0xE2, 0x00, 0x11, 0xE2, 0x11, 0x0E, 0x1E, 0x22, 0x1E, 0x0E,
    0xE2, 0x21, 0x2E, 0xE2, 0x22, 0xEE, 0xEE, 0xE2, 0x33, 0x33, 0xE3, 0x22, 0x11, 0xEE, 0x31, 0x23,
    0xBE, 0x8B, 0xB8, 0xBB, 0xE0, 0xEE, 0xEE, 0xEE, 0x00, 0x00, 0x00, 0x00, 0x00, 0x00, 0x00, 0x00,
    0x00, 0x00, 0x00, 0x00, 0x00, 0x00, 0x00, 0x00, 0x00, 0x00, 0x00, 0x00, 0x00, 0x00, 0x00, 0x00,
    0xEE, 0x0E, 0x00, 0x00, 0x00, 0x00, 0x00, 0x00, 0x00, 0x00, 0x00, 0x00, 0x00, 0x00, 0x00, 0x00,
    0x00, 0x00, 0x00, 0x00, 0x00, 0x00, 0x00, 0x00, 0x00, 0x00, 0x00, 0x00, 0x00, 0x00, 0x00, 0x00,
    0x00, 0x00, 0x00, 0x00, 0x00, 0x00, 0x00, 0x00, 0x00, 0x00, 0x00, 0x00, 0x00, 0x00, 0x00, 0x00,
    0x00, 0x00, 0x00, 0x00, 0x00, 0x00, 0x00, 0x00, 0x55, 0x55, 0x55, 0x55, 0x22, 0x22, 0x22, 0x22,
    0x33, 0x33, 0x33, 0x53, 0x88, 0x88, 0x88, 0x88, 0x00, 0x00, 0x00, 0x5E, 0x00, 0x00, 0xE0, 0xE8,
    0x00, 0x00, 0xE0, 0x66, 0x00, 0x00, 0x6E, 0xE5, 0x00, 0x00, 0x8E, 0xE6, 0x00, 0x00, 0x8E, 0x86,
    0x00, 0x00, 0x00, 0x00, 0x00, 0x00, 0x00, 0x00, 0x00, 0x00, 0x00, 0x00, 0x00, 0x00, 0x00, 0x00,
    0x00, 0x00, 0x00, 0x00, 0x0E, 0x00, 0x00, 0x00, 0x0E, 0x00, 0x00, 0x00, 0x0E, 0x00, 0x00, 0x00,
    0xEB, 0x00, 0x00, 0x00, 0xEB, 0x00, 0x00, 0x00, 0xEB, 0x00, 0x00, 0x00, 0xEB, 0x00, 0x00, 0x00,
    0x0E, 0x00, 0x00, 0x00, 0x00, 0x00, 0x00, 0x00, 0x00, 0x00, 0x00, 0x00, 0x00, 0x00, 0x00, 0x00,
    0x00, 0x00, 0x00, 0x00, 0x00, 0x00, 0x00, 0x00, 0x00, 0x00, 0x00, 0x00, 0x00, 0x00, 0x00, 0x00,
    0x00, 0x00, 0x00, 0x00, 0x00, 0x00, 0x00, 0x00, 0x0E, 0x00, 0x00, 0x00, 0x0E, 0x00, 0x00, 0x00,
    0x00, 0x00, 0x00, 0x00, 0x00, 0x00, 0x00, 0x00, 0x00, 0x00, 0x00, 0x00, 0x58, 0x55, 0x05, 0x00,
    0x58, 0x23, 0x52, 0x55, 0x80, 0x58, 0x33, 0x23, 0x00, 0x80, 0x58, 0x35, 0x00, 0x00, 0x80, 0x88,
    0x00, 0x00, 0x8E, 0x66, 0x00, 0x00, 0xE0, 0x68, 0x00, 0x00, 0xE0, 0x88, 0x00, 0x00, 0x00, 0xEE,
    0x00, 0x00, 0x00, 0x00, 0x00, 0x00, 0x00, 0x00, 0x00, 0x00, 0x00, 0x00, 0x00, 0x00, 0x00, 0x00,
    0xEE, 0xEE, 0xEE, 0x0E, 0x00, 0x00, 0x00, 0x00, 0x00, 0x00, 0x00, 0x00, 0x00, 0x00, 0x00, 0x00,
    0x00, 0x00, 0x00, 0x00, 0x00, 0x00, 0x00, 0x00, 0x00, 0x00, 0x00, 0x00, 0x00, 0x00, 0x00, 0x00,
};
static const u16 sFrame2[] = {
    0x000E, 0x00BE, 0x81FB, 0x0000, 0x40BE, 0x81B3, 0x0010, 0x40BE, 0x81D3, 0x0018, 0x40DE, 0x81F3,
    0x0020, 0x00EE, 0x41F3, 0x0028, 0x00EE, 0x400B, 0x002C, 0x40B6, 0x01FB, 0x0030, 0x40FE, 0x01F3,
    0x0032, 0x80BE, 0x01F3, 0x0034, 0x80DE, 0x0013, 0x0036, 0x00B6, 0x000B, 0x0038, 0x00BE, 0x01AB,
    0x0039, 0x00CE, 0x01F3, 0x003A, 0x00FE, 0x0013, 0x003B, 0x0000,
};
static const void* const sFrames2[] = { sFrame2 };
static const u8 sTiles3[1888] __attribute__((aligned(4))) = {
    0x00, 0x00, 0x00, 0x00, 0x00, 0x00, 0x00, 0x00, 0x00, 0x00, 0x00, 0x00, 0x00, 0x00, 0x00, 0x00,
    0x05, 0x00, 0x00, 0x00, 0x52, 0x55, 0x55, 0x55, 0x33, 0x33, 0x22, 0x22, 0x58, 0x35, 0x33, 0x33,
    0x00, 0x00, 0x00, 0x00, 0x00, 0x00, 0x00, 0x00, 0x00, 0x00, 0x00, 0x00, 0x00, 0x00, 0x00, 0x00,
    0x00, 0x00, 0x00, 0x00, 0x55, 0x55, 0x55, 0x55, 0x12, 0x11, 0x11, 0x22, 0x22, 0x22, 0x22, 0x32,
    0x00, 0x00, 0x00, 0x00, 0x00, 0x00, 0x00, 0x00, 0x00, 0x00, 0x00, 0x00, 0x00, 0x00, 0x00, 0x00,
    0x00, 0x00, 0x00, 0x00, 0x55, 0x05, 0x00, 0x00, 0x22, 0x52, 0x55, 0x55, 0x33, 0x33, 0x33, 0x23,
    0x00, 0x00, 0x00, 0x00, 0x00, 0x00, 0x00, 0x00, 0x00, 0x00, 0x00, 0x00, 0x00, 0x00, 0x00, 0x00,
    0x00, 0x00, 0x00, 0x00, 0x00, 0x00, 0x00, 0x00, 0x55, 0x55, 0x55, 0x55, 0x22, 0x22, 0x22, 0x22,
    0x80, 0x88, 0x88, 0x88, 0x00, 0x00, 0x00, 0x00, 0x00, 0x00, 0x00, 0x00, 0x00, 0x00, 0x00, 0x00,
    0x00, 0x00, 0x00, 0x00, 0x00, 0x00, 0x00, 0x00, 0x00, 0x00, 0x00, 0x00, 0x00, 0x00, 0x00, 0x00,
    0x88, 0x88, 0x88, 0x88, 0x00, 0x00, 0x00, 0x00, 0x00, 0x00, 0x00, 0x00, 0x00, 0x00, 0x00, 0x00,
    0x00, 0x00, 0x00, 0x00, 0x00, 0x00, 0x00, 0x00, 0x00, 0x00, 0x00, 0x00, 0x00, 0x00, 0x00, 0x00,
    0x88, 0x58, 0x55, 0x55, 0x00, 0x80, 0x88, 0x88, 0x00, 0x00, 0x00, 0x00, 0x00, 0x00, 0x00, 0x00,
    0x00, 0x00, 0x00, 0x00, 0x00, 0x00, 0x00, 0x00, 0x00, 0x00, 0x00, 0x00, 0x00, 0x00, 0x00, 0x00,
    0x33, 0x33, 0x33, 0x33, 0x88, 0x88, 0x88, 0x88, 0x00, 0x00, 0x00, 0x00, 0x00, 0x00, 0x00, 0x00,
    0x00, 0x00, 0x00, 0x00, 0x00, 0x00, 0x00, 0x00, 0x00, 0x00, 0x00, 0x00, 0x00, 0x00, 0x00, 0x00,
    0x00, 0x00, 0x00, 0x00, 0x00, 0x00, 0x00, 0x00, 0x00, 0x00, 0x00, 0x00, 0x00, 0x00, 0x00, 0x00,
    0x00, 0x00, 0x00, 0x00, 0x00, 0x00, 0x00, 0x00, 0x55, 0x55, 0x55, 0x55, 0x22, 0x22, 0x22, 0x12,
    0x00, 0x00, 0x00, 0x00, 0x00, 0x00, 0x00, 0x00, 0x00, 0x00, 0x00, 0x00, 0x00, 0x00, 0x00, 0x00,
    0x00, 0x00, 0x00, 0x00, 0x00, 0x00, 0x00, 0x00, 0x55, 0x55, 0x55, 0x55, 0x11, 0x11, 0x11, 0x11,
    0x00, 0x00, 0x00, 0x00, 0x00, 0x00, 0x00, 0x00, 0x00, 0x00, 0x00, 0x00, 0x00, 0x00, 0x00, 0x00,
    0x00, 0x00, 0x00, 0x00, 0x00, 0x00, 0x00, 0x00, 0x55, 0x55, 0x55, 0x55, 0x21, 0x22, 0x22, 0x22,
    0x00, 0x00, 0x00, 0x00, 0x00, 0x00, 0x00, 0x00, 0x00, 0x00, 0x00, 0x00, 0x00, 0x00, 0x00, 0x00,
    0x00, 0x00, 0x00, 0x00, 0x00, 0x00, 0x00, 0x00, 0x55, 0x55, 0x55, 0x55, 0x22, 0x22, 0x22, 0x22,
    0x23, 0x22, 0x22, 0x22, 0x88, 0x88, 0x88, 0x88, 0x00, 0x00, 0x00, 0x00, 0x00, 0x00, 0x00, 0x00,
    0x00, 0x00, 0x00, 0x00, 0x00, 0x00, 0x00, 0x00, 0x00, 0x00, 0x00, 0x00, 0x00, 0x00, 0x00, 0x00,
    0x22, 0x22, 0x22, 0x22, 0x88, 0x88, 0x88, 0x88, 0x00, 0x00, 0x00, 0x00, 0x00, 0x00, 0x00, 0x00,
    0x00, 0x00, 0x00, 0x00, 0x00, 0x00, 0x00, 0x00, 0x00, 0x00, 0x00, 0x00, 0x00, 0x00, 0x00, 0x00,
    0x22, 0x22, 0x22, 0x32, 0x88, 0x88, 0x88, 0x88, 0x00, 0x00, 0x00, 0x00, 0x00, 0x00, 0x00, 0x00,
    0x00, 0x00, 0x00, 0x00, 0x00, 0x00, 0x00, 0x00, 0x00, 0x00, 0x00, 0x00, 0x00, 0x00, 0x00, 0x00,
    0x33, 0x33, 0x33, 0x33, 0x88, 0x88, 0x88, 0x88, 0x00, 0x00, 0x00, 0x00, 0x00, 0x00, 0x00, 0x00,
    0x00, 0x00, 0x00, 0x00, 0x00, 0x00, 0x00, 0x00, 0x00, 0x00, 0x00, 0x00, 0x00, 0x00, 0x00, 0x00,
    0x00, 0x00, 0x00, 0x00, 0x00, 0x00, 0x00, 0x00, 0x00, 0x00, 0x00, 0x00, 0x00, 0x00, 0x00, 0x00,
    0x00, 0x00, 0x00, 0x00, 0x00, 0x00, 0x00, 0x00, 0x55, 0x55, 0x55, 0x55, 0x22, 0x22, 0x22, 0x22,
    0x00, 0xE0, 0xA2, 0x12, 0x00, 0xE0, 0xA2, 0x21, 0x00, 0x00, 0xAE, 0x11, 0xA0, 0x00, 0xA0, 0x12,
    0x7A, 0xEA, 0xEE, 0x2A, 0x1A, 0x2A, 0x21, 0xEE, 0x1A, 0x1A, 0x11, 0x5E, 0x1A, 0xFA, 0xEF, 0x86,
    0xEE, 0xE2, 0x32, 0x21, 0x16, 0x22, 0x37, 0x22, 0x11, 0x21, 0xEA, 0x32, 0x11, 0x72, 0xEA, 0x33,
    0x21, 0xA2, 0xEE, 0xEE, 0xA7, 0x7A, 0xEE, 0xEE, 0xEE, 0xFF, 0x6E, 0x85, 0x58, 0x2E, 0x6E, 0x56,
    0xE2, 0x00, 0x00, 0x00, 0x33, 0x0E, 0x00, 0x00, 0x23, 0x0E, 0x00, 0x00, 0xEE, 0xEE, 0x0E, 0x00,
    0x5E, 0x23, 0xE2, 0x0E, 0xFF, 0xFF, 0x52, 0x0E, 0xDE, 0xFF, 0x21, 0x0E, 0xE8, 0x15, 0x33, 0xEE,
    0x33, 0x33, 0x33, 0x53, 0x88, 0x88, 0x88, 0x88, 0x00, 0x00, 0x00, 0x5E, 0x00, 0x00, 0xE0, 0xE8,
    0x00, 0x00, 0xE0, 0x66, 0x00, 0x00, 0x6E, 0xE5, 0x00, 0x00, 0x8E, 0xE6, 0x00, 0x00, 0x8E, 0x86,
    0x7A, 0xDA, 0x8E, 0x68, 0x7A, 0xEA, 0xE6, 0x86, 0x7A, 0x6E, 0x66, 0x8E, 0x7A, 0x6E, 0x88, 0xE6,
    0xEE, 0x86, 0x88, 0xE8, 0x6E, 0x66, 0x86, 0xBE, 0x88, 0x56, 0xE5, 0xBE, 0x86, 0x68, 0x8E, 0xBB,
    0x66, 0xFE, 0x5E, 0x68, 0xE5, 0x28, 0xEE, 0x86, 0x8E, 0x82, 0xEA, 0xEE, 0x7E, 0x22, 0xEA, 0x8E,
    0xEB, 0xA7, 0xBE, 0xEE, 0xBB, 0xEE, 0xBB, 0xEE, 0xBB, 0x88, 0xBB, 0xEB, 0x88, 0x88, 0xB8, 0xBB,
    0xE6, 0x3E, 0xEE, 0x88, 0xE8, 0xE8, 0xEE, 0xEE, 0x8E, 0x68, 0x86, 0x86, 0x88, 0x86, 0x68, 0x65,
    0x88, 0x65, 0x68, 0x56, 0x68, 0x65, 0x68, 0x85, 0x6E, 0xE6, 0xEE, 0xEE, 0xEE, 0x2E, 0x24, 0xEE,
    0x00, 0x00, 0x00, 0x00, 0x00, 0x00, 0x00, 0x00, 0x00, 0x00, 0x00, 0xE0, 0x00, 0x00, 0x00, 0xE0,
    0x00, 0x00, 0x00, 0xE0, 0x00, 0x00, 0x00, 0x8E, 0x00, 0x00, 0x00, 0x8E, 0x00, 0x00, 0x00, 0x8E,
    0x8E, 0x88, 0x66, 0x88, 0x8E, 0x88, 0x66, 0x88, 0x88, 0x68, 0x66, 0x88, 0x88, 0x68, 0x86, 0x88,
    0x88, 0x66, 0x86, 0x88, 0x88, 0x66, 0x88, 0x88, 0x68, 0x86, 0x88, 0x88, 0x68, 0x86, 0x88, 0x88,
    0xBB, 0xBE, 0xBE, 0xBB, 0xBB, 0xBE, 0xBE, 0xBB, 0x5B, 0xBE, 0x1E, 0xBB, 0xBB, 0xBE, 0xBE, 0xBB,
    0xBB, 0xBE, 0xEB, 0xBB, 0xE1, 0xBB, 0xEB, 0xB3, 0xEB, 0xBB, 0xEB, 0xBB, 0xEB, 0xBB, 0xEB, 0xBB,
    0xBB, 0x88, 0xB8, 0x0E, 0xBB, 0x88, 0xB8, 0x0E, 0xBB, 0x8B, 0xB8, 0xEB, 0xBB, 0xBB, 0x88, 0xEB,
    0xBB, 0xBB, 0xBB, 0xBB, 0xBB, 0xBB, 0xBB, 0xBB, 0xBB, 0xBB, 0xBB, 0xBB, 0xBB, 0xBB, 0xBB, 0xBB,
    0x00, 0x00, 0xE0, 0x88, 0x00, 0x00, 0xE0, 0x88, 0x00, 0x00, 0xE0, 0x88, 0x00, 0x00, 0xE0, 0x88,
    0x00, 0x00, 0xE0, 0x88, 0x00, 0x00, 0x00, 0x8E, 0x00, 0x00, 0x00, 0xE0, 0x00, 0x00, 0x00, 0x00,
    0x66, 0x88, 0x88, 0xB8, 0x88, 0x88, 0x88, 0xBB, 0x88, 0x88, 0xB8, 0xBB, 0x88, 0x88, 0xB8, 0xBB,
    0x88, 0xB8, 0xBB, 0xBB, 0xB8, 0xBB, 0xBB, 0xBB, 0xBE, 0xBB, 0xBB, 0xE1, 0xEE, 0xEE, 0xBB, 0xEB,
    0xEB, 0xBB, 0xBB, 0xBE, 0xE5, 0xBB, 0xBB, 0x1E, 0xBE, 0xBB, 0xBB, 0xBE, 0xBE, 0xBB, 0xBB, 0xBE,
    0xBE, 0xBB, 0xBB, 0xEB, 0xBE, 0xBB, 0xBB, 0xEB, 0xEE, 0xEE, 0xEE, 0xEE, 0x00, 0x00, 0x00, 0x00,
    0xBB, 0xBB, 0xBB, 0xBB, 0xBB, 0xBB, 0xBB, 0xBB, 0xBB, 0xBB, 0xBB, 0xBB, 0xBB, 0xBB, 0xBB, 0xBB,
    0xBB, 0xBB, 0xBB, 0xEB, 0xBB, 0xBB, 0xEB, 0xEE, 0x3E, 0xEB, 0xBE, 0xEB, 0xEE, 0x8E, 0xBB, 0xEB,
    0x65, 0xE6, 0x8E, 0x8B, 0x56, 0x0E, 0x8E, 0x88, 0xE6, 0x00, 0x8E, 0x88, 0x0E, 0x00, 0x8E, 0x88,
    0x00, 0x00, 0x8E, 0x68, 0x00, 0x00, 0x8E, 0x68, 0x00, 0xE0, 0x8B, 0x68, 0x00, 0xE0, 0x8B, 0x66,
    0x86, 0x13, 0x88, 0xBB, 0x86, 0x88, 0x68, 0xB8, 0x86, 0x88, 0x68, 0xB8, 0x86, 0x88, 0x68, 0xB8,
    0x86, 0x88, 0x88, 0x86, 0x86, 0x18, 0x85, 0x86, 0x86, 0x88, 0x88, 0x66, 0x86, 0x88, 0x88, 0x68,
    0x00, 0xE0, 0x8B, 0x66, 0x00, 0xBE, 0x88, 0x66, 0x00, 0xBE, 0x88, 0x66, 0xE0, 0x8B, 0x88, 0x66,
    0xE0, 0x8B, 0x88, 0x66, 0xE0, 0x8B, 0x68, 0x86, 0xE0, 0x8B, 0x68, 0x86, 0x8E, 0x88, 0x66, 0x86,
    0x86, 0x88, 0x88, 0x8B, 0x86, 0x85, 0xB1, 0x8B, 0x86, 0x88, 0xBB, 0x8B, 0x88, 0xB8, 0xBB, 0xBB,
    0xB8, 0xE1, 0xB5, 0xBB, 0xB8, 0xEB, 0xBB, 0xBB, 0xB8, 0xEB, 0xBB, 0xBB, 0xB8, 0xEB, 0xBE, 0xBB,
    0x00, 0x00, 0x00, 0x00, 0x00, 0x00, 0x00, 0x00, 0x00, 0x00, 0x00, 0x00, 0x00, 0x00, 0x00, 0x00,
    0x00, 0x00, 0x00, 0x00, 0x00, 0x00, 0x00, 0x00, 0x00, 0x00, 0x00, 0x00, 0x00, 0x00, 0x00, 0xE0,
    0x6E, 0x88, 0xEE, 0x0E, 0x6E, 0x88, 0xBB, 0x0E, 0x6E, 0x88, 0xBB, 0x0E, 0x6E, 0x88, 0xBB, 0x0E,
    0x8E, 0x88, 0xBB, 0x0E, 0x8E, 0x88, 0xBB, 0x0E, 0x8E, 0xB8, 0xEB, 0x00, 0x86, 0xB8, 0xEB, 0x00,
    0x00, 0x00, 0x00, 0xE0, 0x00, 0x00, 0x00, 0xE0, 0x00, 0x00, 0x00, 0xE0, 0x00, 0x00, 0x00, 0xE0,
    0x00, 0x00, 0x00, 0xE0, 0x00, 0x00, 0xEE, 0x8E, 0x00, 0xEE, 0xBB, 0x88, 0xEE, 0x68, 0x86, 0xB8,
    0x86, 0xB8, 0xEB, 0x00, 0x86, 0xB8, 0x0E, 0x00, 0x88, 0xBB, 0x0E, 0x00, 0x88, 0xEB, 0x00, 0x00,
    0xBB, 0x0E, 0x00, 0x00, 0xB8, 0x0E, 0x00, 0x00, 0xBB, 0xEB, 0x00, 0x00, 0xBB, 0xEB, 0x00, 0x00,
    0xE0, 0x88, 0xBB, 0xEB, 0x00, 0x8E, 0xB8, 0xBB, 0x00, 0x8E, 0xB8, 0xBB, 0x00, 0x8E, 0xB8, 0xBB,
    0x00, 0x8E, 0xB8, 0xBB, 0x00, 0x8E, 0xB8, 0xBB, 0x00, 0xE0, 0x88, 0xBB, 0x00, 0xE0, 0x88, 0xBB,
    0x00, 0x00, 0x00, 0x00, 0x0E, 0x00, 0x00, 0x00, 0x0E, 0x00, 0x00, 0x00, 0x0E, 0x00, 0x00, 0x00,
    0x0E, 0x00, 0x00, 0x00, 0x0E, 0x00, 0x00, 0x00, 0x0E, 0x00, 0x00, 0x00, 0x0E, 0x00, 0x00, 0x00,
    0x00, 0xE0, 0x88, 0xBB, 0x00, 0x00, 0x8E, 0x88, 0x00, 0x00, 0xBE, 0x88, 0x00, 0x00, 0xBE, 0x8B,
    0x00, 0x00, 0xBE, 0x88, 0x00, 0x00, 0xBE, 0x8B, 0x00, 0x00, 0xE0, 0xBB, 0x00, 0x00, 0x00, 0xEE,
    0x0E, 0x00, 0x00, 0x00, 0xEB, 0x00, 0x00, 0x00, 0xEB, 0x00, 0x00, 0x00, 0xEB, 0x00, 0x00, 0x00,
    0xE8, 0x00, 0x00, 0x00, 0xB8, 0xEE, 0x0E, 0x00, 0x88, 0x66, 0xEB, 0x00, 0xBB, 0x88, 0xB8, 0x0E,
    0x00, 0x00, 0x00, 0x00, 0x00, 0x00, 0x00, 0x3E, 0x00, 0x00, 0xE0, 0x32, 0x00, 0x00, 0x2E, 0x12,
    0x00, 0x00, 0x13, 0xE1, 0x00, 0xE0, 0xE1, 0xEE, 0x00, 0xE0, 0x71, 0xE1, 0x00, 0xE0, 0x72, 0x12,
    0xEE, 0xEE, 0x0E, 0x00, 0x33, 0x13, 0xE2, 0x00, 0x11, 0xE2, 0x11, 0x0E, 0x1E, 0x22, 0x1E, 0x0E,
    0xE2, 0x21, 0x2E, 0xE2, 0x22, 0xEE, 0xEE, 0xE2, 0x33, 0x33, 0xE3, 0x22, 0x11, 0xEE, 0x31, 0x23,
    0xBB, 0x4E, 0x12, 0xE2, 0xBB, 0x2E, 0x24, 0xE1, 0xBB, 0x2E, 0x24, 0xE2, 0xBB, 0xEB, 0x4E, 0x24,
    0xBB, 0xEB, 0xEE, 0x22, 0xB8, 0xEB, 0x4E, 0x4E, 0xB8, 0xBB, 0xEE, 0xE4, 0x88, 0xBB, 0xEE, 0x24,
    0x00, 0x00, 0x00, 0x00, 0x00, 0x00, 0x00, 0x00, 0x00, 0x00, 0x00, 0x00, 0x0E, 0x00, 0x00, 0x00,
    0xE2, 0x00, 0x00, 0x00, 0x22, 0x0E, 0x00, 0x00, 0x2E, 0xE2, 0x00, 0x00, 0xEE, 0xEE, 0x0E, 0x00,
    0xBE, 0x8B, 0xB8, 0xBB, 0xE0, 0xEE, 0xEE, 0xEE, 0x00, 0x00, 0x00, 0x00, 0x00, 0x00, 0x00, 0x00,
    0x00, 0x00, 0x00, 0x00, 0x00, 0x00, 0x00, 0x00, 0x00, 0x00, 0x00, 0x00, 0x00, 0x00, 0x00, 0x00,
    0xEE, 0x0E, 0x00, 0x00, 0x00, 0x00, 0x00, 0x00, 0x00, 0x00, 0x00, 0x00, 0x00, 0x00, 0x00, 0x00,
    0x00, 0x00, 0x00, 0x00, 0x00, 0x00, 0x00, 0x00, 0x00, 0x00, 0x00, 0x00, 0x00, 0x00, 0x00, 0x00,
    0x00, 0x00, 0x00, 0x00, 0x00, 0x00, 0x00, 0x00, 0x00, 0x00, 0x00, 0x00, 0x00, 0x00, 0x00, 0x00,
    0x00, 0x00, 0x00, 0x00, 0x00, 0x00, 0x00, 0x00, 0x00, 0x00, 0x00, 0x00, 0x0E, 0x00, 0x00, 0x00,
    0xE6, 0x0E, 0x00, 0x00, 0x68, 0xE6, 0x00, 0x00, 0x56, 0xE5, 0x00, 0x00, 0x66, 0x56, 0x0E, 0x00,
    0x86, 0x68, 0x0E, 0x00, 0xE8, 0xEE, 0x0E, 0x00, 0x0E, 0x00, 0x00, 0x00, 0x00, 0x00, 0x00, 0x00,
    0x00, 0x00, 0x00, 0x00, 0x00, 0x00, 0x00, 0x00, 0x00, 0x00, 0x00, 0x00, 0x00, 0x00, 0x00, 0x00,
    0x0E, 0x00, 0x00, 0x00, 0x0E, 0x00, 0x00, 0x00, 0xEB, 0x00, 0x00, 0x00, 0xEB, 0x00, 0x00, 0x00,
    0xEB, 0x00, 0x00, 0x00, 0xEB, 0x00, 0x00, 0x00, 0xEB, 0x00, 0x00, 0x00, 0xEB, 0x00, 0x00, 0x00,
    0x0E, 0x00, 0x00, 0x00, 0x00, 0x00, 0x00, 0x00, 0x00, 0x00, 0x00, 0x00, 0x00, 0x00, 0x00, 0x00,
    0x00, 0x00, 0x00, 0x00, 0x00, 0x00, 0x00, 0x00, 0x00, 0x00, 0x00, 0x00, 0x00, 0x00, 0x00, 0x00,
    0x00, 0x00, 0x00, 0x00, 0x00, 0x00, 0x00, 0x00, 0x0E, 0x00, 0x00, 0x00, 0x0E, 0x00, 0x00, 0x00,
    0x00, 0x00, 0x00, 0x00, 0x00, 0x00, 0x00, 0x00, 0x00, 0x00, 0x00, 0x00, 0x58, 0x55, 0x05, 0x00,
    0x58, 0x23, 0x52, 0x55, 0x80, 0x58, 0x33, 0x23, 0x00, 0x80, 0x58, 0x35, 0x00, 0x00, 0x80, 0x88,
    0x00, 0x00, 0x8E, 0x66, 0x00, 0x00, 0xE0, 0x68, 0x00, 0x00, 0xE0, 0x88, 0x00, 0x00, 0x00, 0xEE,
    0x00, 0x00, 0x00, 0x00, 0x00, 0x00, 0x00, 0x00, 0x00, 0x00, 0x00, 0x00, 0x00, 0x00, 0x00, 0x00,
    0x86, 0xBB, 0x2E, 0xEE, 0x86, 0xB8, 0x2E, 0xE2, 0x88, 0xB8, 0xEB, 0xEE, 0x88, 0xB8, 0xEB, 0x00,
    0x88, 0xB8, 0xEB, 0x00, 0x8B, 0x88, 0xBB, 0x0E, 0x8B, 0x88, 0xBB, 0x0E, 0x8B, 0x88, 0xBB, 0x0E,
    0xEE, 0xEE, 0xEE, 0x0E, 0x00, 0x00, 0x00, 0x00, 0x00, 0x00, 0x00, 0x00, 0x00, 0x00, 0x00, 0x00,
    0x00, 0x00, 0x00, 0x00, 0x00, 0x00, 0x00, 0x00, 0x00, 0x00, 0x00, 0x00, 0x00, 0x00, 0x00, 0x00,
};
static const u16 sFrame3[] = {
    0x0011, 0x40BE, 0x81B3, 0x0000, 0x40BE, 0x81D3, 0x0008, 0x40BE, 0x81F3, 0x0010, 0x40DE, 0x81F3,
    0x0018, 0x00CE, 0x41FB, 0x0020, 0x00EE, 0x41F3, 0x0024, 0x00EE, 0x400B, 0x0028, 0x40B6, 0x01FB,
    0x002C, 0x40CE, 0x000B, 0x002E, 0x40FE, 0x01F3, 0x0030, 0x80BE, 0x0013, 0x0032, 0x80DE, 0x0013,
    0x0034, 0x00B6, 0x000B, 0x0036, 0x00BE, 0x01AB, 0x0037, 0x00CE, 0x01F3, 0x0038, 0x00D6, 0x000B,
    0x0039, 0x00FE, 0x0013, 0x003A, 0x0000,
};
static const void* const sFrames3[] = { sFrame3 };
static const u8 sTiles4[1952] __attribute__((aligned(4))) = {
    0x00, 0xE0, 0xA2, 0x12, 0x00, 0xE0, 0xA2, 0x21, 0x00, 0x00, 0xAE, 0x11, 0xA0, 0x00, 0xA0, 0x12,
    0x7A, 0xEA, 0xEE, 0x2A, 0x1A, 0x2A, 0x21, 0xEE, 0x1A, 0x1A, 0x11, 0x5E, 0x1A, 0xFA, 0xEF, 0x86,
    0xEE, 0xE2, 0x32, 0x21, 0x16, 0x22, 0x37, 0x22, 0x11, 0x21, 0xEA, 0x32, 0x11, 0x72, 0xEA, 0x33,
    0x21, 0xA2, 0xEE, 0xEE, 0xA7, 0x7A, 0xEE, 0xEE, 0xEE, 0xFF, 0x6E, 0x85, 0x58, 0x2E, 0x6E, 0x56,
    0xE2, 0x00, 0x00, 0x00, 0x32, 0x0E, 0x00, 0x00, 0x33, 0xE3, 0x00, 0x00, 0xEE, 0xEE, 0x0E, 0x00,
    0x5E, 0x23, 0xE2, 0x0E, 0xFF, 0xFF, 0x52, 0x0E, 0xDE, 0xFF, 0x21, 0x0E, 0xE8, 0x15, 0x33, 0xEE,
    0x00, 0x00, 0x00, 0x00, 0x00, 0x00, 0x00, 0x00, 0x00, 0x00, 0x00, 0x00, 0x00, 0x00, 0x00, 0x00,
    0x00, 0x00, 0x00, 0x00, 0x00, 0x00, 0x00, 0x00, 0x00, 0x00, 0x00, 0x00, 0x0E, 0x00, 0x00, 0x00,
    0x7A, 0xDA, 0x8E, 0x68, 0x7A, 0xEA, 0xE6, 0x86, 0x7A, 0x6E, 0x66, 0x8E, 0x7A, 0x6E, 0x88, 0xE6,
    0xEE, 0x86, 0x88, 0xE8, 0x6E, 0x66, 0x86, 0xBE, 0x88, 0x56, 0xE5, 0xBE, 0x86, 0x68, 0x8E, 0xBB,
    0x66, 0xFE, 0x5E, 0x68, 0xE5, 0x28, 0xEE, 0x86, 0x8E, 0x82, 0xEA, 0xEE, 0x7E, 0x22, 0xEA, 0x8E,
    0xEB, 0xA7, 0xBE, 0xEE, 0xBB, 0xEE, 0xBB, 0xEE, 0xBB, 0x88, 0xBB, 0xEB, 0x88, 0x88, 0xB8, 0xBB,
    0xE6, 0x3E, 0xEE, 0x88, 0xE8, 0xE8, 0xEE, 0xEE, 0x8E, 0x68, 0x86, 0x86, 0x88, 0x86, 0x68, 0x65,
    0x88, 0x65, 0x68, 0x56, 0x68, 0x65, 0x68, 0x85, 0x6E, 0xE6, 0xEE, 0xEE, 0xEE, 0x2E, 0x22, 0x11,
    0xE6, 0x0E, 0x00, 0x00, 0x68, 0xE6, 0x00, 0x00, 0x56, 0xE5, 0x00, 0x00, 0x66, 0x56, 0x0E, 0x00,
    0x86, 0x68, 0x0E, 0x00, 0xE8, 0xEE, 0x0E, 0x00, 0x0E, 0x00, 0x00, 0x00, 0x0E, 0x00, 0x00, 0x00,
    0x65, 0xE6, 0x8E, 0x8B, 0x56, 0x0E, 0x8E, 0x88, 0xE6, 0x00, 0x8E, 0x88, 0x0E, 0x00, 0x8E, 0x88,
    0x00, 0x00, 0x8E, 0x68, 0x00, 0xE0, 0x88, 0x66, 0x00, 0xE0, 0x88, 0x66, 0x00, 0xE0, 0x88, 0x66,
    0x86, 0x13, 0x88, 0xBB, 0x86, 0x88, 0x68, 0xB8, 0x86, 0x88, 0x88, 0x86, 0x86, 0x88, 0x88, 0x86,
    0x86, 0x88, 0x88, 0x86, 0x86, 0x18, 0x85, 0x68, 0x86, 0x88, 0x88, 0x68, 0x86, 0x88, 0x88, 0x88,
    0xBB, 0x2E, 0x42, 0x1E, 0xBB, 0xEB, 0x41, 0x2E, 0xBB, 0xEB, 0xE2, 0x4E, 0xBB, 0xEB, 0xE2, 0x4E,
    0xB8, 0xEB, 0x22, 0xE2, 0xB8, 0xEB, 0x24, 0xE4, 0xB6, 0xBB, 0x4E, 0x44, 0x86, 0xBB, 0x4E, 0x44,
    0xE1, 0x0E, 0x00, 0x00, 0x11, 0xE1, 0x0E, 0x00, 0x24, 0x11, 0xE1, 0x0E, 0x44, 0x24, 0x11, 0xE2,
    0x44, 0x44, 0xE4, 0x0E, 0xEE, 0xEE, 0x0E, 0x00, 0x0E, 0x00, 0x00, 0x00, 0xE4, 0x00, 0x00, 0x00,
    0x00, 0xBE, 0x68, 0x66, 0x00, 0xBE, 0x68, 0x66, 0xE0, 0x8B, 0x68, 0x86, 0xE0, 0x8B, 0x68, 0x86,
    0xE0, 0x8B, 0x68, 0x86, 0xBE, 0x88, 0x66, 0x86, 0xBE, 0x88, 0x66, 0x86, 0x8E, 0x68, 0x66, 0x88,
    0x88, 0x88, 0xB8, 0x88, 0x88, 0x85, 0xB1, 0x8B, 0x88, 0x88, 0xBB, 0xBB, 0xB8, 0xB8, 0xBB, 0xBB,
    0xB8, 0xE1, 0xB5, 0xBB, 0xB8, 0xEB, 0xBB, 0xBB, 0xB8, 0xEB, 0xBB, 0xBB, 0xB8, 0xBE, 0xBE, 0xBB,
    0x68, 0xB8, 0xEE, 0x44, 0x68, 0xB8, 0xEB, 0xEE, 0x88, 0x88, 0xEB, 0x00, 0x88, 0x88, 0xEB, 0x00,
    0x8B, 0x88, 0xBB, 0x0E, 0x8B, 0x88, 0xB8, 0x0E, 0x8B, 0x88, 0xB8, 0x0E, 0xBB, 0x88, 0xB8, 0x0E,
    0x44, 0xEE, 0x00, 0x00, 0xEE, 0xEE, 0x0E, 0x00, 0x00, 0x00, 0x00, 0x00, 0x00, 0x00, 0x00, 0x00,
    0x00, 0x00, 0x00, 0x00, 0x00, 0x00, 0x00, 0x00, 0x00, 0x00, 0x00, 0x00, 0x00, 0x00, 0x00, 0x00,
    0x00, 0x00, 0x00, 0x00, 0x00, 0x00, 0x00, 0x00, 0x00, 0x00, 0x00, 0x00, 0x00, 0x00, 0x00, 0x00,
    0x05, 0x00, 0x00, 0x00, 0x52, 0x55, 0x55, 0x55, 0x33, 0x33, 0x22, 0x22, 0x58, 0x35, 0x33, 0x33,
    0x00, 0x00, 0x00, 0x00, 0x00, 0x00, 0x00, 0x00, 0x00, 0x00, 0x00, 0x00, 0x00, 0x00, 0x00, 0x00,
    0x00, 0x00, 0x00, 0x00, 0x55, 0x55, 0x55, 0x55, 0x12, 0x11, 0x11, 0x22, 0x22, 0x22, 0x22, 0x32,
    0x00, 0x00, 0x00, 0x00, 0x00, 0x00, 0x00, 0x00, 0x00, 0x00, 0x00, 0x00, 0x00, 0x00, 0x00, 0x00,
    0x00, 0x00, 0x00, 0x00, 0x55, 0x05, 0x00, 0x00, 0x22, 0x52, 0x55, 0x55, 0x33, 0x33, 0x33, 0x23,
    0x00, 0x00, 0x00, 0x00, 0x00, 0x00, 0x00, 0x00, 0x00, 0x00, 0x00, 0x00, 0x00, 0x00, 0x00, 0x00,
    0x00, 0x00, 0x00, 0x00, 0x00, 0x00, 0x00, 0x00, 0x55, 0x55, 0x55, 0x55, 0x22, 0x22, 0x22, 0x22,
    0x80, 0x88, 0x88, 0x88, 0x00, 0x00, 0x00, 0x00, 0x00, 0x00, 0x00, 0x00, 0x00, 0x00, 0x00, 0x00,
    0x00, 0x00, 0x00, 0x00, 0x00, 0x00, 0x00, 0x00, 0x00, 0x00, 0x00, 0x00, 0x00, 0x00, 0x00, 0x00,
    0x88, 0x88, 0x88, 0x88, 0x00, 0x00, 0x00, 0x00, 0x00, 0x00, 0x00, 0x00, 0x00, 0x00, 0x00, 0x00,
    0x00, 0x00, 0x00, 0x00, 0x00, 0x00, 0x00, 0x00, 0x00, 0x00, 0x00, 0x00, 0x00, 0x00, 0x00, 0x00,
    0x88, 0x58, 0x55, 0x55, 0x00, 0x80, 0x88, 0x88, 0x00, 0x00, 0x00, 0x00, 0x00, 0x00, 0x00, 0x00,
    0x00, 0x00, 0x00, 0x00, 0x00, 0x00, 0x00, 0x00, 0x00, 0x00, 0x00, 0x00, 0x00, 0x00, 0x00, 0x00,
    0x33, 0x33, 0x33, 0x33, 0x88, 0x88, 0x88, 0x88, 0x00, 0x00, 0x00, 0x00, 0x00, 0x00, 0x00, 0x00,
    0x00, 0x00, 0x00, 0x00, 0x00, 0x00, 0x00, 0x00, 0x00, 0x00, 0x00, 0x00, 0x00, 0x00, 0x00, 0x00,
    0x00, 0x00, 0x00, 0x00, 0x00, 0x00, 0x00, 0x00, 0x00, 0x00, 0x00, 0x00, 0x00, 0x00, 0x00, 0x00,
    0x00, 0x00, 0x00, 0x00, 0x00, 0x00, 0x00, 0x00, 0x55, 0x55, 0x55, 0x55, 0x22, 0x22, 0x22, 0x12,
    0x00, 0x00, 0x00, 0x00, 0x00, 0x00, 0x00, 0x00, 0x00, 0x00, 0x00, 0x00, 0x00, 0x00, 0x00, 0x00,
    0x00, 0x00, 0x00, 0x00, 0x00, 0x00, 0x00, 0x00, 0x55, 0x55, 0x55, 0x55, 0x11, 0x11, 0x11, 0x11,
    0x00, 0x00, 0x00, 0x00, 0x00, 0x00, 0x00, 0x00, 0x00, 0x00, 0x00, 0x00, 0x00, 0x00, 0x00, 0x00,
    0x00, 0x00, 0x00, 0x00, 0x00, 0x00, 0x00, 0x00, 0x55, 0x55, 0x55, 0x55, 0x21, 0x22, 0x22, 0x22,
    0x00, 0x00, 0x00, 0x00, 0x00, 0x00, 0x00, 0x00, 0x00, 0x00, 0x00, 0x00, 0x00, 0x00, 0x00, 0x00,
    0x00, 0x00, 0x00, 0x00, 0x00, 0x00, 0x00, 0x00, 0x55, 0x55, 0x55, 0x55, 0x22, 0x22, 0x22, 0x22,
    0x23, 0x22, 0x22, 0x22, 0x88, 0x88, 0x88, 0x88, 0x00, 0x00, 0x00, 0x00, 0x00, 0x00, 0x00, 0x00,
    0x00, 0x00, 0x00, 0x00, 0x00, 0x00, 0x00, 0x00, 0x00, 0x00, 0x00, 0x00, 0x00, 0x00, 0x00, 0x00,
    0x22, 0x22, 0x22, 0x22, 0x88, 0x88, 0x88, 0x88, 0x00, 0x00, 0x00, 0x00, 0x00, 0x00, 0x00, 0x00,
    0x00, 0x00, 0x00, 0x00, 0x00, 0x00, 0x00, 0x00, 0x00, 0x00, 0x00, 0x00, 0x00, 0x00, 0x00, 0x00,
    0x22, 0x22, 0x22, 0x32, 0x88, 0x88, 0x88, 0x88, 0x00, 0x00, 0x00, 0x00, 0x00, 0x00, 0x00, 0x00,
    0x00, 0x00, 0x00, 0x00, 0x00, 0x00, 0x00, 0x00, 0x00, 0x00, 0x00, 0x00, 0x00, 0x00, 0x00, 0x00,
    0x33, 0x33, 0x33, 0x33, 0x88, 0x88, 0x88, 0x88, 0x00, 0x00, 0x00, 0x00, 0x00, 0x00, 0x00, 0x00,
    0x00, 0x00, 0x00, 0x00, 0x00, 0x00, 0x00, 0x00, 0x00, 0x00, 0x00, 0x00, 0x00, 0x00, 0x00, 0x00,
    0x00, 0x00, 0x00, 0xE0, 0x00, 0x00, 0x00, 0xE0, 0x00, 0x00, 0x00, 0xE0, 0x00, 0x00, 0x00, 0xE0,
    0x00, 0x00, 0x00, 0x8E, 0x00, 0x00, 0x00, 0x8E, 0x00, 0x00, 0xE0, 0x88, 0x00, 0x00, 0xE0, 0x88,
    0x88, 0x68, 0x66, 0x88, 0x88, 0x68, 0x66, 0x88, 0x88, 0x66, 0x86, 0x88, 0x88, 0x66, 0x86, 0x88,
    0x68, 0x66, 0x88, 0xB8, 0x68, 0x86, 0x88, 0xBB, 0x66, 0x88, 0x88, 0xBB, 0x66, 0x88, 0x88, 0xBB,
    0xB8, 0xBE, 0xBE, 0xBB, 0xB8, 0xBE, 0xBE, 0xBB, 0x5B, 0xBE, 0x1E, 0xBB, 0xEB, 0xBB, 0xEB, 0xBB,
    0xEB, 0xBB, 0xEB, 0xBB, 0xE1, 0xBB, 0xEB, 0xB3, 0xEB, 0xBB, 0xBB, 0xBE, 0xEB, 0xBB, 0xBB, 0xBE,
    0xBB, 0x8B, 0x88, 0xEB, 0xBB, 0x8B, 0x88, 0xEB, 0xBB, 0xBB, 0x88, 0xEB, 0xBB, 0xBB, 0x8B, 0xB8,
    0xBB, 0xBB, 0xBB, 0xBB, 0xBB, 0xBB, 0xBB, 0xBB, 0xBB, 0xBB, 0xBB, 0xBB, 0xBB, 0xBB, 0xBB, 0xBB,
    0x00, 0x00, 0xE0, 0x68, 0x00, 0x00, 0x8E, 0x88, 0x00, 0x00, 0x8E, 0x88, 0x00, 0x00, 0x8E, 0x88,
    0x00, 0x00, 0xE0, 0x88, 0x00, 0x00, 0x00, 0x8E, 0x00, 0x00, 0x00, 0xE0, 0x00, 0x00, 0x00, 0x00,
    0x86, 0x88, 0xB8, 0xBB, 0x88, 0x88, 0xB8, 0x5B, 0x88, 0x88, 0xBB, 0xBB, 0x88, 0x88, 0xBB, 0xBB,
    0x88, 0xB8, 0xBB, 0xBB, 0xB8, 0xBB, 0xBB, 0xEB, 0xBE, 0xBB, 0xBB, 0xE1, 0xEE, 0xEE, 0xBB, 0xEB,
    0xBE, 0xBB, 0xBB, 0xBE, 0xBE, 0xBB, 0xBB, 0x1E, 0xBE, 0xBB, 0xBB, 0xEB, 0xBE, 0xBB, 0xBB, 0xEB,
    0xBE, 0xBB, 0xBB, 0xEB, 0xBB, 0xBB, 0xBB, 0xBB, 0xEE, 0xEE, 0xEE, 0xEE, 0x00, 0x00, 0x00, 0x00,
    0xBB, 0xBB, 0xBB, 0xBB, 0xBB, 0xBB, 0xBB, 0xBB, 0xBB, 0xBB, 0xBB, 0xBB, 0xBB, 0xBB, 0xBB, 0xBB,
    0xBB, 0xBB, 0xBB, 0xEB, 0xBE, 0xBB, 0xEB, 0xEE, 0x3E, 0xEB, 0xBE, 0xEB, 0xE0, 0x8E, 0xBB, 0xEB,
    0x00, 0x00, 0x00, 0x00, 0x00, 0x00, 0x00, 0x00, 0x00, 0x00, 0x00, 0x00, 0x00, 0x00, 0x00, 0x00,
    0x00, 0x00, 0x00, 0x00, 0x00, 0x00, 0x00, 0x00, 0x00, 0x00, 0x00, 0x00, 0x00, 0x00, 0x00, 0xE0,
    0x6E, 0x88, 0xEE, 0x0E, 0x6E, 0x88, 0xBB, 0x0E, 0x6E, 0x88, 0xBB, 0x0E, 0x6E, 0x88, 0xBB, 0x0E,
    0x8E, 0x88, 0xBB, 0x0E, 0x8E, 0x88, 0xBB, 0x0E, 0x8E, 0xB8, 0xEB, 0x00, 0x86, 0xB8, 0xEB, 0x00,
    0x00, 0x00, 0x00, 0xE0, 0x00, 0x00, 0x00, 0xE0, 0x00, 0x00, 0x00, 0xE0, 0x00, 0x00, 0x00, 0xE0,
    0x00, 0x00, 0x00, 0xE0, 0x00, 0x00, 0xEE, 0x8E, 0x00, 0xEE, 0xBB, 0x88, 0xEE, 0x68, 0x86, 0xB8,
    0x86, 0xB8, 0xEB, 0x00, 0x86, 0xB8, 0x0E, 0x00, 0x88, 0xBB, 0x0E, 0x00, 0x88, 0xEB, 0x00, 0x00,
    0xBB, 0x0E, 0x00, 0x00, 0xB8, 0x0E, 0x00, 0x00, 0xBB, 0xEB, 0x00, 0x00, 0xBB, 0xEB, 0x00, 0x00,
    0xE0, 0x88, 0xBB, 0xEB, 0x00, 0x8E, 0xB8, 0xBB, 0x00, 0x8E, 0xB8, 0xBB, 0x00, 0x8E, 0xB8, 0xBB,
    0x00, 0x8E, 0xB8, 0xBB, 0x00, 0x8E, 0xB8, 0xBB, 0x00, 0xE0, 0x88, 0xBB, 0x00, 0xE0, 0x88, 0xBB,
    0x00, 0x00, 0x00, 0x00, 0x0E, 0x00, 0x00, 0x00, 0x0E, 0x00, 0x00, 0x00, 0x0E, 0x00, 0x00, 0x00,
    0x0E, 0x00, 0x00, 0x00, 0x0E, 0x00, 0x00, 0x00, 0x0E, 0x00, 0x00, 0x00, 0x0E, 0x00, 0x00, 0x00,
    0x00, 0xE0, 0x88, 0xBB, 0x00, 0x00, 0x8E, 0x88, 0x00, 0x00, 0xBE, 0x88, 0x00, 0x00, 0xBE, 0x8B,
    0x00, 0x00, 0xBE, 0x88, 0x00, 0x00, 0xBE, 0x8B, 0x00, 0x00, 0xE0, 0xBB, 0x00, 0x00, 0x00, 0xEE,
    0x0E, 0x00, 0x00, 0x00, 0xEB, 0x00, 0x00, 0x00, 0xEB, 0x00, 0x00, 0x00, 0xEB, 0x00, 0x00, 0x00,
    0xE8, 0x00, 0x00, 0x00, 0xB8, 0xEE, 0x0E, 0x00, 0x88, 0x66, 0xEB, 0x00, 0xBB, 0x88, 0xB8, 0x0E,
    0x00, 0x00, 0x00, 0x00, 0x00, 0x00, 0x00, 0x3E, 0x00, 0x00, 0xE0, 0x32, 0x00, 0x00, 0x2E, 0x12,
    0x00, 0x00, 0x13, 0xE1, 0x00, 0xE0, 0xE1, 0xEE, 0x00, 0xE0, 0x71, 0xE1, 0x00, 0xE0, 0x72, 0x12,
    0xEE, 0xEE, 0x0E, 0x00, 0x33, 0x13, 0xE2, 0x00, 0x11, 0xE2, 0x11, 0x0E, 0x1E, 0x22, 0x1E, 0x0E,
    0xE2, 0x21, 0x2E, 0xE2, 0x22, 0xEE, 0xEE, 0xE2, 0x33, 0x33, 0xE3, 0x22, 0x11, 0xEE, 0x31, 0x23,
    0xBE, 0x8B, 0xB8, 0xBB, 0xE0, 0xEE, 0xEE, 0xEE, 0x00, 0x00, 0x00, 0x00, 0x00, 0x00, 0x00, 0x00,
    0x00, 0x00, 0x00, 0x00, 0x00, 0x00, 0x00, 0x00, 0x00, 0x00, 0x00, 0x00, 0x00, 0x00, 0x00, 0x00,
    0xEE, 0x0E, 0x00, 0x00, 0x00, 0x00, 0x00, 0x00, 0x00, 0x00, 0x00, 0x00, 0x00, 0x00, 0x00, 0x00,
    0x00, 0x00, 0x00, 0x00, 0x00, 0x00, 0x00, 0x00, 0x00, 0x00, 0x00, 0x00, 0x00, 0x00, 0x00, 0x00,
    0x00, 0x00, 0x00, 0x00, 0x00, 0x00, 0x00, 0x00, 0x00, 0x00, 0x00, 0x00, 0x00, 0x00, 0x00, 0x00,
    0x00, 0x00, 0x00, 0x00, 0x00, 0x00, 0x00, 0x00, 0x55, 0x55, 0x55, 0x55, 0x22, 0x22, 0x22, 0x22,
    0x33, 0x33, 0x33, 0x53, 0x88, 0x88, 0x88, 0x88, 0x00, 0x00, 0x00, 0x5E, 0x00, 0x00, 0xE0, 0xE8,
    0x00, 0x00, 0xE0, 0x66, 0x00, 0x00, 0x6E, 0xE5, 0x00, 0x00, 0x8E, 0xE6, 0x00, 0x00, 0x8E, 0x86,
    0x00, 0x00, 0x00, 0x00, 0x00, 0x00, 0x00, 0x00, 0x00, 0x00, 0x00, 0x00, 0x0E, 0x00, 0x00, 0x00,
    0x0E, 0x00, 0x00, 0x00, 0xEB, 0x00, 0x00, 0x00, 0xEB, 0x00, 0x00, 0x00, 0xEB, 0x00, 0x00, 0x00,
    0xBB, 0x0E, 0x00, 0x00, 0xBB, 0x0E, 0x00, 0x00, 0xEB, 0x00, 0x00, 0x00, 0xEB, 0x00, 0x00, 0x00,
    0x0E, 0x00, 0x00, 0x00, 0x00, 0x00, 0x00, 0x00, 0x00, 0x00, 0x00, 0x00, 0x00, 0x00, 0x00, 0x00,
    0x00, 0x00, 0x00, 0x00, 0x00, 0x00, 0x00, 0x00, 0x00, 0x00, 0x00, 0x00, 0x00, 0x00, 0x00, 0x00,
    0x00, 0x00, 0x00, 0x00, 0x00, 0x00, 0x00, 0x00, 0x0E, 0x00, 0x00, 0x00, 0x0E, 0x00, 0x00, 0x00,
    0x00, 0x00, 0x00, 0x00, 0x00, 0x00, 0x00, 0x00, 0x00, 0x00, 0x00, 0x00, 0x58, 0x55, 0x05, 0x00,
    0x58, 0x23, 0x52, 0x55, 0x80, 0x58, 0x33, 0x23, 0x00, 0x80, 0x58, 0x35, 0x00, 0x00, 0x80, 0x88,
    0x00, 0x00, 0x8E, 0x66, 0x00, 0x00, 0xE0, 0x68, 0x00, 0x00, 0xE0, 0x88, 0x00, 0x00, 0x00, 0xEE,
    0x00, 0x00, 0x00, 0x00, 0x00, 0x00, 0x00, 0x00, 0x00, 0x00, 0x00, 0x00, 0x00, 0x00, 0x00, 0x00,
    0x00, 0x00, 0x00, 0x00, 0x00, 0x00, 0x00, 0x00, 0x00, 0x00, 0x00, 0x00, 0x0E, 0x00, 0x00, 0x00,
    0x00, 0x00, 0x00, 0x00, 0x00, 0x00, 0x00, 0x00, 0x00, 0x00, 0x00, 0x00, 0x00, 0x00, 0x00, 0x00,
    0xEE, 0xEE, 0xEE, 0x0E, 0x00, 0x00, 0x00, 0x00, 0x00, 0x00, 0x00, 0x00, 0x00, 0x00, 0x00, 0x00,
    0x00, 0x00, 0x00, 0x00, 0x00, 0x00, 0x00, 0x00, 0x00, 0x00, 0x00, 0x00, 0x00, 0x00, 0x00, 0x00,
};
static const u16 sFrame4[] = {
    0x000F, 0x00BE, 0x81FB, 0x0000, 0x40BE, 0x81B3, 0x0010, 0x40BE, 0x81D3, 0x0018, 0x40DE, 0x81F3,
    0x0020, 0x00EE, 0x41F3, 0x0028, 0x00EE, 0x400B, 0x002C, 0x40B6, 0x01FB, 0x0030, 0x40FE, 0x01F3,
    0x0032, 0x80BE, 0x01F3, 0x0034, 0x80DE, 0x0013, 0x0036, 0x00B6, 0x000B, 0x0038, 0x00BE, 0x01AB,
    0x0039, 0x00CE, 0x01F3, 0x003A, 0x00CE, 0x001B, 0x003B, 0x00FE, 0x0013, 0x003C, 0x0000,
};
static const void* const sFrames4[] = { sFrame4 };
static const u8 sTiles5[1632] __attribute__((aligned(4))) = {
    0x00, 0x99, 0x99, 0x09, 0x39, 0x33, 0x13, 0x92, 0x32, 0x11, 0x32, 0x21, 0x11, 0x19, 0x21, 0x23,
    0x92, 0x92, 0x21, 0x29, 0x99, 0x91, 0x22, 0x92, 0x91, 0x31, 0x39, 0x93, 0x12, 0x19, 0x99, 0x31,
    0x00, 0x00, 0x00, 0x00, 0x00, 0x00, 0x00, 0x00, 0x99, 0x00, 0x00, 0x99, 0x33, 0x99, 0x99, 0x22,
    0x42, 0x24, 0x22, 0x12, 0x22, 0x42, 0x24, 0x21, 0x32, 0x33, 0x22, 0x42, 0x23, 0x33, 0x33, 0x23,
    0x00, 0x00, 0x00, 0x00, 0x00, 0x00, 0x00, 0x00, 0x99, 0x99, 0x99, 0x99, 0x11, 0x22, 0x22, 0x32,
    0x22, 0x44, 0x44, 0x44, 0x11, 0x11, 0x21, 0x12, 0x44, 0x44, 0x44, 0x22, 0x33, 0x22, 0x32, 0x44,
    0x00, 0x00, 0x00, 0x00, 0x00, 0x90, 0x99, 0x99, 0x99, 0x49, 0x44, 0x22, 0x44, 0x44, 0x44, 0x92,
    0x22, 0x22, 0x11, 0x42, 0x11, 0x22, 0x92, 0x99, 0x11, 0x11, 0x41, 0x44, 0x44, 0x44, 0x42, 0x99,
    0xE2, 0x9E, 0x92, 0x13, 0x61, 0x21, 0x29, 0x23, 0x21, 0x12, 0x92, 0x9A, 0x1A, 0x21, 0x72, 0xEA,
    0xA0, 0x22, 0xAA, 0x5E, 0x00, 0xA7, 0xE7, 0xE8, 0x00, 0xE0, 0xA1, 0xEE, 0x00, 0xE0, 0x68, 0xA2,
    0x39, 0x99, 0x99, 0x99, 0x99, 0x99, 0xE3, 0x3E, 0xEE, 0x5E, 0x11, 0xE2, 0x8E, 0x1E, 0x31, 0x52,
    0xE8, 0x23, 0x22, 0x32, 0x23, 0x35, 0x33, 0xE3, 0x2E, 0xE3, 0xEE, 0x1E, 0x5B, 0x8E, 0xEB, 0x13,
    0x33, 0x33, 0x99, 0x99, 0x99, 0x99, 0x00, 0x00, 0x00, 0x00, 0x00, 0x00, 0xEE, 0xEE, 0x00, 0x00,
    0x8E, 0x88, 0xEE, 0x0E, 0xE1, 0x65, 0x88, 0xE8, 0x21, 0x58, 0x65, 0x88, 0x32, 0xEE, 0x65, 0x86,
    0x99, 0x49, 0x44, 0x14, 0x00, 0x90, 0x99, 0x99, 0x00, 0x00, 0x00, 0x90, 0x00, 0x00, 0x00, 0x00,
    0x00, 0x00, 0x00, 0x00, 0x0E, 0x00, 0x00, 0x00, 0xE8, 0xEE, 0x00, 0x00, 0x66, 0x88, 0xEE, 0x00,
    0x00, 0x00, 0x1E, 0x28, 0x00, 0x00, 0xE0, 0xE7, 0xEE, 0x55, 0x00, 0xAE, 0x12, 0x11, 0xEE, 0x5E,
    0x55, 0x33, 0x22, 0x11, 0x00, 0xEE, 0x5E, 0x35, 0x00, 0x00, 0x00, 0xE0, 0x00, 0x00, 0x00, 0x00,
    0xB7, 0x88, 0xBB, 0x3E, 0xEA, 0x88, 0x8B, 0xEB, 0xEB, 0x88, 0x8B, 0xB8, 0x85, 0xBB, 0xB8, 0x88,
    0xE1, 0xEE, 0x55, 0x8B, 0x23, 0x12, 0x11, 0xEE, 0xEE, 0x55, 0x33, 0x12, 0xE0, 0xE1, 0xEE, 0x55,
    0xE5, 0x00, 0xEE, 0x88, 0x0E, 0x00, 0x00, 0xEE, 0xEB, 0x00, 0x00, 0x00, 0xB8, 0xEE, 0x00, 0x00,
    0x88, 0xBB, 0x0E, 0x00, 0x55, 0xBB, 0xEB, 0x00, 0x11, 0xEE, 0x5E, 0x05, 0x33, 0x22, 0x11, 0xE1,
    0x58, 0x66, 0x88, 0x0E, 0x6E, 0x65, 0x86, 0xE8, 0xE0, 0x8E, 0x88, 0xE8, 0x00, 0xE0, 0x8E, 0x66,
    0x00, 0x00, 0x5E, 0x99, 0x00, 0x00, 0x90, 0x15, 0x00, 0x70, 0x9A, 0x99, 0xEE, 0x7A, 0x6E, 0x66,
    0x00, 0x00, 0x00, 0x00, 0x00, 0x00, 0x00, 0x00, 0x00, 0x00, 0x00, 0x00, 0x00, 0x00, 0x00, 0x00,
    0x00, 0x00, 0x00, 0x00, 0x00, 0x00, 0x00, 0xE0, 0x00, 0x00, 0x00, 0x8E, 0x00, 0x00, 0x00, 0x8E,
    0x00, 0x8E, 0x68, 0x66, 0xE0, 0x68, 0x88, 0x66, 0xE0, 0x18, 0x83, 0x66, 0x8E, 0x86, 0x8E, 0x66,
    0x8E, 0xE8, 0xBE, 0x66, 0x68, 0xBE, 0xEB, 0x65, 0x88, 0xBE, 0xEB, 0x6B, 0x88, 0xBE, 0xEB, 0x6B,
    0xEE, 0x5E, 0x35, 0x23, 0xB8, 0x8B, 0xE8, 0xEE, 0x86, 0xBB, 0x88, 0xBB, 0x66, 0xB8, 0x8B, 0xB8,
    0x66, 0x86, 0xBB, 0x88, 0x66, 0x86, 0xBB, 0x8B, 0x66, 0x66, 0xB8, 0xBB, 0x66, 0x66, 0xB8, 0xBB,
    0x72, 0xE3, 0x65, 0x58, 0x1A, 0x5E, 0x85, 0x5E, 0x1A, 0x6E, 0x8E, 0x6E, 0x37, 0xEE, 0xE0, 0xEE,
    0xAB, 0x0E, 0x00, 0x00, 0xB8, 0xEB, 0x00, 0x00, 0x88, 0xBB, 0x0E, 0x00, 0x88, 0xBB, 0x0E, 0x00,
    0x00, 0x00, 0x00, 0x6E, 0x00, 0x00, 0xE0, 0x88, 0x00, 0x00, 0xE0, 0x86, 0x00, 0x00, 0xE0, 0x86,
    0x00, 0x00, 0x00, 0x8E, 0x00, 0x00, 0x00, 0x8E, 0x00, 0x00, 0x00, 0xE0, 0x00, 0x00, 0x00, 0xE0,
    0xE8, 0xBB, 0xBB, 0xBE, 0xBE, 0xBB, 0xBB, 0x1E, 0xBE, 0xBB, 0xBB, 0x8E, 0xBE, 0xBB, 0xBB, 0x8E,
    0xBE, 0xBB, 0xEE, 0xEB, 0xBE, 0xBB, 0x0E, 0xEE, 0xBE, 0xBB, 0xEB, 0xE0, 0xE8, 0xBB, 0xEB, 0x00,
    0x66, 0x66, 0x86, 0xBB, 0x66, 0x66, 0x86, 0xBB, 0x66, 0x66, 0x66, 0xB8, 0x66, 0x66, 0x66, 0xB8,
    0x68, 0x66, 0x66, 0x86, 0x63, 0x66, 0x66, 0x66, 0x6B, 0x66, 0x66, 0x66, 0xBE, 0x66, 0x66, 0x66,
    0x88, 0xB8, 0xEB, 0x00, 0x8B, 0x88, 0xBB, 0x0E, 0xBB, 0x88, 0xB8, 0xEB, 0xBB, 0x88, 0xB8, 0xEB,
    0xBB, 0x8B, 0xB8, 0xEB, 0xB8, 0xBB, 0x88, 0xBB, 0xB8, 0xBB, 0x8B, 0xB8, 0x86, 0xBB, 0xBB, 0x88,
    0x00, 0x00, 0x00, 0xE0, 0x00, 0x00, 0x00, 0xE0, 0x00, 0x00, 0x00, 0xE0, 0x00, 0x00, 0x00, 0x00,
    0x00, 0x00, 0x00, 0x00, 0x00, 0x00, 0x00, 0x00, 0x00, 0x00, 0x00, 0x00, 0x00, 0x00, 0x00, 0x00,
    0xE8, 0xBB, 0xEB, 0x00, 0xE8, 0xBB, 0xEB, 0x0E, 0xBE, 0xEE, 0xEB, 0xEE, 0xEE, 0xEB, 0xBE, 0xEE,
    0xEE, 0x8E, 0xEB, 0xB8, 0xE0, 0xEE, 0x63, 0x86, 0x00, 0x00, 0xEE, 0x5E, 0x00, 0x00, 0x00, 0x5E,
    0xBE, 0x66, 0x66, 0x66, 0x5E, 0x66, 0x66, 0x66, 0x8E, 0x6B, 0x66, 0x66, 0xEE, 0xB8, 0x66, 0x66,
    0xEB, 0xEE, 0xB8, 0x6B, 0xE8, 0xB8, 0xEE, 0xEE, 0x63, 0x86, 0xB8, 0xBB, 0x63, 0x86, 0xB8, 0xBB,
    0x86, 0xBB, 0xBB, 0x88, 0x66, 0xB8, 0xBB, 0x88, 0x66, 0xB8, 0xBB, 0x88, 0x66, 0x86, 0xBB, 0x8B,
    0x66, 0x86, 0xBB, 0xBB, 0xB8, 0x6B, 0xB8, 0xBB, 0xEE, 0xEE, 0xBB, 0xBB, 0xEE, 0xEE, 0xBB, 0xEB,
    0x88, 0x88, 0xB8, 0xBB, 0xEE, 0x88, 0x88, 0xBB, 0x00, 0xEE, 0xBB, 0xBB, 0x00, 0xE0, 0x8B, 0xB8,
    0x00, 0xE0, 0x6B, 0xB8, 0x00, 0xBE, 0x86, 0xEB, 0x00, 0xBE, 0x86, 0xEB, 0x00, 0xBE, 0xB8, 0x0E,
    0x0E, 0x00, 0xEE, 0xBE, 0xEB, 0x00, 0xBE, 0x88, 0xEB, 0x00, 0xE0, 0x8E, 0x0E, 0x00, 0x00, 0xE0,
    0x0E, 0x00, 0x00, 0x00, 0x00, 0x00, 0x00, 0x00, 0x00, 0x00, 0x00, 0x00, 0x00, 0x00, 0x00, 0xEE,
    0xBB, 0x0E, 0x00, 0x00, 0xB8, 0xEB, 0x00, 0x00, 0x88, 0xBB, 0x0E, 0x00, 0x8E, 0x88, 0xEB, 0x00,
    0xE0, 0x8B, 0xBB, 0x0E, 0x00, 0xBE, 0xBB, 0xEB, 0xEE, 0xBB, 0x88, 0xEB, 0x8B, 0x66, 0x88, 0xBB,
    0x00, 0x00, 0x00, 0x00, 0x00, 0x00, 0x00, 0x00, 0x00, 0x00, 0x00, 0x00, 0x00, 0x00, 0x00, 0x00,
    0x00, 0x00, 0x00, 0x00, 0x00, 0x00, 0x00, 0x00, 0x00, 0x00, 0x00, 0x00, 0x0E, 0x00, 0x00, 0x00,
    0x00, 0xE0, 0xBB, 0x0E, 0x00, 0xE0, 0xEE, 0x00, 0x00, 0x00, 0x00, 0x00, 0x00, 0x00, 0x00, 0x00,
    0x00, 0x00, 0x00, 0x00, 0x00, 0x00, 0x00, 0x00, 0x00, 0x00, 0x00, 0x00, 0x00, 0x00, 0x00, 0x00,
    0x00, 0x00, 0xE0, 0xBB, 0x00, 0x00, 0xE0, 0x8B, 0x00, 0x00, 0xE0, 0xBB, 0x00, 0x00, 0x00, 0xEE,
    0x00, 0x00, 0x00, 0x00, 0x00, 0x00, 0x00, 0x00, 0x00, 0x00, 0x00, 0x00, 0x00, 0x00, 0x00, 0x00,
    0x68, 0x88, 0xB8, 0xEB, 0x66, 0xB8, 0xEE, 0x0E, 0xBB, 0xEE, 0x00, 0x00, 0xEE, 0x00, 0x00, 0x00,
    0x00, 0x00, 0x00, 0x00, 0x00, 0x00, 0x00, 0x00, 0x00, 0x00, 0x00, 0x00, 0x00, 0x00, 0x00, 0x00,
    0x0E, 0x00, 0x00, 0x00, 0x00, 0x00, 0x00, 0x00, 0x00, 0x00, 0x00, 0x00, 0x00, 0x00, 0x00, 0x00,
    0x00, 0x00, 0x00, 0x00, 0x00, 0x00, 0x00, 0x00, 0x00, 0x00, 0x00, 0x00, 0x00, 0x00, 0x00, 0x00,
    0x00, 0x00, 0x00, 0x00, 0x99, 0x99, 0x99, 0x99, 0x42, 0x22, 0x42, 0x24, 0x22, 0x92, 0x49, 0x94,
    0x99, 0x29, 0x22, 0x94, 0x12, 0x11, 0x22, 0x22, 0x94, 0x42, 0x99, 0x99, 0x29, 0x11, 0x22, 0x22,
    0x90, 0x09, 0x00, 0x00, 0x49, 0x44, 0x00, 0x00, 0x22, 0x00, 0x00, 0x00, 0x99, 0x09, 0x00, 0x00,
    0x00, 0x00, 0x00, 0x00, 0x94, 0x09, 0x00, 0x00, 0x42, 0x00, 0x00, 0x00, 0x42, 0x99, 0x00, 0x00,
    0x21, 0x44, 0x94, 0x99, 0x24, 0x22, 0x22, 0x44, 0x49, 0x92, 0x99, 0x99, 0x99, 0x22, 0x22, 0x04,
    0x00, 0x99, 0x99, 0x00, 0x00, 0x00, 0x90, 0x09, 0x00, 0x00, 0x00, 0x00, 0x00, 0x00, 0x00, 0x00,
    0x99, 0x00, 0x00, 0x00, 0x04, 0x00, 0x00, 0x00, 0x00, 0x00, 0x00, 0x00, 0x00, 0x00, 0x00, 0x00,
    0x00, 0x00, 0x00, 0x00, 0x00, 0x00, 0x00, 0x00, 0x00, 0x00, 0x00, 0x00, 0x00, 0x00, 0x00, 0x00,
    0x00, 0x00, 0x00, 0x00, 0x00, 0x00, 0x00, 0x00, 0x00, 0x00, 0x00, 0x00, 0x00, 0x00, 0x00, 0x00,
    0x00, 0x00, 0x00, 0x00, 0xEE, 0x5E, 0x05, 0x00, 0x22, 0x11, 0xE1, 0x5E, 0x5E, 0x35, 0x23, 0x11,
    0x00, 0x00, 0x00, 0x00, 0x00, 0x00, 0x00, 0x00, 0x00, 0x00, 0x00, 0x00, 0x00, 0x00, 0x00, 0x00,
    0x00, 0x00, 0x00, 0x00, 0x00, 0x00, 0x00, 0x00, 0x05, 0x00, 0x00, 0x00, 0xE1, 0xEE, 0x55, 0x00,
    0x00, 0xE0, 0x5E, 0x35, 0x00, 0x00, 0x00, 0xE0, 0x00, 0x00, 0x00, 0x00, 0x00, 0x00, 0x00, 0x00,
    0x00, 0x00, 0x00, 0x00, 0x00, 0x00, 0x00, 0x00, 0x00, 0x00, 0x00, 0x00, 0x00, 0x00, 0x00, 0x00,
    0x23, 0x12, 0x11, 0xEE, 0xEE, 0x55, 0x33, 0x12, 0x00, 0x00, 0xEE, 0x5E, 0x00, 0x00, 0x00, 0x00,
    0x00, 0x00, 0x00, 0x00, 0x00, 0x00, 0x00, 0x00, 0x00, 0x00, 0x00, 0x00, 0x00, 0x00, 0x00, 0x00,
    0x00, 0x00, 0x00, 0x00, 0x00, 0x00, 0x00, 0x00, 0x00, 0x00, 0x00, 0x00, 0x0E, 0x00, 0x00, 0x00,
    0x09, 0x00, 0x00, 0x00, 0x93, 0x00, 0x00, 0x00, 0x99, 0x00, 0x00, 0x00, 0x85, 0x0E, 0x00, 0x00,
    0x86, 0xAE, 0x00, 0x00, 0xE8, 0x74, 0x0A, 0x00, 0xE8, 0xAA, 0x00, 0x00, 0x0E, 0x00, 0x00, 0x00,
    0x00, 0x00, 0x00, 0x00, 0x00, 0x00, 0x00, 0x00, 0x00, 0x00, 0x00, 0x00, 0x00, 0x00, 0x00, 0x00,
    0x00, 0x00, 0x00, 0x00, 0x00, 0x00, 0x00, 0x00, 0x00, 0x00, 0x00, 0x00, 0x00, 0x00, 0x00, 0x00,
    0x00, 0x00, 0x00, 0x00, 0x0E, 0x00, 0x00, 0x00, 0xEB, 0x00, 0x00, 0x00, 0xEB, 0x00, 0x00, 0x00,
    0xEB, 0x00, 0x00, 0x00, 0xB8, 0x0E, 0x00, 0x00, 0xB8, 0x0E, 0x00, 0x00, 0x88, 0xEB, 0x00, 0x00,
    0x88, 0xEB, 0x00, 0x00, 0xBB, 0xEB, 0x0E, 0x00, 0xBB, 0x0E, 0x00, 0x00, 0xEE, 0x00, 0x00, 0x00,
    0x00, 0x5E, 0x05, 0x00, 0xEE, 0x12, 0xE1, 0xEE, 0x00, 0x3E, 0x23, 0x12, 0x00, 0xE0, 0xEE, 0x55,
    0x00, 0x00, 0x00, 0x00, 0x00, 0x00, 0x00, 0x00, 0x00, 0x00, 0x00, 0x00, 0x00, 0x00, 0x00, 0x00,
    0x00, 0x00, 0x00, 0x00, 0x55, 0x00, 0x00, 0x00, 0x11, 0xEE, 0x55, 0x00, 0x33, 0x12, 0x11, 0xEE,
    0xEE, 0x55, 0x33, 0x22, 0x00, 0x00, 0xEE, 0x5E, 0x00, 0x00, 0x00, 0x00, 0x00, 0x00, 0x00, 0x00,
    0x00, 0x00, 0x00, 0x00, 0x00, 0x00, 0x00, 0x00, 0x00, 0x00, 0x00, 0x90, 0x00, 0x00, 0x00, 0x19,
    0x00, 0x00, 0x00, 0x19, 0x00, 0x00, 0x00, 0x99, 0x00, 0x00, 0x00, 0x79, 0x00, 0x00, 0x00, 0x90,
    0x00, 0x00, 0x00, 0xA0, 0x00, 0x00, 0x00, 0xA0, 0x00, 0x00, 0x00, 0xA0, 0x00, 0x00, 0x00, 0x00,
    0x00, 0x00, 0x00, 0x00, 0x00, 0x00, 0x00, 0x00, 0x00, 0x00, 0x00, 0x00, 0x00, 0x00, 0x00, 0x00,
    0x00, 0x00, 0x00, 0x00, 0x00, 0x00, 0x00, 0x00, 0x00, 0x00, 0x00, 0x00, 0x5E, 0x05, 0x00, 0x00,
    0x11, 0xE1, 0xEE, 0x55, 0x35, 0x23, 0x12, 0x11, 0xE0, 0xEE, 0x55, 0x33, 0x00, 0x00, 0x00, 0xEE,
    0x55, 0x00, 0x00, 0x00, 0x11, 0xEE, 0x5E, 0x05, 0x35, 0x23, 0x11, 0xE1, 0xE0, 0x5E, 0x35, 0x23,
    0x00, 0x00, 0xE0, 0xEE, 0x00, 0x00, 0x00, 0x00, 0x00, 0x00, 0x00, 0x00, 0x00, 0x00, 0x00, 0x00,
    0x00, 0x00, 0x00, 0xE0, 0x00, 0x00, 0x00, 0x00, 0x00, 0x00, 0x00, 0x00, 0x00, 0x00, 0x00, 0x00,
    0x00, 0x00, 0x00, 0x00, 0x00, 0x00, 0x00, 0x00, 0x00, 0x00, 0x00, 0x00, 0x00, 0x00, 0x00, 0x00,
};
static const u16 sFrame5[] = {
    0x000B, 0x00C4, 0x81E4, 0x0000, 0x40E4, 0x81E4, 0x0010, 0x40F4, 0x81F4, 0x0018, 0x00C4, 0x4004,
    0x0020, 0x00CC, 0x41CC, 0x0024, 0x80D4, 0x4004, 0x0028, 0x40CC, 0x01B4, 0x002C, 0x80C4, 0x01DC,
    0x002E, 0x00CC, 0x01C4, 0x0030, 0x00D4, 0x01DC, 0x0031, 0x00F4, 0x01EC, 0x0032, 0x0000,
};
static const void* const sFrames5[] = { sFrame5 };
static const u8 sTiles6[1568] __attribute__((aligned(4))) = {
    0x99, 0x09, 0x00, 0x00, 0x13, 0x92, 0x00, 0x00, 0x33, 0x21, 0x99, 0x09, 0x22, 0x23, 0x32, 0x93,
    0x91, 0x23, 0x22, 0x44, 0x22, 0x39, 0x23, 0x22, 0x39, 0x93, 0x23, 0x33, 0x99, 0x31, 0x39, 0x32,
    0x00, 0x00, 0x00, 0x00, 0x00, 0x00, 0x00, 0x00, 0x00, 0x90, 0x99, 0x99, 0x99, 0x29, 0x12, 0x42,
    0x24, 0x22, 0x44, 0x24, 0x44, 0x44, 0x22, 0x44, 0x23, 0x42, 0x44, 0x44, 0x33, 0x33, 0x32, 0x23,
    0x00, 0x00, 0x00, 0x00, 0x00, 0x00, 0x00, 0x00, 0x99, 0x99, 0x09, 0x00, 0x24, 0x22, 0x93, 0x99,
    0x44, 0x44, 0x24, 0x22, 0x12, 0x22, 0x11, 0x21, 0x44, 0x24, 0x22, 0x22, 0x22, 0x22, 0x42, 0x44,
    0x00, 0x00, 0x00, 0x00, 0x00, 0x00, 0x00, 0x00, 0x99, 0x99, 0x99, 0x99, 0x44, 0x24, 0x22, 0x22,
    0x12, 0x21, 0x99, 0x29, 0x22, 0x49, 0x24, 0x11, 0x12, 0x94, 0x99, 0x24, 0x24, 0x24, 0x22, 0x99,
    0x92, 0x13, 0x93, 0x93, 0x29, 0x23, 0x93, 0x99, 0x92, 0x9A, 0xE9, 0xEE, 0x72, 0xEA, 0xEE, 0xE8,
    0xAA, 0x8E, 0x85, 0x3E, 0xE7, 0x88, 0x3E, 0x52, 0x1E, 0xEA, 0xEE, 0x32, 0x8E, 0x26, 0xBA, 0x5B,
    0x99, 0x99, 0x39, 0x33, 0x39, 0xEE, 0x93, 0x99, 0x15, 0x21, 0x8E, 0xE8, 0x11, 0x23, 0xE5, 0x88,
    0x21, 0x22, 0xE3, 0x68, 0x55, 0x33, 0x1E, 0x6E, 0xEE, 0xEE, 0x11, 0x82, 0xBE, 0x5E, 0x21, 0x83,
    0x33, 0x33, 0x23, 0x22, 0x99, 0x99, 0x99, 0x99, 0x0E, 0x00, 0x00, 0x00, 0xE8, 0xEE, 0x00, 0x00,
    0x88, 0x88, 0xEE, 0x00, 0x66, 0x86, 0x88, 0xEE, 0x55, 0x86, 0x88, 0x88, 0xEE, 0x6E, 0x66, 0x88,
    0x44, 0x44, 0x11, 0x42, 0x99, 0x99, 0x49, 0x22, 0x00, 0x00, 0x90, 0x24, 0x00, 0x00, 0x00, 0x29,
    0x00, 0x00, 0x00, 0x90, 0x00, 0x00, 0x00, 0x00, 0x0E, 0x00, 0x00, 0x00, 0xE8, 0x00, 0x00, 0x00,
    0xEE, 0x55, 0x72, 0x88, 0x22, 0x11, 0x5E, 0x85, 0x55, 0x33, 0x22, 0xE1, 0x00, 0x5E, 0x35, 0x23,
    0x00, 0x00, 0xEE, 0x55, 0x00, 0x00, 0x8E, 0x68, 0x00, 0x00, 0xE0, 0x35, 0x00, 0x00, 0x00, 0x8E,
    0xB8, 0x3E, 0x53, 0x0E, 0xB8, 0xEB, 0xEE, 0x00, 0x55, 0xBB, 0xBB, 0x0E, 0x12, 0x5E, 0xB5, 0xEB,
    0x33, 0x22, 0xE1, 0x5E, 0x5E, 0x35, 0x23, 0x12, 0x66, 0xE6, 0x5E, 0x35, 0x66, 0x66, 0xB8, 0xE8,
    0x00, 0xE0, 0x6E, 0x65, 0x00, 0x00, 0xE0, 0x55, 0x00, 0x00, 0xE0, 0x88, 0x0E, 0x00, 0x00, 0x8E,
    0xE5, 0x00, 0x00, 0xE0, 0xE1, 0x55, 0x00, 0x70, 0x23, 0x12, 0xEE, 0x7A, 0x55, 0x33, 0x72, 0xE3,
    0x86, 0x0E, 0x00, 0x00, 0x88, 0x0E, 0x00, 0x00, 0x68, 0xE6, 0x00, 0x00, 0x66, 0xE8, 0x00, 0x00,
    0x95, 0x99, 0x00, 0x00, 0x9A, 0x31, 0x09, 0x00, 0x6E, 0x99, 0x09, 0x00, 0x65, 0x56, 0xE8, 0x00,
    0x00, 0x00, 0x00, 0x8E, 0x00, 0x00, 0x00, 0x8E, 0x00, 0x00, 0x00, 0x1E, 0x00, 0x00, 0xE0, 0x6B,
    0x00, 0x00, 0xBE, 0x68, 0x00, 0x00, 0xEE, 0x68, 0x00, 0x00, 0xEE, 0x68, 0x00, 0xE0, 0x5E, 0x63,
    0x66, 0x66, 0xB8, 0x8B, 0x66, 0x66, 0xB8, 0x8B, 0x65, 0x66, 0x86, 0xBB, 0x66, 0x66, 0x86, 0xBB,
    0x66, 0x66, 0x86, 0xBB, 0x66, 0x66, 0x66, 0x88, 0x66, 0x66, 0x66, 0x88, 0x66, 0x66, 0x66, 0x66,
    0x88, 0xEE, 0x1A, 0x5E, 0x88, 0xB8, 0x1A, 0x6E, 0x88, 0xB8, 0x37, 0xEE, 0xBB, 0x88, 0xAB, 0x0E,
    0xBB, 0x8B, 0x88, 0xEB, 0xBB, 0xBB, 0x88, 0xB8, 0xBB, 0xBB, 0x88, 0xB8, 0xB8, 0xBB, 0x88, 0x88,
    0x85, 0x65, 0xE8, 0x0A, 0x8E, 0x85, 0x4E, 0x07, 0xE8, 0x86, 0xAE, 0x0A, 0xEE, 0xEE, 0x00, 0x00,
    0x00, 0x00, 0x00, 0x00, 0x0E, 0x00, 0x00, 0x00, 0x0E, 0x00, 0x00, 0x00, 0xEB, 0x00, 0x00, 0x00,
    0x00, 0x00, 0x00, 0x00, 0x00, 0x00, 0x00, 0x00, 0x00, 0x00, 0x00, 0x00, 0x00, 0x00, 0x00, 0x00,
    0x00, 0x00, 0x00, 0xE0, 0x00, 0x00, 0x00, 0xE0, 0x00, 0x00, 0x00, 0xE0, 0x00, 0x00, 0x00, 0x8E,
    0x00, 0xBE, 0xBE, 0x8E, 0xE0, 0xE8, 0xBB, 0xBE, 0xBE, 0xBE, 0xBB, 0xEB, 0xBE, 0xBE, 0xBB, 0xEB,
    0xE8, 0xBB, 0xBB, 0xEB, 0xEB, 0xBB, 0xEB, 0xEB, 0xEB, 0xBB, 0xEB, 0xEB, 0xBE, 0xBB, 0xEB, 0xBE,
    0x66, 0x66, 0x66, 0x66, 0x66, 0x66, 0x66, 0x66, 0x68, 0x66, 0x66, 0x66, 0x68, 0x66, 0x66, 0x66,
    0x63, 0x66, 0x66, 0x66, 0x6B, 0x66, 0x66, 0x66, 0x6B, 0x66, 0x66, 0x66, 0x8E, 0x66, 0x66, 0x66,
    0x86, 0xBB, 0x8B, 0x88, 0x86, 0xBB, 0x8B, 0x88, 0x86, 0xB8, 0xBB, 0x8B, 0x86, 0xB8, 0xBB, 0x8B,
    0x66, 0x86, 0xBB, 0xBB, 0x66, 0x66, 0xB8, 0xBB, 0x66, 0x66, 0xB8, 0xBB, 0x66, 0x66, 0xB8, 0xBB,
    0x00, 0x00, 0xE0, 0xE8, 0x00, 0x00, 0xE0, 0xBE, 0x00, 0x00, 0xE0, 0xBE, 0x00, 0x00, 0xBE, 0xBE,
    0x00, 0x00, 0xEE, 0xBB, 0x00, 0x00, 0xEE, 0xBB, 0x00, 0xE0, 0xEE, 0xBE, 0x00, 0xE0, 0xB8, 0xEB,
    0xBB, 0xBB, 0xEB, 0xE0, 0xBB, 0xBB, 0x0E, 0x00, 0xBB, 0xBB, 0x0E, 0x00, 0xBB, 0xBB, 0x0E, 0x00,
    0xBB, 0xEB, 0x00, 0x00, 0xBB, 0xEB, 0x00, 0x00, 0xBB, 0xEB, 0x00, 0x00, 0xEB, 0x0E, 0x00, 0x00,
    0x5E, 0x66, 0x66, 0x66, 0xBE, 0x66, 0x66, 0x66, 0xBE, 0x66, 0x66, 0x66, 0xE0, 0x68, 0x66, 0x66,
    0xE0, 0x63, 0x66, 0x66, 0xE0, 0x63, 0x66, 0x66, 0x00, 0x8E, 0x66, 0x66, 0x00, 0xBE, 0x66, 0x66,
    0x66, 0x66, 0x86, 0xBB, 0x66, 0x66, 0x86, 0xBB, 0x66, 0x66, 0x86, 0xBB, 0x66, 0x66, 0x86, 0xBB,
    0x66, 0x66, 0x66, 0xB8, 0x66, 0x66, 0x66, 0xB8, 0x66, 0x66, 0x66, 0xB8, 0x66, 0x66, 0x66, 0xBB,
    0x00, 0x00, 0x00, 0x00, 0x00, 0x00, 0x00, 0x00, 0x00, 0x00, 0x00, 0x00, 0x00, 0x00, 0x00, 0x00,
    0xEE, 0x55, 0x00, 0x00, 0x22, 0x11, 0x5E, 0x05, 0x55, 0x33, 0x22, 0xE1, 0x00, 0x5E, 0x35, 0x23,
    0x00, 0x00, 0x00, 0x00, 0x00, 0x00, 0x00, 0x00, 0x00, 0x00, 0x00, 0x00, 0x00, 0x00, 0x00, 0x00,
    0x00, 0x00, 0x00, 0x00, 0x00, 0x00, 0x00, 0x00, 0x55, 0x00, 0x00, 0x00, 0x12, 0x5E, 0x05, 0x00,
    0x00, 0x00, 0xE0, 0x55, 0x00, 0x00, 0x00, 0x00, 0x00, 0x00, 0x00, 0x00, 0x00, 0x00, 0x00, 0x00,
    0x00, 0x00, 0x00, 0x00, 0x00, 0x00, 0x00, 0x00, 0x00, 0x00, 0x00, 0x00, 0x00, 0x00, 0x00, 0x00,
    0x33, 0x22, 0xE1, 0x5E, 0x5E, 0x35, 0x23, 0x12, 0x00, 0xE0, 0x5E, 0x35, 0x00, 0x00, 0x00, 0xE0,
    0x00, 0x00, 0x00, 0x00, 0x00, 0x00, 0x00, 0x00, 0x00, 0x00, 0x00, 0x00, 0x00, 0x00, 0x00, 0x00,
    0xB8, 0x0E, 0x00, 0x00, 0x88, 0xEB, 0x0E, 0x00, 0x88, 0xB8, 0xEB, 0x00, 0x88, 0xB8, 0xEB, 0x00,
    0x88, 0x88, 0xB8, 0x0E, 0x8B, 0x88, 0x88, 0xEB, 0x8B, 0x88, 0x88, 0xEB, 0xBB, 0x88, 0x88, 0xB8,
    0x00, 0x00, 0x00, 0x00, 0x00, 0x00, 0x00, 0x00, 0x00, 0x00, 0x00, 0x00, 0x00, 0x00, 0x00, 0x00,
    0x00, 0x00, 0x00, 0x00, 0x00, 0x00, 0x00, 0x00, 0x00, 0x00, 0x00, 0x00, 0x0E, 0x00, 0x00, 0x00,
    0xBB, 0x8B, 0x88, 0x88, 0xBB, 0xBB, 0x88, 0x88, 0xBB, 0xBB, 0x88, 0x88, 0xBB, 0xBB, 0x8B, 0x88,
    0xBB, 0xBB, 0xBB, 0xBB, 0xBB, 0xBB, 0xBB, 0xBB, 0xBB, 0xBB, 0xBB, 0xEE, 0xBB, 0xEE, 0xEE, 0x6E,
    0xEB, 0x00, 0x00, 0x00, 0xBB, 0x0E, 0x00, 0x00, 0xBB, 0x0E, 0x00, 0x00, 0xBB, 0xEB, 0x00, 0x00,
    0xBB, 0xEB, 0x00, 0x00, 0xEE, 0xEE, 0x00, 0x00, 0x8B, 0xEB, 0x00, 0x00, 0x88, 0xEB, 0x00, 0x00,
    0x00, 0x00, 0x00, 0x00, 0x00, 0xEE, 0x00, 0x00, 0xE0, 0xBB, 0xEE, 0x00, 0xE0, 0x6B, 0xB6, 0x0E,
    0xE0, 0xBB, 0x66, 0xEB, 0x00, 0xBE, 0x68, 0xB6, 0x00, 0xE0, 0x8B, 0x88, 0x00, 0x00, 0xBE, 0xBB,
    0x00, 0xEE, 0x66, 0x85, 0x00, 0xBE, 0x85, 0xE8, 0x00, 0x6E, 0x16, 0xEB, 0xE0, 0x6B, 0xB8, 0xEB,
    0xE0, 0x8B, 0xB8, 0x0E, 0xEE, 0x8B, 0xBB, 0x0E, 0xBB, 0xBB, 0xEB, 0x00, 0xBB, 0xBB, 0x0E, 0x00,
    0x00, 0x00, 0xE0, 0xBE, 0x00, 0x00, 0x00, 0xE0, 0x00, 0x00, 0x00, 0x00, 0x00, 0x00, 0x00, 0x00,
    0x00, 0x00, 0x00, 0x00, 0x00, 0x00, 0x00, 0x00, 0x00, 0x00, 0x00, 0x00, 0x00, 0x00, 0x00, 0x00,
    0xBB, 0xEB, 0x00, 0x00, 0xBB, 0x0E, 0x00, 0x00, 0xEE, 0x00, 0x00, 0x00, 0x00, 0x00, 0x00, 0x00,
    0x00, 0x00, 0x00, 0x00, 0x00, 0x00, 0x00, 0x00, 0x00, 0x00, 0x00, 0x00, 0x00, 0x00, 0x00, 0x00,
    0x0E, 0x00, 0x00, 0x00, 0x00, 0x00, 0x00, 0x00, 0x00, 0x00, 0x00, 0x00, 0x00, 0x00, 0x00, 0x00,
    0x00, 0x00, 0x00, 0x00, 0x00, 0x00, 0x00, 0x00, 0x00, 0x00, 0x00, 0x00, 0x00, 0x00, 0x00, 0x00,
    0x00, 0x1E, 0x66, 0x66, 0x00, 0xE0, 0x68, 0xB8, 0x00, 0xE0, 0xBB, 0xEE, 0x00, 0x00, 0xEE, 0x00,
    0x00, 0x00, 0x00, 0x00, 0x00, 0x00, 0x00, 0x00, 0x00, 0x00, 0x00, 0x00, 0x00, 0x00, 0x00, 0x00,
    0x66, 0xB8, 0xBB, 0xEE, 0xBB, 0xEE, 0xEE, 0x00, 0xEE, 0x00, 0x00, 0x00, 0x00, 0x00, 0x00, 0x00,
    0x00, 0x00, 0x00, 0x00, 0x00, 0x00, 0x00, 0x00, 0x00, 0x00, 0x00, 0x00, 0x00, 0x00, 0x00, 0x00,
    0xEE, 0x00, 0x00, 0x6E, 0x00, 0x00, 0x00, 0x8E, 0x00, 0x00, 0x00, 0xBE, 0x00, 0x00, 0x00, 0xBB,
    0x00, 0x00, 0x00, 0xB0, 0x00, 0x00, 0x00, 0x00, 0x00, 0x00, 0x00, 0x00, 0x00, 0x00, 0x00, 0x00,
    0x05, 0x00, 0x00, 0x00, 0xE1, 0x55, 0x00, 0x00, 0x23, 0x12, 0x5E, 0x05, 0x55, 0x33, 0x22, 0xE1,
    0x00, 0x5E, 0x35, 0x23, 0x00, 0x00, 0xE0, 0x5E, 0x00, 0x00, 0x00, 0x00, 0x00, 0x00, 0x00, 0x00,
    0x00, 0x00, 0x00, 0x00, 0x00, 0x00, 0x00, 0x00, 0x00, 0x00, 0x00, 0x00, 0x5E, 0x05, 0x00, 0x00,
    0x12, 0xE1, 0x55, 0x00, 0x35, 0x23, 0x12, 0xEE, 0xE0, 0x55, 0x33, 0x22, 0x00, 0x00, 0xEE, 0x55,
    0x00, 0x00, 0x00, 0x99, 0x00, 0x00, 0x39, 0x33, 0x00, 0x90, 0x32, 0x21, 0x00, 0x19, 0x12, 0x19,
    0x00, 0x19, 0x92, 0x92, 0x00, 0x99, 0x92, 0x91, 0x00, 0x79, 0x99, 0x22, 0x00, 0x90, 0x12, 0x19,
    0x00, 0xA0, 0xE2, 0x9E, 0x00, 0xA0, 0x61, 0x21, 0x00, 0xA0, 0x21, 0x12, 0x00, 0x00, 0x1A, 0x21,
    0x00, 0x00, 0xA0, 0x22, 0x55, 0x00, 0x00, 0xA7, 0x11, 0x5E, 0x05, 0x00, 0x33, 0x22, 0xE1, 0x55,
    0x00, 0x00, 0x00, 0x00, 0x00, 0x00, 0x90, 0x99, 0x99, 0x99, 0x29, 0x00, 0x44, 0x44, 0x99, 0x09,
    0x22, 0x42, 0x09, 0x00, 0x21, 0x22, 0x92, 0x00, 0x94, 0x99, 0x29, 0x00, 0x21, 0x92, 0x22, 0x00,
    0x22, 0x22, 0x99, 0x09, 0x22, 0x42, 0x44, 0x00, 0x92, 0x99, 0x99, 0x09, 0x29, 0x42, 0x00, 0x00,
    0x99, 0x09, 0x00, 0x00, 0x00, 0x90, 0x09, 0x00, 0x00, 0x00, 0x00, 0x00, 0x00, 0x00, 0x00, 0x00,
    0x00, 0x00, 0x00, 0x00, 0x00, 0x00, 0x00, 0x00, 0xEE, 0x55, 0x05, 0x00, 0x2E, 0x12, 0xE1, 0x55,
    0xE0, 0x35, 0x23, 0x12, 0x00, 0xE0, 0x55, 0x33, 0x00, 0x00, 0x00, 0xEE, 0x00, 0x00, 0x00, 0x00,
    0x5E, 0x35, 0x23, 0x12, 0x00, 0xE0, 0x55, 0x33, 0x00, 0x00, 0x00, 0xEE, 0x00, 0x00, 0x00, 0x00,
    0x00, 0x00, 0x00, 0x00, 0x00, 0x00, 0x00, 0x00, 0x00, 0x00, 0x00, 0x00, 0x00, 0x00, 0x00, 0x00,
    0x88, 0xEB, 0x00, 0x00, 0xB8, 0x0E, 0x00, 0x00, 0xBB, 0x0E, 0x00, 0x00, 0xBB, 0x0B, 0x00, 0x00,
    0xBB, 0x00, 0x00, 0x00, 0x00, 0x00, 0x00, 0x00, 0x00, 0x00, 0x00, 0x00, 0x00, 0x00, 0x00, 0x00,
};
static const u16 sFrame6[] = {
    0x000C, 0x00C6, 0x81F2, 0x0000, 0x40E6, 0x81EA, 0x0010, 0x00C6, 0x41CA, 0x0018, 0x00E6, 0x400A,
    0x001C, 0x00F6, 0x41E2, 0x0020, 0x40F6, 0x41F2, 0x0024, 0x40CE, 0x01DA, 0x0028, 0x80C6, 0x01EA,
    0x002A, 0x80C6, 0x0012, 0x002C, 0x00C6, 0x01C2, 0x002E, 0x00D6, 0x01EA, 0x002F, 0x00F6, 0x0012,
    0x0030, 0x0000,
};
static const void* const sFrames6[] = { sFrame6 };
static const u8 sTiles7[1440] __attribute__((aligned(4))) = {
    0x99, 0x09, 0x00, 0x00, 0x13, 0x92, 0x00, 0x00, 0x32, 0x21, 0x99, 0x09, 0x21, 0x23, 0x33, 0x93,
    0x21, 0x29, 0x22, 0x44, 0x22, 0x39, 0x22, 0x22, 0x29, 0x93, 0x23, 0x33, 0x99, 0x31, 0x39, 0x32,
    0x00, 0x00, 0x00, 0x00, 0x00, 0x00, 0x00, 0x00, 0x00, 0x00, 0x00, 0x00, 0x99, 0x99, 0x09, 0x00,
    0x24, 0x22, 0x94, 0x99, 0x44, 0x44, 0x11, 0x41, 0x22, 0x22, 0x33, 0x33, 0x33, 0x33, 0x22, 0x22,
    0x00, 0x00, 0x00, 0x00, 0x00, 0x00, 0x00, 0x00, 0x00, 0x00, 0x00, 0x00, 0x90, 0x99, 0x99, 0x99,
    0x49, 0x44, 0x24, 0x22, 0x12, 0x22, 0x11, 0x21, 0x12, 0x14, 0x33, 0x13, 0x33, 0x33, 0x42, 0x44,
    0x00, 0x00, 0x00, 0x00, 0x00, 0x00, 0x00, 0x00, 0x00, 0x00, 0x00, 0x00, 0x99, 0x99, 0x99, 0x99,
    0x22, 0x22, 0x99, 0x29, 0x11, 0x49, 0x24, 0x22, 0x12, 0x24, 0x92, 0x99, 0x24, 0x99, 0x24, 0x92,
    0x92, 0x13, 0x93, 0x93, 0x29, 0x23, 0x93, 0x99, 0x92, 0x9A, 0xE9, 0xEE, 0x72, 0xEA, 0xE8, 0xE8,
    0xAA, 0x5E, 0x88, 0x3E, 0xE7, 0x8E, 0x3E, 0x52, 0x1E, 0xEA, 0xEE, 0x32, 0xEE, 0x55, 0xBA, 0xE5,
    0x99, 0x99, 0x39, 0x33, 0x39, 0xEE, 0x93, 0x99, 0x15, 0x21, 0xEE, 0xEE, 0x21, 0x23, 0xE5, 0x86,
    0x22, 0x22, 0xE3, 0x68, 0x35, 0x53, 0x1E, 0x5E, 0xEE, 0xEE, 0x11, 0x82, 0xB8, 0x3E, 0x21, 0xE3,
    0x23, 0x22, 0x22, 0x22, 0xEE, 0x3E, 0x33, 0x33, 0x88, 0xE8, 0x99, 0x33, 0x88, 0x88, 0xEE, 0x99,
    0x68, 0x86, 0x88, 0xEE, 0x86, 0x66, 0x86, 0x88, 0xEE, 0x5E, 0x65, 0x88, 0x00, 0xE0, 0x6E, 0x68,
    0x44, 0x14, 0x11, 0x99, 0x22, 0x32, 0x33, 0x22, 0x33, 0x99, 0x93, 0x24, 0x99, 0x00, 0x99, 0x29,
    0x00, 0x00, 0x00, 0x90, 0x0E, 0x00, 0x00, 0x00, 0xE8, 0x00, 0x00, 0x00, 0x86, 0x0E, 0x00, 0x00,
    0x22, 0x11, 0x5E, 0x85, 0x55, 0x33, 0x22, 0xE1, 0x00, 0x5E, 0x35, 0x23, 0x00, 0xE0, 0xEE, 0x55,
    0x00, 0x00, 0x8E, 0x66, 0x00, 0x00, 0x8E, 0x68, 0x00, 0x00, 0xE0, 0x68, 0x00, 0x00, 0xE0, 0x51,
    0xB8, 0xEB, 0x53, 0x0E, 0x55, 0xBB, 0xEE, 0x00, 0x12, 0x5E, 0xB5, 0x0E, 0x33, 0x22, 0xE1, 0x5E,
    0x5E, 0x35, 0x23, 0x12, 0x66, 0xE8, 0x5E, 0x35, 0x66, 0xB8, 0xBB, 0xE8, 0x66, 0x86, 0xBB, 0x88,
    0x00, 0x00, 0xE0, 0x68, 0x00, 0x00, 0xE0, 0x88, 0x00, 0x00, 0x00, 0x8E, 0x05, 0x00, 0x00, 0xE0,
    0xE1, 0x55, 0x00, 0x70, 0x23, 0x12, 0xEE, 0x7A, 0x55, 0x33, 0x72, 0xE3, 0xB8, 0xEE, 0x1A, 0x5E,
    0x88, 0xE8, 0x00, 0x00, 0x66, 0xE6, 0x00, 0x00, 0x66, 0xE8, 0x00, 0x00, 0x98, 0x99, 0x00, 0x00,
    0x9A, 0x31, 0x09, 0x00, 0x6E, 0x99, 0x09, 0x00, 0x65, 0x56, 0xE8, 0x00, 0x85, 0x65, 0xE8, 0x0A,
    0x00, 0x00, 0xE0, 0x68, 0x00, 0x00, 0x8E, 0x66, 0x00, 0x00, 0x8E, 0x66, 0x00, 0x00, 0x5E, 0x63,
    0x00, 0x00, 0x8E, 0x66, 0x00, 0x00, 0x8E, 0x66, 0x00, 0xE0, 0x13, 0x68, 0x00, 0xE0, 0xEB, 0x6B,
    0x66, 0x86, 0xBB, 0x8B, 0x66, 0x86, 0xB8, 0x8B, 0x66, 0x66, 0xB8, 0xBB, 0x66, 0x66, 0x86, 0xBB,
    0x66, 0x66, 0x86, 0xBB, 0x66, 0x66, 0x66, 0xB8, 0x66, 0x66, 0x66, 0xB8, 0x66, 0x66, 0x66, 0x86,
    0x88, 0xEB, 0x1A, 0x6E, 0x88, 0xB8, 0x37, 0xEE, 0x88, 0x88, 0xAB, 0x0E, 0x8B, 0x88, 0xB8, 0xEE,
    0x8B, 0x88, 0x88, 0xBB, 0xBB, 0x88, 0x88, 0x88, 0xBB, 0x8B, 0x88, 0x88, 0xBB, 0xBB, 0x88, 0x88,
    0x8E, 0x85, 0x4E, 0x07, 0xE8, 0x86, 0xAE, 0x0A, 0xEE, 0xEE, 0x00, 0x00, 0x00, 0x00, 0x00, 0x00,
    0xEE, 0x0E, 0x00, 0x00, 0xBB, 0xEB, 0x0E, 0x00, 0x88, 0xBB, 0xEE, 0xEE, 0x88, 0x88, 0xBB, 0xBB,
    0x00, 0xE0, 0xEB, 0x6B, 0x00, 0xEE, 0xEB, 0x6B, 0x00, 0xEE, 0xEB, 0x83, 0x00, 0xEE, 0xEB, 0xBE,
    0x00, 0xEE, 0xEB, 0xBE, 0xE0, 0xE8, 0xBE, 0x1E, 0xE0, 0xEB, 0xBE, 0xBE, 0xE0, 0xEB, 0xBE, 0xBE,
    0x66, 0x66, 0x66, 0x86, 0x66, 0x66, 0x66, 0x66, 0x66, 0x66, 0x66, 0x66, 0x66, 0x66, 0x66, 0x66,
    0x66, 0x66, 0x66, 0x66, 0x66, 0x66, 0x66, 0x66, 0x66, 0x66, 0x66, 0x66, 0x66, 0x66, 0x66, 0x66,
    0xBB, 0xBB, 0x88, 0x88, 0x88, 0xBB, 0x88, 0x88, 0x66, 0xB8, 0x8B, 0x88, 0x66, 0x86, 0xB8, 0xBB,
    0x66, 0x86, 0xB8, 0xBB, 0x66, 0x66, 0x86, 0xBB, 0x66, 0x66, 0x66, 0xB8, 0x66, 0x66, 0x66, 0xB8,
    0x88, 0x88, 0xBB, 0xBB, 0x88, 0x88, 0x88, 0x88, 0x88, 0x88, 0x88, 0x88, 0x88, 0x88, 0x88, 0x88,
    0x88, 0x88, 0x88, 0x88, 0xBB, 0xBB, 0xBB, 0x88, 0xBB, 0xBB, 0xBB, 0xBB, 0xBB, 0xBB, 0xBB, 0xBB,
    0xE0, 0xEB, 0xBE, 0xEB, 0xE0, 0xEB, 0x8B, 0xE8, 0xE0, 0xEB, 0x8B, 0xE8, 0xBE, 0xE8, 0x66, 0xE8,
    0xBE, 0xEB, 0x86, 0xEB, 0xE0, 0x6E, 0x88, 0xB8, 0xE0, 0x6E, 0x88, 0xB8, 0x00, 0xEE, 0xBE, 0xB8,
    0x65, 0x66, 0x66, 0x66, 0x6B, 0x66, 0x66, 0x66, 0x6B, 0x66, 0x66, 0x66, 0x6B, 0x66, 0x66, 0x66,
    0x61, 0x66, 0x66, 0x66, 0x8E, 0x66, 0x66, 0x66, 0x8E, 0x66, 0x66, 0x66, 0xBE, 0xBB, 0x6B, 0x66,
    0x66, 0x66, 0x66, 0x86, 0x66, 0x66, 0x66, 0x66, 0x66, 0x66, 0x66, 0x66, 0x66, 0x66, 0x66, 0x66,
    0x66, 0x66, 0x66, 0x66, 0x66, 0x66, 0x66, 0xB8, 0x66, 0x66, 0x66, 0xB8, 0x66, 0xB8, 0xBB, 0xEE,
    0xB8, 0xBB, 0xBB, 0xEB, 0x86, 0xBB, 0xBB, 0x0E, 0x86, 0xBB, 0xBB, 0x0E, 0x66, 0xB8, 0xEE, 0x00,
    0xB6, 0xEB, 0x00, 0x00, 0xBB, 0x0E, 0x00, 0x00, 0xEB, 0x00, 0x00, 0x00, 0x0E, 0x00, 0x00, 0x00,
    0x00, 0x00, 0x00, 0x00, 0x00, 0x00, 0x00, 0x00, 0x00, 0x00, 0x00, 0x00, 0x00, 0x00, 0x00, 0x00,
    0x00, 0x00, 0x00, 0x00, 0x55, 0x00, 0x00, 0x00, 0x12, 0x5E, 0x05, 0x00, 0x33, 0x22, 0xE1, 0x5E,
    0x00, 0x00, 0x00, 0x00, 0x00, 0x00, 0x00, 0x00, 0x00, 0x00, 0x00, 0x00, 0x00, 0x00, 0x00, 0x00,
    0x00, 0x00, 0x00, 0x00, 0x00, 0x00, 0x00, 0x00, 0x00, 0x00, 0x00, 0x00, 0x05, 0x00, 0x00, 0x00,
    0x5E, 0x35, 0x23, 0x12, 0x00, 0xE0, 0x5E, 0x35, 0x00, 0x00, 0x00, 0xE0, 0x00, 0x00, 0x00, 0x00,
    0x00, 0x00, 0x00, 0x00, 0x00, 0x00, 0x00, 0x00, 0x00, 0x00, 0x00, 0x00, 0x00, 0x00, 0x00, 0x00,
    0xE1, 0x55, 0x00, 0x00, 0x23, 0x12, 0x5E, 0x05, 0x55, 0x33, 0x22, 0xE1, 0x00, 0x5E, 0x35, 0x23,
    0x00, 0x00, 0xE0, 0x5E, 0x00, 0x00, 0x00, 0x00, 0x00, 0x00, 0x00, 0x00, 0x00, 0x00, 0x00, 0x00,
    0x00, 0x00, 0x00, 0x00, 0x00, 0x00, 0x00, 0x00, 0x00, 0x00, 0x00, 0x00, 0x00, 0x00, 0x00, 0x00,
    0x00, 0x00, 0x00, 0x00, 0x00, 0x00, 0x00, 0x00, 0x00, 0x00, 0x00, 0x00, 0x00, 0x00, 0xE0, 0xEE,
    0x00, 0x8E, 0xEB, 0xBE, 0x00, 0x6E, 0x88, 0xEB, 0x00, 0x5E, 0x86, 0xE8, 0xE0, 0xB8, 0xEE, 0xEB,
    0xE0, 0x81, 0xB8, 0xEE, 0xE0, 0xEB, 0xBE, 0x0E, 0xE0, 0xBB, 0xEB, 0x0E, 0xBE, 0x88, 0xEB, 0x00,
    0x00, 0xE0, 0xBE, 0x66, 0x00, 0xBE, 0x66, 0x88, 0x00, 0xBE, 0xBB, 0xBB, 0x00, 0xE0, 0xEE, 0xEE,
    0x00, 0x00, 0x00, 0x00, 0x00, 0x00, 0x00, 0x00, 0x00, 0x00, 0x00, 0x00, 0x00, 0x00, 0x00, 0x00,
    0x88, 0xB8, 0xEB, 0x00, 0xBB, 0xBB, 0xEB, 0x00, 0xBB, 0xBB, 0x0E, 0x00, 0xEE, 0xEE, 0x00, 0x00,
    0x00, 0x00, 0x00, 0x00, 0x00, 0x00, 0x00, 0x00, 0x00, 0x00, 0x00, 0x00, 0x00, 0x00, 0x00, 0x00,
    0x00, 0x00, 0x00, 0x00, 0xEE, 0x55, 0x05, 0x00, 0x2E, 0x12, 0xE1, 0x55, 0xE0, 0x35, 0x23, 0x12,
    0x00, 0xE0, 0x55, 0x33, 0x00, 0x00, 0x00, 0xEE, 0x00, 0x00, 0x00, 0x00, 0x00, 0x00, 0x00, 0x00,
    0x00, 0x00, 0x00, 0x00, 0x00, 0x00, 0x00, 0x00, 0x00, 0x00, 0x00, 0x00, 0xEE, 0x55, 0x00, 0x00,
    0x22, 0x11, 0x5E, 0x05, 0x55, 0x33, 0x22, 0xE1, 0x00, 0x5E, 0x35, 0x23, 0x00, 0x00, 0xE0, 0x55,
    0x00, 0x00, 0x00, 0x00, 0x00, 0x00, 0x00, 0x00, 0x5E, 0x05, 0x00, 0x00, 0x12, 0xE1, 0x55, 0x00,
    0x35, 0x23, 0x12, 0xEE, 0xE0, 0x55, 0x33, 0x22, 0x00, 0x00, 0xEE, 0x55, 0x00, 0x00, 0x00, 0x00,
    0x00, 0xA0, 0xE2, 0x9E, 0x00, 0xA0, 0x61, 0x21, 0x00, 0xA0, 0x21, 0x12, 0x00, 0x00, 0x1A, 0x21,
    0x55, 0x00, 0xA0, 0x22, 0x11, 0x5E, 0x05, 0xA7, 0x33, 0x22, 0xE1, 0x55, 0x5E, 0x35, 0x23, 0x12,
    0xEE, 0xEE, 0x8E, 0xBB, 0x0E, 0x00, 0xE0, 0xEE, 0x00, 0x00, 0x00, 0x00, 0x00, 0x00, 0x00, 0x00,
    0x00, 0x00, 0x00, 0x00, 0x00, 0x00, 0x00, 0x00, 0x00, 0x00, 0x00, 0x00, 0x00, 0x00, 0x00, 0x00,
    0xBB, 0xEE, 0xEE, 0x00, 0xEE, 0x00, 0x00, 0x00, 0x00, 0x00, 0x00, 0x00, 0x00, 0x00, 0x00, 0x00,
    0x00, 0x00, 0x00, 0x00, 0x00, 0x00, 0x00, 0x00, 0x00, 0x00, 0x00, 0x00, 0x00, 0x00, 0x00, 0x00,
    0x00, 0x00, 0x00, 0x00, 0x00, 0x00, 0x00, 0x00, 0x99, 0x99, 0x99, 0x09, 0x44, 0x44, 0x09, 0x00,
    0x22, 0x42, 0x99, 0x09, 0x22, 0x22, 0x92, 0x90, 0x24, 0x22, 0x29, 0x00, 0x91, 0x99, 0x22, 0x99,
    0x22, 0x21, 0x99, 0x00, 0x29, 0x42, 0x44, 0x09, 0x92, 0x99, 0x99, 0x90, 0x29, 0x42, 0x94, 0x00,
    0x99, 0x29, 0x42, 0x99, 0x00, 0x90, 0x49, 0x00, 0x00, 0x00, 0x00, 0x00, 0x00, 0x00, 0x00, 0x00,
    0x00, 0x00, 0x00, 0x00, 0x00, 0x00, 0x00, 0x00, 0x00, 0x00, 0x00, 0x00, 0x00, 0x00, 0x00, 0x00,
    0x00, 0x00, 0x00, 0x00, 0x00, 0x00, 0x00, 0x00, 0x00, 0x00, 0x00, 0x00, 0x0E, 0x00, 0x00, 0x00,
    0xEB, 0x0E, 0x00, 0x00, 0xBB, 0xEB, 0x0E, 0x00, 0x88, 0xB8, 0xEB, 0x0E, 0x88, 0xBB, 0xEE, 0x00,
    0x88, 0xBB, 0xEE, 0x00, 0xB8, 0xEE, 0xEB, 0x00, 0xEB, 0xBB, 0xBB, 0x0E, 0xEB, 0xBB, 0xBB, 0x0E,
    0x00, 0x00, 0x00, 0x99, 0x00, 0x00, 0x39, 0x33, 0x00, 0x90, 0x31, 0x11, 0x00, 0x19, 0x22, 0x19,
    0x00, 0x19, 0x92, 0x92, 0x00, 0x99, 0x99, 0x91, 0x00, 0x79, 0x91, 0x31, 0x00, 0x90, 0x12, 0x29,
    0x00, 0xE0, 0x55, 0x33, 0x00, 0x00, 0x00, 0xEE, 0x00, 0x00, 0x00, 0x00, 0x00, 0x00, 0x00, 0x00,
    0x00, 0x00, 0x00, 0x00, 0x00, 0x00, 0x00, 0x00, 0x00, 0x00, 0x00, 0x00, 0x00, 0x00, 0x00, 0x00,
    0x8E, 0x88, 0xBB, 0xEB, 0xE0, 0x8E, 0x88, 0xEB, 0x00, 0xE0, 0xEE, 0x0E, 0x00, 0x00, 0x00, 0x00,
    0x00, 0x00, 0x00, 0x00, 0x00, 0x00, 0x00, 0x00, 0x00, 0x00, 0x00, 0x00, 0x00, 0x00, 0x00, 0x00,
};
static const u16 sFrame7[] = {
    0x000C, 0x00C4, 0x81FA, 0x0000, 0x40E4, 0x81FA, 0x0010, 0x00C4, 0x41DA, 0x0018, 0x00F4, 0x41F2,
    0x001C, 0x40C4, 0x01CA, 0x0020, 0x40CC, 0x01EA, 0x0022, 0x40F4, 0x0002, 0x0024, 0x80C4, 0x001A,
    0x0026, 0x80DC, 0x001A, 0x0028, 0x00C4, 0x01F2, 0x002A, 0x00D4, 0x01F2, 0x002B, 0x00EC, 0x001A,
    0x002C, 0x0000,
};
static const void* const sFrames7[] = { sFrame7 };
static const u8 sTiles8[1504] __attribute__((aligned(4))) = {
    0x99, 0x99, 0x09, 0x00, 0x33, 0x13, 0x92, 0x00, 0x11, 0x32, 0x21, 0x99, 0x19, 0x21, 0x23, 0x33,
    0x92, 0x22, 0x29, 0x42, 0x91, 0x23, 0x92, 0x22, 0x32, 0x39, 0x93, 0x32, 0x19, 0x99, 0x31, 0x23,
    0x00, 0x00, 0x00, 0x00, 0x00, 0x00, 0x00, 0x00, 0x00, 0x00, 0x00, 0x00, 0x09, 0x00, 0x00, 0x90,
    0x94, 0x99, 0x99, 0x29, 0x42, 0x44, 0x33, 0x23, 0x22, 0x22, 0x11, 0x32, 0x33, 0x33, 0x23, 0x11,
    0x00, 0x00, 0x00, 0x00, 0x00, 0x00, 0x00, 0x00, 0x00, 0x99, 0x99, 0x99, 0x99, 0x24, 0x22, 0x22,
    0x22, 0x44, 0x24, 0x22, 0x12, 0x11, 0x22, 0x93, 0x33, 0x33, 0x11, 0x11, 0x11, 0x22, 0x92, 0x99,
    0x00, 0x00, 0x00, 0x00, 0x00, 0x00, 0x00, 0x99, 0x99, 0x99, 0x99, 0x44, 0x44, 0x44, 0x44, 0x22,
    0x22, 0x22, 0x22, 0x99, 0x99, 0x33, 0x33, 0x33, 0x21, 0x99, 0x29, 0x22, 0x24, 0x32, 0x33, 0x33,
    0x9E, 0x93, 0x13, 0x39, 0x21, 0x29, 0x23, 0x99, 0x12, 0x92, 0x9A, 0xEE, 0x21, 0x72, 0xEA, 0x8E,
    0x22, 0xAA, 0x5E, 0xE8, 0xA7, 0xE7, 0xE8, 0x23, 0xE0, 0xA1, 0xEE, 0x2E, 0xE0, 0x68, 0xA2, 0x5B,
    0x99, 0x99, 0x99, 0x33, 0x99, 0xE3, 0x3E, 0x99, 0x5E, 0x11, 0xE2, 0xEE, 0x1E, 0x31, 0x52, 0x6E,
    0x23, 0x21, 0x32, 0x8E, 0x35, 0x55, 0xE3, 0xE1, 0xE3, 0xEE, 0x1E, 0x21, 0x8E, 0xEB, 0x13, 0x32,
    0x33, 0x92, 0x29, 0x13, 0xE9, 0xEE, 0x33, 0x33, 0x8E, 0x88, 0x9E, 0x39, 0x88, 0x88, 0xE8, 0x9E,
    0x66, 0x86, 0x88, 0xE8, 0x58, 0xEE, 0x86, 0x88, 0xE8, 0x00, 0x8E, 0x88, 0x0E, 0x00, 0x6E, 0x86,
    0x11, 0x23, 0x93, 0x99, 0x23, 0x92, 0x29, 0x33, 0x33, 0x93, 0x39, 0x49, 0x99, 0x09, 0x90, 0x99,
    0x00, 0x00, 0x00, 0x00, 0x0E, 0x00, 0x00, 0x00, 0xE8, 0x00, 0x00, 0x00, 0xE8, 0x00, 0x00, 0x00,
    0xEE, 0x55, 0x28, 0x87, 0x22, 0x11, 0x5E, 0x85, 0x55, 0x33, 0x22, 0xE1, 0x00, 0x5E, 0x35, 0x23,
    0x00, 0x00, 0xE0, 0x55, 0x00, 0x00, 0xE0, 0x88, 0x00, 0x00, 0x00, 0x8E, 0x00, 0x00, 0x00, 0x8E,
    0x88, 0xBB, 0x3E, 0xE5, 0x88, 0xBB, 0xEB, 0x0E, 0x55, 0xBB, 0xB8, 0xEB, 0x12, 0x5E, 0x85, 0xB8,
    0x33, 0x22, 0xE1, 0x5E, 0x5E, 0x35, 0x23, 0x12, 0x66, 0xE8, 0x5E, 0x35, 0x66, 0xB8, 0xBB, 0xE8,
    0x00, 0x00, 0xE0, 0x65, 0x00, 0x00, 0xE0, 0x58, 0x00, 0x00, 0x00, 0x8E, 0xEE, 0x00, 0x00, 0x8E,
    0xB5, 0x0E, 0x00, 0xE0, 0xE1, 0x55, 0x00, 0x70, 0x23, 0x12, 0xEE, 0x7A, 0x55, 0x33, 0x72, 0xE3,
    0x86, 0x0E, 0x00, 0x00, 0x65, 0xE8, 0x00, 0x00, 0x68, 0xE6, 0x00, 0x00, 0x88, 0xE8, 0x00, 0x00,
    0x98, 0x99, 0x00, 0x00, 0x9A, 0x31, 0x09, 0x00, 0x6E, 0x99, 0x09, 0x00, 0x65, 0x56, 0xE8, 0x00,
    0x00, 0x00, 0x00, 0x5E, 0x00, 0x00, 0xE0, 0x68, 0x00, 0x00, 0xE0, 0x68, 0x00, 0x00, 0xE0, 0x15,
    0x00, 0x00, 0xE0, 0x68, 0x00, 0x00, 0xE0, 0x68, 0x00, 0x00, 0xE0, 0x65, 0x00, 0x00, 0xEE, 0xBE,
    0x63, 0xB8, 0xBB, 0x88, 0x66, 0x86, 0xBB, 0x8B, 0x66, 0x86, 0xBB, 0x8B, 0x66, 0x86, 0xBB, 0xBB,
    0x66, 0x86, 0xBB, 0xBB, 0x66, 0x86, 0xBB, 0xBB, 0x66, 0x66, 0xB8, 0xBB, 0x66, 0x66, 0xB8, 0xBB,
    0x88, 0xEE, 0x1A, 0x5E, 0x88, 0x88, 0x1A, 0x6E, 0x88, 0x88, 0x37, 0xEE, 0x88, 0x88, 0xA8, 0xBE,
    0x88, 0x88, 0xB8, 0xBB, 0x8B, 0x88, 0x88, 0xBB, 0x8B, 0x88, 0x88, 0x88, 0xBB, 0x88, 0x88, 0x88,
    0x85, 0x65, 0xE8, 0x0A, 0x8E, 0x85, 0x4E, 0x07, 0xE8, 0x86, 0xAE, 0x0A, 0xEE, 0xEE, 0x00, 0x00,
    0x0E, 0x00, 0x00, 0x00, 0xEB, 0x00, 0x00, 0x00, 0xBB, 0x0F, 0x00, 0x00, 0xB8, 0xEB, 0x00, 0x00,
    0x00, 0x00, 0xEE, 0xBE, 0x00, 0x00, 0xEE, 0xEB, 0x00, 0x00, 0xEE, 0xEB, 0x00, 0x00, 0xEE, 0xBE,
    0x00, 0x00, 0xEE, 0xBE, 0x00, 0x00, 0xBE, 0xBE, 0x00, 0x00, 0x8E, 0xBE, 0x00, 0xE0, 0xEE, 0xBB,
    0x66, 0x66, 0xB8, 0xBB, 0x68, 0x66, 0x86, 0xBB, 0x63, 0x66, 0x66, 0xB8, 0x8E, 0x66, 0x66, 0x86,
    0x8E, 0x66, 0x66, 0x86, 0xBE, 0x66, 0x66, 0x86, 0xEB, 0x61, 0x66, 0x66, 0xEB, 0x6B, 0x66, 0x66,
    0xBB, 0x88, 0x88, 0x88, 0xBB, 0x88, 0x88, 0x88, 0xBB, 0x8B, 0x88, 0x88, 0xBB, 0xBB, 0x88, 0x88,
    0xBB, 0xBB, 0x88, 0x88, 0xBB, 0xBB, 0xBB, 0x88, 0xB8, 0xBB, 0xBB, 0x8B, 0x86, 0xBB, 0xBB, 0xBB,
    0xB8, 0xEB, 0x0E, 0x00, 0x88, 0xB8, 0xEB, 0x00, 0x88, 0x88, 0xBB, 0x0E, 0x88, 0x88, 0x88, 0xEB,
    0x88, 0x88, 0x88, 0xBB, 0x88, 0x88, 0x88, 0xB8, 0x88, 0x88, 0x88, 0x88, 0x88, 0x88, 0x88, 0x88,
    0x00, 0xE0, 0xEE, 0xBB, 0x00, 0xE0, 0xEE, 0x8B, 0x00, 0xE0, 0xEE, 0x8B, 0x00, 0xE0, 0xE8, 0x8B,
    0x00, 0xE0, 0xEB, 0x6B, 0x00, 0xE0, 0xBE, 0x66, 0x00, 0xE0, 0xBE, 0x66, 0x00, 0xEE, 0xBE, 0x86,
    0xEB, 0x6B, 0x66, 0x66, 0xEB, 0x6B, 0x66, 0x66, 0xEB, 0x6B, 0x66, 0x66, 0xEB, 0x63, 0x66, 0x66,
    0xB8, 0x8E, 0x66, 0x66, 0xB8, 0xBE, 0x66, 0x66, 0xB8, 0xBE, 0x66, 0x66, 0xB8, 0x5E, 0x66, 0x66,
    0x86, 0xBB, 0xBB, 0xBB, 0x66, 0x88, 0xBB, 0xBB, 0x66, 0x88, 0xBB, 0xBB, 0x66, 0x66, 0xB8, 0xBB,
    0x66, 0x66, 0x86, 0xBB, 0x66, 0x66, 0x66, 0x88, 0x66, 0x66, 0x66, 0x88, 0x66, 0x66, 0x66, 0x66,
    0x88, 0x88, 0x88, 0x88, 0x8B, 0x88, 0x88, 0x88, 0x8B, 0x88, 0x88, 0x88, 0xBB, 0x8B, 0x88, 0xB8,
    0xBB, 0xBB, 0x8B, 0xEB, 0xBB, 0xBB, 0xBB, 0xBE, 0xBB, 0xBB, 0xBB, 0xBE, 0xB8, 0xBB, 0xEB, 0xBB,
    0x00, 0x00, 0x00, 0x00, 0x00, 0x00, 0x00, 0x00, 0x00, 0x00, 0x00, 0x00, 0x00, 0x00, 0x00, 0x00,
    0xEE, 0x55, 0x00, 0x00, 0x22, 0x11, 0x5E, 0x05, 0x55, 0x33, 0x22, 0xE1, 0x00, 0x5E, 0x35, 0x23,
    0x00, 0x00, 0x00, 0x00, 0x00, 0x00, 0x00, 0x00, 0x00, 0x00, 0x00, 0x00, 0x00, 0x00, 0x00, 0x00,
    0x00, 0x00, 0x00, 0x00, 0x00, 0x00, 0x00, 0x00, 0x55, 0x00, 0x00, 0x00, 0x12, 0x5E, 0x05, 0x00,
    0x00, 0x00, 0xE0, 0x55, 0x00, 0x00, 0x00, 0x00, 0x00, 0x00, 0x00, 0x00, 0x00, 0x00, 0x00, 0x00,
    0x00, 0x00, 0x00, 0x00, 0x00, 0x00, 0x00, 0x00, 0x00, 0x00, 0x00, 0x00, 0x00, 0x00, 0x00, 0x00,
    0x33, 0x22, 0xE1, 0x5E, 0x5E, 0x35, 0x23, 0x12, 0x00, 0xE0, 0x5E, 0x35, 0x00, 0x00, 0x00, 0xE0,
    0x00, 0x00, 0x00, 0x00, 0x00, 0x00, 0x00, 0x00, 0x00, 0x00, 0x00, 0x00, 0x00, 0x00, 0x00, 0x00,
    0x00, 0x0E, 0x5E, 0xE1, 0x00, 0x0E, 0xBE, 0xB8, 0x00, 0x00, 0xBE, 0x86, 0x00, 0x00, 0x6E, 0x86,
    0x00, 0x00, 0xE0, 0x13, 0x00, 0x00, 0xE0, 0x86, 0x00, 0x00, 0xBE, 0xBB, 0x00, 0xEE, 0x8B, 0xB8,
    0xB8, 0xBE, 0x66, 0x66, 0xEE, 0xEB, 0x68, 0x66, 0xEB, 0xEB, 0x6B, 0x66, 0xBB, 0xEE, 0xEE, 0xB8,
    0xEE, 0x0E, 0x00, 0xEE, 0xB8, 0x0E, 0x00, 0x00, 0xEB, 0x00, 0x00, 0x00, 0xEB, 0x00, 0x00, 0x00,
    0xEE, 0x68, 0x66, 0xB8, 0x88, 0x66, 0x88, 0xB8, 0xBB, 0xBB, 0xEB, 0xEE, 0xEE, 0xEE, 0x0E, 0x00,
    0x00, 0x00, 0x00, 0x00, 0x00, 0x00, 0x00, 0x00, 0x00, 0x00, 0x00, 0x00, 0x00, 0x00, 0x00, 0x00,
    0xEB, 0x00, 0x00, 0x00, 0x0E, 0x00, 0x00, 0x00, 0x00, 0x00, 0x00, 0x00, 0x00, 0x00, 0x00, 0x00,
    0x00, 0x00, 0x00, 0x00, 0x00, 0x00, 0x00, 0x00, 0x00, 0x00, 0x00, 0x00, 0x00, 0x00, 0x00, 0x00,
    0x05, 0x00, 0x00, 0x00, 0xE1, 0x55, 0x00, 0x00, 0x23, 0x12, 0x5E, 0x05, 0x55, 0x33, 0x22, 0xE1,
    0x00, 0x5E, 0x35, 0x23, 0x00, 0x00, 0xE0, 0x5E, 0x00, 0x00, 0x00, 0x00, 0x00, 0x00, 0x00, 0x00,
    0x00, 0x00, 0x00, 0x00, 0x00, 0x00, 0x00, 0x00, 0x00, 0x00, 0x00, 0x00, 0x5E, 0x05, 0x00, 0x00,
    0x12, 0xE1, 0x55, 0x00, 0x35, 0x23, 0x12, 0xEE, 0xE0, 0x55, 0x33, 0x22, 0x00, 0x00, 0xEE, 0x55,
    0x19, 0x11, 0x92, 0x09, 0x22, 0x22, 0x44, 0x99, 0x33, 0x92, 0x99, 0x09, 0x92, 0x33, 0x42, 0x99,
    0x99, 0x99, 0x22, 0x04, 0x00, 0x00, 0x99, 0x94, 0x00, 0x00, 0x00, 0x00, 0x00, 0x00, 0x00, 0x00,
    0x00, 0x00, 0x00, 0x00, 0x99, 0x00, 0x00, 0x00, 0x00, 0x00, 0x00, 0x00, 0x09, 0x00, 0x00, 0x00,
    0x00, 0x00, 0x00, 0x00, 0x09, 0x00, 0x00, 0x00, 0x00, 0x00, 0x00, 0x00, 0x00, 0x00, 0x00, 0x00,
    0x66, 0x66, 0x66, 0x66, 0x66, 0x66, 0x66, 0x86, 0x86, 0xBB, 0xBB, 0xEB, 0xEB, 0xEE, 0xEE, 0x0E,
    0x0E, 0x00, 0x00, 0x00, 0x00, 0x00, 0x00, 0x00, 0x00, 0x00, 0x00, 0x00, 0x00, 0x00, 0x00, 0x00,
    0x86, 0xBB, 0x0E, 0xEE, 0xBB, 0xEE, 0x00, 0x00, 0xEE, 0x00, 0x00, 0x00, 0x00, 0x00, 0x00, 0x00,
    0x00, 0x00, 0x00, 0x00, 0x00, 0x00, 0x00, 0x00, 0x00, 0x00, 0x00, 0x00, 0x00, 0x00, 0x00, 0x00,
    0x00, 0x00, 0x00, 0x00, 0x00, 0x00, 0x00, 0x39, 0x00, 0x00, 0x90, 0x32, 0x00, 0x00, 0x19, 0x11,
    0x00, 0x00, 0x19, 0x92, 0x00, 0x00, 0x99, 0x99, 0x00, 0x00, 0x79, 0x91, 0x00, 0x00, 0x90, 0x12,
    0x00, 0x00, 0xA0, 0xE2, 0x00, 0x00, 0xA0, 0x61, 0x00, 0x00, 0xA0, 0x21, 0x00, 0x00, 0x00, 0x1A,
    0x00, 0x00, 0x00, 0xA0, 0x55, 0x00, 0x00, 0x00, 0x11, 0x5E, 0x05, 0x00, 0x33, 0x22, 0xE1, 0x55,
    0x00, 0x00, 0x00, 0x00, 0x00, 0x00, 0x00, 0x00, 0x00, 0x00, 0x00, 0x00, 0x00, 0x00, 0x00, 0x00,
    0x0E, 0x00, 0x00, 0x00, 0xEB, 0x00, 0x00, 0x00, 0xB8, 0x0E, 0x00, 0x00, 0x88, 0xEB, 0x00, 0x00,
    0x88, 0xEB, 0x00, 0x00, 0xB8, 0xBB, 0x0E, 0x00, 0xB8, 0xBB, 0x0E, 0x00, 0xEB, 0xEE, 0x00, 0x00,
    0xBE, 0xEB, 0x00, 0x00, 0xBB, 0xEB, 0x00, 0x00, 0xBB, 0xEB, 0x00, 0x00, 0xBB, 0x0E, 0x00, 0x00,
    0x00, 0x00, 0x00, 0x00, 0x00, 0x00, 0x00, 0x00, 0xEE, 0x55, 0x05, 0x00, 0x2E, 0x12, 0xE1, 0x55,
    0xE0, 0x35, 0x23, 0x12, 0x00, 0xE0, 0x55, 0x33, 0x00, 0x00, 0x00, 0xEE, 0x00, 0x00, 0x00, 0x00,
    0x00, 0x00, 0x00, 0x00, 0x99, 0x99, 0x09, 0x00, 0x44, 0x44, 0x94, 0x09, 0x22, 0x42, 0x94, 0x00,
    0x33, 0x33, 0x94, 0x99, 0x22, 0x22, 0x92, 0x09, 0x49, 0x22, 0x92, 0x09, 0x19, 0x99, 0x29, 0x92,
    0x5E, 0x35, 0x23, 0x12, 0x00, 0xE0, 0x55, 0x33, 0x00, 0x00, 0x00, 0xEE, 0x00, 0x00, 0x00, 0x00,
    0x00, 0x00, 0x00, 0x00, 0x00, 0x00, 0x00, 0x00, 0x00, 0x00, 0x00, 0x00, 0x00, 0x00, 0x00, 0x00,
    0xEE, 0x00, 0x00, 0x00, 0x00, 0x00, 0x00, 0x00, 0x00, 0x00, 0x00, 0x00, 0x00, 0x00, 0x00, 0x00,
    0x00, 0x00, 0x00, 0x00, 0x00, 0x00, 0x00, 0x00, 0x00, 0x00, 0x00, 0x00, 0x00, 0x00, 0x00, 0x00,
    0x00, 0x00, 0x00, 0x00, 0x00, 0x00, 0x00, 0xE0, 0x00, 0x00, 0x00, 0xE0, 0x00, 0x00, 0x00, 0xE0,
    0x00, 0x00, 0x00, 0x00, 0x00, 0x00, 0x00, 0x00, 0x00, 0x00, 0x00, 0x00, 0x00, 0x00, 0x00, 0x00,
};
static const u16 sFrame8[] = {
    0x000E, 0x00C4, 0x81F2, 0x0000, 0x40E4, 0x81F2, 0x0010, 0x00C4, 0x41CA, 0x0018, 0x00F4, 0x41F2,
    0x001C, 0x40CC, 0x01DA, 0x0020, 0x40CC, 0x0012, 0x0022, 0x40F4, 0x0002, 0x0024, 0x80C4, 0x01EA,
    0x0026, 0x80E4, 0x0012, 0x0028, 0x00C4, 0x01C2, 0x002A, 0x00C4, 0x0012, 0x002B, 0x00D4, 0x01EA,
    0x002C, 0x00F4, 0x0012, 0x002D, 0x00FC, 0x01EA, 0x002E, 0x0000,
};
static const void* const sFrames8[] = { sFrame8 };
static const u8 sTiles9[1504] __attribute__((aligned(4))) = {
    0x99, 0x99, 0x09, 0x00, 0x33, 0x13, 0x92, 0x00, 0x11, 0x32, 0x21, 0x99, 0x19, 0x22, 0x23, 0x33,
    0x92, 0x21, 0x29, 0x42, 0x91, 0x22, 0x39, 0x22, 0x31, 0x29, 0x93, 0x32, 0x29, 0x99, 0x31, 0x23,
    0x00, 0x00, 0x00, 0x00, 0x00, 0x00, 0x00, 0x00, 0x00, 0x00, 0x99, 0x99, 0x99, 0x99, 0x22, 0x11,
    0x24, 0x22, 0x12, 0x22, 0x42, 0x24, 0x21, 0x11, 0x33, 0x22, 0x42, 0x44, 0x33, 0x33, 0x23, 0x33,
    0x00, 0x00, 0x00, 0x00, 0x00, 0x00, 0x00, 0x00, 0x99, 0x99, 0x99, 0x99, 0x22, 0x22, 0x32, 0x44,
    0x44, 0x44, 0x44, 0x22, 0x11, 0x21, 0x12, 0x11, 0x44, 0x44, 0x22, 0x11, 0x22, 0x32, 0x44, 0x44,
    0x00, 0x00, 0x00, 0x00, 0x90, 0x99, 0x99, 0x99, 0x49, 0x44, 0x22, 0x42, 0x44, 0x44, 0x92, 0x22,
    0x22, 0x11, 0x42, 0x99, 0x22, 0x92, 0x99, 0x12, 0x11, 0x41, 0x44, 0x94, 0x44, 0x42, 0x99, 0x29,
    0x9E, 0x92, 0x13, 0x39, 0x21, 0x29, 0x23, 0x99, 0x12, 0x92, 0x9A, 0xEE, 0x21, 0x72, 0xEA, 0x8E,
    0x22, 0xAA, 0x5E, 0xE8, 0xA7, 0xE7, 0xE8, 0x23, 0xE0, 0xA1, 0xEE, 0x2E, 0xEE, 0x55, 0xA2, 0x5B,
    0x99, 0x99, 0x99, 0x33, 0x99, 0xE3, 0x0E, 0x99, 0x5E, 0x11, 0xE2, 0xEE, 0x1E, 0x31, 0x52, 0x6E,
    0x13, 0x22, 0x32, 0x8E, 0x55, 0x35, 0xE3, 0xE1, 0xE3, 0xEE, 0x1E, 0x22, 0x8E, 0xEB, 0x13, 0x32,
    0x33, 0x99, 0x99, 0x99, 0xE9, 0x0E, 0x00, 0x00, 0x8E, 0xE8, 0xEE, 0x00, 0x66, 0x88, 0x88, 0xEE,
    0x65, 0x66, 0x88, 0x88, 0x55, 0x86, 0x88, 0x88, 0xE8, 0xEE, 0x6E, 0x88, 0x0E, 0x00, 0xE0, 0x65,
    0x49, 0x44, 0x14, 0x21, 0x90, 0x99, 0x99, 0x24, 0x00, 0x00, 0x90, 0x49, 0x00, 0x00, 0x00, 0x99,
    0x0E, 0x00, 0x00, 0x00, 0xE8, 0x00, 0x00, 0x00, 0x88, 0x0E, 0x00, 0x00, 0x88, 0xE8, 0x00, 0x00,
    0x22, 0x11, 0x5E, 0x85, 0x55, 0x33, 0x22, 0xE1, 0x00, 0x5E, 0x35, 0x23, 0x00, 0x00, 0xEE, 0x55,
    0x00, 0x00, 0xE0, 0x68, 0x00, 0x00, 0xE0, 0x88, 0x00, 0x00, 0x00, 0x8E, 0x00, 0x00, 0x00, 0x8E,
    0x88, 0xBB, 0x3E, 0xE5, 0x55, 0xBB, 0xEB, 0x0E, 0x12, 0x5E, 0xB5, 0xEB, 0x33, 0x22, 0xE1, 0x5E,
    0x5E, 0x35, 0x23, 0x12, 0x66, 0xE8, 0x5E, 0x35, 0x66, 0x86, 0xBB, 0xEB, 0x66, 0x86, 0xBB, 0xBB,
    0x00, 0x00, 0x00, 0x6E, 0x00, 0x00, 0x00, 0x5E, 0x00, 0x00, 0x00, 0xE0, 0xE5, 0x00, 0x00, 0xE0,
    0xE1, 0x55, 0x00, 0x70, 0x23, 0x12, 0xEE, 0x7A, 0x55, 0x33, 0x72, 0xE3, 0xBB, 0xEE, 0x1A, 0x5E,
    0x86, 0xE8, 0x00, 0x00, 0x65, 0xE8, 0x00, 0x00, 0x66, 0x86, 0x0E, 0x00, 0x98, 0x99, 0x0E, 0x00,
    0x9A, 0x31, 0x09, 0x00, 0x6E, 0x99, 0x09, 0x00, 0x65, 0x56, 0xE8, 0x00, 0x85, 0x65, 0xE8, 0x0A,
    0x00, 0x00, 0x00, 0x3E, 0x00, 0x00, 0xE0, 0x68, 0x00, 0x00, 0xE0, 0x68, 0x00, 0x00, 0xE0, 0x53,
    0x00, 0x00, 0xE0, 0x68, 0x00, 0x00, 0xE0, 0x68, 0x00, 0x00, 0xE0, 0x35, 0x00, 0x00, 0xEE, 0xBE,
    0x61, 0x66, 0xB8, 0xBB, 0x66, 0x66, 0xB8, 0xBB, 0x66, 0x66, 0xB8, 0xBB, 0x66, 0x66, 0x86, 0xBB,
    0x66, 0x66, 0x86, 0xBB, 0x66, 0x66, 0x66, 0xB8, 0x66, 0x66, 0x66, 0x86, 0xBE, 0x66, 0x66, 0x66,
    0xBB, 0x88, 0x1A, 0x6E, 0xBB, 0x8B, 0x37, 0xEE, 0xBB, 0xBB, 0xA8, 0x8E, 0xBB, 0xBB, 0x8B, 0x88,
    0xBB, 0xBB, 0xBB, 0x88, 0xBB, 0xBB, 0xBB, 0x88, 0xBB, 0xBB, 0xBB, 0x8B, 0xB8, 0xBB, 0xBB, 0xBB,
    0x8E, 0x85, 0x4E, 0x07, 0xE8, 0x86, 0xAE, 0x0A, 0xEE, 0xEE, 0x00, 0x00, 0x88, 0xEB, 0x00, 0x00,
    0x88, 0xB8, 0x0E, 0x00, 0x88, 0xB8, 0x0E, 0x00, 0x88, 0x88, 0xEB, 0x00, 0x88, 0x88, 0xEB, 0x00,
    0x00, 0xE0, 0xEE, 0xEB, 0x00, 0xE0, 0xEE, 0xEB, 0x00, 0xE0, 0xE8, 0xBE, 0x00, 0xEE, 0x8E, 0x88,
    0x00, 0xBE, 0x8E, 0x88, 0x00, 0xBE, 0x8E, 0x88, 0x00, 0xEE, 0x8B, 0xB8, 0xE0, 0xE8, 0x88, 0xBB,
    0xEB, 0x66, 0x66, 0x66, 0xEB, 0x63, 0x66, 0x66, 0xEB, 0x6B, 0x66, 0x66, 0xB8, 0xBE, 0x66, 0x66,
    0xBB, 0xEB, 0x66, 0x66, 0xBB, 0xEB, 0x65, 0x66, 0xBB, 0xEE, 0x6B, 0x66, 0xEB, 0xEB, 0x6B, 0x66,
    0x86, 0xBB, 0xBB, 0xBB, 0x86, 0xBB, 0xBB, 0xBB, 0x66, 0xB8, 0xBB, 0xBB, 0x66, 0x86, 0xBB, 0xBB,
    0x66, 0x86, 0xBB, 0xBB, 0x66, 0x86, 0xBB, 0xBB, 0x66, 0x66, 0xB8, 0xBB, 0x66, 0x66, 0x86, 0xBB,
    0x8B, 0x88, 0xB8, 0x0E, 0x8B, 0x88, 0xB8, 0x0E, 0x8B, 0x88, 0x88, 0xEB, 0xBB, 0x88, 0x88, 0xEB,
    0xBB, 0x8B, 0x88, 0xB8, 0xBB, 0x8B, 0x88, 0xB8, 0xBB, 0xBB, 0x88, 0x88, 0xBB, 0xBB, 0x88, 0x88,
    0xE0, 0xE8, 0x88, 0xBB, 0xEE, 0xEE, 0x88, 0xBB, 0xEE, 0xEE, 0xB8, 0xBB, 0xEB, 0x00, 0xEE, 0xEE,
    0xEB, 0x00, 0xEE, 0xEE, 0x0E, 0x00, 0x00, 0x00, 0x00, 0x00, 0x00, 0x00, 0x00, 0x00, 0x00, 0x00,
    0xEB, 0xEB, 0x6B, 0x66, 0xEB, 0xBB, 0x5E, 0x66, 0xBE, 0xEB, 0xBB, 0x66, 0xBE, 0xB5, 0xEB, 0x6B,
    0xBE, 0xB5, 0xEB, 0x6B, 0xE0, 0xEE, 0xBB, 0x1E, 0x00, 0x00, 0xBE, 0xBE, 0x00, 0x00, 0xBE, 0xBE,
    0x66, 0x66, 0x86, 0xBB, 0x66, 0x66, 0x66, 0xB8, 0x66, 0x66, 0x66, 0x86, 0x66, 0x66, 0x66, 0x66,
    0x66, 0x66, 0x66, 0x66, 0x66, 0x66, 0x66, 0x66, 0x68, 0x66, 0x66, 0x66, 0x68, 0x66, 0x66, 0x66,
    0xBB, 0xBB, 0x88, 0x88, 0xBB, 0xBB, 0x8B, 0x88, 0xBB, 0xBB, 0x8B, 0x88, 0xB8, 0xBB, 0xBB, 0x88,
    0xB8, 0xBB, 0xBB, 0x88, 0x86, 0xBB, 0xBB, 0x88, 0x86, 0xBB, 0xBB, 0x8B, 0x86, 0xBB, 0xBB, 0x8B,
    0x00, 0x00, 0x00, 0x00, 0x00, 0x00, 0x00, 0x00, 0x00, 0x00, 0x00, 0x00, 0x00, 0x00, 0x00, 0x00,
    0x00, 0x00, 0x00, 0x00, 0x55, 0x00, 0x00, 0x00, 0x12, 0x5E, 0x05, 0x00, 0x33, 0x22, 0xE1, 0x5E,
    0x00, 0x00, 0x00, 0x00, 0x00, 0x00, 0x00, 0x00, 0x00, 0x00, 0x00, 0x00, 0x00, 0x00, 0x00, 0x00,
    0x00, 0x00, 0x00, 0x00, 0x00, 0x00, 0x00, 0x00, 0x00, 0x00, 0x00, 0x00, 0x05, 0x00, 0x00, 0x00,
    0x5E, 0x35, 0x23, 0x12, 0x00, 0xE0, 0x5E, 0x35, 0x00, 0x00, 0x00, 0xE0, 0x00, 0x00, 0x00, 0x00,
    0x00, 0x00, 0x00, 0x00, 0x00, 0x00, 0x00, 0x00, 0x00, 0x00, 0x00, 0x00, 0x00, 0x00, 0x00, 0x00,
    0xE1, 0x55, 0x00, 0x00, 0x23, 0x12, 0x5E, 0x05, 0x55, 0x33, 0x22, 0xE1, 0x00, 0x5E, 0x35, 0x23,
    0x00, 0x00, 0xE0, 0x5E, 0x00, 0x00, 0x00, 0x00, 0x00, 0x00, 0x00, 0x00, 0x00, 0x00, 0x00, 0x00,
    0x8E, 0x6B, 0x66, 0x66, 0xE0, 0x8E, 0x6B, 0x66, 0x00, 0xE0, 0x8E, 0xBB, 0x00, 0x00, 0xE0, 0xEE,
    0x00, 0x00, 0x00, 0xEE, 0x00, 0x00, 0x00, 0x00, 0x00, 0x00, 0x00, 0x00, 0x00, 0x00, 0x00, 0xE0,
    0x86, 0xBB, 0xBB, 0x8B, 0xB6, 0xBB, 0xBB, 0xBB, 0xEB, 0xEE, 0xEE, 0xEE, 0xBE, 0xBB, 0x0E, 0x00,
    0x88, 0xB8, 0xEB, 0x00, 0xEE, 0x8B, 0xBB, 0xEB, 0x00, 0xBE, 0xBB, 0xBB, 0xEE, 0x8B, 0xBB, 0xBB,
    0x00, 0x00, 0xE0, 0x6E, 0x00, 0x00, 0xE0, 0x8B, 0x00, 0x00, 0xE0, 0xBB, 0x00, 0x00, 0x00, 0xEE,
    0x00, 0x00, 0x00, 0x00, 0x00, 0x00, 0x00, 0x00, 0x00, 0x00, 0x00, 0x00, 0x00, 0x00, 0x00, 0x00,
    0x86, 0x88, 0xBB, 0xEE, 0xB8, 0xBB, 0xEE, 0x00, 0xBB, 0xEE, 0x00, 0x00, 0xEE, 0x00, 0x00, 0x00,
    0x00, 0x00, 0x00, 0x00, 0x00, 0x00, 0x00, 0x00, 0x00, 0x00, 0x00, 0x00, 0x00, 0x00, 0x00, 0x00,
    0x00, 0x00, 0x00, 0x00, 0xEE, 0x55, 0x05, 0x00, 0x2E, 0x12, 0xE1, 0x55, 0xE0, 0x35, 0x23, 0x12,
    0x00, 0xE0, 0x55, 0x33, 0x00, 0x00, 0x00, 0xEE, 0x00, 0x00, 0x00, 0x00, 0x00, 0x00, 0x00, 0x00,
    0x00, 0x00, 0x00, 0x00, 0x00, 0x00, 0x00, 0x00, 0x00, 0x00, 0x00, 0x00, 0xEE, 0x55, 0x00, 0x00,
    0x22, 0x11, 0x5E, 0x05, 0x55, 0x33, 0x22, 0xE1, 0x00, 0x5E, 0x35, 0x23, 0x00, 0x00, 0xE0, 0x55,
    0x00, 0x00, 0x00, 0x90, 0x99, 0x99, 0x99, 0x49, 0x22, 0x42, 0x24, 0x22, 0x92, 0x49, 0x94, 0x99,
    0x29, 0x22, 0x94, 0x00, 0x11, 0x22, 0x22, 0x94, 0x42, 0x99, 0x99, 0x42, 0x11, 0x22, 0x22, 0x42,
    0x09, 0x00, 0x00, 0x00, 0x44, 0x00, 0x00, 0x00, 0x00, 0x00, 0x00, 0x00, 0x09, 0x00, 0x00, 0x00,
    0x00, 0x00, 0x00, 0x00, 0x09, 0x00, 0x00, 0x00, 0x00, 0x00, 0x00, 0x00, 0x99, 0x00, 0x00, 0x00,
    0x00, 0x00, 0x00, 0x00, 0x00, 0x00, 0x00, 0x00, 0x5E, 0x05, 0x00, 0x00, 0x12, 0xE1, 0x55, 0x00,
    0x35, 0x23, 0x12, 0xEE, 0xE0, 0x55, 0x33, 0x22, 0x00, 0x00, 0xEE, 0x55, 0x00, 0x00, 0x00, 0x00,
    0x00, 0x00, 0xA0, 0xE2, 0x00, 0x00, 0xA0, 0x61, 0x00, 0x00, 0xA0, 0x21, 0x00, 0x00, 0x00, 0x1A,
    0x55, 0x00, 0x00, 0xA0, 0x11, 0x5E, 0x05, 0x00, 0x33, 0x22, 0xE1, 0x55, 0x5E, 0x35, 0x23, 0x12,
    0x00, 0x00, 0x00, 0x00, 0x00, 0x00, 0x00, 0x00, 0x00, 0x00, 0x00, 0x00, 0x00, 0x00, 0x00, 0x00,
    0x0E, 0x00, 0x00, 0x00, 0x0E, 0x00, 0x00, 0x00, 0xEB, 0x00, 0x00, 0x00, 0xB8, 0x0E, 0x00, 0x00,
    0xB8, 0x0E, 0x00, 0x00, 0xB8, 0x0E, 0x00, 0x00, 0xB8, 0x0E, 0x00, 0x00, 0xB8, 0x0E, 0x00, 0x00,
    0xB8, 0x0E, 0x00, 0x00, 0x88, 0xEB, 0x00, 0x00, 0x88, 0xEB, 0x00, 0x00, 0x88, 0xEB, 0x00, 0x00,
    0x00, 0x00, 0x00, 0x00, 0x00, 0x00, 0x00, 0x00, 0x00, 0x00, 0x00, 0x00, 0x00, 0x00, 0x00, 0xE0,
    0x00, 0x00, 0x00, 0xE0, 0x00, 0x00, 0x00, 0xE0, 0x00, 0x00, 0x00, 0xE0, 0x00, 0x00, 0x00, 0x00,
    0x00, 0x00, 0x00, 0x0E, 0x00, 0x00, 0x00, 0x0E, 0x00, 0x00, 0x00, 0x00, 0x00, 0x00, 0x00, 0x00,
    0x00, 0x00, 0x00, 0x00, 0x00, 0x00, 0x00, 0x00, 0x00, 0x00, 0x00, 0x00, 0x00, 0x00, 0x00, 0x00,
    0x00, 0x00, 0x00, 0x00, 0x00, 0x00, 0x00, 0x39, 0x00, 0x00, 0x90, 0x31, 0x00, 0x00, 0x19, 0x21,
    0x00, 0x00, 0x19, 0x92, 0x00, 0x00, 0x99, 0x99, 0x00, 0x00, 0x79, 0x91, 0x00, 0x00, 0x90, 0x12,
    0x44, 0x94, 0x99, 0x99, 0x22, 0x22, 0x44, 0x04, 0x92, 0x99, 0x99, 0x00, 0x22, 0x22, 0x04, 0x00,
    0x99, 0x99, 0x00, 0x00, 0x00, 0x90, 0x09, 0x00, 0x00, 0x00, 0x00, 0x00, 0x00, 0x00, 0x00, 0x00,
    0x00, 0xE0, 0x55, 0x33, 0x00, 0x00, 0x00, 0xEE, 0x00, 0x00, 0x00, 0x00, 0x00, 0x00, 0x00, 0x00,
    0x00, 0x00, 0x00, 0x00, 0x00, 0x00, 0x00, 0x00, 0x00, 0x00, 0x00, 0x00, 0x00, 0x00, 0x00, 0x00,
    0x00, 0xE0, 0xBB, 0xEE, 0x00, 0xE0, 0x86, 0xE8, 0x00, 0xBE, 0xB8, 0x0E, 0x00, 0xBE, 0xEB, 0x00,
    0x00, 0xEE, 0x0E, 0x00, 0x00, 0x00, 0x00, 0x00, 0x00, 0x00, 0x00, 0x00, 0x00, 0x00, 0x00, 0x00,
    0xBB, 0xBB, 0x0E, 0x00, 0xEE, 0xEE, 0x00, 0x00, 0x00, 0x00, 0x00, 0x00, 0x00, 0x00, 0x00, 0x00,
    0x00, 0x00, 0x00, 0x00, 0x00, 0x00, 0x00, 0x00, 0x0E, 0x00, 0x00, 0x00, 0x0E, 0x00, 0x00, 0x00,
};
static const u16 sFrame9[] = {
    0x000E, 0x00C4, 0x81E8, 0x0000, 0x40E4, 0x81E8, 0x0010, 0x00C4, 0x41C8, 0x0018, 0x00F4, 0x41F8,
    0x001C, 0x40C4, 0x01B8, 0x0020, 0x40C4, 0x0008, 0x0022, 0x40CC, 0x01D8, 0x0024, 0x80E4, 0x0008,
    0x0026, 0x80EC, 0x01E0, 0x0028, 0x00C4, 0x01E0, 0x002A, 0x00CC, 0x0008, 0x002B, 0x00D4, 0x01E0,
    0x002C, 0x00F4, 0x01F0, 0x002D, 0x00F4, 0x0008, 0x002E, 0x0000,
};
static const void* const sFrames9[] = { sFrame9 };
static const u8 sTiles10[1728] __attribute__((aligned(4))) = {
    0x00, 0x00, 0x90, 0x99, 0x00, 0x90, 0x33, 0x33, 0x00, 0x29, 0x13, 0x32, 0x90, 0x21, 0x91, 0x21,
    0x90, 0x21, 0x29, 0x19, 0x90, 0x29, 0x19, 0x29, 0x90, 0x97, 0x29, 0x92, 0x00, 0x29, 0x91, 0x91,
    0x99, 0x00, 0x00, 0x00, 0x21, 0x09, 0x00, 0x00, 0x13, 0x92, 0x00, 0x00, 0x32, 0x22, 0x99, 0x00,
    0x39, 0x22, 0x33, 0x99, 0x92, 0x33, 0x44, 0x24, 0x33, 0x39, 0x22, 0x44, 0x19, 0x93, 0x33, 0x23,
    0x00, 0x00, 0x00, 0x00, 0x00, 0x00, 0x00, 0x00, 0x00, 0x00, 0x00, 0x00, 0x90, 0x99, 0x99, 0x99,
    0x29, 0x12, 0x42, 0x24, 0x22, 0x44, 0x24, 0x44, 0x44, 0x22, 0x44, 0x12, 0x42, 0x44, 0x44, 0x44,
    0x00, 0x00, 0x00, 0x00, 0x00, 0x00, 0x00, 0x00, 0x00, 0x00, 0x00, 0x00, 0x99, 0x09, 0x00, 0x99,
    0x22, 0x93, 0x99, 0x44, 0x44, 0x24, 0x22, 0x12, 0x22, 0x11, 0x21, 0x22, 0x24, 0x22, 0x22, 0x12,
    0x00, 0x2A, 0xEE, 0x29, 0x00, 0x1A, 0x16, 0x92, 0x00, 0x1A, 0x22, 0x21, 0x00, 0xA0, 0x11, 0x22,
    0x00, 0x00, 0x2A, 0xA2, 0x00, 0x00, 0x70, 0x7A, 0x00, 0x00, 0x00, 0x1E, 0x00, 0x00, 0x00, 0x2E,
    0x39, 0x31, 0x32, 0x33, 0x32, 0x32, 0x93, 0x99, 0xA9, 0x99, 0x99, 0x39, 0xA7, 0xEE, 0xEE, 0x15,
    0xEA, 0xE5, 0xE8, 0x11, 0x8E, 0x8E, 0x3E, 0x12, 0x8E, 0x3E, 0x52, 0x55, 0xEA, 0x5E, 0x32, 0xEE,
    0x33, 0x32, 0x23, 0x22, 0x99, 0x39, 0x33, 0x33, 0xEE, 0x90, 0x99, 0xEE, 0x21, 0xEE, 0xEE, 0x88,
    0x23, 0xE5, 0x55, 0x66, 0x22, 0xE5, 0x58, 0x65, 0x33, 0x1E, 0x8E, 0x88, 0xEE, 0x21, 0x82, 0xEE,
    0x22, 0x42, 0x44, 0x24, 0x99, 0x29, 0x22, 0x44, 0x00, 0x90, 0x99, 0x99, 0xEE, 0xEE, 0x00, 0x00,
    0x88, 0x88, 0x0E, 0x00, 0x86, 0x88, 0x0E, 0x00, 0x88, 0x88, 0xE8, 0x00, 0x8E, 0x56, 0x88, 0x0E,
    0x00, 0x00, 0x00, 0x8E, 0x00, 0x00, 0x00, 0xE0, 0xEE, 0x55, 0x00, 0x00, 0x12, 0x11, 0xEE, 0x5E,
    0x55, 0x33, 0x22, 0x11, 0x00, 0xEE, 0x5E, 0x35, 0x00, 0x00, 0x00, 0xE0, 0x00, 0x00, 0x00, 0x00,
    0x26, 0xBA, 0x55, 0xBE, 0x81, 0x72, 0xEE, 0xB8, 0x7E, 0xAE, 0x88, 0xB8, 0xE5, 0xEA, 0x8E, 0xBB,
    0xE1, 0xEE, 0x55, 0xB8, 0x23, 0x12, 0x11, 0xEE, 0xEE, 0x55, 0x33, 0x12, 0x00, 0xE0, 0xEE, 0x55,
    0x5E, 0x32, 0xE5, 0x00, 0xEB, 0x53, 0x0E, 0x00, 0xBB, 0xEE, 0x00, 0x00, 0xBB, 0xBB, 0x0E, 0x00,
    0xBB, 0x8B, 0xEB, 0x0E, 0x55, 0xBB, 0x88, 0xEB, 0x11, 0xEE, 0x5E, 0xE5, 0x33, 0x22, 0x11, 0xE1,
    0xE0, 0x65, 0x88, 0x0E, 0xE0, 0x65, 0x66, 0xE8, 0x00, 0x8E, 0x88, 0xE8, 0x00, 0x5E, 0x66, 0xE8,
    0x00, 0x8E, 0x65, 0xE6, 0x00, 0xE0, 0x98, 0x99, 0x00, 0x70, 0x9A, 0x31, 0xEE, 0x7A, 0x6E, 0x99,
    0x00, 0x00, 0x00, 0x00, 0x00, 0x00, 0x00, 0x00, 0x00, 0x00, 0x00, 0x00, 0x00, 0x00, 0x00, 0x00,
    0x00, 0x00, 0x00, 0x00, 0x00, 0x00, 0x00, 0x00, 0x00, 0x00, 0x00, 0xE0, 0x00, 0x00, 0x00, 0xE0,
    0x00, 0xE0, 0x68, 0x66, 0x00, 0xE0, 0x35, 0x66, 0x00, 0x8E, 0x68, 0x66, 0x00, 0x3E, 0x61, 0x66,
    0xE0, 0x88, 0x66, 0x66, 0x8E, 0x16, 0x65, 0x66, 0x68, 0xEB, 0xBE, 0x66, 0x86, 0xBE, 0xEB, 0x61,
    0xEE, 0x5E, 0x35, 0x23, 0x66, 0x88, 0xEB, 0xEE, 0x66, 0x86, 0xBB, 0xBB, 0x66, 0x86, 0xBB, 0xBB,
    0x66, 0x66, 0xB8, 0xBB, 0x66, 0x66, 0xB8, 0xBB, 0x66, 0x66, 0x86, 0xBB, 0x66, 0x66, 0x66, 0xB8,
    0x72, 0xE3, 0x65, 0x56, 0x1A, 0x5E, 0x85, 0x65, 0x1A, 0x6E, 0x8E, 0x85, 0x37, 0xEE, 0xE8, 0x86,
    0xA8, 0xBE, 0xEE, 0xEE, 0x8B, 0xB8, 0x0E, 0x00, 0xBB, 0x88, 0xEB, 0x00, 0xBB, 0x88, 0xB8, 0x0E,
    0x00, 0x00, 0x00, 0xE0, 0x00, 0x00, 0x00, 0x8E, 0x00, 0x00, 0x00, 0x6E, 0x00, 0x00, 0x00, 0x8E,
    0x00, 0x00, 0x00, 0x8E, 0x00, 0x00, 0xE0, 0xB8, 0x00, 0x00, 0xE0, 0xE6, 0x00, 0x00, 0xE0, 0xE8,
    0x86, 0xBE, 0xEB, 0x66, 0xE6, 0xBB, 0xEB, 0x6B, 0xBE, 0xBB, 0xBB, 0xBE, 0xBE, 0xBB, 0xBB, 0xEB,
    0xBE, 0xBB, 0xBB, 0xEB, 0xBE, 0xBB, 0xEB, 0xBB, 0xBB, 0xBB, 0xEB, 0xBE, 0x8B, 0xBB, 0x0E, 0xE0,
    0x66, 0x66, 0x66, 0xB8, 0x66, 0x66, 0x66, 0xB8, 0x63, 0x66, 0x66, 0x86, 0xBE, 0x66, 0x66, 0x86,
    0xBE, 0x66, 0x66, 0x86, 0xEB, 0x65, 0x66, 0x66, 0xEB, 0x6B, 0x66, 0x66, 0xEE, 0x6B, 0x66, 0x66,
    0xBB, 0x88, 0xB8, 0x0E, 0xBB, 0x88, 0x88, 0x0E, 0xBB, 0x8B, 0x88, 0xEB, 0xBB, 0xBB, 0x8B, 0xB8,
    0xBB, 0xBB, 0x8B, 0xB8, 0xB8, 0xBB, 0xBB, 0x88, 0x86, 0xBB, 0xBB, 0x88, 0x86, 0xBB, 0xBB, 0xBB,
    0x00, 0x00, 0xE0, 0xEB, 0x00, 0x00, 0xE0, 0xEB, 0x00, 0x00, 0x6E, 0xBE, 0x00, 0x00, 0x6E, 0xBE,
    0x00, 0x00, 0x8E, 0xBE, 0x00, 0x00, 0xBE, 0xBE, 0x00, 0xE0, 0xE6, 0x8B, 0x00, 0xE0, 0xE8, 0xEE,
    0x8B, 0xBB, 0x0E, 0x00, 0x8B, 0xBB, 0x0E, 0x00, 0x86, 0xEB, 0x00, 0x00, 0x86, 0xEB, 0x00, 0x00,
    0x86, 0xEB, 0x00, 0x00, 0x86, 0x0E, 0x00, 0x00, 0xB8, 0x0E, 0x00, 0x00, 0xEB, 0x00, 0x00, 0x00,
    0xE0, 0x63, 0x66, 0x66, 0xE0, 0x66, 0x66, 0x66, 0x00, 0x8E, 0x66, 0x66, 0x00, 0xBE, 0x66, 0x66,
    0x00, 0xBE, 0x66, 0x66, 0x00, 0xBE, 0x66, 0x66, 0x00, 0xE0, 0x68, 0x66, 0x00, 0xE0, 0x68, 0x66,
    0x66, 0xB8, 0xBB, 0xBB, 0x66, 0xB8, 0xBB, 0xBB, 0x66, 0xB8, 0xBB, 0xBB, 0x66, 0x86, 0xBB, 0xBB,
    0x66, 0x86, 0xBB, 0xBB, 0x66, 0x86, 0xBB, 0xBB, 0x66, 0x86, 0xBB, 0xBB, 0x66, 0x86, 0xBB, 0xBB,
    0x00, 0x00, 0x00, 0x00, 0x00, 0x00, 0x00, 0x00, 0x00, 0x00, 0x00, 0x00, 0x99, 0x99, 0x99, 0x99,
    0x24, 0x22, 0x22, 0x44, 0x21, 0x99, 0x29, 0x22, 0x49, 0x24, 0x11, 0x21, 0x94, 0x99, 0x24, 0x94,
    0x00, 0x00, 0x00, 0x00, 0x00, 0x00, 0x00, 0x00, 0x00, 0x90, 0x99, 0x00, 0x99, 0x29, 0x00, 0x00,
    0x44, 0x99, 0x09, 0x00, 0x42, 0x09, 0x00, 0x00, 0x22, 0x92, 0x00, 0x00, 0x99, 0x29, 0x00, 0x00,
    0x24, 0x22, 0x99, 0x21, 0x44, 0x11, 0x42, 0x22, 0x99, 0x49, 0x22, 0x22, 0x00, 0x90, 0x24, 0x92,
    0x00, 0x00, 0x29, 0x29, 0x00, 0x00, 0x90, 0x99, 0x00, 0x00, 0x00, 0x00, 0x00, 0x00, 0x00, 0x00,
    0x92, 0x22, 0x00, 0x00, 0x22, 0x99, 0x09, 0x00, 0x42, 0x44, 0x00, 0x00, 0x99, 0x99, 0x09, 0x00,
    0x42, 0x00, 0x00, 0x00, 0x09, 0x00, 0x00, 0x00, 0x90, 0x09, 0x00, 0x00, 0x00, 0x00, 0x00, 0x00,
    0x00, 0x00, 0x00, 0x00, 0x00, 0x00, 0x00, 0x00, 0x00, 0x00, 0x00, 0x00, 0x00, 0x00, 0x00, 0x00,
    0x00, 0x00, 0x00, 0x00, 0xEE, 0x5E, 0x05, 0x00, 0x22, 0x11, 0xE1, 0x5E, 0x5E, 0x35, 0x23, 0x11,
    0x00, 0x00, 0x00, 0x00, 0x00, 0x00, 0x00, 0x00, 0x00, 0x00, 0x00, 0x00, 0x00, 0x00, 0x00, 0x00,
    0x00, 0x00, 0x00, 0x00, 0x00, 0x00, 0x00, 0x00, 0x05, 0x00, 0x00, 0x00, 0xE1, 0xEE, 0x55, 0x00,
    0x00, 0xE0, 0x5E, 0x35, 0x00, 0x00, 0x00, 0xE0, 0x00, 0x00, 0x00, 0x00, 0x00, 0x00, 0x00, 0x00,
    0x00, 0x00, 0x00, 0x00, 0x00, 0x00, 0x00, 0x00, 0x00, 0x00, 0x00, 0x00, 0x00, 0x00, 0x00, 0x00,
    0x23, 0x12, 0x11, 0xEE, 0xEE, 0x55, 0x33, 0x12, 0x00, 0x00, 0xEE, 0x5E, 0x00, 0x00, 0x00, 0x00,
    0x00, 0x00, 0x00, 0x00, 0x00, 0x00, 0x00, 0x00, 0x00, 0x00, 0x00, 0x00, 0x00, 0x00, 0x00, 0x00,
    0x8B, 0xB8, 0xBB, 0x0E, 0x8B, 0xB8, 0xBB, 0xEE, 0x8B, 0x88, 0x88, 0xBB, 0xBB, 0x88, 0x88, 0x88,
    0xBB, 0x88, 0x88, 0x88, 0xBB, 0x8B, 0x88, 0x88, 0xBB, 0x8B, 0x88, 0x88, 0xBB, 0x8B, 0x88, 0x88,
    0x00, 0x00, 0x00, 0x00, 0x00, 0x00, 0x00, 0x00, 0xEE, 0x00, 0x00, 0x00, 0xBB, 0x0E, 0x00, 0x00,
    0xBB, 0x0E, 0x00, 0xEE, 0xEB, 0x00, 0xEE, 0xEB, 0xEB, 0xEE, 0xBB, 0xBB, 0xEB, 0xEE, 0xBB, 0xBB,
    0xBB, 0x8B, 0x88, 0xB8, 0xBB, 0x8B, 0xB8, 0xEB, 0xBB, 0x8B, 0xEB, 0xBE, 0xBB, 0xBB, 0xEE, 0xEE,
    0xBB, 0xEB, 0x0E, 0x00, 0xEE, 0x0E, 0x00, 0x00, 0x00, 0x00, 0x00, 0x00, 0x00, 0x00, 0x00, 0x00,
    0xBE, 0xBB, 0xBB, 0xBB, 0xBE, 0xB8, 0x8B, 0xBB, 0xEE, 0xEE, 0x8B, 0xB8, 0x00, 0x00, 0x6E, 0x86,
    0x00, 0x00, 0xBE, 0x86, 0x00, 0x00, 0xE0, 0x8B, 0x00, 0x00, 0xE0, 0x8B, 0x00, 0x00, 0xE0, 0xBE,
    0x00, 0x00, 0x00, 0x00, 0x00, 0x00, 0x00, 0x00, 0x00, 0x00, 0x00, 0x00, 0x00, 0x00, 0x00, 0x00,
    0x00, 0x00, 0x00, 0x00, 0x00, 0xE0, 0xEE, 0xEE, 0x00, 0xBE, 0x8B, 0x68, 0x00, 0xE0, 0xBB, 0x8B,
    0x00, 0xE0, 0xE8, 0xEE, 0x00, 0xE0, 0xEB, 0xBB, 0x00, 0xE0, 0xEE, 0x18, 0x00, 0x00, 0x6E, 0x86,
    0x00, 0x00, 0x3E, 0xB8, 0xEE, 0x00, 0xBE, 0xE5, 0xB6, 0xEE, 0xBB, 0xEB, 0x88, 0xB8, 0xBB, 0xEB,
    0x00, 0x00, 0xEE, 0xBE, 0x00, 0x00, 0x00, 0xE0, 0x00, 0x00, 0x00, 0x00, 0x00, 0x00, 0x00, 0x00,
    0x00, 0x00, 0x00, 0x00, 0x00, 0x00, 0x00, 0x00, 0x00, 0x00, 0x00, 0x00, 0x00, 0x00, 0x00, 0x00,
    0xBB, 0xB8, 0xBB, 0x0E, 0xBE, 0xBB, 0xEB, 0x00, 0xE0, 0xBE, 0xEB, 0x00, 0x00, 0xE0, 0x0E, 0x00,
    0x00, 0x00, 0x00, 0x00, 0x00, 0x00, 0x00, 0x00, 0x00, 0x00, 0x00, 0x00, 0x00, 0x00, 0x00, 0x00,
    0x00, 0x5E, 0x05, 0x00, 0xEE, 0x12, 0xE1, 0xEE, 0x00, 0x3E, 0x23, 0x12, 0x00, 0xE0, 0xEE, 0x55,
    0x00, 0x00, 0x00, 0x00, 0x00, 0x00, 0x00, 0x00, 0x00, 0x00, 0x00, 0x00, 0x00, 0x00, 0x00, 0x00,
    0x00, 0x00, 0x00, 0x00, 0x55, 0x00, 0x00, 0x00, 0x11, 0xEE, 0x55, 0x00, 0x33, 0x12, 0x11, 0xEE,
    0xEE, 0x55, 0x33, 0x22, 0x00, 0x00, 0xEE, 0x5E, 0x00, 0x00, 0x00, 0x00, 0x00, 0x00, 0x00, 0x00,
    0xEB, 0x00, 0x00, 0x00, 0xEE, 0x00, 0x00, 0x00, 0xEB, 0x00, 0x00, 0x00, 0xEE, 0x00, 0x00, 0x00,
    0xEB, 0x00, 0x00, 0x00, 0x0E, 0x00, 0x00, 0x00, 0x00, 0x00, 0x00, 0x00, 0x00, 0x00, 0x00, 0x00,
    0x00, 0xE0, 0x6B, 0x66, 0x00, 0xE0, 0x6B, 0x66, 0x00, 0xE0, 0x6B, 0x66, 0x00, 0x00, 0x8E, 0x66,
    0x00, 0x00, 0xBE, 0x66, 0x00, 0x00, 0xE0, 0x68, 0x00, 0x00, 0xE0, 0xBB, 0x00, 0x00, 0x00, 0xEE,
    0x00, 0x00, 0x00, 0xE0, 0x00, 0x00, 0x00, 0x00, 0x00, 0x00, 0x00, 0x00, 0x00, 0x00, 0x00, 0x00,
    0x00, 0x00, 0x00, 0x00, 0x00, 0x00, 0x00, 0x00, 0x00, 0x00, 0x00, 0x00, 0x00, 0x00, 0x00, 0x00,
    0x0E, 0x00, 0x00, 0x00, 0x00, 0x00, 0x00, 0x00, 0x00, 0x00, 0x00, 0x00, 0x00, 0x00, 0x00, 0x00,
    0x00, 0x00, 0x00, 0x00, 0x00, 0x00, 0x00, 0x00, 0x00, 0x00, 0x00, 0x00, 0x00, 0x00, 0x00, 0x00,
    0x00, 0x00, 0x00, 0x00, 0x00, 0x00, 0x00, 0x00, 0x00, 0x00, 0x00, 0x00, 0x00, 0x00, 0x00, 0x00,
    0x00, 0x00, 0x00, 0x00, 0x00, 0x00, 0x00, 0x00, 0x09, 0x00, 0x00, 0x00, 0x09, 0x00, 0x00, 0x00,
    0xE8, 0x00, 0x00, 0x00, 0xE8, 0x0A, 0x00, 0x00, 0x4E, 0x07, 0x00, 0x00, 0xAE, 0x0A, 0x00, 0x00,
    0x00, 0x00, 0x00, 0x00, 0x00, 0x00, 0x00, 0x00, 0x00, 0x00, 0x00, 0x00, 0x00, 0x00, 0x00, 0x00,
    0x00, 0x00, 0x00, 0x00, 0x00, 0x00, 0x00, 0x00, 0x00, 0x00, 0x00, 0x00, 0x00, 0x00, 0x00, 0x00,
    0x00, 0x00, 0x00, 0x00, 0x00, 0x00, 0x00, 0x00, 0x0E, 0x00, 0x00, 0x00, 0x0E, 0x00, 0x00, 0x00,
    0x0E, 0x00, 0x00, 0x00, 0x0E, 0x00, 0x00, 0x00, 0x0E, 0x00, 0x00, 0x00, 0x0E, 0x00, 0x00, 0x00,
    0xEB, 0x00, 0x00, 0x00, 0xEB, 0x00, 0x00, 0x00, 0xEB, 0x00, 0x00, 0x00, 0xEB, 0x00, 0x00, 0x00,
    0x00, 0x00, 0x00, 0x00, 0x00, 0x00, 0x00, 0x00, 0x00, 0x00, 0x00, 0x00, 0x5E, 0x05, 0x00, 0x00,
    0x11, 0xE1, 0xEE, 0x55, 0x35, 0x23, 0x12, 0x11, 0xE0, 0xEE, 0x55, 0x33, 0x00, 0x00, 0x00, 0xEE,
    0x55, 0x00, 0x00, 0x00, 0x11, 0xEE, 0x5E, 0x05, 0x35, 0x23, 0x11, 0xE1, 0xE0, 0x5E, 0x35, 0x23,
    0x00, 0x00, 0xE0, 0xEE, 0x00, 0x00, 0x00, 0x00, 0x00, 0x00, 0x00, 0x00, 0x00, 0x00, 0x00, 0x00,
    0x00, 0x00, 0x00, 0x00, 0x00, 0x00, 0x00, 0x00, 0x00, 0x00, 0x00, 0x00, 0x0E, 0x00, 0x00, 0x00,
    0x0E, 0x00, 0x00, 0x00, 0x8B, 0x00, 0x00, 0x00, 0xB8, 0xEE, 0x00, 0x00, 0x88, 0xEB, 0xEE, 0x00,
    0x66, 0x66, 0xB8, 0xBB, 0x66, 0x66, 0xB8, 0xBB, 0x66, 0x66, 0x86, 0xBB, 0x66, 0x66, 0x86, 0xBB,
    0x66, 0x66, 0x86, 0xBB, 0x86, 0xBB, 0xBB, 0xEE, 0xEB, 0xEE, 0xEE, 0x00, 0x0E, 0x00, 0x00, 0x00,
};
static const u16 sFrame10[] = {
    0x000F, 0x00C5, 0x81E5, 0x0000, 0x40E5, 0x81E5, 0x0010, 0x00C5, 0x4005, 0x0018, 0x00CD, 0x41CD,
    0x001C, 0x00ED, 0x4005, 0x0020, 0x00F5, 0x41DD, 0x0024, 0x40CD, 0x01B5, 0x0028, 0x40F5, 0x01ED,
    0x002A, 0x40FD, 0x000D, 0x002C, 0x80D5, 0x0005, 0x002E, 0x80ED, 0x0015, 0x0030, 0x00CD, 0x01C5,
    0x0032, 0x00D5, 0x01DD, 0x0033, 0x00E5, 0x0005, 0x0034, 0x00F5, 0x01FD, 0x0035, 0x0000,
};
static const void* const sFrames10[] = { sFrame10 };
static const u8 sTiles11[1600] __attribute__((aligned(4))) = {
    0x09, 0x00, 0x00, 0x00, 0x92, 0x00, 0x00, 0x00, 0x21, 0x99, 0x00, 0x00, 0x23, 0x33, 0x99, 0x99,
    0x29, 0x42, 0x44, 0x22, 0x39, 0x22, 0x42, 0x44, 0x93, 0x33, 0x23, 0x22, 0x31, 0x29, 0x33, 0x33,
    0x00, 0x00, 0x00, 0x00, 0x00, 0x00, 0x00, 0x00, 0x00, 0x00, 0x00, 0x00, 0x99, 0x00, 0x00, 0x99,
    0x42, 0x99, 0x99, 0x44, 0x14, 0x11, 0x24, 0x21, 0x32, 0x33, 0x23, 0x41, 0x23, 0x22, 0x32, 0x33,
    0x00, 0x00, 0x00, 0x00, 0x00, 0x00, 0x00, 0x00, 0x00, 0x00, 0x00, 0x00, 0x99, 0x99, 0x99, 0x99,
    0x44, 0x22, 0x22, 0x22, 0x12, 0x11, 0x12, 0x91, 0x31, 0x33, 0x21, 0x41, 0x23, 0x44, 0x44, 0x92,
    0x00, 0x00, 0x00, 0x00, 0x00, 0x00, 0x00, 0x00, 0x00, 0x00, 0x90, 0x99, 0x99, 0x99, 0x49, 0x44,
    0x92, 0x99, 0x22, 0x22, 0x44, 0x22, 0x22, 0x22, 0x22, 0x99, 0x49, 0x22, 0x49, 0x22, 0x19, 0x99,
    0x13, 0x33, 0x99, 0x99, 0x23, 0x93, 0x99, 0xE3, 0x9A, 0xE9, 0x5E, 0x11, 0xEA, 0x8E, 0x1E, 0x32,
    0x5E, 0xEE, 0x23, 0x22, 0xE8, 0x28, 0x55, 0x35, 0xE8, 0x23, 0xE3, 0xEE, 0xA2, 0x5B, 0x8E, 0xEB,
    0x99, 0x33, 0x33, 0x22, 0x0E, 0x99, 0xE9, 0xEE, 0xE2, 0xEE, 0xEE, 0xEE, 0x52, 0x5E, 0x65, 0x86,
    0x32, 0x8E, 0x55, 0x66, 0xE3, 0xE1, 0x88, 0x88, 0x1E, 0x21, 0xE8, 0xEE, 0x13, 0x32, 0x0E, 0x00,
    0x22, 0x22, 0x42, 0x44, 0x33, 0x33, 0x23, 0x22, 0x9E, 0x39, 0x33, 0x93, 0xE8, 0x9E, 0x99, 0x09,
    0x88, 0xE8, 0x0E, 0x00, 0x88, 0x88, 0xE8, 0x00, 0x6E, 0x85, 0x88, 0x0E, 0xE0, 0x86, 0x88, 0xE8,
    0x11, 0x91, 0x29, 0x12, 0x33, 0x23, 0x92, 0x22, 0x39, 0x49, 0x22, 0x99, 0x90, 0x99, 0x92, 0x22,
    0x00, 0x00, 0x99, 0x99, 0x00, 0x00, 0x00, 0x00, 0x00, 0x00, 0x00, 0x00, 0x00, 0x00, 0x00, 0x00,
    0x28, 0x87, 0x88, 0xBB, 0xE7, 0x8A, 0x88, 0xBB, 0xAE, 0xEE, 0xB8, 0xBB, 0xEE, 0x8E, 0x8B, 0xBB,
    0xE5, 0x68, 0xB8, 0x88, 0xE1, 0xEE, 0x55, 0x66, 0x23, 0x12, 0x11, 0xEE, 0xEE, 0x55, 0x33, 0x12,
    0x3E, 0xE5, 0x00, 0x00, 0xEB, 0x0E, 0x00, 0x00, 0xBB, 0xEB, 0x00, 0x00, 0xBB, 0xB8, 0xEE, 0x00,
    0xB8, 0xBB, 0x8B, 0x0E, 0xB8, 0xBB, 0x8B, 0x0E, 0x55, 0xBB, 0x8B, 0xE8, 0x11, 0xEE, 0x5E, 0x85,
    0xE0, 0x88, 0x88, 0xE8, 0x00, 0x6E, 0x86, 0xE8, 0x00, 0xE0, 0x86, 0xE8, 0x00, 0xE0, 0x66, 0x88,
    0x00, 0xE0, 0x66, 0x88, 0x00, 0xE0, 0x66, 0x88, 0x00, 0xE0, 0x98, 0x99, 0x0E, 0x70, 0x9A, 0x31,
    0x00, 0x00, 0x00, 0x00, 0x00, 0x00, 0x00, 0x00, 0x00, 0x00, 0x00, 0x00, 0x0E, 0x00, 0x00, 0x00,
    0x0E, 0x00, 0x00, 0x00, 0x0E, 0x00, 0x00, 0x00, 0x00, 0x00, 0x00, 0x00, 0x09, 0x00, 0x00, 0x00,
    0x00, 0xE0, 0xEE, 0x55, 0x00, 0xE0, 0x68, 0x66, 0x00, 0x5E, 0x61, 0x66, 0x00, 0x8E, 0x68, 0x66,
    0x00, 0x8E, 0x68, 0x66, 0xE0, 0x5B, 0x63, 0x66, 0xE0, 0x8B, 0x8E, 0x66, 0xE0, 0xE8, 0xBE, 0x66,
    0x33, 0x22, 0x11, 0xE1, 0xEE, 0x5E, 0x35, 0x23, 0x86, 0xBB, 0xEB, 0xEE, 0x66, 0xB8, 0xBB, 0x8B,
    0x66, 0xB8, 0xBB, 0xBB, 0x66, 0xB8, 0xBB, 0xBB, 0x66, 0x86, 0xBB, 0xBB, 0x66, 0x66, 0xB8, 0xBB,
    0xEE, 0x7A, 0x6E, 0x99, 0x72, 0xE3, 0x65, 0x56, 0x1A, 0x5E, 0x85, 0x65, 0x1A, 0x6E, 0x8E, 0x85,
    0x37, 0xEE, 0xE8, 0x86, 0xA8, 0xBE, 0xEE, 0xEE, 0x8B, 0x88, 0xEB, 0x0E, 0xBB, 0x8B, 0xB8, 0xEB,
    0x09, 0x00, 0x00, 0x00, 0xE8, 0x00, 0x00, 0x00, 0xE8, 0x0A, 0x00, 0x00, 0x4E, 0x07, 0x00, 0x00,
    0xAE, 0x0A, 0x00, 0x00, 0x00, 0x00, 0x00, 0x00, 0x00, 0x00, 0x00, 0x00, 0xEE, 0x0E, 0x00, 0x00,
    0x00, 0x00, 0x00, 0x00, 0x00, 0x00, 0x00, 0x00, 0x00, 0x00, 0x00, 0x00, 0x00, 0x00, 0x00, 0xE0,
    0x00, 0x00, 0x00, 0xE0, 0x00, 0x00, 0x00, 0xE0, 0x00, 0x00, 0x00, 0xBE, 0x00, 0x00, 0x00, 0xEE,
    0xE0, 0xE8, 0xBE, 0x66, 0x8E, 0xBE, 0xEB, 0x65, 0xBE, 0xBE, 0xEB, 0x6B, 0xEB, 0xBB, 0xEB, 0x6B,
    0xEB, 0xBB, 0xEB, 0x6B, 0xBE, 0xBB, 0xBB, 0x1E, 0xBE, 0xBB, 0xBB, 0xBE, 0xBB, 0xBB, 0xBE, 0xEB,
    0x66, 0x66, 0xB8, 0xBB, 0x66, 0x66, 0x86, 0xBB, 0x66, 0x66, 0x66, 0xB8, 0x66, 0x66, 0x66, 0x86,
    0x66, 0x66, 0x66, 0x86, 0x66, 0x66, 0x66, 0x66, 0x66, 0x66, 0x66, 0x66, 0x63, 0x66, 0x66, 0x66,
    0xBB, 0x8B, 0xB8, 0xBB, 0xBB, 0xBB, 0x88, 0xB8, 0xBB, 0xBB, 0x8B, 0x88, 0xBB, 0xBB, 0xBB, 0x8B,
    0xBB, 0xBB, 0xBB, 0x8B, 0xB8, 0xBB, 0xBB, 0xBB, 0x86, 0xBB, 0xBB, 0xBB, 0x66, 0xB8, 0xBB, 0xBB,
    0x00, 0x00, 0xE0, 0xEB, 0x00, 0x00, 0xE0, 0xEB, 0x00, 0x00, 0xE0, 0xEB, 0x00, 0x00, 0x8E, 0xEB,
    0x00, 0x00, 0x8E, 0xEB, 0x00, 0x00, 0x8E, 0xEB, 0x00, 0x00, 0xBE, 0xBE, 0x00, 0x00, 0xBE, 0xEE,
    0xBB, 0xBB, 0xEE, 0xEB, 0xBB, 0xBB, 0xEE, 0xEB, 0xBB, 0xEB, 0x00, 0xBE, 0xBB, 0xEB, 0x00, 0xE0,
    0xBB, 0xEB, 0x00, 0xE0, 0xBB, 0xBB, 0x0E, 0x00, 0xBB, 0xBB, 0x0E, 0x00, 0xBB, 0xBB, 0x0E, 0x00,
    0x8E, 0x66, 0x66, 0x66, 0x8E, 0x66, 0x66, 0x66, 0xEB, 0x65, 0x66, 0x66, 0xEB, 0x66, 0x66, 0x66,
    0xEB, 0x66, 0x66, 0x66, 0xBE, 0x66, 0x66, 0x66, 0xE0, 0x6B, 0x66, 0x66, 0x00, 0xEE, 0xBB, 0xBB,
    0x66, 0x86, 0xBB, 0xBB, 0x66, 0x86, 0xBB, 0xBB, 0x66, 0x66, 0xB8, 0xBB, 0x66, 0x66, 0x86, 0xBB,
    0x66, 0x66, 0x86, 0xBB, 0x66, 0x66, 0xB6, 0xEB, 0x66, 0xB6, 0xEB, 0xEE, 0xBB, 0xEB, 0x0E, 0x00,
    0x00, 0x00, 0x00, 0x00, 0x00, 0x00, 0x00, 0x00, 0x00, 0x00, 0x00, 0x00, 0x00, 0x00, 0x00, 0x00,
    0x5E, 0x05, 0x00, 0x00, 0x11, 0xE1, 0xEE, 0x55, 0x35, 0x23, 0x12, 0x11, 0xE0, 0xEE, 0x55, 0x33,
    0x00, 0x00, 0x00, 0x00, 0x00, 0x00, 0x00, 0x00, 0x00, 0x00, 0x00, 0x00, 0x00, 0x00, 0x00, 0x00,
    0x00, 0x00, 0x00, 0x00, 0x00, 0x00, 0x00, 0x00, 0xEE, 0x5E, 0x05, 0x00, 0x22, 0x11, 0xE1, 0x5E,
    0x00, 0x00, 0x00, 0xEE, 0x00, 0x00, 0x00, 0x00, 0x00, 0x00, 0x00, 0x00, 0x00, 0x00, 0x00, 0x00,
    0x00, 0x00, 0x00, 0x00, 0x00, 0x00, 0x00, 0x00, 0x00, 0x00, 0x00, 0x00, 0x00, 0x00, 0x00, 0x00,
    0x5E, 0x35, 0x23, 0x11, 0x00, 0xE0, 0x5E, 0x35, 0x00, 0x00, 0x00, 0xE0, 0x00, 0x00, 0x00, 0x00,
    0x00, 0x00, 0x00, 0x00, 0x00, 0x00, 0x00, 0x00, 0x00, 0x00, 0x00, 0x00, 0x00, 0x00, 0x00, 0x00,
    0xBB, 0xEB, 0xEE, 0x00, 0xBB, 0xBB, 0xBB, 0xEE, 0x88, 0x88, 0x88, 0xBB, 0x88, 0x88, 0x88, 0x88,
    0x88, 0x88, 0x88, 0x88, 0x8B, 0x88, 0x88, 0xB8, 0x8B, 0x88, 0xB8, 0xEB, 0xBB, 0x8B, 0xEB, 0xBE,
    0x00, 0x00, 0x00, 0x00, 0xEE, 0x0E, 0x00, 0x00, 0xBB, 0xEB, 0x00, 0x00, 0xB8, 0x0E, 0x00, 0x00,
    0xB8, 0x0E, 0x00, 0x00, 0xEB, 0x0E, 0x00, 0x00, 0xBE, 0xEB, 0x00, 0x00, 0xBB, 0xBB, 0x0E, 0x00,
    0xBB, 0xBB, 0xBE, 0xBB, 0xBB, 0xBB, 0xBE, 0xBB, 0xBB, 0xEE, 0x88, 0xB8, 0xEB, 0x8B, 0x88, 0xEE,
    0xEB, 0x8B, 0x88, 0xEE, 0xBE, 0x88, 0xEE, 0x00, 0xBB, 0xEE, 0x00, 0x00, 0xEE, 0x00, 0x00, 0x00,
    0xBE, 0xBB, 0xEB, 0x00, 0xBE, 0xBB, 0xEB, 0x00, 0xBE, 0x8B, 0xB8, 0x0E, 0xE0, 0x8B, 0xB6, 0xEB,
    0xE0, 0x8B, 0xB6, 0xEB, 0x00, 0xEE, 0x68, 0xE8, 0x00, 0x00, 0xEE, 0x0E, 0x00, 0x00, 0x00, 0x00,
    0x00, 0x00, 0x00, 0x00, 0x00, 0x00, 0x00, 0x00, 0x00, 0x00, 0x00, 0x00, 0x00, 0x00, 0x00, 0x00,
    0x00, 0x00, 0x00, 0x00, 0x00, 0x00, 0x00, 0x00, 0x00, 0x00, 0x00, 0x00, 0x00, 0x00, 0x00, 0xE0,
    0x00, 0x00, 0xBE, 0xEE, 0x00, 0x00, 0xE0, 0xEE, 0x00, 0x00, 0xE0, 0xEE, 0x00, 0x00, 0xE0, 0x00,
    0x00, 0x00, 0xE0, 0x00, 0x00, 0x00, 0x00, 0xE0, 0xE0, 0xEE, 0x0E, 0xE0, 0xBE, 0x66, 0xEB, 0xBE,
    0x00, 0x00, 0x00, 0xE0, 0x00, 0x00, 0x00, 0xE0, 0x00, 0x00, 0x00, 0x00, 0x00, 0x00, 0x00, 0x00,
    0x00, 0x00, 0x00, 0x00, 0x00, 0x00, 0x00, 0x00, 0x00, 0x00, 0x00, 0x00, 0x00, 0x00, 0x00, 0x00,
    0x8B, 0x68, 0x86, 0xBB, 0xEE, 0xBB, 0xBB, 0xBB, 0x00, 0xEE, 0xEE, 0xEE, 0x00, 0x00, 0x00, 0x00,
    0x00, 0x00, 0x00, 0x00, 0x00, 0x00, 0x00, 0x00, 0x00, 0x00, 0x00, 0x00, 0x00, 0x00, 0x00, 0x00,
    0x00, 0x00, 0x00, 0x00, 0x00, 0x5E, 0x05, 0x00, 0xEE, 0x12, 0xE1, 0xEE, 0x00, 0x3E, 0x23, 0x12,
    0x00, 0xE0, 0xEE, 0x55, 0x00, 0x00, 0x00, 0x00, 0x00, 0x00, 0x00, 0x00, 0x00, 0x00, 0x00, 0x00,
    0x00, 0x00, 0x00, 0x00, 0x00, 0x00, 0x00, 0x00, 0x55, 0x00, 0x00, 0x00, 0x11, 0xEE, 0x55, 0x00,
    0x33, 0x12, 0x11, 0xEE, 0xEE, 0x55, 0x33, 0x22, 0x00, 0x00, 0xEE, 0x5E, 0x00, 0x00, 0x00, 0x00,
    0xE1, 0xEE, 0x55, 0x00, 0x23, 0x12, 0x11, 0xEE, 0xEE, 0x55, 0x33, 0x12, 0x00, 0x00, 0xEE, 0x5E,
    0x00, 0x00, 0x00, 0x00, 0x00, 0x00, 0x00, 0x00, 0x00, 0x00, 0x00, 0x00, 0x00, 0x00, 0x00, 0x00,
    0x00, 0x00, 0x00, 0x00, 0x55, 0x00, 0x00, 0x00, 0x11, 0xEE, 0x5E, 0x05, 0x35, 0x23, 0x11, 0xE1,
    0xE0, 0x5E, 0x35, 0x23, 0x00, 0x00, 0xE0, 0xEE, 0x00, 0x00, 0x00, 0x00, 0x00, 0x00, 0x00, 0x00,
    0xBB, 0xBB, 0x0E, 0x00, 0xEE, 0xBB, 0xEB, 0x00, 0xBB, 0xEE, 0xEB, 0x00, 0x1E, 0xB3, 0x0E, 0x00,
    0x6E, 0xB8, 0x0E, 0x00, 0x53, 0xEE, 0x00, 0x00, 0x86, 0xE8, 0x00, 0x00, 0x88, 0xEB, 0x00, 0x00,
    0x00, 0x00, 0xEE, 0xEE, 0x00, 0x00, 0x00, 0x00, 0x00, 0x00, 0x00, 0x00, 0x00, 0x00, 0x00, 0x00,
    0x00, 0x00, 0x00, 0x00, 0x00, 0x00, 0x00, 0x00, 0x00, 0x00, 0x00, 0x00, 0x00, 0x00, 0x00, 0x00,
    0x00, 0x00, 0x99, 0x99, 0x00, 0x39, 0x33, 0x13, 0x90, 0x31, 0x11, 0x32, 0x19, 0x22, 0x19, 0x21,
    0x19, 0x92, 0x92, 0x21, 0x99, 0x99, 0x91, 0x22, 0x79, 0x91, 0x31, 0x29, 0x90, 0x12, 0x29, 0x99,
    0xA0, 0xE2, 0x9E, 0x92, 0xA0, 0x61, 0x21, 0x29, 0xA0, 0x21, 0x12, 0x92, 0x00, 0x1A, 0x21, 0x72,
    0x00, 0xA0, 0x22, 0xAA, 0x00, 0x00, 0xA7, 0xE7, 0x00, 0x00, 0xE0, 0xE1, 0x00, 0x00, 0xE0, 0x62,
    0x00, 0x00, 0x00, 0x00, 0x00, 0x00, 0x00, 0x00, 0x99, 0x99, 0x00, 0x00, 0x94, 0x00, 0x00, 0x00,
    0x94, 0x99, 0x00, 0x00, 0x22, 0x09, 0x09, 0x00, 0x92, 0x02, 0x00, 0x00, 0x29, 0x92, 0x09, 0x00,
    0x92, 0x09, 0x00, 0x00, 0x44, 0x94, 0x00, 0x00, 0x99, 0x09, 0x09, 0x00, 0x44, 0x09, 0x00, 0x00,
    0x22, 0x94, 0x09, 0x00, 0x99, 0x04, 0x00, 0x00, 0x00, 0x00, 0x00, 0x00, 0x00, 0x00, 0x00, 0x00,
    0x00, 0x00, 0x00, 0x00, 0x00, 0x00, 0x00, 0x00, 0x00, 0x00, 0x00, 0x00, 0x00, 0x00, 0x00, 0x00,
    0x00, 0x00, 0x00, 0x00, 0x00, 0x00, 0x00, 0x00, 0x00, 0x00, 0x00, 0x00, 0x05, 0x00, 0x00, 0x00,
    0x00, 0x00, 0x00, 0x1E, 0x00, 0x00, 0x00, 0xE0, 0x00, 0x00, 0x00, 0x00, 0xEE, 0x55, 0x00, 0x00,
    0x12, 0x11, 0xEE, 0x5E, 0x55, 0x33, 0x22, 0x11, 0x00, 0xEE, 0x5E, 0x35, 0x00, 0x00, 0x00, 0xE0,
    0xEE, 0x0E, 0x00, 0x00, 0x00, 0x00, 0x00, 0x00, 0x00, 0x00, 0x00, 0x00, 0x00, 0x00, 0x00, 0x00,
    0x00, 0x00, 0x00, 0x00, 0x00, 0x00, 0x00, 0x00, 0x00, 0x00, 0x00, 0x00, 0x00, 0x00, 0x00, 0x00,
    0xBB, 0xEB, 0x00, 0x00, 0xBB, 0xEB, 0x00, 0x00, 0xBB, 0x0E, 0x00, 0x00, 0xEE, 0x0E, 0x00, 0x00,
    0x00, 0x00, 0x00, 0x00, 0x00, 0x00, 0x00, 0x00, 0x00, 0x00, 0x00, 0x00, 0x00, 0x00, 0x00, 0x00,
};
static const u16 sFrame11[] = {
    0x000E, 0x00C5, 0x81FB, 0x0000, 0x40E5, 0x81F3, 0x0010, 0x00CD, 0x41D3, 0x0018, 0x00E5, 0x4013,
    0x001C, 0x00F5, 0x41EB, 0x0020, 0x40CD, 0x01C3, 0x0024, 0x40D5, 0x01E3, 0x0026, 0x40F5, 0x01FB,
    0x0028, 0x80C5, 0x01F3, 0x002A, 0x80C5, 0x001B, 0x002C, 0x00CD, 0x01E3, 0x002E, 0x00D5, 0x01F3,
    0x002F, 0x00F5, 0x000B, 0x0030, 0x00FD, 0x01FB, 0x0031, 0x0000,
};
static const void* const sFrames11[] = { sFrame11 };
static const u8 sTiles12[1600] __attribute__((aligned(4))) = {
    0x09, 0x00, 0x00, 0x00, 0x92, 0x00, 0x00, 0x00, 0x21, 0x99, 0x00, 0x00, 0x23, 0x33, 0x99, 0x99,
    0x29, 0x42, 0x44, 0x24, 0x92, 0x22, 0x42, 0x44, 0x93, 0x32, 0x22, 0x22, 0x31, 0x23, 0x33, 0x33,
    0x00, 0x00, 0x00, 0x00, 0x00, 0x00, 0x00, 0x00, 0x00, 0x00, 0x00, 0x99, 0x99, 0x90, 0x99, 0x24,
    0x92, 0x29, 0x22, 0x44, 0x33, 0x23, 0x12, 0x11, 0x11, 0x32, 0x33, 0x33, 0x23, 0x11, 0x11, 0x22,
    0x00, 0x00, 0x00, 0x00, 0x00, 0x00, 0x00, 0x00, 0x99, 0x99, 0x99, 0x99, 0x22, 0x22, 0x44, 0x44,
    0x24, 0x22, 0x22, 0x22, 0x22, 0x93, 0x99, 0x33, 0x11, 0x11, 0x21, 0x99, 0x92, 0x99, 0x24, 0x32,
    0x00, 0x00, 0x00, 0x00, 0x00, 0x99, 0x99, 0x99, 0x99, 0x44, 0x44, 0x44, 0x44, 0x22, 0x22, 0x42,
    0x22, 0x99, 0x33, 0x33, 0x33, 0x33, 0x22, 0x22, 0x29, 0x22, 0x49, 0x22, 0x33, 0x33, 0x19, 0x99,
    0x13, 0x39, 0x99, 0x99, 0x23, 0x99, 0x99, 0xE3, 0x9A, 0xEE, 0x5E, 0x21, 0xEA, 0x8E, 0x1E, 0x31,
    0x5E, 0xE8, 0x23, 0x22, 0xE8, 0x23, 0x55, 0x35, 0xEE, 0x2E, 0xE3, 0xEE, 0xA2, 0x5B, 0x8E, 0xEB,
    0x99, 0x33, 0x33, 0x92, 0x3E, 0x99, 0xE9, 0xEE, 0xE2, 0xEE, 0x8E, 0x88, 0x52, 0x5E, 0x65, 0x86,
    0x32, 0x8E, 0x55, 0x66, 0xE3, 0xE1, 0x88, 0x88, 0x1E, 0x22, 0xE8, 0x88, 0x15, 0x52, 0x0E, 0xEE,
    0x29, 0x13, 0x11, 0x23, 0x33, 0x33, 0x23, 0x92, 0x9E, 0x39, 0x33, 0x93, 0xEE, 0x90, 0x99, 0x09,
    0x88, 0xEE, 0x00, 0x00, 0x88, 0x88, 0x0E, 0x00, 0x68, 0x85, 0xE8, 0x00, 0x88, 0x86, 0x88, 0x0E,
    0x93, 0x99, 0x19, 0x11, 0x29, 0x33, 0x22, 0x22, 0x39, 0x49, 0x33, 0x92, 0x90, 0x99, 0x92, 0x33,
    0x00, 0x00, 0x99, 0x99, 0x00, 0x00, 0x00, 0x00, 0x00, 0x00, 0x00, 0x00, 0x00, 0x00, 0x00, 0x00,
    0x28, 0x87, 0x88, 0xBB, 0xE7, 0x8A, 0x88, 0xBB, 0xAE, 0xEE, 0xB8, 0xBB, 0xE5, 0x8E, 0x8B, 0xBB,
    0xE1, 0xEE, 0x55, 0x88, 0x23, 0x12, 0x11, 0xEE, 0xEE, 0x55, 0x33, 0x12, 0x00, 0xE0, 0xEE, 0x55,
    0x3E, 0xE5, 0x00, 0x00, 0xEB, 0x0E, 0x00, 0x00, 0xBB, 0xEB, 0x00, 0x00, 0xBB, 0xBB, 0xEE, 0x00,
    0xB8, 0xBB, 0x88, 0x0E, 0x55, 0xBB, 0x88, 0x0E, 0x11, 0xEE, 0x5E, 0xE5, 0x33, 0x22, 0x11, 0xE1,
    0x8E, 0x68, 0x86, 0x0E, 0xE0, 0x88, 0x66, 0xE8, 0xE0, 0x88, 0x66, 0xE8, 0x00, 0x8E, 0x88, 0xE8,
    0x00, 0x8E, 0x86, 0xE8, 0x00, 0xE0, 0x99, 0x99, 0x00, 0x70, 0x5A, 0x31, 0xEE, 0x7A, 0x9E, 0x99,
    0x00, 0x00, 0x00, 0x00, 0x00, 0x00, 0x00, 0x00, 0x00, 0x00, 0x00, 0x00, 0x00, 0x00, 0x00, 0x00,
    0x00, 0x00, 0x00, 0x00, 0x00, 0x00, 0x00, 0x00, 0x09, 0x00, 0x00, 0x00, 0x09, 0x00, 0x00, 0x00,
    0x00, 0x3E, 0x61, 0x66, 0x00, 0x8E, 0x66, 0x66, 0xE0, 0x86, 0x66, 0x66, 0xE0, 0x31, 0x66, 0x66,
    0xE0, 0x86, 0x68, 0x66, 0xE0, 0x86, 0x68, 0x66, 0x6E, 0x53, 0x68, 0x66, 0x6E, 0xE8, 0x68, 0x66,
    0xEE, 0x5E, 0x35, 0x23, 0x86, 0xBB, 0xEB, 0xEE, 0x86, 0xBB, 0xBB, 0x88, 0x66, 0xB8, 0xBB, 0x8B,
    0x66, 0xB8, 0xBB, 0xBB, 0x66, 0xB8, 0xBB, 0xBB, 0x66, 0x86, 0xBB, 0xBB, 0x66, 0x66, 0xB8, 0xBB,
    0x72, 0xE3, 0x65, 0x56, 0x1A, 0x5E, 0x85, 0x65, 0x1A, 0x6E, 0x8E, 0x85, 0x37, 0xEE, 0xE8, 0x86,
    0xA8, 0xBE, 0xEE, 0xEE, 0x88, 0xB8, 0x0E, 0x00, 0x8B, 0x88, 0xEB, 0x0E, 0xBB, 0x8B, 0xB8, 0xEB,
    0xE8, 0x00, 0x00, 0x00, 0xE8, 0x0A, 0x00, 0x00, 0x4E, 0x07, 0x00, 0x00, 0xAE, 0x0A, 0x00, 0x00,
    0x00, 0x00, 0x00, 0x00, 0x00, 0x00, 0x00, 0x00, 0x00, 0x00, 0x00, 0x00, 0x00, 0x00, 0x00, 0x00,
    0x00, 0x00, 0x00, 0x00, 0x00, 0x00, 0x00, 0x00, 0x00, 0x00, 0x00, 0x00, 0x00, 0x00, 0x00, 0x00,
    0x00, 0x00, 0x00, 0xE0, 0x00, 0x00, 0x00, 0xE0, 0x00, 0x00, 0x00, 0xE0, 0x00, 0x00, 0x00, 0xE0,
    0x6E, 0xE8, 0x68, 0x66, 0x6E, 0xE8, 0x6B, 0x66, 0x6E, 0xE1, 0x63, 0x66, 0x6E, 0xEB, 0x6B, 0x66,
    0x66, 0xEB, 0x8E, 0x66, 0x66, 0xEB, 0x8E, 0x66, 0x86, 0xBE, 0x5E, 0x66, 0x86, 0xBE, 0xBE, 0x66,
    0x66, 0x66, 0xB8, 0xBB, 0x66, 0x66, 0x86, 0xBB, 0x66, 0x66, 0x66, 0xB8, 0x66, 0x66, 0x66, 0x86,
    0x66, 0x66, 0x66, 0x66, 0x66, 0x66, 0x66, 0x66, 0x66, 0x66, 0x66, 0x66, 0x66, 0x66, 0x66, 0x66,
    0xBB, 0x8B, 0xB8, 0xBB, 0xBB, 0xBB, 0x88, 0xB8, 0xBB, 0xBB, 0xBB, 0x88, 0xBB, 0xBB, 0xBB, 0x8B,
    0xB8, 0xBB, 0xBB, 0xBB, 0xB8, 0xBB, 0xBB, 0xBB, 0x86, 0xBB, 0xBB, 0xBB, 0x66, 0xB8, 0xBB, 0xBB,
    0x00, 0x00, 0x00, 0xE0, 0x00, 0x00, 0x00, 0xE0, 0x00, 0x00, 0x00, 0xE0, 0x00, 0x00, 0x00, 0xE0,
    0x00, 0x00, 0x00, 0xE0, 0x00, 0x00, 0x00, 0xE0, 0x00, 0x00, 0x00, 0xE0, 0x00, 0x00, 0x00, 0xE0,
    0x86, 0xBE, 0xBE, 0x66, 0xB6, 0xBE, 0xBE, 0x66, 0x86, 0xBE, 0x3E, 0x66, 0xB6, 0xBE, 0xBE, 0x66,
    0xB6, 0xBE, 0xBE, 0x66, 0xB6, 0xBE, 0xEB, 0x68, 0xE6, 0x88, 0xEB, 0x6B, 0xE6, 0x88, 0xEB, 0x6B,
    0x66, 0x66, 0x66, 0x66, 0x66, 0x66, 0x66, 0x66, 0x66, 0x66, 0x66, 0x66, 0x66, 0x66, 0x66, 0x66,
    0x66, 0x66, 0x66, 0x66, 0x66, 0x66, 0x66, 0x66, 0x66, 0x66, 0x66, 0x66, 0x66, 0x66, 0x66, 0x66,
    0x66, 0xB8, 0xBB, 0xBB, 0x66, 0x86, 0xBB, 0xBB, 0x66, 0x66, 0xB8, 0xBB, 0x66, 0x66, 0x86, 0xBB,
    0x66, 0x66, 0x86, 0xBB, 0x66, 0x66, 0x66, 0xB8, 0x66, 0x66, 0x66, 0xB8, 0x66, 0x66, 0x66, 0xB8,
    0x00, 0x00, 0x00, 0x00, 0x00, 0x00, 0x00, 0x00, 0x00, 0x00, 0x00, 0x00, 0x00, 0x00, 0x00, 0x00,
    0x00, 0x00, 0x00, 0x00, 0xEE, 0x5E, 0x05, 0x00, 0x22, 0x11, 0xE1, 0x5E, 0x5E, 0x35, 0x23, 0x11,
    0x00, 0x00, 0x00, 0x00, 0x00, 0x00, 0x00, 0x00, 0x00, 0x00, 0x00, 0x00, 0x00, 0x00, 0x00, 0x00,
    0x00, 0x00, 0x00, 0x00, 0x00, 0x00, 0x00, 0x00, 0x05, 0x00, 0x00, 0x00, 0xE1, 0xEE, 0x55, 0x00,
    0x00, 0xE0, 0x5E, 0x35, 0x00, 0x00, 0x00, 0xE0, 0x00, 0x00, 0x00, 0x00, 0x00, 0x00, 0x00, 0x00,
    0x00, 0x00, 0x00, 0x00, 0x00, 0x00, 0x00, 0x00, 0x00, 0x00, 0x00, 0x00, 0x00, 0x00, 0x00, 0x00,
    0x23, 0x12, 0x11, 0xEE, 0xEE, 0x55, 0x33, 0x12, 0x00, 0x00, 0xEE, 0x5E, 0x00, 0x00, 0x00, 0x00,
    0x00, 0x00, 0x00, 0x00, 0x00, 0x00, 0x00, 0x00, 0x00, 0x00, 0x00, 0x00, 0x00, 0x00, 0x00, 0x00,
    0x0E, 0x00, 0x00, 0x00, 0xEB, 0x0E, 0x00, 0x00, 0xB8, 0xEB, 0x0E, 0x00, 0x88, 0xB8, 0xEB, 0x0E,
    0x88, 0x88, 0xB8, 0xEB, 0x88, 0x88, 0xB8, 0xEB, 0xBB, 0x88, 0x88, 0xB8, 0xBB, 0x8B, 0x88, 0x88,
    0x00, 0x00, 0x00, 0x00, 0x00, 0x00, 0x00, 0x00, 0x00, 0x00, 0x00, 0x00, 0x00, 0x00, 0x00, 0x00,
    0x00, 0x00, 0x00, 0x00, 0x00, 0x00, 0x00, 0x00, 0xEE, 0x00, 0x00, 0x00, 0xBB, 0x0E, 0x00, 0x00,
    0xBB, 0x8B, 0x88, 0x88, 0xBB, 0xBB, 0x8B, 0x88, 0xBB, 0xBB, 0xBB, 0x88, 0xBB, 0xBB, 0xBB, 0x8B,
    0xBB, 0xBB, 0xBB, 0x8B, 0xBB, 0xBB, 0xBB, 0xBB, 0xBB, 0xBB, 0xBB, 0xBB, 0xBB, 0xBB, 0xBB, 0xBB,
    0xBB, 0xEB, 0x00, 0x00, 0x88, 0xBB, 0xEE, 0x00, 0x88, 0x88, 0xBB, 0x0E, 0x88, 0x88, 0x88, 0xEB,
    0x88, 0x88, 0x88, 0xBB, 0x88, 0x88, 0xB8, 0xEE, 0x8B, 0xB8, 0xEB, 0x00, 0x8B, 0xB8, 0xEB, 0x00,
    0x00, 0x00, 0x00, 0x6E, 0x00, 0x00, 0x00, 0x6E, 0x00, 0x00, 0x00, 0xEE, 0x00, 0x00, 0x00, 0x0E,
    0x00, 0x00, 0x00, 0x00, 0x00, 0x00, 0x00, 0x00, 0x00, 0x00, 0x00, 0x00, 0x00, 0x00, 0x00, 0xEE,
    0xE8, 0xEE, 0xEE, 0x6B, 0xEB, 0x88, 0xEB, 0xBB, 0xEE, 0xB6, 0xBB, 0xEE, 0x00, 0x1E, 0xB5, 0xEB,
    0x00, 0x8E, 0xEB, 0xEE, 0x00, 0x6E, 0xB8, 0x0E, 0xE0, 0x5E, 0xE1, 0x0E, 0xEE, 0x88, 0xBB, 0x0E,
    0x00, 0xE0, 0xEE, 0x68, 0x00, 0xBE, 0x68, 0x66, 0x00, 0xBE, 0xBB, 0xBB, 0x00, 0xE0, 0xEE, 0xEE,
    0x00, 0x00, 0x00, 0x00, 0x00, 0x00, 0x00, 0x00, 0x00, 0x00, 0x00, 0x00, 0x00, 0x00, 0x00, 0x00,
    0x86, 0xB8, 0xBB, 0xEB, 0xB8, 0xBB, 0xBB, 0xEB, 0xBB, 0xBB, 0xBB, 0x0E, 0xEE, 0xEE, 0xEE, 0x00,
    0x00, 0x00, 0x00, 0x00, 0x00, 0x00, 0x00, 0x00, 0x00, 0x00, 0x00, 0x00, 0x00, 0x00, 0x00, 0x00,
    0x66, 0x66, 0x66, 0x66, 0x66, 0x66, 0x66, 0x66, 0xB8, 0x66, 0x66, 0x66, 0xEE, 0x6B, 0x66, 0x66,
    0x00, 0x8E, 0x6B, 0x66, 0x00, 0xE0, 0x8E, 0xB8, 0x00, 0x00, 0xE0, 0xEE, 0x00, 0x00, 0x00, 0x00,
    0x66, 0x66, 0x66, 0x86, 0x66, 0x66, 0x66, 0x86, 0x66, 0x66, 0x66, 0x66, 0x66, 0x66, 0x66, 0x66,
    0x66, 0x66, 0x66, 0x86, 0xBB, 0xBB, 0xBB, 0xEB, 0xEE, 0xEE, 0xEE, 0x0E, 0x00, 0x00, 0x00, 0x00,
    0xBB, 0xBB, 0xBB, 0xBB, 0xBB, 0xBB, 0xBB, 0xBB, 0xB8, 0xBB, 0xBB, 0xBB, 0x88, 0xBB, 0xBB, 0xEE,
    0xBB, 0xEE, 0xEE, 0x00, 0xEE, 0x00, 0x00, 0x00, 0x00, 0x00, 0x00, 0x00, 0x00, 0x00, 0x00, 0x00,
    0xBB, 0xEB, 0xBE, 0x0E, 0xBB, 0xBE, 0xBB, 0x0E, 0xEE, 0x8B, 0xBB, 0xEB, 0x00, 0x8E, 0xB8, 0xEB,
    0x00, 0xE0, 0xEE, 0x0E, 0x00, 0x00, 0x00, 0x00, 0x00, 0x00, 0x00, 0x00, 0x00, 0x00, 0x00, 0x00,
    0x00, 0x00, 0x00, 0x00, 0x00, 0x5E, 0x05, 0x00, 0xEE, 0x12, 0xE1, 0xEE, 0x00, 0x3E, 0x23, 0x12,
    0x00, 0xE0, 0xEE, 0x55, 0x00, 0x00, 0x00, 0x00, 0x00, 0x00, 0x00, 0x00, 0x00, 0x00, 0x00, 0x00,
    0x00, 0x00, 0x00, 0x00, 0x00, 0x00, 0x00, 0x00, 0x55, 0x00, 0x00, 0x00, 0x11, 0xEE, 0x55, 0xEE,
    0x33, 0x12, 0x11, 0x22, 0xEE, 0x55, 0x33, 0x5E, 0x00, 0x00, 0xEE, 0x00, 0x00, 0x00, 0x00, 0x00,
    0x55, 0x00, 0x00, 0x00, 0x11, 0xEE, 0x5E, 0x05, 0x35, 0x23, 0x11, 0xE1, 0xE0, 0x5E, 0x35, 0x23,
    0x00, 0x00, 0xE0, 0xEE, 0x00, 0x00, 0x00, 0x00, 0x00, 0x00, 0x00, 0x00, 0x00, 0x00, 0x00, 0x00,
    0x00, 0x00, 0x00, 0x1E, 0x00, 0x00, 0x00, 0xE0, 0xEE, 0x55, 0x00, 0x00, 0x12, 0x11, 0xEE, 0x5E,
    0x55, 0x33, 0x22, 0x11, 0x00, 0xEE, 0x5E, 0x35, 0x00, 0x00, 0x00, 0xE0, 0x00, 0x00, 0x00, 0x00,
    0x00, 0x00, 0x99, 0x99, 0x00, 0x39, 0x33, 0x13, 0x90, 0x32, 0x11, 0x32, 0x19, 0x11, 0x19, 0x21,
    0x19, 0x92, 0x92, 0x22, 0x99, 0x99, 0x91, 0x23, 0x79, 0x91, 0x32, 0x39, 0x90, 0x12, 0x19, 0x99,
    0xA0, 0xE2, 0x9E, 0x93, 0xA0, 0x61, 0x21, 0x29, 0xA0, 0x21, 0x12, 0x92, 0x00, 0x1A, 0x21, 0x72,
    0x00, 0xA0, 0x22, 0xAA, 0x00, 0x00, 0xA7, 0xE7, 0x00, 0x00, 0xE0, 0xA1, 0x00, 0x00, 0xE0, 0x68,
    0x00, 0x00, 0x00, 0x00, 0x09, 0x00, 0x00, 0x00, 0x94, 0x09, 0x00, 0x00, 0x94, 0x00, 0x00, 0x00,
    0x94, 0x99, 0x00, 0x00, 0x92, 0x09, 0x00, 0x00, 0x92, 0x09, 0x00, 0x00, 0x29, 0x92, 0x00, 0x00,
    0x92, 0x09, 0x00, 0x00, 0x44, 0x99, 0x99, 0x00, 0x99, 0x09, 0x00, 0x00, 0x42, 0x99, 0x09, 0x00,
    0x22, 0x04, 0x00, 0x00, 0x99, 0x94, 0x09, 0x00, 0x00, 0x00, 0x00, 0x00, 0x00, 0x00, 0x00, 0x00,
    0x00, 0x00, 0x00, 0x00, 0x00, 0x00, 0x00, 0x00, 0x00, 0x00, 0x00, 0x00, 0x5E, 0x05, 0x00, 0x00,
    0x11, 0xE1, 0xEE, 0x55, 0x35, 0x23, 0x12, 0x11, 0xE0, 0xEE, 0x55, 0x33, 0x00, 0x00, 0x00, 0xEE,
    0x00, 0x00, 0x00, 0x00, 0x00, 0x00, 0x00, 0x00, 0x00, 0x00, 0x00, 0x00, 0x00, 0x00, 0x00, 0x00,
    0x0E, 0x00, 0x00, 0x00, 0x00, 0x00, 0x00, 0x00, 0x00, 0x00, 0x00, 0x00, 0x00, 0x00, 0x00, 0x00,
};
static const u16 sFrame12[] = {
    0x000C, 0x00C4, 0x81F0, 0x0000, 0x40E4, 0x81E8, 0x0010, 0x00CC, 0x41D0, 0x0018, 0x00E4, 0x4008,
    0x001C, 0x00F4, 0x41E8, 0x0020, 0x40F4, 0x41F8, 0x0024, 0x40CC, 0x01B8, 0x0028, 0x40D4, 0x01E0,
    0x002A, 0x80C4, 0x01E8, 0x002C, 0x80C4, 0x0010, 0x002E, 0x00CC, 0x01C8, 0x0030, 0x00EC, 0x0018,
    0x0031, 0x0000,
};
static const void* const sFrames12[] = { sFrame12 };
static const u8 sTiles13[1952] __attribute__((aligned(4))) = {
    0x00, 0x00, 0x00, 0x00, 0x00, 0x00, 0x00, 0x00, 0x00, 0x00, 0x00, 0x00, 0x00, 0x00, 0x00, 0x00,
    0x00, 0x00, 0x00, 0xE0, 0x00, 0x00, 0x00, 0x25, 0x00, 0x00, 0x00, 0x1E, 0x00, 0x00, 0x00, 0x1E,
    0x00, 0x00, 0x00, 0x00, 0x00, 0x00, 0x00, 0x00, 0x00, 0x00, 0x00, 0x00, 0x00, 0x00, 0x00, 0x00,
    0xEE, 0xEE, 0x00, 0x00, 0x21, 0x22, 0x0E, 0x90, 0x11, 0x22, 0x53, 0x49, 0x13, 0x21, 0xE3, 0xE4,
    0x00, 0x00, 0x94, 0x09, 0x00, 0x49, 0x42, 0x94, 0x90, 0x94, 0x14, 0x12, 0x90, 0x49, 0x12, 0x21,
    0x24, 0x12, 0x11, 0x21, 0x99, 0x19, 0x11, 0x11, 0x49, 0x22, 0x19, 0x11, 0x9E, 0x49, 0x99, 0x24,
    0x09, 0x00, 0x00, 0x00, 0x94, 0x09, 0x00, 0x00, 0x24, 0x94, 0x00, 0x00, 0x11, 0x42, 0x09, 0x00,
    0x21, 0x21, 0x94, 0x00, 0x22, 0x11, 0x92, 0x00, 0x22, 0x21, 0x09, 0x00, 0x21, 0x12, 0x91, 0x00,
    0x00, 0xE5, 0xEE, 0x12, 0x00, 0x2E, 0xE2, 0x23, 0xE0, 0x12, 0xE1, 0x25, 0x3E, 0x12, 0xE3, 0x3E,
    0xEE, 0x25, 0x32, 0xE5, 0xEE, 0xEE, 0xEE, 0xBE, 0x8B, 0x66, 0xB8, 0x8E, 0x6B, 0x66, 0xEB, 0xE0,
    0x35, 0x22, 0xE5, 0xEE, 0x11, 0x32, 0x3E, 0x22, 0x22, 0x52, 0x1E, 0x11, 0x32, 0xE3, 0x13, 0x21,
    0xEE, 0x3E, 0x22, 0x22, 0xBB, 0xEE, 0x5E, 0xE3, 0xB8, 0xBB, 0xEB, 0x7E, 0x88, 0xBB, 0xBB, 0x7E,
    0xBB, 0x94, 0x11, 0x21, 0x4E, 0x19, 0x49, 0x12, 0x93, 0x92, 0x94, 0x24, 0xE5, 0x49, 0x12, 0x12,
    0xAE, 0x29, 0x41, 0x11, 0x7A, 0x2A, 0x24, 0x11, 0x18, 0x71, 0x49, 0x42, 0x82, 0x81, 0x4A, 0x42,
    0x42, 0x11, 0x44, 0x09, 0x41, 0x41, 0x24, 0x09, 0x11, 0x11, 0x12, 0x09, 0x11, 0x42, 0x41, 0x00,
    0x12, 0x21, 0x09, 0x00, 0x22, 0x41, 0x92, 0x00, 0x41, 0x92, 0x94, 0x00, 0x92, 0x94, 0xE9, 0x00,
    0x68, 0x66, 0xEB, 0xE0, 0x66, 0x86, 0x0E, 0x8E, 0x66, 0xE8, 0x00, 0x8E, 0x86, 0x0E, 0xE0, 0x88,
    0xB6, 0x0E, 0xE0, 0x88, 0xEB, 0x00, 0xE0, 0xB8, 0xEB, 0x00, 0xE0, 0xB8, 0x0E, 0x00, 0x8E, 0xBB,
    0x88, 0xBB, 0xBB, 0xAE, 0x88, 0xBB, 0xBB, 0xAE, 0x88, 0xBB, 0xEB, 0x27, 0x88, 0xBB, 0xEB, 0x17,
    0xBB, 0xBB, 0xEB, 0x8A, 0xBB, 0xBB, 0xEE, 0x77, 0xBB, 0xEB, 0xEB, 0xEE, 0xBB, 0xBB, 0xBE, 0xBB,
    0x82, 0x28, 0xEA, 0xB9, 0x11, 0xA8, 0xBE, 0xEE, 0x81, 0xEA, 0xBB, 0x0E, 0x78, 0xBE, 0xEB, 0x00,
    0xA2, 0xBE, 0xEB, 0x00, 0xEA, 0xBB, 0x0E, 0x00, 0xBE, 0xEE, 0x00, 0x00, 0xEB, 0x0E, 0x00, 0x00,
    0x89, 0x89, 0xB9, 0x0E, 0xBE, 0x89, 0x86, 0x0E, 0xE0, 0x8B, 0x66, 0xEB, 0x00, 0x8E, 0x66, 0xE8,
    0x00, 0xBE, 0x68, 0x86, 0x00, 0xE0, 0xBB, 0x88, 0x00, 0x00, 0xBE, 0x68, 0x00, 0x00, 0x8E, 0x68,
    0x00, 0x00, 0x8E, 0xBB, 0x00, 0xE0, 0xB8, 0xBB, 0x00, 0xE0, 0xB8, 0xBB, 0xE0, 0xBE, 0xB8, 0xBB,
    0x8E, 0x8B, 0xBB, 0x8B, 0x8E, 0xB8, 0x8B, 0x68, 0x8B, 0xBB, 0x68, 0x66, 0x55, 0x55, 0x55, 0x55,
    0xBB, 0xBB, 0xEB, 0xEE, 0xBB, 0x88, 0xBB, 0xBB, 0x8B, 0x66, 0x33, 0xB8, 0x68, 0x66, 0x88, 0x86,
    0x66, 0x86, 0x68, 0x86, 0x66, 0x33, 0x66, 0x86, 0x66, 0x88, 0x66, 0x86, 0x55, 0x55, 0x55, 0x55,
    0xBE, 0x0E, 0x00, 0x00, 0xEB, 0x00, 0x00, 0x00, 0xEB, 0x00, 0x00, 0x00, 0xEB, 0x00, 0x00, 0x00,
    0x8B, 0x0E, 0x00, 0x00, 0x8B, 0x0E, 0x00, 0x00, 0xBB, 0x0E, 0x00, 0x00, 0x55, 0x55, 0x55, 0x55,
    0x00, 0x00, 0xBE, 0x66, 0x00, 0x00, 0xE0, 0x8B, 0x00, 0x00, 0x00, 0x99, 0x00, 0x00, 0x00, 0x59,
    0x00, 0x00, 0x00, 0x99, 0x00, 0x00, 0x00, 0xA0, 0x00, 0x00, 0x00, 0xA0, 0x55, 0x55, 0x55, 0xA5,
    0x11, 0x11, 0x11, 0x22, 0x22, 0x22, 0x22, 0x22, 0x88, 0x88, 0x88, 0x88, 0x68, 0x66, 0x86, 0x3B,
    0x68, 0x66, 0xB8, 0xE8, 0x66, 0x86, 0x8B, 0xBE, 0x66, 0xB8, 0xE3, 0xBB, 0x86, 0x8B, 0xBE, 0xBB,
    0x22, 0x22, 0x22, 0x22, 0x22, 0x22, 0x22, 0x33, 0x88, 0x88, 0x88, 0x88, 0xB3, 0x68, 0x66, 0xB8,
    0x8E, 0x6B, 0x66, 0xB8, 0x8E, 0x6B, 0x66, 0xB8, 0x3E, 0x8B, 0x66, 0xB8, 0x8E, 0x8B, 0x66, 0xB8,
    0x22, 0x22, 0x22, 0x22, 0x33, 0x33, 0x33, 0x33, 0x88, 0x88, 0x88, 0x88, 0xBB, 0xBB, 0xBB, 0x0E,
    0xBB, 0xB8, 0xBB, 0xEB, 0xBB, 0x88, 0xBB, 0xB8, 0xBB, 0x88, 0xB8, 0x88, 0xBB, 0x68, 0xB8, 0x8B,
    0x22, 0x22, 0x22, 0xA2, 0x33, 0x33, 0x53, 0xA5, 0x88, 0x88, 0x88, 0xA8, 0x00, 0x00, 0x00, 0xA0,
    0x00, 0x00, 0x00, 0x00, 0x0E, 0x00, 0x00, 0x00, 0xEB, 0x00, 0x00, 0x00, 0xB8, 0x0E, 0x00, 0x00,
    0x86, 0x8B, 0xBE, 0xBB, 0xB8, 0xE8, 0xBB, 0xBB, 0xB8, 0xE3, 0xBB, 0xBB, 0x8B, 0xBE, 0xBB, 0xBB,
    0x8B, 0xBE, 0xBB, 0xBB, 0x8B, 0xBE, 0xBB, 0xBB, 0x3B, 0xBE, 0xBB, 0xBB, 0x8B, 0xBE, 0xBB, 0xBB,
    0x8E, 0x8B, 0x66, 0xB8, 0x8E, 0x8B, 0x66, 0x86, 0xEB, 0xB3, 0x66, 0x86, 0xEB, 0xB8, 0x66, 0x66,
    0xEB, 0xB8, 0x66, 0x66, 0xEB, 0xB8, 0x68, 0x66, 0xEB, 0xB3, 0x68, 0x66, 0xEB, 0xB8, 0x68, 0x66,
    0xBB, 0x68, 0x88, 0xBB, 0xBB, 0x8B, 0x86, 0xBB, 0xBB, 0x8B, 0x86, 0xBB, 0xB8, 0x8B, 0x66, 0xB8,
    0xB8, 0x8B, 0x66, 0xB8, 0xB8, 0xBB, 0x68, 0x86, 0x86, 0xBB, 0x68, 0x86, 0x86, 0xBB, 0x68, 0x66,
    0x88, 0xEB, 0x0E, 0x00, 0x88, 0xB8, 0xEB, 0x0E, 0x8B, 0x88, 0xB8, 0xEB, 0x8B, 0x88, 0x88, 0xB8,
    0xBB, 0x88, 0x88, 0x88, 0xBB, 0x88, 0x88, 0x88, 0xBB, 0x8B, 0x88, 0x88, 0xB8, 0x8B, 0x88, 0x88,
    0x8B, 0xBE, 0xBB, 0xBB, 0x8B, 0xBE, 0xBB, 0xBB, 0x3B, 0xBE, 0xBB, 0xBB, 0xE8, 0xBB, 0xBB, 0xBB,
    0xE8, 0xBB, 0xBB, 0xBB, 0xE8, 0xBB, 0xBB, 0xBB, 0xE3, 0xBB, 0xBB, 0xBB, 0xE8, 0xEE, 0xEE, 0xBB,
    0xEB, 0xB8, 0x68, 0x66, 0xEB, 0xB8, 0x68, 0x66, 0xEB, 0xB3, 0x68, 0x66, 0xEB, 0xB8, 0x68, 0x66,
    0xBB, 0x8E, 0x6B, 0x66, 0xBB, 0x8E, 0x6B, 0x66, 0xBB, 0x3E, 0x8B, 0x66, 0xBB, 0x8E, 0x8B, 0x66,
    0x86, 0xBB, 0x8B, 0x66, 0x86, 0xBB, 0x8B, 0x66, 0x66, 0xB8, 0xBB, 0x68, 0x66, 0xB8, 0xBB, 0x68,
    0x66, 0xB8, 0xBB, 0x8B, 0x66, 0xB8, 0xBB, 0x8B, 0x66, 0xB8, 0xBB, 0xBB, 0x66, 0xB8, 0xBB, 0xEE,
    0x86, 0xBB, 0x88, 0x88, 0x86, 0xBB, 0x88, 0x88, 0x66, 0xB8, 0x8B, 0x88, 0x66, 0xB8, 0xBB, 0xE8,
    0x66, 0x86, 0xE8, 0x0E, 0x66, 0xE6, 0xBE, 0x0E, 0xE8, 0x8E, 0xB8, 0x0E, 0x0E, 0xBE, 0xB8, 0xEB,
    0xE8, 0x00, 0x00, 0xEE, 0x0E, 0x00, 0x00, 0x00, 0x00, 0x00, 0x00, 0x00, 0x00, 0x00, 0x00, 0x00,
    0x00, 0x00, 0x00, 0x00, 0x00, 0x00, 0x00, 0x00, 0x00, 0x00, 0x00, 0x00, 0x00, 0x00, 0x00, 0x00,
    0xEE, 0x8E, 0x8B, 0x66, 0x00, 0x8E, 0xEB, 0xEE, 0x00, 0xEE, 0x0E, 0x00, 0x00, 0x00, 0x00, 0x00,
    0x00, 0x00, 0x00, 0x00, 0x00, 0x00, 0x00, 0x00, 0x00, 0x00, 0x00, 0x00, 0x00, 0x00, 0x00, 0x00,
    0xE6, 0xEE, 0xEE, 0x00, 0x0E, 0x00, 0x00, 0x00, 0x00, 0x00, 0x00, 0x00, 0x00, 0x00, 0x00, 0x00,
    0x00, 0x00, 0x00, 0x00, 0x00, 0x00, 0x00, 0x00, 0x00, 0x00, 0x00, 0x00, 0x00, 0x00, 0x00, 0x00,
    0x00, 0xE0, 0xB8, 0xBB, 0x00, 0xE0, 0xB8, 0xBB, 0x00, 0xE0, 0x88, 0xBB, 0x00, 0x8E, 0x88, 0xBB,
    0x00, 0x8E, 0x88, 0xBB, 0xE0, 0x6B, 0x88, 0xBB, 0xE0, 0x6B, 0xB6, 0xEB, 0xE0, 0x8B, 0xB8, 0xEB,
    0x00, 0x00, 0x00, 0x00, 0x00, 0x00, 0x00, 0x00, 0x00, 0x00, 0x00, 0x00, 0x00, 0x00, 0x00, 0x00,
    0x55, 0x55, 0x00, 0x00, 0x58, 0x25, 0x55, 0x55, 0x80, 0x88, 0x33, 0x23, 0x00, 0x80, 0x58, 0x35,
    0x00, 0x00, 0x00, 0x00, 0x00, 0x00, 0x00, 0x00, 0x00, 0x00, 0x00, 0x00, 0x00, 0x00, 0x00, 0x00,
    0x00, 0x00, 0x00, 0x00, 0x05, 0x00, 0x00, 0x00, 0x55, 0x55, 0x55, 0x55, 0x33, 0x23, 0x22, 0x22,
    0x00, 0x00, 0x00, 0x00, 0x00, 0x00, 0x00, 0x00, 0x00, 0x00, 0x00, 0x00, 0x00, 0x00, 0x00, 0x00,
    0x00, 0x00, 0x00, 0x00, 0x00, 0x00, 0x00, 0x00, 0x55, 0x55, 0x55, 0x55, 0x22, 0x11, 0x21, 0x22,
    0x00, 0x00, 0x00, 0x00, 0x00, 0x00, 0x00, 0x00, 0x00, 0x00, 0x00, 0x00, 0x00, 0x00, 0x00, 0x00,
    0x00, 0x00, 0x00, 0x00, 0x00, 0x00, 0x00, 0x00, 0x55, 0x05, 0x00, 0x00, 0x22, 0x53, 0x55, 0x55,
    0x00, 0x00, 0x80, 0x88, 0x00, 0x00, 0x00, 0x00, 0x00, 0x00, 0x00, 0x00, 0x00, 0x00, 0x00, 0x00,
    0x00, 0x00, 0x00, 0x00, 0x00, 0x00, 0x00, 0x00, 0x00, 0x00, 0x00, 0x00, 0x00, 0x00, 0x00, 0x00,
    0x88, 0x38, 0x33, 0x22, 0x80, 0x88, 0x88, 0x88, 0x00, 0x00, 0x00, 0x00, 0x00, 0x00, 0x00, 0x00,
    0x00, 0x00, 0x00, 0x00, 0x00, 0x00, 0x00, 0x00, 0x00, 0x00, 0x00, 0x00, 0x00, 0x00, 0x00, 0x00,
    0x22, 0x22, 0x22, 0x32, 0x88, 0x88, 0x88, 0x88, 0x00, 0x00, 0x00, 0x00, 0x00, 0x00, 0x00, 0x00,
    0x00, 0x00, 0x00, 0x00, 0x00, 0x00, 0x00, 0x00, 0x00, 0x00, 0x00, 0x00, 0x00, 0x00, 0x00, 0x00,
    0x33, 0x33, 0x33, 0x22, 0x88, 0x58, 0x55, 0x55, 0x00, 0x80, 0x88, 0x88, 0x00, 0x00, 0x00, 0x00,
    0x00, 0x00, 0x00, 0x00, 0x00, 0x00, 0x00, 0x00, 0x00, 0x00, 0x00, 0x00, 0x00, 0x00, 0x00, 0x00,
    0x00, 0x00, 0x00, 0x00, 0x00, 0x00, 0x00, 0x00, 0x00, 0x00, 0x00, 0x00, 0x00, 0x00, 0x00, 0x00,
    0x00, 0x00, 0x00, 0x00, 0x00, 0x00, 0x00, 0x00, 0x00, 0x00, 0x00, 0xE0, 0x55, 0x55, 0x55, 0x55,
    0x00, 0xBE, 0x66, 0xE8, 0x00, 0x8E, 0x66, 0xEB, 0xE0, 0x6B, 0x86, 0x0E, 0xE0, 0x68, 0xE8, 0x00,
    0x99, 0x8B, 0xEB, 0x00, 0x39, 0x99, 0x09, 0x00, 0x9B, 0x51, 0x09, 0xE0, 0x55, 0x55, 0x55, 0x55,
    0x22, 0x22, 0x22, 0x22, 0x33, 0x33, 0x33, 0x33, 0x88, 0x88, 0x88, 0x88, 0x00, 0xEE, 0x00, 0x00,
    0x00, 0x00, 0x00, 0x00, 0x00, 0x00, 0x00, 0x00, 0x00, 0x00, 0x00, 0x00, 0x00, 0x00, 0x00, 0x00,
    0x22, 0x22, 0x22, 0x22, 0x22, 0x22, 0x22, 0x22, 0x88, 0x88, 0x88, 0x88, 0x8E, 0x0E, 0x8E, 0xBB,
    0xEE, 0xE0, 0x8B, 0xBB, 0x00, 0xE0, 0xB8, 0x8B, 0x00, 0xBE, 0xB8, 0x8B, 0xE0, 0x8B, 0xBB, 0x68,
    0x00, 0x00, 0x00, 0x00, 0x00, 0x00, 0x00, 0x00, 0x00, 0x00, 0x00, 0xE0, 0x00, 0x00, 0x00, 0xE0,
    0x00, 0x00, 0x00, 0xBE, 0x00, 0x00, 0xE0, 0xBB, 0x00, 0x00, 0xE0, 0xBB, 0x00, 0x00, 0xBE, 0xBB,
    0xE0, 0x8B, 0xBB, 0x68, 0xBE, 0xB8, 0xBB, 0x68, 0xBB, 0xB8, 0x8B, 0x66, 0x8B, 0xB8, 0x8B, 0x66,
    0x8B, 0xBB, 0x8B, 0x66, 0x88, 0xBB, 0x8B, 0x66, 0x88, 0xBB, 0x8B, 0x86, 0xB8, 0xBB, 0x68, 0x86,
    0x00, 0x00, 0xBE, 0x8B, 0x00, 0x00, 0xBE, 0x88, 0x00, 0x00, 0xBE, 0x88, 0x00, 0x00, 0xBE, 0x8B,
    0x00, 0x00, 0xE0, 0x8B, 0x00, 0x00, 0xE0, 0x8B, 0x00, 0x00, 0xE0, 0x8B, 0x00, 0x00, 0xE0, 0x8B,
    0xB8, 0xBB, 0x68, 0x86, 0xB8, 0xBB, 0x68, 0x86, 0xB8, 0xBB, 0x68, 0x86, 0xB8, 0x8B, 0x66, 0xB6,
    0xB8, 0x8B, 0x66, 0xB6, 0xB8, 0x8B, 0x66, 0xB8, 0xB8, 0x8B, 0x66, 0xB8, 0xB8, 0x68, 0x66, 0xB8,
    0x00, 0x00, 0xE0, 0x8B, 0x00, 0x00, 0x00, 0xEE, 0x00, 0x00, 0x00, 0x00, 0x00, 0x00, 0x00, 0x00,
    0x00, 0x00, 0x00, 0xEE, 0x00, 0xEE, 0xEE, 0x88, 0xE0, 0xBB, 0x88, 0x88, 0xE0, 0xBE, 0xBB, 0xBB,
    0xB8, 0x68, 0x66, 0xB8, 0xEE, 0xEE, 0x86, 0x8B, 0x8E, 0xBB, 0xEE, 0xEE, 0x8E, 0xBB, 0xEB, 0x00,
    0x8E, 0xBB, 0xEB, 0x00, 0x88, 0xB8, 0xEB, 0x00, 0x88, 0xB8, 0xEB, 0x00, 0xBB, 0xBB, 0xEB, 0x00,
    0x00, 0xE0, 0xEE, 0xEE, 0x00, 0x00, 0x00, 0x00, 0x00, 0x00, 0x00, 0x00, 0x00, 0x00, 0x00, 0x00,
    0x00, 0x00, 0x00, 0x00, 0x00, 0x00, 0x00, 0x00, 0x00, 0x00, 0x00, 0x00, 0x00, 0x00, 0x00, 0x00,
    0xEE, 0xEE, 0x0E, 0x00, 0x00, 0x00, 0x00, 0x00, 0x00, 0x00, 0x00, 0x00, 0x00, 0x00, 0x00, 0x00,
    0x00, 0x00, 0x00, 0x00, 0x00, 0x00, 0x00, 0x00, 0x00, 0x00, 0x00, 0x00, 0x00, 0x00, 0x00, 0x00,
    0x00, 0x00, 0x00, 0x00, 0x00, 0x00, 0x00, 0x00, 0x00, 0x00, 0x00, 0x00, 0x00, 0x00, 0x00, 0x00,
    0x0E, 0x00, 0x00, 0x00, 0x0E, 0x00, 0x00, 0x00, 0xEB, 0x00, 0x00, 0x00, 0xE8, 0x00, 0x00, 0x00,
    0x86, 0x0E, 0x00, 0x00, 0x98, 0x09, 0x00, 0x00, 0x19, 0x95, 0x00, 0x00, 0x93, 0x99, 0x00, 0x00,
    0xAA, 0x88, 0x0E, 0x00, 0xA7, 0x86, 0x0E, 0x00, 0xA1, 0x8B, 0x0E, 0x00, 0xA1, 0x8B, 0xE8, 0x00,
    0xA7, 0xBE, 0xE8, 0x00, 0xA7, 0xEB, 0xEB, 0x00, 0xA7, 0xEF, 0xEB, 0x00, 0xA7, 0x00, 0x0E, 0x00,
    0xAA, 0x00, 0x00, 0x00, 0x00, 0x00, 0x00, 0x00, 0x00, 0x00, 0x00, 0x00, 0x00, 0x00, 0x00, 0x00,
    0x00, 0x00, 0x00, 0x00, 0x00, 0x00, 0x00, 0x00, 0x0E, 0x00, 0x00, 0x00, 0xEB, 0x0E, 0x00, 0x00,
    0xB8, 0xEB, 0x00, 0x00, 0x88, 0xB8, 0x0E, 0x00, 0x88, 0x88, 0xEB, 0x00, 0x88, 0x88, 0xEB, 0x00,
    0x00, 0x00, 0x00, 0x00, 0x00, 0x00, 0x00, 0x00, 0x00, 0x00, 0x00, 0x00, 0x00, 0x00, 0x00, 0x00,
    0x00, 0x00, 0x00, 0x00, 0x00, 0x00, 0x00, 0x00, 0x00, 0x00, 0x00, 0xE0, 0x00, 0x00, 0x00, 0xE0,
    0x00, 0x00, 0x00, 0xBE, 0x00, 0x00, 0x00, 0x8E, 0x00, 0x00, 0xE0, 0x6B, 0x00, 0x00, 0xE0, 0x68,
    0x00, 0x00, 0xBE, 0x68, 0x00, 0x00, 0x8E, 0x8B, 0x00, 0xE0, 0x6B, 0xB8, 0x00, 0xE0, 0x68, 0x86,
    0x88, 0xE8, 0x0E, 0x00, 0x88, 0x0E, 0x00, 0x00, 0xE8, 0x00, 0x00, 0x00, 0x0E, 0x00, 0x00, 0x00,
    0x00, 0x00, 0x00, 0x00, 0x00, 0x00, 0x00, 0x00, 0x00, 0x00, 0x00, 0x00, 0x00, 0x00, 0x00, 0x00,
    0x0E, 0x00, 0x00, 0x00, 0x0E, 0x00, 0x00, 0x00, 0x0E, 0x00, 0x00, 0x00, 0x0E, 0x00, 0x00, 0x00,
    0x0E, 0x00, 0x00, 0x00, 0x0E, 0x00, 0x00, 0x00, 0x00, 0x00, 0x00, 0x00, 0x00, 0x00, 0x00, 0x00,
    0xE0, 0xBB, 0xBB, 0xEB, 0x00, 0xEE, 0xEE, 0x0E, 0x00, 0x00, 0x00, 0x00, 0x00, 0x00, 0x00, 0x00,
    0x00, 0x00, 0x00, 0x00, 0x00, 0x00, 0x00, 0x00, 0x00, 0x00, 0x00, 0x00, 0x00, 0x00, 0x00, 0x00,
};
static const u16 sFrame13[] = {
    0x0008, 0x80BE, 0xC1F7, 0x0000, 0x40D6, 0x81C7, 0x0020, 0x80D6, 0x81E7, 0x0028, 0x00F6, 0x41E7,
    0x0030, 0x80CE, 0x4017, 0x0034, 0x80C6, 0x01EF, 0x0038, 0x80EE, 0x0017, 0x003A, 0x00FE, 0x000F,
    0x003C, 0x0000,
};
static const void* const sFrames13[] = { sFrame13 };
static const u8 sTiles14[1952] __attribute__((aligned(4))) = {
    0x00, 0x00, 0x00, 0x00, 0x00, 0x00, 0x00, 0x00, 0x00, 0x00, 0x00, 0x00, 0x00, 0x00, 0x00, 0x00,
    0x00, 0x00, 0x00, 0x00, 0x00, 0x00, 0x00, 0x90, 0x00, 0x00, 0x00, 0x90, 0x00, 0x00, 0x00, 0x29,
    0x00, 0x90, 0x99, 0x99, 0x00, 0x19, 0x92, 0x24, 0x90, 0x21, 0x24, 0x21, 0x29, 0x21, 0x11, 0x92,
    0x19, 0x11, 0x21, 0x12, 0x12, 0x11, 0x12, 0x21, 0x21, 0x21, 0x11, 0x21, 0x21, 0x12, 0x21, 0x42,
    0x09, 0x00, 0x00, 0x00, 0x92, 0x09, 0x00, 0x00, 0x94, 0x94, 0x99, 0x00, 0x49, 0x44, 0x29, 0x09,
    0x21, 0x29, 0x42, 0x94, 0x42, 0x94, 0x99, 0x29, 0x94, 0x49, 0x94, 0x94, 0x22, 0x94, 0x99, 0x49,
    0x00, 0x00, 0x00, 0x00, 0x00, 0x00, 0x00, 0x00, 0x00, 0x00, 0x00, 0x00, 0x00, 0x00, 0x00, 0x00,
    0x00, 0x00, 0x00, 0x00, 0x09, 0x00, 0x00, 0x00, 0x94, 0x00, 0x00, 0x00, 0x44, 0x09, 0x00, 0x00,
    0x00, 0x00, 0x00, 0x19, 0x00, 0x00, 0x00, 0x19, 0x00, 0x00, 0x00, 0x19, 0x00, 0x00, 0x00, 0x90,
    0x00, 0x00, 0x00, 0x90, 0x00, 0xE0, 0xEE, 0xEE, 0x00, 0x3E, 0xE5, 0xE3, 0xE0, 0x53, 0x2E, 0x11,
    0x41, 0x11, 0x42, 0x94, 0x92, 0x22, 0x11, 0x41, 0x42, 0x11, 0x21, 0x19, 0x11, 0x12, 0x42, 0x99,
    0x12, 0x11, 0x11, 0x21, 0x19, 0x11, 0x22, 0xA4, 0x9E, 0x14, 0x21, 0x92, 0xE2, 0x29, 0x94, 0xE9,
    0x99, 0x24, 0x42, 0x49, 0x99, 0x99, 0x99, 0x94, 0x42, 0x49, 0x49, 0xEE, 0x99, 0x94, 0xE9, 0x23,
    0x9A, 0x49, 0xE4, 0x23, 0x22, 0x97, 0xEE, 0x25, 0xEA, 0xEE, 0x23, 0x3E, 0xEE, 0x12, 0x22, 0xE2,
    0x22, 0x09, 0x00, 0x00, 0xEE, 0xEE, 0x00, 0x00, 0x12, 0x21, 0x0E, 0x00, 0x12, 0x13, 0xE2, 0x00,
    0x31, 0x15, 0xE2, 0x00, 0x12, 0x21, 0xE3, 0xEE, 0x22, 0x22, 0xE5, 0x23, 0x35, 0x32, 0x2E, 0x11,
    0x2E, 0x5E, 0x12, 0x11, 0x2E, 0x3E, 0x22, 0x31, 0x23, 0xE5, 0x35, 0xE2, 0xEE, 0x53, 0xEE, 0x8E,
    0xE0, 0xEE, 0x66, 0x86, 0xE0, 0x68, 0x66, 0x86, 0xE0, 0x68, 0x66, 0xB8, 0xE0, 0x68, 0x66, 0xE8,
    0xE3, 0xBB, 0xEB, 0x27, 0xE5, 0xBB, 0xEB, 0x87, 0xBE, 0xBB, 0xEB, 0x8A, 0xBB, 0xBB, 0xEB, 0x2A,
    0xBB, 0xBB, 0xAE, 0x81, 0xBE, 0xBB, 0x7E, 0x81, 0xBE, 0xBB, 0xAE, 0x18, 0x8B, 0xEB, 0xEB, 0xAA,
    0xE2, 0x13, 0x11, 0x32, 0x81, 0x2E, 0x21, 0x53, 0x81, 0x3E, 0x22, 0xEE, 0x28, 0xEA, 0xE5, 0xBB,
    0xA1, 0xEE, 0xBE, 0xBB, 0xA2, 0xBE, 0xBB, 0xBB, 0xEA, 0xBB, 0xBB, 0xBB, 0xBE, 0xBE, 0xBB, 0x88,
    0xEE, 0xEE, 0x23, 0x21, 0xBB, 0xEB, 0x35, 0x22, 0xBB, 0xEE, 0xEE, 0xEE, 0xBB, 0x4E, 0xE9, 0xBE,
    0xEB, 0x24, 0x09, 0xE0, 0xEB, 0x24, 0x09, 0x00, 0xE8, 0x24, 0x94, 0x00, 0x2E, 0x24, 0x94, 0x00,
    0xE0, 0x68, 0x66, 0xE8, 0xBE, 0x66, 0x66, 0xEB, 0x8E, 0x68, 0x86, 0x0E, 0x8E, 0x88, 0xB8, 0x0E,
    0x8E, 0xBB, 0xBB, 0x0E, 0x8E, 0x66, 0xEB, 0x00, 0xBE, 0x66, 0xE8, 0x00, 0xBE, 0x66, 0xE6, 0x00,
    0x8B, 0xBB, 0xBE, 0xEE, 0x88, 0xBB, 0xEB, 0xBB, 0x8E, 0xBB, 0xBB, 0xEE, 0xBE, 0xBB, 0xBB, 0xBB,
    0xBE, 0xBB, 0x88, 0x33, 0xBE, 0xBB, 0x68, 0x88, 0xBE, 0xBB, 0x68, 0x88, 0xBE, 0xBB, 0x68, 0x33,
    0xEB, 0xBB, 0xBB, 0x88, 0xBE, 0xBB, 0xBB, 0xE8, 0xBB, 0xBB, 0xBB, 0xE8, 0xBB, 0xBB, 0xBB, 0xE8,
    0x88, 0xBB, 0xBB, 0xE8, 0x86, 0xBB, 0xBB, 0xE8, 0x86, 0xBB, 0xBB, 0xBB, 0x86, 0xBB, 0xBB, 0xBB,
    0x4E, 0x29, 0x92, 0x00, 0x44, 0x49, 0x42, 0x09, 0x24, 0x94, 0x42, 0x09, 0x29, 0x22, 0x24, 0x09,
    0x49, 0x22, 0x24, 0x09, 0x44, 0x42, 0x92, 0x92, 0x9E, 0x92, 0x24, 0x99, 0x9E, 0x22, 0x59, 0x55,
    0xE0, 0x68, 0xE6, 0x00, 0xE0, 0x68, 0xE6, 0xE0, 0xE0, 0x68, 0xB8, 0x8E, 0xE0, 0x88, 0x58, 0x55,
    0x55, 0x55, 0x55, 0x55, 0x25, 0x22, 0x22, 0x22, 0x33, 0x23, 0x22, 0x22, 0x88, 0x88, 0x88, 0x88,
    0xBE, 0xBB, 0x68, 0x88, 0xB8, 0x8B, 0x66, 0x33, 0xBB, 0x8B, 0x55, 0x55, 0x55, 0x55, 0x15, 0x21,
    0x11, 0x11, 0x22, 0x22, 0x22, 0x22, 0x82, 0x88, 0x88, 0x88, 0x88, 0xEE, 0x68, 0xB6, 0xE3, 0xEB,
    0x86, 0xBB, 0xBB, 0x5B, 0x56, 0x55, 0x55, 0x55, 0x55, 0x25, 0x22, 0x22, 0x22, 0x22, 0x22, 0x83,
    0x22, 0x88, 0x88, 0x88, 0x88, 0x68, 0xB8, 0xBB, 0xB8, 0x66, 0xB8, 0xBB, 0xB3, 0x66, 0xB8, 0xBB,
    0x55, 0x55, 0x55, 0x22, 0x22, 0x22, 0x22, 0x33, 0x33, 0x33, 0x33, 0x88, 0x88, 0x88, 0x88, 0x00,
    0x88, 0x0E, 0x00, 0x00, 0x8B, 0xE8, 0x00, 0x00, 0xBB, 0xE8, 0x00, 0x00, 0xBB, 0x8B, 0x0E, 0x00,
    0x88, 0x68, 0x8B, 0xE6, 0xEE, 0x86, 0xEE, 0xE8, 0xEE, 0x88, 0xEE, 0xEB, 0xEB, 0x8B, 0xEE, 0x6E,
    0xEB, 0xEE, 0x8E, 0x66, 0xB8, 0xBB, 0x8B, 0x66, 0xB8, 0xBB, 0x8B, 0x66, 0xB8, 0xBB, 0x8B, 0x66,
    0x66, 0xB6, 0xE8, 0xEB, 0x66, 0x8B, 0xBE, 0xEB, 0x86, 0x8B, 0xBE, 0x8E, 0xB6, 0xE3, 0xBB, 0x3E,
    0xB6, 0xE8, 0xBB, 0x8E, 0xB8, 0xE8, 0xBB, 0x8E, 0xB8, 0xE8, 0xBB, 0x8E, 0x3B, 0xBE, 0xBB, 0x3E,
    0xB8, 0x66, 0x86, 0xBB, 0xB8, 0x66, 0x86, 0xBB, 0x8B, 0x66, 0x86, 0xBB, 0x8B, 0x66, 0x86, 0xBB,
    0x6B, 0x66, 0x86, 0xBB, 0x6B, 0x66, 0x86, 0xBB, 0x6B, 0x66, 0xB8, 0xBB, 0x8B, 0x66, 0xB8, 0xBB,
    0xBB, 0x8B, 0xEB, 0x00, 0xBB, 0xBB, 0xEB, 0x00, 0xBB, 0xBB, 0xBB, 0x0E, 0xBB, 0xBB, 0xB8, 0xEB,
    0xBB, 0xBB, 0x8B, 0xEB, 0xB8, 0xBB, 0x8B, 0xBB, 0x88, 0xBB, 0xBB, 0xB8, 0x68, 0xB8, 0xBB, 0x8B,
    0xB8, 0xBB, 0x68, 0x66, 0xBB, 0xBB, 0x68, 0x86, 0xBB, 0xBB, 0x68, 0x86, 0xBB, 0xBB, 0x68, 0xB6,
    0xBB, 0xBB, 0x68, 0xB6, 0xBB, 0xBB, 0x68, 0xB8, 0xBB, 0xBB, 0x68, 0xB8, 0xBB, 0xBB, 0x68, 0x8B,
    0x8B, 0xBE, 0xBB, 0x8E, 0x8B, 0xBE, 0xBB, 0x8E, 0x8B, 0xBE, 0xBB, 0x8E, 0xE3, 0xBB, 0xBB, 0x3E,
    0xE8, 0xBB, 0xBB, 0xEB, 0xE8, 0xBB, 0xBB, 0xEB, 0xE8, 0xBB, 0xBB, 0xEB, 0xBE, 0xBB, 0xBB, 0xEB,
    0x8B, 0x66, 0xB8, 0xBB, 0x8B, 0x66, 0xB8, 0xBB, 0x8B, 0x66, 0xB8, 0xBB, 0x8B, 0x66, 0x86, 0xBB,
    0xB8, 0x66, 0x86, 0xBB, 0xB8, 0x66, 0x66, 0xB8, 0xB8, 0x68, 0x66, 0xB8, 0xB8, 0x68, 0x66, 0x86,
    0x8B, 0x86, 0xBB, 0x8B, 0x8B, 0x66, 0xB8, 0x8B, 0x8B, 0x66, 0x86, 0xBB, 0x8B, 0x66, 0x66, 0xB8,
    0xBB, 0x68, 0x66, 0x86, 0xBB, 0x68, 0x66, 0x66, 0xBB, 0x8B, 0x66, 0x66, 0xBB, 0x8B, 0x66, 0x66,
    0xBB, 0x8B, 0x66, 0x8B, 0xBB, 0x8B, 0x86, 0x3B, 0xBB, 0x8B, 0x86, 0x8B, 0xBB, 0x8B, 0xB6, 0xE8,
    0xBB, 0xEB, 0xEE, 0xEE, 0xEE, 0x0E, 0x00, 0x00, 0x0E, 0x00, 0x00, 0x00, 0x00, 0x00, 0x00, 0x00,
    0xBE, 0xBB, 0xBB, 0xEB, 0xBE, 0xBB, 0xBB, 0xEB, 0xBE, 0xBB, 0xBB, 0xEB, 0xEE, 0xEE, 0xEE, 0xBB,
    0x00, 0x00, 0x00, 0xEE, 0x00, 0x00, 0x00, 0x00, 0x00, 0x00, 0x00, 0x00, 0x00, 0x00, 0x00, 0x00,
    0xB3, 0x68, 0x66, 0x66, 0xB8, 0x6B, 0x66, 0x66, 0x8E, 0xB8, 0x66, 0x66, 0xEB, 0x8E, 0x6B, 0x66,
    0xEE, 0xEE, 0xEE, 0xEE, 0x00, 0x00, 0x00, 0x00, 0x00, 0x00, 0x00, 0x00, 0x00, 0x00, 0x00, 0x00,
    0xB8, 0xBB, 0x68, 0x66, 0x86, 0xBB, 0x68, 0x66, 0x86, 0xBB, 0x8B, 0x66, 0x66, 0xB8, 0x8B, 0x66,
    0xEE, 0xBE, 0xBB, 0x68, 0x00, 0xE0, 0xEE, 0xEE, 0x00, 0xE0, 0x88, 0xBB, 0x00, 0x8E, 0x88, 0xBB,
    0x32, 0xBE, 0x0E, 0x00, 0xE5, 0x88, 0xEB, 0x0E, 0x8E, 0x66, 0x86, 0xEB, 0x8B, 0x66, 0x66, 0x86,
    0xEE, 0x8B, 0x68, 0x66, 0x00, 0xEE, 0xBB, 0x8B, 0x00, 0x00, 0xEE, 0xBB, 0x00, 0x00, 0x00, 0xEE,
    0x00, 0x00, 0x00, 0x00, 0x00, 0x00, 0x00, 0x00, 0x0E, 0x00, 0x00, 0x00, 0xEB, 0x00, 0x00, 0x00,
    0x86, 0x0E, 0x00, 0x00, 0x66, 0xE8, 0x00, 0x00, 0x8B, 0xB8, 0x0E, 0x00, 0x88, 0x88, 0x0E, 0x00,
    0x00, 0x00, 0x00, 0x00, 0x00, 0x00, 0x00, 0x00, 0x00, 0x00, 0x00, 0x00, 0x00, 0x00, 0x00, 0x70,
    0x00, 0x00, 0x00, 0x7A, 0x00, 0x00, 0x00, 0x1A, 0x00, 0x00, 0x55, 0xAA, 0x55, 0x55, 0x22, 0xA5,
    0xBE, 0x96, 0x99, 0x00, 0xE0, 0x39, 0x51, 0x09, 0x00, 0x59, 0x99, 0x99, 0x07, 0x90, 0x8B, 0xB8,
    0x07, 0xE0, 0x6B, 0x86, 0xAA, 0xE0, 0x88, 0x86, 0xA1, 0xEF, 0xB8, 0x68, 0xA1, 0xD2, 0xEE, 0xEE,
    0x00, 0x00, 0x00, 0x00, 0x00, 0x00, 0x00, 0x00, 0x00, 0x00, 0x00, 0x00, 0x00, 0x00, 0x00, 0x00,
    0x00, 0x00, 0x00, 0x00, 0x00, 0x00, 0x00, 0x00, 0x00, 0x00, 0x00, 0x00, 0x00, 0x55, 0x55, 0x55,
    0x00, 0x00, 0x00, 0x00, 0x00, 0x00, 0x00, 0x00, 0x00, 0x00, 0x00, 0x00, 0x00, 0x00, 0x00, 0x00,
    0x00, 0x00, 0x00, 0x00, 0x00, 0x00, 0x00, 0x00, 0x00, 0x00, 0x00, 0x55, 0x55, 0x55, 0x55, 0x25,
    0x55, 0x15, 0x21, 0x22, 0x22, 0x21, 0x22, 0x32, 0x22, 0x82, 0x88, 0x88, 0x88, 0x88, 0x00, 0x00,
    0x00, 0x00, 0x00, 0x00, 0x00, 0x00, 0x00, 0x00, 0x00, 0x00, 0x00, 0x00, 0x00, 0x00, 0x00, 0x00,
    0x22, 0x33, 0x33, 0x33, 0x33, 0x53, 0x55, 0x88, 0x88, 0x88, 0x88, 0x00, 0x00, 0x00, 0x00, 0x00,
    0x00, 0x00, 0x00, 0x00, 0x00, 0x00, 0x00, 0x00, 0x00, 0x00, 0x00, 0x00, 0x00, 0x00, 0x00, 0x00,
    0x00, 0x00, 0x00, 0x00, 0x00, 0x00, 0x00, 0x00, 0x00, 0x00, 0x00, 0x00, 0x00, 0x00, 0x00, 0x00,
    0x00, 0x00, 0x00, 0x00, 0x00, 0x50, 0x55, 0x55, 0x55, 0x25, 0x22, 0x22, 0x22, 0x32, 0x33, 0x33,
    0x33, 0x83, 0x88, 0x88, 0x88, 0x88, 0x00, 0x00, 0x00, 0x00, 0x00, 0x00, 0x00, 0x00, 0x00, 0xE0,
    0x00, 0x00, 0x00, 0xE0, 0x00, 0x00, 0x00, 0xE0, 0x00, 0x00, 0x00, 0xBE, 0x00, 0x00, 0x00, 0x8E,
    0x00, 0x00, 0xE0, 0x8B, 0x00, 0x00, 0xE0, 0x88, 0x00, 0x00, 0xE0, 0xB8, 0x00, 0x00, 0xBE, 0xB8,
    0x00, 0x00, 0x8E, 0xB8, 0x00, 0x00, 0x8E, 0xB8, 0x00, 0x00, 0x8E, 0xBB, 0x00, 0xE0, 0x8B, 0xBB,
    0x00, 0xE0, 0x88, 0xBB, 0x00, 0xE0, 0x88, 0xBB, 0x00, 0xE0, 0xB8, 0xBB, 0x00, 0x8E, 0xB8, 0xBB,
    0x00, 0x8E, 0xB8, 0xBB, 0x00, 0xEE, 0xEE, 0xEE, 0x00, 0x8E, 0xBB, 0xBB, 0x00, 0x8E, 0xBB, 0xEB,
    0x22, 0x22, 0x33, 0xA5, 0x33, 0x83, 0x88, 0xA8, 0x88, 0x08, 0x00, 0xA0, 0x00, 0x00, 0x00, 0x00,
    0x00, 0x00, 0x00, 0x00, 0x00, 0x00, 0x00, 0x00, 0x00, 0x00, 0x00, 0x00, 0x00, 0x00, 0x00, 0x00,
    0x00, 0x00, 0x00, 0x00, 0x00, 0x00, 0x00, 0x00, 0x00, 0x00, 0x00, 0x00, 0x00, 0x00, 0x00, 0x00,
    0x00, 0x00, 0x00, 0x00, 0x0E, 0x00, 0x00, 0x00, 0xEB, 0x00, 0x00, 0x00, 0xEB, 0x00, 0x00, 0x00,
    0xB8, 0x0E, 0x00, 0x00, 0x88, 0xEB, 0x00, 0x00, 0x88, 0xEB, 0x00, 0x00, 0x8B, 0xB8, 0x0E, 0x00,
    0xBB, 0x88, 0xEB, 0x00, 0xB8, 0x88, 0xE8, 0x00, 0xB8, 0x8B, 0xB8, 0xEE, 0x86, 0x8B, 0x88, 0xB8,
    0x86, 0x8B, 0x88, 0xEE, 0x66, 0x88, 0xEE, 0x00, 0x66, 0xE8, 0x00, 0x00, 0x66, 0x0E, 0x00, 0x00,
    0xE6, 0x00, 0x00, 0x00, 0x0E, 0x00, 0x00, 0x00, 0x0E, 0x00, 0x00, 0x00, 0x0E, 0x00, 0x00, 0x00,
    0x00, 0x00, 0x00, 0x00, 0x00, 0x00, 0x00, 0x00, 0x00, 0x00, 0xFF, 0xFF, 0x0E, 0xF0, 0xDD, 0xD2,
    0xFE, 0xDF, 0xFF, 0xFF, 0xEB, 0x2D, 0x0F, 0x00, 0xE6, 0xFF, 0x00, 0x00, 0xB8, 0x0E, 0x00, 0x00,
    0x00, 0x00, 0x00, 0x00, 0x00, 0x00, 0x00, 0x00, 0x0F, 0x00, 0x00, 0x00, 0x0F, 0x00, 0x00, 0x00,
    0x0F, 0x00, 0x00, 0x00, 0x00, 0x00, 0x00, 0x00, 0x00, 0x00, 0x00, 0x00, 0x00, 0x00, 0x00, 0x00,
    0xA7, 0xFF, 0x0E, 0xE0, 0xAA, 0x0A, 0x00, 0x00, 0xA7, 0x00, 0x00, 0x00, 0xAA, 0x00, 0x00, 0x00,
    0xA0, 0x00, 0x00, 0x00, 0x00, 0x00, 0x00, 0x00, 0x00, 0x00, 0x00, 0x00, 0x00, 0x00, 0x00, 0x00,
    0xE8, 0x00, 0x00, 0x00, 0x0E, 0x00, 0x00, 0x00, 0x00, 0x00, 0x00, 0x00, 0x00, 0x00, 0x00, 0x00,
    0x00, 0x00, 0x00, 0x00, 0x00, 0x00, 0x00, 0x00, 0x00, 0x00, 0x00, 0x00, 0x00, 0x00, 0x00, 0x00,
    0x50, 0x55, 0x55, 0x55, 0x55, 0x22, 0x22, 0x22, 0x88, 0x58, 0x33, 0x33, 0x00, 0x80, 0x88, 0x88,
    0x00, 0x00, 0x00, 0x00, 0x00, 0x00, 0x00, 0x00, 0x00, 0x00, 0x00, 0x00, 0x00, 0x00, 0x00, 0x00,
    0x00, 0x50, 0x55, 0x55, 0x55, 0x35, 0x23, 0x22, 0x33, 0x33, 0x33, 0x23, 0x88, 0x88, 0x88, 0x88,
    0x00, 0x00, 0x00, 0x00, 0x00, 0x00, 0x00, 0x00, 0x00, 0x00, 0x00, 0x00, 0x00, 0x00, 0x00, 0x00,
    0x00, 0x00, 0x00, 0x00, 0x00, 0x00, 0xEE, 0xEE, 0x00, 0xE0, 0xBB, 0x88, 0x00, 0xE0, 0xBE, 0xBB,
    0x00, 0x00, 0xE0, 0xEE, 0x00, 0x00, 0x00, 0x00, 0x00, 0x00, 0x00, 0x00, 0x00, 0x00, 0x00, 0x00,
    0xEE, 0x8E, 0xBB, 0xEB, 0x88, 0x88, 0xB8, 0xEB, 0x88, 0x88, 0xB8, 0xEB, 0xBB, 0xBB, 0xBB, 0xEB,
    0xEE, 0xEE, 0xEE, 0x0E, 0x00, 0x00, 0x00, 0x00, 0x00, 0x00, 0x00, 0x00, 0x00, 0x00, 0x00, 0x00,
    0x00, 0x8E, 0x88, 0xBB, 0xE0, 0x6B, 0x88, 0xBB, 0xE0, 0x6B, 0xB6, 0xEB, 0xE0, 0x8B, 0xB8, 0xEB,
    0xE0, 0xBB, 0xBB, 0xEB, 0x00, 0xEE, 0xEE, 0x0E, 0x00, 0x00, 0x00, 0x00, 0x00, 0x00, 0x00, 0x00,
    0x0E, 0x00, 0x00, 0x00, 0x0E, 0x00, 0x00, 0x00, 0x00, 0x00, 0x00, 0x00, 0x00, 0x00, 0x00, 0x00,
    0x00, 0x00, 0x00, 0x00, 0x00, 0x00, 0x00, 0x00, 0x00, 0x00, 0x00, 0x00, 0x00, 0x00, 0x00, 0x00,
    0x00, 0x00, 0x00, 0x00, 0x00, 0x00, 0x00, 0x00, 0x00, 0x00, 0x00, 0x00, 0x00, 0x00, 0x00, 0x00,
    0x00, 0x00, 0x00, 0x00, 0x0E, 0x00, 0x00, 0x00, 0xE2, 0x0E, 0x00, 0x00, 0x22, 0xEE, 0x00, 0x00,
    0x00, 0x00, 0x00, 0x00, 0x00, 0x00, 0x00, 0x00, 0x00, 0x00, 0x00, 0xE0, 0x00, 0x00, 0x00, 0x00,
    0x00, 0x00, 0x00, 0x00, 0x00, 0x00, 0x00, 0x00, 0x00, 0x00, 0x00, 0x00, 0x00, 0x00, 0x00, 0x00,
    0x00, 0x00, 0x00, 0x00, 0x00, 0x00, 0x00, 0x00, 0x00, 0x00, 0x00, 0x00, 0x00, 0x00, 0x00, 0x00,
    0x00, 0x00, 0x00, 0x00, 0x00, 0x00, 0x00, 0x00, 0x00, 0x00, 0x00, 0x00, 0xEE, 0x00, 0x00, 0x00,
};
static const u16 sFrame14[] = {
    0x000D, 0x80BA, 0xC1F1, 0x0000, 0x00CA, 0x4011, 0x0020, 0x00DA, 0x41D9, 0x0024, 0x80DA, 0x41E9,
    0x0028, 0x80DA, 0x4011, 0x002C, 0x40D2, 0x0021, 0x0030, 0x40DA, 0x0019, 0x0032, 0x40E2, 0x01C9,
    0x0034, 0x40FA, 0x01E1, 0x0036, 0x40FA, 0x0009, 0x0038, 0x00C2, 0x0011, 0x003A, 0x00CA, 0x01E9,
    0x003B, 0x00EA, 0x0019, 0x003C, 0x0000,
};
static const void* const sFrames14[] = { sFrame14 };
static const u8 sTiles15[1056] __attribute__((aligned(4))) = {
    0x00, 0x00, 0x00, 0x00, 0x00, 0x00, 0x00, 0x00, 0x00, 0x00, 0x00, 0x00, 0x00, 0x00, 0x00, 0x00,
    0x00, 0x00, 0x00, 0x00, 0x00, 0x00, 0x00, 0x00, 0x00, 0x00, 0x00, 0x00, 0x00, 0x00, 0x00, 0x90,
    0x00, 0x00, 0x00, 0x00, 0x00, 0x00, 0xEE, 0xEE, 0x00, 0xE0, 0x53, 0xBE, 0x00, 0x3E, 0x32, 0x8E,
    0x00, 0x2E, 0x22, 0xBE, 0xE0, 0x13, 0x25, 0xE3, 0xE0, 0x32, 0x22, 0xE3, 0x59, 0x12, 0x21, 0xE3,
    0x00, 0xEE, 0xEE, 0x8B, 0xEE, 0xBB, 0x88, 0x88, 0x8B, 0x68, 0x66, 0x66, 0x66, 0x66, 0x66, 0x86,
    0x68, 0x66, 0x86, 0x88, 0x68, 0x86, 0xB8, 0xEE, 0x8B, 0xEB, 0xEE, 0x88, 0xEE, 0x8E, 0x88, 0x88,
    0x68, 0xB8, 0xEE, 0x3E, 0x8B, 0x66, 0x88, 0xEB, 0xBB, 0x66, 0x66, 0x88, 0xBB, 0x88, 0x86, 0x68,
    0xEB, 0xEE, 0x88, 0x66, 0x8E, 0xB8, 0xEE, 0x8B, 0x88, 0x88, 0x88, 0xEE, 0x88, 0x88, 0x88, 0x88,
    0x00, 0x00, 0x90, 0x29, 0x00, 0x90, 0x29, 0x12, 0x00, 0x29, 0x99, 0x11, 0x90, 0x92, 0x22, 0x39,
    0x29, 0x29, 0x91, 0x32, 0x29, 0x13, 0x19, 0x31, 0x39, 0x93, 0x12, 0x93, 0x39, 0x32, 0x29, 0x93,
    0x12, 0xEE, 0x31, 0x5E, 0x22, 0x35, 0xEE, 0xE3, 0x23, 0xE9, 0x21, 0xE2, 0x99, 0x52, 0xEE, 0x7E,
    0xEE, 0x12, 0x22, 0x8A, 0xE1, 0x11, 0x11, 0x1A, 0x11, 0x1E, 0x21, 0x77, 0x12, 0x12, 0x71, 0xEE,
    0xBB, 0xBB, 0xBB, 0xBB, 0xBB, 0xBB, 0xBB, 0x8B, 0xBE, 0xBB, 0xBB, 0xBB, 0xEA, 0xBE, 0xEB, 0xBB,
    0x72, 0xEA, 0xBE, 0xBE, 0x28, 0x78, 0xEA, 0xEB, 0x77, 0xA7, 0xAA, 0xEE, 0xEE, 0xEE, 0xEE, 0x66,
    0xBB, 0xBB, 0xBB, 0xBB, 0x88, 0x88, 0xBB, 0xBB, 0x88, 0x88, 0x88, 0x88, 0x8B, 0x66, 0x66, 0x66,
    0x8B, 0x83, 0x88, 0x66, 0x8B, 0x83, 0x88, 0x38, 0xEE, 0xEE, 0x66, 0x38, 0x8B, 0x66, 0xEE, 0x66,
    0x09, 0x00, 0x00, 0x00, 0xEE, 0x00, 0x00, 0x00, 0xB8, 0xEE, 0x00, 0x00, 0x66, 0x98, 0x99, 0x00,
    0x66, 0x96, 0x93, 0xEE, 0x68, 0x96, 0x91, 0xB8, 0xBE, 0x98, 0x95, 0x88, 0xE8, 0x9E, 0xB9, 0xB8,
    0x00, 0x00, 0x00, 0x00, 0x00, 0x00, 0x00, 0x00, 0x00, 0x00, 0x00, 0x00, 0x00, 0x00, 0x00, 0x00,
    0x00, 0x00, 0x00, 0x00, 0xEE, 0x0E, 0x00, 0x00, 0x88, 0xEB, 0xEE, 0xEE, 0xBB, 0x66, 0xEB, 0xBB,
    0x00, 0x00, 0x00, 0x00, 0x00, 0x00, 0x00, 0x00, 0x00, 0x00, 0x00, 0x00, 0x00, 0x00, 0x00, 0xE0,
    0x00, 0x00, 0xEE, 0xBE, 0xEE, 0xEE, 0x88, 0x88, 0x8B, 0x88, 0x88, 0x88, 0xBB, 0xBB, 0xBB, 0x8B,
    0x00, 0x00, 0x00, 0x00, 0x00, 0x00, 0x00, 0x00, 0x00, 0xE0, 0x0E, 0x00, 0xEE, 0xBE, 0xE8, 0x00,
    0x8B, 0x88, 0xE8, 0x00, 0x88, 0x88, 0x88, 0x0E, 0xBB, 0xBB, 0xBB, 0x0E, 0x88, 0x88, 0x88, 0x0E,
    0xBB, 0xBB, 0x6E, 0x86, 0xBB, 0xBB, 0xEB, 0xE6, 0x88, 0xBB, 0xEB, 0xEB, 0x66, 0x88, 0xEB, 0xEB,
    0x66, 0x66, 0x88, 0x6E, 0x68, 0x66, 0x66, 0xE6, 0x88, 0x66, 0x66, 0x66, 0x88, 0x38, 0x68, 0xB6,
    0xB8, 0xBB, 0x88, 0xBE, 0xEE, 0x88, 0xEE, 0xBB, 0xBB, 0x6E, 0xBE, 0xBB, 0xBB, 0xEB, 0xBE, 0x88,
    0x8E, 0x88, 0x88, 0x66, 0x6E, 0x66, 0x66, 0x66, 0xBB, 0xBB, 0xBB, 0x88, 0x88, 0x83, 0x88, 0xBB,
    0x88, 0x88, 0x88, 0x68, 0xBB, 0xBB, 0x8B, 0x88, 0xBB, 0xBB, 0xBB, 0xBB, 0x88, 0x88, 0xB8, 0xBB,
    0x66, 0x66, 0x86, 0x88, 0x66, 0x66, 0x66, 0x66, 0x66, 0x66, 0x66, 0x66, 0x8B, 0x88, 0x68, 0x66,
    0x66, 0x66, 0x66, 0xE6, 0x88, 0x88, 0x88, 0xE8, 0xBB, 0xBB, 0xBB, 0xEB, 0xBB, 0xBB, 0x88, 0x88,
    0x88, 0x88, 0x66, 0xE6, 0x66, 0x66, 0x66, 0xE6, 0x66, 0x66, 0x66, 0xBE, 0x66, 0x88, 0x88, 0xEE,
    0x00, 0x00, 0x00, 0x00, 0x00, 0x00, 0x00, 0x00, 0x00, 0xE0, 0xEE, 0x00, 0xEE, 0xBE, 0xBB, 0x0E,
    0xBB, 0xBB, 0xB8, 0xEB, 0x8B, 0x88, 0x88, 0xEB, 0xBB, 0x68, 0x66, 0xB8, 0xEE, 0xEE, 0x6B, 0xB6,
    0x00, 0x00, 0x00, 0x00, 0x00, 0x00, 0x00, 0x00, 0x00, 0x00, 0x00, 0x00, 0x00, 0x00, 0x00, 0x00,
    0x00, 0x00, 0x00, 0x00, 0x00, 0x00, 0x00, 0x00, 0x0E, 0x00, 0x00, 0x00, 0x0E, 0x00, 0x00, 0x00,
    0x00, 0x00, 0xBE, 0x86, 0x0E, 0x00, 0xE0, 0x88, 0x0E, 0x00, 0x00, 0x8E, 0x0E, 0x00, 0x00, 0xE0,
    0xEB, 0x00, 0x00, 0x00, 0xEB, 0x00, 0x00, 0x00, 0xEB, 0x00, 0x00, 0x00, 0xEB, 0x00, 0x00, 0x00,
    0xEB, 0x00, 0x00, 0x00, 0xEB, 0x00, 0x00, 0x00, 0xEB, 0x00, 0x00, 0x00, 0xEB, 0x00, 0x00, 0x00,
    0x0E, 0x00, 0x00, 0x00, 0x00, 0x00, 0x00, 0x00, 0x00, 0x00, 0x00, 0x00, 0x00, 0x00, 0x00, 0x00,
    0xB8, 0xBB, 0xBB, 0xBB, 0x8E, 0x83, 0x38, 0x88, 0xEB, 0xEE, 0xEE, 0xEE, 0xEE, 0xBE, 0xEE, 0xEE,
    0x83, 0xE8, 0xEE, 0xEE, 0xBB, 0x3B, 0x88, 0x83, 0x86, 0xB8, 0xBB, 0xBB, 0xEE, 0xEE, 0x6E, 0x88,
    0xBB, 0xBB, 0xEB, 0xEB, 0x83, 0x88, 0xEE, 0xBB, 0xEE, 0xEE, 0x8B, 0xB8, 0x00, 0x00, 0xBE, 0xB8,
    0x00, 0x00, 0xE0, 0x88, 0xEE, 0x0E, 0x00, 0x8E, 0x88, 0x0E, 0x00, 0x8E, 0xEB, 0x00, 0x00, 0xE0,
    0x00, 0x00, 0xE0, 0xEE, 0x00, 0x00, 0x00, 0x00, 0x00, 0x00, 0x00, 0x00, 0x00, 0x00, 0x00, 0x00,
    0x00, 0x00, 0x00, 0x00, 0x00, 0x00, 0x00, 0x00, 0x00, 0x00, 0x00, 0x00, 0x00, 0x00, 0x00, 0x00,
    0xEE, 0x00, 0x00, 0xE0, 0x00, 0x00, 0x00, 0x00, 0x00, 0x00, 0x00, 0x00, 0x00, 0x00, 0x00, 0x00,
    0x00, 0x00, 0x00, 0x00, 0x00, 0x00, 0x00, 0x00, 0x00, 0x00, 0x00, 0x00, 0x00, 0x00, 0x00, 0x00,
    0x90, 0x21, 0x93, 0x29, 0x90, 0x12, 0x21, 0x92, 0x00, 0x29, 0x12, 0x91, 0x00, 0x90, 0x29, 0x92,
    0x00, 0x00, 0x30, 0x23, 0x00, 0x00, 0x00, 0x90, 0x00, 0x00, 0x00, 0x00, 0x00, 0x00, 0x00, 0x00,
    0x22, 0x11, 0x72, 0x00, 0x12, 0xAE, 0x0A, 0x00, 0xA1, 0x9A, 0x09, 0x00, 0x27, 0x22, 0x92, 0x00,
    0x11, 0x93, 0x09, 0x00, 0x99, 0x00, 0x00, 0x00, 0x00, 0x00, 0x00, 0x00, 0x00, 0x00, 0x00, 0x00,
    0xE0, 0xEE, 0xBE, 0x8B, 0x00, 0x00, 0xE0, 0xEE, 0x00, 0x00, 0x00, 0x00, 0x00, 0x00, 0x00, 0x00,
    0x00, 0x00, 0x00, 0x00, 0x00, 0x00, 0x00, 0x00, 0x00, 0x00, 0x00, 0x00, 0x00, 0x00, 0x00, 0x00,
    0x88, 0x66, 0x86, 0xEE, 0xEE, 0x6B, 0x98, 0x93, 0x00, 0xEE, 0x9E, 0x95, 0x00, 0x00, 0x00, 0x99,
    0x00, 0x00, 0x00, 0x00, 0x00, 0x00, 0x00, 0x00, 0x00, 0x00, 0x00, 0x00, 0x00, 0x00, 0x00, 0x00,
    0x00, 0x00, 0x00, 0x00, 0x00, 0x00, 0x00, 0x00, 0x00, 0x00, 0x00, 0x00, 0x00, 0x00, 0x00, 0x00,
    0x00, 0x00, 0x00, 0x00, 0x00, 0x00, 0x00, 0x90, 0x00, 0x00, 0x00, 0x39, 0x00, 0x00, 0x90, 0xEE,
    0x00, 0x90, 0x00, 0x00, 0x00, 0x39, 0x00, 0x00, 0x00, 0x29, 0x99, 0x00, 0x90, 0x99, 0x92, 0x00,
    0x39, 0x39, 0x09, 0x00, 0x22, 0x33, 0x39, 0x99, 0x32, 0x22, 0x39, 0x39, 0xEE, 0xEE, 0x93, 0x99,
    0x66, 0x38, 0x88, 0x3B, 0xEE, 0x66, 0x88, 0x3B, 0x6B, 0xEE, 0x66, 0xB6, 0xBB, 0x88, 0xEE, 0x8E,
    0xEE, 0xEE, 0xE8, 0xEE, 0x00, 0x00, 0xEE, 0x00, 0x00, 0x00, 0x00, 0x00, 0x00, 0x00, 0x00, 0x00,
    0xEE, 0xEE, 0xEE, 0x83, 0xBE, 0xBB, 0xBB, 0xEE, 0xE8, 0xEE, 0xEE, 0xBB, 0x8B, 0x83, 0x38, 0xEE,
    0xBE, 0xBB, 0xBB, 0x88, 0xE0, 0xEE, 0x88, 0xBB, 0x00, 0x00, 0xEE, 0x6E, 0x00, 0x00, 0x00, 0xE0,
    0xEB, 0x00, 0x00, 0x00, 0x0E, 0x00, 0x00, 0x00, 0x00, 0x00, 0x00, 0x00, 0x00, 0x00, 0x00, 0x00,
    0x00, 0x00, 0x00, 0x00, 0x00, 0x00, 0x00, 0x00, 0x00, 0x00, 0x00, 0x00, 0x00, 0x00, 0x00, 0x00,
};
static const u16 sFrame15[] = {
    0x0008, 0x40E7, 0x81D2, 0x0000, 0x40E7, 0x81F2, 0x0008, 0x00EF, 0x4012, 0x0010, 0x00F7, 0x4002,
    0x0014, 0x40F7, 0x41D2, 0x0018, 0x40DF, 0x01E2, 0x001C, 0x40F7, 0x01F2, 0x001E, 0x00FF, 0x0012,
    0x0020, 0x0000,
};
static const void* const sFrames15[] = { sFrame15 };
static const u8 sTiles16[1504] __attribute__((aligned(4))) = {
    0x00, 0x00, 0x00, 0x00, 0x00, 0x00, 0x00, 0x00, 0x00, 0x00, 0x00, 0x00, 0x00, 0x00, 0x00, 0x00,
    0x00, 0x00, 0x00, 0xE0, 0x00, 0x00, 0x00, 0xE0, 0x00, 0x00, 0x00, 0xE0, 0x00, 0x00, 0x00, 0xEA,
    0x00, 0x00, 0x90, 0x99, 0x00, 0x90, 0xA7, 0x33, 0xE0, 0xAE, 0xA7, 0x21, 0x6E, 0xE5, 0x77, 0xE1,
    0x8E, 0x66, 0xEE, 0x6E, 0x58, 0x86, 0x8E, 0x65, 0x66, 0xE6, 0x58, 0x68, 0xEE, 0x86, 0x88, 0x88,
    0x99, 0x00, 0x00, 0x00, 0x21, 0x09, 0x00, 0x00, 0x19, 0x91, 0x00, 0x00, 0xEE, 0x9E, 0x00, 0x00,
    0x56, 0xE5, 0x0E, 0x00, 0x88, 0x85, 0xE6, 0xEE, 0x88, 0x85, 0x86, 0x85, 0x58, 0x68, 0x88, 0x85,
    0x00, 0x00, 0x00, 0x00, 0x00, 0x00, 0x00, 0x00, 0x00, 0x00, 0x00, 0x00, 0x00, 0x00, 0x00, 0x00,
    0xEE, 0x00, 0x00, 0x00, 0x86, 0x0E, 0x00, 0x00, 0x86, 0x0E, 0x00, 0x00, 0x86, 0x0E, 0x00, 0x00,
    0x00, 0x00, 0x00, 0x70, 0x00, 0x00, 0x00, 0x70, 0x00, 0x00, 0x00, 0x3E, 0x00, 0x00, 0x00, 0x25,
    0x00, 0x00, 0xE0, 0x13, 0x00, 0x00, 0xE0, 0xE2, 0x00, 0x00, 0x50, 0xE1, 0x00, 0x00, 0x3E, 0x51,
    0xE7, 0xE9, 0xE5, 0xEE, 0x33, 0x19, 0x6E, 0x21, 0x1A, 0x17, 0x11, 0x11, 0xAE, 0x2A, 0x11, 0x21,
    0x05, 0xA0, 0x12, 0x22, 0xE0, 0xEE, 0x7A, 0xAA, 0x11, 0x23, 0x7E, 0x22, 0x33, 0x21, 0xE5, 0x11,
    0x5E, 0x68, 0x58, 0x68, 0xE2, 0xEE, 0x5E, 0x68, 0xA2, 0x3E, 0xE2, 0x88, 0xE7, 0x15, 0xE2, 0x88,
    0xEA, 0x12, 0x81, 0x58, 0xEA, 0x22, 0xE3, 0x65, 0xE2, 0xEE, 0x6E, 0x88, 0xE2, 0xBB, 0xEB, 0xE8,
    0x66, 0x0E, 0x00, 0x00, 0xE8, 0x00, 0x00, 0x00, 0xE8, 0x00, 0x00, 0x00, 0xE8, 0x00, 0x00, 0x00,
    0x0E, 0x00, 0x00, 0x00, 0x0E, 0x00, 0x00, 0x00, 0x0E, 0x00, 0x00, 0x00, 0x00, 0x00, 0x00, 0x00,
    0x00, 0x00, 0x25, 0xEE, 0x00, 0xE0, 0x13, 0xE5, 0x00, 0xE0, 0xE2, 0x32, 0x00, 0x50, 0xE1, 0xE3,
    0x00, 0x3E, 0x51, 0xEE, 0x00, 0x2E, 0x5E, 0x65, 0x00, 0x15, 0x6E, 0x66, 0xE0, 0x13, 0x85, 0xE8,
    0x12, 0x25, 0xE3, 0x18, 0x23, 0x32, 0x5E, 0x1E, 0x3E, 0xEE, 0x11, 0xE2, 0xEE, 0x2E, 0x21, 0xE3,
    0x66, 0xE6, 0x35, 0xE5, 0xBE, 0x66, 0xEE, 0xEE, 0xEE, 0x6B, 0x66, 0x36, 0xE0, 0x6B, 0x66, 0x66,
    0xE8, 0x8B, 0xB8, 0xEE, 0x26, 0x8E, 0x88, 0x0E, 0x72, 0x8E, 0x88, 0x0E, 0xEE, 0xBB, 0x8B, 0x0E,
    0xBB, 0xBB, 0x8B, 0x0E, 0xBB, 0xBB, 0x88, 0x9E, 0x61, 0xBB, 0x88, 0x9E, 0x66, 0xBB, 0xE8, 0x23,
    0x00, 0x00, 0x00, 0x00, 0x00, 0x00, 0x00, 0x00, 0x00, 0x00, 0x00, 0x00, 0x00, 0x00, 0x00, 0x00,
    0x00, 0x00, 0x00, 0x00, 0x00, 0x00, 0x00, 0x00, 0x00, 0x00, 0x00, 0x00, 0x09, 0x00, 0x00, 0x00,
    0x50, 0xE2, 0x88, 0xEE, 0x3E, 0x51, 0x66, 0x0E, 0x2E, 0x6E, 0x66, 0x0E, 0x15, 0x5E, 0xE6, 0x00,
    0x13, 0x85, 0xE8, 0x00, 0xE2, 0x68, 0x0E, 0x00, 0xE1, 0x55, 0x0E, 0x00, 0x51, 0xE5, 0x00, 0x00,
    0x00, 0xBE, 0x66, 0x66, 0x00, 0xBE, 0x66, 0x16, 0x00, 0x6E, 0x66, 0x66, 0x00, 0x6E, 0x66, 0x66,
    0xE0, 0x8B, 0x66, 0x56, 0xE0, 0x8B, 0x66, 0x66, 0xE0, 0x8B, 0x66, 0xE6, 0x8E, 0x68, 0x66, 0xE8,
    0x66, 0x8B, 0xE8, 0x23, 0x63, 0xB8, 0xE8, 0x23, 0x66, 0xB8, 0xE8, 0x13, 0x66, 0x88, 0xEB, 0x12,
    0x1E, 0x86, 0x8B, 0x2E, 0x6E, 0x86, 0xBB, 0x2E, 0x6E, 0x86, 0xB8, 0xEB, 0x8E, 0x66, 0xB8, 0xEB,
    0x09, 0x00, 0x00, 0x00, 0x09, 0x00, 0x00, 0x00, 0x93, 0x00, 0x00, 0x00, 0x93, 0x00, 0x00, 0x00,
    0x93, 0x00, 0x00, 0x00, 0x93, 0x00, 0x00, 0x00, 0x32, 0x09, 0x00, 0x00, 0x29, 0x09, 0x00, 0x00,
    0x6E, 0xEE, 0x00, 0x00, 0x6E, 0x0E, 0x00, 0x00, 0x85, 0x0E, 0x00, 0xE0, 0xE8, 0x00, 0x00, 0xE0,
    0x0E, 0x00, 0x00, 0xE0, 0x0E, 0x00, 0x00, 0xBE, 0x00, 0x00, 0x00, 0xBE, 0x00, 0x00, 0xE0, 0x8B,
    0x8E, 0x66, 0x66, 0xE8, 0x8E, 0x66, 0x86, 0xE1, 0x8B, 0x66, 0x88, 0xBE, 0x8B, 0x66, 0x88, 0xBE,
    0x8B, 0x66, 0x88, 0xBE, 0x68, 0x86, 0x38, 0xBE, 0x68, 0x86, 0x88, 0xBE, 0x66, 0x86, 0x88, 0xBE,
    0x3E, 0x68, 0x88, 0xBB, 0x8E, 0x88, 0x86, 0xBB, 0x8E, 0x88, 0x88, 0xB8, 0x8E, 0x88, 0x68, 0xB8,
    0x5E, 0x88, 0x68, 0x88, 0x8E, 0x88, 0x88, 0x86, 0x8E, 0x86, 0x88, 0x66, 0x8E, 0x86, 0x88, 0x68,
    0x3E, 0x93, 0x00, 0x00, 0xE8, 0x92, 0x00, 0x00, 0x8B, 0x3E, 0x09, 0x00, 0xBB, 0xE8, 0x09, 0x00,
    0xBB, 0x88, 0x0E, 0x00, 0x88, 0x8B, 0x0E, 0x00, 0x86, 0x88, 0xE8, 0x00, 0x66, 0x86, 0x88, 0xEE,
    0x00, 0x00, 0xE0, 0x8B, 0x00, 0x00, 0xBE, 0x68, 0x00, 0x00, 0xBE, 0x68, 0x00, 0xE0, 0x8B, 0x66,
    0x00, 0xE0, 0x8B, 0x66, 0x00, 0x8E, 0x68, 0x66, 0x00, 0x8E, 0x66, 0x86, 0xE0, 0x88, 0x66, 0x88,
    0x66, 0x88, 0xE6, 0xBB, 0x66, 0x88, 0xE8, 0xBB, 0x66, 0x88, 0xE1, 0xBB, 0x86, 0x68, 0xE8, 0xBB,
    0x86, 0x68, 0xE8, 0xBB, 0x88, 0x66, 0xE8, 0xBB, 0x88, 0x66, 0xE3, 0xBB, 0x68, 0x66, 0xBE, 0xBB,
    0x3E, 0x66, 0x88, 0x68, 0x8E, 0x66, 0x88, 0x68, 0x8E, 0x66, 0x88, 0x88, 0x8E, 0x66, 0x86, 0x88,
    0x5E, 0x66, 0x86, 0x88, 0xEB, 0x68, 0x66, 0x88, 0xEB, 0x68, 0x66, 0x86, 0xEB, 0x68, 0x66, 0x66,
    0x66, 0x66, 0x88, 0xE8, 0x66, 0x66, 0x86, 0x88, 0x66, 0x66, 0x66, 0x88, 0x66, 0x66, 0x66, 0x86,
    0x68, 0x66, 0x66, 0x88, 0x88, 0x66, 0x66, 0xB8, 0x88, 0x68, 0x86, 0xB8, 0x88, 0x88, 0x88, 0xBB,
    0xE0, 0x68, 0x86, 0x88, 0x8E, 0x66, 0x88, 0x68, 0xEE, 0x88, 0x88, 0x66, 0xBB, 0xBE, 0x88, 0x66,
    0x8B, 0xE8, 0xBB, 0x88, 0x88, 0xB8, 0xEE, 0xBB, 0x88, 0xBB, 0x0E, 0xEE, 0xB8, 0xEB, 0x00, 0x00,
    0x66, 0x66, 0xBE, 0xBB, 0x66, 0x56, 0xBE, 0xBB, 0x66, 0x66, 0xEE, 0xEE, 0x66, 0x86, 0x0E, 0x00,
    0x66, 0x56, 0x0E, 0x00, 0x88, 0xE8, 0x00, 0x00, 0xBB, 0xE8, 0x00, 0x00, 0xEE, 0xEB, 0x00, 0x00,
    0xEB, 0x63, 0x66, 0x66, 0xEB, 0x68, 0x66, 0x66, 0xEE, 0x68, 0x66, 0x86, 0xE0, 0x65, 0x66, 0x88,
    0xE0, 0x68, 0x88, 0xB8, 0xE0, 0x88, 0xB8, 0xEB, 0xE0, 0xB8, 0xEB, 0x0E, 0xE0, 0xE8, 0x0E, 0x00,
    0x86, 0x88, 0xB8, 0xEB, 0x86, 0x88, 0xE8, 0xBE, 0x88, 0xEB, 0x8E, 0xBB, 0xBB, 0xEE, 0x8B, 0xB8,
    0xEE, 0xE0, 0x8B, 0xB8, 0x00, 0xE0, 0x8B, 0x86, 0x00, 0xE0, 0xBB, 0x86, 0x00, 0x00, 0xBE, 0x86,
    0xBB, 0x0E, 0x00, 0x00, 0xBB, 0x0E, 0x00, 0x00, 0xEB, 0x00, 0x00, 0x00, 0x0E, 0x00, 0x00, 0x00,
    0x00, 0x00, 0x00, 0x00, 0x00, 0x00, 0x00, 0x00, 0x00, 0x00, 0x00, 0x00, 0x00, 0x00, 0x00, 0x00,
    0x00, 0xEE, 0x00, 0x00, 0x00, 0x00, 0x00, 0x00, 0x00, 0x00, 0x00, 0x00, 0x00, 0x00, 0x00, 0x00,
    0x00, 0x00, 0x00, 0x00, 0x00, 0x00, 0x00, 0x00, 0x00, 0x00, 0x00, 0x00, 0x00, 0x00, 0x00, 0x00,
    0xE0, 0x0E, 0x00, 0x00, 0x00, 0x00, 0x00, 0x00, 0x00, 0x00, 0x00, 0x00, 0x00, 0x00, 0x00, 0x00,
    0x00, 0x00, 0x00, 0x00, 0x00, 0x00, 0x00, 0x00, 0x00, 0x00, 0x00, 0x00, 0x00, 0x00, 0x00, 0x00,
    0x00, 0x00, 0xBE, 0x86, 0x00, 0x00, 0xBE, 0x88, 0x00, 0x00, 0xBE, 0xB8, 0x00, 0x00, 0xBE, 0xBB,
    0x00, 0x00, 0xE0, 0xBB, 0x00, 0x00, 0xE0, 0xBB, 0x00, 0x00, 0xE0, 0xBB, 0x00, 0x00, 0xBE, 0x8B,
    0x00, 0x00, 0x00, 0x00, 0x00, 0x00, 0x00, 0x00, 0x00, 0x00, 0x00, 0xE0, 0x00, 0x00, 0x00, 0x50,
    0x00, 0x00, 0x00, 0x3E, 0x00, 0x00, 0x00, 0x2E, 0x00, 0x00, 0x00, 0x15, 0x00, 0x00, 0xE0, 0x13,
    0x2E, 0x0E, 0x00, 0x00, 0x15, 0x0E, 0x00, 0x00, 0x13, 0x05, 0x00, 0x00, 0xE2, 0x00, 0x00, 0xE0,
    0x51, 0x00, 0x00, 0xE0, 0x0E, 0x00, 0x00, 0xBE, 0x0E, 0x00, 0xE0, 0x8B, 0x05, 0x00, 0xE0, 0x88,
    0x00, 0x00, 0xE0, 0xE2, 0x00, 0x00, 0x50, 0xE1, 0x00, 0x00, 0x3E, 0x51, 0x00, 0x00, 0x25, 0x0E,
    0x00, 0xE0, 0x13, 0x05, 0x00, 0xE0, 0xE2, 0x00, 0x00, 0x50, 0xE1, 0x00, 0x00, 0x3E, 0x51, 0xE0,
    0x00, 0x00, 0xBE, 0xB8, 0x00, 0xE0, 0x8B, 0xBB, 0x00, 0xE0, 0xBB, 0xBB, 0x00, 0xBE, 0xBB, 0x8B,
    0x00, 0xBE, 0xBB, 0xE8, 0xE0, 0x8B, 0x88, 0xE8, 0x8E, 0x88, 0xB8, 0x0E, 0x88, 0x86, 0xEB, 0x00,
    0x00, 0x00, 0x00, 0x00, 0x0E, 0x00, 0x00, 0x00, 0xE8, 0x00, 0x00, 0x00, 0xB8, 0x0E, 0x00, 0x00,
    0xBB, 0x0E, 0x00, 0x00, 0xEB, 0x00, 0x00, 0x00, 0xEB, 0x00, 0x00, 0x00, 0xEE, 0x00, 0x00, 0x00,
    0xEB, 0x00, 0x00, 0x00, 0xEB, 0x00, 0x00, 0x00, 0xEB, 0x00, 0x00, 0x00, 0xEB, 0x00, 0x00, 0x00,
    0xEB, 0x00, 0x00, 0x00, 0xEB, 0x00, 0x00, 0x00, 0xEB, 0x00, 0x00, 0x00, 0xEB, 0x00, 0x00, 0x00,
    0xEB, 0x00, 0x00, 0x00, 0xEB, 0x00, 0x00, 0x00, 0x0E, 0x00, 0x00, 0x00, 0x0E, 0x00, 0x00, 0x00,
    0x0E, 0x00, 0x00, 0x00, 0x0E, 0x00, 0x00, 0x00, 0xEB, 0x0E, 0x00, 0x00, 0x66, 0xEB, 0x0E, 0x00,
    0x88, 0x68, 0xE6, 0x0E, 0xBB, 0x88, 0x88, 0xE8, 0xEE, 0xEE, 0x8B, 0xEB, 0x00, 0x00, 0xEE, 0x0E,
    0x00, 0x00, 0x00, 0x00, 0x00, 0x00, 0x00, 0x00, 0x00, 0x00, 0x00, 0x00, 0x00, 0x00, 0x00, 0x00,
    0x00, 0x2E, 0x5E, 0xE0, 0x00, 0x15, 0x55, 0xBE, 0xE0, 0x13, 0x05, 0xEE, 0x50, 0xE2, 0x00, 0x00,
    0x3E, 0x51, 0x00, 0x00, 0x2E, 0x0E, 0x00, 0x00, 0x15, 0x0E, 0x00, 0x00, 0x15, 0x0E, 0x00, 0x00,
    0x66, 0x86, 0x0E, 0x00, 0x88, 0x88, 0x0E, 0x00, 0xBE, 0xEB, 0x00, 0x00, 0xE0, 0x0E, 0x00, 0x00,
    0x00, 0x00, 0x00, 0x00, 0x00, 0x00, 0x00, 0x00, 0x00, 0x00, 0x00, 0x00, 0x00, 0x00, 0x00, 0x00,
    0x00, 0x00, 0x00, 0x00, 0x00, 0x00, 0x00, 0x00, 0x00, 0x00, 0x00, 0x00, 0x00, 0x00, 0x00, 0xE0,
    0x00, 0x00, 0x00, 0xE0, 0x00, 0x00, 0x00, 0xE0, 0x00, 0x00, 0x00, 0x50, 0x00, 0x00, 0x00, 0x3E,
    0x00, 0x00, 0x00, 0x2E, 0x00, 0x00, 0xE0, 0x15, 0x00, 0x00, 0xE0, 0x13, 0x00, 0x00, 0x50, 0xE2,
    0x00, 0x00, 0x3E, 0x51, 0x00, 0x00, 0x2E, 0x5E, 0x00, 0xE0, 0x15, 0xEE, 0x00, 0xE0, 0x13, 0x05,
    0x00, 0xE0, 0xE2, 0x00, 0x00, 0x5E, 0xE1, 0x00, 0x00, 0x3E, 0x51, 0x00, 0x00, 0x25, 0x0E, 0x00,
    0xE0, 0x13, 0x05, 0x00, 0xE0, 0x13, 0x05, 0x00, 0x50, 0xE2, 0x00, 0x00, 0x3E, 0x51, 0x00, 0x00,
    0x00, 0x00, 0xBE, 0x8B, 0x00, 0x00, 0xE0, 0xBE, 0x00, 0x00, 0x00, 0xE0, 0x00, 0x00, 0x00, 0x00,
    0x00, 0x00, 0x00, 0x00, 0x00, 0x00, 0x00, 0x00, 0x00, 0x00, 0x00, 0x00, 0x00, 0x00, 0x00, 0x00,
    0x50, 0x05, 0x00, 0x00, 0x00, 0x05, 0x00, 0x00, 0x00, 0x00, 0x00, 0x00, 0x00, 0x00, 0x00, 0x00,
    0x00, 0x00, 0x00, 0x00, 0x00, 0x00, 0x00, 0x00, 0x00, 0x00, 0x00, 0x00, 0x00, 0x00, 0x00, 0x00,
};
static const u16 sFrame16[] = {
    0x0008, 0x80BD, 0xC1EF, 0x0000, 0x00ED, 0x41DF, 0x0020, 0x80E5, 0x400F, 0x0024, 0x40FD, 0x01DF,
    0x0028, 0x80D5, 0x01E7, 0x002A, 0x00E5, 0x01E7, 0x002C, 0x00FD, 0x0007, 0x002D, 0x0005, 0x01DF,
    0x002E, 0x0000,
};
static const void* const sFrames16[] = { sFrame16 };
static const u8 sTiles17[1696] __attribute__((aligned(4))) = {
    0x00, 0x00, 0x00, 0x00, 0x00, 0x00, 0x00, 0x00, 0x00, 0x00, 0x00, 0x00, 0x00, 0x00, 0x00, 0x00,
    0x00, 0x00, 0x00, 0x00, 0x00, 0x00, 0x00, 0x00, 0x00, 0x00, 0x00, 0x50, 0x00, 0x00, 0x00, 0xE0,
    0x00, 0x29, 0x2A, 0xE1, 0x00, 0x90, 0x1A, 0x62, 0x00, 0x90, 0x1A, 0x11, 0x00, 0x00, 0x2A, 0x11,
    0xE5, 0xEE, 0xA0, 0x12, 0x3E, 0x53, 0x0E, 0x77, 0x12, 0x32, 0xEE, 0x8A, 0x13, 0x31, 0xE5, 0x17,
    0x2E, 0x29, 0x13, 0x92, 0x21, 0x72, 0x23, 0x92, 0x11, 0xA2, 0x39, 0x22, 0x21, 0xA7, 0x39, 0x23,
    0x22, 0x9A, 0x39, 0xE5, 0xAA, 0xA7, 0xE5, 0xE3, 0x12, 0xA2, 0x1E, 0x1E, 0x18, 0x78, 0x2E, 0x3E,
    0x00, 0x00, 0x00, 0x00, 0x00, 0x00, 0x00, 0x00, 0x09, 0x00, 0x00, 0x00, 0xE5, 0x0E, 0x00, 0x00,
    0x22, 0xE3, 0x0E, 0x00, 0x31, 0x21, 0xE3, 0x00, 0x21, 0x25, 0x32, 0x0E, 0x22, 0x22, 0x53, 0x0E,
    0x00, 0x00, 0x00, 0xE0, 0x00, 0x00, 0x00, 0x25, 0x00, 0x00, 0x00, 0x3E, 0x00, 0x00, 0x00, 0xE0,
    0x00, 0x00, 0x00, 0x00, 0x00, 0x00, 0x00, 0x00, 0x00, 0x00, 0x00, 0xE0, 0x00, 0x00, 0x00, 0xE0,
    0xEE, 0x33, 0x5E, 0x27, 0x31, 0xE5, 0xBB, 0xAE, 0x52, 0xBE, 0xBB, 0xAE, 0xEE, 0xBE, 0xBB, 0xEB,
    0x8E, 0xE8, 0xBB, 0xEB, 0x6E, 0xE8, 0xBB, 0xEB, 0x66, 0xE8, 0xBB, 0xBE, 0x66, 0xE6, 0xBB, 0xEB,
    0x81, 0x72, 0x2E, 0xE3, 0x18, 0xEA, 0xEB, 0x5E, 0x18, 0xE7, 0xBB, 0xBB, 0xA2, 0xBE, 0xBB, 0xBB,
    0xA7, 0xBE, 0xBB, 0xB8, 0xEE, 0xBE, 0x8B, 0xB8, 0xEE, 0xEB, 0x8B, 0xB8, 0xBB, 0xBE, 0x8B, 0x88,
    0x33, 0xE3, 0xEE, 0x00, 0xEE, 0x1E, 0x31, 0x05, 0x58, 0x23, 0x22, 0xE3, 0x88, 0xE5, 0x23, 0xE5,
    0x68, 0xE6, 0xEE, 0x0E, 0x8B, 0x66, 0xE6, 0x00, 0x8B, 0x66, 0x66, 0x0E, 0x8B, 0x66, 0x86, 0x0E,
    0x00, 0x00, 0x00, 0xE0, 0x00, 0x00, 0x00, 0x8E, 0x00, 0x00, 0x00, 0x6E, 0x00, 0x00, 0x00, 0x6E,
    0x00, 0x00, 0xE0, 0x66, 0x00, 0x00, 0xE0, 0x68, 0x00, 0x00, 0xE0, 0x88, 0x00, 0x00, 0x6E, 0x88,
    0x66, 0x86, 0xBE, 0xBB, 0x68, 0x88, 0xBE, 0xBB, 0x88, 0x88, 0x8E, 0x8B, 0x88, 0xE8, 0x8E, 0x8B,
    0x86, 0x0E, 0x8E, 0x68, 0x66, 0x0E, 0x8E, 0x68, 0xE8, 0xE0, 0x8B, 0x66, 0xE8, 0xE0, 0xB8, 0x66,
    0xEE, 0xB8, 0x8B, 0x88, 0x88, 0xB8, 0x8B, 0x88, 0x33, 0x86, 0x8B, 0x88, 0x88, 0x86, 0xBB, 0x88,
    0x88, 0x66, 0xB8, 0x88, 0x88, 0x66, 0xB8, 0x8B, 0x33, 0x66, 0xB8, 0x8B, 0x86, 0x68, 0x86, 0xBB,
    0xEB, 0x68, 0x88, 0xE8, 0xEB, 0x68, 0x66, 0xE8, 0xBB, 0x8E, 0x66, 0x88, 0xB8, 0x8E, 0x66, 0x86,
    0xB8, 0xEB, 0x6E, 0x86, 0xB8, 0xEB, 0x8E, 0x88, 0xB8, 0x0E, 0xE0, 0x66, 0x88, 0x0E, 0xE0, 0x68,
    0x00, 0x00, 0x6E, 0x86, 0x00, 0x90, 0x99, 0x69, 0x00, 0x90, 0x13, 0x95, 0xE0, 0x8E, 0x99, 0x99,
    0xE0, 0x58, 0x86, 0x0E, 0xE0, 0x66, 0x58, 0x0E, 0xE0, 0x88, 0x68, 0x0E, 0x00, 0x5E, 0x66, 0x0E,
    0x0E, 0x8E, 0xB8, 0x66, 0x0E, 0x6E, 0xB8, 0x66, 0x00, 0x6E, 0x6B, 0x66, 0x00, 0x6E, 0x6B, 0x66,
    0xE0, 0x88, 0x6B, 0x66, 0xE0, 0xB6, 0x66, 0x66, 0xE0, 0xB6, 0x66, 0x66, 0x6E, 0xB8, 0x66, 0x66,
    0x86, 0x68, 0x86, 0xBB, 0x86, 0x68, 0x86, 0xBB, 0x36, 0x63, 0x66, 0xB8, 0x86, 0x68, 0x66, 0xB8,
    0x86, 0x68, 0x66, 0x86, 0xB6, 0xBB, 0x66, 0x86, 0x3B, 0x83, 0x6B, 0x66, 0x8B, 0x8E, 0x6B, 0x66,
    0x88, 0x0E, 0xE0, 0x88, 0x88, 0xE8, 0x00, 0x99, 0x8B, 0xE8, 0x00, 0x59, 0x8B, 0xB8, 0x0E, 0x9E,
    0xBB, 0x88, 0xEE, 0x56, 0xBB, 0x88, 0x0E, 0x6E, 0xA8, 0xA7, 0xEB, 0x6E, 0xB8, 0x17, 0xFA, 0xEF,
    0x00, 0xEE, 0xEE, 0x00, 0x00, 0x00, 0x00, 0x00, 0x00, 0x00, 0x00, 0x00, 0x00, 0x00, 0x00, 0xE0,
    0x00, 0x00, 0x00, 0xE0, 0x00, 0x00, 0x00, 0xE0, 0x00, 0x00, 0x00, 0xE0, 0x00, 0x00, 0x00, 0xE0,
    0x6E, 0xB8, 0x66, 0x86, 0x8E, 0x6B, 0x66, 0x86, 0x8E, 0x6B, 0x66, 0xB6, 0xB8, 0x66, 0x66, 0xB6,
    0xB8, 0x66, 0x66, 0xB8, 0x8B, 0x66, 0x66, 0xB8, 0x88, 0x66, 0x66, 0x8B, 0x68, 0x66, 0x66, 0x8B,
    0x8B, 0x8E, 0x8B, 0x66, 0x8B, 0x8E, 0x8B, 0x66, 0xE8, 0x3E, 0x8B, 0x66, 0xE3, 0xEB, 0xB8, 0x66,
    0xE8, 0xEB, 0xB8, 0x56, 0xE8, 0xEB, 0xB8, 0x55, 0xBE, 0xEB, 0x58, 0x25, 0xBE, 0xEB, 0x55, 0x32,
    0xB8, 0x1A, 0xA1, 0xED, 0xB8, 0xA5, 0x71, 0xFA, 0x58, 0x25, 0x7A, 0xA7, 0x55, 0x52, 0xA8, 0x77,
    0x25, 0x83, 0xB8, 0xAA, 0x32, 0x88, 0xBB, 0xEB, 0x83, 0xB8, 0xB8, 0xB8, 0x88, 0x8B, 0xB8, 0xB8,
    0x00, 0x00, 0x00, 0xE0, 0x00, 0x00, 0x00, 0xBE, 0x00, 0x00, 0x00, 0xBE, 0x00, 0x00, 0x00, 0xBE,
    0x00, 0x00, 0x00, 0xBE, 0x00, 0x00, 0x00, 0xBE, 0x00, 0x00, 0x00, 0xBE, 0x00, 0x00, 0x00, 0x8E,
    0x68, 0x66, 0x66, 0x3B, 0x68, 0x66, 0x66, 0x8B, 0x68, 0x66, 0x86, 0x8B, 0x68, 0x66, 0x86, 0x8B,
    0x68, 0x66, 0x86, 0x5B, 0x68, 0x66, 0x86, 0x55, 0x68, 0x66, 0x56, 0x25, 0x68, 0x66, 0x55, 0x22,
    0xBE, 0x5B, 0x25, 0x83, 0xBE, 0x55, 0x32, 0x88, 0x5E, 0x25, 0x83, 0x68, 0x55, 0x32, 0x88, 0x68,
    0x25, 0x83, 0x38, 0x6B, 0x32, 0x88, 0x8E, 0x6B, 0x83, 0xB8, 0x8E, 0x6B, 0x88, 0xBB, 0x8E, 0x6B,
    0x88, 0x8B, 0xB6, 0x88, 0x86, 0x8B, 0xB6, 0x88, 0x86, 0x8B, 0xB6, 0x88, 0x86, 0x8B, 0x86, 0x8B,
    0x86, 0x8B, 0x86, 0x8B, 0x86, 0x8B, 0x86, 0x8B, 0x86, 0x8B, 0x86, 0x8B, 0x86, 0x8B, 0x88, 0x8B,
    0x00, 0x00, 0x00, 0x8E, 0x00, 0x00, 0x00, 0x8E, 0x00, 0x00, 0x00, 0x8E, 0x00, 0x00, 0x00, 0x8E,
    0x00, 0x00, 0x00, 0x5E, 0x00, 0x00, 0x00, 0x55, 0x00, 0x00, 0x50, 0x15, 0x00, 0x00, 0x55, 0x21,
    0x68, 0x56, 0x25, 0x82, 0x68, 0x55, 0x22, 0x88, 0x58, 0x25, 0x82, 0xE8, 0x55, 0x21, 0x88, 0xE8,
    0x15, 0x82, 0xB8, 0xE8, 0x21, 0x88, 0xB8, 0xE8, 0x82, 0x68, 0x8B, 0xBE, 0x88, 0x86, 0x3B, 0xBE,
    0xB8, 0xBB, 0x8E, 0x6B, 0xBB, 0xBB, 0x3E, 0x8B, 0xBB, 0xBB, 0x8E, 0x8B, 0xBB, 0xBB, 0x8E, 0x8B,
    0xBB, 0xBB, 0xEB, 0xB8, 0xBB, 0xBB, 0xEB, 0xB8, 0xBB, 0xBB, 0xEB, 0xB3, 0xBB, 0xBB, 0xEB, 0xB8,
    0x86, 0xBB, 0x88, 0x8B, 0x86, 0xBB, 0x68, 0xB8, 0x66, 0xB8, 0x68, 0xB8, 0x66, 0xB8, 0x68, 0xB8,
    0x66, 0xB8, 0x68, 0xB8, 0x66, 0xB8, 0x88, 0xB8, 0x66, 0xB8, 0x88, 0xB8, 0x68, 0xB8, 0x88, 0x86,
    0x00, 0x50, 0x15, 0x82, 0x00, 0x55, 0x22, 0x88, 0x50, 0x25, 0x82, 0xB8, 0x55, 0x22, 0x88, 0xEE,
    0x25, 0x82, 0x08, 0x00, 0x22, 0x88, 0xE0, 0xEE, 0x83, 0xE8, 0xBE, 0x8B, 0x88, 0x8E, 0x55, 0x88,
    0x68, 0x86, 0x8B, 0xBE, 0x66, 0x86, 0x8B, 0xEE, 0x66, 0xB6, 0xEE, 0x00, 0xEE, 0xEE, 0x00, 0x00,
    0xBE, 0xEB, 0x00, 0x00, 0x88, 0xEB, 0x00, 0x00, 0xB8, 0xBB, 0x0E, 0x00, 0xBB, 0xBB, 0x0E, 0x00,
    0xBB, 0xBB, 0xEE, 0xB8, 0xEE, 0xEE, 0x00, 0x8E, 0x00, 0x00, 0x00, 0x8E, 0x00, 0x00, 0x00, 0xE0,
    0x00, 0x00, 0x00, 0x00, 0x00, 0x00, 0x00, 0x00, 0x00, 0x00, 0x00, 0x00, 0x00, 0x00, 0x00, 0x00,
    0x68, 0x86, 0x8B, 0x86, 0x6B, 0x86, 0x8B, 0x86, 0x6B, 0x86, 0x8B, 0x86, 0xEE, 0xEE, 0xEE, 0xEE,
    0x00, 0x00, 0x00, 0xE0, 0x00, 0x00, 0x00, 0xE0, 0x00, 0x00, 0xE0, 0xEE, 0x00, 0xEE, 0xBE, 0x88,
    0x00, 0x00, 0x00, 0x00, 0x00, 0x00, 0x00, 0x00, 0x00, 0x00, 0x00, 0x00, 0x00, 0x00, 0x00, 0x00,
    0x00, 0x00, 0x00, 0x50, 0x00, 0x00, 0x00, 0x55, 0x00, 0x00, 0x55, 0x35, 0x00, 0x50, 0x22, 0x53,
    0x00, 0x50, 0x25, 0x83, 0x00, 0x55, 0x32, 0x88, 0x50, 0x25, 0x83, 0x08, 0x55, 0x32, 0x88, 0x00,
    0x25, 0x88, 0x08, 0x00, 0x53, 0x88, 0x00, 0x00, 0x85, 0x08, 0x00, 0x00, 0x88, 0x00, 0x00, 0x00,
    0x00, 0x25, 0x32, 0x88, 0x50, 0x22, 0x83, 0x00, 0x15, 0x22, 0x08, 0x00, 0x11, 0x82, 0x00, 0x00,
    0x21, 0x08, 0x00, 0x00, 0x82, 0x00, 0x00, 0x00, 0x08, 0x00, 0x00, 0x00, 0x00, 0x00, 0x00, 0x00,
    0x08, 0x00, 0x00, 0x00, 0x00, 0x00, 0x00, 0x00, 0x00, 0x00, 0x00, 0x00, 0x00, 0x00, 0x00, 0x00,
    0x00, 0x00, 0x00, 0x00, 0x00, 0x00, 0x00, 0x00, 0x00, 0x00, 0x00, 0x00, 0x00, 0x00, 0x00, 0x00,
    0x00, 0x00, 0x00, 0x00, 0x00, 0x00, 0x00, 0x00, 0x0E, 0x00, 0x00, 0x00, 0x0E, 0x00, 0x00, 0x00,
    0xE8, 0x00, 0x00, 0x00, 0xE6, 0x00, 0xF0, 0xD2, 0x86, 0x0E, 0xDF, 0xFF, 0x66, 0xFE, 0xD2, 0x0F,
    0x66, 0xFE, 0xFD, 0x00, 0x99, 0xF9, 0xFD, 0x00, 0x13, 0x95, 0x0F, 0x00, 0x99, 0xE9, 0x00, 0x00,
    0x66, 0xE8, 0x00, 0x00, 0x58, 0x88, 0x0E, 0x00, 0x58, 0x86, 0x0E, 0x00, 0x68, 0xE6, 0x00, 0x00,
    0xEE, 0xEE, 0x00, 0x00, 0x00, 0x00, 0x00, 0x00, 0x00, 0x00, 0x00, 0x00, 0x0A, 0x00, 0x00, 0x00,
    0x0A, 0x00, 0x00, 0x00, 0x00, 0x00, 0x00, 0x00, 0x0E, 0x00, 0x00, 0x00, 0x0E, 0x00, 0x00, 0x00,
    0x0E, 0x00, 0x00, 0x00, 0x0E, 0x00, 0x00, 0x00, 0x0E, 0x00, 0x00, 0x00, 0x0E, 0x00, 0x00, 0x00,
    0x0E, 0x00, 0x00, 0x00, 0x0E, 0x00, 0x00, 0x00, 0xEB, 0x00, 0x00, 0x00, 0xE8, 0x00, 0x00, 0x00,
    0x00, 0x00, 0x00, 0x99, 0x00, 0x00, 0x90, 0x33, 0x00, 0x00, 0x29, 0x13, 0x00, 0x90, 0x22, 0x91,
    0x00, 0x30, 0x11, 0x29, 0x00, 0x19, 0x99, 0x29, 0x00, 0x19, 0x17, 0x39, 0x00, 0x29, 0x27, 0x11,
    0x99, 0x09, 0x00, 0x00, 0x33, 0x21, 0x09, 0x00, 0x21, 0x19, 0x91, 0x00, 0x21, 0x92, 0x91, 0x00,
    0x19, 0x92, 0x22, 0x09, 0x92, 0x99, 0x29, 0x09, 0x33, 0x33, 0x29, 0x09, 0x91, 0x19, 0x33, 0x92,
    0xE8, 0xBB, 0x88, 0xBB, 0x00, 0xEE, 0xEE, 0xEE, 0x00, 0x00, 0x00, 0x00, 0x00, 0x00, 0x00, 0x00,
    0x00, 0x00, 0x00, 0x00, 0x00, 0x00, 0x00, 0x00, 0x00, 0x00, 0x00, 0x00, 0x00, 0x00, 0x00, 0x00,
    0xEB, 0xEE, 0x00, 0x00, 0x0E, 0x00, 0x00, 0x00, 0x00, 0x00, 0x00, 0x00, 0x00, 0x00, 0x00, 0x00,
    0x00, 0x00, 0x00, 0x00, 0x00, 0x00, 0x00, 0x00, 0x00, 0x00, 0x00, 0x00, 0x00, 0x00, 0x00, 0x00,
    0xE0, 0xBB, 0x55, 0x88, 0xE0, 0x8B, 0x88, 0xBB, 0xE0, 0xEE, 0xEE, 0xEE, 0x00, 0x00, 0x00, 0x00,
    0x00, 0x00, 0x00, 0x00, 0x00, 0x00, 0x00, 0x00, 0x00, 0x00, 0x00, 0x00, 0x00, 0x00, 0x00, 0x00,
    0xBB, 0xEB, 0x00, 0x00, 0xEB, 0x0E, 0x00, 0x00, 0x0E, 0x00, 0x00, 0x00, 0x00, 0x00, 0x00, 0x00,
    0x00, 0x00, 0x00, 0x00, 0x00, 0x00, 0x00, 0x00, 0x00, 0x00, 0x00, 0x00, 0x00, 0x00, 0x00, 0x00,
    0x00, 0x00, 0x00, 0x00, 0x00, 0x00, 0x00, 0x00, 0x00, 0x00, 0x00, 0x55, 0x00, 0x00, 0x50, 0x25,
    0x00, 0x50, 0x55, 0x33, 0x00, 0x25, 0x32, 0x85, 0x50, 0x23, 0x85, 0x88, 0x58, 0x85, 0x88, 0x00,
    0x00, 0x25, 0x32, 0x08, 0x50, 0x23, 0x83, 0x00, 0x35, 0x33, 0x08, 0x00, 0x33, 0x85, 0x00, 0x00,
    0x83, 0x08, 0x00, 0x00, 0x08, 0x00, 0x00, 0x00, 0x00, 0x00, 0x00, 0x00, 0x00, 0x00, 0x00, 0x00,
    0xE8, 0x00, 0x00, 0x00, 0x88, 0x0E, 0x00, 0x00, 0x88, 0x0E, 0x00, 0x00, 0x88, 0xEB, 0x00, 0x00,
    0x88, 0xEB, 0x00, 0x00, 0x88, 0xE8, 0x00, 0x00, 0x88, 0xB8, 0x0E, 0x00, 0x8B, 0xB8, 0x0E, 0x00,
    0x8B, 0xB8, 0x0E, 0x00, 0x8B, 0xB8, 0x0E, 0x00, 0x8B, 0xE8, 0x00, 0x00, 0xEE, 0xEE, 0x00, 0x00,
    0xB8, 0x0E, 0x00, 0x00, 0xB8, 0x0E, 0x00, 0x00, 0xB8, 0xEB, 0x00, 0x00, 0xB8, 0xEB, 0x00, 0x00,
    0x00, 0x00, 0x00, 0x00, 0x00, 0x00, 0x00, 0x00, 0x00, 0x00, 0x00, 0x00, 0x00, 0x00, 0x00, 0x00,
    0x00, 0x00, 0x00, 0x50, 0x00, 0x00, 0x00, 0x55, 0x00, 0x00, 0x50, 0x25, 0x00, 0x00, 0x55, 0x32,
    0x00, 0x00, 0x00, 0x00, 0x00, 0x00, 0x00, 0x00, 0x00, 0x00, 0x00, 0x00, 0x00, 0x00, 0x00, 0x50,
    0x00, 0x00, 0x00, 0x15, 0x00, 0x00, 0x50, 0x11, 0x00, 0x00, 0x25, 0x22, 0x00, 0x50, 0x22, 0x82,
    0x80, 0x08, 0x00, 0x00, 0x00, 0x00, 0x00, 0x00, 0x00, 0x00, 0x00, 0x00, 0x00, 0x00, 0x00, 0x00,
    0x00, 0x00, 0x00, 0x00, 0x00, 0x00, 0x00, 0x00, 0x00, 0x00, 0x00, 0x00, 0x00, 0x00, 0x00, 0x00,
};
static const u16 sFrame17[] = {
    0x000B, 0x80BD, 0xC1E9, 0x0000, 0x00FD, 0x41D9, 0x0020, 0x80CD, 0x4009, 0x0024, 0x40B5, 0x01F1,
    0x0028, 0x40FD, 0x01E9, 0x002A, 0x40FD, 0x0001, 0x002C, 0x400D, 0x01C9, 0x002E, 0x80ED, 0x0009,
    0x0030, 0x00F5, 0x01E1, 0x0032, 0x0005, 0x01D1, 0x0033, 0x0015, 0x01C9, 0x0034, 0x0000,
};
static const void* const sFrames17[] = { sFrame17 };
static const u8 sTiles18[1856] __attribute__((aligned(4))) = {
    0x00, 0x00, 0x00, 0x00, 0x00, 0x00, 0x00, 0x00, 0x00, 0x00, 0x00, 0x00, 0x00, 0x00, 0x00, 0x00,
    0x00, 0x00, 0x00, 0x00, 0x00, 0x00, 0x00, 0x90, 0x00, 0x90, 0x99, 0x39, 0x90, 0x39, 0x23, 0x22,
    0x00, 0x00, 0x00, 0x00, 0x00, 0x00, 0x00, 0x00, 0x00, 0x00, 0x00, 0x00, 0x00, 0x00, 0x00, 0x00,
    0x00, 0x90, 0x99, 0x99, 0x99, 0x39, 0x33, 0xE5, 0x33, 0x22, 0xE5, 0x22, 0x22, 0xE5, 0xE3, 0x31,
    0x79, 0xE2, 0x2E, 0x11, 0xA9, 0x12, 0x26, 0x11, 0x39, 0x27, 0x11, 0x11, 0x39, 0x2A, 0x12, 0x11,
    0xE3, 0xAE, 0x22, 0x21, 0x8E, 0x7E, 0xAA, 0x77, 0xE3, 0x7E, 0x82, 0x81, 0x21, 0xE3, 0x2A, 0x18,
    0x96, 0x92, 0x09, 0x00, 0x91, 0x92, 0x09, 0x00, 0x92, 0x92, 0xEE, 0x00, 0xE2, 0x59, 0x22, 0xEE,
    0x3A, 0x3E, 0x12, 0x21, 0x2A, 0x3E, 0x51, 0x31, 0x5E, 0x5E, 0x12, 0xE3, 0xE7, 0xEB, 0x33, 0xE5,
    0x39, 0x23, 0x12, 0x21, 0x33, 0x33, 0x23, 0x33, 0x22, 0x11, 0x22, 0xEE, 0x39, 0x33, 0xE3, 0x68,
    0x39, 0x23, 0xE2, 0x56, 0x12, 0x21, 0x8E, 0x68, 0x99, 0x33, 0x8E, 0x88, 0x33, 0xE2, 0x88, 0x66,
    0x33, 0x1E, 0x1E, 0x21, 0xEE, 0x2E, 0x3E, 0x22, 0x68, 0x2E, 0xE3, 0x33, 0x55, 0xE6, 0x5E, 0xEE,
    0x65, 0x86, 0xE8, 0x5E, 0x66, 0xE8, 0x0E, 0x00, 0xE8, 0x0E, 0x00, 0x00, 0xE8, 0x00, 0x00, 0x00,
    0x25, 0x32, 0xAE, 0x12, 0x22, 0x53, 0xEE, 0x27, 0xE3, 0xEE, 0xEB, 0x8A, 0x1E, 0x31, 0xB5, 0xAE,
    0x23, 0x22, 0xE3, 0xEB, 0xE5, 0x23, 0xE5, 0xBE, 0xBE, 0xEE, 0x8E, 0xEE, 0xE0, 0xBB, 0x8B, 0xBB,
    0xEA, 0xBB, 0xEE, 0x23, 0xEA, 0xBB, 0xEB, 0x22, 0xBE, 0xBB, 0xE8, 0xE5, 0xEE, 0xBB, 0xE8, 0xEE,
    0xBE, 0xBE, 0xE8, 0xE0, 0xEB, 0x8B, 0xE8, 0x00, 0x8E, 0x8B, 0xE8, 0x00, 0x8B, 0xBB, 0x88, 0x0E,
    0x99, 0xE9, 0x68, 0x65, 0x00, 0xE0, 0x68, 0x55, 0x00, 0xE0, 0x68, 0x65, 0x00, 0xE0, 0x68, 0x86,
    0x00, 0x90, 0x99, 0x99, 0x00, 0x39, 0x35, 0x51, 0x00, 0x99, 0x99, 0x99, 0x00, 0x69, 0x86, 0x86,
    0xE6, 0x00, 0x00, 0x00, 0xE6, 0x00, 0x00, 0x00, 0xE8, 0x00, 0x00, 0x00, 0x0E, 0x00, 0x00, 0x00,
    0x09, 0x00, 0x00, 0x00, 0x09, 0x00, 0x00, 0x00, 0x09, 0x00, 0x00, 0x00, 0x0E, 0x00, 0x00, 0x00,
    0xE0, 0xB8, 0x8B, 0x38, 0xE0, 0x88, 0xBB, 0x68, 0x00, 0x8E, 0xBB, 0x68, 0x00, 0x8E, 0xBB, 0x68,
    0x00, 0x8E, 0xB8, 0x68, 0x00, 0xE0, 0xB8, 0x68, 0x00, 0xE0, 0xB8, 0x8B, 0x00, 0xE0, 0x88, 0x8B,
    0x83, 0xBB, 0x88, 0x0E, 0x68, 0xB8, 0x88, 0xE8, 0x68, 0xB8, 0x8B, 0xE8, 0x68, 0xB8, 0x8B, 0xE8,
    0x33, 0xB8, 0x8B, 0xE8, 0x86, 0x86, 0x8B, 0x88, 0x86, 0x86, 0xBB, 0x88, 0x66, 0x68, 0xB8, 0x8B,
    0x00, 0xEE, 0x56, 0x66, 0x00, 0xE0, 0x68, 0x6E, 0x00, 0x00, 0x8E, 0x6E, 0x55, 0x55, 0x55, 0x55,
    0x15, 0x11, 0x11, 0x11, 0x22, 0x22, 0x22, 0x22, 0x88, 0x88, 0x88, 0x88, 0x08, 0x00, 0x00, 0x00,
    0xE5, 0x00, 0x00, 0x00, 0xE8, 0x00, 0x00, 0x00, 0xE8, 0x50, 0x55, 0x55, 0x55, 0x55, 0x55, 0x22,
    0x22, 0x22, 0x22, 0x32, 0x88, 0x88, 0x88, 0x88, 0x88, 0x08, 0x00, 0x00, 0x00, 0x00, 0x00, 0x00,
    0x00, 0xE0, 0x88, 0x8B, 0x00, 0x00, 0x5E, 0x55, 0x55, 0x55, 0x55, 0x55, 0x22, 0x22, 0x22, 0x23,
    0x33, 0x33, 0x33, 0x88, 0x88, 0x88, 0x88, 0x88, 0x00, 0x00, 0xE0, 0xB8, 0x00, 0x00, 0x8E, 0xB8,
    0x66, 0x33, 0x86, 0x5B, 0x55, 0x55, 0x55, 0x55, 0x25, 0x22, 0x22, 0x22, 0x33, 0x33, 0x33, 0x88,
    0x88, 0x88, 0x88, 0x88, 0x68, 0x66, 0xB8, 0xE8, 0x68, 0x66, 0xB8, 0xE8, 0x68, 0x66, 0x86, 0x8B,
    0x00, 0x00, 0x00, 0x00, 0x00, 0x00, 0x00, 0x00, 0x00, 0x00, 0x00, 0x00, 0x00, 0x00, 0x00, 0x00,
    0x00, 0x55, 0x05, 0x00, 0x58, 0x23, 0x52, 0x55, 0x88, 0x28, 0x32, 0x33, 0x00, 0x88, 0x88, 0x38,
    0x00, 0x00, 0x00, 0x00, 0x00, 0x00, 0x00, 0x00, 0x00, 0x00, 0x00, 0x00, 0x00, 0x00, 0x00, 0x00,
    0x00, 0x00, 0x00, 0x00, 0x55, 0x00, 0x50, 0x55, 0x32, 0x55, 0x55, 0x25, 0x33, 0x33, 0x22, 0x22,
    0x00, 0x00, 0x00, 0x00, 0x00, 0x00, 0x00, 0x00, 0x00, 0x00, 0x00, 0x00, 0x00, 0x00, 0x00, 0x00,
    0x00, 0x00, 0x00, 0x00, 0x55, 0x55, 0x55, 0x55, 0x12, 0x11, 0x11, 0x22, 0x22, 0x22, 0x22, 0x32,
    0x00, 0x00, 0x00, 0x00, 0x00, 0x00, 0x00, 0x00, 0x00, 0x00, 0x00, 0x00, 0x00, 0x00, 0x00, 0x00,
    0x00, 0x00, 0x00, 0x00, 0x55, 0x55, 0x55, 0x55, 0x22, 0x32, 0x33, 0x23, 0x33, 0x53, 0x55, 0x85,
    0x00, 0x00, 0x88, 0x88, 0x00, 0x00, 0x00, 0x00, 0x00, 0x00, 0x00, 0x00, 0x00, 0x00, 0x00, 0x00,
    0x00, 0x00, 0x00, 0x00, 0x00, 0x00, 0x00, 0x00, 0x00, 0x00, 0x00, 0x00, 0x00, 0x00, 0x00, 0x00,
    0x88, 0x88, 0x88, 0x88, 0x00, 0x00, 0x00, 0x00, 0x00, 0x00, 0x00, 0x00, 0x00, 0x00, 0x00, 0x00,
    0x00, 0x00, 0x00, 0x00, 0x00, 0x00, 0x00, 0x00, 0x00, 0x00, 0x00, 0x00, 0x00, 0x00, 0x00, 0x00,
    0x88, 0x88, 0x88, 0x88, 0x00, 0x00, 0x00, 0x00, 0x00, 0x00, 0x00, 0x00, 0x00, 0x00, 0x00, 0x00,
    0x00, 0x00, 0x00, 0x00, 0x00, 0x00, 0x00, 0x00, 0x00, 0x00, 0x00, 0x00, 0x00, 0x00, 0x00, 0x00,
    0x88, 0x88, 0x88, 0x88, 0x00, 0x00, 0x00, 0x00, 0x00, 0x00, 0x00, 0x00, 0x00, 0x00, 0x00, 0x00,
    0x00, 0x00, 0x00, 0x00, 0x00, 0x00, 0x00, 0x00, 0x00, 0x00, 0x00, 0x00, 0x00, 0x00, 0x00, 0x00,
    0x00, 0x00, 0x8E, 0xB8, 0x00, 0xE0, 0x8B, 0xB8, 0x00, 0xE0, 0x8B, 0xB8, 0x00, 0xE0, 0xBB, 0xB8,
    0x00, 0xE0, 0xBB, 0xB8, 0x00, 0xE0, 0xBB, 0xB8, 0x00, 0xBE, 0xBB, 0xBB, 0x00, 0xBE, 0x8B, 0xBB,
    0x68, 0x66, 0x86, 0x3B, 0x68, 0x66, 0x66, 0xB8, 0x8B, 0x66, 0x66, 0xB8, 0x8B, 0x66, 0x66, 0xB8,
    0x8B, 0x66, 0x66, 0xB8, 0x8B, 0x66, 0x86, 0x8B, 0x8B, 0x66, 0x86, 0x8B, 0x8B, 0x66, 0x86, 0x8B,
    0xBE, 0x8E, 0x8B, 0x66, 0xE8, 0xEB, 0xB8, 0x88, 0xE8, 0xBE, 0x8E, 0x8B, 0xE8, 0xBE, 0xEB, 0xB3,
    0xE3, 0xEB, 0xEB, 0xB8, 0xBE, 0xEB, 0xBB, 0x8E, 0xBE, 0xBB, 0xBE, 0xEB, 0xBE, 0xBB, 0xBE, 0xBB,
    0x86, 0x0E, 0x00, 0x00, 0x66, 0xE8, 0x00, 0x00, 0x66, 0x86, 0xEE, 0x00, 0x68, 0x66, 0xB8, 0x0E,
    0x88, 0x66, 0x66, 0xE8, 0x8B, 0x68, 0x66, 0x86, 0xB8, 0x88, 0x66, 0x66, 0x3E, 0x8B, 0x68, 0x66,
    0x00, 0xBE, 0x88, 0xBB, 0x00, 0xBE, 0x88, 0xBB, 0x00, 0xBE, 0xB8, 0xBB, 0x00, 0x8E, 0xB8, 0xB8,
    0x00, 0x8E, 0xB8, 0xB8, 0xE0, 0x8B, 0x8B, 0xB8, 0xE0, 0x8B, 0x8B, 0xB8, 0xE0, 0x88, 0x8B, 0xB8,
    0x68, 0x66, 0x86, 0x3B, 0x68, 0x66, 0x86, 0x8B, 0x68, 0x66, 0x86, 0x8B, 0x68, 0x66, 0x86, 0x8B,
    0x68, 0x66, 0x86, 0x3B, 0x68, 0x66, 0x86, 0x8B, 0x68, 0x66, 0xB8, 0xE8, 0x68, 0x66, 0xB8, 0xE8,
    0xBE, 0xBB, 0xBE, 0xBB, 0xBE, 0xBB, 0xEB, 0xBB, 0xBE, 0xBB, 0xEB, 0xBB, 0xBE, 0xBB, 0xEB, 0xBB,
    0xBE, 0xBB, 0xEB, 0xBB, 0xBE, 0xBB, 0xEB, 0xEB, 0xEE, 0xEE, 0xEE, 0x0E, 0x8B, 0x88, 0xEB, 0x00,
    0xEE, 0xB8, 0x88, 0x66, 0xEB, 0xB8, 0x88, 0x68, 0xEB, 0x8E, 0x8B, 0x88, 0xEB, 0xE0, 0xB3, 0x88,
    0x0E, 0x00, 0x8E, 0x8B, 0x00, 0x00, 0x8E, 0x8B, 0x00, 0x00, 0x8E, 0x8B, 0x00, 0x00, 0x3E, 0x8B,
    0x00, 0x6E, 0x86, 0xE8, 0x00, 0x8E, 0x65, 0xE8, 0x00, 0xE0, 0x65, 0x98, 0x00, 0x90, 0x99, 0x19,
    0x00, 0x00, 0x39, 0x95, 0x0E, 0x00, 0x99, 0x89, 0x7A, 0x00, 0xE0, 0x55, 0x77, 0x0A, 0x6E, 0x65,
    0x00, 0x00, 0x00, 0x00, 0x00, 0x00, 0x00, 0x00, 0x09, 0x00, 0x00, 0x00, 0x09, 0x00, 0x00, 0x00,
    0xE8, 0x00, 0x00, 0x00, 0x66, 0x0E, 0x00, 0x00, 0x68, 0xE6, 0x00, 0xFF, 0x86, 0xE6, 0x2F, 0xDD,
    0x1A, 0x0A, 0x6E, 0xEE, 0x1A, 0xFA, 0xFF, 0xFF, 0x1A, 0xFA, 0xFD, 0xD2, 0x7A, 0xFA, 0xFF, 0xFF,
    0x7A, 0xFA, 0xB8, 0x0E, 0x7A, 0x8A, 0x66, 0xE8, 0xAE, 0xBA, 0x68, 0x86, 0xBE, 0x3E, 0x8B, 0x66,
    0x66, 0x58, 0xDE, 0xFD, 0x6E, 0x85, 0xFE, 0x0F, 0xEF, 0xE6, 0x00, 0x00, 0xEE, 0x0E, 0x00, 0x00,
    0x00, 0x00, 0x00, 0x00, 0x00, 0x00, 0x00, 0x00, 0x0E, 0x00, 0x00, 0x00, 0xE8, 0x00, 0x00, 0x00,
    0x8B, 0x86, 0xE8, 0x00, 0x8B, 0x66, 0xE8, 0x00, 0x8E, 0x66, 0xEB, 0x00, 0x8E, 0x66, 0x0E, 0x00,
    0x8E, 0x86, 0x0E, 0x00, 0xBE, 0x86, 0x0E, 0x00, 0xBE, 0x86, 0x0E, 0x00, 0xBE, 0xB8, 0x0E, 0x00,
    0x00, 0x00, 0xE0, 0xB8, 0x00, 0x00, 0xE0, 0xB8, 0x00, 0x00, 0xE0, 0xB8, 0x00, 0x00, 0xE0, 0xE8,
    0x00, 0x00, 0xE0, 0x0E, 0x00, 0x00, 0x00, 0x00, 0x00, 0x00, 0x00, 0x00, 0x00, 0x00, 0x00, 0x00,
    0xBE, 0xB8, 0x0E, 0x00, 0xBE, 0xBB, 0x0E, 0x00, 0xBE, 0xBB, 0xEB, 0x0E, 0xBE, 0x8B, 0x88, 0xEB,
    0xEE, 0xBB, 0x88, 0x88, 0x00, 0xEE, 0xBB, 0x88, 0x00, 0x00, 0xEE, 0xBB, 0x00, 0x00, 0x00, 0xEE,
    0x00, 0x00, 0x00, 0x00, 0x00, 0x00, 0x00, 0x00, 0x00, 0x00, 0x00, 0x00, 0x00, 0x00, 0x00, 0x00,
    0xEE, 0x00, 0x00, 0x00, 0xB8, 0x0E, 0x00, 0x00, 0x88, 0xEB, 0x00, 0x00, 0xBB, 0x0E, 0x00, 0x00,
    0x00, 0x00, 0x00, 0x00, 0x00, 0x00, 0x00, 0x00, 0x00, 0x00, 0x00, 0x00, 0x00, 0x00, 0x00, 0x00,
    0x00, 0x00, 0x00, 0x00, 0x00, 0x00, 0x00, 0x00, 0x00, 0x00, 0x00, 0x00, 0x02, 0x00, 0x00, 0x00,
    0xDF, 0x00, 0x00, 0x00, 0x00, 0x00, 0x00, 0x00, 0x00, 0x00, 0x00, 0x00, 0x00, 0x00, 0x00, 0x00,
    0x00, 0x00, 0x00, 0x00, 0x00, 0x00, 0x00, 0x00, 0x00, 0x00, 0x00, 0x00, 0x00, 0x00, 0x00, 0x00,
    0x00, 0x00, 0x00, 0x00, 0x00, 0x00, 0x00, 0x00, 0x00, 0x00, 0x00, 0x00, 0x00, 0x00, 0x00, 0x00,
    0x00, 0x00, 0x00, 0x00, 0x0E, 0x00, 0x00, 0x00, 0xE8, 0x00, 0x00, 0x00, 0xB6, 0x0E, 0x00, 0x00,
    0x86, 0x0E, 0x00, 0x00, 0x86, 0xEB, 0x00, 0x00, 0x86, 0xBB, 0x0E, 0x00, 0x88, 0xB8, 0xEB, 0x00,
    0x88, 0x88, 0xEB, 0x00, 0x88, 0x88, 0xBB, 0x0E, 0x88, 0x88, 0xBB, 0x0E, 0x88, 0x88, 0xB8, 0x0E,
    0x00, 0x00, 0x00, 0x00, 0x00, 0x00, 0x00, 0x00, 0x00, 0x00, 0x00, 0x00, 0x00, 0x00, 0x00, 0x00,
    0x00, 0x00, 0x00, 0x00, 0x00, 0x00, 0x00, 0x00, 0x00, 0x00, 0x00, 0x00, 0x00, 0x00, 0x00, 0x90,
    0x00, 0x90, 0x99, 0x99, 0x00, 0x29, 0x31, 0x33, 0x90, 0x22, 0x33, 0x22, 0x90, 0x12, 0x29, 0x33,
    0x39, 0x99, 0x21, 0x32, 0x99, 0x12, 0x92, 0x39, 0x29, 0x11, 0x29, 0x91, 0x33, 0x93, 0x22, 0xE1,
    0x00, 0x00, 0x00, 0x00, 0x00, 0x00, 0x00, 0x00, 0x00, 0x00, 0x00, 0x00, 0x00, 0x00, 0x00, 0x00,
    0x00, 0x50, 0x55, 0x55, 0x55, 0x55, 0x55, 0x22, 0x22, 0x22, 0x23, 0x33, 0x88, 0x88, 0x88, 0x88,
    0x00, 0x00, 0x00, 0x00, 0x00, 0x00, 0x00, 0x00, 0x00, 0x00, 0x00, 0x00, 0x00, 0x00, 0x00, 0x55,
    0x55, 0x55, 0x55, 0x55, 0x22, 0x22, 0x22, 0x22, 0x33, 0x22, 0x82, 0x88, 0x88, 0x88, 0x88, 0x88,
    0xBE, 0x88, 0x8B, 0xB8, 0x8E, 0xB8, 0x68, 0xB8, 0xEE, 0xB8, 0x68, 0xB8, 0x00, 0xEE, 0xEE, 0xB8,
    0x00, 0x00, 0x00, 0xEE, 0x00, 0x00, 0x00, 0x00, 0x00, 0x00, 0x00, 0x00, 0x00, 0x00, 0x00, 0x00,
    0x68, 0x66, 0xB8, 0xE3, 0x68, 0x66, 0xB8, 0xE8, 0x68, 0x86, 0x8B, 0x0E, 0x68, 0x86, 0x8B, 0x0E,
    0x6E, 0x86, 0x8B, 0x0E, 0xE0, 0xEE, 0x8E, 0x0E, 0x00, 0xBE, 0xEB, 0x0E, 0x00, 0xE0, 0x0E, 0x00,
    0x00, 0x00, 0x00, 0x00, 0x00, 0x00, 0x00, 0x00, 0x00, 0x00, 0x00, 0x00, 0x05, 0x00, 0x00, 0x00,
    0x0E, 0x00, 0x00, 0x00, 0x0E, 0x00, 0x00, 0x00, 0x00, 0x00, 0x00, 0x00, 0x0E, 0x00, 0x00, 0x00,
    0xEE, 0x00, 0x00, 0x00, 0x8E, 0x0E, 0x00, 0x00, 0x6E, 0xE8, 0x00, 0x00, 0x56, 0xE6, 0x00, 0x00,
    0x58, 0x65, 0x0E, 0x00, 0x5E, 0x86, 0xE8, 0x00, 0x6E, 0x86, 0x66, 0x0E, 0xE0, 0x88, 0x86, 0x0E,
    0x00, 0x00, 0x00, 0x99, 0x00, 0x00, 0x90, 0x33, 0x00, 0x00, 0x00, 0x99, 0x00, 0x00, 0x00, 0x99,
    0x00, 0x00, 0x90, 0x33, 0x00, 0x00, 0x90, 0x99, 0x00, 0x00, 0x00, 0x00, 0x00, 0x00, 0x00, 0x90,
    0x00, 0x00, 0x00, 0x39, 0x00, 0x00, 0x90, 0x99, 0x00, 0x00, 0x00, 0x00, 0x00, 0x00, 0x00, 0x00,
    0x00, 0x00, 0x00, 0x00, 0x00, 0x00, 0x00, 0x00, 0x00, 0x00, 0x00, 0x00, 0x00, 0x00, 0x00, 0x00,
    0x09, 0x00, 0x00, 0x00, 0x92, 0x00, 0x00, 0x00, 0x13, 0x09, 0x00, 0x00, 0x11, 0x92, 0x00, 0x00,
    0x91, 0x92, 0x00, 0x00, 0x29, 0x29, 0x09, 0x00, 0x93, 0x91, 0x09, 0x00, 0x99, 0x91, 0x09, 0x00,
    0x88, 0x88, 0x88, 0x00, 0x00, 0x00, 0x00, 0x00, 0x00, 0x00, 0x00, 0x00, 0x00, 0x00, 0x00, 0x00,
    0x00, 0x00, 0x00, 0x00, 0x00, 0x00, 0x00, 0x00, 0x00, 0x00, 0x00, 0x00, 0x00, 0x00, 0x00, 0x00,
    0x88, 0x88, 0xB8, 0xEB, 0x88, 0x88, 0xB8, 0xEE, 0x88, 0xEE, 0xEE, 0x00, 0xEE, 0x00, 0x00, 0x00,
    0x00, 0x00, 0x00, 0x00, 0x00, 0x00, 0x00, 0x00, 0x00, 0x00, 0x00, 0x00, 0x00, 0x00, 0x00, 0x00,
    0xEE, 0x00, 0x00, 0x00, 0x00, 0x00, 0x00, 0x00, 0x00, 0x00, 0x00, 0x00, 0x00, 0x00, 0x00, 0x00,
    0x00, 0x00, 0x00, 0x00, 0x00, 0x00, 0x00, 0x00, 0x00, 0x00, 0x00, 0x00, 0x00, 0x00, 0x00, 0x00,
};
static const u16 sFrame18[] = {
    0x000F, 0x00C0, 0x81DE, 0x0000, 0x40D8, 0x81AE, 0x0010, 0x40E0, 0x81EE, 0x0018, 0x00D0, 0x41FE,
    0x0020, 0x00F0, 0x41FE, 0x0024, 0x80D0, 0x400E, 0x0028, 0x40B8, 0x01E6, 0x002C, 0x40D8, 0x01CE,
    0x002E, 0x40F0, 0x01EE, 0x0030, 0x80C0, 0x01FE, 0x0032, 0x80C8, 0x01D6, 0x0034, 0x00B8, 0x01F6,
    0x0036, 0x00E0, 0x01CE, 0x0037, 0x00F0, 0x000E, 0x0038, 0x0000, 0x0006, 0x0039, 0x0000,
};
static const void* const sFrames18[] = { sFrame18 };
static const u8 sTiles19[1792] __attribute__((aligned(4))) = {
    0xEE, 0xFE, 0x0A, 0x9A, 0xAA, 0xAA, 0x1A, 0x9A, 0xAA, 0x77, 0x11, 0x9A, 0xAA, 0xAA, 0xAA, 0x90,
    0x00, 0x58, 0xEE, 0xEE, 0x00, 0xE8, 0x33, 0xE5, 0x0E, 0x25, 0x21, 0xE3, 0xE5, 0x3E, 0x11, 0x53,
    0x23, 0x23, 0x32, 0x93, 0x29, 0x39, 0x21, 0x22, 0x32, 0x39, 0x32, 0x93, 0x92, 0x92, 0x22, 0x39,
    0x39, 0x92, 0x19, 0x22, 0x39, 0x31, 0x19, 0x23, 0x39, 0x31, 0x29, 0x13, 0x39, 0x31, 0x23, 0x13,
    0x21, 0x09, 0x00, 0x00, 0x32, 0x09, 0x00, 0x00, 0x93, 0x00, 0x00, 0x00, 0x99, 0x00, 0x00, 0x00,
    0x92, 0x00, 0x00, 0x00, 0x92, 0xEE, 0xEE, 0x00, 0x92, 0x5E, 0x22, 0xEE, 0x93, 0x3E, 0x12, 0x21,
    0x00, 0x00, 0x00, 0x00, 0x00, 0x00, 0x00, 0x00, 0x00, 0x00, 0x00, 0x00, 0x00, 0x00, 0x00, 0x00,
    0x00, 0x00, 0x00, 0x00, 0x00, 0x00, 0x00, 0x00, 0x05, 0x00, 0x00, 0x00, 0x0E, 0x00, 0x00, 0x00,
    0x66, 0xEE, 0x3E, 0xE3, 0x58, 0x12, 0x53, 0xBE, 0xE8, 0x23, 0xE5, 0xBB, 0x88, 0xEE, 0xBE, 0xBB,
    0xEE, 0x88, 0xB8, 0xBB, 0x00, 0x8E, 0x88, 0xBB, 0x00, 0xE0, 0x88, 0xBB, 0x00, 0x00, 0xBE, 0x98,
    0x29, 0x22, 0x39, 0x12, 0x29, 0x23, 0x39, 0x22, 0x19, 0x33, 0x39, 0x32, 0x19, 0x33, 0x39, 0x31,
    0x29, 0x23, 0x33, 0x31, 0x39, 0x13, 0x23, 0x31, 0x39, 0x13, 0x23, 0x31, 0x23, 0x29, 0x23, 0x33,
    0x93, 0x3E, 0x51, 0x31, 0x92, 0x5E, 0x12, 0xE3, 0x92, 0xE3, 0x33, 0xE5, 0x92, 0xEE, 0xEE, 0x23,
    0x93, 0xBB, 0xEB, 0x22, 0xB9, 0xBB, 0x88, 0xE5, 0xB9, 0x8B, 0x88, 0x68, 0xB9, 0x8B, 0x8E, 0x68,
    0x0E, 0x00, 0x00, 0x00, 0x00, 0x00, 0x00, 0x00, 0x0E, 0x00, 0x00, 0x00, 0xEE, 0x00, 0x00, 0x00,
    0x6E, 0xEE, 0x00, 0x00, 0x6E, 0x65, 0x0E, 0x00, 0x66, 0x55, 0xE6, 0x0E, 0x86, 0x88, 0x88, 0xE8,
    0x00, 0x00, 0xE8, 0x98, 0x00, 0x00, 0xE8, 0x98, 0x00, 0x00, 0xBE, 0x98, 0x00, 0x00, 0xBE, 0x9B,
    0x00, 0x00, 0xBE, 0x9B, 0x00, 0x00, 0xBE, 0x9B, 0x00, 0x00, 0x8E, 0x9B, 0x00, 0x00, 0x8E, 0xBB,
    0x23, 0x29, 0x23, 0x39, 0x23, 0x23, 0x23, 0x29, 0x13, 0x93, 0x93, 0x23, 0x23, 0x93, 0x93, 0x23,
    0x93, 0x93, 0x93, 0x33, 0x39, 0x93, 0x29, 0x39, 0x9B, 0x99, 0x96, 0x99, 0xBB, 0x89, 0x86, 0xB9,
    0xB9, 0xE8, 0xE0, 0xEE, 0xB9, 0x0E, 0x00, 0x00, 0x89, 0x0E, 0x00, 0x00, 0x89, 0x0E, 0x00, 0x00,
    0x89, 0x0E, 0x00, 0x00, 0x89, 0x0E, 0x00, 0x00, 0x88, 0x0E, 0x00, 0x00, 0xE8, 0x00, 0x00, 0x00,
    0x88, 0x88, 0x68, 0x86, 0xEE, 0x66, 0x66, 0x86, 0x00, 0xEE, 0x88, 0x88, 0x00, 0x00, 0x6E, 0x66,
    0x00, 0x00, 0xE0, 0x66, 0x00, 0x00, 0xE0, 0x68, 0x00, 0x00, 0x00, 0x6E, 0x00, 0x00, 0x00, 0xE0,
    0x00, 0xE0, 0x88, 0xBB, 0x00, 0xE0, 0x88, 0xBB, 0x00, 0xE0, 0x88, 0xBB, 0x00, 0xE0, 0x88, 0xBB,
    0x00, 0xBE, 0x88, 0xB8, 0x00, 0xBE, 0x88, 0xB8, 0x00, 0xBE, 0x88, 0xB8, 0xE0, 0xBB, 0x88, 0xBB,
    0xBB, 0x69, 0x66, 0xB9, 0xBB, 0x68, 0x66, 0xB8, 0xBB, 0x68, 0x66, 0xB8, 0xBB, 0x68, 0x66, 0x88,
    0xBB, 0x88, 0x68, 0x86, 0xBB, 0x8B, 0x88, 0x88, 0xBB, 0x8B, 0x88, 0x88, 0xBB, 0x8B, 0x68, 0x88,
    0xE8, 0x00, 0x00, 0x00, 0xE8, 0x00, 0x00, 0x00, 0xE8, 0x00, 0x00, 0x00, 0xBB, 0x0E, 0x00, 0x00,
    0x8B, 0xEB, 0x00, 0x00, 0x8B, 0xB8, 0x0E, 0x00, 0x8B, 0x88, 0xEB, 0x0E, 0xB8, 0x88, 0xB8, 0xEB,
    0x00, 0x00, 0x00, 0x00, 0x00, 0x00, 0x00, 0x00, 0x00, 0x00, 0x00, 0xE0, 0x00, 0x00, 0x00, 0xE0,
    0x00, 0x00, 0x00, 0xE0, 0x00, 0x00, 0x00, 0xE0, 0x00, 0x00, 0x00, 0x00, 0x00, 0x00, 0x00, 0x00,
    0xE0, 0x8B, 0xB8, 0xBB, 0xE0, 0x8B, 0xB8, 0xBB, 0xE0, 0x8B, 0xB8, 0xBB, 0xBE, 0x8B, 0xBB, 0xBB,
    0xBE, 0x8B, 0x8B, 0xB8, 0xBE, 0x88, 0x8B, 0xB8, 0xBE, 0x88, 0x8B, 0xB8, 0x8B, 0x88, 0x88, 0xB8,
    0xBB, 0x88, 0x68, 0x86, 0xBB, 0x88, 0x88, 0x66, 0xBB, 0x88, 0x68, 0x68, 0xBB, 0x88, 0x68, 0x88,
    0xBB, 0x88, 0x68, 0x66, 0xBB, 0x68, 0x88, 0x66, 0xBB, 0x68, 0x88, 0x68, 0xBB, 0x68, 0xB8, 0x68,
    0xB8, 0x88, 0x88, 0xB8, 0xB8, 0x8B, 0x88, 0x88, 0xB6, 0x8B, 0x88, 0x86, 0x86, 0xBB, 0x88, 0x66,
    0x68, 0xB8, 0x8B, 0x68, 0x68, 0x86, 0x8B, 0x68, 0x88, 0x86, 0x88, 0x88, 0x86, 0x88, 0x88, 0x8B,
    0x0E, 0x00, 0x00, 0x00, 0xEB, 0x00, 0x00, 0x00, 0xB8, 0x0E, 0x00, 0x00, 0xB8, 0x0E, 0x00, 0x00,
    0x88, 0xEB, 0x00, 0x00, 0x86, 0xEB, 0x00, 0x00, 0x66, 0xB8, 0x0E, 0x00, 0x68, 0xB8, 0x0E, 0x00,
    0x8B, 0xB8, 0x88, 0xB8, 0x8B, 0x88, 0x88, 0xBB, 0x88, 0x8B, 0x88, 0xBB, 0x88, 0x8B, 0x88, 0xBB,
    0xB8, 0x8B, 0x88, 0xBB, 0xB8, 0x88, 0x88, 0xBB, 0xBB, 0x88, 0x88, 0xBB, 0xBB, 0x88, 0x88, 0xBB,
    0x8B, 0x68, 0xB8, 0x68, 0x8B, 0x68, 0xB8, 0x68, 0x8B, 0x68, 0xB8, 0x88, 0x8B, 0x66, 0xB8, 0x88,
    0x88, 0x66, 0xB8, 0x88, 0x88, 0x66, 0xB8, 0x88, 0x88, 0x66, 0x86, 0x8B, 0x88, 0x66, 0x86, 0x8B,
    0x66, 0x86, 0x88, 0xBB, 0x66, 0x66, 0x86, 0xB8, 0x66, 0x68, 0x66, 0x88, 0x66, 0x86, 0x88, 0x88,
    0x68, 0x66, 0x86, 0x88, 0x88, 0x66, 0x86, 0x88, 0x88, 0x66, 0x66, 0x88, 0x88, 0x66, 0x66, 0x88,
    0x68, 0x88, 0xEB, 0x00, 0x8B, 0x86, 0xEB, 0x00, 0x8B, 0x66, 0xEB, 0x00, 0xBB, 0x68, 0xB8, 0x0E,
    0xB8, 0x88, 0xB8, 0x0E, 0xB8, 0x8B, 0x86, 0xEB, 0x88, 0x8B, 0x86, 0xEB, 0x88, 0x8B, 0x88, 0xB8,
    0x8B, 0x88, 0x88, 0xBB, 0x8B, 0x88, 0xB8, 0xBB, 0x8B, 0x88, 0xB8, 0xBB, 0x8B, 0x88, 0xB8, 0xBB,
    0x88, 0x88, 0x88, 0xBB, 0x88, 0x88, 0x88, 0xBB, 0xEE, 0xEE, 0xEE, 0xEE, 0x6E, 0x86, 0xEB, 0x00,
    0x88, 0x66, 0x86, 0xBB, 0x8B, 0x66, 0x86, 0xBB, 0x8B, 0x66, 0x86, 0xBB, 0x8B, 0x66, 0x86, 0xBB,
    0x8B, 0x66, 0x86, 0xBB, 0x8B, 0x66, 0xEE, 0xEE, 0xEE, 0xEE, 0x33, 0x05, 0x00, 0x80, 0x33, 0x55,
    0x88, 0x68, 0x66, 0x86, 0x88, 0x88, 0x66, 0x88, 0x88, 0x88, 0x66, 0x86, 0x88, 0x88, 0xE8, 0xEE,
    0xE8, 0xEE, 0xEE, 0x8B, 0x0E, 0x00, 0xE0, 0x8B, 0x00, 0x00, 0xBE, 0x88, 0x00, 0xE0, 0xBB, 0x8B,
    0x88, 0x8B, 0x88, 0xEB, 0x88, 0x8B, 0xEE, 0x0E, 0xEE, 0xEE, 0x00, 0x00, 0xEB, 0x00, 0x00, 0x00,
    0x0E, 0x00, 0x00, 0x00, 0x0E, 0x00, 0x00, 0x00, 0x0E, 0x00, 0x00, 0x00, 0xE8, 0x00, 0x00, 0x00,
    0x6E, 0x86, 0xEB, 0x00, 0xBE, 0x86, 0xEB, 0x00, 0xE0, 0x86, 0xBB, 0x0E, 0xE0, 0x88, 0xBB, 0x0E,
    0xEE, 0x88, 0xBB, 0x0E, 0x88, 0x88, 0xBB, 0x0E, 0x88, 0xB8, 0xBB, 0x0E, 0xBB, 0xBB, 0xBB, 0x0E,
    0x00, 0x00, 0x38, 0x52, 0x00, 0x00, 0x38, 0x52, 0x00, 0x00, 0x38, 0x52, 0x00, 0x00, 0x88, 0x22,
    0x00, 0x00, 0x88, 0x22, 0x00, 0x00, 0x80, 0x12, 0x00, 0x00, 0x80, 0x12, 0x00, 0x00, 0x80, 0x22,
    0x00, 0xE0, 0xEE, 0xBB, 0x00, 0xE0, 0xBB, 0xBE, 0x05, 0xE0, 0xBE, 0xEB, 0x05, 0x00, 0xE0, 0xBE,
    0x05, 0x00, 0x00, 0xE0, 0x05, 0x00, 0x00, 0x00, 0x05, 0x00, 0x00, 0x00, 0x05, 0x00, 0x00, 0x00,
    0x88, 0xEE, 0x00, 0x00, 0x8B, 0x88, 0x0E, 0x00, 0xBE, 0x8B, 0xE8, 0x00, 0xEB, 0xBB, 0x88, 0x0E,
    0xBE, 0xBE, 0x8B, 0x0E, 0xE0, 0xEE, 0xEE, 0x0E, 0x00, 0x00, 0x00, 0x00, 0x00, 0x00, 0x00, 0x00,
    0x00, 0x00, 0x80, 0x22, 0x00, 0x00, 0x00, 0x28, 0x00, 0x00, 0x00, 0x28, 0x00, 0x00, 0x00, 0x38,
    0x00, 0x00, 0x00, 0x38, 0x00, 0x00, 0x00, 0x38, 0x00, 0x00, 0x00, 0x80, 0x00, 0x00, 0x00, 0x80,
    0x05, 0x00, 0x00, 0x00, 0x55, 0x00, 0x00, 0x00, 0x52, 0x00, 0x00, 0x00, 0x52, 0x00, 0x00, 0x00,
    0x52, 0x00, 0x00, 0x00, 0x52, 0x00, 0x00, 0x00, 0x23, 0x05, 0x00, 0x00, 0x33, 0x05, 0x00, 0x00,
    0x00, 0x00, 0x00, 0x80, 0x00, 0x00, 0x00, 0x80, 0x00, 0x00, 0x00, 0x00, 0x00, 0x00, 0x00, 0x00,
    0x00, 0x00, 0x00, 0x00, 0x00, 0x00, 0x00, 0x00, 0x00, 0x00, 0x00, 0x00, 0x00, 0x00, 0x00, 0x00,
    0x38, 0x05, 0x00, 0x00, 0x38, 0x55, 0x00, 0x00, 0x38, 0x52, 0x00, 0x00, 0x88, 0x53, 0x00, 0x00,
    0x80, 0x35, 0x05, 0x00, 0x80, 0x38, 0x55, 0x00, 0x00, 0x58, 0x52, 0x00, 0x00, 0x80, 0x55, 0x00,
    0x00, 0x00, 0x00, 0x00, 0x00, 0x00, 0x00, 0x00, 0x00, 0x00, 0x00, 0x00, 0x00, 0x00, 0xE0, 0xEE,
    0x00, 0x00, 0x6E, 0x68, 0x00, 0xE0, 0x86, 0x86, 0x00, 0x99, 0x89, 0xE8, 0x00, 0x39, 0x91, 0x88,
    0xF0, 0xFD, 0x00, 0x00, 0xD0, 0xFD, 0x00, 0x00, 0xD0, 0x0F, 0x00, 0x00, 0x2E, 0x0F, 0x00, 0x00,
    0xE6, 0xFE, 0x00, 0x00, 0x88, 0xEE, 0x00, 0x00, 0xFE, 0xFD, 0x00, 0x90, 0xE6, 0xFD, 0x00, 0x90,
    0x00, 0x00, 0x00, 0x00, 0x00, 0x00, 0x00, 0x00, 0x00, 0x99, 0x99, 0x99, 0x90, 0x12, 0x33, 0x23,
    0x29, 0x93, 0x99, 0x22, 0x29, 0x21, 0x93, 0x93, 0x13, 0x92, 0x39, 0x99, 0x12, 0x32, 0x93, 0x39,
    0x00, 0x00, 0x00, 0x00, 0x00, 0x00, 0x00, 0x00, 0x00, 0x00, 0x00, 0x00, 0x09, 0x00, 0x00, 0x00,
    0x92, 0x00, 0x00, 0x00, 0x29, 0x09, 0x00, 0x00, 0x23, 0x09, 0x00, 0x00, 0x21, 0x09, 0x00, 0x00,
    0x00, 0x00, 0x00, 0x00, 0x00, 0x00, 0x00, 0x00, 0x00, 0x00, 0x00, 0x00, 0x00, 0x00, 0x00, 0x00,
    0x00, 0x00, 0x00, 0x00, 0x00, 0x00, 0x00, 0x00, 0x00, 0x00, 0x00, 0x00, 0x0E, 0x00, 0x00, 0x00,
    0xE8, 0x00, 0x00, 0x00, 0xE8, 0x00, 0x00, 0x00, 0x88, 0x0E, 0x00, 0x00, 0x86, 0x0E, 0x00, 0x00,
    0x86, 0xE8, 0x00, 0x00, 0x66, 0xE8, 0x00, 0x00, 0x66, 0xE8, 0x00, 0x00, 0x68, 0x88, 0x0E, 0x00,
    0x99, 0x99, 0x09, 0x00, 0x59, 0x13, 0x95, 0x00, 0x99, 0x99, 0x99, 0x00, 0x65, 0x68, 0x66, 0x0E,
    0xE6, 0x88, 0x66, 0x0E, 0xE8, 0x8E, 0xE6, 0x00, 0x6E, 0x8E, 0xE6, 0x00, 0x8E, 0x8E, 0x0E, 0x00,
    0xE0, 0x88, 0x0E, 0x00, 0xE0, 0xEE, 0x00, 0x00, 0x00, 0x0E, 0x00, 0x00, 0x00, 0x00, 0x00, 0x00,
    0x00, 0x00, 0x00, 0x00, 0x00, 0x00, 0x00, 0x00, 0x00, 0x00, 0x00, 0x00, 0x00, 0x00, 0x00, 0x00,
    0x00, 0x00, 0x00, 0x00, 0x00, 0x00, 0x00, 0x00, 0x00, 0x00, 0x00, 0x00, 0x00, 0x00, 0x00, 0x00,
    0x00, 0x00, 0x00, 0x00, 0x00, 0x00, 0x00, 0x00, 0x00, 0x00, 0x00, 0x00, 0x00, 0x00, 0x00, 0xE0,
    0x00, 0x00, 0x00, 0xE0, 0x00, 0x00, 0x00, 0xE0, 0x00, 0x00, 0x00, 0xBE, 0x00, 0x00, 0x00, 0xBE,
    0x00, 0x00, 0x00, 0xBE, 0x00, 0x00, 0xE0, 0x8B, 0x00, 0x00, 0xE0, 0x88, 0x00, 0x00, 0xE0, 0x88,
    0x00, 0x00, 0x8E, 0xB8, 0x00, 0x00, 0x8E, 0xBB, 0x00, 0x00, 0x8E, 0xBB, 0x00, 0xE0, 0xB8, 0xBB,
    0x00, 0xE0, 0xBE, 0xBB, 0x00, 0x00, 0xE0, 0xBE, 0x00, 0x00, 0x00, 0xE0, 0x00, 0x00, 0x00, 0x00,
    0x00, 0x00, 0x00, 0x00, 0x00, 0x00, 0x00, 0x00, 0x00, 0x00, 0x00, 0x00, 0x00, 0x00, 0x00, 0x00,
    0x00, 0x00, 0x00, 0xE0, 0x00, 0x00, 0xEE, 0x6E, 0x00, 0xE0, 0x66, 0x88, 0x00, 0x6E, 0x86, 0xB8,
    0x00, 0xBE, 0xBB, 0xBB, 0x00, 0xE0, 0xEE, 0xEE, 0x00, 0x00, 0x00, 0x00, 0x00, 0x00, 0x00, 0x00,
    0x00, 0x00, 0x00, 0x00, 0x00, 0x00, 0x00, 0x00, 0x00, 0x00, 0x00, 0x00, 0x00, 0x00, 0x00, 0x00,
    0xEE, 0xEE, 0xEE, 0x00, 0x00, 0x00, 0x00, 0x00, 0x00, 0x00, 0x00, 0x00, 0x00, 0x00, 0x00, 0x00,
    0x00, 0x00, 0x00, 0x00, 0x00, 0x00, 0x00, 0x00, 0x00, 0x00, 0x00, 0x00, 0x00, 0x00, 0x00, 0x00,
    0x90, 0x99, 0x59, 0x69, 0xE0, 0x68, 0x96, 0xE9, 0x8E, 0x88, 0x96, 0xA0, 0x8E, 0x68, 0xE5, 0xA0,
    0x8E, 0x56, 0xE5, 0x00, 0x8E, 0x88, 0xE8, 0x0E, 0xE0, 0x88, 0x66, 0xE6, 0x00, 0x8E, 0x88, 0x56,
    0x00, 0xE0, 0x88, 0x68, 0x00, 0x00, 0xEE, 0x88, 0x00, 0x00, 0x00, 0x8E, 0x00, 0x00, 0x00, 0xE0,
    0x00, 0x00, 0x00, 0x00, 0x00, 0x00, 0x00, 0x00, 0x00, 0x00, 0x00, 0x00, 0x00, 0x00, 0x00, 0x00,
    0x00, 0x00, 0x00, 0x00, 0x00, 0x00, 0x00, 0x00, 0x00, 0x00, 0x00, 0x00, 0x00, 0x00, 0x00, 0x00,
    0x00, 0x00, 0x00, 0x00, 0x00, 0x00, 0x00, 0x00, 0x00, 0x00, 0x00, 0x00, 0x0E, 0x00, 0x00, 0x00,
    0x0E, 0x00, 0x00, 0x00, 0x00, 0x00, 0x00, 0x00, 0x00, 0x00, 0x00, 0x00, 0x00, 0x00, 0x00, 0x00,
    0x00, 0x00, 0x00, 0x00, 0x00, 0x00, 0x00, 0x00, 0x00, 0x00, 0x00, 0x00, 0x00, 0x00, 0x00, 0x00,
    0xF0, 0x0F, 0x00, 0x00, 0xF0, 0xFF, 0x00, 0x00, 0xF0, 0xFF, 0x00, 0x00, 0xF0, 0xFD, 0x00, 0x00,
    0xF0, 0xFD, 0x00, 0x00, 0xF0, 0xFD, 0x00, 0x00, 0xF0, 0x2D, 0x00, 0x00, 0xF0, 0x0D, 0x00, 0x00,
    0x00, 0x80, 0x58, 0x00, 0x00, 0x00, 0x00, 0x00, 0x00, 0x00, 0x00, 0x00, 0x00, 0x00, 0x00, 0x00,
    0x00, 0x00, 0x00, 0x00, 0x00, 0x00, 0x00, 0x00, 0x00, 0x00, 0x00, 0x00, 0x00, 0x00, 0x00, 0x00,
};
static const u16 sFrame19[] = {
    0x000A, 0x80BE, 0xC1FA, 0x0000, 0x00FE, 0x4002, 0x0020, 0x40B6, 0x41F2, 0x0024, 0x80C6, 0x401A,
    0x0028, 0x80DE, 0x41F2, 0x002C, 0x40FE, 0x01F2, 0x0030, 0x80BE, 0x01F2, 0x0032, 0x80E6, 0x001A,
    0x0034, 0x00AE, 0x01FA, 0x0036, 0x000E, 0x000A, 0x0037, 0x0000,
};
static const void* const sFrames19[] = { sFrame19 };
static const u8 sTiles20[1856] __attribute__((aligned(4))) = {
    0x00, 0x00, 0x00, 0x00, 0x00, 0x00, 0x00, 0x00, 0x00, 0x00, 0x00, 0x00, 0x00, 0x00, 0x00, 0x00,
    0x00, 0x00, 0x00, 0xE0, 0x00, 0x00, 0x00, 0xBE, 0x00, 0x00, 0x00, 0x8E, 0x00, 0x00, 0xE0, 0x6B,
    0x00, 0xBE, 0x68, 0x86, 0xE0, 0x8B, 0x66, 0xBB, 0xBE, 0x68, 0xB6, 0x33, 0xBE, 0x66, 0x8B, 0x8E,
    0x6B, 0x66, 0x8B, 0x8E, 0x66, 0x86, 0x8B, 0x8E, 0x66, 0xB8, 0xE3, 0x3E, 0x66, 0xB8, 0xE8, 0x8E,
    0x66, 0xB8, 0xBB, 0x8B, 0x66, 0x86, 0xBB, 0x8B, 0x6B, 0x66, 0xB8, 0x8B, 0x6B, 0x66, 0x86, 0xBB,
    0x6B, 0x66, 0x86, 0xBB, 0x8B, 0x66, 0x66, 0xB8, 0x8B, 0x66, 0x66, 0xB8, 0x8B, 0x66, 0x66, 0xB8,
    0x88, 0xB8, 0xEB, 0x00, 0x88, 0xB8, 0xEB, 0x00, 0x88, 0x88, 0xBB, 0x0E, 0x88, 0x88, 0xBB, 0x0E,
    0x88, 0x88, 0xB8, 0x0E, 0x8B, 0x88, 0xB8, 0xEB, 0x8B, 0x88, 0xB8, 0xEB, 0x8B, 0x88, 0x88, 0xEB,
    0x00, 0x00, 0xE0, 0x6B, 0x00, 0x00, 0xE0, 0x68, 0x00, 0x00, 0xE0, 0x68, 0x00, 0x00, 0xBE, 0x66,
    0x00, 0x00, 0xBE, 0x66, 0x00, 0x00, 0xBE, 0x86, 0x00, 0x00, 0x8E, 0x86, 0x00, 0x00, 0x8E, 0x86,
    0x86, 0x8B, 0xEE, 0x8E, 0x86, 0x8B, 0xEE, 0xEB, 0xB8, 0xE3, 0xBE, 0xEB, 0xB8, 0xE8, 0xBE, 0xEB,
    0xB8, 0xE8, 0xBE, 0xEB, 0x8B, 0xBE, 0xEB, 0xBB, 0x3B, 0xBE, 0xEB, 0xBB, 0x8B, 0xBE, 0xBB, 0xBE,
    0x8B, 0x66, 0x66, 0xB8, 0xB8, 0x68, 0x66, 0x86, 0xB3, 0x68, 0x66, 0x86, 0xB8, 0x68, 0x66, 0x86,
    0xB8, 0x68, 0x66, 0x86, 0x8E, 0x8B, 0x66, 0x66, 0x3E, 0x8B, 0x66, 0x66, 0xEB, 0xB8, 0x68, 0x66,
    0x8B, 0x88, 0x88, 0xEB, 0xBB, 0x88, 0x88, 0xBB, 0xBB, 0x88, 0x88, 0xBB, 0xBB, 0xBB, 0x88, 0xBB,
    0xBB, 0xBB, 0x88, 0xB8, 0xB8, 0xBB, 0x8B, 0xB8, 0xB8, 0xBB, 0x8B, 0xBB, 0xB8, 0xBB, 0xBB, 0xBB,
    0x00, 0x00, 0x8E, 0x86, 0x00, 0x00, 0x8E, 0x86, 0x00, 0x00, 0x6E, 0xB8, 0x00, 0xE0, 0x6B, 0xB8,
    0x00, 0xE0, 0x6B, 0xB8, 0x00, 0xE0, 0x6B, 0xB8, 0x00, 0xE0, 0x68, 0xB8, 0x00, 0xE0, 0x88, 0x8B,
    0x8B, 0xBE, 0xBB, 0xBE, 0x8B, 0xBE, 0xBB, 0xBE, 0xE3, 0xBB, 0xBB, 0xEB, 0xE8, 0xBB, 0xBB, 0xEB,
    0xE8, 0xBB, 0xBB, 0xEB, 0xE8, 0xBB, 0xBB, 0xBB, 0xE3, 0xBB, 0xBB, 0xBB, 0xBE, 0xBB, 0xBB, 0xEB,
    0xEB, 0xB8, 0x68, 0x66, 0xEB, 0xB8, 0x68, 0x66, 0xEB, 0xB3, 0x68, 0x66, 0xBB, 0x8E, 0x8B, 0x66,
    0xBB, 0x8E, 0x8B, 0x66, 0xBE, 0x8E, 0x8B, 0x66, 0xBE, 0x3E, 0x8B, 0x66, 0xBB, 0xEB, 0xB8, 0x68,
    0xB8, 0xBB, 0xBB, 0x8B, 0x86, 0xBB, 0xBB, 0x8B, 0x86, 0x8B, 0xBB, 0x8B, 0x86, 0x8B, 0xB8, 0xBB,
    0x86, 0xBB, 0x88, 0xBB, 0x86, 0xBB, 0x88, 0xBB, 0x86, 0xBB, 0x68, 0xB8, 0x86, 0xBB, 0x68, 0xB8,
    0x00, 0xE0, 0x88, 0x8B, 0x00, 0x00, 0x8E, 0x8B, 0x00, 0x00, 0x8E, 0x8B, 0x00, 0x00, 0x8E, 0x8B,
    0x00, 0x00, 0xEE, 0x8E, 0x00, 0x00, 0x00, 0xE0, 0x00, 0x00, 0x00, 0x00, 0x00, 0x00, 0x00, 0x00,
    0xBE, 0xBB, 0xBB, 0xBE, 0xEE, 0xBE, 0xEE, 0xBB, 0x0E, 0xE0, 0xBB, 0xBB, 0x0E, 0xE0, 0xBB, 0xEB,
    0x0E, 0x00, 0xEE, 0x0E, 0x0E, 0x00, 0x00, 0x00, 0x00, 0x00, 0x00, 0x00, 0x00, 0x00, 0x00, 0x00,
    0xBB, 0xEB, 0xB8, 0x68, 0xBB, 0xEB, 0xB8, 0x68, 0xEB, 0xEE, 0xB8, 0x68, 0x0E, 0x00, 0x8E, 0x8B,
    0x00, 0x00, 0x8E, 0x8B, 0x00, 0x00, 0xEE, 0xEE, 0x00, 0x00, 0xE0, 0x88, 0x00, 0x00, 0x00, 0x8E,
    0x66, 0xB8, 0x68, 0xB8, 0x66, 0xB8, 0x68, 0x86, 0x66, 0xB8, 0x8B, 0x86, 0x66, 0xB8, 0x8B, 0x66,
    0x66, 0xB8, 0x8B, 0x66, 0x66, 0xB8, 0x8B, 0xEE, 0xEE, 0xEE, 0xEE, 0x00, 0xBB, 0xEB, 0x00, 0x00,
    0x00, 0x00, 0x00, 0x00, 0x00, 0x00, 0x00, 0x80, 0x00, 0x00, 0x00, 0x38, 0x00, 0x00, 0x80, 0x33,
    0xAA, 0x0A, 0x58, 0x23, 0x7A, 0xA7, 0x55, 0x52, 0xA0, 0x77, 0x2A, 0x55, 0xF0, 0x7A, 0xA1, 0x05,
    0x38, 0x23, 0x55, 0x00, 0x33, 0x52, 0x05, 0x00, 0x23, 0x55, 0x00, 0x00, 0x52, 0x05, 0x00, 0x00,
    0x55, 0x00, 0x00, 0x00, 0x05, 0x00, 0x00, 0x00, 0x00, 0x00, 0x00, 0x00, 0x00, 0x00, 0x00, 0x00,
    0x00, 0x00, 0x00, 0x00, 0x00, 0x00, 0x00, 0x00, 0x00, 0x00, 0x00, 0x00, 0x00, 0x00, 0x00, 0x00,
    0x00, 0x00, 0x00, 0x00, 0x00, 0x90, 0x99, 0x99, 0x90, 0x33, 0x33, 0x21, 0x29, 0x13, 0x21, 0x19,
    0x00, 0x00, 0x00, 0x00, 0x00, 0x00, 0x00, 0x00, 0x00, 0x00, 0x00, 0x00, 0x00, 0x00, 0x00, 0x00,
    0x00, 0x00, 0x00, 0x00, 0x00, 0x00, 0x00, 0x00, 0x09, 0x00, 0x00, 0x00, 0x91, 0x00, 0x00, 0x00,
    0xEE, 0xAD, 0x11, 0x0A, 0x66, 0xFE, 0x1A, 0x07, 0x88, 0xE6, 0xA0, 0xAA, 0x86, 0x99, 0xE9, 0x00,
    0x88, 0x39, 0x89, 0x0E, 0x88, 0x19, 0x69, 0xE6, 0xEE, 0x59, 0x89, 0x86, 0x00, 0x90, 0x89, 0x88,
    0x00, 0x00, 0x00, 0x90, 0x00, 0x00, 0x00, 0x30, 0x00, 0x00, 0x00, 0x19, 0x00, 0x00, 0x00, 0x19,
    0x00, 0x00, 0x00, 0x29, 0x0E, 0x00, 0x00, 0x29, 0xE8, 0xEE, 0x0E, 0x29, 0x68, 0x56, 0xE5, 0xEE,
    0x22, 0x91, 0x21, 0x92, 0x11, 0x29, 0x19, 0x92, 0x99, 0x29, 0x92, 0x99, 0x17, 0x39, 0x33, 0x33,
    0x27, 0x11, 0x91, 0x59, 0x2A, 0xE1, 0x2E, 0x2E, 0x1A, 0x62, 0x21, 0x1E, 0x1A, 0x11, 0xE1, 0x11,
    0x91, 0x00, 0x00, 0x00, 0x22, 0x09, 0x00, 0x00, 0x29, 0x09, 0x00, 0x00, 0x29, 0x92, 0x00, 0x00,
    0xEE, 0x92, 0x00, 0x00, 0x32, 0xEE, 0x00, 0x00, 0x13, 0x32, 0x0E, 0x00, 0x52, 0x22, 0xE3, 0x00,
    0x88, 0x68, 0x66, 0x88, 0x8E, 0x88, 0x68, 0x86, 0xE0, 0xEE, 0x8E, 0x88, 0x00, 0x00, 0xE0, 0x8E,
    0x00, 0x00, 0x00, 0xE0, 0x00, 0x00, 0x00, 0x00, 0x00, 0x00, 0x00, 0x00, 0x00, 0x00, 0x00, 0x00,
    0xEE, 0xEE, 0xEE, 0x23, 0x66, 0x66, 0x66, 0x3E, 0x68, 0x66, 0x55, 0xE6, 0x88, 0x68, 0x65, 0x66,
    0x88, 0x68, 0x66, 0x66, 0x8E, 0x88, 0x88, 0x88, 0xE0, 0xEE, 0x8E, 0x88, 0xE0, 0xA2, 0xEE, 0xEE,
    0x22, 0x32, 0xE5, 0x00, 0x33, 0xEE, 0x2E, 0x09, 0xEE, 0x11, 0x53, 0x09, 0x35, 0x22, 0x32, 0x9E,
    0x58, 0x3E, 0x52, 0x9E, 0xBE, 0xEB, 0xEE, 0x23, 0xBE, 0xBB, 0xEB, 0x23, 0xBB, 0xBB, 0x3E, 0x33,
    0x00, 0x00, 0x00, 0x00, 0x00, 0x00, 0x00, 0x00, 0x00, 0x00, 0x00, 0x00, 0x00, 0x00, 0x00, 0x00,
    0x00, 0x00, 0x00, 0x00, 0x09, 0x00, 0x00, 0x00, 0x92, 0x00, 0x00, 0x00, 0x21, 0x09, 0x00, 0x00,
    0x00, 0x00, 0x00, 0x00, 0x00, 0x00, 0x00, 0x00, 0x00, 0x00, 0x00, 0x00, 0x00, 0x00, 0x00, 0x00,
    0x00, 0x00, 0x00, 0x00, 0x00, 0x00, 0x00, 0x00, 0x00, 0x00, 0x00, 0xE0, 0x00, 0x00, 0x00, 0xE0,
    0x1E, 0xA2, 0xBE, 0xBB, 0x7E, 0xEA, 0xBB, 0xBB, 0xEE, 0xBE, 0xBE, 0xBB, 0xBE, 0xEB, 0xBB, 0xBB,
    0xEE, 0x8E, 0xBB, 0xBB, 0x8E, 0xB8, 0xBB, 0xBB, 0x33, 0xBB, 0xBB, 0xBB, 0x88, 0x88, 0xBB, 0xBB,
    0xBB, 0x8B, 0x3E, 0x32, 0xBB, 0x88, 0x3E, 0x31, 0x88, 0x88, 0x3E, 0x32, 0x8B, 0xB8, 0x2E, 0x93,
    0x88, 0xE8, 0x29, 0x93, 0x88, 0xE8, 0x39, 0x32, 0x88, 0xE8, 0x90, 0x23, 0x88, 0xE8, 0x90, 0x33,
    0x31, 0x92, 0x00, 0x00, 0x32, 0x93, 0x00, 0x00, 0x23, 0x33, 0x09, 0x00, 0x23, 0x31, 0x92, 0x00,
    0x33, 0x12, 0x93, 0x09, 0x39, 0x23, 0x99, 0x92, 0x93, 0x93, 0x92, 0x09, 0x32, 0x99, 0x09, 0x09,
    0x00, 0x00, 0x00, 0xE0, 0x00, 0x00, 0x00, 0xBE, 0x00, 0x00, 0xE0, 0xBB, 0x00, 0x00, 0xE0, 0x8B,
    0x00, 0x00, 0xBE, 0x88, 0x00, 0xE0, 0xBB, 0x88, 0x00, 0xE0, 0x8B, 0x36, 0x00, 0xBE, 0x68, 0x86,
    0x68, 0x86, 0xBB, 0x8B, 0x68, 0xB8, 0xBB, 0x8B, 0x33, 0xB8, 0xBB, 0x8B, 0x68, 0xB8, 0xBB, 0x8B,
    0x68, 0xB8, 0xBB, 0x8B, 0x68, 0xB8, 0xBB, 0x8B, 0x63, 0xB8, 0xBB, 0x8B, 0x66, 0xB8, 0xBB, 0x8B,
    0x88, 0xE8, 0x00, 0x99, 0x88, 0xE8, 0x00, 0x00, 0x88, 0xE8, 0x00, 0x00, 0x88, 0xEB, 0x00, 0x00,
    0x88, 0xEB, 0x00, 0x00, 0x88, 0xBB, 0x0E, 0x00, 0x88, 0xB8, 0x0E, 0x00, 0x88, 0xB8, 0xEB, 0x00,
    0x93, 0x90, 0x00, 0x00, 0x99, 0x00, 0x09, 0x00, 0x90, 0x00, 0x00, 0x00, 0x00, 0x00, 0x00, 0x00,
    0x00, 0x00, 0x00, 0x00, 0x00, 0x00, 0x00, 0x00, 0x00, 0x00, 0x00, 0x00, 0x00, 0x00, 0x00, 0x00,
    0x00, 0x00, 0x00, 0x00, 0x00, 0x00, 0x00, 0x00, 0x00, 0x00, 0x00, 0x00, 0x00, 0x00, 0x00, 0x00,
    0x00, 0x00, 0x80, 0x88, 0x00, 0x00, 0x88, 0x35, 0x00, 0x80, 0x38, 0x33, 0x00, 0x88, 0x23, 0x53,
    0x00, 0x00, 0x00, 0x88, 0x00, 0x80, 0x88, 0x55, 0x80, 0x88, 0x25, 0x53, 0x58, 0x35, 0x22, 0x05,
    0x33, 0x53, 0x55, 0x00, 0x23, 0x55, 0x00, 0x00, 0x55, 0x05, 0x00, 0x00, 0x00, 0x00, 0x00, 0x00,
    0x00, 0x00, 0x00, 0x00, 0x00, 0x00, 0x00, 0x00, 0x00, 0x00, 0x00, 0x80, 0x00, 0x00, 0x00, 0x88,
    0x00, 0x00, 0x80, 0x28, 0x00, 0x00, 0x88, 0x12, 0x00, 0x80, 0x28, 0x12, 0x00, 0x88, 0x23, 0x52,
    0x80, 0x38, 0x22, 0x05, 0x88, 0x22, 0x52, 0x00, 0x28, 0x22, 0x05, 0x00, 0x12, 0x51, 0x00, 0x00,
    0x11, 0x05, 0x00, 0x00, 0x51, 0x00, 0x00, 0x00, 0x05, 0x00, 0x00, 0x00, 0x00, 0x00, 0x00, 0x00,
    0x00, 0x00, 0x00, 0x00, 0x00, 0x00, 0x00, 0x80, 0x00, 0x00, 0x00, 0x58, 0x00, 0x00, 0x80, 0x55,
    0x00, 0x00, 0x38, 0x23, 0x00, 0x80, 0x33, 0x52, 0x00, 0x38, 0x23, 0x55, 0x80, 0x33, 0x52, 0x05,
    0x88, 0x38, 0x22, 0x05, 0x55, 0x23, 0x52, 0x00, 0x35, 0x55, 0x05, 0x00, 0x53, 0x05, 0x00, 0x00,
    0x55, 0x00, 0x00, 0x00, 0x05, 0x00, 0x00, 0x00, 0x00, 0x00, 0x00, 0x00, 0x00, 0x00, 0x00, 0x00,
    0x00, 0x00, 0x00, 0x00, 0x00, 0x00, 0x00, 0x80, 0x00, 0x00, 0x00, 0x28, 0x00, 0x00, 0x80, 0x22,
    0x00, 0x00, 0x28, 0x22, 0x00, 0x80, 0x22, 0x52, 0x00, 0x28, 0x22, 0x55, 0x80, 0x22, 0x52, 0x05,
    0x38, 0x23, 0x55, 0x00, 0x33, 0x52, 0x05, 0x00, 0x22, 0x55, 0x00, 0x00, 0x52, 0x05, 0x00, 0x00,
    0x55, 0x00, 0x00, 0x00, 0x05, 0x00, 0x00, 0x00, 0x00, 0x00, 0x00, 0x00, 0x00, 0x00, 0x00, 0x00,
    0x00, 0x00, 0x00, 0x00, 0x00, 0x00, 0x00, 0x80, 0x00, 0x00, 0x00, 0x28, 0x00, 0x00, 0x80, 0x22,
    0x00, 0x00, 0x28, 0x12, 0x00, 0x80, 0x22, 0x51, 0x00, 0x28, 0x22, 0x55, 0x80, 0x22, 0x52, 0x05,
    0x28, 0x12, 0x55, 0x00, 0x22, 0x51, 0x05, 0x00, 0x12, 0x55, 0x00, 0x00, 0x51, 0x05, 0x00, 0x00,
    0x55, 0x00, 0x00, 0x00, 0x05, 0x00, 0x00, 0x00, 0x00, 0x00, 0x00, 0x00, 0x00, 0x00, 0x00, 0x00,
    0x00, 0x00, 0x00, 0x00, 0x00, 0x00, 0x00, 0x80, 0x00, 0x00, 0x00, 0x38, 0x00, 0x00, 0x80, 0x33,
    0x00, 0x00, 0x38, 0x23, 0x00, 0x80, 0x33, 0x52, 0x00, 0x38, 0x23, 0x55, 0x80, 0x33, 0x52, 0x05,
    0x28, 0x22, 0x55, 0x00, 0x22, 0x52, 0x05, 0x00, 0x23, 0x55, 0x00, 0x00, 0x52, 0x05, 0x00, 0x00,
    0x55, 0x00, 0x00, 0x00, 0x05, 0x00, 0x00, 0x00, 0x00, 0x00, 0x00, 0x00, 0x00, 0x00, 0x00, 0x00,
    0x00, 0xD0, 0xFD, 0x00, 0x00, 0xDF, 0xF2, 0x00, 0xF0, 0xDD, 0x0F, 0x00, 0xD0, 0xF2, 0x00, 0x00,
    0xFF, 0x0F, 0x00, 0x00, 0xFF, 0x00, 0x00, 0x00, 0x00, 0x00, 0x00, 0x00, 0x00, 0x00, 0x00, 0x00,
    0x00, 0x00, 0xE0, 0x8E, 0x00, 0x00, 0x00, 0xE0, 0x00, 0x00, 0x00, 0x00, 0x00, 0x00, 0x00, 0x00,
    0x00, 0x00, 0x00, 0x00, 0x00, 0x00, 0x00, 0x00, 0x00, 0x00, 0x00, 0x00, 0x00, 0x00, 0x00, 0x00,
    0x00, 0x00, 0x00, 0x00, 0x00, 0x00, 0x00, 0x00, 0x00, 0x00, 0x00, 0x00, 0x00, 0x00, 0x00, 0x00,
    0x00, 0x00, 0x00, 0xE0, 0x00, 0x00, 0x00, 0xE0, 0x00, 0x00, 0x00, 0x00, 0x00, 0x00, 0x00, 0x00,
    0x00, 0x00, 0x00, 0x6E, 0x00, 0x00, 0x00, 0x8E, 0x00, 0xE0, 0xEE, 0x8E, 0xEE, 0x6E, 0x86, 0x88,
    0x66, 0x86, 0x88, 0x88, 0x66, 0x88, 0xBB, 0xBB, 0xEE, 0xEE, 0xEE, 0xEE, 0x00, 0x00, 0x00, 0x00,
    0x00, 0x00, 0x00, 0x00, 0x0E, 0x00, 0x00, 0x00, 0x0E, 0x00, 0x00, 0x00, 0x0E, 0x00, 0x00, 0x00,
    0xEB, 0x00, 0x00, 0x00, 0xEB, 0x00, 0x00, 0x00, 0xEB, 0x00, 0x00, 0x00, 0xBB, 0x0E, 0x00, 0x00,
    0xBB, 0xEB, 0x00, 0x00, 0xBB, 0xEB, 0x00, 0x00, 0xB8, 0xBB, 0x0E, 0x00, 0x88, 0xBB, 0x0E, 0x00,
    0x88, 0xBB, 0x0E, 0x00, 0x88, 0xBB, 0x0E, 0x00, 0x8B, 0xB8, 0xEB, 0x00, 0x8B, 0xB8, 0xEB, 0x00,
    0x00, 0x00, 0x00, 0x00, 0x08, 0x00, 0x00, 0x00, 0x00, 0x00, 0x00, 0x00, 0x00, 0x00, 0x00, 0x00,
    0x00, 0x00, 0x00, 0x00, 0x00, 0x00, 0x00, 0x00, 0x00, 0x00, 0x00, 0x00, 0x00, 0x00, 0x00, 0x00,
    0x00, 0x00, 0xE0, 0xEE, 0x00, 0x00, 0xE0, 0x65, 0x00, 0x00, 0x6E, 0x88, 0x00, 0x00, 0xE0, 0x58,
    0x00, 0x00, 0xE0, 0x86, 0x00, 0x00, 0xDF, 0xEE, 0x00, 0xF0, 0xDF, 0x0F, 0x00, 0xF0, 0xFD, 0x0F,
    0x8B, 0x88, 0xEB, 0x00, 0xBB, 0x88, 0xEB, 0x00, 0xBB, 0x88, 0xBB, 0x0E, 0xB8, 0x88, 0xB8, 0x0E,
    0xB8, 0x88, 0xEE, 0x0E, 0xEE, 0xEE, 0x00, 0x00, 0x00, 0x00, 0x00, 0x00, 0x00, 0x00, 0x00, 0x00,
    0xB8, 0xEB, 0x00, 0x00, 0xB8, 0xEB, 0x00, 0x00, 0xB8, 0xEB, 0x00, 0x00, 0xB8, 0xEB, 0x00, 0x00,
    0xBB, 0xEB, 0x00, 0x00, 0xBB, 0x0E, 0x00, 0x00, 0xEE, 0x00, 0x00, 0x00, 0x00, 0x00, 0x00, 0x00,
};
static const u16 sFrame20[] = {
    0x0011, 0x00D9, 0x81E9, 0x0000, 0x40B1, 0x81E9, 0x0010, 0x40C1, 0x81F1, 0x0018, 0x40D1, 0x41F1,
    0x0020, 0x4081, 0x0019, 0x0024, 0x4089, 0x0011, 0x0026, 0x4091, 0x0009, 0x0028, 0x4099, 0x0001,
    0x002A, 0x40A1, 0x01F9, 0x002C, 0x40A9, 0x01F1, 0x002E, 0x40C1, 0x01E1, 0x0030, 0x40F9, 0x01F1,
    0x0032, 0x80E1, 0x0009, 0x0034, 0x0081, 0x0029, 0x0036, 0x00B9, 0x01E1, 0x0037, 0x00F1, 0x0009,
    0x0038, 0x00F9, 0x0001, 0x0039, 0x0000,
};
static const void* const sFrames20[] = { sFrame20 };
static const u8 sTiles21[1984] __attribute__((aligned(4))) = {
    0x00, 0x00, 0x90, 0xA2, 0x00, 0x00, 0x00, 0xA9, 0x00, 0x00, 0x00, 0xA9, 0x00, 0x00, 0x00, 0xA0,
    0x00, 0x00, 0x00, 0x00, 0x00, 0x00, 0x00, 0xE0, 0x00, 0x00, 0x00, 0x2E, 0x00, 0x00, 0x00, 0x2E,
    0x12, 0xEE, 0x92, 0x32, 0x21, 0x16, 0x22, 0x37, 0x11, 0x11, 0x21, 0xE5, 0x12, 0x11, 0xE5, 0xE3,
    0x2A, 0x21, 0x1E, 0x1E, 0x73, 0xA7, 0x2E, 0x3E, 0xE2, 0x72, 0xEE, 0xEE, 0xE5, 0xA2, 0x6E, 0x66,
    0x21, 0x09, 0x00, 0x00, 0xE5, 0x0E, 0x00, 0x00, 0x22, 0xE3, 0x0E, 0x00, 0x31, 0x21, 0xE3, 0x00,
    0x21, 0x25, 0x32, 0x0E, 0x22, 0x22, 0x53, 0x0E, 0x33, 0xE3, 0xEE, 0x93, 0xEE, 0x1E, 0x31, 0x35,
    0x00, 0x00, 0x00, 0x00, 0x00, 0x00, 0x00, 0x00, 0x00, 0x00, 0x00, 0x00, 0x00, 0x00, 0x00, 0x00,
    0x00, 0x00, 0x00, 0x00, 0x00, 0x00, 0x00, 0x00, 0x00, 0x00, 0x00, 0x00, 0x09, 0x00, 0x00, 0x00,
    0x00, 0x00, 0x00, 0xE0, 0x00, 0x00, 0x00, 0x00, 0x00, 0x00, 0x00, 0x00, 0x00, 0x00, 0x00, 0xEE,
    0x00, 0x00, 0xE0, 0x88, 0x00, 0xE0, 0x6E, 0x86, 0xE0, 0x5E, 0x65, 0x66, 0x6E, 0x66, 0x66, 0x88,
    0x2E, 0xEA, 0x66, 0x66, 0xEE, 0x5E, 0x65, 0x86, 0x6E, 0x55, 0x66, 0x86, 0x68, 0x66, 0x66, 0x88,
    0x66, 0x86, 0x88, 0xE8, 0x88, 0x88, 0xE8, 0xBE, 0x88, 0xE8, 0xBE, 0x8B, 0x88, 0xEE, 0xBE, 0xB8,
    0x58, 0x23, 0x22, 0xE3, 0x88, 0xE5, 0x23, 0xE5, 0xE8, 0xBB, 0xEE, 0x3E, 0xE8, 0xBB, 0xEB, 0x32,
    0xBE, 0xBB, 0xE8, 0x33, 0xBB, 0x88, 0xE8, 0x23, 0xBB, 0x8B, 0xE8, 0x93, 0xBB, 0x88, 0xE8, 0x13,
    0x09, 0x00, 0x00, 0x00, 0x93, 0x00, 0x00, 0x00, 0x23, 0x09, 0x00, 0x00, 0x21, 0x09, 0x00, 0x00,
    0x31, 0x92, 0x00, 0x00, 0x23, 0x23, 0x09, 0x00, 0x32, 0x31, 0x93, 0x00, 0x32, 0x32, 0x23, 0x09,
    0x88, 0x66, 0x88, 0x88, 0x86, 0x88, 0x88, 0xEE, 0x88, 0x88, 0xEE, 0x00, 0xE8, 0xEE, 0x00, 0x00,
    0x0E, 0x00, 0x00, 0x00, 0x00, 0x00, 0x00, 0x00, 0x0F, 0x00, 0x00, 0x00, 0xFD, 0x00, 0x00, 0x00,
    0xEE, 0xBE, 0xBB, 0xB8, 0x00, 0x3E, 0x83, 0xB8, 0x00, 0x8E, 0x88, 0x86, 0x00, 0x6E, 0x88, 0x66,
    0x00, 0x6E, 0x88, 0x86, 0xE0, 0x68, 0x33, 0x86, 0xE0, 0x68, 0x88, 0x86, 0xBE, 0x66, 0x88, 0x86,
    0xBB, 0x8B, 0x88, 0x2E, 0xBB, 0x8B, 0x88, 0x3E, 0xB8, 0x8B, 0x88, 0x3E, 0xB8, 0x8B, 0x88, 0x3E,
    0xBB, 0x8B, 0x88, 0x3E, 0xBB, 0xBB, 0x88, 0xEB, 0xBB, 0xBB, 0x88, 0xEB, 0xBB, 0xBB, 0x88, 0xB8,
    0x39, 0x12, 0x99, 0x92, 0x39, 0x23, 0x93, 0x99, 0x92, 0x93, 0x29, 0x09, 0x92, 0x93, 0x90, 0x09,
    0x93, 0x99, 0x09, 0x00, 0x09, 0x09, 0x09, 0x00, 0x00, 0x09, 0x00, 0x00, 0x0E, 0x00, 0x00, 0x00,
    0xD2, 0x0F, 0x00, 0x00, 0xFF, 0xFF, 0x00, 0xE0, 0x00, 0x00, 0x00, 0xE0, 0x00, 0x00, 0x00, 0xE0,
    0x00, 0x00, 0x00, 0xBE, 0x00, 0x00, 0x00, 0x8E, 0x00, 0x00, 0x00, 0x8E, 0x00, 0x00, 0xE0, 0x6B,
    0x8E, 0x66, 0x88, 0x86, 0x6B, 0x66, 0x33, 0x86, 0x68, 0x66, 0x88, 0x86, 0x68, 0x66, 0x88, 0x66,
    0x66, 0x66, 0xBB, 0x66, 0x66, 0xB6, 0x33, 0x6B, 0x66, 0x8B, 0x8E, 0x6B, 0x66, 0x8B, 0x8E, 0x8B,
    0xBB, 0xBB, 0x88, 0xB8, 0xBB, 0xBB, 0x88, 0x88, 0xBB, 0xBB, 0x8B, 0x88, 0xB8, 0xBB, 0x8B, 0x88,
    0xB8, 0xBB, 0xBB, 0x88, 0x86, 0xB8, 0x8B, 0x88, 0x66, 0xB8, 0xBB, 0x88, 0x66, 0x86, 0xBB, 0x88,
    0x0E, 0x00, 0x00, 0x00, 0xEB, 0x00, 0x00, 0x00, 0xEB, 0x00, 0x00, 0x00, 0xB8, 0x0E, 0x00, 0x00,
    0xB8, 0x0E, 0x00, 0x00, 0xB8, 0xEB, 0x00, 0x00, 0x88, 0xEB, 0x00, 0x00, 0x88, 0xEB, 0x00, 0x00,
    0x00, 0x00, 0xE0, 0x68, 0x00, 0x00, 0xBE, 0x66, 0x00, 0x00, 0xBE, 0x66, 0x00, 0x00, 0x8E, 0x66,
    0x00, 0x00, 0x8E, 0x66, 0x00, 0xE0, 0x6B, 0x86, 0x00, 0xE0, 0x6B, 0x86, 0x00, 0xE0, 0x68, 0xB6,
    0xB6, 0xE8, 0xEB, 0xB8, 0xB8, 0xE3, 0xEB, 0xB3, 0xB8, 0xE8, 0xEB, 0xB8, 0x8B, 0xBE, 0xEB, 0xB8,
    0x8B, 0xBE, 0xBB, 0x8E, 0x3B, 0xBE, 0xBE, 0x3E, 0x8B, 0xBE, 0xBE, 0x8E, 0xE8, 0xBB, 0xBE, 0xEB,
    0x66, 0x86, 0xBB, 0x8B, 0x66, 0x66, 0xB8, 0x8B, 0x68, 0x66, 0xB8, 0x8B, 0x68, 0x66, 0x86, 0xBB,
    0x6B, 0x66, 0x86, 0xBB, 0x8B, 0x66, 0x66, 0xB8, 0x8B, 0x66, 0x66, 0xB8, 0xB8, 0x66, 0x66, 0xB8,
    0x88, 0xB8, 0x0E, 0x00, 0x88, 0xB8, 0x0E, 0x00, 0x88, 0xB8, 0xEB, 0x00, 0x88, 0xB8, 0xEB, 0x00,
    0x88, 0xB8, 0xEB, 0x00, 0xBB, 0xB8, 0xBB, 0x0E, 0xBB, 0xBB, 0xBB, 0x0E, 0xBB, 0xBB, 0xBB, 0xEB,
    0x00, 0xE0, 0x68, 0xB6, 0x00, 0xE0, 0x68, 0xB8, 0x00, 0xE0, 0x68, 0xB8, 0x00, 0xBE, 0x66, 0x8B,
    0x00, 0xBE, 0x66, 0x8B, 0x00, 0x8E, 0x86, 0x3B, 0x00, 0x8E, 0x86, 0x8B, 0x00, 0xE0, 0xB6, 0xE8,
    0xE8, 0xEB, 0xBB, 0xEB, 0xE3, 0xEB, 0xBB, 0xEB, 0xE8, 0xEB, 0xBB, 0xEB, 0xBE, 0xEB, 0xBB, 0xBB,
    0xBE, 0xBE, 0xBB, 0xBB, 0xBE, 0xBE, 0xBB, 0xBB, 0xBE, 0xBE, 0xBB, 0xBB, 0xBB, 0xEB, 0xBB, 0xBB,
    0xB8, 0x66, 0x66, 0x86, 0xB3, 0x68, 0x66, 0x86, 0xB8, 0x68, 0x66, 0x66, 0x8E, 0x6B, 0x66, 0x66,
    0x8E, 0x6B, 0x66, 0x66, 0x3E, 0x8B, 0x66, 0x66, 0x8E, 0x8B, 0x66, 0x66, 0xEB, 0xB8, 0x66, 0x66,
    0xBB, 0xBB, 0xB8, 0xEB, 0xBB, 0xBB, 0x8B, 0xEB, 0xB8, 0x88, 0x8B, 0xB8, 0xB8, 0x88, 0xBB, 0xB8,
    0xB8, 0x68, 0xB8, 0x88, 0xB8, 0x68, 0xB8, 0x88, 0xB8, 0x68, 0x86, 0x8B, 0xB8, 0x8B, 0x86, 0x8B,
    0x00, 0xE0, 0xB6, 0xE8, 0x00, 0xE0, 0xB6, 0xE3, 0x00, 0xE0, 0xB8, 0xE8, 0x00, 0x00, 0xBE, 0xE8,
    0x00, 0x00, 0x8E, 0x8B, 0x00, 0x00, 0xEE, 0x8E, 0x00, 0x00, 0x00, 0xE0, 0x00, 0x00, 0xE0, 0xBE,
    0xBB, 0xEB, 0xBB, 0xBB, 0xBB, 0xEB, 0xBB, 0xBB, 0xBB, 0xBB, 0xBE, 0xBB, 0xBB, 0xBB, 0xBE, 0xBB,
    0xBE, 0xBB, 0xEE, 0xBB, 0xBE, 0xBB, 0x0E, 0xEE, 0xBE, 0xBB, 0xEB, 0x00, 0xBB, 0xBB, 0xEB, 0x00,
    0xEB, 0xB8, 0x68, 0x66, 0xEB, 0xB3, 0x68, 0x66, 0xBB, 0x8E, 0x6B, 0x66, 0xBB, 0x8E, 0x6B, 0x66,
    0xBB, 0x8E, 0x8B, 0x66, 0xEE, 0x8E, 0x8B, 0x66, 0x00, 0xE0, 0xB8, 0xEE, 0x00, 0xE0, 0xE8, 0x00,
    0xB8, 0x8B, 0x86, 0xBB, 0xB8, 0x8B, 0x66, 0xB8, 0xB8, 0x8B, 0x66, 0xB8, 0x86, 0x8B, 0x66, 0xEE,
    0x86, 0x8B, 0xEE, 0xBB, 0x86, 0xEE, 0xBE, 0xBB, 0xEE, 0x00, 0xE0, 0xB8, 0x00, 0x00, 0xE0, 0x88,
    0x00, 0x00, 0xBE, 0xBB, 0x00, 0xE0, 0xBB, 0xBB, 0x00, 0xE0, 0xBB, 0xBB, 0x00, 0x00, 0xEE, 0xEE,
    0x00, 0x00, 0x00, 0x00, 0x00, 0x00, 0x00, 0x00, 0x00, 0x00, 0x00, 0x00, 0x00, 0x00, 0x00, 0x00,
    0xBB, 0xEB, 0x0E, 0x00, 0xBB, 0x0E, 0x00, 0x00, 0xEE, 0x00, 0x00, 0x00, 0x00, 0x00, 0x00, 0x00,
    0x00, 0x00, 0x00, 0x00, 0x00, 0x00, 0x00, 0x00, 0x00, 0x00, 0x00, 0x00, 0x00, 0x00, 0x00, 0x00,
    0x00, 0x00, 0x0E, 0x00, 0x00, 0x00, 0x00, 0x00, 0x00, 0x00, 0x00, 0x00, 0x00, 0x00, 0x00, 0x00,
    0x00, 0x00, 0x00, 0x00, 0x00, 0x00, 0x00, 0x00, 0x00, 0x00, 0x00, 0x00, 0x00, 0x00, 0x00, 0x00,
    0x00, 0x00, 0x00, 0x8E, 0x00, 0x00, 0x00, 0x8E, 0x00, 0x00, 0x00, 0xE0, 0x00, 0x00, 0x00, 0xE0,
    0x00, 0x00, 0xEE, 0xEE, 0xE0, 0xEE, 0x66, 0x88, 0x6E, 0x66, 0x88, 0x88, 0x6E, 0x86, 0xB8, 0xBB,
    0x05, 0x00, 0x00, 0x00, 0x55, 0x00, 0x00, 0x00, 0x52, 0x05, 0x00, 0x00, 0x23, 0x52, 0x00, 0x00,
    0x38, 0x22, 0x05, 0x00, 0x80, 0x22, 0x51, 0x00, 0x00, 0x28, 0x12, 0x55, 0x00, 0x80, 0x22, 0x51,
    0x00, 0x00, 0x00, 0x00, 0x00, 0x00, 0x00, 0x00, 0x00, 0x00, 0x00, 0x00, 0x00, 0x00, 0x00, 0x00,
    0x00, 0x00, 0x00, 0x00, 0x00, 0x00, 0x00, 0x00, 0x00, 0x00, 0x00, 0x00, 0x05, 0x00, 0x00, 0x00,
    0x00, 0x00, 0x28, 0x22, 0x00, 0x00, 0x80, 0x28, 0x00, 0x00, 0x00, 0x80, 0x00, 0x00, 0x00, 0x00,
    0x00, 0x00, 0x00, 0x00, 0x00, 0x00, 0x00, 0x00, 0x00, 0x00, 0x00, 0x00, 0x00, 0x00, 0x00, 0x00,
    0x52, 0x00, 0x00, 0x00, 0x22, 0x05, 0x00, 0x00, 0x23, 0x52, 0x00, 0x00, 0x38, 0x23, 0x05, 0x00,
    0x80, 0x33, 0x05, 0x00, 0x00, 0x38, 0x53, 0x00, 0x00, 0x80, 0x35, 0x55, 0x00, 0x00, 0x58, 0x52,
    0x55, 0x00, 0x00, 0x00, 0x22, 0x05, 0x00, 0x00, 0x23, 0x52, 0x00, 0x00, 0x38, 0x23, 0x55, 0x00,
    0x80, 0x38, 0x52, 0x05, 0x00, 0x80, 0x23, 0x55, 0x00, 0x00, 0x28, 0x22, 0x00, 0x00, 0x80, 0x22,
    0x00, 0x00, 0x00, 0x00, 0x00, 0x00, 0x00, 0x00, 0x00, 0x00, 0x00, 0x00, 0x00, 0x00, 0x00, 0x00,
    0x00, 0x00, 0x00, 0x00, 0x00, 0x00, 0x00, 0x00, 0x05, 0x00, 0x00, 0x00, 0x52, 0x00, 0x00, 0x00,
    0x00, 0x00, 0x00, 0x28, 0x00, 0x00, 0x00, 0x80, 0x00, 0x00, 0x00, 0x00, 0x00, 0x00, 0x00, 0x00,
    0x00, 0x00, 0x00, 0x00, 0x00, 0x00, 0x00, 0x00, 0x00, 0x00, 0x00, 0x00, 0x00, 0x00, 0x00, 0x00,
    0x22, 0x55, 0x00, 0x00, 0x22, 0x51, 0x05, 0x00, 0x28, 0x12, 0x55, 0x00, 0x80, 0x22, 0x11, 0x05,
    0x00, 0x88, 0x12, 0x51, 0x00, 0x80, 0x28, 0x11, 0x00, 0x00, 0x80, 0x22, 0x00, 0x00, 0x00, 0x28,
    0x00, 0x00, 0x00, 0x00, 0x00, 0x00, 0x00, 0x00, 0x0E, 0x00, 0x00, 0x00, 0x0E, 0x00, 0x00, 0x00,
    0xEB, 0x00, 0x00, 0x00, 0xEB, 0x00, 0x00, 0x00, 0xB8, 0x0E, 0x00, 0x00, 0xB8, 0x0E, 0x00, 0x00,
    0x88, 0xEB, 0x00, 0x00, 0x88, 0xEE, 0x00, 0x00, 0xEE, 0x00, 0x00, 0x00, 0xEB, 0x00, 0x00, 0x00,
    0xBB, 0x0E, 0x00, 0x00, 0xBB, 0x0E, 0x00, 0x00, 0xBB, 0xEB, 0x00, 0x00, 0xBB, 0xEB, 0x00, 0x00,
    0xB8, 0xBB, 0x0E, 0x00, 0xB8, 0xBB, 0x0E, 0x00, 0xB8, 0xBB, 0x0E, 0x00, 0x88, 0xBB, 0x0E, 0x00,
    0x88, 0xBB, 0x0E, 0x00, 0x88, 0xBB, 0x0E, 0x00, 0xB8, 0xBB, 0x0E, 0x00, 0xBB, 0xEB, 0x00, 0x00,
    0xEE, 0x0E, 0x00, 0x00, 0x00, 0x00, 0x00, 0x00, 0x00, 0x00, 0x00, 0x00, 0x00, 0x00, 0x00, 0x00,
    0x00, 0x00, 0x00, 0x00, 0x00, 0x00, 0x00, 0x00, 0x00, 0x00, 0x00, 0x00, 0x00, 0x00, 0x00, 0x00,
    0x00, 0x00, 0x00, 0x00, 0x00, 0x00, 0x00, 0x00, 0x00, 0x00, 0x00, 0x90, 0x00, 0x00, 0x00, 0x29,
    0x00, 0x00, 0x00, 0x13, 0x00, 0x00, 0x90, 0x91, 0x00, 0x00, 0x90, 0x71, 0x00, 0x00, 0x90, 0x72,
    0x00, 0x99, 0x99, 0x09, 0x39, 0x33, 0x13, 0x92, 0x32, 0x11, 0x92, 0x11, 0x12, 0x19, 0x22, 0x19,
    0x91, 0x92, 0x29, 0x29, 0x99, 0x22, 0x91, 0x99, 0x91, 0x33, 0x23, 0x92, 0x12, 0x11, 0x39, 0x33,
    0x00, 0x00, 0x00, 0x80, 0x00, 0x00, 0x00, 0x00, 0x00, 0x00, 0x00, 0x00, 0x00, 0x00, 0x00, 0x00,
    0x00, 0x00, 0x00, 0x00, 0x00, 0x00, 0x00, 0x00, 0x00, 0x00, 0x00, 0x00, 0x00, 0x00, 0x00, 0x00,
    0x22, 0x22, 0x05, 0x00, 0x88, 0x22, 0x52, 0x00, 0x00, 0x28, 0x22, 0x55, 0x00, 0x80, 0x22, 0x52,
    0x00, 0x00, 0x28, 0x23, 0x00, 0x00, 0x80, 0x33, 0x00, 0x00, 0x00, 0x88, 0x00, 0x00, 0x00, 0x00,
    0x80, 0x33, 0x52, 0x05, 0x00, 0x38, 0x23, 0x55, 0x00, 0x80, 0x33, 0x52, 0x00, 0x00, 0x88, 0x23,
    0x00, 0x00, 0x00, 0x38, 0x00, 0x00, 0x00, 0x80, 0x00, 0x00, 0x00, 0x00, 0x00, 0x00, 0x00, 0x00,
    0x00, 0x00, 0x00, 0x00, 0x00, 0x00, 0x00, 0x00, 0x05, 0x00, 0x00, 0x00, 0x52, 0x00, 0x00, 0x00,
    0x22, 0x05, 0xA0, 0xAA, 0x33, 0x52, 0xAA, 0xA7, 0x58, 0xA5, 0x1A, 0x0A, 0x80, 0xA5, 0xA1, 0x0A,
    0x80, 0x7A, 0xAA, 0xEF, 0xA0, 0xA7, 0xDA, 0x6E, 0xA0, 0xA7, 0xFA, 0x8E, 0xA0, 0x0A, 0xE0, 0x66,
    0x00, 0x00, 0xE0, 0x88, 0x00, 0x00, 0x00, 0x6E, 0x00, 0x00, 0x00, 0xE0, 0x00, 0x00, 0x00, 0x00,
    0xEE, 0x0E, 0x00, 0xEE, 0x66, 0xE6, 0x99, 0x69, 0x85, 0x68, 0x39, 0x69, 0x88, 0x88, 0x19, 0x89,
    0x65, 0x88, 0x59, 0xE9, 0xE8, 0xEE, 0x99, 0xFF, 0x0E, 0xFF, 0xDD, 0xF2, 0x00, 0x00, 0xFF, 0xDD,
    0x88, 0x00, 0x00, 0x00, 0x58, 0x05, 0x00, 0x00, 0x88, 0x53, 0x00, 0x00, 0x80, 0x85, 0x00, 0x00,
    0x80, 0x38, 0x05, 0x00, 0x00, 0x38, 0x53, 0x00, 0x00, 0x58, 0x83, 0x00, 0x00, 0x80, 0x33, 0x05,
    0x00, 0x00, 0x38, 0x53, 0x00, 0x00, 0x50, 0x33, 0x00, 0x00, 0x00, 0x38, 0x00, 0x00, 0x00, 0x50,
    0x00, 0x00, 0x00, 0x00, 0x00, 0x00, 0x00, 0x00, 0x00, 0x00, 0x00, 0x00, 0x00, 0x00, 0x00, 0x00,
    0x00, 0x00, 0x00, 0x00, 0x00, 0x00, 0x00, 0x00, 0x00, 0x00, 0x00, 0x00, 0x00, 0x00, 0x00, 0x00,
    0x00, 0x00, 0x00, 0x00, 0x00, 0x00, 0x00, 0x00, 0x00, 0x00, 0x00, 0x00, 0x05, 0x00, 0x00, 0x00,
    0x00, 0x00, 0x80, 0x23, 0x00, 0x00, 0x00, 0x38, 0x00, 0x00, 0x00, 0x80, 0x00, 0x00, 0x00, 0x00,
    0x00, 0x00, 0x00, 0x00, 0x00, 0x00, 0x00, 0x00, 0x00, 0x00, 0x00, 0x00, 0x00, 0x00, 0x00, 0x00,
    0x00, 0x00, 0x00, 0x00, 0x00, 0x00, 0x00, 0x00, 0x00, 0x00, 0x00, 0x00, 0x00, 0x00, 0x00, 0x00,
    0x00, 0x00, 0x00, 0x00, 0x55, 0x00, 0x00, 0x00, 0x51, 0x05, 0x00, 0x00, 0x12, 0x55, 0x00, 0x00,
    0x00, 0x00, 0x00, 0x00, 0x00, 0x00, 0x00, 0x00, 0x09, 0x00, 0x00, 0x00, 0x09, 0x00, 0x00, 0x00,
    0x92, 0x00, 0x00, 0x00, 0x92, 0x00, 0x00, 0x00, 0x92, 0x00, 0x00, 0x00, 0x23, 0x09, 0x00, 0x00,
    0x00, 0x00, 0x00, 0x00, 0x00, 0x00, 0x00, 0x00, 0x00, 0x00, 0x00, 0x00, 0x05, 0x00, 0x00, 0x00,
    0x55, 0x00, 0x00, 0x00, 0x22, 0x05, 0x00, 0x00, 0x23, 0x52, 0x00, 0x00, 0x38, 0x22, 0x05, 0x00,
    0x00, 0x00, 0x00, 0x00, 0x09, 0x00, 0x00, 0x00, 0x00, 0x00, 0x00, 0x00, 0x00, 0x00, 0x00, 0x00,
    0x00, 0x00, 0x00, 0x00, 0x00, 0x00, 0x00, 0x00, 0x00, 0x00, 0x00, 0x00, 0x00, 0x00, 0x00, 0x00,
    0x00, 0x00, 0x00, 0xFF, 0x00, 0x00, 0x00, 0x00, 0x00, 0x00, 0x00, 0x00, 0x00, 0x00, 0x00, 0x00,
    0x00, 0x00, 0x00, 0x00, 0x00, 0x00, 0x00, 0x00, 0x00, 0x00, 0x00, 0x00, 0x00, 0x00, 0x00, 0x00,
    0xE0, 0xEE, 0xEE, 0xEE, 0x00, 0x00, 0x00, 0x00, 0x00, 0x00, 0x00, 0x00, 0x00, 0x00, 0x00, 0x00,
    0x00, 0x00, 0x00, 0x00, 0x00, 0x00, 0x00, 0x00, 0x00, 0x00, 0x00, 0x00, 0x00, 0x00, 0x00, 0x00,
};
static const u16 sFrame21[] = {
    0x0011, 0x80BF, 0xC1E8, 0x0000, 0x009F, 0x41A8, 0x0020, 0x00AF, 0x41B8, 0x0024, 0x80E7, 0x4008,
    0x0028, 0x40B7, 0x01E8, 0x002C, 0x40BF, 0x01C0, 0x002E, 0x40C7, 0x01D0, 0x0030, 0x40CF, 0x01D8,
    0x0032, 0x8097, 0x01A0, 0x0034, 0x00A7, 0x01B8, 0x0036, 0x00AF, 0x01B0, 0x0037, 0x00B7, 0x01C8,
    0x0038, 0x00B7, 0x01F8, 0x0039, 0x00BF, 0x01D0, 0x003A, 0x00CF, 0x0008, 0x003B, 0x00D7, 0x01E0,
    0x003C, 0x00FF, 0x0000, 0x003D, 0x0000,
};
static const void* const sFrames21[] = { sFrame21 };
static const u8 sTiles22[1760] __attribute__((aligned(4))) = {
    0x00, 0x00, 0x00, 0x00, 0x00, 0x00, 0x00, 0xEE, 0x00, 0x00, 0xEE, 0x88, 0x00, 0xE9, 0x88, 0x66,
    0x9E, 0x95, 0x68, 0x66, 0x98, 0x93, 0x68, 0x88, 0x86, 0x19, 0x89, 0xEE, 0x55, 0x59, 0xE9, 0x00,
    0xEE, 0x68, 0xE8, 0xB5, 0x68, 0x66, 0x88, 0xEE, 0x68, 0x86, 0xEE, 0xE0, 0x88, 0xE8, 0x00, 0xE0,
    0x86, 0x0E, 0x00, 0xE0, 0xEE, 0x00, 0x00, 0xBE, 0x00, 0x00, 0xE0, 0xBB, 0x00, 0x00, 0xE0, 0x8B,
    0x8A, 0xE1, 0x32, 0x3E, 0x8A, 0xA8, 0xEE, 0xE5, 0x7E, 0xA2, 0xBE, 0xBB, 0xEE, 0xEA, 0xBB, 0xEB,
    0xEB, 0xBE, 0xBE, 0xBB, 0xBE, 0xEB, 0xBB, 0x88, 0xE8, 0x8E, 0xBB, 0x8B, 0xB6, 0x8B, 0xBB, 0x8B,
    0x33, 0xEE, 0xEE, 0x00, 0xEE, 0x11, 0x53, 0xEE, 0x35, 0x22, 0x32, 0x8E, 0x5B, 0x3E, 0x52, 0x6E,
    0xEE, 0xEB, 0xEE, 0x56, 0xBB, 0xEE, 0x88, 0x66, 0xB8, 0x2E, 0xEE, 0x88, 0xB8, 0x2E, 0x92, 0xEE,
    0x56, 0x98, 0x00, 0x00, 0x86, 0x0E, 0x00, 0x00, 0xEE, 0x00, 0x00, 0x00, 0x00, 0x00, 0x00, 0x00,
    0x00, 0x00, 0x00, 0x00, 0x00, 0x00, 0x00, 0x00, 0x00, 0x00, 0x00, 0x00, 0x00, 0x00, 0x00, 0x00,
    0x00, 0x00, 0xBE, 0x68, 0x00, 0x00, 0xBE, 0x68, 0x00, 0x00, 0xBE, 0x68, 0x00, 0x00, 0xBE, 0x68,
    0x00, 0xE0, 0x8B, 0x66, 0x00, 0xE0, 0x8B, 0x66, 0x00, 0xEE, 0x68, 0x66, 0xE0, 0x8B, 0x66, 0x38,
    0x36, 0x63, 0xB8, 0x8B, 0x86, 0x68, 0xB8, 0x8B, 0x86, 0x68, 0xB8, 0x8B, 0x86, 0x68, 0x86, 0x8B,
    0x36, 0x63, 0x86, 0x8B, 0x86, 0x68, 0x86, 0x8B, 0x88, 0x68, 0x86, 0xBB, 0x83, 0x66, 0x86, 0xBB,
    0x88, 0x2E, 0x39, 0x09, 0x88, 0x3E, 0x99, 0x09, 0x88, 0x9E, 0x93, 0x00, 0x88, 0x0E, 0x09, 0x00,
    0x88, 0xEB, 0x00, 0x00, 0x88, 0xEB, 0x00, 0x00, 0x88, 0xBB, 0x0E, 0x00, 0x88, 0xB8, 0x0E, 0x00,
    0x00, 0x00, 0x00, 0x00, 0x00, 0x00, 0x00, 0xEE, 0x00, 0x00, 0xE0, 0x8B, 0x00, 0x00, 0xBE, 0x66,
    0x00, 0xE0, 0x6B, 0x66, 0x00, 0xBE, 0x68, 0x66, 0x00, 0x8E, 0x66, 0x66, 0xE0, 0x6B, 0x66, 0x66,
    0xBE, 0x66, 0xB6, 0xBB, 0x6B, 0x66, 0x8B, 0x88, 0x66, 0xB6, 0x38, 0x3E, 0x66, 0xB8, 0xE8, 0xEB,
    0x66, 0xB8, 0xE8, 0xEB, 0x66, 0x3B, 0xBE, 0xBE, 0xB6, 0xE8, 0xEE, 0xBB, 0xB8, 0xE8, 0xBB, 0xEB,
    0x88, 0x66, 0x86, 0xBB, 0x8B, 0x66, 0x86, 0xBB, 0xB8, 0x66, 0x86, 0xBB, 0xB8, 0x68, 0x86, 0xBB,
    0x8E, 0x6B, 0x86, 0xBB, 0x3E, 0x6B, 0x86, 0xBB, 0x8E, 0x6B, 0x86, 0xBB, 0xB8, 0x68, 0x66, 0xB8,
    0x88, 0xB8, 0x0E, 0x00, 0x88, 0xB8, 0x0E, 0x00, 0x8B, 0xB8, 0xEB, 0x00, 0x8B, 0x88, 0xEB, 0x00,
    0xBB, 0x88, 0xBB, 0xAE, 0xBB, 0x88, 0xBB, 0x0E, 0xBB, 0x88, 0xB8, 0xEB, 0xBB, 0x88, 0xB8, 0xEB,
    0xE0, 0x68, 0x66, 0x66, 0xBE, 0x66, 0x66, 0xB6, 0x8E, 0x66, 0x66, 0xB8, 0x6B, 0x66, 0x66, 0x8B,
    0x68, 0x66, 0x86, 0x8B, 0x66, 0x66, 0x86, 0x3B, 0x66, 0x66, 0xB6, 0xE8, 0x66, 0x66, 0xB8, 0xE8,
    0x8B, 0xBE, 0xBB, 0xEB, 0xE3, 0xBB, 0xBB, 0xEB, 0xE8, 0xBB, 0xBB, 0xEB, 0xBE, 0xBB, 0xBB, 0x8E,
    0xBE, 0xBB, 0xBB, 0x8E, 0xBE, 0xBB, 0xBB, 0x3E, 0xBB, 0xBB, 0xBB, 0x8E, 0xBB, 0xBB, 0xBB, 0x8E,
    0xB8, 0x68, 0x66, 0xB8, 0xB3, 0x66, 0x66, 0xB8, 0xB8, 0x66, 0x66, 0xB8, 0x8B, 0x66, 0x66, 0xB8,
    0x6B, 0x66, 0x66, 0xB8, 0x6B, 0x66, 0x66, 0x86, 0x6B, 0x66, 0x66, 0x86, 0x8B, 0x66, 0x66, 0x86,
    0xBB, 0x88, 0xBB, 0xEB, 0xBB, 0x8B, 0xBB, 0xBB, 0xBB, 0xBB, 0xBB, 0xB8, 0xBB, 0xBB, 0xBB, 0x88,
    0xBB, 0xBB, 0xBB, 0x8B, 0xBB, 0xBB, 0xBB, 0xB8, 0xBB, 0xBB, 0x8B, 0xB8, 0xBB, 0xBB, 0x8B, 0xB8,
    0x00, 0x00, 0x00, 0x8E, 0x00, 0x00, 0xE0, 0x8B, 0x00, 0x00, 0xE0, 0x8B, 0x00, 0x00, 0xE0, 0x88,
    0x00, 0x00, 0xE0, 0x88, 0x00, 0x00, 0xBE, 0x88, 0x00, 0x00, 0xEE, 0x8E, 0x00, 0x00, 0x00, 0xE0,
    0x66, 0x66, 0xB8, 0xE8, 0x66, 0x86, 0xB8, 0xE3, 0x66, 0x86, 0x8B, 0xBE, 0x66, 0x86, 0x8B, 0xBE,
    0x66, 0x86, 0x8B, 0xBE, 0x66, 0x88, 0x3B, 0xBE, 0x66, 0xB8, 0xE8, 0xBB, 0xEE, 0xBE, 0xE8, 0xEE,
    0xBB, 0xBB, 0xBB, 0x8E, 0xBB, 0xBB, 0xBB, 0x3E, 0xBB, 0xBB, 0xBB, 0xEB, 0xBB, 0xBB, 0xBB, 0xEB,
    0xBB, 0xBB, 0xBB, 0xEB, 0xBB, 0xBB, 0xBB, 0xEB, 0xBB, 0xBB, 0xBB, 0xEB, 0xEE, 0xEE, 0xEE, 0xEE,
    0x8B, 0x66, 0x66, 0x86, 0x8B, 0x66, 0x66, 0x86, 0xB8, 0x66, 0x66, 0x66, 0xB8, 0x66, 0x66, 0x66,
    0xB8, 0x66, 0x66, 0x66, 0xB3, 0x66, 0x66, 0x66, 0xB8, 0x68, 0x66, 0x66, 0xB8, 0x68, 0x66, 0x66,
    0x00, 0x00, 0x00, 0xE0, 0x00, 0x00, 0x00, 0xE0, 0x00, 0x00, 0xEE, 0xEE, 0x00, 0xEE, 0x66, 0x88,
    0xEE, 0x68, 0x86, 0xB8, 0xBE, 0x88, 0xB8, 0xBB, 0xE0, 0xEE, 0xEE, 0xEE, 0x00, 0x00, 0x00, 0x00,
    0xBB, 0xEB, 0xEE, 0x00, 0xBB, 0xEB, 0x00, 0x00, 0xBB, 0xEB, 0x00, 0x00, 0xBB, 0xBB, 0x0E, 0x00,
    0xBB, 0xBB, 0x0E, 0x00, 0xBB, 0xEB, 0x0E, 0x00, 0xEE, 0x0E, 0x00, 0x00, 0x00, 0x00, 0x00, 0x00,
    0x00, 0x00, 0x00, 0xE0, 0x00, 0x00, 0x00, 0x00, 0x00, 0x00, 0x00, 0x00, 0x00, 0x00, 0x00, 0x00,
    0x00, 0x00, 0x00, 0x00, 0x00, 0x00, 0x00, 0x00, 0x00, 0x00, 0x00, 0x00, 0x00, 0x00, 0x00, 0x00,
    0xEE, 0xEE, 0xEE, 0xEE, 0x00, 0x00, 0x00, 0x00, 0x00, 0x00, 0x00, 0x00, 0x00, 0x00, 0x00, 0x00,
    0x00, 0x00, 0x00, 0xE0, 0x00, 0x00, 0x00, 0xE0, 0x00, 0x00, 0x00, 0xE0, 0x00, 0x00, 0x00, 0x00,
    0xBB, 0xBB, 0x68, 0x86, 0xBB, 0xBB, 0x68, 0x86, 0xB8, 0xBB, 0x68, 0x86, 0xB8, 0xBB, 0x68, 0x86,
    0xB8, 0xBB, 0x68, 0x86, 0xB8, 0xBB, 0x68, 0x66, 0xB8, 0xBB, 0x68, 0x56, 0xB8, 0xEB, 0xEE, 0x5E,
    0x55, 0x82, 0x08, 0x00, 0x55, 0x83, 0xE8, 0x00, 0x25, 0x83, 0xEB, 0x00, 0x25, 0x83, 0xEB, 0x00,
    0x25, 0x83, 0xB8, 0x0E, 0x25, 0x83, 0xB8, 0x0E, 0x25, 0x83, 0xEE, 0x0E, 0x22, 0x88, 0x00, 0x00,
    0xEE, 0x0E, 0x00, 0x5E, 0x00, 0x00, 0x00, 0x5E, 0x00, 0xE0, 0xEE, 0x58, 0xE0, 0x6E, 0x66, 0x55,
    0x8E, 0x66, 0x88, 0x25, 0x88, 0x88, 0x88, 0x25, 0xBE, 0x88, 0xBB, 0x15, 0xE0, 0xEE, 0xEE, 0x15,
    0x22, 0x08, 0x00, 0x00, 0x22, 0x08, 0x00, 0x00, 0x22, 0x08, 0x00, 0x00, 0x22, 0x08, 0x00, 0x00,
    0x82, 0x08, 0x00, 0x00, 0x82, 0x0E, 0x00, 0x00, 0x82, 0x00, 0x00, 0x00, 0x82, 0x00, 0x00, 0x00,
    0x00, 0x00, 0x00, 0x15, 0x00, 0x00, 0x50, 0x21, 0x00, 0x00, 0x50, 0x21, 0x00, 0x00, 0x50, 0x21,
    0x00, 0x00, 0x50, 0x21, 0x00, 0x00, 0x50, 0x21, 0x00, 0x00, 0x50, 0x22, 0x00, 0x00, 0x55, 0x82,
    0x82, 0x00, 0x00, 0x00, 0x88, 0x00, 0x00, 0x00, 0x08, 0x00, 0x00, 0x00, 0x08, 0x00, 0x00, 0x00,
    0x08, 0x00, 0x00, 0x00, 0x08, 0x00, 0x00, 0x00, 0x08, 0x00, 0x00, 0x00, 0x08, 0x00, 0x00, 0x00,
    0x00, 0x00, 0x25, 0x82, 0x00, 0x00, 0x25, 0x82, 0x00, 0x00, 0x25, 0x82, 0x00, 0x00, 0x25, 0x82,
    0x00, 0x00, 0x25, 0x88, 0x00, 0x50, 0x22, 0x08, 0x00, 0x50, 0x32, 0x08, 0x00, 0x50, 0x32, 0x08,
    0x08, 0x00, 0x00, 0x00, 0x00, 0x00, 0x00, 0x00, 0x00, 0x00, 0x00, 0x00, 0x00, 0x00, 0x00, 0x00,
    0x00, 0x00, 0x00, 0x00, 0x00, 0x00, 0x00, 0x00, 0x00, 0x00, 0x00, 0x00, 0x00, 0x00, 0x00, 0x00,
    0x00, 0x00, 0x00, 0x00, 0x00, 0x00, 0x00, 0x00, 0x00, 0x00, 0x00, 0x00, 0x00, 0x00, 0x00, 0x90,
    0x00, 0x00, 0x00, 0x90, 0x00, 0x00, 0x00, 0x90, 0x00, 0x00, 0x00, 0x23, 0x00, 0x00, 0x00, 0x13,
    0x00, 0x99, 0x99, 0x09, 0x90, 0x31, 0x33, 0x92, 0x19, 0x32, 0x12, 0x22, 0x13, 0x22, 0x13, 0x21,
    0x21, 0x91, 0x99, 0x92, 0x91, 0x19, 0x21, 0x19, 0x91, 0x39, 0x23, 0x19, 0x33, 0x91, 0x39, 0x92,
    0x00, 0x00, 0x90, 0x31, 0x00, 0x00, 0x90, 0x21, 0x00, 0x00, 0x00, 0x23, 0x00, 0x00, 0x00, 0x29,
    0x00, 0x00, 0xE0, 0x99, 0x00, 0x00, 0x5E, 0x93, 0x00, 0xE0, 0x2E, 0xE2, 0x00, 0x8E, 0x3E, 0xE2,
    0x22, 0x11, 0x91, 0x93, 0x2E, 0xE1, 0x2E, 0x29, 0x16, 0x61, 0x21, 0x99, 0x12, 0x11, 0xA2, 0x59,
    0x2A, 0x21, 0x52, 0x2E, 0x7B, 0x57, 0x3E, 0x1E, 0x87, 0xE2, 0xE1, 0x11, 0x17, 0xE8, 0xE2, 0x23,
    0xEE, 0x56, 0x88, 0x0E, 0x00, 0x6E, 0x86, 0xE8, 0x00, 0x8E, 0x86, 0x99, 0x00, 0xE0, 0x99, 0x51,
    0x00, 0x90, 0x35, 0x99, 0x00, 0x00, 0x99, 0x86, 0x00, 0x00, 0x5E, 0x66, 0x00, 0x00, 0x8E, 0x66,
    0x00, 0x00, 0x00, 0x00, 0x00, 0x00, 0x00, 0x00, 0x00, 0x00, 0x00, 0x00, 0x09, 0x00, 0x00, 0x00,
    0x0E, 0x00, 0x00, 0x00, 0xE8, 0x00, 0x00, 0x00, 0x86, 0x0E, 0x00, 0x00, 0x86, 0x0E, 0x00, 0x00,
    0x00, 0xE0, 0x68, 0x58, 0x00, 0xE0, 0x6E, 0x68, 0x00, 0x00, 0xEF, 0xEE, 0xA0, 0xA0, 0xFF, 0x0F,
    0xAA, 0xA1, 0xAA, 0xAA, 0xAA, 0x11, 0x77, 0xAA, 0x00, 0xAA, 0xAA, 0xAA, 0x00, 0x25, 0x85, 0x00,
    0xE6, 0x00, 0x00, 0x00, 0xE8, 0x00, 0x00, 0x00, 0x0E, 0x00, 0x00, 0x00, 0x00, 0x00, 0x00, 0x00,
    0x00, 0x00, 0x00, 0x00, 0x0A, 0x00, 0x00, 0x00, 0x0A, 0x00, 0x00, 0x00, 0x00, 0x00, 0x00, 0x00,
    0x00, 0x00, 0x00, 0x00, 0x00, 0x00, 0x00, 0x00, 0x00, 0x00, 0x00, 0x00, 0x00, 0x00, 0x00, 0x00,
    0x00, 0x00, 0x00, 0x00, 0x00, 0x00, 0x00, 0x50, 0x00, 0x00, 0x00, 0x50, 0x00, 0x00, 0x00, 0x50,
    0x50, 0x35, 0x85, 0x00, 0x50, 0x33, 0x08, 0x00, 0x55, 0x33, 0x08, 0x00, 0x25, 0x83, 0x00, 0x00,
    0x25, 0x83, 0x00, 0x00, 0x25, 0x83, 0x00, 0x00, 0x22, 0x88, 0x00, 0x00, 0x22, 0x88, 0x00, 0x00,
    0x00, 0x00, 0x00, 0x50, 0x00, 0x00, 0x00, 0x50, 0x00, 0x00, 0x00, 0x50, 0x00, 0x00, 0x00, 0x50,
    0x00, 0x00, 0x00, 0x55, 0x00, 0x00, 0x00, 0x25, 0x00, 0x00, 0x00, 0x25, 0x00, 0x00, 0x00, 0x25,
    0x21, 0x08, 0x00, 0x00, 0x21, 0x08, 0x00, 0x00, 0x22, 0x08, 0x00, 0x00, 0x22, 0x08, 0x00, 0x00,
    0x22, 0x08, 0x00, 0x00, 0x82, 0x00, 0x00, 0x00, 0x83, 0x00, 0x00, 0x00, 0x83, 0x00, 0x00, 0x00,
    0x00, 0x00, 0x00, 0x25, 0x00, 0x00, 0x50, 0x32, 0x00, 0x00, 0x50, 0x33, 0x00, 0x00, 0x50, 0x83,
    0x00, 0x00, 0x25, 0x83, 0x00, 0x00, 0x25, 0x83, 0x00, 0x00, 0x35, 0x88, 0x00, 0x50, 0x53, 0x08,
    0x83, 0x00, 0x00, 0x00, 0x08, 0x00, 0x00, 0x00, 0x08, 0x00, 0x00, 0x00, 0x08, 0x00, 0x00, 0x00,
    0x08, 0x00, 0x00, 0x00, 0x00, 0x00, 0x00, 0x00, 0x00, 0x00, 0x00, 0x00, 0x00, 0x00, 0x00, 0x00,
    0x00, 0x00, 0x00, 0x00, 0x00, 0x00, 0x00, 0x00, 0x09, 0x00, 0x00, 0x00, 0x09, 0x00, 0x00, 0x00,
    0x99, 0x00, 0x00, 0x00, 0x99, 0x00, 0x00, 0x00, 0x99, 0x00, 0x00, 0x00, 0x92, 0x00, 0x00, 0x00,
    0x92, 0x00, 0x00, 0x00, 0x93, 0x00, 0x00, 0x00, 0x99, 0x00, 0x00, 0x00, 0xEE, 0x00, 0x00, 0x00,
    0x32, 0xEE, 0x00, 0x00, 0x13, 0x32, 0x0E, 0x00, 0x52, 0x22, 0xE3, 0x00, 0x22, 0x32, 0xE5, 0x00,
    0x00, 0x00, 0x00, 0x00, 0x00, 0x00, 0x00, 0x00, 0x00, 0x00, 0x00, 0x00, 0x00, 0x00, 0x00, 0x00,
    0x00, 0x00, 0x00, 0x00, 0x00, 0x00, 0x00, 0xE0, 0x00, 0x00, 0x00, 0x5E, 0x00, 0x00, 0xE0, 0x68,
    0x00, 0x00, 0xE0, 0x85, 0x00, 0x00, 0x00, 0x6E, 0x00, 0x00, 0x00, 0x8E, 0x00, 0x00, 0x00, 0xE0,
    0x00, 0x00, 0x00, 0x00, 0x00, 0x00, 0x00, 0x00, 0x00, 0x00, 0x00, 0x00, 0x00, 0x00, 0x00, 0x00,
    0x00, 0x00, 0x00, 0x00, 0x00, 0x00, 0x00, 0x00, 0x0E, 0x00, 0x00, 0x00, 0xE8, 0x0E, 0x00, 0x00,
    0x88, 0xE8, 0xF0, 0x00, 0x86, 0x88, 0xDE, 0x0F, 0x86, 0x88, 0xDE, 0x0F, 0x88, 0x66, 0xE8, 0x0F,
    0x00, 0x00, 0x00, 0x00, 0x00, 0x00, 0x00, 0x00, 0x00, 0x00, 0x00, 0x00, 0x00, 0x00, 0x00, 0xE0,
    0x00, 0x00, 0x00, 0xE0, 0x00, 0x00, 0x00, 0xBE, 0x00, 0x00, 0x00, 0xBE, 0x00, 0x00, 0x00, 0x8E,
    0x00, 0x25, 0x85, 0x00, 0x0E, 0x25, 0x83, 0x00, 0x5E, 0x25, 0x83, 0x00, 0x5B, 0x32, 0x83, 0x00,
    0x5B, 0x32, 0x08, 0x00, 0x58, 0x32, 0x08, 0x00, 0x58, 0x32, 0x08, 0x00, 0x55, 0x32, 0x08, 0x00,
    0x00, 0x50, 0x32, 0x08, 0x00, 0x55, 0x32, 0x08, 0x00, 0x55, 0x82, 0x08, 0x00, 0x25, 0x83, 0x00,
    0x00, 0x25, 0x83, 0x00, 0x00, 0x25, 0x83, 0x00, 0x00, 0x35, 0x85, 0x00, 0x50, 0x35, 0x85, 0x00,
    0x00, 0x55, 0x83, 0x08, 0x00, 0x25, 0x85, 0x00, 0x00, 0x55, 0x08, 0x00, 0x00, 0x85, 0x08, 0x00,
    0x00, 0x00, 0x00, 0x00, 0x00, 0x00, 0x00, 0x00, 0x00, 0x00, 0x00, 0x00, 0x00, 0x00, 0x00, 0x00,
};
static const u16 sFrame22[] = {
    0x000E, 0x00D0, 0x81F3, 0x0000, 0x40F0, 0x81EB, 0x0010, 0x80F0, 0x800B, 0x0018, 0x00C0, 0x41FB,
    0x0020, 0x00D8, 0x4013, 0x0024, 0x0018, 0x4003, 0x0028, 0x4028, 0x0003, 0x002C, 0x80C0, 0x000B,
    0x002E, 0x80D0, 0x01EB, 0x0030, 0x00D0, 0x0013, 0x0032, 0x00E8, 0x01EB, 0x0033, 0x00E8, 0x0013,
    0x0034, 0x0010, 0x000B, 0x0035, 0x0030, 0x0003, 0x0036, 0x0000,
};
static const void* const sFrames22[] = { sFrame22 };
static const u8 sTiles23[2176] __attribute__((aligned(4))) = {
    0x00, 0x00, 0x00, 0x00, 0x00, 0x00, 0x00, 0x00, 0x00, 0x00, 0x00, 0xE0, 0x00, 0x00, 0x00, 0x6E,
    0x00, 0x00, 0xE0, 0x88, 0x00, 0x00, 0x8E, 0x66, 0x00, 0xEE, 0x68, 0x66, 0x90, 0x88, 0x66, 0x86,
    0xE0, 0x2E, 0xE3, 0xEE, 0x8E, 0x2E, 0xE2, 0xE8, 0x68, 0xEE, 0x85, 0xEE, 0x66, 0x88, 0xEE, 0xE0,
    0x66, 0xE8, 0x00, 0xE0, 0x88, 0x0E, 0x00, 0xE0, 0xE8, 0x00, 0x00, 0xE0, 0x0E, 0x00, 0x00, 0xE0,
    0xEE, 0x27, 0x18, 0xEA, 0xEB, 0x2A, 0x28, 0xE7, 0xEB, 0x8A, 0x81, 0xE7, 0xEB, 0x17, 0xA2, 0xBE,
    0xEB, 0x27, 0xA2, 0xBE, 0xBB, 0x7E, 0xEA, 0xBB, 0xEB, 0xEB, 0xBE, 0xBE, 0xBB, 0xBE, 0xEB, 0xBB,
    0xBB, 0xE5, 0xEE, 0x5E, 0xBB, 0xBB, 0xBB, 0x88, 0xBB, 0xB8, 0xBB, 0x88, 0x8B, 0xB8, 0xEB, 0xEE,
    0x8B, 0x88, 0xEB, 0x23, 0x8B, 0x88, 0xEB, 0x23, 0x88, 0x88, 0xE8, 0x22, 0x88, 0x88, 0xE8, 0x23,
    0x59, 0x99, 0x89, 0xE8, 0x98, 0x13, 0x95, 0x0E, 0x65, 0x99, 0x99, 0x00, 0x86, 0x55, 0x0E, 0x00,
    0x58, 0x86, 0x0E, 0x00, 0x66, 0xE8, 0x00, 0x00, 0xEE, 0xEE, 0x00, 0x00, 0x00, 0x00, 0x00, 0x00,
    0x00, 0x00, 0x00, 0xE0, 0x00, 0x00, 0x00, 0xBE, 0x00, 0x00, 0x00, 0xBE, 0x00, 0x00, 0x00, 0xBE,
    0x00, 0x00, 0x00, 0xBE, 0x00, 0x00, 0xE0, 0x8B, 0x00, 0x00, 0xBE, 0x68, 0x00, 0xE0, 0x6B, 0x66,
    0xBB, 0xEB, 0xBE, 0xBB, 0xBB, 0x88, 0xB8, 0xBB, 0x8B, 0x33, 0xB8, 0xBB, 0x88, 0x88, 0x86, 0xBB,
    0x88, 0x88, 0x86, 0xBB, 0x36, 0x83, 0x86, 0xBB, 0x88, 0x68, 0x86, 0xBB, 0x88, 0x68, 0x86, 0xBB,
    0x88, 0x88, 0xE8, 0x33, 0x88, 0x88, 0xE8, 0x32, 0x88, 0x88, 0xE8, 0x39, 0x88, 0x88, 0xE8, 0x90,
    0x8B, 0x88, 0xE8, 0x90, 0x8B, 0x88, 0x0E, 0x00, 0x8B, 0x88, 0x0E, 0x00, 0x8B, 0x88, 0x0E, 0x00,
    0x00, 0x00, 0x00, 0x00, 0x00, 0x00, 0x00, 0x00, 0x00, 0x00, 0x00, 0x00, 0x00, 0x00, 0x00, 0x00,
    0x00, 0x00, 0x00, 0xE0, 0x00, 0x00, 0x00, 0xBE, 0x00, 0x00, 0xE0, 0x8B, 0x00, 0x00, 0xE0, 0x88,
    0x00, 0xBE, 0x66, 0x66, 0xE0, 0x8B, 0x66, 0x86, 0xBE, 0x68, 0x66, 0x86, 0x8E, 0x68, 0x66, 0xB6,
    0x8B, 0x66, 0x66, 0x8B, 0x68, 0x66, 0x86, 0x3B, 0x66, 0x66, 0x86, 0x8B, 0x66, 0x66, 0xB8, 0xE8,
    0x88, 0x68, 0x86, 0xBB, 0x33, 0x66, 0x86, 0xBB, 0x88, 0x66, 0x86, 0xBB, 0xBB, 0x66, 0x66, 0xB8,
    0x88, 0x6B, 0x66, 0xB8, 0x3E, 0x6B, 0x66, 0xB8, 0x8E, 0x8B, 0x66, 0xB8, 0x8E, 0x8B, 0x66, 0x86,
    0x8B, 0x88, 0xEB, 0x00, 0x8B, 0x88, 0xEB, 0x00, 0x8B, 0x88, 0xBB, 0x0E, 0xBB, 0x88, 0xBB, 0x0E,
    0xBB, 0x88, 0xB8, 0x0E, 0xBB, 0x88, 0xB8, 0x0E, 0xBB, 0x88, 0xB8, 0xEB, 0xBB, 0x88, 0xBB, 0xEB,
    0x00, 0x00, 0xBE, 0x68, 0x00, 0xE0, 0x8B, 0x68, 0x00, 0xE0, 0x88, 0x66, 0x00, 0xBE, 0x68, 0x66,
    0x00, 0xBE, 0x68, 0x66, 0x00, 0xBE, 0x68, 0x66, 0x00, 0x8E, 0x66, 0x66, 0xE0, 0x8B, 0x66, 0x66,
    0x66, 0x66, 0x8B, 0xBE, 0x66, 0x86, 0x3B, 0xBE, 0x66, 0x86, 0x8B, 0xBE, 0x66, 0xB6, 0xE8, 0xBB,
    0x66, 0xB6, 0xE8, 0xBB, 0x66, 0xB8, 0xE3, 0xBB, 0x66, 0xB8, 0xE8, 0xBB, 0x66, 0x8B, 0xBE, 0xBB,
    0x8E, 0x8B, 0x66, 0x86, 0xEB, 0xB3, 0x66, 0x86, 0xEB, 0xB8, 0x66, 0x86, 0xEB, 0xB8, 0x66, 0x86,
    0xEB, 0xB8, 0x68, 0x86, 0xEB, 0xB3, 0x68, 0x86, 0xEB, 0xB8, 0x68, 0x86, 0xEB, 0xB8, 0x68, 0x86,
    0xBB, 0xBB, 0xBB, 0xEB, 0xBB, 0xBB, 0xBB, 0xBB, 0xBB, 0xB8, 0xBB, 0xBB, 0xBB, 0xB8, 0xBB, 0xBB,
    0xBB, 0x88, 0x8B, 0xBB, 0xBB, 0x88, 0x8B, 0xBB, 0xBB, 0x88, 0x8B, 0xB8, 0xBB, 0x88, 0x8B, 0xB8,
    0x00, 0x00, 0x00, 0x00, 0x00, 0x00, 0x00, 0x00, 0x00, 0x00, 0x00, 0x00, 0xE5, 0x00, 0x00, 0x00,
    0x3E, 0xE5, 0xEE, 0xEE, 0x2E, 0x85, 0x68, 0x86, 0x25, 0x8E, 0x65, 0x86, 0xE3, 0x56, 0x66, 0x88,
    0x00, 0x00, 0x00, 0x00, 0x00, 0x00, 0x00, 0x00, 0x00, 0x00, 0x00, 0x00, 0x00, 0x00, 0xE0, 0x9E,
    0xEE, 0xEE, 0x8E, 0x98, 0x68, 0x66, 0x68, 0x98, 0x56, 0x65, 0x86, 0x88, 0x56, 0x66, 0x88, 0xEE,
    0x00, 0x00, 0x00, 0x00, 0x00, 0x00, 0x00, 0x00, 0x00, 0xE0, 0x0E, 0x00, 0xE9, 0x6E, 0xE8, 0x0E,
    0x91, 0x68, 0x56, 0xE8, 0x93, 0x68, 0x86, 0x88, 0x59, 0x69, 0x66, 0x86, 0x99, 0x89, 0x66, 0xE8,
    0x00, 0x00, 0x00, 0x00, 0x00, 0x00, 0x00, 0x00, 0x00, 0x00, 0x00, 0x00, 0x00, 0x00, 0x00, 0x00,
    0xA0, 0xAA, 0x00, 0x00, 0xAE, 0xA7, 0x00, 0x00, 0xAE, 0xA7, 0x88, 0x88, 0xAD, 0xA7, 0x55, 0x33,
    0x8E, 0x56, 0x86, 0x68, 0x88, 0x66, 0xEE, 0xEE, 0xEE, 0xEE, 0x00, 0x00, 0x00, 0x00, 0x00, 0x00,
    0x09, 0x00, 0x00, 0x00, 0x09, 0x00, 0x00, 0x00, 0x09, 0x00, 0x00, 0x00, 0x93, 0x00, 0x00, 0x00,
    0xEE, 0xEE, 0xEE, 0xDD, 0xFF, 0x2F, 0xDD, 0xDD, 0xFF, 0xFF, 0xFF, 0x02, 0x00, 0x00, 0x00, 0x00,
    0x00, 0x00, 0x00, 0x00, 0x00, 0x00, 0x00, 0x00, 0x00, 0x00, 0x00, 0x00, 0x00, 0x00, 0x00, 0x00,
    0xDD, 0xEF, 0xEE, 0xFE, 0xFF, 0x0F, 0x00, 0xF0, 0x00, 0x00, 0x00, 0x00, 0x00, 0x00, 0x00, 0x00,
    0x00, 0x00, 0x00, 0x00, 0x00, 0x00, 0x00, 0x00, 0x00, 0x00, 0x00, 0x00, 0x00, 0x00, 0x00, 0x00,
    0xAF, 0xA7, 0x22, 0x22, 0xAF, 0xA1, 0x55, 0x55, 0xA0, 0xA1, 0x0A, 0x00, 0xA0, 0x07, 0x00, 0x00,
    0xA0, 0x0A, 0x00, 0x00, 0x00, 0x00, 0x00, 0x00, 0x00, 0x00, 0x00, 0x00, 0x00, 0x00, 0x00, 0x00,
    0x00, 0x00, 0x00, 0x00, 0x00, 0x00, 0x00, 0x00, 0x00, 0x00, 0x00, 0x00, 0x00, 0x00, 0x00, 0x00,
    0x00, 0x00, 0x00, 0x00, 0x00, 0x00, 0x00, 0x00, 0x88, 0x88, 0x88, 0x88, 0x33, 0x33, 0x33, 0x33,
    0x00, 0x00, 0x00, 0x00, 0x00, 0x00, 0x00, 0x00, 0x00, 0x00, 0x00, 0x00, 0x00, 0x00, 0x00, 0x00,
    0x00, 0x00, 0x00, 0x00, 0x00, 0x00, 0x00, 0x00, 0x88, 0x88, 0x88, 0x88, 0x33, 0x33, 0x23, 0x22,
    0x00, 0x00, 0x00, 0x00, 0x00, 0x00, 0x00, 0x00, 0x00, 0x00, 0x00, 0x00, 0x00, 0x00, 0x00, 0x00,
    0x00, 0x00, 0x00, 0x00, 0x00, 0x00, 0x00, 0x00, 0x88, 0x88, 0x88, 0x88, 0x22, 0x22, 0x22, 0x22,
    0x00, 0x00, 0x00, 0x00, 0x00, 0x00, 0x00, 0x00, 0x00, 0x00, 0x00, 0x00, 0x00, 0x00, 0x00, 0x00,
    0x00, 0x00, 0x00, 0x00, 0x00, 0x00, 0x00, 0x00, 0x88, 0x88, 0x88, 0x88, 0x22, 0x22, 0x22, 0x22,
    0x22, 0x22, 0x22, 0x22, 0x55, 0x55, 0x55, 0x55, 0x00, 0x00, 0x00, 0x00, 0x00, 0x00, 0x00, 0x00,
    0x00, 0x00, 0x00, 0x00, 0x00, 0x00, 0x00, 0x00, 0x00, 0x00, 0x00, 0x00, 0x00, 0x00, 0x00, 0x00,
    0x22, 0x22, 0x22, 0x22, 0x55, 0x55, 0x55, 0x55, 0x00, 0x00, 0x00, 0x00, 0x00, 0x00, 0x00, 0x00,
    0x00, 0x00, 0x00, 0x00, 0x00, 0x00, 0x00, 0x00, 0x00, 0x00, 0x00, 0x00, 0x00, 0x00, 0x00, 0x00,
    0x22, 0x22, 0x12, 0x11, 0x55, 0x55, 0x55, 0x55, 0x00, 0x00, 0x00, 0x00, 0x00, 0x00, 0x00, 0x00,
    0x00, 0x00, 0x00, 0x00, 0x00, 0x00, 0x00, 0x00, 0x00, 0x00, 0x00, 0x00, 0x00, 0x00, 0x00, 0x00,
    0x11, 0x21, 0x22, 0x22, 0x55, 0x55, 0x55, 0x55, 0x00, 0x00, 0x00, 0x00, 0x00, 0x00, 0x00, 0x00,
    0x00, 0x00, 0x00, 0x00, 0x00, 0x00, 0x00, 0x00, 0x00, 0x00, 0x00, 0x00, 0x00, 0x00, 0x00, 0x00,
    0x00, 0x00, 0x00, 0x00, 0x00, 0x00, 0x00, 0x00, 0x00, 0x00, 0x00, 0x00, 0x00, 0x00, 0x00, 0x00,
    0x00, 0x00, 0x00, 0x00, 0x00, 0x00, 0x00, 0x00, 0x88, 0x88, 0x88, 0x88, 0x22, 0x32, 0x33, 0x33,
    0x00, 0x00, 0x00, 0x00, 0x00, 0x00, 0x00, 0x00, 0x00, 0x00, 0x00, 0x00, 0x00, 0x00, 0x00, 0x00,
    0x00, 0x00, 0x00, 0x00, 0x00, 0x00, 0x00, 0x00, 0x88, 0x88, 0x88, 0x88, 0x33, 0x53, 0x55, 0x55,
    0x00, 0x00, 0x00, 0x00, 0x00, 0x00, 0x00, 0x00, 0x00, 0x00, 0x00, 0x00, 0x00, 0x00, 0x00, 0x00,
    0x00, 0x00, 0x00, 0x00, 0x00, 0x00, 0x00, 0x00, 0x00, 0x00, 0x00, 0x00, 0x88, 0x88, 0x88, 0x88,
    0x00, 0x00, 0x00, 0x00, 0x00, 0x00, 0x00, 0x00, 0x00, 0x00, 0x00, 0x00, 0x00, 0x00, 0x00, 0x00,
    0x00, 0x00, 0x00, 0x00, 0x00, 0x00, 0x00, 0x00, 0x00, 0x00, 0x00, 0x00, 0x88, 0x88, 0x88, 0x88,
    0x22, 0x22, 0x22, 0x22, 0x55, 0x55, 0x55, 0x55, 0x00, 0x00, 0x00, 0x00, 0x00, 0x00, 0x00, 0x00,
    0x00, 0x00, 0x00, 0x00, 0x00, 0x00, 0x00, 0x00, 0x00, 0x00, 0x00, 0x00, 0x00, 0x00, 0x00, 0x00,
    0x22, 0x22, 0x32, 0x33, 0x55, 0x55, 0x55, 0x55, 0x00, 0x00, 0x00, 0x00, 0x00, 0x00, 0x00, 0x00,
    0x00, 0x00, 0x00, 0x00, 0x00, 0x00, 0x00, 0x00, 0x00, 0x00, 0x00, 0x00, 0x00, 0x00, 0x00, 0x00,
    0x33, 0x33, 0x22, 0x22, 0x23, 0x22, 0x22, 0x11, 0x55, 0x55, 0x55, 0x55, 0x00, 0x00, 0x00, 0x00,
    0x00, 0x00, 0x00, 0x00, 0x00, 0x00, 0x00, 0x00, 0x00, 0x00, 0x00, 0x00, 0x00, 0x00, 0x00, 0x00,
    0x22, 0x22, 0x32, 0x33, 0x21, 0x22, 0x22, 0x22, 0x55, 0x55, 0x55, 0x55, 0x00, 0x00, 0x00, 0x00,
    0x00, 0x00, 0x00, 0x00, 0x00, 0x00, 0x00, 0x00, 0x00, 0x00, 0x00, 0x00, 0x00, 0x00, 0x00, 0x00,
    0x00, 0x00, 0x00, 0x00, 0x00, 0x00, 0x00, 0x00, 0x00, 0x00, 0x00, 0x00, 0x00, 0x00, 0x00, 0x00,
    0x00, 0x00, 0x00, 0x00, 0x00, 0x00, 0x00, 0x00, 0x00, 0x00, 0x00, 0xE0, 0x00, 0x00, 0x00, 0xE0,
    0xE0, 0x8B, 0x66, 0x66, 0xE0, 0x88, 0x66, 0x66, 0xBE, 0x88, 0x66, 0x66, 0xBE, 0x68, 0x66, 0x66,
    0xBE, 0x68, 0x66, 0x66, 0x8E, 0x68, 0x66, 0x66, 0x8B, 0x66, 0x66, 0x66, 0x8B, 0x66, 0x66, 0x66,
    0x66, 0x8B, 0xBE, 0xBB, 0x86, 0x3B, 0xBE, 0xBB, 0x86, 0x8B, 0xBE, 0xBB, 0xB6, 0xE8, 0xBB, 0xBB,
    0xB6, 0xE8, 0xBB, 0xBB, 0xB8, 0xE3, 0xBB, 0xBB, 0xB8, 0xE8, 0xBB, 0xBB, 0x8B, 0xBE, 0xBB, 0xBB,
    0xBB, 0x8E, 0x6B, 0x66, 0xBB, 0x3E, 0x6B, 0x66, 0xBB, 0x8E, 0x6B, 0x66, 0xBB, 0x8E, 0x8B, 0x66,
    0xBB, 0x8E, 0x8B, 0x66, 0xBB, 0x3E, 0x8B, 0x66, 0xBB, 0x8E, 0x8B, 0x66, 0xBB, 0xEB, 0xB8, 0x66,
    0x00, 0x00, 0x00, 0xE0, 0x00, 0x00, 0x00, 0xE0, 0x00, 0x00, 0x00, 0xBE, 0x00, 0x00, 0x00, 0xEE,
    0x00, 0x00, 0x00, 0x00, 0x00, 0x00, 0x00, 0xE0, 0x00, 0x00, 0xEE, 0xBE, 0x00, 0xEE, 0x66, 0x88,
    0x8B, 0x66, 0x66, 0x86, 0x8B, 0x66, 0x66, 0xB8, 0x68, 0x66, 0x86, 0x8B, 0xEE, 0x6E, 0xB8, 0xE8,
    0xBE, 0xEB, 0xEE, 0x0E, 0xBB, 0xBB, 0x0E, 0x00, 0xBB, 0xBB, 0x0E, 0x00, 0xB8, 0xBB, 0x0E, 0x00,
    0x3B, 0xBE, 0xBB, 0xBB, 0xE8, 0xBB, 0xBB, 0xBB, 0xEE, 0xEE, 0xEE, 0xEE, 0x00, 0x00, 0x00, 0x00,
    0x00, 0x00, 0x00, 0x00, 0x00, 0x00, 0x00, 0x00, 0x00, 0x00, 0x00, 0x00, 0x00, 0x00, 0x00, 0x00,
    0xBB, 0xEB, 0xB3, 0x66, 0xBB, 0xEB, 0xB8, 0x68, 0xBB, 0xEB, 0xB8, 0x68, 0xEE, 0xEE, 0xEE, 0x68,
    0x00, 0x00, 0x00, 0xEE, 0x00, 0x00, 0x00, 0x00, 0x00, 0x00, 0x00, 0x00, 0x00, 0x00, 0x00, 0xEE,
    0x00, 0x00, 0x00, 0x00, 0x00, 0x00, 0x00, 0x00, 0x00, 0x00, 0x00, 0x00, 0x00, 0x00, 0x00, 0x90,
    0x00, 0x00, 0x00, 0x30, 0x00, 0x00, 0x00, 0x19, 0x00, 0x00, 0x00, 0x19, 0x00, 0x00, 0x00, 0x29,
    0x00, 0x90, 0x99, 0x99, 0x90, 0x33, 0x33, 0x21, 0x29, 0x13, 0x21, 0x19, 0x22, 0x91, 0x21, 0x92,
    0x11, 0x29, 0x19, 0x92, 0x99, 0x29, 0x92, 0x99, 0x27, 0x39, 0x33, 0x33, 0x27, 0x12, 0x91, 0x19,
    0x00, 0x00, 0x00, 0x29, 0x00, 0x00, 0x00, 0x90, 0x00, 0x00, 0xE0, 0x9E, 0x00, 0xE0, 0x2E, 0x52,
    0x00, 0x2E, 0x11, 0x32, 0x00, 0x3E, 0x51, 0x31, 0x00, 0xE0, 0x13, 0x52, 0x00, 0xEE, 0x35, 0xE3,
    0xEA, 0x11, 0xEE, 0x29, 0x6A, 0x11, 0x16, 0x72, 0x1A, 0x11, 0x11, 0xA2, 0x2A, 0x11, 0x21, 0xA7,
    0xAE, 0x12, 0x22, 0xEA, 0x2E, 0x77, 0xAA, 0xE7, 0x5E, 0x8E, 0x12, 0xE8, 0xE3, 0x87, 0x81, 0xA2,
    0xB8, 0x68, 0xB8, 0x88, 0xB8, 0x68, 0xB8, 0x88, 0xB8, 0x68, 0xB8, 0x88, 0xB8, 0x68, 0xB8, 0x88,
    0xB8, 0x8B, 0xB8, 0x88, 0xB8, 0x8B, 0xB8, 0x88, 0xB8, 0x8B, 0xB8, 0x8B, 0x86, 0x8B, 0x86, 0x8B,
    0xBB, 0x0E, 0x00, 0x00, 0xBB, 0x0E, 0x00, 0x00, 0xB8, 0x0E, 0x00, 0x00, 0xB8, 0xEB, 0x00, 0x00,
    0xB8, 0xEB, 0x00, 0x00, 0x88, 0xEB, 0x00, 0x00, 0x88, 0xEB, 0x00, 0x00, 0x88, 0xBB, 0x0E, 0x00,
    0x86, 0x8B, 0x86, 0x8B, 0x86, 0x8B, 0x86, 0x8B, 0x86, 0x8B, 0x86, 0xEB, 0x86, 0xEE, 0xEE, 0x0E,
    0xEE, 0xE0, 0xB8, 0xEB, 0x00, 0xE0, 0xB8, 0xEB, 0xEE, 0x8E, 0xB8, 0xEB, 0x66, 0x86, 0xBB, 0xEB,
    0x88, 0xEB, 0x0E, 0x00, 0xE8, 0x0E, 0x00, 0x00, 0x0E, 0x00, 0x00, 0x00, 0x00, 0x00, 0x00, 0x00,
    0x00, 0x00, 0x00, 0x00, 0x00, 0x00, 0x00, 0x00, 0x00, 0x00, 0x00, 0x00, 0x00, 0x00, 0x00, 0x00,
    0x88, 0x88, 0x88, 0x00, 0x33, 0x33, 0x55, 0x88, 0x55, 0x25, 0x33, 0x83, 0x00, 0x55, 0x55, 0x25,
    0x00, 0x00, 0x00, 0x50, 0x00, 0x00, 0x00, 0x00, 0x00, 0x00, 0x00, 0x00, 0x00, 0x00, 0x00, 0x00,
    0x00, 0x00, 0x00, 0x00, 0x00, 0x00, 0x00, 0x00, 0x88, 0x00, 0x00, 0x00, 0x55, 0x08, 0x00, 0x00,
    0x55, 0x05, 0x00, 0x00, 0x00, 0x00, 0x00, 0x00, 0x00, 0x00, 0x00, 0x00, 0x00, 0x00, 0x00, 0x00,
    0xE0, 0x68, 0x86, 0x88, 0xBE, 0x88, 0xB8, 0xBB, 0xEE, 0xEE, 0xEE, 0xEE, 0x00, 0x00, 0x00, 0x00,
    0x00, 0x00, 0x00, 0x00, 0x00, 0x00, 0x00, 0x00, 0x00, 0x00, 0x00, 0x00, 0x00, 0x00, 0x00, 0x00,
    0xBB, 0xEB, 0x00, 0x00, 0xEB, 0x0E, 0x00, 0x00, 0x0E, 0x00, 0x00, 0x00, 0x00, 0x00, 0x00, 0x00,
    0x00, 0x00, 0x00, 0x00, 0x00, 0x00, 0x00, 0x00, 0x00, 0x00, 0x00, 0x00, 0x00, 0x00, 0x00, 0x00,
    0x00, 0x00, 0xEE, 0x68, 0x00, 0x00, 0x8E, 0x88, 0x00, 0x00, 0xEE, 0x8B, 0x00, 0x00, 0x00, 0xEE,
    0x00, 0x00, 0x00, 0x00, 0x00, 0x00, 0x00, 0x00, 0x00, 0x00, 0x00, 0x00, 0x00, 0x00, 0x00, 0x00,
    0x86, 0x88, 0xBB, 0xEB, 0x88, 0x88, 0xBB, 0xEB, 0xB8, 0xEB, 0xEE, 0x0E, 0xEE, 0x0E, 0x00, 0x00,
    0x00, 0x00, 0x00, 0x00, 0x00, 0x00, 0x00, 0x00, 0x00, 0x00, 0x00, 0x00, 0x00, 0x00, 0x00, 0x00,
    0x00, 0x00, 0x00, 0x00, 0x09, 0x00, 0x00, 0x00, 0x91, 0x00, 0x00, 0x00, 0x91, 0x00, 0x00, 0x00,
    0x22, 0x09, 0x00, 0x00, 0x29, 0x09, 0x00, 0x00, 0x29, 0x09, 0x00, 0x00, 0x33, 0x92, 0x00, 0x00,
    0x13, 0x92, 0x00, 0x00, 0x23, 0x92, 0x5E, 0x00, 0x39, 0xEE, 0x33, 0xEE, 0xE5, 0x33, 0x22, 0x21,
    0xE2, 0x25, 0x11, 0x23, 0x23, 0x3E, 0x52, 0x31, 0x25, 0x3E, 0x12, 0xE2, 0xEE, 0xE3, 0x35, 0xE3,
    0x00, 0x00, 0x00, 0x00, 0x00, 0x00, 0x00, 0x00, 0x00, 0x00, 0x00, 0x00, 0x00, 0x00, 0x00, 0x00,
    0x00, 0x00, 0x00, 0x00, 0x00, 0x00, 0x00, 0x00, 0x00, 0x00, 0x00, 0x00, 0x88, 0x00, 0x00, 0x00,
    0x00, 0x00, 0x00, 0xE0, 0x00, 0x00, 0x00, 0xE0, 0x00, 0x00, 0x00, 0x8E, 0x00, 0x00, 0x00, 0x6E,
    0x00, 0x00, 0x00, 0x5E, 0x00, 0x00, 0x00, 0x8E, 0x00, 0x00, 0x00, 0xE0, 0x00, 0x00, 0x00, 0x00,
    0x93, 0x00, 0x00, 0x00, 0x22, 0x09, 0x00, 0x00, 0x32, 0x09, 0x00, 0x00, 0x93, 0x09, 0x00, 0x00,
    0x09, 0x00, 0x00, 0x00, 0x00, 0x00, 0x00, 0x00, 0x00, 0x00, 0x00, 0x00, 0x00, 0x00, 0x00, 0x00,
    0x00, 0x00, 0x00, 0x00, 0x0E, 0x00, 0x00, 0x00, 0x0E, 0x00, 0x00, 0x00, 0x0E, 0x00, 0x00, 0x00,
    0xEB, 0x00, 0x00, 0x00, 0xEB, 0x00, 0x00, 0x00, 0xEB, 0x00, 0x00, 0x00, 0xEB, 0x00, 0x00, 0x00,
};
static const u16 sFrame23[] = {
    0x000F, 0x00CC, 0x81EE, 0x0000, 0x40C4, 0x800E, 0x0010, 0x40C4, 0x802E, 0x0018, 0x40C4, 0x804E,
    0x0020, 0x40EC, 0x81E6, 0x0028, 0x00BC, 0x41F6, 0x0030, 0x00EC, 0x4006, 0x0034, 0x40CC, 0x006E,
    0x0038, 0x40FC, 0x01E6, 0x003A, 0x40FC, 0x01FE, 0x003C, 0x80BC, 0x0006, 0x003E, 0x00C4, 0x006E,
    0x0040, 0x00D4, 0x01E6, 0x0041, 0x00D4, 0x000E, 0x0042, 0x00E4, 0x000E, 0x0043, 0x0000,
};
static const void* const sFrames23[] = { sFrame23 };
static const u8 sTiles24[1696] __attribute__((aligned(4))) = {
    0x00, 0x00, 0x00, 0x00, 0x00, 0x00, 0x00, 0x00, 0x00, 0x00, 0x00, 0x00, 0x00, 0x00, 0x00, 0x00,
    0x00, 0x00, 0x00, 0x00, 0x00, 0x00, 0x00, 0x00, 0x00, 0x00, 0x00, 0x50, 0x00, 0x00, 0x00, 0xE0,
    0x00, 0x29, 0x2A, 0xE1, 0x00, 0x90, 0x1A, 0x62, 0x00, 0x90, 0x1A, 0x11, 0x00, 0x00, 0x2A, 0x11,
    0xE5, 0xEE, 0xA0, 0x12, 0x3E, 0x53, 0x0E, 0x77, 0x12, 0x32, 0xEE, 0x8A, 0x13, 0x31, 0xE5, 0x17,
    0x2E, 0x29, 0x13, 0x92, 0x21, 0x72, 0x23, 0x92, 0x11, 0xA2, 0x39, 0x22, 0x21, 0xA7, 0x39, 0x23,
    0x22, 0x9A, 0x39, 0xE5, 0xAA, 0xA7, 0xE5, 0xE3, 0x12, 0xA2, 0x1E, 0x1E, 0x18, 0x78, 0x2E, 0x3E,
    0x00, 0x00, 0x00, 0x00, 0x00, 0x00, 0x00, 0x00, 0x09, 0x00, 0x00, 0x00, 0xE5, 0x0E, 0x00, 0x00,
    0x22, 0xE3, 0x0E, 0x00, 0x31, 0x21, 0xE3, 0x00, 0x21, 0x25, 0x32, 0x0E, 0x22, 0x22, 0x53, 0x0E,
    0x00, 0x00, 0x00, 0xE0, 0x00, 0x00, 0x00, 0x25, 0x00, 0x00, 0x00, 0x3E, 0x00, 0x00, 0x00, 0xE0,
    0x00, 0x00, 0x00, 0x00, 0x00, 0x00, 0x00, 0x00, 0x00, 0x00, 0x00, 0xE0, 0x00, 0x00, 0x00, 0xE0,
    0xEE, 0x33, 0x5E, 0x27, 0x31, 0xE5, 0xBB, 0xAE, 0x52, 0xBE, 0xBB, 0xAE, 0xEE, 0xBE, 0xBB, 0xEB,
    0x8E, 0xE8, 0xBB, 0xEB, 0x6E, 0xE8, 0xBB, 0xEB, 0x66, 0xE8, 0xBB, 0xBE, 0x66, 0xE6, 0xBB, 0xEB,
    0x81, 0x72, 0x2E, 0xE3, 0x18, 0xEA, 0xEB, 0x5E, 0x18, 0xE7, 0xBB, 0xBB, 0xA2, 0xBE, 0xBB, 0xBB,
    0xA7, 0xBE, 0xBB, 0xB8, 0xEE, 0xBE, 0x8B, 0xB8, 0xEE, 0xEB, 0x8B, 0xB8, 0xBB, 0xBE, 0x8B, 0x88,
    0x33, 0xE3, 0xEE, 0x00, 0xEE, 0x1E, 0x31, 0x05, 0x58, 0x23, 0x22, 0xE3, 0x88, 0xE5, 0x23, 0xE5,
    0x68, 0xE6, 0xEE, 0x0E, 0x8B, 0x66, 0xE6, 0x00, 0x8B, 0x66, 0x66, 0x0E, 0x8B, 0x66, 0x86, 0x0E,
    0x00, 0x00, 0x00, 0xE0, 0x00, 0x00, 0x00, 0x8E, 0x00, 0x00, 0x00, 0x6E, 0x00, 0x00, 0x00, 0x6E,
    0x00, 0x00, 0xE0, 0x66, 0x00, 0x00, 0xE0, 0x68, 0x00, 0x00, 0xE0, 0x88, 0x00, 0x00, 0x6E, 0x88,
    0x66, 0x86, 0xBE, 0xBB, 0x68, 0x88, 0xBE, 0xBB, 0x88, 0x88, 0x8E, 0x8B, 0x88, 0xE8, 0x8E, 0x8B,
    0x86, 0x0E, 0x8E, 0x68, 0x66, 0x0E, 0x8E, 0x68, 0xE8, 0xE0, 0x8B, 0x66, 0xE8, 0xE0, 0xB8, 0x66,
    0xEE, 0xB8, 0x8B, 0x88, 0x88, 0xB8, 0x8B, 0x88, 0x33, 0x86, 0x8B, 0x88, 0x88, 0x86, 0xBB, 0x88,
    0x88, 0x66, 0xB8, 0x88, 0x88, 0x66, 0xB8, 0x8B, 0x33, 0x66, 0xB8, 0x8B, 0x86, 0x68, 0x86, 0xBB,
    0xEB, 0x68, 0x88, 0xE8, 0xEB, 0x68, 0x66, 0xE8, 0xBB, 0x8E, 0x66, 0x88, 0xB8, 0x8E, 0x66, 0x86,
    0xB8, 0xEB, 0x6E, 0x86, 0xB8, 0xEB, 0x8E, 0x88, 0xB8, 0x0E, 0xE0, 0x66, 0x88, 0x0E, 0xE0, 0x68,
    0x00, 0x00, 0x6E, 0x86, 0x00, 0x90, 0x99, 0x69, 0x00, 0x90, 0x13, 0x95, 0xE0, 0x8E, 0x99, 0x99,
    0xE0, 0x58, 0x86, 0x0E, 0xE0, 0x66, 0x58, 0x0E, 0xE0, 0x88, 0x68, 0x0E, 0x00, 0x5E, 0x66, 0x0E,
    0x0E, 0x8E, 0xB8, 0x66, 0x0E, 0x6E, 0xB8, 0x66, 0x00, 0x6E, 0x6B, 0x66, 0x00, 0x6E, 0x6B, 0x66,
    0xE0, 0x88, 0x6B, 0x66, 0xE0, 0xB6, 0x66, 0x66, 0xE0, 0xB6, 0x66, 0x66, 0x6E, 0xB8, 0x66, 0x66,
    0x86, 0x68, 0x86, 0xBB, 0x86, 0x68, 0x86, 0xBB, 0x36, 0x63, 0x66, 0xB8, 0x86, 0x68, 0x66, 0xB8,
    0x86, 0x68, 0x66, 0x86, 0xB6, 0xBB, 0x66, 0x86, 0x3B, 0x83, 0x6B, 0x66, 0x8B, 0x8E, 0x6B, 0x66,
    0x88, 0x0E, 0xE0, 0x88, 0x88, 0xE8, 0x00, 0x99, 0x8B, 0xE8, 0x00, 0x59, 0x8B, 0xB8, 0x0E, 0x9E,
    0xBB, 0x88, 0xEE, 0x56, 0xBB, 0x88, 0x0E, 0x6E, 0xA8, 0xA7, 0xEB, 0x6E, 0xB8, 0x17, 0xFA, 0xEF,
    0x00, 0xEE, 0xEE, 0x00, 0x00, 0x00, 0x00, 0x00, 0x00, 0x00, 0x00, 0x00, 0x00, 0x00, 0x00, 0xE0,
    0x00, 0x00, 0x00, 0xE0, 0x00, 0x00, 0x00, 0xE0, 0x00, 0x00, 0x00, 0xE0, 0x00, 0x00, 0x00, 0xE0,
    0x6E, 0xB8, 0x66, 0x86, 0x8E, 0x6B, 0x66, 0x86, 0x8E, 0x6B, 0x66, 0xB6, 0xB8, 0x66, 0x66, 0xB6,
    0xB8, 0x66, 0x66, 0xB8, 0x8B, 0x66, 0x66, 0xB8, 0x88, 0x66, 0x66, 0x8B, 0x68, 0x66, 0x66, 0x8B,
    0x8B, 0x8E, 0x8B, 0x66, 0x8B, 0x8E, 0x8B, 0x66, 0xE8, 0x3E, 0x8B, 0x66, 0xE3, 0xEB, 0xB8, 0x66,
    0xE8, 0xEB, 0xB8, 0x56, 0xE8, 0xEB, 0xB8, 0x55, 0xBE, 0xEB, 0x58, 0x25, 0xBE, 0xEB, 0x55, 0x32,
    0xB8, 0x1A, 0xA1, 0xED, 0xB8, 0xA5, 0x71, 0xFA, 0x58, 0x25, 0x7A, 0xA7, 0x55, 0x52, 0xA8, 0x77,
    0x25, 0x83, 0xB8, 0xAA, 0x32, 0x88, 0xBB, 0xEB, 0x83, 0xB8, 0xB8, 0xB8, 0x88, 0x8B, 0xB8, 0xB8,
    0x00, 0x00, 0x00, 0xE0, 0x00, 0x00, 0x00, 0xBE, 0x00, 0x00, 0x00, 0xBE, 0x00, 0x00, 0x00, 0xBE,
    0x00, 0x00, 0x00, 0xBE, 0x00, 0x00, 0x00, 0xBE, 0x00, 0x00, 0x00, 0xBE, 0x00, 0x00, 0x00, 0x8E,
    0x68, 0x66, 0x66, 0x3B, 0x68, 0x66, 0x66, 0x8B, 0x68, 0x66, 0x86, 0x8B, 0x68, 0x66, 0x86, 0x8B,
    0x68, 0x66, 0x86, 0x5B, 0x68, 0x66, 0x86, 0x55, 0x68, 0x66, 0x56, 0x25, 0x68, 0x66, 0x55, 0x22,
    0xBE, 0x5B, 0x25, 0x83, 0xBE, 0x55, 0x32, 0x88, 0x5E, 0x25, 0x83, 0x68, 0x55, 0x32, 0x88, 0x68,
    0x25, 0x83, 0x38, 0x6B, 0x32, 0x88, 0x8E, 0x6B, 0x83, 0xB8, 0x8E, 0x6B, 0x88, 0xBB, 0x8E, 0x6B,
    0x88, 0x8B, 0xB6, 0x88, 0x86, 0x8B, 0xB6, 0x88, 0x86, 0x8B, 0xB6, 0x88, 0x86, 0x8B, 0x86, 0x8B,
    0x86, 0x8B, 0x86, 0x8B, 0x86, 0x8B, 0x86, 0x8B, 0x86, 0x8B, 0x86, 0x8B, 0x86, 0x8B, 0x88, 0x8B,
    0x00, 0x00, 0x00, 0x8E, 0x00, 0x00, 0x00, 0x8E, 0x00, 0x00, 0x00, 0x8E, 0x00, 0x00, 0x00, 0x8E,
    0x00, 0x00, 0x00, 0x5E, 0x00, 0x00, 0x00, 0x55, 0x00, 0x00, 0x50, 0x15, 0x00, 0x00, 0x55, 0x21,
    0x68, 0x56, 0x25, 0x82, 0x68, 0x55, 0x22, 0x88, 0x58, 0x25, 0x82, 0xE8, 0x55, 0x21, 0x88, 0xE8,
    0x15, 0x82, 0xB8, 0xE8, 0x21, 0x88, 0xB8, 0xE8, 0x82, 0x68, 0x8B, 0xBE, 0x88, 0x86, 0x3B, 0xBE,
    0xB8, 0xBB, 0x8E, 0x6B, 0xBB, 0xBB, 0x3E, 0x8B, 0xBB, 0xBB, 0x8E, 0x8B, 0xBB, 0xBB, 0x8E, 0x8B,
    0xBB, 0xBB, 0xEB, 0xB8, 0xBB, 0xBB, 0xEB, 0xB8, 0xBB, 0xBB, 0xEB, 0xB3, 0xBB, 0xBB, 0xEB, 0xB8,
    0x86, 0xBB, 0x88, 0x8B, 0x86, 0xBB, 0x68, 0xB8, 0x66, 0xB8, 0x68, 0xB8, 0x66, 0xB8, 0x68, 0xB8,
    0x66, 0xB8, 0x68, 0xB8, 0x66, 0xB8, 0x88, 0xB8, 0x66, 0xB8, 0x88, 0xB8, 0x68, 0xB8, 0x88, 0x86,
    0x00, 0x50, 0x15, 0x82, 0x00, 0x55, 0x22, 0x88, 0x50, 0x25, 0x82, 0xB8, 0x55, 0x22, 0x88, 0xEE,
    0x25, 0x82, 0x08, 0x00, 0x22, 0x88, 0xE0, 0xEE, 0x83, 0xE8, 0xBE, 0x8B, 0x88, 0x8E, 0x55, 0x88,
    0x68, 0x86, 0x8B, 0xBE, 0x66, 0x86, 0x8B, 0xEE, 0x66, 0xB6, 0xEE, 0x00, 0xEE, 0xEE, 0x00, 0x00,
    0xBE, 0xEB, 0x00, 0x00, 0x88, 0xEB, 0x00, 0x00, 0xB8, 0xBB, 0x0E, 0x00, 0xBB, 0xBB, 0x0E, 0x00,
    0xBB, 0xBB, 0xEE, 0xB8, 0xEE, 0xEE, 0x00, 0x8E, 0x00, 0x00, 0x00, 0x8E, 0x00, 0x00, 0x00, 0xE0,
    0x00, 0x00, 0x00, 0x00, 0x00, 0x00, 0x00, 0x00, 0x00, 0x00, 0x00, 0x00, 0x00, 0x00, 0x00, 0x00,
    0x68, 0x86, 0x8B, 0x86, 0x6B, 0x86, 0x8B, 0x86, 0x6B, 0x86, 0x8B, 0x86, 0xEE, 0xEE, 0xEE, 0xEE,
    0x00, 0x00, 0x00, 0xE0, 0x00, 0x00, 0x00, 0xE0, 0x00, 0x00, 0xE0, 0xEE, 0x00, 0xEE, 0xBE, 0x88,
    0x00, 0x00, 0x00, 0x00, 0x00, 0x00, 0x00, 0x00, 0x00, 0x00, 0x00, 0x00, 0x00, 0x00, 0x00, 0x00,
    0x00, 0x00, 0x00, 0x50, 0x00, 0x00, 0x00, 0x55, 0x00, 0x00, 0x55, 0x35, 0x00, 0x50, 0x22, 0x53,
    0x00, 0x50, 0x25, 0x83, 0x00, 0x55, 0x32, 0x88, 0x50, 0x25, 0x83, 0x08, 0x55, 0x32, 0x88, 0x00,
    0x25, 0x88, 0x08, 0x00, 0x53, 0x88, 0x00, 0x00, 0x85, 0x08, 0x00, 0x00, 0x88, 0x00, 0x00, 0x00,
    0x00, 0x25, 0x32, 0x88, 0x50, 0x22, 0x83, 0x00, 0x15, 0x22, 0x08, 0x00, 0x11, 0x82, 0x00, 0x00,
    0x21, 0x08, 0x00, 0x00, 0x82, 0x00, 0x00, 0x00, 0x08, 0x00, 0x00, 0x00, 0x00, 0x00, 0x00, 0x00,
    0x08, 0x00, 0x00, 0x00, 0x00, 0x00, 0x00, 0x00, 0x00, 0x00, 0x00, 0x00, 0x00, 0x00, 0x00, 0x00,
    0x00, 0x00, 0x00, 0x00, 0x00, 0x00, 0x00, 0x00, 0x00, 0x00, 0x00, 0x00, 0x00, 0x00, 0x00, 0x00,
    0x00, 0x00, 0x00, 0x00, 0x00, 0x00, 0x00, 0x00, 0x0E, 0x00, 0x00, 0x00, 0x0E, 0x00, 0x00, 0x00,
    0xE8, 0x00, 0x00, 0x00, 0xE6, 0x00, 0xF0, 0xD2, 0x86, 0x0E, 0xDF, 0xFF, 0x66, 0xFE, 0xD2, 0x0F,
    0x66, 0xFE, 0xFD, 0x00, 0x99, 0xF9, 0xFD, 0x00, 0x13, 0x95, 0x0F, 0x00, 0x99, 0xE9, 0x00, 0x00,
    0x66, 0xE8, 0x00, 0x00, 0x58, 0x88, 0x0E, 0x00, 0x58, 0x86, 0x0E, 0x00, 0x68, 0xE6, 0x00, 0x00,
    0xEE, 0xEE, 0x00, 0x00, 0x00, 0x00, 0x00, 0x00, 0x00, 0x00, 0x00, 0x00, 0x0A, 0x00, 0x00, 0x00,
    0x0A, 0x00, 0x00, 0x00, 0x00, 0x00, 0x00, 0x00, 0x0E, 0x00, 0x00, 0x00, 0x0E, 0x00, 0x00, 0x00,
    0x0E, 0x00, 0x00, 0x00, 0x0E, 0x00, 0x00, 0x00, 0x0E, 0x00, 0x00, 0x00, 0x0E, 0x00, 0x00, 0x00,
    0x0E, 0x00, 0x00, 0x00, 0x0E, 0x00, 0x00, 0x00, 0xEB, 0x00, 0x00, 0x00, 0xE8, 0x00, 0x00, 0x00,
    0x00, 0x00, 0x00, 0x99, 0x00, 0x00, 0x90, 0x33, 0x00, 0x00, 0x29, 0x13, 0x00, 0x90, 0x22, 0x91,
    0x00, 0x30, 0x11, 0x29, 0x00, 0x19, 0x99, 0x29, 0x00, 0x19, 0x17, 0x39, 0x00, 0x29, 0x27, 0x11,
    0x99, 0x09, 0x00, 0x00, 0x33, 0x21, 0x09, 0x00, 0x21, 0x19, 0x91, 0x00, 0x21, 0x92, 0x91, 0x00,
    0x19, 0x92, 0x22, 0x09, 0x92, 0x99, 0x29, 0x09, 0x33, 0x33, 0x29, 0x09, 0x91, 0x19, 0x33, 0x92,
    0xE8, 0xBB, 0x88, 0xBB, 0x00, 0xEE, 0xEE, 0xEE, 0x00, 0x00, 0x00, 0x00, 0x00, 0x00, 0x00, 0x00,
    0x00, 0x00, 0x00, 0x00, 0x00, 0x00, 0x00, 0x00, 0x00, 0x00, 0x00, 0x00, 0x00, 0x00, 0x00, 0x00,
    0xEB, 0xEE, 0x00, 0x00, 0x0E, 0x00, 0x00, 0x00, 0x00, 0x00, 0x00, 0x00, 0x00, 0x00, 0x00, 0x00,
    0x00, 0x00, 0x00, 0x00, 0x00, 0x00, 0x00, 0x00, 0x00, 0x00, 0x00, 0x00, 0x00, 0x00, 0x00, 0x00,
    0xE0, 0xBB, 0x55, 0x88, 0xE0, 0x8B, 0x88, 0xBB, 0xE0, 0xEE, 0xEE, 0xEE, 0x00, 0x00, 0x00, 0x00,
    0x00, 0x00, 0x00, 0x00, 0x00, 0x00, 0x00, 0x00, 0x00, 0x00, 0x00, 0x00, 0x00, 0x00, 0x00, 0x00,
    0xBB, 0xEB, 0x00, 0x00, 0xEB, 0x0E, 0x00, 0x00, 0x0E, 0x00, 0x00, 0x00, 0x00, 0x00, 0x00, 0x00,
    0x00, 0x00, 0x00, 0x00, 0x00, 0x00, 0x00, 0x00, 0x00, 0x00, 0x00, 0x00, 0x00, 0x00, 0x00, 0x00,
    0x00, 0x00, 0x00, 0x00, 0x00, 0x00, 0x00, 0x00, 0x00, 0x00, 0x00, 0x55, 0x00, 0x00, 0x50, 0x25,
    0x00, 0x50, 0x55, 0x33, 0x00, 0x25, 0x32, 0x85, 0x50, 0x23, 0x85, 0x88, 0x58, 0x85, 0x88, 0x00,
    0x00, 0x25, 0x32, 0x08, 0x50, 0x23, 0x83, 0x00, 0x35, 0x33, 0x08, 0x00, 0x33, 0x85, 0x00, 0x00,
    0x83, 0x08, 0x00, 0x00, 0x08, 0x00, 0x00, 0x00, 0x00, 0x00, 0x00, 0x00, 0x00, 0x00, 0x00, 0x00,
    0xE8, 0x00, 0x00, 0x00, 0x88, 0x0E, 0x00, 0x00, 0x88, 0x0E, 0x00, 0x00, 0x88, 0xEB, 0x00, 0x00,
    0x88, 0xEB, 0x00, 0x00, 0x88, 0xE8, 0x00, 0x00, 0x88, 0xB8, 0x0E, 0x00, 0x8B, 0xB8, 0x0E, 0x00,
    0x8B, 0xB8, 0x0E, 0x00, 0x8B, 0xB8, 0x0E, 0x00, 0x8B, 0xE8, 0x00, 0x00, 0xEE, 0xEE, 0x00, 0x00,
    0xB8, 0x0E, 0x00, 0x00, 0xB8, 0x0E, 0x00, 0x00, 0xB8, 0xEB, 0x00, 0x00, 0xB8, 0xEB, 0x00, 0x00,
    0x00, 0x00, 0x00, 0x00, 0x00, 0x00, 0x00, 0x00, 0x00, 0x00, 0x00, 0x00, 0x00, 0x00, 0x00, 0x00,
    0x00, 0x00, 0x00, 0x50, 0x00, 0x00, 0x00, 0x55, 0x00, 0x00, 0x50, 0x25, 0x00, 0x00, 0x55, 0x32,
    0x00, 0x00, 0x00, 0x00, 0x00, 0x00, 0x00, 0x00, 0x00, 0x00, 0x00, 0x00, 0x00, 0x00, 0x00, 0x50,
    0x00, 0x00, 0x00, 0x15, 0x00, 0x00, 0x50, 0x11, 0x00, 0x00, 0x25, 0x22, 0x00, 0x50, 0x22, 0x82,
    0x80, 0x08, 0x00, 0x00, 0x00, 0x00, 0x00, 0x00, 0x00, 0x00, 0x00, 0x00, 0x00, 0x00, 0x00, 0x00,
    0x00, 0x00, 0x00, 0x00, 0x00, 0x00, 0x00, 0x00, 0x00, 0x00, 0x00, 0x00, 0x00, 0x00, 0x00, 0x00,
};
static const u16 sFrame24[] = {
    0x000B, 0x80BD, 0xC1E9, 0x0000, 0x00FD, 0x41D9, 0x0020, 0x80CD, 0x4009, 0x0024, 0x40B5, 0x01F1,
    0x0028, 0x40FD, 0x01E9, 0x002A, 0x40FD, 0x0001, 0x002C, 0x400D, 0x01C9, 0x002E, 0x80ED, 0x0009,
    0x0030, 0x00F5, 0x01E1, 0x0032, 0x0005, 0x01D1, 0x0033, 0x0015, 0x01C9, 0x0034, 0x0000,
};
static const void* const sFrames24[] = { sFrame24 };
static const u8 sTiles25[2048] __attribute__((aligned(4))) = {
    0x00, 0x00, 0x00, 0x00, 0x00, 0x00, 0x00, 0x00, 0x00, 0x00, 0x00, 0x00, 0x00, 0x00, 0x00, 0x00,
    0x00, 0x00, 0x00, 0x00, 0x00, 0x00, 0x00, 0x00, 0x00, 0x00, 0x00, 0xE0, 0x00, 0x00, 0x00, 0xBE,
    0x00, 0x00, 0x00, 0x99, 0x00, 0x00, 0xEE, 0x9E, 0x00, 0xE0, 0x25, 0x53, 0x00, 0xE0, 0x21, 0x32,
    0x00, 0x1E, 0x31, 0x11, 0xEE, 0x23, 0x11, 0x25, 0x8B, 0x3E, 0x33, 0x22, 0x68, 0xE8, 0xEE, 0x53,
    0x99, 0x93, 0x99, 0x33, 0x91, 0x39, 0x32, 0x23, 0x12, 0x39, 0x22, 0x12, 0xEE, 0x92, 0x33, 0x33,
    0x32, 0xA5, 0x99, 0x32, 0x52, 0xBE, 0x9B, 0x32, 0xE2, 0xBB, 0x9B, 0x22, 0x5E, 0xBE, 0x9B, 0x23,
    0x12, 0x23, 0x93, 0x00, 0x12, 0x23, 0x93, 0x00, 0x92, 0x23, 0x93, 0x00, 0x92, 0x23, 0x92, 0xEE,
    0x93, 0x33, 0x32, 0x39, 0x93, 0x39, 0x32, 0x39, 0x23, 0x39, 0x32, 0xE9, 0x23, 0x39, 0x32, 0x59,
    0x00, 0x00, 0xE0, 0x58, 0x00, 0xE0, 0x8E, 0x66, 0x00, 0xBE, 0x55, 0x86, 0xE0, 0x58, 0x66, 0x88,
    0xBE, 0x66, 0x86, 0xBB, 0x6B, 0x86, 0xB8, 0xEB, 0x8B, 0x88, 0xBB, 0x0E, 0x8B, 0xBB, 0xEB, 0x00,
    0x65, 0xB8, 0x5E, 0xEE, 0x86, 0xBB, 0xEB, 0x25, 0xB8, 0xEB, 0xEE, 0xEE, 0xEB, 0x0E, 0x00, 0xE0,
    0x0E, 0x00, 0x00, 0x00, 0x00, 0x00, 0x00, 0x00, 0x00, 0x00, 0x00, 0x00, 0x00, 0x00, 0x00, 0x00,
    0x32, 0xBE, 0x9B, 0x23, 0x53, 0xBB, 0x9B, 0x13, 0x8E, 0xBB, 0x9B, 0x13, 0x88, 0x88, 0x9B, 0x33,
    0x8E, 0x88, 0xBB, 0x39, 0x8E, 0x88, 0xBB, 0x39, 0x8E, 0x88, 0xBB, 0x39, 0xEA, 0x88, 0xBB, 0x39,
    0x32, 0x23, 0x32, 0x39, 0x92, 0x23, 0x21, 0xE9, 0x92, 0x23, 0x21, 0x93, 0x92, 0x33, 0x22, 0x93,
    0x22, 0x39, 0x22, 0x93, 0x23, 0x39, 0x29, 0x93, 0x23, 0x33, 0x29, 0x93, 0x23, 0x32, 0x29, 0x93,
    0x8E, 0xE8, 0x9E, 0x99, 0xBE, 0x68, 0x96, 0x93, 0xEF, 0x8B, 0x98, 0x91, 0xFF, 0xEE, 0x59, 0xB9,
    0xFF, 0xFF, 0x99, 0x8B, 0x00, 0x00, 0x00, 0xEE, 0x00, 0x00, 0x00, 0x00, 0x00, 0x00, 0x00, 0x00,
    0x00, 0x00, 0x00, 0x00, 0xEE, 0xEE, 0x00, 0xA0, 0x88, 0x66, 0xFE, 0xAF, 0xBB, 0x8B, 0xE8, 0xAD,
    0x66, 0xBE, 0xE8, 0x7A, 0x88, 0xEB, 0x0E, 0x1A, 0xEE, 0x0E, 0x00, 0xEA, 0x00, 0x00, 0xEE, 0xBE,
    0xEA, 0x88, 0xBB, 0x29, 0xE7, 0x88, 0x9B, 0x12, 0xEA, 0xB8, 0x9B, 0x12, 0xEA, 0xB8, 0x9B, 0x29,
    0xEA, 0xB8, 0xB9, 0x29, 0xEA, 0xBB, 0xBB, 0x29, 0xBE, 0xBB, 0xBB, 0x98, 0xBB, 0x8B, 0xBB, 0x98,
    0x93, 0x32, 0x29, 0x93, 0x99, 0x22, 0x23, 0x31, 0x39, 0x12, 0x93, 0x31, 0x39, 0x12, 0x93, 0x32,
    0x93, 0x23, 0x39, 0x22, 0x93, 0x23, 0x39, 0x99, 0x93, 0x93, 0x39, 0x92, 0xB9, 0x99, 0x99, 0x92,
    0x00, 0x00, 0x00, 0x00, 0x00, 0x00, 0x00, 0xE0, 0x00, 0x00, 0xE0, 0xBE, 0x00, 0xE0, 0xBE, 0xBB,
    0x00, 0xBE, 0xBB, 0xBB, 0xE0, 0xBB, 0xBB, 0x88, 0xBE, 0x8B, 0x88, 0x88, 0x88, 0x88, 0x88, 0x88,
    0x00, 0xEE, 0xBB, 0xBB, 0xEE, 0xBB, 0xBB, 0xBB, 0xBB, 0xBB, 0xBB, 0x88, 0xBB, 0xBB, 0x88, 0x88,
    0x8B, 0x88, 0x88, 0xBB, 0x88, 0x88, 0xBB, 0xBB, 0x88, 0xBB, 0xBB, 0x88, 0xBB, 0xBB, 0x8B, 0x88,
    0xBB, 0x8B, 0xBB, 0x98, 0xBB, 0x8B, 0xBB, 0x98, 0xB8, 0x88, 0x8B, 0x68, 0xBB, 0xB8, 0x8B, 0x68,
    0x88, 0xB8, 0x8B, 0x68, 0x88, 0xB8, 0x8B, 0x68, 0x88, 0xBB, 0x8B, 0x68, 0x88, 0xBB, 0x8B, 0x66,
    0xB9, 0x99, 0xB8, 0x99, 0xB8, 0x9B, 0xB8, 0x9B, 0xB8, 0x8B, 0x88, 0xBB, 0xB8, 0x8B, 0x86, 0xBB,
    0xB8, 0x8B, 0x66, 0xB8, 0x88, 0xBB, 0x66, 0xB8, 0x88, 0xBB, 0x68, 0x88, 0x88, 0xBB, 0x68, 0x88,
    0x00, 0x00, 0x00, 0x8E, 0x00, 0x00, 0xE0, 0x88, 0x00, 0x00, 0xE0, 0x88, 0x00, 0x00, 0xE0, 0x88,
    0x00, 0x00, 0xBE, 0x88, 0x00, 0x00, 0xBE, 0x88, 0x00, 0x00, 0xBE, 0x8B, 0x00, 0x00, 0xBE, 0x8B,
    0x88, 0x88, 0x88, 0x8B, 0x88, 0x88, 0xBB, 0xBB, 0x88, 0xB8, 0xBB, 0x8B, 0x88, 0xBB, 0xBB, 0xB8,
    0x88, 0x8B, 0x88, 0xBB, 0xB8, 0x8B, 0x88, 0x8B, 0xB8, 0x88, 0xB8, 0x8B, 0xB8, 0x88, 0xB8, 0x88,
    0xBB, 0xBB, 0x88, 0x88, 0xBB, 0x8B, 0x88, 0x88, 0xBB, 0x88, 0x88, 0x88, 0x8B, 0x88, 0x88, 0x88,
    0x88, 0x88, 0x88, 0x88, 0x88, 0x88, 0x88, 0xB8, 0x88, 0x88, 0x88, 0xB8, 0x88, 0x88, 0x88, 0xB8,
    0x88, 0xBB, 0x88, 0x66, 0xB8, 0xBB, 0x88, 0x66, 0xB8, 0xBB, 0x88, 0x66, 0xBB, 0xBB, 0x88, 0x66,
    0xBB, 0xBB, 0x88, 0x66, 0xBB, 0xBB, 0x68, 0x66, 0xBB, 0x8B, 0x68, 0x66, 0xBB, 0x8B, 0x66, 0x66,
    0x00, 0x00, 0xBE, 0x8B, 0x00, 0xE0, 0xBB, 0x8B, 0x00, 0xE0, 0xBB, 0xBB, 0x00, 0xE0, 0xBB, 0xBB,
    0x00, 0x00, 0xBE, 0xBB, 0x00, 0x00, 0xBE, 0xBB, 0x00, 0x00, 0xE0, 0xBB, 0x00, 0x00, 0xE0, 0xBB,
    0x88, 0x8B, 0xB8, 0x88, 0x88, 0x8B, 0x88, 0x88, 0x88, 0xBB, 0x88, 0x88, 0x88, 0xBB, 0x88, 0x88,
    0x88, 0xBB, 0x8B, 0x88, 0x8B, 0xBB, 0x8B, 0x88, 0x8B, 0xB8, 0x8B, 0x88, 0xBB, 0xB8, 0x8B, 0x88,
    0x88, 0x88, 0x88, 0xBB, 0x88, 0x88, 0x88, 0xBB, 0x88, 0x88, 0x88, 0xBB, 0x88, 0x88, 0x88, 0xBB,
    0x88, 0x88, 0xB8, 0xBB, 0x88, 0x88, 0xB8, 0xBB, 0x88, 0x88, 0xB8, 0xBB, 0x88, 0x88, 0x88, 0xBB,
    0xBB, 0x8B, 0x66, 0x66, 0xBB, 0x8B, 0x66, 0x66, 0xBB, 0x8B, 0x66, 0x66, 0xBB, 0x8B, 0x66, 0x66,
    0xBB, 0x88, 0x66, 0x66, 0xBB, 0x88, 0x68, 0x66, 0xBB, 0x88, 0x68, 0x66, 0xBB, 0x88, 0x66, 0x66,
    0x22, 0x53, 0xB8, 0xEE, 0xEE, 0x85, 0x66, 0xB8, 0xEE, 0x8B, 0x66, 0x66, 0x00, 0xEE, 0x8B, 0x86,
    0x00, 0x00, 0xEE, 0xBE, 0x00, 0x00, 0x00, 0xE0, 0x00, 0x00, 0x00, 0x00, 0x00, 0x00, 0x00, 0x00,
    0x0E, 0x00, 0x00, 0xEE, 0xEB, 0xEE, 0xEE, 0x8B, 0xBB, 0x8B, 0x68, 0x66, 0x88, 0x66, 0x66, 0x66,
    0x88, 0x68, 0x86, 0xEB, 0xEE, 0x8B, 0xE8, 0x0E, 0x00, 0xEE, 0x0E, 0x00, 0x00, 0x00, 0x00, 0x00,
    0x00, 0x00, 0x00, 0x00, 0x09, 0x00, 0x00, 0x00, 0x09, 0x00, 0x00, 0x00, 0x09, 0x00, 0x00, 0x00,
    0x93, 0x00, 0x00, 0x00, 0x93, 0x00, 0x00, 0x00, 0x93, 0x88, 0x88, 0x88, 0x39, 0x29, 0x22, 0x88,
    0x00, 0x00, 0x00, 0x00, 0x00, 0x00, 0x00, 0x00, 0x00, 0x00, 0x00, 0x00, 0x00, 0x00, 0x00, 0x00,
    0x00, 0x00, 0x00, 0x00, 0x00, 0x00, 0x00, 0x00, 0x00, 0x00, 0x00, 0x00, 0x88, 0x88, 0x88, 0x00,
    0x9E, 0x29, 0x22, 0x22, 0x9E, 0x55, 0x55, 0x22, 0xE8, 0x00, 0x50, 0x55, 0x88, 0x0E, 0x00, 0x00,
    0x8B, 0x0E, 0x00, 0x00, 0x8B, 0xE8, 0x00, 0x00, 0xBB, 0xE8, 0x00, 0x00, 0xBB, 0x88, 0x0E, 0x00,
    0x22, 0x22, 0x82, 0x88, 0x11, 0x11, 0x22, 0x22, 0x55, 0x55, 0x11, 0x11, 0x00, 0x00, 0x55, 0x55,
    0x00, 0x00, 0x00, 0x00, 0x00, 0x00, 0x00, 0x00, 0x00, 0x00, 0x00, 0x00, 0x00, 0x00, 0x00, 0x00,
    0xB8, 0x8B, 0xE8, 0x00, 0xB8, 0x8B, 0x88, 0x0E, 0x88, 0xBB, 0x88, 0xEB, 0x86, 0xBB, 0x8B, 0xB8,
    0x86, 0xB8, 0x8B, 0x86, 0x66, 0x88, 0xBB, 0x66, 0x66, 0x88, 0xB8, 0x68, 0x66, 0x88, 0xB8, 0x68,
    0x00, 0x00, 0x00, 0x00, 0x00, 0x00, 0x00, 0x00, 0x00, 0x00, 0x00, 0x00, 0x0E, 0x00, 0x00, 0x00,
    0xEB, 0x00, 0x00, 0x00, 0xB8, 0x0E, 0x00, 0x00, 0x88, 0xEB, 0x00, 0x00, 0x88, 0xB8, 0x0E, 0x00,
    0x00, 0x00, 0x00, 0x00, 0x00, 0x00, 0x00, 0x00, 0x00, 0x00, 0x00, 0x00, 0x00, 0x00, 0x00, 0xE0,
    0x00, 0x00, 0x00, 0x8E, 0x00, 0xE0, 0xEE, 0xE8, 0x00, 0x6E, 0xB6, 0x6B, 0x00, 0x8E, 0x8B, 0x86,
    0x00, 0x00, 0x00, 0x00, 0x00, 0x00, 0x00, 0x00, 0x00, 0x00, 0x00, 0x00, 0x0E, 0x00, 0x00, 0x00,
    0x0E, 0x00, 0x00, 0x00, 0xBE, 0x0E, 0x00, 0x00, 0xE6, 0x0E, 0x00, 0x00, 0x88, 0xE8, 0x00, 0x00,
    0x9E, 0xB9, 0x88, 0xB8, 0x9B, 0x93, 0xBB, 0xEB, 0x86, 0x19, 0xE9, 0x0E, 0xB8, 0x59, 0x09, 0x00,
    0xEE, 0x99, 0x00, 0x00, 0x00, 0x00, 0x00, 0x00, 0x00, 0x00, 0x00, 0x00, 0x00, 0x00, 0x00, 0x00,
    0xEE, 0x6E, 0x0E, 0x00, 0x0E, 0xE0, 0x0E, 0x00, 0x00, 0x00, 0x00, 0x00, 0x00, 0x00, 0x00, 0x00,
    0x00, 0x00, 0x00, 0x00, 0x00, 0x00, 0x00, 0x00, 0x00, 0x00, 0x00, 0x00, 0x00, 0x00, 0x00, 0x00,
    0x00, 0x00, 0x00, 0x00, 0x00, 0x00, 0x00, 0x00, 0x00, 0x00, 0x00, 0x00, 0x88, 0x08, 0x00, 0x00,
    0x55, 0x88, 0x88, 0x00, 0x52, 0x55, 0x85, 0x88, 0x55, 0x33, 0x33, 0x33, 0x00, 0x50, 0x55, 0x32,
    0x00, 0x00, 0x00, 0x00, 0x00, 0x00, 0x00, 0x00, 0x00, 0x00, 0x00, 0x00, 0x00, 0x00, 0x00, 0x00,
    0x00, 0x00, 0x00, 0x00, 0x08, 0x00, 0x00, 0x00, 0x83, 0x88, 0x88, 0x00, 0x22, 0x22, 0x82, 0x88,
    0x00, 0x00, 0x50, 0x55, 0x00, 0x00, 0x00, 0x00, 0x00, 0x00, 0x00, 0x00, 0x00, 0x00, 0x00, 0x00,
    0x00, 0x00, 0x00, 0x00, 0x00, 0x00, 0x00, 0x00, 0x00, 0x00, 0x00, 0x00, 0x00, 0x00, 0x00, 0x00,
    0x25, 0x12, 0x11, 0x22, 0x55, 0x55, 0x55, 0x25, 0x00, 0x00, 0x00, 0x50, 0x00, 0x00, 0x00, 0x00,
    0x00, 0x00, 0x00, 0x00, 0x00, 0x00, 0x00, 0x00, 0x00, 0x00, 0x00, 0x00, 0x00, 0x00, 0x00, 0x00,
    0x66, 0x86, 0xB8, 0x8B, 0x66, 0x86, 0xB8, 0x8B, 0x66, 0x88, 0xB8, 0x8B, 0x66, 0x88, 0xB8, 0x8B,
    0x66, 0x88, 0xBB, 0xBB, 0x66, 0x88, 0xBB, 0xBB, 0x66, 0x88, 0xBB, 0xBB, 0x66, 0x88, 0xBB, 0xBB,
    0x66, 0x86, 0x88, 0x88, 0x66, 0x86, 0x68, 0x66, 0x68, 0x86, 0x8B, 0x66, 0x68, 0x86, 0x8B, 0x68,
    0x68, 0x86, 0xBB, 0x68, 0x68, 0x86, 0xBB, 0x68, 0x68, 0x86, 0xBB, 0x68, 0x68, 0x86, 0xBB, 0x6B,
    0x66, 0x88, 0xBB, 0xBB, 0x66, 0x88, 0xBB, 0xBB, 0x66, 0x88, 0xBB, 0xBB, 0xEE, 0xEE, 0xEE, 0xEE,
    0x00, 0x00, 0x00, 0x00, 0x00, 0x00, 0x00, 0x00, 0x00, 0x00, 0x00, 0x00, 0x00, 0x00, 0x00, 0x00,
    0x68, 0x88, 0xBB, 0x8B, 0x88, 0x88, 0xBB, 0x8B, 0x88, 0xE8, 0xEE, 0xEE, 0xEE, 0x0E, 0x00, 0x00,
    0x00, 0x00, 0x00, 0x00, 0x00, 0x00, 0x00, 0x00, 0x00, 0x00, 0x00, 0x00, 0x00, 0x00, 0x00, 0x00,
    0x00, 0x00, 0x00, 0xEE, 0x00, 0x00, 0x00, 0x00, 0x00, 0x00, 0xE0, 0xEE, 0x00, 0xEE, 0x8E, 0x88,
    0xEE, 0x88, 0x88, 0xB8, 0x8E, 0x88, 0xBB, 0xBB, 0xEE, 0xEE, 0xEE, 0xEE, 0x00, 0x00, 0x00, 0x00,
    0xEE, 0xBB, 0x8B, 0x88, 0xBE, 0xEE, 0xEE, 0xEE, 0x88, 0xBB, 0x0E, 0x00, 0xBB, 0xBB, 0x0E, 0x00,
    0xBB, 0xEB, 0x00, 0x00, 0xBB, 0x0E, 0x00, 0x00, 0xEE, 0x0E, 0x00, 0x00, 0x00, 0x00, 0x00, 0x00,
    0x88, 0x88, 0x88, 0xBB, 0x88, 0x88, 0x88, 0xBB, 0xEE, 0xEE, 0xEE, 0xEE, 0x00, 0x00, 0x00, 0x00,
    0x00, 0x00, 0x00, 0x00, 0x00, 0x00, 0x00, 0x00, 0x00, 0x00, 0x00, 0x00, 0x00, 0x00, 0x00, 0x00,
    0x8B, 0x88, 0x66, 0x66, 0x8B, 0x88, 0x66, 0x66, 0xEE, 0xEE, 0xEE, 0x6E, 0x00, 0x00, 0x00, 0xE0,
    0x00, 0x00, 0x00, 0x00, 0x00, 0x00, 0x00, 0x00, 0x00, 0x00, 0x00, 0x00, 0x00, 0x00, 0x00, 0x00,
    0x00, 0x00, 0x00, 0x00, 0x00, 0x00, 0x00, 0x00, 0x00, 0x00, 0x00, 0x00, 0x00, 0x00, 0x00, 0x90,
    0x00, 0x00, 0x00, 0x90, 0x00, 0x00, 0x00, 0x99, 0x00, 0x00, 0x00, 0x39, 0x00, 0x00, 0x00, 0x29,
    0x00, 0x99, 0x99, 0x00, 0x90, 0x22, 0x23, 0x99, 0x29, 0x31, 0x33, 0x22, 0x12, 0x33, 0x92, 0x19,
    0x99, 0x19, 0x21, 0x92, 0x22, 0x92, 0x12, 0x92, 0x11, 0x21, 0x29, 0x39, 0x32, 0x13, 0x91, 0x39,
    0x08, 0x00, 0x00, 0x00, 0x82, 0x88, 0x88, 0x88, 0x21, 0x22, 0x22, 0x88, 0x55, 0x22, 0x22, 0x22,
    0x00, 0x55, 0x55, 0x25, 0x00, 0x00, 0x00, 0x55, 0x00, 0x00, 0x00, 0x00, 0x00, 0x00, 0x00, 0x00,
    0x00, 0x00, 0x00, 0x00, 0x00, 0x00, 0x00, 0x00, 0x88, 0x88, 0x88, 0x08, 0x32, 0x33, 0x33, 0x88,
    0x22, 0x22, 0x22, 0x33, 0x55, 0x55, 0x25, 0x22, 0x00, 0x00, 0x55, 0x55, 0x00, 0x00, 0x00, 0x00,
    0x33, 0x83, 0x88, 0x08, 0x22, 0x22, 0x33, 0x88, 0x55, 0x55, 0x33, 0x33, 0x00, 0x05, 0x55, 0x25,
    0x00, 0x00, 0x00, 0x55, 0x00, 0x00, 0x00, 0x00, 0x00, 0x00, 0x00, 0x00, 0x00, 0x00, 0x00, 0x00,
    0x00, 0x00, 0x00, 0x00, 0x88, 0x00, 0x00, 0x00, 0x88, 0x08, 0x00, 0x00, 0x33, 0x85, 0x08, 0x00,
    0x32, 0x33, 0x85, 0x00, 0x55, 0x25, 0x33, 0x08, 0x00, 0x50, 0x55, 0x08, 0x00, 0x00, 0x00, 0x00,
    0x86, 0xB8, 0xEB, 0x00, 0x66, 0x88, 0xBB, 0x0E, 0x66, 0x86, 0xB8, 0xEB, 0x66, 0x86, 0xB8, 0xEB,
    0x66, 0x66, 0x88, 0xBB, 0x88, 0x88, 0x86, 0xBB, 0xB8, 0x88, 0x88, 0xEB, 0x88, 0xBB, 0x88, 0xE8,
    0x00, 0x00, 0x00, 0x00, 0x00, 0x00, 0x00, 0x00, 0x00, 0x00, 0x00, 0x00, 0x00, 0x00, 0x00, 0x00,
    0x0E, 0x00, 0x00, 0x00, 0x0E, 0x00, 0x00, 0x00, 0x00, 0x00, 0x00, 0x00, 0x00, 0x00, 0x00, 0x00,
    0x00, 0x00, 0x00, 0x00, 0x00, 0x00, 0x00, 0x00, 0x00, 0x00, 0x00, 0x00, 0x00, 0x00, 0x00, 0x00,
    0x00, 0x00, 0x00, 0x00, 0x00, 0x00, 0x00, 0xE0, 0x00, 0x00, 0x00, 0xE0, 0x00, 0x00, 0x00, 0xE0,
    0x00, 0x00, 0x00, 0x00, 0x00, 0x00, 0x00, 0x00, 0x00, 0x00, 0x00, 0xFF, 0x00, 0x00, 0x00, 0xDF,
    0x00, 0x00, 0x00, 0x00, 0x00, 0x00, 0x00, 0x00, 0x00, 0x00, 0x00, 0x00, 0x00, 0x00, 0x00, 0x00,
    0x00, 0x00, 0x00, 0x00, 0x09, 0x00, 0x00, 0x00, 0x92, 0x00, 0x00, 0x00, 0x21, 0x09, 0x00, 0x00,
    0x23, 0x92, 0x00, 0x00, 0x13, 0x21, 0x09, 0x00, 0x39, 0x31, 0x09, 0x00, 0x29, 0x23, 0x09, 0x00,
    0x00, 0x00, 0x00, 0x00, 0x00, 0x00, 0x00, 0x00, 0xE0, 0x5E, 0x00, 0x00, 0x3E, 0x22, 0x0E, 0x00,
    0x12, 0x13, 0x0E, 0x00, 0x52, 0x12, 0xE3, 0x00, 0x3E, 0x33, 0x0E, 0x00, 0x13, 0xEE, 0xEE, 0x00,
    0x00, 0x00, 0x00, 0x00, 0x00, 0x00, 0x00, 0x00, 0x00, 0x00, 0x00, 0x00, 0x00, 0x00, 0x00, 0x00,
    0x00, 0x00, 0x00, 0x00, 0x00, 0x00, 0x00, 0x00, 0x00, 0x00, 0x00, 0xE0, 0x00, 0x00, 0x00, 0x8E,
    0x00, 0x00, 0x00, 0x00, 0x00, 0x00, 0x00, 0x00, 0x00, 0x00, 0x00, 0x00, 0x00, 0x00, 0x00, 0x00,
    0x00, 0x00, 0x00, 0x00, 0x00, 0x00, 0x00, 0x00, 0x00, 0x00, 0x00, 0x00, 0x88, 0x88, 0x00, 0x00,
    0x86, 0xBB, 0x88, 0x86, 0x86, 0x8B, 0x88, 0x66, 0x86, 0x8B, 0x88, 0x68, 0x86, 0x88, 0xB8, 0x68,
    0x86, 0x88, 0xB8, 0x68, 0x86, 0x86, 0xB8, 0x68, 0x66, 0x66, 0xB8, 0x8B, 0x66, 0x66, 0xB8, 0x8B,
    0x88, 0xB8, 0x8B, 0xE8, 0xE8, 0xEE, 0xEE, 0x0E, 0xEE, 0x8B, 0xB8, 0x0E, 0xBE, 0x8B, 0xB8, 0x0E,
    0xBE, 0x88, 0x88, 0xEB, 0xE0, 0x8B, 0xB8, 0xEB, 0xE0, 0xBB, 0xBB, 0x0E, 0x00, 0xEE, 0xEE, 0x00,
};
static const u16 sFrame25[] = {
    0x0012, 0x00C8, 0x81EA, 0x0000, 0x40E8, 0x81E2, 0x0010, 0x80D0, 0x800A, 0x0018, 0x00C8, 0x401A,
    0x0020, 0x00E0, 0x402A, 0x0024, 0x00F0, 0x4002, 0x0028, 0x40F8, 0x41E2, 0x002C, 0x40C0, 0x01F2,
    0x0030, 0x40E0, 0x001A, 0x0032, 0x40E8, 0x003A, 0x0034, 0x40F0, 0x0012, 0x0036, 0x80D0, 0x01E2,
    0x0038, 0x00C0, 0x0002, 0x003A, 0x00C8, 0x000A, 0x003B, 0x00E0, 0x01E2, 0x003C, 0x00E0, 0x003A,
    0x003D, 0x00E8, 0x0002, 0x003E, 0x00F8, 0x0012, 0x003F, 0x0000,
};
static const void* const sFrames25[] = { sFrame25 };
static const u8 sTiles26[1664] __attribute__((aligned(4))) = {
    0xEE, 0xEE, 0x2E, 0x32, 0x8E, 0xEE, 0x35, 0xE2, 0xEB, 0x88, 0xEE, 0xBE, 0xE8, 0x88, 0xBB, 0xBB,
    0xE8, 0x88, 0xBB, 0xBB, 0xEE, 0x88, 0xBB, 0xBB, 0xE0, 0x8E, 0xBB, 0x8B, 0x00, 0x8E, 0xB8, 0x8B,
    0x9E, 0x13, 0x39, 0x93, 0x9E, 0x23, 0x29, 0x93, 0x8B, 0x39, 0x29, 0x23, 0x8B, 0x39, 0x99, 0x23,
    0x88, 0x39, 0x92, 0x33, 0x88, 0x39, 0x93, 0x32, 0x88, 0x39, 0x23, 0x22, 0x88, 0x39, 0x23, 0x29,
    0x31, 0x69, 0xE8, 0x00, 0x31, 0xB9, 0xE8, 0x00, 0x32, 0x93, 0x86, 0x0E, 0x32, 0x93, 0x86, 0xE8,
    0x29, 0x93, 0x9B, 0x99, 0x29, 0x33, 0x59, 0x31, 0x99, 0x32, 0x99, 0x99, 0x93, 0x32, 0xE9, 0x6B,
    0x00, 0x00, 0x00, 0x00, 0x00, 0x00, 0x00, 0x00, 0x00, 0x00, 0x00, 0x00, 0x00, 0x00, 0x00, 0x00,
    0x09, 0x00, 0x00, 0x00, 0x09, 0x00, 0x00, 0x00, 0xE8, 0x00, 0x00, 0x00, 0xE8, 0x00, 0x00, 0x00,
    0x00, 0x8E, 0xB8, 0xBB, 0x00, 0x8E, 0xB8, 0xBB, 0xE0, 0xE6, 0xB8, 0xBB, 0xE0, 0xE6, 0xB8, 0x8B,
    0xE0, 0xE8, 0xB8, 0x8B, 0xE0, 0xEB, 0xB8, 0x8B, 0x00, 0xEE, 0xB8, 0x8B, 0x00, 0xE0, 0x88, 0x8B,
    0x88, 0x39, 0x33, 0x29, 0x88, 0x99, 0x31, 0x29, 0xB8, 0x99, 0x32, 0x29, 0xB8, 0x9B, 0x92, 0x13,
    0xB8, 0x29, 0x92, 0x13, 0xB8, 0x9B, 0x99, 0x23, 0xB8, 0x98, 0x9B, 0x23, 0xB8, 0x98, 0xBB, 0x29,
    0x93, 0x22, 0x93, 0xBB, 0x93, 0x22, 0x93, 0xE6, 0x33, 0x19, 0x93, 0xB8, 0x33, 0x19, 0x93, 0xBE,
    0x32, 0x29, 0x32, 0xE9, 0x32, 0x29, 0x32, 0xF9, 0x39, 0x93, 0x32, 0x29, 0x99, 0x93, 0x22, 0x93,
    0x86, 0x0E, 0x00, 0x00, 0x88, 0xAE, 0x00, 0x00, 0xEB, 0xA0, 0x0A, 0x00, 0xEE, 0x7A, 0x0A, 0x00,
    0xFF, 0xAA, 0x8A, 0x88, 0xDF, 0x7A, 0x8A, 0x35, 0xDF, 0x7A, 0x2A, 0x22, 0x00, 0x1A, 0xAA, 0x55,
    0x00, 0xBE, 0x88, 0x8B, 0xE0, 0x8B, 0xBB, 0x8B, 0xBE, 0xB8, 0xB8, 0x8B, 0xBB, 0x8B, 0xB8, 0x8B,
    0x8B, 0x88, 0xB8, 0x68, 0x88, 0xB8, 0xBB, 0x68, 0x88, 0xB8, 0x8B, 0x68, 0x88, 0xBB, 0x8B, 0x68,
    0xB8, 0x88, 0xBB, 0x99, 0xB8, 0x88, 0xBB, 0xB9, 0xB6, 0x88, 0xB8, 0xBB, 0xB6, 0x88, 0x88, 0xBB,
    0xB6, 0x88, 0x88, 0xB8, 0x86, 0x88, 0x86, 0xB8, 0x88, 0x88, 0x66, 0xB8, 0x88, 0x8B, 0x66, 0x88,
    0x9F, 0x93, 0x99, 0x93, 0x0E, 0x99, 0x00, 0x09, 0x0E, 0x00, 0x00, 0x00, 0x0E, 0x00, 0x00, 0x00,
    0xEB, 0x00, 0x00, 0x00, 0x8B, 0x0E, 0x00, 0x00, 0x8B, 0x0E, 0x00, 0x00, 0x8B, 0xE8, 0x00, 0x00,
    0x00, 0x1A, 0xAA, 0x00, 0x00, 0xAA, 0x0A, 0x00, 0x00, 0xA0, 0x00, 0x00, 0x00, 0x00, 0x00, 0x00,
    0x00, 0x00, 0x00, 0x00, 0x00, 0x00, 0x00, 0x00, 0x00, 0x00, 0x00, 0x00, 0x00, 0x00, 0x00, 0x00,
    0xB8, 0xBB, 0x88, 0x66, 0xBB, 0xBB, 0x88, 0x66, 0xBB, 0x8B, 0x68, 0x66, 0xBB, 0x8B, 0x68, 0x66,
    0xBB, 0x88, 0x68, 0x66, 0xBB, 0x88, 0x68, 0x66, 0xBB, 0x88, 0x88, 0x66, 0xBB, 0x8B, 0x88, 0x66,
    0x88, 0x8B, 0x66, 0x86, 0xB8, 0xBB, 0x68, 0x86, 0xB8, 0xBB, 0x88, 0x86, 0xBB, 0xBB, 0x88, 0x66,
    0xB8, 0xBB, 0x8B, 0x86, 0xB8, 0xBB, 0x8B, 0x86, 0x88, 0xBB, 0x8B, 0x66, 0x86, 0xB8, 0xBB, 0x88,
    0x6B, 0x88, 0x0E, 0x00, 0x68, 0x86, 0xE8, 0x00, 0x68, 0x66, 0x88, 0x0E, 0x86, 0x68, 0x66, 0xE8,
    0x66, 0x86, 0x88, 0x88, 0x8B, 0x88, 0xBB, 0x88, 0xB8, 0x8B, 0xB8, 0x8B, 0x86, 0xBB, 0xBB, 0xEE,
    0x00, 0x00, 0x00, 0x00, 0x00, 0x00, 0x00, 0x00, 0x00, 0x00, 0x00, 0x00, 0x00, 0x00, 0x00, 0x00,
    0xEE, 0xEE, 0x00, 0x00, 0xBB, 0xBB, 0x0E, 0x00, 0xE8, 0xEE, 0xEE, 0x00, 0xEE, 0xEE, 0xEE, 0xEE,
    0x00, 0x00, 0x00, 0x00, 0x00, 0x00, 0x00, 0x00, 0x00, 0x00, 0x00, 0x00, 0x00, 0x00, 0x00, 0x00,
    0x08, 0x00, 0x00, 0x00, 0x85, 0x88, 0x88, 0x88, 0x33, 0x33, 0x33, 0x22, 0x25, 0x22, 0x22, 0x22,
    0x00, 0x00, 0x00, 0x00, 0x00, 0x00, 0x00, 0x00, 0x00, 0x00, 0x00, 0x00, 0x00, 0x00, 0x00, 0x00,
    0x00, 0x00, 0x00, 0x00, 0x88, 0x88, 0x88, 0x88, 0x22, 0x22, 0x32, 0x33, 0x11, 0x21, 0x22, 0x22,
    0x00, 0x00, 0x00, 0x00, 0x00, 0x00, 0x00, 0x00, 0x00, 0x00, 0x00, 0x00, 0x00, 0x00, 0x00, 0x00,
    0x00, 0x00, 0x00, 0x00, 0x08, 0x00, 0x00, 0x00, 0x83, 0x88, 0x88, 0x00, 0x32, 0x33, 0x83, 0x88,
    0x00, 0x00, 0x00, 0x00, 0x00, 0x00, 0x00, 0x00, 0x00, 0x00, 0x00, 0x00, 0x00, 0x00, 0x00, 0x00,
    0x00, 0x00, 0x00, 0x00, 0x00, 0x00, 0x00, 0x00, 0x00, 0x00, 0x00, 0x00, 0x08, 0x00, 0x00, 0x00,
    0x55, 0x55, 0x55, 0x55, 0x00, 0x00, 0x00, 0x00, 0x00, 0x00, 0x00, 0x00, 0x00, 0x00, 0x00, 0x00,
    0x00, 0x00, 0x00, 0x00, 0x00, 0x00, 0x00, 0x00, 0x00, 0x00, 0x00, 0x00, 0x00, 0x00, 0x00, 0x00,
    0x55, 0x55, 0x55, 0x55, 0x00, 0x00, 0x00, 0x00, 0x00, 0x00, 0x00, 0x00, 0x00, 0x00, 0x00, 0x00,
    0x00, 0x00, 0x00, 0x00, 0x00, 0x00, 0x00, 0x00, 0x00, 0x00, 0x00, 0x00, 0x00, 0x00, 0x00, 0x00,
    0x55, 0x55, 0x32, 0x33, 0x00, 0x00, 0x55, 0x55, 0x00, 0x00, 0x00, 0x00, 0x00, 0x00, 0x00, 0x00,
    0x00, 0x00, 0x00, 0x00, 0x00, 0x00, 0x00, 0x00, 0x00, 0x00, 0x00, 0x00, 0x00, 0x00, 0x00, 0x00,
    0x83, 0x08, 0x00, 0x00, 0x23, 0x83, 0x08, 0x00, 0x55, 0x55, 0x08, 0x00, 0x00, 0x00, 0x00, 0x00,
    0x00, 0x00, 0x00, 0x00, 0x00, 0x00, 0x00, 0x00, 0x00, 0x00, 0x00, 0x00, 0x00, 0x00, 0x00, 0x00,
    0x00, 0x00, 0x00, 0x99, 0x00, 0x00, 0x90, 0x22, 0x00, 0x00, 0x29, 0x31, 0x00, 0x90, 0x12, 0x33,
    0x00, 0x90, 0x99, 0x19, 0x00, 0x99, 0x22, 0x92, 0x00, 0x39, 0x11, 0x21, 0x00, 0x29, 0x32, 0x13,
    0x99, 0x00, 0x00, 0x00, 0x23, 0x99, 0x09, 0x00, 0x33, 0x22, 0x92, 0x00, 0x92, 0x19, 0x21, 0x09,
    0x21, 0x92, 0x23, 0x92, 0x12, 0x92, 0x13, 0x21, 0x29, 0x39, 0x39, 0x31, 0x91, 0x39, 0x29, 0x23,
    0x00, 0x99, 0x99, 0x93, 0x00, 0x90, 0x91, 0x39, 0xEE, 0xEE, 0x12, 0x39, 0x25, 0x32, 0xE5, 0x9E,
    0x11, 0x13, 0x21, 0xE3, 0x12, 0x15, 0x22, 0xE5, 0x22, 0x21, 0x32, 0x2E, 0x3E, 0x22, 0xE5, 0x25,
    0x99, 0x33, 0x12, 0x23, 0x32, 0x23, 0x12, 0x23, 0x22, 0x12, 0x92, 0x23, 0x33, 0x33, 0x92, 0x23,
    0x39, 0x32, 0x23, 0x29, 0x39, 0x22, 0x23, 0x39, 0x9E, 0x12, 0x33, 0x39, 0x93, 0x22, 0x39, 0x39,
    0x00, 0x00, 0x00, 0x00, 0x00, 0x00, 0x00, 0x00, 0x00, 0x00, 0x00, 0x00, 0x00, 0x00, 0x00, 0x00,
    0x00, 0x00, 0x00, 0x00, 0x00, 0x00, 0x00, 0xE0, 0x00, 0x00, 0xE0, 0xBE, 0x00, 0xE0, 0xBE, 0xBB,
    0x00, 0x00, 0x00, 0x00, 0x00, 0x00, 0x00, 0x00, 0x00, 0x00, 0x00, 0xE0, 0x00, 0x00, 0xE0, 0xBE,
    0x00, 0xEE, 0xBE, 0xBB, 0xEE, 0xBB, 0xBB, 0xBB, 0xBB, 0xBB, 0xB8, 0x8B, 0x8B, 0x88, 0xBB, 0x88,
    0x00, 0xBE, 0xBB, 0x88, 0x00, 0x8E, 0x88, 0x88, 0xE0, 0x8B, 0x88, 0x88, 0xBE, 0x8B, 0x88, 0x88,
    0xBE, 0x8B, 0x88, 0x88, 0xBE, 0x8B, 0x88, 0x88, 0xBE, 0x8B, 0x88, 0xB8, 0xBE, 0x8B, 0x88, 0x88,
    0x88, 0xB8, 0xBB, 0xBB, 0x88, 0xB8, 0xBB, 0x88, 0x88, 0xBB, 0x8B, 0xB8, 0xB8, 0x8B, 0x88, 0xB8,
    0xB8, 0x88, 0x88, 0xBB, 0x8B, 0x88, 0xB8, 0xBB, 0x8B, 0x88, 0x88, 0xBB, 0x8B, 0x88, 0x88, 0xBB,
    0xBB, 0x88, 0x88, 0xB8, 0xB8, 0x88, 0x88, 0xB8, 0xB8, 0x8B, 0x88, 0x88, 0x88, 0xBB, 0x88, 0x88,
    0x88, 0xEE, 0xEE, 0xEE, 0xEB, 0xBB, 0xBB, 0xBE, 0xEE, 0xEE, 0xEE, 0xEE, 0x00, 0x00, 0x00, 0xEE,
    0xBB, 0x8B, 0x88, 0x66, 0xBB, 0xBB, 0x88, 0x66, 0xBB, 0xBB, 0x8B, 0x66, 0xEB, 0xEE, 0xEE, 0xEE,
    0xBE, 0xEB, 0xBB, 0xBB, 0xBB, 0xBB, 0xEE, 0xEE, 0xB8, 0xBB, 0x0E, 0x00, 0xB8, 0xBB, 0xEB, 0x00,
    0x00, 0xE0, 0xEE, 0x88, 0xE0, 0x8E, 0x88, 0x88, 0xE0, 0x88, 0x88, 0xBB, 0x00, 0xEE, 0xBE, 0xBB,
    0x00, 0x00, 0xE0, 0xEE, 0x00, 0x00, 0x00, 0x00, 0x00, 0x00, 0x00, 0x00, 0x00, 0x00, 0x00, 0x00,
    0xB8, 0xBB, 0xBB, 0x0E, 0xBB, 0xBB, 0xEB, 0x0E, 0xBB, 0xEE, 0x0E, 0x00, 0xEE, 0x00, 0x00, 0x00,
    0x00, 0x00, 0x00, 0x00, 0x00, 0x00, 0x00, 0x00, 0x00, 0x00, 0x00, 0x00, 0x00, 0x00, 0x00, 0x00,
    0x00, 0x00, 0x00, 0x00, 0x00, 0x00, 0x00, 0x00, 0x00, 0x00, 0x00, 0x00, 0x00, 0x00, 0x00, 0x00,
    0x88, 0x88, 0x88, 0x88, 0x33, 0x33, 0x33, 0x33, 0x22, 0x22, 0x22, 0x22, 0x55, 0x55, 0x55, 0x55,
    0x00, 0x00, 0x00, 0x00, 0x00, 0x00, 0x00, 0x00, 0x00, 0x00, 0x00, 0x00, 0x00, 0x00, 0x00, 0x00,
    0x88, 0x88, 0x88, 0x88, 0x33, 0x33, 0x33, 0x23, 0x22, 0x22, 0x22, 0x22, 0x55, 0x55, 0x55, 0x55,
    0x00, 0x00, 0x00, 0x00, 0x00, 0x00, 0x00, 0x00, 0x00, 0x00, 0x00, 0x00, 0x00, 0x00, 0x00, 0x00,
    0x88, 0x88, 0x88, 0x88, 0x22, 0x22, 0x22, 0x22, 0x22, 0x22, 0x11, 0x11, 0x55, 0x55, 0x55, 0x55,
    0x00, 0x00, 0x00, 0x00, 0x00, 0x00, 0x00, 0x00, 0x00, 0x00, 0x00, 0x00, 0x00, 0x00, 0x00, 0x00,
    0x88, 0x88, 0x88, 0x88, 0x22, 0x22, 0x22, 0x22, 0x11, 0x11, 0x11, 0x22, 0x55, 0x55, 0x55, 0x55,
    0x66, 0xB8, 0xBB, 0x8B, 0x66, 0x88, 0xBB, 0xBB, 0x66, 0x86, 0xB8, 0xBB, 0x6E, 0x66, 0x88, 0xBB,
    0xEE, 0x6E, 0x88, 0xBB, 0x00, 0xE0, 0xEE, 0xBE, 0x00, 0x00, 0x00, 0xE0, 0x00, 0x00, 0x00, 0x00,
    0x86, 0xBB, 0xBB, 0x8E, 0x8B, 0x88, 0xBB, 0x8E, 0xBB, 0x88, 0x88, 0xBE, 0xBB, 0x8B, 0xE8, 0xEB,
    0xBB, 0xBB, 0xE8, 0xBE, 0xBB, 0xEB, 0xEE, 0xEE, 0xEE, 0x0E, 0x00, 0x00, 0x00, 0x00, 0x00, 0x00,
    0xB8, 0xEE, 0xBB, 0xBB, 0x88, 0xBB, 0x88, 0xB8, 0xBB, 0xBB, 0x88, 0x66, 0xEE, 0xBE, 0x8B, 0x68,
    0xEE, 0xEE, 0xBE, 0xBB, 0x00, 0x00, 0xE0, 0xEE, 0x00, 0x00, 0x00, 0x00, 0x00, 0x00, 0x00, 0x00,
    0xEE, 0x0E, 0x00, 0x00, 0xBB, 0xEB, 0x0E, 0x00, 0x66, 0x86, 0xEB, 0x0E, 0x86, 0x88, 0xB8, 0x0E,
    0xBB, 0xEE, 0xEE, 0x0E, 0xEE, 0x00, 0x00, 0x00, 0x00, 0x00, 0x00, 0x00, 0x00, 0x00, 0x00, 0x00,
    0x00, 0x00, 0x00, 0x00, 0x00, 0x00, 0x00, 0x00, 0x00, 0x00, 0x00, 0x00, 0x00, 0x00, 0x00, 0x00,
    0x88, 0x88, 0x88, 0x88, 0x22, 0x22, 0x33, 0x33, 0x22, 0x22, 0x22, 0x22, 0x55, 0x55, 0x55, 0x55,
    0x00, 0x00, 0x00, 0x00, 0x00, 0x00, 0x00, 0x00, 0x00, 0x00, 0x00, 0x00, 0x00, 0x00, 0x00, 0x00,
    0x88, 0x88, 0x88, 0x88, 0x33, 0x33, 0x33, 0x55, 0x22, 0x22, 0x22, 0x32, 0x55, 0x55, 0x55, 0x55,
    0x00, 0x00, 0x00, 0x00, 0x00, 0x00, 0x00, 0x00, 0x00, 0x00, 0x00, 0x00, 0x00, 0x00, 0x00, 0x00,
    0x00, 0x00, 0x00, 0x00, 0x09, 0x00, 0x00, 0x00, 0x09, 0x00, 0x00, 0x00, 0x09, 0x00, 0x00, 0x00,
    0x93, 0x00, 0x00, 0x00, 0x93, 0x00, 0x00, 0x00, 0x93, 0x00, 0x00, 0x00, 0x92, 0x00, 0x00, 0x00,
    0x92, 0x00, 0x00, 0x00, 0x92, 0x00, 0x00, 0x00, 0x32, 0xE9, 0x00, 0x00, 0x32, 0x89, 0x0E, 0x00,
    0x00, 0x00, 0x00, 0x00, 0x00, 0x00, 0x00, 0x00, 0x00, 0x00, 0x00, 0x00, 0x00, 0x00, 0x00, 0xE0,
    0x00, 0x00, 0x00, 0x2E, 0x00, 0x00, 0xE0, 0x3E, 0x00, 0x00, 0xE0, 0x3E, 0x00, 0x00, 0xE0, 0xEB,
    0x00, 0x00, 0xBE, 0x88, 0x00, 0x00, 0x8E, 0x66, 0x00, 0x00, 0xBE, 0x66, 0x00, 0x00, 0xE0, 0x68,
    0x00, 0x00, 0x00, 0xEE, 0x00, 0x00, 0x00, 0x00, 0x00, 0x00, 0x00, 0x00, 0x00, 0x00, 0x00, 0x00,
    0xE0, 0xBE, 0x88, 0x88, 0x00, 0xE0, 0x8B, 0x88, 0x00, 0x00, 0xBE, 0x88, 0x00, 0x00, 0xE0, 0x8B,
    0x00, 0x00, 0x00, 0xBE, 0x00, 0x00, 0x00, 0xE0, 0x00, 0x00, 0x00, 0x00, 0x00, 0x00, 0x00, 0x00,
    0x00, 0x00, 0x00, 0x00, 0x00, 0x00, 0x00, 0x00, 0x00, 0x80, 0x05, 0x00, 0x00, 0x38, 0x05, 0x00,
    0x80, 0x55, 0x05, 0x00, 0x00, 0x00, 0x00, 0x00, 0x00, 0x00, 0x00, 0x00, 0x00, 0x00, 0x00, 0x00,
};
static const u16 sFrame26[] = {
    0x000C, 0x00D4, 0x81FA, 0x0000, 0x40DC, 0x804A, 0x0010, 0x00C4, 0x41FA, 0x0018, 0x00E4, 0x41EA,
    0x001C, 0x00F4, 0x41F2, 0x0020, 0x40DC, 0x401A, 0x0024, 0x40F4, 0x4002, 0x0028, 0x40DC, 0x003A,
    0x002C, 0x80C4, 0x000A, 0x002E, 0x80CC, 0x01F2, 0x0030, 0x00F4, 0x01EA, 0x0032, 0x00FC, 0x004A,
    0x0033, 0x0000,
};
static const void* const sFrames26[] = { sFrame26 };
static const u8 sTiles27[1632] __attribute__((aligned(4))) = {
    0x00, 0x00, 0x00, 0x00, 0x00, 0x00, 0x00, 0x00, 0x00, 0x00, 0x00, 0x00, 0x00, 0x00, 0x00, 0x00,
    0x55, 0x55, 0x55, 0x00, 0x12, 0x11, 0x51, 0x55, 0x22, 0x22, 0x11, 0x22, 0x88, 0x88, 0x88, 0x22,
    0x00, 0x00, 0x00, 0x00, 0x00, 0x00, 0x00, 0x00, 0x00, 0x00, 0x00, 0x00, 0x00, 0x00, 0x00, 0x00,
    0x00, 0x00, 0x00, 0x00, 0x55, 0x05, 0x00, 0x00, 0x22, 0x52, 0x55, 0x55, 0x33, 0x33, 0x33, 0x55,
    0x00, 0x00, 0x00, 0x00, 0x00, 0x00, 0x00, 0x00, 0x00, 0x00, 0x00, 0x00, 0x00, 0x00, 0x00, 0x00,
    0x00, 0x00, 0x00, 0x00, 0x00, 0x00, 0x00, 0x00, 0x55, 0x00, 0x00, 0x00, 0x55, 0x55, 0x55, 0x55,
    0x00, 0x00, 0x00, 0x00, 0x00, 0x00, 0x00, 0x00, 0x00, 0x00, 0x00, 0x00, 0x00, 0x00, 0x00, 0x00,
    0x00, 0x00, 0x00, 0x00, 0x00, 0x00, 0x00, 0x00, 0x00, 0x00, 0x00, 0x00, 0x55, 0x55, 0x05, 0x00,
    0x00, 0x00, 0x00, 0x88, 0x00, 0x00, 0x00, 0x00, 0x00, 0x00, 0x00, 0x00, 0x00, 0x00, 0x00, 0x00,
    0x00, 0x00, 0x00, 0x00, 0x00, 0x00, 0x00, 0x00, 0x00, 0x00, 0x00, 0x00, 0x00, 0x00, 0x00, 0x00,
    0x88, 0x88, 0x55, 0x25, 0x00, 0x80, 0x88, 0x88, 0x00, 0x00, 0x00, 0x80, 0x00, 0x00, 0x00, 0x00,
    0x00, 0x00, 0x00, 0x00, 0x00, 0x00, 0x00, 0x00, 0x00, 0x00, 0x00, 0x00, 0x00, 0x00, 0x00, 0x00,
    0x22, 0x22, 0x22, 0x22, 0x88, 0x33, 0x33, 0x33, 0x88, 0x88, 0x88, 0x88, 0x00, 0x00, 0x00, 0x00,
    0x00, 0x00, 0x00, 0x00, 0x00, 0x00, 0x00, 0x00, 0x00, 0x00, 0x00, 0x00, 0x00, 0x00, 0x00, 0x00,
    0x22, 0x55, 0x55, 0x55, 0x23, 0x22, 0x22, 0x22, 0x88, 0x88, 0x88, 0x88, 0x00, 0x88, 0x88, 0x88,
    0x00, 0x00, 0x00, 0x00, 0x00, 0x00, 0x00, 0x00, 0x00, 0x00, 0x00, 0x00, 0x00, 0x00, 0x00, 0x00,
    0x00, 0x00, 0x00, 0x00, 0x00, 0x00, 0x00, 0x00, 0x00, 0x00, 0x00, 0x00, 0x00, 0x00, 0x00, 0x00,
    0x00, 0x00, 0x00, 0x00, 0x00, 0x00, 0x00, 0xE0, 0x00, 0x00, 0x00, 0x6E, 0x00, 0x00, 0xE0, 0x68,
    0x00, 0x00, 0xE0, 0x88, 0x00, 0x00, 0xE0, 0x68, 0x00, 0xE0, 0x3E, 0x63, 0x00, 0x6E, 0x88, 0x66,
    0xEE, 0x36, 0x63, 0x66, 0x66, 0x86, 0x68, 0x66, 0x66, 0xB6, 0xBB, 0x66, 0x66, 0x3B, 0x83, 0x6B,
    0xBB, 0xBB, 0x8B, 0xB8, 0xB8, 0xBB, 0x8B, 0xB8, 0xB8, 0xBB, 0x8B, 0xB8, 0xB8, 0xBB, 0xBB, 0xB8,
    0xB8, 0xBB, 0xBB, 0xBB, 0x86, 0xBB, 0xBB, 0xBB, 0x86, 0xBB, 0xBB, 0xB8, 0x66, 0xB8, 0xBB, 0xB8,
    0x0E, 0x00, 0x00, 0x00, 0x0E, 0x00, 0x00, 0x00, 0x0E, 0x00, 0x00, 0x00, 0xEB, 0x00, 0x00, 0x00,
    0xE8, 0x00, 0x00, 0x00, 0xE8, 0x00, 0x00, 0x00, 0x88, 0xEE, 0x0E, 0x00, 0x88, 0xB8, 0xEB, 0xEE,
    0x00, 0x00, 0xBE, 0x68, 0x00, 0xE0, 0xBB, 0x68, 0x00, 0xE0, 0xBB, 0x68, 0x00, 0xE0, 0xBB, 0x68,
    0x00, 0x00, 0x8E, 0x66, 0x00, 0x00, 0x8E, 0x66, 0x00, 0x00, 0x8E, 0x66, 0x00, 0x00, 0x8E, 0x66,
    0x66, 0x8B, 0x8E, 0x6B, 0x66, 0x8B, 0x8E, 0x8B, 0x86, 0x8B, 0x8E, 0x8B, 0x86, 0x8B, 0xEE, 0xB3,
    0x86, 0x3B, 0xEE, 0xB8, 0xB6, 0xE8, 0xEB, 0xB8, 0xB8, 0xE8, 0xEB, 0xB8, 0xB8, 0xE8, 0xEB, 0xB3,
    0x66, 0xB8, 0x8B, 0xB8, 0x66, 0xB8, 0x6B, 0xB8, 0x66, 0x86, 0x8B, 0xB6, 0x66, 0x86, 0x8B, 0x86,
    0x66, 0x86, 0xBB, 0x86, 0x66, 0x86, 0xBB, 0x88, 0x68, 0x66, 0xB8, 0x68, 0x68, 0x66, 0xB8, 0x8B,
    0x8B, 0x88, 0x88, 0xBB, 0xBB, 0x88, 0x88, 0x88, 0xBB, 0x8B, 0x88, 0x88, 0xBB, 0xBB, 0x88, 0x88,
    0xBB, 0xBB, 0x8B, 0x88, 0xB8, 0xBB, 0xBB, 0x88, 0x88, 0xBB, 0xBB, 0x8B, 0x86, 0xBB, 0xBB, 0x8B,
    0x6B, 0x66, 0xB8, 0x8B, 0x8B, 0x66, 0x86, 0x8B, 0x8B, 0x66, 0x86, 0xBB, 0xB3, 0x66, 0x86, 0xBB,
    0x8E, 0x6B, 0x66, 0xB8, 0xE0, 0xB8, 0x66, 0xB8, 0xE0, 0xB8, 0x66, 0x86, 0x00, 0x3E, 0x6B, 0x66,
    0x66, 0xB8, 0xBB, 0xBB, 0x68, 0xB6, 0xBB, 0xBB, 0x68, 0xB6, 0xBB, 0xBB, 0x88, 0x86, 0xBB, 0xEE,
    0x8B, 0x68, 0x66, 0x86, 0xBB, 0x8B, 0x88, 0x66, 0xBB, 0xBB, 0xBB, 0xBB, 0x88, 0xB8, 0xBB, 0xBB,
    0xEB, 0x00, 0xEE, 0xBB, 0xEB, 0x00, 0x00, 0xEE, 0xEE, 0x00, 0x00, 0x00, 0xEE, 0x0E, 0x00, 0x00,
    0x88, 0xE8, 0xEE, 0x0E, 0x66, 0x66, 0x88, 0xE8, 0x88, 0x88, 0x88, 0xEE, 0xBB, 0xBB, 0xEB, 0xEB,
    0xBB, 0xEB, 0x00, 0x00, 0xEE, 0xEE, 0x00, 0x00, 0x00, 0x00, 0x00, 0x00, 0x00, 0x00, 0x00, 0x00,
    0x00, 0x00, 0x00, 0x00, 0x00, 0x00, 0x00, 0x00, 0x00, 0x00, 0x00, 0x00, 0xEE, 0x0E, 0x00, 0x00,
    0x00, 0x8E, 0x6B, 0x66, 0x00, 0x8E, 0x8B, 0x66, 0x00, 0xE0, 0xB8, 0x8B, 0x00, 0xE0, 0x8E, 0xB3,
    0x00, 0x00, 0xE0, 0x8E, 0x00, 0x00, 0x00, 0xE0, 0x00, 0x00, 0x00, 0x00, 0x00, 0x00, 0x00, 0x00,
    0x66, 0x86, 0x88, 0x88, 0x66, 0x66, 0x66, 0x66, 0x66, 0x66, 0x66, 0x66, 0x8B, 0x88, 0x66, 0x66,
    0xB8, 0xBB, 0xBB, 0xBB, 0x8E, 0x88, 0x88, 0x88, 0xE0, 0xEE, 0xEE, 0xEE, 0x00, 0x00, 0x00, 0x00,
    0xB8, 0xBB, 0xEB, 0xBB, 0x86, 0x88, 0xBE, 0xBB, 0x66, 0xE6, 0xEE, 0x8E, 0x88, 0x0E, 0x00, 0x8E,
    0xEB, 0x00, 0x00, 0x8E, 0x0E, 0x00, 0xE0, 0x88, 0x00, 0x00, 0xE0, 0xB8, 0x00, 0x00, 0x8E, 0xB8,
    0xBB, 0xEB, 0x00, 0x00, 0xBB, 0xEB, 0x00, 0x00, 0xBB, 0xEB, 0x00, 0x00, 0xBB, 0xEB, 0x00, 0x00,
    0xBB, 0x0E, 0x00, 0x00, 0xBB, 0x0E, 0x00, 0x00, 0xEB, 0x00, 0x00, 0x00, 0x0E, 0x00, 0x00, 0x00,
    0x00, 0x00, 0x00, 0x00, 0x00, 0x00, 0x00, 0x00, 0x00, 0x00, 0x00, 0x90, 0x00, 0x00, 0x00, 0x99,
    0x00, 0x00, 0x00, 0x29, 0x00, 0x00, 0x90, 0x11, 0x00, 0x00, 0x90, 0x52, 0x00, 0x00, 0xEE, 0xEE,
    0x90, 0x99, 0x09, 0x00, 0x29, 0x32, 0x90, 0x00, 0x12, 0x33, 0x23, 0x99, 0x33, 0x29, 0x12, 0x22,
    0x29, 0x52, 0xEE, 0x11, 0x52, 0x2E, 0x32, 0xEE, 0x3E, 0x1E, 0x13, 0x32, 0xE1, 0x11, 0x52, 0x22,
    0xEE, 0xEE, 0x88, 0xEB, 0x86, 0xBB, 0x66, 0xE6, 0x86, 0x68, 0x66, 0xB8, 0x68, 0x66, 0xEE, 0xEE,
    0xEE, 0xEE, 0x8B, 0x66, 0x66, 0x86, 0xEE, 0xBE, 0xEE, 0xEE, 0x00, 0xE0, 0x00, 0x00, 0x00, 0x00,
    0xE2, 0x23, 0x22, 0x32, 0x32, 0x3E, 0x33, 0xEE, 0xEE, 0xE5, 0xEE, 0x11, 0xBE, 0xBB, 0x35, 0x22,
    0xE8, 0xBE, 0x5B, 0x3E, 0xEB, 0xE2, 0xEE, 0xEB, 0xEE, 0x18, 0xE7, 0xBE, 0xE0, 0x81, 0xA2, 0xBE,
    0xA0, 0x00, 0x00, 0x00, 0x77, 0x0A, 0x00, 0xEE, 0x1A, 0x0A, 0xEE, 0x6E, 0x1A, 0x0A, 0xEE, 0xB8,
    0x1A, 0xFA, 0xEF, 0xEB, 0x7A, 0xDA, 0xEE, 0xEE, 0x7A, 0xFA, 0xBE, 0xE8, 0x77, 0x0A, 0x8E, 0xBE,
    0x00, 0x00, 0x00, 0xE0, 0xEE, 0x9E, 0x99, 0x8E, 0x68, 0x9E, 0x95, 0x68, 0xB8, 0xE8, 0x93, 0xBB,
    0xE8, 0xE8, 0x9E, 0xEE, 0xEB, 0xEB, 0x91, 0x88, 0xEE, 0x9E, 0x95, 0xEB, 0x8B, 0xEB, 0x99, 0x0E,
    0xAA, 0x00, 0xEE, 0xE0, 0xA0, 0x00, 0x00, 0x00, 0x00, 0x00, 0x00, 0x00, 0x00, 0x00, 0x00, 0x00,
    0x00, 0x00, 0x00, 0x00, 0x00, 0x00, 0x00, 0x00, 0x00, 0x00, 0x00, 0x00, 0x00, 0x00, 0x00, 0x00,
    0xEE, 0x0E, 0x00, 0x00, 0x00, 0x00, 0x00, 0x00, 0x00, 0x00, 0x00, 0x00, 0x00, 0x00, 0x00, 0x00,
    0x00, 0x00, 0x00, 0x00, 0x00, 0x00, 0x00, 0x00, 0x00, 0x00, 0x00, 0x00, 0x00, 0x00, 0x00, 0x00,
    0xE5, 0xEE, 0x92, 0x00, 0xBE, 0xBB, 0x3E, 0x09, 0x53, 0xBB, 0x3E, 0x09, 0x32, 0xBE, 0xEB, 0x93,
    0x52, 0xBE, 0xEB, 0x33, 0xEE, 0xBB, 0xBB, 0x2E, 0x8B, 0x88, 0xBB, 0x2E, 0xBB, 0x88, 0xB8, 0x9E,
    0x00, 0x00, 0x00, 0x00, 0x00, 0x00, 0x00, 0x00, 0x00, 0x00, 0x00, 0x00, 0x00, 0x00, 0x00, 0x00,
    0x09, 0x00, 0x00, 0x00, 0x93, 0x00, 0x00, 0x00, 0x32, 0x09, 0x00, 0x00, 0x23, 0x93, 0x00, 0x00,
    0xBB, 0x88, 0xB8, 0x9E, 0xBB, 0x88, 0x88, 0xEB, 0xBB, 0x8B, 0x88, 0xEB, 0xBB, 0x8B, 0x88, 0xE8,
    0xBE, 0xBB, 0x88, 0xE8, 0xBB, 0xBB, 0x88, 0x88, 0xBB, 0xBB, 0x88, 0x88, 0xBB, 0xBB, 0x88, 0x88,
    0x23, 0x32, 0x99, 0x00, 0x32, 0x22, 0x93, 0x99, 0x32, 0x93, 0x09, 0x00, 0x29, 0x39, 0x09, 0x00,
    0x29, 0x99, 0x99, 0x00, 0x9E, 0x99, 0x00, 0x00, 0x0E, 0x90, 0x00, 0x00, 0x0E, 0x00, 0x00, 0x00,
    0x55, 0x55, 0x55, 0x55, 0x11, 0x11, 0x11, 0x51, 0x22, 0x22, 0x22, 0x22, 0x88, 0x88, 0x88, 0x88,
    0x00, 0x00, 0x00, 0x88, 0x00, 0x00, 0x00, 0x00, 0x00, 0x00, 0x00, 0x00, 0x00, 0x00, 0x00, 0x00,
    0x05, 0x00, 0x00, 0x00, 0x55, 0x55, 0x55, 0x55, 0x22, 0x22, 0x22, 0x22, 0x88, 0x22, 0x22, 0x32,
    0x88, 0x88, 0x88, 0x88, 0x00, 0x00, 0x00, 0x00, 0x00, 0x00, 0x00, 0x00, 0x00, 0x00, 0x00, 0x00,
    0x00, 0x00, 0x00, 0x00, 0x55, 0x55, 0x00, 0x00, 0x52, 0x55, 0x55, 0x55, 0x33, 0x33, 0x22, 0x22,
    0x88, 0x88, 0x33, 0x33, 0x80, 0x88, 0x88, 0x88, 0x00, 0x00, 0x00, 0x00, 0x00, 0x00, 0x00, 0x00,
    0x00, 0x00, 0x00, 0x00, 0x00, 0x00, 0x00, 0x00, 0x55, 0x55, 0x55, 0x55, 0x22, 0x22, 0x52, 0x55,
    0x33, 0x33, 0x23, 0x22, 0x88, 0x88, 0x88, 0x88, 0x00, 0x00, 0x88, 0xA8, 0x00, 0x00, 0x00, 0x00,
    0x00, 0x00, 0x00, 0x00, 0x88, 0x55, 0x55, 0x00, 0x80, 0x25, 0x52, 0x55, 0x00, 0x88, 0x35, 0x33,
    0x00, 0x80, 0x88, 0x35, 0x00, 0x00, 0x80, 0x88, 0x00, 0x00, 0x00, 0x00, 0x00, 0x00, 0x00, 0x00,
    0x00, 0x00, 0x00, 0x00, 0x00, 0x00, 0x00, 0x00, 0x05, 0x00, 0x00, 0x00, 0x52, 0x00, 0x00, 0x00,
    0x33, 0x55, 0x55, 0x55, 0x33, 0x33, 0x22, 0x22, 0x88, 0x88, 0x33, 0x23, 0x00, 0x80, 0x88, 0x88,
    0xEB, 0x0E, 0x00, 0x00, 0xB8, 0x0E, 0x00, 0x00, 0xE8, 0x0E, 0x00, 0x00, 0xE8, 0xE8, 0xEE, 0x00,
    0xEB, 0xB8, 0xEB, 0xEE, 0x8E, 0xB8, 0x8B, 0x88, 0xEE, 0xB8, 0x88, 0x88, 0x0E, 0xEE, 0xBB, 0x88,
    0x00, 0x00, 0x00, 0x00, 0x00, 0x00, 0x00, 0x00, 0x00, 0x00, 0x00, 0x00, 0x00, 0x00, 0x00, 0x00,
    0x00, 0x00, 0x00, 0x00, 0xEE, 0x0E, 0x00, 0x00, 0xBB, 0xEB, 0x00, 0x00, 0x88, 0xEB, 0x00, 0x00,
    0x00, 0x00, 0xE0, 0x6E, 0x00, 0x00, 0x00, 0xE0, 0x00, 0x00, 0x00, 0x00, 0x00, 0x00, 0x00, 0x00,
    0x00, 0x00, 0x00, 0x00, 0x00, 0x00, 0x00, 0x00, 0x00, 0x00, 0x00, 0x00, 0x00, 0x00, 0x00, 0x00,
    0xB8, 0xE3, 0xBB, 0x8E, 0xBE, 0xE8, 0xBB, 0x8E, 0xE0, 0xEE, 0xBE, 0x8E, 0x00, 0x00, 0xE0, 0xEE,
    0x00, 0x00, 0x00, 0x00, 0x00, 0x00, 0x00, 0x00, 0x00, 0x00, 0x00, 0x00, 0x00, 0x00, 0x00, 0x00,
    0x00, 0x00, 0x8E, 0xB8, 0x00, 0x00, 0xBE, 0xEB, 0x00, 0x00, 0xE0, 0x0E, 0x00, 0x00, 0x00, 0x00,
    0x00, 0x00, 0x00, 0x00, 0x00, 0x00, 0x00, 0x00, 0x00, 0x00, 0x00, 0x00, 0x00, 0x00, 0x00, 0x00,
    0x0E, 0x00, 0x00, 0x00, 0x00, 0x00, 0x00, 0x00, 0x00, 0x00, 0x00, 0x00, 0x00, 0x00, 0x00, 0x00,
    0x00, 0x00, 0x00, 0x00, 0x00, 0x00, 0x00, 0x00, 0x00, 0x00, 0x00, 0x00, 0x00, 0x00, 0x00, 0x00,
    0x00, 0x00, 0x00, 0x00, 0x00, 0x00, 0x00, 0x00, 0x00, 0x00, 0x00, 0x00, 0x09, 0x00, 0x00, 0x00,
    0x92, 0x09, 0x00, 0x00, 0x23, 0x92, 0x00, 0x00, 0x3E, 0x22, 0x09, 0x00, 0xE3, 0x23, 0x93, 0x00,
    0x00, 0x1E, 0xA8, 0xBE, 0x00, 0xE0, 0x72, 0xEA, 0x00, 0x00, 0xAE, 0xEA, 0x00, 0x00, 0xE0, 0xEE,
    0x00, 0x00, 0xE0, 0xBB, 0x00, 0x00, 0xE0, 0xEE, 0x00, 0x00, 0xE0, 0x88, 0x00, 0x00, 0xE0, 0x83,
    0x00, 0x00, 0x00, 0x00, 0x00, 0x00, 0x00, 0x00, 0x00, 0x00, 0x00, 0x00, 0x00, 0x00, 0x00, 0x00,
    0x00, 0x00, 0x00, 0x00, 0x00, 0x00, 0x00, 0x00, 0x00, 0x00, 0x00, 0x00, 0x0E, 0x00, 0x00, 0x00,
};
static const u16 sFrame27[] = {
    0x000E, 0x40C6, 0x8193, 0x0000, 0x40DE, 0x81E3, 0x0008, 0x40EE, 0x81F3, 0x0010, 0x00C6, 0x41E3,
    0x0018, 0x00CE, 0x41D3, 0x001C, 0x00CE, 0x41F3, 0x0020, 0x40CE, 0x41B3, 0x0024, 0x40C6, 0x0183,
    0x0028, 0x40E6, 0x0003, 0x002A, 0x40EE, 0x01E3, 0x002C, 0x40FE, 0x0003, 0x002E, 0x00C6, 0x01F3,
    0x0030, 0x00D6, 0x01EB, 0x0031, 0x00DE, 0x0003, 0x0032, 0x0000,
};
static const void* const sFrames27[] = { sFrame27 };
static const u8 sTiles28[2176] __attribute__((aligned(4))) = {
    0x00, 0x00, 0x00, 0x00, 0x00, 0x00, 0x00, 0x00, 0x00, 0x00, 0x00, 0xE0, 0x00, 0x00, 0x00, 0x6E,
    0x00, 0x00, 0xE0, 0x88, 0x00, 0x00, 0x8E, 0x66, 0x00, 0xEE, 0x68, 0x66, 0x90, 0x88, 0x66, 0x86,
    0xE0, 0x2E, 0xE3, 0xEE, 0x8E, 0x2E, 0xE2, 0xE8, 0x68, 0xEE, 0x85, 0xEE, 0x66, 0x88, 0xEE, 0xE0,
    0x66, 0xE8, 0x00, 0xE0, 0x88, 0x0E, 0x00, 0xE0, 0xE8, 0x00, 0x00, 0xE0, 0x0E, 0x00, 0x00, 0xE0,
    0xEE, 0x27, 0x18, 0xEA, 0xEB, 0x2A, 0x28, 0xE7, 0xEB, 0x8A, 0x81, 0xE7, 0xEB, 0x17, 0xA2, 0xBE,
    0xEB, 0x27, 0xA2, 0xBE, 0xBB, 0x7E, 0xEA, 0xBB, 0xEB, 0xEB, 0xBE, 0xBE, 0xBB, 0xBE, 0xEB, 0xBB,
    0xBB, 0xE5, 0xEE, 0x5E, 0xBB, 0xBB, 0xBB, 0x88, 0xBB, 0xB8, 0xBB, 0x88, 0x8B, 0xB8, 0xEB, 0xEE,
    0x8B, 0x88, 0xEB, 0x23, 0x8B, 0x88, 0xEB, 0x23, 0x88, 0x88, 0xE8, 0x22, 0x88, 0x88, 0xE8, 0x23,
    0x59, 0x99, 0x89, 0xE8, 0x98, 0x13, 0x95, 0x0E, 0x65, 0x99, 0x99, 0x00, 0x86, 0x55, 0x0E, 0x00,
    0x58, 0x86, 0x0E, 0x00, 0x66, 0xE8, 0x00, 0x00, 0xEE, 0xEE, 0x00, 0x00, 0x00, 0x00, 0x00, 0x00,
    0x00, 0x00, 0x00, 0xE0, 0x00, 0x00, 0x00, 0xBE, 0x00, 0x00, 0x00, 0xBE, 0x00, 0x00, 0x00, 0xBE,
    0x00, 0x00, 0x00, 0xBE, 0x00, 0x00, 0xE0, 0x8B, 0x00, 0x00, 0xBE, 0x68, 0x00, 0xE0, 0x6B, 0x66,
    0xBB, 0xEB, 0xBE, 0xBB, 0xBB, 0x88, 0xB8, 0xBB, 0x8B, 0x33, 0xB8, 0xBB, 0x88, 0x88, 0x86, 0xBB,
    0x88, 0x88, 0x86, 0xBB, 0x36, 0x83, 0x86, 0xBB, 0x88, 0x68, 0x86, 0xBB, 0x88, 0x68, 0x86, 0xBB,
    0x88, 0x88, 0xE8, 0x33, 0x88, 0x88, 0xE8, 0x32, 0x88, 0x88, 0xE8, 0x39, 0x88, 0x88, 0xE8, 0x90,
    0x8B, 0x88, 0xE8, 0x90, 0x8B, 0x88, 0x0E, 0x00, 0x8B, 0x88, 0x0E, 0x00, 0x8B, 0x88, 0x0E, 0x00,
    0x00, 0x00, 0x00, 0x00, 0x00, 0x00, 0x00, 0x00, 0x00, 0x00, 0x00, 0x00, 0x00, 0x00, 0x00, 0x00,
    0x00, 0x00, 0x00, 0xE0, 0x00, 0x00, 0x00, 0xBE, 0x00, 0x00, 0xE0, 0x8B, 0x00, 0x00, 0xE0, 0x88,
    0x00, 0xBE, 0x66, 0x66, 0xE0, 0x8B, 0x66, 0x86, 0xBE, 0x68, 0x66, 0x86, 0x8E, 0x68, 0x66, 0xB6,
    0x8B, 0x66, 0x66, 0x8B, 0x68, 0x66, 0x86, 0x3B, 0x66, 0x66, 0x86, 0x8B, 0x66, 0x66, 0xB8, 0xE8,
    0x88, 0x68, 0x86, 0xBB, 0x33, 0x66, 0x86, 0xBB, 0x88, 0x66, 0x86, 0xBB, 0xBB, 0x66, 0x66, 0xB8,
    0x88, 0x6B, 0x66, 0xB8, 0x3E, 0x6B, 0x66, 0xB8, 0x8E, 0x8B, 0x66, 0xB8, 0x8E, 0x8B, 0x66, 0x86,
    0x8B, 0x88, 0xEB, 0x00, 0x8B, 0x88, 0xEB, 0x00, 0x8B, 0x88, 0xBB, 0x0E, 0xBB, 0x88, 0xBB, 0x0E,
    0xBB, 0x88, 0xB8, 0x0E, 0xBB, 0x88, 0xB8, 0x0E, 0xBB, 0x88, 0xB8, 0xEB, 0xBB, 0x88, 0xBB, 0xEB,
    0x00, 0x00, 0xBE, 0x68, 0x00, 0xE0, 0x8B, 0x68, 0x00, 0xE0, 0x88, 0x66, 0x00, 0xBE, 0x68, 0x66,
    0x00, 0xBE, 0x68, 0x66, 0x00, 0xBE, 0x68, 0x66, 0x00, 0x8E, 0x66, 0x66, 0xE0, 0x8B, 0x66, 0x66,
    0x66, 0x66, 0x8B, 0xBE, 0x66, 0x86, 0x3B, 0xBE, 0x66, 0x86, 0x8B, 0xBE, 0x66, 0xB6, 0xE8, 0xBB,
    0x66, 0xB6, 0xE8, 0xBB, 0x66, 0xB8, 0xE3, 0xBB, 0x66, 0xB8, 0xE8, 0xBB, 0x66, 0x8B, 0xBE, 0xBB,
    0x8E, 0x8B, 0x66, 0x86, 0xEB, 0xB3, 0x66, 0x86, 0xEB, 0xB8, 0x66, 0x86, 0xEB, 0xB8, 0x66, 0x86,
    0xEB, 0xB8, 0x68, 0x86, 0xEB, 0xB3, 0x68, 0x86, 0xEB, 0xB8, 0x68, 0x86, 0xEB, 0xB8, 0x68, 0x86,
    0xBB, 0xBB, 0xBB, 0xEB, 0xBB, 0xBB, 0xBB, 0xBB, 0xBB, 0xB8, 0xBB, 0xBB, 0xBB, 0xB8, 0xBB, 0xBB,
    0xBB, 0x88, 0x8B, 0xBB, 0xBB, 0x88, 0x8B, 0xBB, 0xBB, 0x88, 0x8B, 0xB8, 0xBB, 0x88, 0x8B, 0xB8,
    0x00, 0x00, 0x00, 0x00, 0x00, 0x00, 0x00, 0x00, 0x00, 0x00, 0x00, 0x00, 0xE5, 0x00, 0x00, 0x00,
    0x3E, 0xE5, 0xEE, 0xEE, 0x2E, 0x85, 0x68, 0x86, 0x25, 0x8E, 0x65, 0x86, 0xE3, 0x56, 0x66, 0x88,
    0x00, 0x00, 0x00, 0x00, 0x00, 0x00, 0x00, 0x00, 0x00, 0x00, 0x00, 0x00, 0x00, 0x00, 0xE0, 0x9E,
    0xEE, 0xEE, 0x8E, 0x98, 0x68, 0x66, 0x68, 0x98, 0x56, 0x65, 0x86, 0x88, 0x56, 0x66, 0x88, 0xEE,
    0x00, 0x00, 0x00, 0x00, 0x00, 0x00, 0x00, 0x00, 0x00, 0xE0, 0x0E, 0x00, 0xE9, 0x6E, 0xE8, 0x0E,
    0x91, 0x68, 0x56, 0xE8, 0x93, 0x68, 0x86, 0x88, 0x59, 0x69, 0x66, 0x86, 0x99, 0x89, 0x66, 0xE8,
    0x00, 0x00, 0x00, 0x00, 0x00, 0x00, 0x00, 0x00, 0x00, 0x00, 0x00, 0x00, 0x00, 0x00, 0x00, 0x00,
    0xA0, 0xAA, 0x00, 0x00, 0xAE, 0xA7, 0x00, 0x00, 0xAE, 0xA7, 0x88, 0x88, 0xAD, 0xA7, 0x55, 0x33,
    0x8E, 0x56, 0x86, 0x68, 0x88, 0x66, 0xEE, 0xEE, 0xEE, 0xEE, 0x00, 0x00, 0x00, 0x00, 0x00, 0x00,
    0x09, 0x00, 0x00, 0x00, 0x09, 0x00, 0x00, 0x00, 0x09, 0x00, 0x00, 0x00, 0x93, 0x00, 0x00, 0x00,
    0xEE, 0xEE, 0xEE, 0xDD, 0xFF, 0x2F, 0xDD, 0xDD, 0xFF, 0xFF, 0xFF, 0x02, 0x00, 0x00, 0x00, 0x00,
    0x00, 0x00, 0x00, 0x00, 0x00, 0x00, 0x00, 0x00, 0x00, 0x00, 0x00, 0x00, 0x00, 0x00, 0x00, 0x00,
    0xDD, 0xEF, 0xEE, 0xFE, 0xFF, 0x0F, 0x00, 0xF0, 0x00, 0x00, 0x00, 0x00, 0x00, 0x00, 0x00, 0x00,
    0x00, 0x00, 0x00, 0x00, 0x00, 0x00, 0x00, 0x00, 0x00, 0x00, 0x00, 0x00, 0x00, 0x00, 0x00, 0x00,
    0xAF, 0xA7, 0x22, 0x22, 0xAF, 0xA1, 0x55, 0x55, 0xA0, 0xA1, 0x0A, 0x00, 0xA0, 0x07, 0x00, 0x00,
    0xA0, 0x0A, 0x00, 0x00, 0x00, 0x00, 0x00, 0x00, 0x00, 0x00, 0x00, 0x00, 0x00, 0x00, 0x00, 0x00,
    0x00, 0x00, 0x00, 0x00, 0x00, 0x00, 0x00, 0x00, 0x00, 0x00, 0x00, 0x00, 0x00, 0x00, 0x00, 0x00,
    0x00, 0x00, 0x00, 0x00, 0x00, 0x00, 0x00, 0x00, 0x88, 0x88, 0x88, 0x88, 0x33, 0x33, 0x33, 0x33,
    0x00, 0x00, 0x00, 0x00, 0x00, 0x00, 0x00, 0x00, 0x00, 0x00, 0x00, 0x00, 0x00, 0x00, 0x00, 0x00,
    0x00, 0x00, 0x00, 0x00, 0x00, 0x00, 0x00, 0x00, 0x88, 0x88, 0x88, 0x88, 0x33, 0x33, 0x23, 0x22,
    0x00, 0x00, 0x00, 0x00, 0x00, 0x00, 0x00, 0x00, 0x00, 0x00, 0x00, 0x00, 0x00, 0x00, 0x00, 0x00,
    0x00, 0x00, 0x00, 0x00, 0x00, 0x00, 0x00, 0x00, 0x88, 0x88, 0x88, 0x88, 0x22, 0x22, 0x22, 0x22,
    0x00, 0x00, 0x00, 0x00, 0x00, 0x00, 0x00, 0x00, 0x00, 0x00, 0x00, 0x00, 0x00, 0x00, 0x00, 0x00,
    0x00, 0x00, 0x00, 0x00, 0x00, 0x00, 0x00, 0x00, 0x88, 0x88, 0x88, 0x88, 0x22, 0x22, 0x22, 0x22,
    0x22, 0x22, 0x22, 0x22, 0x55, 0x55, 0x55, 0x55, 0x00, 0x00, 0x00, 0x00, 0x00, 0x00, 0x00, 0x00,
    0x00, 0x00, 0x00, 0x00, 0x00, 0x00, 0x00, 0x00, 0x00, 0x00, 0x00, 0x00, 0x00, 0x00, 0x00, 0x00,
    0x22, 0x22, 0x22, 0x22, 0x55, 0x55, 0x55, 0x55, 0x00, 0x00, 0x00, 0x00, 0x00, 0x00, 0x00, 0x00,
    0x00, 0x00, 0x00, 0x00, 0x00, 0x00, 0x00, 0x00, 0x00, 0x00, 0x00, 0x00, 0x00, 0x00, 0x00, 0x00,
    0x22, 0x22, 0x12, 0x11, 0x55, 0x55, 0x55, 0x55, 0x00, 0x00, 0x00, 0x00, 0x00, 0x00, 0x00, 0x00,
    0x00, 0x00, 0x00, 0x00, 0x00, 0x00, 0x00, 0x00, 0x00, 0x00, 0x00, 0x00, 0x00, 0x00, 0x00, 0x00,
    0x11, 0x21, 0x22, 0x22, 0x55, 0x55, 0x55, 0x55, 0x00, 0x00, 0x00, 0x00, 0x00, 0x00, 0x00, 0x00,
    0x00, 0x00, 0x00, 0x00, 0x00, 0x00, 0x00, 0x00, 0x00, 0x00, 0x00, 0x00, 0x00, 0x00, 0x00, 0x00,
    0x00, 0x00, 0x00, 0x00, 0x00, 0x00, 0x00, 0x00, 0x00, 0x00, 0x00, 0x00, 0x00, 0x00, 0x00, 0x00,
    0x00, 0x00, 0x00, 0x00, 0x00, 0x00, 0x00, 0x00, 0x88, 0x88, 0x88, 0x88, 0x22, 0x32, 0x33, 0x33,
    0x00, 0x00, 0x00, 0x00, 0x00, 0x00, 0x00, 0x00, 0x00, 0x00, 0x00, 0x00, 0x00, 0x00, 0x00, 0x00,
    0x00, 0x00, 0x00, 0x00, 0x00, 0x00, 0x00, 0x00, 0x88, 0x88, 0x88, 0x88, 0x33, 0x53, 0x55, 0x55,
    0x00, 0x00, 0x00, 0x00, 0x00, 0x00, 0x00, 0x00, 0x00, 0x00, 0x00, 0x00, 0x00, 0x00, 0x00, 0x00,
    0x00, 0x00, 0x00, 0x00, 0x00, 0x00, 0x00, 0x00, 0x00, 0x00, 0x00, 0x00, 0x88, 0x88, 0x88, 0x88,
    0x00, 0x00, 0x00, 0x00, 0x00, 0x00, 0x00, 0x00, 0x00, 0x00, 0x00, 0x00, 0x00, 0x00, 0x00, 0x00,
    0x00, 0x00, 0x00, 0x00, 0x00, 0x00, 0x00, 0x00, 0x00, 0x00, 0x00, 0x00, 0x88, 0x88, 0x88, 0x88,
    0x22, 0x22, 0x22, 0x22, 0x55, 0x55, 0x55, 0x55, 0x00, 0x00, 0x00, 0x00, 0x00, 0x00, 0x00, 0x00,
    0x00, 0x00, 0x00, 0x00, 0x00, 0x00, 0x00, 0x00, 0x00, 0x00, 0x00, 0x00, 0x00, 0x00, 0x00, 0x00,
    0x22, 0x22, 0x32, 0x33, 0x55, 0x55, 0x55, 0x55, 0x00, 0x00, 0x00, 0x00, 0x00, 0x00, 0x00, 0x00,
    0x00, 0x00, 0x00, 0x00, 0x00, 0x00, 0x00, 0x00, 0x00, 0x00, 0x00, 0x00, 0x00, 0x00, 0x00, 0x00,
    0x33, 0x33, 0x22, 0x22, 0x23, 0x22, 0x22, 0x11, 0x55, 0x55, 0x55, 0x55, 0x00, 0x00, 0x00, 0x00,
    0x00, 0x00, 0x00, 0x00, 0x00, 0x00, 0x00, 0x00, 0x00, 0x00, 0x00, 0x00, 0x00, 0x00, 0x00, 0x00,
    0x22, 0x22, 0x32, 0x33, 0x21, 0x22, 0x22, 0x22, 0x55, 0x55, 0x55, 0x55, 0x00, 0x00, 0x00, 0x00,
    0x00, 0x00, 0x00, 0x00, 0x00, 0x00, 0x00, 0x00, 0x00, 0x00, 0x00, 0x00, 0x00, 0x00, 0x00, 0x00,
    0x00, 0x00, 0x00, 0x00, 0x00, 0x00, 0x00, 0x00, 0x00, 0x00, 0x00, 0x00, 0x00, 0x00, 0x00, 0x00,
    0x00, 0x00, 0x00, 0x00, 0x00, 0x00, 0x00, 0x00, 0x00, 0x00, 0x00, 0xE0, 0x00, 0x00, 0x00, 0xE0,
    0xE0, 0x8B, 0x66, 0x66, 0xE0, 0x88, 0x66, 0x66, 0xBE, 0x88, 0x66, 0x66, 0xBE, 0x68, 0x66, 0x66,
    0xBE, 0x68, 0x66, 0x66, 0x8E, 0x68, 0x66, 0x66, 0x8B, 0x66, 0x66, 0x66, 0x8B, 0x66, 0x66, 0x66,
    0x66, 0x8B, 0xBE, 0xBB, 0x86, 0x3B, 0xBE, 0xBB, 0x86, 0x8B, 0xBE, 0xBB, 0xB6, 0xE8, 0xBB, 0xBB,
    0xB6, 0xE8, 0xBB, 0xBB, 0xB8, 0xE3, 0xBB, 0xBB, 0xB8, 0xE8, 0xBB, 0xBB, 0x8B, 0xBE, 0xBB, 0xBB,
    0xBB, 0x8E, 0x6B, 0x66, 0xBB, 0x3E, 0x6B, 0x66, 0xBB, 0x8E, 0x6B, 0x66, 0xBB, 0x8E, 0x8B, 0x66,
    0xBB, 0x8E, 0x8B, 0x66, 0xBB, 0x3E, 0x8B, 0x66, 0xBB, 0x8E, 0x8B, 0x66, 0xBB, 0xEB, 0xB8, 0x66,
    0x00, 0x00, 0x00, 0xE0, 0x00, 0x00, 0x00, 0xE0, 0x00, 0x00, 0x00, 0xBE, 0x00, 0x00, 0x00, 0xEE,
    0x00, 0x00, 0x00, 0x00, 0x00, 0x00, 0x00, 0xE0, 0x00, 0x00, 0xEE, 0xBE, 0x00, 0xEE, 0x66, 0x88,
    0x8B, 0x66, 0x66, 0x86, 0x8B, 0x66, 0x66, 0xB8, 0x68, 0x66, 0x86, 0x8B, 0xEE, 0x6E, 0xB8, 0xE8,
    0xBE, 0xEB, 0xEE, 0x0E, 0xBB, 0xBB, 0x0E, 0x00, 0xBB, 0xBB, 0x0E, 0x00, 0xB8, 0xBB, 0x0E, 0x00,
    0x3B, 0xBE, 0xBB, 0xBB, 0xE8, 0xBB, 0xBB, 0xBB, 0xEE, 0xEE, 0xEE, 0xEE, 0x00, 0x00, 0x00, 0x00,
    0x00, 0x00, 0x00, 0x00, 0x00, 0x00, 0x00, 0x00, 0x00, 0x00, 0x00, 0x00, 0x00, 0x00, 0x00, 0x00,
    0xBB, 0xEB, 0xB3, 0x66, 0xBB, 0xEB, 0xB8, 0x68, 0xBB, 0xEB, 0xB8, 0x68, 0xEE, 0xEE, 0xEE, 0x68,
    0x00, 0x00, 0x00, 0xEE, 0x00, 0x00, 0x00, 0x00, 0x00, 0x00, 0x00, 0x00, 0x00, 0x00, 0x00, 0xEE,
    0x00, 0x00, 0x00, 0x00, 0x00, 0x00, 0x00, 0x00, 0x00, 0x00, 0x00, 0x00, 0x00, 0x00, 0x00, 0x90,
    0x00, 0x00, 0x00, 0x30, 0x00, 0x00, 0x00, 0x19, 0x00, 0x00, 0x00, 0x19, 0x00, 0x00, 0x00, 0x29,
    0x00, 0x90, 0x99, 0x99, 0x90, 0x33, 0x33, 0x21, 0x29, 0x13, 0x21, 0x19, 0x22, 0x91, 0x21, 0x92,
    0x11, 0x29, 0x19, 0x92, 0x99, 0x29, 0x92, 0x99, 0x27, 0x39, 0x33, 0x33, 0x27, 0x12, 0x91, 0x19,
    0x00, 0x00, 0x00, 0x29, 0x00, 0x00, 0x00, 0x90, 0x00, 0x00, 0xE0, 0x9E, 0x00, 0xE0, 0x2E, 0x52,
    0x00, 0x2E, 0x11, 0x32, 0x00, 0x3E, 0x51, 0x31, 0x00, 0xE0, 0x13, 0x52, 0x00, 0xEE, 0x35, 0xE3,
    0xEA, 0x11, 0xEE, 0x29, 0x6A, 0x11, 0x16, 0x72, 0x1A, 0x11, 0x11, 0xA2, 0x2A, 0x11, 0x21, 0xA7,
    0xAE, 0x12, 0x22, 0xEA, 0x2E, 0x77, 0xAA, 0xE7, 0x5E, 0x8E, 0x12, 0xE8, 0xE3, 0x87, 0x81, 0xA2,
    0xB8, 0x68, 0xB8, 0x88, 0xB8, 0x68, 0xB8, 0x88, 0xB8, 0x68, 0xB8, 0x88, 0xB8, 0x68, 0xB8, 0x88,
    0xB8, 0x8B, 0xB8, 0x88, 0xB8, 0x8B, 0xB8, 0x88, 0xB8, 0x8B, 0xB8, 0x8B, 0x86, 0x8B, 0x86, 0x8B,
    0xBB, 0x0E, 0x00, 0x00, 0xBB, 0x0E, 0x00, 0x00, 0xB8, 0x0E, 0x00, 0x00, 0xB8, 0xEB, 0x00, 0x00,
    0xB8, 0xEB, 0x00, 0x00, 0x88, 0xEB, 0x00, 0x00, 0x88, 0xEB, 0x00, 0x00, 0x88, 0xBB, 0x0E, 0x00,
    0x86, 0x8B, 0x86, 0x8B, 0x86, 0x8B, 0x86, 0x8B, 0x86, 0x8B, 0x86, 0xEB, 0x86, 0xEE, 0xEE, 0x0E,
    0xEE, 0xE0, 0xB8, 0xEB, 0x00, 0xE0, 0xB8, 0xEB, 0xEE, 0x8E, 0xB8, 0xEB, 0x66, 0x86, 0xBB, 0xEB,
    0x88, 0xEB, 0x0E, 0x00, 0xE8, 0x0E, 0x00, 0x00, 0x0E, 0x00, 0x00, 0x00, 0x00, 0x00, 0x00, 0x00,
    0x00, 0x00, 0x00, 0x00, 0x00, 0x00, 0x00, 0x00, 0x00, 0x00, 0x00, 0x00, 0x00, 0x00, 0x00, 0x00,
    0x88, 0x88, 0x88, 0x00, 0x33, 0x33, 0x55, 0x88, 0x55, 0x25, 0x33, 0x83, 0x00, 0x55, 0x55, 0x25,
    0x00, 0x00, 0x00, 0x50, 0x00, 0x00, 0x00, 0x00, 0x00, 0x00, 0x00, 0x00, 0x00, 0x00, 0x00, 0x00,
    0x00, 0x00, 0x00, 0x00, 0x00, 0x00, 0x00, 0x00, 0x88, 0x00, 0x00, 0x00, 0x55, 0x08, 0x00, 0x00,
    0x55, 0x05, 0x00, 0x00, 0x00, 0x00, 0x00, 0x00, 0x00, 0x00, 0x00, 0x00, 0x00, 0x00, 0x00, 0x00,
    0xE0, 0x68, 0x86, 0x88, 0xBE, 0x88, 0xB8, 0xBB, 0xEE, 0xEE, 0xEE, 0xEE, 0x00, 0x00, 0x00, 0x00,
    0x00, 0x00, 0x00, 0x00, 0x00, 0x00, 0x00, 0x00, 0x00, 0x00, 0x00, 0x00, 0x00, 0x00, 0x00, 0x00,
    0xBB, 0xEB, 0x00, 0x00, 0xEB, 0x0E, 0x00, 0x00, 0x0E, 0x00, 0x00, 0x00, 0x00, 0x00, 0x00, 0x00,
    0x00, 0x00, 0x00, 0x00, 0x00, 0x00, 0x00, 0x00, 0x00, 0x00, 0x00, 0x00, 0x00, 0x00, 0x00, 0x00,
    0x00, 0x00, 0xEE, 0x68, 0x00, 0x00, 0x8E, 0x88, 0x00, 0x00, 0xEE, 0x8B, 0x00, 0x00, 0x00, 0xEE,
    0x00, 0x00, 0x00, 0x00, 0x00, 0x00, 0x00, 0x00, 0x00, 0x00, 0x00, 0x00, 0x00, 0x00, 0x00, 0x00,
    0x86, 0x88, 0xBB, 0xEB, 0x88, 0x88, 0xBB, 0xEB, 0xB8, 0xEB, 0xEE, 0x0E, 0xEE, 0x0E, 0x00, 0x00,
    0x00, 0x00, 0x00, 0x00, 0x00, 0x00, 0x00, 0x00, 0x00, 0x00, 0x00, 0x00, 0x00, 0x00, 0x00, 0x00,
    0x00, 0x00, 0x00, 0x00, 0x09, 0x00, 0x00, 0x00, 0x91, 0x00, 0x00, 0x00, 0x91, 0x00, 0x00, 0x00,
    0x22, 0x09, 0x00, 0x00, 0x29, 0x09, 0x00, 0x00, 0x29, 0x09, 0x00, 0x00, 0x33, 0x92, 0x00, 0x00,
    0x13, 0x92, 0x00, 0x00, 0x23, 0x92, 0x5E, 0x00, 0x39, 0xEE, 0x33, 0xEE, 0xE5, 0x33, 0x22, 0x21,
    0xE2, 0x25, 0x11, 0x23, 0x23, 0x3E, 0x52, 0x31, 0x25, 0x3E, 0x12, 0xE2, 0xEE, 0xE3, 0x35, 0xE3,
    0x00, 0x00, 0x00, 0x00, 0x00, 0x00, 0x00, 0x00, 0x00, 0x00, 0x00, 0x00, 0x00, 0x00, 0x00, 0x00,
    0x00, 0x00, 0x00, 0x00, 0x00, 0x00, 0x00, 0x00, 0x00, 0x00, 0x00, 0x00, 0x88, 0x00, 0x00, 0x00,
    0x00, 0x00, 0x00, 0xE0, 0x00, 0x00, 0x00, 0xE0, 0x00, 0x00, 0x00, 0x8E, 0x00, 0x00, 0x00, 0x6E,
    0x00, 0x00, 0x00, 0x5E, 0x00, 0x00, 0x00, 0x8E, 0x00, 0x00, 0x00, 0xE0, 0x00, 0x00, 0x00, 0x00,
    0x93, 0x00, 0x00, 0x00, 0x22, 0x09, 0x00, 0x00, 0x32, 0x09, 0x00, 0x00, 0x93, 0x09, 0x00, 0x00,
    0x09, 0x00, 0x00, 0x00, 0x00, 0x00, 0x00, 0x00, 0x00, 0x00, 0x00, 0x00, 0x00, 0x00, 0x00, 0x00,
    0x00, 0x00, 0x00, 0x00, 0x0E, 0x00, 0x00, 0x00, 0x0E, 0x00, 0x00, 0x00, 0x0E, 0x00, 0x00, 0x00,
    0xEB, 0x00, 0x00, 0x00, 0xEB, 0x00, 0x00, 0x00, 0xEB, 0x00, 0x00, 0x00, 0xEB, 0x00, 0x00, 0x00,
};
static const u16 sFrame28[] = {
    0x000F, 0x00CC, 0x81EE, 0x0000, 0x40C4, 0x800E, 0x0010, 0x40C4, 0x802E, 0x0018, 0x40C4, 0x804E,
    0x0020, 0x40EC, 0x81E6, 0x0028, 0x00BC, 0x41F6, 0x0030, 0x00EC, 0x4006, 0x0034, 0x40CC, 0x006E,
    0x0038, 0x40FC, 0x01E6, 0x003A, 0x40FC, 0x01FE, 0x003C, 0x80BC, 0x0006, 0x003E, 0x00C4, 0x006E,
    0x0040, 0x00D4, 0x01E6, 0x0041, 0x00D4, 0x000E, 0x0042, 0x00E4, 0x000E, 0x0043, 0x0000,
};
static const void* const sFrames28[] = { sFrame28 };
static const u8 sTiles29[1696] __attribute__((aligned(4))) = {
    0x00, 0x00, 0x00, 0x00, 0x00, 0x00, 0x00, 0x00, 0x00, 0x00, 0x00, 0x00, 0x00, 0x00, 0x00, 0x00,
    0x00, 0x00, 0x00, 0x00, 0x00, 0x00, 0x00, 0x00, 0x00, 0x00, 0x00, 0x50, 0x00, 0x00, 0x00, 0xE0,
    0x00, 0x29, 0x2A, 0xE1, 0x00, 0x90, 0x1A, 0x62, 0x00, 0x90, 0x1A, 0x11, 0x00, 0x00, 0x2A, 0x11,
    0xE5, 0xEE, 0xA0, 0x12, 0x3E, 0x53, 0x0E, 0x77, 0x12, 0x32, 0xEE, 0x8A, 0x13, 0x31, 0xE5, 0x17,
    0x2E, 0x29, 0x13, 0x92, 0x21, 0x72, 0x23, 0x92, 0x11, 0xA2, 0x39, 0x22, 0x21, 0xA7, 0x39, 0x23,
    0x22, 0x9A, 0x39, 0xE5, 0xAA, 0xA7, 0xE5, 0xE3, 0x12, 0xA2, 0x1E, 0x1E, 0x18, 0x78, 0x2E, 0x3E,
    0x00, 0x00, 0x00, 0x00, 0x00, 0x00, 0x00, 0x00, 0x09, 0x00, 0x00, 0x00, 0xE5, 0x0E, 0x00, 0x00,
    0x22, 0xE3, 0x0E, 0x00, 0x31, 0x21, 0xE3, 0x00, 0x21, 0x25, 0x32, 0x0E, 0x22, 0x22, 0x53, 0x0E,
    0x00, 0x00, 0x00, 0xE0, 0x00, 0x00, 0x00, 0x25, 0x00, 0x00, 0x00, 0x3E, 0x00, 0x00, 0x00, 0xE0,
    0x00, 0x00, 0x00, 0x00, 0x00, 0x00, 0x00, 0x00, 0x00, 0x00, 0x00, 0xE0, 0x00, 0x00, 0x00, 0xE0,
    0xEE, 0x33, 0x5E, 0x27, 0x31, 0xE5, 0xBB, 0xAE, 0x52, 0xBE, 0xBB, 0xAE, 0xEE, 0xBE, 0xBB, 0xEB,
    0x8E, 0xE8, 0xBB, 0xEB, 0x6E, 0xE8, 0xBB, 0xEB, 0x66, 0xE8, 0xBB, 0xBE, 0x66, 0xE6, 0xBB, 0xEB,
    0x81, 0x72, 0x2E, 0xE3, 0x18, 0xEA, 0xEB, 0x5E, 0x18, 0xE7, 0xBB, 0xBB, 0xA2, 0xBE, 0xBB, 0xBB,
    0xA7, 0xBE, 0xBB, 0xB8, 0xEE, 0xBE, 0x8B, 0xB8, 0xEE, 0xEB, 0x8B, 0xB8, 0xBB, 0xBE, 0x8B, 0x88,
    0x33, 0xE3, 0xEE, 0x00, 0xEE, 0x1E, 0x31, 0x05, 0x58, 0x23, 0x22, 0xE3, 0x88, 0xE5, 0x23, 0xE5,
    0x68, 0xE6, 0xEE, 0x0E, 0x8B, 0x66, 0xE6, 0x00, 0x8B, 0x66, 0x66, 0x0E, 0x8B, 0x66, 0x86, 0x0E,
    0x00, 0x00, 0x00, 0xE0, 0x00, 0x00, 0x00, 0x8E, 0x00, 0x00, 0x00, 0x6E, 0x00, 0x00, 0x00, 0x6E,
    0x00, 0x00, 0xE0, 0x66, 0x00, 0x00, 0xE0, 0x68, 0x00, 0x00, 0xE0, 0x88, 0x00, 0x00, 0x6E, 0x88,
    0x66, 0x86, 0xBE, 0xBB, 0x68, 0x88, 0xBE, 0xBB, 0x88, 0x88, 0x8E, 0x8B, 0x88, 0xE8, 0x8E, 0x8B,
    0x86, 0x0E, 0x8E, 0x68, 0x66, 0x0E, 0x8E, 0x68, 0xE8, 0xE0, 0x8B, 0x66, 0xE8, 0xE0, 0xB8, 0x66,
    0xEE, 0xB8, 0x8B, 0x88, 0x88, 0xB8, 0x8B, 0x88, 0x33, 0x86, 0x8B, 0x88, 0x88, 0x86, 0xBB, 0x88,
    0x88, 0x66, 0xB8, 0x88, 0x88, 0x66, 0xB8, 0x8B, 0x33, 0x66, 0xB8, 0x8B, 0x86, 0x68, 0x86, 0xBB,
    0xEB, 0x68, 0x88, 0xE8, 0xEB, 0x68, 0x66, 0xE8, 0xBB, 0x8E, 0x66, 0x88, 0xB8, 0x8E, 0x66, 0x86,
    0xB8, 0xEB, 0x6E, 0x86, 0xB8, 0xEB, 0x8E, 0x88, 0xB8, 0x0E, 0xE0, 0x66, 0x88, 0x0E, 0xE0, 0x68,
    0x00, 0x00, 0x6E, 0x86, 0x00, 0x90, 0x99, 0x69, 0x00, 0x90, 0x13, 0x95, 0xE0, 0x8E, 0x99, 0x99,
    0xE0, 0x58, 0x86, 0x0E, 0xE0, 0x66, 0x58, 0x0E, 0xE0, 0x88, 0x68, 0x0E, 0x00, 0x5E, 0x66, 0x0E,
    0x0E, 0x8E, 0xB8, 0x66, 0x0E, 0x6E, 0xB8, 0x66, 0x00, 0x6E, 0x6B, 0x66, 0x00, 0x6E, 0x6B, 0x66,
    0xE0, 0x88, 0x6B, 0x66, 0xE0, 0xB6, 0x66, 0x66, 0xE0, 0xB6, 0x66, 0x66, 0x6E, 0xB8, 0x66, 0x66,
    0x86, 0x68, 0x86, 0xBB, 0x86, 0x68, 0x86, 0xBB, 0x36, 0x63, 0x66, 0xB8, 0x86, 0x68, 0x66, 0xB8,
    0x86, 0x68, 0x66, 0x86, 0xB6, 0xBB, 0x66, 0x86, 0x3B, 0x83, 0x6B, 0x66, 0x8B, 0x8E, 0x6B, 0x66,
    0x88, 0x0E, 0xE0, 0x88, 0x88, 0xE8, 0x00, 0x99, 0x8B, 0xE8, 0x00, 0x59, 0x8B, 0xB8, 0x0E, 0x9E,
    0xBB, 0x88, 0xEE, 0x56, 0xBB, 0x88, 0x0E, 0x6E, 0xA8, 0xA7, 0xEB, 0x6E, 0xB8, 0x17, 0xFA, 0xEF,
    0x00, 0xEE, 0xEE, 0x00, 0x00, 0x00, 0x00, 0x00, 0x00, 0x00, 0x00, 0x00, 0x00, 0x00, 0x00, 0xE0,
    0x00, 0x00, 0x00, 0xE0, 0x00, 0x00, 0x00, 0xE0, 0x00, 0x00, 0x00, 0xE0, 0x00, 0x00, 0x00, 0xE0,
    0x6E, 0xB8, 0x66, 0x86, 0x8E, 0x6B, 0x66, 0x86, 0x8E, 0x6B, 0x66, 0xB6, 0xB8, 0x66, 0x66, 0xB6,
    0xB8, 0x66, 0x66, 0xB8, 0x8B, 0x66, 0x66, 0xB8, 0x88, 0x66, 0x66, 0x8B, 0x68, 0x66, 0x66, 0x8B,
    0x8B, 0x8E, 0x8B, 0x66, 0x8B, 0x8E, 0x8B, 0x66, 0xE8, 0x3E, 0x8B, 0x66, 0xE3, 0xEB, 0xB8, 0x66,
    0xE8, 0xEB, 0xB8, 0x56, 0xE8, 0xEB, 0xB8, 0x55, 0xBE, 0xEB, 0x58, 0x25, 0xBE, 0xEB, 0x55, 0x32,
    0xB8, 0x1A, 0xA1, 0xED, 0xB8, 0xA5, 0x71, 0xFA, 0x58, 0x25, 0x7A, 0xA7, 0x55, 0x52, 0xA8, 0x77,
    0x25, 0x83, 0xB8, 0xAA, 0x32, 0x88, 0xBB, 0xEB, 0x83, 0xB8, 0xB8, 0xB8, 0x88, 0x8B, 0xB8, 0xB8,
    0x00, 0x00, 0x00, 0xE0, 0x00, 0x00, 0x00, 0xBE, 0x00, 0x00, 0x00, 0xBE, 0x00, 0x00, 0x00, 0xBE,
    0x00, 0x00, 0x00, 0xBE, 0x00, 0x00, 0x00, 0xBE, 0x00, 0x00, 0x00, 0xBE, 0x00, 0x00, 0x00, 0x8E,
    0x68, 0x66, 0x66, 0x3B, 0x68, 0x66, 0x66, 0x8B, 0x68, 0x66, 0x86, 0x8B, 0x68, 0x66, 0x86, 0x8B,
    0x68, 0x66, 0x86, 0x5B, 0x68, 0x66, 0x86, 0x55, 0x68, 0x66, 0x56, 0x25, 0x68, 0x66, 0x55, 0x22,
    0xBE, 0x5B, 0x25, 0x83, 0xBE, 0x55, 0x32, 0x88, 0x5E, 0x25, 0x83, 0x68, 0x55, 0x32, 0x88, 0x68,
    0x25, 0x83, 0x38, 0x6B, 0x32, 0x88, 0x8E, 0x6B, 0x83, 0xB8, 0x8E, 0x6B, 0x88, 0xBB, 0x8E, 0x6B,
    0x88, 0x8B, 0xB6, 0x88, 0x86, 0x8B, 0xB6, 0x88, 0x86, 0x8B, 0xB6, 0x88, 0x86, 0x8B, 0x86, 0x8B,
    0x86, 0x8B, 0x86, 0x8B, 0x86, 0x8B, 0x86, 0x8B, 0x86, 0x8B, 0x86, 0x8B, 0x86, 0x8B, 0x88, 0x8B,
    0x00, 0x00, 0x00, 0x8E, 0x00, 0x00, 0x00, 0x8E, 0x00, 0x00, 0x00, 0x8E, 0x00, 0x00, 0x00, 0x8E,
    0x00, 0x00, 0x00, 0x5E, 0x00, 0x00, 0x00, 0x55, 0x00, 0x00, 0x50, 0x15, 0x00, 0x00, 0x55, 0x21,
    0x68, 0x56, 0x25, 0x82, 0x68, 0x55, 0x22, 0x88, 0x58, 0x25, 0x82, 0xE8, 0x55, 0x21, 0x88, 0xE8,
    0x15, 0x82, 0xB8, 0xE8, 0x21, 0x88, 0xB8, 0xE8, 0x82, 0x68, 0x8B, 0xBE, 0x88, 0x86, 0x3B, 0xBE,
    0xB8, 0xBB, 0x8E, 0x6B, 0xBB, 0xBB, 0x3E, 0x8B, 0xBB, 0xBB, 0x8E, 0x8B, 0xBB, 0xBB, 0x8E, 0x8B,
    0xBB, 0xBB, 0xEB, 0xB8, 0xBB, 0xBB, 0xEB, 0xB8, 0xBB, 0xBB, 0xEB, 0xB3, 0xBB, 0xBB, 0xEB, 0xB8,
    0x86, 0xBB, 0x88, 0x8B, 0x86, 0xBB, 0x68, 0xB8, 0x66, 0xB8, 0x68, 0xB8, 0x66, 0xB8, 0x68, 0xB8,
    0x66, 0xB8, 0x68, 0xB8, 0x66, 0xB8, 0x88, 0xB8, 0x66, 0xB8, 0x88, 0xB8, 0x68, 0xB8, 0x88, 0x86,
    0x00, 0x50, 0x15, 0x82, 0x00, 0x55, 0x22, 0x88, 0x50, 0x25, 0x82, 0xB8, 0x55, 0x22, 0x88, 0xEE,
    0x25, 0x82, 0x08, 0x00, 0x22, 0x88, 0xE0, 0xEE, 0x83, 0xE8, 0xBE, 0x8B, 0x88, 0x8E, 0x55, 0x88,
    0x68, 0x86, 0x8B, 0xBE, 0x66, 0x86, 0x8B, 0xEE, 0x66, 0xB6, 0xEE, 0x00, 0xEE, 0xEE, 0x00, 0x00,
    0xBE, 0xEB, 0x00, 0x00, 0x88, 0xEB, 0x00, 0x00, 0xB8, 0xBB, 0x0E, 0x00, 0xBB, 0xBB, 0x0E, 0x00,
    0xBB, 0xBB, 0xEE, 0xB8, 0xEE, 0xEE, 0x00, 0x8E, 0x00, 0x00, 0x00, 0x8E, 0x00, 0x00, 0x00, 0xE0,
    0x00, 0x00, 0x00, 0x00, 0x00, 0x00, 0x00, 0x00, 0x00, 0x00, 0x00, 0x00, 0x00, 0x00, 0x00, 0x00,
    0x68, 0x86, 0x8B, 0x86, 0x6B, 0x86, 0x8B, 0x86, 0x6B, 0x86, 0x8B, 0x86, 0xEE, 0xEE, 0xEE, 0xEE,
    0x00, 0x00, 0x00, 0xE0, 0x00, 0x00, 0x00, 0xE0, 0x00, 0x00, 0xE0, 0xEE, 0x00, 0xEE, 0xBE, 0x88,
    0x00, 0x00, 0x00, 0x00, 0x00, 0x00, 0x00, 0x00, 0x00, 0x00, 0x00, 0x00, 0x00, 0x00, 0x00, 0x00,
    0x00, 0x00, 0x00, 0x50, 0x00, 0x00, 0x00, 0x55, 0x00, 0x00, 0x55, 0x35, 0x00, 0x50, 0x22, 0x53,
    0x00, 0x50, 0x25, 0x83, 0x00, 0x55, 0x32, 0x88, 0x50, 0x25, 0x83, 0x08, 0x55, 0x32, 0x88, 0x00,
    0x25, 0x88, 0x08, 0x00, 0x53, 0x88, 0x00, 0x00, 0x85, 0x08, 0x00, 0x00, 0x88, 0x00, 0x00, 0x00,
    0x00, 0x25, 0x32, 0x88, 0x50, 0x22, 0x83, 0x00, 0x15, 0x22, 0x08, 0x00, 0x11, 0x82, 0x00, 0x00,
    0x21, 0x08, 0x00, 0x00, 0x82, 0x00, 0x00, 0x00, 0x08, 0x00, 0x00, 0x00, 0x00, 0x00, 0x00, 0x00,
    0x08, 0x00, 0x00, 0x00, 0x00, 0x00, 0x00, 0x00, 0x00, 0x00, 0x00, 0x00, 0x00, 0x00, 0x00, 0x00,
    0x00, 0x00, 0x00, 0x00, 0x00, 0x00, 0x00, 0x00, 0x00, 0x00, 0x00, 0x00, 0x00, 0x00, 0x00, 0x00,
    0x00, 0x00, 0x00, 0x00, 0x00, 0x00, 0x00, 0x00, 0x0E, 0x00, 0x00, 0x00, 0x0E, 0x00, 0x00, 0x00,
    0xE8, 0x00, 0x00, 0x00, 0xE6, 0x00, 0xF0, 0xD2, 0x86, 0x0E, 0xDF, 0xFF, 0x66, 0xFE, 0xD2, 0x0F,
    0x66, 0xFE, 0xFD, 0x00, 0x99, 0xF9, 0xFD, 0x00, 0x13, 0x95, 0x0F, 0x00, 0x99, 0xE9, 0x00, 0x00,
    0x66, 0xE8, 0x00, 0x00, 0x58, 0x88, 0x0E, 0x00, 0x58, 0x86, 0x0E, 0x00, 0x68, 0xE6, 0x00, 0x00,
    0xEE, 0xEE, 0x00, 0x00, 0x00, 0x00, 0x00, 0x00, 0x00, 0x00, 0x00, 0x00, 0x0A, 0x00, 0x00, 0x00,
    0x0A, 0x00, 0x00, 0x00, 0x00, 0x00, 0x00, 0x00, 0x0E, 0x00, 0x00, 0x00, 0x0E, 0x00, 0x00, 0x00,
    0x0E, 0x00, 0x00, 0x00, 0x0E, 0x00, 0x00, 0x00, 0x0E, 0x00, 0x00, 0x00, 0x0E, 0x00, 0x00, 0x00,
    0x0E, 0x00, 0x00, 0x00, 0x0E, 0x00, 0x00, 0x00, 0xEB, 0x00, 0x00, 0x00, 0xE8, 0x00, 0x00, 0x00,
    0x00, 0x00, 0x00, 0x99, 0x00, 0x00, 0x90, 0x33, 0x00, 0x00, 0x29, 0x13, 0x00, 0x90, 0x22, 0x91,
    0x00, 0x30, 0x11, 0x29, 0x00, 0x19, 0x99, 0x29, 0x00, 0x19, 0x17, 0x39, 0x00, 0x29, 0x27, 0x11,
    0x99, 0x09, 0x00, 0x00, 0x33, 0x21, 0x09, 0x00, 0x21, 0x19, 0x91, 0x00, 0x21, 0x92, 0x91, 0x00,
    0x19, 0x92, 0x22, 0x09, 0x92, 0x99, 0x29, 0x09, 0x33, 0x33, 0x29, 0x09, 0x91, 0x19, 0x33, 0x92,
    0xE8, 0xBB, 0x88, 0xBB, 0x00, 0xEE, 0xEE, 0xEE, 0x00, 0x00, 0x00, 0x00, 0x00, 0x00, 0x00, 0x00,
    0x00, 0x00, 0x00, 0x00, 0x00, 0x00, 0x00, 0x00, 0x00, 0x00, 0x00, 0x00, 0x00, 0x00, 0x00, 0x00,
    0xEB, 0xEE, 0x00, 0x00, 0x0E, 0x00, 0x00, 0x00, 0x00, 0x00, 0x00, 0x00, 0x00, 0x00, 0x00, 0x00,
    0x00, 0x00, 0x00, 0x00, 0x00, 0x00, 0x00, 0x00, 0x00, 0x00, 0x00, 0x00, 0x00, 0x00, 0x00, 0x00,
    0xE0, 0xBB, 0x55, 0x88, 0xE0, 0x8B, 0x88, 0xBB, 0xE0, 0xEE, 0xEE, 0xEE, 0x00, 0x00, 0x00, 0x00,
    0x00, 0x00, 0x00, 0x00, 0x00, 0x00, 0x00, 0x00, 0x00, 0x00, 0x00, 0x00, 0x00, 0x00, 0x00, 0x00,
    0xBB, 0xEB, 0x00, 0x00, 0xEB, 0x0E, 0x00, 0x00, 0x0E, 0x00, 0x00, 0x00, 0x00, 0x00, 0x00, 0x00,
    0x00, 0x00, 0x00, 0x00, 0x00, 0x00, 0x00, 0x00, 0x00, 0x00, 0x00, 0x00, 0x00, 0x00, 0x00, 0x00,
    0x00, 0x00, 0x00, 0x00, 0x00, 0x00, 0x00, 0x00, 0x00, 0x00, 0x00, 0x55, 0x00, 0x00, 0x50, 0x25,
    0x00, 0x50, 0x55, 0x33, 0x00, 0x25, 0x32, 0x85, 0x50, 0x23, 0x85, 0x88, 0x58, 0x85, 0x88, 0x00,
    0x00, 0x25, 0x32, 0x08, 0x50, 0x23, 0x83, 0x00, 0x35, 0x33, 0x08, 0x00, 0x33, 0x85, 0x00, 0x00,
    0x83, 0x08, 0x00, 0x00, 0x08, 0x00, 0x00, 0x00, 0x00, 0x00, 0x00, 0x00, 0x00, 0x00, 0x00, 0x00,
    0xE8, 0x00, 0x00, 0x00, 0x88, 0x0E, 0x00, 0x00, 0x88, 0x0E, 0x00, 0x00, 0x88, 0xEB, 0x00, 0x00,
    0x88, 0xEB, 0x00, 0x00, 0x88, 0xE8, 0x00, 0x00, 0x88, 0xB8, 0x0E, 0x00, 0x8B, 0xB8, 0x0E, 0x00,
    0x8B, 0xB8, 0x0E, 0x00, 0x8B, 0xB8, 0x0E, 0x00, 0x8B, 0xE8, 0x00, 0x00, 0xEE, 0xEE, 0x00, 0x00,
    0xB8, 0x0E, 0x00, 0x00, 0xB8, 0x0E, 0x00, 0x00, 0xB8, 0xEB, 0x00, 0x00, 0xB8, 0xEB, 0x00, 0x00,
    0x00, 0x00, 0x00, 0x00, 0x00, 0x00, 0x00, 0x00, 0x00, 0x00, 0x00, 0x00, 0x00, 0x00, 0x00, 0x00,
    0x00, 0x00, 0x00, 0x50, 0x00, 0x00, 0x00, 0x55, 0x00, 0x00, 0x50, 0x25, 0x00, 0x00, 0x55, 0x32,
    0x00, 0x00, 0x00, 0x00, 0x00, 0x00, 0x00, 0x00, 0x00, 0x00, 0x00, 0x00, 0x00, 0x00, 0x00, 0x50,
    0x00, 0x00, 0x00, 0x15, 0x00, 0x00, 0x50, 0x11, 0x00, 0x00, 0x25, 0x22, 0x00, 0x50, 0x22, 0x82,
    0x80, 0x08, 0x00, 0x00, 0x00, 0x00, 0x00, 0x00, 0x00, 0x00, 0x00, 0x00, 0x00, 0x00, 0x00, 0x00,
    0x00, 0x00, 0x00, 0x00, 0x00, 0x00, 0x00, 0x00, 0x00, 0x00, 0x00, 0x00, 0x00, 0x00, 0x00, 0x00,
};
static const u16 sFrame29[] = {
    0x000B, 0x80BD, 0xC1E9, 0x0000, 0x00FD, 0x41D9, 0x0020, 0x80CD, 0x4009, 0x0024, 0x40B5, 0x01F1,
    0x0028, 0x40FD, 0x01E9, 0x002A, 0x40FD, 0x0001, 0x002C, 0x400D, 0x01C9, 0x002E, 0x80ED, 0x0009,
    0x0030, 0x00F5, 0x01E1, 0x0032, 0x0005, 0x01D1, 0x0033, 0x0015, 0x01C9, 0x0034, 0x0000,
};
static const void* const sFrames29[] = { sFrame29 };
static const u8 sTiles30[1696] __attribute__((aligned(4))) = {
    0x00, 0x00, 0x00, 0x00, 0x00, 0x00, 0x00, 0x00, 0x00, 0x00, 0x00, 0x00, 0x00, 0x00, 0x00, 0x00,
    0x00, 0x00, 0x00, 0x00, 0x00, 0x00, 0x00, 0x00, 0x00, 0x00, 0x00, 0x50, 0x00, 0x00, 0x00, 0xE0,
    0x00, 0x29, 0x2A, 0xE1, 0x00, 0x90, 0x1A, 0x62, 0x00, 0x90, 0x1A, 0x11, 0x00, 0x00, 0x2A, 0x11,
    0xE5, 0xEE, 0xA0, 0x12, 0x3E, 0x53, 0x0E, 0x77, 0x12, 0x32, 0xEE, 0x8A, 0x13, 0x31, 0xE5, 0x17,
    0x2E, 0x29, 0x13, 0x92, 0x21, 0x72, 0x23, 0x92, 0x11, 0xA2, 0x39, 0x22, 0x21, 0xA7, 0x39, 0x23,
    0x22, 0x9A, 0x39, 0xE5, 0xAA, 0xA7, 0xE5, 0xE3, 0x12, 0xA2, 0x1E, 0x1E, 0x18, 0x78, 0x2E, 0x3E,
    0x00, 0x00, 0x00, 0x00, 0x00, 0x00, 0x00, 0x00, 0x09, 0x00, 0x00, 0x00, 0xE5, 0x0E, 0x00, 0x00,
    0x22, 0xE3, 0x0E, 0x00, 0x31, 0x21, 0xE3, 0x00, 0x21, 0x25, 0x32, 0x0E, 0x22, 0x22, 0x53, 0x0E,
    0x00, 0x00, 0x00, 0xE0, 0x00, 0x00, 0x00, 0x25, 0x00, 0x00, 0x00, 0x3E, 0x00, 0x00, 0x00, 0xE0,
    0x00, 0x00, 0x00, 0x00, 0x00, 0x00, 0x00, 0x00, 0x00, 0x00, 0x00, 0xE0, 0x00, 0x00, 0x00, 0xE0,
    0xEE, 0x33, 0x5E, 0x27, 0x31, 0xE5, 0xBB, 0xAE, 0x52, 0xBE, 0xBB, 0xAE, 0xEE, 0xBE, 0xBB, 0xEB,
    0x8E, 0xE8, 0xBB, 0xEB, 0x6E, 0xE8, 0xBB, 0xEB, 0x66, 0xE8, 0xBB, 0xBE, 0x66, 0xE6, 0xBB, 0xEB,
    0x81, 0x72, 0x2E, 0xE3, 0x18, 0xEA, 0xEB, 0x5E, 0x18, 0xE7, 0xBB, 0xBB, 0xA2, 0xBE, 0xBB, 0xBB,
    0xA7, 0xBE, 0xBB, 0xB8, 0xEE, 0xBE, 0x8B, 0xB8, 0xEE, 0xEB, 0x8B, 0xB8, 0xBB, 0xBE, 0x8B, 0x88,
    0x33, 0xE3, 0xEE, 0x00, 0xEE, 0x1E, 0x31, 0x05, 0x58, 0x23, 0x22, 0xE3, 0x88, 0xE5, 0x23, 0xE5,
    0x68, 0xE6, 0xEE, 0x0E, 0x8B, 0x66, 0xE6, 0x00, 0x8B, 0x66, 0x66, 0x0E, 0x8B, 0x66, 0x86, 0x0E,
    0x00, 0x00, 0x00, 0xE0, 0x00, 0x00, 0x00, 0x8E, 0x00, 0x00, 0x00, 0x6E, 0x00, 0x00, 0x00, 0x6E,
    0x00, 0x00, 0xE0, 0x66, 0x00, 0x00, 0xE0, 0x68, 0x00, 0x00, 0xE0, 0x88, 0x00, 0x00, 0x6E, 0x88,
    0x66, 0x86, 0xBE, 0xBB, 0x68, 0x88, 0xBE, 0xBB, 0x88, 0x88, 0x8E, 0x8B, 0x88, 0xE8, 0x8E, 0x8B,
    0x86, 0x0E, 0x8E, 0x68, 0x66, 0x0E, 0x8E, 0x68, 0xE8, 0xE0, 0x8B, 0x66, 0xE8, 0xE0, 0xB8, 0x66,
    0xEE, 0xB8, 0x8B, 0x88, 0x88, 0xB8, 0x8B, 0x88, 0x33, 0x86, 0x8B, 0x88, 0x88, 0x86, 0xBB, 0x88,
    0x88, 0x66, 0xB8, 0x88, 0x88, 0x66, 0xB8, 0x8B, 0x33, 0x66, 0xB8, 0x8B, 0x86, 0x68, 0x86, 0xBB,
    0xEB, 0x68, 0x88, 0xE8, 0xEB, 0x68, 0x66, 0xE8, 0xBB, 0x8E, 0x66, 0x88, 0xB8, 0x8E, 0x66, 0x86,
    0xB8, 0xEB, 0x6E, 0x86, 0xB8, 0xEB, 0x8E, 0x88, 0xB8, 0x0E, 0xE0, 0x66, 0x88, 0x0E, 0xE0, 0x68,
    0x00, 0x00, 0x6E, 0x86, 0x00, 0x90, 0x99, 0x69, 0x00, 0x90, 0x13, 0x95, 0xE0, 0x8E, 0x99, 0x99,
    0xE0, 0x58, 0x86, 0x0E, 0xE0, 0x66, 0x58, 0x0E, 0xE0, 0x88, 0x68, 0x0E, 0x00, 0x5E, 0x66, 0x0E,
    0x0E, 0x8E, 0xB8, 0x66, 0x0E, 0x6E, 0xB8, 0x66, 0x00, 0x6E, 0x6B, 0x66, 0x00, 0x6E, 0x6B, 0x66,
    0xE0, 0x88, 0x6B, 0x66, 0xE0, 0xB6, 0x66, 0x66, 0xE0, 0xB6, 0x66, 0x66, 0x6E, 0xB8, 0x66, 0x66,
    0x86, 0x68, 0x86, 0xBB, 0x86, 0x68, 0x86, 0xBB, 0x36, 0x63, 0x66, 0xB8, 0x86, 0x68, 0x66, 0xB8,
    0x86, 0x68, 0x66, 0x86, 0xB6, 0xBB, 0x66, 0x86, 0x3B, 0x83, 0x6B, 0x66, 0x8B, 0x8E, 0x6B, 0x66,
    0x88, 0x0E, 0xE0, 0x88, 0x88, 0xE8, 0x00, 0x99, 0x8B, 0xE8, 0x00, 0x59, 0x8B, 0xB8, 0x0E, 0x9E,
    0xBB, 0x88, 0xEE, 0x56, 0xBB, 0x88, 0x0E, 0x6E, 0xA8, 0xA7, 0xEB, 0x6E, 0xB8, 0x17, 0xFA, 0xEF,
    0x00, 0xEE, 0xEE, 0x00, 0x00, 0x00, 0x00, 0x00, 0x00, 0x00, 0x00, 0x00, 0x00, 0x00, 0x00, 0xE0,
    0x00, 0x00, 0x00, 0xE0, 0x00, 0x00, 0x00, 0xE0, 0x00, 0x00, 0x00, 0xE0, 0x00, 0x00, 0x00, 0xE0,
    0x6E, 0xB8, 0x66, 0x86, 0x8E, 0x6B, 0x66, 0x86, 0x8E, 0x6B, 0x66, 0xB6, 0xB8, 0x66, 0x66, 0xB6,
    0xB8, 0x66, 0x66, 0xB8, 0x8B, 0x66, 0x66, 0xB8, 0x88, 0x66, 0x66, 0x8B, 0x68, 0x66, 0x66, 0x8B,
    0x8B, 0x8E, 0x8B, 0x66, 0x8B, 0x8E, 0x8B, 0x66, 0xE8, 0x3E, 0x8B, 0x66, 0xE3, 0xEB, 0xB8, 0x66,
    0xE8, 0xEB, 0xB8, 0x56, 0xE8, 0xEB, 0xB8, 0x55, 0xBE, 0xEB, 0x58, 0x25, 0xBE, 0xEB, 0x55, 0x32,
    0xB8, 0x1A, 0xA1, 0xED, 0xB8, 0xA5, 0x71, 0xFA, 0x58, 0x25, 0x7A, 0xA7, 0x55, 0x52, 0xA8, 0x77,
    0x25, 0x83, 0xB8, 0xAA, 0x32, 0x88, 0xBB, 0xEB, 0x83, 0xB8, 0xB8, 0xB8, 0x88, 0x8B, 0xB8, 0xB8,
    0x00, 0x00, 0x00, 0xE0, 0x00, 0x00, 0x00, 0xBE, 0x00, 0x00, 0x00, 0xBE, 0x00, 0x00, 0x00, 0xBE,
    0x00, 0x00, 0x00, 0xBE, 0x00, 0x00, 0x00, 0xBE, 0x00, 0x00, 0x00, 0xBE, 0x00, 0x00, 0x00, 0x8E,
    0x68, 0x66, 0x66, 0x3B, 0x68, 0x66, 0x66, 0x8B, 0x68, 0x66, 0x86, 0x8B, 0x68, 0x66, 0x86, 0x8B,
    0x68, 0x66, 0x86, 0x5B, 0x68, 0x66, 0x86, 0x55, 0x68, 0x66, 0x56, 0x25, 0x68, 0x66, 0x55, 0x22,
    0xBE, 0x5B, 0x25, 0x83, 0xBE, 0x55, 0x32, 0x88, 0x5E, 0x25, 0x83, 0x68, 0x55, 0x32, 0x88, 0x68,
    0x25, 0x83, 0x38, 0x6B, 0x32, 0x88, 0x8E, 0x6B, 0x83, 0xB8, 0x8E, 0x6B, 0x88, 0xBB, 0x8E, 0x6B,
    0x88, 0x8B, 0xB6, 0x88, 0x86, 0x8B, 0xB6, 0x88, 0x86, 0x8B, 0xB6, 0x88, 0x86, 0x8B, 0x86, 0x8B,
    0x86, 0x8B, 0x86, 0x8B, 0x86, 0x8B, 0x86, 0x8B, 0x86, 0x8B, 0x86, 0x8B, 0x86, 0x8B, 0x88, 0x8B,
    0x00, 0x00, 0x00, 0x8E, 0x00, 0x00, 0x00, 0x8E, 0x00, 0x00, 0x00, 0x8E, 0x00, 0x00, 0x00, 0x8E,
    0x00, 0x00, 0x00, 0x5E, 0x00, 0x00, 0x00, 0x55, 0x00, 0x00, 0x50, 0x15, 0x00, 0x00, 0x55, 0x21,
    0x68, 0x56, 0x25, 0x82, 0x68, 0x55, 0x22, 0x88, 0x58, 0x25, 0x82, 0xE8, 0x55, 0x21, 0x88, 0xE8,
    0x15, 0x82, 0xB8, 0xE8, 0x21, 0x88, 0xB8, 0xE8, 0x82, 0x68, 0x8B, 0xBE, 0x88, 0x86, 0x3B, 0xBE,
    0xB8, 0xBB, 0x8E, 0x6B, 0xBB, 0xBB, 0x3E, 0x8B, 0xBB, 0xBB, 0x8E, 0x8B, 0xBB, 0xBB, 0x8E, 0x8B,
    0xBB, 0xBB, 0xEB, 0xB8, 0xBB, 0xBB, 0xEB, 0xB8, 0xBB, 0xBB, 0xEB, 0xB3, 0xBB, 0xBB, 0xEB, 0xB8,
    0x86, 0xBB, 0x88, 0x8B, 0x86, 0xBB, 0x68, 0xB8, 0x66, 0xB8, 0x68, 0xB8, 0x66, 0xB8, 0x68, 0xB8,
    0x66, 0xB8, 0x68, 0xB8, 0x66, 0xB8, 0x88, 0xB8, 0x66, 0xB8, 0x88, 0xB8, 0x68, 0xB8, 0x88, 0x86,
    0x00, 0x50, 0x15, 0x82, 0x00, 0x55, 0x22, 0x88, 0x50, 0x25, 0x82, 0xB8, 0x55, 0x22, 0x88, 0xEE,
    0x25, 0x82, 0x08, 0x00, 0x22, 0x88, 0xE0, 0xEE, 0x83, 0xE8, 0xBE, 0x8B, 0x88, 0x8E, 0x55, 0x88,
    0x68, 0x86, 0x8B, 0xBE, 0x66, 0x86, 0x8B, 0xEE, 0x66, 0xB6, 0xEE, 0x00, 0xEE, 0xEE, 0x00, 0x00,
    0xBE, 0xEB, 0x00, 0x00, 0x88, 0xEB, 0x00, 0x00, 0xB8, 0xBB, 0x0E, 0x00, 0xBB, 0xBB, 0x0E, 0x00,
    0xBB, 0xBB, 0xEE, 0xB8, 0xEE, 0xEE, 0x00, 0x8E, 0x00, 0x00, 0x00, 0x8E, 0x00, 0x00, 0x00, 0xE0,
    0x00, 0x00, 0x00, 0x00, 0x00, 0x00, 0x00, 0x00, 0x00, 0x00, 0x00, 0x00, 0x00, 0x00, 0x00, 0x00,
    0x68, 0x86, 0x8B, 0x86, 0x6B, 0x86, 0x8B, 0x86, 0x6B, 0x86, 0x8B, 0x86, 0xEE, 0xEE, 0xEE, 0xEE,
    0x00, 0x00, 0x00, 0xE0, 0x00, 0x00, 0x00, 0xE0, 0x00, 0x00, 0xE0, 0xEE, 0x00, 0xEE, 0xBE, 0x88,
    0x00, 0x00, 0x00, 0x00, 0x00, 0x00, 0x00, 0x00, 0x00, 0x00, 0x00, 0x00, 0x00, 0x00, 0x00, 0x00,
    0x00, 0x00, 0x00, 0x50, 0x00, 0x00, 0x00, 0x55, 0x00, 0x00, 0x55, 0x35, 0x00, 0x50, 0x22, 0x53,
    0x00, 0x50, 0x25, 0x83, 0x00, 0x55, 0x32, 0x88, 0x50, 0x25, 0x83, 0x08, 0x55, 0x32, 0x88, 0x00,
    0x25, 0x88, 0x08, 0x00, 0x53, 0x88, 0x00, 0x00, 0x85, 0x08, 0x00, 0x00, 0x88, 0x00, 0x00, 0x00,
    0x00, 0x25, 0x32, 0x88, 0x50, 0x22, 0x83, 0x00, 0x15, 0x22, 0x08, 0x00, 0x11, 0x82, 0x00, 0x00,
    0x21, 0x08, 0x00, 0x00, 0x82, 0x00, 0x00, 0x00, 0x08, 0x00, 0x00, 0x00, 0x00, 0x00, 0x00, 0x00,
    0x08, 0x00, 0x00, 0x00, 0x00, 0x00, 0x00, 0x00, 0x00, 0x00, 0x00, 0x00, 0x00, 0x00, 0x00, 0x00,
    0x00, 0x00, 0x00, 0x00, 0x00, 0x00, 0x00, 0x00, 0x00, 0x00, 0x00, 0x00, 0x00, 0x00, 0x00, 0x00,
    0x00, 0x00, 0x00, 0x00, 0x00, 0x00, 0x00, 0x00, 0x0E, 0x00, 0x00, 0x00, 0x0E, 0x00, 0x00, 0x00,
    0xE8, 0x00, 0x00, 0x00, 0xE6, 0x00, 0xF0, 0xD2, 0x86, 0x0E, 0xDF, 0xFF, 0x66, 0xFE, 0xD2, 0x0F,
    0x66, 0xFE, 0xFD, 0x00, 0x99, 0xF9, 0xFD, 0x00, 0x13, 0x95, 0x0F, 0x00, 0x99, 0xE9, 0x00, 0x00,
    0x66, 0xE8, 0x00, 0x00, 0x58, 0x88, 0x0E, 0x00, 0x58, 0x86, 0x0E, 0x00, 0x68, 0xE6, 0x00, 0x00,
    0xEE, 0xEE, 0x00, 0x00, 0x00, 0x00, 0x00, 0x00, 0x00, 0x00, 0x00, 0x00, 0x0A, 0x00, 0x00, 0x00,
    0x0A, 0x00, 0x00, 0x00, 0x00, 0x00, 0x00, 0x00, 0x0E, 0x00, 0x00, 0x00, 0x0E, 0x00, 0x00, 0x00,
    0x0E, 0x00, 0x00, 0x00, 0x0E, 0x00, 0x00, 0x00, 0x0E, 0x00, 0x00, 0x00, 0x0E, 0x00, 0x00, 0x00,
    0x0E, 0x00, 0x00, 0x00, 0x0E, 0x00, 0x00, 0x00, 0xEB, 0x00, 0x00, 0x00, 0xE8, 0x00, 0x00, 0x00,
    0x00, 0x00, 0x00, 0x99, 0x00, 0x00, 0x90, 0x33, 0x00, 0x00, 0x29, 0x13, 0x00, 0x90, 0x22, 0x91,
    0x00, 0x30, 0x11, 0x29, 0x00, 0x19, 0x99, 0x29, 0x00, 0x19, 0x17, 0x39, 0x00, 0x29, 0x27, 0x11,
    0x99, 0x09, 0x00, 0x00, 0x33, 0x21, 0x09, 0x00, 0x21, 0x19, 0x91, 0x00, 0x21, 0x92, 0x91, 0x00,
    0x19, 0x92, 0x22, 0x09, 0x92, 0x99, 0x29, 0x09, 0x33, 0x33, 0x29, 0x09, 0x91, 0x19, 0x33, 0x92,
    0xE8, 0xBB, 0x88, 0xBB, 0x00, 0xEE, 0xEE, 0xEE, 0x00, 0x00, 0x00, 0x00, 0x00, 0x00, 0x00, 0x00,
    0x00, 0x00, 0x00, 0x00, 0x00, 0x00, 0x00, 0x00, 0x00, 0x00, 0x00, 0x00, 0x00, 0x00, 0x00, 0x00,
    0xEB, 0xEE, 0x00, 0x00, 0x0E, 0x00, 0x00, 0x00, 0x00, 0x00, 0x00, 0x00, 0x00, 0x00, 0x00, 0x00,
    0x00, 0x00, 0x00, 0x00, 0x00, 0x00, 0x00, 0x00, 0x00, 0x00, 0x00, 0x00, 0x00, 0x00, 0x00, 0x00,
    0xE0, 0xBB, 0x55, 0x88, 0xE0, 0x8B, 0x88, 0xBB, 0xE0, 0xEE, 0xEE, 0xEE, 0x00, 0x00, 0x00, 0x00,
    0x00, 0x00, 0x00, 0x00, 0x00, 0x00, 0x00, 0x00, 0x00, 0x00, 0x00, 0x00, 0x00, 0x00, 0x00, 0x00,
    0xBB, 0xEB, 0x00, 0x00, 0xEB, 0x0E, 0x00, 0x00, 0x0E, 0x00, 0x00, 0x00, 0x00, 0x00, 0x00, 0x00,
    0x00, 0x00, 0x00, 0x00, 0x00, 0x00, 0x00, 0x00, 0x00, 0x00, 0x00, 0x00, 0x00, 0x00, 0x00, 0x00,
    0x00, 0x00, 0x00, 0x00, 0x00, 0x00, 0x00, 0x00, 0x00, 0x00, 0x00, 0x55, 0x00, 0x00, 0x50, 0x25,
    0x00, 0x50, 0x55, 0x33, 0x00, 0x25, 0x32, 0x85, 0x50, 0x23, 0x85, 0x88, 0x58, 0x85, 0x88, 0x00,
    0x00, 0x25, 0x32, 0x08, 0x50, 0x23, 0x83, 0x00, 0x35, 0x33, 0x08, 0x00, 0x33, 0x85, 0x00, 0x00,
    0x83, 0x08, 0x00, 0x00, 0x08, 0x00, 0x00, 0x00, 0x00, 0x00, 0x00, 0x00, 0x00, 0x00, 0x00, 0x00,
    0xE8, 0x00, 0x00, 0x00, 0x88, 0x0E, 0x00, 0x00, 0x88, 0x0E, 0x00, 0x00, 0x88, 0xEB, 0x00, 0x00,
    0x88, 0xEB, 0x00, 0x00, 0x88, 0xE8, 0x00, 0x00, 0x88, 0xB8, 0x0E, 0x00, 0x8B, 0xB8, 0x0E, 0x00,
    0x8B, 0xB8, 0x0E, 0x00, 0x8B, 0xB8, 0x0E, 0x00, 0x8B, 0xE8, 0x00, 0x00, 0xEE, 0xEE, 0x00, 0x00,
    0xB8, 0x0E, 0x00, 0x00, 0xB8, 0x0E, 0x00, 0x00, 0xB8, 0xEB, 0x00, 0x00, 0xB8, 0xEB, 0x00, 0x00,
    0x00, 0x00, 0x00, 0x00, 0x00, 0x00, 0x00, 0x00, 0x00, 0x00, 0x00, 0x00, 0x00, 0x00, 0x00, 0x00,
    0x00, 0x00, 0x00, 0x50, 0x00, 0x00, 0x00, 0x55, 0x00, 0x00, 0x50, 0x25, 0x00, 0x00, 0x55, 0x32,
    0x00, 0x00, 0x00, 0x00, 0x00, 0x00, 0x00, 0x00, 0x00, 0x00, 0x00, 0x00, 0x00, 0x00, 0x00, 0x50,
    0x00, 0x00, 0x00, 0x15, 0x00, 0x00, 0x50, 0x11, 0x00, 0x00, 0x25, 0x22, 0x00, 0x50, 0x22, 0x82,
    0x80, 0x08, 0x00, 0x00, 0x00, 0x00, 0x00, 0x00, 0x00, 0x00, 0x00, 0x00, 0x00, 0x00, 0x00, 0x00,
    0x00, 0x00, 0x00, 0x00, 0x00, 0x00, 0x00, 0x00, 0x00, 0x00, 0x00, 0x00, 0x00, 0x00, 0x00, 0x00,
};
static const u16 sFrame30[] = {
    0x000B, 0x80BD, 0xC1E9, 0x0000, 0x00FD, 0x41D9, 0x0020, 0x80CD, 0x4009, 0x0024, 0x40B5, 0x01F1,
    0x0028, 0x40FD, 0x01E9, 0x002A, 0x40FD, 0x0001, 0x002C, 0x400D, 0x01C9, 0x002E, 0x80ED, 0x0009,
    0x0030, 0x00F5, 0x01E1, 0x0032, 0x0005, 0x01D1, 0x0033, 0x0015, 0x01C9, 0x0034, 0x0000,
};
static const void* const sFrames30[] = { sFrame30 };
static const u8 sTiles31[1920] __attribute__((aligned(4))) = {
    0x00, 0x00, 0x00, 0x90, 0x00, 0x00, 0x00, 0x29, 0x00, 0x00, 0x90, 0x12, 0x00, 0x00, 0x29, 0x31,
    0x00, 0x00, 0x99, 0x99, 0x00, 0x90, 0x29, 0x22, 0x00, 0x90, 0x13, 0x11, 0x00, 0x90, 0x22, 0x33,
    0x99, 0x09, 0x00, 0x00, 0x32, 0x92, 0x99, 0x00, 0x33, 0x23, 0x22, 0x09, 0x23, 0x99, 0x11, 0x92,
    0x11, 0x22, 0x39, 0x22, 0x19, 0x21, 0x39, 0x21, 0x32, 0x99, 0x92, 0x92, 0x13, 0x32, 0x99, 0x22,
    0x00, 0x00, 0x00, 0x00, 0x00, 0x00, 0x00, 0x00, 0x00, 0x00, 0x00, 0x00, 0x00, 0x00, 0x00, 0x00,
    0x09, 0x00, 0x00, 0x00, 0x92, 0x09, 0x00, 0x00, 0x22, 0x92, 0xE0, 0x55, 0x33, 0x22, 0x39, 0x12,
    0x00, 0x00, 0x00, 0x00, 0x00, 0x00, 0x00, 0x00, 0x00, 0x00, 0x00, 0x00, 0x00, 0x00, 0x00, 0x00,
    0x00, 0x00, 0x00, 0x00, 0x00, 0x00, 0x00, 0x00, 0x00, 0x00, 0x00, 0x00, 0x5E, 0x00, 0x00, 0x00,
    0x00, 0x90, 0x99, 0x39, 0x00, 0x00, 0x19, 0x9E, 0x00, 0xEE, 0x2A, 0x11, 0xE0, 0xBB, 0x76, 0x21,
    0x8E, 0x66, 0xE8, 0xAA, 0x8E, 0xEB, 0xEE, 0xEE, 0xEE, 0x0E, 0x00, 0x5E, 0x00, 0x00, 0x00, 0x3E,
    0x39, 0x33, 0x12, 0x21, 0x79, 0x92, 0x33, 0x23, 0x21, 0xA7, 0x99, 0x33, 0x72, 0xEE, 0xBB, 0x99,
    0xEE, 0x55, 0xBE, 0xBB, 0xE2, 0x23, 0xE3, 0xBB, 0x2E, 0x21, 0x32, 0x5E, 0x3E, 0x32, 0x21, 0x53,
    0x39, 0x33, 0x92, 0x15, 0x92, 0x39, 0x33, 0x29, 0x22, 0x92, 0x19, 0x39, 0x23, 0x22, 0x23, 0x93,
    0x39, 0x32, 0x33, 0x31, 0x39, 0x23, 0x33, 0x31, 0x98, 0x23, 0x31, 0x32, 0x98, 0x33, 0x31, 0x29,
    0x21, 0x0E, 0x00, 0x00, 0x33, 0x0E, 0x00, 0x00, 0x5E, 0x05, 0x00, 0x00, 0x23, 0x0E, 0x00, 0x00,
    0x39, 0x0E, 0x00, 0x00, 0x92, 0x09, 0x00, 0x00, 0x23, 0x93, 0x09, 0x00, 0x91, 0x22, 0x93, 0x00,
    0x00, 0x00, 0x00, 0xE0, 0x00, 0x00, 0x00, 0xEE, 0x00, 0x00, 0xEE, 0x6B, 0x00, 0xEE, 0x8B, 0x66,
    0xEE, 0x8B, 0x66, 0x66, 0xBB, 0xBB, 0x68, 0x66, 0x88, 0x88, 0x88, 0xB8, 0x66, 0x88, 0xEB, 0xEE,
    0x3E, 0x23, 0x25, 0xE5, 0xEE, 0x35, 0x31, 0x3E, 0xB8, 0x5E, 0x32, 0x2E, 0x66, 0xE8, 0xEE, 0x15,
    0x86, 0xBB, 0x35, 0x11, 0xB8, 0xBB, 0x2E, 0x32, 0xEE, 0xEE, 0xEB, 0xEE, 0x00, 0x00, 0xEE, 0x88,
    0x88, 0x39, 0x32, 0x39, 0x8E, 0x98, 0x23, 0x99, 0x8E, 0x98, 0x23, 0x33, 0x52, 0x68, 0x39, 0x31,
    0xE3, 0x68, 0x39, 0x32, 0xBE, 0x8B, 0x96, 0x39, 0xB8, 0x8B, 0x96, 0x96, 0xB8, 0x8B, 0x66, 0x86,
    0x31, 0x19, 0x32, 0x99, 0x23, 0x33, 0x21, 0x33, 0x39, 0x32, 0x29, 0x32, 0x39, 0x21, 0x93, 0x92,
    0x93, 0x29, 0x29, 0x92, 0x23, 0x32, 0x39, 0x32, 0x93, 0x39, 0x99, 0x23, 0x99, 0x98, 0x89, 0x99,
    0xB8, 0xEE, 0x0E, 0x00, 0xEE, 0x00, 0x00, 0x00, 0x0F, 0x00, 0x00, 0x00, 0x00, 0x00, 0x00, 0x00,
    0x00, 0x00, 0x00, 0x00, 0x00, 0x00, 0x00, 0x00, 0x00, 0x00, 0x00, 0x00, 0x00, 0x00, 0x00, 0x00,
    0x00, 0x00, 0x00, 0xEE, 0x00, 0x00, 0x00, 0x00, 0x00, 0x00, 0x00, 0x00, 0x00, 0x00, 0x00, 0x00,
    0x00, 0x00, 0x00, 0x00, 0x00, 0x00, 0x00, 0x00, 0x00, 0x00, 0x00, 0x00, 0x00, 0x00, 0x00, 0x00,
    0x88, 0xBB, 0x88, 0x88, 0x8E, 0xBB, 0x88, 0x88, 0x8E, 0xB8, 0x8B, 0x86, 0xE0, 0xB8, 0x8B, 0x66,
    0xE0, 0xB8, 0xBB, 0x68, 0xE0, 0xB8, 0xBB, 0x68, 0x8E, 0x88, 0xBB, 0x8B, 0x8E, 0x88, 0xBB, 0x8B,
    0x98, 0x98, 0x89, 0xB8, 0xB8, 0x88, 0x89, 0xB8, 0xB8, 0x8B, 0x86, 0x88, 0xB8, 0x8B, 0x68, 0x88,
    0x88, 0x8B, 0x68, 0x86, 0x86, 0xBB, 0x88, 0x66, 0x86, 0xBB, 0x88, 0x66, 0x88, 0xB8, 0x88, 0x68,
    0x00, 0x00, 0x00, 0xE0, 0x00, 0x00, 0x00, 0xBE, 0x00, 0x00, 0xE0, 0x8B, 0x00, 0x00, 0xBE, 0x8B,
    0x00, 0xE0, 0xB8, 0x8B, 0x00, 0x8E, 0xBB, 0x88, 0xE0, 0xB8, 0xBB, 0x88, 0x8E, 0xBB, 0xBB, 0x88,
    0xBB, 0x88, 0xBB, 0x8B, 0xBB, 0x8B, 0xBB, 0x8B, 0xBB, 0x8B, 0xBB, 0x8B, 0xBB, 0xBB, 0xBB, 0x88,
    0xBB, 0xBB, 0xBB, 0x88, 0xB8, 0xBB, 0xBB, 0x88, 0xB8, 0xBB, 0xBB, 0x68, 0xB8, 0xBB, 0xBB, 0x88,
    0x86, 0xB8, 0x8B, 0x68, 0x66, 0x88, 0xBB, 0x88, 0x68, 0x88, 0x88, 0xB8, 0x68, 0x86, 0x88, 0x88,
    0x88, 0x66, 0x88, 0x86, 0x88, 0x66, 0x66, 0x86, 0x66, 0x66, 0x66, 0x66, 0x68, 0x66, 0x66, 0x88,
    0x66, 0xB8, 0x0E, 0x00, 0x66, 0xB8, 0x0E, 0x00, 0x86, 0x88, 0xEB, 0x00, 0x8B, 0x86, 0xEB, 0x00,
    0x8B, 0x86, 0xB8, 0x0E, 0xB8, 0x66, 0xB8, 0x0E, 0xB8, 0x88, 0xB6, 0x0E, 0x88, 0x8B, 0x86, 0xEB,
    0x88, 0xBB, 0x8B, 0x68, 0xB8, 0xBB, 0x8B, 0x68, 0x8B, 0xBB, 0x8B, 0x68, 0x88, 0xBB, 0x88, 0x68,
    0x88, 0xB8, 0x88, 0x68, 0x88, 0xB8, 0x88, 0x68, 0x88, 0xB8, 0xB8, 0x88, 0x88, 0xB8, 0xB8, 0x8B,
    0xB8, 0xBB, 0xBB, 0x88, 0x88, 0xBB, 0xBB, 0x8B, 0x88, 0xBB, 0xBB, 0x8B, 0x88, 0xB8, 0xBB, 0xBB,
    0x86, 0xB8, 0xBB, 0xBB, 0x86, 0x88, 0xBB, 0xBB, 0x66, 0x86, 0xBB, 0xBB, 0x66, 0x86, 0xB8, 0xBB,
    0x66, 0x66, 0x66, 0x66, 0x88, 0x66, 0x88, 0x68, 0x68, 0x66, 0xB8, 0x68, 0x88, 0x86, 0xB8, 0x8B,
    0x88, 0x66, 0x88, 0x8B, 0x8B, 0x68, 0x86, 0xBB, 0x8B, 0x66, 0x86, 0xB8, 0xBB, 0x68, 0x86, 0xB8,
    0x88, 0xBB, 0x86, 0xB8, 0x86, 0xB8, 0x68, 0x88, 0x66, 0xB8, 0x6B, 0x86, 0x66, 0x88, 0x8B, 0x68,
    0x66, 0x86, 0xBB, 0x68, 0x88, 0x86, 0xB8, 0x88, 0x88, 0x66, 0xB8, 0x8B, 0x8B, 0x66, 0x88, 0xBB,
    0x8B, 0x88, 0xB8, 0x8B, 0x8B, 0x88, 0xB8, 0xBB, 0x8B, 0xB8, 0xB8, 0xBB, 0x8B, 0xB8, 0x88, 0xBB,
    0x8B, 0xB8, 0x88, 0xBB, 0xBB, 0xB8, 0x88, 0xBB, 0xBB, 0xB8, 0x88, 0xBB, 0xBB, 0xB8, 0x88, 0xBB,
    0x88, 0x66, 0xB8, 0xBB, 0x88, 0x66, 0x86, 0xBB, 0x8B, 0x68, 0x86, 0xBB, 0xBB, 0x88, 0x66, 0xB8,
    0xBB, 0x88, 0x68, 0xB8, 0xBB, 0x8B, 0x68, 0x86, 0xBB, 0xBB, 0x88, 0x86, 0xBB, 0xBB, 0x88, 0x66,
    0xBB, 0x88, 0x66, 0x88, 0xBB, 0x8B, 0x68, 0x88, 0xBB, 0x8B, 0x68, 0x86, 0xBB, 0xBB, 0x88, 0x86,
    0xBB, 0xBB, 0x88, 0x66, 0xBB, 0xBB, 0x8B, 0x66, 0xBB, 0xBB, 0x8B, 0x68, 0xB8, 0xBB, 0xBB, 0x68,
    0x8B, 0x68, 0x86, 0xEB, 0xBB, 0x68, 0x86, 0x0E, 0xBB, 0x88, 0xE6, 0x00, 0xB8, 0x8B, 0xE6, 0x00,
    0xB8, 0x8B, 0x0E, 0x00, 0x88, 0xBB, 0x0E, 0x00, 0x86, 0xEB, 0x00, 0x00, 0x86, 0x0E, 0x00, 0x00,
    0xBB, 0xBB, 0x88, 0xB8, 0xB8, 0xBB, 0x8B, 0xB8, 0xB8, 0xBB, 0x8B, 0x88, 0x88, 0xBB, 0x8B, 0x88,
    0x8E, 0xBB, 0x8B, 0x88, 0xE0, 0xBB, 0x8B, 0x88, 0x00, 0xBE, 0xBB, 0x88, 0x00, 0xEE, 0xBE, 0x8B,
    0xBB, 0xBB, 0x8B, 0x68, 0xBB, 0xBB, 0xBB, 0x68, 0xBB, 0xBB, 0xBB, 0x8B, 0xB8, 0xBB, 0xBB, 0x8B,
    0xB8, 0xBB, 0xBB, 0xBB, 0x88, 0xBB, 0xEE, 0xEE, 0x88, 0xEE, 0xEB, 0x00, 0xEE, 0xB8, 0xEB, 0x00,
    0xB8, 0xBB, 0xBB, 0x88, 0x86, 0xBB, 0xBB, 0xEB, 0x86, 0xBB, 0xBB, 0x0E, 0x86, 0xB8, 0xEE, 0x00,
    0xEE, 0xEE, 0x00, 0x00, 0x00, 0x00, 0x00, 0x00, 0x00, 0x00, 0x00, 0x00, 0x00, 0x00, 0x00, 0x00,
    0xEE, 0x00, 0x00, 0x00, 0x00, 0x00, 0x00, 0x00, 0x00, 0x00, 0x00, 0x00, 0x00, 0x00, 0x00, 0x00,
    0x00, 0x00, 0x00, 0x00, 0x00, 0x00, 0x00, 0x00, 0x00, 0x00, 0x00, 0x00, 0x00, 0x00, 0x00, 0x00,
    0x00, 0x00, 0x00, 0x00, 0x00, 0x00, 0x00, 0x00, 0x00, 0x00, 0x00, 0x00, 0x00, 0x00, 0x00, 0x00,
    0x55, 0x55, 0x00, 0x00, 0x22, 0x22, 0x55, 0x55, 0x33, 0x33, 0x22, 0x22, 0x88, 0x88, 0x38, 0x33,
    0x00, 0x00, 0x00, 0x00, 0x00, 0x00, 0x00, 0x00, 0x00, 0x00, 0x00, 0x00, 0x00, 0x00, 0x00, 0x00,
    0x00, 0x00, 0x00, 0x70, 0x55, 0x05, 0x00, 0xAA, 0x22, 0x55, 0xA5, 0x1A, 0x22, 0x22, 0xA2, 0x1A,
    0x00, 0x00, 0x00, 0x00, 0x00, 0x00, 0x00, 0x00, 0x00, 0x00, 0x00, 0x00, 0x00, 0x00, 0x00, 0x00,
    0x0A, 0x00, 0x00, 0x00, 0x0A, 0x00, 0x00, 0x00, 0x0A, 0xEE, 0xEE, 0x9E, 0x0A, 0x8E, 0x86, 0x98,
    0x00, 0x00, 0x00, 0x00, 0x00, 0x00, 0x00, 0x00, 0x00, 0x00, 0x00, 0x00, 0x00, 0x00, 0x00, 0x00,
    0x00, 0x00, 0x00, 0x00, 0x00, 0x00, 0xE0, 0xEE, 0x99, 0xEE, 0xBE, 0x68, 0x95, 0xBB, 0x88, 0x66,
    0x00, 0x00, 0x80, 0x88, 0x00, 0x00, 0x00, 0x00, 0x00, 0x00, 0x00, 0x00, 0x00, 0x00, 0x00, 0x00,
    0x00, 0x00, 0x00, 0x00, 0x00, 0x00, 0x00, 0x00, 0x00, 0x00, 0x00, 0x00, 0x00, 0x00, 0x00, 0x00,
    0x38, 0x33, 0xA5, 0x7A, 0x80, 0x88, 0xA8, 0xAA, 0x00, 0x00, 0xA0, 0xAA, 0x00, 0x00, 0xA0, 0xA7,
    0x00, 0x00, 0x00, 0x0A, 0x00, 0x00, 0x00, 0x0A, 0x00, 0x00, 0x00, 0x00, 0x00, 0x00, 0x00, 0x00,
    0xFA, 0xEF, 0x86, 0x9B, 0xDD, 0x6E, 0x88, 0x9B, 0xFF, 0x8E, 0x6E, 0x9E, 0xEE, 0x86, 0xBE, 0x0E,
    0xBE, 0xEE, 0xEB, 0x00, 0xEE, 0xEE, 0xEE, 0x00, 0x00, 0x00, 0x00, 0x00, 0x00, 0x00, 0x00, 0x00,
    0x93, 0x88, 0x66, 0x66, 0x91, 0x88, 0x66, 0xB8, 0x95, 0x8B, 0xE8, 0xEE, 0x99, 0xEE, 0x0E, 0x00,
    0x00, 0x00, 0x00, 0x00, 0x00, 0x00, 0x00, 0x00, 0x00, 0x00, 0x00, 0x00, 0x00, 0x00, 0x00, 0x00,
    0x00, 0x00, 0x00, 0x00, 0x00, 0x00, 0x00, 0x00, 0x00, 0x00, 0x00, 0x00, 0x00, 0x00, 0x00, 0x00,
    0x55, 0x00, 0x00, 0x00, 0x52, 0x55, 0x05, 0x00, 0x33, 0x33, 0x53, 0x55, 0x88, 0x55, 0x55, 0x22,
    0x00, 0x00, 0x00, 0x00, 0x00, 0x00, 0x00, 0x00, 0x00, 0x00, 0x00, 0x00, 0x00, 0x00, 0x00, 0x00,
    0x00, 0x00, 0x00, 0x00, 0x00, 0x00, 0x00, 0x00, 0x55, 0x05, 0x00, 0x00, 0x22, 0x55, 0x55, 0x55,
    0x00, 0x88, 0x58, 0x35, 0x00, 0x00, 0x80, 0x88, 0x00, 0x00, 0x00, 0x00, 0x00, 0x00, 0x00, 0x00,
    0x00, 0x00, 0x00, 0x00, 0x00, 0x00, 0x00, 0x00, 0x00, 0x00, 0x00, 0x00, 0x00, 0x00, 0x00, 0x00,
    0x23, 0x22, 0x22, 0x22, 0x38, 0x33, 0x33, 0x22, 0x80, 0x88, 0x88, 0x88, 0x00, 0x00, 0x00, 0x00,
    0x00, 0x00, 0x00, 0x00, 0x00, 0x00, 0x00, 0x00, 0x00, 0x00, 0x00, 0x00, 0x00, 0x00, 0x00, 0x00,
    0x80, 0x35, 0x33, 0x52, 0x00, 0x88, 0x35, 0x23, 0x00, 0x00, 0x88, 0x38, 0x00, 0x00, 0x80, 0x88,
    0x00, 0x00, 0x00, 0x00, 0x00, 0x00, 0x00, 0x00, 0x00, 0x00, 0x00, 0x00, 0x00, 0x00, 0x00, 0x00,
    0x05, 0x00, 0x00, 0x00, 0x55, 0x05, 0x00, 0x00, 0x33, 0x53, 0x55, 0x55, 0x38, 0x23, 0x22, 0x22,
    0x88, 0x88, 0x33, 0x23, 0x00, 0x80, 0x88, 0x88, 0x00, 0x00, 0x00, 0x00, 0x00, 0x00, 0x00, 0x00,
    0x55, 0x55, 0x05, 0x00, 0x22, 0x22, 0x52, 0x55, 0x28, 0x22, 0x22, 0x11, 0x80, 0x88, 0x88, 0x22,
    0x00, 0x00, 0x00, 0x88, 0x00, 0x00, 0x00, 0x00, 0x00, 0x00, 0x00, 0x00, 0x00, 0x00, 0x00, 0x00,
    0x00, 0x00, 0x00, 0x00, 0x55, 0x05, 0x00, 0x00, 0x11, 0x51, 0x55, 0x55, 0x22, 0x12, 0x11, 0x21,
    0x88, 0x22, 0x22, 0x22, 0x00, 0x88, 0x88, 0x88, 0x00, 0x00, 0x00, 0x00, 0x00, 0x00, 0x00, 0x00,
    0x00, 0x00, 0xE0, 0xEE, 0x00, 0x00, 0x00, 0xE0, 0x00, 0x00, 0x00, 0x8E, 0x00, 0x00, 0xE0, 0x88,
    0x00, 0x00, 0x8E, 0xB8, 0x00, 0xE0, 0xB8, 0xBB, 0x00, 0xE0, 0xBB, 0xEE, 0x00, 0xE0, 0xEE, 0x00,
    0x88, 0xB8, 0xBB, 0x0E, 0x88, 0xBB, 0xBB, 0x0E, 0x88, 0xBB, 0xBB, 0x0E, 0xBB, 0xBB, 0xEE, 0x00,
    0xBB, 0xEE, 0x00, 0x00, 0xEB, 0x00, 0x00, 0x00, 0x0E, 0x00, 0x00, 0x00, 0x00, 0x00, 0x00, 0x00,
    0x00, 0x00, 0x00, 0x00, 0x99, 0x00, 0x00, 0x00, 0x93, 0x09, 0x00, 0x00, 0x09, 0x00, 0x00, 0x00,
    0x00, 0x00, 0x00, 0x00, 0x09, 0x00, 0x00, 0x00, 0x09, 0x00, 0x00, 0x00, 0x93, 0x00, 0x00, 0x00,
    0x99, 0x00, 0x00, 0x00, 0x0E, 0x00, 0x00, 0x00, 0xEB, 0x00, 0x00, 0x00, 0xEB, 0x00, 0x00, 0x00,
    0xB8, 0x0E, 0x00, 0x00, 0xB8, 0x0E, 0x00, 0x00, 0x88, 0xEB, 0x00, 0x00, 0x86, 0xEB, 0x00, 0x00,
    0x00, 0x00, 0x00, 0xE0, 0x00, 0x00, 0x00, 0x8E, 0x00, 0x00, 0x00, 0x8E, 0x00, 0x00, 0xE0, 0xBB,
    0x00, 0x00, 0xE0, 0xBB, 0x00, 0x00, 0xE0, 0xBB, 0x00, 0x00, 0xE0, 0xBB, 0x00, 0x00, 0x8E, 0xBB,
    0x00, 0x00, 0x8E, 0xBB, 0x00, 0x00, 0x8E, 0xB8, 0x00, 0x00, 0x8E, 0xB8, 0x00, 0x00, 0x8E, 0xB8,
    0x00, 0x00, 0xE0, 0xB8, 0x00, 0x00, 0xE0, 0x88, 0x00, 0x00, 0xE0, 0x88, 0x00, 0x00, 0xE0, 0x88,
    0x0E, 0x00, 0x00, 0x00, 0xEB, 0x00, 0xEE, 0x0E, 0xEB, 0x00, 0x8E, 0xEB, 0xB8, 0xEE, 0x88, 0xEB,
    0xB8, 0xEB, 0xB8, 0xEB, 0x88, 0xE8, 0xB8, 0x0E, 0xE8, 0x8E, 0xB8, 0x0E, 0xBE, 0xBB, 0xBB, 0x0E,
    0xBB, 0xBB, 0xEB, 0x00, 0xBE, 0xBB, 0x0E, 0x00, 0xE0, 0xBB, 0x0E, 0x00, 0x00, 0xEE, 0x00, 0x00,
    0x00, 0x00, 0x00, 0x00, 0x00, 0x00, 0x00, 0x00, 0x00, 0x00, 0x00, 0x00, 0x00, 0x00, 0x00, 0x00,
    0x00, 0x00, 0x00, 0x00, 0x00, 0x00, 0x00, 0x00, 0x00, 0x00, 0x00, 0x00, 0x00, 0x00, 0x00, 0x00,
    0x00, 0x00, 0x00, 0x00, 0x00, 0x00, 0x00, 0x00, 0x58, 0x55, 0x00, 0x00, 0x38, 0x23, 0x55, 0x05,
    0x00, 0x00, 0x00, 0x00, 0x00, 0x00, 0x00, 0x00, 0x00, 0x00, 0x00, 0x00, 0x55, 0x55, 0x55, 0x05,
    0x12, 0x11, 0x22, 0x55, 0x88, 0x22, 0x22, 0x32, 0x80, 0x88, 0x88, 0x33, 0x00, 0x00, 0x00, 0x88,
    0x00, 0x00, 0x00, 0x00, 0x00, 0x00, 0x00, 0x00, 0x55, 0x00, 0x00, 0x00, 0x52, 0x55, 0x55, 0x05,
    0x22, 0x22, 0x22, 0x52, 0x28, 0x22, 0x22, 0x22, 0x80, 0x88, 0x88, 0x33, 0x00, 0x00, 0x00, 0x85,
    0x00, 0x00, 0xE0, 0x88, 0x00, 0x00, 0x00, 0x8E, 0x00, 0x00, 0x00, 0x8E, 0x00, 0x00, 0x00, 0xEE,
    0x00, 0x00, 0x00, 0x00, 0x00, 0x00, 0x00, 0x00, 0x00, 0x00, 0x00, 0x00, 0x00, 0x00, 0x00, 0x00,
};
static const u16 sFrame31[] = {
    0x000E, 0x00B9, 0x81EF, 0x0000, 0x00D9, 0x81F7, 0x0010, 0x40C9, 0x81CF, 0x0020, 0x00C1, 0x41A7,
    0x0028, 0x40C1, 0x018F, 0x002C, 0x40C9, 0x01B7, 0x002E, 0x40F9, 0x01F7, 0x0030, 0x80C9, 0x000F,
    0x0032, 0x80E1, 0x01EF, 0x0034, 0x80E1, 0x0017, 0x0036, 0x00B9, 0x018F, 0x0038, 0x00C1, 0x019F,
    0x0039, 0x00C9, 0x01C7, 0x003A, 0x00F1, 0x01EF, 0x003B, 0x0000,
};
static const void* const sFrames31[] = { sFrame31 };
static const u8 sTiles32[2016] __attribute__((aligned(4))) = {
    0x00, 0x00, 0x00, 0x00, 0x00, 0x00, 0x00, 0x90, 0x00, 0x00, 0x00, 0x29, 0x00, 0x00, 0x00, 0x19,
    0x00, 0x00, 0x90, 0x23, 0x00, 0x00, 0x90, 0x11, 0x00, 0x00, 0x90, 0x32, 0x00, 0x00, 0x00, 0x99,
    0x90, 0x99, 0x09, 0x00, 0x29, 0x32, 0x92, 0x09, 0x91, 0x39, 0x22, 0x92, 0x23, 0x92, 0x13, 0x21,
    0x19, 0x21, 0x39, 0x11, 0x92, 0x21, 0x92, 0x31, 0x33, 0x99, 0x29, 0x32, 0x99, 0x32, 0x12, 0x32,
    0x00, 0x00, 0x00, 0x00, 0x00, 0x00, 0x00, 0x00, 0x09, 0x00, 0x00, 0x00, 0x92, 0x00, 0x00, 0x00,
    0x22, 0x09, 0xE0, 0x05, 0x29, 0x92, 0x2E, 0xE1, 0x93, 0x22, 0x39, 0x11, 0x33, 0x29, 0x99, 0x12,
    0x00, 0x00, 0x00, 0x00, 0x00, 0x00, 0x00, 0x00, 0x00, 0x00, 0x00, 0x00, 0x00, 0x00, 0x00, 0x00,
    0x00, 0x00, 0x00, 0x00, 0x55, 0xEE, 0xEE, 0xEE, 0xE2, 0xBB, 0x88, 0x88, 0x21, 0xBE, 0x88, 0x66,
    0x00, 0x00, 0x00, 0x70, 0x00, 0x00, 0x00, 0x70, 0x00, 0x00, 0x00, 0xE0, 0x00, 0x00, 0x00, 0x3E,
    0x00, 0x00, 0xE0, 0x52, 0x00, 0x00, 0xE0, 0xE3, 0x00, 0x00, 0x00, 0xEE, 0x00, 0x00, 0x00, 0xE0,
    0x92, 0x32, 0x13, 0x22, 0x72, 0x39, 0x23, 0x31, 0xEE, 0x9E, 0x33, 0x22, 0x5E, 0x53, 0x39, 0x23,
    0x3E, 0x32, 0x9E, 0x33, 0x12, 0x22, 0xE3, 0x39, 0x23, 0x31, 0x32, 0x9B, 0x33, 0x52, 0x52, 0xBB,
    0x39, 0x19, 0x33, 0x29, 0x93, 0x13, 0x32, 0x93, 0x92, 0x33, 0x39, 0x32, 0x32, 0x22, 0x33, 0x22,
    0x32, 0x23, 0x32, 0x33, 0x23, 0x33, 0x22, 0x21, 0x33, 0x31, 0x32, 0x22, 0x99, 0x13, 0x93, 0x39,
    0x11, 0xE3, 0xBB, 0xB8, 0x23, 0x51, 0xEE, 0xEE, 0xE9, 0x35, 0x0E, 0x00, 0x93, 0x21, 0x0E, 0x00,
    0x32, 0xE9, 0x0E, 0x00, 0x23, 0x93, 0x09, 0x00, 0x93, 0x32, 0x93, 0x00, 0x31, 0x29, 0x21, 0x99,
    0x00, 0x00, 0x00, 0x00, 0x00, 0x00, 0x00, 0x00, 0x00, 0x00, 0x00, 0xE0, 0x00, 0x00, 0x00, 0xE0,
    0x00, 0x00, 0x00, 0xE0, 0x00, 0x00, 0x00, 0xE0, 0x00, 0x00, 0x00, 0xE0, 0x00, 0x00, 0x00, 0xE0,
    0x5E, 0x13, 0xE2, 0xBE, 0xEE, 0x25, 0xE2, 0xE3, 0x5B, 0xEE, 0x2E, 0x52, 0xE8, 0x25, 0x32, 0xEE,
    0x86, 0xEE, 0xEE, 0x00, 0x66, 0xB8, 0x0E, 0x00, 0x68, 0x86, 0x0E, 0x00, 0x8B, 0x88, 0x0E, 0x00,
    0xBB, 0x39, 0x22, 0x93, 0xBB, 0x9B, 0x23, 0x93, 0x88, 0xBB, 0x39, 0x31, 0x8E, 0xB8, 0x39, 0x22,
    0xE0, 0x8E, 0x9B, 0x99, 0x00, 0xE0, 0x9B, 0xB9, 0x00, 0x00, 0xBE, 0xBB, 0x00, 0x00, 0xE0, 0xBE,
    0x21, 0x23, 0x21, 0x33, 0x22, 0x39, 0x22, 0x33, 0x13, 0x92, 0x23, 0x92, 0x33, 0x22, 0x93, 0x23,
    0x32, 0x39, 0x22, 0x99, 0x39, 0x99, 0x99, 0xB9, 0x9B, 0x99, 0x88, 0x99, 0xB8, 0x9B, 0x88, 0xB8,
    0x00, 0x00, 0x00, 0xBE, 0x00, 0x00, 0x00, 0xBE, 0x00, 0x00, 0x00, 0x8E, 0x00, 0x00, 0x00, 0x8E,
    0x00, 0x00, 0x00, 0x6E, 0x00, 0x00, 0x00, 0x8E, 0x00, 0x00, 0xE0, 0x8B, 0x00, 0x00, 0x90, 0x99,
    0xBB, 0xB8, 0x0E, 0x00, 0x68, 0xB6, 0x0E, 0x00, 0x66, 0xE8, 0x00, 0x00, 0x66, 0xE8, 0x00, 0x00,
    0x86, 0xEB, 0x00, 0x00, 0x86, 0x0E, 0x00, 0x00, 0x86, 0x0E, 0x00, 0xE0, 0x99, 0x09, 0x00, 0xBE,
    0x00, 0x00, 0xE0, 0xBB, 0x00, 0x00, 0xBE, 0xB8, 0x00, 0xE0, 0xBB, 0xB8, 0x00, 0xBE, 0xBB, 0xB8,
    0xE0, 0xBB, 0x8B, 0x8B, 0xBE, 0xB8, 0x8B, 0x8B, 0xBB, 0xB8, 0x88, 0x8B, 0x8B, 0xB8, 0x88, 0x8B,
    0xB8, 0xBB, 0x88, 0x88, 0x88, 0xBB, 0x88, 0x88, 0x88, 0xBB, 0x8B, 0x88, 0x86, 0xB8, 0x8B, 0x68,
    0x66, 0xB8, 0x8B, 0x88, 0x66, 0xB8, 0xBB, 0x88, 0x66, 0x88, 0xBB, 0x88, 0x66, 0x88, 0xBB, 0x8B,
    0xBB, 0xBB, 0x68, 0x66, 0xB8, 0xBB, 0x88, 0x68, 0x88, 0xB8, 0x8B, 0x88, 0x88, 0x88, 0xBB, 0x88,
    0x66, 0x88, 0xB8, 0xBB, 0x66, 0x66, 0x88, 0xB8, 0x68, 0x66, 0x86, 0x88, 0x88, 0x66, 0x66, 0x86,
    0x88, 0xB8, 0xEB, 0x0E, 0x66, 0x88, 0xB8, 0xEB, 0x66, 0x66, 0x88, 0xBB, 0x68, 0x66, 0x86, 0x88,
    0x88, 0x66, 0x66, 0x88, 0x8B, 0x88, 0x66, 0x66, 0xB8, 0x88, 0x68, 0x66, 0x88, 0x8B, 0x88, 0x66,
    0x00, 0x00, 0x00, 0x00, 0x0E, 0x00, 0x00, 0x00, 0xEB, 0x0E, 0x00, 0x00, 0xBB, 0xEB, 0x0E, 0x00,
    0x88, 0xBB, 0xEB, 0x00, 0x88, 0x88, 0xBB, 0x0E, 0x86, 0x88, 0xB8, 0xEB, 0x66, 0x88, 0x88, 0xB8,
    0x00, 0x00, 0x00, 0x00, 0x00, 0x00, 0x00, 0x00, 0x00, 0x00, 0x00, 0x00, 0x00, 0x00, 0x00, 0x00,
    0x00, 0x00, 0x00, 0x00, 0x00, 0x00, 0x00, 0x00, 0x0E, 0x00, 0x00, 0x00, 0xEB, 0x00, 0x00, 0x00,
    0x88, 0x66, 0x66, 0x66, 0x88, 0x68, 0x66, 0x66, 0x88, 0x68, 0x66, 0x86, 0x88, 0x88, 0x66, 0x86,
    0x8B, 0x88, 0x68, 0x86, 0x8B, 0x88, 0x68, 0x66, 0xBB, 0x88, 0x66, 0x66, 0xBB, 0x88, 0x88, 0x66,
    0x86, 0x88, 0x88, 0x88, 0x66, 0x66, 0x66, 0x86, 0x68, 0x66, 0x66, 0x88, 0x88, 0x66, 0x66, 0x88,
    0x8B, 0x66, 0x66, 0x88, 0xB8, 0x68, 0x66, 0x86, 0xB8, 0x88, 0x66, 0x86, 0x86, 0x8B, 0x68, 0x66,
    0x68, 0x66, 0x88, 0x88, 0x88, 0x68, 0x86, 0x88, 0x88, 0x88, 0x66, 0x86, 0x8B, 0x88, 0x68, 0x66,
    0xB8, 0x8B, 0x88, 0x66, 0xB8, 0xBB, 0x88, 0x68, 0x88, 0xBB, 0x8B, 0x88, 0x88, 0xBB, 0xBB, 0x88,
    0xBB, 0x0E, 0x00, 0x00, 0x88, 0xEB, 0x00, 0x00, 0x88, 0xB8, 0x0E, 0x00, 0x86, 0xE8, 0x00, 0x00,
    0x86, 0xEE, 0x00, 0x00, 0x86, 0xBE, 0x0E, 0x00, 0xE8, 0xBB, 0xEB, 0x00, 0x8E, 0x88, 0xBB, 0xEE,
    0x00, 0x00, 0x00, 0x00, 0x00, 0x00, 0x00, 0x00, 0x00, 0x00, 0x00, 0x00, 0x00, 0x00, 0x00, 0x00,
    0x00, 0x00, 0x00, 0x00, 0x00, 0x00, 0x00, 0x00, 0x00, 0x00, 0x00, 0x50, 0x50, 0x55, 0x55, 0x55,
    0x00, 0x00, 0x00, 0x00, 0x00, 0x00, 0x00, 0x00, 0x00, 0x00, 0x00, 0x00, 0x00, 0x00, 0x00, 0x00,
    0x00, 0x00, 0x00, 0x00, 0x00, 0x00, 0x50, 0x55, 0x55, 0x55, 0x55, 0x22, 0x22, 0x22, 0x22, 0x33,
    0x00, 0x00, 0x00, 0x00, 0x00, 0x00, 0x00, 0x70, 0x00, 0x00, 0x00, 0x7A, 0x00, 0x00, 0x00, 0x1A,
    0x00, 0x00, 0x55, 0xAA, 0x55, 0x55, 0x22, 0xA5, 0x22, 0x22, 0x33, 0xA5, 0x33, 0x83, 0x88, 0xA8,
    0x00, 0x00, 0x90, 0x35, 0x07, 0x00, 0x9E, 0x99, 0x07, 0x00, 0x6E, 0x8B, 0xAA, 0xE0, 0xB6, 0xBB,
    0xA1, 0xEF, 0xE8, 0xB6, 0xA1, 0xED, 0x8E, 0xB6, 0xA7, 0xFA, 0xBE, 0xE6, 0xAA, 0x0A, 0xEE, 0xE8,
    0x55, 0x25, 0x22, 0x22, 0x22, 0x22, 0x22, 0x83, 0x22, 0x88, 0x88, 0x08, 0x88, 0x08, 0x00, 0x00,
    0x00, 0x00, 0x00, 0x00, 0x00, 0x00, 0x00, 0x00, 0x00, 0x00, 0x00, 0x00, 0x00, 0x00, 0x00, 0x00,
    0x33, 0x33, 0x33, 0x88, 0x88, 0x88, 0x88, 0x00, 0x00, 0x00, 0x00, 0x00, 0x00, 0x00, 0x00, 0x00,
    0x00, 0x00, 0x00, 0x00, 0x00, 0x00, 0x00, 0x00, 0x00, 0x00, 0x00, 0x00, 0x00, 0x00, 0x00, 0x00,
    0x88, 0x08, 0x00, 0xA0, 0x00, 0x00, 0x00, 0x00, 0x00, 0x00, 0x00, 0x00, 0x00, 0x00, 0x00, 0x00,
    0x00, 0x00, 0x00, 0x00, 0x00, 0x00, 0x00, 0x00, 0x00, 0x00, 0x00, 0x00, 0x00, 0x00, 0x00, 0x00,
    0xA7, 0x00, 0xE0, 0x0E, 0xAA, 0x00, 0x00, 0x00, 0xA0, 0x00, 0x00, 0x00, 0x00, 0x00, 0x00, 0x00,
    0x00, 0x00, 0x00, 0x00, 0x00, 0x00, 0x00, 0x00, 0x00, 0x00, 0x00, 0x00, 0x00, 0x00, 0x00, 0x00,
    0x00, 0x00, 0x00, 0x00, 0x00, 0x00, 0x00, 0x00, 0x00, 0x00, 0x00, 0x00, 0x00, 0x00, 0x00, 0x00,
    0x00, 0x00, 0x00, 0x00, 0x00, 0x00, 0x00, 0x00, 0x50, 0x55, 0x55, 0x55, 0x55, 0x22, 0x22, 0x22,
    0x00, 0x00, 0x00, 0x00, 0x00, 0x00, 0x00, 0x00, 0x00, 0x00, 0x00, 0x00, 0x00, 0x00, 0x00, 0x00,
    0x00, 0x00, 0x00, 0x00, 0x00, 0x00, 0x00, 0x00, 0x00, 0x00, 0x50, 0x55, 0x55, 0x55, 0x25, 0x22,
    0x00, 0x00, 0x00, 0x00, 0x00, 0x00, 0x00, 0x00, 0x00, 0x00, 0x00, 0x00, 0x00, 0x00, 0x00, 0x00,
    0x00, 0x00, 0x00, 0x00, 0x00, 0x50, 0x55, 0x55, 0x55, 0x15, 0x21, 0x22, 0x22, 0x21, 0x22, 0x22,
    0x00, 0x00, 0x00, 0x00, 0x00, 0x00, 0x00, 0x00, 0x00, 0x00, 0x00, 0x00, 0x00, 0x00, 0x00, 0x00,
    0x00, 0x00, 0x00, 0x50, 0x55, 0x55, 0x55, 0x25, 0x22, 0x22, 0x22, 0x33, 0x22, 0x55, 0x55, 0x88,
    0x88, 0x55, 0x33, 0x33, 0x80, 0x88, 0x88, 0x55, 0x00, 0x00, 0x00, 0x88, 0x00, 0x00, 0x00, 0x00,
    0x00, 0x00, 0x00, 0x00, 0x00, 0x00, 0x00, 0x00, 0x00, 0x00, 0x00, 0x00, 0x00, 0x00, 0x00, 0x00,
    0x33, 0x33, 0x22, 0x22, 0x55, 0x33, 0x83, 0x88, 0x88, 0x88, 0x08, 0x00, 0x00, 0x00, 0x00, 0x00,
    0x00, 0x00, 0x00, 0x00, 0x00, 0x00, 0x00, 0x00, 0x00, 0x00, 0x00, 0x00, 0x00, 0x00, 0x00, 0x00,
    0x22, 0x82, 0x88, 0x88, 0x88, 0x88, 0x00, 0x00, 0x00, 0x00, 0x00, 0x00, 0x00, 0x00, 0x00, 0x00,
    0x00, 0x00, 0x00, 0x00, 0x00, 0x00, 0x00, 0x00, 0x00, 0x00, 0x00, 0x00, 0x00, 0x00, 0x00, 0x00,
    0x88, 0x88, 0x88, 0x00, 0x00, 0x00, 0x00, 0x00, 0x00, 0x00, 0x00, 0x00, 0x00, 0x00, 0x00, 0x00,
    0x00, 0x00, 0x00, 0x00, 0x00, 0x00, 0x00, 0x00, 0x00, 0x00, 0x00, 0x00, 0x00, 0x00, 0x00, 0x00,
    0x00, 0x00, 0x00, 0x00, 0x00, 0x00, 0x00, 0x00, 0x00, 0x00, 0x00, 0x00, 0x00, 0x00, 0x00, 0x00,
    0x00, 0xEE, 0xEE, 0x99, 0xEE, 0x8B, 0x88, 0x39, 0x66, 0x66, 0x86, 0x19, 0x66, 0x66, 0xB8, 0x59,
    0x00, 0x00, 0x00, 0x00, 0x00, 0x00, 0x00, 0x00, 0x00, 0x00, 0x00, 0x00, 0x00, 0x00, 0x00, 0x00,
    0xE9, 0xEE, 0xEE, 0x00, 0xB9, 0x88, 0x66, 0xEE, 0x89, 0x68, 0x8B, 0x68, 0xB9, 0x68, 0xBE, 0x8B,
    0xEE, 0xEE, 0xEE, 0x99, 0x00, 0x00, 0x00, 0x00, 0x00, 0x00, 0x00, 0x00, 0x00, 0x00, 0x00, 0x00,
    0x00, 0x00, 0x00, 0x00, 0x00, 0x00, 0x00, 0x00, 0x00, 0x00, 0x00, 0x00, 0x00, 0x00, 0x00, 0x00,
    0xE0, 0xE6, 0xE0, 0xE6, 0x00, 0xEE, 0x00, 0xEE, 0x00, 0x00, 0x00, 0x00, 0x00, 0x00, 0x00, 0x00,
    0x00, 0x00, 0x00, 0x00, 0x00, 0x00, 0x00, 0x00, 0x00, 0x00, 0x00, 0x00, 0x00, 0x00, 0x00, 0x00,
    0x51, 0x09, 0xEF, 0xBB, 0x99, 0xF9, 0xBE, 0xBB, 0x88, 0xEE, 0xBB, 0x8B, 0xB6, 0xEE, 0xBB, 0x8B,
    0xE6, 0xEF, 0xBB, 0xB8, 0xE8, 0xE0, 0x8B, 0xBB, 0x0E, 0xBE, 0xBB, 0xBB, 0x00, 0xBE, 0xBB, 0x8B,
    0x8B, 0x88, 0xB8, 0x8B, 0x88, 0x88, 0x88, 0x88, 0x88, 0x88, 0x8B, 0x66, 0x8B, 0x88, 0xBB, 0x68,
    0x8B, 0xB8, 0xBB, 0x88, 0x88, 0xB8, 0xBB, 0x88, 0x88, 0xB8, 0xBB, 0x68, 0x88, 0xB8, 0xBB, 0x68,
    0xE0, 0xBB, 0xBB, 0x88, 0xE0, 0xBB, 0xBB, 0x88, 0x00, 0xEE, 0x8B, 0x88, 0x00, 0x00, 0xEE, 0xEE,
    0x00, 0x00, 0x00, 0x00, 0x00, 0x00, 0x00, 0x00, 0x00, 0x00, 0x00, 0x00, 0x00, 0x00, 0x00, 0x00,
    0x88, 0xBB, 0xBB, 0x68, 0x88, 0xBB, 0x8B, 0x68, 0x88, 0xBB, 0x8B, 0x68, 0xEE, 0xBB, 0x8B, 0x66,
    0x00, 0xEE, 0xEE, 0xEE, 0x00, 0x00, 0xE0, 0x8E, 0x00, 0x00, 0x8E, 0x88, 0x00, 0xEE, 0x88, 0x88,
    0x86, 0xBB, 0xBB, 0xBB, 0x86, 0xBB, 0xBB, 0xBB, 0x66, 0xB8, 0xBB, 0xBB, 0x66, 0xB8, 0xBB, 0xBB,
    0x66, 0xB8, 0xBB, 0xBB, 0xEE, 0xEE, 0xBE, 0xBB, 0xB8, 0xBB, 0xEB, 0xEE, 0x88, 0xEB, 0x0E, 0x00,
    0xBB, 0x8B, 0x88, 0x66, 0xBB, 0x8B, 0x88, 0x68, 0xBB, 0xBB, 0x88, 0x68, 0xBB, 0xBB, 0x88, 0x68,
    0xBB, 0xBB, 0x8B, 0x88, 0xBB, 0xBB, 0x8B, 0x88, 0xBE, 0xBB, 0xBB, 0xE8, 0xE0, 0xEE, 0xEE, 0x0E,
    0x86, 0x8B, 0x88, 0x66, 0x66, 0xB8, 0x88, 0x66, 0x66, 0xB8, 0x8B, 0x68, 0x66, 0x88, 0xBB, 0x88,
    0x66, 0x86, 0xBB, 0xEE, 0x66, 0x86, 0xEE, 0x00, 0xEE, 0xEE, 0x00, 0x00, 0x00, 0x00, 0x00, 0x00,
    0x86, 0xB8, 0xBB, 0xEE, 0x66, 0xB8, 0xEE, 0x00, 0x66, 0xEE, 0x00, 0x00, 0xEE, 0x00, 0x00, 0x00,
    0x00, 0x00, 0x00, 0x00, 0x00, 0x00, 0x00, 0x00, 0x00, 0x00, 0x00, 0x00, 0x00, 0x00, 0x00, 0x00,
    0x09, 0x00, 0x00, 0x00, 0x93, 0x00, 0x00, 0x00, 0x99, 0x09, 0x00, 0x00, 0xB9, 0xEB, 0x0E, 0x00,
    0x99, 0xBB, 0xEB, 0x0E, 0x9B, 0x89, 0xBB, 0xEB, 0xBB, 0x88, 0x88, 0x8B, 0xBB, 0x8B, 0x66, 0x88,
    0x00, 0x00, 0x00, 0x00, 0x00, 0x00, 0x00, 0x00, 0x00, 0x00, 0x00, 0x00, 0x00, 0x00, 0x00, 0x00,
    0x00, 0x00, 0x00, 0x00, 0x0E, 0x00, 0x00, 0x00, 0xEB, 0x0E, 0x00, 0x00, 0x88, 0xEB, 0x0E, 0x00,
    0x00, 0x00, 0x00, 0x00, 0x00, 0x00, 0x00, 0x00, 0x00, 0x00, 0x00, 0x00, 0x00, 0x50, 0x55, 0x55,
    0x55, 0x25, 0x22, 0x22, 0x22, 0x32, 0x33, 0x33, 0x33, 0x83, 0x88, 0x88, 0x88, 0x88, 0x00, 0x00,
    0x00, 0x00, 0x00, 0x00, 0x00, 0x00, 0x00, 0x00, 0x55, 0x55, 0x55, 0x55, 0x25, 0x22, 0x22, 0x22,
    0x33, 0x23, 0x22, 0x22, 0x88, 0x88, 0x88, 0x88, 0x00, 0x00, 0x00, 0x00, 0x00, 0x00, 0x00, 0x00,
    0xBE, 0x88, 0xB8, 0xBB, 0xE0, 0xBE, 0xB8, 0x8B, 0x00, 0xE0, 0x88, 0x8B, 0x00, 0xE0, 0x8B, 0x88,
    0x00, 0x00, 0x8E, 0xB8, 0x00, 0x00, 0xEE, 0xBB, 0x00, 0x00, 0x00, 0xEE, 0x00, 0x00, 0x00, 0x00,
    0x0E, 0x00, 0x00, 0x00, 0xE8, 0x00, 0x00, 0x00, 0xE8, 0x00, 0x00, 0x00, 0xBB, 0x0E, 0x00, 0x00,
    0xEB, 0x0E, 0x00, 0x00, 0x0E, 0x00, 0x00, 0x00, 0x00, 0x00, 0x00, 0x00, 0x00, 0x00, 0x00, 0x00,
    0x00, 0xBE, 0xBB, 0xBB, 0x00, 0xEE, 0xEE, 0xEE, 0x00, 0x00, 0x00, 0x00, 0x00, 0x00, 0x00, 0x00,
    0x00, 0x00, 0x00, 0x00, 0x00, 0x00, 0x00, 0x00, 0x00, 0x00, 0x00, 0x00, 0x00, 0x00, 0x00, 0x00,
    0xEB, 0x0E, 0x00, 0x00, 0x0E, 0x00, 0x00, 0x00, 0x00, 0x00, 0x00, 0x00, 0x00, 0x00, 0x00, 0x00,
    0x00, 0x00, 0x00, 0x00, 0x00, 0x00, 0x00, 0x00, 0x00, 0x00, 0x00, 0x00, 0x00, 0x00, 0x00, 0x00,
    0x00, 0x00, 0x00, 0x00, 0x00, 0x00, 0x00, 0x00, 0x00, 0x00, 0x00, 0x00, 0x00, 0x00, 0x00, 0x00,
    0x00, 0x00, 0x00, 0x00, 0x00, 0x00, 0x00, 0x00, 0x0E, 0x00, 0x00, 0x00, 0x0E, 0x00, 0x00, 0x00,
    0x66, 0x88, 0xBB, 0x8B, 0x66, 0x88, 0xBB, 0xBB, 0x66, 0xB8, 0xBB, 0xBB, 0x66, 0xB8, 0xBB, 0xBB,
    0x66, 0xB8, 0xBB, 0xBB, 0x66, 0xB8, 0xBB, 0xBB, 0x86, 0xBB, 0xBB, 0xBB, 0x86, 0xBB, 0xBB, 0xBB,
    0x00, 0x00, 0x55, 0x55, 0x55, 0x55, 0x15, 0x21, 0x11, 0x11, 0x22, 0x22, 0x22, 0x22, 0x82, 0x88,
    0x88, 0x88, 0x08, 0x00, 0x00, 0x00, 0x00, 0x00, 0x00, 0x00, 0x00, 0x00, 0x00, 0x00, 0x00, 0x00,
};
static const u16 sFrame32[] = {
    0x000E, 0x00CD, 0x81E3, 0x0000, 0x40E5, 0x8003, 0x0010, 0x40ED, 0x81CB, 0x0018, 0x40F5, 0x8193,
    0x0020, 0x00CD, 0x4003, 0x0028, 0x00ED, 0x41EB, 0x002C, 0x40F5, 0x41FB, 0x0030, 0x40DD, 0x0003,
    0x0034, 0x40F5, 0x01B3, 0x0036, 0x40F5, 0x001B, 0x0038, 0x40FD, 0x01F3, 0x003A, 0x00CD, 0x0013,
    0x003C, 0x00ED, 0x01FB, 0x003D, 0x00F5, 0x01C3, 0x003E, 0x0000,
};
static const void* const sFrames32[] = { sFrame32 };
static const u8 sTiles33[1984] __attribute__((aligned(4))) = {
    0x00, 0x00, 0x00, 0x00, 0x00, 0x00, 0x00, 0x00, 0x00, 0x00, 0x00, 0x90, 0x00, 0x00, 0x90, 0x29,
    0x00, 0x00, 0x29, 0x91, 0x00, 0x00, 0x19, 0x23, 0x00, 0x90, 0x23, 0x19, 0x00, 0x90, 0x11, 0x92,
    0x00, 0x00, 0x00, 0x00, 0x00, 0x00, 0x00, 0x00, 0x99, 0x09, 0x00, 0x00, 0x32, 0x92, 0x09, 0x00,
    0x39, 0x22, 0x92, 0x09, 0x92, 0x13, 0x21, 0x92, 0x21, 0x39, 0x11, 0x22, 0x21, 0x92, 0x31, 0x29,
    0x00, 0x00, 0x00, 0x00, 0x00, 0x00, 0x00, 0x00, 0x00, 0x00, 0x00, 0x00, 0x00, 0x00, 0x00, 0x00,
    0x00, 0x00, 0x00, 0x00, 0x00, 0x00, 0x00, 0x00, 0x09, 0xE0, 0x05, 0x00, 0x92, 0x2E, 0xE1, 0x55,
    0x00, 0x00, 0x00, 0x00, 0x00, 0x00, 0x00, 0x00, 0x00, 0x00, 0x00, 0x00, 0x00, 0x00, 0x00, 0x00,
    0x00, 0x00, 0xE0, 0xEE, 0x00, 0xEE, 0xBE, 0x68, 0xEE, 0x8B, 0xBB, 0x68, 0x8B, 0x66, 0x88, 0x88,
    0x00, 0x90, 0x32, 0x33, 0x00, 0x00, 0x99, 0x99, 0x00, 0x00, 0x70, 0x92, 0x00, 0x00, 0x70, 0x72,
    0x00, 0x00, 0xE0, 0xEE, 0x00, 0x00, 0x3E, 0x5E, 0x00, 0xE0, 0x52, 0x3E, 0x00, 0xE0, 0xE3, 0x12,
    0x99, 0x29, 0x32, 0x93, 0x32, 0x12, 0x32, 0x93, 0x32, 0x13, 0x22, 0x33, 0x39, 0x23, 0x22, 0x22,
    0x9E, 0x33, 0x12, 0x99, 0x53, 0x39, 0x23, 0x33, 0x32, 0x9E, 0x33, 0x22, 0x22, 0xE3, 0x99, 0x23,
    0x22, 0x39, 0x11, 0xE2, 0x22, 0x93, 0x12, 0x21, 0x29, 0x32, 0x29, 0x11, 0x23, 0x22, 0x93, 0x29,
    0x23, 0x11, 0x32, 0x93, 0x29, 0x33, 0x39, 0x22, 0x33, 0x22, 0x92, 0x22, 0x32, 0x23, 0x31, 0x22,
    0xBB, 0x86, 0xB8, 0xEE, 0xBE, 0xEB, 0xEE, 0x00, 0xE3, 0x0E, 0x00, 0x00, 0x51, 0x0E, 0x00, 0x00,
    0x39, 0x0E, 0x00, 0x00, 0x93, 0x09, 0x00, 0x00, 0x32, 0x93, 0x09, 0x00, 0x22, 0x33, 0x93, 0x00,
    0x00, 0x00, 0xEE, 0x23, 0x00, 0x00, 0xE0, 0x33, 0x00, 0x00, 0xBE, 0x5E, 0x00, 0x00, 0x8E, 0xEE,
    0x00, 0x00, 0x8E, 0xE8, 0x00, 0x00, 0xBE, 0xE6, 0x00, 0x00, 0xE0, 0x66, 0x00, 0x00, 0xE0, 0x66,
    0x31, 0x32, 0xBB, 0x39, 0x52, 0x52, 0xBB, 0x9B, 0x13, 0xE2, 0xEE, 0xBB, 0x25, 0xE2, 0x32, 0xBE,
    0xEE, 0x5E, 0x22, 0x85, 0x25, 0x32, 0xEE, 0x8E, 0xEE, 0xEE, 0x00, 0xE0, 0x86, 0x0E, 0x00, 0x00,
    0x32, 0x33, 0x22, 0x39, 0x03, 0x33, 0x29, 0x92, 0x39, 0x22, 0x93, 0x22, 0x9B, 0x23, 0x92, 0x13,
    0xBB, 0x39, 0x21, 0x33, 0xB8, 0x9B, 0x12, 0x22, 0x8E, 0xBB, 0x29, 0x39, 0xE0, 0xBB, 0x99, 0x9B,
    0x22, 0x22, 0x32, 0x99, 0x39, 0x12, 0x21, 0x32, 0x32, 0x99, 0x33, 0x22, 0x31, 0x33, 0x99, 0x33,
    0x23, 0x22, 0x93, 0x99, 0x33, 0x22, 0x32, 0xB9, 0x93, 0x39, 0x99, 0x99, 0x99, 0x93, 0x93, 0x9B,
    0x00, 0x00, 0xE0, 0x68, 0x00, 0x00, 0xE0, 0x88, 0x00, 0x00, 0xE0, 0xBB, 0x00, 0x00, 0xE0, 0x8B,
    0x05, 0x00, 0xE0, 0x68, 0x55, 0x00, 0xE0, 0x68, 0x52, 0xAA, 0xE7, 0x68, 0xA5, 0x1A, 0xE7, 0x6B,
    0xB8, 0x0E, 0x00, 0x00, 0xB8, 0x0E, 0x00, 0x00, 0xE8, 0x00, 0x00, 0x00, 0xE6, 0x00, 0x00, 0x00,
    0xE6, 0x00, 0x00, 0x00, 0xB6, 0x0E, 0x00, 0x00, 0x86, 0x0E, 0x00, 0x00, 0x88, 0x0E, 0x00, 0xE0,
    0x00, 0xBE, 0xBB, 0xBB, 0x00, 0xE0, 0xBE, 0xB8, 0x00, 0xE0, 0xBB, 0xB8, 0x00, 0xBE, 0xB8, 0x88,
    0xE0, 0xBB, 0xB8, 0x88, 0xE0, 0xBB, 0xBB, 0x88, 0xBE, 0x8B, 0x8B, 0x68, 0xB8, 0x8B, 0x8B, 0x66,
    0x9B, 0x89, 0x99, 0xBB, 0xBB, 0x88, 0xB8, 0xBB, 0xBB, 0x88, 0x88, 0xBB, 0xBB, 0x88, 0x88, 0xB8,
    0xBB, 0x8B, 0x88, 0x88, 0xB8, 0x8B, 0x68, 0x88, 0xB8, 0xBB, 0x88, 0x66, 0xB8, 0xBB, 0x88, 0x66,
    0xAA, 0xA1, 0xEA, 0x6B, 0x7A, 0xAA, 0x90, 0x99, 0xA7, 0xFA, 0x9F, 0x35, 0xAA, 0xDF, 0x9E, 0x99,
    0x00, 0xFF, 0x6E, 0x8B, 0x00, 0xE0, 0xB6, 0xBB, 0x00, 0xE0, 0xE8, 0xB6, 0x00, 0xE0, 0x8E, 0xB6,
    0x88, 0x0E, 0x00, 0xBE, 0x99, 0x09, 0xE0, 0x8B, 0x51, 0x09, 0xBE, 0x8B, 0x99, 0xEE, 0xBB, 0x88,
    0xE8, 0xBE, 0x8B, 0x88, 0xE6, 0xBB, 0x8B, 0x88, 0xE6, 0xBB, 0xB8, 0x8B, 0xE8, 0x8B, 0xBB, 0x88,
    0xB8, 0xB8, 0x8B, 0x66, 0xB8, 0xB8, 0x8B, 0x66, 0x8B, 0xB8, 0x88, 0x66, 0x8B, 0x88, 0x88, 0x66,
    0x88, 0x8B, 0x88, 0x66, 0x88, 0x8B, 0x68, 0x66, 0xB8, 0xBB, 0x8B, 0x66, 0xB8, 0xBB, 0x8B, 0x66,
    0x88, 0xBB, 0x8B, 0x68, 0x86, 0xBB, 0x8B, 0x88, 0x86, 0xBB, 0xBB, 0x88, 0x86, 0xBB, 0xBB, 0x88,
    0x86, 0xBB, 0xBB, 0x88, 0x88, 0xBB, 0xBB, 0x8B, 0x88, 0xBB, 0xBB, 0x8B, 0x88, 0xBB, 0xBB, 0xBB,
    0x00, 0x00, 0xBE, 0xE6, 0x00, 0x00, 0xEE, 0xE8, 0x00, 0x00, 0xE0, 0xEE, 0x00, 0x00, 0x00, 0xE0,
    0x00, 0x00, 0x00, 0x00, 0x00, 0x00, 0x00, 0x00, 0x00, 0x00, 0x00, 0x00, 0x00, 0x00, 0x00, 0x00,
    0xBE, 0xBB, 0xBB, 0x88, 0xBE, 0xBB, 0x8B, 0x88, 0xBB, 0xBB, 0x88, 0x88, 0xBE, 0x8B, 0x88, 0x88,
    0xE0, 0x8E, 0x88, 0xB8, 0x00, 0xE0, 0xEE, 0xEE, 0x00, 0x00, 0x00, 0x00, 0x00, 0x00, 0x00, 0x00,
    0xB8, 0xBB, 0x68, 0x86, 0xB8, 0xBB, 0x68, 0x86, 0xBB, 0xBB, 0x68, 0x66, 0xBB, 0x8B, 0x68, 0x66,
    0xBB, 0x8B, 0x68, 0x66, 0xBB, 0x88, 0x66, 0x66, 0xEE, 0xEE, 0xEE, 0x66, 0x00, 0xBE, 0xB8, 0xEE,
    0x88, 0xBB, 0xBB, 0xBB, 0x88, 0xBB, 0xBB, 0xBB, 0x88, 0xBB, 0xBB, 0xBB, 0x88, 0xB8, 0xBB, 0xBB,
    0x88, 0xB8, 0xBB, 0xBB, 0x88, 0xB8, 0xBB, 0xBB, 0x88, 0xB8, 0xBB, 0xBB, 0xEE, 0xEE, 0xEE, 0xBB,
    0x88, 0x88, 0xBB, 0x0E, 0xBB, 0x88, 0xB8, 0xEB, 0xBB, 0x8B, 0x86, 0xB8, 0xBB, 0xBB, 0x68, 0x86,
    0xBB, 0xBB, 0x8B, 0x68, 0x88, 0xBB, 0xBB, 0x88, 0x88, 0xB8, 0xBB, 0x8B, 0x66, 0x88, 0xB8, 0xBB,
    0x00, 0x00, 0x00, 0x00, 0x0E, 0x00, 0x00, 0x00, 0xEB, 0x0E, 0x00, 0x00, 0xB8, 0xEB, 0x00, 0x00,
    0x86, 0xBB, 0xEE, 0x00, 0x66, 0x88, 0xBB, 0x0E, 0x68, 0x66, 0x88, 0xEB, 0x88, 0x66, 0x86, 0x88,
    0x66, 0x86, 0x88, 0xBB, 0x66, 0x66, 0x86, 0xB8, 0x66, 0x66, 0x66, 0x86, 0x68, 0x66, 0x68, 0x66,
    0x68, 0x66, 0xB8, 0x68, 0x88, 0x66, 0x86, 0x8B, 0x88, 0x68, 0x86, 0xBB, 0x88, 0x68, 0x86, 0xB8,
    0x88, 0x88, 0x66, 0x88, 0x8B, 0x88, 0x68, 0x86, 0x88, 0x88, 0x88, 0x66, 0x66, 0x86, 0x88, 0x68,
    0x66, 0x66, 0x88, 0x88, 0x88, 0x66, 0x88, 0x8B, 0x66, 0x66, 0x88, 0xB8, 0x68, 0x66, 0x86, 0xB8,
    0x88, 0x68, 0x66, 0xB8, 0x88, 0x88, 0x66, 0x86, 0x8B, 0x88, 0x66, 0x86, 0x8B, 0x88, 0x68, 0x66,
    0xBB, 0x88, 0x68, 0x66, 0xBB, 0x8B, 0x68, 0x66, 0xBB, 0x8B, 0x88, 0x66, 0xBB, 0xBB, 0x88, 0x68,
    0x88, 0x66, 0x86, 0x88, 0x8B, 0x68, 0x66, 0x88, 0x8B, 0x88, 0x66, 0x86, 0xBB, 0x88, 0x66, 0x66,
    0xB8, 0x8B, 0x68, 0x66, 0xB8, 0xBB, 0x88, 0x66, 0x86, 0xBB, 0x88, 0xEE, 0x86, 0xE8, 0xEE, 0x00,
    0xEE, 0xEE, 0xEE, 0xEE, 0x00, 0x00, 0x00, 0x00, 0x00, 0x00, 0x00, 0x00, 0x00, 0x00, 0x00, 0x00,
    0x00, 0x00, 0x00, 0x00, 0x00, 0x00, 0x00, 0x00, 0x00, 0x00, 0x00, 0x00, 0x00, 0x00, 0x00, 0x00,
    0xEE, 0x0E, 0x00, 0x00, 0x00, 0x00, 0x00, 0x00, 0x00, 0x00, 0x00, 0x00, 0x00, 0x00, 0x00, 0x00,
    0x00, 0x00, 0x00, 0x00, 0x00, 0x00, 0x00, 0x00, 0x00, 0x00, 0x00, 0x00, 0x00, 0x00, 0x00, 0x00,
    0x28, 0x12, 0x05, 0x00, 0x80, 0x22, 0x51, 0x00, 0x00, 0x28, 0x22, 0x05, 0x00, 0x80, 0x22, 0x52,
    0x00, 0x80, 0x38, 0x52, 0x00, 0x00, 0x88, 0x23, 0x00, 0x00, 0x80, 0x33, 0x00, 0x00, 0x00, 0x38,
    0x00, 0x00, 0x00, 0x00, 0x00, 0x00, 0x00, 0x00, 0x00, 0x00, 0x00, 0x00, 0x00, 0x00, 0x00, 0x00,
    0x05, 0x00, 0x00, 0x00, 0x05, 0x00, 0x00, 0x00, 0x05, 0x00, 0x00, 0x00, 0x53, 0x00, 0x00, 0x00,
    0x00, 0x00, 0x00, 0x58, 0x00, 0x00, 0x00, 0x88, 0x00, 0x00, 0x00, 0x80, 0x00, 0x00, 0x00, 0x00,
    0x00, 0x00, 0x00, 0x00, 0x00, 0x00, 0x00, 0x00, 0x00, 0x00, 0x00, 0x00, 0x00, 0x00, 0x00, 0x00,
    0x53, 0x05, 0x00, 0x00, 0x35, 0x55, 0x00, 0x00, 0x55, 0x52, 0x00, 0x00, 0x88, 0x23, 0x05, 0x00,
    0x80, 0x23, 0x52, 0x00, 0x00, 0x38, 0x22, 0x05, 0x00, 0x80, 0x23, 0x55, 0x00, 0x80, 0x38, 0x52,
    0x00, 0x00, 0x00, 0x00, 0x00, 0x00, 0x00, 0x00, 0x00, 0x00, 0x00, 0x00, 0x00, 0x00, 0x00, 0x00,
    0x00, 0x00, 0x00, 0x00, 0x00, 0x00, 0x00, 0x00, 0x00, 0x00, 0x00, 0xE0, 0x00, 0x00, 0x00, 0xE0,
    0x00, 0x00, 0x00, 0x00, 0x00, 0x00, 0x00, 0x00, 0x00, 0x00, 0x00, 0x00, 0x00, 0x00, 0x00, 0x00,
    0x00, 0x00, 0x00, 0x00, 0xEE, 0x00, 0x00, 0x00, 0xE8, 0xE0, 0x0E, 0x00, 0xEB, 0x8E, 0x0E, 0x00,
    0x00, 0x00, 0x00, 0x8E, 0x00, 0x00, 0xE0, 0x8B, 0x00, 0x90, 0xB9, 0xB8, 0xEE, 0x39, 0x91, 0x88,
    0x8B, 0x98, 0x59, 0xE9, 0x66, 0x88, 0x9B, 0x09, 0x86, 0xEB, 0x0E, 0x00, 0xEB, 0x0E, 0x00, 0x00,
    0xEE, 0xE8, 0x00, 0x00, 0x86, 0xBE, 0x0E, 0x00, 0xB8, 0xEE, 0x0E, 0x00, 0xEB, 0x00, 0x00, 0x00,
    0x0E, 0x00, 0x00, 0x00, 0x00, 0x00, 0x00, 0x00, 0x00, 0x00, 0x00, 0x00, 0x00, 0x00, 0x00, 0x00,
    0x00, 0x00, 0x00, 0x00, 0x00, 0x00, 0x00, 0x00, 0x00, 0x00, 0x00, 0x00, 0x00, 0x00, 0x00, 0x00,
    0x00, 0x00, 0x00, 0x00, 0x00, 0x00, 0x00, 0x00, 0x0E, 0x00, 0x00, 0x00, 0xEB, 0x0E, 0x00, 0x00,
    0xB8, 0xEB, 0x00, 0x00, 0x88, 0xBB, 0x0E, 0x00, 0x88, 0xB8, 0x0E, 0x00, 0x86, 0x88, 0xEB, 0x00,
    0x66, 0x88, 0xB8, 0x0E, 0x68, 0x66, 0x88, 0xEB, 0x8B, 0x66, 0x88, 0xE8, 0xBB, 0x68, 0x86, 0xB8,
    0xBB, 0x8B, 0x66, 0xE8, 0xBB, 0xBB, 0x88, 0x0E, 0xB8, 0xBB, 0xEE, 0x0E, 0xB8, 0xEB, 0xBB, 0x0E,
    0x88, 0xBE, 0xBB, 0x0E, 0xE6, 0x88, 0xEB, 0x00, 0xBE, 0x88, 0xEB, 0x00, 0xE0, 0x88, 0xEB, 0x00,
    0xE0, 0xB8, 0x0E, 0x00, 0xE0, 0xB8, 0x0E, 0x00, 0x00, 0xEE, 0x00, 0x00, 0x00, 0x00, 0x00, 0x00,
    0x00, 0x00, 0x00, 0x00, 0x00, 0x00, 0x00, 0x00, 0x00, 0x00, 0x00, 0x00, 0x00, 0x00, 0x00, 0x00,
    0x00, 0x80, 0x53, 0x05, 0x00, 0x80, 0x35, 0x05, 0x00, 0x80, 0x35, 0x53, 0x00, 0x00, 0x38, 0x22,
    0x00, 0x00, 0x80, 0x23, 0x00, 0x00, 0x00, 0x38, 0x00, 0x00, 0x00, 0x88, 0x00, 0x00, 0x00, 0x80,
    0x00, 0x00, 0x00, 0x00, 0x00, 0x00, 0x00, 0x00, 0x00, 0x00, 0x00, 0x00, 0x05, 0x00, 0x00, 0x00,
    0x52, 0x00, 0x00, 0x00, 0x52, 0x05, 0x00, 0x00, 0x22, 0x55, 0x00, 0x00, 0x28, 0x51, 0x00, 0x00,
    0x00, 0x00, 0x88, 0x23, 0x00, 0x00, 0x80, 0x23, 0x00, 0x00, 0x00, 0x28, 0x00, 0x00, 0x00, 0x80,
    0x00, 0x00, 0x00, 0x00, 0x00, 0x00, 0x00, 0x00, 0x00, 0x00, 0x00, 0x00, 0x00, 0x00, 0x00, 0x00,
    0x05, 0x00, 0x00, 0x00, 0x52, 0x00, 0x00, 0x00, 0x22, 0x05, 0x00, 0x00, 0x22, 0x52, 0x00, 0x00,
    0x28, 0x52, 0x05, 0x00, 0x88, 0x22, 0x55, 0x00, 0x80, 0x28, 0x51, 0x00, 0x00, 0x28, 0x12, 0x05,
    0x00, 0x80, 0x22, 0x51, 0x00, 0x00, 0x28, 0x11, 0x00, 0x00, 0x80, 0x12, 0x00, 0x00, 0x80, 0x28,
    0x00, 0x00, 0x00, 0x88, 0x00, 0x00, 0x00, 0x80, 0x00, 0x00, 0x00, 0x00, 0x00, 0x00, 0x00, 0x00,
    0x00, 0x00, 0x00, 0x00, 0x05, 0x00, 0x00, 0x00, 0x51, 0x00, 0x00, 0x00, 0x51, 0x05, 0x00, 0x00,
    0x12, 0x05, 0x00, 0x00, 0x22, 0x51, 0x00, 0x00, 0x28, 0x22, 0x05, 0x00, 0x80, 0x22, 0x52, 0x00,
    0x00, 0x28, 0x22, 0x05, 0x00, 0x88, 0x22, 0x55, 0x00, 0x80, 0x28, 0x52, 0x00, 0x00, 0x38, 0x23,
    0x00, 0x00, 0x80, 0x33, 0x00, 0x00, 0x00, 0x38, 0x00, 0x00, 0x00, 0x80, 0x00, 0x00, 0x00, 0x00,
    0x00, 0x00, 0x00, 0x00, 0x00, 0x00, 0x00, 0x00, 0x05, 0x00, 0x00, 0x00, 0x05, 0x00, 0x00, 0x00,
    0x52, 0x00, 0x00, 0x00, 0x22, 0x05, 0x00, 0x00, 0x23, 0x52, 0x00, 0x00, 0x38, 0x52, 0x05, 0x00,
    0x00, 0x00, 0x00, 0x00, 0x00, 0x00, 0x00, 0x00, 0x00, 0x00, 0x00, 0x00, 0x00, 0x00, 0x00, 0x00,
    0x00, 0x00, 0x00, 0xE0, 0x00, 0x00, 0x00, 0x00, 0x00, 0x00, 0x00, 0x00, 0x00, 0x00, 0x00, 0x00,
    0x00, 0x8E, 0xB8, 0xEB, 0xE0, 0x88, 0xB8, 0x0E, 0x8E, 0x88, 0xBB, 0x0E, 0x8E, 0xB8, 0xEB, 0x00,
    0xBB, 0xBB, 0x0E, 0x00, 0xEE, 0xEE, 0x00, 0x00, 0x00, 0x00, 0x00, 0x00, 0x00, 0x00, 0x00, 0x00,
    0x0E, 0x00, 0x00, 0x00, 0x00, 0x00, 0x00, 0x00, 0x00, 0x00, 0x00, 0x00, 0x00, 0x00, 0x00, 0x00,
    0x00, 0x00, 0x00, 0x00, 0x00, 0x00, 0x00, 0x00, 0x00, 0x00, 0x00, 0x00, 0x00, 0x00, 0x00, 0x00,
    0x00, 0x00, 0x00, 0x00, 0x09, 0x00, 0x00, 0x00, 0x93, 0x09, 0x00, 0x00, 0x33, 0x93, 0x00, 0x00,
    0x99, 0x09, 0x00, 0x00, 0xEB, 0x00, 0x00, 0x00, 0xBB, 0xEE, 0x00, 0x00, 0xB9, 0xBB, 0xEE, 0x00,
    0x88, 0x23, 0x55, 0x00, 0x80, 0x33, 0x52, 0x00, 0x00, 0x38, 0x23, 0x05, 0x00, 0x80, 0x23, 0x52,
    0x00, 0x00, 0x38, 0x22, 0x00, 0x00, 0x80, 0x23, 0x00, 0x00, 0x80, 0x38, 0x00, 0x00, 0x00, 0x88,
    0x00, 0x00, 0x00, 0x80, 0x00, 0x00, 0x00, 0xA0, 0x00, 0x00, 0x00, 0x7A, 0x00, 0x00, 0x00, 0x7A,
    0x00, 0x00, 0x00, 0x00, 0x00, 0x00, 0x00, 0x00, 0x00, 0x00, 0x00, 0x00, 0x00, 0x00, 0x00, 0x00,
    0x88, 0x00, 0x00, 0x00, 0x58, 0x05, 0x00, 0x00, 0x88, 0x53, 0x00, 0x00, 0x50, 0x22, 0x05, 0x00,
    0x80, 0x53, 0x05, 0x00, 0x80, 0x35, 0x05, 0x00, 0x80, 0x35, 0x52, 0x00, 0x00, 0x38, 0x22, 0x00,
    0x00, 0x00, 0x00, 0x00, 0x00, 0x00, 0x00, 0x00, 0x00, 0x00, 0x00, 0x00, 0x00, 0x00, 0x00, 0x00,
    0x00, 0x00, 0x00, 0x00, 0x00, 0x00, 0x00, 0x00, 0x00, 0x00, 0x00, 0x00, 0x05, 0x00, 0x00, 0x00,
    0x00, 0x00, 0x00, 0x00, 0x00, 0x00, 0x00, 0x00, 0x00, 0x00, 0x00, 0x00, 0x00, 0x00, 0x00, 0x00,
    0x00, 0x00, 0x00, 0x00, 0x00, 0x00, 0x00, 0x00, 0x00, 0x00, 0x00, 0x00, 0x0E, 0x00, 0x00, 0x00,
    0x00, 0x00, 0x00, 0xEE, 0x00, 0x00, 0x00, 0x00, 0x00, 0x00, 0x00, 0x00, 0x00, 0x00, 0x00, 0x00,
    0x00, 0x00, 0x00, 0x00, 0x00, 0x00, 0x00, 0x00, 0x00, 0x00, 0x00, 0x00, 0x00, 0x00, 0x00, 0x00,
};
static const u16 sFrame33[] = {
    0x0011, 0x00CA, 0x81E2, 0x0000, 0x40EA, 0x81E2, 0x0010, 0x80E2, 0x8002, 0x0018, 0x00BA, 0x41BA,
    0x0020, 0x00C2, 0x4002, 0x0024, 0x80E2, 0x4012, 0x0028, 0x40B2, 0x01B2, 0x002C, 0x40CA, 0x01C2,
    0x002E, 0x40D2, 0x01CA, 0x0030, 0x40DA, 0x01D2, 0x0032, 0x40FA, 0x01EA, 0x0034, 0x80D2, 0x0002,
    0x0036, 0x80E2, 0x01DA, 0x0038, 0x00AA, 0x01B2, 0x003A, 0x00C2, 0x01CA, 0x003B, 0x00EA, 0x001A,
    0x003C, 0x00FA, 0x01FA, 0x003D, 0x0000,
};
static const void* const sFrames33[] = { sFrame33 };
static const u8 sTiles34[1632] __attribute__((aligned(4))) = {
    0x90, 0x99, 0x09, 0x00, 0x29, 0x32, 0x92, 0x09, 0x91, 0x39, 0x22, 0x92, 0x23, 0x92, 0x13, 0x21,
    0x19, 0x21, 0x39, 0x11, 0x92, 0x21, 0x92, 0x31, 0x33, 0x99, 0x29, 0x32, 0x99, 0x32, 0x12, 0x32,
    0x00, 0x00, 0x00, 0x00, 0x00, 0x00, 0x00, 0x00, 0x09, 0x00, 0x00, 0x00, 0x92, 0x00, 0x00, 0x00,
    0x22, 0x09, 0x00, 0x00, 0x29, 0x92, 0x00, 0x00, 0x93, 0x32, 0x09, 0x00, 0x93, 0x22, 0x93, 0x5E,
    0x00, 0x00, 0x00, 0x00, 0x00, 0x00, 0x00, 0x00, 0x00, 0x00, 0x00, 0x00, 0x00, 0x00, 0x00, 0x00,
    0x00, 0x00, 0x00, 0x00, 0x00, 0x00, 0x00, 0x00, 0x00, 0x00, 0x00, 0xE0, 0x00, 0xEE, 0xEE, 0xBE,
    0x00, 0x00, 0x00, 0x00, 0x00, 0x00, 0x00, 0x00, 0x00, 0x00, 0x00, 0x00, 0x00, 0x00, 0x00, 0x00,
    0x00, 0x00, 0x00, 0xE0, 0x00, 0x00, 0xE0, 0xBE, 0xEE, 0x9E, 0xB9, 0x88, 0x88, 0x98, 0x93, 0x66,
    0x91, 0x32, 0x13, 0x22, 0x72, 0x39, 0x23, 0x12, 0x17, 0x92, 0x99, 0x23, 0xA0, 0xEE, 0xBE, 0x39,
    0xEE, 0x33, 0xE5, 0x9B, 0x5E, 0x21, 0x32, 0x9E, 0x3E, 0x11, 0x52, 0xBE, 0x3E, 0x32, 0xE2, 0xE5,
    0x33, 0x29, 0x32, 0x29, 0x22, 0x23, 0x31, 0x93, 0x22, 0x32, 0x21, 0x93, 0x32, 0x23, 0x92, 0x32,
    0x33, 0x39, 0x32, 0x29, 0x13, 0x99, 0x32, 0x23, 0x19, 0x93, 0x22, 0x23, 0x9B, 0x31, 0x23, 0x33,
    0xEE, 0x68, 0x86, 0x6B, 0xE2, 0x66, 0x66, 0x8B, 0xE3, 0x88, 0x88, 0x88, 0x59, 0xEE, 0xEE, 0xEE,
    0x93, 0x0E, 0x00, 0x00, 0x32, 0x09, 0x00, 0x00, 0x22, 0x93, 0x00, 0x00, 0x22, 0x32, 0x99, 0x00,
    0x66, 0x98, 0x91, 0x88, 0x88, 0x98, 0x95, 0xEE, 0xEB, 0x9E, 0x99, 0x00, 0x0E, 0x00, 0x00, 0x00,
    0x00, 0x00, 0x00, 0x00, 0x00, 0x00, 0x00, 0x00, 0x00, 0x00, 0x00, 0x00, 0x00, 0x00, 0x00, 0x00,
    0x5E, 0x53, 0xE1, 0xE3, 0xEB, 0x25, 0xE1, 0x22, 0x88, 0xEE, 0x5E, 0x23, 0x66, 0xEE, 0x25, 0xEE,
    0x66, 0xE8, 0xEE, 0x88, 0x66, 0xE8, 0xE0, 0x88, 0x86, 0xEB, 0x00, 0x8E, 0x86, 0x0E, 0x00, 0x8E,
    0x9B, 0x32, 0x23, 0x92, 0xB5, 0x29, 0x33, 0x22, 0xBE, 0x29, 0x33, 0x12, 0xBB, 0x9B, 0x32, 0x19,
    0xBB, 0x9B, 0x29, 0x93, 0xB8, 0x9B, 0x93, 0x33, 0xB8, 0xBB, 0xB9, 0x99, 0xB8, 0xBB, 0xBB, 0x88,
    0x39, 0x22, 0x33, 0x09, 0x93, 0x32, 0x32, 0x93, 0x32, 0x12, 0x21, 0x32, 0x31, 0x93, 0x33, 0x22,
    0x22, 0x33, 0x99, 0x33, 0x33, 0x33, 0x33, 0x99, 0x93, 0x39, 0x99, 0x93, 0x99, 0x9B, 0x09, 0x99,
    0x00, 0x00, 0x00, 0x00, 0x00, 0x00, 0x00, 0x00, 0x99, 0x00, 0x00, 0x00, 0x33, 0x09, 0x00, 0x00,
    0x33, 0x99, 0x00, 0x00, 0x99, 0x00, 0x00, 0x00, 0x00, 0x00, 0x00, 0x00, 0x00, 0x00, 0x00, 0x00,
    0x88, 0x0E, 0x00, 0xE0, 0xB8, 0x0E, 0x00, 0xE0, 0xE8, 0x00, 0x00, 0x00, 0x0E, 0x00, 0x00, 0x00,
    0x0E, 0x00, 0x00, 0xE0, 0x00, 0x00, 0x00, 0xE0, 0x00, 0x00, 0x00, 0xE0, 0x00, 0x00, 0x00, 0xE0,
    0xB8, 0xBB, 0xBB, 0x88, 0xBB, 0x8B, 0xB8, 0x8B, 0xBE, 0x8B, 0xB8, 0x8B, 0xBE, 0xBB, 0x88, 0x8B,
    0xBB, 0xB8, 0x88, 0x8B, 0xBB, 0xB8, 0x8B, 0xBB, 0x8B, 0xB8, 0x8B, 0xBB, 0x8B, 0xB8, 0x88, 0xB8,
    0x9B, 0xBB, 0x0E, 0x00, 0xB8, 0x88, 0xEB, 0x00, 0xB8, 0x6B, 0xB8, 0x0E, 0x88, 0x8B, 0xB8, 0x0E,
    0x88, 0xBB, 0x68, 0xEB, 0x68, 0xB8, 0x6B, 0xB8, 0x68, 0xB8, 0x8B, 0x86, 0x68, 0x88, 0xBB, 0x68,
    0x00, 0x00, 0x00, 0x00, 0x00, 0x00, 0x00, 0x00, 0x00, 0x00, 0x00, 0x00, 0x00, 0x00, 0x00, 0x00,
    0x00, 0x00, 0x00, 0x00, 0x0E, 0x00, 0x00, 0x00, 0xEB, 0x00, 0x00, 0x00, 0xBB, 0x0E, 0x00, 0x00,
    0x00, 0x00, 0x00, 0xE0, 0x00, 0x00, 0x00, 0xBE, 0xA7, 0x00, 0x00, 0xBE, 0x77, 0x00, 0x00, 0xBE,
    0xA1, 0x00, 0x00, 0xBE, 0xA1, 0x55, 0x55, 0xBE, 0xA1, 0x22, 0xE2, 0xBB, 0xA7, 0x88, 0xE3, 0xB8,
    0x8B, 0xBB, 0x68, 0xB8, 0x8B, 0xBB, 0x68, 0xB8, 0x8B, 0xBB, 0x68, 0xB8, 0xBB, 0xBB, 0x68, 0x88,
    0x8B, 0xBB, 0x68, 0x86, 0x8B, 0xBB, 0x68, 0x86, 0x8B, 0xBB, 0x68, 0x86, 0x88, 0xBB, 0x68, 0x88,
    0x8B, 0x86, 0xBB, 0x8B, 0x8B, 0x86, 0xBB, 0x8B, 0x8B, 0x66, 0xB8, 0xBB, 0x8B, 0x66, 0xB8, 0xBB,
    0x8B, 0x68, 0x88, 0xBB, 0x8B, 0x68, 0x86, 0xB8, 0x8B, 0x68, 0x86, 0x88, 0x8B, 0x68, 0x66, 0x88,
    0xB8, 0xEB, 0x00, 0x00, 0x86, 0xEB, 0x00, 0x00, 0x86, 0xBB, 0x0E, 0x00, 0x68, 0xB8, 0x0E, 0x00,
    0x6B, 0x88, 0xEB, 0x00, 0x8B, 0x86, 0xBB, 0x0E, 0x8B, 0x86, 0xB8, 0x0E, 0xBB, 0x68, 0xB8, 0xEB,
    0xA7, 0x88, 0xBE, 0xB8, 0xA7, 0x00, 0xBE, 0xB8, 0x0A, 0xE0, 0x8B, 0xBB, 0x00, 0xE0, 0x8B, 0xBB,
    0x00, 0xE0, 0x8B, 0xB8, 0x00, 0xBE, 0x88, 0x88, 0x00, 0xBE, 0x88, 0x88, 0xE0, 0xBB, 0xB8, 0x88,
    0x88, 0xBB, 0x66, 0x88, 0x88, 0x8B, 0x66, 0x88, 0x88, 0x6B, 0x66, 0x86, 0x88, 0x88, 0x66, 0x86,
    0x88, 0xBB, 0x68, 0x86, 0x88, 0xBB, 0x68, 0x86, 0x88, 0xBB, 0x68, 0x86, 0xB8, 0xBB, 0x68, 0x86,
    0x8B, 0x68, 0x66, 0x86, 0xBB, 0x68, 0x66, 0x66, 0xBB, 0x88, 0x66, 0x66, 0xBB, 0x8B, 0x66, 0x66,
    0xBB, 0x8B, 0x66, 0x86, 0xBB, 0x8B, 0x66, 0x86, 0xBB, 0xBB, 0x68, 0x86, 0xBB, 0xBB, 0x68, 0x66,
    0xB8, 0x68, 0x86, 0xBB, 0x88, 0x8B, 0x86, 0xB8, 0x86, 0x8B, 0x66, 0xB8, 0x66, 0xB8, 0x68, 0x88,
    0x66, 0x86, 0x68, 0x86, 0x68, 0x86, 0x88, 0x86, 0x88, 0x86, 0x88, 0x66, 0x88, 0x66, 0x88, 0x68,
    0xE0, 0xBB, 0xB8, 0x88, 0xE0, 0x8B, 0x8B, 0x88, 0xBE, 0x88, 0x8B, 0x88, 0xBE, 0xB8, 0x88, 0x88,
    0xBE, 0xB8, 0x88, 0x88, 0xBE, 0xBB, 0x88, 0x88, 0xBB, 0xBB, 0x88, 0x88, 0xBB, 0x8B, 0x88, 0x88,
    0xB8, 0xBB, 0x68, 0x86, 0xB8, 0xBB, 0x68, 0x86, 0xB8, 0xBB, 0x68, 0x86, 0xB8, 0x8B, 0x68, 0x66,
    0xB8, 0x8B, 0x68, 0x66, 0xB8, 0x8B, 0x68, 0x66, 0x88, 0x8B, 0x68, 0x66, 0x88, 0x8B, 0x68, 0x66,
    0xB8, 0xBB, 0x8B, 0x66, 0xB8, 0xBB, 0x8B, 0x66, 0xB8, 0xBB, 0x8B, 0x66, 0xB8, 0xBB, 0x8B, 0x66,
    0x86, 0xBB, 0xBB, 0x68, 0x86, 0xB8, 0xBB, 0x68, 0x66, 0x88, 0xBB, 0x68, 0x66, 0x88, 0xBB, 0x68,
    0x88, 0x66, 0xB8, 0x68, 0x8B, 0x66, 0xB8, 0x88, 0x8B, 0x66, 0xB8, 0x8B, 0x8B, 0x66, 0x86, 0x8B,
    0x88, 0x68, 0x86, 0x8B, 0xB8, 0x68, 0x86, 0xEE, 0xB8, 0x68, 0xEE, 0x00, 0xE8, 0xEE, 0x00, 0x00,
    0xBE, 0x8B, 0x88, 0x88, 0xE0, 0x8E, 0x88, 0x88, 0x00, 0xE0, 0x88, 0x88, 0x00, 0x00, 0xEE, 0xEE,
    0x00, 0x00, 0x00, 0xEE, 0x00, 0x00, 0xEE, 0x8B, 0x00, 0xE0, 0x88, 0x88, 0x00, 0xE0, 0xBB, 0xBB,
    0x88, 0x8B, 0x66, 0x66, 0x88, 0x8B, 0x66, 0x66, 0x88, 0x8B, 0x66, 0x66, 0xEE, 0xEE, 0xEE, 0xEE,
    0x88, 0x88, 0xBB, 0xEB, 0x88, 0xB8, 0xBB, 0xEB, 0xBB, 0xBB, 0xEB, 0x0E, 0xEB, 0xEE, 0x0E, 0x00,
    0x66, 0x86, 0xBB, 0xEE, 0x66, 0xE6, 0xEE, 0x00, 0xEE, 0x0E, 0x00, 0x00, 0x00, 0x00, 0x00, 0x00,
    0x00, 0x00, 0x00, 0x00, 0x00, 0x00, 0x00, 0x00, 0x00, 0x00, 0x00, 0x00, 0x00, 0x00, 0x00, 0x00,
    0xBE, 0xEB, 0x00, 0x00, 0xBE, 0xEB, 0x00, 0x00, 0xEE, 0x0E, 0x00, 0x00, 0x00, 0x00, 0x00, 0x00,
    0x00, 0x00, 0x00, 0x00, 0x00, 0x00, 0x00, 0x00, 0x00, 0x00, 0x00, 0x00, 0x00, 0x00, 0x00, 0x00,
    0x5E, 0x55, 0x55, 0x55, 0x2E, 0x22, 0x22, 0x22, 0xEB, 0x88, 0x28, 0x22, 0xBB, 0x8E, 0x88, 0x88,
    0xBB, 0x0E, 0x00, 0x00, 0xB8, 0xEB, 0x00, 0x00, 0x88, 0xEB, 0x00, 0x00, 0x88, 0xBB, 0x0E, 0x00,
    0x55, 0x55, 0x00, 0x00, 0x22, 0x22, 0x55, 0x55, 0x33, 0x33, 0x32, 0x22, 0x88, 0x88, 0x88, 0x88,
    0x00, 0x00, 0x00, 0x80, 0x00, 0x00, 0x00, 0x00, 0x00, 0x00, 0x00, 0x00, 0x00, 0x00, 0x00, 0x00,
    0x00, 0x00, 0x00, 0x00, 0x55, 0x55, 0x55, 0x55, 0x22, 0x32, 0x33, 0x23, 0x88, 0x58, 0x55, 0x35,
    0x88, 0x88, 0x88, 0x88, 0x00, 0x00, 0x00, 0x00, 0x00, 0x00, 0x00, 0x00, 0x00, 0x00, 0x00, 0x00,
    0x00, 0x00, 0x00, 0x00, 0x55, 0x55, 0x55, 0x55, 0x22, 0x22, 0x11, 0x11, 0x22, 0x22, 0x22, 0x22,
    0x88, 0x88, 0x88, 0x88, 0x00, 0x00, 0x00, 0x00, 0x00, 0x00, 0x00, 0x00, 0x00, 0x00, 0x00, 0x00,
    0x00, 0x00, 0x00, 0x00, 0x00, 0x00, 0x00, 0x90, 0x00, 0x00, 0x00, 0x29, 0x00, 0x00, 0x00, 0x19,
    0x00, 0x00, 0x90, 0x23, 0x00, 0x00, 0x90, 0x11, 0x00, 0x00, 0x90, 0x32, 0x00, 0x00, 0x00, 0x99,
    0x00, 0x00, 0x00, 0x70, 0x00, 0x00, 0x00, 0xA0, 0x00, 0x00, 0x00, 0x00, 0x00, 0x00, 0x00, 0x00,
    0x00, 0x00, 0x00, 0x00, 0x00, 0x00, 0x00, 0xE0, 0x00, 0x00, 0x00, 0x2E, 0x00, 0x00, 0x00, 0x3E,
    0x00, 0x00, 0x00, 0xE0, 0x00, 0x00, 0x00, 0xE0, 0x00, 0x00, 0x00, 0xBE, 0x00, 0x00, 0x00, 0x8E,
    0x00, 0x00, 0x00, 0x6E, 0x00, 0x00, 0x00, 0x6E, 0x00, 0x00, 0xE0, 0x6B, 0x00, 0x00, 0xE0, 0x8B,
    0x00, 0x00, 0xE0, 0xBB, 0x00, 0x00, 0xE0, 0x68, 0x00, 0x00, 0xE0, 0x66, 0x00, 0x00, 0x6E, 0x86,
    0x00, 0xE0, 0x68, 0x86, 0x00, 0xE0, 0x66, 0xE8, 0x00, 0x8E, 0x86, 0x0E, 0x00, 0x99, 0xB8, 0x0E,
    0x00, 0x00, 0x00, 0x00, 0x00, 0x00, 0x00, 0x00, 0xF0, 0xFF, 0x0F, 0x00, 0x2F, 0xDD, 0xF2, 0x0F,
    0xF0, 0xDF, 0xDD, 0xEF, 0x00, 0xF0, 0xDF, 0xBE, 0x00, 0x00, 0x00, 0xE0, 0x00, 0x00, 0x00, 0x00,
    0x90, 0x13, 0x99, 0x00, 0x90, 0x99, 0x95, 0x00, 0x8E, 0xB8, 0x99, 0x00, 0xBE, 0x68, 0x0E, 0xA0,
    0xE8, 0x6E, 0xE6, 0xA0, 0x8E, 0xEE, 0xE8, 0xAF, 0xE8, 0xBB, 0xB8, 0xAF, 0xEE, 0xBE, 0xFE, 0xAF,
    0x00, 0x00, 0x00, 0x00, 0x55, 0x05, 0x00, 0x00, 0x21, 0x52, 0x55, 0x55, 0x22, 0x22, 0x22, 0x33,
    0x88, 0x88, 0x88, 0x88, 0x00, 0x00, 0x00, 0x00, 0x00, 0x00, 0x00, 0x00, 0x00, 0x00, 0x00, 0x00,
    0x00, 0x00, 0x50, 0x55, 0x55, 0x55, 0x25, 0x32, 0x23, 0x33, 0x23, 0x82, 0x33, 0x83, 0x88, 0x08,
    0x88, 0x08, 0x00, 0x00, 0x00, 0x00, 0x00, 0x00, 0x00, 0x00, 0x00, 0x00, 0x00, 0x00, 0x00, 0x00,
    0x00, 0x00, 0x00, 0x00, 0x00, 0x00, 0x00, 0x00, 0x00, 0x00, 0x00, 0x00, 0x00, 0x00, 0x00, 0x00,
    0xEE, 0x0E, 0x00, 0x00, 0x68, 0xE8, 0x0E, 0x00, 0xB8, 0xEE, 0x00, 0x00, 0xEB, 0x0E, 0x00, 0x00,
    0x6B, 0xE6, 0x0E, 0x00, 0xEE, 0x8E, 0x0E, 0x00, 0x00, 0x00, 0x00, 0x00, 0x00, 0x00, 0x00, 0x00,
    0x00, 0x00, 0x00, 0x00, 0x00, 0x00, 0x00, 0x00, 0x00, 0x00, 0x00, 0x00, 0x00, 0x00, 0x00, 0x00,
    0x00, 0x00, 0x00, 0xAF, 0x00, 0x00, 0x00, 0xA0, 0x00, 0x00, 0x00, 0xA0, 0x00, 0x00, 0x00, 0x00,
    0x00, 0x00, 0x00, 0x00, 0x00, 0x00, 0x00, 0x00, 0x00, 0x00, 0x00, 0x00, 0x00, 0x00, 0x00, 0x00,
    0x00, 0x00, 0x00, 0x00, 0x00, 0x00, 0x00, 0x00, 0x00, 0x00, 0x00, 0x00, 0x00, 0x00, 0x00, 0x00,
    0x00, 0x00, 0x00, 0x00, 0x00, 0x00, 0x00, 0x00, 0x00, 0x00, 0x00, 0xE0, 0x00, 0x00, 0x00, 0xE0,
    0x00, 0x00, 0x00, 0x00, 0x00, 0x00, 0x00, 0x00, 0x00, 0x00, 0x00, 0x00, 0x00, 0x00, 0x00, 0x00,
    0x00, 0x00, 0x00, 0x00, 0x00, 0x00, 0x00, 0x00, 0x00, 0x00, 0x00, 0x00, 0x05, 0x00, 0x00, 0x00,
    0x55, 0x00, 0x00, 0x00, 0x85, 0x00, 0x00, 0x00, 0x08, 0x00, 0x00, 0x00, 0x00, 0x00, 0x00, 0x00,
    0x00, 0x00, 0x00, 0x00, 0x00, 0x00, 0x00, 0x00, 0x00, 0x00, 0x00, 0x00, 0x00, 0x00, 0x00, 0x00,
    0x86, 0xB8, 0x0E, 0x00, 0x86, 0xB8, 0xEB, 0x00, 0x66, 0x88, 0xEE, 0x00, 0x66, 0xEE, 0x00, 0x00,
    0xEE, 0x00, 0x00, 0x00, 0x00, 0x00, 0x00, 0x00, 0x00, 0x00, 0x00, 0x00, 0x00, 0x00, 0x00, 0x00,
};
static const u16 sFrame34[] = {
    0x000A, 0x80C0, 0xC1F2, 0x0000, 0x40E8, 0x4012, 0x0020, 0x80C0, 0x41EA, 0x0024, 0x40E0, 0x01E2,
    0x0028, 0x40E8, 0x0032, 0x002A, 0x80C0, 0x0012, 0x002C, 0x80E8, 0x01EA, 0x002E, 0x00E0, 0x0012,
    0x0030, 0x00E8, 0x0042, 0x0031, 0x00F0, 0x0012, 0x0032, 0x0000,
};
static const void* const sFrames34[] = { sFrame34 };
static const u8 sTiles35[1792] __attribute__((aligned(4))) = {
    0x00, 0x00, 0x00, 0x00, 0x00, 0x00, 0x00, 0x00, 0x00, 0x00, 0x00, 0xE0, 0x00, 0x00, 0x00, 0xE0,
    0x00, 0x00, 0x00, 0xE0, 0x00, 0x00, 0x00, 0xBE, 0x00, 0x00, 0x00, 0xBE, 0x00, 0x00, 0xE0, 0xBB,
    0xBE, 0xBB, 0xB8, 0x88, 0xBE, 0x8B, 0xB8, 0x88, 0xBB, 0x8B, 0xB8, 0x88, 0xBB, 0x8B, 0xB8, 0x68,
    0xBB, 0x8B, 0xBB, 0x68, 0xBB, 0xB8, 0xBB, 0x68, 0xBB, 0xB8, 0xBB, 0x68, 0xBB, 0xB8, 0xBB, 0x68,
    0xBB, 0x68, 0xB8, 0xB8, 0xBB, 0x68, 0xB8, 0xB8, 0xB8, 0x68, 0xB8, 0xB8, 0xB8, 0x68, 0x86, 0x8B,
    0xB8, 0x8B, 0x86, 0x8B, 0xB8, 0x8B, 0x86, 0x8B, 0xB8, 0x8B, 0x86, 0xBB, 0xB8, 0x88, 0x66, 0xB8,
    0x0E, 0x00, 0x00, 0x00, 0x0E, 0x00, 0x00, 0x00, 0xEB, 0x00, 0x00, 0x00, 0xEB, 0x00, 0x00, 0x00,
    0xBB, 0x0E, 0x00, 0x00, 0xBB, 0x0E, 0x00, 0x00, 0xB8, 0x0E, 0x00, 0x00, 0xB8, 0xEB, 0x00, 0x00,
    0x00, 0x00, 0xE0, 0xBB, 0x00, 0x00, 0xBE, 0x88, 0x00, 0x00, 0xBE, 0x88, 0x00, 0xE0, 0xBB, 0xB8,
    0x00, 0xE0, 0x8B, 0xB8, 0x00, 0xBE, 0x8B, 0xB8, 0x00, 0xBE, 0x8B, 0xB8, 0x00, 0xBE, 0x8B, 0xBB,
    0xBB, 0xB8, 0xBB, 0x88, 0xBB, 0xB8, 0xBB, 0x88, 0xBB, 0x88, 0xBB, 0x88, 0x8B, 0x88, 0xBB, 0x88,
    0x8B, 0x88, 0xBB, 0x88, 0x88, 0x88, 0xBB, 0x88, 0x88, 0x88, 0xBB, 0x68, 0x88, 0x88, 0xBB, 0x68,
    0xB8, 0x88, 0x66, 0xB8, 0x86, 0x88, 0x66, 0xB8, 0x86, 0x88, 0x66, 0xB8, 0x86, 0xB8, 0x68, 0x88,
    0x86, 0xBB, 0x68, 0x86, 0x86, 0xBB, 0x68, 0x86, 0x86, 0xBB, 0x68, 0x86, 0x86, 0xBB, 0x68, 0x66,
    0x88, 0xEB, 0x00, 0x00, 0x68, 0xB8, 0x0E, 0x00, 0x68, 0xB8, 0x0E, 0x00, 0x68, 0x88, 0xEB, 0x00,
    0x66, 0x88, 0xEB, 0x00, 0x66, 0x88, 0xBB, 0x0E, 0x66, 0x88, 0xBB, 0x0E, 0x66, 0x86, 0xB8, 0x0E,
    0x00, 0xBE, 0x88, 0xBB, 0xE0, 0xBB, 0x88, 0x8B, 0xE0, 0xBB, 0xB8, 0x8B, 0xE0, 0xBB, 0xB8, 0x88,
    0xE0, 0x8B, 0xB8, 0x88, 0xBE, 0x8B, 0xBB, 0x88, 0xBE, 0x88, 0xBB, 0x88, 0xBB, 0x88, 0xBB, 0x88,
    0x88, 0x88, 0xBB, 0x68, 0x88, 0xB8, 0xBB, 0x68, 0x88, 0xB8, 0xBB, 0x68, 0x88, 0xB8, 0xBB, 0x68,
    0x88, 0xB8, 0xBB, 0x68, 0x88, 0xB8, 0xBB, 0x68, 0x88, 0xB8, 0xBB, 0x68, 0x88, 0xB8, 0xBB, 0x68,
    0x86, 0xBB, 0x68, 0x66, 0x86, 0xBB, 0x68, 0x86, 0x86, 0xBB, 0x68, 0x86, 0x86, 0xBB, 0x68, 0x86,
    0x86, 0xBB, 0x68, 0x86, 0x86, 0xB8, 0x68, 0x86, 0x86, 0xB8, 0x68, 0x86, 0x86, 0xB8, 0x68, 0xB8,
    0x66, 0x86, 0xB8, 0xEB, 0x68, 0x86, 0xB8, 0xEB, 0x68, 0x66, 0x88, 0xEB, 0x68, 0x66, 0x88, 0xBB,
    0x68, 0x68, 0x86, 0xBB, 0x68, 0x68, 0x86, 0xBB, 0x68, 0x68, 0x86, 0xB8, 0x68, 0x68, 0x66, 0xB8,
    0xBB, 0xB8, 0x8B, 0x88, 0xBB, 0xB8, 0x8B, 0x88, 0xBB, 0xBB, 0x8B, 0x88, 0xBB, 0xBB, 0x88, 0x88,
    0xBB, 0xBB, 0x88, 0x88, 0xBB, 0x8B, 0x88, 0x88, 0xBB, 0x8B, 0x88, 0x88, 0xEE, 0xEE, 0xEE, 0x88,
    0x88, 0xB8, 0x8B, 0x68, 0x88, 0xB8, 0x8B, 0x68, 0x88, 0xB8, 0x8B, 0x68, 0x88, 0xB8, 0x8B, 0x68,
    0x88, 0xB8, 0x8B, 0x68, 0x88, 0xB8, 0x8B, 0x68, 0x88, 0x88, 0x8B, 0x68, 0x88, 0x88, 0x8B, 0x68,
    0x86, 0xB8, 0x8B, 0xB8, 0x86, 0xB8, 0x8B, 0xB8, 0x86, 0xB8, 0x8B, 0xB8, 0x66, 0xB8, 0x8B, 0xB8,
    0x66, 0x88, 0x8B, 0xB8, 0x66, 0x88, 0x8B, 0xB8, 0x86, 0x88, 0x8B, 0xB8, 0xEE, 0xEE, 0xEE, 0xEE,
    0x68, 0x88, 0x66, 0xB8, 0x68, 0x88, 0x66, 0xB8, 0x68, 0x88, 0x68, 0x86, 0x68, 0xB8, 0x68, 0x86,
    0x68, 0xB8, 0x68, 0xE6, 0x68, 0xE8, 0xEE, 0x0E, 0xEB, 0x0E, 0x00, 0x00, 0x0E, 0x00, 0x00, 0x00,
    0x00, 0x00, 0x00, 0x00, 0x00, 0x00, 0x00, 0x00, 0x00, 0x00, 0x00, 0x00, 0x00, 0x00, 0x00, 0x00,
    0x00, 0x00, 0x00, 0x90, 0x00, 0x00, 0x00, 0x90, 0x00, 0x00, 0x00, 0x90, 0x00, 0x00, 0x00, 0x00,
    0x00, 0x90, 0x99, 0x09, 0x90, 0x29, 0x32, 0x92, 0x29, 0x12, 0x32, 0x23, 0x19, 0x31, 0x99, 0x23,
    0x23, 0x13, 0x21, 0x39, 0x11, 0x29, 0x11, 0x92, 0x32, 0x93, 0x29, 0x92, 0x99, 0x99, 0x92, 0x39,
    0x00, 0x00, 0x00, 0x00, 0x09, 0x00, 0x00, 0x00, 0x92, 0x00, 0x00, 0x00, 0x21, 0x09, 0x00, 0x00,
    0x11, 0x93, 0x00, 0x00, 0x13, 0x93, 0x00, 0x00, 0x13, 0x93, 0x00, 0x00, 0x23, 0x92, 0x00, 0x00,
    0x00, 0x00, 0x00, 0x00, 0x00, 0x00, 0x00, 0x00, 0x00, 0x00, 0x00, 0x00, 0x00, 0x00, 0x00, 0x00,
    0x00, 0x00, 0x00, 0x00, 0x00, 0x00, 0x00, 0x00, 0x00, 0x00, 0x00, 0xE0, 0x00, 0x00, 0x00, 0x6E,
    0x00, 0x00, 0x00, 0x00, 0x00, 0x00, 0x00, 0x00, 0x00, 0x00, 0x00, 0x00, 0x00, 0x0A, 0x00, 0xE0,
    0xA0, 0xA7, 0x00, 0x2E, 0xAE, 0xA7, 0xEE, 0x3E, 0xE9, 0xEE, 0xB8, 0xEE, 0xEE, 0x8B, 0x66, 0xE8,
    0x17, 0x97, 0x32, 0x32, 0x2A, 0xA2, 0x99, 0x12, 0xA0, 0xEE, 0x9E, 0x23, 0xEE, 0x33, 0x95, 0x23,
    0x5E, 0x21, 0x93, 0x13, 0x1E, 0x23, 0x93, 0x13, 0x13, 0x15, 0xE5, 0x39, 0x35, 0x12, 0x3E, 0x39,
    0x23, 0x92, 0xE0, 0x00, 0x93, 0x32, 0x59, 0xEE, 0x93, 0x32, 0x39, 0xE2, 0x32, 0x39, 0x29, 0xE2,
    0x32, 0x29, 0x93, 0xE3, 0x32, 0x29, 0x93, 0xB5, 0x39, 0x12, 0x93, 0xEE, 0x39, 0x12, 0x92, 0x22,
    0xEE, 0xEE, 0x9E, 0x8B, 0xBB, 0x66, 0x86, 0xB9, 0x6B, 0x86, 0x88, 0x89, 0x8B, 0x88, 0xEB, 0xB9,
    0x88, 0xEE, 0x0E, 0xE0, 0xEE, 0x00, 0x00, 0x00, 0x88, 0x88, 0x88, 0x88, 0x22, 0x22, 0x22, 0x22,
    0xEB, 0x0E, 0x00, 0x00, 0x66, 0xE8, 0x00, 0x00, 0xB8, 0x0E, 0x00, 0x00, 0xBE, 0x0E, 0x00, 0x00,
    0xEE, 0x00, 0x00, 0x00, 0x00, 0x00, 0x00, 0x00, 0x88, 0x88, 0x88, 0x88, 0x22, 0x22, 0x22, 0x22,
    0x00, 0x00, 0x00, 0x00, 0x00, 0x00, 0x00, 0x00, 0x00, 0x00, 0x00, 0x00, 0x00, 0x00, 0x00, 0x00,
    0x00, 0x00, 0x00, 0x00, 0x00, 0x00, 0x00, 0x00, 0x88, 0x88, 0x88, 0x88, 0x22, 0x32, 0x33, 0x33,
    0x00, 0x00, 0x00, 0x00, 0x00, 0x00, 0x00, 0x00, 0x00, 0x00, 0x00, 0x00, 0x00, 0x00, 0x00, 0x00,
    0x00, 0x00, 0x00, 0x00, 0x00, 0x00, 0x00, 0x00, 0x88, 0x88, 0x88, 0x88, 0x33, 0x33, 0x55, 0x55,
    0x00, 0x00, 0x00, 0x00, 0x00, 0x00, 0x00, 0x00, 0x00, 0x00, 0x00, 0x00, 0x00, 0x00, 0x00, 0x00,
    0x00, 0x00, 0x00, 0x00, 0x00, 0x00, 0x00, 0x00, 0x08, 0x00, 0x00, 0x00, 0x85, 0x88, 0x88, 0x88,
    0x11, 0x11, 0x21, 0x22, 0x55, 0x55, 0x55, 0x55, 0x00, 0x00, 0x00, 0x00, 0x00, 0x00, 0x00, 0x00,
    0x00, 0x00, 0x00, 0x00, 0x00, 0x00, 0x00, 0x00, 0x00, 0x00, 0x00, 0x00, 0x00, 0x00, 0x00, 0x00,
    0x22, 0x22, 0x22, 0x22, 0x55, 0x55, 0x55, 0x55, 0x00, 0x00, 0x00, 0x00, 0x00, 0x00, 0x00, 0x00,
    0x00, 0x00, 0x00, 0x00, 0x00, 0x00, 0x00, 0x00, 0x00, 0x00, 0x00, 0x00, 0x00, 0x00, 0x00, 0x00,
    0x22, 0x22, 0x32, 0x33, 0x55, 0x55, 0x55, 0x55, 0x00, 0x00, 0x00, 0x00, 0x00, 0x00, 0x00, 0x00,
    0x00, 0x00, 0x00, 0x00, 0x00, 0x00, 0x00, 0x00, 0x00, 0x00, 0x00, 0x00, 0x00, 0x00, 0x00, 0x00,
    0x33, 0x33, 0x23, 0x22, 0x25, 0x22, 0x22, 0x11, 0x50, 0x55, 0x55, 0x55, 0x00, 0x00, 0x00, 0x00,
    0x00, 0x00, 0x00, 0x00, 0x00, 0x00, 0x00, 0x00, 0x00, 0x00, 0x00, 0x00, 0x00, 0x00, 0x00, 0x00,
    0x00, 0x00, 0x00, 0x00, 0x00, 0x00, 0x00, 0x00, 0x00, 0x00, 0x00, 0x00, 0x00, 0x00, 0x00, 0x00,
    0x00, 0x00, 0x00, 0x00, 0x00, 0x00, 0x00, 0x00, 0x00, 0x00, 0x00, 0x00, 0x00, 0x00, 0x00, 0xFF,
    0x00, 0x00, 0x00, 0x00, 0x00, 0x00, 0x00, 0x00, 0x00, 0x00, 0x00, 0x00, 0x00, 0x00, 0x00, 0x00,
    0x00, 0x00, 0x00, 0x00, 0x00, 0x00, 0xE0, 0xEE, 0x00, 0xFF, 0x8E, 0xB8, 0xFF, 0x2D, 0xBE, 0x99,
    0x00, 0xFF, 0xFF, 0xDD, 0xFF, 0x2D, 0xDD, 0xF2, 0xFF, 0xFF, 0xFF, 0x0F, 0x00, 0x00, 0x00, 0x00,
    0x00, 0x00, 0x00, 0x00, 0x00, 0x00, 0x00, 0x00, 0x00, 0x00, 0x00, 0x00, 0x00, 0x00, 0x00, 0x00,
    0xD2, 0xEF, 0x9B, 0xEE, 0xFF, 0x00, 0xE9, 0x8B, 0x00, 0x00, 0x99, 0xEE, 0x00, 0x00, 0x00, 0x00,
    0x00, 0x00, 0x00, 0x00, 0x00, 0x00, 0x00, 0x00, 0x00, 0x00, 0x00, 0x00, 0x00, 0x00, 0x00, 0x00,
    0x00, 0x00, 0x00, 0x00, 0x00, 0x00, 0x00, 0x00, 0x00, 0x00, 0x00, 0x00, 0x00, 0x00, 0x00, 0x00,
    0x00, 0x00, 0x00, 0x00, 0x00, 0x00, 0x00, 0x00, 0x00, 0x00, 0x00, 0x00, 0x88, 0x88, 0x88, 0x88,
    0x00, 0x00, 0x00, 0x00, 0x00, 0x00, 0x00, 0x00, 0x00, 0x00, 0x00, 0x00, 0x00, 0x00, 0x00, 0x00,
    0x00, 0x00, 0x00, 0x00, 0x00, 0x00, 0x00, 0x00, 0x00, 0x00, 0x00, 0x00, 0x88, 0x08, 0x00, 0x00,
    0x22, 0x22, 0x33, 0x33, 0x11, 0x21, 0x22, 0x22, 0x55, 0x55, 0x55, 0x55, 0x00, 0x00, 0x00, 0x00,
    0x00, 0x00, 0x00, 0x00, 0x00, 0x00, 0x00, 0x00, 0x00, 0x00, 0x00, 0x00, 0x00, 0x00, 0x00, 0x00,
    0x53, 0x85, 0x88, 0x08, 0x33, 0x33, 0x53, 0x85, 0x55, 0x25, 0x32, 0x33, 0x00, 0x50, 0x55, 0x25,
    0x00, 0x00, 0x00, 0x50, 0x00, 0x00, 0x00, 0x00, 0x00, 0x00, 0x00, 0x00, 0x00, 0x00, 0x00, 0x00,
    0xEE, 0xE5, 0x25, 0x39, 0x8E, 0xEE, 0x32, 0x29, 0xE0, 0xB8, 0x9E, 0x22, 0xE0, 0x88, 0x9B, 0x31,
    0xE0, 0x88, 0x9B, 0x31, 0x00, 0x8E, 0x9B, 0x32, 0x00, 0x8E, 0x9B, 0x32, 0x00, 0xBE, 0x9B, 0x29,
    0x99, 0x13, 0x32, 0x29, 0x93, 0x23, 0x32, 0x59, 0x23, 0x23, 0x22, 0x09, 0x23, 0x23, 0x29, 0x93,
    0x33, 0x23, 0x29, 0x93, 0x39, 0x32, 0x99, 0x31, 0x99, 0x31, 0x92, 0x31, 0x93, 0x31, 0x92, 0x22,
    0x00, 0xE0, 0xBB, 0x99, 0x00, 0xE0, 0xBB, 0x99, 0x00, 0xE0, 0xBB, 0x99, 0x00, 0xE0, 0xBB, 0xBB,
    0x00, 0xBE, 0x8B, 0xBB, 0x00, 0xBE, 0x8B, 0x8B, 0xE0, 0xBB, 0x8B, 0x88, 0xE0, 0xBB, 0xBB, 0x88,
    0x32, 0x32, 0x23, 0x99, 0x39, 0x92, 0x93, 0x00, 0x9B, 0xB9, 0x99, 0x00, 0xBB, 0xB9, 0x99, 0x0E,
    0xBB, 0xBB, 0xBB, 0x0E, 0x8B, 0xBB, 0xBB, 0xEB, 0x8B, 0xB8, 0x8B, 0xEB, 0x8B, 0x86, 0x8B, 0xBB,
    0x00, 0x00, 0x00, 0xEE, 0x00, 0x00, 0x00, 0x00, 0x00, 0x00, 0x00, 0x00, 0x00, 0x00, 0x00, 0x00,
    0x00, 0x00, 0x00, 0x00, 0x00, 0x00, 0x00, 0x00, 0x00, 0x00, 0x00, 0x00, 0x00, 0x00, 0x00, 0x00,
    0xEE, 0xEE, 0xEE, 0xEE, 0x00, 0x00, 0x00, 0x00, 0x00, 0x00, 0x00, 0x00, 0x00, 0x00, 0x00, 0x00,
    0x00, 0x00, 0x00, 0x00, 0x00, 0x00, 0x00, 0x00, 0x00, 0x00, 0x00, 0x00, 0x00, 0x00, 0x00, 0x00,
    0x22, 0x12, 0x11, 0x11, 0x55, 0x55, 0x55, 0x55, 0x00, 0x00, 0x00, 0x00, 0x00, 0x00, 0x00, 0x00,
    0x00, 0x00, 0x00, 0x00, 0x09, 0x00, 0x00, 0x00, 0x09, 0x00, 0x00, 0x00, 0x93, 0x00, 0x00, 0x00,
    0x93, 0x00, 0x00, 0x00, 0x99, 0x00, 0x00, 0x00, 0x00, 0x00, 0x00, 0x00, 0x00, 0x00, 0x00, 0x00,
    0x00, 0x00, 0x00, 0x00, 0x00, 0x00, 0x00, 0x00, 0x00, 0x00, 0x00, 0x00, 0x0E, 0x00, 0x00, 0x00,
    0x00, 0x00, 0x00, 0x00, 0x00, 0x00, 0x00, 0x00, 0x00, 0x00, 0x00, 0x00, 0x00, 0x00, 0x00, 0x00,
    0x00, 0x00, 0x00, 0x00, 0x00, 0x00, 0x00, 0x00, 0x00, 0x00, 0x00, 0x00, 0x00, 0x00, 0x00, 0xE0,
    0x00, 0x00, 0x00, 0xE0, 0x00, 0x00, 0x00, 0xBE, 0x00, 0x00, 0x00, 0xBE, 0x00, 0x00, 0xE0, 0xBB,
    0x00, 0x00, 0xE0, 0xBB, 0x00, 0x00, 0x00, 0xBE, 0x00, 0x00, 0x00, 0xE0, 0x00, 0x00, 0x00, 0x00,
    0x00, 0x00, 0x00, 0x00, 0x00, 0x00, 0x00, 0x00, 0x00, 0x00, 0x00, 0x00, 0x0E, 0x00, 0x00, 0x00,
    0x0E, 0x00, 0x00, 0x00, 0x0E, 0x00, 0x00, 0x00, 0x0E, 0x00, 0x00, 0x00, 0xEB, 0x00, 0x00, 0x00,
    0xEB, 0x00, 0x00, 0x00, 0xBB, 0x0E, 0x00, 0x00, 0xBB, 0x0E, 0x00, 0x00, 0xEB, 0x0E, 0x00, 0x00,
    0x0E, 0x00, 0x00, 0x00, 0x00, 0x00, 0x00, 0x00, 0x00, 0x00, 0x00, 0x00, 0x00, 0x00, 0x00, 0x00,
    0x00, 0x00, 0x00, 0x00, 0x00, 0x00, 0x00, 0x00, 0x00, 0x00, 0x00, 0x00, 0x00, 0x00, 0x00, 0x00,
    0x00, 0x00, 0x00, 0x00, 0x00, 0x00, 0x00, 0x00, 0x00, 0x00, 0x00, 0x00, 0xEE, 0x00, 0x00, 0x00,
    0x8B, 0x66, 0x86, 0xB8, 0x68, 0x86, 0x88, 0xEB, 0x8B, 0xB8, 0xEB, 0x0E, 0xEE, 0xEE, 0x0E, 0x00,
    0x00, 0x0A, 0x00, 0x00, 0x00, 0x00, 0x00, 0x00, 0x00, 0x00, 0x00, 0x00, 0x00, 0x00, 0x00, 0x00,
    0x00, 0x00, 0x00, 0x00, 0x08, 0x00, 0x00, 0x00, 0x85, 0x08, 0x00, 0x00, 0x32, 0x85, 0x00, 0x00,
    0x55, 0x85, 0x00, 0x00, 0x00, 0x00, 0x00, 0x00, 0x00, 0x00, 0x00, 0x00, 0x00, 0x00, 0x00, 0x00,
    0xE0, 0xBB, 0xEB, 0x00, 0xE0, 0xEE, 0x0E, 0x00, 0x00, 0x00, 0x00, 0x00, 0x00, 0x00, 0x00, 0x00,
    0x00, 0x00, 0x00, 0x00, 0x00, 0x00, 0x00, 0x00, 0x00, 0x00, 0x00, 0x00, 0x00, 0x00, 0x00, 0x00,
};
static const u16 sFrame35[] = {
    0x000E, 0x00DE, 0x81F1, 0x0000, 0x40BE, 0x81F1, 0x0010, 0x40C6, 0x8011, 0x0018, 0x00C6, 0x41E1,
    0x0020, 0x00C6, 0x4031, 0x0024, 0x00CE, 0x41F9, 0x0028, 0x40FE, 0x01F1, 0x002C, 0x80CE, 0x0009,
    0x002E, 0x80EE, 0x01E9, 0x0030, 0x80EE, 0x0011, 0x0032, 0x00BE, 0x0011, 0x0034, 0x00CE, 0x01F1,
    0x0035, 0x00CE, 0x0041, 0x0036, 0x00FE, 0x0001, 0x0037, 0x0000,
};
static const void* const sFrames35[] = { sFrame35 };
static const u8 sTiles36[1280] __attribute__((aligned(4))) = {
    0x00, 0x00, 0x00, 0x29, 0x00, 0x00, 0x00, 0x29, 0x00, 0x00, 0x00, 0x90, 0x00, 0x00, 0x00, 0x00,
    0x00, 0x00, 0x00, 0x00, 0x00, 0x00, 0x00, 0xF0, 0x00, 0x00, 0x00, 0x8F, 0x00, 0x00, 0x00, 0x8F,
    0x2A, 0xE1, 0x2E, 0x29, 0x1A, 0x62, 0x21, 0x72, 0x1A, 0x11, 0x11, 0xA2, 0x2A, 0x11, 0x21, 0xA7,
    0xA0, 0x12, 0x22, 0xEA, 0xBF, 0x77, 0xAA, 0x72, 0x66, 0x86, 0x2F, 0x28, 0x8F, 0x8F, 0xFF, 0x81,
    0x13, 0x22, 0xEE, 0x0E, 0xE3, 0xE3, 0x25, 0x53, 0x2E, 0xE2, 0x21, 0x32, 0x35, 0x1E, 0x31, 0x11,
    0xE2, 0x23, 0x11, 0x25, 0x5E, 0x3E, 0x33, 0x22, 0xBF, 0xEB, 0xEE, 0x53, 0xBF, 0xBB, 0x5E, 0xEE,
    0x00, 0x00, 0x00, 0x00, 0x00, 0x00, 0x00, 0x00, 0xEE, 0x00, 0x00, 0x00, 0x32, 0x05, 0x00, 0x00,
    0x52, 0x0E, 0x00, 0x00, 0xE2, 0xF3, 0x0F, 0x00, 0x5E, 0x8E, 0xF8, 0x0F, 0x32, 0x8E, 0x58, 0xF6,
    0x00, 0x00, 0x00, 0xF0, 0x00, 0x00, 0x00, 0x00, 0x00, 0x00, 0x00, 0x00, 0x00, 0x00, 0x00, 0x00,
    0x00, 0x00, 0x00, 0x00, 0x00, 0x00, 0x00, 0x00, 0x00, 0x00, 0x00, 0x00, 0x00, 0x00, 0x00, 0x00,
    0xF0, 0xF0, 0xF0, 0x12, 0x00, 0x00, 0x00, 0x2F, 0x00, 0x00, 0x00, 0xFF, 0x00, 0x00, 0x00, 0x8F,
    0x00, 0x00, 0xF0, 0x8B, 0x00, 0x00, 0xF0, 0x88, 0x00, 0x00, 0xBF, 0x88, 0x00, 0x50, 0x55, 0x55,
    0xF7, 0xBB, 0xEB, 0x25, 0xF8, 0x8B, 0xB8, 0xEE, 0xF7, 0x88, 0xB8, 0xBB, 0xBF, 0x88, 0xB8, 0xBB,
    0xBF, 0x88, 0xB8, 0xBB, 0x1F, 0x88, 0x88, 0xBB, 0xF8, 0x88, 0x58, 0x55, 0x55, 0x55, 0x55, 0x55,
    0x53, 0x88, 0x65, 0x88, 0xFE, 0xFF, 0x86, 0x88, 0x3F, 0x32, 0xFF, 0x68, 0x3F, 0x23, 0x93, 0x5F,
    0x9F, 0x33, 0x22, 0xF9, 0x9F, 0x33, 0x23, 0x09, 0x55, 0x55, 0x55, 0x55, 0x25, 0x22, 0x22, 0x22,
    0x55, 0x55, 0x55, 0x55, 0x15, 0x11, 0x11, 0x11, 0x22, 0x22, 0x22, 0x22, 0x88, 0x88, 0x88, 0x88,
    0x08, 0x00, 0x00, 0x00, 0x00, 0x00, 0x00, 0x00, 0x00, 0x00, 0x00, 0x00, 0x00, 0x00, 0x00, 0xF0,
    0x55, 0x55, 0x55, 0x22, 0x22, 0x22, 0x22, 0x32, 0x88, 0x88, 0x88, 0x88, 0x88, 0xB8, 0x8B, 0xF8,
    0xF0, 0xBB, 0x5B, 0xBF, 0xBF, 0xBB, 0xF8, 0xBB, 0xBF, 0xBB, 0xF1, 0x8B, 0xBB, 0x5B, 0xBF, 0xB8,
    0x22, 0x22, 0x22, 0x23, 0x33, 0x33, 0x33, 0x88, 0x88, 0x88, 0x88, 0x68, 0xBB, 0xFB, 0x85, 0x68,
    0xBB, 0xBB, 0x8F, 0x68, 0x88, 0xB8, 0xFB, 0x88, 0xF8, 0xFF, 0xFB, 0x81, 0xFF, 0xBF, 0xBF, 0x8F,
    0x33, 0x33, 0x33, 0x88, 0x88, 0x88, 0x88, 0x88, 0xB8, 0xFB, 0x00, 0x00, 0x86, 0xFB, 0x00, 0x00,
    0x86, 0xBB, 0xFF, 0x00, 0x66, 0xB6, 0xBB, 0x0F, 0x66, 0x66, 0xBB, 0xFB, 0x68, 0x66, 0x86, 0xBB,
    0x00, 0x00, 0x00, 0xF0, 0x00, 0x00, 0x00, 0xF0, 0x00, 0x00, 0x00, 0xF0, 0x00, 0x00, 0x00, 0x8F,
    0x00, 0x00, 0x00, 0x8F, 0x00, 0x00, 0x00, 0x8F, 0x00, 0x00, 0x00, 0x8F, 0x00, 0x00, 0x00, 0x8F,
    0xBB, 0xFB, 0xBB, 0xFB, 0xBB, 0xF8, 0xFB, 0xFF, 0xBB, 0xF1, 0xBB, 0xBB, 0x8B, 0xF8, 0x8B, 0x88,
    0x8B, 0xF5, 0x8B, 0x88, 0x8B, 0xF5, 0xBB, 0x8B, 0x8B, 0xFF, 0xFF, 0xFF, 0x8B, 0x0F, 0x00, 0x00,
    0xBF, 0xBB, 0xFB, 0xFB, 0xBF, 0xBB, 0xBB, 0xFF, 0xFB, 0xFF, 0xBF, 0xFB, 0xB8, 0xBB, 0xFB, 0xFF,
    0x88, 0xB8, 0xBF, 0xBB, 0x88, 0x88, 0x8F, 0xB8, 0xBF, 0xBB, 0x8F, 0xB6, 0xF0, 0xFF, 0x8B, 0x86,
    0x88, 0x66, 0x66, 0x88, 0x85, 0x66, 0x66, 0x86, 0x8F, 0x68, 0x66, 0x66, 0xFB, 0x88, 0x66, 0x66,
    0xFF, 0x8B, 0x66, 0x66, 0xFB, 0x1F, 0x68, 0x66, 0xBB, 0xFF, 0x6B, 0x66, 0xFB, 0xF0, 0x8F, 0x66,
    0xF8, 0x0F, 0x00, 0x00, 0x56, 0xF6, 0x0F, 0x00, 0x65, 0x88, 0x96, 0x00, 0x7A, 0x68, 0x59, 0xF9,
    0x77, 0x9A, 0x91, 0x88, 0x1A, 0x3A, 0x89, 0x86, 0x1A, 0xFA, 0x88, 0x66, 0x1A, 0xFA, 0x8F, 0x66,
    0x00, 0x00, 0x00, 0x00, 0x00, 0x00, 0x00, 0x00, 0x00, 0x00, 0x00, 0x00, 0x00, 0x00, 0x00, 0x00,
    0x0F, 0x00, 0x00, 0x00, 0x0F, 0x00, 0x00, 0x00, 0xF8, 0x85, 0x00, 0x00, 0xF8, 0xE6, 0x00, 0x00,
    0x7A, 0xFA, 0xFF, 0x88, 0x7A, 0x0A, 0x00, 0xFF, 0x7A, 0x0A, 0x00, 0x00, 0xA0, 0x0A, 0x00, 0x00,
    0x00, 0x00, 0x00, 0x00, 0x00, 0x00, 0x00, 0x00, 0x0F, 0x00, 0x00, 0x00, 0xFB, 0x0F, 0x00, 0x00,
    0xF8, 0x0E, 0x00, 0x00, 0x0F, 0x00, 0x00, 0x00, 0x00, 0x00, 0x00, 0x00, 0x00, 0x00, 0x00, 0x00,
    0x00, 0x00, 0x00, 0x00, 0x00, 0x00, 0x00, 0x00, 0x00, 0x00, 0x00, 0x00, 0x00, 0x00, 0x00, 0x00,
    0xBB, 0xFB, 0x00, 0x00, 0x88, 0xBB, 0xFF, 0x00, 0x88, 0x88, 0xBB, 0xFF, 0x66, 0x88, 0x88, 0xBB,
    0x66, 0x66, 0x66, 0x88, 0x66, 0x66, 0x66, 0x66, 0x66, 0x66, 0x66, 0xF8, 0x66, 0x66, 0x86, 0x0F,
    0x00, 0x00, 0x00, 0x00, 0x00, 0x00, 0x00, 0x00, 0xFF, 0xFF, 0xFF, 0x0F, 0xBB, 0xBB, 0xFF, 0x00,
    0xBB, 0xFF, 0x00, 0x00, 0xFF, 0x00, 0x00, 0x00, 0x00, 0x00, 0x00, 0x00, 0x00, 0x00, 0x00, 0x00,
    0x66, 0x86, 0xF8, 0x0F, 0x66, 0xF8, 0xBF, 0xFB, 0x86, 0xFF, 0x8B, 0xFB, 0xF8, 0x00, 0x8F, 0xB8,
    0x0F, 0x00, 0xBF, 0x88, 0x00, 0x00, 0xBF, 0x88, 0x00, 0x00, 0xF0, 0x66, 0x00, 0x00, 0xF0, 0x88,
    0x00, 0x00, 0x00, 0x00, 0x00, 0x00, 0x00, 0x00, 0x00, 0x00, 0x00, 0x00, 0x0F, 0x00, 0x00, 0x00,
    0xFB, 0x00, 0x00, 0x00, 0xF8, 0x00, 0x00, 0x00, 0xF6, 0x00, 0x00, 0x00, 0xF8, 0x00, 0x00, 0x00,
    0x00, 0x00, 0x00, 0x00, 0x00, 0x55, 0x05, 0x00, 0x58, 0x23, 0x52, 0x55, 0x88, 0x28, 0x32, 0x33,
    0x00, 0x88, 0x88, 0x38, 0x00, 0x00, 0x88, 0x88, 0x00, 0x00, 0x00, 0x00, 0x00, 0x00, 0x00, 0x00,
    0x00, 0x00, 0x00, 0x00, 0x00, 0x00, 0x00, 0x00, 0x55, 0x00, 0x50, 0x55, 0x32, 0x55, 0x55, 0x25,
    0x33, 0x33, 0x22, 0x22, 0x88, 0x88, 0x88, 0x88, 0x00, 0x00, 0x00, 0x00, 0x00, 0x00, 0x00, 0x00,
    0x00, 0x00, 0x00, 0x00, 0x00, 0x00, 0x00, 0x00, 0x55, 0x55, 0x55, 0x55, 0x12, 0x11, 0x11, 0x22,
    0x22, 0x22, 0x22, 0x32, 0x88, 0x88, 0x88, 0x88, 0x00, 0x00, 0x00, 0x00, 0x00, 0x00, 0x00, 0x00,
    0x00, 0x00, 0x00, 0x00, 0x00, 0x00, 0x00, 0x00, 0x55, 0x55, 0x55, 0x55, 0x22, 0x32, 0x33, 0x23,
    0x33, 0x53, 0x55, 0x85, 0x88, 0x88, 0x88, 0x88, 0x00, 0x00, 0x00, 0x00, 0x00, 0x00, 0x00, 0x00,
    0x00, 0x00, 0x00, 0x8F, 0x00, 0x00, 0x00, 0x8F, 0x00, 0x00, 0x00, 0xFF, 0x00, 0x00, 0x00, 0xFF,
    0x00, 0x00, 0x00, 0x0F, 0x00, 0x00, 0x00, 0x00, 0x00, 0x00, 0x00, 0x00, 0x00, 0x00, 0x00, 0x00,
    0xFB, 0x00, 0x00, 0x00, 0x0F, 0x00, 0x00, 0x00, 0x00, 0x00, 0x00, 0x00, 0x00, 0x00, 0x00, 0x00,
    0x00, 0x00, 0x00, 0x00, 0x00, 0x00, 0x00, 0x00, 0x00, 0x00, 0x00, 0x00, 0x00, 0x00, 0x00, 0x00,
    0x00, 0x00, 0xFF, 0x66, 0x00, 0x00, 0x00, 0x6F, 0x00, 0x00, 0x00, 0x6F, 0x00, 0x00, 0x00, 0xF0,
    0x00, 0x00, 0x00, 0xF0, 0x00, 0x00, 0x00, 0x00, 0x00, 0x00, 0x00, 0x00, 0x00, 0x00, 0x00, 0x00,
    0xFB, 0x00, 0xF0, 0x65, 0xFB, 0x00, 0x00, 0x6F, 0xF8, 0x00, 0x00, 0x8F, 0xF8, 0x00, 0x00, 0xF0,
    0xFF, 0x00, 0x00, 0x00, 0x00, 0x00, 0x00, 0x00, 0x00, 0x00, 0x00, 0x00, 0x00, 0x00, 0x00, 0x00,
    0x00, 0x00, 0x00, 0x00, 0x00, 0x00, 0x00, 0x00, 0x00, 0x00, 0x00, 0x00, 0x00, 0x00, 0x00, 0x90,
    0x00, 0x00, 0x00, 0x30, 0x00, 0x00, 0x00, 0x19, 0x00, 0x00, 0x00, 0x19, 0x00, 0x00, 0x00, 0x29,
    0x00, 0x90, 0x99, 0x99, 0x90, 0x33, 0x33, 0x21, 0x29, 0x13, 0x21, 0x19, 0x22, 0x91, 0x21, 0x92,
    0x11, 0x29, 0x19, 0x92, 0x99, 0x29, 0x92, 0x99, 0x17, 0x39, 0x33, 0x33, 0x27, 0x11, 0x91, 0x19,
    0x00, 0x00, 0x00, 0x00, 0x00, 0x50, 0x55, 0x55, 0x55, 0x55, 0x55, 0x22, 0x22, 0x22, 0x23, 0x33,
    0x88, 0x88, 0x88, 0x88, 0x88, 0x88, 0x88, 0x00, 0x00, 0x00, 0x00, 0x00, 0x00, 0x00, 0x00, 0x00,
    0x00, 0x00, 0x00, 0x55, 0x55, 0x55, 0x55, 0x55, 0x22, 0x22, 0x22, 0x22, 0x33, 0x22, 0x82, 0x88,
    0x88, 0x88, 0x88, 0x88, 0x00, 0x00, 0x00, 0x00, 0x00, 0x00, 0x00, 0x00, 0x00, 0x00, 0x00, 0x00,
    0x00, 0x00, 0xF0, 0x88, 0x00, 0x00, 0xF0, 0xBB, 0x00, 0x00, 0x00, 0xFF, 0x00, 0x00, 0x00, 0x00,
    0x00, 0x00, 0x00, 0x00, 0x00, 0x00, 0x00, 0x00, 0x00, 0x00, 0x00, 0x00, 0x00, 0x00, 0x00, 0x00,
    0xFB, 0x00, 0x00, 0x00, 0x0F, 0x00, 0x00, 0x00, 0x00, 0x00, 0x00, 0x00, 0x00, 0x00, 0x00, 0x00,
    0x00, 0x00, 0x00, 0x00, 0x00, 0x00, 0x00, 0x00, 0x00, 0x00, 0x00, 0x00, 0x00, 0x00, 0x00, 0x00,
    0x00, 0x00, 0x00, 0x00, 0x09, 0x00, 0x00, 0x00, 0x91, 0x00, 0x00, 0x00, 0x91, 0x00, 0x00, 0x00,
    0x22, 0x09, 0x00, 0x00, 0x29, 0x09, 0x00, 0x00, 0x29, 0x92, 0x00, 0x00, 0x33, 0x22, 0x09, 0x00,
    0x00, 0x00, 0x00, 0x00, 0x00, 0x00, 0x00, 0x00, 0x00, 0x00, 0x00, 0x00, 0x00, 0x00, 0x00, 0x00,
    0x00, 0x00, 0x00, 0x00, 0x00, 0x00, 0x00, 0x00, 0x00, 0x00, 0x00, 0x00, 0x0F, 0x00, 0x00, 0x00,
};
static const u16 sFrame36[] = {
    0x0009, 0x00D6, 0x81E3, 0x0000, 0x80DE, 0x8003, 0x0010, 0x40E6, 0x41B3, 0x0018, 0x40F6, 0x41E3,
    0x001C, 0x40CE, 0x01E3, 0x0020, 0x40E6, 0x01D3, 0x0022, 0x40FE, 0x0003, 0x0024, 0x00CE, 0x01F3,
    0x0026, 0x00D6, 0x0003, 0x0027, 0x0000,
};
static const void* const sFrames36[] = { sFrame36 };
static const u8 sTiles37[1792] __attribute__((aligned(4))) = {
    0x00, 0x00, 0x00, 0x00, 0x00, 0x00, 0x00, 0x00, 0x00, 0x00, 0x00, 0x00, 0x00, 0x00, 0x00, 0xE5,
    0x00, 0x00, 0x00, 0x2E, 0x00, 0x00, 0x00, 0x3E, 0x00, 0x00, 0x00, 0xE0, 0x00, 0x00, 0x00, 0xEE,
    0x00, 0x99, 0x92, 0x16, 0x00, 0x99, 0x92, 0x11, 0xE0, 0x9E, 0x92, 0x12, 0x2E, 0x52, 0xE9, 0x12,
    0x11, 0x32, 0x3E, 0x2A, 0x51, 0x31, 0x2E, 0x7A, 0x13, 0x52, 0x5E, 0x8E, 0x35, 0xE3, 0xEB, 0x17,
    0x21, 0xEE, 0x72, 0x09, 0x21, 0x16, 0xA2, 0x09, 0x11, 0x21, 0x37, 0x09, 0x11, 0x22, 0x3A, 0x09,
    0x21, 0xA2, 0xEE, 0x93, 0xA7, 0x7A, 0x8E, 0xEE, 0x81, 0x72, 0xEE, 0x23, 0x28, 0xEA, 0x23, 0x31,
    0x00, 0x00, 0x00, 0x00, 0x00, 0x00, 0x00, 0x00, 0x00, 0x00, 0x00, 0x00, 0x00, 0x00, 0x00, 0x00,
    0x99, 0x99, 0x00, 0x00, 0x35, 0x33, 0x99, 0x99, 0xE2, 0x25, 0x32, 0x33, 0xE1, 0xE3, 0x25, 0x22,
    0x00, 0x00, 0xE0, 0x2E, 0x00, 0x00, 0x8E, 0x2E, 0x00, 0xE0, 0x68, 0xEE, 0x00, 0xE0, 0x56, 0xE6,
    0x00, 0x6E, 0x55, 0xEB, 0xE0, 0x88, 0x56, 0x0E, 0x6E, 0x86, 0x66, 0x0E, 0x8E, 0xB6, 0xEB, 0x00,
    0xE3, 0xBE, 0xEB, 0x1A, 0xE2, 0xBB, 0xEB, 0x2A, 0xE5, 0xB8, 0xBB, 0x8E, 0xEE, 0xB8, 0xEB, 0xAE,
    0xE0, 0xB8, 0xBE, 0xEE, 0xE0, 0x88, 0xEB, 0xBB, 0xE0, 0x88, 0x8B, 0xEE, 0x8E, 0xB8, 0x8B, 0xBB,
    0xA2, 0x3E, 0x22, 0x25, 0xE7, 0x5E, 0x23, 0x22, 0xEA, 0xEB, 0xEE, 0x33, 0xBE, 0x35, 0x11, 0xEE,
    0xEB, 0x23, 0x22, 0x53, 0xEE, 0x25, 0xE3, 0x05, 0x8E, 0xEE, 0xBE, 0x0E, 0x8B, 0xBB, 0xEB, 0x00,
    0x11, 0x1E, 0x3E, 0x23, 0x32, 0x2E, 0xEE, 0x3E, 0xE3, 0x23, 0x6E, 0xE8, 0x5E, 0xEE, 0x56, 0x65,
    0xEE, 0x8B, 0x66, 0x55, 0x00, 0xEE, 0x6B, 0x66, 0x00, 0x00, 0xEE, 0xBB, 0x00, 0x00, 0xE0, 0x88,
    0x88, 0x66, 0x0E, 0x00, 0x68, 0xB5, 0x0E, 0xE0, 0x68, 0xE5, 0x00, 0xE0, 0x99, 0x99, 0x00, 0xE0,
    0x35, 0x09, 0x00, 0xE0, 0x99, 0x09, 0x00, 0x8E, 0xE5, 0x00, 0x00, 0x8E, 0x65, 0x0E, 0x00, 0x8E,
    0x8E, 0xB8, 0x8B, 0x33, 0x88, 0xB8, 0x68, 0x68, 0x88, 0xBB, 0x68, 0x68, 0x88, 0xBB, 0x68, 0x68,
    0x88, 0xBB, 0x38, 0x63, 0x88, 0x8B, 0x86, 0x66, 0xB8, 0x8B, 0x86, 0x86, 0xBB, 0x68, 0x68, 0x86,
    0x88, 0xBB, 0xE8, 0x00, 0xB8, 0x8B, 0xE8, 0x00, 0xB8, 0x8B, 0x0E, 0x00, 0xB8, 0x8B, 0x0E, 0x00,
    0xB8, 0x88, 0x0E, 0x00, 0xB8, 0xE8, 0x00, 0x00, 0xBB, 0xE8, 0x00, 0x00, 0x8B, 0xE8, 0x00, 0x00,
    0x00, 0x00, 0xE0, 0x66, 0x00, 0x00, 0xE0, 0x56, 0x00, 0x00, 0xE0, 0x6B, 0x00, 0x00, 0x00, 0x8E,
    0x00, 0x00, 0x00, 0x99, 0xA0, 0x00, 0x00, 0x59, 0x7A, 0x0A, 0x00, 0x99, 0x1A, 0x0A, 0x00, 0x8E,
    0x55, 0x55, 0x55, 0x55, 0x21, 0x22, 0x22, 0x22, 0x22, 0x22, 0x22, 0x32, 0x88, 0x88, 0x88, 0x88,
    0xBE, 0x68, 0xB8, 0x3B, 0x68, 0x86, 0x8B, 0xE8, 0x66, 0xB8, 0xE8, 0xEE, 0x86, 0x3B, 0xBE, 0x8E,
    0x55, 0x55, 0x55, 0x55, 0x22, 0x22, 0x22, 0x22, 0x33, 0x33, 0x33, 0x33, 0x88, 0x88, 0x88, 0x88,
    0xB3, 0x68, 0x66, 0xB8, 0xB8, 0x68, 0x66, 0xB8, 0xB8, 0x68, 0x66, 0xB8, 0x8B, 0x66, 0x66, 0xB8,
    0x55, 0x55, 0x55, 0x55, 0x22, 0x22, 0x22, 0x22, 0x33, 0x33, 0x33, 0x53, 0x88, 0x88, 0x88, 0x88,
    0xE8, 0x00, 0x00, 0x00, 0xE8, 0x00, 0x00, 0x00, 0xE8, 0x00, 0x00, 0x00, 0x88, 0x0E, 0x00, 0x00,
    0x1A, 0x0A, 0xE0, 0x65, 0x1A, 0xFA, 0xEF, 0x68, 0x7A, 0xDA, 0xED, 0x68, 0x7A, 0xFA, 0xFF, 0x8E,
    0x7A, 0x0A, 0x00, 0xEE, 0x7A, 0x0A, 0x00, 0x00, 0xA0, 0x00, 0x00, 0x00, 0x00, 0x00, 0x00, 0x00,
    0x00, 0x00, 0x00, 0x00, 0x00, 0x00, 0x00, 0x00, 0x00, 0x00, 0x00, 0x00, 0x00, 0x00, 0x00, 0x00,
    0x00, 0x00, 0x00, 0x00, 0x58, 0x55, 0x05, 0x00, 0x58, 0x23, 0x52, 0x55, 0x80, 0x58, 0x33, 0x23,
    0x00, 0x00, 0x00, 0x00, 0x00, 0x00, 0x00, 0x00, 0x00, 0x00, 0x00, 0x00, 0x00, 0x00, 0x00, 0x00,
    0x00, 0x00, 0x00, 0x00, 0x00, 0x00, 0x00, 0x00, 0x05, 0x00, 0x00, 0x00, 0x52, 0x55, 0x55, 0x55,
    0x00, 0x00, 0x00, 0x00, 0x00, 0x00, 0x00, 0x00, 0x00, 0x00, 0x00, 0x00, 0x00, 0x00, 0x00, 0x00,
    0x00, 0x00, 0x00, 0x00, 0x00, 0x00, 0x00, 0x00, 0x00, 0x00, 0x00, 0x00, 0x55, 0x55, 0x55, 0x55,
    0x00, 0x00, 0x00, 0x00, 0x00, 0x00, 0x00, 0x00, 0x00, 0x00, 0x00, 0x00, 0x00, 0x00, 0x00, 0x00,
    0x00, 0x00, 0x00, 0x00, 0x00, 0x00, 0x00, 0x00, 0x00, 0x00, 0x00, 0x00, 0x55, 0x05, 0x00, 0x00,
    0x00, 0x80, 0x58, 0x35, 0x00, 0x00, 0x80, 0x88, 0x00, 0x00, 0x00, 0x00, 0x00, 0x00, 0x00, 0x00,
    0x00, 0x00, 0x00, 0x00, 0x00, 0x00, 0x00, 0x00, 0x00, 0x00, 0x00, 0x00, 0x00, 0x00, 0x00, 0x00,
    0x33, 0x33, 0x22, 0x22, 0x58, 0x35, 0x33, 0x33, 0x80, 0x88, 0x88, 0x88, 0x00, 0x00, 0x00, 0x00,
    0x00, 0x00, 0x00, 0x00, 0x00, 0x00, 0x00, 0x00, 0x00, 0x00, 0x00, 0x00, 0x00, 0x00, 0x00, 0x00,
    0x12, 0x11, 0x11, 0x22, 0x22, 0x22, 0x22, 0x32, 0x88, 0x88, 0x88, 0x88, 0x00, 0x00, 0x00, 0x00,
    0x00, 0x00, 0x00, 0x00, 0x00, 0x00, 0x00, 0x00, 0x00, 0x00, 0x00, 0x00, 0x00, 0x00, 0x00, 0x00,
    0x22, 0x52, 0x55, 0x55, 0x33, 0x33, 0x33, 0x23, 0x88, 0x58, 0x55, 0x55, 0x00, 0x80, 0x88, 0x88,
    0x00, 0x00, 0x00, 0x00, 0x00, 0x00, 0x00, 0x00, 0x00, 0x00, 0x00, 0x00, 0x00, 0x00, 0x00, 0x00,
    0x00, 0x00, 0x00, 0x00, 0x00, 0x00, 0x00, 0x00, 0x00, 0x00, 0x00, 0x00, 0x00, 0x00, 0x00, 0x00,
    0x00, 0x00, 0x00, 0xE0, 0x00, 0x00, 0x00, 0x8E, 0x00, 0x00, 0xE0, 0x68, 0x00, 0x00, 0xBE, 0x66,
    0x00, 0x00, 0x8E, 0x66, 0x00, 0xE0, 0x68, 0x86, 0xE0, 0x8E, 0x66, 0x86, 0xBE, 0x68, 0x66, 0xB8,
    0x68, 0x66, 0x86, 0xB8, 0x66, 0x66, 0x88, 0x8B, 0x66, 0x86, 0xB8, 0xE8, 0x66, 0x88, 0x3B, 0xBE,
    0x86, 0x8B, 0xBE, 0x3E, 0xB8, 0xE8, 0xEB, 0xB8, 0x8B, 0xBE, 0xEE, 0xB8, 0xE3, 0xBB, 0xEE, 0xB8,
    0xE8, 0xEB, 0xEB, 0xB3, 0xBE, 0xEB, 0xBB, 0x8E, 0xBB, 0xBE, 0xBB, 0x8E, 0xBB, 0xBE, 0xBB, 0x8E,
    0x8B, 0x66, 0x66, 0xB8, 0x68, 0x66, 0x66, 0xB8, 0x68, 0x66, 0x86, 0xBB, 0x68, 0x66, 0x86, 0xBB,
    0x68, 0x66, 0x86, 0xBB, 0x8B, 0x66, 0x86, 0xBB, 0x8B, 0x66, 0x86, 0xBB, 0x8B, 0x66, 0x86, 0xBB,
    0x00, 0x00, 0x8E, 0x66, 0x00, 0xE0, 0x8B, 0x66, 0x00, 0xBE, 0x8B, 0x86, 0xE0, 0xBB, 0x88, 0x88,
    0xE0, 0x8B, 0x88, 0x88, 0xBE, 0x8B, 0x88, 0x88, 0xBE, 0x8B, 0x88, 0x88, 0xBE, 0x88, 0x88, 0x88,
    0x86, 0xB8, 0xE8, 0xBE, 0x88, 0xB8, 0xE8, 0xBB, 0x88, 0x8B, 0xEE, 0xBB, 0xB8, 0xE3, 0xE0, 0xBB,
    0x8B, 0x0E, 0x00, 0xBE, 0x8B, 0x0E, 0x00, 0xE0, 0x8B, 0x0E, 0x00, 0x00, 0x3B, 0x0E, 0x00, 0x00,
    0xBB, 0xBE, 0xBB, 0x3E, 0xEB, 0xBB, 0xBB, 0x8E, 0xEB, 0xBB, 0xBB, 0x8E, 0xEB, 0xBB, 0xBB, 0x8E,
    0xEB, 0x33, 0xEE, 0x3E, 0xEB, 0xBB, 0xBB, 0x8E, 0xEE, 0x33, 0xEE, 0xEE, 0xE0, 0x8B, 0x88, 0xEB,
    0x8B, 0x66, 0x66, 0xB8, 0x8B, 0x66, 0x66, 0xB8, 0x8B, 0x66, 0x66, 0xB8, 0x8B, 0x66, 0x66, 0xB8,
    0x8B, 0x66, 0x66, 0xB8, 0x8B, 0x66, 0x66, 0xB8, 0xB8, 0x68, 0x66, 0xB8, 0xB8, 0x68, 0x66, 0xB8,
    0x11, 0x22, 0x33, 0x99, 0x23, 0x33, 0x33, 0x33, 0x2E, 0x12, 0x21, 0x92, 0xEB, 0x33, 0x33, 0x99,
    0xE6, 0x22, 0x33, 0x39, 0xB8, 0x2E, 0x11, 0x92, 0x88, 0x3E, 0x93, 0x09, 0x86, 0xEB, 0x32, 0x93,
    0x09, 0x00, 0x00, 0x00, 0x93, 0x00, 0x00, 0x00, 0x09, 0x00, 0x00, 0x00, 0x09, 0x00, 0x00, 0x00,
    0x93, 0x00, 0x00, 0x00, 0x99, 0x00, 0x00, 0x00, 0x00, 0x00, 0x00, 0x00, 0x00, 0x00, 0x00, 0x00,
    0x65, 0xE8, 0x99, 0x39, 0x65, 0xE8, 0x00, 0x90, 0x65, 0xE8, 0x00, 0x00, 0x66, 0xEB, 0x00, 0x00,
    0x99, 0x99, 0x00, 0x00, 0x31, 0x35, 0x09, 0x00, 0x99, 0x99, 0x09, 0x00, 0x86, 0x66, 0xF9, 0xFF,
    0x09, 0x00, 0x00, 0x00, 0x99, 0x00, 0x00, 0x00, 0x00, 0x00, 0x00, 0x00, 0x00, 0x00, 0x00, 0x00,
    0x00, 0x00, 0x00, 0x00, 0x00, 0x00, 0x00, 0x00, 0x00, 0x00, 0x00, 0x00, 0xFF, 0xFF, 0x00, 0x00,
    0xE8, 0x00, 0x00, 0x00, 0xE8, 0x00, 0x00, 0x00, 0xE8, 0x00, 0x00, 0x00, 0xE8, 0x00, 0x00, 0x00,
    0xEE, 0x00, 0x00, 0x00, 0x00, 0x00, 0x00, 0x00, 0x00, 0x00, 0x00, 0x00, 0x00, 0x00, 0x00, 0x00,
    0xE0, 0x88, 0x86, 0xEB, 0xE0, 0x68, 0x86, 0xEB, 0xE0, 0x6B, 0x86, 0x0E, 0x00, 0x6E, 0x86, 0x0E,
    0x00, 0x8E, 0x86, 0x0E, 0x00, 0x8E, 0xB6, 0x0E, 0x00, 0x8E, 0xB6, 0x0E, 0x00, 0xBE, 0xB8, 0x0E,
    0x00, 0x00, 0x00, 0x00, 0x00, 0x00, 0x00, 0x00, 0x00, 0x00, 0x00, 0x00, 0x00, 0x00, 0x00, 0xE0,
    0x00, 0x00, 0xE0, 0x8E, 0x00, 0x00, 0xBE, 0x88, 0x00, 0xE0, 0x8B, 0xB8, 0x00, 0x00, 0xBE, 0xEB,
    0x00, 0xBE, 0xB8, 0x0E, 0x00, 0xBE, 0xBB, 0x0E, 0xEE, 0xBB, 0xBB, 0x0E, 0x8B, 0x88, 0xBB, 0x0E,
    0x88, 0xB8, 0xEB, 0x0E, 0xB8, 0xEB, 0x0E, 0x00, 0xEB, 0x0E, 0x00, 0x00, 0x0E, 0x00, 0x00, 0x00,
    0x00, 0x00, 0x00, 0x99, 0x00, 0x00, 0x90, 0x32, 0x00, 0x00, 0x19, 0x23, 0x00, 0x90, 0x12, 0x31,
    0x00, 0x90, 0x92, 0x31, 0x00, 0x29, 0x29, 0x39, 0x00, 0x99, 0x91, 0x93, 0x00, 0x99, 0x91, 0xE9,
    0x99, 0x99, 0x00, 0x00, 0x33, 0x21, 0x09, 0x00, 0x32, 0x23, 0x92, 0x00, 0x23, 0x19, 0x92, 0x00,
    0x22, 0x91, 0x39, 0x09, 0x99, 0x12, 0x92, 0x09, 0x21, 0x19, 0x21, 0x09, 0x21, 0x92, 0x33, 0x93,
    0x55, 0x55, 0x55, 0x55, 0x22, 0x22, 0x22, 0x22, 0x33, 0x33, 0x33, 0x33, 0x88, 0x88, 0x88, 0x88,
    0x00, 0x00, 0x00, 0x00, 0x00, 0x00, 0x00, 0x00, 0x00, 0x00, 0x00, 0x00, 0x00, 0x00, 0x00, 0x00,
    0x55, 0x55, 0x55, 0x55, 0x22, 0x22, 0x22, 0x12, 0x23, 0x22, 0x22, 0x22, 0x88, 0x88, 0x88, 0x88,
    0x00, 0x00, 0x00, 0x00, 0x00, 0x00, 0x00, 0x00, 0x00, 0x00, 0x00, 0x00, 0x00, 0x00, 0x00, 0x00,
    0x56, 0xE6, 0x2E, 0xDD, 0x6E, 0xE8, 0xDD, 0xFF, 0x8E, 0xFE, 0xFF, 0x00, 0xEE, 0x0E, 0x00, 0x00,
    0x0E, 0x00, 0x00, 0x00, 0x00, 0x00, 0x00, 0x00, 0x00, 0x00, 0x00, 0x00, 0x00, 0x00, 0x00, 0x00,
    0xD2, 0xFF, 0x00, 0x00, 0xFF, 0x00, 0x00, 0x00, 0x00, 0x00, 0x00, 0x00, 0x00, 0x00, 0x00, 0x00,
    0x00, 0x00, 0x00, 0x00, 0x00, 0x00, 0x00, 0x00, 0x00, 0x00, 0x00, 0x00, 0x00, 0x00, 0x00, 0x00,
    0x00, 0x00, 0x00, 0xE0, 0x00, 0x00, 0x00, 0xE0, 0x00, 0x00, 0x00, 0x00, 0x00, 0x00, 0x00, 0x00,
    0x00, 0x00, 0x00, 0x00, 0x00, 0x00, 0x00, 0x00, 0x00, 0x00, 0x00, 0x00, 0x00, 0x00, 0x00, 0x00,
    0xBB, 0x88, 0x88, 0xB8, 0xBE, 0x88, 0x88, 0xB8, 0xE0, 0xEE, 0x8E, 0xB8, 0x00, 0x00, 0xE0, 0xEE,
    0x00, 0x00, 0x00, 0x00, 0x00, 0x00, 0x00, 0x00, 0x00, 0x00, 0x00, 0x00, 0x00, 0x00, 0x00, 0x00,
    0xB3, 0x68, 0x66, 0xB8, 0xB8, 0x68, 0x66, 0xB8, 0x8E, 0x8B, 0x66, 0xB8, 0x8E, 0x8B, 0x66, 0xB8,
    0x8E, 0x8B, 0x66, 0xEE, 0x8E, 0xEE, 0xEE, 0x00, 0xEE, 0xBB, 0x0E, 0x00, 0x00, 0xEE, 0x00, 0x00,
    0x88, 0x8B, 0xB8, 0x0E, 0x68, 0xB8, 0x88, 0x0E, 0x68, 0xB8, 0xE8, 0x0E, 0xE8, 0xEE, 0x0E, 0x00,
    0x0E, 0x00, 0x00, 0x00, 0x00, 0x00, 0x00, 0x00, 0x00, 0x00, 0x00, 0x00, 0x00, 0x00, 0x00, 0x00,
    0x00, 0x00, 0x00, 0xE0, 0x00, 0x00, 0x00, 0xE0, 0x00, 0x00, 0x00, 0x99, 0x00, 0x00, 0x00, 0x19,
    0x00, 0x00, 0xE0, 0x98, 0x00, 0x00, 0x6E, 0x86, 0x00, 0xE0, 0x66, 0x58, 0x00, 0xE0, 0x86, 0x66,
    0x55, 0x55, 0x55, 0x55, 0x11, 0x11, 0x11, 0x11, 0x22, 0x22, 0x22, 0x22, 0x88, 0x88, 0x88, 0x88,
    0x00, 0x00, 0x00, 0x00, 0x00, 0x00, 0x00, 0xE0, 0x00, 0x00, 0x00, 0x8E, 0x00, 0x00, 0xE0, 0x68,
    0x88, 0x0E, 0x00, 0x00, 0x88, 0xEB, 0x00, 0x00, 0x88, 0xEB, 0x00, 0x00, 0xB8, 0xEB, 0x00, 0x00,
    0xB8, 0xEB, 0x00, 0x00, 0xB8, 0xEB, 0x00, 0x00, 0xBB, 0xBB, 0x0E, 0x00, 0x8B, 0xBB, 0x0E, 0x00,
    0x8B, 0xB8, 0x0E, 0x00, 0x8B, 0xB8, 0x0E, 0x00, 0xBB, 0xB8, 0x0E, 0x00, 0xB8, 0x88, 0x0E, 0x00,
    0xB8, 0x88, 0x0E, 0x00, 0x88, 0x8B, 0xEB, 0x00, 0x88, 0x8B, 0xEB, 0x00, 0x88, 0x8B, 0xE8, 0x00,
    0x00, 0x00, 0x00, 0x00, 0x00, 0x00, 0x00, 0x00, 0x00, 0x00, 0x00, 0x00, 0x00, 0x00, 0x00, 0x00,
    0x00, 0x00, 0x00, 0x00, 0x00, 0x00, 0x00, 0x00, 0x99, 0x99, 0x00, 0x00, 0x22, 0x33, 0x99, 0x00,
    0x00, 0x00, 0xE0, 0x0E, 0x00, 0x00, 0x00, 0x00, 0x00, 0x00, 0x00, 0x00, 0x00, 0x00, 0x00, 0x00,
    0x00, 0x00, 0x00, 0x00, 0x00, 0x00, 0x00, 0x00, 0x00, 0x00, 0x00, 0x00, 0x00, 0x00, 0x00, 0x00,
};
static const u16 sFrame37[] = {
    0x000E, 0x00C0, 0x81FC, 0x0000, 0x40D0, 0x81C4, 0x0010, 0x40E0, 0x81EC, 0x0018, 0x00C8, 0x401C,
    0x0020, 0x00F0, 0x41F4, 0x0024, 0x40B8, 0x0004, 0x0028, 0x40D8, 0x01E4, 0x002A, 0x40D8, 0x001C,
    0x002C, 0x40F0, 0x01E4, 0x002E, 0x40F0, 0x0004, 0x0030, 0x80D0, 0x01F4, 0x0032, 0x80E0, 0x000C,
    0x0034, 0x00C0, 0x001C, 0x0036, 0x0000, 0x01F4, 0x0037, 0x0000,
};
static const void* const sFrames37[] = { sFrame37 };
static const u8 sTiles38[1888] __attribute__((aligned(4))) = {
    0x00, 0x00, 0x00, 0x00, 0x00, 0x00, 0x00, 0x00, 0x00, 0x00, 0x00, 0x00, 0x00, 0x00, 0x00, 0x00,
    0x00, 0x00, 0x00, 0x00, 0x00, 0x00, 0x00, 0x00, 0x0E, 0x00, 0x00, 0x00, 0xE6, 0x00, 0x00, 0x00,
    0x00, 0x00, 0x00, 0x90, 0x00, 0x00, 0x00, 0x90, 0x00, 0x00, 0x00, 0x00, 0x00, 0x00, 0x00, 0x00,
    0x00, 0x00, 0x00, 0xE0, 0x00, 0x00, 0x00, 0xE0, 0x00, 0x00, 0x00, 0x3E, 0x00, 0x00, 0x00, 0xE0,
    0xA2, 0xE1, 0x1E, 0x33, 0xA2, 0x61, 0x21, 0x92, 0xA9, 0x11, 0x11, 0x91, 0xE5, 0x1E, 0x11, 0xE2,
    0x22, 0xE3, 0xEE, 0xEE, 0x31, 0xE1, 0x52, 0xBE, 0x21, 0x2E, 0xE2, 0xBB, 0x33, 0x5E, 0x5E, 0xBE,
    0x13, 0x23, 0x93, 0x00, 0x32, 0x12, 0x92, 0x00, 0x23, 0x12, 0x21, 0x09, 0x33, 0x12, 0x21, 0x09,
    0x39, 0x12, 0x19, 0x92, 0x39, 0x12, 0x19, 0x92, 0x39, 0x12, 0x91, 0x92, 0x39, 0x12, 0x91, 0x91,
    0xE8, 0x00, 0x00, 0x00, 0x9B, 0xE9, 0xEE, 0x00, 0x39, 0xB9, 0xB8, 0xEE, 0x91, 0x68, 0x66, 0x86,
    0x95, 0x8B, 0x66, 0x66, 0x99, 0xEE, 0xBE, 0x68, 0x21, 0x22, 0xE2, 0x8E, 0x22, 0x22, 0x22, 0xE2,
    0x00, 0x00, 0x00, 0xEE, 0x00, 0xE0, 0xEE, 0x8B, 0xEE, 0xBE, 0x8B, 0x66, 0xB8, 0xBB, 0x66, 0x66,
    0x66, 0x88, 0x68, 0xB8, 0x86, 0x88, 0xEB, 0xEE, 0xB8, 0xEE, 0x2E, 0x22, 0xEE, 0x33, 0x33, 0x33,
    0xEE, 0xEE, 0x32, 0xBE, 0x35, 0x2E, 0x53, 0xBB, 0x58, 0xEE, 0x8E, 0xBB, 0xB8, 0xEE, 0x88, 0xB8,
    0xEE, 0x00, 0x8E, 0xB8, 0x55, 0x55, 0x8E, 0x88, 0x22, 0x22, 0x8E, 0x88, 0x33, 0x33, 0xE3, 0x88,
    0x9B, 0x13, 0x11, 0x29, 0x9B, 0x13, 0x11, 0x29, 0x8B, 0x29, 0x91, 0x91, 0x8B, 0x29, 0x91, 0x91,
    0xBB, 0x39, 0x91, 0x11, 0xBB, 0x39, 0x91, 0x11, 0xBB, 0x9B, 0x92, 0x11, 0xBB, 0x9B, 0x93, 0x11,
    0x88, 0x88, 0x88, 0x88, 0x00, 0x00, 0x00, 0x00, 0x00, 0x00, 0x00, 0x00, 0x00, 0x00, 0x00, 0x00,
    0x00, 0x00, 0x00, 0x00, 0x00, 0x00, 0x00, 0x00, 0x00, 0x00, 0x00, 0x00, 0x00, 0x00, 0x00, 0x00,
    0x88, 0x88, 0x88, 0x88, 0x00, 0x00, 0x00, 0x00, 0x00, 0x00, 0x00, 0x00, 0x00, 0x00, 0x00, 0x00,
    0x00, 0x00, 0x00, 0x00, 0x00, 0x00, 0x00, 0x00, 0x00, 0x00, 0x00, 0x00, 0x00, 0x00, 0x00, 0x00,
    0x88, 0x88, 0xE8, 0x88, 0x00, 0x00, 0x00, 0x8E, 0x00, 0x00, 0x00, 0x8E, 0x00, 0x00, 0x00, 0xE0,
    0x00, 0x00, 0x00, 0xE0, 0x00, 0x00, 0x00, 0xE0, 0x00, 0x00, 0xE0, 0xBE, 0x00, 0xEE, 0xBE, 0xBB,
    0xBB, 0x9B, 0x13, 0x39, 0xB8, 0xBB, 0x13, 0x39, 0xBB, 0xBB, 0x19, 0x39, 0xB8, 0xBB, 0x19, 0x99,
    0xB8, 0xBB, 0x29, 0x99, 0xBB, 0xBB, 0x9B, 0x99, 0xBB, 0xBB, 0x98, 0x93, 0x8B, 0xBB, 0x98, 0xB9,
    0x00, 0x00, 0x00, 0x00, 0x00, 0x00, 0x00, 0x00, 0x00, 0x00, 0x00, 0x00, 0x00, 0x00, 0x00, 0x00,
    0x00, 0x00, 0x00, 0x00, 0x00, 0x00, 0x00, 0xE0, 0x00, 0x00, 0xE0, 0xBE, 0x00, 0x00, 0x8E, 0x88,
    0x00, 0x00, 0x00, 0x00, 0x00, 0x00, 0xE0, 0xEE, 0x00, 0xE0, 0xBE, 0xBB, 0xE0, 0xBE, 0xBB, 0xBB,
    0xBE, 0xBB, 0xBB, 0x8B, 0xBB, 0xBB, 0x88, 0x88, 0x8B, 0x88, 0x88, 0x88, 0x88, 0x88, 0x88, 0xBB,
    0xEE, 0xBB, 0xBB, 0xBB, 0xBB, 0xBB, 0xBB, 0xBB, 0xBB, 0xBB, 0x88, 0xB8, 0xBB, 0x88, 0x88, 0xBB,
    0x88, 0x88, 0xBB, 0x88, 0x88, 0xBB, 0xBB, 0x88, 0xBB, 0xBB, 0x88, 0x88, 0xBB, 0x8B, 0x88, 0x88,
    0x8B, 0xBB, 0x88, 0xB9, 0x8B, 0xBB, 0x88, 0xB9, 0x88, 0x8B, 0x88, 0xB8, 0xB8, 0x8B, 0x68, 0xB8,
    0xB8, 0x8B, 0x68, 0xB8, 0xB8, 0x8B, 0x68, 0x88, 0xBB, 0x8B, 0x68, 0x88, 0xBB, 0x8B, 0x66, 0x88,
    0x00, 0x00, 0x00, 0x00, 0x00, 0x00, 0x00, 0x00, 0x00, 0x00, 0x00, 0x00, 0x00, 0x00, 0x00, 0x00,
    0x55, 0x05, 0x00, 0x00, 0x22, 0x52, 0x55, 0x55, 0x33, 0x33, 0x33, 0x23, 0x88, 0x58, 0x55, 0x55,
    0x00, 0x00, 0x00, 0x00, 0x00, 0x00, 0x00, 0x00, 0x00, 0x00, 0x00, 0x00, 0x00, 0x00, 0x00, 0x00,
    0x00, 0x00, 0x00, 0x00, 0x55, 0x55, 0x55, 0x55, 0x22, 0x22, 0x22, 0x22, 0x33, 0x33, 0x33, 0x33,
    0x00, 0x00, 0x00, 0x00, 0x00, 0x00, 0x00, 0xE0, 0x00, 0x00, 0x00, 0xE0, 0x00, 0x00, 0x00, 0x00,
    0x00, 0x00, 0x00, 0x00, 0x55, 0x55, 0x55, 0x55, 0x22, 0x22, 0x22, 0x12, 0x23, 0x22, 0x22, 0x22,
    0x8E, 0x88, 0x68, 0xB8, 0xE6, 0xEE, 0x8B, 0x88, 0x0E, 0xE0, 0xBE, 0xBB, 0x00, 0x00, 0xE0, 0x9E,
    0x00, 0x00, 0x00, 0x90, 0x55, 0x55, 0x55, 0x55, 0x11, 0x11, 0x11, 0x11, 0x22, 0x22, 0x22, 0x22,
    0x00, 0x80, 0x88, 0x88, 0x00, 0x00, 0x00, 0x00, 0x00, 0x00, 0x00, 0x00, 0x00, 0x00, 0x00, 0x00,
    0x00, 0x00, 0x00, 0x00, 0x00, 0x00, 0x00, 0x00, 0x00, 0x00, 0x00, 0x00, 0x00, 0x00, 0x00, 0x00,
    0x88, 0x88, 0x88, 0x88, 0x00, 0x00, 0x00, 0x00, 0x00, 0x00, 0x00, 0x00, 0x00, 0x00, 0x00, 0x00,
    0x00, 0x00, 0x00, 0x00, 0x00, 0x00, 0x00, 0x00, 0x00, 0x00, 0x00, 0x00, 0x00, 0x00, 0x00, 0x00,
    0x88, 0x88, 0x88, 0x88, 0x00, 0x00, 0x00, 0x00, 0x00, 0x00, 0x00, 0x00, 0x00, 0x00, 0x00, 0x00,
    0x00, 0x00, 0x00, 0x00, 0x00, 0x00, 0x00, 0x00, 0x00, 0x00, 0x00, 0x00, 0x00, 0x00, 0x00, 0x00,
    0x88, 0x88, 0x88, 0x88, 0x00, 0x00, 0x00, 0x00, 0x00, 0x00, 0x00, 0x00, 0x00, 0x00, 0x00, 0x00,
    0x00, 0x00, 0x00, 0x00, 0x00, 0x00, 0x00, 0x00, 0x00, 0x00, 0x00, 0x00, 0x00, 0x00, 0x00, 0x00,
    0x00, 0x00, 0x8E, 0x88, 0x00, 0xE0, 0x88, 0x88, 0x00, 0xE0, 0x88, 0x88, 0x00, 0xE0, 0x88, 0x88,
    0x00, 0xBE, 0x88, 0x88, 0x00, 0xBE, 0x88, 0xB8, 0x00, 0xBE, 0x8B, 0xB8, 0x00, 0xBE, 0x8B, 0xB8,
    0x88, 0x88, 0x8B, 0xBB, 0x88, 0xBB, 0xBB, 0xBB, 0xB8, 0xBB, 0x8B, 0xBB, 0xBB, 0xBB, 0xB8, 0x8B,
    0x8B, 0x88, 0xBB, 0x88, 0x8B, 0x88, 0x8B, 0x88, 0x88, 0xB8, 0x8B, 0x88, 0x88, 0xB8, 0x88, 0x88,
    0xBB, 0x88, 0x88, 0x88, 0x8B, 0x88, 0x88, 0xB8, 0x88, 0x88, 0x88, 0xB8, 0x88, 0x88, 0x88, 0xBB,
    0x88, 0x88, 0x88, 0xBB, 0x88, 0x88, 0xB8, 0xBB, 0x88, 0x88, 0xB8, 0xBB, 0x88, 0x88, 0xB8, 0xBB,
    0xBB, 0x88, 0x66, 0x86, 0xBB, 0x88, 0x66, 0x86, 0xBB, 0x88, 0x66, 0x86, 0xBB, 0x88, 0x66, 0x86,
    0xBB, 0x88, 0x66, 0x86, 0xBB, 0x68, 0x66, 0x86, 0x8B, 0x68, 0x66, 0x66, 0x8B, 0x66, 0x66, 0x66,
    0x00, 0xBE, 0x8B, 0x88, 0xE0, 0xBB, 0x8B, 0x88, 0xE0, 0xBB, 0xBB, 0x88, 0xE0, 0xBB, 0xBB, 0x88,
    0x00, 0xBE, 0xBB, 0x88, 0x00, 0xBE, 0xBB, 0x8B, 0x00, 0xE0, 0xBB, 0x8B, 0x00, 0xE0, 0xBB, 0xBB,
    0x8B, 0xB8, 0x88, 0x88, 0x8B, 0x88, 0x88, 0x88, 0xBB, 0x88, 0x88, 0x88, 0xBB, 0x88, 0x88, 0x88,
    0xBB, 0x8B, 0x88, 0x88, 0xBB, 0x8B, 0x88, 0x88, 0xB8, 0x8B, 0x88, 0x88, 0xB8, 0x8B, 0x88, 0x88,
    0x88, 0x88, 0xBB, 0xBB, 0x88, 0x88, 0xBB, 0xBB, 0x88, 0x88, 0xBB, 0xBB, 0x88, 0x88, 0xBB, 0xBB,
    0x88, 0xB8, 0xBB, 0xBB, 0x88, 0xB8, 0xBB, 0xBB, 0x88, 0xB8, 0xBB, 0xBB, 0x88, 0x88, 0xBB, 0xBB,
    0x8B, 0x66, 0x66, 0x66, 0x8B, 0x66, 0x66, 0x66, 0x8B, 0x66, 0x66, 0x66, 0x8B, 0x66, 0x66, 0x66,
    0x88, 0x66, 0x66, 0x66, 0x88, 0x68, 0x66, 0x66, 0x88, 0x68, 0x66, 0x66, 0x88, 0x66, 0x66, 0x66,
    0x9B, 0x93, 0xBB, 0x0E, 0x8B, 0x29, 0xB9, 0x0E, 0x8B, 0x39, 0xB9, 0xE8, 0x8B, 0x96, 0xB9, 0x88,
    0x8B, 0x96, 0xB9, 0x8B, 0xBB, 0x66, 0xB9, 0x8B, 0xBB, 0x68, 0x89, 0xBB, 0xBB, 0x68, 0x88, 0xBB,
    0x00, 0x00, 0x00, 0x00, 0x00, 0x00, 0x00, 0x00, 0x00, 0x00, 0x00, 0x00, 0x0E, 0x00, 0x00, 0x00,
    0x0E, 0x00, 0x00, 0x00, 0xE8, 0x00, 0x00, 0x00, 0xE8, 0x00, 0x00, 0x00, 0x88, 0x0E, 0x00, 0x00,
    0xBB, 0x88, 0x86, 0xB8, 0x8B, 0x88, 0x66, 0xB8, 0x8B, 0x88, 0x68, 0x88, 0x88, 0xB8, 0x68, 0x86,
    0x88, 0xB8, 0x68, 0x86, 0x86, 0xB8, 0x68, 0x66, 0x66, 0xB8, 0x8B, 0x66, 0x66, 0xB8, 0x8B, 0x66,
    0x8B, 0xE8, 0x00, 0x00, 0x8B, 0x88, 0x0E, 0x00, 0xBB, 0x88, 0xEB, 0x00, 0xBB, 0x8B, 0xB8, 0x0E,
    0xB8, 0x8B, 0x86, 0xEB, 0x88, 0xBB, 0x66, 0xB8, 0x88, 0xB8, 0x68, 0x88, 0x88, 0xB8, 0x68, 0x88,
    0x86, 0xB8, 0x8B, 0x66, 0x86, 0xB8, 0x8B, 0x66, 0x88, 0xB8, 0x8B, 0x68, 0x88, 0xB8, 0x8B, 0x68,
    0x88, 0xBB, 0xBB, 0x68, 0x88, 0xBB, 0xBB, 0x68, 0x88, 0xBB, 0xBB, 0x68, 0x88, 0xBB, 0xBB, 0x68,
    0x86, 0x88, 0x88, 0x86, 0x86, 0x68, 0x66, 0x66, 0x86, 0x8B, 0x66, 0x66, 0x86, 0x8B, 0x68, 0x66,
    0x86, 0xBB, 0x68, 0x66, 0x86, 0xBB, 0x68, 0x88, 0x86, 0xBB, 0x68, 0xB8, 0x86, 0xBB, 0x6B, 0x88,
    0x88, 0xBB, 0xBB, 0x68, 0x88, 0xBB, 0xBB, 0x88, 0x88, 0xBB, 0xBB, 0x88, 0xEE, 0xEE, 0xEE, 0xEE,
    0x00, 0x00, 0x00, 0x00, 0x00, 0x00, 0x00, 0x00, 0x00, 0x00, 0x00, 0x00, 0x00, 0x00, 0x00, 0x00,
    0x88, 0xBB, 0x8B, 0x88, 0x88, 0xBB, 0x8B, 0xE8, 0xE8, 0xEE, 0xEE, 0xEE, 0x0E, 0x00, 0x00, 0xBE,
    0x00, 0x00, 0x00, 0xBE, 0x00, 0x00, 0x00, 0xE0, 0x00, 0x00, 0x00, 0xE0, 0x00, 0x00, 0x00, 0x00,
    0x00, 0x00, 0x00, 0x00, 0x00, 0x00, 0x00, 0x00, 0x00, 0x00, 0x00, 0x00, 0x00, 0x00, 0x00, 0x00,
    0x00, 0x00, 0x00, 0xEE, 0x00, 0x00, 0x00, 0x8E, 0x00, 0x00, 0x00, 0xEE, 0x00, 0x00, 0x00, 0x00,
    0x00, 0x00, 0xEE, 0xEE, 0x00, 0x00, 0x00, 0xBE, 0x00, 0xE0, 0xEE, 0x88, 0xEE, 0x8E, 0x88, 0xBB,
    0x88, 0x88, 0xB8, 0xBB, 0x88, 0xBB, 0xBB, 0xBB, 0xEE, 0xEE, 0xEE, 0xEE, 0x00, 0x00, 0x00, 0x00,
    0xBB, 0x8B, 0x88, 0x88, 0xEE, 0xEE, 0xEE, 0x88, 0xBB, 0x0E, 0x00, 0xEE, 0xBB, 0x0E, 0x00, 0x00,
    0xEB, 0x00, 0x00, 0x00, 0x0E, 0x00, 0x00, 0x00, 0x0E, 0x00, 0x00, 0x00, 0x00, 0x00, 0x00, 0x00,
    0x88, 0x88, 0xBB, 0x8B, 0x88, 0x88, 0xBB, 0x8B, 0xEE, 0xEE, 0xEE, 0xEE, 0x00, 0x00, 0x00, 0x00,
    0x00, 0x00, 0x00, 0x00, 0x00, 0x00, 0x00, 0x00, 0x00, 0x00, 0x00, 0x00, 0x00, 0x00, 0x00, 0x00,
    0x00, 0x00, 0x00, 0x00, 0x00, 0x00, 0x00, 0x00, 0x00, 0x00, 0x00, 0x00, 0x00, 0x00, 0x00, 0x00,
    0x00, 0x00, 0x00, 0x00, 0x00, 0x00, 0x00, 0x90, 0x00, 0x00, 0x00, 0x90, 0x00, 0x00, 0x00, 0x90,
    0x00, 0x90, 0x99, 0x09, 0x00, 0x39, 0x33, 0x92, 0x90, 0x23, 0x21, 0x19, 0x29, 0x22, 0x11, 0x92,
    0x29, 0x11, 0x91, 0x22, 0x91, 0x19, 0x99, 0x21, 0x71, 0x92, 0x22, 0x99, 0x72, 0x12, 0x39, 0x22,
    0x00, 0x00, 0x00, 0x00, 0x00, 0x00, 0x00, 0x00, 0x58, 0x55, 0x05, 0x00, 0x58, 0x23, 0x52, 0x55,
    0x80, 0x58, 0x33, 0x23, 0x00, 0x80, 0x58, 0x35, 0x00, 0x00, 0x80, 0x88, 0x00, 0x00, 0x00, 0x00,
    0x00, 0x00, 0x00, 0x00, 0x00, 0x00, 0x00, 0x00, 0x00, 0x00, 0x00, 0x00, 0x05, 0x00, 0x00, 0x00,
    0x52, 0x55, 0x55, 0x55, 0x33, 0x33, 0x22, 0x22, 0x58, 0x35, 0x33, 0x33, 0x80, 0x88, 0x88, 0x88,
    0x19, 0x21, 0x68, 0x86, 0x39, 0x33, 0x88, 0x56, 0xE9, 0xEE, 0x8B, 0x88, 0x92, 0x9E, 0x99, 0xEE,
    0x99, 0x9B, 0x93, 0x66, 0x99, 0x9E, 0x91, 0x88, 0x91, 0x9E, 0x59, 0xE9, 0x91, 0xF9, 0x9F, 0xF9,
    0x0E, 0x00, 0x00, 0x00, 0xE6, 0x00, 0x00, 0x00, 0xB6, 0x0E, 0x00, 0x00, 0x88, 0x0E, 0x00, 0x00,
    0xB8, 0xFE, 0x00, 0x00, 0xEB, 0xFF, 0x00, 0x00, 0xFE, 0xFD, 0x00, 0x00, 0xFF, 0x0F, 0x00, 0x00,
    0x00, 0x00, 0x00, 0x00, 0x00, 0x00, 0x00, 0x00, 0x00, 0x00, 0x00, 0x00, 0x00, 0x00, 0x00, 0x00,
    0x00, 0x00, 0x00, 0x00, 0x0E, 0x00, 0x00, 0x00, 0xEB, 0x00, 0x00, 0x00, 0xB8, 0x0E, 0x00, 0x00,
    0xB8, 0xEB, 0x00, 0x00, 0x88, 0xBB, 0x0E, 0x00, 0x86, 0xB8, 0xEB, 0x00, 0x86, 0xB8, 0xEB, 0x00,
    0x66, 0x88, 0xBB, 0x0E, 0x88, 0x86, 0xBB, 0x0E, 0x88, 0x88, 0xEB, 0x00, 0xBB, 0x88, 0xE8, 0x00,
    0x00, 0x00, 0x00, 0x00, 0x09, 0x00, 0x00, 0x00, 0x91, 0x00, 0x00, 0x00, 0x91, 0x00, 0x00, 0x00,
    0x39, 0x09, 0x00, 0x00, 0x29, 0x93, 0x00, 0x00, 0x22, 0x92, 0x00, 0x00, 0x39, 0x32, 0x09, 0x00,
    0x00, 0x00, 0x00, 0x00, 0x00, 0x00, 0x00, 0x00, 0x00, 0x00, 0x00, 0x00, 0x00, 0x00, 0x00, 0x00,
    0x00, 0xE0, 0x0E, 0x00, 0x00, 0xE0, 0xE8, 0x00, 0xE0, 0xEB, 0x8E, 0xEE, 0xE0, 0x6E, 0xB6, 0x6B,
    0x00, 0x00, 0x00, 0x00, 0x00, 0x00, 0x00, 0x00, 0x00, 0x00, 0x00, 0x00, 0x00, 0x00, 0x00, 0x00,
    0xEE, 0xFE, 0x0E, 0x00, 0x2E, 0xE5, 0xE3, 0x00, 0x2E, 0xE1, 0x8E, 0x0E, 0x39, 0x11, 0x68, 0xE8,
    0x00, 0x00, 0x00, 0x00, 0x00, 0x00, 0x00, 0x00, 0x00, 0x00, 0x00, 0x00, 0x00, 0x00, 0x00, 0x00,
    0x55, 0x55, 0x55, 0x55, 0x12, 0x11, 0x11, 0x22, 0x22, 0x22, 0x22, 0x32, 0x88, 0x88, 0x88, 0x88,
    0x11, 0x09, 0x00, 0x00, 0x11, 0x93, 0x00, 0x00, 0x12, 0x92, 0x00, 0x00, 0x12, 0x92, 0x0E, 0x00,
    0x13, 0x92, 0x0E, 0x00, 0x19, 0x91, 0x0E, 0x00, 0x39, 0x92, 0xEB, 0x00, 0x9B, 0x92, 0xEB, 0x00,
    0x88, 0x66, 0x66, 0x66, 0x88, 0x66, 0x66, 0x66, 0xEE, 0xEE, 0x6E, 0x66, 0x00, 0x00, 0xE0, 0xEE,
    0x00, 0x00, 0x00, 0x00, 0x00, 0x00, 0x00, 0x00, 0x00, 0x00, 0x00, 0x00, 0x00, 0x00, 0x00, 0x00,
    0xB8, 0x8B, 0xE8, 0x00, 0xEE, 0xEE, 0x0E, 0x00, 0x8B, 0xB8, 0x0E, 0x00, 0x8B, 0xB8, 0x0E, 0x00,
    0x88, 0x88, 0xEB, 0x00, 0x8B, 0xB8, 0xEB, 0x00, 0xBB, 0xBB, 0x0E, 0x00, 0xEE, 0xEE, 0x00, 0x00,
};
static const u16 sFrame38[] = {
    0x0010, 0x00C8, 0x81E4, 0x0000, 0x40D0, 0x81C4, 0x0010, 0x40E8, 0x81E4, 0x0018, 0x80E0, 0x8004,
    0x0020, 0x40F8, 0x41DC, 0x0028, 0x40C0, 0x01EC, 0x002C, 0x40D0, 0x01AC, 0x002E, 0x40D0, 0x0004,
    0x0030, 0x80E8, 0x0014, 0x0032, 0x00C0, 0x01FC, 0x0034, 0x00C8, 0x01DC, 0x0035, 0x00C8, 0x0004,
    0x0036, 0x00D0, 0x01BC, 0x0037, 0x00D8, 0x0004, 0x0038, 0x00F8, 0x01FC, 0x0039, 0x00F8, 0x0014,
    0x003A, 0x0000,
};
static const void* const sFrames38[] = { sFrame38 };
static const u8 sTiles39[2112] __attribute__((aligned(4))) = {
    0xE6, 0xEE, 0x2A, 0x88, 0x86, 0x8E, 0x7E, 0x18, 0xEE, 0x8E, 0x7E, 0x88, 0x00, 0xEE, 0xEB, 0x2A,
    0x00, 0xE0, 0xEB, 0x2A, 0x00, 0x00, 0xBE, 0xEB, 0x00, 0x00, 0x8E, 0xBE, 0x00, 0x00, 0xE0, 0xEB,
    0xA2, 0xEE, 0x5E, 0xEE, 0xEA, 0xBB, 0x55, 0x5E, 0xEA, 0xBB, 0xEB, 0xBE, 0xE7, 0xBB, 0x8B, 0xE8,
    0xE7, 0xBB, 0x8B, 0x88, 0xAA, 0xBE, 0xBB, 0x88, 0xEE, 0xEB, 0xBB, 0x88, 0xBB, 0xBE, 0xBB, 0x88,
    0x1E, 0x31, 0xE5, 0x0E, 0x23, 0x22, 0xE3, 0xE8, 0xE5, 0x23, 0xE5, 0x86, 0xBE, 0xEE, 0x6E, 0x85,
    0xEE, 0xBE, 0x68, 0x66, 0xEB, 0xE2, 0xBE, 0xBB, 0xE8, 0x22, 0xE9, 0xBE, 0xE8, 0x92, 0x93, 0xE0,
    0x00, 0x00, 0x00, 0x00, 0x00, 0x00, 0x00, 0x00, 0xEE, 0x00, 0x00, 0x00, 0x88, 0x0E, 0x00, 0x00,
    0xBB, 0xE8, 0x00, 0x00, 0x88, 0xE8, 0x00, 0x00, 0x68, 0x86, 0x0E, 0x00, 0x6E, 0x85, 0xE8, 0x00,
    0x00, 0x00, 0xE0, 0xBB, 0x00, 0x00, 0x00, 0x8E, 0x00, 0x00, 0x00, 0xE0, 0x00, 0x00, 0x00, 0xE0,
    0x00, 0x00, 0x00, 0x00, 0x00, 0x00, 0x00, 0x00, 0x00, 0x00, 0x00, 0xE0, 0x00, 0x00, 0x00, 0x8E,
    0xEE, 0xBB, 0xBB, 0x8B, 0xBB, 0x8B, 0xBB, 0xBB, 0xB8, 0x88, 0xBB, 0xBB, 0xB8, 0x88, 0xBB, 0xBB,
    0x8E, 0x88, 0x86, 0xBB, 0x6E, 0x86, 0x86, 0xBB, 0x66, 0x33, 0x66, 0xB8, 0x86, 0x88, 0x66, 0xB8,
    0xE8, 0x93, 0x99, 0x00, 0x88, 0x3E, 0x09, 0x00, 0x88, 0x9E, 0x00, 0x00, 0x88, 0xE8, 0x00, 0x00,
    0xBB, 0xE8, 0x00, 0x00, 0xBB, 0x88, 0x0E, 0x00, 0xBB, 0x88, 0x0E, 0x00, 0xBB, 0x8B, 0xE8, 0x00,
    0xE0, 0x66, 0xB8, 0x0E, 0xE0, 0x68, 0x98, 0x09, 0x00, 0x9E, 0x19, 0x95, 0x00, 0x59, 0x93, 0xE9,
    0x00, 0x90, 0x69, 0x88, 0x00, 0xE0, 0x65, 0x66, 0x00, 0xE0, 0x68, 0x66, 0x00, 0x8E, 0x86, 0x65,
    0x00, 0x00, 0xE0, 0x68, 0x00, 0x00, 0x8E, 0x66, 0x00, 0xE0, 0x68, 0x66, 0x00, 0x8E, 0x66, 0x66,
    0xE0, 0x68, 0x66, 0xB6, 0x8E, 0x66, 0x66, 0x8B, 0x68, 0x66, 0x86, 0x8B, 0x66, 0x66, 0xB6, 0xE8,
    0x86, 0x68, 0x66, 0x86, 0x33, 0x66, 0x66, 0x86, 0x88, 0x66, 0x66, 0x86, 0x88, 0x66, 0x66, 0x66,
    0xBB, 0x6B, 0x66, 0x66, 0x33, 0xB8, 0x66, 0x66, 0xEE, 0xB8, 0x66, 0x66, 0xBB, 0x8E, 0x6B, 0x66,
    0xBB, 0x8B, 0x88, 0x0E, 0xBB, 0xBB, 0x88, 0x0E, 0xBB, 0xBB, 0x8B, 0xEB, 0xB8, 0xBB, 0x8B, 0xEB,
    0xB8, 0xBB, 0xBB, 0xB8, 0xB8, 0xBB, 0xBB, 0xB8, 0x86, 0xBB, 0xBB, 0xB8, 0x86, 0xBB, 0xBB, 0x8B,
    0x00, 0xEE, 0x86, 0x86, 0x00, 0x00, 0xEE, 0xEE, 0x00, 0x00, 0x00, 0x00, 0x00, 0x00, 0x00, 0x00,
    0x0E, 0x00, 0x00, 0x00, 0x0E, 0x00, 0x00, 0x00, 0xEB, 0x00, 0x00, 0x00, 0xEB, 0x00, 0x00, 0x00,
    0x66, 0x66, 0xB6, 0xE3, 0x66, 0x66, 0xB6, 0xE8, 0x66, 0x66, 0xB6, 0xE8, 0x66, 0x66, 0xB6, 0xE3,
    0x66, 0x66, 0xB6, 0xE8, 0x66, 0x66, 0x86, 0x8B, 0x66, 0x66, 0x86, 0x3B, 0x66, 0x66, 0x86, 0x8B,
    0xBB, 0x8E, 0x6B, 0x66, 0xEE, 0xEE, 0xB3, 0x66, 0xBE, 0xEB, 0xB8, 0x66, 0xBB, 0xBB, 0x8E, 0x6B,
    0xBB, 0xBB, 0x8E, 0x8B, 0xBE, 0xBB, 0x8E, 0x8B, 0xBE, 0xBB, 0xEB, 0xB3, 0xBE, 0xBB, 0xEB, 0xB8,
    0x86, 0xBB, 0xBB, 0xBB, 0x66, 0xB8, 0xBB, 0xBB, 0x66, 0xB8, 0xBB, 0xBB, 0x66, 0xB8, 0xBB, 0xBB,
    0x66, 0x86, 0xBB, 0xBB, 0x66, 0x86, 0xBB, 0xBB, 0x66, 0x66, 0xB8, 0xBB, 0x68, 0x66, 0x86, 0xB8,
    0xBB, 0x0E, 0x00, 0x00, 0xBB, 0xEB, 0x00, 0x00, 0xBB, 0xEB, 0x0E, 0x00, 0xBB, 0xBB, 0xEB, 0x0E,
    0xBB, 0x88, 0xB8, 0xEB, 0xBB, 0x88, 0x88, 0xB8, 0xBB, 0x8B, 0x88, 0x88, 0x8B, 0xBB, 0x88, 0x88,
    0x00, 0x00, 0x00, 0x00, 0x00, 0x00, 0x00, 0x00, 0x00, 0x00, 0x00, 0x00, 0x00, 0x00, 0x00, 0x00,
    0x05, 0x00, 0x00, 0x00, 0x55, 0x55, 0x55, 0x55, 0x33, 0x23, 0x22, 0x22, 0x88, 0x38, 0x33, 0x22,
    0x00, 0x00, 0x00, 0x00, 0x00, 0x00, 0x00, 0x00, 0x00, 0x00, 0x00, 0x00, 0x00, 0x00, 0x00, 0x00,
    0x00, 0x00, 0x00, 0x00, 0x55, 0x55, 0x55, 0x55, 0x22, 0x11, 0x21, 0x22, 0x22, 0x22, 0x22, 0x32,
    0x00, 0x00, 0x00, 0x00, 0x00, 0x00, 0x00, 0x00, 0x00, 0x00, 0x00, 0x00, 0x00, 0x00, 0x00, 0x00,
    0x00, 0x00, 0x00, 0x00, 0x55, 0x05, 0x00, 0x00, 0x22, 0x53, 0x55, 0x55, 0x33, 0x33, 0x33, 0x22,
    0x00, 0x00, 0x00, 0x00, 0x00, 0x00, 0x00, 0x00, 0x00, 0x00, 0x00, 0x00, 0x00, 0x00, 0x00, 0x00,
    0x00, 0x00, 0x00, 0x00, 0x00, 0x00, 0x00, 0x00, 0x55, 0x55, 0x55, 0x55, 0x22, 0x22, 0x22, 0x22,
    0x80, 0x88, 0x88, 0x88, 0x00, 0x00, 0x00, 0x00, 0x00, 0x00, 0x00, 0x00, 0x00, 0x00, 0x00, 0x00,
    0x00, 0x00, 0x00, 0x00, 0x00, 0x00, 0x00, 0x00, 0x00, 0x00, 0x00, 0x00, 0x00, 0x00, 0x00, 0x00,
    0x88, 0x88, 0x88, 0x88, 0x00, 0x00, 0x00, 0x00, 0x00, 0x00, 0x00, 0x00, 0x00, 0x00, 0x00, 0x00,
    0x00, 0x00, 0x00, 0x00, 0x00, 0x00, 0x00, 0x00, 0x00, 0x00, 0x00, 0x00, 0x00, 0x00, 0x00, 0x00,
    0x88, 0x58, 0x55, 0x55, 0x00, 0x80, 0x88, 0x88, 0x00, 0x00, 0x00, 0x00, 0x00, 0x00, 0x00, 0x00,
    0x00, 0x00, 0x00, 0x00, 0x00, 0x00, 0x00, 0x00, 0x00, 0x00, 0x00, 0x00, 0x00, 0x00, 0x00, 0x00,
    0x33, 0x33, 0x33, 0x33, 0x88, 0x88, 0x88, 0x88, 0x00, 0x00, 0x00, 0x00, 0x00, 0x00, 0x00, 0x00,
    0x00, 0x00, 0x00, 0x00, 0x00, 0x00, 0x00, 0x00, 0x00, 0x00, 0x00, 0x00, 0x00, 0x00, 0x00, 0x00,
    0x00, 0x00, 0x00, 0x00, 0x00, 0x00, 0x00, 0x00, 0x00, 0x00, 0x00, 0x00, 0x00, 0x00, 0x00, 0x00,
    0x00, 0x00, 0x00, 0x00, 0x00, 0x00, 0x00, 0x00, 0x55, 0x55, 0x55, 0x55, 0x22, 0x22, 0x22, 0x22,
    0x00, 0x00, 0x00, 0x00, 0x00, 0x00, 0x00, 0x00, 0x00, 0x00, 0x00, 0x00, 0x00, 0x00, 0x00, 0x00,
    0x00, 0x00, 0x00, 0x00, 0x00, 0x00, 0x00, 0x00, 0x55, 0x55, 0x55, 0x55, 0x11, 0x11, 0x11, 0x22,
    0x00, 0x00, 0x00, 0x00, 0x00, 0x00, 0x00, 0x00, 0x00, 0x00, 0x00, 0x00, 0x00, 0x00, 0x00, 0x00,
    0x00, 0x00, 0x00, 0x00, 0x00, 0x00, 0x00, 0x00, 0x55, 0x55, 0x55, 0x55, 0x22, 0x22, 0x22, 0x22,
    0x00, 0x00, 0x00, 0x00, 0x00, 0x00, 0x00, 0x00, 0x00, 0x00, 0x00, 0x00, 0x00, 0x00, 0x00, 0x00,
    0x00, 0x00, 0x00, 0x00, 0x00, 0x00, 0x00, 0x00, 0x55, 0x55, 0x55, 0x55, 0x22, 0x22, 0x22, 0x22,
    0x22, 0x22, 0x22, 0x22, 0x88, 0x88, 0x88, 0x88, 0x00, 0x00, 0x00, 0x00, 0x00, 0x00, 0x00, 0x00,
    0x00, 0x00, 0x00, 0x00, 0x00, 0x00, 0x00, 0x00, 0x00, 0x00, 0x00, 0x00, 0x00, 0x00, 0x00, 0x00,
    0x22, 0x22, 0x22, 0x22, 0x88, 0x88, 0x88, 0x88, 0x00, 0x00, 0x00, 0x00, 0x00, 0x00, 0x00, 0x00,
    0x00, 0x00, 0x00, 0x00, 0x00, 0x00, 0x00, 0x00, 0x00, 0x00, 0x00, 0x00, 0x00, 0x00, 0x00, 0x00,
    0x22, 0x22, 0x22, 0x33, 0x88, 0x88, 0x88, 0x88, 0x00, 0x00, 0x00, 0x00, 0x00, 0x00, 0x00, 0x00,
    0x00, 0x00, 0x00, 0x00, 0x00, 0x00, 0x00, 0x00, 0x00, 0x00, 0x00, 0x00, 0x00, 0x00, 0x00, 0x00,
    0x33, 0x33, 0x33, 0x33, 0x88, 0x88, 0x88, 0x88, 0x00, 0x00, 0x00, 0x00, 0x00, 0x00, 0x00, 0x00,
    0x00, 0x00, 0x00, 0x00, 0x00, 0x00, 0x00, 0x00, 0x00, 0x00, 0x00, 0x00, 0x00, 0x00, 0x00, 0x00,
    0x00, 0x00, 0x00, 0x00, 0x00, 0x00, 0x00, 0x00, 0x00, 0x00, 0x00, 0x00, 0x00, 0x00, 0x00, 0x00,
    0x00, 0x00, 0x00, 0xA0, 0x00, 0x00, 0x00, 0xA0, 0x55, 0x55, 0x55, 0xA5, 0x22, 0x22, 0x22, 0xA2,
    0x00, 0x00, 0x00, 0x00, 0x00, 0x00, 0x00, 0x00, 0x00, 0x00, 0x00, 0x00, 0xAA, 0x00, 0x00, 0xEE,
    0xA7, 0x00, 0xEE, 0x68, 0xA1, 0xEF, 0x58, 0x66, 0xA1, 0x8E, 0x88, 0x66, 0xA7, 0x8E, 0x66, 0x66,
    0x00, 0x00, 0x00, 0x00, 0x00, 0x00, 0x00, 0x00, 0x00, 0x00, 0x00, 0x00, 0x00, 0x00, 0x00, 0x00,
    0xEE, 0x99, 0xEE, 0x00, 0x98, 0x91, 0x88, 0xEE, 0x98, 0x93, 0x68, 0x68, 0x59, 0x89, 0x88, 0x66,
    0x00, 0x00, 0x00, 0x00, 0x00, 0x00, 0x00, 0x00, 0x00, 0x00, 0x00, 0x00, 0x00, 0x00, 0x00, 0x00,
    0x00, 0x00, 0x00, 0x00, 0xEE, 0xEE, 0xEE, 0xEE, 0x66, 0x88, 0x66, 0x88, 0x55, 0x86, 0x66, 0x85,
    0x33, 0x33, 0x53, 0xA5, 0x88, 0x88, 0x88, 0xA8, 0x00, 0x00, 0x00, 0xA0, 0x00, 0x00, 0x00, 0x00,
    0x00, 0x00, 0x00, 0x00, 0x00, 0x00, 0x00, 0x00, 0x00, 0x00, 0x00, 0x00, 0x00, 0x00, 0x00, 0x00,
    0xA7, 0xED, 0x68, 0x86, 0xA7, 0xFF, 0xEE, 0xEE, 0xA7, 0x00, 0x00, 0x00, 0xAA, 0x0A, 0x00, 0x00,
    0x00, 0x00, 0x00, 0x00, 0x00, 0x00, 0x00, 0x00, 0x00, 0x00, 0x00, 0x00, 0x00, 0x00, 0x00, 0x00,
    0x99, 0xE9, 0x8E, 0x68, 0xDF, 0xDD, 0xED, 0xEE, 0xFF, 0xDF, 0xDD, 0x2D, 0x00, 0x00, 0xF2, 0xFF,
    0x00, 0x00, 0x00, 0x00, 0x00, 0x00, 0x00, 0x00, 0x00, 0x00, 0x00, 0x00, 0x00, 0x00, 0x00, 0x00,
    0x56, 0x86, 0x68, 0x56, 0xEE, 0x6E, 0x88, 0x56, 0xFF, 0xEF, 0xEE, 0xEE, 0xFF, 0x0F, 0x00, 0x00,
    0x00, 0x00, 0x00, 0x00, 0x00, 0x00, 0x00, 0x00, 0x00, 0x00, 0x00, 0x00, 0x00, 0x00, 0x00, 0x00,
    0x68, 0x66, 0x66, 0x86, 0x6B, 0x66, 0x66, 0x66, 0x8B, 0x66, 0x66, 0x66, 0x8B, 0x66, 0x66, 0x66,
    0xB8, 0x8B, 0x66, 0x66, 0x8E, 0xB8, 0x8B, 0x66, 0xEB, 0x8E, 0xB3, 0xBB, 0xBE, 0xEB, 0x8E, 0x88,
    0xBB, 0xBB, 0xBB, 0xBB, 0x88, 0x68, 0x66, 0x88, 0x66, 0xBB, 0x8B, 0x68, 0x66, 0xB8, 0xBB, 0xBB,
    0x66, 0x86, 0x88, 0x88, 0x66, 0x66, 0x66, 0x66, 0x88, 0x66, 0x66, 0x66, 0xBB, 0x88, 0x66, 0x66,
    0x88, 0x88, 0xB8, 0xBB, 0xBB, 0xBB, 0xBB, 0x8B, 0x66, 0x66, 0x86, 0xB8, 0xBB, 0xBB, 0x88, 0x66,
    0x88, 0xB8, 0xBB, 0xBB, 0x66, 0x86, 0x88, 0x88, 0x66, 0x66, 0x66, 0xE6, 0x66, 0x86, 0x88, 0x0E,
    0xEE, 0x0E, 0x00, 0x00, 0xBB, 0xEB, 0x0E, 0x00, 0xBB, 0xEB, 0x00, 0x00, 0x86, 0xE8, 0x0E, 0x00,
    0xBB, 0xBE, 0xEB, 0x0E, 0xE8, 0x88, 0xBB, 0xEB, 0xEE, 0x88, 0xBB, 0xBB, 0x00, 0xEE, 0xB8, 0xBB,
    0xE0, 0xEE, 0xEE, 0xEE, 0x00, 0x00, 0x00, 0x00, 0x00, 0x00, 0x00, 0x00, 0x00, 0x00, 0x00, 0x00,
    0x00, 0x00, 0x00, 0x00, 0x00, 0x00, 0x00, 0x00, 0x00, 0x00, 0x00, 0x00, 0x00, 0x00, 0x00, 0x00,
    0x88, 0xBB, 0xBB, 0xBB, 0xEE, 0x88, 0x88, 0x88, 0x00, 0xEE, 0xEE, 0xEE, 0x00, 0x00, 0x00, 0x00,
    0x00, 0x00, 0x00, 0x00, 0x00, 0x00, 0x00, 0x00, 0x00, 0x00, 0x00, 0x00, 0x00, 0x00, 0x00, 0x00,
    0xBB, 0xBB, 0xEB, 0x00, 0xEE, 0xEE, 0x0E, 0x00, 0x00, 0x00, 0x00, 0x00, 0x00, 0x00, 0x00, 0x00,
    0x00, 0x00, 0x00, 0x00, 0x00, 0x00, 0x00, 0x00, 0x00, 0x00, 0x00, 0x00, 0x00, 0x00, 0x00, 0x00,
    0x00, 0x8E, 0x88, 0xBB, 0x00, 0xE0, 0x88, 0xBB, 0x00, 0xE0, 0x66, 0xBB, 0x00, 0xE0, 0x66, 0xBB,
    0x00, 0x00, 0x8E, 0xBB, 0x00, 0x00, 0x8E, 0xEB, 0x00, 0xE0, 0xB8, 0xEB, 0x00, 0xEE, 0xEE, 0xEE,
    0x00, 0x00, 0x99, 0x99, 0x00, 0x90, 0x33, 0x23, 0x00, 0x39, 0x12, 0x92, 0x90, 0x22, 0x12, 0x21,
    0x90, 0x12, 0x11, 0x29, 0x19, 0x99, 0x91, 0x19, 0x19, 0x27, 0x29, 0x92, 0x29, 0x27, 0x91, 0x23,
    0x00, 0x00, 0x00, 0x00, 0x99, 0x00, 0x00, 0x00, 0x11, 0x09, 0x00, 0x00, 0x19, 0x99, 0x00, 0x00,
    0x92, 0x92, 0x00, 0x00, 0x92, 0x22, 0x09, 0x00, 0x29, 0x22, 0x09, 0x00, 0x92, 0x23, 0x09, 0x00,
    0x29, 0x1A, 0xEE, 0x31, 0x29, 0x1A, 0x16, 0x22, 0x90, 0x1A, 0x11, 0x11, 0x00, 0x2A, 0x11, 0x21,
    0xEE, 0xA3, 0x12, 0x72, 0x35, 0x95, 0x77, 0xAA, 0x25, 0xEE, 0x19, 0x77, 0x2E, 0xE5, 0x87, 0x82,
    0x93, 0x31, 0x92, 0x00, 0x32, 0x33, 0x22, 0x09, 0xA2, 0x23, 0x23, 0xEE, 0xAA, 0xE2, 0xE5, 0x22,
    0xAA, 0xE5, 0xE3, 0x31, 0xAA, 0x1E, 0x1E, 0x21, 0xAA, 0x2E, 0x3E, 0x22, 0x72, 0x2E, 0xE3, 0x33,
    0x00, 0x00, 0xE0, 0xBB, 0x00, 0x00, 0x00, 0xBE, 0x00, 0x00, 0x00, 0xBE, 0x00, 0x00, 0x00, 0xBE,
    0x00, 0x00, 0x00, 0xE0, 0x00, 0x00, 0x00, 0xE0, 0x00, 0x00, 0x00, 0x00, 0x00, 0x00, 0x00, 0x00,
    0x68, 0x66, 0x86, 0x8B, 0x68, 0x66, 0x66, 0x3B, 0x68, 0x66, 0x66, 0x8B, 0x8B, 0x66, 0x86, 0x8B,
    0x8B, 0x66, 0x86, 0x3B, 0xEE, 0xEE, 0x86, 0x8B, 0x00, 0xE0, 0xEE, 0xEE, 0x00, 0xE0, 0x88, 0xEB,
    0x00, 0x00, 0x00, 0x00, 0x00, 0x00, 0x00, 0x00, 0x00, 0x00, 0x00, 0x00, 0x00, 0x00, 0x00, 0x00,
    0x00, 0x00, 0x00, 0xEE, 0x00, 0x00, 0x00, 0xBE, 0x00, 0x00, 0x00, 0xEE, 0x00, 0x00, 0x00, 0x00,
    0x00, 0xE0, 0x88, 0xEB, 0x00, 0xE0, 0xB8, 0xEB, 0x00, 0x6E, 0xB6, 0xEB, 0xEE, 0x6B, 0x86, 0xEB,
    0xBB, 0x8B, 0x86, 0xEB, 0xBB, 0x8B, 0x86, 0xEB, 0xEE, 0xEE, 0xEE, 0xEE, 0x00, 0x00, 0x00, 0x00,
    0x00, 0x00, 0x00, 0x00, 0x00, 0x00, 0x00, 0x00, 0x00, 0x00, 0x00, 0x00, 0x00, 0x00, 0x00, 0x00,
    0x0E, 0x00, 0x00, 0x00, 0xE8, 0x00, 0x00, 0x00, 0xE8, 0x00, 0x00, 0x00, 0x0E, 0x00, 0x00, 0x00,
    0x0E, 0x00, 0x00, 0x00, 0x00, 0x00, 0x00, 0x00, 0x00, 0x00, 0x00, 0x00, 0x00, 0x00, 0x00, 0x00,
    0x00, 0x00, 0x00, 0x00, 0x00, 0x00, 0x00, 0x00, 0x00, 0x00, 0x00, 0x00, 0x00, 0x00, 0x00, 0x00,
    0x00, 0x00, 0x00, 0x00, 0x00, 0x00, 0x00, 0x00, 0x00, 0x00, 0x00, 0x00, 0x00, 0x00, 0x00, 0x00,
    0x00, 0x00, 0x00, 0x00, 0x00, 0x00, 0x00, 0x00, 0x00, 0x00, 0x00, 0xE0, 0x00, 0x00, 0x00, 0x8E,
    0x00, 0x00, 0xE0, 0x8B, 0x00, 0x00, 0xBE, 0x8B, 0x00, 0x00, 0xBE, 0x68, 0x00, 0x00, 0xBE, 0x68,
    0x00, 0x00, 0xE0, 0x68, 0x00, 0x00, 0xE0, 0x8B, 0x00, 0x00, 0xE0, 0x8B, 0x00, 0x00, 0xE0, 0x8B,
    0x00, 0x00, 0x00, 0x00, 0x00, 0x00, 0x00, 0x00, 0x00, 0x00, 0x00, 0x00, 0x00, 0x00, 0x00, 0x00,
    0x00, 0x00, 0x00, 0x00, 0x0E, 0x00, 0x00, 0x00, 0x0E, 0x00, 0x00, 0x00, 0x0E, 0x00, 0x00, 0x00,
    0x0E, 0x00, 0x00, 0x00, 0x0E, 0x00, 0x00, 0x00, 0x0E, 0x00, 0x00, 0x00, 0x0E, 0x00, 0x00, 0x00,
    0x0E, 0x00, 0x00, 0x00, 0x0E, 0x00, 0x00, 0x00, 0x0E, 0x00, 0x00, 0x00, 0x0E, 0x00, 0x00, 0x00,
    0x00, 0x00, 0x00, 0x00, 0x00, 0x00, 0x00, 0x00, 0x00, 0x00, 0x00, 0x00, 0x55, 0x55, 0x00, 0x00,
    0x58, 0x25, 0x55, 0x55, 0x80, 0x88, 0x33, 0x23, 0x00, 0x80, 0x58, 0x35, 0x00, 0x00, 0x80, 0x88,
    0x00, 0x00, 0x00, 0x00, 0x00, 0x00, 0x00, 0x00, 0x0E, 0x00, 0x00, 0x00, 0xE3, 0x0E, 0x00, 0x00,
    0x21, 0xE3, 0x00, 0x00, 0x25, 0x32, 0x0E, 0x00, 0x22, 0x53, 0x0E, 0x00, 0xE3, 0xEE, 0x0E, 0x00,
    0x00, 0x00, 0x00, 0x00, 0x00, 0x00, 0x00, 0x00, 0x00, 0x00, 0x00, 0x00, 0x00, 0x00, 0x00, 0x00,
    0x0E, 0x00, 0x00, 0x00, 0xEB, 0x0E, 0x00, 0x00, 0xB8, 0xEB, 0x0E, 0x00, 0x88, 0xB8, 0xEB, 0xEE,
    0xBE, 0xBB, 0xEB, 0xB8, 0xBE, 0xBB, 0xBB, 0x8E, 0xBE, 0xBB, 0xBB, 0x8E, 0xBE, 0xBB, 0xBB, 0x3E,
    0xBE, 0xBB, 0xBB, 0xEB, 0xBE, 0xBB, 0xBB, 0xEB, 0xE0, 0xEE, 0xBB, 0xBB, 0x00, 0x00, 0xEE, 0xEE,
};
static const u16 sFrame39[] = {
    0x000E, 0x00D0, 0x81E8, 0x0000, 0x40C8, 0x8188, 0x0010, 0x40C8, 0x81A8, 0x0018, 0x40C8, 0x81C8,
    0x0020, 0x40F0, 0x81F8, 0x0028, 0x00C0, 0x41E8, 0x0030, 0x00F0, 0x41E0, 0x0034, 0x80D8, 0x0008,
    0x0038, 0x80E0, 0x01E0, 0x003A, 0x80F0, 0x0018, 0x003C, 0x00C8, 0x0180, 0x003E, 0x00C8, 0x01F8,
    0x003F, 0x00E8, 0x0008, 0x0040, 0x00F0, 0x01F0, 0x0041, 0x0000,
};
static const void* const sFrames39[] = { sFrame39 };
static const u8 sTiles40[1536] __attribute__((aligned(4))) = {
    0x00, 0x00, 0x00, 0x00, 0x00, 0x00, 0x00, 0x00, 0x00, 0x00, 0x00, 0x00, 0x00, 0x00, 0x00, 0x00,
    0x00, 0x00, 0x00, 0x00, 0x55, 0x55, 0x55, 0x55, 0x11, 0x11, 0x11, 0x22, 0x22, 0x22, 0x22, 0x22,
    0x00, 0x00, 0x00, 0x00, 0x00, 0x00, 0x00, 0x00, 0x00, 0x00, 0x00, 0x00, 0x00, 0x00, 0x00, 0x00,
    0x00, 0x00, 0x00, 0x00, 0x55, 0x55, 0x55, 0x55, 0x22, 0x22, 0x22, 0x22, 0x22, 0x22, 0x22, 0x33,
    0x00, 0x90, 0x71, 0x21, 0x00, 0x90, 0x21, 0xEA, 0x00, 0xB0, 0x23, 0x6A, 0x00, 0xEE, 0x29, 0xA9,
    0xE0, 0xEE, 0x2E, 0xA9, 0x55, 0x55, 0x55, 0x55, 0x22, 0x22, 0x22, 0x22, 0x33, 0x33, 0x33, 0x33,
    0x22, 0x11, 0x9E, 0x23, 0x12, 0xEE, 0x92, 0x22, 0x21, 0x16, 0x22, 0xEA, 0x11, 0x11, 0x21, 0xAA,
    0x12, 0x11, 0x72, 0xAA, 0x55, 0x55, 0x55, 0xA5, 0x22, 0x22, 0x22, 0xA2, 0x33, 0x33, 0x53, 0xA5,
    0x88, 0x88, 0x88, 0x88, 0x00, 0x00, 0x00, 0x00, 0x00, 0x00, 0x00, 0x00, 0x00, 0x00, 0x00, 0x00,
    0x00, 0x00, 0x00, 0x00, 0x00, 0x00, 0x00, 0x00, 0x00, 0x00, 0x00, 0x00, 0x00, 0x00, 0x00, 0x00,
    0x88, 0x88, 0x88, 0x88, 0x00, 0x00, 0x00, 0xE0, 0x00, 0x00, 0x00, 0xBE, 0x00, 0x00, 0x00, 0xBE,
    0x00, 0x00, 0x00, 0xBE, 0x00, 0x00, 0x00, 0xBE, 0x00, 0x00, 0xE0, 0x6B, 0x00, 0x00, 0xEE, 0x68,
    0x88, 0x88, 0x88, 0x88, 0xBB, 0x86, 0xB8, 0x3E, 0x8B, 0x86, 0xEB, 0x25, 0x88, 0x86, 0xEB, 0x23,
    0x88, 0x86, 0xEB, 0x12, 0x86, 0x86, 0xEB, 0x12, 0x66, 0x66, 0xB8, 0x1E, 0x66, 0x66, 0x88, 0x25,
    0x88, 0x88, 0x88, 0xA8, 0x32, 0xE5, 0x12, 0xA1, 0x22, 0x32, 0x1E, 0x11, 0x11, 0x22, 0xE5, 0x22,
    0x35, 0x21, 0xE3, 0xEE, 0x13, 0x22, 0xE3, 0x88, 0x21, 0x22, 0xEE, 0xEE, 0x21, 0x32, 0x3E, 0x12,
    0x00, 0x00, 0x00, 0x00, 0x00, 0x00, 0x00, 0x00, 0x00, 0x00, 0x00, 0x00, 0x00, 0x00, 0x00, 0x00,
    0x00, 0x00, 0x00, 0x00, 0x00, 0x00, 0x00, 0xE0, 0x00, 0x00, 0x00, 0xE0, 0x00, 0x00, 0x00, 0xBE,
    0x00, 0xE0, 0xBB, 0x66, 0x00, 0xBE, 0x6B, 0x66, 0x00, 0xBE, 0x66, 0x66, 0xE0, 0x6B, 0x66, 0x86,
    0xBE, 0x66, 0x66, 0x86, 0xBB, 0x66, 0x66, 0x88, 0x8B, 0x66, 0x88, 0xBB, 0xBB, 0x86, 0x88, 0x1B,
    0x66, 0x68, 0x56, 0xEE, 0x86, 0x88, 0xE8, 0xB1, 0xB8, 0x88, 0x8E, 0xB8, 0xB8, 0xEB, 0x88, 0xB8,
    0xBB, 0xE1, 0x85, 0x88, 0xBB, 0xEE, 0x88, 0x88, 0xE5, 0xEB, 0x88, 0x88, 0xBE, 0xEB, 0x88, 0x8B,
    0xEE, 0xEE, 0x93, 0x21, 0xBB, 0x3E, 0x93, 0x11, 0xBB, 0x3E, 0x93, 0x29, 0xBB, 0xEB, 0x93, 0x29,
    0xBB, 0xBB, 0x9E, 0x90, 0xBB, 0x88, 0x0E, 0x90, 0xBB, 0x88, 0xE8, 0x00, 0xBB, 0x6B, 0xB8, 0x0E,
    0x00, 0x00, 0x00, 0xBE, 0x00, 0x00, 0xE0, 0xBB, 0x00, 0x00, 0xBE, 0x6B, 0x00, 0x00, 0xBE, 0x66,
    0x00, 0xE0, 0x6B, 0x86, 0x00, 0xE0, 0x6B, 0x86, 0x00, 0xBE, 0x66, 0x88, 0x00, 0xBE, 0x66, 0x88,
    0xBB, 0xBB, 0xB8, 0xEB, 0xBB, 0xBB, 0x5B, 0xBE, 0xBB, 0xBB, 0xBB, 0xBE, 0x88, 0xBB, 0xE1, 0xBB,
    0x88, 0x5B, 0xBE, 0xBB, 0xB8, 0xEB, 0xBE, 0xBB, 0xBB, 0xE1, 0xBB, 0xBB, 0xBB, 0xBE, 0xBB, 0xBB,
    0xBB, 0xEB, 0x81, 0xBB, 0xBB, 0xBB, 0x8E, 0xBB, 0xBB, 0xBB, 0x8E, 0xBB, 0xBB, 0xBB, 0xEB, 0xB5,
    0xBB, 0xBB, 0xEB, 0xBE, 0xBB, 0xBB, 0xBB, 0xEE, 0xBB, 0xBB, 0xBB, 0xEB, 0xBB, 0xBB, 0xBB, 0xBB,
    0xBB, 0x6B, 0x86, 0xEB, 0xBB, 0x8B, 0x66, 0xB8, 0x8B, 0xB8, 0x66, 0x86, 0xBB, 0x88, 0x68, 0x66,
    0xBB, 0x88, 0x68, 0x66, 0xBB, 0x88, 0x88, 0x66, 0xB1, 0x8B, 0x86, 0x68, 0xBE, 0x8B, 0x66, 0x68,
    0x00, 0x00, 0x00, 0x00, 0x00, 0x00, 0x00, 0x00, 0x00, 0x00, 0x00, 0x00, 0x00, 0x00, 0x00, 0x00,
    0xEE, 0xEE, 0xEE, 0x0E, 0x59, 0x85, 0x58, 0xE8, 0x59, 0x65, 0x56, 0x66, 0x92, 0x66, 0x88, 0x8E,
    0x00, 0x00, 0x00, 0x00, 0x00, 0x00, 0x00, 0x00, 0x00, 0x00, 0x00, 0x00, 0x00, 0x00, 0x00, 0x00,
    0x00, 0x00, 0x00, 0x00, 0x0E, 0x00, 0x00, 0x00, 0xE6, 0x00, 0x00, 0x00, 0x86, 0x0E, 0x00, 0x00,
    0x91, 0x88, 0xEE, 0x8E, 0x91, 0xEE, 0xEE, 0x8E, 0xAA, 0x00, 0x00, 0x6E, 0xA7, 0x00, 0xFF, 0x6B,
    0xA1, 0xFF, 0x66, 0xFF, 0xA1, 0x5F, 0x55, 0xF6, 0xA7, 0x5F, 0x68, 0xF8, 0xA7, 0x6F, 0x8F, 0xFF,
    0x86, 0x0E, 0x00, 0x00, 0x55, 0x0E, 0x00, 0x00, 0x86, 0x0E, 0x00, 0x00, 0xEF, 0x0E, 0x00, 0x00,
    0xF5, 0xFF, 0x00, 0x00, 0xF5, 0x5F, 0x0F, 0x00, 0x66, 0x66, 0x0F, 0x00, 0x68, 0x86, 0x0F, 0x00,
    0x00, 0x00, 0x00, 0x00, 0x00, 0x00, 0x00, 0x00, 0x00, 0x00, 0x00, 0x00, 0x00, 0x00, 0x00, 0x00,
    0x55, 0x05, 0x00, 0x00, 0x22, 0x53, 0x55, 0x55, 0x33, 0x33, 0x33, 0x22, 0x88, 0x58, 0x55, 0x55,
    0x00, 0x00, 0x00, 0x00, 0x00, 0x00, 0x00, 0x00, 0x00, 0x00, 0x00, 0x00, 0x00, 0x00, 0x00, 0x00,
    0x00, 0x00, 0x00, 0x00, 0x55, 0x55, 0x55, 0x55, 0x22, 0x22, 0x22, 0x22, 0x33, 0x33, 0x33, 0x33,
    0x00, 0x80, 0x88, 0x88, 0x00, 0x00, 0x00, 0x00, 0x00, 0x00, 0x00, 0x00, 0x00, 0x00, 0x00, 0x00,
    0x00, 0x00, 0x00, 0x00, 0x00, 0x00, 0x00, 0x00, 0x00, 0x00, 0x00, 0x00, 0x00, 0x00, 0x00, 0x00,
    0x88, 0x88, 0x88, 0x88, 0x00, 0x00, 0x00, 0x00, 0x00, 0x00, 0x00, 0x00, 0x00, 0x00, 0x00, 0x00,
    0x00, 0x00, 0x00, 0x00, 0x00, 0x00, 0x00, 0x00, 0x00, 0x00, 0x00, 0x00, 0x00, 0x00, 0x00, 0x00,
    0x00, 0x00, 0x00, 0x00, 0x00, 0x00, 0x00, 0x00, 0x00, 0x00, 0x00, 0x00, 0x00, 0x00, 0x00, 0xE0,
    0x00, 0x00, 0x00, 0xE0, 0x00, 0x00, 0x00, 0xBE, 0x00, 0x00, 0x00, 0xEE, 0x00, 0x00, 0x00, 0xEE,
    0xE0, 0x6B, 0x66, 0x88, 0xBE, 0x6B, 0x86, 0xB8, 0xBE, 0x68, 0x86, 0xB8, 0xBB, 0x68, 0x88, 0xBB,
    0x8B, 0x68, 0x88, 0xBB, 0x8B, 0x68, 0x88, 0xBB, 0x88, 0x88, 0x88, 0xBB, 0xEE, 0x88, 0xB8, 0x5B,
    0x00, 0x00, 0xE0, 0xBE, 0x00, 0xE0, 0xBE, 0x8B, 0x00, 0x8E, 0x88, 0x88, 0x00, 0xBE, 0x88, 0xB8,
    0xE0, 0xEE, 0xEE, 0xEE, 0x00, 0x00, 0x00, 0x00, 0x00, 0x00, 0x00, 0x00, 0x00, 0x00, 0x00, 0x00,
    0xBB, 0x8E, 0xB8, 0xBB, 0xB8, 0xEB, 0xB8, 0xBB, 0xB8, 0x0E, 0xEE, 0xE1, 0xBB, 0x0E, 0x00, 0xEE,
    0xEE, 0x00, 0x00, 0xE0, 0x00, 0x00, 0x00, 0x00, 0x00, 0x00, 0x00, 0x00, 0x00, 0x00, 0x00, 0x00,
    0xBE, 0xBB, 0x68, 0x66, 0xEB, 0xB5, 0x68, 0x66, 0xEB, 0xBB, 0x88, 0x66, 0xEB, 0xBB, 0x8B, 0x66,
    0xEE, 0x1E, 0x8B, 0x66, 0x00, 0xBE, 0x8B, 0x68, 0x00, 0xE0, 0xBB, 0x68, 0x00, 0xE0, 0xB5, 0x88,
    0x66, 0x66, 0x86, 0xEB, 0x66, 0x66, 0x66, 0xB8, 0x66, 0x66, 0x66, 0x86, 0x66, 0x66, 0x66, 0x66,
    0x66, 0x66, 0x66, 0x66, 0x66, 0x66, 0x66, 0x66, 0x66, 0x66, 0x66, 0x66, 0x66, 0x66, 0x66, 0x66,
    0x00, 0x00, 0xBE, 0x88, 0x00, 0x00, 0xE0, 0x81, 0x00, 0x00, 0xE0, 0xEE, 0x00, 0x00, 0x00, 0x00,
    0x00, 0x00, 0x00, 0x00, 0x00, 0x00, 0x00, 0x00, 0x00, 0x00, 0x00, 0x00, 0x00, 0x00, 0x00, 0x00,
    0x66, 0x66, 0x66, 0xEE, 0x66, 0xE6, 0xEE, 0xBE, 0xEE, 0x0E, 0x00, 0xBE, 0x00, 0x00, 0xE0, 0x8B,
    0x00, 0x00, 0xE0, 0xEE, 0x00, 0x00, 0x00, 0x00, 0x00, 0x00, 0x00, 0x00, 0x00, 0x00, 0x00, 0x00,
    0x00, 0x00, 0x00, 0x00, 0x00, 0x00, 0x00, 0x90, 0x00, 0x00, 0x00, 0x29, 0x00, 0x00, 0x90, 0x12,
    0x00, 0x00, 0x90, 0x12, 0x00, 0x00, 0x23, 0x21, 0x00, 0x00, 0x23, 0x21, 0x00, 0x90, 0x92, 0x99,
    0x90, 0x99, 0x09, 0x00, 0x39, 0x23, 0x92, 0x00, 0x21, 0x33, 0x29, 0x09, 0x32, 0x19, 0x92, 0x92,
    0x93, 0x92, 0x21, 0x99, 0x29, 0x11, 0x29, 0x29, 0x39, 0x13, 0x92, 0x21, 0x92, 0x39, 0x33, 0x11,
    0x00, 0x00, 0x00, 0x00, 0x00, 0x00, 0x00, 0x00, 0x55, 0x55, 0x00, 0x00, 0x58, 0x25, 0x55, 0x55,
    0x80, 0x88, 0x33, 0x23, 0x00, 0x80, 0x58, 0x35, 0x00, 0x00, 0x80, 0x88, 0x00, 0x00, 0x00, 0x00,
    0x00, 0x00, 0x00, 0x00, 0x00, 0x00, 0x00, 0x00, 0x00, 0x00, 0x00, 0x00, 0x05, 0x00, 0x00, 0x00,
    0x55, 0x55, 0x55, 0x55, 0x33, 0x23, 0x22, 0x22, 0x88, 0x38, 0x33, 0x22, 0x80, 0x88, 0x88, 0x88,
    0xA7, 0xFF, 0xFF, 0x8F, 0xA7, 0x8F, 0xF8, 0x5F, 0xAA, 0xFF, 0xFF, 0x66, 0xEE, 0x55, 0x66, 0xE6,
    0x85, 0x85, 0xE8, 0x0E, 0x88, 0xE8, 0x0E, 0x00, 0xEE, 0x0E, 0x00, 0x00, 0x92, 0x00, 0x00, 0x00,
    0xFF, 0xFF, 0x00, 0x00, 0x85, 0xE8, 0x00, 0x00, 0xE5, 0x0E, 0x00, 0x00, 0x0E, 0x00, 0x00, 0x00,
    0x00, 0x00, 0x00, 0x00, 0x00, 0x00, 0x00, 0x00, 0x00, 0x00, 0x00, 0x00, 0x00, 0x00, 0x00, 0x00,
    0xBB, 0xBE, 0xBB, 0xBB, 0x5B, 0xBE, 0xBB, 0xBB, 0xEB, 0xBB, 0xBB, 0xBB, 0xEB, 0xBB, 0xBB, 0xBB,
    0xE1, 0xBB, 0xBB, 0xBB, 0xEB, 0xBB, 0xEB, 0xEE, 0xBE, 0xEB, 0x0E, 0x00, 0xEE, 0x0E, 0x00, 0x00,
    0xBB, 0xBB, 0xBB, 0xBB, 0xBB, 0xBB, 0xBB, 0xBB, 0xBB, 0xBB, 0xBB, 0xBB, 0xBB, 0xBB, 0xBB, 0xBB,
    0xBB, 0xBB, 0xEB, 0xEE, 0xEE, 0xEE, 0x0E, 0x00, 0x00, 0x00, 0x00, 0x00, 0x00, 0x00, 0x00, 0x00,
    0x00, 0x00, 0x00, 0x00, 0x00, 0x00, 0x00, 0x00, 0x00, 0x00, 0x00, 0x00, 0x00, 0x00, 0x00, 0x00,
    0x00, 0x00, 0x00, 0x00, 0x55, 0x55, 0x55, 0x55, 0x22, 0x22, 0x22, 0x22, 0x22, 0x22, 0x22, 0x22,
    0x88, 0x88, 0x88, 0x88, 0x00, 0x00, 0x00, 0x00, 0x00, 0x00, 0x00, 0x00, 0x00, 0x00, 0x00, 0x00,
    0x00, 0x00, 0x00, 0x00, 0x00, 0x00, 0x00, 0x00, 0x00, 0x00, 0x00, 0x00, 0x00, 0x00, 0x00, 0x00,
    0x09, 0x00, 0x00, 0x00, 0x09, 0x00, 0x00, 0x00, 0x09, 0x00, 0x00, 0x00, 0x09, 0x00, 0x00, 0x00,
    0x00, 0x00, 0x00, 0x00, 0x00, 0x00, 0x00, 0x00, 0x00, 0x00, 0x00, 0x00, 0x00, 0x00, 0x00, 0x00,
    0x00, 0x00, 0x00, 0x00, 0x0E, 0x00, 0x00, 0x00, 0xEB, 0x00, 0x00, 0x00, 0xB8, 0x0E, 0x00, 0x00,
    0x86, 0xEB, 0x00, 0x00, 0x66, 0xB8, 0x0E, 0x00, 0x66, 0x86, 0xEB, 0x00, 0x66, 0x66, 0xB8, 0x0E,
    0x00, 0x00, 0x00, 0x00, 0x0E, 0x00, 0x00, 0x00, 0xEB, 0x0E, 0x00, 0x00, 0xB8, 0xEB, 0x00, 0x00,
    0x86, 0xBB, 0x0E, 0x00, 0x66, 0xB8, 0xEE, 0x00, 0x66, 0xEE, 0x00, 0x00, 0xEE, 0xEB, 0x00, 0x00,
    0x8B, 0xEB, 0x00, 0x00, 0x8B, 0xB8, 0x0E, 0x00, 0x88, 0xB8, 0x0E, 0x00, 0x88, 0x88, 0xEB, 0x00,
    0xEE, 0xEE, 0xEE, 0x00, 0x00, 0x00, 0x00, 0x00, 0x00, 0x00, 0x00, 0x00, 0x00, 0x00, 0x00, 0x00,
    0x00, 0x00, 0x00, 0x00, 0x00, 0x00, 0x00, 0x00, 0x00, 0x00, 0x00, 0x00, 0x00, 0x00, 0x00, 0x00,
    0x55, 0x55, 0x55, 0x55, 0x22, 0x11, 0x21, 0x22, 0x22, 0x22, 0x22, 0x32, 0x88, 0x88, 0x88, 0x88,
    0x0E, 0x00, 0x00, 0x00, 0x0E, 0x00, 0x00, 0x00, 0x00, 0x00, 0x00, 0x00, 0x00, 0x00, 0x00, 0x00,
    0x00, 0x00, 0x00, 0x00, 0x00, 0x00, 0x00, 0x00, 0x00, 0x00, 0x00, 0x00, 0x00, 0x00, 0x00, 0x00,
};
static const u16 sFrame40[] = {
    0x000E, 0x00D3, 0x81EB, 0x0000, 0x00CB, 0x400B, 0x0010, 0x00D3, 0x41D3, 0x0014, 0x00F3, 0x41E3,
    0x0018, 0x00F3, 0x4003, 0x001C, 0x40CB, 0x01FB, 0x0020, 0x40D3, 0x01BB, 0x0022, 0x40DB, 0x000B,
    0x0024, 0x40F3, 0x01F3, 0x0026, 0x80D3, 0x01E3, 0x0028, 0x80E3, 0x000B, 0x002A, 0x80F3, 0x0013,
    0x002C, 0x00D3, 0x01CB, 0x002E, 0x00FB, 0x01F3, 0x002F, 0x0000,
};
static const void* const sFrames40[] = { sFrame40 };
static const u8 sTiles41[992] __attribute__((aligned(4))) = {
    0x00, 0x00, 0x00, 0x00, 0x00, 0x00, 0x00, 0x90, 0x00, 0x00, 0x00, 0x29, 0x00, 0x00, 0x90, 0x22,
    0x00, 0x00, 0x30, 0x11, 0x00, 0x00, 0x19, 0x99, 0x00, 0x00, 0x19, 0x17, 0x00, 0x00, 0x29, 0x27,
    0x90, 0x99, 0x99, 0x00, 0x33, 0x33, 0x21, 0x09, 0x13, 0x21, 0x19, 0x91, 0x91, 0x21, 0x92, 0x91,
    0x29, 0x19, 0x92, 0x22, 0x29, 0x92, 0x29, 0x29, 0x39, 0x33, 0x33, 0x29, 0x11, 0x91, 0x19, 0x33,
    0x00, 0x00, 0x00, 0x00, 0x00, 0x00, 0x00, 0x00, 0x00, 0x00, 0x00, 0x00, 0x00, 0x00, 0x00, 0x00,
    0x09, 0x00, 0x00, 0x00, 0x09, 0x00, 0x00, 0x00, 0x92, 0x00, 0x00, 0x00, 0x92, 0x00, 0x00, 0x00,
    0x00, 0x00, 0x00, 0x00, 0x00, 0x00, 0x00, 0x00, 0x00, 0x00, 0x00, 0x00, 0x00, 0x00, 0x00, 0x00,
    0x00, 0x00, 0x01, 0x00, 0x00, 0x00, 0x12, 0x00, 0x00, 0x00, 0x82, 0x01, 0x00, 0x00, 0x82, 0x13,
    0x00, 0x00, 0x29, 0x2A, 0xE0, 0xEE, 0x29, 0x1A, 0x3E, 0x22, 0xEE, 0x1A, 0x12, 0x13, 0x3E, 0x2E,
    0x52, 0x12, 0xE1, 0xE1, 0x22, 0x22, 0xE3, 0xE2, 0xFE, 0xFF, 0x3E, 0xE2, 0x8F, 0x68, 0xEF, 0xEE,
    0xE1, 0x2E, 0x29, 0x13, 0x42, 0x21, 0x72, 0x23, 0x11, 0x11, 0xA2, 0x19, 0x11, 0x21, 0xA7, 0x29,
    0x12, 0x22, 0x9A, 0x23, 0x77, 0xAA, 0x3A, 0x3E, 0x27, 0x28, 0xE8, 0x33, 0x2A, 0x88, 0xF2, 0x33,
    0x92, 0x00, 0x00, 0x00, 0x92, 0x00, 0x00, 0x00, 0x92, 0x00, 0x00, 0x00, 0x91, 0x00, 0x00, 0x00,
    0x91, 0x00, 0x00, 0x00, 0x92, 0x00, 0x00, 0x00, 0x92, 0x00, 0x00, 0x30, 0x09, 0x00, 0x00, 0x83,
    0x00, 0x30, 0x38, 0x13, 0x00, 0x30, 0x38, 0x13, 0x00, 0x83, 0x38, 0x13, 0x00, 0x83, 0x33, 0x01,
    0x30, 0x88, 0x13, 0x00, 0x83, 0x38, 0x01, 0x00, 0x88, 0x13, 0x00, 0x00, 0x38, 0x01, 0x00, 0x00,
    0x00, 0x00, 0x00, 0xE0, 0x00, 0x00, 0x00, 0x00, 0x00, 0x00, 0x00, 0x00, 0x00, 0x00, 0x00, 0x00,
    0x00, 0x00, 0x00, 0x00, 0x00, 0x00, 0x00, 0x00, 0x00, 0x00, 0x00, 0x00, 0x00, 0x00, 0x00, 0x00,
    0x8F, 0x86, 0xF8, 0xBB, 0x8F, 0x55, 0xF6, 0xBB, 0xFB, 0x56, 0x88, 0xBF, 0xEE, 0x6F, 0x65, 0xFF,
    0xBE, 0x8F, 0x86, 0x55, 0x8E, 0xF8, 0x8F, 0x66, 0xE0, 0x88, 0xF8, 0x8F, 0xE0, 0x88, 0xBB, 0xFB,
    0xAE, 0x81, 0xF7, 0x33, 0xAE, 0x88, 0xE7, 0x3F, 0x7E, 0xA2, 0xBE, 0xFF, 0xFF, 0xA2, 0xBE, 0x8F,
    0x65, 0xFF, 0x9F, 0x89, 0x56, 0x55, 0x95, 0x95, 0x68, 0x66, 0x96, 0x93, 0xFF, 0x88, 0x98, 0x91,
    0x09, 0xA0, 0xAA, 0xAA, 0x09, 0x1A, 0x11, 0x11, 0xA9, 0x71, 0xAA, 0x7A, 0xA9, 0xAA, 0xFF, 0xA5,
    0x59, 0xF9, 0x55, 0x68, 0xFF, 0xFF, 0x65, 0xF8, 0x66, 0xF6, 0x6F, 0xF8, 0x66, 0x65, 0xF8, 0x0F,
    0x00, 0x00, 0x00, 0x00, 0x00, 0x00, 0x00, 0x00, 0x00, 0x00, 0x00, 0x00, 0x00, 0x00, 0x00, 0x00,
    0x00, 0x00, 0x00, 0x00, 0x00, 0x00, 0x00, 0x00, 0x00, 0x00, 0x00, 0x00, 0x00, 0x00, 0x00, 0xF0,
    0xF0, 0x88, 0xBB, 0xBB, 0xF0, 0x88, 0xBB, 0xBB, 0xF0, 0x88, 0xBB, 0xBB, 0xF0, 0xBB, 0xBB, 0x68,
    0xF0, 0xBB, 0xBB, 0x68, 0xF0, 0xBB, 0x88, 0x66, 0xFF, 0xBB, 0x88, 0x66, 0xBB, 0x8B, 0x66, 0xB6,
    0xB8, 0xFF, 0x9F, 0x69, 0x88, 0x8B, 0x3E, 0xF3, 0x88, 0x8B, 0x3F, 0x09, 0x88, 0xE8, 0x3F, 0x09,
    0x68, 0xE6, 0x9F, 0x00, 0x33, 0x66, 0x0F, 0x00, 0x8B, 0x66, 0x0F, 0x00, 0x8B, 0x86, 0xFB, 0x00,
    0x66, 0xF8, 0xF8, 0x00, 0xFF, 0x88, 0x0F, 0x00, 0xF0, 0xFF, 0x00, 0x00, 0x00, 0x00, 0x00, 0x00,
    0x00, 0x00, 0x00, 0x00, 0x00, 0x00, 0x00, 0x00, 0x00, 0x00, 0x00, 0x00, 0x00, 0x00, 0x00, 0x00,
    0x8B, 0x68, 0x66, 0xBB, 0x68, 0x66, 0xB8, 0xBB, 0x66, 0x86, 0xB8, 0x3B, 0x66, 0x88, 0xBB, 0xFF,
    0x86, 0xB8, 0xF3, 0xFF, 0xB8, 0xBB, 0xFF, 0xFB, 0xBB, 0xFF, 0xBB, 0xBF, 0x3B, 0xBB, 0xFB, 0xFF,
    0x8F, 0x86, 0xFB, 0x00, 0x8F, 0x86, 0xFB, 0x00, 0x8F, 0x86, 0xFB, 0x00, 0x8F, 0x86, 0xFB, 0x00,
    0x3F, 0x86, 0xFB, 0x00, 0x8F, 0x86, 0xFB, 0x00, 0x8F, 0x86, 0xF8, 0x00, 0x8F, 0x66, 0xF8, 0x00,
    0xFF, 0xFF, 0xFF, 0xFF, 0xBF, 0xBB, 0xFF, 0xFB, 0xBB, 0xBB, 0xBF, 0xBF, 0xBB, 0xBB, 0xBF, 0xBF,
    0xFB, 0xBB, 0xBF, 0xFF, 0xBF, 0xFB, 0xBB, 0xFF, 0xBB, 0xFB, 0xBB, 0xFF, 0xFF, 0xBF, 0xFB, 0xFB,
    0x8F, 0x66, 0xB8, 0x0F, 0x8F, 0x66, 0xB8, 0x0F, 0x8F, 0x66, 0xB8, 0x0F, 0x3F, 0x66, 0xB8, 0x0F,
    0x8B, 0x66, 0xB8, 0x0F, 0x8B, 0x66, 0xB8, 0x0F, 0x8B, 0x66, 0xB8, 0x0F, 0x88, 0x66, 0xB8, 0x0F,
    0xBF, 0xBB, 0xFB, 0xFB, 0xBF, 0xBB, 0xFB, 0xFB, 0xBF, 0xBB, 0xBF, 0xFB, 0xBF, 0xFB, 0xBB, 0xFF,
    0xF0, 0xFF, 0xBF, 0xBF, 0x00, 0x00, 0xF0, 0xBF, 0x00, 0x00, 0x00, 0xBF, 0x00, 0x00, 0x00, 0xBF,
    0x88, 0x66, 0xB8, 0x0F, 0x88, 0x66, 0xB8, 0x0F, 0x83, 0x66, 0xB8, 0x0F, 0x88, 0x66, 0xB8, 0x0F,
    0x68, 0x66, 0xB8, 0x0F, 0x68, 0x66, 0xB8, 0x0F, 0x68, 0x66, 0xB8, 0x0F, 0x68, 0x66, 0xB8, 0x0F,
    0x00, 0x00, 0x00, 0xBF, 0x00, 0x00, 0x00, 0xBF, 0x00, 0x00, 0xF0, 0xB3, 0x00, 0x00, 0xF0, 0xBB,
    0x00, 0x00, 0xF0, 0xBB, 0x00, 0x00, 0xF0, 0xBB, 0x00, 0x00, 0xF0, 0xBF, 0x00, 0x00, 0xF0, 0xFB,
    0x68, 0x66, 0xB6, 0x0F, 0x68, 0x66, 0xB6, 0x0F, 0x68, 0x66, 0xB6, 0x0F, 0x68, 0x66, 0xB6, 0x0F,
    0x68, 0x66, 0xB6, 0x0F, 0x68, 0x66, 0xB6, 0x0F, 0x68, 0x66, 0xB6, 0x0F, 0x6F, 0x66, 0xB6, 0x0F,
    0x00, 0x00, 0xF0, 0xBB, 0x00, 0x00, 0xF0, 0xBB, 0x00, 0x00, 0xF0, 0xBB, 0x00, 0x00, 0xF0, 0xBB,
    0x00, 0x00, 0x00, 0xBF, 0x00, 0x00, 0x00, 0xBF, 0x00, 0x00, 0x00, 0xF0, 0x00, 0x00, 0x00, 0x00,
    0xFB, 0x6F, 0xB6, 0x0F, 0xBB, 0xFF, 0xBF, 0x0F, 0xBB, 0x0F, 0xF0, 0x0F, 0xFB, 0x00, 0x00, 0x00,
    0xFB, 0x00, 0x00, 0x00, 0xFB, 0x00, 0x00, 0x00, 0xFB, 0x00, 0x00, 0x00, 0xFF, 0x00, 0x00, 0x00,
    0x00, 0x00, 0x00, 0xBF, 0x00, 0x00, 0xF0, 0xBB, 0x00, 0x00, 0xBF, 0x8B, 0x00, 0xF0, 0xBB, 0x6B,
    0x00, 0xBF, 0x8B, 0x66, 0x00, 0xBF, 0x6B, 0x66, 0xF0, 0xBB, 0x68, 0x86, 0xF0, 0xBB, 0x68, 0xB6,
    0xBF, 0xBB, 0x66, 0xFB, 0xBF, 0x8B, 0x66, 0xFF, 0xBF, 0x8B, 0xB6, 0xBF, 0xBF, 0x8B, 0xB6, 0xBF,
    0xBF, 0x68, 0x38, 0xBF, 0x8F, 0x68, 0xB8, 0xFF, 0x8F, 0x68, 0xB8, 0xFF, 0x8F, 0x68, 0xB8, 0xBF,
    0x00, 0x00, 0x00, 0x00, 0x00, 0x00, 0x00, 0x00, 0x00, 0x00, 0x00, 0x00, 0x00, 0x00, 0x00, 0xE0,
    0x00, 0x00, 0x00, 0xE0, 0x00, 0x00, 0x00, 0xE0, 0x00, 0x00, 0x00, 0xE0, 0x00, 0x00, 0x00, 0xE0,
    0x1A, 0x00, 0x00, 0x00, 0xA7, 0x00, 0x00, 0x00, 0x71, 0x0A, 0x00, 0x00, 0x17, 0x0A, 0x00, 0x00,
    0x1A, 0x0A, 0x00, 0x00, 0xAF, 0x00, 0x00, 0x00, 0x00, 0x00, 0x00, 0x00, 0x00, 0x00, 0x00, 0x00,
    0x8F, 0x86, 0xB8, 0xBF, 0x8F, 0x86, 0xBB, 0xBF, 0xBF, 0xB6, 0x3B, 0xFF, 0xBF, 0xBB, 0xBB, 0x0F,
    0xFF, 0xFF, 0xBB, 0x0F, 0x00, 0x00, 0xFF, 0x0F, 0x00, 0x00, 0x00, 0x00, 0x00, 0x00, 0x00, 0x00,
};
static const u16 sFrame41[] = {
    0x0008, 0x40BA, 0x81F7, 0x0000, 0x40CA, 0x81EF, 0x0008, 0x80DA, 0x81F7, 0x0010, 0x40FA, 0x01F7,
    0x0018, 0x80DA, 0x01EF, 0x001A, 0x00C2, 0x01EF, 0x001C, 0x00CA, 0x000F, 0x001D, 0x00EA, 0x01EF,
    0x001E, 0x0000,
};
static const void* const sFrames41[] = { sFrame41 };
static const u8 sTiles42[1184] __attribute__((aligned(4))) = {
    0xA0, 0xE2, 0x9E, 0x92, 0xA0, 0x41, 0x21, 0x29, 0xA0, 0x21, 0x12, 0x92, 0x00, 0x1A, 0x21, 0x72,
    0x00, 0xAF, 0x22, 0xAA, 0xE0, 0x1F, 0xAA, 0xFF, 0x25, 0x11, 0x32, 0xBE, 0x2E, 0x23, 0x32, 0x5E,
    0x13, 0xF3, 0xFF, 0x33, 0x73, 0xFF, 0xBB, 0xFF, 0x7A, 0xFF, 0xBB, 0xFB, 0x7A, 0xF6, 0xBF, 0x88,
    0x27, 0x76, 0xBF, 0x88, 0x6B, 0x66, 0xF7, 0x68, 0xFB, 0x61, 0xF6, 0x68, 0xB8, 0x6F, 0xF1, 0x88,
    0x3F, 0x0F, 0x00, 0x00, 0x13, 0xF2, 0x00, 0x00, 0x2F, 0x8F, 0x0F, 0x00, 0xFB, 0x88, 0xF8, 0x00,
    0xBB, 0x8F, 0x88, 0x0F, 0xB8, 0x8F, 0x88, 0xF8, 0xB8, 0xFB, 0x88, 0x88, 0x86, 0xFB, 0x88, 0x88,
    0x00, 0x00, 0x00, 0x00, 0x00, 0x00, 0x00, 0x00, 0x00, 0x00, 0x00, 0x00, 0x00, 0x00, 0x00, 0x00,
    0x00, 0x00, 0x00, 0x00, 0x00, 0x00, 0x00, 0x00, 0x0F, 0x00, 0x00, 0x00, 0xF8, 0x00, 0xF0, 0x0F,
    0x3E, 0x51, 0x32, 0x3E, 0xE0, 0x22, 0xE2, 0x21, 0xE0, 0x23, 0xE3, 0x21, 0x00, 0x3E, 0xE5, 0x23,
    0x00, 0xE0, 0xBE, 0x35, 0x00, 0x00, 0x00, 0xEF, 0x00, 0x00, 0x00, 0xF0, 0x00, 0x00, 0x00, 0x00,
    0x85, 0xBB, 0x7F, 0x8F, 0xBE, 0xB8, 0xFB, 0xBF, 0xB3, 0x88, 0xB8, 0xBF, 0xB2, 0x8F, 0x88, 0xFB,
    0xB5, 0xF8, 0x8F, 0xB8, 0x8E, 0x88, 0xF6, 0xFF, 0x8F, 0x88, 0x65, 0x88, 0xF0, 0x6F, 0x55, 0x98,
    0x86, 0xBB, 0x8F, 0x88, 0x68, 0xB8, 0xFF, 0x88, 0x68, 0xB8, 0xFB, 0xFF, 0x6B, 0x88, 0xBB, 0x0F,
    0x8F, 0x66, 0xA8, 0xFB, 0x8F, 0x66, 0x7A, 0xF7, 0x99, 0xFF, 0x1A, 0x5A, 0x93, 0x88, 0x1A, 0x5A,
    0x88, 0x99, 0x5F, 0x0F, 0x98, 0x93, 0x55, 0x0F, 0x59, 0x59, 0x88, 0xFF, 0x99, 0x89, 0x66, 0x88,
    0x00, 0x6F, 0x86, 0x88, 0x00, 0xF0, 0x86, 0xFF, 0x55, 0x55, 0x55, 0x55, 0x55, 0x22, 0x22, 0x22,
    0x00, 0xFF, 0x6F, 0x59, 0xF0, 0x66, 0xF6, 0x99, 0xF0, 0x66, 0x66, 0x66, 0xBF, 0x88, 0x66, 0x66,
    0xBF, 0xBB, 0x88, 0x66, 0xBF, 0xBB, 0xBB, 0x88, 0xF0, 0xB3, 0xBB, 0xBB, 0xF0, 0xBB, 0xBB, 0xBB,
    0x69, 0x65, 0x1A, 0x2A, 0x68, 0x55, 0x7A, 0x8A, 0xFF, 0x66, 0x7A, 0xAA, 0x66, 0xFF, 0x7A, 0x67,
    0x66, 0x66, 0xA6, 0x6A, 0x68, 0x66, 0xA6, 0x66, 0x88, 0x68, 0x66, 0x66, 0x8B, 0x88, 0x68, 0x66,
    0x22, 0x33, 0x33, 0x33, 0x88, 0x88, 0x88, 0x88, 0x88, 0xFB, 0x00, 0x00, 0xF6, 0xBB, 0x0F, 0x00,
    0x66, 0xBF, 0xFB, 0x00, 0x66, 0xF6, 0xB8, 0x0F, 0x66, 0xF6, 0xBF, 0x0F, 0x66, 0xF6, 0x8F, 0xFF,
    0x33, 0x83, 0x88, 0x88, 0x88, 0x88, 0x88, 0x00, 0x00, 0x00, 0x00, 0x00, 0x00, 0x00, 0x00, 0x00,
    0x00, 0x00, 0x00, 0x00, 0x00, 0x00, 0x00, 0x00, 0x00, 0x00, 0x00, 0x00, 0x00, 0x00, 0x00, 0x00,
    0x00, 0x3F, 0xBB, 0xBB, 0x00, 0x00, 0xBF, 0xBB, 0x00, 0x00, 0xF0, 0xB3, 0x00, 0x00, 0x00, 0xBF,
    0x00, 0x00, 0x00, 0xF0, 0x00, 0x00, 0x00, 0x00, 0x00, 0x00, 0x00, 0x00, 0x00, 0x00, 0x00, 0x00,
    0xBB, 0x8B, 0x88, 0x68, 0xBB, 0xBB, 0x88, 0x88, 0xBB, 0xBB, 0x8B, 0x88, 0xBB, 0xBB, 0xBB, 0x88,
    0x3B, 0xBB, 0xBB, 0xBB, 0xFF, 0xBB, 0xBB, 0xBB, 0x00, 0xBF, 0xBB, 0xBB, 0x00, 0xF0, 0xBB, 0xBB,
    0x66, 0xBF, 0xFB, 0xFB, 0x66, 0x8F, 0xFB, 0xFF, 0x68, 0x8F, 0xB6, 0xBF, 0xF8, 0xBB, 0xB6, 0xBF,
    0xF8, 0xBF, 0x68, 0xFB, 0xFB, 0xFB, 0x6B, 0xF8, 0xBF, 0xBB, 0xBF, 0xB8, 0xBF, 0x88, 0xFB, 0xBB,
    0x0F, 0x00, 0x00, 0x00, 0x0F, 0x00, 0x00, 0x00, 0x0F, 0x00, 0x00, 0x00, 0x0F, 0x00, 0x00, 0x00,
    0xFB, 0x00, 0x00, 0x00, 0xFB, 0x00, 0x00, 0x00, 0xBF, 0x0F, 0x00, 0x00, 0xBF, 0x0F, 0x00, 0x00,
    0x00, 0x00, 0x00, 0x00, 0x00, 0x00, 0x00, 0x00, 0x00, 0x00, 0x00, 0x00, 0x00, 0x00, 0x00, 0x00,
    0x00, 0x00, 0x00, 0x00, 0x00, 0x00, 0x00, 0x00, 0x00, 0x00, 0x00, 0x55, 0x00, 0x00, 0x50, 0x32,
    0x00, 0x00, 0x00, 0x00, 0x00, 0x00, 0x00, 0x00, 0x00, 0x00, 0x00, 0x00, 0x00, 0x00, 0x00, 0x00,
    0x00, 0x00, 0x00, 0x00, 0x50, 0x55, 0x85, 0x08, 0x55, 0x22, 0x85, 0x00, 0x33, 0x85, 0x08, 0x00,
    0x55, 0x55, 0x35, 0x33, 0x22, 0x32, 0x33, 0x83, 0x33, 0x83, 0x88, 0x08, 0x88, 0x88, 0x00, 0x00,
    0x00, 0x00, 0x00, 0x00, 0x00, 0x00, 0x00, 0x00, 0x00, 0x00, 0x00, 0x00, 0x00, 0x00, 0x00, 0x00,
    0x85, 0x88, 0x00, 0x00, 0x88, 0x00, 0x00, 0x00, 0x00, 0x00, 0x00, 0x00, 0x00, 0x00, 0x00, 0x00,
    0x00, 0x00, 0x00, 0x00, 0x00, 0x00, 0x00, 0x00, 0x00, 0x00, 0x00, 0x00, 0x00, 0x00, 0x00, 0x00,
    0x00, 0x00, 0x00, 0x00, 0x00, 0x00, 0x00, 0x00, 0x00, 0x00, 0x00, 0x00, 0x00, 0x00, 0x00, 0x00,
    0x00, 0x00, 0x00, 0x55, 0x55, 0x55, 0x55, 0x55, 0x22, 0x22, 0x22, 0x22, 0x22, 0x22, 0x82, 0x88,
    0x00, 0x00, 0x00, 0x00, 0x00, 0x00, 0x00, 0x00, 0x00, 0x00, 0x00, 0x00, 0x00, 0x00, 0x00, 0x00,
    0x55, 0x55, 0x55, 0x55, 0x11, 0x11, 0x11, 0x21, 0x22, 0x22, 0x22, 0x82, 0x88, 0x88, 0x88, 0x88,
    0x88, 0x88, 0x88, 0x88, 0x00, 0x00, 0x00, 0x00, 0x00, 0x00, 0x00, 0x00, 0x00, 0x00, 0x00, 0x00,
    0x00, 0x00, 0x00, 0x00, 0x00, 0x00, 0x00, 0x00, 0x00, 0x00, 0x00, 0x00, 0x00, 0x00, 0x00, 0x00,
    0x08, 0x00, 0x00, 0x00, 0x00, 0x00, 0x00, 0x00, 0x00, 0x00, 0x00, 0x00, 0x00, 0x00, 0x00, 0x00,
    0x00, 0x00, 0x00, 0x00, 0x00, 0x00, 0x00, 0x00, 0x00, 0x00, 0x00, 0x00, 0x00, 0x00, 0x00, 0x00,
    0xBF, 0x8B, 0xBB, 0xFF, 0xFF, 0xBB, 0xB8, 0xBF, 0xBF, 0xBF, 0x88, 0xFB, 0xBF, 0xFB, 0x8B, 0xBB,
    0xF0, 0xFB, 0xBB, 0xB8, 0x00, 0xBF, 0xBF, 0x88, 0x00, 0xF0, 0xFB, 0x8B, 0x00, 0xF0, 0xBB, 0xBF,
    0xFF, 0xFB, 0x00, 0x00, 0xFB, 0xFB, 0x00, 0x00, 0xBB, 0xBF, 0x0F, 0x00, 0xBF, 0xBF, 0x0F, 0x00,
    0xFB, 0xFB, 0xFB, 0x00, 0xBB, 0xFF, 0xFB, 0x00, 0xB8, 0xFF, 0xFF, 0x00, 0xFF, 0xFB, 0x0F, 0x00,
    0x00, 0x00, 0xBF, 0xFB, 0x00, 0x00, 0xF0, 0xFF, 0x00, 0x00, 0xF0, 0x8F, 0x00, 0x00, 0xBF, 0x68,
    0x00, 0xF0, 0x8B, 0x86, 0x00, 0xF0, 0xFF, 0xFF, 0x00, 0x00, 0x00, 0x00, 0x00, 0x00, 0x00, 0x00,
    0xBF, 0xB8, 0x0F, 0x00, 0x88, 0xB8, 0x0F, 0x00, 0x86, 0xBB, 0x0F, 0x00, 0xB8, 0xFF, 0x00, 0x00,
    0xFF, 0x00, 0x00, 0x00, 0x00, 0x00, 0x00, 0x00, 0x00, 0x00, 0x00, 0x00, 0x00, 0x00, 0x00, 0x00,
    0x00, 0x00, 0x00, 0x00, 0x00, 0x00, 0x00, 0x00, 0x00, 0x00, 0x00, 0x00, 0x00, 0x55, 0x55, 0x55,
    0x55, 0x55, 0x25, 0x22, 0x22, 0x22, 0x22, 0x33, 0x88, 0x88, 0x88, 0x88, 0x88, 0x88, 0x08, 0x00,
    0x00, 0x00, 0x00, 0x00, 0x00, 0x00, 0x00, 0x00, 0x00, 0x00, 0x50, 0x55, 0x55, 0x55, 0x55, 0x55,
    0x22, 0x22, 0x22, 0x22, 0x33, 0x33, 0x83, 0x88, 0x88, 0x88, 0x88, 0x88, 0x00, 0x00, 0x00, 0x00,
    0x00, 0x00, 0x00, 0x00, 0x00, 0x00, 0x55, 0x55, 0x55, 0x55, 0x22, 0x22, 0x35, 0x33, 0x33, 0x23,
    0x55, 0x85, 0x88, 0x88, 0x88, 0x88, 0x00, 0x00, 0x00, 0x00, 0x00, 0x00, 0x00, 0x00, 0x00, 0x00,
    0x50, 0x55, 0x55, 0x55, 0x55, 0x11, 0x11, 0x22, 0x12, 0x21, 0x22, 0x22, 0x82, 0x88, 0x88, 0x88,
    0x08, 0x00, 0x00, 0x00, 0x00, 0x00, 0x00, 0x00, 0x00, 0x00, 0x00, 0x00, 0x00, 0x00, 0x00, 0x00,
    0x00, 0x00, 0x99, 0x99, 0x00, 0x39, 0x33, 0x13, 0x90, 0x32, 0x21, 0x33, 0x19, 0x12, 0x19, 0x22,
    0x19, 0x92, 0x92, 0x91, 0x99, 0x92, 0x91, 0x22, 0x79, 0x99, 0x22, 0x39, 0x90, 0x12, 0x19, 0x99,
    0x09, 0x00, 0x00, 0x00, 0x92, 0x00, 0x00, 0x00, 0x21, 0x09, 0x00, 0x00, 0x23, 0x92, 0x00, 0x00,
    0x23, 0x22, 0x09, 0x00, 0x39, 0x23, 0xF2, 0xFF, 0x93, 0x33, 0x1F, 0x11, 0x31, 0x39, 0x2F, 0x22,
    0x00, 0x00, 0x00, 0x00, 0x00, 0x00, 0x00, 0x00, 0x00, 0x00, 0x00, 0x00, 0x00, 0x00, 0x00, 0x00,
    0x00, 0x00, 0x00, 0x00, 0x00, 0x00, 0x00, 0x00, 0x0F, 0x00, 0x00, 0x00, 0xF3, 0x00, 0x00, 0x00,
    0x00, 0x00, 0x00, 0x00, 0xFF, 0x00, 0x00, 0x00, 0xF5, 0x00, 0x00, 0x00, 0xF5, 0x00, 0x00, 0x00,
    0xFF, 0x00, 0x00, 0x00, 0x00, 0x50, 0x55, 0x55, 0x55, 0x55, 0x55, 0x22, 0x22, 0x32, 0x33, 0x33,
    0x00, 0x00, 0x3F, 0xBB, 0x00, 0x00, 0xF0, 0xBB, 0x00, 0x00, 0x00, 0xFF, 0x00, 0x00, 0x00, 0x00,
    0x00, 0x00, 0x00, 0x00, 0x00, 0x00, 0x00, 0x00, 0x00, 0x00, 0x00, 0x00, 0x00, 0x00, 0x00, 0x00,
};
static const u16 sFrame42[] = {
    0x000A, 0x40D2, 0x81E2, 0x0000, 0x40E2, 0x81EA, 0x0008, 0x00D2, 0x403A, 0x0010, 0x00DA, 0x400A,
    0x0014, 0x00F2, 0x41FA, 0x0018, 0x40DA, 0x401A, 0x001C, 0x40CA, 0x01E2, 0x0020, 0x00CA, 0x01F2,
    0x0022, 0x00DA, 0x0002, 0x0023, 0x00F2, 0x01F2, 0x0024, 0x0000,
};
static const void* const sFrames42[] = { sFrame42 };
static const u8 sTiles43[1760] __attribute__((aligned(4))) = {
    0x00, 0x00, 0x00, 0x00, 0x00, 0x00, 0x00, 0x00, 0x00, 0x00, 0x00, 0x00, 0x00, 0x00, 0x00, 0x00,
    0x00, 0x00, 0x00, 0x00, 0x00, 0x00, 0x00, 0x00, 0x00, 0x00, 0x00, 0x00, 0x00, 0x00, 0x88, 0x88,
    0x00, 0x00, 0x00, 0x00, 0x00, 0x00, 0x00, 0x00, 0x00, 0x00, 0x00, 0x00, 0x00, 0x00, 0x00, 0x00,
    0x00, 0x00, 0x00, 0x00, 0x00, 0x00, 0x00, 0x00, 0x00, 0x00, 0x00, 0x00, 0x88, 0x88, 0x88, 0x88,
    0x00, 0x00, 0x00, 0x00, 0x00, 0x00, 0x00, 0x00, 0x00, 0x00, 0x00, 0x00, 0x00, 0x00, 0x00, 0x00,
    0x00, 0x00, 0x00, 0x00, 0x00, 0x00, 0x00, 0x00, 0x80, 0x88, 0x88, 0x88, 0x88, 0x88, 0x28, 0x22,
    0x00, 0x00, 0x00, 0x00, 0x00, 0x00, 0x00, 0x00, 0x00, 0x00, 0x00, 0x00, 0x00, 0x00, 0x00, 0x00,
    0x00, 0x00, 0x00, 0x00, 0x00, 0x00, 0x88, 0x88, 0x88, 0x88, 0x88, 0x88, 0x33, 0x33, 0x33, 0x22,
    0x88, 0x88, 0x88, 0x88, 0x33, 0x23, 0x22, 0x22, 0x22, 0x22, 0x55, 0x55, 0x55, 0x55, 0x55, 0x05,
    0x00, 0x00, 0x00, 0x00, 0x00, 0x00, 0x00, 0x00, 0x00, 0x00, 0x00, 0x00, 0x00, 0x00, 0x00, 0x00,
    0x88, 0x22, 0x22, 0x22, 0x22, 0x11, 0x11, 0x11, 0x55, 0x55, 0x55, 0x55, 0x00, 0x00, 0x00, 0x00,
    0x00, 0x00, 0x00, 0x00, 0x00, 0x00, 0x00, 0x00, 0x00, 0x00, 0x00, 0x00, 0x00, 0x00, 0x00, 0x00,
    0x22, 0x22, 0x22, 0x22, 0x51, 0x55, 0x55, 0x55, 0x55, 0x55, 0x00, 0x00, 0x00, 0x00, 0x00, 0x00,
    0x00, 0x00, 0x00, 0x00, 0x00, 0x00, 0x00, 0x00, 0x00, 0x00, 0x00, 0x00, 0x00, 0x00, 0x00, 0x00,
    0x22, 0x22, 0x55, 0x55, 0x55, 0x55, 0x55, 0x05, 0x00, 0x00, 0x00, 0x00, 0x00, 0x00, 0x00, 0x00,
    0x00, 0x00, 0x00, 0x00, 0x00, 0x00, 0x00, 0x00, 0x00, 0x00, 0x00, 0x00, 0x00, 0x00, 0x00, 0x00,
    0x00, 0x00, 0x00, 0x00, 0x00, 0x00, 0x00, 0x00, 0x00, 0x00, 0x00, 0x00, 0x00, 0x00, 0x00, 0x00,
    0x00, 0x00, 0x00, 0x00, 0x88, 0x88, 0x88, 0x88, 0x88, 0x58, 0x55, 0x35, 0x22, 0x32, 0x33, 0x23,
    0x00, 0x00, 0x00, 0x00, 0x00, 0x00, 0x00, 0x00, 0x00, 0x00, 0x00, 0x00, 0x00, 0x00, 0x00, 0x00,
    0x00, 0x00, 0x00, 0x00, 0x88, 0x88, 0x88, 0x88, 0x33, 0x23, 0x22, 0x22, 0x22, 0x22, 0x11, 0x11,
    0x00, 0x00, 0x00, 0x00, 0x00, 0x00, 0x00, 0x00, 0x00, 0x00, 0x00, 0x00, 0x00, 0x00, 0x00, 0x00,
    0x00, 0x00, 0x00, 0x00, 0x88, 0x88, 0x88, 0x88, 0x22, 0x22, 0x22, 0x33, 0x21, 0x52, 0x55, 0x55,
    0x00, 0x00, 0x00, 0x00, 0x00, 0x00, 0x00, 0x00, 0x00, 0x00, 0x00, 0x00, 0x00, 0x00, 0x00, 0x00,
    0x00, 0x00, 0x00, 0x00, 0x88, 0x88, 0x88, 0x00, 0x33, 0x83, 0x88, 0x88, 0x23, 0x22, 0x23, 0x82,
    0x55, 0x55, 0x55, 0x55, 0x00, 0x00, 0x00, 0x00, 0x00, 0x00, 0x00, 0x00, 0x00, 0x00, 0x00, 0x00,
    0x00, 0x00, 0x00, 0x00, 0x00, 0x00, 0x00, 0x00, 0x00, 0x00, 0x00, 0x00, 0x00, 0x00, 0x00, 0x00,
    0x55, 0x55, 0x55, 0x55, 0x00, 0x00, 0x00, 0x00, 0x00, 0x00, 0x00, 0x00, 0x00, 0x00, 0x00, 0x00,
    0x00, 0x00, 0x00, 0x00, 0x00, 0x00, 0x00, 0x00, 0x00, 0x00, 0x00, 0x00, 0x00, 0x00, 0x00, 0x00,
    0x55, 0x55, 0x05, 0x00, 0x00, 0x00, 0x00, 0x00, 0x00, 0x00, 0x00, 0x00, 0x00, 0x00, 0x00, 0x00,
    0x00, 0x00, 0x00, 0x00, 0x00, 0x00, 0x00, 0x00, 0x00, 0x00, 0x00, 0x00, 0x00, 0x00, 0x00, 0x00,
    0x55, 0x55, 0x25, 0x32, 0x00, 0x00, 0x50, 0x55, 0x00, 0x00, 0x00, 0x00, 0x00, 0x00, 0x00, 0x00,
    0x00, 0x00, 0x00, 0x00, 0x00, 0x00, 0x00, 0x00, 0x00, 0x00, 0x00, 0x00, 0x00, 0x00, 0x00, 0x00,
    0x00, 0x00, 0x00, 0x00, 0x00, 0x00, 0x00, 0x00, 0x00, 0x00, 0x00, 0x00, 0x00, 0xF0, 0xFF, 0x00,
    0x00, 0xFF, 0xF5, 0x00, 0xF0, 0x55, 0xF5, 0x00, 0x6F, 0x55, 0x55, 0xFF, 0x6F, 0x86, 0x56, 0xF6,
    0x00, 0x00, 0x90, 0x2A, 0x00, 0x00, 0x00, 0x1A, 0x00, 0x00, 0x00, 0x1A, 0x00, 0x00, 0x00, 0xEE,
    0x00, 0x00, 0xE0, 0x22, 0x00, 0x00, 0x2E, 0x22, 0x00, 0x00, 0x3F, 0x22, 0x00, 0xF0, 0x5E, 0x33,
    0x19, 0x23, 0x22, 0x32, 0x29, 0x23, 0x22, 0x32, 0x11, 0x39, 0x22, 0x32, 0x11, 0x39, 0x22, 0x32,
    0xEE, 0x39, 0x23, 0x22, 0x3E, 0x95, 0x23, 0x22, 0x33, 0x9E, 0x33, 0x22, 0xE5, 0xE5, 0x39, 0x22,
    0x32, 0x09, 0x00, 0x00, 0x22, 0x09, 0x00, 0x00, 0x22, 0x09, 0x00, 0x00, 0x22, 0xE9, 0xEE, 0xEE,
    0x23, 0xE9, 0x88, 0x86, 0x23, 0xB9, 0x8E, 0x58, 0x23, 0xB9, 0x8E, 0x66, 0x22, 0x93, 0x8E, 0x88,
    0x6F, 0x58, 0x99, 0x0F, 0xF0, 0x9F, 0x92, 0x00, 0xF0, 0x39, 0x89, 0xFF, 0x00, 0x9F, 0x58, 0xF6,
    0x00, 0xF0, 0x58, 0x8F, 0x00, 0xF0, 0x68, 0x58, 0x00, 0x00, 0x8F, 0x68, 0x00, 0x00, 0xF0, 0xFF,
    0x00, 0x6F, 0xE8, 0xE5, 0xF0, 0x56, 0x86, 0xEE, 0x6F, 0x58, 0x86, 0x0F, 0x56, 0x68, 0xF8, 0x00,
    0x65, 0x86, 0x0F, 0x00, 0x86, 0xF8, 0x00, 0x00, 0xF8, 0x0F, 0x00, 0x00, 0x0F, 0x00, 0x00, 0x00,
    0x2E, 0xE3, 0x39, 0x23, 0x32, 0xB5, 0x9B, 0x23, 0xEE, 0xB8, 0x9B, 0x23, 0x8E, 0x88, 0xBB, 0x39,
    0xE0, 0x88, 0xBB, 0x39, 0xE0, 0x88, 0xB8, 0x9B, 0xE0, 0x88, 0xB8, 0x9B, 0x00, 0x8E, 0xB8, 0xBB,
    0x32, 0x93, 0xEB, 0xEE, 0x32, 0x92, 0xEB, 0x00, 0x32, 0x92, 0xEB, 0x00, 0x22, 0x33, 0xE9, 0x00,
    0x22, 0x23, 0xB9, 0x0E, 0x23, 0x23, 0xB9, 0x0E, 0x23, 0x23, 0x93, 0x0E, 0x39, 0x32, 0x93, 0xEB,
    0x00, 0x00, 0x00, 0x00, 0x00, 0x00, 0x00, 0x00, 0x00, 0x00, 0x00, 0x00, 0x00, 0x00, 0x00, 0x00,
    0x00, 0x00, 0x00, 0x00, 0x00, 0x00, 0x00, 0x00, 0x00, 0x00, 0x00, 0xE0, 0x00, 0x00, 0x00, 0xBE,
    0x00, 0xE0, 0xBB, 0xB8, 0x00, 0xE0, 0xBB, 0xBB, 0x00, 0xBE, 0x8B, 0x88, 0x00, 0xBE, 0x88, 0x68,
    0xE0, 0x8C, 0x88, 0x66, 0xCE, 0x88, 0x68, 0x86, 0x8B, 0x68, 0xB6, 0xBB, 0x68, 0x86, 0xFB, 0xFF,
    0x8B, 0x98, 0x89, 0x99, 0x88, 0x86, 0x88, 0x88, 0x66, 0x66, 0x66, 0x86, 0x66, 0x66, 0x66, 0x86,
    0x88, 0x66, 0x66, 0x66, 0x88, 0x88, 0x88, 0x88, 0xBB, 0xBB, 0xBB, 0x88, 0xFF, 0xFF, 0xFB, 0x8B,
    0xBB, 0x0E, 0x00, 0x00, 0xBB, 0x0E, 0x00, 0x00, 0xBB, 0xEB, 0x00, 0x00, 0xB8, 0xBB, 0x0E, 0x00,
    0x86, 0xBB, 0x0E, 0x00, 0x66, 0xB8, 0xEB, 0x00, 0x68, 0x88, 0xBB, 0x0E, 0x88, 0x86, 0xB8, 0xEB,
    0x00, 0x00, 0xE0, 0x6B, 0x00, 0x00, 0xBE, 0x66, 0x00, 0xE0, 0x66, 0x86, 0x00, 0xBE, 0x8B, 0xB8,
    0x00, 0xBE, 0x8B, 0xBB, 0x00, 0xBE, 0x88, 0xEB, 0x00, 0xBE, 0x88, 0xBE, 0x00, 0xE0, 0xBB, 0xBE,
    0x66, 0xB8, 0xBB, 0xFF, 0x88, 0xBB, 0xFB, 0xBF, 0xB8, 0xBF, 0xFF, 0xBB, 0xEB, 0xFF, 0xFF, 0xBB,
    0xBE, 0xBB, 0x8B, 0xBB, 0xBB, 0xBB, 0x88, 0xBF, 0xBB, 0x8B, 0xB8, 0xFB, 0x8B, 0x88, 0xBB, 0xFF,
    0xBB, 0xFB, 0xFB, 0xBF, 0xBF, 0xBB, 0xBF, 0xBF, 0xBF, 0xB8, 0xBF, 0xFB, 0xBF, 0xB8, 0xBF, 0xBB,
    0xBF, 0x88, 0xFB, 0xBB, 0xFB, 0x8B, 0xFB, 0xBB, 0xFF, 0x8B, 0xB8, 0xBF, 0xF0, 0xBB, 0xB8, 0xBF,
    0x88, 0x66, 0x88, 0xB8, 0x8B, 0x68, 0x86, 0x88, 0xBF, 0x88, 0x66, 0x66, 0xBB, 0x8B, 0x68, 0x66,
    0xBB, 0xBB, 0x88, 0x88, 0xBB, 0xBB, 0x8B, 0x88, 0xBB, 0xBB, 0xBB, 0xBB, 0xBB, 0xBB, 0xBB, 0xBB,
    0x00, 0x00, 0x00, 0x00, 0x00, 0x00, 0x00, 0x00, 0x00, 0x00, 0x00, 0x00, 0x00, 0x00, 0x00, 0x00,
    0x00, 0x00, 0x00, 0x00, 0x00, 0x00, 0x00, 0x00, 0x00, 0x00, 0x00, 0x00, 0x00, 0x00, 0x00, 0xA0,
    0x00, 0x00, 0x00, 0x00, 0x00, 0x00, 0x00, 0x00, 0x00, 0x00, 0x00, 0x00, 0x00, 0x00, 0x00, 0x00,
    0x00, 0x00, 0x00, 0x00, 0x00, 0x00, 0x00, 0x00, 0x00, 0x00, 0x00, 0x00, 0x0A, 0x00, 0x00, 0x00,
    0x00, 0x00, 0x00, 0xA0, 0x00, 0xE0, 0xEE, 0xAE, 0x99, 0x69, 0x55, 0xA5, 0x19, 0x69, 0x66, 0xA6,
    0x29, 0x69, 0x68, 0xA8, 0x39, 0xE9, 0x68, 0xA8, 0x99, 0x09, 0xEE, 0xAE, 0x00, 0x00, 0x00, 0x00,
    0xA7, 0x00, 0x00, 0x00, 0xA7, 0x88, 0x88, 0x88, 0xA7, 0x88, 0x33, 0x33, 0xA1, 0x22, 0x22, 0x22,
    0xA1, 0x55, 0x55, 0x55, 0xA1, 0x05, 0x00, 0x00, 0x77, 0x00, 0x00, 0x00, 0x07, 0x00, 0x00, 0x00,
    0xBB, 0xEE, 0xEE, 0x0E, 0x88, 0xB8, 0xBB, 0xEB, 0x86, 0x88, 0x88, 0xBB, 0x66, 0x66, 0x68, 0x86,
    0x66, 0x66, 0x66, 0x66, 0x88, 0x88, 0x66, 0x86, 0x88, 0x88, 0x88, 0xB8, 0xBB, 0x8B, 0x88, 0xB8,
    0x00, 0x00, 0x00, 0x00, 0xEE, 0xEE, 0x00, 0x00, 0xBB, 0xBB, 0xEE, 0x0E, 0x88, 0xBB, 0xEE, 0x00,
    0x88, 0xEB, 0x00, 0x00, 0xB8, 0xFE, 0xFF, 0x00, 0xEB, 0xFB, 0xBB, 0x0F, 0xEB, 0xFB, 0xB8, 0x0F,
    0xBB, 0xBB, 0xBB, 0xBB, 0xBB, 0xBB, 0xBB, 0xBB, 0xBE, 0xBB, 0xBB, 0xEB, 0xE0, 0xEE, 0xBE, 0xEB,
    0x00, 0x00, 0xE0, 0x0E, 0x00, 0x00, 0x00, 0x00, 0x00, 0x00, 0x00, 0x00, 0x00, 0x00, 0x00, 0x00,
    0xBE, 0xBB, 0xB8, 0x0F, 0xBE, 0xB8, 0xB8, 0x0F, 0xBF, 0x88, 0x88, 0x0F, 0xFF, 0x8B, 0x8F, 0x0F,
    0x00, 0xBF, 0x8F, 0xFB, 0x00, 0xBF, 0x8F, 0xFB, 0x00, 0xF0, 0xBF, 0xFB, 0x00, 0xF0, 0xFF, 0x0F,
    0x00, 0xE0, 0xEC, 0x8B, 0x00, 0xE0, 0xBE, 0xBB, 0x00, 0xE0, 0xFF, 0xBB, 0x00, 0x00, 0xF0, 0xFF,
    0x00, 0x00, 0x00, 0x00, 0x00, 0x00, 0x00, 0x00, 0x00, 0x00, 0x00, 0x00, 0x00, 0x00, 0x00, 0x00,
    0x88, 0xB8, 0xFB, 0x00, 0xBB, 0xFB, 0x0F, 0x00, 0xFB, 0x0F, 0x00, 0x00, 0x0F, 0x00, 0x00, 0x00,
    0x00, 0x00, 0x00, 0x00, 0x00, 0x00, 0x00, 0x00, 0x00, 0x00, 0x00, 0x00, 0x00, 0x00, 0x00, 0x00,
    0xF0, 0xBB, 0xB8, 0xEF, 0x00, 0xBF, 0xBB, 0x0F, 0x00, 0xF0, 0xFF, 0x00, 0x00, 0x00, 0x00, 0x00,
    0x00, 0x00, 0x00, 0x00, 0x00, 0x00, 0x00, 0x00, 0x00, 0x00, 0x00, 0x00, 0x00, 0x00, 0x00, 0x00,
    0xBE, 0xBB, 0xBB, 0xBB, 0xE0, 0xEE, 0xBE, 0xBB, 0x00, 0x00, 0xE0, 0xEE, 0x00, 0x00, 0x00, 0x00,
    0x00, 0x00, 0x00, 0x00, 0x00, 0x00, 0x00, 0x00, 0x00, 0x00, 0x00, 0x00, 0x00, 0x00, 0x00, 0x00,
    0x00, 0x00, 0x00, 0x00, 0x00, 0x00, 0x00, 0x00, 0x00, 0x00, 0x00, 0x90, 0x00, 0x00, 0x00, 0x29,
    0x00, 0x00, 0x90, 0x23, 0x00, 0x00, 0x90, 0x92, 0x00, 0x00, 0x90, 0x93, 0x00, 0x00, 0x90, 0x7E,
    0x00, 0x99, 0x99, 0x00, 0x99, 0x23, 0x32, 0x99, 0x23, 0x22, 0x12, 0x31, 0x22, 0x22, 0x11, 0x11,
    0x12, 0x11, 0x11, 0x11, 0x11, 0x11, 0x11, 0x21, 0x11, 0x11, 0x22, 0x22, 0x29, 0x22, 0x22, 0x33,
    0x00, 0x8E, 0xB8, 0xBB, 0x00, 0xE0, 0x88, 0xBB, 0x00, 0xE0, 0xB8, 0xBB, 0x00, 0x00, 0x8E, 0xBB,
    0x00, 0x00, 0x8E, 0xBB, 0x00, 0x00, 0xBE, 0xBB, 0x00, 0x00, 0xBE, 0xBB, 0x00, 0xE0, 0xBB, 0xB8,
    0x39, 0x32, 0x92, 0xEB, 0x39, 0x39, 0x32, 0xE9, 0x9B, 0x93, 0x33, 0xB9, 0x9B, 0x93, 0x23, 0xB9,
    0xBB, 0x99, 0x29, 0xB9, 0xBB, 0x39, 0x39, 0x99, 0x8B, 0x39, 0x99, 0x93, 0x8B, 0x98, 0x89, 0x99,
    0x00, 0x00, 0x00, 0x00, 0x00, 0x00, 0x00, 0x00, 0x00, 0x00, 0x00, 0x00, 0x00, 0x00, 0x00, 0x00,
    0x00, 0x00, 0x00, 0x00, 0x00, 0x00, 0x00, 0x00, 0x00, 0x00, 0x00, 0x00, 0x88, 0x00, 0x00, 0x00,
    0x85, 0x00, 0x00, 0x00, 0x00, 0x00, 0x00, 0x00, 0x00, 0x00, 0x00, 0x00, 0x00, 0x00, 0x00, 0x00,
    0x00, 0x00, 0x00, 0x00, 0x00, 0x00, 0x00, 0x00, 0x00, 0x00, 0x00, 0x00, 0x00, 0x00, 0x00, 0x00,
    0x00, 0x00, 0x00, 0x00, 0x00, 0x00, 0x00, 0x00, 0x09, 0x00, 0x00, 0x00, 0x09, 0x00, 0x00, 0x00,
    0x93, 0x00, 0x00, 0x00, 0x92, 0x00, 0x00, 0x00, 0x92, 0x00, 0x00, 0x00, 0x92, 0x00, 0x00, 0x00,
    0x00, 0x00, 0x00, 0x00, 0x00, 0x00, 0x00, 0x00, 0x00, 0xE0, 0xEE, 0xEE, 0xEE, 0x8E, 0x56, 0x55,
    0x56, 0x55, 0x65, 0x66, 0x65, 0x66, 0x86, 0x88, 0x88, 0x88, 0xEE, 0xEE, 0xEE, 0xEE, 0x00, 0x00,
    0x00, 0x88, 0x88, 0x88, 0x88, 0x88, 0x33, 0x33, 0x33, 0x33, 0x22, 0x22, 0x52, 0x55, 0x55, 0x55,
    0x55, 0x55, 0x05, 0x00, 0x00, 0x00, 0x00, 0x00, 0x00, 0x00, 0x00, 0x00, 0x00, 0x00, 0x00, 0x00,
    0x00, 0x00, 0x00, 0x00, 0x00, 0x00, 0x00, 0x00, 0x0E, 0x00, 0x00, 0x00, 0x0E, 0x00, 0x00, 0x00,
    0x0E, 0x00, 0x00, 0x00, 0x0E, 0x00, 0x00, 0x00, 0xEB, 0x00, 0x00, 0x00, 0xEB, 0x00, 0x00, 0x00,
    0x00, 0x00, 0x00, 0x00, 0x00, 0x00, 0x00, 0x00, 0x00, 0x00, 0x00, 0x00, 0x00, 0x00, 0x00, 0x00,
    0x00, 0x00, 0x00, 0x00, 0x00, 0x00, 0x00, 0x00, 0x00, 0x00, 0x00, 0x00, 0xEE, 0x00, 0x00, 0x00,
};
static const u16 sFrame43[] = {
    0x000F, 0x40C8, 0x801E, 0x0000, 0x40C8, 0x803E, 0x0008, 0x40D0, 0x81DE, 0x0010, 0x40E8, 0x81E6,
    0x0018, 0x00C8, 0x4006, 0x0020, 0x00F0, 0x4006, 0x0024, 0x40F8, 0x41E6, 0x0028, 0x40C8, 0x01E6,
    0x002C, 0x40E0, 0x01EE, 0x002E, 0x80C8, 0x005E, 0x0030, 0x00C8, 0x01F6, 0x0032, 0x00D0, 0x01FE,
    0x0033, 0x00D0, 0x0016, 0x0034, 0x00E0, 0x01FE, 0x0035, 0x00E8, 0x0006, 0x0036, 0x0000,
};
static const void* const sFrames43[] = { sFrame43 };
static const u8 sTiles44[1600] __attribute__((aligned(4))) = {
    0x5E, 0x23, 0x22, 0x32, 0xE0, 0xEE, 0x13, 0xE1, 0x00, 0x3E, 0xEE, 0xEE, 0x00, 0x5E, 0x32, 0x8E,
    0x00, 0xE0, 0xBE, 0xBF, 0x00, 0x00, 0xBF, 0xFB, 0x00, 0x00, 0x8F, 0xBB, 0x00, 0x00, 0xF0, 0x88,
    0x2E, 0xBE, 0xF2, 0xB8, 0x23, 0x2E, 0xBF, 0xB8, 0xEE, 0xFF, 0x8B, 0x86, 0x86, 0xFB, 0x33, 0x86,
    0x86, 0xBB, 0xBF, 0x86, 0xBB, 0xBB, 0xFB, 0x88, 0xBF, 0x8B, 0x66, 0xBF, 0xFB, 0x8B, 0x66, 0xFB,
    0xEF, 0x25, 0xE3, 0x09, 0xBF, 0xEE, 0x1E, 0x09, 0xBF, 0xF8, 0x12, 0x92, 0xBF, 0xB8, 0x2F, 0x91,
    0xFB, 0x88, 0x1F, 0x21, 0xFB, 0x8B, 0x3F, 0x23, 0xFB, 0x8B, 0xFB, 0x92, 0xBB, 0xBF, 0xF8, 0x23,
    0x00, 0x00, 0x00, 0x00, 0x00, 0x00, 0x00, 0x00, 0x00, 0x00, 0x00, 0x00, 0x00, 0x00, 0x00, 0x00,
    0x09, 0x00, 0x00, 0x00, 0x91, 0x09, 0x00, 0x00, 0x23, 0x91, 0x09, 0x00, 0x99, 0x13, 0x92, 0x09,
    0x00, 0x00, 0xF0, 0x88, 0x00, 0x00, 0x00, 0x8F, 0x00, 0x00, 0x00, 0x8F, 0x00, 0x00, 0x00, 0xF0,
    0x00, 0x00, 0x00, 0xF0, 0x00, 0x00, 0x00, 0xF0, 0x00, 0x00, 0x00, 0x6F, 0x00, 0x00, 0x00, 0x8F,
    0xBB, 0xBF, 0x68, 0xB6, 0xB8, 0xFB, 0x8B, 0x86, 0xB8, 0xBB, 0xBF, 0xB8, 0x88, 0xBB, 0xFB, 0xBB,
    0x66, 0xB8, 0x33, 0xBF, 0x66, 0x86, 0xBB, 0xFB, 0x86, 0xBB, 0x33, 0xBB, 0xB8, 0xFB, 0xFF, 0xBB,
    0xBF, 0xBF, 0xFB, 0x2F, 0xFB, 0xBF, 0x8B, 0xFB, 0xBB, 0xFB, 0xBB, 0xF8, 0xBB, 0x99, 0x92, 0x8B,
    0xBB, 0x19, 0xF9, 0xBF, 0x9B, 0x92, 0x68, 0xBF, 0x9F, 0xF3, 0x66, 0xF6, 0xFB, 0x69, 0x66, 0xF6,
    0x33, 0x99, 0x00, 0x00, 0x92, 0x23, 0x09, 0x00, 0x93, 0x39, 0x92, 0x00, 0x2F, 0x99, 0x99, 0x09,
    0x9F, 0x93, 0x00, 0x00, 0xFB, 0x30, 0x09, 0x00, 0x99, 0x00, 0x00, 0x00, 0xA3, 0xAA, 0x00, 0x00,
    0x00, 0x00, 0x00, 0xBF, 0x00, 0x00, 0xF0, 0xBB, 0x00, 0x00, 0xF0, 0xF3, 0x00, 0x00, 0xF0, 0x8F,
    0x00, 0x00, 0xFF, 0x86, 0x00, 0x00, 0x6F, 0xB8, 0x00, 0xF0, 0x6F, 0xB8, 0x00, 0xF0, 0x8F, 0xBB,
    0xF3, 0xFF, 0xFF, 0xBF, 0xBF, 0xBB, 0xBF, 0xFF, 0xB8, 0xBB, 0xBF, 0xBB, 0xBB, 0xBB, 0xFF, 0xBF,
    0xBB, 0xFB, 0xFF, 0xBF, 0xBB, 0xFB, 0xBB, 0xBF, 0xBB, 0xBF, 0xBB, 0xFB, 0xFB, 0xBB, 0xBB, 0xFB,
    0xBB, 0x8F, 0x86, 0xF6, 0xBB, 0xFB, 0xB8, 0xA6, 0xBF, 0xBB, 0xAF, 0x7A, 0x3F, 0xBB, 0xA8, 0xA7,
    0xFB, 0x68, 0x7A, 0xAA, 0x8B, 0x8F, 0xA6, 0xBB, 0xBB, 0xF8, 0x68, 0x88, 0xBB, 0xF8, 0x68, 0x86,
    0x1A, 0xAA, 0x00, 0x00, 0x11, 0x8A, 0x0F, 0x00, 0xA1, 0x65, 0x0F, 0x00, 0x2A, 0x55, 0x0F, 0x00,
    0x58, 0x52, 0x05, 0x00, 0x88, 0x23, 0xF5, 0x0F, 0x8B, 0x33, 0x52, 0xFB, 0xB8, 0x38, 0x23, 0xB5,
    0x00, 0xF0, 0x88, 0xBB, 0x00, 0xF0, 0xB8, 0xFB, 0x00, 0xF0, 0xBB, 0xBB, 0x00, 0x00, 0xF0, 0xFF,
    0x00, 0x00, 0x00, 0x00, 0x00, 0x00, 0x00, 0x00, 0x00, 0x00, 0x00, 0x00, 0x00, 0x00, 0x00, 0x00,
    0xBF, 0xBB, 0xBB, 0xFB, 0xBB, 0xBB, 0xFF, 0xFF, 0xBB, 0xFF, 0xBB, 0xFB, 0xFF, 0xBF, 0xBB, 0xBB,
    0x00, 0xF0, 0xBB, 0xBB, 0x00, 0xF0, 0xBB, 0xBB, 0x00, 0x00, 0xBF, 0xBB, 0x00, 0x00, 0xF0, 0xBB,
    0xBB, 0x8B, 0x8F, 0x66, 0xBF, 0x8B, 0x38, 0x68, 0xBF, 0xBB, 0x88, 0x8F, 0xBF, 0xBB, 0x88, 0x8F,
    0xFF, 0xBB, 0x88, 0xF8, 0xFF, 0xBB, 0x8B, 0x68, 0xFB, 0xBF, 0x8B, 0x88, 0xBB, 0xBF, 0xBB, 0x88,
    0x88, 0x8B, 0x23, 0x52, 0x86, 0xB8, 0x38, 0x22, 0x66, 0x88, 0x88, 0x23, 0x66, 0x86, 0x8B, 0x38,
    0x68, 0x66, 0xB8, 0x38, 0x8F, 0x68, 0x86, 0x8B, 0xFB, 0x83, 0x66, 0xB8, 0xF8, 0x8F, 0x68, 0x86,
    0x00, 0x00, 0x00, 0x00, 0x00, 0x00, 0x00, 0x39, 0x00, 0x00, 0x90, 0x32, 0x00, 0x00, 0x29, 0x12,
    0x00, 0x00, 0x13, 0x91, 0x00, 0x90, 0x91, 0x99, 0x00, 0x90, 0x71, 0x91, 0x00, 0x90, 0x72, 0x12,
    0x99, 0x99, 0x09, 0x00, 0x33, 0x13, 0x92, 0x00, 0x11, 0x92, 0x11, 0x09, 0x19, 0x22, 0x19, 0x09,
    0x92, 0x29, 0x29, 0x92, 0x22, 0x92, 0x92, 0x92, 0x33, 0x33, 0x92, 0x12, 0x1E, 0x99, 0x33, 0x23,
    0x00, 0x90, 0xA2, 0x22, 0x00, 0x90, 0xA2, 0x21, 0x00, 0x00, 0xA9, 0x11, 0x00, 0x00, 0xA0, 0x12,
    0x00, 0x00, 0xEE, 0x2A, 0x00, 0xEE, 0x23, 0xE2, 0xE0, 0x23, 0x31, 0xE1, 0x3E, 0x22, 0x25, 0x11,
    0xE6, 0x92, 0x32, 0x21, 0x16, 0x22, 0x37, 0x22, 0x11, 0x21, 0x9A, 0x23, 0x11, 0x72, 0x9A, 0xE3,
    0x21, 0xA2, 0xF7, 0xEE, 0xA7, 0x7A, 0xFB, 0x5E, 0xE3, 0xB2, 0xF1, 0xEB, 0x1E, 0x1E, 0xFB, 0xBB,
    0xBB, 0xFB, 0xBB, 0x88, 0xBB, 0xFB, 0xBB, 0x88, 0xBB, 0xBB, 0xBF, 0x8B, 0xBB, 0xBB, 0xBF, 0x8B,
    0xBB, 0xBB, 0xFB, 0x8B, 0xBF, 0xBB, 0xBB, 0x8F, 0xBF, 0xBB, 0xFB, 0xBF, 0xF0, 0xFB, 0x0F, 0xF0,
    0xF8, 0xBF, 0x68, 0x86, 0xB8, 0xFF, 0x88, 0x86, 0xB8, 0xF8, 0x8F, 0x86, 0x88, 0xF8, 0x3F, 0x88,
    0x88, 0x88, 0xFF, 0xB8, 0x8B, 0x88, 0xFB, 0xBF, 0x8B, 0x88, 0xFB, 0xF0, 0x8B, 0x88, 0xBF, 0x0F,
    0xF0, 0x0F, 0x00, 0x00, 0x00, 0x00, 0x00, 0x00, 0x00, 0x00, 0x00, 0x00, 0x00, 0x00, 0x00, 0x00,
    0x00, 0x00, 0x00, 0x00, 0x00, 0x00, 0x00, 0x00, 0x00, 0x00, 0x00, 0x00, 0x00, 0x00, 0x00, 0x00,
    0xBF, 0x88, 0xBF, 0x0F, 0xBF, 0xF8, 0xBB, 0x0F, 0xF0, 0xFB, 0xBB, 0x0F, 0xF0, 0xBF, 0xFB, 0x0F,
    0xF0, 0x88, 0xFB, 0x00, 0x8F, 0x86, 0xFB, 0x00, 0x8F, 0x86, 0xFB, 0x00, 0xBF, 0xB8, 0x0F, 0x00,
    0x38, 0x12, 0x05, 0x00, 0x80, 0x22, 0x51, 0x00, 0x00, 0x28, 0x11, 0x05, 0x00, 0x80, 0x12, 0x51,
    0x00, 0x00, 0x28, 0x52, 0x00, 0x00, 0x38, 0x22, 0x00, 0x00, 0x80, 0x23, 0x00, 0x00, 0x00, 0x28,
    0x00, 0x00, 0x00, 0x00, 0x00, 0x00, 0x00, 0x00, 0x00, 0x00, 0x00, 0x00, 0x00, 0x00, 0x00, 0x00,
    0x05, 0x00, 0x00, 0x00, 0x55, 0x00, 0x00, 0x00, 0x52, 0x00, 0x00, 0x00, 0x22, 0x05, 0x00, 0x00,
    0x00, 0x00, 0x00, 0x80, 0x00, 0x00, 0x00, 0x00, 0x00, 0x00, 0x00, 0x00, 0x00, 0x00, 0x00, 0x00,
    0x00, 0x00, 0x00, 0x00, 0x00, 0x00, 0x00, 0x00, 0x00, 0x00, 0x00, 0x00, 0x00, 0x00, 0x00, 0x00,
    0x22, 0x52, 0x00, 0x00, 0x28, 0x22, 0x05, 0x00, 0x80, 0x23, 0x52, 0x00, 0x80, 0x38, 0x52, 0x05,
    0x00, 0x88, 0x23, 0x05, 0x00, 0x80, 0x33, 0x52, 0x00, 0x00, 0x38, 0x23, 0x00, 0x00, 0x80, 0x23,
    0x22, 0x05, 0x00, 0x00, 0x23, 0x55, 0x00, 0x00, 0x28, 0x53, 0x55, 0x00, 0x58, 0x35, 0x52, 0x05,
    0x80, 0x88, 0x23, 0x55, 0x00, 0x80, 0x33, 0x52, 0x00, 0x00, 0x38, 0x22, 0x00, 0x00, 0x80, 0x22,
    0x00, 0x00, 0x00, 0x00, 0x00, 0x00, 0x00, 0x00, 0x00, 0x00, 0x00, 0x00, 0x00, 0x00, 0x00, 0x00,
    0x00, 0x00, 0x00, 0x00, 0x00, 0x00, 0x00, 0x00, 0x05, 0x00, 0x00, 0x00, 0x51, 0x00, 0x00, 0x00,
    0x00, 0x00, 0x00, 0x28, 0x00, 0x00, 0x00, 0x38, 0x00, 0x00, 0x00, 0x80, 0x00, 0x00, 0x00, 0x00,
    0x00, 0x00, 0x00, 0x00, 0x00, 0x00, 0x00, 0x00, 0x00, 0x00, 0x00, 0x00, 0x00, 0x00, 0x00, 0x00,
    0x11, 0x05, 0x00, 0x00, 0x12, 0x55, 0x00, 0x00, 0x23, 0x51, 0x05, 0x00, 0x28, 0x22, 0x05, 0x00,
    0x80, 0x23, 0x52, 0x00, 0x00, 0x38, 0x22, 0x05, 0x00, 0x80, 0x23, 0x52, 0x00, 0x00, 0x38, 0x53,
    0xBB, 0x28, 0x11, 0x05, 0xBB, 0x38, 0x12, 0x52, 0xBB, 0x8B, 0x23, 0x11, 0xBB, 0x0F, 0x38, 0x12,
    0xBB, 0x0F, 0x80, 0x13, 0xFB, 0x00, 0x00, 0x38, 0xFB, 0x00, 0x00, 0x80, 0xFF, 0x00, 0x00, 0x80,
    0x00, 0x00, 0x00, 0x00, 0x00, 0x00, 0x00, 0x00, 0x05, 0x00, 0x00, 0x00, 0x51, 0x00, 0x00, 0x00,
    0x52, 0x05, 0x00, 0x00, 0x11, 0x55, 0x00, 0x00, 0x12, 0x55, 0x00, 0x00, 0x23, 0x51, 0x05, 0x00,
    0x00, 0x80, 0x22, 0x51, 0x00, 0x00, 0x28, 0x11, 0x00, 0x00, 0x38, 0x12, 0x00, 0x00, 0x80, 0x23,
    0x00, 0x00, 0x00, 0x28, 0x00, 0x00, 0x00, 0x80, 0x00, 0x00, 0x00, 0x00, 0x00, 0x00, 0x00, 0x00,
    0x00, 0x00, 0x00, 0x00, 0x05, 0x00, 0x00, 0x00, 0x55, 0x00, 0x00, 0x00, 0x51, 0x05, 0x00, 0x00,
    0x22, 0x05, 0x00, 0x00, 0x23, 0x52, 0x00, 0x00, 0x38, 0x22, 0x05, 0x00, 0x80, 0x23, 0x52, 0x00,
    0x00, 0x38, 0x53, 0x55, 0x00, 0x88, 0x35, 0x22, 0x00, 0x00, 0x00, 0x00, 0x00, 0x00, 0x00, 0x00,
    0x00, 0x00, 0x00, 0x00, 0x00, 0x00, 0x00, 0x00, 0x00, 0x00, 0x00, 0x00, 0x00, 0x00, 0x00, 0x00,
    0x00, 0x00, 0x00, 0x00, 0x05, 0x00, 0x00, 0x00, 0x00, 0x00, 0x00, 0x00, 0x00, 0x00, 0x00, 0x00,
    0x00, 0x00, 0x00, 0x00, 0x00, 0x00, 0x00, 0x00, 0x00, 0x00, 0x00, 0x00, 0x00, 0x00, 0x00, 0x00,
    0x00, 0x00, 0x88, 0x35, 0x00, 0x00, 0x80, 0x88, 0x00, 0x00, 0x00, 0x00, 0x00, 0x00, 0x00, 0x00,
    0x00, 0x00, 0x00, 0x00, 0x00, 0x00, 0x00, 0x00, 0x00, 0x00, 0x00, 0x00, 0x00, 0x00, 0x00, 0x00,
    0x22, 0x05, 0x00, 0x00, 0x23, 0x05, 0x00, 0x00, 0x00, 0x00, 0x00, 0x00, 0x00, 0x00, 0x00, 0x00,
    0x00, 0x00, 0x00, 0x00, 0x00, 0x00, 0x00, 0x00, 0x00, 0x00, 0x00, 0x00, 0x00, 0x00, 0x00, 0x00,
    0x00, 0x00, 0x00, 0x00, 0x00, 0x00, 0x00, 0x00, 0x00, 0x00, 0x00, 0x00, 0x00, 0x00, 0x00, 0x00,
    0x00, 0x00, 0x00, 0x00, 0x00, 0x00, 0x00, 0x00, 0x09, 0x00, 0x00, 0x00, 0x09, 0x00, 0x00, 0x00,
    0x91, 0x00, 0x00, 0x00, 0x91, 0x00, 0x00, 0x00, 0xEE, 0x5E, 0x00, 0x00, 0x35, 0xE3, 0x00, 0x00,
    0x23, 0x21, 0x05, 0x00, 0x13, 0x31, 0x0E, 0x00, 0x33, 0xEE, 0x0E, 0x00, 0x5E, 0x13, 0x52, 0x00,
    0x00, 0x00, 0x00, 0x00, 0x00, 0x00, 0x00, 0x00, 0x00, 0x00, 0x00, 0x00, 0x00, 0x00, 0x00, 0x00,
    0x00, 0x00, 0x00, 0x00, 0x00, 0x00, 0x00, 0x00, 0xFF, 0xFF, 0x00, 0x00, 0xBB, 0xFB, 0x00, 0x00,
    0xBB, 0xFB, 0x00, 0x00, 0xB5, 0xFB, 0x00, 0x00, 0x55, 0xBB, 0x0F, 0x00, 0x52, 0xB5, 0x0F, 0x00,
    0x23, 0x55, 0x0F, 0x00, 0x33, 0x52, 0x05, 0x00, 0x38, 0x22, 0x05, 0x00, 0x8B, 0x13, 0x52, 0x00,
    0x00, 0x00, 0xF0, 0xBB, 0x00, 0x00, 0x00, 0xBF, 0x00, 0x00, 0x00, 0xBF, 0x00, 0x00, 0x00, 0xF0,
    0x00, 0x00, 0x00, 0xF0, 0x00, 0x00, 0x00, 0x00, 0x00, 0x00, 0x00, 0x00, 0x00, 0x00, 0x00, 0x00,
    0xBF, 0xBB, 0x0F, 0x00, 0xF0, 0xFF, 0x00, 0x00, 0x00, 0x00, 0x00, 0x00, 0x00, 0x00, 0x00, 0x00,
    0x00, 0x00, 0x00, 0x00, 0x00, 0x00, 0x00, 0x00, 0x00, 0x00, 0x00, 0x00, 0x00, 0x00, 0x00, 0x00,
    0x00, 0x00, 0x00, 0x00, 0x00, 0x00, 0x00, 0x00, 0x00, 0x00, 0x00, 0x00, 0x00, 0x00, 0x00, 0x00,
    0x00, 0x00, 0x00, 0x00, 0x00, 0x00, 0x00, 0x00, 0x05, 0x00, 0x00, 0x00, 0x52, 0x00, 0x00, 0x00,
    0x00, 0x00, 0x00, 0x00, 0x05, 0x00, 0x00, 0x00, 0x55, 0x00, 0x00, 0x00, 0x53, 0x55, 0x00, 0x00,
    0x35, 0x52, 0x05, 0x00, 0x88, 0x23, 0x55, 0x00, 0x80, 0x33, 0x52, 0x00, 0x00, 0x38, 0x22, 0x05,
    0x00, 0x00, 0x00, 0x38, 0x00, 0x00, 0x00, 0x38, 0x00, 0x00, 0x00, 0x80, 0x00, 0x00, 0x00, 0x00,
    0x00, 0x00, 0x00, 0x00, 0x00, 0x00, 0x00, 0x00, 0x00, 0x00, 0x00, 0x00, 0x00, 0x00, 0x00, 0x00,
    0x00, 0x00, 0x00, 0x00, 0x00, 0x00, 0x00, 0x00, 0x00, 0x00, 0x00, 0x00, 0x00, 0x00, 0x00, 0x00,
    0x00, 0x00, 0x00, 0x00, 0x00, 0x00, 0x00, 0x00, 0x00, 0x00, 0x00, 0x00, 0x55, 0x00, 0x00, 0x00,
};
static const u16 sFrame44[] = {
    0x0011, 0x00CF, 0x81E6, 0x0000, 0x00BF, 0x41E6, 0x0010, 0x00EF, 0x41F6, 0x0014, 0x00F7, 0x400E,
    0x0018, 0x0007, 0x401E, 0x001C, 0x40EF, 0x0006, 0x0020, 0x400F, 0x01E6, 0x0022, 0x4017, 0x01EE,
    0x0024, 0x4017, 0x0026, 0x0026, 0x80BF, 0x01F6, 0x0028, 0x80DF, 0x0006, 0x002A, 0x00EF, 0x01EE,
    0x002C, 0x00FF, 0x01FE, 0x002D, 0x00FF, 0x001E, 0x002E, 0x0007, 0x01E6, 0x002F, 0x0007, 0x0016,
    0x0030, 0x000F, 0x002E, 0x0031, 0x0000,
};
static const void* const sFrames44[] = { sFrame44 };
static const u8 sTiles45[1536] __attribute__((aligned(4))) = {
    0x01, 0x66, 0x1A, 0xE2, 0x00, 0x31, 0x1A, 0xE2, 0x20, 0x66, 0xA3, 0x27, 0x00, 0x00, 0x66, 0x7A,
    0x00, 0x60, 0x06, 0xEE, 0x00, 0x00, 0xE0, 0xEE, 0x00, 0x00, 0x3E, 0x83, 0x00, 0xE0, 0x8E, 0x68,
    0x8B, 0xEE, 0x23, 0xE2, 0xEB, 0x23, 0x31, 0xE1, 0xEE, 0x22, 0x25, 0x11, 0xEE, 0x2E, 0x22, 0x32,
    0xEE, 0xEB, 0x33, 0xE3, 0xEE, 0xBB, 0xEE, 0x5E, 0xB8, 0xEE, 0x2E, 0x22, 0xB8, 0xEB, 0xE8, 0x23,
    0x22, 0x92, 0x09, 0x00, 0xE3, 0x22, 0x92, 0x00, 0x1E, 0x2E, 0x32, 0x99, 0x2E, 0x2E, 0x21, 0x32,
    0x23, 0x2E, 0x21, 0x22, 0xEE, 0x22, 0x91, 0x33, 0xE3, 0x23, 0x21, 0x99, 0xE5, 0x33, 0x12, 0x21,
    0x00, 0x00, 0x00, 0x00, 0x00, 0x00, 0x00, 0x00, 0x00, 0x00, 0x00, 0x00, 0x99, 0x00, 0x00, 0x99,
    0x22, 0x99, 0x99, 0x22, 0x12, 0x11, 0x32, 0x93, 0x99, 0x99, 0x09, 0x00, 0x99, 0x00, 0x99, 0x09,
    0x00, 0x3E, 0x88, 0x66, 0x00, 0xBE, 0x88, 0x66, 0xEE, 0x88, 0xBB, 0xBB, 0x83, 0x88, 0x68, 0xB6,
    0x88, 0x66, 0x86, 0x88, 0x88, 0x66, 0x88, 0xBB, 0x68, 0x66, 0x88, 0xBB, 0x68, 0x86, 0xB8, 0xBB,
    0x86, 0xBB, 0x88, 0xEB, 0xB8, 0x8B, 0x88, 0xEB, 0xBB, 0x8B, 0xB8, 0xEB, 0xBB, 0xBB, 0xBB, 0x0E,
    0xBB, 0xBB, 0xEB, 0x00, 0xBB, 0xBB, 0x0E, 0x00, 0xBB, 0xEE, 0x00, 0x00, 0xEE, 0x00, 0x00, 0x00,
    0x9E, 0x99, 0x39, 0x21, 0x00, 0x99, 0x90, 0x39, 0x00, 0x00, 0x09, 0x90, 0x00, 0x00, 0x00, 0x00,
    0x00, 0x00, 0x00, 0x00, 0x00, 0x00, 0x00, 0x00, 0x00, 0x00, 0x00, 0x00, 0x00, 0x00, 0x00, 0x00,
    0x22, 0x99, 0x00, 0x00, 0x23, 0x22, 0x99, 0x09, 0x99, 0x99, 0x33, 0x93, 0x00, 0x00, 0x00, 0x00,
    0x00, 0x00, 0x00, 0x00, 0x00, 0x00, 0x00, 0x00, 0x00, 0x00, 0x00, 0x00, 0x00, 0x00, 0x00, 0x00,
    0x00, 0x00, 0xF0, 0xBB, 0x00, 0x00, 0x00, 0x8F, 0x00, 0x00, 0x00, 0xFF, 0x00, 0x00, 0x00, 0xF0,
    0x00, 0x00, 0x00, 0xF0, 0x00, 0x00, 0x00, 0xBF, 0x00, 0x00, 0x00, 0x8F, 0x00, 0x00, 0xF0, 0xBB,
    0x88, 0xF8, 0x8E, 0x66, 0x88, 0xFB, 0x6E, 0x66, 0xBB, 0xBB, 0x6E, 0x86, 0xBB, 0xFB, 0x3E, 0x86,
    0xB8, 0xFB, 0x6E, 0x86, 0x88, 0xFB, 0xE6, 0x86, 0xBB, 0xFF, 0xE6, 0x88, 0xFB, 0xF0, 0xE6, 0xB8,
    0xB8, 0xBB, 0xEB, 0x00, 0xB8, 0xBB, 0xEB, 0x00, 0xB8, 0xBB, 0x0E, 0x00, 0xBB, 0xBB, 0x0E, 0x00,
    0xBB, 0xEB, 0xEB, 0x00, 0xBB, 0xBB, 0xEB, 0x00, 0xBB, 0xBB, 0xBB, 0xEE, 0x8B, 0x88, 0xBB, 0xBB,
    0x00, 0x00, 0x00, 0x00, 0x00, 0x00, 0x00, 0x00, 0x00, 0x00, 0x00, 0x00, 0x00, 0x00, 0x00, 0x00,
    0x00, 0x00, 0x00, 0x00, 0x00, 0x00, 0x00, 0x00, 0x00, 0x00, 0x00, 0x00, 0xEE, 0x00, 0x00, 0x00,
    0x00, 0x00, 0xF0, 0xBB, 0x00, 0x00, 0xF0, 0xFF, 0x00, 0x00, 0x00, 0x00, 0x00, 0x00, 0x00, 0x00,
    0x00, 0x00, 0x00, 0x00, 0x00, 0x00, 0x00, 0x00, 0x00, 0x00, 0x00, 0x00, 0x00, 0x00, 0x00, 0x00,
    0x0F, 0xF0, 0xE8, 0xB8, 0x00, 0xF0, 0xEB, 0xBB, 0x00, 0x00, 0xEF, 0xB3, 0x00, 0x00, 0xEB, 0xBB,
    0x00, 0x00, 0xEB, 0xBB, 0x00, 0xE0, 0xEB, 0xBB, 0x00, 0xE0, 0xEB, 0xBB, 0x00, 0xE0, 0xBB, 0xBE,
    0x8B, 0x86, 0x88, 0xB8, 0xBB, 0x68, 0x66, 0x88, 0xBB, 0x8B, 0x68, 0x66, 0xBB, 0xBB, 0x8B, 0x88,
    0xBB, 0xBB, 0xBB, 0x8B, 0xBB, 0xBB, 0xBB, 0xBB, 0xBB, 0xBB, 0xBB, 0xEB, 0xBB, 0xBB, 0xBB, 0xEB,
    0xEB, 0x00, 0x00, 0x00, 0xE8, 0x00, 0x00, 0x00, 0xE6, 0x0F, 0x00, 0x00, 0xE6, 0xF8, 0xFF, 0x00,
    0x8E, 0xB8, 0xFB, 0x00, 0xBE, 0xBB, 0xFB, 0x00, 0xBB, 0xBB, 0xFF, 0x00, 0xFF, 0xBB, 0xBB, 0x0F,
    0x00, 0x00, 0x00, 0x00, 0x00, 0x00, 0x00, 0x00, 0x00, 0x00, 0x00, 0x00, 0x00, 0x00, 0x00, 0x00,
    0x00, 0x00, 0xA0, 0x0A, 0x00, 0x00, 0xA0, 0xA7, 0x00, 0x00, 0xA0, 0xA1, 0x00, 0x00, 0x00, 0x1A,
    0x00, 0x00, 0x00, 0x00, 0x00, 0x00, 0x00, 0x00, 0x00, 0x00, 0x00, 0xFF, 0x00, 0xF0, 0xFF, 0x68,
    0xF0, 0x8F, 0x76, 0x77, 0x6F, 0x66, 0x86, 0xBF, 0x8F, 0x66, 0x86, 0x3F, 0x8A, 0x66, 0x86, 0xBE,
    0x00, 0x50, 0x55, 0xA5, 0x50, 0x55, 0x25, 0xA2, 0x55, 0x22, 0x22, 0x88, 0x32, 0x23, 0x88, 0x08,
    0x83, 0x83, 0x08, 0x00, 0x88, 0x08, 0x00, 0x00, 0x08, 0x00, 0x00, 0x00, 0x00, 0x00, 0x00, 0x00,
    0xA1, 0x68, 0x38, 0x39, 0xA7, 0x3B, 0xB1, 0xE8, 0xAA, 0x13, 0x6B, 0xE6, 0x7A, 0xBA, 0x66, 0x88,
    0xA0, 0x3A, 0xBE, 0x88, 0x30, 0x66, 0xBE, 0x88, 0x60, 0x31, 0xE6, 0x8B, 0x16, 0x62, 0x62, 0xBE,
    0x00, 0x00, 0x00, 0x00, 0x00, 0x00, 0x00, 0x00, 0x00, 0x00, 0x00, 0x00, 0x00, 0x00, 0x00, 0x00,
    0x00, 0x00, 0x00, 0x00, 0x00, 0x00, 0x00, 0x00, 0x00, 0x00, 0x00, 0x55, 0x00, 0x00, 0x50, 0x55,
    0x00, 0x00, 0x00, 0x00, 0x00, 0x00, 0x00, 0x00, 0x00, 0x00, 0x00, 0x50, 0x00, 0x00, 0x50, 0x55,
    0x00, 0x50, 0x25, 0x32, 0x50, 0x25, 0x22, 0x83, 0x55, 0x32, 0x33, 0x88, 0x25, 0x33, 0x88, 0x88,
    0x00, 0x50, 0x25, 0x22, 0x50, 0x15, 0x22, 0x22, 0x55, 0x21, 0x82, 0x88, 0x11, 0x22, 0x88, 0x88,
    0x21, 0x88, 0x88, 0x00, 0x82, 0x08, 0x00, 0x00, 0x08, 0x00, 0x00, 0x00, 0x00, 0x00, 0x00, 0x00,
    0x22, 0x83, 0x88, 0x00, 0x82, 0x88, 0x00, 0x00, 0x88, 0x00, 0x00, 0x00, 0x00, 0x00, 0x00, 0x00,
    0x00, 0x00, 0x00, 0x00, 0x00, 0x00, 0x00, 0x00, 0x00, 0x00, 0x00, 0x00, 0x00, 0x00, 0x00, 0x00,
    0x00, 0x00, 0x00, 0x00, 0x00, 0x00, 0x00, 0x00, 0x00, 0x00, 0x00, 0x00, 0x00, 0x00, 0x00, 0x00,
    0x00, 0x00, 0x00, 0x00, 0x00, 0x00, 0x00, 0x00, 0x00, 0x00, 0x00, 0x55, 0x00, 0x00, 0x55, 0x22,
    0x00, 0x00, 0x00, 0x00, 0x00, 0x00, 0x00, 0x00, 0x00, 0x00, 0x00, 0x50, 0x00, 0x00, 0x50, 0x15,
    0x00, 0x55, 0x55, 0x11, 0x55, 0x55, 0x15, 0x22, 0x25, 0x21, 0x82, 0x88, 0x22, 0x22, 0x88, 0x08,
    0x50, 0x55, 0x25, 0x22, 0x55, 0x55, 0x22, 0x82, 0x25, 0x22, 0x33, 0x88, 0x32, 0x83, 0x88, 0x08,
    0x83, 0x88, 0x08, 0x00, 0x88, 0x08, 0x00, 0x00, 0x00, 0x00, 0x00, 0x00, 0x00, 0x00, 0x00, 0x00,
    0x88, 0x88, 0x00, 0x00, 0x88, 0x08, 0x00, 0x00, 0x08, 0x00, 0x00, 0x00, 0x00, 0x00, 0x00, 0x00,
    0x00, 0x00, 0x00, 0x00, 0x00, 0x00, 0x00, 0x00, 0x00, 0x00, 0x00, 0x00, 0x00, 0x00, 0x00, 0x00,
    0x00, 0x00, 0x00, 0x00, 0x00, 0x00, 0x00, 0x00, 0x00, 0x00, 0x00, 0x00, 0x00, 0x00, 0x00, 0x00,
    0x00, 0x00, 0x00, 0x00, 0x00, 0x00, 0x00, 0x55, 0x00, 0x00, 0x55, 0x55, 0x50, 0x55, 0x25, 0x22,
    0x00, 0x00, 0x00, 0x00, 0x00, 0x00, 0x00, 0x50, 0x00, 0x00, 0x50, 0x55, 0x00, 0x55, 0x55, 0x22,
    0x55, 0x55, 0x25, 0x23, 0x55, 0x33, 0x53, 0x88, 0x32, 0x53, 0x85, 0x88, 0x33, 0x88, 0x88, 0x00,
    0x55, 0x21, 0x22, 0x83, 0x21, 0x22, 0x88, 0x88, 0x22, 0x88, 0x88, 0x00, 0x88, 0x88, 0x00, 0x00,
    0x08, 0x00, 0x00, 0x00, 0x00, 0x00, 0x00, 0x00, 0x00, 0x00, 0x00, 0x00, 0x00, 0x00, 0x00, 0x00,
    0x88, 0x88, 0x00, 0x00, 0x08, 0x00, 0x00, 0x00, 0x00, 0x00, 0x00, 0x00, 0x00, 0x00, 0x00, 0x00,
    0x00, 0x00, 0x00, 0x00, 0x00, 0x00, 0x00, 0x00, 0x00, 0x00, 0x00, 0x00, 0x00, 0x00, 0x00, 0x00,
    0x00, 0x00, 0x00, 0x00, 0x00, 0x00, 0x00, 0x00, 0x00, 0x00, 0x00, 0x00, 0x00, 0xFF, 0xFF, 0x0F,
    0xF0, 0x88, 0x88, 0xF8, 0x8F, 0x88, 0x88, 0x88, 0xBF, 0xBB, 0xBB, 0x8B, 0xB0, 0xBB, 0xBB, 0x8B,
    0x00, 0x00, 0x00, 0x00, 0x00, 0x00, 0x00, 0x00, 0x00, 0x00, 0x00, 0x00, 0x00, 0x00, 0x00, 0xEE,
    0xFF, 0xEE, 0x3E, 0xB3, 0x88, 0xEE, 0xBB, 0x88, 0x88, 0xB8, 0xEE, 0x88, 0x88, 0xB8, 0xEB, 0x8B,
    0xF0, 0xBB, 0xBF, 0xBB, 0xF0, 0xBB, 0xFB, 0xBF, 0x00, 0xBF, 0xBB, 0xFB, 0x00, 0xBF, 0xBB, 0xBB,
    0x00, 0xF0, 0xBB, 0xBB, 0x00, 0x00, 0xBF, 0xBB, 0x00, 0x00, 0xBF, 0xBB, 0x00, 0x00, 0xF0, 0xBB,
    0xBB, 0xBB, 0xEB, 0x8B, 0xBB, 0xBB, 0xEB, 0x8B, 0xFF, 0xBB, 0xEB, 0x8B, 0x0F, 0xFF, 0xEB, 0x8B,
    0x0F, 0xB0, 0xEF, 0xBB, 0xFB, 0xB0, 0x3E, 0xBB, 0xBB, 0xBF, 0xBE, 0xBB, 0xBB, 0xBF, 0xBE, 0x88,
    0x22, 0x92, 0x09, 0x00, 0x12, 0x21, 0x92, 0x00, 0x23, 0x11, 0x22, 0x09, 0x2E, 0x11, 0x21, 0x92,
    0xE8, 0x12, 0x21, 0x93, 0x86, 0x2E, 0x32, 0x93, 0x66, 0xE8, 0x33, 0x33, 0x6B, 0xB6, 0xEE, 0x35,
    0x00, 0x00, 0x00, 0x00, 0x00, 0x00, 0x00, 0x00, 0x00, 0x00, 0x00, 0x00, 0x00, 0x00, 0x00, 0x00,
    0x00, 0x00, 0x00, 0x00, 0x00, 0x00, 0x00, 0x00, 0x99, 0x00, 0x00, 0x00, 0x32, 0x99, 0x00, 0x00,
    0x00, 0x00, 0x00, 0x00, 0x00, 0x00, 0x00, 0x00, 0x00, 0x00, 0x00, 0x00, 0x00, 0x00, 0x00, 0x50,
    0x00, 0x00, 0x00, 0x55, 0x00, 0x50, 0x55, 0x25, 0x50, 0x55, 0x35, 0x33, 0x55, 0x28, 0x53, 0x85,
    0x00, 0x00, 0x00, 0x50, 0x00, 0x00, 0x55, 0x55, 0x00, 0x55, 0x25, 0x22, 0x55, 0x55, 0x22, 0x23,
    0x55, 0x23, 0x83, 0x88, 0x35, 0x33, 0x88, 0x08, 0x53, 0x88, 0x08, 0x00, 0x88, 0x08, 0x00, 0x00,
    0x00, 0xE0, 0xEE, 0xBE, 0x00, 0x00, 0x00, 0x3E, 0x00, 0x00, 0x00, 0xBE, 0x00, 0x00, 0x00, 0xBE,
    0x00, 0x00, 0x00, 0xEE, 0x00, 0x00, 0x00, 0x00, 0x00, 0x00, 0x00, 0x00, 0x00, 0x00, 0x00, 0x00,
    0xBB, 0xBB, 0xBB, 0x0E, 0xBB, 0xBB, 0xEE, 0x00, 0xBB, 0xEE, 0x00, 0x00, 0xEE, 0x00, 0x00, 0x00,
    0x00, 0x00, 0x00, 0x00, 0x00, 0x00, 0x00, 0x00, 0x00, 0x00, 0x00, 0x00, 0x00, 0x00, 0x00, 0x00,
    0x00, 0x00, 0x00, 0x00, 0x00, 0x00, 0x00, 0x00, 0x00, 0x00, 0x00, 0x00, 0x99, 0x00, 0x00, 0x00,
    0x92, 0x00, 0x00, 0x00, 0x09, 0x00, 0x00, 0x00, 0x00, 0x00, 0x00, 0x00, 0x00, 0x00, 0x00, 0x00,
    0x00, 0x00, 0x00, 0x00, 0x00, 0x00, 0x00, 0x00, 0x99, 0x00, 0x00, 0x00, 0x00, 0x00, 0x00, 0x00,
    0x00, 0x00, 0x00, 0x00, 0x00, 0x00, 0x00, 0x00, 0x00, 0x00, 0x00, 0x00, 0x00, 0x00, 0x00, 0x00,
    0x00, 0xF0, 0xFF, 0x00, 0xFF, 0xAF, 0xFA, 0x00, 0x68, 0xFA, 0x0F, 0x00, 0x66, 0xFF, 0x00, 0x00,
    0x86, 0x0F, 0x00, 0x00, 0x31, 0x0F, 0x00, 0x00, 0xBB, 0x0F, 0x00, 0x00, 0x99, 0x09, 0x00, 0x00,
    0x66, 0x88, 0xBB, 0xEE, 0x86, 0xBB, 0xBB, 0xEB, 0x88, 0xBB, 0xBB, 0xEB, 0xB8, 0xBB, 0xBB, 0x0E,
    0xBB, 0xBB, 0xBB, 0x0E, 0xBB, 0xBB, 0xBB, 0x0E, 0xBB, 0xBB, 0xBB, 0x0E, 0xBB, 0xBB, 0xEB, 0x00,
    0x88, 0x58, 0x88, 0x08, 0x00, 0x00, 0x00, 0x00, 0x00, 0x00, 0x00, 0x00, 0x00, 0x00, 0x00, 0x00,
    0x00, 0x00, 0x00, 0x00, 0x00, 0x00, 0x00, 0x00, 0x00, 0x00, 0x00, 0x00, 0x00, 0x00, 0x00, 0x00,
    0x00, 0xBF, 0xBB, 0x0F, 0x00, 0xBF, 0xB6, 0x0F, 0x00, 0xF0, 0xB6, 0x0F, 0x00, 0xF0, 0xB8, 0x0F,
    0x00, 0xF0, 0xBB, 0x0F, 0x00, 0x00, 0xFF, 0x0F, 0x00, 0x00, 0x00, 0x00, 0x00, 0x00, 0x00, 0x00,
};
static const u16 sFrame45[] = {
    0x000F, 0x40D3, 0x81FD, 0x0000, 0x40EB, 0x81ED, 0x0008, 0x00C3, 0x41F5, 0x0010, 0x00CB, 0x41E5,
    0x0014, 0x00D3, 0x41D5, 0x0018, 0x00DB, 0x41C5, 0x001C, 0x00DB, 0x41ED, 0x0020, 0x40CB, 0x0005,
    0x0024, 0x40E3, 0x01B5, 0x0026, 0x40FB, 0x01F5, 0x0028, 0x80D3, 0x001D, 0x002A, 0x00C3, 0x0005,
    0x002C, 0x00E3, 0x01FD, 0x002D, 0x00EB, 0x01B5, 0x002E, 0x00FB, 0x0005, 0x002F, 0x0000,
};
static const void* const sFrames45[] = { sFrame45 };
static const u8 sTiles46[1152] __attribute__((aligned(4))) = {
    0x00, 0x00, 0x00, 0x00, 0x00, 0x00, 0x00, 0x00, 0x00, 0x00, 0x00, 0x39, 0x00, 0x00, 0x90, 0x32,
    0x00, 0x00, 0x29, 0x12, 0x00, 0x90, 0x13, 0x92, 0x00, 0x90, 0x91, 0x92, 0x00, 0x90, 0x92, 0x92,
    0x00, 0x00, 0x00, 0x00, 0x99, 0x99, 0x09, 0x00, 0x33, 0x13, 0x92, 0x00, 0x11, 0x92, 0x11, 0x09,
    0x19, 0x22, 0x19, 0x99, 0x92, 0x21, 0x29, 0x92, 0x32, 0x22, 0x93, 0x22, 0x92, 0x92, 0x31, 0xEE,
    0x00, 0x00, 0x00, 0x00, 0x00, 0x00, 0x00, 0x00, 0x00, 0x00, 0x00, 0x00, 0x00, 0x00, 0x00, 0x00,
    0x99, 0x00, 0x90, 0x99, 0x33, 0x99, 0x39, 0x23, 0xEE, 0x35, 0x23, 0x11, 0x23, 0xE2, 0x35, 0x22,
    0x00, 0x00, 0x00, 0x00, 0x00, 0x00, 0x00, 0x00, 0x00, 0x00, 0x00, 0x90, 0x00, 0x90, 0x99, 0x39,
    0x99, 0x19, 0x22, 0x93, 0x12, 0x11, 0x92, 0x09, 0x21, 0x93, 0x99, 0x99, 0x93, 0x39, 0x33, 0x93,
    0x00, 0x90, 0x92, 0x22, 0x00, 0x90, 0x92, 0x22, 0x00, 0x00, 0x19, 0x11, 0x00, 0x00, 0xA0, 0x12,
    0xFF, 0xFF, 0xFF, 0x2A, 0xBB, 0xBB, 0xBB, 0xFF, 0xBB, 0xFB, 0xFF, 0x68, 0xFF, 0xFF, 0x88, 0x66,
    0x93, 0x92, 0xEF, 0x23, 0x99, 0x29, 0x3E, 0x22, 0x19, 0xF9, 0x5E, 0x23, 0x11, 0xFF, 0xE8, 0xEE,
    0xFF, 0x88, 0x3E, 0x22, 0x66, 0x86, 0x5E, 0x32, 0x66, 0x88, 0xEB, 0xEE, 0x88, 0xBB, 0xEE, 0xBB,
    0x31, 0xE1, 0xE3, 0x35, 0x25, 0x11, 0x1E, 0x3E, 0x22, 0x32, 0x2E, 0x9E, 0x33, 0xE3, 0x23, 0x0E,
    0xEE, 0x5E, 0xEE, 0xEB, 0xEE, 0xBB, 0x8B, 0xEB, 0xBB, 0x8B, 0x88, 0xB8, 0x88, 0x88, 0x88, 0xB8,
    0x39, 0x33, 0x99, 0x09, 0x93, 0x99, 0x00, 0x00, 0x09, 0x00, 0x00, 0x00, 0x00, 0x00, 0x00, 0x00,
    0x00, 0x00, 0x00, 0x00, 0x00, 0x00, 0x00, 0x00, 0x0E, 0x00, 0x00, 0x00, 0x0E, 0x00, 0x00, 0x00,
    0x00, 0x00, 0x00, 0xE0, 0x00, 0x00, 0x00, 0xBE, 0x00, 0x00, 0xE0, 0xEB, 0x00, 0x00, 0xEF, 0x8E,
    0x00, 0xF0, 0x88, 0xB8, 0x00, 0x8F, 0xB8, 0xBB, 0xF0, 0x8B, 0xBB, 0xBB, 0xF0, 0xBB, 0xBB, 0xFB,
    0x3B, 0xB3, 0xBB, 0xBB, 0xEB, 0xEE, 0xBB, 0xBB, 0xBE, 0xFB, 0xBE, 0xBB, 0xB8, 0xFF, 0xEB, 0x83,
    0xBB, 0xFB, 0xFF, 0x8E, 0xBB, 0xFF, 0xFF, 0xEB, 0xFB, 0xFF, 0xBF, 0xBF, 0xFF, 0xBB, 0xBB, 0xFB,
    0x88, 0xB8, 0x0E, 0x00, 0x8B, 0xEB, 0x0E, 0x00, 0xBB, 0xBB, 0xEB, 0xEE, 0x88, 0x68, 0xBB, 0xBB,
    0x68, 0x66, 0xB8, 0xBB, 0x88, 0x66, 0x86, 0xBB, 0x8E, 0x68, 0x66, 0x88, 0xEB, 0x88, 0x66, 0x86,
    0x00, 0x00, 0x00, 0x00, 0x00, 0x00, 0x00, 0x00, 0x00, 0x00, 0x00, 0x00, 0xEE, 0x00, 0x00, 0x00,
    0xBB, 0xEE, 0xEE, 0x0E, 0xBB, 0xBB, 0xBB, 0xEB, 0xBB, 0xBB, 0xBB, 0xBB, 0x88, 0xBB, 0xBB, 0xBB,
    0xF0, 0xBB, 0xBB, 0xBF, 0xF0, 0xBB, 0xBB, 0xBB, 0x00, 0xBF, 0xBB, 0xBB, 0x00, 0xF0, 0xFF, 0xFF,
    0x00, 0x00, 0x00, 0x00, 0x00, 0x00, 0x00, 0x00, 0x00, 0x00, 0x00, 0x00, 0x00, 0x00, 0x00, 0x00,
    0xBB, 0xBB, 0xBB, 0xBB, 0xBB, 0xBB, 0xFF, 0xBB, 0xFF, 0xFF, 0x00, 0x8F, 0x00, 0x00, 0x00, 0x8F,
    0x00, 0x00, 0x00, 0x8F, 0x00, 0x00, 0x00, 0xBF, 0x00, 0x00, 0x00, 0xF0, 0x00, 0x00, 0x00, 0x00,
    0xBF, 0x3E, 0x66, 0x66, 0xFB, 0xEB, 0x88, 0x66, 0xFB, 0xBF, 0x8E, 0x68, 0xFB, 0xF0, 0xEF, 0x88,
    0xFB, 0x00, 0xF0, 0xBE, 0xFB, 0x00, 0x00, 0xE0, 0xFF, 0x00, 0x00, 0x00, 0x00, 0x00, 0x00, 0x00,
    0x88, 0x88, 0x88, 0xBB, 0x86, 0xB8, 0xBB, 0xBB, 0xB6, 0xBB, 0xBB, 0xBB, 0x88, 0x88, 0x88, 0x88,
    0x8B, 0x68, 0x66, 0x66, 0x8B, 0x66, 0x66, 0x66, 0xBE, 0x8B, 0x66, 0x86, 0xE0, 0xB3, 0x8B, 0x66,
    0x00, 0x6F, 0x86, 0xFB, 0x00, 0x6F, 0x66, 0xB6, 0x00, 0xF0, 0x68, 0x88, 0x00, 0xF0, 0x88, 0xFB,
    0xA0, 0xFA, 0xFF, 0xAF, 0x7A, 0x11, 0x71, 0x77, 0xA0, 0xAA, 0xAA, 0xAA, 0x00, 0x50, 0x52, 0x08,
    0x81, 0x88, 0x68, 0x86, 0x83, 0x88, 0x88, 0xBB, 0x1F, 0xB8, 0xBB, 0xEE, 0x3F, 0xEB, 0xEE, 0x00,
    0xE0, 0x0E, 0x00, 0x00, 0xA7, 0x00, 0x00, 0x00, 0x0A, 0x00, 0x00, 0x00, 0x00, 0x00, 0x00, 0x00,
    0xBB, 0xEE, 0xBB, 0x33, 0xEE, 0xEE, 0xBE, 0xBB, 0x00, 0x00, 0xE0, 0xBE, 0x00, 0x00, 0x00, 0xE0,
    0x00, 0x00, 0x00, 0x00, 0x00, 0x00, 0x00, 0x00, 0x00, 0x00, 0x00, 0x00, 0x00, 0x00, 0x00, 0xE0,
    0x8B, 0x88, 0x88, 0x88, 0xBB, 0x8B, 0x88, 0x88, 0x33, 0xBB, 0x8B, 0x88, 0xEE, 0xBB, 0xBB, 0x88,
    0xE0, 0xBB, 0xBB, 0x8B, 0x3E, 0xB3, 0xBB, 0x8B, 0xBE, 0xBB, 0xBB, 0x8B, 0xBB, 0xBE, 0xBB, 0xBB,
    0x00, 0x50, 0x32, 0x08, 0x00, 0x50, 0x32, 0x08, 0x00, 0x50, 0x32, 0x08, 0x00, 0x50, 0x32, 0x08,
    0x00, 0x50, 0x32, 0x08, 0x00, 0x50, 0x32, 0x08, 0x00, 0x50, 0x32, 0x08, 0x00, 0x50, 0x32, 0x08,
    0x00, 0x50, 0x32, 0x08, 0x00, 0x50, 0x32, 0x08, 0x00, 0x50, 0x32, 0x08, 0x00, 0x50, 0x32, 0x08,
    0x00, 0x50, 0x32, 0x08, 0x00, 0x50, 0x32, 0x08, 0x00, 0x50, 0x32, 0x08, 0x00, 0x50, 0x32, 0x08,
    0x00, 0x50, 0x22, 0x08, 0x00, 0x50, 0x22, 0x08, 0x00, 0x50, 0x22, 0x08, 0x00, 0x50, 0x22, 0x08,
    0x00, 0x50, 0x22, 0x08, 0x00, 0x50, 0x22, 0x08, 0x00, 0x50, 0x21, 0x08, 0x00, 0x50, 0x21, 0x08,
    0x00, 0x50, 0x21, 0x08, 0x00, 0x50, 0x21, 0x08, 0x00, 0x50, 0x21, 0x08, 0x00, 0x50, 0x21, 0x08,
    0x00, 0x50, 0x21, 0x08, 0x00, 0x50, 0x21, 0x08, 0x00, 0x50, 0x21, 0x08, 0x00, 0x50, 0x21, 0x08,
    0x00, 0x00, 0x00, 0x00, 0x00, 0x00, 0x00, 0x00, 0x00, 0x00, 0x00, 0x00, 0x00, 0x00, 0x00, 0x00,
    0x00, 0x00, 0x00, 0x00, 0xEE, 0xEE, 0x0E, 0x00, 0xBB, 0xBB, 0x0E, 0x00, 0xBB, 0xBB, 0x0E, 0x00,
    0xBB, 0xBB, 0x0E, 0x00, 0xBB, 0xEB, 0x00, 0x00, 0x8B, 0xE8, 0x00, 0x00, 0x66, 0xE6, 0x00, 0x00,
    0x86, 0xEB, 0x00, 0x00, 0x86, 0x0E, 0x00, 0x00, 0xE8, 0x00, 0x00, 0x00, 0xE8, 0x00, 0x00, 0x00,
    0x8E, 0xFF, 0x00, 0x00, 0x8B, 0xBB, 0xFF, 0x00, 0x8B, 0xBB, 0xFB, 0x00, 0xB8, 0xBB, 0xFB, 0x00,
    0xBB, 0xBB, 0xFB, 0x00, 0xFF, 0xB8, 0xFB, 0x00, 0xF0, 0x86, 0xFB, 0x00, 0x00, 0x8F, 0xFB, 0x00,
    0x00, 0x6F, 0xFB, 0x00, 0x00, 0x8F, 0xFB, 0x00, 0x00, 0xF0, 0xFF, 0x00, 0x00, 0x00, 0x00, 0x00,
    0x00, 0x00, 0x00, 0x00, 0x00, 0x00, 0x00, 0x00, 0x00, 0x00, 0x00, 0x00, 0x00, 0x00, 0x00, 0x00,
    0x00, 0x50, 0x22, 0x08, 0x00, 0x50, 0x22, 0x08, 0x00, 0x50, 0x22, 0x08, 0x00, 0x50, 0x22, 0x08,
    0x00, 0x50, 0x22, 0x08, 0x00, 0x50, 0x22, 0x08, 0x00, 0x50, 0x32, 0x08, 0x00, 0x50, 0x32, 0x08,
    0x00, 0x50, 0x32, 0x08, 0x00, 0x50, 0x32, 0x08, 0x00, 0x50, 0x32, 0x08, 0x00, 0x50, 0x32, 0x08,
    0x00, 0x50, 0x32, 0x08, 0x00, 0x50, 0x32, 0x08, 0x00, 0x50, 0x32, 0x08, 0x00, 0x50, 0x52, 0x08,
    0x00, 0x50, 0x53, 0x08, 0x00, 0x50, 0x53, 0x08, 0x00, 0x50, 0x53, 0x08, 0x00, 0x50, 0x53, 0x08,
    0x00, 0x25, 0x83, 0x00, 0x00, 0x25, 0x83, 0x00, 0x00, 0x25, 0x83, 0x00, 0x00, 0x25, 0x83, 0x00,
    0x00, 0x25, 0x82, 0x00, 0x00, 0x15, 0x82, 0x00, 0x00, 0x00, 0x00, 0x00, 0x00, 0x00, 0x00, 0x00,
    0x00, 0x00, 0x00, 0x00, 0x00, 0x00, 0x00, 0x00, 0x00, 0x00, 0x00, 0x00, 0x00, 0x00, 0x00, 0x00,
    0x00, 0x90, 0x00, 0x00, 0x90, 0x09, 0x00, 0x00, 0x99, 0x00, 0x00, 0x00, 0x09, 0x00, 0x00, 0x00,
    0x00, 0x00, 0x00, 0x00, 0x00, 0x00, 0x00, 0x00, 0x99, 0x99, 0x00, 0x00, 0x99, 0x00, 0x00, 0x00,
    0x00, 0xF0, 0x0F, 0x00, 0x00, 0xF0, 0x01, 0x00, 0x00, 0xF0, 0x0F, 0x00, 0x00, 0xFF, 0xFF, 0x0F,
    0xF0, 0x66, 0xB8, 0xF6, 0xF0, 0x68, 0xB8, 0xF8, 0x00, 0x6F, 0x86, 0xFB, 0x00, 0xBF, 0xBB, 0xFF,
    0x0E, 0x00, 0x00, 0x00, 0xEB, 0x00, 0x00, 0x00, 0xE6, 0x00, 0x00, 0x00, 0xE6, 0x00, 0x00, 0x00,
    0x66, 0x0E, 0x00, 0x00, 0x68, 0x0E, 0x00, 0x00, 0x68, 0xE8, 0x00, 0x00, 0x88, 0xE8, 0x00, 0x00,
    0x00, 0xBE, 0xBB, 0x8B, 0x00, 0xE0, 0xBB, 0xEB, 0x00, 0x00, 0xEE, 0xE3, 0x00, 0x00, 0x00, 0xBE,
    0x00, 0x00, 0x00, 0xF0, 0x00, 0x00, 0x00, 0x00, 0x00, 0x00, 0x00, 0x00, 0x00, 0x00, 0x00, 0x00,
};
static const u16 sFrame46[] = {
    0x000A, 0x40CE, 0x81DA, 0x0000, 0x40E6, 0x81E2, 0x0008, 0x40DE, 0x41D2, 0x0010, 0x80E6, 0x41D2,
    0x0014, 0x80E6, 0x4002, 0x0018, 0x8006, 0x41D2, 0x001C, 0x00CE, 0x01FA, 0x0020, 0x00D6, 0x01D2,
    0x0021, 0x00DE, 0x01F2, 0x0022, 0x00F6, 0x01FA, 0x0023, 0x0000,
};
static const void* const sFrames46[] = { sFrame46 };
static const u8 sTiles47[1600] __attribute__((aligned(4))) = {
    0x00, 0x00, 0xFF, 0xFF, 0x00, 0xF0, 0x86, 0xF8, 0x00, 0xF0, 0x65, 0xF8, 0x00, 0x00, 0x5F, 0xF8,
    0x00, 0xF0, 0x6F, 0x85, 0x00, 0xF0, 0xFB, 0xFF, 0x00, 0xF0, 0x88, 0xB6, 0x00, 0xF0, 0x65, 0x65,
    0x0F, 0x00, 0x00, 0x00, 0xFB, 0x00, 0x00, 0x00, 0xF6, 0xFF, 0xFF, 0xF0, 0xF5, 0xB8, 0xBB, 0x3F,
    0x8F, 0x88, 0xF8, 0x23, 0xFF, 0xFF, 0x3F, 0x32, 0xF6, 0xBB, 0xF8, 0xFF, 0xFB, 0x68, 0x66, 0xB8,
    0x00, 0x00, 0x00, 0x00, 0x00, 0x00, 0x00, 0x00, 0xFF, 0x0F, 0x00, 0x00, 0x31, 0xF2, 0x0F, 0x00,
    0x12, 0x23, 0xF3, 0x00, 0x21, 0x11, 0x32, 0xFF, 0x3F, 0x33, 0x21, 0x3F, 0xFB, 0xFF, 0xFF, 0x22,
    0x00, 0x00, 0x00, 0x00, 0x00, 0x00, 0x00, 0x00, 0x00, 0x00, 0x00, 0x00, 0x00, 0x00, 0x00, 0x00,
    0x00, 0x00, 0x00, 0x00, 0xFF, 0x00, 0x00, 0x00, 0x22, 0xFF, 0x00, 0x00, 0x33, 0x52, 0xFF, 0x0F,
    0x00, 0xF0, 0x56, 0x86, 0x00, 0x00, 0x8F, 0x68, 0xA0, 0xAA, 0x6F, 0x56, 0x7A, 0x13, 0xF1, 0xFF,
    0x70, 0x77, 0xA7, 0xAA, 0x00, 0x00, 0x50, 0x52, 0x00, 0x00, 0x50, 0x32, 0x00, 0x00, 0x50, 0x32,
    0xB6, 0x8F, 0x66, 0x86, 0xB6, 0x8F, 0x68, 0x86, 0xFB, 0xBF, 0x88, 0x86, 0x3F, 0xF3, 0xFF, 0xFF,
    0x7A, 0x77, 0x97, 0x1F, 0x08, 0x00, 0x90, 0x1F, 0x08, 0x00, 0x90, 0xF3, 0x08, 0x00, 0x00, 0x19,
    0xBB, 0x6B, 0xF6, 0x22, 0x6B, 0x66, 0x5F, 0x23, 0x88, 0xB6, 0x5F, 0x23, 0xFF, 0xBB, 0x5F, 0x23,
    0xA2, 0xF9, 0xFF, 0x32, 0x72, 0x39, 0xF1, 0x32, 0x21, 0x29, 0x23, 0x2F, 0x7F, 0x9A, 0x32, 0xF2,
    0x12, 0x32, 0xBF, 0xFB, 0x11, 0x22, 0xF3, 0xBB, 0x11, 0x25, 0xF3, 0x8B, 0x31, 0x21, 0xF3, 0x8B,
    0x12, 0x21, 0xF2, 0x88, 0x12, 0x21, 0xF5, 0x88, 0x23, 0x22, 0xF5, 0x68, 0x3F, 0x33, 0x8F, 0x68,
    0x00, 0x00, 0x50, 0x32, 0x00, 0x00, 0x50, 0x32, 0x00, 0x00, 0x50, 0x32, 0x00, 0x00, 0x50, 0x32,
    0x00, 0x00, 0x50, 0x32, 0x00, 0x00, 0x50, 0x32, 0x00, 0x00, 0x50, 0x32, 0x00, 0x00, 0x50, 0x32,
    0x08, 0x00, 0x00, 0x29, 0x08, 0x00, 0x00, 0x39, 0x08, 0x00, 0x00, 0x90, 0x08, 0x00, 0x00, 0x90,
    0x08, 0x00, 0x00, 0x00, 0x08, 0x00, 0x00, 0x00, 0x08, 0x00, 0x00, 0x00, 0x08, 0x00, 0x00, 0x00,
    0xF3, 0x9F, 0x32, 0x31, 0x09, 0x00, 0x29, 0x91, 0x09, 0x00, 0x19, 0x93, 0x09, 0x00, 0x19, 0x93,
    0x09, 0x00, 0x90, 0x93, 0x00, 0x00, 0x90, 0x92, 0x00, 0x00, 0x90, 0x91, 0x00, 0x00, 0x90, 0x09,
    0xF2, 0xFF, 0x88, 0x88, 0x31, 0x09, 0xBF, 0x88, 0x93, 0x00, 0xF0, 0x8B, 0x99, 0x00, 0xF0, 0x81,
    0x99, 0x00, 0xF0, 0x8B, 0x90, 0x00, 0x00, 0xBF, 0x90, 0x00, 0x00, 0xBF, 0x00, 0x00, 0xFF, 0xFB,
    0x00, 0x00, 0x50, 0x32, 0x00, 0x00, 0x50, 0x32, 0x00, 0x00, 0x50, 0x32, 0x00, 0x00, 0x50, 0x32,
    0x00, 0x00, 0x50, 0x32, 0x00, 0x00, 0x50, 0x32, 0x00, 0x00, 0x50, 0x22, 0x00, 0x00, 0x50, 0x22,
    0x08, 0x00, 0x00, 0x00, 0x08, 0x00, 0x00, 0x00, 0x08, 0x00, 0x00, 0x00, 0x08, 0x00, 0x00, 0x00,
    0x08, 0x00, 0x00, 0x00, 0x08, 0x00, 0x00, 0x00, 0x08, 0x00, 0x00, 0x00, 0x08, 0x00, 0x00, 0x00,
    0x00, 0x00, 0x90, 0x09, 0x00, 0x00, 0x00, 0xF9, 0x00, 0x00, 0xF0, 0x6F, 0x00, 0x00, 0x6F, 0x66,
    0x00, 0xF0, 0x66, 0x86, 0x00, 0xF0, 0x86, 0x88, 0x00, 0xF0, 0x86, 0xB8, 0x00, 0x00, 0x8F, 0xB8,
    0xF0, 0xFF, 0xBB, 0xBB, 0x6F, 0xB8, 0xBB, 0xBB, 0x86, 0xB8, 0xBB, 0xBB, 0x88, 0xBB, 0xBB, 0xBB,
    0xB8, 0xBB, 0xFB, 0xFF, 0xBB, 0xFB, 0x0F, 0x00, 0xFB, 0x0F, 0x00, 0x00, 0xBB, 0xFB, 0x00, 0x00,
    0x66, 0x66, 0x88, 0x88, 0x66, 0x66, 0x86, 0x88, 0x68, 0x66, 0x66, 0x86, 0x88, 0x66, 0x66, 0x66,
    0x88, 0x88, 0x66, 0x66, 0x88, 0x88, 0x88, 0x66, 0x8B, 0x88, 0x88, 0x88, 0x3B, 0x88, 0x88, 0x88,
    0x0F, 0x00, 0xFF, 0xFF, 0xF8, 0xFF, 0xBB, 0x8B, 0x88, 0xB8, 0x8B, 0x88, 0x86, 0x88, 0x88, 0x68,
    0x66, 0x66, 0x88, 0x68, 0x66, 0x66, 0x66, 0x66, 0x66, 0x66, 0x66, 0x66, 0x88, 0x66, 0x66, 0x66,
    0xBB, 0x88, 0x88, 0x68, 0x88, 0x88, 0x66, 0x66, 0x68, 0x66, 0x66, 0x66, 0x66, 0x66, 0x66, 0x86,
    0x66, 0x66, 0x66, 0x86, 0x66, 0x66, 0x86, 0x88, 0x66, 0x88, 0x88, 0x88, 0x86, 0x88, 0x88, 0xB8,
    0x86, 0xB8, 0xBB, 0xFB, 0x88, 0xB8, 0xBB, 0x0F, 0x88, 0xB8, 0xBB, 0x0F, 0x88, 0xBB, 0xBB, 0x0F,
    0x88, 0xBB, 0xBB, 0x0F, 0x88, 0xBB, 0xFB, 0x00, 0xB8, 0xBB, 0xFB, 0x00, 0xBB, 0xBB, 0xFB, 0x00,
    0xFF, 0xBB, 0x8B, 0x88, 0xBB, 0xFF, 0x1F, 0x88, 0xBB, 0xBB, 0xFB, 0xFF, 0xFF, 0x88, 0xB8, 0xBB,
    0x00, 0x8F, 0x88, 0xB8, 0x00, 0xF0, 0x8F, 0x88, 0x00, 0x00, 0xF0, 0x88, 0x00, 0x00, 0x00, 0xFF,
    0x88, 0x88, 0x66, 0x86, 0x88, 0x88, 0x88, 0x88, 0x5B, 0x8B, 0x88, 0x88, 0xFF, 0xBF, 0x1B, 0xB8,
    0xBB, 0xFB, 0xFF, 0xBB, 0xB8, 0xBB, 0xBB, 0x5F, 0x88, 0xBB, 0xBB, 0xFB, 0x88, 0xB8, 0xBB, 0xBB,
    0x88, 0x88, 0xB8, 0xBB, 0x88, 0xB8, 0xBB, 0xBB, 0xB8, 0xBB, 0xBB, 0xBB, 0xBB, 0xBB, 0xBB, 0xBB,
    0xBB, 0xBB, 0xBB, 0xBB, 0xBB, 0xBB, 0xF1, 0xFF, 0xFF, 0xFF, 0x00, 0x00, 0x0F, 0x00, 0x00, 0x00,
    0xBB, 0xBB, 0xFB, 0x00, 0xBB, 0xBB, 0x0F, 0x00, 0xBB, 0xBB, 0x0F, 0x00, 0xBB, 0xFB, 0x00, 0x00,
    0xF5, 0x0F, 0x00, 0x00, 0x0F, 0x00, 0x00, 0x00, 0x00, 0x00, 0x00, 0x00, 0x00, 0x00, 0x00, 0x00,
    0x00, 0x00, 0x00, 0x00, 0x00, 0x00, 0x00, 0x00, 0x00, 0x00, 0x00, 0xF0, 0x00, 0x00, 0x00, 0xBF,
    0x00, 0x00, 0x00, 0xBF, 0x00, 0x00, 0xF0, 0xBB, 0x00, 0x00, 0xBF, 0xBB, 0x00, 0xF0, 0xBB, 0xBB,
    0x00, 0x00, 0x00, 0x00, 0x0F, 0x00, 0x00, 0x00, 0x0F, 0x00, 0x00, 0x00, 0x0F, 0x00, 0x00, 0x00,
    0x0F, 0x00, 0x00, 0x00, 0x0F, 0x00, 0x00, 0x00, 0x0F, 0x00, 0x00, 0x00, 0x0F, 0x00, 0x00, 0x00,
    0x00, 0xF0, 0xBB, 0xBB, 0x00, 0xBF, 0xBB, 0xBB, 0xF0, 0xBB, 0xBB, 0xBB, 0xBF, 0x8B, 0xBB, 0xFB,
    0xBB, 0x88, 0xBB, 0xFB, 0x8B, 0xB8, 0xBB, 0xFB, 0x68, 0xB8, 0xBB, 0xFB, 0x66, 0xB8, 0xBB, 0xFB,
    0x0F, 0x00, 0x00, 0x00, 0x0F, 0x00, 0x00, 0x00, 0x0F, 0x00, 0x00, 0x00, 0x00, 0x00, 0x00, 0x00,
    0x00, 0x00, 0x00, 0x00, 0x00, 0x00, 0x00, 0x00, 0x00, 0x00, 0x00, 0x00, 0x00, 0x00, 0x00, 0x00,
    0x00, 0x00, 0x50, 0x22, 0x00, 0x00, 0x50, 0x22, 0x00, 0x00, 0x50, 0x22, 0x00, 0x00, 0x50, 0x22,
    0x00, 0x00, 0x50, 0x21, 0x00, 0x00, 0x50, 0x21, 0x00, 0x00, 0x50, 0x21, 0x00, 0x00, 0x50, 0x21,
    0x08, 0x00, 0x00, 0x00, 0x08, 0x00, 0x00, 0x00, 0x08, 0x00, 0x00, 0x00, 0x08, 0x00, 0x00, 0x00,
    0x08, 0x00, 0x00, 0x00, 0x08, 0x00, 0x00, 0x00, 0x08, 0x00, 0x00, 0x00, 0x08, 0x00, 0x00, 0x00,
    0x00, 0x00, 0x50, 0x21, 0x00, 0x00, 0x50, 0x21, 0x00, 0x00, 0x50, 0x21, 0x00, 0x00, 0x50, 0x21,
    0x00, 0x00, 0x50, 0x21, 0x00, 0x00, 0x50, 0x21, 0x00, 0x00, 0x50, 0x22, 0x00, 0x00, 0x50, 0x22,
    0x08, 0x00, 0x00, 0x00, 0x08, 0x00, 0x00, 0x00, 0x08, 0x00, 0x00, 0x00, 0x08, 0x00, 0x00, 0x00,
    0x08, 0x00, 0x00, 0x00, 0x08, 0x00, 0x00, 0x00, 0x08, 0x00, 0x00, 0x00, 0x08, 0x00, 0x00, 0x00,
    0xBB, 0xBB, 0x0F, 0x00, 0x88, 0xBB, 0xFB, 0x00, 0x88, 0xB8, 0xFB, 0x00, 0x86, 0xB8, 0xBB, 0x0F,
    0x6F, 0x88, 0xBB, 0xFB, 0xF0, 0x86, 0xB8, 0xFB, 0x00, 0x6F, 0xB8, 0xBB, 0x00, 0x6F, 0x88, 0xBB,
    0x00, 0x00, 0x00, 0x00, 0x00, 0x00, 0x00, 0x00, 0x00, 0x00, 0x00, 0x00, 0x00, 0x00, 0x00, 0x00,
    0x00, 0x00, 0x00, 0x00, 0x00, 0x00, 0x00, 0x00, 0x0F, 0x00, 0x00, 0x00, 0x0F, 0x00, 0x00, 0x00,
    0x00, 0xF0, 0x86, 0xB8, 0x00, 0x00, 0x8F, 0xB8, 0x00, 0x00, 0x8F, 0x88, 0x00, 0x00, 0xF0, 0x88,
    0x00, 0x00, 0x8F, 0xB8, 0xF0, 0xFF, 0x88, 0xBB, 0x6F, 0x88, 0xB8, 0xBB, 0x8F, 0xB8, 0xBB, 0xBB,
    0xFB, 0x00, 0x00, 0x00, 0xFB, 0x00, 0x00, 0x00, 0xBB, 0x0F, 0x00, 0x00, 0xBB, 0x0F, 0x00, 0x00,
    0xBB, 0xFB, 0x00, 0x00, 0xBB, 0xFB, 0x00, 0x00, 0xBB, 0xFB, 0x00, 0x00, 0xBB, 0xFB, 0x00, 0x00,
    0xFB, 0x0F, 0x00, 0x00, 0xBB, 0xFB, 0x00, 0x00, 0xBB, 0xBB, 0xFF, 0x00, 0xB8, 0xBB, 0xBB, 0xFF,
    0x88, 0xB8, 0xBB, 0xBB, 0x88, 0x88, 0xBB, 0xBB, 0xFF, 0x88, 0xB8, 0xBB, 0x00, 0x8F, 0x88, 0xBB,
    0x00, 0x00, 0x00, 0x00, 0x00, 0x00, 0x00, 0x00, 0x00, 0x00, 0x00, 0x00, 0x00, 0x00, 0x00, 0x00,
    0x0F, 0x00, 0x00, 0x00, 0xFB, 0x0F, 0x00, 0x00, 0xBB, 0xFB, 0x00, 0x00, 0xBB, 0xBB, 0x0F, 0x00,
    0x00, 0xF0, 0x8F, 0x88, 0x00, 0x00, 0xF0, 0x88, 0x00, 0x00, 0x00, 0x8F, 0x00, 0x00, 0x00, 0xF0,
    0x00, 0x00, 0x00, 0xF0, 0x00, 0x00, 0x00, 0x6F, 0x00, 0x00, 0x00, 0x6F, 0x00, 0x00, 0x00, 0x8F,
    0xBB, 0xBB, 0x0F, 0x00, 0xB8, 0xBB, 0xFB, 0x00, 0x88, 0xBB, 0xBB, 0x0F, 0x88, 0xBB, 0xBB, 0x0F,
    0x88, 0xBB, 0xBB, 0x0F, 0x88, 0xB8, 0xBB, 0xFB, 0x88, 0xB8, 0xBB, 0xFB, 0xB8, 0xBB, 0xBB, 0xFB,
    0x00, 0x00, 0x50, 0x22, 0x00, 0x00, 0x00, 0x00, 0x00, 0x00, 0x00, 0x00, 0x00, 0x00, 0x00, 0x00,
    0x00, 0x00, 0x00, 0x00, 0x00, 0x00, 0x00, 0x00, 0x00, 0x00, 0x00, 0x00, 0x00, 0x00, 0x00, 0x00,
    0x08, 0x00, 0x00, 0x00, 0x00, 0x00, 0x00, 0x00, 0x00, 0x00, 0x00, 0x00, 0x00, 0x00, 0x00, 0x00,
    0x00, 0x00, 0x00, 0x00, 0x00, 0x00, 0x00, 0x00, 0x00, 0x00, 0x00, 0x00, 0x00, 0x00, 0x00, 0x00,
    0xFF, 0xFF, 0xFF, 0xFF, 0x00, 0x00, 0x00, 0x00, 0x00, 0x00, 0x00, 0x00, 0x00, 0x00, 0x00, 0x00,
    0x00, 0x00, 0x00, 0x00, 0x00, 0x00, 0x00, 0x00, 0x00, 0x00, 0x00, 0x00, 0x00, 0x00, 0x00, 0x00,
    0xFF, 0xFF, 0x00, 0x00, 0x00, 0x00, 0x00, 0x00, 0x00, 0x00, 0x00, 0x00, 0x00, 0x00, 0x00, 0x00,
    0x00, 0x00, 0x00, 0x00, 0x00, 0x00, 0x00, 0x00, 0x00, 0x00, 0x00, 0x00, 0x00, 0x00, 0x00, 0x00,
    0x00, 0x00, 0x00, 0xFF, 0x00, 0x00, 0x00, 0x00, 0x00, 0x00, 0x00, 0x00, 0x00, 0x00, 0x00, 0x00,
    0x00, 0x00, 0x00, 0x00, 0x00, 0x00, 0x00, 0x00, 0x00, 0x00, 0x00, 0x00, 0x00, 0x00, 0x00, 0x00,
    0xFF, 0xFF, 0xFF, 0xFF, 0x00, 0x00, 0x00, 0x00, 0x00, 0x00, 0x00, 0x00, 0x00, 0x00, 0x00, 0x00,
    0x00, 0x00, 0x00, 0x00, 0x00, 0x00, 0x00, 0x00, 0x00, 0x00, 0x00, 0x00, 0x00, 0x00, 0x00, 0x00,
    0xFF, 0x00, 0x00, 0x00, 0xBB, 0xFF, 0x00, 0x00, 0xB8, 0xBB, 0x0F, 0x00, 0x88, 0xBB, 0xFB, 0x00,
    0x86, 0x88, 0xFB, 0x00, 0x66, 0x88, 0xB8, 0x0F, 0x66, 0x86, 0xB8, 0xFB, 0x66, 0x66, 0x88, 0xFB,
    0x00, 0x00, 0x00, 0x00, 0x00, 0x00, 0x00, 0x00, 0x00, 0x00, 0x00, 0x00, 0x00, 0x00, 0x00, 0x00,
    0x00, 0x00, 0x00, 0xF0, 0x00, 0x00, 0xFF, 0xBF, 0x00, 0xFF, 0xBB, 0x8F, 0xFF, 0xBB, 0x88, 0x88,
    0x00, 0x00, 0xF0, 0x88, 0x00, 0x00, 0xF0, 0x86, 0x00, 0x00, 0x00, 0x6F, 0x00, 0x00, 0x00, 0xF0,
    0x00, 0x00, 0x00, 0x00, 0x00, 0x00, 0x00, 0x00, 0x00, 0x00, 0x00, 0x00, 0x00, 0x00, 0x00, 0x00,
    0x8F, 0x88, 0xBB, 0xBB, 0xF0, 0x88, 0x88, 0xBB, 0x00, 0xFF, 0x88, 0x88, 0x00, 0x00, 0x8F, 0x88,
    0x00, 0x00, 0xF0, 0x8F, 0x00, 0x00, 0x00, 0xF0, 0x00, 0x00, 0x00, 0x00, 0x00, 0x00, 0x00, 0x00,
};
static const u16 sFrame47[] = {
    0x000D, 0x00CF, 0x81D2, 0x0000, 0x40DF, 0x81F2, 0x0010, 0x00CF, 0x400A, 0x0018, 0x00EF, 0x41D2,
    0x001C, 0x00EF, 0x41EA, 0x0020, 0x00EF, 0x4002, 0x0024, 0x40FF, 0x01D2, 0x0028, 0x40FF, 0x01EA,
    0x002A, 0x40FF, 0x0002, 0x002C, 0x00D7, 0x01F2, 0x002E, 0x00D7, 0x0002, 0x002F, 0x00EF, 0x01E2,
    0x0030, 0x00EF, 0x01FA, 0x0031, 0x0000,
};
static const void* const sFrames47[] = { sFrame47 };
static const u8 sTiles48[1376] __attribute__((aligned(4))) = {
    0x00, 0x00, 0xFF, 0xFF, 0x00, 0xF0, 0x86, 0xF8, 0x00, 0xF0, 0x65, 0xF8, 0x00, 0x00, 0x5F, 0xF8,
    0x00, 0xF0, 0x6F, 0x85, 0x00, 0xF0, 0xFB, 0xFF, 0x00, 0xF0, 0x88, 0xB6, 0x00, 0xF0, 0x65, 0x65,
    0x0F, 0x00, 0x00, 0x00, 0xFB, 0x00, 0x00, 0x00, 0xF6, 0xFF, 0xFF, 0xF0, 0xF5, 0xB8, 0xBB, 0x3F,
    0x8F, 0x88, 0xF8, 0x23, 0xFF, 0xFF, 0x3F, 0x32, 0xF6, 0xBB, 0xF8, 0xFF, 0xFB, 0x68, 0x66, 0xB8,
    0x00, 0x00, 0x00, 0x00, 0x00, 0x00, 0x00, 0x00, 0xFF, 0x0F, 0x00, 0x00, 0x31, 0xF2, 0x0F, 0x00,
    0x12, 0x23, 0xF3, 0x00, 0x21, 0x11, 0x32, 0xFF, 0x3F, 0x33, 0x21, 0x3F, 0xFB, 0xFF, 0xFF, 0x22,
    0x00, 0x00, 0x00, 0x00, 0x00, 0x00, 0x00, 0x00, 0x00, 0x00, 0x00, 0x00, 0x00, 0x00, 0x00, 0x00,
    0x00, 0x00, 0x00, 0x00, 0xFF, 0x00, 0x00, 0x00, 0x22, 0xFF, 0x00, 0x00, 0x33, 0x52, 0xFF, 0x0F,
    0x00, 0xF0, 0x56, 0x86, 0x00, 0x00, 0x8F, 0x68, 0xA0, 0xAA, 0x6F, 0x56, 0x7A, 0x13, 0xF1, 0xFF,
    0x70, 0x77, 0xA7, 0xAA, 0x00, 0x00, 0x50, 0x52, 0x00, 0x00, 0x50, 0x32, 0x00, 0x00, 0x50, 0x32,
    0xB6, 0x8F, 0x66, 0x86, 0xB6, 0x8F, 0x68, 0x86, 0xFB, 0xBF, 0x88, 0x86, 0x3F, 0xF3, 0xFF, 0xFF,
    0x7A, 0x77, 0x97, 0x1F, 0x08, 0x00, 0x90, 0x1F, 0x08, 0x00, 0x90, 0xF3, 0x08, 0x00, 0x00, 0x19,
    0xBB, 0x6B, 0xF6, 0x22, 0x6B, 0x66, 0x5F, 0x23, 0x88, 0xB6, 0x5F, 0x23, 0xFF, 0xBB, 0x5F, 0x23,
    0xA2, 0xF9, 0xFF, 0x32, 0x72, 0x39, 0xF1, 0x32, 0x21, 0x29, 0x23, 0x2F, 0x7F, 0x9A, 0x32, 0xF2,
    0x12, 0x32, 0xBF, 0xFB, 0x11, 0x22, 0xF3, 0xBB, 0x11, 0x25, 0xF3, 0x8B, 0x31, 0x21, 0xF3, 0x8B,
    0x12, 0x21, 0xF2, 0x88, 0x12, 0x21, 0xF5, 0x88, 0x23, 0x22, 0xF5, 0x68, 0x3F, 0x33, 0x8F, 0x68,
    0x00, 0x00, 0x50, 0x32, 0x00, 0x00, 0x50, 0x32, 0x00, 0x00, 0x50, 0x32, 0x00, 0x00, 0x50, 0x32,
    0x00, 0x00, 0x50, 0x32, 0x00, 0x00, 0x50, 0x32, 0x00, 0x00, 0x50, 0x32, 0x00, 0x00, 0x50, 0x32,
    0x08, 0x00, 0x00, 0x29, 0x08, 0x00, 0x00, 0x39, 0x08, 0x00, 0x00, 0x90, 0x08, 0x00, 0x00, 0x90,
    0x08, 0x00, 0x00, 0x00, 0x08, 0x00, 0x00, 0x00, 0x08, 0x00, 0x00, 0x00, 0x08, 0x00, 0x00, 0x00,
    0xF3, 0x9F, 0x32, 0x31, 0x09, 0x00, 0x29, 0x91, 0x09, 0x00, 0x19, 0x93, 0x09, 0x00, 0x19, 0x93,
    0x09, 0x00, 0x90, 0x93, 0x00, 0x00, 0x90, 0x92, 0x00, 0x00, 0x90, 0x91, 0x00, 0x00, 0x90, 0x09,
    0xF2, 0xFF, 0x88, 0x88, 0x31, 0x09, 0x8F, 0x88, 0x93, 0x00, 0xF0, 0x81, 0x99, 0x00, 0xF0, 0x88,
    0x99, 0x00, 0xF0, 0x88, 0x90, 0x00, 0x00, 0x8F, 0x90, 0x00, 0x00, 0x5F, 0x00, 0x00, 0xFF, 0x8F,
    0x00, 0x00, 0x50, 0x32, 0x00, 0x00, 0x50, 0x32, 0x00, 0x00, 0x50, 0x32, 0x00, 0x00, 0x50, 0x32,
    0x00, 0x00, 0x50, 0x32, 0x00, 0x00, 0x50, 0x32, 0x00, 0x00, 0x50, 0x22, 0x00, 0x00, 0x50, 0x22,
    0x08, 0x00, 0x00, 0x00, 0x08, 0x00, 0x00, 0x00, 0x08, 0x00, 0x00, 0x00, 0x08, 0x00, 0x00, 0x00,
    0x08, 0x00, 0x00, 0x00, 0x08, 0x00, 0x00, 0x00, 0x08, 0x00, 0x00, 0x00, 0x08, 0x00, 0x00, 0x00,
    0x00, 0x00, 0x90, 0x09, 0x00, 0x00, 0x00, 0xF9, 0x00, 0x00, 0xF0, 0xFF, 0x00, 0x00, 0xBF, 0xFB,
    0x00, 0xF0, 0x88, 0x8F, 0x00, 0xF0, 0xFB, 0x88, 0x00, 0xF0, 0x8F, 0xB8, 0x00, 0x00, 0x8F, 0xB8,
    0xF0, 0xFF, 0xBF, 0xFB, 0xFF, 0xBF, 0xBB, 0xFB, 0x8F, 0xB8, 0xBB, 0xBB, 0x88, 0xBB, 0xBB, 0xBB,
    0xB8, 0xBB, 0xFB, 0xFF, 0xBB, 0xFB, 0xBF, 0xBB, 0xFB, 0xBF, 0xBB, 0xBB, 0xBB, 0xFB, 0xBB, 0xBB,
    0xBB, 0xBB, 0xBF, 0xBB, 0x88, 0xBB, 0xFB, 0xBB, 0x88, 0xB8, 0xFB, 0xBB, 0x86, 0xB8, 0xBB, 0xBF,
    0x6F, 0x88, 0xBB, 0xFB, 0xF0, 0x86, 0xB8, 0xFB, 0x00, 0x6F, 0xB8, 0xBB, 0x00, 0x6F, 0x88, 0xBB,
    0xBB, 0xBF, 0x88, 0x88, 0xBB, 0xBF, 0x8B, 0x88, 0xBB, 0xFB, 0x85, 0x88, 0xBB, 0xFB, 0xBB, 0x8B,
    0xBB, 0xBB, 0xBF, 0xBB, 0xBB, 0xBB, 0x3F, 0xBB, 0xBF, 0xBB, 0xFB, 0xBB, 0xBF, 0xBB, 0xFB, 0xBB,
    0x88, 0x66, 0x66, 0x88, 0x88, 0x88, 0x68, 0x86, 0x88, 0x88, 0x88, 0x88, 0x88, 0x88, 0x88, 0x88,
    0xBB, 0x88, 0x88, 0xBB, 0xBB, 0xBB, 0xBB, 0xBB, 0xBB, 0xBB, 0xBB, 0xBB, 0xBB, 0xBB, 0xBB, 0xBB,
    0xBB, 0xFF, 0x00, 0x00, 0xB8, 0xBB, 0x0F, 0x00, 0x88, 0xBB, 0xFB, 0x0F, 0x88, 0xB8, 0xBB, 0xFB,
    0xBB, 0xBB, 0xBB, 0xBB, 0xBB, 0xBB, 0xBB, 0xBB, 0xBB, 0xBB, 0xBB, 0xBB, 0xBB, 0xBB, 0xBB, 0xFF,
    0x00, 0xF0, 0x86, 0xB8, 0x00, 0x00, 0x8F, 0xB8, 0x00, 0x00, 0x8F, 0x88, 0x00, 0x00, 0xF0, 0x88,
    0x00, 0x00, 0x8F, 0xB8, 0xF0, 0xFF, 0x88, 0xBB, 0x6F, 0x88, 0xB8, 0xBB, 0x8F, 0xB8, 0xBB, 0xBB,
    0xFB, 0xFF, 0xFB, 0xBB, 0xFB, 0x00, 0xFF, 0x5F, 0xBB, 0x0F, 0x00, 0xFF, 0xBB, 0x0F, 0x00, 0x00,
    0xBB, 0xFB, 0x00, 0x00, 0xBB, 0xFB, 0x00, 0x00, 0xBB, 0xFB, 0x00, 0x00, 0xBB, 0xFB, 0x00, 0x00,
    0xBB, 0xBB, 0xBB, 0xBB, 0xBB, 0xBB, 0xBB, 0xBB, 0xBB, 0xBB, 0xBB, 0xBB, 0xFF, 0xFF, 0xFF, 0xFF,
    0x00, 0x00, 0x00, 0x00, 0x00, 0x00, 0x00, 0x00, 0x00, 0x00, 0x00, 0x00, 0x00, 0x00, 0x00, 0x00,
    0xBB, 0xBB, 0xFF, 0x88, 0xBB, 0xFF, 0xF0, 0x88, 0xFF, 0x00, 0x00, 0x8F, 0x00, 0x00, 0x00, 0xF0,
    0x00, 0x00, 0x00, 0xF0, 0x00, 0x00, 0x00, 0x6F, 0x00, 0x00, 0x00, 0x6F, 0x00, 0x00, 0x00, 0x8F,
    0x66, 0x66, 0x88, 0xF8, 0x66, 0x66, 0x86, 0xB8, 0x68, 0x66, 0x86, 0xB8, 0x68, 0x66, 0x66, 0x88,
    0x68, 0x66, 0x66, 0x88, 0x88, 0x66, 0x66, 0x86, 0x88, 0x66, 0x66, 0x86, 0x88, 0x68, 0x66, 0x86,
    0x00, 0x00, 0x00, 0x00, 0x0F, 0x00, 0x00, 0x00, 0x0F, 0x00, 0x00, 0x00, 0xFB, 0x00, 0x00, 0x00,
    0xF8, 0x00, 0x00, 0x00, 0xB8, 0x0F, 0x00, 0x00, 0x88, 0x0F, 0x00, 0x00, 0x88, 0xF8, 0x00, 0x00,
    0x88, 0x68, 0x66, 0x66, 0x83, 0x88, 0x66, 0x66, 0x8F, 0x88, 0x66, 0x66, 0xBF, 0x88, 0x68, 0x66,
    0x1F, 0x88, 0x88, 0x66, 0xFB, 0x8B, 0x88, 0x66, 0xFB, 0x8B, 0x88, 0x68, 0xBB, 0x3F, 0x88, 0x88,
    0x88, 0xF8, 0x00, 0x00, 0x88, 0x88, 0x0F, 0x00, 0x86, 0x88, 0xF8, 0x00, 0x86, 0x88, 0xB8, 0x0F,
    0x66, 0x88, 0xB8, 0x0F, 0x66, 0x86, 0x88, 0xFB, 0x66, 0x66, 0x88, 0xB8, 0x66, 0x66, 0x86, 0xB8,
    0x00, 0x00, 0x50, 0x22, 0x00, 0x00, 0x50, 0x22, 0x00, 0x00, 0x50, 0x22, 0x00, 0x00, 0x50, 0x22,
    0x00, 0x00, 0x50, 0x21, 0x00, 0x00, 0x50, 0x21, 0x00, 0x00, 0x50, 0x21, 0x00, 0x00, 0x50, 0x21,
    0x08, 0x00, 0x00, 0x00, 0x08, 0x00, 0x00, 0x00, 0x08, 0x00, 0x00, 0x00, 0x08, 0x00, 0x00, 0x00,
    0x08, 0x00, 0x00, 0x00, 0x08, 0x00, 0x00, 0x00, 0x08, 0x00, 0x00, 0x00, 0x08, 0x00, 0x00, 0x00,
    0x00, 0x00, 0x50, 0x21, 0x00, 0x00, 0x50, 0x21, 0x00, 0x00, 0x50, 0x21, 0x00, 0x00, 0x50, 0x21,
    0x00, 0x00, 0x50, 0x21, 0x00, 0x00, 0x50, 0x21, 0x00, 0x00, 0x50, 0x22, 0x00, 0x00, 0x50, 0x22,
    0x08, 0x00, 0x00, 0x00, 0x08, 0x00, 0x00, 0x00, 0x08, 0x00, 0x00, 0x00, 0x08, 0x00, 0x00, 0x00,
    0x08, 0x00, 0x00, 0x00, 0x08, 0x00, 0x00, 0x00, 0x08, 0x00, 0x00, 0x00, 0x08, 0x00, 0x00, 0x00,
    0x00, 0x00, 0x50, 0x22, 0x00, 0x00, 0x00, 0x00, 0x00, 0x00, 0x00, 0x00, 0x00, 0x00, 0x00, 0x00,
    0x00, 0x00, 0x00, 0x00, 0x00, 0x00, 0x00, 0x00, 0x00, 0x00, 0x00, 0x00, 0x00, 0x00, 0x00, 0x00,
    0x08, 0x00, 0x00, 0x00, 0x00, 0x00, 0x00, 0x00, 0x00, 0x00, 0x00, 0x00, 0x00, 0x00, 0x00, 0x00,
    0x00, 0x00, 0x00, 0x00, 0x00, 0x00, 0x00, 0x00, 0x00, 0x00, 0x00, 0x00, 0x00, 0x00, 0x00, 0x00,
    0xFF, 0xFF, 0xFF, 0xFF, 0x00, 0x00, 0x00, 0x00, 0x00, 0x00, 0x00, 0x00, 0x00, 0x00, 0x00, 0x00,
    0x00, 0x00, 0x00, 0x00, 0x00, 0x00, 0x00, 0x00, 0x00, 0x00, 0x00, 0x00, 0x00, 0x00, 0x00, 0x00,
    0xFF, 0xFF, 0x00, 0x00, 0x00, 0x00, 0x00, 0x00, 0x00, 0x00, 0x00, 0x00, 0x00, 0x00, 0x00, 0x00,
    0x00, 0x00, 0x00, 0x00, 0x00, 0x00, 0x00, 0x00, 0x00, 0x00, 0x00, 0x00, 0x00, 0x00, 0x00, 0x00,
    0x00, 0x00, 0x00, 0xFF, 0x00, 0x00, 0x00, 0x00, 0x00, 0x00, 0x00, 0x00, 0x00, 0x00, 0x00, 0x00,
    0x00, 0x00, 0x00, 0x00, 0x00, 0x00, 0x00, 0x00, 0x00, 0x00, 0x00, 0x00, 0x00, 0x00, 0x00, 0x00,
    0xFF, 0xFF, 0xFF, 0xFF, 0x00, 0x00, 0x00, 0x00, 0x00, 0x00, 0x00, 0x00, 0x00, 0x00, 0x00, 0x00,
    0x00, 0x00, 0x00, 0x00, 0x00, 0x00, 0x00, 0x00, 0x00, 0x00, 0x00, 0x00, 0x00, 0x00, 0x00, 0x00,
    0x00, 0x00, 0x00, 0x00, 0x00, 0x00, 0x00, 0x00, 0x00, 0x00, 0x00, 0x00, 0x0F, 0x00, 0x00, 0x00,
    0xFB, 0x00, 0x00, 0x00, 0xBB, 0x0F, 0x00, 0x00, 0xFF, 0xFB, 0x00, 0x00, 0xBB, 0xBB, 0x0F, 0x00,
    0xBB, 0xBB, 0x0F, 0x00, 0xB8, 0xBB, 0xFB, 0x00, 0x88, 0xBB, 0xBB, 0x0F, 0x88, 0xBB, 0xBB, 0x0F,
    0x88, 0xBB, 0xBB, 0x0F, 0x88, 0xB8, 0xBB, 0xFB, 0x88, 0xB8, 0xBB, 0xFB, 0xB8, 0xBB, 0xBB, 0xFB,
    0xFF, 0x00, 0x00, 0x00, 0xBB, 0xFF, 0x00, 0x00, 0xB8, 0xBB, 0x0F, 0x00, 0x88, 0xBB, 0xFB, 0x00,
    0x86, 0x88, 0xFB, 0x00, 0x66, 0x88, 0xB8, 0x0F, 0x66, 0x86, 0xB8, 0x0F, 0x66, 0x66, 0x88, 0xFB,
    0x00, 0x00, 0x00, 0x00, 0x00, 0x00, 0x00, 0x00, 0x00, 0x00, 0x00, 0x00, 0x00, 0x00, 0x00, 0x00,
    0x00, 0x00, 0x00, 0x00, 0x00, 0x00, 0x00, 0x00, 0x0F, 0x00, 0x00, 0x00, 0xFB, 0x00, 0x00, 0x00,
    0x00, 0x00, 0xF0, 0x88, 0x00, 0x00, 0xF0, 0x86, 0x00, 0x00, 0x00, 0x6F, 0x00, 0x00, 0x00, 0xF0,
    0x00, 0x00, 0x00, 0x00, 0x00, 0x00, 0x00, 0x00, 0x00, 0x00, 0x00, 0x00, 0x00, 0x00, 0x00, 0x00,
};
static const u16 sFrame48[] = {
    0x000B, 0x00CF, 0x81D6, 0x0000, 0x40EF, 0x81EE, 0x0010, 0x00DF, 0x41F6, 0x0018, 0x00EF, 0x41D6,
    0x001C, 0x40FF, 0x01D6, 0x0020, 0x40FF, 0x01EE, 0x0022, 0x40FF, 0x0006, 0x0024, 0x80EF, 0x000E,
    0x0026, 0x00D7, 0x01F6, 0x0028, 0x00E7, 0x0006, 0x0029, 0x00EF, 0x01E6, 0x002A, 0x0000,
};
static const void* const sFrames48[] = { sFrame48 };
static const u8 sTiles49[1792] __attribute__((aligned(4))) = {
    0x00, 0x00, 0x00, 0x00, 0x00, 0x00, 0x00, 0x00, 0x00, 0x00, 0x00, 0x00, 0x00, 0x00, 0x00, 0x00,
    0x00, 0x00, 0x00, 0xE5, 0x00, 0x00, 0x00, 0x3E, 0x00, 0x00, 0x50, 0x12, 0x00, 0x00, 0xE0, 0x13,
    0x29, 0x2A, 0xE1, 0x2E, 0x90, 0x1A, 0x62, 0x21, 0x90, 0x1A, 0x11, 0x11, 0x00, 0x2A, 0x11, 0x21,
    0xEE, 0xA0, 0x12, 0x22, 0x53, 0x0E, 0x77, 0xAA, 0x32, 0xEE, 0x8A, 0x12, 0x31, 0xE5, 0x17, 0x18,
    0x29, 0x13, 0x92, 0x00, 0x72, 0x23, 0x92, 0x00, 0xA2, 0x39, 0x22, 0x09, 0xA7, 0x39, 0x23, 0xE5,
    0x9A, 0x39, 0xE5, 0x22, 0xA7, 0xE5, 0xE3, 0x31, 0xA2, 0x1E, 0x1E, 0x21, 0x78, 0x2E, 0x3E, 0x22,
    0x00, 0x00, 0x00, 0x00, 0x00, 0x00, 0x00, 0x00, 0x00, 0x00, 0x00, 0x00, 0x0E, 0x00, 0x00, 0x00,
    0xE3, 0x0E, 0x00, 0x00, 0x21, 0xE3, 0x00, 0x00, 0x25, 0x32, 0x0E, 0x00, 0x22, 0x53, 0x0E, 0x00,
    0x00, 0x00, 0xE0, 0xEE, 0x00, 0x00, 0x25, 0x31, 0x00, 0x00, 0x3E, 0x52, 0x00, 0x00, 0xE0, 0xEE,
    0x00, 0x00, 0xBE, 0x68, 0x00, 0x00, 0x8E, 0x56, 0x00, 0xE0, 0x8B, 0x66, 0x00, 0xE0, 0x88, 0x68,
    0x33, 0x5E, 0x27, 0x81, 0xE5, 0xBB, 0xAE, 0x18, 0xBE, 0xBB, 0xAE, 0x18, 0xBE, 0xBB, 0xEB, 0xA2,
    0xE5, 0xBB, 0xEB, 0xA7, 0xE5, 0xBB, 0xEB, 0xEE, 0xE6, 0xBB, 0xBE, 0xEE, 0xEB, 0xBB, 0x99, 0xE9,
    0x72, 0x2E, 0xE3, 0x33, 0xEA, 0xEB, 0x5E, 0xEE, 0xE7, 0xBB, 0xBB, 0x58, 0xBE, 0xBB, 0xBB, 0x88,
    0x6E, 0xEE, 0xEE, 0x68, 0x5B, 0x65, 0x88, 0x8E, 0x6B, 0xEE, 0xEE, 0x8B, 0x5B, 0x86, 0xB8, 0xBE,
    0xE3, 0xEE, 0x00, 0x00, 0x1E, 0x31, 0x05, 0x00, 0x23, 0x22, 0xE3, 0x00, 0xE5, 0x23, 0xE5, 0x00,
    0xE6, 0xEE, 0x0E, 0x00, 0x66, 0xE6, 0x00, 0x00, 0x66, 0x66, 0x0E, 0x00, 0x66, 0x86, 0x0E, 0x00,
    0x00, 0xE0, 0xB8, 0xBB, 0x00, 0xBE, 0x68, 0x56, 0x00, 0x8E, 0x88, 0x66, 0x00, 0x8E, 0x88, 0x68,
    0x00, 0xBE, 0x88, 0x88, 0x00, 0xBE, 0xBB, 0xEE, 0x00, 0xE0, 0xEE, 0x00, 0x00, 0x00, 0x00, 0x00,
    0xEE, 0xEE, 0x39, 0xE9, 0x55, 0x66, 0x98, 0x91, 0x65, 0x66, 0x98, 0x95, 0x88, 0x88, 0x98, 0x99,
    0xBB, 0xEE, 0x6E, 0x88, 0xEE, 0x8E, 0x68, 0x88, 0xE0, 0x8B, 0x66, 0x33, 0xE0, 0xB8, 0x66, 0x88,
    0x8B, 0xE6, 0xEE, 0xEE, 0x88, 0x88, 0xBB, 0xEE, 0xBE, 0xEB, 0x88, 0xBB, 0xEE, 0xBE, 0x88, 0xB8,
    0x66, 0xB8, 0x88, 0xB8, 0x66, 0xB8, 0x8B, 0xB8, 0x66, 0xB8, 0x8B, 0xB8, 0x66, 0xB8, 0x8B, 0xB8,
    0x68, 0x88, 0xEB, 0x00, 0x6B, 0x66, 0xE8, 0x00, 0x8E, 0x86, 0xB8, 0x0E, 0xBE, 0x88, 0xBB, 0x0E,
    0xEB, 0x6E, 0x86, 0xEB, 0xEB, 0x8E, 0x88, 0xE6, 0x0E, 0xE0, 0x66, 0xB6, 0x0E, 0xE0, 0x68, 0x66,
    0x00, 0x00, 0x00, 0x00, 0x00, 0x00, 0x00, 0x00, 0x00, 0x00, 0x00, 0xE0, 0x00, 0x00, 0x00, 0xE0,
    0x00, 0x00, 0x00, 0xE0, 0x00, 0x00, 0x00, 0x6E, 0x00, 0x50, 0x55, 0x55, 0x55, 0x55, 0x55, 0x22,
    0x8E, 0xB8, 0x66, 0x88, 0x6E, 0x6B, 0x66, 0x88, 0xB6, 0x66, 0x66, 0x33, 0xB6, 0x66, 0x66, 0x88,
    0xB8, 0x66, 0x66, 0x88, 0x6B, 0x66, 0x56, 0x55, 0x55, 0x55, 0x55, 0x55, 0x22, 0x22, 0x22, 0x33,
    0x66, 0xB8, 0x8B, 0x88, 0x66, 0xB8, 0x8B, 0x88, 0x66, 0x86, 0xBB, 0x88, 0x66, 0x86, 0xBB, 0x88,
    0x66, 0x66, 0xB8, 0x5B, 0x55, 0x55, 0x55, 0x55, 0x25, 0x22, 0x22, 0x22, 0x33, 0x33, 0x33, 0x88,
    0x0E, 0xE0, 0x8B, 0x66, 0x0E, 0x00, 0x99, 0x99, 0x7A, 0x00, 0x59, 0x13, 0x77, 0x0A, 0x9E, 0x99,
    0x1A, 0xEA, 0x56, 0x66, 0x1A, 0xFA, 0x6E, 0x58, 0x1A, 0xFA, 0x6E, 0x58, 0x7A, 0xFA, 0xEF, 0x68,
    0x22, 0x22, 0x22, 0x32, 0x88, 0x88, 0x88, 0x88, 0x88, 0x88, 0x88, 0xB8, 0x00, 0x00, 0x8E, 0x6B,
    0x00, 0x00, 0x8E, 0x6B, 0x00, 0x00, 0xBE, 0x68, 0x00, 0x00, 0x8E, 0x68, 0x00, 0x00, 0x8E, 0x66,
    0x33, 0x33, 0x33, 0x88, 0x88, 0x88, 0x88, 0x88, 0x66, 0x66, 0x8B, 0xEE, 0x66, 0x66, 0x3B, 0xBE,
    0x66, 0x86, 0x8B, 0xBE, 0x66, 0x86, 0x8B, 0xBE, 0x66, 0xB6, 0xE8, 0xBB, 0x66, 0xB6, 0xE8, 0xBB,
    0x88, 0x88, 0x88, 0x88, 0xB8, 0x68, 0x86, 0xBB, 0xB3, 0x68, 0x86, 0xBB, 0x8E, 0x6B, 0x86, 0xBB,
    0x8E, 0x6B, 0x86, 0xBB, 0x8E, 0x6B, 0x66, 0xB8, 0x8E, 0x8B, 0x66, 0xB8, 0x3E, 0x8B, 0x66, 0xB8,
    0x7A, 0xFA, 0xE0, 0xEE, 0x7A, 0xEA, 0x00, 0x00, 0xAB, 0xEA, 0x00, 0x00, 0xBB, 0xBB, 0x0E, 0x00,
    0xBB, 0xBB, 0x0E, 0x00, 0xBB, 0xBB, 0x0E, 0x00, 0x8B, 0x8B, 0xEB, 0x00, 0x88, 0x8B, 0xEB, 0x00,
    0x00, 0x00, 0x8E, 0x66, 0x00, 0xE0, 0x8B, 0x66, 0x00, 0xE0, 0x8B, 0x66, 0x00, 0xE0, 0x8B, 0x66,
    0x00, 0xE0, 0x8B, 0x66, 0x00, 0xE0, 0x8B, 0x66, 0x00, 0xE0, 0x8B, 0x66, 0x00, 0xE0, 0x88, 0x66,
    0x66, 0xB6, 0xE3, 0xBB, 0x66, 0xB6, 0xE8, 0xBB, 0x66, 0xB8, 0xE8, 0xBB, 0x66, 0xB8, 0xE8, 0xBB,
    0x66, 0xB8, 0xE8, 0xBB, 0x66, 0xB8, 0xE3, 0xBB, 0x66, 0xB8, 0xE8, 0xBB, 0x66, 0xB8, 0xE8, 0xBB,
    0x8E, 0x8B, 0x66, 0xB8, 0x8E, 0x8B, 0x66, 0xB8, 0x8E, 0x8B, 0x66, 0xB8, 0x8E, 0x8B, 0x66, 0xB8,
    0xEB, 0xB3, 0x66, 0xB8, 0xEB, 0xB8, 0x66, 0xB8, 0xEB, 0xB8, 0x66, 0xB8, 0xEB, 0xB8, 0x66, 0xB8,
    0x68, 0x8B, 0xE8, 0x00, 0x68, 0x8B, 0xE8, 0x00, 0x68, 0x8B, 0xE8, 0x00, 0x68, 0xB8, 0xE8, 0x00,
    0x68, 0xB8, 0xE8, 0x00, 0x68, 0xB8, 0xE8, 0x00, 0x68, 0xB8, 0xB8, 0x0E, 0x88, 0xB8, 0x88, 0x0E,
    0x00, 0xE0, 0x88, 0x66, 0x00, 0xE0, 0x88, 0x66, 0x00, 0xE0, 0x88, 0x66, 0x00, 0xE0, 0x68, 0x66,
    0x00, 0xE0, 0x68, 0x66, 0x00, 0xE0, 0x68, 0x66, 0x00, 0xBE, 0x68, 0x66, 0x00, 0xBE, 0x68, 0x66,
    0x66, 0x8B, 0xBE, 0xBB, 0x66, 0x8B, 0xBE, 0xBB, 0x66, 0x3B, 0xBE, 0xBB, 0x86, 0x8B, 0xBE, 0xBB,
    0x86, 0x8B, 0xBE, 0xBB, 0x86, 0x8B, 0xBE, 0xBB, 0xB6, 0xE8, 0xBB, 0xBB, 0xB8, 0xE3, 0xBB, 0xBB,
    0xEB, 0xB8, 0x66, 0xB8, 0xEB, 0xB3, 0x68, 0xB8, 0xEB, 0xB8, 0x68, 0x86, 0xEB, 0xB8, 0x68, 0x86,
    0xBB, 0x8E, 0x6B, 0x86, 0xBB, 0x8E, 0x6B, 0x86, 0xBB, 0x3E, 0x6B, 0x86, 0xBB, 0x8E, 0x8B, 0x86,
    0x8B, 0xB8, 0x88, 0x0E, 0x8B, 0x86, 0x8B, 0xE8, 0x8B, 0x86, 0x8B, 0xE8, 0x8B, 0x86, 0x8B, 0xB8,
    0x8B, 0x86, 0x8B, 0xB8, 0x8B, 0x88, 0x8B, 0x88, 0x8B, 0x88, 0x8B, 0x88, 0x8B, 0x68, 0xB8, 0x88,
    0x00, 0xBE, 0x68, 0x66, 0x00, 0xBE, 0x68, 0x66, 0x00, 0xE0, 0x6B, 0x66, 0x00, 0xE0, 0xEE, 0xEE,
    0x00, 0x00, 0xF0, 0xBB, 0x00, 0xFF, 0x8F, 0xB8, 0xFF, 0xBB, 0x88, 0xBB, 0x58, 0x85, 0xB8, 0xBB,
    0xB8, 0xE8, 0xBB, 0xBB, 0xB8, 0xE8, 0xEE, 0xEE, 0xEB, 0x0E, 0x00, 0x00, 0x0E, 0x00, 0x00, 0x00,
    0x0F, 0x00, 0x00, 0x00, 0x0F, 0x00, 0x00, 0x00, 0xFB, 0x00, 0x00, 0x00, 0xFB, 0x00, 0x00, 0x00,
    0xEB, 0x8E, 0x8B, 0x66, 0x0E, 0xE0, 0xB8, 0x66, 0x00, 0xE0, 0xB8, 0x66, 0x00, 0x00, 0xEE, 0xEE,
    0x00, 0x00, 0x00, 0x00, 0x00, 0x00, 0x00, 0x00, 0x00, 0x00, 0x00, 0x00, 0x00, 0x00, 0x00, 0xF0,
    0xB8, 0x68, 0xB8, 0x88, 0xB8, 0x68, 0xB8, 0x88, 0xB8, 0x68, 0xB8, 0x88, 0xEE, 0xEE, 0xEE, 0xEE,
    0x00, 0x00, 0x8F, 0xFB, 0x00, 0x00, 0x8F, 0xFB, 0x00, 0xFF, 0x8F, 0xBB, 0xFF, 0x8B, 0x88, 0xBB,
    0x00, 0x00, 0x00, 0x00, 0x00, 0x00, 0x00, 0x00, 0x00, 0x00, 0x00, 0x00, 0x00, 0x00, 0x00, 0x00,
    0x00, 0x00, 0x00, 0x00, 0x00, 0x00, 0x00, 0x00, 0x00, 0x00, 0x00, 0x00, 0x00, 0x00, 0x00, 0x55,
    0x00, 0x00, 0x00, 0x00, 0x00, 0x00, 0x00, 0x00, 0x00, 0x00, 0x00, 0x00, 0x00, 0x00, 0x00, 0x00,
    0x00, 0x00, 0x00, 0x00, 0x00, 0x00, 0x00, 0x00, 0x00, 0x00, 0x00, 0x00, 0x55, 0x55, 0x55, 0x55,
    0x55, 0x55, 0x55, 0x55, 0x22, 0x22, 0x22, 0x22, 0x33, 0x22, 0x82, 0x88, 0x88, 0x88, 0x88, 0x88,
    0x00, 0x00, 0x00, 0x00, 0x00, 0x00, 0x00, 0x00, 0x00, 0x00, 0x00, 0x00, 0x00, 0x00, 0x00, 0x00,
    0x15, 0x11, 0x11, 0x11, 0x22, 0x22, 0x22, 0x22, 0x88, 0x88, 0x88, 0x88, 0x08, 0x00, 0x00, 0x00,
    0x00, 0x00, 0x00, 0x00, 0x00, 0x00, 0x00, 0x00, 0x00, 0x00, 0x00, 0x00, 0x00, 0x00, 0x00, 0x00,
    0x00, 0x55, 0x05, 0x00, 0x58, 0x23, 0x52, 0x55, 0x80, 0x28, 0x32, 0x33, 0x00, 0x80, 0x88, 0x38,
    0x00, 0x00, 0x00, 0x80, 0x00, 0x00, 0x00, 0x00, 0x00, 0x00, 0x00, 0x00, 0x00, 0x00, 0x00, 0x00,
    0x00, 0x00, 0x00, 0x00, 0x55, 0x00, 0x00, 0x50, 0x32, 0x55, 0x55, 0x25, 0x33, 0x33, 0x22, 0x22,
    0x88, 0x88, 0x88, 0x88, 0x00, 0x00, 0x00, 0x00, 0x00, 0x00, 0x00, 0x00, 0x00, 0x00, 0x00, 0x00,
    0x00, 0x00, 0x00, 0x00, 0x55, 0x55, 0x55, 0x55, 0x12, 0x11, 0x11, 0x22, 0x22, 0x22, 0x22, 0x22,
    0x88, 0x88, 0x88, 0x88, 0x00, 0x00, 0x00, 0x00, 0x00, 0x00, 0x00, 0x00, 0x00, 0x00, 0x00, 0x00,
    0x00, 0x00, 0x00, 0x00, 0x55, 0x55, 0x55, 0x55, 0x22, 0x32, 0x33, 0x23, 0x22, 0x53, 0x55, 0x85,
    0x88, 0x88, 0x88, 0x88, 0x00, 0x00, 0x00, 0x00, 0x00, 0x00, 0x00, 0x00, 0x00, 0x00, 0x00, 0x00,
    0x00, 0x00, 0x00, 0xBF, 0x00, 0x00, 0x00, 0xF0, 0x00, 0x00, 0x00, 0x00, 0x00, 0x00, 0x00, 0x00,
    0x00, 0x00, 0x00, 0x00, 0x00, 0x00, 0x00, 0x00, 0x00, 0x00, 0x00, 0x00, 0x00, 0x00, 0x00, 0x00,
    0x8B, 0xB8, 0xBB, 0xFF, 0xFF, 0xFF, 0xFF, 0x00, 0x00, 0x00, 0x00, 0x00, 0x00, 0x00, 0x00, 0x00,
    0x00, 0x00, 0x00, 0x00, 0x00, 0x00, 0x00, 0x00, 0x00, 0x00, 0x00, 0x00, 0x00, 0x00, 0x00, 0x00,
    0x0F, 0x00, 0x00, 0x00, 0x00, 0x00, 0x00, 0x00, 0x00, 0x00, 0x00, 0x00, 0x00, 0x00, 0x00, 0x00,
    0x00, 0x00, 0x00, 0x00, 0x00, 0x00, 0x00, 0x00, 0x00, 0x00, 0x00, 0x00, 0x00, 0x00, 0x00, 0x00,
    0x00, 0x00, 0x00, 0xBF, 0x00, 0x00, 0x00, 0xBF, 0x00, 0x00, 0x00, 0xFF, 0x00, 0x00, 0x00, 0x00,
    0x00, 0x00, 0x00, 0x00, 0x00, 0x00, 0x00, 0x00, 0x00, 0x00, 0x00, 0x00, 0x00, 0x00, 0x00, 0x00,
    0x00, 0x00, 0x99, 0x99, 0x00, 0x90, 0x33, 0x33, 0x00, 0x29, 0x13, 0x21, 0x90, 0x22, 0x91, 0x21,
    0x30, 0x11, 0x29, 0x19, 0x19, 0x99, 0x29, 0x92, 0x19, 0x17, 0x39, 0x33, 0x29, 0x27, 0x11, 0x91,
    0x09, 0x00, 0x00, 0x00, 0x21, 0x09, 0x00, 0x00, 0x19, 0x91, 0x00, 0x00, 0x92, 0x91, 0x00, 0x00,
    0x92, 0x22, 0x09, 0x00, 0x99, 0x29, 0x09, 0x00, 0x33, 0x29, 0x09, 0x00, 0x19, 0x33, 0x92, 0x00,
    0x0E, 0x00, 0x00, 0x00, 0x09, 0x00, 0x00, 0x00, 0x95, 0x00, 0x00, 0xFF, 0xE9, 0xF0, 0x2F, 0xDD,
    0xE8, 0xFF, 0xDD, 0xFD, 0x88, 0xDE, 0xFD, 0x0F, 0x86, 0x0E, 0x00, 0x00, 0xE6, 0x00, 0x00, 0x00,
    0x00, 0x00, 0x00, 0x00, 0x00, 0x00, 0x00, 0x00, 0x00, 0x00, 0x00, 0x00, 0x02, 0x00, 0x00, 0x00,
    0xDF, 0x00, 0x00, 0x00, 0x00, 0x00, 0x00, 0x00, 0x00, 0x00, 0x00, 0x00, 0x00, 0x00, 0x00, 0x00,
    0x5B, 0x85, 0xB8, 0xBB, 0x88, 0xB8, 0xBB, 0xFF, 0xFF, 0xFF, 0xFF, 0x00, 0x00, 0x00, 0x00, 0x00,
    0x00, 0x00, 0x00, 0x00, 0x00, 0x00, 0x00, 0x00, 0x00, 0x00, 0x00, 0x00, 0x00, 0x00, 0x00, 0x00,
    0x0F, 0x00, 0x00, 0x00, 0x00, 0x00, 0x00, 0x00, 0x00, 0x00, 0x00, 0x00, 0x00, 0x00, 0x00, 0x00,
    0x00, 0x00, 0x00, 0x00, 0x00, 0x00, 0x00, 0x00, 0x00, 0x00, 0x00, 0x00, 0x00, 0x00, 0x00, 0x00,
    0x00, 0x00, 0x00, 0x00, 0x00, 0x00, 0x00, 0x00, 0x00, 0x00, 0x00, 0x00, 0x0E, 0x00, 0x00, 0x00,
    0x0E, 0x00, 0x00, 0x00, 0x0E, 0x00, 0x00, 0x00, 0xEB, 0x00, 0x00, 0x00, 0xEB, 0x00, 0x00, 0x00,
    0xEB, 0x00, 0x00, 0x00, 0xEB, 0x00, 0x00, 0x00, 0x0E, 0x00, 0x00, 0x00, 0x0E, 0x00, 0x00, 0x00,
    0x00, 0x00, 0x00, 0x00, 0x00, 0x00, 0x00, 0x00, 0x0F, 0x00, 0x00, 0x00, 0x0F, 0x00, 0x00, 0x00,
    0x00, 0x00, 0x00, 0x00, 0x00, 0x00, 0x00, 0x00, 0x00, 0x00, 0x00, 0x00, 0x00, 0x00, 0x00, 0x00,
    0x00, 0x00, 0x00, 0x00, 0x00, 0x00, 0x00, 0x00, 0x0E, 0x00, 0x00, 0x00, 0x0E, 0x00, 0x00, 0x00,
    0x00, 0x50, 0x55, 0x55, 0x55, 0x55, 0x55, 0x22, 0x22, 0x22, 0x22, 0x33, 0x88, 0x88, 0x88, 0x88,
    0x88, 0x88, 0x88, 0x00, 0x00, 0x00, 0x00, 0x00, 0x00, 0x00, 0x00, 0x00, 0x00, 0x00, 0x00, 0x00,
    0xEE, 0x00, 0x00, 0x00, 0x00, 0x00, 0x00, 0x00, 0x00, 0x00, 0x00, 0x00, 0x00, 0x00, 0x00, 0x00,
    0x00, 0x00, 0x00, 0x00, 0x00, 0x00, 0x00, 0x00, 0x00, 0x00, 0x00, 0x00, 0x00, 0x00, 0x00, 0x00,
    0x00, 0x00, 0x00, 0x00, 0x00, 0x00, 0x00, 0x00, 0x00, 0x00, 0x00, 0x00, 0x00, 0x00, 0x00, 0x00,
    0x00, 0x00, 0x00, 0x00, 0x00, 0x00, 0x00, 0x00, 0x00, 0x00, 0x00, 0x00, 0x00, 0x00, 0x00, 0xFF,
};
static const u16 sFrame49[] = {
    0x000C, 0x80BD, 0xC1ED, 0x0000, 0x00D5, 0x41DD, 0x0020, 0x40DD, 0x41B5, 0x0024, 0x40FD, 0x41E5,
    0x0028, 0x40B5, 0x01F5, 0x002C, 0x40D5, 0x000D, 0x002E, 0x40FD, 0x0005, 0x0030, 0x80ED, 0x000D,
    0x0032, 0x00CD, 0x000D, 0x0034, 0x00DD, 0x01D5, 0x0035, 0x00DD, 0x000D, 0x0036, 0x00F5, 0x01E5,
    0x0037, 0x0000,
};
static const void* const sFrames49[] = { sFrame49 };
static const u8 sTiles50[1792] __attribute__((aligned(4))) = {
    0x00, 0x00, 0x00, 0x00, 0x0E, 0x00, 0x00, 0x00, 0x0E, 0x00, 0x00, 0x00, 0x00, 0x00, 0x00, 0x00,
    0xEB, 0x00, 0x00, 0x00, 0x8E, 0x00, 0x00, 0x00, 0x66, 0x00, 0x00, 0x00, 0xE8, 0x00, 0x00, 0x00,
    0x00, 0x90, 0xA2, 0x12, 0x00, 0x00, 0xA9, 0x21, 0x00, 0x00, 0xA9, 0x11, 0x00, 0x00, 0xA0, 0x12,
    0x50, 0xEE, 0x0E, 0x2A, 0xE0, 0x33, 0xE5, 0x70, 0x25, 0x21, 0xE3, 0xAE, 0x3E, 0x11, 0x53, 0x7E,
    0xEE, 0x92, 0x32, 0x21, 0x16, 0x22, 0x37, 0x22, 0x11, 0x21, 0x9A, 0x23, 0x11, 0x72, 0x9A, 0x33,
    0x21, 0xA2, 0x99, 0x53, 0xA7, 0x7A, 0x5A, 0x3E, 0x28, 0x21, 0xEA, 0xE1, 0x81, 0x81, 0xE7, 0xE2,
    0x09, 0x00, 0x00, 0x00, 0x09, 0x00, 0x00, 0x00, 0x92, 0x00, 0x00, 0x00, 0x52, 0xEE, 0x00, 0x00,
    0x2E, 0x32, 0xEE, 0x00, 0x1E, 0x13, 0x32, 0x0E, 0x11, 0x52, 0x22, 0xE3, 0x23, 0x22, 0x32, 0xE5,
    0xEB, 0x00, 0x00, 0x00, 0x09, 0x00, 0x00, 0x50, 0x95, 0x00, 0x00, 0xE0, 0x99, 0x00, 0x00, 0xE0,
    0x66, 0x0E, 0x00, 0xBE, 0x68, 0xE6, 0x0E, 0x8E, 0x88, 0x86, 0xEB, 0x6B, 0x8E, 0x88, 0xBB, 0x88,
    0xEE, 0x3E, 0xE3, 0x75, 0x12, 0x53, 0xBE, 0xEB, 0x23, 0xE5, 0xBB, 0xEB, 0xEE, 0xEE, 0xBB, 0xBB,
    0x68, 0xE6, 0xBB, 0xBB, 0x65, 0xE8, 0xB8, 0xEB, 0x86, 0xE8, 0xB8, 0x8B, 0x88, 0xEB, 0x88, 0x8B,
    0x12, 0x28, 0xE7, 0x32, 0x8A, 0xA1, 0xBE, 0xEE, 0x8A, 0x71, 0xBE, 0xBB, 0x2E, 0xEA, 0xBB, 0xBB,
    0x7E, 0xEA, 0xBB, 0xBB, 0xEE, 0xBE, 0xBE, 0x88, 0xBE, 0xEB, 0xB8, 0x88, 0xE6, 0x6E, 0xB8, 0x88,
    0x3E, 0x33, 0xEE, 0x0E, 0xE5, 0xEE, 0x11, 0x53, 0x8B, 0x35, 0x22, 0x32, 0x8B, 0x58, 0x3E, 0x52,
    0x8B, 0x66, 0xEE, 0xEE, 0x88, 0x68, 0xB6, 0x0E, 0x88, 0x68, 0xB6, 0x0E, 0xB8, 0x88, 0x66, 0x0E,
    0xE0, 0x88, 0xB8, 0x88, 0x00, 0x8E, 0xB8, 0x88, 0x00, 0xE0, 0x88, 0xE8, 0x00, 0x00, 0xEE, 0x0E,
    0x00, 0x00, 0x00, 0x00, 0x00, 0x00, 0x00, 0x00, 0x00, 0x00, 0x00, 0x00, 0x00, 0x00, 0x00, 0x00,
    0xBB, 0x0E, 0x8E, 0x8B, 0xEE, 0x00, 0x8E, 0x8B, 0x00, 0x00, 0x8E, 0x8B, 0x00, 0x00, 0xE0, 0x88,
    0x00, 0x00, 0xE0, 0x88, 0x00, 0x00, 0xE0, 0x88, 0x00, 0x00, 0xBE, 0x68, 0x00, 0x00, 0x8E, 0x6B,
    0xB6, 0x6B, 0xB8, 0x8B, 0x86, 0x68, 0xB8, 0x8B, 0x36, 0x63, 0x88, 0x8B, 0x86, 0x68, 0x86, 0x8B,
    0x86, 0x68, 0x86, 0x8B, 0x86, 0x68, 0x86, 0x8B, 0x36, 0x63, 0x86, 0xBB, 0x86, 0x68, 0x86, 0xBB,
    0xB8, 0x68, 0x66, 0xEB, 0xE8, 0x8B, 0x86, 0xEB, 0xB8, 0xBE, 0x88, 0xE8, 0x88, 0xBE, 0x68, 0xE8,
    0x88, 0xEB, 0x66, 0xB6, 0x88, 0xEB, 0x8B, 0x88, 0x88, 0xEB, 0x6E, 0x66, 0x88, 0xEB, 0x8E, 0x66,
    0x00, 0x00, 0x00, 0x00, 0x00, 0x00, 0x00, 0x00, 0x00, 0x00, 0x00, 0x00, 0x00, 0x00, 0x00, 0x00,
    0x55, 0x55, 0x55, 0x55, 0x21, 0x22, 0x22, 0x22, 0x22, 0x22, 0x22, 0x32, 0x88, 0x88, 0x88, 0x88,
    0x00, 0xE0, 0x88, 0x6B, 0x00, 0xE0, 0xB6, 0x66, 0x00, 0x6E, 0x6B, 0x66, 0x00, 0x6E, 0x6B, 0x66,
    0x55, 0x55, 0x55, 0x55, 0x22, 0x22, 0x22, 0x22, 0x33, 0x33, 0x33, 0x33, 0x88, 0x88, 0x88, 0x88,
    0x86, 0x68, 0x86, 0xBB, 0x86, 0x68, 0x66, 0xB8, 0x36, 0x63, 0x66, 0xB8, 0x86, 0x68, 0x66, 0xB8,
    0x55, 0x55, 0x55, 0x55, 0x22, 0x22, 0x22, 0x22, 0x33, 0x33, 0x33, 0x53, 0x88, 0x88, 0x88, 0x88,
    0x88, 0xE8, 0x8E, 0x68, 0xAB, 0xE8, 0x99, 0x68, 0x7A, 0xEA, 0x59, 0x99, 0x1A, 0xBA, 0x99, 0x13,
    0x1A, 0x8A, 0x6E, 0x99, 0x1A, 0xEA, 0x58, 0x86, 0x7A, 0xEA, 0x56, 0x56, 0x7A, 0xFA, 0x8E, 0x58,
    0x00, 0x00, 0x00, 0x00, 0x00, 0x00, 0x00, 0xE0, 0x00, 0x00, 0x00, 0xE0, 0x00, 0x00, 0x00, 0xBE,
    0x00, 0x00, 0x00, 0xBE, 0x00, 0x00, 0x00, 0xBE, 0x00, 0x00, 0x00, 0x8E, 0x00, 0x00, 0x00, 0x8E,
    0x8E, 0x8B, 0x66, 0xB6, 0xB8, 0x66, 0x66, 0xB6, 0x6B, 0x66, 0x66, 0xB6, 0x68, 0x66, 0x66, 0xB8,
    0x68, 0x66, 0x66, 0xB8, 0x68, 0x66, 0x66, 0x8B, 0x66, 0x66, 0x66, 0x8B, 0x66, 0x66, 0x66, 0x8B,
    0xE8, 0x8E, 0x6B, 0x86, 0xE8, 0x8E, 0x8B, 0x66, 0xE8, 0x3E, 0x8B, 0x66, 0xE3, 0x8E, 0x8B, 0x66,
    0xE8, 0xEB, 0xB8, 0x66, 0xEE, 0xEB, 0xB8, 0x66, 0xBE, 0xEB, 0xB8, 0x66, 0xBE, 0xEB, 0xB3, 0x68,
    0x7A, 0x8A, 0xEB, 0x66, 0x7A, 0xBA, 0xBB, 0xEE, 0xA8, 0xBB, 0xBB, 0xEB, 0xB8, 0xBB, 0xBB, 0xEB,
    0xB8, 0xBB, 0xBB, 0xEB, 0x86, 0xBB, 0xBB, 0xE8, 0x86, 0xBB, 0xBB, 0xB8, 0x86, 0xBB, 0xBB, 0x88,
    0x00, 0x00, 0x00, 0x8E, 0x00, 0x00, 0xE0, 0x8B, 0x00, 0x00, 0xE0, 0x8B, 0x00, 0x00, 0xE0, 0x8B,
    0x00, 0x00, 0xE0, 0x8B, 0x00, 0x00, 0xE0, 0x88, 0x00, 0x00, 0xE0, 0x88, 0x00, 0x00, 0xE0, 0x88,
    0x66, 0x66, 0x66, 0x3B, 0x66, 0x66, 0x66, 0x8B, 0x66, 0x66, 0x86, 0x8B, 0x66, 0x66, 0x86, 0x8B,
    0x66, 0x66, 0x86, 0x8B, 0x66, 0x66, 0xB6, 0xE3, 0x66, 0x66, 0xB6, 0xE8, 0x66, 0x66, 0xB6, 0xE8,
    0xBE, 0xEB, 0xB8, 0x68, 0xBE, 0xEB, 0xB8, 0x68, 0xBE, 0xEB, 0xB8, 0x68, 0xBE, 0xEB, 0xB8, 0x68,
    0xBE, 0xBB, 0x3E, 0x6B, 0xBE, 0xBB, 0x8E, 0x6B, 0xBE, 0xBB, 0x8E, 0x6B, 0xBE, 0xBB, 0x8E, 0x6B,
    0x86, 0xBB, 0x8B, 0x8B, 0x66, 0xB8, 0x88, 0x8B, 0x66, 0xB8, 0x68, 0x8B, 0x66, 0xB8, 0x68, 0x8B,
    0x66, 0xB8, 0x6B, 0xB8, 0x66, 0xB8, 0x6B, 0xB8, 0x66, 0x86, 0x8B, 0xB8, 0x66, 0x86, 0x8B, 0xB6,
    0x00, 0x00, 0xE0, 0x68, 0x00, 0x00, 0xE0, 0x68, 0x00, 0x00, 0xBE, 0x68, 0x00, 0x00, 0xBE, 0x68,
    0x00, 0x00, 0xBE, 0x68, 0x00, 0x00, 0xBE, 0x68, 0x00, 0x00, 0x8E, 0x68, 0x00, 0x00, 0x8E, 0x68,
    0x66, 0x66, 0xB6, 0xE8, 0x66, 0x66, 0xB6, 0xE8, 0x66, 0x66, 0xB8, 0xE3, 0x66, 0x66, 0xB8, 0xE8,
    0x66, 0x66, 0xB8, 0xE8, 0x66, 0x66, 0xB8, 0xE8, 0x66, 0x66, 0x8B, 0xBE, 0x66, 0x86, 0x3B, 0xBE,
    0xBB, 0xBB, 0x8E, 0x6B, 0xBB, 0xBB, 0x3E, 0x8B, 0xBB, 0xBB, 0x8E, 0x8B, 0xBB, 0xBB, 0x8E, 0x8B,
    0xBB, 0xBB, 0x8E, 0x8B, 0xBB, 0xBB, 0xEB, 0xB8, 0xBB, 0xBB, 0xEB, 0xB3, 0xBB, 0xBB, 0xEB, 0xB8,
    0x66, 0x86, 0x8B, 0xB6, 0x66, 0x86, 0xBB, 0x86, 0x66, 0x86, 0xBB, 0x86, 0x66, 0x66, 0xB8, 0x68,
    0x66, 0x66, 0xB8, 0x68, 0x66, 0x66, 0xB8, 0x68, 0x66, 0x66, 0xB8, 0x68, 0x68, 0x66, 0x86, 0x8B,
    0x00, 0x00, 0x8E, 0x68, 0x00, 0x00, 0xE0, 0x68, 0x00, 0x00, 0xE0, 0x6B, 0x00, 0x00, 0x00, 0xEE,
    0x00, 0x00, 0x00, 0x00, 0x00, 0x00, 0xF0, 0xFF, 0x00, 0xF0, 0xBF, 0x8B, 0xF0, 0x8F, 0x55, 0x88,
    0x66, 0x86, 0x8B, 0xBE, 0x66, 0x86, 0x8B, 0xEE, 0x66, 0xB8, 0xE8, 0x0E, 0xEE, 0xEE, 0x0E, 0x00,
    0xBF, 0xFB, 0x00, 0x00, 0x88, 0xFB, 0x00, 0x00, 0xB8, 0xBB, 0x0F, 0x00, 0xBB, 0xBB, 0x0F, 0x00,
    0xBB, 0xBB, 0xEE, 0xB8, 0xEE, 0xEE, 0x00, 0x8E, 0x00, 0x00, 0x00, 0x8E, 0x00, 0x00, 0x00, 0xE0,
    0x00, 0x00, 0x00, 0x00, 0x00, 0x00, 0x00, 0x00, 0x00, 0x00, 0x00, 0x00, 0x00, 0x00, 0x00, 0x00,
    0x68, 0x66, 0x86, 0x8B, 0x6B, 0x66, 0x86, 0x8B, 0x6B, 0x66, 0x86, 0x8B, 0xEE, 0xEE, 0xEE, 0xEE,
    0x00, 0x00, 0x00, 0xF0, 0x00, 0x00, 0x00, 0xF0, 0x00, 0x00, 0xF0, 0xFF, 0x00, 0xFF, 0xBF, 0x88,
    0x00, 0x00, 0x00, 0x00, 0x58, 0x55, 0x05, 0x00, 0x58, 0x23, 0x52, 0x55, 0x80, 0x58, 0x33, 0x23,
    0x00, 0x80, 0x58, 0x35, 0x00, 0x00, 0x80, 0x88, 0x00, 0x00, 0x00, 0x00, 0x00, 0x00, 0x00, 0x00,
    0x00, 0x00, 0x00, 0x00, 0x00, 0x00, 0x00, 0x00, 0x05, 0x00, 0x00, 0x00, 0x52, 0x55, 0x55, 0x55,
    0x33, 0x33, 0x22, 0x22, 0x58, 0x35, 0x33, 0x33, 0x80, 0x88, 0x88, 0x88, 0x00, 0x00, 0x00, 0x00,
    0x00, 0x00, 0x00, 0x00, 0x00, 0x00, 0x00, 0x00, 0x00, 0x00, 0x00, 0x00, 0x55, 0x55, 0x55, 0x55,
    0x12, 0x11, 0x11, 0x22, 0x22, 0x22, 0x22, 0x32, 0x88, 0x88, 0x88, 0x88, 0x00, 0x00, 0x00, 0x00,
    0x00, 0x00, 0x00, 0x00, 0x00, 0x00, 0x00, 0x00, 0x00, 0x00, 0x00, 0x00, 0x55, 0x05, 0x00, 0x00,
    0x22, 0x52, 0x55, 0x55, 0x33, 0x33, 0x33, 0x23, 0x88, 0x58, 0x55, 0x55, 0x00, 0x80, 0x88, 0x88,
    0x00, 0x00, 0x00, 0x00, 0x00, 0x00, 0x00, 0x00, 0x0E, 0x00, 0x00, 0x00, 0x0E, 0x00, 0x00, 0x00,
    0x00, 0x00, 0x00, 0x00, 0x00, 0x00, 0x00, 0x00, 0x00, 0x00, 0x00, 0x00, 0x00, 0x00, 0x00, 0x00,
    0x00, 0x00, 0x00, 0x00, 0x00, 0x00, 0x00, 0x00, 0x00, 0x00, 0x00, 0x00, 0x00, 0x00, 0x00, 0x00,
    0x0E, 0x00, 0x00, 0x00, 0x0E, 0x00, 0x00, 0x00, 0xEB, 0x00, 0x00, 0x00, 0xEB, 0x00, 0x00, 0x00,
    0xE8, 0x00, 0x00, 0x00, 0xE6, 0x00, 0x00, 0x00, 0xE6, 0x00, 0x00, 0x00, 0x99, 0x00, 0xF0, 0xFF,
    0x95, 0xFF, 0x2F, 0xDD, 0x99, 0x2D, 0xDD, 0xFF, 0xE8, 0xFF, 0xFF, 0x00, 0xE8, 0x00, 0x00, 0x00,
    0xE8, 0x00, 0x00, 0x00, 0x0E, 0x00, 0x00, 0x00, 0x00, 0x00, 0x00, 0x00, 0x00, 0x00, 0x00, 0x00,
    0x00, 0x00, 0x00, 0x00, 0x00, 0x00, 0x00, 0x00, 0x0E, 0x00, 0x00, 0x00, 0x0E, 0x00, 0x00, 0x00,
    0x0E, 0x00, 0x00, 0x00, 0xEB, 0x00, 0x00, 0x00, 0xE8, 0x00, 0x00, 0x00, 0xE8, 0x00, 0x00, 0x00,
    0xB8, 0x0E, 0x00, 0x00, 0x88, 0x0E, 0x00, 0x00, 0x88, 0x0E, 0x00, 0x00, 0x88, 0xEB, 0x00, 0x00,
    0x88, 0xEB, 0x00, 0x00, 0x8B, 0xE8, 0x00, 0x00, 0x8B, 0xE8, 0x00, 0x00, 0x8B, 0xB8, 0x0E, 0x00,
    0x8B, 0xB8, 0x0E, 0x00, 0xB8, 0x88, 0x0E, 0x00, 0xB8, 0x88, 0xEB, 0x00, 0xB8, 0x88, 0xEB, 0x00,
    0xB6, 0x88, 0xEB, 0x00, 0x86, 0x8B, 0xEB, 0x00, 0x86, 0xEB, 0x0E, 0x00, 0xEE, 0x0E, 0x00, 0x00,
    0xB8, 0x0F, 0x00, 0x00, 0xB8, 0x0F, 0x00, 0x00, 0xB8, 0xFB, 0x00, 0x00, 0xB8, 0xFB, 0x00, 0x00,
    0xBB, 0xFB, 0x00, 0x00, 0xFB, 0x0F, 0x00, 0x00, 0x0F, 0x00, 0x00, 0x00, 0x00, 0x00, 0x00, 0x00,
    0x00, 0x00, 0x00, 0x00, 0x00, 0x00, 0x00, 0x00, 0x00, 0x00, 0x00, 0x00, 0x00, 0x00, 0x00, 0x00,
    0x00, 0x00, 0x00, 0x90, 0x00, 0x00, 0x00, 0x39, 0x00, 0x00, 0x90, 0x32, 0x00, 0x00, 0x29, 0x12,
    0x00, 0x00, 0x13, 0x91, 0x00, 0x90, 0x91, 0x99, 0x00, 0x90, 0x71, 0x91, 0x00, 0x90, 0x72, 0x12,
    0x99, 0x99, 0x00, 0x00, 0x33, 0x13, 0x92, 0x00, 0x11, 0x92, 0x11, 0x09, 0x19, 0x22, 0x19, 0x09,
    0x92, 0x21, 0x29, 0x92, 0x22, 0x99, 0x99, 0x92, 0x33, 0x33, 0x93, 0x92, 0x11, 0x99, 0x31, 0x23,
    0x00, 0x00, 0x00, 0x00, 0x00, 0x00, 0x00, 0x00, 0x00, 0x00, 0x00, 0x00, 0x00, 0x00, 0x00, 0x00,
    0x55, 0x55, 0x55, 0x55, 0x22, 0x22, 0x22, 0x22, 0x33, 0x33, 0x33, 0x33, 0x88, 0x88, 0x88, 0x88,
    0x00, 0x00, 0x00, 0x00, 0x00, 0x00, 0x00, 0x00, 0x00, 0x00, 0x00, 0x00, 0x00, 0x00, 0x00, 0x00,
    0x55, 0x55, 0x55, 0x55, 0x22, 0x22, 0x22, 0x12, 0x23, 0x22, 0x22, 0x22, 0x88, 0x88, 0x88, 0x88,
    0xF0, 0xBB, 0x88, 0xBB, 0x00, 0xFF, 0xFF, 0xFF, 0x00, 0x00, 0x00, 0x00, 0x00, 0x00, 0x00, 0x00,
    0x00, 0x00, 0x00, 0x00, 0x00, 0x00, 0x00, 0x00, 0x00, 0x00, 0x00, 0x00, 0x00, 0x00, 0x00, 0x00,
    0xFB, 0xFF, 0x00, 0x00, 0x0F, 0x00, 0x00, 0x00, 0x00, 0x00, 0x00, 0x00, 0x00, 0x00, 0x00, 0x00,
    0x00, 0x00, 0x00, 0x00, 0x00, 0x00, 0x00, 0x00, 0x00, 0x00, 0x00, 0x00, 0x00, 0x00, 0x00, 0x00,
    0x00, 0x00, 0x00, 0x00, 0x00, 0x00, 0x00, 0xE0, 0x00, 0x00, 0x00, 0x8E, 0x00, 0x00, 0xEE, 0xE8,
    0x00, 0xE0, 0x6E, 0xBE, 0x00, 0xE0, 0x8B, 0xEE, 0x00, 0xE0, 0xE8, 0x8E, 0x00, 0xE0, 0x8B, 0x68,
    0x00, 0xE0, 0x8B, 0x86, 0x00, 0x00, 0x99, 0x99, 0x00, 0x00, 0x90, 0x13, 0x00, 0x00, 0x90, 0x99,
    0x00, 0x00, 0xE0, 0x88, 0x00, 0x00, 0x00, 0x8E, 0x00, 0x00, 0x00, 0xE0, 0x00, 0x00, 0x00, 0x00,
    0x00, 0x00, 0x00, 0x00, 0x00, 0x00, 0x00, 0x00, 0x00, 0x00, 0x00, 0x00, 0x00, 0x00, 0x00, 0x00,
    0x00, 0x00, 0x00, 0x00, 0x00, 0x00, 0x00, 0x00, 0x00, 0x00, 0x00, 0x00, 0x09, 0x00, 0x00, 0x00,
    0x00, 0x00, 0x00, 0x00, 0x00, 0x00, 0x00, 0x00, 0x00, 0x00, 0x00, 0x00, 0x00, 0x00, 0x00, 0x00,
    0x55, 0x55, 0x55, 0x55, 0x11, 0x11, 0x11, 0x11, 0x22, 0x22, 0x22, 0x22, 0x88, 0x88, 0x88, 0x88,
    0x00, 0x00, 0x00, 0x00, 0x00, 0x00, 0x00, 0x00, 0x00, 0x00, 0x00, 0x00, 0xFF, 0xFF, 0x00, 0x00,
    0xD2, 0xFF, 0x00, 0x00, 0xFF, 0x00, 0x00, 0x00, 0x00, 0x00, 0x00, 0x00, 0x00, 0x00, 0x00, 0x00,
    0xF0, 0xBB, 0x55, 0x88, 0xF0, 0x8B, 0x88, 0xBB, 0xF0, 0xFF, 0xFF, 0xFF, 0x00, 0x00, 0x00, 0x00,
    0x00, 0x00, 0x00, 0x00, 0x00, 0x00, 0x00, 0x00, 0x00, 0x00, 0x00, 0x00, 0x00, 0x00, 0x00, 0x00,
};
static const u16 sFrame50[] = {
    0x000C, 0x80BD, 0xC1EB, 0x0000, 0x40D5, 0x41B3, 0x0020, 0x80C5, 0x400B, 0x0024, 0x80E5, 0x400B,
    0x0028, 0x40B5, 0x01F3, 0x002C, 0x40D5, 0x01D3, 0x002E, 0x40FD, 0x01EB, 0x0030, 0x80BD, 0x01E3,
    0x0032, 0x00B5, 0x0003, 0x0034, 0x00D5, 0x01E3, 0x0035, 0x00D5, 0x0013, 0x0036, 0x00FD, 0x0003,
    0x0037, 0x0000,
};
static const void* const sFrames50[] = { sFrame50 };
static const u8 sTiles51[1920] __attribute__((aligned(4))) = {
    0xEE, 0x1E, 0x53, 0xAE, 0x12, 0x53, 0xE3, 0x75, 0x23, 0xE5, 0xBE, 0x7B, 0xEE, 0xBE, 0xBE, 0xEB,
    0x66, 0xEB, 0xBB, 0xEB, 0x88, 0xE8, 0xBB, 0xBB, 0xBB, 0xEB, 0xBB, 0xBB, 0xEE, 0xEE, 0xB8, 0xEB,
    0x28, 0x21, 0xEA, 0xE1, 0x81, 0x81, 0xE7, 0xE2, 0x12, 0x28, 0xE7, 0x32, 0x8A, 0xA1, 0xBE, 0xEE,
    0x8A, 0x71, 0xBE, 0xBB, 0x2E, 0xEA, 0xBB, 0xBB, 0x7E, 0xEA, 0xBB, 0xBB, 0xEE, 0xBE, 0xBE, 0x88,
    0x11, 0x52, 0x22, 0xE3, 0x23, 0x22, 0x32, 0xE5, 0x3E, 0x33, 0xEE, 0x0E, 0xE5, 0xEE, 0x11, 0x53,
    0x8B, 0x35, 0x22, 0x32, 0x8B, 0x58, 0x3E, 0x52, 0x8B, 0x66, 0xEE, 0xEE, 0x88, 0x68, 0x66, 0xE8,
    0x00, 0x00, 0x00, 0x00, 0x00, 0x00, 0x00, 0x00, 0x00, 0x00, 0x00, 0x00, 0x00, 0x00, 0x00, 0x00,
    0x0E, 0x00, 0x00, 0x00, 0x0E, 0x00, 0x00, 0x00, 0x00, 0x00, 0x00, 0x00, 0x00, 0x00, 0x00, 0x00,
    0x00, 0xE0, 0xB8, 0x8B, 0x00, 0xE0, 0x88, 0x8B, 0x00, 0x00, 0x8E, 0x8B, 0x00, 0x00, 0x8E, 0x8B,
    0x00, 0x00, 0x8E, 0x8B, 0x00, 0x00, 0xE0, 0x88, 0x00, 0x00, 0xE0, 0x88, 0x00, 0x00, 0xE0, 0x88,
    0xBE, 0xEB, 0xB8, 0x88, 0xE6, 0x6E, 0xB8, 0x88, 0xB6, 0x6B, 0xB8, 0x8B, 0x86, 0x68, 0xB8, 0x8B,
    0x36, 0x63, 0x88, 0x8B, 0x86, 0x68, 0x86, 0x8B, 0x86, 0x68, 0x86, 0x8B, 0x86, 0x68, 0x86, 0x8B,
    0x88, 0x88, 0x66, 0xE6, 0xB8, 0x88, 0x68, 0xE6, 0xB8, 0x8E, 0x68, 0x86, 0xB8, 0xEE, 0x68, 0x88,
    0xB8, 0xEE, 0x8B, 0x88, 0x88, 0xEE, 0xBB, 0x88, 0x88, 0xEB, 0xBE, 0x8B, 0x88, 0xEB, 0xBE, 0x88,
    0x00, 0x00, 0x00, 0x00, 0x00, 0x00, 0x00, 0x00, 0x0E, 0x00, 0x00, 0x00, 0x0E, 0x00, 0x00, 0x00,
    0x0E, 0x00, 0x00, 0x00, 0x0E, 0x00, 0x00, 0x00, 0x0E, 0x00, 0x00, 0x00, 0x0E, 0x00, 0x00, 0x00,
    0x00, 0x00, 0xBE, 0x68, 0x00, 0x00, 0x8E, 0x6B, 0x00, 0x00, 0x6E, 0x6B, 0x00, 0xE0, 0xB6, 0x66,
    0x00, 0xE0, 0xB8, 0x66, 0x00, 0x6E, 0x6B, 0x66, 0x00, 0x6E, 0x6B, 0x66, 0x00, 0x6E, 0x6B, 0x66,
    0x36, 0x63, 0x86, 0xBB, 0x86, 0x68, 0x86, 0xBB, 0x86, 0x68, 0x86, 0xBB, 0x86, 0x68, 0x86, 0xBB,
    0x36, 0x63, 0x66, 0xB8, 0x86, 0x68, 0x66, 0xB8, 0x86, 0x68, 0x66, 0xB8, 0x86, 0x68, 0x66, 0x86,
    0x88, 0xEB, 0x6E, 0x66, 0x88, 0xEB, 0x8E, 0x66, 0x88, 0xE8, 0x8E, 0x66, 0x8B, 0xE8, 0x8E, 0x66,
    0x8B, 0xE8, 0x8E, 0x68, 0xAB, 0xE8, 0x99, 0x99, 0x7A, 0xBA, 0x59, 0x13, 0x1A, 0xBA, 0x99, 0x99,
    0xEB, 0x00, 0x00, 0x00, 0xE8, 0x00, 0x00, 0x00, 0xE8, 0x00, 0x00, 0x00, 0xE8, 0x00, 0x00, 0x00,
    0xE8, 0x00, 0x00, 0x00, 0xE9, 0x00, 0x00, 0x00, 0x95, 0x00, 0x00, 0x00, 0x99, 0x00, 0xF0, 0xFF,
    0x55, 0x55, 0x55, 0x55, 0x22, 0x22, 0x22, 0x22, 0x33, 0x33, 0x33, 0x33, 0x88, 0x88, 0x88, 0x88,
    0xE0, 0x68, 0x66, 0x66, 0xE0, 0x68, 0x66, 0x66, 0xE0, 0x68, 0x66, 0x66, 0xBE, 0x66, 0x66, 0x66,
    0x55, 0x55, 0x55, 0x55, 0x22, 0x22, 0x22, 0x22, 0x33, 0x33, 0x33, 0x53, 0x88, 0x88, 0x88, 0x88,
    0x8B, 0x8E, 0x8B, 0x66, 0x8B, 0x8E, 0x8B, 0x66, 0x3B, 0x3E, 0x8B, 0x66, 0x8B, 0xEE, 0xB8, 0x66,
    0x1A, 0xBA, 0x5E, 0x66, 0x1A, 0xEA, 0x68, 0x56, 0x7A, 0xEA, 0x86, 0x58, 0x7A, 0xEA, 0x88, 0x66,
    0x7A, 0xBA, 0x6E, 0x86, 0x7A, 0xBA, 0xEB, 0xEE, 0xA8, 0xBB, 0x8B, 0x0E, 0xB8, 0xBB, 0x8B, 0x0E,
    0xE8, 0xFF, 0x2F, 0xDD, 0xE6, 0x2D, 0xDD, 0xFF, 0xE6, 0xFF, 0xFF, 0x00, 0xE8, 0x00, 0x00, 0x00,
    0x0E, 0x00, 0x00, 0x00, 0x00, 0x00, 0x00, 0x00, 0x00, 0x00, 0x00, 0x00, 0x00, 0x00, 0x00, 0x00,
    0x00, 0x00, 0x00, 0x00, 0x00, 0x00, 0x00, 0x00, 0x00, 0x00, 0x00, 0x00, 0x00, 0x00, 0x00, 0xE0,
    0x00, 0x00, 0x00, 0xBE, 0x00, 0x00, 0x00, 0x8E, 0x00, 0x00, 0x00, 0x8E, 0x00, 0x00, 0x00, 0xE0,
    0x00, 0xEE, 0x0E, 0x00, 0xE0, 0x88, 0x0E, 0x00, 0x8E, 0xEB, 0x00, 0x00, 0x8E, 0xE8, 0x00, 0x00,
    0xBE, 0x8B, 0x0E, 0x00, 0xBE, 0xBE, 0xE8, 0x00, 0x66, 0xEE, 0xEB, 0x00, 0x8B, 0x86, 0xEE, 0x00,
    0x00, 0x00, 0x00, 0x00, 0x00, 0x00, 0x00, 0x00, 0x00, 0x00, 0x00, 0x90, 0x00, 0x00, 0x00, 0x39,
    0x00, 0x00, 0x90, 0x32, 0x00, 0x00, 0x29, 0x12, 0x00, 0x00, 0x13, 0x91, 0x00, 0x90, 0x91, 0x99,
    0x00, 0x00, 0x00, 0x00, 0x00, 0x00, 0x00, 0x00, 0x99, 0x99, 0x00, 0x00, 0x33, 0x13, 0x92, 0x00,
    0x11, 0x92, 0x11, 0x09, 0x19, 0x22, 0x19, 0x09, 0x92, 0x21, 0x29, 0x92, 0x22, 0x99, 0x99, 0x92,
    0x00, 0x00, 0x00, 0x90, 0x00, 0x00, 0x00, 0x90, 0x00, 0x00, 0x00, 0x90, 0x00, 0x00, 0x00, 0xE0,
    0x00, 0x00, 0x00, 0xE0, 0x00, 0x00, 0x00, 0xE0, 0x00, 0x00, 0x00, 0xE0, 0x00, 0x00, 0x00, 0xE0,
    0x99, 0xBB, 0x0E, 0x00, 0x13, 0x99, 0x00, 0x00, 0x99, 0x95, 0x00, 0x00, 0x68, 0x99, 0x00, 0x00,
    0x68, 0xB6, 0x0E, 0x00, 0x68, 0xB6, 0x0E, 0x00, 0x88, 0x86, 0x0E, 0x00, 0x88, 0x86, 0x0E, 0x00,
    0x00, 0x90, 0x71, 0x91, 0x00, 0x90, 0x72, 0x12, 0x00, 0x90, 0xA2, 0x12, 0x00, 0x00, 0xA9, 0x21,
    0x00, 0x00, 0xA9, 0x11, 0x50, 0xEE, 0xAE, 0x12, 0xE0, 0x33, 0xE5, 0x2A, 0x25, 0x21, 0xE3, 0x7E,
    0x33, 0x33, 0x93, 0x92, 0x11, 0x99, 0x31, 0x23, 0xEE, 0x92, 0x32, 0x21, 0x16, 0x22, 0x37, 0x22,
    0x11, 0x21, 0x9A, 0x23, 0x11, 0x72, 0x9A, 0x33, 0x21, 0xA2, 0x99, 0x53, 0xA7, 0x7A, 0x5A, 0x3E,
    0x00, 0x00, 0x00, 0x00, 0x00, 0x00, 0x00, 0x00, 0x00, 0x00, 0x00, 0x00, 0x00, 0x00, 0x00, 0x00,
    0x00, 0x00, 0x00, 0x00, 0x58, 0x55, 0x05, 0x00, 0x58, 0x23, 0x52, 0x55, 0x80, 0x58, 0x33, 0x23,
    0x00, 0x00, 0x00, 0x00, 0x00, 0x00, 0x00, 0x00, 0x00, 0x00, 0x00, 0x00, 0x00, 0x00, 0x00, 0x00,
    0x00, 0x00, 0x00, 0x00, 0x00, 0x00, 0x00, 0x00, 0x05, 0x00, 0x00, 0x00, 0x52, 0x55, 0x55, 0x55,
    0x00, 0x00, 0x00, 0x00, 0x00, 0x00, 0x00, 0x00, 0x00, 0x00, 0x00, 0x00, 0x00, 0x00, 0x00, 0x00,
    0x00, 0x00, 0x00, 0x00, 0x00, 0x00, 0x00, 0x00, 0x00, 0x00, 0x00, 0x00, 0x55, 0x55, 0x55, 0x55,
    0x00, 0x00, 0x00, 0x00, 0x00, 0x00, 0x00, 0x00, 0x00, 0x00, 0x00, 0x00, 0x00, 0x00, 0x00, 0x00,
    0x00, 0x00, 0x00, 0x00, 0x00, 0x00, 0x00, 0x00, 0x00, 0x00, 0x00, 0x00, 0x55, 0x05, 0x00, 0x00,
    0x00, 0x80, 0x58, 0x35, 0x00, 0x00, 0x80, 0x88, 0x00, 0x00, 0x00, 0x00, 0x00, 0x00, 0x00, 0x00,
    0x00, 0x00, 0x00, 0x00, 0x00, 0x00, 0x00, 0x00, 0x00, 0x00, 0x00, 0x00, 0x00, 0x00, 0x00, 0x00,
    0x33, 0x33, 0x22, 0x22, 0x58, 0x35, 0x33, 0x33, 0x80, 0x88, 0x88, 0x88, 0x00, 0x00, 0x00, 0x00,
    0x00, 0x00, 0x00, 0x00, 0x00, 0x00, 0x00, 0x00, 0x00, 0x00, 0x00, 0x00, 0x00, 0x00, 0x00, 0x00,
    0x12, 0x11, 0x11, 0x22, 0x22, 0x22, 0x22, 0x32, 0x88, 0x88, 0x88, 0x88, 0x00, 0x00, 0x00, 0x00,
    0x00, 0x00, 0x00, 0x00, 0x00, 0x00, 0x00, 0x00, 0x00, 0x00, 0x00, 0x00, 0x00, 0x00, 0x00, 0x00,
    0x22, 0x52, 0x55, 0x55, 0x33, 0x33, 0x33, 0x23, 0x88, 0x58, 0x55, 0x55, 0x00, 0x80, 0x88, 0x88,
    0x00, 0x00, 0x00, 0x00, 0x00, 0x00, 0x00, 0x00, 0x00, 0x00, 0x00, 0x00, 0x00, 0x00, 0x00, 0x00,
    0x00, 0x00, 0x00, 0x00, 0x00, 0x00, 0x00, 0x00, 0x00, 0x00, 0x00, 0x00, 0x00, 0x00, 0x00, 0xE0,
    0x00, 0x00, 0x00, 0xE0, 0x00, 0x00, 0x00, 0xE0, 0x00, 0x00, 0x00, 0xE0, 0x00, 0x00, 0x00, 0xE0,
    0x8E, 0x66, 0x66, 0x66, 0x8E, 0x66, 0x66, 0x86, 0x8E, 0x66, 0x66, 0x86, 0x8B, 0x66, 0x66, 0x86,
    0x6B, 0x66, 0x66, 0x86, 0x6B, 0x66, 0x66, 0x86, 0x68, 0x66, 0x66, 0x86, 0x68, 0x66, 0x66, 0xB6,
    0x8B, 0xEE, 0xB8, 0x66, 0x8B, 0xEE, 0xB8, 0x66, 0x8B, 0xEE, 0xB8, 0x68, 0x3B, 0xEE, 0xB3, 0x68,
    0x8B, 0xEE, 0xB8, 0x68, 0x8B, 0xBE, 0x8E, 0x6B, 0x8B, 0xBE, 0x8E, 0x6B, 0xE8, 0xBB, 0x8E, 0x6B,
    0xB8, 0xBB, 0x8B, 0xEB, 0xB8, 0x8B, 0xB8, 0xE8, 0xB8, 0x8B, 0xB8, 0xE8, 0xB8, 0x8B, 0xB6, 0xB8,
    0x86, 0x8B, 0xB6, 0x88, 0x86, 0x8B, 0xB6, 0x88, 0x86, 0x8B, 0xB6, 0x88, 0x86, 0x8B, 0xB6, 0x88,
    0x00, 0x00, 0x00, 0xE0, 0x00, 0x00, 0x00, 0xE0, 0x00, 0x00, 0x00, 0xBE, 0x00, 0x00, 0x00, 0xBE,
    0x00, 0x00, 0x00, 0x8E, 0x00, 0x00, 0x00, 0x8E, 0x00, 0x00, 0x00, 0x8E, 0x00, 0x00, 0xE0, 0x8B,
    0x68, 0x66, 0x66, 0xB6, 0x68, 0x66, 0x66, 0xB6, 0x66, 0x66, 0x66, 0xB6, 0x66, 0x66, 0x66, 0xB6,
    0x66, 0x66, 0x66, 0xB6, 0x66, 0x66, 0x66, 0xB6, 0x66, 0x66, 0x66, 0xB6, 0x66, 0x66, 0x66, 0xB6,
    0xE3, 0xBB, 0x3E, 0x6B, 0xE8, 0xBB, 0x8E, 0x8B, 0xE8, 0xBB, 0x8E, 0x8B, 0xE8, 0xBB, 0x8E, 0x8B,
    0xE8, 0xBB, 0x8E, 0x8B, 0xE3, 0xBB, 0x3E, 0x8B, 0xE8, 0xBB, 0x8E, 0x8B, 0xE8, 0xBB, 0xEB, 0xB8,
    0x66, 0xB8, 0x88, 0x8B, 0x66, 0xB8, 0x68, 0x8B, 0x66, 0xB8, 0x68, 0x8B, 0x66, 0xB8, 0x68, 0xB8,
    0x66, 0x86, 0x6B, 0xB8, 0x66, 0x86, 0x8B, 0xB8, 0x66, 0x86, 0x8B, 0xB6, 0x66, 0x86, 0x8B, 0x86,
    0x00, 0x00, 0xE0, 0x8B, 0x00, 0x00, 0xE0, 0x88, 0x00, 0x00, 0xE0, 0x88, 0x00, 0x00, 0xE0, 0x88,
    0x00, 0x00, 0xE0, 0x8B, 0x00, 0x00, 0x00, 0xBE, 0x00, 0x00, 0x00, 0xE0, 0x00, 0x00, 0x00, 0x00,
    0x66, 0x66, 0x66, 0xB8, 0x66, 0x66, 0x66, 0xB8, 0x66, 0x66, 0x66, 0xB8, 0x66, 0x66, 0x66, 0xB8,
    0x66, 0x66, 0x66, 0xB8, 0x66, 0x66, 0x66, 0xE8, 0xEE, 0xEE, 0xEE, 0x0E, 0xBF, 0xFB, 0x00, 0x00,
    0x00, 0x00, 0xF0, 0xFF, 0x00, 0xF0, 0xBF, 0x8B, 0xF0, 0x8F, 0x55, 0x88, 0xF0, 0xBB, 0x88, 0xBB,
    0x00, 0xFF, 0xFF, 0xFF, 0x00, 0x00, 0x00, 0x00, 0x00, 0x00, 0x00, 0x00, 0x00, 0x00, 0x00, 0x00,
    0x88, 0xFB, 0x00, 0x00, 0xB8, 0xBB, 0x0F, 0x00, 0xBB, 0xBB, 0x0F, 0x00, 0xFB, 0xFF, 0x00, 0x00,
    0x0F, 0x00, 0x00, 0x00, 0x00, 0x00, 0x00, 0x00, 0x00, 0x00, 0x00, 0x00, 0x00, 0x00, 0x00, 0x00,
    0x66, 0x86, 0x8B, 0x86, 0x68, 0x86, 0xBB, 0x86, 0x68, 0x66, 0xB8, 0x68, 0x68, 0x66, 0xB8, 0x68,
    0x68, 0x66, 0xB8, 0x68, 0x6B, 0x66, 0xB8, 0x68, 0xEE, 0xEE, 0xEE, 0xEE, 0x00, 0x00, 0x00, 0xF0,
    0x8B, 0x88, 0x0E, 0x00, 0x8B, 0x88, 0xEB, 0x00, 0x8B, 0x88, 0xE8, 0x00, 0xB8, 0x88, 0xB8, 0x0E,
    0xB8, 0x88, 0xB8, 0x0E, 0xB8, 0xE8, 0xEE, 0x00, 0xEE, 0x0E, 0x00, 0x00, 0xB8, 0x0F, 0x00, 0x00,
    0x00, 0x00, 0x00, 0xF0, 0x00, 0x00, 0xF0, 0xFF, 0x00, 0xFF, 0xBF, 0x88, 0xF0, 0xBB, 0x55, 0x88,
    0xF0, 0x8B, 0x88, 0xBB, 0xF0, 0xFF, 0xFF, 0xFF, 0x00, 0x00, 0x00, 0x00, 0x00, 0x00, 0x00, 0x00,
    0xB8, 0x0F, 0x00, 0x00, 0xB8, 0xFB, 0x00, 0x00, 0xB8, 0xFB, 0x00, 0x00, 0xBB, 0xFB, 0x00, 0x00,
    0xFB, 0x0F, 0x00, 0x00, 0x0F, 0x00, 0x00, 0x00, 0x00, 0x00, 0x00, 0x00, 0x00, 0x00, 0x00, 0x00,
    0x55, 0x55, 0x55, 0x55, 0x22, 0x22, 0x22, 0x22, 0x33, 0x33, 0x33, 0x33, 0x88, 0x88, 0x88, 0x88,
    0x00, 0x00, 0x00, 0x00, 0x00, 0x00, 0x00, 0x00, 0x00, 0x00, 0x00, 0x00, 0x00, 0x00, 0x00, 0x00,
    0x55, 0x55, 0x55, 0x55, 0x22, 0x22, 0x22, 0x12, 0x23, 0x22, 0x22, 0x22, 0x88, 0x88, 0x88, 0x88,
    0x00, 0x00, 0x00, 0x00, 0x00, 0x00, 0x00, 0x00, 0x00, 0x00, 0x00, 0x00, 0x00, 0x00, 0x00, 0x00,
    0x55, 0x55, 0x55, 0x55, 0x11, 0x11, 0x11, 0x11, 0x22, 0x22, 0x22, 0x22, 0x88, 0x88, 0x88, 0x88,
    0x00, 0x00, 0x00, 0x00, 0x00, 0x00, 0x00, 0x00, 0x00, 0x00, 0x00, 0x00, 0x00, 0x00, 0x00, 0x00,
    0x55, 0x55, 0x55, 0x55, 0x21, 0x22, 0x22, 0x22, 0x22, 0x22, 0x22, 0x32, 0x88, 0x88, 0x88, 0x88,
    0x00, 0x00, 0x00, 0x00, 0x00, 0x00, 0x00, 0x00, 0x00, 0x00, 0x00, 0x00, 0x00, 0x00, 0x00, 0x00,
    0x00, 0x00, 0x00, 0xE0, 0x00, 0x00, 0x00, 0x00, 0x00, 0x00, 0x00, 0x00, 0x00, 0x00, 0x00, 0x00,
    0x00, 0x00, 0x00, 0x00, 0x00, 0x00, 0x00, 0x00, 0x00, 0x00, 0x00, 0x00, 0x00, 0x00, 0x00, 0x00,
    0x8B, 0x86, 0x0E, 0x00, 0xBE, 0x88, 0x0E, 0x50, 0xBE, 0x88, 0xEB, 0xEE, 0xBE, 0xBB, 0x88, 0x68,
    0xBE, 0xBB, 0x8B, 0x88, 0xE0, 0xEE, 0xBB, 0x8B, 0x00, 0x00, 0xEE, 0xBE, 0x00, 0x00, 0x00, 0xE0,
    0x00, 0x00, 0x00, 0x00, 0x00, 0x00, 0x00, 0x00, 0x00, 0x00, 0x00, 0x00, 0x00, 0x00, 0x00, 0x00,
    0x00, 0x00, 0x00, 0x00, 0x00, 0x00, 0x00, 0x00, 0x00, 0x00, 0x00, 0x00, 0xFF, 0xFF, 0x00, 0x00,
    0xD2, 0xFF, 0x00, 0x00, 0xFF, 0x00, 0x00, 0x00, 0x00, 0x00, 0x00, 0x00, 0x00, 0x00, 0x00, 0x00,
    0x00, 0x00, 0x00, 0x00, 0x00, 0x00, 0x00, 0x00, 0x00, 0x00, 0x00, 0x00, 0x00, 0x00, 0x00, 0x00,
    0x00, 0x00, 0x00, 0x00, 0x00, 0x00, 0x00, 0x00, 0x00, 0x00, 0x00, 0x00, 0x0E, 0x00, 0x00, 0x00,
    0x0E, 0x00, 0x00, 0x00, 0x0E, 0x00, 0x00, 0x00, 0xEB, 0x00, 0x00, 0x00, 0xE8, 0x00, 0x00, 0x00,
    0xE8, 0x00, 0x00, 0x00, 0xB8, 0x0E, 0x00, 0x00, 0x88, 0x0E, 0x00, 0x00, 0x88, 0xEB, 0x00, 0x00,
    0x88, 0xE8, 0x00, 0x00, 0x88, 0xE8, 0x00, 0x00, 0x88, 0xB8, 0x0E, 0x00, 0x8B, 0x88, 0x0E, 0x00,
    0x00, 0x00, 0x00, 0x00, 0x09, 0x00, 0x00, 0x00, 0x09, 0x00, 0x00, 0x00, 0x09, 0x00, 0x00, 0x00,
    0x92, 0x00, 0x00, 0x00, 0x52, 0xEE, 0x00, 0x00, 0x2E, 0x32, 0xEE, 0x00, 0x1E, 0x13, 0x32, 0x0E,
    0xE8, 0xBB, 0xEB, 0xB8, 0xE8, 0xBB, 0xEB, 0xB8, 0xE3, 0xBB, 0xEB, 0xB3, 0xE8, 0xBB, 0xEB, 0xB8,
    0xE8, 0xBB, 0xEB, 0xB8, 0xEE, 0xEE, 0xEE, 0x8E, 0x00, 0x00, 0x00, 0xE0, 0x00, 0x00, 0x00, 0x00,
};
static const u16 sFrame51[] = {
    0x000C, 0x00C2, 0x81F2, 0x0000, 0x40B2, 0x81E2, 0x0010, 0x40D2, 0x81B2, 0x0018, 0x40E2, 0x81EA,
    0x0020, 0x00F2, 0x41EA, 0x0028, 0x00F2, 0x4002, 0x002C, 0x40DA, 0x41D2, 0x0030, 0x40C2, 0x01E2,
    0x0034, 0x80D2, 0x0012, 0x0036, 0x80E2, 0x000A, 0x0038, 0x00BA, 0x0002, 0x003A, 0x00F2, 0x01FA,
    0x003B, 0x0000,
};
static const void* const sFrames51[] = { sFrame51 };
static const u8 sTiles52[1888] __attribute__((aligned(4))) = {
    0x00, 0x00, 0x00, 0x00, 0x00, 0x00, 0x00, 0x00, 0x00, 0x00, 0x00, 0x00, 0x00, 0x50, 0x55, 0x55,
    0x55, 0x55, 0x55, 0x22, 0x22, 0x22, 0x22, 0x32, 0x88, 0x88, 0x88, 0x88, 0x88, 0x88, 0x88, 0xE0,
    0x8E, 0xB8, 0x8B, 0x68, 0x8E, 0xE8, 0xB8, 0x68, 0xEE, 0xEB, 0x53, 0x55, 0x55, 0x55, 0x55, 0x55,
    0x22, 0x22, 0x22, 0x33, 0x33, 0x33, 0x33, 0x88, 0x88, 0x88, 0x88, 0x88, 0x36, 0xBE, 0xEB, 0xB8,
    0x66, 0x8B, 0x68, 0xB6, 0x66, 0xBB, 0x68, 0x56, 0x55, 0x55, 0x55, 0x55, 0x25, 0x22, 0x22, 0x22,
    0x33, 0x33, 0x33, 0x88, 0x88, 0x88, 0x88, 0x88, 0x68, 0x86, 0xBB, 0x68, 0x68, 0x86, 0xBB, 0x8B,
    0x77, 0xEA, 0x6E, 0xB8, 0x1A, 0xEA, 0x58, 0x56, 0x1A, 0xEA, 0x66, 0x58, 0x1A, 0xFA, 0x8B, 0x68,
    0x7A, 0xDA, 0x8E, 0x86, 0x7A, 0x9A, 0xE0, 0x86, 0x7A, 0x9A, 0x00, 0xEE, 0xA8, 0xEA, 0x00, 0x00,
    0x00, 0x00, 0x00, 0xE0, 0x00, 0x00, 0x00, 0xE0, 0x00, 0x00, 0x00, 0xE0, 0x00, 0x00, 0x00, 0xE0,
    0x00, 0x00, 0x00, 0x6E, 0x00, 0x00, 0x00, 0x6E, 0x00, 0x00, 0x00, 0x6E, 0x00, 0x00, 0x00, 0x8E,
    0xB6, 0xBE, 0xBB, 0xBE, 0xB6, 0xBE, 0xBB, 0x8E, 0xE6, 0xBB, 0xBB, 0x3F, 0xE8, 0xBB, 0xBB, 0xEF,
    0xE8, 0xBB, 0xBB, 0xEF, 0xE3, 0xBB, 0xBB, 0xEF, 0xEB, 0xBB, 0xBB, 0xBF, 0xEB, 0xBB, 0xFB, 0xBB,
    0x68, 0x86, 0xBB, 0x8B, 0x8B, 0x66, 0xB8, 0xBB, 0x8B, 0x66, 0xB8, 0xBB, 0xB8, 0x66, 0xB8, 0xBB,
    0xB8, 0x66, 0xB8, 0xBB, 0xB3, 0x66, 0x86, 0x8B, 0x8E, 0x66, 0x86, 0x8B, 0x8E, 0x66, 0x86, 0xBB,
    0x88, 0xEB, 0x00, 0x00, 0x88, 0xEB, 0x00, 0x00, 0x8B, 0xBB, 0x0E, 0x00, 0xBB, 0xBB, 0x0E, 0x00,
    0xBB, 0x8B, 0xEB, 0x00, 0xBB, 0x8B, 0xEB, 0x00, 0xB8, 0xBB, 0xEB, 0x00, 0x88, 0xBB, 0xBB, 0x0E,
    0x00, 0x00, 0xE0, 0x86, 0x00, 0x00, 0xE0, 0x86, 0x00, 0x00, 0xE0, 0x36, 0x00, 0x00, 0xE0, 0xB6,
    0x00, 0x00, 0xE0, 0xB6, 0x00, 0x00, 0xE0, 0xB8, 0x00, 0x00, 0x6E, 0xE8, 0x00, 0x00, 0x8E, 0xEB,
    0xBE, 0xBB, 0xFB, 0xBB, 0xBE, 0xBB, 0xFB, 0xBB, 0xBE, 0xBB, 0xFB, 0xBB, 0xBE, 0xBB, 0xFB, 0xBF,
    0xBE, 0xBB, 0xFB, 0xF0, 0xBE, 0xBB, 0xF8, 0x00, 0xBB, 0x8B, 0xF8, 0x00, 0xBB, 0x8B, 0xFF, 0x00,
    0x8E, 0x66, 0x86, 0xBB, 0x3E, 0x66, 0x86, 0xBB, 0xEB, 0x68, 0x86, 0xBB, 0xEB, 0x68, 0x66, 0xB8,
    0xEF, 0x68, 0x66, 0xB8, 0xE0, 0x68, 0x66, 0xB8, 0xE0, 0x8B, 0x66, 0xB8, 0xE0, 0x8B, 0x66, 0xB8,
    0x88, 0xBB, 0xBB, 0x0E, 0x68, 0xB8, 0xB8, 0xEB, 0x68, 0xB8, 0xB8, 0xEB, 0x68, 0xB8, 0x88, 0xEB,
    0x68, 0x86, 0x88, 0xEB, 0x8B, 0x86, 0x88, 0xBB, 0x8B, 0x66, 0x88, 0xB8, 0x8B, 0x66, 0x88, 0xEE,
    0x00, 0x00, 0xEE, 0xEB, 0x00, 0x00, 0x00, 0xEE, 0x00, 0x00, 0x00, 0xBF, 0x00, 0x00, 0x00, 0xBF,
    0x00, 0x00, 0x00, 0xBF, 0x00, 0x00, 0x00, 0xBF, 0x00, 0x00, 0xF0, 0xBB, 0x00, 0x00, 0xF0, 0xBB,
    0xBB, 0x8B, 0x0F, 0x00, 0xBB, 0x8B, 0x0F, 0x00, 0xBB, 0x88, 0x0F, 0x00, 0xBB, 0x88, 0x0F, 0x00,
    0xBB, 0x88, 0x0F, 0x00, 0x8B, 0x88, 0x0F, 0x00, 0x8B, 0xF8, 0x00, 0x00, 0x88, 0xF8, 0x00, 0x00,
    0xE0, 0x8E, 0x66, 0xB8, 0x00, 0xE0, 0xEE, 0xEE, 0x00, 0x00, 0x00, 0x00, 0x00, 0x00, 0x00, 0x00,
    0x00, 0x00, 0x00, 0x00, 0x00, 0x00, 0x00, 0x00, 0x00, 0x00, 0x00, 0x00, 0x00, 0x00, 0x00, 0x00,
    0x8B, 0xEE, 0xEE, 0x00, 0xEE, 0x8B, 0xF8, 0x00, 0xBF, 0x8B, 0x68, 0x0F, 0xBF, 0x8B, 0x68, 0x0F,
    0xF0, 0x8B, 0x68, 0x0F, 0xF0, 0xBB, 0x88, 0x0F, 0x00, 0xBF, 0x88, 0x0F, 0x00, 0xBF, 0x88, 0xF6,
    0x00, 0xF0, 0xF0, 0x00, 0x00, 0x6F, 0x6F, 0x0F, 0x00, 0x5F, 0x5F, 0x0F, 0x00, 0x5F, 0x56, 0xF6,
    0x00, 0xF0, 0x68, 0x55, 0x00, 0x00, 0xFF, 0x66, 0x00, 0x00, 0xE0, 0x68, 0x00, 0x00, 0x00, 0x99,
    0x00, 0x00, 0x00, 0x00, 0xF0, 0x00, 0x00, 0x00, 0x8F, 0x0F, 0x00, 0x00, 0x8F, 0x0F, 0x00, 0x00,
    0xF6, 0x0F, 0x00, 0x00, 0x88, 0xEF, 0x00, 0x00, 0x55, 0xE8, 0x00, 0x00, 0x99, 0x99, 0x09, 0x00,
    0x00, 0x00, 0x00, 0x00, 0x00, 0x00, 0x00, 0x00, 0x00, 0x00, 0x00, 0x00, 0x00, 0x00, 0x00, 0x00,
    0x00, 0x00, 0x00, 0x00, 0x00, 0x00, 0x00, 0x90, 0x00, 0x00, 0x00, 0x29, 0x00, 0x00, 0x90, 0x22,
    0x00, 0x00, 0x00, 0x00, 0x00, 0x00, 0x00, 0x00, 0x00, 0x00, 0x00, 0x00, 0x00, 0x00, 0x00, 0x00,
    0x90, 0x99, 0x99, 0x00, 0x33, 0x33, 0x21, 0x09, 0x13, 0x21, 0x19, 0x21, 0x91, 0x21, 0x92, 0x21,
    0x00, 0x00, 0x00, 0x59, 0x00, 0x00, 0x00, 0x90, 0x00, 0x00, 0x00, 0xE0, 0x00, 0x00, 0x00, 0x00,
    0x00, 0x00, 0x00, 0x00, 0x00, 0x00, 0x00, 0x00, 0x00, 0x00, 0x00, 0x00, 0x00, 0x00, 0x00, 0x00,
    0x31, 0x35, 0x09, 0x00, 0x99, 0x99, 0xE9, 0x00, 0x88, 0x88, 0x88, 0x0E, 0xBE, 0x88, 0x88, 0x0E,
    0xE0, 0x88, 0x88, 0xE8, 0x00, 0x8E, 0xB8, 0xBB, 0x00, 0xE0, 0xB8, 0x88, 0x00, 0x00, 0x8E, 0x88,
    0x00, 0x00, 0x30, 0x11, 0x00, 0x00, 0x19, 0x99, 0x00, 0x00, 0x19, 0x17, 0x00, 0x00, 0x29, 0x27,
    0x00, 0x00, 0x29, 0x2A, 0x0E, 0x00, 0x29, 0x1A, 0xEB, 0x0E, 0x9E, 0x1A, 0x88, 0xEB, 0x9E, 0xA2,
    0x29, 0x99, 0x92, 0x23, 0x29, 0x22, 0x29, 0x29, 0xE9, 0x31, 0x23, 0x39, 0x61, 0x9E, 0x39, 0x33,
    0x62, 0x21, 0x29, 0x13, 0x12, 0x21, 0x72, 0x23, 0x11, 0x11, 0xA2, 0x39, 0x11, 0x21, 0xA7, 0x39,
    0x00, 0x00, 0x00, 0x00, 0x00, 0x00, 0x00, 0x00, 0x00, 0x00, 0x00, 0x00, 0x00, 0x00, 0x00, 0x00,
    0x00, 0x00, 0x00, 0x00, 0x00, 0x55, 0x05, 0x00, 0x58, 0x23, 0x52, 0x55, 0x80, 0x28, 0x32, 0x33,
    0x00, 0x00, 0x00, 0x00, 0x00, 0x00, 0x00, 0x00, 0x00, 0x00, 0x00, 0x00, 0x00, 0x00, 0x00, 0x00,
    0x00, 0x00, 0x00, 0x00, 0x00, 0x00, 0x00, 0x00, 0x55, 0x00, 0x00, 0x50, 0x32, 0x55, 0x55, 0x25,
    0x00, 0x00, 0x00, 0x00, 0x00, 0x00, 0x00, 0x00, 0x00, 0x00, 0x00, 0x00, 0x00, 0x00, 0x00, 0x00,
    0x00, 0x00, 0x00, 0x00, 0x00, 0x00, 0x00, 0x00, 0x55, 0x55, 0x55, 0x55, 0x12, 0x11, 0x11, 0x22,
    0x00, 0x00, 0x00, 0x00, 0x00, 0x00, 0x00, 0x00, 0x00, 0x00, 0x00, 0x00, 0x00, 0x00, 0x00, 0x00,
    0x00, 0x00, 0x00, 0x00, 0x00, 0x00, 0x00, 0x00, 0x55, 0x55, 0x55, 0x55, 0x22, 0x32, 0x33, 0x23,
    0x00, 0x80, 0x88, 0x38, 0x00, 0x00, 0x00, 0x80, 0x00, 0x00, 0x00, 0x00, 0x00, 0x00, 0x00, 0x00,
    0x00, 0x00, 0x00, 0x00, 0x00, 0x00, 0x00, 0x00, 0x00, 0x00, 0x00, 0x00, 0x00, 0x00, 0x00, 0x00,
    0x33, 0x33, 0x22, 0x22, 0x88, 0x88, 0x88, 0x88, 0x00, 0x00, 0x00, 0x00, 0x00, 0x00, 0x00, 0x00,
    0x00, 0x00, 0x00, 0x00, 0x00, 0x00, 0x00, 0x00, 0x00, 0x00, 0x00, 0x00, 0x00, 0x00, 0x00, 0x00,
    0x22, 0x22, 0x22, 0x22, 0x88, 0x88, 0x88, 0x88, 0x00, 0x00, 0x00, 0x00, 0x00, 0x00, 0x00, 0x00,
    0x00, 0x00, 0x00, 0x00, 0x00, 0x00, 0x00, 0x00, 0x00, 0x00, 0x00, 0x00, 0x00, 0x00, 0x00, 0x00,
    0x22, 0x53, 0x55, 0x85, 0x88, 0x88, 0x88, 0x88, 0x00, 0x00, 0x00, 0x00, 0x00, 0x00, 0x00, 0x00,
    0x00, 0x00, 0x00, 0x00, 0x00, 0x00, 0x00, 0x00, 0x00, 0x00, 0x00, 0x00, 0x00, 0x00, 0x00, 0x00,
    0x88, 0xEE, 0x0E, 0x22, 0xEE, 0x25, 0xE2, 0xE9, 0xE3, 0x23, 0x11, 0xE2, 0xE2, 0x13, 0x15, 0xE3,
    0xE5, 0x25, 0x31, 0xEE, 0x3E, 0x3E, 0x53, 0x1E, 0xE0, 0xEB, 0xEE, 0x2E, 0x00, 0xE0, 0xEE, 0x12,
    0xAA, 0x77, 0x7A, 0x39, 0x77, 0xAA, 0xA7, 0xE5, 0x22, 0xEB, 0xE5, 0xE3, 0xB2, 0xE2, 0x1E, 0x1E,
    0xBB, 0xE2, 0x2E, 0x3E, 0x2B, 0x8E, 0x2E, 0xE3, 0xA1, 0x8E, 0xE8, 0x5E, 0xE2, 0x88, 0xBB, 0x8B,
    0x00, 0xE0, 0xBE, 0x7E, 0x00, 0xE0, 0xBE, 0xEB, 0x00, 0xE0, 0xBE, 0xBB, 0x00, 0xE0, 0xBB, 0x8B,
    0x00, 0xE0, 0xBB, 0x33, 0x00, 0xE0, 0xBB, 0x88, 0x00, 0xE0, 0xBB, 0x68, 0x00, 0xBE, 0xBB, 0x68,
    0xEA, 0xB8, 0xBB, 0x88, 0xBE, 0xBB, 0x88, 0x88, 0xEB, 0xBB, 0x8B, 0xB8, 0xB8, 0xBB, 0x88, 0xB8,
    0xBB, 0xBB, 0x88, 0xE8, 0x88, 0xBB, 0x88, 0xE8, 0x86, 0x8B, 0x88, 0xE8, 0xB8, 0x8B, 0x88, 0xE8,
    0x00, 0x00, 0x00, 0x00, 0x00, 0x00, 0x00, 0x00, 0x00, 0x00, 0x00, 0x00, 0x00, 0x00, 0x00, 0x00,
    0x0E, 0x00, 0x00, 0x00, 0x0E, 0x00, 0x00, 0x00, 0x09, 0x00, 0x00, 0x00, 0x09, 0x00, 0xF0, 0xFF,
    0x00, 0x00, 0x00, 0x00, 0x00, 0x00, 0x00, 0x00, 0x00, 0x00, 0x00, 0x00, 0x00, 0x00, 0x00, 0x00,
    0x00, 0x00, 0x00, 0x00, 0x00, 0x00, 0x00, 0x00, 0x00, 0x00, 0x00, 0x00, 0x0F, 0x00, 0x00, 0x00,
    0xEB, 0xF0, 0x2F, 0xDD, 0xE6, 0xFF, 0xDD, 0xFD, 0xE6, 0xDD, 0xFD, 0x0F, 0xE8, 0x0D, 0x00, 0x00,
    0xFE, 0x00, 0x00, 0x00, 0x0E, 0x00, 0x00, 0x00, 0x00, 0x00, 0x00, 0x00, 0x00, 0x00, 0x00, 0x00,
    0xF2, 0x00, 0x00, 0x00, 0xDF, 0x00, 0x00, 0x00, 0x00, 0x00, 0x00, 0x00, 0x00, 0x00, 0x00, 0x00,
    0x00, 0x00, 0x00, 0x00, 0x00, 0x00, 0x00, 0x00, 0x00, 0x00, 0x00, 0x00, 0x00, 0x00, 0x00, 0x00,
    0x00, 0x00, 0x00, 0x00, 0x00, 0x00, 0x00, 0x00, 0x00, 0x00, 0x00, 0x00, 0x00, 0x00, 0x00, 0x00,
    0x00, 0x00, 0x00, 0x00, 0x00, 0x50, 0x55, 0x55, 0x55, 0x55, 0x55, 0x22, 0x22, 0x22, 0x22, 0x33,
    0x00, 0x00, 0x00, 0x00, 0x00, 0x00, 0x00, 0x00, 0x00, 0x00, 0x00, 0x00, 0x00, 0x00, 0x00, 0x00,
    0x00, 0x00, 0x00, 0x55, 0x55, 0x55, 0x55, 0x55, 0x22, 0x22, 0x22, 0x22, 0x33, 0x22, 0x82, 0x88,
    0x88, 0x88, 0x88, 0x88, 0x88, 0x88, 0x88, 0x00, 0x00, 0x00, 0x00, 0x00, 0x00, 0x00, 0x00, 0x00,
    0x00, 0x00, 0x00, 0x00, 0x00, 0x00, 0x00, 0x00, 0x00, 0x00, 0x00, 0x00, 0x00, 0x00, 0x00, 0x00,
    0x88, 0x88, 0x88, 0x88, 0x00, 0x00, 0x00, 0x00, 0x00, 0x00, 0x00, 0x00, 0x00, 0x00, 0x00, 0x00,
    0x00, 0x00, 0x00, 0x00, 0x00, 0x00, 0x00, 0x00, 0x00, 0x00, 0x00, 0x00, 0x00, 0x00, 0x00, 0x00,
    0x00, 0x00, 0x00, 0x00, 0x00, 0x00, 0x00, 0x00, 0x00, 0x00, 0x00, 0x00, 0x00, 0x00, 0x00, 0x00,
    0x00, 0x00, 0x00, 0x00, 0x00, 0x00, 0x00, 0x00, 0x00, 0x00, 0x00, 0x00, 0x09, 0x00, 0x00, 0x00,
    0x09, 0x00, 0x00, 0x00, 0x92, 0x00, 0x00, 0x00, 0x92, 0x00, 0x00, 0x00, 0x92, 0x00, 0x00, 0x00,
    0x93, 0x00, 0x00, 0x00, 0x93, 0x00, 0x00, 0x00, 0x12, 0x09, 0x00, 0x00, 0x12, 0x09, 0x00, 0x00,
    0xE5, 0x0E, 0x00, 0x00, 0x22, 0xE3, 0x0E, 0x00, 0x31, 0x21, 0xE3, 0x00, 0x21, 0x25, 0x32, 0x0E,
    0x22, 0x22, 0x53, 0x0E, 0x33, 0xE3, 0xEE, 0x00, 0xEE, 0x1E, 0x31, 0x05, 0x5B, 0x23, 0x22, 0xE3,
    0xBB, 0xEE, 0x23, 0xE5, 0x6E, 0x68, 0xE8, 0x0E, 0x6E, 0x66, 0xEB, 0x00, 0xBE, 0xB6, 0xEB, 0x00,
    0xE3, 0x66, 0xBB, 0x0E, 0xE3, 0x86, 0xBB, 0x0E, 0xE3, 0x6B, 0x88, 0x0E, 0x33, 0x6E, 0x66, 0xEE,
    0x00, 0xBE, 0xBB, 0x33, 0x00, 0xBE, 0x8B, 0x68, 0x00, 0xBE, 0x88, 0x68, 0xE0, 0xBB, 0x88, 0x68,
    0xE0, 0x8B, 0x36, 0x63, 0xE0, 0x6B, 0x86, 0x66, 0xE0, 0x6B, 0x86, 0x66, 0xE0, 0x66, 0x88, 0x66,
    0xB8, 0x8B, 0x88, 0xE8, 0xB8, 0x8B, 0x88, 0xEB, 0xB8, 0x8B, 0x88, 0xEB, 0xB8, 0x8B, 0x88, 0xEB,
    0xB8, 0x8B, 0x88, 0xE8, 0xB8, 0x8B, 0x86, 0xB8, 0xB8, 0x8B, 0x66, 0xB8, 0x86, 0x8B, 0x68, 0xB8,
    0x00, 0x00, 0xBF, 0xBB, 0x00, 0xF0, 0xBF, 0xBB, 0x00, 0xBF, 0xBB, 0x8B, 0xF0, 0xBB, 0x8B, 0x88,
    0xF0, 0xFF, 0xFF, 0xFF, 0x00, 0x00, 0x00, 0x00, 0x00, 0x00, 0x00, 0x00, 0x00, 0x00, 0x00, 0x00,
    0x88, 0xF8, 0x00, 0x00, 0x88, 0x0F, 0x00, 0x00, 0x88, 0x0F, 0x00, 0x00, 0xFF, 0x00, 0x00, 0x00,
    0x00, 0x00, 0x00, 0x00, 0x00, 0x00, 0x00, 0x00, 0x00, 0x00, 0x00, 0x00, 0x00, 0x00, 0x00, 0x00,
    0x00, 0xBF, 0x88, 0xF6, 0x00, 0xF0, 0x8B, 0xF6, 0x00, 0xF0, 0x8B, 0x68, 0x00, 0xF0, 0x8B, 0x88,
    0x00, 0x00, 0xFF, 0xFF, 0x00, 0x00, 0x00, 0x00, 0x00, 0x00, 0x00, 0x00, 0x00, 0x00, 0x00, 0x00,
    0x00, 0x00, 0x00, 0x00, 0x0F, 0x00, 0x00, 0x00, 0xF6, 0x00, 0x00, 0x00, 0xF6, 0x00, 0x00, 0x00,
    0xFF, 0x00, 0x00, 0x00, 0x00, 0x00, 0x00, 0x00, 0x00, 0x00, 0x00, 0x00, 0x00, 0x00, 0x00, 0x00,
    0x00, 0x00, 0x00, 0x00, 0x00, 0x00, 0x00, 0x00, 0x00, 0x00, 0x00, 0x00, 0x00, 0x00, 0x00, 0x00,
    0x55, 0x55, 0x55, 0x55, 0x15, 0x11, 0x11, 0x11, 0x22, 0x22, 0x22, 0x22, 0x88, 0x88, 0x88, 0x88,
    0x08, 0x00, 0x00, 0x00, 0x00, 0x00, 0x00, 0x00, 0x00, 0x00, 0x00, 0x00, 0x00, 0x00, 0x00, 0x00,
    0x00, 0x00, 0x00, 0x00, 0x00, 0x00, 0x00, 0x00, 0x00, 0x00, 0x00, 0x00, 0x00, 0x00, 0x00, 0x00,
    0x00, 0x00, 0xE0, 0x88, 0x00, 0x00, 0x00, 0xBE, 0x00, 0x00, 0x00, 0x50, 0x00, 0x00, 0x00, 0xE0,
    0x00, 0x00, 0x00, 0xE0, 0x00, 0x00, 0x00, 0x00, 0x00, 0x00, 0x00, 0x00, 0x00, 0x00, 0x00, 0x00,
    0x33, 0x6E, 0xB6, 0xEB, 0x33, 0xBE, 0xBB, 0xEB, 0x33, 0xE1, 0x86, 0xEB, 0x33, 0xE1, 0x86, 0xEB,
    0x33, 0xE1, 0x68, 0xB8, 0x3E, 0xE1, 0x9B, 0x99, 0x3E, 0x31, 0x19, 0x32, 0x7A, 0x3E, 0x9E, 0x99,
    0x00, 0x00, 0x00, 0x00, 0x00, 0x00, 0x00, 0x00, 0x00, 0x00, 0x00, 0x00, 0x00, 0x00, 0x00, 0x00,
    0x00, 0x00, 0x00, 0x00, 0x0E, 0x00, 0x00, 0x00, 0x0E, 0x00, 0x00, 0x00, 0x0E, 0x00, 0x00, 0x00,
};
static const u16 sFrame52[] = {
    0x000E, 0x00DB, 0x81EE, 0x0000, 0x40B3, 0x81E6, 0x0010, 0x40DB, 0x81B6, 0x0018, 0x00C3, 0x41F6,
    0x0020, 0x00D3, 0x400E, 0x0024, 0x00DB, 0x41D6, 0x0028, 0x80B3, 0x4006, 0x002C, 0x40D3, 0x01F6,
    0x0030, 0x40FB, 0x01EE, 0x0032, 0x40FB, 0x0006, 0x0034, 0x80DB, 0x01E6, 0x0036, 0x00C3, 0x01EE,
    0x0038, 0x00D3, 0x0006, 0x0039, 0x00EB, 0x000E, 0x003A, 0x0000,
};
static const void* const sFrames52[] = { sFrame52 };
static const u8 sTiles53[1856] __attribute__((aligned(4))) = {
    0x00, 0x00, 0x00, 0x00, 0x00, 0x00, 0x00, 0x00, 0x00, 0x00, 0x00, 0x00, 0x00, 0x00, 0x00, 0x00,
    0x00, 0x50, 0x55, 0x55, 0x55, 0x55, 0x55, 0x22, 0x22, 0x22, 0x22, 0x32, 0x88, 0x88, 0x88, 0x88,
    0xE0, 0x66, 0x88, 0x66, 0x8E, 0xB8, 0x8B, 0x68, 0x8E, 0xE8, 0xB8, 0x68, 0xEE, 0xEB, 0x53, 0x55,
    0x55, 0x55, 0x55, 0x55, 0x22, 0x22, 0x22, 0x33, 0x33, 0x33, 0x33, 0x88, 0x88, 0x88, 0x88, 0x88,
    0x86, 0x8B, 0x68, 0xB8, 0x66, 0x8B, 0x68, 0xB6, 0x66, 0xBB, 0x68, 0x56, 0x55, 0x55, 0x55, 0x55,
    0x25, 0x22, 0x22, 0x22, 0x33, 0x33, 0x33, 0x88, 0x88, 0x88, 0x88, 0x88, 0x68, 0x86, 0xBB, 0x68,
    0x7A, 0x3E, 0x9E, 0x99, 0x77, 0xEA, 0x6E, 0xB8, 0x1A, 0xEA, 0x58, 0x56, 0x1A, 0xEA, 0x66, 0x58,
    0x1A, 0xFA, 0x8B, 0x68, 0x7A, 0xDA, 0x8E, 0x86, 0x7A, 0x9A, 0xE0, 0x86, 0x7A, 0x9A, 0x00, 0xEE,
    0x88, 0x88, 0x88, 0xE0, 0x00, 0x00, 0x00, 0xE0, 0x00, 0x00, 0x00, 0xE0, 0x00, 0x00, 0x00, 0xE0,
    0x00, 0x00, 0x00, 0xE0, 0x00, 0x00, 0x00, 0x6E, 0x00, 0x00, 0x00, 0x6E, 0x00, 0x00, 0x00, 0x6E,
    0x36, 0xBE, 0xEB, 0xB8, 0xB6, 0xBE, 0xBB, 0xBE, 0xB6, 0xBE, 0xBB, 0x8E, 0xE6, 0xBB, 0xBB, 0x3F,
    0xE8, 0xBB, 0xBB, 0xEF, 0xE8, 0xBB, 0xBB, 0xEF, 0xE3, 0xBB, 0xBB, 0xEF, 0xEB, 0xBB, 0xBB, 0xBF,
    0x68, 0x86, 0xBB, 0x8B, 0x68, 0x86, 0xBB, 0x8B, 0x8B, 0x66, 0xB8, 0xBB, 0x8B, 0x66, 0xB8, 0xBB,
    0xB8, 0x66, 0xB8, 0xBB, 0xB8, 0x66, 0xB8, 0xBB, 0xB3, 0x66, 0x86, 0x8B, 0x8E, 0x66, 0x86, 0x8B,
    0xA8, 0xEA, 0x00, 0x00, 0x88, 0xEB, 0x00, 0x00, 0x88, 0xEB, 0x00, 0x00, 0x8B, 0xBB, 0x0E, 0x00,
    0xBB, 0xBB, 0x0E, 0x00, 0xBB, 0x8B, 0xEB, 0x00, 0xBB, 0x8B, 0xEB, 0x00, 0xB8, 0xBB, 0xEB, 0x00,
    0x00, 0x00, 0x00, 0x8E, 0x00, 0x00, 0xE0, 0x86, 0x00, 0x00, 0xE0, 0x86, 0x00, 0x00, 0xE0, 0x36,
    0x00, 0x00, 0xE0, 0xB6, 0x00, 0x00, 0xE0, 0xB6, 0x00, 0x00, 0xE0, 0xB8, 0x00, 0x00, 0x6E, 0xE8,
    0xEB, 0xBB, 0xFB, 0xBB, 0xBE, 0xBB, 0xFB, 0xBB, 0xBE, 0xBB, 0xFB, 0xBB, 0xBE, 0xBB, 0xFB, 0xBB,
    0xBE, 0xBB, 0xFB, 0xBF, 0xBE, 0xBB, 0xFB, 0xF0, 0xBE, 0xBB, 0xF8, 0x00, 0xBB, 0x8B, 0xF8, 0x00,
    0x8E, 0x66, 0x86, 0xBB, 0x8E, 0x66, 0x86, 0xBB, 0x3E, 0x66, 0x86, 0xBB, 0xEB, 0x68, 0x86, 0xBB,
    0xEB, 0x68, 0x66, 0xB8, 0xEF, 0x68, 0x66, 0xB8, 0xE0, 0x68, 0x66, 0xB8, 0xE0, 0x8B, 0x66, 0xB8,
    0x88, 0xBB, 0xBB, 0x0E, 0x88, 0xBB, 0xBB, 0x0E, 0x68, 0xB8, 0xB8, 0xEB, 0x68, 0xB8, 0xB8, 0xEB,
    0x68, 0xB8, 0x88, 0xEB, 0x68, 0x86, 0x88, 0xEB, 0x8B, 0x86, 0x88, 0xBB, 0x8B, 0x66, 0x88, 0xB8,
    0x00, 0x00, 0x8E, 0xEB, 0x00, 0x00, 0xEE, 0xEB, 0x00, 0x00, 0x00, 0xEE, 0x00, 0x00, 0x00, 0xBF,
    0x00, 0x00, 0x00, 0xBF, 0x00, 0x00, 0x00, 0xBF, 0x00, 0x00, 0x00, 0xBF, 0x00, 0x00, 0xF0, 0xBB,
    0xBB, 0x8B, 0xFF, 0x00, 0xBB, 0x8B, 0x0F, 0x00, 0xBB, 0x8B, 0x0F, 0x00, 0xBB, 0x88, 0x0F, 0x00,
    0xBB, 0x88, 0x0F, 0x00, 0xBB, 0x88, 0x0F, 0x00, 0x8B, 0x88, 0x0F, 0x00, 0x8B, 0xF8, 0x00, 0x00,
    0xE0, 0x8B, 0x66, 0xB8, 0xE0, 0x8E, 0x66, 0xB8, 0x00, 0xE0, 0xEE, 0xEE, 0x00, 0x00, 0x00, 0x00,
    0x00, 0x00, 0x00, 0x00, 0x00, 0x00, 0x00, 0x00, 0x00, 0x00, 0x00, 0x00, 0x00, 0x00, 0x00, 0x00,
    0x8B, 0x66, 0x88, 0xEE, 0x8B, 0xEE, 0xEE, 0x00, 0xEE, 0x8B, 0xF8, 0x00, 0xBF, 0x8B, 0x68, 0x0F,
    0xBF, 0x8B, 0x68, 0x0F, 0xF0, 0x8B, 0x68, 0x0F, 0xF0, 0xBB, 0x88, 0x0F, 0x00, 0xBF, 0x88, 0x0F,
    0x00, 0x00, 0xE0, 0x88, 0x00, 0x00, 0xE0, 0x88, 0x00, 0x00, 0xE0, 0x88, 0x00, 0x00, 0xE0, 0x88,
    0x00, 0x00, 0xE0, 0x88, 0x00, 0x00, 0xE0, 0x88, 0x00, 0x00, 0xE0, 0x88, 0x00, 0x00, 0xE0, 0x88,
    0xE8, 0x00, 0x90, 0x22, 0xE8, 0x00, 0x30, 0x11, 0xE8, 0x00, 0x19, 0x99, 0xE8, 0x00, 0x19, 0x17,
    0xE8, 0x00, 0x29, 0x27, 0xB8, 0x0E, 0x29, 0x2A, 0xB8, 0x0E, 0x29, 0x1A, 0xB8, 0x0E, 0x9E, 0x1A,
    0x91, 0x21, 0x92, 0x21, 0x29, 0x99, 0x92, 0x23, 0x29, 0x22, 0x29, 0x29, 0x39, 0x33, 0x23, 0x39,
    0xE1, 0x91, 0x39, 0x33, 0x62, 0x2E, 0x29, 0x13, 0x62, 0x21, 0x72, 0x23, 0x11, 0x11, 0xA2, 0x39,
    0x09, 0x00, 0x00, 0x00, 0x09, 0x00, 0x00, 0x00, 0x92, 0x00, 0x00, 0x00, 0x92, 0x00, 0x00, 0x00,
    0x92, 0x00, 0x00, 0x00, 0x93, 0x00, 0x00, 0x00, 0x93, 0x00, 0x00, 0x00, 0x12, 0x09, 0x00, 0x00,
    0x00, 0x00, 0xE0, 0x8B, 0x00, 0x00, 0x00, 0xBE, 0x00, 0x00, 0x00, 0xBE, 0x00, 0x00, 0x00, 0xBE,
    0x00, 0x00, 0x00, 0xE0, 0x00, 0x00, 0x00, 0x00, 0x00, 0x00, 0x00, 0x00, 0x00, 0x00, 0x00, 0x00,
    0xB8, 0xEB, 0x9E, 0x2A, 0xBB, 0xBB, 0xEE, 0xAE, 0xBB, 0x8E, 0xEE, 0xE9, 0xEB, 0xE5, 0xE5, 0xEE,
    0xEE, 0x53, 0xBE, 0xEE, 0x25, 0x31, 0xBE, 0xE5, 0x3E, 0xE2, 0xBB, 0x1E, 0xE0, 0xEE, 0xBB, 0x2E,
    0x11, 0x21, 0xA7, 0x39, 0x12, 0x22, 0x7A, 0x39, 0x77, 0xAA, 0xA7, 0xE5, 0x22, 0xEB, 0xE5, 0xE3,
    0xB2, 0xE2, 0x1E, 0x1E, 0xBB, 0xE2, 0x2E, 0x3E, 0x2B, 0x8E, 0x2E, 0xE3, 0xA1, 0x8E, 0xE8, 0x5E,
    0x12, 0x09, 0x00, 0x00, 0xE5, 0x0E, 0x00, 0x00, 0x22, 0xE3, 0x0E, 0x00, 0x31, 0x21, 0xE3, 0x00,
    0x21, 0x25, 0x32, 0x0E, 0x22, 0x22, 0x53, 0x0E, 0x33, 0xE3, 0xEE, 0x00, 0xEE, 0x1E, 0x31, 0x05,
    0x00, 0x00, 0x00, 0x00, 0x00, 0x00, 0x00, 0x00, 0x00, 0x00, 0x00, 0x00, 0x00, 0x00, 0x00, 0x00,
    0x00, 0x00, 0x00, 0x00, 0x00, 0x00, 0x00, 0x00, 0x00, 0x55, 0x05, 0x00, 0x58, 0x23, 0x52, 0x55,
    0x00, 0x00, 0x00, 0x00, 0x00, 0x00, 0x00, 0x00, 0x00, 0x00, 0x00, 0x00, 0x00, 0x00, 0x00, 0x00,
    0x00, 0x00, 0x00, 0x00, 0x00, 0x00, 0x00, 0x00, 0x00, 0x00, 0x00, 0x00, 0x55, 0x00, 0x00, 0x50,
    0x00, 0x00, 0x00, 0x00, 0x00, 0x00, 0x00, 0x00, 0x00, 0x00, 0x00, 0x00, 0x00, 0x00, 0x00, 0x00,
    0x00, 0x00, 0x00, 0x00, 0x00, 0x00, 0x00, 0x00, 0x00, 0x00, 0x00, 0x00, 0x55, 0x55, 0x55, 0x55,
    0x00, 0x00, 0x00, 0x00, 0x00, 0x00, 0x00, 0x00, 0x00, 0x00, 0x00, 0x00, 0x00, 0x00, 0x00, 0x00,
    0x00, 0x00, 0x00, 0x00, 0x00, 0x00, 0x00, 0x00, 0x00, 0x00, 0x00, 0x00, 0x55, 0x55, 0x55, 0x55,
    0x80, 0x28, 0x32, 0x33, 0x00, 0x80, 0x88, 0x38, 0x00, 0x00, 0x00, 0x80, 0x00, 0x00, 0x00, 0x00,
    0x00, 0x00, 0x00, 0x00, 0x00, 0x00, 0x00, 0x00, 0x00, 0x00, 0x00, 0x00, 0x00, 0x00, 0x00, 0x00,
    0x32, 0x55, 0x55, 0x25, 0x33, 0x33, 0x22, 0x22, 0x88, 0x88, 0x88, 0x88, 0x00, 0x00, 0x00, 0x00,
    0x00, 0x00, 0x00, 0x00, 0x00, 0x00, 0x00, 0x00, 0x00, 0x00, 0x00, 0x00, 0x00, 0x00, 0x00, 0x00,
    0x12, 0x11, 0x11, 0x22, 0x22, 0x22, 0x22, 0x22, 0x88, 0x88, 0x88, 0x88, 0x00, 0x00, 0x00, 0x00,
    0x00, 0x00, 0x00, 0x00, 0x00, 0x00, 0x00, 0x00, 0x00, 0x00, 0x00, 0x00, 0x00, 0x00, 0x00, 0x00,
    0x22, 0x32, 0x33, 0x23, 0x22, 0x53, 0x55, 0x85, 0x88, 0x88, 0x88, 0x88, 0x00, 0x00, 0x00, 0x00,
    0x00, 0x00, 0x00, 0x00, 0x00, 0x00, 0x00, 0x00, 0x00, 0x00, 0x00, 0x00, 0x00, 0x00, 0x00, 0x00,
    0x00, 0x00, 0x00, 0x06, 0x00, 0x00, 0x00, 0x05, 0x00, 0x00, 0xE0, 0x05, 0x00, 0x00, 0xE0, 0x65,
    0x00, 0x00, 0x60, 0x65, 0x00, 0x00, 0xE0, 0x56, 0x00, 0x00, 0x00, 0x5E, 0x00, 0x00, 0x00, 0x6E,
    0x00, 0x00, 0x00, 0x00, 0x00, 0x00, 0x00, 0x00, 0x66, 0x00, 0x00, 0x00, 0x0E, 0x00, 0x00, 0x00,
    0x55, 0x06, 0x00, 0x00, 0xE8, 0x00, 0x00, 0x00, 0x88, 0x0E, 0x00, 0x00, 0x86, 0xE8, 0x00, 0x00,
    0x00, 0x00, 0x00, 0x6E, 0x00, 0x00, 0x00, 0x8E, 0x00, 0x00, 0x90, 0x99, 0x00, 0x00, 0x90, 0x15,
    0x00, 0x00, 0x90, 0x99, 0x00, 0x00, 0xE0, 0xBB, 0x00, 0x00, 0xE0, 0x8B, 0x00, 0x00, 0xE0, 0x88,
    0x86, 0x0E, 0x00, 0x00, 0x86, 0x0E, 0x00, 0x00, 0x99, 0x00, 0x00, 0x00, 0x93, 0x00, 0x00, 0x00,
    0x99, 0x00, 0x00, 0x00, 0xEB, 0x00, 0x00, 0x00, 0xEB, 0x00, 0x00, 0x90, 0xE8, 0x00, 0x00, 0x29,
    0x00, 0xE0, 0xEB, 0x12, 0x00, 0xE0, 0xBB, 0x7E, 0x00, 0xE0, 0xBB, 0xEB, 0x00, 0xE0, 0xBB, 0xBB,
    0x00, 0xE0, 0xBB, 0x8B, 0x00, 0xE0, 0xBB, 0x33, 0x00, 0xE0, 0xBB, 0x88, 0x00, 0xE0, 0xBB, 0x68,
    0xE2, 0x88, 0xBB, 0x8B, 0xEA, 0xB8, 0xBB, 0x88, 0xBE, 0xBB, 0x88, 0x88, 0xEB, 0xBB, 0x8B, 0xB8,
    0xB8, 0xBB, 0x88, 0xB8, 0xBB, 0xBB, 0x88, 0xE8, 0x88, 0xBB, 0x88, 0xE8, 0x86, 0x8B, 0x88, 0xE8,
    0x00, 0xBE, 0xBB, 0x68, 0x00, 0xBE, 0xBB, 0x33, 0x00, 0xBE, 0x8B, 0x68, 0x00, 0xBE, 0x88, 0x68,
    0xE0, 0xBB, 0x88, 0x68, 0xE0, 0x8B, 0x36, 0x63, 0xE0, 0x6B, 0x86, 0x66, 0xE0, 0x6B, 0x86, 0x66,
    0xB8, 0x8B, 0x88, 0xE8, 0xB8, 0x8B, 0x88, 0xE8, 0xB8, 0x8B, 0x88, 0xEB, 0xB8, 0x8B, 0x88, 0xEB,
    0xB8, 0x8B, 0x88, 0xEB, 0xB8, 0x8B, 0x88, 0xE8, 0xB8, 0x8B, 0x86, 0xB8, 0xB8, 0x8B, 0x66, 0xB8,
    0x00, 0x00, 0x00, 0x00, 0x00, 0x00, 0x00, 0x00, 0x00, 0x00, 0x00, 0x00, 0x00, 0x00, 0x00, 0x00,
    0x00, 0x00, 0x00, 0x00, 0x00, 0x00, 0x00, 0x00, 0x00, 0x50, 0x55, 0x55, 0x55, 0x55, 0x55, 0x22,
    0x00, 0x00, 0x00, 0x00, 0x00, 0x00, 0x00, 0x00, 0x00, 0x00, 0x00, 0x00, 0x00, 0x00, 0x00, 0x00,
    0x00, 0x00, 0x00, 0x00, 0x00, 0x00, 0x00, 0x55, 0x55, 0x55, 0x55, 0x55, 0x22, 0x22, 0x22, 0x22,
    0x22, 0x22, 0x22, 0x33, 0x88, 0x88, 0x88, 0x88, 0x88, 0x88, 0x88, 0x00, 0x00, 0x00, 0x00, 0x00,
    0x00, 0x00, 0x00, 0x00, 0x00, 0x00, 0x00, 0x00, 0x00, 0x00, 0x00, 0x00, 0x00, 0x00, 0x00, 0x00,
    0x33, 0x22, 0x82, 0x88, 0x88, 0x88, 0x88, 0x88, 0x00, 0x00, 0x00, 0x00, 0x00, 0x00, 0x00, 0x00,
    0x00, 0x00, 0x00, 0x00, 0x00, 0x00, 0x00, 0x00, 0x00, 0x00, 0x00, 0x00, 0x00, 0x00, 0x00, 0x00,
    0x33, 0x6E, 0x66, 0xEE, 0x33, 0x6E, 0xB6, 0xEB, 0x33, 0xBE, 0xBB, 0xEB, 0x33, 0xE1, 0x86, 0xEB,
    0x33, 0xE1, 0x86, 0xEB, 0x33, 0xE1, 0x68, 0xB8, 0x3E, 0xE1, 0x9B, 0x99, 0x3E, 0x31, 0x19, 0x32,
    0x00, 0x00, 0x00, 0x00, 0x00, 0x00, 0x00, 0x00, 0x00, 0x00, 0x00, 0x00, 0x00, 0x00, 0x00, 0x00,
    0x00, 0x00, 0x00, 0x00, 0x0E, 0x00, 0x00, 0x00, 0x0E, 0x00, 0x00, 0x00, 0x09, 0x00, 0x00, 0x00,
    0x09, 0x00, 0xF0, 0xFF, 0xEB, 0xF0, 0x2F, 0xDD, 0xE6, 0xFF, 0xDD, 0xFD, 0xE6, 0xDD, 0xFD, 0x0F,
    0xE8, 0x0D, 0x00, 0x00, 0xFE, 0x00, 0x00, 0x00, 0x0E, 0x00, 0x00, 0x00, 0x00, 0x00, 0x00, 0x00,
    0x0F, 0x00, 0x00, 0x00, 0xF2, 0x00, 0x00, 0x00, 0xDF, 0x00, 0x00, 0x00, 0x00, 0x00, 0x00, 0x00,
    0x00, 0x00, 0x00, 0x00, 0x00, 0x00, 0x00, 0x00, 0x00, 0x00, 0x00, 0x00, 0x00, 0x00, 0x00, 0x00,
    0x00, 0x00, 0xF0, 0xBB, 0x00, 0x00, 0xBF, 0xBB, 0x00, 0xF0, 0xBF, 0xBB, 0x00, 0xBF, 0xBB, 0x8B,
    0xF0, 0xBB, 0x8B, 0x88, 0xF0, 0xFF, 0xFF, 0xFF, 0x00, 0x00, 0x00, 0x00, 0x00, 0x00, 0x00, 0x00,
    0x88, 0xF8, 0x00, 0x00, 0x88, 0xF8, 0x00, 0x00, 0x88, 0x0F, 0x00, 0x00, 0x88, 0x0F, 0x00, 0x00,
    0xFF, 0x00, 0x00, 0x00, 0x00, 0x00, 0x00, 0x00, 0x00, 0x00, 0x00, 0x00, 0x00, 0x00, 0x00, 0x00,
    0x00, 0xBF, 0x88, 0xF6, 0x00, 0xBF, 0x88, 0xF6, 0x00, 0xF0, 0x8B, 0xF6, 0x00, 0xF0, 0x8B, 0x68,
    0x00, 0xF0, 0x8B, 0x88, 0x00, 0x00, 0xFF, 0xFF, 0x00, 0x00, 0x00, 0x00, 0x00, 0x00, 0x00, 0x00,
    0x00, 0x00, 0x00, 0x00, 0x00, 0x00, 0x00, 0x00, 0x0F, 0x00, 0x00, 0x00, 0xF6, 0x00, 0x00, 0x00,
    0xF6, 0x00, 0x00, 0x00, 0xFF, 0x00, 0x00, 0x00, 0x00, 0x00, 0x00, 0x00, 0x00, 0x00, 0x00, 0x00,
    0x00, 0x00, 0x00, 0x00, 0x00, 0x00, 0x00, 0x00, 0x00, 0x00, 0x00, 0x00, 0x00, 0x00, 0x00, 0x00,
    0x00, 0x00, 0x00, 0x00, 0x55, 0x55, 0x55, 0x55, 0x15, 0x11, 0x11, 0x11, 0x22, 0x22, 0x22, 0x22,
    0x88, 0x88, 0x88, 0x88, 0x08, 0x00, 0x00, 0x00, 0x00, 0x00, 0x00, 0x00, 0x00, 0x00, 0x00, 0x00,
    0x00, 0x00, 0x00, 0x00, 0x00, 0x00, 0x00, 0x00, 0x00, 0x00, 0x00, 0x00, 0x00, 0x00, 0x00, 0x00,
    0x00, 0x00, 0x00, 0x00, 0x00, 0x00, 0x00, 0x00, 0x00, 0x00, 0x00, 0x00, 0x00, 0x00, 0x00, 0x00,
    0x00, 0x00, 0x00, 0x00, 0x00, 0x00, 0x00, 0x00, 0x0E, 0x00, 0x00, 0x00, 0x0E, 0x00, 0x00, 0x00,
    0x0E, 0x00, 0x00, 0x00, 0x00, 0x00, 0x00, 0x00, 0x00, 0x00, 0x00, 0x00, 0x00, 0x00, 0x00, 0x00,
    0x00, 0x00, 0x00, 0x00, 0x00, 0x00, 0x00, 0x00, 0x00, 0x00, 0x00, 0x00, 0x00, 0x00, 0x00, 0x00,
    0x00, 0x00, 0x00, 0x00, 0x00, 0x00, 0x00, 0x00, 0x00, 0x00, 0x00, 0x00, 0x00, 0x00, 0x00, 0x00,
    0x00, 0x00, 0x00, 0x00, 0x90, 0x99, 0x99, 0x00, 0x33, 0x33, 0x21, 0x09, 0x13, 0x21, 0x19, 0x21,
    0x5B, 0x23, 0x22, 0xE3, 0xBB, 0xEE, 0x23, 0xE5, 0x6E, 0x68, 0xE8, 0x0E, 0x6E, 0x66, 0xEB, 0x00,
    0xBE, 0xB6, 0xEB, 0x00, 0xE3, 0x66, 0xBB, 0x0E, 0xE3, 0x86, 0xBB, 0x0E, 0xE3, 0x6B, 0x88, 0x0E,
};
static const u16 sFrame53[] = {
    0x000E, 0x00DA, 0x81EE, 0x0000, 0x40BA, 0x81EE, 0x0010, 0x40DA, 0x81B6, 0x0018, 0x00AA, 0x41EE,
    0x0020, 0x00CA, 0x41F6, 0x0024, 0x00DA, 0x41D6, 0x0028, 0x40D2, 0x0006, 0x002C, 0x40DA, 0x000E,
    0x002E, 0x40FA, 0x01EE, 0x0030, 0x40FA, 0x0006, 0x0032, 0x80DA, 0x01E6, 0x0034, 0x80EA, 0x000E,
    0x0036, 0x00B2, 0x01FE, 0x0038, 0x00CA, 0x0006, 0x0039, 0x0000,
};
static const void* const sFrames53[] = { sFrame53 };
static const u8 sTiles54[1632] __attribute__((aligned(4))) = {
    0x00, 0x00, 0x00, 0x00, 0x00, 0x00, 0x00, 0x00, 0x00, 0x00, 0x00, 0x00, 0x00, 0x00, 0x00, 0x00,
    0x00, 0x00, 0x00, 0x00, 0x00, 0x00, 0x00, 0x00, 0x00, 0x00, 0x00, 0x00, 0x00, 0x00, 0x00, 0xE0,
    0x00, 0xBE, 0x88, 0x88, 0xE0, 0xBB, 0x88, 0x88, 0xE0, 0xBB, 0x88, 0x88, 0xE0, 0xBB, 0x88, 0x88,
    0xBE, 0x8B, 0x88, 0x88, 0xBE, 0x8B, 0x88, 0xB8, 0xBE, 0x88, 0x88, 0xB8, 0xBB, 0x88, 0x88, 0xBB,
    0xBB, 0xBB, 0x68, 0x33, 0xBB, 0xBB, 0x68, 0x86, 0xBB, 0xBB, 0x68, 0x86, 0xBB, 0x8B, 0x66, 0xB6,
    0xBB, 0x68, 0x66, 0x3B, 0x8B, 0x66, 0x66, 0x8B, 0x8B, 0x66, 0x66, 0x8B, 0x68, 0x66, 0x86, 0x8B,
    0x0E, 0x00, 0x00, 0x00, 0x0E, 0x00, 0x00, 0x00, 0x0E, 0x00, 0x00, 0x00, 0x0E, 0x00, 0x00, 0x00,
    0xE8, 0x00, 0x00, 0x00, 0xE8, 0x00, 0x00, 0x00, 0xE6, 0x00, 0x00, 0x00, 0x86, 0x0E, 0x00, 0x00,
    0x00, 0x00, 0x00, 0xE0, 0x00, 0x00, 0x00, 0xE0, 0x00, 0x00, 0x00, 0xE0, 0x00, 0x00, 0x00, 0xBE,
    0x00, 0x00, 0x00, 0xBE, 0x00, 0x00, 0x00, 0xBE, 0x00, 0x00, 0xE0, 0xBB, 0x00, 0x00, 0xE0, 0xBB,
    0xBB, 0x88, 0x88, 0xBB, 0x8B, 0x88, 0x88, 0xBB, 0x8B, 0x88, 0x88, 0xBB, 0x8B, 0x88, 0xB8, 0x8B,
    0x8B, 0x88, 0xB8, 0x8B, 0x8B, 0xB8, 0xBB, 0x8B, 0x88, 0xB8, 0xBB, 0x8B, 0x88, 0xBB, 0xBB, 0x68,
    0x68, 0x66, 0x86, 0x3B, 0x68, 0x66, 0x86, 0x8B, 0x68, 0x66, 0x86, 0x8B, 0x66, 0x66, 0xB8, 0xE8,
    0x66, 0x66, 0xB8, 0xE3, 0x66, 0x66, 0xB8, 0xE8, 0x66, 0x66, 0xB8, 0xE8, 0x66, 0x86, 0x8B, 0xBE,
    0x6E, 0x0E, 0x00, 0x00, 0x6E, 0x0E, 0x00, 0x00, 0xEB, 0xE6, 0x00, 0x00, 0xEB, 0xE6, 0x00, 0x00,
    0xEB, 0xEB, 0x00, 0x00, 0xEB, 0xEB, 0x00, 0x00, 0xBB, 0x8E, 0x0E, 0x00, 0xBB, 0xBE, 0x0E, 0x00,
    0x00, 0x00, 0xE0, 0xBB, 0x00, 0x00, 0xBE, 0xBB, 0x00, 0xE0, 0xBB, 0x8B, 0x00, 0xE0, 0xBB, 0x8B,
    0x00, 0xBE, 0xBB, 0x88, 0x00, 0xBE, 0x8B, 0xB8, 0x00, 0xBE, 0x8B, 0xB8, 0x00, 0xBE, 0x8B, 0xB8,
    0x8B, 0xBB, 0xBB, 0x68, 0xBB, 0xBB, 0xBB, 0x68, 0xBB, 0xBB, 0xBB, 0x68, 0xBB, 0xBB, 0x8B, 0x66,
    0xBB, 0x8B, 0x8B, 0x66, 0xBB, 0x88, 0x8B, 0x66, 0x8B, 0xB8, 0x8B, 0x66, 0x8B, 0xB8, 0x8B, 0x66,
    0x66, 0x86, 0x3B, 0xBE, 0x66, 0xB8, 0xE8, 0xBE, 0x66, 0xB8, 0xE8, 0xBE, 0x66, 0xB8, 0xE8, 0xBE,
    0x66, 0xB8, 0xE3, 0xBE, 0x86, 0x8B, 0xBE, 0xBE, 0x86, 0x8B, 0xBE, 0xBE, 0x86, 0x8B, 0xBE, 0xBE,
    0xBB, 0xBE, 0x0E, 0x00, 0xBB, 0xBE, 0x0E, 0x00, 0xBB, 0xEB, 0xE8, 0x00, 0xBB, 0xEB, 0xE6, 0x00,
    0xBB, 0xEB, 0xE6, 0x00, 0xBB, 0xEB, 0xE6, 0x00, 0xBB, 0xEB, 0xE6, 0x00, 0xBB, 0xEB, 0xB6, 0x0E,
    0xE0, 0xBB, 0x88, 0xBB, 0xE0, 0xBB, 0x88, 0xBB, 0xE0, 0x8B, 0x88, 0xBB, 0xE0, 0x8B, 0xB8, 0x8B,
    0xBE, 0x8B, 0xB8, 0x8B, 0xBE, 0x88, 0xB8, 0x68, 0xEE, 0x8E, 0xB8, 0x68, 0x00, 0xE0, 0xEE, 0xEE,
    0x68, 0xB8, 0x8B, 0x66, 0x68, 0xB8, 0x8B, 0x66, 0x68, 0xB8, 0x68, 0x66, 0x66, 0xB8, 0x68, 0x66,
    0x86, 0xBB, 0x68, 0x66, 0x86, 0xBB, 0x68, 0x86, 0x86, 0xBB, 0x68, 0x86, 0x8E, 0xBB, 0x68, 0xE6,
    0x86, 0x3B, 0xBE, 0xBE, 0xB8, 0xE8, 0xBB, 0xBE, 0xB8, 0xE8, 0xBB, 0xBE, 0xB8, 0xE8, 0xBE, 0xBE,
    0xB8, 0xE8, 0xE0, 0xBE, 0x8B, 0x0E, 0x00, 0xBE, 0x8B, 0x0E, 0x00, 0xBB, 0xEE, 0x0E, 0x00, 0xBE,
    0xBB, 0xEB, 0xB6, 0x0E, 0xBB, 0xEB, 0x68, 0x0E, 0xBB, 0xEB, 0x68, 0x0E, 0xBB, 0xEB, 0x68, 0x0E,
    0xBB, 0xEB, 0x68, 0x0E, 0xEE, 0xEE, 0x88, 0x0E, 0xBB, 0xEB, 0xB8, 0x0E, 0xBB, 0xEB, 0xBB, 0x0E,
    0x00, 0x00, 0x00, 0x90, 0x00, 0x00, 0x00, 0x29, 0x00, 0x00, 0x90, 0x22, 0x00, 0x00, 0x30, 0x11,
    0x00, 0x00, 0x19, 0x99, 0x00, 0x00, 0x19, 0x17, 0x00, 0x00, 0x29, 0x27, 0x00, 0x00, 0x29, 0x2A,
    0x33, 0x33, 0x21, 0x09, 0x13, 0x21, 0x19, 0x91, 0x91, 0x21, 0x92, 0x91, 0x29, 0x19, 0x92, 0x22,
    0x29, 0x92, 0x29, 0x29, 0x39, 0x33, 0x33, 0x29, 0x11, 0x91, 0x19, 0x33, 0xE1, 0x2E, 0x29, 0x13,
    0x00, 0x00, 0x00, 0x00, 0x00, 0x00, 0x00, 0x00, 0x00, 0x00, 0x00, 0x00, 0x09, 0x00, 0x00, 0x00,
    0x09, 0x00, 0x00, 0x00, 0x92, 0x00, 0x00, 0x00, 0x92, 0x00, 0x00, 0x00, 0x92, 0x00, 0x00, 0x00,
    0x00, 0x00, 0x00, 0x50, 0x00, 0x00, 0x00, 0x50, 0x00, 0x00, 0x00, 0x50, 0x00, 0x00, 0x00, 0x50,
    0x00, 0x00, 0x00, 0x50, 0x00, 0x00, 0x00, 0x50, 0x00, 0x00, 0x00, 0x50, 0x00, 0x00, 0x00, 0x55,
    0x00, 0x00, 0x29, 0x1A, 0x00, 0x00, 0x90, 0x1A, 0x00, 0x00, 0x00, 0xEE, 0x00, 0x00, 0xEE, 0x23,
    0x00, 0xE0, 0x23, 0x31, 0x00, 0x3E, 0x22, 0x25, 0x00, 0x5E, 0x23, 0x22, 0x00, 0xE0, 0xEE, 0x33,
    0x42, 0x21, 0x72, 0x23, 0x11, 0x11, 0xA2, 0x19, 0x15, 0x21, 0xA7, 0x29, 0xE2, 0x22, 0x9A, 0x23,
    0xE1, 0xEE, 0x3A, 0x3E, 0x11, 0x6E, 0xEE, 0x3E, 0x32, 0x6E, 0x66, 0xEE, 0xE3, 0x66, 0x66, 0xB6,
    0x92, 0x00, 0x00, 0x00, 0x92, 0x00, 0x00, 0x00, 0x91, 0x00, 0x00, 0x00, 0x21, 0x09, 0x00, 0x00,
    0x12, 0x09, 0x00, 0x00, 0x12, 0x09, 0x00, 0x00, 0xEE, 0x0E, 0x00, 0x00, 0xEE, 0x0E, 0x00, 0xEE,
    0x00, 0x00, 0x70, 0xAA, 0x00, 0x00, 0x77, 0x11, 0x00, 0x00, 0xA0, 0xAA, 0x00, 0x00, 0x6E, 0x66,
    0x00, 0xE0, 0x86, 0x88, 0xE0, 0x99, 0x89, 0x56, 0x8E, 0x39, 0x89, 0x88, 0x66, 0x19, 0x89, 0xE8,
    0x00, 0x35, 0x11, 0xEE, 0xE0, 0x23, 0x22, 0x53, 0xE0, 0x25, 0xE3, 0x85, 0x00, 0xEE, 0xBE, 0xEB,
    0x00, 0x8E, 0xBB, 0xBB, 0x00, 0x8E, 0xB8, 0xBB, 0x00, 0xBE, 0x88, 0xBB, 0x00, 0xE0, 0x88, 0xB8,
    0x6E, 0x65, 0x88, 0x88, 0x66, 0x86, 0x88, 0xB8, 0x88, 0x88, 0xB8, 0xBB, 0x88, 0xB8, 0xEE, 0xEE,
    0xEE, 0xEE, 0xE2, 0x88, 0xBB, 0xEB, 0x7A, 0xEE, 0xBB, 0xEB, 0xBB, 0x0E, 0xBB, 0x8B, 0xEE, 0x0E,
    0x00, 0xE0, 0x88, 0xB8, 0x00, 0xE0, 0x88, 0xB8, 0x00, 0xE0, 0x88, 0x88, 0x00, 0xE0, 0x88, 0x88,
    0x00, 0xE0, 0x88, 0x88, 0x00, 0xE0, 0x8B, 0x88, 0x00, 0xE0, 0x8B, 0x88, 0x00, 0xBE, 0x8B, 0x88,
    0xBB, 0xBB, 0x88, 0x0E, 0xBB, 0xBB, 0x3B, 0x0E, 0xBB, 0x8B, 0x66, 0x0E, 0xBB, 0xBB, 0x68, 0xE8,
    0xBB, 0xBB, 0x38, 0xE3, 0xBB, 0xBB, 0x68, 0xE8, 0xBB, 0xBB, 0x68, 0xE8, 0xBB, 0xBB, 0x68, 0xE8,
    0x00, 0xE0, 0xBB, 0xEB, 0x00, 0xE0, 0xBB, 0x8B, 0x00, 0xE0, 0xBB, 0x88, 0x00, 0xE0, 0xBB, 0x88,
    0x00, 0x00, 0xBE, 0x8B, 0x00, 0x00, 0xBE, 0x8B, 0x00, 0x00, 0xE0, 0xBB, 0x00, 0x00, 0xE0, 0xBB,
    0xEE, 0xEE, 0xEE, 0x0E, 0x0E, 0x00, 0x00, 0x00, 0x0E, 0x00, 0x00, 0x00, 0xE8, 0x00, 0x00, 0x00,
    0x86, 0x0E, 0x00, 0x00, 0x66, 0xEB, 0x00, 0x00, 0x88, 0xEB, 0x00, 0x00, 0xBB, 0xEB, 0x00, 0x00,
    0x00, 0x00, 0x00, 0xEE, 0x00, 0x00, 0x00, 0x00, 0x00, 0x00, 0x00, 0x00, 0x00, 0x00, 0x00, 0x00,
    0x00, 0x00, 0x00, 0x00, 0x00, 0x00, 0x00, 0x00, 0x00, 0x00, 0x00, 0x00, 0x00, 0x00, 0x00, 0x00,
    0xEE, 0x0E, 0x00, 0x00, 0x00, 0x00, 0x00, 0x00, 0x00, 0x00, 0x00, 0x00, 0x00, 0x00, 0x00, 0x00,
    0x00, 0x00, 0x00, 0x00, 0x00, 0x00, 0x00, 0x00, 0x00, 0x00, 0x00, 0x00, 0x00, 0x00, 0x00, 0x00,
    0x00, 0x80, 0x08, 0x00, 0x00, 0x50, 0x08, 0x00, 0x00, 0x35, 0x88, 0x00, 0x00, 0x25, 0x82, 0x00,
    0x00, 0x25, 0x82, 0x08, 0x00, 0x50, 0x83, 0x08, 0x00, 0x50, 0x82, 0x08, 0x00, 0x50, 0x32, 0x08,
    0x00, 0x50, 0x32, 0x08, 0x00, 0x50, 0x33, 0x08, 0x00, 0x00, 0x35, 0x08, 0x00, 0x00, 0x35, 0x08,
    0x00, 0x00, 0x25, 0x08, 0x00, 0x50, 0x25, 0x08, 0x00, 0x50, 0x25, 0x08, 0x00, 0x50, 0x22, 0x08,
    0x00, 0x50, 0x22, 0x08, 0x00, 0x50, 0x21, 0x08, 0x00, 0x50, 0x21, 0x08, 0x00, 0x50, 0x21, 0x08,
    0x00, 0x50, 0x21, 0x08, 0x00, 0x50, 0x21, 0x08, 0x00, 0x50, 0x22, 0x08, 0x00, 0x50, 0x32, 0x08,
    0x00, 0x50, 0x32, 0x08, 0x00, 0x50, 0x32, 0x08, 0x00, 0x50, 0x32, 0x08, 0x00, 0x50, 0x53, 0x08,
    0x00, 0x50, 0x53, 0x08, 0x00, 0x50, 0x53, 0x08, 0x00, 0x50, 0x53, 0x08, 0x00, 0x50, 0x82, 0x08,
    0x00, 0x50, 0x82, 0x08, 0x00, 0x50, 0x82, 0x08, 0x00, 0x50, 0x82, 0x08, 0x00, 0x55, 0x82, 0x08,
    0x00, 0x55, 0x83, 0x08, 0x00, 0x55, 0x83, 0x08, 0x00, 0x25, 0x83, 0x00, 0x00, 0x25, 0x83, 0x00,
    0x00, 0x25, 0x83, 0x00, 0x00, 0x25, 0x83, 0x00, 0x00, 0x25, 0x82, 0x00, 0x00, 0x25, 0x82, 0x00,
    0x00, 0x25, 0x82, 0x00, 0x00, 0x25, 0x88, 0x00, 0x50, 0x25, 0x88, 0x00, 0x50, 0x25, 0x88, 0x00,
    0x50, 0x25, 0x88, 0x00, 0x50, 0x21, 0x08, 0x00, 0x50, 0x21, 0x08, 0x00, 0x50, 0x21, 0x08, 0x00,
    0x50, 0x21, 0x08, 0x00, 0x50, 0x21, 0x08, 0x00, 0x50, 0x21, 0x08, 0x00, 0x50, 0x21, 0x08, 0x00,
    0x50, 0x82, 0x08, 0x00, 0x50, 0x82, 0x08, 0x00, 0x50, 0x82, 0x08, 0x00, 0x55, 0x82, 0x08, 0x00,
    0x55, 0x82, 0x08, 0x00, 0x55, 0x82, 0x08, 0x00, 0x25, 0x82, 0x00, 0x00, 0x25, 0x83, 0x00, 0x00,
    0x25, 0x83, 0x00, 0x00, 0x25, 0x83, 0x00, 0x00, 0x25, 0x83, 0x00, 0x00, 0x25, 0x83, 0x00, 0x00,
    0x25, 0x83, 0x00, 0x00, 0x25, 0x83, 0x00, 0x00, 0x35, 0x88, 0x00, 0x00, 0x35, 0x88, 0x00, 0x00,
    0x35, 0x08, 0x00, 0x00, 0x32, 0x08, 0x00, 0x00, 0x32, 0x08, 0x00, 0x00, 0x32, 0x08, 0x00, 0x00,
    0x32, 0x08, 0x00, 0x00, 0x32, 0x08, 0x00, 0x00, 0x82, 0x08, 0x00, 0x00, 0x82, 0x08, 0x00, 0x00,
    0xAA, 0xAA, 0x00, 0x00, 0x71, 0x77, 0x0A, 0x00, 0xAA, 0xAA, 0x0A, 0x00, 0xE5, 0x00, 0x00, 0x00,
    0x68, 0x0E, 0x00, 0x00, 0xE8, 0x0E, 0x00, 0x00, 0xE6, 0x0E, 0x00, 0x00, 0x8E, 0x0E, 0x00, 0x00,
    0xE8, 0x00, 0x00, 0x00, 0x0E, 0x00, 0x00, 0x00, 0x00, 0x00, 0x00, 0x00, 0x00, 0x00, 0x00, 0x00,
    0x00, 0x00, 0x00, 0x00, 0x00, 0x00, 0x00, 0x00, 0x00, 0x00, 0x00, 0x00, 0x00, 0x00, 0x00, 0x00,
    0x6B, 0xE5, 0xEE, 0x8B, 0x66, 0x56, 0x66, 0x88, 0x88, 0x68, 0x88, 0xB8, 0xBE, 0x8B, 0xB8, 0xEE,
    0xE8, 0xEE, 0xEE, 0xE8, 0xEE, 0xEE, 0xEE, 0x0E, 0x00, 0x00, 0x00, 0x00, 0x00, 0x00, 0x00, 0x00,
    0x86, 0x59, 0xE9, 0x8E, 0xB8, 0x99, 0x95, 0xE8, 0xEE, 0xE8, 0x99, 0x0E, 0xE8, 0x0E, 0x00, 0x00,
    0x0E, 0x00, 0x00, 0x00, 0x00, 0x00, 0x00, 0x00, 0x00, 0x00, 0x00, 0x00, 0x00, 0x00, 0x00, 0x00,
    0x00, 0x00, 0x00, 0xBE, 0x00, 0x00, 0x00, 0xBE, 0x00, 0x00, 0x00, 0xBE, 0x00, 0x00, 0x00, 0xBE,
    0x00, 0x00, 0x00, 0xBE, 0x00, 0x00, 0x00, 0xBE, 0x00, 0x00, 0x00, 0xE0, 0x00, 0x00, 0x00, 0xE0,
    0xBB, 0xE8, 0xEB, 0x00, 0x8B, 0xE6, 0xEE, 0x00, 0x8B, 0xE8, 0x00, 0x00, 0x8B, 0xE8, 0x0E, 0x00,
    0x8B, 0x88, 0xE6, 0xEE, 0xBB, 0x88, 0x68, 0x66, 0xBB, 0xBB, 0x88, 0x66, 0xEE, 0xEE, 0xEE, 0xEE,
    0x00, 0x00, 0x00, 0x00, 0x00, 0x00, 0x00, 0x00, 0x00, 0x00, 0x00, 0x00, 0x00, 0x00, 0x00, 0x00,
    0x00, 0x00, 0x00, 0x00, 0x00, 0x00, 0x00, 0x00, 0x00, 0x00, 0x00, 0x00, 0x90, 0x99, 0x99, 0x00,
    0x00, 0x00, 0x00, 0x00, 0x00, 0x00, 0x00, 0x00, 0x00, 0x00, 0x00, 0x00, 0x00, 0x00, 0x00, 0x00,
    0x00, 0x00, 0x00, 0x00, 0x00, 0x00, 0x00, 0x50, 0x00, 0x00, 0x00, 0x50, 0x00, 0x00, 0x00, 0x50,
    0x00, 0x00, 0x00, 0x00, 0x00, 0x00, 0x00, 0x00, 0x00, 0x00, 0x00, 0x00, 0x00, 0x00, 0x00, 0x00,
    0x00, 0x00, 0x00, 0x00, 0x0E, 0x00, 0x00, 0x00, 0x0E, 0x00, 0x00, 0x00, 0x00, 0x00, 0x00, 0x00,
};
static const u16 sFrame54[] = {
    0x000C, 0x00D7, 0x81F1, 0x0000, 0x40B7, 0x81F9, 0x0010, 0x00C7, 0x41F9, 0x0018, 0x00F7, 0x41F1,
    0x001C, 0x806F, 0x4019, 0x0020, 0x808F, 0x4019, 0x0024, 0x80AF, 0x4019, 0x0028, 0x40C7, 0x0009,
    0x002C, 0x40F7, 0x0001, 0x002E, 0x00AF, 0x0001, 0x0030, 0x00AF, 0x0011, 0x0031, 0x00F7, 0x0011,
    0x0032, 0x0000,
};
static const void* const sFrames54[] = { sFrame54 };
static const u8 sTiles55[1664] __attribute__((aligned(4))) = {
    0x00, 0x00, 0x00, 0x00, 0x00, 0x00, 0x00, 0x00, 0x00, 0x00, 0x00, 0x00, 0x00, 0x00, 0x00, 0x00,
    0x00, 0x00, 0x00, 0x00, 0x00, 0x00, 0x00, 0xE0, 0x00, 0x00, 0x00, 0xE0, 0x00, 0x00, 0x00, 0xBE,
    0x00, 0xBE, 0x88, 0x88, 0x00, 0xBE, 0xF8, 0xBF, 0xE0, 0xBB, 0xD2, 0x2D, 0xBE, 0xDB, 0xFF, 0xDD,
    0xBE, 0x8B, 0x88, 0xFF, 0xBB, 0x88, 0xB8, 0x8B, 0xBB, 0x88, 0xB8, 0x68, 0x8B, 0x88, 0xBB, 0x68,
    0xEB, 0x98, 0x99, 0xE8, 0xBB, 0x19, 0x53, 0xE9, 0xFF, 0x59, 0x99, 0xA6, 0xFD, 0x9E, 0x66, 0xA6,
    0xDD, 0xED, 0x65, 0xA6, 0x66, 0xED, 0x68, 0xA8, 0x66, 0xFB, 0x5E, 0xA6, 0xB6, 0xE8, 0x8E, 0xA8,
    0x33, 0x93, 0x00, 0x00, 0x88, 0xE8, 0x00, 0x00, 0xAA, 0xAA, 0x55, 0x55, 0x11, 0x55, 0x25, 0x22,
    0xA1, 0x22, 0x22, 0x32, 0xA7, 0x35, 0x33, 0x88, 0x77, 0x88, 0x88, 0x00, 0xAA, 0xAA, 0x0A, 0x00,
    0x00, 0x00, 0x00, 0xBE, 0x00, 0x00, 0xE0, 0x8B, 0x00, 0x00, 0xE0, 0x8B, 0x00, 0x00, 0xBE, 0x8B,
    0x00, 0x00, 0xBE, 0xBB, 0x00, 0xE0, 0xBB, 0xBB, 0x00, 0xE0, 0x8B, 0xBB, 0x00, 0xBE, 0x8B, 0xBB,
    0x88, 0x88, 0x8B, 0x66, 0x88, 0xB8, 0x8B, 0x66, 0x88, 0xBB, 0x8B, 0x66, 0xB8, 0xBB, 0x8B, 0x66,
    0xBB, 0xBB, 0x68, 0x66, 0xBB, 0xBB, 0x68, 0x66, 0xBB, 0x8B, 0x66, 0x66, 0xBB, 0x8B, 0x66, 0x66,
    0xB6, 0xE8, 0xEE, 0x6E, 0xB6, 0xE8, 0x8E, 0x8B, 0xB6, 0xE3, 0xEB, 0xB3, 0xB8, 0xE8, 0xEB, 0xB8,
    0xB8, 0xE8, 0xBB, 0x8E, 0xB8, 0xE8, 0xBB, 0x8E, 0xB8, 0xE3, 0xBB, 0xEB, 0x8B, 0xBE, 0xBB, 0xEB,
    0x66, 0x66, 0xB8, 0x0E, 0x66, 0x66, 0xB6, 0x0E, 0x66, 0x66, 0x86, 0x0E, 0x68, 0x66, 0x66, 0xEB,
    0x6B, 0x66, 0x66, 0xEB, 0x8B, 0x66, 0x66, 0xE8, 0xB3, 0x66, 0x66, 0xE8, 0xB8, 0x66, 0x66, 0xB6,
    0xE0, 0xBB, 0xB8, 0xBB, 0xBE, 0x8B, 0xB8, 0x88, 0xBB, 0x88, 0x8B, 0x88, 0x8B, 0x88, 0x8B, 0x86,
    0x88, 0xB8, 0x68, 0x86, 0x88, 0xB8, 0x68, 0x86, 0x88, 0x8B, 0x66, 0x86, 0x88, 0x8B, 0x66, 0xB8,
    0xBB, 0x8B, 0x66, 0x66, 0xBB, 0x8B, 0x66, 0x86, 0xBB, 0x8B, 0x66, 0x86, 0xBB, 0x8B, 0x66, 0xB6,
    0xBB, 0x68, 0x66, 0xB6, 0xBB, 0x68, 0x66, 0xB8, 0x8B, 0x66, 0x66, 0xB8, 0x8B, 0x66, 0x66, 0x8B,
    0x8B, 0xBE, 0xBB, 0xEB, 0x8B, 0xBE, 0xBB, 0xBB, 0x3B, 0xBE, 0xBB, 0xBB, 0xE8, 0xBB, 0xBB, 0xBB,
    0xE8, 0xBB, 0xBB, 0xBB, 0xE3, 0xBB, 0xBB, 0xBB, 0xE8, 0xBB, 0xBB, 0xBB, 0xBE, 0xBB, 0xBB, 0xBB,
    0xB8, 0x68, 0x66, 0xB6, 0x8E, 0x6B, 0x66, 0x86, 0x3E, 0x8B, 0x66, 0x86, 0x8E, 0x8B, 0x66, 0x66,
    0xEB, 0xB8, 0x66, 0x66, 0xEB, 0xB3, 0x68, 0x66, 0xBB, 0x8E, 0x6B, 0x66, 0xBB, 0x8E, 0x6B, 0x66,
    0xB8, 0x68, 0x66, 0xB8, 0xEE, 0x68, 0x66, 0xB8, 0xEB, 0xEE, 0x66, 0xB8, 0x0E, 0x00, 0xEE, 0xEE,
    0x00, 0x00, 0x00, 0x00, 0x00, 0x00, 0x00, 0x00, 0xEE, 0x00, 0x00, 0x00, 0x66, 0x0E, 0x00, 0x00,
    0x68, 0x66, 0x66, 0x8B, 0x68, 0x66, 0x86, 0x3B, 0x68, 0x66, 0x86, 0x8B, 0x68, 0x66, 0xB6, 0xE8,
    0xEE, 0xEE, 0xB8, 0xE8, 0x00, 0x00, 0xEE, 0xE8, 0x00, 0x00, 0x00, 0x0E, 0x00, 0x00, 0x00, 0x00,
    0xBE, 0xBB, 0xBB, 0xBB, 0xBE, 0xBB, 0xBB, 0xBB, 0xBE, 0xBB, 0xBB, 0xBB, 0xEE, 0xEE, 0xEE, 0xEE,
    0x00, 0x00, 0x00, 0x00, 0x00, 0x00, 0x00, 0x00, 0x00, 0x00, 0x00, 0x00, 0x00, 0x00, 0x00, 0x00,
    0xBB, 0x8E, 0x8B, 0x66, 0xBB, 0x3E, 0x8B, 0x66, 0xEE, 0x8E, 0x8B, 0x66, 0x00, 0x8E, 0x8B, 0xEE,
    0x00, 0xEE, 0xEE, 0xBB, 0x00, 0x00, 0xBE, 0xEE, 0x00, 0xE0, 0xBB, 0x66, 0x00, 0xE0, 0xBB, 0x68,
    0x00, 0x00, 0x00, 0x00, 0x00, 0x00, 0x00, 0x00, 0x00, 0x00, 0x00, 0x00, 0x00, 0x00, 0x00, 0x90,
    0x00, 0x00, 0x00, 0x30, 0x00, 0x00, 0x00, 0x19, 0x00, 0x00, 0x00, 0x19, 0x00, 0x00, 0x00, 0x29,
    0x00, 0x90, 0x99, 0x99, 0x90, 0x33, 0x33, 0x21, 0x29, 0x13, 0x21, 0x19, 0x22, 0x91, 0x21, 0x92,
    0x11, 0x29, 0x19, 0x92, 0x99, 0x29, 0x92, 0x29, 0x17, 0x39, 0x33, 0x33, 0x27, 0x11, 0x91, 0x19,
    0x00, 0x00, 0x00, 0x29, 0x00, 0x00, 0x00, 0x29, 0x00, 0x00, 0x00, 0x90, 0x00, 0x00, 0xE0, 0xEE,
    0x00, 0x00, 0x35, 0x52, 0x00, 0xEE, 0x23, 0x12, 0x50, 0x23, 0x11, 0x13, 0xE0, 0x25, 0x52, 0x11,
    0x2A, 0xE1, 0x2E, 0x29, 0x1A, 0x42, 0x21, 0x72, 0x1A, 0x11, 0x11, 0xA2, 0x2A, 0x11, 0x21, 0xA7,
    0x3E, 0x1E, 0x22, 0x9A, 0x2E, 0xE2, 0xAA, 0x3A, 0xE1, 0x53, 0x7A, 0xEE, 0x32, 0x2E, 0x8E, 0x71,
    0x00, 0x2E, 0x22, 0x33, 0xE0, 0xE5, 0x35, 0xEE, 0xE0, 0x23, 0xEE, 0xE5, 0x00, 0x35, 0x52, 0x8E,
    0x00, 0xE0, 0xEE, 0x8E, 0x00, 0xE0, 0xB8, 0x8E, 0x00, 0xE0, 0x88, 0x8E, 0x00, 0xE0, 0x88, 0x8E,
    0xE3, 0xE5, 0x8E, 0x71, 0x8E, 0x88, 0x2E, 0x78, 0x68, 0x66, 0x1E, 0xA8, 0x56, 0x86, 0x8E, 0xA8,
    0x66, 0x65, 0x2E, 0xA8, 0x68, 0x86, 0xAE, 0xE7, 0x68, 0x88, 0xEE, 0xBE, 0x68, 0x65, 0xBE, 0xEB,
    0x00, 0xE0, 0x88, 0xE8, 0x00, 0xE0, 0x88, 0xE8, 0x00, 0xE0, 0x88, 0xE8, 0x00, 0xE0, 0x8B, 0xE8,
    0x00, 0xE0, 0x8B, 0xEB, 0x00, 0xE0, 0x8B, 0xE8, 0x00, 0xE0, 0x8B, 0x88, 0x00, 0xE0, 0x8B, 0x88,
    0x68, 0x66, 0xEE, 0xBE, 0x68, 0x88, 0xBE, 0x8B, 0x88, 0xE8, 0x38, 0xE3, 0x68, 0xE6, 0x88, 0xE8,
    0x68, 0xE5, 0x86, 0xE8, 0x68, 0x55, 0x8E, 0xE6, 0xEB, 0x68, 0xE5, 0xE3, 0xEB, 0x88, 0xE6, 0xE8,
    0x00, 0x00, 0x00, 0x00, 0x00, 0x00, 0x00, 0x00, 0x00, 0x00, 0x00, 0x00, 0x00, 0x00, 0x00, 0x00,
    0x00, 0x00, 0x00, 0x00, 0x00, 0x00, 0x00, 0x00, 0x00, 0x00, 0x00, 0x00, 0x00, 0x00, 0x00, 0x50,
    0x00, 0x00, 0x00, 0x00, 0x00, 0x00, 0x00, 0x00, 0x00, 0x00, 0x00, 0x00, 0x00, 0x00, 0x00, 0x00,
    0x00, 0x00, 0x00, 0x00, 0x00, 0x00, 0x00, 0x55, 0x00, 0x00, 0x55, 0x25, 0x55, 0x55, 0x33, 0x33,
    0x55, 0x55, 0x55, 0x25, 0x25, 0x12, 0x11, 0x22, 0x22, 0x22, 0x82, 0x88, 0x83, 0x88, 0x88, 0x00,
    0x08, 0x00, 0x00, 0x00, 0x00, 0x00, 0x00, 0x00, 0x00, 0x00, 0x00, 0x00, 0x00, 0x00, 0x00, 0x00,
    0x22, 0x22, 0x33, 0x88, 0x33, 0x83, 0x88, 0x08, 0x88, 0x88, 0x00, 0x00, 0x00, 0x00, 0x00, 0x00,
    0x00, 0x00, 0x00, 0x00, 0x00, 0x00, 0x00, 0x00, 0x00, 0x00, 0x00, 0x00, 0x00, 0x00, 0x00, 0x00,
    0x00, 0x00, 0x00, 0x00, 0x00, 0x00, 0x00, 0x00, 0x00, 0x00, 0x00, 0x00, 0x00, 0x00, 0x00, 0x00,
    0x00, 0x00, 0x00, 0x00, 0x00, 0x00, 0x00, 0x00, 0x00, 0x00, 0x00, 0x00, 0x00, 0x00, 0x50, 0x55,
    0x00, 0x00, 0x00, 0x00, 0x00, 0x00, 0x00, 0x00, 0x00, 0x00, 0x00, 0x00, 0x00, 0x00, 0x00, 0x00,
    0x00, 0x00, 0x00, 0x00, 0x00, 0x00, 0x00, 0x00, 0x00, 0x00, 0x55, 0x55, 0x55, 0x55, 0x11, 0x11,
    0x55, 0x55, 0x55, 0x22, 0x22, 0x22, 0x22, 0x22, 0x22, 0x22, 0x22, 0x88, 0x83, 0x88, 0x88, 0x00,
    0x05, 0x00, 0x00, 0x00, 0x00, 0x00, 0x00, 0x00, 0x00, 0x00, 0x00, 0x00, 0x00, 0x00, 0x00, 0x00,
    0x11, 0x11, 0x22, 0x22, 0x22, 0x22, 0x82, 0x88, 0x88, 0x88, 0x08, 0x00, 0x00, 0x00, 0x00, 0x00,
    0x00, 0x00, 0x00, 0x00, 0x00, 0x00, 0x00, 0x00, 0x00, 0x00, 0x00, 0x00, 0x00, 0x00, 0x00, 0x00,
    0x00, 0x00, 0x00, 0x00, 0x09, 0x00, 0x00, 0x00, 0x91, 0x00, 0x00, 0x00, 0x91, 0x00, 0x00, 0x00,
    0x22, 0x09, 0x00, 0x00, 0x29, 0x09, 0x00, 0x00, 0x29, 0x92, 0x00, 0x00, 0x33, 0x92, 0x00, 0x00,
    0x13, 0x92, 0x00, 0x00, 0x23, 0x92, 0x00, 0x00, 0x19, 0x92, 0x00, 0x00, 0x29, 0x91, 0x00, 0x00,
    0x23, 0x21, 0x09, 0x00, 0x3E, 0x12, 0x09, 0x00, 0xEE, 0x12, 0x09, 0x00, 0x3E, 0x3E, 0x09, 0x00,
    0x5E, 0xE2, 0x09, 0x00, 0xEE, 0xE3, 0x09, 0x00, 0xEE, 0xEE, 0x09, 0x00, 0xEE, 0xE6, 0x09, 0x00,
    0x6E, 0xE6, 0x93, 0x00, 0x6B, 0xE6, 0x93, 0x00, 0x6E, 0xE6, 0x93, 0x00, 0x6E, 0xE6, 0x93, 0x00,
    0x6E, 0x66, 0x9E, 0x00, 0x8E, 0x66, 0x0E, 0x00, 0xEE, 0x66, 0x0E, 0x00, 0xEE, 0xE6, 0x00, 0x00,
    0xEE, 0xE6, 0x00, 0x00, 0x8E, 0xE6, 0x00, 0x00, 0x8E, 0xE6, 0x00, 0x00, 0x99, 0xE9, 0x00, 0x00,
    0x00, 0x00, 0x00, 0x00, 0x00, 0x50, 0x55, 0x55, 0x55, 0x25, 0x22, 0x22, 0x22, 0x32, 0x33, 0x33,
    0x33, 0x88, 0x88, 0x88, 0x88, 0x00, 0x00, 0x00, 0x00, 0x00, 0x00, 0x00, 0x00, 0x00, 0x00, 0x00,
    0x00, 0x00, 0x00, 0x00, 0x00, 0x00, 0x00, 0x00, 0x00, 0x00, 0x00, 0x00, 0x00, 0x00, 0x00, 0x00,
    0x00, 0x00, 0x00, 0x00, 0x00, 0x00, 0x00, 0x00, 0x00, 0x00, 0x00, 0x00, 0x0E, 0x00, 0x00, 0x00,
    0x0E, 0x00, 0x00, 0x00, 0x0E, 0x00, 0x00, 0x00, 0x0E, 0x00, 0x00, 0x00, 0x0E, 0x00, 0x00, 0x00,
    0xEB, 0x00, 0x00, 0x00, 0xEB, 0x00, 0x00, 0x00, 0xE8, 0x00, 0x00, 0x00, 0xE6, 0x00, 0x00, 0x00,
    0xB6, 0x0E, 0x00, 0x00, 0x86, 0x0E, 0x00, 0x00, 0xE6, 0x00, 0x00, 0x00, 0xEE, 0x00, 0x00, 0x00,
    0x0E, 0x00, 0x00, 0x00, 0xEE, 0x00, 0x00, 0x00, 0xEE, 0x00, 0x00, 0x00, 0x86, 0xEE, 0x00, 0x00,
    0x00, 0x00, 0x00, 0x00, 0x00, 0x00, 0x00, 0x00, 0x00, 0x00, 0x00, 0x00, 0x00, 0x00, 0x00, 0x00,
    0x00, 0x00, 0x00, 0x50, 0x00, 0x55, 0x55, 0x25, 0x55, 0x22, 0x22, 0x22, 0x21, 0x22, 0x22, 0x88,
    0x00, 0x00, 0x00, 0x00, 0x00, 0x00, 0x00, 0x00, 0x00, 0x00, 0x00, 0x00, 0x00, 0x00, 0x55, 0x55,
    0x55, 0x55, 0x25, 0x22, 0x22, 0x22, 0x22, 0x33, 0x32, 0x33, 0x33, 0x88, 0x88, 0x88, 0x88, 0x00,
    0xBE, 0xBB, 0xBE, 0x8B, 0xBE, 0xBB, 0xBB, 0xBB, 0xE0, 0xEE, 0xEE, 0xEE, 0x00, 0x00, 0x00, 0x00,
    0x00, 0x00, 0x00, 0x00, 0x00, 0x00, 0x00, 0x00, 0x00, 0x00, 0x00, 0x00, 0x00, 0x00, 0x00, 0x00,
    0x68, 0xE8, 0x00, 0x00, 0x8B, 0xEE, 0x00, 0x00, 0xEE, 0xEE, 0x00, 0x00, 0x00, 0x00, 0x00, 0x00,
    0x00, 0x00, 0x00, 0x00, 0x00, 0x00, 0x00, 0x00, 0x00, 0x00, 0x00, 0x00, 0x00, 0x00, 0x00, 0x00,
    0x00, 0xE0, 0xBE, 0xBB, 0x00, 0x00, 0xE0, 0xEE, 0x00, 0x00, 0x00, 0x00, 0x00, 0x00, 0x00, 0x00,
    0x00, 0x00, 0x00, 0x00, 0x00, 0x00, 0x00, 0x00, 0x00, 0x00, 0x00, 0x00, 0x00, 0x00, 0x00, 0x00,
    0x88, 0xE8, 0x00, 0x00, 0xEE, 0x0E, 0x00, 0x00, 0x00, 0x00, 0x00, 0x00, 0x00, 0x00, 0x00, 0x00,
    0x00, 0x00, 0x00, 0x00, 0x00, 0x00, 0x00, 0x00, 0x00, 0x00, 0x00, 0x00, 0x00, 0x00, 0x00, 0x00,
    0x00, 0x00, 0x00, 0x00, 0x00, 0x00, 0x00, 0x00, 0x00, 0x00, 0x00, 0x00, 0x00, 0x50, 0x55, 0x08,
    0x55, 0x25, 0x33, 0x08, 0x32, 0x33, 0x85, 0x00, 0x33, 0x85, 0x08, 0x00, 0x88, 0x08, 0x00, 0x00,
    0x88, 0x00, 0x00, 0x00, 0x00, 0x00, 0x00, 0x00, 0x00, 0x00, 0x00, 0x00, 0x00, 0x00, 0x00, 0x00,
    0x00, 0x00, 0x00, 0x00, 0x00, 0x00, 0x00, 0x00, 0x00, 0x00, 0x00, 0x00, 0x00, 0x00, 0x00, 0x00,
    0x00, 0x00, 0x00, 0x00, 0x00, 0x00, 0x00, 0x00, 0x00, 0x00, 0x00, 0xE0, 0x00, 0x00, 0x00, 0xE0,
    0x00, 0x00, 0x00, 0xBE, 0x00, 0x00, 0xE0, 0xBB, 0x00, 0x00, 0xBE, 0x8B, 0x00, 0x00, 0xBE, 0x88,
    0x00, 0x00, 0xE0, 0x8E, 0x00, 0x00, 0xE0, 0xEB, 0x00, 0x00, 0xBE, 0xBB, 0x00, 0xE0, 0xBB, 0x88,
    0x00, 0xBE, 0x8B, 0xE8, 0xE0, 0xBB, 0x88, 0xEE, 0xE0, 0xBB, 0x8B, 0xE8, 0xBE, 0xBB, 0xEB, 0x8E,
    0x00, 0x00, 0x00, 0x00, 0x00, 0x00, 0x50, 0x55, 0x00, 0x55, 0x55, 0x32, 0x55, 0x33, 0x33, 0x33,
    0x52, 0x55, 0x85, 0x88, 0x55, 0x88, 0x08, 0x00, 0x88, 0x00, 0x00, 0x00, 0x00, 0x00, 0x00, 0x00,
    0x82, 0x88, 0x88, 0x00, 0x08, 0x00, 0x00, 0x00, 0x00, 0x00, 0x00, 0x00, 0x00, 0x00, 0x00, 0x00,
    0x00, 0x00, 0x00, 0x00, 0x00, 0x00, 0x00, 0x00, 0x00, 0x00, 0x00, 0x00, 0x00, 0x00, 0x00, 0x00,
};
static const u16 sFrame55[] = {
    0x000D, 0x00DD, 0x81F3, 0x0000, 0x80BD, 0x81FB, 0x0010, 0x00CD, 0x4043, 0x0018, 0x00D5, 0x401B,
    0x001C, 0x80BD, 0x400B, 0x0020, 0x80DD, 0x4013, 0x0024, 0x40D5, 0x002B, 0x0028, 0x40FD, 0x01EB,
    0x002A, 0x40FD, 0x000B, 0x002C, 0x80CD, 0x0053, 0x002E, 0x80ED, 0x01EB, 0x0030, 0x00D5, 0x003B,
    0x0032, 0x00DD, 0x002B, 0x0033, 0x0000,
};
static const void* const sFrames55[] = { sFrame55 };
static const u8 sTiles56[1824] __attribute__((aligned(4))) = {
    0x00, 0x00, 0x00, 0xEE, 0x00, 0x00, 0xE0, 0xE8, 0x00, 0x00, 0x8E, 0xE8, 0x00, 0xEE, 0xE8, 0x8E,
    0xEE, 0x88, 0x8E, 0x68, 0x88, 0xEE, 0x66, 0x88, 0xEE, 0x55, 0x66, 0x86, 0x66, 0x66, 0x86, 0x88,
    0xA2, 0x6E, 0x66, 0x86, 0xEE, 0x55, 0x66, 0x88, 0x56, 0x65, 0x66, 0x88, 0x66, 0x66, 0x86, 0x88,
    0x66, 0x88, 0x88, 0xEE, 0x88, 0x88, 0xEE, 0xBB, 0x88, 0xEE, 0xBB, 0xB8, 0xE8, 0xEE, 0x8B, 0xBB,
    0x35, 0x22, 0x32, 0x9E, 0x58, 0x3E, 0x52, 0x3E, 0xBE, 0xEB, 0xEE, 0x33, 0xBE, 0xBB, 0x2E, 0x13,
    0xBB, 0x8B, 0x3E, 0x13, 0x8B, 0x88, 0x3E, 0x32, 0xBB, 0x88, 0x3E, 0x29, 0x8B, 0x88, 0x3E, 0x21,
    0x00, 0x00, 0x00, 0x00, 0x09, 0x00, 0x00, 0x00, 0x92, 0x00, 0x00, 0x00, 0x92, 0x00, 0x00, 0x00,
    0x23, 0x09, 0x00, 0x00, 0x32, 0x92, 0x00, 0x00, 0x13, 0x33, 0x09, 0x00, 0x23, 0x33, 0x92, 0x00,
    0x68, 0x86, 0x88, 0xE8, 0x88, 0x88, 0xE8, 0x0E, 0x88, 0xE8, 0x0E, 0x00, 0xEE, 0x0E, 0x00, 0x00,
    0x00, 0x00, 0x00, 0x00, 0x00, 0x00, 0x00, 0x00, 0x00, 0x00, 0x00, 0x00, 0x00, 0x00, 0x00, 0xE0,
    0xEE, 0xBB, 0x8B, 0xBB, 0xE0, 0x33, 0x88, 0xBB, 0xE0, 0x88, 0x68, 0x88, 0xE0, 0x86, 0x68, 0x86,
    0xE0, 0x86, 0x68, 0xB8, 0x8E, 0x36, 0x63, 0xB8, 0x8E, 0x86, 0x68, 0xB8, 0x6B, 0x86, 0x68, 0xB8,
    0xBB, 0x88, 0xE8, 0x92, 0xBB, 0x88, 0xE8, 0x93, 0xBB, 0x88, 0xE8, 0x23, 0xBB, 0x88, 0xE8, 0x23,
    0xBB, 0x88, 0xE8, 0x33, 0xBB, 0x8B, 0xB8, 0x9E, 0xBB, 0x8B, 0xB8, 0x0E, 0xBB, 0x8B, 0x88, 0xEB,
    0x23, 0x91, 0x29, 0x09, 0x33, 0x32, 0x99, 0x99, 0x39, 0x99, 0x92, 0x00, 0x39, 0x09, 0x99, 0x00,
    0x99, 0x99, 0x00, 0x00, 0x90, 0x90, 0x00, 0x00, 0x90, 0x00, 0x00, 0x00, 0x00, 0x00, 0x00, 0x00,
    0x00, 0x00, 0x00, 0xE0, 0x00, 0x00, 0x00, 0xBE, 0x00, 0x00, 0x00, 0x8E, 0x00, 0x00, 0x00, 0x8E,
    0x00, 0x00, 0xE0, 0x6B, 0x00, 0x00, 0xE0, 0x68, 0x00, 0x00, 0xE0, 0x68, 0x00, 0x00, 0xBE, 0x66,
    0x68, 0x86, 0x68, 0xB8, 0x66, 0x36, 0x63, 0xB8, 0x66, 0x86, 0x68, 0xB8, 0x66, 0x86, 0x68, 0x86,
    0x66, 0xB6, 0x6B, 0x86, 0x66, 0x3B, 0xB3, 0x66, 0xB6, 0xE8, 0xB8, 0x66, 0xB6, 0xE8, 0xB8, 0x68,
    0xBB, 0x8B, 0x88, 0xEB, 0xBB, 0x8B, 0x88, 0xE8, 0xBB, 0xBB, 0x88, 0xB8, 0xBB, 0xBB, 0x88, 0x88,
    0xBB, 0xBB, 0x8B, 0x88, 0x88, 0xBB, 0x88, 0x88, 0x86, 0xBB, 0x8B, 0x88, 0x66, 0xB8, 0x8B, 0x88,
    0x00, 0x00, 0x00, 0x00, 0x00, 0x00, 0x00, 0x00, 0x00, 0x00, 0x00, 0x00, 0x0E, 0x00, 0x00, 0x00,
    0x0E, 0x00, 0x00, 0x00, 0xEB, 0x00, 0x00, 0x00, 0xE8, 0x00, 0x00, 0x00, 0xB8, 0x0B, 0x00, 0x00,
    0x00, 0xE0, 0x8B, 0x66, 0x00, 0xE0, 0x6B, 0x66, 0x00, 0xE0, 0x68, 0x66, 0x00, 0xBE, 0x66, 0x66,
    0x00, 0xBE, 0x66, 0x66, 0x00, 0x8E, 0x66, 0x66, 0x00, 0x8E, 0x66, 0x66, 0xE0, 0x6B, 0x66, 0x66,
    0x66, 0xE6, 0xEE, 0xB8, 0x66, 0xE8, 0xEE, 0xB8, 0x66, 0x3B, 0xEE, 0xB3, 0x86, 0x8B, 0xEE, 0xB8,
    0xB6, 0xE8, 0xEB, 0xB8, 0xB8, 0xE8, 0xEB, 0xB8, 0x3B, 0xBE, 0xEB, 0xB3, 0x8B, 0xBE, 0xBB, 0x8E,
    0x66, 0x86, 0x8B, 0x88, 0x66, 0x86, 0xBB, 0x88, 0x66, 0x86, 0xBB, 0x8B, 0x68, 0x86, 0xBB, 0xBB,
    0x68, 0x66, 0xB8, 0xBB, 0x68, 0x66, 0xB8, 0xBB, 0x68, 0x66, 0x86, 0xBB, 0x6B, 0x66, 0x86, 0xBB,
    0xB8, 0x0E, 0x00, 0x00, 0x88, 0xEB, 0x00, 0x00, 0x88, 0xEB, 0x00, 0x00, 0x88, 0xBB, 0x0E, 0x00,
    0xBB, 0xBB, 0x0E, 0x00, 0xBB, 0xBB, 0xEB, 0x00, 0xBB, 0x8B, 0xEB, 0x00, 0xBB, 0x8B, 0xBB, 0x0E,
    0xE0, 0x6B, 0x66, 0x86, 0xE0, 0x68, 0x66, 0xB6, 0xE0, 0x68, 0x66, 0xB8, 0xE0, 0x66, 0x66, 0xB8,
    0xBE, 0x66, 0x66, 0x8B, 0xBE, 0x66, 0x86, 0x3B, 0x8E, 0x66, 0xB6, 0xE8, 0x6E, 0x66, 0xB6, 0xE8,
    0x8B, 0xBE, 0xBB, 0x8E, 0xE8, 0xBB, 0xBB, 0x8E, 0xE3, 0xBB, 0xBB, 0x3E, 0xE8, 0xBB, 0xBB, 0xEB,
    0xBE, 0xBB, 0xBB, 0xEB, 0xBE, 0xBB, 0xBB, 0xEB, 0xBB, 0xBB, 0xBB, 0xEB, 0xBB, 0xBB, 0xBB, 0xBB,
    0x6B, 0x66, 0x86, 0xBB, 0x8B, 0x66, 0x86, 0xBB, 0x8B, 0x66, 0x86, 0xBB, 0xB8, 0x66, 0x86, 0xBB,
    0xB8, 0x66, 0x66, 0xB8, 0xB3, 0x68, 0x66, 0xB8, 0xB8, 0x68, 0x66, 0x86, 0x8E, 0x6B, 0x66, 0x86,
    0xBB, 0xBB, 0xB8, 0xEB, 0x8B, 0xB8, 0x88, 0xBB, 0x8B, 0x88, 0x8B, 0xB8, 0x8B, 0x86, 0x8B, 0x88,
    0x8B, 0x66, 0xB8, 0x88, 0x8B, 0x66, 0xB8, 0x88, 0x8B, 0x66, 0x86, 0x8B, 0xBB, 0x68, 0x86, 0x8B,
    0x6B, 0x66, 0xB8, 0xE8, 0x68, 0x66, 0xB8, 0xE3, 0x6E, 0x66, 0xB8, 0xE8, 0xEE, 0xEE, 0xB8, 0xE8,
    0xEE, 0xEE, 0x6E, 0xEE, 0x8E, 0xBB, 0xEE, 0x00, 0x8E, 0xBB, 0xEB, 0x00, 0x88, 0xB8, 0xEB, 0x00,
    0xBB, 0xBB, 0xBB, 0xBB, 0xBB, 0xBB, 0xBB, 0xBB, 0xEE, 0xBB, 0xBB, 0xBB, 0x00, 0xEE, 0xEE, 0xEE,
    0x00, 0x00, 0x00, 0x00, 0x00, 0x00, 0x00, 0x00, 0x00, 0x00, 0x00, 0x00, 0x00, 0x00, 0x00, 0x00,
    0x8E, 0x6B, 0x66, 0x66, 0x3E, 0x8B, 0x66, 0x66, 0x8E, 0x8B, 0x66, 0x66, 0xEE, 0xB8, 0x66, 0x66,
    0xE0, 0xB8, 0xE8, 0xEE, 0xE0, 0xE8, 0x0E, 0x00, 0x00, 0x0E, 0x00, 0x00, 0x00, 0x00, 0x00, 0x00,
    0xB8, 0x68, 0x66, 0xB8, 0xB8, 0x68, 0x66, 0xE8, 0xB8, 0x68, 0xE6, 0xEE, 0xE8, 0xEE, 0x0E, 0x00,
    0x0E, 0x00, 0x00, 0x00, 0x00, 0x00, 0x00, 0x00, 0x00, 0x00, 0x00, 0xE0, 0x00, 0x00, 0x00, 0x6E,
    0x00, 0x00, 0x00, 0x00, 0x00, 0x00, 0x00, 0x90, 0x00, 0x00, 0x00, 0x29, 0x00, 0x00, 0x90, 0x22,
    0x00, 0x00, 0x30, 0x11, 0x00, 0x00, 0x19, 0x99, 0x00, 0x00, 0x19, 0x17, 0x00, 0x00, 0x29, 0x27,
    0x90, 0x99, 0x99, 0x00, 0x33, 0x33, 0x21, 0x09, 0x13, 0x21, 0x19, 0x91, 0x91, 0x21, 0x92, 0x91,
    0x29, 0x99, 0x92, 0x22, 0x29, 0x12, 0x99, 0x29, 0x39, 0x33, 0x22, 0x29, 0x11, 0x91, 0x33, 0x33,
    0x00, 0x00, 0x29, 0x2A, 0x00, 0x00, 0x90, 0x1A, 0x00, 0x00, 0x90, 0x1A, 0x00, 0x00, 0x00, 0x2A,
    0x00, 0x00, 0x00, 0xA0, 0x00, 0x00, 0x00, 0x3E, 0x00, 0x00, 0xE0, 0x22, 0x00, 0x00, 0xE0, 0x52,
    0xE1, 0x2E, 0x29, 0x13, 0x62, 0x21, 0x72, 0x53, 0x11, 0x11, 0x52, 0x2E, 0x11, 0x51, 0x3E, 0x1E,
    0x12, 0xE2, 0xE1, 0x11, 0x77, 0xEA, 0xE2, 0x23, 0x2E, 0xE7, 0xEE, 0x3E, 0x2E, 0xEA, 0x66, 0xE6,
    0x00, 0x00, 0x00, 0x00, 0x00, 0x00, 0x00, 0x00, 0x00, 0x00, 0x00, 0x00, 0x00, 0x00, 0x00, 0x00,
    0x00, 0x00, 0x00, 0x00, 0x00, 0x00, 0x00, 0x00, 0x00, 0x00, 0x00, 0x0A, 0x00, 0x00, 0x00, 0x0A,
    0x00, 0x00, 0x00, 0x00, 0x00, 0x00, 0x00, 0x00, 0x00, 0x00, 0x00, 0x00, 0x00, 0x00, 0x00, 0x00,
    0x00, 0x00, 0x00, 0x00, 0x00, 0x00, 0x00, 0xE0, 0x00, 0x00, 0xE0, 0x8E, 0x00, 0x90, 0x89, 0xE8,
    0x00, 0x00, 0xA0, 0xA7, 0x00, 0x00, 0xA0, 0xAA, 0x80, 0x88, 0xA8, 0xAA, 0x38, 0x33, 0xA5, 0x7A,
    0x22, 0x22, 0xA2, 0x1A, 0x22, 0x55, 0xA5, 0x1A, 0x55, 0x05, 0x00, 0xAA, 0x00, 0x00, 0x00, 0x70,
    0xEE, 0x9E, 0x93, 0x8E, 0x66, 0x9E, 0x99, 0x66, 0x8D, 0x96, 0x93, 0x86, 0x8A, 0x98, 0x91, 0x88,
    0x8A, 0x98, 0x95, 0xEE, 0xEA, 0x9E, 0xF9, 0x00, 0x0A, 0x00, 0x00, 0x00, 0x0A, 0x00, 0x00, 0x00,
    0x00, 0x00, 0x00, 0x00, 0x00, 0x00, 0x00, 0x00, 0x00, 0x00, 0x00, 0x00, 0x00, 0x00, 0x00, 0x00,
    0x00, 0x00, 0x00, 0x00, 0x00, 0x00, 0x00, 0x00, 0x00, 0x00, 0x00, 0x00, 0x00, 0x00, 0x00, 0x88,
    0x00, 0x00, 0x00, 0x00, 0x00, 0x00, 0x00, 0x00, 0x00, 0x00, 0x00, 0x00, 0x00, 0x00, 0x00, 0x00,
    0x00, 0x00, 0x00, 0x00, 0x00, 0x00, 0x00, 0x00, 0x00, 0x88, 0x88, 0x88, 0x88, 0x22, 0x22, 0x22,
    0x80, 0x88, 0x88, 0x22, 0x28, 0x22, 0x22, 0x11, 0x22, 0x22, 0x52, 0x55, 0x55, 0x55, 0x05, 0x00,
    0x00, 0x00, 0x00, 0x00, 0x00, 0x00, 0x00, 0x00, 0x00, 0x00, 0x00, 0x00, 0x00, 0x00, 0x00, 0x00,
    0x22, 0x12, 0x11, 0x21, 0x11, 0x51, 0x55, 0x55, 0x55, 0x05, 0x00, 0x00, 0x00, 0x00, 0x00, 0x00,
    0x00, 0x00, 0x00, 0x00, 0x00, 0x00, 0x00, 0x00, 0x00, 0x00, 0x00, 0x00, 0x00, 0x00, 0x00, 0x00,
    0x00, 0x00, 0x00, 0x00, 0x00, 0x00, 0x00, 0x00, 0x00, 0x00, 0x00, 0x00, 0x00, 0x00, 0x00, 0x00,
    0x00, 0x00, 0x00, 0x00, 0x00, 0x00, 0x00, 0x00, 0x00, 0x80, 0x88, 0x88, 0x88, 0x88, 0x33, 0x23,
    0x00, 0x00, 0x00, 0x00, 0x00, 0x00, 0x00, 0x00, 0x00, 0x00, 0x00, 0x00, 0x00, 0x00, 0x00, 0x00,
    0x00, 0x00, 0x00, 0x88, 0x80, 0x88, 0x88, 0x33, 0x88, 0x22, 0x22, 0x32, 0x12, 0x11, 0x22, 0x55,
    0x38, 0x23, 0x22, 0x22, 0x33, 0x53, 0x55, 0x55, 0x55, 0x05, 0x00, 0x00, 0x05, 0x00, 0x00, 0x00,
    0x00, 0x00, 0x00, 0x00, 0x00, 0x00, 0x00, 0x00, 0x00, 0x00, 0x00, 0x00, 0x00, 0x00, 0x00, 0x00,
    0x55, 0x55, 0x55, 0x05, 0x00, 0x00, 0x00, 0x00, 0x00, 0x00, 0x00, 0x00, 0x00, 0x00, 0x00, 0x00,
    0x00, 0x00, 0x00, 0x00, 0x00, 0x00, 0x00, 0x00, 0x00, 0x00, 0x00, 0x00, 0x00, 0x00, 0x00, 0x00,
    0x88, 0xEE, 0x00, 0x00, 0xEE, 0xEB, 0x00, 0x00, 0xBB, 0xBB, 0x0E, 0x00, 0x8E, 0xB8, 0xEB, 0x00,
    0xE0, 0x88, 0xBB, 0x0E, 0xE0, 0x8E, 0xB8, 0xEB, 0xEE, 0x88, 0xBB, 0xEB, 0x86, 0xEE, 0xBB, 0xBB,
    0x00, 0x00, 0x00, 0x00, 0x00, 0x00, 0x00, 0x00, 0x00, 0x00, 0x00, 0x00, 0x00, 0x00, 0x00, 0x00,
    0x00, 0x00, 0x00, 0x00, 0x00, 0x00, 0x00, 0x00, 0x00, 0x00, 0x00, 0x00, 0x0E, 0x00, 0x00, 0x00,
    0x88, 0xBB, 0xBE, 0xBB, 0xBB, 0xBB, 0xBB, 0xBB, 0xEE, 0xEE, 0xEE, 0xEE, 0x00, 0x00, 0x00, 0x00,
    0x00, 0x00, 0x00, 0x00, 0x00, 0x00, 0x00, 0x00, 0x00, 0x00, 0x00, 0x00, 0x00, 0x00, 0x00, 0x00,
    0x0E, 0x00, 0x00, 0x00, 0x0E, 0x00, 0x00, 0x00, 0x00, 0x00, 0x00, 0x00, 0x00, 0x00, 0x00, 0x00,
    0x00, 0x00, 0x00, 0x00, 0x00, 0x00, 0x00, 0x00, 0x00, 0x00, 0x00, 0x00, 0x00, 0x00, 0x00, 0x00,
    0x00, 0x00, 0x00, 0x00, 0x00, 0x00, 0x00, 0x00, 0x00, 0x00, 0x00, 0x00, 0x00, 0x00, 0x00, 0x00,
    0x00, 0x00, 0x00, 0x85, 0x80, 0x88, 0x88, 0x33, 0x28, 0x22, 0x22, 0x22, 0x22, 0x22, 0x22, 0x52,
    0x00, 0x00, 0x00, 0x00, 0x00, 0x00, 0x00, 0x00, 0x00, 0x00, 0x00, 0x00, 0x00, 0x00, 0x80, 0x88,
    0x88, 0x88, 0x38, 0x33, 0x33, 0x33, 0x22, 0x22, 0x22, 0x22, 0x55, 0x55, 0x55, 0x55, 0x00, 0x00,
    0x00, 0x00, 0x00, 0x00, 0x00, 0x00, 0x00, 0x00, 0x00, 0x00, 0x80, 0x88, 0x00, 0x88, 0x58, 0x35,
    0x88, 0x55, 0x55, 0x22, 0x33, 0x33, 0x53, 0x55, 0x52, 0x55, 0x05, 0x00, 0x55, 0x00, 0x00, 0x00,
    0x00, 0x00, 0x00, 0x00, 0x80, 0x88, 0x88, 0x88, 0x38, 0x33, 0x33, 0x22, 0x23, 0x22, 0x22, 0x22,
    0x22, 0x55, 0x55, 0x55, 0x55, 0x05, 0x00, 0x00, 0x00, 0x00, 0x00, 0x00, 0x00, 0x00, 0x00, 0x00,
    0xE0, 0xBB, 0x88, 0x88, 0xE0, 0xBE, 0xBB, 0xBB, 0x00, 0xE0, 0xEE, 0xEE, 0x00, 0x00, 0x00, 0x00,
    0x00, 0x00, 0x00, 0x00, 0x00, 0x00, 0x00, 0x00, 0x00, 0x00, 0x00, 0x00, 0x00, 0x00, 0x00, 0x00,
    0x88, 0xB8, 0xEB, 0x00, 0xBB, 0xBB, 0xEB, 0x00, 0xEE, 0xEE, 0x0E, 0x00, 0x00, 0x00, 0x00, 0x00,
    0x00, 0x00, 0x00, 0x00, 0x00, 0x00, 0x00, 0x00, 0x00, 0x00, 0x00, 0x00, 0x00, 0x00, 0x00, 0x00,
    0x00, 0x00, 0x00, 0x00, 0x00, 0x00, 0x00, 0x00, 0x00, 0x00, 0x00, 0x00, 0x00, 0x00, 0x00, 0x00,
    0x09, 0x00, 0x00, 0x00, 0x09, 0x00, 0x00, 0x00, 0x09, 0x00, 0x00, 0x00, 0x92, 0x00, 0x00, 0x00,
    0x92, 0x00, 0x00, 0x00, 0xEE, 0x00, 0x00, 0x00, 0x32, 0xEE, 0x00, 0x00, 0x13, 0x32, 0x0E, 0x00,
    0x52, 0x22, 0xE3, 0x00, 0x22, 0x32, 0xE5, 0x00, 0x33, 0xEE, 0x3E, 0x09, 0xEE, 0x11, 0x53, 0x93,
    0x52, 0x55, 0x55, 0x05, 0x55, 0x00, 0x00, 0x00, 0x00, 0x00, 0x00, 0x00, 0x00, 0x00, 0x00, 0x00,
    0x00, 0x00, 0x00, 0x00, 0x00, 0x00, 0x00, 0x00, 0x00, 0x00, 0x00, 0x00, 0x00, 0x00, 0x00, 0x00,
    0x00, 0x00, 0x80, 0x88, 0x00, 0x00, 0x88, 0x38, 0x00, 0x88, 0x35, 0x23, 0x80, 0x35, 0x33, 0x52,
    0x38, 0x23, 0x55, 0x05, 0x58, 0x55, 0x00, 0x00, 0x00, 0x00, 0x00, 0x00, 0x00, 0x00, 0x00, 0x00,
    0x00, 0x00, 0x00, 0x00, 0x0E, 0x00, 0x00, 0x00, 0xEB, 0x00, 0x00, 0x00, 0xEB, 0x00, 0x00, 0x00,
    0xB8, 0x0E, 0x00, 0x00, 0xB8, 0xEB, 0x00, 0x00, 0x88, 0xBB, 0x0E, 0x00, 0x88, 0xB8, 0x0E, 0x00,
    0x00, 0x00, 0x00, 0xE0, 0x00, 0x00, 0x00, 0xE0, 0x00, 0x00, 0x00, 0x00, 0x00, 0x00, 0x00, 0x00,
    0x00, 0x00, 0x00, 0x00, 0x00, 0x00, 0x00, 0x00, 0x00, 0x00, 0x00, 0xEE, 0x00, 0xEE, 0xEE, 0x88,
    0x00, 0x00, 0xE0, 0x68, 0x00, 0x00, 0xE0, 0x8E, 0x00, 0x00, 0xE0, 0xEE, 0x00, 0x00, 0x00, 0x00,
    0x00, 0x00, 0x00, 0x00, 0x00, 0x00, 0x00, 0x00, 0x00, 0x00, 0x00, 0x00, 0x00, 0x00, 0x00, 0x00,
};
static const u16 sFrame56[] = {
    0x0010, 0x00CD, 0x81EE, 0x0000, 0x40ED, 0x81EE, 0x0010, 0x00BD, 0x41EE, 0x0018, 0x00CD, 0x41DE,
    0x001C, 0x00D5, 0x41BE, 0x0020, 0x00DD, 0x419E, 0x0024, 0x00F5, 0x400E, 0x0028, 0x40D5, 0x01CE,
    0x002C, 0x40DD, 0x01AE, 0x002E, 0x40FD, 0x01E6, 0x0030, 0x80BD, 0x01FE, 0x0032, 0x00DD, 0x01CE,
    0x0034, 0x00E5, 0x0196, 0x0035, 0x00ED, 0x000E, 0x0036, 0x00F5, 0x01E6, 0x0037, 0x00FD, 0x0006,
    0x0038, 0x0000,
};
static const void* const sFrames56[] = { sFrame56 };
static const u8 sTiles57[1856] __attribute__((aligned(4))) = {
    0x00, 0x00, 0xBE, 0x66, 0x00, 0x00, 0x8E, 0x66, 0x00, 0x00, 0x8E, 0x66, 0x00, 0xE0, 0x6B, 0x66,
    0x00, 0xBE, 0x68, 0x66, 0x00, 0xBE, 0x66, 0x66, 0x00, 0x8E, 0x66, 0x66, 0xE0, 0x6B, 0x66, 0x66,
    0x66, 0xBB, 0x66, 0xB8, 0xB6, 0x33, 0x6B, 0x86, 0x8B, 0x8E, 0x6B, 0x66, 0x8B, 0x8E, 0x8B, 0x66,
    0x66, 0xEE, 0x8E, 0x6B, 0x86, 0xEE, 0x8E, 0x6B, 0xB6, 0xE3, 0x3E, 0x6B, 0xB8, 0xE8, 0x8E, 0x8B,
    0xBB, 0xBB, 0xE8, 0x00, 0xB8, 0x8B, 0xE8, 0x00, 0xB8, 0xBB, 0x88, 0x0E, 0x86, 0xBB, 0x88, 0xEB,
    0x66, 0xB8, 0x88, 0xEB, 0x66, 0xB8, 0x88, 0xB8, 0x66, 0xB8, 0x8B, 0xB8, 0x66, 0xB8, 0xBB, 0xB8,
    0x00, 0x00, 0x00, 0x00, 0x00, 0x00, 0x00, 0x00, 0x00, 0x00, 0x00, 0x00, 0x00, 0x00, 0x00, 0x00,
    0x00, 0x00, 0x00, 0x00, 0x0E, 0x00, 0x00, 0x00, 0x0E, 0x00, 0x00, 0x00, 0xEB, 0x00, 0x00, 0x00,
    0xE0, 0x6B, 0x66, 0x66, 0xE0, 0x68, 0x66, 0x86, 0xE0, 0x68, 0x66, 0xB6, 0xBE, 0x66, 0x66, 0xB6,
    0xBE, 0x66, 0x66, 0xB8, 0x8E, 0x66, 0x66, 0x8B, 0x8E, 0x66, 0x86, 0x3B, 0x6E, 0x66, 0x86, 0x8B,
    0x8B, 0xBE, 0x8E, 0x8B, 0x8B, 0xBE, 0x8E, 0x8B, 0xE3, 0xBB, 0x3E, 0x8B, 0xE8, 0xBB, 0xEB, 0xB8,
    0xE8, 0xBB, 0xEB, 0xB8, 0xBE, 0xBB, 0xEB, 0xB8, 0xBE, 0xBB, 0xEB, 0xB3, 0xBE, 0xBB, 0xBB, 0x8E,
    0x66, 0x86, 0xBB, 0xBB, 0x66, 0x86, 0xBB, 0xBB, 0x66, 0x66, 0xBB, 0xBB, 0x66, 0x66, 0xBB, 0xBB,
    0x66, 0x66, 0xBB, 0xBB, 0x68, 0x66, 0xBB, 0x88, 0x68, 0x66, 0xBB, 0x88, 0x6B, 0x66, 0xBB, 0x68,
    0xEB, 0x00, 0x00, 0x00, 0xBB, 0x0E, 0x00, 0x00, 0xB8, 0x0E, 0x00, 0x00, 0xB8, 0xEB, 0x00, 0x00,
    0x8B, 0xBB, 0x0E, 0x00, 0x8B, 0xB8, 0xEB, 0x00, 0xB8, 0x88, 0xBB, 0x0E, 0xB8, 0x88, 0xB8, 0x0E,
    0x00, 0x00, 0x00, 0xA0, 0x00, 0x00, 0x00, 0x7A, 0x00, 0x00, 0x00, 0xA0, 0x00, 0x00, 0x00, 0xA0,
    0x00, 0x00, 0xE0, 0xEE, 0x00, 0x00, 0x8E, 0x66, 0x00, 0xEE, 0xEE, 0x8E, 0xE0, 0x66, 0x56, 0xE8,
    0x00, 0x88, 0x23, 0x05, 0xAA, 0x58, 0x52, 0x05, 0xA7, 0x2A, 0x55, 0x00, 0x7A, 0xA1, 0x05, 0x00,
    0xAE, 0x11, 0x0A, 0x00, 0xE5, 0x1A, 0xAA, 0x00, 0xE6, 0xA0, 0xAA, 0x00, 0xE8, 0x00, 0x00, 0x00,
    0x90, 0x88, 0x65, 0xE6, 0x59, 0x89, 0x88, 0xE8, 0x98, 0x31, 0x89, 0x9E, 0x68, 0x99, 0xE9, 0x1E,
    0x56, 0xE5, 0x11, 0x92, 0x56, 0xE5, 0x91, 0x22, 0x68, 0x1E, 0x99, 0x21, 0x68, 0x3E, 0x22, 0x99,
    0x0E, 0x00, 0x00, 0x00, 0x00, 0x00, 0x00, 0x00, 0x09, 0x00, 0x00, 0x00, 0x91, 0x00, 0x00, 0x00,
    0x91, 0x00, 0x00, 0x00, 0x29, 0x09, 0x00, 0x00, 0x29, 0x92, 0x00, 0x00, 0x22, 0x92, 0x00, 0x00,
    0xE8, 0x92, 0x33, 0x93, 0xE8, 0xE1, 0x39, 0x13, 0x8E, 0x6E, 0x91, 0x23, 0x86, 0xE8, 0x91, 0x33,
    0x85, 0x88, 0xEE, 0xE3, 0x88, 0x88, 0x5E, 0x2E, 0x88, 0xE8, 0x3E, 0x1E, 0x88, 0xEE, 0xE1, 0x11,
    0x33, 0x92, 0x00, 0x00, 0x33, 0x22, 0x09, 0x00, 0x39, 0x23, 0x09, 0x00, 0x39, 0x23, 0x09, 0x00,
    0xEE, 0x23, 0x92, 0x00, 0x32, 0xEE, 0x92, 0x00, 0x13, 0x32, 0x9E, 0x09, 0x52, 0x22, 0xE3, 0x09,
    0x88, 0xE6, 0xE2, 0x23, 0x6E, 0xE5, 0x32, 0x3E, 0xE8, 0xE5, 0xEE, 0xE5, 0xEE, 0x6E, 0x58, 0xE5,
    0x00, 0xEE, 0x88, 0xEE, 0x00, 0xE0, 0xBE, 0xEB, 0x00, 0xE0, 0xEB, 0xBB, 0x00, 0xBE, 0xBB, 0xBB,
    0x22, 0x32, 0xE5, 0x09, 0x33, 0xEE, 0xEE, 0x09, 0xEE, 0x11, 0x53, 0x9E, 0x35, 0x22, 0x32, 0x9E,
    0x5B, 0x3E, 0x52, 0x9E, 0xEE, 0xEE, 0xEE, 0x9E, 0xBB, 0xBB, 0x88, 0x9E, 0xBB, 0xBB, 0x88, 0x9E,
    0x00, 0x00, 0x00, 0x00, 0x00, 0x00, 0x00, 0x00, 0x00, 0x00, 0x00, 0x00, 0x00, 0x00, 0x00, 0x00,
    0x00, 0x00, 0x00, 0x80, 0x00, 0x00, 0x00, 0x88, 0x00, 0x00, 0x00, 0x38, 0x00, 0x00, 0x80, 0x23,
    0x00, 0x00, 0x00, 0x80, 0x00, 0x00, 0x88, 0x35, 0x00, 0x58, 0x35, 0x52, 0x80, 0x38, 0x53, 0x55,
    0x88, 0x23, 0x55, 0x00, 0x35, 0x22, 0x05, 0x00, 0x53, 0x55, 0x00, 0x00, 0x52, 0x00, 0x00, 0x00,
    0x00, 0x00, 0x38, 0x22, 0x00, 0x80, 0x23, 0x52, 0x00, 0x28, 0x22, 0x05, 0x80, 0x23, 0x51, 0x05,
    0x38, 0x12, 0x55, 0x00, 0x28, 0x11, 0x05, 0x00, 0x22, 0x51, 0x00, 0x00, 0x22, 0x05, 0x00, 0x00,
    0x05, 0x00, 0x00, 0x00, 0x00, 0x00, 0x00, 0x00, 0x00, 0x00, 0x00, 0x00, 0x00, 0x00, 0x00, 0x00,
    0x00, 0x00, 0x00, 0x00, 0x00, 0x00, 0x00, 0x00, 0x00, 0x00, 0x00, 0x00, 0x00, 0x00, 0x00, 0x00,
    0x00, 0x00, 0x00, 0x00, 0x00, 0x00, 0x00, 0x00, 0x00, 0x00, 0x00, 0x00, 0x00, 0x00, 0x00, 0x00,
    0x00, 0x00, 0x00, 0x00, 0x00, 0x00, 0x00, 0x00, 0x00, 0x00, 0x00, 0x80, 0x00, 0x00, 0x00, 0x38,
    0x00, 0x00, 0x80, 0x33, 0x00, 0x80, 0x88, 0x23, 0x00, 0x58, 0x35, 0x52, 0x80, 0x28, 0x53, 0x55,
    0x38, 0x23, 0x55, 0x00, 0x38, 0x22, 0x05, 0x00, 0x23, 0x52, 0x00, 0x00, 0x23, 0x05, 0x00, 0x00,
    0x00, 0x00, 0x80, 0x33, 0x00, 0x00, 0x88, 0x23, 0x00, 0x80, 0x38, 0x52, 0x00, 0x80, 0x23, 0x52,
    0x00, 0x28, 0x22, 0x05, 0x80, 0x22, 0x52, 0x00, 0x28, 0x22, 0x05, 0x00, 0x23, 0x52, 0x00, 0x00,
    0x52, 0x00, 0x00, 0x00, 0x05, 0x00, 0x00, 0x00, 0x05, 0x00, 0x00, 0x00, 0x00, 0x00, 0x00, 0x00,
    0x00, 0x00, 0x00, 0x00, 0x00, 0x00, 0x00, 0x00, 0x00, 0x00, 0x00, 0x00, 0x00, 0x00, 0x00, 0x00,
    0x00, 0x8E, 0x86, 0xBB, 0x00, 0x8E, 0x86, 0xBB, 0x00, 0x8E, 0x86, 0xBB, 0xE0, 0x88, 0x86, 0xBB,
    0xE0, 0x88, 0x86, 0xBB, 0xE0, 0x68, 0x86, 0xBB, 0xE0, 0x68, 0x86, 0xBB, 0x8E, 0x68, 0x86, 0xBB,
    0xBB, 0xBB, 0xE8, 0x09, 0xBB, 0x8B, 0xE8, 0x09, 0xBB, 0x88, 0xE8, 0x09, 0xBB, 0x88, 0xE8, 0x09,
    0xBB, 0x88, 0x3E, 0x09, 0xBB, 0x88, 0x3E, 0x09, 0xBB, 0x88, 0x3E, 0x09, 0xBB, 0x88, 0x3E, 0x09,
    0x8E, 0x68, 0x86, 0xBB, 0x68, 0x33, 0x86, 0xBB, 0x68, 0x88, 0x86, 0xBB, 0x66, 0x88, 0x86, 0xBB,
    0x66, 0x88, 0x86, 0xBB, 0x66, 0x33, 0x86, 0xBB, 0x66, 0x88, 0x86, 0xBB, 0x66, 0x88, 0x66, 0xB8,
    0x8B, 0x88, 0x3E, 0x09, 0x8B, 0x88, 0x9E, 0x00, 0x8B, 0x88, 0x9E, 0x00, 0x8B, 0x88, 0x9E, 0x00,
    0x8B, 0x88, 0x9E, 0x00, 0xBB, 0x88, 0x9E, 0x00, 0xBB, 0x8B, 0xE8, 0x00, 0xBB, 0x8B, 0xE8, 0x00,
    0x00, 0x00, 0x00, 0x00, 0x00, 0x00, 0x00, 0x00, 0x00, 0x00, 0x00, 0x00, 0x00, 0x00, 0x00, 0x00,
    0x00, 0x00, 0x00, 0x80, 0x00, 0x00, 0x00, 0x88, 0x00, 0x00, 0x88, 0x35, 0x00, 0x80, 0x35, 0x33,
    0x00, 0x00, 0x00, 0x00, 0x00, 0x00, 0x00, 0x00, 0x00, 0x00, 0x80, 0x88, 0x00, 0x88, 0x88, 0x33,
    0x88, 0x38, 0x23, 0x22, 0x38, 0x33, 0x53, 0x55, 0x23, 0x55, 0x05, 0x00, 0x52, 0x05, 0x00, 0x00,
    0x00, 0x38, 0x23, 0x55, 0x00, 0x58, 0x55, 0x00, 0x00, 0x00, 0x00, 0x00, 0x00, 0x00, 0x00, 0x00,
    0x00, 0x00, 0x00, 0x00, 0x00, 0x00, 0x00, 0x00, 0x00, 0x00, 0x00, 0x00, 0x00, 0x00, 0x00, 0x00,
    0x05, 0x00, 0x00, 0x00, 0x00, 0x00, 0x00, 0x00, 0x00, 0x00, 0x00, 0x00, 0x00, 0x00, 0x00, 0x00,
    0x00, 0x00, 0x00, 0x00, 0x00, 0x00, 0x00, 0x00, 0x00, 0x00, 0x00, 0x00, 0x00, 0x00, 0x00, 0x00,
    0x00, 0x00, 0x00, 0xE0, 0x00, 0x00, 0x00, 0xE0, 0x00, 0x00, 0x00, 0xE0, 0x00, 0x00, 0x00, 0xE0,
    0x00, 0x00, 0x00, 0xBE, 0x00, 0x00, 0x00, 0x8E, 0x00, 0x00, 0x00, 0xE0, 0x00, 0x00, 0x00, 0xE0,
    0x6B, 0x66, 0xB6, 0xE8, 0x6B, 0x66, 0xB8, 0xE3, 0x68, 0x66, 0x8B, 0xBE, 0x66, 0x66, 0x8B, 0xBE,
    0x66, 0x86, 0x8B, 0xBE, 0x66, 0x86, 0x3B, 0xBE, 0x66, 0x86, 0x8B, 0xEE, 0xEE, 0x8E, 0x8B, 0x0E,
    0x00, 0x00, 0x00, 0xE0, 0x00, 0x00, 0x00, 0xE0, 0x00, 0x00, 0xE0, 0xEE, 0xE0, 0xEE, 0x8E, 0x88,
    0xBE, 0x8B, 0x88, 0x88, 0xEE, 0xBB, 0xBB, 0xBB, 0x00, 0xEE, 0xEE, 0xEE, 0x00, 0x00, 0x00, 0x00,
    0xEE, 0xEE, 0xE6, 0x0E, 0xB8, 0xEB, 0x0E, 0x00, 0xB8, 0xBB, 0x0E, 0x00, 0x88, 0xBB, 0x0E, 0x00,
    0x88, 0xBB, 0x0E, 0x00, 0xBB, 0xBB, 0x0E, 0x00, 0xEE, 0xEE, 0x00, 0x00, 0x00, 0x00, 0x00, 0x00,
    0x6B, 0x66, 0xB8, 0x68, 0x8B, 0x66, 0xB8, 0x68, 0x8B, 0x66, 0x86, 0x68, 0xB8, 0x66, 0x86, 0x8B,
    0xB8, 0x66, 0x66, 0x8B, 0xB3, 0x68, 0x66, 0x8B, 0xB8, 0x68, 0x66, 0x8B, 0x8E, 0x6B, 0x66, 0xEE,
    0x86, 0x8B, 0x88, 0xEB, 0x86, 0x8B, 0x88, 0xBB, 0x66, 0xB8, 0x88, 0xB8, 0x66, 0xB8, 0x88, 0x88,
    0x66, 0x86, 0x8B, 0xE8, 0x66, 0x86, 0xEE, 0xBE, 0x66, 0xEE, 0xBE, 0xBB, 0xEE, 0x00, 0xE0, 0x88,
    0x8E, 0x8B, 0xEE, 0x0E, 0x8E, 0xEE, 0x00, 0x00, 0xE0, 0x00, 0x00, 0x00, 0x00, 0x00, 0x00, 0x00,
    0x00, 0x00, 0x00, 0x00, 0x00, 0x00, 0x00, 0x00, 0x00, 0x00, 0x00, 0x00, 0x00, 0x00, 0x00, 0x00,
    0x00, 0x00, 0x00, 0x8E, 0x00, 0x00, 0x00, 0xEE, 0x00, 0x00, 0xEE, 0x8E, 0x00, 0xE0, 0x66, 0xE8,
    0x00, 0x8E, 0x86, 0xB8, 0x00, 0xEE, 0xB8, 0xBB, 0x00, 0xEE, 0xEE, 0xEE, 0x00, 0x00, 0x00, 0x00,
    0x00, 0x00, 0x00, 0x38, 0x00, 0x00, 0x00, 0x28, 0x00, 0x00, 0x80, 0x12, 0x00, 0x00, 0x28, 0x11,
    0x00, 0x80, 0x22, 0x51, 0x00, 0x38, 0x12, 0x05, 0x80, 0x23, 0x51, 0x05, 0x80, 0x12, 0x55, 0x00,
    0x22, 0x55, 0x00, 0x00, 0x52, 0x05, 0x00, 0x00, 0x51, 0x00, 0x00, 0x00, 0x05, 0x00, 0x00, 0x00,
    0x00, 0x00, 0x00, 0x00, 0x00, 0x00, 0x00, 0x00, 0x00, 0x00, 0x00, 0x00, 0x00, 0x00, 0x00, 0x00,
    0x00, 0x00, 0x00, 0x00, 0x00, 0x00, 0x00, 0x80, 0x00, 0x00, 0x00, 0x38, 0x00, 0x00, 0x80, 0x23,
    0x00, 0x00, 0x38, 0x12, 0x00, 0x00, 0x28, 0x11, 0x00, 0x80, 0x13, 0x52, 0x00, 0x38, 0x22, 0x05,
    0x38, 0x11, 0x55, 0x00, 0x13, 0x52, 0x05, 0x00, 0x12, 0x51, 0x00, 0x00, 0x11, 0x05, 0x00, 0x00,
    0x52, 0x00, 0x00, 0x00, 0x05, 0x00, 0x00, 0x00, 0x00, 0x00, 0x00, 0x00, 0x00, 0x00, 0x00, 0x00,
    0x00, 0x00, 0x00, 0x00, 0x00, 0x00, 0x00, 0x00, 0x00, 0x00, 0x00, 0x80, 0x00, 0x00, 0x00, 0x88,
    0x00, 0x00, 0x00, 0x38, 0x00, 0x00, 0x80, 0x23, 0x00, 0x00, 0x38, 0x23, 0x00, 0x80, 0x33, 0x52,
    0x80, 0x33, 0x52, 0x05, 0x38, 0x23, 0x55, 0x00, 0x38, 0x52, 0x05, 0x00, 0x23, 0x55, 0x00, 0x00,
    0x22, 0x05, 0x00, 0x00, 0x52, 0x00, 0x00, 0x00, 0x05, 0x00, 0x00, 0x00, 0x00, 0x00, 0x00, 0x00,
    0x00, 0x00, 0x00, 0x00, 0x00, 0x00, 0x00, 0x00, 0x00, 0x00, 0x00, 0xE0, 0x00, 0x00, 0xE0, 0xEE,
    0x00, 0x00, 0x8E, 0x6E, 0x00, 0xE0, 0x88, 0x8E, 0x00, 0x8E, 0xE8, 0x88, 0x00, 0x8E, 0xE8, 0x88,
    0xE0, 0x88, 0x6E, 0x88, 0xE0, 0x88, 0x6E, 0x88, 0xE0, 0x88, 0x6E, 0x86, 0xE0, 0x88, 0x5E, 0x65,
    0x00, 0x8E, 0x5E, 0x55, 0x00, 0x8E, 0xE8, 0x66, 0x00, 0x8E, 0x88, 0x8E, 0x00, 0xE0, 0x88, 0xE8,
    0x00, 0x00, 0x00, 0x00, 0x0E, 0x00, 0x00, 0x00, 0xEB, 0x00, 0x00, 0x00, 0xEB, 0x00, 0x00, 0x00,
    0x0E, 0x00, 0x00, 0x00, 0x0E, 0x00, 0x00, 0x00, 0xEB, 0x00, 0x00, 0x00, 0xBB, 0x0E, 0x00, 0x00,
    0xB8, 0xEB, 0x00, 0x00, 0x88, 0xBB, 0x0E, 0x00, 0xB8, 0xBB, 0x0E, 0x00, 0xBE, 0xBB, 0xEB, 0x00,
    0xEB, 0xBB, 0xEB, 0x00, 0xBB, 0xBB, 0xEB, 0x00, 0xEE, 0xEE, 0x0E, 0x00, 0x00, 0x00, 0x00, 0x00,
    0x88, 0x00, 0x00, 0x00, 0x55, 0x00, 0x00, 0x00, 0x05, 0x00, 0x00, 0x00, 0x00, 0x00, 0x00, 0x00,
    0x00, 0x00, 0x00, 0x00, 0x00, 0x00, 0x00, 0x00, 0x00, 0x00, 0x00, 0x00, 0x00, 0x00, 0x00, 0x00,
    0x00, 0x00, 0x00, 0x00, 0x00, 0x00, 0x00, 0x00, 0x00, 0x00, 0x00, 0x00, 0x00, 0x00, 0x00, 0x00,
    0x00, 0x00, 0x00, 0x00, 0x00, 0x00, 0x00, 0x00, 0x00, 0x00, 0x00, 0x80, 0x00, 0x00, 0x00, 0x38,
    0x52, 0x00, 0x00, 0x00, 0x55, 0x00, 0x00, 0x00, 0x05, 0x00, 0x00, 0x00, 0x00, 0x00, 0x00, 0x00,
    0x00, 0x00, 0x00, 0x00, 0x00, 0x00, 0x00, 0x00, 0x00, 0x00, 0x00, 0x00, 0x00, 0x00, 0x00, 0x00,
    0x00, 0x00, 0x00, 0x00, 0x00, 0x00, 0x00, 0x00, 0x00, 0x00, 0x00, 0x00, 0x00, 0x00, 0x00, 0x00,
    0x00, 0x00, 0x00, 0x00, 0x00, 0x00, 0x00, 0x00, 0x00, 0x00, 0x00, 0x00, 0x00, 0x00, 0x00, 0x80,
    0x00, 0x00, 0xEE, 0xE8, 0x00, 0x00, 0x00, 0x8E, 0x00, 0x00, 0x00, 0xE0, 0x00, 0x00, 0x00, 0x00,
    0x00, 0x00, 0x00, 0x00, 0x00, 0x00, 0x00, 0x00, 0x00, 0x00, 0x00, 0x00, 0x00, 0x00, 0x00, 0x00,
    0x00, 0x00, 0x00, 0x00, 0x00, 0x00, 0x00, 0xE0, 0x00, 0x00, 0x00, 0xE0, 0x00, 0x00, 0x00, 0xBE,
    0x00, 0x00, 0x00, 0x8E, 0x00, 0x00, 0xE0, 0x6B, 0x00, 0x00, 0xE0, 0x68, 0x00, 0x00, 0xE0, 0x68,
    0x00, 0x00, 0x00, 0x00, 0x00, 0x00, 0x00, 0x00, 0x88, 0x00, 0x00, 0x00, 0x23, 0x00, 0x00, 0x00,
    0x22, 0x00, 0x00, 0x00, 0x55, 0x00, 0x00, 0x00, 0x00, 0x00, 0x00, 0x00, 0x00, 0x00, 0x00, 0x00,
    0xBB, 0xBB, 0xBB, 0x8E, 0xBB, 0xBB, 0xBB, 0x3E, 0xBB, 0xBB, 0xBB, 0x8E, 0xBB, 0xBB, 0xBB, 0xEB,
    0xBB, 0xBB, 0xBB, 0xEB, 0xBB, 0xBB, 0xBB, 0xEB, 0xBE, 0xBB, 0xBB, 0xEB, 0xE0, 0xEE, 0xEE, 0xEE,
};
static const u16 sFrame57[] = {
    0x0015, 0x40E1, 0x81F0, 0x0000, 0x80B1, 0x81F8, 0x0008, 0x0079, 0x4028, 0x0010, 0x0089, 0x4018,
    0x0014, 0x00D1, 0x41F8, 0x0018, 0x00E1, 0x4028, 0x001C, 0x00F1, 0x41E8, 0x0020, 0x00F1, 0x4000,
    0x0024, 0x4099, 0x0010, 0x0028, 0x40A1, 0x0008, 0x002A, 0x40A9, 0x0000, 0x002C, 0x80B9, 0x01F0,
    0x002E, 0x80F1, 0x0010, 0x0030, 0x0079, 0x0038, 0x0032, 0x0081, 0x0020, 0x0033, 0x0089, 0x0028,
    0x0034, 0x0091, 0x0010, 0x0035, 0x00C9, 0x01F0, 0x0036, 0x00D9, 0x01F0, 0x0037, 0x00E1, 0x0038,
    0x0038, 0x00F1, 0x01F8, 0x0039, 0x0000,
};
static const void* const sFrames57[] = { sFrame57 };
static const u8 sTiles58[1216] __attribute__((aligned(4))) = {
    0x00, 0x00, 0x00, 0x00, 0x00, 0x00, 0x00, 0x00, 0x00, 0x00, 0x00, 0x00, 0x00, 0x00, 0x00, 0xE5,
    0x00, 0x00, 0x00, 0x3E, 0x00, 0x00, 0x50, 0x12, 0x00, 0x00, 0xE0, 0xEE, 0x00, 0x00, 0x25, 0x31,
    0x29, 0x2A, 0xE1, 0xE3, 0x90, 0x1A, 0x62, 0x21, 0x90, 0x1A, 0x11, 0x11, 0xEE, 0x2A, 0x11, 0x21,
    0x53, 0xAE, 0x11, 0x22, 0x32, 0xEE, 0x77, 0xAA, 0x31, 0xE5, 0x2A, 0x12, 0x35, 0xEE, 0x18, 0x12,
    0x29, 0x13, 0x92, 0x00, 0x72, 0x23, 0x92, 0x00, 0xA2, 0x39, 0x22, 0x09, 0xA7, 0x39, 0x23, 0xE5,
    0x9A, 0x39, 0xE5, 0x22, 0xA7, 0xE5, 0xE3, 0x31, 0xA2, 0x1E, 0x1E, 0x21, 0x78, 0x2E, 0x3E, 0x22,
    0x00, 0x00, 0x00, 0x00, 0x00, 0x00, 0x00, 0x00, 0x00, 0x00, 0x00, 0x00, 0x0E, 0x00, 0x00, 0x00,
    0xE3, 0x0E, 0x00, 0x00, 0x21, 0xE3, 0x00, 0x00, 0x25, 0x32, 0x0E, 0x00, 0x22, 0x53, 0x0E, 0x00,
    0x00, 0x00, 0x3E, 0x52, 0x00, 0x00, 0xEE, 0xEE, 0x00, 0x00, 0x00, 0x8E, 0x00, 0x00, 0x00, 0x6E,
    0x00, 0x00, 0xEE, 0x88, 0x00, 0xEE, 0x88, 0xBE, 0x99, 0x8E, 0x66, 0xB8, 0x3E, 0x69, 0x66, 0xB8,
    0xEE, 0xEB, 0x28, 0x88, 0x8E, 0xEB, 0x8A, 0x18, 0x8E, 0xBB, 0x8E, 0xA1, 0x8E, 0xB8, 0x7E, 0xA2,
    0x8E, 0xB8, 0x7E, 0xE7, 0x6E, 0xB6, 0xAE, 0xEE, 0x6E, 0x86, 0x33, 0xBB, 0x6E, 0x86, 0xBB, 0xBB,
    0xA2, 0x2E, 0xE3, 0x33, 0xEA, 0xEB, 0xBE, 0xEE, 0xBE, 0x88, 0xB6, 0xBE, 0xBE, 0x68, 0xB6, 0xBE,
    0x88, 0x66, 0xB6, 0xBE, 0x68, 0x66, 0xE8, 0xBE, 0x68, 0x86, 0xEB, 0xE2, 0x68, 0x86, 0xEB, 0x92,
    0xE3, 0xEE, 0x00, 0x00, 0xBB, 0x0E, 0x00, 0x00, 0x8B, 0x0E, 0x00, 0x00, 0x68, 0xE8, 0x00, 0x00,
    0x68, 0x86, 0x00, 0x00, 0x68, 0x86, 0x0E, 0x00, 0x8B, 0xB8, 0xEE, 0x00, 0xBE, 0x8B, 0xB8, 0x0E,
    0xE8, 0x91, 0xB8, 0xEB, 0xEB, 0x93, 0xEB, 0x0E, 0x9E, 0x99, 0x0E, 0x00, 0x00, 0x00, 0x00, 0x00,
    0x00, 0x00, 0x00, 0x00, 0x00, 0x00, 0x00, 0x00, 0x00, 0x00, 0x00, 0xE0, 0x00, 0x00, 0x00, 0xE0,
    0x6E, 0x66, 0xBB, 0x8B, 0x8E, 0x66, 0x33, 0x8B, 0x8E, 0x66, 0xBB, 0x8B, 0x8E, 0x68, 0x8B, 0x8B,
    0x8E, 0x38, 0x33, 0xB8, 0xBE, 0x88, 0x6B, 0xB8, 0xBB, 0x88, 0x6B, 0xB6, 0xBB, 0x3B, 0x63, 0x86,
    0x66, 0x86, 0xEB, 0x31, 0x66, 0x88, 0x9E, 0x12, 0x66, 0x88, 0x3E, 0x29, 0x66, 0x88, 0x1E, 0x93,
    0x66, 0xB8, 0x2E, 0x09, 0x88, 0xB8, 0x9E, 0x09, 0x8B, 0xB8, 0x0E, 0x99, 0x8B, 0x88, 0xEB, 0x00,
    0xBE, 0x8B, 0x66, 0xEB, 0xE9, 0xBB, 0x66, 0xB6, 0x91, 0xBE, 0x68, 0x96, 0x29, 0xE9, 0x8B, 0x19,
    0x90, 0x92, 0x9E, 0xE3, 0x00, 0x99, 0x99, 0x6E, 0x00, 0x00, 0x00, 0x8E, 0x99, 0x00, 0x00, 0xE0,
    0x00, 0x00, 0x00, 0xE0, 0x00, 0x00, 0x00, 0x8E, 0x00, 0x00, 0x00, 0x6E, 0x00, 0x00, 0xE0, 0x68,
    0x00, 0x00, 0xE0, 0x68, 0x00, 0x00, 0xE0, 0x66, 0x00, 0x00, 0x8E, 0x66, 0x00, 0x00, 0x8E, 0x66,
    0xB6, 0xB8, 0x88, 0x86, 0x66, 0xB8, 0x86, 0x66, 0x66, 0x33, 0x86, 0x6B, 0x66, 0x8E, 0x86, 0xBB,
    0xE6, 0xEB, 0x66, 0xB8, 0xE6, 0xEB, 0x66, 0xB8, 0xBE, 0xEB, 0x6B, 0x86, 0xBE, 0xEB, 0x63, 0x66,
    0xBB, 0x88, 0xEB, 0x00, 0xB8, 0x88, 0xE8, 0x00, 0x86, 0x68, 0x86, 0x0E, 0x8B, 0x68, 0x86, 0x0E,
    0xBB, 0x88, 0x66, 0xE8, 0xBB, 0x88, 0x66, 0xE8, 0xB8, 0x8B, 0x66, 0xB8, 0xB8, 0xBB, 0x68, 0x86,
    0x00, 0x00, 0x00, 0x00, 0x00, 0x00, 0x00, 0x00, 0x00, 0x00, 0x00, 0x00, 0x00, 0x00, 0x00, 0x00,
    0x00, 0x00, 0x00, 0x00, 0x00, 0x00, 0x00, 0x00, 0x0E, 0x00, 0x00, 0x00, 0x0E, 0x00, 0x00, 0x00,
    0x00, 0xE0, 0x6B, 0x66, 0x00, 0xE0, 0x68, 0x36, 0x00, 0xBE, 0x66, 0xE8, 0x00, 0xBE, 0x66, 0xE8,
    0x00, 0x8E, 0x66, 0xEB, 0x00, 0x8E, 0x66, 0xBE, 0xE0, 0x6B, 0x86, 0xBE, 0xE0, 0x6B, 0x86, 0xBE,
    0xBE, 0xBB, 0x8E, 0x66, 0xBE, 0xBB, 0xBE, 0x66, 0xBB, 0xBB, 0xBE, 0x66, 0xBB, 0xEB, 0x3E, 0x68,
    0xBB, 0xEB, 0xEB, 0x68, 0xBB, 0xBE, 0xEB, 0x6B, 0xBB, 0xBE, 0xEB, 0x8B, 0xEB, 0xBE, 0xEB, 0x8B,
    0x86, 0xBB, 0x68, 0x86, 0x86, 0xBB, 0x6B, 0x66, 0x66, 0xB8, 0x6B, 0x66, 0x66, 0xB8, 0x8B, 0x66,
    0x66, 0x86, 0xBB, 0x68, 0x66, 0x86, 0xBB, 0x88, 0x66, 0x66, 0xB8, 0xBB, 0x66, 0x66, 0xB8, 0xBB,
    0x0E, 0x00, 0x00, 0x00, 0xE8, 0x00, 0x00, 0x00, 0xE8, 0x00, 0x00, 0x00, 0x88, 0x0E, 0x00, 0x00,
    0x86, 0x0E, 0x00, 0x00, 0x88, 0xEB, 0x00, 0x00, 0x88, 0xEB, 0x00, 0x00, 0x8B, 0xB8, 0x0E, 0x00,
    0xE0, 0x68, 0x36, 0xBB, 0xE0, 0x68, 0xE6, 0xB8, 0xE0, 0x68, 0xE8, 0x88, 0xE0, 0x68, 0xE8, 0x88,
    0xBE, 0x66, 0xEB, 0x88, 0xBE, 0x66, 0xEB, 0x88, 0x8E, 0x86, 0xE3, 0x8E, 0x8E, 0x86, 0xBE, 0xEB,
    0xBB, 0xBE, 0xBB, 0xBE, 0xBB, 0xEB, 0xBB, 0xBE, 0xBB, 0xEB, 0xBB, 0x3E, 0xBB, 0xBB, 0xBE, 0xEB,
    0xB8, 0xBB, 0xBE, 0xEB, 0x88, 0xBB, 0xEB, 0xEB, 0x88, 0xBB, 0xEB, 0xEB, 0x88, 0x88, 0xEB, 0xBB,
    0x66, 0x66, 0xB8, 0xBB, 0x66, 0x66, 0x86, 0xBB, 0x68, 0x66, 0x86, 0xBB, 0x68, 0x66, 0x66, 0xB8,
    0x6B, 0x66, 0x66, 0xB8, 0x6B, 0x66, 0x66, 0xB8, 0x83, 0x66, 0x66, 0xB8, 0x8E, 0x66, 0x66, 0xB8,
    0x8B, 0xB8, 0x0E, 0x00, 0xBB, 0xB8, 0xEB, 0x00, 0xBB, 0x8B, 0xEB, 0x00, 0x88, 0x8B, 0xB8, 0x0E,
    0x88, 0xBB, 0xB8, 0x0E, 0x68, 0xB8, 0x88, 0xEB, 0x68, 0xB8, 0x88, 0xEB, 0x68, 0x86, 0x8B, 0xB8,
    0x8E, 0x88, 0xBB, 0xBE, 0xEB, 0x88, 0xB8, 0xEB, 0xEB, 0x88, 0xE8, 0xBB, 0xBB, 0x8E, 0x8E, 0xB8,
    0xBB, 0xEB, 0x88, 0xB8, 0xEE, 0xEE, 0x88, 0xB8, 0x00, 0x00, 0x8E, 0xB8, 0x00, 0x00, 0x8E, 0xB8,
    0xBE, 0x66, 0x66, 0xB8, 0xBE, 0x68, 0x66, 0xB8, 0xBE, 0x68, 0x66, 0xB8, 0x3B, 0x6B, 0x66, 0xB8,
    0xEB, 0x6B, 0x66, 0x86, 0xEB, 0x8B, 0x66, 0x86, 0xEB, 0x8B, 0x66, 0x86, 0xEE, 0xBE, 0xEE, 0xEE,
    0x00, 0x00, 0x8E, 0xBB, 0x00, 0x00, 0x8E, 0xEB, 0x00, 0xE0, 0xB8, 0xEB, 0x00, 0xE0, 0xBB, 0x0E,
    0x00, 0xE0, 0xEE, 0x00, 0x00, 0x00, 0x00, 0x00, 0x00, 0x00, 0x00, 0x00, 0x00, 0x00, 0x00, 0x00,
    0xEE, 0xEE, 0x88, 0x0E, 0xE0, 0xBB, 0x8B, 0x0E, 0xE0, 0xBB, 0xBB, 0x0E, 0x8E, 0x86, 0xEB, 0x00,
    0x6E, 0x66, 0xE8, 0x00, 0x8E, 0x86, 0x0E, 0x00, 0xBE, 0xBB, 0x0E, 0x00, 0xEE, 0xEE, 0x00, 0x00,
    0x00, 0x00, 0x99, 0x99, 0x00, 0x90, 0x33, 0x33, 0x00, 0x29, 0x13, 0x21, 0x90, 0x22, 0x91, 0x21,
    0x30, 0x11, 0x29, 0x19, 0x19, 0x99, 0x29, 0x92, 0x19, 0x17, 0x39, 0xE3, 0x29, 0x27, 0x11, 0xEE,
    0x09, 0x00, 0x00, 0x00, 0x21, 0x09, 0x00, 0x00, 0x19, 0x91, 0x00, 0x00, 0x92, 0x91, 0x00, 0x00,
    0x92, 0x22, 0x09, 0x00, 0x99, 0x29, 0x09, 0x00, 0x33, 0x29, 0x09, 0x00, 0x19, 0x33, 0x92, 0x00,
    0x8B, 0x86, 0x8B, 0xB8, 0x8B, 0x86, 0xBB, 0x88, 0x8B, 0x66, 0xB8, 0x88, 0x8B, 0x66, 0xB8, 0xEE,
    0x8B, 0x66, 0xEE, 0x00, 0x8B, 0xEE, 0x00, 0x00, 0xEE, 0x00, 0x00, 0x00, 0x00, 0x00, 0x00, 0x00,
    0x0E, 0x00, 0x00, 0x00, 0xEB, 0x00, 0x00, 0x00, 0xEE, 0x00, 0x00, 0x00, 0x00, 0x00, 0x00, 0x00,
    0x00, 0x00, 0x00, 0x00, 0x00, 0x00, 0x00, 0x00, 0x00, 0x00, 0x00, 0x00, 0x00, 0x00, 0x00, 0x00,
    0x00, 0x00, 0x00, 0x00, 0x00, 0x00, 0x00, 0x00, 0x00, 0x00, 0x00, 0x00, 0x00, 0x00, 0x00, 0x00,
    0x00, 0xE0, 0xEE, 0x00, 0x00, 0xE0, 0x68, 0x0E, 0xE0, 0x00, 0xE0, 0xE8, 0x8E, 0x00, 0xE0, 0xEB,
    0x6E, 0x0E, 0xEE, 0x6E, 0xE0, 0xE8, 0xEB, 0x86, 0xE0, 0xE6, 0xE8, 0xB8, 0xE0, 0xEB, 0xB6, 0xEE,
    0x00, 0xEE, 0xEE, 0x00, 0x00, 0x00, 0x00, 0x00, 0x00, 0x00, 0x00, 0x00, 0x00, 0x00, 0x00, 0x00,
    0x00, 0xEE, 0x0E, 0x00, 0x09, 0x6E, 0xE8, 0x00, 0x93, 0xE0, 0xE8, 0x00, 0x6E, 0xEB, 0x0E, 0x00,
    0xB6, 0xEB, 0xE6, 0x00, 0xEE, 0xBE, 0xE8, 0x00, 0xBE, 0xE8, 0xEB, 0x00, 0xE0, 0xEB, 0x0E, 0x00,
    0x00, 0xEE, 0x00, 0x00, 0x00, 0x00, 0x00, 0x00, 0x00, 0x00, 0x00, 0x00, 0x00, 0x00, 0x00, 0x00,
    0x00, 0x00, 0x00, 0x00, 0x00, 0x00, 0x00, 0x00, 0x00, 0x00, 0x00, 0x00, 0x00, 0x00, 0x00, 0x00,
    0x00, 0x00, 0x00, 0x00, 0x00, 0x00, 0x00, 0x00, 0x00, 0x00, 0x00, 0x00, 0x00, 0x00, 0x00, 0x00,
    0x00, 0x00, 0x00, 0x00, 0x00, 0x00, 0x00, 0x00, 0x00, 0x00, 0x00, 0x00, 0x0E, 0x00, 0x00, 0x00,
    0xE0, 0xB6, 0xBE, 0xBB, 0xE0, 0xB6, 0xBE, 0xBB, 0xE0, 0xB6, 0xBE, 0xBB, 0xE0, 0x38, 0xBE, 0xBB,
    0x00, 0xBE, 0xBE, 0xBB, 0x00, 0x8E, 0xEB, 0xEB, 0x00, 0xEE, 0xEE, 0x0E, 0x00, 0x00, 0x00, 0x00,
};
static const u16 sFrame58[] = {
    0x0009, 0x00C0, 0x81EF, 0x0000, 0x40E0, 0x81EF, 0x0010, 0x00F0, 0x41F7, 0x0018, 0x40B8, 0x01F7,
    0x001C, 0x40F0, 0x0007, 0x001E, 0x80C8, 0x01E7, 0x0020, 0x80D0, 0x000F, 0x0022, 0x00E8, 0x000F,
    0x0024, 0x00F0, 0x01EF, 0x0025, 0x0000,
};
static const void* const sFrames58[] = { sFrame58 };
static const u8 sTiles59[1248] __attribute__((aligned(4))) = {
    0x00, 0x00, 0x00, 0x00, 0x00, 0x00, 0x00, 0x00, 0x00, 0x00, 0x00, 0x00, 0x00, 0x00, 0x00, 0xE5,
    0x00, 0x00, 0x00, 0x3E, 0x00, 0x00, 0x50, 0x12, 0x00, 0x00, 0xE0, 0xEE, 0x00, 0x00, 0x25, 0x31,
    0x29, 0x2A, 0xE1, 0xE3, 0x90, 0x1A, 0x62, 0x21, 0x90, 0x1A, 0x11, 0x11, 0xEE, 0x2A, 0x11, 0x21,
    0x53, 0xAE, 0x11, 0x22, 0x32, 0xEE, 0x77, 0xAA, 0x31, 0xE5, 0x2A, 0x12, 0x35, 0xEE, 0x18, 0x12,
    0x29, 0x13, 0x92, 0x00, 0x72, 0x23, 0x92, 0x00, 0xA2, 0x39, 0x22, 0x09, 0xA7, 0x39, 0x23, 0xE5,
    0x9A, 0x39, 0xE5, 0x22, 0xA7, 0xE5, 0xE3, 0x31, 0xA2, 0x1E, 0x1E, 0x21, 0x78, 0x2E, 0x3E, 0x22,
    0x00, 0x00, 0x00, 0x00, 0x00, 0x00, 0x00, 0x00, 0x00, 0x00, 0x00, 0x00, 0x0E, 0x00, 0x00, 0x00,
    0xE3, 0x0E, 0x00, 0x00, 0x21, 0xE3, 0x00, 0x00, 0x25, 0x32, 0x0E, 0x00, 0x22, 0x53, 0x0E, 0x00,
    0x00, 0x00, 0x3E, 0x52, 0x00, 0x00, 0xEE, 0xEE, 0x00, 0x00, 0x00, 0x8E, 0x00, 0x00, 0x00, 0x6E,
    0x00, 0x00, 0xEE, 0x88, 0x00, 0xEE, 0x88, 0xBE, 0x99, 0x8E, 0x66, 0xB8, 0x3E, 0x69, 0x66, 0xB8,
    0xEE, 0xEB, 0x28, 0x88, 0x8E, 0xEB, 0x8A, 0x18, 0x8E, 0xBB, 0x8E, 0xA1, 0x8E, 0xB8, 0x7E, 0xA2,
    0x8E, 0xB8, 0x7E, 0xE7, 0x6E, 0xB6, 0xAE, 0xEE, 0x6E, 0x86, 0x33, 0xBB, 0x6E, 0x86, 0xBB, 0xBB,
    0xA2, 0x2E, 0xE3, 0x33, 0xEA, 0xEB, 0xBE, 0xEE, 0xBE, 0x88, 0xB6, 0xBE, 0xBE, 0x68, 0xB6, 0xBE,
    0x88, 0x66, 0xB6, 0xBE, 0x68, 0x66, 0xE8, 0xBE, 0x68, 0x86, 0xEB, 0xE9, 0x68, 0x86, 0xEB, 0x99,
    0xE3, 0xEE, 0x09, 0x00, 0xBB, 0x1E, 0x33, 0x09, 0x8B, 0x3E, 0x12, 0x92, 0x68, 0xE8, 0x39, 0x22,
    0x68, 0x86, 0x93, 0x39, 0x68, 0x86, 0x9E, 0x90, 0x8B, 0xB8, 0xEE, 0x09, 0xBE, 0x8B, 0xB8, 0x0E,
    0xE8, 0x91, 0xB8, 0xEB, 0xEB, 0x93, 0xEB, 0x0E, 0x9E, 0x99, 0x0E, 0x00, 0x00, 0x00, 0x00, 0x00,
    0x00, 0x00, 0x00, 0x00, 0x00, 0x00, 0x00, 0x00, 0x00, 0x00, 0x00, 0xE0, 0x00, 0x00, 0x00, 0xE0,
    0x6E, 0x66, 0xBB, 0x8B, 0x8E, 0x66, 0x33, 0x8B, 0x8E, 0x66, 0xBB, 0x8B, 0x8E, 0x68, 0x8B, 0x8B,
    0x8E, 0x38, 0x33, 0xB8, 0xBE, 0x88, 0x6B, 0xB8, 0xBB, 0x88, 0x6B, 0xB6, 0xBB, 0x3B, 0x63, 0x86,
    0x66, 0x86, 0xEB, 0x00, 0x66, 0x88, 0x9E, 0x00, 0x66, 0x88, 0x9E, 0x00, 0x66, 0x88, 0x0E, 0x00,
    0x66, 0xB8, 0x0E, 0x00, 0x88, 0xB8, 0x0E, 0x00, 0x8B, 0xB8, 0x0E, 0x00, 0x8B, 0x88, 0xEB, 0x00,
    0xBE, 0x8B, 0x66, 0xEB, 0xE9, 0xBB, 0x66, 0xB6, 0x99, 0xBE, 0x68, 0x96, 0x99, 0xE0, 0x8B, 0x19,
    0x09, 0x00, 0x9E, 0xE3, 0x09, 0x00, 0x90, 0x6E, 0x00, 0x00, 0x90, 0x8E, 0x00, 0x00, 0x00, 0xE0,
    0x00, 0x00, 0x00, 0xE0, 0x00, 0x00, 0x00, 0x8E, 0x00, 0x00, 0x00, 0x6E, 0x00, 0x00, 0xE0, 0x68,
    0x00, 0x00, 0xE0, 0x68, 0x00, 0x00, 0xE0, 0x66, 0x00, 0x00, 0x8E, 0x66, 0x00, 0x00, 0x8E, 0xE6,
    0xB6, 0xB8, 0x88, 0x86, 0x66, 0xB8, 0x86, 0x66, 0x66, 0x33, 0x86, 0x6B, 0xE6, 0x8E, 0x86, 0xBB,
    0xE6, 0xEB, 0x66, 0xB8, 0xBE, 0xEB, 0x66, 0xB8, 0xBE, 0xEB, 0x6E, 0x86, 0xBB, 0xEB, 0x3E, 0x66,
    0xBB, 0x88, 0xEB, 0x00, 0xB8, 0x88, 0xE8, 0x0F, 0x86, 0x68, 0x86, 0x0E, 0x8B, 0x68, 0x86, 0x0E,
    0xBB, 0x88, 0x66, 0xE8, 0xBB, 0x88, 0x66, 0xE8, 0xB8, 0x8B, 0x66, 0xE8, 0xB8, 0xBB, 0x68, 0x86,
    0x00, 0x00, 0x00, 0x00, 0x00, 0x00, 0x00, 0x00, 0x00, 0x00, 0x00, 0x00, 0x00, 0x00, 0x00, 0x00,
    0x00, 0x00, 0x00, 0x00, 0x00, 0x00, 0x00, 0x00, 0x00, 0x00, 0x00, 0x00, 0x0E, 0x00, 0x00, 0x00,
    0x00, 0xE0, 0x6B, 0xE3, 0x00, 0xE0, 0x68, 0xBE, 0x00, 0xBE, 0x66, 0xBE, 0x00, 0xBE, 0xE6, 0xBB,
    0x00, 0x8E, 0xE6, 0xBB, 0x00, 0x8E, 0xBE, 0xBB, 0xE0, 0x3B, 0xBE, 0xBB, 0xE0, 0x6B, 0xBE, 0xBB,
    0xBB, 0xEB, 0xEB, 0x66, 0xBB, 0xEB, 0xEB, 0x66, 0xBB, 0xBB, 0xBE, 0x6E, 0xBB, 0xEB, 0xBE, 0x6E,
    0xBB, 0xEB, 0xBE, 0x6E, 0xBB, 0xBE, 0xBE, 0xEB, 0xBB, 0xBE, 0xEB, 0xEB, 0xBB, 0xBE, 0xEB, 0xBB,
    0x86, 0xBB, 0x68, 0x86, 0x86, 0xBB, 0x6B, 0x66, 0x66, 0xB8, 0x6B, 0x66, 0x66, 0xB8, 0x8B, 0x66,
    0x66, 0x86, 0xBB, 0x68, 0x66, 0x86, 0xBB, 0x88, 0x63, 0x66, 0xB8, 0xBB, 0x6E, 0x66, 0xB8, 0xBB,
    0x0E, 0x00, 0x00, 0x00, 0xE8, 0x00, 0x00, 0x00, 0xE8, 0x00, 0x00, 0x00, 0x88, 0x0E, 0x00, 0x00,
    0x86, 0x0E, 0x00, 0x00, 0xE8, 0xEE, 0x00, 0x00, 0x88, 0xBB, 0x0E, 0x00, 0x8B, 0xB8, 0xEB, 0x0E,
    0xE0, 0x68, 0x8E, 0xBB, 0xE0, 0xE8, 0x8E, 0xB8, 0xE0, 0xE8, 0x8E, 0x88, 0xE0, 0xE8, 0x8E, 0x88,
    0xBE, 0xE3, 0xEB, 0x88, 0xBE, 0xE6, 0xEB, 0x88, 0x8E, 0xE6, 0xBB, 0x8E, 0x8E, 0xBE, 0xBB, 0xEB,
    0xEB, 0xBE, 0xEB, 0xBB, 0xEB, 0xEB, 0xEB, 0xBB, 0xBB, 0xEB, 0xBB, 0xBE, 0xBB, 0xBB, 0xBE, 0xBE,
    0xB8, 0xBB, 0xBE, 0xBE, 0x88, 0xBB, 0xEB, 0xBE, 0x88, 0xBB, 0xEB, 0xEB, 0x88, 0x88, 0xBB, 0xEE,
    0x6E, 0x66, 0xB8, 0xBB, 0xEB, 0x66, 0x86, 0xBB, 0xEB, 0x66, 0x86, 0xBB, 0xBB, 0x6E, 0x66, 0xB8,
    0xBB, 0x3E, 0x66, 0xB8, 0xBB, 0xEB, 0x66, 0xB8, 0xBB, 0xEB, 0x66, 0x88, 0xBB, 0xEB, 0x66, 0x88,
    0x8B, 0x88, 0xBB, 0xEB, 0xBB, 0x88, 0xB8, 0xBB, 0xBB, 0x8B, 0x86, 0xBB, 0xBB, 0x8B, 0x66, 0xB8,
    0xB8, 0xBB, 0x68, 0x86, 0x8B, 0xBB, 0x68, 0x86, 0x8B, 0xBB, 0x68, 0x66, 0xBB, 0xB8, 0x8B, 0x66,
    0x8E, 0x88, 0xBB, 0xEB, 0xEB, 0x88, 0xB8, 0xEB, 0xEB, 0x88, 0xE8, 0xBB, 0xBB, 0x8E, 0x8E, 0xB8,
    0xBB, 0xEB, 0x88, 0xB8, 0xEE, 0xEE, 0x88, 0xB8, 0x00, 0x00, 0x8E, 0xB8, 0x00, 0x00, 0x8E, 0xB8,
    0xBB, 0xBB, 0x6E, 0x88, 0xBE, 0xB8, 0x6E, 0x86, 0xBE, 0xB8, 0xEB, 0x66, 0x8E, 0x88, 0xEB, 0x63,
    0xEB, 0x88, 0xBB, 0x6E, 0xEB, 0x88, 0xB8, 0x6E, 0xEB, 0x88, 0xBB, 0xEB, 0xEE, 0x88, 0xEE, 0xEE,
    0x00, 0x00, 0x8E, 0xBB, 0x00, 0x00, 0x8E, 0xEB, 0x00, 0xE0, 0xB8, 0xEB, 0x00, 0xE0, 0xBB, 0x0E,
    0x00, 0xE0, 0xEE, 0x00, 0x00, 0x00, 0x00, 0x00, 0x00, 0x00, 0x00, 0x00, 0x00, 0x00, 0x00, 0x00,
    0xEE, 0xEE, 0x88, 0x0E, 0xE0, 0xBB, 0x8B, 0x0E, 0xE0, 0xBB, 0xBB, 0x0E, 0x8E, 0x86, 0xEB, 0x00,
    0x6E, 0x66, 0xE8, 0x00, 0x8E, 0x86, 0x0E, 0x00, 0xBE, 0xBB, 0x0E, 0x00, 0xEE, 0xEE, 0x00, 0x00,
    0x00, 0x00, 0x99, 0x99, 0x00, 0x90, 0x33, 0x33, 0x00, 0x29, 0x13, 0x21, 0x90, 0x22, 0x91, 0x21,
    0x30, 0x11, 0x29, 0x19, 0x19, 0x99, 0x29, 0x92, 0x19, 0x17, 0x39, 0xE3, 0x29, 0x27, 0x11, 0xEE,
    0x09, 0x00, 0x00, 0x00, 0x21, 0x09, 0x00, 0x00, 0x19, 0x91, 0x00, 0x00, 0x92, 0x91, 0x00, 0x00,
    0x92, 0x22, 0x09, 0x00, 0x99, 0x29, 0x09, 0x00, 0x33, 0x29, 0x09, 0x00, 0x19, 0x33, 0x92, 0x00,
    0xB8, 0xB8, 0x8B, 0x66, 0x88, 0x88, 0xBB, 0x66, 0x88, 0x88, 0xB8, 0x88, 0x66, 0x88, 0x88, 0xEB,
    0x66, 0x66, 0x66, 0x0E, 0x66, 0x66, 0xEE, 0x00, 0x88, 0xEE, 0x00, 0x00, 0xEE, 0x00, 0x00, 0x00,
    0xE8, 0x00, 0x00, 0x00, 0xE8, 0x00, 0x00, 0x00, 0x0E, 0x00, 0x00, 0x00, 0x0E, 0x00, 0x00, 0x00,
    0x00, 0x00, 0x00, 0x00, 0x00, 0x00, 0x00, 0x00, 0x00, 0x00, 0x00, 0x00, 0x00, 0x00, 0x00, 0x00,
    0x00, 0x00, 0x00, 0x00, 0x00, 0x00, 0x00, 0x00, 0x00, 0x00, 0x00, 0x00, 0x00, 0x00, 0x00, 0x00,
    0x00, 0xE0, 0xEE, 0x00, 0x00, 0xE0, 0x68, 0x0E, 0xE0, 0x00, 0xE0, 0xE8, 0x8E, 0x00, 0xE0, 0xEB,
    0x6E, 0x0E, 0xEE, 0x6E, 0xE0, 0xE8, 0xEB, 0x86, 0xE0, 0xE6, 0xE8, 0xB8, 0xE0, 0xEB, 0xB6, 0xEE,
    0x00, 0xEE, 0xEE, 0x00, 0x00, 0x00, 0x00, 0x00, 0x00, 0x00, 0x00, 0x00, 0x00, 0x00, 0x00, 0x00,
    0x00, 0x00, 0x00, 0x00, 0x00, 0x00, 0x00, 0x00, 0x00, 0x00, 0x00, 0x00, 0x09, 0x00, 0x00, 0x00,
    0x92, 0x00, 0x00, 0x00, 0x93, 0x00, 0x00, 0x00, 0x39, 0x09, 0x00, 0x00, 0x90, 0x09, 0x00, 0x00,
    0x90, 0xEE, 0x0E, 0x00, 0x99, 0x6E, 0xE8, 0x00, 0x93, 0xE0, 0xE8, 0x00, 0x6E, 0xEB, 0x0E, 0x00,
    0xB6, 0xEB, 0xE6, 0x00, 0xEE, 0xBE, 0xE8, 0x00, 0xBE, 0xE8, 0xEB, 0x00, 0xE0, 0xEB, 0x0E, 0x00,
    0x00, 0xEE, 0x00, 0x00, 0x00, 0x00, 0x00, 0x00, 0x00, 0x00, 0x00, 0x00, 0x00, 0x00, 0x00, 0x00,
    0x00, 0x00, 0x00, 0x00, 0x00, 0x00, 0x00, 0x00, 0x00, 0x00, 0x00, 0x00, 0x00, 0x00, 0x00, 0x00,
    0x00, 0x00, 0x00, 0x00, 0x0E, 0x00, 0x00, 0x00, 0xE8, 0x0E, 0x00, 0x00, 0x86, 0x0E, 0x00, 0x00,
    0x86, 0x0E, 0x00, 0x00, 0x86, 0x0E, 0x00, 0x00, 0x86, 0x0E, 0x00, 0x00, 0xB6, 0x0E, 0x00, 0x00,
    0x30, 0xBE, 0xBB, 0xBB, 0xE0, 0xBE, 0xBB, 0xBB, 0xE0, 0xBB, 0xBB, 0xBB, 0xE0, 0xBB, 0xBB, 0xBB,
    0x00, 0xBE, 0xBB, 0xBB, 0x00, 0xBE, 0xBB, 0xEB, 0x00, 0xEE, 0xEE, 0x0E, 0x00, 0x00, 0x00, 0x00,
};
static const u16 sFrame59[] = {
    0x000A, 0x00C0, 0x81EF, 0x0000, 0x40E0, 0x81EF, 0x0010, 0x00F0, 0x41F7, 0x0018, 0x40B8, 0x01F7,
    0x001C, 0x40F0, 0x0007, 0x001E, 0x80C8, 0x01E7, 0x0020, 0x80C8, 0x000F, 0x0022, 0x00D8, 0x000F,
    0x0024, 0x00E8, 0x000F, 0x0025, 0x00F0, 0x01EF, 0x0026, 0x0000,
};
static const void* const sFrames59[] = { sFrame59 };
static const u8 sTiles60[1280] __attribute__((aligned(4))) = {
    0x00, 0x00, 0x00, 0x00, 0x00, 0x00, 0x00, 0x00, 0x00, 0x00, 0x00, 0x00, 0x00, 0x00, 0x00, 0xE5,
    0x00, 0x00, 0x00, 0x3E, 0x00, 0x00, 0x50, 0x12, 0x00, 0x00, 0xE0, 0xEE, 0x00, 0x00, 0x25, 0x31,
    0x29, 0x2A, 0xE1, 0xE3, 0x90, 0x1A, 0x62, 0x21, 0x90, 0x1A, 0x11, 0x11, 0xEE, 0x2A, 0x11, 0x21,
    0x53, 0xAE, 0x11, 0x22, 0x32, 0xEE, 0x77, 0xAA, 0x31, 0xE5, 0x2A, 0x12, 0x35, 0xEE, 0x18, 0x12,
    0x29, 0x13, 0x92, 0x00, 0x72, 0x23, 0x92, 0x00, 0xA2, 0x39, 0x22, 0x99, 0xA7, 0x39, 0x23, 0xE5,
    0x9A, 0x39, 0xE5, 0x22, 0xA7, 0xE5, 0xE3, 0x31, 0xA2, 0x1E, 0x1E, 0x21, 0x78, 0x2E, 0x3E, 0x22,
    0x00, 0x00, 0x00, 0x00, 0x00, 0x00, 0x00, 0x00, 0x09, 0x00, 0x00, 0x00, 0x9E, 0x99, 0x00, 0x00,
    0xE3, 0x2E, 0x99, 0x99, 0x21, 0xE3, 0x11, 0x22, 0x25, 0x32, 0x9E, 0x99, 0x22, 0x53, 0x3E, 0x93,
    0x00, 0x00, 0x3E, 0x52, 0x00, 0x00, 0xEE, 0xEE, 0x00, 0x00, 0x00, 0x8E, 0x00, 0x00, 0x00, 0x6E,
    0x00, 0x00, 0xEE, 0x88, 0x00, 0xEE, 0x88, 0xBE, 0x99, 0x8E, 0x66, 0xB8, 0x3E, 0x69, 0x66, 0xB8,
    0xEE, 0xEB, 0x28, 0x88, 0x8E, 0xEB, 0x8A, 0x18, 0x8E, 0xBB, 0x8E, 0xA1, 0x8E, 0xB8, 0x7E, 0xA2,
    0x8E, 0xB8, 0x7E, 0xE7, 0x6E, 0xB6, 0xAE, 0xEE, 0x6E, 0x86, 0x33, 0xBB, 0x6E, 0x86, 0xBB, 0xBB,
    0xA2, 0x2E, 0xE3, 0x33, 0xEA, 0xEB, 0xBE, 0xEE, 0xBE, 0x88, 0xB6, 0xBE, 0xBE, 0x68, 0xB6, 0xBE,
    0x88, 0x66, 0xB6, 0xBE, 0x68, 0x66, 0xE8, 0xBE, 0x68, 0x86, 0xEB, 0xE9, 0x68, 0x86, 0xEB, 0x90,
    0xE3, 0xEE, 0x22, 0x22, 0xBB, 0x3E, 0x99, 0x99, 0x8B, 0x3E, 0x93, 0x00, 0x68, 0xE8, 0x22, 0x99,
    0x68, 0x86, 0x93, 0x99, 0x68, 0x86, 0x0E, 0x00, 0x8B, 0xB8, 0xEE, 0x00, 0xBE, 0x8B, 0xB8, 0x0E,
    0xE8, 0x91, 0xB8, 0xEB, 0xEB, 0x93, 0xEB, 0x0E, 0x9E, 0x99, 0x0E, 0x00, 0x00, 0x00, 0x00, 0x00,
    0x00, 0x00, 0x00, 0x00, 0x00, 0x00, 0x00, 0x00, 0x00, 0x00, 0x00, 0xE0, 0x00, 0x00, 0x00, 0xE0,
    0x6E, 0x66, 0xBB, 0x8B, 0x8E, 0x66, 0x33, 0x8B, 0x8E, 0x66, 0xBB, 0x8B, 0x8E, 0x68, 0x8B, 0x8B,
    0x8E, 0x38, 0x33, 0xB8, 0xBE, 0x88, 0x6B, 0xB8, 0xBB, 0x88, 0x6B, 0xB6, 0xBB, 0x3B, 0x63, 0x86,
    0x66, 0x86, 0xEB, 0x00, 0x66, 0x88, 0x0E, 0x00, 0x66, 0x88, 0x0E, 0x00, 0x66, 0x88, 0x0E, 0x00,
    0x66, 0xB8, 0x0E, 0x00, 0x88, 0xB8, 0x0E, 0x00, 0x8B, 0xB8, 0x0E, 0x00, 0x8B, 0x88, 0xEB, 0x00,
    0xBE, 0x8B, 0x66, 0xEB, 0xE0, 0xBB, 0x66, 0xB6, 0x00, 0xBE, 0x68, 0x96, 0x00, 0xE0, 0x8B, 0x19,
    0x00, 0x00, 0x9E, 0xE3, 0x00, 0x00, 0x90, 0x6E, 0x00, 0x00, 0x00, 0x8E, 0x00, 0x00, 0x00, 0xE0,
    0x00, 0x00, 0x00, 0xE0, 0x00, 0x00, 0x00, 0x8E, 0x00, 0x00, 0x00, 0x6E, 0x00, 0x00, 0xE0, 0x68,
    0x00, 0x00, 0xE0, 0x68, 0x00, 0x00, 0xE0, 0x66, 0x00, 0x00, 0x8E, 0x66, 0x00, 0x00, 0x8E, 0x66,
    0xB6, 0xB8, 0x88, 0x86, 0x66, 0xB8, 0x86, 0x66, 0x66, 0x33, 0x86, 0x6B, 0x66, 0x8E, 0x86, 0xBB,
    0xE6, 0xEB, 0x66, 0xB8, 0xE6, 0xEB, 0x66, 0xB8, 0xBE, 0xEB, 0x6B, 0x86, 0xBE, 0xEB, 0x63, 0x66,
    0xBB, 0x88, 0xEB, 0x00, 0xB8, 0x88, 0xE8, 0x00, 0x86, 0x68, 0x86, 0x0E, 0x8B, 0x68, 0x86, 0x0E,
    0xBB, 0x88, 0x66, 0xE8, 0xBB, 0x88, 0x66, 0xE8, 0xB8, 0x8B, 0x66, 0xB8, 0xB8, 0xBB, 0x68, 0x86,
    0x00, 0x00, 0x00, 0x00, 0x00, 0x00, 0x00, 0x00, 0x00, 0x00, 0x00, 0x00, 0x00, 0x00, 0x00, 0x00,
    0x00, 0x00, 0x00, 0x00, 0x00, 0x00, 0x00, 0x00, 0x0E, 0x00, 0x00, 0x00, 0x0E, 0x00, 0x00, 0x00,
    0x00, 0xE0, 0x6B, 0x66, 0x00, 0xE0, 0x68, 0x36, 0x00, 0xBE, 0x66, 0xE8, 0x00, 0xBE, 0x66, 0xE8,
    0x00, 0x8E, 0x66, 0xEB, 0x00, 0x8E, 0x66, 0xBE, 0xE0, 0x6B, 0x86, 0xBE, 0xE0, 0x6B, 0x86, 0xBE,
    0xBE, 0xBB, 0x8E, 0x66, 0xBE, 0xBB, 0xBE, 0x66, 0xBB, 0xBB, 0xBE, 0x66, 0xBB, 0xEB, 0x3E, 0x68,
    0xBB, 0xEB, 0xEB, 0x68, 0xBB, 0xBE, 0xEB, 0x6B, 0xBB, 0xBE, 0xEB, 0x8B, 0xEB, 0xBE, 0xEB, 0x8B,
    0x86, 0xBB, 0x68, 0x86, 0x86, 0xBB, 0x6B, 0x66, 0x66, 0xB8, 0x6B, 0x66, 0x66, 0xB8, 0x8B, 0x66,
    0x66, 0x86, 0xBB, 0x68, 0x66, 0x86, 0xBB, 0x88, 0x66, 0x66, 0xB8, 0xBB, 0x66, 0x66, 0xB8, 0xBB,
    0x0E, 0x00, 0x00, 0x00, 0xE8, 0x00, 0x00, 0x00, 0xE8, 0x00, 0x00, 0x00, 0x88, 0x0E, 0x00, 0x00,
    0x86, 0x0E, 0x00, 0x00, 0x88, 0xEB, 0x00, 0x00, 0x88, 0xEB, 0x00, 0x00, 0x8B, 0xB8, 0x0E, 0x00,
    0xE0, 0x68, 0x36, 0xBB, 0xE0, 0x68, 0xE6, 0xB8, 0xE0, 0x68, 0xE8, 0x88, 0xE0, 0x68, 0xE8, 0x88,
    0xBE, 0x66, 0xEB, 0x88, 0xBE, 0x66, 0xEB, 0x88, 0x8E, 0x86, 0xE3, 0x8E, 0x8E, 0x86, 0xBE, 0xEB,
    0xBB, 0xBE, 0xBB, 0xBE, 0xBB, 0xEB, 0xBB, 0xBE, 0xBB, 0xEB, 0xBB, 0x3E, 0xBB, 0xBB, 0xBE, 0xEB,
    0xB8, 0xBB, 0xBE, 0xEB, 0x88, 0xBB, 0xEB, 0xEB, 0x88, 0xBB, 0xEB, 0xEB, 0x88, 0x88, 0xEB, 0xBB,
    0x66, 0x66, 0xB8, 0xBB, 0x66, 0x66, 0x86, 0xBB, 0x68, 0x66, 0x86, 0xBB, 0x68, 0x66, 0x66, 0xB8,
    0x6B, 0x66, 0x66, 0xB8, 0x6B, 0x66, 0x66, 0xB8, 0x83, 0x66, 0x66, 0xB8, 0x8E, 0x66, 0x66, 0xB8,
    0x8B, 0xB8, 0x0E, 0x00, 0xBB, 0xB8, 0xEB, 0x00, 0xBB, 0x8B, 0xEB, 0x00, 0x88, 0x8B, 0xB8, 0x0E,
    0x88, 0xBB, 0xB8, 0x0E, 0x68, 0xB8, 0x88, 0xEB, 0x68, 0xB8, 0x88, 0xEB, 0x68, 0x86, 0x8B, 0xB8,
    0x8E, 0x88, 0xBB, 0xBE, 0xEB, 0x88, 0xB8, 0xEB, 0xEB, 0x88, 0xE8, 0xBB, 0xBB, 0x8E, 0x8E, 0xB8,
    0xBB, 0xEB, 0x88, 0xB8, 0xEE, 0xEE, 0x88, 0xB8, 0x00, 0x00, 0x8E, 0xB8, 0x00, 0x00, 0x8E, 0xB8,
    0xBE, 0x66, 0x66, 0xB8, 0xBE, 0x68, 0x66, 0xB8, 0xBE, 0x68, 0x66, 0xB8, 0x3B, 0x6B, 0x66, 0xB8,
    0xEB, 0x6B, 0x66, 0x86, 0xEB, 0x8B, 0x66, 0x86, 0xEB, 0x8B, 0x66, 0x86, 0xEE, 0xBE, 0xEE, 0xEE,
    0x00, 0x00, 0x8E, 0xBB, 0x00, 0x00, 0x8E, 0xEB, 0x00, 0xE0, 0xB8, 0xEB, 0x00, 0xE0, 0xBB, 0x0E,
    0x00, 0xE0, 0xEE, 0x00, 0x00, 0x00, 0x00, 0x00, 0x00, 0x00, 0x00, 0x00, 0x00, 0x00, 0x00, 0x00,
    0xEE, 0xEE, 0x88, 0x0E, 0xE0, 0xBB, 0x8B, 0x0E, 0xE0, 0xBB, 0xBB, 0x0E, 0x8E, 0x86, 0xEB, 0x00,
    0x6E, 0x66, 0xE8, 0x00, 0x8E, 0x86, 0x0E, 0x00, 0xBE, 0xBB, 0x0E, 0x00, 0xEE, 0xEE, 0x00, 0x00,
    0x00, 0x00, 0x00, 0x00, 0x00, 0x00, 0x00, 0x00, 0x00, 0x00, 0x00, 0x00, 0x00, 0x00, 0x00, 0x00,
    0x99, 0x00, 0x00, 0x00, 0x33, 0x99, 0x09, 0x00, 0x99, 0x99, 0x99, 0x00, 0x09, 0x00, 0x90, 0x09,
    0x92, 0x00, 0x00, 0x99, 0x29, 0x09, 0x00, 0x90, 0x90, 0x92, 0x00, 0x00, 0x00, 0x99, 0x00, 0x00,
    0x09, 0x90, 0x09, 0x00, 0x90, 0x00, 0x09, 0x00, 0x00, 0x09, 0x09, 0x00, 0x00, 0x00, 0x00, 0x00,
    0x00, 0xEE, 0x0E, 0x00, 0x09, 0x6E, 0xE8, 0x00, 0x93, 0xE0, 0xE8, 0x00, 0x6E, 0xEB, 0x0E, 0x00,
    0xB6, 0xEB, 0xE6, 0x00, 0xEE, 0xBE, 0xE8, 0x00, 0xBE, 0xE8, 0xEB, 0x00, 0xE0, 0xEB, 0x0E, 0x00,
    0x00, 0xEE, 0x00, 0x00, 0x00, 0x00, 0x00, 0x00, 0x00, 0x00, 0x00, 0x00, 0x00, 0x00, 0x00, 0x00,
    0x00, 0x00, 0x00, 0x00, 0x00, 0x00, 0x00, 0x00, 0x00, 0x00, 0x00, 0x00, 0x00, 0x00, 0x00, 0x00,
    0x00, 0x00, 0x99, 0x99, 0x00, 0x90, 0x33, 0x33, 0x00, 0x29, 0x13, 0x21, 0x90, 0x22, 0x91, 0x21,
    0x30, 0x11, 0x29, 0x19, 0x19, 0x99, 0x29, 0x92, 0x19, 0x17, 0x39, 0xE3, 0x29, 0x27, 0x11, 0xEE,
    0x09, 0x00, 0x00, 0x00, 0x21, 0x09, 0x00, 0x00, 0x19, 0x91, 0x00, 0x00, 0x92, 0x91, 0x00, 0x00,
    0x92, 0x22, 0x09, 0x00, 0x99, 0x29, 0x09, 0x00, 0x33, 0x29, 0x09, 0x00, 0x19, 0x33, 0x92, 0x00,
    0x8B, 0x86, 0x8B, 0xB8, 0x8B, 0x86, 0xBB, 0x88, 0x8B, 0x66, 0xB8, 0x88, 0x8B, 0x66, 0xB8, 0xEE,
    0x8B, 0x66, 0xEE, 0x00, 0x8B, 0xEE, 0x00, 0x00, 0xEE, 0x00, 0x00, 0x00, 0x00, 0x00, 0x00, 0x00,
    0x0E, 0x00, 0x00, 0x00, 0xEB, 0x00, 0x00, 0x00, 0xEE, 0x00, 0x00, 0x00, 0x00, 0x00, 0x00, 0x00,
    0x00, 0x00, 0x00, 0x00, 0x00, 0x00, 0x00, 0x00, 0x00, 0x00, 0x00, 0x00, 0x00, 0x00, 0x00, 0x00,
    0x00, 0x00, 0x00, 0x00, 0x00, 0x00, 0x00, 0x00, 0x00, 0x00, 0x00, 0x00, 0x00, 0x00, 0x00, 0x00,
    0x00, 0xE0, 0xEE, 0x00, 0x00, 0xE0, 0x68, 0x0E, 0xE0, 0x00, 0xE0, 0xE8, 0x8E, 0x00, 0xE0, 0xEB,
    0x6E, 0x0E, 0xEE, 0x6E, 0xE0, 0xE8, 0xEB, 0x86, 0xE0, 0xE6, 0xE8, 0xB8, 0xE0, 0xEB, 0xB6, 0xEE,
    0x00, 0xEE, 0xEE, 0x00, 0x00, 0x00, 0x00, 0x00, 0x00, 0x00, 0x00, 0x00, 0x00, 0x00, 0x00, 0x00,
    0x00, 0x00, 0x00, 0x00, 0x00, 0x00, 0x00, 0x00, 0x00, 0x00, 0x00, 0x00, 0x00, 0x00, 0x00, 0x00,
    0x00, 0x00, 0x00, 0x00, 0x00, 0x00, 0x00, 0x00, 0x00, 0x00, 0x00, 0x00, 0x0E, 0x00, 0x00, 0x00,
    0xE0, 0xB6, 0xBE, 0xBB, 0xE0, 0xB6, 0xBE, 0xBB, 0xE0, 0xB6, 0xBE, 0xBB, 0xE0, 0x38, 0xBE, 0xBB,
    0x00, 0xBE, 0xBE, 0xBB, 0x00, 0x8E, 0xEB, 0xEB, 0x00, 0xEE, 0xEE, 0x0E, 0x00, 0x00, 0x00, 0x00,
};
static const u16 sFrame60[] = {
    0x0009, 0x00C0, 0x81EF, 0x0000, 0x40E0, 0x81EF, 0x0010, 0x00F0, 0x41F7, 0x0018, 0x80C0, 0x400F,
    0x001C, 0x40B8, 0x01F7, 0x0020, 0x40F0, 0x0007, 0x0022, 0x80C8, 0x01E7, 0x0024, 0x00E8, 0x000F,
    0x0026, 0x00F0, 0x01EF, 0x0027, 0x0000,
};
static const void* const sFrames60[] = { sFrame60 };
static const u8 sTiles61[1152] __attribute__((aligned(4))) = {
    0x00, 0x00, 0x00, 0x00, 0x00, 0x00, 0x00, 0x00, 0x00, 0x00, 0x00, 0x00, 0x00, 0x00, 0x00, 0xE5,
    0x00, 0x00, 0x00, 0x3E, 0x00, 0x00, 0x50, 0x12, 0x00, 0x00, 0xE0, 0xEE, 0x00, 0x00, 0x25, 0x31,
    0x29, 0x2A, 0xE1, 0xE3, 0x90, 0x1A, 0x62, 0x21, 0x90, 0x1A, 0x11, 0x11, 0xEE, 0x2A, 0x11, 0x21,
    0x53, 0xAE, 0x11, 0x22, 0x32, 0xEE, 0x77, 0xAA, 0x31, 0xE5, 0x2A, 0x12, 0x35, 0xEE, 0x18, 0x12,
    0x29, 0x13, 0x92, 0x00, 0x72, 0x23, 0x92, 0x00, 0xA2, 0x39, 0x22, 0x09, 0xA7, 0x39, 0x23, 0xE5,
    0x9A, 0x39, 0xE5, 0x22, 0xA7, 0xE5, 0xE3, 0x31, 0xA2, 0x1E, 0x1E, 0x21, 0x78, 0x2E, 0x3E, 0x22,
    0x00, 0x00, 0x00, 0x00, 0x00, 0x00, 0x00, 0x00, 0x00, 0x00, 0x00, 0x00, 0x0E, 0x00, 0x00, 0x00,
    0xE3, 0x0E, 0x00, 0x00, 0x21, 0xE3, 0x00, 0x00, 0x25, 0x32, 0x0E, 0x00, 0x22, 0x53, 0x0E, 0x00,
    0x00, 0x00, 0x3E, 0x52, 0x00, 0x00, 0xEE, 0xEE, 0x00, 0x00, 0x00, 0x8E, 0x00, 0x00, 0x00, 0x6E,
    0x00, 0x00, 0xEE, 0x88, 0x00, 0xEE, 0x88, 0xBE, 0x99, 0x8E, 0x66, 0xB8, 0x3E, 0x69, 0x66, 0xB8,
    0xEE, 0xEB, 0x28, 0x88, 0x8E, 0xEB, 0x8A, 0x18, 0x8E, 0xBB, 0x8E, 0xA1, 0x8E, 0xB8, 0x7E, 0xA2,
    0x8E, 0xB8, 0x7E, 0xE7, 0x6E, 0xB6, 0xAE, 0xEE, 0x6E, 0x86, 0x33, 0xBB, 0x6E, 0x86, 0xBB, 0xBB,
    0xA2, 0x2E, 0xE3, 0x33, 0xEA, 0xEB, 0xBE, 0xEE, 0xBE, 0x88, 0xB6, 0xBE, 0xBE, 0x68, 0xB6, 0xBE,
    0x88, 0x66, 0xB6, 0xBE, 0x68, 0x66, 0xE8, 0xBE, 0x68, 0x86, 0xEB, 0xE9, 0x68, 0x86, 0xEB, 0x99,
    0xE3, 0xEE, 0x09, 0x00, 0xBB, 0x1E, 0x33, 0x09, 0x8B, 0x3E, 0x12, 0x92, 0x68, 0xE8, 0x39, 0x22,
    0x68, 0x86, 0x93, 0x39, 0x68, 0x86, 0x9E, 0x90, 0x8B, 0xB8, 0xEE, 0x09, 0xBE, 0x8B, 0xB8, 0x0E,
    0x00, 0x00, 0xE0, 0x86, 0x00, 0x00, 0xE0, 0x86, 0x00, 0x00, 0x6E, 0x86, 0x00, 0x00, 0x6E, 0x86,
    0x00, 0x00, 0x6E, 0x88, 0x00, 0x00, 0x6E, 0xE8, 0x00, 0x00, 0x6E, 0xE3, 0x00, 0x00, 0x6E, 0xE8,
    0xBE, 0xBB, 0x8E, 0x86, 0xBE, 0xBB, 0x8E, 0x86, 0xBE, 0xBB, 0x8E, 0x66, 0xBE, 0xEB, 0x8E, 0x66,
    0xBE, 0xEB, 0x3E, 0x66, 0xBB, 0xBE, 0xBE, 0x68, 0xBB, 0xBE, 0xBE, 0x68, 0xEB, 0xBE, 0xBE, 0x68,
    0xBB, 0x68, 0x66, 0xBB, 0xB8, 0x8B, 0x66, 0xB8, 0xB8, 0x8B, 0x66, 0xB8, 0xB8, 0xBB, 0x66, 0xB8,
    0x88, 0xBB, 0x68, 0x88, 0x88, 0xBB, 0x68, 0x66, 0x86, 0xB8, 0x8B, 0x66, 0x86, 0xB8, 0x8B, 0x66,
    0x0E, 0x00, 0x00, 0x00, 0x0E, 0x00, 0x00, 0x00, 0x0E, 0x00, 0x00, 0x00, 0xEB, 0x00, 0x00, 0x00,
    0xEB, 0x00, 0x00, 0x00, 0xE8, 0x00, 0x00, 0x00, 0xB8, 0x0E, 0x00, 0x00, 0xB8, 0x0E, 0x00, 0x00,
    0x00, 0xE0, 0x66, 0xE8, 0x00, 0xE0, 0x66, 0xE8, 0x00, 0xE0, 0x86, 0xE8, 0x00, 0xE0, 0x86, 0xEB,
    0x00, 0xE0, 0x86, 0x8E, 0x00, 0xE0, 0x36, 0x8E, 0x00, 0x8E, 0x86, 0x8E, 0x00, 0x8E, 0x86, 0xEE,
    0xBB, 0xBE, 0xBE, 0x68, 0xBB, 0xEB, 0xEB, 0x68, 0xBB, 0xEB, 0xEB, 0x68, 0xBB, 0xBB, 0xEE, 0x63,
    0xB8, 0xBB, 0xEE, 0x6B, 0x88, 0xBB, 0xEB, 0x6B, 0x88, 0xBB, 0xEB, 0x6B, 0x88, 0x88, 0xEB, 0x6B,
    0x86, 0xB8, 0xBB, 0x88, 0x66, 0x88, 0xBB, 0x88, 0x66, 0x88, 0xBB, 0xBB, 0x66, 0x88, 0xBB, 0xBB,
    0x66, 0x86, 0xBB, 0xBB, 0x66, 0x86, 0xB8, 0xBB, 0x66, 0x86, 0xB8, 0xBB, 0x66, 0x86, 0x88, 0xBB,
    0xBB, 0x0E, 0x00, 0x00, 0xBB, 0x0E, 0x00, 0x00, 0xBB, 0xEB, 0x00, 0x00, 0xBB, 0xE8, 0x00, 0x00,
    0xBB, 0xE8, 0x00, 0x00, 0x8B, 0xE8, 0x00, 0x00, 0x8B, 0x68, 0x0E, 0x00, 0x6B, 0x66, 0x0E, 0x00,
    0xE8, 0x91, 0xB8, 0xEB, 0xEB, 0x93, 0xEB, 0x0E, 0x9E, 0x99, 0x0E, 0x00, 0x00, 0x00, 0x00, 0x00,
    0x00, 0x00, 0x00, 0x00, 0x00, 0x00, 0x00, 0x00, 0x00, 0x00, 0x00, 0xE0, 0x00, 0x00, 0x00, 0xE0,
    0x6E, 0x66, 0xBB, 0x8B, 0x8E, 0x66, 0x33, 0x8B, 0x8E, 0x66, 0xBB, 0x8B, 0x8E, 0x68, 0x8B, 0x8B,
    0x8E, 0x38, 0x33, 0xB8, 0xBE, 0x88, 0x6B, 0xB8, 0xBB, 0x88, 0x6B, 0xB6, 0xBB, 0x3B, 0x63, 0x86,
    0x00, 0x00, 0x00, 0xE0, 0x00, 0x00, 0x00, 0x8E, 0x00, 0x00, 0x00, 0x6E, 0x00, 0x00, 0x00, 0x6E,
    0x00, 0x00, 0xE0, 0x68, 0x00, 0x00, 0xE0, 0x66, 0x00, 0x00, 0xE0, 0x86, 0x00, 0x00, 0xE0, 0x36,
    0xB6, 0xB8, 0x88, 0x86, 0x66, 0xB8, 0x86, 0x66, 0xE6, 0x33, 0x86, 0x6B, 0xE8, 0xEE, 0x86, 0xBB,
    0xE8, 0xEB, 0x66, 0xB8, 0xE8, 0xEB, 0x66, 0xB8, 0xBE, 0xEB, 0x68, 0xB8, 0xBE, 0xEB, 0x83, 0x86,
    0x8E, 0x88, 0xEB, 0x63, 0xEB, 0x88, 0xE8, 0x8B, 0xEB, 0x88, 0xE8, 0x8B, 0xBB, 0x8E, 0x8E, 0xBE,
    0xBB, 0xEB, 0x88, 0x3E, 0xEE, 0xEE, 0x88, 0xBE, 0x00, 0x00, 0x8E, 0xBE, 0x00, 0x00, 0x8E, 0xEE,
    0x66, 0x66, 0x88, 0xBB, 0x66, 0x66, 0x88, 0xBB, 0x66, 0x66, 0x88, 0xBB, 0x66, 0x66, 0x86, 0xB8,
    0x66, 0x66, 0x86, 0xB8, 0x66, 0x66, 0x66, 0xB8, 0x66, 0x66, 0x66, 0xE8, 0xEE, 0xEE, 0xEE, 0xEE,
    0x00, 0x00, 0x8E, 0xBB, 0x00, 0x00, 0x8E, 0xEB, 0x00, 0xE0, 0xB8, 0xEB, 0x00, 0xE0, 0xBB, 0x0E,
    0x00, 0xE0, 0xEE, 0x00, 0x00, 0x00, 0x00, 0x00, 0x00, 0x00, 0x00, 0x00, 0x00, 0x00, 0x00, 0x00,
    0xEE, 0xEE, 0x88, 0x0E, 0xE0, 0xBB, 0x8B, 0x0E, 0xE0, 0xBB, 0xBB, 0x0E, 0x8E, 0x86, 0xEB, 0x00,
    0x6E, 0x66, 0xE8, 0x00, 0x8E, 0x86, 0x0E, 0x00, 0xBE, 0xBB, 0x0E, 0x00, 0xEE, 0xEE, 0x00, 0x00,
    0x00, 0x00, 0x99, 0x99, 0x00, 0x90, 0x33, 0x33, 0x00, 0x29, 0x13, 0x21, 0x90, 0x22, 0x91, 0x21,
    0x30, 0x11, 0x29, 0x19, 0x19, 0x99, 0x29, 0x92, 0x19, 0x17, 0x39, 0xE3, 0x29, 0x27, 0x11, 0xEE,
    0x09, 0x00, 0x00, 0x00, 0x21, 0x09, 0x00, 0x00, 0x19, 0x91, 0x00, 0x00, 0x92, 0x91, 0x00, 0x00,
    0x92, 0x22, 0x09, 0x00, 0x99, 0x29, 0x09, 0x00, 0x33, 0x29, 0x09, 0x00, 0x19, 0x33, 0x92, 0x00,
    0x66, 0x86, 0xEB, 0x00, 0x66, 0x88, 0x9E, 0x00, 0x66, 0x88, 0x9E, 0x00, 0x66, 0x88, 0x0E, 0x00,
    0x66, 0xB8, 0x0E, 0x00, 0x88, 0xB8, 0x0E, 0x00, 0x8B, 0xB8, 0x0E, 0x00, 0x8B, 0x88, 0xEB, 0x00,
    0xBE, 0x8B, 0x66, 0xEB, 0xE9, 0xBB, 0x66, 0xB6, 0x99, 0xBE, 0x68, 0x96, 0x99, 0xE0, 0x8B, 0x19,
    0x09, 0x00, 0x9E, 0xE3, 0x09, 0x00, 0x90, 0x6E, 0x00, 0x00, 0x90, 0x8E, 0x00, 0x00, 0x00, 0xE0,
    0x00, 0x00, 0x00, 0x00, 0x00, 0x00, 0x00, 0x00, 0x00, 0x00, 0x00, 0x00, 0x00, 0x00, 0x00, 0x00,
    0x00, 0xE0, 0xEE, 0x00, 0x00, 0xE0, 0x68, 0x0E, 0xE0, 0x00, 0xE0, 0xE8, 0x8E, 0x00, 0xE0, 0xEB,
    0x6E, 0x0E, 0xEE, 0x6E, 0xE0, 0xE8, 0xEB, 0x86, 0xE0, 0xE6, 0xE8, 0xB8, 0xE0, 0xEB, 0xB6, 0xEE,
    0x00, 0xEE, 0xEE, 0x00, 0x00, 0x00, 0x00, 0x00, 0x00, 0x00, 0x00, 0x00, 0x00, 0x00, 0x00, 0x00,
    0x00, 0x00, 0x00, 0x00, 0x00, 0x00, 0x00, 0x00, 0x00, 0x00, 0x00, 0x00, 0x09, 0x00, 0x00, 0x00,
    0x92, 0x00, 0x00, 0x00, 0x93, 0x00, 0x00, 0x00, 0x39, 0x09, 0x00, 0x00, 0x90, 0x09, 0x00, 0x00,
    0x90, 0xEE, 0x0E, 0x00, 0x99, 0x6E, 0xE8, 0x00, 0x93, 0xE0, 0xE8, 0x00, 0x6E, 0xEB, 0x0E, 0x00,
    0xB6, 0xEB, 0xE6, 0x00, 0xEE, 0xBE, 0xE8, 0x00, 0xBE, 0xE8, 0xEB, 0x00, 0xE0, 0xEB, 0x0E, 0x00,
    0xBB, 0x88, 0xEB, 0x00, 0xB8, 0x88, 0xEB, 0x00, 0x86, 0x88, 0xBB, 0x0E, 0x8B, 0x88, 0xB8, 0x0E,
    0x8B, 0x68, 0xB8, 0x0E, 0x8B, 0x68, 0xB8, 0xEB, 0xBB, 0x68, 0x86, 0xEB, 0xBB, 0x68, 0x86, 0xEB,
    0x00, 0xEE, 0x00, 0x00, 0x00, 0x00, 0x00, 0x00, 0x00, 0x00, 0x00, 0x00, 0x00, 0x00, 0x00, 0x00,
    0x00, 0x00, 0x00, 0x00, 0x00, 0x00, 0x00, 0x00, 0x00, 0x00, 0x00, 0x00, 0x00, 0x00, 0x00, 0x00,
    0x00, 0x6E, 0xB8, 0xBE, 0x00, 0x6E, 0xB8, 0xBE, 0x00, 0x6E, 0xB8, 0xBE, 0x00, 0xE0, 0xEB, 0xBB,
    0x00, 0xE0, 0xE3, 0xBB, 0x00, 0x00, 0xEE, 0xEB, 0x00, 0x00, 0xEE, 0x0E, 0x00, 0x00, 0xE0, 0x00,
    0x68, 0x66, 0x0E, 0x00, 0x68, 0x66, 0x0E, 0x00, 0x68, 0x66, 0xE8, 0x00, 0x8B, 0x68, 0xE8, 0x00,
    0x8B, 0x68, 0xEE, 0x00, 0xEB, 0xEE, 0x00, 0x00, 0x0E, 0x00, 0x00, 0x00, 0x00, 0x00, 0x00, 0x00,
};
static const u16 sFrame61[] = {
    0x000C, 0x40C0, 0x81EF, 0x0000, 0x40E0, 0x81EF, 0x0008, 0x00D0, 0x41EF, 0x0010, 0x00F0, 0x41F7,
    0x0014, 0x40B8, 0x01F7, 0x0018, 0x40D0, 0x01FF, 0x001A, 0x80C8, 0x01E7, 0x001C, 0x80C8, 0x000F,
    0x001E, 0x00D8, 0x01FF, 0x0020, 0x00D8, 0x000F, 0x0021, 0x00F0, 0x01EF, 0x0022, 0x00F0, 0x0007,
    0x0023, 0x0000,
};
static const void* const sFrames61[] = { sFrame61 };
static const u8 sTiles62[1536] __attribute__((aligned(4))) = {
    0x00, 0x00, 0x00, 0x00, 0x00, 0x00, 0x00, 0x00, 0x00, 0x00, 0x00, 0x00, 0x00, 0x00, 0x00, 0xE0,
    0x00, 0x00, 0xE0, 0x3E, 0x00, 0x00, 0x3E, 0x12, 0x00, 0xE0, 0x23, 0x52, 0x00, 0xE0, 0x35, 0x22,
    0x00, 0x79, 0xE2, 0x2E, 0x00, 0xA9, 0x12, 0x26, 0x00, 0x39, 0x27, 0x11, 0x5E, 0xEE, 0x1A, 0x12,
    0x22, 0x5E, 0xAE, 0x11, 0x13, 0x3E, 0x7E, 0xAA, 0x12, 0xE1, 0xE1, 0x28, 0x22, 0xE3, 0xE2, 0x81,
    0xE1, 0x99, 0x92, 0x29, 0x61, 0x91, 0x92, 0x99, 0x11, 0x92, 0x92, 0xEE, 0x21, 0x51, 0xE9, 0x53,
    0x11, 0xEA, 0x53, 0x2E, 0x77, 0x3E, 0x3E, 0x1E, 0x21, 0xEE, 0xE1, 0x11, 0x81, 0xEE, 0xE2, 0x23,
    0x93, 0x00, 0x00, 0x00, 0x22, 0x09, 0x00, 0x00, 0x29, 0x91, 0x09, 0x00, 0xEE, 0x12, 0x93, 0x99,
    0x32, 0xEE, 0x11, 0x32, 0x13, 0x32, 0x9E, 0x29, 0x52, 0x22, 0xE3, 0x92, 0x22, 0x32, 0xE5, 0x33,
    0x00, 0x00, 0xEE, 0x3E, 0x00, 0x00, 0xE0, 0xBB, 0x00, 0x00, 0xE0, 0xB8, 0x00, 0x00, 0x8E, 0x86,
    0x00, 0x00, 0x68, 0x86, 0x00, 0xE0, 0x68, 0x86, 0x00, 0xEE, 0x8B, 0xB8, 0xE0, 0x8B, 0xB8, 0xEB,
    0x33, 0x3E, 0xE2, 0x12, 0xEE, 0xEB, 0xEE, 0x8A, 0xBB, 0xBB, 0xEB, 0x8A, 0xBB, 0xBB, 0xEB, 0x2E,
    0xEB, 0xB8, 0xBB, 0x7E, 0xEB, 0xB8, 0xEB, 0xEE, 0xEE, 0x88, 0xBB, 0xBE, 0xE0, 0x88, 0x8B, 0xE3,
    0x28, 0xBE, 0x32, 0x3E, 0x71, 0xBE, 0xEE, 0xBE, 0x71, 0xBE, 0xBB, 0xBB, 0xEA, 0xBB, 0xBB, 0xBB,
    0xEA, 0x8B, 0xBB, 0xEB, 0xBE, 0xBE, 0xB8, 0xEB, 0xE8, 0xBB, 0x88, 0xE8, 0xBE, 0xBB, 0x88, 0xE8,
    0x33, 0xEE, 0x0E, 0x99, 0xBE, 0xEB, 0x92, 0x00, 0xBB, 0xE8, 0x33, 0x09, 0x8B, 0x86, 0x9E, 0x99,
    0x8B, 0x66, 0x08, 0x90, 0x8B, 0x66, 0xE8, 0x00, 0xBE, 0x88, 0xEB, 0x0E, 0xE0, 0xBB, 0x88, 0xEB,
    0xEE, 0x8E, 0xB8, 0xEB, 0x66, 0x88, 0xBB, 0x0E, 0x86, 0x88, 0xEB, 0x00, 0x86, 0xE8, 0x0E, 0x00,
    0xB8, 0xEE, 0x00, 0x00, 0xE9, 0x00, 0x00, 0x00, 0x09, 0x00, 0x00, 0x00, 0x00, 0x00, 0x00, 0x00,
    0xE0, 0xB8, 0x6B, 0xB6, 0xE0, 0xB8, 0x68, 0xB6, 0xE0, 0xB8, 0x86, 0x33, 0xE0, 0x88, 0x86, 0xB6,
    0xE0, 0x88, 0x86, 0x88, 0x00, 0x8E, 0x86, 0x68, 0x00, 0x8E, 0x86, 0x68, 0x00, 0x8E, 0x66, 0x33,
    0x86, 0xBB, 0x88, 0xE8, 0x66, 0xB8, 0x8B, 0xE8, 0x63, 0xB8, 0x8B, 0xE8, 0x66, 0xB8, 0x8B, 0xE8,
    0x86, 0xBB, 0x8B, 0xE8, 0xB6, 0xBB, 0x8B, 0xE8, 0xB6, 0xBB, 0x8B, 0x0E, 0x83, 0xBB, 0x8B, 0x0E,
    0xE0, 0xBB, 0x88, 0xEE, 0x00, 0xBE, 0x8B, 0x68, 0x00, 0xE0, 0x8B, 0x68, 0x00, 0x00, 0x8E, 0x88,
    0x00, 0x00, 0xE0, 0xBE, 0x00, 0x00, 0x00, 0xEE, 0x00, 0x00, 0x00, 0x00, 0x00, 0x00, 0x00, 0x00,
    0x00, 0x00, 0x00, 0x00, 0x00, 0x00, 0x00, 0x00, 0x00, 0x00, 0x00, 0x00, 0x00, 0x00, 0x00, 0x00,
    0x00, 0x00, 0x00, 0x00, 0x00, 0x00, 0x00, 0xE0, 0x00, 0x00, 0x00, 0xE0, 0x00, 0x00, 0x00, 0xBE,
    0x00, 0x8E, 0x66, 0x88, 0xE0, 0x88, 0x66, 0x88, 0xE0, 0xB8, 0x68, 0x88, 0x8E, 0xB8, 0x68, 0x33,
    0x8E, 0xBB, 0x88, 0x88, 0x88, 0x8B, 0x88, 0xB8, 0xB8, 0x8B, 0x88, 0x3B, 0xB8, 0x8B, 0xB8, 0xE3,
    0x66, 0xBB, 0x8B, 0x0E, 0x66, 0xB8, 0x8B, 0x0E, 0x66, 0xB6, 0x8B, 0xE8, 0x63, 0x86, 0x8B, 0xE8,
    0x66, 0x86, 0xBB, 0xE8, 0x68, 0x86, 0xBB, 0x88, 0x8B, 0x86, 0xB8, 0x8B, 0xB8, 0x68, 0xB8, 0xBB,
    0x00, 0x00, 0x00, 0x00, 0x00, 0x00, 0x00, 0x00, 0x00, 0x00, 0x00, 0x00, 0x00, 0x00, 0x00, 0x00,
    0x00, 0x00, 0x00, 0x00, 0x0E, 0x00, 0x00, 0x00, 0x0E, 0x00, 0x00, 0x00, 0xEB, 0x00, 0x00, 0x00,
    0x00, 0x00, 0x00, 0xBE, 0x00, 0x00, 0xE0, 0x8B, 0x00, 0x00, 0xE0, 0x8B, 0x00, 0x00, 0xBE, 0x8B,
    0x00, 0x00, 0xBE, 0x8B, 0x00, 0xE0, 0xBB, 0xBB, 0x00, 0xE0, 0xBB, 0xBB, 0x00, 0xBE, 0x8B, 0xBB,
    0xB8, 0x88, 0xB8, 0xE8, 0xB8, 0x68, 0xB8, 0xE8, 0xBB, 0x68, 0xB8, 0xE3, 0xBB, 0x68, 0x8B, 0xEE,
    0x8B, 0x66, 0x8B, 0xEE, 0x8B, 0x66, 0x3B, 0xEE, 0x8B, 0xB6, 0xE8, 0xEB, 0x68, 0xB6, 0xE8, 0xEB,
    0x8E, 0x6B, 0x88, 0xBB, 0x3E, 0x6B, 0x86, 0xBB, 0x8E, 0x6B, 0x86, 0xB8, 0x8E, 0xB8, 0x66, 0xB8,
    0xEE, 0xB8, 0x66, 0xB8, 0xEB, 0x83, 0x6B, 0xB8, 0xBB, 0x8E, 0x6B, 0x88, 0xBB, 0x8E, 0x6B, 0x88,
    0xEB, 0x00, 0x00, 0x00, 0xEB, 0x00, 0x00, 0x00, 0xBB, 0x0E, 0x00, 0x00, 0xBB, 0x0E, 0x00, 0x00,
    0xBB, 0x0E, 0x00, 0x00, 0xB8, 0xEB, 0x00, 0x00, 0xB8, 0xEB, 0x00, 0x00, 0xB8, 0xBB, 0x0E, 0x00,
    0x00, 0xBE, 0x88, 0xBB, 0xE0, 0x8B, 0xB8, 0x8B, 0xBE, 0x68, 0xB8, 0x8B, 0xBB, 0x66, 0xBB, 0x8B,
    0x8B, 0x86, 0xBB, 0x68, 0x68, 0x86, 0xBB, 0x68, 0x66, 0xB8, 0xBB, 0x68, 0x66, 0xB8, 0x8B, 0x66,
    0x68, 0xB6, 0xE3, 0xBB, 0x66, 0x8B, 0xBE, 0xBB, 0x66, 0x8B, 0xBE, 0xEB, 0x66, 0x8B, 0xBE, 0xEB,
    0xB6, 0xE8, 0xBB, 0xEB, 0xB6, 0xE3, 0xEB, 0xEB, 0x8B, 0xE8, 0xEB, 0xEE, 0x8B, 0xBE, 0xBB, 0xEE,
    0xBB, 0x8E, 0xB8, 0x88, 0xB8, 0xEB, 0xB8, 0x86, 0x88, 0xEB, 0x83, 0x8B, 0x8B, 0xBB, 0x8E, 0x8B,
    0x8B, 0xBB, 0xBE, 0xB6, 0x88, 0xBB, 0xBE, 0xB6, 0x8B, 0xBB, 0xEB, 0xB8, 0x8E, 0xBB, 0xEB, 0x63,
    0xB8, 0xB8, 0x0E, 0x00, 0xB8, 0xB6, 0xEB, 0x00, 0xB8, 0x66, 0xBB, 0x0E, 0xB8, 0x68, 0xB6, 0xEB,
    0xB8, 0x68, 0x66, 0xEB, 0xB8, 0x88, 0x66, 0xB6, 0x88, 0x8B, 0x66, 0x66, 0x8B, 0x8B, 0x68, 0x66,
    0x86, 0xBB, 0x8B, 0x66, 0x88, 0xB8, 0x68, 0xB6, 0x68, 0xB8, 0x68, 0xB6, 0x68, 0xB8, 0x68, 0xB6,
    0x66, 0xB8, 0x68, 0x6B, 0x86, 0xBB, 0x68, 0x8B, 0x86, 0x8B, 0x66, 0x8B, 0x8E, 0x8B, 0xB6, 0x86,
    0x3B, 0xBE, 0xBB, 0xEB, 0x88, 0xEE, 0xBB, 0xEB, 0xE8, 0xEB, 0xBB, 0xEB, 0xE8, 0xEB, 0xBB, 0xEB,
    0xE3, 0xEB, 0xBE, 0xEE, 0xBE, 0xBB, 0xEB, 0xEB, 0xBE, 0xBB, 0xBB, 0xEB, 0xBE, 0xBB, 0xEB, 0xEB,
    0x8E, 0xBB, 0xEB, 0x8E, 0xEB, 0xBB, 0xEB, 0x8E, 0xBB, 0xBB, 0xEB, 0xEB, 0x8B, 0xBB, 0xEB, 0xEB,
    0x8B, 0xB8, 0xEB, 0xEB, 0x8B, 0x88, 0xEB, 0xBB, 0x8B, 0x88, 0xEB, 0xBB, 0x8B, 0x88, 0xEB, 0xEE,
    0x8B, 0xBB, 0x68, 0x66, 0xB6, 0xBB, 0x88, 0x66, 0xB8, 0xBB, 0x88, 0x66, 0xB8, 0xB8, 0x8B, 0x68,
    0x83, 0xBB, 0x8B, 0x68, 0x8E, 0xBB, 0x8B, 0x88, 0x8E, 0xB8, 0x8B, 0xEE, 0x3E, 0xBB, 0xEE, 0x00,
    0xE0, 0x8E, 0xB6, 0x36, 0x00, 0xE0, 0xEE, 0xEE, 0x00, 0x00, 0x00, 0x00, 0x00, 0x00, 0x00, 0x00,
    0x00, 0x00, 0x00, 0x00, 0x00, 0x00, 0x00, 0x00, 0x00, 0x00, 0x00, 0x00, 0x00, 0x00, 0x00, 0x00,
    0xEE, 0xEE, 0xEE, 0xBB, 0x0E, 0x00, 0xBE, 0x88, 0x00, 0x00, 0xBE, 0xB8, 0x00, 0x00, 0xE0, 0xE8,
    0x00, 0x00, 0xE0, 0x0E, 0x00, 0x00, 0x00, 0x00, 0x00, 0x00, 0x00, 0xE0, 0x00, 0x00, 0x00, 0xE0,
    0x8E, 0x88, 0xE8, 0x00, 0x8E, 0x88, 0xE8, 0x00, 0xBE, 0x88, 0xE8, 0x00, 0xEE, 0xEE, 0xEE, 0x00,
    0xBE, 0xBB, 0xEB, 0x00, 0xBE, 0x88, 0xE8, 0x00, 0xBE, 0x8B, 0xE8, 0x00, 0xBB, 0x88, 0xE8, 0x00,
    0xEE, 0x0E, 0x00, 0x00, 0x00, 0x00, 0x00, 0x00, 0x00, 0x00, 0x00, 0x00, 0x00, 0x00, 0x00, 0x00,
    0x00, 0x00, 0x00, 0x00, 0x00, 0x00, 0x00, 0x00, 0x00, 0x00, 0x00, 0x00, 0x00, 0x00, 0x00, 0x00,
    0x00, 0x00, 0x00, 0x00, 0x00, 0x00, 0x00, 0x00, 0x00, 0x00, 0x00, 0x00, 0x00, 0x00, 0x00, 0x00,
    0x99, 0x00, 0x00, 0x00, 0x22, 0x09, 0x00, 0x00, 0x99, 0x99, 0x00, 0x00, 0x93, 0x90, 0x09, 0x00,
    0x99, 0x09, 0x99, 0x00, 0x00, 0x09, 0x90, 0x00, 0x00, 0x90, 0x00, 0x09, 0x00, 0x00, 0x00, 0x00,
    0x09, 0x00, 0x00, 0x00, 0x90, 0x00, 0x00, 0x00, 0x00, 0x09, 0x00, 0x00, 0x00, 0x00, 0x00, 0x00,
    0x0E, 0x00, 0x00, 0x00, 0xE6, 0x0E, 0xE0, 0xEE, 0x66, 0x9B, 0xE0, 0x86, 0x66, 0x39, 0x09, 0x8E,
    0x98, 0xE1, 0xB6, 0xEE, 0x39, 0x6E, 0xBB, 0x6E, 0xE9, 0xE6, 0xEE, 0x8B, 0xE0, 0xE8, 0x8B, 0xBE,
    0x00, 0x0E, 0xBE, 0xEE, 0x00, 0x00, 0xE0, 0x0E, 0x00, 0x00, 0x00, 0x00, 0x00, 0x00, 0x00, 0x00,
    0x00, 0x00, 0x00, 0x00, 0x00, 0x00, 0x00, 0x00, 0x00, 0x00, 0x00, 0x00, 0x00, 0x00, 0x00, 0x00,
    0x00, 0x00, 0x90, 0x99, 0x00, 0x00, 0x29, 0x31, 0x00, 0x90, 0x22, 0x33, 0x00, 0x90, 0x12, 0x29,
    0x00, 0x39, 0x99, 0x21, 0x00, 0x99, 0x12, 0x92, 0x00, 0x29, 0x11, 0x29, 0x90, 0x33, 0x93, 0x22,
    0x99, 0x99, 0x00, 0x00, 0x33, 0x32, 0x09, 0x00, 0x22, 0x13, 0x93, 0x00, 0x33, 0x11, 0x92, 0x00,
    0x32, 0x91, 0x32, 0x09, 0x39, 0x29, 0x29, 0x93, 0x91, 0x93, 0x91, 0x92, 0x91, 0x92, 0x91, 0x12,
    0x00, 0x00, 0x00, 0xE0, 0x00, 0x00, 0x00, 0xE0, 0x00, 0x00, 0x00, 0x00, 0x00, 0x00, 0x00, 0x00,
    0x00, 0x00, 0x00, 0x00, 0x00, 0x00, 0x00, 0x00, 0x00, 0x00, 0x00, 0x00, 0x00, 0x00, 0x00, 0x00,
    0xBB, 0x88, 0xE8, 0x00, 0xBB, 0xBB, 0xEE, 0x00, 0xBE, 0xBB, 0xEB, 0x00, 0xBE, 0x88, 0xE8, 0x00,
    0x8E, 0x88, 0xE8, 0x00, 0xE0, 0xEE, 0x0E, 0x00, 0x00, 0x00, 0x00, 0x00, 0x00, 0x00, 0x00, 0x00,
    0x00, 0x00, 0x00, 0x00, 0xE0, 0xEE, 0x00, 0xBE, 0x8E, 0xE6, 0x90, 0x6B, 0x8E, 0x0E, 0x39, 0x69,
    0xE0, 0xBE, 0xE6, 0x91, 0x6E, 0xBE, 0x6B, 0x3E, 0x8E, 0xEB, 0xEE, 0xE6, 0xBE, 0x8E, 0xEB, 0xE8,
    0xE0, 0xBE, 0x0E, 0x0E, 0x00, 0xEE, 0x00, 0x00, 0x00, 0x00, 0x00, 0x00, 0x00, 0x00, 0x00, 0x00,
    0x00, 0x00, 0x00, 0x00, 0x00, 0x00, 0x00, 0x00, 0x00, 0x00, 0x00, 0x00, 0x00, 0x00, 0x00, 0x00,
    0x00, 0x00, 0x00, 0x00, 0x00, 0x00, 0x00, 0x00, 0x00, 0x00, 0x00, 0x00, 0x00, 0x00, 0x00, 0xE0,
    0x00, 0x00, 0x00, 0xBE, 0x00, 0x00, 0xE0, 0xBB, 0x00, 0x00, 0xBE, 0x8B, 0x00, 0xE0, 0xBB, 0x68,
    0xE0, 0xBE, 0x6B, 0x66, 0xE0, 0x8B, 0x66, 0x66, 0xE0, 0x68, 0x66, 0x66, 0x00, 0x6E, 0x66, 0x86,
    0x00, 0xE0, 0x66, 0x86, 0x00, 0x00, 0x6E, 0x88, 0x00, 0x00, 0xE0, 0x8E, 0x00, 0x00, 0x00, 0xE0,
    0x00, 0x00, 0x00, 0x00, 0x00, 0x00, 0x00, 0x00, 0x00, 0x00, 0x00, 0x00, 0x00, 0x00, 0x00, 0x00,
    0x00, 0x00, 0x00, 0x00, 0x0E, 0x00, 0x00, 0x00, 0xEB, 0x00, 0x00, 0x00, 0x66, 0xEE, 0x00, 0x00,
    0x66, 0x86, 0xEE, 0x0E, 0x66, 0x66, 0x88, 0x0E, 0x66, 0x66, 0xE6, 0x00, 0x66, 0x66, 0x0E, 0x00,
    0x66, 0xE6, 0x00, 0x00, 0xE6, 0x0E, 0x00, 0x00, 0x0E, 0x00, 0x00, 0x00, 0x00, 0x00, 0x00, 0x00,
    0x00, 0x00, 0x00, 0x00, 0x00, 0x00, 0x00, 0x00, 0x00, 0x00, 0x00, 0x00, 0x00, 0x00, 0x00, 0x00,
    0x00, 0x00, 0x00, 0x00, 0x00, 0x00, 0x00, 0x00, 0x00, 0x00, 0x00, 0x00, 0x09, 0x00, 0x00, 0x00,
    0x00, 0x00, 0x00, 0x00, 0x00, 0x00, 0x00, 0x00, 0x0E, 0x00, 0x00, 0x00, 0x0E, 0x00, 0x00, 0x00,
    0x00, 0x00, 0x00, 0x00, 0x0E, 0x00, 0x00, 0x00, 0x0E, 0x00, 0x00, 0x00, 0x0E, 0x00, 0x00, 0x00,
};
static const u16 sFrame62[] = {
    0x0009, 0x80BA, 0xC1EF, 0x0000, 0x80BA, 0x400F, 0x0020, 0x40B2, 0x01F7, 0x0024, 0x40FA, 0x01F7,
    0x0026, 0x80CA, 0x01E7, 0x0028, 0x80E2, 0x01E7, 0x002A, 0x80E2, 0x000F, 0x002C, 0x00B2, 0x0007,
    0x002E, 0x00CA, 0x0017, 0x002F, 0x0000,
};
static const void* const sFrames62[] = { sFrame62 };
static const u8 sTiles63[1536] __attribute__((aligned(4))) = {
    0x00, 0x00, 0x00, 0x00, 0x00, 0x00, 0x00, 0x00, 0x00, 0x00, 0x00, 0x00, 0x00, 0x00, 0x00, 0xE0,
    0x00, 0x00, 0xE0, 0x3E, 0x00, 0x00, 0x3E, 0x12, 0x00, 0xE0, 0x23, 0x52, 0x00, 0xE0, 0x35, 0x22,
    0x00, 0x79, 0xE2, 0x2E, 0x00, 0xA9, 0x12, 0x26, 0x00, 0x39, 0x27, 0x11, 0x5E, 0xEE, 0x1A, 0x12,
    0x22, 0x5E, 0xAE, 0x11, 0x13, 0x3E, 0x7E, 0xAA, 0x12, 0xE1, 0xE1, 0x28, 0x22, 0xE3, 0xE2, 0x81,
    0xE1, 0x99, 0x92, 0x39, 0x61, 0x91, 0x92, 0x29, 0x11, 0x92, 0x92, 0xEE, 0x21, 0x51, 0xE9, 0x53,
    0x11, 0xEA, 0x53, 0x2E, 0x77, 0x3E, 0x3E, 0x1E, 0x21, 0xEE, 0xE1, 0x11, 0x81, 0xEE, 0xE2, 0x23,
    0x09, 0x00, 0x00, 0x00, 0x09, 0x00, 0x00, 0x00, 0x92, 0x00, 0x00, 0x00, 0xEE, 0x09, 0x00, 0x00,
    0x32, 0xEE, 0x09, 0x00, 0x13, 0x32, 0x9E, 0x09, 0x52, 0x22, 0xE3, 0x93, 0x22, 0x32, 0xE5, 0x22,
    0x00, 0x00, 0xEE, 0x3E, 0x00, 0x00, 0xE0, 0xBB, 0x00, 0x00, 0xE0, 0xB8, 0x00, 0x00, 0x8E, 0x86,
    0x00, 0x00, 0x68, 0x86, 0x00, 0xE0, 0x68, 0x86, 0x00, 0xEE, 0x8B, 0xB8, 0xE0, 0x8B, 0xB8, 0xEB,
    0x33, 0x3E, 0xE2, 0x12, 0xEE, 0xEB, 0xEE, 0x8A, 0xBB, 0xBB, 0xEB, 0x8A, 0xBB, 0xBB, 0xEB, 0x2E,
    0xEB, 0xB8, 0xBB, 0x7E, 0xEB, 0xB8, 0xEB, 0xEE, 0xEE, 0x88, 0xBB, 0xBE, 0xE0, 0x88, 0x8B, 0xE3,
    0x28, 0xBE, 0x32, 0x3E, 0x71, 0xBE, 0xEE, 0xBE, 0x71, 0xBE, 0xBB, 0xBB, 0xEA, 0xBB, 0xBB, 0xBB,
    0xEA, 0x8B, 0xBB, 0xEB, 0xBE, 0xBE, 0xB8, 0xEB, 0xE8, 0xBB, 0x88, 0xE8, 0xBE, 0xBB, 0x88, 0xE8,
    0x33, 0xEE, 0x9E, 0x99, 0xBE, 0xEB, 0x93, 0x99, 0xBB, 0xE8, 0x09, 0x00, 0x8B, 0x86, 0x9E, 0x00,
    0x8B, 0x66, 0x28, 0x99, 0x8B, 0x66, 0xE8, 0x99, 0xBE, 0x88, 0xEB, 0x0E, 0xE0, 0xBB, 0x88, 0xEB,
    0xEE, 0x8E, 0xB8, 0xEB, 0x66, 0x88, 0xBB, 0x0E, 0x86, 0x88, 0xEB, 0x00, 0x86, 0xE8, 0x0E, 0x00,
    0xB8, 0xEE, 0x00, 0x00, 0xE9, 0x00, 0x00, 0x00, 0x09, 0x00, 0x00, 0x00, 0x00, 0x00, 0x00, 0x00,
    0xE0, 0xB8, 0x6B, 0xB6, 0xE0, 0xB8, 0x68, 0xB6, 0xE0, 0xB8, 0x86, 0x33, 0xE0, 0x88, 0x86, 0xB6,
    0xE0, 0x88, 0x86, 0x88, 0x00, 0x8E, 0x86, 0x68, 0x00, 0x8E, 0x86, 0x68, 0x00, 0x8E, 0x66, 0x33,
    0x86, 0xBB, 0x88, 0xE8, 0x66, 0xB8, 0x8B, 0xE8, 0x63, 0xB8, 0x8B, 0xE8, 0x66, 0xB8, 0x8B, 0xE8,
    0x86, 0xBB, 0x8B, 0xE8, 0xB6, 0xBB, 0x8B, 0xE8, 0xB6, 0xBB, 0x8B, 0x0E, 0x83, 0xBB, 0x8B, 0x0E,
    0xE0, 0xBB, 0x88, 0xEE, 0x00, 0xBE, 0x8B, 0x68, 0x00, 0xE0, 0x8B, 0x68, 0x00, 0x00, 0x8E, 0x88,
    0x00, 0x00, 0xE0, 0xBE, 0x00, 0x00, 0x00, 0xEE, 0x00, 0x00, 0x00, 0x00, 0x00, 0x00, 0x00, 0x00,
    0x00, 0x00, 0x00, 0x00, 0x00, 0x00, 0x00, 0x00, 0x00, 0x00, 0x00, 0x00, 0x00, 0x00, 0x00, 0x00,
    0x00, 0x00, 0x00, 0x00, 0x00, 0x00, 0x00, 0xE0, 0x00, 0x00, 0x00, 0xE0, 0x00, 0x00, 0x00, 0xBE,
    0x00, 0x8E, 0x66, 0x88, 0xE0, 0x88, 0x66, 0x88, 0xE0, 0xB8, 0x68, 0x88, 0x8E, 0xB8, 0x68, 0x33,
    0x8E, 0xBB, 0x88, 0x88, 0x88, 0x8B, 0x88, 0xB8, 0xB8, 0x8B, 0x88, 0x3B, 0xB8, 0x8B, 0xB8, 0xE3,
    0x66, 0xBB, 0x8B, 0x0E, 0x66, 0xB8, 0x8B, 0x0E, 0x66, 0xB6, 0x8B, 0xE8, 0x63, 0x86, 0x8B, 0xE8,
    0x66, 0x86, 0xBB, 0xE8, 0x68, 0x86, 0xBB, 0x88, 0x8B, 0x86, 0xB8, 0x8B, 0xB8, 0x68, 0xB8, 0xBB,
    0x00, 0x00, 0x00, 0x00, 0x00, 0x00, 0x00, 0x00, 0x00, 0x00, 0x00, 0x00, 0x00, 0x00, 0x00, 0x00,
    0x00, 0x00, 0x00, 0x00, 0x0E, 0x00, 0x00, 0x00, 0x0E, 0x00, 0x00, 0x00, 0xEB, 0x00, 0x00, 0x00,
    0x00, 0x00, 0xE0, 0xBB, 0x00, 0x00, 0xE0, 0x8B, 0x00, 0x00, 0xE0, 0x8B, 0x00, 0x00, 0xBE, 0x8B,
    0x00, 0x00, 0xBE, 0x8B, 0x00, 0x00, 0xBE, 0xBB, 0x00, 0xE0, 0xBB, 0xBB, 0x00, 0xE0, 0xBB, 0xBB,
    0xB8, 0x88, 0xB8, 0xE8, 0xB8, 0x68, 0xB8, 0xE8, 0xBB, 0x68, 0xB8, 0xE3, 0xBB, 0x68, 0xB8, 0xE8,
    0x8B, 0x66, 0xB8, 0xE8, 0x8B, 0x66, 0xB8, 0xE8, 0x8B, 0x66, 0xB8, 0xE3, 0x68, 0x66, 0xB8, 0xE8,
    0x8E, 0x6B, 0x88, 0xBB, 0x3E, 0x6B, 0x86, 0xBB, 0x8E, 0x6B, 0x86, 0xB8, 0x8E, 0x8B, 0x66, 0xB8,
    0x8E, 0x8B, 0x66, 0xB8, 0xEB, 0xB3, 0x66, 0xB8, 0xEB, 0xB8, 0x66, 0x88, 0xEB, 0xB8, 0x68, 0x88,
    0xEB, 0x00, 0x00, 0x00, 0xEB, 0x00, 0x00, 0x00, 0xBB, 0x0E, 0x00, 0x00, 0xBB, 0x0E, 0x00, 0x00,
    0xBB, 0xEB, 0x00, 0x00, 0xBB, 0xEB, 0x00, 0x00, 0xBB, 0xEB, 0x00, 0x00, 0xBB, 0xBB, 0x0E, 0x00,
    0x00, 0xE0, 0xBB, 0xBB, 0x00, 0xBE, 0xBB, 0x8B, 0x00, 0xBE, 0xBB, 0x8B, 0xE0, 0xBB, 0xBB, 0x8B,
    0xBE, 0xBB, 0xBB, 0x68, 0xBE, 0xBB, 0xBB, 0x68, 0xBB, 0xB8, 0xBB, 0x68, 0x88, 0xBB, 0x8B, 0x66,
    0x68, 0x86, 0x8B, 0xBE, 0x66, 0x86, 0x8B, 0xBE, 0x66, 0x86, 0x3B, 0xEE, 0x66, 0xB8, 0xE8, 0xEB,
    0x66, 0xB8, 0xE8, 0xEB, 0x86, 0x8B, 0xEE, 0xEB, 0x86, 0x3B, 0xEE, 0xEE, 0x86, 0x8B, 0xBE, 0xEE,
    0xEB, 0xB8, 0x68, 0x88, 0xB8, 0x3E, 0x6B, 0x86, 0x88, 0x8E, 0x6B, 0x86, 0x8B, 0x8E, 0x8B, 0x86,
    0x8B, 0xEB, 0xB8, 0x66, 0x88, 0xEB, 0xB3, 0x66, 0x8B, 0xEB, 0xB8, 0x68, 0x8E, 0xFB, 0xB8, 0x68,
    0xBB, 0xBB, 0x0E, 0x00, 0xBB, 0xBB, 0x0E, 0x00, 0xB8, 0xBB, 0xEB, 0x00, 0xB8, 0xBB, 0xEB, 0x00,
    0xB8, 0xBB, 0xBB, 0x0E, 0xB8, 0xBB, 0xBB, 0x0E, 0x88, 0xBB, 0xBB, 0x0E, 0x88, 0xBB, 0xBB, 0xEB,
    0xB8, 0xBB, 0x8B, 0x66, 0xB8, 0xB8, 0x68, 0x66, 0xBB, 0xB8, 0x68, 0x66, 0x8B, 0xB8, 0x68, 0x66,
    0x68, 0xB8, 0x68, 0x66, 0x88, 0xBB, 0x68, 0x86, 0x86, 0x8B, 0x66, 0x86, 0x86, 0x8B, 0x66, 0x86,
    0x86, 0x8B, 0xBE, 0xEB, 0xB8, 0xE8, 0xBB, 0xEB, 0xB8, 0xE3, 0xBB, 0xEB, 0xB8, 0xE8, 0xBB, 0xEB,
    0xB8, 0xE8, 0xBE, 0xEE, 0x8B, 0xBE, 0xEB, 0xEB, 0x8B, 0xBE, 0xBB, 0xEB, 0x8B, 0xBE, 0xEB, 0xEB,
    0x8E, 0xBB, 0x8E, 0x8B, 0xEB, 0xBB, 0x3E, 0x8B, 0xBB, 0xBB, 0xEB, 0xB8, 0x8B, 0xBB, 0xEB, 0xB8,
    0x8B, 0xB8, 0xEB, 0x8E, 0x8B, 0x88, 0xEB, 0x8E, 0x8B, 0x88, 0xEB, 0xEB, 0x8B, 0x88, 0xEB, 0xEB,
    0x86, 0xBB, 0xBB, 0xEB, 0x86, 0xBB, 0xB8, 0xBB, 0x88, 0xBB, 0xB8, 0xBB, 0x88, 0xB8, 0x8B, 0xBB,
    0x8B, 0xB8, 0x8B, 0xBB, 0xB8, 0xB8, 0x8B, 0xB8, 0xB8, 0xB8, 0x8B, 0xB8, 0xB8, 0x8B, 0xBB, 0x88,
    0x86, 0x8B, 0x66, 0xB6, 0xEE, 0xEE, 0x66, 0xB6, 0x00, 0xE0, 0xEE, 0xBE, 0x00, 0x00, 0x00, 0xE0,
    0x00, 0x00, 0x00, 0x00, 0x00, 0x00, 0x00, 0x00, 0x00, 0x00, 0x00, 0x00, 0x00, 0x00, 0x00, 0x00,
    0xE8, 0xEE, 0xEE, 0xBB, 0xE8, 0x00, 0xBE, 0x88, 0xE8, 0x00, 0xBE, 0xB8, 0xEE, 0x00, 0xE0, 0xE8,
    0x00, 0x00, 0xE0, 0x0E, 0x00, 0x00, 0x00, 0x00, 0x00, 0x00, 0x00, 0xE0, 0x00, 0x00, 0x00, 0xE0,
    0x8E, 0x88, 0xE8, 0xEB, 0x8E, 0x88, 0xE8, 0xEE, 0xBE, 0x88, 0xE8, 0x00, 0xEE, 0xEE, 0xEE, 0x00,
    0xBE, 0xBB, 0xEB, 0x00, 0xBE, 0x88, 0xE8, 0x00, 0xBE, 0x8B, 0xE8, 0x00, 0xBB, 0x88, 0xE8, 0x00,
    0x88, 0x8B, 0xBB, 0x88, 0x8E, 0xBB, 0xB8, 0xEE, 0xEE, 0xEE, 0xEE, 0x00, 0x00, 0x00, 0x00, 0x00,
    0x00, 0x00, 0x00, 0x00, 0x00, 0x00, 0x00, 0x00, 0x00, 0x00, 0x00, 0x00, 0x00, 0x00, 0x00, 0x00,
    0x00, 0x00, 0x00, 0x00, 0x00, 0x00, 0x00, 0x00, 0x00, 0x00, 0x00, 0x00, 0x00, 0x00, 0x00, 0x00,
    0x00, 0x00, 0x00, 0x00, 0x00, 0x99, 0x09, 0x00, 0x99, 0x93, 0x99, 0x00, 0x33, 0x09, 0x00, 0x09,
    0x99, 0x00, 0x00, 0x00, 0x00, 0x00, 0x00, 0x00, 0x00, 0x00, 0x00, 0x00, 0x00, 0x00, 0x00, 0x00,
    0x90, 0x00, 0x00, 0x00, 0x09, 0x00, 0x00, 0x00, 0x00, 0x00, 0x00, 0x00, 0x00, 0x00, 0x00, 0x00,
    0x0E, 0x00, 0x00, 0x00, 0xE6, 0x0E, 0xE0, 0xEE, 0x66, 0x9B, 0xE0, 0x86, 0x66, 0x39, 0x09, 0x8E,
    0x98, 0xE1, 0xB6, 0xEE, 0x39, 0x6E, 0xBB, 0x6E, 0xE9, 0xE6, 0xEE, 0x8B, 0xE0, 0xE8, 0x8B, 0xBE,
    0x00, 0x0E, 0xBE, 0xEE, 0x00, 0x00, 0xE0, 0x0E, 0x00, 0x00, 0x00, 0x00, 0x00, 0x00, 0x00, 0x00,
    0x00, 0x00, 0x00, 0x00, 0x00, 0x00, 0x00, 0x00, 0x00, 0x00, 0x00, 0x00, 0x00, 0x00, 0x00, 0x00,
    0x00, 0x00, 0x90, 0x99, 0x00, 0x00, 0x29, 0x31, 0x00, 0x90, 0x22, 0x33, 0x00, 0x90, 0x12, 0x29,
    0x00, 0x39, 0x99, 0x21, 0x00, 0x99, 0x12, 0x92, 0x00, 0x29, 0x11, 0x29, 0x90, 0x33, 0x93, 0x22,
    0x99, 0x09, 0x00, 0x00, 0x33, 0x92, 0x09, 0x00, 0x22, 0x13, 0x93, 0x00, 0x33, 0x11, 0x92, 0x00,
    0x32, 0x91, 0x22, 0x09, 0x39, 0x29, 0x29, 0x09, 0x91, 0x93, 0x91, 0x92, 0x91, 0x92, 0x91, 0x92,
    0x00, 0x00, 0x00, 0xE0, 0x00, 0x00, 0x00, 0xE0, 0x00, 0x00, 0x00, 0x00, 0x00, 0x00, 0x00, 0x00,
    0x00, 0x00, 0x00, 0x00, 0x00, 0x00, 0x00, 0x00, 0x00, 0x00, 0x00, 0x00, 0x00, 0x00, 0x00, 0x00,
    0xBB, 0x88, 0xE8, 0x00, 0xBB, 0xBB, 0xEE, 0x00, 0xBE, 0xBB, 0xEB, 0x00, 0xBE, 0x88, 0xE8, 0x00,
    0x8E, 0x88, 0xE8, 0x00, 0xE0, 0xEE, 0x0E, 0x00, 0x00, 0x00, 0x00, 0x00, 0x00, 0x00, 0x00, 0x00,
    0x00, 0x00, 0x00, 0x00, 0xE0, 0xEE, 0x00, 0xBE, 0x8E, 0xE6, 0x90, 0x6B, 0x8E, 0x0E, 0x39, 0x69,
    0xE0, 0xBE, 0xE6, 0x91, 0x6E, 0xBE, 0x6B, 0x3E, 0x8E, 0xEB, 0xEE, 0xE6, 0xBE, 0x8E, 0xEB, 0xE8,
    0xE0, 0xBE, 0x0E, 0x0E, 0x00, 0xEE, 0x00, 0x00, 0x00, 0x00, 0x00, 0x00, 0x00, 0x00, 0x00, 0x00,
    0x00, 0x00, 0x00, 0x00, 0x00, 0x00, 0x00, 0x00, 0x00, 0x00, 0x00, 0x00, 0x00, 0x00, 0x00, 0x00,
    0x00, 0x00, 0x00, 0x00, 0x00, 0x00, 0x00, 0x00, 0x00, 0x00, 0x00, 0x00, 0x00, 0x00, 0x00, 0x00,
    0x00, 0x00, 0x00, 0x00, 0x00, 0x00, 0x00, 0x00, 0x00, 0x00, 0x00, 0xE0, 0x00, 0x00, 0x00, 0xBE,
    0x00, 0x00, 0xE0, 0x8B, 0x00, 0x00, 0xE0, 0x8B, 0x00, 0x00, 0xBE, 0x88, 0x00, 0xE0, 0x8B, 0x88,
    0x00, 0xE0, 0x8B, 0xB8, 0x00, 0xE0, 0x88, 0xB8, 0x00, 0x00, 0x8E, 0x8B, 0x00, 0x00, 0xBE, 0x8B,
    0x00, 0x00, 0x00, 0x00, 0x0E, 0x00, 0x00, 0x00, 0xEB, 0x00, 0x00, 0x00, 0xBB, 0x0E, 0x00, 0x00,
    0xBB, 0x0E, 0x00, 0x00, 0xBB, 0xEB, 0x00, 0x00, 0xBB, 0xBB, 0x0E, 0x00, 0xBB, 0xEB, 0x00, 0x00,
    0xBB, 0xEB, 0x00, 0x00, 0xEE, 0x0E, 0x00, 0x00, 0x00, 0x00, 0x00, 0x00, 0x00, 0x00, 0x00, 0x00,
    0x00, 0x00, 0x00, 0x00, 0x00, 0x00, 0x00, 0x00, 0x00, 0x00, 0x00, 0x00, 0x00, 0x00, 0x00, 0x00,
    0x00, 0x00, 0x00, 0x00, 0x00, 0x00, 0x00, 0x00, 0x0E, 0x00, 0x00, 0x00, 0x0E, 0x00, 0x00, 0x00,
    0x00, 0x00, 0x00, 0x00, 0x0E, 0x00, 0x00, 0x00, 0x0E, 0x00, 0x00, 0x00, 0x0E, 0x00, 0x00, 0x00,
    0x00, 0x00, 0xE0, 0x6E, 0x00, 0x00, 0x00, 0xE0, 0x00, 0x00, 0x00, 0x00, 0x00, 0x00, 0x00, 0x00,
    0x00, 0x00, 0x00, 0x00, 0x00, 0x00, 0x00, 0x00, 0x00, 0x00, 0x00, 0x00, 0x00, 0x00, 0x00, 0x00,
};
static const u16 sFrame63[] = {
    0x0009, 0x80BA, 0xC1EE, 0x0000, 0x80BA, 0x400E, 0x0020, 0x40B2, 0x01F6, 0x0024, 0x40FA, 0x01F6,
    0x0026, 0x80CA, 0x01E6, 0x0028, 0x80E2, 0x01E6, 0x002A, 0x80EA, 0x000E, 0x002C, 0x00CA, 0x0016,
    0x002E, 0x00F2, 0x01E6, 0x002F, 0x0000,
};
static const void* const sFrames63[] = { sFrame63 };
static const u8 sTiles64[1376] __attribute__((aligned(4))) = {
    0x00, 0x00, 0x00, 0x00, 0x00, 0x00, 0x00, 0x00, 0x00, 0x00, 0x00, 0x00, 0x00, 0x00, 0x00, 0xE0,
    0x00, 0x00, 0xE0, 0x3E, 0x00, 0x00, 0x3E, 0x12, 0x00, 0xE0, 0x23, 0x52, 0x00, 0xE0, 0x35, 0x22,
    0x00, 0x79, 0xE2, 0x2E, 0x00, 0xA9, 0x12, 0x26, 0x00, 0x39, 0x27, 0x11, 0x5E, 0xEE, 0x1A, 0x12,
    0x22, 0x5E, 0xAE, 0x11, 0x13, 0x3E, 0x7E, 0xAA, 0x12, 0xE1, 0xE1, 0x28, 0x22, 0xE3, 0xE2, 0x81,
    0xE1, 0x99, 0x92, 0x92, 0x61, 0x91, 0x92, 0x92, 0x11, 0x92, 0x92, 0xEE, 0x21, 0x51, 0xE9, 0x53,
    0x11, 0xEA, 0x53, 0x2E, 0x77, 0x3E, 0x3E, 0x1E, 0x21, 0xEE, 0xE1, 0x11, 0x81, 0xEE, 0xE2, 0x23,
    0x00, 0x00, 0x00, 0x00, 0x00, 0x00, 0x00, 0x00, 0x09, 0x00, 0x00, 0x00, 0xEE, 0x00, 0x00, 0x00,
    0x32, 0xEE, 0x00, 0x00, 0x13, 0x32, 0x0E, 0x00, 0x52, 0x22, 0xE3, 0x00, 0x22, 0x32, 0xE5, 0x00,
    0x00, 0x00, 0xEE, 0x3E, 0x00, 0x00, 0xE0, 0xBB, 0x00, 0x00, 0xE0, 0xB8, 0x00, 0x00, 0x8E, 0x86,
    0x00, 0x00, 0x68, 0x86, 0x00, 0xE0, 0x68, 0x86, 0x00, 0xEE, 0x8B, 0xB8, 0xE0, 0x8B, 0xB8, 0xEB,
    0x33, 0x3E, 0xE2, 0x12, 0xEE, 0xEB, 0xEE, 0x8A, 0xBB, 0xBB, 0xEB, 0x8A, 0xBB, 0xBB, 0xEB, 0x2E,
    0xEB, 0xB8, 0xBB, 0x7E, 0xEB, 0xB8, 0xEB, 0xEE, 0xEE, 0x88, 0xBB, 0xBE, 0xE0, 0x88, 0x8B, 0xE3,
    0x28, 0xBE, 0x32, 0x3E, 0x71, 0xBE, 0xEE, 0xBE, 0x71, 0xBE, 0xBB, 0xBB, 0xEA, 0xBB, 0xBB, 0xBB,
    0xEA, 0x8B, 0xBB, 0xEB, 0xBE, 0xBE, 0xB8, 0xEB, 0xE8, 0xBB, 0x88, 0xE8, 0xBE, 0xBB, 0x88, 0xE8,
    0x33, 0xEE, 0x0E, 0x00, 0xBE, 0xEB, 0x93, 0x09, 0xBB, 0xE8, 0x33, 0x93, 0x8B, 0x86, 0x9E, 0x99,
    0x8B, 0x66, 0x08, 0x00, 0x8B, 0x66, 0xE8, 0x00, 0xBE, 0x88, 0xEB, 0x0E, 0xE0, 0xBB, 0x88, 0xEB,
    0xEE, 0x8E, 0xB8, 0xEB, 0x66, 0x88, 0xBB, 0x0E, 0x86, 0x88, 0xEB, 0x00, 0x86, 0xE8, 0x0E, 0x00,
    0xB8, 0xEE, 0x00, 0x00, 0xE9, 0x00, 0x00, 0x00, 0x09, 0x00, 0x00, 0x00, 0x00, 0x00, 0x00, 0x00,
    0xE0, 0xB8, 0x6B, 0xB6, 0xE0, 0xB8, 0x68, 0xB6, 0xE0, 0xB8, 0x86, 0x33, 0xE0, 0x88, 0x86, 0xB6,
    0xE0, 0x88, 0x86, 0x88, 0x00, 0x8E, 0x86, 0x68, 0x00, 0x8E, 0x86, 0x68, 0x00, 0x8E, 0x66, 0x33,
    0x86, 0xBB, 0x88, 0xE8, 0x66, 0xB8, 0x8B, 0xE8, 0x63, 0xB8, 0x8B, 0xE8, 0x66, 0xB8, 0x8B, 0xE8,
    0x86, 0xBB, 0x8B, 0xE8, 0xB6, 0xBB, 0x8B, 0xE8, 0xB6, 0xBB, 0x8B, 0x0E, 0x83, 0xBB, 0x8B, 0x0E,
    0xE0, 0xBB, 0x88, 0xEE, 0x00, 0xBE, 0x8B, 0x68, 0x00, 0xE0, 0x8B, 0x68, 0x00, 0x00, 0x8E, 0x88,
    0x00, 0x00, 0xE0, 0xBE, 0x00, 0x00, 0x00, 0xEE, 0x00, 0x00, 0x00, 0x00, 0x00, 0x00, 0x00, 0x00,
    0x00, 0x00, 0x00, 0x00, 0x00, 0x00, 0x00, 0x00, 0x00, 0x00, 0x00, 0x00, 0x00, 0x00, 0x00, 0x00,
    0x00, 0x00, 0x00, 0x00, 0x00, 0x00, 0x00, 0xE0, 0x00, 0x00, 0x00, 0xE0, 0x00, 0x00, 0x00, 0xE0,
    0x00, 0x8E, 0x66, 0x88, 0xE0, 0x88, 0x66, 0x88, 0xE0, 0xB8, 0x68, 0x88, 0x8E, 0xB8, 0x68, 0x33,
    0x8E, 0xBB, 0x88, 0x88, 0x88, 0x8B, 0x88, 0xB8, 0xB8, 0x8B, 0x88, 0x3B, 0xB8, 0x8B, 0xB8, 0xE3,
    0x66, 0xBB, 0x8B, 0x0E, 0x66, 0xB8, 0x8B, 0x0E, 0x66, 0xB6, 0x8B, 0xE8, 0x63, 0x86, 0x8B, 0xE8,
    0x66, 0x86, 0xBB, 0xE8, 0x68, 0x86, 0xBB, 0x88, 0x8B, 0x86, 0xB8, 0x8B, 0xB8, 0x68, 0xB8, 0xBB,
    0x00, 0x00, 0x00, 0x00, 0x00, 0x00, 0x00, 0x00, 0x00, 0x00, 0x00, 0x00, 0x00, 0x00, 0x00, 0x00,
    0x00, 0x00, 0x00, 0x00, 0x0E, 0x00, 0x00, 0x00, 0x0E, 0x00, 0x00, 0x00, 0x0E, 0x00, 0x00, 0x00,
    0x00, 0x00, 0x00, 0xE0, 0x00, 0x00, 0x00, 0x8E, 0x00, 0x00, 0x00, 0x8E, 0x00, 0x00, 0x00, 0x8E,
    0x00, 0x00, 0xE0, 0x88, 0x00, 0x00, 0xE0, 0xB8, 0x00, 0x00, 0xE0, 0xB8, 0x00, 0x00, 0xE0, 0xB8,
    0xB8, 0x88, 0xB8, 0xE8, 0xB8, 0x68, 0xB8, 0xE8, 0xBB, 0x68, 0xB8, 0xE3, 0xBB, 0x68, 0xB8, 0xE8,
    0x8B, 0x66, 0xB8, 0xEE, 0x8B, 0x66, 0xB8, 0xEE, 0x8B, 0x66, 0x8B, 0xEE, 0x68, 0x66, 0x8B, 0xEE,
    0x8E, 0x6B, 0x88, 0xBB, 0x3E, 0x6B, 0x86, 0xBB, 0x8E, 0x6B, 0x86, 0xB8, 0x8E, 0x8B, 0x66, 0xB8,
    0xEE, 0x8B, 0x66, 0xB8, 0xEB, 0x8B, 0x66, 0xB8, 0xEB, 0xB8, 0x66, 0x88, 0xEB, 0xB3, 0x68, 0x88,
    0xEB, 0x00, 0x00, 0x00, 0xEB, 0x00, 0x00, 0x00, 0xEB, 0x00, 0x00, 0x00, 0xBB, 0x0E, 0x00, 0x00,
    0xBB, 0x0E, 0x00, 0x00, 0xBB, 0x0E, 0x00, 0x00, 0xBB, 0xEB, 0x00, 0x00, 0xBB, 0xE8, 0x00, 0x00,
    0x00, 0x00, 0x8E, 0xB8, 0x00, 0x00, 0x8E, 0x8B, 0x00, 0x00, 0x8E, 0x8B, 0x00, 0x00, 0x8E, 0x8B,
    0x00, 0xE0, 0xB8, 0x68, 0x00, 0xE0, 0xB8, 0x68, 0x00, 0xE0, 0xBB, 0x68, 0x00, 0xE0, 0x8B, 0x66,
    0x68, 0x86, 0x3B, 0xBE, 0x66, 0x86, 0x8B, 0xBE, 0x66, 0x86, 0x8B, 0xEE, 0x66, 0x86, 0xEB, 0xEB,
    0x66, 0xB6, 0xE8, 0xEB, 0x66, 0xB8, 0xE8, 0xEB, 0x66, 0xB8, 0xE3, 0xEE, 0x66, 0xB8, 0xE8, 0xEE,
    0xEB, 0xB8, 0x68, 0x88, 0xB8, 0xBE, 0x68, 0x86, 0x88, 0xBE, 0x68, 0x86, 0x8B, 0x8E, 0x8B, 0x66,
    0x8B, 0x3E, 0x8B, 0x66, 0x88, 0x8E, 0x8B, 0x66, 0x8B, 0xEB, 0x8B, 0x66, 0x8E, 0xEB, 0xB8, 0x66,
    0xBB, 0xE8, 0x00, 0x00, 0xBB, 0x8B, 0x0E, 0x00, 0xB8, 0x8B, 0x0E, 0x00, 0xB8, 0x8B, 0x0E, 0x00,
    0xB8, 0x8B, 0x0E, 0x00, 0xB8, 0xBB, 0xE8, 0x00, 0x86, 0xBB, 0xE8, 0x00, 0x86, 0xBB, 0xE8, 0x00,
    0x00, 0xBE, 0x8B, 0x66, 0x00, 0xBE, 0x68, 0x66, 0x00, 0xBE, 0x68, 0x66, 0x00, 0xBE, 0x68, 0x66,
    0xE0, 0xB8, 0x68, 0x66, 0xE0, 0xBB, 0x68, 0x86, 0xE0, 0x8B, 0x66, 0x86, 0xE0, 0x8B, 0x66, 0x86,
    0x66, 0xB8, 0xE8, 0xEB, 0x68, 0xB8, 0xBE, 0xEB, 0x68, 0x3B, 0xBE, 0xEB, 0x68, 0x8B, 0xBE, 0xEB,
    0x68, 0x8B, 0xBE, 0xEE, 0x68, 0x8B, 0xEE, 0xEB, 0x86, 0x3B, 0xBE, 0xEB, 0x86, 0x8B, 0xEE, 0xEB,
    0x8E, 0xEB, 0xB8, 0x68, 0xEB, 0xEB, 0xB3, 0x68, 0xBB, 0xEB, 0xB8, 0x68, 0x8B, 0xEB, 0xB8, 0x68,
    0x8B, 0xB8, 0x8E, 0x8B, 0x8B, 0x88, 0x8E, 0x8B, 0x8B, 0x88, 0x3E, 0x8B, 0x8B, 0x88, 0x8E, 0x8B,
    0x86, 0xBB, 0xE8, 0x00, 0x86, 0xBB, 0x88, 0x0E, 0x66, 0xBB, 0x88, 0x0E, 0x66, 0xB8, 0x8B, 0x0E,
    0x66, 0xB8, 0x8B, 0x0E, 0x66, 0xB8, 0x8B, 0xE8, 0x66, 0xB6, 0x8B, 0xE8, 0x66, 0x86, 0xBB, 0xE8,
    0x8E, 0x8B, 0x66, 0x86, 0x8E, 0x88, 0x68, 0x86, 0xEE, 0xEE, 0xEE, 0x88, 0x00, 0x00, 0x00, 0xEE,
    0x00, 0x00, 0x00, 0x00, 0x00, 0x00, 0x00, 0x00, 0x00, 0x00, 0x00, 0x00, 0x00, 0x00, 0x00, 0x00,
    0xB6, 0xE8, 0xEE, 0xBB, 0xB6, 0xE8, 0xBE, 0x88, 0xB6, 0xE3, 0xBE, 0xB8, 0xEE, 0xEE, 0xE0, 0xE8,
    0x00, 0x00, 0xE0, 0x0E, 0x00, 0x00, 0x00, 0x00, 0x00, 0x00, 0x00, 0xE0, 0x00, 0x00, 0x00, 0xE0,
    0x8E, 0x88, 0x8E, 0xB8, 0x8E, 0x88, 0xE8, 0xB8, 0xBE, 0x88, 0xE8, 0xB3, 0xEE, 0xEE, 0xEE, 0xEE,
    0xBE, 0xBB, 0xEB, 0x00, 0xBE, 0x88, 0xE8, 0x00, 0xBE, 0x8B, 0xE8, 0x00, 0xBB, 0x88, 0xE8, 0x00,
    0x68, 0x66, 0xBB, 0xE8, 0x68, 0x66, 0xB8, 0x88, 0x68, 0x66, 0xE6, 0xEE, 0xEE, 0xEE, 0x0E, 0x00,
    0x00, 0x00, 0x00, 0x00, 0x00, 0x00, 0x00, 0x00, 0x00, 0x00, 0x00, 0x00, 0x00, 0x00, 0x00, 0x00,
    0x00, 0x00, 0x90, 0x99, 0x00, 0x00, 0x29, 0x31, 0x00, 0x90, 0x22, 0x33, 0x00, 0x90, 0x12, 0x29,
    0x00, 0x39, 0x99, 0x21, 0x00, 0x99, 0x12, 0x92, 0x00, 0x29, 0x11, 0x29, 0x90, 0x33, 0x93, 0x22,
    0x99, 0x09, 0x00, 0x00, 0x33, 0x92, 0x00, 0x00, 0x22, 0x13, 0x09, 0x00, 0x33, 0x11, 0x92, 0x00,
    0x32, 0x91, 0x92, 0x00, 0x39, 0x29, 0x29, 0x09, 0x91, 0x93, 0x91, 0x09, 0x91, 0x92, 0x91, 0x92,
    0x0E, 0x00, 0x00, 0x00, 0xE6, 0x0E, 0xE0, 0xEE, 0x66, 0x9B, 0xE0, 0x86, 0x66, 0x39, 0x09, 0x8E,
    0x98, 0xE1, 0xB6, 0xEE, 0x39, 0x6E, 0xBB, 0x6E, 0xE9, 0xE6, 0xEE, 0x8B, 0xE0, 0xE8, 0x8B, 0xBE,
    0x00, 0x00, 0x00, 0x00, 0x00, 0x00, 0x00, 0x00, 0x0E, 0x00, 0x00, 0x00, 0x0E, 0x00, 0x00, 0x00,
    0x00, 0x00, 0x00, 0x00, 0x0E, 0x00, 0x00, 0x00, 0x0E, 0x00, 0x00, 0x00, 0x0E, 0x00, 0x00, 0x00,
    0x00, 0x00, 0x00, 0xE0, 0x00, 0x00, 0x00, 0xE0, 0x00, 0x00, 0x00, 0x00, 0x00, 0x00, 0x00, 0x00,
    0x00, 0x00, 0x00, 0x00, 0x00, 0x00, 0x00, 0x00, 0x00, 0x00, 0x00, 0x00, 0x00, 0x00, 0x00, 0x00,
    0xBB, 0x88, 0xE8, 0x00, 0xBB, 0xBB, 0xEE, 0x00, 0xBE, 0xBB, 0xEB, 0x00, 0xBE, 0x88, 0xE8, 0x00,
    0x8E, 0x88, 0xE8, 0x00, 0xE0, 0xEE, 0x0E, 0x00, 0x00, 0x00, 0x00, 0x00, 0x00, 0x00, 0x00, 0x00,
    0x00, 0x00, 0x00, 0x00, 0xE0, 0xEE, 0x00, 0xBE, 0x8E, 0xE6, 0x90, 0x6B, 0x8E, 0x0E, 0x39, 0x69,
    0xE0, 0xBE, 0xE6, 0x91, 0x6E, 0xBE, 0x6B, 0x3E, 0x8E, 0xEB, 0xEE, 0xE6, 0xBE, 0x8E, 0xEB, 0xE8,
    0xE0, 0xBE, 0x0E, 0x0E, 0x00, 0xEE, 0x00, 0x00, 0x00, 0x00, 0x00, 0x00, 0x00, 0x00, 0x00, 0x00,
    0x00, 0x00, 0x00, 0x00, 0x00, 0x00, 0x00, 0x00, 0x00, 0x00, 0x00, 0x00, 0x00, 0x00, 0x00, 0x00,
    0x00, 0x00, 0x00, 0x00, 0x00, 0x00, 0x00, 0x00, 0x99, 0x09, 0x00, 0x00, 0x99, 0x99, 0x00, 0x00,
    0x00, 0x00, 0x00, 0x00, 0x00, 0x00, 0x00, 0x00, 0x00, 0x00, 0x00, 0x00, 0x00, 0x00, 0x00, 0x00,
    0x00, 0x0E, 0xBE, 0xEE, 0x00, 0x00, 0xE0, 0x0E, 0x00, 0x00, 0x00, 0x00, 0x00, 0x00, 0x00, 0x00,
    0x00, 0x00, 0x00, 0x00, 0x00, 0x00, 0x00, 0x00, 0x00, 0x00, 0x00, 0x00, 0x00, 0x00, 0x00, 0x00,
    0x00, 0x00, 0x00, 0x00, 0x0E, 0x00, 0x00, 0x00, 0x0E, 0x00, 0x00, 0x00, 0x00, 0x00, 0x00, 0x00,
    0x00, 0x00, 0x00, 0x00, 0x00, 0x00, 0x00, 0x00, 0x00, 0x00, 0x00, 0x00, 0x00, 0x00, 0x00, 0x00,
};
static const u16 sFrame64[] = {
    0x0008, 0x80BA, 0xC1EE, 0x0000, 0x40B2, 0x01F6, 0x0020, 0x40CA, 0x000E, 0x0022, 0x40FA, 0x01F6,
    0x0024, 0x80CA, 0x01E6, 0x0026, 0x00C2, 0x000E, 0x0028, 0x00D2, 0x000E, 0x0029, 0x00F2, 0x000E,
    0x002A, 0x0000,
};
static const void* const sFrames64[] = { sFrame64 };
static const u8 sTiles65[1536] __attribute__((aligned(4))) = {
    0x00, 0x00, 0x00, 0x00, 0x00, 0x00, 0x00, 0x00, 0x00, 0x00, 0x00, 0x00, 0x00, 0x00, 0x00, 0xE0,
    0x00, 0x00, 0xE0, 0x3E, 0x00, 0x00, 0x3E, 0x12, 0x00, 0xE0, 0x23, 0x52, 0x00, 0xE0, 0x35, 0x22,
    0x00, 0x79, 0xE2, 0x2E, 0x00, 0xA9, 0x12, 0x26, 0x00, 0x39, 0x27, 0x11, 0x5E, 0xEE, 0x1A, 0x12,
    0x22, 0x5E, 0xAE, 0x11, 0x13, 0x3E, 0x7E, 0xAA, 0x12, 0xE1, 0xE1, 0x28, 0x22, 0xE3, 0xE2, 0x81,
    0xE1, 0x99, 0x92, 0x39, 0x61, 0x91, 0x92, 0x29, 0x11, 0x92, 0x92, 0xEE, 0x21, 0x51, 0xE9, 0x53,
    0x11, 0xEA, 0x53, 0x2E, 0x77, 0x3E, 0x3E, 0x1E, 0x21, 0xEE, 0xE1, 0x11, 0x81, 0xEE, 0xE2, 0x23,
    0x09, 0x00, 0x00, 0x00, 0x09, 0x00, 0x00, 0x00, 0x92, 0x00, 0x00, 0x00, 0xEE, 0x09, 0x00, 0x00,
    0x32, 0xEE, 0x09, 0x00, 0x13, 0x32, 0x9E, 0x09, 0x52, 0x22, 0xE3, 0x93, 0x22, 0x32, 0xE5, 0x22,
    0x00, 0x00, 0xEE, 0x3E, 0x00, 0x00, 0xE0, 0xBB, 0x00, 0x00, 0xE0, 0xB8, 0x00, 0x00, 0x8E, 0x86,
    0x00, 0x00, 0x68, 0x86, 0x00, 0xE0, 0x68, 0x86, 0x00, 0xEE, 0x8B, 0xB8, 0xE0, 0x8B, 0xB8, 0xEB,
    0x33, 0x3E, 0xE2, 0x12, 0xEE, 0xEB, 0xEE, 0x8A, 0xBB, 0xBB, 0xEB, 0x8A, 0xBB, 0xBB, 0xEB, 0x2E,
    0xEB, 0xB8, 0xBB, 0x7E, 0xEB, 0xB8, 0xEB, 0xEE, 0xEE, 0x88, 0xBB, 0xBE, 0xE0, 0x88, 0x8B, 0xE3,
    0x28, 0xBE, 0x32, 0x3E, 0x71, 0xBE, 0xEE, 0xBE, 0x71, 0xBE, 0xBB, 0xBB, 0xEA, 0xBB, 0xBB, 0xBB,
    0xEA, 0x8B, 0xBB, 0xEB, 0xBE, 0xBE, 0xB8, 0xEB, 0xE8, 0xBB, 0x88, 0xE8, 0xBE, 0xBB, 0x88, 0xE8,
    0x33, 0xEE, 0x9E, 0x99, 0xBE, 0xEB, 0x93, 0x99, 0xBB, 0xE8, 0x09, 0x00, 0x8B, 0x86, 0x9E, 0x00,
    0x8B, 0x66, 0x28, 0x99, 0x8B, 0x66, 0xE8, 0x99, 0xBE, 0x88, 0xEB, 0x0E, 0xE0, 0xBB, 0x88, 0xEB,
    0xEE, 0x8E, 0xB8, 0xEB, 0x66, 0x88, 0xBB, 0x0E, 0x86, 0x88, 0xEB, 0x00, 0x86, 0xE8, 0x0E, 0x00,
    0xB8, 0xEE, 0x00, 0x00, 0xE9, 0x00, 0x00, 0x00, 0x09, 0x00, 0x00, 0x00, 0x00, 0x00, 0x00, 0x00,
    0xE0, 0xB8, 0x6B, 0xB6, 0xE0, 0xB8, 0x68, 0xB6, 0xE0, 0xB8, 0x86, 0x33, 0xE0, 0x88, 0x86, 0xB6,
    0xE0, 0x88, 0x86, 0x88, 0x00, 0x8E, 0x86, 0x68, 0x00, 0x8E, 0x86, 0x68, 0x00, 0x8E, 0x66, 0x33,
    0x86, 0xBB, 0x88, 0xE8, 0x66, 0xB8, 0x8B, 0xE8, 0x63, 0xB8, 0x8B, 0xE8, 0x66, 0xB8, 0x8B, 0xE8,
    0x86, 0xBB, 0x8B, 0xE8, 0xB6, 0xBB, 0x8B, 0xE8, 0xB6, 0xBB, 0x8B, 0x0E, 0x83, 0xBB, 0x8B, 0x0E,
    0xE0, 0xBB, 0x88, 0xEE, 0x00, 0xBE, 0x8B, 0x68, 0x00, 0xE0, 0x8B, 0x68, 0x00, 0x00, 0x8E, 0x88,
    0x00, 0x00, 0xE0, 0xBE, 0x00, 0x00, 0x00, 0xEE, 0x00, 0x00, 0x00, 0x00, 0x00, 0x00, 0x00, 0x00,
    0x00, 0x00, 0x00, 0x00, 0x00, 0x00, 0x00, 0x00, 0x00, 0x00, 0x00, 0x00, 0x00, 0x00, 0x00, 0x00,
    0x00, 0x00, 0x00, 0x00, 0x00, 0x00, 0x00, 0xE0, 0x00, 0x00, 0x00, 0xE0, 0x00, 0x00, 0x00, 0xBE,
    0x00, 0x8E, 0x66, 0x88, 0xE0, 0x88, 0x66, 0x88, 0xE0, 0xB8, 0x68, 0x88, 0x8E, 0xB8, 0x68, 0x33,
    0x8E, 0xBB, 0x88, 0x88, 0x88, 0x8B, 0x88, 0xB8, 0xB8, 0x8B, 0x88, 0x3B, 0xB8, 0x8B, 0xB8, 0xE3,
    0x66, 0xBB, 0x8B, 0x0E, 0x66, 0xB8, 0x8B, 0x0E, 0x66, 0xB6, 0x8B, 0xE8, 0x63, 0x86, 0x8B, 0xE8,
    0x66, 0x86, 0xBB, 0xE8, 0x68, 0x86, 0xBB, 0x88, 0x8B, 0x86, 0xB8, 0x8B, 0xB8, 0x68, 0xB8, 0xBB,
    0x00, 0x00, 0x00, 0x00, 0x00, 0x00, 0x00, 0x00, 0x00, 0x00, 0x00, 0x00, 0x00, 0x00, 0x00, 0x00,
    0x00, 0x00, 0x00, 0x00, 0x0E, 0x00, 0x00, 0x00, 0x0E, 0x00, 0x00, 0x00, 0xEB, 0x00, 0x00, 0x00,
    0x00, 0x00, 0xE0, 0xBB, 0x00, 0x00, 0xE0, 0x8B, 0x00, 0x00, 0xE0, 0x8B, 0x00, 0x00, 0xBE, 0x8B,
    0x00, 0x00, 0xBE, 0x8B, 0x00, 0x00, 0xBE, 0xBB, 0x00, 0xE0, 0xBB, 0xBB, 0x00, 0xE0, 0xBB, 0xBB,
    0xB8, 0x88, 0xB8, 0xE8, 0xB8, 0x68, 0xB8, 0xE8, 0xBB, 0x68, 0xB8, 0xE3, 0xBB, 0x68, 0xB8, 0xE8,
    0x8B, 0x66, 0xB8, 0xE8, 0x8B, 0x66, 0xB8, 0xE8, 0x8B, 0x66, 0xB8, 0xE3, 0x68, 0x66, 0xB8, 0xE8,
    0x8E, 0x6B, 0x88, 0xBB, 0x3E, 0x6B, 0x86, 0xBB, 0x8E, 0x6B, 0x86, 0xB8, 0x8E, 0x8B, 0x66, 0xB8,
    0x8E, 0x8B, 0x66, 0xB8, 0xEB, 0xB3, 0x66, 0xB8, 0xEB, 0xB8, 0x66, 0x88, 0xEB, 0xB8, 0x68, 0x88,
    0xEB, 0x00, 0x00, 0x00, 0xEB, 0x00, 0x00, 0x00, 0xBB, 0x0E, 0x00, 0x00, 0xBB, 0x0E, 0x00, 0x00,
    0xBB, 0xEB, 0x00, 0x00, 0xBB, 0xEB, 0x00, 0x00, 0xBB, 0xEB, 0x00, 0x00, 0xBB, 0xBB, 0x0E, 0x00,
    0x00, 0xE0, 0xBB, 0xBB, 0x00, 0xBE, 0xBB, 0x8B, 0x00, 0xBE, 0xBB, 0x8B, 0xE0, 0xBB, 0xBB, 0x8B,
    0xBE, 0xBB, 0xBB, 0x68, 0xBE, 0xBB, 0xBB, 0x68, 0xBB, 0xB8, 0xBB, 0x68, 0x88, 0xBB, 0x8B, 0x66,
    0x68, 0x86, 0x8B, 0xBE, 0x66, 0x86, 0x8B, 0xBE, 0x66, 0x86, 0x3B, 0xEE, 0x66, 0xB8, 0xE8, 0xEB,
    0x66, 0xB8, 0xE8, 0xEB, 0x86, 0x8B, 0xEE, 0xEB, 0x86, 0x3B, 0xEE, 0xEE, 0x86, 0x8B, 0xBE, 0xEE,
    0xEB, 0xB8, 0x68, 0x88, 0xB8, 0x3E, 0x6B, 0x86, 0x88, 0x8E, 0x6B, 0x86, 0x8B, 0x8E, 0x8B, 0x86,
    0x8B, 0xEB, 0xB8, 0x66, 0x88, 0xEB, 0xB3, 0x66, 0x8B, 0xEB, 0xB8, 0x68, 0x8E, 0xFB, 0xB8, 0x68,
    0xBB, 0xBB, 0x0E, 0x00, 0xBB, 0xBB, 0x0E, 0x00, 0xB8, 0xBB, 0xEB, 0x00, 0xB8, 0xBB, 0xEB, 0x00,
    0xB8, 0xBB, 0xBB, 0x0E, 0xB8, 0xBB, 0xBB, 0x0E, 0x88, 0xBB, 0xBB, 0x0E, 0x88, 0xBB, 0xBB, 0xEB,
    0xB8, 0xBB, 0x8B, 0x66, 0xB8, 0xB8, 0x68, 0x66, 0xBB, 0xB8, 0x68, 0x66, 0x8B, 0xB8, 0x68, 0x66,
    0x68, 0xB8, 0x68, 0x66, 0x88, 0xBB, 0x68, 0x86, 0x86, 0x8B, 0x66, 0x86, 0x86, 0x8B, 0x66, 0x86,
    0x86, 0x8B, 0xBE, 0xEB, 0xB8, 0xE8, 0xBB, 0xEB, 0xB8, 0xE3, 0xBB, 0xEB, 0xB8, 0xE8, 0xBB, 0xEB,
    0xB8, 0xE8, 0xBE, 0xEE, 0x8B, 0xBE, 0xEB, 0xEB, 0x8B, 0xBE, 0xBB, 0xEB, 0x8B, 0xBE, 0xEB, 0xEB,
    0x8E, 0xBB, 0x8E, 0x8B, 0xEB, 0xBB, 0x3E, 0x8B, 0xBB, 0xBB, 0xEB, 0xB8, 0x8B, 0xBB, 0xEB, 0xB8,
    0x8B, 0xB8, 0xEB, 0x8E, 0x8B, 0x88, 0xEB, 0x8E, 0x8B, 0x88, 0xEB, 0xEB, 0x8B, 0x88, 0xEB, 0xEB,
    0x86, 0xBB, 0xBB, 0xEB, 0x86, 0xBB, 0xB8, 0xBB, 0x88, 0xBB, 0xB8, 0xBB, 0x88, 0xB8, 0x8B, 0xBB,
    0x8B, 0xB8, 0x8B, 0xBB, 0xB8, 0xB8, 0x8B, 0xB8, 0xB8, 0xB8, 0x8B, 0xB8, 0xB8, 0x8B, 0xBB, 0x88,
    0x86, 0x8B, 0x66, 0xB6, 0xEE, 0xEE, 0x66, 0xB6, 0x00, 0xE0, 0xEE, 0xBE, 0x00, 0x00, 0x00, 0xE0,
    0x00, 0x00, 0x00, 0x00, 0x00, 0x00, 0x00, 0x00, 0x00, 0x00, 0x00, 0x00, 0x00, 0x00, 0x00, 0x00,
    0xE8, 0xEE, 0xEE, 0xBB, 0xE8, 0x00, 0xBE, 0x88, 0xE8, 0x00, 0xBE, 0xB8, 0xEE, 0x00, 0xE0, 0xE8,
    0x00, 0x00, 0xE0, 0x0E, 0x00, 0x00, 0x00, 0x00, 0x00, 0x00, 0x00, 0xE0, 0x00, 0x00, 0x00, 0xE0,
    0x8E, 0x88, 0xE8, 0xEB, 0x8E, 0x88, 0xE8, 0xEE, 0xBE, 0x88, 0xE8, 0x00, 0xEE, 0xEE, 0xEE, 0x00,
    0xBE, 0xBB, 0xEB, 0x00, 0xBE, 0x88, 0xE8, 0x00, 0xBE, 0x8B, 0xE8, 0x00, 0xBB, 0x88, 0xE8, 0x00,
    0x88, 0x8B, 0xBB, 0x88, 0x8E, 0xBB, 0xB8, 0xEE, 0xEE, 0xEE, 0xEE, 0x00, 0x00, 0x00, 0x00, 0x00,
    0x00, 0x00, 0x00, 0x00, 0x00, 0x00, 0x00, 0x00, 0x00, 0x00, 0x00, 0x00, 0x00, 0x00, 0x00, 0x00,
    0x00, 0x00, 0x00, 0x00, 0x00, 0x00, 0x00, 0x00, 0x00, 0x00, 0x00, 0x00, 0x00, 0x00, 0x00, 0x00,
    0x00, 0x00, 0x00, 0x00, 0x00, 0x99, 0x09, 0x00, 0x99, 0x93, 0x99, 0x00, 0x33, 0x09, 0x00, 0x09,
    0x99, 0x00, 0x00, 0x00, 0x00, 0x00, 0x00, 0x00, 0x00, 0x00, 0x00, 0x00, 0x00, 0x00, 0x00, 0x00,
    0x90, 0x00, 0x00, 0x00, 0x09, 0x00, 0x00, 0x00, 0x00, 0x00, 0x00, 0x00, 0x00, 0x00, 0x00, 0x00,
    0x0E, 0x00, 0x00, 0x00, 0xE6, 0x0E, 0xE0, 0xEE, 0x66, 0x9B, 0xE0, 0x86, 0x66, 0x39, 0x09, 0x8E,
    0x98, 0xE1, 0xB6, 0xEE, 0x39, 0x6E, 0xBB, 0x6E, 0xE9, 0xE6, 0xEE, 0x8B, 0xE0, 0xE8, 0x8B, 0xBE,
    0x00, 0x0E, 0xBE, 0xEE, 0x00, 0x00, 0xE0, 0x0E, 0x00, 0x00, 0x00, 0x00, 0x00, 0x00, 0x00, 0x00,
    0x00, 0x00, 0x00, 0x00, 0x00, 0x00, 0x00, 0x00, 0x00, 0x00, 0x00, 0x00, 0x00, 0x00, 0x00, 0x00,
    0x00, 0x00, 0x90, 0x99, 0x00, 0x00, 0x29, 0x31, 0x00, 0x90, 0x22, 0x33, 0x00, 0x90, 0x12, 0x29,
    0x00, 0x39, 0x99, 0x21, 0x00, 0x99, 0x12, 0x92, 0x00, 0x29, 0x11, 0x29, 0x90, 0x33, 0x93, 0x22,
    0x99, 0x09, 0x00, 0x00, 0x33, 0x92, 0x09, 0x00, 0x22, 0x13, 0x93, 0x00, 0x33, 0x11, 0x92, 0x00,
    0x32, 0x91, 0x22, 0x09, 0x39, 0x29, 0x29, 0x09, 0x91, 0x93, 0x91, 0x92, 0x91, 0x92, 0x91, 0x92,
    0x00, 0x00, 0x00, 0xE0, 0x00, 0x00, 0x00, 0xE0, 0x00, 0x00, 0x00, 0x00, 0x00, 0x00, 0x00, 0x00,
    0x00, 0x00, 0x00, 0x00, 0x00, 0x00, 0x00, 0x00, 0x00, 0x00, 0x00, 0x00, 0x00, 0x00, 0x00, 0x00,
    0xBB, 0x88, 0xE8, 0x00, 0xBB, 0xBB, 0xEE, 0x00, 0xBE, 0xBB, 0xEB, 0x00, 0xBE, 0x88, 0xE8, 0x00,
    0x8E, 0x88, 0xE8, 0x00, 0xE0, 0xEE, 0x0E, 0x00, 0x00, 0x00, 0x00, 0x00, 0x00, 0x00, 0x00, 0x00,
    0x00, 0x00, 0x00, 0x00, 0xE0, 0xEE, 0x00, 0xBE, 0x8E, 0xE6, 0x90, 0x6B, 0x8E, 0x0E, 0x39, 0x69,
    0xE0, 0xBE, 0xE6, 0x91, 0x6E, 0xBE, 0x6B, 0x3E, 0x8E, 0xEB, 0xEE, 0xE6, 0xBE, 0x8E, 0xEB, 0xE8,
    0xE0, 0xBE, 0x0E, 0x0E, 0x00, 0xEE, 0x00, 0x00, 0x00, 0x00, 0x00, 0x00, 0x00, 0x00, 0x00, 0x00,
    0x00, 0x00, 0x00, 0x00, 0x00, 0x00, 0x00, 0x00, 0x00, 0x00, 0x00, 0x00, 0x00, 0x00, 0x00, 0x00,
    0x00, 0x00, 0x00, 0x00, 0x00, 0x00, 0x00, 0x00, 0x00, 0x00, 0x00, 0x00, 0x00, 0x00, 0x00, 0x00,
    0x00, 0x00, 0x00, 0x00, 0x00, 0x00, 0x00, 0x00, 0x00, 0x00, 0x00, 0xE0, 0x00, 0x00, 0x00, 0xBE,
    0x00, 0x00, 0xE0, 0x8B, 0x00, 0x00, 0xE0, 0x8B, 0x00, 0x00, 0xBE, 0x88, 0x00, 0xE0, 0x8B, 0x88,
    0x00, 0xE0, 0x8B, 0xB8, 0x00, 0xE0, 0x88, 0xB8, 0x00, 0x00, 0x8E, 0x8B, 0x00, 0x00, 0xBE, 0x8B,
    0x00, 0x00, 0x00, 0x00, 0x0E, 0x00, 0x00, 0x00, 0xEB, 0x00, 0x00, 0x00, 0xBB, 0x0E, 0x00, 0x00,
    0xBB, 0x0E, 0x00, 0x00, 0xBB, 0xEB, 0x00, 0x00, 0xBB, 0xBB, 0x0E, 0x00, 0xBB, 0xEB, 0x00, 0x00,
    0xBB, 0xEB, 0x00, 0x00, 0xEE, 0x0E, 0x00, 0x00, 0x00, 0x00, 0x00, 0x00, 0x00, 0x00, 0x00, 0x00,
    0x00, 0x00, 0x00, 0x00, 0x00, 0x00, 0x00, 0x00, 0x00, 0x00, 0x00, 0x00, 0x00, 0x00, 0x00, 0x00,
    0x00, 0x00, 0x00, 0x00, 0x00, 0x00, 0x00, 0x00, 0x0E, 0x00, 0x00, 0x00, 0x0E, 0x00, 0x00, 0x00,
    0x00, 0x00, 0x00, 0x00, 0x0E, 0x00, 0x00, 0x00, 0x0E, 0x00, 0x00, 0x00, 0x0E, 0x00, 0x00, 0x00,
    0x00, 0x00, 0xE0, 0x6E, 0x00, 0x00, 0x00, 0xE0, 0x00, 0x00, 0x00, 0x00, 0x00, 0x00, 0x00, 0x00,
    0x00, 0x00, 0x00, 0x00, 0x00, 0x00, 0x00, 0x00, 0x00, 0x00, 0x00, 0x00, 0x00, 0x00, 0x00, 0x00,
};
static const u16 sFrame65[] = {
    0x0009, 0x80BA, 0xC1EE, 0x0000, 0x80BA, 0x400E, 0x0020, 0x40B2, 0x01F6, 0x0024, 0x40FA, 0x01F6,
    0x0026, 0x80CA, 0x01E6, 0x0028, 0x80E2, 0x01E6, 0x002A, 0x80EA, 0x000E, 0x002C, 0x00CA, 0x0016,
    0x002E, 0x00F2, 0x01E6, 0x002F, 0x0000,
};
static const void* const sFrames65[] = { sFrame65 };
static const u8 sTiles66[1120] __attribute__((aligned(4))) = {
    0x00, 0x00, 0xF0, 0x8B, 0x00, 0x00, 0xF0, 0x8B, 0x00, 0x00, 0xBF, 0x8B, 0x00, 0x00, 0xBF, 0x8B,
    0x00, 0x00, 0xBF, 0x68, 0x00, 0x00, 0xBF, 0x68, 0x00, 0xF0, 0xBB, 0x68, 0x00, 0xF0, 0xBB, 0x68,
    0x88, 0x66, 0xFB, 0xBB, 0x68, 0x86, 0xBF, 0xBB, 0x66, 0x36, 0xBF, 0xFB, 0x66, 0x86, 0xBF, 0xFB,
    0x66, 0xF8, 0xBB, 0xBF, 0x66, 0xF8, 0xBB, 0xBF, 0x86, 0x8F, 0xFB, 0xBB, 0x36, 0xBF, 0xFB, 0xBB,
    0xFB, 0x3F, 0xBB, 0xB8, 0xBB, 0xF8, 0x8B, 0x86, 0xBB, 0x68, 0x8F, 0x66, 0xBF, 0x88, 0xBF, 0x68,
    0xFB, 0x8B, 0xF8, 0x68, 0xBB, 0xBF, 0x68, 0x3F, 0xBB, 0xFB, 0x88, 0xF6, 0xBB, 0xBB, 0xFF, 0x8B,
    0x0F, 0x00, 0x00, 0x00, 0x0F, 0x00, 0x00, 0x00, 0xFB, 0x00, 0x00, 0x00, 0xF6, 0x00, 0x00, 0x00,
    0x66, 0x0F, 0x00, 0x00, 0x66, 0x06, 0x00, 0x00, 0x68, 0xF6, 0x00, 0x00, 0x8F, 0xF6, 0x00, 0x00,
    0x00, 0xF0, 0x8B, 0x68, 0x00, 0xF0, 0x8B, 0x66, 0x00, 0xF0, 0x8B, 0x86, 0x00, 0xBF, 0x8B, 0x38,
    0x00, 0xBF, 0x8B, 0x88, 0x00, 0xBF, 0x8B, 0x88, 0x00, 0xBF, 0xBB, 0xBB, 0xF0, 0xBB, 0xBB, 0xF8,
    0xF8, 0xB8, 0xBF, 0xBB, 0xF8, 0xB8, 0xBF, 0xBB, 0x8F, 0xFB, 0xBB, 0xBB, 0x8F, 0xFB, 0xBB, 0xBB,
    0xBF, 0xBF, 0xBB, 0xBB, 0xFF, 0xBF, 0xBB, 0xBB, 0xBF, 0xBF, 0xBB, 0xBB, 0xBB, 0xBF, 0xBB, 0xFB,
    0xBB, 0xBB, 0xBF, 0x8B, 0xBB, 0xBB, 0xBF, 0x8B, 0xBB, 0xFB, 0xBB, 0xBB, 0xBB, 0xFF, 0xBB, 0x8B,
    0xBB, 0xBF, 0xBF, 0x68, 0xFB, 0xBB, 0xFB, 0x88, 0xBF, 0xBB, 0xBB, 0xFF, 0xBB, 0xBB, 0xBB, 0xBF,
    0xBF, 0xF6, 0x00, 0x00, 0xF8, 0xF3, 0x00, 0x00, 0xF8, 0xF8, 0x00, 0x00, 0xF6, 0xFB, 0x00, 0x00,
    0xF6, 0xFF, 0x00, 0x00, 0xBF, 0xFF, 0x00, 0x00, 0xBB, 0xFF, 0x00, 0x00, 0xBB, 0xFF, 0x00, 0x00,
    0xF0, 0xBB, 0x8B, 0xF8, 0xF0, 0xBB, 0x8B, 0xF3, 0xF0, 0xBB, 0x8B, 0xF6, 0xBF, 0xBB, 0x8B, 0xF6,
    0xBF, 0xBB, 0x88, 0xF6, 0xBF, 0xBB, 0x68, 0xF6, 0xBF, 0x8B, 0x36, 0xBF, 0x8F, 0x68, 0x66, 0xBF,
    0xBB, 0xBF, 0xBB, 0xFB, 0xFB, 0xBB, 0xBB, 0xFB, 0xFB, 0xBB, 0xBB, 0xFB, 0xFB, 0xBB, 0xBB, 0xBB,
    0xFB, 0xBB, 0xBB, 0xBB, 0xFF, 0xBF, 0xBB, 0xBB, 0xFB, 0xF0, 0xFF, 0xFF, 0xFB, 0x00, 0x00, 0x00,
    0xBB, 0x8B, 0xFB, 0xBB, 0xBB, 0xBB, 0xF8, 0xBB, 0xBB, 0xBB, 0xF8, 0xBB, 0xBF, 0xBB, 0xF8, 0xBB,
    0xBF, 0x68, 0xF6, 0xBB, 0x8F, 0x88, 0xF8, 0xBB, 0xFF, 0x6B, 0x66, 0xBF, 0xF0, 0x66, 0x66, 0xBF,
    0xBB, 0xFB, 0x00, 0x00, 0xBB, 0x8B, 0x00, 0x00, 0xBB, 0x6B, 0x00, 0x00, 0xBB, 0x6B, 0x0F, 0x00,
    0xBB, 0x6B, 0x0F, 0x00, 0xBB, 0x6B, 0x0F, 0x00, 0xBB, 0x6B, 0x0F, 0x00, 0xBB, 0x6B, 0x0F, 0x00,
    0x8F, 0xF6, 0xFF, 0xBF, 0xFF, 0x0F, 0xBF, 0xB8, 0x00, 0x00, 0xF0, 0xB8, 0x00, 0x00, 0xF0, 0x86,
    0x00, 0x00, 0x6F, 0x86, 0x00, 0x00, 0xBF, 0x86, 0x00, 0xF0, 0xFF, 0xFF, 0x00, 0x6F, 0x66, 0xB8,
    0xFB, 0x00, 0x00, 0x00, 0xFB, 0x00, 0x00, 0x00, 0xFB, 0x00, 0x00, 0x00, 0xBB, 0x0F, 0x00, 0x00,
    0xBB, 0x0F, 0x00, 0x00, 0xBB, 0x0F, 0x00, 0x00, 0xBB, 0x0F, 0x00, 0x00, 0xBB, 0x00, 0x00, 0x00,
    0xF0, 0xFF, 0xFF, 0xFF, 0x00, 0x00, 0x00, 0x00, 0x00, 0x00, 0x00, 0x00, 0x00, 0x00, 0x00, 0x00,
    0x00, 0x00, 0x00, 0x00, 0x00, 0x00, 0x00, 0x00, 0x00, 0x00, 0x00, 0x00, 0x00, 0x00, 0x00, 0x00,
    0xFF, 0x8B, 0x0F, 0x00, 0x00, 0xFF, 0x0F, 0x00, 0x00, 0x00, 0x00, 0x00, 0x00, 0x00, 0x00, 0x00,
    0x00, 0x00, 0x00, 0x00, 0x00, 0x00, 0x00, 0x00, 0x00, 0x00, 0x00, 0x00, 0x00, 0x00, 0x00, 0x00,
    0x00, 0x00, 0x00, 0x00, 0x00, 0x00, 0x00, 0x00, 0x00, 0x00, 0x00, 0x00, 0x00, 0x00, 0x00, 0xE0,
    0x00, 0x00, 0xE0, 0x3E, 0x00, 0x00, 0x3E, 0x12, 0x00, 0xE0, 0x23, 0x52, 0x00, 0xE0, 0x35, 0x22,
    0x99, 0xE2, 0xE8, 0xEE, 0x99, 0xE2, 0x8E, 0xEE, 0x99, 0x92, 0xEE, 0x11, 0x5E, 0x99, 0x12, 0x11,
    0x22, 0x9E, 0x2A, 0x21, 0x13, 0x9E, 0x72, 0xA7, 0x12, 0xE1, 0x11, 0x21, 0x22, 0xE3, 0x12, 0x81,
    0xE8, 0x7E, 0x09, 0x00, 0x8E, 0xAE, 0x09, 0x00, 0xEE, 0x37, 0x09, 0x00, 0x22, 0xEA, 0x0E, 0x00,
    0xA2, 0x5E, 0xE3, 0x5E, 0x7A, 0x3E, 0x12, 0xE3, 0xA8, 0x2E, 0x21, 0x21, 0x71, 0x3E, 0x12, 0x31,
    0x00, 0x00, 0x00, 0x00, 0x00, 0x00, 0x00, 0x00, 0x00, 0x00, 0x00, 0x00, 0x00, 0x00, 0x00, 0x00,
    0x00, 0x00, 0x00, 0x00, 0x0E, 0x00, 0x00, 0x00, 0x05, 0x00, 0x00, 0x00, 0x0E, 0x00, 0x00, 0x00,
    0x00, 0x00, 0xEE, 0x3E, 0x00, 0x50, 0x13, 0xE1, 0x00, 0x3E, 0x22, 0x32, 0x00, 0x5E, 0x32, 0xEE,
    0x00, 0xEE, 0x6E, 0xB8, 0x00, 0x00, 0x6F, 0xBB, 0x00, 0xF0, 0x86, 0xBB, 0x00, 0x8F, 0xB8, 0xBB,
    0x33, 0xBE, 0x1E, 0x18, 0xEE, 0xBB, 0x1E, 0x81, 0x35, 0xBF, 0x2E, 0x81, 0xFF, 0xBB, 0xEB, 0x2A,
    0xBB, 0xB6, 0xF6, 0x9F, 0xFB, 0xFB, 0x6F, 0x39, 0xBF, 0x8F, 0xB6, 0x59, 0xFF, 0xB8, 0xFF, 0xFF,
    0x72, 0xE5, 0x33, 0xEE, 0xEA, 0x13, 0x5E, 0x13, 0xEA, 0x35, 0xEF, 0x25, 0xEE, 0xFF, 0xB6, 0xEE,
    0xFF, 0xFF, 0xBB, 0xBB, 0x89, 0x66, 0xFF, 0xBF, 0xB9, 0x88, 0x88, 0xF6, 0xBF, 0xBB, 0x8B, 0x88,
    0xEE, 0x00, 0x00, 0x00, 0x52, 0x0E, 0x00, 0x00, 0xE3, 0x00, 0x00, 0x00, 0xFE, 0x00, 0x00, 0x00,
    0x68, 0x0F, 0x00, 0x00, 0x88, 0xF6, 0x00, 0x00, 0xBF, 0xF8, 0x00, 0x00, 0xF6, 0xF8, 0x00, 0x00,
    0x00, 0x8F, 0xBB, 0xFF, 0x00, 0x8F, 0x88, 0x88, 0x00, 0x8F, 0x88, 0xB8, 0x00, 0xF0, 0xB8, 0xBB,
    0x00, 0x00, 0xFF, 0xFF, 0x00, 0x00, 0x00, 0xF0, 0x00, 0x00, 0x00, 0xF0, 0x00, 0x00, 0x00, 0xF0,
    0xFF, 0x99, 0x88, 0x66, 0x98, 0x93, 0xBB, 0xFF, 0x9B, 0x93, 0xFF, 0x33, 0x9B, 0x95, 0x8B, 0xBF,
    0x8F, 0xB9, 0x88, 0xBF, 0x8B, 0xBB, 0x68, 0xBF, 0xBB, 0x8B, 0x68, 0x33, 0xBB, 0x8B, 0x66, 0xFB,
    0x00, 0x00, 0x00, 0xF0, 0x00, 0x00, 0x00, 0xF0, 0x00, 0x00, 0x00, 0xB0, 0x00, 0x00, 0x00, 0xBF,
    0x00, 0x00, 0x00, 0xBF, 0x00, 0x00, 0x00, 0xBF, 0x00, 0x00, 0xF0, 0xBB, 0x00, 0x00, 0xF0, 0xBB,
    0xBB, 0x8B, 0x66, 0xFB, 0xBB, 0x88, 0x66, 0xFB, 0x6B, 0x68, 0x66, 0xFB, 0x8B, 0x66, 0x86, 0x33,
    0x8B, 0x68, 0xB8, 0xFB, 0xBB, 0x88, 0xBB, 0xFF, 0xBB, 0xBB, 0xBB, 0xFF, 0x8B, 0x88, 0xFB, 0x33,
    0x00, 0x00, 0x99, 0x99, 0x00, 0x90, 0x32, 0x33, 0x00, 0x19, 0x23, 0x32, 0x90, 0x12, 0x31, 0x23,
    0x90, 0x92, 0x31, 0x22, 0x29, 0x29, 0x39, 0x99, 0x99, 0x91, 0x93, 0x21, 0x99, 0x91, 0x92, 0x21,
    0x99, 0x00, 0x00, 0x00, 0x21, 0x09, 0x00, 0x00, 0x23, 0x92, 0x00, 0x00, 0x19, 0x92, 0x00, 0x00,
    0x91, 0x39, 0x09, 0x00, 0x12, 0x92, 0x09, 0x00, 0x19, 0x21, 0x09, 0x00, 0x92, 0x33, 0x93, 0x00,
    0xF8, 0xBF, 0xBB, 0xBB, 0x8B, 0xF8, 0xBF, 0xBB, 0xFF, 0xFB, 0xFB, 0xFF, 0x66, 0xBF, 0xFB, 0x00,
    0x66, 0xB8, 0xFB, 0x00, 0x66, 0xB8, 0xFB, 0x00, 0x66, 0xB8, 0xFB, 0x00, 0x66, 0xB8, 0xFB, 0x00,
    0x88, 0xF8, 0x00, 0x00, 0x8B, 0xF8, 0x00, 0x00, 0xFF, 0x0F, 0x00, 0x00, 0x00, 0x00, 0x00, 0x00,
    0x00, 0x00, 0x00, 0x00, 0x00, 0x00, 0x00, 0x00, 0x00, 0x00, 0x00, 0x00, 0x00, 0x00, 0x00, 0x00,
    0x00, 0x8F, 0x88, 0x88, 0x00, 0xFF, 0xFF, 0xFF, 0x00, 0x00, 0x00, 0x00, 0x00, 0x00, 0x00, 0x00,
    0x00, 0x00, 0x00, 0x00, 0x00, 0x00, 0x00, 0x00, 0x00, 0x00, 0x00, 0x00, 0x00, 0x00, 0x00, 0x00,
    0xF8, 0x00, 0x00, 0x00, 0x0F, 0x00, 0x00, 0x00, 0x00, 0x00, 0x00, 0x00, 0x00, 0x00, 0x00, 0x00,
    0x00, 0x00, 0x00, 0x00, 0x00, 0x00, 0x00, 0x00, 0x00, 0x00, 0x00, 0x00, 0x00, 0x00, 0x00, 0x00,
    0x68, 0x88, 0xFB, 0x00, 0x68, 0x86, 0xFB, 0x00, 0x68, 0x68, 0xF6, 0x00, 0x6B, 0x68, 0xF6, 0x00,
    0x6B, 0x86, 0x66, 0x0F, 0x8B, 0x86, 0x88, 0x0F, 0xBF, 0x68, 0x88, 0xFB, 0xFF, 0x88, 0xBB, 0xFB,
};
static const u16 sFrame66[] = {
    0x0007, 0x00DE, 0x81F7, 0x0000, 0x40BE, 0x81F7, 0x0010, 0x00CE, 0x41F7, 0x0018, 0x40B6, 0x01FF,
    0x001C, 0x40CE, 0x0007, 0x001E, 0x40FE, 0x01F7, 0x0020, 0x00D6, 0x0007, 0x0022, 0x0000,
};
static const void* const sFrames66[] = { sFrame66 };
static const u8 sTiles67[1056] __attribute__((aligned(4))) = {
    0x00, 0x00, 0xF0, 0xBB, 0x00, 0x00, 0xBF, 0x66, 0x00, 0xF0, 0xBB, 0x66, 0x00, 0xF0, 0x8B, 0x66,
    0x00, 0xBF, 0x68, 0x86, 0x00, 0x8F, 0x66, 0xB8, 0xF0, 0x6B, 0x66, 0x38, 0xF0, 0x6B, 0x86, 0xFB,
    0x88, 0xB8, 0xBF, 0xBB, 0x86, 0xF3, 0xFB, 0xBB, 0xB8, 0xBF, 0xFB, 0xBB, 0xFB, 0x88, 0xFB, 0xFF,
    0xFB, 0xB8, 0xBF, 0xBB, 0x8F, 0xB8, 0xBF, 0xBB, 0x8F, 0xF8, 0xBB, 0xBB, 0xB8, 0xBF, 0xBB, 0xBB,
    0xFB, 0x83, 0xFB, 0xFB, 0xBB, 0xBF, 0xB8, 0xBB, 0x8F, 0xF8, 0xBB, 0x88, 0xBB, 0x88, 0xBF, 0x68,
    0xBF, 0x88, 0xF8, 0x68, 0xFF, 0x8B, 0xF8, 0x83, 0xFB, 0x8B, 0x88, 0x8F, 0xBB, 0xBF, 0x88, 0xBF,
    0x00, 0x00, 0x00, 0x00, 0x0F, 0x00, 0x00, 0x00, 0x0F, 0x00, 0x00, 0x00, 0xFB, 0x00, 0x00, 0x00,
    0x66, 0x0F, 0x00, 0x00, 0x66, 0x0F, 0x00, 0x00, 0x66, 0xF8, 0x00, 0x00, 0x68, 0xF6, 0x00, 0x00,
    0xBF, 0x68, 0x88, 0xBF, 0xBF, 0x88, 0xFB, 0xBB, 0xBF, 0x88, 0xFB, 0xBB, 0xBF, 0x3B, 0xBF, 0xFB,
    0xBF, 0xBB, 0xBF, 0xBF, 0x8F, 0xBB, 0xBF, 0xBB, 0x8F, 0xBB, 0x8F, 0xB8, 0x6F, 0xF8, 0x88, 0x88,
    0xBB, 0xBF, 0xBB, 0xBB, 0xFB, 0xBB, 0xBB, 0xBB, 0xBF, 0xBB, 0xBB, 0xBB, 0xBF, 0xBB, 0xBB, 0xBB,
    0xBF, 0xBB, 0xBB, 0xBB, 0xFB, 0xBB, 0xBB, 0xBB, 0xFB, 0xBB, 0xBB, 0xBB, 0xFB, 0xBB, 0xBB, 0xBB,
    0xBB, 0xFB, 0xBB, 0xF8, 0xBB, 0xFB, 0xBB, 0xFB, 0xBB, 0xBB, 0xBF, 0xFB, 0xBB, 0xBB, 0xFF, 0xFB,
    0xBB, 0xBB, 0xBF, 0xBF, 0xBB, 0xBB, 0xBF, 0xBB, 0xBB, 0xFB, 0xBB, 0x88, 0xBB, 0xFB, 0x8B, 0x88,
    0x68, 0x86, 0x0F, 0x00, 0x83, 0x86, 0x0F, 0x00, 0x8B, 0x88, 0x0F, 0x00, 0x8B, 0x88, 0x0F, 0x00,
    0xBF, 0x88, 0x0F, 0x00, 0xBF, 0xBB, 0x0F, 0x00, 0x3F, 0xBB, 0x0F, 0x00, 0x8F, 0xB6, 0x0F, 0x00,
    0x6F, 0xF8, 0x88, 0x88, 0x6F, 0xF3, 0x8F, 0x88, 0x6F, 0xF8, 0x8F, 0xF8, 0x6F, 0xF8, 0xFB, 0x8F,
    0x6F, 0xF8, 0xFB, 0xBB, 0x8F, 0xBF, 0xFB, 0xBB, 0x8F, 0xF3, 0xFF, 0xBF, 0xFF, 0x0F, 0x00, 0xBF,
    0xFB, 0xBB, 0xBB, 0xBB, 0xF8, 0xBF, 0xBB, 0xBB, 0x8F, 0xBF, 0xBB, 0xBB, 0x66, 0xBF, 0xBB, 0xBB,
    0x88, 0xF8, 0xFF, 0xFF, 0x88, 0xF8, 0x00, 0x00, 0xBB, 0xFB, 0x00, 0x00, 0xBB, 0xBB, 0x0F, 0x00,
    0xBB, 0xFB, 0x8B, 0x88, 0xBB, 0xFB, 0x88, 0x88, 0xBB, 0xFF, 0x8F, 0x88, 0xBB, 0x6F, 0xF6, 0xFF,
    0xBF, 0x8F, 0xB8, 0xFB, 0xF0, 0x88, 0xB8, 0xFB, 0xF0, 0xBB, 0xBB, 0xFF, 0xF0, 0xBB, 0xBB, 0x0F,
    0x8F, 0x86, 0x0F, 0x00, 0x8F, 0x86, 0x0F, 0x00, 0x6F, 0x86, 0x0F, 0x00, 0x63, 0xF8, 0x00, 0x00,
    0x6B, 0xF8, 0x00, 0x00, 0x86, 0xF8, 0x00, 0x00, 0x8F, 0xF8, 0x00, 0x00, 0xF0, 0xFF, 0x00, 0x00,
    0x00, 0x00, 0x00, 0xFF, 0x00, 0x00, 0xFF, 0x88, 0x00, 0xF0, 0x68, 0x66, 0x00, 0xF0, 0x66, 0x66,
    0x00, 0xF0, 0xFF, 0xFF, 0x00, 0x00, 0x00, 0x00, 0x00, 0x00, 0x00, 0x00, 0x00, 0x00, 0x00, 0x00,
    0xBF, 0xBB, 0x0F, 0x00, 0x88, 0xBB, 0x0F, 0x00, 0x88, 0xBB, 0x0F, 0x00, 0x86, 0xF8, 0x0F, 0x00,
    0xFF, 0x0F, 0x00, 0x00, 0x00, 0x00, 0x00, 0x00, 0x00, 0x00, 0x00, 0x00, 0x00, 0x00, 0x00, 0x00,
    0xF0, 0xBB, 0xFF, 0x0F, 0xBF, 0x8B, 0x88, 0xF8, 0xBF, 0x8B, 0x88, 0x66, 0xFF, 0x8F, 0x66, 0x66,
    0x00, 0xF0, 0xFF, 0xFF, 0x00, 0x00, 0x00, 0x00, 0x00, 0x00, 0x00, 0x00, 0x00, 0x00, 0x00, 0x00,
    0x00, 0x00, 0x00, 0x00, 0x0F, 0x00, 0x00, 0x00, 0xF6, 0x00, 0x00, 0x00, 0xF6, 0x00, 0x00, 0x00,
    0xFF, 0x00, 0x00, 0x00, 0x00, 0x00, 0x00, 0x00, 0x00, 0x00, 0x00, 0x00, 0x00, 0x00, 0x00, 0x00,
    0x00, 0xE0, 0xEE, 0x33, 0x00, 0x35, 0x11, 0xEE, 0xE0, 0x23, 0x22, 0x53, 0xE0, 0x25, 0xE3, 0xFF,
    0xE0, 0xEE, 0x88, 0xBB, 0xF0, 0x86, 0xB8, 0xBF, 0xF0, 0x86, 0xFB, 0xBE, 0xF0, 0x88, 0xFF, 0xBE,
    0xE3, 0xEB, 0x81, 0x21, 0xBE, 0xEB, 0x11, 0xA8, 0xF3, 0xEB, 0x12, 0xA8, 0x8F, 0xBB, 0xAE, 0xE2,
    0x8B, 0x68, 0xAE, 0xE7, 0x8B, 0x66, 0xAB, 0x6F, 0xBB, 0x68, 0xFB, 0x6F, 0xBB, 0x68, 0xF6, 0x8F,
    0x57, 0x3E, 0xE3, 0xEE, 0x3E, 0xE1, 0x35, 0x21, 0x5E, 0xF3, 0x5E, 0x32, 0xFE, 0x8F, 0xEB, 0xEE,
    0x88, 0xF8, 0x8B, 0x68, 0x86, 0xBB, 0xBF, 0x6B, 0x66, 0xB8, 0xBF, 0x6B, 0x86, 0xBB, 0xBF, 0x8B,
    0x0E, 0x00, 0x00, 0x00, 0xE5, 0x00, 0x00, 0x00, 0x0E, 0x00, 0x00, 0x00, 0x0F, 0x00, 0x00, 0x00,
    0x0F, 0x00, 0x00, 0x00, 0xF6, 0x00, 0x00, 0x00, 0xF6, 0x00, 0x00, 0x00, 0xF6, 0x00, 0x00, 0x00,
    0xF0, 0x8B, 0x68, 0xFF, 0xF0, 0xBB, 0x8B, 0x66, 0xF0, 0xBB, 0xBB, 0x8B, 0x00, 0xFF, 0xBF, 0xFB,
    0x00, 0x00, 0xF0, 0xFF, 0x00, 0x00, 0x00, 0xF0, 0x00, 0x00, 0x00, 0xF0, 0x00, 0x00, 0x00, 0xF0,
    0xBF, 0x68, 0xB8, 0xBF, 0xF6, 0xFF, 0x9F, 0xFF, 0x6F, 0x66, 0x39, 0x69, 0xB6, 0x68, 0x39, 0x89,
    0x6B, 0x8B, 0x59, 0xB9, 0xB8, 0xFF, 0x9F, 0xFF, 0xFF, 0x88, 0xF6, 0xB8, 0xBB, 0x68, 0xB6, 0x8F,
    0x86, 0xBB, 0xBF, 0x8B, 0xFF, 0xFF, 0xBB, 0x88, 0x66, 0x66, 0x88, 0x88, 0xBB, 0xBB, 0x8B, 0x88,
    0xBB, 0xBB, 0xBB, 0xFF, 0xFF, 0xFF, 0xFF, 0x00, 0xB8, 0xBF, 0x0F, 0x00, 0xFB, 0xBB, 0x0F, 0x00,
    0xF6, 0x00, 0x00, 0x00, 0xF6, 0x00, 0x00, 0x00, 0xF8, 0x00, 0x00, 0x00, 0x0F, 0x00, 0x00, 0x00,
    0x00, 0x00, 0x00, 0x00, 0x00, 0x00, 0x00, 0x00, 0x00, 0x00, 0x00, 0x00, 0x00, 0x00, 0x00, 0x00,
    0x00, 0x00, 0x00, 0x00, 0x00, 0x00, 0x00, 0x00, 0x00, 0x00, 0x00, 0x00, 0x00, 0x00, 0x00, 0x00,
    0x00, 0x00, 0x00, 0x00, 0x00, 0x00, 0x00, 0x90, 0x00, 0x00, 0x00, 0x90, 0x00, 0x00, 0x00, 0x90,
    0x00, 0x90, 0x99, 0x99, 0x00, 0x29, 0x33, 0x13, 0x90, 0x31, 0x22, 0x33, 0x29, 0x11, 0x33, 0x92,
    0x29, 0x19, 0x23, 0x12, 0x92, 0x92, 0x93, 0x29, 0x19, 0x39, 0x19, 0x92, 0x19, 0x29, 0x19, 0x22,
    0x00, 0x00, 0x00, 0x90, 0x00, 0x00, 0x00, 0x90, 0x00, 0x00, 0x00, 0x90, 0x00, 0x00, 0x00, 0xEE,
    0x00, 0x00, 0xEE, 0x23, 0x00, 0xE0, 0x23, 0x31, 0x00, 0x3E, 0x22, 0x25, 0x00, 0x5E, 0x23, 0x22,
    0x29, 0x8E, 0xEE, 0x8E, 0x29, 0xEE, 0xE8, 0xEE, 0x29, 0xE9, 0x1E, 0xE1, 0x95, 0x29, 0x11, 0x21,
    0xE2, 0xA9, 0x12, 0x22, 0xE1, 0x29, 0x77, 0xAA, 0x11, 0x1E, 0x11, 0x82, 0x32, 0x2E, 0x11, 0x18,
    0x00, 0x00, 0x00, 0xF0, 0x00, 0x00, 0x00, 0xF0, 0x00, 0x00, 0x00, 0xF0, 0x00, 0x00, 0x00, 0xB0,
    0x00, 0x00, 0x00, 0xB0, 0x00, 0x00, 0x00, 0xBF, 0x00, 0x00, 0x00, 0xBF, 0x00, 0x00, 0xF0, 0xFB,
    0xBB, 0x68, 0xB6, 0xFF, 0x8B, 0x68, 0xB6, 0x8F, 0x86, 0x66, 0x36, 0x83, 0x68, 0x66, 0xFB, 0xBB,
    0x68, 0x86, 0xFB, 0xBB, 0x68, 0x86, 0xFB, 0xBB, 0x8B, 0xB8, 0x3B, 0xF3, 0xBB, 0xBB, 0xFB, 0xFF,
    0x09, 0x00, 0x00, 0x00, 0x92, 0x00, 0x00, 0x00, 0x22, 0x09, 0x00, 0x00, 0x21, 0x09, 0x00, 0x00,
    0x99, 0x93, 0x00, 0x00, 0x21, 0x99, 0x00, 0x00, 0x11, 0x92, 0x00, 0x00, 0x39, 0x33, 0x09, 0x00,
    0xEE, 0x97, 0x00, 0x00, 0xE8, 0x9A, 0x00, 0x00, 0x7E, 0x93, 0x00, 0x00, 0xA2, 0xEE, 0x00, 0x00,
    0xEA, 0x35, 0xEE, 0x05, 0xE7, 0x23, 0x31, 0xEE, 0xEA, 0x12, 0x12, 0x52, 0xE7, 0x23, 0x11, 0xE3,
    0x8F, 0xB8, 0x0F, 0x00, 0x66, 0xB8, 0x0F, 0x00, 0x86, 0x66, 0xFB, 0x00, 0x86, 0x66, 0xFB, 0x00,
    0x66, 0x68, 0xF6, 0x00, 0x68, 0x88, 0xB8, 0x0F, 0x8B, 0x88, 0x8B, 0x0F, 0x8F, 0x88, 0xFB, 0xFB,
};
static const u16 sFrame67[] = {
    0x0006, 0x00E3, 0x81F3, 0x0000, 0x40CB, 0x81F3, 0x0010, 0x00BB, 0x41F3, 0x0018, 0x40DB, 0x01F3,
    0x001C, 0x80BB, 0x0003, 0x001E, 0x00DB, 0x0003, 0x0020, 0x0000,
};
static const void* const sFrames67[] = { sFrame67 };
static const u8 sTiles68[1120] __attribute__((aligned(4))) = {
    0x00, 0x00, 0xBF, 0xB8, 0x00, 0x00, 0x8F, 0x86, 0x00, 0xF0, 0x6B, 0x86, 0x00, 0xF0, 0x66, 0xB8,
    0x00, 0x6F, 0x66, 0xF8, 0x00, 0x66, 0x36, 0x6F, 0xF0, 0x66, 0xF8, 0x86, 0xF0, 0x86, 0x8F, 0xFB,
    0x3B, 0xFF, 0xBB, 0xFB, 0xFB, 0xB8, 0xBB, 0xBB, 0x6F, 0xB8, 0xFB, 0xBB, 0x8F, 0xB8, 0xFF, 0xBB,
    0x88, 0xFB, 0xBB, 0xBF, 0xB8, 0xBF, 0xBB, 0xBF, 0xF8, 0xBB, 0xBB, 0xFB, 0xBF, 0xBB, 0xBB, 0xFB,
    0x6B, 0x86, 0x88, 0xF8, 0x8F, 0x66, 0x88, 0xF8, 0x3F, 0x66, 0x86, 0xBB, 0x8F, 0x66, 0x86, 0xBB,
    0xFB, 0x68, 0x66, 0xB8, 0xFB, 0x68, 0x66, 0xB8, 0x8B, 0x8F, 0x66, 0xB8, 0xBB, 0x3F, 0x66, 0xB8,
    0x00, 0x00, 0x00, 0x00, 0x00, 0x00, 0x00, 0x00, 0x0F, 0x00, 0x00, 0x00, 0x0F, 0x00, 0x00, 0x00,
    0x0F, 0x00, 0x00, 0x00, 0x0F, 0x00, 0x00, 0x00, 0xFB, 0x00, 0x00, 0x00, 0xFB, 0x00, 0x00, 0x00,
    0xF0, 0xB6, 0x8F, 0xBB, 0xF0, 0xF3, 0x88, 0xBB, 0xF0, 0xF8, 0xB8, 0xBB, 0xF0, 0xFB, 0x86, 0xBB,
    0xF0, 0xFF, 0x66, 0xB8, 0xF0, 0xBF, 0x8F, 0xF8, 0xF0, 0xBF, 0xFB, 0xBF, 0xF0, 0xBF, 0xBB, 0xBF,
    0xBF, 0xBB, 0xBB, 0xBB, 0xBF, 0xBB, 0xBB, 0xBB, 0xFB, 0xBB, 0xBB, 0xBB, 0xFB, 0xBF, 0xBB, 0xBB,
    0xBF, 0xBF, 0xBB, 0xBB, 0xBB, 0xFB, 0xBB, 0xBB, 0xBB, 0xBB, 0xBF, 0xBB, 0xBB, 0xBB, 0xFB, 0xBB,
    0xBF, 0xF8, 0x68, 0x88, 0xBF, 0xF8, 0x68, 0x86, 0xFB, 0x8B, 0x8F, 0x86, 0xFB, 0x8B, 0x3F, 0x88,
    0xBB, 0xBF, 0x8F, 0x88, 0xBB, 0xFF, 0x8F, 0x88, 0xBB, 0xBF, 0xBF, 0xBB, 0xBB, 0xBF, 0xFB, 0xB8,
    0xFB, 0x00, 0x00, 0x00, 0xFB, 0x00, 0x00, 0x00, 0xFB, 0x00, 0x00, 0x00, 0xBB, 0x0F, 0x00, 0x00,
    0xBB, 0x0F, 0x00, 0x00, 0xBB, 0x0F, 0x00, 0x00, 0xBB, 0x0F, 0x00, 0x00, 0xBB, 0xFB, 0x00, 0x00,
    0xF0, 0xBB, 0xBB, 0xFB, 0x80, 0xBB, 0xBB, 0xFB, 0x60, 0xBB, 0xBB, 0xFB, 0x6F, 0xBB, 0xBB, 0xFB,
    0x6F, 0xBB, 0xBB, 0xFB, 0x6F, 0xBB, 0xBB, 0xFB, 0x6F, 0xBB, 0xBB, 0x6F, 0x6F, 0xBB, 0xBB, 0x6F,
    0x8B, 0xBB, 0xFB, 0xBB, 0xB8, 0xBB, 0xFB, 0xBB, 0xB8, 0xBB, 0xFB, 0xBB, 0xB8, 0xBB, 0xBF, 0xBB,
    0x66, 0xB8, 0xBF, 0xBB, 0x88, 0x88, 0xBF, 0xBB, 0x66, 0xFB, 0xFF, 0xFF, 0x66, 0xF6, 0x00, 0x00,
    0xBB, 0xBF, 0xFB, 0x88, 0xBB, 0xFB, 0xFB, 0x83, 0xBB, 0xFB, 0xFB, 0x86, 0xBB, 0xFB, 0xFB, 0x86,
    0xBB, 0xFB, 0xFB, 0x86, 0xBB, 0xFF, 0xFF, 0x66, 0xFF, 0xF0, 0xBB, 0x3F, 0x00, 0xF0, 0xBB, 0x6F,
    0xBB, 0xFB, 0x00, 0x00, 0xBB, 0xFB, 0x00, 0x00, 0xBB, 0xFB, 0x00, 0x00, 0xBB, 0xBB, 0x0F, 0x00,
    0xB8, 0xBB, 0x0F, 0x00, 0xB8, 0xBB, 0x0F, 0x00, 0x86, 0xBB, 0x0F, 0x00, 0x66, 0x88, 0x0F, 0x00,
    0x8F, 0xFB, 0xFF, 0xFF, 0xFF, 0x0F, 0x00, 0x00, 0x00, 0x00, 0x00, 0x00, 0x00, 0x00, 0x00, 0x00,
    0x00, 0x00, 0x00, 0x00, 0x00, 0x00, 0x00, 0x00, 0x00, 0x00, 0x00, 0x00, 0x00, 0x00, 0x00, 0x00,
    0xFF, 0xFF, 0x00, 0x00, 0x00, 0x00, 0x00, 0x00, 0x00, 0x00, 0x00, 0x00, 0x00, 0x00, 0x00, 0x00,
    0x00, 0x00, 0x00, 0x00, 0x00, 0x00, 0x00, 0x00, 0x00, 0x00, 0x00, 0x00, 0x00, 0x00, 0x00, 0x00,
    0x00, 0xF0, 0xBB, 0xFF, 0x00, 0xF0, 0xBB, 0xB8, 0x00, 0xF0, 0xBB, 0xF8, 0x00, 0xBF, 0x8B, 0xF6,
    0x00, 0xBF, 0x8B, 0x66, 0x00, 0xBF, 0x8B, 0xB6, 0x00, 0xBF, 0xFB, 0xFF, 0x00, 0xB0, 0xBB, 0x68,
    0xFF, 0x86, 0x0F, 0x00, 0x0F, 0xFF, 0x0F, 0x00, 0x00, 0x00, 0x00, 0x00, 0x00, 0x00, 0x00, 0x00,
    0x0F, 0x00, 0x00, 0x00, 0x0F, 0x00, 0x00, 0x00, 0xFF, 0x00, 0x00, 0x00, 0x66, 0x0F, 0x00, 0x00,
    0x00, 0x00, 0x00, 0x00, 0x00, 0x00, 0x00, 0x00, 0x00, 0x00, 0x00, 0x00, 0x00, 0x00, 0x00, 0xE0,
    0x00, 0x00, 0xE0, 0x3E, 0x00, 0x00, 0x3E, 0x12, 0x00, 0xE0, 0x23, 0x52, 0x00, 0xE0, 0x35, 0x22,
    0x99, 0xE2, 0xE8, 0xEE, 0x99, 0xE2, 0x8E, 0xEE, 0x99, 0x92, 0xEE, 0x11, 0x5E, 0x99, 0x12, 0x11,
    0x22, 0x9E, 0x2A, 0x21, 0x13, 0x9E, 0x72, 0xA7, 0x12, 0xE1, 0x11, 0x21, 0x22, 0xE3, 0x12, 0x81,
    0xE8, 0x7E, 0x09, 0x00, 0x8E, 0xAE, 0x09, 0x00, 0xEE, 0x37, 0x09, 0x00, 0x22, 0xEA, 0x0E, 0x00,
    0xA2, 0x5E, 0xE3, 0x5E, 0x7A, 0x3E, 0x12, 0xE3, 0xA8, 0x2E, 0x21, 0x21, 0x71, 0x3E, 0x12, 0x31,
    0x00, 0x00, 0x00, 0x00, 0x00, 0x00, 0x00, 0x00, 0x00, 0x00, 0x00, 0x00, 0x00, 0x00, 0x00, 0x00,
    0x00, 0x00, 0x00, 0x00, 0x0E, 0x00, 0x00, 0x00, 0x05, 0x00, 0x00, 0x00, 0x0E, 0x00, 0x00, 0x00,
    0x00, 0x00, 0xEE, 0x3E, 0x00, 0x50, 0x13, 0xE1, 0x00, 0x3E, 0x22, 0x32, 0x00, 0x5E, 0x32, 0xEE,
    0x00, 0xEE, 0x6E, 0xB8, 0x00, 0x00, 0x6F, 0xBB, 0x00, 0xF0, 0x86, 0xBB, 0x00, 0x8F, 0xB8, 0xBB,
    0x33, 0xBE, 0x1E, 0x18, 0xEE, 0xBB, 0x1E, 0x81, 0x35, 0xBF, 0x2E, 0x81, 0xFF, 0xBB, 0xEB, 0x2A,
    0xBB, 0xB6, 0xF6, 0x9F, 0xFB, 0xFB, 0x6F, 0x39, 0xBF, 0x8F, 0xB6, 0x59, 0xFF, 0xB8, 0xFF, 0xFF,
    0x72, 0xE5, 0x33, 0xEE, 0xEA, 0x13, 0x5E, 0x13, 0xEA, 0x35, 0xEF, 0x25, 0xEE, 0xFF, 0xB6, 0xEE,
    0xFF, 0xFF, 0xBB, 0xBB, 0x89, 0x66, 0xFF, 0xBF, 0xB9, 0x88, 0x88, 0xF6, 0xBF, 0xBB, 0x8B, 0x88,
    0xEE, 0x00, 0x00, 0x00, 0x52, 0x0E, 0x00, 0x00, 0xE3, 0x00, 0x00, 0x00, 0xFE, 0x00, 0x00, 0x00,
    0x68, 0x0F, 0x00, 0x00, 0x88, 0xF6, 0x00, 0x00, 0xBF, 0xF8, 0x00, 0x00, 0xF6, 0xF8, 0x00, 0x00,
    0x00, 0x8F, 0xBB, 0xFF, 0x00, 0x8F, 0x88, 0x88, 0x00, 0x8F, 0x88, 0xB8, 0x00, 0xF0, 0xB8, 0xBB,
    0x00, 0x00, 0xFF, 0xFF, 0x00, 0x00, 0x00, 0xF0, 0x00, 0x00, 0x00, 0xF0, 0x00, 0x00, 0x00, 0xF0,
    0xFF, 0x99, 0x88, 0x66, 0x98, 0x93, 0xBB, 0xFF, 0x9B, 0x93, 0xFF, 0x33, 0x9B, 0x95, 0x8B, 0x8F,
    0x8F, 0xB9, 0x88, 0x8F, 0x8B, 0xBB, 0x68, 0x8F, 0xBB, 0x8B, 0x68, 0x33, 0xBB, 0x8B, 0x66, 0xBF,
    0x00, 0x00, 0x00, 0xF0, 0x00, 0x00, 0x00, 0xF0, 0x00, 0x00, 0x00, 0xB0, 0x00, 0x00, 0x00, 0xBF,
    0x00, 0x00, 0x00, 0xBF, 0x00, 0x00, 0x00, 0x8F, 0x00, 0x00, 0xF0, 0x8B, 0x00, 0x00, 0xF0, 0xBB,
    0xBB, 0x8B, 0x66, 0xBF, 0xBB, 0x88, 0x66, 0xBF, 0x6B, 0x68, 0x66, 0xBF, 0x8B, 0x66, 0x86, 0x33,
    0x8B, 0x68, 0xB8, 0xBF, 0x68, 0x86, 0xFB, 0xBF, 0x66, 0xB8, 0xFF, 0xBF, 0x88, 0xF8, 0x3F, 0xF3,
    0x00, 0x00, 0x99, 0x99, 0x00, 0x90, 0x32, 0x33, 0x00, 0x19, 0x23, 0x32, 0x90, 0x12, 0x31, 0x23,
    0x90, 0x92, 0x31, 0x22, 0x29, 0x29, 0x39, 0x99, 0x99, 0x91, 0x93, 0x21, 0x99, 0x91, 0x92, 0x21,
    0x99, 0x00, 0x00, 0x00, 0x21, 0x09, 0x00, 0x00, 0x23, 0x92, 0x00, 0x00, 0x19, 0x92, 0x00, 0x00,
    0x91, 0x39, 0x09, 0x00, 0x12, 0x92, 0x09, 0x00, 0x19, 0x21, 0x09, 0x00, 0x92, 0x33, 0x93, 0x00,
    0xF8, 0xBF, 0xBB, 0xBB, 0x8B, 0xF8, 0xBF, 0xBB, 0xFF, 0xFB, 0xFB, 0xFF, 0x66, 0xBF, 0xFB, 0x00,
    0x66, 0xB8, 0xFB, 0x00, 0x66, 0xB8, 0xFB, 0x00, 0x66, 0xB8, 0xFB, 0x00, 0x66, 0xB8, 0xFB, 0x00,
    0x88, 0xF8, 0x00, 0x00, 0x8B, 0xF8, 0x00, 0x00, 0xFF, 0x0F, 0x00, 0x00, 0x00, 0x00, 0x00, 0x00,
    0x00, 0x00, 0x00, 0x00, 0x00, 0x00, 0x00, 0x00, 0x00, 0x00, 0x00, 0x00, 0x00, 0x00, 0x00, 0x00,
    0x00, 0xF0, 0x88, 0x88, 0x00, 0x00, 0xFF, 0xFF, 0x00, 0x00, 0x00, 0x00, 0x00, 0x00, 0x00, 0x00,
    0x00, 0x00, 0x00, 0x00, 0x00, 0x00, 0x00, 0x00, 0x00, 0x00, 0x00, 0x00, 0x00, 0x00, 0x00, 0x00,
    0x88, 0x0F, 0x00, 0x00, 0xFF, 0x0F, 0x00, 0x00, 0x00, 0x00, 0x00, 0x00, 0x00, 0x00, 0x00, 0x00,
    0x00, 0x00, 0x00, 0x00, 0x00, 0x00, 0x00, 0x00, 0x00, 0x00, 0x00, 0x00, 0x00, 0x00, 0x00, 0x00,
    0x68, 0x88, 0xFB, 0x00, 0x68, 0x86, 0xFB, 0x00, 0x68, 0x66, 0xF8, 0x00, 0x8B, 0x66, 0xF8, 0x00,
    0x8B, 0x68, 0x86, 0x0F, 0xB8, 0x88, 0x66, 0x0F, 0xB8, 0xBB, 0x8B, 0xFB, 0x8B, 0x88, 0xBB, 0xF8,
};
static const u16 sFrame68[] = {
    0x0007, 0x00DE, 0x81ED, 0x0000, 0x40BE, 0x81ED, 0x0010, 0x00CE, 0x41ED, 0x0018, 0x40B6, 0x01F5,
    0x001C, 0x40CE, 0x01FD, 0x001E, 0x40FE, 0x01FD, 0x0020, 0x00D6, 0x01FD, 0x0022, 0x0000,
};
static const void* const sFrames68[] = { sFrame68 };
static const u8 sTiles69[1184] __attribute__((aligned(4))) = {
    0x00, 0x00, 0xF0, 0x8B, 0x00, 0x00, 0xF0, 0x8B, 0x00, 0x00, 0xBF, 0x8B, 0x00, 0x00, 0xBF, 0x8B,
    0x00, 0x00, 0xBF, 0x68, 0x00, 0x00, 0xBF, 0x68, 0x00, 0xF0, 0xBB, 0x68, 0x00, 0xF0, 0xBB, 0x68,
    0x88, 0x66, 0xFB, 0xBB, 0x68, 0x86, 0xBF, 0xBB, 0x66, 0x36, 0xBF, 0xFB, 0x66, 0x86, 0xBF, 0xFB,
    0x66, 0xF8, 0xBB, 0xBF, 0x66, 0xF8, 0xBB, 0xBF, 0x86, 0x8F, 0xFB, 0xBB, 0x36, 0xBF, 0xFB, 0xBB,
    0xFB, 0x3F, 0xBB, 0xB8, 0xBB, 0xF8, 0x8B, 0x86, 0xBB, 0x68, 0x8F, 0x66, 0xBF, 0x88, 0xBF, 0x68,
    0xFB, 0x8B, 0xF8, 0x68, 0xBB, 0xBF, 0x68, 0x3F, 0xBB, 0xFB, 0x88, 0xF6, 0xBB, 0xBB, 0xFF, 0x8B,
    0x0F, 0x00, 0x00, 0x00, 0x0F, 0x00, 0x00, 0x00, 0xFB, 0x00, 0x00, 0x00, 0xF6, 0x00, 0x00, 0x00,
    0x66, 0x0F, 0x00, 0x00, 0x66, 0x06, 0x00, 0x00, 0x68, 0xF6, 0x00, 0x00, 0x8F, 0xF6, 0x00, 0x00,
    0x00, 0xF0, 0x8B, 0x68, 0x00, 0xF0, 0x8B, 0x66, 0x00, 0xF0, 0x8B, 0x86, 0x00, 0xBF, 0x8B, 0x38,
    0x00, 0xBF, 0x8B, 0x88, 0x00, 0xBF, 0x8B, 0x88, 0x00, 0xBF, 0xBB, 0xBB, 0xF0, 0xBB, 0xBB, 0xF8,
    0xF8, 0xB8, 0xBF, 0xBB, 0xF8, 0xB8, 0xBF, 0xBB, 0x8F, 0xFB, 0xBB, 0xBB, 0x8F, 0xFB, 0xBB, 0xBB,
    0xBF, 0xBF, 0xBB, 0xBB, 0xFF, 0xBF, 0xBB, 0xBB, 0xBF, 0xBF, 0xBB, 0xBB, 0xBB, 0xBF, 0xBB, 0xFB,
    0xBB, 0xBB, 0xBF, 0x8B, 0xBB, 0xBB, 0xBF, 0x8B, 0xBB, 0xFB, 0xBB, 0xBB, 0xBB, 0xFF, 0xBB, 0x8B,
    0xBB, 0xBF, 0xBF, 0x68, 0xFB, 0xBB, 0xFB, 0x88, 0xBF, 0xBB, 0xBB, 0xFF, 0xBB, 0xBB, 0xBB, 0xBF,
    0xBF, 0xF6, 0x00, 0x00, 0xF8, 0xF3, 0x0F, 0x00, 0xF8, 0xF8, 0x0F, 0x00, 0xF6, 0xFB, 0x0F, 0x00,
    0xF6, 0xFF, 0x0F, 0x00, 0xBF, 0xFF, 0x00, 0x00, 0xBB, 0xFF, 0x00, 0x00, 0xBB, 0xFF, 0x00, 0x00,
    0xF0, 0xBB, 0x8B, 0xF8, 0xF0, 0xBB, 0x8B, 0xF3, 0xF0, 0xBB, 0x8B, 0xF6, 0xBF, 0xBB, 0x8B, 0xF6,
    0xBF, 0xBB, 0x88, 0xF6, 0xBF, 0xBB, 0x68, 0xF6, 0xBF, 0x8B, 0x36, 0xBF, 0x8F, 0x68, 0x66, 0xBF,
    0xBB, 0xBF, 0xBB, 0xFB, 0xFB, 0xBB, 0xBB, 0xFB, 0xFB, 0xBB, 0xBB, 0xFB, 0xFB, 0xBB, 0xBB, 0xBB,
    0xFB, 0xBB, 0xBB, 0xBB, 0xFF, 0xBF, 0xBB, 0xBB, 0xFB, 0xF0, 0xFF, 0xFF, 0xFB, 0x00, 0x00, 0x00,
    0xBB, 0x8B, 0xFB, 0xBB, 0xBB, 0xBB, 0xF8, 0xBB, 0xBB, 0xBB, 0xF8, 0xBB, 0xBF, 0xBB, 0xF8, 0xBB,
    0xBF, 0x68, 0xF6, 0xBB, 0x8F, 0x88, 0xF8, 0xBB, 0xFF, 0x6B, 0x66, 0xBF, 0xF0, 0x66, 0x66, 0xBF,
    0xBB, 0xFB, 0x00, 0x00, 0xBB, 0x8B, 0x00, 0x00, 0xBB, 0x6B, 0x00, 0x00, 0xBB, 0x6B, 0x0F, 0x00,
    0xBB, 0x6B, 0x0F, 0x00, 0xBB, 0x6B, 0x0F, 0x00, 0xBB, 0x6B, 0x0F, 0x00, 0xBB, 0x6B, 0x0F, 0x00,
    0x8F, 0xF6, 0xFF, 0xBF, 0xFF, 0x0F, 0xBF, 0xB8, 0x00, 0x00, 0xF0, 0xB8, 0x00, 0x00, 0xF0, 0x86,
    0x00, 0x00, 0x6F, 0x86, 0x00, 0x00, 0xBF, 0x86, 0x00, 0xF0, 0xFF, 0xFF, 0x00, 0x6F, 0x66, 0xB8,
    0xFB, 0x00, 0x00, 0x00, 0xFB, 0x00, 0x00, 0x00, 0xFB, 0x00, 0x00, 0x00, 0xBB, 0x0F, 0x00, 0x00,
    0xBB, 0x0F, 0x00, 0x00, 0xBB, 0x0F, 0x00, 0x00, 0xBB, 0x0F, 0x00, 0x00, 0xBB, 0x00, 0x00, 0x00,
    0xF0, 0xFF, 0xFF, 0xFF, 0x00, 0x00, 0x00, 0x00, 0x00, 0x00, 0x00, 0x00, 0x00, 0x00, 0x00, 0x00,
    0x00, 0x00, 0x00, 0x00, 0x00, 0x00, 0x00, 0x00, 0x00, 0x00, 0x00, 0x00, 0x00, 0x00, 0x00, 0x00,
    0xFF, 0x8B, 0x0F, 0x00, 0x00, 0xFF, 0x0F, 0x00, 0x00, 0x00, 0x00, 0x00, 0x00, 0x00, 0x00, 0x00,
    0x00, 0x00, 0x00, 0x00, 0x00, 0x00, 0x00, 0x00, 0x00, 0x00, 0x00, 0x00, 0x00, 0x00, 0x00, 0x00,
    0x00, 0x00, 0x99, 0x99, 0x00, 0x90, 0x32, 0x33, 0x00, 0x19, 0x23, 0x32, 0x90, 0x12, 0x31, 0x23,
    0x90, 0x92, 0x31, 0x22, 0x29, 0x29, 0x39, 0x99, 0x99, 0x91, 0x93, 0x21, 0x99, 0x91, 0x92, 0x21,
    0x99, 0x00, 0x00, 0x00, 0x21, 0x09, 0x00, 0x00, 0x23, 0x92, 0x00, 0x00, 0x19, 0x92, 0x00, 0x00,
    0x91, 0x39, 0x09, 0x00, 0x12, 0x92, 0x09, 0x00, 0x19, 0x21, 0x09, 0x00, 0x92, 0x33, 0x93, 0x00,
    0x00, 0x00, 0x00, 0xFF, 0x00, 0x00, 0xF0, 0x8B, 0x00, 0x00, 0x8F, 0x8B, 0x00, 0x00, 0xFF, 0xBF,
    0x00, 0x00, 0x8F, 0xF8, 0x00, 0x00, 0xF0, 0xFF, 0x00, 0x00, 0xF0, 0x99, 0x00, 0x00, 0xF0, 0x66,
    0xFF, 0x00, 0x00, 0x00, 0x66, 0x0F, 0x00, 0x00, 0x6B, 0xF6, 0x00, 0x00, 0x88, 0xFB, 0x00, 0x00,
    0xBB, 0xF6, 0x00, 0x00, 0x88, 0x0F, 0x00, 0x00, 0xFF, 0x0F, 0x00, 0x00, 0x99, 0x0F, 0x00, 0x00,
    0x99, 0xE2, 0xE8, 0xEE, 0x99, 0xE2, 0x8E, 0xEE, 0x99, 0x92, 0xEE, 0x11, 0x5E, 0x99, 0x12, 0x11,
    0x22, 0x9E, 0x2A, 0x21, 0x13, 0x9E, 0x72, 0xA7, 0x12, 0xE1, 0x11, 0x21, 0x22, 0xE3, 0x12, 0x81,
    0xE8, 0x7E, 0x09, 0x00, 0x8E, 0xAE, 0x09, 0x00, 0xEE, 0x37, 0x09, 0x00, 0x22, 0xEA, 0xEE, 0xFF,
    0xA2, 0x2E, 0x33, 0x22, 0x7A, 0x3E, 0xE2, 0x33, 0xA8, 0x2E, 0x21, 0xEE, 0x71, 0x3E, 0x12, 0xBE,
    0x00, 0x00, 0xFF, 0x86, 0x00, 0x00, 0x6F, 0x86, 0x00, 0xF0, 0x6F, 0x86, 0xFF, 0xFF, 0x66, 0xB8,
    0xEE, 0xFB, 0x88, 0xBB, 0xE2, 0xBB, 0xBB, 0xFB, 0xBE, 0xB8, 0xBB, 0x0F, 0x8B, 0x86, 0xFF, 0x00,
    0xBB, 0x0F, 0x00, 0x00, 0xFB, 0x00, 0x00, 0x00, 0xFB, 0x00, 0x00, 0x00, 0x0F, 0x00, 0x00, 0x00,
    0x0F, 0x00, 0x00, 0x00, 0x00, 0x00, 0x00, 0x00, 0x00, 0x00, 0x00, 0x00, 0x00, 0x00, 0x00, 0x00,
    0x00, 0x00, 0xEE, 0x3E, 0x00, 0x50, 0x13, 0xE1, 0x00, 0x3E, 0x22, 0x32, 0x00, 0x5E, 0x32, 0xEE,
    0x00, 0xEE, 0x6E, 0xB8, 0x00, 0x00, 0x6F, 0xBB, 0x00, 0xF0, 0x86, 0xBB, 0x00, 0x8F, 0xB8, 0xBB,
    0x33, 0xBE, 0x1E, 0x18, 0xEE, 0xBB, 0x1E, 0x81, 0x35, 0xBF, 0x2E, 0x81, 0xFF, 0x8B, 0xEB, 0x2A,
    0xFB, 0x6B, 0xE8, 0x7A, 0xFB, 0x66, 0xB8, 0xFA, 0xBF, 0x88, 0xBB, 0xFF, 0xBF, 0xB8, 0xFF, 0xFF,
    0x00, 0x8F, 0xBB, 0xFF, 0x00, 0x8F, 0x88, 0x88, 0x00, 0x8F, 0x88, 0xB8, 0x00, 0xF0, 0xB8, 0xBB,
    0x00, 0x00, 0xFF, 0xFF, 0x00, 0x00, 0x00, 0xF0, 0x00, 0x00, 0x00, 0xF0, 0x00, 0x00, 0x00, 0xF0,
    0xFF, 0x99, 0x88, 0x66, 0x98, 0x93, 0xBB, 0xFF, 0x9B, 0x93, 0xFF, 0x33, 0x9B, 0x95, 0x8B, 0xBF,
    0x8F, 0xB9, 0x88, 0xBF, 0x8B, 0xBB, 0x68, 0xBF, 0xBB, 0x8B, 0x68, 0x33, 0xBB, 0x8B, 0x66, 0xFB,
    0x72, 0xE5, 0xEE, 0x8B, 0xEA, 0x13, 0xBE, 0x88, 0xEA, 0x35, 0xBF, 0x68, 0xEE, 0xFF, 0xB8, 0xFB,
    0xBE, 0x6B, 0xB8, 0x0F, 0x66, 0x86, 0xBB, 0x0F, 0x86, 0x66, 0xFB, 0x00, 0xBF, 0x88, 0xFB, 0x00,
    0x68, 0xF6, 0x0F, 0x00, 0x66, 0x0F, 0x00, 0x00, 0xFF, 0x00, 0x00, 0x00, 0x00, 0x00, 0x00, 0x00,
    0x00, 0x00, 0x00, 0x00, 0x00, 0x00, 0x00, 0x00, 0x00, 0x00, 0x00, 0x00, 0x00, 0x00, 0x00, 0x00,
    0x00, 0x00, 0x00, 0xF0, 0x00, 0x00, 0x00, 0xF0, 0x00, 0x00, 0x00, 0xB0, 0x00, 0x00, 0x00, 0xBF,
    0x00, 0x00, 0x00, 0xBF, 0x00, 0x00, 0x00, 0xBF, 0x00, 0x00, 0xF0, 0xBB, 0x00, 0x00, 0xF0, 0xBB,
    0xBB, 0x8B, 0x66, 0xFB, 0xBB, 0x88, 0x66, 0xFB, 0x6B, 0x68, 0x66, 0xFB, 0x8B, 0x66, 0x86, 0x33,
    0x8B, 0x68, 0xB8, 0xFB, 0xBB, 0x88, 0xBB, 0xFF, 0xBB, 0xBB, 0xBB, 0xFF, 0x8B, 0x88, 0xFB, 0x33,
    0x00, 0x8F, 0x88, 0x88, 0x00, 0xFF, 0xFF, 0xFF, 0x00, 0x00, 0x00, 0x00, 0x00, 0x00, 0x00, 0x00,
    0x00, 0x00, 0x00, 0x00, 0x00, 0x00, 0x00, 0x00, 0x00, 0x00, 0x00, 0x00, 0x00, 0x00, 0x00, 0x00,
    0xF8, 0x00, 0x00, 0x00, 0x0F, 0x00, 0x00, 0x00, 0x00, 0x00, 0x00, 0x00, 0x00, 0x00, 0x00, 0x00,
    0x00, 0x00, 0x00, 0x00, 0x00, 0x00, 0x00, 0x00, 0x00, 0x00, 0x00, 0x00, 0x00, 0x00, 0x00, 0x00,
    0xF8, 0xBF, 0xF8, 0x00, 0x8B, 0xF8, 0xF8, 0x00, 0xFF, 0xFB, 0xFB, 0x00, 0x66, 0xBF, 0xFB, 0x00,
    0x66, 0xB8, 0xFB, 0x00, 0x66, 0xB8, 0xFB, 0x00, 0x66, 0xB8, 0xFB, 0x00, 0x66, 0xB8, 0xFB, 0x00,
    0x68, 0x88, 0xFB, 0x00, 0x68, 0x86, 0xFB, 0x00, 0x68, 0x68, 0xF6, 0x00, 0x6B, 0x68, 0xF6, 0x00,
    0x6B, 0x86, 0x66, 0x0F, 0x8B, 0x86, 0x88, 0x0F, 0xBF, 0x68, 0x88, 0xFB, 0xFF, 0x88, 0xBB, 0xFB,
    0x00, 0x00, 0x00, 0x00, 0x00, 0x00, 0x00, 0x00, 0x00, 0x00, 0x00, 0x00, 0x00, 0x00, 0x00, 0xE0,
    0x00, 0x00, 0xE0, 0x3E, 0x00, 0x00, 0x3E, 0x12, 0x00, 0xE0, 0x23, 0x52, 0x00, 0xE0, 0x35, 0x22,
};
static const u16 sFrame69[] = {
    0x0008, 0x00DE, 0x81F7, 0x0000, 0x40B6, 0x81FF, 0x0010, 0x00C6, 0x41F7, 0x0018, 0x40C6, 0x0007,
    0x001C, 0x40D6, 0x01F7, 0x001E, 0x40FE, 0x01F7, 0x0020, 0x80CE, 0x0007, 0x0022, 0x00BE, 0x01F7,
    0x0024, 0x0000,
};
static const void* const sFrames69[] = { sFrame69 };
static const u8 sTiles70[1984] __attribute__((aligned(4))) = {
    0x00, 0x00, 0x00, 0xE0, 0x00, 0x00, 0x00, 0x35, 0x00, 0x00, 0x00, 0x2E, 0x00, 0xEE, 0xEE, 0xE8,
    0xEE, 0xBB, 0x8B, 0xE6, 0x86, 0xBB, 0x66, 0x66, 0x66, 0xB8, 0x66, 0x88, 0x66, 0x88, 0xB8, 0xEB,
    0xEE, 0xEE, 0x19, 0x23, 0x21, 0x52, 0x19, 0xE2, 0x31, 0x21, 0x35, 0x62, 0x12, 0x22, 0x93, 0x22,
    0x35, 0x33, 0x95, 0xA9, 0xEE, 0xEE, 0xEE, 0x19, 0xEB, 0x32, 0xE5, 0x87, 0xEE, 0xEE, 0xEE, 0x2A,
    0x12, 0x11, 0x39, 0x29, 0x12, 0xEE, 0x92, 0x32, 0x11, 0x16, 0x92, 0xEE, 0x11, 0x21, 0x5A, 0x23,
    0x12, 0x22, 0xEA, 0x25, 0x77, 0xAA, 0xBE, 0x2E, 0x82, 0x72, 0xEE, 0xE5, 0x88, 0xA2, 0xEE, 0x23,
    0xE9, 0xEE, 0x50, 0x00, 0x35, 0x52, 0x3E, 0x0E, 0x23, 0x12, 0x2E, 0xE2, 0x11, 0x13, 0xE1, 0x53,
    0x52, 0x11, 0x32, 0x2E, 0x22, 0x33, 0xE3, 0xE5, 0x35, 0xEE, 0xBE, 0x88, 0xEE, 0xE5, 0xEE, 0xEE,
    0xB6, 0xEE, 0xEE, 0x0E, 0xEE, 0x00, 0x00, 0x00, 0x00, 0x00, 0x00, 0x00, 0x00, 0x00, 0x00, 0x00,
    0x00, 0x00, 0x00, 0x00, 0x00, 0x00, 0x00, 0x00, 0x00, 0x00, 0x00, 0x00, 0x00, 0x00, 0x00, 0x00,
    0x00, 0x00, 0x8E, 0x7E, 0x00, 0x00, 0x8E, 0x7E, 0x00, 0x00, 0xBE, 0xAE, 0x00, 0x00, 0xBE, 0xAE,
    0x00, 0x00, 0xBE, 0xEB, 0x00, 0x00, 0x8E, 0xBE, 0x00, 0x00, 0xE0, 0xEB, 0x00, 0x00, 0xE0, 0xBB,
    0x18, 0xEA, 0xBB, 0x35, 0x88, 0xEA, 0xBB, 0xEB, 0x72, 0xBE, 0xBB, 0x88, 0x72, 0xBE, 0xBB, 0x88,
    0xAA, 0xBE, 0xBB, 0x88, 0xEE, 0xEB, 0xBB, 0x88, 0xBB, 0xBE, 0xBB, 0x88, 0xEE, 0xBB, 0xBB, 0x8B,
    0x52, 0xBE, 0x0E, 0x00, 0xEE, 0xBE, 0x0E, 0x00, 0x88, 0xE8, 0x00, 0x00, 0x88, 0xE8, 0x09, 0x00,
    0x88, 0xEB, 0x09, 0x00, 0x88, 0xEB, 0x93, 0x00, 0x88, 0xEB, 0x93, 0x00, 0x88, 0xEB, 0x32, 0x09,
    0x00, 0x00, 0x00, 0x00, 0x55, 0x55, 0x55, 0x55, 0x22, 0x22, 0x22, 0x11, 0x23, 0x22, 0x22, 0x22,
    0x88, 0x88, 0x88, 0x88, 0x00, 0x00, 0x00, 0x00, 0x00, 0x00, 0x00, 0x00, 0x00, 0x00, 0x00, 0x00,
    0x00, 0x00, 0xE0, 0xB8, 0x55, 0x55, 0x55, 0x55, 0x11, 0x11, 0x11, 0x21, 0x22, 0x22, 0x22, 0x22,
    0x88, 0x88, 0x88, 0x88, 0x00, 0x00, 0xE0, 0x66, 0x00, 0x00, 0x8E, 0x86, 0x00, 0xE0, 0x68, 0x86,
    0xBB, 0xB8, 0xBB, 0x8B, 0x55, 0x55, 0x55, 0x55, 0x22, 0x22, 0x22, 0x22, 0x22, 0x22, 0x22, 0x32,
    0x88, 0x88, 0x88, 0x88, 0x33, 0x66, 0xB8, 0xBB, 0x88, 0x66, 0xB8, 0xBB, 0x68, 0x66, 0x86, 0xBB,
    0x88, 0x3E, 0x33, 0x09, 0x55, 0x55, 0x55, 0x55, 0x22, 0x22, 0x22, 0x22, 0x33, 0x33, 0x33, 0x33,
    0x88, 0x88, 0x88, 0x88, 0x8B, 0x3E, 0x92, 0x93, 0x8B, 0xE8, 0x23, 0x09, 0x8B, 0x88, 0x9E, 0x00,
    0x00, 0x00, 0x00, 0x00, 0x00, 0x00, 0x00, 0x00, 0x00, 0x00, 0x00, 0x00, 0x00, 0x00, 0x00, 0xE0,
    0x00, 0x00, 0x00, 0x8E, 0x00, 0x00, 0xE0, 0x68, 0x00, 0x00, 0x8E, 0x66, 0x00, 0xE0, 0x8B, 0x66,
    0x00, 0x8E, 0x66, 0x33, 0xE0, 0x68, 0x66, 0x88, 0x8E, 0x66, 0x66, 0x88, 0x68, 0x66, 0xB6, 0xBB,
    0x66, 0x66, 0x8B, 0x33, 0x66, 0x86, 0x8B, 0xEE, 0x66, 0xB6, 0xE8, 0xBB, 0x66, 0xB6, 0xE3, 0xBB,
    0x66, 0x66, 0x86, 0xBB, 0x66, 0x66, 0x86, 0xBB, 0x66, 0x66, 0x66, 0xB8, 0x6B, 0x66, 0x66, 0xB8,
    0xB8, 0x66, 0x66, 0xB8, 0xB8, 0x66, 0x66, 0x86, 0x8E, 0x6B, 0x66, 0x86, 0x8E, 0x6B, 0x66, 0x86,
    0xBB, 0x88, 0x0E, 0x00, 0xBB, 0x8B, 0xEB, 0x00, 0xBB, 0x8B, 0xEB, 0x00, 0xBB, 0xBB, 0xB8, 0x0E,
    0xBB, 0xBB, 0xB8, 0x0E, 0xBB, 0xBB, 0xB8, 0xEB, 0xBB, 0xBB, 0x8B, 0xEB, 0xBB, 0xBB, 0xBB, 0xBB,
    0x00, 0xBE, 0x8B, 0x66, 0x00, 0xBE, 0x68, 0x66, 0x00, 0xBE, 0x68, 0x66, 0x00, 0xE0, 0x68, 0x66,
    0x00, 0xE0, 0x8B, 0x66, 0x00, 0xE0, 0x8B, 0x66, 0x00, 0xE0, 0x8B, 0x66, 0x00, 0xE0, 0xBB, 0x68,
    0x66, 0xB6, 0xE8, 0xEE, 0x66, 0xB6, 0xE8, 0xBE, 0x66, 0xB6, 0xE3, 0xBB, 0x66, 0xB6, 0xE8, 0xBB,
    0x66, 0x86, 0x8B, 0xBE, 0x66, 0x86, 0x3B, 0xBE, 0x66, 0x86, 0x8B, 0xBE, 0x66, 0x86, 0x8B, 0xBE,
    0xEE, 0xB3, 0x66, 0x66, 0xEB, 0xB8, 0x66, 0x66, 0xBB, 0x8E, 0x6B, 0x66, 0xBB, 0x8E, 0x8B, 0x66,
    0xBB, 0x8E, 0x8B, 0x66, 0xBB, 0xEB, 0xB3, 0x66, 0xBB, 0xEB, 0xB8, 0x68, 0xBB, 0xEB, 0xB8, 0x68,
    0xB8, 0xBB, 0xBB, 0xBB, 0xB8, 0xBB, 0xBB, 0xBB, 0xB8, 0xBB, 0xBB, 0xBB, 0x86, 0xBB, 0xBB, 0xBB,
    0x86, 0xBB, 0xBB, 0xBB, 0x66, 0xB8, 0xBB, 0xBB, 0x66, 0x86, 0xB8, 0x8B, 0x66, 0x66, 0x86, 0xBB,
    0x00, 0x00, 0xBE, 0x68, 0x00, 0x00, 0xBE, 0x68, 0x00, 0x00, 0xBE, 0x8B, 0x00, 0x00, 0xE0, 0x8B,
    0x00, 0x00, 0xE0, 0xEE, 0x00, 0x00, 0x00, 0x00, 0x00, 0x00, 0x00, 0x00, 0x00, 0x00, 0x00, 0x00,
    0x66, 0x66, 0x3B, 0xBE, 0x66, 0x66, 0x8B, 0xBE, 0x66, 0x86, 0x8B, 0xBE, 0x66, 0x86, 0x3B, 0xBE,
    0xEE, 0x86, 0x8B, 0xBE, 0xE0, 0xEE, 0xEE, 0xE0, 0xBE, 0x88, 0xEB, 0x00, 0x8E, 0x88, 0xEB, 0x00,
    0xBB, 0xBB, 0x8E, 0x6B, 0xBB, 0xBB, 0x8E, 0x8B, 0xBB, 0xBB, 0x3E, 0x8B, 0xBB, 0xBB, 0xEB, 0xB8,
    0xBB, 0xBB, 0xEB, 0x8E, 0xEE, 0xBB, 0xBB, 0xEB, 0x00, 0xEE, 0xEE, 0xBE, 0x00, 0x00, 0x00, 0xE0,
    0x66, 0x66, 0x66, 0x88, 0x66, 0x66, 0x66, 0x66, 0x66, 0x66, 0x66, 0x66, 0x8B, 0x66, 0x66, 0x66,
    0xB8, 0x8B, 0x66, 0x66, 0x8E, 0xB3, 0xBB, 0x88, 0xEB, 0x8E, 0x88, 0xBB, 0xEE, 0xEE, 0xEE, 0x88,
    0xBB, 0x8B, 0x66, 0x86, 0x88, 0xBB, 0xBB, 0x88, 0x66, 0x88, 0xBB, 0xBB, 0x66, 0x66, 0x88, 0x88,
    0x66, 0x66, 0x66, 0x66, 0x66, 0x66, 0x66, 0x66, 0xBB, 0x88, 0x68, 0x66, 0x83, 0xBB, 0xBB, 0xBB,
    0xB8, 0xBB, 0xBB, 0xBB, 0x66, 0x66, 0x66, 0x86, 0xBB, 0xBB, 0xBB, 0x88, 0x88, 0x88, 0xBB, 0xBB,
    0x66, 0x66, 0x88, 0x88, 0x66, 0x66, 0x66, 0x66, 0x66, 0x66, 0x86, 0x88, 0xBB, 0xBB, 0xBB, 0xEB,
    0x8B, 0xBB, 0xEB, 0x0E, 0xB8, 0xBB, 0xEB, 0x00, 0x66, 0x86, 0xE8, 0x0E, 0xBB, 0xBB, 0xBE, 0xEB,
    0x88, 0xE8, 0x88, 0xBB, 0xE6, 0xEE, 0x88, 0xBB, 0x0E, 0x00, 0xEE, 0xB8, 0x00, 0x00, 0x8E, 0x88,
    0x00, 0x00, 0x00, 0x00, 0x00, 0x00, 0x00, 0x00, 0x00, 0x00, 0x00, 0x00, 0x0E, 0x00, 0x00, 0x00,
    0xEB, 0x0E, 0x00, 0x00, 0xBB, 0x0E, 0x00, 0x00, 0xBB, 0x0E, 0x00, 0x00, 0xBB, 0x0E, 0x00, 0x00,
    0xEE, 0x88, 0x88, 0x88, 0x00, 0xEE, 0xEE, 0xEE, 0x00, 0x00, 0x00, 0x00, 0x00, 0x00, 0x00, 0x00,
    0x00, 0x00, 0x00, 0x00, 0x00, 0x00, 0x00, 0x00, 0x00, 0x00, 0x00, 0x00, 0x00, 0x00, 0x00, 0x00,
    0xE8, 0xEE, 0xEE, 0x0E, 0x0E, 0x00, 0x00, 0x00, 0x00, 0x00, 0x00, 0x00, 0x00, 0x00, 0x00, 0x00,
    0x00, 0x00, 0x00, 0x00, 0x00, 0x00, 0x00, 0x00, 0x00, 0x00, 0x00, 0x00, 0x00, 0x00, 0x00, 0x00,
    0x00, 0x00, 0x8E, 0x88, 0x00, 0x00, 0xBE, 0x66, 0x00, 0x00, 0xE0, 0x66, 0x00, 0x00, 0xE0, 0x86,
    0x00, 0x00, 0xE0, 0x86, 0x00, 0x00, 0xE0, 0xB8, 0x00, 0x00, 0x00, 0xEE, 0x00, 0x00, 0x00, 0x00,
    0xBB, 0x0E, 0x00, 0x00, 0xBB, 0x0E, 0x00, 0x00, 0xBB, 0x0E, 0x00, 0x00, 0xBB, 0x0E, 0x00, 0x00,
    0xEB, 0x00, 0x00, 0x00, 0x0E, 0x00, 0x00, 0x00, 0x00, 0x00, 0x00, 0x00, 0x00, 0x00, 0x00, 0x00,
    0x00, 0x00, 0x00, 0x00, 0x00, 0x00, 0x00, 0x00, 0x00, 0x00, 0x00, 0x00, 0x00, 0x00, 0x00, 0x00,
    0x00, 0x00, 0x00, 0x00, 0x00, 0x00, 0x00, 0x00, 0x00, 0x00, 0xE0, 0xEE, 0x00, 0x00, 0xE0, 0xBB,
    0x00, 0x00, 0x00, 0x00, 0x00, 0x00, 0x00, 0x00, 0x00, 0x00, 0x00, 0x00, 0x00, 0x00, 0x00, 0x00,
    0x00, 0x00, 0x00, 0xEE, 0x00, 0x00, 0x99, 0x8B, 0xEE, 0x9E, 0x95, 0x66, 0x88, 0x98, 0x91, 0x68,
    0x00, 0x00, 0x6E, 0x86, 0x00, 0x00, 0xEE, 0xBE, 0x00, 0x00, 0x00, 0xE0, 0x00, 0x00, 0xE0, 0x8E,
    0x00, 0x00, 0x00, 0xEE, 0x00, 0x00, 0x00, 0x00, 0x00, 0x00, 0x00, 0x00, 0x00, 0x00, 0x00, 0x00,
    0x68, 0x66, 0x39, 0x89, 0x8B, 0xB6, 0x59, 0xE9, 0x88, 0xBB, 0x99, 0x00, 0xEE, 0xEE, 0x00, 0x00,
    0x00, 0x00, 0x00, 0x00, 0x00, 0x00, 0x00, 0x00, 0x00, 0x00, 0x00, 0x00, 0x00, 0x00, 0x00, 0x00,
    0x00, 0x00, 0x00, 0x00, 0x00, 0x00, 0x00, 0x00, 0x00, 0x00, 0x00, 0x00, 0xEE, 0xEE, 0xEE, 0x0E,
    0xBE, 0x88, 0xB8, 0xEB, 0x8E, 0x66, 0x66, 0x88, 0x88, 0x66, 0x66, 0x86, 0xBE, 0x8B, 0x66, 0x88,
    0x00, 0x00, 0x00, 0x00, 0x00, 0x00, 0x00, 0x00, 0x00, 0x00, 0x00, 0x00, 0x00, 0x00, 0x00, 0x00,
    0x00, 0x00, 0x00, 0x00, 0xEE, 0x00, 0x00, 0x00, 0xB8, 0x0E, 0x00, 0x00, 0x88, 0xE8, 0x00, 0x00,
    0xE0, 0xEE, 0xBE, 0xBB, 0x00, 0x00, 0xE0, 0xBB, 0x00, 0x00, 0x00, 0xBE, 0x00, 0x00, 0x00, 0xE0,
    0x00, 0x00, 0x00, 0x00, 0x00, 0x00, 0x00, 0x00, 0x00, 0x00, 0x00, 0x00, 0x00, 0x00, 0x00, 0x00,
    0xBB, 0x88, 0x0E, 0x00, 0x8B, 0x86, 0xEB, 0x00, 0x88, 0x66, 0xE8, 0x00, 0x6B, 0x66, 0x86, 0x0E,
    0xBE, 0x68, 0x86, 0xE8, 0xE0, 0x8B, 0x66, 0x99, 0xE0, 0x9B, 0x99, 0x51, 0x77, 0x19, 0x35, 0x99,
    0x00, 0x00, 0x00, 0x00, 0x00, 0x00, 0x00, 0x00, 0x00, 0x00, 0x00, 0x00, 0x00, 0x00, 0x00, 0x00,
    0x00, 0x00, 0x00, 0x00, 0x00, 0x00, 0x00, 0x00, 0x55, 0x05, 0x00, 0x00, 0x58, 0x52, 0x55, 0x55,
    0x00, 0x00, 0x00, 0x00, 0x00, 0x00, 0x00, 0x00, 0x00, 0x00, 0x00, 0x00, 0x00, 0x00, 0x00, 0x00,
    0x00, 0x00, 0x00, 0x00, 0x00, 0x00, 0x00, 0x00, 0x00, 0x00, 0x00, 0x00, 0x05, 0x00, 0x00, 0x00,
    0x88, 0x58, 0x33, 0x23, 0x00, 0x88, 0x58, 0x33, 0x00, 0x00, 0x88, 0x88, 0x00, 0x00, 0x00, 0x00,
    0x00, 0x00, 0x00, 0x00, 0x00, 0x00, 0x00, 0x00, 0x00, 0x00, 0x00, 0x00, 0x00, 0x00, 0x00, 0x00,
    0x52, 0x55, 0x55, 0x55, 0x33, 0x33, 0x22, 0x22, 0x55, 0x33, 0x33, 0x22, 0x88, 0x88, 0x88, 0x88,
    0x00, 0x00, 0x00, 0x00, 0x00, 0x00, 0x00, 0x00, 0x00, 0x00, 0x00, 0x00, 0x00, 0x00, 0x00, 0x00,
    0x00, 0x00, 0x00, 0xA0, 0x55, 0x55, 0x55, 0xA5, 0x22, 0x22, 0x22, 0xA2, 0x33, 0x33, 0x33, 0xA5,
    0x88, 0x88, 0x88, 0xA8, 0x09, 0x00, 0x00, 0xA0, 0x00, 0x00, 0x00, 0x00, 0x00, 0x00, 0x00, 0x00,
    0x71, 0x99, 0x99, 0x8B, 0xA1, 0xEF, 0x88, 0x68, 0xA1, 0xEF, 0xB6, 0x88, 0x77, 0xEF, 0xB6, 0x66,
    0xA7, 0xEF, 0xE8, 0x6B, 0xA7, 0xEF, 0xEB, 0x8B, 0xAA, 0xE0, 0x0E, 0xEE, 0xAA, 0x00, 0x00, 0x00,
    0xB8, 0x0E, 0xF0, 0xFF, 0x68, 0xFE, 0xFF, 0xDD, 0x8B, 0x2E, 0xFD, 0xFF, 0xBB, 0xFE, 0xFF, 0x00,
    0xBB, 0x0E, 0x00, 0x00, 0xEE, 0x0E, 0x00, 0x00, 0x00, 0x00, 0x00, 0x00, 0x00, 0x00, 0x00, 0x00,
    0xFF, 0x0F, 0x00, 0x00, 0xFD, 0x0F, 0x00, 0x00, 0xFF, 0x00, 0x00, 0x00, 0x00, 0x00, 0x00, 0x00,
    0x00, 0x00, 0x00, 0x00, 0x00, 0x00, 0x00, 0x00, 0x00, 0x00, 0x00, 0x00, 0x00, 0x00, 0x00, 0x00,
    0x00, 0x00, 0x00, 0x00, 0x00, 0x00, 0x00, 0x00, 0x00, 0x00, 0x00, 0x90, 0x00, 0x00, 0x00, 0x39,
    0x00, 0x00, 0x00, 0x19, 0x00, 0x00, 0x00, 0x19, 0x00, 0x00, 0x30, 0x12, 0x00, 0x00, 0x30, 0x31,
    0x90, 0x99, 0x99, 0x00, 0x19, 0x33, 0x23, 0x09, 0x21, 0x23, 0x21, 0x92, 0x21, 0x32, 0x11, 0x92,
    0x12, 0x99, 0x29, 0x99, 0x99, 0x11, 0x92, 0x91, 0x99, 0x33, 0x92, 0x91, 0x13, 0x99, 0x23, 0x29,
    0x55, 0x55, 0x55, 0x55, 0x12, 0x11, 0x21, 0x22, 0x22, 0x22, 0x22, 0x32, 0x88, 0x88, 0x88, 0x88,
    0x00, 0x00, 0x00, 0x00, 0x00, 0x00, 0x00, 0x00, 0x00, 0x00, 0x00, 0x00, 0x00, 0x00, 0x00, 0x00,
    0x55, 0x00, 0x00, 0x00, 0x22, 0x55, 0x55, 0x55, 0x33, 0x33, 0x33, 0x23, 0x88, 0x55, 0x55, 0x35,
    0x00, 0x88, 0x88, 0x88, 0x00, 0x00, 0x00, 0x00, 0x00, 0x00, 0x00, 0x00, 0x00, 0x00, 0x00, 0x00,
    0xBB, 0xEE, 0x00, 0x00, 0xB8, 0xBB, 0xEE, 0x00, 0x8B, 0xB8, 0xBB, 0xEE, 0x8B, 0x88, 0x88, 0xBB,
    0xBB, 0x88, 0x88, 0x88, 0xBB, 0xBB, 0x88, 0x88, 0xB8, 0xBB, 0x8B, 0x88, 0x8B, 0xB8, 0xBB, 0xBB,
    0x00, 0x00, 0x00, 0x00, 0x00, 0x00, 0x00, 0x00, 0x00, 0x00, 0x00, 0x00, 0xEE, 0x00, 0x00, 0x00,
    0xBB, 0xEE, 0x00, 0x00, 0x88, 0xBB, 0xEE, 0x0E, 0x88, 0x88, 0xBB, 0xEB, 0x8B, 0x88, 0x88, 0xB8,
    0x00, 0x00, 0x00, 0x00, 0x00, 0x00, 0x00, 0x00, 0x00, 0x00, 0x00, 0xE0, 0x00, 0x00, 0x00, 0xE0,
    0x00, 0x00, 0x00, 0xE0, 0x00, 0x00, 0x00, 0x00, 0x00, 0x00, 0x00, 0x00, 0x00, 0x00, 0x00, 0x00,
    0x6E, 0xB8, 0xEB, 0x00, 0x6E, 0xB6, 0xEB, 0x00, 0x6B, 0x86, 0xEB, 0x00, 0x8B, 0x86, 0xEB, 0x00,
    0x8B, 0x86, 0xEB, 0x00, 0xEE, 0xEE, 0xEE, 0x00, 0x00, 0x00, 0x00, 0x00, 0x00, 0x00, 0x00, 0x00,
    0x00, 0x00, 0x00, 0x00, 0x00, 0x00, 0x00, 0x00, 0x00, 0x00, 0x00, 0x00, 0x00, 0x00, 0x00, 0x00,
    0x09, 0x00, 0x00, 0x00, 0x09, 0x00, 0x00, 0x00, 0x09, 0x00, 0x00, 0x00, 0x09, 0x00, 0x00, 0x00,
    0x00, 0x00, 0x00, 0x00, 0x00, 0x00, 0x00, 0x00, 0x00, 0x00, 0x00, 0x00, 0x00, 0x00, 0x00, 0x00,
    0x00, 0x00, 0x00, 0x00, 0x09, 0x00, 0x00, 0x00, 0x09, 0x00, 0x00, 0x00, 0xE9, 0x00, 0x00, 0x00,
    0x00, 0x00, 0x00, 0x00, 0x55, 0x55, 0x55, 0x55, 0x22, 0x22, 0x22, 0x22, 0x33, 0x33, 0x33, 0x33,
    0x88, 0x88, 0x88, 0x88, 0x00, 0x00, 0x00, 0x00, 0x00, 0x00, 0x00, 0x00, 0x00, 0x00, 0x00, 0x00,
    0x00, 0x00, 0x00, 0x00, 0x00, 0x00, 0x00, 0x00, 0x00, 0x00, 0x00, 0x00, 0x00, 0x00, 0x00, 0x00,
    0x00, 0x00, 0x00, 0x00, 0x00, 0x00, 0x00, 0x00, 0x00, 0x00, 0x00, 0x00, 0xEE, 0x00, 0x00, 0x00,
    0x00, 0x00, 0x00, 0x00, 0x00, 0x00, 0x00, 0x00, 0x00, 0x00, 0x00, 0x00, 0x00, 0x00, 0x00, 0x00,
    0x00, 0x00, 0x00, 0x00, 0x00, 0x00, 0x00, 0x00, 0xEE, 0x00, 0x00, 0x00, 0xBB, 0xEE, 0x0E, 0x00,
    0x00, 0x00, 0x00, 0xEE, 0x00, 0x00, 0x00, 0x00, 0x00, 0x00, 0x00, 0x00, 0x00, 0x00, 0x00, 0x00,
    0x00, 0x00, 0x00, 0x00, 0x00, 0x00, 0x00, 0x00, 0x00, 0x00, 0x00, 0x00, 0x00, 0x00, 0x00, 0x00,
};
static const u16 sFrame70[] = {
    0x0011, 0x00CA, 0x81E1, 0x0000, 0x40EA, 0x81E1, 0x0010, 0x40F2, 0x8001, 0x0018, 0x00CA, 0x41D1,
    0x0020, 0x00CA, 0x4001, 0x0024, 0x00D2, 0x41B9, 0x0028, 0x40DA, 0x4001, 0x002C, 0x40C2, 0x01E9,
    0x0030, 0x40DA, 0x01C9, 0x0032, 0x40EA, 0x0001, 0x0034, 0x40FA, 0x01E1, 0x0036, 0x00C2, 0x01F9,
    0x0038, 0x00D2, 0x0011, 0x0039, 0x00DA, 0x01D9, 0x003A, 0x00E2, 0x0001, 0x003B, 0x00EA, 0x0011,
    0x003C, 0x00FA, 0x01F9, 0x003D, 0x0000,
};
static const void* const sFrames70[] = { sFrame70 };
static const u8 sTiles71[1600] __attribute__((aligned(4))) = {
    0x00, 0x00, 0x00, 0x00, 0x00, 0x00, 0x00, 0x00, 0x00, 0x00, 0x00, 0x00, 0x00, 0x00, 0x00, 0x00,
    0x00, 0x00, 0x00, 0x00, 0x00, 0x00, 0x00, 0xE0, 0x00, 0x00, 0x00, 0xE0, 0x00, 0x00, 0x00, 0x8E,
    0xE0, 0x6B, 0xB8, 0xE6, 0xE0, 0xB8, 0xB8, 0xE8, 0xE0, 0xB8, 0x8B, 0xAE, 0x99, 0x99, 0x99, 0x1A,
    0x59, 0x13, 0x95, 0xAA, 0x99, 0x99, 0x09, 0xAA, 0x68, 0x86, 0x0E, 0x00, 0x66, 0xB6, 0x0E, 0x00,
    0xAD, 0xA7, 0x00, 0x00, 0x7A, 0xAA, 0x00, 0x00, 0x11, 0x8A, 0x08, 0x00, 0xA1, 0x52, 0x88, 0x00,
    0x5A, 0x25, 0x33, 0x08, 0x00, 0x55, 0x32, 0x83, 0x00, 0x50, 0x25, 0x33, 0x00, 0x00, 0x50, 0x22,
    0x00, 0x00, 0x00, 0x00, 0x00, 0x00, 0x00, 0x00, 0x00, 0x00, 0x00, 0x00, 0x00, 0x00, 0x00, 0x00,
    0x00, 0x00, 0x00, 0x00, 0x00, 0x00, 0x00, 0x00, 0x88, 0x00, 0x00, 0x00, 0x83, 0x08, 0x00, 0x00,
    0x00, 0x00, 0xE0, 0x6B, 0x00, 0x00, 0xBE, 0x68, 0x00, 0x00, 0x8E, 0xB8, 0x00, 0xE0, 0x8B, 0x66,
    0x00, 0xE0, 0x68, 0x66, 0x00, 0xE0, 0x68, 0x86, 0x00, 0xE0, 0x8B, 0x86, 0x00, 0x00, 0xEE, 0xEE,
    0x66, 0xE8, 0x00, 0x00, 0x66, 0xEB, 0x00, 0x00, 0xBB, 0x0E, 0x00, 0x90, 0xB8, 0x0E, 0x00, 0x29,
    0xE8, 0x00, 0x00, 0x19, 0xEB, 0x00, 0x90, 0x12, 0xEB, 0x00, 0x90, 0x14, 0x5E, 0x0E, 0x24, 0x14,
    0x00, 0x00, 0x00, 0x25, 0x94, 0x99, 0x00, 0x50, 0x21, 0x44, 0x99, 0x00, 0x21, 0x21, 0x44, 0x09,
    0x11, 0x21, 0x21, 0x94, 0x22, 0x21, 0x21, 0x92, 0x12, 0x12, 0x11, 0x92, 0x14, 0x12, 0x91, 0x91,
    0x32, 0x88, 0xE0, 0x0E, 0x22, 0x33, 0xE8, 0xE6, 0x55, 0x32, 0x83, 0x6E, 0x50, 0x25, 0x33, 0x8E,
    0x00, 0x55, 0x22, 0x8E, 0x00, 0x00, 0xE5, 0x8B, 0x00, 0x00, 0xE0, 0x8B, 0x00, 0x00, 0xE0, 0x88,
    0xBE, 0x88, 0xBB, 0x68, 0xE0, 0x88, 0xBB, 0x68, 0xE0, 0x88, 0xBB, 0x68, 0xE0, 0x8B, 0xBB, 0x68,
    0xE0, 0x8B, 0x8B, 0x68, 0xE0, 0x8B, 0x8B, 0x68, 0xE0, 0x8B, 0x8B, 0x66, 0xE0, 0x8B, 0x8B, 0x66,
    0x86, 0xB8, 0xBB, 0x68, 0x86, 0xB8, 0xBB, 0x68, 0x86, 0xB8, 0xBB, 0x68, 0x86, 0xBB, 0xBB, 0x88,
    0x86, 0xBB, 0xBB, 0x88, 0x86, 0xBB, 0xBB, 0x88, 0xB8, 0xBB, 0xBB, 0x88, 0xB8, 0xBB, 0xBB, 0x8B,
    0x86, 0x88, 0x8B, 0xB8, 0x88, 0x88, 0x8B, 0xB8, 0x66, 0x86, 0x8B, 0xB8, 0x66, 0x86, 0x88, 0xB8,
    0x66, 0x86, 0xB8, 0x88, 0x68, 0x86, 0xB8, 0x88, 0x68, 0x66, 0xB8, 0x88, 0x88, 0x86, 0xB8, 0x88,
    0x0E, 0x00, 0x00, 0x00, 0x0E, 0x00, 0x00, 0x00, 0x0E, 0x00, 0x00, 0x00, 0x0E, 0x00, 0x00, 0x00,
    0xEB, 0x00, 0x00, 0x00, 0xEB, 0x00, 0x00, 0x00, 0xEB, 0x00, 0x00, 0x00, 0xEB, 0x00, 0x00, 0x00,
    0x00, 0xEE, 0x8B, 0x86, 0x00, 0x00, 0x8E, 0x86, 0x00, 0x00, 0xE0, 0xEE, 0x00, 0x00, 0x00, 0xBE,
    0x00, 0x00, 0x00, 0xBE, 0x00, 0x00, 0x00, 0xE0, 0x00, 0x00, 0x00, 0x00, 0x00, 0x00, 0x00, 0x00,
    0xB8, 0xBB, 0xBB, 0x8B, 0xE8, 0xEE, 0xEE, 0x8B, 0xBE, 0xB8, 0x0E, 0x8E, 0x88, 0xB8, 0x0E, 0xE0,
    0x8B, 0xB8, 0x0E, 0x00, 0xEE, 0xEE, 0x00, 0x00, 0x00, 0x00, 0x00, 0x00, 0x00, 0x00, 0x00, 0x00,
    0x88, 0x86, 0xB8, 0x68, 0x88, 0x66, 0xB8, 0x68, 0x88, 0x66, 0xB8, 0x68, 0x88, 0x68, 0xE8, 0xEE,
    0xEE, 0xEE, 0xBE, 0x0E, 0x00, 0xBE, 0xEB, 0x00, 0x00, 0xBE, 0xEB, 0x00, 0xE0, 0xBB, 0xE8, 0x00,
    0xB8, 0x0E, 0x00, 0x00, 0xB8, 0x0E, 0x00, 0x00, 0xB8, 0x0E, 0x00, 0x00, 0xEE, 0x00, 0x00, 0x00,
    0x00, 0x00, 0x00, 0x00, 0x00, 0x00, 0x00, 0x00, 0x00, 0x00, 0x00, 0x00, 0x00, 0x00, 0x00, 0x00,
    0x00, 0x00, 0x2E, 0x11, 0x00, 0x00, 0x3E, 0x22, 0x00, 0x00, 0x5E, 0x23, 0x00, 0x00, 0xEE, 0x33,
    0x00, 0x00, 0x2E, 0x5E, 0x00, 0x00, 0x3E, 0xE2, 0x00, 0x00, 0x5E, 0x13, 0x00, 0x00, 0xE0, 0x3E,
    0x33, 0xEE, 0x19, 0x29, 0x12, 0x21, 0x19, 0x94, 0x52, 0x31, 0x29, 0x24, 0x22, 0x92, 0x21, 0x29,
    0x33, 0x93, 0x22, 0x29, 0xEE, 0x9E, 0x92, 0x29, 0x51, 0x8E, 0x94, 0x94, 0xE2, 0x8E, 0x49, 0x94,
    0x00, 0x00, 0x00, 0xEE, 0x00, 0x00, 0x00, 0x8E, 0x00, 0x00, 0x00, 0x8E, 0x00, 0x00, 0x00, 0x8E,
    0x00, 0x00, 0x00, 0x8E, 0x00, 0x00, 0xE0, 0x88, 0x00, 0x00, 0xE0, 0x88, 0x00, 0x00, 0xE0, 0x88,
    0x8E, 0x88, 0x94, 0x94, 0xBB, 0x88, 0x94, 0x24, 0xBB, 0x8B, 0x24, 0x24, 0xBB, 0xBB, 0x24, 0x44,
    0xBB, 0xBB, 0x42, 0x42, 0xBB, 0xBB, 0x42, 0x92, 0xBB, 0xB8, 0x4B, 0x42, 0xBB, 0xB8, 0x4B, 0x42,
    0x00, 0x00, 0xE0, 0xB8, 0x00, 0x00, 0xBE, 0xB8, 0x00, 0x00, 0xBE, 0xB8, 0x00, 0x00, 0xBE, 0xB8,
    0x00, 0x00, 0xBE, 0x88, 0x00, 0x00, 0xBE, 0x88, 0x00, 0x00, 0xBE, 0x88, 0x00, 0xE0, 0xBB, 0x88,
    0x8B, 0x88, 0xBB, 0x44, 0x8B, 0x88, 0xBB, 0x9B, 0x8B, 0x88, 0xBB, 0xBB, 0x8B, 0x88, 0xB8, 0xBB,
    0x8B, 0x86, 0xB8, 0xBB, 0x8B, 0x66, 0xB8, 0xBB, 0x8B, 0x66, 0xB8, 0x8B, 0x8B, 0x66, 0xB8, 0x8B,
    0x00, 0xE0, 0x8B, 0xB8, 0x00, 0xE0, 0x8B, 0xB8, 0x00, 0xBE, 0x8B, 0xB8, 0x00, 0xBE, 0x8B, 0xB8,
    0x00, 0xBE, 0x8B, 0xB8, 0x00, 0xBE, 0x88, 0xBB, 0xE0, 0xBB, 0x88, 0xBB, 0xE0, 0x8B, 0x88, 0x8B,
    0x8B, 0x66, 0xB8, 0x8B, 0x8B, 0x66, 0xB8, 0x8B, 0x8B, 0x66, 0xB8, 0x8B, 0x8B, 0x86, 0x88, 0x8B,
    0x68, 0x86, 0x88, 0x8B, 0x68, 0x86, 0x88, 0x88, 0x68, 0x88, 0x88, 0x88, 0x66, 0x88, 0x88, 0x88,
    0x08, 0x00, 0x00, 0x00, 0x83, 0x00, 0x00, 0x00, 0x32, 0x08, 0x00, 0x00, 0x21, 0x82, 0x00, 0x00,
    0x15, 0x32, 0x08, 0x00, 0x55, 0x22, 0x83, 0x00, 0x50, 0x25, 0x32, 0x88, 0x00, 0x50, 0x22, 0x83,
    0x00, 0x00, 0x00, 0x00, 0x00, 0x00, 0x00, 0x00, 0x00, 0x00, 0x00, 0x00, 0x00, 0x00, 0x00, 0x00,
    0x00, 0x00, 0x00, 0x00, 0x00, 0x00, 0x00, 0x00, 0x00, 0x00, 0x00, 0x00, 0x08, 0x00, 0x00, 0x00,
    0x00, 0x00, 0x25, 0x53, 0x00, 0x00, 0x50, 0x35, 0x00, 0x00, 0x00, 0x25, 0x00, 0x00, 0x00, 0x25,
    0x00, 0x00, 0x00, 0x50, 0x00, 0x00, 0x00, 0x00, 0x00, 0x00, 0x00, 0x00, 0x00, 0x00, 0x00, 0x00,
    0x08, 0x00, 0x00, 0x00, 0x88, 0x00, 0x00, 0x00, 0x83, 0x08, 0x00, 0x00, 0x32, 0x05, 0x00, 0x00,
    0x35, 0x85, 0x00, 0x00, 0x55, 0x83, 0x00, 0x00, 0x50, 0x52, 0x00, 0x00, 0x50, 0x35, 0x08, 0x00,
    0x14, 0x12, 0x91, 0x91, 0x19, 0x14, 0x29, 0x94, 0x29, 0x14, 0x29, 0x94, 0x29, 0x29, 0x29, 0xB9,
    0x42, 0x22, 0x29, 0x89, 0x49, 0x42, 0x92, 0x89, 0x49, 0x42, 0x92, 0x89, 0x42, 0x29, 0x42, 0xE9,
    0x00, 0x00, 0xE0, 0xEE, 0xE0, 0xEE, 0xBE, 0x88, 0xBE, 0x6B, 0x86, 0x88, 0x66, 0x66, 0x88, 0x88,
    0x66, 0x88, 0xB8, 0xEB, 0xB8, 0xEB, 0xEE, 0x0E, 0xEE, 0x0E, 0x00, 0x00, 0x00, 0x00, 0x00, 0x00,
    0xEE, 0x2E, 0x08, 0x00, 0xB8, 0x2E, 0x82, 0x08, 0x88, 0x2E, 0x21, 0x83, 0xEB, 0x50, 0x11, 0x32,
    0xEE, 0x00, 0x55, 0x21, 0x00, 0x00, 0x50, 0x15, 0x00, 0x00, 0x00, 0x55, 0x00, 0x00, 0x00, 0x00,
    0x00, 0x00, 0x00, 0x00, 0x00, 0x00, 0x00, 0x00, 0x00, 0x00, 0x00, 0x00, 0x08, 0x00, 0x00, 0x00,
    0x82, 0x00, 0x00, 0x00, 0x22, 0x08, 0x00, 0x00, 0x11, 0x82, 0x08, 0x00, 0x15, 0x21, 0x83, 0x00,
    0x42, 0x29, 0x24, 0x09, 0x44, 0x29, 0x24, 0x94, 0x94, 0x29, 0x24, 0x94, 0x94, 0x94, 0x24, 0x94,
    0x92, 0x94, 0x49, 0x92, 0x92, 0x42, 0x42, 0x92, 0x99, 0x42, 0x42, 0x02, 0x99, 0x42, 0x49, 0x09,
    0x22, 0x29, 0x29, 0x09, 0x2B, 0x29, 0x02, 0x04, 0x2B, 0x29, 0x04, 0x00, 0xBB, 0x94, 0x00, 0x00,
    0xBB, 0x9E, 0x00, 0x00, 0xBB, 0x0E, 0x00, 0x00, 0xBB, 0x0E, 0x00, 0x00, 0xBB, 0x0E, 0x00, 0x00,
    0xB8, 0xEB, 0x00, 0x00, 0xB8, 0xEB, 0x00, 0x00, 0xB8, 0xEB, 0x00, 0x00, 0x88, 0xEB, 0x00, 0x00,
    0x86, 0xEB, 0x00, 0x00, 0x86, 0xBB, 0x0E, 0x00, 0x68, 0xB8, 0x0E, 0x00, 0x68, 0xB8, 0xEB, 0x00,
    0x8B, 0x86, 0xEB, 0x00, 0x8B, 0x86, 0xBB, 0x0E, 0xB8, 0x68, 0xB8, 0x0E, 0xB8, 0x68, 0xB8, 0x0E,
    0x86, 0x68, 0xB8, 0xEB, 0x86, 0x8B, 0xB8, 0xEB, 0x66, 0x88, 0x8B, 0xEB, 0x66, 0xB8, 0x8B, 0xEB,
    0x00, 0xFF, 0xFF, 0x00, 0x00, 0xFF, 0xF2, 0x0F, 0x00, 0xF0, 0xDF, 0xFD, 0x00, 0x00, 0xF0, 0x2D,
    0x00, 0x00, 0x00, 0xFF, 0x00, 0x00, 0x00, 0x00, 0x00, 0x00, 0x00, 0x00, 0x00, 0x00, 0x00, 0x00,
    0x00, 0x00, 0x00, 0x00, 0x00, 0x00, 0x00, 0x00, 0xFF, 0x00, 0x00, 0x00, 0xFD, 0x0F, 0x00, 0x00,
    0xDF, 0xEE, 0xFF, 0x00, 0xE0, 0x88, 0xEE, 0x0F, 0xE0, 0x8B, 0x8B, 0xFE, 0xBE, 0x6B, 0x8B, 0xE8,
    0x50, 0x21, 0x32, 0x08, 0x00, 0x55, 0x22, 0x82, 0x00, 0x50, 0x25, 0x22, 0x00, 0x00, 0x55, 0x22,
    0x00, 0x00, 0x00, 0x25, 0x00, 0x00, 0x00, 0x50, 0x00, 0x00, 0x00, 0x00, 0x00, 0x00, 0x00, 0x00,
    0x00, 0x00, 0x00, 0x00, 0x00, 0x00, 0x00, 0x00, 0x08, 0x00, 0x00, 0x00, 0x82, 0x08, 0x00, 0x00,
    0x32, 0x88, 0x00, 0x00, 0x22, 0x83, 0x08, 0x00, 0x25, 0x32, 0x83, 0x00, 0x50, 0x25, 0x33, 0x08,
    0x00, 0x55, 0x32, 0x83, 0x00, 0x00, 0x25, 0x32, 0x00, 0x00, 0x50, 0x22, 0x00, 0x00, 0x00, 0x25,
    0x00, 0x00, 0x00, 0x50, 0x00, 0x00, 0x00, 0x00, 0x00, 0x00, 0x00, 0x00, 0x00, 0x00, 0x00, 0x00,
    0x08, 0x00, 0x00, 0x00, 0x83, 0x00, 0x00, 0x00, 0x83, 0x08, 0x00, 0x00, 0x22, 0x85, 0x00, 0x00,
    0x35, 0x85, 0x00, 0x00, 0x55, 0x83, 0x08, 0x00, 0x50, 0x32, 0x83, 0x00, 0x50, 0x25, 0x33, 0x08,
    0xE0, 0x8B, 0x88, 0x8B, 0xE0, 0x8B, 0x88, 0x8B, 0xBE, 0x88, 0xB8, 0x8B, 0xBE, 0x88, 0xB8, 0x88,
    0xBE, 0x8B, 0xB8, 0x88, 0xBE, 0x88, 0xB8, 0x88, 0xBE, 0x88, 0xB8, 0x88, 0xBE, 0x88, 0xB8, 0x68,
    0x66, 0x88, 0x8B, 0x86, 0x66, 0x88, 0x8B, 0x86, 0x66, 0xB8, 0x8B, 0x66, 0x66, 0xB8, 0x8B, 0x68,
    0x66, 0xB8, 0x8B, 0x68, 0x66, 0xB8, 0x8B, 0x66, 0x66, 0xB8, 0xBB, 0x88, 0x66, 0xB8, 0xBB, 0x68,
    0xE0, 0xBB, 0xB8, 0x0E, 0xE0, 0xBB, 0x88, 0xE8, 0x00, 0xBE, 0x8B, 0x88, 0x00, 0xE0, 0xBE, 0x88,
    0x00, 0x00, 0xE0, 0x8B, 0x00, 0x00, 0x00, 0xEE, 0x00, 0x00, 0x00, 0x00, 0x00, 0x00, 0x00, 0x00,
    0x00, 0x00, 0x00, 0x00, 0x0E, 0x00, 0x00, 0x00, 0xEB, 0x00, 0x00, 0x00, 0xB8, 0x0E, 0x00, 0x00,
    0x88, 0xEB, 0x00, 0x00, 0x8B, 0xB8, 0x0E, 0x00, 0xEE, 0xEE, 0x0E, 0x00, 0x00, 0x00, 0x00, 0x00,
    0x00, 0x00, 0x00, 0x00, 0x00, 0x00, 0x00, 0x00, 0x00, 0x00, 0x00, 0x00, 0x00, 0x00, 0x00, 0x00,
    0x00, 0x00, 0x00, 0x00, 0x00, 0x00, 0x00, 0x00, 0x00, 0xA0, 0x00, 0x00, 0xAF, 0x7A, 0x0A, 0x00,
    0x00, 0x00, 0x00, 0x00, 0x00, 0x00, 0x00, 0x00, 0x0E, 0xE0, 0xEE, 0x0E, 0xEE, 0xBE, 0xE8, 0x0E,
    0xBB, 0x88, 0x0E, 0x00, 0x88, 0xE6, 0x00, 0x00, 0xB6, 0x0E, 0x00, 0x00, 0xEB, 0x82, 0x00, 0x00,
    0x00, 0x55, 0x22, 0x82, 0x00, 0x50, 0x25, 0x22, 0x00, 0x00, 0x50, 0x11, 0x00, 0x00, 0x00, 0x15,
    0x00, 0x00, 0x00, 0x50, 0x00, 0x00, 0x00, 0x00, 0x00, 0x00, 0x00, 0x00, 0x00, 0x00, 0x00, 0x00,
    0x00, 0x55, 0x08, 0x00, 0x00, 0x50, 0x08, 0x00, 0x00, 0x00, 0x00, 0x00, 0x00, 0x00, 0x00, 0x00,
    0x00, 0x00, 0x00, 0x00, 0x00, 0x00, 0x00, 0x00, 0x00, 0x00, 0x00, 0x00, 0x00, 0x00, 0x00, 0x00,
};
static const u16 sFrame71[] = {
    0x000F, 0x40B1, 0x81EE, 0x0000, 0x40E9, 0x81EE, 0x0008, 0x80C1, 0x81EE, 0x0010, 0x00D9, 0x402E,
    0x0018, 0x40C1, 0x41FE, 0x001C, 0x80C9, 0x41FE, 0x0020, 0x40A9, 0x01EE, 0x0024, 0x40C9, 0x0016,
    0x0026, 0x40D1, 0x001E, 0x0028, 0x40E1, 0x01EE, 0x002A, 0x40F9, 0x01FE, 0x002C, 0x00A9, 0x01FE,
    0x002E, 0x00B9, 0x000E, 0x002F, 0x00D9, 0x0026, 0x0030, 0x00E9, 0x0036, 0x0031, 0x0000,
};
static const void* const sFrames71[] = { sFrame71 };
static const u8 sTiles72[1632] __attribute__((aligned(4))) = {
    0x29, 0x99, 0x33, 0x13, 0x22, 0x12, 0xE1, 0x39, 0x2E, 0xE1, 0x2E, 0x29, 0x16, 0x62, 0x21, 0x92,
    0x1A, 0x11, 0x11, 0xE2, 0x2A, 0x11, 0x21, 0x52, 0x70, 0x27, 0x21, 0x2E, 0x00, 0x70, 0xAA, 0xEE,
    0x21, 0x29, 0x44, 0x92, 0x22, 0x49, 0x99, 0x24, 0x52, 0xE4, 0xEE, 0x24, 0x3E, 0x5E, 0x32, 0x45,
    0x22, 0x1E, 0x22, 0xE3, 0xE3, 0x11, 0x13, 0x21, 0x3E, 0x12, 0x51, 0x22, 0xE5, 0x33, 0x23, 0x22,
    0x09, 0x00, 0x00, 0x00, 0x92, 0x00, 0x00, 0x00, 0x49, 0x09, 0x00, 0x00, 0x24, 0x92, 0x09, 0x00,
    0x4E, 0x24, 0x92, 0x00, 0x53, 0x29, 0x24, 0x09, 0xE5, 0x99, 0x42, 0x92, 0x4E, 0x44, 0x49, 0x24,
    0x00, 0x00, 0x00, 0x00, 0x00, 0x00, 0x00, 0x00, 0x00, 0x00, 0x00, 0x00, 0x00, 0x00, 0x00, 0x00,
    0x00, 0x00, 0x00, 0x00, 0x00, 0x00, 0x00, 0x00, 0x00, 0x00, 0x00, 0x00, 0x09, 0x00, 0x00, 0x00,
    0x00, 0x00, 0x7E, 0xE1, 0x00, 0x00, 0xE0, 0xEA, 0x00, 0x00, 0xBE, 0xEE, 0x00, 0x00, 0x8E, 0xEB,
    0x00, 0xE0, 0x68, 0xB8, 0x00, 0xE0, 0x6B, 0x86, 0x00, 0xBE, 0x6B, 0x86, 0xE0, 0xBE, 0x6B, 0xB8,
    0x8B, 0xEE, 0x3E, 0xE5, 0x68, 0xEB, 0xE5, 0x2E, 0x66, 0xB8, 0x5E, 0x32, 0x6B, 0x86, 0xEE, 0xEE,
    0x8E, 0x66, 0xEB, 0xBB, 0xBE, 0x68, 0xE8, 0xBB, 0xBE, 0x88, 0xE8, 0xB8, 0xBE, 0x8B, 0xEB, 0x86,
    0xE5, 0x92, 0x94, 0x42, 0xE3, 0x92, 0x24, 0x94, 0x45, 0x42, 0x92, 0x24, 0x4B, 0x49, 0xB2, 0xEB,
    0xBB, 0xBB, 0xBB, 0xE8, 0xBB, 0xBB, 0x88, 0xB8, 0xBB, 0xBB, 0x8B, 0x88, 0xBB, 0xBB, 0xBB, 0x88,
    0x92, 0x00, 0x00, 0x00, 0x94, 0x00, 0x00, 0x00, 0x09, 0x00, 0x00, 0x00, 0x00, 0x00, 0x00, 0x00,
    0x00, 0x00, 0x00, 0x00, 0x0E, 0x00, 0x00, 0x00, 0x0E, 0x00, 0x00, 0x00, 0xEB, 0x00, 0x00, 0x00,
    0xBE, 0xB8, 0x88, 0xEB, 0x68, 0x86, 0xEB, 0xEE, 0x66, 0xB8, 0x0E, 0xBE, 0xEB, 0xEE, 0xE0, 0x8B,
    0x0E, 0x90, 0xB9, 0x68, 0x00, 0x59, 0x89, 0xB8, 0xEE, 0x19, 0x99, 0x99, 0x6B, 0x98, 0x53, 0x91,
    0x8E, 0x86, 0x8E, 0x66, 0x6B, 0x86, 0x3E, 0x66, 0x66, 0xE8, 0x88, 0x66, 0x86, 0xEB, 0xB6, 0x6B,
    0xB8, 0x6E, 0x3B, 0xB3, 0xEB, 0x66, 0x8B, 0x8E, 0x6E, 0xB6, 0xE8, 0x8E, 0x66, 0xB6, 0xE3, 0x3E,
    0xB8, 0xBB, 0xBB, 0x8B, 0x86, 0xBB, 0xBB, 0x8B, 0x86, 0xBB, 0xBB, 0xBB, 0x66, 0xB8, 0xBB, 0xBB,
    0x66, 0x86, 0xBB, 0xBB, 0x6B, 0x66, 0xB8, 0xBB, 0x6B, 0x66, 0xB8, 0x88, 0x6B, 0x66, 0x86, 0x8B,
    0x88, 0x0E, 0x00, 0x00, 0x88, 0x0E, 0x00, 0x00, 0x88, 0xEB, 0x00, 0x00, 0x8B, 0xE8, 0x00, 0x00,
    0xBB, 0xB8, 0x0E, 0x00, 0xBB, 0x88, 0x0E, 0x00, 0xBB, 0x8B, 0xEB, 0x00, 0xB8, 0x8B, 0xEB, 0x00,
    0x66, 0xB6, 0x99, 0x69, 0xB8, 0x86, 0xB8, 0x6E, 0xB8, 0xB8, 0xE6, 0x68, 0xEE, 0xB8, 0xBE, 0x68,
    0xEF, 0xEE, 0x8B, 0x66, 0xEF, 0xBB, 0x8B, 0x66, 0x00, 0xBE, 0x68, 0x66, 0x00, 0xBE, 0x68, 0x66,
    0x66, 0xB8, 0xE8, 0x8E, 0x66, 0x8B, 0xBE, 0x8E, 0x66, 0x3B, 0xBE, 0xEB, 0x86, 0x8B, 0xBE, 0xEB,
    0x86, 0x8B, 0xBE, 0xBB, 0x86, 0x3B, 0xBE, 0xBB, 0xB6, 0xE8, 0xBB, 0xBB, 0xB6, 0xE8, 0xBB, 0xBB,
    0x8B, 0x66, 0x86, 0xBB, 0x8B, 0x66, 0x66, 0xB8, 0xB3, 0x66, 0x66, 0xB8, 0xB8, 0x68, 0x66, 0x86,
    0x8E, 0x6B, 0x66, 0x86, 0x3E, 0x6B, 0x66, 0x86, 0x8E, 0x8B, 0x66, 0x86, 0xEB, 0xB8, 0x66, 0x86,
    0x86, 0x8B, 0xE8, 0x00, 0x86, 0xB8, 0xE8, 0x00, 0x68, 0xB8, 0xB8, 0x0E, 0x6B, 0x86, 0xBB, 0xEE,
    0x8B, 0x66, 0xB8, 0xB8, 0x8B, 0x66, 0xB8, 0x88, 0x8B, 0x66, 0x86, 0x8B, 0x8B, 0x66, 0x66, 0xB8,
    0x05, 0x00, 0x00, 0x00, 0x52, 0x00, 0x00, 0x00, 0x22, 0x05, 0x00, 0x00, 0x23, 0x52, 0x00, 0x00,
    0x38, 0x22, 0x05, 0x00, 0x88, 0x22, 0x51, 0x05, 0x00, 0x28, 0x12, 0x52, 0x00, 0x80, 0x22, 0x21,
    0x00, 0x00, 0x00, 0x00, 0x00, 0x00, 0x00, 0x00, 0x00, 0x00, 0x00, 0x00, 0x00, 0x00, 0x00, 0x00,
    0x00, 0x00, 0x00, 0x00, 0x00, 0x00, 0x00, 0x00, 0x00, 0x00, 0x00, 0x00, 0x05, 0x00, 0x00, 0x00,
    0x00, 0x00, 0x88, 0x22, 0x00, 0x00, 0x80, 0x28, 0x00, 0x00, 0x00, 0x88, 0x00, 0x00, 0x00, 0x00,
    0x00, 0x00, 0x00, 0x00, 0x00, 0x00, 0x00, 0x00, 0x00, 0x00, 0x00, 0x00, 0x00, 0x00, 0x00, 0x00,
    0x52, 0x00, 0x00, 0x00, 0x22, 0x05, 0x00, 0x00, 0x33, 0x52, 0x00, 0x00, 0x38, 0x53, 0x00, 0x00,
    0x80, 0x33, 0x05, 0x00, 0x80, 0x55, 0x53, 0x05, 0x00, 0x58, 0x35, 0x52, 0x00, 0x80, 0x55, 0x22,
    0x52, 0x00, 0x00, 0x00, 0x22, 0x05, 0x00, 0x00, 0x23, 0x52, 0x05, 0x00, 0x38, 0x23, 0x52, 0x00,
    0x80, 0x33, 0x22, 0x05, 0x00, 0x88, 0x23, 0x52, 0x00, 0x80, 0x28, 0x22, 0x00, 0x00, 0x88, 0x22,
    0x00, 0x00, 0x00, 0x00, 0x00, 0x00, 0x00, 0x00, 0x00, 0x00, 0x00, 0x00, 0x00, 0x00, 0x00, 0x00,
    0x00, 0x00, 0x00, 0x00, 0x00, 0x00, 0x00, 0x00, 0x05, 0x00, 0x00, 0x00, 0x52, 0x05, 0x00, 0x00,
    0x00, 0x00, 0x00, 0x28, 0x00, 0x00, 0x00, 0x80, 0x00, 0x00, 0x00, 0x00, 0x00, 0x00, 0x00, 0x00,
    0x00, 0x00, 0x00, 0x00, 0x00, 0x00, 0x00, 0x00, 0x00, 0x00, 0x00, 0x00, 0x00, 0x00, 0x00, 0x00,
    0x22, 0x52, 0x00, 0x00, 0x22, 0x21, 0x05, 0x00, 0x28, 0x12, 0x51, 0x00, 0x80, 0x28, 0x11, 0x05,
    0x00, 0x88, 0x12, 0x51, 0x00, 0x80, 0x28, 0x12, 0x00, 0x00, 0x80, 0x22, 0x00, 0x00, 0x00, 0x28,
    0x00, 0x00, 0x00, 0x00, 0x00, 0x00, 0x00, 0x00, 0x00, 0x00, 0x00, 0x00, 0x0E, 0x00, 0x00, 0x00,
    0xEB, 0xEE, 0xEE, 0x0E, 0x88, 0x88, 0xB8, 0xEB, 0x88, 0x88, 0x88, 0x88, 0x88, 0x88, 0x88, 0x88,
    0x00, 0x00, 0x00, 0x00, 0x00, 0x00, 0x00, 0x00, 0x00, 0x00, 0x00, 0x00, 0x00, 0x00, 0x00, 0x00,
    0x00, 0x00, 0x00, 0x00, 0xEE, 0x00, 0x00, 0x00, 0xBB, 0xEE, 0x00, 0x00, 0x88, 0xBB, 0x0E, 0x00,
    0xBB, 0x88, 0x88, 0x88, 0x88, 0xBB, 0x88, 0x88, 0x66, 0x88, 0xBB, 0x88, 0x66, 0x66, 0x88, 0x8B,
    0x66, 0x66, 0xEE, 0xEE, 0xEE, 0xEE, 0x00, 0xE0, 0x00, 0x00, 0x00, 0x00, 0x00, 0x00, 0x00, 0xEE,
    0x88, 0x88, 0x0E, 0x00, 0x88, 0xE8, 0x00, 0x00, 0x88, 0xEE, 0x00, 0x00, 0xEE, 0xBB, 0x0E, 0x00,
    0x8B, 0xB8, 0x0E, 0x00, 0xEE, 0x88, 0xEB, 0x00, 0xBE, 0x88, 0xEB, 0x00, 0x8B, 0x88, 0xEB, 0x00,
    0x00, 0xE0, 0x68, 0x66, 0x00, 0xE0, 0x68, 0x66, 0x00, 0x00, 0x6E, 0x66, 0x00, 0x00, 0x6E, 0x66,
    0x00, 0x00, 0xE0, 0x66, 0x00, 0x00, 0xE0, 0xB6, 0x00, 0x00, 0x00, 0x8E, 0x00, 0x00, 0x00, 0xEE,
    0xB8, 0xE3, 0xBB, 0xBB, 0xB8, 0xE8, 0xBB, 0xBB, 0xB8, 0xE8, 0xBB, 0xBB, 0xB8, 0xE3, 0xBE, 0xBB,
    0x8B, 0xBE, 0xBE, 0xBB, 0x88, 0xBE, 0xEB, 0xEE, 0xEE, 0x8E, 0xEB, 0x00, 0xE0, 0x88, 0xEB, 0x00,
    0x00, 0x00, 0x00, 0xEE, 0x00, 0x00, 0xEE, 0x88, 0x00, 0xE0, 0xBB, 0xBB, 0x00, 0xE0, 0xEE, 0xEE,
    0x00, 0x00, 0x00, 0x00, 0x00, 0x00, 0x00, 0x00, 0x00, 0x00, 0x00, 0x00, 0x00, 0x00, 0x00, 0x00,
    0xBE, 0x88, 0xBB, 0x0E, 0x88, 0xB8, 0xBB, 0x0E, 0xBB, 0xBB, 0xBB, 0x0E, 0xEE, 0xEE, 0xEE, 0x0E,
    0x00, 0x00, 0x00, 0x00, 0x00, 0x00, 0x00, 0x00, 0x00, 0x00, 0x00, 0x00, 0x00, 0x00, 0x00, 0x00,
    0x00, 0x00, 0x00, 0x00, 0x00, 0x00, 0x00, 0x00, 0x00, 0x00, 0x00, 0x00, 0x00, 0x00, 0x00, 0x90,
    0x00, 0x00, 0x00, 0x29, 0x00, 0x00, 0x00, 0x29, 0x00, 0x00, 0x30, 0x12, 0x00, 0x00, 0x30, 0x12,
    0x00, 0x00, 0x00, 0x00, 0x00, 0x99, 0x99, 0x00, 0x99, 0x33, 0x22, 0x09, 0x12, 0x32, 0x93, 0x92,
    0x21, 0x93, 0x21, 0x29, 0x31, 0x29, 0x19, 0x92, 0x92, 0x12, 0x91, 0x92, 0x92, 0x33, 0x21, 0x19,
    0x00, 0x00, 0x00, 0x80, 0x00, 0x00, 0x00, 0x00, 0x00, 0x00, 0x00, 0x00, 0x00, 0x00, 0x00, 0x00,
    0x00, 0x00, 0x00, 0x00, 0x00, 0x00, 0x00, 0x00, 0x00, 0x00, 0x00, 0x00, 0x00, 0x00, 0x00, 0x00,
    0x28, 0x22, 0x05, 0x00, 0x88, 0x22, 0x52, 0x00, 0x80, 0x28, 0x22, 0x55, 0x00, 0x80, 0x22, 0x22,
    0x00, 0x00, 0x38, 0x23, 0x00, 0x00, 0x80, 0x38, 0x00, 0x00, 0x00, 0x88, 0x00, 0x00, 0x00, 0x80,
    0x80, 0x33, 0xEE, 0x05, 0x00, 0x38, 0x6E, 0xEE, 0x00, 0x80, 0xE8, 0x88, 0x00, 0x00, 0x88, 0xBE,
    0x00, 0x00, 0x80, 0xE8, 0x00, 0x00, 0x00, 0x80, 0x00, 0x00, 0x00, 0xE0, 0x00, 0x00, 0x00, 0xE0,
    0x00, 0x00, 0x00, 0xE0, 0x0E, 0x90, 0x99, 0xBE, 0xE6, 0x9E, 0x93, 0x66, 0x68, 0x9B, 0x91, 0x88,
    0x8E, 0x98, 0x95, 0xEE, 0x6E, 0x9E, 0x99, 0x07, 0xB8, 0xAE, 0x11, 0xEA, 0xEE, 0xAA, 0xA1, 0xBE,
    0xEB, 0xB3, 0x66, 0x86, 0xEB, 0xB8, 0x68, 0x66, 0xBB, 0x8E, 0x6B, 0x66, 0xBB, 0x3E, 0x6B, 0x66,
    0xBB, 0x8E, 0x8B, 0x66, 0xBE, 0x8E, 0x8B, 0x66, 0xE0, 0xEE, 0xB8, 0x68, 0x00, 0xE0, 0xEE, 0xEE,
    0x8B, 0x66, 0x66, 0x86, 0xB8, 0x68, 0x66, 0x66, 0x86, 0x8B, 0x66, 0x66, 0x66, 0xB8, 0x68, 0x66,
    0x66, 0x86, 0x8B, 0x66, 0x66, 0x66, 0xB8, 0x68, 0xE6, 0xEE, 0xEE, 0xEE, 0x0E, 0x00, 0x00, 0x00,
    0x00, 0x00, 0xEE, 0x8B, 0x00, 0xE0, 0x8B, 0x88, 0x00, 0x8E, 0x88, 0xBB, 0x00, 0xBE, 0xBB, 0xEE,
    0x00, 0xEE, 0xEE, 0x00, 0x00, 0x00, 0x00, 0x00, 0x00, 0x00, 0x00, 0x00, 0x00, 0x00, 0x00, 0x00,
    0x88, 0xB8, 0xEB, 0x00, 0xB8, 0xBB, 0xEB, 0x00, 0xBB, 0xEE, 0x0E, 0x00, 0xEE, 0x00, 0x00, 0x00,
    0x00, 0x00, 0x00, 0x00, 0x00, 0x00, 0x00, 0x00, 0x00, 0x00, 0x00, 0x00, 0x00, 0x00, 0x00, 0x00,
    0x58, 0x00, 0x00, 0x00, 0x58, 0x05, 0x00, 0x00, 0x88, 0x52, 0x00, 0x00, 0x80, 0x25, 0x05, 0x00,
    0x80, 0x38, 0x05, 0x00, 0x00, 0x58, 0x53, 0x05, 0x00, 0x58, 0x23, 0x05, 0x00, 0x80, 0x33, 0x52,
    0x00, 0x00, 0x58, 0x23, 0x00, 0x00, 0x58, 0x33, 0x00, 0x00, 0x80, 0x38, 0x00, 0x00, 0x00, 0x88,
    0x00, 0x00, 0x00, 0x80, 0x00, 0x00, 0x00, 0x00, 0x00, 0x00, 0x00, 0x00, 0x00, 0x00, 0x00, 0x00,
    0x00, 0x00, 0x00, 0x00, 0x00, 0x00, 0x00, 0x00, 0x00, 0x00, 0x00, 0x00, 0x00, 0x00, 0x00, 0x00,
    0x00, 0x00, 0x00, 0x00, 0x00, 0x00, 0x00, 0x00, 0x00, 0x00, 0x00, 0x00, 0x05, 0x00, 0x00, 0x00,
    0x00, 0x00, 0x88, 0x23, 0x00, 0x00, 0x80, 0x38, 0x00, 0x00, 0x00, 0x88, 0x00, 0x00, 0x00, 0x00,
    0x00, 0x00, 0x00, 0x00, 0x00, 0x00, 0x00, 0x00, 0x00, 0x00, 0x00, 0x00, 0x00, 0x00, 0x00, 0x00,
    0x00, 0x00, 0x00, 0x00, 0x00, 0x00, 0x00, 0x00, 0x00, 0x00, 0x00, 0x00, 0x00, 0x00, 0x00, 0x00,
    0x09, 0x00, 0x00, 0x00, 0x09, 0x00, 0x00, 0x00, 0x92, 0x99, 0x09, 0x00, 0x92, 0x22, 0x92, 0x09,
    0x00, 0x00, 0x00, 0x00, 0x00, 0x00, 0x00, 0x00, 0x00, 0x00, 0x00, 0x00, 0x00, 0x00, 0x00, 0x00,
    0x05, 0x00, 0x00, 0x00, 0x52, 0x00, 0x00, 0x00, 0x21, 0x05, 0x00, 0x00, 0x22, 0x52, 0x00, 0x00,
    0x00, 0x00, 0x29, 0x99, 0x00, 0x00, 0x19, 0x17, 0x00, 0x00, 0x19, 0xA2, 0x00, 0x00, 0x30, 0xA2,
    0x00, 0x00, 0x90, 0x92, 0x00, 0x00, 0x90, 0x92, 0x00, 0x00, 0x00, 0x09, 0x00, 0x00, 0x00, 0x00,
    0x00, 0x00, 0x00, 0x00, 0x00, 0x00, 0x00, 0x00, 0x00, 0x00, 0x00, 0x00, 0x05, 0x00, 0x00, 0x00,
    0x52, 0x00, 0x00, 0x00, 0x22, 0x05, 0x00, 0x00, 0x23, 0x52, 0x00, 0x00, 0x38, 0x23, 0x55, 0x00,
    0xA0, 0x7A, 0xFA, 0x6E, 0xA0, 0xA7, 0xEA, 0x6E, 0xA0, 0xAA, 0xEA, 0xEE, 0xA0, 0x00, 0x00, 0xDF,
    0x00, 0x00, 0x00, 0xF0, 0x00, 0x00, 0x00, 0x00, 0x00, 0x00, 0x00, 0x00, 0x00, 0x00, 0x00, 0x00,
};
static const u16 sFrame72[] = {
    0x0012, 0x00D3, 0x81E9, 0x0000, 0x00BB, 0x41B1, 0x0010, 0x00CB, 0x41C1, 0x0014, 0x00EB, 0x4009,
    0x0018, 0x00F3, 0x41E9, 0x001C, 0x40CB, 0x01E1, 0x0020, 0x40DB, 0x01C9, 0x0022, 0x40E3, 0x01D9,
    0x0024, 0x40F3, 0x01F9, 0x0026, 0x40FB, 0x0009, 0x0028, 0x80B3, 0x01A9, 0x002A, 0x00C3, 0x01C1,
    0x002C, 0x00CB, 0x01B9, 0x002D, 0x00CB, 0x01F1, 0x002E, 0x00D3, 0x01D1, 0x002F, 0x00D3, 0x01E1,
    0x0030, 0x00DB, 0x01D9, 0x0031, 0x00EB, 0x01E1, 0x0032, 0x0000,
};
static const void* const sFrames72[] = { sFrame72 };
static const u8 sTiles73[1920] __attribute__((aligned(4))) = {
    0x00, 0x00, 0x39, 0x2A, 0x00, 0x00, 0x90, 0x1A, 0x00, 0x00, 0x90, 0x1A, 0x00, 0x00, 0xEE, 0xA1,
    0x00, 0xE0, 0x12, 0x32, 0x00, 0xEE, 0x33, 0xE2, 0xEE, 0x88, 0xEE, 0xB8, 0xBB, 0x88, 0xB8, 0xBB,
    0xEE, 0x29, 0x39, 0x31, 0x14, 0x92, 0x32, 0x5E, 0x22, 0x21, 0xA9, 0x37, 0x11, 0x22, 0xE7, 0xE1,
    0x2A, 0xA2, 0xEA, 0xE2, 0xAB, 0xEA, 0xE7, 0x32, 0xBB, 0xBB, 0x2E, 0xEE, 0xBE, 0xBB, 0x2E, 0xBE,
    0x53, 0xEE, 0x93, 0x00, 0x2E, 0x32, 0xEE, 0x09, 0x1E, 0x13, 0x32, 0x9E, 0x11, 0x52, 0x22, 0xE3,
    0x23, 0x22, 0x32, 0xE5, 0x3E, 0x33, 0xEE, 0xEE, 0xE5, 0xEE, 0x11, 0x53, 0x8E, 0x35, 0x22, 0x32,
    0x00, 0x00, 0x00, 0x00, 0x00, 0x00, 0x00, 0x00, 0x00, 0x00, 0x00, 0x00, 0x09, 0x00, 0x00, 0x00,
    0x09, 0x00, 0x00, 0x00, 0x93, 0x00, 0x00, 0x00, 0x93, 0x00, 0x00, 0x00, 0x2E, 0x09, 0x00, 0x00,
    0xBB, 0xBB, 0xBB, 0xBB, 0xBB, 0xBB, 0xBB, 0xEE, 0xBB, 0xEB, 0xEE, 0x00, 0xEE, 0x0E, 0x00, 0x00,
    0x0E, 0x00, 0x00, 0x00, 0xE0, 0x9E, 0x91, 0xEE, 0x8B, 0x98, 0x92, 0x68, 0x88, 0x88, 0x29, 0x89,
    0x8E, 0xB8, 0x7B, 0xEE, 0x8E, 0x88, 0xEB, 0xEB, 0xE0, 0x88, 0xBB, 0xBE, 0xE0, 0x88, 0xEB, 0x88,
    0xE0, 0xE8, 0x8E, 0x66, 0xEE, 0xBE, 0xB8, 0x8B, 0x6B, 0xB6, 0xB6, 0xBB, 0x86, 0x86, 0xBB, 0xBB,
    0x68, 0xE6, 0x3E, 0x52, 0x68, 0x86, 0xEB, 0xEE, 0x8B, 0x88, 0xEB, 0xEB, 0xBB, 0xBB, 0xBE, 0xE8,
    0x88, 0xEB, 0xBB, 0xE8, 0xB8, 0xBE, 0xBB, 0x88, 0xEB, 0xBB, 0x8B, 0x88, 0xBE, 0xBB, 0xBB, 0xBB,
    0x1E, 0x92, 0x00, 0x00, 0x39, 0x21, 0x09, 0x00, 0x93, 0x13, 0x92, 0x00, 0x23, 0x39, 0x21, 0x92,
    0x13, 0x92, 0x99, 0x99, 0x3E, 0x91, 0x00, 0x00, 0x3E, 0x12, 0x09, 0x00, 0x9E, 0x23, 0x21, 0x00,
    0xB8, 0xBB, 0x39, 0xE9, 0xBB, 0xEE, 0x99, 0x00, 0xEE, 0x00, 0x00, 0x00, 0x00, 0x00, 0x00, 0x00,
    0x00, 0x00, 0x00, 0x00, 0x00, 0x00, 0x00, 0x00, 0x00, 0x00, 0x00, 0x00, 0x00, 0x00, 0x00, 0x00,
    0xB8, 0x68, 0xBB, 0xEE, 0xE0, 0xEE, 0xBE, 0xBB, 0x00, 0xBE, 0xB8, 0xBB, 0x00, 0x80, 0x88, 0xBB,
    0x00, 0xE0, 0x88, 0xB8, 0x00, 0xE0, 0x88, 0xB8, 0x00, 0x00, 0x88, 0xB8, 0x00, 0x00, 0x88, 0xBB,
    0xBB, 0x88, 0xBB, 0xBB, 0x3E, 0x86, 0xB8, 0xBB, 0x8E, 0x66, 0x86, 0xBB, 0xBE, 0x66, 0x86, 0xBB,
    0xBE, 0x63, 0x86, 0xBB, 0xEB, 0x6B, 0x86, 0xBB, 0xEB, 0x8E, 0x88, 0xBB, 0xEB, 0x3E, 0x88, 0xBB,
    0x9E, 0x99, 0x13, 0x09, 0x3E, 0x02, 0x90, 0x99, 0x0E, 0x92, 0x00, 0x90, 0xEB, 0x90, 0x00, 0x00,
    0xEB, 0x00, 0x00, 0x00, 0xBB, 0x0E, 0x00, 0x00, 0xBB, 0x0E, 0x00, 0x00, 0xBB, 0xEB, 0x00, 0x00,
    0x00, 0x00, 0x00, 0x00, 0x00, 0x00, 0x00, 0x00, 0x00, 0x00, 0x00, 0xE0, 0x00, 0x00, 0x00, 0xBE,
    0x00, 0x00, 0xE0, 0xBB, 0x00, 0x00, 0xBE, 0xBB, 0x00, 0xE0, 0xBB, 0xEE, 0x00, 0xBE, 0x33, 0xBB,
    0x00, 0xEE, 0xBE, 0xBB, 0xE0, 0x88, 0xB8, 0x3B, 0x8E, 0xBB, 0xEB, 0xEE, 0xBB, 0x3B, 0xBE, 0xEB,
    0x3B, 0xEE, 0xBB, 0xEB, 0xEE, 0xBB, 0xBB, 0xBB, 0xBB, 0xBB, 0xBB, 0xEE, 0xBB, 0xBB, 0xEB, 0xBB,
    0xEB, 0xBE, 0x88, 0xBB, 0xBE, 0xBE, 0xB8, 0xBB, 0xBB, 0xEB, 0x3B, 0xBB, 0xBB, 0xEB, 0xBE, 0xB8,
    0xBB, 0xEB, 0xBE, 0xB8, 0xEE, 0xEE, 0xEE, 0x8B, 0xBB, 0xBB, 0xEB, 0x83, 0xBB, 0xBB, 0xBB, 0xBE,
    0xBB, 0xEB, 0x00, 0x00, 0xBB, 0xBB, 0x0E, 0x00, 0xBB, 0x8B, 0x08, 0x00, 0xBB, 0x88, 0xE8, 0x00,
    0xBB, 0x68, 0x86, 0x0E, 0x8B, 0x68, 0x66, 0x0E, 0xBB, 0x68, 0x66, 0xE8, 0xB8, 0x8B, 0x66, 0xE8,
    0x00, 0x00, 0x00, 0x00, 0x00, 0x00, 0x00, 0x00, 0x00, 0x00, 0x00, 0x00, 0x00, 0x00, 0x00, 0x00,
    0x00, 0x00, 0x00, 0x00, 0x00, 0x00, 0x00, 0x00, 0x00, 0x00, 0x00, 0x00, 0x00, 0x88, 0x88, 0x88,
    0x00, 0x00, 0x00, 0x00, 0x00, 0x00, 0x00, 0x00, 0x00, 0x00, 0x00, 0x00, 0x00, 0x00, 0x00, 0x00,
    0x00, 0x00, 0x00, 0x00, 0x00, 0x00, 0x00, 0x00, 0x00, 0x00, 0x00, 0x88, 0x88, 0x88, 0x88, 0x88,
    0x00, 0x00, 0x00, 0x00, 0x00, 0x00, 0x00, 0x00, 0x00, 0x00, 0x00, 0x00, 0x00, 0x00, 0x00, 0x00,
    0x00, 0x00, 0x00, 0x00, 0x00, 0x00, 0x00, 0x00, 0x88, 0x88, 0x88, 0x88, 0x88, 0x22, 0x22, 0x32,
    0x00, 0x00, 0x00, 0x00, 0x00, 0x00, 0x00, 0x00, 0x00, 0x00, 0x00, 0x00, 0x00, 0x00, 0x00, 0x00,
    0x00, 0x00, 0x00, 0x00, 0x80, 0x88, 0x88, 0x88, 0x88, 0x88, 0x33, 0x33, 0x33, 0x33, 0x22, 0x22,
    0x88, 0x88, 0x88, 0x88, 0x23, 0x22, 0x22, 0x22, 0x22, 0x55, 0x55, 0x55, 0x55, 0x55, 0x05, 0x00,
    0x00, 0x00, 0x00, 0x00, 0x00, 0x00, 0x00, 0x00, 0x00, 0x00, 0x00, 0x00, 0x00, 0x00, 0x00, 0x00,
    0x22, 0x22, 0x22, 0x22, 0x11, 0x11, 0x11, 0x51, 0x55, 0x55, 0x55, 0x55, 0x00, 0x00, 0x00, 0x00,
    0x00, 0x00, 0x00, 0x00, 0x00, 0x00, 0x00, 0x00, 0x00, 0x00, 0x00, 0x00, 0x00, 0x00, 0x00, 0x00,
    0x22, 0x22, 0x22, 0x22, 0x55, 0x55, 0x55, 0x55, 0x05, 0x00, 0x00, 0x00, 0x00, 0x00, 0x00, 0x00,
    0x00, 0x00, 0x00, 0x00, 0x00, 0x00, 0x00, 0x00, 0x00, 0x00, 0x00, 0x00, 0x00, 0x00, 0x00, 0x00,
    0x52, 0x55, 0x55, 0x55, 0x55, 0x55, 0x00, 0x00, 0x00, 0x00, 0x00, 0x00, 0x00, 0x00, 0x00, 0x00,
    0x00, 0x00, 0x00, 0x00, 0x00, 0x00, 0x00, 0x00, 0x00, 0x00, 0x00, 0x00, 0x00, 0x00, 0x00, 0x00,
    0x00, 0xBE, 0xBE, 0xBB, 0x00, 0xEB, 0xBB, 0xBB, 0x00, 0xEE, 0xBB, 0xBB, 0x00, 0xEE, 0xBB, 0xBB,
    0x00, 0xEE, 0xBB, 0xBB, 0x00, 0xEE, 0xBB, 0xBB, 0x00, 0xBE, 0x8E, 0xBB, 0x00, 0xBE, 0x8E, 0xBB,
    0xBB, 0xBB, 0xBE, 0xBB, 0xBB, 0xEB, 0xBB, 0xBB, 0xBB, 0xEE, 0xBB, 0xBB, 0xEB, 0xBE, 0xBB, 0xBB,
    0xBE, 0xBE, 0xBB, 0xBB, 0xBB, 0xBE, 0xBB, 0xBB, 0xBB, 0xBE, 0xBB, 0xBB, 0xBB, 0xEB, 0xBB, 0xBB,
    0xBB, 0xBB, 0xBB, 0xBE, 0xBB, 0xBB, 0xBB, 0xEB, 0xBB, 0xBB, 0xBB, 0xEB, 0xBB, 0xBB, 0xBB, 0xBB,
    0xBB, 0xBB, 0xBB, 0xBB, 0xBB, 0xBB, 0xBB, 0xBB, 0xBB, 0xBB, 0xBB, 0xBB, 0xBB, 0xBB, 0xBB, 0xBB,
    0xB8, 0xBB, 0x68, 0x86, 0x8B, 0xBB, 0x8B, 0x68, 0x83, 0xBB, 0xBB, 0x8B, 0xBE, 0xB8, 0xBB, 0xBB,
    0xBE, 0xB8, 0xBB, 0xBB, 0xEB, 0x8B, 0xBB, 0x8B, 0xEB, 0x83, 0xBB, 0x8B, 0xBB, 0xBE, 0xB8, 0x8B,
    0x00, 0xBE, 0xEB, 0xB8, 0x00, 0xBE, 0xEB, 0x86, 0xE0, 0xBE, 0xBB, 0x8E, 0xE0, 0xEB, 0xBB, 0x6E,
    0xE0, 0xE8, 0xBB, 0x6E, 0xE0, 0xE3, 0xBB, 0x6E, 0xE0, 0xE8, 0xBB, 0xEB, 0xE0, 0xEB, 0xEE, 0xEE,
    0xBB, 0xEB, 0xBB, 0xBB, 0xB8, 0xEB, 0xBB, 0xBB, 0xB8, 0xEB, 0xBB, 0xBB, 0xB8, 0xEB, 0xBB, 0xBB,
    0xB8, 0xEB, 0xBB, 0xBB, 0xB8, 0xEB, 0xBB, 0xBB, 0xB8, 0xEB, 0xEE, 0xBE, 0xBB, 0xBB, 0x0E, 0xE0,
    0xBB, 0xBB, 0xBB, 0xBB, 0xBB, 0xBB, 0xBB, 0xBB, 0xBB, 0xBB, 0xBB, 0xBB, 0xBB, 0xBB, 0xBB, 0xBB,
    0xBB, 0xBB, 0xBB, 0xBB, 0xBB, 0xBB, 0xBB, 0xBB, 0xBB, 0xBB, 0xBB, 0xBB, 0xEE, 0xEE, 0xBE, 0xBB,
    0xBB, 0xBE, 0xB8, 0xBB, 0xBB, 0xEB, 0x8B, 0xBB, 0xBB, 0xEB, 0x83, 0xBB, 0xBB, 0xBB, 0xBE, 0xB8,
    0xBB, 0xBB, 0xBE, 0xB8, 0xBB, 0xBB, 0xEB, 0x8B, 0xBB, 0xEB, 0xEE, 0x83, 0xEE, 0x0E, 0xE0, 0x8B,
    0x00, 0x00, 0x00, 0x00, 0x00, 0x00, 0x00, 0x00, 0x00, 0x00, 0x00, 0x00, 0x00, 0x00, 0xA0, 0x0A,
    0x00, 0x00, 0xA8, 0xE7, 0x88, 0x88, 0x1A, 0xE7, 0x33, 0x33, 0x1A, 0x7E, 0x22, 0x22, 0x1A, 0x77,
    0x00, 0x00, 0x00, 0x00, 0x00, 0x00, 0x00, 0xE0, 0x00, 0x90, 0xE9, 0x8E, 0xEE, 0x9E, 0x93, 0x88,
    0xBB, 0xBB, 0x39, 0x89, 0xEB, 0xE2, 0xE2, 0xE2, 0xBE, 0xBE, 0xEE, 0xEE, 0xEE, 0xEE, 0x00, 0x00,
    0x55, 0x55, 0xAA, 0x71, 0x00, 0x00, 0x00, 0xAA, 0x00, 0x00, 0x00, 0x00, 0x00, 0x00, 0x00, 0x00,
    0x00, 0x00, 0x00, 0x00, 0x00, 0x00, 0x00, 0x00, 0x00, 0x00, 0x00, 0x00, 0x00, 0x00, 0x00, 0x00,
    0x0E, 0x00, 0x00, 0x00, 0x00, 0x00, 0x00, 0x00, 0x00, 0x00, 0x00, 0x00, 0x00, 0x00, 0x00, 0x00,
    0x00, 0x00, 0x00, 0x00, 0x00, 0x00, 0x00, 0x00, 0x00, 0x00, 0x00, 0x00, 0x00, 0x00, 0x00, 0x00,
    0x00, 0x00, 0x00, 0x00, 0x00, 0x00, 0x00, 0x00, 0x00, 0x00, 0x00, 0x00, 0x00, 0x00, 0x00, 0x00,
    0x00, 0x00, 0x00, 0x00, 0x00, 0x00, 0x80, 0x88, 0x00, 0x80, 0x88, 0x35, 0x00, 0x88, 0x35, 0x33,
    0x00, 0x00, 0x00, 0x00, 0x00, 0x00, 0x00, 0x00, 0x00, 0x00, 0x00, 0x00, 0x00, 0x80, 0x88, 0x88,
    0x88, 0x88, 0x33, 0x23, 0x33, 0x33, 0x22, 0x22, 0x33, 0x55, 0x55, 0x55, 0x52, 0x00, 0x00, 0x00,
    0x80, 0x25, 0x52, 0x55, 0x88, 0x55, 0x55, 0x00, 0x00, 0x00, 0x00, 0x00, 0x00, 0x00, 0x00, 0x00,
    0x00, 0x00, 0x00, 0x00, 0x00, 0x00, 0x00, 0x00, 0x00, 0x00, 0x00, 0x00, 0x00, 0x00, 0x00, 0x00,
    0x05, 0x00, 0x00, 0x00, 0x00, 0x00, 0x00, 0x00, 0x00, 0x00, 0x00, 0x00, 0x00, 0x00, 0x00, 0x00,
    0x00, 0x00, 0x00, 0x00, 0x00, 0x00, 0x00, 0x00, 0x00, 0x00, 0x00, 0x00, 0x00, 0x00, 0x00, 0x00,
    0x88, 0x66, 0x66, 0xF6, 0x88, 0x68, 0x66, 0x86, 0x8B, 0x88, 0x66, 0x66, 0xBB, 0x88, 0x88, 0x66,
    0xBB, 0x8B, 0x88, 0x88, 0xBB, 0xBB, 0x88, 0x88, 0xBB, 0xBB, 0x8B, 0x88, 0xBB, 0xBB, 0xBB, 0x88,
    0x00, 0x00, 0x00, 0x00, 0x0F, 0x00, 0x00, 0x00, 0xF6, 0x00, 0x00, 0x00, 0x66, 0x0F, 0x00, 0x00,
    0x66, 0xF6, 0x0F, 0x00, 0x88, 0xB8, 0x0F, 0x00, 0x88, 0x88, 0x0F, 0x00, 0xB8, 0xEE, 0x00, 0x00,
    0xB8, 0xBB, 0xBB, 0x8B, 0xB8, 0xBB, 0xBB, 0xEE, 0x8B, 0xEE, 0xEE, 0xBE, 0xEE, 0x00, 0x00, 0xBE,
    0x00, 0x00, 0x00, 0xBE, 0x00, 0x00, 0x00, 0xE0, 0x00, 0x00, 0x00, 0xE0, 0x00, 0x00, 0x00, 0xE0,
    0xEE, 0xE6, 0x00, 0x00, 0x8B, 0x66, 0x0E, 0x00, 0x8B, 0x66, 0x0E, 0x00, 0x8B, 0x68, 0xE6, 0x00,
    0xBB, 0x68, 0x66, 0x0E, 0xBB, 0x88, 0x66, 0x0E, 0xBB, 0x8B, 0x66, 0x0E, 0xEE, 0xEE, 0xEE, 0x00,
    0xE0, 0xEB, 0x00, 0xE0, 0x00, 0xEE, 0x00, 0xE0, 0x00, 0x00, 0xE0, 0x6E, 0x00, 0x00, 0x6E, 0x86,
    0x00, 0xE0, 0x88, 0x88, 0x00, 0xE0, 0xBB, 0xBB, 0x00, 0xE0, 0xEE, 0xEE, 0x00, 0x00, 0x00, 0x00,
    0x88, 0xBB, 0x0E, 0x00, 0x86, 0xBB, 0xEB, 0x00, 0x86, 0xBB, 0xEB, 0x00, 0x88, 0xBB, 0xEB, 0x00,
    0xBB, 0xBB, 0xEE, 0x00, 0xEE, 0xEE, 0x00, 0x00, 0x00, 0x00, 0x00, 0x00, 0x00, 0x00, 0x00, 0x00,
    0x00, 0x00, 0xE0, 0xEE, 0x00, 0x00, 0x00, 0x00, 0x00, 0x00, 0x00, 0x00, 0x00, 0x00, 0x00, 0x00,
    0x00, 0x00, 0x00, 0x00, 0x00, 0x00, 0x00, 0x00, 0x00, 0x00, 0x00, 0x00, 0x00, 0x00, 0x00, 0x00,
    0x00, 0x00, 0x00, 0xBE, 0x00, 0x00, 0x00, 0xBE, 0x00, 0x00, 0x00, 0x30, 0x00, 0x00, 0x00, 0xE0,
    0x00, 0x00, 0x00, 0x00, 0x00, 0x00, 0x00, 0x00, 0x00, 0x00, 0x00, 0x00, 0x00, 0x00, 0x00, 0x00,
    0x00, 0x00, 0x00, 0x00, 0x00, 0x00, 0x00, 0x90, 0x00, 0x00, 0x00, 0x29, 0x00, 0x00, 0x90, 0x21,
    0x00, 0x00, 0x90, 0x21, 0x00, 0x00, 0x29, 0x29, 0x00, 0x00, 0x19, 0x97, 0x00, 0x00, 0x29, 0x29,
    0x90, 0x99, 0x99, 0x00, 0x33, 0x33, 0x21, 0x99, 0x13, 0x32, 0x13, 0x21, 0x91, 0x21, 0x32, 0x11,
    0x29, 0x19, 0x39, 0x12, 0x19, 0x29, 0x92, 0x23, 0x29, 0x92, 0x33, 0x39, 0x91, 0x91, 0x19, 0x33,
    0x00, 0x00, 0x00, 0x00, 0x00, 0x00, 0x00, 0x00, 0x00, 0x00, 0x00, 0x88, 0x88, 0x88, 0x88, 0x22,
    0x22, 0x22, 0x11, 0x22, 0x12, 0x11, 0x51, 0x55, 0x55, 0x55, 0x55, 0x00, 0x00, 0x00, 0x00, 0x00,
    0x00, 0x00, 0x00, 0x80, 0x00, 0x80, 0x88, 0x88, 0x88, 0x88, 0x55, 0x25, 0x33, 0x33, 0x33, 0x55,
    0x22, 0x52, 0x55, 0x55, 0x55, 0x05, 0x00, 0x00, 0x00, 0x00, 0x00, 0x00, 0x00, 0x00, 0x00, 0x00,
    0x00, 0x00, 0x00, 0x00, 0x00, 0x00, 0x00, 0x00, 0x00, 0x00, 0x00, 0x00, 0x00, 0x00, 0x00, 0x00,
    0x00, 0x00, 0x00, 0x00, 0x00, 0x00, 0x00, 0x00, 0x00, 0x00, 0x00, 0x00, 0x00, 0x00, 0x00, 0xEE,
    0x00, 0xE0, 0xEE, 0xBB, 0xEE, 0xBE, 0xBB, 0xBB, 0x88, 0x88, 0xB8, 0xBB, 0x88, 0x88, 0xB8, 0xBB,
    0x88, 0x88, 0xEB, 0xEE, 0x02, 0xEE, 0x0E, 0x00, 0x0E, 0x00, 0x00, 0xE0, 0x00, 0x00, 0xE0, 0xBE,
    0x00, 0x00, 0x00, 0x00, 0x00, 0x00, 0x00, 0x00, 0x00, 0x00, 0x00, 0x00, 0x00, 0x00, 0x00, 0x00,
    0x99, 0x09, 0x00, 0x00, 0x00, 0x00, 0x00, 0x00, 0x00, 0x00, 0x00, 0x00, 0x00, 0x00, 0x00, 0x00,
    0x00, 0x00, 0x00, 0x00, 0x00, 0x00, 0x00, 0x00, 0x09, 0x00, 0x00, 0x00, 0x00, 0x00, 0x00, 0x00,
    0x00, 0x00, 0x00, 0x00, 0x00, 0x00, 0x00, 0x00, 0x00, 0x00, 0x00, 0x00, 0x00, 0x00, 0x00, 0x00,
    0x00, 0x00, 0x00, 0x00, 0x00, 0x00, 0x00, 0x00, 0x09, 0x00, 0x00, 0x00, 0x09, 0x00, 0x00, 0x00,
    0x92, 0x00, 0x00, 0x00, 0x32, 0x09, 0x00, 0x00, 0x33, 0x99, 0x00, 0x00, 0x93, 0x32, 0x09, 0x00,
    0x88, 0x88, 0x88, 0x88, 0x88, 0x33, 0x33, 0x33, 0x22, 0x22, 0x22, 0x22, 0x55, 0x55, 0x55, 0x55,
    0x55, 0x00, 0x00, 0x00, 0x00, 0x00, 0x00, 0x00, 0x00, 0x00, 0x00, 0x00, 0x00, 0x00, 0x00, 0x00,
    0x00, 0x00, 0xE0, 0x8B, 0x00, 0x00, 0xE0, 0xB8, 0x00, 0x00, 0x00, 0xEE, 0x00, 0x00, 0x00, 0x00,
    0x00, 0x00, 0x00, 0x00, 0x00, 0x00, 0x00, 0x00, 0x00, 0x00, 0x00, 0x00, 0x00, 0x00, 0x00, 0x00,
    0x0E, 0x00, 0x00, 0x00, 0xEE, 0x00, 0x00, 0x00, 0xBE, 0x0E, 0x00, 0x00, 0x88, 0x0F, 0x00, 0x00,
    0x88, 0xF6, 0x00, 0x00, 0x88, 0x66, 0x0F, 0x00, 0x88, 0x66, 0xF6, 0x00, 0x88, 0x66, 0x66, 0x0F,
};
static const u16 sFrame73[] = {
    0x000F, 0x00C8, 0x81E9, 0x0000, 0x40D0, 0x81B1, 0x0010, 0x40E8, 0x81E9, 0x0018, 0x00D0, 0x41D1,
    0x0020, 0x00D8, 0x4189, 0x0024, 0x00F0, 0x4009, 0x0028, 0x40F8, 0x41E9, 0x002C, 0x40C0, 0x01E9,
    0x0030, 0x40D8, 0x0199, 0x0032, 0x80C8, 0x01E1, 0x0034, 0x80D0, 0x0009, 0x0036, 0x00C0, 0x01F9,
    0x0038, 0x00D8, 0x01A9, 0x0039, 0x00D8, 0x01E1, 0x003A, 0x00E8, 0x0009, 0x003B, 0x0000,
};
static const void* const sFrames73[] = { sFrame73 };
static const u8 sTiles74[1664] __attribute__((aligned(4))) = {
    0x00, 0x00, 0x00, 0x00, 0x00, 0x00, 0x00, 0x00, 0x00, 0x00, 0x00, 0x00, 0x05, 0x00, 0x00, 0x00,
    0x55, 0x00, 0x00, 0x00, 0x52, 0x05, 0x00, 0x00, 0x23, 0x55, 0x00, 0x00, 0x23, 0x52, 0x05, 0x00,
    0x00, 0x00, 0x00, 0x00, 0x00, 0x00, 0x00, 0x00, 0x00, 0x00, 0x00, 0x90, 0x00, 0x00, 0x00, 0x29,
    0x00, 0x00, 0x90, 0x22, 0x00, 0x00, 0x30, 0x11, 0x00, 0x00, 0x19, 0x99, 0x00, 0x00, 0x19, 0x17,
    0x00, 0x00, 0x00, 0x00, 0x90, 0x99, 0x99, 0x00, 0x33, 0x33, 0x21, 0x09, 0x13, 0x21, 0x19, 0x21,
    0x91, 0x21, 0x92, 0x21, 0x29, 0x19, 0x92, 0x23, 0x29, 0x92, 0x99, 0x29, 0x39, 0x33, 0x33, 0x39,
    0x00, 0x00, 0x00, 0x00, 0x00, 0x00, 0x00, 0x00, 0x00, 0x00, 0x00, 0x00, 0x00, 0x00, 0x00, 0x00,
    0x09, 0x00, 0x00, 0x00, 0x09, 0x00, 0x00, 0x00, 0x92, 0x00, 0x00, 0x00, 0x92, 0x00, 0x00, 0x00,
    0x28, 0x22, 0x55, 0x00, 0x80, 0x22, 0x52, 0x05, 0x00, 0x28, 0x22, 0x55, 0x00, 0x80, 0x22, 0x52,
    0x00, 0x00, 0x28, 0x12, 0x00, 0x00, 0x80, 0x22, 0x00, 0x00, 0x00, 0x28, 0x00, 0x00, 0x00, 0x80,
    0x00, 0x00, 0x29, 0x27, 0x00, 0x00, 0x29, 0x2A, 0x00, 0x00, 0x29, 0x1A, 0x05, 0x00, 0x9E, 0x1A,
    0x55, 0x00, 0x9E, 0x2A, 0x51, 0xE5, 0x9E, 0xAA, 0xE2, 0x3E, 0xE5, 0xE9, 0x3E, 0x12, 0x13, 0x3E,
    0x11, 0x91, 0x19, 0x33, 0xE1, 0x2E, 0x29, 0x13, 0x62, 0x21, 0x72, 0x23, 0x11, 0x11, 0xA2, 0x39,
    0x11, 0x21, 0xA7, 0x39, 0x12, 0x22, 0x9A, 0x39, 0x77, 0xAA, 0xA7, 0xE5, 0x5E, 0xBE, 0x22, 0xEE,
    0x92, 0x00, 0x00, 0x00, 0x93, 0x00, 0x00, 0x00, 0x93, 0x00, 0x00, 0x00, 0x12, 0x09, 0x00, 0x00,
    0x12, 0x09, 0x00, 0x00, 0xE5, 0xEE, 0x05, 0x00, 0x22, 0x33, 0x0E, 0x00, 0x3E, 0x12, 0x52, 0x00,
    0x00, 0x00, 0x00, 0xE0, 0x00, 0x00, 0x00, 0xE0, 0x00, 0x00, 0x00, 0x00, 0x00, 0x00, 0x00, 0x50,
    0x00, 0x00, 0x00, 0x3E, 0x00, 0x00, 0x00, 0x5E, 0x00, 0x00, 0x00, 0xE0, 0x00, 0x00, 0x00, 0x00,
    0x23, 0x52, 0x12, 0xE1, 0x35, 0x22, 0x22, 0xE3, 0xEE, 0x3E, 0x33, 0x3E, 0x13, 0xE1, 0xEE, 0xE5,
    0x22, 0x32, 0xE5, 0x88, 0x32, 0xEE, 0xBE, 0x88, 0xEE, 0xB8, 0xBB, 0x68, 0x8E, 0x86, 0xEB, 0x68,
    0xE1, 0x2E, 0x2B, 0xEE, 0xE2, 0x2E, 0xBB, 0x5E, 0xE2, 0xE8, 0xB2, 0xE1, 0x8E, 0xE8, 0x1A, 0xE2,
    0xBB, 0x88, 0x2E, 0x21, 0xB8, 0x8B, 0xAE, 0xE7, 0xB8, 0xBB, 0xEB, 0xBE, 0x88, 0xBB, 0xBE, 0xBB,
    0x35, 0x11, 0xE3, 0x00, 0x3E, 0xE3, 0xEE, 0x00, 0xE2, 0x35, 0x21, 0x05, 0xEE, 0x5E, 0x32, 0x0E,
    0xEE, 0xEE, 0xEE, 0x00, 0xEB, 0xBE, 0x0E, 0x00, 0xEB, 0x8E, 0x0E, 0x00, 0xEB, 0x8E, 0x0E, 0x00,
    0x00, 0x00, 0x00, 0x00, 0x00, 0x00, 0x00, 0xE0, 0x00, 0x00, 0x00, 0xEE, 0x00, 0x00, 0xE0, 0x8B,
    0x00, 0x00, 0xEE, 0x8E, 0x00, 0xBE, 0x66, 0x88, 0x90, 0x6B, 0x86, 0x88, 0x39, 0x69, 0x86, 0xE8,
    0x68, 0x86, 0xFB, 0x68, 0x68, 0x86, 0xFB, 0x8B, 0x8B, 0xB8, 0x0E, 0x8E, 0xB8, 0xEB, 0x00, 0x8E,
    0xB8, 0xEB, 0x00, 0x8E, 0xBB, 0x0E, 0x00, 0x8E, 0xEB, 0x00, 0x00, 0xBE, 0x0E, 0x00, 0x00, 0xBE,
    0x86, 0xBB, 0x8B, 0xB8, 0x86, 0xBB, 0xBB, 0x33, 0x66, 0xB8, 0x88, 0x88, 0x66, 0xB8, 0x68, 0x86,
    0x68, 0xB8, 0x8B, 0x86, 0x88, 0xB8, 0x8B, 0x33, 0x88, 0x88, 0x8B, 0x86, 0x88, 0x88, 0x8B, 0x86,
    0xBB, 0x8E, 0x0E, 0x00, 0xBB, 0x8E, 0x0E, 0x00, 0xBB, 0xBE, 0x0E, 0x00, 0xBB, 0xBE, 0xEB, 0x00,
    0xBB, 0xEB, 0xE8, 0x00, 0xBB, 0xEB, 0x88, 0x0E, 0xB8, 0xEB, 0x88, 0x0E, 0x88, 0xEB, 0x8B, 0xBB,
    0x00, 0x00, 0x00, 0xBE, 0x00, 0x00, 0x00, 0x8E, 0x00, 0x00, 0xE0, 0x8B, 0x00, 0x00, 0xE0, 0x8B,
    0x00, 0x00, 0xE0, 0x8B, 0x00, 0x00, 0xBE, 0x6B, 0x00, 0x00, 0xBE, 0x6B, 0x00, 0x00, 0xBE, 0x68,
    0x88, 0xB8, 0x8B, 0x86, 0x88, 0xB8, 0x8B, 0x36, 0x68, 0xB8, 0x8B, 0x66, 0x66, 0xB8, 0x8B, 0x66,
    0x86, 0xB8, 0x68, 0x66, 0x86, 0xB8, 0x66, 0x86, 0x86, 0xBB, 0x66, 0x86, 0x88, 0xBB, 0x66, 0x86,
    0x88, 0xBB, 0x8E, 0x9B, 0x63, 0xB8, 0x9E, 0x39, 0x68, 0xB6, 0x9E, 0x91, 0x68, 0xB6, 0xEE, 0xBB,
    0x88, 0x66, 0xEE, 0x8B, 0xB8, 0x8B, 0xE8, 0xEB, 0x8B, 0x8E, 0xE8, 0xEE, 0x3B, 0xBE, 0xEE, 0x8E,
    0x0E, 0x00, 0x00, 0x00, 0x92, 0x00, 0x00, 0x00, 0x99, 0x0E, 0x00, 0x00, 0x68, 0xEE, 0x00, 0x00,
    0x8B, 0xE6, 0x00, 0x00, 0xFE, 0xEF, 0x00, 0x00, 0xDD, 0xFF, 0x0F, 0x00, 0xFF, 0xDD, 0xF2, 0x00,
    0x00, 0xE0, 0xBB, 0x68, 0x00, 0xE0, 0x8B, 0x86, 0x00, 0xE0, 0x8B, 0x86, 0x00, 0xE0, 0x6B, 0x86,
    0x00, 0xBE, 0x8B, 0xB8, 0x00, 0xBE, 0x88, 0xB8, 0x00, 0xBE, 0x88, 0xBB, 0xE0, 0xBB, 0xB8, 0xBB,
    0xB8, 0x8B, 0x66, 0x88, 0xB8, 0x8B, 0x66, 0xB8, 0xBB, 0x68, 0x86, 0xB8, 0xBB, 0x68, 0x86, 0x8B,
    0xBB, 0x68, 0x86, 0x8B, 0xBB, 0x68, 0x86, 0xEB, 0x8B, 0x66, 0xB8, 0xE8, 0x8B, 0x66, 0xB8, 0xF3,
    0x8B, 0xBE, 0xE6, 0xEE, 0xE8, 0xEB, 0xE6, 0x00, 0xE3, 0xEB, 0xE6, 0x00, 0xBE, 0xEB, 0xE8, 0x00,
    0xBE, 0xEB, 0x63, 0x0E, 0xBB, 0xEB, 0x6B, 0x0E, 0xBB, 0xEB, 0x6B, 0x0E, 0xBB, 0xBB, 0x6E, 0x0E,
    0xFE, 0xDF, 0xDD, 0x0F, 0x00, 0xF0, 0xDF, 0xF2, 0x00, 0x00, 0xF0, 0xFD, 0x00, 0x00, 0x00, 0xF0,
    0x00, 0x00, 0x00, 0x00, 0x00, 0x00, 0x00, 0x00, 0x00, 0x00, 0x00, 0x00, 0x00, 0x00, 0x00, 0x00,
    0xE0, 0xBB, 0xBB, 0xBB, 0xBE, 0xB8, 0xBB, 0xBB, 0xBE, 0xB8, 0xBB, 0xB8, 0xBE, 0xBB, 0x8B, 0xB8,
    0xBB, 0xBB, 0x88, 0xBB, 0xBB, 0xBB, 0x88, 0xBB, 0x8B, 0x8B, 0x86, 0xBB, 0x8B, 0x8B, 0x86, 0xBB,
    0x8B, 0x66, 0x8B, 0xFE, 0x8B, 0x66, 0x8B, 0xFE, 0x68, 0x66, 0x3B, 0xFE, 0x68, 0x66, 0xE8, 0xFB,
    0x68, 0x66, 0xE8, 0xBB, 0x68, 0x66, 0xE8, 0xBB, 0x68, 0x66, 0xE3, 0xBB, 0x68, 0x86, 0xBE, 0xBB,
    0xBB, 0xBB, 0x8E, 0x0E, 0xBB, 0xBB, 0x8E, 0xE6, 0xBB, 0xBB, 0x3E, 0xE6, 0xBB, 0xBB, 0xBE, 0xE6,
    0xBF, 0xBB, 0xBE, 0xE8, 0xBF, 0xBB, 0xEB, 0x68, 0xBF, 0xBB, 0xEB, 0x68, 0xBF, 0xBB, 0xEB, 0x63,
    0x00, 0x00, 0x00, 0x00, 0x00, 0x00, 0x00, 0x00, 0x00, 0x00, 0x00, 0x00, 0x00, 0x00, 0x00, 0x00,
    0x00, 0x00, 0x00, 0x00, 0x0E, 0x00, 0x00, 0x00, 0x0E, 0x00, 0x00, 0x00, 0x0E, 0x00, 0x00, 0x00,
    0x88, 0x8B, 0x86, 0x8B, 0x88, 0x68, 0x86, 0x8B, 0x88, 0x68, 0xB8, 0x8B, 0x88, 0x66, 0xB8, 0x8B,
    0x88, 0x66, 0xB8, 0x8B, 0xEE, 0xEE, 0xB8, 0x8B, 0x8F, 0xB8, 0xEE, 0xEE, 0x86, 0xB8, 0xFB, 0x00,
    0x66, 0x86, 0xBE, 0xFB, 0x66, 0x86, 0xFE, 0x0F, 0x66, 0x86, 0x0E, 0x00, 0x66, 0xB8, 0x0E, 0x00,
    0x66, 0xB8, 0x0E, 0x00, 0x66, 0xE8, 0x0E, 0x00, 0xEE, 0x0E, 0x00, 0x00, 0x00, 0x00, 0x00, 0x00,
    0xBF, 0xBB, 0xEB, 0x6B, 0xBF, 0xBB, 0xEB, 0x6B, 0x8F, 0xBB, 0xEB, 0x8B, 0x8F, 0xB8, 0xBB, 0x8E,
    0xFF, 0xB8, 0xBB, 0xBE, 0xF0, 0xB8, 0xBB, 0xBE, 0xF0, 0xB8, 0xBB, 0xEE, 0xF0, 0x88, 0xBB, 0xFB,
    0x0E, 0x00, 0x00, 0x00, 0x0E, 0x00, 0x00, 0x00, 0x0E, 0x00, 0x00, 0x00, 0xE6, 0x00, 0x00, 0x00,
    0xE8, 0x00, 0x00, 0x00, 0xEE, 0x00, 0x00, 0x00, 0x00, 0x00, 0x00, 0x00, 0x00, 0x00, 0x00, 0x00,
    0x00, 0x00, 0x00, 0xF0, 0x00, 0x00, 0x00, 0xF0, 0x00, 0x00, 0x00, 0xF0, 0x00, 0x00, 0x00, 0xF0,
    0x00, 0x00, 0x00, 0x6F, 0x00, 0x00, 0x00, 0x6F, 0x00, 0x00, 0xF0, 0x6F, 0x00, 0x00, 0x6F, 0x86,
    0x86, 0xB8, 0xFB, 0x00, 0x86, 0xB8, 0x0F, 0x00, 0x88, 0xBB, 0x0F, 0x00, 0x88, 0xFB, 0x00, 0x00,
    0x88, 0xFB, 0x00, 0x00, 0x88, 0xFB, 0x00, 0x00, 0xB8, 0x0F, 0x00, 0x00, 0xB8, 0x0F, 0x00, 0x00,
    0x00, 0x00, 0x6F, 0x88, 0x00, 0x00, 0xFF, 0xFF, 0x00, 0x00, 0x00, 0x00, 0x00, 0x00, 0x00, 0x00,
    0x00, 0x00, 0x00, 0x00, 0x00, 0x00, 0x00, 0x00, 0x00, 0x00, 0x00, 0x00, 0x00, 0x00, 0x00, 0x00,
    0xB8, 0x0F, 0x00, 0x00, 0xFF, 0x00, 0x00, 0x00, 0x00, 0x00, 0x00, 0x00, 0x00, 0x00, 0x00, 0x00,
    0x00, 0x00, 0x00, 0x00, 0x00, 0x00, 0x00, 0x00, 0x00, 0x00, 0x00, 0x00, 0x00, 0x00, 0x00, 0x00,
    0xF0, 0x88, 0xBB, 0xFB, 0xF0, 0x88, 0xBB, 0xFB, 0xF0, 0x88, 0xB8, 0xFB, 0x00, 0x8F, 0xB8, 0xBB,
    0x00, 0x8F, 0x88, 0xBB, 0x00, 0x8F, 0x88, 0xBB, 0x00, 0xF0, 0x88, 0xBB, 0x00, 0xF0, 0x88, 0xB8,
    0x00, 0x00, 0x00, 0x00, 0x00, 0x00, 0x00, 0x00, 0x00, 0x00, 0x00, 0x00, 0x0F, 0x00, 0x00, 0x00,
    0x0F, 0x00, 0x00, 0x00, 0xFB, 0x00, 0x00, 0x00, 0xFB, 0x0F, 0x00, 0x00, 0xBB, 0xFB, 0x00, 0x00,
    0x00, 0x00, 0xFF, 0x88, 0x00, 0x00, 0x00, 0xFF, 0x00, 0x00, 0x00, 0x00, 0x00, 0x00, 0x00, 0x00,
    0x00, 0x00, 0x00, 0x00, 0x00, 0x00, 0x00, 0x00, 0x00, 0x00, 0x00, 0x00, 0x00, 0x00, 0x00, 0x00,
    0xB8, 0xBB, 0x0F, 0x00, 0xFF, 0xFF, 0x0F, 0x00, 0x00, 0x00, 0x00, 0x00, 0x00, 0x00, 0x00, 0x00,
    0x00, 0x00, 0x00, 0x00, 0x00, 0x00, 0x00, 0x00, 0x00, 0x00, 0x00, 0x00, 0x00, 0x00, 0x00, 0x00,
    0x00, 0x80, 0x33, 0x05, 0x00, 0x00, 0x38, 0x53, 0x00, 0x00, 0x38, 0x22, 0x00, 0x00, 0x80, 0x23,
    0x00, 0x00, 0x00, 0x38, 0x00, 0x00, 0x00, 0x80, 0x00, 0x00, 0x00, 0x00, 0x00, 0x00, 0x00, 0x00,
    0x00, 0x00, 0x00, 0x00, 0x00, 0x00, 0x00, 0x00, 0x05, 0x00, 0x00, 0x00, 0x52, 0x00, 0x00, 0x00,
    0x22, 0x05, 0x00, 0x00, 0x22, 0x51, 0x00, 0x00, 0x28, 0x11, 0x05, 0x00, 0x88, 0x12, 0x51, 0x00,
    0x80, 0x28, 0x11, 0x05, 0x00, 0x88, 0x22, 0x52, 0x00, 0x80, 0x28, 0x22, 0x00, 0x00, 0x88, 0x23,
    0x00, 0x00, 0x80, 0x38, 0x00, 0x00, 0x00, 0x88, 0x00, 0x00, 0x00, 0x80, 0x00, 0x00, 0x00, 0x80,
    0x00, 0x00, 0x00, 0x00, 0x00, 0x00, 0x00, 0x00, 0x05, 0x00, 0x00, 0x00, 0x52, 0x00, 0x00, 0x00,
    0x52, 0x00, 0x00, 0x00, 0x53, 0x05, 0x00, 0x00, 0x35, 0x55, 0x00, 0x00, 0x55, 0x53, 0x05, 0x00,
    0x00, 0x00, 0xE0, 0x8E, 0x00, 0x00, 0x6E, 0x8E, 0x00, 0x00, 0x8E, 0xEB, 0x00, 0x00, 0xBE, 0x8E,
    0x00, 0x00, 0xE0, 0xBE, 0x00, 0x00, 0x00, 0x00, 0x00, 0x00, 0x00, 0x00, 0x00, 0x00, 0x00, 0x00,
    0xE6, 0x91, 0xB8, 0xEE, 0x68, 0x3E, 0xE9, 0x00, 0xEE, 0xE6, 0x09, 0x00, 0xEB, 0xE8, 0x00, 0x00,
    0x0E, 0x0E, 0x00, 0x00, 0x00, 0x00, 0x00, 0x00, 0x00, 0x00, 0x00, 0x00, 0x00, 0x00, 0x00, 0x00,
    0x00, 0x00, 0x00, 0x00, 0x00, 0x00, 0x00, 0x00, 0x00, 0x00, 0x00, 0x00, 0x00, 0x00, 0x00, 0x00,
    0x00, 0x00, 0x00, 0xE0, 0x00, 0x00, 0x00, 0xE0, 0x00, 0x00, 0x00, 0xBE, 0x00, 0x00, 0x00, 0xBE,
    0x00, 0x00, 0x00, 0xBE, 0x00, 0x00, 0x00, 0xBE, 0x00, 0x00, 0xE0, 0xBB, 0x00, 0x00, 0xE0, 0x8B,
    0x00, 0x00, 0xE0, 0xEE, 0x00, 0x00, 0x00, 0x00, 0x00, 0x00, 0x00, 0x00, 0x00, 0x00, 0x00, 0xF0,
    0x55, 0x00, 0x00, 0x00, 0x35, 0x05, 0x00, 0x00, 0x28, 0x52, 0x00, 0x00, 0x50, 0x52, 0x00, 0x00,
    0x80, 0x53, 0x05, 0x00, 0x00, 0x35, 0x55, 0x00, 0x00, 0x35, 0x52, 0x00, 0x00, 0x38, 0x53, 0x00,
    0x58, 0x25, 0x55, 0x00, 0x80, 0x35, 0x52, 0x05, 0x00, 0x38, 0x23, 0x55, 0x00, 0x80, 0x33, 0x52,
    0x00, 0x00, 0x38, 0x23, 0x00, 0x00, 0x80, 0x33, 0x00, 0x00, 0x00, 0x38, 0x00, 0x00, 0x00, 0x80,
    0x00, 0x00, 0x00, 0x00, 0x00, 0x00, 0x00, 0x00, 0x00, 0x00, 0x00, 0x00, 0x00, 0x00, 0x00, 0x00,
    0x00, 0x00, 0x00, 0x00, 0x00, 0x00, 0xE0, 0xEE, 0x00, 0x00, 0x8E, 0xE6, 0x00, 0x00, 0x8E, 0x0E,
    0x00, 0x00, 0x00, 0x00, 0x00, 0x00, 0x00, 0x00, 0x0F, 0x00, 0x00, 0x00, 0x0F, 0x00, 0x00, 0x00,
    0x00, 0x00, 0x00, 0x00, 0x00, 0x00, 0x00, 0x00, 0x00, 0x00, 0x00, 0x00, 0x00, 0x00, 0x00, 0x00,
};
static const u16 sFrame74[] = {
    0x000C, 0x00B6, 0x81ED, 0x0000, 0x00D6, 0x81F5, 0x0010, 0x00F6, 0x41ED, 0x0020, 0x00F6, 0x4005,
    0x0024, 0x40A6, 0x01D5, 0x0028, 0x40AE, 0x01DD, 0x002A, 0x40D6, 0x01E5, 0x002C, 0x80E6, 0x01ED,
    0x002E, 0x009E, 0x01D5, 0x0030, 0x00B6, 0x01E5, 0x0031, 0x00CE, 0x01E5, 0x0032, 0x00DE, 0x0015,
    0x0033, 0x0000,
};
static const void* const sFrames74[] = { sFrame74 };
static const u8 sTiles75[1760] __attribute__((aligned(4))) = {
    0x00, 0x00, 0x00, 0x00, 0x00, 0x00, 0x00, 0x00, 0x00, 0x00, 0x00, 0x00, 0x05, 0x00, 0x00, 0x00,
    0x55, 0x00, 0x00, 0x00, 0x52, 0x05, 0x00, 0x00, 0x23, 0x55, 0x00, 0x00, 0x23, 0x52, 0x05, 0x00,
    0x00, 0x00, 0x00, 0x00, 0x00, 0x00, 0x00, 0x00, 0x00, 0x00, 0x00, 0x90, 0x00, 0x00, 0x00, 0x29,
    0x00, 0x00, 0x90, 0x22, 0x00, 0x00, 0x30, 0x11, 0x00, 0x00, 0x19, 0x99, 0x00, 0x00, 0x19, 0x17,
    0x00, 0x00, 0x00, 0x00, 0x90, 0x99, 0x99, 0x00, 0x33, 0x33, 0x21, 0x09, 0x13, 0x21, 0x19, 0x21,
    0x91, 0x21, 0x92, 0x21, 0x29, 0x19, 0x92, 0x23, 0x29, 0x92, 0x99, 0x29, 0x39, 0x33, 0x33, 0x39,
    0x00, 0x00, 0x00, 0x00, 0x00, 0x00, 0x00, 0x00, 0x00, 0x00, 0x00, 0x00, 0x00, 0x00, 0x00, 0x00,
    0x09, 0x00, 0x00, 0x00, 0x09, 0x00, 0x00, 0x00, 0x92, 0x00, 0x00, 0x00, 0x92, 0x00, 0x00, 0x00,
    0x28, 0x22, 0x55, 0x00, 0x80, 0x22, 0x52, 0x05, 0x00, 0x28, 0x22, 0x55, 0x00, 0x80, 0x22, 0x52,
    0x00, 0x00, 0x28, 0x12, 0x00, 0x00, 0x80, 0x22, 0x00, 0x00, 0x00, 0x28, 0x00, 0x00, 0x00, 0x80,
    0x00, 0x00, 0x29, 0x27, 0x00, 0x00, 0x29, 0x2A, 0x00, 0x00, 0x29, 0x1A, 0x05, 0x00, 0x9E, 0x1A,
    0x55, 0x00, 0x9E, 0x2A, 0x51, 0xE5, 0x9E, 0xAA, 0xE2, 0x3E, 0xE5, 0xE9, 0x3E, 0x12, 0x13, 0x3E,
    0x11, 0x91, 0x19, 0x33, 0xE1, 0x2E, 0x29, 0x13, 0x62, 0x21, 0x72, 0x23, 0x11, 0x11, 0xA2, 0x39,
    0x11, 0x21, 0xA7, 0x39, 0x12, 0x22, 0x9A, 0x39, 0x77, 0xAA, 0xA7, 0xE5, 0x5E, 0xBE, 0x22, 0xEE,
    0x92, 0x00, 0x00, 0x00, 0x93, 0x00, 0x00, 0x00, 0x93, 0x00, 0x00, 0x00, 0x12, 0xF9, 0xFF, 0x0D,
    0x12, 0xD9, 0xFF, 0xDF, 0xE5, 0xEE, 0xF5, 0xFD, 0x22, 0x33, 0xFE, 0xFD, 0x3E, 0x12, 0x52, 0xFD,
    0x00, 0x00, 0x00, 0xE0, 0x00, 0x00, 0x00, 0xE0, 0x00, 0x00, 0x00, 0x00, 0x00, 0x00, 0x00, 0x50,
    0x00, 0x00, 0x00, 0x3E, 0x00, 0x00, 0x00, 0x5E, 0x00, 0x00, 0x00, 0xE0, 0x00, 0x00, 0x00, 0x00,
    0x23, 0x52, 0x12, 0xE1, 0x35, 0x22, 0x22, 0xE3, 0xEE, 0x3E, 0x33, 0x3E, 0x13, 0xE1, 0xEE, 0xE5,
    0x22, 0x32, 0xE5, 0x88, 0x32, 0xEE, 0xBE, 0x88, 0xEE, 0xB8, 0xBB, 0x68, 0x8E, 0x86, 0xEB, 0x68,
    0xE1, 0x2E, 0x2B, 0xEE, 0xE2, 0x2E, 0xBB, 0x5E, 0xE2, 0xE8, 0xB2, 0xE1, 0x8E, 0xE8, 0x1A, 0xE2,
    0xBB, 0x88, 0x2E, 0x21, 0xB8, 0x8B, 0xAE, 0xE7, 0xB8, 0xBB, 0xEB, 0xBE, 0x88, 0xBB, 0xBE, 0xBB,
    0x35, 0x11, 0xE3, 0xD8, 0x3E, 0xE3, 0xEE, 0x88, 0xE2, 0x35, 0x21, 0xD5, 0xEE, 0x5E, 0x32, 0xDE,
    0xEE, 0xEE, 0xEE, 0x8F, 0xEB, 0xBE, 0x8E, 0x5D, 0xEB, 0x8E, 0x5E, 0x5D, 0xEB, 0x8E, 0x5E, 0xD8,
    0x00, 0x00, 0x00, 0x00, 0x00, 0x00, 0x00, 0xE0, 0x00, 0x00, 0x00, 0xEE, 0x00, 0x00, 0xE0, 0x8B,
    0x00, 0x00, 0xEE, 0x8E, 0x00, 0xBE, 0x66, 0x88, 0x90, 0x6B, 0x86, 0x88, 0x39, 0x69, 0x86, 0xE8,
    0x68, 0x86, 0xFB, 0x68, 0x68, 0x86, 0xFB, 0x8B, 0x8B, 0xB8, 0x0E, 0x8E, 0xB8, 0xEB, 0x00, 0x8E,
    0xB8, 0xEB, 0x00, 0x8E, 0xBB, 0x0E, 0x00, 0x8E, 0xEB, 0x00, 0x00, 0xBE, 0x0E, 0x00, 0x00, 0xBE,
    0x86, 0xBB, 0x8B, 0xB8, 0x86, 0xBB, 0xBB, 0x33, 0x66, 0xB8, 0x88, 0x88, 0x66, 0xB8, 0x68, 0x86,
    0x68, 0xB8, 0x8B, 0x86, 0x88, 0xB8, 0x8B, 0x33, 0x88, 0x88, 0x8B, 0x86, 0x88, 0x88, 0x8B, 0x86,
    0xBB, 0x8E, 0x8E, 0xDF, 0xBB, 0x8E, 0xDE, 0xDF, 0xBB, 0xBE, 0xFE, 0xD8, 0xBB, 0xBE, 0xEB, 0xD5,
    0xBB, 0xEB, 0xE8, 0xD5, 0xBB, 0xEB, 0x88, 0xDE, 0xB8, 0xEB, 0x88, 0xDE, 0x88, 0xEB, 0x8B, 0xBB,
    0x00, 0x00, 0x00, 0xBE, 0x00, 0x00, 0x00, 0x8E, 0x00, 0x00, 0xE0, 0x8B, 0x00, 0x00, 0xE0, 0x8B,
    0x00, 0x00, 0xE0, 0x8B, 0x00, 0x00, 0xBE, 0x6B, 0x00, 0x00, 0xBE, 0x6B, 0x00, 0x00, 0xBE, 0x68,
    0x88, 0xB8, 0x8B, 0x86, 0x88, 0xB8, 0x8B, 0x36, 0x68, 0xB8, 0x8B, 0x66, 0x66, 0xB8, 0x8B, 0x66,
    0x86, 0xB8, 0x68, 0x66, 0x86, 0xB8, 0x66, 0x86, 0x86, 0xBB, 0x66, 0x86, 0x88, 0xBB, 0x66, 0x86,
    0x88, 0xBB, 0x8E, 0x9B, 0x63, 0xB8, 0x9E, 0x39, 0x68, 0xB6, 0x9E, 0x91, 0x68, 0xB6, 0xEE, 0xBB,
    0x88, 0x66, 0xEE, 0x8B, 0xB8, 0x8B, 0xE8, 0xEB, 0x8B, 0x8E, 0xE8, 0xEE, 0x3B, 0xBE, 0xEE, 0x8E,
    0x5E, 0xD8, 0xD8, 0x00, 0x92, 0xD8, 0x0D, 0x00, 0x99, 0xDE, 0x0D, 0x00, 0x68, 0xEE, 0x00, 0x00,
    0x8B, 0xE6, 0x00, 0x00, 0xFE, 0xEF, 0x00, 0x00, 0xDD, 0xFF, 0x0F, 0x00, 0xFF, 0xDD, 0xF2, 0x00,
    0x00, 0xE0, 0xBB, 0x68, 0x00, 0xE0, 0x8B, 0x86, 0x00, 0xE0, 0x8B, 0x86, 0x00, 0xE0, 0x6B, 0x86,
    0x00, 0xBE, 0x8B, 0xB8, 0x00, 0xBE, 0x88, 0xB8, 0x00, 0xBE, 0x88, 0xBB, 0xE0, 0xBB, 0xB8, 0xBB,
    0xB8, 0x8B, 0x66, 0x88, 0xB8, 0x8B, 0x66, 0xB8, 0xBB, 0x68, 0x86, 0xB8, 0xBB, 0x68, 0x86, 0x8B,
    0xBB, 0x68, 0x86, 0x8B, 0xBB, 0x68, 0x86, 0xEB, 0x8B, 0x66, 0xB8, 0xE8, 0x8B, 0x66, 0xB8, 0xF3,
    0x8B, 0xBE, 0xE6, 0xEE, 0xE8, 0xEB, 0xE6, 0x55, 0xE3, 0xEB, 0xE6, 0x85, 0xBE, 0xEB, 0xE8, 0x5D,
    0xBE, 0xEB, 0x63, 0x8E, 0xBB, 0xEB, 0x6B, 0x0E, 0xBB, 0xEB, 0x6B, 0x0E, 0xBB, 0xBB, 0x6E, 0x0E,
    0xFE, 0xDF, 0xDD, 0x0F, 0x0D, 0xF0, 0xDF, 0xF2, 0x00, 0x00, 0xF0, 0xFD, 0x00, 0x00, 0x00, 0xF0,
    0x00, 0x00, 0x00, 0x00, 0x00, 0x00, 0x00, 0x00, 0x00, 0x00, 0x00, 0x00, 0x00, 0x00, 0x00, 0x00,
    0xE0, 0xBB, 0xBB, 0xBB, 0xBE, 0xB8, 0xBB, 0xBB, 0xBE, 0xB8, 0xBB, 0xB8, 0xBE, 0xBB, 0x8B, 0xB8,
    0xBB, 0xBB, 0x88, 0xBB, 0xBB, 0xBB, 0x88, 0xBB, 0x8B, 0x8B, 0x86, 0xBB, 0x8B, 0x8B, 0x86, 0xBB,
    0x8B, 0x66, 0x8B, 0xFE, 0x8B, 0x66, 0x8B, 0xFE, 0x68, 0x66, 0x3B, 0xFE, 0x68, 0x66, 0xE8, 0xFB,
    0x68, 0x66, 0xE8, 0xBB, 0x68, 0x66, 0xE8, 0xBB, 0x68, 0x66, 0xE3, 0xBB, 0x68, 0x86, 0xBE, 0xBB,
    0xBB, 0xBB, 0x8E, 0x0E, 0xBB, 0xBB, 0x8E, 0xE6, 0xBB, 0xBB, 0x3E, 0xE6, 0xBB, 0xBB, 0xBE, 0xE6,
    0xBF, 0xBB, 0xBE, 0xE8, 0xBF, 0xBB, 0xEB, 0x68, 0xBF, 0xBB, 0xEB, 0x68, 0xBF, 0xBB, 0xEB, 0x63,
    0x00, 0x00, 0x00, 0x00, 0x00, 0x00, 0x00, 0x00, 0x00, 0x00, 0x00, 0x00, 0x00, 0x00, 0x00, 0x00,
    0x00, 0x00, 0x00, 0x00, 0x0E, 0x00, 0x00, 0x00, 0x0E, 0x00, 0x00, 0x00, 0x0E, 0x00, 0x00, 0x00,
    0x88, 0x8B, 0x86, 0x8B, 0x88, 0x68, 0x86, 0x8B, 0x88, 0x68, 0xB8, 0x8B, 0x88, 0x66, 0xB8, 0x8B,
    0x88, 0x66, 0xB8, 0x8B, 0xEE, 0xEE, 0xB8, 0x8B, 0x8F, 0xB8, 0xEE, 0xEE, 0x86, 0xB8, 0xFB, 0x00,
    0x66, 0x86, 0xBE, 0xFB, 0x66, 0x86, 0xFE, 0x0F, 0x66, 0x86, 0x0E, 0x00, 0x66, 0xB8, 0x0E, 0x00,
    0x66, 0xB8, 0x0E, 0x00, 0x66, 0xE8, 0x0E, 0x00, 0xEE, 0x0E, 0x00, 0x00, 0x00, 0x00, 0x00, 0x00,
    0xBF, 0xBB, 0xEB, 0x6B, 0xBF, 0xBB, 0xEB, 0x6B, 0x8F, 0xBB, 0xEB, 0x8B, 0x8F, 0xB8, 0xBB, 0x8E,
    0xFF, 0xB8, 0xBB, 0xBE, 0xF0, 0xB8, 0xBB, 0xBE, 0xF0, 0xB8, 0xBB, 0xEE, 0xF0, 0x88, 0xBB, 0xFB,
    0x0E, 0x00, 0x00, 0x00, 0x0E, 0x00, 0x00, 0x00, 0x0E, 0x00, 0x00, 0x00, 0xE6, 0x00, 0x00, 0x00,
    0xE8, 0x00, 0x00, 0x00, 0xEE, 0x00, 0x00, 0x00, 0x00, 0x00, 0x00, 0x00, 0x00, 0x00, 0x00, 0x00,
    0x00, 0x00, 0x00, 0xF0, 0x00, 0x00, 0x00, 0xF0, 0x00, 0x00, 0x00, 0xF0, 0x00, 0x00, 0x00, 0xF0,
    0x00, 0x00, 0x00, 0x6F, 0x00, 0x00, 0x00, 0x6F, 0x00, 0x00, 0xF0, 0x6F, 0x00, 0x00, 0x6F, 0x86,
    0x86, 0xB8, 0xFB, 0x00, 0x86, 0xB8, 0x0F, 0x00, 0x88, 0xBB, 0x0F, 0x00, 0x88, 0xFB, 0x00, 0x00,
    0x88, 0xFB, 0x00, 0x00, 0x88, 0xFB, 0x00, 0x00, 0xB8, 0x0F, 0x00, 0x00, 0xB8, 0x0F, 0x00, 0x00,
    0x00, 0x00, 0x6F, 0x88, 0x00, 0x00, 0xFF, 0xFF, 0x00, 0x00, 0x00, 0x00, 0x00, 0x00, 0x00, 0x00,
    0x00, 0x00, 0x00, 0x00, 0x00, 0x00, 0x00, 0x00, 0x00, 0x00, 0x00, 0x00, 0x00, 0x00, 0x00, 0x00,
    0xB8, 0x0F, 0x00, 0x00, 0xFF, 0x00, 0x00, 0x00, 0x00, 0x00, 0x00, 0x00, 0x00, 0x00, 0x00, 0x00,
    0x00, 0x00, 0x00, 0x00, 0x00, 0x00, 0x00, 0x00, 0x00, 0x00, 0x00, 0x00, 0x00, 0x00, 0x00, 0x00,
    0xF0, 0x88, 0xBB, 0xFB, 0xF0, 0x88, 0xBB, 0xFB, 0xF0, 0x88, 0xB8, 0xFB, 0x00, 0x8F, 0xB8, 0xBB,
    0x00, 0x8F, 0x88, 0xBB, 0x00, 0x8F, 0x88, 0xBB, 0x00, 0xF0, 0x88, 0xBB, 0x00, 0xF0, 0x88, 0xB8,
    0x00, 0x00, 0x00, 0x00, 0x00, 0x00, 0x00, 0x00, 0x00, 0x00, 0x00, 0x00, 0x0F, 0x00, 0x00, 0x00,
    0x0F, 0x00, 0x00, 0x00, 0xFB, 0x00, 0x00, 0x00, 0xFB, 0x0F, 0x00, 0x00, 0xBB, 0xFB, 0x00, 0x00,
    0x00, 0x00, 0xFF, 0x88, 0x00, 0x00, 0x00, 0xFF, 0x00, 0x00, 0x00, 0x00, 0x00, 0x00, 0x00, 0x00,
    0x00, 0x00, 0x00, 0x00, 0x00, 0x00, 0x00, 0x00, 0x00, 0x00, 0x00, 0x00, 0x00, 0x00, 0x00, 0x00,
    0xB8, 0xBB, 0x0F, 0x00, 0xFF, 0xFF, 0x0F, 0x00, 0x00, 0x00, 0x00, 0x00, 0x00, 0x00, 0x00, 0x00,
    0x00, 0x00, 0x00, 0x00, 0x00, 0x00, 0x00, 0x00, 0x00, 0x00, 0x00, 0x00, 0x00, 0x00, 0x00, 0x00,
    0x00, 0x80, 0x33, 0x05, 0x00, 0x00, 0x38, 0x53, 0x00, 0x00, 0x38, 0x22, 0x00, 0x00, 0x80, 0x23,
    0x00, 0x00, 0x00, 0x38, 0x00, 0x00, 0x00, 0x80, 0x00, 0x00, 0x00, 0x00, 0x00, 0x00, 0x00, 0x00,
    0x00, 0x00, 0x00, 0x00, 0x00, 0x00, 0x00, 0x00, 0x05, 0x00, 0x00, 0x00, 0x52, 0x00, 0x00, 0x00,
    0x22, 0x05, 0x00, 0x00, 0x22, 0x51, 0x00, 0x00, 0x28, 0x11, 0x05, 0x00, 0x88, 0x12, 0x51, 0x00,
    0x80, 0x28, 0x11, 0x05, 0x00, 0x88, 0x22, 0x52, 0x00, 0x80, 0x28, 0x22, 0x00, 0x00, 0x88, 0x23,
    0x00, 0x00, 0x80, 0x38, 0x00, 0x00, 0x00, 0x88, 0x00, 0x00, 0x00, 0x80, 0x00, 0x00, 0x00, 0x80,
    0x00, 0x00, 0x00, 0x00, 0x00, 0x00, 0x00, 0x00, 0x05, 0x00, 0x00, 0x00, 0x52, 0x00, 0x00, 0x00,
    0x52, 0x00, 0x00, 0x00, 0x53, 0x05, 0x00, 0x00, 0x35, 0x55, 0x00, 0x00, 0x55, 0x53, 0x05, 0x00,
    0x00, 0x00, 0xE0, 0x8E, 0x00, 0x00, 0x6E, 0x8E, 0x00, 0x00, 0x8E, 0xEB, 0x00, 0x00, 0xBE, 0x8E,
    0x00, 0x00, 0xE0, 0xBE, 0x00, 0x00, 0x00, 0x00, 0x00, 0x00, 0x00, 0x00, 0x00, 0x00, 0x00, 0x00,
    0xE6, 0x91, 0xB8, 0xEE, 0x68, 0x3E, 0xE9, 0x00, 0xEE, 0xE6, 0x09, 0x00, 0xEB, 0xE8, 0x00, 0x00,
    0x0E, 0x0E, 0x00, 0x00, 0x00, 0x00, 0x00, 0x00, 0x00, 0x00, 0x00, 0x00, 0x00, 0x00, 0x00, 0x00,
    0x00, 0x00, 0x00, 0x00, 0x00, 0x00, 0x00, 0x00, 0x00, 0x00, 0x00, 0x00, 0x00, 0x00, 0x00, 0x00,
    0x00, 0x00, 0x00, 0x00, 0x0D, 0x00, 0x00, 0x00, 0xDF, 0x00, 0x00, 0x00, 0xFF, 0x0D, 0x00, 0x00,
    0xFD, 0x0F, 0x00, 0x00, 0xDD, 0xDF, 0x00, 0x00, 0xDF, 0xFF, 0x0D, 0x00, 0xFF, 0xFD, 0x0D, 0x00,
    0xD8, 0xF8, 0xDF, 0x00, 0xD8, 0xD8, 0xDF, 0x00, 0xD5, 0xFD, 0xDD, 0x00, 0x8F, 0xFF, 0xD8, 0x0D,
    0x00, 0x00, 0x00, 0x00, 0x00, 0x00, 0x00, 0x00, 0x00, 0x00, 0x00, 0x00, 0x00, 0x00, 0x00, 0x00,
    0x00, 0x00, 0x00, 0xE0, 0x00, 0x00, 0x00, 0xE0, 0x00, 0x00, 0x00, 0xBE, 0x00, 0x00, 0x00, 0xBE,
    0x00, 0x00, 0x00, 0xBE, 0x00, 0x00, 0x00, 0xBE, 0x00, 0x00, 0xE0, 0xBB, 0x00, 0x00, 0xE0, 0x8B,
    0x00, 0x00, 0xE0, 0xEE, 0x00, 0x00, 0x00, 0x00, 0x00, 0x00, 0x00, 0x00, 0x00, 0x00, 0x00, 0xF0,
    0x55, 0x00, 0x00, 0x00, 0x35, 0x05, 0x00, 0x00, 0x28, 0x52, 0x00, 0x00, 0x50, 0x52, 0x00, 0x00,
    0x80, 0x53, 0x05, 0x00, 0x00, 0x35, 0x55, 0x00, 0x00, 0x35, 0x52, 0x00, 0x00, 0x38, 0x53, 0x00,
    0x58, 0x25, 0x55, 0x00, 0x80, 0x35, 0x52, 0x05, 0x00, 0x38, 0x23, 0x55, 0x00, 0x80, 0x33, 0x52,
    0x00, 0x00, 0x38, 0x23, 0x00, 0x00, 0x80, 0x33, 0x00, 0x00, 0x00, 0x38, 0x00, 0x00, 0x00, 0x80,
    0x00, 0x00, 0x00, 0x00, 0x00, 0x00, 0x00, 0x00, 0x00, 0x00, 0x00, 0x00, 0x00, 0x00, 0x00, 0x00,
    0x00, 0x00, 0x00, 0x00, 0x00, 0x00, 0xE0, 0xEE, 0x00, 0x00, 0x8E, 0xE6, 0x00, 0x00, 0x8E, 0x0E,
    0x88, 0xFD, 0x88, 0x0D, 0x8F, 0xDD, 0x85, 0x0D, 0x5F, 0xD8, 0x85, 0x0D, 0x5F, 0xD8, 0x85, 0x0D,
    0x5F, 0xD8, 0x88, 0x0D, 0x5D, 0xD8, 0x88, 0x0D, 0x5D, 0xD8, 0xD8, 0x00, 0x5D, 0xD8, 0xD8, 0x00,
    0x00, 0x00, 0x00, 0x00, 0x00, 0x00, 0x00, 0x00, 0x0F, 0x00, 0x00, 0x00, 0x0F, 0x00, 0x00, 0x00,
    0x00, 0x00, 0x00, 0x00, 0x00, 0x00, 0x00, 0x00, 0x00, 0x00, 0x00, 0x00, 0x00, 0x00, 0x00, 0x00,
};
static const u16 sFrame75[] = {
    0x000E, 0x00B6, 0x81ED, 0x0000, 0x00D6, 0x81F5, 0x0010, 0x00F6, 0x41ED, 0x0020, 0x00F6, 0x4005,
    0x0024, 0x40A6, 0x01D5, 0x0028, 0x40AE, 0x01DD, 0x002A, 0x40D6, 0x01E5, 0x002C, 0x80BE, 0x000D,
    0x002E, 0x80E6, 0x01ED, 0x0030, 0x009E, 0x01D5, 0x0032, 0x00B6, 0x01E5, 0x0033, 0x00CE, 0x01E5,
    0x0034, 0x00CE, 0x000D, 0x0035, 0x00DE, 0x0015, 0x0036, 0x0000,
};
static const void* const sFrames75[] = { sFrame75 };
static const u8 sTiles76[1760] __attribute__((aligned(4))) = {
    0x00, 0x00, 0x00, 0x00, 0x00, 0x00, 0x00, 0x00, 0x00, 0x00, 0x00, 0x00, 0x05, 0x00, 0x00, 0x00,
    0x55, 0x00, 0x00, 0x00, 0x52, 0x05, 0x00, 0x00, 0x23, 0x55, 0x00, 0x00, 0x23, 0x52, 0x05, 0x00,
    0x00, 0x00, 0x00, 0x00, 0x00, 0x00, 0x00, 0x00, 0x00, 0x00, 0x00, 0x90, 0x00, 0x00, 0x00, 0x29,
    0x00, 0x00, 0x90, 0x22, 0x00, 0x00, 0x30, 0x11, 0x00, 0x00, 0x19, 0x99, 0x00, 0x00, 0x19, 0x17,
    0x00, 0x00, 0x00, 0x00, 0x90, 0x99, 0x99, 0x00, 0x33, 0x33, 0x21, 0x09, 0x13, 0x21, 0x19, 0x21,
    0x91, 0x21, 0x92, 0x21, 0x29, 0x19, 0x92, 0x23, 0x29, 0x92, 0x99, 0x29, 0x39, 0x33, 0x33, 0x39,
    0x00, 0x00, 0x00, 0x00, 0x00, 0x00, 0x00, 0x00, 0x00, 0x00, 0x00, 0x00, 0x00, 0x00, 0x00, 0x00,
    0x09, 0x00, 0x00, 0x00, 0x09, 0x00, 0x00, 0x00, 0x92, 0x00, 0x00, 0x00, 0x92, 0x00, 0x00, 0x00,
    0x28, 0x22, 0x55, 0x00, 0x80, 0x22, 0x52, 0x05, 0x00, 0x28, 0x22, 0x55, 0x00, 0x80, 0x22, 0x52,
    0x00, 0x00, 0x28, 0x12, 0x00, 0x00, 0x80, 0x22, 0x00, 0x00, 0x00, 0x28, 0x00, 0x00, 0x00, 0x80,
    0x00, 0x00, 0x29, 0x27, 0x00, 0x00, 0x29, 0x2A, 0x00, 0x00, 0x29, 0x1A, 0x05, 0x00, 0x9E, 0x1A,
    0x55, 0x00, 0x9E, 0x2A, 0x51, 0xE5, 0x9E, 0xAA, 0xE2, 0x3E, 0xE5, 0xE9, 0x3E, 0x12, 0x13, 0x3E,
    0x11, 0x91, 0x19, 0x33, 0xE1, 0x2E, 0x29, 0x13, 0x62, 0x21, 0x72, 0x23, 0x11, 0x11, 0xA2, 0x39,
    0x11, 0x21, 0xA7, 0x39, 0x12, 0x22, 0x9A, 0x39, 0x77, 0xAA, 0xA7, 0xE5, 0x5E, 0xBE, 0x22, 0xEE,
    0x92, 0x00, 0x00, 0x00, 0x93, 0x00, 0x00, 0x00, 0x93, 0x00, 0x00, 0x00, 0x12, 0xF9, 0xFF, 0x0D,
    0x12, 0xD9, 0xFF, 0xDF, 0xE5, 0xEE, 0xF5, 0xFD, 0x22, 0x33, 0xFE, 0xFD, 0x3E, 0x12, 0x52, 0xFD,
    0x00, 0x00, 0x00, 0xE0, 0x00, 0x00, 0x00, 0xE0, 0x00, 0x00, 0x00, 0x00, 0x00, 0x00, 0x00, 0x50,
    0x00, 0x00, 0x00, 0x3E, 0x00, 0x00, 0x00, 0x5E, 0x00, 0x00, 0x00, 0xE0, 0x00, 0x00, 0x00, 0x00,
    0x23, 0x52, 0x12, 0xE1, 0x35, 0x22, 0x22, 0xE3, 0xEE, 0x3E, 0x33, 0x3E, 0x13, 0xE1, 0xEE, 0xE5,
    0x22, 0x32, 0xE5, 0x88, 0x32, 0xEE, 0xBE, 0x88, 0xEE, 0xB8, 0xBB, 0x68, 0x8E, 0x86, 0xEB, 0x68,
    0xE1, 0x2E, 0x2B, 0xEE, 0xE2, 0x2E, 0xBB, 0x5E, 0xE2, 0xE8, 0xB2, 0xE1, 0x8E, 0xE8, 0x1A, 0xE2,
    0xBB, 0x88, 0x2E, 0x21, 0xB8, 0x8B, 0xAE, 0xE7, 0xB8, 0xBB, 0xEB, 0xBE, 0x88, 0xBB, 0xBE, 0xBB,
    0x35, 0x11, 0xE3, 0xD8, 0x3E, 0xE3, 0xEE, 0x88, 0xE2, 0x35, 0x21, 0xD5, 0xEE, 0x5E, 0x32, 0xDE,
    0xEE, 0xEE, 0xEE, 0x8F, 0xEB, 0xBE, 0x8E, 0x5D, 0xEB, 0x8E, 0x5E, 0x5D, 0xEB, 0x8E, 0x5E, 0xD8,
    0x00, 0x00, 0x00, 0x00, 0x00, 0x00, 0x00, 0xE0, 0x00, 0x00, 0x00, 0xEE, 0x00, 0x00, 0xE0, 0x8B,
    0x00, 0x00, 0xEE, 0x8E, 0x00, 0xBE, 0x66, 0x88, 0x90, 0x6B, 0x86, 0x88, 0x39, 0x69, 0x86, 0xE8,
    0x68, 0x86, 0xFB, 0x68, 0x68, 0x86, 0xFB, 0x8B, 0x8B, 0xB8, 0x0E, 0x8E, 0xB8, 0xEB, 0x00, 0x8E,
    0xB8, 0xEB, 0x00, 0x8E, 0xBB, 0x0E, 0x00, 0x8E, 0xEB, 0x00, 0x00, 0xBE, 0x0E, 0x00, 0x00, 0xBE,
    0x86, 0xBB, 0x8B, 0xB8, 0x86, 0xBB, 0xBB, 0x33, 0x66, 0xB8, 0x88, 0x88, 0x66, 0xB8, 0x68, 0x86,
    0x68, 0xB8, 0x8B, 0x86, 0x88, 0xB8, 0x8B, 0x33, 0x88, 0x88, 0x8B, 0x86, 0x88, 0x88, 0x8B, 0x86,
    0xBB, 0x8E, 0x8E, 0xDF, 0xBB, 0x8E, 0xDE, 0xDF, 0xBB, 0xBE, 0xFE, 0xD8, 0xBB, 0xBE, 0xEB, 0xD5,
    0xBB, 0xEB, 0xE8, 0xD5, 0xBB, 0xEB, 0x88, 0xDE, 0xB8, 0xEB, 0x88, 0xDE, 0x88, 0xEB, 0x8B, 0xBB,
    0x00, 0x00, 0x00, 0xBE, 0x00, 0x00, 0x00, 0x8E, 0x00, 0x00, 0xE0, 0x8B, 0x00, 0x00, 0xE0, 0x8B,
    0x00, 0x00, 0xE0, 0x8B, 0x00, 0x00, 0xBE, 0x6B, 0x00, 0x00, 0xBE, 0x6B, 0x00, 0x00, 0xBE, 0x68,
    0x88, 0xB8, 0x8B, 0x86, 0x88, 0xB8, 0x8B, 0x36, 0x68, 0xB8, 0x8B, 0x66, 0x66, 0xB8, 0x8B, 0x66,
    0x86, 0xB8, 0x68, 0x66, 0x86, 0xB8, 0x66, 0x86, 0x86, 0xBB, 0x66, 0x86, 0x88, 0xBB, 0x66, 0x86,
    0x88, 0xBB, 0x8E, 0x9B, 0x63, 0xB8, 0x9E, 0x39, 0x68, 0xB6, 0x9E, 0x91, 0x68, 0xB6, 0xEE, 0xBB,
    0x88, 0x66, 0xEE, 0x8B, 0xB8, 0x8B, 0xE8, 0xEB, 0x8B, 0x8E, 0xE8, 0xEE, 0x3B, 0xBE, 0xEE, 0x8E,
    0x5E, 0xD8, 0xD8, 0x00, 0x92, 0xD8, 0x0D, 0x00, 0x99, 0xDE, 0x0D, 0x00, 0x68, 0xEE, 0x00, 0x00,
    0x8B, 0xE6, 0x00, 0x00, 0xFE, 0xEF, 0x00, 0x00, 0xDD, 0xFF, 0x0F, 0x00, 0xFF, 0xDD, 0xF2, 0x00,
    0x00, 0xE0, 0xBB, 0x68, 0x00, 0xE0, 0x8B, 0x86, 0x00, 0xE0, 0x8B, 0x86, 0x00, 0xE0, 0x6B, 0x86,
    0x00, 0xBE, 0x8B, 0xB8, 0x00, 0xBE, 0x88, 0xB8, 0x00, 0xBE, 0x88, 0xBB, 0xE0, 0xBB, 0xB8, 0xBB,
    0xB8, 0x8B, 0x66, 0x88, 0xB8, 0x8B, 0x66, 0xB8, 0xBB, 0x68, 0x86, 0xB8, 0xBB, 0x68, 0x86, 0x8B,
    0xBB, 0x68, 0x86, 0x8B, 0xBB, 0x68, 0x86, 0xEB, 0x8B, 0x66, 0xB8, 0xE8, 0x8B, 0x66, 0xB8, 0xF3,
    0x8B, 0xBE, 0xE6, 0xEE, 0xE8, 0xEB, 0xE6, 0x55, 0xE3, 0xEB, 0xE6, 0x85, 0xBE, 0xEB, 0xE8, 0x5D,
    0xBE, 0xEB, 0x63, 0x8E, 0xBB, 0xEB, 0x6B, 0x0E, 0xBB, 0xEB, 0x6B, 0x0E, 0xBB, 0xBB, 0x6E, 0x0E,
    0xFE, 0xDF, 0xDD, 0x0F, 0x0D, 0xF0, 0xDF, 0xF2, 0x00, 0x00, 0xF0, 0xFD, 0x00, 0x00, 0x00, 0xF0,
    0x00, 0x00, 0x00, 0x00, 0x00, 0x00, 0x00, 0x00, 0x00, 0x00, 0x00, 0x00, 0x00, 0x00, 0x00, 0x00,
    0xE0, 0xBB, 0xBB, 0xBB, 0xBE, 0xB8, 0xBB, 0xBB, 0xBE, 0xB8, 0xBB, 0xB8, 0xBE, 0xBB, 0x8B, 0xB8,
    0xBB, 0xBB, 0x88, 0xBB, 0xBB, 0xBB, 0x88, 0xBB, 0x8B, 0x8B, 0x86, 0xBB, 0x8B, 0x8B, 0x86, 0xBB,
    0x8B, 0x66, 0x8B, 0xFE, 0x8B, 0x66, 0x8B, 0xFE, 0x68, 0x66, 0x3B, 0xFE, 0x68, 0x66, 0xE8, 0xFB,
    0x68, 0x66, 0xE8, 0xBB, 0x68, 0x66, 0xE8, 0xBB, 0x68, 0x66, 0xE3, 0xBB, 0x68, 0x86, 0xBE, 0xBB,
    0xBB, 0xBB, 0x8E, 0x0E, 0xBB, 0xBB, 0x8E, 0xE6, 0xBB, 0xBB, 0x3E, 0xE6, 0xBB, 0xBB, 0xBE, 0xE6,
    0xBF, 0xBB, 0xBE, 0xE8, 0xBF, 0xBB, 0xEB, 0x68, 0xBF, 0xBB, 0xEB, 0x68, 0xBF, 0xBB, 0xEB, 0x63,
    0x00, 0x00, 0x00, 0x00, 0x00, 0x00, 0x00, 0x00, 0x00, 0x00, 0x00, 0x00, 0x00, 0x00, 0x00, 0x00,
    0x00, 0x00, 0x00, 0x00, 0x0E, 0x00, 0x00, 0x00, 0x0E, 0x00, 0x00, 0x00, 0x0E, 0x00, 0x00, 0x00,
    0x88, 0x8B, 0x86, 0x8B, 0x88, 0x68, 0x86, 0x8B, 0x88, 0x68, 0xB8, 0x8B, 0x88, 0x66, 0xB8, 0x8B,
    0x88, 0x66, 0xB8, 0x8B, 0xEE, 0xEE, 0xB8, 0x8B, 0x8F, 0xB8, 0xEE, 0xEE, 0x86, 0xB8, 0xFB, 0x00,
    0x66, 0x86, 0xBE, 0xFB, 0x66, 0x86, 0xFE, 0x0F, 0x66, 0x86, 0x0E, 0x00, 0x66, 0xB8, 0x0E, 0x00,
    0x66, 0xB8, 0x0E, 0x00, 0x66, 0xE8, 0x0E, 0x00, 0xEE, 0x0E, 0x00, 0x00, 0x00, 0x00, 0x00, 0x00,
    0xBF, 0xBB, 0xEB, 0x6B, 0xBF, 0xBB, 0xEB, 0x6B, 0x8F, 0xBB, 0xEB, 0x8B, 0x8F, 0xB8, 0xBB, 0x8E,
    0xFF, 0xB8, 0xBB, 0xBE, 0xF0, 0xB8, 0xBB, 0xBE, 0xF0, 0xB8, 0xBB, 0xEE, 0xF0, 0x88, 0xBB, 0xFB,
    0x0E, 0x00, 0x00, 0x00, 0x0E, 0x00, 0x00, 0x00, 0x0E, 0x00, 0x00, 0x00, 0xE6, 0x00, 0x00, 0x00,
    0xE8, 0x00, 0x00, 0x00, 0xEE, 0x00, 0x00, 0x00, 0x00, 0x00, 0x00, 0x00, 0x00, 0x00, 0x00, 0x00,
    0x00, 0x00, 0x00, 0xF0, 0x00, 0x00, 0x00, 0xF0, 0x00, 0x00, 0x00, 0xF0, 0x00, 0x00, 0x00, 0xF0,
    0x00, 0x00, 0x00, 0x6F, 0x00, 0x00, 0x00, 0x6F, 0x00, 0x00, 0xF0, 0x6F, 0x00, 0x00, 0x6F, 0x86,
    0x86, 0xB8, 0xFB, 0x00, 0x86, 0xB8, 0x0F, 0x00, 0x88, 0xBB, 0x0F, 0x00, 0x88, 0xFB, 0x00, 0x00,
    0x88, 0xFB, 0x00, 0x00, 0x88, 0xFB, 0x00, 0x00, 0xB8, 0x0F, 0x00, 0x00, 0xB8, 0x0F, 0x00, 0x00,
    0x00, 0x00, 0x6F, 0x88, 0x00, 0x00, 0xFF, 0xFF, 0x00, 0x00, 0x00, 0x00, 0x00, 0x00, 0x00, 0x00,
    0x00, 0x00, 0x00, 0x00, 0x00, 0x00, 0x00, 0x00, 0x00, 0x00, 0x00, 0x00, 0x00, 0x00, 0x00, 0x00,
    0xB8, 0x0F, 0x00, 0x00, 0xFF, 0x00, 0x00, 0x00, 0x00, 0x00, 0x00, 0x00, 0x00, 0x00, 0x00, 0x00,
    0x00, 0x00, 0x00, 0x00, 0x00, 0x00, 0x00, 0x00, 0x00, 0x00, 0x00, 0x00, 0x00, 0x00, 0x00, 0x00,
    0xF0, 0x88, 0xBB, 0xFB, 0xF0, 0x88, 0xBB, 0xFB, 0xF0, 0x88, 0xB8, 0xFB, 0x00, 0x8F, 0xB8, 0xBB,
    0x00, 0x8F, 0x88, 0xBB, 0x00, 0x8F, 0x88, 0xBB, 0x00, 0xF0, 0x88, 0xBB, 0x00, 0xF0, 0x88, 0xB8,
    0x00, 0x00, 0x00, 0x00, 0x00, 0x00, 0x00, 0x00, 0x00, 0x00, 0x00, 0x00, 0x0F, 0x00, 0x00, 0x00,
    0x0F, 0x00, 0x00, 0x00, 0xFB, 0x00, 0x00, 0x00, 0xFB, 0x0F, 0x00, 0x00, 0xBB, 0xFB, 0x00, 0x00,
    0x00, 0x00, 0xFF, 0x88, 0x00, 0x00, 0x00, 0xFF, 0x00, 0x00, 0x00, 0x00, 0x00, 0x00, 0x00, 0x00,
    0x00, 0x00, 0x00, 0x00, 0x00, 0x00, 0x00, 0x00, 0x00, 0x00, 0x00, 0x00, 0x00, 0x00, 0x00, 0x00,
    0xB8, 0xBB, 0x0F, 0x00, 0xFF, 0xFF, 0x0F, 0x00, 0x00, 0x00, 0x00, 0x00, 0x00, 0x00, 0x00, 0x00,
    0x00, 0x00, 0x00, 0x00, 0x00, 0x00, 0x00, 0x00, 0x00, 0x00, 0x00, 0x00, 0x00, 0x00, 0x00, 0x00,
    0x00, 0x80, 0x33, 0x05, 0x00, 0x00, 0x38, 0x53, 0x00, 0x00, 0x38, 0x22, 0x00, 0x00, 0x80, 0x23,
    0x00, 0x00, 0x00, 0x38, 0x00, 0x00, 0x00, 0x80, 0x00, 0x00, 0x00, 0x00, 0x00, 0x00, 0x00, 0x00,
    0x00, 0x00, 0x00, 0x00, 0x00, 0x00, 0x00, 0x00, 0x05, 0x00, 0x00, 0x00, 0x52, 0x00, 0x00, 0x00,
    0x22, 0x05, 0x00, 0x00, 0x22, 0x51, 0x00, 0x00, 0x28, 0x11, 0x05, 0x00, 0x88, 0x12, 0x51, 0x00,
    0x80, 0x28, 0x11, 0x05, 0x00, 0x88, 0x22, 0x52, 0x00, 0x80, 0x28, 0x22, 0x00, 0x00, 0x88, 0x23,
    0x00, 0x00, 0x80, 0x38, 0x00, 0x00, 0x00, 0x88, 0x00, 0x00, 0x00, 0x80, 0x00, 0x00, 0x00, 0x80,
    0x00, 0x00, 0x00, 0x00, 0x00, 0x00, 0x00, 0x00, 0x05, 0x00, 0x00, 0x00, 0x52, 0x00, 0x00, 0x00,
    0x52, 0x00, 0x00, 0x00, 0x53, 0x05, 0x00, 0x00, 0x35, 0x55, 0x00, 0x00, 0x55, 0x53, 0x05, 0x00,
    0x00, 0x00, 0xE0, 0x8E, 0x00, 0x00, 0x6E, 0x8E, 0x00, 0x00, 0x8E, 0xEB, 0x00, 0x00, 0xBE, 0x8E,
    0x00, 0x00, 0xE0, 0xBE, 0x00, 0x00, 0x00, 0x00, 0x00, 0x00, 0x00, 0x00, 0x00, 0x00, 0x00, 0x00,
    0xE6, 0x91, 0xB8, 0xEE, 0x68, 0x3E, 0xE9, 0x00, 0xEE, 0xE6, 0x09, 0x00, 0xEB, 0xE8, 0x00, 0x00,
    0x0E, 0x0E, 0x00, 0x00, 0x00, 0x00, 0x00, 0x00, 0x00, 0x00, 0x00, 0x00, 0x00, 0x00, 0x00, 0x00,
    0x00, 0x00, 0x00, 0x00, 0x00, 0x00, 0x00, 0x00, 0x00, 0x00, 0x00, 0x00, 0x00, 0x00, 0x00, 0x00,
    0x00, 0x00, 0x00, 0x00, 0x0D, 0x00, 0x00, 0x00, 0xDF, 0x00, 0x00, 0x00, 0xFF, 0x0D, 0x00, 0x00,
    0xFD, 0x0F, 0x00, 0x00, 0xDD, 0xDF, 0x00, 0x00, 0xDF, 0xFF, 0x0D, 0x00, 0xFF, 0xFD, 0x0D, 0x00,
    0xD8, 0xF8, 0xDF, 0x00, 0xD8, 0xD8, 0xDF, 0x00, 0xD5, 0xFD, 0xDD, 0x00, 0x8F, 0xFF, 0xD8, 0x0D,
    0x00, 0x00, 0x00, 0x00, 0x00, 0x00, 0x00, 0x00, 0x00, 0x00, 0x00, 0x00, 0x00, 0x00, 0x00, 0x00,
    0x00, 0x00, 0x00, 0xE0, 0x00, 0x00, 0x00, 0xE0, 0x00, 0x00, 0x00, 0xBE, 0x00, 0x00, 0x00, 0xBE,
    0x00, 0x00, 0x00, 0xBE, 0x00, 0x00, 0x00, 0xBE, 0x00, 0x00, 0xE0, 0xBB, 0x00, 0x00, 0xE0, 0x8B,
    0x00, 0x00, 0xE0, 0xEE, 0x00, 0x00, 0x00, 0x00, 0x00, 0x00, 0x00, 0x00, 0x00, 0x00, 0x00, 0xF0,
    0x55, 0x00, 0x00, 0x00, 0x35, 0x05, 0x00, 0x00, 0x28, 0x52, 0x00, 0x00, 0x50, 0x52, 0x00, 0x00,
    0x80, 0x53, 0x05, 0x00, 0x00, 0x35, 0x55, 0x00, 0x00, 0x35, 0x52, 0x00, 0x00, 0x38, 0x53, 0x00,
    0x58, 0x25, 0x55, 0x00, 0x80, 0x35, 0x52, 0x05, 0x00, 0x38, 0x23, 0x55, 0x00, 0x80, 0x33, 0x52,
    0x00, 0x00, 0x38, 0x23, 0x00, 0x00, 0x80, 0x33, 0x00, 0x00, 0x00, 0x38, 0x00, 0x00, 0x00, 0x80,
    0x00, 0x00, 0x00, 0x00, 0x00, 0x00, 0x00, 0x00, 0x00, 0x00, 0x00, 0x00, 0x00, 0x00, 0x00, 0x00,
    0x00, 0x00, 0x00, 0x00, 0x00, 0x00, 0xE0, 0xEE, 0x00, 0x00, 0x8E, 0xE6, 0x00, 0x00, 0x8E, 0x0E,
    0x88, 0xFD, 0x88, 0x0D, 0x8F, 0xDD, 0x85, 0x0D, 0x5F, 0xD8, 0x85, 0x0D, 0x5F, 0xD8, 0x85, 0x0D,
    0x5F, 0xD8, 0x88, 0x0D, 0x5D, 0xD8, 0x88, 0x0D, 0x5D, 0xD8, 0xD8, 0x00, 0x5D, 0xD8, 0xD8, 0x00,
    0x00, 0x00, 0x00, 0x00, 0x00, 0x00, 0x00, 0x00, 0x0F, 0x00, 0x00, 0x00, 0x0F, 0x00, 0x00, 0x00,
    0x00, 0x00, 0x00, 0x00, 0x00, 0x00, 0x00, 0x00, 0x00, 0x00, 0x00, 0x00, 0x00, 0x00, 0x00, 0x00,
};
static const u16 sFrame76[] = {
    0x000E, 0x00B6, 0x81ED, 0x0000, 0x00D6, 0x81F5, 0x0010, 0x00F6, 0x41ED, 0x0020, 0x00F6, 0x4005,
    0x0024, 0x40A6, 0x01D5, 0x0028, 0x40AE, 0x01DD, 0x002A, 0x40D6, 0x01E5, 0x002C, 0x80BE, 0x000D,
    0x002E, 0x80E6, 0x01ED, 0x0030, 0x009E, 0x01D5, 0x0032, 0x00B6, 0x01E5, 0x0033, 0x00CE, 0x01E5,
    0x0034, 0x00CE, 0x000D, 0x0035, 0x00DE, 0x0015, 0x0036, 0x0000,
};
static const void* const sFrames76[] = { sFrame76 };
static const u8 sTiles77[1856] __attribute__((aligned(4))) = {
    0x00, 0x00, 0x00, 0x00, 0x00, 0x00, 0x00, 0x00, 0x00, 0x00, 0x00, 0x00, 0x05, 0x00, 0x00, 0x00,
    0x55, 0x00, 0x00, 0x00, 0x52, 0x05, 0x00, 0x00, 0x23, 0x55, 0x00, 0x00, 0x23, 0x52, 0x05, 0x00,
    0x00, 0x00, 0x00, 0x00, 0x00, 0x00, 0x00, 0x00, 0x00, 0x00, 0x00, 0x90, 0x00, 0x00, 0x00, 0x29,
    0x00, 0x00, 0x90, 0x22, 0x00, 0x00, 0x30, 0x11, 0x00, 0x00, 0x19, 0x99, 0x00, 0x00, 0x19, 0x17,
    0x00, 0x00, 0x00, 0x00, 0x90, 0x99, 0x99, 0x00, 0x33, 0x33, 0x21, 0x09, 0x13, 0x21, 0x19, 0x21,
    0x91, 0x21, 0x92, 0x21, 0x29, 0x19, 0x92, 0x23, 0x29, 0x92, 0x99, 0x29, 0x39, 0x33, 0x33, 0x39,
    0x00, 0x00, 0x00, 0x00, 0x00, 0x00, 0x00, 0x00, 0x00, 0x00, 0x00, 0x00, 0x00, 0x00, 0x00, 0x00,
    0x09, 0x00, 0x00, 0x00, 0x09, 0x00, 0x00, 0x00, 0x92, 0x00, 0x00, 0x00, 0x92, 0x00, 0x00, 0x00,
    0x28, 0x22, 0x55, 0x00, 0x80, 0x22, 0x52, 0x05, 0x00, 0x28, 0x22, 0x55, 0x00, 0x80, 0x22, 0x52,
    0x00, 0x00, 0x28, 0x12, 0x00, 0x00, 0x80, 0x22, 0x00, 0x00, 0x00, 0x28, 0x00, 0x00, 0x00, 0x80,
    0x00, 0x00, 0x29, 0x27, 0x00, 0x00, 0x29, 0x2A, 0x00, 0x00, 0x29, 0x1A, 0x05, 0x00, 0x9E, 0x1A,
    0x55, 0x00, 0x9E, 0x2A, 0x51, 0xE5, 0x9E, 0xAA, 0xE2, 0x3E, 0xE5, 0xE9, 0x3E, 0x12, 0x13, 0x3E,
    0x11, 0x91, 0x19, 0x33, 0xE1, 0x2E, 0x29, 0x13, 0x62, 0x21, 0x72, 0x23, 0x11, 0x11, 0xA2, 0x39,
    0x11, 0x21, 0xA7, 0x39, 0x12, 0x22, 0x9A, 0x39, 0x77, 0xAA, 0xA7, 0xE5, 0x5E, 0xBE, 0x22, 0xEE,
    0x92, 0x00, 0x00, 0x00, 0x93, 0x00, 0x00, 0x00, 0x93, 0x00, 0x00, 0x00, 0x12, 0x09, 0x00, 0x00,
    0x12, 0x09, 0x00, 0x00, 0xE5, 0xEE, 0x05, 0x00, 0x22, 0x33, 0x0E, 0x00, 0x3E, 0x12, 0x52, 0x00,
    0x00, 0x00, 0x00, 0xE0, 0x00, 0x00, 0x00, 0xE0, 0x00, 0x00, 0x00, 0x00, 0x00, 0x00, 0x00, 0x50,
    0x00, 0x00, 0x00, 0x3E, 0x00, 0x00, 0x00, 0x5E, 0x00, 0x00, 0x00, 0xE0, 0x00, 0x00, 0x00, 0x00,
    0x23, 0x52, 0x12, 0xE1, 0x35, 0x22, 0x22, 0xE3, 0xEE, 0x3E, 0x33, 0x3E, 0x13, 0xE1, 0xEE, 0xE5,
    0x22, 0x32, 0xE5, 0x88, 0x32, 0xEE, 0xBE, 0x88, 0xEE, 0xB8, 0xBB, 0x68, 0x8E, 0x86, 0xEB, 0x68,
    0xE1, 0x2E, 0x2B, 0xEE, 0xE2, 0x2E, 0xBB, 0x5E, 0xE2, 0xE8, 0xB2, 0xE1, 0x8E, 0xE8, 0x1A, 0xE2,
    0xBB, 0x88, 0x2E, 0x21, 0xB8, 0x8B, 0xAE, 0xE7, 0xB8, 0xBB, 0xEB, 0xBE, 0x88, 0xBB, 0xBE, 0xBB,
    0x35, 0x11, 0xE3, 0xDD, 0x3E, 0xE3, 0xEE, 0xFF, 0xE2, 0x35, 0x21, 0xF5, 0xEE, 0x5E, 0x32, 0xFE,
    0xEE, 0xEE, 0xEE, 0xDD, 0xEB, 0xBE, 0x8E, 0x88, 0xEB, 0x8E, 0x8E, 0xD8, 0xEB, 0x8E, 0x8E, 0xD8,
    0x00, 0x00, 0x00, 0x00, 0x00, 0x00, 0x00, 0xE0, 0x00, 0x00, 0x00, 0xEE, 0x00, 0x00, 0xE0, 0x8B,
    0x00, 0x00, 0xEE, 0x8E, 0x00, 0xBE, 0x66, 0x88, 0x90, 0x6B, 0x86, 0x88, 0x39, 0x69, 0x86, 0xE8,
    0x68, 0x86, 0xFB, 0x68, 0x68, 0x86, 0xFB, 0x8B, 0x8B, 0xB8, 0x0E, 0x8E, 0xB8, 0xEB, 0x00, 0x8E,
    0xB8, 0xEB, 0x00, 0x8E, 0xBB, 0x0E, 0x00, 0x8E, 0xEB, 0x00, 0x00, 0xBE, 0x0E, 0x00, 0x00, 0xBE,
    0x86, 0xBB, 0x8B, 0xB8, 0x86, 0xBB, 0xBB, 0x33, 0x66, 0xB8, 0x88, 0x88, 0x66, 0xB8, 0x68, 0x86,
    0x68, 0xB8, 0x8B, 0x86, 0x88, 0xB8, 0x8B, 0x33, 0x88, 0x88, 0x8B, 0x86, 0x88, 0x88, 0x8B, 0x86,
    0xBB, 0x8E, 0x8E, 0xDD, 0xBB, 0x8E, 0xDE, 0xFF, 0xBB, 0xBE, 0xDE, 0xD8, 0xBB, 0xBE, 0xEB, 0xD8,
    0xBB, 0xEB, 0xE8, 0xD5, 0xBB, 0xEB, 0x88, 0x5E, 0xB8, 0xEB, 0x88, 0x8E, 0x88, 0xEB, 0x8B, 0xBB,
    0x00, 0x00, 0x00, 0xBE, 0x00, 0x00, 0x00, 0x8E, 0x00, 0x00, 0xE0, 0x8B, 0x00, 0x00, 0xE0, 0x8B,
    0x00, 0x00, 0xE0, 0x8B, 0x00, 0x00, 0xBE, 0x6B, 0x00, 0x00, 0xBE, 0x6B, 0x00, 0x00, 0xBE, 0x68,
    0x88, 0xB8, 0x8B, 0x86, 0x88, 0xB8, 0x8B, 0x36, 0x68, 0xB8, 0x8B, 0x66, 0x66, 0xB8, 0x8B, 0x66,
    0x86, 0xB8, 0x68, 0x66, 0x86, 0xB8, 0x66, 0x86, 0x86, 0xBB, 0x66, 0x86, 0x88, 0xBB, 0x66, 0x86,
    0x88, 0xBB, 0x8E, 0x9B, 0x63, 0xB8, 0x9E, 0x39, 0x68, 0xB6, 0x9E, 0x91, 0x68, 0xB6, 0xEE, 0xBB,
    0x88, 0x66, 0xEE, 0x8B, 0xB8, 0x8B, 0xE8, 0xEB, 0x8B, 0x8E, 0xE8, 0xEE, 0x3B, 0xBE, 0xEE, 0x8E,
    0x8E, 0xD8, 0xFD, 0x85, 0x92, 0xD5, 0xDD, 0x85, 0x99, 0x5E, 0xDD, 0x85, 0x68, 0xEE, 0xDD, 0x55,
    0x8B, 0xE6, 0xD5, 0x55, 0xFE, 0xEF, 0xD5, 0x5D, 0xDD, 0xFF, 0x5F, 0x5D, 0xFF, 0xDD, 0xF2, 0x58,
    0x00, 0xE0, 0xBB, 0x68, 0x00, 0xE0, 0x8B, 0x86, 0x00, 0xE0, 0x8B, 0x86, 0x00, 0xE0, 0x6B, 0x86,
    0x00, 0xBE, 0x8B, 0xB8, 0x00, 0xBE, 0x88, 0xB8, 0x00, 0xBE, 0x88, 0xBB, 0xE0, 0xBB, 0xB8, 0xBB,
    0xB8, 0x8B, 0x66, 0x88, 0xB8, 0x8B, 0x66, 0xB8, 0xBB, 0x68, 0x86, 0xB8, 0xBB, 0x68, 0x86, 0x8B,
    0xBB, 0x68, 0x86, 0x8B, 0xBB, 0x68, 0x86, 0xEB, 0x8B, 0x66, 0xB8, 0xE8, 0x8B, 0x66, 0xB8, 0xF3,
    0x8B, 0xBE, 0xE6, 0xEE, 0xE8, 0xEB, 0xE6, 0x55, 0xE3, 0xEB, 0xE6, 0x55, 0xBE, 0xEB, 0xE8, 0x58,
    0xBE, 0xEB, 0x63, 0x8E, 0xBB, 0xEB, 0x6B, 0x8E, 0xBB, 0xEB, 0x6B, 0x8E, 0xBB, 0xBB, 0x6E, 0x8E,
    0xFE, 0xDF, 0xDD, 0x5F, 0xD5, 0xFD, 0xDF, 0xF2, 0x55, 0x5D, 0xF5, 0xFD, 0x55, 0xD5, 0x55, 0xFD,
    0x55, 0xD5, 0x55, 0x58, 0x55, 0x55, 0x5D, 0x5D, 0x58, 0x88, 0x5D, 0xDD, 0x58, 0xDD, 0x88, 0xDD,
    0xE0, 0xBB, 0xBB, 0xBB, 0xBE, 0xB8, 0xBB, 0xBB, 0xBE, 0xB8, 0xBB, 0xB8, 0xBE, 0xBB, 0x8B, 0xB8,
    0xBB, 0xBB, 0x88, 0xBB, 0xBB, 0xBB, 0x88, 0xBB, 0x8B, 0x8B, 0x86, 0xBB, 0x8B, 0x8B, 0x86, 0xBB,
    0x8B, 0x66, 0x8B, 0xFE, 0x8B, 0x66, 0x8B, 0xFE, 0x68, 0x66, 0x3B, 0xFE, 0x68, 0x66, 0xE8, 0xFB,
    0x68, 0x66, 0xE8, 0xBB, 0x68, 0x66, 0xE8, 0xBB, 0x68, 0x66, 0xE3, 0xBB, 0x68, 0x86, 0xBE, 0xBB,
    0xBB, 0xBB, 0x8E, 0x8E, 0xBB, 0xBB, 0x8E, 0xE6, 0xBB, 0xBB, 0x3E, 0xE6, 0xBB, 0xBB, 0xBE, 0xE6,
    0xBF, 0xBB, 0xBE, 0xE8, 0xBF, 0xBB, 0xEB, 0x68, 0xBF, 0xBB, 0xEB, 0x68, 0xBF, 0xBB, 0xEB, 0x63,
    0x55, 0xD5, 0x5D, 0x58, 0x55, 0xD5, 0xDD, 0x58, 0x55, 0x55, 0x8D, 0x88, 0x58, 0xDD, 0x88, 0xDD,
    0x55, 0xD5, 0x5D, 0x55, 0x5E, 0xD5, 0xDD, 0x55, 0x5E, 0x55, 0xD8, 0xD5, 0x8E, 0x55, 0xDD, 0x55,
    0x88, 0x8B, 0x86, 0x8B, 0x88, 0x68, 0x86, 0x8B, 0x88, 0x68, 0xB8, 0x8B, 0x88, 0x66, 0xB8, 0x8B,
    0x88, 0x66, 0xB8, 0x8B, 0xEE, 0xEE, 0xB8, 0x8B, 0x8F, 0xB8, 0xEE, 0xEE, 0x86, 0xB8, 0xFB, 0x00,
    0x66, 0x86, 0xBE, 0xFB, 0x66, 0x86, 0xFE, 0x0F, 0x66, 0x86, 0x0E, 0x00, 0x66, 0xB8, 0x0E, 0x00,
    0x66, 0xB8, 0x0E, 0x00, 0x66, 0xE8, 0x0E, 0x00, 0xEE, 0x0E, 0x00, 0x00, 0x00, 0x00, 0x00, 0x00,
    0xBF, 0xBB, 0xEB, 0x6B, 0xBF, 0xBB, 0xEB, 0x6B, 0x8F, 0xBB, 0xEB, 0x8B, 0x8F, 0xB8, 0xBB, 0x8E,
    0xFF, 0xB8, 0xBB, 0xBE, 0xF0, 0xB8, 0xBB, 0xBE, 0xF0, 0xB8, 0xBB, 0xEE, 0xF0, 0x88, 0xBB, 0xFB,
    0x5E, 0x88, 0xDD, 0x85, 0x5E, 0x85, 0x58, 0x85, 0x5E, 0xD8, 0x0D, 0x0D, 0xE6, 0xD8, 0x00, 0x08,
    0xE8, 0x0D, 0x00, 0x00, 0xEE, 0xDD, 0x00, 0x00, 0x85, 0x00, 0x00, 0x00, 0x00, 0x00, 0x00, 0x00,
    0x00, 0x00, 0x00, 0x00, 0xDF, 0x0D, 0x00, 0x00, 0xDF, 0xFF, 0x0D, 0x00, 0xFD, 0xFF, 0xDD, 0x00,
    0xFD, 0xFF, 0xFD, 0x0D, 0xDD, 0xFD, 0xFF, 0xDF, 0xDD, 0xDF, 0x8D, 0xDF, 0xFD, 0xDD, 0x88, 0xFD,
    0x00, 0x00, 0x00, 0x00, 0x00, 0x00, 0x00, 0x00, 0x00, 0x00, 0x00, 0x00, 0x00, 0x00, 0x00, 0x00,
    0x00, 0x00, 0x00, 0x00, 0x0D, 0x00, 0x00, 0x00, 0xDD, 0x00, 0x00, 0x00, 0xDD, 0x0D, 0x00, 0x00,
    0x88, 0xDD, 0x88, 0xFD, 0x88, 0xD8, 0x8D, 0xDF, 0x5D, 0xD5, 0x8D, 0xFF, 0x5D, 0xFD, 0x88, 0xFF,
    0xD8, 0xFD, 0x88, 0xDD, 0xD8, 0x8D, 0x88, 0xDD, 0xFD, 0xDD, 0x5F, 0x88, 0xFD, 0xDD, 0xFF, 0x88,
    0xDD, 0xDD, 0x00, 0x00, 0xD8, 0xDD, 0x00, 0x00, 0x88, 0xD8, 0x0D, 0x00, 0x8D, 0xD8, 0x0D, 0x00,
    0x8D, 0xD8, 0xDD, 0x00, 0x8D, 0x88, 0xDD, 0x00, 0x5D, 0x88, 0xD8, 0x00, 0xD8, 0x88, 0xD8, 0x00,
    0x00, 0x00, 0x00, 0xF0, 0x00, 0x00, 0x00, 0xF0, 0x00, 0x00, 0x00, 0xF0, 0x00, 0x00, 0x00, 0xF0,
    0x00, 0x00, 0x00, 0x6F, 0x00, 0x00, 0x00, 0x6F, 0x00, 0x00, 0xF0, 0x6F, 0x00, 0x00, 0x6F, 0x86,
    0x86, 0xB8, 0xFB, 0x00, 0x86, 0xB8, 0x0F, 0x00, 0x88, 0xBB, 0x0F, 0x00, 0x88, 0xFB, 0x00, 0x00,
    0x88, 0xFB, 0x00, 0x00, 0x88, 0xFB, 0x00, 0x00, 0xB8, 0x0F, 0x00, 0x00, 0xB8, 0x0F, 0x00, 0x00,
    0x00, 0x00, 0x6F, 0x88, 0x00, 0x00, 0xFF, 0xFF, 0x00, 0x00, 0x00, 0x00, 0x00, 0x00, 0x00, 0x00,
    0x00, 0x00, 0x00, 0x00, 0x00, 0x00, 0x00, 0x00, 0x00, 0x00, 0x00, 0x00, 0x00, 0x00, 0x00, 0x00,
    0xB8, 0x0F, 0x00, 0x00, 0xFF, 0x00, 0x00, 0x00, 0x00, 0x00, 0x00, 0x00, 0x00, 0x00, 0x00, 0x00,
    0x00, 0x00, 0x00, 0x00, 0x00, 0x00, 0x00, 0x00, 0x00, 0x00, 0x00, 0x00, 0x00, 0x00, 0x00, 0x00,
    0xF0, 0x88, 0xBB, 0xFB, 0xF0, 0x88, 0xBB, 0xFB, 0xF0, 0x88, 0xB8, 0xFB, 0x00, 0x8F, 0xB8, 0xBB,
    0x00, 0x8F, 0x88, 0xBB, 0x00, 0x8F, 0x88, 0xBB, 0x00, 0xF0, 0x88, 0xBB, 0x00, 0xF0, 0x88, 0xB8,
    0x00, 0x00, 0x00, 0x00, 0x00, 0x00, 0x00, 0x00, 0x00, 0x00, 0x00, 0x00, 0x0F, 0x00, 0x00, 0x00,
    0x0F, 0x00, 0x00, 0x00, 0xFB, 0x00, 0x00, 0x00, 0xFB, 0x0F, 0x00, 0x00, 0xBB, 0xFB, 0x00, 0x00,
    0x00, 0x00, 0xFF, 0x88, 0x00, 0x00, 0x00, 0xFF, 0x00, 0x00, 0x00, 0x00, 0x00, 0x00, 0x00, 0x00,
    0x00, 0x00, 0x00, 0x00, 0x00, 0x00, 0x00, 0x00, 0x00, 0x00, 0x00, 0x00, 0x00, 0x00, 0x00, 0x00,
    0xB8, 0xBB, 0x0F, 0x00, 0xFF, 0xFF, 0x0F, 0x00, 0x00, 0x00, 0x00, 0x00, 0x00, 0x00, 0x00, 0x00,
    0x00, 0x00, 0x00, 0x00, 0x00, 0x00, 0x00, 0x00, 0x00, 0x00, 0x00, 0x00, 0x00, 0x00, 0x00, 0x00,
    0x00, 0x80, 0x33, 0x05, 0x00, 0x00, 0x38, 0x53, 0x00, 0x00, 0x38, 0x22, 0x00, 0x00, 0x80, 0x23,
    0x00, 0x00, 0x00, 0x38, 0x00, 0x00, 0x00, 0x80, 0x00, 0x00, 0x00, 0x00, 0x00, 0x00, 0x00, 0x00,
    0x00, 0x00, 0x00, 0x00, 0x00, 0x00, 0x00, 0x00, 0x05, 0x00, 0x00, 0x00, 0x52, 0x00, 0x00, 0x00,
    0x22, 0x05, 0x00, 0x00, 0x22, 0x51, 0x00, 0x00, 0x28, 0x11, 0x05, 0x00, 0x88, 0x12, 0x51, 0x00,
    0x80, 0x28, 0x11, 0x05, 0x00, 0x88, 0x22, 0x52, 0x00, 0x80, 0x28, 0x22, 0x00, 0x00, 0x88, 0x23,
    0x00, 0x00, 0x80, 0x38, 0x00, 0x00, 0x00, 0x88, 0x00, 0x00, 0x00, 0x80, 0x00, 0x00, 0x00, 0x80,
    0x00, 0x00, 0x00, 0x00, 0x00, 0x00, 0x00, 0x00, 0x05, 0x00, 0x00, 0x00, 0x52, 0x00, 0x00, 0x00,
    0x52, 0x00, 0x00, 0x00, 0x53, 0x05, 0x00, 0x00, 0x35, 0x55, 0x00, 0x00, 0x55, 0x53, 0x05, 0x00,
    0x00, 0x00, 0xE0, 0x8E, 0x00, 0x00, 0x6E, 0x8E, 0x00, 0x00, 0x8E, 0xEB, 0x00, 0x00, 0xBE, 0x8E,
    0x00, 0x00, 0xE0, 0xBE, 0x00, 0x00, 0x00, 0x00, 0x00, 0x00, 0x00, 0x00, 0x00, 0x00, 0x00, 0x00,
    0xE6, 0x91, 0xB8, 0xEE, 0x68, 0x3E, 0xE9, 0x00, 0xEE, 0xE6, 0x09, 0x00, 0xEB, 0xE8, 0x00, 0x00,
    0x0E, 0x0E, 0x00, 0x00, 0x00, 0x00, 0x00, 0x00, 0x00, 0x00, 0x00, 0x00, 0x00, 0x00, 0x00, 0x00,
    0xD8, 0x88, 0xD8, 0x00, 0xD8, 0x8D, 0xDD, 0x00, 0xD8, 0x8D, 0xDD, 0x00, 0xD8, 0xDD, 0xD8, 0x00,
    0x85, 0xDD, 0xD8, 0x00, 0x85, 0xDD, 0xDD, 0x00, 0x85, 0xD8, 0xDD, 0x00, 0x85, 0xD8, 0xDD, 0x00,
    0x55, 0xDD, 0xDD, 0x00, 0x55, 0xDD, 0xDD, 0x00, 0x5F, 0xDD, 0x0D, 0x00, 0x5F, 0xDD, 0x0D, 0x00,
    0x55, 0xDD, 0x0D, 0x00, 0x55, 0xDD, 0x00, 0x00, 0x55, 0xDD, 0x00, 0x00, 0x55, 0xDD, 0x00, 0x00,
    0x00, 0x00, 0x00, 0x00, 0x00, 0x00, 0x00, 0x00, 0x00, 0x00, 0x00, 0x00, 0x00, 0x00, 0x00, 0x00,
    0x00, 0x00, 0x00, 0xE0, 0x00, 0x00, 0x00, 0xE0, 0x00, 0x00, 0x00, 0xBE, 0x00, 0x00, 0x00, 0xBE,
    0x00, 0x00, 0x00, 0xBE, 0x00, 0x00, 0x00, 0xBE, 0x00, 0x00, 0xE0, 0xBB, 0x00, 0x00, 0xE0, 0x8B,
    0x00, 0x00, 0xE0, 0xEE, 0x00, 0x00, 0x00, 0x00, 0x00, 0x00, 0x00, 0x00, 0x00, 0x00, 0x00, 0xF0,
    0x55, 0x00, 0x00, 0x00, 0x35, 0x05, 0x00, 0x00, 0x28, 0x52, 0x00, 0x00, 0x50, 0x52, 0x00, 0x00,
    0x80, 0x53, 0x05, 0x00, 0x00, 0x35, 0x55, 0x00, 0x00, 0x35, 0x52, 0x00, 0x00, 0x38, 0x53, 0x00,
    0x58, 0x25, 0x55, 0x00, 0x80, 0x35, 0x52, 0x05, 0x00, 0x38, 0x23, 0x55, 0x00, 0x80, 0x33, 0x52,
    0x00, 0x00, 0x38, 0x23, 0x00, 0x00, 0x80, 0x33, 0x00, 0x00, 0x00, 0x38, 0x00, 0x00, 0x00, 0x80,
    0x00, 0x00, 0x00, 0x00, 0x00, 0x00, 0x00, 0x00, 0x00, 0x00, 0x00, 0x00, 0x00, 0x00, 0x00, 0x00,
    0x00, 0x00, 0x00, 0x00, 0x00, 0x00, 0xE0, 0xEE, 0x00, 0x00, 0x8E, 0xE6, 0x00, 0x00, 0x8E, 0x0E,
    0x55, 0xDD, 0x00, 0x00, 0x55, 0x0D, 0x00, 0x00, 0x55, 0x05, 0x00, 0x00, 0x5D, 0x55, 0x00, 0x00,
    0xD5, 0x88, 0x00, 0x00, 0x58, 0x00, 0x00, 0x00, 0x5D, 0x00, 0x00, 0x00, 0x00, 0x00, 0x00, 0x00,
};
static const u16 sFrame77[] = {
    0x000E, 0x00B6, 0x81EC, 0x0000, 0x00D6, 0x81F4, 0x0010, 0x00C6, 0x400C, 0x0020, 0x00F6, 0x41EC,
    0x0024, 0x00F6, 0x4004, 0x0028, 0x40A6, 0x01D4, 0x002C, 0x40AE, 0x01DC, 0x002E, 0x40D6, 0x01E4,
    0x0030, 0x80D6, 0x0014, 0x0032, 0x80E6, 0x01EC, 0x0034, 0x009E, 0x01D4, 0x0036, 0x00B6, 0x01E4,
    0x0037, 0x00CE, 0x01E4, 0x0038, 0x00E6, 0x0014, 0x0039, 0x0000,
};
static const void* const sFrames77[] = { sFrame77 };
static const u8 sTiles78[2752] __attribute__((aligned(4))) = {
    0x00, 0x00, 0x00, 0x00, 0x00, 0x00, 0x00, 0x00, 0x00, 0x00, 0x00, 0x90, 0x00, 0x00, 0x00, 0x29,
    0x00, 0x00, 0x90, 0x22, 0x00, 0x00, 0x30, 0x11, 0x00, 0x00, 0x19, 0x99, 0x00, 0x00, 0x19, 0x17,
    0x00, 0x00, 0x00, 0x00, 0x90, 0x99, 0x99, 0x00, 0x33, 0x33, 0x21, 0x09, 0x13, 0x21, 0x19, 0x21,
    0x91, 0x21, 0x92, 0x21, 0x29, 0x19, 0x92, 0x23, 0x29, 0x92, 0x99, 0x29, 0x39, 0x33, 0x33, 0x39,
    0x00, 0x00, 0x00, 0x00, 0x00, 0x00, 0x00, 0x00, 0x00, 0x00, 0x00, 0x00, 0x00, 0x00, 0x00, 0x00,
    0x09, 0x00, 0x00, 0x00, 0x09, 0x00, 0x00, 0x00, 0x92, 0x00, 0x00, 0x00, 0x92, 0x00, 0x00, 0x00,
    0x00, 0xF0, 0xDD, 0xFD, 0x00, 0xF0, 0xDD, 0xFF, 0x00, 0xF0, 0xDD, 0xFF, 0x00, 0x8F, 0xFD, 0xFF,
    0x00, 0x8F, 0xFD, 0xFF, 0xF0, 0x88, 0xFD, 0xFF, 0xF0, 0xD8, 0xFD, 0xFF, 0x8F, 0xDD, 0xFD, 0xFF,
    0x00, 0x00, 0x29, 0x27, 0x00, 0x00, 0x29, 0x2A, 0x00, 0x00, 0x29, 0x1A, 0x05, 0x00, 0x9E, 0x1A,
    0x55, 0x00, 0x9E, 0x2A, 0x51, 0xE5, 0x9E, 0xAA, 0xE2, 0x3E, 0xE5, 0xE9, 0x3E, 0x12, 0x13, 0x3E,
    0x11, 0x91, 0x19, 0x33, 0xE1, 0x2E, 0x29, 0x13, 0x62, 0x21, 0x72, 0x23, 0x11, 0x11, 0xA2, 0x39,
    0x11, 0x21, 0xA7, 0x39, 0x12, 0x22, 0x9A, 0x39, 0x77, 0xAA, 0xA7, 0xE5, 0x5E, 0xBE, 0x22, 0xEE,
    0x92, 0x00, 0x00, 0xF0, 0x93, 0x00, 0x00, 0xF0, 0x93, 0x00, 0x00, 0x8F, 0x12, 0x09, 0xFF, 0x88,
    0x12, 0xF9, 0x88, 0xD8, 0xE5, 0xEE, 0xD5, 0xFD, 0x22, 0x33, 0xFE, 0xFF, 0x3E, 0x12, 0x52, 0xFF,
    0x88, 0xDD, 0xFF, 0xFF, 0xD8, 0xDD, 0xFF, 0xFF, 0xD8, 0xFD, 0xFF, 0xFF, 0xDD, 0xFF, 0xFF, 0xFF,
    0xFD, 0xFF, 0xFF, 0xFF, 0xFF, 0xFF, 0xFF, 0xFF, 0xFF, 0xFF, 0xFF, 0xFF, 0xFF, 0xFF, 0xFF, 0xFF,
    0x23, 0x52, 0x12, 0xE1, 0x35, 0x22, 0x22, 0xE3, 0xEE, 0x3E, 0x33, 0x3E, 0x13, 0xE1, 0xEE, 0xE5,
    0x22, 0x32, 0xE5, 0x88, 0x32, 0xEE, 0xBE, 0x88, 0xEE, 0xB8, 0xBB, 0x68, 0x8E, 0x86, 0xEB, 0x68,
    0xE1, 0x2E, 0x2B, 0xEE, 0xE2, 0x2E, 0xBB, 0x5E, 0xE2, 0xE8, 0xB2, 0xE1, 0x8E, 0xE8, 0x1A, 0xE2,
    0xBB, 0x88, 0x2E, 0x21, 0xB8, 0x8B, 0xAE, 0xE7, 0xB8, 0xBB, 0xEB, 0xBE, 0x88, 0xBB, 0xBE, 0xBB,
    0x35, 0x11, 0xE3, 0xFF, 0x3E, 0xE3, 0xEE, 0xFF, 0xE2, 0x35, 0x21, 0xF5, 0xEE, 0x5E, 0x32, 0xFE,
    0xEE, 0xEE, 0xEE, 0xFF, 0xEB, 0xBE, 0xFE, 0xFF, 0xEB, 0x8E, 0xFE, 0xFF, 0xEB, 0x8E, 0xFE, 0xFF,
    0xFF, 0xFF, 0xFF, 0xFF, 0xFF, 0xFF, 0xFF, 0xFF, 0xFF, 0xFF, 0xFF, 0xFF, 0xFF, 0xFF, 0xFF, 0xFF,
    0xFF, 0xFF, 0xFF, 0xFF, 0xFF, 0xFF, 0x0F, 0x0F, 0xFF, 0xFF, 0x0F, 0x0F, 0xFF, 0xFF, 0x0F, 0x00,
    0x68, 0x86, 0xFB, 0x68, 0x68, 0x86, 0xFB, 0x8B, 0x8B, 0xB8, 0x0E, 0x8E, 0xB8, 0xEB, 0x00, 0x8E,
    0xB8, 0xEB, 0x00, 0x8E, 0xBB, 0x0E, 0x00, 0x8E, 0xEB, 0x00, 0x00, 0xBE, 0x0E, 0x00, 0x00, 0xBE,
    0x86, 0xBB, 0x8B, 0xB8, 0x86, 0xBB, 0xBB, 0x33, 0x66, 0xB8, 0x88, 0x88, 0x66, 0xB8, 0x68, 0x86,
    0x68, 0xB8, 0x8B, 0x86, 0x88, 0xB8, 0x8B, 0x33, 0x88, 0x88, 0x8B, 0x86, 0x88, 0x88, 0x8B, 0x86,
    0xBB, 0x8E, 0xFE, 0xFF, 0xBB, 0x8E, 0xFE, 0xFF, 0xBB, 0xBE, 0xFE, 0xFF, 0xBB, 0xBE, 0xEB, 0x0F,
    0xBB, 0xEB, 0xE8, 0x00, 0xBB, 0xEB, 0x88, 0x0E, 0xB8, 0xEB, 0x88, 0x0E, 0x88, 0xEB, 0x8B, 0xBB,
    0xFF, 0xF0, 0x0F, 0x00, 0x0F, 0x00, 0x0F, 0x00, 0x0F, 0x00, 0x0F, 0x00, 0x0F, 0x00, 0x00, 0x00,
    0x0F, 0x00, 0x00, 0x00, 0x00, 0x00, 0x00, 0x00, 0x00, 0x00, 0x00, 0x00, 0x00, 0x00, 0x00, 0x00,
    0x00, 0x00, 0x00, 0xBE, 0x00, 0x00, 0x00, 0x8E, 0x00, 0x00, 0xE0, 0x8B, 0x00, 0x00, 0xE0, 0x8B,
    0x00, 0x00, 0xE0, 0x8B, 0x00, 0x00, 0xBE, 0x6B, 0x00, 0x00, 0xBE, 0x6B, 0x00, 0x00, 0xBE, 0x68,
    0x88, 0xB8, 0x8B, 0x86, 0x88, 0xB8, 0x8B, 0x36, 0x68, 0xB8, 0x8B, 0x66, 0x66, 0xB8, 0x8B, 0x66,
    0x86, 0xB8, 0x68, 0x66, 0x86, 0xB8, 0x66, 0x86, 0x86, 0xBB, 0x66, 0x86, 0x88, 0xBB, 0x66, 0x86,
    0x88, 0xBB, 0x8E, 0x9B, 0x63, 0xB8, 0x9E, 0x39, 0x68, 0xB6, 0x9E, 0x91, 0x68, 0xB6, 0xEE, 0xBB,
    0x88, 0x66, 0xEE, 0x8B, 0xB8, 0x8B, 0xE8, 0xEB, 0x8B, 0x8E, 0xE8, 0xEE, 0x3B, 0xBE, 0xEE, 0x8E,
    0x0E, 0x00, 0x00, 0x00, 0x92, 0x00, 0x00, 0x00, 0x99, 0x0E, 0x00, 0x00, 0x68, 0xEE, 0x00, 0x00,
    0x8B, 0xE6, 0x00, 0x00, 0xFE, 0xEF, 0x00, 0x00, 0xDD, 0xFF, 0x0F, 0x00, 0xFF, 0xDD, 0xF2, 0x00,
    0x00, 0xE0, 0xBB, 0x68, 0x00, 0xE0, 0x8B, 0x86, 0x00, 0xE0, 0x8B, 0x86, 0x00, 0xE0, 0x6B, 0x86,
    0x00, 0xBE, 0x8B, 0xB8, 0x00, 0xBE, 0x88, 0xB8, 0x00, 0xBE, 0x88, 0xBB, 0xE0, 0xBB, 0xB8, 0xBB,
    0xB8, 0x8B, 0x66, 0x88, 0xB8, 0x8B, 0x66, 0xB8, 0xBB, 0x68, 0x86, 0xB8, 0xBB, 0x68, 0x86, 0x8B,
    0xBB, 0x68, 0x86, 0x8B, 0xBB, 0x68, 0x86, 0xEB, 0x8B, 0x66, 0xB8, 0xE8, 0x8B, 0x66, 0xB8, 0xF3,
    0x8B, 0xBE, 0xE6, 0xEE, 0xE8, 0xEB, 0xE6, 0x00, 0xE3, 0xEB, 0xE6, 0x00, 0xBE, 0xEB, 0xE8, 0x00,
    0xBE, 0xEB, 0x63, 0x0E, 0xBB, 0xEB, 0x6B, 0x0E, 0xBB, 0xEB, 0x6B, 0x0E, 0xBB, 0xBB, 0x6E, 0x0E,
    0xFE, 0xDF, 0xDD, 0x0F, 0x00, 0xF0, 0xDF, 0xF2, 0x00, 0x00, 0xF0, 0xFD, 0x00, 0x00, 0x00, 0xF0,
    0x00, 0x00, 0x00, 0x00, 0x00, 0x00, 0x00, 0x00, 0x00, 0x00, 0x00, 0x00, 0x00, 0x00, 0x00, 0x00,
    0xE0, 0xBB, 0xBB, 0xBB, 0xBE, 0xB8, 0xBB, 0xBB, 0xBE, 0xB8, 0xBB, 0xB8, 0xBE, 0xBB, 0x8B, 0xB8,
    0xBB, 0xBB, 0x88, 0xBB, 0xBB, 0xBB, 0x88, 0xBB, 0x8B, 0x8B, 0x86, 0xBB, 0x8B, 0x8B, 0x86, 0xBB,
    0x8B, 0x66, 0x8B, 0xFE, 0x8B, 0x66, 0x8B, 0xFE, 0x68, 0x66, 0x3B, 0xFE, 0x68, 0x66, 0xE8, 0xFB,
    0x68, 0x66, 0xE8, 0xBB, 0x68, 0x66, 0xE8, 0xBB, 0x68, 0x66, 0xE3, 0xBB, 0x68, 0x86, 0xBE, 0xBB,
    0xBB, 0xBB, 0x8E, 0x0E, 0xBB, 0xBB, 0x8E, 0xE6, 0xBB, 0xBB, 0x3E, 0xE6, 0xBB, 0xBB, 0xBE, 0xE6,
    0xBF, 0xBB, 0xBE, 0xE8, 0xBF, 0xBB, 0xEB, 0x68, 0xBF, 0xBB, 0xEB, 0x68, 0xBF, 0xBB, 0xEB, 0x63,
    0x00, 0x00, 0x00, 0x00, 0x00, 0x00, 0x00, 0x00, 0x00, 0x00, 0x00, 0x00, 0x00, 0x00, 0x00, 0x00,
    0x00, 0x00, 0x00, 0x00, 0x0E, 0x00, 0x00, 0x00, 0x0E, 0x00, 0x00, 0x00, 0x0E, 0x00, 0x00, 0x00,
    0x88, 0x8B, 0x86, 0x8B, 0x88, 0x68, 0x86, 0x8B, 0x88, 0x68, 0xB8, 0x8B, 0x88, 0x66, 0xB8, 0x8B,
    0x88, 0x66, 0xB8, 0x8B, 0xEE, 0xEE, 0xB8, 0x8B, 0x8F, 0xB8, 0xEE, 0xEE, 0x86, 0xB8, 0xFB, 0x00,
    0x66, 0x86, 0xBE, 0xFB, 0x66, 0x86, 0xFE, 0x0F, 0x66, 0x86, 0x0E, 0x00, 0x66, 0xB8, 0x0E, 0x00,
    0x66, 0xB8, 0x0E, 0x00, 0x66, 0xE8, 0x0E, 0x00, 0xEE, 0x0E, 0x00, 0x00, 0x00, 0x00, 0x00, 0x00,
    0xBF, 0xBB, 0xEB, 0x6B, 0xBF, 0xBB, 0xEB, 0x6B, 0x8F, 0xBB, 0xEB, 0x8B, 0x8F, 0xB8, 0xBB, 0x8E,
    0xFF, 0xB8, 0xBB, 0xBE, 0xF0, 0xB8, 0xBB, 0xBE, 0xF0, 0xB8, 0xBB, 0xEE, 0xF0, 0x88, 0xBB, 0xFB,
    0x0E, 0x00, 0x00, 0x00, 0x0E, 0x00, 0x00, 0x00, 0x0E, 0x00, 0x00, 0x00, 0xE6, 0x00, 0x00, 0x00,
    0xE8, 0x00, 0x00, 0x00, 0xEE, 0x00, 0x00, 0x00, 0x00, 0x00, 0x00, 0x00, 0x00, 0x00, 0x00, 0x00,
    0x8D, 0x55, 0x88, 0xDD, 0xDF, 0x58, 0xD8, 0xDD, 0xFF, 0x88, 0x85, 0xDD, 0xFF, 0xDF, 0x55, 0xD8,
    0xFF, 0xFF, 0x8D, 0x55, 0xFF, 0xFF, 0xDF, 0x55, 0xF0, 0xFF, 0xFD, 0x58, 0xF0, 0xFF, 0xFF, 0x8F,
    0x55, 0x85, 0x5D, 0x85, 0x58, 0x55, 0xD8, 0x58, 0x88, 0x55, 0x85, 0x5F, 0x8D, 0x58, 0x55, 0xF8,
    0xD8, 0x8D, 0x58, 0xD5, 0x85, 0x8D, 0x58, 0x85, 0x85, 0xD8, 0x8D, 0x55, 0x55, 0x85, 0xDD, 0x58,
    0xD8, 0xDD, 0x0F, 0x00, 0x85, 0xDD, 0xFD, 0x00, 0x55, 0xD8, 0xDD, 0x0F, 0x58, 0x85, 0xDD, 0xFD,
    0x8F, 0x55, 0x88, 0xDD, 0xFD, 0x55, 0x85, 0xDD, 0xD8, 0x5F, 0x55, 0xD8, 0x85, 0xFD, 0x55, 0x85,
    0x00, 0x00, 0x00, 0x00, 0x00, 0x00, 0x00, 0x00, 0x00, 0x00, 0x00, 0x00, 0x00, 0x00, 0x00, 0x00,
    0x0F, 0x00, 0x00, 0x00, 0x0F, 0x00, 0x00, 0x00, 0xFD, 0x00, 0x00, 0x00, 0xDD, 0x0F, 0x00, 0x00,
    0xF0, 0xFF, 0xFF, 0xDF, 0xF0, 0xFF, 0xFF, 0xFF, 0x00, 0xFF, 0xFF, 0xFF, 0x00, 0xFF, 0xFF, 0xFF,
    0x00, 0xFF, 0xFF, 0xFF, 0x00, 0xFF, 0xFF, 0xFF, 0x00, 0x0F, 0xFF, 0xFF, 0x00, 0x0F, 0xFF, 0xFF,
    0x58, 0x85, 0xD8, 0x5F, 0x58, 0x55, 0x88, 0x5F, 0x88, 0x55, 0x85, 0xFD, 0x8F, 0x55, 0x85, 0xF8,
    0x8F, 0x58, 0x55, 0xF8, 0xFF, 0x58, 0x55, 0xD8, 0xFF, 0x5D, 0x55, 0xD5, 0xFF, 0x5F, 0x55, 0x85,
    0x85, 0xDD, 0x5F, 0x85, 0x55, 0xD8, 0x8F, 0x55, 0x55, 0x88, 0xFD, 0x55, 0x58, 0x85, 0xFD, 0x55,
    0x5D, 0x85, 0xD8, 0x8F, 0x5F, 0x55, 0xD8, 0x8F, 0x5F, 0x55, 0x88, 0xDF, 0x8F, 0x55, 0x88, 0xFD,
    0xD8, 0x0F, 0x00, 0x00, 0x88, 0xFD, 0x00, 0x00, 0x85, 0xFD, 0x00, 0x00, 0x85, 0x8D, 0x0F, 0x00,
    0x55, 0xD8, 0x0F, 0x00, 0x55, 0xD8, 0x0F, 0x00, 0x55, 0xD5, 0xFD, 0x00, 0x55, 0x85, 0xF8, 0x00,
    0x00, 0x00, 0xFF, 0xFF, 0x00, 0x00, 0xFF, 0xFF, 0x00, 0x00, 0xFF, 0xFF, 0x00, 0x00, 0xFF, 0xFF,
    0x00, 0x00, 0x0F, 0xFF, 0x00, 0x00, 0x0F, 0xFF, 0x00, 0x00, 0x00, 0xFF, 0x00, 0x00, 0x00, 0xFF,
    0xFF, 0x5F, 0x55, 0x85, 0xFF, 0x8F, 0x55, 0x85, 0xFF, 0xDF, 0x58, 0x85, 0xFF, 0xFF, 0x58, 0x55,
    0xFF, 0xFF, 0x58, 0x55, 0xFF, 0xFF, 0x58, 0x55, 0xFF, 0xFF, 0x58, 0x55, 0xFF, 0xFF, 0x58, 0x55,
    0xFD, 0x55, 0x88, 0xFD, 0xF8, 0x55, 0x85, 0xFD, 0xF8, 0x55, 0x85, 0xFD, 0xF8, 0x55, 0x85, 0xFF,
    0xF8, 0x55, 0x85, 0xFF, 0xF8, 0x55, 0x85, 0xFF, 0xF8, 0x5F, 0x85, 0xFF, 0xF5, 0x5F, 0x85, 0xFD,
    0x55, 0x55, 0xD8, 0x0F, 0x58, 0x55, 0x88, 0x0F, 0x58, 0x55, 0x88, 0x0F, 0x58, 0x55, 0x85, 0x0F,
    0x88, 0x55, 0x85, 0x0F, 0x8D, 0x55, 0x85, 0x0F, 0x8D, 0x55, 0x85, 0x0F, 0x8F, 0x55, 0x85, 0x0F,
    0x00, 0x00, 0x00, 0xFF, 0x00, 0x00, 0x00, 0x0F, 0x00, 0x00, 0x00, 0x0F, 0x00, 0x00, 0x00, 0x00,
    0x00, 0x00, 0x00, 0x00, 0x00, 0x00, 0x00, 0x00, 0x00, 0x00, 0x00, 0x00, 0x00, 0x00, 0x00, 0x00,
    0xFF, 0xFF, 0x5D, 0x55, 0xFF, 0xFF, 0x5F, 0x55, 0xFF, 0xFF, 0x5F, 0x55, 0xFF, 0xFF, 0x5F, 0x55,
    0xFF, 0xFF, 0x5F, 0x55, 0xFF, 0xFF, 0x5F, 0x55, 0xFF, 0xFF, 0x5F, 0x55, 0x0F, 0xFF, 0x5F, 0x55,
    0xF5, 0x5F, 0x85, 0xFD, 0xF5, 0x5F, 0x85, 0xFD, 0xF5, 0x5F, 0x85, 0xFD, 0xF5, 0x5F, 0x85, 0xFD,
    0xF5, 0x5F, 0x85, 0xFD, 0xF5, 0x5F, 0x85, 0xFD, 0xF8, 0x5F, 0x85, 0xFD, 0xFD, 0x5F, 0x85, 0xFD,
    0x8F, 0x55, 0x85, 0x0F, 0xDF, 0x55, 0xD8, 0x0F, 0xDF, 0x55, 0xD8, 0x0F, 0xDF, 0x55, 0xD8, 0x0F,
    0xDF, 0x85, 0xF8, 0x00, 0xDF, 0x85, 0xF8, 0x00, 0xDF, 0x85, 0x0F, 0x00, 0xDF, 0xF8, 0x00, 0x00,
    0x00, 0x00, 0x00, 0x00, 0x00, 0x00, 0x00, 0x00, 0x00, 0x00, 0x00, 0x00, 0xFF, 0xFF, 0xFF, 0xFF,
    0xDD, 0xDD, 0xFD, 0xFF, 0xDD, 0xFD, 0xFF, 0xDF, 0xDF, 0xDD, 0xDD, 0xFF, 0xDF, 0xDD, 0xDD, 0xFD,
    0x00, 0x00, 0x00, 0x00, 0x00, 0x00, 0x00, 0x00, 0x00, 0x00, 0x00, 0x00, 0xFF, 0x0F, 0x00, 0x00,
    0xDF, 0xFF, 0x0F, 0x00, 0xDD, 0xFF, 0xFF, 0x0F, 0xFF, 0xFF, 0xFF, 0xFF, 0xFF, 0xDD, 0xDD, 0xFF,
    0xFF, 0xDF, 0x8D, 0x88, 0xFD, 0xDF, 0xFF, 0x8F, 0xFF, 0xDF, 0xFD, 0xFF, 0x8F, 0x88, 0xD8, 0xFD,
    0xFF, 0x5F, 0x88, 0xD8, 0xDF, 0xFD, 0x85, 0x88, 0xFF, 0xFF, 0xFF, 0x88, 0xFF, 0xFF, 0xDF, 0x8F,
    0xF8, 0xFF, 0x8D, 0xDD, 0x88, 0x88, 0x8D, 0x88, 0x8D, 0x55, 0xD8, 0x88, 0xDF, 0x8D, 0x85, 0xDD,
    0x8D, 0xDD, 0x88, 0xD8, 0x88, 0xDD, 0x55, 0x85, 0x58, 0x88, 0xDD, 0x55, 0x58, 0x88, 0xDD, 0x58,
    0x00, 0x00, 0x00, 0x00, 0x00, 0x00, 0x00, 0x00, 0x00, 0x00, 0x00, 0x00, 0x00, 0x00, 0x00, 0x00,
    0x00, 0x00, 0x00, 0x00, 0x00, 0x00, 0xE0, 0xEE, 0x00, 0x00, 0x8E, 0xE6, 0x00, 0x00, 0x8E, 0x0E,
    0x00, 0x00, 0x00, 0x00, 0x00, 0x00, 0x00, 0xE0, 0x00, 0x00, 0x00, 0xEE, 0x00, 0x00, 0xE0, 0x8B,
    0x00, 0x00, 0xEE, 0x8E, 0x00, 0xBE, 0x66, 0x88, 0x90, 0x6B, 0x86, 0x88, 0x39, 0x69, 0x86, 0xE8,
    0x00, 0x00, 0xE0, 0x8E, 0x00, 0x00, 0x6E, 0x8E, 0x00, 0x00, 0x8E, 0xEB, 0x00, 0x00, 0xBE, 0x8E,
    0x00, 0x00, 0xE0, 0xBE, 0x00, 0x00, 0x00, 0x00, 0x00, 0x00, 0x00, 0x00, 0x00, 0x00, 0x00, 0x00,
    0xE6, 0x91, 0xB8, 0xEE, 0x68, 0x3E, 0xE9, 0x00, 0xEE, 0xE6, 0x09, 0x00, 0xEB, 0xE8, 0x00, 0x00,
    0x0E, 0x0E, 0x00, 0x00, 0x00, 0x00, 0x00, 0x00, 0x00, 0x00, 0x00, 0x00, 0x00, 0x00, 0x00, 0x00,
    0x00, 0x00, 0x00, 0xF0, 0x00, 0x00, 0x00, 0xF0, 0x00, 0x00, 0x00, 0xF0, 0x00, 0x00, 0x00, 0xF0,
    0x00, 0x00, 0x00, 0x6F, 0x00, 0x00, 0x00, 0x6F, 0x00, 0x00, 0xF0, 0x6F, 0x00, 0x00, 0x6F, 0x86,
    0x86, 0xB8, 0xFB, 0x00, 0x86, 0xB8, 0x0F, 0x00, 0x88, 0xBB, 0x0F, 0x00, 0x88, 0xFB, 0x00, 0x00,
    0x88, 0xFB, 0x00, 0x00, 0x88, 0xFB, 0x00, 0x00, 0xB8, 0x0F, 0x00, 0x00, 0xB8, 0x0F, 0x00, 0x00,
    0x00, 0x00, 0x6F, 0x88, 0x00, 0x00, 0xFF, 0xFF, 0x00, 0x00, 0x00, 0x00, 0x00, 0x00, 0x00, 0x00,
    0x00, 0x00, 0x00, 0x00, 0x00, 0x00, 0x00, 0x00, 0x00, 0x00, 0x00, 0x00, 0x00, 0x00, 0x00, 0x00,
    0xB8, 0x0F, 0x00, 0x00, 0xFF, 0x00, 0x00, 0x00, 0x00, 0x00, 0x00, 0x00, 0x00, 0x00, 0x00, 0x00,
    0x00, 0x00, 0x00, 0x00, 0x00, 0x00, 0x00, 0x00, 0x00, 0x00, 0x00, 0x00, 0x00, 0x00, 0x00, 0x00,
    0xF0, 0x88, 0xBB, 0xFB, 0xF0, 0x88, 0xBB, 0xFB, 0xF0, 0x88, 0xB8, 0xFB, 0x00, 0x8F, 0xB8, 0xBB,
    0x00, 0x8F, 0x88, 0xBB, 0x00, 0x8F, 0x88, 0xBB, 0x00, 0xF0, 0x88, 0xBB, 0x00, 0xF0, 0x88, 0xB8,
    0x00, 0x00, 0x00, 0x00, 0x00, 0x00, 0x00, 0x00, 0x00, 0x00, 0x00, 0x00, 0x0F, 0x00, 0x00, 0x00,
    0x0F, 0x00, 0x00, 0x00, 0xFB, 0x00, 0x00, 0x00, 0xFB, 0x0F, 0x00, 0x00, 0xBB, 0xFB, 0x00, 0x00,
    0x00, 0x00, 0xFF, 0x88, 0x00, 0x00, 0x00, 0xFF, 0x00, 0x00, 0x00, 0x00, 0x00, 0x00, 0x00, 0x00,
    0x00, 0x00, 0x00, 0x00, 0x00, 0x00, 0x00, 0x00, 0x00, 0x00, 0x00, 0x00, 0x00, 0x00, 0x00, 0x00,
    0xB8, 0xBB, 0x0F, 0x00, 0xFF, 0xFF, 0x0F, 0x00, 0x00, 0x00, 0x00, 0x00, 0x00, 0x00, 0x00, 0x00,
    0x00, 0x00, 0x00, 0x00, 0x00, 0x00, 0x00, 0x00, 0x00, 0x00, 0x00, 0x00, 0x00, 0x00, 0x00, 0x00,
    0x00, 0x80, 0x33, 0x05, 0x00, 0x00, 0x38, 0x53, 0x00, 0x00, 0x38, 0x22, 0x00, 0x00, 0x80, 0x23,
    0x00, 0x00, 0x00, 0x38, 0x00, 0x00, 0x00, 0x80, 0x00, 0x00, 0x00, 0x00, 0x00, 0x00, 0x00, 0x00,
    0x00, 0x00, 0x00, 0x00, 0x00, 0x00, 0x00, 0x00, 0x05, 0x00, 0x00, 0x00, 0x52, 0x00, 0x00, 0x00,
    0x22, 0x05, 0x00, 0x00, 0x22, 0x51, 0x00, 0x00, 0x28, 0x11, 0x05, 0x00, 0x88, 0x12, 0x51, 0x00,
    0x80, 0x28, 0x11, 0x05, 0x00, 0x88, 0x22, 0x52, 0x00, 0x80, 0x28, 0x22, 0x00, 0x00, 0x88, 0x23,
    0x00, 0x00, 0x80, 0x38, 0x00, 0x00, 0x00, 0x88, 0x00, 0x00, 0x00, 0x80, 0x00, 0x00, 0x00, 0x80,
    0x00, 0x00, 0x00, 0x00, 0x00, 0x00, 0x00, 0x00, 0x05, 0x00, 0x00, 0x00, 0x52, 0x00, 0x00, 0x00,
    0x52, 0x00, 0x00, 0x00, 0x53, 0x05, 0x00, 0x00, 0x35, 0x55, 0x00, 0x00, 0x55, 0x53, 0x05, 0x00,
    0x58, 0x25, 0x55, 0x00, 0x80, 0x35, 0x52, 0x05, 0x00, 0x38, 0x23, 0x55, 0x00, 0x80, 0x33, 0x52,
    0x00, 0x00, 0x38, 0x23, 0x00, 0x00, 0x80, 0x33, 0x00, 0x00, 0x00, 0x38, 0x00, 0x00, 0x00, 0x80,
    0x00, 0x00, 0x00, 0x00, 0x00, 0x00, 0x00, 0x00, 0x00, 0x00, 0x00, 0x00, 0x05, 0x00, 0x00, 0x00,
    0x55, 0x00, 0x00, 0x00, 0x52, 0x05, 0x00, 0x00, 0x23, 0x55, 0x00, 0x00, 0x23, 0x52, 0x05, 0x00,
    0xDD, 0xFD, 0x00, 0x00, 0xDD, 0xDD, 0xFF, 0x00, 0x88, 0xDD, 0xDD, 0x0F, 0x88, 0xD8, 0xDD, 0xFD,
    0x8D, 0x85, 0xD8, 0xDD, 0x8D, 0x58, 0x85, 0xDD, 0x88, 0x88, 0x85, 0xD8, 0x85, 0xD8, 0x88, 0x88,
    0x00, 0x00, 0x00, 0x00, 0x00, 0x00, 0x00, 0x00, 0x00, 0x00, 0x00, 0x00, 0x00, 0x00, 0x00, 0x00,
    0x0F, 0x00, 0x00, 0x00, 0xFD, 0x00, 0x00, 0x00, 0xDD, 0x0F, 0x00, 0x00, 0xDD, 0xFD, 0x00, 0x00,
    0x0F, 0xFF, 0x5F, 0x55, 0x0F, 0xFF, 0x5F, 0x55, 0x00, 0x0F, 0x8F, 0x55, 0x00, 0x00, 0xFF, 0x55,
    0x00, 0x00, 0xFF, 0x85, 0x00, 0x00, 0xFF, 0xD5, 0x00, 0x00, 0xFF, 0xF5, 0x00, 0x00, 0xF0, 0xF8,
    0xDF, 0x5F, 0x85, 0xFF, 0xFF, 0xF5, 0x85, 0xFF, 0x0F, 0xF8, 0xD5, 0x0F, 0x0F, 0xF8, 0xFD, 0x00,
    0x0F, 0xFD, 0xFF, 0x00, 0x0F, 0xFD, 0x0F, 0x00, 0x00, 0xF0, 0x00, 0x00, 0x00, 0x00, 0x00, 0x00,
    0x28, 0x22, 0x55, 0x00, 0x80, 0x22, 0x52, 0x05, 0x00, 0x28, 0x22, 0x55, 0x00, 0x80, 0x22, 0x52,
    0x00, 0x00, 0x28, 0x12, 0x00, 0x00, 0x80, 0x22, 0x00, 0x00, 0x00, 0x28, 0x00, 0x00, 0x00, 0x80,
    0x00, 0x00, 0x00, 0xE0, 0x00, 0x00, 0x00, 0xE0, 0x00, 0x00, 0x00, 0x00, 0x00, 0x00, 0x00, 0x50,
    0x00, 0x00, 0x00, 0x3E, 0x00, 0x00, 0x00, 0x5E, 0x00, 0x00, 0x00, 0xE0, 0x00, 0x00, 0x00, 0x00,
    0xFF, 0xFF, 0xFF, 0xFF, 0xFF, 0xFF, 0xFF, 0xFF, 0xFF, 0xFF, 0xFF, 0xFF, 0xFF, 0xFF, 0xFF, 0xFF,
    0xFF, 0xFF, 0x0F, 0xFF, 0xFF, 0xFF, 0x0F, 0xFF, 0xFF, 0x0F, 0x0F, 0xFF, 0xFF, 0x0F, 0x00, 0xF0,
    0xFF, 0x0F, 0x00, 0xF0, 0xF0, 0x0F, 0x00, 0x00, 0xF0, 0x0F, 0x00, 0x00, 0x00, 0x0F, 0x00, 0x00,
    0x00, 0x0F, 0x00, 0x00, 0x00, 0x00, 0x00, 0x00, 0x00, 0x00, 0x00, 0x00, 0x00, 0x00, 0x00, 0x00,
    0x00, 0x00, 0x00, 0x00, 0x00, 0x00, 0x00, 0x00, 0x00, 0x00, 0x00, 0x00, 0x00, 0x00, 0x00, 0x00,
    0x00, 0x00, 0x00, 0xE0, 0x00, 0x00, 0x00, 0xE0, 0x00, 0x00, 0x00, 0xBE, 0x00, 0x00, 0x00, 0xBE,
    0x00, 0x00, 0x00, 0xBE, 0x00, 0x00, 0x00, 0xBE, 0x00, 0x00, 0xE0, 0xBB, 0x00, 0x00, 0xE0, 0x8B,
    0x00, 0x00, 0xE0, 0xEE, 0x00, 0x00, 0x00, 0x00, 0x00, 0x00, 0x00, 0x00, 0x00, 0x00, 0x00, 0xF0,
    0x55, 0x00, 0x00, 0x00, 0x35, 0x05, 0x00, 0x00, 0x28, 0x52, 0x00, 0x00, 0x50, 0x52, 0x00, 0x00,
    0x80, 0x53, 0x05, 0x00, 0x00, 0x35, 0x55, 0x00, 0x00, 0x35, 0x52, 0x00, 0x00, 0x38, 0x53, 0x00,
    0x00, 0x00, 0x00, 0x00, 0x00, 0x00, 0x00, 0x00, 0x00, 0x00, 0x00, 0x00, 0x00, 0x00, 0x00, 0xFF,
    0x00, 0x00, 0xFF, 0xD8, 0x00, 0x00, 0xDF, 0xDD, 0x00, 0x00, 0xDF, 0xFF, 0x00, 0xF0, 0xDD, 0xFF,
    0x00, 0x00, 0x00, 0x00, 0x00, 0x00, 0x00, 0x00, 0x00, 0x00, 0x00, 0x00, 0x00, 0x00, 0x00, 0x00,
    0x00, 0x00, 0x00, 0x00, 0x00, 0x00, 0x00, 0x00, 0x0F, 0x00, 0x00, 0x00, 0xFD, 0x0F, 0x00, 0x00,
    0x00, 0x00, 0x00, 0x00, 0x00, 0x00, 0x00, 0x00, 0x0F, 0x00, 0x00, 0x00, 0x0F, 0x00, 0x00, 0x00,
    0x00, 0x00, 0x00, 0x00, 0x00, 0x00, 0x00, 0x00, 0x00, 0x00, 0x00, 0x00, 0x00, 0x00, 0x00, 0x00,
    0xDF, 0xF8, 0x00, 0x00, 0x8F, 0x0F, 0x00, 0x00, 0xFF, 0x00, 0x00, 0x00, 0x0F, 0x00, 0x00, 0x00,
    0x0F, 0x00, 0x00, 0x00, 0x00, 0x00, 0x00, 0x00, 0x00, 0x00, 0x00, 0x00, 0x00, 0x00, 0x00, 0x00,
    0x00, 0x00, 0xF0, 0x0F, 0x00, 0x00, 0xF0, 0x0F, 0x00, 0x00, 0xF0, 0x00, 0x00, 0x00, 0x00, 0x00,
    0x00, 0x00, 0x00, 0x00, 0x00, 0x00, 0x00, 0x00, 0x00, 0x00, 0x00, 0x00, 0x00, 0x00, 0x00, 0x00,
};
static const u16 sFrame78[] = {
    0x0014, 0x80B6, 0xC1F5, 0x0000, 0x00BE, 0x801D, 0x0020, 0x00AE, 0x4015, 0x0030, 0x00CE, 0x41E5,
    0x0034, 0x00F6, 0x41ED, 0x0038, 0x00F6, 0x4005, 0x003C, 0x40A6, 0x01D5, 0x0040, 0x40AE, 0x01DD,
    0x0042, 0x40B6, 0x01E5, 0x0044, 0x40B6, 0x0025, 0x0046, 0x40DE, 0x0025, 0x0048, 0x80BE, 0x01ED,
    0x004A, 0x80BE, 0x0015, 0x004C, 0x80E6, 0x01ED, 0x004E, 0x009E, 0x01D5, 0x0050, 0x00AE, 0x000D,
    0x0051, 0x00AE, 0x0025, 0x0052, 0x00DE, 0x0015, 0x0053, 0x00DE, 0x0035, 0x0054, 0x00E6, 0x0025,
    0x0055, 0x0000,
};
static const void* const sFrames78[] = { sFrame78 };
static const u8 sTiles79[3552] __attribute__((aligned(4))) = {
    0x00, 0x00, 0x00, 0x00, 0x00, 0x00, 0x00, 0x00, 0x00, 0x00, 0x00, 0x00, 0x00, 0x00, 0x00, 0x00,
    0x00, 0x00, 0x00, 0x00, 0x00, 0x00, 0x00, 0x00, 0x00, 0x05, 0x00, 0x00, 0x00, 0x55, 0x00, 0x00,
    0x00, 0x00, 0x00, 0x00, 0x00, 0x00, 0x00, 0x00, 0x00, 0x00, 0x00, 0x00, 0x00, 0x00, 0x00, 0x00,
    0x00, 0x00, 0x00, 0x00, 0x00, 0x00, 0x00, 0x00, 0x00, 0x50, 0x55, 0x55, 0x55, 0x55, 0x55, 0x55,
    0x00, 0x00, 0x00, 0x00, 0x00, 0x00, 0x00, 0x00, 0x00, 0x00, 0x00, 0x00, 0x00, 0x00, 0x00, 0x00,
    0x00, 0x00, 0x00, 0x00, 0x00, 0x50, 0x55, 0x55, 0x55, 0x55, 0x55, 0x55, 0x55, 0x55, 0x55, 0x85,
    0x00, 0x00, 0x00, 0x00, 0x00, 0x00, 0x00, 0x00, 0x00, 0x00, 0x00, 0x00, 0x00, 0x00, 0x00, 0x55,
    0x00, 0x50, 0x55, 0x55, 0x55, 0x55, 0x55, 0x85, 0x55, 0x55, 0x85, 0x88, 0x88, 0x88, 0x88, 0xD8,
    0x00, 0x00, 0x55, 0x55, 0x00, 0x55, 0x55, 0x55, 0x55, 0x55, 0x55, 0x88, 0x55, 0x55, 0x88, 0xFF,
    0x55, 0x88, 0xDD, 0xFF, 0x88, 0xD8, 0xFF, 0xDD, 0x88, 0xFD, 0xDD, 0xDD, 0xDD, 0xDD, 0xFF, 0xDD,
    0x85, 0xD8, 0xDF, 0xDD, 0xD8, 0xFF, 0xDD, 0xDD, 0xDD, 0xDF, 0xDD, 0x88, 0xFF, 0xDD, 0x88, 0x88,
    0xFD, 0xDD, 0x88, 0x58, 0xDD, 0x88, 0x88, 0x55, 0x8D, 0x88, 0x55, 0x85, 0x88, 0x55, 0x55, 0x85,
    0xDD, 0x88, 0x55, 0x88, 0x88, 0x58, 0x85, 0xDD, 0x88, 0x55, 0x85, 0xDD, 0x55, 0x85, 0xD8, 0x8D,
    0x55, 0x85, 0xD8, 0x88, 0x85, 0xD8, 0x8D, 0x55, 0xD8, 0x8D, 0x58, 0x55, 0xD8, 0x8D, 0x58, 0xD5,
    0xDD, 0xDD, 0x55, 0x55, 0xD8, 0x5D, 0x55, 0x85, 0x8D, 0x55, 0x55, 0xD5, 0x55, 0x55, 0x58, 0x0D,
    0x55, 0x55, 0xD8, 0xDD, 0x55, 0xD5, 0xDD, 0x58, 0xD8, 0x8D, 0x88, 0x55, 0x8D, 0x88, 0x55, 0x55,
    0x00, 0x85, 0x55, 0x55, 0x00, 0x85, 0x55, 0x55, 0x00, 0x85, 0x58, 0x88, 0x50, 0x85, 0x88, 0xDD,
    0x50, 0x55, 0x88, 0xDD, 0x50, 0x88, 0xDD, 0xFF, 0x55, 0xD8, 0xDD, 0xFF, 0x55, 0xD8, 0xDD, 0xFF,
    0x55, 0x85, 0x88, 0x88, 0x88, 0xD8, 0xDD, 0xDD, 0xD8, 0xDD, 0xDD, 0xDD, 0xFD, 0xFF, 0xFF, 0xFF,
    0xFD, 0xFF, 0xFF, 0xFF, 0xFF, 0xFF, 0xFF, 0xFF, 0xFF, 0xFF, 0xDF, 0xDD, 0xFF, 0xFF, 0xFF, 0xFF,
    0x88, 0x88, 0x88, 0x88, 0xDD, 0xDD, 0xFF, 0xFF, 0xDD, 0xDD, 0xFF, 0xFF, 0xFF, 0xFF, 0xFF, 0xFF,
    0xFF, 0xFF, 0xFF, 0xFF, 0xFF, 0xFF, 0xFF, 0xDD, 0x88, 0x88, 0x88, 0x88, 0xDD, 0x88, 0x88, 0x88,
    0xDD, 0xFD, 0xFF, 0xFF, 0xFF, 0xFF, 0xFF, 0xFF, 0xFF, 0xFF, 0xDF, 0xDD, 0xFF, 0xFF, 0x8D, 0x58,
    0xDD, 0xDD, 0x8D, 0x88, 0xDD, 0x88, 0x88, 0x88, 0xDD, 0xDD, 0xDD, 0xDD, 0x88, 0x88, 0xDD, 0xDD,
    0xDF, 0xFD, 0xDD, 0x88, 0x8D, 0x88, 0x58, 0x55, 0x8D, 0x58, 0x55, 0x55, 0x55, 0x55, 0x55, 0x85,
    0x58, 0x55, 0x88, 0x88, 0xD8, 0xDD, 0xDD, 0xDD, 0x8D, 0x58, 0x55, 0x55, 0x8D, 0x58, 0x55, 0x55,
    0x55, 0x55, 0xD5, 0x8D, 0x55, 0x85, 0x8D, 0x58, 0x85, 0x88, 0x8D, 0x58, 0x88, 0xDD, 0x58, 0x55,
    0x88, 0xDD, 0x58, 0xD5, 0x88, 0x55, 0x85, 0x88, 0x88, 0xDD, 0x8D, 0x55, 0x88, 0xDD, 0x5D, 0x55,
    0x88, 0x58, 0xD5, 0x8D, 0x55, 0x85, 0x8D, 0x88, 0x55, 0xDD, 0x88, 0x55, 0xD5, 0x88, 0x58, 0x55,
    0x8D, 0x55, 0x55, 0x55, 0x58, 0x55, 0x55, 0x88, 0x55, 0x85, 0xD8, 0xDD, 0x55, 0xD8, 0x8D, 0x55,
    0x88, 0x55, 0x55, 0x85, 0x55, 0x55, 0x55, 0xD8, 0x55, 0x55, 0xD5, 0x8D, 0x55, 0x88, 0x8D, 0x58,
    0x88, 0xDD, 0x58, 0x55, 0xDD, 0x58, 0x55, 0x55, 0x58, 0x55, 0x55, 0x85, 0x55, 0x55, 0x85, 0xDD,
    0x85, 0xDD, 0xFF, 0xFF, 0xD8, 0xFF, 0xFF, 0xFF, 0xD8, 0xFF, 0xFF, 0xDF, 0xDD, 0xFF, 0xFF, 0xDF,
    0xDD, 0xFF, 0xFF, 0xFF, 0xFD, 0xFF, 0xFF, 0xFF, 0xFF, 0xFF, 0xFF, 0xFF, 0xFF, 0xFF, 0xFF, 0xFF,
    0xFF, 0xFF, 0xFF, 0xFD, 0xFF, 0xFF, 0xFF, 0xDF, 0xFF, 0xFF, 0xFF, 0xDF, 0xFF, 0xDF, 0xFF, 0xFF,
    0xFD, 0xDF, 0xFD, 0xFF, 0xFD, 0xFF, 0xDD, 0xFF, 0xFD, 0xFF, 0xDF, 0xDD, 0xDF, 0xFF, 0xFF, 0xDD,
    0xFF, 0xDF, 0xDD, 0x8D, 0xFF, 0xFF, 0xFD, 0xFF, 0xFD, 0xFF, 0xDF, 0xFF, 0xDD, 0xFD, 0xFF, 0xDD,
    0xDF, 0xDD, 0xFF, 0xDF, 0xFF, 0xDD, 0xDD, 0xFD, 0xFF, 0xDF, 0x8D, 0x88, 0xFD, 0xFF, 0xDD, 0x88,
    0x88, 0x88, 0x88, 0x88, 0xFF, 0x8D, 0x88, 0x88, 0xFF, 0xFF, 0xDD, 0x88, 0xFF, 0xFF, 0xFF, 0xDD,
    0xFD, 0xFF, 0xFF, 0xFF, 0xFF, 0xFF, 0xFF, 0xFF, 0xDD, 0xDD, 0xDD, 0xDD, 0x88, 0xDD, 0xDD, 0xDD,
    0xDD, 0xDD, 0xDD, 0x88, 0x88, 0x88, 0x88, 0x88, 0x88, 0x88, 0x88, 0x88, 0x8D, 0xD8, 0xDD, 0xDD,
    0xDD, 0x88, 0xDD, 0xDD, 0xFF, 0xFF, 0xFF, 0xDD, 0x8D, 0x88, 0x88, 0x88, 0xDD, 0x8D, 0x88, 0x88,
    0x55, 0x55, 0x85, 0x88, 0x88, 0xDD, 0xDD, 0xDD, 0xD8, 0xDD, 0xDD, 0x8D, 0x88, 0x88, 0x55, 0x88,
    0xDD, 0xDD, 0x58, 0x85, 0xDD, 0xDD, 0xDD, 0xDD, 0xDD, 0xDD, 0xDD, 0xDD, 0x88, 0x88, 0x88, 0x88,
    0xD8, 0x8D, 0x58, 0x55, 0x88, 0x58, 0x55, 0x85, 0x58, 0x55, 0x88, 0xDD, 0x88, 0x88, 0xD8, 0xDD,
    0xD8, 0xDD, 0xDD, 0x88, 0xDD, 0x8D, 0x58, 0x55, 0x88, 0x88, 0x88, 0x88, 0x88, 0x88, 0xD8, 0xDD,
    0x55, 0xD8, 0xDD, 0x00, 0xDD, 0x0D, 0x00, 0xDD, 0x00, 0xD0, 0xDD, 0x85, 0xDD, 0x5D, 0x55, 0xD8,
    0x58, 0x55, 0x85, 0x0D, 0x55, 0x88, 0xDD, 0x00, 0xDD, 0xDD, 0x00, 0x00, 0x0D, 0x00, 0x00, 0x00,
    0xFF, 0xFF, 0xFF, 0xFF, 0xFF, 0xFF, 0xFF, 0xFF, 0xFF, 0xFF, 0xFF, 0xFF, 0xFF, 0xFF, 0xFF, 0xFF,
    0xFF, 0xFF, 0xFF, 0xFF, 0xFF, 0xFF, 0xFF, 0xDD, 0xFF, 0xFF, 0xDD, 0xDD, 0xFF, 0xFF, 0xDD, 0xDD,
    0xDF, 0xFF, 0xFF, 0xDF, 0xFD, 0xFD, 0xFF, 0xFF, 0xFD, 0xDD, 0xFD, 0xFF, 0xFD, 0xDF, 0xDD, 0xFD,
    0xFD, 0xDF, 0x0D, 0xD0, 0xFD, 0xDF, 0x0D, 0x00, 0xFD, 0xDF, 0x0D, 0x00, 0xFD, 0xDF, 0x0D, 0x00,
    0xDD, 0xFF, 0xFF, 0xDD, 0xDF, 0xFD, 0xFF, 0xFF, 0xDF, 0xDD, 0xFF, 0xFF, 0xFF, 0xDD, 0xFD, 0xFF,
    0xFD, 0xDF, 0xDD, 0xFF, 0xFF, 0xFF, 0xDF, 0xDD, 0x00, 0xFF, 0xFF, 0xFF, 0x00, 0xF0, 0xFF, 0xFF,
    0xDD, 0x88, 0xF8, 0xFF, 0xFF, 0xDD, 0x8D, 0x88, 0xFF, 0xDD, 0xDD, 0x8D, 0xFF, 0xFF, 0xDF, 0xDD,
    0xFF, 0xFF, 0xFF, 0xFF, 0xFD, 0xFF, 0xFF, 0xFF, 0xDD, 0xDD, 0xFF, 0xFF, 0xDF, 0xDD, 0xDD, 0xFD,
    0xFF, 0xFF, 0xDD, 0x88, 0xFF, 0xFF, 0xFF, 0xFF, 0x88, 0xF8, 0xFF, 0xFF, 0x8D, 0x88, 0x88, 0x88,
    0xDD, 0x8D, 0x88, 0x88, 0xFF, 0xDF, 0xDD, 0x88, 0xFF, 0xFF, 0xFF, 0xDD, 0xFF, 0xFF, 0xFF, 0xFF,
    0x88, 0x88, 0x88, 0x88, 0xDD, 0xDD, 0xDD, 0xDD, 0xFF, 0xDD, 0xDD, 0xDD, 0x88, 0x88, 0x88, 0x88,
    0x88, 0x88, 0x88, 0x88, 0xDD, 0xDD, 0xDD, 0xDD, 0x00, 0x00, 0x00, 0x00, 0xDD, 0xDD, 0x00, 0x00,
    0xD8, 0xDD, 0xDD, 0x00, 0xDD, 0xDD, 0xDD, 0xDD, 0xDD, 0x8D, 0x88, 0x88, 0x88, 0x88, 0x88, 0xD8,
    0x88, 0x88, 0xD8, 0x0D, 0xDD, 0xDD, 0x0D, 0x00, 0x00, 0x00, 0x00, 0x00, 0x00, 0x00, 0x00, 0x00,
    0x00, 0x00, 0x00, 0x00, 0xDD, 0xDD, 0x00, 0x00, 0xD8, 0x00, 0x00, 0x00, 0x0D, 0x00, 0x00, 0x00,
    0x00, 0x00, 0x00, 0x00, 0x00, 0x00, 0x00, 0x00, 0x00, 0x00, 0x00, 0x00, 0x00, 0x00, 0x00, 0x00,
    0x00, 0x00, 0x00, 0x00, 0x00, 0x00, 0x00, 0x00, 0x00, 0x00, 0x00, 0x00, 0x00, 0x00, 0x00, 0x00,
    0x00, 0x00, 0x00, 0x90, 0x00, 0x00, 0x00, 0x29, 0x00, 0x00, 0x90, 0x22, 0x00, 0x00, 0x30, 0x11,
    0x00, 0x00, 0x00, 0x00, 0x00, 0x00, 0x00, 0x00, 0x00, 0x00, 0x00, 0x00, 0x90, 0x99, 0x99, 0x00,
    0x33, 0x33, 0x21, 0x09, 0x13, 0x21, 0x19, 0x21, 0x91, 0x21, 0x92, 0x21, 0x29, 0x19, 0x92, 0x23,
    0x00, 0x00, 0x00, 0x00, 0x00, 0x00, 0x00, 0x00, 0x00, 0x00, 0x00, 0x00, 0x00, 0x00, 0x00, 0x00,
    0x00, 0x00, 0x00, 0x00, 0x00, 0x00, 0x00, 0x00, 0x09, 0x00, 0x00, 0x00, 0x09, 0x00, 0x00, 0x00,
    0x00, 0x00, 0x50, 0x55, 0x00, 0x00, 0x55, 0x85, 0x00, 0x50, 0x85, 0xD8, 0x00, 0x50, 0x85, 0xDD,
    0x00, 0x85, 0xD8, 0xFF, 0x00, 0x85, 0xDD, 0xFF, 0x50, 0xD8, 0xFD, 0xFF, 0x50, 0xD8, 0xFD, 0xFF,
    0x00, 0x00, 0x19, 0x99, 0x00, 0x00, 0x19, 0x17, 0x00, 0x00, 0x29, 0x27, 0x00, 0x00, 0x29, 0x2A,
    0x00, 0x00, 0x29, 0x1A, 0x05, 0x00, 0x9E, 0x1A, 0x55, 0x00, 0x9E, 0x2A, 0x51, 0xE5, 0x9E, 0xAA,
    0x29, 0x92, 0x99, 0x29, 0x39, 0x33, 0x33, 0x39, 0x11, 0x91, 0x19, 0x33, 0xE1, 0x2E, 0x29, 0x13,
    0x62, 0x21, 0x72, 0x23, 0x11, 0x11, 0xA2, 0x39, 0x11, 0x21, 0xA7, 0x39, 0x12, 0x22, 0x9A, 0x39,
    0x92, 0x00, 0x00, 0x00, 0x92, 0x00, 0x00, 0x50, 0x92, 0x00, 0x00, 0x85, 0x93, 0x00, 0x55, 0xD8,
    0x93, 0x70, 0x55, 0xD8, 0x12, 0x59, 0x88, 0xFD, 0x12, 0xD9, 0xDD, 0xFD, 0xE5, 0xEE, 0xD5, 0xFF,
    0x85, 0xFD, 0xFF, 0xFF, 0xD8, 0xFD, 0xFF, 0xFF, 0xDD, 0xFD, 0xFF, 0xFF, 0xDD, 0xFF, 0xFF, 0xFF,
    0xFF, 0xFF, 0xFF, 0xFF, 0xFF, 0xFF, 0xFF, 0xFF, 0xFF, 0xFF, 0xFF, 0xFF, 0xFF, 0xFF, 0xFF, 0xDF,
    0xE2, 0x3E, 0xE5, 0xE9, 0x3E, 0x12, 0x13, 0x3E, 0x23, 0x52, 0x12, 0xE1, 0x35, 0x22, 0x22, 0xE3,
    0xEE, 0x3E, 0x33, 0x3E, 0x13, 0xE1, 0xEE, 0xE5, 0x22, 0x32, 0xE5, 0x88, 0x32, 0xEE, 0xBE, 0x88,
    0x77, 0xAA, 0xA7, 0xE5, 0x5E, 0xBE, 0x22, 0xEE, 0xE1, 0x2E, 0x2B, 0xEE, 0xE2, 0x2E, 0xBB, 0x5E,
    0xE2, 0xE8, 0xB2, 0xE1, 0x8E, 0xE8, 0x1A, 0xE2, 0xBB, 0x88, 0x2E, 0x21, 0xB8, 0x8B, 0xAE, 0xE7,
    0x22, 0x33, 0xFE, 0xFF, 0x3E, 0x12, 0x52, 0xFF, 0x35, 0x11, 0xE3, 0xFF, 0x3E, 0xE3, 0xEE, 0xFF,
    0xE2, 0x35, 0x21, 0xF5, 0xEE, 0x5E, 0x32, 0xFE, 0xEE, 0xEE, 0xEE, 0xFF, 0xEB, 0xBE, 0xFE, 0xFF,
    0xFF, 0xFF, 0xFF, 0xDF, 0xFF, 0xFF, 0xFF, 0xDF, 0xFF, 0xFF, 0xFF, 0xDD, 0xFF, 0xFD, 0xDF, 0xDD,
    0xFF, 0xFD, 0xDF, 0xDD, 0xFF, 0xDD, 0xDF, 0xDD, 0xDF, 0xDD, 0xDD, 0xDF, 0xDD, 0xDD, 0xDD, 0x0D,
    0xEE, 0xB8, 0xBB, 0x68, 0x8E, 0x86, 0xEB, 0x68, 0x68, 0x86, 0xFB, 0x68, 0x68, 0x86, 0xFB, 0x8B,
    0x8B, 0xB8, 0x0E, 0x8E, 0xB8, 0xEB, 0x00, 0x8E, 0xB8, 0xEB, 0x00, 0x8E, 0xBB, 0x0E, 0x00, 0x8E,
    0xB8, 0xBB, 0xEB, 0xBE, 0x88, 0xBB, 0xBE, 0xBB, 0x86, 0xBB, 0x8B, 0xB8, 0x86, 0xBB, 0xBB, 0x33,
    0x66, 0xB8, 0x88, 0x88, 0x66, 0xB8, 0x68, 0x86, 0x68, 0xB8, 0x8B, 0x86, 0x88, 0xB8, 0x8B, 0x33,
    0xEB, 0x8E, 0xFE, 0xFF, 0xEB, 0x8E, 0xFE, 0xFF, 0xBB, 0x8E, 0xFE, 0xFF, 0xBB, 0x8E, 0xFE, 0xFF,
    0xBB, 0xBE, 0x0E, 0xFF, 0xBB, 0xBE, 0xEB, 0xFF, 0xBB, 0xEB, 0xE8, 0xF0, 0xBB, 0xEB, 0x88, 0x0E,
    0xFF, 0xDD, 0xDD, 0x0D, 0xFF, 0x0D, 0xD0, 0x00, 0xFF, 0x0D, 0xD0, 0x00, 0xF0, 0x0D, 0x00, 0x00,
    0x00, 0x0D, 0x00, 0x00, 0x00, 0x00, 0x00, 0x00, 0x00, 0x00, 0x00, 0x00, 0x00, 0x00, 0x00, 0x00,
    0xEB, 0x00, 0x00, 0xBE, 0x0E, 0x00, 0x00, 0xBE, 0x00, 0x00, 0x00, 0xBE, 0x00, 0x00, 0x00, 0x8E,
    0x00, 0x00, 0xE0, 0x8B, 0x00, 0x00, 0xE0, 0x8B, 0x00, 0x00, 0xE0, 0x8B, 0x00, 0x00, 0xBE, 0x6B,
    0x88, 0x88, 0x8B, 0x86, 0x88, 0x88, 0x8B, 0x86, 0x88, 0xB8, 0x8B, 0x86, 0x88, 0xB8, 0x8B, 0x36,
    0x68, 0xB8, 0x8B, 0x66, 0x66, 0xB8, 0x8B, 0x66, 0x86, 0xB8, 0x68, 0x66, 0x86, 0xB8, 0x66, 0x86,
    0xB8, 0xEB, 0x88, 0x0E, 0x88, 0xEB, 0x8B, 0xBB, 0x88, 0xBB, 0x8E, 0x9B, 0x63, 0xB8, 0x9E, 0x39,
    0x68, 0xB6, 0x9E, 0x91, 0x68, 0xB6, 0xEE, 0xBB, 0x88, 0x66, 0xEE, 0x8B, 0xB8, 0x8B, 0xE8, 0xEB,
    0x00, 0x00, 0x00, 0x00, 0x00, 0x00, 0x00, 0x00, 0x0E, 0x00, 0x00, 0x00, 0x92, 0x00, 0x00, 0x00,
    0x99, 0x0E, 0x00, 0x00, 0x68, 0xEE, 0x00, 0x00, 0x8B, 0xE6, 0x00, 0x00, 0xFE, 0xEF, 0x00, 0x00,
    0x00, 0x00, 0xBE, 0x6B, 0x00, 0x00, 0xBE, 0x68, 0x00, 0xE0, 0xBB, 0x68, 0x00, 0xE0, 0x8B, 0x86,
    0x00, 0xE0, 0x8B, 0x86, 0x00, 0xE0, 0x6B, 0x86, 0x00, 0xBE, 0x8B, 0xB8, 0x00, 0xBE, 0x88, 0xB8,
    0x86, 0xBB, 0x66, 0x86, 0x88, 0xBB, 0x66, 0x86, 0xB8, 0x8B, 0x66, 0x88, 0xB8, 0x8B, 0x66, 0xB8,
    0xBB, 0x68, 0x86, 0xB8, 0xBB, 0x68, 0x86, 0x8B, 0xBB, 0x68, 0x86, 0x8B, 0xBB, 0x68, 0x86, 0xEB,
    0x8B, 0x8E, 0xE8, 0xEE, 0x3B, 0xBE, 0xEE, 0x8E, 0x8B, 0xBE, 0xE6, 0xEE, 0xE8, 0xEB, 0xE6, 0x00,
    0xE3, 0xEB, 0xE6, 0x00, 0xBE, 0xEB, 0xE8, 0x00, 0xBE, 0xEB, 0x63, 0x0E, 0xBB, 0xEB, 0x6B, 0x0E,
    0xDD, 0xFF, 0x0F, 0x00, 0xFF, 0xDD, 0xF2, 0x00, 0xFE, 0xDF, 0xDD, 0x0F, 0x00, 0xF0, 0xDF, 0xF2,
    0x00, 0x00, 0xF0, 0xFD, 0x00, 0x00, 0x00, 0xF0, 0x00, 0x00, 0x00, 0x00, 0x00, 0x00, 0x00, 0x00,
    0x00, 0xBE, 0x88, 0xBB, 0xE0, 0xBB, 0xB8, 0xBB, 0xE0, 0xBB, 0xBB, 0xBB, 0xBE, 0xB8, 0xBB, 0xBB,
    0xBE, 0xB8, 0xBB, 0xB8, 0xBE, 0xBB, 0x8B, 0xB8, 0xBB, 0xBB, 0x88, 0xBB, 0xBB, 0xBB, 0x88, 0xBB,
    0x8B, 0x66, 0xB8, 0xE8, 0x8B, 0x66, 0xB8, 0xF3, 0x8B, 0x66, 0x8B, 0xFE, 0x8B, 0x66, 0x8B, 0xFE,
    0x68, 0x66, 0x3B, 0xFE, 0x68, 0x66, 0xE8, 0xFB, 0x68, 0x66, 0xE8, 0xBB, 0x68, 0x66, 0xE8, 0xBB,
    0xBB, 0xEB, 0x6B, 0x0E, 0xBB, 0xBB, 0x6E, 0x0E, 0xBB, 0xBB, 0x8E, 0x0E, 0xBB, 0xBB, 0x8E, 0xE6,
    0xBB, 0xBB, 0x3E, 0xE6, 0xBB, 0xBB, 0xBE, 0xE6, 0xBF, 0xBB, 0xBE, 0xE8, 0xBF, 0xBB, 0xEB, 0x68,
    0x00, 0x00, 0x00, 0x00, 0x00, 0x00, 0x00, 0x00, 0x00, 0x00, 0x00, 0x00, 0x00, 0x00, 0x00, 0x00,
    0x00, 0x00, 0x00, 0x00, 0x00, 0x00, 0x00, 0x00, 0x00, 0x00, 0x00, 0x00, 0x0E, 0x00, 0x00, 0x00,
    0x8B, 0x8B, 0x86, 0xBB, 0x8B, 0x8B, 0x86, 0xBB, 0x88, 0x8B, 0x86, 0x8B, 0x88, 0x68, 0x86, 0x8B,
    0x88, 0x68, 0xB8, 0x8B, 0x88, 0x66, 0xB8, 0x8B, 0x88, 0x66, 0xB8, 0x8B, 0xEE, 0xEE, 0xB8, 0x8B,
    0x68, 0x66, 0xE3, 0xBB, 0x68, 0x86, 0xBE, 0xBB, 0x66, 0x86, 0xBE, 0xFB, 0x66, 0x86, 0xFE, 0x0F,
    0x66, 0x86, 0x0E, 0x00, 0x66, 0xB8, 0x0E, 0x00, 0x66, 0xB8, 0x0E, 0x00, 0x66, 0xE8, 0x0E, 0x00,
    0xBF, 0xBB, 0xEB, 0x68, 0xBF, 0xBB, 0xEB, 0x63, 0xBF, 0xBB, 0xEB, 0x6B, 0xBF, 0xBB, 0xEB, 0x6B,
    0x8F, 0xBB, 0xEB, 0x8B, 0x8F, 0xB8, 0xBB, 0x8E, 0xFF, 0xB8, 0xBB, 0xBE, 0xF0, 0xB8, 0xBB, 0xBE,
    0x0E, 0x00, 0x00, 0x00, 0x0E, 0x00, 0x00, 0x00, 0x0E, 0x00, 0x00, 0x00, 0x0E, 0x00, 0x00, 0x00,
    0x0E, 0x00, 0x00, 0x00, 0xE6, 0x00, 0x00, 0x00, 0xE8, 0x00, 0x00, 0x00, 0xEE, 0x00, 0x00, 0x00,
    0x00, 0x00, 0x00, 0x00, 0x00, 0x00, 0x00, 0x50, 0x00, 0x00, 0x00, 0x55, 0x00, 0x00, 0x50, 0x55,
    0x00, 0x00, 0x55, 0x55, 0x00, 0x50, 0x55, 0x55, 0x00, 0x55, 0x55, 0xD5, 0x50, 0x55, 0x55, 0xD5,
    0x0D, 0x00, 0x00, 0x00, 0x0D, 0x00, 0x00, 0x00, 0x0D, 0x00, 0x00, 0x00, 0x0D, 0x00, 0x00, 0x00,
    0x0D, 0x00, 0x00, 0x00, 0x0D, 0x00, 0x00, 0x00, 0x00, 0x00, 0x00, 0x00, 0x00, 0x00, 0x00, 0x00,
    0x55, 0x55, 0x55, 0x0D, 0x55, 0x55, 0x85, 0x0F, 0x55, 0x85, 0xF8, 0x00, 0x55, 0x88, 0xDF, 0xDD,
    0x85, 0xF8, 0xDD, 0x8D, 0x88, 0xDF, 0xDD, 0x58, 0xF8, 0xDD, 0x88, 0x55, 0xDF, 0x8D, 0x58, 0x55,
    0x00, 0x00, 0x0D, 0x00, 0x00, 0xD0, 0x0D, 0x00, 0xD0, 0x5D, 0x0D, 0x00, 0x5D, 0x55, 0x0D, 0x00,
    0x55, 0xD5, 0x00, 0x00, 0x55, 0xD5, 0x00, 0x00, 0x55, 0x0D, 0x00, 0x00, 0xD5, 0x00, 0xD0, 0x00,
    0x28, 0x11, 0x05, 0x00, 0x88, 0x12, 0x51, 0x00, 0x80, 0x28, 0x11, 0x05, 0x00, 0x88, 0x22, 0x52,
    0x00, 0x80, 0x28, 0x22, 0x00, 0x00, 0x88, 0x23, 0x00, 0x00, 0x80, 0x38, 0x00, 0x00, 0x00, 0x88,
    0x00, 0x00, 0x00, 0x00, 0x00, 0x00, 0x00, 0x00, 0x00, 0x00, 0x00, 0x00, 0x00, 0x00, 0x00, 0x00,
    0x05, 0x00, 0x00, 0x00, 0x52, 0x00, 0x00, 0x00, 0x52, 0x00, 0x00, 0x00, 0x53, 0x05, 0x00, 0x00,
    0x00, 0x00, 0x00, 0x80, 0x00, 0x00, 0x00, 0x80, 0x00, 0x00, 0x00, 0x00, 0x00, 0x00, 0x00, 0x00,
    0x00, 0x00, 0x00, 0x00, 0x00, 0x00, 0x00, 0x00, 0x00, 0x00, 0x00, 0x00, 0x00, 0x00, 0x00, 0x00,
    0x35, 0x55, 0x00, 0x00, 0x55, 0x53, 0x05, 0x00, 0x58, 0x25, 0x55, 0x00, 0x80, 0x35, 0x52, 0x05,
    0x00, 0x38, 0x23, 0x55, 0x00, 0x80, 0x33, 0x52, 0x00, 0x00, 0x38, 0x23, 0x00, 0x00, 0x80, 0x33,
    0x00, 0x00, 0x00, 0x00, 0x00, 0x00, 0x00, 0x00, 0x00, 0x00, 0x00, 0x00, 0x00, 0x00, 0x00, 0x00,
    0x00, 0x00, 0x00, 0x00, 0x00, 0x00, 0x00, 0x00, 0x00, 0x00, 0x00, 0x00, 0x00, 0x00, 0xE0, 0xEE,
    0x00, 0x00, 0x00, 0xE0, 0x00, 0x00, 0x00, 0x00, 0x00, 0x00, 0x00, 0x00, 0x00, 0x00, 0x00, 0xE0,
    0x00, 0x00, 0x00, 0xEE, 0x00, 0x00, 0xE0, 0x8B, 0x00, 0x00, 0xEE, 0x8E, 0x00, 0xBE, 0x66, 0x88,
    0x00, 0x00, 0x8E, 0xE6, 0x00, 0x00, 0x8E, 0x0E, 0x00, 0x00, 0xE0, 0x8E, 0x00, 0x00, 0x6E, 0x8E,
    0x00, 0x00, 0x8E, 0xEB, 0x00, 0x00, 0xBE, 0x8E, 0x00, 0x00, 0xE0, 0xBE, 0x00, 0x00, 0x00, 0x00,
    0x90, 0x6B, 0x86, 0x88, 0x39, 0x69, 0x86, 0xE8, 0xE6, 0x91, 0xB8, 0xEE, 0x68, 0x3E, 0xE9, 0x00,
    0xEE, 0xE6, 0x09, 0x00, 0xEB, 0xE8, 0x00, 0x00, 0x0E, 0x0E, 0x00, 0x00, 0x00, 0x00, 0x00, 0x00,
    0x00, 0x00, 0x00, 0x00, 0x00, 0x00, 0x00, 0xF0, 0x00, 0x00, 0x00, 0xF0, 0x00, 0x00, 0x00, 0xF0,
    0x00, 0x00, 0x00, 0xF0, 0x00, 0x00, 0x00, 0xF0, 0x00, 0x00, 0x00, 0x6F, 0x00, 0x00, 0x00, 0x6F,
    0x8F, 0xB8, 0xEE, 0xEE, 0x86, 0xB8, 0xFB, 0x00, 0x86, 0xB8, 0xFB, 0x00, 0x86, 0xB8, 0x0F, 0x00,
    0x88, 0xBB, 0x0F, 0x00, 0x88, 0xFB, 0x00, 0x00, 0x88, 0xFB, 0x00, 0x00, 0x88, 0xFB, 0x00, 0x00,
    0x00, 0x00, 0xF0, 0x6F, 0x00, 0x00, 0x6F, 0x86, 0x00, 0x00, 0x6F, 0x88, 0x00, 0x00, 0xFF, 0xFF,
    0x00, 0x00, 0x00, 0x00, 0x00, 0x00, 0x00, 0x00, 0x00, 0x00, 0x00, 0x00, 0x00, 0x00, 0x00, 0x00,
    0xB8, 0x0F, 0x00, 0x00, 0xB8, 0x0F, 0x00, 0x00, 0xB8, 0x0F, 0x00, 0x00, 0xFF, 0x00, 0x00, 0x00,
    0x00, 0x00, 0x00, 0x00, 0x00, 0x00, 0x00, 0x00, 0x00, 0x00, 0x00, 0x00, 0x00, 0x00, 0x00, 0x00,
    0xF0, 0xB8, 0xBB, 0xEE, 0xF0, 0x88, 0xBB, 0xFB, 0xF0, 0x88, 0xBB, 0xFB, 0xF0, 0x88, 0xBB, 0xFB,
    0xF0, 0x88, 0xB8, 0xFB, 0x00, 0x8F, 0xB8, 0xBB, 0x00, 0x8F, 0x88, 0xBB, 0x00, 0x8F, 0x88, 0xBB,
    0x00, 0x00, 0x00, 0x00, 0x00, 0x00, 0x00, 0x00, 0x00, 0x00, 0x00, 0x00, 0x00, 0x00, 0x00, 0x00,
    0x00, 0x00, 0x00, 0x00, 0x0F, 0x00, 0x00, 0x00, 0x0F, 0x00, 0x00, 0x00, 0xFB, 0x00, 0x00, 0x00,
    0x00, 0xF0, 0x88, 0xBB, 0x00, 0xF0, 0x88, 0xB8, 0x00, 0x00, 0xFF, 0x88, 0x00, 0x00, 0x00, 0xFF,
    0x00, 0x00, 0x00, 0x00, 0x00, 0x00, 0x00, 0x00, 0x00, 0x00, 0x00, 0x00, 0x00, 0x00, 0x00, 0x00,
    0xFB, 0x0F, 0x00, 0x00, 0xBB, 0xFB, 0x00, 0x00, 0xB8, 0xBB, 0x0F, 0x00, 0xFF, 0xFF, 0x0F, 0x00,
    0x00, 0x00, 0x00, 0x00, 0x00, 0x00, 0x00, 0x00, 0x00, 0x00, 0x00, 0x00, 0x00, 0x00, 0x00, 0x00,
    0x00, 0x00, 0x00, 0x00, 0x00, 0x00, 0x00, 0x00, 0x00, 0x00, 0x00, 0x00, 0x00, 0x00, 0x00, 0x00,
    0x00, 0x00, 0x00, 0x00, 0x00, 0x00, 0x00, 0x00, 0x00, 0x00, 0x00, 0x00, 0x00, 0x00, 0x00, 0x55,
    0x00, 0x00, 0x00, 0x50, 0x00, 0x00, 0x00, 0x55, 0x00, 0x00, 0x50, 0x55, 0x00, 0x50, 0x55, 0x85,
    0x00, 0x55, 0x55, 0x85, 0x50, 0x55, 0x85, 0x88, 0x55, 0x55, 0x88, 0xFF, 0x55, 0x85, 0xF8, 0xFF,
    0x55, 0x85, 0x88, 0xFD, 0x55, 0x85, 0xD8, 0xDF, 0x85, 0x88, 0xFD, 0xDD, 0x88, 0xDD, 0xFF, 0x8D,
    0xD8, 0xFF, 0xDF, 0x88, 0xFF, 0xDF, 0x8D, 0x58, 0xDD, 0xDD, 0x88, 0x55, 0xDD, 0x8D, 0x58, 0x55,
    0xDD, 0x88, 0x55, 0x55, 0x8D, 0x58, 0x55, 0x85, 0x88, 0x55, 0x55, 0xD8, 0x58, 0x55, 0xD5, 0x0D,
    0x55, 0x55, 0xD8, 0x00, 0x55, 0x88, 0x0D, 0xD0, 0x85, 0xDD, 0x00, 0x5D, 0x88, 0xDD, 0xDD, 0x55,
    0xDF, 0xFF, 0xDD, 0x0D, 0xDF, 0xDD, 0xDD, 0x00, 0xDF, 0xDD, 0x00, 0x00, 0xDD, 0x0D, 0x00, 0x00,
    0xDD, 0x0D, 0x00, 0x00, 0xDD, 0x0D, 0x00, 0x00, 0xD0, 0x00, 0x00, 0x00, 0xD0, 0x00, 0x00, 0x00,
    0xDD, 0xDD, 0x00, 0x00, 0xD0, 0xDF, 0x00, 0x00, 0xD0, 0xDF, 0x00, 0x00, 0x00, 0x0D, 0x00, 0x00,
    0x00, 0x0D, 0x00, 0x00, 0x00, 0x00, 0x00, 0x00, 0x00, 0x00, 0x00, 0x00, 0x00, 0x00, 0x00, 0x00,
    0x00, 0x00, 0xF0, 0xFF, 0x00, 0x00, 0x00, 0x00, 0x00, 0x00, 0x00, 0x00, 0x00, 0x00, 0x00, 0x00,
    0x00, 0x00, 0x00, 0x00, 0x00, 0x00, 0x00, 0x00, 0x00, 0x00, 0x00, 0x00, 0x00, 0x00, 0x00, 0x00,
    0xFF, 0xFF, 0xDF, 0xDD, 0xF0, 0xFF, 0xFF, 0xFF, 0x00, 0x00, 0xF0, 0xFF, 0x00, 0x00, 0x00, 0x00,
    0x00, 0x00, 0x00, 0x00, 0x00, 0x00, 0x00, 0x00, 0x00, 0x00, 0x00, 0x00, 0x00, 0x00, 0x00, 0x00,
    0xD8, 0x00, 0xDD, 0x00, 0x0D, 0xD0, 0xDD, 0x00, 0x00, 0xDD, 0xD8, 0x00, 0xD0, 0x55, 0xD8, 0x00,
    0x5D, 0x85, 0xD8, 0x00, 0x55, 0x88, 0x0D, 0x00, 0x55, 0xD8, 0x00, 0x00, 0x85, 0x0D, 0x00, 0x00,
    0xD8, 0x00, 0xD0, 0x00, 0x0D, 0x00, 0xDD, 0x00, 0x00, 0xDD, 0xD5, 0x00, 0xDD, 0x55, 0xD8, 0x00,
    0x58, 0x85, 0x0D, 0x00, 0x55, 0xD8, 0x00, 0x00, 0x85, 0x0D, 0x00, 0x00, 0xD8, 0x00, 0xDD, 0x00,
    0xDD, 0xDD, 0xD8, 0x00, 0xDD, 0x58, 0xD8, 0x00, 0x58, 0x55, 0xD8, 0x00, 0x55, 0x85, 0x0D, 0x00,
    0x55, 0xD8, 0x00, 0x00, 0xD5, 0x0D, 0x00, 0x00, 0xDD, 0x00, 0x00, 0x00, 0x00, 0x00, 0x00, 0x00,
    0xD0, 0x0D, 0x00, 0x00, 0xDD, 0x00, 0x00, 0x00, 0x0D, 0x00, 0x00, 0x00, 0x00, 0x00, 0x00, 0x00,
    0x00, 0x00, 0x00, 0x00, 0x00, 0x00, 0x00, 0x00, 0x00, 0x00, 0x00, 0x00, 0x00, 0x00, 0x00, 0x00,
    0x00, 0x35, 0x52, 0x00, 0x00, 0x38, 0x53, 0x00, 0x00, 0x80, 0x33, 0x05, 0x00, 0x00, 0x38, 0x53,
    0x00, 0x00, 0x38, 0x22, 0x00, 0x00, 0x80, 0x23, 0x00, 0x00, 0x00, 0x38, 0x00, 0x00, 0x00, 0x80,
    0x00, 0x00, 0x00, 0x00, 0x00, 0x00, 0x00, 0x00, 0x00, 0x00, 0x00, 0x00, 0x00, 0x00, 0x00, 0x00,
    0x05, 0x00, 0x00, 0x00, 0x52, 0x00, 0x00, 0x00, 0x22, 0x05, 0x00, 0x00, 0x22, 0x51, 0x00, 0x00,
    0x00, 0x00, 0x00, 0x38, 0x00, 0x00, 0x00, 0x80, 0x00, 0x00, 0x00, 0x00, 0x00, 0x00, 0x00, 0x00,
    0x00, 0x00, 0x00, 0x00, 0x00, 0x00, 0x00, 0x00, 0x00, 0x00, 0x00, 0x00, 0x00, 0x00, 0x00, 0x00,
    0x23, 0x55, 0x00, 0x00, 0x23, 0x52, 0x05, 0x00, 0x28, 0x22, 0x55, 0x00, 0x80, 0x22, 0x52, 0x05,
    0x00, 0x28, 0x22, 0x55, 0x00, 0x80, 0x22, 0x52, 0x00, 0x00, 0x28, 0x12, 0x00, 0x00, 0x80, 0x22,
    0xDD, 0xDD, 0xFF, 0xFF, 0xFF, 0xDF, 0xDD, 0xDD, 0xFF, 0xFF, 0xFF, 0xDD, 0xF0, 0xFF, 0xFF, 0xFF,
    0x00, 0x00, 0x00, 0x00, 0x00, 0x00, 0x00, 0x00, 0x00, 0x00, 0x00, 0x00, 0x00, 0x00, 0x00, 0x00,
    0xFF, 0xFF, 0xDD, 0xDD, 0xDD, 0xDD, 0xDD, 0xDD, 0xDD, 0xDD, 0xDD, 0xDD, 0xFF, 0xFF, 0xDF, 0x0D,
    0x00, 0x00, 0x00, 0x00, 0x00, 0x00, 0x00, 0x00, 0x00, 0x00, 0x00, 0x00, 0x00, 0x00, 0x00, 0x00,
    0x00, 0x00, 0x00, 0x00, 0x00, 0x00, 0x00, 0x00, 0x00, 0x00, 0x00, 0x00, 0x00, 0x00, 0x00, 0x00,
    0x00, 0x00, 0x00, 0x00, 0x00, 0x00, 0x00, 0x00, 0x00, 0x00, 0x00, 0xE0, 0x00, 0x00, 0x00, 0xE0,
    0x00, 0x00, 0x00, 0xBE, 0x00, 0x00, 0x00, 0xBE, 0x00, 0x00, 0x00, 0xBE, 0x00, 0x00, 0x00, 0xBE,
    0x00, 0x00, 0xE0, 0xBB, 0x00, 0x00, 0xE0, 0x8B, 0x00, 0x00, 0xE0, 0xEE, 0x00, 0x00, 0x00, 0x00,
    0x00, 0x00, 0x00, 0x00, 0x00, 0x00, 0x00, 0x50, 0x00, 0x00, 0x00, 0x55, 0x00, 0x00, 0x55, 0x55,
    0x00, 0x50, 0x55, 0x55, 0x00, 0x55, 0x55, 0x85, 0x50, 0x55, 0x85, 0x88, 0x55, 0x55, 0x85, 0x88,
    0x00, 0x00, 0x00, 0x00, 0x00, 0x00, 0x00, 0x00, 0x55, 0x00, 0x00, 0x00, 0x35, 0x05, 0x00, 0x00,
    0x28, 0x52, 0x00, 0x00, 0x50, 0x52, 0x00, 0x00, 0x80, 0x53, 0x05, 0x00, 0x00, 0x35, 0x55, 0x00,
    0x00, 0x00, 0x00, 0x00, 0x00, 0x00, 0x00, 0x00, 0x00, 0x00, 0x00, 0x00, 0x00, 0x00, 0x00, 0x00,
    0x00, 0x00, 0x00, 0x00, 0x00, 0x00, 0x00, 0x00, 0x00, 0x00, 0x00, 0x00, 0x00, 0x00, 0x00, 0x55,
    0x00, 0x00, 0x00, 0x00, 0x00, 0x00, 0x00, 0x00, 0x00, 0x00, 0x00, 0x00, 0x00, 0x00, 0x00, 0x00,
    0x00, 0x00, 0x00, 0x00, 0x05, 0x00, 0x00, 0x00, 0x55, 0x00, 0x00, 0x00, 0x52, 0x05, 0x00, 0x00,
    0x00, 0x00, 0x00, 0x28, 0x00, 0x00, 0x00, 0x80, 0x00, 0x00, 0x00, 0xE0, 0x00, 0x00, 0x00, 0xE0,
    0x00, 0x00, 0x00, 0x00, 0x00, 0x00, 0x00, 0x50, 0x00, 0x00, 0x00, 0x3E, 0x00, 0x00, 0x00, 0x5E,
    0x00, 0x00, 0x00, 0x00, 0xDD, 0xDD, 0x00, 0x00, 0xDD, 0xDD, 0xDD, 0x00, 0x00, 0x00, 0x00, 0x00,
    0x00, 0x00, 0x00, 0x00, 0x00, 0x00, 0x00, 0x00, 0x00, 0x00, 0x00, 0x00, 0x00, 0x00, 0x00, 0x00,
    0xEE, 0x0E, 0x00, 0x00, 0x00, 0x00, 0x00, 0x00, 0x00, 0x00, 0x00, 0x00, 0x00, 0x00, 0x00, 0x00,
    0x00, 0x00, 0x00, 0x00, 0x00, 0x00, 0x00, 0x00, 0x00, 0x00, 0x00, 0x00, 0x00, 0x00, 0x00, 0x00,
};
static const u16 sFrame79[] = {
    0x0015, 0x40A4, 0xC015, 0x0000, 0x80B4, 0xC1F5, 0x0020, 0x008C, 0x404D, 0x0040, 0x00AC, 0x41DD,
    0x0044, 0x00CC, 0x41E5, 0x0048, 0x00F4, 0x41ED, 0x004C, 0x00F4, 0x4005, 0x0050, 0x409C, 0x4035,
    0x0054, 0x40C4, 0x4015, 0x0058, 0x809C, 0x4055, 0x005C, 0x40A4, 0x01D5, 0x0060, 0x40BC, 0x01E5,
    0x0062, 0x40C4, 0x0035, 0x0064, 0x80E4, 0x01ED, 0x0066, 0x0094, 0x0045, 0x0068, 0x009C, 0x01D5,
    0x0069, 0x00AC, 0x000D, 0x006A, 0x00B4, 0x01ED, 0x006B, 0x00C4, 0x01ED, 0x006C, 0x00C4, 0x0045,
    0x006D, 0x00F4, 0x01FD, 0x006E, 0x0000,
};
static const void* const sFrames79[] = { sFrame79 };
static const u8 sTiles80[2688] __attribute__((aligned(4))) = {
    0x00, 0x00, 0x00, 0x00, 0x00, 0x00, 0x00, 0x00, 0x00, 0x00, 0x00, 0x50, 0x00, 0x00, 0x00, 0x50,
    0x00, 0x00, 0x00, 0x55, 0x00, 0x00, 0x00, 0x55, 0x00, 0x00, 0x50, 0x55, 0x00, 0x00, 0x50, 0x55,
    0x50, 0x55, 0x88, 0xF8, 0x55, 0x55, 0xD8, 0xDF, 0x55, 0x85, 0xFD, 0xDD, 0x55, 0x88, 0xFD, 0xDD,
    0x55, 0x88, 0xFD, 0xDF, 0x55, 0x88, 0xFF, 0x8D, 0x88, 0xD8, 0xDD, 0x88, 0x88, 0xFD, 0x8D, 0x58,
    0x8D, 0x55, 0x55, 0x08, 0x8D, 0x55, 0x55, 0x08, 0x88, 0x55, 0xD5, 0x0D, 0x58, 0x55, 0x85, 0x0D,
    0x88, 0x85, 0xD8, 0xD0, 0x58, 0xD8, 0x0D, 0xD0, 0x55, 0x88, 0xDD, 0x5D, 0x55, 0xDD, 0xDD, 0x55,
    0xD0, 0x55, 0x0D, 0x00, 0x5D, 0x85, 0x0D, 0x00, 0x5D, 0x85, 0x0D, 0x00, 0x55, 0x85, 0x0D, 0xD0,
    0x55, 0xD5, 0x00, 0xDD, 0x55, 0xD8, 0xD0, 0xD5, 0x85, 0x0D, 0x50, 0xD8, 0xD5, 0x00, 0x5D, 0xD8,
    0x00, 0x00, 0x55, 0x85, 0x00, 0x50, 0x55, 0xF8, 0x00, 0x55, 0x55, 0xF8, 0x00, 0x55, 0x85, 0x88,
    0x50, 0x55, 0x55, 0xFD, 0x50, 0x55, 0x88, 0xDF, 0x50, 0x85, 0xFD, 0xDD, 0x55, 0xD8, 0xFD, 0x8D,
    0xF8, 0xFF, 0x8D, 0x58, 0xDF, 0xDD, 0x88, 0x55, 0xFF, 0xDD, 0x8D, 0x55, 0xDD, 0xDD, 0x58, 0x55,
    0xDD, 0x8D, 0x58, 0x88, 0x8D, 0x88, 0x55, 0x88, 0x88, 0x58, 0x85, 0xD8, 0x88, 0x55, 0xD5, 0x8D,
    0x55, 0xD8, 0x5D, 0x55, 0x88, 0xDD, 0x58, 0x85, 0xD8, 0x5D, 0x55, 0x85, 0xD8, 0x58, 0x55, 0xD5,
    0xDD, 0x58, 0x55, 0x85, 0x8D, 0x55, 0xD8, 0x8D, 0x8D, 0xD5, 0x8D, 0x58, 0x58, 0x55, 0x88, 0x58,
    0xD5, 0xD0, 0x5D, 0x0D, 0xD5, 0x8D, 0x55, 0x0D, 0xDD, 0x58, 0x85, 0x00, 0x8D, 0x55, 0xD5, 0xD0,
    0x58, 0x55, 0xD8, 0x5D, 0x55, 0x85, 0xDD, 0x5D, 0x55, 0x85, 0x8D, 0x55, 0x55, 0xDD, 0x58, 0x55,
    0x85, 0xFF, 0xDF, 0x8D, 0xF5, 0xDF, 0xDF, 0x8D, 0xD8, 0xDF, 0xDD, 0x88, 0xFD, 0xDF, 0xDD, 0x58,
    0xDD, 0xDD, 0x8D, 0x55, 0xFF, 0x8F, 0x58, 0x55, 0xDD, 0x5D, 0x55, 0x85, 0x8F, 0x58, 0x55, 0x88,
    0x88, 0x55, 0x88, 0xDD, 0x58, 0x55, 0x88, 0x88, 0x58, 0x55, 0x88, 0x55, 0x55, 0xDD, 0x55, 0xD5,
    0xD5, 0x88, 0x55, 0xD5, 0xD8, 0x88, 0x55, 0xD5, 0x88, 0x8D, 0x55, 0x8D, 0xD8, 0x8D, 0x88, 0x58,
    0x88, 0xDD, 0x58, 0x55, 0x55, 0x88, 0x55, 0x55, 0xD8, 0x58, 0x55, 0x85, 0x8D, 0x58, 0x55, 0xD8,
    0x88, 0x55, 0x85, 0x88, 0x58, 0x55, 0xD5, 0x5D, 0x55, 0x88, 0x5D, 0x55, 0x55, 0xDD, 0x58, 0x55,
    0x55, 0x8D, 0x58, 0xD5, 0x88, 0x58, 0x55, 0xD5, 0xDD, 0x55, 0x55, 0x0D, 0x8D, 0x35, 0xD5, 0x00,
    0x55, 0x22, 0xD8, 0x00, 0x55, 0x52, 0x0D, 0xDD, 0x55, 0x83, 0xD0, 0x85, 0x35, 0xD5, 0x5D, 0xD8,
    0x58, 0x55, 0x55, 0x88, 0x58, 0x55, 0x88, 0x8D, 0x55, 0x85, 0xDD, 0x85, 0xD5, 0xDD, 0x55, 0x85,
    0x8D, 0x55, 0x55, 0x8D, 0x88, 0x58, 0xD5, 0x88, 0xDD, 0xDD, 0x8D, 0x88, 0x88, 0x88, 0x88, 0xDD,
    0xD8, 0x55, 0x58, 0x55, 0x58, 0xDD, 0x55, 0x85, 0xD8, 0xDD, 0x85, 0xD8, 0xD8, 0x55, 0xDD, 0xDD,
    0x58, 0xD5, 0xDD, 0xDD, 0x88, 0xD8, 0x58, 0x85, 0x88, 0x8D, 0x8D, 0x55, 0x8D, 0xD8, 0xDD, 0xDD,
    0x85, 0x8D, 0x58, 0x55, 0xD8, 0x58, 0x85, 0x5D, 0x88, 0x55, 0x85, 0x35, 0x88, 0x88, 0x58, 0x33,
    0x88, 0xDD, 0x25, 0x32, 0x88, 0x5D, 0x22, 0x83, 0xDD, 0x25, 0x32, 0xD8, 0x5D, 0x21, 0x82, 0xDD,
    0x32, 0x55, 0x55, 0xD8, 0x33, 0xD8, 0xD5, 0x0D, 0x83, 0x55, 0xD8, 0x00, 0x58, 0x85, 0x0D, 0x00,
    0x88, 0xDD, 0x00, 0x00, 0xDD, 0x0D, 0xD0, 0x00, 0x00, 0x00, 0x0D, 0x00, 0xDD, 0xDD, 0x0D, 0x00,
    0x00, 0x00, 0x00, 0x00, 0x00, 0x00, 0x00, 0x00, 0x00, 0x00, 0x00, 0x00, 0x00, 0x00, 0x00, 0x00,
    0x00, 0x00, 0x00, 0x00, 0x00, 0x00, 0x00, 0x00, 0x00, 0x00, 0x00, 0x00, 0x00, 0x00, 0x00, 0x55,
    0x00, 0x00, 0x00, 0x00, 0x00, 0x00, 0x00, 0x00, 0x00, 0x00, 0x00, 0x00, 0x00, 0x00, 0x50, 0x55,
    0x00, 0x55, 0x55, 0x55, 0x50, 0x55, 0x85, 0x88, 0x55, 0x88, 0xD8, 0xDD, 0x85, 0xDD, 0xDD, 0xDD,
    0x00, 0x55, 0x55, 0x55, 0x55, 0x55, 0x85, 0x88, 0x55, 0x55, 0x85, 0xDD, 0x55, 0x85, 0xF8, 0xFF,
    0x88, 0xF8, 0xFF, 0xFF, 0xDD, 0xFF, 0xFF, 0xFF, 0xDD, 0xFF, 0xFF, 0xDF, 0xFF, 0xFF, 0xFF, 0xDD,
    0x88, 0xF8, 0xFF, 0x8D, 0xF8, 0xFF, 0xFF, 0x8D, 0xFD, 0xDF, 0xDD, 0x55, 0xFF, 0xDF, 0x88, 0x88,
    0xFF, 0xDF, 0x88, 0x88, 0xDF, 0x8D, 0x88, 0xDD, 0x8D, 0xD8, 0xDD, 0xDD, 0xDD, 0x8D, 0xDD, 0x8D,
    0x05, 0x00, 0x55, 0x55, 0x55, 0x55, 0x55, 0x88, 0x85, 0x55, 0x85, 0x88, 0x50, 0x88, 0x88, 0xDD,
    0x50, 0x88, 0x88, 0xDD, 0x50, 0x55, 0xDD, 0xFF, 0x50, 0x85, 0xDD, 0xFF, 0x50, 0xD8, 0xDD, 0xFF,
    0xD8, 0xDD, 0xFD, 0xFF, 0xDD, 0xFF, 0xFF, 0xFF, 0xFD, 0xFF, 0xFF, 0xFF, 0xFD, 0xFF, 0xFF, 0xDD,
    0xFD, 0xFF, 0xDF, 0xFF, 0xFF, 0xFF, 0xFF, 0xDF, 0xFF, 0xFF, 0xFF, 0xFF, 0xFF, 0xFF, 0xFF, 0xFF,
    0xFF, 0xFF, 0x8F, 0x88, 0xFF, 0xFF, 0x88, 0x88, 0x88, 0x88, 0xD8, 0xDD, 0xDD, 0x88, 0xDD, 0xFF,
    0xFF, 0xFF, 0xFF, 0xFD, 0xFD, 0xFF, 0xFF, 0xFF, 0xDF, 0xFD, 0xDF, 0xFF, 0xFF, 0xDD, 0xDD, 0xDD,
    0xDD, 0x88, 0x88, 0x88, 0x88, 0xD8, 0x88, 0x88, 0x88, 0xFF, 0xDF, 0xDD, 0xFF, 0xFF, 0xFF, 0xFF,
    0xFF, 0xFF, 0xFF, 0xFF, 0xDD, 0xFF, 0xFF, 0xFF, 0xDF, 0xDD, 0xDD, 0xDD, 0xFD, 0x8F, 0xD8, 0xDD,
    0x55, 0xD8, 0xDD, 0xFF, 0x55, 0x85, 0xFF, 0xFF, 0x55, 0x85, 0xFF, 0xFF, 0x85, 0xD8, 0xFF, 0xFF,
    0xD8, 0xD8, 0xFF, 0xFF, 0xDD, 0xDD, 0xFD, 0xFF, 0xFD, 0xDF, 0xFF, 0xFF, 0xFD, 0xDF, 0xFF, 0xFF,
    0xFF, 0xFF, 0xFF, 0xFF, 0xFF, 0xFF, 0xDF, 0xFF, 0xDF, 0xFD, 0xDF, 0xDD, 0xDF, 0xFD, 0xFF, 0xFD,
    0xFF, 0xFF, 0xFD, 0xFF, 0xFF, 0xFF, 0xDF, 0xFF, 0xFF, 0xFF, 0xDF, 0xFF, 0xFF, 0xFF, 0xFD, 0xFD,
    0xFF, 0xDF, 0xFD, 0xDD, 0xFF, 0xFF, 0xFD, 0xDF, 0xDD, 0xFD, 0xFF, 0xFF, 0xFF, 0xDD, 0xDD, 0xFD,
    0xFF, 0xDF, 0xDD, 0xDD, 0xFF, 0xFF, 0xDF, 0xDD, 0xFD, 0xFF, 0xFF, 0xFF, 0xDD, 0xFD, 0xDF, 0xFF,
    0x88, 0xD8, 0x8D, 0x88, 0x8D, 0xD8, 0xFF, 0xDD, 0xFF, 0xFD, 0xFF, 0xDD, 0xFF, 0xFF, 0xFF, 0xFF,
    0xFF, 0xFF, 0xFF, 0xFF, 0xFD, 0xFF, 0xDD, 0xFF, 0xDD, 0xDD, 0xDD, 0xDD, 0xFF, 0xDD, 0xDD, 0xDD,
    0xFD, 0xFF, 0xFF, 0xFF, 0xFD, 0xFF, 0xFF, 0xFF, 0xFF, 0xFF, 0xFF, 0xFF, 0xFF, 0xFF, 0xFF, 0xFF,
    0xFF, 0xFF, 0xFF, 0xFF, 0xFF, 0xFF, 0xFF, 0xFF, 0xFF, 0xFF, 0xFF, 0xFF, 0xFF, 0xFF, 0xFF, 0xFF,
    0xFF, 0xFF, 0xFD, 0xDD, 0xFF, 0xFF, 0xFD, 0xDF, 0xFF, 0xFF, 0xFF, 0xFD, 0xFF, 0xFF, 0xDD, 0xDD,
    0xFF, 0xFF, 0xDD, 0xDD, 0xFF, 0xDD, 0xDD, 0xDD, 0xFF, 0xDD, 0x0D, 0xDD, 0xFF, 0xDD, 0x0D, 0x00,
    0xDD, 0x00, 0x0D, 0x0F, 0xDF, 0x0D, 0x00, 0x00, 0xDF, 0x0D, 0x00, 0x00, 0xDF, 0x0D, 0x00, 0x00,
    0xDD, 0x00, 0x00, 0x00, 0xDD, 0x0D, 0x00, 0x00, 0xDD, 0x0D, 0x00, 0x00, 0xDD, 0x0D, 0x00, 0x00,
    0xFF, 0xFF, 0xFF, 0xFF, 0xF0, 0xFF, 0xFF, 0xFF, 0x00, 0x00, 0x00, 0x50, 0x00, 0x00, 0x00, 0x55,
    0x00, 0x00, 0x50, 0x25, 0x00, 0x00, 0x55, 0x22, 0x00, 0x50, 0x15, 0x22, 0x00, 0x55, 0x21, 0x82,
    0x23, 0x32, 0x99, 0x00, 0x23, 0x22, 0x33, 0x99, 0x39, 0x23, 0x32, 0x33, 0x93, 0x33, 0xE3, 0xEE,
    0x31, 0x5E, 0x2E, 0x32, 0x13, 0x3E, 0x1E, 0x13, 0xE3, 0xE1, 0x11, 0x52, 0xEA, 0xE2, 0x23, 0x22,
    0x50, 0x85, 0xD8, 0xFF, 0x59, 0x88, 0xFD, 0xFF, 0x53, 0xD8, 0xFD, 0xFF, 0x85, 0xDD, 0xFE, 0xFF,
    0xEE, 0xDD, 0xFE, 0xFF, 0x32, 0xFE, 0xEE, 0xFF, 0x22, 0xE3, 0xFF, 0xFF, 0x32, 0xE5, 0x8B, 0xFF,
    0xFF, 0xFF, 0xDF, 0xDF, 0xFF, 0xFF, 0xDF, 0xDD, 0xFF, 0xFF, 0xFF, 0xDD, 0xFF, 0xFF, 0xFF, 0xDD,
    0xFF, 0xFF, 0xDF, 0xDD, 0xFF, 0xFD, 0xDF, 0xDD, 0xFF, 0xFD, 0xDD, 0xDD, 0xFF, 0xDF, 0xDD, 0xDD,
    0xFF, 0xDD, 0x0D, 0x00, 0xDF, 0xDD, 0x00, 0x00, 0xDD, 0x0D, 0x00, 0x00, 0xDD, 0x0D, 0x00, 0x00,
    0xDD, 0x0D, 0x00, 0x00, 0xDD, 0xDD, 0x00, 0x00, 0x0D, 0xD0, 0x0D, 0x00, 0x0D, 0x00, 0x00, 0x00,
    0xEA, 0x32, 0x3E, 0x33, 0x77, 0xEE, 0xE5, 0xEE, 0x2A, 0x5F, 0xE5, 0x35, 0xF0, 0xB2, 0xEE, 0x5B,
    0xF0, 0x33, 0xBB, 0xEE, 0x00, 0xBF, 0xBF, 0x88, 0x00, 0xF0, 0xFB, 0x88, 0x00, 0x00, 0xBF, 0x33,
    0xEE, 0xEE, 0x68, 0x86, 0x11, 0x53, 0xEE, 0x66, 0x22, 0x32, 0x8E, 0x6E, 0x3E, 0x52, 0x6E, 0xE8,
    0xEB, 0xEE, 0x56, 0x88, 0xEE, 0x8B, 0x66, 0xB6, 0xB8, 0xEE, 0xBB, 0x8B, 0x88, 0x8B, 0xEE, 0x8B,
    0xFF, 0xDD, 0xDD, 0xDD, 0x66, 0xFF, 0xDD, 0xDD, 0x66, 0xB6, 0x9F, 0xDD, 0x6E, 0x66, 0xFB, 0xD9,
    0xE8, 0x66, 0xB6, 0x0F, 0x8B, 0x6E, 0x66, 0xFB, 0x88, 0x6E, 0x66, 0xFB, 0x66, 0xE8, 0x88, 0xB8,
    0xDD, 0x00, 0x00, 0x00, 0xDD, 0x0D, 0x00, 0x00, 0x00, 0x0D, 0x00, 0x50, 0x0D, 0x00, 0x00, 0x55,
    0x00, 0x00, 0x50, 0x25, 0x00, 0x00, 0x55, 0x32, 0x00, 0x50, 0x25, 0x33, 0x0F, 0x55, 0x32, 0x83,
    0x00, 0x00, 0xF0, 0xFB, 0x00, 0xF0, 0xFF, 0xFF, 0x00, 0x6F, 0x88, 0x68, 0xF0, 0x66, 0xB8, 0x68,
    0xF0, 0x86, 0xBB, 0x88, 0xF0, 0x88, 0xBB, 0x8B, 0xF0, 0xBB, 0xBB, 0xBB, 0x00, 0xBF, 0xBB, 0xFF,
    0x88, 0xB8, 0xEB, 0xEE, 0x8F, 0xB8, 0xBB, 0x88, 0xF6, 0xBB, 0x8B, 0x88, 0x66, 0x3F, 0x88, 0x88,
    0x66, 0xBF, 0x88, 0x86, 0x88, 0xF8, 0x6B, 0x86, 0x8B, 0xF8, 0x6B, 0x66, 0xBF, 0x8B, 0x8F, 0x68,
    0x56, 0x88, 0xBE, 0xBB, 0x6E, 0x86, 0xEB, 0xBB, 0x8E, 0x86, 0x99, 0x56, 0xE8, 0x99, 0x51, 0x59,
    0x96, 0x35, 0x99, 0x2E, 0x86, 0x99, 0x86, 0xE8, 0x86, 0x5E, 0x66, 0xE6, 0xE6, 0xEE, 0x66, 0x76,
    0x5F, 0x25, 0x33, 0x08, 0x55, 0x32, 0x83, 0x00, 0x25, 0x33, 0x08, 0x00, 0x32, 0x83, 0x00, 0x00,
    0x55, 0x08, 0x00, 0x00, 0x85, 0x00, 0x00, 0x00, 0x0A, 0x00, 0x00, 0x00, 0xA1, 0x00, 0x00, 0x00,
    0x00, 0x8F, 0xBB, 0xFB, 0x00, 0x8F, 0xB8, 0xFB, 0x00, 0x6F, 0xB8, 0xFB, 0x00, 0x6F, 0x88, 0xFB,
    0x00, 0x60, 0x86, 0xFB, 0x00, 0xF0, 0x86, 0xFB, 0x00, 0xF0, 0x86, 0xF8, 0x00, 0xFF, 0x88, 0xB8,
    0xFB, 0xBF, 0x3F, 0xE8, 0xBB, 0xFB, 0x8F, 0x3E, 0xBB, 0xBB, 0xFB, 0xEE, 0xBB, 0xBB, 0xFB, 0xBB,
    0xBB, 0xBB, 0xFB, 0xB3, 0xBB, 0xBB, 0xFB, 0xBB, 0xBB, 0xBB, 0xFB, 0xBB, 0xBF, 0xBB, 0xBB, 0xBF,
    0x3E, 0xEE, 0x58, 0xA6, 0xEE, 0x6E, 0x68, 0xE8, 0x8E, 0xE6, 0xEE, 0x6E, 0x8B, 0x66, 0x66, 0x66,
    0x8B, 0x66, 0x66, 0x66, 0x8B, 0x68, 0x66, 0x66, 0xBB, 0x68, 0x66, 0x66, 0xBB, 0x88, 0x66, 0x66,
    0xA7, 0x00, 0xF0, 0xFF, 0xAA, 0xF0, 0xBF, 0xFB, 0xF8, 0xBF, 0xBB, 0x8F, 0xF8, 0xBB, 0xBB, 0xBF,
    0xBF, 0xBB, 0xBB, 0xBF, 0xBF, 0x8B, 0xFB, 0xBB, 0xBF, 0x88, 0xFB, 0xFF, 0x88, 0xB8, 0xFB, 0x00,
    0x88, 0x88, 0xD8, 0xDD, 0xD8, 0x88, 0xDD, 0xDF, 0xDD, 0x8D, 0xF8, 0x88, 0xFF, 0xFF, 0xFF, 0x88,
    0xDF, 0xDD, 0x88, 0xDF, 0xDD, 0xDD, 0xDD, 0xFF, 0xFD, 0xFF, 0xFF, 0xFF, 0x8F, 0xF8, 0xFF, 0x88,
    0xDD, 0xDD, 0xDD, 0xDD, 0xDD, 0xDD, 0x88, 0x58, 0x88, 0xD8, 0x88, 0x15, 0x88, 0x88, 0x5D, 0x22,
    0x8D, 0x88, 0x25, 0x22, 0xFF, 0x5F, 0x22, 0x83, 0xFF, 0x5F, 0x32, 0x88, 0x88, 0x55, 0x83, 0xD8,
    0x15, 0x21, 0xD8, 0x8D, 0x11, 0x82, 0xD8, 0x8D, 0x21, 0x88, 0xDD, 0x88, 0x82, 0x88, 0x88, 0xD8,
    0x88, 0x88, 0x88, 0xD8, 0x88, 0xDD, 0xDD, 0x0D, 0x88, 0x00, 0x00, 0x00, 0xDD, 0x00, 0x00, 0xD0,
    0x88, 0x88, 0x0D, 0x00, 0x88, 0xDD, 0x00, 0x00, 0xD8, 0x0D, 0x00, 0x00, 0x0D, 0x00, 0x00, 0x00,
    0x00, 0x00, 0x00, 0x00, 0x00, 0x00, 0x00, 0x00, 0x00, 0x00, 0x00, 0x00, 0xDD, 0x0D, 0x00, 0x00,
    0xD8, 0x8D, 0x88, 0xD8, 0xDD, 0xDD, 0x8D, 0xFD, 0xFD, 0xFF, 0xDF, 0x5F, 0xFF, 0xFF, 0xFF, 0x55,
    0xFF, 0xFF, 0x5F, 0x25, 0xDF, 0xDD, 0x55, 0x32, 0xDD, 0x5D, 0x25, 0x33, 0xFD, 0x55, 0x32, 0x83,
    0x58, 0x35, 0x85, 0x00, 0x55, 0x53, 0x85, 0xDD, 0x25, 0x55, 0xF8, 0xFF, 0x32, 0x85, 0xDF, 0xDD,
    0x33, 0xF8, 0xDD, 0xDD, 0x83, 0xDD, 0xDF, 0xFF, 0xF8, 0xFF, 0xFF, 0x00, 0xFF, 0xFF, 0x00, 0x00,
    0x00, 0xD0, 0xDD, 0xDD, 0xDD, 0xDD, 0xDD, 0xDD, 0xDF, 0xDD, 0xDD, 0x0D, 0xDD, 0xFD, 0xDD, 0x00,
    0xDD, 0x0F, 0x00, 0x00, 0xFF, 0x00, 0x00, 0x00, 0x00, 0x00, 0x00, 0x00, 0x00, 0x00, 0x00, 0x00,
    0xDD, 0x00, 0x00, 0x00, 0x00, 0x00, 0x00, 0x00, 0x00, 0x00, 0x00, 0x00, 0x00, 0x00, 0x00, 0x00,
    0x00, 0x00, 0x00, 0x00, 0x00, 0x00, 0x00, 0x00, 0x00, 0x00, 0x00, 0x00, 0x00, 0x00, 0x00, 0x00,
    0x00, 0x00, 0x00, 0x00, 0x00, 0x00, 0x00, 0x00, 0x00, 0x00, 0x00, 0x00, 0x00, 0x00, 0x00, 0x00,
    0x00, 0x00, 0x00, 0x50, 0x00, 0x00, 0x00, 0x50, 0x00, 0x00, 0x00, 0x55, 0x00, 0x00, 0x00, 0x55,
    0x00, 0x0D, 0x00, 0x00, 0x50, 0x0D, 0x00, 0x00, 0x55, 0xD5, 0x00, 0x00, 0x55, 0xD5, 0x00, 0x00,
    0x55, 0xD5, 0x00, 0x00, 0x55, 0xD5, 0x00, 0x00, 0x55, 0xD5, 0x00, 0xD0, 0x55, 0x0D, 0x00, 0xD0,
    0x00, 0x00, 0x50, 0x55, 0x00, 0x00, 0x50, 0x55, 0x00, 0x00, 0x55, 0x55, 0x00, 0x00, 0x55, 0x55,
    0x00, 0x50, 0x55, 0x85, 0x00, 0x55, 0x55, 0x85, 0x00, 0x55, 0x85, 0x88, 0x50, 0x55, 0x88, 0x88,
    0x55, 0xF8, 0x00, 0x5D, 0x55, 0x0F, 0x00, 0x55, 0x88, 0xDD, 0xDD, 0x55, 0xF8, 0xDD, 0x8D, 0x55,
    0xF8, 0xDD, 0x58, 0xD5, 0xDF, 0x88, 0x55, 0x85, 0xDD, 0x88, 0x55, 0xD5, 0xDF, 0x58, 0x55, 0xD5,
    0x00, 0x00, 0x00, 0xF0, 0x00, 0x00, 0x00, 0xF0, 0x00, 0x00, 0x00, 0xBF, 0x00, 0x00, 0x00, 0xFF,
    0x00, 0x00, 0x00, 0x00, 0x00, 0x00, 0x00, 0x00, 0x00, 0x00, 0x00, 0x00, 0x00, 0x00, 0x00, 0x00,
    0xFF, 0xBB, 0xBB, 0x88, 0x88, 0xB8, 0xBB, 0x8B, 0x88, 0x88, 0xBB, 0xBB, 0xFF, 0xFF, 0xFF, 0xFF,
    0x00, 0x00, 0x00, 0x00, 0x00, 0x00, 0x00, 0x00, 0x00, 0x00, 0x00, 0x00, 0x00, 0x00, 0x00, 0x00,
    0xFF, 0xBF, 0xBB, 0xBF, 0x0F, 0xF0, 0xFF, 0x3F, 0x0F, 0x00, 0x00, 0xFF, 0x0F, 0x00, 0x00, 0x00,
    0x00, 0x00, 0x00, 0x00, 0x00, 0x00, 0x00, 0x00, 0x00, 0x00, 0x00, 0x00, 0x00, 0x00, 0x00, 0x00,
    0xBB, 0x88, 0x68, 0x86, 0xBB, 0x88, 0x88, 0x88, 0xBB, 0xBB, 0x88, 0x88, 0xFF, 0x3B, 0x8B, 0xB8,
    0x00, 0xFF, 0xFF, 0xFF, 0x00, 0x00, 0x00, 0x00, 0x00, 0x00, 0x00, 0x00, 0x00, 0x00, 0x00, 0x00,
    0x00, 0x00, 0x00, 0x00, 0x00, 0x00, 0x00, 0x00, 0x00, 0x00, 0x00, 0x00, 0x00, 0x00, 0x00, 0x00,
    0x00, 0x00, 0x00, 0x00, 0x00, 0x00, 0x00, 0x00, 0x00, 0x00, 0x00, 0x50, 0x00, 0x00, 0x50, 0x55,
    0x00, 0x00, 0x50, 0x55, 0x00, 0x00, 0x55, 0x55, 0x00, 0x50, 0x55, 0x85, 0x00, 0x50, 0x55, 0x88,
    0x00, 0x55, 0x85, 0x88, 0x55, 0x55, 0x88, 0xD8, 0x55, 0x85, 0xD8, 0xDD, 0x55, 0x88, 0xFD, 0xDD,
    0x00, 0x00, 0x00, 0x00, 0x00, 0x00, 0x00, 0x00, 0x00, 0x00, 0x00, 0x00, 0x00, 0x00, 0x00, 0x00,
    0x00, 0x00, 0x00, 0x00, 0x00, 0x00, 0x99, 0x99, 0x00, 0x39, 0x33, 0x13, 0x90, 0x32, 0x21, 0x33,
    0x00, 0x00, 0x00, 0x00, 0x00, 0x00, 0x00, 0x00, 0x00, 0x00, 0x00, 0x00, 0x00, 0x00, 0x00, 0x00,
    0x00, 0x00, 0x00, 0x00, 0x09, 0x00, 0x00, 0x00, 0x92, 0x00, 0x00, 0x00, 0x21, 0x99, 0x00, 0x00,
    0xD0, 0xDD, 0x00, 0x00, 0x00, 0xDD, 0x0D, 0x00, 0x00, 0x00, 0x0D, 0x50, 0x00, 0x00, 0x00, 0x55,
    0x00, 0x00, 0x50, 0x25, 0x00, 0x00, 0x55, 0x22, 0x00, 0x50, 0x25, 0x22, 0x00, 0x55, 0x22, 0x82,
    0x50, 0x15, 0x22, 0x08, 0x55, 0x21, 0x82, 0x00, 0x15, 0x22, 0x08, 0x00, 0x21, 0x82, 0x00, 0x00,
    0x22, 0x08, 0x00, 0x00, 0x82, 0x00, 0x00, 0x00, 0x08, 0x00, 0x00, 0x00, 0x00, 0x00, 0x00, 0x00,
    0x88, 0xB8, 0xFB, 0x00, 0x88, 0xBB, 0xFB, 0x00, 0xBB, 0xBB, 0x0F, 0x00, 0xB3, 0xBB, 0x03, 0xF0,
    0xFF, 0xFF, 0x0F, 0xF0, 0x00, 0x00, 0x00, 0x00, 0x00, 0x00, 0x00, 0x00, 0x00, 0x00, 0x00, 0x00,
    0xF0, 0xBB, 0xBB, 0x0F, 0xF0, 0xBB, 0xBB, 0x0F, 0x6F, 0x86, 0xFB, 0x00, 0x88, 0xB8, 0xFB, 0x00,
    0xFF, 0xFF, 0x0F, 0x00, 0x00, 0x00, 0x00, 0x00, 0x00, 0x00, 0x00, 0x00, 0x00, 0x00, 0x00, 0x00,
    0x00, 0x00, 0x00, 0x00, 0x00, 0x00, 0x00, 0x00, 0x00, 0x00, 0x00, 0x00, 0x00, 0x00, 0x00, 0x00,
    0x00, 0x00, 0x00, 0x00, 0x0D, 0x00, 0x00, 0x00, 0x0D, 0x00, 0x00, 0x00, 0xD5, 0x00, 0x00, 0x00,
    0xD5, 0x00, 0x00, 0x00, 0xD5, 0x00, 0x00, 0x00, 0xD5, 0x00, 0x00, 0x00, 0x0D, 0xD0, 0x00, 0x00,
    0x00, 0xD0, 0x00, 0x00, 0x0D, 0x50, 0x0D, 0x00, 0x00, 0x5D, 0x0D, 0x00, 0x00, 0x5D, 0x0D, 0x00,
    0x00, 0x00, 0x00, 0x00, 0x00, 0x00, 0x00, 0x00, 0xDD, 0x00, 0x00, 0x00, 0xD8, 0x00, 0x00, 0x00,
    0xD8, 0x00, 0x00, 0x00, 0xD5, 0x00, 0x00, 0x00, 0x0D, 0x00, 0x00, 0x00, 0x0D, 0x00, 0x00, 0x00,
    0x00, 0x00, 0x00, 0x00, 0x00, 0x00, 0x00, 0x00, 0x00, 0x00, 0x00, 0x00, 0xD0, 0x0D, 0x00, 0x00,
    0xDD, 0x00, 0x00, 0x00, 0x0D, 0x00, 0x00, 0x00, 0x00, 0x00, 0x00, 0x00, 0x00, 0x00, 0x00, 0x00,
    0x00, 0x00, 0x00, 0x00, 0x00, 0x00, 0x00, 0x50, 0x00, 0x00, 0x00, 0x50, 0x00, 0x00, 0x00, 0x50,
    0x00, 0x00, 0x00, 0x85, 0x00, 0x00, 0x00, 0x85, 0x00, 0x00, 0x50, 0x85, 0x00, 0x00, 0x00, 0xD5,
    0x00, 0x00, 0x50, 0xD8, 0x00, 0x00, 0x50, 0xD8, 0x00, 0x00, 0x50, 0xF8, 0x00, 0x00, 0x50, 0xF8,
    0x00, 0x00, 0x85, 0xDD, 0x00, 0x00, 0x85, 0xDD, 0x00, 0x50, 0xD8, 0xFD, 0x00, 0x55, 0xD8, 0xFD,
    0x19, 0x12, 0x19, 0x22, 0x19, 0x92, 0x92, 0x91, 0x99, 0x92, 0x91, 0x22, 0x79, 0x99, 0x22, 0x39,
    0x90, 0x12, 0x19, 0x99, 0xA0, 0xE2, 0x9E, 0x92, 0xA0, 0x41, 0x21, 0x29, 0xA0, 0x21, 0x12, 0x92,
    0x00, 0x1A, 0x21, 0x72, 0x00, 0xA0, 0x22, 0xAA, 0x00, 0x00, 0xAA, 0xA0, 0x00, 0x00, 0x00, 0x00,
    0x00, 0x00, 0x00, 0x00, 0x00, 0x00, 0x00, 0x00, 0x00, 0x00, 0x00, 0x00, 0x00, 0x00, 0x00, 0x00,
    0x00, 0x00, 0x00, 0x00, 0x00, 0x00, 0x00, 0x00, 0x00, 0x00, 0x00, 0x00, 0x00, 0x00, 0x00, 0x00,
    0x00, 0x00, 0x00, 0x00, 0x00, 0x00, 0x00, 0x00, 0x00, 0x00, 0x00, 0x00, 0x00, 0x00, 0x00, 0x50,
    0x5F, 0x25, 0x33, 0x08, 0x55, 0x22, 0x83, 0x00, 0x25, 0x22, 0x08, 0x00, 0x22, 0x82, 0x00, 0x00,
    0x22, 0x08, 0x00, 0x00, 0x82, 0x00, 0x00, 0x00, 0x08, 0x00, 0x00, 0x00, 0x00, 0x00, 0x00, 0x00,
    0x50, 0x25, 0x22, 0x08, 0x55, 0x32, 0x82, 0x00, 0x25, 0x33, 0x08, 0x00, 0x32, 0x83, 0x00, 0x00,
    0x33, 0x08, 0x00, 0x00, 0x83, 0x00, 0x00, 0x00, 0x08, 0x00, 0x00, 0x00, 0x00, 0x00, 0x00, 0x00,
    0x00, 0x00, 0x00, 0x00, 0xFF, 0xFF, 0x0F, 0x00, 0x68, 0xB6, 0xFF, 0x00, 0x88, 0xB8, 0xFB, 0x00,
    0xBB, 0xBB, 0xFB, 0x00, 0xBB, 0xBB, 0xFB, 0x0F, 0xBB, 0xBB, 0xFB, 0x0F, 0xBF, 0xBB, 0xBB, 0x0F,
};
static const u16 sFrame80[] = {
    0x0012, 0x00A3, 0x801E, 0x0000, 0x00BB, 0x81FE, 0x0010, 0x00DB, 0x81EE, 0x0020, 0x40C3, 0x801E,
    0x0030, 0x0093, 0x4026, 0x0038, 0x40FB, 0x41E6, 0x003C, 0x40B3, 0x000E, 0x0040, 0x40D3, 0x01E6,
    0x0042, 0x40DB, 0x000E, 0x0044, 0x40FB, 0x0006, 0x0046, 0x8093, 0x0036, 0x0048, 0x80AB, 0x003E,
    0x004A, 0x80CB, 0x01F6, 0x004C, 0x80DB, 0x01E6, 0x004E, 0x00AB, 0x0016, 0x0050, 0x00D3, 0x001E,
    0x0051, 0x00E3, 0x000E, 0x0052, 0x00F3, 0x000E, 0x0053, 0x0000,
};
static const void* const sFrames80[] = { sFrame80 };
static const u8 sTiles81[3072] __attribute__((aligned(4))) = {
    0x00, 0x00, 0x00, 0x00, 0x00, 0x00, 0x00, 0x00, 0x00, 0x00, 0x00, 0x00, 0x00, 0x00, 0x00, 0x00,
    0x00, 0x00, 0x00, 0x00, 0x00, 0x00, 0x00, 0x00, 0x00, 0x00, 0x00, 0x50, 0x00, 0x00, 0x00, 0x50,
    0x00, 0x50, 0x55, 0x88, 0x00, 0x55, 0x55, 0xD8, 0x50, 0x55, 0x85, 0xFD, 0x50, 0x55, 0x88, 0xFD,
    0x55, 0x55, 0x88, 0xFD, 0x55, 0x55, 0x88, 0xFF, 0x55, 0x88, 0xD8, 0xDD, 0x55, 0x88, 0xFD, 0x8D,
    0xF8, 0x8D, 0x55, 0x55, 0xDF, 0x8D, 0x55, 0x55, 0xDD, 0x88, 0x55, 0xD5, 0xDD, 0x58, 0x55, 0x85,
    0xDF, 0x88, 0x85, 0xD8, 0x8D, 0x58, 0xD8, 0x0D, 0x88, 0x55, 0x88, 0xDD, 0x58, 0x55, 0xDD, 0xDD,
    0x08, 0xD0, 0x55, 0x0D, 0x08, 0x5D, 0x85, 0x0D, 0x0D, 0x5D, 0x85, 0x0D, 0x0D, 0x55, 0x85, 0x0D,
    0xD0, 0x55, 0xD5, 0x00, 0xD0, 0x55, 0xD8, 0xD0, 0x5D, 0x85, 0x0D, 0x50, 0x55, 0xD5, 0x00, 0x5D,
    0x00, 0x00, 0x00, 0x55, 0x00, 0x00, 0x50, 0x55, 0x00, 0x00, 0x55, 0x55, 0x00, 0x00, 0x55, 0x85,
    0x00, 0x50, 0x55, 0x55, 0x00, 0x50, 0x55, 0x88, 0x00, 0x50, 0x85, 0xFD, 0x50, 0x55, 0xD8, 0xFD,
    0x85, 0xF8, 0xFF, 0x8D, 0xF8, 0xDF, 0xDD, 0x88, 0xF8, 0xFF, 0xDD, 0x8D, 0x88, 0xDD, 0xDD, 0x58,
    0xFD, 0xDD, 0x8D, 0x58, 0xDF, 0x8D, 0x88, 0x55, 0xDD, 0x88, 0x58, 0x85, 0x8D, 0x88, 0x55, 0xD5,
    0x58, 0x55, 0xD8, 0x5D, 0x55, 0x88, 0xDD, 0x58, 0x55, 0xD8, 0x5D, 0x55, 0x55, 0xD8, 0x58, 0x55,
    0x88, 0xDD, 0x58, 0x55, 0x88, 0x8D, 0x55, 0xD8, 0xD8, 0x8D, 0xD5, 0x8D, 0x8D, 0x58, 0x55, 0x88,
    0x55, 0xD5, 0xD0, 0x5D, 0x85, 0xD5, 0x8D, 0x55, 0x85, 0xDD, 0x58, 0x85, 0xD5, 0x8D, 0x55, 0xD5,
    0x85, 0x58, 0x55, 0xD8, 0x8D, 0x55, 0x85, 0xDD, 0x58, 0x55, 0x85, 0x8D, 0x58, 0x55, 0xDD, 0x58,
    0x55, 0x85, 0xFF, 0xDF, 0x55, 0xF5, 0xDF, 0xDF, 0x85, 0xD8, 0xDF, 0xDD, 0x88, 0xFD, 0xDF, 0xDD,
    0x88, 0xDD, 0xDD, 0x8D, 0xD8, 0xFF, 0x8F, 0x58, 0xDD, 0xDD, 0x5D, 0x55, 0xDD, 0x8F, 0x58, 0x55,
    0x8D, 0x88, 0x55, 0x88, 0x8D, 0x58, 0x55, 0x88, 0x88, 0x58, 0x55, 0x88, 0x58, 0x55, 0xDD, 0x55,
    0x55, 0xD5, 0x88, 0x55, 0x55, 0xD8, 0x88, 0x55, 0x85, 0x88, 0x8D, 0x55, 0x88, 0xD8, 0x8D, 0x88,
    0xDD, 0x88, 0xDD, 0x58, 0x88, 0x55, 0x88, 0x55, 0x55, 0xD8, 0x58, 0x55, 0xD5, 0x8D, 0x58, 0x55,
    0xD5, 0x88, 0x55, 0x85, 0xD5, 0x58, 0x55, 0xD5, 0x8D, 0x55, 0x88, 0x5D, 0x58, 0x55, 0xDD, 0x58,
    0x55, 0x55, 0x8D, 0x58, 0x55, 0x88, 0x58, 0x55, 0x85, 0xDD, 0x55, 0x55, 0xD8, 0x8D, 0x85, 0xD8,
    0x88, 0x55, 0x88, 0xD8, 0x5D, 0x85, 0x88, 0x0D, 0x55, 0x85, 0xD8, 0xD0, 0x55, 0x88, 0xDD, 0x5D,
    0x8D, 0x58, 0x55, 0x55, 0x8D, 0x58, 0x55, 0x88, 0x55, 0x55, 0x85, 0xDD, 0x88, 0xD5, 0xDD, 0x55,
    0x88, 0x8D, 0x55, 0x55, 0xDD, 0x88, 0x58, 0xD5, 0xDD, 0xDD, 0xDD, 0x8D, 0x8D, 0x88, 0x88, 0x88,
    0x88, 0xD8, 0x55, 0x58, 0x8D, 0x58, 0xDD, 0x55, 0x85, 0xD8, 0xDD, 0x85, 0x85, 0xD8, 0x55, 0xDD,
    0x8D, 0x58, 0xD5, 0xDD, 0x88, 0x88, 0xD8, 0x58, 0x88, 0x88, 0x8D, 0x8D, 0x88, 0x88, 0xD8, 0xDD,
    0x55, 0x85, 0x8D, 0x58, 0x85, 0xD8, 0x58, 0x85, 0xD8, 0x88, 0x55, 0x85, 0x8D, 0x88, 0x88, 0xD8,
    0x88, 0x88, 0xDD, 0xDD, 0x88, 0x88, 0xDD, 0x8D, 0x55, 0xDD, 0xDD, 0x88, 0xDD, 0xDD, 0x88, 0x88,
    0x85, 0x88, 0x5D, 0x55, 0x8D, 0xD8, 0xD8, 0xD5, 0xDD, 0x8D, 0x55, 0xD8, 0xDD, 0x58, 0x85, 0x0D,
    0x8D, 0x88, 0xDD, 0x00, 0x88, 0x88, 0x0D, 0xD0, 0x88, 0x0D, 0xDD, 0x0D, 0xD8, 0xDD, 0xDD, 0x0D,
    0x00, 0x80, 0x23, 0x05, 0x00, 0x80, 0x33, 0x05, 0x00, 0x80, 0x35, 0x05, 0x00, 0x00, 0x38, 0x05,
    0x00, 0x00, 0x38, 0x53, 0x00, 0x00, 0x80, 0x53, 0x00, 0x00, 0x80, 0x23, 0x00, 0x00, 0x80, 0x23,
    0x00, 0x00, 0x00, 0x00, 0x00, 0x00, 0x00, 0x00, 0x00, 0x00, 0x00, 0x00, 0x00, 0x00, 0x00, 0x00,
    0x00, 0x00, 0x00, 0x00, 0x00, 0x00, 0x00, 0x00, 0x05, 0x00, 0x00, 0x00, 0x05, 0x00, 0x00, 0x00,
    0x00, 0x00, 0x00, 0x00, 0x00, 0x00, 0x00, 0x00, 0x00, 0x00, 0x00, 0x00, 0x00, 0x00, 0x00, 0x50,
    0x00, 0x00, 0x55, 0x55, 0x00, 0x50, 0x55, 0x85, 0x00, 0x55, 0x88, 0xD8, 0x55, 0x85, 0xDD, 0xDD,
    0x00, 0x00, 0x55, 0x55, 0x00, 0x55, 0x55, 0x85, 0x00, 0x55, 0x55, 0x85, 0x55, 0x55, 0x85, 0xF8,
    0x55, 0x88, 0xF8, 0xFF, 0x88, 0xDD, 0xFF, 0xFF, 0xDD, 0xDD, 0xFF, 0xFF, 0xDD, 0xFF, 0xFF, 0xFF,
    0x00, 0x00, 0x80, 0x23, 0x00, 0x00, 0x00, 0x28, 0x00, 0x00, 0x00, 0x38, 0x00, 0x00, 0x00, 0x80,
    0x00, 0x00, 0x00, 0x80, 0x00, 0x00, 0x00, 0x80, 0x00, 0x00, 0x00, 0x80, 0x00, 0x00, 0x00, 0x00,
    0x05, 0x05, 0x00, 0x55, 0x53, 0x55, 0x55, 0x55, 0x53, 0x85, 0x55, 0x85, 0x23, 0x55, 0x88, 0x88,
    0x23, 0x55, 0x88, 0x88, 0x23, 0x55, 0x55, 0xDD, 0x23, 0x53, 0x85, 0xDD, 0x38, 0x52, 0xD8, 0xDD,
    0x55, 0xD8, 0xDD, 0xFD, 0x88, 0xDD, 0xFF, 0xFF, 0x88, 0xFD, 0xFF, 0xFF, 0xDD, 0xFD, 0xFF, 0xFF,
    0xDD, 0xFD, 0xFF, 0xDF, 0xFF, 0xFF, 0xFF, 0xFF, 0xFF, 0xFF, 0xFF, 0xFF, 0xFF, 0xFF, 0xFF, 0xFF,
    0xFF, 0xFF, 0xFF, 0x8F, 0xFF, 0xFF, 0xFF, 0x88, 0xFF, 0x88, 0x88, 0xD8, 0xDD, 0xDD, 0x88, 0xDD,
    0xFF, 0xFF, 0xFF, 0xFF, 0xDF, 0xFD, 0xFF, 0xFF, 0xFF, 0xDF, 0xFD, 0xDF, 0xFF, 0xFF, 0xDD, 0xDD,
    0x00, 0x00, 0x00, 0x00, 0x00, 0x00, 0x00, 0x00, 0x00, 0x00, 0x00, 0x00, 0x00, 0x00, 0x00, 0x00,
    0x00, 0x00, 0x00, 0x00, 0x00, 0x00, 0x00, 0x00, 0x00, 0x00, 0x00, 0x50, 0x00, 0x00, 0x00, 0x00,
    0x38, 0x23, 0xD5, 0xDD, 0x80, 0x23, 0x85, 0xFF, 0x80, 0x22, 0x85, 0xFF, 0x80, 0x22, 0xD5, 0xFF,
    0x85, 0x22, 0x53, 0xFF, 0x85, 0x28, 0x53, 0xFD, 0x85, 0x28, 0x12, 0xF5, 0xD5, 0x8D, 0x12, 0xF5,
    0xFF, 0xFF, 0xFF, 0xFF, 0xFF, 0xFF, 0xFF, 0xDF, 0xFF, 0xDF, 0xFD, 0xDF, 0xFF, 0xDF, 0xFD, 0xFF,
    0xFF, 0xFF, 0xFF, 0xFD, 0xFF, 0xFF, 0xFF, 0xDF, 0xFF, 0xFF, 0xFF, 0xDF, 0xFF, 0xFF, 0xFF, 0xFD,
    0xFF, 0xFF, 0xDF, 0xFD, 0xFF, 0xFF, 0xFF, 0xFD, 0xDD, 0xDD, 0xFD, 0xFF, 0xFD, 0xFF, 0xDD, 0xDD,
    0xFF, 0xFF, 0xDF, 0xDD, 0xFF, 0xFF, 0xFF, 0xDF, 0xFF, 0xFD, 0xFF, 0xFF, 0xFD, 0xDD, 0xFD, 0xDF,
    0x00, 0x00, 0x00, 0x50, 0x00, 0x00, 0x00, 0x50, 0x09, 0x00, 0x00, 0x50, 0x92, 0x00, 0x00, 0x50,
    0x29, 0x09, 0x00, 0x85, 0x92, 0x92, 0x00, 0x85, 0x21, 0x99, 0x50, 0xD8, 0x29, 0x29, 0x99, 0x99,
    0xD8, 0x8D, 0x19, 0xF5, 0x98, 0x8D, 0x92, 0x53, 0xF8, 0xF9, 0x98, 0x53, 0xF8, 0x99, 0x98, 0x19,
    0xDD, 0x39, 0x39, 0x19, 0xDD, 0x39, 0x39, 0x29, 0x9D, 0x32, 0x39, 0x29, 0x39, 0x92, 0x92, 0x28,
    0xFF, 0xFF, 0xFF, 0xFD, 0xFF, 0xFF, 0xFF, 0xFD, 0xFF, 0xFF, 0xFF, 0xFF, 0xF5, 0xFF, 0xFF, 0xDD,
    0xF5, 0xF9, 0xFF, 0xDD, 0xF5, 0xF9, 0xDD, 0xDD, 0x95, 0xF9, 0xDD, 0x0D, 0x93, 0xF9, 0xDD, 0x0D,
    0xDD, 0xDD, 0x00, 0xFD, 0xDF, 0xDF, 0x0D, 0x00, 0xFD, 0xDF, 0x0D, 0x00, 0xDD, 0xDF, 0x0D, 0x00,
    0xDD, 0xDD, 0x00, 0x00, 0xDD, 0xDD, 0x0D, 0x00, 0xDD, 0xDD, 0x0D, 0x00, 0xD0, 0xDD, 0x0D, 0x00,
    0x00, 0x00, 0x00, 0x00, 0x00, 0x00, 0x00, 0x90, 0x00, 0x00, 0x00, 0x90, 0x00, 0x00, 0x00, 0x90,
    0x00, 0x00, 0x00, 0x00, 0x00, 0x00, 0x00, 0x00, 0x00, 0x00, 0x00, 0x00, 0x00, 0x00, 0x00, 0x00,
    0x23, 0x21, 0x39, 0x13, 0x92, 0x99, 0x92, 0x39, 0x71, 0x21, 0x22, 0x11, 0x21, 0xEA, 0x12, 0xEE,
    0x23, 0x6A, 0x21, 0x16, 0x29, 0x2A, 0x11, 0x11, 0x00, 0xA9, 0x12, 0x11, 0xE0, 0xAE, 0x22, 0x12,
    0x92, 0x21, 0x39, 0x12, 0x33, 0x11, 0x91, 0x39, 0x9E, 0x23, 0xE1, 0x93, 0x92, 0x32, 0xEE, 0xEE,
    0x22, 0x5E, 0x2E, 0x32, 0xA1, 0x3E, 0x1E, 0x13, 0xE2, 0xE1, 0x11, 0x52, 0xEA, 0xE2, 0x23, 0x22,
    0x21, 0x93, 0x91, 0x28, 0x93, 0x19, 0x92, 0x9F, 0x19, 0x21, 0x39, 0x39, 0x11, 0x92, 0x23, 0x93,
    0xEE, 0x39, 0x32, 0x39, 0x32, 0x2E, 0x99, 0xD3, 0x22, 0xE3, 0x33, 0xD9, 0x32, 0xE5, 0x99, 0xDD,
    0x00, 0x00, 0x00, 0x00, 0x00, 0x00, 0x00, 0xE0, 0x00, 0x00, 0x00, 0xE0, 0x00, 0x00, 0x00, 0xE0,
    0x00, 0x00, 0x00, 0xE0, 0x00, 0x00, 0x00, 0xBE, 0x00, 0x00, 0x00, 0x8E, 0x00, 0x00, 0xE0, 0x8B,
    0x3E, 0xE5, 0xAA, 0xAA, 0x53, 0xE1, 0xEE, 0x22, 0x25, 0xE1, 0x23, 0x12, 0x3E, 0xE2, 0xE5, 0x7A,
    0xEB, 0x55, 0xBE, 0x2E, 0xB8, 0xEB, 0xBE, 0x5E, 0x88, 0xE8, 0xBE, 0xEB, 0x88, 0x0E, 0xE0, 0xBB,
    0xE2, 0x32, 0x3E, 0x33, 0xE2, 0xEE, 0xE5, 0xEE, 0xE2, 0x5B, 0xE5, 0x35, 0xE7, 0xBB, 0xEE, 0x5B,
    0xE5, 0xBB, 0xBB, 0xEE, 0xE5, 0xBB, 0xB8, 0xBB, 0xE2, 0x8B, 0x88, 0xBB, 0xEE, 0x68, 0x86, 0xB8,
    0xEE, 0xEE, 0xDD, 0xDD, 0x11, 0x53, 0xEE, 0xDD, 0x22, 0x32, 0x8E, 0x9E, 0x3E, 0x52, 0x6E, 0xE8,
    0xEB, 0xEE, 0x56, 0x88, 0xEE, 0x8B, 0x66, 0xB6, 0x0E, 0xEE, 0xBB, 0x8B, 0xEB, 0x00, 0xEE, 0x8B,
    0x00, 0x00, 0x80, 0x85, 0x00, 0x00, 0xBE, 0x88, 0x00, 0x00, 0x8E, 0xB8, 0x00, 0x90, 0x8B, 0xE8,
    0x00, 0x19, 0x89, 0x08, 0x00, 0x9E, 0x93, 0x0E, 0xE0, 0xBB, 0x39, 0x00, 0x8E, 0x88, 0xEB, 0x00,
    0xBB, 0x00, 0xE0, 0xBB, 0x0B, 0x00, 0xE0, 0x8B, 0x0E, 0x00, 0x00, 0x8E, 0x00, 0x00, 0x00, 0x8E,
    0x00, 0x00, 0x00, 0x6E, 0x00, 0x00, 0x00, 0x6E, 0x00, 0x00, 0x00, 0xEE, 0x00, 0x00, 0x00, 0xEE,
    0xE8, 0x8B, 0x86, 0xBB, 0xB8, 0x8B, 0x66, 0xB8, 0xBB, 0xBB, 0x68, 0x86, 0xB8, 0xBB, 0x68, 0x86,
    0x38, 0xB1, 0x68, 0x66, 0x86, 0xBE, 0x8B, 0x66, 0x86, 0xBE, 0x8B, 0xB6, 0x86, 0x1B, 0xB3, 0x68,
    0xEB, 0x00, 0x00, 0xE0, 0xEB, 0x00, 0x00, 0x00, 0xBB, 0x0E, 0x00, 0x00, 0xB8, 0x0E, 0x00, 0x00,
    0xB8, 0x0E, 0x00, 0x00, 0xB8, 0xEB, 0x00, 0x00, 0xBB, 0xEB, 0x00, 0x00, 0xB8, 0xEB, 0x0E, 0x00,
    0x5E, 0xB8, 0xEB, 0x00, 0x5E, 0xE8, 0x0E, 0x00, 0x80, 0xEB, 0x00, 0x00, 0x00, 0x00, 0x00, 0x00,
    0x00, 0x00, 0x00, 0x00, 0x00, 0x00, 0x00, 0x00, 0x00, 0x00, 0x00, 0x00, 0x00, 0x00, 0x00, 0x00,
    0x00, 0x00, 0x00, 0xBE, 0x00, 0x00, 0x00, 0x6E, 0x00, 0x00, 0xE0, 0x66, 0x00, 0x00, 0x6E, 0x86,
    0x00, 0xE0, 0x66, 0xB8, 0x00, 0x6E, 0x86, 0xB8, 0xEE, 0x66, 0x88, 0xE1, 0x6E, 0x86, 0xB8, 0xBE,
    0x86, 0xEB, 0xBE, 0x68, 0x86, 0xEB, 0x1E, 0x8B, 0x88, 0xEB, 0xEE, 0xBB, 0x3B, 0x8E, 0x8B, 0xBE,
    0xEB, 0xEB, 0xBE, 0xE8, 0xBE, 0xE8, 0xEE, 0xBE, 0x8B, 0xBE, 0xBB, 0xEB, 0xE8, 0xBB, 0xBB, 0xBB,
    0x66, 0x66, 0xE8, 0x00, 0x68, 0x66, 0x86, 0x0E, 0x8B, 0x66, 0x66, 0xE8, 0xBB, 0x68, 0x66, 0x66,
    0xB3, 0x8B, 0x68, 0x66, 0xBE, 0xBB, 0x8B, 0x66, 0xEE, 0xBB, 0xBB, 0x68, 0xEB, 0xBE, 0xBB, 0x68,
    0x88, 0xDD, 0x88, 0x88, 0x88, 0x88, 0xD8, 0x88, 0xDD, 0x88, 0xFF, 0xDF, 0xFF, 0xFF, 0xFF, 0xFF,
    0xFD, 0xFF, 0xFF, 0xFF, 0xFF, 0xDD, 0xFF, 0xFF, 0xFF, 0xDF, 0xDD, 0xDD, 0xDD, 0xFD, 0x8F, 0xD8,
    0x88, 0x88, 0x88, 0x88, 0x88, 0xD8, 0x88, 0xDD, 0xDD, 0xDD, 0x8D, 0xF8, 0xFF, 0xFF, 0xFF, 0xFF,
    0xFF, 0xDF, 0xDD, 0x88, 0xFF, 0xDD, 0xDD, 0xDD, 0xDD, 0xFD, 0xFF, 0xFF, 0xDD, 0x8F, 0xF8, 0xFF,
    0xD8, 0xDD, 0xDD, 0xDD, 0xDF, 0xDD, 0xDD, 0x88, 0x88, 0x88, 0x88, 0x88, 0x88, 0x88, 0x88, 0x88,
    0xDF, 0x8D, 0x88, 0xDF, 0xFF, 0xFF, 0xFF, 0x88, 0xFF, 0xFF, 0x8F, 0x88, 0x88, 0x88, 0x88, 0xD8,
    0xDD, 0x88, 0x88, 0x88, 0x88, 0x88, 0x88, 0xDD, 0x88, 0xD8, 0xDD, 0xDD, 0xDD, 0xDD, 0x88, 0x88,
    0x8D, 0x88, 0x88, 0x88, 0x88, 0x88, 0xDD, 0xDD, 0xD8, 0xDD, 0xDD, 0x00, 0xDD, 0xDD, 0x00, 0xDD,
    0xDD, 0x88, 0xD8, 0x8D, 0xDF, 0x8D, 0xD8, 0xFF, 0xFF, 0xFF, 0xFD, 0xFF, 0xFD, 0xFF, 0xFF, 0xFF,
    0xDD, 0xFF, 0xFF, 0xFF, 0xDD, 0xFD, 0xFF, 0xDD, 0xFF, 0xDD, 0xDD, 0xDD, 0xFF, 0xFF, 0xDD, 0xDD,
    0x88, 0xD8, 0x8D, 0x88, 0xDD, 0xDD, 0xDD, 0x8D, 0xDD, 0xFD, 0xFF, 0xDF, 0xFF, 0xFF, 0xFF, 0xFF,
    0xFF, 0xFF, 0xFF, 0xFF, 0xFF, 0xDF, 0xDD, 0xDD, 0xDD, 0xDD, 0xDD, 0xFF, 0xDD, 0xFD, 0xFF, 0xFF,
    0xD8, 0xD8, 0x8D, 0xDD, 0xFD, 0xFD, 0xDF, 0xDF, 0xFF, 0xFF, 0xFF, 0xFF, 0xFF, 0xDF, 0xFF, 0xDD,
    0xDF, 0xDD, 0xDD, 0xDD, 0xFD, 0xFF, 0xFF, 0xFF, 0xFF, 0xFF, 0xFF, 0xFF, 0x0F, 0xFF, 0xFF, 0x00,
    0xDD, 0xDD, 0xDD, 0xDD, 0xDD, 0xDD, 0xDD, 0x0D, 0xFF, 0xDF, 0xDD, 0x00, 0xDD, 0xFD, 0x0F, 0x00,
    0xFF, 0xFF, 0x00, 0x00, 0xFF, 0x00, 0x00, 0x00, 0x00, 0x00, 0x00, 0x00, 0x00, 0x00, 0x00, 0x00,
    0x00, 0x00, 0x00, 0xE0, 0x00, 0x00, 0x00, 0xE0, 0x00, 0x00, 0x00, 0x6E, 0x00, 0x00, 0x00, 0x6E,
    0x00, 0x00, 0x00, 0x6E, 0x00, 0x00, 0x00, 0x6E, 0x00, 0x00, 0x00, 0xE0, 0x00, 0x00, 0x00, 0xE0,
    0x66, 0x88, 0xBB, 0x8E, 0x66, 0x88, 0xE3, 0xEB, 0x66, 0x88, 0xEB, 0xBB, 0x66, 0x88, 0xB8, 0xBE,
    0x66, 0x86, 0x18, 0xBE, 0x66, 0x86, 0xB8, 0xEB, 0x66, 0x86, 0xB8, 0xEB, 0x66, 0x66, 0x88, 0x3B,
    0xBE, 0xBB, 0xBB, 0xBB, 0xBE, 0xBB, 0xBB, 0xBB, 0xBE, 0xBB, 0xBB, 0xBB, 0xBE, 0xBB, 0xBB, 0xBB,
    0xEB, 0xBB, 0xBB, 0xBB, 0xEB, 0xBB, 0xBB, 0xBB, 0xBB, 0xBE, 0xBB, 0xBB, 0xBE, 0xBE, 0xBB, 0xBB,
    0xBB, 0xEE, 0xB1, 0x8B, 0xBB, 0xEB, 0xBE, 0x8B, 0xBB, 0xBB, 0xEE, 0x8B, 0xBB, 0xBB, 0xEE, 0xBB,
    0xBB, 0xBB, 0xBE, 0x3E, 0xBB, 0xBB, 0xBE, 0xBE, 0xBB, 0xBB, 0xBE, 0xBE, 0xBB, 0xBB, 0xBE, 0xBE,
    0x00, 0x00, 0x00, 0xE0, 0x00, 0x00, 0x00, 0xE0, 0x00, 0x00, 0x00, 0x00, 0x00, 0x00, 0x00, 0x00,
    0x00, 0x00, 0x00, 0x00, 0x00, 0x00, 0x00, 0x00, 0x00, 0x00, 0x00, 0x00, 0x00, 0x00, 0x00, 0x00,
    0x66, 0x66, 0x88, 0xEB, 0x66, 0x66, 0x88, 0x8E, 0x6E, 0x66, 0xE8, 0x6B, 0xEE, 0xEE, 0xEE, 0x68,
    0x00, 0x00, 0xEE, 0x86, 0x00, 0xE0, 0x68, 0xB8, 0x00, 0xBE, 0x86, 0xEB, 0x00, 0xEE, 0xEE, 0x0E,
    0xBB, 0xEB, 0xEE, 0xEE, 0xB8, 0xEB, 0x00, 0x00, 0xB8, 0xEB, 0x00, 0x00, 0xB8, 0x0E, 0x00, 0x00,
    0xEB, 0x00, 0x00, 0x00, 0x0E, 0x00, 0x00, 0x00, 0x00, 0x00, 0x00, 0x00, 0x00, 0x00, 0x00, 0x00,
    0xBB, 0xBB, 0xBE, 0x1E, 0xEE, 0xEE, 0x8E, 0xBE, 0x00, 0x00, 0x6E, 0x3E, 0x00, 0x00, 0x6E, 0xEE,
    0x00, 0x00, 0x8E, 0xBB, 0x00, 0x00, 0x8E, 0xBB, 0x00, 0x00, 0xBE, 0xBB, 0x00, 0x00, 0xEE, 0xBB,
    0x00, 0x00, 0x0D, 0x00, 0x00, 0x50, 0x0D, 0x00, 0x00, 0x55, 0xD5, 0x00, 0x00, 0x55, 0xD5, 0x00,
    0x50, 0x55, 0xD5, 0x00, 0x50, 0x55, 0xD5, 0x00, 0x55, 0x55, 0xD5, 0x00, 0x55, 0x55, 0x0D, 0x00,
    0x00, 0x00, 0x00, 0x00, 0x00, 0x00, 0x00, 0x00, 0x00, 0x00, 0x00, 0x00, 0x00, 0x00, 0x00, 0x00,
    0x00, 0x00, 0x00, 0x00, 0x00, 0x0D, 0x00, 0x00, 0xD0, 0x0D, 0x00, 0x00, 0xD0, 0xD5, 0x00, 0x00,
    0x55, 0x55, 0xF8, 0x00, 0x55, 0x55, 0x0F, 0x00, 0x55, 0x88, 0xDD, 0xDD, 0x55, 0xF8, 0xDD, 0x8D,
    0x85, 0xF8, 0xDD, 0x58, 0x85, 0xDF, 0x88, 0x55, 0x88, 0xDD, 0x88, 0x55, 0x88, 0xDF, 0x58, 0x55,
    0x5D, 0xD5, 0x00, 0x00, 0x55, 0xD5, 0x00, 0x00, 0x55, 0xD5, 0x00, 0x00, 0x55, 0x0D, 0xD0, 0x00,
    0xD5, 0x00, 0xD0, 0x00, 0x85, 0x0D, 0x50, 0x0D, 0xD5, 0x00, 0x5D, 0x0D, 0xD5, 0x00, 0x5D, 0x0D,
    0x00, 0x00, 0x55, 0x00, 0x00, 0x00, 0x28, 0x05, 0x00, 0x00, 0x25, 0x05, 0x00, 0x00, 0x38, 0x52,
    0x00, 0x00, 0x38, 0x52, 0x00, 0x00, 0x38, 0x52, 0x00, 0x00, 0x80, 0x33, 0x00, 0x00, 0x80, 0x33,
    0x00, 0x00, 0x00, 0x00, 0x00, 0x00, 0x00, 0x00, 0x00, 0x00, 0x00, 0x00, 0x00, 0x00, 0x00, 0x00,
    0x00, 0x00, 0x00, 0x00, 0x00, 0x00, 0x00, 0x00, 0x05, 0x00, 0x00, 0x00, 0x05, 0x00, 0x00, 0x00,
    0x00, 0x00, 0x00, 0x38, 0x00, 0x00, 0x00, 0x38, 0x00, 0x00, 0x00, 0x80, 0x00, 0x00, 0x00, 0x80,
    0x00, 0x00, 0x00, 0x00, 0x00, 0x00, 0x00, 0x00, 0x00, 0x00, 0x00, 0x00, 0x00, 0x00, 0x00, 0x00,
    0x05, 0x00, 0x00, 0x00, 0x53, 0x00, 0x00, 0x00, 0x53, 0x00, 0x00, 0x00, 0x33, 0x05, 0x00, 0x00,
    0x38, 0x08, 0x00, 0x00, 0x38, 0x08, 0x00, 0x00, 0x28, 0x52, 0x00, 0x00, 0x28, 0x52, 0x00, 0x00,
    0x86, 0x66, 0xB8, 0x5E, 0xE0, 0x8E, 0x86, 0x99, 0x00, 0xE0, 0x99, 0x51, 0x00, 0x90, 0x35, 0x99,
    0x00, 0x00, 0x99, 0x86, 0x00, 0x00, 0xEA, 0xEE, 0x00, 0x00, 0x7A, 0x8E, 0x00, 0x00, 0x00, 0xE0,
    0x00, 0x00, 0x00, 0x00, 0xAA, 0x00, 0x00, 0x00, 0xE9, 0x0A, 0x00, 0x00, 0x8E, 0x0E, 0x00, 0x00,
    0x85, 0xE8, 0x00, 0x00, 0xEE, 0xE8, 0x00, 0x00, 0x5E, 0xEE, 0x00, 0x00, 0xEE, 0x0E, 0x00, 0x00,
    0x00, 0x00, 0x00, 0x00, 0x00, 0x00, 0x00, 0x00, 0x00, 0x00, 0x00, 0x00, 0x0E, 0x00, 0x00, 0x00,
    0xE6, 0x00, 0x00, 0x00, 0x86, 0x0E, 0x00, 0x00, 0x66, 0x0E, 0x00, 0x00, 0x66, 0xE8, 0x00, 0x00,
    0xE0, 0x05, 0x00, 0x00, 0x00, 0x00, 0x00, 0x00, 0x00, 0x00, 0x00, 0x00, 0x00, 0x00, 0x00, 0x00,
    0x00, 0x00, 0x00, 0x00, 0x00, 0x00, 0x00, 0x00, 0x00, 0x00, 0x00, 0x00, 0x00, 0x00, 0x00, 0x00,
    0x00, 0x00, 0x00, 0x00, 0x00, 0x00, 0x00, 0x00, 0x00, 0x00, 0x00, 0x00, 0xD0, 0x00, 0x00, 0x00,
    0xDD, 0x00, 0x00, 0x00, 0xD5, 0x00, 0x00, 0x00, 0xD8, 0x00, 0x00, 0x00, 0xD8, 0x00, 0x00, 0x00,
    0x0D, 0x00, 0x00, 0x00, 0x0D, 0x00, 0x00, 0x00, 0x00, 0xDD, 0x00, 0x00, 0xD0, 0xD8, 0x00, 0x00,
    0x5D, 0xD8, 0x00, 0x00, 0x5D, 0xD5, 0x00, 0x00, 0x55, 0x0D, 0x00, 0x00, 0x55, 0x0D, 0x00, 0x00,
    0xD5, 0x00, 0x00, 0x00, 0xD5, 0x00, 0x00, 0x00, 0x0D, 0x00, 0x00, 0x00, 0x00, 0xD0, 0x0D, 0x00,
    0x00, 0xDD, 0x00, 0x00, 0xDD, 0x0D, 0x00, 0x00, 0x85, 0x00, 0x00, 0x00, 0xD8, 0x00, 0x00, 0x00,
    0xD8, 0x00, 0x00, 0x00, 0x0D, 0x00, 0x00, 0x00, 0x00, 0x00, 0x00, 0x00, 0x00, 0x00, 0x00, 0x00,
    0x00, 0x00, 0x00, 0x00, 0x00, 0x00, 0x00, 0x00, 0x00, 0x00, 0x00, 0x00, 0x00, 0x00, 0x00, 0x00,
    0x00, 0x00, 0x00, 0x00, 0x00, 0x00, 0x00, 0x00, 0x00, 0x00, 0x00, 0x00, 0x00, 0x00, 0x00, 0x00,
    0x00, 0x00, 0x00, 0x00, 0x00, 0x00, 0x00, 0x00, 0x00, 0x00, 0x00, 0x00, 0x00, 0x00, 0x00, 0x50,
    0x00, 0x00, 0x00, 0x50, 0x00, 0x00, 0x00, 0x55, 0x00, 0x00, 0x50, 0x55, 0x00, 0x00, 0x50, 0x55,
    0x00, 0x00, 0x55, 0x85, 0x00, 0x55, 0x55, 0x88, 0x50, 0x55, 0x85, 0xD8, 0x55, 0x55, 0x88, 0xFD,
    0xFF, 0xFF, 0xFF, 0xFF, 0x00, 0xFF, 0xFF, 0xFF, 0x00, 0x00, 0x00, 0x00, 0x00, 0x00, 0x00, 0x00,
    0x00, 0x00, 0x00, 0x00, 0x00, 0x00, 0x00, 0x00, 0x00, 0x00, 0x00, 0x00, 0x00, 0x00, 0x00, 0x00,
    0xFF, 0x0F, 0xF0, 0x00, 0x0F, 0x00, 0x00, 0x00, 0x00, 0x00, 0x00, 0x00, 0x00, 0x00, 0x00, 0x00,
    0x00, 0x00, 0x00, 0x00, 0x00, 0x00, 0x00, 0x00, 0x00, 0x00, 0x00, 0x00, 0x00, 0x00, 0x00, 0x00,
    0x99, 0xFF, 0xDD, 0x0D, 0x93, 0xD5, 0xDD, 0x00, 0x29, 0xD5, 0x0D, 0x00, 0x22, 0xD5, 0x0D, 0x00,
    0x23, 0xD5, 0x0D, 0x00, 0x28, 0xD5, 0xDD, 0x00, 0x38, 0x52, 0xD0, 0x0D, 0x8D, 0x53, 0x00, 0x00,
    0x00, 0xD0, 0xDD, 0x00, 0x00, 0x00, 0xDD, 0x0D, 0x00, 0x00, 0x00, 0x0D, 0x00, 0x00, 0x00, 0x00,
    0x00, 0x00, 0x00, 0x00, 0x00, 0x00, 0x00, 0x00, 0x00, 0x00, 0x00, 0x00, 0x00, 0x00, 0x00, 0x00,
    0x00, 0x00, 0x00, 0xEE, 0x00, 0x00, 0x00, 0x00, 0x00, 0x00, 0x00, 0x00, 0x00, 0x00, 0x00, 0x00,
    0x00, 0x00, 0x00, 0x00, 0x00, 0x00, 0x00, 0x00, 0x00, 0x00, 0x00, 0x00, 0x00, 0x00, 0x00, 0x00,
    0xEE, 0xEE, 0x0E, 0x00, 0x00, 0x00, 0x00, 0x00, 0x00, 0x00, 0x00, 0x00, 0x00, 0x00, 0x00, 0x00,
    0x00, 0x00, 0x00, 0x00, 0x00, 0x00, 0x00, 0x00, 0x00, 0x00, 0x00, 0x00, 0x00, 0x00, 0x00, 0x00,
    0x66, 0xE6, 0x00, 0x00, 0x66, 0x86, 0x0E, 0x00, 0x66, 0x86, 0x0E, 0x00, 0x68, 0x66, 0x0E, 0x00,
    0x68, 0x66, 0x0E, 0x00, 0x68, 0x66, 0x0E, 0x00, 0x68, 0x66, 0x0E, 0x00, 0x8B, 0x66, 0x0E, 0x00,
    0x8B, 0x66, 0x0E, 0x00, 0x8B, 0x66, 0x0E, 0x00, 0xBB, 0x68, 0x0E, 0x00, 0xEE, 0xEE, 0x0E, 0x00,
    0xBB, 0x0E, 0x00, 0x00, 0xEE, 0xEE, 0x00, 0x00, 0x68, 0x66, 0x0E, 0x00, 0x88, 0x88, 0x0E, 0x00,
    0x00, 0x00, 0x00, 0x50, 0x00, 0x00, 0x00, 0x50, 0x00, 0x00, 0x00, 0x55, 0x00, 0x00, 0x00, 0x55,
    0x00, 0x00, 0x50, 0x55, 0x00, 0x00, 0x55, 0x55, 0x00, 0x00, 0x55, 0x85, 0x00, 0x50, 0x55, 0x88,
    0x80, 0x52, 0x00, 0x00, 0x80, 0x12, 0x05, 0x00, 0x80, 0x28, 0x05, 0x00, 0x00, 0x28, 0x51, 0x00,
    0x00, 0x28, 0x52, 0x00, 0x00, 0x28, 0x52, 0x00, 0x00, 0x38, 0x52, 0x00, 0x00, 0x80, 0x23, 0x05,
    0x55, 0x88, 0xF8, 0xFF, 0x88, 0xF8, 0xFF, 0xFF, 0xDD, 0xFD, 0xDF, 0xDD, 0xFF, 0xFF, 0xDF, 0x88,
    0xFF, 0xFF, 0xDF, 0x88, 0xFF, 0xDF, 0x8D, 0x88, 0xDF, 0x8D, 0xD8, 0xDD, 0xDD, 0xDD, 0x8D, 0xDD,
    0x8D, 0x88, 0x88, 0x0D, 0x8D, 0x88, 0xDD, 0x00, 0x88, 0xD8, 0x0D, 0x00, 0xD8, 0xDD, 0x00, 0x00,
    0xD8, 0x00, 0x00, 0x00, 0x0D, 0x00, 0x00, 0x00, 0x00, 0x00, 0x00, 0x00, 0x0D, 0x00, 0x00, 0x00,
    0x00, 0x00, 0x00, 0x00, 0x00, 0x00, 0x00, 0x00, 0x00, 0x00, 0x90, 0x99, 0x00, 0x90, 0x39, 0x23,
    0x00, 0x29, 0x21, 0x33, 0x90, 0x12, 0x32, 0x19, 0x90, 0x12, 0x93, 0x92, 0x23, 0x21, 0x29, 0x11,
    0x8D, 0x23, 0x05, 0x00, 0x8D, 0x23, 0x05, 0x00, 0x8D, 0x23, 0x05, 0x00, 0xDE, 0x28, 0x53, 0x00,
    0xE8, 0x38, 0x53, 0x00, 0x8B, 0x8E, 0x23, 0x05, 0x88, 0x86, 0x2E, 0x05, 0x86, 0x85, 0xE8, 0x05,
};
static const u16 sFrame81[] = {
    0x0014, 0x0097, 0x8022, 0x0000, 0x00AF, 0x81FA, 0x0010, 0x00CF, 0x81EA, 0x0020, 0x40B7, 0x801A,
    0x0030, 0x40EF, 0x81EA, 0x0038, 0x0087, 0x4032, 0x0040, 0x0097, 0x41F2, 0x0044, 0x00DF, 0x400A,
    0x0048, 0x8097, 0x4042, 0x004C, 0x40A7, 0x0012, 0x0050, 0x40C7, 0x001A, 0x0052, 0x40CF, 0x000A,
    0x0054, 0x40FF, 0x0002, 0x0056, 0x80EF, 0x000A, 0x0058, 0x008F, 0x002A, 0x005A, 0x00A7, 0x01FA,
    0x005B, 0x00AF, 0x001A, 0x005C, 0x00B7, 0x003A, 0x005D, 0x00C7, 0x01F2, 0x005E, 0x00D7, 0x000A,
    0x005F, 0x0000,
};
static const void* const sFrames81[] = { sFrame81 };
static const u8 sTiles82[2880] __attribute__((aligned(4))) = {
    0x00, 0x00, 0x00, 0xA9, 0x00, 0x00, 0x00, 0xA9, 0x00, 0x00, 0x00, 0xA0, 0x00, 0x00, 0x00, 0x00,
    0x00, 0x00, 0x00, 0x00, 0x00, 0x00, 0x00, 0x00, 0x00, 0x00, 0x00, 0xFF, 0x00, 0x00, 0xF0, 0x53,
    0x97, 0x67, 0x21, 0x39, 0x72, 0x12, 0x11, 0xA2, 0x21, 0x11, 0x11, 0xA7, 0x17, 0x11, 0x21, 0x37,
    0x7A, 0x21, 0xA7, 0x97, 0xA0, 0xAA, 0x7A, 0xEA, 0xFF, 0x77, 0xA7, 0xEE, 0xFF, 0x7E, 0xEB, 0xE3,
    0x93, 0x93, 0x00, 0x00, 0x92, 0x39, 0x09, 0x00, 0x23, 0x39, 0x09, 0x00, 0x23, 0x22, 0x03, 0x00,
    0xE5, 0xEE, 0x93, 0x00, 0x13, 0x22, 0xEE, 0xF0, 0x13, 0x22, 0x33, 0xDE, 0x31, 0x11, 0x2E, 0xE3,
    0x00, 0x00, 0x00, 0x00, 0x00, 0x00, 0x00, 0x00, 0x00, 0x00, 0x00, 0x00, 0x00, 0x00, 0x00, 0xFF,
    0x00, 0xF0, 0xFF, 0xDD, 0xFF, 0xDF, 0xDD, 0xDD, 0xDD, 0xDD, 0xDD, 0xDD, 0xDD, 0xDD, 0xDD, 0xDD,
    0x00, 0x00, 0x3F, 0xF3, 0x00, 0x00, 0x2F, 0xF5, 0x00, 0x00, 0x2F, 0x8F, 0x00, 0x00, 0xF0, 0xFB,
    0x00, 0x00, 0xE0, 0xFF, 0x00, 0x00, 0xE0, 0x8F, 0x00, 0x00, 0xE0, 0x8F, 0x00, 0x00, 0xE0, 0x8F,
    0xFB, 0xB2, 0xE7, 0x35, 0xF8, 0x2B, 0xFA, 0x5E, 0xF8, 0x7B, 0xBF, 0xEB, 0xFB, 0x71, 0xBF, 0xBB,
    0xFB, 0x72, 0xBF, 0x88, 0xBF, 0x72, 0xBF, 0x88, 0xFB, 0xF2, 0xBB, 0x8B, 0xB8, 0x8F, 0x8B, 0xBB,
    0x12, 0xE5, 0x23, 0xE2, 0x23, 0x23, 0x12, 0xE2, 0xE8, 0xEE, 0x13, 0xEE, 0xB8, 0xBB, 0xBB, 0xEB,
    0xB8, 0xBE, 0x88, 0xB8, 0x88, 0xEB, 0x8B, 0xB8, 0x88, 0xEB, 0x8B, 0x88, 0x88, 0xEB, 0x8E, 0x88,
    0xDD, 0xDD, 0xDD, 0xDD, 0xDD, 0xDD, 0xDD, 0xDD, 0xDD, 0xDD, 0xDD, 0xDD, 0xFD, 0xFD, 0xDF, 0xFD,
    0xFE, 0xFF, 0xFF, 0xFF, 0xFE, 0xFF, 0xFF, 0xFF, 0xFE, 0xFF, 0xFF, 0xFF, 0xEB, 0xF0, 0xFF, 0x00,
    0x00, 0x00, 0x8E, 0x8F, 0x00, 0x00, 0x68, 0x8F, 0x00, 0xE0, 0x68, 0xBF, 0x00, 0xEE, 0x8B, 0xBF,
    0xE0, 0x8B, 0xB8, 0xFB, 0xEE, 0x8E, 0xB8, 0xFB, 0x66, 0x88, 0xBB, 0xFE, 0x86, 0x88, 0xEB, 0xF0,
    0xB8, 0x88, 0x6B, 0xBB, 0xBB, 0x33, 0x6B, 0xB8, 0x8B, 0x88, 0x6B, 0xB6, 0x6B, 0x88, 0x6B, 0xB6,
    0x68, 0x88, 0x6B, 0xB6, 0x68, 0x33, 0x68, 0xB8, 0x68, 0x88, 0x66, 0xBB, 0x68, 0x88, 0x66, 0xBB,
    0x8B, 0xEB, 0x8E, 0x88, 0x8B, 0xE8, 0x8E, 0x88, 0x8B, 0xE8, 0xE0, 0x88, 0xBB, 0xE8, 0xE0, 0x88,
    0xBB, 0xE8, 0xE0, 0xBB, 0xBB, 0xF8, 0x00, 0xBE, 0xBB, 0xF8, 0x00, 0xBE, 0xBB, 0xF8, 0x00, 0xBE,
    0xE8, 0xF0, 0x0F, 0x00, 0xE8, 0xF0, 0x00, 0x00, 0xB8, 0xFE, 0x00, 0x00, 0xB8, 0x0E, 0x00, 0x00,
    0xBB, 0x0E, 0x00, 0x00, 0xBB, 0x0E, 0x00, 0x00, 0xB8, 0x0E, 0x00, 0x00, 0x88, 0xEB, 0x00, 0x00,
    0x86, 0xE8, 0x0E, 0xF0, 0xB8, 0xEE, 0x00, 0xF0, 0xE9, 0x00, 0x00, 0xBF, 0x09, 0x00, 0x00, 0xBF,
    0x00, 0x00, 0xF0, 0x88, 0x00, 0x00, 0xF0, 0x88, 0x00, 0x00, 0x8F, 0x86, 0x00, 0x00, 0x8F, 0x86,
    0x68, 0x86, 0x66, 0xB8, 0x68, 0x33, 0x68, 0xB6, 0x68, 0x86, 0x68, 0x86, 0x8B, 0x86, 0x68, 0x66,
    0xBB, 0xBB, 0x6B, 0x66, 0x8B, 0x63, 0xB6, 0x88, 0x6B, 0xF6, 0x36, 0x8B, 0x63, 0xBF, 0x6F, 0xB8,
    0xBB, 0xB8, 0x0E, 0xE0, 0xBB, 0xB8, 0x0F, 0xE0, 0xBB, 0x88, 0x0F, 0xE0, 0xBB, 0x88, 0x0F, 0xF0,
    0xBB, 0x88, 0xFF, 0x00, 0xB8, 0x8B, 0xFB, 0x00, 0x88, 0x8B, 0xF8, 0x00, 0x88, 0xBB, 0xB8, 0xAF,
    0x88, 0xFB, 0x00, 0x00, 0x88, 0xE8, 0x00, 0x00, 0x8B, 0x9B, 0x00, 0x00, 0x9B, 0x33, 0x09, 0x00,
    0x39, 0x91, 0x0E, 0x00, 0xBE, 0xBB, 0xEB, 0x00, 0xBE, 0xB8, 0xA8, 0x0A, 0x8A, 0x8E, 0x77, 0x07,
    0x00, 0xF0, 0x68, 0x86, 0x00, 0xF0, 0x66, 0xB6, 0x00, 0xF0, 0x68, 0xF3, 0x00, 0x8F, 0x8B, 0xFB,
    0x00, 0x8F, 0xB8, 0x8F, 0x00, 0x6F, 0x38, 0xBF, 0x00, 0x6F, 0xF8, 0xBB, 0x00, 0x6F, 0xF8, 0xBB,
    0xFB, 0xB8, 0x6F, 0xB8, 0x8F, 0xBB, 0x6F, 0xB3, 0xBF, 0xFB, 0xF8, 0xB8, 0xB8, 0xFB, 0xF8, 0xB3,
    0xBB, 0xFB, 0xF8, 0xB8, 0xBB, 0xFB, 0xF8, 0xB8, 0xFF, 0xFF, 0xF8, 0xB8, 0xFB, 0xFF, 0xF8, 0xB3,
    0x88, 0xBB, 0xB8, 0xAA, 0x88, 0xB8, 0xB8, 0xAA, 0x68, 0xB8, 0x88, 0xFB, 0x68, 0xB8, 0x8B, 0xFB,
    0x68, 0xB8, 0x8B, 0xBB, 0x68, 0x86, 0x8B, 0xBB, 0x68, 0x86, 0xBB, 0xBB, 0x68, 0x86, 0xBB, 0xBB,
    0x11, 0xA1, 0xAA, 0x0A, 0xAA, 0xAA, 0x0A, 0x00, 0x50, 0x55, 0x08, 0x00, 0x50, 0x52, 0x88, 0x00,
    0x5F, 0x22, 0x83, 0x00, 0x0F, 0x25, 0x83, 0x00, 0x0F, 0x25, 0x83, 0x00, 0xFB, 0x25, 0x83, 0x00,
    0x00, 0x6F, 0xF8, 0xBB, 0x00, 0x8F, 0xFB, 0xBB, 0xF0, 0x8B, 0xF3, 0xBB, 0xF0, 0x8B, 0xFB, 0xBF,
    0xF0, 0x88, 0xFB, 0xFB, 0xF0, 0xB8, 0xBF, 0xFB, 0xF0, 0x86, 0xBF, 0xBB, 0xF0, 0x86, 0xBF, 0xBB,
    0xBB, 0xFF, 0xF8, 0xB8, 0xBB, 0xFB, 0x68, 0x8F, 0xBB, 0xFB, 0x68, 0x8F, 0xBB, 0xFB, 0x68, 0x3F,
    0xBB, 0xFB, 0x68, 0xF6, 0xBB, 0xFB, 0x8B, 0xF8, 0xBF, 0xFB, 0x8B, 0x88, 0xBF, 0xFB, 0x8B, 0x88,
    0x68, 0x66, 0xB8, 0xBB, 0x8B, 0x66, 0xB8, 0xBB, 0x8B, 0x66, 0x86, 0xBB, 0x8B, 0x66, 0x86, 0xBB,
    0xB8, 0x68, 0x86, 0xBB, 0xB8, 0x68, 0x66, 0xB8, 0x8F, 0x8B, 0x66, 0xB8, 0x3F, 0x8B, 0x66, 0xB8,
    0xFB, 0x25, 0x83, 0x00, 0xFB, 0x25, 0x83, 0x08, 0xBB, 0x25, 0x82, 0x08, 0xBB, 0x55, 0x32, 0x08,
    0xBB, 0x5B, 0x32, 0x08, 0xBB, 0x5B, 0x32, 0x08, 0xBB, 0x5B, 0x32, 0x08, 0xBB, 0x58, 0x32, 0x08,
    0xBF, 0x86, 0xBF, 0xBB, 0xBF, 0x8B, 0xB3, 0xFB, 0xBF, 0x68, 0xBF, 0xBF, 0xBF, 0x68, 0xBF, 0xBF,
    0xBF, 0x68, 0xBF, 0xFF, 0x8B, 0x68, 0xBF, 0xBB, 0x8B, 0x66, 0xBF, 0xBB, 0x8B, 0x36, 0xBF, 0xBB,
    0xFF, 0xBB, 0xBF, 0xB8, 0xBB, 0xBB, 0xBF, 0xBB, 0xBB, 0xFB, 0xBF, 0xBB, 0xFB, 0xBF, 0xBF, 0xBB,
    0xBF, 0xBB, 0xBF, 0xBB, 0xBB, 0xBB, 0xBF, 0xBB, 0xBB, 0xBB, 0xBF, 0xBB, 0xBB, 0xBB, 0xBF, 0xBB,
    0x8F, 0x8B, 0x66, 0x86, 0x8F, 0x8B, 0x66, 0x86, 0xFB, 0xB8, 0x68, 0x66, 0xFB, 0xB3, 0x68, 0x66,
    0xFB, 0xB8, 0x68, 0x66, 0xFB, 0xB8, 0x68, 0x66, 0xBB, 0x8F, 0x8B, 0x66, 0xBB, 0x8F, 0x8B, 0x66,
    0xBB, 0x8B, 0x25, 0x83, 0xBB, 0xBB, 0x25, 0x83, 0xB8, 0xB8, 0x25, 0x83, 0xB8, 0xB8, 0x25, 0x82,
    0xB8, 0x88, 0x55, 0x82, 0xB8, 0x68, 0x55, 0x22, 0xB8, 0x8B, 0x58, 0x22, 0x86, 0x8B, 0x56, 0x22,
    0x8B, 0x66, 0xBF, 0xBB, 0x8F, 0x66, 0xFF, 0xFF, 0xF0, 0xFF, 0x0F, 0x00, 0x00, 0x00, 0x00, 0x00,
    0x00, 0x00, 0x00, 0x00, 0x00, 0x00, 0x00, 0x00, 0x00, 0x00, 0x00, 0x00, 0x00, 0x00, 0x00, 0x00,
    0xFF, 0xFF, 0xBF, 0xBB, 0x00, 0x00, 0xF0, 0xBB, 0x00, 0x00, 0xF0, 0xBB, 0x00, 0x00, 0xF0, 0xBB,
    0x00, 0x00, 0x00, 0xBF, 0x00, 0x00, 0x00, 0xBF, 0x00, 0x00, 0x00, 0xBF, 0x00, 0x00, 0x00, 0x8F,
    0xBB, 0x8F, 0x8B, 0x66, 0xFB, 0xB8, 0x68, 0x66, 0xFB, 0xB8, 0x68, 0x66, 0xFB, 0xB3, 0xFF, 0xFF,
    0xFB, 0xFF, 0x00, 0x00, 0xBB, 0x0F, 0x00, 0x00, 0xBB, 0xFB, 0x00, 0x00, 0xBB, 0xFB, 0x00, 0x00,
    0x86, 0x8B, 0x56, 0x22, 0x86, 0x8B, 0x56, 0x21, 0xF6, 0xFF, 0x5F, 0x21, 0x0F, 0x00, 0x50, 0x25,
    0x00, 0x00, 0x50, 0x15, 0x00, 0x00, 0x00, 0x15, 0x00, 0x00, 0x00, 0x15, 0x00, 0x00, 0x00, 0x15,
    0x00, 0x00, 0x00, 0x00, 0x00, 0x00, 0x00, 0x00, 0x00, 0x00, 0x00, 0x00, 0x00, 0x00, 0x00, 0x00,
    0x00, 0x00, 0x00, 0x00, 0x00, 0x00, 0x00, 0x00, 0x00, 0x00, 0x00, 0x00, 0x00, 0x00, 0x00, 0xFF,
    0x00, 0x00, 0x00, 0x00, 0x00, 0x00, 0x00, 0x00, 0x00, 0x00, 0x00, 0x00, 0x00, 0x00, 0x00, 0x00,
    0x00, 0x00, 0x00, 0x00, 0x00, 0x00, 0x00, 0x00, 0x00, 0x00, 0xF0, 0xFF, 0xFF, 0xFF, 0xFF, 0xDF,
    0x00, 0x00, 0x00, 0x00, 0x00, 0x00, 0x00, 0x00, 0x00, 0x00, 0x00, 0x00, 0x00, 0x00, 0x00, 0x00,
    0x00, 0x00, 0x00, 0x00, 0x0F, 0x00, 0xF0, 0x00, 0xFF, 0xFF, 0xFF, 0xFF, 0xFD, 0xFF, 0xFF, 0xDF,
    0x00, 0x00, 0x00, 0x00, 0x00, 0x00, 0x00, 0x00, 0x00, 0x00, 0x00, 0x00, 0x00, 0x00, 0x00, 0x00,
    0x00, 0x00, 0x00, 0x00, 0x00, 0x00, 0x00, 0x00, 0xFF, 0xF0, 0x00, 0x00, 0xDD, 0xDD, 0xFF, 0xFD,
    0x00, 0x00, 0xF0, 0x8F, 0x00, 0xF0, 0xFF, 0xFF, 0xF0, 0xDF, 0xDD, 0xDD, 0xDF, 0xFD, 0xDD, 0xDD,
    0xDD, 0xFD, 0xDF, 0xFF, 0xDD, 0xDD, 0xFF, 0xFF, 0xDD, 0xDD, 0xFF, 0xFD, 0xDD, 0xDD, 0xFD, 0xFF,
    0xFF, 0xFD, 0xFF, 0xDD, 0xDD, 0xFF, 0xFF, 0xFF, 0xDD, 0xDD, 0xDD, 0xFF, 0xDD, 0xDD, 0x8D, 0x88,
    0xDD, 0xDF, 0xFD, 0x8F, 0xFF, 0xDF, 0xDF, 0xFF, 0xFD, 0xFF, 0x8D, 0xDD, 0xFF, 0x88, 0x88, 0x88,
    0xFF, 0xDF, 0x8D, 0xDD, 0xDF, 0xFD, 0x8D, 0x88, 0xF8, 0x8F, 0x8D, 0x8D, 0x88, 0x58, 0x55, 0xD8,
    0xDF, 0xD8, 0x88, 0x88, 0xFF, 0xDD, 0xDD, 0x55, 0xDD, 0x88, 0x8D, 0xDD, 0x88, 0x58, 0x88, 0xDD,
    0xDD, 0xDD, 0xDD, 0xDD, 0x88, 0x88, 0xDD, 0xDD, 0x8D, 0x58, 0x88, 0x85, 0xDD, 0x88, 0x58, 0x85,
    0x85, 0x8D, 0x88, 0x88, 0x55, 0x88, 0xD8, 0xD8, 0x58, 0x55, 0x55, 0x85, 0xD8, 0x8D, 0x55, 0x55,
    0xDD, 0xDD, 0xFD, 0xFF, 0xDD, 0xFD, 0xFF, 0xFF, 0xDD, 0xFF, 0xFF, 0xFF, 0xFF, 0xFF, 0xFF, 0xFF,
    0xFF, 0xFF, 0xFF, 0xFF, 0xFF, 0xFF, 0xFF, 0xFF, 0xFF, 0x0F, 0x00, 0xF0, 0xF0, 0x0F, 0x00, 0x00,
    0xFF, 0xFF, 0xF5, 0x85, 0xFF, 0xDF, 0xFD, 0xFF, 0xFF, 0xFF, 0xFF, 0xDF, 0xFF, 0xFF, 0xFF, 0xFF,
    0xFF, 0x00, 0xF0, 0xF0, 0x0F, 0x00, 0x00, 0x00, 0x0F, 0x00, 0x00, 0x00, 0x0F, 0x00, 0x00, 0x00,
    0x88, 0x58, 0x58, 0x85, 0x8F, 0xD8, 0x88, 0x85, 0xFF, 0xFF, 0x8D, 0x58, 0xFF, 0xFF, 0xFF, 0xDF,
    0xFF, 0xFF, 0xFF, 0xFF, 0x00, 0xFF, 0xFF, 0xFF, 0x00, 0x00, 0x0F, 0xFF, 0x00, 0x00, 0x00, 0xFF,
    0xDD, 0x8D, 0x58, 0x58, 0xD8, 0xDD, 0x8D, 0x8D, 0x55, 0x58, 0xD8, 0xD8, 0x8D, 0x55, 0x55, 0x88,
    0xFF, 0x8D, 0x55, 0x55, 0xDF, 0xFF, 0x58, 0x58, 0xFF, 0xFF, 0xDF, 0x58, 0xFF, 0xFF, 0xFF, 0x88,
    0xF0, 0x0F, 0x00, 0x00, 0xF0, 0x00, 0x00, 0x00, 0x00, 0x00, 0x00, 0x00, 0x00, 0x00, 0x00, 0x00,
    0x00, 0x00, 0x00, 0x00, 0x00, 0x00, 0x00, 0x00, 0x00, 0x00, 0x00, 0x00, 0x00, 0x00, 0x00, 0x00,
    0x0F, 0x00, 0x00, 0x00, 0x00, 0x00, 0x00, 0x00, 0x00, 0x00, 0x00, 0x00, 0x00, 0x00, 0x00, 0x00,
    0x00, 0x00, 0x00, 0x00, 0x00, 0x00, 0x00, 0x00, 0x00, 0x00, 0x00, 0x00, 0x00, 0x00, 0x00, 0x00,
    0x00, 0x00, 0x00, 0xF0, 0x00, 0x00, 0x00, 0xF0, 0x00, 0x00, 0x00, 0x00, 0x00, 0x00, 0x00, 0x00,
    0x00, 0x00, 0x00, 0x00, 0x00, 0x00, 0x00, 0x00, 0x00, 0x00, 0x00, 0x00, 0x00, 0x00, 0x00, 0x00,
    0xFF, 0xFF, 0xFF, 0xFF, 0xFF, 0xFF, 0xFF, 0xFF, 0xF0, 0xFF, 0xFF, 0xFF, 0xF0, 0xFF, 0xFF, 0xFF,
    0xF0, 0x0F, 0xFF, 0xFF, 0x00, 0x0F, 0xFF, 0xFF, 0x00, 0x0F, 0xF0, 0xFF, 0x00, 0x00, 0xF0, 0xFF,
    0x58, 0x55, 0xD8, 0xFD, 0x88, 0x55, 0x85, 0xD8, 0xDD, 0x88, 0x55, 0x85, 0xD8, 0xDD, 0x5F, 0x55,
    0x85, 0x88, 0x5F, 0x55, 0x55, 0x88, 0xFD, 0x8F, 0x55, 0x55, 0x88, 0xDF, 0x58, 0x55, 0x85, 0xFD,
    0x55, 0x55, 0x85, 0x88, 0xDF, 0x8F, 0x55, 0x85, 0xDD, 0xFF, 0x55, 0x55, 0x88, 0xDD, 0x5F, 0x58,
    0x58, 0x88, 0xFD, 0x58, 0x55, 0x88, 0xFD, 0xDF, 0x55, 0x55, 0x88, 0xFD, 0x55, 0x55, 0x88, 0xD8,
    0xFD, 0x00, 0x00, 0x00, 0xDD, 0xF8, 0x00, 0x00, 0x88, 0xFD, 0x00, 0x00, 0x85, 0xFD, 0xFD, 0x00,
    0x55, 0xD5, 0xF8, 0xFD, 0x55, 0x85, 0x85, 0xF8, 0x55, 0x55, 0x85, 0xF8, 0x8F, 0x55, 0x85, 0x85,
    0x00, 0x00, 0x00, 0x00, 0x00, 0x00, 0x00, 0x00, 0x00, 0x00, 0x00, 0x00, 0x00, 0x00, 0x00, 0x00,
    0x00, 0x00, 0x00, 0x00, 0x00, 0x00, 0x00, 0x00, 0x00, 0x00, 0x00, 0x00, 0x0F, 0x00, 0x00, 0x00,
    0x88, 0x55, 0x85, 0xD5, 0x8F, 0x55, 0x55, 0x85, 0xFF, 0x5D, 0x55, 0x55, 0xFF, 0xFF, 0x55, 0x55,
    0xFF, 0xFF, 0x58, 0x55, 0xFF, 0xFF, 0x8D, 0x58, 0xFF, 0xFF, 0xFF, 0x58, 0xFF, 0xFF, 0xFF, 0x58,
    0x8F, 0x55, 0x85, 0xD8, 0xDF, 0x5F, 0x55, 0xD8, 0x88, 0x5F, 0x55, 0x85, 0x88, 0xFF, 0x55, 0x85,
    0x58, 0xF8, 0x55, 0x85, 0x55, 0xF8, 0x55, 0x55, 0x55, 0x88, 0xFF, 0x55, 0x55, 0x55, 0xFF, 0x55,
    0x8F, 0x55, 0x55, 0x85, 0xFF, 0x58, 0x55, 0x85, 0xFF, 0x88, 0x55, 0x55, 0xFF, 0x8D, 0x58, 0x55,
    0xFF, 0xDF, 0x58, 0x55, 0xD8, 0xFF, 0x58, 0x55, 0xD8, 0xFF, 0xDF, 0x55, 0x88, 0xFD, 0xDF, 0x5D,
    0x0F, 0x00, 0x00, 0x00, 0xFF, 0x00, 0x00, 0x00, 0xF8, 0x00, 0x00, 0x00, 0xF8, 0x00, 0x00, 0x00,
    0xD8, 0x0F, 0x00, 0x00, 0xD8, 0x0F, 0x00, 0x00, 0x88, 0xFD, 0x00, 0x00, 0x85, 0x0F, 0x00, 0x00,
    0xFF, 0xFF, 0xFF, 0x8F, 0xFF, 0xFF, 0xFF, 0x8F, 0xF0, 0xFF, 0xFF, 0xDF, 0xF0, 0xFF, 0xFF, 0xFF,
    0xF0, 0x0F, 0xFF, 0xFF, 0x00, 0x0F, 0xFF, 0xFF, 0x00, 0x0F, 0xF0, 0xFF, 0x00, 0x00, 0xF0, 0xFF,
    0x55, 0x55, 0xFF, 0x5F, 0x55, 0x55, 0xF5, 0x5F, 0x55, 0x55, 0xF5, 0xFF, 0x5F, 0x55, 0x55, 0xFF,
    0xFF, 0x55, 0x55, 0xFF, 0xFF, 0x55, 0x55, 0xF8, 0xFF, 0x55, 0x55, 0xFD, 0xFF, 0x5F, 0x55, 0xDF,
    0x85, 0xFD, 0xFF, 0x5D, 0x55, 0xD8, 0xFF, 0x5D, 0x55, 0xD8, 0xFF, 0xDF, 0x55, 0xD8, 0xFD, 0xDF,
    0x55, 0x85, 0xFD, 0xDF, 0x5F, 0x85, 0xFF, 0xFF, 0x5F, 0x85, 0xF8, 0xF0, 0x5F, 0x5F, 0xFD, 0xF0,
    0x88, 0x0F, 0x00, 0x00, 0x88, 0x0F, 0x00, 0x00, 0xF5, 0x00, 0x00, 0x00, 0xF8, 0x00, 0x00, 0x00,
    0xF8, 0x00, 0x00, 0x00, 0x08, 0x00, 0x00, 0x00, 0x0F, 0x00, 0x00, 0x00, 0x00, 0x00, 0x00, 0x00,
    0x00, 0x00, 0xF0, 0xFF, 0x00, 0x00, 0x00, 0x0F, 0x00, 0x00, 0x00, 0x0F, 0x00, 0x00, 0x00, 0xF0,
    0x00, 0x00, 0x00, 0x00, 0x00, 0x00, 0x00, 0x00, 0x00, 0x00, 0x00, 0x00, 0x00, 0x00, 0x00, 0x00,
    0xFF, 0x5F, 0x55, 0xF5, 0xFF, 0xFF, 0x55, 0xF5, 0xFF, 0xFF, 0x58, 0xF5, 0xF0, 0xF0, 0x5F, 0x85,
    0x00, 0x00, 0xFF, 0xD5, 0x00, 0x00, 0xFF, 0x5F, 0x00, 0x00, 0xF0, 0x8F, 0x00, 0x00, 0x00, 0xFF,
    0x8F, 0x5F, 0x0F, 0x00, 0x80, 0xDF, 0xFF, 0x00, 0x00, 0xFD, 0x0F, 0x00, 0x0F, 0xFD, 0x0F, 0x00,
    0x0F, 0x00, 0x00, 0x00, 0x0F, 0x00, 0x00, 0x00, 0x0F, 0x00, 0x00, 0x00, 0x00, 0x00, 0x00, 0x00,
    0x0F, 0x00, 0x00, 0x00, 0x00, 0x00, 0x00, 0x00, 0x00, 0x00, 0x00, 0x00, 0x00, 0x00, 0x00, 0x00,
    0x00, 0x00, 0x00, 0x00, 0x00, 0x00, 0x00, 0x00, 0x00, 0x00, 0x00, 0x00, 0x00, 0x00, 0x00, 0x00,
    0x00, 0x00, 0xF0, 0x88, 0x00, 0x00, 0xF0, 0x88, 0x00, 0x00, 0x8F, 0x88, 0x00, 0x00, 0x8F, 0xB8,
    0x00, 0x00, 0xBF, 0xBB, 0x00, 0x00, 0xF0, 0xFF, 0x00, 0x00, 0x00, 0x00, 0x00, 0x00, 0x00, 0x00,
    0xBB, 0xFB, 0x00, 0x00, 0xBB, 0x0F, 0x00, 0x00, 0xFB, 0x00, 0x00, 0x00, 0xFB, 0x00, 0x00, 0x00,
    0x0F, 0x00, 0x00, 0x00, 0x00, 0x00, 0x00, 0x00, 0x00, 0x00, 0x00, 0x00, 0x00, 0x00, 0x00, 0x00,
    0x00, 0x00, 0x00, 0x15, 0x00, 0x00, 0x00, 0x15, 0x00, 0x00, 0x00, 0x50, 0x00, 0x00, 0x00, 0x50,
    0x00, 0x00, 0x00, 0x50, 0x00, 0x00, 0x00, 0x50, 0x00, 0x00, 0x00, 0x00, 0x00, 0x00, 0x00, 0x00,
    0x82, 0x00, 0x00, 0x00, 0x82, 0x08, 0x00, 0x00, 0x22, 0x08, 0x00, 0x00, 0x22, 0x08, 0x00, 0x00,
    0x22, 0x08, 0x00, 0x00, 0x25, 0x08, 0x00, 0x00, 0x25, 0x88, 0x00, 0x00, 0x25, 0x88, 0x00, 0x00,
    0x25, 0x83, 0x00, 0x00, 0x25, 0x83, 0x00, 0x00, 0x25, 0x83, 0x00, 0x00, 0x25, 0x82, 0x00, 0x00,
    0x25, 0x32, 0x08, 0x00, 0x50, 0x32, 0x08, 0x00, 0x50, 0x32, 0x08, 0x00, 0x50, 0x32, 0x08, 0x00,
    0x50, 0x22, 0x08, 0x00, 0x50, 0x22, 0x88, 0x00, 0x50, 0x33, 0x88, 0x00, 0x00, 0x35, 0x85, 0x00,
    0x00, 0x35, 0x85, 0x00, 0x00, 0x35, 0x85, 0x00, 0x00, 0x35, 0x83, 0x00, 0x00, 0x25, 0x83, 0x00,
    0x00, 0x25, 0x83, 0x00, 0x00, 0x25, 0x83, 0x00, 0x00, 0x25, 0x82, 0x00, 0x00, 0x50, 0x82, 0x00,
    0x00, 0x50, 0x82, 0x08, 0x00, 0x50, 0x82, 0x08, 0x00, 0x50, 0x21, 0x08, 0x00, 0x50, 0x21, 0x08,
    0x00, 0x50, 0x22, 0x08, 0x00, 0x50, 0x25, 0x08, 0x00, 0x00, 0x25, 0x08, 0x00, 0x00, 0x25, 0x03,
    0x00, 0x00, 0x25, 0x83, 0x00, 0x00, 0x35, 0x83, 0x00, 0x00, 0x35, 0x85, 0x00, 0x00, 0x35, 0x85,
    0x00, 0x00, 0x00, 0x00, 0x00, 0x00, 0x00, 0x00, 0x00, 0x00, 0x00, 0x90, 0x00, 0x00, 0x00, 0x90,
    0x00, 0x00, 0x00, 0x29, 0x00, 0x00, 0x00, 0x29, 0x00, 0x00, 0x00, 0x99, 0x00, 0x00, 0x00, 0xA9,
    0x00, 0x99, 0x99, 0x09, 0x99, 0x22, 0x32, 0x93, 0x22, 0x33, 0x13, 0x32, 0x31, 0x22, 0x33, 0x22,
    0x11, 0x33, 0x92, 0x21, 0x19, 0x23, 0x12, 0x99, 0x92, 0xF3, 0x29, 0x21, 0x39, 0x69, 0x7F, 0x11,
    0xFD, 0xF0, 0x00, 0x00, 0xDD, 0xDD, 0x0F, 0x00, 0xD8, 0xDD, 0xFD, 0xFD, 0x88, 0x8D, 0xDD, 0xDD,
    0x55, 0x58, 0xD8, 0xDD, 0x8D, 0x55, 0x85, 0x85, 0xF8, 0xF5, 0x58, 0x55, 0x55, 0xD8, 0x8F, 0x5F,
    0x00, 0x00, 0x00, 0x00, 0x00, 0x00, 0x00, 0x00, 0x00, 0x00, 0x00, 0x00, 0xFF, 0xF0, 0x00, 0x00,
    0xDD, 0xDD, 0x0F, 0x00, 0x8D, 0xDD, 0xFD, 0x0F, 0x58, 0x88, 0xDD, 0xFD, 0x55, 0x55, 0xD8, 0xD8,
    0x00, 0x00, 0x00, 0xF0, 0x00, 0x00, 0x00, 0xF0, 0x00, 0x00, 0x00, 0x00, 0x00, 0x00, 0x00, 0x00,
    0x00, 0x00, 0x00, 0x00, 0x00, 0x00, 0x00, 0x00, 0x00, 0x00, 0x00, 0x00, 0x00, 0x00, 0x00, 0x00,
    0x0F, 0x00, 0x00, 0x00, 0x00, 0x00, 0x00, 0x00, 0x00, 0x00, 0x00, 0x00, 0x00, 0x00, 0x00, 0x00,
    0x00, 0x00, 0x00, 0x00, 0x00, 0x00, 0x00, 0x00, 0x00, 0x00, 0x00, 0x00, 0x00, 0x00, 0x00, 0x00,
    0x00, 0x00, 0x00, 0x00, 0x00, 0x00, 0x00, 0x00, 0x00, 0x00, 0x00, 0x00, 0x00, 0x00, 0x00, 0x00,
    0x00, 0x00, 0x00, 0x00, 0x00, 0x00, 0x00, 0x00, 0xE0, 0xEE, 0x00, 0xBE, 0x8E, 0xE6, 0x90, 0x6B,
    0x8E, 0x0E, 0x39, 0x69, 0xE0, 0x8E, 0xE6, 0x91, 0x6E, 0x8E, 0x68, 0x3E, 0x8E, 0xEB, 0xEE, 0xE6,
    0xBE, 0x8E, 0xEB, 0xE8, 0xE0, 0xBE, 0x0E, 0x0E, 0x00, 0xEE, 0x00, 0x00, 0x00, 0x00, 0x00, 0x00,
    0x00, 0x00, 0x00, 0x00, 0x00, 0x00, 0x00, 0x00, 0x00, 0x00, 0x00, 0x00, 0x00, 0x00, 0x00, 0x00,
    0x00, 0x00, 0x00, 0x00, 0x00, 0x00, 0x00, 0xF0, 0x00, 0x00, 0x00, 0xF0, 0x00, 0x00, 0x00, 0xF0,
    0x00, 0x00, 0x00, 0xBF, 0x00, 0x00, 0x00, 0xFF, 0x00, 0x00, 0x00, 0x00, 0x00, 0x00, 0x00, 0x00,
    0x00, 0x00, 0x00, 0x00, 0x00, 0x00, 0x00, 0x00, 0x00, 0x00, 0x00, 0x00, 0x00, 0x00, 0x00, 0x00,
    0x00, 0x00, 0x00, 0x00, 0x00, 0x00, 0x00, 0x00, 0x00, 0x00, 0x00, 0x00, 0x0F, 0x00, 0x00, 0x00,
    0xF8, 0x00, 0x00, 0x00, 0xF8, 0x00, 0x00, 0x00, 0xF8, 0x00, 0x00, 0x00, 0x08, 0x00, 0x00, 0x00,
    0x08, 0x00, 0x00, 0x00, 0x08, 0x00, 0x00, 0x00, 0x88, 0x00, 0x00, 0x00, 0x88, 0x00, 0x00, 0x00,
    0x82, 0x00, 0x00, 0x00, 0x82, 0x00, 0x00, 0x00, 0x82, 0x00, 0x00, 0x00, 0x82, 0x00, 0x00, 0x00,
    0x00, 0x00, 0x22, 0x85, 0x00, 0x00, 0x25, 0x85, 0x00, 0x00, 0x35, 0x85, 0x00, 0x00, 0x35, 0x05,
    0x00, 0x00, 0x55, 0x83, 0x00, 0x00, 0x20, 0x85, 0x00, 0x00, 0x50, 0x85, 0x00, 0x00, 0x50, 0x08,
    0x00, 0x00, 0x80, 0x00, 0x00, 0x00, 0x00, 0x00, 0x00, 0x00, 0x00, 0x00, 0x00, 0x00, 0x00, 0x00,
    0x00, 0x00, 0x00, 0x00, 0x00, 0x00, 0x00, 0x00, 0x00, 0x00, 0x00, 0x00, 0x00, 0x00, 0x00, 0x00,
    0x00, 0x00, 0x00, 0x00, 0x09, 0x00, 0x00, 0x00, 0x93, 0x00, 0x00, 0x00, 0x93, 0x00, 0x00, 0x00,
    0x33, 0x09, 0x00, 0x00, 0x33, 0x09, 0x00, 0x00, 0x39, 0x93, 0x00, 0x00, 0x32, 0x93, 0x00, 0x00,
    0x00, 0x00, 0x00, 0x00, 0x00, 0x00, 0x00, 0x00, 0x00, 0x00, 0x00, 0x00, 0x00, 0x00, 0x00, 0x00,
    0x00, 0x00, 0x00, 0x00, 0x00, 0x00, 0x00, 0x00, 0x00, 0x00, 0x00, 0x00, 0x0F, 0x00, 0x00, 0x00,
    0x00, 0x00, 0x00, 0x00, 0x00, 0x00, 0x00, 0x00, 0x00, 0x00, 0x00, 0x00, 0x00, 0x00, 0x00, 0x00,
    0x00, 0x00, 0x00, 0x00, 0x00, 0x00, 0x00, 0x00, 0x00, 0x00, 0x00, 0x00, 0xFF, 0x00, 0x00, 0x00,
    0x00, 0x00, 0xF0, 0xFF, 0x00, 0x00, 0x00, 0x0F, 0x00, 0x00, 0x00, 0x0F, 0x00, 0x00, 0x00, 0x00,
    0x00, 0x00, 0x00, 0x00, 0x00, 0x00, 0x00, 0x00, 0x00, 0x00, 0x00, 0x00, 0x00, 0x00, 0x00, 0x00,
};
static const u16 sFrame82[] = {
    0x0010, 0x80BB, 0xC1F1, 0x0000, 0x00B3, 0x8011, 0x0020, 0x00C3, 0x8031, 0x0030, 0x40FB, 0x41F9,
    0x0040, 0x8003, 0x4011, 0x0044, 0x40B3, 0x01F1, 0x0048, 0x40BB, 0x0031, 0x004A, 0x40E3, 0x0039,
    0x004C, 0x80CB, 0x01E9, 0x004E, 0x80EB, 0x01E9, 0x0050, 0x80EB, 0x0011, 0x0052, 0x8023, 0x0011,
    0x0054, 0x00B3, 0x0001, 0x0056, 0x00B3, 0x0031, 0x0057, 0x00BB, 0x0041, 0x0058, 0x00D3, 0x0029,
    0x0059, 0x0000,
};
static const void* const sFrames82[] = { sFrame82 };
static const u8 sTiles83[2304] __attribute__((aligned(4))) = {
    0xFB, 0xB2, 0xE7, 0x35, 0xF8, 0x2B, 0xFA, 0x5E, 0xF8, 0x7B, 0xBF, 0xEB, 0xFB, 0x71, 0xBF, 0xBB,
    0xFB, 0x72, 0xBF, 0x88, 0xBF, 0x72, 0xBF, 0x88, 0xFB, 0xF2, 0xBB, 0x8B, 0xB8, 0x8F, 0x8B, 0xBB,
    0x12, 0xE5, 0x23, 0xE2, 0x23, 0x23, 0x12, 0xE2, 0xE8, 0xEE, 0x13, 0xEE, 0xB8, 0xBB, 0xBB, 0xEB,
    0xB8, 0xBE, 0x88, 0xB8, 0x88, 0xEB, 0x8B, 0xB8, 0x88, 0xEB, 0x8B, 0x88, 0x88, 0xEB, 0x8E, 0x88,
    0x00, 0x00, 0x00, 0x00, 0xFF, 0x00, 0x00, 0x00, 0xFD, 0x0F, 0x00, 0x00, 0xD8, 0xFF, 0x00, 0x00,
    0x8E, 0xFD, 0x0F, 0x00, 0x8E, 0xD5, 0xFF, 0x0F, 0x8E, 0x55, 0xFD, 0xFF, 0xEB, 0x55, 0xD5, 0xFF,
    0x00, 0x00, 0x00, 0x00, 0x00, 0x00, 0x00, 0x00, 0x00, 0x00, 0x00, 0x00, 0x00, 0x00, 0x00, 0x00,
    0x00, 0x00, 0x00, 0x00, 0x00, 0x00, 0x00, 0x00, 0x00, 0x00, 0x00, 0x00, 0x0F, 0x00, 0x00, 0x00,
    0xB8, 0x88, 0x6B, 0xBB, 0xBB, 0x33, 0x6B, 0xB8, 0x8B, 0x88, 0x6B, 0xB6, 0x6B, 0x88, 0x6B, 0xB6,
    0x68, 0x88, 0x6B, 0xB6, 0x68, 0x33, 0x68, 0xB8, 0x68, 0x88, 0x66, 0xBB, 0x68, 0x88, 0x66, 0xBB,
    0x8B, 0xEB, 0x8E, 0x88, 0x8B, 0xE8, 0x8E, 0x88, 0x8B, 0xE8, 0xED, 0x88, 0xBB, 0xE8, 0xEF, 0x88,
    0xBB, 0xE8, 0xEF, 0xBB, 0xBB, 0xF8, 0xF0, 0xBE, 0xBB, 0xF8, 0xF0, 0xBE, 0xBB, 0xF8, 0x00, 0xBE,
    0xE8, 0x58, 0x55, 0xFD, 0xE8, 0x8D, 0x55, 0xD5, 0xB8, 0xDE, 0x58, 0x55, 0xB8, 0xDE, 0x88, 0x55,
    0xBB, 0xFE, 0x8D, 0x58, 0xBB, 0xFE, 0xDF, 0x88, 0xB8, 0xFE, 0xFF, 0x8D, 0x88, 0xEB, 0xF8, 0xDF,
    0xFF, 0x00, 0x00, 0x00, 0xFF, 0x0F, 0x00, 0x00, 0xFD, 0xFF, 0x00, 0x00, 0xD5, 0xFF, 0x0F, 0x00,
    0x55, 0xF8, 0xFF, 0x00, 0x55, 0xD8, 0xFF, 0x0F, 0x58, 0x85, 0xFD, 0x0F, 0x58, 0x85, 0xDD, 0xFF,
    0x68, 0x86, 0x66, 0xB8, 0x68, 0x33, 0x68, 0xB6, 0x68, 0x86, 0x68, 0x86, 0x8B, 0x86, 0x68, 0x66,
    0xBB, 0xBB, 0x6B, 0x66, 0x8B, 0x63, 0xB6, 0x88, 0x6B, 0xF6, 0x36, 0x8B, 0x63, 0xBF, 0x6F, 0xB8,
    0xBB, 0xB8, 0x0E, 0xEF, 0xBB, 0xB8, 0x0F, 0xE0, 0xBB, 0x88, 0x0F, 0xE0, 0xBB, 0x88, 0x0F, 0xF0,
    0xBB, 0x88, 0xFF, 0x00, 0xB8, 0x8B, 0xFB, 0x00, 0x88, 0x8B, 0xF8, 0x00, 0x88, 0xBB, 0xB8, 0xAF,
    0x88, 0xFB, 0x58, 0xDD, 0x88, 0xE8, 0x5F, 0xF5, 0x8B, 0x9B, 0xFD, 0x88, 0x9B, 0x33, 0x89, 0xF8,
    0x39, 0x91, 0x8E, 0x88, 0xBE, 0xBB, 0xEB, 0x8D, 0xBE, 0xB8, 0xA8, 0xDA, 0x8A, 0x8E, 0x77, 0x87,
    0x8F, 0x55, 0xD8, 0xFD, 0xDD, 0x58, 0x85, 0xFD, 0xDD, 0x58, 0x55, 0xD8, 0xFF, 0x8D, 0x55, 0x88,
    0x88, 0x8D, 0x58, 0x88, 0x55, 0xD8, 0x58, 0x85, 0x8D, 0x85, 0xDD, 0x85, 0xDD, 0x88, 0xD8, 0x8D,
    0xFB, 0xB8, 0x6F, 0xB8, 0x8F, 0xBB, 0x6F, 0xB3, 0xBF, 0xFB, 0xF8, 0xB8, 0xB8, 0xFB, 0xF8, 0xB3,
    0xBB, 0xFB, 0xF8, 0xB8, 0xBB, 0xFB, 0xF8, 0xB8, 0xFF, 0xFF, 0xF8, 0xB8, 0xFB, 0xFF, 0xF8, 0xB3,
    0x88, 0xBB, 0xB8, 0xAA, 0x88, 0xB8, 0xB8, 0xAA, 0x68, 0xB8, 0x88, 0xFB, 0x68, 0xB8, 0x8B, 0xFB,
    0x68, 0xB8, 0x8B, 0xBB, 0x68, 0x86, 0x8B, 0xBB, 0x68, 0x86, 0xBB, 0xBB, 0x68, 0x86, 0xBB, 0xBB,
    0x11, 0xA1, 0xAA, 0x8A, 0xAA, 0xAA, 0xFA, 0x58, 0x50, 0x55, 0x08, 0x5F, 0x50, 0x52, 0x88, 0x8F,
    0x5F, 0x22, 0x83, 0xF0, 0x0F, 0x25, 0x83, 0xF0, 0x0F, 0x25, 0x83, 0x00, 0xFB, 0x25, 0x83, 0x00,
    0xDD, 0x55, 0x85, 0x8D, 0x88, 0xDD, 0x55, 0x88, 0x88, 0xDD, 0x58, 0x85, 0x55, 0x88, 0xDD, 0x55,
    0x58, 0xD8, 0xDD, 0x58, 0x88, 0x85, 0xDD, 0x88, 0xDF, 0x55, 0xD8, 0x8D, 0xFF, 0x8D, 0x55, 0xD8,
    0xBB, 0xFF, 0xF8, 0xB8, 0xBB, 0xFB, 0x68, 0x8F, 0xBB, 0xFB, 0x68, 0x8F, 0xBB, 0xFB, 0x68, 0x3F,
    0xBB, 0xFB, 0x68, 0xF6, 0xBB, 0xFB, 0x8B, 0xF8, 0xBF, 0xFB, 0x8B, 0x88, 0xBF, 0xFB, 0x8B, 0x88,
    0x68, 0x66, 0xB8, 0xBB, 0x8B, 0x66, 0xB8, 0xBB, 0x8B, 0x66, 0x86, 0xBB, 0x8B, 0x66, 0x86, 0xBB,
    0xB8, 0x68, 0x86, 0xBB, 0xB8, 0x68, 0x66, 0xB8, 0x8F, 0x8B, 0x66, 0xB8, 0x3F, 0x8B, 0x66, 0xB8,
    0xFB, 0x25, 0x83, 0x00, 0xFB, 0x25, 0x83, 0x08, 0xBB, 0x25, 0x82, 0x08, 0xBB, 0x55, 0x32, 0x08,
    0xBB, 0x5B, 0x32, 0x08, 0xBB, 0x5B, 0x32, 0x08, 0xBB, 0x5B, 0x32, 0x08, 0xBB, 0x58, 0x32, 0x08,
    0xF0, 0xDF, 0x55, 0x85, 0xF0, 0xFD, 0x58, 0x85, 0x00, 0xFF, 0x8F, 0x55, 0x00, 0xFF, 0xDF, 0x58,
    0x00, 0xF0, 0xFF, 0x58, 0x00, 0x00, 0xFF, 0x88, 0x00, 0x00, 0xF0, 0x8F, 0x00, 0x00, 0xF0, 0x8F,
    0xFF, 0xBB, 0xBF, 0xB8, 0xBB, 0xBB, 0xBF, 0xBB, 0xBB, 0xFB, 0xBF, 0xBB, 0xFB, 0xBF, 0xBF, 0xBB,
    0xBF, 0xBB, 0xBF, 0xBB, 0xBB, 0xBB, 0xBF, 0xBB, 0xBB, 0xBB, 0xBF, 0xBB, 0xBB, 0xBB, 0xBF, 0xBB,
    0x8F, 0x8B, 0x66, 0x86, 0x8F, 0x8B, 0x66, 0x86, 0xFB, 0xB8, 0x68, 0x66, 0xFB, 0xB3, 0x68, 0x66,
    0xFB, 0xB8, 0x68, 0x66, 0xFB, 0xB8, 0x68, 0x66, 0xBB, 0x8F, 0x8B, 0x66, 0xBB, 0x8F, 0x8B, 0x66,
    0xBB, 0x8B, 0x25, 0x83, 0xBB, 0xBB, 0x25, 0x83, 0xB8, 0xB8, 0x25, 0x83, 0xB8, 0xB8, 0x25, 0x82,
    0xB8, 0x88, 0x55, 0x82, 0xB8, 0x68, 0x55, 0x22, 0xB8, 0x8B, 0x58, 0x22, 0x86, 0x8B, 0x56, 0x22,
    0x00, 0x00, 0x00, 0xFF, 0x00, 0x00, 0x00, 0xFF, 0x00, 0x00, 0x00, 0xF0, 0x0F, 0x00, 0x00, 0xF0,
    0xF8, 0x00, 0x00, 0x00, 0xF8, 0x00, 0x00, 0x00, 0xF8, 0x00, 0x00, 0x00, 0x08, 0x00, 0x00, 0x00,
    0xFF, 0xFF, 0xBF, 0xBB, 0x00, 0x00, 0xF0, 0xBB, 0x00, 0x00, 0xF0, 0xBB, 0x00, 0x00, 0xF0, 0xBB,
    0x00, 0x00, 0x00, 0xBF, 0x00, 0x00, 0x00, 0xBF, 0x00, 0x00, 0x00, 0xBF, 0x00, 0x00, 0x00, 0x8F,
    0xBB, 0x8F, 0x8B, 0x66, 0xFB, 0xB8, 0x68, 0x66, 0xFB, 0xB8, 0x68, 0x66, 0xFB, 0xB3, 0xFF, 0xFF,
    0xFB, 0xFF, 0x00, 0x00, 0xBB, 0x0F, 0x00, 0x00, 0xBB, 0xFB, 0x00, 0x00, 0xBB, 0xFB, 0x00, 0x00,
    0x86, 0x8B, 0x56, 0x22, 0x86, 0x8B, 0x56, 0x21, 0xF6, 0xFF, 0x5F, 0x21, 0x0F, 0x00, 0x50, 0x25,
    0x00, 0x00, 0x50, 0x15, 0x00, 0x00, 0x00, 0x15, 0x00, 0x00, 0x00, 0x15, 0x00, 0x00, 0x00, 0x15,
    0x08, 0x00, 0x00, 0x00, 0x08, 0x00, 0x00, 0x00, 0x88, 0x00, 0x00, 0x00, 0x88, 0x00, 0x00, 0x00,
    0x82, 0x00, 0x00, 0x00, 0x82, 0x00, 0x00, 0x00, 0x82, 0x00, 0x00, 0x00, 0x82, 0x00, 0x00, 0x00,
    0x00, 0x00, 0xF0, 0x88, 0x00, 0x00, 0xF0, 0x88, 0x00, 0x00, 0x8F, 0x88, 0x00, 0x00, 0x8F, 0xB8,
    0x00, 0x00, 0xBF, 0xBB, 0x00, 0x00, 0xF0, 0xFF, 0x00, 0x00, 0x00, 0x00, 0x00, 0x00, 0x00, 0x00,
    0xBB, 0xFB, 0x00, 0x00, 0xBB, 0x0F, 0x00, 0x00, 0xFB, 0x00, 0x00, 0x00, 0xFB, 0x00, 0x00, 0x00,
    0x0F, 0x00, 0x00, 0x00, 0x00, 0x00, 0x00, 0x00, 0x00, 0x00, 0x00, 0x00, 0x00, 0x00, 0x00, 0x00,
    0x00, 0x00, 0x00, 0x15, 0x00, 0x00, 0x00, 0x15, 0x00, 0x00, 0x00, 0x50, 0x00, 0x00, 0x00, 0x50,
    0x00, 0x00, 0x00, 0x50, 0x00, 0x00, 0x00, 0x50, 0x00, 0x00, 0x00, 0x00, 0x00, 0x00, 0x00, 0x00,
    0x82, 0x00, 0x00, 0x00, 0x82, 0x08, 0x00, 0x00, 0x22, 0x08, 0x00, 0x00, 0x22, 0x08, 0x00, 0x00,
    0x22, 0x08, 0x00, 0x00, 0x25, 0x08, 0x00, 0x00, 0x25, 0x88, 0x00, 0x00, 0x25, 0x88, 0x00, 0x00,
    0x58, 0x85, 0xDD, 0xFD, 0x88, 0x85, 0xD8, 0xDD, 0xD8, 0x88, 0x88, 0xDD, 0x85, 0x5D, 0x85, 0xD8,
    0x55, 0xD8, 0x58, 0x85, 0x55, 0x85, 0x5F, 0x55, 0x58, 0x55, 0xF8, 0x58, 0x8D, 0x58, 0xD5, 0x8F,
    0x00, 0x00, 0x00, 0x00, 0x0F, 0x00, 0x00, 0x00, 0xFD, 0x00, 0x00, 0x00, 0xDD, 0x0F, 0x00, 0x00,
    0xDD, 0xFD, 0x00, 0x00, 0xD8, 0xDD, 0x0F, 0x00, 0x85, 0xDD, 0xFD, 0x00, 0x55, 0x88, 0xDD, 0x0F,
    0x8D, 0x58, 0x85, 0xFD, 0xD8, 0x8D, 0x55, 0xD8, 0x85, 0xDD, 0x58, 0x85, 0x85, 0xD8, 0x5F, 0x85,
    0x55, 0x88, 0x5F, 0x55, 0x55, 0x85, 0xFD, 0x55, 0x55, 0x85, 0xF8, 0x58, 0x58, 0x55, 0xF8, 0x5D,
    0x55, 0x85, 0xDD, 0x0F, 0x5F, 0x55, 0xD8, 0xFD, 0xFD, 0x55, 0x85, 0xDD, 0xDD, 0x5F, 0x85, 0xD8,
    0xD8, 0x8F, 0x55, 0x88, 0x88, 0xFD, 0x55, 0x85, 0x85, 0xFD, 0x55, 0x85, 0x85, 0xD8, 0x8F, 0x55,
    0x58, 0x55, 0xD8, 0x5F, 0x5D, 0x55, 0xD5, 0x5F, 0x5F, 0x55, 0x85, 0x8F, 0x5F, 0x55, 0x85, 0xFD,
    0x8F, 0x55, 0x85, 0xF8, 0xDF, 0x58, 0x85, 0xF8, 0xFF, 0x58, 0x55, 0xF8, 0xFF, 0x58, 0x55, 0xF8,
    0x55, 0xD8, 0x8F, 0x55, 0x55, 0x88, 0xDF, 0x55, 0x55, 0x88, 0xFD, 0x55, 0x55, 0x88, 0xFD, 0x55,
    0x55, 0x85, 0xFD, 0x58, 0x55, 0x85, 0xFD, 0x58, 0x55, 0x85, 0xFF, 0x58, 0x55, 0x85, 0xFF, 0x88,
    0xFF, 0x58, 0x55, 0xF8, 0xFF, 0x58, 0x55, 0xF8, 0xFF, 0x58, 0x55, 0xF5, 0xF0, 0x5D, 0x55, 0xF5,
    0xF0, 0x5F, 0x55, 0xF5, 0xF0, 0x5F, 0x55, 0xF5, 0xF0, 0x5F, 0x55, 0xF5, 0xF0, 0x5F, 0x55, 0xF5,
    0x55, 0x85, 0xFF, 0x8D, 0x5F, 0x85, 0xFF, 0x8D, 0x5F, 0x85, 0xFD, 0x8F, 0x5F, 0x85, 0xFD, 0x8F,
    0x5F, 0x85, 0xFD, 0xDF, 0x5F, 0x85, 0xFD, 0xDF, 0x5F, 0x85, 0xFD, 0xDF, 0x5F, 0x85, 0xFD, 0xDF,
    0x00, 0x00, 0x00, 0x00, 0x00, 0x00, 0x00, 0x00, 0x00, 0x00, 0x00, 0x90, 0x00, 0x00, 0x00, 0x90,
    0x00, 0x00, 0x00, 0x29, 0x00, 0x00, 0x00, 0x29, 0x00, 0x00, 0x00, 0x99, 0x00, 0x00, 0x00, 0xA9,
    0x00, 0x99, 0x99, 0x09, 0x99, 0x22, 0x32, 0x93, 0x22, 0x33, 0x13, 0x32, 0x31, 0x22, 0x33, 0x22,
    0x11, 0x33, 0x92, 0x21, 0x19, 0x23, 0x12, 0x99, 0x92, 0xF3, 0x29, 0x21, 0x39, 0x69, 0x7F, 0x11,
    0x00, 0x00, 0x00, 0xA9, 0x00, 0x00, 0x00, 0xA9, 0x00, 0x00, 0x00, 0xA0, 0x00, 0x00, 0x00, 0x00,
    0x00, 0x00, 0x00, 0x00, 0x00, 0x00, 0x00, 0x00, 0x00, 0x00, 0x00, 0xFF, 0x00, 0x00, 0xF0, 0x53,
    0x97, 0x67, 0x21, 0x39, 0x72, 0x12, 0x11, 0xA2, 0x21, 0x11, 0x11, 0xA7, 0x17, 0x11, 0x21, 0x37,
    0x7A, 0x21, 0xA7, 0x97, 0xA0, 0xAA, 0x7A, 0xEA, 0xFF, 0x77, 0xA7, 0xEE, 0xFF, 0x7E, 0xEB, 0xE3,
    0x00, 0x00, 0x00, 0x00, 0x00, 0x00, 0x00, 0x00, 0x00, 0x00, 0x00, 0x00, 0x00, 0x00, 0x00, 0x00,
    0x00, 0x00, 0x00, 0x00, 0x00, 0x00, 0x00, 0x00, 0xE0, 0xEE, 0x00, 0xBE, 0x8E, 0xE6, 0x90, 0x6B,
    0x00, 0x00, 0x8E, 0x8F, 0x00, 0x00, 0x68, 0x8F, 0x00, 0xE0, 0x68, 0xBF, 0x00, 0xEE, 0x8B, 0xBF,
    0xE0, 0x8B, 0xB8, 0xFB, 0xEE, 0x8E, 0xB8, 0xFB, 0x66, 0x88, 0xBB, 0xFE, 0x86, 0x88, 0xEB, 0xF0,
    0x8E, 0x0E, 0x39, 0x69, 0xE0, 0x8E, 0xE6, 0x91, 0x6E, 0x8E, 0x68, 0x3E, 0x8E, 0xEB, 0xEE, 0xE6,
    0xBE, 0x8E, 0xEB, 0xE8, 0xE0, 0xBE, 0x0E, 0x0E, 0x00, 0xEE, 0x00, 0x00, 0x00, 0x00, 0x00, 0x00,
    0x86, 0xE8, 0x0E, 0xF0, 0xB8, 0xEE, 0x00, 0xF0, 0xE9, 0x00, 0x00, 0xBF, 0x09, 0x00, 0x00, 0xBF,
    0x00, 0x00, 0xF0, 0x88, 0x00, 0x00, 0xF0, 0x88, 0x00, 0x00, 0x8F, 0x86, 0x00, 0x00, 0x8F, 0x86,
    0x00, 0x00, 0x00, 0x00, 0x00, 0x00, 0x00, 0x00, 0x00, 0x00, 0x00, 0x00, 0x00, 0x00, 0x00, 0x00,
    0x00, 0x00, 0x00, 0x00, 0x00, 0x00, 0x00, 0xF0, 0x00, 0x00, 0x00, 0xF0, 0x00, 0x00, 0x00, 0xF0,
    0xBF, 0x86, 0xBF, 0xBB, 0xBF, 0x8B, 0xB3, 0xFB, 0xBF, 0x68, 0xBF, 0xBF, 0xBF, 0x68, 0xBF, 0xBF,
    0xBF, 0x68, 0xBF, 0xFF, 0x8B, 0x68, 0xBF, 0xBB, 0x8B, 0x66, 0xBF, 0xBB, 0x8B, 0x36, 0xBF, 0xBB,
    0x00, 0x00, 0x00, 0xBF, 0x00, 0x00, 0x00, 0xFF, 0x00, 0x00, 0x00, 0x00, 0x00, 0x00, 0x00, 0x00,
    0x00, 0x00, 0x00, 0x00, 0x00, 0x00, 0x00, 0x00, 0x00, 0x00, 0x00, 0x00, 0x00, 0x00, 0x00, 0x00,
    0x8B, 0x66, 0xBF, 0xBB, 0x8F, 0x66, 0xFF, 0xFF, 0xF0, 0xFF, 0x0F, 0x00, 0x00, 0x00, 0x00, 0x00,
    0x00, 0x00, 0x00, 0x00, 0x00, 0x00, 0x00, 0x00, 0x00, 0x00, 0x00, 0x00, 0x00, 0x00, 0x00, 0x00,
    0xF0, 0x5F, 0x55, 0xF5, 0xF0, 0x5F, 0x55, 0xF8, 0xF0, 0x5F, 0x55, 0xFD, 0xF0, 0x5F, 0x55, 0xDF,
    0xF0, 0x5F, 0x55, 0xFF, 0x00, 0x8F, 0x55, 0x0F, 0x00, 0xFF, 0x55, 0x0F, 0x00, 0xFF, 0x85, 0x0F,
    0x5F, 0x85, 0xFD, 0xDF, 0x5F, 0x85, 0xFD, 0xDF, 0x5F, 0x85, 0xFD, 0xDF, 0x5F, 0x85, 0xFF, 0xDF,
    0xF5, 0x85, 0xFF, 0x8F, 0xF8, 0xD5, 0x0F, 0xFF, 0xF8, 0xFD, 0x00, 0x0F, 0xFD, 0xFF, 0x00, 0x0F,
    0x00, 0xFF, 0xD5, 0x0F, 0x00, 0xFF, 0xF5, 0x00, 0x00, 0xF0, 0xF8, 0x00, 0x00, 0xF0, 0x0F, 0x00,
    0x00, 0xF0, 0x0F, 0x00, 0x00, 0xF0, 0x00, 0x00, 0x00, 0x00, 0x00, 0x00, 0x00, 0x00, 0x00, 0x00,
    0xFD, 0x0F, 0x00, 0x00, 0xF0, 0x00, 0x00, 0x00, 0x00, 0x00, 0x00, 0x00, 0x00, 0x00, 0x00, 0x00,
    0x00, 0x00, 0x00, 0x00, 0x00, 0x00, 0x00, 0x00, 0x00, 0x00, 0x00, 0x00, 0x00, 0x00, 0x00, 0x00,
    0x00, 0x00, 0x00, 0x00, 0x00, 0x00, 0x00, 0x00, 0x0F, 0x00, 0x00, 0x00, 0x0F, 0x00, 0x00, 0x00,
    0xFD, 0x00, 0x00, 0x00, 0xFD, 0x00, 0x00, 0x00, 0x8D, 0x0F, 0x00, 0x00, 0xD8, 0x0F, 0x00, 0x00,
    0xD8, 0x0F, 0x00, 0x00, 0xD5, 0xFD, 0x00, 0x00, 0x85, 0xF8, 0x00, 0x00, 0x55, 0xD8, 0x0F, 0x00,
    0x55, 0x88, 0x0F, 0x00, 0x55, 0x88, 0x0F, 0x00, 0x55, 0x85, 0x0F, 0x00, 0x55, 0x85, 0x0F, 0x00,
    0x55, 0x85, 0x0F, 0x00, 0x55, 0x85, 0x0F, 0x00, 0x55, 0x85, 0x0F, 0x00, 0x55, 0x85, 0x0F, 0x00,
    0x55, 0xD8, 0x0F, 0x00, 0x55, 0xD8, 0x0F, 0x00, 0x55, 0xD8, 0x0F, 0x00, 0x85, 0xF8, 0x00, 0x00,
    0x85, 0xF8, 0x00, 0x00, 0x85, 0x0F, 0x00, 0x00, 0xF8, 0x00, 0x00, 0x00, 0xF8, 0x00, 0x00, 0x00,
    0x0F, 0x00, 0x00, 0x00, 0x00, 0x00, 0x00, 0x00, 0x00, 0x00, 0x00, 0x00, 0x00, 0x00, 0x00, 0x00,
    0x25, 0x83, 0x00, 0x00, 0x25, 0x83, 0x00, 0x00, 0x25, 0x83, 0x00, 0x00, 0x25, 0x82, 0x00, 0x00,
    0x25, 0x32, 0x08, 0x00, 0x50, 0x32, 0x08, 0x00, 0x50, 0x32, 0x08, 0x00, 0x50, 0x32, 0x08, 0x00,
    0x50, 0x22, 0x08, 0x00, 0x50, 0x22, 0x88, 0x00, 0x50, 0x33, 0x88, 0x00, 0x00, 0x35, 0x85, 0x00,
    0x00, 0x35, 0x85, 0x00, 0x00, 0x35, 0x85, 0x00, 0x00, 0x35, 0x83, 0x00, 0x00, 0x25, 0x83, 0x00,
    0x00, 0x25, 0x83, 0x00, 0x00, 0x25, 0x83, 0x00, 0x00, 0x25, 0x82, 0x00, 0x00, 0x50, 0x82, 0x00,
    0x00, 0x50, 0x82, 0x08, 0x00, 0x50, 0x82, 0x08, 0x00, 0x50, 0x21, 0x08, 0x00, 0x50, 0x21, 0x08,
    0x00, 0x50, 0x22, 0x08, 0x00, 0x50, 0x25, 0x08, 0x00, 0x00, 0x25, 0x08, 0x00, 0x00, 0x25, 0x03,
    0x00, 0x00, 0x25, 0x83, 0x00, 0x00, 0x35, 0x83, 0x00, 0x00, 0x35, 0x85, 0x00, 0x00, 0x35, 0x85,
    0x00, 0x00, 0x00, 0x00, 0x09, 0x00, 0x00, 0x00, 0x93, 0x00, 0x00, 0x00, 0x93, 0x00, 0x00, 0x00,
    0x33, 0x09, 0x00, 0x00, 0x33, 0x09, 0x00, 0x00, 0x39, 0x93, 0x00, 0x00, 0x32, 0x93, 0x00, 0x00,
    0x93, 0x93, 0x00, 0x00, 0x92, 0x39, 0x09, 0x00, 0x23, 0x39, 0x09, 0x00, 0x23, 0x22, 0x03, 0x00,
    0xE5, 0xEE, 0x93, 0x00, 0x13, 0x22, 0xEE, 0x00, 0x13, 0x22, 0x33, 0x0E, 0x31, 0x11, 0x2E, 0xE3,
    0x00, 0xF0, 0x68, 0x86, 0x00, 0xF0, 0x66, 0xB6, 0x00, 0xF0, 0x68, 0xF3, 0x00, 0x8F, 0x8B, 0xFB,
    0x00, 0x8F, 0xB8, 0x8F, 0x00, 0x6F, 0x38, 0xBF, 0x00, 0x6F, 0xF8, 0xBB, 0x00, 0x6F, 0xF8, 0xBB,
    0x00, 0x6F, 0xF8, 0xBB, 0x00, 0x8F, 0xFB, 0xBB, 0xF0, 0x8B, 0xF3, 0xBB, 0xF0, 0x8B, 0xFB, 0xBF,
    0xF0, 0x88, 0xFB, 0xFB, 0xF0, 0xB8, 0xBF, 0xFB, 0xF0, 0x86, 0xBF, 0xBB, 0xF0, 0x86, 0xBF, 0xBB,
    0x00, 0x00, 0x22, 0x85, 0x00, 0x00, 0x25, 0x85, 0x00, 0x00, 0x35, 0x85, 0x00, 0x00, 0x35, 0x05,
    0x00, 0x00, 0x55, 0x83, 0x00, 0x00, 0x20, 0x85, 0x00, 0x00, 0x50, 0x85, 0x00, 0x00, 0x50, 0x08,
    0x00, 0x00, 0x80, 0x00, 0x00, 0x00, 0x00, 0x00, 0x00, 0x00, 0x00, 0x00, 0x00, 0x00, 0x00, 0x00,
    0x00, 0x00, 0x00, 0x00, 0x00, 0x00, 0x00, 0x00, 0x00, 0x00, 0x00, 0x00, 0x00, 0x00, 0x00, 0x00,
    0x00, 0x00, 0x3F, 0xF3, 0x00, 0x00, 0x2F, 0xF5, 0x00, 0x00, 0x2F, 0x8F, 0x00, 0x00, 0xF0, 0xFB,
    0x00, 0x00, 0xE0, 0xFF, 0x00, 0x00, 0xE0, 0x8F, 0x00, 0x00, 0xE0, 0x8F, 0x00, 0x00, 0xE0, 0x8F,
    0x0F, 0x00, 0x00, 0x00, 0xFF, 0x00, 0x00, 0x00, 0xFF, 0x0F, 0x00, 0x00, 0xFD, 0xFF, 0x00, 0x00,
    0xD8, 0xFF, 0x00, 0x00, 0xD8, 0xDD, 0x0F, 0x00, 0x88, 0xDD, 0xFD, 0x00, 0x85, 0xD8, 0xDD, 0x0F,
};
static const u16 sFrame83[] = {
    0x000D, 0x80C0, 0xC1F4, 0x0000, 0x80D8, 0x8014, 0x0020, 0x00B0, 0x41EC, 0x0028, 0x00C8, 0x41E4,
    0x002C, 0x00E8, 0x41E4, 0x0030, 0x00F8, 0x4014, 0x0034, 0x80E0, 0x4024, 0x0038, 0x8000, 0x400C,
    0x003C, 0x80B0, 0x01FC, 0x0040, 0x80D8, 0x01EC, 0x0042, 0x8020, 0x000C, 0x0044, 0x00C0, 0x01EC,
    0x0046, 0x00D0, 0x0014, 0x0047, 0x0000,
};
static const void* const sFrames83[] = { sFrame83 };

// One for each pose: a single picture, loaded into the boss's tile block when it shows.
const AnimDef gRogueSephirothPoses[84] = {
    { (void*)sFrames0, (void*)sPoseAnims, (void*)sTiles0, 0, { 0, 0, 0 } },
    { (void*)sFrames1, (void*)sPoseAnims, (void*)sTiles1, 0, { 0, 0, 0 } },
    { (void*)sFrames2, (void*)sPoseAnims, (void*)sTiles2, 0, { 0, 0, 0 } },
    { (void*)sFrames3, (void*)sPoseAnims, (void*)sTiles3, 0, { 0, 0, 0 } },
    { (void*)sFrames4, (void*)sPoseAnims, (void*)sTiles4, 0, { 0, 0, 0 } },
    { (void*)sFrames5, (void*)sPoseAnims, (void*)sTiles5, 0, { 0, 0, 0 } },
    { (void*)sFrames6, (void*)sPoseAnims, (void*)sTiles6, 0, { 0, 0, 0 } },
    { (void*)sFrames7, (void*)sPoseAnims, (void*)sTiles7, 0, { 0, 0, 0 } },
    { (void*)sFrames8, (void*)sPoseAnims, (void*)sTiles8, 0, { 0, 0, 0 } },
    { (void*)sFrames9, (void*)sPoseAnims, (void*)sTiles9, 0, { 0, 0, 0 } },
    { (void*)sFrames10, (void*)sPoseAnims, (void*)sTiles10, 0, { 0, 0, 0 } },
    { (void*)sFrames11, (void*)sPoseAnims, (void*)sTiles11, 0, { 0, 0, 0 } },
    { (void*)sFrames12, (void*)sPoseAnims, (void*)sTiles12, 0, { 0, 0, 0 } },
    { (void*)sFrames13, (void*)sPoseAnims, (void*)sTiles13, 0, { 0, 0, 0 } },
    { (void*)sFrames14, (void*)sPoseAnims, (void*)sTiles14, 0, { 0, 0, 0 } },
    { (void*)sFrames15, (void*)sPoseAnims, (void*)sTiles15, 0, { 0, 0, 0 } },
    { (void*)sFrames16, (void*)sPoseAnims, (void*)sTiles16, 0, { 0, 0, 0 } },
    { (void*)sFrames17, (void*)sPoseAnims, (void*)sTiles17, 0, { 0, 0, 0 } },
    { (void*)sFrames18, (void*)sPoseAnims, (void*)sTiles18, 0, { 0, 0, 0 } },
    { (void*)sFrames19, (void*)sPoseAnims, (void*)sTiles19, 0, { 0, 0, 0 } },
    { (void*)sFrames20, (void*)sPoseAnims, (void*)sTiles20, 0, { 0, 0, 0 } },
    { (void*)sFrames21, (void*)sPoseAnims, (void*)sTiles21, 0, { 0, 0, 0 } },
    { (void*)sFrames22, (void*)sPoseAnims, (void*)sTiles22, 0, { 0, 0, 0 } },
    { (void*)sFrames23, (void*)sPoseAnims, (void*)sTiles23, 0, { 0, 0, 0 } },
    { (void*)sFrames24, (void*)sPoseAnims, (void*)sTiles24, 0, { 0, 0, 0 } },
    { (void*)sFrames25, (void*)sPoseAnims, (void*)sTiles25, 0, { 0, 0, 0 } },
    { (void*)sFrames26, (void*)sPoseAnims, (void*)sTiles26, 0, { 0, 0, 0 } },
    { (void*)sFrames27, (void*)sPoseAnims, (void*)sTiles27, 0, { 0, 0, 0 } },
    { (void*)sFrames28, (void*)sPoseAnims, (void*)sTiles28, 0, { 0, 0, 0 } },
    { (void*)sFrames29, (void*)sPoseAnims, (void*)sTiles29, 0, { 0, 0, 0 } },
    { (void*)sFrames30, (void*)sPoseAnims, (void*)sTiles30, 0, { 0, 0, 0 } },
    { (void*)sFrames31, (void*)sPoseAnims, (void*)sTiles31, 0, { 0, 0, 0 } },
    { (void*)sFrames32, (void*)sPoseAnims, (void*)sTiles32, 0, { 0, 0, 0 } },
    { (void*)sFrames33, (void*)sPoseAnims, (void*)sTiles33, 0, { 0, 0, 0 } },
    { (void*)sFrames34, (void*)sPoseAnims, (void*)sTiles34, 0, { 0, 0, 0 } },
    { (void*)sFrames35, (void*)sPoseAnims, (void*)sTiles35, 0, { 0, 0, 0 } },
    { (void*)sFrames36, (void*)sPoseAnims, (void*)sTiles36, 0, { 0, 0, 0 } },
    { (void*)sFrames37, (void*)sPoseAnims, (void*)sTiles37, 0, { 0, 0, 0 } },
    { (void*)sFrames38, (void*)sPoseAnims, (void*)sTiles38, 0, { 0, 0, 0 } },
    { (void*)sFrames39, (void*)sPoseAnims, (void*)sTiles39, 0, { 0, 0, 0 } },
    { (void*)sFrames40, (void*)sPoseAnims, (void*)sTiles40, 0, { 0, 0, 0 } },
    { (void*)sFrames41, (void*)sPoseAnims, (void*)sTiles41, 0, { 0, 0, 0 } },
    { (void*)sFrames42, (void*)sPoseAnims, (void*)sTiles42, 0, { 0, 0, 0 } },
    { (void*)sFrames43, (void*)sPoseAnims, (void*)sTiles43, 0, { 0, 0, 0 } },
    { (void*)sFrames44, (void*)sPoseAnims, (void*)sTiles44, 0, { 0, 0, 0 } },
    { (void*)sFrames45, (void*)sPoseAnims, (void*)sTiles45, 0, { 0, 0, 0 } },
    { (void*)sFrames46, (void*)sPoseAnims, (void*)sTiles46, 0, { 0, 0, 0 } },
    { (void*)sFrames47, (void*)sPoseAnims, (void*)sTiles47, 0, { 0, 0, 0 } },
    { (void*)sFrames48, (void*)sPoseAnims, (void*)sTiles48, 0, { 0, 0, 0 } },
    { (void*)sFrames49, (void*)sPoseAnims, (void*)sTiles49, 0, { 0, 0, 0 } },
    { (void*)sFrames50, (void*)sPoseAnims, (void*)sTiles50, 0, { 0, 0, 0 } },
    { (void*)sFrames51, (void*)sPoseAnims, (void*)sTiles51, 0, { 0, 0, 0 } },
    { (void*)sFrames52, (void*)sPoseAnims, (void*)sTiles52, 0, { 0, 0, 0 } },
    { (void*)sFrames53, (void*)sPoseAnims, (void*)sTiles53, 0, { 0, 0, 0 } },
    { (void*)sFrames54, (void*)sPoseAnims, (void*)sTiles54, 0, { 0, 0, 0 } },
    { (void*)sFrames55, (void*)sPoseAnims, (void*)sTiles55, 0, { 0, 0, 0 } },
    { (void*)sFrames56, (void*)sPoseAnims, (void*)sTiles56, 0, { 0, 0, 0 } },
    { (void*)sFrames57, (void*)sPoseAnims, (void*)sTiles57, 0, { 0, 0, 0 } },
    { (void*)sFrames58, (void*)sPoseAnims, (void*)sTiles58, 0, { 0, 0, 0 } },
    { (void*)sFrames59, (void*)sPoseAnims, (void*)sTiles59, 0, { 0, 0, 0 } },
    { (void*)sFrames60, (void*)sPoseAnims, (void*)sTiles60, 0, { 0, 0, 0 } },
    { (void*)sFrames61, (void*)sPoseAnims, (void*)sTiles61, 0, { 0, 0, 0 } },
    { (void*)sFrames62, (void*)sPoseAnims, (void*)sTiles62, 0, { 0, 0, 0 } },
    { (void*)sFrames63, (void*)sPoseAnims, (void*)sTiles63, 0, { 0, 0, 0 } },
    { (void*)sFrames64, (void*)sPoseAnims, (void*)sTiles64, 0, { 0, 0, 0 } },
    { (void*)sFrames65, (void*)sPoseAnims, (void*)sTiles65, 0, { 0, 0, 0 } },
    { (void*)sFrames66, (void*)sPoseAnims, (void*)sTiles66, 0, { 0, 0, 0 } },
    { (void*)sFrames67, (void*)sPoseAnims, (void*)sTiles67, 0, { 0, 0, 0 } },
    { (void*)sFrames68, (void*)sPoseAnims, (void*)sTiles68, 0, { 0, 0, 0 } },
    { (void*)sFrames69, (void*)sPoseAnims, (void*)sTiles69, 0, { 0, 0, 0 } },
    { (void*)sFrames70, (void*)sPoseAnims, (void*)sTiles70, 0, { 0, 0, 0 } },
    { (void*)sFrames71, (void*)sPoseAnims, (void*)sTiles71, 0, { 0, 0, 0 } },
    { (void*)sFrames72, (void*)sPoseAnims, (void*)sTiles72, 0, { 0, 0, 0 } },
    { (void*)sFrames73, (void*)sPoseAnims, (void*)sTiles73, 0, { 0, 0, 0 } },
    { (void*)sFrames74, (void*)sPoseAnims, (void*)sTiles74, 0, { 0, 0, 0 } },
    { (void*)sFrames75, (void*)sPoseAnims, (void*)sTiles75, 0, { 0, 0, 0 } },
    { (void*)sFrames76, (void*)sPoseAnims, (void*)sTiles76, 0, { 0, 0, 0 } },
    { (void*)sFrames77, (void*)sPoseAnims, (void*)sTiles77, 0, { 0, 0, 0 } },
    { (void*)sFrames78, (void*)sPoseAnims, (void*)sTiles78, 0, { 0, 0, 0 } },
    { (void*)sFrames79, (void*)sPoseAnims, (void*)sTiles79, 0, { 0, 0, 0 } },
    { (void*)sFrames80, (void*)sPoseAnims, (void*)sTiles80, 0, { 0, 0, 0 } },
    { (void*)sFrames81, (void*)sPoseAnims, (void*)sTiles81, 0, { 0, 0, 0 } },
    { (void*)sFrames82, (void*)sPoseAnims, (void*)sTiles82, 0, { 0, 0, 0 } },
    { (void*)sFrames83, (void*)sPoseAnims, (void*)sTiles83, 0, { 0, 0, 0 } },
};

static const RogueClipStep sClip_idle[] = {
    { 0, 7, 0, 0, 0, 0 },
    { 1, 7, 0, 0, 0, 0 },
    { 2, 7, 0, 0, 0, 0 },
    { 3, 7, 0, 0, 0, 0 },
    { 4, 7, 0, 0, 0, 0 },
    { 3, 7, 0, 0, 0, 0 },
    { 2, 7, 0, 0, 0, 0 },
    { 1, 7, 0, 0, 0, 0 },
    { 0, 0, 0, 0, 0, 0 },
};
static const RogueClipStep sClip_run[] = {
    { 5, 4, 0, 0, 0, 0 },
    { 6, 4, 0, 0, 0, 0 },
    { 7, 4, 0, 0, 0, 0 },
    { 8, 4, 0, 0, 0, 0 },
    { 9, 4, 0, 0, 0, 0 },
    { 10, 4, 0, 0, 0, 0 },
    { 11, 4, 0, 0, 0, 0 },
    { 12, 4, 0, 0, 0, 0 },
    { 0, 0, 0, 0, 0, 0 },
};
static const RogueClipStep sClip_hurt[] = {
    { 13, 6, 0, 0, 0, 0 },
    { 14, 12, 0, 0, 0, 0 },
    { 0, 0, 0, 0, 0, 0 },
};
static const RogueClipStep sClip_down[] = {
    { 15, 30, 0, 0, 0, 0 },
    { 0, 0, 0, 0, 0, 0 },
};
static const RogueClipStep sClip_guard[] = {
    { 16, 20, 0, 0, 0, 0 },
    { 0, 0, 0, 0, 0, 0 },
};
static const RogueClipStep sClip_slash[] = {
    { 17, 8, 0, 0, 0, 0 },
    { 18, 5, 3, 0, 1, 70 },
    { 19, 5, 0, 0, 0, 0 },
    { 20, 5, 2, 0, 1, 60 },
    { 21, 5, 0, 0, 0, 0 },
    { 22, 4, 0, 0, 0, 0 },
    { 23, 6, 2, 0, 3, 80 },
    { 24, 10, 0, 0, 0, 0 },
    { 0, 0, 0, 0, 0, 0 },
};
static const RogueClipStep sClip_sweep[] = {
    { 25, 8, 0, 0, 0, 0 },
    { 26, 5, 2, 0, 1, 80 },
    { 27, 5, 0, 0, 0, 0 },
    { 28, 6, 0, 0, 1, 80 },
    { 29, 10, 0, 0, 0, 0 },
    { 0, 0, 0, 0, 0, 0 },
};
static const RogueClipStep sClip_rise[] = {
    { 30, 8, 0, 0, 0, 0 },
    { 31, 4, 4, 0, 0, 0 },
    { 32, 5, 0, 0, 1, 60 },
    { 33, 5, 3, 0, 0, 0 },
    { 34, 6, 0, 0, 3, 70 },
    { 35, 12, 0, 0, 0, 0 },
    { 0, 0, 0, 0, 0, 0 },
};
static const RogueClipStep sClip_thrust[] = {
    { 36, 4, 7, 0, 0, 0 },
    { 37, 5, 7, 0, 0, 0 },
    { 38, 5, 3, 0, 0, 0 },
    { 39, 10, 0, 0, 3, 100 },
    { 40, 8, 0, 0, 0, 0 },
    { 0, 0, 0, 0, 0, 0 },
};
static const RogueClipStep sClip_flash[] = {
    { 41, 26, 0, 0, 0, 0 },
    { 42, 3, 0, 0, 2, 1 },
    { 43, 6, 0, 0, 3, 90 },
    { 43, 16, 0, 0, 0, 0 },
    { 0, 0, 0, 0, 0, 0 },
};
static const RogueClipStep sClip_plunge[] = {
    { 44, 12, 0, 5, 2, 2 },
    { 45, 6, 0, -10, 0, 0 },
    { 46, 6, 0, 0, 2, 3 },
    { 47, 8, 0, 0, 0, 0 },
    { 48, 12, 0, 0, 0, 0 },
    { 0, 0, 0, 0, 0, 0 },
};
static const RogueClipStep sClip_flare[] = {
    { 49, 5, 0, 0, 0, 0 },
    { 50, 5, 0, 0, 0, 0 },
    { 51, 6, 0, 0, 0, 0 },
    { 52, 6, 0, 0, 0, 0 },
    { 53, 24, 0, 0, 2, 4 },
    { 49, 8, 0, 0, 0, 0 },
    { 0, 0, 0, 0, 0, 0 },
};
static const RogueClipStep sClip_wave[] = {
    { 54, 12, 0, 0, 0, 0 },
    { 55, 4, 0, 0, 0, 0 },
    { 56, 12, 0, 0, 2, 5 },
    { 57, 10, 0, 0, 0, 0 },
    { 0, 0, 0, 0, 0, 0 },
};
static const RogueClipStep sClip_angel[] = {
    { 58, 6, 0, 2, 2, 6 },
    { 59, 6, 0, 2, 0, 0 },
    { 60, 6, 0, 2, 0, 0 },
    { 61, 6, 0, 2, 0, 0 },
    { 62, 6, 0, 0, 0, 0 },
    { 63, 6, 0, 0, 0, 0 },
    { 64, 6, 0, 0, 0, 0 },
    { 65, 6, 0, 0, 0, 0 },
    { 62, 6, 0, 0, 0, 0 },
    { 63, 6, 0, 0, 0, 0 },
    { 64, 6, 0, 0, 0, 0 },
    { 65, 6, 0, 0, 0, 0 },
    { 62, 6, 0, 0, 0, 0 },
    { 63, 6, 0, 0, 0, 0 },
    { 64, 6, 0, 0, 0, 0 },
    { 65, 6, 0, 0, 0, 0 },
    { 62, 6, 0, 0, 0, 0 },
    { 63, 6, 0, 0, 0, 0 },
    { 64, 6, 0, 0, 0, 0 },
    { 65, 6, 0, 0, 0, 0 },
    { 62, 6, 0, 0, 0, 0 },
    { 63, 6, 0, 0, 0, 0 },
    { 64, 6, 0, 0, 0, 0 },
    { 65, 6, 0, 0, 0, 0 },
    { 62, 8, 0, 0, 2, 7 },
    { 58, 10, 0, -5, 0, 0 },
    { 0, 0, 0, 0, 0, 0 },
};
static const RogueClipStep sClip_octa[] = {
    { 66, 4, 0, 0, 0, 0 },
    { 67, 4, 0, 0, 0, 0 },
    { 68, 4, 0, 0, 0, 0 },
    { 69, 4, 0, 0, 0, 0 },
    { 66, 4, 0, 0, 0, 0 },
    { 67, 4, 0, 0, 0, 0 },
    { 68, 4, 0, 0, 0, 0 },
    { 69, 4, 0, 0, 0, 0 },
    { 70, 4, 0, 0, 4, 70 },
    { 71, 3, 0, 0, 0, 0 },
    { 72, 4, 0, 0, 4, 70 },
    { 73, 3, 0, 0, 0, 0 },
    { 26, 4, 0, 0, 4, 80 },
    { 23, 3, 0, 0, 0, 0 },
    { 32, 4, 0, 0, 4, 60 },
    { 39, 3, 0, 0, 0, 0 },
    { 70, 4, 0, 0, 4, 70 },
    { 28, 3, 0, 0, 0, 0 },
    { 72, 4, 0, 0, 4, 70 },
    { 73, 3, 0, 0, 0, 0 },
    { 18, 4, 0, 0, 4, 70 },
    { 34, 8, 0, 0, 4, 80 },
    { 35, 16, 0, 0, 0, 0 },
    { 0, 0, 0, 0, 0, 0 },
};
static const RogueClipStep sClip_wing[] = {
    { 74, 6, 0, 0, 0, 0 },
    { 75, 6, 0, 0, 0, 0 },
    { 76, 6, 0, 0, 0, 0 },
    { 77, 8, 0, 0, 0, 0 },
    { 78, 8, 0, 0, 0, 0 },
    { 79, 14, 0, 0, 2, 9 },
    { 80, 8, 0, 0, 0, 0 },
    { 81, 8, 0, 0, 0, 0 },
    { 82, 8, 0, 0, 0, 0 },
    { 83, 12, 0, 0, 0, 0 },
    { 0, 0, 0, 0, 0, 0 },
};
const RogueClipStep* const gRogueSephirothClips[ROGUE_SEPHIROTH_CLIPS] = {
    sClip_idle, sClip_run, sClip_hurt, sClip_down, sClip_guard, sClip_slash, sClip_sweep, sClip_rise, sClip_thrust, sClip_flash, sClip_plunge, sClip_flare, sClip_wave, sClip_angel, sClip_octa, sClip_wing,
};

const u8 gRogueFxWaveTiles[416] __attribute__((aligned(4))) = {
    0x00, 0x00, 0x00, 0x00, 0x00, 0x00, 0x00, 0x00, 0x00, 0x00, 0x00, 0x00, 0x00, 0x00, 0x00, 0x00,
    0x00, 0x00, 0x00, 0xF0, 0x00, 0x00, 0x00, 0xDE, 0x00, 0x00, 0xC0, 0x9F, 0x00, 0x00, 0xF0, 0x7B,
    0x00, 0xC0, 0xEF, 0x00, 0x00, 0xFE, 0xFE, 0x0C, 0xFA, 0xBD, 0xDB, 0x0F, 0xCF, 0xAB, 0xCB, 0xCF,
    0x9C, 0x88, 0xCB, 0xFE, 0x79, 0x87, 0xDB, 0x0F, 0x67, 0x87, 0xDB, 0x0F, 0x66, 0x97, 0xDB, 0x0F,
    0x00, 0x00, 0xDD, 0x68, 0x00, 0x00, 0xAF, 0x47, 0x00, 0xD0, 0x8D, 0x45, 0x00, 0xF0, 0x5A, 0x33,
    0x00, 0xE0, 0x48, 0x43, 0x00, 0xCD, 0x37, 0x43, 0x00, 0x9F, 0x35, 0x43, 0x00, 0x8E, 0x24, 0x43,
    0x66, 0x97, 0xDB, 0x0E, 0x64, 0x87, 0xCB, 0x0F, 0x64, 0x87, 0xDB, 0x0F, 0x64, 0x97, 0xFB, 0x0C,
    0x66, 0x97, 0xFB, 0x0C, 0x66, 0x97, 0xFB, 0x0C, 0x66, 0x97, 0xEB, 0x0C, 0x66, 0x97, 0xEC, 0x0E,
    0xC0, 0x7C, 0x23, 0x43, 0xE0, 0x5A, 0x22, 0x43, 0xF0, 0x38, 0x22, 0x43, 0xE0, 0x37, 0x21, 0x32,
    0xDC, 0x25, 0x11, 0x32, 0xCC, 0x25, 0x11, 0x21, 0xBD, 0x15, 0x11, 0x21, 0x9E, 0x13, 0x11, 0x11,
    0x66, 0x97, 0xFC, 0x0C, 0x66, 0x97, 0xEB, 0x0D, 0x66, 0x97, 0xFC, 0x0C, 0x64, 0x98, 0xFC, 0x00,
    0x54, 0xC8, 0xCF, 0x00, 0x53, 0xA8, 0xCF, 0x00, 0x53, 0xC8, 0xEF, 0x00, 0x53, 0xC9, 0x0F, 0x00,
    0x9F, 0x13, 0x11, 0x11, 0x9F, 0x13, 0x11, 0x11, 0x9F, 0x13, 0x11, 0x11, 0x9F, 0x13, 0x11, 0x11,
    0xAE, 0x13, 0x11, 0x11, 0xBD, 0x15, 0x11, 0x21, 0xCC, 0x25, 0x11, 0x21, 0xDA, 0x27, 0x11, 0x32,
    0x53, 0xA8, 0xEE, 0x00, 0x53, 0xC9, 0xCF, 0x00, 0x53, 0xC9, 0xCF, 0x00, 0x53, 0xC9, 0xCF, 0x00,
    0x53, 0xC8, 0xCE, 0x00, 0x53, 0xC8, 0xEE, 0x00, 0x53, 0xC8, 0xEE, 0x00, 0x54, 0xC8, 0xCF, 0x00,
    0xE0, 0x38, 0x21, 0x32, 0xE0, 0x39, 0x22, 0x43, 0xE0, 0x5A, 0x22, 0x43, 0xC0, 0x7D, 0x23, 0x43,
    0x00, 0x8E, 0x24, 0x43, 0x00, 0xAE, 0x35, 0x43, 0x00, 0xDC, 0x37, 0x43, 0x00, 0xE0, 0x58, 0x43,
    0x64, 0xA8, 0xFE, 0x00, 0x66, 0xA7, 0xFE, 0x00, 0x66, 0x97, 0xFD, 0x0C, 0x66, 0x97, 0xEB, 0x0F,
    0x66, 0xA8, 0xEC, 0x0E, 0x66, 0x97, 0xEB, 0x0D, 0x66, 0x97, 0xEB, 0x0E, 0x66, 0x97, 0xDB, 0x0F,
    0x00, 0xE0, 0x7A, 0x33, 0x00, 0xC0, 0x8D, 0x45, 0x00, 0x00, 0xAF, 0x47, 0x00, 0x00, 0xDD, 0x68,
    0x00, 0x00, 0xF0, 0x8B, 0x00, 0x00, 0xC0, 0xAF, 0x00, 0x00, 0x00, 0xEE, 0x00, 0x00, 0x00, 0xF0,
    0x65, 0x97, 0xDB, 0x0F, 0x64, 0x97, 0xDB, 0x0F, 0x64, 0x87, 0xDB, 0x0F, 0x66, 0x87, 0xDB, 0x0F,
    0x66, 0x97, 0xCB, 0xCF, 0x67, 0x97, 0xCB, 0x0F, 0x79, 0x87, 0xCB, 0x0F, 0x9D, 0x88, 0xCB, 0xDE,
    0xDF, 0xBB, 0xCB, 0xEF, 0xF0, 0xCE, 0xDC, 0x0F, 0x00, 0xFE, 0xFE, 0x0A, 0x00, 0xA0, 0xCF, 0x00,
    0x00, 0x00, 0x00, 0x00, 0x00, 0x00, 0x00, 0x00, 0x00, 0x00, 0x00, 0x00, 0x00, 0x00, 0x00, 0x00,
};
const u16 gRogueFxWavePalette[16] = {
    0x7C1F, 0x7BDD, 0x7BBA, 0x7354, 0x772C, 0x626B, 0x6A42, 0x51A4,
    0x4144, 0x30E3, 0x2CC3, 0x2882, 0x1882, 0x1461, 0x0C41, 0x0820,
};
static const u16 sFxWaveFrame0[] = {
    0x0003, 0x80E6, 0x81F8, 0x0000, 0x0006, 0x41F8, 0x0008, 0x0016, 0x0000, 0x000C, 0x0000,
};
const void* const gRogueFxWaveFrames[] = { sFxWaveFrame0 };
static const u16 sFxWaveAnim[] = {
    0x0040, 0x0040, 0x0001, 0x0000, 0x003C,
};
const void* const gRogueFxWaveAnims[] = { sFxWaveAnim };

