// Generated by tools/rogue_actors.py from mod_assets/sora_kh2_ultimate.png. Do not edit.
#include "rogue.h"
#include "anim.h"
#include "rogue_actor_art.h"

const u16 gRogueSoraKh2ActorPalette[16] = {
    0x4907, 0x7BDC, 0x33DF, 0x32DD, 0x5673, 0x15D6, 0x050E, 0x04D2,
    0x3548, 0x004F, 0x048A, 0x0424, 0x1062, 0x0C21, 0x1481, 0x0000,
};

static const u16 sPoseAnim[] = { 0x0040, 0x0040, 0x0001, 0x0000, 0x00FF };
static const void* const sPoseAnims[] = { sPoseAnim };

static const u8 sTiles0[992] __attribute__((aligned(4))) = {
    0x00, 0x5B, 0xB5, 0x65, 0x00, 0x6B, 0xBB, 0xB5, 0x00, 0x00, 0xB0, 0xB6, 0x00, 0x00, 0x00, 0x3B,
    0x00, 0x00, 0xF0, 0x5F, 0x00, 0x00, 0x8F, 0xF4, 0x00, 0x00, 0xFF, 0x4F, 0x00, 0x00, 0xF0, 0xF8,
    0x6A, 0xA6, 0x65, 0x66, 0xB6, 0x66, 0x5A, 0x65, 0xB5, 0x66, 0xA6, 0x6A, 0x83, 0xB8, 0x66, 0xAB,
    0x83, 0x51, 0x6B, 0xBB, 0x35, 0x75, 0xBB, 0x0B, 0x7F, 0xB7, 0x4B, 0xFF, 0xF4, 0x7B, 0x8F, 0x8F,
    0xA6, 0xB6, 0x00, 0x00, 0xA6, 0xBB, 0x00, 0x00, 0xB6, 0x00, 0x00, 0x00, 0xBA, 0x00, 0x00, 0x00,
    0x0B, 0x00, 0x00, 0x00, 0x00, 0x00, 0x00, 0x00, 0x00, 0x00, 0x00, 0x00, 0x0F, 0x00, 0x00, 0x00,
    0x00, 0x00, 0x00, 0x00, 0x00, 0x00, 0x00, 0x00, 0x00, 0x00, 0x00, 0x00, 0x00, 0x00, 0x00, 0x00,
    0x00, 0x00, 0x00, 0x00, 0x00, 0x00, 0x00, 0x00, 0x00, 0x00, 0x00, 0xE0, 0x00, 0x00, 0x00, 0xE0,
    0x00, 0x00, 0x4F, 0x84, 0x00, 0x00, 0x4F, 0x84, 0x00, 0x00, 0x8F, 0xD8, 0x00, 0x00, 0xDF, 0x11,
    0x00, 0x00, 0x4F, 0x55, 0x00, 0xFF, 0x7F, 0x33, 0xF0, 0x7F, 0x79, 0x35, 0x7F, 0xF7, 0x7F, 0x35,
    0x8F, 0x5F, 0xFD, 0x48, 0xFD, 0xFD, 0xF8, 0x8D, 0xFD, 0xD4, 0xF4, 0xDD, 0xF4, 0x84, 0xF1, 0xD4,
    0xD7, 0x41, 0xF1, 0x4D, 0xD7, 0x71, 0x49, 0x57, 0x75, 0x94, 0x7F, 0x55, 0x53, 0xF7, 0x5F, 0x22,
    0x0F, 0x00, 0x00, 0x00, 0xF8, 0x00, 0x00, 0x00, 0xFD, 0x00, 0x00, 0x00, 0xFD, 0x00, 0x00, 0x00,
    0xF4, 0x00, 0x00, 0x00, 0xF7, 0xFF, 0x00, 0x00, 0xF7, 0x99, 0x0F, 0x80, 0x75, 0xFF, 0x8F, 0x48,
    0x00, 0x00, 0x00, 0xE0, 0x00, 0x00, 0x00, 0xE0, 0x00, 0x00, 0x00, 0xE0, 0x00, 0x00, 0x00, 0xE8,
    0x00, 0x00, 0x88, 0x44, 0x80, 0x88, 0x14, 0x41, 0x48, 0x11, 0x41, 0xEE, 0x11, 0x84, 0xEE, 0x00,
    0x9F, 0x99, 0xD5, 0x77, 0xCC, 0xCC, 0x2C, 0xBD, 0x44, 0xC4, 0xFC, 0x5B, 0xCC, 0x4C, 0xD8, 0x5B,
    0xCF, 0xCC, 0x8C, 0xBD, 0xF5, 0xCC, 0xDD, 0xBF, 0x53, 0xFF, 0xFD, 0xE0, 0x37, 0xF7, 0x0F, 0x8E,
    0x55, 0x4F, 0x7F, 0x5B, 0xF7, 0xC1, 0xF5, 0xBF, 0x4F, 0x2D, 0xC8, 0xFD, 0xF5, 0xC2, 0xD4, 0x7D,
    0xF5, 0x1C, 0xCC, 0x5D, 0xF5, 0x14, 0x84, 0xFC, 0x27, 0x4F, 0xDC, 0xB5, 0x5B, 0xF7, 0x7F, 0x57,
    0x52, 0xCB, 0x48, 0x11, 0x7B, 0x75, 0x88, 0xE8, 0x2B, 0x52, 0xEE, 0xFE, 0x52, 0xB7, 0xFB, 0xFC,
    0xBB, 0xB5, 0x77, 0x0F, 0x5B, 0x72, 0x75, 0x00, 0x57, 0x72, 0x73, 0x00, 0x22, 0xB7, 0x73, 0x00,
    0xE4, 0xEE, 0x00, 0x00, 0x0E, 0x00, 0x00, 0x00, 0x00, 0x00, 0x00, 0x00, 0x00, 0x00, 0x00, 0x00,
    0x00, 0x00, 0x00, 0x00, 0x00, 0x00, 0x00, 0x00, 0x00, 0x00, 0x00, 0x00, 0x00, 0x00, 0x00, 0x00,
    0x37, 0x75, 0x00, 0x4E, 0xBB, 0x75, 0x0B, 0x80, 0x72, 0xB7, 0xB5, 0x40, 0x57, 0x22, 0xB5, 0x00,
    0x57, 0x75, 0x0B, 0x00, 0xDD, 0xDD, 0x0F, 0xEE, 0x2D, 0xD5, 0xE5, 0xE4, 0xDD, 0xDD, 0xED, 0x18,
    0x7B, 0x52, 0x57, 0x22, 0xB0, 0x27, 0x22, 0xB5, 0x00, 0x5B, 0x55, 0x0B, 0x08, 0xB0, 0x7B, 0x00,
    0x04, 0x00, 0x00, 0x00, 0xE8, 0x00, 0x00, 0x00, 0x1E, 0x0E, 0x00, 0x00, 0x84, 0x0E, 0x00, 0x00,
    0xB5, 0x7B, 0x75, 0x0B, 0x07, 0x7B, 0x77, 0xB5, 0x00, 0x5B, 0x22, 0xB5, 0x00, 0x5B, 0x55, 0xB5,
    0x00, 0xF0, 0xDD, 0xDD, 0x00, 0xF0, 0xD5, 0x5D, 0x00, 0xF0, 0x52, 0x2D, 0x00, 0xF0, 0xDD, 0xDD,
    0x00, 0x00, 0x00, 0x00, 0x00, 0x00, 0x00, 0x00, 0x00, 0x00, 0x00, 0x00, 0x00, 0xFF, 0xFF, 0x0F,
    0xFF, 0x4C, 0xC8, 0xFC, 0xC2, 0xCC, 0x4C, 0xCC, 0xCD, 0xCC, 0x8C, 0xCC, 0xDD, 0xDD, 0x4D, 0x48,
    0x8F, 0x84, 0x84, 0xDD, 0xF0, 0xFF, 0xFF, 0x84, 0x00, 0xF0, 0xFF, 0xFF, 0x00, 0x00, 0x00, 0x00,
    0x00, 0x00, 0x00, 0x00, 0x00, 0x00, 0x00, 0x00, 0x00, 0x00, 0x00, 0x00, 0x00, 0x00, 0x00, 0x00,
    0xDD, 0x84, 0xF4, 0x8E, 0x84, 0xFF, 0x0F, 0xE0, 0xFF, 0x00, 0x00, 0x00, 0x00, 0x00, 0x00, 0x00,
    0x00, 0x00, 0x00, 0x00, 0x00, 0x00, 0x00, 0x00, 0x00, 0x00, 0x00, 0x00, 0x00, 0x00, 0x00, 0x00,
    0xE8, 0x00, 0x00, 0x00, 0x0E, 0x00, 0x00, 0x00, 0x00, 0x00, 0x00, 0x00, 0x00, 0x00, 0x00, 0x00,
    0x00, 0x00, 0x00, 0x00, 0x00, 0x00, 0x00, 0x00, 0x00, 0x00, 0x00, 0x00, 0x00, 0x00, 0x00, 0x00,
    0x00, 0xF0, 0x84, 0x84, 0x00, 0x00, 0xFF, 0xFF, 0x00, 0x00, 0x00, 0x00, 0x00, 0x00, 0x00, 0x00,
    0x00, 0x00, 0x00, 0x00, 0x00, 0x00, 0x00, 0x00, 0x00, 0x00, 0x00, 0x00, 0x00, 0x00, 0x00, 0x00,
    0x00, 0xB0, 0xB5, 0x0B, 0x00, 0x00, 0x65, 0xB6, 0x00, 0x00, 0x6B, 0x55, 0x00, 0x00, 0xB0, 0x56,
    0x00, 0xB0, 0x6B, 0x55, 0x00, 0x6B, 0x55, 0x55, 0x00, 0xA0, 0x5A, 0xA5, 0x00, 0xA0, 0x55, 0x55,
    0x00, 0xBB, 0xBB, 0x00, 0x66, 0x66, 0x66, 0xA6, 0x6A, 0x56, 0x55, 0x66, 0xA5, 0x66, 0x55, 0x65,
    0xA5, 0x6A, 0x56, 0x65, 0x55, 0x65, 0x66, 0x66, 0x55, 0x66, 0x66, 0x56, 0x6A, 0x56, 0x66, 0xA6,
    0xE4, 0x14, 0x44, 0xE4, 0x41, 0x11, 0x84, 0x48, 0x41, 0x88, 0x18, 0x41, 0x88, 0x14, 0x84, 0xEE,
    0x11, 0xE4, 0xEE, 0x00, 0xE8, 0x0E, 0x00, 0x00, 0x0E, 0x00, 0x00, 0x00, 0x00, 0x00, 0x00, 0x00,
    0x00, 0x00, 0x00, 0x00, 0x0E, 0x00, 0x00, 0x00, 0x0E, 0x00, 0x00, 0x00, 0x00, 0x00, 0x00, 0x00,
    0x00, 0x00, 0x00, 0x00, 0x00, 0x00, 0x00, 0x00, 0x00, 0x00, 0x00, 0x00, 0x00, 0x00, 0x00, 0x00,
    0xDD, 0x8D, 0x84, 0xFF, 0x84, 0xF4, 0xFF, 0x0F, 0xFF, 0xFF, 0x00, 0x00, 0x00, 0x00, 0x00, 0x00,
    0x00, 0x00, 0x00, 0x00, 0x00, 0x00, 0x00, 0x00, 0x00, 0x00, 0x00, 0x00, 0x00, 0x00, 0x00, 0x00,
    0x0F, 0x00, 0x00, 0x00, 0x00, 0x00, 0x00, 0x00, 0x00, 0x00, 0x00, 0x00, 0x00, 0x00, 0x00, 0x00,
    0x00, 0x00, 0x00, 0x00, 0x00, 0x00, 0x00, 0x00, 0x00, 0x00, 0x00, 0x00, 0x00, 0x00, 0x00, 0x00,
    0x00, 0x00, 0x00, 0x00, 0x00, 0x00, 0x00, 0xF0, 0x00, 0x00, 0x00, 0x8F, 0x00, 0x00, 0xF0, 0xCC,
    0x00, 0x00, 0xF0, 0xFF, 0x00, 0x00, 0x00, 0x7F, 0x00, 0x00, 0x00, 0x70, 0x00, 0x00, 0x00, 0x00,
    0x00, 0x00, 0x00, 0x00, 0x00, 0x00, 0x00, 0x00, 0x00, 0x00, 0x00, 0xB0, 0x00, 0x00, 0x00, 0xB0,
    0x00, 0xFF, 0xFF, 0xFF, 0xF0, 0xCC, 0x84, 0x5C, 0xCF, 0x8C, 0xCC, 0xCC, 0xCF, 0x4C, 0xCC, 0xDC,
    0x00, 0x00, 0x00, 0x00, 0x00, 0x00, 0x00, 0x00, 0xBB, 0x00, 0x00, 0x00, 0xAA, 0x0B, 0x00, 0x00,
    0xA6, 0xBA, 0x00, 0x00, 0x66, 0x66, 0x0B, 0x00, 0x65, 0x06, 0x00, 0x00, 0x6A, 0x0B, 0x00, 0x00,
    0x00, 0x00, 0x00, 0x00, 0x00, 0x00, 0x00, 0x00, 0x00, 0x00, 0x00, 0x00, 0x00, 0x00, 0x00, 0x00,
    0x00, 0x00, 0x00, 0x00, 0x00, 0x00, 0xEE, 0x00, 0x0E, 0xE0, 0x41, 0x0E, 0xE8, 0x8E, 0x1E, 0xE8,
    0x00, 0x00, 0x00, 0x00, 0x00, 0x00, 0x00, 0x00, 0x00, 0x00, 0x00, 0x00, 0x00, 0x00, 0x00, 0x00,
    0x00, 0x00, 0x00, 0x00, 0x0F, 0x00, 0x00, 0x00, 0x0F, 0x00, 0x00, 0x00, 0x0F, 0x00, 0x00, 0x00,
};
static const u16 sFrame0[] = {
    0x0009, 0x00DD, 0x81FC, 0x0000, 0x40FD, 0x41F4, 0x0010, 0x40D5, 0x01FC, 0x0014, 0x40E5, 0x001C,
    0x0016, 0x40FD, 0x0014, 0x0018, 0x80ED, 0x01F4, 0x001A, 0x00D5, 0x000C, 0x001C, 0x00DD, 0x001C,
    0x001D, 0x00F5, 0x001C, 0x001E, 0x0000,
};
static const void* const sFrames0[] = { sFrame0 };
static const u8 sTiles1[992] __attribute__((aligned(4))) = {
    0xB0, 0x55, 0x55, 0xA5, 0xB0, 0x56, 0x5B, 0xA6, 0x00, 0xB0, 0x5B, 0x6B, 0x00, 0x00, 0x6B, 0x5B,
    0x00, 0x00, 0xBF, 0x33, 0x00, 0xF0, 0xF8, 0x35, 0x00, 0xF0, 0x48, 0x5F, 0x00, 0x00, 0xFF, 0xF4,
    0x66, 0x65, 0x66, 0xAA, 0x66, 0x5A, 0x65, 0x66, 0x6B, 0xA6, 0x56, 0x65, 0x6B, 0x66, 0xAA, 0x66,
    0x88, 0x6B, 0xB6, 0xBA, 0x18, 0xB5, 0x6B, 0x0B, 0x53, 0xB7, 0xBB, 0x00, 0x77, 0xBB, 0xF4, 0x0F,
    0xB6, 0xBB, 0x00, 0x00, 0x6A, 0x0B, 0x00, 0x00, 0xBA, 0x00, 0x00, 0x00, 0x0B, 0x00, 0x00, 0x00,
    0x00, 0x00, 0x00, 0x00, 0x00, 0x00, 0x00, 0x00, 0x00, 0x00, 0x00, 0x00, 0x00, 0x00, 0x00, 0x00,
    0x00, 0x00, 0x00, 0x00, 0x00, 0x00, 0x00, 0x00, 0x00, 0x00, 0x00, 0x00, 0x00, 0x00, 0x00, 0x00,
    0x00, 0x00, 0x00, 0xEE, 0x00, 0x00, 0x00, 0x8E, 0x00, 0x00, 0x00, 0x1E, 0x00, 0x00, 0x00, 0x1E,
    0x00, 0x00, 0x8F, 0x4F, 0x00, 0xF0, 0x44, 0xF8, 0x00, 0xF0, 0x48, 0x84, 0x00, 0xF0, 0x8D, 0xD8,
    0x00, 0xF0, 0xDD, 0x41, 0x00, 0xF0, 0x14, 0x75, 0xFF, 0xFF, 0x57, 0x53, 0xF7, 0x9F, 0x7D, 0x35,
    0xBF, 0xF7, 0xF8, 0xF8, 0xF8, 0xD5, 0xDF, 0x48, 0xDF, 0x8F, 0xDF, 0x8D, 0x4F, 0x4D, 0xDF, 0xDD,
    0x1F, 0x18, 0xFF, 0x44, 0x1F, 0x77, 0xD1, 0xDD, 0x77, 0x74, 0x49, 0x77, 0x53, 0x97, 0x7D, 0x25,
    0x00, 0x00, 0x00, 0x00, 0x0D, 0x00, 0x00, 0x00, 0x0F, 0x00, 0x00, 0x00, 0x0F, 0x00, 0x00, 0x00,
    0xF4, 0x00, 0x00, 0x00, 0xFD, 0x00, 0x00, 0x80, 0xD7, 0x0F, 0x80, 0x18, 0x72, 0xE7, 0x88, 0x41,
    0x00, 0x00, 0x00, 0x4E, 0x00, 0x00, 0x00, 0x8E, 0x00, 0x00, 0x80, 0x18, 0x00, 0x80, 0x18, 0x41,
    0x80, 0x18, 0x41, 0xE8, 0x18, 0x41, 0xE8, 0x0E, 0x41, 0xE8, 0x0E, 0x00, 0xE8, 0x0E, 0x00, 0x00,
    0x79, 0xD7, 0x5D, 0x77, 0x9C, 0x59, 0xDD, 0xF5, 0x44, 0xCC, 0x22, 0xFD, 0xCC, 0xC4, 0xDD, 0xB5,
    0xCC, 0x8C, 0xD8, 0xBD, 0xCF, 0xCC, 0xDC, 0xFF, 0xF5, 0xDC, 0xFF, 0x00, 0x53, 0xFF, 0x00, 0x00,
    0x35, 0xF5, 0x5F, 0x77, 0x77, 0x4F, 0xDD, 0xFF, 0xFF, 0xF1, 0x85, 0xFD, 0x4F, 0x2D, 0x4D, 0x5D,
    0xF5, 0xD2, 0xD4, 0xDF, 0x5B, 0x4F, 0x41, 0x58, 0x5B, 0xF2, 0xD4, 0x7F, 0xBE, 0x55, 0xFF, 0x77,
    0x25, 0x7B, 0x88, 0xE8, 0x5B, 0x25, 0xE7, 0x0E, 0x57, 0x52, 0xCB, 0x0F, 0x27, 0xB7, 0xB5, 0x0F,
    0x7F, 0x25, 0xB5, 0x0F, 0x7F, 0x25, 0xB5, 0x00, 0x57, 0x52, 0x0B, 0x00, 0x22, 0xB5, 0x07, 0x00,
    0x0E, 0x00, 0x00, 0x00, 0x00, 0x00, 0x00, 0x00, 0x00, 0x00, 0x00, 0x00, 0x00, 0x00, 0x00, 0x00,
    0x00, 0x00, 0x00, 0x00, 0x00, 0x00, 0x00, 0x00, 0x00, 0x00, 0x00, 0x00, 0x00, 0x00, 0x00, 0x00,
    0x53, 0x07, 0x00, 0xE0, 0x57, 0xB7, 0x00, 0xE0, 0x75, 0x5B, 0x0B, 0x00, 0x25, 0x52, 0x0B, 0x00,
    0x57, 0x75, 0x0B, 0x00, 0xDD, 0xDD, 0xF5, 0xE0, 0x2D, 0xD5, 0xFD, 0x4E, 0xDD, 0xDD, 0xF4, 0x8E,
    0xE8, 0x2B, 0x55, 0x25, 0xE8, 0xB0, 0x25, 0x52, 0x04, 0x00, 0x7B, 0xBB, 0x80, 0x00, 0x00, 0x00,
    0x40, 0x00, 0x00, 0x00, 0x8E, 0x0E, 0x00, 0x00, 0xEE, 0xE1, 0x00, 0x00, 0x41, 0xE8, 0x00, 0x00,
    0x75, 0x3B, 0x75, 0x00, 0x0B, 0x57, 0xB7, 0x0B, 0x00, 0x7B, 0x25, 0xB5, 0x00, 0x5B, 0x52, 0xB5,
    0x00, 0x5B, 0xD5, 0xDD, 0x00, 0xF0, 0xDD, 0x5D, 0x00, 0xF0, 0x52, 0x2D, 0x00, 0xF0, 0xDD, 0xDD,
    0x00, 0x00, 0x00, 0x00, 0x00, 0x00, 0x00, 0x00, 0x00, 0x00, 0x00, 0x00, 0x00, 0xFF, 0xFF, 0x0F,
    0xFF, 0x4C, 0xC8, 0xFC, 0xC2, 0xCC, 0x4C, 0xCC, 0xCD, 0xCC, 0x8C, 0xCC, 0xDD, 0xDD, 0x4D, 0x48,
    0x8F, 0x84, 0xD4, 0xDD, 0xF0, 0xFF, 0x8F, 0x84, 0x00, 0xF0, 0xFF, 0xFF, 0x00, 0x00, 0x00, 0x00,
    0x00, 0x00, 0x00, 0x00, 0x00, 0x00, 0x00, 0x00, 0x00, 0x00, 0x00, 0x00, 0x00, 0x00, 0x00, 0x00,
    0x8D, 0x84, 0x0F, 0xE0, 0xF4, 0xFF, 0x00, 0x00, 0x0F, 0x00, 0x00, 0x00, 0x00, 0x00, 0x00, 0x00,
    0x00, 0x00, 0x00, 0x00, 0x00, 0x00, 0x00, 0x00, 0x00, 0x00, 0x00, 0x00, 0x00, 0x00, 0x00, 0x00,
    0x88, 0x0E, 0x00, 0x00, 0xEE, 0x00, 0x00, 0x00, 0x00, 0x00, 0x00, 0x00, 0x00, 0x00, 0x00, 0x00,
    0x00, 0x00, 0x00, 0x00, 0x00, 0x00, 0x00, 0x00, 0x00, 0x00, 0x00, 0x00, 0x00, 0x00, 0x00, 0x00,
    0x00, 0xF0, 0x84, 0x84, 0x00, 0xF0, 0xFF, 0xFF, 0x00, 0x00, 0x00, 0x00, 0x00, 0x00, 0x00, 0x00,
    0x00, 0x00, 0x00, 0x00, 0x00, 0x00, 0x00, 0x00, 0x00, 0x00, 0x00, 0x00, 0x00, 0x00, 0x00, 0x00,
    0x00, 0x5B, 0xB6, 0x00, 0x00, 0xB0, 0x65, 0x0B, 0x00, 0xB0, 0x66, 0x66, 0x00, 0x00, 0x5B, 0xA5,
    0x00, 0xBB, 0x6B, 0x55, 0xB0, 0x66, 0x56, 0x55, 0x00, 0x5B, 0x55, 0x55, 0x00, 0xAA, 0x55, 0x5A,
    0x00, 0x00, 0x00, 0x00, 0xB0, 0xBB, 0x0B, 0x00, 0x66, 0x66, 0xA6, 0x0A, 0x66, 0x55, 0x65, 0xB6,
    0x6A, 0x56, 0x55, 0xA6, 0xA6, 0x66, 0x55, 0x66, 0x55, 0x66, 0x66, 0x66, 0x65, 0x66, 0x66, 0x55,
    0xDD, 0x8D, 0x84, 0xFF, 0x84, 0xF4, 0xFF, 0x0F, 0xFF, 0xFF, 0x00, 0x00, 0x00, 0x00, 0x00, 0x00,
    0x00, 0x00, 0x00, 0x00, 0x00, 0x00, 0x00, 0x00, 0x00, 0x00, 0x00, 0x00, 0x00, 0x00, 0x00, 0x00,
    0x0F, 0x00, 0x00, 0x00, 0x00, 0x00, 0x00, 0x00, 0x00, 0x00, 0x00, 0x00, 0x00, 0x00, 0x00, 0x00,
    0x00, 0x00, 0x00, 0x00, 0x00, 0x00, 0x00, 0x00, 0x00, 0x00, 0x00, 0x00, 0x00, 0x00, 0x00, 0x00,
    0x00, 0x00, 0x00, 0x00, 0x00, 0x00, 0x00, 0x00, 0x00, 0xE0, 0x0E, 0x00, 0x00, 0x1E, 0xE4, 0x00,
    0xE0, 0x48, 0xE1, 0x00, 0x1E, 0x88, 0x41, 0x0E, 0x1E, 0x41, 0x84, 0x0E, 0x48, 0x84, 0x18, 0xE4,
    0x84, 0x18, 0x41, 0xE8, 0x18, 0x41, 0xE8, 0x0E, 0x41, 0xE8, 0x0E, 0x00, 0xE8, 0x0E, 0x00, 0x00,
    0x0E, 0x00, 0x00, 0x00, 0x00, 0x00, 0x00, 0x00, 0x00, 0x00, 0x00, 0x00, 0x00, 0x00, 0x00, 0x00,
    0x00, 0x00, 0x00, 0x00, 0x00, 0x00, 0x00, 0x00, 0x00, 0x00, 0x00, 0x00, 0x00, 0x00, 0x00, 0x00,
    0x00, 0x00, 0x00, 0x00, 0x00, 0x00, 0x00, 0x00, 0x00, 0x00, 0x00, 0xF0, 0x00, 0x00, 0x00, 0xF0,
    0x00, 0x00, 0x00, 0xF0, 0x00, 0x00, 0xF0, 0xCF, 0x00, 0x00, 0xCF, 0x48, 0x00, 0x00, 0xCF, 0xCC,
    0x00, 0x00, 0xCF, 0xFF, 0x00, 0x00, 0xF0, 0x55, 0x00, 0x00, 0xF0, 0x33, 0x00, 0x00, 0x00, 0x57,
    0x00, 0x00, 0x00, 0x00, 0x00, 0x00, 0x00, 0x00, 0x00, 0x00, 0x00, 0x00, 0x0B, 0x00, 0x00, 0x00,
    0xBA, 0x0B, 0x00, 0x00, 0x66, 0xBA, 0x00, 0x00, 0x66, 0x00, 0x00, 0x00, 0x66, 0x00, 0x00, 0x00,
    0x00, 0x00, 0x00, 0x70, 0x00, 0x00, 0x00, 0xB0, 0x00, 0x00, 0x00, 0x2B, 0x00, 0x00, 0x00, 0x7B,
    0x00, 0xFF, 0xFF, 0xFF, 0xF0, 0xCC, 0x84, 0x5C, 0xCF, 0x8C, 0xCC, 0xCC, 0xCF, 0x4C, 0xCC, 0xDC,
    0x00, 0x00, 0x00, 0x00, 0x00, 0x00, 0x00, 0x00, 0x00, 0x00, 0x00, 0x00, 0x00, 0x00, 0x00, 0x00,
    0x00, 0x00, 0x00, 0x00, 0x0F, 0x00, 0x00, 0x00, 0x0F, 0x00, 0x00, 0x00, 0x0F, 0x00, 0x00, 0x00,
};
static const u16 sFrame1[] = {
    0x0009, 0x00DD, 0x81FC, 0x0000, 0x40FD, 0x41F4, 0x0010, 0x40D5, 0x01FC, 0x0014, 0x40FD, 0x0014,
    0x0016, 0x80DD, 0x001C, 0x0018, 0x80E5, 0x01F4, 0x001A, 0x00D5, 0x000C, 0x001C, 0x00F5, 0x01F4,
    0x001D, 0x00F5, 0x001C, 0x001E, 0x0000,
};
static const void* const sFrames1[] = { sFrame1 };
static const u8 sTiles2[992] __attribute__((aligned(4))) = {
    0x00, 0x5B, 0xB5, 0x65, 0x00, 0x6B, 0xBB, 0xB5, 0x00, 0x00, 0xB0, 0xB6, 0x00, 0x00, 0x00, 0x3B,
    0x00, 0x00, 0xF0, 0x5F, 0x00, 0x00, 0x8F, 0xF4, 0x00, 0x00, 0xFF, 0x4F, 0x00, 0x00, 0xF0, 0xF8,
    0x6A, 0xA6, 0x65, 0x66, 0xB6, 0x66, 0x5A, 0x65, 0xB5, 0x66, 0xA6, 0x6A, 0x83, 0xB8, 0x66, 0xAB,
    0x83, 0x51, 0x6B, 0xBB, 0x35, 0x75, 0xBB, 0x0B, 0x7F, 0xB7, 0x4B, 0xFF, 0xF4, 0x7B, 0x8F, 0x8F,
    0xA6, 0xB6, 0x00, 0x00, 0xA6, 0xBB, 0x00, 0x00, 0xB6, 0x00, 0x00, 0x00, 0xBA, 0x00, 0x00, 0x00,
    0x0B, 0x00, 0x00, 0x00, 0x00, 0x00, 0x00, 0x00, 0x00, 0x00, 0x00, 0x00, 0x0F, 0x00, 0x00, 0x00,
    0x00, 0x00, 0x00, 0x00, 0x00, 0x00, 0x00, 0x00, 0x00, 0x00, 0x00, 0x00, 0x00, 0x00, 0x00, 0x00,
    0x00, 0x00, 0x00, 0x00, 0x00, 0x00, 0x00, 0x00, 0x00, 0x00, 0x00, 0xE0, 0x00, 0x00, 0x00, 0xE0,
    0x00, 0x00, 0x4F, 0x84, 0x00, 0x00, 0x4F, 0x84, 0x00, 0x00, 0x8F, 0xD8, 0x00, 0x00, 0xDF, 0x11,
    0x00, 0x00, 0x4F, 0x55, 0x00, 0xFF, 0x7F, 0x33, 0xF0, 0x7F, 0x79, 0x35, 0x7F, 0xF7, 0x7F, 0x35,
    0x8F, 0x5F, 0xFD, 0x48, 0xFD, 0xFD, 0xF8, 0x8D, 0xFD, 0xD4, 0xF4, 0xDD, 0xF4, 0x84, 0xF1, 0xD4,
    0xD7, 0x41, 0xF1, 0x4D, 0xD7, 0x71, 0x49, 0x57, 0x75, 0x94, 0x7F, 0x55, 0x53, 0xF7, 0x5F, 0x22,
    0x0F, 0x00, 0x00, 0x00, 0xF8, 0x00, 0x00, 0x00, 0xFD, 0x00, 0x00, 0x00, 0xFD, 0x00, 0x00, 0x00,
    0xF4, 0x00, 0x00, 0x00, 0xF7, 0xFF, 0x00, 0x00, 0xF7, 0x99, 0x0F, 0x80, 0x75, 0xFF, 0x8F, 0x48,
    0x00, 0x00, 0x00, 0xE0, 0x00, 0x00, 0x00, 0xE0, 0x00, 0x00, 0x00, 0xE0, 0x00, 0x00, 0x00, 0xE8,
    0x00, 0x00, 0x88, 0x44, 0x80, 0x88, 0x14, 0x41, 0x48, 0x11, 0x41, 0xEE, 0x11, 0x84, 0xEE, 0x00,
    0x9F, 0x99, 0xD5, 0x77, 0xCC, 0xCC, 0x2C, 0xBD, 0x44, 0xC4, 0xFC, 0x5B, 0xCC, 0x4C, 0xD8, 0x5B,
    0xCF, 0xCC, 0x8C, 0xBD, 0xF5, 0xCC, 0xDD, 0xBF, 0x53, 0xFF, 0xFD, 0xE0, 0x37, 0xF7, 0x0F, 0x8E,
    0x55, 0x4F, 0x7F, 0x5B, 0xF7, 0xC1, 0xF5, 0xBF, 0x4F, 0x2D, 0xC8, 0xFD, 0xF5, 0xC2, 0xD4, 0x7D,
    0xF5, 0x1C, 0xCC, 0x5D, 0xF5, 0x14, 0x84, 0xFC, 0x27, 0x4F, 0xDC, 0xB5, 0x5B, 0xF7, 0x7F, 0x57,
    0x52, 0xCB, 0x48, 0x11, 0x7B, 0x75, 0x88, 0xE8, 0x2B, 0x52, 0xEE, 0xFE, 0x52, 0xB7, 0xFB, 0xFC,
    0xBB, 0xB5, 0x77, 0x0F, 0x5B, 0x72, 0x75, 0x00, 0x57, 0x72, 0x73, 0x00, 0x22, 0xB7, 0x73, 0x00,
    0xE4, 0xEE, 0x00, 0x00, 0x0E, 0x00, 0x00, 0x00, 0x00, 0x00, 0x00, 0x00, 0x00, 0x00, 0x00, 0x00,
    0x00, 0x00, 0x00, 0x00, 0x00, 0x00, 0x00, 0x00, 0x00, 0x00, 0x00, 0x00, 0x00, 0x00, 0x00, 0x00,
    0x37, 0x75, 0x00, 0x4E, 0xBB, 0x75, 0x0B, 0x80, 0x72, 0xB7, 0xB5, 0x40, 0x57, 0x22, 0xB5, 0x00,
    0x57, 0x75, 0x0B, 0x00, 0xDD, 0xDD, 0x0F, 0xEE, 0x2D, 0xD5, 0xE5, 0xE4, 0xDD, 0xDD, 0xED, 0x18,
    0x7B, 0x52, 0x57, 0x22, 0xB0, 0x27, 0x22, 0xB5, 0x00, 0x5B, 0x55, 0x0B, 0x08, 0xB0, 0x7B, 0x00,
    0x04, 0x00, 0x00, 0x00, 0xE8, 0x00, 0x00, 0x00, 0x1E, 0x0E, 0x00, 0x00, 0x84, 0x0E, 0x00, 0x00,
    0xB5, 0x7B, 0x75, 0x0B, 0x07, 0x7B, 0x77, 0xB5, 0x00, 0x5B, 0x22, 0xB5, 0x00, 0x5B, 0x55, 0xB5,
    0x00, 0xF0, 0xDD, 0xDD, 0x00, 0xF0, 0xD5, 0x5D, 0x00, 0xF0, 0x52, 0x2D, 0x00, 0xF0, 0xDD, 0xDD,
    0x00, 0x00, 0x00, 0x00, 0x00, 0x00, 0x00, 0x00, 0x00, 0x00, 0x00, 0x00, 0x00, 0xFF, 0xFF, 0x0F,
    0xFF, 0x4C, 0xC8, 0xFC, 0xC2, 0xCC, 0x4C, 0xCC, 0xCD, 0xCC, 0x8C, 0xCC, 0xDD, 0xDD, 0x4D, 0x48,
    0x8F, 0x84, 0x84, 0xDD, 0xF0, 0xFF, 0xFF, 0x84, 0x00, 0xF0, 0xFF, 0xFF, 0x00, 0x00, 0x00, 0x00,
    0x00, 0x00, 0x00, 0x00, 0x00, 0x00, 0x00, 0x00, 0x00, 0x00, 0x00, 0x00, 0x00, 0x00, 0x00, 0x00,
    0xDD, 0x84, 0xF4, 0x8E, 0x84, 0xFF, 0x0F, 0xE0, 0xFF, 0x00, 0x00, 0x00, 0x00, 0x00, 0x00, 0x00,
    0x00, 0x00, 0x00, 0x00, 0x00, 0x00, 0x00, 0x00, 0x00, 0x00, 0x00, 0x00, 0x00, 0x00, 0x00, 0x00,
    0xE8, 0x00, 0x00, 0x00, 0x0E, 0x00, 0x00, 0x00, 0x00, 0x00, 0x00, 0x00, 0x00, 0x00, 0x00, 0x00,
    0x00, 0x00, 0x00, 0x00, 0x00, 0x00, 0x00, 0x00, 0x00, 0x00, 0x00, 0x00, 0x00, 0x00, 0x00, 0x00,
    0x00, 0xF0, 0x84, 0x84, 0x00, 0x00, 0xFF, 0xFF, 0x00, 0x00, 0x00, 0x00, 0x00, 0x00, 0x00, 0x00,
    0x00, 0x00, 0x00, 0x00, 0x00, 0x00, 0x00, 0x00, 0x00, 0x00, 0x00, 0x00, 0x00, 0x00, 0x00, 0x00,
    0x00, 0xB0, 0xB5, 0x0B, 0x00, 0x00, 0x65, 0xB6, 0x00, 0x00, 0x6B, 0x55, 0x00, 0x00, 0xB0, 0x56,
    0x00, 0xB0, 0x6B, 0x55, 0x00, 0x6B, 0x55, 0x55, 0x00, 0xA0, 0x5A, 0xA5, 0x00, 0xA0, 0x55, 0x55,
    0x00, 0xBB, 0xBB, 0x00, 0x66, 0x66, 0x66, 0xA6, 0x6A, 0x56, 0x55, 0x66, 0xA5, 0x66, 0x55, 0x65,
    0xA5, 0x6A, 0x56, 0x65, 0x55, 0x65, 0x66, 0x66, 0x55, 0x66, 0x66, 0x56, 0x6A, 0x56, 0x66, 0xA6,
    0xE4, 0x14, 0x44, 0xE4, 0x41, 0x11, 0x84, 0x48, 0x41, 0x88, 0x18, 0x41, 0x88, 0x14, 0x84, 0xEE,
    0x11, 0xE4, 0xEE, 0x00, 0xE8, 0x0E, 0x00, 0x00, 0x0E, 0x00, 0x00, 0x00, 0x00, 0x00, 0x00, 0x00,
    0x00, 0x00, 0x00, 0x00, 0x0E, 0x00, 0x00, 0x00, 0x0E, 0x00, 0x00, 0x00, 0x00, 0x00, 0x00, 0x00,
    0x00, 0x00, 0x00, 0x00, 0x00, 0x00, 0x00, 0x00, 0x00, 0x00, 0x00, 0x00, 0x00, 0x00, 0x00, 0x00,
    0xDD, 0x8D, 0x84, 0xFF, 0x84, 0xF4, 0xFF, 0x0F, 0xFF, 0xFF, 0x00, 0x00, 0x00, 0x00, 0x00, 0x00,
    0x00, 0x00, 0x00, 0x00, 0x00, 0x00, 0x00, 0x00, 0x00, 0x00, 0x00, 0x00, 0x00, 0x00, 0x00, 0x00,
    0x0F, 0x00, 0x00, 0x00, 0x00, 0x00, 0x00, 0x00, 0x00, 0x00, 0x00, 0x00, 0x00, 0x00, 0x00, 0x00,
    0x00, 0x00, 0x00, 0x00, 0x00, 0x00, 0x00, 0x00, 0x00, 0x00, 0x00, 0x00, 0x00, 0x00, 0x00, 0x00,
    0x00, 0x00, 0x00, 0x00, 0x00, 0x00, 0x00, 0xF0, 0x00, 0x00, 0x00, 0x8F, 0x00, 0x00, 0xF0, 0xCC,
    0x00, 0x00, 0xF0, 0xFF, 0x00, 0x00, 0x00, 0x7F, 0x00, 0x00, 0x00, 0x70, 0x00, 0x00, 0x00, 0x00,
    0x00, 0x00, 0x00, 0x00, 0x00, 0x00, 0x00, 0x00, 0x00, 0x00, 0x00, 0xB0, 0x00, 0x00, 0x00, 0xB0,
    0x00, 0xFF, 0xFF, 0xFF, 0xF0, 0xCC, 0x84, 0x5C, 0xCF, 0x8C, 0xCC, 0xCC, 0xCF, 0x4C, 0xCC, 0xDC,
    0x00, 0x00, 0x00, 0x00, 0x00, 0x00, 0x00, 0x00, 0xBB, 0x00, 0x00, 0x00, 0xAA, 0x0B, 0x00, 0x00,
    0xA6, 0xBA, 0x00, 0x00, 0x66, 0x66, 0x0B, 0x00, 0x65, 0x06, 0x00, 0x00, 0x6A, 0x0B, 0x00, 0x00,
    0x00, 0x00, 0x00, 0x00, 0x00, 0x00, 0x00, 0x00, 0x00, 0x00, 0x00, 0x00, 0x00, 0x00, 0x00, 0x00,
    0x00, 0x00, 0x00, 0x00, 0x00, 0x00, 0xEE, 0x00, 0x0E, 0xE0, 0x41, 0x0E, 0xE8, 0x8E, 0x1E, 0xE8,
    0x00, 0x00, 0x00, 0x00, 0x00, 0x00, 0x00, 0x00, 0x00, 0x00, 0x00, 0x00, 0x00, 0x00, 0x00, 0x00,
    0x00, 0x00, 0x00, 0x00, 0x0F, 0x00, 0x00, 0x00, 0x0F, 0x00, 0x00, 0x00, 0x0F, 0x00, 0x00, 0x00,
};
static const u16 sFrame2[] = {
    0x0009, 0x00DD, 0x81FC, 0x0000, 0x40FD, 0x41F4, 0x0010, 0x40D5, 0x01FC, 0x0014, 0x40E5, 0x001C,
    0x0016, 0x40FD, 0x0014, 0x0018, 0x80ED, 0x01F4, 0x001A, 0x00D5, 0x000C, 0x001C, 0x00DD, 0x001C,
    0x001D, 0x00F5, 0x001C, 0x001E, 0x0000,
};
static const void* const sFrames2[] = { sFrame2 };
static const u8 sTiles3[992] __attribute__((aligned(4))) = {
    0x00, 0x00, 0xF0, 0x44, 0x00, 0x00, 0xF0, 0x84, 0x00, 0x00, 0xF0, 0xD8, 0x00, 0x00, 0xDF, 0x11,
    0x00, 0x00, 0x4F, 0x57, 0x00, 0xFF, 0xFF, 0x37, 0xF0, 0x7F, 0x97, 0x57, 0x7F, 0xF7, 0xFF, 0x7F,
    0xF8, 0xF8, 0xD5, 0x8F, 0xDD, 0xDF, 0x8F, 0x8F, 0xDD, 0x4F, 0x4D, 0xDF, 0x41, 0x4F, 0x18, 0xDF,
    0x75, 0x1D, 0x14, 0x4F, 0x73, 0x91, 0x47, 0x74, 0x53, 0x97, 0xF9, 0x57, 0x35, 0xF7, 0x5F, 0x55,
    0xF4, 0x00, 0x00, 0x00, 0x84, 0x0F, 0x00, 0x00, 0xD8, 0x0F, 0x00, 0x00, 0xDD, 0x0F, 0x00, 0x00,
    0x44, 0x0F, 0x00, 0x00, 0x75, 0xFF, 0x00, 0x00, 0x75, 0x9F, 0x0F, 0x00, 0x77, 0xFD, 0xF9, 0x00,
    0x00, 0x00, 0x00, 0x00, 0x00, 0x00, 0x00, 0xE0, 0x00, 0x00, 0x00, 0xE0, 0x00, 0x00, 0x00, 0xE0,
    0x00, 0x00, 0x00, 0xE0, 0x00, 0x00, 0x00, 0xE0, 0x00, 0x00, 0x88, 0x48, 0x80, 0x88, 0x14, 0x11,
    0x9F, 0x99, 0xC5, 0xFD, 0xCF, 0xCC, 0x2C, 0xD5, 0x48, 0xC4, 0xCC, 0xBD, 0xCC, 0x4C, 0xC4, 0xBD,
    0xFF, 0xCC, 0x8C, 0xB8, 0x57, 0xCF, 0xDC, 0xBD, 0x37, 0xF5, 0xDF, 0xBF, 0x37, 0x75, 0xFF, 0xB0,
    0x37, 0xF5, 0x2F, 0x22, 0xFB, 0x4F, 0x5C, 0x55, 0x4F, 0xC1, 0xF5, 0x7F, 0xC5, 0x55, 0xC8, 0xFC,
    0xB5, 0xC4, 0xC4, 0x7C, 0xB5, 0x1C, 0xCC, 0x5C, 0xF5, 0x14, 0x84, 0xFF, 0x25, 0x4F, 0xFC, 0x75,
    0x75, 0xDD, 0xFF, 0x88, 0x72, 0xDD, 0x88, 0x14, 0xB7, 0x8D, 0x14, 0x41, 0x25, 0x87, 0x88, 0xEE,
    0x22, 0x75, 0xEE, 0x0F, 0x75, 0xB7, 0x75, 0x00, 0x2B, 0xB5, 0x35, 0x07, 0x2B, 0x75, 0x37, 0x07,
    0x48, 0x11, 0x41, 0xE8, 0x11, 0x84, 0xEE, 0x0E, 0xE8, 0xEE, 0x00, 0x00, 0x0E, 0x00, 0x00, 0x00,
    0x00, 0x00, 0x00, 0x00, 0x00, 0x00, 0x00, 0x00, 0x00, 0x00, 0x00, 0x00, 0x00, 0x00, 0x00, 0x00,
    0x70, 0x73, 0x00, 0x8E, 0x7B, 0x75, 0x00, 0x4E, 0x52, 0xB7, 0x0B, 0x80, 0x57, 0x22, 0xB5, 0x40,
    0x57, 0x55, 0xB7, 0x00, 0xDD, 0xDD, 0x0F, 0x00, 0x2D, 0xD5, 0xF5, 0xEE, 0xDD, 0xDD, 0xED, 0xE4,
    0x77, 0xF5, 0x7F, 0xB7, 0xB0, 0x52, 0xBB, 0x22, 0xB0, 0x55, 0x22, 0x75, 0x00, 0x5B, 0xB5, 0x07,
    0x08, 0xB0, 0x0B, 0x00, 0x04, 0x00, 0x00, 0x00, 0xE8, 0x00, 0x00, 0x00, 0x1E, 0x0E, 0x00, 0x00,
    0x22, 0x75, 0x57, 0xB7, 0x75, 0xB7, 0x77, 0x57, 0x07, 0x5B, 0x22, 0x52, 0x00, 0x5B, 0x55, 0xB5,
    0x00, 0xF0, 0xDD, 0xDD, 0x00, 0xF0, 0x52, 0x5D, 0x00, 0xF0, 0xDD, 0x2D, 0x00, 0xF0, 0x84, 0xDD,
    0x00, 0x00, 0x00, 0x00, 0x0B, 0x00, 0x00, 0x00, 0x0B, 0x00, 0x00, 0x00, 0x00, 0xF0, 0xFF, 0x0F,
    0xFF, 0x4F, 0xC8, 0xFC, 0xC2, 0xCC, 0x4C, 0xCC, 0xCD, 0xCC, 0x8C, 0xCC, 0xDD, 0xDD, 0x4C, 0x48,
    0xDD, 0x8D, 0xE4, 0x18, 0x84, 0xF4, 0xFF, 0x8E, 0xFF, 0x0F, 0x00, 0xE0, 0x00, 0x00, 0x00, 0x00,
    0x00, 0x00, 0x00, 0x00, 0x00, 0x00, 0x00, 0x00, 0x00, 0x00, 0x00, 0x00, 0x00, 0x00, 0x00, 0x00,
    0x84, 0x0E, 0x00, 0x00, 0xE8, 0x00, 0x00, 0x00, 0x0E, 0x00, 0x00, 0x00, 0x00, 0x00, 0x00, 0x00,
    0x00, 0x00, 0x00, 0x00, 0x00, 0x00, 0x00, 0x00, 0x00, 0x00, 0x00, 0x00, 0x00, 0x00, 0x00, 0x00,
    0x00, 0x00, 0xFF, 0x84, 0x00, 0x00, 0x00, 0xFF, 0x00, 0x00, 0x00, 0x00, 0x00, 0x00, 0x00, 0x00,
    0x00, 0x00, 0x00, 0x00, 0x00, 0x00, 0x00, 0x00, 0x00, 0x00, 0x00, 0x00, 0x00, 0x00, 0x00, 0x00,
    0xD4, 0xDD, 0x84, 0xFF, 0x8F, 0x84, 0xFF, 0x0F, 0xF0, 0xFF, 0x00, 0x00, 0x00, 0x00, 0x00, 0x00,
    0x00, 0x00, 0x00, 0x00, 0x00, 0x00, 0x00, 0x00, 0x00, 0x00, 0x00, 0x00, 0x00, 0x00, 0x00, 0x00,
    0x00, 0x00, 0x5B, 0xBB, 0x00, 0x00, 0x50, 0x66, 0x00, 0x00, 0xB0, 0x56, 0x00, 0x00, 0x00, 0x6B,
    0x00, 0xB0, 0xBB, 0x56, 0x00, 0x00, 0x56, 0x55, 0x00, 0x00, 0xAA, 0x55, 0x00, 0xB0, 0x55, 0x55,
    0x00, 0xB0, 0xBB, 0x0B, 0x6B, 0x66, 0x66, 0x66, 0xA5, 0x66, 0x55, 0x65, 0x55, 0x6A, 0x56, 0x55,
    0x55, 0xAA, 0x66, 0x55, 0x55, 0x55, 0x66, 0x66, 0x5A, 0x65, 0x66, 0x66, 0xA5, 0x66, 0x65, 0x66,
    0x00, 0xB0, 0x56, 0x5B, 0x00, 0x00, 0xB0, 0x5B, 0x00, 0x00, 0x00, 0x6B, 0x00, 0x00, 0x00, 0xB0,
    0x00, 0x00, 0xF0, 0x9F, 0x00, 0x00, 0x8F, 0x44, 0x00, 0x00, 0x8F, 0xFF, 0x00, 0x00, 0xF0, 0x88,
    0xA6, 0x66, 0x5A, 0x66, 0x6B, 0x6B, 0xA6, 0x65, 0x5B, 0x6B, 0x66, 0x5A, 0x33, 0x88, 0x6B, 0xB6,
    0x35, 0x18, 0xB5, 0xB6, 0x59, 0x53, 0xB7, 0xBB, 0x94, 0x77, 0xBB, 0xF4, 0x4F, 0xBB, 0xF7, 0xF8,
    0x00, 0x00, 0x00, 0x00, 0x00, 0x00, 0x00, 0x00, 0x00, 0x00, 0x00, 0x00, 0x00, 0x00, 0x00, 0x00,
    0x00, 0x00, 0x00, 0x00, 0x00, 0x00, 0x00, 0x00, 0x00, 0x00, 0x00, 0x00, 0x00, 0x00, 0xEE, 0x00,
    0x00, 0xEE, 0x81, 0x0E, 0xEE, 0xE4, 0x18, 0x0E, 0xE1, 0x14, 0x14, 0xE4, 0x41, 0x11, 0x84, 0xE8,
    0x44, 0x88, 0x48, 0x41, 0x88, 0x14, 0x11, 0x84, 0x11, 0x41, 0xE8, 0xEE, 0x84, 0xEE, 0x0E, 0x00,
    0xEE, 0x00, 0x00, 0x00, 0x00, 0x00, 0x00, 0x00, 0x00, 0x00, 0x00, 0x00, 0x00, 0x00, 0x00, 0x00,
    0x00, 0x00, 0x00, 0x00, 0x00, 0x00, 0x00, 0x00, 0x00, 0x00, 0x00, 0x00, 0x00, 0x00, 0x00, 0x00,
    0x00, 0x00, 0x00, 0x00, 0x00, 0x00, 0x00, 0x00, 0x00, 0x00, 0x00, 0x00, 0x00, 0x00, 0x00, 0x00,
    0x00, 0x00, 0x00, 0x00, 0x0F, 0x00, 0x00, 0x00, 0x0F, 0x00, 0x00, 0x00, 0x0F, 0x00, 0x00, 0x00,
    0x00, 0x00, 0x00, 0x00, 0x0A, 0x00, 0x00, 0x00, 0xB6, 0x0B, 0x00, 0x00, 0xA6, 0xBA, 0x00, 0x00,
    0x66, 0xBA, 0x00, 0x00, 0x66, 0x66, 0x0B, 0x00, 0x56, 0x66, 0x0B, 0x00, 0x6A, 0x65, 0x00, 0x00,
    0xA6, 0xB6, 0x00, 0x00, 0xA6, 0xB6, 0x00, 0x00, 0xA6, 0xBB, 0x00, 0x00, 0xBA, 0x00, 0x00, 0x00,
    0xBA, 0x00, 0x00, 0x00, 0x0B, 0x00, 0x00, 0x00, 0x0F, 0x00, 0x00, 0x00, 0xF8, 0x00, 0x00, 0x00,
    0x00, 0x00, 0x00, 0x00, 0x00, 0x00, 0x00, 0x00, 0x00, 0x00, 0x00, 0xF0, 0x00, 0x00, 0x00, 0xCF,
    0x00, 0x00, 0x00, 0xFF, 0x00, 0x00, 0x00, 0xF0, 0x00, 0x00, 0x00, 0x00, 0x00, 0x00, 0x00, 0x00,
    0x00, 0x00, 0x00, 0x00, 0x00, 0x00, 0x00, 0x00, 0x00, 0x00, 0x00, 0xB0, 0x00, 0x00, 0x00, 0xB0,
    0x00, 0xFF, 0xFF, 0xFF, 0xF0, 0xCC, 0x84, 0x5C, 0xCF, 0x8C, 0xCC, 0xCC, 0xCF, 0x4C, 0xCC, 0xDC,
    0x00, 0x00, 0x00, 0x00, 0x00, 0x00, 0x00, 0x00, 0x00, 0x00, 0x00, 0x00, 0x00, 0x00, 0x00, 0x00,
    0x0E, 0x00, 0x00, 0x00, 0x0E, 0x00, 0x00, 0x00, 0x00, 0x00, 0x00, 0x00, 0x00, 0x00, 0x00, 0x00,
    0x8F, 0x84, 0x84, 0xDD, 0xF0, 0xFF, 0xFF, 0x84, 0x00, 0xF0, 0xFF, 0xFF, 0x00, 0x00, 0x00, 0x00,
    0x00, 0x00, 0x00, 0x00, 0x00, 0x00, 0x00, 0x00, 0x00, 0x00, 0x00, 0x00, 0x00, 0x00, 0x00, 0x00,
    0x0F, 0x00, 0x00, 0x00, 0x00, 0x00, 0x00, 0x00, 0x00, 0x00, 0x00, 0x00, 0x00, 0x00, 0x00, 0x00,
    0x00, 0x00, 0x00, 0x00, 0x00, 0x00, 0x00, 0x00, 0x00, 0x00, 0x00, 0x00, 0x00, 0x00, 0x00, 0x00,
};
static const u16 sFrame3[] = {
    0x0008, 0x00E5, 0x81FD, 0x0000, 0x00D5, 0x41FD, 0x0010, 0x80DD, 0x401D, 0x0014, 0x80D5, 0x000D,
    0x0018, 0x80ED, 0x01F5, 0x001A, 0x00E5, 0x0025, 0x001C, 0x00FD, 0x01F5, 0x001D, 0x00FD, 0x001D,
    0x001E, 0x0000,
};
static const void* const sFrames3[] = { sFrame3 };
static const u8 sTiles4[768] __attribute__((aligned(4))) = {
    0x00, 0xB0, 0x56, 0x6B, 0x00, 0xB0, 0x65, 0x5B, 0x00, 0x6B, 0xBB, 0x5B, 0x00, 0xB0, 0x6D, 0xBB,
    0x00, 0xDF, 0x7D, 0x75, 0x00, 0xDF, 0xBD, 0x35, 0x00, 0xF0, 0x48, 0x74, 0xF0, 0xFF, 0x48, 0x44,
    0x55, 0x6A, 0x66, 0x56, 0x65, 0x6A, 0x65, 0x6A, 0xBB, 0x56, 0xA5, 0x55, 0xB6, 0x6B, 0xA5, 0x56,
    0x85, 0xB8, 0x56, 0x6B, 0x83, 0x71, 0x6B, 0xBB, 0x33, 0xB5, 0xB8, 0x44, 0x77, 0x87, 0x8D, 0x88,
    0xB6, 0x00, 0x00, 0x00, 0xB5, 0x00, 0x00, 0x00, 0x65, 0x0B, 0x00, 0x00, 0x55, 0x0B, 0x00, 0x00,
    0x56, 0xB6, 0x00, 0x00, 0xBB, 0x0B, 0x00, 0x00, 0x0B, 0x00, 0x00, 0x00, 0x0F, 0x00, 0x00, 0x00,
    0x00, 0x00, 0x00, 0x00, 0x00, 0x00, 0x00, 0x00, 0x00, 0x00, 0x00, 0x00, 0x00, 0x00, 0x00, 0x00,
    0x00, 0x00, 0x00, 0x00, 0x00, 0x00, 0x00, 0x00, 0x00, 0x00, 0x00, 0x8E, 0x00, 0x00, 0x00, 0x4E,
    0x7F, 0xF9, 0x8D, 0xD8, 0xF7, 0xF9, 0xDD, 0xDD, 0x97, 0xFC, 0xDD, 0xDD, 0x79, 0xFC, 0xDD, 0xDD,
    0xDC, 0xC2, 0xFF, 0xFF, 0x88, 0x7C, 0x7D, 0x73, 0xFF, 0xC8, 0xB5, 0x55, 0x57, 0x4F, 0x2D, 0x77,
    0xD4, 0xF8, 0xDD, 0xDD, 0x4F, 0xFD, 0xDD, 0xDD, 0x14, 0xF8, 0xDD, 0xFD, 0x8F, 0x17, 0xFF, 0xCF,
    0x91, 0x19, 0x57, 0x57, 0x71, 0xF7, 0x57, 0x75, 0x97, 0xFF, 0x25, 0x52, 0xF5, 0x81, 0xB7, 0x25,
    0x0F, 0x00, 0x00, 0x00, 0xFD, 0x0F, 0x00, 0x00, 0x9F, 0xF7, 0x00, 0x00, 0x92, 0x7F, 0x0F, 0x00,
    0x9D, 0x77, 0x0F, 0x00, 0xFC, 0x99, 0x0F, 0x88, 0xD7, 0xED, 0x88, 0x14, 0xB5, 0x8E, 0x14, 0x41,
    0x00, 0x00, 0x00, 0x1E, 0x00, 0x00, 0x00, 0x1E, 0x00, 0x00, 0x80, 0x8E, 0x00, 0x80, 0x48, 0x14,
    0x88, 0x48, 0x11, 0x84, 0x14, 0x11, 0xE4, 0xEE, 0x41, 0xE8, 0x0E, 0x00, 0xEE, 0x0E, 0x00, 0x00,
    0x35, 0xF7, 0xD4, 0xFB, 0x57, 0xF7, 0xBF, 0xF5, 0x75, 0x7B, 0xB0, 0x55, 0xB7, 0x75, 0x00, 0x5B,
    0x22, 0xB5, 0x00, 0x5E, 0x75, 0xBD, 0xE0, 0x74, 0xDD, 0xFD, 0xE0, 0xB8, 0xDD, 0xFD, 0x00, 0x0E,
    0x1F, 0xB4, 0xFF, 0xBB, 0x84, 0x85, 0x84, 0xBF, 0xFB, 0x41, 0x88, 0x27, 0x4B, 0x88, 0x84, 0xB5,
    0xFF, 0x18, 0x41, 0xBF, 0xF2, 0x44, 0x58, 0x7B, 0x75, 0xFF, 0x77, 0x25, 0x27, 0x75, 0x25, 0x52,
    0x57, 0x87, 0x88, 0xEE, 0x22, 0xE5, 0xEE, 0x00, 0x75, 0xBB, 0x00, 0x00, 0x5B, 0x5B, 0xFF, 0x00,
    0x25, 0x57, 0x48, 0xFF, 0x25, 0xD7, 0xDD, 0x48, 0x72, 0xDB, 0xDD, 0xCD, 0xBB, 0xD4, 0xDD, 0xDD,
    0x00, 0x00, 0x00, 0x00, 0x00, 0x00, 0x00, 0x00, 0x00, 0x00, 0x00, 0x00, 0xF0, 0x0F, 0x00, 0x00,
    0xCF, 0xF8, 0x0F, 0x00, 0x48, 0xCC, 0xF8, 0x00, 0xCC, 0xCC, 0xF4, 0x00, 0xCC, 0x8D, 0xFD, 0x00,
    0x4D, 0xF8, 0x00, 0x08, 0xFD, 0x0F, 0x00, 0x04, 0x0F, 0x00, 0xE0, 0x8E, 0x0F, 0x00, 0x4E, 0xEE,
    0x00, 0x00, 0x8E, 0x41, 0x00, 0x00, 0xE0, 0x88, 0x00, 0x00, 0x00, 0xEE, 0x00, 0x00, 0x00, 0x00,
    0x7B, 0x22, 0x52, 0x7B, 0xB0, 0x55, 0xB5, 0x00, 0x0E, 0xBB, 0x07, 0x00, 0xE1, 0x00, 0x00, 0x00,
    0xE8, 0x00, 0x00, 0x00, 0x0E, 0x00, 0x00, 0x00, 0x00, 0x00, 0x00, 0x00, 0x00, 0x00, 0x00, 0x00,
    0x00, 0x8F, 0xDD, 0xDD, 0x00, 0xF0, 0x84, 0xDD, 0x00, 0x00, 0xFF, 0x84, 0x00, 0x00, 0x00, 0xFF,
    0x00, 0x00, 0x00, 0x00, 0x00, 0x00, 0x00, 0x00, 0x00, 0x00, 0x00, 0x00, 0x00, 0x00, 0x00, 0x00,
    0xDD, 0xD4, 0xFD, 0x00, 0x8D, 0xFD, 0x0F, 0x00, 0xF4, 0x0F, 0x00, 0x00, 0x0F, 0x00, 0x00, 0x00,
    0x00, 0x00, 0x00, 0x00, 0x00, 0x00, 0x00, 0x00, 0x00, 0x00, 0x00, 0x00, 0x00, 0x00, 0x00, 0x00,
    0x00, 0xB0, 0xBB, 0xBB, 0x00, 0x6B, 0x55, 0x66, 0x00, 0xB0, 0x66, 0x55, 0x00, 0xB0, 0x56, 0x66,
    0x00, 0xB0, 0x6B, 0x66, 0x00, 0x6B, 0xA5, 0xAA, 0x00, 0xB0, 0x56, 0xA5, 0x00, 0x00, 0xBB, 0xA6,
    0x00, 0x00, 0xBB, 0x00, 0xBB, 0xBB, 0x66, 0x0B, 0x66, 0x55, 0xA6, 0xB6, 0x56, 0x56, 0x65, 0x6A,
    0x66, 0x66, 0x55, 0x6A, 0xAA, 0x66, 0x55, 0x66, 0x66, 0x56, 0x65, 0xA6, 0x65, 0xA6, 0x66, 0x66,
    0x00, 0x00, 0x00, 0x00, 0x00, 0x00, 0x00, 0x00, 0x00, 0x00, 0x00, 0x00, 0x00, 0x00, 0x00, 0x00,
    0x00, 0xE0, 0x0E, 0x00, 0x00, 0x1E, 0xE4, 0x00, 0xEE, 0xE8, 0x81, 0x0E, 0x4E, 0x41, 0x44, 0x0E,
    0x14, 0x41, 0x88, 0xE4, 0x84, 0x88, 0x11, 0xE4, 0x48, 0x41, 0xE8, 0x0E, 0x41, 0xEE, 0x0E, 0x00,
    0xEE, 0x00, 0x00, 0x00, 0x00, 0x00, 0x00, 0x00, 0x00, 0x00, 0x00, 0x00, 0x00, 0x00, 0x00, 0x00,
    0x00, 0x00, 0x00, 0x00, 0x00, 0x00, 0x00, 0xF0, 0x00, 0x00, 0x00, 0xF0, 0x00, 0x00, 0x00, 0x9F,
    0x00, 0x00, 0xF0, 0xCD, 0x00, 0x00, 0xF0, 0x88, 0x00, 0x00, 0x00, 0xDF, 0x00, 0x00, 0x00, 0xB0,
    0x00, 0x00, 0x00, 0x70, 0x00, 0x00, 0x00, 0x7B, 0x00, 0x00, 0xB0, 0xB5, 0x00, 0x00, 0xB0, 0x72,
    0x00, 0x00, 0xF0, 0x57, 0x00, 0xFF, 0xFF, 0x5D, 0xF0, 0x4D, 0x48, 0xD8, 0xDF, 0xC8, 0xCC, 0xDC,
    0x00, 0x00, 0x00, 0x00, 0x00, 0x00, 0x00, 0x00, 0x00, 0x00, 0x00, 0x00, 0x0B, 0x00, 0x00, 0x00,
    0x0B, 0x00, 0x00, 0x00, 0x0B, 0x00, 0x00, 0x00, 0xB6, 0x00, 0x00, 0x00, 0x0B, 0x00, 0x00, 0x00,
    0xDF, 0xC4, 0xCC, 0xDC, 0xDF, 0xD8, 0xCD, 0xDD, 0x4F, 0x48, 0xD8, 0xDD, 0xF0, 0xFF, 0x84, 0x84,
    0x00, 0x00, 0xFF, 0xFF, 0x00, 0x00, 0x00, 0x00, 0x00, 0x00, 0x00, 0x00, 0x00, 0x00, 0x00, 0x00,
};
static const u16 sFrame4[] = {
    0x0006, 0x00E3, 0x81FD, 0x0000, 0x40DB, 0x01FD, 0x0010, 0x80E3, 0x001D, 0x0012, 0x80EB, 0x01F5,
    0x0014, 0x00DB, 0x000D, 0x0016, 0x00FB, 0x01F5, 0x0017, 0x0000,
};
static const void* const sFrames4[] = { sFrame4 };
static const u8 sTiles5[736] __attribute__((aligned(4))) = {
    0x00, 0x00, 0x00, 0x00, 0x00, 0x00, 0x00, 0x00, 0x00, 0x00, 0x00, 0xF0, 0x00, 0x00, 0x00, 0x7F,
    0x00, 0x00, 0x00, 0x9F, 0x00, 0x00, 0xF0, 0xCD, 0x00, 0x00, 0xF0, 0x88, 0x00, 0x00, 0x00, 0xDF,
    0xF0, 0xDF, 0x48, 0x44, 0x7F, 0xD9, 0x8D, 0xD8, 0x97, 0xFD, 0xDD, 0xDD, 0x9F, 0xFC, 0xDD, 0xDD,
    0x59, 0xFC, 0xDD, 0xFD, 0xDC, 0xF2, 0xDF, 0x7F, 0x88, 0x7C, 0xFF, 0x35, 0xFF, 0xC8, 0x25, 0x57,
    0x77, 0x87, 0x8D, 0x88, 0xD4, 0xF8, 0xDD, 0xDD, 0x4F, 0xFD, 0xDD, 0xDD, 0x18, 0x94, 0xDF, 0xFD,
    0x81, 0x17, 0xF7, 0xCF, 0x71, 0x17, 0x35, 0x27, 0x97, 0x79, 0x57, 0xC7, 0x73, 0xFF, 0x22, 0x52,
    0x0F, 0x00, 0x00, 0x00, 0x0F, 0x00, 0x00, 0x00, 0xFF, 0x0F, 0x00, 0x00, 0x9F, 0xF7, 0x00, 0x00,
    0x95, 0x7F, 0x0F, 0x00, 0x9D, 0x77, 0x0F, 0x00, 0xFC, 0x99, 0x0F, 0x00, 0xDD, 0xCC, 0x8D, 0x88,
    0x00, 0x00, 0x00, 0xB0, 0x00, 0x00, 0x00, 0x70, 0x00, 0x00, 0x00, 0x7B, 0x00, 0x00, 0xB0, 0xB5,
    0x00, 0x00, 0xB0, 0x72, 0x00, 0x00, 0xF0, 0x57, 0x00, 0xFF, 0xFF, 0x5D, 0xF0, 0x4D, 0x48, 0xD8,
    0x57, 0x4F, 0xD4, 0x7F, 0x35, 0xF7, 0x4D, 0xFF, 0x57, 0xF7, 0xFF, 0xF0, 0x75, 0x7B, 0x00, 0x5B,
    0xB7, 0x75, 0xE0, 0x5B, 0x22, 0xB5, 0x80, 0x57, 0x75, 0xBD, 0x40, 0x2B, 0xDD, 0xFD, 0x00, 0x7B,
    0xF5, 0x81, 0x55, 0x25, 0x1F, 0xB4, 0xFF, 0x77, 0x84, 0x85, 0x84, 0x5F, 0xFB, 0x41, 0x88, 0x27,
    0x4B, 0x81, 0x44, 0x55, 0xFF, 0x18, 0x48, 0xBF, 0xF2, 0x84, 0x55, 0xB7, 0x57, 0xFF, 0x77, 0x2B,
    0xD7, 0x88, 0x48, 0x11, 0xEB, 0x48, 0x11, 0x84, 0x72, 0x88, 0xE8, 0xEE, 0x52, 0xE7, 0x0E, 0x00,
    0x77, 0xEB, 0xFF, 0x00, 0x52, 0xBB, 0x48, 0xFF, 0x52, 0xD7, 0xDD, 0x48, 0x52, 0xD7, 0xDD, 0xCD,
    0x00, 0xB0, 0x0B, 0x00, 0x00, 0x5B, 0xB5, 0xBB, 0x00, 0x6B, 0x56, 0x66, 0x00, 0xB0, 0x66, 0x55,
    0x00, 0xB0, 0x5B, 0x66, 0x00, 0x5B, 0xA6, 0x66, 0x00, 0x6B, 0x65, 0xAA, 0x00, 0xB0, 0x56, 0x65,
    0x00, 0x00, 0x00, 0x00, 0x00, 0x00, 0xBB, 0x00, 0xBB, 0xBB, 0x66, 0x0B, 0x66, 0x55, 0xA6, 0xB6,
    0x56, 0x56, 0x65, 0x6A, 0x66, 0x66, 0x55, 0x6A, 0xA6, 0x66, 0x55, 0x66, 0xAA, 0x56, 0x65, 0xA6,
    0x00, 0x00, 0xBB, 0xA6, 0x00, 0xB0, 0x56, 0x6B, 0x00, 0xB0, 0x65, 0x5B, 0x00, 0x6B, 0xBB, 0x5B,
    0x00, 0xB0, 0x6D, 0xBB, 0x00, 0xDF, 0x7D, 0x75, 0x00, 0xDF, 0xBD, 0x35, 0x00, 0xFF, 0x48, 0x74,
    0x65, 0x66, 0x66, 0x66, 0x55, 0x6A, 0x66, 0x56, 0x65, 0x5A, 0x6A, 0x66, 0xBB, 0x56, 0xA5, 0x55,
    0xB6, 0x6B, 0xA5, 0x56, 0x85, 0xB8, 0x56, 0x6B, 0x83, 0x71, 0x6B, 0xBB, 0x33, 0xB5, 0xB8, 0x44,
    0xDF, 0xC8, 0xCC, 0xDC, 0xDF, 0xC4, 0xCC, 0xDC, 0xDF, 0xD8, 0xCD, 0xDD, 0x4F, 0x48, 0xD8, 0xDD,
    0xF0, 0xFF, 0x84, 0x84, 0x00, 0x00, 0xFF, 0xFF, 0x00, 0x00, 0x00, 0x00, 0x00, 0x00, 0x00, 0x00,
    0xDD, 0xFD, 0x00, 0x5B, 0x4D, 0xF8, 0x00, 0x70, 0xFD, 0x0F, 0x00, 0x40, 0x0F, 0x00, 0xE0, 0x8E,
    0x0F, 0x00, 0x4E, 0xEE, 0x00, 0x00, 0x8E, 0x41, 0x00, 0x00, 0xE0, 0x88, 0x00, 0x00, 0x00, 0xEE,
    0x25, 0xB5, 0x2B, 0x52, 0x57, 0x25, 0x52, 0x77, 0xB0, 0x55, 0x7B, 0x00, 0x0E, 0xBB, 0x00, 0x00,
    0xE1, 0x00, 0x00, 0x00, 0xE8, 0x00, 0x00, 0x00, 0x0E, 0x00, 0x00, 0x00, 0x00, 0x00, 0x00, 0x00,
    0x77, 0xD4, 0xDD, 0xDD, 0xF0, 0x8F, 0xDD, 0xDD, 0x00, 0xF0, 0x84, 0xDD, 0x00, 0x00, 0xFF, 0x84,
    0x00, 0x00, 0x00, 0xFF, 0x00, 0x00, 0x00, 0x00, 0x00, 0x00, 0x00, 0x00, 0x00, 0x00, 0x00, 0x00,
    0x00, 0x00, 0x00, 0xEE, 0x00, 0x00, 0x00, 0x1E, 0x00, 0x00, 0x00, 0x1E, 0x00, 0x00, 0x00, 0x4E,
    0x00, 0x00, 0x00, 0x8E, 0x00, 0x80, 0x88, 0x14, 0x88, 0x48, 0x11, 0x41, 0x14, 0x11, 0x84, 0xEE,
    0x4E, 0x8E, 0xE1, 0x00, 0x4E, 0x41, 0x41, 0x0E, 0x14, 0x41, 0x88, 0x0E, 0x84, 0x88, 0x14, 0xE4,
    0x48, 0x11, 0x41, 0xE8, 0x11, 0x84, 0xEE, 0x0E, 0xE8, 0xEE, 0x00, 0x00, 0x0E, 0x00, 0x00, 0x00,
    0x00, 0x00, 0x00, 0x00, 0x00, 0x00, 0x00, 0x00, 0x00, 0x00, 0x00, 0x00, 0x00, 0x00, 0x00, 0x00,
    0x0B, 0x00, 0x00, 0x00, 0x0B, 0x00, 0x00, 0x00, 0x0B, 0x00, 0x00, 0x00, 0xB6, 0x00, 0x00, 0x00,
    0x0B, 0x00, 0x00, 0x00, 0xB6, 0x00, 0x00, 0x00, 0xB5, 0x00, 0x00, 0x00, 0x65, 0x0B, 0x00, 0x00,
    0x55, 0x0B, 0x00, 0x00, 0x56, 0xB6, 0x00, 0x00, 0xBB, 0x0B, 0x00, 0x00, 0x0B, 0x00, 0x00, 0x00,
    0x41, 0xE8, 0xEE, 0x00, 0xEE, 0x0E, 0x00, 0x00, 0x00, 0x00, 0x00, 0x00, 0x00, 0x00, 0x00, 0x00,
    0xF0, 0x0F, 0x00, 0x00, 0xCF, 0xF8, 0x0F, 0x00, 0x48, 0xCC, 0xF8, 0x00, 0xCC, 0xCC, 0xF4, 0x00,
    0xCC, 0x8D, 0xFD, 0x00, 0xDD, 0xD4, 0xFD, 0x00, 0x8D, 0xFD, 0x0F, 0x00, 0xF4, 0x0F, 0x00, 0x00,
    0x0F, 0x00, 0x00, 0x00, 0x00, 0x00, 0x00, 0x00, 0x00, 0x00, 0x00, 0x00, 0x00, 0x00, 0x00, 0x00,
    0x00, 0x00, 0x00, 0x00, 0x00, 0x00, 0x00, 0x00, 0x00, 0x00, 0x00, 0x00, 0x00, 0x00, 0x00, 0x00,
    0x00, 0x00, 0x00, 0x00, 0x00, 0x00, 0x00, 0x00, 0x00, 0xE0, 0x0E, 0x00, 0xE0, 0x1E, 0xE8, 0x00,
};
static const u16 sFrame5[] = {
    0x0007, 0x40EA, 0x81F5, 0x0000, 0x00DA, 0x41FD, 0x0008, 0x40FA, 0x41F5, 0x000C, 0x40EA, 0x0015,
    0x0010, 0x80DA, 0x000D, 0x0012, 0x80F2, 0x0015, 0x0014, 0x00E2, 0x001D, 0x0016, 0x0000,
};
static const void* const sFrames5[] = { sFrame5 };
static const u8 sTiles6[768] __attribute__((aligned(4))) = {
    0x00, 0xB0, 0x56, 0x6B, 0x00, 0xB0, 0x65, 0x5B, 0x00, 0x6B, 0xBB, 0x5B, 0x00, 0xB0, 0x6D, 0xBB,
    0x00, 0xDF, 0x7D, 0x75, 0x00, 0xDF, 0xB8, 0x35, 0x00, 0x8F, 0x44, 0x78, 0xF0, 0x8D, 0x44, 0x48,
    0x55, 0x6A, 0x66, 0x56, 0x65, 0x6A, 0x65, 0x6A, 0xBB, 0x56, 0xA5, 0x55, 0xB6, 0x6B, 0xA5, 0x56,
    0x85, 0xB8, 0x56, 0x6B, 0x83, 0x71, 0x6B, 0xBB, 0x33, 0xB5, 0xB8, 0x44, 0x77, 0x87, 0x8D, 0x88,
    0xB6, 0x00, 0x00, 0x00, 0xB5, 0x00, 0x00, 0x00, 0x65, 0x0B, 0x00, 0x00, 0x55, 0x0B, 0x00, 0x00,
    0x56, 0xB6, 0x00, 0x00, 0xBB, 0x0B, 0x00, 0x00, 0x0B, 0x00, 0x00, 0x00, 0x0F, 0x00, 0x00, 0x00,
    0x00, 0x00, 0x00, 0x00, 0x00, 0x00, 0x00, 0x00, 0x00, 0x00, 0x00, 0x00, 0x00, 0x00, 0x00, 0x00,
    0x00, 0x00, 0xE0, 0xE0, 0x00, 0x00, 0x8E, 0x1E, 0x00, 0x00, 0x18, 0x1E, 0x00, 0x00, 0x18, 0x48,
    0xDF, 0xDF, 0x88, 0xFD, 0x9F, 0xDF, 0xDD, 0xFD, 0x97, 0xFC, 0xDD, 0xDD, 0x9F, 0xFC, 0xDD, 0xDD,
    0xD9, 0xF2, 0xDD, 0xFD, 0xDD, 0x5D, 0xFF, 0xFF, 0x88, 0xDD, 0x72, 0x73, 0xFF, 0xD4, 0xFD, 0x55,
    0x54, 0xF8, 0xDD, 0xDD, 0x4F, 0xFD, 0xDD, 0xDD, 0x18, 0xF4, 0xDD, 0xFD, 0x8F, 0x79, 0xFF, 0xCF,
    0x71, 0x17, 0x53, 0x27, 0x91, 0x17, 0x77, 0xC7, 0x97, 0x57, 0x55, 0x75, 0x73, 0xFF, 0x25, 0x52,
    0x0F, 0x00, 0x00, 0x00, 0xFF, 0x0F, 0x00, 0x00, 0x9F, 0xF7, 0x00, 0x00, 0x95, 0x7F, 0x0F, 0x00,
    0x9D, 0x77, 0x0F, 0x80, 0xFC, 0x99, 0x8F, 0x18, 0xDD, 0x8C, 0x18, 0x41, 0xE7, 0x18, 0x41, 0xE8,
    0x00, 0x00, 0x4E, 0x84, 0x00, 0x00, 0x8E, 0x18, 0x00, 0xE0, 0x18, 0x41, 0x80, 0x18, 0x41, 0xE8,
    0x18, 0x41, 0xE8, 0x0E, 0x41, 0xE8, 0x0E, 0x00, 0xE8, 0x0E, 0x00, 0x00, 0x0E, 0x00, 0x00, 0x00,
    0x57, 0x4F, 0xDD, 0x77, 0x35, 0xF7, 0xF4, 0xF5, 0x57, 0xF7, 0xBF, 0xF5, 0x75, 0x7B, 0xB0, 0x57,
    0xB7, 0x75, 0xB0, 0x25, 0x22, 0xB5, 0x40, 0x2B, 0x75, 0xBD, 0x80, 0x5B, 0xDD, 0xFD, 0xE0, 0xBB,
    0xF5, 0x81, 0x77, 0x25, 0x1F, 0xB4, 0xFF, 0x5B, 0x84, 0x85, 0x84, 0x7F, 0xFB, 0x11, 0x48, 0xB5,
    0x4B, 0x88, 0x44, 0x7F, 0xFF, 0x48, 0xF8, 0x75, 0xF2, 0x44, 0x58, 0x57, 0x55, 0xFF, 0x77, 0x22,
    0x8B, 0x41, 0xE8, 0x0E, 0x75, 0xE8, 0x0E, 0x00, 0x52, 0x0E, 0x00, 0x00, 0xB7, 0xB7, 0x00, 0x00,
    0xB5, 0x52, 0xFF, 0x00, 0x72, 0x55, 0x48, 0xFF, 0x72, 0xD7, 0xDD, 0x48, 0xB5, 0xDD, 0xDD, 0xCD,
    0x00, 0x00, 0x00, 0x00, 0x00, 0x00, 0x00, 0x00, 0x00, 0x00, 0x00, 0x00, 0x00, 0x00, 0x00, 0x00,
    0xF0, 0x0F, 0x00, 0x00, 0xCF, 0xF8, 0x0F, 0x00, 0x48, 0xCC, 0xF8, 0x00, 0xCC, 0xCC, 0xF4, 0x00,
    0xDD, 0xFD, 0x40, 0xB0, 0x4D, 0xF8, 0x80, 0x00, 0xFD, 0x0F, 0x00, 0x04, 0x0F, 0x00, 0xE0, 0x8E,
    0x0F, 0x00, 0x4E, 0xEE, 0x00, 0x00, 0x8E, 0x41, 0x00, 0x00, 0xE0, 0x88, 0x00, 0x00, 0x00, 0xEE,
    0x27, 0x55, 0x22, 0x75, 0x5B, 0x22, 0x75, 0x0B, 0xB0, 0x75, 0x0B, 0x00, 0x0E, 0xBB, 0x00, 0x00,
    0xE1, 0x00, 0x00, 0x00, 0xE8, 0x00, 0x00, 0x00, 0x0E, 0x00, 0x00, 0x00, 0x00, 0x00, 0x00, 0x00,
    0x8B, 0xD4, 0xDD, 0xDD, 0xF0, 0x8F, 0xDD, 0xDD, 0x00, 0xF0, 0x84, 0xDD, 0x00, 0x00, 0xFF, 0x84,
    0x00, 0x00, 0x00, 0xFF, 0x00, 0x00, 0x00, 0x00, 0x00, 0x00, 0x00, 0x00, 0x00, 0x00, 0x00, 0x00,
    0xCC, 0x8D, 0xFD, 0x00, 0xDD, 0xD4, 0xFD, 0x00, 0x8D, 0xFD, 0x0F, 0x00, 0xF4, 0x0F, 0x00, 0x00,
    0x0F, 0x00, 0x00, 0x00, 0x00, 0x00, 0x00, 0x00, 0x00, 0x00, 0x00, 0x00, 0x00, 0x00, 0x00, 0x00,
    0x00, 0xB0, 0xBB, 0xBB, 0x00, 0x6B, 0x55, 0x66, 0x00, 0xB0, 0x66, 0x55, 0x00, 0xB0, 0x56, 0x66,
    0x00, 0xB0, 0x6B, 0x66, 0x00, 0x6B, 0xA5, 0xAA, 0x00, 0xB0, 0x56, 0xA5, 0x00, 0x00, 0xBB, 0xA6,
    0x00, 0x00, 0xBB, 0x00, 0xBB, 0xBB, 0x66, 0x0B, 0x66, 0x55, 0xA6, 0xB6, 0x56, 0x56, 0x65, 0x6A,
    0x66, 0x66, 0x55, 0x6A, 0xAA, 0x66, 0x55, 0x66, 0x66, 0x56, 0x65, 0xA6, 0x65, 0xA6, 0x66, 0x66,
    0x00, 0x00, 0x00, 0x00, 0x00, 0x00, 0x00, 0x00, 0xE0, 0x0E, 0x00, 0x00, 0x1E, 0xE4, 0x00, 0x00,
    0x48, 0xE1, 0x00, 0x00, 0x88, 0x41, 0x0E, 0x00, 0x41, 0x84, 0x0E, 0x00, 0x84, 0x18, 0xE4, 0x00,
    0x18, 0x41, 0xE8, 0x00, 0x41, 0xE8, 0x0E, 0x00, 0xE8, 0x0E, 0x00, 0x00, 0x0E, 0x00, 0x00, 0x00,
    0x00, 0x00, 0x00, 0x00, 0x00, 0x00, 0x00, 0x00, 0x00, 0x00, 0x00, 0x00, 0x00, 0x00, 0x00, 0x00,
    0x00, 0x00, 0x00, 0x00, 0x00, 0x00, 0x00, 0x00, 0x00, 0x00, 0x00, 0xF0, 0x00, 0x00, 0x00, 0x7F,
    0x00, 0x00, 0x00, 0x9F, 0x00, 0x00, 0xF0, 0xDD, 0x00, 0x00, 0xF0, 0x88, 0x00, 0x00, 0x00, 0xDF,
    0x00, 0x00, 0x00, 0xB0, 0x00, 0x00, 0x00, 0x70, 0x00, 0x00, 0x00, 0x7B, 0x00, 0x00, 0xB0, 0xB5,
    0x00, 0x00, 0xB0, 0x72, 0x00, 0x00, 0xF0, 0x57, 0x00, 0xFF, 0xFF, 0x5D, 0xF0, 0x4D, 0x48, 0xD8,
    0x00, 0x00, 0x00, 0x00, 0x00, 0x00, 0x00, 0x00, 0x00, 0x00, 0x00, 0x00, 0x0B, 0x00, 0x00, 0x00,
    0x0B, 0x00, 0x00, 0x00, 0x0B, 0x00, 0x00, 0x00, 0xB6, 0x00, 0x00, 0x00, 0x0B, 0x00, 0x00, 0x00,
    0xDF, 0xC8, 0xCC, 0xDC, 0xDF, 0xC4, 0xCC, 0xDC, 0xDF, 0xD8, 0xCD, 0xDD, 0x4F, 0x48, 0xD8, 0xDD,
    0xF0, 0xFF, 0x84, 0x84, 0x00, 0x00, 0xFF, 0xFF, 0x00, 0x00, 0x00, 0x00, 0x00, 0x00, 0x00, 0x00,
};
static const u16 sFrame6[] = {
    0x0006, 0x00E2, 0x81FF, 0x0000, 0x40DA, 0x01FF, 0x0010, 0x80E2, 0x001F, 0x0012, 0x80EA, 0x01F7,
    0x0014, 0x00DA, 0x000F, 0x0016, 0x00FA, 0x01F7, 0x0017, 0x0000,
};
static const void* const sFrames6[] = { sFrame6 };
static const u8 sTiles7[768] __attribute__((aligned(4))) = {
    0x00, 0xB0, 0x56, 0x6B, 0x00, 0xB0, 0x65, 0x5B, 0x00, 0x6B, 0xBB, 0x5B, 0x00, 0xB0, 0x6D, 0xBB,
    0x00, 0xDF, 0x7D, 0x75, 0x00, 0xDF, 0xBD, 0x35, 0x00, 0xF0, 0x48, 0x74, 0xF0, 0xFF, 0x48, 0x44,
    0x55, 0x6A, 0x66, 0x56, 0x65, 0x6A, 0x65, 0x66, 0xBB, 0x56, 0xA5, 0x55, 0xB6, 0x6B, 0xA5, 0x56,
    0x85, 0xB8, 0x56, 0x6A, 0x83, 0x71, 0x6B, 0xBB, 0x33, 0xB5, 0xB8, 0x44, 0x77, 0x87, 0x8D, 0x88,
    0xB6, 0x00, 0x00, 0x00, 0xB5, 0x00, 0x00, 0x00, 0x65, 0x0B, 0x00, 0x00, 0x55, 0x0B, 0x00, 0x00,
    0x56, 0xB6, 0x00, 0x00, 0xBB, 0x0B, 0x00, 0x00, 0x0B, 0x00, 0x00, 0x00, 0x0F, 0x00, 0x00, 0x00,
    0x00, 0x00, 0x00, 0x00, 0x00, 0x00, 0x00, 0x00, 0x00, 0x00, 0x00, 0x00, 0x00, 0x00, 0x00, 0x00,
    0x00, 0x00, 0x00, 0x00, 0x00, 0x00, 0x00, 0x00, 0x00, 0x00, 0x00, 0x8E, 0x00, 0x00, 0x00, 0x4E,
    0x7F, 0xF9, 0x8D, 0xD8, 0x77, 0xF9, 0xDD, 0xDD, 0x9F, 0xFD, 0xDD, 0xDD, 0x29, 0xF7, 0xDD, 0xDD,
    0xDC, 0x5D, 0xFF, 0xFF, 0x88, 0xDD, 0x72, 0x73, 0xFF, 0xD4, 0xFD, 0x55, 0x57, 0x4F, 0xDD, 0x77,
    0xD4, 0xF8, 0xDD, 0xDD, 0x4F, 0xFD, 0xDD, 0xDD, 0x18, 0xF4, 0xDD, 0xFD, 0x8F, 0x17, 0xFF, 0xCF,
    0x71, 0x17, 0x57, 0x57, 0x9B, 0xF9, 0x57, 0x75, 0xB7, 0xFF, 0x25, 0x52, 0xF5, 0x81, 0xB7, 0x25,
    0x0F, 0x00, 0x00, 0x00, 0xFD, 0x0F, 0x00, 0x00, 0x9F, 0xF7, 0x00, 0x00, 0x92, 0x7F, 0x0F, 0x00,
    0x9D, 0x77, 0x0F, 0x00, 0xFC, 0x99, 0x0F, 0x88, 0xD7, 0xED, 0x88, 0x14, 0xB5, 0x8E, 0x14, 0x41,
    0x00, 0x00, 0x00, 0x1E, 0x00, 0x00, 0x00, 0x1E, 0x00, 0x00, 0x80, 0x8E, 0x00, 0x80, 0x48, 0x14,
    0x88, 0x48, 0x11, 0x84, 0x14, 0x11, 0xE4, 0xEE, 0x41, 0xE8, 0x0E, 0x00, 0xEE, 0x0E, 0x00, 0x00,
    0x35, 0xF7, 0xD4, 0xFF, 0x57, 0xF7, 0x4F, 0xF5, 0x75, 0x7B, 0xF0, 0x55, 0xB7, 0x75, 0x00, 0x5B,
    0x22, 0xB5, 0x00, 0x5E, 0x75, 0xBD, 0xE0, 0x74, 0xDD, 0xFD, 0xE0, 0xB8, 0xDD, 0xFD, 0x00, 0x0E,
    0x1F, 0xB4, 0xFF, 0xBB, 0x84, 0x85, 0x84, 0xBF, 0xFB, 0x41, 0x88, 0x5F, 0x4B, 0x88, 0x84, 0x25,
    0xFF, 0x18, 0x41, 0xBF, 0xF2, 0x44, 0x58, 0x7B, 0x75, 0xFF, 0x77, 0x25, 0x27, 0x75, 0x25, 0x52,
    0x57, 0x87, 0x88, 0xEE, 0x22, 0xE5, 0xEE, 0x00, 0x7B, 0xBB, 0x00, 0x00, 0x5B, 0x5B, 0xFF, 0x00,
    0x25, 0x57, 0x48, 0xFF, 0x25, 0xD7, 0xDD, 0x48, 0x72, 0xDB, 0xDD, 0xCD, 0xBB, 0xD5, 0xDD, 0xDD,
    0x00, 0x00, 0x00, 0x00, 0x00, 0x00, 0x00, 0x00, 0x00, 0x00, 0x00, 0x00, 0xF0, 0x0F, 0x00, 0x00,
    0xCF, 0xF8, 0x0F, 0x00, 0x48, 0xCC, 0xF8, 0x00, 0xCC, 0xCC, 0xF4, 0x00, 0xCC, 0x8D, 0xFD, 0x00,
    0x4D, 0xF8, 0x00, 0x08, 0xFD, 0x0F, 0x00, 0x04, 0x0F, 0x00, 0xE0, 0x8E, 0x0F, 0x00, 0x4E, 0xEE,
    0x00, 0x00, 0x8E, 0x41, 0x00, 0x00, 0xE0, 0x88, 0x00, 0x00, 0x00, 0xEE, 0x00, 0x00, 0x00, 0x00,
    0x7B, 0x22, 0x52, 0x7B, 0xB0, 0x55, 0xB5, 0x00, 0x0E, 0xBB, 0x07, 0x00, 0xE1, 0x00, 0x00, 0x00,
    0xE8, 0x00, 0x00, 0x00, 0x0E, 0x00, 0x00, 0x00, 0x00, 0x00, 0x00, 0x00, 0x00, 0x00, 0x00, 0x00,
    0x00, 0x8F, 0xDD, 0xDD, 0x00, 0xF0, 0x84, 0xDD, 0x00, 0x00, 0xFF, 0x84, 0x00, 0x00, 0x00, 0xFF,
    0x00, 0x00, 0x00, 0x00, 0x00, 0x00, 0x00, 0x00, 0x00, 0x00, 0x00, 0x00, 0x00, 0x00, 0x00, 0x00,
    0xDD, 0xD4, 0xFD, 0x00, 0x8D, 0xFD, 0x0F, 0x00, 0xF4, 0x0F, 0x00, 0x00, 0x0F, 0x00, 0x00, 0x00,
    0x00, 0x00, 0x00, 0x00, 0x00, 0x00, 0x00, 0x00, 0x00, 0x00, 0x00, 0x00, 0x00, 0x00, 0x00, 0x00,
    0x00, 0xB0, 0x00, 0xB0, 0x00, 0x6B, 0xBB, 0x6B, 0x00, 0xB0, 0x55, 0x55, 0x00, 0xB0, 0x56, 0x66,
    0x00, 0x00, 0x6B, 0x66, 0x00, 0xBB, 0xAB, 0xAA, 0x00, 0xB0, 0x56, 0x65, 0x00, 0x00, 0xBB, 0xA6,
    0x00, 0x00, 0xBB, 0x00, 0xBB, 0xBB, 0x66, 0x0B, 0x66, 0x55, 0xA6, 0xB6, 0x56, 0x56, 0x65, 0x6A,
    0x66, 0x66, 0x55, 0x6A, 0xA6, 0x66, 0x55, 0x66, 0xAA, 0x56, 0x65, 0xA6, 0x65, 0x66, 0x66, 0x66,
    0x00, 0x00, 0x00, 0x00, 0x00, 0x00, 0x00, 0x00, 0x00, 0x00, 0x00, 0x00, 0x00, 0x00, 0x00, 0x00,
    0x00, 0xE0, 0x0E, 0x00, 0x00, 0x1E, 0xE4, 0x00, 0xEE, 0xE8, 0x81, 0x0E, 0x4E, 0x41, 0x44, 0x0E,
    0x14, 0x41, 0x88, 0xE4, 0x84, 0x88, 0x11, 0xE4, 0x48, 0x41, 0xE8, 0x0E, 0x41, 0xEE, 0x0E, 0x00,
    0xEE, 0x00, 0x00, 0x00, 0x00, 0x00, 0x00, 0x00, 0x00, 0x00, 0x00, 0x00, 0x00, 0x00, 0x00, 0x00,
    0x00, 0x00, 0x00, 0x00, 0x00, 0x00, 0x00, 0xF0, 0x00, 0x00, 0x00, 0x7F, 0x00, 0x00, 0x00, 0x9F,
    0x00, 0x00, 0xF0, 0xC8, 0x00, 0x00, 0xF0, 0x8F, 0x00, 0x00, 0x00, 0xDF, 0x00, 0x00, 0x00, 0xB0,
    0x00, 0x00, 0x00, 0x70, 0x00, 0x00, 0x00, 0x7B, 0x00, 0x00, 0xB0, 0xB5, 0x00, 0x00, 0xB0, 0x72,
    0x00, 0x00, 0xF0, 0x57, 0x00, 0xFF, 0xFF, 0x5D, 0xF0, 0x4D, 0x48, 0xD8, 0xDF, 0xC8, 0xCC, 0xDC,
    0x00, 0x00, 0x00, 0x00, 0x00, 0x00, 0x00, 0x00, 0x00, 0x00, 0x00, 0x00, 0x0B, 0x00, 0x00, 0x00,
    0x0B, 0x00, 0x00, 0x00, 0x0B, 0x00, 0x00, 0x00, 0xB6, 0x00, 0x00, 0x00, 0x0B, 0x00, 0x00, 0x00,
    0xDF, 0xC4, 0xCC, 0xDC, 0xDF, 0xD8, 0xCD, 0xDD, 0x4F, 0x48, 0xD8, 0xDD, 0xF0, 0xFF, 0x84, 0x84,
    0x00, 0x00, 0xFF, 0xFF, 0x00, 0x00, 0x00, 0x00, 0x00, 0x00, 0x00, 0x00, 0x00, 0x00, 0x00, 0x00,
};
static const u16 sFrame7[] = {
    0x0006, 0x00E3, 0x81FB, 0x0000, 0x40DB, 0x01FB, 0x0010, 0x80E3, 0x001B, 0x0012, 0x80EB, 0x01F3,
    0x0014, 0x00DB, 0x000B, 0x0016, 0x00FB, 0x01F3, 0x0017, 0x0000,
};
static const void* const sFrames7[] = { sFrame7 };
static const u8 sTiles8[704] __attribute__((aligned(4))) = {
    0x00, 0x00, 0x00, 0x00, 0x00, 0xCC, 0x00, 0xC0, 0xC0, 0x48, 0xCC, 0x4C, 0xC0, 0x14, 0x4C, 0x1C,
    0xC0, 0x41, 0x18, 0x48, 0x80, 0x41, 0x11, 0x41, 0x4C, 0x44, 0x44, 0x44, 0x4C, 0x11, 0x11, 0x11,
    0x00, 0x00, 0x00, 0x00, 0x0C, 0x00, 0xF0, 0xF8, 0xC8, 0x00, 0x19, 0x84, 0xC4, 0xB0, 0x73, 0x59,
    0xC1, 0x90, 0x55, 0x37, 0x81, 0xBC, 0x97, 0xF4, 0x84, 0xC8, 0xCC, 0xCC, 0x11, 0x11, 0x11, 0x11,
    0x79, 0xB7, 0x6B, 0x8B, 0xBF, 0x7B, 0x59, 0xF4, 0x1F, 0xD4, 0x97, 0xF4, 0x47, 0xCF, 0x4D, 0xFF,
    0x89, 0xCF, 0x14, 0xF8, 0xFF, 0xF0, 0x8D, 0x5C, 0xCC, 0xCC, 0xCC, 0xCC, 0x11, 0x11, 0x11, 0x41,
    0x4F, 0xB8, 0xDC, 0x9F, 0x48, 0x84, 0xFF, 0x53, 0x48, 0x84, 0xFF, 0xFF, 0x82, 0x98, 0xF9, 0x14,
    0xF5, 0x59, 0xF2, 0x5F, 0xDD, 0x27, 0xB7, 0x8F, 0xCC, 0x79, 0x7B, 0x48, 0x88, 0x55, 0xF9, 0xF1,
    0x8C, 0x44, 0x44, 0x44, 0xC0, 0xCC, 0xCC, 0xCC, 0x00, 0x00, 0x00, 0x00, 0x00, 0x00, 0x00, 0x00,
    0x00, 0x00, 0x00, 0x00, 0x00, 0x00, 0x00, 0x00, 0x00, 0x00, 0x00, 0x00, 0x00, 0x00, 0x00, 0x00,
    0x44, 0x44, 0x44, 0x44, 0xCC, 0xCC, 0xCC, 0xCC, 0x00, 0x00, 0x00, 0x00, 0x00, 0x00, 0x00, 0x00,
    0x00, 0x00, 0x00, 0x00, 0x00, 0x00, 0x00, 0x00, 0x00, 0x00, 0x00, 0x00, 0x00, 0x00, 0x00, 0x00,
    0x44, 0x44, 0x44, 0x84, 0xCC, 0xCC, 0xCC, 0xCC, 0x00, 0x00, 0xF0, 0x2D, 0x00, 0x00, 0xD0, 0x75,
    0x00, 0x00, 0x4F, 0xC4, 0x00, 0x00, 0xCD, 0x4C, 0x00, 0x00, 0xDF, 0xCC, 0x00, 0x00, 0xCF, 0xDD,
    0x88, 0x22, 0xF7, 0x45, 0xBB, 0x99, 0x7B, 0x8F, 0x75, 0x5B, 0x99, 0x9F, 0xCC, 0x7B, 0x55, 0x99,
    0xCC, 0xBC, 0x9B, 0x59, 0x84, 0xD8, 0x2F, 0xBC, 0xDC, 0xFD, 0x25, 0xDF, 0xFD, 0x59, 0x59, 0xDF,
    0x00, 0x00, 0xBB, 0x00, 0x00, 0xB0, 0x5A, 0xB6, 0x00, 0xB0, 0xAB, 0x65, 0x00, 0x00, 0xB0, 0x5A,
    0x00, 0x00, 0xBB, 0xAB, 0x00, 0xB0, 0xAA, 0x55, 0x00, 0xB0, 0xA5, 0x5A, 0x00, 0x5B, 0xAA, 0xA5,
    0x00, 0xB0, 0x00, 0x00, 0x00, 0xAB, 0x0B, 0x00, 0xBB, 0xB0, 0xBA, 0x00, 0x56, 0xBB, 0xA6, 0xBB,
    0x65, 0xB5, 0x65, 0x6A, 0x5A, 0x55, 0x56, 0xA6, 0xA5, 0x5A, 0x66, 0x56, 0x55, 0x65, 0x66, 0x55,
    0x00, 0xBB, 0xAB, 0x5A, 0x00, 0x00, 0xB0, 0x56, 0x00, 0x00, 0xB0, 0xB5, 0x00, 0x00, 0xB0, 0xB6,
    0x00, 0x00, 0xB0, 0x7B, 0x00, 0x00, 0x00, 0x39, 0x00, 0x00, 0x00, 0x59, 0x00, 0x00, 0x00, 0x90,
    0xAA, 0x65, 0x66, 0x56, 0x6B, 0x6A, 0x66, 0x66, 0xBB, 0x56, 0x6B, 0x66, 0x56, 0x6B, 0xB5, 0x66,
    0xB5, 0x6B, 0xB5, 0x66, 0x83, 0xB8, 0x66, 0x6B, 0x83, 0x51, 0xBB, 0x6B, 0x35, 0x75, 0x5B, 0x6B,
    0x5F, 0x97, 0x75, 0xDD, 0x99, 0xF0, 0x84, 0xDD, 0x00, 0x00, 0x4F, 0xDD, 0x00, 0xF0, 0xC8, 0xDC,
    0x00, 0x4F, 0xCC, 0xDC, 0x00, 0x8F, 0xCC, 0xDC, 0x00, 0x4F, 0xCC, 0xDC, 0x00, 0x8F, 0xCC, 0xDD,
    0x8D, 0xF4, 0xCC, 0xFC, 0x4D, 0xDF, 0xDD, 0x4C, 0x8D, 0xDF, 0xDD, 0xDD, 0x4D, 0xDF, 0xDD, 0x4D,
    0x8D, 0xDF, 0xDD, 0x84, 0x4D, 0xDF, 0x4D, 0xF8, 0x8D, 0xDF, 0xF4, 0x0F, 0x4D, 0x8F, 0x0F, 0x00,
    0x00, 0x4F, 0xCC, 0xDD, 0x00, 0xF0, 0x48, 0x48, 0x00, 0x00, 0xFF, 0xFF, 0x00, 0x00, 0x00, 0x00,
    0x00, 0x00, 0x00, 0x00, 0x00, 0x00, 0x00, 0x00, 0x00, 0x00, 0x00, 0x00, 0x00, 0x00, 0x00, 0x00,
    0xF4, 0xF4, 0x00, 0x00, 0xF8, 0x0F, 0x00, 0x00, 0x0F, 0x00, 0x00, 0x00, 0x00, 0x00, 0x00, 0x00,
    0x00, 0x00, 0x00, 0x00, 0x00, 0x00, 0x00, 0x00, 0x00, 0x00, 0x00, 0x00, 0x00, 0x00, 0x00, 0x00,
    0x00, 0x00, 0x00, 0x00, 0x00, 0x00, 0x00, 0x00, 0x00, 0x00, 0x00, 0x00, 0x0B, 0x00, 0x00, 0x00,
    0x0B, 0x00, 0x00, 0x00, 0xB6, 0x6B, 0x0B, 0x00, 0x65, 0x66, 0x0B, 0x00, 0x65, 0xB6, 0x00, 0x00,
    0x56, 0x66, 0x0B, 0x00, 0xA6, 0x56, 0xB5, 0x00, 0x65, 0xAA, 0x6A, 0x0B, 0x65, 0x55, 0xAB, 0x00,
    0x5A, 0xAA, 0xB6, 0x0F, 0xAA, 0x65, 0xBA, 0xFB, 0x5A, 0xA6, 0xDB, 0xFD, 0xBB, 0xBF, 0xDC, 0x0F,
    0x00, 0x00, 0x00, 0x00, 0xFF, 0x00, 0x00, 0x00, 0x11, 0x7F, 0x09, 0x00, 0x84, 0x2F, 0x92, 0x00,
    0xF2, 0xF8, 0x99, 0x0B, 0x14, 0xF4, 0x79, 0x0B, 0x48, 0x8F, 0x7F, 0x0B, 0x88, 0x41, 0x9F, 0xB9,
    0x11, 0x84, 0x9F, 0xB7, 0x54, 0x73, 0x9B, 0x0B, 0x79, 0xB9, 0x79, 0x0B, 0xBB, 0x79, 0xB2, 0x00,
    0x55, 0x22, 0xB5, 0x00, 0x9B, 0x77, 0x0B, 0x00, 0xDD, 0xF4, 0x0F, 0x00, 0xDD, 0xF8, 0xFF, 0x0F,
    0x00, 0x00, 0xF0, 0xDC, 0x00, 0x00, 0x00, 0xFF, 0x00, 0x00, 0x00, 0x00, 0x00, 0x00, 0x00, 0x00,
    0x00, 0x00, 0x00, 0x00, 0x00, 0x00, 0x00, 0x00, 0x00, 0x00, 0x00, 0x00, 0x00, 0x00, 0x00, 0x00,
    0x00, 0x00, 0x00, 0x00, 0x0F, 0x00, 0x00, 0x00, 0xF4, 0x00, 0x00, 0x00, 0xF8, 0x00, 0x00, 0x00,
    0x0F, 0x00, 0x00, 0x00, 0x00, 0x00, 0x00, 0x00, 0x00, 0x00, 0x00, 0x00, 0x00, 0x00, 0x00, 0x00,
};
static const u16 sFrame8[] = {
    0x0007, 0x40E5, 0x81E1, 0x0000, 0x00D5, 0x41E9, 0x0008, 0x00F5, 0x41F9, 0x000C, 0x80D5, 0x01F9,
    0x0010, 0x80E5, 0x0001, 0x0012, 0x00F5, 0x01F1, 0x0014, 0x00F5, 0x0009, 0x0015, 0x0000,
};
static const void* const sFrames8[] = { sFrame8 };
static const u8 sTiles9[832] __attribute__((aligned(4))) = {
    0x00, 0xB0, 0xBB, 0xAA, 0x00, 0x00, 0x00, 0x6B, 0x00, 0x00, 0x00, 0x5B, 0x00, 0x00, 0x00, 0x6B,
    0x00, 0x00, 0x00, 0xBB, 0x00, 0x00, 0x00, 0x90, 0x00, 0x00, 0x00, 0x90, 0x00, 0xF9, 0x0F, 0xF0,
    0xA5, 0x5A, 0x66, 0x66, 0xB5, 0xA6, 0x66, 0x66, 0xBB, 0x6B, 0xB5, 0x66, 0x6B, 0xB5, 0x56, 0x6B,
    0x57, 0xBB, 0x56, 0x6B, 0x33, 0x88, 0x6B, 0xB6, 0x35, 0x18, 0xB5, 0xBB, 0x59, 0x53, 0xB7, 0xB5,
    0x65, 0x65, 0xB6, 0x00, 0x66, 0x6A, 0x55, 0x0B, 0x56, 0xA6, 0xAA, 0xB6, 0x56, 0x56, 0xB5, 0x0A,
    0xA6, 0xA5, 0x6A, 0x0B, 0xA6, 0x5A, 0xA6, 0xBB, 0xA6, 0x65, 0xBA, 0x9D, 0xB6, 0xDB, 0xDB, 0x59,
    0x00, 0x00, 0x00, 0x00, 0x00, 0x00, 0x00, 0x00, 0x00, 0x00, 0x00, 0x00, 0x00, 0x00, 0x00, 0x00,
    0x00, 0x00, 0x00, 0x00, 0x00, 0xF0, 0xFF, 0x90, 0x97, 0xF9, 0xF1, 0xFF, 0x53, 0x1F, 0x84, 0xF4,
    0x90, 0x15, 0xF4, 0x1F, 0x3B, 0x97, 0x55, 0xF4, 0x57, 0x75, 0x73, 0x81, 0x7B, 0xC9, 0xCF, 0xCC,
    0xCC, 0xCB, 0x8C, 0x81, 0x1C, 0x8C, 0xC1, 0x18, 0x4C, 0x84, 0x11, 0x44, 0x8C, 0x41, 0x84, 0x88,
    0x94, 0x77, 0xBB, 0xB6, 0x81, 0xBB, 0x9D, 0x47, 0xC4, 0xDC, 0xFD, 0x49, 0xC8, 0xDD, 0x8F, 0xC4,
    0x8C, 0xFF, 0x4F, 0x81, 0xC8, 0x88, 0x88, 0x88, 0x84, 0x88, 0x44, 0x11, 0x48, 0x11, 0x11, 0x84,
    0xDF, 0xC4, 0xDB, 0x57, 0x8D, 0x84, 0xCC, 0x9D, 0x8F, 0x44, 0xD8, 0x9D, 0x2C, 0x88, 0xCF, 0xBC,
    0x81, 0x88, 0x88, 0xB8, 0x48, 0x14, 0x41, 0x88, 0x11, 0x41, 0xC8, 0xCC, 0xCC, 0xCC, 0x8C, 0xDD,
    0x97, 0x1F, 0x1F, 0x48, 0x22, 0x8F, 0x4F, 0x88, 0x52, 0xF9, 0xF4, 0x14, 0x97, 0xFB, 0xF1, 0x71,
    0x25, 0x0B, 0x59, 0x39, 0x22, 0xB9, 0xB0, 0x9B, 0x7B, 0x95, 0x99, 0x57, 0x9F, 0x25, 0x25, 0x52,
    0xC0, 0x88, 0x48, 0x11, 0xC0, 0x18, 0x41, 0xCC, 0x00, 0xCC, 0xCC, 0x00, 0x00, 0x00, 0x00, 0x00,
    0x00, 0x00, 0x00, 0x00, 0x00, 0x00, 0xF0, 0xFF, 0x00, 0x00, 0x8F, 0x84, 0x00, 0xF0, 0xC4, 0xCC,
    0x41, 0xC8, 0xCC, 0xCC, 0xCC, 0x4C, 0x44, 0xCC, 0x00, 0x90, 0xF7, 0x84, 0x00, 0x90, 0xF3, 0xCF,
    0x00, 0x00, 0x59, 0xD9, 0x0F, 0x00, 0x70, 0xF5, 0xF4, 0x00, 0x90, 0xF5, 0x8C, 0x0F, 0x7F, 0x9B,
    0x57, 0xDD, 0x7D, 0xF7, 0xCC, 0x9C, 0xD9, 0x97, 0x88, 0x98, 0x77, 0xD9, 0xDC, 0xDD, 0x99, 0xDD,
    0xDD, 0xFD, 0xDF, 0xDD, 0xFD, 0x0F, 0xDF, 0xDD, 0x97, 0x00, 0xF0, 0xDF, 0x25, 0x0F, 0x00, 0xF0,
    0xCD, 0x79, 0x97, 0xB9, 0xCD, 0xCC, 0x0F, 0x00, 0xCD, 0x8C, 0xFC, 0x00, 0xCC, 0xD8, 0xFC, 0x00,
    0xDD, 0xC8, 0x9F, 0x00, 0x4D, 0xFD, 0x35, 0xB7, 0xD4, 0x9F, 0x57, 0x55, 0xFF, 0x00, 0xB0, 0x29,
    0x00, 0xF0, 0xC8, 0xCC, 0x00, 0xF0, 0xC4, 0xCC, 0x00, 0xF0, 0xD8, 0xCC, 0x00, 0xF0, 0xD4, 0xDD,
    0x00, 0x00, 0x8F, 0x84, 0x00, 0x00, 0xF0, 0xFF, 0x00, 0x00, 0x00, 0x00, 0x00, 0x00, 0x00, 0x00,
    0xCC, 0xF4, 0x29, 0x77, 0xCC, 0x8C, 0x59, 0x52, 0xDC, 0xDC, 0xCC, 0x79, 0xDD, 0xDD, 0xCD, 0xDC,
    0x84, 0xD4, 0xDD, 0xDD, 0xFF, 0x48, 0xD8, 0xDD, 0x00, 0xFF, 0x4F, 0x48, 0x00, 0x00, 0xF0, 0xFF,
    0x22, 0x0F, 0x00, 0x00, 0x75, 0x0F, 0x00, 0x00, 0xF9, 0x00, 0x00, 0x00, 0xFD, 0x00, 0x00, 0x00,
    0xFD, 0x00, 0x00, 0x00, 0xF8, 0x00, 0x00, 0x00, 0x0F, 0x00, 0x00, 0x00, 0x00, 0x00, 0x00, 0x00,
    0x00, 0x00, 0x00, 0x5B, 0x00, 0x00, 0x00, 0xB0, 0x00, 0x00, 0x00, 0x00, 0x00, 0x00, 0x00, 0x00,
    0x00, 0x00, 0x00, 0x00, 0x00, 0x00, 0x00, 0x00, 0x00, 0x00, 0x00, 0x00, 0x00, 0x00, 0x00, 0x00,
    0x95, 0xDD, 0xDD, 0xF4, 0xD7, 0xDD, 0xDD, 0x8D, 0xD0, 0xD8, 0xDD, 0x4D, 0xF0, 0x84, 0xDD, 0x8D,
    0xF0, 0xC4, 0xDD, 0xDD, 0xF0, 0xC8, 0xDD, 0xDD, 0x4F, 0xCC, 0xDC, 0xDD, 0x8F, 0xCC, 0xDC, 0xDD,
    0x00, 0x00, 0x00, 0x00, 0x0F, 0x00, 0x00, 0x00, 0x0F, 0x00, 0x00, 0x00, 0x0F, 0x00, 0x00, 0x00,
    0xF4, 0x00, 0x00, 0x00, 0xF8, 0x00, 0x00, 0x00, 0xF4, 0x00, 0x00, 0x00, 0xF8, 0x00, 0x00, 0x00,
    0x4F, 0xCC, 0xDD, 0x4D, 0x8F, 0xC4, 0xDD, 0xF8, 0xF0, 0x48, 0x48, 0x0F, 0x00, 0xFF, 0xFF, 0x00,
    0x00, 0x00, 0x00, 0x00, 0x00, 0x00, 0x00, 0x00, 0x00, 0x00, 0x00, 0x00, 0x00, 0x00, 0x00, 0x00,
    0x0F, 0x00, 0x00, 0x00, 0x00, 0x00, 0x00, 0x00, 0x00, 0x00, 0x00, 0x00, 0x00, 0x00, 0x00, 0x00,
    0x00, 0x00, 0x00, 0x00, 0x00, 0x00, 0x00, 0x00, 0x00, 0x00, 0x00, 0x00, 0x00, 0x00, 0x00, 0x00,
    0x00, 0x00, 0xB0, 0x0B, 0x00, 0x00, 0xAB, 0x65, 0x00, 0x00, 0xBB, 0x5A, 0x00, 0x00, 0x00, 0xAB,
    0x00, 0x00, 0xB0, 0xBB, 0x00, 0x00, 0xAB, 0x5A, 0x00, 0x00, 0x5B, 0xAA, 0x00, 0xB0, 0xA5, 0x5A,
    0x00, 0x00, 0x0B, 0x00, 0x0B, 0xB0, 0xBA, 0x00, 0xB6, 0x0B, 0xAB, 0x0B, 0x65, 0xB5, 0x6B, 0xBA,
    0x5A, 0x56, 0x5B, 0xA6, 0xA5, 0x55, 0x65, 0x65, 0x55, 0xAA, 0x65, 0x66, 0x5A, 0x55, 0x66, 0x56,
    0x00, 0x00, 0x00, 0x00, 0x00, 0x00, 0x00, 0x00, 0x00, 0x00, 0x00, 0x00, 0x00, 0x00, 0x00, 0x00,
    0x00, 0x00, 0x00, 0x00, 0x09, 0x00, 0x00, 0x00, 0x95, 0x00, 0x00, 0x00, 0x9F, 0x0B, 0x00, 0x00,
    0xF8, 0x0B, 0x00, 0x00, 0xB1, 0xB7, 0x00, 0x00, 0x54, 0xBB, 0x00, 0x00, 0x75, 0xBB, 0x00, 0x00,
    0xB5, 0x95, 0x00, 0x00, 0x5B, 0x72, 0x09, 0x00, 0x22, 0x52, 0x09, 0x00, 0x97, 0xB9, 0x00, 0x00,
    0x00, 0x00, 0x00, 0x00, 0x00, 0x00, 0x00, 0x00, 0x00, 0x00, 0x00, 0x00, 0xBB, 0x00, 0x00, 0x00,
    0xB6, 0x00, 0x00, 0x00, 0x6A, 0xBB, 0xB6, 0x00, 0x55, 0x66, 0xB6, 0x00, 0x55, 0x66, 0x0B, 0x00,
    0xBB, 0x0B, 0x00, 0x00, 0x00, 0x00, 0x00, 0x00, 0x00, 0x00, 0x00, 0x00, 0x00, 0x00, 0x00, 0x00,
    0x99, 0xF0, 0xFF, 0x0F, 0x52, 0xC9, 0xDD, 0xF8, 0x72, 0xCD, 0xDD, 0xF4, 0x95, 0xDD, 0xDD, 0xF8,
};
static const u16 sFrame9[] = {
    0x0006, 0x00DC, 0x81EA, 0x0000, 0x00F4, 0x400A, 0x0010, 0x40D4, 0x01EA, 0x0014, 0x80DC, 0x000A,
    0x0016, 0x00D4, 0x01FA, 0x0018, 0x00EC, 0x000A, 0x0019, 0x0000,
};
static const void* const sFrames9[] = { sFrame9 };
static const u8 sTiles10[864] __attribute__((aligned(4))) = {
    0x00, 0x00, 0xB0, 0xBB, 0x00, 0x00, 0x00, 0x00, 0x00, 0x00, 0x00, 0x00, 0x00, 0x00, 0x00, 0x00,
    0x00, 0x00, 0x00, 0x00, 0x00, 0x00, 0x00, 0x00, 0x00, 0x00, 0x00, 0x00, 0x00, 0x00, 0x90, 0xFF,
    0xAA, 0xA5, 0x5A, 0x66, 0x6B, 0xB5, 0xA6, 0x66, 0x5B, 0xBB, 0x6B, 0xB5, 0x6B, 0x6B, 0xB5, 0x56,
    0xBB, 0x57, 0xBB, 0x56, 0x90, 0x33, 0x88, 0x6B, 0x90, 0x35, 0x18, 0xB5, 0x8F, 0x59, 0x53, 0xB7,
    0x66, 0x65, 0x65, 0xB6, 0x66, 0x66, 0x6A, 0x55, 0x66, 0x56, 0xA6, 0xAA, 0x6B, 0x56, 0x56, 0xB5,
    0x6B, 0xA6, 0xA5, 0x6A, 0xB6, 0xA6, 0x5A, 0xA6, 0xBB, 0xA6, 0x65, 0xBA, 0xB5, 0xB6, 0xCB, 0x7B,
    0x00, 0x00, 0x00, 0x00, 0x0B, 0x00, 0x00, 0x00, 0xB6, 0x00, 0x00, 0x00, 0x0A, 0x00, 0x00, 0x00,
    0x0B, 0x00, 0x00, 0x00, 0xBB, 0x09, 0xFF, 0xB0, 0x3D, 0xF5, 0x48, 0x5F, 0x79, 0x8F, 0x81, 0xFF,
    0x00, 0x90, 0x57, 0x84, 0x00, 0x7B, 0x73, 0x79, 0x00, 0x5B, 0x53, 0x37, 0x00, 0xB0, 0x97, 0xF4,
    0x00, 0x00, 0xBB, 0xFF, 0x00, 0x00, 0x00, 0x00, 0x00, 0x00, 0x00, 0x00, 0x00, 0x00, 0x00, 0x00,
    0xF9, 0x94, 0x77, 0xBB, 0x85, 0x81, 0xBB, 0x9D, 0xF7, 0xF4, 0x4F, 0xFD, 0xF4, 0xF8, 0xD0, 0x8D,
    0xFF, 0x0F, 0x00, 0x04, 0x00, 0x00, 0x40, 0x81, 0x00, 0x00, 0x00, 0x08, 0x00, 0x00, 0x00, 0x00,
    0xB6, 0x8D, 0xC8, 0xDB, 0x87, 0x4D, 0x84, 0xCC, 0x28, 0x48, 0x84, 0xF8, 0x2F, 0x85, 0xD8, 0xDF,
    0x1C, 0xDD, 0xFF, 0xDD, 0xCC, 0x11, 0xDD, 0xE8, 0x77, 0x1C, 0x8D, 0x14, 0x90, 0x8C, 0x18, 0x41,
    0xDF, 0x18, 0xF8, 0x88, 0xD7, 0x18, 0x87, 0x11, 0xF7, 0xFF, 0x14, 0x88, 0x57, 0xF2, 0xF1, 0x44,
    0x7E, 0x95, 0x85, 0x11, 0x78, 0x52, 0x99, 0x55, 0x88, 0x75, 0x75, 0xBB, 0xE8, 0x5B, 0x52, 0x57,
    0xF4, 0x55, 0x00, 0x00, 0xF4, 0x7F, 0x07, 0x00, 0x18, 0xF8, 0x0B, 0x00, 0x48, 0xF8, 0x5B, 0x00,
    0x54, 0xF7, 0xB5, 0x00, 0x93, 0xFF, 0xB2, 0x00, 0x5B, 0x22, 0x75, 0xFF, 0x22, 0x77, 0xDB, 0xDD,
    0x00, 0x00, 0x00, 0x00, 0x00, 0x00, 0x00, 0x00, 0x00, 0x00, 0x00, 0x00, 0x00, 0x00, 0x00, 0x00,
    0x00, 0x00, 0x00, 0x00, 0x00, 0x00, 0x00, 0x00, 0x00, 0x00, 0x00, 0x00, 0x0F, 0x00, 0x00, 0x00,
    0xBB, 0x8C, 0xD4, 0xFD, 0x72, 0xCC, 0x48, 0xFD, 0x22, 0xDD, 0xDD, 0xD8, 0x2B, 0xD5, 0xDD, 0x4D,
    0x79, 0xF5, 0xDF, 0xDD, 0xB0, 0x0B, 0xF0, 0xDD, 0x00, 0x00, 0x00, 0xDF, 0x00, 0x00, 0x00, 0xCF,
    0xFF, 0x00, 0x00, 0x00, 0xDD, 0xFF, 0x00, 0x00, 0xDD, 0xDD, 0xFF, 0x00, 0xD8, 0xDD, 0xDD, 0x0F,
    0x84, 0xDD, 0xDD, 0x0F, 0x4D, 0xDD, 0xDD, 0x0F, 0xDD, 0xD8, 0xDD, 0x0F, 0xDD, 0xD4, 0xFD, 0x00,
    0x00, 0x00, 0x00, 0x00, 0x00, 0x00, 0x00, 0x00, 0x00, 0x00, 0x00, 0xE0, 0x00, 0x00, 0xEE, 0x8E,
    0x00, 0xE0, 0x84, 0x4E, 0x00, 0xE0, 0x41, 0x14, 0x00, 0xFF, 0x1E, 0x84, 0xF0, 0x84, 0x4E, 0x48,
    0x00, 0x00, 0x00, 0x00, 0x8E, 0x0E, 0x00, 0xF0, 0x18, 0xE4, 0x00, 0x88, 0x4E, 0x41, 0x8E, 0x14,
    0x41, 0x84, 0x14, 0x41, 0x81, 0x18, 0x41, 0xE8, 0x48, 0x41, 0xE8, 0xCE, 0x11, 0xE4, 0x3E, 0xF5,
    0xF0, 0xC8, 0xEC, 0x11, 0x4F, 0xCD, 0xEC, 0x84, 0x8F, 0xDD, 0xCC, 0xEE, 0x4F, 0xDD, 0xCC, 0xDD,
    0x8F, 0xDD, 0xCD, 0xDD, 0xF0, 0xD4, 0xDD, 0xDD, 0x00, 0x8F, 0xD4, 0xDD, 0x00, 0xF0, 0x8F, 0xD4,
    0x84, 0x9E, 0x37, 0xF7, 0xEE, 0x99, 0x75, 0x0B, 0xF8, 0xB5, 0xB7, 0xB9, 0xDD, 0x22, 0xBB, 0xB5,
    0xDD, 0x25, 0x52, 0xB7, 0xDD, 0x7D, 0x75, 0x0B, 0xDD, 0xDD, 0xFD, 0x00, 0xDD, 0xDD, 0xFD, 0x00,
    0x00, 0x00, 0x00, 0xB0, 0x00, 0x00, 0x00, 0xAB, 0x00, 0x00, 0x00, 0xBB, 0x00, 0x00, 0x00, 0x00,
    0x00, 0x00, 0x00, 0xB0, 0x00, 0x00, 0x00, 0xAB, 0x00, 0x00, 0x00, 0x5B, 0x00, 0x00, 0xB0, 0xA5,
    0x0B, 0x00, 0x00, 0x0B, 0x65, 0x0B, 0xB0, 0xBA, 0x5A, 0xB6, 0x0B, 0xAB, 0xAB, 0x65, 0xB5, 0x6B,
    0xBB, 0x5A, 0x56, 0x5B, 0x5A, 0xA5, 0x55, 0x65, 0xAA, 0x55, 0xAA, 0x65, 0x5A, 0x5A, 0x55, 0x66,
    0x8F, 0x48, 0x41, 0xE8, 0x48, 0x11, 0xE4, 0x7E, 0x11, 0x84, 0x9E, 0x97, 0x84, 0xEE, 0xCC, 0xD9,
    0xEE, 0xCC, 0xDC, 0xDD, 0x4D, 0x84, 0xDD, 0xFD, 0xDD, 0xDC, 0x88, 0xFD, 0xDC, 0xDD, 0xDD, 0x0F,
    0xDE, 0xBF, 0x25, 0x52, 0xF9, 0xCD, 0xBC, 0x7B, 0xFD, 0xDD, 0xFC, 0xB5, 0xDF, 0xDD, 0xFC, 0x53,
    0xDF, 0xDD, 0x5D, 0xB7, 0xDC, 0xDD, 0x9F, 0x0B, 0xCF, 0xDC, 0x0F, 0x00, 0xF0, 0xFF, 0x00, 0x00,
    0x00, 0x00, 0x00, 0xCF, 0x00, 0x00, 0x00, 0xF0, 0x00, 0x00, 0x00, 0x00, 0x00, 0x00, 0x00, 0x00,
    0x00, 0x00, 0x00, 0x00, 0x00, 0x00, 0x00, 0x00, 0x00, 0x00, 0x00, 0x00, 0x00, 0x00, 0x00, 0x00,
    0xDC, 0x8D, 0xFD, 0x00, 0xCC, 0x4C, 0x0F, 0x00, 0xFF, 0xFF, 0x00, 0x00, 0x00, 0x00, 0x00, 0x00,
    0x00, 0x00, 0x00, 0x00, 0x00, 0x00, 0x00, 0x00, 0x00, 0x00, 0x00, 0x00, 0x00, 0x00, 0x00, 0x00,
    0x00, 0x00, 0xF0, 0x8F, 0x00, 0x00, 0x00, 0xF0, 0x00, 0x00, 0x00, 0x00, 0x00, 0x00, 0x00, 0x00,
    0x00, 0x00, 0x00, 0x00, 0x00, 0x00, 0x00, 0x00, 0x00, 0x00, 0x00, 0x00, 0x00, 0x00, 0x00, 0x00,
    0xD4, 0xDD, 0x0F, 0x00, 0x48, 0xF8, 0x00, 0x00, 0xFF, 0x0F, 0x00, 0x00, 0x00, 0x00, 0x00, 0x00,
    0x00, 0x00, 0x00, 0x00, 0x00, 0x00, 0x00, 0x00, 0x00, 0x00, 0x00, 0x00, 0x00, 0x00, 0x00, 0x00,
    0x00, 0x00, 0x00, 0x00, 0x00, 0x00, 0x00, 0x00, 0x0B, 0x00, 0x00, 0x00, 0xBA, 0xBB, 0x00, 0x00,
    0xA6, 0xB6, 0x00, 0x00, 0x65, 0x6A, 0xBB, 0xB6, 0x66, 0x55, 0x66, 0xB6, 0x56, 0x55, 0x66, 0x0B,
    0x00, 0x00, 0x00, 0x00, 0x00, 0x00, 0x00, 0x00, 0x00, 0x00, 0x00, 0x00, 0x00, 0x00, 0x00, 0x00,
    0x00, 0x00, 0x00, 0x00, 0xBB, 0x00, 0x00, 0x00, 0xB5, 0x07, 0x00, 0x00, 0x5F, 0x75, 0x00, 0x00,
    0xDF, 0xDD, 0xFF, 0x00, 0xF0, 0xFF, 0x00, 0x00, 0x00, 0x00, 0x00, 0x00, 0x00, 0x00, 0x00, 0x00,
    0x00, 0x00, 0x00, 0x00, 0x00, 0x00, 0x00, 0x00, 0x00, 0x00, 0x00, 0x00, 0x00, 0x00, 0x00, 0x00,
};
static const u16 sFrame10[] = {
    0x000A, 0x40DF, 0x81E8, 0x0000, 0x00E7, 0x4008, 0x0008, 0x00EF, 0x41E8, 0x000C, 0x40D7, 0x01E8,
    0x0010, 0x40EF, 0x01F8, 0x0012, 0x40F7, 0x0008, 0x0014, 0x40FF, 0x01E8, 0x0016, 0x00D7, 0x01F8,
    0x0018, 0x00DF, 0x0008, 0x0019, 0x00F7, 0x01F8, 0x001A, 0x0000,
};
static const void* const sFrames10[] = { sFrame10 };
static const u8 sTiles11[896] __attribute__((aligned(4))) = {
    0x00, 0x00, 0x00, 0x00, 0x00, 0x00, 0x00, 0xB0, 0x00, 0x00, 0x00, 0xB0, 0x00, 0x00, 0x00, 0x00,
    0x00, 0x00, 0x00, 0x00, 0x00, 0x00, 0x00, 0xB0, 0x00, 0x00, 0x00, 0xB0, 0x00, 0x00, 0x00, 0x5B,
    0xBB, 0x00, 0x00, 0xB0, 0x5A, 0xB6, 0x00, 0xAB, 0xAB, 0x65, 0xBB, 0xB0, 0xB0, 0x5A, 0x56, 0xBB,
    0xBB, 0xAB, 0x65, 0xB5, 0xAA, 0x55, 0x5A, 0x55, 0xA5, 0x5A, 0xA5, 0x5A, 0xAA, 0xA5, 0x55, 0x65,
    0x00, 0x00, 0x00, 0x00, 0x0B, 0x00, 0x00, 0x00, 0xBA, 0x00, 0x00, 0x00, 0xA6, 0xBB, 0x0B, 0x00,
    0x65, 0x6A, 0x0B, 0x00, 0x56, 0xA6, 0xB6, 0x6B, 0x66, 0x56, 0x65, 0x66, 0x66, 0x55, 0x65, 0xB6,
    0x00, 0x00, 0x00, 0x00, 0x00, 0x00, 0x00, 0x00, 0x00, 0x00, 0x00, 0x00, 0x00, 0x00, 0x00, 0x00,
    0x00, 0x00, 0x00, 0x00, 0x0B, 0x00, 0x00, 0x00, 0x0B, 0x00, 0x00, 0x00, 0x00, 0x00, 0x00, 0x00,
    0x00, 0x00, 0x00, 0xBB, 0x00, 0x00, 0x00, 0x00, 0x00, 0x00, 0x00, 0x00, 0x00, 0x00, 0x00, 0x00,
    0x00, 0x00, 0x00, 0x00, 0x00, 0x00, 0x00, 0x00, 0x00, 0x00, 0x00, 0x00, 0x00, 0x00, 0x00, 0x00,
    0xAB, 0x5A, 0xAA, 0x65, 0xB0, 0x56, 0x6B, 0x6A, 0xB0, 0xB5, 0xBB, 0x56, 0xB0, 0xB6, 0x56, 0x6B,
    0xB0, 0x7B, 0xB5, 0x6B, 0x00, 0x39, 0x83, 0xB8, 0x00, 0x59, 0x83, 0x51, 0xF0, 0x98, 0x35, 0x75,
    0x66, 0x56, 0x56, 0x66, 0x66, 0x66, 0xA6, 0x56, 0x6B, 0x66, 0x65, 0xAA, 0xB5, 0x66, 0x65, 0x55,
    0xB5, 0x66, 0x5A, 0xAA, 0x66, 0x6B, 0xAA, 0x65, 0xBB, 0x6B, 0x5A, 0xA6, 0x5B, 0x6B, 0xBB, 0xBF,
    0x0B, 0x00, 0x00, 0x00, 0xB5, 0x00, 0x00, 0x00, 0x6A, 0x0B, 0x00, 0x00, 0xAB, 0x00, 0x00, 0x00,
    0xB6, 0x00, 0x00, 0x00, 0xBA, 0x0B, 0x00, 0x00, 0xFB, 0x0F, 0x00, 0x00, 0xFD, 0x79, 0x09, 0x00,
    0x00, 0x00, 0x00, 0x00, 0x00, 0x00, 0x00, 0xB0, 0x00, 0x00, 0x00, 0x90, 0x00, 0x00, 0x00, 0xB0,
    0x00, 0x00, 0x00, 0x00, 0x00, 0x00, 0x00, 0x00, 0x00, 0x00, 0x00, 0x00, 0x00, 0x00, 0xC0, 0xCC,
    0x59, 0x84, 0x79, 0xB7, 0x73, 0x59, 0xB5, 0x9B, 0x55, 0x37, 0x87, 0x4F, 0x97, 0xF4, 0xF4, 0x14,
    0xBB, 0xFF, 0x0F, 0xFF, 0x00, 0x00, 0x00, 0x00, 0x00, 0x00, 0x00, 0x00, 0x00, 0x00, 0x00, 0x00,
    0x6B, 0x8B, 0xFD, 0xB8, 0xB7, 0xD8, 0x4F, 0x84, 0x9B, 0xF4, 0x48, 0x44, 0xBF, 0xF4, 0x85, 0x88,
    0x40, 0x5D, 0xDD, 0xDD, 0x14, 0x28, 0xDF, 0x9D, 0x80, 0x1C, 0xFD, 0x9D, 0x00, 0x97, 0xC1, 0xBC,
    0xFD, 0x35, 0x95, 0xFF, 0xF8, 0x77, 0x48, 0x11, 0xD8, 0xFF, 0x14, 0x84, 0x9D, 0xF9, 0x7F, 0xF2,
    0x59, 0xF2, 0x14, 0x14, 0x22, 0x87, 0x8F, 0xF8, 0x52, 0x4B, 0x41, 0x18, 0x97, 0x5B, 0x14, 0x41,
    0xCC, 0xC0, 0x8C, 0x81, 0x1C, 0x8C, 0xC1, 0x18, 0x4C, 0x84, 0x11, 0x44, 0x8C, 0x41, 0x84, 0x88,
    0xC0, 0x88, 0x48, 0x11, 0xC0, 0x18, 0x41, 0xCC, 0x00, 0xCC, 0xCC, 0x00, 0x00, 0x00, 0x00, 0x00,
    0x0C, 0x00, 0x00, 0x00, 0xC8, 0x00, 0x88, 0x88, 0x84, 0x88, 0x44, 0x11, 0x48, 0x11, 0x11, 0x84,
    0x41, 0xC8, 0xCC, 0xCC, 0xCC, 0x0C, 0x00, 0x00, 0x00, 0x00, 0x00, 0x00, 0x00, 0x00, 0x00, 0x00,
    0x80, 0x88, 0x88, 0xB8, 0x48, 0x14, 0x41, 0x88, 0x11, 0x41, 0xC8, 0xCC, 0xCC, 0xCC, 0x9C, 0xF7,
    0xF0, 0xCC, 0x72, 0x7F, 0x4F, 0xCD, 0xCC, 0x9C, 0xCF, 0x44, 0xCC, 0xDD, 0xF0, 0xCC, 0x84, 0x88,
    0x25, 0x9B, 0x58, 0x53, 0x22, 0xB9, 0x79, 0x99, 0x7B, 0x95, 0xB9, 0x5B, 0x97, 0x25, 0x25, 0x52,
    0x7F, 0x79, 0x97, 0xB9, 0xD7, 0xDF, 0xDD, 0x0F, 0x8D, 0xFF, 0xFF, 0x00, 0xF8, 0x00, 0x00, 0x00,
    0x00, 0x00, 0x00, 0x00, 0x0F, 0x00, 0x00, 0x00, 0x9F, 0x0B, 0x00, 0x00, 0x9F, 0x95, 0x00, 0x00,
    0xF8, 0x75, 0xF9, 0xFF, 0xFF, 0x52, 0xCB, 0x8C, 0xF4, 0x22, 0xCB, 0xD4, 0xF8, 0xB2, 0x8B, 0xDD,
    0x00, 0x00, 0x00, 0x00, 0x00, 0x00, 0x00, 0x00, 0x00, 0x00, 0x00, 0x00, 0x00, 0x00, 0x00, 0x00,
    0x00, 0x00, 0x00, 0x00, 0x0F, 0x00, 0x00, 0x00, 0x0F, 0x00, 0x00, 0x00, 0x0F, 0x00, 0x00, 0x00,
    0xB9, 0x95, 0xC9, 0xF4, 0x5B, 0x72, 0xD9, 0x8D, 0x22, 0x52, 0xC9, 0x4D, 0x97, 0xB9, 0xCC, 0x8D,
    0xBB, 0x0B, 0xDF, 0xDD, 0x00, 0x00, 0xDF, 0xDC, 0x00, 0x00, 0xCF, 0xDC, 0x00, 0x00, 0xCF, 0xDC,
    0xFF, 0x00, 0x00, 0x00, 0xDF, 0x0F, 0x00, 0x00, 0xDD, 0xFD, 0x00, 0x00, 0xDD, 0xDD, 0x0F, 0x00,
    0xD4, 0xDD, 0x0F, 0x00, 0xD8, 0xDD, 0x0F, 0x00, 0xD4, 0xFD, 0x00, 0x00, 0x8D, 0xFD, 0x00, 0x00,
    0x00, 0x00, 0x00, 0x00, 0x00, 0x00, 0x00, 0x00, 0x00, 0x00, 0x00, 0x00, 0x00, 0x00, 0x00, 0x00,
    0x00, 0x00, 0x00, 0xFF, 0x00, 0x00, 0xF0, 0x48, 0x00, 0x00, 0xF0, 0xC4, 0x00, 0x00, 0xF0, 0xC8,
    0x00, 0xDF, 0xCC, 0xFD, 0x00, 0xF0, 0x5F, 0x73, 0x00, 0x00, 0xB0, 0x57, 0x00, 0x00, 0x00, 0x7B,
    0xFF, 0xFF, 0xF0, 0x25, 0x48, 0x48, 0xFF, 0x2D, 0xCC, 0xCC, 0x8D, 0xDD, 0xCC, 0xCC, 0xDD, 0xDD,
    0x00, 0x00, 0xF0, 0xC4, 0x00, 0x00, 0xF0, 0x48, 0x00, 0x00, 0x00, 0x8F, 0x00, 0x00, 0x00, 0xF0,
    0x00, 0x00, 0x00, 0x00, 0x00, 0x00, 0x00, 0x00, 0x00, 0x00, 0x00, 0x00, 0x00, 0x00, 0x00, 0x00,
    0xCC, 0xDC, 0xDD, 0xDD, 0xDD, 0xDD, 0x4D, 0x48, 0x84, 0x84, 0x84, 0xFF, 0xFF, 0xFF, 0xFF, 0x00,
    0x00, 0x00, 0x00, 0x00, 0x00, 0x00, 0x00, 0x00, 0x00, 0x00, 0x00, 0x00, 0x00, 0x00, 0x00, 0x00,
    0x0F, 0x00, 0x00, 0x00, 0xB9, 0x00, 0x00, 0x00, 0x29, 0x09, 0x00, 0x00, 0x25, 0xF7, 0x00, 0x00,
    0x52, 0xF9, 0x00, 0x00, 0x95, 0xDD, 0x0F, 0x00, 0xDD, 0xDD, 0x0F, 0x00, 0xDD, 0x8D, 0x0F, 0x00,
    0x00, 0x00, 0xF0, 0xCC, 0x00, 0x00, 0x00, 0xFF, 0x00, 0x00, 0x00, 0x00, 0x00, 0x00, 0x00, 0x00,
    0x00, 0x00, 0x00, 0x00, 0x00, 0x00, 0x00, 0x00, 0x00, 0x00, 0x00, 0x00, 0x00, 0x00, 0x00, 0x00,
    0x4D, 0x0F, 0x00, 0x00, 0xFF, 0x00, 0x00, 0x00, 0x00, 0x00, 0x00, 0x00, 0x00, 0x00, 0x00, 0x00,
    0x00, 0x00, 0x00, 0x00, 0x00, 0x00, 0x00, 0x00, 0x00, 0x00, 0x00, 0x00, 0x00, 0x00, 0x00, 0x00,
    0x4D, 0x48, 0x0F, 0x00, 0xF8, 0xFF, 0x00, 0x00, 0x0F, 0x00, 0x00, 0x00, 0x00, 0x00, 0x00, 0x00,
    0x00, 0x00, 0x00, 0x00, 0x00, 0x00, 0x00, 0x00, 0x00, 0x00, 0x00, 0x00, 0x00, 0x00, 0x00, 0x00,
};
static const u16 sFrame11[] = {
    0x0006, 0x00D4, 0x81E9, 0x0000, 0x00E4, 0x4009, 0x0010, 0x00F4, 0x41F1, 0x0014, 0x40F4, 0x0001,
    0x0018, 0x00F4, 0x0011, 0x001A, 0x00FC, 0x0001, 0x001B, 0x0000,
};
static const void* const sFrames11[] = { sFrame11 };
static const u8 sTiles12[864] __attribute__((aligned(4))) = {
    0xBB, 0xAB, 0x5A, 0xAA, 0x00, 0xB0, 0x56, 0x6B, 0x00, 0xB0, 0xB5, 0xBB, 0x00, 0xB0, 0xB6, 0x56,
    0x00, 0xB0, 0x7B, 0xB5, 0x00, 0x00, 0x39, 0x83, 0x00, 0x00, 0x59, 0x83, 0x00, 0x00, 0x90, 0x35,
    0x65, 0x66, 0x56, 0x56, 0x6A, 0x66, 0x66, 0xA6, 0x56, 0x6B, 0x66, 0x65, 0x6B, 0xB5, 0x66, 0x65,
    0x6B, 0xB5, 0x66, 0x5A, 0xB8, 0x66, 0x6B, 0xAA, 0x51, 0xBB, 0x6B, 0x5A, 0x75, 0x5B, 0x6B, 0xBB,
    0x66, 0x0B, 0x00, 0x00, 0x56, 0xB5, 0x0F, 0x00, 0xAA, 0x6A, 0xFB, 0xFF, 0x55, 0xAB, 0xFD, 0x35,
    0xAA, 0xB6, 0xFC, 0x97, 0x65, 0xBA, 0xFB, 0xBB, 0xA6, 0xDB, 0x0F, 0xB0, 0xBF, 0xDD, 0x0F, 0xB0,
    0x00, 0x00, 0x00, 0x00, 0xFF, 0x00, 0x00, 0x00, 0x41, 0xFF, 0x0F, 0x00, 0x17, 0xF8, 0xF8, 0x00,
    0x4F, 0x8F, 0x41, 0x0F, 0x84, 0x1F, 0x74, 0x0B, 0xFF, 0xFF, 0x35, 0x0B, 0x79, 0x79, 0xB7, 0x00,
    0x00, 0x00, 0x00, 0x79, 0x00, 0x00, 0x00, 0xB0, 0x70, 0x99, 0x09, 0x00, 0x25, 0x22, 0x72, 0x97,
    0x52, 0x77, 0x25, 0x22, 0x99, 0xBB, 0xFF, 0xF5, 0xB7, 0xFF, 0x14, 0xFF, 0xF2, 0x14, 0x48, 0x4F,
    0xB7, 0x6B, 0xFB, 0xDF, 0x9B, 0xB7, 0x8B, 0xF8, 0xB0, 0xDB, 0x48, 0x84, 0xF9, 0x8C, 0x44, 0x84,
    0x92, 0x5F, 0x88, 0xD8, 0x95, 0x27, 0xDF, 0xDD, 0x9F, 0xF7, 0xDD, 0xFD, 0x9F, 0x53, 0xDF, 0x4F,
    0xBC, 0xDF, 0x00, 0x00, 0xCF, 0xFF, 0x0F, 0x00, 0xDD, 0xCF, 0xF8, 0x00, 0xDD, 0xCD, 0x8C, 0x0F,
    0xDD, 0xCD, 0x8C, 0x0F, 0xDD, 0xDD, 0xF8, 0x00, 0x4F, 0x84, 0x0F, 0x00, 0xF4, 0xDF, 0xFD, 0x00,
    0x3B, 0xB5, 0x0B, 0x00, 0xB0, 0x0B, 0x00, 0x00, 0x00, 0x00, 0x00, 0x00, 0x00, 0x00, 0x00, 0x00,
    0x00, 0x00, 0x00, 0x00, 0x00, 0x00, 0x00, 0x00, 0x00, 0x00, 0x00, 0x00, 0x00, 0x00, 0x00, 0x00,
    0x00, 0x00, 0x00, 0x00, 0x00, 0x00, 0x00, 0x00, 0x00, 0xC0, 0x0C, 0x00, 0x00, 0x8C, 0xC1, 0x0C,
    0x00, 0x1C, 0xC8, 0xC4, 0xC0, 0x14, 0x14, 0xC4, 0xC0, 0x88, 0x14, 0x41, 0x4C, 0x41, 0x88, 0x48,
    0x00, 0x00, 0x00, 0x00, 0x00, 0x00, 0x00, 0x00, 0x00, 0x00, 0x00, 0x00, 0x00, 0x00, 0x00, 0x00,
    0xCC, 0x00, 0x00, 0x00, 0xC1, 0x00, 0x00, 0x00, 0xC1, 0x00, 0x00, 0x00, 0xC4, 0x00, 0x00, 0x00,
    0x8C, 0x14, 0x11, 0x84, 0xC0, 0xCC, 0x48, 0x11, 0x00, 0x00, 0xCC, 0x8C, 0x00, 0x00, 0x00, 0xC0,
    0x00, 0x00, 0x00, 0x00, 0x00, 0x00, 0x00, 0x00, 0x00, 0x00, 0x00, 0x00, 0x00, 0x00, 0x00, 0x00,
    0xC8, 0x00, 0x00, 0x00, 0x41, 0x88, 0x08, 0x00, 0x14, 0x11, 0x84, 0x88, 0xCC, 0x48, 0x11, 0x41,
    0x00, 0xCC, 0x8C, 0x14, 0x00, 0x00, 0xC0, 0xCC, 0x00, 0x00, 0x00, 0x00, 0x00, 0x00, 0x00, 0x00,
    0x59, 0x75, 0xF9, 0xD1, 0x74, 0xF9, 0x1D, 0xFF, 0x81, 0xCF, 0xDC, 0xCF, 0xF4, 0xCC, 0xFC, 0x52,
    0xFF, 0xCD, 0xFD, 0xCC, 0x00, 0xDF, 0xFD, 0xCC, 0x00, 0xF0, 0xFF, 0xDC, 0x00, 0x00, 0x00, 0x4F,
    0xFF, 0x97, 0xFF, 0xFF, 0x77, 0x7F, 0xF9, 0xCC, 0x77, 0xF7, 0xFD, 0xCC, 0xCC, 0x99, 0x8D, 0xDF,
    0xCC, 0xDC, 0x8D, 0xDF, 0xCC, 0x4C, 0xD8, 0xDF, 0x4D, 0xC4, 0xFD, 0x99, 0xC4, 0xDC, 0x9F, 0x75,
    0x00, 0x00, 0x00, 0xF0, 0x00, 0x00, 0x00, 0x00, 0x00, 0x00, 0x00, 0x00, 0x00, 0x00, 0x00, 0x00,
    0x00, 0x00, 0x00, 0x00, 0x00, 0x00, 0x00, 0xF0, 0x00, 0x00, 0x00, 0xF0, 0x00, 0x00, 0x00, 0xF0,
    0xFF, 0x57, 0x53, 0x29, 0x00, 0x90, 0x79, 0x25, 0x00, 0x00, 0x90, 0x5B, 0x00, 0x00, 0x2F, 0x75,
    0xFF, 0xFF, 0x8F, 0xDD, 0x84, 0x84, 0xD4, 0xD4, 0xC8, 0xCC, 0xDC, 0xDD, 0xC4, 0xCC, 0xCC, 0xDC,
    0x00, 0xBB, 0x00, 0x00, 0xB0, 0x5A, 0xB6, 0x00, 0xB0, 0xAB, 0x65, 0xBB, 0x00, 0xB0, 0x5A, 0x56,
    0x00, 0xBB, 0xAB, 0x65, 0xB0, 0xAA, 0x55, 0x5A, 0xB0, 0xA5, 0x5A, 0xA5, 0x5B, 0xAA, 0xA5, 0x55,
    0xB0, 0x00, 0x00, 0x00, 0xAB, 0x0B, 0x00, 0x00, 0xB0, 0xBA, 0x00, 0x00, 0xBB, 0xA6, 0xBB, 0x0B,
    0xB5, 0x65, 0x6A, 0x0B, 0x55, 0x56, 0xA6, 0xB6, 0x5A, 0x66, 0x56, 0x65, 0x65, 0x66, 0x55, 0x65,
    0x00, 0x00, 0xB0, 0x99, 0x00, 0x00, 0xB0, 0x27, 0x00, 0x00, 0x90, 0x25, 0x00, 0x00, 0x90, 0x25,
    0x00, 0x00, 0x00, 0x99, 0x00, 0x00, 0x00, 0x00, 0x00, 0x00, 0x00, 0x00, 0x00, 0x00, 0x00, 0x00,
    0xF7, 0x41, 0x1F, 0x18, 0x8B, 0x81, 0x14, 0x15, 0xFB, 0xF8, 0x41, 0x42, 0xB2, 0x8F, 0x48, 0x8F,
    0x25, 0x52, 0xFF, 0xFF, 0x99, 0x25, 0x22, 0x92, 0x00, 0xB9, 0x55, 0x0B, 0x00, 0x00, 0xBB, 0x00,
    0x00, 0x00, 0x00, 0xF0, 0x00, 0x00, 0x00, 0xF0, 0x00, 0x00, 0x00, 0x00, 0x00, 0x00, 0x00, 0x00,
    0x00, 0x00, 0x00, 0x00, 0x00, 0x00, 0x00, 0x00, 0x00, 0x00, 0x00, 0x00, 0x00, 0x00, 0x00, 0x00,
    0xC8, 0xCC, 0xDC, 0xDD, 0xD4, 0xDD, 0xDD, 0x84, 0x8F, 0x84, 0x84, 0xFF, 0xF0, 0xFF, 0xFF, 0x00,
    0x00, 0x00, 0x00, 0x00, 0x00, 0x00, 0x00, 0x00, 0x00, 0x00, 0x00, 0x00, 0x00, 0x00, 0x00, 0x00,
    0xFF, 0x00, 0x00, 0x00, 0x8C, 0x0F, 0x00, 0x00, 0x4D, 0x0F, 0x00, 0x00, 0x8D, 0x0F, 0x00, 0x00,
    0x44, 0x0F, 0x00, 0x00, 0xF8, 0x00, 0x00, 0x00, 0xF4, 0x00, 0x00, 0x00, 0x09, 0x00, 0x00, 0x00,
    0xF5, 0xFF, 0x00, 0x00, 0xD2, 0xDC, 0x0F, 0x00, 0xD7, 0xCD, 0xF8, 0x00, 0xDD, 0xDD, 0x4D, 0x0F,
    0xDD, 0xDD, 0x8D, 0x0F, 0xDD, 0xDD, 0xF4, 0x00, 0xDD, 0x84, 0x0F, 0x00, 0x8D, 0xFF, 0x00, 0x00,
    0x00, 0x00, 0x00, 0x00, 0x00, 0x00, 0x00, 0x00, 0x00, 0x00, 0x00, 0x00, 0x00, 0x00, 0x00, 0x00,
    0x00, 0x00, 0x00, 0x00, 0x6B, 0x0B, 0x00, 0x00, 0x66, 0x0B, 0x00, 0x00, 0xB6, 0x00, 0x00, 0x00,
    0x00, 0x00, 0x00, 0x00, 0x00, 0x00, 0x00, 0x00, 0x00, 0x00, 0x00, 0x00, 0x88, 0x08, 0x00, 0x00,
    0x11, 0x84, 0x88, 0x90, 0x48, 0x11, 0x84, 0xBC, 0xCC, 0x8C, 0x88, 0x19, 0x00, 0xC0, 0x9C, 0x25,
    0xF4, 0x00, 0x00, 0x00, 0x0F, 0x00, 0x00, 0x00, 0x00, 0x00, 0x00, 0x00, 0x00, 0x00, 0x00, 0x00,
    0x00, 0x00, 0x00, 0x00, 0x00, 0x00, 0x00, 0x00, 0x00, 0x00, 0x00, 0x00, 0x00, 0x00, 0x00, 0x00,
};
static const u16 sFrame12[] = {
    0x000A, 0x40DC, 0x81ED, 0x0000, 0x00DC, 0x41D5, 0x0008, 0x00EC, 0x41F5, 0x000C, 0x40D4, 0x01ED,
    0x0010, 0x40EC, 0x01E5, 0x0012, 0x40FC, 0x01F5, 0x0014, 0x80EC, 0x0005, 0x0016, 0x00D4, 0x01FD,
    0x0018, 0x00E4, 0x01E5, 0x0019, 0x00FC, 0x0005, 0x001A, 0x0000,
};
static const void* const sFrames12[] = { sFrame12 };
static const u8 sTiles13[1088] __attribute__((aligned(4))) = {
    0x00, 0x00, 0x00, 0xB0, 0x00, 0x00, 0x00, 0x6B, 0x00, 0x00, 0xB0, 0x5A, 0x00, 0x00, 0x6B, 0xAB,
    0x00, 0x00, 0xB0, 0xBB, 0x00, 0x00, 0x00, 0x5B, 0x00, 0x00, 0xB0, 0xAA, 0x00, 0x00, 0x5B, 0x5A,
    0x00, 0xB0, 0x00, 0x00, 0x0B, 0x6B, 0x0B, 0x00, 0xB6, 0xAB, 0xB6, 0xBB, 0x65, 0xB5, 0x6A, 0x66,
    0x5A, 0x56, 0x5B, 0xA6, 0xA5, 0x55, 0x66, 0x65, 0x55, 0xAA, 0x65, 0x66, 0x5A, 0x65, 0x66, 0x56,
    0x00, 0x00, 0x00, 0x00, 0x00, 0x00, 0x00, 0x00, 0x00, 0x00, 0x00, 0x00, 0x0B, 0x00, 0x00, 0x00,
    0xB6, 0x0B, 0x00, 0x00, 0x6A, 0xB6, 0x0B, 0x00, 0xA5, 0x66, 0xB6, 0x00, 0x55, 0x66, 0xB6, 0x00,
    0x00, 0x00, 0x00, 0x00, 0x00, 0x00, 0x00, 0x00, 0x00, 0x00, 0x00, 0x00, 0x00, 0x00, 0x00, 0x00,
    0x00, 0x00, 0x00, 0x00, 0x00, 0x00, 0x00, 0x00, 0x00, 0x00, 0x00, 0x00, 0x00, 0x00, 0xFF, 0xFF,
    0x00, 0x00, 0xBB, 0xAA, 0x00, 0x00, 0x00, 0x6B, 0x00, 0x00, 0x00, 0x5B, 0x00, 0x00, 0xB0, 0xB6,
    0x00, 0x00, 0xB0, 0x7B, 0x70, 0x99, 0x09, 0x90, 0x25, 0x22, 0x72, 0x97, 0x52, 0x77, 0x25, 0x22,
    0xA5, 0x5A, 0x66, 0x66, 0xA5, 0xA6, 0x66, 0x66, 0xAA, 0x6A, 0xBB, 0x56, 0x66, 0xA5, 0xB5, 0x66,
    0xBB, 0xAB, 0xB5, 0x66, 0x83, 0xB8, 0x66, 0x6B, 0x89, 0x51, 0xBB, 0x6B, 0x92, 0x55, 0xB7, 0xB5,
    0x65, 0x65, 0xBB, 0x00, 0x66, 0xAA, 0x65, 0xBB, 0x56, 0x66, 0xAA, 0xB6, 0x55, 0x5A, 0xB6, 0xFB,
    0xAA, 0xA5, 0x6A, 0xDB, 0xA6, 0x55, 0xA6, 0xBB, 0xA6, 0x66, 0xBA, 0xDF, 0xBB, 0xFB, 0xDB, 0xFF,
    0x00, 0xF0, 0x41, 0xFF, 0x00, 0xF0, 0x18, 0x8F, 0xB0, 0x79, 0x8B, 0xF4, 0x7F, 0x55, 0x89, 0xF4,
    0x5D, 0x97, 0x48, 0xF8, 0xFD, 0x0F, 0xFF, 0x0F, 0xFF, 0x00, 0x00, 0x00, 0x00, 0x00, 0x00, 0x00,
    0x99, 0x9B, 0xB7, 0x57, 0xB7, 0x85, 0x5F, 0x7F, 0x72, 0x18, 0x48, 0xF8, 0x59, 0x14, 0xF4, 0x1F,
    0x89, 0x81, 0x28, 0x14, 0xFB, 0x84, 0x51, 0x81, 0xB2, 0xFF, 0xF4, 0x84, 0x25, 0xF2, 0xFF, 0x48,
    0x92, 0x77, 0xBB, 0xBB, 0x95, 0xBB, 0xB7, 0x8B, 0x9F, 0x00, 0x8F, 0x44, 0xF4, 0xF0, 0xDC, 0x48,
    0x79, 0x99, 0xCD, 0x8D, 0x57, 0x33, 0xF5, 0xDD, 0x7B, 0x75, 0xF9, 0xDD, 0xBF, 0xF9, 0xFF, 0xFF,
    0xDF, 0xFD, 0xFB, 0x00, 0xF8, 0xCF, 0xFF, 0x00, 0x84, 0xCD, 0xCC, 0xFF, 0x84, 0xDD, 0xCD, 0xCC,
    0xD8, 0xDD, 0xDD, 0xDD, 0xDD, 0xDD, 0xDD, 0xDD, 0xDD, 0xDD, 0xDD, 0x88, 0x11, 0xDD, 0x44, 0xDF,
    0x00, 0x00, 0x00, 0x00, 0x0F, 0x00, 0x00, 0x00, 0xF8, 0x00, 0x00, 0x00, 0x8D, 0x0F, 0x00, 0x00,
    0x8D, 0x0F, 0x00, 0x00, 0xF8, 0x00, 0x00, 0x00, 0x77, 0x97, 0x00, 0x00, 0x79, 0x7F, 0x09, 0x00,
    0x99, 0x25, 0x22, 0xFF, 0x00, 0xB9, 0x55, 0x0B, 0x00, 0x00, 0xBB, 0x00, 0x00, 0x00, 0x00, 0x00,
    0x00, 0x00, 0x00, 0xFF, 0x00, 0x00, 0xF0, 0x48, 0x00, 0x00, 0x4F, 0xCC, 0x00, 0x00, 0x8F, 0xCC,
    0x00, 0xF0, 0xDC, 0xCC, 0x00, 0xF0, 0xCD, 0xCD, 0x00, 0x00, 0xCF, 0xDD, 0x00, 0x00, 0xF9, 0xFF,
    0x0F, 0x00, 0x90, 0x75, 0xF8, 0x0F, 0x00, 0x37, 0x4C, 0xFF, 0xB0, 0x59, 0xCC, 0x48, 0x9F, 0x95,
    0x1F, 0x1D, 0xFF, 0xDF, 0xFC, 0xF1, 0xDF, 0x7D, 0xFD, 0xF1, 0xDD, 0xC7, 0xDD, 0xFF, 0xDD, 0xC2,
    0xFF, 0xFF, 0x2F, 0xCC, 0x7F, 0x09, 0xF0, 0x44, 0x29, 0x05, 0x00, 0xDF, 0x25, 0x95, 0x00, 0xF0,
    0x95, 0xF7, 0xF9, 0x00, 0xCC, 0x99, 0xDD, 0x0F, 0xCC, 0x8C, 0xDC, 0x0F, 0xCC, 0xC8, 0xDC, 0xFD,
    0x8C, 0xCC, 0xCD, 0xFD, 0xC4, 0xDC, 0xFC, 0x0F, 0xCC, 0xCD, 0x9F, 0x00, 0xDF, 0xFC, 0x35, 0xB9,
    0x00, 0x00, 0x00, 0x00, 0x00, 0x00, 0x00, 0x00, 0x00, 0x00, 0x00, 0x00, 0x00, 0x00, 0x00, 0x00,
    0x00, 0x00, 0x00, 0x00, 0x00, 0xC0, 0x0C, 0x00, 0x00, 0x8C, 0xC1, 0x0C, 0x00, 0x1C, 0xC8, 0xC4,
    0x00, 0x00, 0x00, 0x00, 0x00, 0x00, 0x00, 0x00, 0x00, 0x00, 0x00, 0x00, 0x00, 0x00, 0x00, 0x00,
    0x00, 0x00, 0x00, 0x00, 0x00, 0x00, 0x00, 0x00, 0x00, 0x00, 0x00, 0x00, 0xCC, 0x00, 0x00, 0x00,
    0xC0, 0x14, 0x14, 0xC4, 0xC0, 0x88, 0x14, 0x41, 0x4C, 0x41, 0x88, 0x48, 0x8C, 0x14, 0x11, 0x84,
    0xC0, 0xCC, 0x48, 0x11, 0x00, 0x00, 0xCC, 0x8C, 0x00, 0x00, 0x00, 0xC0, 0x00, 0x00, 0x00, 0x00,
    0xC1, 0x00, 0x00, 0x00, 0xC1, 0x00, 0x00, 0x00, 0xC4, 0x00, 0x00, 0x00, 0xC8, 0x00, 0x00, 0x00,
    0x41, 0x88, 0x08, 0x00, 0x14, 0x11, 0x84, 0x88, 0xCC, 0x48, 0x11, 0x41, 0x00, 0xCC, 0x8C, 0x14,
    0x22, 0xDB, 0xDD, 0xF8, 0x55, 0xDB, 0xDD, 0xF4, 0x75, 0xDD, 0xDD, 0xF8, 0xD7, 0xDD, 0xDD, 0xF4,
    0xD9, 0xD8, 0xDD, 0x8D, 0xF0, 0xD4, 0xDD, 0x4D, 0x00, 0x8F, 0xDD, 0x8D, 0xF0, 0x4D, 0xDC, 0x4D,
    0x00, 0x00, 0x00, 0x00, 0x00, 0x00, 0x00, 0x00, 0x00, 0x00, 0x00, 0x00, 0x00, 0x00, 0x00, 0x00,
    0x0F, 0x00, 0x00, 0x00, 0x0F, 0x00, 0x00, 0x00, 0x0F, 0x00, 0x00, 0x00, 0x0F, 0x00, 0x00, 0x00,
    0xF0, 0xC8, 0xCC, 0xDD, 0xF0, 0xC4, 0xCC, 0xDD, 0xF0, 0xC8, 0xCC, 0xDD, 0xF0, 0x4D, 0xD8, 0x8D,
    0x00, 0xFF, 0x4D, 0x48, 0x00, 0x00, 0xFF, 0xFF, 0x00, 0x00, 0x00, 0x00, 0x00, 0x00, 0x00, 0x00,
    0xF8, 0x00, 0x00, 0x00, 0xF4, 0x00, 0x00, 0x00, 0xF8, 0x00, 0x00, 0x00, 0xF4, 0x00, 0x00, 0x00,
    0x0F, 0x00, 0x00, 0x00, 0x00, 0x00, 0x00, 0x00, 0x00, 0x00, 0x00, 0x00, 0x00, 0x00, 0x00, 0x00,
    0x00, 0x00, 0x4F, 0xCC, 0x00, 0x00, 0x8F, 0xCD, 0x00, 0x00, 0x4F, 0xD8, 0x00, 0x00, 0xF0, 0x4F,
    0x00, 0x00, 0x00, 0xFF, 0x00, 0x00, 0x00, 0x00, 0x00, 0x00, 0x00, 0x00, 0x00, 0x00, 0x00, 0x00,
    0xCC, 0xDC, 0xB8, 0x59, 0xCC, 0xDD, 0xDD, 0xDD, 0xDD, 0xDD, 0xDD, 0xDD, 0x48, 0xDD, 0xDD, 0xDD,
    0xFF, 0x8F, 0x84, 0xDD, 0x00, 0xF0, 0xFF, 0x84, 0x00, 0x00, 0x00, 0xFF, 0x00, 0x00, 0x00, 0x00,
    0x52, 0x99, 0x00, 0xF0, 0x97, 0x09, 0x00, 0x00, 0x7D, 0x0F, 0x00, 0x00, 0xDD, 0x0F, 0x00, 0x00,
    0x8D, 0x0F, 0x00, 0x00, 0xF4, 0x00, 0x00, 0x00, 0x0F, 0x00, 0x00, 0x00, 0x00, 0x00, 0x00, 0x00,
    0xDD, 0x9F, 0x57, 0x95, 0xFF, 0x00, 0x9B, 0x57, 0x00, 0x00, 0x00, 0x9B, 0x00, 0x00, 0x00, 0x2B,
    0x00, 0x00, 0x00, 0xB0, 0x00, 0x00, 0x00, 0x00, 0x00, 0x00, 0x00, 0x00, 0x00, 0x00, 0x00, 0x00,
    0x00, 0x00, 0xC0, 0xCC, 0x00, 0x00, 0x00, 0x00, 0x00, 0x00, 0x00, 0x00, 0x00, 0x00, 0x00, 0x00,
    0x00, 0x00, 0x00, 0x00, 0x00, 0x00, 0x00, 0x00, 0x00, 0x00, 0x00, 0x00, 0x00, 0x00, 0x00, 0x00,
    0x48, 0x11, 0x84, 0xBC, 0xCC, 0x8C, 0x88, 0x19, 0x00, 0xC0, 0x9C, 0x25, 0x00, 0x00, 0xB0, 0x99,
    0x00, 0x00, 0xB0, 0x27, 0x00, 0x00, 0x90, 0x25, 0x00, 0x00, 0x90, 0x25, 0x00, 0x00, 0x00, 0x99,
    0x00, 0x00, 0x00, 0x00, 0x00, 0x00, 0x00, 0x00, 0x00, 0x00, 0x00, 0x00, 0x00, 0x00, 0x00, 0x00,
    0x00, 0x00, 0x00, 0x00, 0x00, 0x00, 0x00, 0x00, 0xFF, 0x0F, 0x00, 0x00, 0xF8, 0x88, 0x0B, 0x00,
    0x14, 0x4F, 0xB5, 0x00, 0x41, 0x78, 0xB3, 0x00, 0xF1, 0x5F, 0x97, 0x00, 0xF4, 0x79, 0xB9, 0x00,
    0x79, 0xB5, 0x0B, 0x00, 0xBB, 0x09, 0x00, 0x00, 0x00, 0x00, 0x00, 0x00, 0x00, 0x00, 0x00, 0x00,
    0x00, 0x00, 0x00, 0x00, 0x00, 0x00, 0x00, 0x00, 0x00, 0x00, 0x00, 0x00, 0x00, 0x00, 0x00, 0x00,
    0x00, 0x00, 0x00, 0x00, 0x00, 0x00, 0x00, 0x00, 0x88, 0x08, 0x00, 0x00, 0x11, 0x84, 0x88, 0x90,
    0x00, 0x00, 0x00, 0x00, 0x00, 0x00, 0x00, 0x00, 0x00, 0x00, 0x00, 0x00, 0x00, 0x00, 0x00, 0x00,
    0x00, 0x00, 0x00, 0x00, 0x00, 0x00, 0x00, 0x00, 0x99, 0xF0, 0xFF, 0x0F, 0x52, 0xD9, 0x48, 0xFD,
};
static const u16 sFrame13[] = {
    0x0008, 0x00D2, 0x81E6, 0x0000, 0x00D2, 0x41CE, 0x0010, 0x00F2, 0x4006, 0x0014, 0x40F2, 0x41E6,
    0x0018, 0x40E2, 0x01D6, 0x001C, 0x80D2, 0x0006, 0x001E, 0x00DA, 0x01DE, 0x0020, 0x00EA, 0x0006,
    0x0021, 0x0000,
};
static const void* const sFrames13[] = { sFrame13 };
static const u8 sTiles14[992] __attribute__((aligned(4))) = {
    0x00, 0x00, 0x00, 0xB0, 0x00, 0x00, 0x00, 0x5B, 0x00, 0x00, 0x00, 0xBB, 0x00, 0x00, 0x00, 0x00,
    0x00, 0x00, 0x00, 0x00, 0x88, 0x00, 0x00, 0x70, 0x41, 0x08, 0x00, 0x77, 0x18, 0xC8, 0x99, 0x25,
    0xAA, 0x55, 0xAA, 0x65, 0x5A, 0x5A, 0x65, 0x66, 0xAA, 0xA5, 0x5A, 0x66, 0x6B, 0xA5, 0xA6, 0x66,
    0x5B, 0xAA, 0x6A, 0xBB, 0xB6, 0x66, 0xA5, 0xB5, 0x79, 0xBB, 0xAB, 0xB5, 0x75, 0x83, 0xB8, 0x66,
    0x66, 0xA5, 0x66, 0xB6, 0x56, 0x55, 0x66, 0xB6, 0x66, 0x65, 0x65, 0xBB, 0x66, 0x66, 0xAA, 0x65,
    0x56, 0x56, 0x66, 0xAA, 0x66, 0x55, 0x5A, 0xB6, 0x66, 0xAA, 0xA5, 0x6A, 0x6B, 0xA6, 0x55, 0xA6,
    0x00, 0x00, 0x00, 0x00, 0x00, 0x00, 0x00, 0x00, 0xF0, 0x0F, 0xF0, 0xFF, 0xBB, 0x9F, 0x89, 0x14,
    0xB6, 0x35, 0x75, 0x1F, 0xFB, 0x57, 0x97, 0x4F, 0xFB, 0x99, 0x8B, 0x84, 0xBB, 0xFF, 0xB0, 0x75,
    0x8C, 0x58, 0x95, 0x22, 0xC0, 0x29, 0x72, 0x7B, 0xB0, 0x29, 0xB2, 0x85, 0x90, 0x22, 0x7B, 0x18,
    0x5B, 0xB2, 0x5B, 0x14, 0x7B, 0xB2, 0x8B, 0x81, 0x90, 0x25, 0xFB, 0x84, 0x00, 0x59, 0xB2, 0xFF,
    0x22, 0x89, 0x51, 0xBB, 0x29, 0x95, 0x55, 0xB7, 0xBF, 0x52, 0x79, 0xBB, 0x74, 0x27, 0x72, 0xF9,
    0x81, 0x48, 0x92, 0x8F, 0xF8, 0xFF, 0x95, 0x48, 0x14, 0x48, 0x99, 0x8F, 0x71, 0x74, 0x33, 0x8F,
    0x6B, 0xA6, 0x66, 0xBA, 0xB5, 0xB6, 0xFB, 0xDB, 0xB6, 0xDF, 0xFD, 0xFB, 0xFF, 0xFF, 0xDD, 0x0F,
    0x88, 0xD8, 0xCD, 0xFC, 0x44, 0xD8, 0xDD, 0xCC, 0x44, 0xD8, 0xDD, 0xCD, 0x88, 0xDD, 0xDD, 0xDD,
    0xFF, 0x0F, 0x00, 0x3B, 0x0F, 0x00, 0x00, 0xB0, 0x00, 0x00, 0x00, 0x00, 0x00, 0x00, 0x00, 0x00,
    0xFF, 0xFF, 0x00, 0x00, 0xCC, 0x88, 0x0F, 0x00, 0xDD, 0xFD, 0x00, 0x00, 0xDD, 0xF8, 0x00, 0x00,
    0x00, 0x90, 0x25, 0xF5, 0x00, 0x00, 0x5B, 0x22, 0x00, 0x00, 0xB0, 0xB5, 0x00, 0x00, 0x00, 0x0B,
    0x00, 0x00, 0x00, 0x00, 0x00, 0xFF, 0xFF, 0x00, 0xF0, 0x48, 0x48, 0x0F, 0x4F, 0xCD, 0xCC, 0x08,
    0xFF, 0xB4, 0x55, 0xF7, 0xF2, 0xB8, 0x79, 0xF9, 0xFB, 0x0F, 0xF0, 0xD2, 0x00, 0x00, 0x4F, 0x5D,
    0x00, 0x00, 0xCF, 0xC4, 0x00, 0x00, 0xF0, 0x4C, 0x00, 0x00, 0x5B, 0xCF, 0x00, 0x00, 0x39, 0xF7,
    0xDD, 0xFD, 0xFF, 0xDD, 0xFF, 0x1F, 0xDD, 0x44, 0xFC, 0x1F, 0x11, 0xFF, 0xCC, 0x1F, 0xFF, 0xDD,
    0x27, 0xF5, 0xFD, 0x5C, 0xDD, 0xDD, 0xCF, 0xC7, 0x84, 0x88, 0x2F, 0xCC, 0xDD, 0xFD, 0x7F, 0xCC,
    0x88, 0x0F, 0x00, 0x00, 0xFF, 0x0F, 0x00, 0x00, 0x9D, 0xF7, 0x00, 0x00, 0x79, 0x7F, 0x0F, 0x00,
    0x79, 0x97, 0xFD, 0x00, 0x9C, 0xD9, 0xFD, 0xB0, 0x8C, 0xDC, 0xDC, 0x9F, 0xC4, 0xDC, 0xFD, 0x57,
    0x8F, 0xCD, 0xCC, 0xF4, 0x4F, 0xDD, 0xCC, 0x8C, 0x8F, 0xD4, 0xCC, 0x4D, 0xF0, 0xD8, 0xDD, 0x8D,
    0xF0, 0x4D, 0xDD, 0xDD, 0x00, 0xFF, 0x48, 0xDD, 0x00, 0xF0, 0xFF, 0xD8, 0x00, 0x00, 0x00, 0x4F,
    0x00, 0xB9, 0x75, 0x09, 0x9D, 0x95, 0xB7, 0x00, 0x9D, 0x52, 0x5B, 0x0B, 0x9D, 0x25, 0x22, 0x09,
    0xDD, 0x7D, 0x75, 0x0B, 0xDD, 0xDD, 0xF7, 0x00, 0xDD, 0xDD, 0xF8, 0x00, 0xD8, 0x8D, 0xF4, 0x00,
    0xFF, 0x0F, 0xDF, 0x44, 0x00, 0x00, 0xF0, 0xDD, 0x00, 0x00, 0x00, 0xFF, 0x00, 0x00, 0x00, 0x00,
    0x00, 0x00, 0x00, 0x00, 0x00, 0x00, 0x00, 0x00, 0x00, 0x00, 0x00, 0x00, 0x00, 0x00, 0x00, 0x00,
    0xDC, 0xCD, 0x5F, 0x75, 0xCD, 0xDC, 0x97, 0x0B, 0xDD, 0xFD, 0x09, 0x00, 0xFF, 0x0F, 0x00, 0x00,
    0x00, 0x00, 0x00, 0x00, 0x00, 0x00, 0x00, 0x00, 0x00, 0x00, 0x00, 0x00, 0x00, 0x00, 0x00, 0x00,
    0x00, 0x00, 0xC0, 0x0C, 0x00, 0xC0, 0x1C, 0xC8, 0x00, 0x8C, 0x41, 0x8C, 0xC0, 0x48, 0x84, 0x44,
    0x1C, 0x84, 0x14, 0xC1, 0x8C, 0x11, 0x88, 0x41, 0xC0, 0x4C, 0x41, 0x48, 0x00, 0xC0, 0x18, 0x81,
    0x00, 0x00, 0x00, 0x00, 0x00, 0x00, 0x00, 0x00, 0x0C, 0x00, 0x00, 0x00, 0xCC, 0x0C, 0x00, 0x00,
    0x14, 0x0C, 0x00, 0x00, 0x41, 0x0C, 0x00, 0x00, 0x81, 0x00, 0x00, 0x00, 0xC8, 0x00, 0x00, 0x00,
    0x00, 0x00, 0xCC, 0x14, 0x00, 0x00, 0x00, 0x8C, 0x00, 0x00, 0x00, 0xC0, 0x00, 0x00, 0x00, 0x00,
    0x00, 0x00, 0x00, 0x00, 0x00, 0x00, 0x00, 0x00, 0x00, 0x00, 0x00, 0x00, 0x00, 0x00, 0x00, 0x00,
    0x84, 0x00, 0x00, 0x00, 0x11, 0x88, 0x00, 0x00, 0x4C, 0x41, 0x08, 0x00, 0xC0, 0x18, 0x81, 0x08,
    0x00, 0xCC, 0x14, 0x84, 0x00, 0x00, 0x8C, 0x11, 0x00, 0x00, 0xC0, 0x4C, 0x00, 0x00, 0x00, 0xC0,
    0x00, 0x00, 0x00, 0x00, 0x00, 0xF0, 0xFF, 0x00, 0x00, 0xDF, 0xD8, 0x0F, 0xB0, 0xDC, 0xD4, 0xFD,
    0x99, 0xDD, 0x8D, 0xDD, 0x25, 0x77, 0xDD, 0xD4, 0x59, 0xD2, 0xDD, 0x8D, 0x95, 0x52, 0xDD, 0xDD,
    0x00, 0x00, 0x00, 0x00, 0x00, 0x00, 0x00, 0x00, 0x00, 0x00, 0x00, 0x00, 0x00, 0x00, 0x00, 0x00,
    0x0F, 0x00, 0x00, 0x00, 0xFD, 0x00, 0x00, 0x00, 0xDD, 0xFF, 0x00, 0x00, 0xD4, 0xDD, 0x0F, 0x00,
    0x9B, 0x75, 0xDB, 0xDD, 0x90, 0xBB, 0xF0, 0xDD, 0x00, 0x00, 0xF0, 0xCD, 0x00, 0x00, 0x00, 0xCF,
    0x00, 0x00, 0x00, 0xCF, 0x00, 0x00, 0x00, 0xF0, 0x00, 0x00, 0x00, 0x00, 0x00, 0x00, 0x00, 0x00,
    0x8D, 0xD4, 0xFD, 0x00, 0xDD, 0x8D, 0xDD, 0x0F, 0xDC, 0xDD, 0xD4, 0x0F, 0xCC, 0xDD, 0x8D, 0x0F,
    0xCC, 0xDC, 0x4D, 0x0F, 0xCC, 0xDC, 0xF8, 0x00, 0xFF, 0xFF, 0x0F, 0x00, 0x00, 0x00, 0x00, 0x00,
    0x00, 0x00, 0x00, 0x00, 0x00, 0x00, 0x00, 0x00, 0x00, 0x00, 0x00, 0x00, 0x00, 0x00, 0x00, 0x00,
    0x00, 0x00, 0x00, 0xB0, 0x00, 0x00, 0x00, 0x6B, 0x00, 0x00, 0x00, 0xB0, 0x00, 0x00, 0x00, 0x00,
    0x00, 0x00, 0x00, 0x00, 0x00, 0x00, 0x00, 0x00, 0xB0, 0x00, 0xB0, 0x00, 0x6B, 0x0B, 0x6B, 0x0B,
    0x5A, 0xB6, 0xAB, 0xB6, 0xAB, 0x65, 0xB5, 0x6A, 0xBB, 0x5A, 0x56, 0x5B, 0x5B, 0xA5, 0x55, 0x66,
    0x00, 0x00, 0x00, 0xF0, 0x00, 0x00, 0x00, 0x00, 0x00, 0x00, 0x00, 0x00, 0x00, 0x00, 0x00, 0x00,
    0x00, 0x00, 0x00, 0x00, 0x00, 0x00, 0x00, 0x00, 0x00, 0x00, 0x00, 0x00, 0x00, 0x00, 0x00, 0x00,
    0x4F, 0x48, 0x0F, 0x00, 0xF0, 0xFF, 0x00, 0x00, 0x00, 0x00, 0x00, 0x00, 0x00, 0x00, 0x00, 0x00,
    0x00, 0x00, 0x00, 0x00, 0x00, 0x00, 0x00, 0x00, 0x00, 0x00, 0x00, 0x00, 0x00, 0x00, 0x00, 0x00,
    0x00, 0x00, 0x00, 0x00, 0x00, 0x00, 0x00, 0x00, 0xFF, 0x0F, 0x00, 0x00, 0x8F, 0xF4, 0x00, 0x00,
    0x88, 0x81, 0x0F, 0x00, 0x1F, 0x74, 0x0B, 0x00, 0xFF, 0x35, 0x0B, 0x00, 0x7B, 0xB9, 0x00, 0x00,
    0xB5, 0x00, 0x00, 0x00, 0x0B, 0x00, 0x00, 0x00, 0x00, 0x00, 0x00, 0x00, 0x00, 0x00, 0x00, 0x00,
    0x00, 0x00, 0x00, 0x00, 0x00, 0x00, 0x00, 0x00, 0x00, 0x00, 0x00, 0x00, 0x00, 0x00, 0x00, 0x00,
    0x00, 0x00, 0x00, 0x00, 0x00, 0x00, 0x00, 0x00, 0x00, 0x00, 0x00, 0x00, 0x00, 0x00, 0x00, 0x00,
    0xBB, 0x00, 0x00, 0x00, 0x66, 0x0B, 0x00, 0x00, 0xA6, 0xB6, 0x0B, 0x00, 0x65, 0x6A, 0xB6, 0x0B,
};
static const u16 sFrame14[] = {
    0x0007, 0x00E1, 0x81E8, 0x0000, 0x00D9, 0x41D8, 0x0010, 0x00F1, 0x4008, 0x0014, 0x40D9, 0x01E8,
    0x0018, 0x4001, 0x01E8, 0x001A, 0x80E1, 0x0008, 0x001C, 0x00D9, 0x01F8, 0x001E, 0x0000,
};
static const void* const sFrames14[] = { sFrame14 };
static const u8 sTiles15[928] __attribute__((aligned(4))) = {
    0x00, 0xB0, 0xAB, 0x5A, 0x00, 0x00, 0xB0, 0x56, 0x00, 0x00, 0xB0, 0xA5, 0x00, 0x00, 0x6B, 0x6B,
    0x00, 0x00, 0xBB, 0xB7, 0x00, 0x00, 0x00, 0x39, 0x00, 0x00, 0x00, 0x59, 0x00, 0x00, 0x00, 0x90,
    0xAA, 0x65, 0x66, 0x56, 0x6A, 0x6A, 0x66, 0x66, 0xAA, 0xB6, 0x6B, 0x65, 0x56, 0x5A, 0x6B, 0x56,
    0xBB, 0x5A, 0x6B, 0xA6, 0x88, 0x6B, 0xB6, 0x66, 0x18, 0xB5, 0xBB, 0x66, 0x53, 0x75, 0x5B, 0x6B,
    0x56, 0xB6, 0x0B, 0x00, 0xA6, 0x5A, 0xB6, 0x0B, 0x65, 0xA6, 0x6A, 0x0B, 0xA5, 0x65, 0xBB, 0x9F,
    0x5A, 0xAA, 0xB6, 0x35, 0x5A, 0x65, 0xBA, 0x5B, 0x6A, 0xA6, 0xDB, 0x9F, 0xBB, 0xBF, 0xFD, 0xB0,
    0x00, 0x00, 0x00, 0x00, 0x00, 0x00, 0x00, 0x00, 0xF0, 0xFF, 0x00, 0x00, 0x8B, 0x84, 0x0F, 0x00,
    0xB9, 0x41, 0xFF, 0x00, 0xF5, 0xF4, 0x84, 0x0F, 0x4F, 0x88, 0xF1, 0x0F, 0x88, 0x14, 0x77, 0x0B,
    0x88, 0x00, 0x00, 0x70, 0x41, 0x08, 0x00, 0x77, 0x18, 0xC8, 0x99, 0x25, 0x8C, 0x58, 0x95, 0x22,
    0xC0, 0x29, 0x72, 0xBB, 0xB0, 0x29, 0xF2, 0x17, 0x90, 0x22, 0x4F, 0xF1, 0x5B, 0xB2, 0x1F, 0x48,
    0x79, 0xB7, 0x6B, 0xFB, 0xB9, 0x9B, 0xB7, 0xDD, 0x75, 0x00, 0xDB, 0x44, 0x22, 0x09, 0x8F, 0x44,
    0x2F, 0x95, 0x8F, 0x44, 0xF8, 0x52, 0xD9, 0x88, 0x84, 0xFF, 0x72, 0xDD, 0xF1, 0x84, 0x92, 0xFF,
    0xDD, 0xBF, 0x0F, 0xB0, 0xFF, 0xFD, 0x00, 0x90, 0xD8, 0xCD, 0x0F, 0x0F, 0x84, 0xCD, 0xFC, 0xF8,
    0xD8, 0xDD, 0xCD, 0x8D, 0xD8, 0xDF, 0xDD, 0x8D, 0xDD, 0xDF, 0x8D, 0xF8, 0xFF, 0xFD, 0xF4, 0x0F,
    0x73, 0x7B, 0x35, 0x0B, 0x57, 0x59, 0xB9, 0x00, 0xBB, 0xBB, 0x00, 0x00, 0x00, 0x00, 0x00, 0x00,
    0x0F, 0x00, 0x00, 0x00, 0x0F, 0x00, 0x00, 0x00, 0x00, 0x00, 0x00, 0x00, 0x00, 0x00, 0x00, 0x00,
    0x7B, 0xB2, 0x18, 0x88, 0x90, 0x25, 0x8F, 0x1F, 0x00, 0x59, 0xF2, 0x4F, 0x00, 0x90, 0x25, 0xF5,
    0x00, 0x00, 0x5B, 0x22, 0x00, 0x00, 0xB0, 0xB5, 0x00, 0x00, 0x00, 0x0B, 0x00, 0x00, 0x00, 0x00,
    0x81, 0x81, 0x97, 0x37, 0x74, 0x41, 0x59, 0x55, 0xF8, 0x48, 0x9F, 0xD9, 0xFF, 0xFF, 0x52, 0xFD,
    0x92, 0xCF, 0xCC, 0xF7, 0x0B, 0xF0, 0xD4, 0xFD, 0x00, 0xF0, 0x4D, 0xF4, 0x00, 0x00, 0xFF, 0xFD,
    0x97, 0xFF, 0xDF, 0x0F, 0xF9, 0xFF, 0x97, 0x0F, 0xDF, 0xF7, 0x97, 0x0F, 0x5D, 0x79, 0x9F, 0xFD,
    0x72, 0x9C, 0xD9, 0xFD, 0xCC, 0xCC, 0xD8, 0x7F, 0x44, 0x88, 0xDD, 0x9F, 0xCC, 0xDC, 0xFD, 0x55,
    0x00, 0xFF, 0x00, 0x00, 0xF0, 0x48, 0xFF, 0x00, 0xDF, 0xDD, 0x48, 0x0F, 0xD9, 0xDD, 0xDD, 0xF8,
    0xD2, 0xDD, 0xDD, 0xF4, 0x55, 0xDD, 0xDD, 0x8D, 0x27, 0xD7, 0xDD, 0xDD, 0x59, 0x49, 0xDD, 0xDD,
    0x00, 0x00, 0x00, 0x00, 0x00, 0x00, 0x00, 0x00, 0x00, 0x00, 0x00, 0x00, 0x00, 0x00, 0x00, 0x00,
    0x00, 0x00, 0x00, 0xF0, 0x00, 0x00, 0x00, 0x4F, 0x00, 0x00, 0x00, 0x8F, 0x00, 0x00, 0x00, 0x4F,
    0x00, 0x00, 0x90, 0x95, 0x00, 0x00, 0x00, 0x5B, 0xF0, 0xFF, 0x00, 0xB0, 0x4F, 0x48, 0xF8, 0x90,
    0xC8, 0xCC, 0x4C, 0xDF, 0xCC, 0xCC, 0xDC, 0xD8, 0xCC, 0xCC, 0xCC, 0xDD, 0xCD, 0xCC, 0xDC, 0xDD,
    0xDD, 0xCD, 0x5F, 0x97, 0xCF, 0xFC, 0x99, 0x00, 0xF7, 0x9F, 0x00, 0x00, 0x79, 0x25, 0x09, 0x00,
    0x22, 0x75, 0x0B, 0x00, 0x7D, 0xDD, 0xFD, 0x00, 0xDD, 0xDD, 0xFD, 0x00, 0xDD, 0xDD, 0xF8, 0x00,
    0x90, 0x8B, 0xC4, 0xDC, 0x00, 0xF0, 0xC8, 0xCC, 0x00, 0xF0, 0xC4, 0xCC, 0x00, 0xF0, 0xC8, 0xCC,
    0x00, 0x00, 0x4F, 0x48, 0x00, 0x00, 0xF0, 0xFF, 0x00, 0x00, 0x00, 0x00, 0x00, 0x00, 0x00, 0x00,
    0x00, 0x00, 0x00, 0x00, 0x00, 0x00, 0x00, 0x00, 0x00, 0x00, 0x00, 0x00, 0x00, 0x00, 0xC0, 0x0C,
    0x00, 0xC0, 0x1C, 0xC8, 0x00, 0x8C, 0x41, 0x8C, 0xC0, 0x48, 0x84, 0x44, 0x1C, 0x84, 0x14, 0xC1,
    0x00, 0x00, 0x00, 0x00, 0x00, 0x00, 0x00, 0x00, 0x00, 0x00, 0x00, 0x00, 0x00, 0x00, 0x00, 0x00,
    0x00, 0x00, 0x00, 0x00, 0x0C, 0x00, 0x00, 0x00, 0xCC, 0x0C, 0x00, 0x00, 0x14, 0x0C, 0x00, 0x00,
    0x8C, 0x11, 0x88, 0x41, 0xC0, 0x4C, 0x41, 0x48, 0x00, 0xC0, 0x18, 0x81, 0x00, 0x00, 0xCC, 0x14,
    0x00, 0x00, 0x00, 0x8C, 0x00, 0x00, 0x00, 0xC0, 0x00, 0x00, 0x00, 0x00, 0x00, 0x00, 0x00, 0x00,
    0x41, 0x0C, 0x00, 0x00, 0x81, 0x00, 0x00, 0x00, 0xC8, 0x00, 0x00, 0x00, 0x84, 0x00, 0x00, 0x00,
    0x11, 0x88, 0x00, 0x00, 0x4C, 0x41, 0x08, 0x00, 0xC0, 0x18, 0x81, 0x08, 0x00, 0xCC, 0x14, 0x84,
    0x00, 0x00, 0x00, 0x0B, 0x00, 0x00, 0xB0, 0xB6, 0x00, 0x00, 0xAB, 0x65, 0x00, 0xB0, 0xB6, 0x5A,
    0x00, 0x00, 0xBB, 0xAB, 0x00, 0x00, 0xB0, 0x55, 0x00, 0x00, 0xAB, 0x5A, 0x00, 0xB0, 0xA5, 0xA5,
    0x00, 0x0B, 0x00, 0x00, 0xB0, 0xB6, 0x00, 0x00, 0xBB, 0x6A, 0xBB, 0x0B, 0x56, 0xAB, 0x66, 0xB6,
    0x65, 0xB5, 0x65, 0x6A, 0x5A, 0x65, 0x56, 0xA6, 0xA5, 0x5A, 0x66, 0x56, 0x55, 0x66, 0x66, 0x55,
    0x00, 0x00, 0x00, 0xF0, 0x00, 0x00, 0x00, 0x00, 0x00, 0x00, 0x00, 0x00, 0x00, 0x00, 0x00, 0x00,
    0x00, 0x00, 0x00, 0x00, 0x00, 0x00, 0x00, 0x00, 0x00, 0x00, 0x00, 0x00, 0x00, 0x00, 0x00, 0x00,
    0x48, 0xDD, 0xDD, 0xDD, 0x8F, 0x84, 0x84, 0x84, 0xF0, 0xFF, 0xFF, 0xFF, 0x00, 0x00, 0x00, 0x00,
    0x00, 0x00, 0x00, 0x00, 0x00, 0x00, 0x00, 0x00, 0x00, 0x00, 0x00, 0x00, 0x00, 0x00, 0x00, 0x00,
    0x00, 0x00, 0x00, 0x00, 0x00, 0x00, 0x00, 0x00, 0x00, 0x00, 0x00, 0x00, 0x00, 0x00, 0x00, 0x00,
    0x00, 0x00, 0x00, 0x00, 0x0F, 0x00, 0x00, 0x00, 0xF4, 0x00, 0x00, 0x00, 0x8D, 0x0F, 0x00, 0x00,
    0xDD, 0xF4, 0x00, 0x00, 0xDD, 0xF8, 0x00, 0x00, 0xDD, 0xF4, 0x00, 0x00, 0xDD, 0xF8, 0x00, 0x00,
    0x48, 0x0F, 0x00, 0x00, 0xFF, 0x00, 0x00, 0x00, 0x00, 0x00, 0x00, 0x00, 0x00, 0x00, 0x00, 0x00,
    0x00, 0x00, 0x00, 0x00, 0x00, 0x00, 0x00, 0x00, 0x00, 0x00, 0x00, 0x00, 0x00, 0x00, 0x00, 0x00,
    0xBB, 0x00, 0x00, 0x00, 0x66, 0xBB, 0x00, 0x00, 0x6A, 0x66, 0x0B, 0x00, 0x65, 0x66, 0x0B, 0x00,
    0x00, 0x00, 0x8C, 0x11, 0x00, 0x00, 0xC0, 0x4C, 0x00, 0x00, 0x00, 0xC0, 0x00, 0x00, 0x00, 0x00,
    0x00, 0x00, 0x00, 0x00, 0x00, 0x00, 0x00, 0x00, 0x00, 0x00, 0x00, 0x00, 0x00, 0x00, 0x00, 0x00,
    0x48, 0x84, 0xF4, 0x00, 0xF4, 0xFF, 0x0F, 0x00, 0x0F, 0x00, 0x00, 0x00, 0x00, 0x00, 0x00, 0x00,
    0x00, 0x00, 0x00, 0x00, 0x00, 0x00, 0x00, 0x00, 0x00, 0x00, 0x00, 0x00, 0x00, 0x00, 0x00, 0x00,
};
static const u16 sFrame15[] = {
    0x0008, 0x00DD, 0x81ED, 0x0000, 0x00D5, 0x41DD, 0x0010, 0x40D5, 0x01ED, 0x0014, 0x40FD, 0x01ED,
    0x0016, 0x80ED, 0x000D, 0x0018, 0x00D5, 0x01FD, 0x001A, 0x00E5, 0x01E5, 0x001B, 0x00FD, 0x01FD,
    0x001C, 0x0000,
};
static const void* const sFrames15[] = { sFrame15 };
static const u8 sTiles16[832] __attribute__((aligned(4))) = {
    0x8F, 0xF8, 0x0F, 0x00, 0x43, 0xF1, 0xF8, 0x0F, 0x89, 0x48, 0xF4, 0xF4, 0xFB, 0x17, 0xF8, 0xF1,
    0xB0, 0x95, 0x4F, 0x9F, 0x90, 0xF9, 0xF8, 0x37, 0x00, 0x00, 0x00, 0x59, 0x00, 0x00, 0x00, 0x90,
    0x00, 0x00, 0x00, 0x00, 0x00, 0x00, 0x00, 0x00, 0x00, 0x00, 0x00, 0x00, 0x00, 0x00, 0x00, 0x00,
    0xF0, 0x0F, 0x00, 0x00, 0xDF, 0xFD, 0x0F, 0xBB, 0xDF, 0xDD, 0xFD, 0x6F, 0xDF, 0xDD, 0x8D, 0xFF,
    0x00, 0x00, 0x00, 0x0B, 0xBB, 0x0B, 0x00, 0xBB, 0x5B, 0xB6, 0x6B, 0x6B, 0x6B, 0x65, 0xB6, 0x5B,
    0x6B, 0xB6, 0x57, 0xB7, 0xA6, 0xB7, 0x3B, 0xB5, 0x7A, 0x75, 0x35, 0x33, 0x5A, 0x53, 0x73, 0xBB,
    0x00, 0xBB, 0x00, 0x00, 0xB0, 0xB6, 0x00, 0x00, 0x6A, 0xB5, 0x00, 0x00, 0x5A, 0x65, 0xB0, 0x0B,
    0x6A, 0xA5, 0x5A, 0x0B, 0xAB, 0xAA, 0x65, 0x0B, 0xB7, 0x6A, 0xB5, 0x00, 0xB5, 0x66, 0x0B, 0x00,
    0x00, 0x00, 0x00, 0x00, 0x00, 0x00, 0x00, 0x00, 0x00, 0x00, 0x00, 0x00, 0x00, 0x00, 0x00, 0x00,
    0x00, 0x00, 0x00, 0xF0, 0x00, 0x00, 0x00, 0xF0, 0x00, 0x00, 0x00, 0xF0, 0x00, 0x00, 0x00, 0xF0,
    0xDF, 0xDD, 0x8D, 0x44, 0xFF, 0xDF, 0xDD, 0x88, 0x00, 0xF0, 0xDD, 0xFD, 0xFF, 0xFF, 0xDD, 0x8D,
    0x44, 0xDD, 0xDD, 0x58, 0xD1, 0xDD, 0x1D, 0x78, 0xD1, 0x1D, 0x41, 0x4C, 0x11, 0xF1, 0x18, 0xD4,
    0x5F, 0x33, 0x53, 0x7B, 0x7B, 0x35, 0x33, 0x75, 0x98, 0x57, 0x53, 0xE5, 0x75, 0x99, 0x77, 0xEB,
    0x77, 0x49, 0x64, 0xBB, 0x44, 0xF4, 0xBD, 0xE5, 0x1D, 0xDF, 0x8D, 0xEB, 0xD1, 0xFD, 0x48, 0xE4,
    0xB7, 0xB5, 0x0B, 0x00, 0xEE, 0xB6, 0xB6, 0x00, 0x84, 0x6E, 0x65, 0x0B, 0x18, 0xE8, 0xBB, 0x00,
    0x1E, 0xE4, 0x0E, 0x00, 0x88, 0x81, 0xE8, 0x00, 0x18, 0x84, 0xE8, 0x00, 0x41, 0x4E, 0x81, 0x00,
    0x00, 0x00, 0x00, 0x00, 0x00, 0x00, 0x00, 0xF8, 0x00, 0x00, 0xFF, 0xDF, 0x00, 0xFF, 0x77, 0xF9,
    0xF0, 0x99, 0x99, 0x5C, 0x4F, 0xCD, 0xCC, 0xCC, 0xCF, 0xC4, 0xCC, 0xCC, 0xCF, 0x4D, 0xCC, 0xDC,
    0xFF, 0x99, 0x8C, 0x1D, 0x9F, 0x77, 0xC7, 0xD1, 0xFD, 0x79, 0x1F, 0xDD, 0xDD, 0x9F, 0x1F, 0xDD,
    0xFD, 0xFF, 0x11, 0x11, 0xF2, 0xFD, 0xDD, 0xDD, 0x7D, 0xCD, 0xFF, 0xDF, 0xDD, 0xF5, 0xDD, 0xDD,
    0xDD, 0xDD, 0x48, 0xF4, 0xDD, 0xDD, 0x48, 0xF4, 0xFD, 0xDD, 0x8D, 0xF8, 0x44, 0xDF, 0xDD, 0xFD,
    0xF4, 0xDF, 0xDD, 0xFD, 0x0F, 0xDF, 0xDD, 0x9D, 0xF9, 0xF0, 0x5F, 0x59, 0x79, 0x0F, 0x99, 0x55,
    0x18, 0x4E, 0xE1, 0x00, 0x4E, 0x4E, 0xE1, 0x00, 0xE0, 0x18, 0xE4, 0x00, 0x00, 0x18, 0xE8, 0x00,
    0xE0, 0x18, 0x08, 0x00, 0xE9, 0x14, 0x0E, 0x00, 0xE5, 0x14, 0x0E, 0x00, 0xE5, 0x41, 0x0E, 0x00,
    0xF0, 0xDC, 0xC4, 0xDD, 0x90, 0xCF, 0x8D, 0x88, 0x90, 0xF5, 0xCF, 0xFD, 0x00, 0x37, 0xF9, 0xFF,
    0x00, 0x5B, 0xB7, 0x00, 0x90, 0xB5, 0x59, 0x09, 0x90, 0x25, 0x52, 0x95, 0xDF, 0x59, 0x55, 0x95,
    0xDD, 0xDF, 0xCD, 0xDD, 0xFD, 0x7F, 0xCC, 0x2C, 0x0F, 0xDF, 0x72, 0xC5, 0x00, 0xDF, 0xCC, 0xCC,
    0x00, 0xDF, 0xCC, 0x4C, 0x00, 0xF0, 0x44, 0xD4, 0x00, 0xF0, 0xDD, 0xCC, 0x00, 0x00, 0xFF, 0x9F,
    0x9D, 0x0F, 0x90, 0x92, 0x95, 0xF7, 0x50, 0xB2, 0xDD, 0xD9, 0x29, 0xB5, 0xDD, 0xDD, 0x59, 0x95,
    0x88, 0xD8, 0xBB, 0xB5, 0xCC, 0xFF, 0x00, 0xB5, 0xFF, 0x97, 0x9B, 0x5B, 0x35, 0x53, 0x59, 0x9B,
    0x85, 0x81, 0x0B, 0x00, 0x59, 0x88, 0x0B, 0x00, 0x29, 0x95, 0x99, 0x80, 0x2B, 0x55, 0x95, 0x84,
    0xF5, 0x9F, 0x55, 0x09, 0xF9, 0x79, 0x29, 0x09, 0x9F, 0x53, 0x59, 0x95, 0xF2, 0xBB, 0x95, 0x95,
    0x9B, 0x57, 0xB5, 0x92, 0x00, 0x9B, 0xB7, 0x52, 0x00, 0xB0, 0x22, 0x95, 0x00, 0x90, 0x95, 0xD9,
    0x00, 0x00, 0xDF, 0xD4, 0x00, 0xFF, 0x84, 0xDD, 0xF0, 0x8D, 0xCC, 0xDC, 0xDF, 0xC4, 0xCC, 0xCC,
    0x52, 0x59, 0x5B, 0x95, 0x59, 0x95, 0x2B, 0x95, 0xBD, 0x29, 0x25, 0x95, 0xFD, 0x5B, 0x22, 0xB9,
    0xFD, 0x9B, 0x55, 0xB5, 0xF8, 0x0B, 0xB9, 0x0B, 0xF8, 0x00, 0x00, 0x00, 0xF8, 0x00, 0x00, 0x00,
    0xDF, 0xC8, 0xCC, 0xCC, 0x4F, 0x48, 0xC8, 0xDC, 0xDF, 0xDD, 0x4D, 0xD8, 0xF0, 0xFF, 0xDF, 0x4D,
    0x00, 0x00, 0xF0, 0xFF, 0x00, 0x00, 0x00, 0x00, 0x00, 0x00, 0x00, 0x00, 0x00, 0x00, 0x00, 0x00,
    0xF4, 0x00, 0x00, 0x00, 0xF8, 0x00, 0x00, 0x00, 0xF4, 0x00, 0x00, 0x00, 0xF8, 0x00, 0x00, 0x00,
    0x0F, 0x00, 0x00, 0x00, 0x00, 0x00, 0x00, 0x00, 0x00, 0x00, 0x00, 0x00, 0x00, 0x00, 0x00, 0x00,
    0xF0, 0x48, 0xCC, 0x4D, 0x4F, 0xCC, 0xCC, 0xDD, 0x8F, 0xCC, 0xCC, 0xDC, 0x4F, 0xCC, 0xCC, 0xDC,
    0xF0, 0xC8, 0xCC, 0xDD, 0xF0, 0xD4, 0xDD, 0xDD, 0x00, 0x8F, 0x84, 0x84, 0x00, 0xF0, 0xFF, 0xFF,
    0x88, 0xD8, 0xDD, 0x0F, 0xDD, 0xDD, 0xDD, 0xFD, 0xDD, 0xDD, 0xDD, 0xF8, 0xDD, 0xDD, 0x8D, 0xF8,
    0xDD, 0x88, 0xF8, 0x0F, 0x84, 0xFF, 0x0F, 0x00, 0xFF, 0x00, 0x00, 0x00, 0x00, 0x00, 0x00, 0x00,
    0x00, 0x00, 0x00, 0x00, 0x00, 0x00, 0x00, 0x00, 0x00, 0x00, 0x00, 0x00, 0x00, 0xEE, 0x00, 0x00,
    0xE0, 0x48, 0x0E, 0x00, 0x1E, 0x14, 0x0E, 0x00, 0xEE, 0x48, 0x0E, 0x00, 0xE0, 0xE4, 0x00, 0x00,
    0x84, 0xEE, 0x00, 0x00, 0x08, 0x00, 0x00, 0x00, 0x00, 0x00, 0x00, 0x00, 0x00, 0x00, 0x00, 0x00,
    0x00, 0x00, 0x00, 0x00, 0x00, 0x00, 0x00, 0x00, 0x00, 0x00, 0x00, 0x00, 0x00, 0x00, 0x00, 0x00,
    0x00, 0x00, 0x00, 0x90, 0x00, 0x00, 0x00, 0x79, 0x00, 0x00, 0x00, 0x57, 0x00, 0x00, 0x00, 0x79,
    0x00, 0x00, 0x00, 0x90, 0x00, 0x00, 0x00, 0x00, 0x00, 0x00, 0x00, 0x00, 0x00, 0x00, 0x00, 0x00,
    0x00, 0x00, 0x00, 0x00, 0x00, 0x00, 0x00, 0x00, 0x00, 0x00, 0x00, 0x00, 0x00, 0x00, 0x00, 0x00,
    0x00, 0x00, 0x00, 0x00, 0x00, 0x00, 0x00, 0x00, 0x00, 0x00, 0xFF, 0x0F, 0x00, 0xFF, 0x48, 0xF8,
};
static const u16 sFrame16[] = {
    0x0006, 0x00D3, 0x81F3, 0x0000, 0x00F3, 0x4003, 0x0010, 0x40F3, 0x01EB, 0x0014, 0x80E3, 0x0013,
    0x0016, 0x00D3, 0x01EB, 0x0018, 0x00EB, 0x01EB, 0x0019, 0x0000,
};
static const void* const sFrames16[] = { sFrame16 };
static const u8 sTiles17[640] __attribute__((aligned(4))) = {
    0x00, 0x00, 0x00, 0x00, 0x00, 0x00, 0x00, 0xFF, 0x00, 0x00, 0xF0, 0x14, 0x00, 0x00, 0x90, 0x47,
    0x00, 0x00, 0x70, 0x75, 0x00, 0x00, 0x90, 0x53, 0x00, 0x00, 0x90, 0x97, 0x00, 0x00, 0x00, 0x99,
    0x8E, 0x48, 0x18, 0x14, 0xE8, 0x14, 0x84, 0x14, 0x88, 0x4E, 0x41, 0x48, 0x41, 0xEF, 0x14, 0x84,
    0x84, 0x44, 0x4E, 0x41, 0xF9, 0x85, 0xEE, 0x14, 0x70, 0x93, 0x00, 0x4E, 0x90, 0x09, 0xF0, 0xEF,
    0x6E, 0x6A, 0x6A, 0x56, 0x5E, 0xAA, 0xA6, 0x6A, 0x6E, 0x7A, 0x5B, 0xB6, 0xBE, 0x55, 0x6B, 0x65,
    0xE8, 0x79, 0x5B, 0xB5, 0x84, 0xBD, 0xB9, 0xB5, 0x41, 0xD8, 0xBC, 0xC9, 0x14, 0x84, 0xDC, 0x9B,
    0x55, 0xB6, 0xDD, 0x0F, 0x66, 0xFB, 0xFD, 0x00, 0xBB, 0xF6, 0xFD, 0x0F, 0x6B, 0xFB, 0xDD, 0x0F,
    0x65, 0xDF, 0x88, 0xF8, 0xD5, 0x8D, 0x44, 0xF8, 0xDC, 0x8F, 0x44, 0xD8, 0xD9, 0xDF, 0x88, 0xDD,
    0x00, 0x00, 0x00, 0x00, 0x00, 0x00, 0x00, 0x00, 0x00, 0x00, 0x00, 0x00, 0x00, 0x00, 0x00, 0x00,
    0x00, 0xF0, 0x0F, 0x00, 0xF0, 0xCF, 0xFC, 0x0F, 0xDF, 0xD8, 0xCC, 0xF4, 0xDF, 0x4D, 0xCD, 0x8C,
    0x00, 0x00, 0xF0, 0x7F, 0x00, 0x00, 0x00, 0x39, 0x00, 0x00, 0x00, 0x37, 0x00, 0x00, 0x90, 0x55,
    0x00, 0x90, 0x7B, 0x73, 0x00, 0x29, 0x59, 0xB9, 0x00, 0x29, 0x52, 0x95, 0xFF, 0x5F, 0x25, 0xB5,
    0x4E, 0x41, 0xE8, 0x59, 0xE5, 0x14, 0x84, 0x25, 0x95, 0x8E, 0x81, 0x2E, 0xF7, 0xEF, 0x18, 0x98,
    0xFF, 0xDD, 0x8E, 0x28, 0xF0, 0xDF, 0x9B, 0x55, 0x00, 0xF0, 0x59, 0xB9, 0x00, 0x00, 0x59, 0xF2,
    0x92, 0xDD, 0xDD, 0xFF, 0x25, 0xD5, 0xFF, 0x37, 0x59, 0x4F, 0x81, 0x5B, 0xFB, 0xBB, 0x18, 0x98,
    0x85, 0x44, 0x8F, 0xF4, 0x49, 0x1F, 0xF8, 0xF8, 0x1F, 0x48, 0xF8, 0xBF, 0x18, 0x88, 0xF4, 0x0B,
    0x84, 0xB8, 0x59, 0x0B, 0xDD, 0xDD, 0xFD, 0x00, 0xDD, 0xDD, 0xFD, 0x00, 0xDD, 0xDD, 0xFD, 0x00,
    0x88, 0x88, 0x0F, 0x00, 0xFF, 0xDD, 0x0F, 0x00, 0x00, 0xFF, 0x00, 0x00, 0x00, 0x00, 0x00, 0x00,
    0x00, 0x00, 0x59, 0xB2, 0x00, 0x00, 0x59, 0xB5, 0x00, 0x00, 0x90, 0x95, 0x00, 0x00, 0x90, 0x25,
    0x00, 0x00, 0x00, 0x29, 0x00, 0x00, 0x90, 0x95, 0x00, 0x00, 0x90, 0x92, 0xFF, 0xFF, 0x90, 0x25,
    0x00, 0x00, 0x00, 0xF0, 0x00, 0x00, 0x00, 0xDF, 0x00, 0x00, 0x00, 0x4F, 0x00, 0x00, 0x00, 0xDF,
    0x00, 0x00, 0x00, 0xDF, 0x00, 0x00, 0x00, 0xF0, 0x00, 0x00, 0x00, 0x00, 0x00, 0x00, 0x00, 0x00,
    0xC4, 0xCC, 0xFF, 0x5D, 0xC8, 0xCC, 0xCC, 0xBD, 0x48, 0xC8, 0xCC, 0xDD, 0xDD, 0x4D, 0xDD, 0x84,
    0xDD, 0xDD, 0xD8, 0x18, 0xDF, 0xDD, 0x8D, 0x44, 0xF0, 0xDF, 0x8D, 0xFF, 0x00, 0xF0, 0xFF, 0x00,
    0x00, 0x00, 0x00, 0xBB, 0x00, 0x00, 0x00, 0x5B, 0x00, 0x00, 0x00, 0x6B, 0x00, 0xE0, 0x0E, 0xB6,
    0x00, 0x8E, 0xE4, 0x6B, 0x00, 0x18, 0xEE, 0xA8, 0xE0, 0x14, 0x48, 0xEE, 0x8E, 0x88, 0x14, 0xE8,
    0xBB, 0x06, 0xBB, 0xBB, 0x65, 0xBB, 0x66, 0x6B, 0xA5, 0x66, 0x55, 0xA5, 0x66, 0x56, 0x66, 0x65,
    0x66, 0x66, 0x56, 0x66, 0x6A, 0x6A, 0x66, 0xA6, 0x56, 0xA6, 0x66, 0x66, 0x68, 0xA6, 0x6A, 0x55,
    0x00, 0x00, 0x00, 0x00, 0x00, 0x00, 0x00, 0x00, 0x00, 0x00, 0x00, 0x00, 0x00, 0x00, 0x00, 0x00,
    0x00, 0x00, 0x00, 0x00, 0x00, 0x00, 0x00, 0x00, 0x0F, 0x00, 0x00, 0x00, 0x0F, 0x00, 0x00, 0x00,
    0x0F, 0x00, 0x00, 0x00, 0x09, 0x00, 0x00, 0x00, 0x09, 0x00, 0x00, 0x00, 0x00, 0x00, 0x00, 0x00,
    0x00, 0x00, 0x00, 0x00, 0x00, 0x00, 0x00, 0x00, 0x00, 0x00, 0x00, 0x00, 0x00, 0x00, 0x00, 0x00,
    0x45, 0xF1, 0x9F, 0x0B, 0x57, 0xF8, 0x92, 0x00, 0x9B, 0x59, 0x95, 0x00, 0xB9, 0x95, 0x0B, 0x00,
    0x55, 0xB2, 0x04, 0x00, 0x22, 0xB5, 0x08, 0x00, 0x25, 0x09, 0x08, 0x00, 0xBB, 0x0B, 0x04, 0x00,
    0xB5, 0x09, 0x08, 0x00, 0xFB, 0x80, 0x00, 0x00, 0xFD, 0x04, 0x00, 0x00, 0xFD, 0x00, 0x00, 0x00,
    0xF8, 0x0E, 0x00, 0x00, 0xFD, 0x00, 0x00, 0x00, 0x0F, 0x00, 0x00, 0x00, 0x00, 0x00, 0x00, 0x00,
    0x6B, 0xBB, 0x00, 0x00, 0x65, 0xB5, 0x00, 0x00, 0x56, 0xB5, 0x00, 0x00, 0x56, 0xB6, 0x0B, 0x00,
    0x65, 0xB6, 0xFD, 0x00, 0x6A, 0xDB, 0xFD, 0x00, 0x56, 0xDB, 0xDD, 0x0F, 0x56, 0xB6, 0xDD, 0x0F,
    0xDF, 0xDD, 0xD8, 0xCC, 0xDF, 0xDD, 0xD4, 0xDD, 0xF0, 0xDD, 0x8D, 0xDD, 0x00, 0xFF, 0xDF, 0x88,
    0x00, 0x00, 0xF0, 0xDF, 0x00, 0x00, 0x00, 0xF0, 0x00, 0x00, 0x00, 0x00, 0x00, 0x00, 0x00, 0x00,
};
static const u16 sFrame17[] = {
    0x0007, 0x40E1, 0x81F0, 0x0000, 0x00F1, 0x41F8, 0x0008, 0x40D9, 0x01F8, 0x000C, 0x80E1, 0x0010,
    0x000E, 0x80F1, 0x0008, 0x0010, 0x00D9, 0x0008, 0x0012, 0x00F1, 0x01F0, 0x0013, 0x0000,
};
static const void* const sFrames17[] = { sFrame17 };
static const u8 sTiles18[768] __attribute__((aligned(4))) = {
    0x00, 0x00, 0xF0, 0x71, 0x00, 0x00, 0x4F, 0x4F, 0x00, 0x00, 0xFF, 0x4F, 0x00, 0xFF, 0xCD, 0xCD,
    0xF0, 0x2D, 0xCC, 0xCC, 0x4F, 0xCD, 0xC5, 0xFC, 0x4F, 0xCD, 0x7C, 0xCC, 0xCF, 0xD4, 0xCC, 0x52,
    0x71, 0xD4, 0xDD, 0xDD, 0x99, 0xD4, 0xDD, 0xDD, 0xD9, 0xD1, 0xDD, 0xDD, 0x19, 0xDD, 0xDD, 0x8D,
    0x1F, 0xDD, 0x44, 0xD4, 0x11, 0x11, 0xFD, 0x7F, 0xFF, 0xFF, 0xDF, 0x79, 0xF7, 0xDF, 0xCC, 0xF9,
    0x4F, 0x24, 0x21, 0x03, 0xCF, 0x34, 0x22, 0x32, 0xC8, 0x23, 0x13, 0x22, 0x4F, 0x23, 0x11, 0x22,
    0x3F, 0x22, 0x12, 0x21, 0x3F, 0x32, 0x12, 0x11, 0x7F, 0x23, 0x21, 0x12, 0x97, 0x3F, 0x32, 0x12,
    0x00, 0x00, 0x00, 0x00, 0x00, 0x00, 0x00, 0x00, 0x03, 0x00, 0x00, 0x00, 0x03, 0x00, 0x00, 0x00,
    0x32, 0x00, 0x00, 0x00, 0x22, 0x03, 0x00, 0x00, 0x21, 0x03, 0x00, 0x00, 0x22, 0x03, 0x00, 0x00,
    0xFF, 0x4C, 0xDD, 0xDD, 0xF0, 0xCD, 0x88, 0xDD, 0x00, 0xFF, 0xDD, 0xF8, 0x00, 0x00, 0xFF, 0x5F,
    0x00, 0x00, 0x90, 0x97, 0x00, 0x00, 0xBF, 0x25, 0x00, 0xF0, 0xD4, 0x7D, 0x00, 0x8F, 0xDC, 0xCD,
    0xFD, 0xCF, 0x75, 0x9C, 0xFD, 0x2D, 0xCC, 0xCC, 0xFF, 0xC7, 0xCC, 0xDC, 0xF9, 0xCC, 0xCC, 0xCC,
    0xF2, 0xCD, 0xCC, 0xDC, 0xF5, 0xD4, 0xDD, 0x84, 0xDB, 0x4F, 0x44, 0xCC, 0xDC, 0xFD, 0xFF, 0xFF,
    0xD9, 0x8F, 0x23, 0x22, 0xDD, 0xFD, 0x23, 0x32, 0xDD, 0xFD, 0x30, 0x03, 0xDD, 0xFF, 0x00, 0x00,
    0x88, 0xFC, 0x00, 0x00, 0xCC, 0x0F, 0x00, 0x00, 0xFD, 0x00, 0x00, 0x00, 0x9F, 0x00, 0x00, 0x00,
    0x32, 0x00, 0x00, 0x00, 0x03, 0x00, 0x00, 0x00, 0x00, 0x00, 0x00, 0x00, 0x00, 0x00, 0x00, 0x00,
    0x00, 0x00, 0x00, 0x00, 0x00, 0x00, 0x00, 0x00, 0x00, 0x00, 0x00, 0x00, 0x00, 0x00, 0x00, 0x00,
    0x00, 0x00, 0x00, 0x00, 0x00, 0x00, 0x00, 0x0B, 0x00, 0x00, 0xB0, 0xBA, 0x00, 0x00, 0xB0, 0x6B,
    0x00, 0x00, 0xAB, 0xC8, 0x00, 0x00, 0xB0, 0x1C, 0x00, 0x00, 0x00, 0x94, 0x00, 0x00, 0x80, 0xBC,
    0xB0, 0x0B, 0x00, 0x00, 0xB0, 0xB6, 0x00, 0x00, 0xB0, 0x6A, 0x0B, 0x00, 0xBB, 0x5A, 0xBB, 0x00,
    0xC8, 0xBB, 0x57, 0xBB, 0x54, 0x59, 0x22, 0xAB, 0x55, 0x29, 0x25, 0xB5, 0x29, 0xB5, 0x9B, 0xB2,
    0x00, 0x80, 0xC4, 0x57, 0x00, 0x80, 0x79, 0x25, 0x00, 0x08, 0x29, 0x72, 0x00, 0x04, 0x29, 0x95,
    0x00, 0x08, 0xBF, 0xF5, 0x00, 0xF0, 0xF5, 0x4F, 0x00, 0xBF, 0x53, 0x4F, 0x00, 0xBF, 0x75, 0xFF,
    0x5B, 0xB3, 0xBB, 0x55, 0x99, 0x97, 0x95, 0x2B, 0xCB, 0x1F, 0x57, 0x5B, 0x4F, 0x88, 0x41, 0x79,
    0x1F, 0x84, 0x14, 0x2B, 0xF8, 0x18, 0x4F, 0x95, 0x81, 0xFF, 0xF8, 0x82, 0x14, 0x81, 0xBF, 0x88,
    0xDC, 0xF4, 0x79, 0x35, 0x4D, 0x0F, 0xB0, 0x59, 0x84, 0x00, 0x00, 0xB0, 0xF8, 0x00, 0x00, 0x00,
    0x0F, 0x00, 0x00, 0x00, 0x00, 0x00, 0x00, 0x00, 0x00, 0x00, 0x00, 0x00, 0x00, 0x00, 0x00, 0x00,
    0xB5, 0x00, 0x00, 0x00, 0x75, 0x7B, 0x09, 0x00, 0x57, 0x97, 0x92, 0x00, 0x7B, 0x59, 0x52, 0x0B,
    0xB9, 0x29, 0x75, 0xFC, 0x90, 0x55, 0xC7, 0xFC, 0xF0, 0xC8, 0xCC, 0x8D, 0x8F, 0xD4, 0xCC, 0x8D,
    0x00, 0x00, 0x00, 0xFF, 0x00, 0x00, 0xF0, 0x84, 0x00, 0x00, 0x8F, 0xCC, 0x00, 0x00, 0x4F, 0xCC,
    0x00, 0x00, 0x8F, 0xCC, 0x00, 0x00, 0xF0, 0x84, 0x00, 0x00, 0x00, 0xFF, 0x00, 0x00, 0x00, 0x00,
    0xD4, 0xCD, 0xDC, 0x88, 0xDC, 0xCC, 0xDC, 0xF8, 0xCC, 0xCD, 0x8D, 0x0F, 0xCC, 0xDC, 0x8D, 0x0F,
    0xCC, 0xDC, 0xF8, 0x00, 0xCC, 0xDD, 0xF4, 0x00, 0x48, 0x48, 0xF8, 0x00, 0xFF, 0xFF, 0x0F, 0x00,
    0x00, 0xCF, 0xFB, 0xBD, 0x00, 0xF0, 0xCC, 0x9D, 0x00, 0x00, 0xCF, 0x7D, 0x00, 0x00, 0xDF, 0x9F,
    0x00, 0x00, 0xD0, 0xFF, 0x00, 0x00, 0xF0, 0xFF, 0x00, 0x00, 0xF0, 0xC1, 0x00, 0x00, 0xF0, 0xC1,
    0x8F, 0xF8, 0x89, 0x28, 0x33, 0xDF, 0xCD, 0x2D, 0x53, 0xF9, 0xCC, 0xDD, 0x55, 0xF7, 0xCC, 0xDC,
    0x77, 0xCB, 0xCC, 0xDD, 0xDF, 0xCD, 0xDD, 0xDD, 0xFC, 0x1F, 0xDD, 0xFD, 0xD1, 0xD1, 0xDD, 0xFD,
    0x00, 0x00, 0x00, 0x00, 0x00, 0x00, 0x00, 0x00, 0x00, 0x00, 0x00, 0x00, 0x00, 0x00, 0x00, 0x00,
    0x00, 0x00, 0x00, 0x00, 0x0B, 0x00, 0x00, 0x00, 0xB6, 0x00, 0x00, 0x00, 0x66, 0x0B, 0x00, 0x00,
    0x6B, 0x0B, 0x00, 0x00, 0x69, 0xBA, 0x00, 0x00, 0xA2, 0xBA, 0x00, 0x00, 0xA2, 0xB6, 0x00, 0x00,
    0x6A, 0xB6, 0x00, 0x00, 0xAB, 0xA6, 0x0B, 0x00, 0xB3, 0x6A, 0x0B, 0x00, 0xB3, 0xAB, 0x0B, 0x00,
    0x00, 0x00, 0x00, 0x00, 0x00, 0x00, 0x00, 0x00, 0x00, 0x00, 0x00, 0x00, 0x00, 0x00, 0x00, 0x00,
    0x00, 0x00, 0x00, 0x00, 0x00, 0x00, 0x00, 0x00, 0x0F, 0x00, 0x00, 0x00, 0x0F, 0x00, 0x00, 0x00,
    0x0F, 0x00, 0x00, 0x00, 0x00, 0x00, 0x00, 0x00, 0x00, 0x00, 0x00, 0x00, 0x00, 0x00, 0x00, 0x00,
    0x00, 0x00, 0x00, 0x00, 0x00, 0x00, 0x00, 0x00, 0x00, 0x00, 0x00, 0x00, 0x00, 0x00, 0x00, 0x00,
    0x32, 0xB8, 0x0B, 0x00, 0x22, 0x03, 0x00, 0x00, 0x21, 0x03, 0x00, 0x00, 0x2D, 0x32, 0x00, 0x00,
    0x1D, 0x22, 0x03, 0x00, 0x2F, 0x21, 0x03, 0x00, 0x44, 0x22, 0x32, 0x00, 0x44, 0x12, 0x22, 0x03,
    0x00, 0x4F, 0xCC, 0xCC, 0x00, 0x8F, 0xCC, 0xCD, 0x00, 0x4F, 0xCC, 0xDD, 0x00, 0x8F, 0xDC, 0x4D,
    0x00, 0xF0, 0x84, 0x84, 0x00, 0x00, 0xFF, 0xFF, 0x00, 0x00, 0x00, 0x00, 0x00, 0x00, 0x00, 0x00,
};
static const u16 sFrame18[] = {
    0x0008, 0x40E0, 0x81EF, 0x0000, 0x00C8, 0x41EF, 0x0008, 0x00F0, 0x41F7, 0x000C, 0x40D8, 0x01EF,
    0x0010, 0x80C8, 0x01FF, 0x0012, 0x80F0, 0x0007, 0x0014, 0x00D8, 0x01FF, 0x0016, 0x00F0, 0x01EF,
    0x0017, 0x0000,
};
static const void* const sFrames18[] = { sFrame18 };
static const u8 sTiles19[1344] __attribute__((aligned(4))) = {
    0x00, 0x00, 0x00, 0x00, 0x00, 0x00, 0x00, 0x00, 0x00, 0x00, 0x00, 0x00, 0x00, 0x00, 0x00, 0x00,
    0x00, 0x00, 0x00, 0x00, 0x00, 0x00, 0x00, 0x00, 0x00, 0x00, 0x00, 0x00, 0x00, 0x00, 0x00, 0x30,
    0x00, 0x00, 0x30, 0x23, 0x00, 0x00, 0x23, 0x32, 0x00, 0x30, 0x22, 0x22, 0x00, 0x23, 0x12, 0x21,
    0x00, 0x23, 0x11, 0x12, 0x30, 0x22, 0x11, 0x21, 0x23, 0x11, 0x22, 0x22, 0x22, 0x22, 0x21, 0x33,
    0x22, 0x02, 0x00, 0x00, 0x22, 0x21, 0x22, 0x00, 0x23, 0x12, 0x11, 0x02, 0x32, 0x22, 0x12, 0x21,
    0x22, 0x23, 0x22, 0x11, 0x23, 0x23, 0x22, 0x11, 0x33, 0x22, 0x22, 0x12, 0x22, 0x22, 0x22, 0x12,
    0x00, 0x00, 0x00, 0x00, 0x00, 0x00, 0x00, 0x00, 0x00, 0x00, 0x00, 0x00, 0x00, 0x00, 0x00, 0x00,
    0x02, 0x00, 0x00, 0x00, 0x21, 0x00, 0x00, 0x00, 0x11, 0x02, 0x00, 0x00, 0x11, 0x21, 0x00, 0x00,
    0x00, 0x00, 0x00, 0x30, 0x00, 0x00, 0x00, 0x23, 0x00, 0x00, 0x30, 0x12, 0x00, 0x00, 0x23, 0x21,
    0x00, 0x00, 0x13, 0x22, 0x00, 0x30, 0x12, 0x22, 0x00, 0x23, 0x21, 0x22, 0x30, 0x12, 0x22, 0x22,
    0x21, 0x33, 0x23, 0x32, 0x31, 0x22, 0x32, 0x33, 0x22, 0x22, 0x22, 0x22, 0x22, 0x12, 0x21, 0x22,
    0x22, 0x11, 0x11, 0x21, 0x12, 0x11, 0x11, 0x11, 0x22, 0x11, 0x11, 0x11, 0x22, 0x22, 0x22, 0x11,
    0x12, 0x21, 0x22, 0x12, 0x22, 0x11, 0x11, 0x12, 0x22, 0x12, 0x11, 0x11, 0x22, 0x12, 0x11, 0x11,
    0x22, 0x12, 0x11, 0x11, 0x21, 0x12, 0x11, 0x11, 0x11, 0x11, 0x11, 0x11, 0x11, 0x11, 0x11, 0x11,
    0x11, 0x21, 0x00, 0x00, 0x11, 0x11, 0x02, 0x00, 0x11, 0x11, 0x02, 0x00, 0x11, 0x11, 0x21, 0x00,
    0x11, 0x11, 0x21, 0x00, 0x11, 0x11, 0x11, 0x02, 0x11, 0x11, 0x11, 0x02, 0x11, 0x11, 0x11, 0x21,
    0x3B, 0x88, 0x23, 0x22, 0x79, 0x38, 0x33, 0x33, 0x25, 0x35, 0x33, 0x33, 0x79, 0x39, 0xB3, 0x65,
    0x9F, 0x5B, 0x72, 0xAB, 0x8F, 0xF4, 0x95, 0x6B, 0x1F, 0xF4, 0xB9, 0x65, 0x44, 0xF8, 0xB9, 0x56,
    0x22, 0x22, 0x22, 0x22, 0x33, 0x22, 0x22, 0x22, 0x33, 0x33, 0x22, 0x22, 0x6A, 0x33, 0x33, 0x22,
    0x66, 0x56, 0x33, 0x33, 0x6A, 0x66, 0x66, 0x33, 0x6A, 0x66, 0x66, 0x36, 0xA6, 0x66, 0x6A, 0x56,
    0x11, 0x11, 0x11, 0x11, 0x22, 0x11, 0x11, 0x11, 0x22, 0x12, 0x11, 0x11, 0x22, 0x22, 0x12, 0x11,
    0x22, 0x22, 0x22, 0x11, 0x23, 0x22, 0x22, 0x12, 0x33, 0x23, 0x22, 0x22, 0x3A, 0x33, 0x22, 0x22,
    0x11, 0x11, 0x11, 0x21, 0x11, 0x11, 0x11, 0x21, 0x11, 0x11, 0x11, 0x11, 0x11, 0x11, 0x11, 0x11,
    0x11, 0x11, 0x11, 0x11, 0x11, 0x11, 0x11, 0x11, 0x11, 0x11, 0x11, 0x11, 0x12, 0x11, 0x11, 0x11,
    0x81, 0x8F, 0xBF, 0x5B, 0x5F, 0x48, 0x0F, 0x6B, 0x48, 0x81, 0xF9, 0xDB, 0x14, 0x7F, 0xF5, 0xFF,
    0xFF, 0xFB, 0xDF, 0xDD, 0x00, 0xDF, 0xDD, 0xDD, 0x48, 0xF8, 0xDF, 0xDD, 0x00, 0x00, 0xFF, 0xFF,
    0x6B, 0xAA, 0xA6, 0x6A, 0xBB, 0x66, 0xA6, 0xA6, 0xDD, 0x6B, 0x66, 0x6A, 0xCD, 0x7B, 0xA6, 0x6A,
    0xCD, 0xFC, 0x7F, 0xB6, 0xCC, 0xDC, 0xDD, 0xFF, 0xCC, 0xCC, 0x8D, 0xDD, 0xCC, 0x8C, 0x44, 0xF8,
    0xA6, 0x3A, 0x23, 0x22, 0x66, 0xAB, 0x33, 0x22, 0xBB, 0x0A, 0x30, 0x23, 0x0B, 0x0B, 0x00, 0x33,
    0x0B, 0x00, 0x00, 0x30, 0xFD, 0x00, 0x00, 0x00, 0xDD, 0x0F, 0x00, 0x00, 0xDD, 0x0F, 0x00, 0x00,
    0x22, 0x11, 0x11, 0x11, 0x22, 0x12, 0x11, 0x11, 0x22, 0x22, 0x11, 0x11, 0x22, 0x22, 0x11, 0x11,
    0x23, 0x22, 0x12, 0x11, 0x33, 0x22, 0x12, 0x11, 0x30, 0x23, 0x22, 0x11, 0x00, 0x23, 0x22, 0x11,
    0x00, 0x00, 0x00, 0xF0, 0x00, 0x00, 0x00, 0xF0, 0x00, 0x00, 0x00, 0xF0, 0x00, 0x00, 0x00, 0xF0,
    0x00, 0x00, 0x00, 0xF0, 0x00, 0x00, 0x00, 0xF0, 0x00, 0x00, 0x00, 0xF0, 0x00, 0x00, 0x00, 0xF0,
    0xCF, 0xCC, 0x48, 0x84, 0xF7, 0xDF, 0x8D, 0x88, 0xF7, 0xDD, 0xDD, 0xDD, 0x77, 0xDD, 0xDD, 0xDD,
    0x99, 0xD1, 0xDD, 0xDD, 0xF9, 0xD1, 0xDD, 0xDD, 0xF9, 0xD1, 0xDD, 0x44, 0x1F, 0xDD, 0xDD, 0xF4,
    0xFD, 0x00, 0x00, 0x00, 0x0F, 0x00, 0x00, 0x00, 0x0F, 0x00, 0x00, 0x00, 0xFD, 0x00, 0x00, 0x00,
    0xFD, 0x0F, 0x00, 0x00, 0xDD, 0x88, 0x00, 0x00, 0x88, 0xF8, 0x00, 0x00, 0xDF, 0x0F, 0x00, 0x00,
    0x00, 0x33, 0x22, 0x11, 0x00, 0x30, 0x22, 0x12, 0x00, 0x30, 0x23, 0x22, 0x00, 0x00, 0x23, 0x22,
    0x00, 0x00, 0x33, 0x22, 0x00, 0x00, 0x30, 0x32, 0x00, 0x00, 0x30, 0x32, 0x00, 0x00, 0x30, 0x33,
    0x00, 0x00, 0xF0, 0xFF, 0x00, 0x00, 0xDF, 0xFC, 0x00, 0xF0, 0xCD, 0xCC, 0x00, 0xF0, 0x44, 0xCC,
    0x00, 0xF0, 0xDC, 0x44, 0x00, 0xF0, 0xCF, 0xDD, 0x00, 0xF0, 0xDF, 0xDD, 0x00, 0x00, 0xFF, 0xDF,
    0x1F, 0x1D, 0x41, 0xF4, 0x1C, 0xD1, 0xDD, 0xFD, 0xDD, 0xDD, 0xFD, 0xDF, 0xCC, 0xFD, 0xFD, 0x7D,
    0x44, 0xF4, 0xDF, 0x75, 0xDD, 0xDD, 0x5F, 0xC7, 0xDD, 0xFD, 0x2F, 0xCC, 0xFD, 0x0F, 0x4F, 0x44,
    0xDD, 0xFD, 0x00, 0x00, 0x9F, 0xFF, 0x00, 0x00, 0xF7, 0x97, 0x0F, 0x00, 0x77, 0x9F, 0xFD, 0x00,
    0x79, 0xD7, 0xFD, 0x00, 0x9C, 0xD8, 0xDD, 0x0F, 0x8C, 0xDD, 0xDD, 0x0F, 0xC8, 0xDD, 0xFD, 0x0D,
    0x00, 0x00, 0x30, 0x03, 0x00, 0x00, 0x30, 0x03, 0x00, 0x00, 0x30, 0x00, 0x00, 0x00, 0x00, 0x00,
    0x00, 0x00, 0x00, 0x00, 0x00, 0x00, 0x00, 0x00, 0x00, 0x00, 0x00, 0x00, 0x00, 0x00, 0x00, 0x00,
    0x00, 0x00, 0xF0, 0x57, 0x00, 0x00, 0x00, 0x79, 0xF0, 0xFF, 0xF0, 0x25, 0x8F, 0xF4, 0xFF, 0x59,
    0xC4, 0x8C, 0x84, 0xDD, 0xCC, 0xCC, 0xDD, 0xDD, 0xCC, 0xDC, 0xDD, 0xDD, 0xCC, 0xDD, 0xDD, 0xDD,
    0x9B, 0x0F, 0xD0, 0xCC, 0x29, 0x97, 0xF0, 0xCC, 0x52, 0xB7, 0xF0, 0xCD, 0x75, 0xBD, 0x00, 0xDF,
    0xDD, 0xDD, 0x0F, 0xF0, 0xDD, 0xCD, 0x0F, 0x00, 0xDD, 0xDD, 0x0F, 0x00, 0x88, 0x88, 0x0F, 0x00,
    0xCC, 0xDD, 0xCD, 0x0F, 0xCC, 0xDD, 0xDC, 0x0F, 0xDD, 0xCD, 0xFC, 0x00, 0xCC, 0xDC, 0x0B, 0x00,
    0xFF, 0x7F, 0x0B, 0x00, 0x90, 0x35, 0xB7, 0x00, 0x00, 0x39, 0xB5, 0x99, 0x00, 0x70, 0x73, 0x59,
    0x00, 0x00, 0x00, 0x00, 0x00, 0x00, 0x00, 0x00, 0x00, 0x00, 0x00, 0x00, 0x00, 0x00, 0x00, 0x00,
    0x00, 0x00, 0x00, 0x00, 0x00, 0x00, 0x00, 0x00, 0x00, 0x00, 0x00, 0x00, 0x09, 0x00, 0x00, 0x00,
    0xDD, 0xDD, 0x8D, 0x88, 0x84, 0x84, 0xF4, 0xFF, 0xFF, 0xFF, 0x0F, 0x00, 0x00, 0x00, 0x00, 0x00,
    0x00, 0x00, 0x00, 0x00, 0x00, 0x00, 0x00, 0x00, 0x00, 0x00, 0x00, 0x00, 0x00, 0x00, 0x00, 0x00,
    0xFF, 0xFF, 0x00, 0x00, 0x00, 0x00, 0x00, 0x00, 0x00, 0x00, 0x00, 0x00, 0x00, 0x00, 0x00, 0x00,
    0x00, 0x00, 0x00, 0x00, 0x00, 0x00, 0x00, 0x00, 0x00, 0x00, 0x00, 0x00, 0x00, 0x00, 0x00, 0x00,
    0x00, 0x90, 0xB7, 0x27, 0x00, 0x00, 0x7B, 0x22, 0x00, 0xB0, 0x25, 0x75, 0x00, 0xB0, 0x57, 0xB9,
    0x00, 0x00, 0xDF, 0xDB, 0x00, 0x00, 0x4D, 0xDD, 0x00, 0xF0, 0xD8, 0xDD, 0x00, 0x4F, 0xDC, 0xDD,
    0xF9, 0x00, 0x00, 0x00, 0xDD, 0xFF, 0x00, 0x00, 0xDD, 0x8D, 0x0F, 0x00, 0xDD, 0x8D, 0x0F, 0x00,
    0xDD, 0x88, 0x0F, 0x00, 0xDD, 0xF8, 0x00, 0x00, 0x8D, 0xF8, 0x00, 0x00, 0x8D, 0x0F, 0x00, 0x00,
    0x00, 0x8D, 0xCC, 0xDC, 0xF0, 0xC4, 0xCC, 0xDC, 0xF0, 0xC8, 0xCC, 0xDC, 0xF0, 0x4D, 0xC8, 0x4D,
    0x00, 0xDF, 0x84, 0x84, 0x00, 0xF0, 0xFF, 0xFF, 0x00, 0x00, 0x00, 0x00, 0x00, 0x00, 0x00, 0x00,
    0x4D, 0x0F, 0x00, 0x00, 0xF8, 0x00, 0x00, 0x00, 0xF4, 0x00, 0x00, 0x00, 0xF8, 0x00, 0x00, 0x00,
    0x0F, 0x00, 0x00, 0x00, 0x00, 0x00, 0x00, 0x00, 0x00, 0x00, 0x00, 0x00, 0x00, 0x00, 0x00, 0x00,
    0x00, 0x00, 0x00, 0x00, 0x00, 0x00, 0x00, 0x00, 0x00, 0x00, 0x00, 0x00, 0x00, 0x00, 0x00, 0x00,
    0x00, 0x00, 0x00, 0x00, 0x00, 0x00, 0x00, 0x00, 0x00, 0x00, 0x00, 0x00, 0x00, 0x00, 0x90, 0x99,
    0x00, 0x00, 0x79, 0x57, 0x00, 0x90, 0x25, 0x22, 0x00, 0x59, 0x72, 0xB9, 0x90, 0x22, 0x79, 0xF5,
    0x27, 0x95, 0x59, 0x48, 0x25, 0x99, 0x47, 0x14, 0x29, 0x95, 0x18, 0x84, 0x90, 0x72, 0xFF, 0x88,
    0x00, 0x00, 0x00, 0x00, 0x00, 0x00, 0x00, 0x00, 0x02, 0x00, 0x00, 0x00, 0x02, 0x00, 0x00, 0x00,
    0x21, 0x00, 0x00, 0x00, 0x21, 0x00, 0x00, 0x00, 0x21, 0x00, 0x00, 0x00, 0x21, 0x00, 0x00, 0x00,
    0x11, 0x02, 0x00, 0x00, 0x11, 0x02, 0x00, 0x00, 0x11, 0x02, 0x00, 0x00, 0x11, 0x02, 0x00, 0x00,
    0x11, 0x02, 0x00, 0x00, 0x11, 0x02, 0x00, 0x00, 0x21, 0x00, 0x00, 0x00, 0x21, 0x00, 0x00, 0x00,
    0x00, 0x00, 0x00, 0x00, 0x00, 0x00, 0x00, 0x00, 0x00, 0x00, 0x00, 0x00, 0x00, 0x00, 0x00, 0xF0,
    0x00, 0x00, 0x00, 0xFF, 0x00, 0x00, 0x00, 0x8F, 0x00, 0x00, 0x00, 0x4F, 0x00, 0x00, 0x00, 0x8F,
    0x00, 0x00, 0x00, 0x4F, 0x00, 0x00, 0x00, 0x8F, 0x00, 0x00, 0x00, 0xF0, 0x00, 0x00, 0x00, 0x00,
    0x00, 0x00, 0x00, 0x00, 0x00, 0x00, 0x00, 0x00, 0x00, 0x00, 0x00, 0x00, 0x00, 0x00, 0x00, 0x00,
    0xB0, 0x97, 0x8F, 0x14, 0x00, 0x9B, 0xF2, 0x48, 0x00, 0x40, 0x7B, 0xFF, 0x00, 0x80, 0x0F, 0xF0,
    0x00, 0x00, 0x88, 0x00, 0x00, 0x00, 0x40, 0x88, 0x00, 0x00, 0x00, 0x00, 0x00, 0x00, 0x00, 0x00,
    0x22, 0x00, 0x00, 0x00, 0x32, 0x00, 0x00, 0x00, 0x33, 0x00, 0x00, 0x00, 0x03, 0x00, 0x00, 0x00,
    0x03, 0x00, 0x00, 0x00, 0x03, 0x00, 0x00, 0x00, 0x00, 0x00, 0x00, 0x00, 0x00, 0x00, 0x00, 0x00,
};
static const u16 sFrame19[] = {
    0x0007, 0x80BA, 0xC1EC, 0x0000, 0x40FA, 0x01FC, 0x0020, 0x80C2, 0x01E4, 0x0022, 0x80CA, 0x000C,
    0x0024, 0x80EA, 0x01E4, 0x0026, 0x00D2, 0x01E4, 0x0028, 0x00DA, 0x000C, 0x0029, 0x0000,
};
static const void* const sFrames19[] = { sFrame19 };
static const u8 sTiles20[1504] __attribute__((aligned(4))) = {
    0x00, 0x00, 0x00, 0x00, 0x00, 0x00, 0x00, 0x00, 0x00, 0x00, 0x00, 0x00, 0x00, 0x00, 0x00, 0x00,
    0x00, 0x00, 0x00, 0x00, 0x00, 0x00, 0x00, 0x00, 0x00, 0x00, 0x00, 0x20, 0x00, 0x00, 0x00, 0x20,
    0x00, 0x00, 0x20, 0x12, 0x00, 0x00, 0x22, 0x11, 0x00, 0x20, 0x12, 0x11, 0x00, 0x22, 0x11, 0x11,
    0x20, 0x12, 0x11, 0x11, 0x22, 0x11, 0x11, 0x11, 0x12, 0x11, 0x11, 0x11, 0x11, 0x11, 0x11, 0x11,
    0x11, 0x11, 0x11, 0x11, 0x11, 0x11, 0x11, 0x21, 0x11, 0x11, 0x11, 0x21, 0x11, 0x11, 0x11, 0x22,
    0x11, 0x11, 0x21, 0x22, 0x11, 0x11, 0x21, 0x22, 0x11, 0x11, 0x22, 0x22, 0x11, 0x11, 0x22, 0x22,
    0x22, 0x22, 0x32, 0x03, 0x22, 0x22, 0x33, 0x00, 0x22, 0x32, 0x03, 0x00, 0x22, 0x33, 0x00, 0x00,
    0x22, 0x23, 0x00, 0x00, 0x32, 0x03, 0x00, 0x00, 0x32, 0x00, 0x00, 0x00, 0x33, 0x00, 0x00, 0x00,
    0x00, 0x00, 0x00, 0x22, 0x00, 0x00, 0x00, 0x12, 0x00, 0x00, 0x20, 0x12, 0x00, 0x00, 0x20, 0x11,
    0x00, 0x00, 0x22, 0x11, 0x00, 0x00, 0x12, 0x11, 0x00, 0x20, 0x12, 0x11, 0x00, 0x20, 0x11, 0x11,
    0x11, 0x11, 0x11, 0x11, 0x11, 0x11, 0x11, 0x11, 0x11, 0x11, 0x11, 0x11, 0x11, 0x11, 0x11, 0x11,
    0x11, 0x11, 0x11, 0x11, 0x11, 0x11, 0x11, 0x11, 0x11, 0x11, 0x11, 0x11, 0x22, 0x11, 0x11, 0x11,
    0x11, 0x21, 0x22, 0x22, 0x11, 0x21, 0x22, 0x32, 0x11, 0x21, 0x22, 0x32, 0x11, 0x22, 0x22, 0x33,
    0x11, 0x22, 0x22, 0x03, 0x11, 0x22, 0x22, 0x03, 0x21, 0x22, 0x32, 0x03, 0x21, 0x22, 0x32, 0x00,
    0x03, 0x00, 0x00, 0x00, 0x03, 0x00, 0x00, 0x00, 0x00, 0x00, 0x00, 0x00, 0x00, 0x00, 0x00, 0x00,
    0x00, 0x00, 0x00, 0x00, 0x00, 0x00, 0x00, 0x00, 0x00, 0x00, 0x00, 0x00, 0x00, 0x00, 0x00, 0x00,
    0x22, 0x23, 0x11, 0x11, 0x21, 0x23, 0x11, 0x11, 0x31, 0x22, 0x22, 0x11, 0x32, 0x22, 0x22, 0x22,
    0x21, 0x22, 0x22, 0x22, 0x22, 0x11, 0x22, 0x22, 0x33, 0x23, 0x11, 0x21, 0x00, 0x30, 0x23, 0x12,
    0x22, 0x32, 0x03, 0x00, 0x22, 0x32, 0x03, 0x00, 0x21, 0x32, 0x03, 0x00, 0x21, 0x32, 0x03, 0x00,
    0x22, 0x22, 0x33, 0x00, 0x22, 0x22, 0x33, 0x00, 0x22, 0x22, 0x32, 0x03, 0x21, 0x22, 0x33, 0x93,
    0x00, 0x00, 0x00, 0xB0, 0x00, 0x00, 0x00, 0x6B, 0x00, 0x00, 0xB0, 0xBA, 0x00, 0x00, 0x00, 0x5B,
    0x00, 0x00, 0xB0, 0xA5, 0x00, 0x00, 0xB0, 0xAA, 0x79, 0x97, 0x09, 0xB0, 0x27, 0x22, 0x75, 0x99,
    0x6B, 0x56, 0x65, 0x66, 0x66, 0x55, 0x55, 0x66, 0x66, 0x55, 0x66, 0x66, 0x6A, 0x66, 0x66, 0x66,
    0x5A, 0x56, 0x66, 0x66, 0x55, 0xA6, 0x55, 0xAA, 0xBA, 0x5B, 0xAA, 0xA5, 0xB9, 0xBA, 0xA7, 0xAA,
    0x00, 0x00, 0x30, 0x33, 0x00, 0x00, 0x00, 0x00, 0x00, 0x00, 0x00, 0x00, 0x00, 0x00, 0x00, 0x00,
    0x00, 0x00, 0x00, 0x00, 0x00, 0x00, 0x00, 0x00, 0x00, 0x00, 0x00, 0x00, 0x00, 0x00, 0x00, 0x00,
    0x12, 0x11, 0x38, 0x5B, 0x33, 0x22, 0x88, 0x95, 0x00, 0x33, 0x73, 0x22, 0x00, 0x00, 0x9B, 0x77,
    0x00, 0x00, 0x5B, 0xB9, 0x00, 0x00, 0x59, 0xB5, 0x00, 0x00, 0x79, 0x72, 0x00, 0x00, 0xB0, 0x27,
    0x92, 0x79, 0x22, 0x52, 0xB7, 0x75, 0xBB, 0x25, 0xF9, 0x18, 0x84, 0xFB, 0x9F, 0x4F, 0xB1, 0x4F,
    0x8B, 0xF4, 0xF4, 0x18, 0x89, 0x81, 0x48, 0x17, 0xF9, 0x48, 0xF8, 0x4F, 0x72, 0xF9, 0xFF, 0xF8,
    0x97, 0x99, 0x55, 0xB7, 0x22, 0x79, 0xFF, 0xFF, 0x5F, 0x59, 0xCF, 0xCC, 0x9B, 0x99, 0xCF, 0xCC,
    0x5B, 0x53, 0xDF, 0xDC, 0x78, 0x97, 0xDF, 0xFD, 0x81, 0x0F, 0xFF, 0xF0, 0xFF, 0x04, 0x00, 0x00,
    0x00, 0x08, 0x00, 0x88, 0x00, 0x80, 0x48, 0xF8, 0x00, 0x00, 0x00, 0xF0, 0x00, 0x00, 0x00, 0xF0,
    0x00, 0x00, 0x00, 0xF0, 0x00, 0x00, 0x00, 0x00, 0x00, 0x00, 0x00, 0x00, 0x00, 0x00, 0x00, 0x00,
    0xDD, 0xDD, 0x11, 0xD1, 0xC5, 0xDD, 0xFF, 0xFF, 0x2C, 0x75, 0xFF, 0xFD, 0xC4, 0xDC, 0xDD, 0x5F,
    0x4F, 0x44, 0x88, 0xCF, 0xFF, 0xDD, 0xFF, 0xDF, 0x70, 0x53, 0x07, 0xF0, 0x70, 0x75, 0x00, 0xF0,
    0xFF, 0x77, 0x9F, 0x0F, 0x75, 0x79, 0xD9, 0xFD, 0xC7, 0x88, 0xD8, 0xFD, 0xCC, 0xC4, 0xDD, 0xFD,
    0x4C, 0xCC, 0xDD, 0xFD, 0xC4, 0xDC, 0xDD, 0x0F, 0xDD, 0xDD, 0xCC, 0xFF, 0xCC, 0xCC, 0xFF, 0x75,
    0x00, 0x00, 0x00, 0x00, 0x00, 0x00, 0x00, 0x00, 0x00, 0x00, 0x00, 0x00, 0x00, 0x00, 0x00, 0x00,
    0x90, 0x97, 0x0B, 0x00, 0x59, 0x75, 0xF9, 0xFF, 0x9F, 0x52, 0xC7, 0xFD, 0x97, 0x52, 0xCC, 0x8D,
    0x00, 0x00, 0x00, 0x90, 0x00, 0xDF, 0x9D, 0x90, 0xF0, 0x48, 0xC8, 0xC7, 0x4F, 0xCC, 0xDC, 0xCC,
    0x8F, 0xCC, 0xCD, 0xCC, 0x4F, 0xDD, 0xCD, 0xCC, 0x8F, 0xDD, 0xDD, 0x8D, 0xF0, 0x84, 0x84, 0xF4,
    0x95, 0x7B, 0x09, 0x00, 0x52, 0x25, 0xF7, 0x00, 0x25, 0x52, 0xF9, 0x00, 0x79, 0xC9, 0xFF, 0x00,
    0xCC, 0x7C, 0x95, 0x00, 0xDC, 0xDD, 0x9C, 0x00, 0xDD, 0xDD, 0xF8, 0x00, 0x84, 0x88, 0xF8, 0x00,
    0xDF, 0xFF, 0x35, 0x53, 0x90, 0x79, 0x97, 0xB9, 0x00, 0x00, 0x00, 0xFF, 0x00, 0x00, 0xF0, 0xC8,
    0x00, 0x00, 0x4F, 0xCC, 0x00, 0xF0, 0xC8, 0xCC, 0x00, 0xF0, 0xD4, 0xCC, 0x00, 0x00, 0x8F, 0xD4,
    0x59, 0x22, 0xDC, 0x8D, 0xDB, 0x99, 0xDC, 0x8D, 0xDC, 0xCC, 0xDD, 0xF8, 0xCD, 0xCC, 0x8D, 0x0F,
    0xDC, 0xDC, 0xF8, 0x00, 0xDC, 0x4D, 0x0F, 0x00, 0xDD, 0x8D, 0x0F, 0x00, 0xDD, 0xF4, 0x00, 0x00,
    0x65, 0x66, 0xAA, 0x06, 0x5A, 0x65, 0x66, 0xB6, 0xAA, 0x5A, 0xA6, 0x0B, 0x66, 0xA6, 0x6A, 0xDB,
    0x66, 0x66, 0xBA, 0xDD, 0x55, 0xBA, 0xBF, 0xDD, 0xAA, 0xBA, 0xDD, 0xFD, 0xA5, 0xAB, 0xFD, 0xDF,
    0x00, 0x00, 0x00, 0x00, 0x00, 0x00, 0x00, 0x00, 0x00, 0x00, 0x00, 0x00, 0x0F, 0x00, 0x00, 0x00,
    0xFD, 0x00, 0x00, 0x00, 0xFD, 0x00, 0x00, 0x00, 0x0F, 0x00, 0x00, 0x00, 0xFF, 0x0F, 0x00, 0x00,
    0xAB, 0xD5, 0xFD, 0xDD, 0xFF, 0xFF, 0x48, 0xD8, 0xCC, 0x8F, 0x44, 0x84, 0xDC, 0xFD, 0x44, 0x84,
    0xDD, 0xFD, 0x48, 0xD8, 0xDD, 0xFD, 0xDD, 0xDD, 0xFF, 0x1F, 0xDD, 0x1D, 0xD8, 0x1D, 0xD1, 0x11,
    0xDD, 0xFD, 0xFF, 0x00, 0xDD, 0xDD, 0x88, 0x0F, 0xDD, 0x8D, 0xF8, 0x00, 0xDD, 0x84, 0x0F, 0x00,
    0xDD, 0xF4, 0xFD, 0x00, 0x4D, 0x9F, 0xFC, 0x00, 0xF4, 0x77, 0xDF, 0x0F, 0x9D, 0xF7, 0x77, 0x0F,
    0x00, 0x00, 0x00, 0x00, 0x00, 0x00, 0x00, 0x00, 0x00, 0x00, 0x00, 0x00, 0x00, 0x00, 0x00, 0x00,
    0x00, 0x00, 0x00, 0x00, 0x00, 0x00, 0x00, 0x00, 0x00, 0x00, 0x00, 0x20, 0x00, 0x00, 0x00, 0x22,
    0x00, 0x00, 0x00, 0x00, 0x00, 0x00, 0x00, 0x20, 0x00, 0x00, 0x20, 0x22, 0x00, 0x20, 0x22, 0x11,
    0x20, 0x22, 0x11, 0x11, 0x22, 0x11, 0x11, 0x11, 0x12, 0x11, 0x11, 0x11, 0x11, 0x11, 0x11, 0x11,
    0x00, 0x00, 0x20, 0x32, 0x22, 0x22, 0x22, 0x22, 0x11, 0x11, 0x11, 0x11, 0x11, 0x11, 0x11, 0x22,
    0x11, 0x11, 0x21, 0x22, 0x11, 0x21, 0x22, 0x32, 0x11, 0x22, 0x22, 0x33, 0x21, 0x22, 0x22, 0x03,
    0x33, 0x33, 0x33, 0x33, 0x22, 0x32, 0x33, 0x00, 0x22, 0x33, 0x00, 0x00, 0x32, 0x03, 0x00, 0x00,
    0x33, 0x00, 0x00, 0x00, 0x03, 0x00, 0x00, 0x00, 0x00, 0x00, 0x00, 0x00, 0x00, 0x00, 0x00, 0x00,
    0x00, 0xFF, 0xFF, 0x0F, 0x00, 0x00, 0x00, 0x00, 0x00, 0x00, 0x00, 0x00, 0x00, 0x00, 0x00, 0x00,
    0x00, 0x00, 0x00, 0x00, 0x00, 0x00, 0x00, 0x00, 0x00, 0x00, 0x00, 0x00, 0x00, 0x00, 0x00, 0x00,
    0xFF, 0xFF, 0x0F, 0x00, 0x00, 0x00, 0x00, 0x00, 0x00, 0x00, 0x00, 0x00, 0x00, 0x00, 0x00, 0x00,
    0x00, 0x00, 0x00, 0x00, 0x00, 0x00, 0x00, 0x00, 0x00, 0x00, 0x00, 0x00, 0x00, 0x00, 0x00, 0x00,
    0x00, 0x00, 0xF0, 0x8F, 0x00, 0x00, 0x00, 0xF0, 0x00, 0x00, 0x00, 0x00, 0x00, 0x00, 0x00, 0x00,
    0x00, 0x00, 0x00, 0x00, 0x00, 0x00, 0x00, 0x00, 0x00, 0x00, 0x00, 0x00, 0x00, 0x00, 0x00, 0x00,
    0x84, 0x0F, 0x00, 0x00, 0xFF, 0x00, 0x00, 0x00, 0x00, 0x00, 0x00, 0x00, 0x00, 0x00, 0x00, 0x00,
    0x00, 0x00, 0x00, 0x00, 0x00, 0x00, 0x00, 0x00, 0x00, 0x00, 0x00, 0x00, 0x00, 0x00, 0x00, 0x00,
    0x00, 0x22, 0x11, 0x22, 0x00, 0x12, 0x21, 0x22, 0x00, 0x12, 0x22, 0x22, 0x20, 0x21, 0x22, 0x22,
    0x20, 0x22, 0x22, 0x12, 0x20, 0x32, 0x23, 0x22, 0x20, 0x23, 0x31, 0x23, 0x30, 0x12, 0x23, 0x32,
    0x12, 0x11, 0x11, 0x11, 0x12, 0x11, 0x21, 0x11, 0x11, 0x11, 0x22, 0x11, 0x11, 0x22, 0x22, 0x11,
    0x21, 0x22, 0x12, 0x11, 0x22, 0x22, 0x12, 0x11, 0x22, 0x22, 0x11, 0x11, 0x33, 0x22, 0x11, 0x11,
    0x00, 0x00, 0x00, 0x00, 0x00, 0x00, 0x00, 0x00, 0x00, 0x00, 0x00, 0x00, 0x00, 0x00, 0x00, 0x00,
    0x00, 0x00, 0xBB, 0xBB, 0x00, 0xBB, 0x66, 0x66, 0xB0, 0x66, 0x56, 0x66, 0x6B, 0x56, 0x55, 0x66,
    0x00, 0x00, 0x00, 0x00, 0x00, 0x00, 0x00, 0x00, 0x00, 0x00, 0x00, 0x00, 0x00, 0x00, 0x00, 0x00,
    0x0B, 0x00, 0x00, 0x00, 0xB6, 0xBB, 0x00, 0x00, 0x66, 0x55, 0xBB, 0x0B, 0x65, 0xA6, 0x66, 0xBA,
    0x00, 0x00, 0x00, 0xB0, 0x00, 0x00, 0x00, 0x00, 0x00, 0x00, 0x00, 0x00, 0x00, 0x00, 0x00, 0x00,
    0x00, 0x00, 0x00, 0x00, 0x00, 0x00, 0x00, 0x00, 0x00, 0x00, 0x00, 0x00, 0x00, 0x00, 0x00, 0x00,
    0x29, 0x72, 0x59, 0x92, 0xB0, 0x29, 0x22, 0x97, 0x00, 0x90, 0x75, 0x09, 0x00, 0x00, 0x00, 0x00,
    0x00, 0x00, 0x00, 0x00, 0x00, 0x00, 0x00, 0x00, 0x00, 0x00, 0x00, 0x00, 0x00, 0x00, 0x00, 0x00,
    0x00, 0x00, 0x00, 0x00, 0x00, 0x00, 0x00, 0x00, 0x00, 0x00, 0x00, 0x00, 0x00, 0x00, 0x00, 0x00,
    0x00, 0x00, 0x00, 0x00, 0x00, 0x00, 0x00, 0x00, 0x00, 0x00, 0x00, 0x00, 0x0F, 0x00, 0x00, 0x00,
    0x0F, 0x00, 0x00, 0x00, 0x0F, 0x00, 0x00, 0x00, 0x00, 0x00, 0x00, 0x00, 0x00, 0x00, 0x00, 0x00,
    0x00, 0x00, 0x00, 0x00, 0x00, 0x00, 0x00, 0x00, 0x00, 0x00, 0x00, 0x00, 0x00, 0x00, 0x00, 0x00,
    0x33, 0x33, 0x33, 0x03, 0x00, 0x00, 0x00, 0x00, 0x00, 0x00, 0x00, 0x00, 0x00, 0x00, 0x00, 0x00,
    0x00, 0x00, 0x00, 0x00, 0x00, 0x00, 0x00, 0x00, 0x00, 0x00, 0x00, 0x00, 0x00, 0x00, 0x00, 0x00,
    0x21, 0x22, 0x32, 0x00, 0x21, 0x22, 0x33, 0x00, 0x22, 0x22, 0x33, 0x00, 0x22, 0x22, 0x03, 0x00,
    0x22, 0x22, 0x03, 0x00, 0x22, 0x22, 0x03, 0x00, 0x22, 0x32, 0x03, 0x00, 0x22, 0x32, 0x03, 0x00,
    0x30, 0x22, 0x12, 0x31, 0x13, 0x22, 0x22, 0x21, 0x23, 0x11, 0x22, 0x22, 0x30, 0x23, 0x12, 0x21,
    0x00, 0x30, 0x33, 0x12, 0x00, 0x00, 0x00, 0x33, 0x00, 0x00, 0x00, 0x00, 0x00, 0x00, 0x00, 0x00,
};
static const u16 sFrame20[] = {
    0x000D, 0x40C7, 0x81D0, 0x0000, 0x40DF, 0x81D8, 0x0008, 0x40EF, 0x81F0, 0x0010, 0x00DF, 0x41F8,
    0x0018, 0x40BF, 0x41D8, 0x001C, 0x40FF, 0x41F0, 0x0020, 0x40D7, 0x01D0, 0x0024, 0x40D7, 0x01F0,
    0x0026, 0x40EF, 0x01E0, 0x0028, 0x80EF, 0x0010, 0x002A, 0x00BF, 0x01F8, 0x002C, 0x00D7, 0x01E0,
    0x002D, 0x00DF, 0x01D0, 0x002E, 0x0000,
};
static const void* const sFrames20[] = { sFrame20 };
static const u8 sTiles21[1120] __attribute__((aligned(4))) = {
    0x20, 0x12, 0x11, 0x11, 0x20, 0x11, 0x11, 0x11, 0x20, 0x11, 0x11, 0x11, 0x20, 0x11, 0x11, 0x11,
    0x22, 0x11, 0x11, 0x11, 0x22, 0x11, 0x11, 0x11, 0x12, 0x11, 0x11, 0x11, 0x12, 0x11, 0x11, 0x11,
    0x11, 0x21, 0x32, 0x00, 0x11, 0x11, 0x32, 0x00, 0x11, 0x11, 0x32, 0x03, 0x11, 0x11, 0x22, 0x03,
    0x11, 0x11, 0x21, 0x33, 0x11, 0x11, 0x21, 0x32, 0x11, 0x11, 0x11, 0x22, 0x11, 0x11, 0x11, 0x21,
    0x00, 0x00, 0x00, 0x00, 0x00, 0x00, 0x00, 0x00, 0x00, 0x00, 0x00, 0x00, 0x00, 0x00, 0x00, 0x00,
    0x00, 0x00, 0x00, 0x00, 0x03, 0x00, 0x00, 0x00, 0x03, 0x00, 0x00, 0x00, 0x33, 0x00, 0x00, 0x00,
    0x00, 0x6B, 0xA6, 0x5A, 0x00, 0xB0, 0x5A, 0x65, 0x00, 0x00, 0xA6, 0xBA, 0x00, 0x00, 0xBB, 0x00,
    0x00, 0x00, 0x00, 0x00, 0x00, 0x00, 0x00, 0x00, 0x00, 0x00, 0x00, 0x00, 0x00, 0x00, 0x90, 0x79,
    0x12, 0x11, 0x11, 0x11, 0x12, 0x11, 0x11, 0x11, 0x22, 0x11, 0x11, 0x11, 0x22, 0x11, 0x11, 0x11,
    0x22, 0x12, 0x11, 0x33, 0x30, 0x13, 0x33, 0x12, 0x30, 0x32, 0x22, 0x23, 0x30, 0x22, 0x12, 0x22,
    0x11, 0x11, 0x11, 0x21, 0x11, 0x11, 0x11, 0x11, 0x11, 0x11, 0x11, 0x11, 0x11, 0x11, 0x11, 0x11,
    0x13, 0x11, 0x11, 0x11, 0x32, 0x11, 0x11, 0x11, 0x21, 0x13, 0x21, 0x22, 0x21, 0x22, 0x22, 0x12,
    0x32, 0x03, 0x00, 0x00, 0x22, 0x33, 0x00, 0x00, 0x21, 0x32, 0x03, 0x00, 0x11, 0x22, 0x33, 0x22,
    0x11, 0x21, 0x32, 0x33, 0x11, 0x22, 0x22, 0x82, 0x22, 0x22, 0x11, 0x82, 0x11, 0x11, 0x22, 0x33,
    0x00, 0x99, 0x57, 0xF2, 0x90, 0x25, 0x92, 0x4B, 0x29, 0x72, 0xF9, 0x1B, 0x29, 0x95, 0x45, 0x8F,
    0x7B, 0xB9, 0x4F, 0xF8, 0x5B, 0xB2, 0xF8, 0x14, 0x28, 0x92, 0xFB, 0x88, 0xB3, 0x57, 0x99, 0x79,
    0x2F, 0xC9, 0xDD, 0xDD, 0x98, 0x75, 0xDD, 0xFD, 0x7F, 0x53, 0xD9, 0xFF, 0x91, 0xB9, 0xFB, 0xCF,
    0x47, 0xF8, 0x0B, 0x4F, 0xF8, 0x5F, 0x09, 0xCF, 0xBF, 0x25, 0x97, 0xF0, 0x25, 0x22, 0x95, 0x00,
    0xFD, 0xFF, 0xDD, 0x11, 0xFF, 0x11, 0x11, 0xDD, 0xC2, 0x1D, 0xDD, 0xFF, 0x5C, 0x77, 0xCC, 0xCF,
    0xC4, 0xCC, 0xF8, 0x52, 0x4C, 0x88, 0xFC, 0xC5, 0xCF, 0xFC, 0xFF, 0xCD, 0x70, 0x75, 0xF0, 0x44,
    0x9F, 0xF7, 0xF9, 0x00, 0x7F, 0x7F, 0xF7, 0x00, 0x97, 0xF7, 0xD9, 0x0F, 0xC7, 0x97, 0xDD, 0x0F,
    0xC2, 0x8C, 0xDD, 0x0F, 0xCC, 0xD8, 0xDD, 0x0F, 0x4C, 0xDC, 0xFD, 0xFF, 0xD4, 0xCD, 0xFC, 0x99,
    0x00, 0x00, 0x00, 0x00, 0x00, 0x00, 0x00, 0x00, 0x00, 0x00, 0x00, 0x00, 0x00, 0x00, 0x00, 0x00,
    0x00, 0x00, 0x00, 0x00, 0x99, 0xB9, 0x00, 0x00, 0x57, 0x75, 0xFF, 0x00, 0x29, 0x75, 0xDD, 0x0F,
    0x75, 0x99, 0x0B, 0x90, 0xBB, 0xBB, 0x9D, 0x90, 0xF0, 0x48, 0xC8, 0xC7, 0x4F, 0xCC, 0xDC, 0xCC,
    0x8F, 0xCC, 0xCD, 0xCC, 0x4F, 0xDD, 0xCD, 0xCC, 0x8F, 0xDD, 0xDD, 0x8D, 0xF0, 0x84, 0x84, 0xF4,
    0x95, 0x7B, 0x09, 0xCF, 0x52, 0x25, 0xF7, 0xF0, 0x25, 0x52, 0xF9, 0x00, 0x79, 0xC9, 0xFF, 0x00,
    0xCC, 0x7C, 0x95, 0x00, 0xDC, 0xDD, 0x9C, 0x00, 0xDD, 0xDD, 0xF8, 0x00, 0x84, 0x88, 0xF8, 0x00,
    0xCC, 0xFC, 0x5F, 0x75, 0xFF, 0x57, 0x75, 0xBB, 0x99, 0x19, 0xFF, 0xDF, 0x00, 0xF0, 0xC8, 0xDD,
    0x00, 0x4F, 0xCC, 0xDC, 0x00, 0x8F, 0xCC, 0xDC, 0x00, 0x4F, 0xCC, 0xDD, 0x00, 0xF0, 0xD8, 0xDD,
    0x29, 0xD2, 0xDD, 0xF8, 0x27, 0xD5, 0xDD, 0xF8, 0x9D, 0xD9, 0xDD, 0xF8, 0xDD, 0xDD, 0x88, 0x0F,
    0xDD, 0x8D, 0xFD, 0x00, 0xDD, 0x4D, 0x0D, 0x00, 0xDD, 0xF8, 0x00, 0x00, 0x4D, 0x0F, 0x00, 0x00,
    0x00, 0x00, 0x00, 0x00, 0x00, 0x00, 0x00, 0x00, 0x00, 0x00, 0x00, 0x00, 0x00, 0x00, 0x00, 0x30,
    0x00, 0x00, 0x00, 0x30, 0x00, 0x00, 0x00, 0x22, 0x00, 0x00, 0x00, 0x12, 0x00, 0x00, 0x20, 0x12,
    0x00, 0x03, 0x00, 0x00, 0x30, 0x03, 0x00, 0x00, 0x33, 0x03, 0x00, 0x00, 0x23, 0x03, 0x00, 0x00,
    0x22, 0x03, 0x00, 0x00, 0x21, 0x03, 0x00, 0x00, 0x21, 0x32, 0x00, 0x00, 0x21, 0x32, 0x00, 0x00,
    0x00, 0x00, 0x20, 0x11, 0x00, 0x00, 0x22, 0x11, 0x00, 0x00, 0x12, 0x11, 0x00, 0x20, 0x12, 0x11,
    0x00, 0x20, 0x11, 0x11, 0x00, 0x20, 0x11, 0x11, 0x00, 0x22, 0x11, 0x11, 0x00, 0x12, 0x11, 0x11,
    0x11, 0x32, 0x00, 0x00, 0x11, 0x32, 0x00, 0x00, 0x11, 0x32, 0x03, 0x00, 0x11, 0x22, 0x03, 0x00,
    0x11, 0x21, 0x03, 0x00, 0x11, 0x21, 0x03, 0x00, 0x11, 0x21, 0x03, 0x00, 0x11, 0x21, 0x33, 0x00,
    0x00, 0xBB, 0xBB, 0x66, 0xBB, 0x66, 0x66, 0x56, 0x66, 0x56, 0x65, 0x55, 0x66, 0x55, 0x66, 0x5A,
    0x56, 0x55, 0x66, 0xA6, 0x56, 0x65, 0x66, 0x66, 0x65, 0x66, 0x66, 0x66, 0x66, 0x66, 0x66, 0x55,
    0xBB, 0xBB, 0x00, 0x00, 0x66, 0x66, 0x0B, 0x00, 0x55, 0xB6, 0x00, 0x00, 0xAA, 0x06, 0x00, 0x00,
    0x66, 0xBB, 0x00, 0x00, 0xA6, 0xA6, 0xFF, 0x00, 0x6A, 0xBB, 0xDD, 0x0F, 0xAA, 0xDB, 0xDD, 0x0F,
    0x66, 0x55, 0xA5, 0xAA, 0xA6, 0xA5, 0xAA, 0x6A, 0xAB, 0x6A, 0x66, 0xB6, 0xB9, 0xA6, 0xF6, 0x8C,
    0x90, 0x53, 0xCF, 0x8C, 0x00, 0xF9, 0xCC, 0x8C, 0x99, 0xCF, 0xCC, 0xDD, 0x55, 0xC9, 0xDD, 0xDD,
    0xBA, 0xDD, 0xFD, 0x00, 0xBB, 0x88, 0xFF, 0xFF, 0xB8, 0x84, 0xCF, 0xCC, 0x44, 0x44, 0xC8, 0xCC,
    0x44, 0x84, 0xDD, 0xCC, 0x88, 0xD8, 0xDD, 0xDD, 0xFD, 0xDD, 0xDD, 0xDD, 0xDD, 0xDD, 0xDD, 0xDD,
    0x30, 0x12, 0x11, 0x11, 0x00, 0x23, 0x22, 0x22, 0x00, 0x23, 0x22, 0x32, 0x00, 0x30, 0x33, 0x03,
    0x00, 0x00, 0x00, 0x00, 0x00, 0x00, 0x00, 0x00, 0x00, 0x00, 0x00, 0x00, 0x00, 0x00, 0x00, 0x00,
    0x11, 0x12, 0x11, 0x21, 0x22, 0x22, 0x33, 0x33, 0x33, 0x33, 0x00, 0x00, 0x00, 0x00, 0x00, 0x00,
    0x00, 0x00, 0x00, 0x00, 0x00, 0x00, 0x00, 0x00, 0x00, 0x00, 0x00, 0x00, 0x00, 0x00, 0x00, 0x00,
    0x32, 0x33, 0x33, 0x00, 0x03, 0x00, 0x00, 0x00, 0x00, 0x00, 0x00, 0x00, 0x00, 0x00, 0x00, 0x00,
    0x00, 0x00, 0x00, 0x00, 0x00, 0x00, 0x00, 0x00, 0x00, 0x00, 0x00, 0x00, 0x00, 0x00, 0x00, 0x00,
    0x00, 0x59, 0x52, 0x22, 0x00, 0x90, 0x77, 0x99, 0x00, 0x00, 0x00, 0x00, 0x00, 0x00, 0x00, 0x00,
    0x00, 0x00, 0x00, 0x00, 0x00, 0x00, 0x00, 0x00, 0x00, 0x00, 0x00, 0x00, 0x00, 0x00, 0x00, 0x00,
    0x00, 0xFF, 0xFF, 0x0F, 0x00, 0x00, 0x00, 0x00, 0x00, 0x00, 0x00, 0x00, 0x00, 0x00, 0x00, 0x00,
    0x00, 0x00, 0x00, 0x00, 0x00, 0x00, 0x00, 0x00, 0x00, 0x00, 0x00, 0x00, 0x00, 0x00, 0x00, 0x00,
    0xFF, 0xFF, 0x0F, 0x00, 0x00, 0x00, 0x00, 0x00, 0x00, 0x00, 0x00, 0x00, 0x00, 0x00, 0x00, 0x00,
    0x00, 0x00, 0x00, 0x00, 0x00, 0x00, 0x00, 0x00, 0x00, 0x00, 0x00, 0x00, 0x00, 0x00, 0x00, 0x00,
    0x00, 0x00, 0xFF, 0x48, 0x00, 0x00, 0x00, 0xFF, 0x00, 0x00, 0x00, 0x00, 0x00, 0x00, 0x00, 0x00,
    0x00, 0x00, 0x00, 0x00, 0x00, 0x00, 0x00, 0x00, 0x00, 0x00, 0x00, 0x00, 0x00, 0x00, 0x00, 0x00,
    0xF8, 0x00, 0x00, 0x00, 0x0F, 0x00, 0x00, 0x00, 0x00, 0x00, 0x00, 0x00, 0x00, 0x00, 0x00, 0x00,
    0x00, 0x00, 0x00, 0x00, 0x00, 0x00, 0x00, 0x00, 0x00, 0x00, 0x00, 0x00, 0x00, 0x00, 0x00, 0x00,
    0x00, 0x00, 0x00, 0x00, 0x00, 0x00, 0x00, 0x00, 0x00, 0x00, 0x00, 0x00, 0x00, 0x00, 0x00, 0x00,
    0x00, 0x00, 0x00, 0x00, 0x00, 0x00, 0x00, 0x00, 0x00, 0x00, 0x00, 0x00, 0x00, 0x00, 0xB0, 0xBB,
    0x00, 0x00, 0x00, 0x00, 0x00, 0x00, 0x00, 0x00, 0x00, 0x00, 0x00, 0xB0, 0x00, 0x00, 0x00, 0x6B,
    0x00, 0x00, 0xBB, 0x6B, 0x00, 0xB0, 0x56, 0xAA, 0x00, 0x00, 0xAB, 0xA5, 0x00, 0xB0, 0xA5, 0x6A,
    0x00, 0x00, 0x00, 0x00, 0x00, 0xFF, 0x00, 0x00, 0xFF, 0x88, 0x0F, 0x00, 0xCC, 0xDD, 0xF8, 0x00,
    0xDC, 0x8D, 0xF8, 0x00, 0xDD, 0x84, 0x0F, 0x00, 0x4D, 0xF4, 0x0D, 0x00, 0xF4, 0xC7, 0xFD, 0x00,
};
static const u16 sFrame21[] = {
    0x0009, 0x40E7, 0x81D3, 0x0000, 0x40EF, 0x81F3, 0x0008, 0x00D7, 0x41D3, 0x0010, 0x00DF, 0x41F3,
    0x0014, 0x40F7, 0x41D3, 0x0018, 0x40FF, 0x41F3, 0x001C, 0x00D7, 0x01F3, 0x0020, 0x00DF, 0x01EB,
    0x0021, 0x00E7, 0x0003, 0x0022, 0x0000,
};
static const void* const sFrames21[] = { sFrame21 };
static const u8 sTiles22[864] __attribute__((aligned(4))) = {
    0x00, 0x5B, 0xAA, 0x66, 0xB0, 0x66, 0xAA, 0x65, 0x00, 0xAB, 0x55, 0x66, 0x00, 0x60, 0xAA, 0xBB,
    0x00, 0xB0, 0x0B, 0x90, 0x00, 0x00, 0x00, 0x00, 0x00, 0x00, 0x00, 0x00, 0x00, 0x00, 0x00, 0x90,
    0x66, 0x66, 0x56, 0xA5, 0x56, 0x55, 0xAA, 0xAA, 0x5A, 0xAA, 0xAA, 0xB6, 0xAA, 0x66, 0x66, 0x8B,
    0x6B, 0x6A, 0xCF, 0x48, 0x39, 0xF5, 0xCC, 0x48, 0x90, 0xCF, 0xCC, 0x88, 0xF9, 0xCC, 0xDC, 0xDD,
    0xBA, 0xDD, 0xFD, 0x00, 0xDB, 0xDD, 0x0F, 0x00, 0x8B, 0xF8, 0xFF, 0x0F, 0x4B, 0xF8, 0xCC, 0xFC,
    0x44, 0x84, 0xCC, 0xCC, 0x44, 0xD8, 0xCD, 0xCC, 0x88, 0xDD, 0xDD, 0xDD, 0xDF, 0xDD, 0xDD, 0xDD,
    0x00, 0x00, 0x00, 0x00, 0x00, 0x00, 0x00, 0x00, 0xF0, 0x0F, 0x00, 0x00, 0x8F, 0xF8, 0x00, 0x00,
    0xDC, 0x8D, 0x0F, 0x00, 0xDD, 0x88, 0x0F, 0x00, 0x4D, 0xF8, 0x00, 0x00, 0x44, 0xDF, 0x00, 0x00,
    0x00, 0x00, 0x99, 0x57, 0x90, 0x79, 0x25, 0xFF, 0x59, 0x22, 0xB9, 0x84, 0x22, 0x97, 0xBF, 0xF1,
    0x52, 0x59, 0xF4, 0x18, 0x97, 0xFB, 0x84, 0x7F, 0x25, 0x8B, 0x4F, 0x81, 0x22, 0xB9, 0x8F, 0xF8,
    0x95, 0xDC, 0xDD, 0xDD, 0x92, 0xDC, 0xDD, 0xDD, 0x59, 0xD7, 0xDD, 0xFF, 0x37, 0x95, 0xFD, 0x2F,
    0x99, 0xBB, 0xFF, 0xCC, 0x84, 0xBF, 0xF0, 0x44, 0xFF, 0x95, 0xF0, 0xCC, 0x5B, 0x72, 0x09, 0xFF,
    0xDD, 0xDD, 0xDD, 0x4D, 0xFF, 0xDF, 0x1D, 0xF1, 0x1F, 0x11, 0xD1, 0xFD, 0xDC, 0xD1, 0xFD, 0x7F,
    0x75, 0xC7, 0xFC, 0x7C, 0xCC, 0x8C, 0x2F, 0x25, 0x84, 0xC8, 0x5F, 0xCC, 0xCC, 0xFF, 0xDF, 0xCC,
    0x7F, 0xDC, 0x0F, 0x00, 0x79, 0x9F, 0x0F, 0x00, 0xF7, 0x77, 0x0F, 0x00, 0x79, 0x9F, 0xFD, 0x00,
    0x7C, 0xD9, 0xFD, 0x00, 0xCC, 0xD8, 0xFD, 0x00, 0x8C, 0xDD, 0xFD, 0x90, 0xC4, 0xDD, 0xFF, 0x7F,
    0x22, 0x52, 0x09, 0x00, 0x97, 0xB9, 0x00, 0x59, 0xBB, 0xDB, 0x09, 0x29, 0x8F, 0x84, 0x7C, 0x5C,
    0xC4, 0xCC, 0xCD, 0x9C, 0xC8, 0xDC, 0xCC, 0xCC, 0xD4, 0xDD, 0xCC, 0xCC, 0xD8, 0xDD, 0xDD, 0xD8,
    0x57, 0x07, 0x4F, 0x44, 0xB9, 0x97, 0xF0, 0xCC, 0x55, 0x72, 0x0F, 0xFF, 0x22, 0x95, 0x0F, 0x90,
    0x97, 0xFC, 0x0F, 0x00, 0xCC, 0x57, 0x09, 0x00, 0xDD, 0xCD, 0x09, 0x00, 0xDD, 0x8D, 0x0F, 0x00,
    0xDD, 0xCC, 0x9F, 0x99, 0xCC, 0xFF, 0x55, 0x97, 0x7F, 0x55, 0xB7, 0x7B, 0x99, 0xF1, 0xFF, 0xDD,
    0x00, 0x8F, 0xDC, 0xDD, 0xF0, 0xC4, 0xCC, 0xDD, 0xF0, 0xC8, 0xCC, 0xDD, 0xF0, 0xC4, 0xDC, 0xDD,
    0x52, 0xD7, 0xFD, 0x00, 0x22, 0xDD, 0x8D, 0x0F, 0x52, 0xDD, 0x8D, 0x0F, 0x99, 0xDD, 0x8D, 0x0F,
    0xDD, 0x8D, 0xF8, 0x00, 0xDD, 0xD8, 0x0F, 0x00, 0xDD, 0xD4, 0x00, 0x00, 0x8D, 0x0F, 0x00, 0x00,
    0x4F, 0x48, 0x48, 0x4F, 0xF0, 0xFF, 0xFF, 0xF0, 0x00, 0x00, 0x00, 0x00, 0x00, 0x00, 0x00, 0x00,
    0x00, 0x00, 0x00, 0x00, 0x00, 0x00, 0x00, 0x00, 0x00, 0x00, 0x00, 0x00, 0x00, 0x00, 0x00, 0x00,
    0x88, 0x88, 0x0F, 0x00, 0xFF, 0xFF, 0x00, 0x00, 0x00, 0x00, 0x00, 0x00, 0x00, 0x00, 0x00, 0x00,
    0x00, 0x00, 0x00, 0x00, 0x00, 0x00, 0x00, 0x00, 0x00, 0x00, 0x00, 0x00, 0x00, 0x00, 0x00, 0x00,
    0x00, 0x8F, 0xDD, 0xDD, 0x00, 0xF0, 0x8F, 0x84, 0x00, 0x00, 0xF0, 0xFF, 0x00, 0x00, 0x00, 0x00,
    0x00, 0x00, 0x00, 0x00, 0x00, 0x00, 0x00, 0x00, 0x00, 0x00, 0x00, 0x00, 0x00, 0x00, 0x00, 0x00,
    0xF4, 0x00, 0x00, 0x00, 0x0F, 0x00, 0x00, 0x00, 0x00, 0x00, 0x00, 0x00, 0x00, 0x00, 0x00, 0x00,
    0x00, 0x00, 0x00, 0x00, 0x00, 0x00, 0x00, 0x00, 0x00, 0x00, 0x00, 0x00, 0x00, 0x00, 0x00, 0x00,
    0x00, 0x00, 0x00, 0x00, 0x00, 0x00, 0x00, 0x00, 0x00, 0x00, 0x00, 0x00, 0x00, 0x00, 0x00, 0x00,
    0x00, 0x00, 0x00, 0x00, 0x00, 0x00, 0x30, 0x33, 0x33, 0x30, 0x83, 0x81, 0x13, 0x83, 0x31, 0x18,
    0x00, 0x00, 0x00, 0x00, 0x00, 0x00, 0x00, 0x00, 0x00, 0x00, 0x00, 0x00, 0x00, 0x00, 0x00, 0x00,
    0x00, 0x00, 0x00, 0x00, 0x00, 0x00, 0x00, 0x00, 0x03, 0x00, 0x00, 0x00, 0x38, 0x00, 0x22, 0x22,
    0x43, 0x84, 0x11, 0x44, 0x83, 0x41, 0x84, 0x88, 0x30, 0x88, 0x48, 0x11, 0x30, 0x18, 0x41, 0x33,
    0x00, 0x33, 0x33, 0x00, 0x00, 0x00, 0x00, 0x00, 0x00, 0x00, 0x00, 0x00, 0x00, 0x00, 0x00, 0x00,
    0x24, 0x22, 0x44, 0x11, 0x48, 0x11, 0x11, 0x84, 0x41, 0x38, 0x33, 0x33, 0x33, 0x03, 0x00, 0x00,
    0x00, 0x00, 0x00, 0x00, 0x00, 0x00, 0x00, 0x00, 0x00, 0x00, 0x00, 0x00, 0x00, 0x00, 0x00, 0x00,
    0x00, 0x00, 0x00, 0x00, 0x00, 0x00, 0x00, 0x00, 0x00, 0x00, 0x00, 0xB0, 0x00, 0x00, 0x00, 0x6B,
    0x00, 0x00, 0xB0, 0x66, 0x00, 0xB0, 0xBB, 0x66, 0x00, 0x6B, 0xA5, 0x6A, 0x00, 0xB0, 0x5A, 0x5A,
    0x00, 0x00, 0xBB, 0x0B, 0xB0, 0xBB, 0x6B, 0xB6, 0x6B, 0x66, 0x66, 0x65, 0x66, 0x55, 0x56, 0x55,
    0x56, 0x65, 0xA6, 0xA5, 0x55, 0x65, 0x66, 0x6A, 0x55, 0x66, 0x66, 0x66, 0x66, 0x66, 0x66, 0xA6,
    0x11, 0x41, 0x38, 0x33, 0x33, 0x33, 0x03, 0x00, 0x00, 0x00, 0x00, 0x00, 0x00, 0x00, 0x00, 0x00,
    0x00, 0x00, 0x00, 0x00, 0x00, 0x00, 0x00, 0x00, 0x00, 0x00, 0x00, 0x00, 0x00, 0x00, 0x00, 0x00,
    0x7B, 0x95, 0x99, 0x57, 0x90, 0x25, 0x25, 0x52, 0x00, 0x79, 0x97, 0xB9, 0x00, 0x00, 0x00, 0x00,
    0x00, 0x00, 0x00, 0xF0, 0x00, 0x00, 0x00, 0xF0, 0x00, 0x00, 0x00, 0xF0, 0x00, 0x00, 0x00, 0xF0,
    0x00, 0x00, 0x00, 0x00, 0xBB, 0x0B, 0x00, 0x00, 0x66, 0xB6, 0x00, 0x00, 0x65, 0x0B, 0x00, 0x00,
    0x6A, 0x00, 0x00, 0x00, 0xB6, 0x0B, 0x00, 0x00, 0x6A, 0xFA, 0x0F, 0x00, 0xB6, 0xDB, 0xFD, 0x00,
    0x00, 0x00, 0x00, 0x00, 0x00, 0x00, 0x00, 0x00, 0x00, 0x00, 0x00, 0x00, 0x00, 0x00, 0x00, 0x90,
    0x00, 0x00, 0x00, 0x90, 0x00, 0x00, 0x30, 0xB3, 0x20, 0x22, 0x22, 0xB8, 0x42, 0x14, 0x41, 0x88,
    0x00, 0x00, 0x00, 0x00, 0x00, 0x00, 0x00, 0x00, 0x00, 0x00, 0x00, 0x00, 0x00, 0x00, 0x00, 0x00,
    0x00, 0x00, 0x00, 0x00, 0x00, 0x00, 0x00, 0x00, 0x99, 0x0B, 0x00, 0x00, 0x55, 0xF7, 0x0F, 0x00,
};
static const u16 sFrame22[] = {
    0x0008, 0x40E6, 0x81EC, 0x0000, 0x40F6, 0x81F4, 0x0008, 0x00EE, 0x41D4, 0x0010, 0x40DE, 0x01EC,
    0x0014, 0x40F6, 0x01E4, 0x0016, 0x00DE, 0x01FC, 0x0018, 0x00EE, 0x01E4, 0x0019, 0x00EE, 0x000C,
    0x001A, 0x0000,
};
static const void* const sFrames22[] = { sFrame22 };
static const u8 sTiles23[736] __attribute__((aligned(4))) = {
    0x00, 0x00, 0x00, 0x00, 0x00, 0x00, 0x00, 0x00, 0x00, 0x00, 0xB0, 0xBB, 0x00, 0x00, 0xAB, 0x5A,
    0x00, 0x00, 0x00, 0xBB, 0x00, 0x00, 0xB0, 0x5A, 0x00, 0x00, 0xAB, 0x56, 0x00, 0x00, 0xBB, 0x6B,
    0x00, 0x00, 0xBB, 0xBB, 0xB0, 0x6B, 0x66, 0xAA, 0xBB, 0x66, 0x66, 0x66, 0xA5, 0x55, 0x56, 0x55,
    0x56, 0xAA, 0x65, 0x55, 0xAA, 0x6A, 0x65, 0x65, 0xA5, 0x65, 0x66, 0x66, 0x55, 0x56, 0x66, 0x66,
    0x00, 0xBB, 0x0B, 0x00, 0xBB, 0x6A, 0x0B, 0x00, 0x66, 0x66, 0xBA, 0x00, 0x56, 0x65, 0xDB, 0x0F,
    0xA6, 0x5A, 0xDB, 0x0F, 0x66, 0xA6, 0xDD, 0xFD, 0x56, 0x65, 0xDB, 0x88, 0xA6, 0x5A, 0xDF, 0x48,
    0x00, 0x00, 0x00, 0x00, 0x00, 0x00, 0x00, 0x00, 0x00, 0x00, 0x00, 0x00, 0x00, 0x00, 0x00, 0x00,
    0x00, 0x00, 0x00, 0x00, 0x0F, 0x00, 0x00, 0x00, 0xF8, 0xFF, 0x00, 0x00, 0x84, 0xDD, 0x0F, 0x00,
    0x00, 0x00, 0x00, 0xB0, 0x00, 0x00, 0x00, 0x5B, 0x00, 0x00, 0xB0, 0xA5, 0x00, 0x00, 0xB0, 0xBB,
    0x00, 0x00, 0x00, 0x00, 0x00, 0x00, 0x00, 0x00, 0x00, 0x00, 0x00, 0x00, 0x00, 0x00, 0x00, 0x00,
    0x66, 0xA6, 0x56, 0x66, 0x55, 0xAA, 0xA6, 0x55, 0xAA, 0xB6, 0x6A, 0xAA, 0xAB, 0x6B, 0xAA, 0x7B,
    0xB0, 0x3A, 0x75, 0xAB, 0x00, 0x90, 0x55, 0xB7, 0x00, 0x00, 0xB0, 0xDB, 0x00, 0x00, 0xDF, 0xDD,
    0x65, 0xBA, 0xFF, 0x48, 0x5A, 0xAB, 0xFB, 0xDD, 0xAB, 0xBB, 0xFD, 0xDD, 0xBB, 0x97, 0xDC, 0xCF,
    0x57, 0xC7, 0xCC, 0x4D, 0xFF, 0xCD, 0xDC, 0x5D, 0xDD, 0xDD, 0x8D, 0x14, 0x91, 0x57, 0xFB, 0x48,
    0x44, 0xFD, 0x09, 0x00, 0x48, 0x7F, 0x95, 0x00, 0xDF, 0x5B, 0x93, 0x00, 0xF8, 0x35, 0xB7, 0x00,
    0x81, 0x97, 0x0B, 0x00, 0x18, 0xB4, 0x00, 0x00, 0x8C, 0xD4, 0x00, 0x00, 0xD1, 0xDD, 0x0D, 0x00,
    0x27, 0xB5, 0x17, 0x88, 0x97, 0xBB, 0x53, 0x41, 0x22, 0xD9, 0x79, 0x75, 0x57, 0xB9, 0xBB, 0xB9,
    0x29, 0x75, 0x57, 0x22, 0x7B, 0x22, 0x75, 0x97, 0xBD, 0x9B, 0xB9, 0x4B, 0xFF, 0xFF, 0xCD, 0xCD,
    0xDF, 0xB5, 0xC8, 0x00, 0xD8, 0xB9, 0x4C, 0x00, 0x9B, 0x97, 0x8B, 0x08, 0x25, 0xB5, 0x0F, 0x08,
    0x22, 0xB7, 0x0F, 0x48, 0xB9, 0xDB, 0x0F, 0x80, 0xC8, 0xDD, 0x0F, 0x80, 0x4C, 0xFD, 0x00, 0xC4,
    0xD7, 0xF8, 0xFF, 0xFD, 0xD9, 0xF4, 0x90, 0x53, 0xDD, 0xF8, 0x70, 0x33, 0xDD, 0x9F, 0x7B, 0x75,
    0xDD, 0x59, 0x5B, 0x95, 0xDD, 0x29, 0x57, 0x57, 0xDC, 0x5B, 0x92, 0x2B, 0xF8, 0x7D, 0x95, 0x72,
    0xCD, 0xF8, 0x00, 0x1C, 0xF7, 0xFD, 0x00, 0x8C, 0xF9, 0x0F, 0xC0, 0x48, 0x0B, 0x00, 0xC0, 0x48,
    0x00, 0x00, 0x00, 0xCC, 0x0B, 0x00, 0x00, 0x00, 0x0B, 0x00, 0x00, 0x00, 0x09, 0x00, 0x00, 0x00,
    0xF4, 0xBD, 0xD8, 0xBD, 0xFF, 0xDD, 0x4D, 0x0D, 0xDF, 0xDD, 0x8C, 0xDD, 0xDF, 0xCD, 0xCC, 0xC4,
    0xDF, 0xCC, 0xCC, 0xC8, 0xDF, 0xDD, 0xCC, 0xC4, 0x4F, 0xDD, 0xDD, 0xD8, 0xFF, 0x48, 0x48, 0x48,
    0x00, 0x00, 0x00, 0x00, 0x00, 0x00, 0x00, 0x00, 0x0F, 0x00, 0x00, 0x00, 0x0D, 0x00, 0x00, 0x00,
    0xFC, 0x00, 0x00, 0x00, 0xFD, 0x00, 0x00, 0x00, 0xFD, 0x00, 0x00, 0x00, 0xF8, 0x00, 0x00, 0x00,
    0xF0, 0xFF, 0xFF, 0xFF, 0x00, 0x00, 0x00, 0x00, 0x00, 0x00, 0x00, 0x00, 0x00, 0x00, 0x00, 0x00,
    0x00, 0x00, 0x00, 0x00, 0x00, 0x00, 0x00, 0x00, 0x00, 0x00, 0x00, 0x00, 0x00, 0x00, 0x00, 0x00,
    0x0F, 0x00, 0x00, 0x00, 0x00, 0x00, 0x00, 0x00, 0x00, 0x00, 0x00, 0x00, 0x00, 0x00, 0x00, 0x00,
    0x00, 0x00, 0x00, 0x00, 0x00, 0x00, 0x00, 0x00, 0x00, 0x00, 0x00, 0x00, 0x00, 0x00, 0x00, 0x00,
    0x00, 0x00, 0x00, 0x00, 0x00, 0x00, 0x00, 0x00, 0x00, 0x00, 0x30, 0x33, 0x00, 0x33, 0x23, 0x21,
    0x30, 0x12, 0x32, 0x33, 0x30, 0x32, 0x23, 0x11, 0x23, 0x11, 0x21, 0x22, 0x23, 0x22, 0x32, 0x33,
    0x00, 0x00, 0x00, 0x00, 0x00, 0x00, 0x00, 0x00, 0x03, 0x00, 0x00, 0x33, 0x32, 0x33, 0x23, 0x22,
    0x23, 0x12, 0x11, 0x21, 0x11, 0x22, 0x22, 0x32, 0x22, 0x33, 0x33, 0x03, 0x33, 0x00, 0x00, 0x00,
    0x00, 0xF0, 0xDD, 0xDD, 0x00, 0x30, 0x33, 0x9B, 0x33, 0x22, 0x82, 0x78, 0x11, 0x11, 0x22, 0xB8,
    0x22, 0x22, 0x33, 0xB3, 0x33, 0x33, 0x77, 0xCF, 0x00, 0x70, 0x53, 0xF7, 0x00, 0xB0, 0x33, 0xF9,
    0x00, 0x00, 0x9B, 0x5B, 0x00, 0x00, 0x2F, 0x75, 0x00, 0x00, 0x9F, 0x99, 0x00, 0xF0, 0xDD, 0xDD,
    0x00, 0xF0, 0xC8, 0xDC, 0x00, 0x4F, 0xCC, 0xCC, 0x00, 0x8F, 0xC4, 0xCC, 0x00, 0xDF, 0x48, 0xCC,
    0x30, 0x33, 0x03, 0x00, 0x00, 0x00, 0x00, 0x00, 0x00, 0x00, 0x00, 0x00, 0x00, 0x00, 0x00, 0x00,
    0x00, 0x00, 0x00, 0x00, 0x00, 0x00, 0x00, 0x00, 0x00, 0x00, 0x00, 0x00, 0x00, 0x00, 0x00, 0x00,
    0x0C, 0x00, 0x00, 0x00, 0x0C, 0x00, 0x00, 0x00, 0x0C, 0x00, 0x00, 0x00, 0x0C, 0x00, 0x00, 0x00,
    0x00, 0x00, 0x00, 0x00, 0x00, 0x00, 0x00, 0x00, 0x00, 0x00, 0x00, 0x00, 0x00, 0x00, 0x00, 0x00,
    0x00, 0xF0, 0x8D, 0x84, 0x00, 0x00, 0xFF, 0xFF, 0x00, 0x00, 0x00, 0x00, 0x00, 0x00, 0x00, 0x00,
    0x00, 0x00, 0x00, 0x00, 0x00, 0x00, 0x00, 0x00, 0x00, 0x00, 0x00, 0x00, 0x00, 0x00, 0x00, 0x00,
};
static const u16 sFrame23[] = {
    0x0007, 0x40D7, 0x81EF, 0x0000, 0x80E7, 0x81FF, 0x0008, 0x40E7, 0x01E7, 0x0010, 0x80E7, 0x01F7,
    0x0012, 0x00EF, 0x01E7, 0x0014, 0x00EF, 0x000F, 0x0015, 0x00F7, 0x01F7, 0x0016, 0x0000,
};
static const void* const sFrames23[] = { sFrame23 };
static const u8 sTiles24[928] __attribute__((aligned(4))) = {
    0x00, 0x00, 0x00, 0x00, 0x00, 0x00, 0x00, 0x00, 0x00, 0x00, 0x00, 0x00, 0x00, 0x00, 0x00, 0x00,
    0x00, 0x00, 0x00, 0x00, 0x00, 0x00, 0x00, 0x00, 0x00, 0x00, 0x00, 0x00, 0x00, 0x00, 0x00, 0x90,
    0x00, 0x00, 0xB0, 0x5A, 0x00, 0x00, 0xA0, 0xA5, 0x00, 0x00, 0x5B, 0xAA, 0x00, 0x00, 0xBB, 0xBB,
    0x00, 0x00, 0x00, 0x79, 0x00, 0x00, 0x00, 0x59, 0x00, 0x00, 0x00, 0x90, 0x99, 0x77, 0x09, 0x00,
    0x6A, 0x65, 0x66, 0x66, 0x65, 0x66, 0x66, 0x66, 0x66, 0x66, 0x56, 0x65, 0x66, 0x66, 0x55, 0x55,
    0xAB, 0x56, 0x5A, 0x5A, 0xAB, 0x56, 0xAA, 0xAA, 0xB7, 0xA6, 0xAA, 0xBA, 0xB9, 0xBA, 0xAB, 0x5B,
    0xA5, 0x0B, 0x00, 0x00, 0x5A, 0xB5, 0x00, 0x00, 0xA6, 0xBA, 0xFD, 0x00, 0x65, 0xA6, 0xDB, 0x0F,
    0xAA, 0xBB, 0xDB, 0xFD, 0xBB, 0xBF, 0xDD, 0xFD, 0xFB, 0xDF, 0xDD, 0x0F, 0xDF, 0xDD, 0xFF, 0x00,
    0x00, 0x90, 0x99, 0x57, 0x00, 0x59, 0x22, 0xF9, 0x00, 0x27, 0x97, 0x85, 0x33, 0x79, 0xFB, 0x4F,
    0x88, 0x55, 0x89, 0xFF, 0x88, 0x22, 0xF7, 0x49, 0xBB, 0x99, 0x9B, 0x85, 0x00, 0x5B, 0xB9, 0x99,
    0x22, 0xF2, 0xFF, 0x00, 0xF8, 0x8F, 0x84, 0x79, 0xF4, 0x82, 0x81, 0x35, 0x81, 0xF7, 0x41, 0x7B,
    0x4F, 0xF8, 0x14, 0x8F, 0x81, 0x48, 0xFF, 0x87, 0x48, 0xFF, 0x99, 0xFB, 0xF7, 0x9F, 0x75, 0x0B,
    0xB0, 0xDB, 0xBD, 0xDD, 0xB5, 0xDD, 0xDD, 0xDD, 0x75, 0xDD, 0xDD, 0xDD, 0x97, 0xDF, 0xDD, 0xDD,
    0xDD, 0xFF, 0xFF, 0xDD, 0x84, 0x48, 0xFF, 0x7F, 0x80, 0xF8, 0xFF, 0xFF, 0xF0, 0x84, 0xDD, 0xFF,
    0xFD, 0xFF, 0xD8, 0x0D, 0xDD, 0x48, 0x84, 0xDD, 0x88, 0x44, 0x84, 0x8D, 0x8D, 0x44, 0xD8, 0x8D,
    0xD1, 0x88, 0xDD, 0x88, 0x19, 0xDD, 0xDD, 0xD4, 0x19, 0xD1, 0x4D, 0x97, 0x99, 0x41, 0x74, 0x7F,
    0x99, 0x79, 0xB2, 0x00, 0x55, 0x22, 0xB5, 0x00, 0x9B, 0x77, 0x0B, 0x00, 0x00, 0x00, 0x00, 0xF0,
    0x00, 0x00, 0x00, 0xF0, 0x00, 0x00, 0x00, 0x00, 0x00, 0x00, 0x00, 0xFF, 0x00, 0x00, 0xF0, 0x48,
    0xF0, 0x8D, 0xDD, 0xFF, 0xFF, 0x8D, 0xC8, 0xFC, 0xFF, 0xDF, 0xC4, 0xC4, 0xDD, 0xFF, 0xCC, 0xC8,
    0xFF, 0xCD, 0x81, 0x41, 0x59, 0xDF, 0xCC, 0x44, 0x79, 0xF5, 0xD5, 0xCC, 0x9C, 0x59, 0xDD, 0xDD,
    0xFF, 0x1D, 0x9D, 0xF7, 0xFF, 0xDD, 0x7D, 0x77, 0xFF, 0x5D, 0xF7, 0x88, 0xFF, 0xD5, 0x8F, 0xFD,
    0xFC, 0xFF, 0xF4, 0x7F, 0xFC, 0x44, 0x7F, 0x73, 0xDC, 0xFF, 0x5F, 0x33, 0xDD, 0xFD, 0x99, 0x57,
    0x97, 0x0F, 0x00, 0x00, 0xF9, 0x0F, 0x00, 0x00, 0xDD, 0xFF, 0x00, 0x00, 0xFF, 0xFF, 0x00, 0x00,
    0xFF, 0xFF, 0x00, 0x00, 0xFF, 0x9F, 0x09, 0x00, 0x95, 0x7F, 0xB5, 0x00, 0x55, 0x97, 0x52, 0x0B,
    0x00, 0x00, 0x4F, 0xCD, 0x00, 0x00, 0x8F, 0xDD, 0x00, 0x00, 0x4F, 0xDD, 0x00, 0x00, 0xF0, 0x48,
    0x00, 0x00, 0x00, 0xFF, 0x00, 0x00, 0x00, 0x00, 0x00, 0x00, 0x00, 0x00, 0x00, 0x00, 0x00, 0x00,
    0xCC, 0xCC, 0xDD, 0xDD, 0xCD, 0xDC, 0xDD, 0xDD, 0xDD, 0xDD, 0xDD, 0x48, 0xDD, 0xDD, 0x48, 0xFF,
    0x48, 0x48, 0xFF, 0x00, 0xFF, 0xFF, 0x00, 0x00, 0x00, 0x00, 0x00, 0x00, 0x00, 0x00, 0x00, 0x00,
    0xDD, 0xF8, 0xFF, 0xB0, 0x48, 0xFF, 0x00, 0x00, 0xFF, 0x0F, 0x00, 0x00, 0x00, 0x00, 0x00, 0x00,
    0x00, 0x00, 0x00, 0x00, 0x00, 0x00, 0x00, 0x00, 0x00, 0x00, 0x00, 0x00, 0x00, 0x00, 0x00, 0x00,
    0x57, 0xB5, 0x52, 0x09, 0xBB, 0xFF, 0x22, 0xBD, 0x7B, 0xF2, 0xD9, 0xDD, 0xB0, 0x57, 0x8B, 0xDD,
    0xF0, 0xDD, 0x4D, 0xDD, 0xF0, 0xDD, 0x8D, 0xCC, 0xF0, 0xDF, 0xCC, 0xC4, 0x00, 0xCF, 0xCC, 0x8C,
    0x00, 0x00, 0x00, 0x00, 0x00, 0x00, 0x00, 0x00, 0x00, 0x00, 0x00, 0x00, 0x00, 0x00, 0x00, 0x00,
    0x00, 0x00, 0x00, 0x00, 0x00, 0x00, 0x00, 0x00, 0x00, 0x33, 0x00, 0x30, 0x30, 0x23, 0x33, 0x23,
    0x00, 0x00, 0x00, 0x00, 0x00, 0x00, 0x00, 0x00, 0x00, 0x00, 0x00, 0x00, 0x00, 0x00, 0x00, 0x00,
    0x00, 0x00, 0x00, 0x00, 0x00, 0x00, 0x00, 0x00, 0x03, 0x00, 0x00, 0x00, 0x33, 0x00, 0x00, 0x00,
    0x30, 0x12, 0x23, 0x13, 0x30, 0x21, 0x13, 0x23, 0x30, 0x21, 0x11, 0x21, 0x23, 0x22, 0x22, 0x22,
    0x23, 0x11, 0x11, 0x11, 0x33, 0x22, 0x22, 0x22, 0x30, 0x33, 0x33, 0x33, 0x00, 0x00, 0x00, 0x00,
    0x32, 0x00, 0x00, 0x00, 0x31, 0x00, 0x00, 0x00, 0x31, 0x03, 0x00, 0x00, 0x32, 0x33, 0x33, 0x33,
    0x11, 0x11, 0x11, 0x11, 0x22, 0x22, 0x22, 0x22, 0x33, 0x33, 0x33, 0x33, 0x00, 0x00, 0x00, 0x00,
    0x00, 0x00, 0x00, 0xB0, 0x00, 0xB0, 0xBB, 0xB0, 0x00, 0xB0, 0xA5, 0xBB, 0x00, 0x00, 0x5A, 0xBA,
    0x00, 0x00, 0xAB, 0x55, 0x00, 0xB0, 0xBB, 0x5B, 0x00, 0xAB, 0x55, 0xAA, 0x00, 0xB0, 0xAB, 0x5A,
    0x0B, 0x00, 0x00, 0x00, 0xBA, 0x00, 0x00, 0x00, 0x65, 0xAB, 0xBA, 0xBB, 0x5A, 0x66, 0x6A, 0x66,
    0x5A, 0x66, 0x56, 0x66, 0xA5, 0x65, 0x56, 0x55, 0xA5, 0x6A, 0x56, 0x65, 0x55, 0x56, 0x66, 0x66,
    0x00, 0xDF, 0xCC, 0x4C, 0x00, 0x4F, 0xDD, 0x8D, 0x00, 0x8F, 0x84, 0x84, 0x00, 0xF0, 0xFF, 0xFF,
    0x00, 0x00, 0x00, 0x00, 0x00, 0x00, 0x00, 0x00, 0x00, 0x00, 0x00, 0x00, 0x00, 0x00, 0x00, 0x00,
    0xDC, 0xF8, 0x00, 0x00, 0x8D, 0xF4, 0x00, 0x00, 0xF4, 0x0F, 0x00, 0x00, 0x0F, 0x00, 0x00, 0x00,
    0x00, 0x00, 0x00, 0x00, 0x00, 0x00, 0x00, 0x00, 0x00, 0x00, 0x00, 0x00, 0x00, 0x00, 0x00, 0x00,
    0x00, 0x00, 0x00, 0x00, 0x00, 0x00, 0x00, 0x00, 0x0B, 0x00, 0x00, 0x00, 0xB6, 0xBB, 0x00, 0x00,
    0x6A, 0xBA, 0x00, 0x00, 0xB6, 0xBA, 0x00, 0x00, 0xB5, 0x0B, 0x00, 0x00, 0x6A, 0x0B, 0x00, 0x00,
    0x00, 0x00, 0x00, 0x00, 0x00, 0x00, 0x00, 0x00, 0x00, 0x00, 0x00, 0x00, 0x33, 0x33, 0x33, 0x33,
    0x11, 0x11, 0x11, 0x21, 0x22, 0x22, 0x22, 0x32, 0x33, 0x33, 0x33, 0x33, 0x00, 0x00, 0x00, 0x00,
    0x00, 0x00, 0x00, 0x00, 0x00, 0x00, 0x00, 0x00, 0x0D, 0x00, 0x00, 0x00, 0x0D, 0x00, 0x00, 0x00,
    0x00, 0x00, 0x00, 0x00, 0x0F, 0x00, 0x00, 0x00, 0x0F, 0x00, 0x00, 0x00, 0xF7, 0x00, 0x00, 0x00,
    0x00, 0x7B, 0x55, 0x77, 0x00, 0xB0, 0x9B, 0x59, 0x00, 0x00, 0x00, 0xB0, 0x00, 0x00, 0x00, 0x00,
    0x00, 0x00, 0x00, 0x00, 0x00, 0x00, 0x00, 0x00, 0x00, 0x00, 0x00, 0x00, 0x00, 0x00, 0x00, 0x00,
    0x00, 0x00, 0x00, 0x00, 0x00, 0x00, 0x00, 0x00, 0x00, 0x00, 0x00, 0x00, 0x0F, 0x00, 0x00, 0x00,
    0xFD, 0x00, 0x00, 0x00, 0xDC, 0x0F, 0x00, 0x00, 0xCC, 0x0D, 0x00, 0x00, 0xCC, 0xFD, 0x00, 0x00,
};
static const u16 sFrame24[] = {
    0x000A, 0x40DC, 0x81E4, 0x0000, 0x40EC, 0x81EC, 0x0008, 0x00DC, 0x41CC, 0x0010, 0x40D4, 0x01EC,
    0x0014, 0x40FC, 0x0004, 0x0016, 0x00D4, 0x01FC, 0x0018, 0x00E4, 0x01DC, 0x0019, 0x00E4, 0x0004,
    0x001A, 0x00EC, 0x01E4, 0x001B, 0x00F4, 0x000C, 0x001C, 0x0000,
};
static const void* const sFrames24[] = { sFrame24 };
static const u8 sTiles25[896] __attribute__((aligned(4))) = {
    0xEE, 0x00, 0x00, 0x00, 0xE1, 0x00, 0x00, 0x00, 0xE1, 0x00, 0x00, 0x00, 0xE4, 0x00, 0x00, 0x00,
    0x88, 0x0E, 0x00, 0x00, 0x41, 0x84, 0xEE, 0xEE, 0x14, 0x11, 0x11, 0x84, 0xEE, 0x88, 0x44, 0x11,
    0x00, 0x00, 0x00, 0x00, 0x00, 0x00, 0x00, 0x00, 0x00, 0x00, 0x00, 0x00, 0x00, 0x00, 0x00, 0x00,
    0x00, 0x00, 0x00, 0x00, 0x00, 0x00, 0x00, 0x00, 0xE8, 0xEE, 0x0E, 0x00, 0x11, 0x41, 0x88, 0xEE,
    0xA0, 0x77, 0xBB, 0xB6, 0x4F, 0xBB, 0xAF, 0x5B, 0x4F, 0x44, 0xDF, 0x7A, 0xDF, 0x88, 0xDF, 0x4D,
    0xF0, 0xAA, 0xAA, 0xAA, 0xA0, 0x27, 0x22, 0x22, 0x7B, 0x52, 0x77, 0x55, 0xBA, 0xBB, 0xFF, 0xFF,
    0xFA, 0xFF, 0x8B, 0x0F, 0xF8, 0x8D, 0x44, 0x0F, 0xF4, 0x8F, 0x44, 0xFD, 0xDD, 0x48, 0x44, 0xD8,
    0xAA, 0x8B, 0x88, 0xDD, 0x55, 0xDB, 0xDD, 0xDD, 0xF2, 0xFF, 0xFF, 0xFF, 0x8B, 0x7B, 0x53, 0xA7,
    0x00, 0xEE, 0xEE, 0x8E, 0x00, 0x00, 0x00, 0xE0, 0x00, 0x00, 0x00, 0x00, 0x00, 0x00, 0x00, 0x00,
    0x00, 0x00, 0x00, 0x00, 0x00, 0x00, 0x00, 0x00, 0x00, 0x00, 0x00, 0x00, 0x00, 0x00, 0x00, 0x00,
    0x48, 0x14, 0x11, 0x88, 0xEE, 0xEE, 0x48, 0x88, 0x00, 0x00, 0xEE, 0xBE, 0x00, 0x00, 0x00, 0xBB,
    0x00, 0x00, 0x00, 0xB0, 0x00, 0x00, 0xA0, 0xBB, 0x00, 0x00, 0x5A, 0x57, 0x00, 0x00, 0x5A, 0xBA,
    0xBA, 0x17, 0x84, 0x84, 0xA7, 0x4F, 0x11, 0x11, 0x5A, 0xF8, 0x48, 0x48, 0x7B, 0x14, 0x88, 0x88,
    0xB5, 0x8D, 0xF4, 0xF4, 0x2A, 0x72, 0xDD, 0xDD, 0xBB, 0x57, 0x52, 0x27, 0xB5, 0xBB, 0x2A, 0x52,
    0x4B, 0xF1, 0x75, 0xFA, 0x8F, 0x41, 0xFF, 0xFF, 0xD8, 0x14, 0x9F, 0xFD, 0xF4, 0xFF, 0xF7, 0x97,
    0xFF, 0x7C, 0x97, 0x7F, 0xF5, 0xC5, 0x7C, 0xD7, 0xFA, 0xDD, 0xD8, 0xDD, 0x4F, 0x84, 0xFD, 0xDF,
    0x00, 0x00, 0x00, 0x00, 0x00, 0x00, 0x00, 0x00, 0x00, 0x00, 0x00, 0x00, 0x00, 0x00, 0x00, 0x00,
    0x00, 0x00, 0x00, 0xF0, 0x00, 0x00, 0x00, 0xF0, 0x00, 0x00, 0x00, 0xDF, 0x00, 0x00, 0x00, 0x4F,
    0x00, 0x00, 0x7A, 0x22, 0x00, 0xF0, 0xDD, 0xAA, 0x00, 0xDF, 0xDD, 0xDD, 0xFF, 0xDD, 0xD4, 0xDD,
    0x8D, 0x84, 0xDC, 0x4D, 0xC4, 0xCC, 0xCC, 0x8D, 0xC8, 0xCC, 0xCC, 0xF4, 0xCD, 0xCC, 0xDC, 0xF8,
    0xE7, 0xE8, 0xB4, 0xBB, 0x8E, 0x41, 0x0E, 0xDF, 0xED, 0xEE, 0x00, 0xF0, 0xFD, 0x00, 0x00, 0x00,
    0xF8, 0x00, 0x00, 0x00, 0x0F, 0x00, 0x00, 0x00, 0x00, 0x00, 0x00, 0x00, 0x00, 0x00, 0x00, 0x00,
    0xDC, 0xDD, 0xCC, 0xFD, 0xFF, 0x7A, 0xFF, 0xFC, 0x7F, 0x53, 0xB7, 0x0F, 0xA0, 0x33, 0xB7, 0x00,
    0xBA, 0x57, 0x5B, 0x0B, 0x57, 0x7A, 0x2A, 0x0A, 0x5A, 0xFB, 0x27, 0x0F, 0x7F, 0xA5, 0xD5, 0x0F,
    0x00, 0x00, 0x00, 0x8F, 0x00, 0x00, 0x00, 0xF0, 0x00, 0x00, 0x00, 0x00, 0x00, 0x00, 0x00, 0x00,
    0x00, 0x00, 0x00, 0x00, 0x00, 0x00, 0x00, 0x00, 0x00, 0x00, 0x00, 0x00, 0x00, 0x00, 0x00, 0x00,
    0xD4, 0xDD, 0x4D, 0x0F, 0x8F, 0x84, 0x84, 0x0F, 0xF0, 0xFF, 0xFF, 0x00, 0x00, 0x00, 0x00, 0x00,
    0x00, 0x00, 0x00, 0x00, 0x00, 0x00, 0x00, 0x00, 0x00, 0x00, 0x00, 0x00, 0x00, 0x00, 0x00, 0x00,
    0x00, 0x00, 0x00, 0x00, 0x00, 0x00, 0x00, 0xF0, 0x00, 0x00, 0x00, 0xF0, 0x00, 0x00, 0x00, 0xF0,
    0x00, 0x00, 0x00, 0xF0, 0x00, 0x00, 0x00, 0xF0, 0x00, 0x00, 0x00, 0xF0, 0x00, 0x00, 0x00, 0xF0,
    0xDF, 0x8D, 0xDD, 0x0F, 0xDD, 0x4D, 0xDD, 0x0F, 0xDF, 0x8C, 0xCC, 0xFD, 0xCD, 0x4C, 0xCC, 0xFC,
    0xCD, 0xCC, 0xC8, 0xCC, 0xDD, 0xCC, 0xC4, 0xDC, 0xD4, 0xDD, 0xD8, 0x8D, 0x48, 0x48, 0x48, 0x48,
    0x00, 0x00, 0xB0, 0xBB, 0x00, 0x00, 0xAB, 0x65, 0x00, 0x00, 0xBB, 0x5A, 0x00, 0x00, 0x00, 0xAB,
    0x00, 0x00, 0xB0, 0xBB, 0x00, 0x00, 0xAB, 0x5A, 0x00, 0x00, 0x5B, 0xAA, 0x00, 0xB0, 0xA5, 0x5A,
    0x00, 0x00, 0x0B, 0x00, 0x0B, 0xB0, 0xBA, 0x00, 0xB6, 0xBB, 0xAB, 0x0B, 0x65, 0xA5, 0x6A, 0xBA,
    0x5A, 0x56, 0x5A, 0xA6, 0xA5, 0x55, 0x65, 0x65, 0x55, 0xAA, 0x65, 0x66, 0x5A, 0x55, 0x66, 0x56,
    0x00, 0xB0, 0xBB, 0xAA, 0x00, 0x00, 0x00, 0x6B, 0x00, 0x00, 0x00, 0x5B, 0x00, 0x00, 0x00, 0x6B,
    0x00, 0x00, 0x00, 0xBB, 0x00, 0x00, 0x00, 0xA0, 0x00, 0x00, 0x00, 0xA0, 0x00, 0x00, 0x00, 0x00,
    0xA5, 0x5A, 0x66, 0x66, 0xA5, 0xA6, 0x66, 0x66, 0xAA, 0x6A, 0xB5, 0x66, 0xBB, 0xB5, 0x56, 0x6B,
    0x57, 0xBB, 0x56, 0x6B, 0x33, 0x88, 0x6B, 0xB6, 0x35, 0x18, 0xB5, 0xBB, 0x5A, 0x53, 0xB7, 0xB5,
    0x00, 0x00, 0x00, 0x00, 0x00, 0x00, 0x00, 0x00, 0x00, 0x00, 0x00, 0x00, 0xBB, 0x00, 0x00, 0x00,
    0xB6, 0x00, 0x0B, 0x00, 0x6A, 0xBB, 0xB6, 0x00, 0x55, 0x66, 0xB6, 0x00, 0x55, 0x66, 0x0B, 0x00,
    0x65, 0x65, 0xB6, 0x00, 0x66, 0x6A, 0x55, 0x0B, 0x56, 0xA6, 0xAA, 0xB6, 0x56, 0x56, 0xB5, 0xBA,
    0xA6, 0xA5, 0x6A, 0x0B, 0xA6, 0x5A, 0xA6, 0x0B, 0xA6, 0x65, 0xBA, 0x00, 0xB6, 0xDB, 0xDB, 0x00,
    0x00, 0x00, 0x00, 0x00, 0x00, 0x00, 0x00, 0x00, 0x00, 0x00, 0x00, 0x00, 0x00, 0x00, 0x00, 0x00,
    0x00, 0x00, 0x00, 0x00, 0x00, 0x00, 0x00, 0x00, 0x00, 0x00, 0x00, 0x00, 0x00, 0xE0, 0x0E, 0x00,
    0x00, 0x8E, 0xE1, 0x0E, 0x00, 0x4E, 0xE1, 0xE4, 0xE0, 0x18, 0x14, 0x81, 0xE0, 0x88, 0x48, 0x41,
    0x4E, 0x48, 0x44, 0x88, 0x8E, 0x48, 0x11, 0x11, 0xE0, 0xEE, 0x8E, 0x48, 0x00, 0x00, 0xE0, 0xEE,
    0x00, 0x00, 0x00, 0x00, 0x00, 0x00, 0x00, 0x00, 0x00, 0x00, 0x00, 0x00, 0x00, 0x00, 0x00, 0x00,
    0x0F, 0x00, 0x00, 0x00, 0x0F, 0x00, 0x00, 0x00, 0x00, 0x00, 0x00, 0x00, 0x00, 0x00, 0x00, 0x00,
    0x00, 0x00, 0x00, 0x00, 0x00, 0x00, 0x00, 0x00, 0x00, 0x00, 0x00, 0x00, 0x0F, 0x00, 0x00, 0x00,
    0x0F, 0x00, 0x00, 0x00, 0x0F, 0x00, 0x00, 0x00, 0x0F, 0x00, 0x00, 0x00, 0x0F, 0x00, 0x00, 0x00,
    0x00, 0x00, 0x00, 0x00, 0x00, 0x00, 0x00, 0x00, 0x00, 0x00, 0x00, 0x00, 0x00, 0x00, 0x00, 0x00,
    0x0F, 0x00, 0x00, 0x00, 0x0F, 0x00, 0x00, 0x00, 0x0F, 0x00, 0x00, 0x00, 0x0F, 0x00, 0x00, 0x00,
    0xFF, 0xFF, 0xFF, 0xFF, 0x00, 0x00, 0x00, 0x00, 0x00, 0x00, 0x00, 0x00, 0x00, 0x00, 0x00, 0x00,
    0x00, 0x00, 0x00, 0x00, 0x00, 0x00, 0x00, 0x00, 0x00, 0x00, 0x00, 0x00, 0x00, 0x00, 0x00, 0x00,
};
static const u16 sFrame25[] = {
    0x0007, 0x00DF, 0x81E9, 0x0000, 0x00CF, 0x41F1, 0x0010, 0x80CF, 0x0001, 0x0014, 0x80D7, 0x01E1,
    0x0016, 0x80DF, 0x0009, 0x0018, 0x00F7, 0x0009, 0x001A, 0x00FF, 0x0001, 0x001B, 0x0000,
};
static const void* const sFrames25[] = { sFrame25 };
static const u8 sTiles26[832] __attribute__((aligned(4))) = {
    0x00, 0x00, 0x00, 0xF0, 0x00, 0x00, 0x00, 0x00, 0x00, 0x00, 0x00, 0xFF, 0x00, 0x00, 0xF0, 0xC2,
    0x00, 0x00, 0xDF, 0x5C, 0x00, 0xF0, 0x8D, 0xCD, 0x00, 0xD0, 0xDF, 0x88, 0x00, 0xB0, 0x77, 0xCF,
    0x11, 0xF1, 0xCD, 0xDC, 0xFF, 0xDF, 0xDD, 0xFF, 0xCD, 0x99, 0xDD, 0xFD, 0x9C, 0xF7, 0xD9, 0x5D,
    0x79, 0x7F, 0xD9, 0x2F, 0xF9, 0xF7, 0x79, 0xDF, 0x9D, 0x99, 0xDD, 0xDF, 0x48, 0xDD, 0xFD, 0xF0,
    0x5F, 0xCC, 0xFF, 0x00, 0xC2, 0xCC, 0x8C, 0x0F, 0xC7, 0xCC, 0xD8, 0x0F, 0xDD, 0xCC, 0xC8, 0x0F,
    0xDD, 0x8D, 0xCD, 0x0F, 0xDD, 0x8D, 0xCD, 0x75, 0xDD, 0xF8, 0xFC, 0x53, 0xFF, 0xCF, 0xFD, 0x35,
    0x00, 0x00, 0x00, 0x00, 0x00, 0x00, 0x00, 0x00, 0x00, 0x00, 0x00, 0x00, 0x00, 0x00, 0x00, 0x00,
    0x00, 0x00, 0x00, 0x00, 0x00, 0x00, 0x00, 0x00, 0x07, 0x70, 0x07, 0x00, 0x75, 0x2B, 0x75, 0x07,
    0x00, 0x00, 0x57, 0xF5, 0x00, 0x00, 0xB0, 0x7B, 0x00, 0x00, 0x00, 0xB0, 0x00, 0x00, 0x00, 0x00,
    0x00, 0x00, 0x00, 0x00, 0x00, 0x00, 0x00, 0x00, 0x00, 0x00, 0x00, 0x00, 0x00, 0x00, 0x00, 0xF0,
    0xFF, 0x44, 0xF4, 0x0F, 0x55, 0xFF, 0x5F, 0xFD, 0x7B, 0x57, 0x52, 0xDD, 0x70, 0x25, 0x75, 0xDD,
    0xF0, 0x57, 0xD7, 0xDD, 0x00, 0x4F, 0xDD, 0xDD, 0xFF, 0xD4, 0xDD, 0xDD, 0x4D, 0xDC, 0xDD, 0xDD,
    0x00, 0xFF, 0x7F, 0x35, 0xFF, 0x00, 0x00, 0x57, 0xDD, 0x0F, 0x00, 0x70, 0xDC, 0xF8, 0x00, 0x00,
    0xDC, 0xF8, 0x00, 0x00, 0x4D, 0xF8, 0x00, 0x00, 0x4D, 0x0F, 0x00, 0x00, 0xF8, 0x00, 0x00, 0xF0,
    0x53, 0x57, 0x52, 0xFB, 0x55, 0x75, 0x52, 0xDB, 0x77, 0x7B, 0x55, 0xDD, 0xB0, 0x55, 0xD5, 0xDD,
    0x00, 0xBB, 0xDD, 0xDD, 0xF0, 0x4F, 0xDD, 0xDD, 0xCF, 0xD8, 0xDD, 0xDD, 0xCC, 0xC4, 0xDD, 0xDD,
    0x00, 0x00, 0x00, 0x6B, 0x00, 0x00, 0x00, 0xB0, 0x00, 0x6B, 0xB6, 0xBB, 0x00, 0xB0, 0x56, 0x65,
    0xE0, 0xEE, 0x6B, 0x55, 0x4E, 0x18, 0xB4, 0x6B, 0xE0, 0x8E, 0x6B, 0xA6, 0x40, 0xBE, 0x65, 0x56,
    0xBB, 0x00, 0x00, 0x00, 0xB5, 0xBB, 0x00, 0x00, 0x56, 0xB6, 0xB6, 0x0B, 0x6A, 0xB5, 0x66, 0x66,
    0xA6, 0x66, 0x66, 0x66, 0xA6, 0x6A, 0x66, 0x55, 0x6A, 0x66, 0x66, 0x56, 0x66, 0x66, 0x66, 0x66,
    0x88, 0x60, 0xBB, 0x65, 0x08, 0xB0, 0xB0, 0xB5, 0x04, 0x00, 0xB7, 0xB6, 0x08, 0x70, 0xB2, 0x7B,
    0x08, 0xB0, 0x55, 0x37, 0x80, 0xB0, 0x57, 0x57, 0x40, 0x88, 0xBB, 0x75, 0x00, 0x88, 0x84, 0x55,
    0x6B, 0x65, 0x6A, 0x66, 0xB7, 0x56, 0xA6, 0x65, 0x57, 0x5B, 0xA5, 0x56, 0xB3, 0xB7, 0x56, 0x6B,
    0x83, 0x58, 0xBB, 0x6B, 0x83, 0x51, 0x77, 0xBB, 0x35, 0x75, 0x7B, 0x7B, 0x77, 0xB7, 0x5B, 0xFF,
    0x00, 0x00, 0xF0, 0xBB, 0x00, 0x00, 0x00, 0x8F, 0x00, 0x00, 0x00, 0xF0, 0x00, 0x00, 0x00, 0x00,
    0x00, 0x00, 0x00, 0x00, 0x00, 0x00, 0x00, 0x00, 0x00, 0x00, 0x00, 0x00, 0x00, 0x00, 0x00, 0x00,
    0xB5, 0xDB, 0xDD, 0x88, 0xFB, 0xDD, 0x8D, 0x44, 0xFB, 0xDD, 0x48, 0x44, 0xF0, 0xDD, 0x8D, 0x44,
    0x00, 0xFF, 0xDD, 0x88, 0x00, 0x00, 0xFF, 0xDD, 0x00, 0x00, 0x00, 0xDF, 0x00, 0x00, 0x00, 0xDF,
    0xDD, 0xFF, 0x0F, 0x00, 0xF8, 0xDD, 0xFF, 0xFF, 0x84, 0xDD, 0xFD, 0xDD, 0xD8, 0xDD, 0xDD, 0xDD,
    0xDD, 0xDD, 0xDD, 0x88, 0xDD, 0xDD, 0x4D, 0xFF, 0xDD, 0xDD, 0xF4, 0xDD, 0xDD, 0x4D, 0xDF, 0xDC,
    0x00, 0x00, 0x00, 0x00, 0x0F, 0x00, 0x00, 0x00, 0xF8, 0x00, 0x00, 0x00, 0xF8, 0x00, 0x00, 0x00,
    0x0F, 0x00, 0x00, 0x00, 0x00, 0x00, 0x00, 0x00, 0x0F, 0x00, 0x00, 0x00, 0xFF, 0xFF, 0x00, 0x00,
    0x00, 0x00, 0x00, 0xDF, 0x00, 0x00, 0x00, 0xCF, 0x00, 0x00, 0x00, 0xCF, 0x00, 0x00, 0x00, 0xDF,
    0x00, 0x00, 0x00, 0xF0, 0x00, 0x00, 0x00, 0x00, 0x00, 0x00, 0x00, 0x00, 0x00, 0x00, 0x00, 0x00,
    0x8C, 0xCC, 0xDC, 0x8D, 0xC4, 0xCC, 0xDC, 0xF4, 0xC4, 0xCC, 0xDD, 0xF8, 0xC8, 0xDC, 0x8D, 0x0F,
    0x4F, 0x48, 0xF8, 0x00, 0xF0, 0xFF, 0x0F, 0x00, 0x00, 0x00, 0x00, 0x00, 0x00, 0x00, 0x00, 0x00,
    0x0F, 0x00, 0x00, 0xF0, 0x00, 0x00, 0x00, 0xF0, 0x00, 0x00, 0x00, 0xF0, 0x00, 0x00, 0x00, 0x00,
    0x00, 0x00, 0x00, 0x00, 0x00, 0x00, 0x00, 0x00, 0x00, 0x00, 0x00, 0x00, 0x00, 0x00, 0x00, 0x00,
    0x8C, 0xCC, 0xDD, 0x8D, 0x4D, 0xCC, 0xDC, 0x4D, 0xD4, 0xCC, 0x8D, 0xF8, 0x4F, 0x84, 0x88, 0x0F,
    0xF0, 0xFF, 0xFF, 0x00, 0x00, 0x00, 0x00, 0x00, 0x00, 0x00, 0x00, 0x00, 0x00, 0x00, 0x00, 0x00,
    0x00, 0x00, 0x00, 0x00, 0x00, 0x00, 0x00, 0x00, 0x00, 0x00, 0x00, 0x00, 0x0B, 0x00, 0x00, 0x00,
    0xB5, 0x00, 0x00, 0x00, 0x56, 0x0B, 0x00, 0x33, 0x55, 0xBB, 0x33, 0x12, 0x66, 0x66, 0xBB, 0x21,
    0x00, 0x00, 0x00, 0x00, 0x00, 0x00, 0x00, 0x33, 0x00, 0x00, 0x33, 0x12, 0x00, 0x33, 0x12, 0x33,
    0x33, 0x22, 0x33, 0x12, 0x12, 0x21, 0x12, 0x32, 0x21, 0x32, 0x23, 0x21, 0x22, 0x00, 0x30, 0x32,
    0xFF, 0x00, 0x00, 0x00, 0xDC, 0x0F, 0x00, 0x00, 0xCC, 0xF8, 0x00, 0x00, 0xDC, 0xF8, 0x00, 0x00,
    0x4D, 0xF8, 0x00, 0x00, 0x8D, 0xFD, 0x00, 0x00, 0xD8, 0x0F, 0x00, 0x00, 0xF4, 0x00, 0x00, 0x00,
    0x0F, 0x00, 0x00, 0x00, 0x0F, 0x00, 0x00, 0x00, 0x00, 0x00, 0x00, 0x00, 0x00, 0x00, 0x00, 0x00,
    0x00, 0x00, 0x00, 0x00, 0x00, 0x00, 0x00, 0x00, 0x00, 0x00, 0x00, 0x00, 0x00, 0x00, 0x00, 0x00,
    0x33, 0x00, 0x00, 0x00, 0x22, 0x03, 0x00, 0x00, 0x33, 0x32, 0x00, 0x00, 0x21, 0x21, 0x03, 0x00,
    0x31, 0x22, 0x03, 0x00, 0x33, 0x33, 0x00, 0x00, 0x33, 0x00, 0x00, 0x00, 0x00, 0x00, 0x00, 0x00,
    0x66, 0x55, 0xB6, 0x22, 0xA5, 0x65, 0x2B, 0x00, 0xA5, 0xB6, 0x00, 0x00, 0xA5, 0xB6, 0x0B, 0x00,
    0xBB, 0xDB, 0xFD, 0x00, 0xF7, 0xDD, 0xDD, 0x0F, 0xFF, 0xDD, 0xDD, 0x0F, 0xDD, 0xDD, 0xFD, 0x00,
};
static const u16 sFrame26[] = {
    0x0008, 0x40EA, 0x81EF, 0x0000, 0x00D2, 0x41E7, 0x0008, 0x40E2, 0x41E7, 0x000C, 0x40FA, 0x41EF,
    0x0010, 0x40D2, 0x01F7, 0x0014, 0x80F2, 0x000F, 0x0016, 0x00D2, 0x0007, 0x0018, 0x00DA, 0x01F7,
    0x0019, 0x0000,
};
static const void* const sFrames26[] = { sFrame26 };
static const u8 sTiles27[1120] __attribute__((aligned(4))) = {
    0x00, 0x00, 0x00, 0x00, 0x00, 0x00, 0x00, 0x00, 0x00, 0x00, 0x00, 0x00, 0x00, 0x00, 0x00, 0x00,
    0x00, 0x00, 0x00, 0x22, 0x00, 0x00, 0x20, 0x22, 0x00, 0x00, 0x22, 0x22, 0x00, 0x22, 0x22, 0x12,
    0x00, 0x00, 0x00, 0x00, 0x00, 0x00, 0x00, 0x20, 0x00, 0x22, 0x22, 0x22, 0x20, 0x22, 0x11, 0x11,
    0x22, 0x12, 0x11, 0x11, 0x12, 0x11, 0x11, 0x11, 0x11, 0x11, 0x11, 0x11, 0x11, 0x11, 0x11, 0x11,
    0x00, 0x00, 0xBB, 0x22, 0x22, 0xBB, 0x6B, 0xBB, 0x12, 0x6B, 0x6B, 0x65, 0x11, 0xA1, 0xA6, 0x56,
    0xB1, 0x56, 0xAA, 0x56, 0x11, 0x6B, 0x65, 0x5A, 0x11, 0xB2, 0xA6, 0x6A, 0x21, 0x22, 0x6B, 0x65,
    0xBB, 0x66, 0xBB, 0x22, 0x66, 0x56, 0x65, 0xB6, 0x6A, 0x6A, 0x56, 0x65, 0xA6, 0x66, 0x66, 0x65,
    0xA5, 0x66, 0x55, 0x66, 0x66, 0x66, 0x66, 0x66, 0x66, 0x66, 0xA6, 0x6A, 0x6B, 0x6A, 0x66, 0xA5,
    0x20, 0x22, 0x12, 0x11, 0x22, 0x22, 0x11, 0x11, 0x22, 0x12, 0x11, 0x11, 0x22, 0x11, 0x11, 0x11,
    0x12, 0x11, 0x11, 0x11, 0x11, 0x11, 0x11, 0x11, 0x11, 0x11, 0x11, 0x11, 0x11, 0x11, 0x11, 0x11,
    0x11, 0x11, 0x11, 0x11, 0x11, 0x11, 0x11, 0x22, 0x11, 0x11, 0x21, 0x22, 0x11, 0x11, 0x21, 0x22,
    0x11, 0x11, 0x22, 0x22, 0x11, 0x11, 0x22, 0x22, 0x11, 0x21, 0x22, 0x22, 0x11, 0x21, 0x22, 0x22,
    0x22, 0x22, 0x56, 0xB6, 0x22, 0xB2, 0xB6, 0x7B, 0x22, 0xB2, 0x7B, 0x37, 0x22, 0x33, 0x70, 0x35,
    0x22, 0x03, 0x00, 0x57, 0x32, 0x03, 0x00, 0x7F, 0x32, 0x00, 0x00, 0x4F, 0x32, 0x00, 0x00, 0xDF,
    0x5B, 0xA6, 0x55, 0x66, 0xB6, 0x65, 0x6A, 0x55, 0xBB, 0x56, 0xAB, 0x5A, 0x88, 0x5B, 0x5B, 0xB6,
    0x18, 0x65, 0xBB, 0xD6, 0x55, 0xB7, 0x87, 0xDB, 0x77, 0x7B, 0x87, 0xFF, 0xF4, 0x5F, 0xFF, 0x57,
    0x11, 0x11, 0x11, 0x11, 0x11, 0x11, 0x11, 0x11, 0x12, 0x11, 0x11, 0x11, 0x22, 0x22, 0x11, 0x11,
    0x22, 0x22, 0x22, 0x22, 0x23, 0x22, 0x22, 0x22, 0x32, 0x33, 0x33, 0x33, 0x23, 0x22, 0x12, 0x11,
    0x11, 0x22, 0x22, 0x22, 0x11, 0x22, 0x22, 0x22, 0x11, 0x22, 0x22, 0x22, 0x11, 0x22, 0x22, 0x22,
    0x22, 0x22, 0x22, 0x22, 0x22, 0x33, 0x33, 0x33, 0x22, 0x22, 0x12, 0x21, 0x11, 0x11, 0x21, 0x32,
    0x33, 0x00, 0xF0, 0xFD, 0x03, 0x70, 0x77, 0xF5, 0x03, 0x57, 0xF2, 0x8F, 0xB3, 0x25, 0x4F, 0x18,
    0xB3, 0x77, 0xF8, 0xFF, 0x33, 0x25, 0xFB, 0x41, 0x88, 0x7B, 0x75, 0x45, 0x38, 0x57, 0x72, 0x73,
    0x1F, 0xF4, 0x77, 0x35, 0x8F, 0xF1, 0x35, 0x53, 0x52, 0x44, 0x5F, 0x77, 0x84, 0x1F, 0xBF, 0xFB,
    0x48, 0x48, 0x2F, 0x85, 0x88, 0xFF, 0x55, 0x47, 0x14, 0xF4, 0x77, 0xFB, 0x53, 0x77, 0x25, 0xD7,
    0x11, 0x11, 0x21, 0x22, 0x32, 0x33, 0x33, 0x33, 0x03, 0x00, 0x00, 0x00, 0x00, 0x00, 0x00, 0x00,
    0x00, 0x00, 0x00, 0x00, 0x00, 0x00, 0x00, 0x00, 0x00, 0x00, 0x00, 0x00, 0x00, 0x00, 0x00, 0x00,
    0x32, 0x33, 0x33, 0x33, 0x03, 0x00, 0x00, 0x00, 0x00, 0x00, 0x00, 0x00, 0x00, 0x00, 0x00, 0x00,
    0x00, 0x00, 0x00, 0x00, 0x00, 0x00, 0x00, 0x00, 0x00, 0x00, 0x00, 0x00, 0x00, 0x00, 0x00, 0x00,
    0x33, 0x7B, 0x25, 0x22, 0x00, 0xB0, 0x57, 0x77, 0x00, 0x00, 0xBB, 0xBB, 0x00, 0x00, 0x00, 0x3B,
    0x00, 0x00, 0x00, 0x5B, 0x00, 0x00, 0x00, 0x70, 0x00, 0x00, 0x00, 0x00, 0x00, 0x00, 0x00, 0x00,
    0x22, 0x22, 0x52, 0x5B, 0x77, 0x77, 0x75, 0xDB, 0xBB, 0xBB, 0xBB, 0xDD, 0xF7, 0x8C, 0xDD, 0xDD,
    0xF3, 0xDC, 0x48, 0xF4, 0x55, 0xCF, 0xFF, 0x0F, 0x57, 0xF7, 0x00, 0x00, 0x5B, 0xF7, 0x07, 0x00,
    0xF7, 0xDF, 0xF8, 0x00, 0xFF, 0x8D, 0x0F, 0x00, 0xFD, 0xFD, 0x00, 0x00, 0xDF, 0xFF, 0xFF, 0x00,
    0x48, 0x88, 0xD4, 0xFF, 0xFF, 0xFD, 0x88, 0xFF, 0xDF, 0xED, 0x8C, 0x8F, 0xDD, 0x1E, 0x4E, 0x8F,
    0x00, 0x00, 0x00, 0x00, 0x00, 0x00, 0x00, 0x00, 0x00, 0x00, 0x00, 0x00, 0x00, 0x00, 0x00, 0x00,
    0x00, 0x00, 0x00, 0xF0, 0x0F, 0x00, 0x00, 0xDF, 0x0F, 0x00, 0xF7, 0xDC, 0x0F, 0x70, 0x55, 0x8C,
    0xED, 0xE8, 0x8E, 0x8F, 0xE2, 0x81, 0xE4, 0xF8, 0xEF, 0x84, 0xEE, 0xFC, 0xFF, 0xEE, 0xC8, 0x7F,
    0x00, 0xFF, 0xDD, 0x7F, 0x00, 0xF0, 0xFF, 0x00, 0x00, 0x00, 0x00, 0x00, 0x00, 0x00, 0x00, 0x00,
    0x0F, 0x2B, 0xD2, 0xCD, 0x77, 0x5B, 0x52, 0xDD, 0x33, 0xB5, 0x25, 0xDD, 0x75, 0xB7, 0x55, 0xDF,
    0x0B, 0x00, 0xBB, 0x00, 0x00, 0x00, 0x00, 0x00, 0x00, 0x00, 0x00, 0x00, 0x00, 0x00, 0x00, 0x00,
    0x00, 0x00, 0x00, 0x00, 0x00, 0x00, 0x00, 0xB0, 0xFF, 0xFF, 0x0F, 0xB0, 0x84, 0x84, 0xF8, 0xFF,
    0xC4, 0xCC, 0x4C, 0x88, 0xD8, 0xCC, 0xCC, 0xDC, 0x8D, 0xCD, 0xCC, 0xDD, 0x4D, 0xDD, 0xDD, 0xDD,
    0x7B, 0x57, 0x72, 0x00, 0x27, 0x22, 0xB5, 0x00, 0x25, 0x55, 0xB5, 0x00, 0x8D, 0xD7, 0xDD, 0x0F,
    0xD8, 0xDD, 0xCD, 0x0F, 0xDD, 0xDD, 0xDD, 0x0F, 0xDD, 0xDD, 0x88, 0x0F, 0xDD, 0x84, 0xD8, 0x0F,
    0xDF, 0xD8, 0xDD, 0x48, 0xF0, 0x4D, 0x88, 0xFD, 0x00, 0xFF, 0xFF, 0x0F, 0x00, 0x00, 0x00, 0x00,
    0x00, 0x00, 0x00, 0x00, 0x00, 0x00, 0x00, 0x00, 0x00, 0x00, 0x00, 0x00, 0x00, 0x00, 0x00, 0x00,
    0x88, 0xFF, 0xFF, 0x00, 0xFF, 0x00, 0x00, 0x00, 0x00, 0x00, 0x00, 0x00, 0x00, 0x00, 0x00, 0x00,
    0x00, 0x00, 0x00, 0x00, 0x00, 0x00, 0x00, 0x00, 0x00, 0x00, 0x00, 0x00, 0x00, 0x00, 0x00, 0x00,
    0x32, 0x33, 0x33, 0x33, 0x22, 0x32, 0x33, 0x33, 0x3B, 0x03, 0x00, 0x00, 0xB6, 0x0B, 0x00, 0x00,
    0x56, 0xB5, 0x00, 0x00, 0x55, 0xB6, 0x00, 0x00, 0x65, 0x0B, 0x00, 0x00, 0x66, 0x0B, 0x00, 0x00,
    0x33, 0x03, 0x00, 0x00, 0x03, 0x00, 0x00, 0x00, 0x00, 0x00, 0x00, 0x00, 0x00, 0x00, 0x00, 0x00,
    0x00, 0x00, 0x00, 0x00, 0x00, 0x00, 0x00, 0x00, 0x00, 0x00, 0x00, 0x00, 0x00, 0x00, 0x00, 0x00,
    0x84, 0xFD, 0xFD, 0x0F, 0xDD, 0xF4, 0xDD, 0xFD, 0xDD, 0x8D, 0xDD, 0xDD, 0xDD, 0x4D, 0xDD, 0xDD,
    0xDD, 0xDD, 0xD8, 0xDD, 0xDF, 0xDD, 0xD8, 0xDD, 0xCF, 0xDD, 0xD8, 0xFD, 0xCF, 0xDC, 0x4D, 0xFD,
    0x00, 0x00, 0x00, 0x00, 0x00, 0x00, 0x00, 0x00, 0x0F, 0x00, 0x00, 0x00, 0x0F, 0x00, 0x00, 0x00,
    0x0F, 0x00, 0x00, 0x00, 0x0F, 0x00, 0x00, 0x00, 0x00, 0x00, 0x00, 0x00, 0x00, 0x00, 0x00, 0x00,
    0x00, 0x00, 0x00, 0x00, 0x00, 0x00, 0x00, 0x20, 0x00, 0x00, 0x00, 0x22, 0x00, 0x00, 0x20, 0x22,
    0x00, 0x00, 0x22, 0x22, 0x00, 0x20, 0x22, 0x22, 0x00, 0x20, 0x22, 0x12, 0x00, 0x22, 0x22, 0x11,
    0x20, 0x22, 0x22, 0x11, 0x20, 0x22, 0x22, 0x12, 0x22, 0x22, 0x22, 0x22, 0x22, 0x22, 0x22, 0x22,
    0x22, 0x22, 0x22, 0x33, 0x32, 0x32, 0x33, 0x11, 0x23, 0x31, 0x21, 0x23, 0x23, 0x33, 0x32, 0x33,
    0xBB, 0x00, 0x00, 0x00, 0xB6, 0x00, 0x00, 0x00, 0x65, 0x0B, 0x00, 0x00, 0xBB, 0x0B, 0x00, 0x00,
    0xDD, 0xF0, 0x00, 0x00, 0xDD, 0x8F, 0x0F, 0x00, 0xDF, 0xDF, 0xF8, 0x00, 0xF7, 0xDF, 0xF8, 0x00,
    0x00, 0x00, 0x00, 0x00, 0x00, 0x00, 0x00, 0x00, 0x00, 0x00, 0x00, 0x00, 0x00, 0x00, 0x00, 0x00,
    0xFF, 0x0F, 0x00, 0x00, 0xD8, 0xFD, 0x00, 0x00, 0xD8, 0xFD, 0x00, 0x00, 0xD8, 0xFD, 0x0F, 0x00,
    0x23, 0x22, 0x12, 0x11, 0x23, 0x11, 0x21, 0x22, 0x30, 0x33, 0x33, 0x33, 0x00, 0x00, 0x00, 0x00,
    0x00, 0x00, 0x00, 0x00, 0x00, 0x00, 0x00, 0x00, 0x00, 0x00, 0x00, 0x00, 0x00, 0x00, 0x00, 0x00,
    0x00, 0x00, 0x00, 0x00, 0x00, 0x00, 0x00, 0x00, 0x00, 0x00, 0x00, 0x00, 0x00, 0x00, 0x00, 0xF0,
    0x00, 0x00, 0x00, 0xF0, 0x00, 0x00, 0x00, 0xF0, 0x00, 0x00, 0x00, 0xF0, 0x00, 0x00, 0x00, 0xF0,
    0xF0, 0xCC, 0x8D, 0x0F, 0x00, 0xFF, 0xFF, 0x00, 0x00, 0x00, 0x00, 0x00, 0x00, 0x00, 0x00, 0x00,
    0x00, 0x00, 0x00, 0x00, 0x00, 0x00, 0x00, 0x00, 0x00, 0x00, 0x00, 0x00, 0x00, 0x00, 0x00, 0x00,
};
static const u16 sFrame27[] = {
    0x000B, 0x00D5, 0x81E4, 0x0000, 0x00E5, 0x4004, 0x0010, 0x00F5, 0x41F4, 0x0014, 0x40D5, 0x0004,
    0x0018, 0x40ED, 0x0014, 0x001A, 0x80DD, 0x01DC, 0x001C, 0x00DD, 0x0004, 0x001E, 0x00E5, 0x0014,
    0x001F, 0x00ED, 0x01DC, 0x0020, 0x00F5, 0x01EC, 0x0021, 0x00F5, 0x0014, 0x0022, 0x0000,
};
static const void* const sFrames27[] = { sFrame27 };
static const u8 sTiles28[992] __attribute__((aligned(4))) = {
    0x00, 0x00, 0x00, 0x00, 0x00, 0x00, 0x00, 0xBB, 0x00, 0x00, 0xB0, 0x66, 0x00, 0xBB, 0x66, 0xAA,
    0x00, 0x00, 0xBB, 0x56, 0x00, 0xB0, 0x56, 0x55, 0x00, 0x00, 0xAB, 0xAA, 0x00, 0xB0, 0x56, 0x6A,
    0xBB, 0x6B, 0xB6, 0x0B, 0x66, 0x66, 0x55, 0xB6, 0xAA, 0x56, 0x65, 0x55, 0x6A, 0xAA, 0x66, 0x56,
    0x55, 0xA6, 0x66, 0x56, 0x65, 0x66, 0x66, 0x65, 0x66, 0x66, 0x66, 0x66, 0xA6, 0x6A, 0x66, 0x66,
    0x00, 0x00, 0x00, 0x00, 0x0B, 0x00, 0x00, 0x00, 0x06, 0x00, 0x00, 0x00, 0xB5, 0x00, 0x00, 0x00,
    0xB6, 0x00, 0x00, 0x00, 0xB6, 0x00, 0x00, 0x00, 0xB5, 0x0B, 0x00, 0x00, 0x6B, 0xFB, 0xFF, 0x00,
    0x00, 0x00, 0x00, 0x00, 0x00, 0x00, 0x00, 0x00, 0x00, 0x00, 0xEE, 0x0E, 0x00, 0xE0, 0x14, 0xE8,
    0x00, 0x48, 0x8E, 0x0E, 0x00, 0x08, 0x00, 0x00, 0x48, 0x00, 0x00, 0x00, 0x08, 0x00, 0x00, 0x00,
    0x00, 0x6B, 0xA6, 0x5A, 0x00, 0xB0, 0xAB, 0x65, 0x00, 0xF0, 0xBD, 0xB6, 0x00, 0x00, 0xDF, 0x7B,
    0x00, 0x00, 0xF0, 0x7D, 0x00, 0x00, 0xF0, 0xDD, 0x00, 0x00, 0x00, 0xDF, 0x00, 0x00, 0x00, 0x8F,
    0x66, 0x6A, 0x66, 0x56, 0x5A, 0x66, 0x5A, 0x66, 0x56, 0x5B, 0xA6, 0x56, 0x6B, 0x6B, 0xA5, 0x6A,
    0xB3, 0xB7, 0x65, 0xBB, 0x57, 0x75, 0x5B, 0x8B, 0x88, 0xB4, 0xB7, 0x8D, 0x44, 0x48, 0x74, 0xD8,
    0xB6, 0xDD, 0x7F, 0x47, 0xB5, 0xDB, 0x5F, 0x73, 0x65, 0xDB, 0xFF, 0xFF, 0x55, 0xD6, 0x4F, 0x11,
    0x6B, 0xB5, 0x8F, 0x84, 0xBD, 0xBB, 0x48, 0x54, 0x4B, 0xB7, 0x8D, 0x48, 0xBD, 0x22, 0xFF, 0x84,
    0x00, 0x00, 0x00, 0x00, 0x00, 0x00, 0x00, 0x00, 0x00, 0x00, 0x00, 0x00, 0x0F, 0x00, 0x00, 0x00,
    0xFF, 0x57, 0x55, 0x00, 0x8D, 0x2F, 0x52, 0x07, 0x48, 0xB1, 0x25, 0x07, 0x84, 0x74, 0x2B, 0x05,
    0x00, 0x00, 0xF0, 0x8D, 0x00, 0x00, 0xF0, 0xD8, 0x00, 0x00, 0xF0, 0xD8, 0x00, 0x00, 0x00, 0x8F,
    0x00, 0x00, 0x00, 0xF0, 0x00, 0x00, 0x00, 0x00, 0x00, 0x00, 0x00, 0xFF, 0x00, 0x00, 0xF0, 0xCD,
    0x44, 0x84, 0x4D, 0xD8, 0x48, 0xD8, 0xDD, 0xDB, 0x8F, 0xDD, 0x77, 0x57, 0xFD, 0x7D, 0x55, 0x75,
    0xF8, 0xBD, 0x57, 0xB7, 0xFF, 0xDF, 0xBD, 0xFB, 0x27, 0xCC, 0xFF, 0xFF, 0xCC, 0xF5, 0x33, 0x33,
    0xBF, 0x25, 0xF5, 0x18, 0x4F, 0x7B, 0x52, 0x77, 0x8F, 0xB1, 0x25, 0x52, 0xF7, 0xF4, 0x57, 0x57,
    0xCB, 0xFF, 0x7B, 0x3B, 0xFF, 0xFF, 0x3F, 0x33, 0x3F, 0x33, 0x33, 0x22, 0x33, 0x22, 0x22, 0x22,
    0x7F, 0x57, 0x5B, 0x72, 0x25, 0xB5, 0x55, 0x75, 0x87, 0xE8, 0xB7, 0xBB, 0x8B, 0x32, 0x8B, 0xDD,
    0x33, 0x22, 0x43, 0xDD, 0x32, 0x12, 0x32, 0xDD, 0x22, 0x23, 0x31, 0xDD, 0x22, 0x22, 0x21, 0x83,
    0x00, 0x00, 0xCF, 0xD8, 0x33, 0x33, 0x33, 0x33, 0x22, 0x22, 0x22, 0x22, 0x22, 0x22, 0x22, 0x22,
    0x22, 0x22, 0x22, 0x22, 0x11, 0x11, 0x11, 0x11, 0x11, 0x11, 0x11, 0x11, 0x11, 0x11, 0x11, 0x11,
    0x3C, 0x33, 0x33, 0x22, 0x33, 0x22, 0x22, 0x22, 0x22, 0x22, 0x22, 0x22, 0x22, 0x22, 0x22, 0x11,
    0x22, 0x11, 0x11, 0x11, 0x11, 0x11, 0x11, 0x11, 0x11, 0x11, 0x11, 0x11, 0x11, 0x11, 0x11, 0x11,
    0x22, 0x22, 0x22, 0x22, 0x22, 0x22, 0x22, 0x12, 0x22, 0x11, 0x11, 0x11, 0x11, 0x11, 0x11, 0x11,
    0x11, 0x11, 0x11, 0x21, 0x11, 0x11, 0x11, 0x21, 0x11, 0x11, 0x11, 0x21, 0x11, 0x11, 0x11, 0x21,
    0x22, 0x32, 0x12, 0x32, 0x22, 0x22, 0x23, 0x31, 0x22, 0x22, 0x33, 0x23, 0x22, 0x32, 0x22, 0x23,
    0x32, 0x23, 0x21, 0x32, 0x32, 0x22, 0x33, 0x21, 0x22, 0x33, 0x22, 0x11, 0x22, 0x32, 0x33, 0x23,
    0x00, 0x00, 0x00, 0x00, 0x00, 0x00, 0x00, 0x00, 0x03, 0x00, 0x00, 0x00, 0x33, 0x00, 0x00, 0x00,
    0x30, 0x03, 0x00, 0x00, 0x30, 0x33, 0x33, 0x00, 0x00, 0x33, 0x32, 0x33, 0x00, 0x30, 0x22, 0x22,
    0x00, 0x00, 0x00, 0x00, 0x00, 0x00, 0x00, 0x00, 0x00, 0x00, 0x00, 0x00, 0x00, 0x00, 0x00, 0x00,
    0x00, 0x00, 0x00, 0x00, 0x00, 0x00, 0x00, 0x00, 0x33, 0x00, 0x00, 0x00, 0x32, 0x33, 0x33, 0x00,
    0x00, 0x30, 0x23, 0x22, 0x00, 0x00, 0x33, 0x12, 0x00, 0x00, 0x00, 0x22, 0x00, 0x00, 0x00, 0x00,
    0x00, 0x00, 0x00, 0x00, 0x00, 0x00, 0x00, 0x00, 0x00, 0x00, 0x00, 0x00, 0x00, 0x00, 0x00, 0x00,
    0x22, 0x22, 0x32, 0x33, 0x21, 0x22, 0x22, 0x22, 0x11, 0x11, 0x22, 0x22, 0x22, 0x11, 0x11, 0x11,
    0x00, 0x22, 0x22, 0x11, 0x00, 0x00, 0x22, 0x22, 0x00, 0x00, 0x00, 0x20, 0x00, 0x00, 0x00, 0x00,
    0x22, 0x22, 0x22, 0x11, 0x22, 0x22, 0x22, 0x22, 0x00, 0x8F, 0x22, 0x22, 0xF0, 0xC4, 0xCC, 0x8C,
    0xD0, 0xD4, 0xCC, 0xCC, 0xF0, 0x8D, 0xCD, 0xCC, 0x00, 0xDF, 0xD4, 0xCC, 0x00, 0xF0, 0x8D, 0xDD,
    0x11, 0x11, 0x11, 0x11, 0x22, 0x22, 0x22, 0x22, 0x22, 0x22, 0x22, 0x22, 0xD8, 0xDD, 0xDD, 0xDC,
    0xDC, 0xDD, 0xDD, 0x8D, 0xDC, 0xDD, 0x8D, 0xD8, 0xDD, 0x8D, 0xF4, 0xFF, 0x4D, 0xF8, 0x0F, 0x00,
    0x00, 0x00, 0xDF, 0x84, 0x00, 0x00, 0xF0, 0xFF, 0x00, 0x00, 0x00, 0x00, 0x00, 0x00, 0x00, 0x00,
    0x00, 0x00, 0x00, 0x00, 0x00, 0x00, 0x00, 0x00, 0x00, 0x00, 0x00, 0x00, 0x00, 0x00, 0x00, 0x00,
    0xF8, 0x0F, 0x00, 0x00, 0x0F, 0x00, 0x00, 0x00, 0x00, 0x00, 0x00, 0x00, 0x00, 0x00, 0x00, 0x00,
    0x00, 0x00, 0x00, 0x00, 0x00, 0x00, 0x00, 0x00, 0x00, 0x00, 0x00, 0x00, 0x00, 0x00, 0x00, 0x00,
    0x11, 0x11, 0x11, 0x22, 0x22, 0x22, 0x22, 0x22, 0x22, 0x22, 0x22, 0x22, 0x0F, 0x22, 0x22, 0x22,
    0x0F, 0x00, 0x00, 0x00, 0x0F, 0x00, 0x00, 0x00, 0x00, 0x00, 0x00, 0x00, 0x00, 0x00, 0x00, 0x00,
    0x22, 0x22, 0x23, 0x21, 0x22, 0x22, 0x33, 0x33, 0x22, 0x22, 0x22, 0x22, 0x22, 0x22, 0x22, 0x00,
    0x00, 0x00, 0x00, 0x00, 0x00, 0x00, 0x00, 0x00, 0x00, 0x00, 0x00, 0x00, 0x00, 0x00, 0x00, 0x00,
    0x00, 0x00, 0x00, 0x00, 0x00, 0x00, 0x00, 0x00, 0x00, 0x00, 0x00, 0x00, 0x0F, 0x00, 0x00, 0x00,
    0xFF, 0xFF, 0xFF, 0x00, 0xFD, 0xDD, 0xDD, 0x0F, 0xFD, 0xDD, 0xDD, 0x0F, 0xFD, 0xDD, 0xDD, 0x0F,
    0xD8, 0xDD, 0xDD, 0x0F, 0x8D, 0xD8, 0xDD, 0x0D, 0xD3, 0x8D, 0xDD, 0x0F, 0x32, 0xDD, 0xD8, 0x0F,
    0x32, 0xCC, 0x8D, 0x0F, 0x23, 0xF3, 0xFF, 0x00, 0x23, 0x32, 0x00, 0x00, 0x22, 0x32, 0x00, 0x00,
    0x33, 0x00, 0x00, 0x00, 0x32, 0x33, 0x33, 0x33, 0x22, 0x22, 0x22, 0x22, 0x21, 0x22, 0x22, 0x22,
    0x11, 0x11, 0x21, 0x22, 0x11, 0x11, 0x11, 0x11, 0x22, 0x12, 0x11, 0x11, 0x20, 0x22, 0x22, 0x12,
    0x00, 0x00, 0x22, 0x22, 0x00, 0x00, 0x00, 0x20, 0x00, 0x00, 0x00, 0x00, 0x00, 0x00, 0x00, 0x00,
    0x00, 0x00, 0x00, 0x00, 0x00, 0x00, 0x00, 0x00, 0x00, 0x00, 0x00, 0x00, 0x00, 0x00, 0x00, 0x00,
    0x23, 0x32, 0x00, 0x00, 0x33, 0x03, 0x00, 0x00, 0x22, 0x00, 0x00, 0x00, 0x00, 0x00, 0x00, 0x00,
    0x00, 0x00, 0x00, 0x00, 0x00, 0x00, 0x00, 0x00, 0x00, 0x00, 0x00, 0x00, 0x00, 0x00, 0x00, 0x00,
};
static const u16 sFrame28[] = {
    0x0007, 0x00D6, 0x81F8, 0x0000, 0x00E6, 0x41E0, 0x0010, 0x00F6, 0x41F8, 0x0014, 0x40F6, 0x0008,
    0x0018, 0x80E6, 0x0018, 0x001A, 0x80EE, 0x01F0, 0x001C, 0x00F6, 0x0018, 0x001E, 0x0000,
};
static const void* const sFrames28[] = { sFrame28 };
static const u8 sTiles29[672] __attribute__((aligned(4))) = {
    0x00, 0x00, 0x00, 0x00, 0x00, 0x00, 0x00, 0x00, 0x00, 0x00, 0x00, 0x00, 0x00, 0x00, 0x00, 0xBB,
    0x00, 0xBB, 0xBB, 0x66, 0x6B, 0x65, 0xA6, 0x6A, 0xB0, 0xA6, 0x6A, 0xA6, 0x00, 0x5B, 0x55, 0xA5,
    0x00, 0x00, 0x00, 0x00, 0x00, 0x00, 0x00, 0x00, 0x00, 0x00, 0x00, 0x00, 0x66, 0xBB, 0x00, 0x00,
    0x56, 0x55, 0xB6, 0x0B, 0x6A, 0x66, 0x55, 0xB6, 0x66, 0x56, 0x65, 0x66, 0x6A, 0x65, 0x66, 0x56,
    0x00, 0x00, 0x00, 0x00, 0x00, 0x00, 0x00, 0x00, 0x00, 0x00, 0x00, 0x00, 0x00, 0x00, 0x00, 0x00,
    0x00, 0x00, 0x00, 0x30, 0x00, 0x00, 0x00, 0x30, 0x00, 0x00, 0x00, 0x00, 0x0B, 0x00, 0x00, 0x00,
    0x00, 0x30, 0x03, 0x00, 0x00, 0x13, 0x32, 0x00, 0x00, 0x33, 0x21, 0x03, 0x33, 0x32, 0x22, 0x33,
    0x32, 0x13, 0x32, 0x22, 0x21, 0x11, 0x23, 0x22, 0x13, 0x22, 0x13, 0x32, 0x23, 0x32, 0x21, 0x03,
    0xB0, 0xAA, 0x56, 0x66, 0x5B, 0xA6, 0xAA, 0x66, 0xB6, 0x6B, 0x65, 0x6A, 0x00, 0x56, 0xA6, 0x6A,
    0xB0, 0xB6, 0x7B, 0xB6, 0xB0, 0x6B, 0x37, 0xBB, 0x00, 0xDF, 0x35, 0xB8, 0x00, 0xDF, 0x57, 0x18,
    0x66, 0x66, 0x66, 0x55, 0x66, 0x66, 0x56, 0x65, 0x6A, 0x66, 0xA5, 0x65, 0x6A, 0x66, 0x66, 0x6A,
    0x65, 0x5A, 0x56, 0x6A, 0xA5, 0x6A, 0x55, 0xB6, 0xB6, 0xA6, 0x56, 0xB6, 0xBB, 0x65, 0x6B, 0xB5,
    0x0B, 0x00, 0x00, 0x00, 0x0B, 0x00, 0x00, 0x00, 0x0B, 0x00, 0x00, 0x00, 0x0B, 0x00, 0x00, 0x00,
    0x00, 0x00, 0x00, 0x20, 0x00, 0x00, 0x00, 0x12, 0x0F, 0x00, 0x20, 0x21, 0xFD, 0x00, 0x22, 0x21,
    0x30, 0x13, 0x32, 0x00, 0x30, 0x12, 0x32, 0x00, 0x22, 0x21, 0x03, 0x00, 0x12, 0x32, 0x00, 0x00,
    0x21, 0x03, 0x00, 0x00, 0x32, 0x00, 0x00, 0x00, 0x03, 0x00, 0x00, 0x00, 0x03, 0x00, 0x00, 0x00,
    0x00, 0x8F, 0x78, 0x55, 0x00, 0x48, 0x84, 0x77, 0x00, 0x48, 0x84, 0x44, 0x00, 0x8F, 0xD8, 0xFD,
    0x00, 0xDF, 0xDD, 0xDD, 0x00, 0xF0, 0xFD, 0xFF, 0xF0, 0xFF, 0x7F, 0x73, 0xDF, 0xD5, 0x7F, 0x35,
    0x77, 0x5B, 0xBB, 0xB7, 0x7B, 0xB7, 0xDB, 0x77, 0x57, 0xF7, 0x7B, 0x22, 0x74, 0x7D, 0x27, 0x52,
    0x4F, 0x57, 0x52, 0xBB, 0xFD, 0xFF, 0xF5, 0xF5, 0x8F, 0x84, 0x8F, 0xF4, 0x1F, 0xF4, 0x48, 0x8F,
    0xCF, 0xC2, 0xFF, 0x77, 0xCF, 0x7C, 0xD5, 0xFD, 0x8F, 0xC8, 0x2D, 0xFF, 0xCF, 0x8D, 0xF8, 0x57,
    0xF0, 0xDC, 0xFD, 0xCC, 0x00, 0xFF, 0x8F, 0xCC, 0x00, 0x00, 0xDF, 0xC8, 0x00, 0x00, 0xDF, 0x8D,
    0x1F, 0x58, 0x81, 0x48, 0x4F, 0xF8, 0x41, 0x18, 0xFD, 0xFF, 0xF8, 0x44, 0xCC, 0x99, 0xFF, 0x7F,
    0x92, 0xF7, 0x79, 0x72, 0x79, 0x7F, 0xB9, 0x55, 0x9C, 0xF7, 0xD9, 0x2B, 0xCC, 0x99, 0xDD, 0xBF,
    0x00, 0x00, 0xCF, 0xDC, 0x00, 0x00, 0xF0, 0xCF, 0x00, 0x00, 0x70, 0xF5, 0x00, 0x00, 0x00, 0x7B,
    0x00, 0x00, 0x00, 0x00, 0x00, 0x00, 0x00, 0x00, 0x00, 0x00, 0x00, 0xF0, 0x00, 0x00, 0x00, 0xCF,
    0x44, 0xDD, 0xFD, 0xDF, 0xCC, 0x44, 0x5F, 0xF5, 0xFF, 0xFF, 0x57, 0x52, 0x77, 0x35, 0x55, 0x27,
    0x77, 0xBB, 0x5B, 0x27, 0x00, 0x00, 0x77, 0x55, 0xFF, 0xFF, 0x5D, 0xD7, 0x84, 0x84, 0xD8, 0xDD,
    0x00, 0x00, 0xF0, 0x4C, 0x00, 0x00, 0xF0, 0xC4, 0x00, 0x00, 0xF0, 0xD8, 0x00, 0x00, 0x00, 0x4F,
    0x00, 0x00, 0x00, 0xF0, 0x00, 0x00, 0x00, 0x00, 0x00, 0x00, 0x00, 0x00, 0x00, 0x00, 0x00, 0x00,
    0xCC, 0xCC, 0xDD, 0xDD, 0xCC, 0xCC, 0xDC, 0xDD, 0xCD, 0xCC, 0xDD, 0x8D, 0x88, 0xDD, 0x8D, 0xF4,
    0x4F, 0x88, 0xF8, 0x0F, 0xF0, 0xFF, 0x0F, 0x00, 0x00, 0x00, 0x00, 0x00, 0x00, 0x00, 0x00, 0x00,
    0xDD, 0x2F, 0x12, 0x32, 0x47, 0x22, 0x21, 0x03, 0x75, 0x28, 0x32, 0x00, 0x57, 0x88, 0x03, 0x00,
    0x25, 0x35, 0x00, 0x00, 0x57, 0x75, 0x0B, 0x00, 0x7B, 0x5B, 0x0B, 0x00, 0xFF, 0x55, 0xB7, 0x00,
    0x57, 0x27, 0xB7, 0x00, 0x37, 0x27, 0xB5, 0x00, 0x75, 0x52, 0xBB, 0x00, 0x57, 0xB2, 0xFD, 0x00,
    0x25, 0xB7, 0x0F, 0x00, 0x52, 0xFB, 0x00, 0x00, 0xB2, 0xF8, 0x00, 0x00, 0x8B, 0x0F, 0x00, 0x00,
    0xD8, 0x0F, 0x00, 0x00, 0xFF, 0x00, 0x00, 0x00, 0x07, 0x00, 0x00, 0x00, 0xF5, 0x00, 0x00, 0x00,
    0xD7, 0x0F, 0x00, 0x00, 0xDD, 0xFC, 0x00, 0x00, 0xDD, 0xFD, 0x00, 0x00, 0xDD, 0xF8, 0x00, 0x00,
    0x8D, 0xF8, 0x00, 0x00, 0xF4, 0x0F, 0x00, 0x00, 0x0F, 0x00, 0x00, 0x00, 0x00, 0x00, 0x00, 0x00,
    0x00, 0x00, 0x00, 0x00, 0x00, 0x00, 0x00, 0x00, 0x00, 0x00, 0x00, 0x00, 0x00, 0x00, 0x00, 0x00,
    0x00, 0x00, 0x00, 0x00, 0x00, 0x00, 0x00, 0x00, 0x00, 0x00, 0x00, 0x00, 0x00, 0x00, 0x00, 0x00,
    0x03, 0x00, 0x00, 0x00, 0x03, 0x00, 0x00, 0x00, 0x00, 0x00, 0x00, 0x00, 0x00, 0x00, 0x00, 0x00,
};
static const u16 sFrame29[] = {
    0x0004, 0x40D2, 0x81F5, 0x0000, 0x80E2, 0x81F5, 0x0008, 0x80E2, 0x4005, 0x0010, 0x00D2, 0x0015,
    0x0014, 0x0000,
};
static const void* const sFrames29[] = { sFrame29 };
static const u8 sTiles30[1184] __attribute__((aligned(4))) = {
    0x00, 0x00, 0x00, 0x22, 0x22, 0x22, 0x22, 0x22, 0x22, 0x12, 0x11, 0x11, 0x11, 0x11, 0x11, 0x11,
    0x11, 0x11, 0x11, 0x21, 0x11, 0x11, 0x22, 0x22, 0x11, 0x22, 0x22, 0x22, 0x22, 0x22, 0x22, 0x22,
    0x22, 0x22, 0xB2, 0x22, 0xB2, 0x11, 0x61, 0x1B, 0x61, 0xBB, 0xA1, 0x65, 0xBB, 0x56, 0xAA, 0xA6,
    0x5B, 0x6A, 0x65, 0x6A, 0xB2, 0xA6, 0x66, 0x66, 0x22, 0x6B, 0x56, 0x66, 0xB2, 0xA6, 0x5A, 0x56,
    0x22, 0x22, 0x22, 0x22, 0x11, 0x11, 0x11, 0x22, 0xBB, 0x1B, 0x11, 0x11, 0x65, 0x65, 0x2B, 0x33,
    0x56, 0x55, 0xB6, 0x33, 0x66, 0x66, 0x66, 0x0B, 0x65, 0x65, 0x55, 0x0B, 0xA5, 0x56, 0x65, 0xB5,
    0x22, 0x22, 0x02, 0x00, 0x22, 0x22, 0x22, 0x33, 0x11, 0x11, 0x21, 0x22, 0x33, 0x33, 0x33, 0x33,
    0x33, 0x33, 0x03, 0x00, 0x00, 0x00, 0x00, 0x00, 0x00, 0x00, 0x00, 0x00, 0x00, 0x00, 0x00, 0x00,
    0x22, 0x22, 0x22, 0x22, 0x22, 0x22, 0x22, 0x33, 0x22, 0x32, 0x33, 0x33, 0x22, 0x33, 0x33, 0x00,
    0x33, 0x33, 0x00, 0x00, 0xFF, 0xFB, 0xF8, 0x00, 0x14, 0x81, 0x15, 0x98, 0x8F, 0x48, 0x1C, 0x58,
    0x5B, 0x65, 0x6A, 0x65, 0xBB, 0x66, 0xA6, 0x56, 0x03, 0xBB, 0x6B, 0xAA, 0x00, 0xB0, 0xA6, 0x76,
    0x00, 0x6B, 0x7B, 0x5B, 0xFF, 0xFD, 0x57, 0xF6, 0xB7, 0xDD, 0xDD, 0x8D, 0x53, 0xDD, 0xDD, 0x48,
    0x65, 0xAA, 0x56, 0xB5, 0xA5, 0x6A, 0xBB, 0x66, 0xA6, 0xB6, 0xBB, 0x0B, 0x6B, 0xDB, 0xCD, 0xFD,
    0xBB, 0xDD, 0xCC, 0xFC, 0xDD, 0xDD, 0xFF, 0xFF, 0xD8, 0xFF, 0xCF, 0x48, 0x84, 0xD8, 0xCC, 0x8C,
    0x0B, 0x00, 0x00, 0x00, 0x0B, 0x00, 0x00, 0x00, 0x00, 0x00, 0x00, 0x97, 0x00, 0x00, 0x90, 0x85,
    0x00, 0x00, 0xF0, 0x48, 0xFF, 0x0F, 0xBB, 0x14, 0xD8, 0xFF, 0x18, 0x4F, 0xD8, 0x5F, 0x95, 0x81,
    0x84, 0xF4, 0x48, 0x9F, 0x48, 0x41, 0x8F, 0x7F, 0x75, 0x95, 0xFB, 0x22, 0x22, 0x22, 0x22, 0x52,
    0x55, 0x75, 0x97, 0x79, 0x99, 0xB9, 0xBB, 0xBB, 0x00, 0x00, 0x00, 0x00, 0x00, 0x00, 0x00, 0xC0,
    0x77, 0xDD, 0xDD, 0x48, 0xDD, 0xDD, 0xDD, 0x8D, 0xFB, 0xDD, 0xFD, 0xDF, 0x09, 0xFF, 0x18, 0xF1,
    0x0B, 0x00, 0x14, 0xF1, 0x00, 0x00, 0xF8, 0x1F, 0xFC, 0xDF, 0xC8, 0xFD, 0xC1, 0x84, 0x2C, 0xC2,
    0x44, 0xD8, 0xCD, 0x8C, 0x88, 0xDD, 0xCD, 0xFD, 0xDD, 0xDD, 0xDD, 0xFD, 0xDD, 0xDD, 0xDD, 0xDD,
    0xDF, 0xDD, 0xDD, 0xDD, 0xD1, 0xDD, 0xDD, 0x8D, 0x11, 0x11, 0x44, 0x44, 0xFD, 0xFF, 0xFF, 0xCD,
    0xDD, 0x9F, 0xF7, 0xF1, 0xFF, 0x0F, 0x4F, 0xF8, 0xFF, 0x00, 0xF0, 0x0F, 0x8F, 0x0F, 0x00, 0x00,
    0x8D, 0x0F, 0x00, 0x00, 0x88, 0x00, 0x00, 0x00, 0xF4, 0x00, 0x00, 0x00, 0x9C, 0x0F, 0x00, 0x00,
    0x00, 0x00, 0x00, 0x8C, 0x00, 0x00, 0x00, 0x1C, 0x00, 0x00, 0x00, 0x4C, 0x00, 0x00, 0x00, 0xC0,
    0x00, 0x00, 0x00, 0x00, 0x00, 0x00, 0x00, 0x00, 0x00, 0x00, 0x00, 0x00, 0x00, 0xFF, 0x0F, 0xB0,
    0xCC, 0xC8, 0xC4, 0x5C, 0x48, 0xCC, 0x4C, 0xC8, 0xC8, 0xDC, 0xCC, 0x8D, 0xFC, 0xDC, 0xDD, 0xDD,
    0x70, 0xF9, 0xDD, 0xDD, 0x90, 0xF5, 0xDF, 0xDD, 0xB7, 0x29, 0xF1, 0xFF, 0x25, 0x52, 0x09, 0x00,
    0xF5, 0xCD, 0xCC, 0xCD, 0xDD, 0xDF, 0xDC, 0xDD, 0xDD, 0xFD, 0xDF, 0xFF, 0xD8, 0xDD, 0xFF, 0xDD,
    0x8D, 0xFF, 0xF0, 0x75, 0xFD, 0x00, 0x00, 0xDF, 0x0F, 0x00, 0x00, 0x4F, 0x00, 0x00, 0x00, 0xF0,
    0x9D, 0xF7, 0x00, 0x00, 0x79, 0x7F, 0xF9, 0x00, 0x7D, 0x77, 0xD9, 0x0F, 0xC2, 0x99, 0xC9, 0x0F,
    0xCD, 0x88, 0xCC, 0xFD, 0x8D, 0xCC, 0xDC, 0xFC, 0xD4, 0xDD, 0xCD, 0x3F, 0xDD, 0xCD, 0xDC, 0x59,
    0x00, 0x00, 0x00, 0x00, 0x00, 0x00, 0x00, 0x00, 0x00, 0x00, 0x00, 0x00, 0x00, 0x00, 0x00, 0x20,
    0x00, 0x00, 0x00, 0x22, 0x00, 0x00, 0x20, 0x22, 0x00, 0x00, 0x22, 0x22, 0x00, 0x20, 0x22, 0x22,
    0x00, 0x00, 0x22, 0x22, 0x00, 0x22, 0x22, 0x11, 0x20, 0x22, 0x11, 0x11, 0x22, 0x12, 0x11, 0x11,
    0x12, 0x11, 0x11, 0x11, 0x22, 0x11, 0x11, 0x11, 0x22, 0x22, 0x11, 0x11, 0x22, 0x22, 0x22, 0x11,
    0x11, 0x11, 0x11, 0x11, 0x11, 0x11, 0x11, 0x11, 0x11, 0x11, 0x11, 0x11, 0x11, 0x11, 0x11, 0x11,
    0x11, 0x11, 0x11, 0x11, 0x11, 0x11, 0x11, 0x22, 0x11, 0x11, 0x21, 0x22, 0x11, 0x11, 0x22, 0x22,
    0x11, 0x11, 0x11, 0x22, 0x11, 0x11, 0x21, 0x22, 0x11, 0x21, 0x22, 0x22, 0x21, 0x22, 0x22, 0x22,
    0x22, 0x22, 0x22, 0x22, 0x22, 0x22, 0x22, 0x32, 0x22, 0x22, 0x22, 0xF9, 0x22, 0x22, 0x79, 0x4F,
    0x00, 0x22, 0x22, 0x22, 0x00, 0x22, 0x22, 0x22, 0x00, 0x23, 0x33, 0x32, 0x30, 0x22, 0x22, 0x12,
    0x23, 0x32, 0x23, 0x22, 0x23, 0x22, 0x12, 0x11, 0x23, 0x11, 0x21, 0x22, 0x30, 0x33, 0x33, 0x33,
    0x22, 0x22, 0x22, 0x22, 0x32, 0x22, 0x22, 0x22, 0x12, 0x23, 0x33, 0x33, 0x22, 0x22, 0x22, 0x12,
    0x11, 0x11, 0x11, 0x21, 0x22, 0x32, 0x33, 0x33, 0x33, 0x03, 0x00, 0x00, 0x00, 0x00, 0x00, 0x00,
    0x22, 0x22, 0x22, 0x22, 0x22, 0x22, 0x33, 0x33, 0x33, 0x22, 0x22, 0x12, 0x11, 0x11, 0x11, 0x21,
    0x22, 0x32, 0x33, 0x33, 0x33, 0x03, 0x00, 0x00, 0x00, 0x00, 0x00, 0x00, 0x00, 0x00, 0x00, 0x00,
    0x22, 0x92, 0x97, 0xC8, 0x33, 0xB3, 0x25, 0xB7, 0x21, 0x88, 0x9B, 0xB9, 0x32, 0x38, 0x59, 0x27,
    0x33, 0x33, 0x93, 0x79, 0x00, 0x00, 0x00, 0xBB, 0x00, 0x00, 0x00, 0x00, 0x00, 0x00, 0x00, 0x00,
    0x00, 0x00, 0x00, 0x00, 0x03, 0x00, 0x00, 0x00, 0x32, 0x33, 0x03, 0x00, 0x33, 0x33, 0x33, 0x33,
    0x00, 0x00, 0x00, 0x00, 0x00, 0x00, 0x00, 0x00, 0x00, 0x00, 0x00, 0x00, 0x00, 0x00, 0x00, 0x00,
    0x00, 0x00, 0x00, 0x00, 0x00, 0x00, 0x00, 0x00, 0x00, 0x99, 0x00, 0x00, 0xFF, 0x95, 0x00, 0x00,
    0x1F, 0x07, 0x00, 0x00, 0x48, 0x91, 0x00, 0x00, 0x88, 0xF1, 0x00, 0x00, 0xF1, 0xF4, 0x00, 0x00,
    0x84, 0x9F, 0x00, 0x00, 0xFF, 0x00, 0x00, 0x00, 0x00, 0x00, 0x00, 0x00, 0x00, 0x00, 0x00, 0x00,
    0x00, 0x00, 0x00, 0x00, 0x00, 0x00, 0x00, 0x00, 0x00, 0x00, 0x00, 0x00, 0x00, 0x00, 0x00, 0x00,
    0x00, 0x00, 0x00, 0x00, 0x00, 0x00, 0x00, 0x00, 0x00, 0x00, 0x00, 0x00, 0x00, 0x00, 0x00, 0x00,
    0x00, 0x00, 0x00, 0x00, 0x09, 0x99, 0x00, 0x00, 0x97, 0x22, 0x0B, 0x00, 0x59, 0x52, 0xF7, 0x00,
    0x00, 0x00, 0x00, 0x00, 0x00, 0x00, 0x00, 0x00, 0x00, 0x00, 0x00, 0x00, 0x00, 0x00, 0x00, 0x00,
    0x00, 0x00, 0x00, 0x00, 0x00, 0x00, 0x00, 0x00, 0x00, 0x00, 0x00, 0x00, 0x00, 0x00, 0x00, 0x22,
    0x00, 0x00, 0x00, 0x00, 0x00, 0x00, 0x00, 0x00, 0x00, 0x00, 0x00, 0x00, 0x00, 0x00, 0x00, 0x20,
    0x00, 0x00, 0x20, 0x22, 0x00, 0x20, 0x22, 0x22, 0x22, 0x22, 0x12, 0x11, 0x22, 0x11, 0x11, 0x11,
    0x00, 0x00, 0x00, 0x00, 0x00, 0x00, 0x00, 0xF0, 0x00, 0x00, 0x00, 0xF0, 0x00, 0x00, 0x00, 0xF0,
    0x00, 0x00, 0x00, 0xF0, 0x00, 0x00, 0x00, 0x00, 0x00, 0x00, 0x00, 0x00, 0x00, 0x00, 0x00, 0x00,
    0x8F, 0x84, 0xFD, 0xB0, 0xC4, 0xCC, 0xDC, 0xDF, 0xC8, 0xCC, 0xDC, 0xDD, 0xC4, 0xCC, 0xDD, 0xDD,
    0x48, 0xDD, 0xDD, 0xDD, 0x8F, 0x84, 0x84, 0xF4, 0xF0, 0xFF, 0xFF, 0x0F, 0x00, 0x00, 0x00, 0x00,
    0xDF, 0xFD, 0x0F, 0x90, 0xF0, 0x0F, 0x00, 0xDF, 0x00, 0x00, 0x00, 0xCF, 0x00, 0x00, 0x00, 0xDF,
    0x00, 0x00, 0x00, 0x8F, 0x00, 0x00, 0x00, 0xF0, 0x00, 0x00, 0x00, 0x00, 0x00, 0x00, 0x00, 0x00,
    0x5B, 0x75, 0xDD, 0x0F, 0xBC, 0xD9, 0xDD, 0x0F, 0xDC, 0xDD, 0xCC, 0xFF, 0xDD, 0xDD, 0xDC, 0xFD,
    0xDD, 0xDD, 0xDD, 0xFD, 0x48, 0x48, 0x48, 0xF8, 0xFF, 0xFF, 0xFF, 0x0F, 0x00, 0x00, 0x00, 0x00,
    0x00, 0x00, 0x00, 0x00, 0x00, 0x00, 0x00, 0x20, 0x00, 0x22, 0x22, 0x22, 0x22, 0x22, 0x12, 0x11,
    0x22, 0x12, 0x11, 0x11, 0x11, 0x11, 0x11, 0x11, 0x11, 0x11, 0x11, 0x11, 0x11, 0x11, 0x11, 0x11,
    0x00, 0x00, 0x00, 0x00, 0x00, 0x00, 0x00, 0x00, 0x00, 0x00, 0x00, 0x00, 0x03, 0x00, 0x00, 0x00,
    0x30, 0x03, 0x00, 0x00, 0x00, 0x00, 0x00, 0x00, 0x00, 0x00, 0x00, 0x00, 0x00, 0x00, 0x00, 0x00,
    0x59, 0x75, 0x0B, 0x00, 0xBD, 0xBB, 0x0F, 0x00, 0xDD, 0xDD, 0xFD, 0x00, 0xDD, 0xDD, 0xFD, 0x00,
    0xDD, 0xDD, 0xF8, 0x00, 0x88, 0x88, 0xF8, 0x00, 0xFF, 0xFF, 0x0F, 0x00, 0x00, 0x00, 0x00, 0x00,
};
static const u16 sFrame30[] = {
    0x0009, 0x00D9, 0x81ED, 0x0000, 0x40E1, 0x81CD, 0x0010, 0x80D9, 0x400D, 0x0018, 0x40D9, 0x01D5,
    0x001C, 0x40F9, 0x01E5, 0x001E, 0x40F9, 0x0005, 0x0020, 0x00D9, 0x01E5, 0x0022, 0x00D9, 0x0015,
    0x0023, 0x00F9, 0x01F5, 0x0024, 0x0000,
};
static const void* const sFrames30[] = { sFrame30 };
static const u8 sTiles31[1024] __attribute__((aligned(4))) = {
    0x00, 0x00, 0xBB, 0x00, 0x00, 0x00, 0x5B, 0x0B, 0xB0, 0xB6, 0xBB, 0xA6, 0x00, 0x5B, 0x65, 0xAA,
    0x00, 0xB0, 0x56, 0x55, 0x00, 0x00, 0xAA, 0x65, 0x00, 0xB0, 0x65, 0x6A, 0x00, 0x5B, 0xAA, 0x65,
    0x00, 0x00, 0x00, 0x00, 0xBB, 0xB6, 0xBB, 0x00, 0x56, 0x65, 0x65, 0xBB, 0x6A, 0x55, 0x55, 0x66,
    0xAA, 0x66, 0x66, 0x65, 0x66, 0x66, 0x56, 0x55, 0x66, 0x66, 0xA6, 0x66, 0x6A, 0x66, 0x65, 0x6B,
    0x00, 0x00, 0x00, 0x00, 0x00, 0x00, 0x00, 0x00, 0x00, 0x00, 0x00, 0x00, 0xBB, 0x00, 0x00, 0x00,
    0x56, 0x0B, 0x00, 0x00, 0x65, 0x0B, 0x00, 0x00, 0xB6, 0x00, 0x00, 0x00, 0xBB, 0x0B, 0x00, 0x00,
    0x00, 0x00, 0x00, 0x00, 0x00, 0x00, 0x00, 0x00, 0x00, 0x00, 0x00, 0x00, 0x00, 0x00, 0x00, 0x00,
    0x00, 0x00, 0x00, 0x00, 0x00, 0x90, 0x95, 0x00, 0x00, 0x5F, 0x97, 0x00, 0xFF, 0x14, 0x59, 0x07,
    0x00, 0xBB, 0x56, 0xA6, 0x00, 0x00, 0x5B, 0xAA, 0x00, 0x00, 0xB6, 0x55, 0x00, 0x00, 0x0B, 0x59,
    0x00, 0x00, 0x00, 0x39, 0x00, 0x00, 0x00, 0x90, 0x00, 0x00, 0x00, 0x00, 0x00, 0x00, 0x00, 0x00,
    0x6A, 0x65, 0x56, 0xBB, 0xA6, 0x56, 0x55, 0xDB, 0x6A, 0xAA, 0xB6, 0xDD, 0x5A, 0x6A, 0xDB, 0xFD,
    0xA7, 0xB6, 0xFC, 0xFF, 0x55, 0xC6, 0x1D, 0x41, 0xB9, 0xDF, 0x81, 0xF5, 0x00, 0xBF, 0xF4, 0x48,
    0xDD, 0xFD, 0x00, 0xFF, 0xDD, 0xFD, 0xFF, 0x48, 0xDD, 0x8F, 0xD8, 0xF9, 0xFF, 0x48, 0xD8, 0x75,
    0xFD, 0x8F, 0xD4, 0xB7, 0xDF, 0xFD, 0xF8, 0xFF, 0xFF, 0x77, 0xF9, 0x00, 0x88, 0x2F, 0x52, 0x0B,
    0x1F, 0x88, 0x81, 0x09, 0x45, 0x81, 0x44, 0x95, 0x81, 0x44, 0x8F, 0x79, 0x18, 0x8F, 0xFF, 0x00,
    0x48, 0xFF, 0x00, 0x00, 0xFF, 0x00, 0x00, 0x00, 0x00, 0x00, 0x00, 0x00, 0x40, 0x00, 0x00, 0x00,
    0x00, 0x00, 0x00, 0x00, 0x00, 0x00, 0x00, 0x00, 0x00, 0x00, 0x00, 0x00, 0x00, 0x00, 0x00, 0xF0,
    0x00, 0x00, 0x00, 0xCF, 0x00, 0x00, 0x90, 0xCF, 0x00, 0x00, 0x90, 0xCF, 0x00, 0x00, 0x00, 0xF7,
    0x90, 0xF7, 0x8B, 0x11, 0x90, 0x22, 0x8B, 0x14, 0x90, 0x27, 0xB5, 0x5D, 0xFF, 0x79, 0x52, 0xB9,
    0x2D, 0x9C, 0x27, 0x92, 0xC4, 0xC2, 0x29, 0x22, 0x4D, 0x3C, 0x53, 0x22, 0x33, 0x33, 0x23, 0x22,
    0x1F, 0xF4, 0x25, 0xBB, 0x8D, 0xD4, 0x59, 0x8B, 0xB9, 0xB5, 0x29, 0x19, 0x25, 0x79, 0x22, 0x47,
    0x27, 0x97, 0x77, 0xF9, 0x82, 0xB8, 0x99, 0x8F, 0x83, 0x32, 0xCC, 0x7F, 0x23, 0x31, 0xFF, 0x9D,
    0x80, 0xC8, 0x0C, 0x00, 0x18, 0xC1, 0xC4, 0x00, 0x14, 0x11, 0xCC, 0x00, 0x48, 0x48, 0x00, 0x00,
    0x00, 0x80, 0x04, 0x00, 0x0F, 0x00, 0x00, 0x00, 0xF1, 0x4F, 0x08, 0x00, 0x48, 0xF1, 0x00, 0x00,
    0x00, 0x00, 0x30, 0x33, 0x00, 0x33, 0x33, 0x23, 0x33, 0x33, 0x22, 0x22, 0x22, 0x22, 0x22, 0x11,
    0x22, 0x12, 0x11, 0x11, 0x11, 0x11, 0x11, 0x11, 0x11, 0x11, 0x11, 0x11, 0x11, 0x11, 0x11, 0x11,
    0x23, 0x22, 0x22, 0x22, 0x22, 0x22, 0x11, 0x21, 0x22, 0x11, 0x11, 0x22, 0x11, 0x11, 0x11, 0x22,
    0x11, 0x11, 0x21, 0x22, 0x11, 0x11, 0x22, 0x32, 0x11, 0x21, 0x22, 0x23, 0x11, 0x22, 0x32, 0x21,
    0x22, 0x21, 0xDF, 0x72, 0x32, 0x21, 0x23, 0xCC, 0x32, 0x12, 0x43, 0x88, 0x32, 0x12, 0xD2, 0xDD,
    0x22, 0x13, 0x32, 0xDD, 0x23, 0x23, 0x31, 0xFF, 0x21, 0x23, 0x21, 0xF8, 0x12, 0x32, 0x21, 0x03,
    0x79, 0xF9, 0x0F, 0x00, 0xC8, 0xDC, 0x9F, 0x00, 0xCC, 0xCD, 0x75, 0xB9, 0xDD, 0xDC, 0x55, 0x97,
    0xDF, 0xFC, 0xB9, 0x9B, 0xCD, 0x0F, 0xF0, 0xBD, 0xFF, 0x00, 0xF0, 0xDD, 0x00, 0x00, 0xF0, 0xDD,
    0x03, 0x00, 0x00, 0x00, 0x33, 0x00, 0x00, 0x00, 0x33, 0x00, 0x00, 0x00, 0x32, 0x03, 0x00, 0x00,
    0x20, 0x33, 0x03, 0x00, 0x20, 0x22, 0x33, 0x03, 0x00, 0x22, 0x32, 0x33, 0x00, 0x22, 0x22, 0x22,
    0x00, 0x00, 0x00, 0x00, 0x00, 0x00, 0x00, 0x00, 0x00, 0x00, 0x00, 0x00, 0x00, 0x00, 0x00, 0x00,
    0x00, 0x00, 0x00, 0x00, 0x00, 0x00, 0x00, 0x00, 0x03, 0x00, 0x00, 0x00, 0x33, 0x00, 0x00, 0x00,
    0x00, 0x20, 0x22, 0x21, 0x00, 0x00, 0x22, 0x12, 0x00, 0x00, 0x20, 0x22, 0x00, 0x00, 0x00, 0x22,
    0x00, 0x00, 0x00, 0x20, 0x00, 0x00, 0x00, 0x00, 0x00, 0x00, 0x00, 0x00, 0x00, 0x00, 0x00, 0x00,
    0x32, 0x33, 0x03, 0x00, 0x22, 0x22, 0x33, 0x33, 0x11, 0x21, 0x22, 0x32, 0x22, 0x11, 0x21, 0x22,
    0x22, 0x22, 0x11, 0x11, 0x22, 0x22, 0x22, 0x12, 0x00, 0x22, 0x22, 0x22, 0x00, 0x00, 0x22, 0x22,
    0x00, 0x00, 0x00, 0x00, 0x00, 0x00, 0x00, 0x00, 0x33, 0x33, 0x33, 0x33, 0x22, 0x22, 0x22, 0x22,
    0x11, 0x11, 0x11, 0x11, 0x11, 0x11, 0x11, 0x11, 0x22, 0x12, 0x11, 0x11, 0x22, 0x22, 0x22, 0x11,
    0x00, 0x00, 0x00, 0x00, 0x00, 0x00, 0x00, 0x00, 0x33, 0x33, 0x33, 0x33, 0x22, 0x22, 0x22, 0x22,
    0x22, 0x22, 0x22, 0x22, 0x11, 0x11, 0x11, 0x11, 0x11, 0x11, 0x11, 0x11, 0x11, 0x11, 0x11, 0x11,
    0x22, 0x22, 0x22, 0x22, 0x00, 0x22, 0x22, 0x22, 0x00, 0x00, 0x00, 0x22, 0x00, 0x00, 0x00, 0x00,
    0x00, 0x00, 0x00, 0x00, 0x00, 0x00, 0x00, 0x00, 0x00, 0x00, 0x00, 0x00, 0x00, 0x00, 0x00, 0x00,
    0x22, 0x22, 0x12, 0x11, 0x22, 0x22, 0x22, 0x22, 0x22, 0x22, 0x22, 0x22, 0x00, 0x00, 0x20, 0x22,
    0x00, 0x00, 0x00, 0x00, 0x00, 0x00, 0x00, 0x00, 0x00, 0x00, 0x00, 0x00, 0x00, 0x00, 0x00, 0x00,
    0x11, 0x11, 0x11, 0x11, 0x22, 0x22, 0x22, 0x22, 0x22, 0x22, 0x22, 0x22, 0x22, 0x22, 0x22, 0x22,
    0x00, 0x00, 0x00, 0x00, 0x00, 0x00, 0x00, 0x00, 0x00, 0x00, 0x00, 0x00, 0x00, 0x00, 0x00, 0x00,
    0x21, 0x22, 0x33, 0x32, 0x22, 0x22, 0x22, 0x13, 0x22, 0x22, 0x22, 0x32, 0x22, 0x22, 0x22, 0x22,
    0x00, 0x00, 0x00, 0x00, 0x00, 0x00, 0x00, 0x00, 0x00, 0x00, 0x00, 0x00, 0x00, 0x00, 0x00, 0x00,
    0x22, 0x32, 0x33, 0x03, 0x21, 0x32, 0x22, 0x03, 0x33, 0x33, 0x33, 0x00, 0x22, 0x00, 0x00, 0x00,
    0x00, 0x00, 0x00, 0x00, 0x00, 0x00, 0x00, 0x00, 0x00, 0x00, 0x00, 0x00, 0x00, 0x00, 0x00, 0x00,
    0x00, 0x00, 0xF0, 0xD8, 0x00, 0x00, 0x00, 0x8F, 0x00, 0x00, 0x00, 0xF0, 0x00, 0x00, 0x00, 0x00,
    0x00, 0x00, 0x00, 0x00, 0x00, 0x00, 0x00, 0x00, 0x00, 0x00, 0x00, 0x00, 0x00, 0x00, 0x00, 0x00,
    0x00, 0x00, 0x00, 0x00, 0x90, 0x09, 0x00, 0x00, 0x27, 0xB7, 0x00, 0x00, 0x22, 0x95, 0x0B, 0x00,
    0x52, 0xD7, 0xFD, 0x00, 0x97, 0xCD, 0xFD, 0x00, 0xDB, 0xCC, 0xDC, 0x0F, 0xDD, 0xCC, 0xDC, 0x0F,
    0xDD, 0xDD, 0xDD, 0x0F, 0x84, 0x84, 0x84, 0x0F, 0xFF, 0xFF, 0xFF, 0x00, 0x00, 0x00, 0x00, 0x00,
    0x00, 0x00, 0x00, 0x00, 0x00, 0x00, 0x00, 0x00, 0x00, 0x00, 0x00, 0x00, 0x00, 0x00, 0x00, 0x00,
    0x00, 0x00, 0x00, 0x00, 0x00, 0x00, 0x00, 0x00, 0x00, 0x00, 0x00, 0x00, 0x00, 0x00, 0x00, 0x00,
    0x00, 0x00, 0x00, 0x00, 0x00, 0x00, 0x00, 0x00, 0x00, 0x00, 0x00, 0x00, 0x03, 0x00, 0x00, 0x00,
    0x00, 0x00, 0x00, 0x20, 0x00, 0x00, 0x00, 0x00, 0x00, 0x00, 0x00, 0x00, 0x00, 0x00, 0x00, 0x00,
    0x00, 0x00, 0x00, 0x00, 0x00, 0x00, 0x00, 0x00, 0x00, 0x00, 0x00, 0x00, 0x00, 0x00, 0x00, 0x00,
};
static const u16 sFrame31[] = {
    0x0007, 0x00DD, 0x81E3, 0x0000, 0x00ED, 0x41C3, 0x0010, 0x00F5, 0x41D3, 0x0014, 0x40FD, 0x41E3,
    0x0018, 0x80F5, 0x0003, 0x001C, 0x00E5, 0x01C3, 0x001E, 0x00FD, 0x01CB, 0x001F, 0x0000,
};
static const void* const sFrames31[] = { sFrame31 };
static const u8 sTiles32[704] __attribute__((aligned(4))) = {
    0x00, 0xB0, 0xB6, 0x00, 0x00, 0xB0, 0x65, 0xBB, 0x6B, 0xBB, 0xBB, 0x56, 0xB0, 0x55, 0x65, 0x6A,
    0x00, 0x6B, 0x55, 0x66, 0x6B, 0xA6, 0xAA, 0x66, 0xB0, 0x6B, 0x6A, 0x65, 0x00, 0xB0, 0xA5, 0xA6,
    0xBB, 0xBB, 0xBB, 0x0B, 0x65, 0x65, 0x56, 0xB6, 0x55, 0x66, 0x66, 0x55, 0x65, 0x56, 0x65, 0x65,
    0x66, 0xAA, 0x56, 0xB6, 0x66, 0x56, 0xAA, 0xB6, 0x65, 0x66, 0x65, 0xDB, 0x56, 0x55, 0x55, 0xB6,
    0x00, 0x00, 0x00, 0x00, 0x0B, 0x00, 0x00, 0x00, 0x06, 0x00, 0x00, 0x00, 0x0B, 0x00, 0x00, 0x00,
    0xBB, 0x00, 0x00, 0x00, 0xDD, 0x0F, 0x00, 0xF0, 0xDD, 0x0F, 0xF0, 0xFF, 0xFD, 0xFF, 0xFF, 0x14,
    0x00, 0x00, 0x00, 0x00, 0x00, 0x00, 0x00, 0x00, 0x70, 0x09, 0x00, 0x00, 0x59, 0x09, 0x00, 0x00,
    0x97, 0x75, 0x09, 0x00, 0x14, 0x94, 0x0B, 0x00, 0x88, 0x48, 0x75, 0x00, 0x4F, 0xF8, 0x9F, 0x00,
    0x00, 0x5B, 0x66, 0xAA, 0x00, 0xB0, 0xBB, 0xA6, 0x00, 0x00, 0x5B, 0x7B, 0x00, 0x00, 0x6B, 0x3B,
    0x00, 0x00, 0xB0, 0x76, 0x00, 0x00, 0xB0, 0x00, 0x00, 0x00, 0x00, 0x00, 0x00, 0x00, 0x00, 0x00,
    0xAA, 0x66, 0xB6, 0xDB, 0x66, 0xAA, 0xDA, 0xFD, 0x5A, 0x6A, 0xB5, 0x88, 0xA7, 0xB5, 0x86, 0x84,
    0x55, 0x6B, 0x4D, 0x84, 0xB9, 0xD0, 0x8F, 0xD8, 0x00, 0x00, 0xF0, 0xDD, 0xF0, 0xFF, 0x0F, 0xDF,
    0x8F, 0x11, 0x58, 0x85, 0xFF, 0x48, 0xD4, 0xF7, 0x7D, 0xC9, 0xD8, 0x8F, 0x57, 0x48, 0xFF, 0xFF,
    0xD9, 0xD1, 0x8D, 0x48, 0xDB, 0xD4, 0x4D, 0xF8, 0xBD, 0xB8, 0x8D, 0x11, 0x9D, 0xBB, 0x8B, 0x14,
    0xF1, 0xF4, 0x00, 0x00, 0xF4, 0x0F, 0x00, 0x00, 0xFF, 0x00, 0x00, 0x00, 0x9F, 0x09, 0x00, 0x00,
    0x41, 0x5B, 0x97, 0x00, 0x14, 0xB5, 0x52, 0x09, 0xF8, 0x79, 0x95, 0x0B, 0xB5, 0x25, 0x3B, 0x33,
    0x00, 0x00, 0x00, 0x00, 0x00, 0x00, 0x00, 0xF0, 0x00, 0x00, 0x00, 0xF0, 0x00, 0x00, 0x00, 0xF0,
    0x00, 0x00, 0x00, 0xF0, 0x00, 0x00, 0x00, 0x00, 0x00, 0xF0, 0xFF, 0x0F, 0x00, 0x8F, 0x84, 0xF4,
    0xFF, 0xC2, 0xDC, 0xFF, 0xD4, 0x2C, 0xCC, 0xFF, 0x4C, 0xCC, 0xF5, 0x14, 0xDF, 0xC4, 0x5C, 0xFF,
    0xF5, 0x4D, 0xCC, 0x77, 0x97, 0xDF, 0x88, 0x88, 0x7B, 0xDF, 0xDD, 0xDD, 0x2B, 0xF5, 0xDF, 0xFD,
    0x29, 0x72, 0xB9, 0x9F, 0x79, 0x55, 0x22, 0x77, 0xB1, 0x9B, 0x77, 0x55, 0xCF, 0xDC, 0xFF, 0x9F,
    0xDF, 0xCC, 0xDD, 0xDF, 0xFD, 0xDF, 0xFF, 0xDD, 0xD8, 0xFF, 0xDF, 0x33, 0x0F, 0x30, 0x33, 0x23,
    0x9F, 0x79, 0x88, 0x22, 0x52, 0x97, 0x28, 0x11, 0x97, 0x3B, 0x33, 0x23, 0xBB, 0x33, 0x22, 0x22,
    0x3C, 0x23, 0x22, 0x22, 0x33, 0x22, 0x22, 0x11, 0x23, 0x22, 0x12, 0x11, 0x22, 0x22, 0x11, 0x11,
    0xF0, 0x48, 0xCC, 0x8C, 0xF0, 0xC4, 0xCC, 0xDC, 0xF0, 0xC8, 0xCC, 0xDD, 0xF0, 0xD4, 0xDD, 0xDD,
    0x00, 0x8F, 0x84, 0x84, 0x00, 0xF0, 0xFF, 0xFF, 0x00, 0x00, 0x00, 0x00, 0x00, 0x00, 0x00, 0x00,
    0x9D, 0x75, 0xFF, 0x3F, 0xDD, 0x3D, 0x33, 0x33, 0xDD, 0xDD, 0x3D, 0x22, 0xDD, 0xDD, 0xDD, 0x22,
    0xF4, 0x88, 0x88, 0x28, 0x0F, 0xFF, 0xFF, 0x0F, 0x00, 0x00, 0x00, 0x00, 0x00, 0x00, 0x00, 0x00,
    0x33, 0x33, 0x23, 0x22, 0x22, 0x22, 0x22, 0x22, 0x22, 0x12, 0x11, 0x11, 0x11, 0x11, 0x11, 0x11,
    0x22, 0x12, 0x11, 0x11, 0x00, 0x22, 0x22, 0x22, 0x00, 0x00, 0x00, 0x00, 0x00, 0x00, 0x00, 0x00,
    0x22, 0x11, 0x11, 0x11, 0x11, 0x11, 0x11, 0x11, 0x11, 0x11, 0x11, 0x11, 0x11, 0x11, 0x11, 0x11,
    0x11, 0x22, 0x22, 0x22, 0x22, 0x02, 0x00, 0x00, 0x00, 0x00, 0x00, 0x00, 0x00, 0x00, 0x00, 0x00,
    0x32, 0x33, 0x33, 0x00, 0x11, 0x11, 0x22, 0x33, 0x22, 0x22, 0x11, 0x11, 0x32, 0x33, 0x22, 0x32,
    0x22, 0x22, 0x32, 0x23, 0x22, 0x22, 0x32, 0x12, 0x21, 0x22, 0x32, 0x31, 0x11, 0x21, 0x22, 0x33,
    0x00, 0x00, 0x00, 0x00, 0x33, 0x03, 0x00, 0x00, 0x21, 0x22, 0x33, 0x33, 0x33, 0x12, 0x21, 0x22,
    0x22, 0x33, 0x33, 0x22, 0x13, 0x23, 0x21, 0x33, 0x33, 0x12, 0x33, 0x03, 0x22, 0x33, 0x22, 0x00,
    0x11, 0x11, 0x21, 0x22, 0x11, 0x11, 0x11, 0x21, 0x11, 0x11, 0x22, 0x22, 0x22, 0x22, 0x22, 0xF4,
    0xF2, 0x84, 0xF4, 0xFF, 0x00, 0xFF, 0xFF, 0x0F, 0x00, 0x00, 0x00, 0x00, 0x00, 0x00, 0x00, 0x00,
    0x22, 0x22, 0x02, 0x00, 0x22, 0x02, 0x00, 0x00, 0xF2, 0x00, 0x00, 0x00, 0xFF, 0x00, 0x00, 0x00,
    0x0F, 0x00, 0x00, 0x00, 0x00, 0x00, 0x00, 0x00, 0x00, 0x00, 0x00, 0x00, 0x00, 0x00, 0x00, 0x00,
    0x00, 0x00, 0x00, 0x00, 0x00, 0x00, 0x00, 0x00, 0x00, 0x00, 0x00, 0x00, 0x00, 0x00, 0x00, 0x00,
    0x00, 0x00, 0x00, 0x00, 0x00, 0x00, 0x00, 0x00, 0x00, 0x00, 0x00, 0x00, 0x03, 0x00, 0x00, 0x00,
    0x00, 0x00, 0x00, 0x00, 0x00, 0x00, 0x00, 0x00, 0x00, 0x00, 0x00, 0x00, 0x03, 0x00, 0x00, 0x00,
    0x03, 0x00, 0x00, 0x00, 0x00, 0x00, 0x00, 0x00, 0x00, 0x00, 0x00, 0x00, 0x00, 0x00, 0x00, 0x00,
};
static const u16 sFrame32[] = {
    0x0004, 0x00E2, 0x81F2, 0x0000, 0x00F2, 0x4012, 0x0010, 0x00EA, 0x0012, 0x0014, 0x00F2, 0x0022,
    0x0015, 0x0000,
};
static const void* const sFrames32[] = { sFrame32 };
static const u8 sTiles33[992] __attribute__((aligned(4))) = {
    0xA6, 0x56, 0x6A, 0x55, 0x6A, 0x5A, 0xBB, 0xA6, 0x65, 0x6A, 0x6B, 0x6B, 0xB6, 0xB5, 0x76, 0xBB,
    0xBF, 0xB5, 0x57, 0x75, 0xB0, 0xB6, 0x7B, 0x53, 0x00, 0x0B, 0x00, 0xB7, 0x00, 0x00, 0x00, 0x00,
    0x55, 0x65, 0xFB, 0x8F, 0x6A, 0x56, 0xB6, 0x44, 0xA5, 0xBB, 0x8F, 0x44, 0x5B, 0x5A, 0xDB, 0x88,
    0xB6, 0xB6, 0xDD, 0xFD, 0x67, 0x5B, 0xFD, 0xDD, 0xBB, 0x7F, 0xDF, 0xDD, 0xFF, 0x9F, 0x1F, 0xDD,
    0xFD, 0xFF, 0x00, 0x00, 0xD8, 0xDD, 0xFF, 0x00, 0xD8, 0xFD, 0xFB, 0x00, 0xDD, 0x7F, 0xB7, 0x00,
    0xFD, 0x57, 0x73, 0x0B, 0xFF, 0xBB, 0xFF, 0xFF, 0xFD, 0x8F, 0x14, 0x41, 0xDD, 0x8F, 0xFF, 0xF5,
    0x00, 0x00, 0x00, 0x00, 0x00, 0x00, 0x00, 0x00, 0x00, 0x00, 0x00, 0x00, 0x00, 0x00, 0x00, 0x00,
    0x00, 0x00, 0x00, 0x33, 0x00, 0x00, 0x30, 0x12, 0x0F, 0x30, 0x23, 0x21, 0x7B, 0x57, 0x88, 0x22,
    0x00, 0x00, 0x00, 0xFF, 0x00, 0x00, 0xF0, 0xFD, 0x00, 0x00, 0x00, 0xCC, 0x00, 0x00, 0x00, 0x00,
    0x00, 0x00, 0x00, 0xF0, 0x00, 0x00, 0x00, 0xFF, 0x00, 0x00, 0xF0, 0x57, 0x00, 0x00, 0x8F, 0xDC,
    0x11, 0x9F, 0x1F, 0xDD, 0xF1, 0x11, 0x1F, 0x7D, 0xCF, 0xFF, 0x1F, 0x55, 0xFF, 0x77, 0x1F, 0x57,
    0x7F, 0x97, 0xFC, 0xFF, 0xF7, 0x9F, 0xFC, 0xDD, 0x9C, 0xC9, 0xFD, 0xDD, 0x72, 0xCC, 0xFD, 0xDD,
    0x7D, 0xF5, 0x8F, 0x44, 0x25, 0xF2, 0x18, 0x84, 0x52, 0xF5, 0x47, 0x8F, 0x22, 0xBB, 0xF5, 0x48,
    0x57, 0x57, 0xB7, 0x5F, 0x7B, 0x25, 0x75, 0xBB, 0x8F, 0x77, 0x25, 0x52, 0xEC, 0xB7, 0x55, 0x25,
    0xF8, 0x52, 0x87, 0x03, 0xF8, 0x57, 0x52, 0x00, 0x14, 0x7F, 0x25, 0x07, 0x41, 0x7F, 0x52, 0x07,
    0xB7, 0x27, 0x75, 0x00, 0x57, 0x52, 0x07, 0x00, 0x22, 0x75, 0x00, 0xF0, 0x52, 0x0B, 0x77, 0xDF,
    0x00, 0x00, 0xCF, 0xC8, 0x00, 0x00, 0xF0, 0x8C, 0x00, 0x00, 0x50, 0xCF, 0x00, 0x00, 0x70, 0xF7,
    0x00, 0x00, 0x00, 0xF7, 0x00, 0x00, 0x00, 0x00, 0x00, 0x00, 0xFF, 0x0F, 0x00, 0xF0, 0x44, 0xF8,
    0xCC, 0xD5, 0xDD, 0xFF, 0xCC, 0x2D, 0xDF, 0xFF, 0xD4, 0xDD, 0x5D, 0x0F, 0x4C, 0xDD, 0xFD, 0x0F,
    0xDD, 0xF4, 0x5F, 0x0F, 0xFF, 0x5F, 0x57, 0x05, 0x00, 0x77, 0x25, 0xF7, 0xFF, 0x5F, 0x52, 0x7D,
    0x8C, 0xCC, 0xBB, 0x57, 0x4D, 0xC8, 0xCD, 0xBD, 0xDF, 0xD8, 0xDC, 0x5F, 0xF0, 0x8F, 0xF8, 0x57,
    0x00, 0xF0, 0x84, 0xB8, 0x00, 0x00, 0x00, 0x48, 0x00, 0x00, 0x00, 0x00, 0x0F, 0x00, 0x00, 0x00,
    0xB5, 0x70, 0x55, 0xD7, 0x7B, 0xB7, 0x27, 0xB5, 0x33, 0xEE, 0x27, 0xD5, 0xEE, 0x14, 0x5E, 0xD7,
    0x4E, 0x48, 0x7E, 0x8B, 0xE8, 0x8E, 0x0E, 0xF0, 0x00, 0xEE, 0x00, 0xF0, 0x00, 0x00, 0x00, 0xF0,
    0x00, 0x4F, 0xCC, 0x4C, 0x00, 0x4F, 0xCC, 0xCC, 0x00, 0x8F, 0xCC, 0xCC, 0x00, 0xF0, 0xD8, 0xDD,
    0x00, 0xF0, 0x4D, 0x48, 0x00, 0x00, 0xDF, 0x8D, 0x00, 0x00, 0xF0, 0xFF, 0x00, 0x00, 0x00, 0x00,
    0x84, 0x78, 0xD7, 0xDD, 0xDC, 0xDD, 0xDD, 0x8D, 0xDD, 0xDD, 0xDD, 0x8D, 0xDD, 0xDD, 0xDD, 0xD8,
    0xDD, 0xDD, 0x8D, 0xF8, 0x84, 0x84, 0xF8, 0x0F, 0xFF, 0xFF, 0x0F, 0x00, 0x00, 0x00, 0x00, 0x00,
    0x0F, 0x00, 0x00, 0x00, 0x0F, 0x00, 0x00, 0x00, 0x0F, 0x00, 0x00, 0x00, 0x0F, 0x00, 0x00, 0x00,
    0x00, 0x00, 0x00, 0x00, 0x00, 0x00, 0x00, 0x00, 0x00, 0x00, 0x00, 0x00, 0x00, 0x00, 0x00, 0x00,
    0x00, 0x00, 0x00, 0xDF, 0x00, 0x00, 0x00, 0xCF, 0x00, 0x00, 0x00, 0xCF, 0x00, 0x00, 0x00, 0x4F,
    0x00, 0x00, 0x00, 0xF0, 0x00, 0x00, 0x00, 0x00, 0x00, 0x00, 0x00, 0x00, 0x00, 0x00, 0x00, 0x00,
    0x00, 0x00, 0x00, 0x00, 0x00, 0x00, 0x00, 0x00, 0x00, 0x00, 0x00, 0x00, 0x00, 0x00, 0x00, 0x00,
    0x00, 0x00, 0x00, 0x00, 0x00, 0x00, 0x00, 0x00, 0x00, 0x00, 0x00, 0x30, 0x00, 0x00, 0x00, 0x23,
    0x00, 0x00, 0x00, 0x00, 0x00, 0x00, 0x00, 0x00, 0x00, 0x00, 0x00, 0x00, 0x00, 0x00, 0x33, 0x00,
    0x00, 0x33, 0x12, 0x03, 0x30, 0x12, 0x21, 0x33, 0x23, 0x21, 0x33, 0x21, 0x11, 0x32, 0x12, 0x12,
    0x00, 0x00, 0x33, 0x12, 0x00, 0x30, 0x12, 0x21, 0x30, 0x23, 0x21, 0x32, 0x23, 0x11, 0x22, 0x00,
    0x12, 0x22, 0x02, 0x00, 0x21, 0x02, 0x00, 0x00, 0x22, 0x00, 0x00, 0x00, 0x00, 0x00, 0x00, 0x00,
    0x32, 0x13, 0x21, 0x32, 0x23, 0x21, 0x32, 0x03, 0x33, 0x22, 0x31, 0x00, 0x00, 0x30, 0x03, 0x00,
    0x00, 0x00, 0x00, 0x00, 0x00, 0x00, 0x00, 0x00, 0x00, 0x00, 0x00, 0x00, 0x00, 0x00, 0x00, 0x00,
    0x00, 0x00, 0x00, 0x00, 0x00, 0x00, 0x00, 0x00, 0x00, 0x00, 0x00, 0x00, 0x00, 0x00, 0x00, 0x00,
    0x00, 0x00, 0x00, 0x00, 0x00, 0x00, 0xB0, 0xB6, 0x00, 0x00, 0x00, 0x6B, 0x00, 0x00, 0x00, 0xB0,
    0x00, 0x00, 0xB0, 0xBB, 0x00, 0xB0, 0x6B, 0x56, 0x00, 0x6B, 0x55, 0x65, 0xB0, 0x56, 0x66, 0x55,
    0x6B, 0x66, 0x65, 0x6A, 0x6B, 0x55, 0x66, 0x66, 0x65, 0x66, 0x66, 0x56, 0xAB, 0xA6, 0x56, 0x66,
    0xBB, 0x00, 0x00, 0x00, 0x65, 0xBB, 0xBB, 0x00, 0x65, 0x65, 0xB6, 0x00, 0x66, 0x56, 0xB5, 0x00,
    0x56, 0x65, 0xB6, 0xBB, 0xAA, 0x66, 0xDB, 0xDD, 0x65, 0xAA, 0xB6, 0xDD, 0x56, 0xA6, 0xFB, 0xFD,
    0x00, 0x00, 0x00, 0x00, 0x00, 0x00, 0x00, 0x00, 0x00, 0x00, 0x00, 0x00, 0x00, 0x00, 0x00, 0x00,
    0x00, 0x00, 0x00, 0x00, 0x0F, 0x00, 0x00, 0x00, 0x0F, 0x00, 0x00, 0x00, 0x0F, 0x00, 0x00, 0x00,
    0x00, 0x00, 0x00, 0x00, 0x00, 0x00, 0x00, 0x00, 0x00, 0x00, 0x00, 0x00, 0x00, 0x00, 0x00, 0x00,
    0x00, 0x00, 0x00, 0x00, 0x00, 0x00, 0x00, 0x00, 0x03, 0x00, 0x00, 0x00, 0x32, 0x00, 0x00, 0x00,
    0x03, 0x00, 0x00, 0x00, 0x00, 0x00, 0x00, 0x00, 0x00, 0x00, 0x00, 0x00, 0x00, 0x00, 0x00, 0x00,
    0x00, 0x00, 0x00, 0x00, 0x00, 0x00, 0x00, 0x00, 0x00, 0x00, 0x00, 0x00, 0x00, 0x00, 0x00, 0x00,
    0x00, 0x00, 0x00, 0x5B, 0x00, 0x00, 0xBF, 0x66, 0x00, 0xF0, 0x41, 0xB8, 0x00, 0x5F, 0xFF, 0xB4,
    0xF0, 0x48, 0x81, 0xBF, 0xF0, 0xF4, 0x44, 0xFF, 0x4F, 0x81, 0x7F, 0xF8, 0x8F, 0xF4, 0x5B, 0x07,
    0x7B, 0x55, 0x77, 0x07, 0xB0, 0xB7, 0x7B, 0x00, 0x00, 0x00, 0x00, 0x00, 0x00, 0x00, 0x00, 0x00,
    0x00, 0x00, 0x00, 0x00, 0x00, 0x00, 0x00, 0x00, 0x00, 0x00, 0x00, 0x00, 0x00, 0x00, 0x00, 0x00,
    0x00, 0x00, 0x00, 0x00, 0x00, 0x00, 0x00, 0x00, 0x00, 0x00, 0x00, 0x00, 0x00, 0x00, 0x00, 0x00,
    0x00, 0x00, 0x00, 0x00, 0x00, 0x00, 0x00, 0x00, 0xFF, 0x0F, 0x00, 0x00, 0x8D, 0xF8, 0x00, 0x00,
    0xDD, 0xF8, 0x00, 0x00, 0xDD, 0xF8, 0x00, 0x00, 0xDD, 0xF4, 0x00, 0x00, 0xDD, 0x8D, 0x0F, 0x00,
    0xD8, 0x8D, 0x0F, 0x00, 0x4C, 0xDD, 0xF8, 0x00, 0x8D, 0xDD, 0xF4, 0x00, 0x4D, 0xDD, 0xF4, 0x00,
    0xC4, 0xDD, 0x8D, 0x0F, 0xC8, 0xDC, 0x8D, 0x0F, 0xC4, 0xCC, 0x8D, 0x0F, 0xC4, 0xCC, 0x84, 0x0F,
    0x84, 0x84, 0xFF, 0x00, 0xFF, 0xFF, 0x00, 0x00, 0x00, 0x00, 0x00, 0x00, 0x00, 0x00, 0x00, 0x00,
};
static const u16 sFrame33[] = {
    0x0007, 0x00E1, 0x81F3, 0x0000, 0x00D9, 0x4013, 0x0010, 0x40D9, 0x41EB, 0x0014, 0x80D9, 0x0023,
    0x0018, 0x80E1, 0x01EB, 0x001A, 0x80E9, 0x0013, 0x001C, 0x00F9, 0x0013, 0x001E, 0x0000,
};
static const void* const sFrames33[] = { sFrame33 };
static const u8 sTiles34[1344] __attribute__((aligned(4))) = {
    0x00, 0x20, 0x23, 0x31, 0x00, 0x22, 0x33, 0x33, 0x00, 0x22, 0x23, 0x11, 0x20, 0x22, 0x33, 0x22,
    0x22, 0x22, 0x22, 0x33, 0x22, 0x22, 0x22, 0x22, 0x22, 0x22, 0x22, 0x22, 0x22, 0x22, 0x22, 0x22,
    0x31, 0x31, 0x00, 0x00, 0x23, 0x12, 0x33, 0x00, 0x22, 0x22, 0x22, 0x22, 0x11, 0x11, 0x11, 0x22,
    0x33, 0x23, 0x22, 0x11, 0x22, 0x32, 0x33, 0x33, 0x22, 0x22, 0x22, 0x22, 0x11, 0x11, 0x11, 0x22,
    0x00, 0x00, 0x00, 0x00, 0x00, 0x00, 0x00, 0x00, 0x00, 0x00, 0x00, 0x00, 0x22, 0x22, 0x02, 0x00,
    0x11, 0x21, 0x22, 0x22, 0x23, 0x12, 0x11, 0x11, 0x32, 0x33, 0x33, 0x22, 0x22, 0x22, 0x22, 0x32,
    0x00, 0x00, 0xB6, 0x56, 0x00, 0xB0, 0x6B, 0x6A, 0x00, 0x70, 0xB7, 0xB6, 0x00, 0x57, 0x72, 0xBB,
    0x33, 0x5B, 0xBB, 0xB7, 0x82, 0xF8, 0xFF, 0x57, 0xF2, 0x4F, 0xF8, 0x7F, 0xDF, 0x48, 0xDF, 0xFD,
    0x22, 0x22, 0x12, 0x11, 0x22, 0x12, 0x11, 0x11, 0x12, 0x11, 0x11, 0x11, 0x12, 0x11, 0x11, 0x11,
    0x12, 0x11, 0x11, 0x11, 0x12, 0x11, 0x11, 0x11, 0x22, 0x11, 0x11, 0x11, 0x20, 0x11, 0x11, 0x11,
    0x11, 0x11, 0x11, 0x11, 0x11, 0x11, 0x11, 0x11, 0x11, 0x11, 0x11, 0x11, 0x11, 0x11, 0x11, 0x11,
    0x11, 0x11, 0x11, 0x11, 0x11, 0x11, 0x11, 0x11, 0x11, 0x11, 0x11, 0x21, 0x11, 0x11, 0x11, 0x21,
    0x22, 0x22, 0x22, 0x32, 0x11, 0x22, 0x22, 0x33, 0x11, 0x22, 0x22, 0x03, 0x21, 0x22, 0x32, 0x03,
    0x22, 0x22, 0x33, 0x00, 0x22, 0x22, 0x03, 0x00, 0x22, 0x32, 0x03, 0x00, 0x22, 0x32, 0x00, 0x00,
    0xDF, 0x8D, 0xDF, 0xDD, 0xDF, 0xDD, 0xFD, 0xDD, 0xF0, 0xDD, 0xFD, 0xFF, 0x00, 0xDF, 0xDD, 0xDD,
    0x00, 0xF0, 0xFD, 0xDD, 0x00, 0x00, 0xFF, 0xDD, 0x00, 0x00, 0xDF, 0xDD, 0x00, 0x00, 0xDF, 0xDD,
    0x20, 0x11, 0x11, 0x11, 0x20, 0x12, 0x11, 0x11, 0x00, 0x12, 0x11, 0x11, 0x00, 0x12, 0x11, 0x11,
    0x00, 0x22, 0x11, 0x11, 0x00, 0x20, 0x11, 0x11, 0x00, 0x20, 0x11, 0x11, 0x00, 0x20, 0x11, 0x11,
    0x11, 0x11, 0x11, 0x22, 0x11, 0x11, 0x11, 0x22, 0x11, 0x11, 0x11, 0x22, 0x11, 0x11, 0x11, 0x22,
    0x11, 0x11, 0x21, 0x22, 0x11, 0x11, 0x21, 0x22, 0x11, 0x11, 0x21, 0x22, 0x11, 0x11, 0x21, 0x22,
    0x22, 0x33, 0x00, 0x00, 0x22, 0x03, 0x00, 0x00, 0x22, 0x03, 0x00, 0x00, 0x22, 0x03, 0x00, 0xF0,
    0x22, 0x03, 0x00, 0x7F, 0x22, 0x03, 0x00, 0x7F, 0x22, 0x03, 0x00, 0xCF, 0x22, 0x03, 0x00, 0x4F,
    0x00, 0xFF, 0xDD, 0xDD, 0x00, 0x4F, 0xDD, 0xDD, 0xF0, 0xFF, 0xD4, 0xDD, 0x9F, 0x97, 0x8F, 0xD8,
    0xF7, 0xC7, 0xFC, 0x8F, 0xC9, 0x57, 0xCC, 0xFD, 0xCD, 0xCC, 0x52, 0xF7, 0xDD, 0xDD, 0xDD, 0x2D,
    0x00, 0x20, 0x12, 0x11, 0x00, 0x00, 0x22, 0x11, 0x00, 0x00, 0x20, 0x11, 0x00, 0x00, 0x20, 0x11,
    0x00, 0x00, 0x20, 0x12, 0x00, 0x00, 0x00, 0x22, 0x00, 0x00, 0x00, 0x20, 0x00, 0x00, 0x00, 0x20,
    0x11, 0x11, 0x21, 0x22, 0x11, 0x11, 0x21, 0x22, 0x11, 0x11, 0x21, 0x22, 0x11, 0x11, 0x21, 0x22,
    0x11, 0x11, 0x11, 0x22, 0x11, 0x11, 0x11, 0x22, 0x11, 0x11, 0x11, 0x22, 0x12, 0x11, 0x11, 0x21,
    0x22, 0x03, 0x00, 0xDF, 0x22, 0x33, 0x00, 0xF0, 0x22, 0x32, 0x00, 0x00, 0x22, 0x32, 0x00, 0x00,
    0x22, 0x32, 0x00, 0x00, 0x22, 0x32, 0x00, 0x00, 0x22, 0x32, 0x00, 0x00, 0x22, 0x32, 0x00, 0x00,
    0x44, 0x84, 0xDD, 0xDD, 0xCF, 0xDD, 0x88, 0xFF, 0xF0, 0xFF, 0xFF, 0x00, 0x90, 0x95, 0x97, 0x00,
    0x00, 0x27, 0x52, 0x09, 0xB0, 0x55, 0xF2, 0x09, 0xB0, 0xF7, 0xC7, 0xFD, 0x00, 0xDB, 0xCD, 0xFC,
    0x22, 0x32, 0x00, 0x00, 0x22, 0x32, 0x03, 0xF0, 0x22, 0x22, 0x03, 0xCF, 0x21, 0x22, 0x33, 0xCC,
    0x11, 0x22, 0x32, 0xCD, 0x11, 0x21, 0x32, 0xD3, 0x12, 0x11, 0x22, 0x33, 0x22, 0x11, 0x21, 0x32,
    0xF0, 0xDF, 0x84, 0x88, 0xFF, 0xDD, 0xD8, 0xDD, 0xFC, 0x4D, 0xDD, 0xDD, 0xDC, 0xDD, 0xFD, 0xFF,
    0xDD, 0xF8, 0xDF, 0x0F, 0x4D, 0xDD, 0xDD, 0x0F, 0xDD, 0xFD, 0xFF, 0x00, 0xF3, 0x0F, 0x00, 0x00,
    0x0F, 0x00, 0xB0, 0x57, 0x0F, 0x00, 0x00, 0x5B, 0x0F, 0x00, 0xB0, 0x25, 0x00, 0x00, 0xB0, 0x57,
    0x00, 0x00, 0x00, 0x79, 0x00, 0x00, 0x00, 0xDF, 0x00, 0x00, 0x00, 0x4F, 0x00, 0x00, 0x00, 0x8F,
    0xBB, 0x00, 0x00, 0x00, 0x72, 0x0B, 0x00, 0x00, 0x52, 0x09, 0x00, 0x00, 0x97, 0x0B, 0x00, 0x00,
    0xCC, 0xFD, 0x00, 0x00, 0x84, 0xD4, 0x00, 0x00, 0xD8, 0x8D, 0x0F, 0x00, 0xDD, 0xDD, 0x0F, 0x00,
    0x20, 0x12, 0x11, 0x22, 0x00, 0x22, 0x12, 0x21, 0x00, 0x00, 0x22, 0x11, 0x00, 0x00, 0x20, 0x22,
    0x00, 0x00, 0x00, 0x20, 0x00, 0x00, 0x00, 0x00, 0x00, 0x00, 0x00, 0x00, 0x00, 0x00, 0x00, 0x00,
    0x33, 0x00, 0x00, 0x00, 0x32, 0x03, 0x00, 0x00, 0x22, 0x33, 0x00, 0x00, 0x21, 0x32, 0x03, 0x00,
    0x32, 0x23, 0x33, 0x00, 0x30, 0x33, 0x32, 0x03, 0x00, 0x30, 0x33, 0x33, 0x00, 0x00, 0x00, 0x33,
    0x00, 0x00, 0x00, 0xD0, 0x00, 0x00, 0x00, 0xF0, 0x00, 0x00, 0x00, 0xD0, 0x00, 0x00, 0x00, 0xDF,
    0x00, 0x00, 0x00, 0xDF, 0x00, 0x00, 0x00, 0xF0, 0x03, 0x00, 0x00, 0xF0, 0x03, 0x00, 0x00, 0xF0,
    0xDD, 0xDD, 0xFF, 0x00, 0xFD, 0xFF, 0xDD, 0x0F, 0xFF, 0xDD, 0x4D, 0x0D, 0xD4, 0xDD, 0xDD, 0xFD,
    0xD8, 0xDD, 0xDD, 0xF8, 0xDD, 0xDD, 0xDD, 0xFD, 0xDD, 0xDD, 0xDD, 0xFD, 0xDD, 0xDD, 0xFF, 0x0F,
    0x00, 0x00, 0x00, 0x00, 0x00, 0x0B, 0x0B, 0x00, 0x0B, 0xB6, 0x0B, 0x00, 0xB6, 0x66, 0x0B, 0x00,
    0xB5, 0x5B, 0xB6, 0x0B, 0x66, 0x66, 0x55, 0xB6, 0x66, 0x55, 0x66, 0x66, 0x55, 0x56, 0x65, 0x56,
    0x00, 0x00, 0x00, 0x00, 0x00, 0x00, 0x00, 0x00, 0x00, 0x00, 0x00, 0x00, 0x00, 0x00, 0x00, 0x00,
    0x00, 0x00, 0x00, 0x00, 0x00, 0x00, 0x00, 0x00, 0x0B, 0x00, 0x00, 0x00, 0x6B, 0x0B, 0x00, 0x00,
    0x66, 0x66, 0x56, 0x55, 0x66, 0xAA, 0x66, 0x56, 0x6B, 0xA6, 0xAA, 0xA6, 0xB5, 0x6A, 0x65, 0xA6,
    0xB7, 0x65, 0x6A, 0xA5, 0x6B, 0xA6, 0x56, 0x6A, 0xBB, 0x6A, 0x6B, 0xB6, 0xBF, 0xB6, 0xB6, 0x0B,
    0xA6, 0xB5, 0x0B, 0x00, 0xA6, 0x65, 0x0B, 0x00, 0xA6, 0xB6, 0x00, 0x00, 0x6A, 0x0B, 0x00, 0x00,
    0xBB, 0x00, 0x00, 0x00, 0x0B, 0x00, 0x00, 0x00, 0xB6, 0x00, 0x00, 0x00, 0x00, 0x00, 0x00, 0x00,
    0xFD, 0xBB, 0xB8, 0xFF, 0xDD, 0xDD, 0x4F, 0xF8, 0xDD, 0xDD, 0x4F, 0xD8, 0xFF, 0xFF, 0x88, 0xFF,
    0xDD, 0xDD, 0xFD, 0xB7, 0xDD, 0xFD, 0x7F, 0x75, 0xDD, 0xFD, 0xBF, 0x53, 0xDD, 0xDD, 0x0F, 0x7B,
    0x00, 0x00, 0x00, 0x00, 0x00, 0x00, 0x00, 0x00, 0xFF, 0x00, 0x00, 0x00, 0xFF, 0xFF, 0x00, 0x00,
    0xFB, 0x81, 0x8F, 0xFF, 0x17, 0x54, 0x84, 0x84, 0x17, 0x48, 0x88, 0x41, 0x4F, 0x1F, 0x4F, 0x84,
    0xDD, 0xDD, 0xFF, 0x00, 0xDD, 0xDD, 0x4D, 0x0F, 0xDD, 0xDD, 0x44, 0xFF, 0xDD, 0x8D, 0xFF, 0x79,
    0x88, 0xF8, 0xDD, 0xF7, 0xFF, 0xCF, 0xCD, 0x9C, 0xCD, 0xCC, 0xCC, 0xDC, 0xDF, 0xDD, 0xCC, 0xCC,
    0xF0, 0x8F, 0x8F, 0x5F, 0x00, 0xF0, 0xFF, 0x77, 0x00, 0x00, 0x00, 0x00, 0x0F, 0x00, 0x00, 0x00,
    0xF9, 0x00, 0x00, 0x00, 0xF7, 0x00, 0x00, 0x00, 0x97, 0x0F, 0x00, 0x00, 0x5D, 0x0F, 0x00, 0x00,
    0x00, 0x00, 0x00, 0x00, 0x00, 0x00, 0x00, 0x00, 0x00, 0x00, 0x00, 0x00, 0x00, 0x00, 0x00, 0x00,
    0x00, 0x00, 0x00, 0x00, 0x00, 0x00, 0x00, 0x00, 0x00, 0x00, 0x23, 0x03, 0x00, 0x00, 0x23, 0x31,
    0x00, 0x00, 0x00, 0x00, 0x00, 0x00, 0x00, 0x00, 0x00, 0x00, 0x00, 0x00, 0x00, 0x00, 0x00, 0x00,
    0x00, 0x00, 0x00, 0x00, 0x00, 0x00, 0x00, 0x00, 0x00, 0x00, 0x00, 0x00, 0x33, 0x03, 0x00, 0x00,
    0xFF, 0xDF, 0x2D, 0x57, 0xF0, 0x57, 0xC2, 0xCC, 0xF0, 0xCD, 0xCC, 0xCC, 0x00, 0xDF, 0xCC, 0x8C,
    0x00, 0xFF, 0x44, 0xD8, 0x00, 0x4F, 0xCD, 0xCC, 0x00, 0xF0, 0xDF, 0xFF, 0x00, 0x00, 0x90, 0x35,
    0xD2, 0xFD, 0x00, 0x00, 0xDC, 0xF8, 0x00, 0x00, 0x88, 0xDF, 0x00, 0x00, 0xDD, 0xFC, 0x00, 0x00,
    0xCC, 0x0F, 0x00, 0x00, 0xFF, 0x00, 0x00, 0x00, 0x09, 0x00, 0x00, 0x00, 0x09, 0x00, 0x00, 0x00,
    0x33, 0x03, 0x00, 0x00, 0x00, 0x00, 0x00, 0x00, 0x00, 0x00, 0x00, 0x00, 0x00, 0x00, 0x00, 0x00,
    0x00, 0x00, 0x00, 0x00, 0x00, 0x00, 0x00, 0x00, 0x00, 0x00, 0x00, 0x00, 0x00, 0x00, 0x00, 0x00,
    0xFF, 0xFF, 0x00, 0x00, 0x00, 0x00, 0x00, 0x00, 0x00, 0x00, 0x00, 0x00, 0x00, 0x00, 0x00, 0x00,
    0x00, 0x00, 0x00, 0x00, 0x00, 0x00, 0x00, 0x00, 0x00, 0x00, 0x00, 0x00, 0x00, 0x00, 0x00, 0x00,
    0x00, 0x00, 0x00, 0x00, 0x00, 0x00, 0x00, 0x00, 0x00, 0x00, 0x00, 0x00, 0x00, 0x00, 0x00, 0x00,
    0x07, 0x00, 0x00, 0x00, 0x77, 0x00, 0x00, 0x00, 0x75, 0x00, 0x00, 0x00, 0x73, 0x00, 0x00, 0x00,
    0x77, 0x00, 0x00, 0x00, 0x07, 0x00, 0x00, 0x00, 0x00, 0x00, 0x00, 0x00, 0x00, 0x00, 0x00, 0x00,
    0x00, 0x00, 0x00, 0x00, 0x00, 0x00, 0x00, 0x00, 0x00, 0x00, 0x00, 0x00, 0x00, 0x00, 0x00, 0x00,
    0x00, 0x00, 0x00, 0x0B, 0x00, 0x00, 0x00, 0xBB, 0x00, 0x00, 0x00, 0x6B, 0x00, 0x00, 0x00, 0x5B,
    0x00, 0x00, 0x00, 0x66, 0x00, 0xB0, 0xBB, 0x6B, 0x00, 0xB0, 0x56, 0x55, 0x00, 0x00, 0x6B, 0x65,
    0x22, 0x11, 0x11, 0x21, 0x20, 0x12, 0x11, 0x11, 0x00, 0x22, 0x11, 0x11, 0x00, 0x20, 0x12, 0x11,
    0x00, 0x00, 0x22, 0x11, 0x00, 0x00, 0x20, 0x12, 0x00, 0x00, 0x00, 0x22, 0x00, 0x00, 0x00, 0x00,
};
static const u16 sFrame34[] = {
    0x0009, 0x00CF, 0x81D8, 0x0000, 0x40EF, 0x81E8, 0x0010, 0x80C7, 0x81F8, 0x0018, 0x40C7, 0x01D8,
    0x0020, 0x40E7, 0x01F8, 0x0022, 0x40FF, 0x01F8, 0x0024, 0x80D7, 0x0008, 0x0026, 0x00C7, 0x01F0,
    0x0028, 0x00EF, 0x01E0, 0x0029, 0x0000,
};
static const void* const sFrames34[] = { sFrame34 };
static const u8 sTiles35[1504] __attribute__((aligned(4))) = {
    0x00, 0x00, 0x00, 0x20, 0x20, 0x22, 0x22, 0x22, 0x22, 0x11, 0x11, 0x11, 0x11, 0x11, 0x11, 0x11,
    0x11, 0x11, 0x11, 0x11, 0x11, 0x11, 0x11, 0x11, 0x11, 0x11, 0x11, 0x11, 0x11, 0x11, 0x11, 0x11,
    0x22, 0x22, 0x22, 0x22, 0x22, 0x22, 0x22, 0x22, 0x11, 0x11, 0x11, 0x11, 0x11, 0x11, 0x11, 0x11,
    0x11, 0x11, 0x11, 0x11, 0x11, 0x11, 0x11, 0x11, 0x11, 0x11, 0x11, 0x11, 0x11, 0x11, 0x11, 0x11,
    0x02, 0x00, 0x00, 0x00, 0x22, 0x22, 0x00, 0x00, 0x11, 0x21, 0x22, 0x02, 0x11, 0x11, 0x11, 0x22,
    0x11, 0x11, 0x11, 0x11, 0x11, 0x11, 0x11, 0x11, 0x11, 0x11, 0x11, 0x11, 0x11, 0x11, 0x11, 0x11,
    0x00, 0x00, 0x00, 0x00, 0x00, 0x00, 0x00, 0x00, 0x00, 0x00, 0x00, 0x00, 0x02, 0x00, 0x00, 0x00,
    0x21, 0x02, 0x00, 0x00, 0x11, 0x22, 0x00, 0x00, 0x11, 0x21, 0x02, 0x00, 0x11, 0x11, 0x22, 0x00,
    0x11, 0x11, 0x11, 0x11, 0x11, 0x11, 0x11, 0x11, 0x11, 0x11, 0x11, 0x11, 0x12, 0x11, 0x11, 0x11,
    0x22, 0x22, 0x22, 0x11, 0x23, 0x22, 0x22, 0x22, 0x33, 0x33, 0x22, 0x22, 0x00, 0x33, 0x33, 0x23,
    0x11, 0x11, 0x11, 0x11, 0x11, 0x11, 0x11, 0x11, 0x11, 0x11, 0x11, 0x11, 0x11, 0x11, 0x11, 0x11,
    0x11, 0x11, 0x11, 0x11, 0x12, 0x11, 0x11, 0x11, 0x22, 0x22, 0x11, 0x11, 0x22, 0x22, 0x22, 0x11,
    0x11, 0x11, 0x11, 0x11, 0x11, 0x11, 0x11, 0x11, 0x11, 0x11, 0x11, 0x11, 0x11, 0x11, 0x11, 0x11,
    0x11, 0x11, 0x11, 0x11, 0x11, 0x11, 0x11, 0x11, 0x11, 0x11, 0x11, 0x11, 0x11, 0x11, 0x11, 0x11,
    0x11, 0x11, 0x21, 0x02, 0x11, 0x11, 0x11, 0x22, 0x11, 0x11, 0x11, 0x21, 0x11, 0x11, 0x11, 0x11,
    0x11, 0x11, 0x11, 0x11, 0x11, 0x11, 0x11, 0x11, 0x11, 0x11, 0x11, 0x11, 0x11, 0x11, 0x11, 0x11,
    0x00, 0x00, 0x00, 0x33, 0x00, 0x00, 0x00, 0x00, 0x00, 0x00, 0x00, 0x00, 0x00, 0x00, 0x00, 0x00,
    0x00, 0x00, 0x00, 0x00, 0x00, 0x00, 0x00, 0x00, 0x00, 0x00, 0x00, 0x00, 0x00, 0x00, 0x00, 0x00,
    0x33, 0x22, 0x22, 0x22, 0x30, 0x33, 0x22, 0x22, 0x00, 0x30, 0x33, 0x22, 0x00, 0x00, 0x30, 0x23,
    0x00, 0x00, 0x00, 0x33, 0x00, 0x00, 0x00, 0x30, 0x00, 0x00, 0x00, 0x00, 0x00, 0x00, 0x00, 0x00,
    0x11, 0x11, 0x11, 0x11, 0x22, 0x11, 0x11, 0x11, 0x22, 0x12, 0x11, 0x11, 0x22, 0x22, 0x11, 0x11,
    0x22, 0x22, 0x12, 0x11, 0x23, 0x22, 0x22, 0x11, 0x33, 0x22, 0x22, 0x12, 0x30, 0x23, 0x22, 0x12,
    0x11, 0x11, 0x11, 0x11, 0x11, 0x11, 0x11, 0x11, 0x11, 0x11, 0x11, 0x11, 0x11, 0x11, 0x11, 0x11,
    0x11, 0x11, 0x11, 0x11, 0x11, 0x11, 0x11, 0x11, 0x11, 0x11, 0x11, 0x11, 0x11, 0x11, 0x11, 0x11,
    0x00, 0x00, 0x00, 0xB0, 0x00, 0x00, 0xB0, 0x6B, 0x00, 0x00, 0x6B, 0x56, 0x00, 0xB0, 0x56, 0x66,
    0x00, 0xB0, 0x56, 0x65, 0x00, 0x6B, 0xA5, 0x56, 0x00, 0x6B, 0x6A, 0xAA, 0xB0, 0x65, 0x6A, 0x6A,
    0x00, 0x00, 0x00, 0x00, 0xBB, 0x0B, 0x00, 0x00, 0x65, 0xB5, 0x6B, 0xBB, 0x66, 0x56, 0xA6, 0xB6,
    0x66, 0x5A, 0x65, 0x0B, 0x65, 0x6A, 0x56, 0xB5, 0xA6, 0xA6, 0x6A, 0x55, 0xAA, 0x6A, 0x66, 0x6A,
    0x00, 0x33, 0x22, 0x22, 0x00, 0x30, 0x23, 0x22, 0x00, 0x00, 0x33, 0x22, 0x00, 0x00, 0x30, 0x22,
    0x00, 0x00, 0x30, 0x23, 0x00, 0x00, 0x30, 0x23, 0x0B, 0x00, 0x00, 0x33, 0xB6, 0x00, 0x00, 0x30,
    0x11, 0x11, 0x11, 0x11, 0x11, 0x11, 0x11, 0x11, 0x12, 0x11, 0x11, 0x21, 0x12, 0x11, 0x11, 0x22,
    0x22, 0x11, 0x21, 0x22, 0x22, 0x11, 0x22, 0x22, 0x22, 0x21, 0x22, 0x22, 0x22, 0x22, 0x22, 0x22,
    0xB0, 0xA5, 0x66, 0x5A, 0xB0, 0xA5, 0x65, 0xA6, 0x6B, 0xAB, 0x56, 0xA6, 0x00, 0x6B, 0xBB, 0x65,
    0x00, 0xBB, 0x6D, 0xB6, 0xF0, 0xDD, 0xFF, 0x7F, 0xDF, 0xDD, 0xFD, 0x8F, 0xDF, 0xDD, 0xDD, 0xFD,
    0xA6, 0xB6, 0x6B, 0xB6, 0x65, 0xBA, 0xB5, 0xB6, 0x65, 0xB6, 0x66, 0x6B, 0xA6, 0xB5, 0xB7, 0xB0,
    0x5B, 0xBB, 0x75, 0x00, 0xBB, 0x76, 0xF7, 0xF7, 0xD8, 0x7B, 0xFD, 0xF5, 0x84, 0xDF, 0xFD, 0xF7,
    0xBB, 0x00, 0x00, 0x30, 0x00, 0x00, 0x00, 0x00, 0x00, 0x00, 0x00, 0x00, 0x00, 0x00, 0x00, 0x00,
    0x8F, 0xFF, 0xF8, 0x0F, 0xF1, 0x84, 0x18, 0xF4, 0xF4, 0x41, 0x8F, 0x77, 0xB8, 0x84, 0x5F, 0x52,
    0x23, 0x22, 0x22, 0x32, 0x23, 0x22, 0x32, 0x33, 0x23, 0x22, 0x23, 0x21, 0x23, 0x23, 0x11, 0x32,
    0x73, 0x27, 0x22, 0x03, 0x57, 0x72, 0x03, 0x00, 0x22, 0x37, 0x00, 0x00, 0xB7, 0x00, 0x00, 0x00,
    0xDF, 0xDD, 0xFD, 0x4F, 0xF0, 0xFF, 0xDF, 0x8D, 0x00, 0xDF, 0xDF, 0xDD, 0x00, 0xDF, 0xFF, 0xDF,
    0x00, 0xDF, 0x57, 0xFB, 0xF0, 0xDD, 0x37, 0xB7, 0xFF, 0xDD, 0x57, 0xB7, 0x4F, 0xD4, 0xFF, 0xFF,
    0x84, 0xDF, 0xFD, 0x00, 0xD8, 0xFF, 0x0F, 0x00, 0xDD, 0xFD, 0x00, 0x00, 0xFD, 0xFD, 0x00, 0x00,
    0xDF, 0x0F, 0x00, 0x00, 0xDB, 0xFD, 0x0D, 0x00, 0xDD, 0x11, 0x0F, 0x00, 0x1F, 0xFF, 0x00, 0x00,
    0x7B, 0x57, 0x52, 0xB7, 0x00, 0x70, 0xB5, 0x7B, 0x00, 0x70, 0x72, 0x00, 0x00, 0x50, 0x07, 0x00,
    0x00, 0x00, 0x00, 0x00, 0x00, 0x00, 0x00, 0x00, 0x00, 0x00, 0x00, 0x00, 0x00, 0x00, 0x00, 0x00,
    0x75, 0x00, 0x00, 0x00, 0x07, 0x00, 0x00, 0x00, 0x00, 0x00, 0x00, 0x00, 0x00, 0x00, 0x00, 0x00,
    0x00, 0x00, 0x00, 0x00, 0x00, 0x00, 0x00, 0x00, 0x00, 0x00, 0x00, 0x00, 0x00, 0x00, 0x00, 0x00,
    0x00, 0x00, 0x00, 0x00, 0x00, 0x00, 0x00, 0x00, 0x00, 0x00, 0x00, 0x00, 0x00, 0x00, 0x00, 0x00,
    0x00, 0x00, 0x00, 0x00, 0x00, 0x00, 0x00, 0x20, 0x00, 0x00, 0x20, 0x22, 0x00, 0x20, 0x22, 0x11,
    0x00, 0x00, 0x00, 0x00, 0x00, 0x00, 0x00, 0x00, 0x00, 0x00, 0x00, 0x22, 0x00, 0x22, 0x22, 0x12,
    0x22, 0x22, 0x11, 0x11, 0x12, 0x11, 0x11, 0x11, 0x11, 0x11, 0x11, 0x11, 0x11, 0x11, 0x11, 0x11,
    0x20, 0x22, 0x11, 0x11, 0x22, 0x11, 0x11, 0x11, 0x12, 0x11, 0x11, 0x11, 0x11, 0x11, 0x11, 0x11,
    0x11, 0x11, 0x21, 0x22, 0x21, 0x22, 0x22, 0x22, 0x22, 0x22, 0x32, 0x33, 0x32, 0x33, 0x33, 0x00,
    0x11, 0x11, 0x11, 0x11, 0x11, 0x11, 0x11, 0x11, 0x11, 0x11, 0x11, 0x11, 0x21, 0x22, 0x22, 0x22,
    0x22, 0x22, 0x22, 0x22, 0x32, 0x33, 0x33, 0x33, 0x33, 0x33, 0x33, 0x33, 0x00, 0x00, 0x00, 0x00,
    0xF0, 0xF4, 0x18, 0x41, 0xF0, 0xFF, 0x54, 0xF8, 0xD0, 0xF7, 0xFF, 0x14, 0xF0, 0x79, 0x4F, 0x81,
    0xF0, 0x9D, 0x4F, 0x88, 0xF0, 0xDD, 0xFF, 0x48, 0xF0, 0x88, 0xF8, 0x14, 0xF0, 0xDF, 0xDD, 0x8F,
    0xFF, 0xDF, 0x0F, 0x00, 0xF8, 0xCF, 0xFD, 0x00, 0x41, 0x75, 0xF7, 0x00, 0x8F, 0x57, 0x77, 0x0F,
    0xF4, 0xDB, 0xCD, 0x0F, 0x41, 0xF7, 0xFC, 0x00, 0x34, 0x75, 0x0F, 0x00, 0x75, 0x77, 0x00, 0x00,
    0x00, 0xFF, 0xCD, 0x7C, 0x00, 0xF0, 0xF9, 0xDF, 0x9B, 0x7B, 0x33, 0x75, 0xB5, 0x59, 0x75, 0xF9,
    0xB2, 0x97, 0xBB, 0x7B, 0x92, 0xBB, 0xDD, 0xBD, 0x25, 0x85, 0xDD, 0xDD, 0x79, 0x4B, 0xDD, 0xDD,
    0x77, 0xD7, 0x00, 0x00, 0xCC, 0xFC, 0x00, 0x00, 0xFF, 0x0F, 0x00, 0x00, 0x9F, 0x00, 0x00, 0x00,
    0x95, 0x00, 0x00, 0x00, 0x09, 0x00, 0x00, 0x00, 0x0F, 0x00, 0x00, 0x00, 0xFF, 0x00, 0x00, 0x00,
    0x00, 0x4F, 0xDD, 0xDD, 0x00, 0x8F, 0xDD, 0xDD, 0x00, 0x4F, 0xDD, 0xDD, 0x00, 0x8F, 0xDD, 0xCD,
    0x00, 0x4F, 0xDD, 0xCC, 0x00, 0x8F, 0xDD, 0xCC, 0x00, 0x4F, 0xDD, 0xCC, 0x00, 0xF0, 0xD8, 0xCD,
    0xBB, 0xFF, 0xD8, 0xDD, 0x0F, 0xF0, 0xD4, 0xCD, 0x0F, 0x00, 0x8F, 0xDD, 0x0F, 0x00, 0x4F, 0xD8,
    0xFC, 0x00, 0xF0, 0x84, 0xCC, 0x0F, 0x00, 0x4F, 0xCC, 0x0F, 0x00, 0xF0, 0xCC, 0x0F, 0x00, 0x00,
    0x00, 0x00, 0x4F, 0x48, 0x00, 0x00, 0xF0, 0xFF, 0x00, 0x00, 0x00, 0x00, 0x00, 0x00, 0x00, 0x00,
    0x00, 0x00, 0x00, 0x00, 0x00, 0x00, 0x00, 0x00, 0x00, 0x00, 0x00, 0x00, 0x00, 0x00, 0x00, 0x00,
    0xF8, 0x00, 0x00, 0x00, 0x0F, 0x00, 0x00, 0x00, 0x00, 0x00, 0x00, 0x00, 0x00, 0x00, 0x00, 0x00,
    0x00, 0x00, 0x00, 0x00, 0x00, 0x00, 0x00, 0x00, 0x00, 0x00, 0x00, 0x00, 0x00, 0x00, 0x00, 0x00,
    0x00, 0x00, 0x00, 0x00, 0x00, 0x00, 0x00, 0x00, 0x02, 0x00, 0x00, 0x00, 0x22, 0x00, 0x00, 0x00,
    0x21, 0x00, 0x00, 0x00, 0x21, 0x02, 0x00, 0x00, 0x11, 0x02, 0x00, 0x00, 0x11, 0x22, 0x00, 0x00,
    0x11, 0x21, 0x00, 0x00, 0x11, 0x21, 0x02, 0x00, 0x11, 0x11, 0x22, 0x00, 0x11, 0x11, 0x22, 0x00,
    0x11, 0x21, 0x22, 0x00, 0x11, 0x21, 0x22, 0x02, 0x11, 0x22, 0x22, 0x02, 0x11, 0x22, 0x22, 0x22,
    0x21, 0x22, 0x22, 0x22, 0x22, 0x22, 0x22, 0x22, 0x22, 0x22, 0x22, 0x22, 0x22, 0x22, 0x22, 0x22,
    0x22, 0x22, 0x32, 0x33, 0x22, 0x22, 0x13, 0x32, 0x22, 0x32, 0x23, 0x33, 0x32, 0x23, 0x31, 0x03,
    0x33, 0x22, 0x03, 0x00, 0x22, 0x33, 0x00, 0x00, 0x33, 0x03, 0x00, 0x00, 0x03, 0x00, 0x00, 0x00,
    0x00, 0x00, 0x00, 0x00, 0x00, 0x00, 0x00, 0x00, 0x00, 0x00, 0x00, 0x00, 0x00, 0x00, 0x00, 0x00,
    0x00, 0x33, 0x22, 0x32, 0x00, 0x23, 0x32, 0x33, 0x30, 0x23, 0x33, 0x00, 0x30, 0x33, 0x03, 0x00,
    0x30, 0x33, 0x00, 0x00, 0x30, 0x03, 0x00, 0x00, 0x33, 0x00, 0x00, 0x00, 0x03, 0x00, 0x00, 0x00,
    0x33, 0x00, 0x00, 0x00, 0x00, 0x00, 0x00, 0x00, 0x00, 0x00, 0x00, 0x00, 0x00, 0x00, 0x00, 0x00,
    0x00, 0x00, 0x00, 0x00, 0x00, 0x00, 0x00, 0x00, 0x00, 0x00, 0x00, 0x00, 0x00, 0x00, 0x00, 0x00,
    0x00, 0x00, 0x00, 0x00, 0x00, 0x00, 0x00, 0x00, 0x00, 0x00, 0x00, 0x20, 0x00, 0x00, 0x00, 0x22,
    0x00, 0x00, 0x20, 0x12, 0x00, 0x00, 0x33, 0x11, 0x00, 0x30, 0x13, 0x21, 0x00, 0x33, 0x21, 0x22,
    0x03, 0x00, 0x00, 0x00, 0x00, 0x00, 0x00, 0x00, 0x00, 0x00, 0x00, 0x00, 0x00, 0x00, 0x00, 0x00,
    0x00, 0x00, 0x00, 0x00, 0x00, 0x00, 0x00, 0x00, 0x00, 0x00, 0x00, 0x00, 0x00, 0x00, 0x00, 0x00,
    0x00, 0x00, 0x00, 0x00, 0x02, 0x00, 0x00, 0x00, 0x02, 0x00, 0x00, 0x00, 0x02, 0x00, 0x00, 0x00,
    0x02, 0x00, 0x00, 0x00, 0x00, 0x00, 0x00, 0x00, 0x00, 0x00, 0x00, 0x00, 0x00, 0x00, 0x00, 0x00,
    0x00, 0x00, 0x00, 0x00, 0x00, 0x00, 0x00, 0x00, 0x00, 0x00, 0x00, 0xB0, 0x00, 0xFF, 0xFF, 0x9B,
    0xF0, 0x84, 0xDC, 0x59, 0xF0, 0xD8, 0xDD, 0x7D, 0xF0, 0xD4, 0xDD, 0xBD, 0xF0, 0xD8, 0xDD, 0xBD,
    0xCC, 0x0F, 0x00, 0x00, 0xCC, 0xFC, 0x00, 0x00, 0xCC, 0xFC, 0x00, 0x00, 0xCD, 0xFC, 0x00, 0x00,
    0xDD, 0xFD, 0x00, 0x00, 0x48, 0x0F, 0x00, 0x00, 0xFF, 0x00, 0x00, 0x00, 0x00, 0x00, 0x00, 0x00,
};
static const u16 sFrame35[] = {
    0x000C, 0x00B6, 0x81FF, 0x0000, 0x40D6, 0x81FF, 0x0010, 0x00B6, 0x41EF, 0x0018, 0x00E6, 0x41FF,
    0x001C, 0x00F6, 0x41F7, 0x0020, 0x80BE, 0x401F, 0x0024, 0x40C6, 0x01E7, 0x0028, 0x00BE, 0x01E7,
    0x002A, 0x00CE, 0x01E7, 0x002B, 0x00CE, 0x0027, 0x002C, 0x00EE, 0x01F7, 0x002D, 0x00F6, 0x0007,
    0x002E, 0x0000,
};
static const void* const sFrames35[] = { sFrame35 };
static const u8 sTiles36[1024] __attribute__((aligned(4))) = {
    0x00, 0x00, 0x00, 0x00, 0x00, 0x00, 0x00, 0x00, 0x00, 0x00, 0x00, 0xB0, 0x00, 0x00, 0xB0, 0x6B,
    0x00, 0x00, 0xB0, 0x56, 0x00, 0x00, 0xF0, 0xFF, 0x00, 0x00, 0xDF, 0xDD, 0x00, 0x00, 0xDF, 0xDD,
    0x00, 0x00, 0xBB, 0x00, 0xB0, 0xBB, 0x66, 0xBB, 0x6B, 0x65, 0x55, 0x65, 0x55, 0x66, 0x56, 0x66,
    0x65, 0x66, 0x66, 0xA6, 0x56, 0x56, 0x66, 0xA6, 0x5F, 0x65, 0x65, 0x66, 0xFD, 0x56, 0x65, 0xA5,
    0x00, 0x00, 0x00, 0x00, 0x00, 0x00, 0x00, 0x00, 0xB6, 0x00, 0x00, 0x00, 0x6A, 0xBB, 0xBB, 0x00,
    0x56, 0x6B, 0x06, 0x00, 0x66, 0xB5, 0x00, 0x00, 0x5A, 0x65, 0x00, 0x00, 0xA6, 0x56, 0x0B, 0x00,
    0x00, 0x00, 0x00, 0x00, 0x00, 0x00, 0x00, 0x00, 0x00, 0x00, 0x00, 0x00, 0x00, 0x00, 0x00, 0x00,
    0x00, 0x03, 0x00, 0x00, 0x30, 0x33, 0x03, 0x00, 0x30, 0x23, 0x33, 0x03, 0x30, 0x23, 0x22, 0x32,
    0x00, 0xF0, 0xFD, 0xDD, 0x00, 0xDF, 0xFF, 0xDF, 0x00, 0xDF, 0xDD, 0xFD, 0x00, 0xDF, 0xDD, 0xDD,
    0xF0, 0xDD, 0xDD, 0xDD, 0xDF, 0xDD, 0xDD, 0x8F, 0xD8, 0xDD, 0xDD, 0x8F, 0x88, 0xD8, 0xDD, 0xFD,
    0xDD, 0x6F, 0x66, 0x65, 0xDD, 0x6F, 0x65, 0x65, 0xDF, 0xFD, 0x65, 0xB5, 0xFD, 0xFD, 0x57, 0xB6,
    0x88, 0xFF, 0x7B, 0x6B, 0x44, 0xF8, 0x75, 0x0B, 0x44, 0xD8, 0x7B, 0x00, 0x88, 0xDD, 0x0F, 0x00,
    0x6A, 0xBB, 0xB6, 0x00, 0x5A, 0xB6, 0x00, 0x00, 0x56, 0x6B, 0x0B, 0x00, 0x6B, 0x0B, 0x00, 0x00,
    0xB0, 0x00, 0x00, 0x00, 0xB0, 0x00, 0x00, 0x00, 0x00, 0x00, 0x00, 0x00, 0x00, 0x00, 0x00, 0x30,
    0x30, 0x23, 0x11, 0x22, 0x33, 0x22, 0x11, 0x21, 0x33, 0x22, 0x11, 0x11, 0x33, 0x22, 0x11, 0x11,
    0x33, 0x22, 0x11, 0x11, 0x33, 0x12, 0x11, 0x11, 0x33, 0x12, 0x11, 0x11, 0x23, 0x12, 0x11, 0x11,
    0xDF, 0x4D, 0xD4, 0xFD, 0xDF, 0xFF, 0x4F, 0xF1, 0xFF, 0xDD, 0xFD, 0x1D, 0xDD, 0xFF, 0xDD, 0xDF,
    0xCD, 0xDD, 0xFF, 0xDF, 0xCC, 0xFD, 0xDF, 0xFD, 0xFD, 0xDF, 0x99, 0xCC, 0xDF, 0x9D, 0x77, 0xC9,
    0xDD, 0xDD, 0x0F, 0x00, 0xDD, 0xFD, 0x0F, 0x00, 0xFF, 0xBF, 0x07, 0x00, 0xB1, 0x27, 0x75, 0x07,
    0xB1, 0xFB, 0x22, 0x75, 0x7F, 0x4F, 0x5B, 0x72, 0xFC, 0x84, 0xF4, 0x52, 0x7C, 0xFF, 0x51, 0x55,
    0x00, 0x00, 0x00, 0x30, 0x00, 0x00, 0x00, 0x33, 0x00, 0x00, 0x00, 0x23, 0x00, 0x00, 0x00, 0x23,
    0x00, 0x00, 0x30, 0x23, 0x00, 0x00, 0x33, 0x22, 0x00, 0x30, 0x23, 0x22, 0x00, 0x33, 0x22, 0x22,
    0x22, 0x12, 0x11, 0x11, 0x22, 0x12, 0x11, 0x11, 0x22, 0x11, 0x11, 0x11, 0x22, 0x11, 0x11, 0x11,
    0x22, 0x11, 0x11, 0x11, 0x12, 0x11, 0x11, 0x11, 0x12, 0x11, 0x11, 0x11, 0x11, 0x11, 0x11, 0x11,
    0xDF, 0x9D, 0xF7, 0x97, 0xFF, 0x95, 0x7F, 0x9F, 0xF0, 0xDD, 0x99, 0xC9, 0xF0, 0xDD, 0xDD, 0x84,
    0x00, 0x4F, 0x44, 0xFF, 0x00, 0xF0, 0xFF, 0x77, 0x00, 0x70, 0x75, 0x57, 0x00, 0x57, 0x72, 0xB7,
    0xD2, 0xFD, 0xF8, 0x77, 0x8D, 0xD8, 0xFF, 0x52, 0xC8, 0xFF, 0x5F, 0x25, 0xFF, 0x37, 0x77, 0x7B,
    0x57, 0x53, 0x5B, 0x05, 0x53, 0xB7, 0x25, 0x07, 0xB7, 0x25, 0x72, 0x00, 0x77, 0xBB, 0x0B, 0x00,
    0x3B, 0x23, 0x22, 0x22, 0x35, 0x33, 0x22, 0x22, 0x88, 0x11, 0x22, 0x22, 0x8E, 0x22, 0x11, 0x11,
    0x30, 0x33, 0x33, 0x22, 0x00, 0x00, 0x00, 0x33, 0x00, 0x00, 0x00, 0x00, 0x00, 0x00, 0x00, 0x00,
    0x12, 0x11, 0x11, 0x21, 0x22, 0x22, 0x22, 0x22, 0x22, 0x22, 0x22, 0x22, 0x22, 0x22, 0x22, 0x32,
    0x11, 0x11, 0x22, 0x22, 0x33, 0x22, 0x11, 0x11, 0x00, 0x33, 0x33, 0x23, 0x00, 0x00, 0x00, 0x30,
    0x00, 0x00, 0x00, 0x00, 0x00, 0x00, 0x00, 0x00, 0x00, 0x00, 0x00, 0x00, 0x00, 0x00, 0x00, 0x00,
    0x00, 0x00, 0x00, 0x00, 0x00, 0x00, 0x00, 0x00, 0x00, 0x00, 0x00, 0xF0, 0x00, 0x00, 0x00, 0xDF,
    0x00, 0x00, 0xF0, 0x8F, 0x00, 0x00, 0x8F, 0xF8, 0x00, 0x00, 0xFF, 0xDC, 0x00, 0xF0, 0xFF, 0xCC,
    0x00, 0xDF, 0xFD, 0xDD, 0xF0, 0xDD, 0xDD, 0xDF, 0xDF, 0xD5, 0xDD, 0xFD, 0xDD, 0x2D, 0xD7, 0xFF,
    0x00, 0x00, 0x00, 0xDF, 0x00, 0x00, 0xF0, 0x44, 0x00, 0x00, 0xDF, 0xCC, 0x00, 0x00, 0xDF, 0xDD,
    0x00, 0x00, 0xF0, 0xDF, 0x00, 0x00, 0x70, 0xF7, 0x00, 0x70, 0x77, 0x55, 0x00, 0x57, 0x72, 0x77,
    0xDD, 0xDD, 0x5D, 0xFD, 0xDD, 0xCC, 0xDD, 0x72, 0x44, 0xCD, 0xDC, 0xFD, 0xCC, 0x88, 0xDD, 0x0F,
    0xDD, 0xCC, 0xF8, 0x00, 0xDF, 0xDD, 0x0F, 0x00, 0xF7, 0xFF, 0x0F, 0x00, 0x00, 0x00, 0x00, 0x00,
    0x11, 0x11, 0x21, 0x00, 0x11, 0x11, 0x21, 0x02, 0x11, 0x11, 0x11, 0x02, 0x11, 0x11, 0x11, 0x22,
    0x11, 0x11, 0x11, 0x21, 0x11, 0x11, 0x11, 0x22, 0x11, 0x11, 0x22, 0x22, 0x11, 0x22, 0x22, 0x22,
    0x00, 0x00, 0x00, 0x00, 0x00, 0x00, 0x00, 0x00, 0x00, 0x00, 0x00, 0x00, 0x00, 0x00, 0x00, 0x00,
    0x00, 0x00, 0x00, 0x00, 0x02, 0x00, 0x00, 0x00, 0x02, 0x00, 0x00, 0x00, 0x22, 0x00, 0x00, 0x00,
    0x22, 0x22, 0x23, 0x22, 0x32, 0x12, 0x32, 0x32, 0x23, 0x31, 0x22, 0x23, 0x23, 0x22, 0x11, 0x22,
    0x32, 0x23, 0x12, 0x12, 0x22, 0x32, 0x33, 0x23, 0x11, 0x11, 0x21, 0x32, 0x33, 0x23, 0x12, 0x21,
    0x22, 0x00, 0x00, 0x00, 0x23, 0x00, 0x00, 0x00, 0x31, 0x00, 0x00, 0x00, 0x31, 0x00, 0x00, 0x00,
    0x32, 0x00, 0x00, 0x00, 0x02, 0x00, 0x00, 0x00, 0x03, 0x00, 0x00, 0x00, 0x03, 0x00, 0x00, 0x00,
    0x00, 0x27, 0x52, 0x75, 0x00, 0x5F, 0x55, 0xD7, 0xF0, 0xDD, 0xBB, 0xB7, 0xF0, 0xDC, 0xDD, 0xDD,
    0xDF, 0xCC, 0xDD, 0xDD, 0xDF, 0xDD, 0xDD, 0xF4, 0x8F, 0x88, 0x48, 0x0F, 0xF0, 0xFF, 0xFF, 0x00,
    0xFF, 0x0F, 0x00, 0x00, 0xDF, 0xFD, 0x00, 0x00, 0xDD, 0xF4, 0x00, 0x00, 0x8D, 0xFD, 0x00, 0x00,
    0xD8, 0x0F, 0x00, 0x00, 0xFF, 0x00, 0x00, 0x00, 0x00, 0x00, 0x00, 0x00, 0x00, 0x00, 0x00, 0x00,
    0x00, 0x57, 0x25, 0x77, 0xF0, 0x7D, 0x25, 0x75, 0xDF, 0xDD, 0xBB, 0xF7, 0xDF, 0xDD, 0xDD, 0x8D,
    0xDF, 0xDD, 0xDD, 0xDD, 0x8F, 0xD8, 0xDD, 0xDD, 0xDF, 0x44, 0x88, 0x48, 0xF0, 0xFF, 0xFF, 0xFF,
    0x00, 0xFF, 0xFF, 0x00, 0xF0, 0x88, 0x44, 0x0F, 0x4F, 0xCC, 0xCC, 0xF4, 0xC8, 0xCC, 0xCC, 0xF8,
    0xDD, 0xCC, 0xCC, 0xF8, 0xDD, 0xCD, 0xDC, 0xF4, 0xDD, 0xDD, 0xDD, 0xF8, 0x84, 0x88, 0x44, 0x0F,
    0x00, 0x00, 0x00, 0x00, 0x00, 0x00, 0x00, 0x00, 0x00, 0x00, 0x00, 0x00, 0x00, 0x00, 0x00, 0x00,
    0x00, 0x00, 0x00, 0x00, 0x00, 0x00, 0x00, 0x00, 0x00, 0x00, 0x00, 0xF0, 0x00, 0x00, 0x00, 0xF0,
    0x02, 0x00, 0x00, 0x00, 0x22, 0x00, 0x00, 0x00, 0x22, 0x02, 0x00, 0x00, 0x21, 0x02, 0x00, 0x00,
    0x11, 0x22, 0x00, 0x00, 0x11, 0x21, 0x00, 0x00, 0x11, 0x21, 0x02, 0x00, 0x11, 0x11, 0x22, 0x00,
    0x00, 0x30, 0x33, 0x32, 0x00, 0x00, 0x00, 0x00, 0x00, 0x00, 0x00, 0x00, 0x00, 0x00, 0x00, 0x00,
    0x00, 0x00, 0x00, 0x00, 0x00, 0x00, 0x00, 0x00, 0x00, 0x00, 0x00, 0x00, 0x00, 0x00, 0x00, 0x00,
    0xFF, 0xFF, 0xFF, 0x00, 0x00, 0x00, 0x00, 0x00, 0x00, 0x00, 0x00, 0x00, 0x00, 0x00, 0x00, 0x00,
    0x00, 0x00, 0x00, 0x00, 0x00, 0x00, 0x00, 0x00, 0x00, 0x00, 0x00, 0x00, 0x00, 0x00, 0x00, 0x00,
};
static const u16 sFrame36[] = {
    0x0008, 0x00D7, 0x81FF, 0x0000, 0x00E7, 0x41EF, 0x0010, 0x00E7, 0x401F, 0x0014, 0x40F7, 0x41EF,
    0x0018, 0x00DF, 0x01F7, 0x001C, 0x00DF, 0x001F, 0x001D, 0x00F7, 0x001F, 0x001E, 0x00FF, 0x0007,
    0x001F, 0x0000,
};
static const void* const sFrames36[] = { sFrame36 };
static const u8 sTiles37[736] __attribute__((aligned(4))) = {
    0x00, 0x00, 0x00, 0x00, 0x00, 0x00, 0x00, 0x00, 0x00, 0x00, 0x00, 0x00, 0x00, 0x00, 0x00, 0x00,
    0x00, 0x00, 0x00, 0x00, 0x00, 0x00, 0x00, 0xF0, 0x00, 0x00, 0x00, 0xF0, 0x00, 0x00, 0x00, 0xF0,
    0x00, 0x80, 0x64, 0x65, 0x00, 0x8F, 0x6B, 0x55, 0x00, 0x4F, 0x5B, 0xB6, 0x00, 0x8F, 0xBB, 0xBB,
    0xF0, 0xDF, 0x88, 0xBD, 0xDF, 0xFC, 0xDD, 0x6D, 0xCD, 0xFD, 0xDD, 0xFD, 0xFF, 0xFC, 0x5F, 0x95,
    0x56, 0x65, 0x6A, 0x65, 0xA5, 0x6A, 0xA6, 0x55, 0x6B, 0xA6, 0xA6, 0x56, 0x56, 0xAA, 0x56, 0x5B,
    0xA9, 0xA5, 0x67, 0x6B, 0x6B, 0xA6, 0xB7, 0xF6, 0xBC, 0x6D, 0xDB, 0xFC, 0xCF, 0xFD, 0xDD, 0xCF,
    0xAA, 0x6A, 0x0B, 0x00, 0xA6, 0x00, 0x00, 0x00, 0x6B, 0x0B, 0x00, 0x00, 0xBB, 0x0B, 0x00, 0x00,
    0x0B, 0x00, 0x00, 0x00, 0x00, 0x00, 0x00, 0x00, 0x0F, 0x00, 0x00, 0x00, 0xFF, 0x00, 0x00, 0x00,
    0x00, 0x00, 0x00, 0x90, 0x00, 0x00, 0x00, 0x90, 0x00, 0x00, 0x00, 0x90, 0x00, 0x00, 0x00, 0x00,
    0x00, 0x00, 0x00, 0x90, 0x00, 0x00, 0x00, 0x89, 0x00, 0x00, 0x80, 0x58, 0x00, 0x00, 0x40, 0x98,
    0xF3, 0xDC, 0x9F, 0x93, 0x53, 0xCF, 0x9D, 0x95, 0x59, 0xC9, 0xBD, 0x11, 0x59, 0xF9, 0x19, 0x84,
    0x99, 0x9B, 0x85, 0x9F, 0x84, 0xBF, 0xB9, 0x18, 0xF2, 0x28, 0xF5, 0x84, 0xF5, 0x29, 0x82, 0x8F,
    0x5F, 0xDF, 0xFD, 0x9C, 0xCC, 0xFD, 0xDF, 0x79, 0xC8, 0xDD, 0xCD, 0x9C, 0xBB, 0x97, 0xC9, 0x57,
    0xFF, 0x2B, 0xB7, 0xC2, 0x41, 0x5F, 0x52, 0xC9, 0x18, 0xF4, 0x25, 0xD9, 0x84, 0x4F, 0x25, 0xCF,
    0x77, 0x0F, 0x00, 0x00, 0xF7, 0xF7, 0x00, 0x00, 0x7F, 0xFF, 0x00, 0x00, 0x99, 0xDD, 0x0F, 0x00,
    0xCC, 0xCD, 0x0D, 0x00, 0xDD, 0xDC, 0x0F, 0x00, 0xCC, 0xFF, 0x00, 0x00, 0xFF, 0xF7, 0x00, 0x00,
    0x00, 0x00, 0x88, 0xC4, 0x00, 0x00, 0xC8, 0xCC, 0x00, 0x00, 0x84, 0x5C, 0x00, 0xFF, 0x88, 0x7C,
    0xF0, 0xCC, 0xCC, 0xC4, 0xCF, 0xCC, 0xCC, 0x48, 0xCF, 0xCC, 0x84, 0x41, 0xDF, 0xCC, 0xCC, 0xCC,
    0xBB, 0x99, 0xF7, 0x14, 0x7C, 0x57, 0xFB, 0x88, 0x95, 0x25, 0x5B, 0x99, 0xB7, 0x22, 0xB2, 0x97,
    0xB1, 0x79, 0x25, 0x22, 0xBC, 0xBB, 0xBB, 0x59, 0xDC, 0x4D, 0x0F, 0xB0, 0xDD, 0x84, 0x0F, 0x00,
    0x44, 0x9F, 0x97, 0xFF, 0x95, 0x2B, 0x92, 0x38, 0x53, 0x59, 0x82, 0x28, 0x9B, 0x97, 0x3B, 0x28,
    0x57, 0x72, 0x09, 0x33, 0x22, 0x95, 0xF0, 0xCD, 0x7B, 0x09, 0xF0, 0xC4, 0x00, 0x00, 0x8F, 0xCD,
    0x57, 0x59, 0x0B, 0x00, 0x73, 0x29, 0x0B, 0x00, 0x22, 0x22, 0xF3, 0x00, 0x11, 0x21, 0x22, 0x02,
    0x23, 0x12, 0x11, 0x22, 0x3C, 0x33, 0x22, 0x11, 0xCC, 0xDD, 0x33, 0x23, 0xCC, 0xDD, 0x0F, 0x30,
    0x8F, 0xDD, 0xDD, 0x4D, 0xF0, 0x84, 0x84, 0x84, 0x00, 0xFF, 0xFF, 0xFF, 0x00, 0x00, 0x00, 0x00,
    0x00, 0x00, 0x00, 0x00, 0x00, 0x00, 0x00, 0x00, 0x00, 0x00, 0x00, 0x00, 0x00, 0x00, 0x00, 0x00,
    0x48, 0xF8, 0x00, 0x00, 0xFF, 0x0F, 0x00, 0x00, 0x00, 0x00, 0x00, 0x00, 0x00, 0x00, 0x00, 0x00,
    0x00, 0x00, 0x00, 0x00, 0x00, 0x00, 0x00, 0x00, 0x00, 0x00, 0x00, 0x00, 0x00, 0x00, 0x00, 0x00,
    0x00, 0xF0, 0x8D, 0xDD, 0x00, 0xF0, 0x48, 0x48, 0x00, 0xF0, 0xDD, 0xDD, 0x00, 0x00, 0xFF, 0xFF,
    0x00, 0x00, 0x00, 0x00, 0x00, 0x00, 0x00, 0x00, 0x00, 0x00, 0x00, 0x00, 0x00, 0x00, 0x00, 0x00,
    0xDD, 0xDD, 0x0F, 0x00, 0x48, 0xFD, 0x00, 0x00, 0xDD, 0xF8, 0x00, 0x00, 0xFF, 0x0F, 0x00, 0x00,
    0x00, 0x00, 0x00, 0x00, 0x00, 0x00, 0x00, 0x00, 0x00, 0x00, 0x00, 0x00, 0x00, 0x00, 0x00, 0x00,
    0x00, 0x00, 0x00, 0x00, 0x00, 0x30, 0x03, 0x00, 0x00, 0x23, 0x21, 0x33, 0x30, 0x12, 0x32, 0x22,
    0x22, 0x12, 0x12, 0x32, 0x21, 0x22, 0x12, 0x21, 0x12, 0x11, 0x22, 0x22, 0x33, 0x22, 0x11, 0x21,
    0x00, 0x00, 0x00, 0x00, 0x00, 0x00, 0x00, 0x00, 0x00, 0x00, 0x00, 0x00, 0x23, 0x03, 0x00, 0x00,
    0x12, 0x03, 0x00, 0x00, 0x21, 0x03, 0x00, 0x00, 0x21, 0x00, 0x00, 0x00, 0x32, 0x00, 0x00, 0x00,
    0x00, 0x33, 0x23, 0x12, 0x00, 0x00, 0x30, 0x33, 0x00, 0x00, 0x00, 0x00, 0x00, 0x00, 0x00, 0x00,
    0x00, 0x00, 0x00, 0x00, 0x00, 0x00, 0x00, 0x00, 0x00, 0x00, 0x00, 0x00, 0x00, 0x00, 0x00, 0x00,
    0x32, 0x00, 0x00, 0x00, 0x02, 0x00, 0x00, 0x00, 0x00, 0x00, 0x00, 0x00, 0x00, 0x00, 0x00, 0x00,
    0x00, 0x00, 0x00, 0x00, 0x00, 0x00, 0x00, 0x00, 0x00, 0x00, 0x00, 0x00, 0x00, 0x00, 0x00, 0x00,
    0x00, 0x00, 0x00, 0x00, 0x00, 0x00, 0x60, 0xBB, 0x00, 0x00, 0xB0, 0x56, 0x00, 0x00, 0xB0, 0x56,
    0x00, 0x00, 0xB0, 0x66, 0x00, 0x00, 0xDF, 0xBB, 0x00, 0xF0, 0xBD, 0x55, 0x00, 0xF0, 0xB8, 0x65,
    0xBB, 0xBB, 0x0B, 0x00, 0x66, 0x56, 0x65, 0xBB, 0x65, 0x65, 0x66, 0x65, 0x66, 0x56, 0x66, 0x56,
    0xA5, 0x56, 0x55, 0x56, 0x66, 0x6A, 0x56, 0x65, 0x66, 0xAA, 0x66, 0x66, 0x66, 0x66, 0x66, 0xAA,
    0x00, 0x00, 0x00, 0x00, 0x00, 0x00, 0x00, 0x00, 0x0B, 0x00, 0x00, 0x00, 0xB6, 0x00, 0x00, 0x00,
    0xB6, 0x00, 0x00, 0x00, 0x6A, 0x0B, 0x00, 0x00, 0x5A, 0x0B, 0x00, 0x00, 0x66, 0xB5, 0x00, 0x00,
};
static const u16 sFrame37[] = {
    0x0004, 0x00E4, 0x81F0, 0x0000, 0x00F4, 0x4010, 0x0010, 0x40DC, 0x01F8, 0x0014, 0x00DC, 0x0008,
    0x0016, 0x0000,
};
static const void* const sFrames37[] = { sFrame37 };
static const u8 sTiles38[800] __attribute__((aligned(4))) = {
    0xA0, 0x0A, 0x00, 0xB0, 0xA0, 0xA3, 0x00, 0xB0, 0x5A, 0x57, 0x0A, 0xB0, 0xA0, 0x7A, 0xF4, 0x00,
    0x70, 0x85, 0x81, 0x0F, 0x00, 0xAB, 0xF4, 0xF8, 0x00, 0xB0, 0x18, 0xF1, 0x00, 0x00, 0x4F, 0xF4,
    0x65, 0x6A, 0xAA, 0x56, 0xB6, 0x56, 0xBA, 0x5B, 0xBB, 0xB5, 0x7B, 0xBB, 0xB0, 0xB6, 0x57, 0x6B,
    0xB0, 0x0B, 0x5A, 0xB5, 0x8F, 0x0F, 0xDF, 0x8D, 0x14, 0xB8, 0xFB, 0xDD, 0x71, 0x35, 0xF5, 0xDD,
    0x65, 0xA6, 0x6A, 0x0B, 0xA6, 0x6A, 0xB6, 0xFF, 0xAA, 0xB6, 0xFB, 0xDF, 0xB5, 0xDB, 0xDD, 0xFD,
    0xB6, 0xD8, 0xFF, 0xDD, 0x4B, 0x84, 0xDD, 0xDF, 0x48, 0xD8, 0xDD, 0xFD, 0x8D, 0xDD, 0xDD, 0xDD,
    0x00, 0x00, 0x00, 0x00, 0xFF, 0xFF, 0x0F, 0x00, 0xFD, 0xDD, 0x0F, 0xFF, 0xDD, 0xDF, 0xFD, 0x48,
    0xDD, 0xDF, 0xFD, 0xF7, 0xFD, 0xDD, 0xFD, 0x75, 0xDF, 0xFF, 0xAB, 0x4A, 0xDD, 0xFF, 0x88, 0xF7,
    0x00, 0x00, 0x8F, 0x8F, 0x00, 0x00, 0xF0, 0xFF, 0x00, 0x00, 0x00, 0x00, 0x00, 0x00, 0x00, 0x00,
    0x00, 0x00, 0x00, 0x00, 0x00, 0x00, 0x00, 0x00, 0x00, 0x00, 0x00, 0x00, 0x00, 0x00, 0x00, 0x00,
    0xA4, 0x57, 0xF7, 0xDD, 0xB8, 0xAF, 0xFB, 0xDD, 0xFF, 0x00, 0xFF, 0xFF, 0x00, 0x00, 0x00, 0x00,
    0x00, 0x00, 0x00, 0x00, 0x00, 0x00, 0x00, 0xFF, 0x00, 0x00, 0xF0, 0x57, 0x00, 0x00, 0xFF, 0xCC,
    0xDD, 0xDD, 0xDD, 0xDD, 0xFF, 0xDF, 0xDD, 0xDD, 0x01, 0xF1, 0xDF, 0xDD, 0x00, 0xD1, 0xD1, 0xDD,
    0x10, 0xFF, 0xD1, 0xDD, 0xCD, 0xDC, 0x11, 0x44, 0xCC, 0xFC, 0xDF, 0xFF, 0xC2, 0xDC, 0xFF, 0xDD,
    0xDD, 0xFD, 0x8F, 0xBA, 0xDD, 0xDD, 0x8D, 0x0F, 0xDD, 0xDD, 0x88, 0x0F, 0x4D, 0x88, 0xF8, 0x00,
    0x44, 0xFF, 0x00, 0x00, 0xFF, 0xDF, 0x0F, 0x00, 0x9D, 0xC9, 0x0F, 0x00, 0x79, 0x97, 0x0F, 0x00,
    0x00, 0x00, 0x00, 0x00, 0x00, 0x00, 0x00, 0x00, 0x00, 0x00, 0x00, 0x00, 0x00, 0x00, 0xF0, 0xFF,
    0x00, 0x00, 0xCF, 0xCC, 0x00, 0xF0, 0xC8, 0xCC, 0x00, 0xF0, 0xC4, 0xCC, 0x00, 0xF0, 0xC8, 0xCC,
    0x00, 0x00, 0x70, 0xF7, 0x00, 0x00, 0x70, 0x53, 0x00, 0x00, 0xA0, 0x75, 0x0F, 0xA0, 0xB7, 0xA7,
    0xFD, 0xA0, 0x25, 0x52, 0xDC, 0xDD, 0x5A, 0x75, 0xCC, 0xDD, 0xDD, 0xDD, 0xCC, 0xDD, 0xDD, 0xDD,
    0x07, 0xF0, 0x7F, 0x55, 0x07, 0x00, 0xF0, 0xAF, 0x00, 0x00, 0x00, 0x00, 0x00, 0x00, 0x00, 0x00,
    0x0A, 0x00, 0x00, 0x00, 0x0D, 0x00, 0x00, 0x00, 0xFD, 0x00, 0x00, 0xF0, 0xFD, 0x00, 0x00, 0xDF,
    0x75, 0xBA, 0x52, 0xFD, 0x57, 0xB7, 0x52, 0xCD, 0xB0, 0x2A, 0xA5, 0xDD, 0xB0, 0x57, 0xD7, 0xDD,
    0x00, 0xDF, 0xD8, 0xDD, 0xF0, 0x4D, 0xDD, 0xDD, 0xCD, 0x8D, 0xDD, 0x8D, 0xCC, 0xD4, 0xDD, 0xF4,
    0x00, 0xF0, 0xD4, 0xCC, 0x00, 0x00, 0x8F, 0xDD, 0x00, 0x00, 0x4F, 0x48, 0x00, 0x00, 0xF0, 0xFF,
    0x00, 0x00, 0x00, 0x00, 0x00, 0x00, 0x00, 0x00, 0x00, 0x00, 0x00, 0x00, 0x00, 0x00, 0x00, 0x00,
    0xDC, 0xDD, 0xDD, 0xDD, 0xDD, 0xDD, 0x48, 0x48, 0x48, 0x48, 0xFF, 0xFF, 0xFF, 0xFF, 0x00, 0x00,
    0x00, 0x00, 0x00, 0x00, 0x00, 0x00, 0x00, 0x00, 0x00, 0x00, 0x00, 0x00, 0x00, 0x00, 0x00, 0x00,
    0xFD, 0x00, 0x00, 0xCF, 0xF8, 0x00, 0x00, 0xCF, 0x0F, 0x00, 0x00, 0x8F, 0x00, 0x00, 0x00, 0xF0,
    0x00, 0x00, 0x00, 0x00, 0x00, 0x00, 0x00, 0x00, 0x00, 0x00, 0x00, 0x00, 0x00, 0x00, 0x00, 0x00,
    0xCC, 0xC8, 0xDD, 0xF8, 0x4C, 0xDC, 0x4D, 0x0F, 0x8C, 0xDD, 0x84, 0x0F, 0x84, 0x84, 0xFF, 0x00,
    0xFF, 0xFF, 0x00, 0x00, 0x00, 0x00, 0x00, 0x00, 0x00, 0x00, 0x00, 0x00, 0x00, 0x00, 0x00, 0x00,
    0x00, 0x00, 0x00, 0x00, 0x00, 0x00, 0x00, 0x00, 0x00, 0x00, 0x00, 0xB0, 0x00, 0x00, 0x00, 0x00,
    0x00, 0x00, 0x00, 0x00, 0x00, 0x00, 0x00, 0xBB, 0x00, 0x00, 0xB0, 0x56, 0x00, 0x00, 0x00, 0xBB,
    0x00, 0x00, 0xB0, 0xBB, 0x0B, 0xB0, 0x6B, 0x56, 0xB6, 0x6B, 0x66, 0x66, 0x5B, 0xB6, 0x66, 0x55,
    0x6B, 0x65, 0x66, 0x66, 0xA6, 0x6A, 0x66, 0x66, 0x65, 0xAA, 0x6A, 0x65, 0xBB, 0xA6, 0x66, 0x55,
    0x00, 0x00, 0xFF, 0xDC, 0x00, 0xF0, 0xCC, 0xCF, 0x00, 0xF0, 0xCC, 0xCF, 0x00, 0xF0, 0x44, 0xFC,
    0x00, 0xF0, 0xCD, 0x84, 0x00, 0x00, 0xCF, 0xDC, 0x00, 0x00, 0xDF, 0xDD, 0x00, 0x00, 0xF0, 0xDF,
    0x7C, 0xFD, 0xCD, 0x75, 0xDD, 0x5F, 0x72, 0xDC, 0xFD, 0xCD, 0xCC, 0xDC, 0xFD, 0xCC, 0xCC, 0xDD,
    0xFF, 0xC4, 0xDC, 0xDD, 0xC8, 0x4D, 0xD4, 0xDD, 0xFD, 0xCC, 0x4D, 0x84, 0xFF, 0xDF, 0xCC, 0xFC,
    0x00, 0x00, 0x00, 0x00, 0x00, 0x00, 0x00, 0x00, 0x00, 0x00, 0x00, 0x00, 0xF8, 0x00, 0x00, 0x00,
    0x81, 0x0F, 0x00, 0x00, 0xF1, 0xF4, 0x00, 0x00, 0xF8, 0x48, 0x0F, 0x00, 0x8F, 0x8F, 0x0F, 0x00,
    0x70, 0x5A, 0x0A, 0x00, 0xA0, 0x7A, 0x00, 0x00, 0x00, 0x00, 0x00, 0x00, 0x00, 0x00, 0x00, 0x00,
    0x00, 0x00, 0x00, 0x00, 0x00, 0x00, 0x00, 0x00, 0x00, 0x00, 0x00, 0x00, 0x00, 0x00, 0x00, 0x00,
    0xBB, 0x0B, 0x00, 0x00, 0x55, 0xB6, 0x0B, 0x00, 0x55, 0x65, 0xB6, 0x0B, 0x66, 0x66, 0x55, 0xBB,
    0x66, 0x56, 0x65, 0xB6, 0x56, 0x65, 0x65, 0x0B, 0x66, 0x55, 0xB6, 0x0B, 0x56, 0x66, 0x6A, 0x0B,
    0xF7, 0xF9, 0x00, 0x00, 0x79, 0xFF, 0x00, 0x00, 0x7D, 0xF9, 0x00, 0x00, 0xDD, 0xDD, 0x00, 0x00,
    0xDD, 0xFD, 0x00, 0x00, 0x8D, 0xF8, 0x00, 0x00, 0xD8, 0xAF, 0xAA, 0x00, 0xFF, 0xAF, 0x75, 0x0A,
    0x0F, 0x00, 0x00, 0x00, 0xFD, 0x00, 0x00, 0x00, 0x8D, 0x0F, 0x00, 0x00, 0x4D, 0x0F, 0x00, 0x00,
    0xF8, 0x00, 0x00, 0x00, 0xF4, 0x00, 0x00, 0x00, 0x0F, 0x00, 0x00, 0x00, 0x00, 0x00, 0x00, 0x00,
};
static const u16 sFrame38[] = {
    0x0008, 0x40DB, 0x81F1, 0x0000, 0x40F3, 0x81F1, 0x0008, 0x40D3, 0x01F1, 0x0010, 0x40EB, 0x01F9,
    0x0012, 0x80DB, 0x0011, 0x0014, 0x00D3, 0x0001, 0x0016, 0x00EB, 0x0009, 0x0017, 0x00F3, 0x0011,
    0x0018, 0x0000,
};
static const void* const sFrames38[] = { sFrame38 };
static const u8 sTiles39[992] __attribute__((aligned(4))) = {
    0xB6, 0x65, 0x66, 0x66, 0x5B, 0xB6, 0x56, 0xA6, 0x5B, 0xBB, 0x56, 0x65, 0x6B, 0x6B, 0xB6, 0x65,
    0xBB, 0x6B, 0x65, 0x5B, 0xF0, 0xBD, 0xB6, 0xB5, 0xDF, 0xDD, 0xDF, 0x76, 0xFF, 0xDD, 0xFD, 0x66,
    0x66, 0x66, 0xB6, 0xDD, 0x56, 0x56, 0xB6, 0x88, 0x6A, 0x65, 0xB5, 0x44, 0xAA, 0x56, 0xB5, 0x44,
    0x6A, 0x6A, 0xB5, 0x88, 0xB6, 0xA5, 0xBA, 0xDD, 0x6B, 0xBB, 0xFB, 0xFD, 0xDC, 0x8B, 0xDD, 0xDD,
    0xDF, 0x0F, 0x00, 0x00, 0xDD, 0xFD, 0xFF, 0x0F, 0xD8, 0xDD, 0xDD, 0x0F, 0xD8, 0xDD, 0xFD, 0x0F,
    0xDD, 0xDD, 0x7F, 0x0A, 0xDD, 0xDD, 0x5F, 0xA5, 0xFF, 0xDD, 0x7F, 0x73, 0x0F, 0xFF, 0xB0, 0xAA,
    0x00, 0x00, 0x00, 0x00, 0x00, 0x00, 0x00, 0x00, 0x00, 0x00, 0x00, 0x00, 0x00, 0x00, 0x00, 0x00,
    0x00, 0x00, 0x00, 0x00, 0x00, 0x00, 0x00, 0x00, 0xF8, 0x00, 0x00, 0x00, 0x4A, 0x0F, 0x00, 0x00,
    0xA0, 0xF7, 0xFF, 0xD8, 0xFF, 0xA5, 0xDF, 0x4F, 0x18, 0x41, 0xF8, 0xDF, 0x4F, 0x84, 0xFF, 0x7F,
    0xFF, 0xF5, 0xDF, 0xFF, 0x4F, 0x41, 0xF8, 0xFD, 0x18, 0x88, 0x14, 0xFF, 0x8F, 0x48, 0x4F, 0xD8,
    0xC4, 0xD8, 0xFD, 0x8D, 0x81, 0x1C, 0xDF, 0xF8, 0xF8, 0xD9, 0xD1, 0xF4, 0x91, 0xF9, 0x41, 0xFF,
    0xF1, 0xDF, 0xF1, 0x9D, 0xDF, 0xFD, 0xDD, 0x79, 0xDD, 0xCF, 0xDC, 0x77, 0xFD, 0xCC, 0x75, 0x9D,
    0x0F, 0x00, 0xA0, 0x27, 0x00, 0x80, 0xAA, 0x22, 0x00, 0xB4, 0x7A, 0xB5, 0x0F, 0xA8, 0xA5, 0xBB,
    0x0F, 0xAB, 0x22, 0xFA, 0xF7, 0xBA, 0xB7, 0x7B, 0x9F, 0x7A, 0xBA, 0x57, 0x77, 0x27, 0xA5, 0x7B,
    0xA2, 0x0A, 0x00, 0x00, 0x25, 0xA5, 0x0A, 0x00, 0xAB, 0x22, 0xA5, 0x0A, 0x48, 0xAA, 0x22, 0xA7,
    0xBB, 0x4F, 0x5A, 0xA2, 0xFA, 0x5B, 0x7B, 0x72, 0xA3, 0x75, 0xAB, 0xAB, 0x75, 0xBB, 0x22, 0x8A,
    0x4F, 0x11, 0x7F, 0xA5, 0x7B, 0x5A, 0xFA, 0xA7, 0x5B, 0x57, 0xD7, 0xDF, 0xAF, 0x75, 0xDA, 0xFD,
    0xDF, 0xDD, 0xDD, 0x0F, 0xF0, 0xDD, 0xFF, 0x0F, 0x70, 0xFF, 0xA5, 0x00, 0xA0, 0x55, 0x0A, 0x00,
    0xFD, 0x2C, 0xDC, 0xDD, 0xFF, 0xC5, 0x4D, 0xC8, 0xFF, 0x4D, 0xF4, 0x8F, 0xF0, 0xF4, 0x7F, 0xFA,
    0xF0, 0xFD, 0x35, 0xA5, 0x00, 0xDF, 0x37, 0x53, 0x00, 0xA0, 0xAA, 0x57, 0x00, 0x00, 0x00, 0xAB,
    0x97, 0x2A, 0x72, 0xAA, 0xDD, 0xAC, 0x57, 0x22, 0xC8, 0xFD, 0xA0, 0xAA, 0x8F, 0x0F, 0x00, 0x00,
    0xFF, 0x00, 0x00, 0x00, 0x7F, 0xBB, 0x00, 0x00, 0xA7, 0xA5, 0xFB, 0x0F, 0xA5, 0x52, 0xDD, 0xF8,
    0xBB, 0xBA, 0x7A, 0x8B, 0xA7, 0x7A, 0xB5, 0xEE, 0x25, 0x52, 0x0A, 0x00, 0xAA, 0xAA, 0x00, 0x00,
    0x00, 0x00, 0x00, 0x00, 0x00, 0x00, 0x00, 0x00, 0x00, 0x00, 0x00, 0x00, 0x00, 0x00, 0x00, 0x00,
    0xBA, 0xAB, 0x07, 0x00, 0xA7, 0x22, 0xA5, 0x00, 0x7B, 0x52, 0xBA, 0x00, 0xBD, 0xDB, 0xDD, 0x0F,
    0xDD, 0xDD, 0xDD, 0x0F, 0xDD, 0xDD, 0xDD, 0x0F, 0xDD, 0x84, 0x84, 0x0F, 0x84, 0xFF, 0xFF, 0x00,
    0x00, 0x00, 0x00, 0x70, 0x00, 0x00, 0x00, 0xA0, 0x00, 0x00, 0x00, 0x00, 0x00, 0x00, 0x00, 0x00,
    0x00, 0x00, 0x00, 0x00, 0x00, 0x00, 0x00, 0x00, 0x00, 0x00, 0x00, 0xF0, 0x00, 0x00, 0x00, 0xF0,
    0x5B, 0x72, 0xDD, 0xF4, 0x25, 0xA5, 0xDD, 0xF8, 0x7A, 0xD4, 0xDD, 0xF4, 0xF0, 0xD8, 0xDD, 0xF8,
    0xF0, 0xD4, 0xDD, 0xF4, 0xDF, 0xC8, 0xDC, 0xF8, 0xCD, 0xC4, 0xCC, 0x4D, 0xCC, 0xC8, 0xCC, 0x8D,
    0x00, 0x00, 0x00, 0x00, 0x00, 0x00, 0x00, 0x00, 0x00, 0x00, 0x00, 0x00, 0x00, 0x00, 0x00, 0x00,
    0x00, 0x00, 0x00, 0x00, 0x00, 0x00, 0x00, 0x00, 0x0F, 0x00, 0x00, 0x00, 0x0F, 0x00, 0x00, 0x00,
    0x00, 0x8F, 0x84, 0x84, 0x00, 0xF0, 0xFF, 0xFF, 0x00, 0x00, 0x00, 0x00, 0x00, 0x00, 0x00, 0x00,
    0x00, 0x00, 0x00, 0x00, 0x00, 0x00, 0x00, 0x00, 0x00, 0x00, 0x00, 0x00, 0x00, 0x00, 0x00, 0x00,
    0xFF, 0x00, 0x00, 0x00, 0x00, 0x00, 0x00, 0x00, 0x00, 0x00, 0x00, 0x00, 0x00, 0x00, 0x00, 0x00,
    0x00, 0x00, 0x00, 0x00, 0x00, 0x00, 0x00, 0x00, 0x00, 0x00, 0x00, 0x00, 0x00, 0x00, 0x00, 0x00,
    0x00, 0x00, 0x00, 0xF0, 0x00, 0x00, 0x00, 0xF0, 0x00, 0x00, 0x00, 0x00, 0x00, 0x00, 0x00, 0x00,
    0x00, 0x00, 0x00, 0x00, 0x00, 0x00, 0x00, 0x00, 0x00, 0x00, 0x00, 0x00, 0x00, 0x00, 0x00, 0x00,
    0x4D, 0xCC, 0xDC, 0x4D, 0x84, 0xDD, 0x8D, 0x84, 0x8F, 0x84, 0xF4, 0xFF, 0xF0, 0xFF, 0x0F, 0x00,
    0x00, 0x00, 0x00, 0x00, 0x00, 0x00, 0x00, 0x00, 0x00, 0x00, 0x00, 0x00, 0x00, 0x00, 0x00, 0x00,
    0x00, 0x00, 0x00, 0x00, 0x00, 0x00, 0xB0, 0xBB, 0xBB, 0xBB, 0x6B, 0x55, 0x5B, 0xB6, 0x65, 0x66,
    0x6B, 0x6A, 0x66, 0x56, 0x6B, 0x66, 0x66, 0x55, 0xB0, 0xBB, 0x56, 0x66, 0x6B, 0xB6, 0x66, 0xAA,
    0xB0, 0x00, 0x00, 0x00, 0x6B, 0xBB, 0x00, 0x00, 0x55, 0x66, 0xBB, 0x0B, 0x65, 0x5A, 0x66, 0x0B,
    0xA5, 0x56, 0x66, 0x0B, 0xA6, 0x65, 0xB6, 0x00, 0x6A, 0x66, 0x6A, 0xFB, 0x66, 0xA6, 0x6A, 0xDD,
    0x11, 0x84, 0x88, 0x00, 0x48, 0x11, 0x41, 0x88, 0xEE, 0x4E, 0x14, 0x41, 0x00, 0xE0, 0x8E, 0x14,
    0x00, 0x00, 0xE0, 0xEE, 0x00, 0x00, 0x00, 0x00, 0x00, 0x00, 0x00, 0x00, 0x00, 0x00, 0x00, 0x00,
    0x00, 0x00, 0x00, 0x00, 0x00, 0x00, 0x00, 0x8E, 0x88, 0x08, 0x8E, 0x14, 0x11, 0xE4, 0x48, 0x41,
    0x48, 0x11, 0x88, 0x48, 0xEE, 0x4E, 0x11, 0x84, 0x00, 0xE0, 0x8E, 0x14, 0x00, 0x00, 0xE0, 0xEE,
    0x00, 0x00, 0x00, 0x00, 0x0E, 0x00, 0x00, 0x00, 0xE8, 0xEE, 0x00, 0x00, 0x81, 0x48, 0x0E, 0x00,
    0x11, 0x14, 0x0E, 0x00, 0x48, 0x81, 0x0E, 0x00, 0x81, 0xE8, 0x00, 0x00, 0x48, 0xE1, 0x00, 0x00,
    0xEE, 0x0E, 0x00, 0x00, 0x00, 0x00, 0x00, 0x00, 0x00, 0x00, 0x00, 0x00, 0x00, 0x00, 0x00, 0x00,
    0x00, 0x00, 0x00, 0x00, 0x00, 0x00, 0x00, 0x00, 0x00, 0x00, 0x00, 0x00, 0x00, 0x00, 0x00, 0x00,
    0x00, 0x00, 0x00, 0x00, 0x00, 0x00, 0x00, 0x00, 0x00, 0x00, 0x00, 0x00, 0x00, 0x00, 0x00, 0x00,
    0x00, 0x00, 0x00, 0x00, 0x00, 0x00, 0x00, 0x00, 0x00, 0x00, 0x00, 0x00, 0x0F, 0x00, 0x00, 0x00,
    0x00, 0x00, 0x00, 0xB0, 0x00, 0x00, 0x00, 0x00, 0x00, 0x00, 0x00, 0x00, 0x00, 0x00, 0x00, 0x00,
    0x00, 0x00, 0x00, 0x00, 0x00, 0x00, 0x00, 0x00, 0x00, 0x00, 0x00, 0x00, 0x00, 0x00, 0x00, 0x00,
    0x00, 0x00, 0x00, 0x00, 0x00, 0x00, 0x00, 0x00, 0x00, 0x00, 0x00, 0x00, 0x00, 0x00, 0x00, 0x00,
    0x00, 0x00, 0x00, 0x00, 0x00, 0x00, 0x00, 0x00, 0x00, 0x00, 0x00, 0x00, 0x88, 0x08, 0x00, 0x00,
    0x00, 0x00, 0x00, 0x00, 0x00, 0xFF, 0xFF, 0x00, 0xF0, 0xCD, 0xCC, 0xFF, 0x4F, 0xCC, 0xCC, 0xDD,
    0x8F, 0xCC, 0xCC, 0xDC, 0x4F, 0xCC, 0xCC, 0xDD, 0xF0, 0xD8, 0xDD, 0xDD, 0xF0, 0xD4, 0xDD, 0xDD,
    0x0F, 0x00, 0x00, 0x00, 0x0F, 0x00, 0x00, 0x00, 0x00, 0x00, 0x00, 0x00, 0x00, 0x00, 0x00, 0x00,
    0x00, 0x00, 0x00, 0x00, 0x00, 0x00, 0x00, 0x00, 0x00, 0x00, 0x00, 0x00, 0x00, 0x00, 0x00, 0x00,
};
static const u16 sFrame39[] = {
    0x000A, 0x00DC, 0x81FF, 0x0000, 0x40FC, 0x41F7, 0x0010, 0x40D4, 0x01FF, 0x0014, 0x40EC, 0x001F,
    0x0016, 0x80EC, 0x002F, 0x0018, 0x00D4, 0x000F, 0x001A, 0x00DC, 0x01F7, 0x001B, 0x00E4, 0x001F,
    0x001C, 0x00F4, 0x01F7, 0x001D, 0x00FC, 0x0017, 0x001E, 0x0000,
};
static const void* const sFrames39[] = { sFrame39 };
static const u8 sTiles40[800] __attribute__((aligned(4))) = {
    0x00, 0x00, 0x00, 0x5F, 0x00, 0x00, 0x00, 0xF0, 0x00, 0x00, 0x00, 0x4F, 0x00, 0x00, 0x00, 0x8F,
    0x00, 0x00, 0x00, 0xF0, 0x00, 0x00, 0x00, 0xF0, 0x00, 0x00, 0xF0, 0xCF, 0x00, 0x00, 0xF0, 0xDC,
    0xF7, 0xFF, 0xCF, 0x8C, 0x18, 0x41, 0xDF, 0x8C, 0x41, 0xF8, 0xFF, 0x7A, 0x5F, 0x14, 0x84, 0x2A,
    0x48, 0xF8, 0x78, 0xA5, 0x8F, 0x48, 0xBF, 0x5A, 0x48, 0x71, 0xB5, 0xAB, 0x7B, 0xA5, 0xB7, 0x5A,
    0xDB, 0xDD, 0xDD, 0xFD, 0xAB, 0xAA, 0xDD, 0xDD, 0x27, 0x72, 0xFA, 0xFF, 0x55, 0x52, 0x5A, 0xEA,
    0x7B, 0xAA, 0xEE, 0x18, 0xA7, 0x25, 0x87, 0x48, 0xAB, 0x52, 0x8A, 0xE8, 0x8A, 0xAA, 0xB7, 0xFE,
    0x00, 0x00, 0x00, 0x88, 0x0F, 0x80, 0x88, 0x14, 0x8F, 0x48, 0x11, 0x41, 0x48, 0x11, 0x44, 0xEE,
    0x11, 0x84, 0xEE, 0x00, 0xE4, 0xEE, 0x00, 0x00, 0x0E, 0x00, 0x00, 0x00, 0x00, 0x00, 0x00, 0x00,
    0x00, 0x00, 0xF0, 0xD5, 0x00, 0x00, 0x00, 0x2F, 0x00, 0x00, 0x00, 0xCF, 0x00, 0x00, 0x00, 0xF0,
    0x00, 0x00, 0x00, 0xF0, 0x00, 0x00, 0x00, 0xF0, 0x00, 0x00, 0x00, 0xF0, 0x00, 0x00, 0x00, 0x00,
    0x7B, 0x5A, 0x7A, 0x7A, 0xB7, 0xB5, 0xAB, 0xA5, 0xAD, 0x75, 0xBA, 0xBB, 0xDC, 0x7A, 0xA5, 0x2A,
    0xFD, 0x2F, 0x22, 0x52, 0x44, 0x5B, 0x72, 0xBB, 0xCC, 0xBC, 0xDB, 0xFD, 0xDF, 0x8D, 0xD4, 0x0F,
    0xF5, 0x2A, 0xA5, 0x97, 0xBB, 0x25, 0xA7, 0x9D, 0x2A, 0x52, 0x8A, 0x88, 0x52, 0xA7, 0xFF, 0xFF,
    0xBA, 0xEB, 0xAE, 0xFA, 0xEB, 0x4E, 0xE4, 0xF5, 0x4E, 0x18, 0xE8, 0x73, 0xE0, 0x8E, 0xE4, 0x55,
    0x0F, 0x00, 0x00, 0x00, 0x0F, 0x00, 0x00, 0x00, 0xFD, 0x00, 0x00, 0x00, 0xD8, 0x00, 0x00, 0x00,
    0xFF, 0x00, 0x00, 0x00, 0x0F, 0x00, 0x00, 0x00, 0x7F, 0x0A, 0x00, 0x00, 0xB7, 0xA2, 0x00, 0x00,
    0x00, 0x00, 0x00, 0x00, 0x00, 0x00, 0x00, 0x00, 0x00, 0xFF, 0xFF, 0x00, 0xF0, 0xCC, 0xDD, 0x0F,
    0x8F, 0xCC, 0xCC, 0xFD, 0x4F, 0xCC, 0xCC, 0xDD, 0x8F, 0xCC, 0xCC, 0xDD, 0x4F, 0xCD, 0xDC, 0xDD,
    0xFF, 0xDF, 0x88, 0x0F, 0x70, 0xB5, 0x8B, 0x88, 0xA0, 0xBB, 0xA7, 0x0F, 0x70, 0x22, 0xB5, 0x00,
    0xBF, 0x52, 0xAB, 0x00, 0xDD, 0xBB, 0xDD, 0x0F, 0xDD, 0xDD, 0xDD, 0x0F, 0xDD, 0xDD, 0x8D, 0x0F,
    0x48, 0xE8, 0x0E, 0x7A, 0x08, 0x00, 0x00, 0x5B, 0x00, 0x00, 0x00, 0xAB, 0x00, 0x00, 0x00, 0xBF,
    0x00, 0x00, 0x00, 0xBF, 0x00, 0x00, 0x00, 0xFF, 0x00, 0x00, 0x00, 0xF0, 0x00, 0x00, 0x00, 0xDF,
    0xB5, 0x52, 0x0B, 0x00, 0xAB, 0x52, 0x0B, 0x00, 0x52, 0xAD, 0x0F, 0x00, 0x8A, 0xDC, 0xFF, 0x00,
    0xDD, 0xD4, 0xFD, 0x00, 0xCD, 0x8C, 0xDC, 0x0F, 0xCC, 0x4C, 0xCC, 0x0F, 0xCC, 0x8C, 0xCC, 0xFD,
    0xF0, 0xD8, 0xDD, 0xDD, 0xF0, 0x84, 0x84, 0x84, 0x00, 0xFF, 0xFF, 0xFF, 0x00, 0x00, 0x00, 0x00,
    0x00, 0x00, 0x00, 0x00, 0x00, 0x00, 0x00, 0x00, 0x00, 0x00, 0x00, 0x00, 0x00, 0x00, 0x00, 0x00,
    0x84, 0x84, 0xF4, 0x0F, 0xFF, 0xFF, 0x0F, 0x00, 0x00, 0x00, 0x00, 0x00, 0x00, 0x00, 0x00, 0x00,
    0x00, 0x00, 0x00, 0x00, 0x00, 0x00, 0x00, 0x00, 0x00, 0x00, 0x00, 0x00, 0x00, 0x00, 0x00, 0x00,
    0x00, 0x00, 0x00, 0xDF, 0x00, 0x00, 0x00, 0x4F, 0x00, 0x00, 0x00, 0x8F, 0x00, 0x00, 0x00, 0xF0,
    0x00, 0x00, 0x00, 0x00, 0x00, 0x00, 0x00, 0x00, 0x00, 0x00, 0x00, 0x00, 0x00, 0x00, 0x00, 0x00,
    0xCD, 0x4C, 0xDC, 0xFD, 0xDD, 0x8D, 0xDD, 0xF8, 0x84, 0x84, 0x84, 0xF4, 0xFF, 0xFF, 0xFF, 0x0F,
    0x00, 0x00, 0x00, 0x00, 0x00, 0x00, 0x00, 0x00, 0x00, 0x00, 0x00, 0x00, 0x00, 0x00, 0x00, 0x00,
    0x00, 0x00, 0x00, 0x00, 0x00, 0x00, 0x00, 0x00, 0x00, 0x00, 0xBB, 0x00, 0x00, 0xB0, 0x56, 0xBB,
    0x00, 0x00, 0x6B, 0x55, 0x00, 0x00, 0xBB, 0x56, 0x00, 0xB0, 0xB6, 0xA6, 0x00, 0x00, 0x6B, 0x5A,
    0x00, 0x00, 0xBB, 0x00, 0xBB, 0xBB, 0x66, 0xBB, 0x6B, 0x56, 0x55, 0x65, 0xA6, 0x66, 0x56, 0xA5,
    0xA6, 0x56, 0x65, 0x56, 0x65, 0x66, 0x66, 0x65, 0x6A, 0x66, 0x66, 0x56, 0xA6, 0x56, 0x66, 0x56,
    0x00, 0x00, 0xB0, 0x65, 0x00, 0x00, 0x6B, 0xBB, 0x00, 0x00, 0xB0, 0xB0, 0x00, 0x00, 0x00, 0xB0,
    0x00, 0x00, 0x00, 0xB0, 0x00, 0x00, 0x00, 0x00, 0x00, 0x00, 0x00, 0xF0, 0x00, 0x00, 0x00, 0xDF,
    0x66, 0xA6, 0x55, 0x65, 0x5B, 0x6B, 0xBB, 0x56, 0xB5, 0xB5, 0x66, 0xBB, 0xB5, 0xB5, 0xBB, 0xBB,
    0xB6, 0x83, 0x61, 0x5B, 0x6F, 0x57, 0xB5, 0x57, 0xDD, 0x66, 0x67, 0xA5, 0xDD, 0xDD, 0xBB, 0xB7,
    0x00, 0x00, 0x00, 0x00, 0x00, 0x00, 0x00, 0xEE, 0x00, 0x00, 0xE0, 0x84, 0x00, 0x8E, 0x8E, 0x81,
    0xE0, 0x81, 0x41, 0x81, 0x80, 0x14, 0x81, 0xE8, 0x4E, 0x84, 0x48, 0x81, 0x8E, 0x48, 0x11, 0x84,
    0x00, 0x00, 0x00, 0x00, 0x00, 0x00, 0x00, 0x00, 0x0E, 0x00, 0x00, 0x00, 0x0E, 0x00, 0x00, 0x00,
    0x0E, 0x00, 0x00, 0x00, 0x08, 0x00, 0x00, 0x00, 0x0E, 0x00, 0x00, 0x00, 0x0E, 0x00, 0x00, 0x00,
    0x00, 0x00, 0x00, 0x00, 0x0B, 0x00, 0x00, 0x00, 0xBB, 0x0B, 0x00, 0x00, 0x55, 0xB6, 0x0B, 0x00,
    0x65, 0x56, 0x0B, 0x00, 0x56, 0x65, 0x0B, 0x00, 0x6A, 0x66, 0x0B, 0x00, 0xB6, 0xB6, 0x00, 0x00,
    0xB5, 0xBB, 0x00, 0x00, 0xB5, 0xB6, 0x00, 0x00, 0x6A, 0x0B, 0xFF, 0x00, 0xB6, 0xFF, 0xDD, 0x0F,
    0xDB, 0x8F, 0xDD, 0x0F, 0xFB, 0x48, 0xF8, 0x00, 0xDD, 0x48, 0x84, 0x0F, 0xDD, 0x8D, 0xD8, 0x0F,
    0x14, 0x11, 0x84, 0xEE, 0x41, 0xE4, 0xEE, 0x00, 0xE8, 0x0E, 0x00, 0x00, 0x0E, 0x00, 0x00, 0x00,
    0x00, 0x00, 0x00, 0x00, 0x00, 0x00, 0x00, 0x00, 0x00, 0x00, 0x00, 0x00, 0x00, 0x00, 0x00, 0x00,
};
static const u16 sFrame40[] = {
    0x0005, 0x00E4, 0x81F5, 0x0000, 0x00D4, 0x41F5, 0x0010, 0x40DC, 0x0015, 0x0014, 0x80D4, 0x0005,
    0x0016, 0x00E4, 0x0015, 0x0018, 0x0000,
};
static const void* const sFrames40[] = { sFrame40 };
static const u8 sTiles41[992] __attribute__((aligned(4))) = {
    0x14, 0x08, 0x00, 0x00, 0x1E, 0x84, 0x00, 0x00, 0x4E, 0x81, 0x00, 0x00, 0xE0, 0x41, 0x08, 0x00,
    0xE0, 0x88, 0x0E, 0x00, 0x00, 0x8E, 0xBA, 0x00, 0x00, 0x57, 0xAB, 0x0A, 0x00, 0x2B, 0x5A, 0xA2,
    0x00, 0xB0, 0xBB, 0x6B, 0x00, 0x6B, 0x55, 0xA6, 0x00, 0xB0, 0x6B, 0x65, 0x00, 0x00, 0xA0, 0xAA,
    0x00, 0xB0, 0x6B, 0x6A, 0x00, 0x6B, 0xA6, 0x55, 0x00, 0xB0, 0x5B, 0xA6, 0x00, 0x00, 0xBB, 0xBB,
    0xB6, 0x6B, 0xB6, 0xBB, 0x6A, 0x66, 0x56, 0x65, 0x66, 0x66, 0x66, 0x56, 0x66, 0x66, 0x65, 0x66,
    0x56, 0x56, 0x65, 0xA6, 0x6A, 0x55, 0x55, 0x66, 0xA6, 0x56, 0x56, 0x65, 0xA5, 0xA6, 0x6A, 0xAA,
    0x00, 0x00, 0x00, 0x00, 0x0B, 0x00, 0x00, 0x00, 0xB6, 0x00, 0x00, 0x00, 0x66, 0x0B, 0x00, 0x00,
    0x66, 0x0B, 0x00, 0x00, 0x6A, 0xB6, 0x00, 0x00, 0xAA, 0xB6, 0x00, 0x00, 0x66, 0xBB, 0x00, 0x00,
    0x00, 0xA7, 0xBB, 0x72, 0x00, 0xB0, 0x7A, 0x2A, 0x00, 0xA0, 0x53, 0x5B, 0x00, 0xB0, 0x7A, 0xA7,
    0x00, 0x00, 0x5B, 0xBF, 0x00, 0x00, 0xA7, 0xBB, 0x00, 0x00, 0xA0, 0x75, 0x00, 0x00, 0xB0, 0x2A,
    0x00, 0x00, 0x6B, 0x7B, 0x0A, 0xB0, 0xB6, 0x57, 0xA2, 0x00, 0x0B, 0x37, 0x72, 0x8B, 0x0F, 0x57,
    0x57, 0x4A, 0xF1, 0xF0, 0xA7, 0xAB, 0xF1, 0xFA, 0xAB, 0xAB, 0xF4, 0x53, 0xAA, 0x4B, 0xB8, 0x57,
    0xBB, 0x6B, 0xAA, 0x66, 0x88, 0xBB, 0x5A, 0x6B, 0x18, 0xB7, 0xB6, 0x6B, 0x73, 0x5B, 0x76, 0xF5,
    0xFF, 0x65, 0xFF, 0xDD, 0xDF, 0xDD, 0x8D, 0xF8, 0xF7, 0xDD, 0x48, 0x84, 0x75, 0xDF, 0x8D, 0x44,
    0xB6, 0x0B, 0x00, 0x00, 0x6B, 0x0B, 0x00, 0x00, 0xBF, 0xFF, 0x00, 0x00, 0xFF, 0xDD, 0x0F, 0x00,
    0xDD, 0xDD, 0xFD, 0x00, 0xDF, 0xDD, 0xFD, 0x00, 0xFD, 0xDD, 0x0F, 0x00, 0xD8, 0xFF, 0x0F, 0x00,
    0x00, 0x00, 0x00, 0x7B, 0xEE, 0x00, 0x00, 0x00, 0xE4, 0x0E, 0x00, 0x00, 0x81, 0xE4, 0x00, 0x00,
    0xE8, 0x0E, 0x00, 0x00, 0x4E, 0x08, 0x00, 0x84, 0x00, 0x80, 0x88, 0x08, 0x00, 0x00, 0x00, 0x00,
    0xBB, 0xFF, 0x0F, 0xDF, 0x40, 0x00, 0x00, 0xF0, 0x80, 0x00, 0x00, 0x00, 0x80, 0x00, 0x00, 0x00,
    0x08, 0x00, 0x00, 0x00, 0x00, 0x00, 0x00, 0xFF, 0x00, 0x00, 0xFF, 0x57, 0x00, 0xF0, 0xCF, 0xCC,
    0xFD, 0xDF, 0xDD, 0x88, 0xDF, 0xFF, 0xDD, 0xDD, 0xF0, 0xDF, 0xFF, 0xDD, 0x1D, 0xDD, 0xDF, 0xDD,
    0xD0, 0xF1, 0xDD, 0xDD, 0xFD, 0x1D, 0x11, 0x44, 0xCC, 0xFC, 0xFF, 0xFF, 0xC2, 0xDC, 0xDF, 0xFD,
    0xD8, 0xFD, 0x00, 0x00, 0xDD, 0xDD, 0x0F, 0x00, 0xDD, 0xDD, 0x0F, 0x00, 0xDD, 0xDD, 0xF8, 0x00,
    0xDD, 0x88, 0x88, 0x0F, 0x84, 0xD8, 0xDD, 0x0F, 0xFF, 0xFF, 0x00, 0x00, 0x9F, 0xFD, 0x00, 0x00,
    0x00, 0x00, 0x00, 0x00, 0x00, 0x00, 0x00, 0x00, 0x00, 0x00, 0x00, 0x00, 0x00, 0x00, 0x00, 0x00,
    0x00, 0x00, 0x00, 0x00, 0x00, 0x00, 0x00, 0x00, 0x00, 0x00, 0x00, 0x00, 0xF0, 0xFF, 0x00, 0x00,
    0x00, 0xF0, 0xCD, 0xCD, 0x00, 0x4F, 0xCF, 0xDD, 0x00, 0xCF, 0x44, 0xDC, 0x00, 0xDF, 0xFC, 0xD4,
    0x00, 0xF0, 0xDD, 0x8D, 0x00, 0xA0, 0xFF, 0xFF, 0xA0, 0x7A, 0x53, 0x07, 0x5A, 0x5B, 0x75, 0x00,
    0x7C, 0xDC, 0xFD, 0xDF, 0xCC, 0x52, 0xF7, 0x9D, 0xDD, 0xDD, 0xDF, 0x95, 0xDD, 0xFD, 0x2F, 0xCC,
    0x88, 0x0F, 0xCD, 0xCC, 0xFF, 0xF0, 0xCC, 0xCC, 0x00, 0xF0, 0xCD, 0xDC, 0x00, 0xF0, 0x44, 0x44,
    0x79, 0xD9, 0x00, 0x00, 0xF7, 0xF7, 0x00, 0x00, 0x77, 0xFF, 0x00, 0x00, 0x79, 0x97, 0x0F, 0x00,
    0x9D, 0xD9, 0x0F, 0x00, 0xDD, 0xDD, 0x0F, 0x00, 0x8D, 0x88, 0x0F, 0x00, 0xC8, 0xFC, 0x00, 0x00,
    0xDC, 0x7F, 0x0A, 0xA7, 0x5F, 0x53, 0xA7, 0x2B, 0xAA, 0x77, 0x55, 0x2B, 0x00, 0xB0, 0x7B, 0x52,
    0x00, 0x00, 0xF0, 0x75, 0x00, 0xFF, 0xDF, 0x84, 0xF0, 0xCC, 0x84, 0xDD, 0xDF, 0x8C, 0xCC, 0xDD,
    0x0A, 0x00, 0x00, 0x00, 0xA5, 0x00, 0x00, 0x00, 0xA5, 0x0F, 0x00, 0x00, 0xD7, 0xFD, 0x00, 0x00,
    0xDD, 0xFD, 0x00, 0x00, 0xDD, 0xF8, 0x00, 0x00, 0xDD, 0xF4, 0x00, 0x00, 0x8D, 0x0F, 0x00, 0x00,
    0xDF, 0xC4, 0xCC, 0xDD, 0x4F, 0xD8, 0xDD, 0x8D, 0xF0, 0x48, 0xDD, 0x4D, 0x00, 0xFF, 0x48, 0xF8,
    0x00, 0x00, 0xFF, 0x0F, 0x00, 0x00, 0x00, 0x00, 0x00, 0x00, 0x00, 0x00, 0x00, 0x00, 0x00, 0x00,
    0xF4, 0x00, 0x00, 0x00, 0x0F, 0x00, 0x00, 0x00, 0x0F, 0x00, 0x00, 0x00, 0x00, 0x00, 0x00, 0x00,
    0x00, 0x00, 0x00, 0x00, 0x00, 0x00, 0x00, 0x00, 0x00, 0x00, 0x00, 0x00, 0x00, 0x00, 0x00, 0x00,
    0x00, 0xE0, 0x14, 0x08, 0x00, 0x00, 0x1E, 0x84, 0x00, 0x00, 0x4E, 0x81, 0x00, 0x00, 0xE0, 0x41,
    0x00, 0x00, 0xE0, 0x14, 0x00, 0x00, 0x00, 0x1E, 0x00, 0x00, 0x00, 0x4E, 0x00, 0x00, 0x00, 0xE0,
    0x00, 0x00, 0x00, 0x00, 0x00, 0x00, 0x00, 0x00, 0x00, 0x00, 0x00, 0x00, 0x08, 0x00, 0x00, 0x00,
    0x08, 0x00, 0x00, 0x00, 0x84, 0x00, 0x00, 0x00, 0x81, 0x00, 0x00, 0x00, 0x41, 0x08, 0x00, 0x00,
    0x00, 0x00, 0x00, 0x00, 0x00, 0x00, 0x00, 0x00, 0x00, 0x00, 0x00, 0x00, 0x00, 0x00, 0x00, 0x00,
    0x00, 0x00, 0x00, 0x00, 0x00, 0x00, 0x00, 0x00, 0x00, 0x00, 0x00, 0xBB, 0x00, 0x00, 0x00, 0x6B,
    0x00, 0x00, 0x00, 0x00, 0x00, 0x00, 0x00, 0x00, 0x00, 0x00, 0x00, 0x00, 0x00, 0x00, 0x00, 0x00,
    0x00, 0x00, 0x00, 0x00, 0x00, 0x00, 0x00, 0x00, 0x00, 0x00, 0x00, 0x00, 0xBB, 0xB0, 0x0B, 0x00,
    0x00, 0x00, 0x00, 0xF0, 0x00, 0x00, 0x00, 0x8F, 0x00, 0x00, 0x00, 0x4F, 0x00, 0x00, 0x00, 0x8F,
    0x00, 0x00, 0x00, 0x4F, 0x00, 0x00, 0x00, 0xF0, 0x00, 0x00, 0x00, 0xF0, 0x00, 0x00, 0x00, 0x00,
    0xCD, 0xCC, 0xFD, 0x00, 0xCC, 0xCC, 0xDC, 0xFF, 0xCC, 0xCC, 0xDC, 0xDD, 0xCC, 0xCC, 0xDC, 0xDD,
    0xCD, 0xCC, 0xDD, 0xDD, 0xD8, 0xDD, 0xDD, 0x84, 0x84, 0x84, 0x84, 0xFF, 0xFF, 0xFF, 0xFF, 0x00,
    0x27, 0xB5, 0xAB, 0x00, 0x5A, 0x22, 0xA5, 0x00, 0xBD, 0xAB, 0x0A, 0x00, 0xDD, 0xDD, 0x0F, 0x00,
    0xDD, 0xDD, 0x0F, 0x00, 0x84, 0x84, 0x0F, 0x00, 0xFF, 0xFF, 0x00, 0x00, 0x00, 0x00, 0x00, 0x00,
    0x00, 0x00, 0xCF, 0xCC, 0x00, 0x00, 0xF0, 0xFF, 0x00, 0x00, 0x00, 0xA0, 0x00, 0x00, 0x00, 0x00,
    0x00, 0x00, 0x00, 0x00, 0x00, 0x00, 0x00, 0x00, 0x00, 0x00, 0x00, 0x00, 0x00, 0x00, 0x00, 0x00,
    0xE0, 0x08, 0x00, 0x00, 0x8E, 0x84, 0x00, 0x00, 0x4E, 0x81, 0x00, 0x00, 0x8E, 0x41, 0x08, 0x00,
    0x8E, 0x14, 0x08, 0x00, 0xE0, 0x18, 0x84, 0x00, 0xE0, 0x48, 0x81, 0x00, 0x00, 0xEE, 0x41, 0x08,
    0x00, 0x00, 0x00, 0xE0, 0x00, 0x00, 0x00, 0x00, 0x00, 0x00, 0x00, 0x00, 0x00, 0x00, 0x00, 0x00,
    0x00, 0x00, 0x00, 0x00, 0x00, 0x00, 0x00, 0x00, 0x00, 0x00, 0x00, 0x00, 0x00, 0x00, 0x00, 0x00,
    0x00, 0x00, 0x00, 0x00, 0x00, 0x00, 0x00, 0xE0, 0x00, 0x00, 0x00, 0x4E, 0x00, 0x00, 0x00, 0x8E,
    0x00, 0x00, 0x00, 0x4E, 0x00, 0x00, 0x00, 0xE0, 0x00, 0x00, 0x00, 0x00, 0x00, 0x00, 0x00, 0x00,
};
static const u16 sFrame41[] = {
    0x0007, 0x00D6, 0x81F3, 0x0000, 0x00F6, 0x400B, 0x0010, 0x40CE, 0x41EB, 0x0014, 0x40F6, 0x41EB,
    0x0018, 0x00C6, 0x01EB, 0x001C, 0x00D6, 0x01EB, 0x001D, 0x00E6, 0x01EB, 0x001E, 0x0000,
};
static const void* const sFrames41[] = { sFrame41 };
static const u8 sTiles42[992] __attribute__((aligned(4))) = {
    0x00, 0x00, 0x00, 0x00, 0x00, 0x00, 0x00, 0x00, 0x00, 0x00, 0x00, 0x00, 0x00, 0x00, 0x00, 0x00,
    0x00, 0x00, 0x00, 0x00, 0x00, 0x00, 0x00, 0x00, 0x80, 0xFF, 0xFF, 0xF0, 0x14, 0x88, 0x41, 0x48,
    0x00, 0x00, 0x00, 0x00, 0x00, 0x00, 0x00, 0x00, 0x00, 0x00, 0x00, 0xBB, 0x00, 0x00, 0xBB, 0x56,
    0x00, 0xB0, 0x56, 0x65, 0x00, 0x00, 0x6B, 0xA6, 0x0F, 0xB0, 0xA6, 0x6A, 0x78, 0x6B, 0x6A, 0x5A,
    0x00, 0x00, 0xBB, 0x00, 0xBB, 0xBB, 0x66, 0x0B, 0x66, 0x65, 0x55, 0xB5, 0x66, 0x66, 0x56, 0xB6,
    0x66, 0x6A, 0x65, 0x66, 0x65, 0xAA, 0x66, 0xB5, 0x65, 0x66, 0x66, 0x65, 0xA6, 0x66, 0x66, 0x56,
    0x00, 0x00, 0x00, 0x00, 0x00, 0x00, 0x00, 0x00, 0x00, 0x00, 0x00, 0x00, 0x00, 0x00, 0x00, 0x00,
    0x0B, 0x00, 0x00, 0x00, 0xB6, 0x00, 0x00, 0x00, 0xBB, 0x00, 0x00, 0x00, 0x6B, 0x0B, 0x00, 0x00,
    0xF4, 0x4F, 0x54, 0x81, 0xF8, 0x11, 0xF8, 0xF4, 0x87, 0x41, 0xF8, 0x48, 0x70, 0xA5, 0x0F, 0xFF,
    0xA0, 0x0A, 0x00, 0x00, 0x00, 0x00, 0x00, 0x00, 0x00, 0x00, 0x00, 0x00, 0x00, 0x00, 0x00, 0x00,
    0x55, 0xBD, 0xA6, 0x66, 0xA7, 0xBD, 0xA5, 0xA6, 0xF8, 0xDF, 0x6B, 0x6A, 0x0F, 0xBF, 0xBD, 0xB5,
    0x00, 0xF0, 0xBF, 0xB6, 0x00, 0x00, 0x00, 0x7B, 0x00, 0x00, 0x00, 0x4B, 0x00, 0x00, 0xF0, 0x4D,
    0x5A, 0x65, 0x65, 0x55, 0x56, 0xA6, 0x56, 0x55, 0x5A, 0x6A, 0xAA, 0x66, 0x6B, 0xAA, 0x65, 0xBB,
    0xB5, 0xB6, 0x56, 0xFB, 0x73, 0x7B, 0xAB, 0xDB, 0x57, 0x67, 0xB6, 0xD8, 0xBD, 0x7B, 0x8C, 0xFD,
    0xB6, 0x00, 0x00, 0x00, 0xB5, 0x0B, 0x00, 0x00, 0xB5, 0xFD, 0x00, 0x00, 0xDB, 0x88, 0x0F, 0x00,
    0x8D, 0x44, 0xFD, 0xFF, 0x48, 0x44, 0xD8, 0xFD, 0x8F, 0x88, 0xDD, 0x5F, 0xDD, 0xDD, 0xDD, 0x7A,
    0x00, 0x00, 0x00, 0x00, 0x00, 0x00, 0x00, 0x00, 0x00, 0x00, 0x00, 0x00, 0x00, 0x00, 0x00, 0xF0,
    0x00, 0x00, 0x00, 0xFF, 0x00, 0x00, 0x00, 0xDF, 0x00, 0x00, 0x00, 0xDF, 0x00, 0x00, 0x00, 0xFF,
    0x00, 0xF0, 0xDF, 0xDD, 0x00, 0x4F, 0x44, 0x1D, 0xFF, 0x7D, 0x1D, 0xF1, 0xF4, 0x2C, 0x1C, 0xDD,
    0xD4, 0xCC, 0xC5, 0xDD, 0x4C, 0xCC, 0x7C, 0xFD, 0x4C, 0xCC, 0xDC, 0xF2, 0xCD, 0xC8, 0xDD, 0xFD,
    0xC8, 0x4C, 0xF4, 0xDD, 0x4C, 0x77, 0xDF, 0xDD, 0x14, 0x78, 0xD1, 0xDD, 0x8F, 0xF9, 0xD1, 0xDD,
    0x9F, 0x1F, 0xDD, 0x8D, 0xFF, 0x11, 0x44, 0xF4, 0xDD, 0xFF, 0xFF, 0xFF, 0xDF, 0xDF, 0xDD, 0x9D,
    0xFD, 0xDF, 0xDD, 0xAF, 0x0F, 0xF0, 0xFD, 0x7A, 0xFD, 0x00, 0xAF, 0x27, 0x8D, 0x0F, 0xA0, 0x52,
    0x88, 0x0F, 0x5A, 0xA2, 0xFF, 0x00, 0x7A, 0x25, 0x0D, 0x00, 0x00, 0xAA, 0x0F, 0x00, 0x00, 0x00,
    0x00, 0x00, 0xAA, 0xF7, 0x00, 0x70, 0x55, 0xFB, 0x00, 0x27, 0xAB, 0xA7, 0xFF, 0x5A, 0x5A, 0x53,
    0xDD, 0x7B, 0x22, 0x5B, 0xDD, 0xBD, 0xAA, 0xA7, 0xDD, 0xDD, 0xDD, 0xBA, 0x84, 0x84, 0x84, 0x0F,
    0xDD, 0x8C, 0xFD, 0x0F, 0xDD, 0xFD, 0x0F, 0x00, 0xDF, 0xFD, 0x00, 0x00, 0xFF, 0x0F, 0x00, 0x00,
    0x0B, 0x00, 0x00, 0x00, 0x00, 0x00, 0x00, 0x00, 0x00, 0x00, 0x00, 0x00, 0x00, 0x00, 0x00, 0x00,
    0xF0, 0xCC, 0xDD, 0x79, 0x5F, 0x57, 0x72, 0x77, 0xCF, 0xCC, 0xDC, 0x7D, 0xCD, 0xCC, 0xDD, 0xCD,
    0xDF, 0xDC, 0x84, 0x88, 0x4F, 0x44, 0xDC, 0xFF, 0xF0, 0xFF, 0x5F, 0xA7, 0x00, 0xFF, 0xFF, 0xAB,
    0xF9, 0xEE, 0x0E, 0x00, 0xE7, 0x44, 0xEE, 0x00, 0xE7, 0x18, 0x48, 0x0E, 0xEF, 0x84, 0xEE, 0x00,
    0x2F, 0xEE, 0x84, 0x00, 0x5A, 0xF2, 0x8F, 0x00, 0x5B, 0xD2, 0xFD, 0x48, 0x25, 0xD7, 0xF8, 0x00,
    0x00, 0x00, 0x00, 0x00, 0x00, 0x00, 0x00, 0x00, 0x00, 0x00, 0x00, 0x00, 0x00, 0x00, 0x00, 0xE0,
    0x00, 0x00, 0x00, 0x4E, 0x00, 0x00, 0x00, 0x1E, 0x00, 0x00, 0xE0, 0x84, 0x00, 0x00, 0x8E, 0x11,
    0x00, 0x00, 0x00, 0x00, 0x00, 0x00, 0x00, 0x00, 0x00, 0x00, 0x00, 0x00, 0xEE, 0xEE, 0xEE, 0x00,
    0x88, 0xE8, 0x88, 0x0E, 0x11, 0x48, 0x88, 0x0E, 0x41, 0x18, 0xE4, 0x00, 0x84, 0x41, 0x0E, 0x00,
    0x00, 0x00, 0xE0, 0x8E, 0x00, 0x00, 0x00, 0xE0, 0x00, 0x00, 0x00, 0x80, 0x00, 0x00, 0x00, 0x48,
    0x00, 0x00, 0x00, 0x18, 0xFF, 0x00, 0x80, 0x14, 0xDD, 0x0F, 0x80, 0x41, 0xAA, 0xAA, 0x8E, 0x84,
    0x84, 0x81, 0x0E, 0x00, 0x18, 0xE4, 0x00, 0x00, 0x11, 0xE8, 0x00, 0x00, 0x41, 0x0E, 0x00, 0x00,
    0xE4, 0x00, 0x00, 0x00, 0xE8, 0x00, 0x00, 0x00, 0x0E, 0x00, 0x00, 0x00, 0x0E, 0x00, 0x00, 0x00,
    0x77, 0x57, 0xAA, 0xE8, 0x22, 0xA2, 0x27, 0x75, 0xA5, 0xBB, 0x52, 0x2B, 0xBA, 0xF7, 0xBF, 0x7A,
    0xBB, 0xB5, 0x3A, 0xA7, 0xA7, 0x7B, 0x55, 0xAB, 0x75, 0xB5, 0xAB, 0x57, 0xAB, 0x52, 0x5A, 0x22,
    0x0A, 0x00, 0x00, 0x00, 0xAA, 0x00, 0x00, 0x00, 0x55, 0x0A, 0x00, 0x00, 0x22, 0x0A, 0x00, 0x00,
    0x25, 0x0A, 0x00, 0x00, 0x72, 0x00, 0x00, 0x00, 0xA2, 0x00, 0x00, 0x00, 0xA5, 0x00, 0x00, 0x00,
    0xE0, 0xBE, 0xB0, 0xAB, 0x80, 0x00, 0x00, 0x00, 0x00, 0x08, 0x00, 0x00, 0x00, 0x08, 0x00, 0x00,
    0x80, 0x04, 0x00, 0x00, 0x80, 0x00, 0x00, 0x00, 0x08, 0x00, 0x00, 0x00, 0x00, 0x00, 0x00, 0x00,
    0x0A, 0x00, 0x00, 0x00, 0x00, 0x00, 0x00, 0x00, 0x00, 0x00, 0x00, 0x00, 0x00, 0x00, 0x00, 0x00,
    0x00, 0x00, 0x00, 0x00, 0x00, 0x00, 0x00, 0x00, 0x00, 0x00, 0x00, 0x00, 0x00, 0x00, 0x00, 0x00,
    0xF0, 0x84, 0x84, 0x84, 0x00, 0xFF, 0xFF, 0xFF, 0x00, 0x00, 0x00, 0x00, 0x00, 0x00, 0x00, 0x00,
    0x00, 0x00, 0x00, 0x00, 0x00, 0x00, 0x00, 0x00, 0x00, 0x00, 0x00, 0x00, 0x00, 0x00, 0x00, 0x00,
    0xFF, 0xFF, 0xFF, 0x00, 0x00, 0x00, 0x00, 0x00, 0x00, 0x00, 0x00, 0x00, 0x00, 0x00, 0x00, 0x00,
    0x00, 0x00, 0x00, 0x00, 0x00, 0x00, 0x00, 0x00, 0x00, 0x00, 0x00, 0x00, 0x00, 0x00, 0x00, 0x00,
    0x00, 0xF0, 0xCD, 0x4C, 0x00, 0xDF, 0xCC, 0xC8, 0x00, 0xDF, 0x4D, 0xCC, 0x00, 0x8F, 0x84, 0xCD,
    0x00, 0xF0, 0x8F, 0xD4, 0x00, 0x00, 0xF0, 0x8F, 0x00, 0x00, 0x00, 0xF0, 0x00, 0x00, 0x00, 0x00,
    0xD8, 0xDD, 0xF4, 0x00, 0xDD, 0xDD, 0xF8, 0x00, 0xDC, 0x4D, 0x0F, 0x00, 0xDC, 0xF8, 0x00, 0x00,
    0xDD, 0xF4, 0x00, 0x00, 0x84, 0x0F, 0x00, 0x00, 0xFF, 0x00, 0x00, 0x00, 0x00, 0x00, 0x00, 0x00,
    0x00, 0x00, 0x00, 0x00, 0x00, 0x00, 0x00, 0x00, 0x00, 0x00, 0x00, 0x00, 0x00, 0x00, 0x00, 0x00,
    0x00, 0x00, 0x00, 0x00, 0x00, 0x00, 0x00, 0x00, 0x00, 0x00, 0x00, 0x00, 0x00, 0x00, 0x00, 0xF0,
    0x00, 0x00, 0x00, 0x7A, 0x00, 0x00, 0x00, 0x5A, 0x00, 0x00, 0x00, 0xA0, 0x00, 0x00, 0x00, 0x00,
    0x00, 0x00, 0x00, 0x00, 0x00, 0x00, 0x00, 0x00, 0x00, 0x00, 0x00, 0x00, 0x00, 0x00, 0x00, 0x00,
    0x00, 0x00, 0x00, 0x00, 0x00, 0xF0, 0xFF, 0x00, 0xF0, 0xCF, 0xCC, 0xFF, 0x8F, 0xCC, 0xCC, 0xDC,
    0x4F, 0xCC, 0xCC, 0xDC, 0x8F, 0xCC, 0xCC, 0xDC, 0x4F, 0xCD, 0xCC, 0xDD, 0xF0, 0xD8, 0xDD, 0xDD,
};
static const u16 sFrame42[] = {
    0x0006, 0x00DC, 0x81F1, 0x0000, 0x80DC, 0x8011, 0x0010, 0x40FC, 0x01E9, 0x0018, 0x40FC, 0x0001,
    0x001A, 0x80DC, 0x01E9, 0x001C, 0x00F4, 0x01E9, 0x001E, 0x0000,
};
static const void* const sFrames42[] = { sFrame42 };
static const u8 sTiles43[928] __attribute__((aligned(4))) = {
    0x00, 0x00, 0x00, 0x00, 0x00, 0x00, 0x00, 0x00, 0x00, 0x00, 0x00, 0x00, 0x00, 0x00, 0x00, 0x00,
    0x00, 0x00, 0x00, 0x00, 0x00, 0x00, 0x00, 0x00, 0x00, 0x00, 0x00, 0x00, 0x00, 0x00, 0xF0, 0xFF,
    0x00, 0x00, 0x00, 0x00, 0x00, 0x00, 0x00, 0xB0, 0x00, 0x00, 0xB0, 0x6B, 0x00, 0xB0, 0x6B, 0x55,
    0x00, 0x5B, 0x56, 0x66, 0x00, 0x6B, 0x6A, 0x66, 0xF0, 0xB8, 0x66, 0x66, 0x80, 0xBB, 0xA6, 0xA6,
    0x00, 0xB0, 0x0B, 0x00, 0xBB, 0x6B, 0xB6, 0x00, 0x55, 0x55, 0x6B, 0xBB, 0x66, 0x65, 0x5B, 0x66,
    0x55, 0xA6, 0x56, 0xB6, 0x56, 0x66, 0x65, 0xB6, 0x65, 0x66, 0xA6, 0x6A, 0x66, 0x66, 0x55, 0x6A,
    0x00, 0x00, 0x00, 0x00, 0x00, 0x00, 0x00, 0x00, 0x00, 0x00, 0x00, 0x00, 0x0B, 0x00, 0x00, 0x00,
    0x00, 0x00, 0x00, 0x00, 0x0B, 0x00, 0x00, 0x00, 0xFB, 0x00, 0x00, 0x00, 0xDB, 0x0F, 0x00, 0x00,
    0xF4, 0x8F, 0x5F, 0x81, 0xF4, 0x14, 0x8F, 0x81, 0x48, 0x41, 0xF8, 0x44, 0x1F, 0x41, 0xFF, 0x88,
    0x57, 0xFA, 0x00, 0xFF, 0xBA, 0x00, 0x00, 0x00, 0x00, 0x00, 0x00, 0x00, 0x00, 0x00, 0x00, 0x00,
    0xF7, 0x6B, 0x6A, 0x66, 0xB5, 0xB6, 0xA6, 0x56, 0xFA, 0xB4, 0xA5, 0x65, 0x0F, 0x6B, 0x6A, 0xB5,
    0x00, 0xB0, 0xAB, 0x65, 0x00, 0xF0, 0xBD, 0xB6, 0x00, 0xFF, 0x4F, 0xBB, 0xF0, 0xD8, 0xDD, 0xD4,
    0x66, 0x66, 0x56, 0xB6, 0xA5, 0x66, 0x66, 0xB5, 0x65, 0x5A, 0x55, 0x65, 0x56, 0xAA, 0x66, 0x55,
    0x6B, 0xA5, 0xB6, 0xBB, 0xB5, 0x6B, 0xDB, 0xDD, 0x76, 0xB6, 0xF8, 0xDD, 0xCC, 0x8D, 0xDF, 0xFD,
    0xDD, 0x0F, 0x00, 0x00, 0x8D, 0x0F, 0x00, 0x00, 0x4B, 0xF8, 0xFF, 0x0F, 0x4B, 0x84, 0xDD, 0xFD,
    0x88, 0xD8, 0xDD, 0xFD, 0xDD, 0xDD, 0xDD, 0x3F, 0xFF, 0xDF, 0xDD, 0x5F, 0xFD, 0xF0, 0xDD, 0xAF,
    0x00, 0x00, 0x00, 0xF0, 0x00, 0x00, 0x00, 0xDF, 0x00, 0x00, 0x00, 0xCF, 0x00, 0x00, 0xF0, 0xC4,
    0x00, 0x00, 0xF0, 0x4D, 0x00, 0x00, 0xF0, 0x4C, 0x00, 0x00, 0xF0, 0xDF, 0x00, 0x00, 0x7A, 0xFA,
    0xCF, 0x8C, 0xDD, 0x8F, 0xC5, 0xCC, 0xD4, 0xDF, 0x2C, 0xCC, 0xD4, 0x41, 0xCC, 0xC7, 0x1D, 0xDF,
    0xCD, 0x5C, 0x1D, 0xDF, 0xDC, 0xDD, 0xD2, 0xFF, 0x88, 0xDD, 0xF7, 0x0F, 0xDD, 0xF8, 0x0F, 0x00,
    0xCD, 0xF4, 0xDD, 0xDD, 0x74, 0xF4, 0xDD, 0x8D, 0x81, 0xD1, 0xDD, 0xF8, 0xF8, 0xD1, 0x44, 0xDF,
    0xFD, 0x11, 0xDF, 0x7D, 0xFD, 0xCC, 0xDD, 0x79, 0xCF, 0x7C, 0x52, 0xF7, 0x7F, 0xC5, 0xDC, 0x79,
    0xF8, 0x00, 0xFF, 0xA0, 0x0F, 0x00, 0x00, 0x5A, 0x00, 0x00, 0x00, 0x27, 0x0F, 0x00, 0x00, 0x2A,
    0x0F, 0x00, 0x00, 0x7A, 0xF7, 0x00, 0x80, 0x2E, 0xF7, 0x00, 0x40, 0x7E, 0xD9, 0x00, 0x80, 0xB0,
    0x00, 0x50, 0xA7, 0xF5, 0x00, 0x2A, 0x5B, 0xA5, 0xFF, 0x5A, 0x77, 0x7A, 0xDD, 0xAB, 0x52, 0xBD,
    0xDD, 0xBD, 0xAA, 0x07, 0xDD, 0xDD, 0xDD, 0x0F, 0x84, 0x84, 0x84, 0x0F, 0xFF, 0xFF, 0xFF, 0x00,
    0xFF, 0xFF, 0x00, 0x00, 0x07, 0x00, 0x00, 0x00, 0x00, 0x00, 0x00, 0x00, 0x00, 0x00, 0x00, 0x00,
    0x00, 0x00, 0x00, 0x00, 0x00, 0x00, 0x00, 0x00, 0x00, 0x00, 0x00, 0x00, 0x00, 0x00, 0x00, 0x00,
    0xCF, 0xCC, 0xDD, 0xCD, 0xDF, 0x44, 0x84, 0x88, 0xF0, 0xCC, 0xFF, 0xDD, 0xF0, 0x7D, 0x53, 0x75,
    0x00, 0xAF, 0x77, 0xAA, 0x00, 0x00, 0x00, 0x5B, 0x00, 0x00, 0x00, 0xDF, 0x00, 0x00, 0xFF, 0xCC,
    0xFC, 0x00, 0x80, 0x00, 0xAF, 0x00, 0x80, 0x08, 0x5F, 0xA7, 0x00, 0x04, 0xBA, 0x72, 0x0A, 0x88,
    0xB7, 0x72, 0xFD, 0x00, 0x2B, 0xA5, 0x8D, 0x0F, 0x7D, 0xDA, 0x4D, 0x0F, 0x84, 0xDD, 0x8D, 0x0F,
    0xAA, 0xAA, 0xFB, 0x00, 0x75, 0x77, 0xA7, 0xAA, 0x22, 0x55, 0x22, 0x22, 0xA7, 0xAA, 0xAA, 0x77,
    0xBA, 0xBB, 0xBB, 0x5A, 0xB2, 0xF8, 0xBA, 0x75, 0xA5, 0x7B, 0x75, 0xBB, 0x7A, 0xB7, 0xA7, 0x75,
    0x00, 0x00, 0x00, 0x00, 0xAA, 0x00, 0x00, 0x00, 0xA5, 0x0A, 0x00, 0x00, 0x52, 0xBA, 0xEB, 0xEE,
    0x7A, 0xE7, 0x48, 0x11, 0x2B, 0x82, 0x88, 0x44, 0x7A, 0xA5, 0xEB, 0xEE, 0xBB, 0x7A, 0x0A, 0x00,
    0x5B, 0x22, 0x52, 0x55, 0xA0, 0x55, 0xA7, 0xAA, 0x00, 0x00, 0x00, 0x00, 0x00, 0x00, 0xE0, 0x0E,
    0x48, 0xE8, 0x1E, 0xE4, 0x00, 0x4E, 0xE8, 0x0E, 0x00, 0xE0, 0x0E, 0x00, 0x00, 0x00, 0x00, 0x00,
    0x55, 0xA7, 0x00, 0x00, 0x00, 0x00, 0x00, 0x00, 0x00, 0x00, 0x00, 0x00, 0x00, 0x00, 0x00, 0x00,
    0x00, 0x00, 0x00, 0x00, 0x00, 0x00, 0x00, 0x00, 0x00, 0x00, 0x00, 0x00, 0x00, 0x00, 0x00, 0x00,
    0x00, 0x00, 0x00, 0x00, 0x00, 0x00, 0x00, 0x00, 0x00, 0x00, 0x00, 0x00, 0xEE, 0xEE, 0xEE, 0xEE,
    0x11, 0x11, 0x11, 0x11, 0x44, 0x44, 0x44, 0x44, 0xEE, 0xEE, 0xEE, 0xEE, 0x00, 0x00, 0x00, 0x00,
    0x00, 0x00, 0x00, 0x00, 0x00, 0xE0, 0x0E, 0xE0, 0x00, 0x1E, 0xE8, 0x8E, 0xEE, 0x18, 0x44, 0x11,
    0x84, 0x88, 0x84, 0x88, 0x44, 0x44, 0x44, 0x44, 0xEE, 0xEE, 0xEE, 0xEE, 0x00, 0x00, 0x00, 0x00,
    0x00, 0xF0, 0xCD, 0x8C, 0x00, 0xF0, 0xCD, 0xC4, 0x00, 0xF0, 0x84, 0xDD, 0x00, 0x00, 0x8F, 0x84,
    0x00, 0x00, 0xF0, 0xFF, 0x00, 0x00, 0x00, 0x00, 0x00, 0x00, 0x00, 0x00, 0x00, 0x00, 0x00, 0x00,
    0xDC, 0xDD, 0x4D, 0x0F, 0xCC, 0xDD, 0xF8, 0x00, 0xCC, 0x4D, 0x0F, 0x00, 0xDD, 0x8D, 0x0F, 0x00,
    0x84, 0xF4, 0x00, 0x00, 0xFF, 0x0F, 0x00, 0x00, 0x00, 0x00, 0x00, 0x00, 0x00, 0x00, 0x00, 0x00,
    0x00, 0xF0, 0xFF, 0x00, 0xF0, 0xCF, 0xCC, 0xFF, 0x8F, 0xCC, 0xCC, 0xDC, 0x4F, 0xCC, 0xCC, 0xDC,
    0x8F, 0xCC, 0xCC, 0xDC, 0x4F, 0xCD, 0xCC, 0xDD, 0xF0, 0xD8, 0xDD, 0xDD, 0xF0, 0x84, 0x84, 0x84,
    0x00, 0xFF, 0xFF, 0xFF, 0x00, 0x00, 0x00, 0x00, 0x00, 0x00, 0x00, 0x00, 0x00, 0x00, 0x00, 0x00,
    0x00, 0x00, 0x00, 0x00, 0x00, 0x00, 0x00, 0x00, 0x00, 0x00, 0x00, 0x00, 0x00, 0x00, 0x00, 0x00,
    0x00, 0x00, 0x00, 0x8A, 0x00, 0x00, 0xA0, 0x15, 0x00, 0x00, 0x7A, 0x8A, 0x00, 0x00, 0xBA, 0xB7,
    0x00, 0x00, 0x00, 0x00, 0x00, 0x00, 0x00, 0x00, 0x00, 0x00, 0x00, 0x00, 0x00, 0x00, 0x00, 0x00,
    0x00, 0x00, 0x00, 0x00, 0x00, 0x00, 0x00, 0x00, 0x00, 0x00, 0x00, 0x00, 0x00, 0x00, 0x00, 0x00,
    0x00, 0x00, 0x00, 0x00, 0x0A, 0x00, 0x00, 0x00, 0xA5, 0xF8, 0x00, 0x00, 0x47, 0x81, 0x0F, 0x00,
    0x00, 0x00, 0x00, 0x00, 0xEE, 0x00, 0x00, 0x00, 0x41, 0x0E, 0x00, 0x00, 0x14, 0xE8, 0x0E, 0x00,
    0x88, 0x88, 0x0E, 0x00, 0x44, 0x84, 0x0E, 0x00, 0xEE, 0xEE, 0x00, 0x00, 0x00, 0x00, 0x00, 0x00,
};
static const u16 sFrame43[] = {
    0x0008, 0x00DD, 0x81ED, 0x0000, 0x00ED, 0x400D, 0x0010, 0x40ED, 0x001D, 0x0014, 0x40FD, 0x01FD,
    0x0016, 0x80F5, 0x01E5, 0x0018, 0x00E5, 0x01E5, 0x001A, 0x00E5, 0x000D, 0x001B, 0x00ED, 0x002D,
    0x001C, 0x0000,
};
static const void* const sFrames43[] = { sFrame43 };
static const u8 sTiles44[768] __attribute__((aligned(4))) = {
    0x00, 0xA0, 0x52, 0x2A, 0x00, 0x7A, 0xA2, 0xAB, 0xAA, 0xA5, 0x8A, 0xBF, 0x57, 0xA7, 0xA5, 0xB8,
    0x25, 0xBA, 0x3A, 0x5A, 0x2A, 0xB7, 0x57, 0xAB, 0x7A, 0xA2, 0x7B, 0xBF, 0xA0, 0x52, 0xAA, 0x27,
    0x25, 0xA5, 0xCF, 0xDF, 0x5A, 0xA2, 0xF1, 0xDD, 0x7F, 0x72, 0xF4, 0xDD, 0x74, 0x72, 0xAD, 0xFF,
    0xBA, 0x25, 0x5A, 0x73, 0xB7, 0x22, 0x7A, 0x55, 0x7B, 0x75, 0xAA, 0xA7, 0x5A, 0xBA, 0xCD, 0xFF,
    0xDD, 0xDD, 0xDD, 0xDD, 0xDD, 0xDD, 0xDF, 0xDD, 0xDD, 0xFD, 0xDD, 0x8D, 0xDD, 0xFD, 0xDD, 0x8D,
    0xFF, 0xFF, 0xDD, 0xF4, 0xFA, 0xDF, 0x4D, 0xDF, 0x1F, 0xD1, 0xF1, 0x9D, 0xFD, 0x11, 0xCD, 0xF9,
    0xFD, 0x00, 0x00, 0x00, 0xF8, 0x00, 0x00, 0x00, 0xF8, 0x00, 0x00, 0x00, 0x0F, 0x00, 0x00, 0x00,
    0x0D, 0x00, 0x00, 0x00, 0xF9, 0x00, 0x00, 0x00, 0xF7, 0x00, 0x00, 0x00, 0xF7, 0x00, 0x00, 0x00,
    0x00, 0x27, 0xA2, 0x25, 0x00, 0x7A, 0x75, 0xEA, 0x00, 0xA0, 0xBB, 0x8B, 0x00, 0x00, 0x00, 0xE0,
    0x00, 0x00, 0x00, 0xE0, 0x00, 0x00, 0x00, 0xE0, 0x00, 0x00, 0x00, 0xE0, 0x00, 0x00, 0x00, 0x00,
    0xA7, 0x5B, 0xCC, 0xDD, 0xE8, 0xCC, 0x27, 0x25, 0xE8, 0xDD, 0xDD, 0xFD, 0x84, 0x84, 0xDD, 0xFF,
    0x41, 0xDE, 0x88, 0x0F, 0x44, 0xFE, 0xDF, 0x0F, 0x1E, 0xE8, 0xFD, 0x0F, 0x1E, 0x84, 0xFF, 0x00,
    0xDF, 0xDD, 0x7C, 0x79, 0xCF, 0x2C, 0xC5, 0x9C, 0x2F, 0xC5, 0xCC, 0xDD, 0xDF, 0x4C, 0x44, 0xD8,
    0x4F, 0xC4, 0xCC, 0x8D, 0xF0, 0xFD, 0xAA, 0xCD, 0xF0, 0x7F, 0x33, 0xF7, 0x00, 0xAF, 0x35, 0x55,
    0x9F, 0x0F, 0x00, 0x00, 0x97, 0x0F, 0x00, 0x00, 0xDD, 0x0F, 0x00, 0x00, 0xDD, 0x0F, 0x00, 0x00,
    0xF8, 0x00, 0x00, 0x00, 0xFD, 0x0A, 0x00, 0x00, 0x5F, 0xA5, 0x00, 0x00, 0xB7, 0x27, 0x0B, 0x00,
    0x00, 0x00, 0x00, 0x00, 0x00, 0x00, 0x00, 0x00, 0x00, 0x00, 0x00, 0x00, 0x00, 0xFF, 0xFF, 0x0F,
    0xF0, 0xCC, 0xDC, 0xFF, 0x8F, 0xCC, 0xCC, 0xDC, 0x4F, 0xCC, 0xCC, 0xDC, 0x8F, 0xCC, 0xCC, 0xDD,
    0x4E, 0x81, 0x7E, 0x00, 0xEE, 0x81, 0x7E, 0x05, 0xE0, 0x41, 0xA8, 0x52, 0xE0, 0x14, 0x28, 0xAB,
    0xFF, 0x1E, 0xE8, 0x8E, 0xDD, 0x4E, 0x84, 0x11, 0xDD, 0x4E, 0x81, 0x84, 0xDD, 0xED, 0x81, 0x11,
    0x00, 0x00, 0xAA, 0x77, 0x00, 0x00, 0x00, 0xAB, 0x00, 0x00, 0x00, 0x5B, 0xEE, 0x00, 0x00, 0xD0,
    0xE8, 0x00, 0x00, 0xF0, 0x84, 0x00, 0x00, 0xF0, 0xE4, 0x00, 0x00, 0xCF, 0x88, 0x0E, 0xF0, 0xCC,
    0x75, 0x2A, 0xFD, 0x00, 0xAB, 0x52, 0xDD, 0x0F, 0x2A, 0xA2, 0xDD, 0xF8, 0xDD, 0xD4, 0xCD, 0xF4,
    0xDD, 0xD8, 0xCD, 0xF8, 0x4D, 0xDC, 0xDD, 0x0F, 0x8C, 0xCC, 0xDD, 0x0F, 0xC4, 0xDC, 0xDD, 0x0F,
    0x4F, 0xCD, 0xDC, 0xDD, 0xF0, 0xD8, 0xDD, 0xDD, 0x00, 0x4F, 0x48, 0x48, 0x00, 0xF0, 0xFF, 0xFF,
    0x00, 0x00, 0x00, 0x00, 0x00, 0x00, 0x00, 0x00, 0x00, 0x00, 0x00, 0x00, 0x00, 0x00, 0x00, 0x00,
    0xDD, 0xED, 0x14, 0x14, 0x48, 0xE8, 0x14, 0x48, 0xFF, 0x0F, 0x4E, 0x8E, 0x00, 0x00, 0x8E, 0xE8,
    0x00, 0x00, 0xE0, 0x0E, 0x00, 0x00, 0x00, 0x00, 0x00, 0x00, 0x00, 0x00, 0x00, 0x00, 0x00, 0x00,
    0x14, 0x08, 0xF0, 0xCC, 0x84, 0x0E, 0xF0, 0x4D, 0xEE, 0x00, 0xF0, 0xD8, 0x0E, 0x00, 0x00, 0xFF,
    0x00, 0x00, 0x00, 0x00, 0x00, 0x00, 0x00, 0x00, 0x00, 0x00, 0x00, 0x00, 0x00, 0x00, 0x00, 0x00,
    0xC8, 0x48, 0x48, 0x0F, 0x48, 0xDD, 0xDD, 0x0F, 0xDD, 0xFD, 0xFF, 0x00, 0xFF, 0x0F, 0x00, 0x00,
    0x00, 0x00, 0x00, 0x00, 0x00, 0x00, 0x00, 0x00, 0x00, 0x00, 0x00, 0x00, 0x00, 0x00, 0x00, 0x00,
    0x00, 0x00, 0x00, 0x00, 0x00, 0xB0, 0xBB, 0xB0, 0x00, 0x6B, 0xB6, 0xBB, 0x00, 0xB0, 0x5B, 0x65,
    0x00, 0x00, 0xBB, 0x66, 0x00, 0xB0, 0x66, 0xAA, 0x00, 0x6B, 0x55, 0xA6, 0xB0, 0xBB, 0x6B, 0x66,
    0xB0, 0xBB, 0xBB, 0x00, 0x6B, 0x55, 0x66, 0xBB, 0x66, 0x56, 0x55, 0xB6, 0x66, 0x56, 0x65, 0x65,
    0x66, 0x65, 0x66, 0x66, 0x6A, 0x66, 0x66, 0x56, 0x66, 0x66, 0x66, 0x66, 0x66, 0x66, 0x56, 0x56,
    0x00, 0x00, 0xB0, 0x55, 0x4F, 0xF8, 0x6B, 0x65, 0xF8, 0xF1, 0x5B, 0xA6, 0x81, 0x81, 0xBB, 0xBB,
    0xA5, 0xF4, 0x18, 0xB4, 0xA3, 0x0F, 0x1F, 0x41, 0x84, 0x08, 0x8F, 0x84, 0x00, 0x48, 0xAA, 0x77,
    0xA6, 0x56, 0x56, 0x66, 0x6A, 0x6A, 0x65, 0xA5, 0x6B, 0xA6, 0x55, 0xA5, 0xB7, 0xA5, 0x56, 0x65,
    0xB5, 0x56, 0x6B, 0x65, 0x7B, 0x5B, 0xBB, 0xB6, 0xAA, 0xBA, 0x7B, 0x7B, 0x25, 0xA7, 0xAC, 0xF5,
    0x00, 0x00, 0x00, 0x00, 0x00, 0x00, 0x00, 0x00, 0x0B, 0x00, 0x00, 0x00, 0xB6, 0x00, 0x00, 0x00,
    0x65, 0x0B, 0x00, 0x00, 0x55, 0xB6, 0x00, 0x00, 0x56, 0x65, 0x0B, 0x00, 0x65, 0xB6, 0x00, 0x00,
    0x65, 0xBB, 0x0B, 0x00, 0xB6, 0xDD, 0xFD, 0x00, 0xFB, 0xDD, 0xFD, 0x00, 0xFB, 0x8D, 0x08, 0x00,
    0xDB, 0x48, 0xF4, 0x00, 0xDD, 0x48, 0x84, 0x0F, 0xFD, 0x8D, 0x84, 0x0F, 0xDF, 0xDD, 0xD8, 0xFD,
    0x00, 0x00, 0x00, 0x00, 0x00, 0x00, 0x7A, 0xF8, 0x00, 0x7A, 0x53, 0x14, 0xA0, 0x53, 0x4F, 0x48,
    0x70, 0xFA, 0xF4, 0x78, 0x00, 0x00, 0xFF, 0xAB, 0x00, 0x00, 0x00, 0x80, 0x00, 0x00, 0x80, 0x88,
    0xE0, 0x0E, 0x48, 0x00, 0x8E, 0x48, 0x0E, 0x00, 0xE0, 0xEE, 0x00, 0x00, 0x00, 0x00, 0x00, 0xA0,
    0x00, 0x00, 0x00, 0xA0, 0x00, 0x00, 0x00, 0x00, 0x00, 0x00, 0x00, 0x00, 0x00, 0x00, 0x00, 0x00,
};
static const u16 sFrame44[] = {
    0x0004, 0x00E4, 0x81F5, 0x0000, 0x00D4, 0x41F5, 0x0010, 0x80D4, 0x0005, 0x0014, 0x80DC, 0x01ED,
    0x0016, 0x0000,
};
static const void* const sFrames44[] = { sFrame44 };
static const u8 sTiles45[832] __attribute__((aligned(4))) = {
    0x00, 0x00, 0x00, 0x00, 0x00, 0x00, 0x00, 0x00, 0x00, 0x00, 0x00, 0x00, 0x00, 0x00, 0x00, 0x00,
    0x00, 0x00, 0x00, 0x00, 0x00, 0x00, 0x00, 0x00, 0x00, 0x00, 0x00, 0x00, 0x00, 0xA0, 0xFA, 0xFF,
    0x00, 0xB0, 0x5B, 0x65, 0x00, 0x00, 0x5B, 0xA6, 0x00, 0xB0, 0x65, 0xAA, 0x00, 0xB0, 0xBB, 0x76,
    0x00, 0x00, 0xDF, 0x5B, 0x00, 0xA0, 0xDF, 0xBD, 0x8F, 0x7A, 0xF5, 0xDD, 0x41, 0x57, 0xF7, 0xDD,
    0x6A, 0x65, 0x65, 0x56, 0xA6, 0x55, 0x56, 0x66, 0xB6, 0x56, 0x56, 0xB6, 0x5B, 0x6B, 0x55, 0xDB,
    0x6B, 0x6B, 0x56, 0xDB, 0xB7, 0xB7, 0x6B, 0x47, 0xB6, 0xB6, 0xB8, 0x45, 0xDD, 0xFD, 0x8C, 0xC4,
    0xDB, 0xDF, 0x00, 0xFF, 0xDB, 0x8D, 0xF8, 0xDD, 0xFD, 0x48, 0x84, 0xDD, 0xFD, 0x48, 0x84, 0xDD,
    0xDD, 0x8D, 0xD8, 0xDD, 0xDD, 0x75, 0xDD, 0xDD, 0x2D, 0xD7, 0xFF, 0xAF, 0x1D, 0xDD, 0xDD, 0x2A,
    0xA0, 0x7A, 0x84, 0x48, 0x3A, 0x45, 0xF1, 0x14, 0xA7, 0x8F, 0xF8, 0x41, 0x00, 0x00, 0x7F, 0x85,
    0x00, 0x00, 0x57, 0xFA, 0x00, 0x00, 0xAA, 0x00, 0x00, 0x00, 0x00, 0x00, 0x00, 0x00, 0x00, 0x00,
    0x18, 0xA8, 0x0B, 0xFF, 0x8F, 0xF4, 0x00, 0xF0, 0xF8, 0x0F, 0x00, 0xDF, 0x0F, 0x00, 0xF0, 0xD5,
    0x00, 0x00, 0xFF, 0x2C, 0x00, 0x00, 0xCF, 0xDC, 0x00, 0x00, 0xCF, 0xCF, 0x00, 0x00, 0x4F, 0xD4,
    0xFF, 0xFF, 0x4C, 0x81, 0xDD, 0x1F, 0xCF, 0x78, 0xCD, 0x1F, 0xF1, 0x97, 0xCC, 0xFC, 0xF1, 0x99,
    0xCC, 0xCC, 0xDF, 0xFF, 0x75, 0xC2, 0xDC, 0xFF, 0xCD, 0x5C, 0x72, 0x0F, 0xFC, 0xDD, 0xFD, 0x00,
    0x1F, 0xDD, 0xA1, 0x25, 0xF7, 0xD1, 0x7D, 0xA2, 0xF9, 0xD1, 0x2A, 0xF5, 0xFF, 0x1F, 0x7A, 0xB2,
    0xFD, 0xFC, 0xA1, 0xA5, 0xDF, 0xDC, 0xBF, 0x5A, 0xCF, 0xCC, 0xEC, 0x88, 0x2F, 0x57, 0x48, 0x84,
    0x00, 0x00, 0x00, 0x00, 0x00, 0x00, 0x00, 0x00, 0x00, 0x00, 0x00, 0x00, 0x00, 0x00, 0x00, 0x00,
    0x00, 0x00, 0x00, 0x00, 0x00, 0x00, 0x00, 0x00, 0x00, 0x00, 0xF0, 0xFF, 0x00, 0x00, 0xCF, 0xCC,
    0x00, 0x00, 0xDF, 0x4D, 0x00, 0x00, 0xF0, 0xDD, 0x00, 0x00, 0xA0, 0xFF, 0x00, 0x00, 0xA0, 0x53,
    0x00, 0x00, 0x7B, 0x53, 0x00, 0xB0, 0xA5, 0x57, 0x0F, 0xB0, 0xA5, 0x52, 0xFD, 0xDD, 0x5B, 0x8E,
    0x84, 0xF8, 0x0F, 0x00, 0xFD, 0x0F, 0x00, 0x00, 0xFF, 0x00, 0x00, 0x00, 0xA7, 0x00, 0x00, 0x00,
    0x0A, 0xEE, 0x00, 0x80, 0xE7, 0x41, 0xEE, 0x48, 0x8E, 0x1E, 0x84, 0x14, 0x4E, 0x41, 0x48, 0x41,
    0xDF, 0x8C, 0x14, 0xE8, 0xF0, 0x48, 0x41, 0x9E, 0x80, 0x14, 0xE4, 0x75, 0x48, 0x41, 0x7E, 0x33,
    0x14, 0xE4, 0xAF, 0x7A, 0x41, 0x0E, 0x00, 0xB0, 0xE4, 0x00, 0x00, 0x00, 0x0E, 0x00, 0x00, 0x00,
    0x00, 0xF0, 0xC4, 0xCC, 0x00, 0xF0, 0xC8, 0xCC, 0x00, 0xF0, 0xC4, 0xCC, 0x00, 0x00, 0x8F, 0xCC,
    0x00, 0x00, 0x4F, 0xDD, 0x00, 0x00, 0xF0, 0x48, 0x00, 0x00, 0x00, 0xFF, 0x00, 0x00, 0x00, 0x00,
    0xDC, 0xCD, 0xDC, 0x41, 0xCC, 0xDD, 0xDD, 0x18, 0xCC, 0xDD, 0xDD, 0x8E, 0xDD, 0xDD, 0x48, 0xE8,
    0xDD, 0x48, 0xFF, 0xFF, 0x48, 0xFF, 0x0F, 0x00, 0xFF, 0x00, 0x00, 0x00, 0x00, 0x00, 0x00, 0x00,
    0x14, 0x81, 0x14, 0xE4, 0x41, 0x48, 0x41, 0x0E, 0x84, 0x14, 0xE4, 0x00, 0x4E, 0x41, 0x0E, 0x00,
    0x8E, 0xE8, 0x00, 0x00, 0xE0, 0x0E, 0x00, 0x00, 0x00, 0x00, 0x00, 0x00, 0x00, 0x00, 0x00, 0x00,
    0x00, 0x00, 0x00, 0xF0, 0x00, 0x00, 0x00, 0xDF, 0x00, 0x00, 0xF0, 0xCD, 0x00, 0x00, 0xF0, 0x4D,
    0x00, 0x00, 0xF0, 0x8D, 0x00, 0x00, 0xF0, 0x84, 0x00, 0x00, 0x00, 0xFF, 0x00, 0x00, 0x00, 0x00,
    0x0F, 0x00, 0x00, 0x00, 0xAF, 0x0A, 0x00, 0x00, 0x5F, 0xA3, 0x00, 0x00, 0x7F, 0x75, 0x00, 0x00,
    0xFF, 0xAA, 0x0E, 0x00, 0x4B, 0x11, 0xE8, 0x00, 0x8B, 0x48, 0xE4, 0x4E, 0xBF, 0x5F, 0x5F, 0xE2,
    0x00, 0x00, 0x00, 0x00, 0x00, 0x00, 0x00, 0x00, 0x00, 0x00, 0x00, 0x00, 0x00, 0x00, 0x00, 0x00,
    0x00, 0x00, 0x00, 0x00, 0x00, 0x00, 0x00, 0x00, 0x88, 0x84, 0x00, 0x00, 0x00, 0x80, 0x08, 0x00,
    0xFB, 0x11, 0xF4, 0xB5, 0x48, 0x84, 0xF8, 0x7B, 0x81, 0x4F, 0x48, 0x2F, 0x84, 0x14, 0x81, 0x5F,
    0xF5, 0x4F, 0x58, 0x2A, 0x72, 0x5B, 0xB5, 0x52, 0xA5, 0xB7, 0x2B, 0xA5, 0x5B, 0x22, 0x72, 0x0A,
    0x00, 0x00, 0x80, 0x00, 0x0A, 0x00, 0x40, 0xE0, 0x0A, 0x00, 0x80, 0x4E, 0xA2, 0x00, 0xE0, 0x8E,
    0x72, 0x00, 0x4E, 0x18, 0xA7, 0x00, 0xE0, 0xEE, 0x0A, 0x00, 0x00, 0x00, 0x00, 0x00, 0x00, 0x00,
    0x00, 0x00, 0x00, 0x00, 0x00, 0xBB, 0x0B, 0xBB, 0xB0, 0x56, 0xB6, 0x6B, 0x00, 0xBB, 0x55, 0x66,
    0x00, 0xB0, 0x6B, 0x66, 0x00, 0x6B, 0xA6, 0xAA, 0xB0, 0x55, 0x65, 0x6A, 0xBB, 0x6B, 0x65, 0x66,
    0xBB, 0xBB, 0x0B, 0x00, 0x56, 0x65, 0xB6, 0x0B, 0x66, 0x55, 0x65, 0xBB, 0x66, 0x55, 0x56, 0x66,
    0x56, 0x66, 0x66, 0x56, 0x66, 0x66, 0x66, 0x55, 0x66, 0x66, 0x66, 0x66, 0x66, 0x66, 0x65, 0x55,
    0xAA, 0x57, 0xAA, 0x00, 0xFF, 0xAA, 0x00, 0x00, 0x0A, 0xAA, 0x00, 0x00, 0xA5, 0x52, 0x0A, 0x00,
    0x55, 0x2B, 0xB5, 0x00, 0x7B, 0x2A, 0xB5, 0x00, 0x5A, 0x57, 0xDA, 0x0F, 0xB0, 0x84, 0x8D, 0x0F,
    0x8F, 0xDD, 0x4D, 0x0F, 0xC4, 0xDD, 0x8D, 0x0D, 0xC8, 0xCC, 0x4D, 0x0F, 0xCC, 0xCC, 0xF8, 0x0F,
    0xCC, 0xCC, 0xF4, 0x00, 0x84, 0xDD, 0xF8, 0x00, 0xFF, 0x84, 0xF4, 0x00, 0x00, 0x00, 0x00, 0x00,
    0x00, 0x00, 0x00, 0x00, 0x00, 0x00, 0x00, 0x00, 0x0B, 0x00, 0x00, 0x00, 0xB6, 0x00, 0x00, 0x00,
    0x65, 0x0B, 0x00, 0x00, 0x55, 0x0B, 0x00, 0x00, 0x65, 0xFB, 0x00, 0x00, 0xB6, 0xFD, 0x00, 0x00,
    0x00, 0x00, 0x00, 0x00, 0x0E, 0x00, 0x00, 0x00, 0x0E, 0x00, 0x00, 0x00, 0xE4, 0x00, 0x00, 0x00,
    0xE4, 0x00, 0x00, 0x00, 0x0E, 0x00, 0x00, 0x00, 0x00, 0x00, 0x00, 0x00, 0x00, 0x00, 0x00, 0x00,
};
static const u16 sFrame45[] = {
    0x0006, 0x00E1, 0x81F3, 0x0000, 0x00E1, 0x4013, 0x0010, 0x40D9, 0x01FB, 0x0014, 0x80F1, 0x0013,
    0x0016, 0x00D9, 0x000B, 0x0018, 0x00E9, 0x0023, 0x0019, 0x0000,
};
static const void* const sFrames45[] = { sFrame45 };
static const u8 sTiles46[928] __attribute__((aligned(4))) = {
    0x00, 0x00, 0x00, 0x00, 0x00, 0x00, 0x00, 0x00, 0x00, 0x00, 0x00, 0x00, 0x00, 0x00, 0x00, 0xB0,
    0x00, 0xB0, 0xBB, 0x6B, 0x00, 0xB0, 0x66, 0x6B, 0x00, 0x00, 0xBB, 0xA6, 0x00, 0x00, 0x6B, 0x65,
    0x00, 0x00, 0x00, 0x00, 0x00, 0xBB, 0xBB, 0xBB, 0xBB, 0x56, 0x65, 0x66, 0x66, 0x65, 0x55, 0x65,
    0x66, 0x66, 0x55, 0x56, 0x66, 0x56, 0x65, 0x66, 0xAA, 0x66, 0x66, 0x66, 0x6A, 0x66, 0x66, 0x65,
    0x00, 0x00, 0x00, 0x00, 0x00, 0x00, 0x00, 0x00, 0xBB, 0x0B, 0x00, 0x00, 0x55, 0xB6, 0x0B, 0x00,
    0x66, 0x56, 0x0B, 0x00, 0x56, 0x65, 0x0B, 0xFF, 0x55, 0xB6, 0xF8, 0xFD, 0x66, 0xB5, 0x84, 0xDD,
    0x00, 0x00, 0x00, 0x00, 0x00, 0x00, 0x00, 0x00, 0x00, 0x00, 0x00, 0x00, 0x00, 0x00, 0x00, 0x00,
    0x00, 0x00, 0x00, 0x84, 0x00, 0x00, 0xFF, 0x08, 0x7A, 0xFA, 0x14, 0xF8, 0x5F, 0x83, 0x81, 0x15,
    0x00, 0xB0, 0x56, 0x65, 0x00, 0x00, 0xAB, 0x5B, 0x00, 0xF0, 0x6F, 0x55, 0x00, 0xF0, 0x5B, 0xA6,
    0x00, 0x7A, 0xBB, 0x6B, 0x7F, 0x35, 0xDD, 0x6D, 0x84, 0xA5, 0xDF, 0xBD, 0x15, 0x08, 0xDF, 0xDD,
    0x66, 0x66, 0x66, 0x56, 0x65, 0x6A, 0x66, 0x56, 0xA6, 0xA6, 0x55, 0x66, 0xBA, 0xA5, 0x56, 0x65,
    0x7B, 0x5B, 0xAA, 0x56, 0x5B, 0xB6, 0xA6, 0x6A, 0x6F, 0x75, 0x5B, 0xB6, 0xFF, 0xBB, 0xB6, 0xCB,
    0xB6, 0xB6, 0x84, 0xDD, 0xB6, 0x8B, 0xD8, 0xDD, 0x65, 0xDB, 0xDD, 0xDD, 0x65, 0xDB, 0xFD, 0xFF,
    0x66, 0xDB, 0x8F, 0x00, 0xB5, 0xFD, 0xF8, 0x00, 0xBB, 0xFD, 0xF8, 0x00, 0x4B, 0xDD, 0xF8, 0x00,
    0xAD, 0x87, 0x81, 0x4F, 0xFD, 0xFB, 0xF4, 0x4F, 0xFD, 0xF5, 0xFF, 0x8F, 0x0F, 0x7B, 0x25, 0xB2,
    0x00, 0xB0, 0x7A, 0x25, 0x00, 0x00, 0xB0, 0x7A, 0x00, 0x00, 0x00, 0xA0, 0x00, 0x00, 0x00, 0x00,
    0x8F, 0xF1, 0xFF, 0xFF, 0xF8, 0xF4, 0xDD, 0xCD, 0xFF, 0xDF, 0x25, 0xCC, 0x0F, 0xDF, 0xCD, 0xC7,
    0x00, 0xDF, 0xDC, 0x2C, 0x00, 0xDF, 0xCD, 0xDD, 0x00, 0x4F, 0xD4, 0xCC, 0x00, 0xDF, 0x4C, 0xDF,
    0x8D, 0xFF, 0x8F, 0xFC, 0x8D, 0xFD, 0x71, 0x48, 0x4C, 0xF1, 0x91, 0x14, 0xDC, 0x14, 0xFF, 0x8F,
    0xDC, 0x1F, 0xDF, 0xCF, 0x75, 0xFD, 0xFF, 0x7D, 0xFD, 0x0F, 0x00, 0xCF, 0xFF, 0x00, 0x00, 0xDF,
    0xD4, 0xD1, 0xF4, 0x00, 0xFF, 0xD1, 0xD4, 0x0F, 0xD8, 0x1F, 0x91, 0x0F, 0xCC, 0xDC, 0xF7, 0xF7,
    0x25, 0x57, 0x72, 0xF7, 0xCC, 0xDC, 0xDD, 0x99, 0xCC, 0x4D, 0x88, 0xDD, 0x4C, 0xC4, 0xFD, 0xF8,
    0x00, 0x00, 0x00, 0x00, 0x00, 0x00, 0x00, 0x00, 0x00, 0x00, 0x00, 0x00, 0x00, 0x00, 0x00, 0x00,
    0x00, 0x00, 0x00, 0x00, 0x0F, 0x00, 0x00, 0x00, 0x0F, 0x00, 0x00, 0x00, 0x00, 0x00, 0x00, 0x00,
    0x00, 0xDF, 0xCC, 0x84, 0x00, 0xF0, 0xDD, 0xDD, 0x00, 0xA0, 0xFF, 0xFF, 0x00, 0x70, 0x53, 0x0A,
    0x5B, 0xAA, 0x75, 0x0A, 0x2B, 0xA7, 0x55, 0x07, 0xAD, 0x52, 0xA7, 0x0A, 0xDD, 0xBB, 0xDD, 0x0F,
    0xF8, 0x00, 0x00, 0xF0, 0xFD, 0x00, 0x00, 0xF0, 0x0F, 0x00, 0x00, 0x00, 0x00, 0x00, 0x00, 0x00,
    0x00, 0x00, 0x00, 0x00, 0x00, 0x00, 0x00, 0x00, 0x00, 0x00, 0x00, 0x00, 0x00, 0x00, 0x00, 0x00,
    0xC4, 0x3F, 0xA5, 0x0F, 0xF4, 0x37, 0x53, 0xA7, 0xFF, 0xAF, 0x57, 0x55, 0xF0, 0xFF, 0xA0, 0x7A,
    0x00, 0x00, 0x00, 0xA5, 0x00, 0x00, 0x00, 0x4F, 0x00, 0x00, 0xFF, 0x8D, 0x00, 0xF0, 0xCD, 0xD4,
    0xAA, 0x00, 0x00, 0x00, 0x75, 0x0A, 0x00, 0x00, 0x2B, 0xB7, 0x00, 0x00, 0x2A, 0xB5, 0x00, 0x00,
    0x52, 0xF7, 0x00, 0x00, 0x7D, 0x8B, 0x0F, 0x00, 0xDD, 0x4D, 0x0F, 0x00, 0xDD, 0x8D, 0x0F, 0x00,
    0x00, 0x00, 0xE0, 0xEE, 0x00, 0x00, 0x4E, 0x48, 0x00, 0x84, 0xE8, 0x41, 0x88, 0x00, 0x8E, 0x84,
    0x00, 0x00, 0x4E, 0xEE, 0x00, 0x00, 0xE0, 0x0E, 0xFF, 0x00, 0x00, 0x00, 0x88, 0xFF, 0xAA, 0x00,
    0x00, 0x00, 0x00, 0x00, 0x0E, 0x00, 0x00, 0x00, 0x0E, 0x00, 0x00, 0x00, 0x0E, 0x00, 0x00, 0x00,
    0x00, 0x00, 0x00, 0x00, 0x00, 0x00, 0x00, 0x00, 0x00, 0x00, 0x00, 0x00, 0x00, 0x00, 0x00, 0x00,
    0xF4, 0x41, 0x5F, 0x0A, 0x11, 0x48, 0xA5, 0x75, 0x41, 0xE8, 0x5B, 0x52, 0x5A, 0x5A, 0xA2, 0xA7,
    0x22, 0xA5, 0x87, 0xE8, 0x55, 0xBA, 0x8B, 0x14, 0xBB, 0x00, 0xB0, 0x8E, 0x00, 0x00, 0x00, 0xE0,
    0x00, 0x00, 0x00, 0x00, 0x0A, 0x00, 0x00, 0x00, 0x0B, 0x00, 0x00, 0x00, 0x00, 0x00, 0x00, 0x00,
    0x8E, 0x00, 0x00, 0x00, 0x81, 0x8E, 0x00, 0x00, 0x14, 0x81, 0x08, 0x00, 0x8E, 0x14, 0x81, 0x08,
    0x00, 0x00, 0x00, 0x00, 0x00, 0x00, 0x00, 0x00, 0x00, 0x00, 0x00, 0x00, 0x00, 0x00, 0x00, 0x00,
    0x00, 0x00, 0x00, 0x00, 0x00, 0x00, 0x00, 0xF0, 0x00, 0x00, 0xFF, 0xFF, 0x00, 0x8F, 0x84, 0x84,
    0xA0, 0x18, 0x81, 0x18, 0x5A, 0x47, 0x41, 0x1F, 0x7A, 0x75, 0x88, 0x44, 0x5A, 0x4A, 0xAF, 0x85,
    0xA0, 0xA0, 0x57, 0xA7, 0x00, 0x00, 0x00, 0x00, 0x00, 0x00, 0x00, 0x00, 0x00, 0x00, 0x00, 0x00,
    0x00, 0x00, 0x00, 0x00, 0x00, 0x00, 0x00, 0x00, 0x00, 0x00, 0x00, 0x00, 0x00, 0x00, 0x00, 0x00,
    0x00, 0xFF, 0xFF, 0x00, 0xF0, 0xCC, 0xDC, 0xFF, 0x4F, 0xCC, 0xCC, 0xDD, 0x8F, 0xCC, 0xCC, 0xDC,
    0x4F, 0xCC, 0xCC, 0xDC, 0xF0, 0xC8, 0xCC, 0xDD, 0xF0, 0xD4, 0xDD, 0x8D, 0x00, 0x8F, 0x84, 0xF4,
    0x00, 0xF0, 0xFF, 0x0F, 0x00, 0x00, 0x00, 0x00, 0x00, 0x00, 0x00, 0x00, 0x00, 0x00, 0x00, 0x00,
    0xE0, 0x8E, 0x14, 0x81, 0x00, 0xE0, 0xEE, 0x14, 0x00, 0xE0, 0x48, 0x88, 0x00, 0x1E, 0x41, 0x41,
    0x00, 0x8E, 0x84, 0x4E, 0x00, 0x00, 0xEE, 0x84, 0x00, 0x00, 0x00, 0xEE, 0x00, 0x00, 0x00, 0x00,
    0x08, 0x00, 0x00, 0x00, 0x81, 0x08, 0x00, 0x00, 0x14, 0x81, 0x08, 0x00, 0x88, 0x14, 0xE4, 0x00,
    0x41, 0x8E, 0xE8, 0x00, 0x88, 0xE8, 0x0E, 0x00, 0xEE, 0x00, 0x00, 0x00, 0x00, 0x00, 0x00, 0x00,
    0x00, 0xDF, 0x8C, 0xCC, 0x00, 0xDF, 0xC4, 0xCC, 0x00, 0x4F, 0xD8, 0xCC, 0x00, 0xFF, 0x48, 0xDC,
    0x00, 0x00, 0x0F, 0x00, 0x00, 0x00, 0x00, 0x00, 0x00, 0x00, 0x00, 0x00, 0x00, 0x00, 0x00, 0x00,
    0xDC, 0x4D, 0x0F, 0x00, 0xCC, 0xF8, 0x00, 0x00, 0x4C, 0x0F, 0x00, 0x00, 0x8D, 0x0F, 0x00, 0x00,
    0x00, 0x00, 0x00, 0x00, 0x00, 0x00, 0x00, 0x00, 0x00, 0x00, 0x00, 0x00, 0x00, 0x00, 0x00, 0x00,
    0xDD, 0xDD, 0xDD, 0x0F, 0xDD, 0x84, 0x84, 0x0F, 0x84, 0xFF, 0xFF, 0x00, 0xFF, 0x00, 0x00, 0x00,
    0x00, 0x00, 0x00, 0x00, 0x00, 0x00, 0x00, 0x00, 0x00, 0x00, 0x00, 0x00, 0x00, 0x00, 0x00, 0x00,
};
static const u16 sFrame46[] = {
    0x0006, 0x00DB, 0x81FB, 0x0000, 0x00DB, 0x401B, 0x0010, 0x80E3, 0x41F3, 0x0014, 0x40EB, 0x0023,
    0x0018, 0x40FB, 0x000B, 0x001A, 0x00FB, 0x01FB, 0x001C, 0x0000,
};
static const void* const sFrames46[] = { sFrame46 };
static const u8 sTiles47[1024] __attribute__((aligned(4))) = {
    0x2A, 0xAA, 0x17, 0xF4, 0x2A, 0x7A, 0x18, 0x88, 0x27, 0x75, 0x4F, 0x48, 0x7A, 0x22, 0xF5, 0x8F,
    0xB0, 0x7A, 0xB5, 0xBF, 0x00, 0x00, 0xBB, 0xB7, 0x00, 0x00, 0xB0, 0xBB, 0x00, 0x00, 0x00, 0xF8,
    0x11, 0xF8, 0xA2, 0x6A, 0x84, 0xFF, 0x5B, 0xA5, 0x28, 0xBB, 0x5F, 0x66, 0x8F, 0x14, 0xBF, 0x5B,
    0x14, 0x41, 0x5F, 0x5B, 0x88, 0xF8, 0x53, 0x6B, 0xFB, 0xA7, 0x83, 0xB8, 0xAF, 0xA5, 0x15, 0xB8,
    0x66, 0xB5, 0xB5, 0x00, 0x66, 0x66, 0xB6, 0x0B, 0x66, 0x6A, 0x6A, 0x0B, 0xA5, 0xA6, 0x56, 0xB6,
    0x66, 0x6A, 0x5A, 0xB5, 0xAA, 0x6A, 0x5A, 0x65, 0x56, 0xA6, 0x6A, 0x65, 0x55, 0x6B, 0xA6, 0x66,
    0x00, 0x00, 0x00, 0x00, 0x00, 0x00, 0x00, 0x00, 0x00, 0x00, 0x00, 0x00, 0x00, 0x00, 0x00, 0x00,
    0x00, 0x00, 0x00, 0x00, 0x0B, 0x00, 0x00, 0x00, 0x0B, 0x00, 0x00, 0x00, 0x0B, 0x00, 0x00, 0x00,
    0x00, 0x00, 0xF0, 0xF4, 0x00, 0x00, 0x80, 0x88, 0x8E, 0x88, 0x84, 0xDF, 0x48, 0x00, 0x00, 0xF0,
    0x00, 0x00, 0x00, 0x00, 0x00, 0x00, 0x00, 0x00, 0x00, 0x00, 0x00, 0xF0, 0x00, 0x00, 0x00, 0xFF,
    0xA4, 0x55, 0x5A, 0xB5, 0xA1, 0x57, 0x7A, 0x5B, 0x44, 0x5A, 0xB7, 0x6F, 0xF8, 0xFF, 0xFF, 0xBD,
    0xF8, 0xDD, 0xDD, 0x88, 0xC4, 0xDF, 0xDD, 0x48, 0x7D, 0xDF, 0xDD, 0x8D, 0x71, 0xF1, 0xDD, 0xDD,
    0xB5, 0xA5, 0xAA, 0x65, 0xB6, 0xA5, 0xA5, 0x66, 0x6B, 0x55, 0xAA, 0xB6, 0xB6, 0x55, 0x6A, 0xBB,
    0xBB, 0xF5, 0x65, 0x0B, 0x84, 0xFD, 0xB5, 0x00, 0x84, 0xFD, 0x0F, 0x00, 0x88, 0xFD, 0x00, 0x00,
    0x0B, 0x00, 0x00, 0x00, 0x0B, 0x00, 0x00, 0x00, 0x00, 0x00, 0x00, 0x00, 0x00, 0x00, 0x00, 0x00,
    0x00, 0x00, 0x00, 0x00, 0x00, 0x00, 0x00, 0x00, 0x00, 0x00, 0x00, 0x00, 0x00, 0x00, 0x00, 0x00,
    0x00, 0x00, 0x00, 0x00, 0x00, 0x00, 0x00, 0x00, 0x00, 0x00, 0x00, 0x00, 0x00, 0x00, 0x00, 0x00,
    0x00, 0x00, 0x00, 0x00, 0x00, 0x00, 0x00, 0x00, 0x00, 0xF0, 0xFF, 0x00, 0x00, 0xDF, 0xDC, 0xFF,
    0x00, 0xFF, 0xFF, 0xFF, 0x00, 0x3A, 0xF7, 0x00, 0x00, 0x37, 0xA3, 0x00, 0x00, 0x37, 0xB5, 0x00,
    0x00, 0x5A, 0xB7, 0x00, 0x00, 0x57, 0xA7, 0x00, 0x00, 0x7A, 0xB7, 0x00, 0xB0, 0x7B, 0x5A, 0x0F,
    0xCF, 0xCC, 0xFD, 0x0F, 0xF0, 0xAF, 0x55, 0xA7, 0x00, 0xB0, 0x37, 0xB5, 0x00, 0x00, 0x5B, 0xB5,
    0x00, 0x00, 0xA0, 0xA5, 0x00, 0x00, 0x7B, 0xAB, 0x00, 0x00, 0xAB, 0x22, 0x00, 0x00, 0xF0, 0x55,
    0x00, 0x00, 0x00, 0x00, 0x00, 0x00, 0x00, 0x00, 0x00, 0x00, 0x00, 0x00, 0x0B, 0x00, 0x00, 0x00,
    0xA5, 0x00, 0x00, 0x00, 0x72, 0x0B, 0x00, 0x00, 0xA5, 0x0B, 0x00, 0x00, 0xD7, 0x0F, 0x00, 0x00,
    0xF0, 0xCC, 0xCC, 0xDD, 0x8F, 0xCC, 0xCC, 0xDC, 0x4F, 0xCC, 0xCC, 0xDC, 0x8F, 0xCD, 0xCC, 0xDD,
    0x4F, 0xDD, 0xDD, 0xDD, 0xF0, 0x48, 0x48, 0x48, 0x00, 0xFF, 0xFF, 0xFF, 0x00, 0x00, 0x00, 0x00,
    0x5F, 0xBA, 0x25, 0x0F, 0x7C, 0x25, 0x52, 0x0F, 0xDD, 0x5A, 0xD7, 0x0F, 0xDD, 0xDD, 0xDD, 0xFF,
    0xDD, 0xDD, 0x8D, 0xFF, 0x48, 0x48, 0x48, 0xFF, 0xFF, 0xFF, 0xFF, 0x00, 0x00, 0x00, 0x00, 0x00,
    0x00, 0xFF, 0x4F, 0x48, 0xF0, 0xCC, 0xD8, 0xDD, 0xCF, 0x4C, 0xCC, 0xDD, 0xCD, 0x8C, 0xCC, 0xDC,
    0xDD, 0x4C, 0xCC, 0xDD, 0x84, 0x8D, 0xDD, 0xDD, 0xFF, 0x84, 0x84, 0x84, 0x00, 0xFF, 0xFF, 0xFF,
    0xDD, 0xF8, 0x00, 0x00, 0xDD, 0xF4, 0x00, 0x00, 0xDD, 0xF8, 0x00, 0x00, 0xDD, 0xF4, 0x00, 0x00,
    0x8D, 0x0F, 0x00, 0x00, 0xF4, 0x00, 0x00, 0x00, 0x0F, 0x00, 0x00, 0x00, 0x00, 0x00, 0x00, 0x00,
    0x00, 0x00, 0x00, 0xEE, 0x00, 0x00, 0xE0, 0x48, 0x00, 0x00, 0xE0, 0x88, 0x00, 0x00, 0xE0, 0x14,
    0x00, 0x00, 0xE0, 0x14, 0x00, 0x00, 0xE0, 0x14, 0x00, 0x00, 0xE0, 0x14, 0x00, 0x00, 0xE0, 0x14,
    0x0E, 0x00, 0x00, 0x00, 0x84, 0xEE, 0x0E, 0x00, 0x18, 0x41, 0xE8, 0x00, 0x48, 0x14, 0xE4, 0x00,
    0x18, 0xE8, 0x0E, 0x00, 0x14, 0x41, 0x0E, 0x00, 0x14, 0xE8, 0x0E, 0x00, 0x44, 0x14, 0xE4, 0x00,
    0x00, 0x00, 0xE0, 0x14, 0x00, 0x00, 0xE0, 0x14, 0x00, 0x00, 0xE0, 0x14, 0x00, 0x00, 0xE0, 0x14,
    0x00, 0x00, 0xE0, 0x14, 0x00, 0x00, 0xE0, 0x14, 0x00, 0x00, 0xE0, 0x14, 0x00, 0x00, 0xE0, 0x14,
    0x14, 0x41, 0xE8, 0x00, 0x88, 0xEE, 0x0E, 0x00, 0xE8, 0x00, 0x00, 0x00, 0x0E, 0x00, 0x00, 0x00,
    0x0E, 0x00, 0x00, 0x00, 0x0E, 0x00, 0x00, 0x00, 0x0E, 0x00, 0x00, 0x00, 0x0E, 0x00, 0x00, 0x00,
    0x00, 0x00, 0xE0, 0x14, 0x00, 0x00, 0xE0, 0x14, 0x00, 0x00, 0xE0, 0x14, 0x00, 0x00, 0xE0, 0x14,
    0x00, 0x00, 0xE0, 0x14, 0x00, 0x00, 0xE0, 0x14, 0x00, 0x00, 0xE0, 0x14, 0x00, 0x00, 0xE0, 0x48,
    0x0E, 0x00, 0x00, 0x00, 0x0E, 0x00, 0x00, 0x00, 0x0E, 0x00, 0x00, 0x00, 0x0E, 0x00, 0x00, 0x00,
    0x0E, 0x00, 0x00, 0x00, 0x0E, 0x00, 0x00, 0x00, 0x0E, 0x00, 0x00, 0x00, 0x0E, 0x00, 0x00, 0x00,
    0x00, 0x00, 0xB0, 0x88, 0x00, 0xB0, 0xAB, 0x8E, 0x00, 0x5A, 0xA5, 0x52, 0xB0, 0x25, 0xB5, 0x75,
    0xA0, 0xA2, 0xAB, 0xAB, 0xA0, 0xB2, 0x75, 0xBB, 0x5B, 0xB5, 0x5A, 0xF8, 0x5B, 0xA7, 0x45, 0x81,
    0x0E, 0x00, 0x00, 0x00, 0x7B, 0x0A, 0x00, 0x00, 0x27, 0xA5, 0x00, 0x00, 0x5B, 0x22, 0x0A, 0x00,
    0xBB, 0x27, 0x0A, 0x00, 0x77, 0x2B, 0xA7, 0x0A, 0x5A, 0x2A, 0xA5, 0xB5, 0x14, 0xF8, 0xA5, 0x5A,
    0x00, 0x00, 0xF0, 0x1F, 0x00, 0x00, 0xF0, 0x11, 0x00, 0x00, 0xF0, 0xFF, 0x00, 0x00, 0xDF, 0x1D,
    0x00, 0xF0, 0xFF, 0xFF, 0x00, 0xCF, 0xCC, 0xDD, 0xF0, 0xCC, 0xCC, 0xDF, 0xF0, 0xCC, 0xCC, 0xDF,
    0x19, 0xFD, 0xDF, 0xFD, 0x19, 0xFD, 0xDF, 0xFF, 0xD1, 0xDD, 0xDD, 0xFD, 0x11, 0x41, 0xD4, 0xFD,
    0xDF, 0xDD, 0x84, 0xD8, 0xFF, 0xFF, 0xFF, 0x8D, 0xDC, 0xFF, 0xDD, 0xFF, 0xDF, 0xDC, 0xFD, 0x0F,
    0x5F, 0xC2, 0xCC, 0xFD, 0xCF, 0x7D, 0xC2, 0xFD, 0xCF, 0xDC, 0x5C, 0xF7, 0xCF, 0xCC, 0xDD, 0xFD,
    0x4F, 0xC4, 0xDC, 0xFD, 0xFF, 0x4F, 0xDD, 0xFD, 0xDF, 0xDC, 0x88, 0xFD, 0xF0, 0xCD, 0xDC, 0xFF,
    0xCD, 0xCC, 0x9C, 0xF7, 0xCD, 0xCC, 0x97, 0xF7, 0x52, 0x27, 0x9C, 0x7F, 0xCC, 0xCC, 0xCC, 0x99,
    0xCC, 0xCC, 0xCC, 0xFC, 0x44, 0xCC, 0xCC, 0x8D, 0xCF, 0x44, 0x88, 0xD8, 0xFD, 0xDF, 0xCD, 0xFC,
    0xDF, 0xFD, 0x00, 0x00, 0xF0, 0x0F, 0x00, 0x00, 0x00, 0x00, 0x00, 0x00, 0x00, 0x00, 0x00, 0x00,
    0x0F, 0x00, 0x00, 0x00, 0x0F, 0x00, 0x00, 0x00, 0x00, 0x00, 0x00, 0x00, 0x00, 0x00, 0x00, 0x00,
    0x00, 0x00, 0x00, 0x00, 0x00, 0x00, 0x00, 0x00, 0x0F, 0x00, 0x00, 0x00, 0x0F, 0x00, 0x00, 0x00,
    0xFD, 0x00, 0x00, 0x00, 0xF8, 0x00, 0x00, 0x00, 0x0F, 0x00, 0x00, 0x00, 0x00, 0x00, 0x00, 0x00,
    0x00, 0x00, 0x00, 0x00, 0x00, 0x00, 0x00, 0x00, 0xB0, 0x00, 0x00, 0x00, 0xB0, 0x00, 0x00, 0x00,
    0x6B, 0x0B, 0x00, 0x00, 0x5B, 0x0B, 0xB0, 0x00, 0x5B, 0xB6, 0x6B, 0x0B, 0x5B, 0xB5, 0xB5, 0x00,
    0x00, 0x00, 0xEE, 0x0E, 0x00, 0xE0, 0x44, 0xEE, 0x00, 0xE0, 0x18, 0x48, 0x00, 0xE0, 0x84, 0xEE,
    0x00, 0x00, 0xEE, 0x00, 0x00, 0x00, 0x00, 0x00, 0x00, 0x00, 0x00, 0x00, 0x00, 0x00, 0x00, 0x00,
};
static const u16 sFrame47[] = {
    0x0007, 0x40D0, 0x81FD, 0x0000, 0x40F0, 0x81F5, 0x0008, 0x80B0, 0x81FD, 0x0010, 0x00E0, 0x41FD,
    0x0018, 0x80E0, 0x000D, 0x001C, 0x00C8, 0x000D, 0x001E, 0x00D8, 0x01F5, 0x001F, 0x0000,
};
static const void* const sFrames47[] = { sFrame47 };
static const u8 sTiles48[832] __attribute__((aligned(4))) = {
    0x00, 0x00, 0x00, 0xF0, 0x00, 0x00, 0x00, 0x8F, 0x00, 0x00, 0x80, 0xF4, 0x00, 0x00, 0x80, 0xFF,
    0x00, 0x00, 0x40, 0x2F, 0x00, 0x00, 0x80, 0xDC, 0x00, 0x00, 0x80, 0xFD, 0x00, 0x00, 0x40, 0x4F,
    0xAF, 0x8B, 0xA5, 0xF5, 0x2A, 0xA5, 0xB7, 0x87, 0x77, 0xAA, 0x22, 0x22, 0x55, 0x57, 0x55, 0x55,
    0xAB, 0xBA, 0xBB, 0xBB, 0x57, 0xCC, 0xDD, 0xFD, 0xCD, 0x72, 0x25, 0xFF, 0xDF, 0xDD, 0xFD, 0xF0,
    0xF3, 0xAB, 0xBA, 0xEE, 0xB5, 0x27, 0x8E, 0x14, 0x52, 0x5A, 0x8E, 0x48, 0x77, 0xBB, 0xBB, 0xEE,
    0xBB, 0x9C, 0xF7, 0xF9, 0xCD, 0x7C, 0x79, 0xFF, 0x27, 0xC5, 0x9C, 0xF9, 0xCC, 0xCC, 0xDC, 0xDD,
    0xEE, 0xEE, 0xEE, 0xEE, 0x11, 0x11, 0x11, 0x11, 0x44, 0x44, 0x44, 0x44, 0xEE, 0xEE, 0xEE, 0xEE,
    0x00, 0x00, 0x00, 0x00, 0x00, 0x00, 0x00, 0x00, 0x00, 0x00, 0x00, 0x00, 0x0F, 0x00, 0x00, 0x00,
    0x00, 0x00, 0x80, 0xC8, 0x00, 0x00, 0xF0, 0xC8, 0x00, 0x00, 0x00, 0xF4, 0x00, 0x00, 0x00, 0xE8,
    0x00, 0x00, 0x00, 0x1E, 0x00, 0x00, 0xE0, 0x4E, 0x00, 0x00, 0x4E, 0x18, 0x00, 0xFF, 0xEE, 0x48,
    0x44, 0x88, 0xF8, 0xF0, 0xDC, 0xFD, 0x0F, 0x00, 0xFF, 0xFF, 0x00, 0x00, 0x5E, 0xB7, 0x00, 0x00,
    0x3E, 0xB5, 0x00, 0x00, 0xE8, 0x53, 0x0B, 0x00, 0xE4, 0x75, 0x0B, 0x00, 0xE4, 0x77, 0xBA, 0x00,
    0xCD, 0xDC, 0x8F, 0xD8, 0x4D, 0x44, 0xC4, 0x8D, 0xDF, 0xFC, 0xFF, 0xFD, 0xDF, 0x3F, 0x75, 0xFA,
    0xF0, 0x7F, 0x55, 0x75, 0x00, 0xB0, 0xAA, 0x57, 0x00, 0x00, 0x00, 0xBB, 0x00, 0x00, 0x00, 0x7B,
    0x0F, 0x00, 0x00, 0x00, 0x0F, 0x00, 0x00, 0x00, 0xB0, 0x0B, 0x00, 0x00, 0x5F, 0xA5, 0x00, 0x00,
    0xBA, 0x52, 0x0F, 0x00, 0xA7, 0x72, 0xFD, 0x00, 0x27, 0xA5, 0xFD, 0x00, 0x5A, 0xD7, 0x8D, 0x0F,
    0x00, 0x00, 0x00, 0x00, 0x00, 0x00, 0x00, 0x00, 0x00, 0xBB, 0xBB, 0x00, 0xB0, 0x66, 0x65, 0xBB,
    0x6B, 0x5B, 0x55, 0x66, 0xB0, 0xB0, 0xAB, 0x56, 0x00, 0x6B, 0x66, 0x6A, 0xB0, 0x55, 0x65, 0xAA,
    0xBB, 0x00, 0x00, 0x00, 0x6B, 0x0B, 0x00, 0x00, 0xB0, 0xB6, 0x00, 0x00, 0x6B, 0xB6, 0x0B, 0x00,
    0xBB, 0xA6, 0xBA, 0x0B, 0x66, 0x66, 0x55, 0xB6, 0x6A, 0xA6, 0x5A, 0x65, 0xA6, 0x6A, 0x55, 0x65,
    0x5B, 0xA6, 0xAA, 0x65, 0xB0, 0x5B, 0x5B, 0xA5, 0xB0, 0xB6, 0x5B, 0x6A, 0x00, 0x0B, 0x6B, 0x5B,
    0x00, 0x00, 0xBB, 0xB5, 0x00, 0x00, 0x5B, 0x83, 0x00, 0x00, 0x50, 0x83, 0x00, 0x00, 0xAF, 0x35,
    0x66, 0x66, 0x56, 0xAA, 0xA6, 0xA6, 0x6A, 0x56, 0x5A, 0x6B, 0xA6, 0xAA, 0x5B, 0xB6, 0xA5, 0xA5,
    0x6B, 0xB5, 0xA5, 0xB5, 0xB8, 0x66, 0x5B, 0xB5, 0x61, 0xBB, 0x6B, 0xB5, 0x75, 0x6B, 0xBB, 0xB6,
    0x00, 0x00, 0x00, 0x00, 0x00, 0x00, 0x00, 0x00, 0x00, 0x00, 0x00, 0x00, 0x00, 0x00, 0x00, 0x00,
    0x00, 0x00, 0x00, 0x00, 0x00, 0x00, 0x00, 0x00, 0x00, 0x00, 0x00, 0x00, 0xE0, 0xEE, 0xEE, 0xEE,
    0x00, 0x00, 0x00, 0x00, 0x00, 0x00, 0x00, 0x00, 0x00, 0x00, 0x00, 0x00, 0x00, 0x00, 0x00, 0x00,
    0x00, 0x00, 0x00, 0x00, 0x00, 0x00, 0x00, 0x00, 0x00, 0x00, 0x00, 0x00, 0x0E, 0x00, 0x00, 0x00,
    0x8E, 0x88, 0x88, 0x88, 0x11, 0x11, 0x11, 0x41, 0x44, 0x44, 0x44, 0x44, 0xEE, 0xEE, 0xEE, 0xEE,
    0x00, 0x00, 0x00, 0x00, 0x00, 0x00, 0x00, 0x00, 0x00, 0x00, 0x00, 0x00, 0x00, 0x00, 0x00, 0x00,
    0xE8, 0xEE, 0x00, 0x00, 0x48, 0xE1, 0x00, 0x00, 0x88, 0x0E, 0x00, 0x00, 0xEE, 0x00, 0x00, 0x00,
    0x00, 0x00, 0x00, 0x00, 0x00, 0x00, 0x00, 0x00, 0x00, 0x00, 0x00, 0x00, 0x00, 0x00, 0x00, 0x00,
    0x00, 0x00, 0x00, 0xF0, 0x00, 0x00, 0x00, 0xFF, 0x00, 0x00, 0xF0, 0xCC, 0x00, 0x00, 0xCF, 0x8C,
    0x00, 0xF0, 0xCD, 0xC4, 0x00, 0xF0, 0xDD, 0xC8, 0x00, 0xF0, 0x48, 0x48, 0x00, 0x00, 0xFF, 0x8F,
    0x4C, 0xD8, 0x4D, 0x0F, 0xD8, 0xDD, 0x8D, 0x0F, 0xD4, 0xDD, 0x48, 0x0F, 0xCC, 0xDD, 0xF4, 0x00,
    0xCC, 0x8C, 0x0F, 0x00, 0xCC, 0x4D, 0x0F, 0x00, 0xDD, 0x8D, 0x0F, 0x00, 0x84, 0xF4, 0x00, 0x00,
    0x00, 0x00, 0x00, 0xFF, 0x00, 0x00, 0x00, 0x00, 0x00, 0x00, 0x00, 0x00, 0x00, 0x00, 0x00, 0x00,
    0x00, 0x00, 0x00, 0x00, 0x00, 0x00, 0x00, 0x00, 0x00, 0x00, 0x00, 0x00, 0x00, 0x00, 0x00, 0x00,
    0xFF, 0x0F, 0x00, 0x00, 0x00, 0x00, 0x00, 0x00, 0x00, 0x00, 0x00, 0x00, 0x00, 0x00, 0x00, 0x00,
    0x00, 0x00, 0x00, 0x00, 0x00, 0x00, 0x00, 0x00, 0x00, 0x00, 0x00, 0x00, 0x00, 0x00, 0x00, 0x00,
    0x00, 0xF0, 0x48, 0x7A, 0x00, 0xDF, 0x8F, 0xFF, 0xF0, 0xDD, 0xFD, 0xC4, 0xFF, 0xDD, 0xFF, 0x4D,
    0x7B, 0xFF, 0x11, 0xF8, 0x57, 0x1F, 0x54, 0xFF, 0x3A, 0x4F, 0x48, 0x41, 0xA0, 0xFF, 0x14, 0x84,
    0xB7, 0x7B, 0xFF, 0x0F, 0xAF, 0x8A, 0x8F, 0xF4, 0x75, 0xD4, 0x48, 0xF4, 0x4C, 0xDD, 0x48, 0xF4,
    0xD4, 0xDF, 0x8D, 0xF8, 0x81, 0xDF, 0xDD, 0xFD, 0x5F, 0xDF, 0xDD, 0xFD, 0xAF, 0xF7, 0xFF, 0xFF,
    0xF0, 0xCD, 0xFF, 0xEE, 0x8F, 0xCC, 0xDC, 0xDD, 0x4F, 0xCC, 0xCC, 0xDC, 0x8F, 0xCC, 0xCC, 0xDD,
    0x4F, 0xCD, 0xCC, 0xDD, 0xF0, 0xD8, 0xDD, 0xDD, 0x00, 0x4F, 0x48, 0x48, 0x00, 0xF0, 0xFF, 0xFF,
    0xEE, 0xBB, 0x5A, 0x0F, 0xBB, 0xA7, 0x52, 0x0F, 0x7B, 0x22, 0xD5, 0xFD, 0xAD, 0x7A, 0xDD, 0xFD,
    0xDD, 0xDD, 0xDD, 0xFD, 0x4D, 0xDD, 0xDD, 0xF8, 0xF8, 0x48, 0x48, 0x0F, 0x0F, 0xFF, 0xFF, 0x00,
    0x00, 0x00, 0x00, 0x00, 0x00, 0x00, 0x00, 0x00, 0x00, 0x00, 0x00, 0x00, 0x00, 0x00, 0x00, 0x00,
    0x00, 0x00, 0x00, 0x00, 0x00, 0x00, 0x00, 0x00, 0x0B, 0x00, 0x00, 0x00, 0xBB, 0x00, 0x00, 0x00,
    0x6A, 0x0B, 0x00, 0x00, 0xBA, 0x00, 0x00, 0x00, 0x55, 0x0B, 0x00, 0x00, 0x56, 0x0B, 0x00, 0x00,
    0xBB, 0x00, 0x00, 0x00, 0x0B, 0x00, 0x00, 0x00, 0x00, 0x00, 0x00, 0x00, 0x00, 0x00, 0x00, 0x00,
};
static const u16 sFrame48[] = {
    0x0007, 0x40E7, 0x81F7, 0x0000, 0x00CF, 0x41FF, 0x0008, 0x00DF, 0x4017, 0x000C, 0x00F7, 0x4007,
    0x0010, 0x40DF, 0x01FF, 0x0014, 0x40F7, 0x01F7, 0x0016, 0x80CF, 0x000F, 0x0018, 0x0000,
};
static const void* const sFrames48[] = { sFrame48 };
static const u8 sTiles49[768] __attribute__((aligned(4))) = {
    0x00, 0x00, 0xE0, 0x41, 0x00, 0x00, 0xE0, 0x14, 0x00, 0x00, 0xE0, 0x18, 0x00, 0x00, 0x00, 0x1E,
    0x00, 0x00, 0x00, 0x4E, 0x00, 0x00, 0x00, 0x8E, 0x00, 0x00, 0x00, 0xE0, 0x00, 0x00, 0x00, 0xE0,
    0x88, 0xEE, 0x65, 0xAA, 0xEE, 0x5B, 0x55, 0x66, 0x08, 0xB0, 0x6B, 0xAA, 0x84, 0x7B, 0xB5, 0xA6,
    0x81, 0x33, 0xB7, 0x6B, 0x81, 0x53, 0x88, 0x5B, 0x41, 0x38, 0x81, 0x5B, 0x14, 0x58, 0x55, 0x5B,
    0xA6, 0x65, 0x65, 0x0B, 0x6A, 0x56, 0x55, 0x0B, 0xAA, 0x66, 0x55, 0xB6, 0x66, 0x6A, 0x65, 0xBA,
    0xA5, 0xA6, 0xA6, 0xB6, 0xA5, 0xA5, 0x6A, 0xB6, 0x6B, 0x55, 0x5A, 0xBB, 0x6B, 0x55, 0x56, 0xBB,
    0x00, 0x00, 0x00, 0x00, 0x00, 0x00, 0x00, 0x00, 0x00, 0x00, 0x00, 0x00, 0x00, 0x00, 0x00, 0x00,
    0x00, 0x00, 0x00, 0x00, 0x00, 0x00, 0x00, 0x00, 0x00, 0x00, 0x00, 0x00, 0x0B, 0x00, 0x00, 0x00,
    0x00, 0x00, 0x00, 0xE0, 0x00, 0x00, 0x00, 0x00, 0x00, 0x00, 0x00, 0x00, 0x00, 0x00, 0x00, 0x00,
    0x00, 0x00, 0x00, 0x00, 0x00, 0x00, 0x00, 0x00, 0x00, 0x00, 0x00, 0x00, 0x00, 0x00, 0x00, 0x70,
    0x18, 0x58, 0x75, 0xBB, 0x1E, 0x84, 0x7A, 0x6B, 0x4E, 0xE1, 0x5B, 0xBA, 0x8E, 0xE1, 0x5F, 0xF7,
    0xEE, 0x8E, 0xAB, 0xF7, 0xBE, 0x88, 0x5B, 0x22, 0xBA, 0x1A, 0xA7, 0x57, 0x72, 0x2B, 0xBB, 0xAB,
    0xB6, 0x65, 0x5B, 0xB6, 0xB5, 0x65, 0x6B, 0xB6, 0xDF, 0xBB, 0xB6, 0xDB, 0xDD, 0xBD, 0xD8, 0xFD,
    0xDD, 0x48, 0x84, 0x0F, 0xDF, 0x48, 0x84, 0x0F, 0x5F, 0x8D, 0x88, 0x0F, 0x2F, 0xDD, 0xFD, 0xFD,
    0xFD, 0x00, 0x00, 0x00, 0xFD, 0x00, 0x00, 0x00, 0xFD, 0x00, 0x00, 0x00, 0x0F, 0x00, 0x00, 0x00,
    0x00, 0x00, 0x00, 0x00, 0x00, 0x00, 0x00, 0x00, 0x00, 0x00, 0x00, 0x00, 0x00, 0x00, 0x00, 0x00,
    0x00, 0x00, 0x00, 0x1A, 0x00, 0x00, 0x00, 0x2A, 0x00, 0x00, 0x00, 0x2B, 0x00, 0x00, 0x00, 0x5B,
    0x00, 0x00, 0x00, 0x7B, 0x00, 0x00, 0x00, 0xBB, 0x00, 0x00, 0x00, 0xBF, 0x00, 0x00, 0x00, 0xAF,
    0xB5, 0xF7, 0x5F, 0xBB, 0xAB, 0x45, 0x4F, 0xFB, 0xBB, 0x81, 0x18, 0x1F, 0x7B, 0x48, 0x18, 0x15,
    0x3B, 0xFF, 0x41, 0x4F, 0xA2, 0xF5, 0xF8, 0xFF, 0x72, 0x7A, 0x7B, 0xA2, 0x25, 0x52, 0x5B, 0xB1,
    0xFF, 0xFF, 0xFF, 0xFD, 0xBF, 0x5A, 0xA3, 0xFD, 0xF8, 0x35, 0x75, 0xDD, 0xF4, 0x77, 0xFA, 0xFF,
    0x81, 0x5F, 0xFA, 0x0F, 0xF8, 0xFA, 0x9F, 0x0F, 0xF7, 0x7F, 0x7F, 0x0F, 0xCB, 0x79, 0xF7, 0x0F,
    0x00, 0x00, 0x00, 0x00, 0x00, 0x00, 0x00, 0x00, 0x0F, 0x00, 0x00, 0x00, 0x00, 0x00, 0x00, 0x00,
    0x00, 0x00, 0x00, 0x00, 0x00, 0x00, 0x00, 0x00, 0x00, 0x00, 0x00, 0x00, 0x00, 0x00, 0x00, 0x00,
    0x00, 0x00, 0x00, 0x4F, 0x00, 0x00, 0x00, 0xF0, 0x00, 0x00, 0x00, 0xF0, 0x00, 0x00, 0x00, 0x00,
    0x00, 0x00, 0x00, 0x00, 0x00, 0x00, 0x00, 0x00, 0x00, 0x00, 0x00, 0x00, 0x00, 0xF0, 0xFF, 0x00,
    0xAA, 0xBB, 0xBA, 0x8B, 0x44, 0x88, 0xD8, 0x84, 0xDD, 0xDD, 0xDF, 0x88, 0xFF, 0xFF, 0xC0, 0x48,
    0x3B, 0xB7, 0xF0, 0xC4, 0x5B, 0x75, 0x8F, 0xF8, 0x5B, 0x88, 0x88, 0xAF, 0x7B, 0xEE, 0xF4, 0x00,
    0x52, 0x97, 0x79, 0x0F, 0xCC, 0xCC, 0x9D, 0x0F, 0xCC, 0xDC, 0xFF, 0x00, 0x44, 0x88, 0xF8, 0x00,
    0xDC, 0xFD, 0xAF, 0xBA, 0x7A, 0xA7, 0xFF, 0x75, 0x57, 0x55, 0xB7, 0x2A, 0xBA, 0xAB, 0xA7, 0x2A,
    0x00, 0x00, 0x00, 0x00, 0x00, 0x00, 0x00, 0x00, 0x00, 0x00, 0x00, 0x00, 0x00, 0x00, 0x00, 0x00,
    0x0B, 0x00, 0x00, 0x00, 0xBA, 0x00, 0x00, 0x00, 0xB7, 0x00, 0x00, 0x00, 0xDA, 0x0F, 0x00, 0x00,
    0xF0, 0xCD, 0xCC, 0x0F, 0x8F, 0xCC, 0xCC, 0xFC, 0x4F, 0xCC, 0xCC, 0xDC, 0x8F, 0xCC, 0xCC, 0xDC,
    0x4F, 0xCD, 0xCC, 0xDD, 0x8F, 0xDD, 0xDD, 0xDD, 0xF0, 0x84, 0x84, 0x84, 0x00, 0xFF, 0xFF, 0xFF,
    0xEB, 0x8E, 0x08, 0x00, 0x4E, 0xE8, 0x0E, 0x00, 0x8E, 0x81, 0xE4, 0x00, 0x4E, 0xE4, 0xFE, 0x00,
    0xED, 0xEE, 0xFD, 0xF0, 0xD4, 0xDD, 0xF8, 0xF0, 0x8F, 0x84, 0xF4, 0xF0, 0xF0, 0xFF, 0x0F, 0x00,
    0x00, 0xB0, 0xAB, 0x75, 0x00, 0xFF, 0x8D, 0xD4, 0xF0, 0xCC, 0x4D, 0xDD, 0xCF, 0xCC, 0xC8, 0xDD,
    0xCF, 0x4C, 0xCC, 0xDC, 0xDD, 0x8C, 0xCC, 0xDD, 0x84, 0x84, 0xDD, 0x4D, 0xFF, 0x4F, 0x48, 0xF8,
    0xDD, 0xF8, 0x00, 0x00, 0xDD, 0xF4, 0x00, 0x00, 0xDD, 0xF8, 0x00, 0x00, 0xDD, 0xF4, 0x00, 0x00,
    0x4D, 0xF8, 0x00, 0x00, 0xF8, 0x0F, 0x00, 0x00, 0x0F, 0x00, 0x00, 0x00, 0x00, 0x00, 0x00, 0x00,
    0x00, 0x00, 0x00, 0xE0, 0x00, 0x00, 0xEE, 0x8E, 0x00, 0xE0, 0x84, 0x4E, 0x00, 0xE0, 0x88, 0x4E,
    0x00, 0xE0, 0x18, 0x48, 0x00, 0x00, 0x1E, 0x84, 0x00, 0x00, 0x4E, 0x81, 0x00, 0x00, 0x8E, 0x81,
    0xEE, 0x0E, 0x00, 0x00, 0x88, 0xE4, 0xB0, 0x0B, 0x11, 0xE8, 0xB0, 0xB6, 0x88, 0x0E, 0x00, 0x6B,
    0x41, 0xE8, 0xBB, 0x5B, 0x11, 0xEE, 0x65, 0x6B, 0x84, 0x11, 0x5E, 0xA5, 0x14, 0x84, 0xAE, 0x65,
    0x00, 0x00, 0x00, 0x00, 0x00, 0x00, 0x00, 0x00, 0x00, 0x00, 0x00, 0x00, 0x0B, 0x00, 0x00, 0x00,
    0xB6, 0x00, 0x00, 0x00, 0xA5, 0xBB, 0x00, 0x00, 0xA5, 0x66, 0x0B, 0x00, 0x66, 0x56, 0xB6, 0x00,
    0x00, 0xFF, 0xFF, 0x0F, 0x00, 0x00, 0x00, 0x00, 0x00, 0x00, 0x00, 0x00, 0x00, 0x00, 0x00, 0x00,
    0x00, 0x00, 0x00, 0x00, 0x00, 0x00, 0x00, 0x00, 0x00, 0x00, 0x00, 0x00, 0x00, 0x00, 0x00, 0x00,
};
static const u16 sFrame49[] = {
    0x0005, 0x00D7, 0x81F1, 0x0000, 0x40F7, 0x41F1, 0x0010, 0x40CF, 0x01F1, 0x0014, 0x00CF, 0x0001,
    0x0016, 0x00FF, 0x0001, 0x0017, 0x0000,
};
static const void* const sFrames49[] = { sFrame49 };
static const u8 sTiles50[992] __attribute__((aligned(4))) = {
    0x2A, 0xAA, 0x17, 0xF4, 0x2A, 0x7A, 0x18, 0x88, 0x27, 0x75, 0x4F, 0x48, 0x7A, 0x22, 0xF5, 0x8F,
    0xB0, 0x7A, 0xB5, 0xBF, 0x00, 0x00, 0xBB, 0xB7, 0x00, 0x00, 0xB0, 0xBB, 0x00, 0x00, 0x00, 0xF8,
    0x11, 0xF8, 0xA2, 0x6A, 0x84, 0xFF, 0x5B, 0xA5, 0x28, 0xBB, 0x5F, 0x66, 0x8F, 0x14, 0xBF, 0x5B,
    0x14, 0x41, 0x5F, 0x5B, 0x88, 0xF8, 0x53, 0x6B, 0xFB, 0xA7, 0x83, 0xB8, 0xAF, 0xA5, 0x15, 0xB8,
    0x66, 0xB5, 0xB5, 0x00, 0x66, 0x66, 0xB6, 0x0B, 0x66, 0x6A, 0x6A, 0x0B, 0xA5, 0xA6, 0x56, 0xB6,
    0x66, 0x6A, 0x5A, 0xB5, 0xAA, 0x6A, 0x5A, 0x65, 0x56, 0xA6, 0x6A, 0x65, 0x55, 0x66, 0xA6, 0x66,
    0x00, 0x00, 0x00, 0x00, 0x00, 0x00, 0x00, 0x00, 0x00, 0x00, 0x00, 0x00, 0x00, 0x00, 0x00, 0x00,
    0x00, 0x00, 0x00, 0x00, 0x0B, 0x00, 0x00, 0x00, 0x0B, 0x00, 0x00, 0x00, 0x0B, 0x00, 0x00, 0x00,
    0x00, 0x00, 0xF0, 0xD4, 0x00, 0x00, 0x80, 0x88, 0x00, 0x00, 0x80, 0xDF, 0x00, 0x00, 0x40, 0xF4,
    0x00, 0x00, 0x80, 0x11, 0x00, 0x00, 0x80, 0x18, 0x00, 0x00, 0x80, 0xF8, 0x00, 0x00, 0x40, 0xFF,
    0xA4, 0x55, 0x5A, 0xB5, 0xA1, 0x57, 0x7A, 0x5B, 0x44, 0x5A, 0xB7, 0x6F, 0xC8, 0xFF, 0xFF, 0xBD,
    0xC8, 0xDD, 0xDD, 0x88, 0xC4, 0xDF, 0xDD, 0x48, 0x7F, 0xDF, 0xDD, 0x8D, 0x71, 0xF1, 0xDD, 0xDD,
    0xB5, 0xA5, 0xAA, 0x65, 0xB6, 0xA5, 0xA5, 0x66, 0x6B, 0x55, 0xAA, 0xB6, 0xB6, 0x55, 0x6A, 0xBB,
    0xBB, 0xF5, 0x65, 0x0B, 0x84, 0xFD, 0xB5, 0x00, 0x84, 0xFD, 0x0F, 0x00, 0x88, 0xFD, 0x00, 0x00,
    0x0B, 0x00, 0x00, 0x00, 0x0B, 0x00, 0x00, 0x00, 0x00, 0x00, 0x00, 0x00, 0x00, 0x00, 0x00, 0x00,
    0x00, 0x00, 0x00, 0x00, 0x00, 0x00, 0x00, 0x00, 0x00, 0x00, 0x00, 0x00, 0x00, 0x00, 0x00, 0x00,
    0x00, 0x00, 0x00, 0x00, 0x00, 0x00, 0x00, 0x00, 0x00, 0x00, 0x00, 0x00, 0x00, 0x00, 0x00, 0x00,
    0x00, 0x00, 0x00, 0x00, 0x00, 0x00, 0x00, 0x00, 0x00, 0xF0, 0xFF, 0x00, 0x00, 0xDF, 0xDC, 0xFF,
    0x00, 0xFF, 0xFF, 0xFF, 0x00, 0x3A, 0xF7, 0x00, 0x00, 0x37, 0xA3, 0x00, 0x00, 0x37, 0xB5, 0x00,
    0x00, 0x5A, 0xB7, 0x00, 0x00, 0x57, 0xA7, 0x00, 0x00, 0x7A, 0xB7, 0x00, 0xB0, 0x7B, 0x5A, 0x0F,
    0xCF, 0xCC, 0xFD, 0x0F, 0xF0, 0xAF, 0x55, 0xA7, 0x00, 0xB0, 0x37, 0xB5, 0x00, 0x00, 0x5B, 0xB5,
    0x00, 0x00, 0xA0, 0xA5, 0x00, 0x00, 0x7B, 0xAB, 0x00, 0x00, 0xAB, 0x22, 0x00, 0x00, 0xF0, 0x55,
    0x00, 0x00, 0x00, 0x00, 0x00, 0x00, 0x00, 0x00, 0x00, 0x00, 0x00, 0x00, 0x0B, 0x00, 0x00, 0x00,
    0xA5, 0x00, 0x00, 0x00, 0x72, 0x0B, 0x00, 0x00, 0xA5, 0x0B, 0x00, 0x00, 0xD7, 0x0F, 0x00, 0x00,
    0xF0, 0xCC, 0xCC, 0xDD, 0x8F, 0xCC, 0xCC, 0xDC, 0x4F, 0xCC, 0xCC, 0xDC, 0x8F, 0xCD, 0xCC, 0xDD,
    0x4F, 0xDD, 0xDD, 0xDD, 0xF0, 0x48, 0x48, 0x48, 0x00, 0xFF, 0xFF, 0xFF, 0x00, 0x00, 0x00, 0x00,
    0x5F, 0xBA, 0x25, 0x0F, 0x7C, 0x25, 0x52, 0x0F, 0xDD, 0x5A, 0xD7, 0x0F, 0xDD, 0xDD, 0xDD, 0xFF,
    0xDD, 0xDD, 0x8D, 0xFF, 0x48, 0x48, 0x48, 0xFF, 0xFF, 0xFF, 0xFF, 0x00, 0x00, 0x00, 0x00, 0x00,
    0x00, 0xFF, 0x4F, 0x48, 0xF0, 0xCC, 0xD8, 0xDD, 0xCF, 0x4C, 0xCC, 0xDD, 0xCD, 0x8C, 0xCC, 0xDC,
    0xDD, 0x4C, 0xCC, 0xDD, 0x84, 0x8D, 0xDD, 0xDD, 0xFF, 0x84, 0x84, 0x84, 0x00, 0xFF, 0xFF, 0xFF,
    0xDD, 0xF8, 0x00, 0x00, 0xDD, 0xF4, 0x00, 0x00, 0xDD, 0xF8, 0x00, 0x00, 0xDD, 0xF4, 0x00, 0x00,
    0x8D, 0x0F, 0x00, 0x00, 0xF4, 0x00, 0x00, 0x00, 0x0F, 0x00, 0x00, 0x00, 0x00, 0x00, 0x00, 0x00,
    0x00, 0x00, 0x00, 0xEE, 0x00, 0x00, 0xE0, 0x48, 0x00, 0x00, 0xE0, 0x88, 0x00, 0x00, 0xE0, 0x14,
    0x00, 0x00, 0xE0, 0x14, 0x00, 0x00, 0xE0, 0x14, 0x00, 0x00, 0xE0, 0x14, 0x00, 0x00, 0xE0, 0x14,
    0x0E, 0x00, 0x00, 0x00, 0x84, 0xEE, 0x0E, 0x00, 0x18, 0x41, 0xE8, 0x00, 0x48, 0x14, 0xE4, 0x00,
    0x18, 0xE8, 0x0E, 0x00, 0x14, 0x41, 0x0E, 0x00, 0x14, 0xE8, 0x0E, 0x00, 0x44, 0x14, 0xE4, 0x00,
    0x00, 0x00, 0xE0, 0x14, 0x00, 0x00, 0xE0, 0x14, 0x00, 0x00, 0xE0, 0x14, 0x00, 0x00, 0xE0, 0x14,
    0x00, 0x00, 0xE0, 0x14, 0x00, 0x00, 0xE0, 0x14, 0x00, 0x00, 0xE0, 0x14, 0x00, 0x00, 0xE0, 0x14,
    0x14, 0x41, 0xE8, 0x00, 0x88, 0xEE, 0x0E, 0x00, 0xE8, 0x00, 0x00, 0x00, 0x0E, 0x00, 0x00, 0x00,
    0x0E, 0x00, 0x00, 0x00, 0x0E, 0x00, 0x00, 0x00, 0x0E, 0x00, 0x00, 0x00, 0x0E, 0x00, 0x00, 0x00,
    0x00, 0x00, 0xE0, 0x14, 0x00, 0x00, 0xE0, 0x14, 0x00, 0x00, 0xE0, 0x14, 0x00, 0x00, 0xE0, 0x14,
    0x00, 0x00, 0xE0, 0x14, 0x00, 0x00, 0xE0, 0x14, 0x00, 0x00, 0xE0, 0x14, 0x00, 0x00, 0xE0, 0x48,
    0x0E, 0x00, 0x00, 0x00, 0x0E, 0x00, 0x00, 0x00, 0x0E, 0x00, 0x00, 0x00, 0x0E, 0x00, 0x00, 0x00,
    0x0E, 0x00, 0x00, 0x00, 0x0E, 0x00, 0x00, 0x00, 0x0E, 0x00, 0x00, 0x00, 0x0E, 0x00, 0x00, 0x00,
    0x00, 0x00, 0xB0, 0x88, 0x00, 0xB0, 0xAB, 0x8E, 0x00, 0x5A, 0xA5, 0x52, 0xB0, 0x25, 0xB5, 0x75,
    0xA0, 0xA2, 0xAB, 0xAB, 0xA0, 0xB2, 0x75, 0xBB, 0x5B, 0xB5, 0x5A, 0xF8, 0x5B, 0xA7, 0x45, 0x81,
    0x0E, 0x00, 0x00, 0x00, 0x7B, 0x0A, 0x00, 0x00, 0x27, 0xA5, 0x00, 0x00, 0x5B, 0x22, 0x0A, 0x00,
    0xBB, 0x27, 0x0A, 0x00, 0x77, 0x2B, 0xA7, 0xBA, 0x5A, 0x2A, 0xA5, 0x65, 0x14, 0xF8, 0xA5, 0x5A,
    0x00, 0xE8, 0x8E, 0x4F, 0x00, 0x4E, 0xE8, 0xE1, 0x00, 0x8E, 0x41, 0xE4, 0x00, 0xE0, 0x44, 0x1E,
    0x00, 0xE0, 0xEE, 0xFF, 0x00, 0xCF, 0xCC, 0xDD, 0xF0, 0xCC, 0xCC, 0xDF, 0xF0, 0xCC, 0xCC, 0xDF,
    0x19, 0xFD, 0xDF, 0xFD, 0x19, 0xFD, 0xDF, 0xFF, 0xD1, 0xDD, 0xDD, 0xFD, 0x11, 0x41, 0xD4, 0xFD,
    0xDF, 0xDD, 0x84, 0xD8, 0xFF, 0xFF, 0xFF, 0x8D, 0xDC, 0xFF, 0xDD, 0xFF, 0xDF, 0xDC, 0xFD, 0x0F,
    0x5F, 0xC2, 0xCC, 0xFD, 0xCF, 0x7D, 0xC2, 0xFD, 0xCF, 0xDC, 0x5C, 0xF7, 0xCF, 0xCC, 0xDD, 0xFD,
    0x4F, 0xC4, 0xDC, 0xFD, 0xFF, 0x4F, 0xDD, 0xFD, 0xDF, 0xDC, 0x88, 0xFD, 0xF0, 0xCD, 0xDC, 0xFF,
    0xCD, 0xCC, 0x9C, 0xF7, 0xCD, 0xCC, 0x97, 0xF7, 0x52, 0x27, 0x9C, 0x7F, 0xCC, 0xCC, 0xCC, 0x99,
    0xCC, 0xCC, 0xCC, 0xFC, 0x44, 0xCC, 0xCC, 0x8D, 0xCF, 0x44, 0x88, 0xD8, 0xFD, 0xDF, 0xCD, 0xFC,
    0xDF, 0xFD, 0x00, 0x00, 0xF0, 0x0F, 0x00, 0x00, 0x00, 0x00, 0x00, 0x00, 0x00, 0x00, 0x00, 0x00,
    0x0F, 0x00, 0x00, 0x00, 0x0F, 0x00, 0x00, 0x00, 0x00, 0x00, 0x00, 0x00, 0x00, 0x00, 0x00, 0x00,
    0x00, 0x00, 0x00, 0x00, 0x00, 0x00, 0x00, 0x00, 0x0F, 0x00, 0x00, 0x00, 0x0F, 0x00, 0x00, 0x00,
    0xFD, 0x00, 0x00, 0x00, 0xF8, 0x00, 0x00, 0x00, 0x0F, 0x00, 0x00, 0x00, 0x00, 0x00, 0x00, 0x00,
    0x00, 0x00, 0x00, 0x00, 0x00, 0x00, 0x00, 0x00, 0xB0, 0x00, 0x00, 0x00, 0xB0, 0x00, 0x00, 0x00,
    0x6B, 0x0B, 0x00, 0x00, 0x5B, 0x0B, 0xB0, 0x00, 0x5B, 0xB6, 0x6B, 0x0B, 0x5B, 0xB5, 0xB5, 0x00,
};
static const u16 sFrame50[] = {
    0x0006, 0x40D0, 0x81FD, 0x0000, 0x40F0, 0x81F5, 0x0008, 0x80B0, 0x81FD, 0x0010, 0x00E0, 0x41FD,
    0x0018, 0x80E0, 0x000D, 0x001C, 0x00C8, 0x000D, 0x001E, 0x0000,
};
static const void* const sFrames50[] = { sFrame50 };
static const u8 sTiles51[864] __attribute__((aligned(4))) = {
    0x00, 0x00, 0xE0, 0x14, 0x00, 0x00, 0xE0, 0x14, 0x00, 0x00, 0xE0, 0x14, 0x00, 0x00, 0xE0, 0x14,
    0x00, 0x00, 0x00, 0x18, 0x00, 0x00, 0x00, 0x1E, 0x00, 0x00, 0x00, 0x4E, 0x00, 0x00, 0x00, 0x4E,
    0x48, 0xE8, 0x0E, 0x00, 0xE8, 0x0E, 0x00, 0x00, 0x08, 0x00, 0x00, 0xBB, 0x08, 0x00, 0x00, 0x5B,
    0x84, 0x00, 0x00, 0xB0, 0x84, 0x00, 0x00, 0xB0, 0x81, 0x00, 0x00, 0x00, 0x81, 0x00, 0x00, 0xB0,
    0x5B, 0x0B, 0x00, 0x00, 0x6B, 0xB5, 0x0B, 0x00, 0xB0, 0x55, 0xB6, 0xBB, 0xBB, 0x66, 0x65, 0x66,
    0x65, 0xAA, 0x66, 0x66, 0x55, 0xA6, 0x66, 0x56, 0x6B, 0x65, 0xAA, 0xA6, 0x55, 0x66, 0xA6, 0xAA,
    0x00, 0x00, 0x00, 0x00, 0x00, 0x00, 0x00, 0x00, 0x00, 0x00, 0x00, 0x00, 0xBB, 0x00, 0x00, 0x00,
    0x65, 0x0B, 0x00, 0x00, 0x56, 0xB6, 0x00, 0x00, 0x55, 0xB5, 0x00, 0x00, 0x65, 0xB5, 0x00, 0x00,
    0x00, 0x00, 0x00, 0x4E, 0x00, 0x00, 0x00, 0x8E, 0x00, 0x00, 0x00, 0xE0, 0x00, 0x00, 0x00, 0xE0,
    0x00, 0x00, 0x00, 0xE0, 0x00, 0x00, 0x00, 0xB0, 0x00, 0x00, 0xA0, 0xBA, 0x00, 0x00, 0x7A, 0x72,
    0x81, 0x00, 0x00, 0x5B, 0x41, 0x08, 0x00, 0x6B, 0x41, 0x08, 0x00, 0xBB, 0x41, 0x08, 0x00, 0xA0,
    0x44, 0x0B, 0x00, 0xA0, 0x88, 0xAB, 0xAA, 0x00, 0x8E, 0x7A, 0x22, 0xA7, 0x1A, 0xA5, 0x5A, 0xA2,
    0xB6, 0x6B, 0x5A, 0xA6, 0x7B, 0x65, 0x5B, 0x6A, 0x5A, 0xBB, 0x5B, 0xB5, 0x33, 0x88, 0x6B, 0xB5,
    0x35, 0x18, 0xB6, 0xB6, 0x57, 0x35, 0xB5, 0xBB, 0x7B, 0x55, 0xB7, 0x56, 0xBD, 0x7B, 0xBA, 0xBD,
    0x66, 0x65, 0x0B, 0x00, 0xAA, 0x66, 0x0B, 0x00, 0x56, 0x5A, 0xB6, 0x00, 0x55, 0x6A, 0xB5, 0x00,
    0x55, 0xAA, 0x0B, 0x00, 0x56, 0xB6, 0x00, 0x00, 0x6B, 0x0B, 0x00, 0x00, 0xBD, 0xFD, 0x00, 0x00,
    0x00, 0x00, 0x17, 0xB5, 0x00, 0x00, 0x2A, 0xBA, 0x00, 0x00, 0x2A, 0xAA, 0x00, 0x00, 0x2A, 0x7A,
    0x00, 0x00, 0x5A, 0xAA, 0x00, 0x00, 0x5A, 0xBE, 0x00, 0x00, 0xE7, 0xA4, 0x00, 0x00, 0xEA, 0x41,
    0x2A, 0xB7, 0x7B, 0xA2, 0xB7, 0xAF, 0xB7, 0x52, 0xA5, 0xAF, 0xA3, 0x2F, 0x17, 0xF4, 0x84, 0x2F,
    0x15, 0x48, 0x81, 0xFF, 0x48, 0x88, 0xF4, 0x18, 0x8F, 0x4F, 0x28, 0x14, 0xFA, 0x8F, 0x5F, 0x41,
    0xFD, 0xAB, 0xF7, 0xDF, 0xFA, 0x57, 0xFD, 0x8D, 0xFA, 0xA9, 0xDF, 0x48, 0xD7, 0xDF, 0xDD, 0x48,
    0xF7, 0xDD, 0xDD, 0x8D, 0xFF, 0xF7, 0xDD, 0xDD, 0x5F, 0x53, 0xDF, 0xFF, 0x57, 0x75, 0xFF, 0xDD,
    0xDD, 0xDD, 0x0F, 0x00, 0xF8, 0xDD, 0x0F, 0x00, 0x84, 0xFF, 0x00, 0x00, 0x84, 0x00, 0x00, 0x00,
    0xD8, 0x0F, 0x00, 0x00, 0xDF, 0x0F, 0x00, 0x00, 0xDD, 0xF8, 0x00, 0x00, 0x8D, 0xF8, 0x00, 0x00,
    0x00, 0x00, 0xE0, 0xE8, 0x00, 0x00, 0xE0, 0xE4, 0x00, 0x00, 0x00, 0x8E, 0x00, 0x00, 0x00, 0x08,
    0x00, 0x00, 0x00, 0x04, 0x00, 0x00, 0x00, 0x88, 0x00, 0x00, 0x00, 0x80, 0x00, 0x00, 0x00, 0x00,
    0xF1, 0xAA, 0xFB, 0x84, 0x0E, 0x8E, 0xC5, 0xFF, 0xF0, 0xE8, 0x2F, 0x75, 0xF0, 0x44, 0xD4, 0xCD,
    0xF0, 0xD8, 0x8C, 0xDD, 0x80, 0xF8, 0xFD, 0x88, 0x84, 0xFF, 0xDD, 0xFF, 0xF0, 0xFF, 0xFF, 0x0F,
    0xBB, 0xAA, 0xD1, 0x4D, 0xDC, 0x1F, 0x11, 0xF4, 0xDC, 0xDF, 0xDF, 0xDD, 0x52, 0xFD, 0xCD, 0x5C,
    0xDD, 0xDF, 0x75, 0xC2, 0xF8, 0x2F, 0xCC, 0xCC, 0xFF, 0xDD, 0xCC, 0xCC, 0xD0, 0x44, 0x84, 0xCC,
    0xF4, 0x0F, 0x00, 0x00, 0x9F, 0x0F, 0x00, 0x00, 0x7D, 0xF9, 0x00, 0x00, 0x79, 0xFF, 0x00, 0x00,
    0xF9, 0xF7, 0x00, 0x00, 0x9C, 0x0F, 0x00, 0x00, 0xDC, 0x0F, 0x00, 0x00, 0xDD, 0x0F, 0x00, 0x00,
    0x00, 0x00, 0x00, 0x00, 0x00, 0x00, 0x00, 0x00, 0x00, 0x00, 0x00, 0x00, 0x00, 0x00, 0x00, 0x00,
    0x00, 0x00, 0x00, 0x00, 0x00, 0x00, 0x00, 0x00, 0x00, 0xFF, 0xFF, 0x00, 0xF0, 0xCD, 0xCC, 0xFF,
    0x00, 0x7B, 0xF3, 0x00, 0x00, 0x5B, 0x77, 0x00, 0x00, 0x3B, 0xB5, 0x00, 0x00, 0x7B, 0xB5, 0x00,
    0x00, 0x7B, 0xB5, 0x00, 0xA0, 0x5B, 0x5A, 0x0B, 0x7F, 0xBA, 0x27, 0x0B, 0xAD, 0x25, 0x52, 0x0A,
    0xF0, 0xFF, 0xCC, 0x88, 0xF0, 0xAD, 0xFF, 0xDC, 0x00, 0x5F, 0x73, 0xFF, 0x00, 0xA0, 0x57, 0x75,
    0x00, 0x00, 0xB0, 0xAB, 0x00, 0x00, 0x00, 0x5B, 0x00, 0x00, 0x00, 0xF0, 0x00, 0x00, 0x00, 0xF0,
    0xF8, 0x00, 0x00, 0x00, 0xFF, 0x0A, 0x00, 0x00, 0x7A, 0xA5, 0x00, 0x00, 0xAB, 0x72, 0x0B, 0x00,
    0xA7, 0x72, 0x0B, 0x00, 0x2A, 0xA5, 0xFD, 0x00, 0x7D, 0xDA, 0xFD, 0x00, 0x4D, 0xD8, 0xFD, 0x00,
    0x8F, 0xCC, 0xCC, 0xDC, 0x4F, 0xCC, 0xCC, 0xDC, 0x8F, 0xCC, 0xCC, 0xDC, 0x4F, 0xCD, 0xCC, 0xDD,
    0xF0, 0xD8, 0xDD, 0xDD, 0x00, 0x4F, 0x48, 0x48, 0x00, 0xF0, 0xFF, 0xFF, 0x00, 0x00, 0x00, 0x00,
    0xDC, 0x5D, 0xD5, 0x0F, 0xDD, 0xDD, 0xDD, 0x0F, 0xDD, 0xDD, 0xDD, 0x0F, 0xDD, 0xDD, 0x8D, 0x0F,
    0x4D, 0x48, 0x48, 0x0F, 0xF8, 0xFF, 0xFF, 0x00, 0x0F, 0x00, 0x00, 0x00, 0x00, 0x00, 0x00, 0x00,
    0x00, 0x00, 0x00, 0xDF, 0x00, 0x00, 0xF0, 0xCD, 0x00, 0x00, 0xD0, 0xCC, 0x00, 0x00, 0x8F, 0xCC,
    0x00, 0x00, 0x4F, 0xCD, 0x00, 0x00, 0x8F, 0xDD, 0x00, 0x00, 0xF0, 0x84, 0x00, 0x00, 0x00, 0xFF,
    0xDD, 0xD4, 0xFD, 0x00, 0x8C, 0xDC, 0xFD, 0x00, 0x4C, 0xCC, 0xFD, 0x00, 0x8C, 0xCC, 0xFC, 0x00,
    0x4C, 0xCC, 0xFD, 0x00, 0x8D, 0xDD, 0xF8, 0x00, 0x84, 0x84, 0xF4, 0x00, 0xFF, 0xFF, 0x0F, 0x00,
    0x00, 0x00, 0xE0, 0xEE, 0x00, 0x00, 0x4E, 0xE8, 0x00, 0x00, 0x8E, 0x88, 0x00, 0x00, 0x4E, 0x81,
    0x00, 0x00, 0x4E, 0x81, 0x00, 0x00, 0x8E, 0x81, 0x00, 0x00, 0x80, 0x41, 0x00, 0x00, 0xE0, 0x41,
    0xEE, 0x00, 0x00, 0x00, 0x88, 0xE8, 0x0E, 0x00, 0x14, 0x41, 0x0E, 0x00, 0x44, 0xE8, 0x00, 0x00,
    0x14, 0x44, 0x0E, 0x00, 0x14, 0x81, 0x0E, 0x00, 0x48, 0xE8, 0xE8, 0x00, 0x48, 0x11, 0xE4, 0x00,
    0x00, 0x00, 0x00, 0x00, 0x00, 0x00, 0x00, 0x00, 0x00, 0x00, 0x00, 0x00, 0x00, 0x00, 0x00, 0x00,
    0x00, 0x00, 0x00, 0x00, 0x00, 0x00, 0x00, 0x00, 0x00, 0x00, 0x00, 0x00, 0xBB, 0x00, 0x00, 0x00,
};
static const u16 sFrame51[] = {
    0x0004, 0x00D0, 0x81F5, 0x0000, 0x40F0, 0x81F5, 0x0010, 0x40C8, 0x01F5, 0x0018, 0x00C8, 0x0005,
    0x001A, 0x0000,
};
static const void* const sFrames51[] = { sFrame51 };
static const u8 sTiles52[832] __attribute__((aligned(4))) = {
    0x00, 0x00, 0x00, 0xB0, 0x00, 0x00, 0x00, 0xB0, 0x00, 0x00, 0x00, 0x00, 0x00, 0x00, 0x00, 0xB0,
    0x00, 0x00, 0x00, 0x57, 0x00, 0x00, 0x70, 0x25, 0x00, 0x00, 0x57, 0x55, 0x00, 0x00, 0x57, 0xB2,
    0xBB, 0xB0, 0x00, 0x00, 0x56, 0xBB, 0x0B, 0xBB, 0x6A, 0x55, 0xB6, 0x66, 0xA6, 0x5A, 0x66, 0x56,
    0x5B, 0xA6, 0x5A, 0x66, 0xB5, 0x6B, 0x56, 0x66, 0x6B, 0xA6, 0x66, 0x55, 0x65, 0xBA, 0x6B, 0x65,
    0x00, 0x00, 0x00, 0x00, 0xBB, 0x00, 0x00, 0x00, 0x55, 0xBB, 0x00, 0x00, 0x66, 0x65, 0x0B, 0x00,
    0x65, 0x66, 0xB5, 0x00, 0x66, 0x55, 0xB5, 0x0B, 0x66, 0x66, 0x56, 0xB6, 0x56, 0x65, 0x66, 0x65,
    0x00, 0x00, 0x00, 0x00, 0x00, 0x00, 0x00, 0x00, 0x00, 0x00, 0x00, 0x00, 0x00, 0x00, 0x00, 0x00,
    0x00, 0x00, 0x00, 0x00, 0x00, 0x00, 0x00, 0x00, 0x00, 0x00, 0x00, 0x00, 0x0B, 0x00, 0x00, 0x00,
    0x00, 0xE0, 0x7E, 0x7B, 0xEE, 0x8E, 0x88, 0x77, 0x48, 0x11, 0x84, 0xBF, 0x11, 0x84, 0x88, 0x00,
    0x88, 0x08, 0x00, 0x00, 0x00, 0x00, 0x00, 0x00, 0x00, 0x00, 0x00, 0x00, 0x00, 0x00, 0x00, 0x00,
    0xBB, 0x66, 0x6B, 0x56, 0xB5, 0xB5, 0xB6, 0x56, 0x25, 0x77, 0x6B, 0x6B, 0x5B, 0xB5, 0xB5, 0xB6,
    0x00, 0x77, 0xB7, 0xB5, 0x00, 0x00, 0xB7, 0x6B, 0x00, 0x00, 0xB0, 0x86, 0x00, 0x00, 0xB0, 0xDD,
    0x65, 0x56, 0x55, 0xB6, 0x56, 0x65, 0x66, 0xDB, 0x65, 0xAA, 0xBA, 0xDD, 0xAA, 0xA6, 0xF6, 0xDD,
    0xB6, 0x6B, 0xFB, 0xF8, 0x55, 0xB6, 0x8F, 0x84, 0x5B, 0x75, 0x84, 0x44, 0x78, 0x45, 0xDD, 0x88,
    0x00, 0x00, 0x00, 0x00, 0x0F, 0x00, 0x00, 0x00, 0x0F, 0x00, 0x00, 0x00, 0x0F, 0x00, 0x00, 0x00,
    0x00, 0x00, 0x00, 0x00, 0x0F, 0x00, 0x00, 0x00, 0xF8, 0x00, 0x00, 0x00, 0xDD, 0x0F, 0x00, 0x00,
    0x00, 0x00, 0x00, 0x00, 0x00, 0x00, 0x00, 0x00, 0x00, 0x00, 0x00, 0x00, 0x00, 0x00, 0x00, 0x00,
    0x00, 0x00, 0x00, 0x00, 0x00, 0x00, 0x00, 0x00, 0x00, 0x00, 0x00, 0x00, 0x00, 0x00, 0x00, 0xF0,
    0x00, 0x00, 0x00, 0xDD, 0x00, 0x00, 0x00, 0xF8, 0x00, 0x00, 0x00, 0x00, 0x00, 0x00, 0x00, 0xFF,
    0x00, 0xF0, 0xFF, 0x4D, 0xF0, 0xDF, 0xD5, 0x4D, 0x8F, 0xDD, 0xC2, 0x4C, 0xCF, 0xC8, 0x7C, 0xCC,
    0x8D, 0x47, 0xDD, 0xDD, 0xCF, 0xC4, 0xDD, 0xDF, 0x8F, 0x41, 0xDC, 0xFF, 0xFF, 0xF8, 0xDF, 0xF1,
    0xDD, 0x91, 0xD9, 0xF1, 0x1D, 0x7F, 0x19, 0xDD, 0xF1, 0x77, 0x1F, 0x41, 0xFD, 0xFF, 0x11, 0xFF,
    0xDD, 0xFD, 0x00, 0x00, 0xFF, 0xBF, 0x00, 0x00, 0x57, 0xBB, 0x00, 0x00, 0x37, 0x77, 0x00, 0x00,
    0x7F, 0xF5, 0x0F, 0x00, 0xF4, 0x41, 0xF8, 0x00, 0x1F, 0x58, 0xFF, 0x0F, 0x4F, 0x8F, 0x84, 0xFF,
    0x00, 0x00, 0x00, 0xF0, 0x00, 0x00, 0x00, 0xF0, 0x00, 0x00, 0x00, 0xF0, 0x00, 0x00, 0x00, 0x00,
    0x00, 0x00, 0x00, 0x00, 0x00, 0x00, 0x00, 0x00, 0x00, 0x00, 0x00, 0x00, 0x00, 0x00, 0x00, 0xF0,
    0xCF, 0xC8, 0xCC, 0xF5, 0xF8, 0x4D, 0xCC, 0x8F, 0xF8, 0xDC, 0x44, 0xFF, 0x4F, 0xDF, 0xFD, 0xFF,
    0xF0, 0xCF, 0xFD, 0x7F, 0x00, 0x77, 0xFF, 0x77, 0xB0, 0x55, 0x72, 0x35, 0xDF, 0x25, 0x57, 0x73,
    0x2F, 0xDD, 0xDC, 0xDF, 0x48, 0x57, 0xCC, 0x99, 0xFF, 0xC4, 0x92, 0x77, 0x7F, 0x4F, 0x79, 0xFF,
    0x37, 0xC5, 0x79, 0xF7, 0x35, 0xF3, 0x9C, 0x0F, 0x55, 0xF7, 0xD4, 0x0F, 0xF7, 0xFF, 0xF4, 0x00,
    0xFF, 0x48, 0x88, 0x81, 0xFF, 0xF4, 0x14, 0x74, 0x0F, 0x1F, 0x7F, 0x57, 0x00, 0x5F, 0xB7, 0x75,
    0x00, 0x70, 0x75, 0x75, 0x00, 0x00, 0x70, 0x07, 0x00, 0x00, 0x00, 0x00, 0x00, 0x00, 0x00, 0x00,
    0x00, 0x00, 0x00, 0x00, 0x00, 0x00, 0x00, 0x00, 0x00, 0x00, 0x00, 0x00, 0x00, 0x00, 0x00, 0x00,
    0x00, 0x00, 0x00, 0xE0, 0x00, 0x00, 0xEE, 0x8E, 0xE0, 0xEE, 0x48, 0x11, 0x8E, 0x14, 0x41, 0x88,
    0x00, 0x00, 0x00, 0x00, 0x00, 0x00, 0x00, 0x00, 0x00, 0x00, 0xE0, 0xEE, 0x00, 0xEE, 0x8E, 0x14,
    0xEE, 0x48, 0x11, 0x41, 0x14, 0x11, 0x84, 0x88, 0x84, 0x8E, 0x08, 0x00, 0xE8, 0x00, 0x00, 0x00,
    0x4E, 0x84, 0x88, 0x44, 0x8E, 0x48, 0x14, 0xE1, 0xE0, 0x18, 0x84, 0x84, 0x00, 0xEE, 0x41, 0xEE,
    0x00, 0x00, 0xEE, 0x00, 0x00, 0x00, 0x00, 0x00, 0x00, 0x00, 0x00, 0x00, 0x00, 0x00, 0x00, 0x00,
    0x81, 0x0E, 0x00, 0x00, 0x14, 0x0E, 0x00, 0x00, 0xEE, 0x0E, 0x00, 0x00, 0x00, 0x00, 0x00, 0x00,
    0x00, 0x00, 0x00, 0x00, 0x00, 0x00, 0x00, 0x00, 0x00, 0x00, 0x00, 0x00, 0x00, 0x00, 0x00, 0x00,
    0x00, 0x00, 0x00, 0xDF, 0x00, 0x00, 0x00, 0xFF, 0x00, 0x00, 0xF0, 0xCC, 0x00, 0x00, 0x4F, 0xC8,
    0x00, 0xF0, 0xD4, 0x4D, 0x00, 0xF0, 0xDD, 0xDD, 0x00, 0x00, 0xDF, 0xDD, 0x00, 0x00, 0xF0, 0xDD,
    0xDD, 0x25, 0xB5, 0x7B, 0xDD, 0xD8, 0x22, 0x07, 0x4C, 0xFD, 0x77, 0x00, 0x8C, 0xFC, 0x00, 0x00,
    0xC8, 0xFC, 0x00, 0x00, 0x4D, 0xCD, 0x0F, 0x00, 0xDD, 0xD8, 0x0F, 0x00, 0xDD, 0xF4, 0x00, 0x00,
    0x00, 0x00, 0x00, 0xFF, 0x00, 0x00, 0x00, 0x00, 0x00, 0x00, 0x00, 0x00, 0x00, 0x00, 0x00, 0x00,
    0x00, 0x00, 0x00, 0x00, 0x00, 0x00, 0x00, 0x00, 0x00, 0x00, 0x00, 0x00, 0x00, 0x00, 0x00, 0x00,
    0xDD, 0xFD, 0x00, 0x00, 0xFF, 0x0F, 0x00, 0x00, 0x00, 0x00, 0x00, 0x00, 0x00, 0x00, 0x00, 0x00,
    0x00, 0x00, 0x00, 0x00, 0x00, 0x00, 0x00, 0x00, 0x00, 0x00, 0x00, 0x00, 0x00, 0x00, 0x00, 0x00,
    0x07, 0x00, 0x00, 0x00, 0x07, 0x00, 0x00, 0x00, 0x07, 0x00, 0x00, 0x00, 0x07, 0x00, 0x00, 0x00,
    0x00, 0x00, 0x00, 0x00, 0x00, 0x00, 0x00, 0x00, 0x00, 0x00, 0x00, 0x00, 0x00, 0x00, 0x00, 0x00,
    0xFF, 0xFF, 0x0F, 0x00, 0xF0, 0xFF, 0x00, 0x00, 0x00, 0x00, 0x00, 0x00, 0x00, 0x00, 0x00, 0x00,
    0x00, 0x00, 0x00, 0x00, 0x00, 0x00, 0x00, 0x00, 0x00, 0x00, 0x00, 0x00, 0x00, 0x00, 0x00, 0x00,
};
static const u16 sFrame52[] = {
    0x0005, 0x00D7, 0x81F7, 0x0000, 0x00DF, 0x41E7, 0x0010, 0x00F7, 0x41F7, 0x0014, 0x00EF, 0x0017,
    0x0018, 0x00F7, 0x0007, 0x0019, 0x0000,
};
static const void* const sFrames52[] = { sFrame52 };
static const u8 sTiles53[832] __attribute__((aligned(4))) = {
    0x5B, 0x6A, 0x65, 0x66, 0xB0, 0xA6, 0x56, 0x56, 0x00, 0x6B, 0x5A, 0x65, 0xB0, 0xB6, 0xA6, 0xAA,
    0x00, 0xAB, 0xAA, 0x66, 0x00, 0xB0, 0x66, 0x5B, 0x00, 0x00, 0xB6, 0x6B, 0x00, 0x00, 0x0B, 0xBB,
    0x56, 0x66, 0xA5, 0xB6, 0x65, 0x65, 0x56, 0x0B, 0x66, 0x55, 0x56, 0x0B, 0xA6, 0xB6, 0x55, 0xB6,
    0x6B, 0x5B, 0x6B, 0xB5, 0xBB, 0x5B, 0xBB, 0xBB, 0x7B, 0xBB, 0x00, 0x00, 0x75, 0xFB, 0xFF, 0x00,
    0x00, 0x00, 0x00, 0x00, 0x00, 0x00, 0x00, 0x00, 0x00, 0x00, 0x00, 0x00, 0x00, 0x00, 0x00, 0x00,
    0x00, 0x00, 0x00, 0x00, 0x00, 0x00, 0x00, 0x00, 0x00, 0x00, 0xFF, 0xFF, 0x00, 0xF0, 0x14, 0x58,
    0x00, 0x00, 0x00, 0x00, 0x00, 0x00, 0x00, 0x00, 0x00, 0x00, 0x00, 0x00, 0x00, 0x00, 0x00, 0x00,
    0x00, 0x00, 0x00, 0x00, 0x00, 0x00, 0x00, 0x00, 0x00, 0x00, 0x00, 0x00, 0xFF, 0x0F, 0x00, 0x80,
    0x00, 0x00, 0xF0, 0xDD, 0x00, 0x00, 0xDF, 0xDD, 0x00, 0x00, 0x8F, 0xF8, 0x00, 0xF0, 0x48, 0x84,
    0x00, 0x8F, 0x44, 0xD8, 0xF0, 0xDD, 0x88, 0xDD, 0xB0, 0xFF, 0xDD, 0xDD, 0xB0, 0x7B, 0xDF, 0xDD,
    0xFD, 0xDF, 0xDD, 0x0F, 0xDD, 0xDD, 0xDD, 0xFD, 0xFF, 0xFF, 0xDD, 0xFD, 0xDD, 0xDD, 0xFF, 0xDF,
    0xDD, 0xDD, 0xDF, 0xDD, 0xDD, 0xDD, 0xFF, 0xFF, 0xDD, 0xDD, 0x0F, 0x00, 0xDD, 0xFD, 0xFF, 0xFD,
    0xFF, 0xF0, 0x4F, 0xF1, 0xFD, 0x77, 0xF7, 0x41, 0xFD, 0x57, 0x73, 0xF4, 0xFD, 0x33, 0xF7, 0xFF,
    0xBF, 0xBB, 0x25, 0x82, 0x7F, 0x75, 0x47, 0x58, 0x00, 0xBB, 0x58, 0x77, 0x0F, 0x00, 0xBB, 0xBB,
    0x84, 0xF4, 0x80, 0x18, 0x88, 0x81, 0x87, 0x48, 0x1F, 0x74, 0xB5, 0xE7, 0x48, 0x38, 0xB7, 0x22,
    0xBF, 0x57, 0x2B, 0x55, 0x22, 0x25, 0x52, 0xB7, 0x55, 0x55, 0xB5, 0x00, 0x77, 0xBB, 0x07, 0x00,
    0x7F, 0x37, 0xF7, 0xDF, 0x58, 0x53, 0xF7, 0xDF, 0x74, 0x77, 0xD4, 0xDD, 0xF4, 0xBB, 0x4F, 0x88,
    0xFF, 0xCC, 0xFF, 0xFF, 0x7D, 0x25, 0xFF, 0xDF, 0xDD, 0xDD, 0xF7, 0xCD, 0x44, 0xDD, 0x5D, 0xFF,
    0xDD, 0xDD, 0x4D, 0x2F, 0xDD, 0xDD, 0x4D, 0x5F, 0xDD, 0xDD, 0x4D, 0x7F, 0xDD, 0xDD, 0x44, 0x2F,
    0x88, 0x88, 0xFF, 0xC5, 0xCC, 0xFD, 0x7F, 0x8C, 0xFC, 0xDF, 0xD2, 0xD8, 0x0F, 0xF0, 0xDF, 0xFD,
    0xFD, 0x00, 0x00, 0x00, 0xFC, 0x00, 0x00, 0xF0, 0x4C, 0x0F, 0x00, 0x4F, 0xD4, 0x0F, 0xF0, 0x8C,
    0xF4, 0x07, 0xF0, 0x4C, 0x5C, 0xB7, 0xCB, 0xD8, 0x5F, 0x73, 0xD5, 0xDD, 0xB0, 0x27, 0x72, 0xDD,
    0xFF, 0x0F, 0x00, 0x00, 0x88, 0xF4, 0x00, 0x00, 0xDC, 0x8D, 0x0F, 0x00, 0xCC, 0x4D, 0x0F, 0x00,
    0xDC, 0x8D, 0x0F, 0x00, 0xDD, 0x4D, 0x0F, 0x00, 0xDD, 0xF8, 0x00, 0x00, 0x4D, 0xFD, 0x00, 0x00,
    0xDF, 0xD4, 0xFF, 0x0F, 0xFF, 0xFF, 0x55, 0x0F, 0x7D, 0x25, 0x75, 0xFD, 0xDD, 0x7D, 0xDD, 0xCD,
    0x48, 0xDD, 0xCD, 0xDC, 0xFF, 0x48, 0xDD, 0x8D, 0x00, 0xFF, 0x48, 0x48, 0x00, 0x00, 0xFF, 0xFF,
    0x00, 0x00, 0x00, 0x00, 0x00, 0x00, 0x00, 0x00, 0x00, 0x00, 0x00, 0x00, 0x0F, 0x00, 0x00, 0x00,
    0x0F, 0x00, 0x00, 0x00, 0x0F, 0x00, 0x00, 0x00, 0x0F, 0x00, 0x00, 0x00, 0x00, 0x00, 0x00, 0x00,
    0x70, 0x25, 0xD5, 0xDD, 0x00, 0x77, 0xDD, 0xCC, 0x00, 0x00, 0xDF, 0xDC, 0x00, 0x00, 0xF0, 0x8F,
    0x00, 0x00, 0x00, 0xF0, 0x00, 0x00, 0x00, 0x00, 0x00, 0x00, 0x00, 0x00, 0x00, 0x00, 0x00, 0x00,
    0x8D, 0xFD, 0x00, 0x00, 0xD4, 0xFD, 0x00, 0x00, 0xD8, 0x0F, 0x00, 0x00, 0xD4, 0x0F, 0x00, 0x00,
    0xFF, 0x00, 0x00, 0x00, 0x00, 0x00, 0x00, 0x00, 0x00, 0x00, 0x00, 0x00, 0x00, 0x00, 0x00, 0x00,
    0x00, 0x00, 0x00, 0x00, 0x00, 0x00, 0x00, 0x00, 0x00, 0x00, 0x00, 0x00, 0x00, 0x00, 0x00, 0x00,
    0x00, 0x00, 0x00, 0x00, 0x00, 0x00, 0x00, 0x00, 0x00, 0x00, 0x00, 0x6B, 0x00, 0x00, 0x00, 0xB0,
    0x00, 0x00, 0x00, 0x0B, 0x00, 0x00, 0x00, 0xB6, 0x00, 0x00, 0x00, 0x6B, 0x00, 0x00, 0xB0, 0xAB,
    0x00, 0xB0, 0x6B, 0x56, 0xBB, 0x6B, 0x6B, 0x65, 0x55, 0x65, 0x56, 0x65, 0x56, 0xA6, 0x65, 0x55,
    0x00, 0x00, 0x00, 0x00, 0x00, 0x00, 0x00, 0x00, 0x6B, 0xB0, 0x6B, 0x0B, 0xAA, 0x6B, 0xB5, 0x00,
    0x66, 0xAA, 0x06, 0x00, 0x66, 0x65, 0xBA, 0x0B, 0x55, 0x66, 0x6A, 0x65, 0x66, 0x66, 0xA6, 0x0B,
    0x00, 0x00, 0x00, 0x00, 0x00, 0x00, 0x00, 0x00, 0x00, 0x00, 0x00, 0x00, 0x00, 0x00, 0x00, 0x00,
    0x00, 0x00, 0x00, 0x00, 0x00, 0x00, 0x00, 0x00, 0x0B, 0x00, 0x00, 0x00, 0x00, 0x00, 0x00, 0x00,
    0x00, 0x00, 0x00, 0x00, 0x00, 0x00, 0x00, 0x00, 0x00, 0x00, 0xE0, 0xEE, 0x00, 0xE0, 0x1E, 0x84,
    0xE0, 0x48, 0x84, 0x18, 0xE0, 0x8E, 0x18, 0x41, 0x80, 0x18, 0x41, 0xE8, 0x18, 0x41, 0xE8, 0x0E,
    0x00, 0x00, 0x00, 0x00, 0x00, 0x00, 0x00, 0x00, 0x8E, 0xE8, 0x00, 0x00, 0x18, 0xE4, 0x00, 0x00,
    0x41, 0xE8, 0x00, 0x00, 0xE8, 0x0E, 0x00, 0x00, 0x0E, 0x00, 0x00, 0x00, 0x00, 0x00, 0x00, 0x00,
    0x00, 0x00, 0x00, 0x00, 0x00, 0x00, 0x00, 0x00, 0x00, 0x00, 0x00, 0x00, 0x00, 0x00, 0x00, 0x00,
    0x00, 0x00, 0x00, 0x00, 0x00, 0x00, 0x00, 0x00, 0x00, 0x00, 0x00, 0x00, 0x00, 0x00, 0x00, 0xFF,
    0x00, 0x00, 0xFF, 0x8F, 0x00, 0xF0, 0x5F, 0x14, 0xF0, 0x8F, 0x84, 0x1F, 0x4F, 0x81, 0x18, 0xF8,
    0x87, 0x14, 0x1F, 0xF4, 0x57, 0x47, 0x88, 0xDF, 0x37, 0xB5, 0xFF, 0x88, 0x70, 0xF7, 0xFF, 0xDC,
    0x41, 0xE8, 0x0E, 0x00, 0xE8, 0x0E, 0x00, 0x00, 0x0E, 0x00, 0x00, 0x00, 0x07, 0x00, 0x00, 0x00,
    0x07, 0x00, 0x00, 0x00, 0x00, 0x00, 0x00, 0x00, 0x00, 0x00, 0x00, 0x00, 0x00, 0x00, 0x00, 0x00,
    0x00, 0xF0, 0xC8, 0xFF, 0x00, 0xF0, 0xC4, 0xCC, 0x00, 0xF0, 0xC8, 0xCC, 0x00, 0xF0, 0xD8, 0xDD,
    0x00, 0x00, 0x4F, 0x48, 0x00, 0x00, 0xF0, 0xFF, 0x00, 0x00, 0x00, 0x00, 0x00, 0x00, 0x00, 0x00,
};
static const u16 sFrame53[] = {
    0x0006, 0x00E0, 0x81FA, 0x0000, 0x40D8, 0x41F2, 0x0010, 0x40E0, 0x001A, 0x0014, 0x80E8, 0x01F2,
    0x0016, 0x00E8, 0x001A, 0x0018, 0x00F8, 0x01F2, 0x0019, 0x0000,
};
static const void* const sFrames53[] = { sFrame53 };
static const u8 sTiles54[1056] __attribute__((aligned(4))) = {
    0x70, 0x57, 0x00, 0x48, 0x57, 0x75, 0x75, 0x00, 0x5B, 0x75, 0x52, 0xFF, 0x7B, 0x52, 0xF7, 0x84,
    0xB0, 0x25, 0x87, 0x18, 0x00, 0x27, 0x75, 0x88, 0x00, 0x57, 0x72, 0xF4, 0x00, 0x75, 0x52, 0x1F,
    0x08, 0x00, 0x00, 0xB0, 0x88, 0x00, 0x00, 0x00, 0x48, 0x0E, 0x00, 0xFF, 0x85, 0xEE, 0x77, 0xFB,
    0xEE, 0x4E, 0x3E, 0xF7, 0x4E, 0x18, 0x7E, 0xF5, 0xE8, 0x44, 0x0E, 0xDF, 0xFF, 0xEE, 0x00, 0xFF,
    0x6B, 0x5A, 0xA6, 0x56, 0xB0, 0x65, 0x6B, 0x65, 0xBF, 0xB6, 0x6B, 0xB5, 0x6D, 0xDB, 0xB8, 0x56,
    0xB8, 0xB4, 0x58, 0x5B, 0x8D, 0xB8, 0x35, 0x33, 0xDD, 0xDD, 0x77, 0x35, 0xFF, 0xDD, 0xDD, 0xB7,
    0x6B, 0x6A, 0x6A, 0x56, 0x5B, 0xA6, 0xA6, 0x55, 0xB5, 0x65, 0xAA, 0x66, 0xBB, 0x6B, 0x6A, 0xBB,
    0x88, 0xB6, 0xB5, 0xB6, 0x18, 0xB7, 0xB6, 0x88, 0x75, 0xDB, 0xDB, 0xDD, 0xDB, 0xF4, 0xDD, 0xDD,
    0x00, 0x77, 0x25, 0x87, 0x00, 0x57, 0x57, 0x75, 0x00, 0x70, 0x7B, 0x55, 0x00, 0x00, 0xB0, 0x57,
    0x00, 0x00, 0x00, 0x8B, 0x00, 0x00, 0x00, 0x50, 0x00, 0x00, 0x00, 0x50, 0x00, 0x00, 0x00, 0x00,
    0x0F, 0x00, 0x00, 0x00, 0x05, 0x00, 0x00, 0x00, 0x72, 0x00, 0x00, 0x00, 0xB8, 0x00, 0x00, 0x00,
    0x58, 0x00, 0x00, 0x00, 0x25, 0x33, 0x33, 0x00, 0x12, 0x22, 0x32, 0x33, 0x15, 0x22, 0x22, 0x22,
    0x00, 0xDF, 0xFD, 0x8D, 0x00, 0xF0, 0xDD, 0xC1, 0xF0, 0xDF, 0xDD, 0x8D, 0xF0, 0x88, 0xDD, 0x1D,
    0x00, 0xFF, 0x44, 0xDD, 0x00, 0xF0, 0xFD, 0x14, 0x00, 0x9F, 0xFD, 0xFF, 0x33, 0x33, 0xD9, 0xFD,
    0x45, 0xFD, 0xFD, 0xDF, 0xC4, 0xDD, 0x0F, 0xF0, 0x41, 0x1F, 0x0F, 0x00, 0x78, 0x1F, 0xFD, 0x00,
    0x71, 0xD7, 0xD1, 0xFF, 0x91, 0xF9, 0x1F, 0x2F, 0x11, 0xFD, 0xFD, 0xC5, 0xFD, 0xFF, 0x7D, 0x4C,
    0x00, 0x00, 0x00, 0x00, 0x00, 0x00, 0x00, 0x00, 0x00, 0x00, 0x00, 0xFF, 0x00, 0x00, 0xFF, 0x4D,
    0x00, 0xF0, 0x8D, 0xDD, 0x00, 0xF0, 0xD4, 0xDD, 0x00, 0xF0, 0xD8, 0xCD, 0x00, 0xF0, 0xD4, 0xCC,
    0x25, 0x21, 0x11, 0x11, 0x50, 0x21, 0x12, 0x11, 0x5F, 0x12, 0x22, 0x11, 0xD8, 0x15, 0x22, 0x12,
    0xED, 0x25, 0x51, 0x12, 0xED, 0x5E, 0x21, 0x22, 0xDC, 0x5E, 0x12, 0x25, 0xCC, 0xEF, 0x15, 0x52,
    0x22, 0x22, 0x33, 0xD7, 0x11, 0x11, 0x22, 0x33, 0x11, 0x11, 0x11, 0x22, 0x11, 0x11, 0x11, 0x11,
    0x11, 0x11, 0x11, 0x11, 0x11, 0x11, 0x11, 0x11, 0x12, 0x11, 0x11, 0x11, 0x22, 0x11, 0x11, 0x11,
    0xDF, 0x5F, 0xC2, 0xC4, 0xF2, 0xD7, 0x8D, 0xFC, 0x33, 0xD3, 0x8D, 0xFC, 0x22, 0x32, 0x33, 0xF3,
    0x11, 0x21, 0x22, 0x32, 0x11, 0x11, 0x11, 0x21, 0x11, 0x11, 0x11, 0x11, 0x11, 0x11, 0x11, 0x11,
    0x00, 0xF0, 0x8F, 0xCC, 0x00, 0x00, 0x4F, 0xCC, 0x00, 0x00, 0x8F, 0x48, 0x00, 0x00, 0x4F, 0xDD,
    0x00, 0x00, 0xF0, 0xFF, 0x00, 0x00, 0x00, 0x00, 0x00, 0x00, 0x00, 0x00, 0x00, 0x00, 0x00, 0x00,
    0x4C, 0x0F, 0x25, 0x51, 0xC8, 0x0F, 0x50, 0x21, 0xDC, 0x0F, 0x50, 0x12, 0xFF, 0x00, 0x00, 0x15,
    0x00, 0x00, 0x00, 0x25, 0x00, 0x00, 0x00, 0x50, 0x00, 0x00, 0x00, 0x50, 0x00, 0x00, 0x00, 0x00,
    0x22, 0x22, 0x11, 0x11, 0x25, 0x22, 0x22, 0x11, 0x25, 0x22, 0x22, 0x22, 0x52, 0x22, 0x22, 0x22,
    0x51, 0x22, 0x22, 0x22, 0x21, 0x25, 0x22, 0x22, 0x12, 0x25, 0x22, 0x22, 0x55, 0x22, 0x22, 0x22,
    0x11, 0x11, 0x11, 0x11, 0x11, 0x11, 0x11, 0x11, 0x12, 0x11, 0x11, 0x11, 0x22, 0x22, 0x12, 0x11,
    0x22, 0x22, 0x22, 0x22, 0x22, 0x22, 0x22, 0x22, 0x22, 0x22, 0x22, 0x22, 0x22, 0x22, 0x22, 0x22,
    0xB5, 0x00, 0x00, 0x00, 0x56, 0x0B, 0x00, 0x00, 0xBB, 0x00, 0x00, 0x00, 0xFF, 0x00, 0x00, 0x00,
    0xD8, 0x0F, 0x00, 0x00, 0xDD, 0x7F, 0x00, 0x00, 0xFD, 0x35, 0xF7, 0x0F, 0xFD, 0x57, 0x1F, 0xF4,
    0x00, 0x00, 0x00, 0x00, 0x00, 0x00, 0x00, 0x00, 0x00, 0x00, 0x00, 0x00, 0x00, 0x00, 0x00, 0x00,
    0x00, 0x00, 0x00, 0x00, 0x00, 0x00, 0x00, 0x00, 0x00, 0x00, 0x00, 0x00, 0xFF, 0x0F, 0x00, 0x00,
    0xFD, 0x70, 0x4F, 0x45, 0x0F, 0xF0, 0xF4, 0x18, 0x00, 0xF0, 0xF8, 0xF4, 0x00, 0x00, 0xFF, 0x41,
    0x0F, 0x00, 0x00, 0x5F, 0xFC, 0x0F, 0x00, 0x70, 0xC4, 0xFD, 0x00, 0x00, 0xFD, 0xF7, 0x0F, 0x00,
    0x88, 0x74, 0x00, 0x00, 0x84, 0x51, 0x07, 0x00, 0x18, 0x35, 0x07, 0x00, 0x77, 0x57, 0x07, 0x00,
    0x73, 0x70, 0x00, 0x00, 0x57, 0x00, 0x00, 0x00, 0x00, 0x00, 0x00, 0x00, 0x00, 0x00, 0x00, 0x00,
    0x3F, 0x73, 0x0F, 0x00, 0x57, 0x73, 0x00, 0x00, 0x57, 0x75, 0x00, 0x00, 0x77, 0x73, 0x00, 0x00,
    0x33, 0x75, 0x00, 0x00, 0x22, 0x33, 0x03, 0x00, 0x11, 0x22, 0x32, 0x33, 0x11, 0x11, 0x21, 0x22,
    0x00, 0x00, 0x00, 0x00, 0x00, 0x00, 0x00, 0x00, 0x00, 0x00, 0x00, 0x00, 0x00, 0x00, 0x00, 0x00,
    0x00, 0x00, 0x00, 0x00, 0x00, 0x00, 0x00, 0x00, 0x00, 0x00, 0x00, 0x00, 0x33, 0x33, 0x33, 0x33,
    0x11, 0x11, 0x11, 0x11, 0x11, 0x11, 0x11, 0x11, 0x11, 0x11, 0x11, 0x11, 0x11, 0x11, 0x11, 0x11,
    0x22, 0x22, 0x22, 0x22, 0x22, 0x22, 0x22, 0x22, 0x22, 0x22, 0xF2, 0xDF, 0xF2, 0xFF, 0x0F, 0xF0,
    0x22, 0x22, 0x22, 0x22, 0x11, 0x11, 0x22, 0xD2, 0x21, 0x22, 0x22, 0xDD, 0x22, 0x22, 0xD2, 0xDD,
    0x22, 0xD2, 0xDD, 0xDD, 0xD2, 0xDD, 0xDD, 0xFD, 0xDD, 0xDD, 0xDD, 0xFD, 0xDF, 0xDD, 0xDD, 0x0F,
    0x00, 0x00, 0xB0, 0x0B, 0x00, 0x00, 0xB0, 0xB6, 0x00, 0xBB, 0x66, 0x6A, 0x6B, 0x65, 0xAA, 0xAA,
    0xB0, 0x6B, 0x55, 0x66, 0x6B, 0xBB, 0x5B, 0x55, 0xB0, 0x56, 0xA6, 0x65, 0x56, 0xA5, 0x6A, 0xAA,
    0x00, 0x00, 0x00, 0x00, 0xBB, 0x0B, 0x00, 0x00, 0xB6, 0x66, 0x0B, 0x00, 0x66, 0xAA, 0xB6, 0x00,
    0x5A, 0xA6, 0x66, 0x0B, 0xA6, 0xA5, 0xB6, 0x0B, 0x6A, 0x6A, 0x56, 0xB6, 0xA6, 0xA6, 0x66, 0x65,
    0x20, 0x22, 0x22, 0x22, 0x00, 0x00, 0x00, 0x00, 0x00, 0x00, 0x00, 0x00, 0x00, 0x00, 0x00, 0x00,
    0x00, 0x00, 0x00, 0x00, 0x00, 0x00, 0x00, 0x00, 0x00, 0x00, 0x00, 0x00, 0x00, 0x00, 0x00, 0x00,
    0x22, 0x22, 0x22, 0x00, 0x00, 0x00, 0x00, 0x00, 0x00, 0x00, 0x00, 0x00, 0x00, 0x00, 0x00, 0x00,
    0x00, 0x00, 0x00, 0x00, 0x00, 0x00, 0x00, 0x00, 0x00, 0x00, 0x00, 0x00, 0x00, 0x00, 0x00, 0x00,
    0x00, 0x00, 0x00, 0x00, 0x00, 0x00, 0x00, 0x00, 0x00, 0x00, 0x00, 0x00, 0x00, 0x00, 0x00, 0x00,
    0x00, 0x00, 0x00, 0x00, 0x00, 0x00, 0x00, 0x00, 0x00, 0x00, 0x00, 0x00, 0x03, 0x00, 0x00, 0x00,
    0x00, 0x00, 0x00, 0x00, 0x0F, 0x00, 0x00, 0x00, 0x0F, 0x00, 0x00, 0x00, 0x0F, 0x00, 0x00, 0x00,
    0x0F, 0x00, 0x00, 0x00, 0x00, 0x00, 0x00, 0x00, 0x00, 0x00, 0x00, 0x00, 0x00, 0x00, 0x00, 0x00,
    0x00, 0x00, 0x00, 0x00, 0x00, 0x00, 0x00, 0x00, 0x00, 0x00, 0x00, 0x00, 0x00, 0x00, 0x00, 0x00,
    0x00, 0x00, 0x00, 0x00, 0x00, 0x00, 0x00, 0x00, 0x00, 0x00, 0x00, 0x00, 0x00, 0x48, 0x88, 0x08,
    0x00, 0x00, 0x00, 0x00, 0x00, 0x00, 0x00, 0x00, 0x00, 0x00, 0x00, 0x00, 0x00, 0x00, 0x00, 0x00,
    0x00, 0x00, 0x00, 0x00, 0x00, 0x00, 0x00, 0x00, 0x00, 0x00, 0x00, 0x00, 0x0B, 0x00, 0x00, 0x00,
    0xF0, 0xFF, 0xFF, 0x00, 0x00, 0x00, 0x00, 0x00, 0x00, 0x00, 0x00, 0x00, 0x00, 0x00, 0x00, 0x00,
    0x00, 0x00, 0x00, 0x00, 0x00, 0x00, 0x00, 0x00, 0x00, 0x00, 0x00, 0x00, 0x00, 0x00, 0x00, 0x00,
};
static const u16 sFrame54[] = {
    0x0008, 0x00DF, 0x81D8, 0x0000, 0x80DF, 0x81F8, 0x0010, 0x40D7, 0x01E8, 0x0018, 0x40FF, 0x01E8,
    0x001A, 0x80EF, 0x0008, 0x001C, 0x00D7, 0x01D8, 0x001E, 0x00D7, 0x01F8, 0x001F, 0x00FF, 0x0000,
    0x0020, 0x0000,
};
static const void* const sFrames54[] = { sFrame54 };
static const u8 sTiles55[960] __attribute__((aligned(4))) = {
    0x70, 0x57, 0x00, 0x48, 0x57, 0x75, 0x75, 0x00, 0x5B, 0x75, 0x52, 0xFF, 0x7B, 0x52, 0xF7, 0x84,
    0xB0, 0x25, 0x87, 0x18, 0x00, 0x27, 0x75, 0x88, 0x00, 0x57, 0x72, 0xF4, 0x00, 0x75, 0x52, 0x1F,
    0x08, 0x00, 0x00, 0xB0, 0x88, 0x00, 0x00, 0x00, 0x48, 0x0E, 0x00, 0xFF, 0x85, 0xEE, 0x77, 0xFB,
    0xEE, 0x4E, 0x3E, 0xF7, 0x4E, 0x18, 0x7E, 0xF5, 0xE8, 0x44, 0x0E, 0xDF, 0xFF, 0xEE, 0x00, 0xFF,
    0x6B, 0x5A, 0xA6, 0x56, 0xB0, 0x65, 0x6B, 0x65, 0xBF, 0xB6, 0x6B, 0xB5, 0x6D, 0xDB, 0xB8, 0x56,
    0xB8, 0xB4, 0x58, 0x5B, 0x8D, 0xB8, 0x35, 0x33, 0xDD, 0xDD, 0x77, 0x35, 0xFF, 0xDD, 0xDD, 0xB7,
    0x6B, 0x6A, 0x6A, 0x56, 0x5B, 0xA6, 0xA6, 0x55, 0xB5, 0x65, 0xAA, 0x66, 0xBB, 0x6B, 0x6A, 0xBB,
    0x88, 0xB6, 0xB5, 0xB6, 0x18, 0xB7, 0xB6, 0x88, 0x75, 0xDB, 0xDB, 0xDD, 0xDB, 0xF4, 0xDD, 0xDD,
    0x00, 0x77, 0x25, 0x87, 0x00, 0x57, 0x57, 0x75, 0x00, 0x70, 0x7B, 0x55, 0x00, 0x00, 0xB0, 0x57,
    0x00, 0x00, 0x00, 0x8B, 0x00, 0x00, 0x00, 0xE0, 0x00, 0x00, 0x00, 0xE0, 0x00, 0x00, 0x00, 0x00,
    0x0F, 0x00, 0x00, 0x00, 0x05, 0x00, 0x00, 0x00, 0x72, 0x00, 0x00, 0x00, 0xB8, 0x00, 0x00, 0x00,
    0xE8, 0x00, 0x00, 0x00, 0x48, 0x08, 0x00, 0x00, 0x14, 0x08, 0x00, 0x00, 0x1E, 0x84, 0x00, 0x00,
    0x00, 0xDF, 0xFD, 0x8D, 0x00, 0xF0, 0xDD, 0xC1, 0xF0, 0xDF, 0xDD, 0x8D, 0xF0, 0x88, 0xDD, 0x1D,
    0x00, 0xFF, 0x44, 0xDD, 0x00, 0xF0, 0xFD, 0x14, 0x00, 0x9F, 0xFD, 0xFF, 0xF0, 0x77, 0xD9, 0xFD,
    0x45, 0xFD, 0xFD, 0xDF, 0xC4, 0xDD, 0x0F, 0xF0, 0x41, 0x1F, 0x0F, 0x00, 0x78, 0x1F, 0xFD, 0x00,
    0x71, 0xD7, 0xD1, 0xFF, 0x91, 0xF9, 0x1F, 0x2F, 0x11, 0xFD, 0xFD, 0xC5, 0xFD, 0xFF, 0x7D, 0x4C,
    0x00, 0x00, 0x00, 0x00, 0x00, 0x00, 0x00, 0x00, 0x00, 0x00, 0x00, 0xFF, 0x00, 0x00, 0xFF, 0x4D,
    0x00, 0xF0, 0x8D, 0xDD, 0x00, 0xF0, 0xD4, 0xDD, 0x00, 0xF0, 0xD8, 0xCD, 0x00, 0xF0, 0xD4, 0xCC,
    0x4E, 0x81, 0x0F, 0x00, 0xE0, 0x41, 0xF8, 0x0F, 0xEF, 0x14, 0xB8, 0xF7, 0xD8, 0x1E, 0x84, 0x72,
    0xED, 0x4E, 0x81, 0x57, 0xED, 0xEE, 0x41, 0x78, 0xDC, 0xEE, 0x14, 0xB8, 0xCC, 0xEF, 0x1E, 0x84,
    0xF0, 0x7F, 0x29, 0xD7, 0x9F, 0x97, 0xCD, 0x5C, 0xDF, 0xD9, 0xCD, 0xCC, 0x8F, 0xDD, 0xCD, 0xCC,
    0xCD, 0x88, 0xD4, 0xCC, 0xFF, 0xDF, 0x4C, 0xC4, 0x77, 0x75, 0xFF, 0x4D, 0x70, 0x57, 0x73, 0xDF,
    0xDF, 0x5F, 0xC2, 0xC4, 0xF2, 0xD7, 0x8D, 0xFC, 0xFC, 0xDD, 0x8D, 0xFC, 0xFC, 0xDF, 0x8D, 0xFC,
    0xFC, 0xF0, 0xD8, 0xFD, 0xFC, 0x00, 0xFF, 0xDD, 0xF4, 0x00, 0x00, 0xFF, 0x0F, 0x00, 0x00, 0x00,
    0x00, 0xF0, 0x8F, 0xCC, 0x00, 0x00, 0x4F, 0xCC, 0x00, 0x00, 0x8F, 0x48, 0x00, 0x00, 0x4F, 0xDD,
    0x00, 0x00, 0xF0, 0xFF, 0x00, 0x00, 0x00, 0x00, 0x00, 0x00, 0x00, 0x00, 0x00, 0x00, 0x00, 0x00,
    0x4C, 0x0F, 0x4E, 0x81, 0xC8, 0x0F, 0xE0, 0x41, 0xDC, 0x0F, 0xE0, 0x14, 0xFF, 0x00, 0x00, 0x1E,
    0x00, 0x00, 0x00, 0x4E, 0x00, 0x00, 0x00, 0xE0, 0x00, 0x00, 0x00, 0xE0, 0x00, 0x00, 0x00, 0x00,
    0x00, 0x70, 0x77, 0xF0, 0x08, 0x00, 0x00, 0x00, 0x08, 0x00, 0x00, 0x00, 0x84, 0x00, 0x00, 0x00,
    0x81, 0x00, 0x00, 0x00, 0x41, 0x0E, 0x00, 0x00, 0x14, 0x08, 0x00, 0x00, 0xEE, 0x04, 0x00, 0x00,
    0x0F, 0x00, 0x00, 0x00, 0x00, 0x00, 0x00, 0x00, 0x00, 0x00, 0x00, 0x00, 0x00, 0x00, 0x00, 0x00,
    0x00, 0x00, 0x00, 0x00, 0x00, 0x00, 0x00, 0x00, 0x00, 0x00, 0x00, 0x00, 0x00, 0x00, 0x00, 0x00,
    0xB5, 0x00, 0x00, 0x00, 0x56, 0x0B, 0x00, 0x00, 0xBB, 0x00, 0x00, 0x00, 0xFF, 0x00, 0x00, 0x00,
    0xD8, 0x0F, 0x00, 0x00, 0xDD, 0x7F, 0x00, 0x00, 0xFD, 0x35, 0xF7, 0x0F, 0xFD, 0x57, 0x1F, 0xF4,
    0x00, 0x00, 0x00, 0x00, 0x00, 0x00, 0x00, 0x00, 0x00, 0x00, 0x00, 0x00, 0x00, 0x00, 0x00, 0x00,
    0x00, 0x00, 0x00, 0x00, 0x00, 0x00, 0x00, 0x00, 0x00, 0x00, 0x00, 0x00, 0xFF, 0x0F, 0x00, 0x00,
    0xFD, 0x70, 0x4F, 0x45, 0x0F, 0xF0, 0xF4, 0x18, 0x00, 0xF0, 0xF8, 0xF4, 0x00, 0x00, 0xFF, 0x41,
    0x0F, 0x00, 0x00, 0x5F, 0xFC, 0x0F, 0x00, 0x70, 0xC4, 0xFD, 0x00, 0x00, 0xFD, 0xF7, 0x0F, 0x00,
    0x88, 0x74, 0x00, 0x00, 0x84, 0x51, 0x07, 0x00, 0x18, 0x35, 0x07, 0x00, 0x77, 0x57, 0x07, 0x00,
    0x73, 0x70, 0x00, 0x00, 0x57, 0x00, 0x00, 0x00, 0x00, 0x00, 0x00, 0x00, 0x00, 0x00, 0x00, 0x00,
    0x3F, 0x73, 0x0F, 0x00, 0x57, 0x73, 0x00, 0x00, 0x57, 0x75, 0x00, 0x00, 0x77, 0x73, 0x00, 0x00,
    0x7F, 0x75, 0x00, 0x00, 0x5F, 0x77, 0x0B, 0x00, 0x27, 0x52, 0x75, 0x00, 0x57, 0x22, 0x75, 0x00,
    0x00, 0x00, 0x00, 0x00, 0x00, 0x00, 0x00, 0x00, 0x00, 0x00, 0x00, 0x00, 0x00, 0x00, 0x00, 0x00,
    0x00, 0x00, 0x00, 0x00, 0x00, 0x00, 0x00, 0x00, 0x00, 0x00, 0x00, 0x00, 0xF0, 0xFF, 0xFF, 0x0F,
    0x70, 0xBF, 0xFB, 0x00, 0xDF, 0xDD, 0xFF, 0xFF, 0xDF, 0xDD, 0xDD, 0xDD, 0x4F, 0x48, 0x48, 0xF8,
    0x8F, 0xDD, 0xDD, 0xDF, 0xDF, 0xDD, 0xDD, 0xDF, 0xDF, 0xDD, 0xFD, 0xDF, 0xF0, 0xFF, 0x0F, 0xF0,
    0xDF, 0xCD, 0xDC, 0xFD, 0xDD, 0xDC, 0xDD, 0xD8, 0xDD, 0x4D, 0x48, 0xDD, 0x48, 0xD8, 0xDD, 0xDD,
    0xDD, 0xDD, 0xDD, 0xDD, 0xDD, 0xDD, 0xDD, 0xFD, 0xDD, 0xDD, 0xDD, 0xFD, 0xDF, 0xDD, 0xDD, 0x0F,
    0x00, 0x00, 0xB0, 0x0B, 0x00, 0x00, 0xB0, 0xB6, 0x00, 0xBB, 0x66, 0x6A, 0x6B, 0x65, 0xAA, 0xAA,
    0xB0, 0x6B, 0x55, 0x66, 0x6B, 0xBB, 0x5B, 0x55, 0xB0, 0x56, 0xA6, 0x65, 0x56, 0xA5, 0x6A, 0xAA,
    0x00, 0x00, 0x00, 0x00, 0xBB, 0x0B, 0x00, 0x00, 0xB6, 0x66, 0x0B, 0x00, 0x66, 0xAA, 0xB6, 0x00,
    0x5A, 0xA6, 0x66, 0x0B, 0xA6, 0xA5, 0xB6, 0x0B, 0x6A, 0x6A, 0x56, 0xB6, 0xA6, 0xA6, 0x66, 0x65,
    0x00, 0x00, 0x00, 0x00, 0x00, 0x00, 0x00, 0x00, 0x00, 0x00, 0x00, 0x00, 0x00, 0x00, 0x00, 0x00,
    0x00, 0x00, 0x00, 0x00, 0x00, 0x00, 0x00, 0x00, 0x00, 0x00, 0x00, 0x00, 0x00, 0x48, 0x88, 0x08,
    0x00, 0x00, 0x00, 0x00, 0x00, 0x00, 0x00, 0x00, 0x00, 0x00, 0x00, 0x00, 0x00, 0x00, 0x00, 0x00,
    0x00, 0x00, 0x00, 0x00, 0x00, 0x00, 0x00, 0x00, 0x00, 0x00, 0x00, 0x00, 0x0B, 0x00, 0x00, 0x00,
    0x00, 0x00, 0x00, 0x00, 0x0F, 0x00, 0x00, 0x00, 0x0F, 0x00, 0x00, 0x00, 0x0F, 0x00, 0x00, 0x00,
    0x0F, 0x00, 0x00, 0x00, 0x00, 0x00, 0x00, 0x00, 0x00, 0x00, 0x00, 0x00, 0x00, 0x00, 0x00, 0x00,
    0xF0, 0xFF, 0xFF, 0x00, 0x00, 0x00, 0x00, 0x00, 0x00, 0x00, 0x00, 0x00, 0x00, 0x00, 0x00, 0x00,
    0x00, 0x00, 0x00, 0x00, 0x00, 0x00, 0x00, 0x00, 0x00, 0x00, 0x00, 0x00, 0x00, 0x00, 0x00, 0x00,
};
static const u16 sFrame55[] = {
    0x0007, 0x00DF, 0x81DE, 0x0000, 0x80DF, 0x81FE, 0x0010, 0x40D7, 0x01EE, 0x0018, 0x00D7, 0x01DE,
    0x001A, 0x00D7, 0x01FE, 0x001B, 0x00F7, 0x000E, 0x001C, 0x00FF, 0x0006, 0x001D, 0x0000,
};
static const void* const sFrames55[] = { sFrame55 };
static const u8 sTiles56[928] __attribute__((aligned(4))) = {
    0x00, 0x00, 0x00, 0x00, 0x00, 0x00, 0x00, 0x00, 0x00, 0x00, 0x00, 0x90, 0x00, 0x00, 0x00, 0x90,
    0x00, 0x00, 0x00, 0x70, 0x00, 0x00, 0x00, 0x90, 0x00, 0x00, 0x00, 0x00, 0x00, 0x00, 0x00, 0x00,
    0x00, 0x90, 0x79, 0x97, 0x90, 0x29, 0x52, 0x52, 0x27, 0x52, 0x97, 0x25, 0x52, 0xB7, 0xBB, 0xB9,
    0x75, 0x99, 0x57, 0x7B, 0x97, 0x75, 0x75, 0x29, 0xB9, 0x48, 0x84, 0xBB, 0xFB, 0x14, 0xC1, 0x78,
    0x00, 0x00, 0x33, 0x14, 0x09, 0x30, 0x18, 0x81, 0xB7, 0x43, 0x41, 0x08, 0x8B, 0x48, 0x88, 0x6B,
    0x32, 0x38, 0x6B, 0x6B, 0x65, 0x5B, 0xA6, 0x66, 0x79, 0x66, 0xAA, 0x6A, 0x29, 0x65, 0x56, 0x6A,
    0x84, 0x08, 0x00, 0x43, 0x08, 0x00, 0x00, 0x30, 0x00, 0x00, 0x00, 0x00, 0xBB, 0x0B, 0x00, 0x00,
    0x55, 0xB6, 0x0B, 0x00, 0x66, 0x55, 0xB6, 0x00, 0x66, 0x66, 0xB6, 0xBB, 0x65, 0x66, 0x55, 0x65,
    0x00, 0x00, 0x00, 0x00, 0x00, 0x00, 0x00, 0x00, 0x00, 0x00, 0x00, 0x40, 0x00, 0x00, 0x80, 0x88,
    0x00, 0x00, 0x84, 0x00, 0x00, 0x00, 0x08, 0x00, 0x00, 0x00, 0x08, 0x00, 0x00, 0x00, 0x04, 0x00,
    0xFB, 0x48, 0x8F, 0x81, 0xFF, 0x88, 0x14, 0xF4, 0xF8, 0x14, 0x84, 0xBF, 0x00, 0x5B, 0xF8, 0xFB,
    0x90, 0x4F, 0x11, 0xF4, 0x59, 0x1F, 0x84, 0xF8, 0x77, 0xF9, 0x57, 0x4B, 0x00, 0xB0, 0x35, 0xF9,
    0x5B, 0x62, 0x55, 0x66, 0x2B, 0xB6, 0xA6, 0x6A, 0xA5, 0x55, 0x5B, 0xA6, 0x6B, 0x55, 0xB5, 0xA5,
    0x5F, 0x35, 0x6B, 0x6B, 0x64, 0x33, 0x88, 0xB5, 0xFF, 0x3F, 0x18, 0x75, 0xDD, 0xD8, 0x55, 0x67,
    0x55, 0xA6, 0x66, 0xB5, 0xAA, 0xA5, 0x56, 0xB6, 0x66, 0x6A, 0x56, 0x0B, 0x6A, 0x6A, 0x66, 0x0B,
    0x6A, 0xA6, 0xB6, 0x0B, 0xB7, 0x6B, 0xBB, 0x00, 0xB5, 0xB6, 0x0B, 0x00, 0xBB, 0x6B, 0x0B, 0x00,
    0x00, 0x00, 0x88, 0x00, 0x00, 0x4C, 0x8C, 0x0C, 0x00, 0xC0, 0x18, 0xC4, 0x00, 0x00, 0xCC, 0x0C,
    0x00, 0x00, 0x00, 0x00, 0x00, 0x00, 0x00, 0x00, 0x00, 0x00, 0x00, 0xF0, 0x00, 0x00, 0x00, 0x2F,
    0x00, 0xB0, 0x57, 0xF7, 0x00, 0x70, 0x79, 0xDF, 0x00, 0x00, 0x90, 0xDF, 0x00, 0x00, 0x00, 0xDF,
    0x00, 0x00, 0x00, 0xF0, 0xFF, 0x0F, 0x00, 0x00, 0xCC, 0xFD, 0x0F, 0x00, 0xDD, 0x7C, 0xFD, 0x1F,
    0x8D, 0x84, 0xFD, 0x6F, 0x48, 0x44, 0xD8, 0xFD, 0x48, 0x44, 0xF8, 0xDD, 0x8D, 0x84, 0xFF, 0xDF,
    0xDF, 0xF8, 0xDF, 0xFC, 0xF0, 0xDD, 0xCD, 0xDC, 0xD1, 0xDD, 0xCC, 0xCC, 0xD1, 0xDD, 0xCC, 0xCC,
    0xB5, 0xF5, 0x00, 0x00, 0xF6, 0xFF, 0xFF, 0x0F, 0xFF, 0xDD, 0xDD, 0xFD, 0xDD, 0xDD, 0xDD, 0xFD,
    0xDD, 0xDD, 0xFF, 0x0F, 0xFF, 0xFF, 0x00, 0x00, 0xFD, 0x00, 0x00, 0x00, 0x0F, 0x00, 0x00, 0x00,
    0x00, 0x00, 0xF0, 0xCD, 0x00, 0x00, 0xF0, 0xD4, 0x00, 0x00, 0xF0, 0x4D, 0x00, 0x00, 0x00, 0xFF,
    0x00, 0x00, 0x00, 0xF0, 0x00, 0x00, 0x00, 0x90, 0x00, 0x00, 0x00, 0x00, 0x00, 0x00, 0x00, 0x00,
    0x75, 0x79, 0xF9, 0xD1, 0xCC, 0xF7, 0x97, 0x1D, 0xCD, 0x79, 0xF9, 0xD7, 0xD4, 0x9D, 0x77, 0xFD,
    0x4D, 0xDD, 0xDD, 0xFD, 0xDF, 0x84, 0x88, 0xD8, 0xF9, 0xDF, 0xDD, 0x8D, 0x59, 0xF7, 0xFF, 0xFF,
    0xDD, 0xDD, 0xCC, 0xCC, 0x11, 0xDD, 0xCD, 0xDC, 0x1D, 0x41, 0xDD, 0xDD, 0xFD, 0x4D, 0xD4, 0xDD,
    0xCD, 0xDD, 0x44, 0xD4, 0xCF, 0xDC, 0xDD, 0x88, 0xDF, 0xCD, 0xFC, 0xDD, 0xFD, 0xFF, 0xDF, 0x0F,
    0x0F, 0x00, 0x00, 0x00, 0xFF, 0x00, 0x00, 0x00, 0xDD, 0x0F, 0x00, 0x00, 0x8D, 0x0F, 0x00, 0x00,
    0x8D, 0x0F, 0x00, 0x00, 0xF8, 0x00, 0x00, 0x00, 0xF8, 0x00, 0x00, 0x00, 0x00, 0x00, 0x00, 0x00,
    0x00, 0x00, 0x00, 0x00, 0x00, 0x00, 0x00, 0x00, 0x00, 0x00, 0x00, 0x00, 0x00, 0x00, 0xFF, 0x00,
    0x00, 0xFF, 0xCC, 0xFF, 0xF0, 0xCC, 0xCC, 0xDD, 0xDF, 0xCC, 0xDC, 0xDD, 0xDF, 0xDD, 0xDD, 0xDD,
    0x7B, 0xF5, 0x09, 0xF0, 0x99, 0x27, 0x92, 0x00, 0x57, 0x25, 0x95, 0x00, 0x5B, 0x97, 0xFD, 0x00,
    0xDD, 0xDD, 0xCD, 0x0F, 0xDD, 0xDD, 0xCC, 0x0F, 0xDD, 0xDD, 0x84, 0x0F, 0x48, 0x48, 0xD8, 0x0F,
    0xDD, 0xCD, 0xDC, 0x0F, 0xFF, 0xDF, 0xFF, 0x00, 0xF0, 0x79, 0x95, 0x09, 0x00, 0xBB, 0x27, 0x95,
    0x00, 0x7B, 0x25, 0xB2, 0x00, 0x9B, 0xD7, 0xDD, 0x00, 0xF0, 0xDD, 0xCD, 0xF0, 0xCC, 0xDD, 0xCC,
    0x00, 0x00, 0x00, 0x00, 0x00, 0x00, 0x00, 0x00, 0x00, 0x00, 0x00, 0x00, 0x00, 0x00, 0x00, 0x00,
    0x00, 0x00, 0x00, 0x00, 0x0F, 0x00, 0x00, 0x00, 0x0F, 0x00, 0x00, 0x00, 0xFD, 0x00, 0x00, 0x00,
    0x4F, 0xDD, 0x84, 0xD4, 0xF0, 0x8D, 0xDD, 0xFD, 0x00, 0xFF, 0xFF, 0x0F, 0x00, 0x00, 0x00, 0x00,
    0x00, 0x00, 0x00, 0x00, 0x00, 0x00, 0x00, 0x00, 0x00, 0x00, 0x00, 0x00, 0x00, 0x00, 0x00, 0x00,
    0xDD, 0xFD, 0xFF, 0x00, 0xFF, 0x0F, 0x00, 0x00, 0x00, 0x00, 0x00, 0x00, 0x00, 0x00, 0x00, 0x00,
    0x00, 0x00, 0x00, 0x00, 0x00, 0x00, 0x00, 0x00, 0x00, 0x00, 0x00, 0x00, 0x00, 0x00, 0x00, 0x00,
    0xC0, 0xDC, 0xDD, 0x48, 0xCF, 0xDC, 0xDD, 0xD4, 0xDF, 0xDD, 0x84, 0xFD, 0x4F, 0xDD, 0xF8, 0xDF,
    0xDF, 0x48, 0xDD, 0xFD, 0xF0, 0xFF, 0xFF, 0x00, 0x00, 0x00, 0x00, 0x00, 0x00, 0x00, 0x00, 0x00,
    0xF8, 0x00, 0x00, 0x00, 0xFD, 0x00, 0x00, 0x00, 0xDF, 0x00, 0x00, 0x00, 0xFD, 0x00, 0x00, 0x00,
    0x0F, 0x00, 0x00, 0x00, 0x00, 0x00, 0x00, 0x00, 0x00, 0x00, 0x00, 0x00, 0x00, 0x00, 0x00, 0x00,
    0x00, 0x00, 0x00, 0x00, 0x00, 0x00, 0x00, 0x00, 0x00, 0x00, 0x00, 0x00, 0x00, 0x00, 0x00, 0x00,
    0x00, 0x00, 0x00, 0x00, 0x00, 0x00, 0x00, 0x00, 0x00, 0x00, 0x00, 0x00, 0x00, 0x00, 0x90, 0x09,
    0x00, 0x00, 0x00, 0x00, 0x00, 0x00, 0x00, 0x00, 0x00, 0x00, 0x00, 0x00, 0x00, 0x00, 0x00, 0x00,
    0x00, 0x00, 0x00, 0x00, 0x00, 0x00, 0x00, 0x00, 0x00, 0x00, 0x00, 0x30, 0x00, 0x00, 0x00, 0x83,
    0x00, 0x00, 0x00, 0x00, 0x00, 0x00, 0x00, 0x00, 0x00, 0x00, 0x00, 0x33, 0x00, 0x00, 0x33, 0x18,
    0x00, 0x30, 0x18, 0x41, 0x30, 0x43, 0x41, 0x88, 0x83, 0x11, 0x88, 0x44, 0x11, 0x84, 0x30, 0x18,
    0x30, 0x03, 0x00, 0x00, 0x83, 0x33, 0x00, 0x00, 0x14, 0x34, 0x00, 0x00, 0x81, 0x48, 0x03, 0x00,
    0x48, 0x14, 0x03, 0x00, 0x14, 0x13, 0x34, 0x00, 0x11, 0x38, 0x31, 0x00, 0x83, 0x34, 0x33, 0x00,
    0x31, 0x03, 0x00, 0x00, 0x34, 0x00, 0x00, 0x00, 0x03, 0x00, 0x00, 0x00, 0x00, 0x00, 0x00, 0x00,
    0x00, 0x00, 0x00, 0x00, 0x00, 0x00, 0x00, 0x00, 0x00, 0x00, 0x00, 0x00, 0x00, 0x00, 0x00, 0x00,
};
static const u16 sFrame56[] = {
    0x0004, 0x00D2, 0x81F0, 0x0000, 0x40F2, 0x81F0, 0x0010, 0x40CA, 0x41F8, 0x0018, 0x00D2, 0x0010,
    0x001C, 0x0000,
};
static const void* const sFrames56[] = { sFrame56 };
static const u8 sTiles57[992] __attribute__((aligned(4))) = {
    0x00, 0x00, 0x00, 0x00, 0x00, 0x00, 0x00, 0x00, 0x00, 0x00, 0x00, 0x00, 0x33, 0x00, 0x00, 0x00,
    0x12, 0x03, 0x00, 0x00, 0x21, 0x03, 0x00, 0x00, 0x33, 0x00, 0x00, 0x00, 0x03, 0x00, 0x00, 0x00,
    0x00, 0x00, 0x00, 0x00, 0x00, 0x00, 0x00, 0x00, 0x00, 0x00, 0x00, 0x00, 0x00, 0x00, 0x00, 0x00,
    0x00, 0x00, 0x00, 0xBB, 0x00, 0x00, 0x00, 0x6B, 0x00, 0x00, 0x00, 0x5B, 0x00, 0x00, 0x00, 0xB0,
    0x00, 0x00, 0x00, 0x00, 0x00, 0x00, 0x00, 0x00, 0x00, 0x00, 0x00, 0x00, 0x00, 0x00, 0x00, 0x00,
    0x00, 0x0B, 0xB0, 0xBB, 0x0B, 0xB6, 0x6B, 0x65, 0xB6, 0x6B, 0x56, 0x55, 0x65, 0xAA, 0x66, 0x66,
    0x00, 0x00, 0x00, 0x00, 0x00, 0x00, 0x00, 0x00, 0x00, 0x00, 0x00, 0x00, 0x00, 0x00, 0x00, 0x00,
    0x0B, 0x00, 0x00, 0x00, 0x66, 0xBB, 0x66, 0x00, 0xAA, 0x66, 0xB5, 0x00, 0x6A, 0x55, 0xB5, 0x00,
    0x22, 0x00, 0x00, 0x00, 0x21, 0x02, 0x00, 0x00, 0x12, 0x22, 0x00, 0x00, 0x23, 0x21, 0x02, 0x00,
    0x30, 0x12, 0x32, 0x00, 0x00, 0x23, 0x21, 0x03, 0x00, 0x30, 0x82, 0xB8, 0x00, 0x00, 0x83, 0x22,
    0x00, 0x00, 0x00, 0xB0, 0x00, 0x00, 0x00, 0x00, 0x00, 0x00, 0x00, 0xBB, 0x00, 0x00, 0xB0, 0x56,
    0x00, 0x00, 0x00, 0x6B, 0x00, 0x48, 0x00, 0x00, 0x77, 0x94, 0x09, 0x00, 0xFF, 0xF8, 0xCB, 0xC8,
    0x55, 0x65, 0x6A, 0x65, 0x56, 0xA6, 0x56, 0x56, 0x6B, 0x65, 0x65, 0xAA, 0xA5, 0x66, 0xAA, 0x66,
    0xA6, 0x6A, 0x66, 0x66, 0xBB, 0xA6, 0x5A, 0x66, 0xB0, 0x55, 0xA6, 0xA5, 0x00, 0xF6, 0xBF, 0xA6,
    0x66, 0x56, 0xB6, 0x00, 0x65, 0x5A, 0xB6, 0x00, 0x55, 0x66, 0xBB, 0x0F, 0x5A, 0x66, 0x6B, 0xFF,
    0x66, 0xAA, 0xF6, 0xDF, 0xA6, 0xAA, 0xF6, 0xCD, 0xA5, 0x66, 0xDF, 0xDC, 0x65, 0xDB, 0xDD, 0xDD,
    0x00, 0x00, 0x9B, 0xF5, 0x00, 0x90, 0x27, 0x49, 0x00, 0x5B, 0x92, 0x59, 0x00, 0x7B, 0x72, 0x3B,
    0x00, 0xB0, 0x29, 0xB9, 0x00, 0x00, 0x5B, 0xB2, 0x00, 0x00, 0x90, 0x22, 0x00, 0x00, 0xB0, 0x79,
    0x84, 0x41, 0x85, 0x41, 0x81, 0x18, 0x1F, 0x94, 0x44, 0x4F, 0x18, 0x59, 0x47, 0x88, 0x4B, 0x9B,
    0x85, 0xBF, 0x8F, 0xCC, 0xB7, 0x59, 0x94, 0xBB, 0x99, 0xB5, 0x89, 0x0F, 0x75, 0x99, 0xFB, 0x00,
    0x0C, 0xF0, 0xDD, 0xBB, 0x97, 0xDF, 0xDC, 0x8D, 0x53, 0xDF, 0xDC, 0x48, 0x77, 0xDB, 0xDD, 0x48,
    0x9B, 0xFB, 0xDD, 0x88, 0x00, 0xF0, 0xFF, 0xFF, 0x00, 0x00, 0x00, 0xF0, 0x00, 0x00, 0x00, 0xF0,
    0xB6, 0xDD, 0xFF, 0xFF, 0xD8, 0xDD, 0xDD, 0xDF, 0x84, 0xDD, 0xDC, 0xFD, 0x84, 0xCD, 0xCC, 0xFD,
    0xD8, 0xDD, 0xCC, 0xDD, 0x1F, 0xCD, 0xCC, 0xDC, 0xF1, 0xDD, 0xDD, 0xDD, 0xD1, 0xDD, 0x44, 0x44,
    0x00, 0x00, 0x00, 0x9B, 0x00, 0x00, 0x00, 0x00, 0x00, 0x00, 0x00, 0x00, 0x00, 0x00, 0x00, 0x00,
    0x00, 0x00, 0x00, 0x00, 0x00, 0x00, 0x00, 0x00, 0x00, 0x00, 0x00, 0x00, 0x00, 0x00, 0x00, 0x00,
    0xBB, 0x00, 0x00, 0x00, 0x00, 0x00, 0x00, 0x00, 0x00, 0x00, 0x00, 0x00, 0x00, 0x00, 0x00, 0x00,
    0x00, 0x00, 0x00, 0x00, 0x00, 0x00, 0x00, 0x00, 0x00, 0x00, 0x00, 0x00, 0x00, 0x00, 0x00, 0x00,
    0x00, 0x00, 0x00, 0x00, 0x00, 0x00, 0x00, 0xF0, 0x00, 0x00, 0x00, 0x1F, 0x00, 0x00, 0x00, 0xDF,
    0x00, 0x00, 0x00, 0x00, 0x00, 0x00, 0x00, 0x00, 0x00, 0x00, 0x00, 0xF0, 0x00, 0x00, 0x00, 0xCF,
    0x1F, 0x4D, 0x44, 0xFD, 0x1D, 0x11, 0xFD, 0xDF, 0xD1, 0xDF, 0xFF, 0xFF, 0x1D, 0xFF, 0xDF, 0x97,
    0xF0, 0x52, 0x77, 0x7F, 0xFF, 0xCF, 0x9C, 0x77, 0x44, 0x44, 0x88, 0x89, 0xFD, 0xFF, 0xFF, 0xDF,
    0xFF, 0xFF, 0xFF, 0xFF, 0xFF, 0xFF, 0x9F, 0x97, 0xFF, 0xFF, 0x39, 0x53, 0xFF, 0xFF, 0x59, 0x33,
    0xF0, 0xFF, 0x9F, 0x57, 0x00, 0xF0, 0xFF, 0xFF, 0x00, 0x00, 0x00, 0xFF, 0x00, 0x00, 0x00, 0xCF,
    0xDF, 0xCF, 0xCC, 0xFD, 0xFF, 0xFF, 0xCF, 0xFD, 0xF7, 0x57, 0xF7, 0xFF, 0x5F, 0x52, 0xD9, 0xFD,
    0x2F, 0xD2, 0xDD, 0x4D, 0x7F, 0xDB, 0xDD, 0xD8, 0xB9, 0xDD, 0x4D, 0xDD, 0xDC, 0x4D, 0xD8, 0xDD,
    0x00, 0x00, 0xF0, 0xCC, 0x00, 0x00, 0xF0, 0x8D, 0x00, 0x00, 0xF0, 0xD4, 0x00, 0x00, 0xF0, 0xD8,
    0x00, 0x00, 0xF0, 0xD4, 0x00, 0x00, 0x00, 0xDF, 0x00, 0x00, 0xF0, 0xFC, 0x00, 0x00, 0xDF, 0xCC,
    0x4D, 0xD8, 0xFD, 0xDD, 0xDD, 0xDD, 0xFD, 0xFD, 0xDD, 0xDD, 0xFD, 0x2F, 0xDD, 0xDD, 0xFD, 0x52,
    0xDD, 0xDD, 0x5F, 0xD7, 0xDD, 0xFD, 0xDF, 0xDD, 0xFF, 0xFF, 0xDD, 0xDD, 0xCC, 0xDD, 0xDD, 0xDD,
    0x00, 0x00, 0xDF, 0xCD, 0x00, 0x00, 0xF0, 0xDD, 0x00, 0x00, 0xF0, 0x84, 0x00, 0x00, 0x00, 0xFF,
    0x00, 0x00, 0x00, 0x00, 0x00, 0x00, 0x00, 0x00, 0x00, 0x00, 0x00, 0x00, 0x00, 0x00, 0x00, 0x00,
    0xDC, 0xDD, 0xDD, 0x48, 0xDD, 0x8D, 0x84, 0xF4, 0x84, 0xF4, 0xFF, 0x00, 0xFF, 0x0F, 0x00, 0x00,
    0x00, 0x00, 0x00, 0x00, 0x00, 0x00, 0x00, 0x00, 0x00, 0x00, 0x00, 0x00, 0x00, 0x00, 0x00, 0x00,
    0x00, 0x00, 0x33, 0x03, 0x30, 0x33, 0x12, 0x31, 0x23, 0x32, 0x22, 0x23, 0x23, 0x21, 0x13, 0x21,
    0x30, 0x12, 0x32, 0x31, 0x00, 0x23, 0x21, 0x23, 0x00, 0x30, 0x12, 0x32, 0x00, 0x00, 0x23, 0x21,
    0x00, 0x00, 0x30, 0x12, 0x00, 0x00, 0x00, 0x23, 0x00, 0x00, 0x00, 0x30, 0x00, 0x00, 0x00, 0x00,
    0x00, 0x00, 0x00, 0x00, 0x00, 0x00, 0x00, 0x00, 0x00, 0x00, 0x00, 0x00, 0x00, 0x00, 0x00, 0x00,
    0x00, 0x00, 0x00, 0x00, 0x00, 0x00, 0x00, 0x00, 0xFF, 0x00, 0x00, 0x00, 0xDD, 0x0F, 0x00, 0x00,
    0xDD, 0x0F, 0x00, 0x00, 0xDD, 0x0F, 0x00, 0x00, 0xDD, 0x0F, 0x00, 0x00, 0xFF, 0x00, 0x00, 0x00,
    0xFD, 0x00, 0x00, 0x00, 0x0F, 0x00, 0x00, 0x00, 0x00, 0x00, 0x00, 0x00, 0x00, 0x00, 0x00, 0x00,
    0x0F, 0x00, 0x00, 0x00, 0xFD, 0xFF, 0x00, 0x00, 0x88, 0x88, 0xF8, 0x00, 0xF8, 0xDD, 0x0F, 0x00,
    0x00, 0x00, 0x00, 0x00, 0x00, 0x00, 0x00, 0x00, 0x00, 0x00, 0x00, 0x00, 0x0F, 0x00, 0x00, 0x00,
    0xF8, 0x00, 0x00, 0x00, 0xDD, 0x0F, 0x00, 0x00, 0xDD, 0x0F, 0x00, 0x00, 0xDD, 0x0F, 0x00, 0x00,
    0xFD, 0x00, 0x00, 0x00, 0x0F, 0x00, 0x00, 0x00, 0x09, 0x00, 0x00, 0x00, 0xFB, 0x00, 0x00, 0x00,
    0xDD, 0x0F, 0x00, 0x00, 0xDC, 0x0F, 0x00, 0x00, 0xCC, 0x0F, 0x00, 0x00, 0x8D, 0x0F, 0x00, 0x00,
    0xFF, 0xF8, 0x00, 0x00, 0xDD, 0x0F, 0x00, 0x00, 0xCD, 0xFC, 0x00, 0x00, 0xFD, 0xCD, 0x0F, 0x00,
    0x57, 0xDF, 0x0F, 0x00, 0xC9, 0xFD, 0xFD, 0x00, 0xC8, 0xFF, 0xDC, 0x0F, 0x8C, 0xDF, 0xCC, 0x0F,
    0x00, 0x00, 0x00, 0xCF, 0x00, 0x00, 0x00, 0xDF, 0x00, 0x00, 0x00, 0xF0, 0x00, 0x00, 0x00, 0x00,
    0x00, 0x00, 0x00, 0x00, 0x00, 0x00, 0x00, 0x00, 0x00, 0x00, 0x00, 0x00, 0x00, 0x00, 0x00, 0x00,
    0x48, 0x0F, 0x00, 0x00, 0xFF, 0x00, 0x00, 0x00, 0x00, 0x00, 0x00, 0x00, 0x00, 0x00, 0x00, 0x00,
    0x00, 0x00, 0x00, 0x00, 0x00, 0x00, 0x00, 0x00, 0x00, 0x00, 0x00, 0x00, 0x00, 0x00, 0x00, 0x00,
};
static const u16 sFrame57[] = {
    0x0009, 0x00CC, 0x81DE, 0x0000, 0x00EC, 0x41F6, 0x0010, 0x40FC, 0x01F6, 0x0014, 0x80CC, 0x01D6,
    0x0016, 0x80D4, 0x01FE, 0x0018, 0x80EC, 0x0006, 0x001A, 0x00E4, 0x01FE, 0x001C, 0x00EC, 0x01EE,
    0x001D, 0x00FC, 0x0006, 0x001E, 0x0000,
};
static const void* const sFrames57[] = { sFrame57 };
static const u8 sTiles58[1248] __attribute__((aligned(4))) = {
    0x00, 0x00, 0x00, 0x00, 0x00, 0x00, 0x00, 0x00, 0x00, 0x00, 0x00, 0x00, 0x00, 0x00, 0x00, 0x00,
    0x00, 0x00, 0x00, 0x00, 0x00, 0x00, 0x00, 0x00, 0x00, 0x00, 0x00, 0x00, 0x00, 0x00, 0x00, 0x30,
    0x00, 0x00, 0x00, 0x00, 0x00, 0x00, 0x00, 0x00, 0x00, 0x00, 0x00, 0x00, 0x00, 0x00, 0x00, 0x00,
    0x00, 0x00, 0x00, 0x00, 0x00, 0x30, 0x03, 0x00, 0x33, 0x33, 0x00, 0x00, 0x33, 0x03, 0x00, 0x00,
    0x00, 0x00, 0x00, 0x00, 0x00, 0x00, 0x00, 0x00, 0x00, 0x00, 0x00, 0x00, 0x00, 0x00, 0x00, 0x00,
    0x00, 0x00, 0x00, 0x00, 0x00, 0x00, 0x00, 0x90, 0x00, 0x00, 0x00, 0x5B, 0xB0, 0xBB, 0x00, 0xBB,
    0x79, 0x90, 0x09, 0x00, 0x59, 0x59, 0x99, 0x00, 0x7B, 0x58, 0x57, 0x07, 0x4C, 0x11, 0x78, 0x09,
    0xFC, 0xB8, 0x4B, 0x0C, 0xB1, 0x6B, 0xB5, 0x0C, 0xBB, 0xA6, 0x6A, 0x0B, 0x56, 0x65, 0xA6, 0xBA,
    0x00, 0x00, 0x00, 0x33, 0x00, 0x00, 0x30, 0x23, 0x00, 0x00, 0x33, 0x32, 0x00, 0x00, 0x22, 0x32,
    0x00, 0x20, 0x22, 0x33, 0x00, 0x20, 0x22, 0x33, 0x00, 0x22, 0x22, 0x33, 0x00, 0x12, 0x22, 0x33,
    0x32, 0x00, 0x00, 0x00, 0x33, 0x00, 0x00, 0x00, 0x03, 0x00, 0x00, 0x00, 0x03, 0x00, 0x00, 0x00,
    0x00, 0x00, 0x00, 0x00, 0x00, 0x00, 0x00, 0x00, 0x00, 0x00, 0x00, 0x00, 0x00, 0x00, 0x00, 0x00,
    0xB0, 0x65, 0xBB, 0x66, 0x00, 0x5B, 0x55, 0x66, 0xB0, 0x6B, 0x65, 0xA6, 0x5B, 0xA6, 0xA6, 0x6A,
    0xB0, 0xA5, 0x5A, 0x65, 0x00, 0x6B, 0xA6, 0xA6, 0x00, 0xB0, 0x6B, 0x6A, 0x00, 0x6B, 0x65, 0xBB,
    0x65, 0x55, 0x66, 0x65, 0x66, 0x66, 0x66, 0x56, 0x66, 0x66, 0x56, 0x55, 0x66, 0x55, 0x66, 0xA6,
    0x56, 0x56, 0x65, 0x6A, 0x66, 0x55, 0x65, 0x66, 0x6A, 0xAA, 0x56, 0xB6, 0xA6, 0xA6, 0x6B, 0xB6,
    0x00, 0x12, 0x22, 0x33, 0x20, 0x11, 0x22, 0x33, 0x20, 0x11, 0x22, 0x33, 0x22, 0x11, 0x21, 0x32,
    0x12, 0x11, 0x21, 0x32, 0x12, 0x11, 0x21, 0x32, 0x12, 0x11, 0x11, 0x22, 0x12, 0x11, 0x11, 0x22,
    0x00, 0x00, 0x00, 0x00, 0x00, 0x00, 0x00, 0x00, 0x00, 0x00, 0x00, 0x00, 0x00, 0x00, 0x00, 0x00,
    0x00, 0x00, 0x00, 0x00, 0x03, 0x00, 0x00, 0x00, 0x33, 0x00, 0x00, 0x00, 0x32, 0x03, 0x00, 0x00,
    0x00, 0xB0, 0xBB, 0x75, 0x00, 0x00, 0x00, 0x59, 0x00, 0x00, 0x00, 0x7B, 0x00, 0x00, 0x00, 0xB0,
    0x00, 0x00, 0x00, 0x00, 0x00, 0x00, 0x00, 0x00, 0x00, 0x00, 0x00, 0x00, 0x00, 0x00, 0x00, 0x00,
    0xBB, 0x66, 0xBB, 0xDB, 0x6B, 0xBA, 0xD5, 0x8D, 0x56, 0x6B, 0xFD, 0x8F, 0x5B, 0xDB, 0xFF, 0xFF,
    0x6B, 0xBB, 0xFD, 0x7F, 0xB0, 0x00, 0xD0, 0x57, 0x00, 0x00, 0xF0, 0xFF, 0x00, 0x00, 0x8F, 0x84,
    0x12, 0x11, 0x11, 0x21, 0x12, 0x11, 0x11, 0x21, 0x12, 0x11, 0x11, 0x11, 0x12, 0x11, 0x11, 0x11,
    0x12, 0x11, 0x11, 0x11, 0x12, 0x11, 0x11, 0x11, 0x12, 0x11, 0x11, 0x11, 0x22, 0x11, 0x11, 0x11,
    0x22, 0x33, 0x00, 0x00, 0x22, 0x32, 0x03, 0x00, 0x22, 0x22, 0x33, 0x00, 0x22, 0x22, 0x32, 0x33,
    0x21, 0x22, 0x22, 0x32, 0x11, 0x22, 0x22, 0x22, 0x11, 0x21, 0x22, 0x22, 0x11, 0x11, 0x21, 0x22,
    0x00, 0x00, 0x00, 0x00, 0x00, 0x00, 0x00, 0x00, 0x00, 0x00, 0x00, 0x00, 0x00, 0x00, 0x00, 0x00,
    0x03, 0x00, 0x00, 0x00, 0x33, 0x03, 0x00, 0x00, 0x22, 0x33, 0x00, 0x00, 0x22, 0x32, 0x33, 0x33,
    0x00, 0xF0, 0x14, 0x41, 0x00, 0xB0, 0xF8, 0xF5, 0x00, 0xB9, 0x8F, 0x41, 0x90, 0xF2, 0x14, 0x84,
    0x29, 0xF7, 0xF4, 0x88, 0x29, 0x95, 0xF8, 0x14, 0x79, 0x7B, 0x92, 0x87, 0xB3, 0x2C, 0xB5, 0x35,
    0x20, 0x11, 0x11, 0x11, 0x20, 0x11, 0x11, 0x11, 0x20, 0x11, 0x11, 0x11, 0x20, 0x12, 0x21, 0x22,
    0x00, 0x12, 0x22, 0x22, 0x00, 0x22, 0x22, 0x22, 0x00, 0x20, 0x22, 0x22, 0x00, 0x00, 0x22, 0x22,
    0x11, 0x11, 0x11, 0x21, 0x11, 0x11, 0x11, 0x11, 0x11, 0x11, 0x11, 0x11, 0x22, 0x11, 0x11, 0x21,
    0x22, 0x22, 0x22, 0x22, 0x32, 0x23, 0x22, 0x22, 0x23, 0x21, 0x33, 0x22, 0x33, 0x13, 0x21, 0x22,
    0x22, 0x22, 0x22, 0x22, 0x21, 0x22, 0x22, 0x32, 0x21, 0x22, 0x22, 0x12, 0x22, 0x22, 0x22, 0x21,
    0x22, 0x22, 0x11, 0x33, 0x22, 0x12, 0x32, 0x00, 0x22, 0x21, 0x03, 0x00, 0x11, 0x33, 0x00, 0x00,
    0x83, 0x78, 0x7C, 0xBB, 0x82, 0xCC, 0x57, 0x22, 0x32, 0x00, 0xBB, 0x99, 0x03, 0x00, 0x00, 0x79,
    0x00, 0x00, 0x00, 0x9B, 0x00, 0xF0, 0xFF, 0xDF, 0xF0, 0xCD, 0xDC, 0xDD, 0xDF, 0xCC, 0xDC, 0xDD,
    0x00, 0x00, 0x20, 0x33, 0x00, 0x00, 0x30, 0x12, 0x00, 0x00, 0x00, 0x23, 0x00, 0x00, 0x00, 0x30,
    0x00, 0x00, 0x00, 0x00, 0x00, 0x00, 0x00, 0x00, 0x00, 0x00, 0x00, 0x00, 0x00, 0x00, 0x00, 0x00,
    0x22, 0x21, 0x32, 0x12, 0x13, 0x21, 0x23, 0x21, 0x21, 0x33, 0x11, 0x33, 0x32, 0x12, 0x32, 0x00,
    0x23, 0x21, 0x03, 0x00, 0x30, 0x33, 0x00, 0x00, 0x00, 0x00, 0x00, 0x00, 0x00, 0x00, 0x00, 0x00,
    0x32, 0x00, 0x00, 0x00, 0x03, 0x00, 0x00, 0x00, 0x00, 0x00, 0x00, 0x00, 0x00, 0x00, 0x00, 0x00,
    0x00, 0x00, 0x00, 0x00, 0x00, 0x00, 0x00, 0x00, 0x00, 0x00, 0x00, 0x00, 0x00, 0x00, 0x00, 0x00,
    0xCF, 0xCC, 0xCC, 0xDD, 0xCF, 0xCC, 0xCC, 0xCC, 0x8F, 0xCC, 0xCC, 0xDC, 0xF0, 0xC4, 0xCC, 0x8D,
    0x00, 0x8F, 0x84, 0xF4, 0x00, 0xF0, 0xFF, 0x0F, 0x00, 0x00, 0x00, 0x00, 0x00, 0x00, 0x00, 0x00,
    0x6B, 0xDD, 0x0F, 0x00, 0xB5, 0xDD, 0x0F, 0x00, 0xBB, 0xCC, 0xFD, 0x00, 0xB6, 0xCC, 0xFD, 0x00,
    0xB6, 0xDC, 0xFD, 0x00, 0xDB, 0xDD, 0x0F, 0x00, 0xFB, 0xFD, 0x00, 0x00, 0xDD, 0xDF, 0xFD, 0x00,
    0x00, 0x00, 0x00, 0x00, 0x00, 0x00, 0x00, 0x00, 0x00, 0x00, 0x00, 0x00, 0x00, 0x00, 0x00, 0x00,
    0x00, 0x00, 0x00, 0x00, 0x00, 0x00, 0x00, 0x00, 0x00, 0xFF, 0x00, 0x00, 0xFF, 0xD8, 0x00, 0x00,
    0x84, 0xDD, 0xDC, 0xFF, 0x44, 0xD8, 0xCC, 0xDD, 0x88, 0xD8, 0xCC, 0xDC, 0xDD, 0xFD, 0xDD, 0x4D,
    0xDF, 0xFD, 0xDD, 0x44, 0xD7, 0x1F, 0xDD, 0xF4, 0xFF, 0x11, 0x4D, 0xD4, 0xDF, 0x11, 0x41, 0xFD,
    0xDD, 0xD8, 0x00, 0x00, 0x8D, 0x0D, 0x00, 0x00, 0x88, 0x0F, 0x00, 0x00, 0xD8, 0x00, 0x00, 0x00,
    0xFF, 0xFF, 0x00, 0x00, 0xDF, 0x97, 0xFF, 0x0F, 0xDF, 0x97, 0x97, 0xFD, 0xDD, 0x79, 0x7F, 0xCC,
    0xD8, 0xFD, 0x00, 0x00, 0xCD, 0xFF, 0x00, 0x00, 0xFC, 0x99, 0x00, 0x00, 0xFD, 0x73, 0x09, 0x00,
    0x5F, 0x53, 0x95, 0x97, 0xFF, 0x79, 0x53, 0x29, 0x0F, 0xB0, 0x7B, 0x29, 0x00, 0x00, 0x27, 0x52,
    0x00, 0x00, 0x00, 0x00, 0x00, 0x00, 0x00, 0x00, 0x00, 0x00, 0x00, 0x00, 0x00, 0x00, 0x00, 0x00,
    0x09, 0x00, 0x00, 0x00, 0x95, 0x00, 0x00, 0x00, 0xB2, 0x0F, 0x00, 0x00, 0xD7, 0xFD, 0xFF, 0xFF,
    0x00, 0x00, 0x79, 0x25, 0x00, 0x00, 0x90, 0xB9, 0x00, 0x00, 0x00, 0xF0, 0x00, 0x00, 0x00, 0x00,
    0x00, 0x00, 0x00, 0x00, 0x00, 0x00, 0x00, 0x00, 0x00, 0x00, 0x00, 0x00, 0x00, 0x00, 0x00, 0x00,
    0x4D, 0x48, 0xCC, 0x8D, 0xDD, 0xCD, 0x48, 0xDC, 0xDD, 0xCD, 0xCC, 0xC8, 0xFF, 0xCC, 0xCC, 0x4C,
    0xF0, 0xCD, 0xCC, 0x8C, 0xF0, 0xD4, 0xCC, 0xF4, 0x00, 0x8F, 0x84, 0x0F, 0x00, 0xF0, 0xFF, 0x00,
    0xD4, 0x1D, 0xD1, 0xFF, 0xDF, 0xD9, 0xFD, 0xCF, 0xFF, 0xB5, 0xDF, 0xCD, 0xF8, 0x7F, 0xB9, 0xDD,
    0x14, 0x2F, 0x95, 0xBB, 0x41, 0x9B, 0x52, 0x09, 0x58, 0x5B, 0x52, 0x0B, 0xB7, 0x22, 0xB7, 0x00,
    0xDF, 0x97, 0x97, 0xCC, 0xDF, 0xC5, 0xCC, 0x88, 0x2F, 0xCD, 0xCC, 0xD8, 0xFF, 0xDD, 0x4C, 0xCC,
    0xF0, 0xDD, 0xD4, 0xCD, 0x00, 0xDF, 0xD4, 0xCD, 0x00, 0xF0, 0xFF, 0xDD, 0x00, 0x00, 0x00, 0xFF,
    0x22, 0x95, 0xB9, 0x00, 0x95, 0xDB, 0x0F, 0x00, 0xDF, 0xFD, 0x0F, 0x00, 0xFF, 0xFF, 0xF8, 0x00,
    0x25, 0xD9, 0xF4, 0x00, 0xBB, 0xDD, 0xF8, 0x00, 0xDD, 0x4D, 0x0F, 0x00, 0xDD, 0xF8, 0x00, 0x00,
    0x4D, 0x0F, 0x00, 0x00, 0xF8, 0x00, 0x00, 0x00, 0xF4, 0x00, 0x00, 0x00, 0x0F, 0x00, 0x00, 0x00,
    0x00, 0x00, 0x00, 0x00, 0x00, 0x00, 0x00, 0x00, 0x00, 0x00, 0x00, 0x00, 0x00, 0x00, 0x00, 0x00,
    0x00, 0x00, 0x00, 0x00, 0x00, 0x00, 0x00, 0x00, 0x00, 0x00, 0x00, 0x00, 0x00, 0x00, 0x00, 0x00,
    0x00, 0x00, 0x00, 0x00, 0x00, 0x00, 0x00, 0x00, 0x00, 0x00, 0x00, 0x00, 0x00, 0xFF, 0x00, 0x00,
    0x00, 0x00, 0x00, 0x00, 0x00, 0x00, 0x00, 0x00, 0x00, 0x00, 0x00, 0x00, 0x00, 0x00, 0x00, 0x00,
    0x00, 0x00, 0x00, 0x00, 0x00, 0x00, 0x00, 0x00, 0x0F, 0x00, 0x00, 0x00, 0xFD, 0x0F, 0x00, 0x00,
    0x0F, 0x00, 0x00, 0x00, 0xF4, 0x00, 0x00, 0x00, 0xF8, 0x00, 0x00, 0x00, 0x0F, 0x00, 0x00, 0x00,
    0x0F, 0x00, 0x00, 0x00, 0x00, 0x00, 0x00, 0x00, 0x00, 0x00, 0x00, 0x00, 0x00, 0x00, 0x00, 0x00,
};
static const u16 sFrame58[] = {
    0x0009, 0x00D2, 0x81E0, 0x0000, 0x40F2, 0x81E0, 0x0010, 0x00DA, 0x4000, 0x0018, 0x00EA, 0x4010,
    0x001C, 0x40EA, 0x0000, 0x0020, 0x80F2, 0x0000, 0x0022, 0x00D2, 0x0000, 0x0024, 0x00E2, 0x0010,
    0x0025, 0x00F2, 0x0020, 0x0026, 0x0000,
};
static const void* const sFrames58[] = { sFrame58 };
static const u8 sTiles59[1184] __attribute__((aligned(4))) = {
    0x00, 0x00, 0x00, 0x00, 0x00, 0x00, 0x00, 0x00, 0x00, 0x00, 0x00, 0x00, 0x00, 0x00, 0x00, 0x00,
    0x00, 0x00, 0x00, 0x00, 0x00, 0x00, 0x00, 0xBB, 0x00, 0x00, 0xB0, 0x65, 0x00, 0x00, 0x5B, 0x56,
    0x00, 0x00, 0x00, 0x00, 0x00, 0x00, 0x00, 0x00, 0x00, 0x00, 0x00, 0x00, 0x00, 0x00, 0x00, 0x00,
    0x00, 0x00, 0x00, 0x00, 0x00, 0x00, 0x00, 0x00, 0xBB, 0x00, 0x00, 0x00, 0x65, 0xBB, 0x0B, 0xBB,
    0x00, 0x00, 0x88, 0x84, 0x00, 0x00, 0x84, 0x89, 0x00, 0x00, 0x00, 0x29, 0x00, 0x00, 0xF8, 0x97,
    0x00, 0x00, 0xBF, 0x8F, 0x00, 0x90, 0xF9, 0x14, 0xB0, 0x5F, 0x53, 0xBF, 0x66, 0xFD, 0x75, 0x19,
    0x99, 0x09, 0x00, 0x00, 0x28, 0x72, 0x99, 0x00, 0x98, 0x59, 0x22, 0x97, 0xB4, 0xFB, 0x9B, 0x25,
    0x4F, 0x1B, 0x58, 0x59, 0xB8, 0x48, 0x81, 0x9B, 0x4B, 0xF8, 0xFF, 0x25, 0xF8, 0x14, 0xB8, 0x59,
    0x00, 0x00, 0x6B, 0x66, 0x00, 0xB0, 0x56, 0x55, 0x00, 0xBB, 0x56, 0x65, 0xB0, 0xB6, 0x65, 0x65,
    0x6B, 0x65, 0x65, 0x66, 0x55, 0x66, 0x56, 0xA6, 0x56, 0x65, 0x66, 0xAA, 0x6B, 0x66, 0x6B, 0xA6,
    0x66, 0x6B, 0x66, 0x55, 0x66, 0x56, 0x55, 0x55, 0x65, 0x66, 0x66, 0x65, 0x66, 0x66, 0x56, 0xB5,
    0x6A, 0x6A, 0xBB, 0xB6, 0x56, 0xA6, 0xB5, 0xDB, 0x55, 0xA6, 0x6A, 0xB5, 0x55, 0xA6, 0xA6, 0x66,
    0xB5, 0xDD, 0xBF, 0x4B, 0xDB, 0xDD, 0xFD, 0xBB, 0xDB, 0xDD, 0xFD, 0xBB, 0xDD, 0xDD, 0xFD, 0x00,
    0xDD, 0xFF, 0x0F, 0x00, 0xFD, 0x00, 0x00, 0x00, 0xFD, 0x00, 0x00, 0x00, 0xDB, 0x0F, 0x00, 0x00,
    0xB8, 0x4F, 0xB7, 0x92, 0xBF, 0x8B, 0x9B, 0xB5, 0x99, 0x27, 0x52, 0x39, 0x00, 0x99, 0xBB, 0x30,
    0x00, 0x00, 0x00, 0x30, 0x00, 0x00, 0x00, 0x33, 0x00, 0x00, 0x00, 0x33, 0x00, 0x00, 0x30, 0x33,
    0xBF, 0xBB, 0x56, 0x6A, 0xDF, 0x5B, 0x65, 0xAA, 0xBF, 0x65, 0xBB, 0xA6, 0xBF, 0xBB, 0xBD, 0x56,
    0xDF, 0xDD, 0xBD, 0xB5, 0xFF, 0xFF, 0xDF, 0xDB, 0x00, 0x00, 0xF0, 0xD4, 0x00, 0x00, 0x00, 0x4F,
    0x65, 0x6B, 0x65, 0xBB, 0x65, 0xBB, 0xBB, 0xDF, 0xB6, 0xB9, 0x95, 0x1D, 0x7B, 0x5B, 0x17, 0xDC,
    0x9B, 0xBB, 0xCC, 0x71, 0xDD, 0xDD, 0x71, 0x17, 0xDD, 0xDD, 0x91, 0xFF, 0xDD, 0x1D, 0xFD, 0xDD,
    0xDB, 0xF1, 0x00, 0x00, 0xDD, 0xF1, 0x00, 0x00, 0xDD, 0x1D, 0x0F, 0x00, 0x11, 0x1D, 0x0F, 0x00,
    0xF9, 0x11, 0x0F, 0x00, 0xDF, 0xFD, 0x0F, 0x00, 0xCF, 0xCC, 0xFD, 0x00, 0xFD, 0xCF, 0xDC, 0x0F,
    0x00, 0x00, 0x30, 0x23, 0x00, 0x00, 0x30, 0x23, 0x00, 0x00, 0x33, 0x22, 0x00, 0x30, 0x23, 0x22,
    0x00, 0x33, 0x22, 0x22, 0x00, 0x33, 0x22, 0x22, 0x30, 0x33, 0x22, 0x12, 0x33, 0x23, 0x22, 0x12,
    0x00, 0x00, 0x00, 0xF0, 0x00, 0x00, 0x00, 0x00, 0x00, 0x00, 0x00, 0x00, 0x00, 0x00, 0x00, 0x00,
    0x00, 0x00, 0x00, 0x00, 0x00, 0x00, 0x00, 0x90, 0x00, 0x00, 0x00, 0x59, 0x00, 0x00, 0xFF, 0x2B,
    0x11, 0x1D, 0x7F, 0xCC, 0xDF, 0x11, 0x7F, 0x29, 0xF0, 0x7D, 0xF9, 0xC7, 0x00, 0x5F, 0x97, 0x4C,
    0x00, 0xDF, 0xDD, 0xD4, 0xB9, 0xF7, 0x4D, 0xCD, 0xB2, 0x55, 0xDF, 0xDF, 0x72, 0x79, 0xF9, 0xFD,
    0x7C, 0xFD, 0xDF, 0xFD, 0xC5, 0x88, 0xFC, 0x3F, 0x88, 0xDC, 0x7F, 0x33, 0xCD, 0x7F, 0x35, 0x23,
    0xFC, 0x9F, 0x33, 0x22, 0xFF, 0x3F, 0x23, 0x22, 0x3F, 0x33, 0x22, 0x12, 0x33, 0x22, 0x12, 0x11,
    0x33, 0x22, 0x22, 0x11, 0x23, 0x22, 0x12, 0x11, 0x22, 0x22, 0x11, 0x11, 0x22, 0x12, 0x11, 0x11,
    0x22, 0x11, 0x11, 0x11, 0x12, 0x11, 0x11, 0x11, 0x11, 0x11, 0x11, 0x11, 0x11, 0x11, 0x21, 0x22,
    0x00, 0xF0, 0xCD, 0x7D, 0x00, 0x8F, 0xCC, 0xBD, 0x33, 0x33, 0x33, 0x33, 0x00, 0x23, 0x22, 0x22,
    0x00, 0x30, 0x23, 0x22, 0x00, 0x00, 0x3F, 0x23, 0x00, 0x00, 0xF0, 0xD4, 0x00, 0x00, 0x00, 0x8F,
    0x25, 0xB5, 0x30, 0x33, 0x79, 0x3B, 0x33, 0x22, 0x33, 0x33, 0x22, 0x22, 0x22, 0x22, 0x22, 0x12,
    0x22, 0x12, 0x11, 0x22, 0x22, 0x22, 0x22, 0x00, 0xDD, 0xCD, 0xCC, 0x0F, 0xDD, 0xDD, 0xDC, 0x0F,
    0x23, 0x22, 0x11, 0x11, 0x22, 0x11, 0x11, 0x21, 0x11, 0x11, 0x22, 0x22, 0x21, 0x22, 0x52, 0x92,
    0x22, 0xDF, 0x9D, 0xBB, 0xF0, 0xDD, 0xDD, 0xDD, 0xF0, 0xDD, 0xDD, 0xDD, 0xF0, 0x48, 0xDD, 0xDD,
    0x11, 0x22, 0x22, 0x00, 0x22, 0x02, 0x00, 0x00, 0x00, 0x00, 0x00, 0x00, 0x00, 0x00, 0x00, 0x00,
    0x0F, 0x00, 0x00, 0x00, 0xFD, 0xFF, 0xFF, 0x00, 0xDD, 0xCC, 0xCC, 0x0F, 0xCD, 0xCC, 0xCC, 0xFD,
    0x00, 0x00, 0x00, 0xF0, 0x00, 0x00, 0x00, 0x00, 0x00, 0x00, 0x00, 0x00, 0x00, 0x00, 0x00, 0x00,
    0x00, 0x00, 0x00, 0x00, 0x00, 0x00, 0x00, 0x00, 0x00, 0x00, 0x00, 0x00, 0x00, 0x00, 0x00, 0x00,
    0x84, 0xDD, 0xDD, 0x0F, 0x4F, 0x48, 0xF8, 0x00, 0xF0, 0xFF, 0x0F, 0x00, 0x00, 0x00, 0x00, 0x00,
    0x00, 0x00, 0x00, 0x00, 0x00, 0x00, 0x00, 0x00, 0x00, 0x00, 0x00, 0x00, 0x00, 0x00, 0x00, 0x00,
    0xF0, 0xDF, 0x48, 0xDD, 0x00, 0xF0, 0xFF, 0x8D, 0x00, 0x00, 0x00, 0xFF, 0x00, 0x00, 0x00, 0x00,
    0x00, 0x00, 0x00, 0x00, 0x00, 0x00, 0x00, 0x00, 0x00, 0x00, 0x00, 0x00, 0x00, 0x00, 0x00, 0x00,
    0xDD, 0xDD, 0x8D, 0xF4, 0x84, 0x84, 0xD4, 0xFD, 0xDD, 0xDD, 0xDD, 0xFD, 0xFF, 0xDD, 0xFD, 0x0F,
    0x00, 0xFF, 0x0F, 0x00, 0x00, 0x00, 0x00, 0x00, 0x00, 0x00, 0x00, 0x00, 0x00, 0x00, 0x00, 0x00,
    0x00, 0x00, 0x00, 0x00, 0x00, 0x00, 0x00, 0x00, 0x00, 0x00, 0x00, 0x00, 0x00, 0x00, 0x00, 0x00,
    0x00, 0x00, 0x00, 0x00, 0x00, 0x00, 0x00, 0x00, 0x00, 0x00, 0x00, 0x00, 0x00, 0x99, 0xF9, 0x0F,
    0x00, 0x00, 0x00, 0x00, 0x00, 0x00, 0x00, 0x00, 0x00, 0x00, 0x00, 0x00, 0x00, 0x00, 0x00, 0x00,
    0x00, 0x00, 0x00, 0x00, 0x00, 0x00, 0x00, 0xB0, 0x00, 0x00, 0x00, 0x6B, 0x00, 0x00, 0x00, 0xB0,
    0x99, 0x77, 0x85, 0xF8, 0x59, 0x53, 0x41, 0x88, 0x90, 0x77, 0x48, 0x48, 0x00, 0x90, 0x8F, 0x1F,
    0x00, 0x00, 0xFB, 0x44, 0x00, 0xB0, 0x47, 0x84, 0x00, 0x90, 0x95, 0xFF, 0x00, 0x90, 0x09, 0x00,
    0x0F, 0xFF, 0x00, 0x00, 0xF4, 0x18, 0x0F, 0xBB, 0xF1, 0x41, 0x7F, 0x53, 0x54, 0x41, 0x5F, 0x75,
    0xF8, 0x84, 0xBB, 0x99, 0xFF, 0xF8, 0x00, 0xF0, 0x00, 0x00, 0x00, 0x00, 0x00, 0x00, 0x00, 0x00,
    0x8B, 0x12, 0x11, 0x22, 0x32, 0x23, 0x22, 0x11, 0x23, 0x22, 0x32, 0x23, 0x23, 0x22, 0x22, 0x22,
    0x22, 0x22, 0x22, 0x22, 0x22, 0x22, 0x11, 0x22, 0x22, 0x22, 0x11, 0x11, 0x22, 0x12, 0x11, 0x11,
    0x33, 0x33, 0x00, 0x00, 0x11, 0x22, 0x33, 0x33, 0x22, 0x11, 0x11, 0x22, 0x32, 0x23, 0x22, 0x11,
    0x22, 0x22, 0x32, 0x33, 0x22, 0x22, 0x22, 0x13, 0x21, 0x22, 0x22, 0x13, 0x11, 0x21, 0x22, 0x23,
    0x22, 0x12, 0x11, 0x11, 0x22, 0x11, 0x11, 0x11, 0x22, 0x11, 0x11, 0x11, 0x12, 0x11, 0x11, 0x11,
    0x12, 0x11, 0x11, 0x11, 0x11, 0x11, 0x11, 0x11, 0x11, 0x11, 0x11, 0x11, 0x11, 0x11, 0x11, 0x11,
    0x11, 0x21, 0x22, 0x32, 0x11, 0x11, 0x22, 0x22, 0x11, 0x11, 0x22, 0x22, 0x11, 0x11, 0x22, 0x22,
    0x11, 0x11, 0x22, 0x22, 0x11, 0x11, 0x22, 0x22, 0x11, 0x21, 0x22, 0x22, 0x11, 0x21, 0x22, 0x22,
    0x11, 0x11, 0x11, 0x11, 0x11, 0x11, 0x11, 0x11, 0x11, 0x11, 0x11, 0x11, 0x11, 0x11, 0x11, 0x11,
    0x11, 0x11, 0x21, 0x22, 0x11, 0x21, 0x22, 0x00, 0x21, 0x22, 0x00, 0x00, 0x22, 0x00, 0x00, 0x00,
    0x11, 0x21, 0x22, 0x02, 0x11, 0x22, 0x22, 0x00, 0x21, 0x22, 0x00, 0x00, 0x22, 0x02, 0x00, 0x00,
    0x02, 0x00, 0x00, 0x00, 0x00, 0x00, 0x00, 0x00, 0x00, 0x00, 0x00, 0x00, 0x00, 0x00, 0x00, 0x00,
    0x00, 0x00, 0x00, 0x00, 0x00, 0x00, 0x00, 0x00, 0x33, 0x33, 0x00, 0x00, 0x11, 0x22, 0x33, 0x03,
    0x33, 0x11, 0x21, 0x32, 0x12, 0x32, 0x33, 0x32, 0x12, 0x21, 0x12, 0x03, 0x23, 0x32, 0x21, 0x03,
    0x32, 0x23, 0x32, 0x00, 0x22, 0x32, 0x03, 0x00, 0x22, 0x22, 0x02, 0x00, 0x22, 0x22, 0x00, 0x00,
    0x22, 0x02, 0x00, 0x00, 0x22, 0x00, 0x00, 0x00, 0x02, 0x00, 0x00, 0x00, 0x00, 0x00, 0x00, 0x00,
    0x00, 0x00, 0x00, 0x00, 0x00, 0x00, 0x00, 0x00, 0x00, 0x00, 0x00, 0x00, 0x09, 0x00, 0x00, 0x00,
    0x07, 0x00, 0x00, 0x00, 0x09, 0x00, 0x00, 0x00, 0xB9, 0x33, 0x00, 0x00, 0x8B, 0x28, 0x33, 0x33,
};
static const u16 sFrame59[] = {
    0x0007, 0x00D4, 0x81EC, 0x0000, 0x40F4, 0x81EC, 0x0010, 0x00DC, 0x41DC, 0x0018, 0x00DC, 0x400C,
    0x001C, 0x40EC, 0x000C, 0x0020, 0x80DC, 0x001C, 0x0022, 0x00D4, 0x000C, 0x0024, 0x0000,
};
static const void* const sFrames59[] = { sFrame59 };
static const u8 sTiles60[1344] __attribute__((aligned(4))) = {
    0x00, 0x00, 0x00, 0x30, 0x00, 0x00, 0x00, 0x23, 0x00, 0x00, 0x30, 0x12, 0x00, 0x00, 0x23, 0x21,
    0x00, 0x00, 0x23, 0x31, 0x00, 0x30, 0x12, 0x32, 0x00, 0x30, 0x12, 0x33, 0x00, 0x23, 0x21, 0x23,
    0x03, 0x00, 0x00, 0x00, 0x32, 0x23, 0x22, 0x22, 0x32, 0x32, 0x23, 0x22, 0x13, 0x12, 0x32, 0x22,
    0x12, 0x21, 0x33, 0x22, 0x22, 0x22, 0x22, 0x12, 0x12, 0x31, 0x23, 0x12, 0x33, 0x32, 0x22, 0x11,
    0x00, 0x00, 0x00, 0x00, 0x22, 0x00, 0x00, 0x00, 0x21, 0x22, 0x22, 0x22, 0x11, 0x11, 0x11, 0x11,
    0x11, 0x11, 0x11, 0x11, 0x11, 0x11, 0x11, 0x11, 0x11, 0x11, 0x11, 0x11, 0x11, 0x11, 0x11, 0x11,
    0x00, 0x00, 0x00, 0x00, 0x00, 0x00, 0x00, 0x00, 0x22, 0x22, 0x00, 0x00, 0x11, 0x21, 0x22, 0x02,
    0x11, 0x11, 0x11, 0x22, 0x11, 0x11, 0x11, 0x21, 0x11, 0x11, 0x11, 0x11, 0x11, 0x11, 0x11, 0x11,
    0x30, 0x12, 0x22, 0x22, 0x30, 0x12, 0x22, 0x22, 0x23, 0x21, 0x22, 0x22, 0x23, 0x21, 0x33, 0x33,
    0x88, 0xC4, 0xC0, 0x0C, 0xC8, 0xBB, 0x4F, 0x0C, 0x48, 0xF1, 0x8F, 0xC4, 0x84, 0x4F, 0x18, 0xC4,
    0x22, 0x22, 0x12, 0x11, 0x22, 0x22, 0x22, 0x22, 0x22, 0x22, 0x22, 0x22, 0x33, 0x33, 0x33, 0xB3,
    0x00, 0x00, 0x00, 0xB0, 0x00, 0x00, 0x00, 0xBB, 0x00, 0xBB, 0xBB, 0x66, 0x6B, 0x55, 0x56, 0xA6,
    0xB1, 0x11, 0x11, 0x11, 0x6B, 0x22, 0x22, 0x22, 0x5B, 0x2B, 0x22, 0x22, 0x56, 0x3B, 0x33, 0xBB,
    0x66, 0x0B, 0xBB, 0xB5, 0x6B, 0xA6, 0x56, 0xB6, 0x66, 0x65, 0xAA, 0x06, 0x66, 0x65, 0x65, 0xAA,
    0x11, 0x11, 0x11, 0x11, 0x22, 0x22, 0x11, 0x11, 0x22, 0x22, 0x22, 0x11, 0x22, 0x22, 0x22, 0x22,
    0x33, 0x33, 0x23, 0x22, 0x00, 0x30, 0x33, 0x23, 0x00, 0x00, 0x00, 0x33, 0x00, 0x00, 0x00, 0x00,
    0x4F, 0xF1, 0xFB, 0x0F, 0x18, 0xBB, 0xF8, 0xF0, 0x48, 0x59, 0x93, 0xDF, 0xFF, 0x7B, 0x55, 0xDF,
    0x79, 0x95, 0xF9, 0x8D, 0xB0, 0xBB, 0xF0, 0x8D, 0x00, 0x00, 0xF0, 0xFD, 0x00, 0x00, 0x00, 0xDF,
    0xB0, 0x5B, 0x65, 0x6A, 0x0F, 0x6B, 0x56, 0x6A, 0xFD, 0xB0, 0x6B, 0xA6, 0x88, 0xBF, 0xA5, 0xA6,
    0x44, 0xD8, 0xAB, 0x6A, 0x88, 0xBD, 0xAA, 0xAA, 0xDD, 0xFD, 0x6B, 0xAA, 0xDD, 0x7F, 0xBB, 0x66,
    0x65, 0x56, 0x55, 0x5A, 0x65, 0x66, 0x65, 0xB6, 0x65, 0x55, 0x66, 0xB6, 0x56, 0x66, 0x65, 0x66,
    0x6A, 0x55, 0xA5, 0x56, 0xA6, 0x6A, 0x5A, 0x56, 0xAA, 0x66, 0x6A, 0x55, 0xAB, 0xAA, 0xA5, 0x56,
    0x0B, 0x00, 0x00, 0x00, 0xB6, 0x00, 0x00, 0x00, 0x00, 0x00, 0x00, 0x00, 0x0B, 0x00, 0x00, 0x00,
    0x0B, 0x00, 0x00, 0x00, 0x0B, 0x00, 0x00, 0x00, 0xB6, 0x00, 0x00, 0x00, 0xB5, 0x00, 0x00, 0x00,
    0x00, 0x00, 0x00, 0xDF, 0x00, 0x00, 0xF0, 0xDF, 0x00, 0x00, 0x8F, 0xFF, 0x00, 0x00, 0x8F, 0xFD,
    0x00, 0xF0, 0xD8, 0xDD, 0x00, 0xF0, 0xD8, 0xDD, 0x00, 0xF0, 0x8D, 0xDD, 0x00, 0x00, 0xDF, 0xD4,
    0xDD, 0xFF, 0x75, 0xBB, 0xDD, 0xFD, 0xDF, 0xDD, 0xDD, 0xDD, 0xDD, 0x88, 0xDD, 0xDD, 0x8F, 0x44,
    0xFF, 0xFF, 0x8D, 0xFF, 0xDD, 0xFD, 0xFD, 0x9F, 0xDD, 0xFD, 0xFD, 0x7F, 0xDD, 0xDD, 0xFF, 0xBD,
    0xB6, 0xB6, 0xB6, 0xBB, 0x0B, 0xB6, 0x0B, 0x00, 0xF8, 0x0F, 0x00, 0x00, 0x84, 0x0F, 0x00, 0x00,
    0xDD, 0x0F, 0x00, 0x00, 0xB7, 0x0F, 0x00, 0x00, 0x93, 0x0B, 0x00, 0x00, 0x35, 0xF7, 0x0F, 0x00,
    0x65, 0x00, 0x00, 0x00, 0xBB, 0x00, 0x00, 0x00, 0x00, 0x00, 0x00, 0x00, 0x00, 0x00, 0x00, 0x00,
    0x00, 0x00, 0x00, 0x00, 0x00, 0x00, 0x00, 0x00, 0x00, 0x00, 0x00, 0x00, 0x00, 0x00, 0x00, 0x00,
    0x00, 0x00, 0xDF, 0x44, 0x00, 0x00, 0xF0, 0xFF, 0x00, 0x00, 0xDF, 0xCF, 0x00, 0x00, 0xDF, 0xFD,
    0x00, 0x00, 0xDF, 0xCC, 0x00, 0xF0, 0x27, 0xC5, 0x00, 0xF0, 0xCD, 0x7C, 0x00, 0xF0, 0xDD, 0xCC,
    0xDD, 0xDD, 0xFF, 0xBD, 0x44, 0x44, 0x11, 0x11, 0xFC, 0xFF, 0xDF, 0xDF, 0xDF, 0xCC, 0xFD, 0xDD,
    0xFC, 0xCD, 0xDD, 0xCD, 0xCC, 0xF7, 0x7F, 0x25, 0x25, 0xDC, 0xDF, 0xCD, 0xCC, 0x8C, 0xFF, 0xDF,
    0x35, 0xF7, 0xFF, 0x00, 0x9B, 0x14, 0x41, 0x0F, 0x4F, 0xF8, 0x5F, 0x0F, 0x8F, 0x8B, 0x14, 0xF8,
    0xFC, 0x48, 0x8F, 0xF4, 0x57, 0xFF, 0x41, 0x88, 0x8C, 0xF8, 0x18, 0x41, 0xC4, 0x9F, 0x87, 0x14,
    0x00, 0x00, 0x00, 0x00, 0x00, 0x00, 0x00, 0x00, 0x00, 0x00, 0x00, 0x00, 0x00, 0x00, 0x00, 0x00,
    0x0F, 0x00, 0x00, 0xF0, 0x0F, 0x00, 0x00, 0xF0, 0x9F, 0x90, 0x0B, 0xF0, 0x5F, 0x7B, 0xB5, 0xDF,
    0x00, 0xF0, 0xDD, 0x44, 0x00, 0xF0, 0x44, 0xCC, 0x00, 0x00, 0xCF, 0xFF, 0x00, 0xF0, 0xFD, 0xFF,
    0x00, 0xF0, 0xFF, 0xFF, 0x00, 0x00, 0x00, 0x00, 0x00, 0x00, 0x00, 0x00, 0x00, 0x00, 0x00, 0x00,
    0x88, 0xC8, 0xFC, 0xF0, 0xFC, 0xFF, 0xFD, 0x00, 0x7F, 0xF9, 0xFF, 0x00, 0x37, 0xF7, 0x0F, 0x00,
    0x59, 0xF5, 0x00, 0x00, 0x5B, 0x93, 0x00, 0x00, 0x90, 0x73, 0x00, 0x00, 0xB0, 0x97, 0x09, 0x00,
    0xDF, 0x7F, 0x59, 0x57, 0xF0, 0xFF, 0x75, 0x3B, 0x00, 0x00, 0xB9, 0x79, 0x00, 0x00, 0x00, 0x90,
    0x00, 0x00, 0x00, 0x00, 0x00, 0x00, 0x00, 0x00, 0x00, 0x00, 0x00, 0x00, 0x00, 0x00, 0x00, 0x00,
    0x79, 0x29, 0x92, 0xDD, 0xB9, 0x25, 0xB5, 0xDD, 0xB9, 0x79, 0xDD, 0xDC, 0x00, 0xBB, 0xCD, 0xDD,
    0x00, 0x00, 0xDF, 0x4D, 0x00, 0x00, 0xF0, 0xD8, 0x00, 0x00, 0x00, 0xFF, 0x00, 0x00, 0x00, 0x00,
    0x11, 0x11, 0x21, 0x22, 0x11, 0x11, 0x11, 0x21, 0x11, 0x11, 0x11, 0x11, 0x11, 0x11, 0x11, 0x11,
    0x22, 0x12, 0x11, 0x11, 0x22, 0x22, 0x12, 0x11, 0x33, 0x22, 0x22, 0x12, 0x30, 0x33, 0x22, 0x22,
    0x00, 0x00, 0x00, 0x00, 0x22, 0x00, 0x00, 0x00, 0x21, 0x22, 0x00, 0x00, 0x11, 0x21, 0x02, 0x00,
    0x11, 0x11, 0x22, 0x00, 0x11, 0x11, 0x21, 0x02, 0x11, 0x11, 0x11, 0x22, 0x12, 0x11, 0x11, 0x21,
    0x00, 0x30, 0x33, 0x23, 0x00, 0x00, 0x00, 0x33, 0x00, 0x00, 0x00, 0x00, 0x00, 0x00, 0x00, 0x00,
    0x00, 0x00, 0x00, 0x00, 0x00, 0x00, 0x00, 0x00, 0x00, 0x00, 0x00, 0x00, 0x00, 0x00, 0x00, 0x00,
    0x22, 0x12, 0x11, 0x11, 0x23, 0x22, 0x12, 0x11, 0x33, 0x23, 0x22, 0x11, 0x00, 0x33, 0x23, 0x12,
    0x00, 0x30, 0x33, 0x22, 0x00, 0x00, 0x30, 0x23, 0x00, 0x00, 0x00, 0x30, 0x00, 0x00, 0x00, 0x00,
    0x00, 0x00, 0x00, 0x00, 0x00, 0x00, 0x00, 0x00, 0x00, 0x00, 0x00, 0x00, 0x00, 0x00, 0x00, 0x00,
    0x00, 0x00, 0x00, 0x00, 0x00, 0x00, 0x00, 0x00, 0x00, 0x00, 0x00, 0xF0, 0x00, 0x00, 0x00, 0xF0,
    0x90, 0x25, 0x97, 0x00, 0x59, 0x22, 0x95, 0x00, 0x79, 0x52, 0xB7, 0x00, 0x90, 0xDD, 0xFD, 0x00,
    0xF0, 0xCD, 0xDC, 0x0F, 0xDF, 0xDD, 0xDC, 0xFD, 0xFD, 0x4D, 0x48, 0xDF, 0xFD, 0xD8, 0xDD, 0x8F,
    0x00, 0x00, 0x00, 0xF0, 0x00, 0x00, 0x00, 0xF0, 0x00, 0x00, 0x00, 0x00, 0x00, 0x00, 0x00, 0x00,
    0x00, 0x00, 0x00, 0x00, 0x00, 0x00, 0x00, 0x00, 0x00, 0x00, 0x00, 0x00, 0x00, 0x00, 0x00, 0x00,
    0x48, 0xFD, 0xFF, 0xDD, 0xDD, 0xDD, 0xFD, 0xFF, 0xFF, 0xFF, 0x0F, 0x00, 0x00, 0x00, 0x00, 0x00,
    0x00, 0x00, 0x00, 0x00, 0x00, 0x00, 0x00, 0x00, 0x00, 0x00, 0x00, 0x00, 0x00, 0x00, 0x00, 0x00,
    0x00, 0x00, 0x00, 0x00, 0x00, 0x00, 0x00, 0x00, 0x00, 0x00, 0x00, 0x00, 0x00, 0x00, 0x00, 0x00,
    0x00, 0x00, 0x99, 0xC7, 0x00, 0x90, 0x22, 0xCC, 0x00, 0x29, 0xC7, 0x84, 0xB0, 0x52, 0x5B, 0x1F,
    0x2B, 0x72, 0x98, 0x8F, 0x7B, 0x55, 0xBB, 0xFB, 0xB0, 0xB9, 0x7C, 0xF9, 0x00, 0xB0, 0xC4, 0x7B,
    0x00, 0x00, 0xBB, 0x99, 0x00, 0x00, 0x00, 0x00, 0x00, 0x00, 0x00, 0x00, 0x00, 0x00, 0x00, 0x00,
    0x00, 0x00, 0x00, 0x00, 0x00, 0x00, 0x00, 0x00, 0x00, 0x00, 0x00, 0x00, 0x00, 0x00, 0x00, 0x00,
    0x00, 0x00, 0x00, 0x00, 0x00, 0x00, 0x00, 0x00, 0x00, 0x00, 0x00, 0x00, 0x02, 0x00, 0x00, 0x00,
    0x02, 0x00, 0x00, 0x00, 0x22, 0x00, 0x00, 0x00, 0x21, 0x02, 0x00, 0x00, 0x11, 0x02, 0x00, 0x00,
    0x11, 0x21, 0x00, 0x00, 0x12, 0x21, 0x00, 0x00, 0x22, 0x22, 0x03, 0x00, 0x33, 0x22, 0x03, 0x00,
    0x00, 0x00, 0x00, 0x00, 0x00, 0x00, 0x00, 0x00, 0xF0, 0xFF, 0x0F, 0x00, 0xCF, 0xCC, 0xFD, 0x00,
    0xCC, 0xCC, 0x8C, 0x0F, 0xCC, 0xCC, 0x4D, 0x0F, 0xDD, 0xDD, 0x8D, 0x0F, 0xDD, 0xDD, 0xD4, 0x0F,
    0xDD, 0x8D, 0xFD, 0x00, 0xDD, 0xF4, 0x0F, 0x00, 0x8D, 0xFF, 0x00, 0x00, 0x4D, 0x0F, 0x00, 0x00,
    0xF8, 0x00, 0x00, 0x00, 0x0F, 0x00, 0x00, 0x00, 0x00, 0x00, 0x00, 0x00, 0x00, 0x00, 0x00, 0x00,
    0x00, 0x00, 0x00, 0x00, 0x00, 0x00, 0x00, 0x00, 0x00, 0x00, 0x00, 0x00, 0x00, 0x00, 0x00, 0x00,
    0x00, 0x00, 0x00, 0x00, 0x00, 0x00, 0x00, 0x00, 0x0F, 0x00, 0x00, 0x00, 0x0F, 0x00, 0x00, 0x00,
    0x0F, 0x00, 0x00, 0x00, 0x00, 0x00, 0x00, 0x00, 0x00, 0x00, 0x00, 0x00, 0x00, 0x00, 0x00, 0x00,
    0x00, 0x00, 0x00, 0x00, 0x00, 0x00, 0x00, 0x00, 0x00, 0x00, 0x00, 0x00, 0x00, 0x00, 0x00, 0x00,
    0x00, 0x00, 0x00, 0x00, 0x00, 0x00, 0x00, 0x00, 0x00, 0x00, 0x00, 0x00, 0x00, 0x00, 0x00, 0x00,
    0x00, 0x00, 0x00, 0x00, 0x22, 0x02, 0x00, 0x00, 0x11, 0x22, 0x02, 0x00, 0x11, 0x11, 0x22, 0x00,
    0x30, 0x23, 0x03, 0x00, 0x00, 0x33, 0x03, 0x00, 0x00, 0x00, 0x03, 0x00, 0x00, 0x00, 0x00, 0x00,
    0x00, 0x00, 0x00, 0x00, 0x00, 0x00, 0x00, 0x00, 0x00, 0x00, 0x00, 0x00, 0x00, 0x00, 0x00, 0x00,
};
static const u16 sFrame60[] = {
    0x000A, 0x00C5, 0x81F5, 0x0000, 0x40E5, 0x81F5, 0x0010, 0x00CD, 0x4015, 0x0018, 0x00F5, 0x41F5,
    0x001C, 0x80CD, 0x01ED, 0x0020, 0x80CD, 0x0025, 0x0022, 0x80E5, 0x0015, 0x0024, 0x80F5, 0x0005,
    0x0026, 0x00C5, 0x0015, 0x0028, 0x00DD, 0x0025, 0x0029, 0x0000,
};
static const void* const sFrames60[] = { sFrame60 };
static const u8 sTiles61[1152] __attribute__((aligned(4))) = {
    0x00, 0x00, 0x00, 0x00, 0x00, 0x00, 0x00, 0x00, 0x00, 0x00, 0x00, 0x00, 0x00, 0x00, 0x00, 0x00,
    0x00, 0x00, 0x00, 0x00, 0x00, 0x00, 0x00, 0x00, 0x00, 0x00, 0x00, 0x22, 0x00, 0x00, 0x22, 0x22,
    0x00, 0x00, 0x00, 0x00, 0x00, 0x00, 0x00, 0x00, 0x00, 0x00, 0x00, 0x22, 0x00, 0x00, 0x22, 0x12,
    0x00, 0x22, 0x11, 0x11, 0x22, 0x11, 0x11, 0x11, 0x22, 0x11, 0x11, 0x11, 0x11, 0x11, 0x11, 0x11,
    0x00, 0x00, 0x20, 0x22, 0x20, 0x22, 0x22, 0x22, 0x22, 0x11, 0x11, 0x21, 0x11, 0x11, 0x11, 0x22,
    0x11, 0x11, 0x11, 0x22, 0x11, 0x11, 0x21, 0x32, 0x11, 0x11, 0x22, 0x33, 0x11, 0x21, 0x22, 0x03,
    0x32, 0x33, 0x33, 0x33, 0x22, 0x22, 0x32, 0x33, 0x22, 0x33, 0x33, 0x00, 0x32, 0x03, 0x00, 0x00,
    0x33, 0x00, 0x00, 0x00, 0x03, 0x00, 0x00, 0x00, 0x00, 0x00, 0x00, 0x00, 0x00, 0x00, 0x00, 0x00,
    0x00, 0x20, 0x22, 0x12, 0x00, 0x22, 0x22, 0x12, 0x20, 0x22, 0x22, 0x12, 0x20, 0x22, 0x22, 0x22,
    0x30, 0x22, 0x22, 0x22, 0x13, 0x21, 0x22, 0x22, 0x23, 0x12, 0x11, 0x11, 0x30, 0x33, 0x23, 0x22,
    0x11, 0x11, 0x11, 0x11, 0x11, 0x11, 0x11, 0x11, 0x11, 0x11, 0x11, 0x11, 0x12, 0x11, 0x11, 0x11,
    0x22, 0x12, 0x11, 0x11, 0x22, 0x22, 0x22, 0x11, 0x22, 0x22, 0x22, 0x22, 0x11, 0x11, 0x21, 0x22,
    0x11, 0x21, 0x32, 0x03, 0x11, 0x21, 0x32, 0x00, 0x11, 0x21, 0x32, 0x00, 0x11, 0x21, 0x32, 0x00,
    0x11, 0x21, 0x32, 0x00, 0x11, 0x21, 0x32, 0x00, 0x22, 0x22, 0x32, 0x00, 0x22, 0x02, 0x02, 0x03,
    0x00, 0x00, 0x00, 0x00, 0x00, 0x00, 0x00, 0x00, 0x00, 0x00, 0x00, 0x00, 0x00, 0x00, 0x00, 0x00,
    0x00, 0x00, 0xFF, 0x00, 0x00, 0x00, 0x4F, 0x8F, 0x00, 0xF0, 0x84, 0xFF, 0x00, 0xB0, 0xCB, 0xF8,
    0x00, 0x00, 0x00, 0xAB, 0x00, 0x00, 0xB0, 0xAB, 0x00, 0x00, 0x00, 0xB0, 0x00, 0x00, 0x00, 0x60,
    0x00, 0x00, 0x00, 0x6B, 0x04, 0x00, 0x00, 0x6B, 0xCF, 0x00, 0xFF, 0xDF, 0x84, 0xFF, 0x48, 0x81,
    0xA6, 0x65, 0xA6, 0x56, 0x6A, 0x55, 0x56, 0x66, 0x56, 0x66, 0x65, 0x65, 0x65, 0x55, 0x55, 0xA6,
    0x55, 0xA6, 0xAA, 0xAA, 0xBB, 0x5B, 0xA6, 0x6A, 0x59, 0xB7, 0x6A, 0xA6, 0xDD, 0xB7, 0x66, 0xAB,
    0x65, 0x65, 0xB5, 0x00, 0x55, 0xA5, 0x56, 0x0B, 0x6A, 0x65, 0xBB, 0x0B, 0xA6, 0x6A, 0x0B, 0x00,
    0x6A, 0xBA, 0x0B, 0x00, 0xAA, 0xB6, 0x00, 0x00, 0x6A, 0x0B, 0x00, 0xF0, 0xB6, 0x00, 0xFF, 0xDD,
    0x00, 0x00, 0x00, 0x00, 0x00, 0x00, 0x00, 0x00, 0x00, 0x00, 0x00, 0xFF, 0x00, 0x00, 0xF0, 0x18,
    0x00, 0x00, 0xFF, 0x85, 0x00, 0xF0, 0x14, 0xC1, 0xFF, 0x80, 0xBC, 0x4C, 0xFD, 0x7B, 0x53, 0x89,
    0x14, 0x9F, 0xD4, 0x4D, 0x18, 0x3F, 0x78, 0xDB, 0x9C, 0x79, 0x85, 0x97, 0xBB, 0x95, 0x8B, 0xB9,
    0x22, 0xB9, 0x48, 0xFB, 0x57, 0xB7, 0xBB, 0x1F, 0xBB, 0x0B, 0x00, 0xF0, 0x00, 0x00, 0x00, 0x1F,
    0xDD, 0x9B, 0xBB, 0xB7, 0xDD, 0xFD, 0x7D, 0x95, 0xDD, 0xDD, 0xFF, 0xFD, 0xDD, 0xDF, 0xFD, 0xFF,
    0xDD, 0xDF, 0xDD, 0xDD, 0xDF, 0xFD, 0xDF, 0xDD, 0xDF, 0xDF, 0xFD, 0xFF, 0xFD, 0xDD, 0xDD, 0xDD,
    0x1B, 0xFF, 0x44, 0xD8, 0xFD, 0x48, 0x84, 0xDD, 0xDF, 0x8D, 0xD8, 0xDD, 0xDD, 0xFD, 0xDD, 0xDD,
    0xDD, 0xDF, 0xFD, 0xFF, 0xFD, 0xFD, 0x0F, 0x00, 0xDF, 0xDF, 0x00, 0x00, 0xFD, 0x1D, 0x0F, 0x00,
    0xFD, 0x35, 0x73, 0xFB, 0xFD, 0x57, 0xB7, 0x00, 0xFD, 0x99, 0x00, 0x00, 0xFD, 0x00, 0x00, 0x00,
    0xFD, 0x00, 0x00, 0x00, 0xFF, 0x00, 0x00, 0x00, 0x00, 0x00, 0x00, 0x00, 0x00, 0x00, 0x00, 0x00,
    0xFD, 0xDD, 0xDD, 0xDD, 0xDD, 0xDD, 0xDD, 0xDD, 0xD1, 0xDD, 0xDD, 0xDD, 0x4F, 0xDD, 0xDD, 0xDD,
    0xFF, 0xD4, 0xDD, 0xDD, 0xDF, 0x8F, 0x88, 0x88, 0x9D, 0xFD, 0xFF, 0xFD, 0x77, 0xD9, 0xCC, 0xCC,
    0xFF, 0x1D, 0x0F, 0x00, 0xDD, 0x1D, 0x0F, 0x00, 0xDD, 0xF1, 0x00, 0x00, 0x4D, 0xDF, 0x0F, 0x00,
    0xF8, 0xCD, 0x0F, 0x00, 0xFC, 0xCC, 0x0F, 0x00, 0xDF, 0xDC, 0x0F, 0x00, 0xFC, 0xFD, 0xFD, 0x00,
    0xF7, 0x77, 0xCC, 0xCC, 0x79, 0xC9, 0x75, 0x72, 0x7F, 0xCD, 0xCC, 0xCC, 0xDF, 0xDD, 0xCC, 0x4C,
    0xF0, 0x44, 0x44, 0xD4, 0xF0, 0xFF, 0xDD, 0xCC, 0x00, 0xDF, 0xCC, 0x9F, 0x00, 0xF0, 0xFF, 0x79,
    0x25, 0xDF, 0x8C, 0x0F, 0xCC, 0xDF, 0x48, 0x0F, 0x8C, 0xF8, 0xF4, 0x00, 0xC8, 0xFF, 0x0F, 0x00,
    0xFC, 0x0F, 0x00, 0x00, 0x0F, 0x00, 0x00, 0x00, 0x95, 0x00, 0x00, 0x00, 0x53, 0x09, 0x00, 0x00,
    0x00, 0x00, 0x00, 0x90, 0x00, 0x00, 0x00, 0x00, 0x00, 0x00, 0x00, 0x00, 0x00, 0x00, 0x00, 0x00,
    0x00, 0x00, 0x00, 0x00, 0x00, 0x00, 0x00, 0x00, 0x00, 0x00, 0x00, 0xF0, 0x00, 0x00, 0x00, 0xCF,
    0x35, 0xB9, 0x0B, 0x00, 0x59, 0x2B, 0xB5, 0x00, 0x9B, 0x27, 0xB2, 0x00, 0x5B, 0x55, 0xD7, 0x0F,
    0x90, 0x97, 0xDD, 0xFD, 0xF0, 0xDB, 0xDD, 0x4D, 0xDF, 0xDD, 0xDD, 0x8D, 0xDC, 0xDD, 0xDD, 0x48,
    0x00, 0x00, 0xF0, 0xCC, 0x00, 0x00, 0xCF, 0xCC, 0x00, 0x00, 0xCF, 0xDC, 0x00, 0x00, 0xDF, 0xDD,
    0x00, 0x00, 0xF0, 0x84, 0x00, 0x00, 0x00, 0xFF, 0x00, 0x00, 0x00, 0x00, 0x00, 0x00, 0x00, 0x00,
    0xDC, 0xDD, 0x84, 0xF4, 0xDC, 0x4D, 0xF8, 0x0F, 0xDD, 0xF8, 0x0F, 0x00, 0x48, 0x0F, 0x00, 0x00,
    0xF4, 0x00, 0x00, 0x00, 0x0F, 0x00, 0x00, 0x00, 0x00, 0x00, 0x00, 0x00, 0x00, 0x00, 0x00, 0x00,
    0x00, 0x00, 0x30, 0x33, 0x00, 0x00, 0x00, 0x00, 0x00, 0x00, 0x00, 0x00, 0x00, 0x00, 0x00, 0x00,
    0x00, 0x00, 0x00, 0x00, 0x00, 0x00, 0x00, 0x00, 0x00, 0x00, 0x00, 0x00, 0x00, 0x00, 0x00, 0x00,
    0x33, 0x22, 0x12, 0x11, 0x00, 0x33, 0x33, 0x23, 0x00, 0x00, 0x00, 0x30, 0x00, 0x00, 0x00, 0x00,
    0x00, 0x00, 0x00, 0x00, 0x00, 0x00, 0x00, 0x00, 0x00, 0x00, 0x00, 0x00, 0x00, 0x00, 0x00, 0x00,
    0x11, 0x22, 0x22, 0xC3, 0x22, 0x11, 0x21, 0xC8, 0x33, 0x33, 0x82, 0x98, 0x00, 0x00, 0x33, 0xB3,
    0x00, 0x00, 0x00, 0x00, 0x00, 0x00, 0x00, 0x00, 0x00, 0x00, 0x00, 0x00, 0x00, 0x00, 0x00, 0x00,
    0xBB, 0xFC, 0x48, 0x51, 0x52, 0x48, 0x88, 0x14, 0x95, 0x99, 0x49, 0x8F, 0x5B, 0x22, 0x72, 0x99,
    0xBB, 0x99, 0x57, 0x22, 0x00, 0x00, 0xBB, 0x99, 0x00, 0x00, 0x00, 0x00, 0x00, 0x00, 0x00, 0x00,
    0x03, 0x00, 0x00, 0x00, 0x00, 0x00, 0x00, 0xBB, 0x00, 0x00, 0x00, 0x6B, 0x00, 0x00, 0x00, 0xB0,
    0x00, 0x00, 0x00, 0xB0, 0x00, 0x00, 0x00, 0x6B, 0x00, 0x00, 0x6B, 0x55, 0x00, 0x00, 0xB0, 0x6B,
    0x00, 0x00, 0x00, 0x00, 0x00, 0xB0, 0x00, 0x00, 0x0B, 0xB0, 0x06, 0x00, 0x65, 0x6A, 0xB6, 0xBB,
    0x56, 0xA5, 0x6A, 0x56, 0x5A, 0xA6, 0x56, 0x65, 0xA6, 0x6A, 0x66, 0x56, 0xAA, 0x56, 0x66, 0x66,
    0x00, 0x00, 0x00, 0x00, 0xFF, 0xFF, 0x00, 0x00, 0xF8, 0x41, 0x0F, 0x00, 0x41, 0xC8, 0x95, 0x00,
    0x84, 0x9C, 0x97, 0x00, 0xCC, 0x7B, 0x95, 0x00, 0x7C, 0xB8, 0x97, 0x00, 0x5B, 0x09, 0x09, 0x00,
    0x90, 0x09, 0x00, 0x00, 0x00, 0x00, 0x00, 0x00, 0x00, 0x00, 0x00, 0x00, 0x00, 0x00, 0x00, 0x00,
    0x00, 0x00, 0x00, 0x00, 0x00, 0x00, 0x00, 0x00, 0x00, 0x00, 0x00, 0x00, 0x00, 0x00, 0x00, 0x00,
    0x00, 0x00, 0x00, 0x1F, 0x00, 0x00, 0x00, 0x1F, 0x00, 0x00, 0x00, 0xF0, 0x00, 0x00, 0x00, 0x00,
    0x00, 0x00, 0x00, 0x00, 0x00, 0x00, 0x00, 0x00, 0x00, 0x00, 0x00, 0xF0, 0x00, 0x00, 0x00, 0xF0,
    0x00, 0x00, 0x00, 0xF0, 0x00, 0x00, 0x00, 0xF0, 0x00, 0x00, 0x00, 0x00, 0x00, 0x00, 0x00, 0x00,
    0x00, 0x00, 0x00, 0x00, 0x00, 0x00, 0x00, 0x00, 0x00, 0x00, 0x00, 0x00, 0x00, 0x00, 0x00, 0x00,
    0x00, 0x00, 0x00, 0x00, 0x00, 0x00, 0x00, 0x00, 0x00, 0x00, 0x00, 0x00, 0x00, 0x00, 0x00, 0x00,
    0xB6, 0x00, 0x00, 0x00, 0x65, 0x0B, 0x00, 0x00, 0x65, 0xBB, 0x00, 0x00, 0x66, 0xB6, 0x0B, 0x00,
    0x00, 0x00, 0x00, 0x00, 0x00, 0x00, 0x00, 0x00, 0x00, 0x00, 0x00, 0x00, 0x00, 0x00, 0x00, 0x00,
    0x00, 0x00, 0x00, 0x00, 0x0F, 0x00, 0x00, 0x00, 0x0F, 0x00, 0x00, 0x00, 0x0F, 0x00, 0x00, 0x00,
};
static const u16 sFrame61[] = {
    0x0009, 0x40CC, 0x81D0, 0x0000, 0x40D4, 0x81F0, 0x0008, 0x80E4, 0x81F8, 0x0010, 0x40DC, 0x41D0,
    0x0018, 0x40CC, 0x01F0, 0x001C, 0x80D4, 0x0010, 0x001E, 0x80E4, 0x01F0, 0x0020, 0x00CC, 0x0000,
    0x0022, 0x00F4, 0x0008, 0x0023, 0x0000,
};
static const void* const sFrames61[] = { sFrame61 };
static const u8 sTiles62[768] __attribute__((aligned(4))) = {
    0x00, 0x00, 0x00, 0x00, 0x00, 0x00, 0x00, 0x00, 0x00, 0x00, 0x00, 0x00, 0x00, 0x00, 0x00, 0x00,
    0x00, 0x00, 0x00, 0x00, 0x00, 0x00, 0x00, 0x00, 0x00, 0x00, 0x00, 0x00, 0x00, 0x00, 0x00, 0x90,
    0x00, 0x00, 0x00, 0xB0, 0x00, 0x00, 0x00, 0xDF, 0x00, 0x00, 0xF0, 0x4F, 0x00, 0x00, 0xFF, 0xFF,
    0x00, 0xF0, 0x8F, 0x75, 0x00, 0x8F, 0x11, 0xF4, 0x00, 0xFF, 0xF5, 0x48, 0xF9, 0x18, 0x84, 0xFF,
    0xB6, 0xB5, 0xAA, 0xB6, 0x6B, 0xBB, 0xB5, 0xBD, 0xD8, 0xFF, 0xB7, 0xDF, 0xF1, 0xDD, 0xFF, 0xDD,
    0x1F, 0xDF, 0xDD, 0xDD, 0x1F, 0xF4, 0xDD, 0xDD, 0x8F, 0xD4, 0xFF, 0xFF, 0xDF, 0xF8, 0xDD, 0xDF,
    0x44, 0xD8, 0xFD, 0x00, 0x88, 0xDD, 0xFD, 0x00, 0xFD, 0xFD, 0x0F, 0x00, 0xFF, 0x0F, 0x00, 0x00,
    0xDD, 0x0F, 0x00, 0x00, 0xFD, 0x00, 0x00, 0x00, 0x0F, 0x00, 0x00, 0x00, 0xF8, 0x00, 0x00, 0x00,
    0x00, 0x00, 0x90, 0x59, 0x00, 0x00, 0x59, 0x79, 0x80, 0x88, 0x38, 0x28, 0x28, 0x11, 0x11, 0xC8,
    0x11, 0x82, 0x38, 0xBC, 0x33, 0x33, 0x03, 0x00, 0x00, 0x00, 0x00, 0xF0, 0x00, 0x00, 0x00, 0xDF,
    0xF7, 0x84, 0x4F, 0xF8, 0xB9, 0xFF, 0x48, 0x41, 0x75, 0xBB, 0x35, 0x59, 0x9B, 0xB9, 0x79, 0xBB,
    0x79, 0x25, 0x22, 0x52, 0xBB, 0x97, 0x99, 0x99, 0xFF, 0xFF, 0xFF, 0xDF, 0xCC, 0xFC, 0xFD, 0xDD,
    0xFF, 0x4F, 0xFD, 0xDF, 0xF8, 0x88, 0xFD, 0xDD, 0x7B, 0xD9, 0xDD, 0xDD, 0x22, 0xF5, 0xDD, 0xDD,
    0x97, 0xF9, 0xD1, 0x4D, 0xFF, 0x1F, 0x11, 0xF4, 0x9D, 0xF7, 0xFF, 0x0F, 0x77, 0x97, 0xFD, 0x00,
    0xF8, 0x00, 0x00, 0x00, 0x8D, 0x0F, 0x00, 0x00, 0x8D, 0x0F, 0x00, 0x00, 0xF4, 0x00, 0x00, 0x00,
    0x0F, 0x00, 0x00, 0x00, 0x00, 0x00, 0x00, 0x00, 0x00, 0x00, 0x00, 0x00, 0x00, 0x00, 0x00, 0x00,
    0x00, 0x00, 0x00, 0x00, 0x00, 0x00, 0x00, 0x00, 0x00, 0xB0, 0x0B, 0x00, 0x00, 0xB0, 0xB5, 0x0B,
    0x00, 0xB0, 0x56, 0xB5, 0x00, 0x00, 0x5B, 0x56, 0x00, 0x00, 0x6B, 0x65, 0x00, 0x00, 0xB0, 0x56,
    0x00, 0x00, 0x00, 0x00, 0x00, 0x00, 0x00, 0x90, 0xB0, 0x00, 0x00, 0x00, 0x6B, 0x0B, 0x00, 0x00,
    0x5B, 0xB6, 0xBB, 0x79, 0xA6, 0x66, 0x56, 0xBB, 0x6A, 0x56, 0x65, 0x65, 0x66, 0x66, 0x55, 0x65,
    0x00, 0x00, 0x6B, 0xAA, 0x00, 0xB0, 0x65, 0xA6, 0x00, 0xBB, 0xAB, 0x6A, 0x00, 0x00, 0xB0, 0xA6,
    0x00, 0x00, 0x6B, 0xAA, 0x00, 0x00, 0xBB, 0x79, 0x00, 0x00, 0x0B, 0x59, 0x00, 0x00, 0x00, 0xB9,
    0x66, 0x66, 0x66, 0x66, 0x65, 0x65, 0x66, 0x65, 0x55, 0x55, 0x56, 0x56, 0x56, 0x65, 0x56, 0x66,
    0x56, 0x56, 0x65, 0xAA, 0x5B, 0x65, 0xA6, 0xAA, 0x5B, 0xA6, 0x6A, 0xAA, 0xB6, 0x6A, 0x6A, 0x6A,
    0x00, 0x7B, 0x35, 0xB9, 0x00, 0xB0, 0x59, 0x2B, 0x00, 0x00, 0x9B, 0x27, 0x00, 0x00, 0x7B, 0x22,
    0x00, 0x00, 0x90, 0x75, 0x00, 0x00, 0x00, 0xDB, 0xF0, 0xFF, 0xFF, 0xDD, 0xDF, 0xCC, 0xDC, 0xDD,
    0x09, 0x00, 0x00, 0x00, 0x95, 0x00, 0x00, 0x00, 0xB2, 0x09, 0x00, 0x00, 0xB7, 0xFD, 0x00, 0x00,
    0xDB, 0xCC, 0x0F, 0x00, 0xDD, 0xDC, 0xF8, 0x00, 0xDD, 0x8D, 0xF4, 0x00, 0xDD, 0x48, 0x0F, 0x00,
    0xCF, 0xCC, 0xDC, 0xDD, 0xCD, 0xCC, 0xDD, 0xDD, 0xCD, 0xDC, 0xDD, 0x8D, 0xD8, 0xDD, 0x84, 0xF4,
    0x4F, 0x48, 0xF8, 0x0F, 0xF0, 0xFF, 0x0F, 0x00, 0x00, 0x00, 0x00, 0x00, 0x00, 0x00, 0x00, 0x00,
    0x8D, 0xF4, 0x00, 0x00, 0xF4, 0x0F, 0x00, 0x00, 0x0F, 0x00, 0x00, 0x00, 0x00, 0x00, 0x00, 0x00,
    0x00, 0x00, 0x00, 0x00, 0x00, 0x00, 0x00, 0x00, 0x00, 0x00, 0x00, 0x00, 0x00, 0x00, 0x00, 0x00,
    0x00, 0x00, 0x00, 0x00, 0x00, 0x00, 0x00, 0x00, 0x00, 0x00, 0x00, 0x00, 0x00, 0x33, 0x83, 0x22,
    0x20, 0x22, 0x38, 0x33, 0x33, 0x88, 0x83, 0x12, 0x00, 0x33, 0x38, 0x22, 0x00, 0x00, 0x33, 0x33,
    0x00, 0x00, 0x00, 0x00, 0x00, 0x00, 0x00, 0x00, 0x00, 0x00, 0x00, 0x00, 0x33, 0x80, 0x88, 0x88,
    0x88, 0x28, 0x11, 0x11, 0x11, 0x11, 0x82, 0x38, 0x38, 0x33, 0x33, 0x03, 0x03, 0x00, 0x00, 0x00,
    0x00, 0x00, 0xF0, 0xCD, 0x00, 0x00, 0xF0, 0xCD, 0x00, 0x00, 0xF0, 0xDD, 0x00, 0x00, 0xF0, 0xD4,
    0x00, 0x00, 0x00, 0x8F, 0x00, 0x00, 0x00, 0xF0, 0x00, 0x00, 0x00, 0x00, 0x00, 0x00, 0x00, 0x00,
    0xCC, 0xCC, 0xFF, 0x2D, 0xCC, 0xDC, 0xFD, 0xD5, 0xCC, 0xDC, 0xFD, 0xDD, 0xDD, 0xDD, 0xFD, 0xDD,
    0x84, 0x84, 0xF4, 0x44, 0xFF, 0xFF, 0xFF, 0xDF, 0x00, 0x00, 0xF0, 0xCF, 0x00, 0x00, 0x00, 0xF0,
    0x99, 0x00, 0x00, 0x00, 0x57, 0xF8, 0x0F, 0x00, 0x1B, 0x84, 0xF4, 0x00, 0x4F, 0x14, 0x41, 0x0F,
    0xF8, 0x88, 0xF4, 0x0F, 0x14, 0x84, 0x88, 0x0F, 0x4B, 0x11, 0xF4, 0x00, 0xB6, 0x58, 0xB8, 0x00,
    0xB5, 0x1B, 0x84, 0x0B, 0x66, 0xB5, 0xF8, 0x0B, 0x55, 0x55, 0xBB, 0x00, 0x55, 0xB6, 0x0B, 0x00,
    0xA6, 0x5A, 0x07, 0x00, 0xAA, 0xFB, 0x09, 0x00, 0xB6, 0xD8, 0x0F, 0x00, 0x4B, 0x84, 0xFD, 0x00,
    0xF9, 0x77, 0xD7, 0x0F, 0x77, 0x9F, 0x5C, 0x0F, 0x7C, 0xC9, 0xCC, 0x0F, 0xCC, 0xCC, 0x8C, 0xFC,
    0x44, 0x88, 0xC8, 0xFD, 0xDD, 0xCD, 0xFC, 0x0F, 0xCC, 0xFC, 0x9F, 0x00, 0x9F, 0x57, 0x73, 0x09,
    0x00, 0x00, 0x00, 0x00, 0x00, 0x00, 0x00, 0xF0, 0x00, 0x00, 0x00, 0xF0, 0x00, 0x00, 0x00, 0xF0,
    0x00, 0x00, 0x00, 0x00, 0x00, 0x00, 0x00, 0x00, 0x00, 0x00, 0x00, 0x00, 0x00, 0x00, 0x00, 0x00,
};
static const u16 sFrame62[] = {
    0x0008, 0x40DA, 0x81EC, 0x0000, 0x00CA, 0x41F4, 0x0008, 0x00F2, 0x41FC, 0x000C, 0x40E2, 0x01DC,
    0x0010, 0x40EA, 0x01EC, 0x0012, 0x80CA, 0x0004, 0x0014, 0x00EA, 0x01FC, 0x0016, 0x00FA, 0x01F4,
    0x0017, 0x0000,
};
static const void* const sFrames62[] = { sFrame62 };
static const u8 sTiles63[992] __attribute__((aligned(4))) = {
    0x00, 0x00, 0x00, 0x00, 0x00, 0x00, 0x00, 0x00, 0x00, 0x00, 0x00, 0x00, 0xEE, 0x00, 0x00, 0x00,
    0x14, 0x0E, 0x00, 0x00, 0x81, 0x0E, 0x00, 0x00, 0xEE, 0x00, 0x00, 0x00, 0x0E, 0x00, 0x00, 0x00,
    0x00, 0x00, 0x00, 0x00, 0x00, 0x00, 0x00, 0x00, 0x00, 0x00, 0x00, 0x00, 0x00, 0x00, 0x00, 0x00,
    0x00, 0x00, 0x00, 0xBB, 0x00, 0x00, 0x00, 0x6B, 0x00, 0x00, 0x00, 0x5B, 0x00, 0x00, 0x00, 0xB0,
    0x00, 0x00, 0x00, 0x00, 0x00, 0x00, 0x00, 0x00, 0x00, 0x00, 0x00, 0x00, 0x00, 0x00, 0x00, 0x00,
    0x00, 0x0B, 0xB0, 0xBB, 0xBB, 0xB6, 0x6B, 0x65, 0xB6, 0x6B, 0x56, 0x55, 0x65, 0xAA, 0x66, 0x66,
    0x00, 0x00, 0x00, 0x00, 0x00, 0x00, 0x00, 0x00, 0x00, 0x00, 0x00, 0x00, 0x00, 0x00, 0x00, 0x00,
    0xBB, 0x00, 0x00, 0x00, 0x66, 0xBB, 0xBB, 0x00, 0xAA, 0x66, 0xB5, 0x00, 0x6A, 0x55, 0xB5, 0x00,
    0x84, 0x00, 0x00, 0x00, 0x41, 0x08, 0x00, 0x00, 0x14, 0x84, 0x00, 0x00, 0x4E, 0x41, 0x08, 0x00,
    0xE0, 0x14, 0xE4, 0x00, 0x00, 0x4E, 0x81, 0x0E, 0x00, 0xE0, 0x84, 0xB8, 0x00, 0x00, 0x8E, 0x22,
    0x00, 0x00, 0x00, 0xB0, 0x00, 0x00, 0x00, 0x00, 0x00, 0x00, 0x00, 0xBB, 0x00, 0x00, 0xB0, 0x56,
    0x00, 0x00, 0x00, 0x6B, 0x00, 0x48, 0x00, 0xB0, 0x77, 0xA4, 0x0A, 0x00, 0xFF, 0xF8, 0xFF, 0xF8,
    0x55, 0x65, 0x6A, 0x65, 0x5B, 0xA6, 0x56, 0x56, 0x6B, 0x65, 0x65, 0xAA, 0xA5, 0x66, 0xAA, 0x66,
    0xA6, 0x6A, 0x66, 0x66, 0xBB, 0xA6, 0x5A, 0x66, 0xB0, 0x55, 0xA6, 0xA5, 0x00, 0xFB, 0xBF, 0xA6,
    0x66, 0x56, 0xB6, 0x00, 0x65, 0x5A, 0xB6, 0x00, 0x55, 0x66, 0xBB, 0x0F, 0x5A, 0x66, 0x6B, 0xFF,
    0x66, 0xAA, 0xF6, 0xDF, 0xA6, 0xAA, 0xF6, 0xCD, 0xA5, 0x66, 0xDF, 0xDC, 0x65, 0xDB, 0xDD, 0xDD,
    0x00, 0x00, 0xAB, 0xF5, 0x00, 0xA0, 0x27, 0x4A, 0x00, 0x5B, 0xA2, 0x5A, 0x00, 0x7B, 0x72, 0x3B,
    0x00, 0xB0, 0x2A, 0xBA, 0x00, 0x00, 0x5B, 0xB2, 0x00, 0x00, 0xA0, 0x22, 0x00, 0x00, 0xB0, 0x7A,
    0x84, 0x41, 0x85, 0x41, 0x81, 0x18, 0x1F, 0xA4, 0x44, 0x4F, 0x18, 0x5A, 0x47, 0x88, 0x4B, 0xAB,
    0x85, 0xBF, 0x8F, 0xFF, 0xB7, 0x5A, 0xA4, 0xBB, 0xAA, 0xB5, 0x8A, 0x0F, 0x75, 0xAA, 0xFB, 0x00,
    0x0F, 0xF0, 0xDD, 0xBB, 0xA7, 0xDF, 0xDC, 0x8D, 0x53, 0xDF, 0xDC, 0x48, 0x77, 0xDB, 0xDD, 0x48,
    0xAB, 0xFB, 0xDD, 0x88, 0x00, 0xF0, 0xFF, 0xFF, 0x00, 0x00, 0x00, 0xF0, 0x00, 0x00, 0x00, 0xF0,
    0xB6, 0xDD, 0xFF, 0xFF, 0xD8, 0xDD, 0xDD, 0xDF, 0x84, 0xDD, 0xDC, 0xFD, 0x84, 0xCD, 0xCC, 0xFD,
    0xD8, 0xDD, 0xCC, 0xDD, 0x1F, 0xCD, 0xCC, 0xDC, 0xF1, 0xDD, 0xDD, 0xDD, 0xD1, 0xDD, 0x44, 0x44,
    0x00, 0x00, 0x00, 0xAB, 0x00, 0x00, 0x00, 0x00, 0x00, 0x00, 0x00, 0x00, 0x00, 0x00, 0x00, 0x00,
    0x00, 0x00, 0x00, 0x00, 0x00, 0x00, 0x00, 0x00, 0x00, 0x00, 0x00, 0x00, 0x00, 0x00, 0x00, 0x00,
    0xBB, 0x00, 0x00, 0x00, 0x00, 0x00, 0x00, 0x00, 0x00, 0x00, 0x00, 0x00, 0x00, 0x00, 0x00, 0x00,
    0x00, 0x00, 0x00, 0x00, 0x00, 0x00, 0x00, 0x00, 0x00, 0x00, 0x00, 0x00, 0x00, 0x00, 0x00, 0x00,
    0x00, 0x00, 0x00, 0x00, 0x00, 0x00, 0x00, 0xF0, 0x00, 0x00, 0x00, 0x1F, 0x00, 0x00, 0x00, 0xDF,
    0x00, 0x00, 0x00, 0x00, 0x00, 0x00, 0x00, 0x00, 0x00, 0x00, 0x00, 0xF0, 0x00, 0x00, 0x00, 0xCF,
    0x1F, 0x4D, 0x44, 0xFD, 0x1D, 0x11, 0xFD, 0xDF, 0xD1, 0xDF, 0xFF, 0xFF, 0x0D, 0xFF, 0xDF, 0x97,
    0xF0, 0x52, 0x77, 0x7F, 0xFF, 0xCF, 0x9C, 0x77, 0x44, 0x44, 0x88, 0x89, 0xFD, 0xFF, 0xFF, 0xDF,
    0xFF, 0xFF, 0xFF, 0xFF, 0xFF, 0xFF, 0xAF, 0xA7, 0xFF, 0xFF, 0x3A, 0x53, 0xFF, 0xFF, 0x5A, 0x33,
    0xF0, 0xFF, 0xAF, 0x57, 0x00, 0xF0, 0xFF, 0xFF, 0x00, 0x00, 0x00, 0xFF, 0x00, 0x00, 0x00, 0xCF,
    0xDF, 0xCF, 0xCC, 0xFD, 0xFF, 0xFF, 0xCF, 0xFD, 0xF7, 0x57, 0xF7, 0xFF, 0x5F, 0x52, 0xDA, 0xFD,
    0x2F, 0xD2, 0xDD, 0x4D, 0x7F, 0xDB, 0xDD, 0xD8, 0xBA, 0xDD, 0x4D, 0xDD, 0xDC, 0x4D, 0xD8, 0xDD,
    0x00, 0x00, 0xF0, 0xCC, 0x00, 0x00, 0xF0, 0x8D, 0x00, 0x00, 0xF0, 0xD4, 0x00, 0x00, 0xF0, 0xD8,
    0x00, 0x00, 0xF0, 0xD4, 0x00, 0x00, 0x00, 0xDF, 0x00, 0x00, 0xF0, 0xFC, 0x00, 0x00, 0xDF, 0xCC,
    0x4D, 0xD8, 0xFD, 0xDD, 0xDD, 0xDD, 0xFD, 0xFD, 0xDD, 0xDD, 0xFD, 0x2F, 0xDD, 0xDD, 0xFD, 0x52,
    0xDD, 0xDD, 0x5F, 0xD7, 0xDD, 0xFD, 0xDF, 0xDD, 0xFF, 0xFF, 0xDD, 0xDD, 0xCC, 0xDD, 0xDD, 0xDD,
    0x00, 0x00, 0xDF, 0xCD, 0x00, 0x00, 0xF0, 0xDD, 0x00, 0x00, 0xF0, 0x84, 0x00, 0x00, 0x00, 0xFF,
    0x00, 0x00, 0x00, 0x00, 0x00, 0x00, 0x00, 0x00, 0x00, 0x00, 0x00, 0x00, 0x00, 0x00, 0x00, 0x00,
    0xDC, 0xDD, 0xDD, 0x48, 0xDD, 0x8D, 0x84, 0xF4, 0x84, 0xF4, 0xFF, 0x00, 0xFF, 0x0F, 0x00, 0x00,
    0x00, 0x00, 0x00, 0x00, 0x00, 0x00, 0x00, 0x00, 0x00, 0x00, 0x00, 0x00, 0x00, 0x00, 0x00, 0x00,
    0x00, 0x00, 0xEE, 0x0E, 0xE0, 0xEE, 0x18, 0xE1, 0x8E, 0x84, 0x44, 0x8E, 0x4E, 0x41, 0x18, 0x41,
    0xE0, 0x14, 0x84, 0xE1, 0x00, 0x4E, 0x41, 0x48, 0x00, 0xE0, 0x14, 0x84, 0x00, 0x00, 0x4E, 0x41,
    0x00, 0x00, 0xE0, 0x14, 0x00, 0x00, 0x00, 0x4E, 0x00, 0x00, 0x00, 0xE0, 0x00, 0x00, 0x00, 0x00,
    0x00, 0x00, 0x00, 0x00, 0x00, 0x00, 0x00, 0x00, 0x00, 0x00, 0x00, 0x00, 0x00, 0x00, 0x00, 0x00,
    0x00, 0x00, 0x00, 0x00, 0x00, 0x00, 0x00, 0x00, 0xFF, 0x00, 0x00, 0x00, 0xDD, 0x0F, 0x00, 0x00,
    0xDD, 0x0F, 0x00, 0x00, 0xDD, 0x0F, 0x00, 0x00, 0xDD, 0x0F, 0x00, 0x00, 0xFF, 0x00, 0x00, 0x00,
    0xFD, 0x00, 0x00, 0x00, 0x0F, 0x00, 0x00, 0x00, 0x00, 0x00, 0x00, 0x00, 0x00, 0x00, 0x00, 0x00,
    0x0F, 0x00, 0x00, 0x00, 0xFD, 0xFF, 0x00, 0x00, 0x88, 0x88, 0xF8, 0x00, 0xF8, 0xDD, 0x0F, 0x00,
    0x00, 0x00, 0x00, 0x00, 0x00, 0x00, 0x00, 0x00, 0x00, 0x00, 0x00, 0x00, 0x0F, 0x00, 0x00, 0x00,
    0xF8, 0x00, 0x00, 0x00, 0xDD, 0x0F, 0x00, 0x00, 0xDD, 0x0F, 0x00, 0x00, 0xDD, 0x0F, 0x00, 0x00,
    0xFD, 0x00, 0x00, 0x00, 0x0F, 0x00, 0x00, 0x00, 0x0A, 0x00, 0x00, 0x00, 0xFB, 0x00, 0x00, 0x00,
    0xDD, 0x0F, 0x00, 0x00, 0xDC, 0x0F, 0x00, 0x00, 0xCC, 0x0F, 0x00, 0x00, 0x8D, 0x0F, 0x00, 0x00,
    0xFF, 0xF8, 0x00, 0x00, 0xDD, 0x0F, 0x00, 0x00, 0xCD, 0xFC, 0x00, 0x00, 0xFD, 0xCD, 0x0F, 0x00,
    0x57, 0xDF, 0x0F, 0x00, 0xC9, 0xFD, 0xFD, 0x00, 0xC8, 0xFF, 0xDC, 0x0F, 0x8C, 0xDF, 0xCC, 0x0F,
    0x00, 0x00, 0x00, 0xCF, 0x00, 0x00, 0x00, 0xDF, 0x00, 0x00, 0x00, 0xF0, 0x00, 0x00, 0x00, 0x00,
    0x00, 0x00, 0x00, 0x00, 0x00, 0x00, 0x00, 0x00, 0x00, 0x00, 0x00, 0x00, 0x00, 0x00, 0x00, 0x00,
    0x48, 0x0F, 0x00, 0x00, 0xFF, 0x00, 0x00, 0x00, 0x00, 0x00, 0x00, 0x00, 0x00, 0x00, 0x00, 0x00,
    0x00, 0x00, 0x00, 0x00, 0x00, 0x00, 0x00, 0x00, 0x00, 0x00, 0x00, 0x00, 0x00, 0x00, 0x00, 0x00,
};
static const u16 sFrame63[] = {
    0x0009, 0x00CC, 0x81DE, 0x0000, 0x00EC, 0x41F6, 0x0010, 0x40FC, 0x01F6, 0x0014, 0x80CC, 0x01D6,
    0x0016, 0x80D4, 0x01FE, 0x0018, 0x80EC, 0x0006, 0x001A, 0x00E4, 0x01FE, 0x001C, 0x00EC, 0x01EE,
    0x001D, 0x00FC, 0x0006, 0x001E, 0x0000,
};
static const void* const sFrames63[] = { sFrame63 };
static const u8 sTiles64[960] __attribute__((aligned(4))) = {
    0x00, 0x00, 0x5B, 0xB6, 0x00, 0x00, 0xB0, 0x55, 0x00, 0x00, 0xBB, 0x56, 0x00, 0xB0, 0x65, 0x6A,
    0x00, 0x00, 0x5B, 0xAA, 0x00, 0x00, 0xB0, 0x66, 0x00, 0x00, 0x00, 0xBB, 0x00, 0x00, 0xB0, 0x56,
    0x6B, 0x56, 0x56, 0x65, 0x65, 0x66, 0x66, 0x66, 0x66, 0x6A, 0x66, 0x66, 0xAA, 0x66, 0x56, 0x65,
    0x55, 0x66, 0x65, 0x55, 0x6A, 0x6A, 0x56, 0x55, 0xA6, 0xA6, 0xA6, 0x6A, 0xB6, 0x6B, 0x6A, 0xBA,
    0x56, 0xB6, 0xB6, 0xFD, 0x66, 0x55, 0xDB, 0xFD, 0x55, 0xB5, 0xCB, 0xDC, 0x66, 0x6A, 0xCB, 0xDC,
    0xA6, 0x66, 0xCB, 0xDD, 0x66, 0xB6, 0xDD, 0xFD, 0x65, 0xBB, 0xDF, 0x0F, 0x66, 0xDB, 0xFD, 0xDD,
    0x00, 0x00, 0x00, 0x00, 0x00, 0x00, 0x00, 0x00, 0x0F, 0x00, 0x00, 0x00, 0x0F, 0x00, 0x00, 0x00,
    0x0F, 0x00, 0x00, 0x00, 0x00, 0x00, 0x00, 0x00, 0x00, 0x00, 0xF0, 0x0F, 0x0F, 0xF0, 0x8F, 0x0D,
    0x00, 0x00, 0x00, 0xBB, 0x00, 0x00, 0x00, 0x00, 0x00, 0x00, 0x00, 0x00, 0x00, 0x00, 0x00, 0x00,
    0x00, 0x00, 0x00, 0x00, 0x00, 0x00, 0x00, 0x00, 0x00, 0x00, 0x00, 0x00, 0x00, 0x00, 0x00, 0x00,
    0x5B, 0xB7, 0x6B, 0xB6, 0xA0, 0xB5, 0xA6, 0x5B, 0xB0, 0x67, 0xB5, 0xD6, 0x00, 0xBB, 0xB5, 0xFD,
    0x00, 0xB0, 0xB6, 0xDB, 0x00, 0x00, 0x0B, 0x00, 0x00, 0x00, 0x00, 0x00, 0x00, 0x00, 0x00, 0xF0,
    0xBB, 0x4D, 0xD8, 0xCD, 0xDD, 0x48, 0x84, 0xCD, 0xFF, 0x88, 0x88, 0xCD, 0xFF, 0xDF, 0xDD, 0xDF,
    0xFF, 0xF7, 0xDD, 0xDF, 0x7D, 0x75, 0xFD, 0xD1, 0xFF, 0xFF, 0x1F, 0xD1, 0x48, 0xF8, 0x1D, 0x11,
    0xFD, 0xDF, 0x8D, 0x0D, 0xDC, 0xDD, 0xD8, 0x00, 0xCC, 0x8D, 0xF8, 0x00, 0xDD, 0x84, 0x0D, 0x00,
    0x4D, 0xF4, 0xFF, 0x0F, 0x4D, 0xFF, 0x7D, 0xF9, 0x44, 0xFD, 0x7D, 0x79, 0xD4, 0xDF, 0x9D, 0xF7,
    0x00, 0x00, 0x00, 0x4F, 0x00, 0x00, 0x00, 0x8B, 0x00, 0x00, 0xA0, 0xFB, 0x00, 0x00, 0x2A, 0x4F,
    0x00, 0xA0, 0x72, 0x4F, 0x00, 0xA0, 0x52, 0x8A, 0x00, 0xA0, 0xB7, 0x27, 0x00, 0x00, 0xEB, 0x52,
    0x11, 0x44, 0xDD, 0x11, 0x5F, 0xFF, 0xAD, 0xDD, 0x18, 0xF4, 0x5F, 0xFB, 0x41, 0x88, 0xFF, 0xA7,
    0x8F, 0x48, 0xF1, 0x52, 0x4F, 0x11, 0xB4, 0x2A, 0x7A, 0x88, 0xB5, 0x25, 0x5B, 0x73, 0x2B, 0x72,
    0xFD, 0xFF, 0x7D, 0x79, 0xFF, 0xFC, 0x5D, 0xCC, 0xDD, 0xFC, 0xD2, 0xCC, 0xDB, 0xFD, 0xDF, 0xCD,
    0xBA, 0x0B, 0xDF, 0x4D, 0xA5, 0x00, 0xF0, 0x4D, 0xB5, 0x00, 0x00, 0xFF, 0x0B, 0x00, 0x00, 0x00,
    0xC9, 0x8C, 0xDD, 0x0F, 0x8C, 0xD8, 0xFC, 0x0F, 0x8C, 0xCD, 0xAF, 0x0A, 0xC4, 0xDC, 0x3F, 0xA7,
    0xDD, 0xFC, 0x35, 0x55, 0xDD, 0xFC, 0xAF, 0x37, 0xDF, 0xFD, 0x00, 0xBB, 0xF0, 0x0F, 0x00, 0x70,
    0x00, 0xE0, 0x88, 0xE7, 0x80, 0x8E, 0xE8, 0x7E, 0x48, 0x41, 0x0E, 0xB0, 0x14, 0xE8, 0x00, 0x00,
    0xE1, 0x0E, 0x00, 0x00, 0x0E, 0x00, 0x00, 0xFF, 0x00, 0x00, 0xDF, 0xCC, 0x00, 0xF0, 0xCD, 0xCC,
    0xB7, 0x2B, 0x52, 0xAA, 0x25, 0x52, 0xBA, 0xFD, 0xAB, 0xFA, 0xDD, 0xFF, 0xA0, 0xF7, 0xFF, 0x8F,
    0xB0, 0x5A, 0xA2, 0x4D, 0xFF, 0xBD, 0xDB, 0x8D, 0xDD, 0xDD, 0xDD, 0xF4, 0xDD, 0xDD, 0x8D, 0x0F,
    0x0B, 0x00, 0x00, 0x00, 0x00, 0x00, 0x00, 0x00, 0x00, 0x00, 0x00, 0x00, 0x0F, 0x00, 0x00, 0x00,
    0x0F, 0x00, 0x00, 0x00, 0x0F, 0x00, 0x00, 0x00, 0x00, 0x00, 0x00, 0x00, 0x00, 0x00, 0x00, 0x00,
    0x00, 0x00, 0x00, 0xA0, 0x00, 0x00, 0x00, 0x00, 0x00, 0x00, 0x00, 0x00, 0x00, 0x00, 0x00, 0x00,
    0x00, 0x00, 0x00, 0x00, 0x00, 0x00, 0x00, 0x00, 0x00, 0x00, 0x00, 0x00, 0x00, 0x00, 0x00, 0x00,
    0x00, 0x00, 0x00, 0x00, 0x00, 0x00, 0x00, 0x00, 0x00, 0x00, 0x00, 0x00, 0x00, 0x00, 0x00, 0x00,
    0x7A, 0xAA, 0x00, 0x00, 0xA5, 0x52, 0x0A, 0x00, 0xA7, 0x22, 0xFB, 0x00, 0x22, 0x75, 0xDD, 0xFF,
    0x00, 0x00, 0x00, 0x00, 0x00, 0x00, 0x00, 0x00, 0x00, 0x00, 0x00, 0x00, 0x00, 0x00, 0x00, 0x00,
    0x00, 0x00, 0x00, 0x00, 0x00, 0x00, 0x00, 0x00, 0x00, 0x00, 0x00, 0x00, 0xFF, 0x0F, 0x00, 0x00,
    0x57, 0xD2, 0x84, 0xC4, 0xAA, 0xDB, 0xDD, 0x8C, 0x00, 0xDF, 0xDD, 0xCC, 0x00, 0xF0, 0xCF, 0xCC,
    0x00, 0x00, 0xDF, 0xCC, 0x00, 0x00, 0x4F, 0xCD, 0x00, 0x00, 0xF0, 0x48, 0x00, 0x00, 0x00, 0xFF,
    0xDC, 0xF8, 0x00, 0x00, 0xC4, 0x4D, 0x0F, 0x00, 0x8C, 0x8C, 0x0F, 0x00, 0xCC, 0xF4, 0x00, 0x00,
    0xCC, 0xF8, 0x00, 0x00, 0x4C, 0x0F, 0x00, 0x00, 0xF8, 0x00, 0x00, 0x00, 0x0F, 0x00, 0x00, 0x00,
    0x00, 0x00, 0x00, 0x00, 0x00, 0x00, 0x00, 0x00, 0x00, 0x00, 0x00, 0x00, 0x00, 0x00, 0x00, 0x00,
    0x00, 0x00, 0x00, 0x00, 0x00, 0x00, 0xEE, 0x00, 0x00, 0xE0, 0x14, 0xE4, 0x00, 0xE0, 0x8E, 0x11,
    0x00, 0x00, 0x00, 0x00, 0x00, 0x00, 0x00, 0x00, 0x00, 0x00, 0x00, 0x00, 0x00, 0x00, 0x00, 0x80,
    0x00, 0x00, 0x80, 0x18, 0x00, 0x00, 0x48, 0x41, 0x0E, 0x80, 0x14, 0xE8, 0x84, 0x18, 0xE1, 0x0E,
    0xE0, 0x8E, 0x14, 0x44, 0x8E, 0xE1, 0x11, 0x84, 0xE0, 0x14, 0x84, 0x18, 0x00, 0x4E, 0x48, 0x41,
    0x00, 0xE0, 0x14, 0xE8, 0x00, 0x00, 0xEE, 0x0E, 0x00, 0x00, 0x00, 0x00, 0x00, 0x00, 0x00, 0x00,
    0x48, 0x41, 0x0E, 0x00, 0x14, 0xE8, 0x00, 0x00, 0xE1, 0x0E, 0x00, 0x00, 0x0E, 0x00, 0x00, 0x00,
    0x00, 0x00, 0x00, 0x00, 0x00, 0x00, 0x00, 0x00, 0x00, 0x00, 0x00, 0x00, 0x00, 0x00, 0x00, 0x00,
    0x00, 0x00, 0x00, 0x00, 0x00, 0x00, 0x00, 0x00, 0x00, 0x00, 0x00, 0x00, 0x00, 0x00, 0x00, 0x00,
    0x00, 0x00, 0x00, 0x00, 0x00, 0x00, 0x00, 0x00, 0x00, 0x00, 0x00, 0x00, 0x00, 0x00, 0xBB, 0x0B,
    0x00, 0xA0, 0x07, 0xAA, 0x00, 0xA0, 0xA5, 0xA5, 0x00, 0xB0, 0x87, 0x75, 0x00, 0xF0, 0x14, 0x81,
    0x00, 0xF0, 0x8F, 0xBB, 0x00, 0x8A, 0xBB, 0x56, 0xB0, 0xB5, 0x6B, 0xAA, 0xB0, 0x6B, 0x55, 0x66,
    0x00, 0xF0, 0xCC, 0xCC, 0x00, 0xF0, 0xCC, 0xCC, 0x00, 0xF0, 0xC8, 0xCC, 0x00, 0x00, 0x4F, 0xCC,
    0x00, 0x00, 0xF0, 0x48, 0x00, 0x00, 0x00, 0xFF, 0x00, 0x00, 0x00, 0x00, 0x00, 0x00, 0x00, 0x00,
    0xDC, 0xDD, 0xF4, 0x00, 0xCC, 0x8C, 0x0F, 0x00, 0xCC, 0x4D, 0x0F, 0x00, 0xDC, 0xF8, 0x00, 0x00,
    0x48, 0x0F, 0x00, 0x00, 0xFF, 0x00, 0x00, 0x00, 0x00, 0x00, 0x00, 0x00, 0x00, 0x00, 0x00, 0x00,
    0x00, 0x00, 0x00, 0x00, 0x0A, 0x00, 0x00, 0x00, 0x75, 0x00, 0x00, 0x00, 0xA7, 0x00, 0x00, 0x00,
    0xF4, 0x00, 0x00, 0x00, 0xFB, 0x00, 0x00, 0x00, 0xB6, 0x00, 0x00, 0x00, 0xAA, 0x0B, 0xFB, 0x0F,
    0x00, 0x00, 0x00, 0x00, 0x00, 0x00, 0x00, 0x00, 0x00, 0x00, 0x00, 0x00, 0x00, 0x00, 0x00, 0x00,
    0x00, 0x00, 0x00, 0x00, 0xFF, 0x00, 0x00, 0x00, 0xD9, 0xFF, 0x00, 0x00, 0xC7, 0xDC, 0xFF, 0x00,
};
static const u16 sFrame64[] = {
    0x0008, 0x40DA, 0x81ED, 0x0000, 0x40EA, 0x81F5, 0x0008, 0x00EA, 0x4015, 0x0010, 0x00F2, 0x41E5,
    0x0014, 0x40D2, 0x01ED, 0x0018, 0x40FA, 0x01F5, 0x001A, 0x00D2, 0x01FD, 0x001C, 0x00E2, 0x000D,
    0x001D, 0x0000,
};
static const void* const sFrames64[] = { sFrame64 };
static const u8 sTiles65[736] __attribute__((aligned(4))) = {
    0x00, 0x00, 0x00, 0x00, 0x00, 0x00, 0x00, 0x00, 0x00, 0x00, 0x00, 0xBB, 0x00, 0x00, 0x00, 0x5B,
    0x00, 0x00, 0x00, 0x6B, 0x00, 0x00, 0x00, 0xB0, 0x00, 0x00, 0x00, 0xB0, 0x00, 0x00, 0x00, 0x00,
    0x00, 0x00, 0x00, 0x00, 0x00, 0x00, 0x00, 0x00, 0x00, 0x00, 0x0B, 0x00, 0xBB, 0xB0, 0xB6, 0x00,
    0x55, 0xBB, 0x65, 0xBB, 0x65, 0x65, 0x6A, 0x66, 0x56, 0xA6, 0x66, 0x55, 0x6B, 0x65, 0x66, 0x56,
    0x00, 0xA0, 0x0A, 0x00, 0x00, 0x7A, 0x85, 0xFF, 0x00, 0xB0, 0x41, 0x48, 0x00, 0xF0, 0x44, 0x11,
    0xAB, 0x87, 0x8F, 0x48, 0xB5, 0x4B, 0x41, 0x88, 0x56, 0xB6, 0x14, 0x41, 0x55, 0x66, 0x8B, 0x85,
    0x00, 0x00, 0x00, 0x00, 0x00, 0x00, 0x00, 0x00, 0x0F, 0x00, 0x00, 0x00, 0xF4, 0x00, 0x00, 0x00,
    0xFF, 0x00, 0x00, 0x00, 0xF8, 0x00, 0x00, 0x00, 0x0F, 0x00, 0x00, 0x00, 0x0F, 0x00, 0x00, 0x00,
    0x00, 0x00, 0x00, 0xB0, 0x00, 0x00, 0x00, 0x5B, 0x00, 0x00, 0xB0, 0xBB, 0x00, 0x00, 0x00, 0x00,
    0x00, 0x00, 0x00, 0xB0, 0x00, 0x00, 0x00, 0xB0, 0x00, 0x00, 0x00, 0xB0, 0x00, 0x00, 0x00, 0x00,
    0xA6, 0x6A, 0x66, 0x66, 0x66, 0x5A, 0x56, 0x66, 0xAB, 0x56, 0x55, 0x65, 0x6B, 0x6B, 0x55, 0x66,
    0xB6, 0x6B, 0x65, 0x55, 0xAB, 0xB7, 0x55, 0x66, 0xA0, 0xB5, 0x65, 0xAA, 0xA0, 0x6B, 0xAB, 0xA6,
    0x66, 0x56, 0xBB, 0x41, 0x56, 0x66, 0x56, 0x8B, 0x65, 0x55, 0x55, 0xB6, 0x65, 0x56, 0x65, 0xBB,
    0xA6, 0x6A, 0xBA, 0x75, 0xAA, 0xAA, 0xBA, 0xAF, 0xA6, 0x6A, 0x8B, 0xFD, 0xA6, 0xB6, 0x44, 0xD8,
    0xF8, 0x00, 0x00, 0x00, 0xFF, 0x00, 0x00, 0x00, 0x0B, 0x00, 0x00, 0x00, 0x00, 0x00, 0x00, 0x00,
    0x00, 0x00, 0x00, 0x00, 0x00, 0x00, 0x00, 0x00, 0x00, 0x00, 0x00, 0x00, 0x0F, 0x00, 0x00, 0x00,
    0x00, 0x6B, 0x5B, 0xAB, 0xF0, 0xBD, 0xB6, 0x5B, 0xFF, 0x84, 0xFD, 0x7F, 0xFF, 0x1F, 0xDF, 0xFD,
    0x58, 0xF7, 0xF1, 0xDD, 0x41, 0xFF, 0x41, 0xDF, 0x8F, 0xF4, 0x48, 0xFD, 0xF8, 0xFF, 0x8D, 0xDF,
    0xBA, 0x4B, 0x84, 0xDD, 0xDB, 0x8B, 0xD8, 0xDD, 0xFB, 0xDD, 0xDF, 0xFF, 0xDF, 0xFD, 0xFF, 0x00,
    0xDD, 0xDD, 0xFD, 0x00, 0xDD, 0xDD, 0x0F, 0x00, 0xFF, 0xFF, 0x00, 0x00, 0xFD, 0x8D, 0x0F, 0x00,
    0x84, 0xFF, 0xFF, 0xD4, 0x14, 0x84, 0x8F, 0xD8, 0xA3, 0xB5, 0xA7, 0xDD, 0xB7, 0x2B, 0x52, 0xDF,
    0x22, 0x75, 0xAA, 0x1F, 0xAA, 0xFA, 0xFF, 0x11, 0xFF, 0xDD, 0x79, 0xFF, 0xDF, 0x7D, 0x77, 0xD9,
    0xFF, 0x8D, 0x0F, 0x00, 0xDF, 0xDD, 0xF8, 0x00, 0xDD, 0xDD, 0xF8, 0x00, 0xDD, 0x4D, 0x0F, 0x00,
    0xDD, 0xF4, 0x00, 0x00, 0x41, 0x0F, 0x00, 0x00, 0xFF, 0x00, 0x00, 0x00, 0x0F, 0x00, 0x00, 0x00,
    0xDF, 0x92, 0x7F, 0x77, 0x5F, 0x7D, 0xF7, 0xC9, 0xDF, 0xCD, 0x97, 0xCC, 0xDF, 0xCD, 0xCC, 0xCC,
    0x4F, 0x44, 0x84, 0x88, 0xFF, 0xDD, 0xDD, 0xCC, 0xFF, 0xCC, 0xCC, 0xFF, 0x00, 0xFF, 0x7A, 0x35,
    0xFD, 0x00, 0x00, 0x00, 0xF5, 0x00, 0x00, 0x00, 0xFC, 0x00, 0x00, 0x00, 0xC8, 0x0F, 0x00, 0x00,
    0xDC, 0x0F, 0x00, 0x00, 0xFF, 0x00, 0x00, 0x00, 0x0A, 0x00, 0x00, 0x00, 0xA7, 0x00, 0x00, 0x00,
    0x00, 0x00, 0xB0, 0x57, 0x00, 0x00, 0x00, 0xAB, 0x00, 0x00, 0x00, 0xB0, 0x00, 0x00, 0x00, 0xB0,
    0x00, 0x00, 0x00, 0x00, 0x00, 0x00, 0x00, 0x00, 0x00, 0x00, 0xFF, 0xFF, 0x00, 0xF0, 0xCD, 0xCC,
    0xA3, 0xAB, 0x00, 0x00, 0xB5, 0x52, 0x0A, 0x00, 0x7A, 0x22, 0xAB, 0x00, 0x27, 0x72, 0xDB, 0x0F,
    0x5A, 0xB7, 0xCD, 0xFC, 0xB0, 0xDD, 0xCD, 0x8D, 0xDF, 0xDD, 0xDD, 0x48, 0xDD, 0xDD, 0x8D, 0xF4,
    0x00, 0xF0, 0xCC, 0xCC, 0x00, 0xDF, 0xCC, 0xDC, 0x00, 0xDF, 0xCC, 0xDD, 0x00, 0x8F, 0xDD, 0x4D,
    0x00, 0xF0, 0x84, 0x84, 0x00, 0x00, 0xFF, 0xFF, 0x00, 0x00, 0x00, 0x00, 0x00, 0x00, 0x00, 0x00,
    0xDD, 0xDD, 0x48, 0x0F, 0xDD, 0x4D, 0xFF, 0x00, 0xDD, 0xF8, 0x00, 0x00, 0x48, 0x0F, 0x00, 0x00,
    0xFF, 0x00, 0x00, 0x00, 0x00, 0x00, 0x00, 0x00, 0x00, 0x00, 0x00, 0x00, 0x00, 0x00, 0x00, 0x00,
    0x00, 0x00, 0x00, 0x00, 0x00, 0x00, 0x00, 0x00, 0x00, 0x00, 0x00, 0x00, 0x00, 0x00, 0x00, 0xF0,
    0x00, 0x00, 0x00, 0xFF, 0x00, 0x00, 0xF0, 0x18, 0x00, 0x00, 0xF0, 0x5F, 0x00, 0xAA, 0x8F, 0x41,
    0xAA, 0x75, 0x4F, 0xF8, 0xA5, 0xA7, 0xFB, 0x8F, 0x8E, 0x52, 0xB7, 0x5B, 0x81, 0xBE, 0xAA, 0xAB,
    0xEE, 0xAB, 0x57, 0x22, 0x00, 0xB0, 0x7B, 0xAA, 0x00, 0xFF, 0xFF, 0xFF, 0xF0, 0xCD, 0xCC, 0xDF,
    0x0F, 0x00, 0x00, 0x00, 0x0F, 0x00, 0x00, 0x00, 0x00, 0x00, 0x00, 0x00, 0x00, 0x00, 0x00, 0x00,
    0x00, 0x00, 0x00, 0x00, 0x00, 0x00, 0x00, 0x00, 0x00, 0x00, 0x00, 0x00, 0x00, 0x00, 0x00, 0x00,
    0xDF, 0xCC, 0xCC, 0xFC, 0xDF, 0xCC, 0xCC, 0xDD, 0xDF, 0xCD, 0xCC, 0xDD, 0x4F, 0xDD, 0xDD, 0xDD,
    0xF0, 0x48, 0x48, 0x48, 0x00, 0xFF, 0xFF, 0xFF, 0x00, 0x00, 0x00, 0x00, 0x00, 0x00, 0x00, 0x00,
    0x00, 0x00, 0x00, 0x00, 0x00, 0x00, 0x00, 0x00, 0x00, 0x00, 0x00, 0x00, 0x00, 0x00, 0x00, 0x00,
    0x00, 0x00, 0x00, 0x00, 0x0F, 0x00, 0x00, 0x00, 0x0F, 0x00, 0x00, 0x00, 0x00, 0x00, 0x00, 0x00,
};
static const u16 sFrame65[] = {
    0x0007, 0x40CA, 0x81F1, 0x0000, 0x80DA, 0x81F9, 0x0008, 0x40FA, 0x01F9, 0x0010, 0x80DA, 0x01F1,
    0x0012, 0x00DA, 0x0009, 0x0014, 0x00EA, 0x01F1, 0x0015, 0x00F2, 0x0009, 0x0016, 0x0000,
};
static const void* const sFrames65[] = { sFrame65 };

// One for each pose: a single picture, loaded into the boss's tile block when it shows.
const AnimDef gRogueSoraKh2Poses[66] = {
    { (void*)sFrames0, (void*)sPoseAnims, (void*)sTiles0, 0, { 0, 0, 0 } },
    { (void*)sFrames1, (void*)sPoseAnims, (void*)sTiles1, 0, { 0, 0, 0 } },
    { (void*)sFrames2, (void*)sPoseAnims, (void*)sTiles2, 0, { 0, 0, 0 } },
    { (void*)sFrames3, (void*)sPoseAnims, (void*)sTiles3, 0, { 0, 0, 0 } },
    { (void*)sFrames4, (void*)sPoseAnims, (void*)sTiles4, 0, { 0, 0, 0 } },
    { (void*)sFrames5, (void*)sPoseAnims, (void*)sTiles5, 0, { 0, 0, 0 } },
    { (void*)sFrames6, (void*)sPoseAnims, (void*)sTiles6, 0, { 0, 0, 0 } },
    { (void*)sFrames7, (void*)sPoseAnims, (void*)sTiles7, 0, { 0, 0, 0 } },
    { (void*)sFrames8, (void*)sPoseAnims, (void*)sTiles8, 0, { 0, 0, 0 } },
    { (void*)sFrames9, (void*)sPoseAnims, (void*)sTiles9, 0, { 0, 0, 0 } },
    { (void*)sFrames10, (void*)sPoseAnims, (void*)sTiles10, 0, { 0, 0, 0 } },
    { (void*)sFrames11, (void*)sPoseAnims, (void*)sTiles11, 0, { 0, 0, 0 } },
    { (void*)sFrames12, (void*)sPoseAnims, (void*)sTiles12, 0, { 0, 0, 0 } },
    { (void*)sFrames13, (void*)sPoseAnims, (void*)sTiles13, 0, { 0, 0, 0 } },
    { (void*)sFrames14, (void*)sPoseAnims, (void*)sTiles14, 0, { 0, 0, 0 } },
    { (void*)sFrames15, (void*)sPoseAnims, (void*)sTiles15, 0, { 0, 0, 0 } },
    { (void*)sFrames16, (void*)sPoseAnims, (void*)sTiles16, 0, { 0, 0, 0 } },
    { (void*)sFrames17, (void*)sPoseAnims, (void*)sTiles17, 0, { 0, 0, 0 } },
    { (void*)sFrames18, (void*)sPoseAnims, (void*)sTiles18, 0, { 0, 0, 0 } },
    { (void*)sFrames19, (void*)sPoseAnims, (void*)sTiles19, 0, { 0, 0, 0 } },
    { (void*)sFrames20, (void*)sPoseAnims, (void*)sTiles20, 0, { 0, 0, 0 } },
    { (void*)sFrames21, (void*)sPoseAnims, (void*)sTiles21, 0, { 0, 0, 0 } },
    { (void*)sFrames22, (void*)sPoseAnims, (void*)sTiles22, 0, { 0, 0, 0 } },
    { (void*)sFrames23, (void*)sPoseAnims, (void*)sTiles23, 0, { 0, 0, 0 } },
    { (void*)sFrames24, (void*)sPoseAnims, (void*)sTiles24, 0, { 0, 0, 0 } },
    { (void*)sFrames25, (void*)sPoseAnims, (void*)sTiles25, 0, { 0, 0, 0 } },
    { (void*)sFrames26, (void*)sPoseAnims, (void*)sTiles26, 0, { 0, 0, 0 } },
    { (void*)sFrames27, (void*)sPoseAnims, (void*)sTiles27, 0, { 0, 0, 0 } },
    { (void*)sFrames28, (void*)sPoseAnims, (void*)sTiles28, 0, { 0, 0, 0 } },
    { (void*)sFrames29, (void*)sPoseAnims, (void*)sTiles29, 0, { 0, 0, 0 } },
    { (void*)sFrames30, (void*)sPoseAnims, (void*)sTiles30, 0, { 0, 0, 0 } },
    { (void*)sFrames31, (void*)sPoseAnims, (void*)sTiles31, 0, { 0, 0, 0 } },
    { (void*)sFrames32, (void*)sPoseAnims, (void*)sTiles32, 0, { 0, 0, 0 } },
    { (void*)sFrames33, (void*)sPoseAnims, (void*)sTiles33, 0, { 0, 0, 0 } },
    { (void*)sFrames34, (void*)sPoseAnims, (void*)sTiles34, 0, { 0, 0, 0 } },
    { (void*)sFrames35, (void*)sPoseAnims, (void*)sTiles35, 0, { 0, 0, 0 } },
    { (void*)sFrames36, (void*)sPoseAnims, (void*)sTiles36, 0, { 0, 0, 0 } },
    { (void*)sFrames37, (void*)sPoseAnims, (void*)sTiles37, 0, { 0, 0, 0 } },
    { (void*)sFrames38, (void*)sPoseAnims, (void*)sTiles38, 0, { 0, 0, 0 } },
    { (void*)sFrames39, (void*)sPoseAnims, (void*)sTiles39, 0, { 0, 0, 0 } },
    { (void*)sFrames40, (void*)sPoseAnims, (void*)sTiles40, 0, { 0, 0, 0 } },
    { (void*)sFrames41, (void*)sPoseAnims, (void*)sTiles41, 0, { 0, 0, 0 } },
    { (void*)sFrames42, (void*)sPoseAnims, (void*)sTiles42, 0, { 0, 0, 0 } },
    { (void*)sFrames43, (void*)sPoseAnims, (void*)sTiles43, 0, { 0, 0, 0 } },
    { (void*)sFrames44, (void*)sPoseAnims, (void*)sTiles44, 0, { 0, 0, 0 } },
    { (void*)sFrames45, (void*)sPoseAnims, (void*)sTiles45, 0, { 0, 0, 0 } },
    { (void*)sFrames46, (void*)sPoseAnims, (void*)sTiles46, 0, { 0, 0, 0 } },
    { (void*)sFrames47, (void*)sPoseAnims, (void*)sTiles47, 0, { 0, 0, 0 } },
    { (void*)sFrames48, (void*)sPoseAnims, (void*)sTiles48, 0, { 0, 0, 0 } },
    { (void*)sFrames49, (void*)sPoseAnims, (void*)sTiles49, 0, { 0, 0, 0 } },
    { (void*)sFrames50, (void*)sPoseAnims, (void*)sTiles50, 0, { 0, 0, 0 } },
    { (void*)sFrames51, (void*)sPoseAnims, (void*)sTiles51, 0, { 0, 0, 0 } },
    { (void*)sFrames52, (void*)sPoseAnims, (void*)sTiles52, 0, { 0, 0, 0 } },
    { (void*)sFrames53, (void*)sPoseAnims, (void*)sTiles53, 0, { 0, 0, 0 } },
    { (void*)sFrames54, (void*)sPoseAnims, (void*)sTiles54, 0, { 0, 0, 0 } },
    { (void*)sFrames55, (void*)sPoseAnims, (void*)sTiles55, 0, { 0, 0, 0 } },
    { (void*)sFrames56, (void*)sPoseAnims, (void*)sTiles56, 0, { 0, 0, 0 } },
    { (void*)sFrames57, (void*)sPoseAnims, (void*)sTiles57, 0, { 0, 0, 0 } },
    { (void*)sFrames58, (void*)sPoseAnims, (void*)sTiles58, 0, { 0, 0, 0 } },
    { (void*)sFrames59, (void*)sPoseAnims, (void*)sTiles59, 0, { 0, 0, 0 } },
    { (void*)sFrames60, (void*)sPoseAnims, (void*)sTiles60, 0, { 0, 0, 0 } },
    { (void*)sFrames61, (void*)sPoseAnims, (void*)sTiles61, 0, { 0, 0, 0 } },
    { (void*)sFrames62, (void*)sPoseAnims, (void*)sTiles62, 0, { 0, 0, 0 } },
    { (void*)sFrames63, (void*)sPoseAnims, (void*)sTiles63, 0, { 0, 0, 0 } },
    { (void*)sFrames64, (void*)sPoseAnims, (void*)sTiles64, 0, { 0, 0, 0 } },
    { (void*)sFrames65, (void*)sPoseAnims, (void*)sTiles65, 0, { 0, 0, 0 } },
};

static const RogueClipStep sClip_idle[] = {
    { 0, 6, 0, 0, 0, 0 },
    { 1, 6, 0, 0, 0, 0 },
    { 2, 6, 0, 0, 0, 0 },
    { 3, 6, 0, 0, 0, 0 },
    { 4, 6, 0, 0, 0, 0 },
    { 5, 6, 0, 0, 0, 0 },
    { 6, 6, 0, 0, 0, 0 },
    { 7, 6, 0, 0, 0, 0 },
    { 0, 0, 0, 0, 0, 0 },
};
static const RogueClipStep sClip_run[] = {
    { 8, 4, 0, 0, 0, 0 },
    { 9, 4, 0, 0, 0, 0 },
    { 10, 4, 0, 0, 0, 0 },
    { 11, 4, 0, 0, 0, 0 },
    { 12, 4, 0, 0, 0, 0 },
    { 13, 4, 0, 0, 0, 0 },
    { 14, 4, 0, 0, 0, 0 },
    { 15, 4, 0, 0, 0, 0 },
    { 0, 0, 0, 0, 0, 0 },
};
static const RogueClipStep sClip_hurt[] = {
    { 16, 6, 0, 0, 0, 0 },
    { 17, 12, 0, 0, 0, 0 },
    { 0, 0, 0, 0, 0, 0 },
};
static const RogueClipStep sClip_combo[] = {
    { 18, 6, 0, 0, 0, 0 },
    { 19, 4, 2, 0, 1, 50 },
    { 20, 4, 0, 0, 0, 0 },
    { 21, 4, 0, 0, 1, 50 },
    { 22, 5, 0, 0, 0, 0 },
    { 23, 4, 0, 0, 0, 0 },
    { 24, 5, 3, 0, 3, 55 },
    { 25, 8, 0, 0, 0, 0 },
    { 0, 0, 0, 0, 0, 0 },
};
static const RogueClipStep sClip_arcs[] = {
    { 26, 6, 0, 0, 0, 0 },
    { 27, 4, 3, 0, 1, 55 },
    { 28, 5, 0, 0, 1, 55 },
    { 29, 4, 0, 0, 0, 0 },
    { 30, 5, 3, 0, 3, 65 },
    { 31, 5, 0, 0, 0, 0 },
    { 32, 8, 0, 0, 0, 0 },
    { 0, 0, 0, 0, 0, 0 },
};
static const RogueClipStep sClip_rising[] = {
    { 33, 6, 0, 0, 0, 0 },
    { 34, 4, 2, 0, 1, 50 },
    { 35, 5, 0, 0, 3, 55 },
    { 36, 5, 0, 0, 0, 0 },
    { 37, 8, 0, 0, 0, 0 },
    { 0, 0, 0, 0, 0, 0 },
};
static const RogueClipStep sClip_raid[] = {
    { 38, 8, 0, 0, 0, 0 },
    { 39, 5, 0, 0, 0, 0 },
    { 40, 6, 0, 0, 5, ROGUE_MOVE_RAID },
    { 41, 30, 0, 0, 0, 0 },
    { 42, 6, 0, 0, 0, 0 },
    { 43, 8, 0, 0, 0, 0 },
    { 0, 0, 0, 0, 0, 0 },
};
static const RogueClipStep sClip_fire[] = {
    { 44, 6, 0, 0, 0, 0 },
    { 45, 6, 0, 0, 0, 0 },
    { 46, 8, 0, 0, 6, ROGUE_MOVE_FIREBALL },
    { 47, 16, 0, 0, 0, 0 },
    { 48, 6, 0, 0, 0, 0 },
    { 0, 0, 0, 0, 0, 0 },
};
static const RogueClipStep sClip_ice[] = {
    { 48, 5, 0, 0, 0, 0 },
    { 49, 5, 0, 0, 0, 0 },
    { 47, 8, 0, 0, 5, ROGUE_MOVE_NEEDLES },
    { 50, 10, 0, 0, 0, 0 },
    { 51, 6, 0, 0, 0, 0 },
    { 0, 0, 0, 0, 0, 0 },
};
static const RogueClipStep sClip_sonic[] = {
    { 52, 12, 0, 0, 0, 0 },
    { 53, 3, 0, 0, 8, 1 },
    { 54, 6, 0, 0, 3, 60 },
    { 55, 10, 0, 0, 0, 0 },
    { 0, 0, 0, 0, 0, 0 },
};
static const RogueClipStep sClip_cure[] = {
    { 48, 6, 0, 0, 0, 0 },
    { 49, 6, 0, 0, 0, 0 },
    { 47, 10, 0, 0, 12, 1 },
    { 50, 12, 0, 0, 11, 1 },
    { 51, 8, 0, 0, 0, 0 },
    { 0, 0, 0, 0, 0, 0 },
};
static const RogueClipStep sClip_ars[] = {
    { 56, 5, 0, 0, 0, 0 },
    { 57, 4, 0, 0, 0, 0 },
    { 58, 4, 0, 0, 4, 55 },
    { 59, 4, 0, 0, 0, 0 },
    { 60, 4, 0, 0, 4, 60 },
    { 61, 4, 0, 0, 0, 0 },
    { 62, 5, 0, 0, 4, 60 },
    { 63, 4, 0, 0, 0, 0 },
    { 64, 5, 0, 0, 3, 60 },
    { 65, 10, 0, 0, 0, 0 },
    { 0, 0, 0, 0, 0, 0 },
};
const RogueClipStep* const gRogueSoraKh2Clips[ROGUE_SORA_KH2_CLIPS] = {
    sClip_idle, sClip_run, sClip_hurt, sClip_combo, sClip_arcs, sClip_rising, sClip_raid, sClip_fire, sClip_ice, sClip_sonic, sClip_cure, sClip_ars,
};

const u8 gRogueFxRaidTiles[2208] __attribute__((aligned(4))) = {
    0x08, 0x00, 0x00, 0x99, 0x73, 0xA8, 0x6A, 0x46, 0x77, 0x98, 0x29, 0x42, 0x98, 0x26, 0x64, 0xAA,
    0xA0, 0x24, 0xA2, 0x85, 0x49, 0xA9, 0x8A, 0x58, 0x2A, 0xA6, 0xA0, 0x8A, 0x6A, 0x94, 0xAA, 0xA0,
    0x00, 0x00, 0x00, 0x00, 0x96, 0x09, 0x00, 0x00, 0x22, 0x96, 0x09, 0x00, 0x49, 0x22, 0x94, 0x09,
    0xA8, 0x6A, 0x22, 0x96, 0x85, 0xA8, 0x4A, 0x94, 0x58, 0x95, 0x44, 0x0A, 0x8A, 0x26, 0xA6, 0x00,
    0xA0, 0x49, 0x96, 0xAA, 0x00, 0x9A, 0x44, 0x46, 0x00, 0x00, 0x9A, 0x44, 0x00, 0x00, 0xA0, 0x9A,
    0x00, 0x00, 0x00, 0x00, 0x00, 0x00, 0x88, 0x58, 0x00, 0x80, 0x35, 0x88, 0x00, 0x80, 0x13, 0x35,
    0x96, 0x24, 0xA2, 0x00, 0x42, 0xA9, 0x5A, 0x00, 0xA6, 0x0A, 0x30, 0x00, 0x0A, 0x00, 0x50, 0x00,
    0x00, 0x30, 0x05, 0x00, 0x35, 0x55, 0x00, 0x00, 0x00, 0x00, 0x00, 0x00, 0x08, 0x00, 0x00, 0x00,
    0x00, 0x80, 0x58, 0x08, 0x80, 0x15, 0x31, 0x88, 0x38, 0x31, 0x13, 0x35, 0x58, 0x53, 0x35, 0x13,
    0x80, 0x58, 0x53, 0x35, 0x00, 0x80, 0x58, 0x53, 0x00, 0x00, 0x80, 0x58, 0x00, 0x00, 0x00, 0x80,
    0x00, 0x00, 0x00, 0x00, 0x00, 0x00, 0x00, 0x00, 0x58, 0x08, 0x00, 0x00, 0x31, 0x08, 0x00, 0x00,
    0x53, 0x08, 0x00, 0x00, 0x85, 0x05, 0x00, 0x00, 0x13, 0x51, 0x05, 0x00, 0x58, 0x13, 0x51, 0x05,
    0x80, 0x58, 0x13, 0x51, 0x00, 0x80, 0x58, 0x13, 0x00, 0x00, 0x80, 0x58, 0x00, 0x00, 0x00, 0x80,
    0x00, 0x00, 0x00, 0x00, 0x00, 0x00, 0x00, 0x00, 0x00, 0x00, 0x00, 0x00, 0x00, 0x00, 0x00, 0x00,
    0x00, 0x00, 0x88, 0x88, 0x00, 0x00, 0x00, 0x00, 0x00, 0x00, 0x00, 0x00, 0x00, 0x00, 0x00, 0x00,
    0x00, 0x00, 0x00, 0x00, 0x00, 0x00, 0x00, 0x00, 0x00, 0x00, 0x00, 0x00, 0x00, 0x00, 0x00, 0x00,
    0x00, 0x00, 0x00, 0x00, 0x00, 0x00, 0x00, 0x13, 0x00, 0x50, 0x11, 0x31, 0x80, 0x13, 0x33, 0x35,
    0x38, 0x31, 0x13, 0x53, 0x58, 0x53, 0x35, 0x13, 0x80, 0x58, 0x53, 0x35, 0x00, 0x80, 0x58, 0x53,
    0x00, 0x13, 0x11, 0x31, 0x11, 0x31, 0x53, 0x00, 0x33, 0x55, 0x00, 0x00, 0x33, 0x03, 0x00, 0x00,
    0x53, 0x35, 0x03, 0x00, 0x35, 0x53, 0x00, 0x00, 0x53, 0x08, 0x00, 0x00, 0x85, 0x05, 0x00, 0x00,
    0x00, 0x00, 0x80, 0x58, 0x00, 0x00, 0x00, 0x80, 0x00, 0x00, 0x00, 0x00, 0x00, 0x00, 0x00, 0x00,
    0x00, 0x00, 0x00, 0x00, 0x00, 0x00, 0x00, 0x00, 0x00, 0x00, 0x00, 0x00, 0x00, 0x00, 0x00, 0x00,
    0x13, 0x51, 0x05, 0x00, 0x58, 0x13, 0x51, 0x05, 0x80, 0x58, 0x13, 0x51, 0x00, 0x80, 0x58, 0x13,
    0x00, 0x00, 0x80, 0x58, 0x00, 0x00, 0x00, 0x80, 0x00, 0x00, 0x00, 0x00, 0x00, 0x00, 0x00, 0x00,
    0x00, 0x00, 0x00, 0x00, 0x00, 0x00, 0x00, 0x00, 0x08, 0x00, 0x00, 0x99, 0x73, 0xA8, 0x6A, 0x46,
    0x77, 0x98, 0x29, 0x42, 0x98, 0x26, 0x64, 0xAA, 0xA0, 0x24, 0xA2, 0x85, 0x49, 0xA9, 0x8A, 0x58,
    0x00, 0x00, 0x00, 0x00, 0x00, 0x00, 0x00, 0x00, 0x00, 0x00, 0x00, 0x00, 0x96, 0x09, 0x00, 0x00,
    0x22, 0x96, 0x09, 0x00, 0x49, 0x22, 0x94, 0x09, 0xA8, 0x6A, 0x22, 0x96, 0x85, 0xA8, 0x4A, 0x94,
    0x2A, 0xA6, 0xA0, 0x8A, 0x6A, 0x94, 0xAA, 0xA0, 0xA0, 0x49, 0x96, 0xAA, 0x00, 0x9A, 0x44, 0x46,
    0x00, 0x00, 0x9A, 0x44, 0x00, 0x00, 0xA0, 0x9A, 0x00, 0x00, 0x00, 0x00, 0x00, 0x00, 0x88, 0x58,
    0x58, 0x95, 0x44, 0x0A, 0x8A, 0x26, 0xA6, 0x00, 0x96, 0x24, 0xA2, 0x00, 0x42, 0xA9, 0x5A, 0x00,
    0xA6, 0x0A, 0x30, 0x00, 0x0A, 0x00, 0x50, 0x00, 0x00, 0x30, 0x05, 0x00, 0x35, 0x55, 0x00, 0x00,
    0x00, 0x80, 0x35, 0x88, 0x00, 0x80, 0x13, 0x35, 0x00, 0x00, 0x88, 0x88, 0x00, 0x00, 0x00, 0x00,
    0x00, 0x00, 0x00, 0x00, 0x00, 0x00, 0x00, 0x00, 0x00, 0x00, 0x00, 0x00, 0x00, 0x00, 0x00, 0x00,
    0x00, 0x00, 0x00, 0x00, 0x08, 0x00, 0x00, 0x00, 0x00, 0x00, 0x00, 0x00, 0x00, 0x00, 0x00, 0x00,
    0x00, 0x00, 0x00, 0x00, 0x00, 0x00, 0x00, 0x00, 0x00, 0x00, 0x00, 0x00, 0x00, 0x00, 0x00, 0x00,
    0x03, 0x00, 0x00, 0x00, 0x00, 0x00, 0x00, 0x00, 0x00, 0x00, 0x00, 0x00, 0x00, 0x00, 0x00, 0x00,
    0x00, 0x00, 0x00, 0x00, 0x00, 0x00, 0x00, 0x00, 0x00, 0x00, 0x00, 0x00, 0x00, 0x00, 0x00, 0x00,
    0x00, 0x00, 0x00, 0x00, 0x00, 0x00, 0x00, 0x00, 0x00, 0x00, 0x00, 0x00, 0x00, 0x00, 0x00, 0x00,
    0x00, 0x00, 0x00, 0x80, 0x60, 0x66, 0x96, 0x24, 0x26, 0x22, 0x92, 0x46, 0x49, 0x64, 0xAA, 0x69,
    0x00, 0x00, 0x00, 0x55, 0x00, 0x50, 0x53, 0x00, 0x50, 0x55, 0x00, 0x00, 0x35, 0x00, 0x00, 0x00,
    0x08, 0x00, 0x00, 0x00, 0x48, 0x69, 0x66, 0x06, 0x62, 0x29, 0x22, 0x62, 0x96, 0xAA, 0x46, 0x94,
    0x6A, 0x94, 0x00, 0x8A, 0x90, 0x94, 0x00, 0x5A, 0xA0, 0x66, 0x0A, 0x5A, 0x00, 0x69, 0x22, 0xA9,
    0x00, 0x6A, 0x46, 0x26, 0x00, 0xA0, 0xAA, 0x49, 0x00, 0x00, 0x00, 0x78, 0x00, 0x00, 0x00, 0x55,
    0xA8, 0x00, 0x49, 0xA6, 0xA8, 0x00, 0x49, 0x09, 0xA8, 0xA0, 0x66, 0x0A, 0x9A, 0x22, 0x96, 0x00,
    0x62, 0x64, 0xA6, 0x00, 0x96, 0xAA, 0x0A, 0x00, 0x87, 0x00, 0x00, 0x00, 0x83, 0x00, 0x00, 0x00,
    0x00, 0x00, 0x00, 0x35, 0x00, 0x00, 0x00, 0x35, 0x00, 0x00, 0x00, 0x38, 0x00, 0x00, 0x00, 0x38,
    0x00, 0x00, 0x88, 0x35, 0x00, 0x80, 0x31, 0x35, 0x00, 0x50, 0x55, 0x35, 0x00, 0x00, 0x58, 0x38,
    0x83, 0x00, 0x00, 0x00, 0x83, 0x00, 0x00, 0x00, 0x83, 0x00, 0x00, 0x00, 0x83, 0x00, 0x00, 0x00,
    0x83, 0x00, 0x00, 0x00, 0x85, 0x00, 0x00, 0x00, 0x85, 0x00, 0x00, 0x00, 0x85, 0x00, 0x00, 0x00,
    0x00, 0x80, 0x53, 0x38, 0x00, 0x80, 0x58, 0x58, 0x00, 0x00, 0x80, 0x88, 0x00, 0x00, 0x00, 0x00,
    0x00, 0x00, 0x00, 0x00, 0x00, 0x00, 0x00, 0x00, 0x00, 0x00, 0x00, 0x00, 0x00, 0x00, 0x00, 0x00,
    0x85, 0x00, 0x00, 0x00, 0x85, 0x00, 0x00, 0x00, 0x08, 0x00, 0x00, 0x00, 0x00, 0x00, 0x00, 0x00,
    0x00, 0x00, 0x00, 0x00, 0x00, 0x00, 0x00, 0x00, 0x00, 0x00, 0x00, 0x00, 0x00, 0x00, 0x00, 0x00,
    0x55, 0x58, 0x08, 0x00, 0x80, 0x13, 0x85, 0x00, 0x00, 0x88, 0x08, 0x00, 0x00, 0x00, 0x00, 0x00,
    0x00, 0x00, 0x00, 0x00, 0x00, 0x00, 0x00, 0x00, 0x00, 0x00, 0x00, 0x00, 0x00, 0x00, 0x00, 0x00,
    0x00, 0x00, 0x00, 0x00, 0x00, 0x00, 0x00, 0x00, 0x00, 0x00, 0x00, 0x00, 0x00, 0x00, 0x00, 0x00,
    0x00, 0x00, 0x00, 0x00, 0x00, 0x00, 0x00, 0x66, 0x00, 0x00, 0x60, 0x22, 0x00, 0x00, 0x90, 0x44,
    0x00, 0x00, 0x00, 0x00, 0x00, 0x00, 0x00, 0x00, 0x00, 0x00, 0x00, 0x55, 0x00, 0x00, 0x50, 0x03,
    0x00, 0x00, 0x88, 0x00, 0x66, 0x49, 0x82, 0x94, 0x22, 0x69, 0x24, 0x96, 0xA6, 0x9A, 0x66, 0xA9,
    0x00, 0x00, 0xA0, 0x46, 0x00, 0x00, 0x00, 0x49, 0x00, 0x00, 0x00, 0x6A, 0x00, 0x00, 0x00, 0x90,
    0x00, 0x00, 0x00, 0xA0, 0x00, 0x00, 0x00, 0x00, 0x00, 0x00, 0x00, 0x00, 0x00, 0x00, 0x00, 0x00,
    0x09, 0xA0, 0x88, 0x0A, 0x09, 0xA0, 0x85, 0x0A, 0xA6, 0xA0, 0x85, 0x0A, 0x26, 0x92, 0xAA, 0x29,
    0x66, 0x64, 0x22, 0x46, 0xAA, 0x9A, 0x64, 0xA9, 0x00, 0x80, 0x77, 0x08, 0x00, 0x50, 0x35, 0x08,
    0x00, 0x00, 0x00, 0x00, 0x00, 0x00, 0x00, 0x00, 0x00, 0x00, 0x00, 0x00, 0x00, 0x00, 0x00, 0x00,
    0x00, 0x00, 0x00, 0x00, 0x00, 0x00, 0x00, 0x30, 0x03, 0x00, 0x30, 0x33, 0x30, 0x33, 0x55, 0x15,
    0x00, 0x50, 0x33, 0x08, 0x00, 0x50, 0x33, 0x08, 0x00, 0x85, 0x33, 0x08, 0x00, 0x80, 0x33, 0x08,
    0x80, 0x58, 0x33, 0x08, 0x13, 0x53, 0x53, 0x08, 0x55, 0x55, 0x53, 0x08, 0x33, 0x85, 0x53, 0x08,
    0x00, 0x13, 0x31, 0x33, 0x00, 0x00, 0x13, 0x11, 0x00, 0x00, 0x00, 0x00, 0x00, 0x00, 0x00, 0x00,
    0x00, 0x00, 0x00, 0x00, 0x00, 0x00, 0x00, 0x00, 0x00, 0x00, 0x00, 0x00, 0x00, 0x00, 0x00, 0x00,
    0x53, 0x85, 0x53, 0x08, 0x33, 0x53, 0x55, 0x08, 0x13, 0x31, 0x85, 0x00, 0x00, 0x00, 0x00, 0x00,
    0x00, 0x00, 0x00, 0x00, 0x00, 0x00, 0x00, 0x00, 0x00, 0x00, 0x00, 0x00, 0x00, 0x00, 0x00, 0x00,
    0x00, 0x50, 0x55, 0x85, 0x35, 0x05, 0x00, 0x38, 0x05, 0x00, 0x00, 0x80, 0x00, 0x00, 0x00, 0x00,
    0x00, 0x00, 0x00, 0x00, 0x66, 0x66, 0x00, 0x00, 0x22, 0x22, 0x06, 0x00, 0x6A, 0x44, 0x09, 0x00,
    0x85, 0x00, 0x00, 0x00, 0x51, 0x08, 0x00, 0x00, 0x88, 0x00, 0x00, 0x00, 0x00, 0x00, 0x00, 0x00,
    0x00, 0x00, 0x00, 0x00, 0x00, 0x00, 0x00, 0x00, 0x00, 0x00, 0x00, 0x00, 0x00, 0x00, 0x00, 0x00,
    0x90, 0x64, 0x0A, 0x00, 0x90, 0x94, 0x00, 0x00, 0x6A, 0xA6, 0x00, 0x00, 0x62, 0x09, 0x00, 0x00,
    0x66, 0x0A, 0x00, 0x00, 0xAA, 0x00, 0x00, 0x00, 0x00, 0x00, 0x00, 0x00, 0x00, 0x00, 0x00, 0x00,
    0x00, 0x00, 0x00, 0x00, 0x00, 0x00, 0x00, 0x80, 0x00, 0x00, 0x50, 0x53, 0x00, 0x00, 0x55, 0x00,
    0x00, 0x30, 0x05, 0x00, 0x00, 0x55, 0x00, 0x00, 0x00, 0x05, 0x00, 0x90, 0x00, 0x03, 0x90, 0x49,
    0x88, 0x88, 0x00, 0x00, 0x53, 0x33, 0x08, 0x00, 0x88, 0x31, 0x08, 0x00, 0x38, 0x85, 0x00, 0x00,
    0x80, 0x08, 0x00, 0x00, 0x00, 0x00, 0x00, 0x00, 0x44, 0x09, 0x00, 0x00, 0x22, 0x92, 0x09, 0x00,
    0x00, 0x85, 0x96, 0x24, 0x00, 0x98, 0x42, 0x69, 0x00, 0x69, 0x22, 0xA6, 0x60, 0x94, 0x69, 0x58,
    0x49, 0x62, 0xAA, 0x8A, 0x69, 0x44, 0x22, 0xA9, 0xA0, 0x6A, 0x66, 0x22, 0x00, 0xA0, 0x9A, 0x66,
    0x64, 0x24, 0x64, 0x00, 0xAA, 0x69, 0x42, 0x09, 0x08, 0xAA, 0x69, 0x94, 0x85, 0x08, 0x9A, 0x96,
    0x58, 0x85, 0x6A, 0x96, 0x8A, 0x88, 0x96, 0x06, 0xA6, 0x4A, 0x42, 0x89, 0x44, 0x96, 0x96, 0x77,
    0x00, 0x00, 0x00, 0x99, 0x00, 0x00, 0x00, 0x00, 0x00, 0x00, 0x00, 0x00, 0x00, 0x00, 0x00, 0x00,
    0x00, 0x00, 0x00, 0x00, 0x00, 0x00, 0x00, 0x00, 0x00, 0x00, 0x00, 0x00, 0x00, 0x00, 0x00, 0x00,
    0x96, 0xA9, 0x8A, 0x37, 0x00, 0x00, 0x00, 0x80, 0x00, 0x00, 0x00, 0x00, 0x00, 0x00, 0x00, 0x00,
    0x00, 0x00, 0x00, 0x00, 0x00, 0x00, 0x00, 0x00, 0x00, 0x00, 0x00, 0x00, 0x00, 0x00, 0x00, 0x00,
    0x13, 0x51, 0x05, 0x00, 0x38, 0x13, 0x51, 0x05, 0x80, 0x38, 0x13, 0x51, 0x00, 0x80, 0x38, 0x13,
    0x00, 0x00, 0x80, 0x38, 0x00, 0x00, 0x00, 0x80, 0x00, 0x00, 0x00, 0x58, 0x00, 0x00, 0x00, 0x38,
    0x00, 0x00, 0x00, 0x00, 0x00, 0x00, 0x00, 0x00, 0x05, 0x00, 0x00, 0x00, 0x51, 0x05, 0x00, 0x00,
    0x13, 0x51, 0x05, 0x00, 0x35, 0x13, 0x51, 0x05, 0x55, 0x35, 0x13, 0x51, 0x35, 0x53, 0x35, 0x83,
    0x00, 0x00, 0x00, 0x00, 0x00, 0x00, 0x00, 0x00, 0x00, 0x00, 0x00, 0x00, 0x00, 0x00, 0x00, 0x00,
    0x00, 0x00, 0x00, 0x00, 0x00, 0x00, 0x00, 0x00, 0x08, 0x00, 0x00, 0x00, 0x53, 0x05, 0x00, 0x00,
    0x88, 0x35, 0x85, 0x08, 0x00, 0x88, 0x08, 0x00, 0x00, 0x00, 0x00, 0x00, 0x00, 0x00, 0x00, 0x00,
    0x00, 0x00, 0x00, 0x00, 0x00, 0x00, 0x00, 0x00, 0x00, 0x00, 0x00, 0x00, 0x00, 0x00, 0x00, 0x00,
    0x13, 0x51, 0x05, 0x00, 0x38, 0x13, 0x51, 0x05, 0x80, 0x38, 0x13, 0x51, 0x00, 0x80, 0x38, 0x13,
    0x00, 0x00, 0x80, 0x38, 0x00, 0x00, 0x00, 0x80, 0x00, 0x00, 0x00, 0x58, 0x00, 0x00, 0x50, 0x35,
    0x00, 0x00, 0x00, 0x00, 0x00, 0x00, 0x00, 0x00, 0x05, 0x00, 0x00, 0x00, 0x51, 0x05, 0x00, 0x00,
    0x13, 0x51, 0x05, 0x00, 0x35, 0x13, 0x51, 0x05, 0x55, 0x35, 0x13, 0x51, 0x35, 0x53, 0x35, 0x83,
    0x00, 0x00, 0x33, 0x33, 0x00, 0x00, 0x50, 0x35, 0x33, 0x11, 0x11, 0x11, 0x00, 0x00, 0x00, 0x00,
    0x00, 0x00, 0x00, 0x00, 0x00, 0x00, 0x00, 0x00, 0x00, 0x00, 0x00, 0x00, 0x00, 0x00, 0x00, 0x00,
    0x33, 0x35, 0x51, 0x08, 0x11, 0x31, 0x05, 0x00, 0x33, 0x00, 0x00, 0x00, 0x00, 0x00, 0x00, 0x00,
    0x00, 0x00, 0x00, 0x00, 0x00, 0x00, 0x00, 0x00, 0x00, 0x00, 0x00, 0x00, 0x00, 0x00, 0x00, 0x00,
    0x00, 0x00, 0x00, 0x99, 0x00, 0x00, 0x00, 0x00, 0x00, 0x00, 0x00, 0x00, 0x00, 0x00, 0x00, 0x00,
    0x00, 0x00, 0x00, 0x00, 0x00, 0x00, 0x00, 0x00, 0x00, 0x00, 0x00, 0x00, 0x00, 0x00, 0x00, 0x00,
    0x96, 0xA9, 0x8A, 0x37, 0x00, 0x00, 0x00, 0x80, 0x00, 0x00, 0x00, 0x00, 0x00, 0x00, 0x00, 0x00,
    0x00, 0x00, 0x00, 0x00, 0x00, 0x00, 0x00, 0x00, 0x00, 0x00, 0x00, 0x00, 0x00, 0x00, 0x00, 0x00,
    0x00, 0x00, 0x50, 0x85, 0x00, 0x00, 0x35, 0x31, 0x00, 0x00, 0x35, 0x55, 0x00, 0x00, 0x35, 0x53,
    0x00, 0x00, 0x35, 0x51, 0x00, 0x00, 0x35, 0x31, 0x00, 0x00, 0x38, 0x31, 0x00, 0x00, 0x38, 0x51,
    0x58, 0x00, 0x00, 0x00, 0x11, 0x05, 0x00, 0x00, 0x33, 0x08, 0x00, 0x00, 0x51, 0x00, 0x00, 0x00,
    0x31, 0x05, 0x00, 0x00, 0x53, 0x08, 0x00, 0x00, 0x88, 0x00, 0x00, 0x00, 0x00, 0x00, 0x00, 0x00,
    0x00, 0x00, 0x38, 0x81, 0x00, 0x00, 0x38, 0x81, 0x00, 0x00, 0x58, 0x83, 0x00, 0x00, 0x58, 0x83,
    0x00, 0x00, 0x78, 0x87, 0x90, 0x44, 0x89, 0x98, 0x6A, 0x22, 0x26, 0x62, 0x29, 0xA9, 0x49, 0x92,
    0x00, 0x00, 0x00, 0x00, 0x00, 0x00, 0x00, 0x00, 0x00, 0x00, 0x00, 0x00, 0x00, 0x00, 0x00, 0x00,
    0x00, 0x00, 0x00, 0x00, 0x44, 0x09, 0x00, 0x00, 0x22, 0xA6, 0x00, 0x00, 0x9A, 0x92, 0x00, 0x00,
    0x00, 0x00, 0x00, 0xA0, 0x00, 0x00, 0x00, 0x90, 0x00, 0x00, 0x00, 0x6A, 0x00, 0x00, 0x00, 0x49,
    0x00, 0x00, 0x00, 0x6A, 0x00, 0x00, 0x00, 0xA0, 0x80, 0x88, 0x00, 0x00, 0x58, 0x31, 0x08, 0x00,
    0x44, 0x0A, 0x8A, 0xA8, 0x92, 0x00, 0x8A, 0xA5, 0x94, 0x00, 0x8A, 0xA5, 0x29, 0xA2, 0xA9, 0x9A,
    0x44, 0x94, 0x24, 0x44, 0xAA, 0x9A, 0x26, 0x62, 0x00, 0x00, 0x90, 0x09, 0x00, 0x50, 0x53, 0x00,
    0x80, 0x85, 0x55, 0x55, 0x00, 0x00, 0x00, 0x00, 0x00, 0x00, 0x00, 0x00, 0x00, 0x00, 0x00, 0x00,
    0x00, 0x00, 0x00, 0x00, 0x00, 0x00, 0x00, 0x00, 0x00, 0x00, 0x00, 0x00, 0x00, 0x00, 0x00, 0x00,
    0x35, 0x55, 0x05, 0x00, 0x00, 0x00, 0x00, 0x00, 0x00, 0x00, 0x00, 0x00, 0x00, 0x00, 0x00, 0x00,
    0x00, 0x00, 0x00, 0x00, 0x00, 0x00, 0x00, 0x00, 0x00, 0x00, 0x00, 0x00, 0x00, 0x00, 0x00, 0x00,
    0xA0, 0x44, 0x0A, 0x00, 0x00, 0x29, 0x09, 0x00, 0x00, 0x49, 0xA6, 0x00, 0x2A, 0x92, 0x94, 0x00,
    0x49, 0x44, 0x96, 0x00, 0xAA, 0xAA, 0x0A, 0x00, 0x00, 0x00, 0x00, 0x00, 0x00, 0x00, 0x00, 0x00,
    0x00, 0x00, 0x50, 0x13, 0x00, 0x00, 0x35, 0x31, 0x00, 0x00, 0x35, 0x55, 0x00, 0x00, 0x35, 0x53,
    0x00, 0x00, 0x35, 0x51, 0x00, 0x00, 0x35, 0x31, 0x00, 0x00, 0x38, 0x31, 0x00, 0x00, 0x38, 0x51,
    0x11, 0x31, 0x00, 0x00, 0x11, 0x13, 0x11, 0x03, 0x33, 0x55, 0x33, 0x13, 0x51, 0x33, 0x53, 0x55,
    0x31, 0x55, 0x00, 0x00, 0x53, 0x33, 0x00, 0x00, 0x88, 0x00, 0x00, 0x00, 0x00, 0x00, 0x00, 0x00,
    0x00, 0x00, 0x38, 0x81, 0x00, 0x00, 0x58, 0x83, 0x00, 0x00, 0x58, 0x83, 0x00, 0x00, 0x58, 0x83,
    0x00, 0x00, 0x78, 0x87, 0x90, 0x44, 0x89, 0x98, 0x6A, 0x22, 0x26, 0x62, 0x29, 0xA9, 0x49, 0x92,
    0x00, 0x00, 0x00, 0x00, 0x00, 0x00, 0x00, 0x00, 0x00, 0x00, 0x00, 0x00, 0x00, 0x00, 0x00, 0x00,
    0x00, 0x00, 0x00, 0x00, 0x44, 0x09, 0x00, 0x00, 0x22, 0xA6, 0x00, 0x00, 0x9A, 0x92, 0x00, 0x00,
    0x00, 0x00, 0x00, 0x00, 0x00, 0x00, 0x00, 0x00, 0x03, 0x00, 0x00, 0x00, 0x30, 0x00, 0x00, 0x00,
    0x00, 0x00, 0x00, 0x00, 0x00, 0x00, 0x00, 0x00, 0x00, 0x00, 0x00, 0x00, 0x00, 0x00, 0x00, 0x00,
};
const u16 gRogueFxRaidPalette[16] = {
    0x4907, 0x7BDC, 0x2BBE, 0x6671, 0x0E18, 0x3D68, 0x0952, 0x64C3,
    0x1481, 0x006D, 0x0006, 0x0000, 0x0000, 0x0000, 0x0000, 0x0000,
};
static const u16 sFxRaidFrame0[] = {
    0x0004, 0x00FC, 0x4000, 0x0000, 0x40F4, 0x01F0, 0x0004, 0x00FC, 0x01F8, 0x0006, 0x000C, 0x0000,
    0x0007, 0x0000,
};
static const u16 sFxRaidFrame1[] = {
    0x0004, 0x00F3, 0x41F0, 0x0008, 0x00FB, 0x4000, 0x000C, 0x400B, 0x0000, 0x0010, 0x00F3, 0x0000,
    0x0012, 0x0000,
};
static const u16 sFxRaidFrame2[] = {
    0x0002, 0x80F3, 0x81F5, 0x0013, 0x00F3, 0x0005, 0x001B, 0x0000,
};
static const u16 sFxRaidFrame3[] = {
    0x0003, 0x80F3, 0x81F3, 0x001C, 0x40F3, 0x0003, 0x0024, 0x00FB, 0x0003, 0x0026, 0x0000,
};
static const u16 sFxRaidFrame4[] = {
    0x0004, 0x00F3, 0x41F0, 0x0027, 0x4003, 0x41F0, 0x002B, 0x00FB, 0x0000, 0x002F, 0x000B, 0x0008,
    0x0030, 0x0000,
};
static const u16 sFxRaidFrame5[] = {
    0x0004, 0x00F3, 0x41F0, 0x0027, 0x0003, 0x4000, 0x0031, 0x4003, 0x01F0, 0x0035, 0x00FB, 0x0000,
    0x002F, 0x0000,
};
static const u16 sFxRaidFrame6[] = {
    0x0003, 0x00F4, 0x41FD, 0x0037, 0x0004, 0x41F5, 0x003B, 0x0004, 0x0005, 0x003F, 0x0000,
};
static const u16 sFxRaidFrame7[] = {
    0x0004, 0x00F4, 0x41FB, 0x0040, 0x0004, 0x41F3, 0x003B, 0x00F4, 0x000B, 0x0044, 0x0004, 0x0003,
    0x003F, 0x0000,
};
const void* const gRogueFxRaidFrames[] = { sFxRaidFrame0, sFxRaidFrame1, sFxRaidFrame2, sFxRaidFrame3, sFxRaidFrame4, sFxRaidFrame5, sFxRaidFrame6, sFxRaidFrame7 };
static const u16 sFxRaidAnim[] = {
    0x0040, 0x0040, 0x0008, 0x0000, 0x0002, 0x0001, 0x0002, 0x0002, 0x0002, 0x0003, 0x0002, 0x0004,
    0x0002, 0x0005, 0x0002, 0x0006, 0x0002, 0x0007, 0x0002,
};
const void* const gRogueFxRaidAnims[] = { sFxRaidAnim };

const u8 gRogueFxPearlTiles[608] __attribute__((aligned(4))) = {
    0x00, 0x00, 0x00, 0x00, 0x00, 0x00, 0x30, 0x00, 0x00, 0x00, 0x30, 0x03, 0x05, 0x00, 0x30, 0x33,
    0x00, 0x00, 0x30, 0x00, 0x00, 0x00, 0x33, 0x00, 0x00, 0x00, 0x33, 0x00, 0x00, 0x00, 0x33, 0x50,
    0x00, 0x00, 0x00, 0x00, 0x00, 0x00, 0x00, 0x00, 0x30, 0x00, 0x00, 0x55, 0x03, 0x03, 0x55, 0x44,
    0x00, 0x55, 0x44, 0x33, 0x50, 0x44, 0x33, 0x23, 0x45, 0x33, 0x23, 0x22, 0x34, 0x23, 0x22, 0x12,
    0x00, 0x00, 0x00, 0x00, 0x00, 0x00, 0x00, 0x00, 0x55, 0x55, 0x00, 0x00, 0x44, 0x44, 0x55, 0x00,
    0x33, 0x33, 0x44, 0x55, 0x22, 0x32, 0x33, 0x44, 0x22, 0x22, 0x32, 0x33, 0x11, 0x21, 0x22, 0x32,
    0x00, 0x50, 0x00, 0x00, 0x00, 0x30, 0x00, 0x00, 0x50, 0x13, 0x53, 0x00, 0x00, 0x30, 0x00, 0x00,
    0x00, 0x50, 0x00, 0x00, 0x05, 0x00, 0x00, 0x00, 0x54, 0x00, 0x00, 0x00, 0x43, 0x05, 0x00, 0x00,
    0x00, 0x00, 0x00, 0x53, 0x00, 0x00, 0x00, 0x45, 0x00, 0x00, 0x00, 0x45, 0x00, 0x00, 0x50, 0x34,
    0x00, 0x00, 0x50, 0x34, 0x00, 0x00, 0x50, 0x34, 0x00, 0x00, 0x50, 0x34, 0x00, 0x00, 0x50, 0x34,
    0x34, 0x22, 0x12, 0x11, 0x33, 0x22, 0x11, 0x11, 0x23, 0x12, 0x11, 0x11, 0x23, 0x12, 0x11, 0x11,
    0x22, 0x11, 0x11, 0x11, 0x22, 0x11, 0x11, 0x11, 0x22, 0x11, 0x11, 0x11, 0x22, 0x11, 0x11, 0x11,
    0x11, 0x11, 0x21, 0x22, 0x11, 0x11, 0x11, 0x22, 0x11, 0x11, 0x11, 0x21, 0x11, 0x11, 0x11, 0x21,
    0x11, 0x11, 0x11, 0x11, 0x11, 0x11, 0x11, 0x11, 0x11, 0x11, 0x11, 0x11, 0x11, 0x11, 0x11, 0x11,
    0x43, 0x05, 0x00, 0x00, 0x33, 0x54, 0x00, 0x00, 0x32, 0x54, 0x00, 0x00, 0x32, 0x43, 0x35, 0x00,
    0x22, 0x43, 0x35, 0x00, 0x22, 0x43, 0x35, 0x00, 0x22, 0x43, 0x05, 0x03, 0x22, 0x43, 0x05, 0x33,
    0x00, 0x00, 0x50, 0x34, 0x00, 0x05, 0x00, 0x45, 0x00, 0x03, 0x00, 0x45, 0x35, 0x31, 0x05, 0x40,
    0x00, 0x03, 0x00, 0x50, 0x00, 0x05, 0x00, 0x30, 0x00, 0x00, 0x00, 0x30, 0x00, 0x00, 0x00, 0x03,
    0x23, 0x12, 0x11, 0x11, 0x23, 0x12, 0x11, 0x11, 0x33, 0x22, 0x11, 0x11, 0x34, 0x22, 0x12, 0x11,
    0x34, 0x23, 0x22, 0x12, 0x45, 0x33, 0x23, 0x22, 0x50, 0x44, 0x33, 0x23, 0x00, 0x55, 0x44, 0x33,
    0x11, 0x11, 0x11, 0x21, 0x11, 0x11, 0x11, 0x21, 0x11, 0x11, 0x11, 0x22, 0x11, 0x11, 0x21, 0x22,
    0x11, 0x21, 0x22, 0x32, 0x22, 0x22, 0x32, 0x33, 0x22, 0x32, 0x33, 0x44, 0x33, 0x33, 0x44, 0x55,
    0x32, 0x43, 0x05, 0x30, 0x32, 0x54, 0x00, 0x00, 0x33, 0x54, 0x00, 0x30, 0x43, 0x05, 0x00, 0x33,
    0x43, 0x05, 0x33, 0x33, 0x54, 0x00, 0x00, 0x33, 0x05, 0x00, 0x00, 0x30, 0x00, 0x00, 0x30, 0x33,
    0x00, 0x00, 0x00, 0x03, 0x00, 0x00, 0x00, 0x03, 0x00, 0x00, 0x00, 0x33, 0x00, 0x00, 0x00, 0x33,
    0x00, 0x00, 0x00, 0x03, 0x00, 0x00, 0x00, 0x03, 0x00, 0x00, 0x00, 0x00, 0x00, 0x00, 0x00, 0x00,
    0x00, 0x30, 0x55, 0x44, 0x30, 0x03, 0x00, 0x55, 0x33, 0x00, 0x00, 0x00, 0x00, 0x00, 0x00, 0x00,
    0x00, 0x00, 0x00, 0x00, 0x00, 0x00, 0x00, 0x00, 0x00, 0x00, 0x00, 0x00, 0x00, 0x00, 0x00, 0x00,
    0x44, 0x44, 0x55, 0x30, 0x55, 0x55, 0x00, 0x00, 0x00, 0x00, 0x00, 0x00, 0x00, 0x00, 0x00, 0x00,
    0x00, 0x00, 0x00, 0x00, 0x00, 0x05, 0x00, 0x00, 0x00, 0x00, 0x00, 0x00, 0x00, 0x00, 0x00, 0x00,
    0x03, 0x00, 0x33, 0x33, 0x30, 0x33, 0x03, 0x00, 0x00, 0x33, 0x00, 0x00, 0x00, 0x00, 0x00, 0x00,
    0x00, 0x00, 0x00, 0x00, 0x00, 0x00, 0x00, 0x00, 0x00, 0x00, 0x00, 0x00, 0x00, 0x00, 0x00, 0x00,
    0x00, 0x00, 0x00, 0x00, 0x00, 0x00, 0x00, 0x00, 0x00, 0x00, 0x00, 0x00, 0x00, 0x00, 0x00, 0x00,
    0x00, 0x00, 0x00, 0x00, 0x00, 0x00, 0x00, 0x00, 0x00, 0x00, 0x00, 0x00, 0x30, 0x00, 0x00, 0x00,
    0x03, 0x00, 0x00, 0x00, 0x03, 0x00, 0x00, 0x00, 0x03, 0x00, 0x00, 0x00, 0x00, 0x00, 0x00, 0x00,
    0x00, 0x00, 0x00, 0x00, 0x00, 0x00, 0x00, 0x00, 0x00, 0x00, 0x00, 0x00, 0x03, 0x00, 0x00, 0x00,
    0x03, 0x00, 0x00, 0x00, 0x03, 0x00, 0x00, 0x00, 0x30, 0x00, 0x00, 0x00, 0x00, 0x00, 0x00, 0x00,
    0x00, 0x00, 0x00, 0x00, 0x00, 0x00, 0x00, 0x00, 0x00, 0x00, 0x00, 0x00, 0x00, 0x00, 0x00, 0x00,
};
const u16 gRogueFxPearlPalette[16] = {
    0x4907, 0x7BDC, 0x7FDA, 0x7FB6, 0x7F91, 0x7F48, 0x0000, 0x0000,
    0x0000, 0x0000, 0x0000, 0x0000, 0x0000, 0x0000, 0x0000, 0x0000,
};
static const u16 sFxPearlFrame0[] = {
    0x0003, 0x00F1, 0x81EF, 0x0000, 0x80F9, 0x000F, 0x0010, 0x0009, 0x000F, 0x0012, 0x0000,
};
const void* const gRogueFxPearlFrames[] = { sFxPearlFrame0 };
static const u16 sFxPearlAnim[] = {
    0x0040, 0x0040, 0x0001, 0x0000, 0x003C,
};
const void* const gRogueFxPearlAnims[] = { sFxPearlAnim };

