// Generated by tools/rogue_actors.py from mod_assets/roxas_sheet.png. Do not edit.
#include "rogue.h"
#include "anim.h"
#include "rogue_actor_art.h"

const u16 gRogueRoxasActorPalette[16] = {
    0x4504, 0x57BE, 0x3AFC, 0x52B6, 0x4234, 0x11B4, 0x3DCE, 0x294A,
    0x04AF, 0x0889, 0x1CC6, 0x0444, 0x1482, 0x0001, 0x0401, 0x0000,
};

static const u16 sPoseAnim[] = { 0x0040, 0x0040, 0x0001, 0x0000, 0x00FF };
static const void* const sPoseAnims[] = { sPoseAnim };

static const u8 sTiles0[928] __attribute__((aligned(4))) = {
    0x00, 0x90, 0x22, 0x55, 0x00, 0x00, 0x29, 0x52, 0x00, 0x90, 0x92, 0x25, 0x00, 0x59, 0x55, 0x59,
    0x00, 0x00, 0x99, 0x29, 0x00, 0x00, 0x90, 0x91, 0x00, 0x00, 0x90, 0x12, 0x00, 0x00, 0x00, 0x29,
    0x22, 0x52, 0x22, 0x29, 0x22, 0x25, 0x95, 0x52, 0x92, 0x22, 0x22, 0x52, 0x59, 0x92, 0x92, 0x22,
    0x25, 0x59, 0x52, 0x59, 0x37, 0x95, 0x95, 0x92, 0x16, 0x95, 0x92, 0x52, 0x21, 0x85, 0x29, 0x59,
    0x22, 0x09, 0x00, 0x00, 0x22, 0x09, 0x00, 0x00, 0x95, 0x09, 0x00, 0x00, 0x25, 0x09, 0x00, 0x00,
    0x59, 0x95, 0x00, 0x00, 0x99, 0x00, 0x00, 0x00, 0x92, 0x00, 0x00, 0x00, 0x59, 0x09, 0x00, 0x00,
    0x00, 0x00, 0x00, 0x00, 0x00, 0x00, 0x00, 0x00, 0x00, 0x00, 0x00, 0x00, 0x00, 0x00, 0x00, 0x00,
    0x00, 0x00, 0x00, 0x00, 0x00, 0x00, 0x00, 0x00, 0x00, 0x00, 0x00, 0x00, 0x00, 0x00, 0x00, 0xC0,
    0x00, 0x00, 0x00, 0xBC, 0x00, 0x00, 0x60, 0x8A, 0x00, 0x00, 0x30, 0xA6, 0x00, 0x00, 0x16, 0x61,
    0x00, 0x00, 0x16, 0x61, 0x00, 0x00, 0x36, 0x31, 0x00, 0x00, 0x6A, 0x63, 0x00, 0x00, 0xA0, 0xE6,
    0x55, 0x99, 0x9B, 0x95, 0x9B, 0x58, 0x8B, 0xA9, 0x88, 0x25, 0x88, 0xC6, 0x1B, 0x16, 0xBB, 0xEE,
    0x6A, 0xA1, 0x36, 0x6E, 0x16, 0x16, 0xEB, 0x36, 0xEC, 0xB3, 0xAA, 0x33, 0xBE, 0xB6, 0xE6, 0x6A,
    0x08, 0x00, 0x00, 0x00, 0xEC, 0x00, 0x00, 0x00, 0x6E, 0x0C, 0x00, 0x00, 0x33, 0x06, 0x00, 0x00,
    0x31, 0x63, 0x00, 0x00, 0x11, 0x63, 0x00, 0x00, 0x11, 0x63, 0x00, 0x00, 0x13, 0x36, 0x06, 0x00,
    0x00, 0x00, 0x00, 0x1C, 0x00, 0xC0, 0xC0, 0x36, 0x00, 0x6C, 0x1C, 0x66, 0x00, 0x16, 0x1C, 0x31,
    0x00, 0x16, 0x36, 0x63, 0x00, 0x3C, 0x63, 0x16, 0x00, 0x6C, 0x16, 0x31, 0xC0, 0x16, 0x31, 0xC6,
    0x00, 0x00, 0x80, 0x51, 0x00, 0x00, 0x00, 0x18, 0x00, 0x00, 0x00, 0x28, 0x00, 0x00, 0x00, 0x58,
    0x00, 0x00, 0x00, 0x58, 0x00, 0x00, 0x00, 0x58, 0x00, 0x00, 0x00, 0x81, 0x00, 0x00, 0xE0, 0x88,
    0xEA, 0x3E, 0xEB, 0xEE, 0xBA, 0x6B, 0xBE, 0x33, 0xE5, 0x3B, 0x1E, 0xB5, 0xB1, 0x6E, 0x81, 0x51,
    0x21, 0x8B, 0x99, 0x85, 0x51, 0x22, 0x55, 0x19, 0x22, 0x11, 0x12, 0x52, 0x15, 0x21, 0x98, 0x58,
    0xAA, 0x1E, 0x63, 0x60, 0xEE, 0x6A, 0x6A, 0x16, 0x52, 0x61, 0x16, 0x31, 0xC8, 0x16, 0x31, 0xC6,
    0x79, 0x31, 0xC6, 0x0C, 0x75, 0xC7, 0xBC, 0x0B, 0x65, 0xBC, 0xBB, 0x0B, 0x88, 0xB9, 0xAB, 0xB3,
    0x16, 0x31, 0xC6, 0x0C, 0x31, 0xC6, 0x0C, 0x00, 0xC6, 0x0C, 0x00, 0x00, 0x0C, 0x00, 0x00, 0x00,
    0x00, 0x00, 0x00, 0x00, 0x00, 0x00, 0x00, 0x00, 0x00, 0x00, 0x00, 0x00, 0x00, 0x00, 0x00, 0x00,
    0x00, 0x00, 0xA0, 0x99, 0x00, 0x00, 0x4E, 0x58, 0x00, 0x00, 0x4E, 0x59, 0x00, 0x00, 0x1E, 0x9A,
    0x00, 0x00, 0x7E, 0x91, 0x00, 0x00, 0xE0, 0x6A, 0x00, 0x00, 0xE0, 0xA3, 0x00, 0x00, 0xE0, 0x16,
    0x28, 0x95, 0x92, 0x85, 0x59, 0x92, 0x55, 0x59, 0xE5, 0x2E, 0x29, 0x19, 0x55, 0x99, 0x99, 0x55,
    0x15, 0x55, 0x11, 0x85, 0x15, 0x11, 0x85, 0x88, 0x59, 0x85, 0x89, 0x00, 0x94, 0x99, 0x0E, 0x00,
    0x95, 0xB8, 0x4A, 0xA3, 0x81, 0x4B, 0x34, 0x11, 0x95, 0x7B, 0x64, 0x11, 0x98, 0x7E, 0x14, 0x11,
    0x09, 0x7B, 0x14, 0x11, 0x00, 0x7B, 0x14, 0x11, 0x00, 0xBF, 0x44, 0x11, 0x00, 0xE0, 0x47, 0x44,
    0x00, 0x00, 0x00, 0x00, 0xE4, 0x00, 0x00, 0x00, 0xB4, 0x00, 0x00, 0x00, 0xB4, 0x00, 0x00, 0x00,
    0x71, 0x0E, 0x00, 0x00, 0x41, 0x0E, 0x00, 0x00, 0x41, 0xEB, 0x00, 0x00, 0x44, 0xE4, 0x00, 0x00,
    0x00, 0x00, 0x1E, 0x67, 0x00, 0x00, 0x4A, 0x61, 0x00, 0x00, 0xEE, 0x67, 0x00, 0xB0, 0x8B, 0x3E,
    0xE0, 0x8B, 0xE8, 0x68, 0x3E, 0xB8, 0xBB, 0x6B, 0x6E, 0x73, 0xBB, 0x7E, 0xE0, 0x36, 0x77, 0x37,
    0x44, 0x77, 0x0E, 0x00, 0x77, 0xA4, 0xEA, 0x00, 0x41, 0xA7, 0xEE, 0x00, 0x77, 0xEA, 0x0B, 0x00,
    0xBE, 0xBE, 0x0B, 0x00, 0x77, 0x63, 0x0B, 0x00, 0xA3, 0xB6, 0x00, 0x00, 0x1A, 0x0A, 0x00, 0x00,
    0x00, 0xE0, 0x47, 0x44, 0x00, 0xE0, 0x77, 0x47, 0x00, 0xB0, 0x47, 0x11, 0x00, 0xB0, 0x7A, 0x17,
    0x00, 0xE0, 0xE7, 0xA8, 0x00, 0xE0, 0xE3, 0x8E, 0x00, 0xE0, 0x36, 0x76, 0x00, 0x00, 0x6E, 0xB7,
    0x44, 0xE7, 0x0B, 0x00, 0x74, 0x71, 0x0B, 0x00, 0x11, 0x74, 0x0A, 0x00, 0x41, 0xEB, 0x0A, 0x00,
    0xAA, 0xE7, 0x00, 0x00, 0x88, 0xEB, 0x00, 0x00, 0x8B, 0xBB, 0x0E, 0x00, 0x8B, 0x7B, 0x0E, 0x00,
    0x00, 0x6E, 0x36, 0xE6, 0x00, 0xE0, 0xEE, 0x0E, 0x00, 0x00, 0x00, 0x00, 0x00, 0x00, 0x00, 0x00,
    0x00, 0x00, 0x00, 0x00, 0x00, 0x00, 0x00, 0x00, 0x00, 0x00, 0x00, 0x00, 0x00, 0x00, 0x00, 0x00,
    0x6A, 0x0A, 0x00, 0x00, 0x3A, 0xA6, 0x00, 0x00, 0x3A, 0xA6, 0x00, 0x00, 0xA0, 0x0A, 0x00, 0x00,
    0x00, 0x00, 0x00, 0x00, 0x00, 0x00, 0x00, 0x00, 0x00, 0x00, 0x00, 0x00, 0x00, 0x00, 0x00, 0x00,
    0x00, 0x00, 0x3E, 0x37, 0x00, 0x00, 0x6E, 0x33, 0x00, 0x00, 0xEF, 0xEE, 0x00, 0x00, 0x00, 0x00,
    0x00, 0x00, 0x00, 0x00, 0x00, 0x00, 0x00, 0x00, 0x00, 0x00, 0x00, 0x00, 0x00, 0x00, 0x00, 0x00,
    0x86, 0x36, 0x0E, 0x00, 0x33, 0x63, 0x0E, 0x00, 0xEE, 0xEE, 0x00, 0x00, 0x00, 0x00, 0x00, 0x00,
    0x00, 0x00, 0x00, 0x00, 0x00, 0x00, 0x00, 0x00, 0x00, 0x00, 0x00, 0x00, 0x00, 0x00, 0x00, 0x00,
    0x00, 0x00, 0x00, 0x09, 0x00, 0x00, 0x00, 0x95, 0x00, 0x00, 0x00, 0x25, 0x00, 0x00, 0x09, 0x25,
    0x00, 0x00, 0x92, 0x25, 0x00, 0x00, 0x25, 0x25, 0x00, 0x00, 0x29, 0x25, 0x00, 0x59, 0x95, 0x92,
    0x00, 0x00, 0x00, 0x00, 0x00, 0x09, 0x00, 0x00, 0x09, 0x95, 0x00, 0x00, 0x92, 0x22, 0x09, 0x09,
    0x52, 0x25, 0x92, 0x92, 0x52, 0x52, 0x55, 0x52, 0x92, 0x22, 0x22, 0x95, 0x55, 0x29, 0x29, 0x22,
    0x00, 0x00, 0x00, 0x00, 0x00, 0x00, 0x00, 0x00, 0x00, 0x00, 0x00, 0x00, 0x00, 0x00, 0x00, 0x00,
    0x00, 0x00, 0x00, 0x00, 0x00, 0x00, 0x00, 0x00, 0x00, 0x00, 0x00, 0x00, 0x0C, 0x00, 0x00, 0x00,
    0xC3, 0x00, 0x00, 0x00, 0xC1, 0x00, 0x00, 0x00, 0x31, 0x0C, 0x00, 0x00, 0x63, 0x0C, 0x00, 0x00,
    0x16, 0xC3, 0x00, 0x00, 0x31, 0xC6, 0x00, 0x00, 0xC6, 0x0C, 0x00, 0x00, 0x0C, 0x00, 0x00, 0x00,
    0x00, 0x00, 0x00, 0x00, 0x00, 0x00, 0x00, 0x00, 0x00, 0x00, 0x00, 0x00, 0x00, 0x00, 0x00, 0x00,
    0x00, 0x00, 0x00, 0x00, 0x00, 0x00, 0x00, 0x00, 0x09, 0x00, 0x00, 0x00, 0x95, 0x00, 0x00, 0x00,
};
static const u16 sFrame0[] = {
    0x0005, 0x00D5, 0x81F4, 0x0000, 0x40F5, 0x81F4, 0x0010, 0x40CD, 0x01F4, 0x0018, 0x80D5, 0x0014,
    0x001A, 0x00CD, 0x0004, 0x001C, 0x0000,
};
static const void* const sFrames0[] = { sFrame0 };
static const u8 sTiles1[896] __attribute__((aligned(4))) = {
    0x00, 0x29, 0x52, 0x25, 0x00, 0x90, 0x22, 0x25, 0x90, 0x29, 0x59, 0x22, 0x00, 0x55, 0x95, 0x95,
    0x00, 0x90, 0x99, 0x52, 0x00, 0x00, 0x19, 0x79, 0x00, 0x00, 0x29, 0x61, 0x00, 0x00, 0x90, 0x12,
    0x22, 0x25, 0x92, 0x22, 0x52, 0x52, 0x29, 0x25, 0x29, 0x22, 0x22, 0x55, 0x25, 0x29, 0x29, 0x52,
    0x92, 0x25, 0x95, 0x95, 0x53, 0x59, 0x29, 0x99, 0x51, 0x29, 0x29, 0x25, 0x52, 0x98, 0x92, 0x95,
    0x92, 0x00, 0x00, 0x00, 0x92, 0x00, 0x00, 0x00, 0x99, 0x00, 0x00, 0x00, 0x92, 0x00, 0x00, 0x00,
    0x55, 0x09, 0x00, 0x00, 0x09, 0x00, 0x00, 0x00, 0x09, 0x00, 0x00, 0x00, 0x95, 0x00, 0x00, 0x00,
    0x00, 0x00, 0x00, 0x00, 0x00, 0x00, 0x00, 0x00, 0x00, 0x00, 0x00, 0x00, 0x00, 0x00, 0x00, 0x00,
    0x00, 0x00, 0x00, 0x00, 0x00, 0x00, 0x00, 0x00, 0x00, 0x00, 0x00, 0x00, 0x00, 0x00, 0x00, 0xCC,
    0x00, 0x00, 0xC0, 0x5B, 0x00, 0x00, 0xA6, 0xB8, 0x00, 0x00, 0x63, 0x8A, 0x00, 0x60, 0x11, 0xB6,
    0x00, 0x60, 0x11, 0xA6, 0x00, 0x60, 0x13, 0x63, 0x00, 0xA0, 0x36, 0xC6, 0x00, 0x00, 0x6A, 0xEE,
    0x95, 0xB9, 0x59, 0x89, 0x89, 0xB5, 0x98, 0xCA, 0x58, 0x82, 0x68, 0xEC, 0x61, 0xB1, 0xEB, 0x3E,
    0x16, 0x6A, 0xE3, 0x16, 0x61, 0xB1, 0x6E, 0x13, 0x3E, 0xAB, 0x3A, 0x13, 0x6B, 0x6B, 0xAE, 0x36,
    0x00, 0x00, 0x00, 0x00, 0x0E, 0x00, 0x00, 0x00, 0xC6, 0x00, 0x00, 0x00, 0x63, 0x00, 0x00, 0x00,
    0x33, 0x06, 0x00, 0x00, 0x31, 0x06, 0x00, 0x00, 0x31, 0x06, 0x00, 0x00, 0x61, 0x63, 0x00, 0x00,
    0x00, 0x00, 0xC0, 0x31, 0x00, 0x0C, 0x6C, 0x13, 0xC0, 0xC6, 0x61, 0x16, 0x60, 0xC1, 0x11, 0x33,
    0x60, 0x61, 0x33, 0x66, 0xC0, 0x33, 0x66, 0x11, 0xC0, 0x66, 0x11, 0x63, 0x6C, 0x11, 0x63, 0xCC,
    0x00, 0x00, 0x18, 0xA5, 0x00, 0x00, 0x80, 0xA1, 0x00, 0x00, 0x80, 0x52, 0x00, 0x00, 0x80, 0x15,
    0x00, 0x00, 0x80, 0x15, 0x00, 0x00, 0x80, 0x15, 0x00, 0x00, 0x17, 0x28, 0x00, 0x00, 0x8E, 0x58,
    0xEE, 0xB3, 0xEE, 0xAE, 0xBB, 0xE6, 0x3B, 0xE3, 0xBE, 0xE3, 0x51, 0x2B, 0xEB, 0x16, 0x18, 0x85,
    0xB2, 0x98, 0x59, 0x98, 0x25, 0x52, 0x95, 0x51, 0x12, 0x21, 0x21, 0x55, 0x11, 0x82, 0x89, 0x85,
    0xEA, 0x31, 0x06, 0x66, 0xAE, 0xA6, 0x66, 0x11, 0x15, 0x66, 0x11, 0x63, 0x6C, 0x11, 0x63, 0xCC,
    0x17, 0x63, 0xCC, 0x00, 0x77, 0xCC, 0xBB, 0x00, 0xC6, 0xBB, 0xBB, 0x00, 0x98, 0xBB, 0x3A, 0x0B,
    0x11, 0x63, 0xCC, 0x00, 0x63, 0xCC, 0x00, 0x00, 0xCC, 0x00, 0x00, 0x00, 0x00, 0x00, 0x00, 0x00,
    0x00, 0x00, 0x00, 0x00, 0x00, 0x00, 0x00, 0x00, 0x00, 0x00, 0x00, 0x00, 0x00, 0x00, 0x00, 0x00,
    0x00, 0xE0, 0x97, 0x89, 0x00, 0xE0, 0x84, 0x95, 0x00, 0xE0, 0x91, 0x55, 0x00, 0x00, 0x1A, 0x59,
    0x00, 0x00, 0x1E, 0x59, 0x00, 0x00, 0x6E, 0x5A, 0x00, 0x00, 0xAE, 0x93, 0x00, 0x00, 0xA0, 0x16,
    0x52, 0x29, 0x59, 0x58, 0x25, 0x59, 0x95, 0x15, 0xEE, 0x92, 0x92, 0x51, 0x95, 0x99, 0x59, 0x85,
    0x51, 0x15, 0x51, 0x98, 0x11, 0x51, 0x88, 0x08, 0x55, 0x98, 0xE8, 0x00, 0x99, 0x79, 0x0E, 0x00,
    0x89, 0xAB, 0x34, 0x0A, 0xA8, 0x13, 0x64, 0xA7, 0x79, 0x14, 0x11, 0x71, 0x79, 0x14, 0x11, 0x41,
    0xBF, 0x44, 0x11, 0x41, 0xB0, 0x47, 0x44, 0x14, 0x00, 0x7E, 0x44, 0x11, 0x00, 0x7E, 0x44, 0x44,
    0x00, 0x00, 0x00, 0x00, 0x00, 0x00, 0x00, 0x00, 0x0E, 0x00, 0x00, 0x00, 0x0E, 0x00, 0x00, 0x00,
    0xAB, 0x00, 0x00, 0x00, 0x77, 0x00, 0x00, 0x00, 0x74, 0x0E, 0x00, 0x00, 0x44, 0x0E, 0x00, 0x00,
    0x00, 0x00, 0x1E, 0x67, 0x00, 0x00, 0x4A, 0x61, 0x00, 0x00, 0xEE, 0x67, 0x00, 0xB0, 0x8B, 0xBE,
    0xE0, 0x8B, 0xE8, 0xB8, 0x3E, 0xB8, 0xBB, 0xEB, 0x6E, 0x73, 0xBB, 0x7E, 0xE0, 0x36, 0x77, 0x37,
    0x44, 0x77, 0x0E, 0x00, 0x77, 0xA4, 0xEA, 0x00, 0x43, 0xA7, 0xEE, 0x00, 0x76, 0xEA, 0x0B, 0x00,
    0xB6, 0xBE, 0x0B, 0x00, 0x37, 0x6A, 0x0B, 0x00, 0xA6, 0xA1, 0x00, 0x00, 0xA7, 0xA6, 0x00, 0x00,
    0x00, 0x7E, 0x44, 0x44, 0x00, 0x7E, 0x77, 0x44, 0x00, 0x7B, 0x14, 0x11, 0x00, 0xB0, 0x7A, 0x17,
    0x00, 0xE0, 0xE7, 0xA8, 0x00, 0xE0, 0xE3, 0x8E, 0x00, 0xE0, 0x36, 0x76, 0x00, 0x00, 0x6E, 0xB7,
    0x74, 0xBE, 0x00, 0x00, 0x17, 0xB7, 0x00, 0x00, 0x41, 0xA7, 0x0A, 0x00, 0x41, 0xEB, 0x0A, 0x00,
    0xAA, 0xE7, 0x00, 0x00, 0x88, 0xEB, 0x00, 0x00, 0x8B, 0xBB, 0x0E, 0x00, 0x8B, 0x7B, 0x0E, 0x00,
    0x00, 0x6E, 0x36, 0xE6, 0x00, 0xE0, 0xEE, 0x0E, 0x00, 0x00, 0x00, 0x00, 0x00, 0x00, 0x00, 0x00,
    0x00, 0x00, 0x00, 0x00, 0x00, 0x00, 0x00, 0x00, 0x00, 0x00, 0x00, 0x00, 0x00, 0x00, 0x00, 0x00,
    0xAE, 0x63, 0x0A, 0x00, 0xA0, 0x63, 0x0A, 0x00, 0x00, 0xAA, 0x00, 0x00, 0x00, 0x00, 0x00, 0x00,
    0x00, 0x00, 0x00, 0x00, 0x00, 0x00, 0x00, 0x00, 0x00, 0x00, 0x00, 0x00, 0x00, 0x00, 0x00, 0x00,
    0x00, 0x00, 0x3E, 0x37, 0x00, 0x00, 0x6E, 0x33, 0x00, 0x00, 0xEF, 0xEE, 0x00, 0x00, 0x00, 0x00,
    0x00, 0x00, 0x00, 0x00, 0x00, 0x00, 0x00, 0x00, 0x00, 0x00, 0x00, 0x00, 0x00, 0x00, 0x00, 0x00,
    0x86, 0x36, 0x0E, 0x00, 0x33, 0x63, 0x0E, 0x00, 0xEE, 0xEE, 0x00, 0x00, 0x00, 0x00, 0x00, 0x00,
    0x00, 0x00, 0x00, 0x00, 0x00, 0x00, 0x00, 0x00, 0x00, 0x00, 0x00, 0x00, 0x00, 0x00, 0x00, 0x00,
    0x00, 0x00, 0x00, 0x09, 0x00, 0x00, 0x00, 0x95, 0x00, 0x00, 0x50, 0x92, 0x00, 0x00, 0x59, 0x22,
    0x00, 0x20, 0x59, 0x22, 0x00, 0x50, 0x52, 0x22, 0x90, 0x90, 0x52, 0x22, 0x00, 0x55, 0x29, 0x59,
    0x00, 0x00, 0x00, 0x00, 0x00, 0x09, 0x00, 0x00, 0x50, 0x09, 0x00, 0x00, 0x29, 0x92, 0x90, 0x00,
    0x55, 0x22, 0x29, 0x09, 0x25, 0x55, 0x25, 0x05, 0x29, 0x22, 0x52, 0x99, 0x95, 0x92, 0x22, 0x52,
    0x00, 0x00, 0x00, 0x00, 0x00, 0x00, 0x00, 0x00, 0x00, 0x00, 0x00, 0x00, 0x00, 0x00, 0x00, 0x00,
    0x00, 0x00, 0x00, 0x00, 0x00, 0x00, 0x00, 0x00, 0x00, 0x00, 0x00, 0x00, 0x09, 0x00, 0x00, 0x00,
    0x0C, 0x00, 0x00, 0x00, 0x0C, 0x00, 0x00, 0x00, 0xC3, 0x00, 0x00, 0x00, 0xC6, 0x00, 0x00, 0x00,
    0x31, 0x0C, 0x00, 0x00, 0x63, 0x0C, 0x00, 0x00, 0xCC, 0x00, 0x00, 0x00, 0x00, 0x00, 0x00, 0x00,
};
static const u16 sFrame1[] = {
    0x0005, 0x00D5, 0x81F3, 0x0000, 0x40F5, 0x81F3, 0x0010, 0x40CD, 0x01F3, 0x0018, 0x00CD, 0x0003,
    0x001A, 0x00DD, 0x0013, 0x001B, 0x0000,
};
static const void* const sFrames1[] = { sFrame1 };
static const u8 sTiles2[896] __attribute__((aligned(4))) = {
    0x00, 0x29, 0x52, 0x25, 0x90, 0x90, 0x22, 0x25, 0x00, 0x29, 0x59, 0x22, 0x00, 0x55, 0x95, 0x95,
    0x00, 0x90, 0x99, 0x52, 0x00, 0x00, 0x19, 0x79, 0x00, 0x00, 0x29, 0x61, 0x00, 0x00, 0x90, 0x12,
    0x22, 0x25, 0x92, 0x22, 0x52, 0x52, 0x29, 0x25, 0x29, 0x22, 0x22, 0x55, 0x25, 0x29, 0x29, 0x52,
    0x92, 0x25, 0x95, 0x95, 0x53, 0x59, 0x29, 0x99, 0x51, 0x29, 0x29, 0x25, 0x52, 0x98, 0x92, 0x95,
    0x92, 0x00, 0x00, 0x00, 0x92, 0x00, 0x00, 0x00, 0x99, 0x00, 0x00, 0x00, 0x92, 0x00, 0x00, 0x00,
    0x55, 0x00, 0x00, 0x00, 0x09, 0x09, 0x00, 0x00, 0x09, 0x00, 0x00, 0x00, 0x95, 0x00, 0x00, 0x00,
    0x00, 0x00, 0x00, 0x00, 0x00, 0x00, 0x00, 0x00, 0x00, 0x00, 0x00, 0x00, 0x00, 0x00, 0x00, 0x00,
    0x00, 0x00, 0x00, 0x00, 0x00, 0x00, 0x00, 0x00, 0x00, 0x00, 0x00, 0x00, 0x00, 0x00, 0x00, 0xCC,
    0x00, 0x00, 0xC0, 0x5B, 0x00, 0x00, 0xA6, 0xB8, 0x00, 0x00, 0x63, 0x8A, 0x00, 0x60, 0x11, 0xB6,
    0x00, 0x60, 0x11, 0xA6, 0x00, 0x60, 0x13, 0x63, 0x00, 0xA0, 0x36, 0xC6, 0x00, 0x00, 0x6A, 0xEE,
    0x95, 0xB9, 0x59, 0x89, 0x89, 0xB5, 0x98, 0xCA, 0x58, 0x82, 0x68, 0xEC, 0x61, 0xB1, 0xEB, 0x3E,
    0x16, 0x6A, 0xE3, 0x16, 0x61, 0xB1, 0x6E, 0x13, 0x3E, 0xAB, 0x3A, 0x13, 0x6B, 0x6B, 0xAE, 0x36,
    0x00, 0x00, 0x00, 0x00, 0x0E, 0x00, 0x00, 0x00, 0xC6, 0x00, 0x00, 0x00, 0x63, 0x00, 0x00, 0x00,
    0x33, 0x06, 0x00, 0x00, 0x31, 0x06, 0x00, 0x00, 0x31, 0x06, 0x00, 0x00, 0x61, 0x63, 0x00, 0x00,
    0x00, 0x00, 0xC0, 0x31, 0x00, 0x0C, 0x6C, 0x13, 0xC0, 0xC6, 0x61, 0x16, 0x60, 0xC1, 0x11, 0x33,
    0x60, 0x61, 0x33, 0x66, 0xC0, 0x33, 0x66, 0x11, 0xC0, 0x66, 0x11, 0x63, 0x6C, 0x11, 0x63, 0xCC,
    0x00, 0x00, 0x18, 0xA5, 0x00, 0x00, 0x80, 0xA1, 0x00, 0x00, 0x80, 0x52, 0x00, 0x00, 0x80, 0x15,
    0x00, 0x00, 0x80, 0x15, 0x00, 0x00, 0x80, 0x15, 0x00, 0x00, 0xAE, 0x28, 0x00, 0x00, 0x8E, 0x58,
    0xEE, 0xB3, 0xEE, 0xAE, 0xBB, 0xE6, 0x3B, 0xE3, 0xBE, 0xE3, 0x51, 0x2B, 0xEB, 0x16, 0x18, 0x85,
    0xB2, 0x98, 0x59, 0x98, 0x25, 0x52, 0x95, 0x51, 0x12, 0x21, 0x21, 0x55, 0x11, 0x82, 0x89, 0x85,
    0xEA, 0x31, 0x06, 0x66, 0xAE, 0xA6, 0x66, 0x11, 0x15, 0x66, 0x11, 0x63, 0x6C, 0x11, 0x63, 0xCC,
    0x17, 0x63, 0xCC, 0x00, 0x77, 0xCC, 0xBB, 0x00, 0xC6, 0xBB, 0xBB, 0x00, 0x98, 0xBB, 0x3A, 0x0B,
    0x11, 0x63, 0xCC, 0x00, 0x63, 0xCC, 0x00, 0x00, 0xCC, 0x00, 0x00, 0x00, 0x00, 0x00, 0x00, 0x00,
    0x00, 0x00, 0x00, 0x00, 0x00, 0x00, 0x00, 0x00, 0x00, 0x00, 0x00, 0x00, 0x00, 0x00, 0x00, 0x00,
    0x00, 0xE0, 0x97, 0x89, 0x00, 0xE0, 0x84, 0x95, 0x00, 0xE0, 0x94, 0x55, 0x00, 0xE0, 0xE1, 0x59,
    0x00, 0x00, 0x74, 0x59, 0x00, 0x00, 0xAE, 0x56, 0x00, 0x00, 0x30, 0x9A, 0x00, 0x00, 0x6E, 0x17,
    0x52, 0x29, 0x59, 0x58, 0x25, 0x59, 0x95, 0x15, 0xEE, 0x92, 0x92, 0x51, 0x95, 0x99, 0x59, 0x85,
    0x51, 0x15, 0x51, 0x98, 0x11, 0x51, 0x88, 0x08, 0x55, 0x98, 0x08, 0x00, 0x99, 0x79, 0x0E, 0x00,
    0x89, 0x13, 0x64, 0xA7, 0x78, 0x14, 0x11, 0x77, 0x79, 0x14, 0x11, 0x41, 0xB9, 0x44, 0x11, 0x41,
    0xB0, 0x47, 0x44, 0x14, 0x00, 0x7E, 0x44, 0x11, 0x00, 0x7E, 0x44, 0x44, 0x00, 0x7E, 0x44, 0x44,
    0x00, 0x00, 0x00, 0x00, 0x00, 0x00, 0x00, 0x00, 0x0E, 0x00, 0x00, 0x00, 0xAB, 0x00, 0x00, 0x00,
    0x77, 0x00, 0x00, 0x00, 0x74, 0x0E, 0x00, 0x00, 0x44, 0x0E, 0x00, 0x00, 0x74, 0xBE, 0x00, 0x00,
    0x00, 0x00, 0x4A, 0x66, 0x00, 0x00, 0xEE, 0x67, 0x00, 0xB0, 0x8B, 0xBE, 0xE0, 0x8B, 0xE8, 0xB8,
    0x3E, 0xB8, 0xBB, 0xEB, 0x6E, 0x73, 0xBB, 0x7E, 0xE0, 0x36, 0x77, 0x37, 0x00, 0x6E, 0x36, 0xE6,
    0x77, 0xA4, 0xEA, 0x00, 0x43, 0xA7, 0xEE, 0x00, 0x67, 0xEA, 0x0B, 0x00, 0x6E, 0xA3, 0x0B, 0x00,
    0x77, 0x1A, 0x0A, 0x00, 0x36, 0xA6, 0xA6, 0x00, 0xE7, 0xAE, 0x36, 0x0A, 0x0E, 0xA0, 0x36, 0x0A,
    0x00, 0x7E, 0x77, 0x44, 0x00, 0x7B, 0x14, 0x11, 0x00, 0xB0, 0x7A, 0x17, 0x00, 0xE0, 0xE7, 0xA8,
    0x00, 0xE0, 0xE3, 0x8E, 0x00, 0xE0, 0x36, 0x76, 0x00, 0x00, 0x6E, 0xB7, 0x00, 0x00, 0x3E, 0x37,
    0x17, 0xB7, 0x00, 0x00, 0x41, 0xA7, 0x0A, 0x00, 0x41, 0xEB, 0x0A, 0x00, 0xAA, 0xE7, 0x00, 0x00,
    0x88, 0xEB, 0x00, 0x00, 0x8B, 0xBB, 0x0E, 0x00, 0x8B, 0x7B, 0x0E, 0x00, 0x86, 0x36, 0x0E, 0x00,
    0x00, 0xE0, 0xEE, 0x0E, 0x00, 0x00, 0x00, 0x00, 0x00, 0x00, 0x00, 0x00, 0x00, 0x00, 0x00, 0x00,
    0x00, 0x00, 0x00, 0x00, 0x00, 0x00, 0x00, 0x00, 0x00, 0x00, 0x00, 0x00, 0x00, 0x00, 0x00, 0x00,
    0x00, 0x00, 0xAA, 0x00, 0x00, 0x00, 0x00, 0x00, 0x00, 0x00, 0x00, 0x00, 0x00, 0x00, 0x00, 0x00,
    0x00, 0x00, 0x00, 0x00, 0x00, 0x00, 0x00, 0x00, 0x00, 0x00, 0x00, 0x00, 0x00, 0x00, 0x00, 0x00,
    0x00, 0x00, 0x6E, 0x33, 0x00, 0x00, 0xEF, 0xEE, 0x00, 0x00, 0x00, 0x00, 0x00, 0x00, 0x00, 0x00,
    0x00, 0x00, 0x00, 0x00, 0x00, 0x00, 0x00, 0x00, 0x00, 0x00, 0x00, 0x00, 0x00, 0x00, 0x00, 0x00,
    0x33, 0x63, 0x0E, 0x00, 0xEE, 0xEE, 0x00, 0x00, 0x00, 0x00, 0x00, 0x00, 0x00, 0x00, 0x00, 0x00,
    0x00, 0x00, 0x00, 0x00, 0x00, 0x00, 0x00, 0x00, 0x00, 0x00, 0x00, 0x00, 0x00, 0x00, 0x00, 0x00,
    0x00, 0x00, 0x00, 0x90, 0x00, 0x00, 0x00, 0x95, 0x00, 0x00, 0x50, 0x92, 0x00, 0x00, 0x59, 0x22,
    0x00, 0x20, 0x59, 0x22, 0x00, 0x50, 0x52, 0x22, 0x00, 0x99, 0x52, 0x22, 0x00, 0x55, 0x29, 0x59,
    0x00, 0x00, 0x00, 0x00, 0x00, 0x90, 0x00, 0x00, 0x50, 0x09, 0x00, 0x00, 0x29, 0x92, 0x00, 0x09,
    0x55, 0x22, 0x29, 0x09, 0x25, 0x55, 0x25, 0x05, 0x29, 0x22, 0x52, 0x99, 0x95, 0x92, 0x22, 0x52,
    0x00, 0x00, 0x00, 0x00, 0x00, 0x00, 0x00, 0x00, 0x00, 0x00, 0x00, 0x00, 0x00, 0x00, 0x00, 0x00,
    0x00, 0x00, 0x00, 0x00, 0x00, 0x00, 0x00, 0x00, 0x00, 0x00, 0x00, 0x00, 0x09, 0x00, 0x00, 0x00,
    0x0C, 0x00, 0x00, 0x00, 0x0C, 0x00, 0x00, 0x00, 0xC3, 0x00, 0x00, 0x00, 0xC6, 0x00, 0x00, 0x00,
    0x31, 0x0C, 0x00, 0x00, 0x63, 0x0C, 0x00, 0x00, 0xCC, 0x00, 0x00, 0x00, 0x00, 0x00, 0x00, 0x00,
};
static const u16 sFrame2[] = {
    0x0005, 0x00D6, 0x81EB, 0x0000, 0x40F6, 0x81EB, 0x0010, 0x40CE, 0x01EB, 0x0018, 0x00CE, 0x01FB,
    0x001A, 0x00DE, 0x000B, 0x001B, 0x0000,
};
static const void* const sFrames2[] = { sFrame2 };
static const u8 sTiles3[896] __attribute__((aligned(4))) = {
    0x00, 0x29, 0x52, 0x25, 0x00, 0x90, 0x22, 0x25, 0x90, 0x29, 0x59, 0x22, 0x00, 0x55, 0x95, 0x95,
    0x00, 0x90, 0x99, 0x52, 0x00, 0x00, 0x19, 0x79, 0x00, 0x00, 0x29, 0x61, 0x00, 0x00, 0x90, 0x12,
    0x22, 0x25, 0x92, 0x22, 0x52, 0x52, 0x29, 0x25, 0x29, 0x22, 0x22, 0x55, 0x25, 0x29, 0x29, 0x52,
    0x92, 0x25, 0x95, 0x95, 0x53, 0x59, 0x29, 0x99, 0x51, 0x29, 0x29, 0x25, 0x52, 0x98, 0x92, 0x95,
    0x92, 0x00, 0x00, 0x00, 0x92, 0x00, 0x00, 0x00, 0x99, 0x00, 0x00, 0x00, 0x92, 0x00, 0x00, 0x00,
    0x55, 0x09, 0x00, 0x00, 0x09, 0x00, 0x00, 0x00, 0x09, 0x00, 0x00, 0x00, 0x95, 0x00, 0x00, 0x00,
    0x00, 0x00, 0x00, 0x00, 0x00, 0x00, 0x00, 0x00, 0x00, 0x00, 0x00, 0x00, 0x00, 0x00, 0x00, 0x00,
    0x00, 0x00, 0x00, 0x00, 0x00, 0x00, 0x00, 0x00, 0x00, 0x00, 0x00, 0x00, 0x00, 0x00, 0x00, 0xCC,
    0x00, 0x00, 0xC0, 0x5B, 0x00, 0x00, 0xA6, 0xB8, 0x00, 0x00, 0x63, 0x8A, 0x00, 0x60, 0x11, 0xB6,
    0x00, 0x60, 0x11, 0xA6, 0x00, 0x60, 0x13, 0x63, 0x00, 0xA0, 0x36, 0xC6, 0x00, 0x00, 0x6A, 0xEE,
    0x95, 0xB9, 0x59, 0x89, 0x89, 0xB5, 0x98, 0xCA, 0x58, 0x82, 0x68, 0xEC, 0x61, 0xB1, 0xEB, 0x3E,
    0x16, 0x6A, 0xE3, 0x16, 0x61, 0xB1, 0x6E, 0x13, 0x3E, 0xAB, 0x3A, 0x13, 0x6B, 0x6B, 0xAE, 0x36,
    0x00, 0x00, 0x00, 0x00, 0x0E, 0x00, 0x00, 0x00, 0xC6, 0x00, 0x00, 0x00, 0x63, 0x00, 0x00, 0x00,
    0x33, 0x06, 0x00, 0x00, 0x31, 0x06, 0x00, 0x00, 0x31, 0x06, 0x00, 0x00, 0x61, 0x63, 0x00, 0x00,
    0x00, 0x00, 0xC0, 0x31, 0x00, 0x0C, 0x6C, 0x13, 0xC0, 0xC6, 0x61, 0x16, 0x60, 0xC1, 0x11, 0x33,
    0x60, 0x61, 0x33, 0x66, 0xC0, 0x33, 0x66, 0x11, 0xC0, 0x66, 0x11, 0x63, 0x6C, 0x11, 0x63, 0xCC,
    0x00, 0x00, 0x18, 0xA5, 0x00, 0x00, 0x80, 0xA1, 0x00, 0x00, 0x80, 0x52, 0x00, 0x00, 0x80, 0x15,
    0x00, 0x00, 0x80, 0x15, 0x00, 0x00, 0x80, 0x15, 0x00, 0x00, 0x1E, 0x28, 0x00, 0x00, 0x8E, 0x58,
    0xEE, 0xB3, 0xEE, 0xAE, 0xBB, 0xE6, 0x3B, 0xE3, 0xBE, 0xE3, 0x51, 0x2B, 0xEB, 0x16, 0x18, 0x85,
    0xB2, 0x98, 0x59, 0x98, 0x25, 0x52, 0x95, 0x51, 0x12, 0x21, 0x21, 0x55, 0x11, 0x82, 0x89, 0x85,
    0xEA, 0x31, 0x06, 0x66, 0xAE, 0xA6, 0x66, 0x11, 0x15, 0x66, 0x11, 0x63, 0x6C, 0x11, 0x63, 0xCC,
    0x17, 0x63, 0xCC, 0x00, 0x77, 0xCC, 0xBB, 0x00, 0xC6, 0xBB, 0xBB, 0x00, 0x98, 0xBB, 0x3A, 0x0B,
    0x11, 0x63, 0xCC, 0x00, 0x63, 0xCC, 0x00, 0x00, 0xCC, 0x00, 0x00, 0x00, 0x00, 0x00, 0x00, 0x00,
    0x00, 0x00, 0x00, 0x00, 0x00, 0x00, 0x00, 0x00, 0x00, 0x00, 0x00, 0x00, 0x00, 0x00, 0x00, 0x00,
    0x00, 0x70, 0x94, 0x89, 0x00, 0xE0, 0x84, 0x95, 0x00, 0xE0, 0x94, 0x55, 0x00, 0xE0, 0x11, 0x59,
    0x00, 0x00, 0x1E, 0x59, 0x00, 0x00, 0xAE, 0x56, 0x00, 0x00, 0x3E, 0x9A, 0x00, 0x00, 0x60, 0x14,
    0x52, 0x29, 0x59, 0x58, 0x25, 0x59, 0x95, 0x15, 0xEE, 0x92, 0x92, 0x51, 0x95, 0x99, 0x59, 0x85,
    0x51, 0x15, 0x51, 0x98, 0x11, 0x51, 0x88, 0x08, 0x55, 0x98, 0x08, 0x00, 0x99, 0x79, 0x0E, 0x00,
    0x89, 0xAB, 0x34, 0x0A, 0xA8, 0x13, 0x64, 0xA7, 0xA9, 0x16, 0x41, 0xAA, 0x79, 0x14, 0x11, 0x41,
    0xB0, 0x44, 0x11, 0x41, 0xB0, 0x47, 0x44, 0x14, 0x00, 0x7E, 0x44, 0x11, 0x00, 0x7E, 0x44, 0x44,
    0x00, 0x00, 0x00, 0x00, 0x00, 0x00, 0x00, 0x00, 0x00, 0x00, 0x00, 0x00, 0x0E, 0x00, 0x00, 0x00,
    0xAB, 0x00, 0x00, 0x00, 0x77, 0x00, 0x00, 0x00, 0x74, 0x0E, 0x00, 0x00, 0x44, 0x0E, 0x00, 0x00,
    0x00, 0x00, 0x1E, 0x16, 0x00, 0x00, 0x4A, 0x46, 0x00, 0x00, 0xEE, 0x76, 0x00, 0xB0, 0x8B, 0xB3,
    0xE0, 0x8B, 0xE8, 0xB6, 0x3E, 0xB8, 0xBB, 0xE6, 0x6E, 0x73, 0xBB, 0x3E, 0xE0, 0x36, 0x77, 0xA7,
    0x44, 0x77, 0xEA, 0x00, 0x77, 0xA4, 0xEA, 0x00, 0x41, 0xA7, 0xEE, 0x00, 0x77, 0xEA, 0x0B, 0x00,
    0xBE, 0xBE, 0x0B, 0x00, 0x77, 0x63, 0x0B, 0x00, 0x3A, 0xB6, 0x00, 0x00, 0xA1, 0x0E, 0x00, 0x00,
    0x00, 0x7E, 0x44, 0x44, 0x00, 0x7E, 0x77, 0x44, 0x00, 0x7B, 0x14, 0x11, 0x00, 0xB0, 0x7A, 0x17,
    0x00, 0xE0, 0xE7, 0xA8, 0x00, 0xE0, 0xE3, 0x8E, 0x00, 0xE0, 0x36, 0x76, 0x00, 0x00, 0x6E, 0xB7,
    0x74, 0xBE, 0x00, 0x00, 0x17, 0xB7, 0x00, 0x00, 0x41, 0xA7, 0x0A, 0x00, 0x41, 0xEB, 0x0A, 0x00,
    0xAA, 0xE7, 0x00, 0x00, 0x88, 0xEB, 0x00, 0x00, 0x8B, 0xBB, 0x0E, 0x00, 0x8B, 0x7B, 0x0E, 0x00,
    0x00, 0x6E, 0x36, 0xA6, 0x00, 0xE0, 0xEE, 0xAE, 0x00, 0x00, 0x00, 0xA0, 0x00, 0x00, 0x00, 0x00,
    0x00, 0x00, 0x00, 0x00, 0x00, 0x00, 0x00, 0x00, 0x00, 0x00, 0x00, 0x00, 0x00, 0x00, 0x00, 0x00,
    0xA6, 0x00, 0x00, 0x00, 0x63, 0x0A, 0x00, 0x00, 0x63, 0x0A, 0x00, 0x00, 0xAA, 0x00, 0x00, 0x00,
    0x00, 0x00, 0x00, 0x00, 0x00, 0x00, 0x00, 0x00, 0x00, 0x00, 0x00, 0x00, 0x00, 0x00, 0x00, 0x00,
    0x00, 0x00, 0x3E, 0x37, 0x00, 0x00, 0x6E, 0x33, 0x00, 0x00, 0xEF, 0xEE, 0x00, 0x00, 0x00, 0x00,
    0x00, 0x00, 0x00, 0x00, 0x00, 0x00, 0x00, 0x00, 0x00, 0x00, 0x00, 0x00, 0x00, 0x00, 0x00, 0x00,
    0x86, 0x36, 0x0E, 0x00, 0x33, 0x63, 0x0E, 0x00, 0xEE, 0xEE, 0x00, 0x00, 0x00, 0x00, 0x00, 0x00,
    0x00, 0x00, 0x00, 0x00, 0x00, 0x00, 0x00, 0x00, 0x00, 0x00, 0x00, 0x00, 0x00, 0x00, 0x00, 0x00,
    0x00, 0x00, 0x00, 0x09, 0x00, 0x00, 0x00, 0x95, 0x00, 0x00, 0x50, 0x92, 0x00, 0x00, 0x59, 0x22,
    0x00, 0x20, 0x59, 0x22, 0x00, 0x50, 0x52, 0x22, 0x90, 0x90, 0x52, 0x22, 0x00, 0x55, 0x29, 0x59,
    0x00, 0x00, 0x00, 0x00, 0x00, 0x09, 0x00, 0x00, 0x50, 0x09, 0x00, 0x00, 0x29, 0x92, 0x90, 0x00,
    0x55, 0x22, 0x29, 0x09, 0x25, 0x55, 0x25, 0x05, 0x29, 0x22, 0x52, 0x99, 0x95, 0x92, 0x22, 0x52,
    0x00, 0x00, 0x00, 0x00, 0x00, 0x00, 0x00, 0x00, 0x00, 0x00, 0x00, 0x00, 0x00, 0x00, 0x00, 0x00,
    0x00, 0x00, 0x00, 0x00, 0x00, 0x00, 0x00, 0x00, 0x00, 0x00, 0x00, 0x00, 0x09, 0x00, 0x00, 0x00,
    0x0C, 0x00, 0x00, 0x00, 0x0C, 0x00, 0x00, 0x00, 0xC3, 0x00, 0x00, 0x00, 0xC6, 0x00, 0x00, 0x00,
    0x31, 0x0C, 0x00, 0x00, 0x63, 0x0C, 0x00, 0x00, 0xCC, 0x00, 0x00, 0x00, 0x00, 0x00, 0x00, 0x00,
};
static const u16 sFrame3[] = {
    0x0005, 0x00D5, 0x81EB, 0x0000, 0x40F5, 0x81EB, 0x0010, 0x40CD, 0x01EB, 0x0018, 0x00CD, 0x01FB,
    0x001A, 0x00DD, 0x000B, 0x001B, 0x0000,
};
static const void* const sFrames3[] = { sFrame3 };
static const u8 sTiles4[928] __attribute__((aligned(4))) = {
    0x00, 0x90, 0x22, 0x55, 0x00, 0x00, 0x29, 0x52, 0x00, 0x90, 0x92, 0x25, 0x00, 0x59, 0x55, 0x59,
    0x00, 0x00, 0x99, 0x29, 0x00, 0x00, 0x90, 0x91, 0x00, 0x00, 0x90, 0x12, 0x00, 0x00, 0x00, 0x29,
    0x22, 0x52, 0x22, 0x29, 0x22, 0x25, 0x95, 0x52, 0x92, 0x22, 0x22, 0x52, 0x59, 0x92, 0x92, 0x22,
    0x25, 0x59, 0x52, 0x59, 0x37, 0x95, 0x95, 0x92, 0x16, 0x95, 0x92, 0x52, 0x21, 0x85, 0x29, 0x59,
    0x22, 0x09, 0x00, 0x00, 0x22, 0x09, 0x00, 0x00, 0x95, 0x09, 0x00, 0x00, 0x25, 0x09, 0x00, 0x00,
    0x59, 0x95, 0x00, 0x00, 0x99, 0x00, 0x00, 0x00, 0x92, 0x00, 0x00, 0x00, 0x59, 0x09, 0x00, 0x00,
    0x00, 0x00, 0x00, 0x00, 0x00, 0x00, 0x00, 0x00, 0x00, 0x00, 0x00, 0x00, 0x00, 0x00, 0x00, 0x00,
    0x00, 0x00, 0x00, 0x00, 0x00, 0x00, 0x00, 0x00, 0x00, 0x00, 0x00, 0x00, 0x00, 0x00, 0x00, 0xC0,
    0x00, 0x00, 0x00, 0xBC, 0x00, 0x00, 0x60, 0x8A, 0x00, 0x00, 0x30, 0xA6, 0x00, 0x00, 0x16, 0x61,
    0x00, 0x00, 0x16, 0x61, 0x00, 0x00, 0x36, 0x31, 0x00, 0x00, 0x6A, 0x63, 0x00, 0x00, 0xA0, 0xE6,
    0x55, 0x99, 0x9B, 0x95, 0x9B, 0x58, 0x8B, 0xA9, 0x88, 0x25, 0x88, 0xC6, 0x1B, 0x16, 0xBB, 0xEE,
    0x6A, 0xA1, 0x36, 0x6E, 0x16, 0x16, 0xEB, 0x36, 0xEC, 0xB3, 0xAA, 0x33, 0xBE, 0xB6, 0xE6, 0x6A,
    0x08, 0x00, 0x00, 0x00, 0xEC, 0x00, 0x00, 0x00, 0x6E, 0x0C, 0x00, 0x00, 0x33, 0x06, 0x00, 0x00,
    0x31, 0x63, 0x00, 0x00, 0x11, 0x63, 0x00, 0x00, 0x11, 0x63, 0x00, 0x00, 0x13, 0x36, 0x06, 0x00,
    0x00, 0x00, 0x00, 0x1C, 0x00, 0xC0, 0xC0, 0x36, 0x00, 0x6C, 0x1C, 0x66, 0x00, 0x16, 0x1C, 0x31,
    0x00, 0x16, 0x36, 0x63, 0x00, 0x3C, 0x63, 0x16, 0x00, 0x6C, 0x16, 0x31, 0xC0, 0x16, 0x31, 0xC6,
    0x00, 0x00, 0x80, 0x51, 0x00, 0x00, 0x00, 0x18, 0x00, 0x00, 0x00, 0x28, 0x00, 0x00, 0x00, 0x58,
    0x00, 0x00, 0x00, 0x58, 0x00, 0x00, 0x00, 0x58, 0x00, 0x00, 0xE0, 0x8A, 0x00, 0x00, 0xE0, 0x88,
    0xEA, 0x3E, 0xEB, 0xEE, 0xBA, 0x6B, 0xBE, 0x33, 0xE5, 0x3B, 0x1E, 0xB5, 0xB1, 0x6E, 0x81, 0x51,
    0x21, 0x8B, 0x99, 0x85, 0x51, 0x22, 0x55, 0x19, 0x22, 0x11, 0x12, 0x52, 0x15, 0x21, 0x98, 0x58,
    0xAA, 0x1E, 0x63, 0x60, 0xEE, 0x6A, 0x6A, 0x16, 0x52, 0x61, 0x16, 0x31, 0xC8, 0x16, 0x31, 0xC6,
    0x79, 0x31, 0xC6, 0x0C, 0x75, 0xC7, 0xBC, 0x0B, 0x65, 0xBC, 0xBB, 0x0B, 0x88, 0x49, 0x13, 0x0E,
    0x16, 0x31, 0xC6, 0x0C, 0x31, 0xC6, 0x0C, 0x00, 0xC6, 0x0C, 0x00, 0x00, 0x0C, 0x00, 0x00, 0x00,
    0x00, 0x00, 0x00, 0x00, 0x00, 0x00, 0x00, 0x00, 0x00, 0x00, 0x00, 0x00, 0x00, 0x00, 0x00, 0x00,
    0x00, 0x00, 0x7E, 0x99, 0x00, 0x00, 0x4E, 0x58, 0x00, 0x00, 0x4E, 0x59, 0x00, 0x00, 0x1E, 0x9A,
    0x00, 0x00, 0xA0, 0x97, 0x00, 0x00, 0xE0, 0x6A, 0x00, 0x00, 0xE0, 0xA3, 0x00, 0x00, 0xA0, 0x16,
    0x28, 0x95, 0x92, 0x85, 0x59, 0x92, 0x55, 0x59, 0xE5, 0x2E, 0x29, 0x19, 0x55, 0x99, 0x99, 0x55,
    0x15, 0x55, 0x11, 0x85, 0x15, 0x11, 0x85, 0x88, 0x59, 0x85, 0x89, 0x00, 0x94, 0x99, 0x0E, 0x00,
    0x95, 0x48, 0x16, 0xB4, 0x81, 0x47, 0x11, 0xB4, 0x95, 0x47, 0x11, 0x71, 0x98, 0x47, 0x11, 0x41,
    0xF9, 0x4B, 0x14, 0x11, 0x00, 0x7B, 0x44, 0x44, 0x00, 0x7E, 0x44, 0x11, 0x00, 0xE0, 0x44, 0x44,
    0x00, 0x00, 0x00, 0x00, 0x00, 0x00, 0x00, 0x00, 0x0E, 0x00, 0x00, 0x00, 0x0E, 0x00, 0x00, 0x00,
    0xB4, 0x00, 0x00, 0x00, 0x71, 0x00, 0x00, 0x00, 0x74, 0x0E, 0x00, 0x00, 0x44, 0x0E, 0x00, 0x00,
    0x00, 0x00, 0x17, 0x16, 0x00, 0x00, 0x4A, 0x46, 0x00, 0x00, 0xEE, 0x76, 0x00, 0xB0, 0x8B, 0xB3,
    0xE0, 0x8B, 0xE8, 0xB6, 0x3E, 0xB8, 0xBB, 0xE6, 0x6E, 0x73, 0xAB, 0x73, 0xE0, 0x36, 0x1A, 0x3A,
    0x44, 0x77, 0xEA, 0x00, 0x77, 0xA4, 0xEA, 0x00, 0x41, 0xA7, 0xEE, 0x00, 0x77, 0xEA, 0x0B, 0x00,
    0xBE, 0xBE, 0x0B, 0x00, 0x77, 0x63, 0x0B, 0x00, 0x36, 0xB6, 0x00, 0x00, 0xE7, 0x0E, 0x00, 0x00,
    0x00, 0xE0, 0x44, 0x44, 0x00, 0xE0, 0x77, 0x44, 0x00, 0xB0, 0x14, 0x11, 0x00, 0xB0, 0x7A, 0x17,
    0x00, 0xE0, 0xE7, 0xA8, 0x00, 0xE0, 0xE3, 0x8E, 0x00, 0xE0, 0x36, 0x76, 0x00, 0x00, 0x6E, 0xB7,
    0x74, 0xBE, 0x00, 0x00, 0x17, 0xB7, 0x00, 0x00, 0x41, 0xA7, 0x0E, 0x00, 0x41, 0xEB, 0x0A, 0x00,
    0xAA, 0xE7, 0x00, 0x00, 0x88, 0xEB, 0x00, 0x00, 0x8B, 0xBB, 0x0E, 0x00, 0x8B, 0x7B, 0x0E, 0x00,
    0x00, 0x6E, 0x6A, 0xEA, 0x00, 0xE0, 0x3A, 0xA6, 0x00, 0x00, 0x3A, 0xA6, 0x00, 0x00, 0xA0, 0x0A,
    0x00, 0x00, 0x00, 0x00, 0x00, 0x00, 0x00, 0x00, 0x00, 0x00, 0x00, 0x00, 0x00, 0x00, 0x00, 0x00,
    0x0E, 0x00, 0x00, 0x00, 0x00, 0x00, 0x00, 0x00, 0x00, 0x00, 0x00, 0x00, 0x00, 0x00, 0x00, 0x00,
    0x00, 0x00, 0x00, 0x00, 0x00, 0x00, 0x00, 0x00, 0x00, 0x00, 0x00, 0x00, 0x00, 0x00, 0x00, 0x00,
    0x00, 0x00, 0x3E, 0x37, 0x00, 0x00, 0x6E, 0x33, 0x00, 0x00, 0xEF, 0xEE, 0x00, 0x00, 0x00, 0x00,
    0x00, 0x00, 0x00, 0x00, 0x00, 0x00, 0x00, 0x00, 0x00, 0x00, 0x00, 0x00, 0x00, 0x00, 0x00, 0x00,
    0x86, 0x36, 0x0E, 0x00, 0x33, 0x63, 0x0E, 0x00, 0xEE, 0xEE, 0x00, 0x00, 0x00, 0x00, 0x00, 0x00,
    0x00, 0x00, 0x00, 0x00, 0x00, 0x00, 0x00, 0x00, 0x00, 0x00, 0x00, 0x00, 0x00, 0x00, 0x00, 0x00,
    0x00, 0x00, 0x00, 0x09, 0x00, 0x00, 0x00, 0x95, 0x00, 0x00, 0x00, 0x25, 0x00, 0x00, 0x09, 0x25,
    0x00, 0x00, 0x92, 0x25, 0x00, 0x00, 0x25, 0x25, 0x00, 0x00, 0x29, 0x25, 0x00, 0x59, 0x95, 0x92,
    0x00, 0x00, 0x00, 0x00, 0x00, 0x09, 0x00, 0x00, 0x09, 0x95, 0x00, 0x00, 0x92, 0x22, 0x09, 0x09,
    0x52, 0x25, 0x92, 0x92, 0x52, 0x52, 0x55, 0x52, 0x92, 0x22, 0x22, 0x95, 0x55, 0x29, 0x29, 0x22,
    0x00, 0x00, 0x00, 0x00, 0x00, 0x00, 0x00, 0x00, 0x00, 0x00, 0x00, 0x00, 0x00, 0x00, 0x00, 0x00,
    0x00, 0x00, 0x00, 0x00, 0x00, 0x00, 0x00, 0x00, 0x00, 0x00, 0x00, 0x00, 0x0C, 0x00, 0x00, 0x00,
    0xC3, 0x00, 0x00, 0x00, 0xC1, 0x00, 0x00, 0x00, 0x31, 0x0C, 0x00, 0x00, 0x63, 0x0C, 0x00, 0x00,
    0x16, 0xC3, 0x00, 0x00, 0x31, 0xC6, 0x00, 0x00, 0xC6, 0x0C, 0x00, 0x00, 0x0C, 0x00, 0x00, 0x00,
    0x00, 0x00, 0x00, 0x00, 0x00, 0x00, 0x00, 0x00, 0x00, 0x00, 0x00, 0x00, 0x00, 0x00, 0x00, 0x00,
    0x00, 0x00, 0x00, 0x00, 0x00, 0x00, 0x00, 0x00, 0x09, 0x00, 0x00, 0x00, 0x95, 0x00, 0x00, 0x00,
};
static const u16 sFrame4[] = {
    0x0005, 0x00D5, 0x81EB, 0x0000, 0x40F5, 0x81EB, 0x0010, 0x40CD, 0x01EB, 0x0018, 0x80D5, 0x000B,
    0x001A, 0x00CD, 0x01FB, 0x001C, 0x0000,
};
static const void* const sFrames4[] = { sFrame4 };
static const u8 sTiles5[896] __attribute__((aligned(4))) = {
    0x00, 0x00, 0x00, 0xC0, 0x00, 0x00, 0x00, 0xA6, 0x00, 0x00, 0x00, 0x63, 0x00, 0x00, 0x60, 0x11,
    0x00, 0x00, 0x60, 0x11, 0x00, 0x00, 0x60, 0x13, 0x00, 0x00, 0xA0, 0x36, 0x00, 0x00, 0x00, 0x6A,
    0x5B, 0x95, 0xB9, 0x59, 0xB8, 0x89, 0xB5, 0x98, 0x8A, 0x58, 0x82, 0x68, 0xB6, 0x61, 0xB1, 0xEB,
    0xA6, 0x16, 0x6A, 0xE3, 0x63, 0x61, 0xB1, 0x6E, 0xC6, 0x3E, 0xAB, 0x3A, 0xEE, 0x6B, 0x6B, 0xAE,
    0x89, 0x00, 0x00, 0x00, 0xCA, 0x0E, 0x00, 0x00, 0xEC, 0xC6, 0x00, 0x00, 0x3E, 0x63, 0x00, 0x00,
    0x16, 0x33, 0x06, 0x00, 0x13, 0x31, 0x06, 0x00, 0x13, 0x31, 0x06, 0x00, 0x36, 0x61, 0x63, 0x00,
    0x00, 0x00, 0x00, 0xC0, 0x00, 0x00, 0x0C, 0x6C, 0x00, 0xC0, 0xC6, 0x61, 0x00, 0x60, 0xC1, 0x11,
    0x00, 0x60, 0x61, 0x33, 0x00, 0xC0, 0x33, 0x66, 0x00, 0xC0, 0x66, 0x11, 0x00, 0x6C, 0x11, 0x63,
    0x00, 0x00, 0x00, 0x18, 0x00, 0x00, 0x00, 0x80, 0x00, 0x00, 0x00, 0x80, 0x00, 0x00, 0x00, 0x80,
    0x00, 0x00, 0x00, 0x80, 0x00, 0x00, 0x00, 0x80, 0x00, 0x00, 0x00, 0x4E, 0x00, 0x00, 0x00, 0x8E,
    0xA5, 0xEE, 0xB3, 0xEE, 0xA1, 0xBB, 0xE6, 0x3B, 0x52, 0xBE, 0xE3, 0x51, 0x15, 0xEB, 0x16, 0x18,
    0x15, 0xB2, 0x98, 0x59, 0x15, 0x25, 0x52, 0x95, 0x28, 0x12, 0x21, 0x21, 0x58, 0x11, 0x82, 0x89,
    0xAE, 0xEA, 0x31, 0x06, 0xE3, 0xAE, 0xA6, 0x66, 0x2B, 0x15, 0x66, 0x11, 0x85, 0x6C, 0x11, 0x63,
    0x98, 0x17, 0x63, 0xCC, 0x51, 0x77, 0xCC, 0xBB, 0x55, 0xC6, 0xBB, 0xBB, 0x85, 0x98, 0xBB, 0x3A,
    0x66, 0x11, 0x63, 0xCC, 0x11, 0x63, 0xCC, 0x00, 0x63, 0xCC, 0x00, 0x00, 0xCC, 0x00, 0x00, 0x00,
    0x00, 0x00, 0x00, 0x00, 0x00, 0x00, 0x00, 0x00, 0x00, 0x00, 0x00, 0x00, 0x0B, 0x00, 0x00, 0x00,
    0x00, 0x00, 0xE0, 0x97, 0x00, 0x00, 0xE0, 0x87, 0x00, 0x00, 0xE0, 0x94, 0x00, 0x00, 0xAE, 0xA1,
    0x00, 0x00, 0x4E, 0x71, 0x00, 0x00, 0xA0, 0xA1, 0x00, 0x00, 0xE0, 0x37, 0x00, 0x00, 0xA0, 0x16,
    0x89, 0x52, 0x29, 0x59, 0x95, 0x25, 0x59, 0x95, 0x55, 0xEE, 0x92, 0x92, 0x59, 0x95, 0x99, 0x59,
    0x59, 0x51, 0x15, 0x51, 0x56, 0x11, 0x51, 0x88, 0x9A, 0x55, 0x98, 0x08, 0xA4, 0x99, 0xE9, 0x0E,
    0x58, 0x89, 0xAB, 0x34, 0x15, 0xB8, 0x44, 0x13, 0x51, 0xB9, 0x47, 0x16, 0x85, 0xE9, 0x47, 0x11,
    0x98, 0xB0, 0x47, 0x11, 0x08, 0xB0, 0x47, 0x11, 0x00, 0x00, 0x4B, 0x14, 0x00, 0x00, 0x7E, 0x44,
    0x0A, 0x00, 0x00, 0x00, 0xE4, 0x00, 0x00, 0x00, 0x41, 0x0B, 0x00, 0x00, 0x41, 0x0B, 0x00, 0x00,
    0x11, 0xE7, 0x00, 0x00, 0x11, 0xE4, 0x00, 0x00, 0x11, 0xB4, 0x00, 0x00, 0x44, 0x71, 0x0E, 0x00,
    0x00, 0x00, 0x17, 0x76, 0x00, 0x00, 0x4A, 0x46, 0x00, 0x00, 0xEE, 0x73, 0x00, 0xB0, 0x8B, 0xB6,
    0xE0, 0x8B, 0xE8, 0xB6, 0x3E, 0xB8, 0x3A, 0xEB, 0x6E, 0xA3, 0xA1, 0x7E, 0xE0, 0xA6, 0xA6, 0x37,
    0x44, 0x77, 0x0E, 0x00, 0x77, 0xA4, 0xEA, 0x00, 0x41, 0xA7, 0xEE, 0x00, 0x77, 0xEA, 0x0B, 0x00,
    0xBE, 0xBE, 0x0B, 0x00, 0x77, 0x63, 0x0B, 0x00, 0x36, 0xB6, 0x00, 0x00, 0xE7, 0x0E, 0x00, 0x00,
    0x00, 0x00, 0x4E, 0x44, 0x00, 0xB0, 0x7E, 0x44, 0x00, 0xB0, 0x7B, 0x71, 0x00, 0x00, 0xAB, 0x77,
    0x00, 0xE0, 0xE7, 0xA8, 0x00, 0xE0, 0xE3, 0x8E, 0x00, 0xE0, 0x36, 0x76, 0x00, 0x00, 0x6E, 0xB7,
    0x44, 0x74, 0x0E, 0x00, 0x44, 0xE4, 0x00, 0x00, 0x44, 0x77, 0x0A, 0x00, 0x11, 0xB4, 0x0E, 0x00,
    0xAA, 0xE7, 0x00, 0x00, 0x88, 0xEB, 0x00, 0x00, 0x8B, 0xBB, 0x0E, 0x00, 0x8B, 0x7B, 0x0E, 0x00,
    0x00, 0x00, 0x00, 0x09, 0x00, 0x00, 0x00, 0x95, 0x00, 0x00, 0x00, 0x25, 0x00, 0x00, 0x09, 0x25,
    0x00, 0x00, 0x20, 0x59, 0x00, 0x00, 0x50, 0x52, 0x00, 0x00, 0x90, 0x52, 0x00, 0x00, 0x50, 0x29,
    0x00, 0x00, 0x00, 0x00, 0x00, 0x09, 0x00, 0x00, 0x09, 0x95, 0x00, 0x00, 0x92, 0x22, 0x09, 0x09,
    0x22, 0x55, 0x22, 0x29, 0x22, 0x25, 0x55, 0x25, 0x22, 0x29, 0x22, 0x52, 0x59, 0x95, 0x92, 0x22,
    0x00, 0x90, 0x25, 0x52, 0x00, 0x00, 0x99, 0x22, 0x00, 0x00, 0x20, 0x59, 0x00, 0x00, 0x59, 0x95,
    0x00, 0x90, 0x95, 0x99, 0x00, 0x00, 0x00, 0x19, 0x00, 0x00, 0x00, 0x29, 0x00, 0x00, 0x00, 0x90,
    0x25, 0x22, 0x25, 0x92, 0x25, 0x52, 0x52, 0x29, 0x22, 0x29, 0x22, 0x22, 0x95, 0x25, 0x29, 0x29,
    0x52, 0x92, 0x25, 0x95, 0x79, 0x53, 0x59, 0x29, 0x61, 0x51, 0x29, 0x29, 0x12, 0x52, 0x98, 0x92,
    0x00, 0x6A, 0xA3, 0xE6, 0x00, 0x6A, 0xA3, 0x0E, 0x00, 0xA0, 0x0A, 0x00, 0x00, 0x00, 0x00, 0x00,
    0x00, 0x00, 0x00, 0x00, 0x00, 0x00, 0x00, 0x00, 0x00, 0x00, 0x00, 0x00, 0x00, 0x00, 0x00, 0x00,
    0x0E, 0x00, 0x00, 0x00, 0x00, 0x00, 0x00, 0x00, 0x00, 0x00, 0x00, 0x00, 0x00, 0x00, 0x00, 0x00,
    0x00, 0x00, 0x00, 0x00, 0x00, 0x00, 0x00, 0x00, 0x00, 0x00, 0x00, 0x00, 0x00, 0x00, 0x00, 0x00,
    0x00, 0x00, 0x3E, 0x37, 0x00, 0x00, 0x6E, 0x33, 0x00, 0x00, 0xEF, 0xEE, 0x00, 0x00, 0x00, 0x00,
    0x00, 0x00, 0x00, 0x00, 0x00, 0x00, 0x00, 0x00, 0x00, 0x00, 0x00, 0x00, 0x00, 0x00, 0x00, 0x00,
    0x86, 0x36, 0x0E, 0x00, 0x33, 0x63, 0x0E, 0x00, 0xEE, 0xEE, 0x00, 0x00, 0x00, 0x00, 0x00, 0x00,
    0x00, 0x00, 0x00, 0x00, 0x00, 0x00, 0x00, 0x00, 0x00, 0x00, 0x00, 0x00, 0x00, 0x00, 0x00, 0x00,
    0x00, 0x00, 0x00, 0x00, 0x00, 0x00, 0x00, 0x00, 0x00, 0x00, 0x00, 0x00, 0x00, 0x00, 0x00, 0x00,
    0x09, 0x00, 0x00, 0x00, 0x05, 0x00, 0x00, 0x00, 0x99, 0x00, 0x00, 0x00, 0x52, 0x09, 0x00, 0x00,
    0x22, 0x92, 0x00, 0x00, 0x25, 0x92, 0x00, 0x00, 0x55, 0x99, 0x00, 0x00, 0x52, 0x92, 0x00, 0x00,
    0x95, 0x55, 0x09, 0x00, 0x99, 0x09, 0x00, 0x00, 0x25, 0x09, 0x00, 0x00, 0x95, 0x95, 0x00, 0x00,
    0x00, 0x00, 0x00, 0x00, 0x00, 0x00, 0x00, 0x00, 0x00, 0x00, 0x00, 0x00, 0x00, 0x00, 0x00, 0x00,
    0x00, 0x00, 0x00, 0x00, 0x00, 0x00, 0x00, 0x00, 0x00, 0x00, 0x00, 0x00, 0xCC, 0x00, 0x00, 0x00,
    0x31, 0x0C, 0x00, 0x00, 0x13, 0x0C, 0x00, 0x00, 0x16, 0xC3, 0x00, 0x00, 0x33, 0xC6, 0x00, 0x00,
    0x66, 0x31, 0x0C, 0x00, 0x11, 0x63, 0x0C, 0x00, 0x63, 0xCC, 0x00, 0x00, 0xCC, 0x00, 0x00, 0x00,
};
static const u16 sFrame5[] = {
    0x0005, 0x00DD, 0x81EA, 0x0000, 0x00CD, 0x41EA, 0x0010, 0x40FD, 0x41EA, 0x0014, 0x80CD, 0x01FA,
    0x0018, 0x80D5, 0x000A, 0x001A, 0x0000,
};
static const void* const sFrames5[] = { sFrame5 };
static const u8 sTiles6[864] __attribute__((aligned(4))) = {
    0xC0, 0x5B, 0x95, 0xB9, 0xA6, 0xB8, 0x89, 0xB5, 0x63, 0x8A, 0x58, 0x82, 0x11, 0xB6, 0x61, 0xB1,
    0x11, 0xA6, 0x16, 0x6A, 0x13, 0x63, 0x61, 0xB1, 0x36, 0xC6, 0x3E, 0xAB, 0x6A, 0xEE, 0x6B, 0x6B,
    0x59, 0x89, 0x00, 0x00, 0x98, 0xCA, 0x0E, 0x00, 0x68, 0xEC, 0xC6, 0x00, 0xEB, 0x3E, 0x63, 0x00,
    0xE3, 0x16, 0x33, 0x06, 0x6E, 0x13, 0x31, 0x06, 0x3A, 0x13, 0x31, 0x06, 0xAE, 0x36, 0x61, 0x63,
    0x00, 0x00, 0x00, 0x00, 0x00, 0x00, 0x00, 0x0C, 0x00, 0x00, 0xC0, 0xC6, 0x00, 0x00, 0x60, 0xC1,
    0x00, 0x00, 0x60, 0x61, 0x00, 0x00, 0xC0, 0x33, 0x00, 0x00, 0xC0, 0x66, 0x00, 0x00, 0x6C, 0x11,
    0xC0, 0x31, 0x0C, 0x00, 0x6C, 0x13, 0x0C, 0x00, 0x61, 0x16, 0xC3, 0x00, 0x11, 0x33, 0xC6, 0x00,
    0x33, 0x66, 0x31, 0x0C, 0x66, 0x11, 0x63, 0x0C, 0x11, 0x63, 0xCC, 0x00, 0x63, 0xCC, 0x00, 0x00,
    0x18, 0xA5, 0xEE, 0xB3, 0x80, 0xA1, 0xBB, 0xE6, 0x80, 0x52, 0xBE, 0xE3, 0x80, 0x15, 0xEB, 0x16,
    0x80, 0x15, 0xB2, 0x98, 0x80, 0x15, 0x25, 0x52, 0xA0, 0x28, 0x12, 0x21, 0x8E, 0x58, 0x11, 0x82,
    0xEE, 0xAE, 0xEA, 0x31, 0x3B, 0xE3, 0xAE, 0xA6, 0x51, 0x2B, 0x15, 0x66, 0x18, 0x85, 0x6C, 0x11,
    0x59, 0x98, 0x17, 0x63, 0x95, 0x51, 0x77, 0xCC, 0x21, 0x55, 0xC6, 0xBB, 0x89, 0x85, 0x98, 0xBB,
    0x06, 0x66, 0x11, 0x63, 0x66, 0x11, 0x63, 0xCC, 0x11, 0x63, 0xCC, 0x00, 0x63, 0xCC, 0x00, 0x00,
    0xCC, 0x00, 0x00, 0x00, 0xBB, 0x00, 0x00, 0x00, 0xBB, 0x00, 0x00, 0x00, 0x3A, 0x0B, 0x00, 0x00,
    0xCC, 0x00, 0x00, 0x00, 0x00, 0x00, 0x00, 0x00, 0x00, 0x00, 0x00, 0x00, 0x00, 0x00, 0x00, 0x00,
    0x00, 0x00, 0x00, 0x00, 0x00, 0x00, 0x00, 0x00, 0x00, 0x00, 0x00, 0x00, 0x00, 0x00, 0x00, 0x00,
    0x00, 0x00, 0x00, 0x00, 0x00, 0x00, 0x00, 0xE0, 0x00, 0x00, 0x00, 0xE0, 0x00, 0x00, 0x00, 0x4E,
    0x00, 0x00, 0x00, 0x14, 0x00, 0x00, 0xE0, 0x67, 0x00, 0x00, 0xE0, 0x14, 0x00, 0x00, 0x1E, 0x17,
    0x9E, 0x89, 0x52, 0x29, 0x84, 0x95, 0x25, 0x59, 0x91, 0x55, 0xEE, 0x92, 0xA1, 0x59, 0x95, 0x99,
    0x11, 0x59, 0x51, 0x15, 0xA1, 0x56, 0x11, 0x51, 0x34, 0x9A, 0x55, 0x98, 0x64, 0x77, 0x99, 0x09,
    0x59, 0x58, 0x89, 0xAB, 0x95, 0x15, 0xA8, 0x43, 0x92, 0x51, 0xA9, 0x16, 0x59, 0x85, 0x79, 0x14,
    0x51, 0x98, 0x70, 0x14, 0x88, 0x08, 0xB0, 0x44, 0x08, 0x00, 0x7E, 0x14, 0x00, 0x00, 0x4E, 0x44,
    0x34, 0x0A, 0x00, 0x00, 0x11, 0xB4, 0x00, 0x00, 0x11, 0xB4, 0x00, 0x00, 0x11, 0x71, 0x0E, 0x00,
    0x11, 0x41, 0x0E, 0x00, 0x11, 0x41, 0x0B, 0x00, 0x41, 0x74, 0x0E, 0x00, 0x44, 0x74, 0x0E, 0x00,
    0x00, 0x00, 0x4A, 0x41, 0x00, 0x00, 0xEE, 0x77, 0x00, 0xB0, 0x8B, 0x3E, 0xE0, 0x8B, 0xE8, 0x68,
    0x3E, 0xB8, 0xBB, 0x6B, 0x6E, 0x73, 0xAB, 0x73, 0xE0, 0x36, 0x1A, 0x3A, 0x00, 0x6E, 0x6A, 0xEA,
    0x76, 0xA4, 0x0E, 0x00, 0x46, 0xA7, 0x0E, 0x00, 0x76, 0xEA, 0x0B, 0x00, 0xBE, 0xBE, 0x0B, 0x00,
    0x77, 0x63, 0x0B, 0x00, 0x36, 0xB6, 0x00, 0x00, 0xE7, 0x0E, 0x00, 0x00, 0x0E, 0x00, 0x00, 0x00,
    0x00, 0xE0, 0x47, 0x44, 0x00, 0xE0, 0x77, 0x47, 0x00, 0xB0, 0x47, 0x11, 0x00, 0xB0, 0xAB, 0x77,
    0x00, 0xE0, 0xE3, 0x8E, 0x00, 0xE0, 0x36, 0x76, 0x00, 0x00, 0x6E, 0xB7, 0x00, 0x00, 0x3E, 0x37,
    0x44, 0xE7, 0x0B, 0x00, 0x74, 0x71, 0x0B, 0x00, 0x11, 0x74, 0x0A, 0x00, 0x11, 0xB4, 0x0E, 0x00,
    0x88, 0xEB, 0x00, 0x00, 0x8B, 0xBB, 0x0E, 0x00, 0x8B, 0x7B, 0x0E, 0x00, 0x86, 0x36, 0x0E, 0x00,
    0x00, 0x00, 0x00, 0x90, 0x00, 0x00, 0x00, 0x50, 0x00, 0x00, 0x00, 0x50, 0x00, 0x00, 0x00, 0x00,
    0x00, 0x00, 0x00, 0x29, 0x00, 0x00, 0x00, 0x50, 0x00, 0x00, 0x00, 0x90, 0x00, 0x00, 0x00, 0x50,
    0x00, 0x00, 0x00, 0x00, 0x09, 0x90, 0x00, 0x00, 0x92, 0x50, 0x09, 0x00, 0x25, 0x92, 0x22, 0x09,
    0x59, 0x22, 0x55, 0x22, 0x52, 0x22, 0x25, 0x55, 0x52, 0x22, 0x29, 0x22, 0x29, 0x59, 0x95, 0x92,
    0x00, 0x00, 0x00, 0x25, 0x00, 0x00, 0x90, 0x99, 0x00, 0x00, 0x00, 0x20, 0x00, 0x00, 0x00, 0x59,
    0x00, 0x00, 0x00, 0x95, 0x00, 0x00, 0x90, 0x00, 0x00, 0x00, 0x00, 0x00, 0x00, 0x00, 0x00, 0x00,
    0x52, 0x25, 0x22, 0x25, 0x22, 0x25, 0x52, 0x52, 0x59, 0x22, 0x29, 0x22, 0x95, 0x95, 0x25, 0x29,
    0x99, 0x52, 0x92, 0x25, 0x19, 0x79, 0x53, 0x59, 0x29, 0x61, 0x51, 0x29, 0x90, 0x12, 0x52, 0x98,
    0x00, 0x00, 0x6E, 0x33, 0x00, 0x00, 0xEF, 0xEE, 0x00, 0x00, 0x00, 0x00, 0x00, 0x00, 0x00, 0x00,
    0x00, 0x00, 0x00, 0x00, 0x00, 0x00, 0x00, 0x00, 0x00, 0x00, 0x00, 0x00, 0x00, 0x00, 0x00, 0x00,
    0x33, 0x63, 0x0E, 0x00, 0xEE, 0xEE, 0x00, 0x00, 0x00, 0x00, 0x00, 0x00, 0x00, 0x00, 0x00, 0x00,
    0x00, 0x00, 0x00, 0x00, 0x00, 0x00, 0x00, 0x00, 0x00, 0x00, 0x00, 0x00, 0x00, 0x00, 0x00, 0x00,
    0x00, 0x00, 0x00, 0x00, 0x00, 0x00, 0x00, 0x00, 0x00, 0x00, 0x00, 0x00, 0x09, 0x00, 0x00, 0x00,
    0x29, 0x09, 0x00, 0x00, 0x25, 0x05, 0x00, 0x00, 0x52, 0x99, 0x00, 0x00, 0x22, 0x52, 0x09, 0x00,
    0x92, 0x22, 0x92, 0x00, 0x29, 0x25, 0x92, 0x00, 0x22, 0x55, 0x99, 0x00, 0x29, 0x52, 0x92, 0x00,
    0x95, 0x95, 0x55, 0x09, 0x29, 0x99, 0x09, 0x00, 0x29, 0x25, 0x09, 0x00, 0x92, 0x95, 0x95, 0x00,
    0x00, 0x00, 0x00, 0x00, 0x00, 0x00, 0x00, 0x00, 0x00, 0x00, 0x00, 0x00, 0x00, 0x00, 0x00, 0x00,
    0x00, 0x00, 0x00, 0x00, 0x00, 0x00, 0x00, 0x00, 0x00, 0x00, 0x00, 0x00, 0x00, 0xCC, 0x00, 0x00,
    0x00, 0x00, 0x00, 0x00, 0x00, 0x00, 0x00, 0x00, 0x00, 0x00, 0x00, 0x00, 0x00, 0x00, 0x00, 0x60,
    0x00, 0x00, 0x00, 0x60, 0x00, 0x00, 0x00, 0x60, 0x00, 0x00, 0x00, 0xA0, 0x00, 0x00, 0x00, 0x00,
    0x00, 0xA0, 0x36, 0x0A, 0x00, 0xA0, 0x36, 0x0A, 0x00, 0x00, 0xAA, 0x00, 0x00, 0x00, 0x00, 0x00,
    0x00, 0x00, 0x00, 0x00, 0x00, 0x00, 0x00, 0x00, 0x00, 0x00, 0x00, 0x00, 0x00, 0x00, 0x00, 0x00,
};
static const u16 sFrame6[] = {
    0x0008, 0x40DE, 0x81F4, 0x0000, 0x40EE, 0x81EC, 0x0008, 0x00CE, 0x41EC, 0x0010, 0x40FE, 0x01FC,
    0x0014, 0x80CE, 0x01FC, 0x0016, 0x00D6, 0x000C, 0x0018, 0x00DE, 0x01EC, 0x0019, 0x00FE, 0x01EC,
    0x001A, 0x0000,
};
static const void* const sFrames6[] = { sFrame6 };
static const u8 sTiles7[928] __attribute__((aligned(4))) = {
    0x00, 0x00, 0x00, 0x00, 0x00, 0x00, 0x00, 0x60, 0x00, 0x00, 0x00, 0x30, 0x00, 0x00, 0x00, 0x16,
    0x00, 0x00, 0x00, 0x16, 0x00, 0x00, 0x00, 0x36, 0x00, 0x00, 0x00, 0x6A, 0x00, 0x00, 0x00, 0xA0,
    0xBC, 0x55, 0x99, 0x9B, 0x8A, 0x9B, 0x58, 0x8B, 0xA6, 0x88, 0x25, 0x88, 0x61, 0x1B, 0x16, 0xBB,
    0x61, 0x6A, 0xA1, 0x36, 0x31, 0x16, 0x16, 0xEB, 0x63, 0xEC, 0xB3, 0xAA, 0xE6, 0xBE, 0xB6, 0xE6,
    0x95, 0x08, 0x00, 0x00, 0xA9, 0xEC, 0x00, 0x00, 0xC6, 0x6E, 0x0C, 0x00, 0xEE, 0x33, 0x06, 0x00,
    0x6E, 0x31, 0x63, 0x00, 0x36, 0x11, 0x63, 0x00, 0x33, 0x11, 0x63, 0x00, 0x6A, 0x13, 0x36, 0x06,
    0x00, 0x00, 0x00, 0x00, 0x00, 0x00, 0xC0, 0xC0, 0x00, 0x00, 0x6C, 0x1C, 0x00, 0x00, 0x16, 0x1C,
    0x00, 0x00, 0x16, 0x36, 0x00, 0x00, 0x3C, 0x63, 0x00, 0x00, 0x6C, 0x16, 0x00, 0xC0, 0x16, 0x31,
    0x00, 0x00, 0x00, 0x80, 0x00, 0x00, 0x00, 0x00, 0x00, 0x00, 0x00, 0x00, 0x00, 0x00, 0x00, 0x00,
    0x00, 0x00, 0x00, 0x00, 0x00, 0x00, 0x00, 0x00, 0x00, 0x00, 0x00, 0x00, 0x00, 0x00, 0x00, 0xE0,
    0x51, 0xEA, 0x3E, 0xEB, 0x18, 0xBA, 0x6B, 0xBE, 0x28, 0xE5, 0x3B, 0x1E, 0x58, 0xB1, 0x6E, 0x81,
    0x58, 0x21, 0x8B, 0x99, 0x58, 0x51, 0x22, 0x55, 0x8A, 0x22, 0x11, 0x12, 0x88, 0x15, 0x21, 0x98,
    0xEE, 0xAA, 0x1E, 0x63, 0x33, 0xEE, 0x6A, 0x6A, 0xB5, 0x52, 0x61, 0x16, 0x51, 0xC8, 0x16, 0x31,
    0x85, 0x79, 0x31, 0xC6, 0x19, 0x75, 0xC7, 0xBC, 0x52, 0x65, 0xBC, 0xBB, 0x58, 0x88, 0xB9, 0xAB,
    0x60, 0x16, 0x31, 0xC6, 0x16, 0x31, 0xC6, 0x0C, 0x31, 0xC6, 0x0C, 0x00, 0xC6, 0x0C, 0x00, 0x00,
    0x0C, 0x00, 0x00, 0x00, 0x0B, 0x00, 0x00, 0x00, 0x0B, 0x00, 0x00, 0x00, 0xB3, 0x00, 0x00, 0x00,
    0x00, 0x00, 0x00, 0xE0, 0x00, 0x00, 0x00, 0x40, 0x00, 0x00, 0x00, 0x4E, 0x00, 0x00, 0x00, 0x1E,
    0x00, 0x00, 0x00, 0x14, 0x00, 0x00, 0xE0, 0x11, 0x00, 0x00, 0xE0, 0x71, 0x00, 0x00, 0xA0, 0x44,
    0x99, 0x28, 0x95, 0x92, 0x58, 0x59, 0x92, 0x55, 0x59, 0xE5, 0x2E, 0x29, 0x9A, 0x55, 0x99, 0x99,
    0x91, 0x15, 0x55, 0x11, 0x6A, 0x15, 0x11, 0x85, 0xA3, 0x59, 0x85, 0x89, 0x46, 0x94, 0x99, 0x0E,
    0x85, 0x95, 0xB8, 0x4A, 0x59, 0x81, 0x4B, 0x13, 0x19, 0x95, 0x7B, 0x64, 0x55, 0x98, 0x7E, 0x14,
    0x85, 0x09, 0x7B, 0x14, 0x88, 0x00, 0x7B, 0x14, 0x00, 0x00, 0x4B, 0x11, 0x00, 0x00, 0xE0, 0x47,
    0xA3, 0x00, 0x00, 0x00, 0x41, 0x0E, 0x00, 0x00, 0x41, 0x0B, 0x00, 0x00, 0x11, 0xB4, 0x00, 0x00,
    0x11, 0xE7, 0x00, 0x00, 0x11, 0xE4, 0x00, 0x00, 0x41, 0xB4, 0x0F, 0x00, 0x11, 0x74, 0x0E, 0x00,
    0x00, 0x00, 0x1E, 0x67, 0x00, 0x00, 0x4A, 0x61, 0x00, 0x00, 0xEE, 0x63, 0x00, 0xB0, 0x8B, 0xB6,
    0xE0, 0x8B, 0xE8, 0xB6, 0x3E, 0xB8, 0xAB, 0xE3, 0x6E, 0x73, 0x1A, 0x7A, 0xE0, 0x36, 0x6A, 0x3A,
    0x44, 0x77, 0x0E, 0x00, 0x77, 0xA4, 0xEA, 0x00, 0x41, 0xA7, 0xEE, 0x00, 0x77, 0xEA, 0x0B, 0x00,
    0xBE, 0xBE, 0x0B, 0x00, 0x77, 0x63, 0x0B, 0x00, 0x36, 0xB6, 0x00, 0x00, 0xE7, 0x0E, 0x00, 0x00,
    0x00, 0x00, 0x4E, 0x44, 0x00, 0xE0, 0x47, 0x44, 0x00, 0xE0, 0x77, 0x47, 0x00, 0xB0, 0x47, 0x11,
    0x00, 0xB0, 0xAB, 0x77, 0x00, 0xE0, 0xE3, 0x8E, 0x00, 0xE0, 0x36, 0x76, 0x00, 0x00, 0x6E, 0xB7,
    0x44, 0xE7, 0x00, 0x00, 0x44, 0xE7, 0x0B, 0x00, 0x74, 0x71, 0x0B, 0x00, 0x11, 0x74, 0x0A, 0x00,
    0x11, 0xB4, 0x0E, 0x00, 0x88, 0xEB, 0x00, 0x00, 0x8B, 0xBB, 0x0E, 0x00, 0x8B, 0x7B, 0x0E, 0x00,
    0x00, 0x00, 0x00, 0x90, 0x00, 0x00, 0x00, 0x50, 0x00, 0x00, 0x00, 0x50, 0x00, 0x00, 0x90, 0x50,
    0x00, 0x00, 0x00, 0x92, 0x00, 0x00, 0x00, 0x25, 0x00, 0x00, 0x00, 0x29, 0x00, 0x00, 0x00, 0x95,
    0x00, 0x00, 0x00, 0x00, 0x09, 0x90, 0x00, 0x00, 0x92, 0x50, 0x09, 0x00, 0x22, 0x29, 0x92, 0x90,
    0x25, 0x52, 0x25, 0x92, 0x25, 0x52, 0x52, 0x55, 0x25, 0x92, 0x22, 0x22, 0x92, 0x55, 0x29, 0x29,
    0x00, 0x00, 0x59, 0x22, 0x00, 0x00, 0x90, 0x29, 0x00, 0x00, 0x00, 0x92, 0x00, 0x00, 0x90, 0x55,
    0x00, 0x00, 0x59, 0x99, 0x00, 0x00, 0x00, 0x90, 0x00, 0x00, 0x00, 0x90, 0x00, 0x00, 0x00, 0x00,
    0x55, 0x22, 0x52, 0x22, 0x52, 0x22, 0x25, 0x95, 0x25, 0x92, 0x22, 0x22, 0x59, 0x59, 0x92, 0x92,
    0x29, 0x25, 0x59, 0x52, 0x91, 0x37, 0x95, 0x95, 0x12, 0x16, 0x95, 0x92, 0x29, 0x21, 0x85, 0x29,
    0x00, 0x6E, 0x3A, 0xA6, 0x00, 0xE0, 0x3A, 0xA6, 0x00, 0x00, 0xA0, 0x0A, 0x00, 0x00, 0x00, 0x00,
    0x00, 0x00, 0x00, 0x00, 0x00, 0x00, 0x00, 0x00, 0x00, 0x00, 0x00, 0x00, 0x00, 0x00, 0x00, 0x00,
    0x0E, 0x00, 0x00, 0x00, 0x00, 0x00, 0x00, 0x00, 0x00, 0x00, 0x00, 0x00, 0x00, 0x00, 0x00, 0x00,
    0x00, 0x00, 0x00, 0x00, 0x00, 0x00, 0x00, 0x00, 0x00, 0x00, 0x00, 0x00, 0x00, 0x00, 0x00, 0x00,
    0x00, 0x00, 0x3E, 0x37, 0x00, 0x00, 0x6E, 0x33, 0x00, 0x00, 0xEF, 0xEE, 0x00, 0x00, 0x00, 0x00,
    0x00, 0x00, 0x00, 0x00, 0x00, 0x00, 0x00, 0x00, 0x00, 0x00, 0x00, 0x00, 0x00, 0x00, 0x00, 0x00,
    0x86, 0x36, 0x0E, 0x00, 0x33, 0x63, 0x0E, 0x00, 0xEE, 0xEE, 0x00, 0x00, 0x00, 0x00, 0x00, 0x00,
    0x00, 0x00, 0x00, 0x00, 0x00, 0x00, 0x00, 0x00, 0x00, 0x00, 0x00, 0x00, 0x00, 0x00, 0x00, 0x00,
    0x00, 0x00, 0x00, 0x00, 0x00, 0x00, 0x00, 0x00, 0x00, 0x00, 0x00, 0x00, 0x00, 0x00, 0x00, 0x00,
    0x92, 0x00, 0x00, 0x00, 0x52, 0x00, 0x00, 0x00, 0x95, 0x09, 0x00, 0x00, 0x22, 0x95, 0x00, 0x00,
    0x29, 0x22, 0x09, 0x00, 0x52, 0x22, 0x09, 0x00, 0x52, 0x95, 0x09, 0x00, 0x22, 0x25, 0x09, 0x00,
    0x59, 0x59, 0x95, 0x00, 0x92, 0x99, 0x00, 0x00, 0x52, 0x92, 0x00, 0x00, 0x59, 0x59, 0x09, 0x00,
    0x00, 0x00, 0x00, 0x00, 0x00, 0x00, 0x00, 0x00, 0x00, 0x00, 0x00, 0x00, 0x00, 0x00, 0x00, 0x00,
    0x00, 0x00, 0x00, 0x00, 0x00, 0x00, 0x00, 0x00, 0x00, 0x00, 0x00, 0x00, 0xC0, 0x0C, 0x00, 0x00,
    0x1C, 0xC3, 0x00, 0x00, 0x36, 0xC1, 0x00, 0x00, 0x66, 0x31, 0x0C, 0x00, 0x31, 0x63, 0x0C, 0x00,
    0x63, 0x16, 0xC3, 0x00, 0x16, 0x31, 0xC6, 0x00, 0x31, 0xC6, 0x0C, 0x00, 0xC6, 0x0C, 0x00, 0x00,
    0x0C, 0x00, 0x00, 0x00, 0x00, 0x00, 0x00, 0x00, 0x00, 0x00, 0x00, 0x00, 0x00, 0x00, 0x00, 0x00,
    0x00, 0x00, 0x00, 0x00, 0x00, 0x00, 0x00, 0x00, 0x00, 0x00, 0x00, 0x00, 0x00, 0x00, 0x00, 0x00,
};
static const u16 sFrame7[] = {
    0x0006, 0x00DD, 0x81EC, 0x0000, 0x00CD, 0x41EC, 0x0010, 0x40FD, 0x41EC, 0x0014, 0x80CD, 0x01FC,
    0x0018, 0x80D5, 0x000C, 0x001A, 0x00E5, 0x000C, 0x001C, 0x0000,
};
static const void* const sFrames7[] = { sFrame7 };
static const u8 sTiles8[960] __attribute__((aligned(4))) = {
    0x55, 0x22, 0x52, 0x22, 0x52, 0x22, 0x25, 0x95, 0x25, 0x92, 0x22, 0x22, 0x59, 0x59, 0x92, 0x92,
    0x29, 0x25, 0x59, 0x52, 0x11, 0x6A, 0x99, 0x92, 0x12, 0x16, 0x92, 0x29, 0x29, 0x21, 0xB5, 0xB5,
    0x29, 0x22, 0x09, 0x00, 0x52, 0x22, 0x59, 0x09, 0x52, 0x95, 0x99, 0x09, 0x22, 0x25, 0xB9, 0x00,
    0x59, 0x59, 0x65, 0xBB, 0x52, 0x92, 0x98, 0xBB, 0x59, 0x59, 0xB9, 0x7E, 0xB9, 0x6A, 0xEC, 0xB9,
    0x00, 0x00, 0x00, 0x00, 0x00, 0x00, 0x00, 0x00, 0x00, 0x00, 0x00, 0x00, 0x00, 0x00, 0xC0, 0xCC,
    0xCC, 0xCC, 0x1C, 0x11, 0x13, 0x11, 0x31, 0x33, 0x37, 0x33, 0xC3, 0xCC, 0xCB, 0xCC, 0x0C, 0x00,
    0x00, 0x00, 0xC0, 0x31, 0x00, 0x00, 0xC0, 0x17, 0x00, 0x00, 0x7C, 0x77, 0xCC, 0xCC, 0x11, 0x11,
    0x11, 0x11, 0x33, 0x33, 0x33, 0x33, 0xCC, 0xCC, 0xCC, 0xCC, 0x00, 0x00, 0x00, 0x00, 0x00, 0x00,
    0x92, 0x55, 0xBB, 0x88, 0x55, 0xBB, 0x9E, 0xA5, 0x1F, 0x31, 0xFE, 0x68, 0x90, 0xE5, 0x7E, 0xAF,
    0x00, 0x19, 0x13, 0x1A, 0x00, 0x00, 0x91, 0xA9, 0x00, 0x10, 0x16, 0x80, 0x00, 0x00, 0x00, 0x90,
    0x6A, 0x36, 0xE6, 0xFF, 0x16, 0x11, 0x63, 0xC3, 0x13, 0x31, 0xA6, 0xC1, 0x67, 0x66, 0xEA, 0xE6,
    0xAA, 0xAA, 0xBB, 0xEC, 0x11, 0xF0, 0xB3, 0x16, 0x1C, 0xF0, 0xB6, 0x36, 0x0C, 0xF0, 0xF3, 0x16,
    0x0F, 0x00, 0x00, 0x00, 0x59, 0x09, 0x00, 0x00, 0x12, 0x92, 0xFF, 0x00, 0x55, 0x36, 0x31, 0x0F,
    0xFF, 0x13, 0x63, 0x0F, 0xF4, 0x5F, 0xF6, 0x0F, 0xF4, 0x21, 0x12, 0xF5, 0x51, 0x5F, 0xF1, 0xFF,
    0x00, 0x00, 0x00, 0x00, 0x00, 0x00, 0x00, 0x00, 0x00, 0x00, 0x00, 0x00, 0x00, 0x00, 0x00, 0x00,
    0x00, 0x00, 0x00, 0xFF, 0x00, 0xE0, 0x0E, 0x3B, 0x07, 0xAE, 0xB7, 0xB7, 0xE0, 0xAA, 0x74, 0xA1,
    0x00, 0x00, 0x00, 0x00, 0x00, 0x00, 0x00, 0x00, 0x00, 0x00, 0x00, 0x00, 0x00, 0x00, 0x00, 0x00,
    0x00, 0x00, 0x00, 0x00, 0x00, 0x00, 0x00, 0xBB, 0x00, 0x00, 0xB0, 0x4A, 0x00, 0x00, 0x4B, 0x4A,
    0x00, 0x6F, 0xFC, 0x16, 0x00, 0xEE, 0x6F, 0x11, 0x00, 0xBE, 0x6F, 0x61, 0xE0, 0xEE, 0xBC, 0xE6,
    0xEE, 0xAC, 0xCC, 0x7A, 0xF7, 0x7A, 0xA7, 0xC7, 0xF4, 0xA7, 0xA7, 0xA7, 0x11, 0xAF, 0x77, 0x7A,
    0x1B, 0x11, 0x12, 0xF1, 0x2B, 0x11, 0x11, 0xF5, 0x9B, 0x25, 0x21, 0xB9, 0xB9, 0x59, 0x99, 0x1B,
    0x97, 0xB9, 0x1B, 0x11, 0xCA, 0xFF, 0x44, 0x14, 0xCA, 0xFF, 0x46, 0x41, 0xFC, 0xAC, 0x4F, 0x74,
    0xEE, 0x77, 0x71, 0x71, 0x71, 0x11, 0x11, 0x74, 0x11, 0x11, 0x41, 0x14, 0x11, 0x11, 0x44, 0x17,
    0x11, 0x44, 0x77, 0x47, 0x11, 0x41, 0xBB, 0xB7, 0x17, 0xBB, 0x00, 0xEA, 0xB7, 0x00, 0x00, 0xBF,
    0x00, 0xE0, 0x17, 0x14, 0x00, 0xBF, 0x14, 0x11, 0xE0, 0x47, 0x11, 0x11, 0xE0, 0x17, 0x14, 0x11,
    0x4E, 0x14, 0x41, 0x41, 0x47, 0x44, 0x44, 0x44, 0x41, 0x44, 0x44, 0xB7, 0x47, 0x44, 0x74, 0xE7,
    0x61, 0x74, 0xCA, 0xCC, 0x41, 0xB7, 0xAC, 0xFA, 0x41, 0x47, 0xEB, 0xFF, 0x74, 0xBE, 0x00, 0x00,
    0x74, 0x0B, 0x00, 0x00, 0xB4, 0x00, 0x00, 0x00, 0x00, 0x00, 0x00, 0x00, 0x00, 0x00, 0x00, 0x00,
    0xAF, 0x7C, 0xBF, 0xB7, 0xFE, 0xBF, 0x00, 0x00, 0x00, 0x00, 0x00, 0x00, 0x00, 0x00, 0x00, 0x00,
    0x00, 0x00, 0x00, 0x00, 0x00, 0x00, 0x00, 0x00, 0x00, 0x00, 0x00, 0x00, 0x00, 0x00, 0x00, 0x00,
    0x0B, 0x00, 0x00, 0xB0, 0x00, 0x00, 0x00, 0xE0, 0x00, 0x00, 0x00, 0x00, 0x00, 0x00, 0x00, 0x00,
    0x00, 0x00, 0x00, 0x00, 0x00, 0x00, 0x00, 0x00, 0x00, 0x00, 0x00, 0x00, 0x00, 0x00, 0x00, 0x00,
    0x00, 0x00, 0x00, 0x00, 0x00, 0x00, 0x00, 0x00, 0x00, 0x00, 0x00, 0x00, 0x00, 0x00, 0x00, 0x00,
    0x00, 0x00, 0x00, 0x00, 0x00, 0xC0, 0x0C, 0x00, 0xCC, 0x3C, 0xC7, 0x00, 0x3C, 0x1C, 0xC3, 0x00,
    0x17, 0x37, 0xC1, 0x00, 0x13, 0x11, 0x13, 0x07, 0x77, 0x33, 0x73, 0xC7, 0x11, 0x11, 0x11, 0xC3,
    0x33, 0x33, 0x33, 0xC7, 0xCC, 0xCC, 0xCC, 0x0C, 0x00, 0x00, 0x00, 0x00, 0x00, 0x00, 0x00, 0x00,
    0x00, 0x00, 0x00, 0x00, 0x00, 0x00, 0x00, 0x00, 0x00, 0x00, 0x00, 0x00, 0x00, 0x00, 0x00, 0x00,
    0xFF, 0x00, 0x00, 0x00, 0x76, 0x0F, 0x00, 0x00, 0x3E, 0xB6, 0x00, 0x00, 0xEE, 0xB6, 0x00, 0x00,
    0xBC, 0xE3, 0x00, 0x00, 0x7E, 0xE3, 0x0E, 0x00, 0x7A, 0x76, 0x0E, 0x00, 0xEA, 0x7E, 0x0E, 0x00,
    0xBA, 0x7B, 0xE6, 0x00, 0xBB, 0x37, 0xE7, 0x00, 0x7B, 0x63, 0x0E, 0x00, 0x38, 0x66, 0x0E, 0x00,
    0x00, 0x00, 0x00, 0x00, 0x00, 0x00, 0x00, 0x00, 0x00, 0x00, 0x00, 0x00, 0x00, 0x00, 0x00, 0x90,
    0x00, 0x00, 0x00, 0x92, 0x00, 0x00, 0x00, 0x25, 0x00, 0x00, 0x90, 0x29, 0x00, 0x00, 0x50, 0x95,
    0x00, 0x09, 0x00, 0x00, 0x50, 0x09, 0x00, 0x09, 0x25, 0x09, 0x95, 0x00, 0x25, 0x92, 0x22, 0x09,
    0x25, 0x52, 0x25, 0x92, 0x25, 0x52, 0x52, 0x55, 0x25, 0x92, 0x22, 0x22, 0x92, 0x55, 0x29, 0x29,
    0x3E, 0xB8, 0xBB, 0xBB, 0x6E, 0x73, 0xBB, 0xEE, 0xE0, 0x36, 0x77, 0x77, 0x00, 0x6E, 0x36, 0x36,
    0x00, 0xE0, 0xEE, 0xEE, 0x00, 0x00, 0x00, 0x00, 0x00, 0x00, 0x00, 0x00, 0x00, 0x00, 0x00, 0x00,
    0x11, 0x71, 0x77, 0x0E, 0x1B, 0x17, 0x74, 0x0E, 0xB7, 0xA7, 0xB7, 0x0E, 0x76, 0xB3, 0xFB, 0x00,
    0x37, 0x66, 0x0B, 0x00, 0xEE, 0xBE, 0x00, 0x00, 0x00, 0x00, 0x00, 0x00, 0x00, 0x00, 0x00, 0x00,
    0x00, 0x00, 0x90, 0x22, 0x00, 0x00, 0x09, 0x29, 0x00, 0x00, 0x90, 0x92, 0x00, 0x00, 0x50, 0x55,
    0x00, 0x00, 0x00, 0x99, 0x00, 0x00, 0x00, 0x90, 0x00, 0x00, 0x00, 0x9E, 0x00, 0x00, 0x00, 0x9E,
    0x00, 0x00, 0x00, 0x5F, 0x00, 0x00, 0x00, 0x9E, 0x00, 0x00, 0x00, 0xF0, 0x00, 0x00, 0x00, 0x00,
    0x00, 0x00, 0x00, 0x00, 0x00, 0x00, 0x00, 0x00, 0x00, 0x00, 0x00, 0x00, 0x00, 0x00, 0x00, 0x00,
    0x00, 0x00, 0x00, 0x00, 0x00, 0x00, 0x00, 0x00, 0x00, 0x00, 0x00, 0x00, 0x90, 0x00, 0x00, 0x00,
    0x92, 0x00, 0x00, 0x00, 0x52, 0x00, 0x00, 0x00, 0x95, 0x09, 0x00, 0x00, 0x22, 0x95, 0x00, 0x00,
    0x00, 0x00, 0x00, 0x00, 0x00, 0x00, 0x00, 0x00, 0x00, 0x00, 0x00, 0x00, 0x00, 0x00, 0x00, 0x00,
    0x00, 0x00, 0x00, 0x00, 0x00, 0x00, 0x00, 0xCC, 0x00, 0x00, 0xC0, 0x37, 0x00, 0x00, 0xC0, 0x13,
    0x00, 0x00, 0x00, 0x00, 0x00, 0x00, 0x00, 0x00, 0x00, 0x00, 0x00, 0x00, 0x00, 0x00, 0x00, 0x00,
    0x00, 0x00, 0x00, 0xE0, 0x00, 0x00, 0x00, 0x7B, 0x00, 0xB0, 0xAB, 0x47, 0xE0, 0x8B, 0xE8, 0x4B,
    0x63, 0xEE, 0x00, 0x00, 0xEE, 0x00, 0x00, 0x00, 0x00, 0x00, 0x00, 0x00, 0x00, 0x00, 0x00, 0x00,
    0x00, 0x00, 0x00, 0x00, 0x00, 0x00, 0x00, 0x00, 0x00, 0x00, 0x00, 0x00, 0x00, 0x00, 0x00, 0x00,
};
static const u16 sFrame8[] = {
    0x0009, 0x00DA, 0x81F4, 0x0000, 0x80D2, 0x4014, 0x0010, 0x40D2, 0x01EC, 0x0014, 0x40FA, 0x01EC,
    0x0016, 0x80DA, 0x01EC, 0x0018, 0x00D2, 0x01FC, 0x001A, 0x00D2, 0x000C, 0x001B, 0x00F2, 0x01EC,
    0x001C, 0x00F2, 0x0014, 0x001D, 0x0000,
};
static const void* const sFrames8[] = { sFrame8 };
static const u8 sTiles9[896] __attribute__((aligned(4))) = {
    0x90, 0x22, 0x55, 0x22, 0x09, 0x29, 0x52, 0x22, 0x90, 0x92, 0x25, 0x92, 0x50, 0x55, 0x59, 0x59,
    0x00, 0x99, 0x29, 0x25, 0x00, 0x90, 0x11, 0x6A, 0x00, 0x9E, 0x12, 0x16, 0x00, 0x9E, 0x29, 0x21,
    0x52, 0x22, 0x29, 0x22, 0x25, 0x95, 0x52, 0x22, 0x22, 0x22, 0x52, 0x95, 0x92, 0x92, 0x22, 0x25,
    0x59, 0x52, 0x59, 0x59, 0x99, 0x95, 0x92, 0x99, 0x92, 0x92, 0x52, 0x92, 0xB5, 0x95, 0x95, 0xFB,
    0x99, 0x00, 0x00, 0x00, 0x99, 0x00, 0x00, 0x00, 0x59, 0x00, 0x00, 0x00, 0xF9, 0xCB, 0xCC, 0xCC,
    0x85, 0x7B, 0x13, 0x11, 0x95, 0x7F, 0x37, 0x33, 0xB9, 0xBB, 0xCC, 0xCC, 0x6B, 0x0E, 0x00, 0x00,
    0x00, 0x00, 0x00, 0x00, 0x00, 0x00, 0x00, 0x00, 0x00, 0x00, 0x00, 0x00, 0xCC, 0xCC, 0x00, 0x00,
    0x11, 0x11, 0xCC, 0xCC, 0x33, 0x33, 0x11, 0x11, 0xCC, 0xCC, 0x33, 0x33, 0x00, 0x00, 0xCC, 0xCC,
    0x00, 0x5F, 0x9C, 0x55, 0x00, 0x9E, 0x55, 0xBB, 0x00, 0xF0, 0x1F, 0x21, 0x00, 0x00, 0x90, 0x15,
    0x00, 0x00, 0x00, 0x99, 0x00, 0xF0, 0x0F, 0x00, 0xF0, 0x1F, 0xF2, 0xFF, 0x1F, 0x52, 0xF1, 0xF6,
    0xBB, 0xB8, 0xF9, 0x1E, 0x59, 0xBB, 0x76, 0x3F, 0xBB, 0x6E, 0x13, 0xE7, 0xEC, 0x3A, 0x33, 0x36,
    0xE9, 0x7E, 0x66, 0x6E, 0xE9, 0xAE, 0xE6, 0x66, 0x59, 0xEE, 0xBE, 0xBB, 0x19, 0xE2, 0x61, 0x66,
    0x3B, 0x0F, 0x00, 0x00, 0x31, 0xF6, 0x00, 0x00, 0x33, 0x13, 0x0F, 0x00, 0x33, 0x33, 0xFA, 0x00,
    0x33, 0xBB, 0x0B, 0x00, 0xB6, 0xB7, 0x01, 0x00, 0x3B, 0xFB, 0x07, 0x00, 0xE3, 0xE3, 0xEF, 0x00,
    0x00, 0x00, 0x00, 0x00, 0x00, 0x00, 0x00, 0x00, 0x00, 0x00, 0x00, 0x00, 0x00, 0x00, 0x00, 0x00,
    0x00, 0x00, 0x00, 0x00, 0x00, 0x00, 0x00, 0x00, 0x00, 0xEE, 0x0E, 0x0F, 0xEE, 0xAE, 0xB7, 0xFB,
    0x2F, 0xF1, 0x62, 0x93, 0x25, 0x15, 0x62, 0x31, 0x5F, 0x2F, 0x11, 0x13, 0xF0, 0x55, 0xF1, 0x66,
    0x00, 0xF0, 0xFF, 0xFF, 0x00, 0x00, 0x00, 0x00, 0x00, 0x00, 0x00, 0x00, 0x00, 0x00, 0x00, 0x00,
    0x22, 0x95, 0xBA, 0xCB, 0x95, 0xEF, 0xAC, 0xBA, 0xF6, 0xEB, 0xCE, 0xAA, 0xEB, 0xE7, 0xFF, 0xFF,
    0xE0, 0x4F, 0x94, 0x79, 0x00, 0x4E, 0x11, 0x43, 0x00, 0x4B, 0x11, 0x46, 0x00, 0x4B, 0x11, 0x41,
    0xBA, 0xCB, 0x7F, 0xEE, 0xEC, 0x7A, 0x7F, 0x44, 0x77, 0xC7, 0x4F, 0x11, 0x7A, 0xFA, 0x77, 0x11,
    0xCF, 0x7F, 0x7B, 0x41, 0xF4, 0xBB, 0x47, 0x11, 0xB7, 0xE0, 0x7B, 0x41, 0xE7, 0x00, 0xE0, 0x7B,
    0x77, 0x47, 0x77, 0x3B, 0x11, 0x44, 0x17, 0xEA, 0x11, 0x11, 0x14, 0xE7, 0x11, 0x11, 0x74, 0xBC,
    0x41, 0x44, 0x14, 0x7E, 0x44, 0x74, 0xA1, 0x7A, 0x74, 0x77, 0xA4, 0xEE, 0xBB, 0x7A, 0xBB, 0xBB,
    0x00, 0x00, 0x00, 0x00, 0x00, 0x00, 0x00, 0x00, 0x00, 0x00, 0x00, 0x00, 0x00, 0x00, 0x00, 0x00,
    0x00, 0x00, 0x00, 0x00, 0x00, 0x00, 0x00, 0x00, 0x00, 0x00, 0x00, 0xB0, 0x00, 0x00, 0x00, 0xB0,
    0xE0, 0x17, 0x11, 0x41, 0xE0, 0x14, 0x11, 0x41, 0xB0, 0x14, 0x11, 0x44, 0x70, 0x41, 0x44, 0x74,
    0x7E, 0x14, 0x41, 0x74, 0x4E, 0x44, 0x44, 0x74, 0x7E, 0x44, 0x44, 0x74, 0x17, 0x47, 0x74, 0x77,
    0xB7, 0x00, 0x00, 0xB0, 0xB7, 0x00, 0x00, 0x00, 0xFB, 0x00, 0x00, 0x00, 0x0B, 0x00, 0x00, 0x00,
    0x0E, 0x00, 0x00, 0x00, 0x0E, 0x00, 0x00, 0x00, 0x0E, 0x00, 0x00, 0x00, 0x0E, 0x00, 0x00, 0x00,
    0x00, 0xEF, 0xBB, 0x37, 0x00, 0xBB, 0x78, 0x63, 0x00, 0x3E, 0x36, 0x66, 0x00, 0xE0, 0xEE, 0x0E,
    0x00, 0x00, 0x00, 0x00, 0x00, 0x00, 0x00, 0x00, 0x00, 0x00, 0x00, 0x00, 0x00, 0x00, 0x00, 0x00,
    0x00, 0x7C, 0xC3, 0x00, 0x00, 0x3C, 0xC1, 0xCC, 0x00, 0x1C, 0x73, 0xC3, 0xC0, 0x17, 0x13, 0x71,
    0x7C, 0x77, 0x77, 0x11, 0x11, 0x11, 0x11, 0x33, 0x33, 0x33, 0x33, 0x11, 0xCC, 0xCC, 0xCC, 0x33,
    0xCC, 0x00, 0x00, 0x00, 0x73, 0x0C, 0x00, 0x00, 0x31, 0x0C, 0x00, 0x00, 0x13, 0x0C, 0x00, 0x00,
    0x13, 0x07, 0x00, 0x00, 0x73, 0xC7, 0x00, 0x00, 0x11, 0xC3, 0x00, 0x00, 0x33, 0xC7, 0x00, 0x00,
    0x00, 0x00, 0x00, 0xCC, 0x00, 0x00, 0x00, 0x00, 0x00, 0x00, 0x00, 0x00, 0x00, 0x00, 0x00, 0x00,
    0x00, 0x00, 0x00, 0x00, 0x00, 0x00, 0x00, 0x00, 0x00, 0x00, 0x00, 0x00, 0x0F, 0x00, 0x00, 0x00,
    0xCC, 0x0C, 0x00, 0x00, 0x00, 0x00, 0x00, 0x00, 0x00, 0x00, 0x00, 0x00, 0x00, 0x00, 0x00, 0x00,
    0x00, 0x00, 0x00, 0x00, 0x00, 0x00, 0x00, 0x00, 0x00, 0x00, 0x00, 0x00, 0x00, 0x00, 0x00, 0x00,
    0x00, 0x00, 0x00, 0x09, 0x00, 0x00, 0x50, 0x09, 0x00, 0x00, 0x25, 0x09, 0x00, 0x90, 0x25, 0x92,
    0x00, 0x92, 0x25, 0x52, 0x00, 0x25, 0x25, 0x52, 0x90, 0x29, 0x25, 0x92, 0x50, 0x95, 0x92, 0x55,
    0x00, 0x00, 0x00, 0x00, 0x00, 0x09, 0x00, 0x00, 0x95, 0x00, 0x00, 0x00, 0x22, 0x09, 0x90, 0x00,
    0x25, 0x92, 0x92, 0x00, 0x52, 0x55, 0x52, 0x00, 0x22, 0x22, 0x95, 0x09, 0x29, 0x29, 0x22, 0x95,
    0x00, 0x00, 0x00, 0xA0, 0x00, 0x00, 0x00, 0xE0, 0x00, 0xE0, 0xEE, 0xEE, 0x00, 0x6E, 0x89, 0x89,
    0x00, 0x3E, 0xBB, 0xEB, 0x00, 0x6E, 0xB3, 0xB7, 0x00, 0xE0, 0x36, 0x36, 0x00, 0x00, 0x6E, 0xEE,
    0x47, 0x11, 0x11, 0x74, 0x4B, 0x11, 0x77, 0xBA, 0xAE, 0xAA, 0xEE, 0xF6, 0xB8, 0xB7, 0x3E, 0xF7,
    0x79, 0xBE, 0xEB, 0xBB, 0xBB, 0x67, 0x37, 0xB6, 0x37, 0x73, 0x63, 0x0B, 0x76, 0xEE, 0xEE, 0x00,
    0xF6, 0x00, 0x00, 0x00, 0x73, 0x0F, 0x00, 0x00, 0x6E, 0x0B, 0x00, 0x00, 0x63, 0x0B, 0x00, 0x00,
    0xE3, 0x00, 0x00, 0x00, 0xE6, 0x0E, 0x00, 0x00, 0x77, 0x0E, 0x00, 0x00, 0xE7, 0x00, 0x00, 0x00,
    0x67, 0x0E, 0x00, 0x00, 0xEE, 0x00, 0x00, 0x00, 0x0E, 0x00, 0x00, 0x00, 0x00, 0x00, 0x00, 0x00,
    0x00, 0x00, 0x00, 0x00, 0x00, 0x00, 0x00, 0x00, 0x00, 0x00, 0x00, 0x00, 0x00, 0x00, 0x00, 0x00,
    0x00, 0x00, 0x00, 0x00, 0x00, 0x00, 0x00, 0x00, 0x00, 0x00, 0x00, 0x00, 0x00, 0x00, 0x00, 0x00,
    0x00, 0x00, 0x00, 0x00, 0x00, 0x00, 0x00, 0x00, 0x00, 0x00, 0x00, 0x00, 0x00, 0xC0, 0x0C, 0x00,
    0x0B, 0x00, 0x00, 0x00, 0x00, 0x00, 0x00, 0x00, 0x00, 0x00, 0x00, 0x00, 0x00, 0x00, 0x00, 0x00,
    0x00, 0x00, 0x00, 0x00, 0x00, 0x00, 0x00, 0x00, 0x00, 0x00, 0x00, 0x00, 0x00, 0x00, 0x00, 0x00,
};
static const u16 sFrame9[] = {
    0x0007, 0x00D8, 0x81F6, 0x0000, 0x00D8, 0x4016, 0x0010, 0x40D0, 0x01F6, 0x0014, 0x40F8, 0x01F6,
    0x0016, 0x80E8, 0x0016, 0x0018, 0x00D0, 0x0016, 0x001A, 0x00F8, 0x0006, 0x001B, 0x0000,
};
static const void* const sFrames9[] = { sFrame9 };
static const u8 sTiles10[1024] __attribute__((aligned(4))) = {
    0x00, 0x00, 0x29, 0x52, 0x00, 0x00, 0x90, 0x22, 0x00, 0x90, 0x29, 0x59, 0x00, 0x00, 0x55, 0x95,
    0x00, 0x00, 0x90, 0x9B, 0x00, 0x00, 0x00, 0x59, 0x00, 0x00, 0xE0, 0x29, 0x00, 0x00, 0xE0, 0x99,
    0x25, 0x22, 0x25, 0x92, 0x25, 0x52, 0x52, 0x29, 0x22, 0x29, 0x22, 0x22, 0x95, 0x25, 0x29, 0x29,
    0x52, 0x92, 0x25, 0x95, 0xA2, 0xB9, 0x89, 0x59, 0x61, 0x21, 0x92, 0x29, 0x12, 0x22, 0xB5, 0x95,
    0x22, 0x92, 0x00, 0x00, 0x25, 0x92, 0x09, 0x00, 0x55, 0x99, 0x95, 0x00, 0x52, 0x92, 0x92, 0x09,
    0x95, 0x95, 0x55, 0x09, 0x29, 0x99, 0x99, 0xCB, 0x29, 0x25, 0x29, 0x77, 0x92, 0x95, 0x95, 0x77,
    0x00, 0x00, 0x00, 0x00, 0x00, 0x00, 0x00, 0x00, 0x00, 0x00, 0x00, 0x00, 0x00, 0x00, 0x00, 0x00,
    0x00, 0x00, 0x00, 0x00, 0x00, 0x00, 0x00, 0x00, 0xCC, 0xCC, 0x0C, 0x00, 0x13, 0x11, 0xC1, 0xCC,
    0x00, 0x9B, 0xB5, 0x25, 0xB0, 0x52, 0x29, 0x5F, 0x50, 0x11, 0x25, 0xF5, 0x29, 0x11, 0xF2, 0x1F,
    0x59, 0x12, 0x11, 0x12, 0xF0, 0x52, 0x21, 0xB1, 0x00, 0xFF, 0xF2, 0x63, 0x00, 0x00, 0xFF, 0xB6,
    0x59, 0x55, 0xBB, 0xB8, 0xB5, 0xBB, 0xB5, 0x6B, 0x1F, 0x92, 0x6E, 0x13, 0xF2, 0xE1, 0x6B, 0x36,
    0xB3, 0x99, 0xAE, 0x67, 0x36, 0x11, 0xB2, 0xAB, 0x53, 0x52, 0xB9, 0xBB, 0xBF, 0x49, 0x63, 0x36,
    0x59, 0xF9, 0xBB, 0xCB, 0x96, 0x1B, 0xFF, 0x00, 0x61, 0x17, 0x11, 0xFF, 0x63, 0x3A, 0x13, 0x11,
    0x76, 0x6B, 0x33, 0x63, 0xBA, 0x66, 0x66, 0xBB, 0xBB, 0xBA, 0xBB, 0x7B, 0xBB, 0xBB, 0x36, 0xB6,
    0x33, 0x33, 0x13, 0x11, 0xCC, 0xCC, 0x3C, 0x33, 0x0A, 0x00, 0xC0, 0xCC, 0x0B, 0x00, 0x00, 0x00,
    0x0B, 0x00, 0x00, 0x00, 0xE7, 0x00, 0x00, 0x00, 0xB6, 0x0E, 0x00, 0x00, 0xCA, 0xEE, 0x00, 0x00,
    0x00, 0x00, 0x00, 0xFF, 0x00, 0x00, 0x00, 0x00, 0x00, 0x00, 0x00, 0x00, 0x00, 0x00, 0x00, 0x00,
    0x00, 0x00, 0x00, 0x00, 0x00, 0x00, 0x00, 0x00, 0x00, 0x00, 0x00, 0x00, 0x00, 0x00, 0x00, 0x00,
    0x00, 0xF7, 0x4F, 0xAE, 0x00, 0x47, 0xC4, 0xF9, 0x70, 0x14, 0x14, 0x74, 0x17, 0x11, 0x11, 0x41,
    0x47, 0x11, 0x11, 0x41, 0x7A, 0x14, 0x11, 0x41, 0x70, 0x47, 0x41, 0x11, 0xB0, 0x4B, 0x14, 0x11,
    0x63, 0x16, 0xFF, 0xAA, 0xAB, 0xFC, 0xAE, 0x7B, 0xEF, 0xEE, 0xAA, 0xA7, 0xF7, 0xFE, 0xAB, 0x77,
    0x77, 0x0F, 0xEF, 0x7C, 0xA7, 0x00, 0x00, 0xCF, 0x0A, 0x00, 0x00, 0xE0, 0xA1, 0x00, 0x00, 0x00,
    0x77, 0xFA, 0x0A, 0x00, 0xB7, 0xFB, 0xAF, 0x00, 0xFC, 0x1F, 0x71, 0x0A, 0x7F, 0x11, 0x47, 0xA1,
    0x4F, 0x41, 0x41, 0x71, 0x4F, 0x41, 0x71, 0x74, 0xAC, 0x44, 0x74, 0x4A, 0xE0, 0xAA, 0x44, 0x11,
    0x00, 0x00, 0x00, 0x00, 0x00, 0x00, 0x00, 0x00, 0x00, 0x00, 0x00, 0x00, 0x00, 0x00, 0x00, 0x00,
    0x00, 0x00, 0x00, 0x00, 0x00, 0x00, 0x00, 0xBE, 0x00, 0x00, 0x00, 0x3E, 0x00, 0x00, 0x00, 0x6E,
    0xA0, 0x77, 0x44, 0x11, 0xE0, 0x47, 0x44, 0x41, 0x00, 0x7B, 0x47, 0x14, 0x00, 0x4E, 0x11, 0x77,
    0xBF, 0xEB, 0x3A, 0xAE, 0x8B, 0x88, 0xBE, 0x7C, 0xB8, 0xEB, 0xB8, 0xCE, 0x73, 0xBB, 0x7E, 0xB7,
    0x71, 0xEE, 0x00, 0x00, 0x71, 0xAE, 0x0E, 0x00, 0x17, 0x74, 0x0E, 0x00, 0x71, 0xFB, 0x00, 0x00,
    0x7B, 0xFB, 0x00, 0x00, 0xEE, 0xF3, 0x00, 0x00, 0xEE, 0xF6, 0x00, 0x00, 0x3E, 0xF7, 0x00, 0x00,
    0x00, 0xEE, 0x17, 0x14, 0x00, 0xF0, 0x7F, 0x44, 0x00, 0x00, 0xE0, 0x47, 0x00, 0x00, 0x00, 0x7B,
    0x00, 0x00, 0x00, 0xAB, 0x00, 0x00, 0x00, 0xE0, 0x00, 0x00, 0x00, 0xE0, 0x00, 0x00, 0x00, 0x00,
    0x00, 0x00, 0x00, 0x00, 0x00, 0x00, 0x00, 0x00, 0x00, 0x00, 0x00, 0x00, 0x00, 0x00, 0x00, 0x00,
    0x00, 0x00, 0x00, 0x00, 0x00, 0x00, 0x00, 0xCC, 0x00, 0x00, 0x00, 0x3C, 0xCC, 0x00, 0xC0, 0x17,
    0x00, 0x00, 0x00, 0x00, 0x00, 0x00, 0x00, 0x00, 0x00, 0x00, 0x00, 0x00, 0x00, 0x00, 0x00, 0x00,
    0xCC, 0x00, 0x00, 0x00, 0x37, 0xCC, 0xCC, 0x0C, 0xC1, 0xC3, 0x31, 0xC7, 0x73, 0x71, 0x33, 0x0C,
    0x11, 0xCC, 0x7C, 0x17, 0x33, 0x11, 0x11, 0x71, 0xCC, 0x33, 0x33, 0x13, 0x00, 0xCC, 0xCC, 0x3C,
    0x00, 0x00, 0x00, 0xC0, 0x00, 0x00, 0x00, 0x00, 0x00, 0x00, 0x00, 0x00, 0x00, 0x00, 0x00, 0x00,
    0x13, 0x11, 0x13, 0x0C, 0x77, 0x33, 0x13, 0x07, 0x11, 0x11, 0x71, 0xC7, 0x33, 0x33, 0x13, 0xC3,
    0xCC, 0xCC, 0x7C, 0x0C, 0x00, 0x00, 0xC0, 0x00, 0x00, 0x00, 0x00, 0x00, 0x00, 0x00, 0x00, 0x00,
    0x11, 0x41, 0xAE, 0x0E, 0x11, 0x11, 0x41, 0xE7, 0x14, 0x41, 0x77, 0xFB, 0x44, 0x14, 0x71, 0xCF,
    0x77, 0x74, 0xBA, 0xEE, 0x4B, 0xE1, 0xCC, 0xEE, 0xA7, 0xEA, 0xEE, 0xEE, 0xAE, 0xEC, 0xEE, 0xAE,
    0x00, 0x00, 0x00, 0x00, 0x00, 0x00, 0x00, 0x00, 0x0F, 0x00, 0x00, 0x00, 0xFE, 0x00, 0x00, 0x00,
    0x7C, 0x0F, 0x00, 0x00, 0x7E, 0xF3, 0x00, 0x00, 0x63, 0xF7, 0x00, 0x00, 0x37, 0x0F, 0x00, 0x00,
    0xBB, 0xE8, 0xBB, 0x3B, 0x88, 0x8E, 0xBB, 0x6B, 0xBB, 0xBB, 0x7E, 0xE7, 0xB7, 0xEB, 0x77, 0x0E,
    0x76, 0x77, 0xE3, 0x00, 0xEE, 0xEE, 0x0F, 0x00, 0x00, 0x00, 0x00, 0x00, 0x00, 0x00, 0x00, 0x00,
    0xB6, 0x00, 0x00, 0x00, 0x0B, 0x00, 0x00, 0x00, 0x00, 0x00, 0x00, 0x00, 0x00, 0x00, 0x00, 0x00,
    0x00, 0x00, 0x00, 0x00, 0x00, 0x00, 0x00, 0x00, 0x00, 0x00, 0x00, 0x00, 0x00, 0x00, 0x00, 0x00,
    0x00, 0x00, 0x00, 0xE0, 0x00, 0x00, 0x00, 0xE0, 0x00, 0x00, 0x00, 0x00, 0x00, 0x00, 0x00, 0x00,
    0x00, 0x00, 0x00, 0x00, 0x00, 0x00, 0x00, 0x00, 0x00, 0x00, 0x00, 0x00, 0x00, 0x00, 0x00, 0x00,
    0x36, 0xB7, 0x6E, 0x33, 0x66, 0x73, 0x77, 0xEE, 0xEE, 0x67, 0xEE, 0x0E, 0x00, 0xEE, 0x00, 0x00,
    0x00, 0x00, 0x00, 0x00, 0x00, 0x00, 0x00, 0x00, 0x00, 0x00, 0x00, 0x00, 0x00, 0x00, 0x00, 0x00,
    0x66, 0x0F, 0x00, 0x00, 0xBB, 0x00, 0x00, 0x00, 0x00, 0x00, 0x00, 0x00, 0x00, 0x00, 0x00, 0x00,
    0x00, 0x00, 0x00, 0x00, 0x00, 0x00, 0x00, 0x00, 0x00, 0x00, 0x00, 0x00, 0x00, 0x00, 0x00, 0x00,
    0x00, 0x00, 0x00, 0x00, 0x00, 0x00, 0x00, 0xB0, 0x00, 0x00, 0x00, 0x8F, 0x00, 0x00, 0x00, 0x3F,
    0x00, 0x00, 0x00, 0xE0, 0x00, 0x00, 0x00, 0x00, 0x00, 0x00, 0x00, 0x00, 0x00, 0x00, 0x00, 0x00,
    0x00, 0x00, 0x00, 0x00, 0x00, 0x00, 0x00, 0x00, 0x00, 0x00, 0x00, 0x50, 0x00, 0x00, 0x00, 0x59,
    0x00, 0x00, 0x20, 0x59, 0x00, 0x00, 0x50, 0x52, 0x00, 0x90, 0x90, 0x52, 0x00, 0x00, 0x55, 0x29,
    0x09, 0x00, 0x00, 0x00, 0x95, 0x00, 0x09, 0x00, 0x92, 0x50, 0x09, 0x00, 0x22, 0x29, 0x92, 0x90,
    0x22, 0x55, 0x22, 0x29, 0x22, 0x25, 0x55, 0x25, 0x22, 0x29, 0x22, 0x52, 0x59, 0x95, 0x92, 0x22,
    0x00, 0x00, 0x00, 0x00, 0x00, 0x00, 0x00, 0x00, 0x00, 0x00, 0x00, 0x00, 0x00, 0x00, 0x00, 0x00,
    0x09, 0x00, 0x00, 0x00, 0x05, 0x00, 0x00, 0x00, 0x99, 0x00, 0x00, 0x00, 0x52, 0x09, 0x00, 0x00,
    0x00, 0x00, 0x00, 0x00, 0x00, 0x00, 0x00, 0x00, 0x00, 0x00, 0x00, 0x00, 0x00, 0x00, 0x00, 0x00,
    0xAA, 0x00, 0x00, 0x00, 0xE4, 0x0A, 0x00, 0x00, 0x47, 0xAE, 0x00, 0x00, 0x1A, 0x71, 0xA4, 0x00,
};
static const u16 sFrame10[] = {
    0x0007, 0x00DA, 0x81DE, 0x0000, 0x00DA, 0x41FE, 0x0010, 0x00F2, 0x41FE, 0x0014, 0x40FA, 0x41DE,
    0x0018, 0x40D2, 0x01DE, 0x001C, 0x00D2, 0x01EE, 0x001E, 0x00EA, 0x01FE, 0x001F, 0x0000,
};
static const void* const sFrames10[] = { sFrame10 };
static const u8 sTiles11[992] __attribute__((aligned(4))) = {
    0x00, 0x00, 0x00, 0x00, 0x00, 0x00, 0x00, 0x90, 0x00, 0x00, 0x00, 0x00, 0x00, 0x00, 0x00, 0x00,
    0x00, 0x00, 0x00, 0x00, 0x00, 0x00, 0x00, 0x00, 0x00, 0x00, 0x00, 0x00, 0x00, 0x00, 0x00, 0x00,
    0x29, 0x52, 0x25, 0x22, 0x90, 0x22, 0x25, 0x52, 0x29, 0x59, 0x22, 0x29, 0x55, 0x95, 0x95, 0x25,
    0x95, 0x99, 0x52, 0x92, 0x00, 0x59, 0xA9, 0xB6, 0xE0, 0x29, 0x61, 0x21, 0x5B, 0x99, 0x12, 0x22,
    0x25, 0x92, 0x22, 0x92, 0x52, 0x29, 0x25, 0x92, 0x22, 0x22, 0x55, 0x99, 0x29, 0x29, 0x52, 0x92,
    0x25, 0x95, 0x95, 0x55, 0x59, 0x29, 0x99, 0x59, 0x29, 0x29, 0x25, 0x89, 0x95, 0x92, 0x95, 0x95,
    0x00, 0x00, 0x00, 0x00, 0x00, 0x00, 0x00, 0x00, 0x00, 0xC0, 0xCC, 0xCC, 0xCB, 0x1C, 0x11, 0x11,
    0x79, 0x73, 0x33, 0x33, 0x78, 0xC7, 0xCC, 0xCC, 0xB9, 0x0B, 0x00, 0x00, 0x0B, 0x00, 0x00, 0x00,
    0x00, 0x00, 0x00, 0xB0, 0x00, 0x00, 0x00, 0x5B, 0x00, 0x00, 0x00, 0x2B, 0x00, 0x00, 0x00, 0x5B,
    0x00, 0x00, 0x00, 0xFB, 0x00, 0x00, 0x00, 0xB0, 0x00, 0x00, 0x00, 0x00, 0x00, 0x00, 0x00, 0x00,
    0x52, 0xBF, 0x59, 0x55, 0x19, 0x52, 0xB5, 0x5B, 0x12, 0x21, 0x92, 0x92, 0x21, 0xF1, 0xFF, 0xB1,
    0x52, 0x12, 0x6B, 0x9B, 0xFF, 0x51, 0x36, 0x11, 0xF0, 0x6F, 0xB3, 0x22, 0x00, 0xF0, 0xBB, 0x59,
    0xBB, 0x59, 0xE9, 0x2E, 0xF9, 0x9F, 0xFF, 0xFF, 0x6B, 0x66, 0xE7, 0x1E, 0x36, 0x13, 0xA6, 0x33,
    0x6B, 0x33, 0xA6, 0x33, 0xBB, 0x66, 0xEA, 0x36, 0xF5, 0xEE, 0x66, 0x66, 0xF9, 0x66, 0xE6, 0xEE,
    0x0B, 0x00, 0x00, 0x00, 0x0F, 0x00, 0x00, 0x00, 0xF1, 0xFF, 0x00, 0x00, 0x11, 0x11, 0xAA, 0x00,
    0x13, 0x33, 0x0E, 0x00, 0x33, 0xEE, 0x07, 0x00, 0xEE, 0x66, 0x0F, 0x00, 0x66, 0xBF, 0x0B, 0x00,
    0x00, 0x00, 0x00, 0x00, 0x00, 0x00, 0x00, 0x00, 0x00, 0x00, 0x00, 0x00, 0xE0, 0xFF, 0x00, 0x00,
    0x6E, 0x83, 0x0B, 0x00, 0x3E, 0xB7, 0xB8, 0xE0, 0x6E, 0xBB, 0xB8, 0x7E, 0x3E, 0xBB, 0x8E, 0xAA,
    0x00, 0x00, 0xEF, 0xFE, 0x00, 0x00, 0xE0, 0xCE, 0x00, 0x00, 0xAE, 0xB4, 0x00, 0xE0, 0x7B, 0x14,
    0xB0, 0x7B, 0x14, 0x14, 0xAE, 0x47, 0x44, 0x41, 0x7B, 0x44, 0x11, 0x41, 0x74, 0x14, 0x11, 0x4A,
    0xAE, 0x3C, 0x33, 0x66, 0xC7, 0xCA, 0xBB, 0xBE, 0xCB, 0xCC, 0xCE, 0xAB, 0xB1, 0x7A, 0x7A, 0x7A,
    0x11, 0xAB, 0xC7, 0x77, 0x41, 0xB4, 0xFA, 0xCA, 0x74, 0xE7, 0xEE, 0xAB, 0xB7, 0x00, 0x00, 0xF0,
    0xFF, 0xAE, 0x0C, 0x00, 0xAB, 0xBC, 0xCF, 0x00, 0x7C, 0xCB, 0x76, 0xEB, 0xBA, 0x1B, 0x71, 0xEA,
    0xBC, 0x11, 0x11, 0x74, 0x4C, 0x11, 0x11, 0x11, 0x4C, 0x44, 0x11, 0x41, 0xFF, 0x77, 0xA7, 0x14,
    0x6E, 0xBE, 0xE8, 0xAC, 0xE0, 0xE3, 0xBB, 0xEE, 0xE0, 0x77, 0xBB, 0xEE, 0x00, 0x7E, 0xBB, 0xEE,
    0x00, 0xE0, 0xA3, 0xEE, 0x00, 0xB0, 0x76, 0xEE, 0x00, 0x00, 0x6B, 0xE3, 0x00, 0x00, 0xF0, 0x67,
    0x41, 0x14, 0x41, 0x71, 0x7E, 0x41, 0x7E, 0x07, 0xAC, 0x71, 0xAA, 0x00, 0xBC, 0xE7, 0x0E, 0x00,
    0xEE, 0xEF, 0x00, 0x00, 0xCE, 0x0F, 0x00, 0x00, 0xEC, 0x0F, 0x00, 0x00, 0xF7, 0x00, 0x00, 0x00,
    0x0E, 0x00, 0x00, 0x00, 0x00, 0x00, 0x00, 0x00, 0x00, 0x00, 0x00, 0x00, 0x00, 0x00, 0x00, 0x00,
    0x00, 0x00, 0x00, 0x00, 0x00, 0x00, 0x00, 0x00, 0x00, 0x00, 0x00, 0x00, 0x00, 0x00, 0x00, 0x00,
    0x00, 0xFF, 0x7F, 0x47, 0x00, 0x00, 0xA0, 0x7A, 0x00, 0x00, 0x00, 0xA0, 0x00, 0x00, 0x00, 0x00,
    0x00, 0x00, 0x00, 0x00, 0x00, 0x00, 0x00, 0x00, 0x00, 0x00, 0x00, 0x00, 0x00, 0x00, 0x00, 0x00,
    0x00, 0x00, 0x00, 0x00, 0x00, 0x00, 0x00, 0x00, 0x00, 0x00, 0x00, 0x00, 0x00, 0x00, 0x00, 0x00,
    0x00, 0x00, 0x00, 0xC0, 0x00, 0x00, 0x00, 0x00, 0x00, 0x00, 0x00, 0x00, 0x00, 0x00, 0x00, 0xC0,
    0x00, 0x00, 0x00, 0x00, 0x00, 0x00, 0x00, 0x00, 0x00, 0x00, 0xC0, 0x0C, 0xCC, 0xCC, 0x3C, 0xC7,
    0x37, 0xC1, 0xC3, 0x31, 0x3C, 0x73, 0x71, 0x13, 0x1C, 0x13, 0x11, 0x13, 0x17, 0x77, 0x33, 0x73,
    0x00, 0x00, 0xC0, 0x7C, 0xCC, 0xCC, 0x1C, 0x11, 0x11, 0x11, 0x31, 0x33, 0x33, 0x33, 0xC3, 0xCC,
    0xCC, 0xCC, 0x0C, 0x00, 0x00, 0x00, 0x00, 0x00, 0x00, 0x00, 0x00, 0x00, 0x00, 0x00, 0x00, 0x00,
    0x77, 0x11, 0x11, 0x11, 0x11, 0x33, 0x33, 0x33, 0x33, 0xCC, 0xCC, 0xCC, 0xCC, 0x00, 0x00, 0x00,
    0x00, 0x00, 0x00, 0x00, 0x00, 0x00, 0x00, 0x00, 0x00, 0x00, 0x00, 0x00, 0x00, 0x00, 0x00, 0x00,
    0x00, 0x00, 0x00, 0x00, 0x00, 0x00, 0xF0, 0xFF, 0xEE, 0xB0, 0xEF, 0xE7, 0x7A, 0x7B, 0xEB, 0xE3,
    0x4E, 0x17, 0xEA, 0x7E, 0x17, 0x17, 0xE7, 0xEE, 0x11, 0x11, 0x14, 0xEA, 0x14, 0x41, 0x47, 0xAA,
    0x00, 0x00, 0x00, 0x00, 0x00, 0x00, 0x00, 0x00, 0x0F, 0x00, 0x00, 0x00, 0xFE, 0x00, 0x00, 0x00,
    0xEE, 0x0F, 0x00, 0x00, 0xE3, 0xFE, 0x00, 0x00, 0x7E, 0xFE, 0x0F, 0x00, 0xEE, 0xE3, 0xFE, 0x00,
    0x44, 0x44, 0xB7, 0xE7, 0x44, 0xB7, 0xEB, 0xFE, 0xBA, 0x0B, 0x00, 0x00, 0x00, 0x00, 0x00, 0x00,
    0x00, 0x00, 0x00, 0x00, 0x00, 0x00, 0x00, 0x00, 0x00, 0x00, 0x00, 0x00, 0x00, 0x00, 0x00, 0x00,
    0xEE, 0x3E, 0xEE, 0x0F, 0xEE, 0xEE, 0xE7, 0xFE, 0xC0, 0xEC, 0x3E, 0xEE, 0x00, 0xCC, 0xEE, 0xE7,
    0x00, 0xC0, 0xEC, 0xE3, 0x00, 0x00, 0xEC, 0xF7, 0x00, 0x00, 0xC0, 0x0C, 0x00, 0x00, 0x00, 0x00,
    0x00, 0x00, 0x90, 0x00, 0x00, 0x00, 0x95, 0x00, 0x00, 0x50, 0x92, 0x50, 0x00, 0x59, 0x22, 0x29,
    0x20, 0x59, 0x22, 0x55, 0x50, 0x52, 0x22, 0x25, 0x99, 0x52, 0x22, 0x29, 0x55, 0x29, 0x59, 0x95,
    0x00, 0x00, 0x00, 0x00, 0x90, 0x00, 0x00, 0x00, 0x09, 0x00, 0x00, 0x00, 0x92, 0x00, 0x09, 0x00,
    0x22, 0x29, 0x09, 0x00, 0x55, 0x25, 0x05, 0x00, 0x22, 0x52, 0x99, 0x00, 0x92, 0x22, 0x52, 0x09,
    0x00, 0x00, 0x00, 0x7F, 0x00, 0x00, 0x00, 0xF0, 0x00, 0x00, 0x00, 0x00, 0x00, 0x00, 0x00, 0x00,
    0x00, 0x00, 0x00, 0x00, 0x00, 0x00, 0x00, 0x00, 0x00, 0x00, 0x00, 0x00, 0x00, 0x00, 0x00, 0x00,
    0x0F, 0x00, 0x00, 0x00, 0x00, 0x00, 0x00, 0x00, 0x00, 0x00, 0x00, 0x00, 0x00, 0x00, 0x00, 0x00,
    0x00, 0x00, 0x00, 0x00, 0x00, 0x00, 0x00, 0x00, 0x00, 0x00, 0x00, 0x00, 0x00, 0x00, 0x00, 0x00,
    0x00, 0x00, 0x00, 0x00, 0x00, 0x00, 0x00, 0x00, 0x00, 0x00, 0x00, 0x00, 0x0C, 0x00, 0x00, 0x00,
    0x0C, 0x00, 0x00, 0x00, 0x07, 0x00, 0x00, 0x00, 0xC7, 0x00, 0x00, 0x00, 0xC3, 0x00, 0x00, 0x00,
    0x73, 0x0C, 0x00, 0x00, 0xCC, 0x00, 0x00, 0x00, 0x00, 0x00, 0x00, 0x00, 0x00, 0x00, 0x00, 0x00,
    0x00, 0x00, 0x00, 0x00, 0x00, 0x00, 0x00, 0x00, 0x00, 0x00, 0x00, 0x00, 0x00, 0x00, 0x00, 0x00,
    0x00, 0x00, 0x00, 0x00, 0x00, 0x00, 0x00, 0x00, 0x0F, 0x00, 0x00, 0x00, 0x0F, 0x00, 0x00, 0x00,
    0x0F, 0x00, 0x00, 0x00, 0x00, 0x00, 0x00, 0x00, 0x00, 0x00, 0x00, 0x00, 0x00, 0x00, 0x00, 0x00,
};
static const u16 sFrame11[] = {
    0x0007, 0x00E1, 0x81EE, 0x0000, 0x00D9, 0x400E, 0x0010, 0x00F1, 0x400E, 0x0014, 0x40D9, 0x01F6,
    0x0018, 0x4001, 0x01EE, 0x001A, 0x80D9, 0x001E, 0x001C, 0x00F9, 0x001E, 0x001E, 0x0000,
};
static const void* const sFrames11[] = { sFrame11 };
static const u8 sTiles12[864] __attribute__((aligned(4))) = {
    0xF5, 0x99, 0xE9, 0x66, 0x52, 0x0F, 0xE0, 0x7A, 0xC1, 0xB3, 0x90, 0xFF, 0x51, 0x36, 0x9B, 0x15,
    0x52, 0x6B, 0x29, 0x22, 0xF5, 0xB3, 0x9F, 0xB9, 0xFF, 0xEA, 0xCF, 0xF7, 0x00, 0x00, 0xFF, 0x1F,
    0xA7, 0x6F, 0xE6, 0x0E, 0xF6, 0xE6, 0x7E, 0xEF, 0xFF, 0xBE, 0xF3, 0xFF, 0x95, 0xFF, 0xAC, 0x7C,
    0xF9, 0xAF, 0xCC, 0xF7, 0x7A, 0xAC, 0xFF, 0xFF, 0xFF, 0xFA, 0x44, 0x14, 0x71, 0x7F, 0x47, 0x11,
    0x00, 0x00, 0x00, 0x00, 0x00, 0x00, 0x00, 0x00, 0x00, 0x00, 0x00, 0x00, 0x0F, 0x00, 0x00, 0xFF,
    0x0F, 0x00, 0xF0, 0x77, 0xE7, 0x00, 0xEF, 0xEC, 0xE7, 0xCE, 0xBF, 0xEE, 0xE4, 0x4C, 0x7F, 0xEB,
    0x00, 0x00, 0x00, 0x00, 0x00, 0x00, 0x00, 0x00, 0x00, 0x00, 0x00, 0x00, 0x0F, 0x00, 0x00, 0x00,
    0xF7, 0x00, 0x00, 0x00, 0x33, 0x0B, 0x00, 0x00, 0x6E, 0xB6, 0x00, 0x00, 0xAE, 0x36, 0x0E, 0x00,
    0x00, 0xB0, 0x14, 0x11, 0x00, 0x4B, 0x11, 0x41, 0x00, 0xBF, 0x41, 0x41, 0x00, 0x47, 0x41, 0x44,
    0xE0, 0x44, 0x44, 0x44, 0xE0, 0x47, 0x44, 0x44, 0x7E, 0x47, 0x74, 0x77, 0x7E, 0x11, 0x11, 0x74,
    0x74, 0xE7, 0x47, 0x11, 0x77, 0x0B, 0x7C, 0x14, 0x74, 0x0B, 0xB0, 0x44, 0xB7, 0x00, 0xB0, 0x47,
    0xE7, 0x00, 0x00, 0xAB, 0xE7, 0x00, 0x00, 0x00, 0x0E, 0x00, 0x00, 0x00, 0x0E, 0x00, 0x00, 0x00,
    0x71, 0x14, 0xAE, 0xE7, 0x11, 0x11, 0x77, 0xA7, 0x11, 0x41, 0x11, 0x77, 0x41, 0x74, 0x44, 0x41,
    0x77, 0xC7, 0x7A, 0x47, 0xEA, 0x0E, 0x70, 0xBB, 0x00, 0x00, 0x00, 0x00, 0x00, 0x00, 0x00, 0x00,
    0xBE, 0x7B, 0xE3, 0x00, 0xBE, 0x7B, 0xE6, 0x00, 0xBB, 0xEB, 0x37, 0x0E, 0xE7, 0xB8, 0x7E, 0xE6,
    0x87, 0xBE, 0x7B, 0xE3, 0xBE, 0xB8, 0x7B, 0xE6, 0x00, 0xCC, 0xEE, 0xF7, 0x00, 0xC0, 0x37, 0x0F,
    0x00, 0x00, 0x00, 0x00, 0x00, 0x00, 0x00, 0x00, 0x00, 0x00, 0x00, 0x00, 0x00, 0x00, 0x09, 0x00,
    0x00, 0x00, 0x95, 0x00, 0x00, 0x00, 0x25, 0x09, 0x00, 0x00, 0x50, 0x22, 0x00, 0x90, 0x92, 0x25,
    0x00, 0x00, 0x00, 0x00, 0x00, 0x00, 0x00, 0x00, 0x00, 0x00, 0x00, 0x00, 0x00, 0x00, 0x00, 0x00,
    0x09, 0x00, 0x00, 0x00, 0x95, 0x00, 0x00, 0x00, 0x29, 0x92, 0x90, 0x00, 0x52, 0x25, 0x92, 0x92,
    0x00, 0x00, 0x25, 0x25, 0x00, 0x00, 0x29, 0x25, 0x00, 0x00, 0x95, 0x92, 0x00, 0x50, 0x22, 0x55,
    0x00, 0x99, 0x29, 0x52, 0x00, 0x00, 0x92, 0x25, 0x00, 0x90, 0x55, 0x59, 0x00, 0x50, 0x99, 0x29,
    0x52, 0x52, 0x55, 0x52, 0x92, 0x22, 0x22, 0x95, 0x55, 0x29, 0x29, 0x22, 0x22, 0x52, 0x22, 0x29,
    0x22, 0x25, 0x95, 0x52, 0x92, 0x22, 0x22, 0x52, 0x59, 0x92, 0x92, 0x22, 0x25, 0x59, 0x52, 0x59,
    0x00, 0x00, 0x00, 0xE0, 0x00, 0x00, 0x00, 0xA0, 0x00, 0x00, 0x00, 0xE0, 0x00, 0x00, 0x00, 0xBB,
    0xB0, 0xBE, 0xBB, 0xE8, 0x3E, 0xB8, 0x88, 0x8E, 0x6E, 0x73, 0xBB, 0xEB, 0xE0, 0x36, 0xBB, 0x7E,
    0x77, 0x41, 0x77, 0xA7, 0x14, 0x74, 0x47, 0xAA, 0x7E, 0x17, 0x74, 0xEA, 0xE8, 0x7B, 0xA7, 0xBE,
    0x8E, 0xEB, 0xEB, 0xBB, 0x7B, 0xA7, 0xBE, 0x00, 0xE7, 0xEB, 0xBB, 0x00, 0x76, 0x63, 0x0B, 0x00,
    0x00, 0x6E, 0x77, 0x37, 0x00, 0xE0, 0x36, 0xE6, 0x00, 0x00, 0xEE, 0x0E, 0x00, 0x00, 0x00, 0x00,
    0x00, 0x00, 0x00, 0x00, 0x00, 0x00, 0x00, 0x00, 0x00, 0x00, 0x00, 0x00, 0x00, 0x00, 0x00, 0x00,
    0x37, 0xB6, 0x00, 0x00, 0xEE, 0x0E, 0x00, 0x00, 0x00, 0x00, 0x00, 0x00, 0x00, 0x00, 0x00, 0x00,
    0x00, 0x00, 0x00, 0x00, 0x00, 0x00, 0x00, 0x00, 0x00, 0x00, 0x00, 0x00, 0x00, 0x00, 0x00, 0x00,
    0x00, 0x00, 0x00, 0xCC, 0x00, 0x00, 0x00, 0x3C, 0xC0, 0x3C, 0xCC, 0x1C, 0xC0, 0x17, 0x3C, 0x71,
    0xC0, 0x13, 0x73, 0x11, 0x00, 0x1C, 0x13, 0x33, 0xC0, 0x77, 0x77, 0x11, 0x70, 0x17, 0x11, 0x33,
    0xC7, 0x00, 0x00, 0x00, 0xC3, 0x00, 0x00, 0x00, 0x13, 0x0C, 0x00, 0x00, 0x13, 0xC7, 0x00, 0x00,
    0x73, 0x37, 0x0C, 0x00, 0x11, 0x71, 0x0C, 0x00, 0x33, 0xC3, 0x0C, 0x00, 0xCC, 0x0C, 0x00, 0x00,
    0x00, 0x00, 0x00, 0x00, 0x09, 0x00, 0x00, 0x00, 0x95, 0x00, 0x00, 0x00, 0x22, 0x09, 0x00, 0xC0,
    0x22, 0x09, 0xC0, 0x1C, 0x95, 0xC9, 0x3C, 0x31, 0x25, 0x79, 0x77, 0xC3, 0x99, 0x99, 0xB7, 0x0C,
    0x00, 0x00, 0x00, 0xCC, 0x00, 0x00, 0xCC, 0x11, 0x00, 0xCC, 0x11, 0x33, 0xCC, 0x11, 0x33, 0xCC,
    0x11, 0x33, 0xCC, 0x00, 0x33, 0xCC, 0x00, 0x00, 0xCC, 0x00, 0x00, 0x00, 0x00, 0x00, 0x00, 0x00,
    0x00, 0x09, 0x90, 0x91, 0x00, 0x00, 0x9E, 0x12, 0x00, 0x00, 0x9E, 0x29, 0x00, 0x00, 0x5F, 0x92,
    0x00, 0x00, 0x9E, 0x55, 0x00, 0x00, 0xF0, 0x1F, 0x00, 0x00, 0x00, 0x90, 0x00, 0x00, 0x00, 0xBB,
    0x6A, 0x9B, 0x29, 0x29, 0x16, 0x22, 0x99, 0x92, 0x21, 0x52, 0x5B, 0x59, 0x55, 0xB5, 0x8B, 0x9B,
    0xBB, 0x9B, 0xB5, 0xAA, 0x21, 0x59, 0xBB, 0x13, 0x15, 0x21, 0x6F, 0x33, 0x9F, 0x12, 0x6F, 0x33,
    0x1C, 0x31, 0x33, 0xCC, 0x31, 0xC3, 0xCC, 0x00, 0xC3, 0x0C, 0x00, 0x00, 0x0C, 0x00, 0x00, 0x00,
    0x00, 0x00, 0x00, 0x00, 0x00, 0x00, 0x00, 0x00, 0x00, 0x00, 0x00, 0x00, 0x00, 0x00, 0x00, 0x00,
    0x25, 0x99, 0x0B, 0x00, 0x95, 0x95, 0x00, 0x00, 0x99, 0x92, 0x00, 0x00, 0xF6, 0x99, 0x00, 0x00,
    0x3F, 0xFF, 0x00, 0x00, 0xF6, 0x13, 0xFF, 0x00, 0x63, 0x3F, 0x31, 0x0A, 0xA6, 0x3F, 0x13, 0xAA,
    0x00, 0x00, 0xF0, 0x15, 0x00, 0x00, 0x5F, 0xF1, 0x00, 0xB0, 0x1F, 0x12, 0x00, 0xB0, 0x15, 0x55,
    0x00, 0x00, 0x5F, 0x1F, 0x00, 0x00, 0xF0, 0x2F, 0x00, 0x00, 0x00, 0xF0, 0x00, 0x00, 0x00, 0x00,
    0x0E, 0x00, 0x00, 0x00, 0x0E, 0x00, 0x00, 0x00, 0x00, 0x00, 0x00, 0x00, 0x00, 0x00, 0x00, 0x00,
    0x00, 0x00, 0x00, 0x00, 0x00, 0x00, 0x00, 0x00, 0x00, 0x00, 0x00, 0x00, 0x00, 0x00, 0x00, 0x00,
    0x00, 0x00, 0xCC, 0x00, 0x00, 0x00, 0x00, 0x00, 0x00, 0x00, 0x00, 0x00, 0x00, 0x00, 0x00, 0x00,
    0x00, 0x00, 0x00, 0x00, 0x00, 0x00, 0x00, 0x00, 0x00, 0x00, 0x00, 0x00, 0x00, 0x00, 0x00, 0x00,
};
static const u16 sFrame12[] = {
    0x000B, 0x40E6, 0x81FE, 0x0000, 0x00CE, 0x41F6, 0x0008, 0x00F6, 0x41F6, 0x000C, 0x40CE, 0x0016,
    0x0010, 0x40D6, 0x0006, 0x0012, 0x40DE, 0x01F6, 0x0014, 0x00D6, 0x0016, 0x0016, 0x00DE, 0x0006,
    0x0017, 0x00E6, 0x01F6, 0x0018, 0x00F6, 0x0006, 0x0019, 0x00F6, 0x0016, 0x001A, 0x0000,
};
static const void* const sFrames12[] = { sFrame12 };
static const u8 sTiles13[800] __attribute__((aligned(4))) = {
    0x90, 0x22, 0x55, 0x22, 0x00, 0x29, 0x52, 0x22, 0x90, 0x92, 0x25, 0x92, 0x59, 0x55, 0x59, 0x59,
    0x00, 0x99, 0x29, 0x25, 0x00, 0x90, 0x99, 0x99, 0x00, 0x9E, 0x91, 0x6A, 0x00, 0x9E, 0x12, 0x16,
    0x25, 0x92, 0x22, 0x92, 0x52, 0x29, 0x25, 0x92, 0x22, 0x22, 0x55, 0x99, 0x29, 0x29, 0x95, 0x25,
    0x25, 0x95, 0x29, 0x99, 0x59, 0x59, 0x29, 0x25, 0x59, 0x55, 0x92, 0x95, 0x92, 0x52, 0x59, 0x99,
    0x00, 0x00, 0x00, 0x00, 0x09, 0x00, 0x00, 0x00, 0x09, 0x00, 0x00, 0x00, 0x09, 0x00, 0x00, 0x00,
    0xB9, 0x0C, 0x00, 0x00, 0x79, 0xC7, 0xCC, 0xCC, 0x95, 0x37, 0x11, 0x11, 0xBB, 0x3C, 0x33, 0x33,
    0x00, 0x00, 0x00, 0x00, 0x00, 0x00, 0x00, 0x00, 0x00, 0x00, 0x00, 0x00, 0x00, 0x00, 0x00, 0x00,
    0x00, 0x00, 0x00, 0x00, 0x00, 0x00, 0x00, 0x00, 0xCC, 0xCC, 0x0C, 0x00, 0x11, 0x11, 0xC1, 0xCC,
    0x00, 0x5F, 0x29, 0x21, 0x00, 0x9E, 0x95, 0x55, 0x00, 0xF0, 0xFF, 0xBB, 0x00, 0x00, 0x90, 0x9B,
    0x00, 0x00, 0x00, 0x99, 0x00, 0x00, 0x00, 0x00, 0x00, 0x00, 0x00, 0x00, 0x00, 0x00, 0x00, 0x00,
    0xB5, 0xB5, 0x98, 0xAB, 0xBB, 0x98, 0xA8, 0x61, 0x98, 0x82, 0x6A, 0x11, 0x8E, 0x86, 0x6A, 0x33,
    0x1C, 0x16, 0x6A, 0x66, 0xBC, 0xB1, 0xAF, 0x6F, 0x1E, 0x16, 0xEA, 0x3A, 0xB0, 0xFF, 0x36, 0x63,
    0x0A, 0xC0, 0xCC, 0xCC, 0xAA, 0x59, 0x09, 0x00, 0xA6, 0x15, 0x92, 0x0F, 0xA6, 0x52, 0x12, 0xF1,
    0xEA, 0x2C, 0x21, 0xF5, 0x44, 0xFF, 0x3B, 0x3B, 0x6A, 0xFE, 0x63, 0x63, 0x13, 0x56, 0x99, 0xF1,
    0x33, 0x33, 0x13, 0x11, 0xCC, 0xCC, 0x3C, 0x33, 0x00, 0x00, 0xC0, 0xCC, 0x00, 0x00, 0x00, 0x00,
    0x00, 0x00, 0x00, 0x00, 0x0F, 0x00, 0x00, 0x00, 0x0F, 0x00, 0x00, 0x00, 0xF5, 0x00, 0x00, 0x00,
    0x00, 0xF0, 0x6F, 0x33, 0x00, 0x00, 0x6B, 0x36, 0x00, 0xF0, 0xB3, 0x36, 0x00, 0xF0, 0xB3, 0x16,
    0x00, 0xF0, 0xB6, 0x36, 0x00, 0xF0, 0xF3, 0x16, 0x00, 0x6F, 0xFC, 0x16, 0x00, 0x6F, 0x6F, 0x11,
    0x11, 0x9F, 0x1F, 0x11, 0x16, 0x2F, 0x12, 0x21, 0x63, 0xFE, 0x25, 0x12, 0x34, 0xF6, 0x99, 0x95,
    0x44, 0x33, 0xBE, 0x0B, 0x11, 0x31, 0xEE, 0xB6, 0x11, 0x66, 0x6A, 0xFA, 0x11, 0xF6, 0xEF, 0xFF,
    0x00, 0xF0, 0x6F, 0x61, 0x00, 0x70, 0xBF, 0xE6, 0x00, 0xF0, 0xF7, 0xFE, 0x00, 0xF0, 0xAF, 0x7F,
    0x00, 0xE0, 0xF3, 0x4B, 0x00, 0x7E, 0xB6, 0x14, 0x00, 0x4B, 0xB1, 0x14, 0x00, 0xF0, 0xF7, 0x1A,
    0x66, 0xFA, 0xCF, 0xFA, 0xEE, 0xEE, 0x7F, 0xF7, 0xFF, 0xAA, 0xCF, 0xFA, 0x14, 0x11, 0xF6, 0x0E,
    0x11, 0x11, 0xA4, 0x0F, 0x11, 0x74, 0xAA, 0x0F, 0x11, 0x74, 0xB7, 0x00, 0x14, 0x44, 0xB7, 0x00,
    0x00, 0xF0, 0x1B, 0x7E, 0x00, 0x00, 0x47, 0x7E, 0x00, 0xE0, 0x44, 0x7E, 0x00, 0xE0, 0x17, 0x7E,
    0x00, 0xE0, 0x47, 0x7B, 0x00, 0xE0, 0x77, 0xB1, 0xBF, 0xAB, 0x14, 0xE4, 0x8B, 0xE8, 0x7E, 0x6E,
    0x44, 0x11, 0x74, 0x0E, 0x44, 0x44, 0x44, 0x0E, 0x4A, 0x44, 0x74, 0xBE, 0x77, 0x44, 0x17, 0xB7,
    0x14, 0x11, 0x41, 0xA7, 0x7A, 0x17, 0x41, 0xAB, 0x8E, 0xB9, 0x67, 0x0E, 0x8E, 0xBE, 0xE3, 0x00,
    0xB8, 0xEB, 0xE8, 0x6E, 0x73, 0xBB, 0x7E, 0x6E, 0x36, 0xE7, 0x36, 0x6E, 0x7E, 0x76, 0xE7, 0xE3,
    0xE0, 0xEE, 0xEE, 0xBE, 0x00, 0x00, 0x00, 0x00, 0x00, 0x00, 0x00, 0x00, 0x00, 0x00, 0x00, 0x00,
    0x9E, 0x7B, 0xE6, 0x00, 0xB8, 0x3B, 0xE6, 0x00, 0xB9, 0x63, 0x0E, 0x00, 0x36, 0xE6, 0x00, 0x00,
    0xEE, 0x0E, 0x00, 0x00, 0x00, 0x00, 0x00, 0x00, 0x00, 0x00, 0x00, 0x00, 0x00, 0x00, 0x00, 0x00,
    0x00, 0x00, 0x00, 0x00, 0x00, 0x00, 0x00, 0x00, 0x00, 0x00, 0x00, 0x00, 0x00, 0xC0, 0x0C, 0x00,
    0xC0, 0x7C, 0xC3, 0xCC, 0xC0, 0x13, 0x3C, 0x1C, 0x7C, 0x31, 0x17, 0x37, 0x77, 0x31, 0x11, 0x31,
    0x00, 0x00, 0x00, 0x00, 0x00, 0x00, 0x00, 0x00, 0x00, 0x00, 0x00, 0x00, 0x00, 0x00, 0x00, 0x00,
    0xCC, 0x00, 0x00, 0x00, 0x73, 0x0C, 0x00, 0x00, 0xC3, 0x00, 0x00, 0x00, 0xC1, 0x00, 0x00, 0x00,
    0x11, 0x77, 0x37, 0x33, 0x33, 0x11, 0x11, 0x11, 0xCC, 0x33, 0x33, 0x33, 0x00, 0xCC, 0xCC, 0xCC,
    0x00, 0x00, 0x00, 0x00, 0x00, 0x00, 0x00, 0x00, 0x00, 0x00, 0x00, 0x00, 0x00, 0x00, 0x00, 0x00,
    0x71, 0x00, 0x00, 0x00, 0x77, 0x0C, 0x00, 0x00, 0x31, 0x0C, 0x00, 0x00, 0xC7, 0x00, 0x00, 0x00,
    0x0C, 0x00, 0x00, 0x00, 0x00, 0x00, 0x00, 0x00, 0x00, 0x00, 0x00, 0x00, 0x00, 0x00, 0x00, 0x00,
    0x00, 0x00, 0x09, 0x00, 0x00, 0x00, 0x95, 0x90, 0x00, 0x00, 0x25, 0x59, 0x00, 0x09, 0x25, 0x92,
    0x00, 0x92, 0x25, 0x52, 0x00, 0x25, 0x25, 0x52, 0x00, 0x29, 0x25, 0x92, 0x59, 0x95, 0x92, 0x55,
    0x00, 0x00, 0x00, 0x00, 0x00, 0x00, 0x00, 0x00, 0x09, 0x00, 0x00, 0x00, 0x92, 0x90, 0x00, 0x00,
    0x22, 0x29, 0x09, 0x00, 0x55, 0x25, 0x05, 0x00, 0x22, 0x52, 0x99, 0x00, 0x92, 0x22, 0x52, 0x09,
    0x00, 0x00, 0x00, 0x00, 0x00, 0x00, 0x00, 0x00, 0x00, 0x00, 0x00, 0x00, 0x00, 0x00, 0x00, 0x00,
    0x00, 0x00, 0x00, 0x00, 0x00, 0x00, 0x00, 0x00, 0x00, 0x00, 0x00, 0xB0, 0x00, 0x00, 0x00, 0x3E,
    0x00, 0x00, 0x00, 0x6E, 0x00, 0x00, 0x00, 0x6E, 0x00, 0x00, 0x00, 0xE0, 0x00, 0x00, 0x00, 0x00,
    0x00, 0x00, 0x00, 0x00, 0x00, 0x00, 0x00, 0x00, 0x00, 0x00, 0x00, 0x00, 0x00, 0x00, 0x00, 0x00,
    0xF1, 0x00, 0x00, 0x00, 0xF5, 0x00, 0x00, 0x00, 0xB5, 0x00, 0x00, 0x00, 0x0B, 0x00, 0x00, 0x00,
    0x00, 0x00, 0x00, 0x00, 0x00, 0x00, 0x00, 0x00, 0x00, 0x00, 0x00, 0x00, 0x00, 0x00, 0x00, 0x00,
};
static const u16 sFrame13[] = {
    0x0006, 0x40D3, 0x81F4, 0x0000, 0x80E3, 0x81FC, 0x0008, 0x00D3, 0x4014, 0x0010, 0x40CB, 0x01F4,
    0x0014, 0x80F3, 0x01F4, 0x0016, 0x00E3, 0x000C, 0x0018, 0x0000,
};
static const void* const sFrames13[] = { sFrame13 };
static const u8 sTiles14[832] __attribute__((aligned(4))) = {
    0x00, 0x29, 0x52, 0x25, 0x00, 0x90, 0x22, 0x25, 0x90, 0x29, 0x59, 0x22, 0x00, 0x55, 0x95, 0x95,
    0x00, 0x90, 0x99, 0x52, 0x00, 0x00, 0x19, 0x79, 0x00, 0xE0, 0x29, 0x61, 0x00, 0xE0, 0x99, 0x12,
    0x22, 0x25, 0x92, 0x22, 0x52, 0x52, 0x29, 0x25, 0x29, 0x22, 0x22, 0x55, 0x25, 0x29, 0x29, 0x52,
    0x92, 0x25, 0x95, 0x95, 0x53, 0x59, 0x29, 0x99, 0x21, 0x29, 0x59, 0x59, 0x52, 0x9B, 0x95, 0xAA,
    0x92, 0x09, 0x00, 0x00, 0x92, 0x09, 0x00, 0x00, 0x99, 0x09, 0x00, 0x00, 0x92, 0x00, 0x00, 0x00,
    0x55, 0x09, 0x00, 0x00, 0x29, 0xCB, 0x0C, 0x00, 0xA9, 0xEB, 0x59, 0x99, 0x6A, 0x9A, 0x12, 0xB2,
    0x00, 0x00, 0x00, 0x00, 0x00, 0x00, 0x00, 0x00, 0x00, 0x00, 0x00, 0x00, 0x00, 0x00, 0x00, 0x00,
    0x00, 0x00, 0x00, 0x00, 0xFF, 0x0F, 0x00, 0x00, 0x3B, 0xFF, 0x0F, 0x00, 0x63, 0x22, 0xFF, 0x00,
    0x00, 0xF0, 0x95, 0x59, 0x00, 0xE0, 0x59, 0xB5, 0x00, 0x00, 0xFF, 0xA1, 0x00, 0x00, 0x00, 0xE9,
    0x00, 0x00, 0x00, 0xF0, 0x00, 0x00, 0x00, 0x00, 0x00, 0x00, 0x00, 0x00, 0x00, 0x00, 0x00, 0x00,
    0xB5, 0x8B, 0x89, 0x1A, 0xEB, 0x59, 0xA8, 0x16, 0xEE, 0x9F, 0xA8, 0x36, 0xFE, 0x16, 0xCC, 0x6A,
    0xFF, 0xB1, 0x17, 0xB1, 0xB0, 0xAB, 0x1B, 0x9B, 0x00, 0xB0, 0x61, 0xB1, 0x00, 0xA0, 0xB6, 0x6B,
    0x33, 0x56, 0x52, 0x69, 0x36, 0xEA, 0xA9, 0xF1, 0x63, 0xEA, 0x36, 0x3A, 0xA6, 0x6A, 0x11, 0xA3,
    0xB3, 0x1A, 0x33, 0xE6, 0x61, 0x1B, 0x31, 0x66, 0xA1, 0x6B, 0x33, 0xA6, 0x6A, 0x6B, 0x61, 0xEA,
    0xF3, 0x11, 0x21, 0x0F, 0xF7, 0x21, 0x21, 0x0B, 0x5F, 0x1F, 0x51, 0xB2, 0x2F, 0x5F, 0x25, 0xB5,
    0x9E, 0x92, 0x21, 0x0B, 0x0E, 0xBB, 0xB9, 0x71, 0x0E, 0xC0, 0x3C, 0x13, 0x00, 0x00, 0xC0, 0x3C,
    0x00, 0x00, 0x00, 0x00, 0x00, 0x00, 0x00, 0x00, 0x00, 0x00, 0x00, 0xE0, 0x00, 0x00, 0x00, 0xE0,
    0x00, 0x00, 0x00, 0xE0, 0x00, 0x00, 0x00, 0x00, 0x00, 0x00, 0x00, 0xE0, 0x00, 0xB0, 0xCB, 0xA0,
    0x00, 0x3A, 0xBF, 0xFF, 0xAE, 0x44, 0x11, 0xF4, 0x47, 0x11, 0x11, 0x74, 0x17, 0x11, 0x74, 0x41,
    0x17, 0x41, 0x44, 0xA7, 0x4E, 0x41, 0x44, 0xF7, 0x71, 0x41, 0x44, 0xE7, 0x17, 0x44, 0x44, 0xA7,
    0xC7, 0xAB, 0xAA, 0xBB, 0xCF, 0xB7, 0xBA, 0xC7, 0xF4, 0xAC, 0xC7, 0x7C, 0xA7, 0xAE, 0x77, 0x77,
    0xB7, 0x6E, 0xAE, 0xC7, 0xBA, 0xCC, 0x76, 0xEA, 0x0B, 0xEB, 0x7C, 0x4C, 0x0E, 0xC0, 0xC7, 0x44,
    0x00, 0x00, 0x00, 0xC0, 0x00, 0x00, 0x00, 0xC0, 0xEA, 0x00, 0x00, 0x00, 0xAC, 0x0E, 0x00, 0x00,
    0xBA, 0xEF, 0x00, 0x00, 0xEE, 0xAA, 0x0E, 0x00, 0x47, 0x77, 0x0E, 0x00, 0xA7, 0x74, 0xE4, 0x0A,
    0xE0, 0x8B, 0xB8, 0xCE, 0x3E, 0xB8, 0xEB, 0xB8, 0x6E, 0x73, 0xBB, 0xBB, 0xE0, 0x36, 0xB7, 0xEE,
    0x00, 0x6E, 0x76, 0x77, 0x00, 0xE0, 0x3E, 0x36, 0x00, 0x00, 0xE0, 0xEE, 0x00, 0x00, 0x00, 0x00,
    0x7E, 0x47, 0x74, 0xA7, 0xE7, 0x7E, 0x47, 0xAA, 0x7E, 0x7A, 0x77, 0xEE, 0xBE, 0xEE, 0xEE, 0x0F,
    0xE6, 0xBE, 0xBB, 0x0F, 0x37, 0x66, 0xBB, 0x0F, 0xEE, 0x37, 0xF3, 0x00, 0x00, 0xFE, 0x0F, 0x00,
    0x0E, 0x00, 0xAF, 0x44, 0x0E, 0x00, 0xE0, 0x17, 0x00, 0x00, 0x00, 0xBF, 0x00, 0x00, 0x00, 0xA0,
    0x00, 0x00, 0x00, 0x00, 0x00, 0x00, 0x00, 0x00, 0x00, 0x00, 0x00, 0x00, 0x00, 0x00, 0x00, 0x00,
    0x11, 0x1A, 0x71, 0xAA, 0x14, 0x11, 0x41, 0xAE, 0x44, 0x11, 0x11, 0x41, 0x47, 0x14, 0x41, 0x77,
    0x7B, 0x44, 0x14, 0x71, 0xAB, 0x77, 0x74, 0xBA, 0xE0, 0x4B, 0xE1, 0xCC, 0xE0, 0xA7, 0xEA, 0xEE,
    0x00, 0x00, 0x00, 0x00, 0x00, 0x00, 0x00, 0x00, 0x00, 0xC0, 0x0C, 0x00, 0xC0, 0x13, 0xC7, 0x00,
    0xC0, 0x31, 0xC3, 0x00, 0x7C, 0x31, 0x3C, 0xCC, 0x77, 0x17, 0x17, 0x1C, 0x11, 0x71, 0x11, 0x37,
    0x00, 0x00, 0x00, 0x00, 0x00, 0x00, 0x00, 0x00, 0x00, 0x00, 0x00, 0x00, 0x00, 0x00, 0x00, 0x00,
    0x0C, 0x00, 0x00, 0x00, 0xC3, 0x00, 0x00, 0x00, 0x73, 0x0C, 0x00, 0x00, 0xC1, 0x00, 0x00, 0x00,
    0x33, 0x13, 0x33, 0x13, 0xCC, 0x33, 0x11, 0x73, 0x00, 0xCC, 0x13, 0x71, 0x00, 0x00, 0x3C, 0x37,
    0x00, 0x00, 0xC0, 0xCC, 0x00, 0x00, 0x00, 0x00, 0x00, 0x00, 0x00, 0x00, 0x00, 0x00, 0x00, 0x00,
    0x0C, 0x00, 0x00, 0x00, 0x07, 0x00, 0x00, 0x00, 0x0C, 0x00, 0x00, 0x00, 0x0C, 0x00, 0x00, 0x00,
    0x00, 0x00, 0x00, 0x00, 0x00, 0x00, 0x00, 0x00, 0x00, 0x00, 0x00, 0x00, 0x00, 0x00, 0x00, 0x00,
    0x00, 0x00, 0x00, 0x09, 0x00, 0x00, 0x00, 0x95, 0x00, 0x00, 0x50, 0x92, 0x00, 0x00, 0x59, 0x22,
    0x00, 0x20, 0x59, 0x22, 0x00, 0x50, 0x52, 0x22, 0x90, 0x90, 0x52, 0x22, 0x00, 0x55, 0x29, 0x59,
    0x00, 0x00, 0x00, 0x00, 0x00, 0x09, 0x00, 0x00, 0x50, 0x09, 0x00, 0x00, 0x29, 0x92, 0x99, 0x00,
    0x55, 0x22, 0x29, 0x09, 0x25, 0x55, 0x25, 0x05, 0x29, 0x22, 0x52, 0x99, 0x95, 0x92, 0x22, 0x52,
    0x00, 0xAE, 0xEC, 0xEE, 0x00, 0xBB, 0xE8, 0xBB, 0xB0, 0x88, 0x8E, 0xBB, 0x8F, 0xBB, 0xBB, 0x7E,
    0x3F, 0xB7, 0xEB, 0x67, 0xE0, 0x76, 0x77, 0xE7, 0x00, 0xEE, 0xEE, 0x0E, 0x00, 0x00, 0x00, 0x00,
    0xAE, 0x67, 0x0F, 0x00, 0x6B, 0xF3, 0x00, 0x00, 0x3B, 0x0B, 0x00, 0x00, 0xB6, 0x00, 0x00, 0x00,
    0x0E, 0x00, 0x00, 0x00, 0x00, 0x00, 0x00, 0x00, 0x00, 0x00, 0x00, 0x00, 0x00, 0x00, 0x00, 0x00,
    0x00, 0x00, 0x00, 0x00, 0x00, 0x00, 0x00, 0x00, 0x00, 0x00, 0x00, 0x00, 0x00, 0x00, 0x00, 0x00,
    0x00, 0x00, 0x00, 0x00, 0x00, 0x00, 0x00, 0x00, 0x00, 0x00, 0x00, 0x00, 0x99, 0x00, 0x00, 0x00,
    0x00, 0x00, 0x00, 0x00, 0x0E, 0x00, 0x00, 0x00, 0xE7, 0x00, 0x00, 0x00, 0xFB, 0x0F, 0x00, 0x00,
    0xCF, 0xFE, 0x00, 0x00, 0xEE, 0x7C, 0x0F, 0x00, 0xEE, 0x7E, 0x0F, 0x00, 0xEE, 0x63, 0x0F, 0x00,
};
static const u16 sFrame14[] = {
    0x0006, 0x00D9, 0x81E5, 0x0000, 0x00E1, 0x4005, 0x0010, 0x40D1, 0x01E5, 0x0014, 0x40F9, 0x01FD,
    0x0016, 0x00D1, 0x01F5, 0x0018, 0x00F1, 0x0005, 0x0019, 0x0000,
};
static const void* const sFrames14[] = { sFrame14 };
static const u8 sTiles15[960] __attribute__((aligned(4))) = {
    0x00, 0x00, 0x90, 0x22, 0x00, 0x00, 0x00, 0x29, 0x00, 0x00, 0x99, 0x92, 0x00, 0x00, 0x50, 0x55,
    0x00, 0x00, 0x00, 0x99, 0x00, 0x00, 0xE0, 0x99, 0x00, 0x00, 0xE0, 0x99, 0x00, 0x00, 0xF0, 0x25,
    0x55, 0x22, 0x52, 0x22, 0x52, 0x22, 0x25, 0x95, 0x25, 0x92, 0x22, 0x22, 0x59, 0x59, 0x92, 0x92,
    0x29, 0x25, 0x59, 0x52, 0x91, 0x6A, 0x99, 0x95, 0x12, 0x16, 0x92, 0x92, 0x29, 0x21, 0xB5, 0x29,
    0x29, 0x22, 0x09, 0x00, 0x52, 0x22, 0x99, 0x00, 0x52, 0x95, 0x99, 0x00, 0x22, 0x25, 0x59, 0x00,
    0x59, 0x59, 0x95, 0xCB, 0x92, 0x99, 0x2E, 0x77, 0x52, 0x92, 0xBA, 0x77, 0x59, 0x59, 0x99, 0xBC,
    0x00, 0x00, 0x00, 0x00, 0x00, 0x00, 0x00, 0x00, 0x00, 0x00, 0x00, 0x00, 0x00, 0x00, 0x00, 0x00,
    0xCC, 0xCC, 0xCC, 0xCC, 0x13, 0x11, 0x11, 0x11, 0x37, 0x33, 0x33, 0x33, 0xCC, 0xCC, 0xCC, 0xCC,
    0x00, 0x00, 0xE0, 0x59, 0x00, 0x00, 0x00, 0xFF, 0x00, 0x00, 0x00, 0x00, 0x00, 0x00, 0x00, 0x00,
    0x00, 0x00, 0x00, 0x00, 0x00, 0x00, 0x00, 0x00, 0x00, 0x00, 0x00, 0x00, 0x00, 0x00, 0x00, 0x00,
    0x95, 0x55, 0xBB, 0x98, 0x11, 0xBB, 0x59, 0x6B, 0x59, 0xF1, 0xBF, 0xA9, 0x90, 0x29, 0xFB, 0x3B,
    0x00, 0x90, 0x1B, 0xA3, 0x00, 0xE0, 0x36, 0x6B, 0x00, 0xE0, 0x6A, 0x3B, 0x00, 0x00, 0xEE, 0xA6,
    0x59, 0x69, 0xEA, 0x9C, 0x93, 0x31, 0xA6, 0x2E, 0x16, 0x11, 0x63, 0x1E, 0x6A, 0x36, 0xE6, 0xB1,
    0xB7, 0x6A, 0xEC, 0x7E, 0xAB, 0x71, 0xF1, 0xE0, 0x1B, 0x46, 0x71, 0x0F, 0x6B, 0x7B, 0x76, 0xEA,
    0xF0, 0x0F, 0x00, 0x00, 0x7C, 0xF3, 0x00, 0x00, 0x37, 0xF6, 0xFF, 0x00, 0x63, 0x5C, 0x12, 0x0F,
    0x53, 0x12, 0x11, 0xFF, 0x15, 0x51, 0x15, 0x51, 0x1F, 0x1F, 0x51, 0x11, 0x29, 0x12, 0x11, 0x52,
    0x00, 0x00, 0x00, 0x00, 0x00, 0x00, 0x00, 0x00, 0x00, 0x00, 0xE0, 0x77, 0xE0, 0x7E, 0x4E, 0x44,
    0x7E, 0x17, 0x77, 0x44, 0x14, 0x47, 0x41, 0x44, 0x4E, 0x11, 0x41, 0x44, 0x17, 0x47, 0x71, 0x47,
    0x00, 0x00, 0xEF, 0xBE, 0xB0, 0xBE, 0xB7, 0xAB, 0x4B, 0x44, 0x41, 0xBE, 0x14, 0x11, 0x11, 0xB1,
    0x44, 0x11, 0x11, 0x14, 0x11, 0x11, 0x74, 0x61, 0x44, 0x44, 0x77, 0x74, 0x74, 0x47, 0x77, 0x7B,
    0x3F, 0xAB, 0x16, 0xA6, 0xE7, 0xBE, 0xAA, 0xCA, 0xEB, 0xA7, 0xFF, 0xFF, 0xAA, 0xFC, 0xFF, 0x17,
    0xBB, 0xFA, 0x4F, 0x14, 0xB3, 0xCF, 0x6F, 0x44, 0xFA, 0xCF, 0x4F, 0x14, 0x00, 0xFE, 0x47, 0x74,
    0x9E, 0x29, 0x12, 0xF9, 0x0F, 0xB0, 0xBB, 0x00, 0xFF, 0x00, 0x00, 0x00, 0x44, 0xE7, 0x0E, 0x00,
    0x11, 0x41, 0xE7, 0xE7, 0x11, 0x11, 0x41, 0x74, 0x11, 0x11, 0x11, 0x41, 0x14, 0x41, 0x11, 0x11,
    0x47, 0x77, 0x47, 0x77, 0x77, 0x74, 0xAA, 0xEE, 0xE7, 0xAA, 0xEA, 0x00, 0xB3, 0xEE, 0x0B, 0x00,
    0xB6, 0x00, 0x00, 0x00, 0x0B, 0x00, 0x00, 0x00, 0x00, 0x00, 0x00, 0x00, 0x00, 0x00, 0x00, 0x00,
    0x74, 0xBE, 0xBB, 0x00, 0xEE, 0x00, 0x00, 0x00, 0x00, 0x00, 0x00, 0x00, 0x00, 0x00, 0x00, 0x00,
    0x00, 0x00, 0x00, 0x00, 0x00, 0x00, 0x00, 0x00, 0x00, 0x00, 0x00, 0x00, 0x00, 0x00, 0x00, 0x00,
    0x00, 0x00, 0x7E, 0x47, 0x00, 0x00, 0xF0, 0x7F, 0x00, 0x00, 0x00, 0xB0, 0x00, 0x00, 0x00, 0x00,
    0x00, 0x00, 0x00, 0x00, 0x00, 0x00, 0x00, 0x00, 0x00, 0x00, 0x00, 0x00, 0x00, 0x00, 0x00, 0x00,
    0x44, 0x11, 0x14, 0x41, 0xBB, 0x74, 0x74, 0x47, 0x00, 0xE7, 0x77, 0x4B, 0x00, 0x00, 0xAB, 0xAE,
    0x00, 0x00, 0xF0, 0x6F, 0x00, 0x00, 0x00, 0xF0, 0x00, 0x00, 0x00, 0x00, 0x00, 0x00, 0x00, 0x00,
    0x00, 0x00, 0x00, 0x00, 0x00, 0x00, 0x00, 0x00, 0x00, 0x00, 0x00, 0x00, 0x00, 0x00, 0x00, 0x00,
    0x00, 0x00, 0x00, 0x00, 0x00, 0x00, 0x00, 0x00, 0x00, 0x00, 0x00, 0x00, 0x00, 0x00, 0x00, 0xC0,
    0x00, 0x00, 0x00, 0x00, 0x00, 0x00, 0x00, 0x00, 0x00, 0x00, 0x00, 0x00, 0x00, 0x00, 0x00, 0x00,
    0x00, 0x00, 0x00, 0x00, 0x00, 0x00, 0x00, 0x00, 0x00, 0x00, 0x00, 0x00, 0x0C, 0x00, 0xCC, 0x00,
    0x00, 0x00, 0x00, 0x7C, 0x00, 0x00, 0x00, 0x3C, 0x00, 0x00, 0x00, 0x1C, 0x00, 0x00, 0xC0, 0x17,
    0xCC, 0xCC, 0x7C, 0x77, 0x11, 0x11, 0x11, 0x11, 0x33, 0x33, 0x33, 0x33, 0xCC, 0xCC, 0xCC, 0xCC,
    0xC3, 0xCC, 0x73, 0x0C, 0xC1, 0xC3, 0x31, 0x0C, 0x73, 0x71, 0x13, 0x0C, 0x13, 0x11, 0x13, 0x07,
    0x77, 0x33, 0x73, 0xC7, 0x11, 0x11, 0x11, 0xC3, 0x33, 0x33, 0x33, 0xC7, 0xCC, 0xCC, 0xCC, 0x0C,
    0x00, 0x00, 0x00, 0x00, 0x00, 0x00, 0x00, 0x00, 0x00, 0x00, 0x00, 0x00, 0x00, 0x00, 0x00, 0x00,
    0x00, 0x00, 0x00, 0x00, 0x0F, 0x00, 0x00, 0x00, 0x0F, 0x00, 0x00, 0x00, 0x0F, 0x00, 0x00, 0x00,
    0x00, 0x00, 0x00, 0x00, 0x00, 0x00, 0x00, 0x00, 0x00, 0x00, 0x00, 0x00, 0xAE, 0x0E, 0x00, 0x00,
    0x7E, 0xFF, 0x0C, 0x00, 0x44, 0xBB, 0xCC, 0x00, 0x14, 0x77, 0xFB, 0x00, 0x14, 0x7A, 0xEB, 0x0C,
    0x44, 0xE7, 0xFF, 0x0F, 0x47, 0xA7, 0xF7, 0xFE, 0x11, 0x6A, 0xE3, 0xEE, 0xAA, 0x3C, 0xE7, 0xEE,
    0xE7, 0xEB, 0x37, 0xEE, 0x0E, 0xCE, 0x76, 0xEE, 0x00, 0xB0, 0x3E, 0xEE, 0x00, 0xE0, 0x7E, 0xE7,
    0x00, 0x00, 0xEB, 0xF3, 0x00, 0x00, 0xF0, 0x0F, 0x00, 0x00, 0x00, 0x00, 0x00, 0x00, 0x00, 0x00,
    0x00, 0x00, 0x00, 0x00, 0x00, 0x00, 0x00, 0x00, 0x00, 0x00, 0x00, 0x00, 0x00, 0x00, 0x00, 0x00,
    0x00, 0x00, 0x00, 0x00, 0x00, 0x00, 0x00, 0x00, 0x00, 0x00, 0x00, 0x00, 0x00, 0x00, 0x00, 0x90,
    0x00, 0x00, 0x00, 0x92, 0x00, 0x00, 0x00, 0x25, 0x00, 0x00, 0x09, 0x29, 0x00, 0x00, 0x50, 0x95,
    0x90, 0x00, 0x00, 0x00, 0x50, 0x09, 0x90, 0x00, 0x25, 0x09, 0x95, 0x00, 0x25, 0x92, 0x22, 0x09,
    0x25, 0x52, 0x25, 0x92, 0x25, 0x52, 0x52, 0x55, 0x25, 0x92, 0x22, 0x22, 0x92, 0x55, 0x29, 0x29,
    0x00, 0x00, 0x00, 0x00, 0x00, 0x00, 0x00, 0x00, 0x00, 0x00, 0x00, 0x00, 0x00, 0x0E, 0x00, 0x00,
    0xE0, 0xE3, 0x0B, 0xA0, 0x6E, 0x83, 0xB8, 0xEB, 0x6E, 0xB7, 0xBB, 0x88, 0xE0, 0x36, 0xBB, 0xEE,
    0xE0, 0x73, 0xBE, 0xB8, 0x00, 0x7E, 0xE7, 0xEB, 0x00, 0xE0, 0x67, 0xB7, 0x00, 0x00, 0xEE, 0x73,
    0x00, 0x00, 0xE0, 0x6E, 0x00, 0x00, 0x00, 0xB0, 0x00, 0x00, 0x00, 0x00, 0x00, 0x00, 0x00, 0x00,
    0x00, 0x00, 0x00, 0x00, 0x00, 0x00, 0x00, 0x00, 0x00, 0x00, 0x00, 0x00, 0x09, 0x00, 0x00, 0x00,
    0x92, 0x00, 0x00, 0x00, 0x52, 0x00, 0x00, 0x00, 0x95, 0x09, 0x00, 0x00, 0x22, 0x95, 0x00, 0x00,
    0x00, 0x00, 0x00, 0x00, 0x00, 0x00, 0x00, 0x00, 0x0F, 0x00, 0x00, 0x00, 0xFE, 0x00, 0x00, 0x00,
    0xFE, 0x00, 0x00, 0x00, 0xFE, 0x00, 0x00, 0x00, 0x0F, 0x00, 0x00, 0x00, 0x0F, 0x00, 0x00, 0x00,
};
static const u16 sFrame15[] = {
    0x0007, 0x00E2, 0x81EE, 0x0000, 0x00DA, 0x400E, 0x0010, 0x80EA, 0x400E, 0x0014, 0x40DA, 0x01EE,
    0x0018, 0x80F2, 0x01E6, 0x001A, 0x00DA, 0x01FE, 0x001C, 0x00FA, 0x0016, 0x001D, 0x0000,
};
static const void* const sFrames15[] = { sFrame15 };
static const u8 sTiles16[736] __attribute__((aligned(4))) = {
    0x0A, 0x00, 0x00, 0xAA, 0xA6, 0xAA, 0x6A, 0x36, 0x66, 0x13, 0x11, 0x31, 0x11, 0x33, 0x66, 0xA6,
    0x66, 0xAA, 0xAA, 0xBA, 0xAA, 0x00, 0x00, 0xAF, 0x00, 0x00, 0x00, 0xB0, 0x00, 0x00, 0x00, 0xEF,
    0xAA, 0x66, 0x63, 0x56, 0x11, 0x11, 0x63, 0x96, 0x63, 0x66, 0xAA, 0x9A, 0xAA, 0xAA, 0x44, 0x7A,
    0x17, 0x47, 0x74, 0x77, 0x47, 0x11, 0x11, 0x74, 0x4B, 0x11, 0x77, 0xBA, 0xAB, 0xA7, 0xEB, 0xBF,
    0x11, 0xB8, 0x58, 0x52, 0x25, 0x98, 0x99, 0x98, 0x18, 0x52, 0x25, 0x11, 0x59, 0x11, 0x52, 0x85,
    0x9E, 0x70, 0x91, 0x19, 0x0B, 0x4B, 0x11, 0x11, 0x00, 0x4B, 0x11, 0x41, 0x00, 0x17, 0x44, 0x44,
    0x89, 0x85, 0xA3, 0x00, 0x12, 0x92, 0x06, 0x00, 0x11, 0x95, 0x06, 0x00, 0x98, 0x09, 0x06, 0x00,
    0x74, 0x00, 0x03, 0x00, 0x74, 0x60, 0x00, 0x00, 0xB4, 0x60, 0x00, 0x00, 0xB7, 0xA3, 0x00, 0x00,
    0x00, 0x00, 0x00, 0xBE, 0x00, 0x00, 0x00, 0x7E, 0x00, 0x00, 0x00, 0x3E, 0x00, 0x00, 0x00, 0x6E,
    0x00, 0x00, 0x00, 0xE0, 0x00, 0x00, 0x00, 0x00, 0x00, 0x00, 0x00, 0x00, 0x00, 0x00, 0x00, 0x00,
    0x8B, 0x7B, 0x36, 0xE6, 0x8B, 0xBB, 0x67, 0x0E, 0x86, 0x36, 0x37, 0x0E, 0x33, 0x33, 0x63, 0x0E,
    0xEE, 0xEE, 0xEE, 0x00, 0x00, 0x00, 0x00, 0x00, 0x00, 0x00, 0x00, 0x00, 0x00, 0x00, 0x00, 0xE0,
    0xE0, 0x47, 0x11, 0x44, 0xE0, 0x44, 0x44, 0x44, 0xEB, 0x47, 0x44, 0x44, 0x7B, 0x71, 0x44, 0x77,
    0x7A, 0x14, 0x11, 0x41, 0x7E, 0x14, 0x81, 0x7E, 0xBE, 0x88, 0xE8, 0x3E, 0xBB, 0xB8, 0x67, 0x63,
    0xE7, 0x1A, 0x00, 0x00, 0xE7, 0x6A, 0x00, 0x00, 0xE7, 0x00, 0x00, 0x00, 0xE7, 0x00, 0x00, 0x00,
    0xB7, 0x00, 0x00, 0x00, 0x0E, 0x00, 0x00, 0x00, 0x0E, 0x00, 0x00, 0x00, 0x0E, 0x00, 0x00, 0x00,
    0x00, 0x00, 0x00, 0x00, 0x00, 0x00, 0x00, 0x00, 0x00, 0x00, 0x00, 0x00, 0x00, 0x00, 0x00, 0x90,
    0x00, 0x00, 0x20, 0x59, 0x00, 0x00, 0x50, 0x52, 0x00, 0x00, 0x90, 0x52, 0x00, 0x00, 0x59, 0x22,
    0x09, 0x00, 0x00, 0x00, 0x95, 0x00, 0x09, 0x00, 0x25, 0x09, 0x95, 0x00, 0x25, 0x92, 0x22, 0x09,
    0x22, 0x55, 0x22, 0x29, 0x22, 0x25, 0x55, 0x25, 0x22, 0x29, 0x22, 0x52, 0x92, 0x92, 0x55, 0x29,
    0x00, 0x90, 0x22, 0x92, 0x00, 0x90, 0x22, 0x25, 0x00, 0x90, 0x59, 0x25, 0x00, 0x90, 0x52, 0x22,
    0x00, 0x59, 0x95, 0x95, 0x00, 0x90, 0x95, 0x29, 0x00, 0x00, 0x99, 0x95, 0x00, 0x00, 0x90, 0x15,
    0x22, 0x25, 0x22, 0x55, 0x59, 0x52, 0x22, 0x25, 0x22, 0x22, 0x29, 0x52, 0x29, 0x29, 0x95, 0x95,
    0x25, 0x95, 0x52, 0x92, 0x99, 0x52, 0x59, 0x92, 0x92, 0x22, 0x29, 0x99, 0x21, 0x55, 0x22, 0x25,
    0x00, 0x00, 0xEE, 0x29, 0x00, 0xE0, 0x63, 0x9A, 0x00, 0x6E, 0x33, 0x96, 0xE0, 0x13, 0x11, 0xA3,
    0x6E, 0x11, 0x31, 0x66, 0xB9, 0x16, 0x63, 0xCA, 0xB9, 0x6A, 0xA6, 0xEB, 0x90, 0xBB, 0xEB, 0xE0,
    0x11, 0x11, 0x99, 0x95, 0x12, 0x52, 0x99, 0x99, 0x59, 0x99, 0x88, 0xA9, 0x98, 0x8B, 0x38, 0x6A,
    0x61, 0xB1, 0x63, 0x3A, 0x1B, 0x9B, 0x61, 0x66, 0x61, 0xB1, 0xA1, 0xA6, 0xB6, 0x6B, 0x6A, 0xBA,
    0x90, 0x15, 0x09, 0x3E, 0x00, 0x19, 0x95, 0x36, 0x00, 0x25, 0x52, 0x69, 0x90, 0x21, 0x22, 0x95,
    0x90, 0x12, 0x52, 0x92, 0x90, 0x15, 0xE5, 0x92, 0xB0, 0x29, 0xB9, 0xBE, 0xB0, 0xA4, 0xAA, 0x89,
    0x66, 0xAB, 0xA3, 0xA6, 0x3B, 0xAB, 0x31, 0xE3, 0x6B, 0xBB, 0x11, 0x63, 0x3B, 0xBB, 0x36, 0xE3,
    0x6E, 0xBB, 0x88, 0x25, 0x83, 0x25, 0x28, 0x12, 0x15, 0x92, 0x15, 0x21, 0x85, 0x99, 0x21, 0x11,
    0x00, 0x00, 0x00, 0x00, 0x00, 0x00, 0x00, 0x00, 0x00, 0x00, 0x00, 0x00, 0x09, 0x00, 0x00, 0x00,
    0x09, 0x00, 0x00, 0x00, 0x05, 0x00, 0x00, 0x00, 0x99, 0x00, 0x00, 0x00, 0x59, 0x95, 0x00, 0x00,
    0x22, 0x09, 0x00, 0x00, 0x92, 0x00, 0x00, 0x00, 0x29, 0x09, 0x00, 0x00, 0x55, 0x95, 0x00, 0x00,
    0x99, 0x00, 0x00, 0x00, 0x55, 0x09, 0x00, 0x00, 0x09, 0x00, 0x00, 0x00, 0x09, 0x00, 0x00, 0x00,
    0x95, 0x00, 0x00, 0x00, 0xEE, 0x00, 0x00, 0x00, 0x36, 0x0E, 0x00, 0x00, 0x11, 0xE3, 0x00, 0x00,
    0x11, 0xE1, 0x00, 0x00, 0x13, 0x61, 0x0E, 0x00, 0x13, 0xB6, 0x09, 0x00, 0x66, 0x5B, 0x92, 0x00,
    0xBE, 0x2E, 0x91, 0x00, 0xE0, 0x12, 0x95, 0x00, 0x2E, 0x92, 0x09, 0x00, 0xE3, 0x92, 0x00, 0x00,
    0x3E, 0xA9, 0x00, 0x00, 0xA1, 0xAA, 0x00, 0x00, 0xA9, 0x92, 0x06, 0x00, 0xA9, 0x98, 0x0A, 0x00,
    0x00, 0x00, 0x00, 0xE0, 0x00, 0x00, 0x00, 0xE0, 0x00, 0x00, 0x00, 0xE0, 0x00, 0x00, 0x00, 0x00,
    0x00, 0x00, 0x00, 0x00, 0x00, 0x00, 0x00, 0x00, 0x00, 0x00, 0x00, 0x00, 0x00, 0x00, 0x00, 0x00,
    0xB7, 0xB8, 0x7B, 0xE6, 0x63, 0x68, 0x73, 0xE3, 0x36, 0x33, 0x33, 0xE6, 0xEE, 0xEE, 0xEE, 0x0E,
    0x00, 0x00, 0x00, 0x00, 0x00, 0x00, 0x00, 0x00, 0x00, 0x00, 0x00, 0x00, 0x00, 0x00, 0x00, 0x00,
    0x00, 0x00, 0xA0, 0xAA, 0x00, 0xAA, 0x3A, 0x31, 0xA0, 0x13, 0x63, 0x66, 0xA0, 0x66, 0x36, 0x11,
    0x3A, 0x11, 0x31, 0x63, 0x3A, 0x66, 0xA6, 0xAA, 0xA0, 0xAA, 0x0A, 0x00, 0x00, 0x00, 0x00, 0x00,
};
static const u16 sFrame16[] = {
    0x0005, 0x40EC, 0x81F5, 0x0000, 0x80CC, 0x81FD, 0x0008, 0x80CC, 0x400D, 0x0010, 0x40FC, 0x01FD,
    0x0014, 0x00EC, 0x01ED, 0x0016, 0x0000,
};
static const void* const sFrames16[] = { sFrame16 };
static const u8 sTiles17[672] __attribute__((aligned(4))) = {
    0x00, 0x00, 0xC0, 0x36, 0x00, 0x00, 0x60, 0xC1, 0x00, 0x00, 0x3C, 0x61, 0x00, 0xC0, 0x66, 0x36,
    0x00, 0xC0, 0x66, 0x63, 0xF0, 0x6F, 0x3C, 0x31, 0x2F, 0x61, 0xC6, 0x13, 0x58, 0x12, 0xF2, 0x3C,
    0x9C, 0x25, 0x92, 0x92, 0x5C, 0x52, 0x29, 0x25, 0xC3, 0x2C, 0x25, 0x22, 0x61, 0x5C, 0x22, 0x92,
    0x31, 0xC1, 0x29, 0x25, 0x36, 0xC1, 0x52, 0x22, 0x63, 0xC3, 0x29, 0x25, 0x31, 0xC6, 0x9B, 0x99,
    0x25, 0x22, 0x55, 0x99, 0x52, 0x22, 0x52, 0x92, 0x22, 0x99, 0x95, 0x55, 0x25, 0x22, 0x99, 0x99,
    0x59, 0x22, 0x25, 0x09, 0x25, 0x95, 0x95, 0xF5, 0x59, 0x52, 0x89, 0xAF, 0x52, 0xB9, 0xB8, 0x6A,
    0x00, 0x00, 0x00, 0x00, 0x00, 0x00, 0x00, 0x00, 0x09, 0x00, 0x00, 0x00, 0x00, 0x00, 0x00, 0x00,
    0x00, 0x00, 0x00, 0x00, 0x00, 0x00, 0x00, 0x00, 0x0F, 0x00, 0x00, 0x00, 0xF6, 0x00, 0x00, 0x00,
    0x25, 0x25, 0x25, 0xC2, 0x18, 0x82, 0x2F, 0xC5, 0x58, 0x08, 0x15, 0x08, 0x80, 0x08, 0x88, 0x00,
    0x00, 0x00, 0x00, 0x00, 0x00, 0x00, 0x00, 0x00, 0x00, 0x00, 0x00, 0x00, 0x00, 0x00, 0x00, 0x00,
    0x13, 0x63, 0x8C, 0xB5, 0x3C, 0x31, 0xE6, 0x8E, 0xC0, 0x13, 0x63, 0xCE, 0xFF, 0x3C, 0x31, 0xC6,
    0x00, 0xC0, 0x13, 0x63, 0x00, 0xF0, 0x3C, 0x31, 0x00, 0x7F, 0xCA, 0x16, 0x00, 0xBF, 0xE4, 0x6C,
    0x59, 0x59, 0xF8, 0x36, 0x99, 0x2B, 0x6E, 0x11, 0x89, 0xCC, 0x6E, 0x13, 0xBE, 0x88, 0xAE, 0x36,
    0x8C, 0x25, 0xE8, 0x6A, 0x56, 0x52, 0x52, 0xFE, 0xC6, 0x82, 0xF5, 0x13, 0x71, 0xB8, 0xBF, 0xEB,
    0x63, 0x0F, 0x00, 0x00, 0x31, 0x0F, 0x00, 0x00, 0x31, 0xFA, 0x00, 0x00, 0x63, 0xFA, 0x00, 0x00,
    0xF6, 0xFF, 0x00, 0x00, 0x5F, 0x92, 0x00, 0x00, 0x2E, 0x91, 0x00, 0x00, 0x12, 0x95, 0x00, 0x00,
    0x00, 0x00, 0x00, 0x00, 0x00, 0x00, 0x00, 0x00, 0x00, 0xE0, 0xFF, 0x00, 0x00, 0xE0, 0x83, 0x0B,
    0x00, 0x6E, 0xB7, 0xB8, 0x00, 0x6E, 0xBB, 0x78, 0x00, 0x3E, 0xBB, 0xBE, 0x00, 0x6E, 0xBE, 0xAE,
    0xF0, 0x7F, 0x64, 0xCB, 0xB0, 0x14, 0x11, 0xBF, 0xF0, 0x11, 0x11, 0x8E, 0x4B, 0x11, 0x41, 0x81,
    0x1B, 0x11, 0x44, 0x87, 0x11, 0x41, 0xB7, 0x87, 0x17, 0x44, 0xE1, 0xBB, 0x77, 0x41, 0xE4, 0xAF,
    0x00, 0xE0, 0xE7, 0xEB, 0x00, 0x00, 0x3E, 0xBB, 0x00, 0x00, 0xE0, 0xA6, 0x00, 0x00, 0x00, 0x6B,
    0x00, 0x00, 0x00, 0xB0, 0x00, 0x00, 0x00, 0x00, 0x00, 0x00, 0x00, 0xE0, 0x00, 0x00, 0x00, 0xE0,
    0x7E, 0x17, 0x74, 0x7E, 0xE8, 0x7B, 0xE7, 0x7B, 0xEE, 0xCE, 0xEF, 0x47, 0xE3, 0xEC, 0xBB, 0x74,
    0x7F, 0xF3, 0x7B, 0x1E, 0xFF, 0xFF, 0x7A, 0xAE, 0x8E, 0xBB, 0xBB, 0xB4, 0x83, 0x88, 0xE8, 0xBA,
    0x00, 0x00, 0x00, 0x00, 0x00, 0x00, 0x00, 0x00, 0x00, 0x00, 0x00, 0x00, 0x00, 0x00, 0x00, 0x00,
    0x00, 0x00, 0x00, 0x00, 0x00, 0x00, 0x00, 0x59, 0x00, 0x00, 0x00, 0x90, 0x00, 0x00, 0x00, 0xCC,
    0x00, 0x00, 0x90, 0x00, 0x00, 0x00, 0x50, 0x09, 0x00, 0x00, 0x50, 0x92, 0x90, 0x52, 0x99, 0x29,
    0xB0, 0x29, 0x52, 0x25, 0x55, 0x55, 0x29, 0x22, 0x22, 0x22, 0x92, 0x92, 0x29, 0x22, 0x52, 0x22,
    0x77, 0x52, 0x36, 0x2E, 0x58, 0x85, 0xE3, 0xE3, 0x85, 0x88, 0x25, 0x3E, 0x25, 0x28, 0x12, 0xA1,
    0x25, 0x15, 0x21, 0xF9, 0x55, 0x21, 0x11, 0x29, 0x58, 0x58, 0x52, 0x59, 0x58, 0x82, 0x5B, 0xB8,
    0x92, 0x09, 0x00, 0x00, 0x92, 0x0F, 0x00, 0x00, 0xF9, 0x0B, 0x00, 0x00, 0xBF, 0x00, 0x00, 0x00,
    0xB8, 0x00, 0x00, 0x00, 0x08, 0x00, 0x00, 0x00, 0x08, 0x00, 0x00, 0x00, 0x00, 0x00, 0x00, 0x00,
    0x00, 0x00, 0x00, 0xE0, 0x00, 0x00, 0x00, 0x00, 0x00, 0x00, 0x00, 0x00, 0x00, 0x00, 0x00, 0x00,
    0x00, 0x00, 0x00, 0x00, 0x00, 0x00, 0x00, 0x00, 0x00, 0x00, 0x00, 0x00, 0x00, 0x00, 0x00, 0x00,
    0x36, 0xB7, 0x8E, 0xEB, 0xEF, 0x66, 0xEB, 0x7E, 0x00, 0xEE, 0x63, 0x73, 0x00, 0x00, 0xEE, 0xEE,
    0x00, 0x00, 0x00, 0x00, 0x00, 0x00, 0x00, 0x00, 0x00, 0x00, 0x00, 0x00, 0x00, 0x00, 0x00, 0x00,
    0x8B, 0x52, 0x25, 0x3B, 0x58, 0x28, 0x52, 0x6B, 0x28, 0x58, 0x82, 0x60, 0x58, 0xB2, 0xBB, 0x3E,
    0x71, 0x55, 0x8B, 0x60, 0xE3, 0xBB, 0xFF, 0x06, 0x7C, 0x7E, 0xBB, 0x00, 0xCE, 0xEE, 0x0B, 0x00,
    0xEB, 0xE3, 0x0F, 0x00, 0x37, 0xB6, 0x0F, 0x00, 0xEE, 0xFB, 0x00, 0x00, 0x00, 0x00, 0x00, 0x00,
    0x00, 0x00, 0x00, 0x00, 0x00, 0x00, 0x00, 0x00, 0x00, 0x00, 0x00, 0x00, 0x00, 0x00, 0x00, 0x00,
    0x90, 0x00, 0x00, 0x00, 0x99, 0x00, 0x00, 0x00, 0x52, 0x09, 0x00, 0x00, 0x22, 0x22, 0x05, 0x00,
    0x59, 0x55, 0xB9, 0x09, 0x92, 0x22, 0x52, 0x09, 0x25, 0x92, 0x22, 0x92, 0x59, 0x22, 0x25, 0x92,
};
static const u16 sFrame17[] = {
    0x0007, 0x40DC, 0x81F4, 0x0000, 0x00EC, 0x41F4, 0x0008, 0x40D4, 0x01F4, 0x000C, 0x40EC, 0x0004,
    0x000E, 0x40FC, 0x01F4, 0x0010, 0x80F4, 0x0004, 0x0012, 0x00D4, 0x0004, 0x0014, 0x0000,
};
static const void* const sFrames17[] = { sFrame17 };
static const u8 sTiles18[800] __attribute__((aligned(4))) = {
    0x00, 0x00, 0x00, 0xA0, 0x00, 0x00, 0x00, 0xA0, 0x00, 0x00, 0xB0, 0xFA, 0x00, 0x00, 0xFA, 0xFF,
    0x00, 0xF0, 0xEF, 0xEC, 0xB0, 0x46, 0xBF, 0xFA, 0x4B, 0x44, 0x11, 0xAF, 0x47, 0x41, 0x11, 0xB1,
    0x6B, 0xBE, 0x36, 0xA6, 0x3B, 0xAB, 0x36, 0x33, 0xB6, 0xAB, 0x36, 0x11, 0xB3, 0xBE, 0x33, 0x61,
    0xBC, 0xBB, 0x16, 0xA3, 0xCB, 0x6B, 0xA1, 0xBA, 0xBA, 0xAB, 0xEA, 0xFF, 0xFB, 0xEC, 0xFF, 0xAE,
    0x0F, 0x70, 0x13, 0xC7, 0xF6, 0x00, 0x37, 0xC1, 0xF6, 0x0F, 0x7C, 0x31, 0x77, 0xCB, 0xC0, 0x13,
    0xBB, 0xCB, 0x33, 0x37, 0xFE, 0x3C, 0x31, 0x77, 0xFB, 0x1C, 0x1C, 0x73, 0xFA, 0xCA, 0x13, 0x31,
    0x00, 0x00, 0x00, 0x00, 0x00, 0x00, 0x00, 0x00, 0x0C, 0x00, 0x00, 0x00, 0xC7, 0x00, 0x00, 0x00,
    0xC1, 0x00, 0x00, 0x00, 0x31, 0x0C, 0x00, 0x00, 0x13, 0xC7, 0x00, 0x00, 0x37, 0xC1, 0x00, 0x00,
    0x47, 0x11, 0x11, 0x11, 0x77, 0x14, 0x11, 0x11, 0x7B, 0x11, 0x11, 0x11, 0xB0, 0x14, 0x14, 0x11,
    0xB0, 0x47, 0x14, 0x11, 0x00, 0x7B, 0x44, 0x11, 0x00, 0x67, 0x11, 0x11, 0x00, 0x70, 0x14, 0x11,
    0xBE, 0xFF, 0xBB, 0xBA, 0xEE, 0xFF, 0xAA, 0xAA, 0xE7, 0xEF, 0xAB, 0xBE, 0x71, 0xBE, 0xAA, 0xBB,
    0x71, 0xBE, 0xBA, 0x46, 0x11, 0xE4, 0x4B, 0x44, 0xA4, 0xBF, 0x47, 0x41, 0x74, 0xF6, 0x47, 0x11,
    0xAA, 0xF9, 0x3C, 0x3C, 0xAB, 0xFE, 0xC0, 0x17, 0xEB, 0xEE, 0xCF, 0x73, 0xE7, 0xEE, 0x0F, 0xCC,
    0xE4, 0x7E, 0xCB, 0x00, 0x11, 0x76, 0xBA, 0x00, 0x11, 0x71, 0x0E, 0x00, 0x11, 0x11, 0x0E, 0x00,
    0x73, 0xC1, 0x00, 0x00, 0x73, 0x0C, 0x00, 0x00, 0xCC, 0x00, 0x00, 0x00, 0x00, 0x00, 0x00, 0x00,
    0x00, 0x00, 0x00, 0x00, 0x00, 0x00, 0x00, 0x00, 0x00, 0x00, 0x00, 0x00, 0x00, 0x00, 0x00, 0x00,
    0x00, 0x70, 0x14, 0x44, 0x00, 0x7A, 0x44, 0x77, 0x00, 0x7A, 0x17, 0x74, 0x00, 0x9E, 0x74, 0xA7,
    0x00, 0xEE, 0x98, 0x7B, 0xE0, 0xE6, 0xE8, 0x3B, 0xE0, 0xE6, 0xB9, 0x67, 0xE0, 0x86, 0xBB, 0x63,
    0x77, 0xAA, 0x77, 0x14, 0x74, 0xAA, 0x7B, 0x11, 0xEA, 0x0A, 0xB0, 0x14, 0xE7, 0x0A, 0xB0, 0x47,
    0xE6, 0x00, 0x00, 0x7B, 0x0E, 0x00, 0x00, 0x7B, 0x0E, 0x00, 0x00, 0x7A, 0x00, 0x00, 0x00, 0xBE,
    0x11, 0x11, 0x0E, 0x00, 0x11, 0x11, 0xE7, 0x00, 0x14, 0x11, 0x71, 0xEE, 0x14, 0x11, 0x71, 0xAE,
    0x44, 0x11, 0x11, 0x74, 0x44, 0x14, 0x74, 0xB7, 0x77, 0x44, 0x11, 0xB7, 0x14, 0x71, 0xA7, 0xEB,
    0x00, 0x00, 0x00, 0x00, 0x00, 0x00, 0x00, 0x00, 0x00, 0x00, 0x00, 0x00, 0x0E, 0x00, 0x00, 0x00,
    0x0E, 0x00, 0x00, 0x00, 0x0F, 0x00, 0x00, 0x00, 0x0F, 0x00, 0x00, 0x00, 0xF3, 0x00, 0x00, 0x00,
    0xE0, 0x96, 0x3B, 0xE6, 0x00, 0x6E, 0x63, 0x0E, 0x00, 0xE0, 0xEE, 0x00, 0x00, 0x00, 0x00, 0x00,
    0x00, 0x00, 0x00, 0x00, 0x00, 0x00, 0x00, 0x00, 0x00, 0x00, 0x00, 0x00, 0x00, 0x00, 0x00, 0x00,
    0x00, 0x00, 0x00, 0x00, 0x00, 0x00, 0x00, 0xB0, 0x00, 0x00, 0x00, 0x8F, 0x00, 0x00, 0xE0, 0xBB,
    0x00, 0x00, 0xE0, 0x83, 0x00, 0x00, 0xE0, 0x36, 0x00, 0x00, 0x00, 0x6E, 0x00, 0x00, 0x00, 0xE0,
    0xEE, 0x3A, 0x7E, 0xEE, 0x8B, 0xBE, 0xCC, 0x3E, 0xE8, 0xB8, 0xBE, 0x6E, 0xBB, 0xEB, 0x77, 0x63,
    0xB7, 0xEB, 0x36, 0xBE, 0x73, 0x77, 0xE7, 0x0E, 0x66, 0x63, 0x0E, 0x00, 0xEE, 0xEE, 0x0E, 0x00,
    0xF6, 0x00, 0x00, 0x00, 0xF7, 0x00, 0x00, 0x00, 0x0F, 0x00, 0x00, 0x00, 0x0B, 0x00, 0x00, 0x00,
    0x00, 0x00, 0x00, 0x00, 0x00, 0x00, 0x00, 0x00, 0x00, 0x00, 0x00, 0x00, 0x00, 0x00, 0x00, 0x00,
    0x00, 0x00, 0x00, 0x90, 0x00, 0x00, 0x00, 0x50, 0x00, 0x00, 0x00, 0x50, 0x00, 0x00, 0x90, 0x50,
    0x00, 0x00, 0x20, 0x59, 0x00, 0x00, 0x50, 0x62, 0x00, 0x00, 0x90, 0xC2, 0x00, 0x90, 0x55, 0x39,
    0x00, 0x00, 0x00, 0x00, 0x09, 0x90, 0x00, 0x00, 0x92, 0x50, 0x09, 0x00, 0x22, 0x29, 0x92, 0x90,
    0x22, 0x55, 0xB2, 0x2B, 0x7C, 0xBC, 0x5B, 0xB5, 0x31, 0x95, 0x25, 0xB2, 0x59, 0x95, 0x52, 0x52,
    0x00, 0x00, 0x29, 0xC7, 0x00, 0x00, 0x37, 0x5C, 0x00, 0x00, 0x97, 0x55, 0x00, 0x70, 0x95, 0x22,
    0x00, 0x30, 0x90, 0x52, 0x00, 0x70, 0xF0, 0x5B, 0x00, 0x00, 0x2F, 0xFF, 0x00, 0xF0, 0x1B, 0xF2,
    0x9B, 0x52, 0xBB, 0x29, 0xB5, 0x25, 0xBB, 0x5B, 0x92, 0x59, 0x29, 0xB9, 0xB5, 0xFC, 0x51, 0xB2,
    0xF9, 0x73, 0x17, 0x93, 0xFF, 0x31, 0x37, 0xB1, 0x73, 0x7F, 0xF1, 0x53, 0x13, 0xF7, 0x7F, 0x2F,
    0x00, 0xF0, 0x2B, 0xF5, 0x00, 0xF0, 0xB3, 0xEF, 0x00, 0x00, 0x3F, 0xE3, 0x00, 0x00, 0xF0, 0xE3,
    0x00, 0x00, 0xF0, 0xF6, 0x00, 0x00, 0x00, 0xFB, 0x00, 0x00, 0x00, 0xF0, 0x00, 0x00, 0x00, 0xB0,
    0x3F, 0x11, 0xF7, 0x7B, 0xFB, 0x77, 0x9F, 0x77, 0x19, 0xF1, 0xEE, 0xEA, 0x15, 0x92, 0x1F, 0x61,
    0x29, 0x52, 0x3F, 0x31, 0x5F, 0xB5, 0x36, 0xA3, 0xFF, 0xAA, 0xBB, 0x66, 0x3B, 0xFF, 0x6B, 0xA3,
    0x00, 0x00, 0x00, 0x00, 0x00, 0x00, 0x00, 0x00, 0x00, 0x00, 0x00, 0x00, 0x00, 0x00, 0x00, 0x00,
    0x09, 0x00, 0x00, 0x00, 0x05, 0x00, 0x00, 0x00, 0x99, 0x00, 0x00, 0x00, 0x5B, 0x09, 0x00, 0x00,
    0x2B, 0x92, 0x00, 0x00, 0xB5, 0x92, 0x00, 0x00, 0x92, 0x99, 0x00, 0x00, 0x25, 0x99, 0x00, 0x00,
    0x25, 0x59, 0x09, 0x00, 0x92, 0x09, 0x00, 0x00, 0xB9, 0x09, 0x00, 0x00, 0xC7, 0x95, 0x00, 0x00,
    0xC7, 0x0B, 0x00, 0x00, 0x33, 0x0C, 0x00, 0x00, 0x13, 0xC7, 0x00, 0x00, 0x3E, 0xC1, 0x00, 0x00,
    0xE6, 0x31, 0x0C, 0x00, 0xE6, 0x13, 0xC7, 0x00, 0xFE, 0x37, 0xC1, 0x00, 0x0F, 0x70, 0x31, 0x0C,
};
static const u16 sFrame18[] = {
    0x0005, 0x00E0, 0x81F0, 0x0000, 0x00C8, 0x41F0, 0x0010, 0x40D8, 0x01F0, 0x0014, 0x80C8, 0x0000,
    0x0016, 0x00D8, 0x0000, 0x0018, 0x0000,
};
static const void* const sFrames18[] = { sFrame18 };
static const u8 sTiles19[1056] __attribute__((aligned(4))) = {
    0x00, 0x00, 0x00, 0x00, 0x00, 0x00, 0x00, 0x00, 0x00, 0x00, 0x00, 0x00, 0x00, 0x00, 0x00, 0x00,
    0x00, 0x00, 0x00, 0x00, 0x00, 0x00, 0x00, 0x00, 0x00, 0x00, 0x00, 0x00, 0x00, 0x00, 0x90, 0x99,
    0x00, 0x00, 0x00, 0xC0, 0x00, 0x00, 0x00, 0x3C, 0x00, 0x00, 0xC0, 0x13, 0x00, 0x00, 0x7C, 0x31,
    0x00, 0x00, 0x1C, 0x73, 0x00, 0xC0, 0x13, 0x57, 0x00, 0x3C, 0x71, 0x5B, 0xC0, 0x13, 0x73, 0x59,
    0x31, 0xCC, 0x7C, 0xC3, 0xC1, 0x00, 0xC0, 0xCC, 0x07, 0x00, 0x00, 0x00, 0x07, 0x00, 0x00, 0x00,
    0x09, 0x90, 0x00, 0x00, 0x92, 0x50, 0x09, 0x00, 0x22, 0x29, 0x92, 0x90, 0x22, 0x55, 0x22, 0x29,
    0x00, 0x00, 0x00, 0x00, 0x00, 0x00, 0x00, 0x00, 0x00, 0x00, 0x00, 0x00, 0x00, 0x00, 0x00, 0x00,
    0x00, 0x00, 0x00, 0x00, 0x00, 0x00, 0x00, 0x00, 0x00, 0x00, 0x00, 0x00, 0x09, 0x00, 0x00, 0x00,
    0x00, 0x00, 0x59, 0x55, 0x00, 0x90, 0x25, 0x22, 0x00, 0x59, 0x52, 0xB9, 0x90, 0x22, 0x59, 0xF2,
    0x25, 0x95, 0x29, 0x37, 0x25, 0x99, 0x35, 0x13, 0x29, 0x95, 0x17, 0x73, 0x90, 0x52, 0xFF, 0x77,
    0xCB, 0x77, 0xBC, 0x52, 0x59, 0xC7, 0x9B, 0x52, 0x25, 0x95, 0xBB, 0x29, 0x59, 0x29, 0xB5, 0x52,
    0x9F, 0x5B, 0x52, 0x2B, 0x7F, 0xF3, 0x95, 0x5B, 0x1F, 0xF3, 0xB9, 0x95, 0x33, 0xF7, 0xB9, 0x99,
    0x22, 0x25, 0x55, 0x25, 0x22, 0x29, 0x22, 0x52, 0x59, 0x95, 0x92, 0x22, 0x25, 0x22, 0x25, 0x92,
    0x25, 0x52, 0x52, 0x29, 0x22, 0x29, 0x22, 0x22, 0x95, 0x25, 0x29, 0x29, 0x52, 0x92, 0x25, 0x95,
    0x05, 0x00, 0x00, 0x00, 0x99, 0x00, 0x00, 0x00, 0x52, 0x09, 0x00, 0x00, 0x22, 0x92, 0x00, 0x00,
    0x25, 0x92, 0x00, 0x00, 0x55, 0x99, 0x00, 0x00, 0x52, 0x92, 0x0B, 0x00, 0x95, 0x55, 0x09, 0x00,
    0x00, 0x00, 0x00, 0x00, 0x00, 0x00, 0x00, 0x00, 0x00, 0x00, 0x00, 0x00, 0x00, 0x00, 0x00, 0x00,
    0x00, 0x00, 0x00, 0x00, 0x00, 0x00, 0x00, 0x00, 0x00, 0x00, 0x00, 0x00, 0x00, 0x00, 0x00, 0xE0,
    0x00, 0xB0, 0x14, 0x14, 0x00, 0xB0, 0x47, 0x14, 0x00, 0x00, 0x7B, 0x44, 0x00, 0x00, 0x7B, 0x44,
    0x00, 0x00, 0x7A, 0x77, 0x00, 0xE0, 0xBE, 0x14, 0xB0, 0x8B, 0x7E, 0xAA, 0x8B, 0xE8, 0xBE, 0xBB,
    0x11, 0x71, 0x7E, 0x14, 0x11, 0x71, 0x7E, 0x47, 0x11, 0x11, 0xB4, 0x17, 0x14, 0x74, 0xB7, 0x4B,
    0x44, 0x11, 0xB7, 0x7B, 0x71, 0xA7, 0xEB, 0xB0, 0xEA, 0x7E, 0xFE, 0xB0, 0x76, 0x63, 0xF7, 0xA0,
    0x11, 0x11, 0xE1, 0x00, 0x11, 0x11, 0xE1, 0x00, 0x11, 0x11, 0x71, 0x0E, 0x41, 0x11, 0x11, 0xE7,
    0x44, 0x11, 0x11, 0xE7, 0x47, 0x14, 0x11, 0x41, 0x47, 0x44, 0x41, 0x71, 0x77, 0x47, 0x14, 0x71,
    0x00, 0x00, 0x00, 0x3E, 0x00, 0x00, 0x00, 0x6E, 0x00, 0x00, 0x00, 0xE0, 0x00, 0x00, 0x00, 0x00,
    0x00, 0x00, 0x00, 0x00, 0x00, 0x00, 0x00, 0x00, 0x00, 0x00, 0x00, 0x00, 0x00, 0x00, 0x00, 0x00,
    0xB8, 0xBB, 0xEB, 0xB7, 0x73, 0xBB, 0x7E, 0x76, 0x36, 0x77, 0x37, 0x37, 0x6E, 0x36, 0xE6, 0xEE,
    0xE0, 0xEE, 0x0E, 0x00, 0x00, 0x00, 0x00, 0x00, 0x00, 0x00, 0x00, 0x00, 0x00, 0x00, 0x00, 0x00,
    0x63, 0x76, 0x0F, 0x00, 0x66, 0xF3, 0x00, 0x00, 0xBE, 0x0B, 0x00, 0x00, 0x00, 0x00, 0x00, 0x00,
    0x00, 0x00, 0x00, 0x00, 0x00, 0x00, 0x00, 0x00, 0x00, 0x00, 0x00, 0x00, 0x00, 0x00, 0x00, 0x00,
    0x4B, 0x11, 0x11, 0x11, 0x7B, 0x44, 0x11, 0x74, 0xB0, 0x47, 0x44, 0x11, 0xB0, 0x7A, 0x47, 0xA7,
    0x00, 0xBE, 0x14, 0xEE, 0x00, 0x7E, 0xAA, 0xEE, 0x00, 0xE0, 0xE9, 0xEE, 0x00, 0xE0, 0x8E, 0xB9,
    0x71, 0x7F, 0xBF, 0x59, 0x5F, 0x37, 0x0F, 0x8B, 0x37, 0x71, 0xF9, 0x6B, 0x13, 0x5F, 0xF2, 0xFF,
    0xFF, 0xFB, 0x6F, 0x36, 0x00, 0xAF, 0xEA, 0x3E, 0x37, 0xF7, 0xAF, 0x66, 0x00, 0x00, 0xBF, 0xFF,
    0x89, 0x99, 0x59, 0x29, 0xBB, 0x88, 0x29, 0x29, 0x66, 0x8B, 0x98, 0x92, 0x66, 0xEB, 0x9E, 0x59,
    0x11, 0x46, 0xEA, 0xEE, 0x13, 0x6A, 0x44, 0xFA, 0x36, 0x31, 0x6A, 0xEE, 0x36, 0x63, 0x13, 0xF6,
    0x00, 0x00, 0x00, 0xF0, 0x00, 0x00, 0x00, 0x00, 0x00, 0x00, 0x00, 0xF0, 0x00, 0x00, 0x00, 0xF0,
    0x00, 0x00, 0x00, 0xF0, 0x00, 0x00, 0x00, 0xF0, 0x00, 0x00, 0x00, 0x6F, 0x00, 0x00, 0x00, 0x6F,
    0x6F, 0x33, 0x11, 0x66, 0x6B, 0x36, 0x16, 0x63, 0xB3, 0x36, 0x63, 0xEE, 0xB3, 0x16, 0x34, 0xE6,
    0xB6, 0x36, 0x44, 0x33, 0xF3, 0x16, 0x11, 0x31, 0xFC, 0x16, 0x11, 0x66, 0x6F, 0x11, 0x11, 0xF6,
    0x00, 0x00, 0x00, 0x00, 0x00, 0x00, 0x00, 0x00, 0x00, 0x00, 0x00, 0x00, 0x00, 0x00, 0x00, 0x00,
    0x00, 0x00, 0x00, 0x00, 0x00, 0x00, 0x00, 0x00, 0x00, 0x00, 0x00, 0x00, 0x00, 0x00, 0x00, 0xC0,
    0x00, 0x00, 0xC0, 0x0C, 0x00, 0x00, 0x3C, 0xC1, 0x00, 0xC0, 0x13, 0x73, 0x00, 0x7C, 0x31, 0x17,
    0x00, 0x1C, 0x73, 0x33, 0xC0, 0x13, 0x37, 0x11, 0x3C, 0x71, 0x33, 0x31, 0x17, 0x73, 0x11, 0x77,
    0x00, 0x00, 0xF0, 0xFF, 0x00, 0x00, 0xEF, 0xFC, 0x00, 0xB0, 0x46, 0xC4, 0x00, 0x4B, 0x44, 0x11,
    0x00, 0x47, 0x41, 0x11, 0x00, 0x47, 0x11, 0x11, 0x00, 0x77, 0x14, 0x11, 0x00, 0x7B, 0x11, 0x11,
    0x6F, 0x61, 0x66, 0xFA, 0xBC, 0xE6, 0xEE, 0xFE, 0x7E, 0xEE, 0xFE, 0xEF, 0x76, 0xFE, 0xFE, 0xAE,
    0x71, 0xF3, 0xEF, 0xAB, 0x11, 0xEE, 0xBB, 0x4E, 0x11, 0xFE, 0xEB, 0x44, 0x11, 0xE7, 0x7F, 0x14,
    0x00, 0x6E, 0x8E, 0xBE, 0x00, 0x6E, 0x9E, 0x7B, 0x00, 0x6E, 0xB8, 0x3B, 0x00, 0x6E, 0xB9, 0x63,
    0x00, 0xE0, 0x36, 0xE6, 0x00, 0x00, 0xEE, 0x0E, 0x00, 0x00, 0x00, 0x00, 0x00, 0x00, 0x00, 0x00,
    0xE3, 0x00, 0x00, 0x00, 0xE6, 0x00, 0x00, 0x00, 0xF6, 0x00, 0x00, 0x00, 0x0E, 0x00, 0x00, 0x00,
    0x00, 0x00, 0x00, 0x00, 0x00, 0x00, 0x00, 0x00, 0x00, 0x00, 0x00, 0x00, 0x00, 0x00, 0x00, 0x00,
    0x99, 0x89, 0x08, 0x00, 0x25, 0x99, 0x00, 0x00, 0x95, 0x95, 0x00, 0x00, 0x09, 0x0B, 0x00, 0x00,
    0x00, 0x00, 0x00, 0x00, 0x00, 0x00, 0x00, 0x00, 0x00, 0x00, 0x00, 0x00, 0x0E, 0x00, 0x00, 0x00,
    0x0E, 0x00, 0x00, 0x00, 0x0F, 0x00, 0x00, 0x00, 0x0F, 0x00, 0x00, 0x00, 0xFE, 0x00, 0x00, 0x00,
    0xFE, 0x0B, 0x00, 0x00, 0xEE, 0xB6, 0x00, 0x00, 0x6A, 0xFA, 0x00, 0x00, 0xEF, 0x0F, 0x00, 0x00,
    0x00, 0x00, 0x00, 0x00, 0x00, 0x00, 0x00, 0x00, 0x00, 0x00, 0x00, 0x00, 0x00, 0x00, 0x00, 0x00,
    0x00, 0x00, 0x00, 0x00, 0x00, 0x00, 0x00, 0x00, 0xEE, 0x00, 0x00, 0x00, 0xAE, 0x0E, 0x00, 0x00,
    0x74, 0x0E, 0x00, 0x00, 0xB7, 0xFF, 0x00, 0x00, 0xB7, 0x7E, 0x0F, 0x00, 0xEB, 0x7E, 0x0F, 0x00,
    0xEE, 0x77, 0x0F, 0x00, 0xEE, 0xF7, 0x00, 0x00, 0x7A, 0x0E, 0x00, 0x00, 0x67, 0x0E, 0x00, 0x00,
    0x00, 0x00, 0x00, 0x00, 0x00, 0x00, 0x00, 0x00, 0x0C, 0x00, 0x00, 0x00, 0xC3, 0x00, 0x00, 0x00,
    0x71, 0x0C, 0x00, 0x00, 0x37, 0x0C, 0x00, 0x00, 0xCC, 0x00, 0x00, 0x00, 0x00, 0x00, 0x00, 0x00,
    0xB0, 0x95, 0x7F, 0x13, 0x00, 0x9B, 0xF2, 0x37, 0x00, 0x30, 0x5B, 0xFF, 0x00, 0x70, 0x0F, 0xF0,
    0x00, 0x00, 0x77, 0x00, 0x00, 0x00, 0x30, 0x77, 0x00, 0x00, 0x00, 0x00, 0x00, 0x00, 0x00, 0x00,
    0xEE, 0xFE, 0x00, 0x00, 0xBF, 0xFF, 0x00, 0x00, 0xFA, 0xBA, 0x0F, 0x00, 0xAA, 0xBF, 0x0E, 0x00,
    0xAB, 0xEA, 0x0E, 0x00, 0xEC, 0xB7, 0x0C, 0x00, 0x11, 0x7B, 0xBA, 0x00, 0x14, 0x11, 0xE7, 0x00,
};
static const u16 sFrame19[] = {
    0x000B, 0x40C7, 0x81E5, 0x0000, 0x40EF, 0x81E5, 0x0008, 0x00D7, 0x41ED, 0x0010, 0x40BF, 0x01ED,
    0x0014, 0x40E7, 0x01ED, 0x0016, 0x40FF, 0x01FD, 0x0018, 0x80D7, 0x01FD, 0x001A, 0x80EF, 0x0005,
    0x001C, 0x00BF, 0x01FD, 0x001E, 0x00D7, 0x01E5, 0x001F, 0x00E7, 0x01FD, 0x0020, 0x0000,
};
static const void* const sFrames19[] = { sFrame19 };
static const u8 sTiles20[960] __attribute__((aligned(4))) = {
    0x00, 0x00, 0x00, 0x00, 0x00, 0x00, 0x00, 0x00, 0x00, 0x00, 0x00, 0x00, 0x00, 0x00, 0x00, 0x00,
    0x00, 0x00, 0x00, 0x00, 0x77, 0x00, 0x00, 0x00, 0x31, 0x77, 0x0C, 0x90, 0x13, 0x11, 0xC7, 0x5B,
    0x00, 0x00, 0x90, 0x22, 0x00, 0x00, 0x59, 0x52, 0x00, 0x00, 0x00, 0x59, 0x00, 0x00, 0x90, 0x22,
    0x00, 0x00, 0x29, 0x22, 0x59, 0x95, 0x59, 0x55, 0x25, 0x22, 0x55, 0x99, 0x92, 0x59, 0x22, 0x52,
    0x25, 0x52, 0x22, 0x59, 0x22, 0x29, 0x25, 0x92, 0x95, 0x25, 0x92, 0x25, 0x22, 0x25, 0x22, 0x59,
    0x22, 0x59, 0x25, 0x25, 0x55, 0x52, 0x52, 0x99, 0x22, 0x29, 0x92, 0x95, 0x95, 0x99, 0x25, 0x29,
    0x22, 0x22, 0x55, 0x99, 0x29, 0x29, 0x52, 0x92, 0x25, 0x95, 0x95, 0x55, 0x59, 0x29, 0x99, 0x09,
    0x29, 0x29, 0x25, 0xE9, 0x99, 0x92, 0x95, 0x95, 0x95, 0x59, 0xF9, 0xEA, 0x92, 0x95, 0x6E, 0x6E,
    0xCC, 0x37, 0x77, 0x95, 0x00, 0xCC, 0x5C, 0x22, 0x00, 0x00, 0x9B, 0x55, 0x00, 0x00, 0x5B, 0xB9,
    0x00, 0x00, 0x59, 0xB5, 0x00, 0x00, 0x59, 0x52, 0x00, 0x00, 0xB0, 0x25, 0x00, 0x00, 0x00, 0xB0,
    0xB5, 0x52, 0xBB, 0x25, 0xF9, 0x17, 0x73, 0xFB, 0x9F, 0x3F, 0xB1, 0x3F, 0x7B, 0xF3, 0xF3, 0x17,
    0x79, 0x71, 0x37, 0x15, 0xF9, 0x37, 0xF7, 0x3F, 0x52, 0xF9, 0xFF, 0xF7, 0x29, 0x52, 0x59, 0x92,
    0x22, 0x59, 0xFF, 0xFF, 0x5F, 0x29, 0xAF, 0x11, 0x9B, 0x99, 0x7F, 0x34, 0x2B, 0x21, 0xEF, 0x43,
    0x57, 0x95, 0xAF, 0x4A, 0x71, 0x0F, 0xFF, 0x7F, 0xFF, 0x03, 0x00, 0xF0, 0x00, 0x07, 0x00, 0x77,
    0xFF, 0xFF, 0x14, 0x64, 0x11, 0x4F, 0x11, 0x41, 0x11, 0x11, 0x11, 0x41, 0x33, 0x11, 0x11, 0x64,
    0x14, 0x33, 0x11, 0x77, 0x14, 0x63, 0x44, 0x36, 0xEE, 0x7E, 0xA3, 0x43, 0x7E, 0xE4, 0x36, 0xE6,
    0x00, 0x70, 0x37, 0x77, 0x00, 0xF0, 0xEE, 0x17, 0x00, 0xBF, 0x8B, 0xAB, 0xE0, 0x8B, 0xE8, 0xB8,
    0x3E, 0xB8, 0xBB, 0xBB, 0x6E, 0x73, 0xBB, 0xEE, 0xE0, 0x36, 0x77, 0x77, 0x00, 0x6E, 0x36, 0x36,
    0x14, 0x44, 0xAF, 0xAE, 0x41, 0x74, 0xE7, 0xAE, 0x77, 0x11, 0xB4, 0xBF, 0xEB, 0xEE, 0xFE, 0xEE,
    0xEB, 0xEE, 0x7C, 0x7F, 0xB7, 0xEA, 0x7E, 0xF3, 0xB6, 0x76, 0x63, 0xF7, 0x77, 0x63, 0x76, 0x0F,
    0xBA, 0xAB, 0x71, 0xFE, 0xEB, 0x44, 0x11, 0xFE, 0x44, 0x14, 0x11, 0xEE, 0x14, 0x14, 0x11, 0xE7,
    0x14, 0x11, 0xE1, 0x7F, 0x47, 0x44, 0x11, 0x11, 0x47, 0x14, 0x14, 0x14, 0xBF, 0x44, 0x77, 0x44,
    0x00, 0x00, 0x00, 0x00, 0xEE, 0x00, 0x00, 0x00, 0x7A, 0xBB, 0x00, 0x00, 0x4E, 0x77, 0x0B, 0x00,
    0x17, 0x17, 0xFA, 0xFF, 0x14, 0x14, 0xE7, 0xFE, 0x11, 0x44, 0xC1, 0x77, 0x11, 0x74, 0xC4, 0xF7,
    0x00, 0xE0, 0xEE, 0xEE, 0x00, 0x00, 0x00, 0x00, 0x00, 0x00, 0x00, 0x00, 0x00, 0x00, 0x00, 0x00,
    0x00, 0x00, 0x00, 0x00, 0x00, 0x00, 0x00, 0x00, 0x00, 0x00, 0x00, 0x00, 0x00, 0x00, 0x00, 0x00,
    0x3E, 0x66, 0xF3, 0x0F, 0xE0, 0xBE, 0xFB, 0x00, 0x00, 0x00, 0x00, 0x00, 0x00, 0x00, 0x00, 0x00,
    0x00, 0x00, 0x00, 0x00, 0x00, 0x00, 0x00, 0x00, 0x00, 0x00, 0x00, 0x00, 0x00, 0x00, 0x00, 0x00,
    0x90, 0x7B, 0x7A, 0x47, 0x00, 0xE0, 0x7E, 0x7A, 0x00, 0xE0, 0xEF, 0xEE, 0x00, 0xE0, 0x86, 0xCC,
    0x00, 0xE0, 0x96, 0xBB, 0x00, 0xE0, 0x63, 0xEE, 0x00, 0x00, 0xAE, 0xE3, 0x00, 0x00, 0xE0, 0x6E,
    0x44, 0x74, 0xAB, 0xF3, 0x47, 0xA7, 0x7E, 0xFE, 0x74, 0xBB, 0x67, 0x0E, 0xBB, 0xBE, 0xE3, 0x00,
    0xB9, 0x7B, 0xE6, 0x00, 0xBE, 0x63, 0x0F, 0x00, 0x3E, 0xE6, 0x00, 0x00, 0x63, 0x0E, 0x00, 0x00,
    0x00, 0x00, 0x00, 0x00, 0x00, 0x00, 0x00, 0x00, 0x00, 0x00, 0x00, 0x00, 0x00, 0x00, 0x00, 0x00,
    0x00, 0xC0, 0x0C, 0x00, 0x00, 0x7C, 0xC1, 0x0C, 0xC0, 0x17, 0x7C, 0xC3, 0xC0, 0x33, 0x13, 0xC1,
    0x00, 0x00, 0x00, 0x00, 0x00, 0x00, 0x00, 0x00, 0x00, 0x00, 0x00, 0x00, 0x00, 0x00, 0x00, 0x00,
    0x00, 0x00, 0x00, 0x00, 0x00, 0x00, 0x00, 0x00, 0xCC, 0x00, 0x00, 0x00, 0x73, 0x0C, 0x00, 0x00,
    0x1C, 0x77, 0x33, 0x31, 0x3C, 0x11, 0x73, 0x37, 0xC0, 0x7C, 0x13, 0x71, 0x00, 0xC0, 0xCC, 0x13,
    0x00, 0x00, 0x00, 0xCC, 0x00, 0x00, 0x00, 0x00, 0x00, 0x00, 0x00, 0x00, 0x00, 0x00, 0x00, 0x00,
    0x71, 0x0C, 0x00, 0x00, 0xC1, 0x00, 0x00, 0x00, 0xC7, 0x07, 0x00, 0x00, 0x31, 0x73, 0x07, 0x00,
    0x37, 0x11, 0x73, 0x77, 0xCC, 0x3C, 0x11, 0x31, 0x00, 0xC0, 0x7C, 0x13, 0x00, 0x00, 0xC0, 0xCC,
    0x00, 0x00, 0x00, 0x00, 0x00, 0x00, 0x00, 0x00, 0x00, 0x00, 0x00, 0x00, 0x00, 0x00, 0x00, 0x00,
    0x00, 0x00, 0x00, 0x90, 0x00, 0x00, 0x00, 0x29, 0x00, 0x00, 0x00, 0x90, 0x00, 0x00, 0x00, 0x29,
    0x00, 0x00, 0x00, 0x00, 0x00, 0x00, 0x00, 0x90, 0x00, 0x90, 0x99, 0x59, 0x90, 0x25, 0x52, 0x95,
    0x95, 0x22, 0x55, 0x52, 0x52, 0x92, 0x22, 0x92, 0x25, 0x22, 0x29, 0x59, 0x25, 0x29, 0x25, 0x22,
    0x00, 0x00, 0x00, 0xE0, 0x00, 0x00, 0x00, 0x00, 0x00, 0x00, 0x00, 0x00, 0x00, 0x00, 0x00, 0x00,
    0x00, 0x00, 0x00, 0x00, 0x00, 0x00, 0x00, 0x00, 0x00, 0x00, 0x00, 0x00, 0x00, 0x00, 0x00, 0x00,
    0xEE, 0x00, 0x00, 0x00, 0x00, 0x00, 0x00, 0x00, 0x00, 0x00, 0x00, 0x00, 0x00, 0x00, 0x00, 0x00,
    0x00, 0x00, 0x00, 0x00, 0x00, 0x00, 0x00, 0x00, 0x00, 0x00, 0x00, 0x00, 0x00, 0x00, 0x00, 0x00,
    0x00, 0x00, 0x00, 0x00, 0x00, 0x00, 0x00, 0x00, 0x09, 0x00, 0x00, 0x00, 0x00, 0x00, 0x00, 0x00,
    0x00, 0x00, 0x00, 0x00, 0x0F, 0x00, 0x00, 0x00, 0xFA, 0x0F, 0x00, 0x00, 0x76, 0xF3, 0xFF, 0x00,
    0xAE, 0xA7, 0x76, 0x0F, 0x47, 0x43, 0x33, 0x0E, 0x37, 0x4A, 0xE3, 0x00, 0xA4, 0xF4, 0xFE, 0x00,
    0x43, 0xBF, 0xFC, 0x00, 0xF3, 0xAA, 0xEF, 0x0F, 0xBE, 0xFA, 0xEA, 0xCB, 0xFF, 0xAA, 0x7E, 0xBA,
    0x00, 0x00, 0x00, 0x00, 0x00, 0x00, 0x00, 0x00, 0x00, 0x00, 0x00, 0x00, 0x00, 0x00, 0x00, 0x00,
    0x00, 0x00, 0x00, 0x00, 0x00, 0x00, 0x00, 0x00, 0x0F, 0x00, 0x00, 0x00, 0x0F, 0x00, 0x00, 0x00,
    0x0F, 0x00, 0x00, 0x00, 0x00, 0x00, 0x00, 0x00, 0x00, 0x00, 0x00, 0x00, 0x00, 0x00, 0x00, 0x00,
    0x00, 0x00, 0x00, 0x00, 0x00, 0x00, 0x00, 0x00, 0x00, 0x00, 0x00, 0x00, 0x00, 0x00, 0x00, 0x00,
    0x09, 0x00, 0x00, 0x00, 0x92, 0x90, 0x00, 0x00, 0x22, 0x29, 0x09, 0x00, 0x55, 0x25, 0x05, 0x00,
    0x22, 0x52, 0x99, 0x00, 0x92, 0x22, 0x52, 0x09, 0x25, 0x92, 0x22, 0x92, 0x52, 0x29, 0x25, 0x92,
    0xB0, 0x29, 0x22, 0x95, 0x00, 0x90, 0x55, 0x09, 0x00, 0x00, 0x00, 0x00, 0x00, 0x00, 0x00, 0x00,
    0x00, 0x00, 0x00, 0x00, 0x00, 0x00, 0x00, 0x00, 0x00, 0x00, 0x00, 0x00, 0x00, 0x00, 0x00, 0x00,
};
static const u16 sFrame20[] = {
    0x0009, 0x40E2, 0x81E3, 0x0000, 0x40F2, 0x81F3, 0x0008, 0x00DA, 0x41D3, 0x0010, 0x40DA, 0x01EB,
    0x0014, 0x4002, 0x0003, 0x0016, 0x80E2, 0x0003, 0x0018, 0x80F2, 0x0013, 0x001A, 0x00DA, 0x01FB,
    0x001C, 0x00F2, 0x01EB, 0x001D, 0x0000,
};
static const void* const sFrames20[] = { sFrame20 };
static const u8 sTiles21[800] __attribute__((aligned(4))) = {
    0x00, 0x00, 0x00, 0x00, 0x00, 0x00, 0x00, 0x00, 0x00, 0x00, 0x00, 0x00, 0x00, 0x00, 0x00, 0x00,
    0x00, 0x00, 0x00, 0x00, 0x00, 0x00, 0x00, 0x00, 0x00, 0x00, 0x00, 0x90, 0x00, 0x00, 0x00, 0x00,
    0x00, 0x00, 0x00, 0x00, 0x00, 0x00, 0x00, 0x00, 0x00, 0x00, 0x99, 0x99, 0x00, 0x90, 0x22, 0x29,
    0x00, 0x59, 0x22, 0x55, 0x59, 0x29, 0x52, 0x25, 0x22, 0x25, 0x29, 0x22, 0x59, 0x22, 0x92, 0x92,
    0x90, 0x00, 0x00, 0x00, 0x59, 0x09, 0x00, 0x00, 0x29, 0x92, 0x90, 0x00, 0x55, 0x22, 0x29, 0x09,
    0x25, 0x55, 0x25, 0x05, 0x29, 0x22, 0x52, 0x99, 0x95, 0x92, 0x22, 0x52, 0x22, 0x25, 0x92, 0x22,
    0x00, 0x00, 0x00, 0x00, 0x00, 0x00, 0x00, 0x00, 0x00, 0x00, 0x00, 0x00, 0x00, 0x00, 0x00, 0x00,
    0x00, 0x00, 0x00, 0x00, 0x00, 0x00, 0x00, 0x00, 0x09, 0x00, 0x00, 0x00, 0x92, 0x00, 0x00, 0x00,
    0x00, 0x00, 0x00, 0x90, 0x00, 0x00, 0x00, 0x29, 0x00, 0x00, 0x90, 0x25, 0x00, 0x00, 0x00, 0x90,
    0x00, 0x00, 0x00, 0x29, 0x00, 0x00, 0x90, 0x22, 0x00, 0x00, 0x59, 0x55, 0x00, 0x00, 0x00, 0x00,
    0x52, 0x92, 0x52, 0x22, 0x52, 0x22, 0x25, 0x92, 0x25, 0x92, 0x52, 0x22, 0x55, 0x59, 0x22, 0x59,
    0x22, 0x52, 0x22, 0x92, 0x22, 0x92, 0x55, 0x52, 0x55, 0x25, 0x25, 0x95, 0x29, 0x92, 0x22, 0x59,
    0x52, 0x52, 0x29, 0x25, 0x29, 0x22, 0x22, 0x55, 0x25, 0x29, 0x29, 0x52, 0x92, 0x25, 0x95, 0x95,
    0x25, 0x59, 0x29, 0x99, 0x92, 0x29, 0x29, 0x25, 0x29, 0x99, 0x92, 0x95, 0x59, 0x22, 0x59, 0x69,
    0x92, 0x00, 0x00, 0x00, 0x99, 0x0B, 0x00, 0x00, 0x92, 0xF9, 0x00, 0x00, 0x55, 0xE9, 0x00, 0x00,
    0xB9, 0x0E, 0x00, 0x00, 0xE9, 0xEE, 0x0F, 0x00, 0x95, 0xF6, 0xFF, 0x0F, 0x3B, 0xF6, 0xAA, 0xF6,
    0x00, 0x00, 0x00, 0x90, 0x00, 0x00, 0x00, 0x00, 0x00, 0x00, 0x00, 0x00, 0x00, 0x00, 0x00, 0x00,
    0x00, 0x00, 0x00, 0x00, 0x00, 0x00, 0x00, 0x00, 0x00, 0x00, 0x00, 0x00, 0x00, 0x00, 0x00, 0x90,
    0x52, 0x59, 0x92, 0x52, 0x00, 0x50, 0x09, 0x59, 0x00, 0x90, 0x00, 0x90, 0x00, 0x00, 0x00, 0x90,
    0x00, 0x00, 0x99, 0x55, 0x90, 0x59, 0x25, 0xFF, 0x59, 0x22, 0xB9, 0x73, 0x22, 0x95, 0xBF, 0xF1,
    0x59, 0x89, 0x9F, 0x14, 0x19, 0xF2, 0x43, 0x34, 0x90, 0x4F, 0x33, 0x44, 0xF9, 0x33, 0x63, 0x11,
    0x95, 0x63, 0x33, 0x63, 0x92, 0x33, 0x63, 0x66, 0x29, 0x65, 0x64, 0xFF, 0x15, 0x92, 0xF4, 0x59,
    0x11, 0x63, 0x43, 0x64, 0x11, 0x64, 0x11, 0xA1, 0x44, 0x11, 0x41, 0x64, 0x3F, 0x33, 0x66, 0x46,
    0x64, 0x66, 0x44, 0x64, 0xFF, 0x4F, 0x64, 0xFA, 0x6F, 0x64, 0xE6, 0xFE, 0xE9, 0xEA, 0xFE, 0xBF,
    0x00, 0x00, 0x00, 0x90, 0x00, 0x00, 0xC0, 0xBC, 0x70, 0x77, 0x77, 0xB7, 0x37, 0x13, 0x31, 0x77,
    0x11, 0x31, 0xC7, 0xCC, 0xCC, 0xCC, 0x0C, 0x00, 0x00, 0x00, 0x00, 0x00, 0x00, 0x00, 0x00, 0x00,
    0x52, 0x29, 0xF3, 0x17, 0x95, 0xFB, 0x73, 0x5F, 0x25, 0x7B, 0x3F, 0x71, 0x22, 0xB9, 0x7F, 0xF7,
    0x5B, 0x95, 0x99, 0x55, 0x90, 0x25, 0x25, 0x52, 0x00, 0x59, 0x95, 0xB9, 0x00, 0x00, 0x00, 0x00,
    0x99, 0xBB, 0xCF, 0x29, 0x73, 0xBF, 0xCC, 0x5C, 0xFF, 0x95, 0xEC, 0x9E, 0x5B, 0x52, 0xE9, 0xEE,
    0x22, 0x52, 0xE9, 0xEE, 0x95, 0xB9, 0x37, 0x37, 0xBB, 0xFB, 0xFF, 0xFF, 0x00, 0x00, 0x00, 0xF0,
    0xB5, 0xBB, 0xAF, 0xBC, 0x22, 0x95, 0xFB, 0xEA, 0x95, 0xBE, 0xFB, 0x4E, 0xEE, 0xEE, 0xEB, 0x14,
    0xEE, 0xCE, 0x7E, 0x14, 0xEE, 0x7E, 0x73, 0x47, 0x77, 0x77, 0xBF, 0x47, 0xFF, 0xFF, 0x00, 0x90,
    0xAC, 0xEB, 0xAE, 0xB7, 0x44, 0xEE, 0xE7, 0x74, 0x14, 0x61, 0x77, 0x71, 0x14, 0x11, 0x17, 0x41,
    0x11, 0x11, 0x11, 0x41, 0x11, 0x11, 0x11, 0x44, 0x17, 0x11, 0x44, 0x44, 0x7B, 0x77, 0x47, 0x77,
    0x0B, 0x00, 0x00, 0x00, 0xB7, 0x00, 0x00, 0x00, 0xA1, 0x0B, 0x00, 0x00, 0x71, 0xFE, 0x0F, 0x00,
    0x14, 0xEA, 0xFE, 0x00, 0x17, 0xEA, 0xAE, 0x0F, 0x47, 0xBA, 0x7E, 0x0F, 0xB7, 0xBB, 0x36, 0x0F,
    0xB0, 0xBE, 0x7B, 0xBB, 0xE0, 0x86, 0xBB, 0x98, 0xE0, 0x96, 0xBB, 0xB9, 0xE0, 0x63, 0xEE, 0xBE,
    0x00, 0xAE, 0xE3, 0x3E, 0x00, 0xE0, 0x6E, 0x63, 0x00, 0x00, 0xE0, 0xEE, 0x00, 0x00, 0x00, 0x00,
    0xBA, 0x6B, 0xFE, 0x00, 0xBE, 0xE3, 0x0F, 0x00, 0x7B, 0xE6, 0x00, 0x00, 0x63, 0x0F, 0x00, 0x00,
    0xE6, 0x00, 0x00, 0x00, 0x0E, 0x00, 0x00, 0x00, 0x00, 0x00, 0x00, 0x00, 0x00, 0x00, 0x00, 0x00,
    0x00, 0x00, 0x00, 0x00, 0x00, 0x00, 0xC0, 0xCC, 0xCC, 0xC0, 0x7C, 0x71, 0x1C, 0x7C, 0xC1, 0x17,
    0x3C, 0x73, 0x11, 0x33, 0x7C, 0x31, 0x73, 0x77, 0xC0, 0x77, 0x37, 0x11, 0xC0, 0x17, 0x31, 0xCC,
    0x00, 0x00, 0x00, 0x00, 0x00, 0x00, 0x00, 0x00, 0x0C, 0x00, 0x00, 0x00, 0xC7, 0x00, 0x77, 0x77,
    0x73, 0x77, 0x33, 0x11, 0x37, 0x11, 0x11, 0x73, 0x31, 0xC7, 0xCC, 0xCC, 0xCC, 0x0C, 0x00, 0x00,
    0x00, 0x00, 0x00, 0x00, 0x00, 0x00, 0x00, 0x00, 0x00, 0x00, 0x00, 0x00, 0x00, 0x00, 0x00, 0x00,
    0x00, 0x00, 0x00, 0x00, 0x00, 0x00, 0x00, 0x00, 0xFE, 0x0F, 0x00, 0x00, 0x3F, 0xFA, 0x00, 0x00,
    0x6C, 0xA6, 0x00, 0x00, 0x66, 0xE4, 0x00, 0x00, 0x46, 0xFA, 0x00, 0x00, 0xA4, 0xEF, 0x00, 0x00,
    0xAF, 0xEC, 0x0F, 0x00, 0xAB, 0xBF, 0x0F, 0x00, 0xFA, 0xAA, 0x0F, 0x00, 0xAB, 0xBF, 0xEE, 0x0E,
    0x00, 0xCC, 0xCC, 0x00, 0x00, 0x00, 0x00, 0x00, 0x00, 0x00, 0x00, 0x00, 0x00, 0x00, 0x00, 0x00,
    0x00, 0x00, 0x00, 0x00, 0x00, 0x00, 0x00, 0x00, 0x00, 0x00, 0x00, 0x00, 0x00, 0x00, 0x00, 0x00,
};
static const u16 sFrame21[] = {
    0x0005, 0x00DC, 0x81E4, 0x0000, 0x00F4, 0x4004, 0x0010, 0x40F4, 0x01D4, 0x0014, 0x80E4, 0x0004,
    0x0016, 0x00FC, 0x01D4, 0x0018, 0x0000,
};
static const void* const sFrames21[] = { sFrame21 };
static const u8 sTiles22[768] __attribute__((aligned(4))) = {
    0x00, 0x00, 0x00, 0x00, 0x00, 0x00, 0x00, 0x00, 0x00, 0x00, 0x00, 0x00, 0x00, 0x00, 0x00, 0x00,
    0x00, 0x00, 0x00, 0x00, 0x00, 0x00, 0x00, 0xFB, 0x00, 0xFF, 0xFF, 0x3F, 0xF0, 0xF1, 0xFC, 0x36,
    0x00, 0x90, 0x59, 0x25, 0x00, 0x90, 0x52, 0x22, 0x00, 0x5B, 0x95, 0x95, 0xB0, 0x58, 0x99, 0x29,
    0xFF, 0xBB, 0x29, 0x25, 0x17, 0xEB, 0x95, 0x95, 0x36, 0x63, 0xBC, 0xEE, 0x11, 0xC4, 0xA6, 0x36,
    0x22, 0x95, 0x92, 0x59, 0x52, 0x22, 0x25, 0x25, 0x29, 0x22, 0x22, 0x52, 0x22, 0x95, 0x22, 0x29,
    0x52, 0x29, 0x25, 0x52, 0x25, 0x25, 0x52, 0x99, 0x52, 0x29, 0x25, 0x8B, 0x5E, 0x92, 0x99, 0xB8,
    0x52, 0xB9, 0x00, 0x00, 0x29, 0x92, 0x09, 0x00, 0x52, 0x19, 0xCB, 0xCC, 0x99, 0x3B, 0x11, 0x31,
    0xB9, 0x78, 0x33, 0x13, 0x0B, 0x0B, 0x77, 0x77, 0x0B, 0x00, 0x00, 0x00, 0x0B, 0x00, 0x00, 0x00,
    0x6F, 0xAF, 0xFC, 0x63, 0x14, 0xCF, 0xF7, 0x14, 0x11, 0xF4, 0xCA, 0x4F, 0x11, 0xE4, 0xAC, 0x7F,
    0x14, 0x74, 0x7F, 0xFC, 0x11, 0x44, 0xAE, 0xAC, 0x44, 0x7A, 0xCE, 0xCA, 0x74, 0x77, 0xFE, 0x7C,
    0x41, 0x41, 0x67, 0x13, 0x13, 0x43, 0x37, 0x11, 0x37, 0x31, 0x66, 0x13, 0x73, 0xFA, 0x36, 0x17,
    0x6B, 0xFF, 0xBA, 0x63, 0xFF, 0xCE, 0xAF, 0xBB, 0xCC, 0x7A, 0xCC, 0xFF, 0xAC, 0xAC, 0xF7, 0x44,
    0xE3, 0x29, 0x51, 0x0B, 0xE1, 0x8B, 0x08, 0xF0, 0x61, 0xBC, 0xFF, 0x7B, 0xB6, 0x9B, 0x7F, 0x1F,
    0xBB, 0x21, 0x3F, 0x15, 0x2B, 0x92, 0x13, 0x3F, 0x9F, 0xF9, 0xFF, 0xFF, 0x64, 0x0B, 0x00, 0x00,
    0x90, 0xB5, 0x00, 0x00, 0x29, 0x59, 0x0B, 0x00, 0x92, 0x2B, 0x0B, 0x00, 0xF1, 0x97, 0x05, 0x00,
    0xF3, 0x73, 0x00, 0x00, 0x7F, 0xFF, 0x00, 0x00, 0xFF, 0x00, 0x00, 0x00, 0x00, 0x00, 0x00, 0x00,
    0x00, 0x00, 0x00, 0x00, 0x00, 0x00, 0x00, 0x00, 0x0C, 0x00, 0x00, 0x00, 0x77, 0xCC, 0xCC, 0x00,
    0x11, 0x11, 0x73, 0xC7, 0x37, 0x33, 0x11, 0x33, 0x70, 0x77, 0xC7, 0x37, 0x00, 0x00, 0x00, 0x1C,
    0x00, 0x00, 0x00, 0x00, 0x00, 0x00, 0x00, 0x00, 0x00, 0x00, 0x00, 0x00, 0x00, 0x00, 0x00, 0x00,
    0xCC, 0x0C, 0x00, 0x00, 0x13, 0x73, 0xCC, 0x0C, 0x77, 0x37, 0x11, 0xC3, 0x13, 0x31, 0x77, 0xC7,
    0x00, 0x00, 0x00, 0x1C, 0x00, 0x00, 0x00, 0xC0, 0x00, 0x00, 0x00, 0x00, 0x00, 0x00, 0x00, 0x00,
    0x00, 0x00, 0x00, 0x00, 0x00, 0x00, 0x00, 0x00, 0x00, 0x00, 0x00, 0x00, 0x00, 0x00, 0x00, 0x00,
    0x1C, 0xC3, 0x13, 0x0C, 0xC7, 0x7C, 0x71, 0x0C, 0x00, 0xC0, 0xC7, 0x00, 0x00, 0x00, 0x00, 0x00,
    0x00, 0x00, 0x00, 0x00, 0x00, 0x00, 0x00, 0x00, 0x00, 0x00, 0x00, 0x00, 0x00, 0x00, 0x00, 0x00,
    0x77, 0xCB, 0x4F, 0x11, 0xEB, 0xEE, 0x14, 0x11, 0xF0, 0x7E, 0x11, 0x11, 0xF0, 0xEE, 0x17, 0x11,
    0x00, 0x7F, 0x14, 0x11, 0x00, 0x7E, 0x11, 0x41, 0x00, 0x17, 0x11, 0x41, 0xB0, 0x11, 0x11, 0x44,
    0x44, 0xB4, 0x00, 0x00, 0x14, 0x74, 0x00, 0x00, 0x11, 0x74, 0x00, 0x00, 0x41, 0x77, 0x00, 0x00,
    0x11, 0xB7, 0x00, 0x00, 0x41, 0x0B, 0x00, 0x00, 0x74, 0x0B, 0x00, 0x00, 0xB7, 0x00, 0x00, 0x00,
    0x7B, 0x47, 0x41, 0x44, 0x7B, 0x11, 0x44, 0x77, 0xE0, 0x7A, 0x14, 0x77, 0xBF, 0xAE, 0x77, 0xEB,
    0xBF, 0xEB, 0xEB, 0x8B, 0xBF, 0x36, 0x77, 0xBE, 0xFF, 0x6B, 0x63, 0xE7, 0x00, 0xEF, 0x7E, 0x73,
    0xB7, 0x00, 0x00, 0x00, 0xA7, 0x00, 0x00, 0x00, 0xEE, 0x00, 0x00, 0x00, 0xB8, 0x0B, 0x00, 0x00,
    0x8E, 0xB8, 0x0E, 0x00, 0xBB, 0x8B, 0xE3, 0x00, 0xBB, 0x37, 0xE6, 0x00, 0x77, 0x63, 0x0E, 0x00,
    0x00, 0x00, 0x00, 0x00, 0x00, 0x00, 0x00, 0x00, 0x00, 0x00, 0x00, 0x00, 0x00, 0x00, 0x00, 0x25,
    0x00, 0x00, 0xB9, 0x59, 0x00, 0x00, 0x59, 0x22, 0x00, 0x90, 0x22, 0x92, 0x00, 0x90, 0x22, 0x25,
    0x90, 0x00, 0x90, 0x00, 0x90, 0x09, 0x59, 0x00, 0x59, 0x92, 0x52, 0x59, 0x22, 0x22, 0x99, 0x22,
    0x55, 0x29, 0x55, 0x59, 0x92, 0x22, 0x22, 0x22, 0x22, 0x95, 0x92, 0x22, 0x52, 0x29, 0x52, 0x22,
    0x3F, 0xAF, 0x47, 0x11, 0xF0, 0xBF, 0x4B, 0x11, 0x00, 0x3F, 0xAE, 0xA7, 0x00, 0xF0, 0xE7, 0xCC,
    0x00, 0x00, 0x7F, 0xEE, 0x00, 0x00, 0x7F, 0x77, 0x00, 0x00, 0xF0, 0xFF, 0x00, 0x00, 0x00, 0x00,
    0x41, 0xB7, 0x00, 0xCF, 0xA7, 0x0B, 0x00, 0xF0, 0xFB, 0x0B, 0x00, 0x00, 0xFE, 0x0F, 0x00, 0x00,
    0x77, 0x0F, 0x00, 0x00, 0xFF, 0x00, 0x00, 0x00, 0x00, 0x00, 0x00, 0x00, 0x00, 0x00, 0x00, 0x00,
    0x00, 0x00, 0xEF, 0x6E, 0x00, 0x00, 0x00, 0xEF, 0x00, 0x00, 0x00, 0x00, 0x00, 0x00, 0x00, 0x00,
    0x00, 0x00, 0x00, 0x00, 0x00, 0x00, 0x00, 0x00, 0x00, 0x00, 0x00, 0x00, 0x00, 0x00, 0x00, 0x00,
    0x63, 0xE6, 0x0F, 0x00, 0xEE, 0x0E, 0x00, 0x00, 0x00, 0x00, 0x00, 0x00, 0x00, 0x00, 0x00, 0x00,
    0x00, 0x00, 0x00, 0x00, 0x00, 0x00, 0x00, 0x00, 0x00, 0x00, 0x00, 0x00, 0x00, 0x00, 0x00, 0x00,
    0x00, 0x00, 0x00, 0x00, 0x00, 0x00, 0x00, 0x00, 0x92, 0x00, 0x00, 0x00, 0x09, 0x00, 0x00, 0x00,
    0x55, 0x55, 0x09, 0x00, 0x22, 0x92, 0x00, 0x00, 0x22, 0x09, 0x00, 0x00, 0x95, 0x0B, 0x00, 0x00,
    0x00, 0x00, 0x00, 0x00, 0x00, 0x00, 0x00, 0xF0, 0x00, 0x00, 0x00, 0xF0, 0x00, 0x00, 0x00, 0x4B,
    0x00, 0x00, 0xB0, 0x1A, 0x00, 0xF0, 0x7E, 0x44, 0xF0, 0xBF, 0x7E, 0x44, 0x6F, 0xBF, 0x17, 0x47,
};
static const u16 sFrame22[] = {
    0x0008, 0x40DE, 0x81F2, 0x0000, 0x00DE, 0x4012, 0x0008, 0x00EE, 0x41FA, 0x000C, 0x40D6, 0x01FA,
    0x0010, 0x40EE, 0x01EA, 0x0012, 0x40FE, 0x01FA, 0x0014, 0x00D6, 0x000A, 0x0016, 0x00E6, 0x01EA,
    0x0017, 0x0000,
};
static const void* const sFrames22[] = { sFrame22 };
static const u8 sTiles23[1088] __attribute__((aligned(4))) = {
    0x00, 0x00, 0x00, 0xB0, 0x00, 0x00, 0x00, 0x9B, 0x00, 0x00, 0x90, 0x29, 0x00, 0x00, 0xB0, 0x90,
    0x00, 0x00, 0x00, 0xB0, 0x00, 0x00, 0x00, 0x80, 0x00, 0x00, 0x00, 0xB0, 0x00, 0x00, 0x00, 0x00,
    0x59, 0x22, 0x29, 0x59, 0x25, 0x95, 0x52, 0x22, 0x92, 0x52, 0x22, 0x22, 0x25, 0x25, 0x22, 0x59,
    0x99, 0x92, 0x52, 0x92, 0x9B, 0x25, 0x25, 0x52, 0xB0, 0x99, 0x52, 0x92, 0xB0, 0xB8, 0x99, 0x29,
    0x22, 0x52, 0x95, 0x09, 0x25, 0x22, 0x25, 0x09, 0x92, 0x59, 0x59, 0xB5, 0x22, 0x92, 0x99, 0x85,
    0x25, 0x52, 0x92, 0xBB, 0x52, 0x59, 0x59, 0x0B, 0x25, 0x95, 0xFF, 0x00, 0x95, 0xFB, 0xFF, 0x0F,
    0x00, 0x00, 0x00, 0x00, 0x00, 0x00, 0x00, 0x00, 0x00, 0x00, 0x00, 0x00, 0x0B, 0x00, 0x00, 0x00,
    0x00, 0x00, 0x00, 0x00, 0x00, 0x00, 0x00, 0x95, 0x00, 0x00, 0x90, 0x72, 0x00, 0x00, 0xF0, 0x37,
    0xFF, 0xFB, 0xF7, 0x00, 0x13, 0x71, 0x15, 0x97, 0x7F, 0x37, 0x1C, 0x27, 0x73, 0xF3, 0x37, 0x9F,
    0x37, 0x31, 0x7F, 0x5F, 0x52, 0x92, 0xFB, 0x22, 0x22, 0x22, 0x22, 0x52, 0x55, 0x55, 0x95, 0x59,
    0xFF, 0xFE, 0x15, 0x92, 0xB5, 0x7E, 0xEE, 0xAE, 0x21, 0x1E, 0x71, 0x11, 0x55, 0x4E, 0x33, 0x13,
    0xEE, 0x77, 0x44, 0xA7, 0xFB, 0xAA, 0xFE, 0xEF, 0x09, 0xFF, 0x07, 0xF0, 0x0B, 0x00, 0x03, 0x7E,
    0x95, 0xBF, 0x7A, 0xB7, 0xE9, 0x73, 0x33, 0x14, 0x73, 0x47, 0x77, 0x11, 0x11, 0x1A, 0x11, 0x33,
    0x3A, 0x43, 0x11, 0x43, 0x47, 0x11, 0x31, 0x73, 0xA7, 0x33, 0x41, 0x34, 0x43, 0x37, 0x13, 0x43,
    0xFB, 0x0F, 0xBB, 0x13, 0xBA, 0xFF, 0x17, 0x3F, 0x73, 0x2F, 0x92, 0x71, 0x74, 0x9F, 0xF5, 0xF1,
    0xFF, 0x0F, 0x3F, 0xF7, 0xF7, 0x00, 0xF0, 0x0F, 0xA7, 0x0F, 0x00, 0x00, 0xA3, 0x0F, 0x00, 0x00,
    0x00, 0x00, 0x00, 0x00, 0x00, 0x00, 0x00, 0x00, 0x00, 0x00, 0x00, 0x00, 0x00, 0x00, 0x00, 0x00,
    0x00, 0x00, 0x00, 0x00, 0x00, 0x0C, 0xCC, 0xC7, 0xC0, 0x73, 0x73, 0x13, 0x3C, 0xC7, 0x7C, 0x77,
    0x00, 0x00, 0x00, 0x00, 0x00, 0x00, 0x00, 0x00, 0x00, 0x00, 0x00, 0x00, 0x00, 0x00, 0x00, 0x00,
    0xC7, 0x00, 0x00, 0x00, 0x13, 0x7C, 0xCC, 0xCC, 0x77, 0x77, 0x37, 0x13, 0x11, 0x11, 0x11, 0x31,
    0x00, 0x00, 0x00, 0x00, 0x00, 0x00, 0x00, 0x00, 0x00, 0x00, 0x00, 0x00, 0x00, 0x00, 0x00, 0x00,
    0x00, 0x00, 0xCC, 0xCC, 0xCC, 0x77, 0x37, 0x13, 0x11, 0x11, 0x11, 0x31, 0x73, 0xC7, 0xCC, 0xCC,
    0x00, 0x00, 0x00, 0x00, 0x00, 0x00, 0x00, 0xF9, 0x00, 0x00, 0x59, 0x3F, 0x00, 0x90, 0x95, 0xC7,
    0xCC, 0xBC, 0x25, 0xB5, 0x31, 0x77, 0x9B, 0xB9, 0xC3, 0xC7, 0x59, 0x25, 0xBB, 0xBB, 0x9B, 0x59,
    0x7C, 0x33, 0x13, 0x11, 0x7C, 0x11, 0x31, 0x73, 0xC0, 0xCC, 0xCC, 0xCC, 0x00, 0x00, 0x00, 0x00,
    0x00, 0x00, 0x00, 0x00, 0x00, 0x00, 0x00, 0x00, 0x00, 0x00, 0x00, 0x00, 0x00, 0x00, 0x00, 0x00,
    0x73, 0xC7, 0xCC, 0xCC, 0xCC, 0x0C, 0x00, 0x00, 0x00, 0x00, 0x00, 0x00, 0x00, 0x00, 0x00, 0x00,
    0x00, 0x00, 0x00, 0x00, 0x00, 0x00, 0x00, 0x00, 0x00, 0x00, 0x00, 0x00, 0x00, 0x00, 0x00, 0x00,
    0xCC, 0x0C, 0x00, 0x00, 0x00, 0x00, 0x00, 0x00, 0x00, 0x00, 0x00, 0x00, 0x00, 0x00, 0x00, 0x00,
    0x00, 0x00, 0x00, 0x00, 0x00, 0x00, 0x00, 0x00, 0x00, 0x00, 0x00, 0x00, 0x00, 0x00, 0x00, 0x00,
    0x00, 0x00, 0x00, 0xBB, 0x00, 0x00, 0x00, 0x00, 0x00, 0x00, 0x00, 0x00, 0x00, 0x00, 0x00, 0x00,
    0x00, 0x00, 0x00, 0x00, 0x00, 0x00, 0x00, 0x00, 0x00, 0x00, 0x00, 0x00, 0x00, 0x00, 0x00, 0x00,
    0x99, 0xB9, 0xBB, 0xBB, 0x00, 0x00, 0x00, 0x00, 0x00, 0x00, 0x00, 0xC0, 0x00, 0x00, 0x00, 0x7C,
    0x00, 0x00, 0x00, 0x1C, 0x00, 0x00, 0x00, 0x3C, 0x00, 0x00, 0x00, 0xC0, 0x00, 0x00, 0x00, 0xF0,
    0x00, 0x00, 0x07, 0xEE, 0xFC, 0xEF, 0xE7, 0x7C, 0xC1, 0xB3, 0x7B, 0xAF, 0xCC, 0xE7, 0x14, 0xF4,
    0x37, 0xAE, 0x11, 0x41, 0xF7, 0x4F, 0x14, 0x11, 0x7F, 0x14, 0x11, 0x11, 0x4B, 0x11, 0x11, 0x61,
    0x00, 0x00, 0x00, 0xB0, 0x00, 0x00, 0x00, 0x4B, 0x00, 0x00, 0x00, 0x7E, 0x00, 0x00, 0xE0, 0x77,
    0x00, 0x00, 0x7B, 0x14, 0x00, 0xB0, 0xAB, 0x77, 0xE0, 0x8E, 0xBB, 0xE8, 0xE0, 0x83, 0x88, 0x8E,
    0x14, 0x11, 0x11, 0xE7, 0x11, 0x71, 0xAE, 0x0F, 0x4A, 0x44, 0xE7, 0x0B, 0x47, 0x17, 0xB7, 0x0F,
    0x11, 0x74, 0xFA, 0x00, 0x11, 0xB4, 0x7B, 0x0F, 0x7B, 0xA7, 0xBE, 0x0F, 0xEB, 0xEB, 0xBB, 0x0F,
    0xB7, 0xFF, 0x00, 0x00, 0xFA, 0xCE, 0x0F, 0x00, 0xCE, 0xA7, 0xE7, 0x00, 0xA7, 0xCB, 0xFF, 0x0F,
    0x7C, 0xFA, 0x3B, 0xEA, 0xC7, 0xBF, 0x7E, 0xC6, 0xFE, 0xCA, 0x47, 0xA4, 0xFE, 0x7B, 0x47, 0x44,
    0x00, 0x00, 0x00, 0x00, 0x00, 0x00, 0x00, 0x00, 0x00, 0x00, 0x00, 0x00, 0x00, 0x00, 0x00, 0x00,
    0x00, 0x00, 0x00, 0x00, 0x0F, 0x00, 0x00, 0x00, 0xFA, 0x00, 0x00, 0x00, 0xA7, 0x0F, 0x00, 0x00,
    0xF0, 0x73, 0x44, 0x14, 0x00, 0xAE, 0x16, 0x41, 0x00, 0xE0, 0x4E, 0x11, 0x00, 0x00, 0x4F, 0x11,
    0x00, 0x00, 0xF0, 0x11, 0x00, 0x00, 0xF0, 0x17, 0x00, 0x00, 0x00, 0x4E, 0x00, 0x00, 0x00, 0x7F,
    0x74, 0xEA, 0x0E, 0x00, 0x44, 0xB7, 0xF7, 0x00, 0x41, 0x47, 0xFA, 0x00, 0x41, 0x14, 0xE4, 0x0F,
    0x14, 0x47, 0xE4, 0x0F, 0x11, 0x44, 0xC7, 0xFF, 0x77, 0xCB, 0xEE, 0xFE, 0xBB, 0xEE, 0xEE, 0xFE,
    0x00, 0x00, 0x00, 0x00, 0x00, 0x00, 0x00, 0x00, 0x00, 0x00, 0x00, 0x00, 0x00, 0x00, 0x00, 0x00,
    0x00, 0x00, 0x00, 0x00, 0x00, 0x00, 0x90, 0x55, 0x00, 0x00, 0x00, 0x29, 0x00, 0x00, 0x00, 0x90,
    0x00, 0x00, 0x09, 0x00, 0x00, 0x00, 0x95, 0x90, 0x00, 0x00, 0x25, 0x29, 0x29, 0x95, 0x99, 0x22,
    0x90, 0x22, 0x55, 0x92, 0x55, 0x95, 0x22, 0x22, 0x22, 0x22, 0x29, 0x59, 0x22, 0x22, 0x25, 0x92,
    0xE0, 0x36, 0xB7, 0xEB, 0x00, 0xEF, 0x66, 0x63, 0x00, 0x00, 0xEE, 0xEE, 0x00, 0x00, 0x00, 0x00,
    0x00, 0x00, 0x00, 0x00, 0x00, 0x00, 0x00, 0x00, 0x00, 0x00, 0x00, 0x00, 0x00, 0x00, 0x00, 0x00,
    0x7E, 0x37, 0xB6, 0x0F, 0x73, 0xEE, 0xFB, 0x00, 0xEE, 0x00, 0x00, 0x00, 0x00, 0x00, 0x00, 0x00,
    0x00, 0x00, 0x00, 0x00, 0x00, 0x00, 0x00, 0x00, 0x00, 0x00, 0x00, 0x00, 0x00, 0x00, 0x00, 0x00,
    0x00, 0x00, 0x00, 0xE0, 0x00, 0x00, 0x00, 0x00, 0x00, 0x00, 0x00, 0x00, 0x00, 0x00, 0x00, 0x00,
    0x00, 0x00, 0x00, 0x00, 0x00, 0x00, 0x00, 0x00, 0x00, 0x00, 0x00, 0x00, 0x00, 0x00, 0x00, 0x00,
    0x37, 0x37, 0x37, 0xF7, 0xFF, 0xFF, 0xFF, 0x0F, 0x00, 0x00, 0x00, 0x00, 0x00, 0x00, 0x00, 0x00,
    0x00, 0x00, 0x00, 0x00, 0x00, 0x00, 0x00, 0x00, 0x00, 0x00, 0x00, 0x00, 0x00, 0x00, 0x00, 0x00,
    0x00, 0x00, 0x00, 0x00, 0x00, 0x00, 0x00, 0x00, 0x00, 0x00, 0x00, 0x00, 0x00, 0x00, 0x00, 0x00,
    0x00, 0x00, 0x00, 0x00, 0x00, 0x99, 0x00, 0x00, 0xFF, 0x92, 0x00, 0x00, 0x1F, 0x05, 0x00, 0x00,
    0x37, 0x91, 0x00, 0x00, 0x77, 0xF1, 0x00, 0x00, 0xF1, 0xF3, 0x00, 0x00, 0x73, 0x9F, 0x00, 0x00,
    0xFF, 0x00, 0x00, 0x00, 0x00, 0x00, 0x00, 0x00, 0x00, 0x00, 0x00, 0x00, 0x00, 0x00, 0x00, 0x00,
    0x09, 0x00, 0x00, 0x00, 0x09, 0x00, 0x00, 0x00, 0x95, 0x00, 0x00, 0x00, 0x22, 0x52, 0x00, 0x00,
    0x55, 0x95, 0x9B, 0x00, 0x29, 0x22, 0x95, 0x00, 0x22, 0x29, 0x22, 0x09, 0x25, 0x52, 0x22, 0x09,
    0x77, 0x7A, 0x44, 0x33, 0xEE, 0x44, 0x71, 0x77, 0xEC, 0xFF, 0xFF, 0xEE, 0xAC, 0xCC, 0xC7, 0xCA,
    0xEE, 0xA7, 0x7C, 0xCC, 0xE7, 0xFF, 0xFC, 0xA7, 0x11, 0x0F, 0x00, 0xEE, 0xFE, 0x00, 0x00, 0x00,
};
static const u16 sFrame23[] = {
    0x000A, 0x40DD, 0x81EE, 0x0000, 0x40E5, 0x81CE, 0x0008, 0x00ED, 0x41EE, 0x0010, 0x00ED, 0x4006,
    0x0014, 0x40D5, 0x01EE, 0x0018, 0x40FD, 0x01EE, 0x001A, 0x40FD, 0x0006, 0x001C, 0x80DD, 0x000E,
    0x001E, 0x00D5, 0x01FE, 0x0020, 0x00ED, 0x01FE, 0x0021, 0x0000,
};
static const void* const sFrames23[] = { sFrame23 };
static const u8 sTiles24[672] __attribute__((aligned(4))) = {
    0x90, 0x22, 0x55, 0x22, 0x90, 0x29, 0x52, 0x22, 0x90, 0x92, 0x25, 0x92, 0x50, 0x55, 0x59, 0x59,
    0xB0, 0x99, 0x29, 0x25, 0x00, 0x90, 0x97, 0x92, 0x00, 0x80, 0x15, 0x11, 0x00, 0xB0, 0x29, 0x11,
    0x52, 0x22, 0x29, 0x22, 0x25, 0x95, 0x52, 0x22, 0x22, 0x22, 0x52, 0x95, 0x92, 0x92, 0x22, 0x25,
    0x59, 0x52, 0x59, 0x59, 0x37, 0x99, 0x92, 0x99, 0x16, 0x92, 0x52, 0x92, 0x11, 0x29, 0x59, 0x59,
    0xB9, 0x00, 0x00, 0x00, 0xB9, 0x00, 0x00, 0x00, 0x09, 0x00, 0x00, 0x00, 0xB9, 0x00, 0x00, 0xF0,
    0x95, 0x0F, 0xF0, 0xFF, 0xBE, 0xFB, 0x7F, 0x53, 0x7E, 0xBA, 0x9F, 0x1F, 0x19, 0x73, 0x2F, 0x75,
    0x00, 0x00, 0x00, 0x00, 0x00, 0x29, 0x09, 0x00, 0xF0, 0x52, 0x09, 0x00, 0x3F, 0x91, 0x52, 0x00,
    0x71, 0x17, 0x97, 0x00, 0x13, 0x37, 0x23, 0x09, 0x37, 0xF3, 0x97, 0x05, 0xF1, 0xF7, 0x0F, 0x00,
    0x00, 0x00, 0x90, 0x12, 0x00, 0x00, 0x90, 0x59, 0x00, 0x00, 0x00, 0x90, 0x00, 0x00, 0x00, 0x00,
    0x00, 0x00, 0x00, 0x00, 0x00, 0x00, 0x00, 0x00, 0x00, 0x00, 0x00, 0x00, 0x00, 0x00, 0xF0, 0xFF,
    0x52, 0x95, 0x95, 0x7F, 0x99, 0xE5, 0x19, 0xF3, 0xFB, 0x1E, 0x57, 0xFF, 0xF0, 0x3B, 0x7F, 0x73,
    0x59, 0xBF, 0x17, 0xF1, 0x29, 0xB2, 0x37, 0xE1, 0x59, 0x52, 0xEB, 0x92, 0x9A, 0x25, 0x95, 0x5B,
    0x3B, 0x74, 0x5F, 0x7B, 0x73, 0x4B, 0xFF, 0xFF, 0x5F, 0x95, 0x0F, 0x00, 0xF7, 0x22, 0xB5, 0x00,
    0x31, 0x5F, 0xB2, 0x0B, 0x37, 0x9E, 0xB5, 0x77, 0x2B, 0x9B, 0x92, 0x31, 0x92, 0x25, 0x52, 0x73,
    0xF3, 0x0F, 0x00, 0x00, 0x0F, 0x00, 0x00, 0x00, 0x00, 0x00, 0x00, 0x00, 0x03, 0x00, 0x00, 0x00,
    0x77, 0xCC, 0x00, 0x00, 0x00, 0x3C, 0x0C, 0x00, 0x00, 0xC0, 0x0C, 0x00, 0x73, 0x03, 0x00, 0x00,
    0x00, 0x00, 0x7F, 0x14, 0x00, 0xF0, 0x4B, 0x11, 0x00, 0xB0, 0x14, 0x11, 0x00, 0x00, 0x4B, 0x11,
    0x00, 0x00, 0xAF, 0x41, 0x00, 0x00, 0xE0, 0x47, 0x00, 0x00, 0xE0, 0x47, 0x00, 0x00, 0xE0, 0xA7,
    0x11, 0x59, 0x22, 0x59, 0x11, 0x94, 0x55, 0x95, 0x74, 0xAA, 0xFF, 0xC9, 0x41, 0xF7, 0xEF, 0xCF,
    0x41, 0x74, 0x0B, 0xEF, 0x14, 0x41, 0xE7, 0x00, 0x44, 0x44, 0x04, 0x00, 0x44, 0x44, 0xE7, 0x00,
    0x52, 0x59, 0x95, 0x0E, 0x77, 0x9B, 0xE9, 0xE7, 0x37, 0xCC, 0xEC, 0x1E, 0x13, 0x7C, 0x1E, 0x71,
    0x17, 0xE7, 0x11, 0x11, 0x1C, 0xC3, 0x11, 0x11, 0x3C, 0xC1, 0x4B, 0x11, 0x7C, 0x71, 0xBF, 0x14,
    0x00, 0x37, 0x00, 0x00, 0x00, 0x10, 0x00, 0x00, 0xFB, 0x73, 0x00, 0x00, 0x13, 0xE7, 0x00, 0x00,
    0x71, 0x44, 0xEE, 0x0F, 0x41, 0x41, 0x74, 0xFB, 0x41, 0x41, 0x44, 0xA7, 0x17, 0x44, 0x44, 0x11,
    0x00, 0xF0, 0xEE, 0x77, 0xE0, 0xBB, 0x8B, 0xBE, 0x3E, 0x88, 0xE8, 0xB8, 0x6E, 0x73, 0xBB, 0xEE,
    0xE0, 0x36, 0x77, 0x77, 0x00, 0x6E, 0x36, 0x36, 0x00, 0xE0, 0xEE, 0xEE, 0x00, 0x00, 0x00, 0x00,
    0x41, 0xA7, 0xFE, 0x0E, 0x77, 0xEA, 0xFB, 0xCC, 0xBE, 0xBE, 0xCB, 0x17, 0x77, 0x63, 0x1C, 0x73,
    0x36, 0xC6, 0x7C, 0x7C, 0xE7, 0xFE, 0xC0, 0x11, 0x0E, 0x00, 0x00, 0xCC, 0x00, 0x00, 0x00, 0x00,
    0xC7, 0x31, 0x0C, 0x4B, 0xC3, 0x13, 0x0C, 0xB0, 0x73, 0x13, 0x67, 0x00, 0x31, 0x17, 0xC3, 0x00,
    0x33, 0xC7, 0xC7, 0x00, 0x77, 0x3C, 0xC3, 0x00, 0xCC, 0x7C, 0x0C, 0x00, 0x00, 0x00, 0x00, 0x00,
    0x41, 0x44, 0x7A, 0x11, 0x1E, 0x77, 0x77, 0x11, 0xB0, 0x47, 0x17, 0x44, 0x00, 0xEE, 0x7E, 0xA7,
    0x00, 0x00, 0xBB, 0x8A, 0x00, 0x00, 0xF0, 0x3F, 0x00, 0x00, 0x00, 0xFF, 0x00, 0x00, 0x00, 0x00,
    0x00, 0x00, 0x00, 0x09, 0x00, 0x00, 0x50, 0x09, 0x00, 0x00, 0x25, 0x09, 0x00, 0x90, 0x25, 0x92,
    0x00, 0x92, 0x25, 0x52, 0x00, 0x25, 0x25, 0x52, 0x9B, 0x29, 0x25, 0x92, 0x50, 0x95, 0x92, 0x55,
    0x00, 0x00, 0x00, 0x00, 0x00, 0x09, 0x00, 0x00, 0x95, 0x00, 0x00, 0x00, 0x22, 0x09, 0x90, 0x00,
    0x25, 0x92, 0x92, 0x00, 0x52, 0x55, 0x52, 0x00, 0x22, 0x22, 0x95, 0x09, 0x29, 0x29, 0x22, 0x95,
    0x00, 0x00, 0x00, 0x00, 0x00, 0x00, 0x00, 0x00, 0x00, 0x00, 0x00, 0x00, 0x00, 0x00, 0x00, 0x00,
    0x0E, 0x00, 0x00, 0x00, 0xFF, 0x00, 0x00, 0x00, 0xA7, 0x0E, 0x00, 0x00, 0xA4, 0x0E, 0x00, 0x00,
    0xF1, 0xEE, 0x00, 0x00, 0xF4, 0xEF, 0x0F, 0x00, 0xF7, 0xCF, 0xFE, 0x00, 0xE8, 0xCC, 0xFE, 0x00,
    0xEE, 0xEE, 0xFE, 0x00, 0x37, 0x37, 0xF7, 0x00, 0xFF, 0xFF, 0x0F, 0x00, 0x00, 0x00, 0x00, 0x00,
    0x00, 0x00, 0x00, 0x00, 0x00, 0x00, 0x00, 0x00, 0x00, 0x00, 0x00, 0x00, 0x00, 0x00, 0x00, 0x00,
    0x00, 0x00, 0x00, 0x00, 0x00, 0x00, 0x00, 0x00, 0x00, 0x00, 0x00, 0x00, 0x0B, 0x00, 0x00, 0x00,
};
static const u16 sFrame24[] = {
    0x0004, 0x00E1, 0x81F1, 0x0000, 0x40D9, 0x01F1, 0x0010, 0x80F1, 0x0011, 0x0012, 0x00D9, 0x0001,
    0x0014, 0x0000,
};
static const void* const sFrames24[] = { sFrame24 };
static const u8 sTiles25[1056] __attribute__((aligned(4))) = {
    0x00, 0x00, 0x00, 0x00, 0x00, 0x00, 0x00, 0x00, 0x00, 0x00, 0x00, 0x00, 0x00, 0x00, 0x00, 0x00,
    0x00, 0x00, 0x00, 0x00, 0x00, 0x00, 0xF0, 0xFF, 0x00, 0xF9, 0x28, 0x28, 0x90, 0x85, 0x12, 0x8B,
    0x00, 0x00, 0x00, 0x90, 0x00, 0x00, 0x00, 0x89, 0x00, 0x00, 0x00, 0x90, 0x00, 0x00, 0x00, 0x50,
    0xF0, 0x0F, 0x00, 0xFF, 0xFF, 0xB3, 0x59, 0x7F, 0x5B, 0x6E, 0x1B, 0x4F, 0xF2, 0xE6, 0x25, 0x1F,
    0x22, 0x55, 0x22, 0x52, 0x29, 0x52, 0x22, 0x25, 0x92, 0x25, 0x92, 0x22, 0x55, 0x59, 0x59, 0x92,
    0x99, 0x29, 0x25, 0x59, 0x98, 0x11, 0x6A, 0x99, 0x9B, 0x12, 0x16, 0x92, 0x63, 0x29, 0x21, 0xB5,
    0x22, 0x29, 0x22, 0x09, 0x95, 0x52, 0x22, 0x09, 0x22, 0x52, 0x95, 0x09, 0x92, 0x22, 0x25, 0x09,
    0x52, 0x59, 0x59, 0x85, 0x95, 0x92, 0x99, 0x90, 0x92, 0x52, 0x92, 0x73, 0x95, 0x95, 0xFE, 0x07,
    0x90, 0x21, 0x18, 0xF2, 0x90, 0x52, 0x22, 0x8B, 0x00, 0x29, 0xF9, 0x29, 0x00, 0x50, 0x0B, 0x15,
    0x00, 0x00, 0x00, 0x95, 0x00, 0x00, 0x00, 0x00, 0x00, 0x00, 0x00, 0x00, 0x00, 0x00, 0x00, 0x00,
    0x81, 0x3B, 0xFF, 0x6F, 0xB1, 0xE6, 0x0F, 0xFF, 0xF2, 0xFE, 0x00, 0x00, 0x09, 0x00, 0x00, 0x00,
    0x00, 0x00, 0x00, 0xE0, 0x00, 0x00, 0x00, 0x3E, 0x00, 0x00, 0xF0, 0x4E, 0x00, 0x00, 0xCF, 0xEE,
    0x74, 0x9F, 0x55, 0xBB, 0x7F, 0x98, 0xB9, 0x59, 0xBF, 0x89, 0xBC, 0x89, 0x6B, 0x87, 0x96, 0x88,
    0x3A, 0x1B, 0x16, 0xEB, 0x36, 0xBB, 0xB1, 0x4F, 0x6A, 0x1B, 0x16, 0x3B, 0xA6, 0x6B, 0xBE, 0x1A,
    0xB8, 0xB9, 0x3E, 0x00, 0xBB, 0x0B, 0x70, 0x8B, 0xEB, 0xEE, 0x3B, 0xB9, 0xA6, 0xA7, 0x7E, 0x52,
    0x3B, 0x6A, 0x9E, 0x17, 0x64, 0x73, 0xFE, 0x93, 0x6A, 0x77, 0xFB, 0x7F, 0x33, 0xE6, 0x00, 0xC0,
    0x00, 0x00, 0x00, 0x00, 0x00, 0x00, 0x00, 0x00, 0x00, 0x00, 0x00, 0x00, 0x00, 0x00, 0x00, 0x00,
    0x00, 0x00, 0x00, 0xB0, 0x00, 0x00, 0x00, 0xB0, 0x00, 0x00, 0x00, 0xF0, 0x00, 0x00, 0x00, 0x7F,
    0x00, 0xFF, 0xFF, 0x7A, 0xF0, 0x1F, 0x34, 0xAF, 0xF0, 0x17, 0x11, 0xF6, 0x4B, 0x11, 0x41, 0xB7,
    0x14, 0x41, 0x77, 0xEB, 0x14, 0x41, 0x77, 0xFB, 0x1B, 0x41, 0x74, 0x0B, 0x41, 0x44, 0xB7, 0x00,
    0xBE, 0x3B, 0xEB, 0x16, 0xF7, 0xCC, 0xEA, 0x66, 0xCC, 0xAE, 0xCC, 0x6B, 0xAF, 0x7C, 0xA7, 0xAB,
    0xCF, 0x6A, 0xAC, 0xBC, 0xCF, 0xBA, 0xCC, 0xBA, 0xFF, 0xCC, 0xBA, 0x7B, 0xF0, 0xCF, 0x7B, 0x47,
    0x31, 0x66, 0x0E, 0x00, 0x33, 0xA6, 0x0E, 0x00, 0x61, 0xEA, 0x00, 0x00, 0xAA, 0xBB, 0x00, 0x00,
    0x0B, 0x00, 0x00, 0x00, 0xE7, 0x00, 0x00, 0x00, 0xE3, 0x00, 0x00, 0x00, 0xE6, 0x00, 0x00, 0x00,
    0x00, 0x00, 0x00, 0x4E, 0x00, 0x00, 0x00, 0x7E, 0x00, 0x00, 0xE0, 0x77, 0x00, 0x00, 0xE0, 0x17,
    0x00, 0x00, 0xE0, 0x17, 0x00, 0x00, 0x4F, 0x71, 0x00, 0x00, 0xEE, 0x77, 0x00, 0xB0, 0x8B, 0xBE,
    0x44, 0x44, 0xE7, 0x00, 0x44, 0x44, 0xE7, 0x00, 0x74, 0x77, 0x0E, 0x00, 0x11, 0x74, 0x0E, 0x00,
    0x77, 0xA7, 0x0E, 0x00, 0x47, 0xAA, 0x0E, 0x00, 0x41, 0xA7, 0x0E, 0x00, 0x77, 0xEA, 0x0B, 0x00,
    0x00, 0xBF, 0x44, 0x13, 0x00, 0xFF, 0x47, 0x16, 0x00, 0xE0, 0x47, 0x11, 0x00, 0xF0, 0x47, 0x11,
    0x00, 0x00, 0x47, 0x11, 0x00, 0x00, 0x4B, 0x14, 0x00, 0x00, 0xB0, 0x47, 0x00, 0x00, 0xE0, 0x47,
    0x41, 0x0E, 0x00, 0x00, 0x41, 0x0B, 0x00, 0x00, 0x41, 0x0B, 0x00, 0x00, 0x11, 0xF7, 0x00, 0x00,
    0x11, 0xB4, 0x00, 0x00, 0x11, 0xB4, 0x00, 0x00, 0x44, 0x14, 0x07, 0x00, 0x14, 0x41, 0xE7, 0x00,
    0x00, 0x00, 0x00, 0x00, 0x00, 0x00, 0x00, 0x00, 0x00, 0x00, 0x00, 0x00, 0x00, 0x00, 0xBB, 0x0B,
    0xB0, 0x9B, 0x55, 0xB5, 0x73, 0xB9, 0x99, 0x22, 0x95, 0x5B, 0x28, 0xB9, 0xB0, 0x88, 0x25, 0x55,
    0x00, 0x00, 0x00, 0x00, 0x00, 0x00, 0x00, 0x00, 0x00, 0x00, 0x00, 0x00, 0x00, 0x00, 0x00, 0x00,
    0x0B, 0x00, 0x00, 0x00, 0x95, 0xB9, 0x00, 0x00, 0x2B, 0x52, 0x09, 0x00, 0xB1, 0x25, 0xCB, 0x00,
    0x8F, 0xF5, 0x58, 0x22, 0xB5, 0x25, 0x28, 0x85, 0x82, 0x82, 0xF5, 0xFF, 0x28, 0xFF, 0x0F, 0x00,
    0xF5, 0x00, 0x00, 0x00, 0xFC, 0x00, 0x00, 0x00, 0xCC, 0x00, 0x00, 0x00, 0x31, 0x0C, 0x00, 0x00,
    0xB8, 0xB9, 0x77, 0xC3, 0x2C, 0xC5, 0x37, 0x11, 0xBB, 0xC9, 0xCC, 0x77, 0x00, 0x00, 0x00, 0xC0,
    0x00, 0x00, 0x00, 0x00, 0x00, 0x00, 0x00, 0x00, 0x00, 0x00, 0x00, 0x00, 0x00, 0x00, 0x00, 0x00,
    0x00, 0x00, 0xE0, 0x47, 0x00, 0x00, 0xE0, 0x47, 0x00, 0x00, 0x00, 0x7E, 0x00, 0x00, 0x00, 0x7B,
    0x00, 0x00, 0x00, 0xBF, 0x00, 0x00, 0x00, 0xE0, 0x00, 0x00, 0x00, 0xE0, 0x00, 0x00, 0x00, 0xBE,
    0x44, 0x44, 0xE4, 0x00, 0x44, 0x44, 0xE7, 0x0B, 0x77, 0x44, 0x17, 0xB7, 0x14, 0x11, 0x41, 0xA7,
    0x7A, 0x17, 0x41, 0xEB, 0xE7, 0xA8, 0xAA, 0xE7, 0x8B, 0x88, 0xEE, 0xE3, 0x8B, 0x7B, 0x36, 0xE6,
    0x00, 0x00, 0x00, 0x7E, 0x00, 0x00, 0x00, 0x3E, 0x00, 0x00, 0x00, 0x6E, 0x00, 0x00, 0x00, 0xE0,
    0x00, 0x00, 0x00, 0x00, 0x00, 0x00, 0x00, 0x00, 0x00, 0x00, 0x00, 0x00, 0x00, 0x00, 0x00, 0x00,
    0x8B, 0xBB, 0x67, 0x0E, 0x86, 0x36, 0x37, 0x0E, 0x33, 0x33, 0x63, 0x0E, 0xEE, 0xEE, 0xEE, 0x0F,
    0x00, 0x00, 0x00, 0x00, 0x00, 0x00, 0x00, 0x00, 0x00, 0x00, 0x00, 0x00, 0x00, 0x00, 0x00, 0x00,
    0x00, 0x00, 0x00, 0x00, 0x00, 0x00, 0x00, 0x00, 0x00, 0x00, 0x00, 0x00, 0x00, 0x00, 0x00, 0x00,
    0x00, 0x00, 0x00, 0x80, 0x00, 0x00, 0x00, 0x00, 0x00, 0x00, 0x00, 0x90, 0x00, 0x00, 0x00, 0x50,
    0x00, 0x00, 0x09, 0x00, 0x00, 0x50, 0x09, 0x00, 0x00, 0x25, 0x09, 0x95, 0x90, 0x25, 0x92, 0x22,
    0x92, 0x25, 0x52, 0x25, 0x25, 0x25, 0x52, 0x52, 0x29, 0x25, 0x92, 0x22, 0x95, 0x92, 0x55, 0x29,
    0xCC, 0x00, 0x00, 0x00, 0x31, 0xC7, 0xCC, 0x00, 0x13, 0x11, 0x31, 0xC7, 0xCC, 0x77, 0x13, 0x11,
    0x00, 0xC0, 0xCC, 0x77, 0x00, 0x00, 0x00, 0xC0, 0x00, 0x00, 0x00, 0x00, 0x00, 0x00, 0x00, 0x00,
    0x00, 0x00, 0x00, 0x00, 0x00, 0x00, 0x00, 0x00, 0xCC, 0x00, 0x00, 0x00, 0x31, 0xC7, 0xCC, 0x00,
    0x13, 0x11, 0x31, 0xC7, 0xCC, 0x77, 0x13, 0x11, 0xC0, 0xCC, 0x7C, 0x37, 0x00, 0xC0, 0xC7, 0xCC,
    0xE0, 0x8B, 0xE8, 0xB8, 0x3E, 0xB8, 0xBB, 0xEB, 0x6E, 0x73, 0xBB, 0x7E, 0xE0, 0x36, 0x77, 0x37,
    0x00, 0x6E, 0x36, 0xE6, 0x00, 0xE0, 0xEE, 0x0E, 0x00, 0x00, 0x00, 0x00, 0x00, 0x00, 0x00, 0x00,
    0xBE, 0xBE, 0x0B, 0x00, 0x77, 0x63, 0x0B, 0x00, 0x36, 0xB6, 0x00, 0x00, 0xE7, 0x0E, 0x00, 0x00,
    0x0E, 0x00, 0x00, 0x00, 0x00, 0x00, 0x00, 0x00, 0x00, 0x00, 0x00, 0x00, 0x00, 0x00, 0x00, 0x00,
    0x00, 0x00, 0x00, 0x00, 0x09, 0x00, 0x00, 0x00, 0x00, 0x00, 0x00, 0x00, 0x09, 0x90, 0x00, 0x00,
    0x92, 0x92, 0x00, 0x00, 0x55, 0x52, 0x00, 0x00, 0x22, 0x95, 0x89, 0x00, 0x29, 0x22, 0x95, 0x08,
    0x00, 0x00, 0x00, 0x00, 0x00, 0x00, 0x00, 0x00, 0x00, 0x00, 0x00, 0x00, 0x00, 0x00, 0x00, 0x00,
    0x0C, 0x00, 0x00, 0x00, 0xC7, 0x00, 0x00, 0x00, 0xC3, 0x00, 0x00, 0x00, 0x0C, 0x00, 0x00, 0x00,
    0xCC, 0x0C, 0x00, 0x00, 0x00, 0x00, 0x00, 0x00, 0x00, 0x00, 0x00, 0x00, 0x00, 0x00, 0x00, 0x00,
    0x00, 0x00, 0x00, 0x00, 0x00, 0x00, 0x00, 0x00, 0x00, 0x00, 0x00, 0x00, 0x00, 0x00, 0x00, 0x00,
};
static const u16 sFrame25[] = {
    0x0009, 0x00D4, 0x81E9, 0x0000, 0x00D4, 0x4009, 0x0010, 0x00F4, 0x41F9, 0x0014, 0x40CC, 0x01F1,
    0x0018, 0x40DC, 0x0019, 0x001A, 0x40F4, 0x01E9, 0x001C, 0x00CC, 0x0001, 0x001E, 0x00DC, 0x0029,
    0x001F, 0x00E4, 0x0009, 0x0020, 0x0000,
};
static const void* const sFrames25[] = { sFrame25 };
static const u8 sTiles26[896] __attribute__((aligned(4))) = {
    0x00, 0x00, 0x00, 0x00, 0x00, 0x00, 0x00, 0x00, 0x00, 0x00, 0x00, 0x00, 0x00, 0x00, 0x00, 0x00,
    0x00, 0x00, 0x00, 0x99, 0x00, 0x00, 0x99, 0x55, 0x00, 0x90, 0x55, 0x22, 0x00, 0x5B, 0x22, 0xB5,
    0x00, 0x00, 0x00, 0x00, 0x00, 0x00, 0x00, 0xC0, 0x00, 0x00, 0x00, 0x7C, 0x00, 0x00, 0xC0, 0x13,
    0x99, 0xC0, 0x37, 0x31, 0x55, 0xB9, 0x77, 0x77, 0x95, 0x95, 0x0C, 0x00, 0x5B, 0x25, 0xB9, 0x90,
    0xC9, 0x13, 0x73, 0x27, 0x17, 0x71, 0x57, 0x25, 0x31, 0x27, 0x52, 0x52, 0x73, 0x25, 0x92, 0x22,
    0x97, 0x92, 0x55, 0x29, 0x22, 0x55, 0x22, 0x52, 0x29, 0x52, 0x22, 0x25, 0x92, 0x25, 0x92, 0x22,
    0xC9, 0xCC, 0x00, 0x00, 0x92, 0x92, 0x00, 0x00, 0x55, 0x52, 0x00, 0x00, 0x22, 0x95, 0x09, 0x00,
    0x29, 0x22, 0x95, 0x00, 0x22, 0x29, 0x22, 0x09, 0x95, 0x52, 0x22, 0x09, 0x22, 0x52, 0x95, 0x09,
    0x90, 0x25, 0xB5, 0x29, 0x25, 0x52, 0x2B, 0x75, 0x55, 0x22, 0x9B, 0x12, 0x5B, 0x95, 0xB5, 0x37,
    0xB0, 0x59, 0x25, 0xFF, 0x00, 0x9B, 0x52, 0xF9, 0x60, 0xBA, 0x9B, 0x55, 0xA0, 0x03, 0x00, 0xBB,
    0xF7, 0xB5, 0x95, 0x59, 0x13, 0x7F, 0x55, 0x09, 0x31, 0x17, 0xBF, 0x95, 0x77, 0x3F, 0xBF, 0xB9,
    0x17, 0x73, 0x3B, 0xBF, 0x33, 0xF7, 0x13, 0x5F, 0xFF, 0x75, 0x71, 0xBF, 0xBB, 0x17, 0xF3, 0x52,
    0x55, 0x59, 0x59, 0x92, 0x99, 0x29, 0x25, 0x59, 0x90, 0x97, 0x92, 0x37, 0x0B, 0x15, 0x11, 0x16,
    0xB2, 0x29, 0x11, 0x11, 0x52, 0xBB, 0x12, 0x52, 0xF5, 0xEE, 0xEE, 0xAB, 0xBB, 0x4A, 0x64, 0x47,
    0x92, 0x22, 0x25, 0x09, 0x52, 0x59, 0x59, 0x95, 0x99, 0x92, 0x99, 0x00, 0x92, 0x52, 0x92, 0x00,
    0xF9, 0x59, 0x59, 0x09, 0x4E, 0x9F, 0x00, 0x00, 0x36, 0xF7, 0x0A, 0x00, 0x14, 0xF4, 0x00, 0x00,
    0x00, 0x00, 0xB0, 0xAF, 0x00, 0x00, 0xFB, 0xFF, 0x00, 0xF0, 0x7B, 0xAA, 0x00, 0x7B, 0x14, 0x11,
    0xB0, 0x4B, 0x11, 0x11, 0xB0, 0x14, 0x11, 0x74, 0x00, 0x4B, 0x11, 0x41, 0x00, 0xAF, 0x41, 0x41,
    0xAC, 0xCA, 0xFB, 0xAF, 0x7A, 0xCC, 0x7C, 0x7C, 0xFF, 0xAC, 0xC7, 0xCA, 0xF6, 0xCE, 0xFA, 0xFF,
    0xA4, 0xCF, 0xFF, 0x00, 0xAA, 0xFF, 0x00, 0x00, 0x77, 0x0B, 0x00, 0x00, 0x74, 0x0B, 0x00, 0x00,
    0x77, 0xCA, 0xEE, 0x0E, 0xAC, 0xFE, 0xB7, 0xFB, 0xEC, 0x47, 0x74, 0xB7, 0x7E, 0x17, 0x14, 0x41,
    0x7E, 0x14, 0x11, 0x41, 0x7E, 0x14, 0x11, 0x11, 0xBF, 0x11, 0x11, 0x11, 0xB0, 0x14, 0x14, 0x11,
    0x00, 0x00, 0x00, 0x00, 0x00, 0x00, 0x00, 0x00, 0x0F, 0x00, 0x00, 0x00, 0x0F, 0x00, 0x00, 0x00,
    0xF7, 0x00, 0x00, 0x00, 0xEA, 0x00, 0x00, 0x00, 0xA7, 0x0F, 0x00, 0x00, 0xA4, 0xF7, 0x00, 0x00,
    0x00, 0xE0, 0x47, 0x14, 0x00, 0xE0, 0x47, 0x44, 0x00, 0xEF, 0xA7, 0x44, 0x00, 0xE0, 0x77, 0x47,
    0x00, 0xB0, 0x47, 0x11, 0x00, 0xBF, 0xAB, 0x77, 0xB0, 0x8B, 0xF8, 0xBE, 0x3E, 0xB8, 0xEB, 0xB8,
    0x41, 0xE7, 0x00, 0x00, 0x44, 0xE4, 0x00, 0x00, 0x44, 0xE7, 0x0B, 0x00, 0x74, 0x71, 0x0B, 0x00,
    0x11, 0x74, 0xFA, 0x00, 0x11, 0xB4, 0xFB, 0x00, 0x7A, 0xEA, 0xF3, 0x00, 0xCE, 0xEE, 0xF6, 0x00,
    0x00, 0x4B, 0x14, 0x11, 0x00, 0x7B, 0x44, 0x11, 0x00, 0xF0, 0x17, 0x11, 0x00, 0x00, 0x7E, 0x11,
    0x00, 0x00, 0xE0, 0x14, 0x00, 0x00, 0xE0, 0x77, 0x00, 0x00, 0x00, 0x7F, 0x00, 0x00, 0x00, 0xBE,
    0x41, 0xF7, 0x00, 0x00, 0x41, 0xA4, 0x0F, 0x00, 0x41, 0x41, 0xFA, 0x00, 0x11, 0x41, 0xA7, 0x0F,
    0x11, 0x11, 0x74, 0xFA, 0x14, 0x44, 0x44, 0xA7, 0x47, 0xA7, 0x74, 0x7E, 0xB7, 0x14, 0x71, 0xA7,
    0x00, 0x60, 0x00, 0x00, 0x00, 0x00, 0x66, 0x06, 0x00, 0x00, 0x00, 0x30, 0x00, 0x00, 0x00, 0x00,
    0x00, 0x00, 0x00, 0x00, 0x00, 0x00, 0x00, 0x00, 0x00, 0x00, 0x00, 0x00, 0x00, 0x00, 0x00, 0x00,
    0x00, 0xBB, 0xAF, 0x1A, 0x00, 0xA0, 0x6A, 0xA6, 0x66, 0x1A, 0x36, 0xA3, 0x00, 0xA3, 0xAA, 0x0A,
    0x00, 0x00, 0x00, 0x00, 0x00, 0x00, 0x00, 0x00, 0x00, 0x00, 0x00, 0x00, 0x00, 0x00, 0x00, 0xF0,
    0x52, 0x7F, 0x71, 0x74, 0x95, 0x6F, 0x13, 0x6E, 0xFF, 0xEF, 0xFE, 0xE3, 0xF0, 0xAB, 0x31, 0x64,
    0xF0, 0xBE, 0x14, 0x14, 0xF0, 0xBB, 0x36, 0x16, 0xCF, 0xBB, 0x16, 0x31, 0x7C, 0xBC, 0xAA, 0xE4,
    0x13, 0xF6, 0x00, 0x00, 0x33, 0x76, 0x0F, 0x00, 0xEE, 0x63, 0xEB, 0x00, 0x33, 0x63, 0xE6, 0x00,
    0x44, 0x63, 0xEA, 0x00, 0x31, 0xA6, 0x0E, 0x00, 0xE3, 0xBA, 0xFB, 0x00, 0xCE, 0x7C, 0xCA, 0x0F,
    0x6E, 0x73, 0xBB, 0x7E, 0xEF, 0x36, 0xB7, 0x6E, 0xE0, 0x66, 0x73, 0x77, 0x00, 0xEE, 0x67, 0xEE,
    0x00, 0x00, 0xEE, 0x00, 0x00, 0x00, 0x00, 0x00, 0x00, 0x00, 0x00, 0x00, 0x00, 0x00, 0x00, 0x00,
    0xB7, 0x3E, 0xF7, 0x00, 0x33, 0x66, 0x0F, 0x00, 0xEE, 0xBB, 0x00, 0x00, 0x00, 0x00, 0x00, 0x00,
    0x00, 0x00, 0x00, 0x00, 0x00, 0x00, 0x00, 0x00, 0x00, 0x00, 0x00, 0x00, 0x00, 0x00, 0x00, 0x00,
    0x00, 0x00, 0x00, 0xF0, 0x00, 0x00, 0x00, 0xF0, 0x00, 0x00, 0x00, 0x00, 0x00, 0x00, 0x00, 0xE0,
    0x00, 0x00, 0x00, 0xE0, 0x00, 0x00, 0x00, 0xE0, 0x00, 0x00, 0x00, 0xF0, 0x00, 0x00, 0x00, 0x00,
    0x77, 0xAA, 0x8A, 0x7E, 0xBE, 0x88, 0xE8, 0x3E, 0xBB, 0xB8, 0x67, 0x63, 0xB7, 0xB8, 0x7B, 0xE6,
    0x63, 0x68, 0x73, 0xE3, 0x36, 0x33, 0x33, 0xE6, 0x6F, 0xF7, 0xEF, 0x0E, 0xFF, 0x0F, 0x00, 0x00,
    0x00, 0x00, 0x00, 0x00, 0x00, 0x00, 0x00, 0x00, 0x00, 0x00, 0x00, 0x00, 0x00, 0x00, 0x00, 0xC0,
    0x00, 0x00, 0x00, 0x3C, 0x00, 0x09, 0x7C, 0x11, 0x00, 0xC5, 0x17, 0x73, 0x00, 0x3C, 0x31, 0xC7,
    0x00, 0xCC, 0x00, 0x00, 0xC0, 0xC7, 0x0C, 0x00, 0x7C, 0x31, 0xC7, 0x00, 0x13, 0x73, 0x73, 0x0C,
    0x31, 0x17, 0x13, 0x07, 0x73, 0x11, 0x37, 0xC1, 0x13, 0x73, 0xCC, 0x0C, 0x77, 0x31, 0x0C, 0x00,
    0x00, 0x00, 0x00, 0x00, 0x00, 0x00, 0x00, 0x00, 0x00, 0x00, 0x00, 0x00, 0x00, 0x00, 0x00, 0x00,
    0x0F, 0x00, 0x00, 0x00, 0x0F, 0x00, 0x00, 0x00, 0x0F, 0x00, 0x00, 0x00, 0x0B, 0x00, 0x00, 0x00,
    0x0E, 0x00, 0x00, 0x00, 0x0E, 0x00, 0x00, 0x00, 0x0E, 0x00, 0x00, 0x00, 0x00, 0x00, 0x00, 0x00,
    0x00, 0x00, 0x00, 0x00, 0x00, 0x00, 0x00, 0x00, 0x00, 0x00, 0x00, 0x00, 0x00, 0x00, 0x00, 0x00,
};
static const u16 sFrame26[] = {
    0x0006, 0x40D1, 0x81ED, 0x0000, 0x40E9, 0x81F5, 0x0008, 0x40E1, 0x41ED, 0x0010, 0x40F9, 0x41F5,
    0x0014, 0x40C9, 0x01FD, 0x0018, 0x80F1, 0x0015, 0x001A, 0x0000,
};
static const void* const sFrames26[] = { sFrame26 };
static const u8 sTiles27[1024] __attribute__((aligned(4))) = {
    0x00, 0x00, 0x00, 0x25, 0x00, 0x00, 0x90, 0x99, 0x00, 0x00, 0x00, 0x20, 0x00, 0x00, 0x00, 0x59,
    0x00, 0x00, 0x00, 0x95, 0x00, 0x00, 0x90, 0x00, 0x00, 0x00, 0x00, 0x00, 0x00, 0x00, 0x00, 0x00,
    0x52, 0x25, 0x22, 0x25, 0x22, 0x25, 0x52, 0x52, 0x59, 0x22, 0x29, 0x22, 0x95, 0x95, 0x25, 0x29,
    0x99, 0x52, 0x92, 0x25, 0x19, 0xA9, 0xB6, 0x99, 0x29, 0x61, 0x21, 0x92, 0x90, 0x12, 0x22, 0xB5,
    0x92, 0x22, 0x92, 0x00, 0x29, 0x25, 0x92, 0x00, 0x22, 0x55, 0x99, 0x00, 0x29, 0x52, 0x92, 0x00,
    0x95, 0x95, 0x99, 0x09, 0x92, 0x52, 0x92, 0x00, 0x29, 0x59, 0x59, 0xF9, 0x95, 0x95, 0xF9, 0x3F,
    0x00, 0x00, 0x00, 0x00, 0x00, 0x00, 0x00, 0x00, 0x00, 0x00, 0x00, 0x00, 0x00, 0xFF, 0xF7, 0x0F,
    0xF0, 0x72, 0x33, 0xFF, 0x4F, 0xFF, 0x99, 0x73, 0x07, 0x40, 0x2F, 0xF5, 0x13, 0xA3, 0x5F, 0xF9,
    0x00, 0x00, 0x00, 0x00, 0x00, 0x00, 0x00, 0x00, 0x00, 0x00, 0x00, 0x00, 0x00, 0x00, 0x00, 0x00,
    0x00, 0x00, 0x00, 0x00, 0x00, 0x00, 0x00, 0x00, 0xB0, 0x88, 0x88, 0x00, 0x8B, 0x22, 0xF2, 0xFF,
    0x00, 0x59, 0x55, 0xBB, 0x00, 0xB0, 0xBB, 0xB9, 0x00, 0x00, 0x90, 0x4B, 0x00, 0x00, 0xEE, 0x11,
    0x00, 0xB0, 0x43, 0x33, 0x00, 0x6F, 0x17, 0x44, 0xFF, 0xFF, 0x3F, 0x63, 0x73, 0x59, 0xFB, 0x76,
    0xEE, 0xFF, 0x3F, 0xF1, 0x6B, 0x64, 0x64, 0x33, 0x13, 0x37, 0x41, 0x66, 0xA1, 0x74, 0x13, 0x41,
    0x43, 0x37, 0x43, 0x4A, 0x64, 0x6E, 0x36, 0x61, 0xF6, 0x3F, 0x44, 0x36, 0x0F, 0x6F, 0x13, 0x41,
    0xEA, 0xE1, 0xF7, 0x0F, 0x4E, 0x3A, 0x0B, 0x00, 0xEF, 0xF7, 0x00, 0x00, 0xF7, 0x0F, 0x00, 0x00,
    0x73, 0x0F, 0x00, 0x00, 0x64, 0xE6, 0x00, 0x00, 0x76, 0x0E, 0x00, 0x00, 0xFF, 0xEC, 0x00, 0x00,
    0x25, 0x85, 0x3F, 0xF7, 0x88, 0xF5, 0xF7, 0x71, 0x95, 0x35, 0x73, 0x13, 0x29, 0x55, 0x71, 0x17,
    0x99, 0x29, 0x17, 0xF7, 0x92, 0x52, 0x29, 0xF3, 0x52, 0xB9, 0xB2, 0xFF, 0x58, 0xF2, 0xB9, 0x2F,
    0x91, 0x21, 0xF5, 0xFF, 0x31, 0x95, 0x09, 0x00, 0x17, 0xF3, 0x00, 0xF0, 0xF3, 0x0F, 0x00, 0xFE,
    0xF7, 0x0B, 0x00, 0x7F, 0xBF, 0x08, 0xF0, 0x4B, 0x5F, 0x0B, 0xB0, 0x14, 0xB5, 0x00, 0xB0, 0x14,
    0x00, 0xFF, 0x74, 0xF4, 0xFF, 0xCA, 0xEB, 0xCF, 0x7A, 0xEE, 0xFA, 0x7A, 0xFF, 0xAA, 0xCF, 0xC7,
    0x14, 0x11, 0xF6, 0xAC, 0x11, 0x11, 0xA4, 0xFF, 0x11, 0x74, 0xAA, 0xEF, 0x11, 0x74, 0xB7, 0x0F,
    0xCC, 0x7A, 0x0E, 0x00, 0x7A, 0xAC, 0xEE, 0x00, 0xAC, 0x7C, 0xCC, 0x0E, 0x7A, 0xEC, 0xEE, 0xEE,
    0xCC, 0xCE, 0x7A, 0xEE, 0xEE, 0xAC, 0x17, 0x74, 0xE0, 0x77, 0x14, 0x41, 0x00, 0x4F, 0x11, 0x11,
    0x80, 0x88, 0x25, 0x52, 0x00, 0x00, 0x88, 0x88, 0x00, 0x00, 0x00, 0x00, 0x00, 0x00, 0x00, 0x00,
    0x00, 0x00, 0x00, 0x00, 0x00, 0x00, 0x00, 0x00, 0x00, 0x00, 0x00, 0x00, 0x00, 0x00, 0x00, 0x00,
    0x08, 0x00, 0xF0, 0x1A, 0x00, 0x00, 0x00, 0x7E, 0x00, 0x00, 0x00, 0x7E, 0x00, 0x00, 0x00, 0x7E,
    0x00, 0x00, 0x00, 0x7E, 0x00, 0x00, 0x00, 0x7B, 0x00, 0x00, 0x00, 0xB0, 0x00, 0x00, 0xBF, 0xEB,
    0x14, 0x44, 0xB7, 0x00, 0x44, 0x11, 0x74, 0x0E, 0x44, 0x44, 0x44, 0x0E, 0x4A, 0x44, 0x74, 0xBE,
    0x77, 0x44, 0x17, 0xB7, 0x14, 0x11, 0x41, 0xA7, 0x7A, 0x17, 0x41, 0xBB, 0xEF, 0xAB, 0xA7, 0xE7,
    0x00, 0xCF, 0x11, 0x11, 0x00, 0xF0, 0x47, 0x44, 0x00, 0x00, 0x7F, 0x14, 0x00, 0x00, 0xF0, 0x4B,
    0x00, 0x00, 0x00, 0xB0, 0x00, 0x00, 0x00, 0x00, 0x00, 0x00, 0x00, 0x00, 0x00, 0x00, 0x00, 0x00,
    0x00, 0x00, 0x00, 0x00, 0xCC, 0x00, 0x00, 0x00, 0xC3, 0x00, 0x00, 0x00, 0xC1, 0x00, 0x00, 0x00,
    0xC1, 0x00, 0x00, 0x00, 0xC6, 0x0C, 0x00, 0x00, 0x11, 0x63, 0xC6, 0x0C, 0x36, 0x11, 0x11, 0x63,
    0x00, 0x00, 0x00, 0x00, 0x00, 0x00, 0x00, 0x00, 0x00, 0x00, 0x00, 0x00, 0x00, 0x00, 0x00, 0x00,
    0x00, 0x00, 0x00, 0x00, 0x00, 0x00, 0x00, 0x00, 0x00, 0x00, 0x00, 0x00, 0xC6, 0x0C, 0x00, 0x00,
    0xCC, 0xCC, 0x36, 0x11, 0x00, 0x00, 0xCC, 0xCC, 0x00, 0x00, 0x00, 0x00, 0x00, 0x00, 0x00, 0x00,
    0x00, 0x00, 0x00, 0x00, 0x00, 0x00, 0x00, 0x00, 0x00, 0x00, 0x00, 0x00, 0x00, 0x00, 0x00, 0x00,
    0x11, 0x63, 0xC6, 0x0C, 0x36, 0x11, 0x31, 0xB7, 0xCC, 0xCC, 0x76, 0xB7, 0x00, 0x00, 0xCC, 0x8B,
    0x00, 0x00, 0x00, 0x58, 0x00, 0x00, 0x00, 0x58, 0x00, 0x00, 0x00, 0x80, 0x00, 0x00, 0x00, 0x80,
    0x00, 0x00, 0x00, 0x00, 0x00, 0x00, 0x00, 0x00, 0x00, 0x00, 0x00, 0x00, 0x00, 0x00, 0x00, 0x00,
    0xFE, 0x00, 0x00, 0x00, 0xFB, 0xBB, 0x0A, 0x00, 0xB7, 0x7E, 0xB7, 0xBB, 0x77, 0x44, 0x7B, 0x77,
    0x00, 0x00, 0x00, 0x00, 0x00, 0x00, 0x00, 0x00, 0x00, 0x00, 0x00, 0x00, 0x00, 0x00, 0x00, 0x00,
    0x00, 0x00, 0x00, 0x00, 0x00, 0x00, 0x00, 0x00, 0xFF, 0x0E, 0x00, 0x00, 0xAA, 0x0F, 0x00, 0x00,
    0x44, 0x41, 0x44, 0x74, 0x41, 0x44, 0x44, 0x44, 0x11, 0x47, 0x14, 0x11, 0xA4, 0x7E, 0x1A, 0x14,
    0xFB, 0xEF, 0x47, 0x11, 0x00, 0x00, 0x7E, 0x4A, 0x00, 0x00, 0xE0, 0xBF, 0x00, 0x00, 0x00, 0xBF,
    0x4A, 0xF6, 0x00, 0x00, 0x17, 0xA1, 0x00, 0x00, 0x14, 0xA1, 0x0B, 0x00, 0x11, 0xF1, 0x0B, 0x00,
    0x11, 0xF4, 0x0F, 0x00, 0x41, 0xF7, 0x0F, 0x00, 0xB4, 0x3F, 0x0F, 0x00, 0xFB, 0xEE, 0xF7, 0x00,
    0x00, 0x00, 0x00, 0x90, 0x00, 0x00, 0x00, 0x50, 0x00, 0x00, 0x00, 0x50, 0x00, 0x00, 0x00, 0x00,
    0x00, 0x00, 0x00, 0x29, 0x00, 0x00, 0x00, 0x50, 0x00, 0x00, 0x00, 0x90, 0x00, 0x00, 0x00, 0x50,
    0x00, 0x00, 0x00, 0x00, 0x09, 0x90, 0x00, 0x00, 0x92, 0x50, 0x09, 0x00, 0x25, 0x92, 0x22, 0x09,
    0x59, 0x22, 0x55, 0x22, 0x52, 0x22, 0x25, 0x55, 0x52, 0x22, 0x29, 0x22, 0x29, 0x59, 0x95, 0x92,
    0x00, 0xBE, 0x8B, 0x88, 0x00, 0x3E, 0xB8, 0xEB, 0x00, 0x6E, 0x73, 0xBB, 0x00, 0xE0, 0x36, 0xB7,
    0x00, 0xE0, 0x66, 0x73, 0x00, 0x00, 0xEE, 0x67, 0x00, 0x00, 0x00, 0xEE, 0x00, 0x00, 0x00, 0x00,
    0xEB, 0x7E, 0xEE, 0xF3, 0xB8, 0xCE, 0xEE, 0xF6, 0x7E, 0xB7, 0x3E, 0xF7, 0x6E, 0x33, 0x66, 0x0F,
    0x77, 0xEE, 0xBB, 0x00, 0xEE, 0x0E, 0x00, 0x00, 0x00, 0x00, 0x00, 0x00, 0x00, 0x00, 0x00, 0x00,
    0x00, 0x00, 0x00, 0xEF, 0x00, 0x00, 0x00, 0xCF, 0x00, 0x00, 0xF0, 0xCC, 0x00, 0x00, 0xF0, 0xCC,
    0x00, 0x00, 0xF0, 0xC3, 0x00, 0x00, 0x00, 0x7F, 0x00, 0x00, 0x00, 0xF0, 0x00, 0x00, 0x00, 0x00,
    0xCC, 0xEE, 0xF3, 0x00, 0xCC, 0xEC, 0xF7, 0x00, 0xCC, 0xEC, 0xF3, 0x00, 0xCC, 0xEE, 0xF7, 0x00,
    0xEC, 0x7E, 0xF3, 0x00, 0x73, 0xF3, 0x0F, 0x00, 0xFF, 0x0F, 0x00, 0x00, 0x00, 0x00, 0x00, 0x00,
    0x00, 0x00, 0x00, 0x00, 0x00, 0x00, 0x00, 0x00, 0x00, 0x00, 0x00, 0x00, 0x09, 0x00, 0x00, 0x00,
    0x29, 0x09, 0x00, 0x00, 0x25, 0x05, 0x00, 0x00, 0x52, 0x99, 0x00, 0x00, 0x22, 0x52, 0x09, 0x00,
    0x00, 0xCC, 0xCC, 0x00, 0x00, 0x3C, 0x61, 0xCC, 0xC0, 0x13, 0x16, 0x63, 0xC0, 0x36, 0x13, 0x31,
    0x3C, 0x63, 0x66, 0x36, 0x6C, 0x13, 0x11, 0x63, 0xC0, 0xCC, 0x36, 0x11, 0x00, 0x00, 0xCC, 0xCC,
};
static const u16 sFrame27[] = {
    0x0008, 0x00D9, 0x81DE, 0x0000, 0x00E1, 0x41CE, 0x0010, 0x00E9, 0x41FE, 0x0014, 0x40D1, 0x01DE,
    0x0018, 0x40F9, 0x01E6, 0x001A, 0x40F9, 0x01FE, 0x001C, 0x00D1, 0x01EE, 0x001E, 0x00E1, 0x01C6,
    0x001F, 0x0000,
};
static const void* const sFrames27[] = { sFrame27 };
static const u8 sTiles28[992] __attribute__((aligned(4))) = {
    0x00, 0x00, 0x00, 0x00, 0x00, 0x00, 0x00, 0x00, 0x00, 0x00, 0x00, 0x00, 0x00, 0x00, 0x00, 0x00,
    0x00, 0x00, 0x00, 0x00, 0x00, 0x00, 0x90, 0x55, 0x00, 0x00, 0x00, 0x29, 0x00, 0x00, 0x00, 0x90,
    0x00, 0x00, 0x09, 0x00, 0x00, 0x00, 0x95, 0x90, 0x00, 0x00, 0x25, 0x29, 0x29, 0x95, 0x99, 0x22,
    0x90, 0x22, 0x55, 0x92, 0x55, 0x95, 0x22, 0x22, 0x22, 0x22, 0x29, 0x59, 0x22, 0x22, 0x25, 0x92,
    0x09, 0x00, 0x00, 0x00, 0x09, 0x00, 0x00, 0x00, 0x95, 0x00, 0x00, 0x00, 0x22, 0x52, 0x00, 0x00,
    0x55, 0x95, 0x90, 0x00, 0x29, 0x22, 0x95, 0x00, 0x22, 0x29, 0x22, 0x09, 0x25, 0x52, 0x22, 0x09,
    0x00, 0x00, 0x00, 0x00, 0x00, 0x00, 0x00, 0x00, 0x00, 0x00, 0x00, 0x00, 0x00, 0x00, 0x00, 0x00,
    0x00, 0x00, 0x00, 0x00, 0x00, 0x00, 0x00, 0xF0, 0x00, 0x00, 0x00, 0x5F, 0x00, 0x00, 0xBB, 0x25,
    0x00, 0x00, 0x00, 0x00, 0x00, 0x00, 0x00, 0x90, 0x00, 0x00, 0x90, 0x29, 0x00, 0x00, 0x00, 0x90,
    0x00, 0x00, 0x00, 0x00, 0x00, 0x00, 0x00, 0x00, 0x00, 0x00, 0x00, 0x00, 0x00, 0x00, 0x00, 0x00,
    0x59, 0x22, 0x29, 0x59, 0x25, 0x95, 0x52, 0x22, 0x92, 0x52, 0x22, 0x22, 0x25, 0x25, 0x22, 0x59,
    0x99, 0x9B, 0x52, 0x92, 0x90, 0xBB, 0x25, 0x52, 0xB0, 0x52, 0x5B, 0x92, 0xB0, 0x25, 0x9B, 0xF9,
    0x22, 0x52, 0x95, 0x09, 0x25, 0x22, 0x25, 0x09, 0x92, 0x59, 0x59, 0xF5, 0x22, 0x92, 0x99, 0x4F,
    0x25, 0x52, 0xF2, 0x63, 0x52, 0x59, 0xF9, 0xA3, 0x25, 0xF5, 0x6F, 0xA7, 0xFF, 0x6F, 0x33, 0x44,
    0x00, 0xF0, 0xE3, 0x56, 0xFF, 0xF0, 0x6F, 0xFE, 0xFF, 0x59, 0xBF, 0xF3, 0x5F, 0x22, 0x6B, 0xFE,
    0x2F, 0x92, 0xE9, 0x06, 0xFB, 0xFF, 0x00, 0x00, 0x43, 0xF7, 0x00, 0x00, 0xFF, 0x0F, 0x00, 0x00,
    0x00, 0x00, 0x00, 0x00, 0x00, 0x00, 0x00, 0x10, 0x00, 0x00, 0x00, 0x00, 0x00, 0x00, 0x00, 0x90,
    0x00, 0x00, 0x99, 0x55, 0x90, 0x59, 0x25, 0x22, 0x59, 0x22, 0xB9, 0xFF, 0x22, 0x95, 0xBF, 0x85,
    0x00, 0x25, 0xB8, 0xEB, 0x01, 0xB0, 0xB8, 0x66, 0x00, 0xF0, 0x4F, 0x16, 0xF9, 0xAF, 0x34, 0x33,
    0x95, 0x4F, 0x16, 0xA3, 0x95, 0x6F, 0x11, 0xE6, 0x29, 0x75, 0x46, 0xFA, 0x15, 0x92, 0xFF, 0x7F,
    0x36, 0x66, 0x4E, 0xF7, 0x41, 0x14, 0x11, 0x74, 0x14, 0x33, 0x44, 0x6A, 0x4A, 0x13, 0xA1, 0x63,
    0xA4, 0x31, 0x41, 0xF4, 0x33, 0x73, 0x37, 0x6F, 0x67, 0x76, 0xF4, 0x44, 0x73, 0x63, 0x7F, 0x14,
    0x00, 0x00, 0x00, 0x00, 0xFF, 0xFF, 0x00, 0x00, 0x77, 0xFA, 0x00, 0x00, 0xF6, 0xFF, 0x00, 0x00,
    0xEF, 0x0F, 0x00, 0x00, 0x44, 0xEE, 0x00, 0x00, 0x14, 0x61, 0x0E, 0xE0, 0x14, 0x11, 0xE7, 0x7B,
    0x52, 0x29, 0xB5, 0x28, 0x95, 0xBB, 0x85, 0x5B, 0x25, 0x8B, 0x5B, 0x82, 0x22, 0xB9, 0x8B, 0xF8,
    0x5B, 0x95, 0x99, 0x55, 0x90, 0x25, 0x25, 0x52, 0x00, 0x59, 0x95, 0xB9, 0x00, 0x00, 0x00, 0x00,
    0x99, 0xBB, 0x0F, 0xF0, 0x85, 0xBF, 0x00, 0xF0, 0xFF, 0x95, 0x00, 0xF0, 0x5B, 0x52, 0x09, 0x00,
    0x22, 0x52, 0x09, 0x00, 0x95, 0xB9, 0x00, 0x00, 0xBB, 0x0B, 0x00, 0x00, 0x00, 0x00, 0x00, 0xE0,
    0x44, 0xF4, 0x7E, 0x14, 0x6A, 0x7C, 0x7E, 0x47, 0x00, 0xBF, 0xB4, 0x17, 0x00, 0xBE, 0x47, 0x4B,
    0x00, 0xE0, 0x47, 0xEB, 0x00, 0xE0, 0x47, 0x14, 0x00, 0xEF, 0x47, 0x44, 0xEE, 0xBE, 0x17, 0x47,
    0x11, 0x11, 0xE1, 0x47, 0x11, 0x11, 0xE1, 0x14, 0x11, 0x11, 0x71, 0x14, 0x41, 0x11, 0x11, 0x41,
    0x4A, 0x11, 0x11, 0x44, 0xFE, 0x14, 0x11, 0x71, 0xF4, 0x47, 0x41, 0xEA, 0x44, 0xBF, 0xB4, 0x0F,
    0x00, 0x00, 0x00, 0x00, 0x00, 0x00, 0x00, 0x00, 0x00, 0x00, 0x00, 0x00, 0x00, 0x00, 0xFF, 0x0F,
    0x00, 0xFF, 0x63, 0xF7, 0xB0, 0xAB, 0xEB, 0x63, 0xEE, 0x77, 0xEB, 0x6E, 0x74, 0x41, 0xA4, 0x3B,
    0x00, 0x00, 0x00, 0x00, 0x00, 0x00, 0x00, 0x00, 0x00, 0x00, 0x00, 0x00, 0x00, 0x00, 0x00, 0x00,
    0x00, 0x00, 0x00, 0x00, 0x0B, 0x00, 0x00, 0x00, 0x0B, 0x00, 0x00, 0x00, 0xFE, 0x00, 0x00, 0x00,
    0x44, 0x17, 0x71, 0x37, 0x44, 0x14, 0xA1, 0x67, 0x44, 0x14, 0xB7, 0xEE, 0x44, 0x17, 0xE7, 0xBB,
    0xA4, 0x47, 0xFA, 0x7B, 0x77, 0x77, 0xBB, 0x37, 0xEE, 0xBE, 0x8B, 0x63, 0x00, 0xF0, 0x3B, 0xE6,
    0xEE, 0x00, 0x00, 0x00, 0xE7, 0x00, 0x00, 0x00, 0xE7, 0x00, 0x00, 0x00, 0x67, 0x0E, 0x00, 0x00,
    0x73, 0x0E, 0x00, 0x00, 0xE6, 0x0F, 0x00, 0x00, 0xE6, 0x00, 0x00, 0x00, 0x0E, 0x00, 0x00, 0x00,
    0x00, 0x00, 0x00, 0x6A, 0x00, 0x00, 0x00, 0x6E, 0x00, 0x00, 0x00, 0xAE, 0x00, 0x00, 0x00, 0xE0,
    0x00, 0x00, 0x00, 0x00, 0x00, 0x00, 0x00, 0x00, 0x00, 0x00, 0x00, 0x00, 0x00, 0x00, 0x00, 0x00,
    0x88, 0xA8, 0x47, 0x41, 0xC4, 0xEB, 0x4B, 0x11, 0x76, 0xBB, 0xAB, 0x1A, 0x66, 0xCA, 0x7A, 0xA7,
    0x6E, 0x74, 0x73, 0x66, 0xE0, 0xEE, 0xEE, 0xEE, 0x00, 0x00, 0x00, 0x00, 0x00, 0x00, 0x00, 0x00,
    0x74, 0xF7, 0x0B, 0x00, 0x11, 0xB7, 0x00, 0x00, 0x77, 0xFB, 0x00, 0x00, 0xBB, 0x0A, 0x00, 0x00,
    0xEE, 0x0F, 0x00, 0x00, 0x00, 0x00, 0x00, 0x00, 0x00, 0x00, 0x00, 0x00, 0x00, 0x00, 0x00, 0x00,
    0x00, 0x00, 0xEE, 0x0E, 0x00, 0x00, 0x00, 0x00, 0x00, 0x00, 0x00, 0x00, 0x00, 0x00, 0x00, 0x00,
    0x00, 0x00, 0x00, 0x00, 0x00, 0x00, 0x00, 0x00, 0x00, 0x00, 0x00, 0x00, 0x00, 0x00, 0x00, 0x00,
    0x00, 0x00, 0x00, 0x00, 0x00, 0x00, 0xC0, 0xCC, 0xCC, 0xC0, 0x7C, 0x71, 0x1C, 0x7C, 0xC1, 0x17,
    0x3C, 0x73, 0x11, 0x33, 0x7C, 0x31, 0x73, 0x77, 0xC0, 0x77, 0x37, 0x11, 0xC0, 0x17, 0x31, 0xCC,
    0x00, 0x00, 0x00, 0x00, 0x00, 0x00, 0x00, 0x00, 0x0C, 0x00, 0x00, 0x00, 0xC7, 0x00, 0x77, 0x77,
    0x73, 0x77, 0x33, 0x11, 0x37, 0x11, 0x11, 0x73, 0x31, 0xC7, 0xCC, 0xCC, 0xCC, 0x0C, 0x00, 0x00,
    0x00, 0x00, 0x00, 0x00, 0x00, 0x00, 0x00, 0x00, 0x00, 0x50, 0x09, 0x00, 0x00, 0x29, 0x09, 0x00,
    0x8F, 0x92, 0x00, 0x00, 0x58, 0x08, 0x00, 0x00, 0x82, 0x0F, 0x00, 0x00, 0x5B, 0x99, 0x00, 0x00,
    0xBB, 0x25, 0x09, 0x00, 0x85, 0xBF, 0x09, 0x00, 0xFF, 0x00, 0x00, 0x00, 0x00, 0x00, 0x00, 0x00,
    0x00, 0x00, 0x00, 0x00, 0x00, 0x00, 0x00, 0x00, 0x00, 0x00, 0x00, 0x00, 0x00, 0x00, 0x00, 0x00,
    0x00, 0x00, 0x00, 0x00, 0x00, 0x00, 0x00, 0x00, 0x00, 0x00, 0x00, 0x00, 0x00, 0x00, 0x00, 0x00,
    0x00, 0x00, 0x00, 0x00, 0x00, 0x00, 0x00, 0x00, 0x00, 0x00, 0x00, 0x00, 0x00, 0x00, 0x00, 0x90,
    0x00, 0x00, 0x00, 0x90, 0x00, 0x00, 0xC0, 0xBC, 0x70, 0x77, 0x77, 0xB7, 0x37, 0x13, 0x31, 0x77,
    0x11, 0x31, 0xC7, 0xCC, 0xCC, 0xCC, 0x0C, 0x00, 0x00, 0x00, 0x00, 0x00, 0x00, 0x00, 0x00, 0x00,
    0x00, 0xCC, 0xCC, 0x00, 0x00, 0x00, 0x00, 0x00, 0x00, 0x00, 0x00, 0x00, 0x00, 0x00, 0x00, 0x00,
    0x00, 0x00, 0x00, 0x00, 0x00, 0x00, 0x00, 0x00, 0x00, 0x00, 0x00, 0x00, 0x00, 0x00, 0x00, 0x00,
};
static const u16 sFrame28[] = {
    0x0007, 0x00DA, 0x81F6, 0x0000, 0x00EA, 0x4016, 0x0010, 0x40FA, 0x41FE, 0x0014, 0x40F2, 0x01DE,
    0x0018, 0x80DA, 0x0016, 0x001A, 0x80EA, 0x01EE, 0x001C, 0x00FA, 0x01DE, 0x001E, 0x0000,
};
static const void* const sFrames28[] = { sFrame28 };
static const u8 sTiles29[1024] __attribute__((aligned(4))) = {
    0x00, 0x00, 0x00, 0x29, 0x00, 0x00, 0x00, 0x90, 0x00, 0x00, 0x00, 0x29, 0x00, 0x00, 0x90, 0x55,
    0x00, 0x00, 0x00, 0x90, 0x00, 0x00, 0x00, 0x00, 0x00, 0x00, 0x00, 0x00, 0x00, 0x00, 0x00, 0x00,
    0x52, 0x25, 0x52, 0x22, 0x22, 0x25, 0x22, 0x95, 0x59, 0x22, 0x29, 0x22, 0x95, 0x95, 0x95, 0x92,
    0x99, 0x52, 0x52, 0x52, 0x99, 0x99, 0x99, 0x95, 0x19, 0xA9, 0x96, 0x55, 0x29, 0x61, 0x21, 0x29,
    0x29, 0x22, 0x09, 0x00, 0x52, 0x22, 0x09, 0x00, 0x52, 0x95, 0x09, 0x00, 0x52, 0x59, 0x92, 0x00,
    0x99, 0x92, 0x99, 0x00, 0x95, 0x52, 0x92, 0x00, 0x25, 0x59, 0x59, 0x09, 0xF5, 0xFF, 0xFF, 0x00,
    0x00, 0x00, 0x00, 0x00, 0x00, 0x00, 0x00, 0x00, 0x00, 0x00, 0x00, 0x00, 0x00, 0x00, 0x00, 0x00,
    0x00, 0x00, 0x00, 0x00, 0x00, 0x00, 0x00, 0x00, 0x00, 0xF0, 0xFF, 0x25, 0xFF, 0x7F, 0xF3, 0x71,
    0x00, 0x00, 0x00, 0x00, 0x00, 0x00, 0x00, 0x00, 0x00, 0x00, 0x00, 0x00, 0x9B, 0x99, 0x09, 0xB0,
    0xF5, 0x5F, 0xBF, 0xEB, 0x1F, 0x73, 0xFF, 0x37, 0x31, 0x9F, 0x95, 0x7F, 0x93, 0x12, 0x52, 0x6E,
    0x90, 0x12, 0x52, 0x5B, 0x00, 0x59, 0xB5, 0x8B, 0xB0, 0x77, 0xFF, 0xFF, 0x6E, 0x34, 0x11, 0x63,
    0x16, 0x41, 0x14, 0x74, 0x33, 0x73, 0x33, 0x11, 0x33, 0x67, 0xE7, 0x33, 0x44, 0xF6, 0x7F, 0x44,
    0xFB, 0x6B, 0xF4, 0xF0, 0x4F, 0x36, 0x9E, 0x25, 0x6B, 0x4F, 0x2F, 0x22, 0x37, 0xF6, 0x9F, 0x95,
    0x11, 0x37, 0xF6, 0x0F, 0x74, 0x41, 0x47, 0xF7, 0x43, 0x74, 0x33, 0xFB, 0x17, 0x44, 0xFF, 0x0F,
    0x17, 0x57, 0x71, 0x17, 0x39, 0xF1, 0x73, 0x33, 0xF5, 0xF1, 0x37, 0x3F, 0xFB, 0x73, 0x7F, 0xFF,
    0x7F, 0xF7, 0xFF, 0x00, 0xF0, 0x0F, 0x00, 0x00, 0x00, 0x00, 0x00, 0x00, 0x00, 0x00, 0x00, 0x00,
    0x00, 0x00, 0x00, 0x00, 0x00, 0x00, 0x00, 0x00, 0x00, 0x00, 0x00, 0x00, 0x00, 0x00, 0x00, 0x00,
    0x00, 0xC0, 0xCC, 0x00, 0x00, 0x3C, 0x71, 0xCC, 0xCC, 0x17, 0x13, 0x31, 0x7C, 0x77, 0x77, 0x77,
    0x00, 0x00, 0x00, 0x00, 0x00, 0x00, 0x00, 0x00, 0x00, 0x00, 0x00, 0x00, 0x00, 0x00, 0x00, 0x00,
    0xCC, 0x00, 0x00, 0x00, 0x17, 0x0C, 0x00, 0x00, 0x13, 0xC7, 0xCC, 0xCC, 0x73, 0x77, 0x13, 0x11,
    0x00, 0x00, 0x00, 0x00, 0x00, 0x00, 0x00, 0x00, 0x00, 0x00, 0x00, 0x00, 0x00, 0x00, 0x00, 0x00,
    0x00, 0x00, 0x00, 0x00, 0x00, 0x00, 0x00, 0x00, 0xCC, 0xCC, 0xCC, 0xCC, 0x11, 0x11, 0x11, 0x31,
    0x00, 0x00, 0x00, 0x00, 0x00, 0x00, 0x00, 0x00, 0x00, 0x00, 0x00, 0x00, 0x00, 0x00, 0x00, 0x00,
    0x00, 0x90, 0x99, 0x99, 0x00, 0x99, 0xF5, 0xFF, 0xBB, 0x59, 0xF9, 0x31, 0xC7, 0x55, 0x37, 0x73,
    0x7C, 0x33, 0x33, 0x33, 0xC0, 0xCC, 0xCC, 0xCC, 0x00, 0x00, 0x00, 0x00, 0x00, 0x00, 0x00, 0x00,
    0x00, 0x00, 0x00, 0x00, 0x00, 0x00, 0x00, 0x00, 0x00, 0x00, 0x00, 0x00, 0x00, 0x00, 0x00, 0x00,
    0x33, 0x33, 0x33, 0x33, 0xCC, 0xCC, 0xCC, 0xCC, 0x00, 0x00, 0x00, 0x00, 0x00, 0x00, 0x00, 0x00,
    0x00, 0x00, 0x00, 0x00, 0x00, 0x00, 0x00, 0x00, 0x00, 0x00, 0x00, 0x00, 0x00, 0x00, 0x00, 0x00,
    0x33, 0x33, 0x33, 0x73, 0xCC, 0xCC, 0xCC, 0xCC, 0x00, 0x00, 0x00, 0x00, 0x00, 0x00, 0x00, 0x00,
    0x00, 0x00, 0x00, 0x00, 0x00, 0x00, 0x00, 0x00, 0x00, 0x00, 0x00, 0x00, 0x00, 0x00, 0x00, 0x00,
    0x77, 0x22, 0x15, 0xFF, 0x9B, 0x55, 0x29, 0x95, 0x59, 0xB9, 0x9B, 0x99, 0x90, 0x55, 0x55, 0x55,
    0x00, 0x00, 0x90, 0x99, 0x00, 0x00, 0x00, 0x00, 0x00, 0x00, 0x00, 0xCC, 0x00, 0x00, 0xC0, 0x13,
    0xF3, 0x59, 0xF5, 0x77, 0x3F, 0xF7, 0x55, 0xFF, 0xF5, 0x5F, 0xB9, 0x70, 0x22, 0x52, 0x0B, 0x70,
    0x55, 0x95, 0x00, 0x77, 0x00, 0x00, 0x00, 0x03, 0x00, 0x00, 0x70, 0x07, 0xCC, 0x37, 0x07, 0x00,
    0xFF, 0x0F, 0xF0, 0xEE, 0x00, 0xF0, 0xEF, 0x46, 0x00, 0xF0, 0x4E, 0x44, 0x00, 0xEF, 0x47, 0x41,
    0xF0, 0xEB, 0x47, 0x11, 0xB0, 0xE7, 0x77, 0x14, 0xB0, 0x11, 0x7B, 0x11, 0xAB, 0x11, 0xB1, 0x14,
    0x37, 0x0C, 0x00, 0x00, 0xCC, 0x00, 0x00, 0x00, 0x00, 0x00, 0x00, 0xB0, 0x00, 0x00, 0x00, 0xB0,
    0x00, 0x00, 0x00, 0xE0, 0x00, 0x00, 0x00, 0x00, 0x00, 0x00, 0x00, 0xBC, 0x00, 0x00, 0xC0, 0xC7,
    0x7B, 0x11, 0xB1, 0x47, 0x7B, 0x44, 0x11, 0x7E, 0x47, 0x44, 0x17, 0xB4, 0x17, 0x41, 0x71, 0xAB,
    0xAB, 0x77, 0x7B, 0xEB, 0xEE, 0x9E, 0xEE, 0xEC, 0x9E, 0x88, 0x69, 0xE6, 0xC8, 0x99, 0x39, 0xBE,
    0x00, 0x00, 0x00, 0x00, 0x00, 0x00, 0x00, 0x00, 0x00, 0x00, 0x00, 0x00, 0x00, 0x00, 0x00, 0x90,
    0x00, 0x00, 0x00, 0x20, 0x00, 0x00, 0x00, 0x50, 0x00, 0x00, 0x00, 0x90, 0x00, 0x00, 0x90, 0x55,
    0x90, 0x00, 0x00, 0x00, 0x50, 0x09, 0x09, 0x00, 0x50, 0x92, 0x95, 0x00, 0x50, 0x22, 0x29, 0x09,
    0x59, 0x22, 0x25, 0x92, 0x52, 0x22, 0x55, 0x55, 0x52, 0x22, 0x29, 0x22, 0x29, 0x59, 0x25, 0x29,
    0x14, 0x11, 0x71, 0xAE, 0x14, 0x11, 0x41, 0x74, 0x77, 0x14, 0x44, 0x74, 0x77, 0x47, 0x14, 0x71,
    0x4B, 0x11, 0x77, 0xBA, 0xA7, 0xAA, 0xE8, 0xE7, 0x8B, 0x88, 0xEE, 0xE3, 0x8B, 0x7B, 0x36, 0xE6,
    0x0E, 0x00, 0x00, 0x00, 0x0B, 0x00, 0x00, 0x00, 0x0B, 0x00, 0x00, 0x00, 0x0B, 0x00, 0x00, 0x00,
    0x0F, 0x00, 0x00, 0x00, 0x00, 0x00, 0x00, 0x00, 0x00, 0x00, 0x00, 0x00, 0x00, 0x00, 0x00, 0x00,
    0x00, 0x00, 0x7C, 0x8C, 0x00, 0x00, 0x3C, 0xC9, 0x00, 0x00, 0x6C, 0x33, 0x00, 0x00, 0xC0, 0x6C,
    0x00, 0x00, 0x00, 0xC0, 0x00, 0x00, 0x00, 0x00, 0x00, 0x00, 0x00, 0x00, 0x00, 0x00, 0x00, 0x00,
    0xCC, 0xC7, 0xC6, 0x7E, 0x7C, 0x37, 0xEC, 0x3E, 0x66, 0x63, 0x0E, 0x6E, 0x33, 0xE6, 0x00, 0xE0,
    0xCC, 0x0E, 0x00, 0x00, 0x00, 0x00, 0x00, 0x00, 0x00, 0x00, 0x00, 0x00, 0x00, 0x00, 0x00, 0x00,
    0x00, 0x00, 0x00, 0x00, 0x00, 0x00, 0x00, 0x00, 0x00, 0x00, 0x00, 0x00, 0x00, 0x00, 0x00, 0x00,
    0x00, 0x00, 0x00, 0x00, 0x00, 0x00, 0x00, 0x00, 0x05, 0x00, 0x00, 0x00, 0x99, 0x00, 0x00, 0x00,
    0x52, 0x09, 0x00, 0x00, 0x99, 0x00, 0x00, 0x00, 0x57, 0x00, 0x00, 0x00, 0x2F, 0x09, 0x00, 0x00,
    0xF0, 0x09, 0x00, 0x00, 0x00, 0x00, 0x00, 0x00, 0x00, 0x00, 0x00, 0x00, 0x00, 0x00, 0x00, 0x00,
    0x00, 0x00, 0x00, 0x00, 0x00, 0x00, 0x00, 0x00, 0x00, 0x00, 0x00, 0x00, 0x09, 0x00, 0x00, 0x00,
    0x92, 0x00, 0x00, 0x00, 0x52, 0x00, 0x00, 0x00, 0x95, 0x09, 0x00, 0x00, 0x22, 0x95, 0x00, 0x00,
    0x6E, 0xFF, 0xAC, 0x0F, 0xE4, 0xAE, 0x7C, 0x0F, 0x11, 0xE6, 0xCA, 0x0F, 0x11, 0x71, 0xFE, 0x00,
    0x11, 0x11, 0xFE, 0x00, 0x11, 0x11, 0x0E, 0x00, 0x11, 0x11, 0xE7, 0x00, 0x14, 0x11, 0x71, 0xEE,
    0x00, 0x00, 0x00, 0xCC, 0x00, 0x00, 0x00, 0x00, 0x00, 0x00, 0x00, 0x00, 0x00, 0x00, 0x00, 0x00,
    0x00, 0x00, 0x00, 0x00, 0x00, 0x00, 0x00, 0x00, 0x00, 0x00, 0x00, 0x00, 0x00, 0x00, 0x00, 0x00,
    0x8B, 0xBB, 0x67, 0x0E, 0x86, 0x36, 0x37, 0x0E, 0x33, 0x33, 0x63, 0x0E, 0xEE, 0xEE, 0xEE, 0x00,
    0x00, 0x00, 0x00, 0x00, 0x00, 0x00, 0x00, 0x00, 0x00, 0x00, 0x00, 0x00, 0x00, 0x00, 0x00, 0x00,
};
static const u16 sFrame29[] = {
    0x000B, 0x40DB, 0x81F2, 0x0000, 0x40E3, 0x81D2, 0x0008, 0x00EB, 0x41F2, 0x0010, 0x40D3, 0x01F2,
    0x0014, 0x40F3, 0x0002, 0x0016, 0x40FB, 0x01F2, 0x0018, 0x80DB, 0x0012, 0x001A, 0x00D3, 0x0002,
    0x001C, 0x00EB, 0x0002, 0x001D, 0x00F3, 0x01EA, 0x001E, 0x00FB, 0x0002, 0x001F, 0x0000,
};
static const void* const sFrames29[] = { sFrame29 };
static const u8 sTiles30[928] __attribute__((aligned(4))) = {
    0x00, 0x00, 0x00, 0x90, 0x00, 0x00, 0x00, 0x8B, 0x00, 0x00, 0x00, 0x00, 0x00, 0x00, 0x00, 0x90,
    0x00, 0x00, 0x00, 0x8B, 0x0C, 0x00, 0x00, 0x00, 0xC7, 0x0C, 0x00, 0x00, 0x1C, 0xC7, 0x00, 0x00,
    0x29, 0x52, 0x25, 0x22, 0x99, 0x22, 0x25, 0x52, 0x29, 0x59, 0x22, 0x29, 0x55, 0x95, 0x95, 0x25,
    0x9B, 0x99, 0x52, 0x92, 0xB0, 0x79, 0x29, 0x79, 0x00, 0x5B, 0x11, 0x61, 0x00, 0x99, 0x12, 0x11,
    0x25, 0x92, 0x22, 0x92, 0x52, 0x29, 0x25, 0x92, 0x22, 0x22, 0x55, 0x99, 0x29, 0x29, 0x52, 0x92,
    0x25, 0x95, 0x95, 0x95, 0x93, 0x29, 0x99, 0x09, 0x21, 0x29, 0x25, 0xE9, 0x91, 0x92, 0xB5, 0xAA,
    0x00, 0x00, 0x00, 0x00, 0x00, 0x00, 0x00, 0x00, 0x00, 0x00, 0x00, 0x00, 0x00, 0x00, 0x00, 0x00,
    0x00, 0x00, 0x00, 0x00, 0x00, 0x00, 0x00, 0x00, 0x00, 0x00, 0x00, 0x00, 0x0F, 0x00, 0x00, 0x00,
    0x13, 0x0C, 0x00, 0x00, 0xC1, 0x00, 0x00, 0x00, 0xC7, 0x0C, 0x00, 0x00, 0x31, 0xC7, 0x0C, 0x00,
    0x13, 0x31, 0xC7, 0x0C, 0xCC, 0x13, 0x31, 0xC7, 0x00, 0xCC, 0x13, 0x31, 0x00, 0x00, 0xCC, 0x13,
    0x00, 0x00, 0x29, 0x21, 0x00, 0x00, 0xB9, 0x98, 0x00, 0xF0, 0xA4, 0x68, 0x00, 0x6F, 0x71, 0xEE,
    0x00, 0x1F, 0x63, 0xBA, 0x0C, 0xF0, 0xEE, 0x99, 0xC7, 0x9B, 0x59, 0x55, 0x71, 0x99, 0x8B, 0xFB,
    0x55, 0x59, 0x7B, 0x46, 0x59, 0x88, 0x6A, 0x13, 0x8B, 0xB8, 0x17, 0x11, 0x29, 0xEB, 0x34, 0xA4,
    0xBE, 0x3E, 0xEB, 0xEE, 0xB9, 0x6B, 0xEE, 0x95, 0x95, 0xE9, 0x2E, 0x21, 0xBB, 0x2E, 0x12, 0x95,
    0x0F, 0x00, 0x00, 0x00, 0xF7, 0x00, 0x00, 0x00, 0xF6, 0x00, 0x00, 0x00, 0xBE, 0x0F, 0x00, 0x00,
    0x6F, 0xFA, 0x00, 0x00, 0x7F, 0xF3, 0x00, 0x00, 0xF9, 0x0F, 0x00, 0x00, 0xFF, 0x0F, 0x00, 0x00,
    0x00, 0x00, 0x00, 0xCC, 0x00, 0x00, 0x00, 0x00, 0x00, 0x00, 0x00, 0x90, 0x00, 0x00, 0x00, 0xB0,
    0x00, 0x00, 0x00, 0xB0, 0x00, 0x00, 0x00, 0x00, 0x00, 0x00, 0x00, 0x00, 0x00, 0x00, 0x00, 0x00,
    0x77, 0x55, 0x82, 0x58, 0xBC, 0x95, 0x59, 0x22, 0x95, 0xBB, 0x19, 0x11, 0x52, 0xF9, 0x28, 0x11,
    0x25, 0x95, 0x5F, 0x52, 0x9B, 0x52, 0xB5, 0xFF, 0x7A, 0x5B, 0x22, 0x95, 0x70, 0xB7, 0x99, 0x19,
    0xE2, 0xE3, 0x92, 0x99, 0xE1, 0x93, 0x92, 0xEF, 0x12, 0x19, 0xF7, 0xCE, 0x99, 0x7F, 0xF3, 0x7A,
    0x39, 0xF7, 0xCF, 0xAC, 0xFF, 0xCC, 0x7C, 0xFA, 0xA9, 0xF6, 0xCC, 0x7F, 0x36, 0x0A, 0xEF, 0x37,
    0x7E, 0x0F, 0x00, 0x00, 0xAC, 0xFA, 0x00, 0x00, 0xC7, 0xC7, 0x00, 0x00, 0xAC, 0x7C, 0x0F, 0x00,
    0xEF, 0xFF, 0x0F, 0x00, 0x47, 0x74, 0xE7, 0x00, 0x44, 0x11, 0xE3, 0x00, 0x41, 0x11, 0x61, 0x0E,
    0x00, 0x00, 0x00, 0x00, 0x00, 0x00, 0x00, 0x00, 0x00, 0x00, 0x00, 0x00, 0x00, 0x00, 0x00, 0x00,
    0x00, 0x00, 0x00, 0x00, 0x00, 0x00, 0x00, 0x00, 0x00, 0x00, 0x00, 0xBE, 0x00, 0x00, 0x00, 0x3E,
    0xB0, 0x4B, 0x14, 0x11, 0xA0, 0x77, 0x44, 0x11, 0xE0, 0x47, 0x44, 0x41, 0xF0, 0x7B, 0x47, 0x14,
    0x00, 0x4E, 0x11, 0x77, 0xBF, 0xEB, 0x3A, 0xAE, 0x8B, 0x88, 0xBE, 0x7C, 0xB8, 0xEB, 0xB8, 0xCE,
    0x61, 0x00, 0xF0, 0x67, 0x71, 0x66, 0xF0, 0x77, 0x71, 0x6E, 0x03, 0x7B, 0x17, 0x74, 0x6E, 0xB0,
    0x71, 0xFB, 0x60, 0xA3, 0x7B, 0xFB, 0x00, 0x1A, 0xEE, 0xF3, 0x00, 0xA0, 0xEE, 0xF6, 0x00, 0xA0,
    0x11, 0x11, 0x11, 0x0E, 0x14, 0x11, 0x11, 0x0E, 0x11, 0x11, 0x11, 0xE7, 0x14, 0x14, 0x11, 0x71,
    0x47, 0x14, 0x11, 0x71, 0x7A, 0x44, 0x11, 0x11, 0xA6, 0x44, 0x14, 0x74, 0x36, 0x7A, 0x44, 0x11,
    0x36, 0x1A, 0x71, 0xA7, 0xAA, 0xAA, 0xAB, 0x7E, 0xB0, 0x3F, 0x7E, 0x8E, 0x00, 0xF0, 0x3E, 0xEE,
    0x00, 0x00, 0x6E, 0x63, 0x00, 0x00, 0xE0, 0x76, 0x00, 0x00, 0xE0, 0x73, 0x00, 0x00, 0xE0, 0x36,
    0xEB, 0x0E, 0x00, 0x00, 0xCE, 0xBE, 0x00, 0x00, 0xC7, 0x7C, 0x0E, 0x00, 0x88, 0xB8, 0x0E, 0x00,
    0xB7, 0xB8, 0xEB, 0x00, 0xBB, 0xB8, 0xE7, 0x00, 0x63, 0x68, 0xE3, 0x00, 0x33, 0x33, 0xE6, 0x00,
    0x00, 0x00, 0xF0, 0xEE, 0x00, 0x00, 0x00, 0x00, 0x00, 0x00, 0x00, 0x00, 0x00, 0x00, 0x00, 0x00,
    0x00, 0x00, 0x00, 0x00, 0x00, 0x00, 0x00, 0x00, 0x00, 0x00, 0x00, 0x00, 0x00, 0x00, 0x00, 0x00,
    0xEE, 0xEE, 0x0E, 0x00, 0x00, 0x00, 0x00, 0x00, 0x00, 0x00, 0x00, 0x00, 0x00, 0x00, 0x00, 0x00,
    0x00, 0x00, 0x00, 0x00, 0x00, 0x00, 0x00, 0x00, 0x00, 0x00, 0x00, 0x00, 0x00, 0x00, 0x00, 0x00,
    0x00, 0x00, 0x00, 0x00, 0x00, 0x00, 0x00, 0x00, 0x00, 0x00, 0x00, 0x00, 0x00, 0x00, 0x00, 0x00,
    0x00, 0x00, 0x00, 0x5B, 0x00, 0x00, 0x00, 0x00, 0x00, 0x00, 0x00, 0x00, 0x00, 0x00, 0x00, 0x00,
    0x90, 0x00, 0x00, 0x00, 0x50, 0x09, 0x00, 0x09, 0x00, 0x25, 0x09, 0x95, 0x90, 0x5B, 0x22, 0x29,
    0x25, 0x59, 0x22, 0x55, 0x5B, 0x52, 0x22, 0x25, 0x90, 0x52, 0x22, 0x29, 0x55, 0x29, 0x59, 0x95,
    0x00, 0x00, 0x00, 0x6E, 0x00, 0x00, 0x00, 0xE0, 0x00, 0x00, 0x00, 0xE0, 0x00, 0x00, 0x00, 0x00,
    0x00, 0x00, 0x00, 0x00, 0x00, 0x00, 0x00, 0x00, 0x00, 0x00, 0x00, 0x00, 0x00, 0x00, 0x00, 0x00,
    0x73, 0xBB, 0x7E, 0xB7, 0x36, 0xB7, 0x6E, 0x33, 0x66, 0x73, 0x77, 0xEE, 0xEE, 0x67, 0xEE, 0x0E,
    0x00, 0xEE, 0x00, 0x00, 0x00, 0x00, 0x00, 0x00, 0x00, 0x00, 0x00, 0x00, 0x00, 0x00, 0x00, 0x00,
    0x00, 0x00, 0x00, 0x00, 0x00, 0x00, 0x00, 0x00, 0x00, 0x00, 0x00, 0x00, 0x00, 0x00, 0x00, 0x00,
    0x00, 0x00, 0xC0, 0x0C, 0x00, 0xC0, 0x3C, 0xC1, 0xC0, 0x7C, 0x11, 0x3C, 0x7C, 0x37, 0x33, 0x71,
    0x7C, 0x33, 0x37, 0x11, 0xC0, 0x13, 0x33, 0x37, 0x00, 0xCC, 0x13, 0x33, 0x00, 0x00, 0xCC, 0x13,
    0x00, 0x00, 0x00, 0xCC, 0x00, 0x00, 0x00, 0x00, 0x00, 0x00, 0x00, 0x00, 0x00, 0x00, 0x00, 0x00,
    0x00, 0x00, 0x00, 0x00, 0x00, 0x00, 0x00, 0x00, 0x00, 0x00, 0x00, 0x00, 0x92, 0x9B, 0x00, 0x00,
    0x22, 0x29, 0x09, 0x00, 0x55, 0x25, 0xB5, 0x00, 0x22, 0x52, 0x99, 0x0B, 0x92, 0x22, 0x52, 0xB9,
    0x00, 0x00, 0x00, 0x00, 0x00, 0x00, 0x00, 0x00, 0x00, 0x00, 0x00, 0x00, 0xEE, 0x00, 0x00, 0x00,
    0xAE, 0x0E, 0x00, 0x00, 0x74, 0x0E, 0x00, 0x00, 0xB7, 0x0F, 0x00, 0x00, 0xB7, 0x00, 0x00, 0x00,
    0x3E, 0xF7, 0x00, 0xA0, 0x66, 0x0F, 0x00, 0x00, 0xBB, 0x00, 0x00, 0x00, 0x00, 0x00, 0x00, 0x00,
    0x00, 0x00, 0x00, 0x00, 0x00, 0x00, 0x00, 0x00, 0x00, 0x00, 0x00, 0x00, 0x00, 0x00, 0x00, 0x00,
};
static const u16 sFrame30[] = {
    0x0008, 0x00D7, 0x81E3, 0x0000, 0x00F7, 0x41FB, 0x0010, 0x40CF, 0x01E3, 0x0014, 0x40F7, 0x01E3,
    0x0016, 0x80D7, 0x01DB, 0x0018, 0x00CF, 0x01F3, 0x001A, 0x00EF, 0x0003, 0x001B, 0x00F7, 0x01F3,
    0x001C, 0x0000,
};
static const void* const sFrames30[] = { sFrame30 };
static const u8 sTiles31[896] __attribute__((aligned(4))) = {
    0x00, 0x00, 0x00, 0x00, 0x00, 0x00, 0x00, 0x00, 0x00, 0x00, 0x00, 0x00, 0x00, 0x00, 0x00, 0x00,
    0x00, 0x00, 0x00, 0x00, 0x00, 0xC0, 0x0C, 0x00, 0x00, 0x6C, 0xC1, 0x0C, 0x00, 0x3C, 0x36, 0x6C,
    0x00, 0x00, 0x00, 0x00, 0x00, 0x00, 0x00, 0x00, 0x00, 0x00, 0x00, 0x00, 0x00, 0x00, 0x00, 0x00,
    0x00, 0x00, 0x00, 0x00, 0x00, 0x00, 0x00, 0x00, 0x00, 0x00, 0x00, 0x00, 0xCC, 0x00, 0x00, 0x00,
    0x00, 0x00, 0x29, 0x52, 0x00, 0x90, 0x95, 0x22, 0x00, 0x00, 0x29, 0x59, 0x00, 0x90, 0x55, 0x95,
    0x00, 0x00, 0x99, 0x99, 0x00, 0x00, 0x59, 0x59, 0x00, 0x00, 0x90, 0x99, 0x00, 0x00, 0x90, 0x59,
    0x25, 0x22, 0x25, 0x92, 0x25, 0x52, 0x52, 0x29, 0x22, 0x29, 0x22, 0x22, 0x95, 0x25, 0x29, 0x29,
    0x52, 0x92, 0x25, 0x95, 0x59, 0x59, 0x59, 0x59, 0x95, 0x55, 0x59, 0x55, 0x95, 0x59, 0x95, 0x52,
    0xC0, 0x13, 0x13, 0xC3, 0x3C, 0x66, 0x13, 0x31, 0x6C, 0x63, 0x66, 0x33, 0xC0, 0xCC, 0x36, 0x66,
    0x00, 0x00, 0xCC, 0x6C, 0x00, 0x00, 0x00, 0xC0, 0x00, 0x00, 0x00, 0x00, 0x00, 0x00, 0x00, 0x00,
    0x31, 0x0C, 0x00, 0x00, 0x61, 0x0C, 0x00, 0x00, 0x63, 0x00, 0x00, 0x00, 0xC6, 0x6C, 0x00, 0x00,
    0x13, 0x11, 0x66, 0x06, 0xCC, 0x36, 0x11, 0x61, 0x00, 0xCC, 0x6C, 0x13, 0x00, 0x00, 0xC0, 0xCC,
    0x00, 0x00, 0x00, 0x59, 0x00, 0x00, 0x00, 0x90, 0x00, 0x00, 0x00, 0x80, 0x00, 0x00, 0x00, 0x00,
    0x00, 0x00, 0x00, 0x00, 0x66, 0x00, 0x00, 0x00, 0x11, 0x66, 0x06, 0x00, 0x36, 0x11, 0x61, 0xCC,
    0x29, 0x59, 0x59, 0x99, 0x11, 0x9A, 0x89, 0x95, 0x12, 0x16, 0xB2, 0xBB, 0x28, 0x21, 0xB5, 0xB5,
    0x80, 0x55, 0xBB, 0xB8, 0xB0, 0x8B, 0x58, 0x5B, 0x7F, 0x58, 0x55, 0x88, 0xBE, 0x25, 0xBB, 0x52,
    0x00, 0x00, 0x00, 0x00, 0x00, 0x00, 0x00, 0xF0, 0x00, 0x00, 0x00, 0xFF, 0x00, 0x00, 0x00, 0x7F,
    0x00, 0x00, 0xF0, 0x7A, 0x00, 0x00, 0xF0, 0x67, 0x00, 0x00, 0xF0, 0x17, 0x00, 0x00, 0xF0, 0x17,
    0xFF, 0xBF, 0x58, 0x85, 0x7F, 0x11, 0xF4, 0x5F, 0x47, 0x11, 0x11, 0xEF, 0x47, 0x11, 0x41, 0xF7,
    0x14, 0x11, 0x74, 0xFF, 0x11, 0x41, 0xFA, 0xB0, 0x11, 0x41, 0xF7, 0xC0, 0x41, 0x74, 0xA7, 0xCF,
    0xCB, 0x6C, 0x7C, 0x0F, 0x25, 0x35, 0xFF, 0xFA, 0xFC, 0x6F, 0xAA, 0xFF, 0x7F, 0x66, 0x11, 0xF6,
    0x4B, 0x13, 0x11, 0xA4, 0xCC, 0x16, 0x74, 0xAA, 0x63, 0xCC, 0x41, 0x77, 0x16, 0x36, 0x4C, 0x74,
    0x00, 0x00, 0x00, 0x00, 0x00, 0x00, 0x00, 0x00, 0x00, 0x00, 0x00, 0x00, 0x0E, 0x00, 0x00, 0x00,
    0x0F, 0x00, 0x00, 0x00, 0x0F, 0x00, 0x00, 0x00, 0x0B, 0x00, 0x00, 0x00, 0x0B, 0x00, 0x00, 0x00,
    0x00, 0x00, 0x00, 0x1B, 0x00, 0x00, 0x00, 0x7B, 0x00, 0x00, 0xE0, 0x49, 0x00, 0x00, 0xE0, 0x8E,
    0x00, 0x00, 0x6E, 0x8E, 0x00, 0x00, 0x6E, 0x9E, 0x00, 0x00, 0x6E, 0xB8, 0x00, 0x00, 0x6E, 0xB9,
    0x74, 0x47, 0xA7, 0xCE, 0x41, 0xA7, 0xEE, 0x00, 0x77, 0x7A, 0x0E, 0x00, 0xB9, 0x67, 0x0E, 0x00,
    0xBE, 0xE3, 0x00, 0x00, 0x7B, 0xE6, 0x00, 0x00, 0x3B, 0x06, 0x00, 0x00, 0x63, 0x0E, 0x00, 0x00,
    0x33, 0xCC, 0x14, 0x41, 0xCC, 0x4C, 0x44, 0x44, 0xE0, 0xA7, 0x44, 0x44, 0xB0, 0x17, 0x47, 0x74,
    0xA0, 0x47, 0x11, 0x11, 0x00, 0x4B, 0x11, 0x77, 0xE0, 0xBE, 0x14, 0x71, 0xF0, 0x7E, 0xAA, 0x8A,
    0xE7, 0x00, 0x00, 0x00, 0xE4, 0x00, 0x00, 0x00, 0xE7, 0x0B, 0x00, 0x00, 0x77, 0x0E, 0x00, 0x00,
    0x74, 0x0B, 0x00, 0x00, 0xBA, 0x00, 0x00, 0x00, 0xA7, 0x0B, 0x00, 0x00, 0x7E, 0x0E, 0x00, 0x00,
    0x00, 0x00, 0xE0, 0x36, 0x00, 0x00, 0x00, 0xEE, 0x00, 0x00, 0x00, 0x00, 0x00, 0x00, 0x00, 0x00,
    0x00, 0x00, 0x00, 0x00, 0x00, 0x00, 0x00, 0x00, 0x00, 0x00, 0x00, 0x00, 0x00, 0x00, 0x00, 0x00,
    0xE6, 0x00, 0x00, 0x00, 0x0E, 0x00, 0x00, 0x00, 0x00, 0x00, 0x00, 0x00, 0x00, 0x00, 0x00, 0x00,
    0x00, 0x00, 0x00, 0x00, 0x00, 0x00, 0x00, 0x00, 0x00, 0x00, 0x00, 0x00, 0x00, 0x00, 0x00, 0x00,
    0x00, 0xBE, 0x88, 0xE8, 0x00, 0xBE, 0x8B, 0xBB, 0xE0, 0xB6, 0x8B, 0xBB, 0xE0, 0xB3, 0x8B, 0x6B,
    0xE0, 0x36, 0x33, 0x33, 0x00, 0xEE, 0xEE, 0xEE, 0x00, 0x00, 0x00, 0x00, 0x00, 0x00, 0x00, 0x00,
    0x3E, 0x0E, 0x00, 0x00, 0x63, 0x0E, 0x00, 0x00, 0xE7, 0x00, 0x00, 0x00, 0xE3, 0x00, 0x00, 0x00,
    0xE6, 0x00, 0x00, 0x00, 0x0E, 0x00, 0x00, 0x00, 0x00, 0x00, 0x00, 0x00, 0x00, 0x00, 0x00, 0x00,
    0x00, 0x00, 0x00, 0x00, 0x00, 0x00, 0x00, 0x00, 0x00, 0x00, 0x00, 0x00, 0x00, 0x00, 0x00, 0x00,
    0x09, 0x00, 0x00, 0x00, 0x55, 0x00, 0x00, 0x00, 0x99, 0x00, 0x00, 0x00, 0x52, 0x59, 0x00, 0x00,
    0x22, 0x95, 0x00, 0x00, 0x25, 0x92, 0x00, 0x00, 0x55, 0x22, 0x09, 0x00, 0x52, 0x95, 0x09, 0x00,
    0x25, 0x25, 0x09, 0x00, 0x95, 0x25, 0x99, 0x00, 0x99, 0x95, 0x99, 0x00, 0x92, 0x55, 0x09, 0x00,
    0x99, 0x29, 0x09, 0x00, 0x95, 0x95, 0x00, 0x00, 0x8B, 0xEB, 0x00, 0x00, 0xBB, 0xAE, 0x0F, 0x00,
    0xEF, 0x37, 0xF6, 0x00, 0x4F, 0x11, 0x41, 0x0F, 0xB8, 0x43, 0x13, 0x0F, 0x55, 0x88, 0x46, 0xF3,
    0xFF, 0x8F, 0xFF, 0xFF, 0xBF, 0xF3, 0x28, 0xB2, 0x6B, 0x8E, 0x12, 0xB5, 0xEF, 0xF6, 0x85, 0x0B,
    0x5F, 0xF8, 0x0F, 0x00, 0xB6, 0xFF, 0xFE, 0x00, 0xBF, 0x3E, 0xFA, 0x00, 0xB8, 0x6C, 0xC7, 0x0F,
    0x00, 0x00, 0x00, 0x90, 0x00, 0x00, 0x00, 0x50, 0x00, 0x00, 0x00, 0x50, 0x00, 0x00, 0x90, 0x50,
    0x00, 0x00, 0x20, 0x59, 0x00, 0x00, 0x50, 0x52, 0x00, 0x00, 0x90, 0x52, 0x00, 0x90, 0x55, 0x29,
    0x00, 0x00, 0x00, 0x00, 0x09, 0x90, 0x00, 0x00, 0x92, 0x50, 0x09, 0x00, 0x22, 0x29, 0x92, 0x90,
    0x22, 0x55, 0x22, 0x29, 0x22, 0x25, 0x55, 0x25, 0x22, 0x29, 0x22, 0x52, 0x59, 0x95, 0x92, 0x22,
    0xCC, 0x6C, 0x13, 0x77, 0x00, 0xC0, 0xCC, 0x87, 0x00, 0x00, 0x00, 0xBC, 0x00, 0x00, 0x00, 0x5B,
    0x00, 0x00, 0x00, 0x58, 0x00, 0x00, 0x00, 0x58, 0x00, 0x00, 0x00, 0xBF, 0x00, 0x00, 0x00, 0x2F,
    0x8B, 0x52, 0x85, 0x5F, 0x55, 0xB5, 0x8B, 0xF2, 0x25, 0xBB, 0x28, 0x51, 0xB8, 0x85, 0x55, 0x21,
    0xB5, 0x2B, 0x82, 0x25, 0x52, 0xB8, 0x5F, 0xF2, 0x58, 0x22, 0xF5, 0xFF, 0xBC, 0x58, 0x22, 0x52,
};
static const u16 sFrame31[] = {
    0x0006, 0x40D2, 0x81DC, 0x0000, 0x40EA, 0x81EC, 0x0008, 0x40FA, 0x41EC, 0x0010, 0x80CA, 0x41FC,
    0x0014, 0x40CA, 0x01EC, 0x0018, 0x40E2, 0x01EC, 0x001A, 0x0000,
};
static const void* const sFrames31[] = { sFrame31 };
static const u8 sTiles32[832] __attribute__((aligned(4))) = {
    0x00, 0x00, 0x00, 0x00, 0x00, 0x00, 0x00, 0x99, 0x00, 0x00, 0x99, 0x25, 0x00, 0x90, 0x95, 0x92,
    0x90, 0x29, 0x22, 0x25, 0x00, 0x90, 0x95, 0x52, 0x00, 0x00, 0x29, 0x95, 0x00, 0x90, 0x52, 0x22,
    0x99, 0x99, 0x95, 0x00, 0x52, 0x92, 0x25, 0x95, 0x25, 0x52, 0x52, 0x59, 0x52, 0x92, 0x25, 0x52,
    0x22, 0x59, 0x22, 0x92, 0x22, 0x22, 0x92, 0x59, 0x52, 0x22, 0x25, 0x22, 0x29, 0x59, 0x22, 0x52,
    0x00, 0x00, 0x16, 0xC3, 0x00, 0x00, 0x1C, 0xC3, 0x59, 0x00, 0x3C, 0xC6, 0x92, 0x00, 0xC0, 0x77,
    0x99, 0x00, 0xC0, 0xC7, 0x59, 0x85, 0x85, 0x52, 0x25, 0x59, 0x52, 0x58, 0x95, 0x59, 0xB5, 0x8B,
    0x00, 0x00, 0x00, 0x00, 0x00, 0x00, 0x00, 0x00, 0x00, 0x00, 0x00, 0x00, 0x0B, 0x00, 0x00, 0x00,
    0x88, 0x08, 0x00, 0x00, 0x25, 0x82, 0x00, 0x00, 0x5B, 0x52, 0x08, 0x00, 0xB0, 0x25, 0x08, 0x00,
    0x00, 0x29, 0x22, 0x22, 0x90, 0x55, 0x25, 0x22, 0x00, 0x00, 0x50, 0x95, 0x00, 0x00, 0x99, 0x22,
    0x00, 0x00, 0x20, 0x95, 0x00, 0x00, 0x00, 0xB0, 0x00, 0x00, 0x00, 0xB0, 0x00, 0x00, 0x00, 0xF0,
    0x25, 0x92, 0x25, 0x52, 0x29, 0x59, 0x22, 0x29, 0x22, 0x22, 0x29, 0x22, 0x55, 0x92, 0x55, 0x95,
    0x99, 0x25, 0x29, 0x95, 0x25, 0x95, 0x9B, 0xB9, 0x8B, 0x59, 0xB8, 0xB9, 0xAE, 0xB6, 0x5B, 0x9C,
    0x22, 0x59, 0xB2, 0xB2, 0x22, 0x59, 0xB2, 0x85, 0x95, 0x8B, 0x52, 0xBB, 0x95, 0xBE, 0x25, 0xB8,
    0xB5, 0xBE, 0x25, 0xB8, 0xE8, 0xE6, 0x58, 0x52, 0xEB, 0x13, 0x8E, 0xB8, 0xE8, 0x31, 0xF4, 0x8F,
    0x05, 0x2B, 0x05, 0x00, 0x82, 0x5B, 0x85, 0x00, 0x58, 0x88, 0x82, 0x00, 0x22, 0x8B, 0x52, 0x0B,
    0xBB, 0x58, 0x55, 0x0B, 0x25, 0x58, 0xB8, 0x00, 0x58, 0xB5, 0x00, 0x00, 0xBB, 0x6B, 0x00, 0x00,
    0x00, 0x00, 0x00, 0xE0, 0x00, 0x00, 0x00, 0x4F, 0x00, 0x00, 0x00, 0x4B, 0x00, 0x00, 0xF0, 0x3A,
    0x00, 0x00, 0xF0, 0x76, 0x00, 0x00, 0x00, 0xEF, 0x00, 0x00, 0xF0, 0xAC, 0x00, 0x00, 0xAF, 0x7C,
    0x1A, 0x31, 0x39, 0x89, 0x76, 0x33, 0xBF, 0x61, 0xAF, 0x74, 0x9F, 0x1B, 0x7F, 0xF7, 0xBF, 0x61,
    0xFA, 0x5F, 0x1B, 0x18, 0xBE, 0x25, 0xFF, 0xFF, 0xBC, 0x88, 0x25, 0x5F, 0xAC, 0x5B, 0x51, 0x2F,
    0xA4, 0x47, 0xF6, 0x00, 0xB1, 0xFF, 0x0F, 0x00, 0x0B, 0x00, 0x00, 0x00, 0xB1, 0x00, 0x00, 0x00,
    0xFB, 0x00, 0x00, 0x00, 0x5F, 0x0B, 0x00, 0x00, 0x51, 0xBB, 0x00, 0xC0, 0x88, 0x8B, 0x0B, 0xC0,
    0x00, 0x60, 0x00, 0x00, 0x00, 0x30, 0x00, 0x00, 0x00, 0x60, 0x00, 0x00, 0x00, 0x60, 0x00, 0x00,
    0x00, 0x30, 0x00, 0x00, 0x0C, 0x66, 0x00, 0x00, 0xC1, 0x06, 0x00, 0x00, 0xC6, 0x03, 0x00, 0x00,
    0x00, 0x00, 0xCF, 0xA7, 0x00, 0xF0, 0xAC, 0xFC, 0x00, 0xF0, 0xFC, 0x1F, 0x00, 0x00, 0x7E, 0x11,
    0x00, 0x00, 0x1E, 0x11, 0x00, 0x00, 0x1E, 0x11, 0x00, 0xE0, 0x17, 0x11, 0xE0, 0x7E, 0x11, 0x11,
    0xFF, 0xFF, 0x12, 0x51, 0x44, 0xF6, 0xF8, 0x22, 0x41, 0x44, 0xFF, 0x8B, 0x41, 0x41, 0xF7, 0xFF,
    0x11, 0x41, 0xF7, 0x14, 0x11, 0x74, 0xFF, 0x11, 0x11, 0x71, 0x4B, 0x11, 0x14, 0xB4, 0x47, 0x11,
    0x25, 0x25, 0x08, 0xC0, 0x15, 0x52, 0x0B, 0xC0, 0x11, 0x28, 0x0B, 0x00, 0x88, 0xA5, 0x00, 0x00,
    0x14, 0xA7, 0x00, 0x00, 0x11, 0xF1, 0x00, 0x00, 0x11, 0xF4, 0x00, 0x00, 0x11, 0xA7, 0x00, 0x00,
    0x63, 0x0C, 0x00, 0x00, 0x63, 0x0C, 0x00, 0x00, 0xCC, 0x00, 0x00, 0x00, 0x00, 0x00, 0x00, 0x00,
    0x00, 0x00, 0x00, 0x00, 0x00, 0x00, 0x00, 0x00, 0x00, 0x00, 0x00, 0x00, 0x00, 0x00, 0x00, 0x00,
    0x00, 0x00, 0x00, 0x00, 0x00, 0x00, 0x00, 0xCC, 0x00, 0x00, 0xCC, 0x63, 0x00, 0x00, 0x3C, 0x61,
    0x00, 0x00, 0xC0, 0x16, 0x00, 0x00, 0xC0, 0x13, 0x00, 0x00, 0xC0, 0x36, 0x00, 0x00, 0x00, 0x16,
    0xCC, 0x00, 0x00, 0x00, 0x63, 0x0C, 0x00, 0x00, 0x13, 0x0C, 0x00, 0x00, 0x13, 0x0C, 0x00, 0x00,
    0x16, 0xC3, 0x00, 0x00, 0x36, 0xC1, 0x00, 0x00, 0x36, 0xC1, 0x00, 0x00, 0x63, 0x31, 0x0C, 0x00,
    0x00, 0x00, 0x00, 0xCC, 0x00, 0x00, 0x00, 0x00, 0x00, 0x00, 0x00, 0x00, 0x00, 0x00, 0x00, 0x00,
    0x00, 0x00, 0x00, 0x00, 0x00, 0x00, 0x00, 0x00, 0x00, 0x00, 0x00, 0x00, 0x00, 0x00, 0x09, 0x00,
    0x6C, 0x13, 0x0C, 0x00, 0x60, 0x13, 0x0C, 0x00, 0x00, 0x16, 0xC3, 0x00, 0x00, 0x16, 0xC3, 0x00,
    0x00, 0x36, 0xC1, 0x00, 0x00, 0x60, 0x31, 0x0C, 0x00, 0x60, 0x31, 0x0C, 0x00, 0x60, 0x13, 0x0C,
    0xAE, 0x7E, 0x11, 0x11, 0x7E, 0x14, 0x11, 0x41, 0xB0, 0x77, 0x14, 0x44, 0xA0, 0x77, 0x47, 0x14,
    0xE0, 0x4B, 0x11, 0x77, 0xE0, 0xA7, 0xAA, 0xE8, 0xE0, 0x8B, 0x88, 0xEE, 0xBE, 0x8B, 0x7B, 0x36,
    0x44, 0xB7, 0x11, 0x41, 0x74, 0xAB, 0x11, 0x11, 0x74, 0x7B, 0x11, 0x41, 0x71, 0x7B, 0x11, 0x44,
    0xBA, 0x14, 0x47, 0x44, 0xE7, 0x7B, 0x41, 0x11, 0xE3, 0x7B, 0x7B, 0xA7, 0xE6, 0xAA, 0x8A, 0x7E,
    0x7E, 0x8B, 0xBB, 0x67, 0x3E, 0x86, 0x36, 0x37, 0x6E, 0x33, 0x33, 0x63, 0xE0, 0xEE, 0xEE, 0xEE,
    0x00, 0x00, 0x00, 0xE0, 0x00, 0x00, 0x00, 0x00, 0x00, 0x00, 0x00, 0x00, 0x00, 0x00, 0x00, 0x00,
    0xBE, 0x88, 0xE8, 0x3E, 0xEE, 0xB8, 0x67, 0x63, 0xBE, 0xB8, 0x7B, 0xE6, 0x6F, 0x68, 0x73, 0xE3,
    0x36, 0x33, 0x33, 0xE6, 0xEE, 0xEE, 0xEE, 0x0E, 0x00, 0x00, 0x00, 0x00, 0x00, 0x00, 0x00, 0x00,
    0x41, 0x0F, 0x00, 0x00, 0x44, 0x0B, 0x00, 0x00, 0x74, 0x0B, 0x00, 0x00, 0xB7, 0x00, 0x00, 0x00,
    0xB7, 0x00, 0x00, 0x00, 0xB7, 0x00, 0x00, 0x00, 0xEB, 0x00, 0x00, 0x00, 0x0E, 0x00, 0x00, 0x00,
    0x0E, 0x00, 0x00, 0x00, 0x0E, 0x00, 0x00, 0x00, 0x00, 0x00, 0x00, 0x00, 0x00, 0x00, 0x00, 0x00,
    0x00, 0x00, 0x00, 0x00, 0x00, 0x00, 0x00, 0x00, 0x00, 0x00, 0x00, 0x00, 0x00, 0x00, 0x00, 0x00,
};
static const u16 sFrame32[] = {
    0x0004, 0x00D2, 0x81F8, 0x0000, 0x00C2, 0x4000, 0x0010, 0x00F2, 0x41F8, 0x0014, 0x80F2, 0x0008,
    0x0018, 0x0000,
};
static const void* const sFrames32[] = { sFrame32 };
static const u8 sTiles33[928] __attribute__((aligned(4))) = {
    0x00, 0x00, 0x00, 0x00, 0x00, 0x00, 0x00, 0x00, 0x00, 0x00, 0x00, 0x00, 0x00, 0x00, 0x00, 0x00,
    0x00, 0x00, 0x00, 0x00, 0x00, 0x00, 0x00, 0x00, 0x00, 0x00, 0x00, 0x00, 0x00, 0xFF, 0x00, 0xFF,
    0x00, 0x00, 0x00, 0x90, 0x00, 0x00, 0x00, 0x59, 0x00, 0x90, 0x52, 0x18, 0x00, 0x00, 0x59, 0x15,
    0x59, 0x9F, 0xF5, 0xE6, 0xF0, 0xF7, 0xF9, 0x6E, 0x4F, 0x2F, 0xF1, 0xB3, 0x13, 0x5F, 0x85, 0x6E,
    0x58, 0x58, 0x91, 0x88, 0x11, 0x55, 0x81, 0x51, 0xF5, 0x5F, 0x85, 0x15, 0x2F, 0xFF, 0x8F, 0x58,
    0xF5, 0x25, 0xF8, 0x99, 0x8B, 0x15, 0x52, 0x98, 0x52, 0x12, 0x22, 0x81, 0x2F, 0x25, 0x58, 0x82,
    0x00, 0x00, 0x00, 0x00, 0x08, 0x00, 0x00, 0x00, 0x85, 0x00, 0x00, 0x00, 0x81, 0x00, 0x00, 0x00,
    0x81, 0x00, 0x00, 0x00, 0x81, 0x09, 0x00, 0x00, 0x85, 0x95, 0x00, 0x00, 0x85, 0x29, 0x99, 0x00,
    0xF0, 0x13, 0xFF, 0x47, 0xAF, 0x43, 0x33, 0xFF, 0x4B, 0x34, 0x1A, 0x31, 0x7B, 0x44, 0xBB, 0xBB,
    0xBF, 0x7B, 0x3E, 0xB6, 0xFC, 0xBF, 0xBB, 0xBB, 0xCA, 0xF7, 0x7F, 0xA1, 0x76, 0xFA, 0x4F, 0x14,
    0x13, 0xF7, 0xBF, 0xE6, 0x7E, 0xE7, 0x18, 0x3B, 0xFA, 0xBF, 0x87, 0x11, 0x3B, 0xB6, 0xFF, 0x99,
    0xBB, 0xFB, 0x97, 0x8F, 0xBB, 0x7F, 0x94, 0x28, 0xFA, 0xE7, 0xF3, 0x25, 0x7E, 0x3A, 0xA4, 0x9F,
    0x8F, 0x5F, 0x8F, 0xF8, 0xFF, 0xFF, 0x25, 0x59, 0x55, 0x51, 0x99, 0x55, 0x85, 0x51, 0x18, 0x11,
    0x99, 0x85, 0x59, 0x88, 0x81, 0xF6, 0xFF, 0xC9, 0xB5, 0xF3, 0x59, 0x92, 0x59, 0x56, 0x29, 0x05,
    0x81, 0x95, 0x00, 0x00, 0x51, 0x09, 0x00, 0x00, 0x51, 0x92, 0x00, 0x00, 0x85, 0xCC, 0x09, 0x00,
    0x6C, 0x31, 0x9C, 0x00, 0xC1, 0x66, 0x0C, 0x00, 0xCC, 0xC3, 0x00, 0x00, 0x60, 0xCC, 0x00, 0x00,
    0x00, 0x00, 0x00, 0x00, 0x00, 0x00, 0x00, 0x00, 0x00, 0x00, 0x00, 0x00, 0x00, 0x00, 0x00, 0x00,
    0x00, 0x00, 0x0E, 0xB0, 0xEF, 0xEE, 0xE6, 0xAE, 0x6E, 0x63, 0x33, 0x77, 0x3E, 0x77, 0xE6, 0x7A,
    0x00, 0x00, 0x00, 0x00, 0x00, 0x00, 0x00, 0x00, 0x00, 0x00, 0x00, 0x00, 0x00, 0xE0, 0x0E, 0x70,
    0xEB, 0x7E, 0xB7, 0x7B, 0x77, 0x47, 0x74, 0x44, 0x74, 0x44, 0x44, 0x14, 0x71, 0x44, 0x41, 0x11,
    0x3E, 0xB3, 0xE7, 0x1A, 0x3E, 0xB6, 0x8B, 0x1A, 0x3E, 0x88, 0x88, 0x48, 0x3E, 0xB6, 0x8B, 0xBE,
    0x6E, 0x73, 0xBB, 0xE7, 0xE0, 0xEE, 0xEE, 0x0E, 0x00, 0x00, 0x00, 0x00, 0x00, 0x00, 0x00, 0x00,
    0x41, 0x44, 0x41, 0x11, 0x41, 0x44, 0x44, 0x11, 0x71, 0x44, 0x17, 0x44, 0x14, 0xE7, 0x7E, 0xBB,
    0x77, 0x0E, 0x00, 0x00, 0xBA, 0x0B, 0x00, 0x00, 0x00, 0x00, 0x00, 0x00, 0x00, 0x00, 0x00, 0x00,
    0x44, 0x44, 0xF7, 0x7C, 0x77, 0x64, 0x73, 0xC7, 0xFE, 0xEF, 0xEE, 0xCE, 0x00, 0x0E, 0x00, 0xF0,
    0x00, 0x00, 0x00, 0x7F, 0x00, 0x00, 0xF0, 0x4B, 0x00, 0x00, 0xB0, 0x14, 0x00, 0x00, 0x00, 0x4B,
    0x6C, 0xFE, 0xF6, 0xA1, 0xCA, 0xCA, 0xA7, 0xFF, 0xEC, 0xFF, 0x6A, 0xFC, 0xFF, 0xAA, 0xAF, 0xFE,
    0x14, 0x11, 0xF6, 0x0F, 0x11, 0x11, 0xA4, 0x0F, 0x11, 0x74, 0xAA, 0x0F, 0x11, 0x41, 0x77, 0x0B,
    0x00, 0x00, 0x00, 0xAF, 0x00, 0x00, 0x00, 0xE0, 0x00, 0x00, 0x00, 0xE0, 0x00, 0x00, 0x00, 0xE0,
    0x00, 0x00, 0x00, 0xE0, 0x00, 0x00, 0x00, 0xBF, 0x00, 0x00, 0xE0, 0xBB, 0x00, 0x00, 0xE0, 0x83,
    0x41, 0x41, 0x74, 0x0B, 0x47, 0x14, 0x41, 0xE7, 0x47, 0x44, 0x44, 0xE4, 0xA7, 0x44, 0x44, 0xE7,
    0x77, 0x47, 0x74, 0x71, 0x47, 0x11, 0x11, 0x74, 0xAB, 0x77, 0x11, 0xB4, 0xFB, 0xBE, 0x7A, 0xEA,
    0x00, 0x00, 0xC0, 0xCC, 0x00, 0xCC, 0x66, 0x36, 0xC0, 0x11, 0x61, 0x13, 0xC0, 0x36, 0x63, 0x13,
    0x00, 0x6C, 0x63, 0x13, 0xC0, 0x36, 0xC1, 0x13, 0x6C, 0x6C, 0xC1, 0x31, 0x3C, 0x31, 0xC3, 0x61,
    0x00, 0x00, 0x00, 0x00, 0x0C, 0x00, 0x00, 0x00, 0x0C, 0x00, 0x00, 0x00, 0x0C, 0x00, 0x00, 0x00,
    0x0C, 0x00, 0x00, 0x00, 0x0C, 0x00, 0x00, 0x00, 0x0C, 0x00, 0x00, 0x00, 0x00, 0x00, 0x00, 0x00,
    0x00, 0x00, 0x00, 0x00, 0x00, 0x00, 0x00, 0x00, 0x00, 0x00, 0x00, 0x00, 0x00, 0x00, 0x00, 0x00,
    0x00, 0x00, 0x00, 0x00, 0x00, 0x00, 0x00, 0x00, 0x00, 0x00, 0x00, 0x00, 0x00, 0x00, 0x00, 0x90,
    0x00, 0x00, 0x16, 0x06, 0x00, 0x00, 0x16, 0x0C, 0x00, 0xC0, 0x13, 0x0C, 0x00, 0xC0, 0x13, 0x0C,
    0x00, 0xC0, 0x13, 0x0C, 0x00, 0xC0, 0x63, 0x09, 0x00, 0xC0, 0x77, 0x09, 0x00, 0xC9, 0xC7, 0x09,
    0x4E, 0x14, 0xB1, 0xBF, 0xF4, 0xA1, 0xFA, 0x90, 0x0F, 0xFF, 0x0F, 0x00, 0x00, 0x00, 0x00, 0x00,
    0x00, 0x00, 0x00, 0x00, 0x00, 0x00, 0x00, 0x00, 0x00, 0x00, 0x00, 0x00, 0x00, 0x00, 0x00, 0x00,
    0xBF, 0x66, 0x90, 0x05, 0x00, 0x39, 0x06, 0x09, 0x00, 0x00, 0x36, 0x66, 0x00, 0x00, 0x00, 0x00,
    0x00, 0x00, 0x00, 0x00, 0x00, 0x00, 0x00, 0x00, 0x00, 0x00, 0x00, 0x00, 0x00, 0x00, 0x00, 0x00,
    0x00, 0x00, 0xE0, 0x36, 0x00, 0x00, 0x00, 0x6E, 0x00, 0x00, 0x00, 0x6E, 0x00, 0x00, 0x00, 0xE0,
    0x00, 0x00, 0x00, 0x00, 0x00, 0x00, 0x00, 0x00, 0x00, 0x00, 0x00, 0x00, 0x00, 0x00, 0x00, 0x00,
    0xB7, 0xEB, 0x77, 0xEB, 0x73, 0xEB, 0x36, 0x63, 0x36, 0x77, 0xE7, 0xBE, 0x7E, 0xE6, 0xEE, 0x00,
    0xE0, 0x0E, 0x00, 0x00, 0x00, 0x00, 0x00, 0x00, 0x00, 0x00, 0x00, 0x00, 0x00, 0x00, 0x00, 0x00,
    0x00, 0x00, 0x00, 0x00, 0x00, 0x00, 0x00, 0x00, 0x00, 0x00, 0x00, 0x00, 0x0B, 0x00, 0x00, 0x00,
    0x0B, 0x00, 0x00, 0x00, 0xFA, 0x00, 0x00, 0x00, 0x3B, 0x0F, 0x00, 0x00, 0x6E, 0x0F, 0x00, 0x00,
    0x73, 0x0F, 0x00, 0x00, 0xF6, 0x00, 0x00, 0x00, 0x0B, 0x00, 0x00, 0x00, 0x00, 0x00, 0x00, 0x00,
    0x00, 0x00, 0x00, 0x00, 0x00, 0x00, 0x00, 0x00, 0x00, 0x00, 0x00, 0x00, 0x00, 0x00, 0x00, 0x00,
    0xCC, 0x13, 0x61, 0x61, 0x00, 0x6C, 0x66, 0xC1, 0x00, 0x00, 0x3C, 0xC1, 0x00, 0x00, 0x3C, 0xC1,
    0x00, 0x00, 0x3C, 0xC1, 0x00, 0x00, 0x1C, 0xC3, 0x00, 0x00, 0x1C, 0xC3, 0x00, 0x00, 0x1C, 0xC6,
    0x00, 0x00, 0x00, 0x00, 0x00, 0x00, 0x00, 0x00, 0x00, 0x00, 0xFF, 0xBF, 0xBB, 0xFE, 0xC7, 0xFA,
    0x44, 0x74, 0xA6, 0x67, 0x11, 0xF1, 0x7A, 0xCA, 0x11, 0x71, 0xCF, 0xA7, 0x61, 0x73, 0xAF, 0xE6,
    0x63, 0x00, 0x00, 0x00, 0x06, 0x00, 0x00, 0x00, 0x00, 0x00, 0x00, 0x00, 0x00, 0x00, 0x00, 0x00,
    0x00, 0x00, 0x00, 0x00, 0x00, 0x00, 0x00, 0x00, 0x00, 0x00, 0x00, 0x00, 0x00, 0x00, 0x00, 0x00,
};
static const u16 sFrame33[] = {
    0x000B, 0x40DD, 0x8000, 0x0000, 0x00E5, 0x41E8, 0x0008, 0x00ED, 0x41F8, 0x000C, 0x40C5, 0x0010,
    0x0010, 0x40D5, 0x0008, 0x0012, 0x40ED, 0x0008, 0x0014, 0x40FD, 0x01F8, 0x0016, 0x80F5, 0x0008,
    0x0018, 0x00CD, 0x0010, 0x001A, 0x00E5, 0x01F8, 0x001B, 0x00ED, 0x0018, 0x001C, 0x0000,
};
static const void* const sFrames33[] = { sFrame33 };
static const u8 sTiles34[992] __attribute__((aligned(4))) = {
    0x00, 0x00, 0x00, 0x00, 0x00, 0x00, 0xE0, 0xEC, 0x00, 0x00, 0xCE, 0xC6, 0x00, 0xE0, 0x3C, 0x76,
    0x00, 0xCE, 0x96, 0x79, 0xE0, 0x36, 0x9C, 0x98, 0x6E, 0x73, 0x97, 0xE8, 0x3C, 0x76, 0xCC, 0xE9,
    0x00, 0x00, 0x00, 0x00, 0x0E, 0x00, 0x00, 0x00, 0x77, 0xEE, 0x0E, 0x00, 0x14, 0x47, 0x77, 0xBB,
    0x71, 0x44, 0x14, 0x44, 0x41, 0x44, 0x41, 0x11, 0x41, 0x44, 0x41, 0x11, 0x71, 0x44, 0x44, 0x11,
    0x00, 0x00, 0x00, 0x00, 0x00, 0x00, 0x00, 0x00, 0x00, 0x00, 0x00, 0x00, 0x00, 0x00, 0x00, 0x00,
    0xB7, 0xEB, 0x00, 0x00, 0x41, 0x44, 0xEE, 0xEE, 0x11, 0x11, 0x36, 0xE7, 0x11, 0x11, 0x74, 0xAF,
    0x00, 0x00, 0x00, 0x00, 0x00, 0x00, 0x00, 0x00, 0x00, 0x00, 0x00, 0x00, 0x00, 0x00, 0x00, 0x00,
    0x00, 0x00, 0xFF, 0x00, 0x00, 0xF0, 0x67, 0xFF, 0xFF, 0xBF, 0x43, 0x3F, 0x7C, 0x7F, 0x46, 0x76,
    0x3C, 0xC6, 0x8C, 0x7E, 0x6C, 0xC3, 0xC8, 0xEB, 0xC0, 0x93, 0x7C, 0xFC, 0xC0, 0x36, 0xC7, 0x0F,
    0x00, 0xCC, 0x0C, 0x00, 0x00, 0x00, 0x00, 0x00, 0x00, 0x00, 0x00, 0x00, 0x00, 0x00, 0x00, 0x00,
    0x74, 0x44, 0x44, 0x14, 0x77, 0x77, 0x77, 0x44, 0xEE, 0xEE, 0xBE, 0x7B, 0x00, 0x00, 0x00, 0xB0,
    0x00, 0x00, 0x00, 0x00, 0x00, 0x00, 0x00, 0x00, 0x00, 0x00, 0x00, 0x00, 0x00, 0x00, 0x00, 0x00,
    0x11, 0x36, 0xF7, 0x7C, 0x44, 0x44, 0xF7, 0x7A, 0x77, 0x47, 0xCF, 0xC7, 0xEB, 0xBB, 0xFF, 0xAC,
    0x00, 0x00, 0x00, 0xFF, 0x00, 0x00, 0x00, 0x00, 0x00, 0x00, 0x00, 0x00, 0x00, 0x00, 0x00, 0x00,
    0xCA, 0xFC, 0x34, 0x14, 0xCC, 0xCA, 0xAF, 0x14, 0xA7, 0xC7, 0x4F, 0x77, 0x7C, 0xAC, 0xF7, 0x14,
    0xCA, 0x7A, 0x7A, 0xFF, 0xCF, 0xCC, 0xAC, 0xC7, 0xF0, 0xCC, 0xCA, 0x7A, 0x00, 0xFF, 0xFC, 0xFF,
    0x00, 0x90, 0x99, 0x92, 0x00, 0x90, 0xB8, 0x59, 0x00, 0xF0, 0x55, 0x32, 0x00, 0xBF, 0x2F, 0x61,
    0xF0, 0x47, 0xEA, 0x11, 0x6F, 0x43, 0x46, 0x2F, 0x17, 0x13, 0x61, 0xF6, 0x4E, 0x6E, 0x43, 0xF7,
    0x95, 0x52, 0x52, 0x59, 0x29, 0x29, 0x52, 0x22, 0x52, 0x22, 0x52, 0x29, 0x57, 0x29, 0x55, 0x52,
    0x29, 0x55, 0x22, 0x29, 0x91, 0x99, 0x22, 0x95, 0x99, 0x59, 0x92, 0x59, 0x5F, 0x59, 0x99, 0x59,
    0x22, 0x52, 0x09, 0x00, 0x22, 0x55, 0x00, 0x00, 0x52, 0x09, 0x00, 0x00, 0x95, 0x09, 0x00, 0x00,
    0x22, 0x92, 0x00, 0x00, 0x55, 0x55, 0x09, 0x00, 0x09, 0x00, 0x00, 0x00, 0x92, 0x00, 0x00, 0x00,
    0x00, 0x00, 0x00, 0x00, 0x00, 0x00, 0x00, 0x00, 0x00, 0x00, 0x00, 0x00, 0x00, 0x00, 0x00, 0xC0,
    0x00, 0x00, 0x00, 0x60, 0x00, 0x00, 0x00, 0xC0, 0x00, 0x00, 0x00, 0xC0, 0x00, 0x00, 0x00, 0xC0,
    0x73, 0x7F, 0xA4, 0x9F, 0x33, 0xF6, 0xF6, 0x25, 0xF4, 0xB6, 0xFF, 0x18, 0x61, 0xF7, 0xAF, 0x9F,
    0x7F, 0xBF, 0x7B, 0xE3, 0xFC, 0xFB, 0x6F, 0x41, 0xFA, 0x0F, 0xF0, 0xF3, 0xCF, 0x0F, 0xF0, 0xFF,
    0xF9, 0x02, 0x95, 0x00, 0x28, 0x51, 0x0F, 0x00, 0x82, 0xF5, 0x8F, 0xB8, 0x12, 0x95, 0xFE, 0x11,
    0x25, 0x51, 0xF9, 0x9F, 0x6F, 0x22, 0x92, 0xF3, 0x9F, 0x2E, 0x6E, 0xFE, 0x58, 0xEF, 0xE3, 0x91,
    0x00, 0x00, 0x00, 0x00, 0x00, 0x00, 0x00, 0x00, 0x8B, 0x08, 0x00, 0x00, 0x11, 0x85, 0x00, 0x60,
    0x58, 0x51, 0xC9, 0x3C, 0x89, 0x55, 0x78, 0x11, 0x8F, 0x15, 0x71, 0xC7, 0x99, 0x18, 0x85, 0x0C,
    0x00, 0x00, 0x00, 0x6C, 0x00, 0x00, 0x66, 0x13, 0x60, 0x66, 0x13, 0x31, 0x36, 0x11, 0x31, 0xCC,
    0x11, 0x63, 0xCC, 0x00, 0xC3, 0xCC, 0x00, 0x00, 0x0C, 0x00, 0x00, 0x00, 0x00, 0x00, 0x00, 0x00,
    0x00, 0xE0, 0x3F, 0x41, 0x00, 0xE0, 0x7F, 0x16, 0x00, 0xF0, 0x7B, 0x14, 0x00, 0xF0, 0xBE, 0x77,
    0x00, 0x00, 0xBF, 0x77, 0x00, 0x00, 0x7B, 0x44, 0x00, 0x00, 0x7B, 0x44, 0x00, 0x00, 0x7E, 0x44,
    0xF1, 0x0F, 0x00, 0xF0, 0x11, 0xF7, 0x00, 0x00, 0x11, 0xB4, 0x00, 0x00, 0x14, 0x41, 0x0B, 0x00,
    0x14, 0x41, 0x0B, 0x00, 0x11, 0xFB, 0x00, 0x00, 0x14, 0xF7, 0x00, 0x00, 0x44, 0xE4, 0x00, 0x00,
    0x00, 0x00, 0x7E, 0x44, 0x00, 0xE0, 0x77, 0x47, 0x00, 0xE0, 0x47, 0x11, 0x00, 0xE0, 0x7A, 0x77,
    0x00, 0xAE, 0x4A, 0x77, 0x00, 0xAE, 0x47, 0x71, 0x00, 0xEB, 0x7A, 0xB7, 0x00, 0xBB, 0xBE, 0xBE,
    0x44, 0xE7, 0x00, 0x00, 0x77, 0x0E, 0x00, 0x00, 0x71, 0x0E, 0x00, 0x00, 0x71, 0x0E, 0x00, 0x00,
    0x41, 0x0F, 0x00, 0x00, 0xE7, 0xEE, 0x0F, 0x00, 0x8E, 0xBB, 0xF7, 0x00, 0xE8, 0x88, 0xEB, 0x00,
    0x00, 0x00, 0x00, 0x00, 0x00, 0x00, 0x00, 0x00, 0x00, 0x00, 0x00, 0x00, 0x00, 0x00, 0x00, 0x25,
    0x00, 0x00, 0x09, 0x59, 0x00, 0x00, 0x59, 0x92, 0x00, 0x90, 0x52, 0x59, 0x00, 0x90, 0x95, 0x25,
    0x90, 0x00, 0x90, 0x00, 0x20, 0x99, 0x99, 0x00, 0x29, 0x95, 0x25, 0x09, 0x55, 0x22, 0x25, 0x99,
    0x22, 0x29, 0x22, 0x25, 0x22, 0x29, 0x29, 0x25, 0x29, 0x25, 0x22, 0x55, 0x22, 0x52, 0x29, 0x52,
    0x00, 0x00, 0x00, 0x00, 0x00, 0xC0, 0xCC, 0x00, 0xC0, 0x3C, 0x61, 0x00, 0x6C, 0xC3, 0x13, 0x0C,
    0xC1, 0x13, 0x13, 0xC6, 0x31, 0x11, 0x33, 0xC6, 0x33, 0x63, 0x66, 0x63, 0x63, 0x36, 0x11, 0x63,
    0x00, 0x00, 0x00, 0x00, 0x00, 0x00, 0x00, 0x00, 0x00, 0x00, 0x00, 0x00, 0x00, 0x00, 0x00, 0x00,
    0x00, 0x00, 0x00, 0x00, 0x00, 0x00, 0x00, 0x00, 0x0C, 0x00, 0x00, 0x00, 0x0C, 0x00, 0x00, 0x00,
    0x58, 0xF8, 0x2E, 0x21, 0x80, 0x95, 0x59, 0x12, 0x90, 0x11, 0x88, 0x12, 0xC6, 0x85, 0x89, 0x58,
    0x60, 0x58, 0x95, 0x99, 0x00, 0x80, 0x51, 0x88, 0x00, 0x00, 0x15, 0x11, 0x00, 0x00, 0x58, 0x51,
    0x51, 0x89, 0x55, 0x08, 0x21, 0x82, 0x55, 0x08, 0x52, 0x98, 0x51, 0x08, 0x81, 0x89, 0x51, 0x08,
    0x99, 0x15, 0x85, 0x00, 0x15, 0x81, 0x08, 0x00, 0x81, 0x08, 0x00, 0x00, 0x08, 0x00, 0x00, 0x00,
    0x00, 0x6B, 0x73, 0xE7, 0x00, 0xB0, 0x36, 0x76, 0x00, 0x00, 0xEE, 0x37, 0x00, 0x00, 0x00, 0xEE,
    0x00, 0x00, 0x00, 0x00, 0x00, 0x00, 0x00, 0x00, 0x00, 0x00, 0x00, 0x00, 0x00, 0x00, 0x00, 0x00,
    0xBB, 0xBB, 0x38, 0x0E, 0xBE, 0x7B, 0x63, 0x0E, 0x77, 0x37, 0xE6, 0x00, 0x36, 0x66, 0x0E, 0x00,
    0xEE, 0xEE, 0x00, 0x00, 0x00, 0x00, 0x00, 0x00, 0x00, 0x00, 0x00, 0x00, 0x00, 0x00, 0x00, 0x00,
    0x00, 0x00, 0x00, 0x00, 0x00, 0x00, 0x00, 0x00, 0x00, 0x00, 0x00, 0x00, 0x00, 0x00, 0x00, 0x00,
    0x99, 0x09, 0x00, 0x00, 0x52, 0x00, 0x00, 0x00, 0x92, 0x00, 0x00, 0x00, 0x99, 0x09, 0x00, 0x00,
    0x36, 0x11, 0x63, 0xCC, 0x11, 0xC3, 0xCC, 0x00, 0xC6, 0x0C, 0x00, 0x00, 0x0C, 0x00, 0x00, 0x00,
    0x00, 0x00, 0x00, 0x00, 0x00, 0x00, 0x00, 0x00, 0x00, 0x00, 0x00, 0x00, 0x00, 0x00, 0x00, 0x00,
    0x00, 0x00, 0x80, 0x88, 0x00, 0x00, 0x00, 0x00, 0x00, 0x00, 0x00, 0x00, 0x00, 0x00, 0x00, 0x00,
    0x00, 0x00, 0x00, 0x00, 0x00, 0x00, 0x00, 0x00, 0x00, 0x00, 0x00, 0x00, 0x00, 0x00, 0x00, 0x00,
};
static const u16 sFrame34[] = {
    0x000A, 0x40DB, 0x81DF, 0x0000, 0x40DB, 0x81FF, 0x0008, 0x00EB, 0x41F7, 0x0010, 0x40D3, 0x01FF,
    0x0014, 0x40DB, 0x001F, 0x0016, 0x40EB, 0x0007, 0x0018, 0x40FB, 0x01F7, 0x001A, 0x00D3, 0x000F,
    0x001C, 0x00E3, 0x001F, 0x001D, 0x00F3, 0x0007, 0x001E, 0x0000,
};
static const void* const sFrames34[] = { sFrame34 };
static const u8 sTiles35[960] __attribute__((aligned(4))) = {
    0x00, 0x00, 0x00, 0x00, 0x00, 0x00, 0x00, 0xC0, 0x00, 0x00, 0xC0, 0x6C, 0x00, 0x00, 0xC0, 0x63,
    0x00, 0x00, 0x66, 0xCC, 0x00, 0x60, 0x03, 0x1C, 0x00, 0x06, 0x00, 0xC9, 0x00, 0x96, 0x55, 0x92,
    0x09, 0x00, 0x90, 0x00, 0x9C, 0x00, 0x90, 0x00, 0xC3, 0x09, 0x29, 0x09, 0xC1, 0x92, 0x95, 0x95,
    0x86, 0x55, 0x88, 0x88, 0x5C, 0x11, 0x51, 0x15, 0x18, 0x55, 0x8F, 0x98, 0x18, 0x95, 0x28, 0x81,
    0x00, 0x00, 0x00, 0x00, 0x00, 0x00, 0x00, 0x00, 0x00, 0x00, 0x00, 0x00, 0x00, 0x00, 0x00, 0x00,
    0x88, 0x08, 0x00, 0x00, 0x11, 0x85, 0x00, 0x00, 0x59, 0x51, 0x08, 0x00, 0x89, 0x15, 0x98, 0x99,
    0x00, 0x00, 0x00, 0x00, 0x00, 0x00, 0x00, 0x00, 0x00, 0x00, 0x00, 0x00, 0x00, 0x00, 0x00, 0x00,
    0x00, 0x00, 0x00, 0x00, 0x00, 0x00, 0x00, 0x00, 0x00, 0x00, 0xC0, 0xCC, 0xCC, 0xCC, 0x66, 0x33,
    0x00, 0x03, 0x29, 0xF5, 0x00, 0x66, 0x90, 0xF9, 0x00, 0x30, 0x56, 0xFF, 0x00, 0x90, 0x66, 0x63,
    0x00, 0x00, 0x5B, 0x8B, 0x00, 0x00, 0x9F, 0x15, 0x00, 0x90, 0x9B, 0x22, 0x00, 0x00, 0xFF, 0x85,
    0x15, 0x29, 0x58, 0x52, 0x89, 0x59, 0x8F, 0x22, 0x58, 0xF5, 0x25, 0x11, 0x15, 0xF1, 0x5F, 0x52,
    0x89, 0xF5, 0x28, 0x85, 0x59, 0xF5, 0xFF, 0xB2, 0x98, 0x31, 0x6E, 0x6B, 0x9F, 0xB1, 0xE6, 0xE3,
    0x8F, 0x88, 0xC9, 0x67, 0xF8, 0x15, 0x71, 0x37, 0xF2, 0x55, 0xC5, 0xCC, 0xF5, 0x5F, 0x98, 0x00,
    0x2F, 0x1F, 0x05, 0x00, 0xF5, 0x15, 0x08, 0x00, 0x1E, 0x51, 0x99, 0x00, 0x56, 0x98, 0x00, 0x00,
    0x11, 0x11, 0x11, 0x11, 0x33, 0x63, 0xC6, 0xCC, 0xCC, 0x0C, 0x00, 0x00, 0x00, 0x00, 0x00, 0x00,
    0x00, 0x00, 0x00, 0x00, 0x00, 0x00, 0x00, 0x00, 0x00, 0x00, 0x00, 0x00, 0x00, 0x00, 0x00, 0x00,
    0x00, 0x00, 0x00, 0x00, 0x00, 0x00, 0x00, 0x00, 0x00, 0x00, 0x00, 0x00, 0x00, 0x00, 0xFF, 0x0F,
    0x00, 0xF0, 0x67, 0xF3, 0x00, 0x6B, 0xE3, 0xAB, 0x00, 0x6B, 0xEE, 0x7B, 0x00, 0x3E, 0xAB, 0x44,
    0x00, 0x00, 0x00, 0x00, 0x00, 0x00, 0x00, 0x00, 0x00, 0x00, 0x00, 0x00, 0x00, 0x00, 0x00, 0x00,
    0x00, 0x00, 0x00, 0x00, 0xBB, 0x00, 0x00, 0x00, 0xE7, 0xEE, 0x00, 0x00, 0x71, 0x74, 0xBB, 0xFF,
    0x00, 0xF0, 0xAB, 0x9F, 0x00, 0xAF, 0x41, 0x43, 0x00, 0xAF, 0x31, 0x7E, 0x00, 0x1F, 0xA4, 0xF7,
    0x00, 0xF0, 0x74, 0xBF, 0x00, 0x4F, 0xEE, 0xBA, 0xF0, 0xFF, 0x1A, 0xBA, 0xEF, 0xFC, 0x41, 0xB1,
    0xF9, 0x18, 0x8B, 0xFF, 0xF7, 0x87, 0x5F, 0x91, 0xBF, 0xEB, 0x5F, 0xF2, 0x6B, 0x7F, 0xF7, 0x7F,
    0x3B, 0x7F, 0x11, 0xF4, 0xBB, 0xEA, 0x33, 0x0F, 0xBB, 0xF3, 0xF4, 0x00, 0xB6, 0xF1, 0xF7, 0x00,
    0xE0, 0x3E, 0x77, 0x11, 0xE0, 0x67, 0xA7, 0x11, 0xE0, 0xE7, 0xBE, 0x17, 0x6E, 0xB7, 0xEB, 0x17,
    0x7E, 0x73, 0xFB, 0x4A, 0xE0, 0x36, 0xB7, 0x7B, 0xE0, 0x66, 0x83, 0xBB, 0x00, 0xEE, 0x36, 0xFB,
    0x47, 0x44, 0x77, 0xAA, 0x44, 0x14, 0x74, 0x4A, 0x44, 0x14, 0x44, 0x17, 0x47, 0x44, 0x11, 0x14,
    0xA7, 0x44, 0x14, 0x11, 0x77, 0x77, 0x11, 0x11, 0xEE, 0xEE, 0x4A, 0x41, 0x00, 0x00, 0xBF, 0xB4,
    0xAF, 0xA6, 0x4F, 0xB7, 0xF6, 0x7A, 0xF6, 0xBF, 0xA1, 0xCF, 0xFF, 0xBF, 0xA1, 0xAF, 0xAE, 0xF7,
    0xF1, 0xCE, 0x76, 0xFC, 0xF4, 0xAC, 0x6C, 0xCA, 0xF7, 0x6E, 0xCA, 0x6A, 0x0F, 0xCF, 0x7C, 0xAE,
    0xB3, 0x31, 0x0F, 0x00, 0xBE, 0x3A, 0x0F, 0x00, 0x47, 0x43, 0xF1, 0x00, 0x4B, 0x34, 0xF3, 0x00,
    0x7B, 0xA4, 0x0F, 0x00, 0xBF, 0xFB, 0x00, 0x00, 0xEA, 0x0F, 0x00, 0x00, 0x6C, 0xBF, 0x00, 0x00,
    0x00, 0x00, 0x00, 0x00, 0x00, 0x00, 0x00, 0x00, 0x00, 0x00, 0x00, 0x00, 0x00, 0x00, 0x00, 0x00,
    0x00, 0x00, 0x00, 0x00, 0x00, 0x00, 0x00, 0xCC, 0xCC, 0xCC, 0x66, 0x13, 0x11, 0x11, 0x11, 0x31,
    0x00, 0x00, 0x00, 0x00, 0x00, 0x00, 0x00, 0x00, 0x00, 0x00, 0x00, 0x00, 0x00, 0x00, 0x00, 0x00,
    0x00, 0x00, 0x00, 0x00, 0xCC, 0xCC, 0x00, 0x00, 0x11, 0x31, 0x0C, 0x00, 0x33, 0x63, 0x0C, 0x00,
    0x33, 0x63, 0xC6, 0xCC, 0xCC, 0x6C, 0x31, 0x11, 0x00, 0x60, 0x31, 0x36, 0x00, 0xC0, 0x13, 0x6C,
    0x00, 0x00, 0x3C, 0xC6, 0x00, 0x00, 0xCC, 0x0C, 0x00, 0x00, 0x00, 0x00, 0x00, 0x00, 0x00, 0x00,
    0x66, 0x66, 0x0C, 0x00, 0x33, 0x61, 0x00, 0x00, 0x36, 0xC1, 0x00, 0x00, 0x6C, 0xC1, 0x00, 0x00,
    0xC0, 0x0C, 0x00, 0x00, 0x00, 0x00, 0x00, 0x00, 0x00, 0x00, 0x00, 0x00, 0x00, 0x00, 0x00, 0x00,
    0x00, 0xE0, 0xC7, 0x76, 0x00, 0x00, 0xCF, 0x7A, 0x00, 0x00, 0x7F, 0xA6, 0x00, 0x00, 0xF0, 0xF7,
    0x00, 0x00, 0xE0, 0x4F, 0x00, 0x00, 0x00, 0x7F, 0x00, 0x00, 0x00, 0x7E, 0x00, 0x00, 0x00, 0x70,
    0x7A, 0xFA, 0x0B, 0x00, 0xAC, 0x7F, 0x0E, 0x00, 0xFF, 0x37, 0x0E, 0x00, 0x77, 0x64, 0x0E, 0x00,
    0x34, 0x11, 0xE4, 0x00, 0x64, 0x11, 0xB4, 0x00, 0x14, 0x11, 0xB4, 0x00, 0x14, 0x11, 0x71, 0x00,
    0x00, 0x00, 0x00, 0x70, 0x00, 0x00, 0x00, 0xB0, 0x00, 0x00, 0x00, 0xB0, 0x00, 0x00, 0x00, 0xE0,
    0x00, 0x00, 0x00, 0xE0, 0x00, 0x00, 0x00, 0xE0, 0x00, 0x00, 0x00, 0xE0, 0x00, 0x00, 0x00, 0xB0,
    0x14, 0x11, 0x41, 0x0B, 0x44, 0x11, 0x41, 0x0B, 0x47, 0x44, 0x14, 0x07, 0x47, 0x14, 0x41, 0xE7,
    0x47, 0x44, 0x44, 0xE4, 0x47, 0x44, 0x44, 0xE7, 0x77, 0x47, 0x74, 0x71, 0x47, 0x11, 0x11, 0x74,
    0x00, 0x00, 0xEE, 0x0E, 0x00, 0x00, 0x00, 0x00, 0x00, 0x00, 0x00, 0x00, 0x00, 0x00, 0x00, 0x00,
    0x00, 0x00, 0x00, 0x00, 0x00, 0x00, 0x00, 0x00, 0x00, 0x00, 0x00, 0x00, 0x00, 0x00, 0x00, 0x00,
    0x00, 0x00, 0x00, 0xFB, 0x00, 0x00, 0x00, 0x00, 0x00, 0x00, 0x00, 0x00, 0x00, 0x00, 0x00, 0x00,
    0x00, 0x00, 0x00, 0x00, 0x00, 0x00, 0x00, 0x00, 0x00, 0x00, 0x00, 0x00, 0x00, 0x00, 0x00, 0x00,
    0xAB, 0x77, 0x11, 0xB4, 0xE0, 0xA7, 0xAA, 0xE8, 0xE0, 0xE3, 0x8E, 0x88, 0xE0, 0x36, 0x76, 0x8B,
    0x00, 0x6E, 0xB7, 0x8B, 0x00, 0x3E, 0x37, 0x86, 0x00, 0x6E, 0x33, 0x33, 0x00, 0xEF, 0xEE, 0xEE,
    0x0E, 0x00, 0x00, 0x00, 0xE7, 0x00, 0x00, 0x00, 0xEB, 0x00, 0x00, 0x00, 0xBB, 0x0E, 0x00, 0x00,
    0x7B, 0x0E, 0x00, 0x00, 0x36, 0x0E, 0x00, 0x00, 0x63, 0x0E, 0x00, 0x00, 0xEE, 0x00, 0x00, 0x00,
    0x5F, 0x05, 0x00, 0x00, 0x95, 0x02, 0x00, 0x00, 0x09, 0x09, 0x00, 0x00, 0x0F, 0x00, 0x00, 0x00,
    0x05, 0x00, 0x00, 0x00, 0x09, 0x00, 0x00, 0x00, 0x00, 0x00, 0x00, 0x00, 0x00, 0x00, 0x00, 0x00,
    0x00, 0x00, 0x00, 0x00, 0x00, 0x00, 0x00, 0x00, 0x00, 0x00, 0x00, 0x00, 0x00, 0x00, 0x00, 0x00,
    0x00, 0x00, 0x00, 0x00, 0x0B, 0x00, 0x00, 0x00, 0x0B, 0x00, 0x00, 0x00, 0x0A, 0x00, 0x00, 0x00,
};
static const u16 sFrame35[] = {
    0x0008, 0x40C8, 0x81F2, 0x0000, 0x40D8, 0x81E2, 0x0008, 0x00C8, 0x4012, 0x0010, 0x00E8, 0x41F2,
    0x0014, 0x40E8, 0x01E2, 0x0018, 0x40F8, 0x01FA, 0x001A, 0x00D8, 0x0002, 0x001C, 0x00F0, 0x0002,
    0x001D, 0x0000,
};
static const void* const sFrames35[] = { sFrame35 };
static const u8 sTiles36[704] __attribute__((aligned(4))) = {
    0x00, 0x00, 0x00, 0x00, 0x00, 0x00, 0x00, 0x00, 0x00, 0x00, 0x00, 0x00, 0x00, 0x00, 0x00, 0x00,
    0x00, 0x00, 0x00, 0x00, 0x00, 0x00, 0x00, 0x90, 0x00, 0x00, 0xB0, 0x59, 0x00, 0x00, 0x5B, 0x92,
    0x90, 0x29, 0x52, 0x25, 0x8B, 0x99, 0x22, 0x25, 0x00, 0x29, 0x59, 0x22, 0x90, 0xBB, 0x99, 0x95,
    0x9B, 0x55, 0x55, 0xCB, 0x25, 0x52, 0x22, 0x59, 0x29, 0xB5, 0xB5, 0x25, 0x25, 0xF1, 0xF1, 0x95,
    0x22, 0x25, 0xCC, 0x13, 0x52, 0xC2, 0x17, 0x71, 0xC9, 0x3C, 0x31, 0x57, 0x7C, 0x11, 0x77, 0x52,
    0x17, 0x73, 0x95, 0x95, 0x77, 0x97, 0x29, 0xB9, 0x95, 0x21, 0x29, 0xFB, 0x52, 0x99, 0xB2, 0x6F,
    0x73, 0x00, 0x00, 0xCC, 0x97, 0x00, 0x00, 0x00, 0x99, 0x00, 0x00, 0x00, 0x92, 0x00, 0x00, 0x00,
    0x95, 0x00, 0x00, 0x00, 0x09, 0x00, 0x00, 0x00, 0xEE, 0x00, 0x00, 0x00, 0xBB, 0x0F, 0x00, 0x00,
    0x00, 0x00, 0x25, 0x2B, 0x00, 0x00, 0x5B, 0x5B, 0x00, 0x00, 0xB0, 0xF9, 0x00, 0x00, 0x7C, 0x55,
    0x00, 0x00, 0x3C, 0x9B, 0x00, 0x00, 0xC0, 0x00, 0x00, 0x00, 0x77, 0x00, 0x00, 0x00, 0x03, 0x00,
    0x51, 0xF5, 0xF5, 0xF2, 0x2F, 0x15, 0x15, 0xF5, 0x15, 0x21, 0x21, 0x31, 0x2F, 0xF5, 0x15, 0x6B,
    0xFB, 0x5F, 0x3F, 0x36, 0xF0, 0x7F, 0x6F, 0xFB, 0x00, 0xFF, 0xFE, 0x7F, 0xF0, 0x47, 0x11, 0x61,
    0x22, 0x5B, 0xFB, 0x36, 0xB5, 0xE2, 0x61, 0x13, 0xCB, 0x6E, 0x41, 0x11, 0xB3, 0xE9, 0x13, 0x41,
    0x25, 0x95, 0x3E, 0xB6, 0x1B, 0x52, 0x6E, 0xFF, 0x5F, 0xF5, 0xFF, 0x13, 0xEE, 0xAE, 0x47, 0x64,
    0xA4, 0x0F, 0x00, 0x00, 0x63, 0x0F, 0x00, 0x00, 0x31, 0x0F, 0x00, 0x00, 0x36, 0xFE, 0x00, 0x00,
    0x13, 0xE6, 0x0F, 0x00, 0x43, 0xA7, 0x0F, 0x00, 0x64, 0xF7, 0x00, 0x00, 0xF3, 0x0F, 0x00, 0x00,
    0x00, 0x00, 0x07, 0x00, 0x00, 0x70, 0x00, 0x00, 0x00, 0x30, 0x00, 0x00, 0x00, 0x7C, 0xCC, 0x00,
    0xC0, 0xC1, 0x37, 0x0C, 0xC0, 0x33, 0x71, 0xEC, 0x00, 0x3C, 0xC3, 0xEF, 0x00, 0xC0, 0xFC, 0x77,
    0xBF, 0x14, 0x11, 0x41, 0x4B, 0x11, 0x41, 0x77, 0x4B, 0x11, 0x41, 0x77, 0xBF, 0x41, 0x41, 0xB4,
    0x47, 0x41, 0x44, 0xB7, 0x44, 0x44, 0x44, 0xE7, 0x47, 0x44, 0x44, 0xE7, 0x17, 0x44, 0x44, 0xA7,
    0xF7, 0x6F, 0x77, 0xF6, 0xEB, 0xFE, 0xFF, 0xCE, 0xFB, 0xEF, 0xC7, 0xAC, 0xEB, 0xCF, 0xFF, 0xFF,
    0xFF, 0xFC, 0x46, 0x74, 0xF0, 0x4F, 0x44, 0x11, 0xE0, 0x47, 0x41, 0x11, 0xF0, 0x47, 0x11, 0x11,
    0xEF, 0x0F, 0x00, 0x00, 0xAA, 0x0E, 0x00, 0x00, 0xCF, 0x0F, 0x00, 0x00, 0xFF, 0x0F, 0x00, 0x00,
    0xF7, 0x0F, 0x00, 0x00, 0x76, 0x0F, 0x00, 0x00, 0x71, 0x0E, 0x00, 0x00, 0x11, 0x0E, 0x00, 0x00,
    0x00, 0xB0, 0x8B, 0xCE, 0xE0, 0x8B, 0xE8, 0xB8, 0x3E, 0xB8, 0xBB, 0xBB, 0x6E, 0x73, 0xBB, 0xEE,
    0xE0, 0x36, 0x77, 0x77, 0x00, 0x6E, 0x36, 0x36, 0x00, 0xE0, 0xEE, 0xEE, 0x00, 0x00, 0x00, 0x00,
    0x4E, 0x74, 0x77, 0xAB, 0xE7, 0x11, 0xB4, 0x0A, 0x7E, 0x8A, 0xE8, 0x0F, 0xB7, 0xEE, 0xEE, 0x0F,
    0x76, 0x73, 0x36, 0x0F, 0x37, 0x66, 0x73, 0x0F, 0xEE, 0xBE, 0xFF, 0x00, 0x00, 0x00, 0x00, 0x00,
    0xF0, 0x77, 0x14, 0x11, 0x00, 0x7B, 0x11, 0x11, 0x00, 0xB0, 0x14, 0x14, 0x00, 0xB0, 0x47, 0x14,
    0x00, 0x00, 0x7E, 0x14, 0x00, 0x00, 0xB0, 0x77, 0x00, 0x00, 0xA0, 0x77, 0x00, 0x00, 0xE0, 0x4B,
    0x11, 0x0E, 0x00, 0x00, 0x11, 0xE7, 0x00, 0x00, 0x11, 0x71, 0xEE, 0x00, 0x11, 0x71, 0xAE, 0x0E,
    0x11, 0x41, 0x74, 0x0B, 0x14, 0x44, 0x74, 0x0B, 0x47, 0x14, 0x71, 0x0B, 0x11, 0x77, 0xBA, 0x00,
    0x00, 0x90, 0x00, 0x00, 0x00, 0x50, 0x09, 0x00, 0x00, 0x00, 0x25, 0x09, 0x00, 0x90, 0x5B, 0x22,
    0x5B, 0x25, 0x59, 0x22, 0x00, 0x5B, 0x52, 0x22, 0x00, 0x90, 0x52, 0x22, 0x00, 0x55, 0x29, 0x59,
    0x00, 0x00, 0x00, 0x00, 0x09, 0x00, 0x00, 0x00, 0x95, 0x00, 0x00, 0x00, 0x29, 0x92, 0x9B, 0x00,
    0x55, 0x22, 0x29, 0x09, 0x25, 0x55, 0x25, 0xB5, 0x29, 0x22, 0x52, 0xC9, 0x95, 0x92, 0x22, 0x7C,
    0x00, 0x00, 0x00, 0xC0, 0x00, 0x00, 0x00, 0xC0, 0x00, 0x00, 0xC0, 0x3C, 0x00, 0x00, 0x7C, 0x11,
    0x00, 0xCC, 0x13, 0x73, 0xC0, 0x17, 0x71, 0x17, 0x3C, 0x31, 0x37, 0x73, 0x11, 0xC7, 0x7C, 0x13,
    0xCC, 0x00, 0x00, 0x00, 0x37, 0x0C, 0x00, 0x00, 0x31, 0xC7, 0x00, 0x00, 0x77, 0xC1, 0x00, 0x00,
    0xC1, 0x13, 0x0C, 0x00, 0x31, 0xC7, 0x00, 0x00, 0xC3, 0x00, 0x00, 0x00, 0x0C, 0x00, 0x00, 0x00,
    0x00, 0x00, 0xE0, 0xA7, 0x00, 0x00, 0xE0, 0x8B, 0x00, 0x00, 0xBE, 0x8B, 0x00, 0x00, 0x7E, 0x8B,
    0x00, 0x00, 0x3E, 0x86, 0x00, 0x00, 0x6E, 0x33, 0x00, 0x00, 0xE0, 0xEE, 0x00, 0x00, 0x00, 0x00,
    0xAA, 0xE8, 0xE7, 0x00, 0x88, 0xEE, 0xE3, 0x00, 0x7B, 0x36, 0xE6, 0x00, 0xBB, 0x67, 0xFE, 0x00,
    0x36, 0x37, 0x0E, 0x00, 0x33, 0x63, 0x0E, 0x00, 0xEE, 0xEE, 0x00, 0x00, 0x00, 0x00, 0x00, 0x00,
};
static const u16 sFrame36[] = {
    0x0003, 0x00D9, 0x81F5, 0x0000, 0x40D1, 0x41FD, 0x0010, 0x40F9, 0x0005, 0x0014, 0x0000,
};
static const void* const sFrames36[] = { sFrame36 };
static const u8 sTiles37[864] __attribute__((aligned(4))) = {
    0x00, 0xC0, 0x0C, 0x00, 0x00, 0x7C, 0xC1, 0x0C, 0x00, 0x3C, 0xC1, 0xC3, 0xC0, 0x17, 0x13, 0x71,
    0xC0, 0x77, 0x37, 0x31, 0x3C, 0x37, 0x33, 0x77, 0x7C, 0x37, 0x11, 0x11, 0xC0, 0xCC, 0x7C, 0x37,
    0x00, 0x00, 0x00, 0x00, 0xCC, 0x00, 0x00, 0x00, 0xC1, 0x00, 0x00, 0x00, 0xC1, 0x00, 0x00, 0x00,
    0xC3, 0x00, 0x00, 0x00, 0x77, 0x0C, 0x00, 0x00, 0x31, 0x73, 0xCC, 0xCC, 0x13, 0x11, 0x11, 0x73,
    0x00, 0x00, 0x00, 0x00, 0x00, 0x00, 0x00, 0x00, 0x00, 0x00, 0x00, 0x00, 0x00, 0x00, 0x00, 0x00,
    0x00, 0x00, 0x00, 0x00, 0x00, 0x00, 0x00, 0x00, 0x00, 0x00, 0x00, 0x00, 0xC7, 0xCC, 0x0C, 0x00,
    0xB0, 0x55, 0x99, 0x9B, 0xEB, 0x9B, 0x58, 0x8B, 0xAE, 0x88, 0x25, 0x88, 0x1E, 0xB1, 0x61, 0x51,
    0x3E, 0x33, 0x1B, 0xBB, 0xE0, 0x88, 0x88, 0x88, 0x80, 0x15, 0x11, 0x11, 0x59, 0x21, 0x55, 0x22,
    0x00, 0x00, 0xC0, 0xCC, 0x00, 0x00, 0x00, 0x00, 0x00, 0x00, 0x00, 0x00, 0x00, 0x00, 0x00, 0x00,
    0x00, 0x00, 0x00, 0x00, 0x00, 0x00, 0x00, 0x00, 0x00, 0x00, 0x00, 0x00, 0x00, 0x00, 0x00, 0x00,
    0xCC, 0x77, 0x33, 0x11, 0x00, 0xCC, 0xCC, 0x7C, 0x00, 0x00, 0x00, 0xC0, 0x00, 0x00, 0x00, 0x00,
    0x00, 0x00, 0x00, 0x00, 0x00, 0x00, 0x00, 0x00, 0x00, 0x00, 0x00, 0x00, 0x00, 0x00, 0x00, 0x00,
    0x11, 0x31, 0x77, 0xCC, 0x37, 0x13, 0x11, 0x67, 0xCC, 0xCC, 0x37, 0x66, 0x00, 0x00, 0xCC, 0x9C,
    0x00, 0x00, 0x00, 0x99, 0x00, 0x00, 0x00, 0x90, 0x00, 0x00, 0x00, 0x9F, 0x00, 0x00, 0x00, 0x4B,
    0x28, 0x52, 0x55, 0x88, 0x18, 0x95, 0x22, 0x99, 0x25, 0xB5, 0x5E, 0xE2, 0x25, 0x95, 0x25, 0x22,
    0x52, 0x25, 0x11, 0x22, 0x52, 0x99, 0x25, 0x51, 0x18, 0x51, 0x99, 0x99, 0x99, 0x25, 0x21, 0x15,
    0x00, 0x00, 0xB0, 0x14, 0x00, 0x00, 0xB0, 0x14, 0x00, 0x00, 0xF0, 0x1A, 0x00, 0x00, 0xE0, 0x47,
    0x00, 0x00, 0xE0, 0x44, 0x00, 0x00, 0xEB, 0x47, 0x00, 0x00, 0x7B, 0x71, 0x00, 0xF0, 0x7A, 0x14,
    0x91, 0x99, 0x18, 0x21, 0x11, 0x74, 0x97, 0x99, 0x14, 0x44, 0xB7, 0x09, 0x11, 0x44, 0xE7, 0x00,
    0x44, 0x44, 0xE7, 0xC0, 0x44, 0xA4, 0xE7, 0x1C, 0x44, 0x77, 0xE7, 0x6C, 0x11, 0x41, 0xB7, 0x3C,
    0x79, 0x13, 0x11, 0xB4, 0x7F, 0x16, 0x11, 0x71, 0x70, 0x16, 0x11, 0x41, 0xB0, 0x43, 0x11, 0x41,
    0x60, 0x46, 0x44, 0x14, 0x6C, 0x47, 0x14, 0x41, 0x3C, 0x47, 0x44, 0x44, 0xC6, 0x47, 0x44, 0x44,
    0x00, 0x00, 0x00, 0x00, 0x0F, 0x00, 0x00, 0x00, 0x0B, 0x00, 0x00, 0x00, 0x0B, 0x00, 0x00, 0x00,
    0xA7, 0x00, 0x00, 0x00, 0xE7, 0x00, 0x00, 0x00, 0xE4, 0x0A, 0x00, 0x00, 0xE7, 0x0B, 0x00, 0x00,
    0x00, 0xB0, 0xBB, 0x14, 0xE0, 0x8B, 0xE8, 0x7A, 0x3E, 0xB8, 0xBB, 0xEB, 0x6E, 0x73, 0xBB, 0x7E,
    0xE0, 0x36, 0x77, 0x37, 0x00, 0x6E, 0x36, 0xE6, 0x00, 0xE0, 0xEE, 0x0E, 0x00, 0x00, 0x00, 0x00,
    0x71, 0xA7, 0x0B, 0x3C, 0xBA, 0xFE, 0x0B, 0xC0, 0x77, 0x63, 0x0B, 0x00, 0x36, 0xB6, 0x00, 0x00,
    0xE7, 0x0E, 0x00, 0x00, 0x0E, 0x00, 0x00, 0x00, 0x00, 0x00, 0x00, 0x00, 0x00, 0x00, 0x00, 0x00,
    0xC6, 0x7E, 0x77, 0x44, 0x0C, 0x7B, 0x14, 0x11, 0x00, 0xBF, 0x7A, 0x17, 0x00, 0xEE, 0xE7, 0xA8,
    0x00, 0x6E, 0x63, 0xB7, 0x00, 0xE0, 0x76, 0xBB, 0x00, 0xE0, 0x73, 0x63, 0x00, 0xE0, 0x36, 0x33,
    0x17, 0xB7, 0x00, 0x00, 0x41, 0xA7, 0x00, 0x00, 0x41, 0xEB, 0x00, 0x00, 0xAA, 0xE7, 0x00, 0x00,
    0xB8, 0xEB, 0x00, 0x00, 0xB8, 0xE7, 0x00, 0x00, 0x68, 0xE3, 0x00, 0x00, 0x33, 0xE6, 0x00, 0x00,
    0x00, 0x00, 0x00, 0x00, 0x00, 0x00, 0x00, 0x00, 0x00, 0x00, 0x00, 0x00, 0x00, 0x00, 0x00, 0x09,
    0x00, 0x00, 0x00, 0x92, 0x00, 0x00, 0x00, 0x25, 0x00, 0x00, 0x00, 0x29, 0x00, 0x00, 0x59, 0x95,
    0x09, 0x00, 0x00, 0x00, 0x95, 0x00, 0x09, 0x00, 0x25, 0x09, 0x95, 0x00, 0x25, 0x92, 0x22, 0x09,
    0x25, 0x52, 0x25, 0x92, 0x25, 0x52, 0x52, 0x55, 0x25, 0x92, 0x22, 0x22, 0x92, 0x55, 0x29, 0x29,
    0x00, 0x00, 0x90, 0x22, 0x00, 0x00, 0x00, 0x29, 0x00, 0x00, 0x90, 0x92, 0x00, 0x00, 0x59, 0x55,
    0x00, 0x00, 0x00, 0x99, 0x00, 0x00, 0x00, 0x90, 0x00, 0x00, 0x00, 0x90, 0x00, 0x00, 0x00, 0x00,
    0x55, 0x22, 0x52, 0x22, 0x52, 0x22, 0x25, 0x95, 0x25, 0x92, 0x22, 0x22, 0x59, 0x59, 0x92, 0x92,
    0x29, 0x25, 0x59, 0x52, 0x91, 0x37, 0x95, 0x95, 0x12, 0x16, 0x95, 0x92, 0x29, 0x21, 0x85, 0x29,
    0x00, 0x00, 0x00, 0x00, 0x00, 0x00, 0x00, 0x00, 0x00, 0x00, 0x00, 0x00, 0x09, 0x00, 0x00, 0x00,
    0x92, 0x00, 0x00, 0x00, 0x52, 0x00, 0x00, 0x00, 0x95, 0x09, 0x00, 0x00, 0x22, 0x95, 0x00, 0x00,
    0x29, 0x22, 0x09, 0x00, 0x52, 0x22, 0x09, 0x00, 0x52, 0x95, 0x09, 0x00, 0x22, 0x25, 0x09, 0x00,
    0x59, 0x59, 0x95, 0x00, 0x92, 0x99, 0x00, 0x00, 0x52, 0x92, 0x00, 0x00, 0x59, 0x59, 0x09, 0x00,
    0x95, 0x58, 0xE9, 0x00, 0xA9, 0x95, 0xAA, 0x0B, 0xC6, 0xA9, 0x36, 0xBA, 0xAB, 0x6A, 0x11, 0xB3,
    0xBB, 0x3A, 0x11, 0xA1, 0x88, 0x66, 0x13, 0x61, 0x22, 0xA6, 0x13, 0xB6, 0x91, 0xB9, 0x66, 0xBB,
    0xE9, 0x12, 0x21, 0x95, 0x5E, 0x81, 0x52, 0x99, 0xE3, 0xE3, 0x99, 0xA9, 0x3E, 0xEE, 0x79, 0x0E,
    0xB1, 0x9A, 0x37, 0x0E, 0xB9, 0x7B, 0x64, 0x0E, 0x92, 0x36, 0x11, 0xE4, 0x98, 0x66, 0x11, 0xB4,
    0x00, 0x00, 0xEE, 0xEE, 0x00, 0x00, 0x00, 0x00, 0x00, 0x00, 0x00, 0x00, 0x00, 0x00, 0x00, 0x00,
    0x00, 0x00, 0x00, 0x00, 0x00, 0x00, 0x00, 0x00, 0x00, 0x00, 0x00, 0x00, 0x00, 0x00, 0x00, 0x00,
    0xEE, 0x0E, 0x00, 0x00, 0x00, 0x00, 0x00, 0x00, 0x00, 0x00, 0x00, 0x00, 0x00, 0x00, 0x00, 0x00,
    0x00, 0x00, 0x00, 0x00, 0x00, 0x00, 0x00, 0x00, 0x00, 0x00, 0x00, 0x00, 0x00, 0x00, 0x00, 0x00,
    0x00, 0x00, 0x00, 0x00, 0x00, 0x00, 0x00, 0x00, 0x00, 0x00, 0x00, 0x00, 0x00, 0x00, 0x00, 0x00,
    0x0E, 0x00, 0x00, 0x00, 0x0B, 0x00, 0x00, 0x00, 0x0B, 0x00, 0x00, 0x00, 0x00, 0x00, 0x00, 0x00,
};
static const u16 sFrame37[] = {
    0x0006, 0x40DF, 0x81E1, 0x0000, 0x40EF, 0x81F1, 0x0008, 0x00CF, 0x41F1, 0x0010, 0x80CF, 0x4001,
    0x0014, 0x40FF, 0x0001, 0x0018, 0x00DF, 0x0009, 0x001A, 0x0000,
};
static const void* const sFrames37[] = { sFrame37 };
static const u8 sTiles38[928] __attribute__((aligned(4))) = {
    0x00, 0xCC, 0x00, 0xC0, 0xC0, 0x37, 0xCC, 0x3C, 0xC0, 0x13, 0x3C, 0x1C, 0xC0, 0x31, 0x17, 0x37,
    0x70, 0x31, 0x11, 0x31, 0x3C, 0x33, 0x33, 0x33, 0x3C, 0x11, 0x11, 0x11, 0x7C, 0x33, 0x33, 0x33,
    0x0C, 0x00, 0x00, 0x00, 0xC7, 0x00, 0x00, 0x00, 0xC3, 0x00, 0x00, 0x00, 0xC1, 0x00, 0x00, 0x00,
    0x71, 0x0C, 0x00, 0x00, 0x73, 0xC7, 0xCC, 0xCC, 0x11, 0x11, 0x11, 0x11, 0x33, 0x33, 0x33, 0x33,
    0x00, 0x00, 0x00, 0x00, 0x00, 0x00, 0x00, 0x00, 0x00, 0x00, 0x00, 0x00, 0x00, 0x00, 0x00, 0x00,
    0x00, 0x00, 0x00, 0x00, 0xCC, 0xCC, 0xCC, 0xCC, 0x11, 0x11, 0x11, 0x31, 0x33, 0x33, 0x33, 0x73,
    0x00, 0x00, 0x00, 0x00, 0x00, 0x00, 0x00, 0x90, 0x00, 0x90, 0x99, 0x55, 0x00, 0x59, 0x22, 0xEE,
    0x00, 0x25, 0x95, 0x59, 0xCC, 0x59, 0xFB, 0x29, 0x77, 0x55, 0xB9, 0x21, 0x77, 0x22, 0xF5, 0x12,
    0xC0, 0xCC, 0xCC, 0xCC, 0x00, 0x00, 0x00, 0x00, 0x00, 0x00, 0x00, 0x00, 0x00, 0x00, 0x00, 0x00,
    0x00, 0x00, 0x00, 0x00, 0x00, 0x00, 0x00, 0x00, 0x00, 0x00, 0x00, 0x00, 0x00, 0x00, 0x00, 0x00,
    0xCC, 0xCC, 0xCC, 0xCC, 0x00, 0x00, 0x00, 0x00, 0x00, 0x00, 0x00, 0x00, 0x00, 0x00, 0x00, 0x00,
    0x00, 0x00, 0x00, 0x00, 0x00, 0x00, 0x00, 0x00, 0x00, 0x00, 0x00, 0x00, 0x00, 0x00, 0x00, 0x00,
    0xCC, 0xCC, 0xCC, 0xCC, 0x00, 0x00, 0x00, 0x00, 0x00, 0x00, 0x00, 0x00, 0x00, 0x00, 0x00, 0x00,
    0x00, 0x00, 0x00, 0x00, 0x00, 0x00, 0x00, 0x00, 0x00, 0x00, 0x00, 0x00, 0x00, 0x00, 0x00, 0x00,
    0xBB, 0x99, 0x9B, 0xB2, 0x00, 0x5B, 0xB9, 0x99, 0x00, 0x5B, 0x55, 0x55, 0x00, 0xB0, 0x9B, 0x59,
    0x00, 0x00, 0x00, 0xB0, 0x00, 0x00, 0x00, 0x00, 0x00, 0x00, 0x00, 0x00, 0x00, 0x00, 0x00, 0x00,
    0x00, 0x00, 0x00, 0x90, 0x99, 0x55, 0x09, 0x00, 0x22, 0xF2, 0xFF, 0x00, 0xEE, 0x9F, 0xEE, 0x59,
    0x92, 0x52, 0xB3, 0x15, 0x51, 0xB5, 0x6E, 0x5B, 0xB1, 0xBB, 0xE6, 0x6E, 0xB9, 0x2B, 0xFF, 0xA5,
    0xB5, 0x98, 0x59, 0xB9, 0xB9, 0xB9, 0x9B, 0xBB, 0xB0, 0xEB, 0xBE, 0xAA, 0xB2, 0x7B, 0x3A, 0x43,
    0x52, 0x6E, 0x13, 0x36, 0x95, 0x3E, 0x31, 0x11, 0xEA, 0xEE, 0x6A, 0x13, 0x63, 0xF4, 0xBF, 0x76,
    0xBB, 0xFF, 0x0E, 0x00, 0xAB, 0xA6, 0xEB, 0x00, 0x67, 0x43, 0xAA, 0x0E, 0x36, 0x36, 0x64, 0xEA,
    0x16, 0x13, 0xA3, 0xB6, 0x11, 0x11, 0x74, 0xA6, 0x31, 0x41, 0x4A, 0x76, 0xAA, 0x36, 0x63, 0xE4,
    0x00, 0x00, 0x00, 0x00, 0x00, 0x00, 0x00, 0x00, 0x00, 0x00, 0x00, 0x00, 0x00, 0x00, 0x00, 0x00,
    0x0E, 0x00, 0x00, 0x00, 0x0E, 0x00, 0x00, 0x00, 0x0F, 0x00, 0x00, 0x00, 0x0F, 0x00, 0x00, 0x00,
    0x2B, 0xFF, 0x99, 0xFB, 0xF5, 0x9F, 0x55, 0x0B, 0x99, 0x59, 0xB2, 0x00, 0x55, 0x22, 0xB5, 0x00,
    0x9B, 0x55, 0x0B, 0x00, 0x00, 0x00, 0x00, 0x00, 0x00, 0x00, 0x00, 0x00, 0x00, 0x00, 0x00, 0x00,
    0xE0, 0x66, 0xF4, 0xFF, 0x7E, 0x17, 0x46, 0xF4, 0x7E, 0x14, 0x63, 0xA6, 0xB0, 0x44, 0x11, 0x13,
    0x7E, 0x47, 0x11, 0xA1, 0x7E, 0x44, 0x41, 0x71, 0x7E, 0x47, 0x71, 0x41, 0xEF, 0x14, 0x71, 0x71,
    0x4F, 0x13, 0x34, 0xCF, 0xFA, 0xA4, 0xF6, 0x7C, 0xFF, 0x6E, 0xCE, 0xFF, 0xAA, 0xEA, 0xF7, 0x44,
    0x36, 0xA3, 0x3F, 0x41, 0xAA, 0x66, 0x6A, 0x11, 0xE7, 0xAA, 0x77, 0x14, 0xFB, 0x00, 0x7B, 0x11,
    0xE7, 0x00, 0x00, 0x00, 0xFF, 0x0E, 0x00, 0x00, 0x94, 0x0B, 0x00, 0x00, 0x31, 0xB6, 0x00, 0x00,
    0x11, 0x76, 0x0E, 0x00, 0x11, 0x11, 0x0E, 0x00, 0x11, 0x11, 0xCE, 0x00, 0x11, 0x11, 0xE7, 0x00,
    0x00, 0x00, 0x00, 0x00, 0x00, 0x00, 0x00, 0x00, 0x00, 0x00, 0x00, 0x00, 0x00, 0x00, 0x90, 0x52,
    0x00, 0x00, 0x95, 0x29, 0x00, 0x59, 0x55, 0x55, 0x00, 0x90, 0x22, 0x22, 0x00, 0x00, 0x29, 0x22,
    0x90, 0x00, 0x90, 0x00, 0x50, 0x09, 0x99, 0x00, 0x50, 0x92, 0x52, 0x09, 0x99, 0x29, 0x22, 0x22,
    0x52, 0x25, 0x59, 0x55, 0x29, 0x22, 0x92, 0x22, 0x92, 0x92, 0x25, 0x92, 0x52, 0x22, 0x59, 0x22,
    0x00, 0x90, 0x95, 0x25, 0x00, 0x00, 0x59, 0x52, 0x00, 0x99, 0x22, 0x29, 0x00, 0x00, 0x59, 0x52,
    0x00, 0x00, 0x90, 0x29, 0x00, 0x00, 0x00, 0x59, 0x00, 0x00, 0x00, 0x99, 0x00, 0x00, 0x00, 0x29,
    0x92, 0x92, 0x25, 0x22, 0x29, 0x25, 0x52, 0x22, 0x25, 0x22, 0x22, 0x99, 0x22, 0x92, 0x25, 0x22,
    0x29, 0x25, 0x59, 0x22, 0x52, 0x22, 0x25, 0x95, 0x29, 0x25, 0x59, 0x52, 0x9B, 0x99, 0x52, 0x99,
    0x14, 0x11, 0x71, 0xEE, 0x14, 0x11, 0x71, 0xAE, 0x44, 0x11, 0x11, 0x74, 0x44, 0x14, 0x74, 0xB7,
    0x77, 0x44, 0x11, 0xB7, 0x14, 0x71, 0xA7, 0xEB, 0xBA, 0xEA, 0x7E, 0xEE, 0xEE, 0xE7, 0x78, 0xCC,
    0x00, 0x00, 0x00, 0x00, 0x0E, 0x00, 0x00, 0x00, 0x0E, 0x00, 0x00, 0x00, 0x0F, 0x00, 0x00, 0x00,
    0x00, 0x00, 0x00, 0x00, 0x0F, 0x00, 0x00, 0x00, 0x0B, 0x00, 0x00, 0x00, 0xE7, 0x00, 0x00, 0x00,
    0xE0, 0xE3, 0x8E, 0x88, 0xE0, 0x36, 0x76, 0x8B, 0x00, 0x6E, 0xB7, 0x8B, 0x00, 0x3E, 0x37, 0x36,
    0x00, 0x6E, 0x33, 0xE3, 0x00, 0xEF, 0xEE, 0x0E, 0x00, 0x00, 0x00, 0x00, 0x00, 0x00, 0x00, 0x00,
    0xBB, 0x0E, 0x00, 0x00, 0x7B, 0x0E, 0x00, 0x00, 0x36, 0x0E, 0x00, 0x00, 0x63, 0x0E, 0x00, 0x00,
    0xEE, 0x00, 0x00, 0x00, 0x00, 0x00, 0x00, 0x00, 0x00, 0x00, 0x00, 0x00, 0x00, 0x00, 0x00, 0x00,
    0x00, 0x00, 0x00, 0xF0, 0x00, 0x00, 0xE0, 0xBB, 0x00, 0x00, 0xE0, 0x83, 0x00, 0x00, 0xE0, 0x36,
    0x00, 0x00, 0xF0, 0x6E, 0x00, 0x00, 0x00, 0x6E, 0x00, 0x00, 0x00, 0xE0, 0x00, 0x00, 0x00, 0x00,
    0xBB, 0xAE, 0xA3, 0x7B, 0x88, 0xE8, 0x7B, 0xEE, 0xBB, 0x8E, 0xCB, 0xEE, 0xB7, 0xEB, 0xB7, 0x3E,
    0x73, 0xEB, 0x36, 0x66, 0x36, 0x77, 0xE7, 0xBB, 0x7E, 0xE6, 0x0E, 0x00, 0xE0, 0x0E, 0x00, 0x00,
    0x00, 0x00, 0x00, 0x00, 0x00, 0x00, 0x00, 0x00, 0x00, 0x00, 0x00, 0x00, 0x05, 0x00, 0x00, 0x00,
    0x09, 0x09, 0x00, 0x00, 0x52, 0xB9, 0x00, 0x00, 0x22, 0x92, 0x00, 0x00, 0x25, 0x92, 0x00, 0x00,
    0x55, 0x99, 0x00, 0x00, 0x52, 0x92, 0x00, 0x00, 0x95, 0x55, 0x00, 0x00, 0x99, 0xB9, 0x00, 0x00,
    0x25, 0xB9, 0x00, 0x00, 0x95, 0x95, 0x0B, 0x00, 0x99, 0xBB, 0x0B, 0x00, 0xBB, 0xBF, 0x00, 0x00,
    0xFB, 0x00, 0xBF, 0x14, 0xF3, 0x00, 0xB0, 0x47, 0xF6, 0x00, 0xF0, 0x7B, 0xF7, 0x00, 0x00, 0x7B,
    0x0F, 0x00, 0xF0, 0x7A, 0x00, 0x00, 0x00, 0xBE, 0x00, 0x00, 0x00, 0x7E, 0x00, 0x00, 0x00, 0xBE,
};
static const u16 sFrame38[] = {
    0x0007, 0x40E2, 0x81C8, 0x0000, 0x40E2, 0x81E8, 0x0008, 0x00D2, 0x41E8, 0x0010, 0x00F2, 0x4000,
    0x0014, 0x40F2, 0x01E8, 0x0018, 0x80D2, 0x01F8, 0x001A, 0x00F2, 0x01F8, 0x001C, 0x0000,
};
static const void* const sFrames38[] = { sFrame38 };
static const u8 sTiles39[960] __attribute__((aligned(4))) = {
    0x00, 0x00, 0x00, 0x00, 0x00, 0x00, 0x00, 0x00, 0x00, 0x00, 0x00, 0x00, 0x00, 0x00, 0x00, 0x00,
    0x00, 0x00, 0x00, 0x00, 0x00, 0x00, 0x00, 0x00, 0x00, 0x00, 0x00, 0x90, 0x00, 0x90, 0x99, 0x55,
    0x00, 0x50, 0x59, 0x22, 0x00, 0x99, 0x25, 0x95, 0x99, 0x22, 0x92, 0x52, 0x00, 0x99, 0x25, 0x25,
    0x00, 0x00, 0x99, 0x92, 0x00, 0x00, 0x99, 0x25, 0x99, 0x55, 0x09, 0x99, 0x22, 0x22, 0x92, 0xBB,
    0x29, 0x59, 0x25, 0x22, 0x52, 0x22, 0x52, 0x22, 0x22, 0x22, 0x22, 0x99, 0x22, 0x59, 0x25, 0x22,
    0x52, 0x92, 0x59, 0x22, 0x25, 0x52, 0x25, 0x95, 0x52, 0x92, 0x59, 0x52, 0x99, 0x29, 0x52, 0xB9,
    0x55, 0x99, 0x00, 0x00, 0x52, 0x92, 0xBB, 0x00, 0x95, 0x55, 0xB9, 0x00, 0x99, 0x89, 0x0B, 0x00,
    0x25, 0x99, 0x0B, 0x00, 0x95, 0xB5, 0x00, 0x00, 0xB9, 0xFF, 0x0E, 0x00, 0xAB, 0xB6, 0xEE, 0x00,
    0x00, 0x59, 0x22, 0x52, 0x00, 0x25, 0xB5, 0xBB, 0xCC, 0x59, 0x5B, 0x12, 0x77, 0x55, 0xB9, 0x2C,
    0x77, 0x22, 0xC5, 0xFC, 0xBB, 0x99, 0x5B, 0x29, 0x00, 0x5B, 0x99, 0x52, 0x00, 0x5B, 0x55, 0x99,
    0xBB, 0xBB, 0xC5, 0x90, 0xB5, 0x52, 0x5B, 0x59, 0x52, 0xE9, 0x9E, 0x19, 0x11, 0x35, 0x5B, 0x25,
    0x25, 0xEB, 0xB6, 0xBB, 0x55, 0x6B, 0xEE, 0x6E, 0xB1, 0x5B, 0x59, 0xAB, 0xBB, 0x59, 0xB2, 0xE0,
    0x62, 0xE1, 0xBE, 0xAA, 0xB9, 0x7B, 0x3A, 0x43, 0x52, 0x6E, 0x13, 0x36, 0x95, 0x3E, 0x31, 0x11,
    0xBB, 0xEE, 0x6A, 0x13, 0x6A, 0xF7, 0xBF, 0x76, 0x63, 0x7A, 0xAF, 0xBB, 0x67, 0x66, 0xF6, 0xBC,
    0x67, 0x33, 0xF6, 0x00, 0x36, 0x36, 0x63, 0xFF, 0x16, 0x13, 0xA3, 0xE6, 0x11, 0x11, 0x74, 0xE6,
    0x31, 0x41, 0xEA, 0xE6, 0xAA, 0x36, 0x63, 0x7E, 0xF6, 0x33, 0x6E, 0xE3, 0xAF, 0xAA, 0x76, 0xBA,
    0x00, 0x00, 0x00, 0x00, 0x00, 0x00, 0x00, 0x00, 0x00, 0x00, 0x00, 0x00, 0x00, 0x00, 0x00, 0x00,
    0x00, 0x00, 0x00, 0x00, 0x00, 0xCC, 0x00, 0xC0, 0xC0, 0x37, 0xCC, 0x3C, 0xC0, 0x13, 0x3C, 0x1C,
    0x00, 0x00, 0x00, 0x00, 0x00, 0x00, 0x00, 0x00, 0x00, 0x00, 0x00, 0x00, 0x00, 0x00, 0x00, 0x00,
    0x00, 0x00, 0x00, 0x00, 0x0C, 0x00, 0x00, 0x00, 0xC7, 0x00, 0x00, 0x00, 0xC3, 0x00, 0x00, 0x00,
    0xC0, 0x31, 0x17, 0x37, 0x70, 0x31, 0x11, 0x31, 0x3C, 0x33, 0x33, 0x33, 0x3C, 0x11, 0x11, 0x11,
    0x7C, 0x33, 0x33, 0x33, 0xC0, 0xCC, 0xCC, 0xCC, 0x00, 0x00, 0x00, 0x00, 0x00, 0x00, 0x00, 0x00,
    0xC1, 0x00, 0x00, 0x00, 0x71, 0x0C, 0x00, 0x00, 0x73, 0xC7, 0xCC, 0xCC, 0x11, 0x11, 0x11, 0x11,
    0x33, 0x33, 0x33, 0x33, 0xCC, 0xCC, 0xCC, 0xCC, 0x00, 0x00, 0x00, 0x00, 0x00, 0x00, 0x00, 0x00,
    0x55, 0x22, 0xB5, 0xE0, 0x9B, 0x55, 0xBB, 0x4B, 0x00, 0x00, 0xA0, 0x77, 0x00, 0x00, 0xE0, 0x47,
    0x00, 0x00, 0xF0, 0x7B, 0x00, 0x00, 0x00, 0x4E, 0x00, 0x00, 0xBF, 0xEB, 0x00, 0xBE, 0x8B, 0x88,
    0x1A, 0x46, 0x63, 0x36, 0x14, 0x11, 0x61, 0xA7, 0x44, 0x11, 0x71, 0xEE, 0x44, 0x41, 0x71, 0xAE,
    0x47, 0x14, 0x17, 0x74, 0x11, 0x77, 0x71, 0xFB, 0x3A, 0xAE, 0x7B, 0xFB, 0xBE, 0x7C, 0xEE, 0xF3,
    0x00, 0x3E, 0xB8, 0xEB, 0x00, 0x6E, 0x73, 0xBB, 0x00, 0xE0, 0x36, 0xB7, 0x00, 0xE0, 0x66, 0x73,
    0x00, 0x00, 0xEE, 0x67, 0x00, 0x00, 0x00, 0xEE, 0x00, 0x00, 0x00, 0x00, 0x00, 0x00, 0x00, 0x00,
    0xB8, 0xCE, 0xEE, 0xF6, 0x7E, 0xB7, 0x3E, 0xF7, 0x6E, 0x33, 0x66, 0x0F, 0x77, 0xEE, 0xBB, 0x00,
    0xEE, 0x0E, 0x00, 0x00, 0x00, 0x00, 0x00, 0x00, 0x00, 0x00, 0x00, 0x00, 0x00, 0x00, 0x00, 0x00,
    0xC7, 0xB7, 0xFE, 0x00, 0x77, 0x7C, 0xF7, 0x0E, 0xAC, 0xAC, 0x3F, 0xEA, 0xCC, 0xFF, 0x74, 0xE6,
    0xFC, 0x13, 0x41, 0xB4, 0x4F, 0x67, 0x11, 0xB4, 0x47, 0x44, 0x14, 0x11, 0xEF, 0x47, 0x47, 0x11,
    0x00, 0x00, 0x00, 0x00, 0x00, 0x00, 0x00, 0x00, 0x00, 0x00, 0x00, 0x00, 0x0E, 0x00, 0x00, 0x00,
    0xE7, 0x00, 0x00, 0x00, 0x41, 0x0B, 0x00, 0x00, 0x11, 0xB4, 0x00, 0x00, 0x41, 0x71, 0x0E, 0x00,
    0xE0, 0xE7, 0x47, 0x14, 0x00, 0xEE, 0x47, 0x44, 0x00, 0x00, 0xBF, 0x47, 0x00, 0x00, 0xAE, 0x47,
    0x00, 0x00, 0xE0, 0x7A, 0x00, 0x00, 0x00, 0xEE, 0x00, 0x00, 0x00, 0xE0, 0x00, 0x00, 0x00, 0xB0,
    0x14, 0x74, 0xBE, 0x00, 0x41, 0x44, 0xA7, 0xEB, 0x44, 0x44, 0x14, 0x47, 0x44, 0x47, 0x74, 0xB4,
    0x77, 0x11, 0x11, 0x7A, 0x47, 0x77, 0x11, 0x88, 0xAB, 0x8E, 0xAA, 0x8B, 0x7E, 0xE3, 0x8E, 0x76,
    0x00, 0x00, 0x00, 0x00, 0x00, 0x00, 0x00, 0x00, 0x00, 0x00, 0x00, 0x00, 0x00, 0x00, 0x29, 0x95,
    0x00, 0x00, 0x90, 0x22, 0x59, 0x55, 0x55, 0x95, 0x90, 0x22, 0x22, 0x22, 0x00, 0x99, 0x22, 0x22,
    0x09, 0x00, 0x90, 0x00, 0x95, 0x90, 0x99, 0x00, 0x25, 0x29, 0x52, 0x09, 0x99, 0x22, 0x22, 0x22,
    0x55, 0x92, 0x59, 0x55, 0x22, 0x22, 0x92, 0x22, 0x29, 0x59, 0x25, 0x92, 0x25, 0x92, 0x59, 0x22,
    0xF0, 0xEE, 0x36, 0xB7, 0x00, 0x3F, 0x6E, 0x37, 0x00, 0xF0, 0x3E, 0x33, 0x00, 0x00, 0x6E, 0xEE,
    0x00, 0x00, 0xF0, 0x00, 0x00, 0x00, 0x00, 0x00, 0x00, 0x00, 0x00, 0x00, 0x00, 0x00, 0x00, 0x00,
    0x36, 0xE3, 0x00, 0x00, 0x63, 0x0E, 0x00, 0x00, 0xEE, 0x00, 0x00, 0x00, 0x00, 0x00, 0x00, 0x00,
    0x00, 0x00, 0x00, 0x00, 0x00, 0x00, 0x00, 0x00, 0x00, 0x00, 0x00, 0x00, 0x00, 0x00, 0x00, 0x00,
    0x00, 0x00, 0x00, 0x00, 0x00, 0x00, 0x00, 0x00, 0x00, 0x00, 0x00, 0x00, 0x05, 0x00, 0x00, 0x00,
    0x09, 0x09, 0x00, 0x00, 0x52, 0x09, 0x00, 0x00, 0x22, 0x92, 0x00, 0x00, 0x25, 0x92, 0x0B, 0x00,
    0x00, 0x00, 0x00, 0x00, 0x00, 0x00, 0x00, 0x00, 0xCC, 0xCC, 0xCC, 0xCC, 0x11, 0x11, 0x11, 0x31,
    0x33, 0x33, 0x33, 0x73, 0xCC, 0xCC, 0xCC, 0xCC, 0x00, 0x00, 0x00, 0x00, 0x00, 0x00, 0x00, 0x00,
    0x00, 0x00, 0x00, 0x00, 0x00, 0x00, 0x00, 0x00, 0xFF, 0x00, 0x00, 0x00, 0xFA, 0x00, 0x00, 0x00,
    0xF3, 0x00, 0x00, 0x00, 0xFE, 0x0F, 0x00, 0x00, 0xAC, 0xFE, 0x00, 0x00, 0xFC, 0xFA, 0x0F, 0x00,
    0x00, 0xB0, 0x9B, 0x59, 0x00, 0x00, 0x00, 0xB0, 0x00, 0x00, 0x00, 0x00, 0x00, 0x00, 0x00, 0x00,
    0x00, 0x00, 0x00, 0x00, 0x00, 0x00, 0x00, 0x00, 0x00, 0x00, 0x00, 0x00, 0x00, 0x00, 0x00, 0x00,
    0xAA, 0x66, 0x3A, 0xCE, 0x61, 0x33, 0xAA, 0xAE, 0xAA, 0xAA, 0xBE, 0xCA, 0x0E, 0xFF, 0xAF, 0xCC,
    0x0E, 0x00, 0xF0, 0xAC, 0x00, 0x00, 0x00, 0xFF, 0x00, 0x00, 0x00, 0xF0, 0x00, 0x00, 0x00, 0x00,
    0x00, 0x00, 0x00, 0x00, 0x00, 0x00, 0x00, 0x00, 0xE7, 0x00, 0x00, 0x00, 0x0E, 0x00, 0x00, 0x00,
    0xEB, 0x00, 0x00, 0x00, 0xBB, 0xEE, 0x00, 0x00, 0xB8, 0x37, 0x0E, 0x00, 0x8B, 0x66, 0x0E, 0x00,
};
static const u16 sFrame39[] = {
    0x000C, 0x40E1, 0x81E5, 0x0000, 0x00E1, 0x41CD, 0x0008, 0x00F1, 0x41ED, 0x000C, 0x00F1, 0x4005,
    0x0010, 0x40D9, 0x01ED, 0x0014, 0x4001, 0x000D, 0x0016, 0x00D9, 0x01FD, 0x0018, 0x00E9, 0x01DD,
    0x0019, 0x00E9, 0x0005, 0x001A, 0x00F1, 0x01E5, 0x001B, 0x00F1, 0x01FD, 0x001C, 0x00F9, 0x0015,
    0x001D, 0x0000,
};
static const void* const sFrames39[] = { sFrame39 };
static const u8 sTiles40[960] __attribute__((aligned(4))) = {
    0x00, 0x00, 0x00, 0x00, 0x00, 0x00, 0x00, 0x00, 0x00, 0x00, 0x00, 0x00, 0x00, 0x00, 0x00, 0x00,
    0x00, 0x00, 0x00, 0x00, 0x00, 0x00, 0x00, 0x00, 0x00, 0x00, 0x00, 0x90, 0x00, 0x90, 0x99, 0x55,
    0x00, 0x50, 0x59, 0x22, 0x00, 0x99, 0x25, 0x95, 0x99, 0x22, 0x92, 0x52, 0x00, 0x99, 0x25, 0x25,
    0x00, 0x00, 0x99, 0x92, 0x00, 0x00, 0x99, 0x25, 0x99, 0x55, 0x09, 0x99, 0x22, 0x22, 0x92, 0xBB,
    0x29, 0x59, 0x25, 0x22, 0x52, 0x22, 0x52, 0x22, 0x22, 0x22, 0x22, 0x99, 0x22, 0x59, 0x25, 0x22,
    0x52, 0x92, 0x59, 0x22, 0x25, 0x52, 0x25, 0x95, 0x52, 0x92, 0x59, 0x52, 0x99, 0x29, 0x52, 0xB9,
    0x55, 0x99, 0x00, 0x00, 0x52, 0x92, 0xBB, 0x00, 0x95, 0x55, 0xB9, 0x00, 0x99, 0x89, 0x0B, 0x00,
    0x25, 0x99, 0x0B, 0x00, 0x95, 0xB5, 0x00, 0x00, 0xB9, 0xFF, 0x0E, 0x00, 0xAB, 0xB6, 0xEE, 0x00,
    0x00, 0x59, 0x22, 0x52, 0x00, 0x25, 0xB5, 0xBB, 0xCC, 0x59, 0x5B, 0x12, 0x77, 0x55, 0xB9, 0x2C,
    0x77, 0x22, 0xC5, 0xFC, 0xBB, 0x99, 0x5B, 0x29, 0x00, 0x5B, 0x99, 0x52, 0x00, 0x5B, 0x55, 0x99,
    0xBB, 0xBB, 0xC5, 0x90, 0xB5, 0x52, 0x5B, 0x59, 0x52, 0xE9, 0x9E, 0x19, 0x11, 0x35, 0x5B, 0x25,
    0x25, 0xEB, 0xB6, 0xBB, 0x55, 0x6B, 0xEE, 0x6E, 0xB1, 0x5B, 0x59, 0xAB, 0xBB, 0x59, 0xB2, 0xE0,
    0x62, 0xE1, 0xBE, 0xAA, 0xB9, 0x7B, 0x3A, 0x43, 0x52, 0x6E, 0x13, 0x36, 0x95, 0x3E, 0x31, 0x11,
    0xBB, 0xEE, 0x6A, 0x13, 0x6A, 0xF7, 0xBF, 0x76, 0x63, 0x7A, 0xAF, 0xBB, 0x67, 0x66, 0xF6, 0xBC,
    0x67, 0x33, 0xF6, 0x00, 0x36, 0x36, 0x63, 0xFF, 0x16, 0x13, 0xA3, 0xE6, 0x11, 0x11, 0x74, 0xE6,
    0x31, 0x41, 0xEA, 0xE6, 0xAA, 0x36, 0x63, 0x7E, 0xF6, 0x33, 0x6E, 0xE3, 0xAF, 0xAA, 0x76, 0xBA,
    0x00, 0x00, 0x00, 0x00, 0x00, 0x00, 0x00, 0x00, 0x00, 0x00, 0x00, 0x00, 0x00, 0x00, 0x00, 0x00,
    0x00, 0x00, 0x00, 0x00, 0x00, 0xCC, 0x00, 0xC0, 0xC0, 0x37, 0xCC, 0x3C, 0xC0, 0x13, 0x3C, 0x1C,
    0x00, 0x00, 0x00, 0x00, 0x00, 0x00, 0x00, 0x00, 0x00, 0x00, 0x00, 0x00, 0x00, 0x00, 0x00, 0x00,
    0x00, 0x00, 0x00, 0x00, 0x0C, 0x00, 0x00, 0x00, 0xC7, 0x00, 0x00, 0x00, 0xC3, 0x00, 0x00, 0x00,
    0xC0, 0x31, 0x17, 0x37, 0x70, 0x31, 0x11, 0x31, 0x3C, 0x33, 0x33, 0x33, 0x3C, 0x11, 0x11, 0x11,
    0x7C, 0x33, 0x33, 0x33, 0xC0, 0xCC, 0xCC, 0xCC, 0x00, 0x00, 0x00, 0x00, 0x00, 0x00, 0x00, 0x00,
    0xC1, 0x00, 0x00, 0x00, 0x71, 0x0C, 0x00, 0x00, 0x73, 0xC7, 0xCC, 0xCC, 0x11, 0x11, 0x11, 0x11,
    0x33, 0x33, 0x33, 0x33, 0xCC, 0xCC, 0xCC, 0xCC, 0x00, 0x00, 0x00, 0x00, 0x00, 0x00, 0x00, 0x00,
    0x55, 0x22, 0xB5, 0xE0, 0x9B, 0x55, 0xBB, 0x4B, 0x00, 0x00, 0xA0, 0x77, 0x00, 0x00, 0xE0, 0x47,
    0x00, 0x00, 0xF0, 0x7B, 0x00, 0x00, 0x00, 0x4E, 0x00, 0x00, 0xBF, 0xEB, 0x00, 0xBE, 0x8B, 0x88,
    0x1A, 0x46, 0x63, 0x36, 0x14, 0x11, 0x61, 0xA7, 0x44, 0x11, 0x71, 0xEE, 0x44, 0x41, 0x71, 0xAE,
    0x47, 0x14, 0x17, 0x74, 0x11, 0x77, 0x71, 0xFB, 0x3A, 0xAE, 0x7B, 0xFB, 0xBE, 0x7C, 0xEE, 0xF3,
    0x00, 0x3E, 0xB8, 0xEB, 0x00, 0x6E, 0x73, 0xBB, 0x00, 0xE0, 0x36, 0xB7, 0x00, 0xE0, 0x66, 0x73,
    0x00, 0x00, 0xEE, 0x67, 0x00, 0x00, 0x00, 0xEE, 0x00, 0x00, 0x00, 0x00, 0x00, 0x00, 0x00, 0x00,
    0xB8, 0xCE, 0xEE, 0xF6, 0x7E, 0xB7, 0x3E, 0xF7, 0x6E, 0x33, 0x66, 0x0F, 0x77, 0xEE, 0xBB, 0x00,
    0xEE, 0x0E, 0x00, 0x00, 0x00, 0x00, 0x00, 0x00, 0x00, 0x00, 0x00, 0x00, 0x00, 0x00, 0x00, 0x00,
    0xC7, 0xB7, 0xFE, 0x00, 0x77, 0x7C, 0xF7, 0x0E, 0xAC, 0xAC, 0x3F, 0xEA, 0xCC, 0xFF, 0x74, 0xE6,
    0xFC, 0x13, 0x41, 0xB4, 0x4F, 0x67, 0x11, 0xB4, 0x47, 0x44, 0x14, 0x11, 0xEF, 0x47, 0x47, 0x11,
    0x00, 0x00, 0x00, 0x00, 0x00, 0x00, 0x00, 0x00, 0x00, 0x00, 0x00, 0x00, 0x0E, 0x00, 0x00, 0x00,
    0xE7, 0x00, 0x00, 0x00, 0x41, 0x0B, 0x00, 0x00, 0x11, 0xB4, 0x00, 0x00, 0x41, 0x71, 0x0E, 0x00,
    0xE0, 0xE7, 0x47, 0x14, 0x00, 0xEE, 0x47, 0x44, 0x00, 0x00, 0xBF, 0x47, 0x00, 0x00, 0xE0, 0x7A,
    0x00, 0x00, 0x00, 0xAE, 0x00, 0x00, 0x00, 0xE0, 0x00, 0x00, 0x00, 0x00, 0x00, 0x00, 0x00, 0x00,
    0x14, 0x74, 0xBE, 0x00, 0x41, 0x44, 0xA7, 0xEB, 0x44, 0x44, 0x14, 0x47, 0x44, 0x74, 0x44, 0x47,
    0x77, 0x17, 0x11, 0xA1, 0x7E, 0x74, 0x17, 0x81, 0xBE, 0xEA, 0xA8, 0xBA, 0xEB, 0x37, 0xEE, 0x68,
    0x00, 0x00, 0x00, 0x00, 0x00, 0x00, 0x00, 0x00, 0x00, 0x00, 0x00, 0x00, 0x00, 0x00, 0x29, 0x95,
    0x00, 0x00, 0x90, 0x22, 0x59, 0x55, 0x55, 0x95, 0x90, 0x22, 0x22, 0x22, 0x00, 0x99, 0x22, 0x22,
    0x09, 0x00, 0x90, 0x00, 0x95, 0x90, 0x99, 0x00, 0x25, 0x29, 0x52, 0x09, 0x99, 0x22, 0x22, 0x22,
    0x55, 0x92, 0x59, 0x55, 0x22, 0x22, 0x92, 0x22, 0x29, 0x59, 0x25, 0x92, 0x25, 0x92, 0x59, 0x22,
    0x00, 0xEF, 0x6E, 0x73, 0x00, 0xF0, 0xE3, 0x76, 0x00, 0x00, 0xEF, 0x33, 0x00, 0x00, 0xE0, 0xE6,
    0x00, 0x00, 0x00, 0x0F, 0x00, 0x00, 0x00, 0x00, 0x00, 0x00, 0x00, 0x00, 0x00, 0x00, 0x00, 0x00,
    0x6B, 0x33, 0x0E, 0x00, 0x33, 0xE6, 0x00, 0x00, 0xE3, 0x0E, 0x00, 0x00, 0x0E, 0x00, 0x00, 0x00,
    0x00, 0x00, 0x00, 0x00, 0x00, 0x00, 0x00, 0x00, 0x00, 0x00, 0x00, 0x00, 0x00, 0x00, 0x00, 0x00,
    0x00, 0x00, 0x00, 0x00, 0x00, 0x00, 0x00, 0x00, 0x00, 0x00, 0x00, 0x00, 0x05, 0x00, 0x00, 0x00,
    0x09, 0x09, 0x00, 0x00, 0x52, 0x09, 0x00, 0x00, 0x22, 0x92, 0x00, 0x00, 0x25, 0x92, 0x0B, 0x00,
    0x00, 0x00, 0x00, 0x00, 0x00, 0x00, 0x00, 0x00, 0xCC, 0xCC, 0xCC, 0xCC, 0x11, 0x11, 0x11, 0x31,
    0x33, 0x33, 0x33, 0x73, 0xCC, 0xCC, 0xCC, 0xCC, 0x00, 0x00, 0x00, 0x00, 0x00, 0x00, 0x00, 0x00,
    0x00, 0x00, 0x00, 0x00, 0x00, 0x00, 0x00, 0x00, 0xFF, 0x00, 0x00, 0x00, 0xFA, 0x00, 0x00, 0x00,
    0xF3, 0x00, 0x00, 0x00, 0xFE, 0x0F, 0x00, 0x00, 0xAC, 0xFE, 0x00, 0x00, 0xFC, 0xFA, 0x0F, 0x00,
    0x00, 0xB0, 0x9B, 0x59, 0x00, 0x00, 0x00, 0xB0, 0x00, 0x00, 0x00, 0x00, 0x00, 0x00, 0x00, 0x00,
    0x00, 0x00, 0x00, 0x00, 0x00, 0x00, 0x00, 0x00, 0x00, 0x00, 0x00, 0x00, 0x00, 0x00, 0x00, 0x00,
    0xAA, 0x66, 0x3A, 0xCE, 0x61, 0x33, 0xAA, 0xAE, 0xAA, 0xAA, 0xBE, 0xCA, 0x0E, 0xFF, 0xAF, 0xCC,
    0x0E, 0x00, 0xF0, 0xAC, 0x00, 0x00, 0x00, 0xFF, 0x00, 0x00, 0x00, 0xF0, 0x00, 0x00, 0x00, 0x00,
    0x00, 0x00, 0x00, 0x00, 0x00, 0x00, 0x00, 0x00, 0xE7, 0x00, 0x00, 0x00, 0xEB, 0x00, 0x00, 0x00,
    0xB7, 0x0E, 0x00, 0x00, 0xB8, 0xEB, 0x0E, 0x00, 0x88, 0x7B, 0xE3, 0x00, 0xB7, 0x68, 0xE6, 0x00,
};
static const u16 sFrame40[] = {
    0x000C, 0x40E1, 0x81E5, 0x0000, 0x00E1, 0x41CD, 0x0008, 0x00F1, 0x41ED, 0x000C, 0x00F1, 0x4005,
    0x0010, 0x40D9, 0x01ED, 0x0014, 0x4001, 0x000D, 0x0016, 0x00D9, 0x01FD, 0x0018, 0x00E9, 0x01DD,
    0x0019, 0x00E9, 0x0005, 0x001A, 0x00F1, 0x01E5, 0x001B, 0x00F1, 0x01FD, 0x001C, 0x00F9, 0x0015,
    0x001D, 0x0000,
};
static const void* const sFrames40[] = { sFrame40 };
static const u8 sTiles41[928] __attribute__((aligned(4))) = {
    0x00, 0x00, 0x00, 0x90, 0x00, 0x00, 0x00, 0x8B, 0x00, 0x00, 0x00, 0x00, 0x00, 0x00, 0x00, 0x90,
    0x00, 0x00, 0x00, 0x8B, 0x0C, 0x00, 0x00, 0x00, 0xC7, 0x0C, 0x00, 0x00, 0x1C, 0xC7, 0x00, 0x00,
    0x29, 0x52, 0x25, 0x22, 0x99, 0x22, 0x25, 0x52, 0x29, 0x59, 0x22, 0x29, 0x55, 0x95, 0x95, 0x25,
    0x9B, 0x99, 0x52, 0x92, 0xB0, 0x79, 0x29, 0x79, 0x00, 0x5B, 0x11, 0x61, 0x00, 0x99, 0x12, 0x11,
    0x25, 0x92, 0x22, 0x92, 0x52, 0x29, 0x25, 0x92, 0x22, 0x22, 0x55, 0x99, 0x29, 0x29, 0x52, 0x92,
    0x25, 0x95, 0x95, 0x95, 0x93, 0x29, 0x99, 0x09, 0x21, 0x29, 0x25, 0xE9, 0x91, 0x92, 0xB5, 0xAA,
    0x00, 0x00, 0x00, 0x00, 0x00, 0x00, 0x00, 0x00, 0x00, 0x00, 0x00, 0x00, 0x00, 0x00, 0x00, 0x00,
    0x00, 0x00, 0x00, 0x00, 0x00, 0x00, 0x00, 0x00, 0x00, 0x00, 0x00, 0x00, 0x0F, 0x00, 0x00, 0x00,
    0x13, 0x0C, 0x00, 0x00, 0xC1, 0x00, 0x00, 0x00, 0xC7, 0x0C, 0x00, 0x00, 0x31, 0xC7, 0x0C, 0x00,
    0x13, 0x31, 0xC7, 0x0C, 0xCC, 0x13, 0x31, 0xC7, 0x00, 0xCC, 0x13, 0x31, 0x00, 0x00, 0xCC, 0x13,
    0x00, 0x00, 0x29, 0x21, 0x00, 0x00, 0xB9, 0x98, 0x00, 0xF0, 0xA4, 0x68, 0x00, 0x6F, 0x71, 0xEE,
    0x00, 0x1F, 0x63, 0xBA, 0x0C, 0xF0, 0xEE, 0x99, 0xC7, 0x9B, 0x59, 0x55, 0x71, 0x99, 0x8B, 0xFB,
    0x55, 0x59, 0x7B, 0x46, 0x59, 0x88, 0x6A, 0x13, 0x8B, 0xB8, 0x17, 0x11, 0x29, 0xEB, 0x34, 0xA4,
    0xBE, 0x3E, 0xEB, 0xEE, 0xB9, 0x6B, 0xEE, 0x95, 0x95, 0xE9, 0x2E, 0x21, 0xBB, 0x2E, 0x12, 0x95,
    0x0F, 0x00, 0x00, 0x00, 0xF7, 0x00, 0x00, 0x00, 0xF6, 0x00, 0x00, 0x00, 0xBE, 0x0F, 0x00, 0x00,
    0x6F, 0xFA, 0x00, 0x00, 0x7F, 0xF3, 0x00, 0x00, 0xF9, 0x0F, 0x00, 0x00, 0xFF, 0x0F, 0x00, 0x00,
    0x00, 0x00, 0x00, 0xCC, 0x00, 0x00, 0x00, 0x00, 0x00, 0x00, 0x00, 0x90, 0x00, 0x00, 0x00, 0xB0,
    0x00, 0x00, 0x00, 0xB0, 0x00, 0x00, 0x00, 0x00, 0x00, 0x00, 0x00, 0x00, 0x00, 0x00, 0x00, 0x00,
    0x77, 0x55, 0x82, 0x58, 0xBC, 0x95, 0x59, 0x22, 0x95, 0xBB, 0x19, 0x11, 0x52, 0xF9, 0x28, 0x11,
    0x25, 0x95, 0x5F, 0x52, 0x9B, 0x52, 0xB5, 0xFF, 0x7A, 0x5B, 0x22, 0x95, 0x70, 0xB7, 0x99, 0x19,
    0xE2, 0xE3, 0x92, 0x99, 0xE1, 0x93, 0x92, 0xEF, 0x12, 0x19, 0xF7, 0xCE, 0x99, 0x7F, 0xF3, 0x7A,
    0x39, 0xF7, 0xCF, 0xAC, 0xFF, 0xCC, 0x7C, 0xFA, 0xA9, 0xF6, 0xCC, 0x4F, 0x36, 0x0A, 0xEF, 0x37,
    0x7E, 0x0F, 0x00, 0x00, 0xAC, 0xFA, 0x00, 0x00, 0xC7, 0xC7, 0x00, 0x00, 0xAC, 0x7C, 0x0F, 0x00,
    0xEF, 0xFF, 0x0F, 0x00, 0x46, 0x74, 0xEE, 0x00, 0x44, 0x11, 0xE3, 0x00, 0x41, 0x11, 0x61, 0x0E,
    0x00, 0x00, 0x00, 0x00, 0x00, 0x00, 0x00, 0x00, 0x00, 0x00, 0x00, 0x00, 0x00, 0x00, 0x00, 0x00,
    0x00, 0x00, 0x00, 0x00, 0x00, 0x00, 0x00, 0x00, 0x00, 0x00, 0x00, 0xBE, 0x00, 0x00, 0x00, 0x3E,
    0xB0, 0x4B, 0x14, 0x11, 0xA0, 0x77, 0x44, 0x11, 0xE0, 0x47, 0x44, 0x41, 0xF0, 0x7B, 0x47, 0x14,
    0x00, 0x4E, 0x11, 0x77, 0xBF, 0xEB, 0x3A, 0xAE, 0x8B, 0x88, 0xBE, 0x7C, 0xB8, 0xEB, 0xB8, 0xCE,
    0x61, 0x00, 0xF0, 0x67, 0x71, 0x66, 0xF0, 0x77, 0x71, 0x6E, 0x03, 0x7B, 0x17, 0x74, 0x6E, 0xB0,
    0x71, 0xFB, 0x60, 0xA3, 0x7B, 0xFB, 0x00, 0x1A, 0xEE, 0xF3, 0x00, 0xA0, 0xEE, 0xF6, 0x00, 0xA0,
    0x11, 0x11, 0x11, 0x0E, 0x14, 0x11, 0x11, 0x0E, 0x11, 0x11, 0x11, 0xE7, 0x14, 0x14, 0x11, 0x71,
    0x47, 0x14, 0x11, 0x71, 0x7A, 0x44, 0x11, 0x11, 0xA6, 0x44, 0x14, 0x74, 0x36, 0x7A, 0x44, 0x11,
    0x36, 0x1A, 0x71, 0xA7, 0xAA, 0xAA, 0xAB, 0x7E, 0xB0, 0x3F, 0x7E, 0x8E, 0x00, 0xF0, 0x3E, 0xEE,
    0x00, 0x00, 0x6E, 0x63, 0x00, 0x00, 0xE0, 0x76, 0x00, 0x00, 0xE0, 0x73, 0x00, 0x00, 0xE0, 0x36,
    0xEB, 0x0E, 0x00, 0x00, 0xCE, 0xBE, 0x00, 0x00, 0xC7, 0x7C, 0x0E, 0x00, 0x88, 0xB8, 0x0E, 0x00,
    0xB7, 0xB8, 0xEB, 0x00, 0xBB, 0xB8, 0xE7, 0x00, 0x63, 0x68, 0xE3, 0x00, 0x33, 0x33, 0xE6, 0x00,
    0x00, 0x00, 0xF0, 0xEE, 0x00, 0x00, 0x00, 0x00, 0x00, 0x00, 0x00, 0x00, 0x00, 0x00, 0x00, 0x00,
    0x00, 0x00, 0x00, 0x00, 0x00, 0x00, 0x00, 0x00, 0x00, 0x00, 0x00, 0x00, 0x00, 0x00, 0x00, 0x00,
    0xEE, 0xEE, 0x0E, 0x00, 0x00, 0x00, 0x00, 0x00, 0x00, 0x00, 0x00, 0x00, 0x00, 0x00, 0x00, 0x00,
    0x00, 0x00, 0x00, 0x00, 0x00, 0x00, 0x00, 0x00, 0x00, 0x00, 0x00, 0x00, 0x00, 0x00, 0x00, 0x00,
    0x00, 0x00, 0x00, 0x00, 0x00, 0x00, 0x00, 0x00, 0x00, 0x00, 0x00, 0x00, 0x00, 0x00, 0x00, 0x00,
    0x00, 0x00, 0x00, 0x5B, 0x00, 0x00, 0x00, 0x00, 0x00, 0x00, 0x00, 0x00, 0x00, 0x00, 0x00, 0x00,
    0x90, 0x00, 0x00, 0x00, 0x50, 0x09, 0x00, 0x09, 0x00, 0x25, 0x09, 0x95, 0x90, 0x5B, 0x22, 0x29,
    0x25, 0x59, 0x22, 0x55, 0x5B, 0x52, 0x22, 0x25, 0x90, 0x52, 0x22, 0x29, 0x55, 0x29, 0x59, 0x95,
    0x00, 0x00, 0x00, 0x6E, 0x00, 0x00, 0x00, 0xE0, 0x00, 0x00, 0x00, 0xE0, 0x00, 0x00, 0x00, 0x00,
    0x00, 0x00, 0x00, 0x00, 0x00, 0x00, 0x00, 0x00, 0x00, 0x00, 0x00, 0x00, 0x00, 0x00, 0x00, 0x00,
    0x73, 0xBB, 0x7E, 0xB7, 0x36, 0xB7, 0x6E, 0x33, 0x66, 0x73, 0x77, 0xEE, 0xEE, 0x67, 0xEE, 0x0E,
    0x00, 0xEE, 0x00, 0x00, 0x00, 0x00, 0x00, 0x00, 0x00, 0x00, 0x00, 0x00, 0x00, 0x00, 0x00, 0x00,
    0x00, 0x00, 0x00, 0x00, 0x00, 0x00, 0x00, 0x00, 0x00, 0x00, 0x00, 0x00, 0x00, 0x00, 0x00, 0x00,
    0x00, 0x00, 0xC0, 0x0C, 0x00, 0xC0, 0x3C, 0xC1, 0xC0, 0x7C, 0x11, 0x3C, 0x7C, 0x37, 0x33, 0x71,
    0x7C, 0x33, 0x37, 0x11, 0xC0, 0x13, 0x33, 0x37, 0x00, 0xCC, 0x13, 0x33, 0x00, 0x00, 0xCC, 0x13,
    0x00, 0x00, 0x00, 0xCC, 0x00, 0x00, 0x00, 0x00, 0x00, 0x00, 0x00, 0x00, 0x00, 0x00, 0x00, 0x00,
    0x00, 0x00, 0x00, 0x00, 0x00, 0x00, 0x00, 0x00, 0x00, 0x00, 0x00, 0x00, 0x92, 0x9B, 0x00, 0x00,
    0x22, 0x29, 0x09, 0x00, 0x55, 0x25, 0xB5, 0x00, 0x22, 0x52, 0x99, 0x0B, 0x92, 0x22, 0x52, 0xB9,
    0x00, 0x00, 0x00, 0x00, 0x00, 0x00, 0x00, 0x00, 0x00, 0x00, 0x00, 0x00, 0xEE, 0x00, 0x00, 0x00,
    0xAE, 0x0E, 0x00, 0x00, 0x74, 0x0E, 0x00, 0x00, 0xB7, 0x0F, 0x00, 0x00, 0xB7, 0x00, 0x00, 0x00,
    0x3E, 0xF7, 0x00, 0xA0, 0x66, 0x0F, 0x00, 0x00, 0xBB, 0x00, 0x00, 0x00, 0x00, 0x00, 0x00, 0x00,
    0x00, 0x00, 0x00, 0x00, 0x00, 0x00, 0x00, 0x00, 0x00, 0x00, 0x00, 0x00, 0x00, 0x00, 0x00, 0x00,
};
static const u16 sFrame41[] = {
    0x0008, 0x00D7, 0x81E3, 0x0000, 0x00F7, 0x41FB, 0x0010, 0x40CF, 0x01E3, 0x0014, 0x40F7, 0x01E3,
    0x0016, 0x80D7, 0x01DB, 0x0018, 0x00CF, 0x01F3, 0x001A, 0x00EF, 0x0003, 0x001B, 0x00F7, 0x01F3,
    0x001C, 0x0000,
};
static const void* const sFrames41[] = { sFrame41 };
static const u8 sTiles42[832] __attribute__((aligned(4))) = {
    0x90, 0x55, 0xBB, 0x98, 0x00, 0xBB, 0x59, 0xBB, 0x00, 0x00, 0xF0, 0xBF, 0x00, 0x00, 0x00, 0xFB,
    0x00, 0x00, 0x00, 0x90, 0x0C, 0x00, 0x00, 0xFE, 0xC7, 0x00, 0xF9, 0xFE, 0xC3, 0x00, 0xE9, 0xF3,
    0x6B, 0xA6, 0xE6, 0xEE, 0x13, 0x37, 0x73, 0xBA, 0x36, 0x11, 0x36, 0x13, 0x3B, 0x73, 0xA7, 0x11,
    0x6F, 0xEE, 0x7A, 0xA3, 0x7F, 0x14, 0xEB, 0xFE, 0xBB, 0x3A, 0x11, 0xF3, 0xB6, 0x13, 0x1E, 0xA4,
    0xFF, 0x00, 0x00, 0x00, 0x9F, 0x9F, 0x00, 0x00, 0x8F, 0xF2, 0x00, 0x00, 0x2F, 0x58, 0xF9, 0x00,
    0x2F, 0x51, 0x95, 0x00, 0x5E, 0x12, 0x52, 0xF8, 0xF0, 0x29, 0x22, 0x91, 0x0F, 0xE9, 0x85, 0x22,
    0x00, 0x00, 0x00, 0x00, 0x00, 0x00, 0x00, 0x00, 0x00, 0x00, 0x00, 0x00, 0x00, 0x00, 0x00, 0x00,
    0x00, 0x00, 0x00, 0x00, 0x00, 0x99, 0x09, 0x00, 0x25, 0x22, 0x55, 0x00, 0x5F, 0x25, 0x95, 0x00,
    0xC1, 0x90, 0x28, 0x3F, 0x71, 0x8C, 0xF2, 0x4F, 0x77, 0xC7, 0xCC, 0xCC, 0x11, 0x11, 0x11, 0x11,
    0x33, 0x33, 0x33, 0x33, 0xCC, 0xCC, 0xCC, 0xCC, 0x47, 0x11, 0x11, 0x11, 0x77, 0x14, 0x11, 0x71,
    0xB3, 0x47, 0x44, 0xAE, 0xE6, 0x7E, 0x67, 0x44, 0xCC, 0xCC, 0xCC, 0xCC, 0x11, 0x11, 0x11, 0x31,
    0x33, 0x33, 0x33, 0x73, 0xCC, 0xCC, 0xCC, 0xCC, 0xE7, 0xCF, 0xBF, 0x6F, 0x0E, 0xFF, 0xFE, 0x44,
    0x0F, 0xF9, 0x2F, 0x18, 0xFC, 0x25, 0xFF, 0x55, 0xBC, 0x59, 0x29, 0x12, 0x77, 0x22, 0xF5, 0x25,
    0x77, 0x55, 0xFB, 0x12, 0xBB, 0x99, 0xBB, 0x5F, 0x44, 0x2B, 0xB9, 0xB9, 0x14, 0x2B, 0x52, 0x95,
    0xB9, 0x5B, 0x92, 0x00, 0x52, 0x9B, 0x52, 0x09, 0x21, 0x9F, 0x95, 0x00, 0x11, 0x95, 0x21, 0x05,
    0x92, 0xB2, 0x52, 0x09, 0x52, 0xBB, 0x9B, 0x00, 0xBB, 0x9F, 0x52, 0x00, 0xBB, 0x59, 0x92, 0x00,
    0x7B, 0x11, 0x11, 0x41, 0xB0, 0x14, 0x14, 0x11, 0xB0, 0x47, 0x14, 0x11, 0x00, 0x7B, 0x44, 0x11,
    0x00, 0x7B, 0x44, 0x14, 0x00, 0x7A, 0x77, 0x44, 0x00, 0xEE, 0x77, 0x41, 0xB0, 0x8B, 0xBE, 0x77,
    0xF7, 0xF0, 0x7F, 0x14, 0xE7, 0xF0, 0x7E, 0x14, 0x71, 0x00, 0x7E, 0x47, 0x11, 0x0B, 0xB0, 0x17,
    0x74, 0xB7, 0x00, 0xEB, 0x11, 0xB7, 0x00, 0x00, 0xA7, 0xFE, 0x00, 0x00, 0xEA, 0xFB, 0x00, 0x00,
    0x14, 0x91, 0x25, 0x22, 0x11, 0x11, 0x11, 0x59, 0x11, 0x11, 0x11, 0x44, 0x11, 0x11, 0x11, 0x41,
    0xFA, 0x41, 0x71, 0x14, 0xFE, 0xB7, 0xE4, 0x14, 0x00, 0xFF, 0xEB, 0x47, 0x00, 0x00, 0xE0, 0x7B,
    0x52, 0x25, 0xE5, 0x00, 0x25, 0x22, 0xF5, 0x00, 0xA4, 0x47, 0x67, 0x0F, 0x44, 0x44, 0x74, 0xEA,
    0x44, 0x14, 0x41, 0xBA, 0x44, 0x14, 0x11, 0xBF, 0x44, 0x17, 0x41, 0xFF, 0x74, 0x41, 0x74, 0xFF,
    0x8B, 0xE8, 0xB8, 0xBE, 0xB8, 0xBB, 0xEB, 0x77, 0x73, 0xBB, 0x7E, 0x36, 0x36, 0x77, 0x37, 0xE7,
    0x6E, 0x36, 0xE6, 0x0E, 0xE0, 0xEE, 0x0E, 0x00, 0x00, 0x00, 0x00, 0x00, 0x00, 0x00, 0x00, 0x00,
    0xBE, 0xFB, 0x00, 0x00, 0x63, 0xFB, 0x00, 0x00, 0xB6, 0x0F, 0x00, 0x00, 0x0E, 0x00, 0x00, 0x00,
    0x00, 0x00, 0x00, 0x00, 0x00, 0x00, 0x00, 0x00, 0x00, 0x00, 0x00, 0x00, 0x00, 0x00, 0x00, 0x00,
    0x00, 0x00, 0x00, 0xE0, 0x00, 0x00, 0x00, 0x00, 0x00, 0x00, 0x00, 0xE0, 0x00, 0x00, 0x00, 0xE0,
    0x00, 0x00, 0x00, 0xE0, 0x00, 0x00, 0x00, 0xE0, 0x00, 0x00, 0x00, 0x00, 0x00, 0x00, 0x00, 0x00,
    0xEE, 0x77, 0x8A, 0x7E, 0xBE, 0xAB, 0xE8, 0x3E, 0xBB, 0xB8, 0x67, 0x63, 0xB7, 0xB8, 0x7B, 0xE6,
    0x63, 0x68, 0x73, 0xE3, 0x36, 0x33, 0x33, 0xE6, 0xEE, 0xEE, 0xEE, 0xFE, 0x00, 0x00, 0x00, 0x00,
    0x00, 0x00, 0x00, 0x00, 0x00, 0x00, 0x00, 0x00, 0x00, 0x00, 0x00, 0x00, 0x00, 0x00, 0x00, 0x90,
    0x00, 0x00, 0x00, 0x92, 0x00, 0x00, 0x00, 0x25, 0x00, 0x00, 0x09, 0x29, 0x00, 0x00, 0x50, 0x95,
    0x90, 0x00, 0x00, 0x00, 0x50, 0x09, 0x90, 0x00, 0x25, 0x09, 0x95, 0x00, 0x25, 0x92, 0x22, 0x09,
    0x25, 0x52, 0x25, 0x92, 0x25, 0x52, 0x52, 0x55, 0x25, 0x92, 0x22, 0x22, 0x92, 0x55, 0x29, 0x29,
    0x00, 0x00, 0x90, 0x22, 0x00, 0x00, 0x00, 0x29, 0x00, 0x00, 0x99, 0x92, 0x00, 0x00, 0x50, 0x55,
    0x00, 0x00, 0x00, 0x99, 0x00, 0x00, 0x00, 0x90, 0x00, 0x00, 0x00, 0x90, 0x00, 0x00, 0x00, 0x00,
    0x55, 0x22, 0x52, 0x22, 0x52, 0x22, 0x25, 0x95, 0x25, 0x92, 0x22, 0x22, 0x59, 0x59, 0x92, 0x92,
    0x29, 0x25, 0x59, 0x52, 0x91, 0x6A, 0x99, 0x95, 0x12, 0x16, 0x92, 0x92, 0x29, 0x21, 0xB5, 0x29,
    0x00, 0x00, 0x00, 0x00, 0x00, 0x00, 0x00, 0x00, 0x00, 0x00, 0x00, 0x00, 0x09, 0x00, 0x00, 0x00,
    0x92, 0x00, 0x00, 0x00, 0x52, 0x00, 0x00, 0x00, 0x95, 0x09, 0x00, 0x00, 0x22, 0x95, 0x00, 0x00,
    0x29, 0x22, 0x09, 0x00, 0x52, 0x22, 0x09, 0x00, 0x52, 0x95, 0x09, 0x00, 0x22, 0x25, 0x09, 0x00,
    0x59, 0x59, 0x95, 0x00, 0x92, 0x99, 0x0E, 0x00, 0x52, 0x92, 0xBA, 0x00, 0xF9, 0xFF, 0x9F, 0xEF,
    0x00, 0x00, 0x00, 0x00, 0x00, 0x00, 0x00, 0x00, 0x00, 0x00, 0x00, 0x00, 0x00, 0x00, 0x00, 0x00,
    0x00, 0x00, 0x00, 0x00, 0x00, 0xCC, 0x00, 0xC0, 0xC0, 0x37, 0xCC, 0x3C, 0xC0, 0x13, 0x3C, 0x1C,
    0xC0, 0x31, 0x17, 0x37, 0x70, 0x31, 0x11, 0x31, 0x7C, 0x37, 0x33, 0x77, 0x3C, 0x11, 0x11, 0x11,
    0x7C, 0x33, 0x33, 0x33, 0xC0, 0xCC, 0xCC, 0xCC, 0x00, 0x00, 0x00, 0x00, 0x00, 0x00, 0x00, 0x00,
    0x00, 0x00, 0x00, 0xE0, 0x00, 0x00, 0x00, 0x3E, 0x00, 0x00, 0x00, 0x6E, 0x00, 0x00, 0x00, 0xE0,
    0x00, 0x00, 0x00, 0xF0, 0x00, 0x00, 0x00, 0x00, 0x00, 0x00, 0x00, 0x00, 0x00, 0x00, 0x00, 0x00,
    0x0E, 0x00, 0x00, 0x00, 0x0E, 0x00, 0x00, 0x00, 0x0E, 0x00, 0x00, 0x00, 0x00, 0x00, 0x00, 0x00,
    0x00, 0x00, 0x00, 0x00, 0x00, 0x00, 0x00, 0x00, 0x00, 0x00, 0x00, 0x00, 0x00, 0x00, 0x00, 0x00,
};
static const u16 sFrame42[] = {
    0x0006, 0x00E1, 0x81F2, 0x0000, 0x00D1, 0x41EA, 0x0010, 0x80D1, 0x01FA, 0x0014, 0x80E1, 0x01EA,
    0x0016, 0x00F9, 0x01EA, 0x0018, 0x00F9, 0x0012, 0x0019, 0x0000,
};
static const void* const sFrames42[] = { sFrame42 };
static const u8 sTiles43[896] __attribute__((aligned(4))) = {
    0x00, 0x59, 0xB5, 0x8B, 0x00, 0xB0, 0x9B, 0xB5, 0x00, 0x00, 0x00, 0xFF, 0x00, 0x00, 0x00, 0xB0,
    0x00, 0x00, 0x00, 0x00, 0x00, 0x00, 0x00, 0x00, 0x00, 0x00, 0x00, 0x00, 0x00, 0x00, 0x00, 0xF0,
    0xB9, 0x66, 0x6A, 0xEE, 0x3B, 0x71, 0x33, 0xA7, 0x6B, 0x13, 0x61, 0x33, 0xBF, 0x33, 0x77, 0x1A,
    0xF0, 0xE6, 0xAE, 0x37, 0xFF, 0x47, 0xB1, 0xEE, 0xBF, 0xAB, 0x13, 0x31, 0x6F, 0x3B, 0xE1, 0x41,
    0xFE, 0xFF, 0xBF, 0x00, 0xFB, 0xF9, 0xF9, 0x09, 0xF1, 0x28, 0x5F, 0x0B, 0xF1, 0x82, 0x95, 0x0F,
    0xFA, 0x12, 0x55, 0x09, 0xEF, 0x25, 0x21, 0x85, 0x0F, 0x9F, 0x22, 0x12, 0xFA, 0xF0, 0x5E, 0x28,
    0x00, 0x00, 0x00, 0x00, 0x00, 0x00, 0x00, 0x00, 0x00, 0x00, 0x00, 0x00, 0x00, 0x90, 0x00, 0x00,
    0x90, 0x59, 0x05, 0x00, 0x2F, 0x22, 0x95, 0x00, 0x59, 0x55, 0x92, 0x09, 0xF2, 0x9B, 0x52, 0x09,
    0x00, 0x00, 0x00, 0xF0, 0x00, 0x00, 0x00, 0xFB, 0x00, 0x00, 0xF0, 0xEF, 0x00, 0x00, 0x7F, 0x14,
    0x00, 0xF0, 0x4B, 0x11, 0x00, 0xB0, 0x14, 0x11, 0x00, 0x00, 0x4B, 0x11, 0x0C, 0x00, 0xAF, 0x41,
    0x33, 0x7B, 0x44, 0xE4, 0x64, 0xEE, 0x77, 0x46, 0x7E, 0xA7, 0x47, 0x34, 0xE1, 0x4E, 0x14, 0x77,
    0x11, 0xFE, 0xFF, 0xEF, 0x74, 0xAA, 0xCF, 0xCF, 0x41, 0x77, 0xCC, 0x1C, 0x41, 0xCC, 0x11, 0x31,
    0xFA, 0x90, 0xFF, 0x82, 0xC4, 0x59, 0xF2, 0x5F, 0x76, 0x29, 0x95, 0x22, 0xA7, 0x25, 0x95, 0x5F,
    0xCE, 0x9B, 0x52, 0x2F, 0x7C, 0x27, 0x55, 0xFB, 0x73, 0x77, 0x99, 0x92, 0xC3, 0xBB, 0xB7, 0x22,
    0x91, 0xBB, 0x59, 0x52, 0x25, 0xB5, 0x15, 0x52, 0x11, 0xF2, 0x59, 0x9B, 0x12, 0x51, 0xB9, 0x29,
    0x21, 0x29, 0xFB, 0x25, 0x25, 0xB5, 0x9B, 0x52, 0xBB, 0x2B, 0x55, 0x22, 0x25, 0x52, 0x25, 0x3E,
    0xC3, 0x00, 0xE0, 0xC7, 0xC1, 0x0C, 0xC0, 0x1C, 0x71, 0x77, 0x1C, 0x31, 0x77, 0x11, 0x31, 0xC3,
    0x11, 0x33, 0xC3, 0xBC, 0x33, 0xCC, 0xEC, 0xB8, 0xCC, 0x73, 0xBB, 0xEE, 0xE0, 0x36, 0x77, 0x77,
    0xCC, 0x11, 0x33, 0xC3, 0x11, 0x33, 0xCC, 0x4C, 0x33, 0xCC, 0xB7, 0x17, 0xCC, 0xA7, 0xFE, 0x4B,
    0x77, 0xEA, 0xFB, 0xEB, 0xBE, 0xBE, 0xFB, 0x00, 0x77, 0x63, 0xFB, 0x00, 0x36, 0xFE, 0x0F, 0x00,
    0x1C, 0x11, 0xB1, 0x59, 0x11, 0x11, 0xE1, 0x14, 0x11, 0x11, 0x71, 0x14, 0x41, 0x11, 0x11, 0x41,
    0x4A, 0x11, 0x11, 0x44, 0xFE, 0x14, 0x11, 0x71, 0xF0, 0x47, 0x41, 0xEA, 0x00, 0xBF, 0xB4, 0x0F,
    0x42, 0x19, 0x71, 0x7B, 0x44, 0x14, 0xA1, 0x6E, 0x44, 0x14, 0xB7, 0xEB, 0x44, 0x17, 0xE7, 0xE8,
    0xA4, 0x47, 0xFA, 0xBE, 0x77, 0x77, 0xEB, 0x7B, 0xEE, 0xBE, 0x8E, 0x6B, 0xE0, 0xBE, 0xEB, 0x3B,
    0x00, 0x6E, 0x36, 0xE6, 0x00, 0xE0, 0xEE, 0x0E, 0x00, 0x00, 0x00, 0x00, 0x00, 0x00, 0x00, 0x00,
    0x00, 0x00, 0x00, 0x00, 0x00, 0x00, 0x00, 0x00, 0x00, 0x00, 0x00, 0x00, 0x00, 0x00, 0x00, 0x00,
    0xEE, 0x00, 0x00, 0x00, 0x00, 0x00, 0x00, 0x00, 0x00, 0x00, 0x00, 0x00, 0x00, 0x00, 0x00, 0x00,
    0x00, 0x00, 0x00, 0x00, 0x00, 0x00, 0x00, 0x00, 0x00, 0x00, 0x00, 0x00, 0x00, 0x00, 0x00, 0x00,
    0x00, 0xF0, 0x0B, 0x00, 0x00, 0x00, 0x00, 0x00, 0x00, 0x00, 0x00, 0x00, 0x00, 0x00, 0x00, 0x00,
    0x00, 0x00, 0x00, 0x00, 0x00, 0x00, 0x00, 0x00, 0x00, 0x00, 0x00, 0x00, 0x00, 0x00, 0x00, 0x00,
    0x00, 0x6E, 0x37, 0xE7, 0x00, 0xE0, 0xEE, 0xEE, 0x00, 0x00, 0x00, 0x00, 0x00, 0x00, 0x00, 0x00,
    0x00, 0x00, 0x00, 0x00, 0x00, 0x00, 0x00, 0x00, 0x00, 0x00, 0x00, 0x00, 0x00, 0x00, 0x00, 0x00,
    0x00, 0x00, 0x00, 0x00, 0x00, 0x00, 0x00, 0x00, 0x00, 0x00, 0x00, 0x00, 0x00, 0x00, 0x00, 0x00,
    0x00, 0x00, 0x00, 0x20, 0x00, 0x00, 0x00, 0x50, 0x00, 0x00, 0x90, 0x90, 0x00, 0x00, 0x00, 0x55,
    0x00, 0x09, 0x00, 0x00, 0x00, 0x95, 0x00, 0x09, 0x50, 0x92, 0x50, 0x09, 0x59, 0x22, 0x29, 0x92,
    0x59, 0x22, 0x55, 0x22, 0x52, 0x22, 0x25, 0x55, 0x52, 0x22, 0x29, 0x22, 0x29, 0x59, 0x95, 0x92,
    0x00, 0x00, 0x00, 0x29, 0x00, 0x00, 0x00, 0x90, 0x00, 0x00, 0x90, 0x29, 0x00, 0x00, 0x00, 0x55,
    0x00, 0x00, 0x00, 0x90, 0x00, 0x00, 0x00, 0x00, 0x00, 0x00, 0x00, 0x00, 0x00, 0x00, 0x00, 0x00,
    0x52, 0x25, 0x22, 0x25, 0x22, 0x25, 0x52, 0x52, 0x59, 0x22, 0x29, 0x22, 0x95, 0x95, 0x25, 0x29,
    0x99, 0x52, 0x92, 0x25, 0x19, 0xA9, 0x96, 0x59, 0x29, 0x61, 0x21, 0x29, 0x90, 0x12, 0x52, 0x9B,
    0x92, 0x22, 0x92, 0x00, 0x29, 0x25, 0x92, 0x00, 0x22, 0x55, 0x99, 0x00, 0x29, 0x52, 0x92, 0x00,
    0x95, 0x95, 0x55, 0x09, 0x29, 0x99, 0xE9, 0x0E, 0x29, 0x25, 0xA9, 0xEB, 0x92, 0xFF, 0xFF, 0xF9,
    0x00, 0x00, 0x00, 0x00, 0x00, 0x00, 0x00, 0x00, 0x00, 0x00, 0x00, 0x00, 0x00, 0x00, 0x00, 0x00,
    0x00, 0x00, 0x00, 0x00, 0x00, 0x00, 0x00, 0x00, 0x0F, 0x00, 0x00, 0x00, 0xFE, 0x09, 0x00, 0x00,
    0x00, 0x00, 0x00, 0x00, 0x00, 0x00, 0x00, 0x00, 0x00, 0x00, 0x00, 0x00, 0x00, 0x00, 0x00, 0x00,
    0x00, 0x00, 0x00, 0x00, 0x00, 0x00, 0x00, 0x00, 0x00, 0x00, 0x00, 0x00, 0x00, 0x00, 0x00, 0xCC,
    0x00, 0x00, 0xC0, 0x73, 0xC0, 0xCC, 0x3C, 0x1C, 0x7C, 0x13, 0x1C, 0x37, 0xC0, 0x33, 0x17, 0x31,
    0xC0, 0x31, 0x31, 0x73, 0x70, 0x71, 0x13, 0x11, 0xC0, 0x17, 0x31, 0x33, 0xC0, 0x73, 0xC3, 0xCC,
    0x09, 0x00, 0x00, 0x00, 0x00, 0x00, 0x00, 0x00, 0x05, 0x00, 0x00, 0x00, 0x09, 0x00, 0x00, 0x00,
    0x00, 0x00, 0x00, 0x00, 0x05, 0x00, 0x00, 0x00, 0x0B, 0x00, 0x00, 0x00, 0x0E, 0x00, 0x00, 0x00,
    0xEE, 0x00, 0x00, 0x00, 0xE7, 0x00, 0x00, 0x00, 0xE3, 0x00, 0x00, 0x00, 0xE6, 0x00, 0x00, 0x00,
    0xE3, 0x00, 0x00, 0x00, 0x0E, 0x00, 0x00, 0x00, 0x0E, 0x00, 0x00, 0x00, 0x0E, 0x00, 0x00, 0x00,
    0x00, 0x00, 0x00, 0x00, 0x00, 0x00, 0x00, 0x00, 0x00, 0x00, 0x00, 0x00, 0x90, 0x00, 0x00, 0x00,
    0x29, 0x09, 0x00, 0x00, 0x25, 0x05, 0x00, 0x00, 0x52, 0x99, 0x00, 0x00, 0x22, 0x52, 0x09, 0x00,
    0x00, 0xCC, 0x0C, 0x00, 0x00, 0x00, 0x00, 0x00, 0x00, 0x00, 0x00, 0x00, 0x00, 0x00, 0x00, 0x00,
    0x00, 0x00, 0x00, 0x00, 0x00, 0x00, 0x00, 0x00, 0x00, 0x00, 0x00, 0x00, 0x00, 0x00, 0x00, 0x00,
};
static const u16 sFrame43[] = {
    0x0007, 0x00E6, 0x81F3, 0x0000, 0x00D6, 0x41EB, 0x0010, 0x40DE, 0x01FB, 0x0014, 0x80EE, 0x01EB,
    0x0016, 0x80EE, 0x0013, 0x0018, 0x00D6, 0x01FB, 0x001A, 0x00FE, 0x01EB, 0x001B, 0x0000,
};
static const void* const sFrames43[] = { sFrame43 };
static const u8 sTiles44[800] __attribute__((aligned(4))) = {
    0x00, 0x00, 0x29, 0x52, 0x00, 0x90, 0x25, 0x25, 0x00, 0x00, 0x90, 0x55, 0x00, 0x00, 0x29, 0x22,
    0x00, 0x90, 0x22, 0x22, 0xF0, 0x59, 0x55, 0x55, 0x2F, 0x25, 0xF5, 0x29, 0x1F, 0x55, 0x92, 0x52,
    0x22, 0x25, 0x92, 0x55, 0x92, 0x52, 0x22, 0x29, 0x59, 0x22, 0x59, 0x22, 0x52, 0x22, 0x92, 0x25,
    0x92, 0x55, 0x52, 0x52, 0x25, 0x25, 0x95, 0x29, 0x92, 0x22, 0x59, 0x99, 0x59, 0x92, 0x52, 0x59,
    0x29, 0x25, 0x92, 0x00, 0x22, 0x55, 0x99, 0x00, 0x29, 0x52, 0x92, 0x0E, 0x95, 0x95, 0x55, 0xF9,
    0x29, 0x99, 0x69, 0xE6, 0x29, 0x25, 0x79, 0x67, 0x92, 0x95, 0x95, 0x71, 0x59, 0xB9, 0x1A, 0x71,
    0x00, 0x00, 0x00, 0x00, 0x00, 0x00, 0x00, 0x00, 0x00, 0x00, 0x00, 0x00, 0xEF, 0x0F, 0x00, 0x00,
    0xEE, 0x88, 0xF0, 0xFF, 0x5F, 0x21, 0x7F, 0x73, 0x25, 0x52, 0x6F, 0xFF, 0x5E, 0xFE, 0xF6, 0xF7,
    0x1F, 0xF2, 0x21, 0xFF, 0x2F, 0x5F, 0x51, 0x00, 0x2B, 0xB5, 0x82, 0x00, 0x80, 0x08, 0x08, 0x00,
    0x00, 0x00, 0xC0, 0xCC, 0x00, 0x00, 0x3C, 0x31, 0x00, 0x00, 0x7C, 0x77, 0x00, 0xC0, 0x13, 0x11,
    0x50, 0x59, 0x59, 0x5A, 0x90, 0xB0, 0x98, 0x81, 0x00, 0x60, 0x86, 0xB8, 0xCC, 0xCC, 0xEE, 0xCF,
    0x13, 0x73, 0xCC, 0xCC, 0x77, 0x77, 0x37, 0x11, 0x13, 0x11, 0x31, 0x73, 0x33, 0x77, 0xC7, 0xCC,
    0x92, 0xF5, 0x7A, 0x67, 0xB5, 0xE2, 0x6F, 0xE6, 0x5B, 0xE5, 0xEF, 0xCC, 0xC6, 0xCC, 0x7C, 0x37,
    0x77, 0x13, 0x11, 0x31, 0x11, 0x33, 0x77, 0xC7, 0x77, 0xCC, 0xCC, 0xEC, 0xCC, 0xEE, 0xAA, 0xAA,
    0xEE, 0xBF, 0x59, 0xB5, 0xFF, 0x50, 0x52, 0x9B, 0xFC, 0x59, 0xB9, 0x9B, 0xFF, 0x25, 0x92, 0x00,
    0xF7, 0x5B, 0x95, 0xBB, 0xCC, 0x9B, 0x52, 0x55, 0xFF, 0xBF, 0x25, 0x52, 0x4E, 0xA4, 0xB0, 0x99,
    0x00, 0xC0, 0x73, 0x77, 0x00, 0x00, 0xCC, 0xCC, 0x00, 0x00, 0x00, 0x70, 0x00, 0x00, 0x00, 0x70,
    0x00, 0x00, 0x00, 0x70, 0x00, 0x00, 0x00, 0x00, 0x00, 0x00, 0x00, 0x00, 0x00, 0x00, 0x00, 0x40,
    0x77, 0xCC, 0xAC, 0xAE, 0xCC, 0x41, 0x44, 0xB4, 0x11, 0x41, 0x74, 0x7A, 0x11, 0x11, 0x44, 0x77,
    0x11, 0x11, 0x44, 0xA7, 0x17, 0x11, 0x41, 0xAA, 0x77, 0x11, 0x41, 0x77, 0x11, 0x11, 0x44, 0xA7,
    0xAA, 0xAA, 0xA7, 0xEB, 0xAE, 0xEA, 0xBE, 0x1B, 0xE7, 0xAE, 0x14, 0x11, 0x0A, 0xE0, 0x4A, 0x17,
    0x00, 0x00, 0xAE, 0x11, 0x00, 0x00, 0xAF, 0x14, 0x0A, 0x00, 0xA0, 0x14, 0x00, 0x00, 0x7A, 0x14,
    0x41, 0x74, 0x0F, 0x00, 0xE1, 0x74, 0x0A, 0x00, 0x4C, 0x77, 0x0A, 0x00, 0x41, 0x74, 0x0A, 0x00,
    0x41, 0x74, 0xA7, 0x00, 0x11, 0x44, 0xA7, 0x00, 0x11, 0x44, 0x74, 0x0A, 0x11, 0x44, 0x77, 0x0F,
    0x00, 0x00, 0x00, 0x70, 0x00, 0x00, 0x00, 0xA0, 0x00, 0x00, 0x00, 0xE0, 0x00, 0x00, 0x00, 0xBB,
    0x00, 0x00, 0xBE, 0x88, 0x00, 0xE0, 0x83, 0xBB, 0x00, 0xE0, 0x36, 0xB7, 0x00, 0x00, 0x6E, 0x73,
    0x71, 0x41, 0x74, 0xA7, 0x14, 0x74, 0x47, 0xAA, 0x7E, 0x17, 0x74, 0xEA, 0xE8, 0x7B, 0xA7, 0xBE,
    0x8E, 0xEB, 0xEB, 0xBB, 0xBB, 0x7E, 0x37, 0xB6, 0xEB, 0x67, 0x63, 0xFB, 0x77, 0x73, 0xEE, 0x00,
    0x0A, 0x00, 0xA0, 0x14, 0x0A, 0x00, 0xAF, 0x11, 0x00, 0x00, 0xAF, 0x47, 0x0F, 0x00, 0xA0, 0x11,
    0x0F, 0x00, 0x00, 0xAB, 0x0F, 0x00, 0x00, 0x3E, 0x00, 0x00, 0x00, 0x6E, 0x00, 0x00, 0x00, 0x6E,
    0x11, 0x44, 0x74, 0x0A, 0x11, 0xA4, 0x7A, 0x0A, 0x41, 0x44, 0x74, 0xA7, 0x44, 0x77, 0x77, 0xFA,
    0x77, 0x11, 0xB4, 0xFA, 0xEE, 0x88, 0xB8, 0x0E, 0x63, 0xB7, 0xB8, 0x0B, 0xB7, 0x8B, 0x7B, 0x0E,
    0x00, 0x00, 0xE0, 0x66, 0x00, 0x00, 0x00, 0xEE, 0x00, 0x00, 0x00, 0x00, 0x00, 0x00, 0x00, 0x00,
    0x00, 0x00, 0x00, 0x00, 0x00, 0x00, 0x00, 0x00, 0x00, 0x00, 0x00, 0x00, 0x00, 0x00, 0x00, 0x00,
    0x63, 0xEE, 0x00, 0x00, 0xEE, 0x0F, 0x00, 0x00, 0x00, 0x00, 0x00, 0x00, 0x00, 0x00, 0x00, 0x00,
    0x00, 0x00, 0x00, 0x00, 0x00, 0x00, 0x00, 0x00, 0x00, 0x00, 0x00, 0x00, 0x00, 0x00, 0x00, 0x00,
    0x00, 0x00, 0x00, 0x6E, 0x00, 0x00, 0x00, 0xE0, 0x00, 0x00, 0x00, 0x00, 0x00, 0x00, 0x00, 0x00,
    0x00, 0x00, 0x00, 0x00, 0x00, 0x00, 0x00, 0x00, 0x00, 0x00, 0x00, 0x00, 0x00, 0x00, 0x00, 0x00,
    0x33, 0x33, 0x63, 0x0E, 0xEE, 0xEE, 0xEE, 0x00, 0x00, 0x00, 0x00, 0x00, 0x00, 0x00, 0x00, 0x00,
    0x00, 0x00, 0x00, 0x00, 0x00, 0x00, 0x00, 0x00, 0x00, 0x00, 0x00, 0x00, 0x00, 0x00, 0x00, 0x00,
    0x00, 0x00, 0x00, 0x00, 0x00, 0x00, 0x00, 0x00, 0x00, 0x00, 0x00, 0x00, 0x00, 0x00, 0x00, 0x00,
    0x00, 0x00, 0x00, 0x59, 0x00, 0x00, 0x90, 0x22, 0x00, 0x00, 0x00, 0x59, 0x00, 0x00, 0x90, 0x52,
    0x00, 0x00, 0x00, 0x09, 0x00, 0x99, 0x99, 0x05, 0x90, 0x22, 0x29, 0x95, 0x59, 0x22, 0x55, 0x29,
    0x29, 0x52, 0x25, 0x55, 0x25, 0x29, 0x22, 0x29, 0x22, 0x92, 0x92, 0x95, 0x92, 0x52, 0x22, 0x22,
    0x00, 0x00, 0x00, 0x00, 0x00, 0x00, 0x00, 0x00, 0x00, 0x00, 0x00, 0x00, 0x00, 0x00, 0x00, 0x00,
    0x00, 0x00, 0x00, 0x00, 0xFF, 0x00, 0x00, 0x00, 0x25, 0x0F, 0x00, 0x00, 0x51, 0xFF, 0x0B, 0x00,
    0x12, 0xF1, 0xB5, 0x00, 0x55, 0x82, 0x5E, 0x0B, 0x25, 0xB5, 0x9E, 0x0B, 0xB8, 0xBB, 0x59, 0xB9,
    0x9B, 0x5B, 0x52, 0x0B, 0x25, 0x22, 0x52, 0x0B, 0x55, 0x99, 0xBB, 0x00, 0xBB, 0x00, 0x00, 0x00,
    0x00, 0x00, 0x00, 0x00, 0x90, 0x00, 0x00, 0x00, 0x99, 0x00, 0x00, 0x00, 0x29, 0x09, 0x00, 0x00,
    0x25, 0x05, 0x00, 0x00, 0x52, 0x99, 0x00, 0x00, 0x22, 0x52, 0x09, 0x00, 0x92, 0x22, 0x92, 0x00,
};
static const u16 sFrame44[] = {
    0x0005, 0x00DE, 0x81F2, 0x0000, 0x40FE, 0x41F2, 0x0010, 0x40D6, 0x01F2, 0x0014, 0x80DE, 0x0012,
    0x0016, 0x00D6, 0x0002, 0x0018, 0x0000,
};
static const void* const sFrames44[] = { sFrame44 };
static const u8 sTiles45[1056] __attribute__((aligned(4))) = {
    0x00, 0x00, 0x00, 0x00, 0x00, 0x00, 0x00, 0x00, 0x50, 0x99, 0x09, 0x00, 0x25, 0x22, 0x52, 0x95,
    0x52, 0x55, 0xB5, 0xFF, 0x99, 0xFB, 0x8F, 0xFF, 0xB5, 0x2F, 0x15, 0x82, 0x92, 0x12, 0x58, 0xF1,
    0x00, 0x29, 0x21, 0xB5, 0x00, 0x90, 0x55, 0xEB, 0x00, 0x00, 0xBB, 0xAE, 0x09, 0xE0, 0xCB, 0x34,
    0x9F, 0xF0, 0x3C, 0x11, 0xB3, 0x25, 0xEF, 0xC3, 0x6E, 0x1B, 0xE5, 0x3E, 0xE6, 0x99, 0x1F, 0xFF,
    0x59, 0x4E, 0x34, 0x0E, 0x98, 0x3F, 0x13, 0xF4, 0x44, 0x73, 0x3E, 0xFA, 0x11, 0xB3, 0x4E, 0xF3,
    0x47, 0xE4, 0x14, 0x34, 0x41, 0x4E, 0x16, 0x41, 0xEC, 0x4E, 0x31, 0x63, 0x6F, 0x6B, 0x43, 0x34,
    0x00, 0x00, 0x00, 0x00, 0x00, 0x00, 0x00, 0x00, 0x00, 0x00, 0x00, 0x00, 0x00, 0x00, 0x00, 0x00,
    0x0F, 0x00, 0x00, 0x00, 0xFA, 0x00, 0x00, 0x00, 0x71, 0xFF, 0x00, 0x00, 0x44, 0xB3, 0x00, 0x00,
    0x95, 0x22, 0x85, 0x52, 0xBB, 0x51, 0x52, 0xB5, 0x9B, 0x2B, 0xF5, 0xFB, 0xB2, 0x5B, 0x9B, 0x95,
    0x25, 0x92, 0x59, 0x52, 0x99, 0x25, 0x72, 0x97, 0x00, 0xB9, 0x55, 0xFB, 0x00, 0x00, 0xBB, 0x00,
    0x3B, 0xFF, 0x22, 0xF5, 0xE6, 0xF9, 0x99, 0xCF, 0x6E, 0x0F, 0xF0, 0xF6, 0xE9, 0x00, 0xEB, 0xFB,
    0x0F, 0xBB, 0xF7, 0xCF, 0xE9, 0x4E, 0x11, 0x11, 0xEE, 0x1A, 0x41, 0x11, 0xFF, 0x44, 0x11, 0x11,
    0xBF, 0x64, 0x44, 0x11, 0x6F, 0x61, 0x71, 0xF6, 0x76, 0x11, 0x64, 0xEF, 0x16, 0x66, 0xF7, 0xBE,
    0xFB, 0xEE, 0x7E, 0xCF, 0xE4, 0xAC, 0xA7, 0xEC, 0x71, 0xFE, 0xBA, 0xC6, 0x11, 0xE1, 0xC7, 0xCB,
    0x73, 0x7E, 0x0B, 0x00, 0xEA, 0xEF, 0x00, 0x00, 0xEE, 0x00, 0x00, 0x00, 0xE7, 0x0E, 0x00, 0x00,
    0xAC, 0x0E, 0x00, 0x00, 0x7E, 0xBC, 0x00, 0x00, 0xCA, 0xBB, 0x00, 0x00, 0xAC, 0x7B, 0x0E, 0x00,
    0x00, 0x00, 0x00, 0xF0, 0x00, 0x00, 0x00, 0xBF, 0x00, 0x00, 0x00, 0x4B, 0x00, 0x00, 0x00, 0xAF,
    0x00, 0x00, 0x00, 0xE0, 0x00, 0x00, 0x00, 0xE0, 0x00, 0x00, 0x00, 0xE0, 0x00, 0x00, 0x00, 0xE0,
    0x47, 0x11, 0x11, 0x11, 0x14, 0x11, 0x11, 0x11, 0x11, 0x11, 0x11, 0x71, 0x41, 0x41, 0x74, 0xEB,
    0x47, 0x14, 0x41, 0xE7, 0x47, 0x44, 0x44, 0xE4, 0xA7, 0x44, 0x44, 0xE7, 0x77, 0x47, 0x74, 0x71,
    0xE1, 0xEF, 0xAC, 0xAC, 0xE6, 0x00, 0xCE, 0xBC, 0x0E, 0x00, 0x7E, 0x4B, 0x00, 0x00, 0xB0, 0x7F,
    0x00, 0x00, 0xE0, 0x4B, 0x00, 0x00, 0x00, 0x7E, 0x0B, 0x00, 0x00, 0x7E, 0xFB, 0x00, 0x00, 0xB0,
    0xBB, 0x37, 0x0E, 0x00, 0x77, 0x64, 0xE7, 0x0B, 0x34, 0x11, 0x74, 0x0E, 0x64, 0x11, 0x74, 0xE7,
    0xA4, 0x41, 0x44, 0x7A, 0x14, 0x11, 0x41, 0x71, 0x47, 0x11, 0x41, 0x44, 0x77, 0x14, 0x41, 0x41,
    0x00, 0x00, 0x00, 0xBF, 0x00, 0x00, 0xE0, 0xBB, 0x00, 0x00, 0xE0, 0x83, 0x00, 0x00, 0xE0, 0x36,
    0x00, 0x00, 0x00, 0x6E, 0x00, 0x00, 0x00, 0x6E, 0x00, 0x00, 0x00, 0xE0, 0x00, 0x00, 0x00, 0x00,
    0x47, 0x11, 0x11, 0x74, 0xAB, 0x77, 0x11, 0xB4, 0xFB, 0xBE, 0x7A, 0xEA, 0xB7, 0xEB, 0x77, 0xEB,
    0x73, 0xEB, 0x36, 0x63, 0x36, 0x77, 0xE7, 0xBE, 0x7E, 0xE6, 0xEE, 0x0F, 0xEF, 0x0E, 0x00, 0x00,
    0xFA, 0x00, 0x00, 0x00, 0x3B, 0x0F, 0x00, 0x00, 0x6E, 0x0F, 0x00, 0x00, 0x73, 0x0F, 0x00, 0x00,
    0xF6, 0x00, 0x00, 0x00, 0x0B, 0x00, 0x00, 0x00, 0x00, 0x00, 0x00, 0x00, 0x00, 0x00, 0x00, 0x00,
    0xFB, 0x4B, 0x74, 0x14, 0x00, 0xBF, 0xEB, 0x14, 0x00, 0x00, 0xEF, 0x47, 0x00, 0x00, 0x00, 0x7B,
    0x00, 0x00, 0x00, 0xE0, 0x00, 0x00, 0x00, 0xF0, 0x00, 0x00, 0x00, 0x00, 0x00, 0x00, 0x00, 0xE0,
    0x00, 0x00, 0x00, 0x00, 0x00, 0x00, 0x00, 0x00, 0x00, 0x00, 0x00, 0x00, 0x00, 0x00, 0x00, 0x00,
    0x00, 0x00, 0x00, 0x00, 0x00, 0x00, 0x90, 0x55, 0x00, 0x00, 0x00, 0x29, 0x00, 0x00, 0x00, 0x9B,
    0x00, 0x00, 0x09, 0x00, 0x00, 0x00, 0x95, 0x90, 0x00, 0x00, 0x25, 0x29, 0x29, 0x95, 0x99, 0x22,
    0x9B, 0x22, 0x55, 0x92, 0x55, 0x95, 0x22, 0x22, 0x22, 0x22, 0x29, 0x59, 0x22, 0x22, 0x25, 0x92,
    0x00, 0x00, 0x00, 0xBB, 0x00, 0x00, 0x00, 0x9B, 0x00, 0x00, 0x90, 0x29, 0x00, 0x00, 0x00, 0x90,
    0x00, 0x00, 0x00, 0x50, 0x00, 0x00, 0x00, 0x00, 0x00, 0x00, 0x00, 0x00, 0x00, 0x00, 0x00, 0x00,
    0x59, 0x22, 0x29, 0x59, 0x25, 0x95, 0x52, 0x22, 0x92, 0x52, 0x22, 0x22, 0x25, 0x25, 0x22, 0x59,
    0x55, 0x59, 0x59, 0x92, 0x99, 0x29, 0x25, 0x59, 0x90, 0x91, 0x37, 0x95, 0x90, 0x12, 0x16, 0x92,
    0x00, 0x00, 0x00, 0x00, 0x00, 0x00, 0x00, 0x00, 0x00, 0xC0, 0x0C, 0x00, 0x00, 0x7C, 0xC1, 0x0C,
    0x00, 0x1C, 0xC7, 0xC3, 0xC0, 0x13, 0x13, 0xC3, 0xC0, 0x77, 0x13, 0x31, 0x3C, 0x31, 0x77, 0x37,
    0x00, 0x00, 0x00, 0x00, 0x00, 0x00, 0x00, 0x00, 0x00, 0x00, 0x00, 0x00, 0x00, 0x00, 0x00, 0x00,
    0xCC, 0x00, 0x00, 0x00, 0xC1, 0x00, 0x00, 0x00, 0xC1, 0x00, 0x00, 0x00, 0xC3, 0x00, 0x00, 0x00,
    0x7C, 0x13, 0x11, 0x73, 0xC0, 0xCC, 0x37, 0x11, 0x00, 0x00, 0xCC, 0x7C, 0x00, 0x00, 0x00, 0xC0,
    0x00, 0x00, 0x00, 0x00, 0x00, 0x00, 0x00, 0x00, 0x00, 0x00, 0x00, 0x00, 0x00, 0x00, 0x00, 0x00,
    0xC7, 0x00, 0x00, 0x00, 0x31, 0x77, 0x07, 0x00, 0x13, 0x11, 0x73, 0x77, 0xCC, 0x37, 0x11, 0x31,
    0x00, 0xCC, 0x7C, 0x13, 0x00, 0x00, 0xC0, 0xCC, 0x00, 0x00, 0x00, 0x00, 0x00, 0x00, 0x00, 0x00,
    0x44, 0x44, 0x74, 0x0A, 0x44, 0x14, 0x41, 0xBA, 0x44, 0x17, 0x11, 0xBF, 0x74, 0x11, 0x41, 0xFF,
    0xEE, 0x47, 0x74, 0xFF, 0xBE, 0x7B, 0x8A, 0x7E, 0xBB, 0xAF, 0xE8, 0x3E, 0xB7, 0xF8, 0x67, 0x63,
    0x00, 0x00, 0x00, 0x00, 0x00, 0x00, 0x00, 0x00, 0x00, 0x00, 0x00, 0x00, 0x00, 0x00, 0x00, 0x00,
    0x00, 0x00, 0x00, 0x00, 0x0E, 0x00, 0x00, 0x00, 0x0E, 0x00, 0x00, 0x00, 0x0E, 0x00, 0x00, 0x00,
    0x00, 0x00, 0x00, 0xE0, 0x00, 0x00, 0x00, 0xE0, 0x00, 0x00, 0x00, 0xF0, 0x00, 0x00, 0x00, 0x00,
    0x00, 0x00, 0x00, 0x00, 0x00, 0x00, 0x00, 0x00, 0x00, 0x00, 0x00, 0x00, 0x00, 0x00, 0x00, 0x00,
    0x63, 0xB8, 0x7B, 0xE6, 0x36, 0x63, 0x73, 0xE3, 0x6F, 0x37, 0x33, 0xE6, 0xFF, 0xFF, 0xEF, 0x0E,
    0x00, 0x00, 0x00, 0x00, 0x00, 0x00, 0x00, 0x00, 0x00, 0x00, 0x00, 0x00, 0x00, 0x00, 0x00, 0x00,
    0x09, 0x00, 0x00, 0x00, 0x09, 0x00, 0x00, 0x00, 0x95, 0x00, 0x00, 0x00, 0x22, 0x52, 0x00, 0x00,
    0x55, 0x95, 0x9B, 0x00, 0x29, 0x22, 0x95, 0x00, 0x22, 0x29, 0x22, 0x09, 0x25, 0x52, 0x22, 0x09,
    0x22, 0x52, 0x95, 0x09, 0x25, 0x22, 0x25, 0x09, 0x92, 0x59, 0x59, 0x05, 0x22, 0x92, 0x99, 0x00,
    0x92, 0x52, 0x92, 0x00, 0x52, 0x59, 0x59, 0x00, 0x95, 0x95, 0xB8, 0x00, 0x92, 0xE8, 0xFF, 0x0E,
    0x00, 0x00, 0x00, 0x00, 0x00, 0x00, 0x00, 0x00, 0x00, 0x00, 0x00, 0x00, 0x77, 0x07, 0x00, 0x00,
    0x11, 0x73, 0x77, 0x90, 0x37, 0x11, 0x73, 0xBC, 0xCC, 0x7C, 0x77, 0x19, 0x00, 0xC0, 0x9C, 0x25,
    0x00, 0x00, 0xB0, 0x99, 0x00, 0x00, 0xB0, 0x25, 0x00, 0x00, 0x90, 0x25, 0x00, 0x00, 0x90, 0x25,
    0x00, 0x00, 0x00, 0x99, 0x00, 0x00, 0x00, 0x00, 0x00, 0x00, 0x00, 0x00, 0x00, 0x00, 0x00, 0x00,
    0x00, 0x00, 0x00, 0x00, 0x00, 0x00, 0x00, 0x00, 0x00, 0x00, 0x00, 0x00, 0x00, 0x00, 0x00, 0x00,
    0xEE, 0xFE, 0x00, 0x00, 0x77, 0xB7, 0xEF, 0x00, 0xA4, 0x77, 0xFA, 0x00, 0x44, 0x44, 0x67, 0x0F,
};
static const u16 sFrame45[] = {
    0x0008, 0x00DC, 0x81E3, 0x0000, 0x00CC, 0x41E3, 0x0010, 0x00D4, 0x41CB, 0x0014, 0x40F4, 0x0003,
    0x0018, 0x40FC, 0x01FB, 0x001A, 0x80CC, 0x01F3, 0x001C, 0x80DC, 0x01DB, 0x001E, 0x00EC, 0x0003,
    0x0020, 0x0000,
};
static const void* const sFrames45[] = { sFrame45 };
static const u8 sTiles46[704] __attribute__((aligned(4))) = {
    0x00, 0x00, 0x90, 0x00, 0x00, 0x00, 0x50, 0x09, 0x90, 0x52, 0x59, 0x92, 0x00, 0x29, 0x92, 0x29,
    0x55, 0x55, 0x59, 0x25, 0x22, 0x22, 0x22, 0x22, 0x29, 0x22, 0x92, 0x92, 0x9B, 0x25, 0x52, 0x22,
    0x90, 0x00, 0x00, 0x00, 0x99, 0x00, 0x00, 0x00, 0x52, 0x09, 0x00, 0x00, 0x22, 0x22, 0x05, 0x00,
    0x59, 0x55, 0xB9, 0x09, 0x92, 0x22, 0x52, 0x09, 0x25, 0x92, 0x22, 0x92, 0x59, 0x22, 0x25, 0x92,
    0x59, 0x52, 0x99, 0x92, 0x22, 0x29, 0x25, 0x25, 0x59, 0x52, 0x22, 0x22, 0x9B, 0x29, 0x29, 0x92,
    0xB8, 0x59, 0x22, 0x25, 0x0B, 0x9B, 0x59, 0x22, 0x00, 0x8B, 0x2B, 0x25, 0x00, 0xBB, 0x98, 0x99,
    0x25, 0x22, 0x55, 0x99, 0x52, 0x22, 0x52, 0x92, 0x22, 0x99, 0x95, 0x55, 0x25, 0x22, 0x99, 0x59,
    0x59, 0x22, 0x25, 0xB9, 0x25, 0x95, 0x95, 0xE5, 0x59, 0x52, 0xE9, 0xFE, 0x52, 0xB9, 0xEE, 0x31,
    0xF0, 0x7F, 0x5B, 0x21, 0xF0, 0x1E, 0x36, 0x88, 0x00, 0xFF, 0x4F, 0xB7, 0x00, 0x5F, 0xF1, 0xEF,
    0x00, 0x80, 0x52, 0xFF, 0x00, 0xFF, 0xFB, 0xF5, 0xF0, 0xF7, 0x28, 0x52, 0xBF, 0xF4, 0x55, 0xF8,
    0x59, 0xE9, 0x4F, 0x67, 0x9B, 0x3E, 0x17, 0x11, 0xEE, 0x3E, 0x3E, 0x46, 0x3C, 0xE8, 0x7A, 0xFF,
    0x13, 0xF7, 0xE3, 0x86, 0x7F, 0xF8, 0x6B, 0xFE, 0xEF, 0xFF, 0xBF, 0xFF, 0xB9, 0xAA, 0x5F, 0x22,
    0x4B, 0xC1, 0xFF, 0x85, 0xB7, 0xF4, 0x3C, 0x5F, 0x47, 0x66, 0xC6, 0x8C, 0x66, 0x13, 0x31, 0x77,
    0x11, 0x31, 0x3C, 0x76, 0xC6, 0xCC, 0xC7, 0xCC, 0x1C, 0x74, 0xBB, 0x00, 0x41, 0x74, 0x0B, 0x00,
    0x52, 0xF5, 0x12, 0x51, 0x55, 0x8B, 0x28, 0x85, 0x22, 0xB5, 0x8B, 0x25, 0x58, 0x58, 0x25, 0x22,
    0x8B, 0x85, 0x85, 0x55, 0xBF, 0x8B, 0xB8, 0xFB, 0x00, 0xBF, 0x0E, 0xFF, 0x00, 0x00, 0x00, 0xF0,
    0x00, 0x00, 0x00, 0x00, 0x00, 0x00, 0x00, 0x00, 0x00, 0x00, 0x00, 0x00, 0x00, 0x00, 0x00, 0x00,
    0x00, 0x00, 0xC0, 0xC6, 0xC0, 0xC6, 0x1C, 0x63, 0x3C, 0x61, 0x63, 0x36, 0xCC, 0x36, 0x36, 0x11,
    0x00, 0x00, 0x00, 0xFF, 0x00, 0x00, 0x00, 0x4F, 0x00, 0x00, 0xF0, 0xAE, 0x00, 0x00, 0xF0, 0x66,
    0xCC, 0x60, 0x66, 0x13, 0x66, 0x36, 0x11, 0x31, 0x11, 0x11, 0xC3, 0xCC, 0x63, 0xCC, 0x7C, 0x47,
    0x00, 0x6C, 0x6C, 0xCC, 0x00, 0xC0, 0xCC, 0x00, 0x00, 0x00, 0x00, 0x00, 0x00, 0x00, 0x00, 0x00,
    0x00, 0x00, 0x00, 0x00, 0x00, 0x00, 0x00, 0x00, 0x00, 0x00, 0x00, 0x00, 0x00, 0x00, 0x00, 0x00,
    0xCC, 0xC4, 0xBB, 0x7B, 0xAE, 0x76, 0xBB, 0xBB, 0xE0, 0x66, 0xCA, 0x7A, 0x00, 0x6E, 0x74, 0x73,
    0x00, 0xE0, 0xEE, 0xEE, 0x00, 0x00, 0x00, 0x00, 0x00, 0x00, 0x00, 0x00, 0x00, 0x00, 0x00, 0x00,
    0xF2, 0x88, 0x3B, 0x00, 0xF5, 0x25, 0xB5, 0xBE, 0x2F, 0x22, 0x85, 0xE4, 0x55, 0x85, 0xB8, 0x44,
    0x88, 0xBB, 0x6B, 0x44, 0x11, 0x11, 0x61, 0x44, 0x14, 0x11, 0x34, 0xA4, 0x47, 0x11, 0x61, 0x77,
    0x00, 0x00, 0x00, 0x00, 0xBB, 0xEA, 0x00, 0x00, 0xB7, 0x77, 0xEB, 0x00, 0x47, 0x44, 0xE4, 0x00,
    0x14, 0x44, 0xE7, 0x0B, 0x17, 0x74, 0x71, 0xBB, 0xA7, 0x11, 0x74, 0xBA, 0x77, 0xEE, 0xB4, 0xFB,
    0xBF, 0x44, 0x66, 0xEE, 0xF0, 0xCC, 0xF3, 0x00, 0xC0, 0x63, 0xCC, 0x00, 0xC0, 0x16, 0x36, 0xEC,
    0xC0, 0x33, 0xCC, 0xE0, 0x00, 0xCC, 0x0C, 0xE0, 0x00, 0x00, 0x00, 0xE0, 0x00, 0x00, 0x00, 0x00,
    0xBE, 0xAE, 0xF7, 0xFF, 0x00, 0xEF, 0xFE, 0xEF, 0xBE, 0x88, 0xE8, 0x3E, 0xBB, 0xB8, 0x67, 0x63,
    0xB7, 0xB8, 0x7B, 0xE6, 0x63, 0x68, 0x73, 0xE3, 0x36, 0x33, 0x33, 0xE6, 0xEE, 0xEE, 0xEE, 0x0E,
    0x00, 0x00, 0x00, 0x00, 0x00, 0x00, 0x00, 0x00, 0x00, 0x00, 0x00, 0x00, 0x00, 0x00, 0x00, 0x00,
    0x00, 0x00, 0x00, 0x59, 0x00, 0x00, 0x00, 0x90, 0x00, 0x00, 0x00, 0x00, 0x00, 0x00, 0x00, 0x00,
    0x00, 0x00, 0x00, 0xB0, 0x00, 0x00, 0x00, 0x99, 0x00, 0x00, 0x00, 0x0B, 0x00, 0x00, 0x00, 0x00,
    0x00, 0x00, 0x00, 0x00, 0x00, 0x00, 0x00, 0x00, 0x00, 0x00, 0x00, 0x00, 0x00, 0x00, 0x00, 0x00,
    0x00, 0x00, 0x00, 0x00, 0x00, 0x00, 0x00, 0x00, 0x0B, 0x00, 0x00, 0x00, 0xB8, 0x00, 0x00, 0x00,
    0x0B, 0x00, 0x00, 0x00, 0x0B, 0x00, 0x00, 0x00, 0x00, 0x00, 0x00, 0x00, 0x0F, 0x00, 0x00, 0x00,
    0xBF, 0x0F, 0x00, 0x00, 0xF6, 0xBF, 0x00, 0x00, 0x73, 0xBB, 0x00, 0x00, 0x25, 0xB5, 0x00, 0x00,
    0x2F, 0x08, 0x00, 0x00, 0x8F, 0x0B, 0x00, 0x00, 0xF6, 0x08, 0x00, 0x00, 0xFF, 0xB5, 0x06, 0x00,
    0x44, 0x71, 0x0B, 0x00, 0x79, 0xA7, 0x0B, 0x00, 0xB7, 0xE7, 0x00, 0x00, 0x66, 0xEE, 0x00, 0x00,
    0xEE, 0x00, 0x00, 0x00, 0x00, 0x00, 0x00, 0x00, 0x00, 0x00, 0x00, 0x00, 0x00, 0x00, 0x00, 0x00,
    0x0F, 0x00, 0x00, 0x00, 0x0F, 0x00, 0x00, 0x00, 0x0E, 0x00, 0x00, 0x00, 0x0E, 0x00, 0x00, 0x00,
    0x00, 0x00, 0x00, 0x00, 0x00, 0x00, 0x00, 0x00, 0x00, 0x00, 0x00, 0x00, 0x00, 0x00, 0x00, 0x00,
};
static const u16 sFrame46[] = {
    0x0007, 0x80D8, 0x81EA, 0x0000, 0x00F0, 0x41DA, 0x0008, 0x00F0, 0x41FA, 0x000C, 0x80D8, 0x01E2,
    0x0010, 0x80E0, 0x01FA, 0x0012, 0x00F8, 0x01EA, 0x0014, 0x00F8, 0x000A, 0x0015, 0x0000,
};
static const void* const sFrames46[] = { sFrame46 };
static const u8 sTiles47[1120] __attribute__((aligned(4))) = {
    0x00, 0x00, 0x00, 0x00, 0x00, 0x00, 0x00, 0x00, 0x00, 0x00, 0x00, 0x00, 0x00, 0x30, 0x46, 0x67,
    0x00, 0x6A, 0x6D, 0x6A, 0x00, 0x74, 0xD7, 0x9D, 0x40, 0xDA, 0x90, 0x22, 0xD0, 0xD1, 0x95, 0x22,
    0x00, 0x00, 0x00, 0xA0, 0x00, 0x00, 0x00, 0x8A, 0x00, 0x00, 0xCA, 0x96, 0x00, 0x90, 0x3D, 0xAA,
    0x9D, 0x89, 0xDD, 0xDA, 0x89, 0x22, 0xD8, 0xAD, 0x22, 0x22, 0x92, 0xD9, 0x82, 0x9D, 0x09, 0xA0,
    0x29, 0x22, 0x88, 0x59, 0x99, 0x98, 0x89, 0x98, 0xA8, 0x92, 0x88, 0xA9, 0x68, 0x8D, 0x38, 0x6A,
    0x71, 0xD1, 0x63, 0x3A, 0x1D, 0x9D, 0x61, 0x66, 0x71, 0xD1, 0xA1, 0xA6, 0xD7, 0x6D, 0x6A, 0xDA,
    0x09, 0x00, 0x00, 0x00, 0xAA, 0x00, 0x00, 0x00, 0x36, 0x0A, 0x00, 0x00, 0x11, 0xA3, 0x00, 0x00,
    0x11, 0xA1, 0x0D, 0x00, 0x13, 0x61, 0xDC, 0x00, 0x13, 0xD6, 0x9D, 0x00, 0x66, 0xDD, 0x28, 0x99,
    0x64, 0xC4, 0x26, 0x29, 0xAD, 0x65, 0x66, 0x29, 0x6C, 0x29, 0x5C, 0x99, 0xDA, 0x3A, 0x7A, 0x0D,
    0x30, 0xD0, 0xD4, 0x7D, 0x00, 0x00, 0x60, 0x6D, 0x00, 0x00, 0x00, 0x00, 0x00, 0x00, 0x00, 0x00,
    0x92, 0x09, 0x00, 0x3A, 0xD2, 0x0D, 0x00, 0x36, 0x6D, 0x07, 0xC0, 0x6A, 0xAD, 0x00, 0xD0, 0xA6,
    0x07, 0x00, 0xD0, 0xDD, 0x00, 0x00, 0xA0, 0xD7, 0x00, 0x00, 0xD0, 0x7D, 0x00, 0x00, 0xDD, 0xDD,
    0x76, 0xAD, 0xA3, 0xA6, 0x3D, 0xAD, 0x31, 0x63, 0x7D, 0xDD, 0x11, 0x63, 0x3D, 0xDD, 0x36, 0x63,
    0x7D, 0xDD, 0x16, 0xA6, 0x3D, 0xDD, 0xAA, 0xDA, 0xDD, 0xDD, 0xDD, 0x37, 0xD7, 0xDD, 0x37, 0xD7,
    0xDD, 0x8D, 0x22, 0x82, 0xDD, 0x90, 0x29, 0x22, 0xD6, 0x00, 0x90, 0xD2, 0xDA, 0x00, 0x00, 0x39,
    0x0D, 0x00, 0x00, 0x90, 0x0D, 0x00, 0x00, 0xD0, 0x07, 0x00, 0x00, 0xD7, 0xDD, 0x00, 0x40, 0xDA,
    0x00, 0x00, 0x00, 0x90, 0x00, 0x00, 0x00, 0x50, 0x00, 0x00, 0x00, 0x50, 0x00, 0x00, 0x90, 0x50,
    0x00, 0x00, 0x20, 0x59, 0x00, 0x00, 0x50, 0x52, 0x00, 0x00, 0x90, 0x52, 0x00, 0x90, 0x55, 0x29,
    0x00, 0x00, 0x00, 0x00, 0x09, 0x90, 0x00, 0x00, 0x92, 0x50, 0x09, 0x00, 0x22, 0x29, 0x92, 0x90,
    0x22, 0x55, 0x22, 0x29, 0x22, 0x25, 0x55, 0x25, 0x22, 0x29, 0x22, 0x52, 0x59, 0x95, 0x92, 0x22,
    0x00, 0x00, 0x29, 0x52, 0x00, 0x00, 0x90, 0x22, 0x00, 0x00, 0x29, 0x59, 0x00, 0x90, 0x55, 0x95,
    0x00, 0x00, 0x90, 0x99, 0x00, 0x00, 0x00, 0x79, 0x00, 0x00, 0x00, 0x80, 0x00, 0x00, 0x00, 0x90,
    0x25, 0x22, 0x25, 0x92, 0x25, 0x52, 0x52, 0x29, 0x22, 0x29, 0x22, 0x22, 0x95, 0x25, 0x29, 0x29,
    0x52, 0x92, 0x25, 0x95, 0x29, 0x79, 0x93, 0x29, 0x22, 0x62, 0x21, 0x29, 0x22, 0x22, 0x92, 0x92,
    0x00, 0x00, 0x00, 0x00, 0x00, 0x00, 0x00, 0x00, 0x00, 0x00, 0x00, 0xA0, 0x00, 0x00, 0x00, 0xB0,
    0x00, 0x40, 0x60, 0xBA, 0x00, 0xD7, 0xAA, 0x77, 0xD3, 0x3D, 0x66, 0x3D, 0x66, 0x6A, 0xC6, 0x41,
    0x00, 0x00, 0x00, 0x00, 0x00, 0x00, 0x6B, 0xB3, 0x06, 0x66, 0xBA, 0x7A, 0xDD, 0xAA, 0x16, 0xCD,
    0x64, 0x6A, 0x3A, 0x6C, 0xA3, 0x1A, 0xD6, 0x0D, 0xDD, 0xA1, 0xD1, 0x0D, 0x6A, 0xD6, 0x66, 0x0D,
    0xA0, 0xA3, 0x61, 0xD6, 0x30, 0x30, 0xD6, 0xB1, 0x00, 0x00, 0xDA, 0x16, 0x00, 0x00, 0xD0, 0x7D,
    0x00, 0x00, 0x30, 0xD7, 0x00, 0x00, 0x00, 0x00, 0x00, 0x00, 0x00, 0x00, 0x00, 0x00, 0x00, 0x00,
    0x47, 0x4D, 0xB1, 0x0D, 0xD1, 0x3D, 0xBD, 0x0D, 0xCA, 0xBD, 0x11, 0x0D, 0x76, 0xB7, 0x66, 0x0D,
    0x40, 0xAC, 0xA7, 0x00, 0xD0, 0xD6, 0x0A, 0x00, 0x00, 0x60, 0x0D, 0x00, 0x00, 0x00, 0x06, 0x00,
    0x00, 0x00, 0xDD, 0xDB, 0x00, 0xD0, 0xBD, 0xBB, 0x00, 0xD0, 0xDA, 0xBB, 0x00, 0xDA, 0x6A, 0xBD,
    0x00, 0x6A, 0xA6, 0x52, 0x00, 0x4A, 0xA6, 0x25, 0x00, 0x4A, 0x44, 0xAA, 0xA0, 0x14, 0x44, 0x32,
    0xD7, 0xBD, 0xDD, 0xBD, 0xBD, 0xBD, 0xBD, 0xBD, 0x2B, 0xDD, 0xBB, 0x5B, 0x14, 0xD4, 0x5D, 0xB2,
    0x2D, 0xD7, 0x2B, 0xA5, 0x3A, 0xD7, 0xD3, 0x4A, 0x63, 0x37, 0xDA, 0x3A, 0x16, 0xA6, 0xAD, 0x14,
    0xA0, 0x14, 0x44, 0xAA, 0xA0, 0x14, 0x41, 0x44, 0xA0, 0x11, 0x11, 0x31, 0xA0, 0x11, 0x41, 0xA2,
    0xA0, 0x14, 0x44, 0xA5, 0x1A, 0x1A, 0x44, 0xAA, 0x1A, 0x11, 0x44, 0xB4, 0x4A, 0x41, 0xAA, 0x46,
    0x6B, 0x61, 0x13, 0x72, 0xA3, 0xA6, 0xAA, 0x27, 0xAA, 0xA3, 0x2D, 0xA2, 0x00, 0x00, 0x72, 0x24,
    0x0B, 0x22, 0x22, 0x72, 0x2B, 0xA5, 0xAA, 0xAA, 0x71, 0x22, 0x2A, 0x44, 0xA7, 0x20, 0x27, 0x4A,
    0x00, 0x00, 0x00, 0x00, 0x00, 0x00, 0x00, 0x00, 0x00, 0x00, 0x00, 0xD0, 0x00, 0x00, 0xD0, 0x8D,
    0x00, 0x00, 0x3D, 0xD8, 0x00, 0x00, 0x7D, 0xA3, 0x00, 0x00, 0xD0, 0x37, 0x00, 0x00, 0x00, 0x7D,
    0x1A, 0x11, 0x44, 0x44, 0xDD, 0xAA, 0x61, 0x4A, 0x8D, 0xDD, 0xAA, 0xDB, 0xD8, 0xD9, 0xDD, 0xDD,
    0xDD, 0xDD, 0xAA, 0x73, 0xDD, 0xAD, 0x37, 0xD7, 0xAA, 0x3A, 0xDA, 0x0D, 0x37, 0xD7, 0x0D, 0x00,
    0x00, 0x00, 0x00, 0xD0, 0x00, 0x00, 0x00, 0x00, 0x00, 0x00, 0x00, 0x00, 0x00, 0x00, 0x00, 0x00,
    0x00, 0x00, 0x00, 0x00, 0x00, 0x00, 0x00, 0x00, 0x00, 0x00, 0x00, 0x00, 0x00, 0x00, 0x00, 0x00,
    0xDD, 0x0D, 0x00, 0x00, 0x00, 0x00, 0x00, 0x00, 0x00, 0x00, 0x00, 0x00, 0x00, 0x00, 0x00, 0x00,
    0x00, 0x00, 0x00, 0x00, 0x00, 0x00, 0x00, 0x00, 0x00, 0x00, 0x00, 0x00, 0x00, 0x00, 0x00, 0x00,
    0x11, 0x11, 0x44, 0x0D, 0x4A, 0x41, 0x44, 0xDA, 0x11, 0x41, 0xA4, 0xAA, 0x11, 0x44, 0xAA, 0xDA,
    0xAA, 0x1A, 0x41, 0xDD, 0xDA, 0xA9, 0xAA, 0xDA, 0xD3, 0x9D, 0x99, 0xDD, 0x37, 0xA7, 0x8D, 0xDD,
    0x00, 0x00, 0x00, 0x00, 0x00, 0x00, 0x00, 0x00, 0x00, 0x00, 0x00, 0x00, 0x00, 0x00, 0x00, 0x00,
    0x00, 0x00, 0x00, 0x00, 0x00, 0x00, 0x00, 0x00, 0x00, 0x00, 0x00, 0x00, 0x0D, 0x00, 0x00, 0x00,
    0x7D, 0xDA, 0x8D, 0xAD, 0x3D, 0x3A, 0x87, 0x37, 0x7D, 0x33, 0x33, 0x73, 0xD0, 0xDD, 0xDD, 0xDD,
    0x00, 0x00, 0x00, 0x00, 0x00, 0x00, 0x00, 0x00, 0x00, 0x00, 0x00, 0x00, 0x00, 0x00, 0x00, 0x00,
    0x0D, 0x00, 0x00, 0x00, 0x0D, 0x00, 0x00, 0x00, 0x0D, 0x00, 0x00, 0x00, 0x00, 0x00, 0x00, 0x00,
    0x00, 0x00, 0x00, 0x00, 0x00, 0x00, 0x00, 0x00, 0x00, 0x00, 0x00, 0x00, 0x00, 0x00, 0x00, 0x00,
    0xDD, 0x00, 0xA4, 0xD6, 0xDB, 0x00, 0x1A, 0x14, 0xDD, 0x0D, 0xA0, 0x41, 0xDB, 0xDD, 0x1A, 0x16,
    0xDD, 0x61, 0x61, 0xAA, 0x1A, 0xA6, 0x1A, 0xA7, 0x61, 0xDA, 0x71, 0x0A, 0xA6, 0x13, 0xA7, 0x00,
    0x66, 0x82, 0x1D, 0x06, 0x26, 0xD2, 0x40, 0x00, 0xD6, 0x0D, 0x11, 0x07, 0x4A, 0x40, 0x7A, 0x04,
    0xA4, 0xAA, 0x01, 0x00, 0x60, 0x00, 0x00, 0x00, 0x00, 0x00, 0x00, 0x00, 0x00, 0x00, 0x00, 0x00,
    0x00, 0x00, 0x00, 0x00, 0x00, 0x00, 0x00, 0x00, 0x00, 0x00, 0x00, 0x00, 0x00, 0x00, 0x00, 0x00,
    0x09, 0x00, 0x00, 0x00, 0x05, 0x00, 0x00, 0x00, 0x99, 0x00, 0x00, 0x00, 0x52, 0x09, 0x00, 0x00,
    0x22, 0x92, 0x00, 0x00, 0x25, 0x92, 0x00, 0x00, 0x55, 0x99, 0x00, 0x00, 0x52, 0x92, 0x00, 0x00,
    0x95, 0x55, 0x09, 0x00, 0x99, 0x09, 0x00, 0x00, 0x25, 0x09, 0x00, 0x00, 0x95, 0x95, 0x00, 0x00,
    0x09, 0x00, 0x00, 0x00, 0xDD, 0x00, 0x00, 0x00, 0x7D, 0x6D, 0x00, 0x00, 0x37, 0x7D, 0x20, 0x0A,
    0x89, 0x22, 0xA9, 0x00, 0x22, 0x22, 0xD2, 0x06, 0x28, 0x22, 0xD2, 0x0A, 0x99, 0x22, 0xD8, 0x0A,
    0x3A, 0x71, 0x0A, 0x00, 0x2A, 0xA7, 0x0D, 0x00, 0x72, 0xAA, 0x0D, 0x00, 0xA7, 0x44, 0xDA, 0x00,
    0x4A, 0x44, 0xDA, 0x00, 0x11, 0x44, 0xDA, 0x00, 0x11, 0x44, 0xA4, 0x0D, 0x11, 0x44, 0xA4, 0x0D,
    0x0A, 0x00, 0x00, 0x1D, 0x04, 0x00, 0x00, 0xDD, 0x0D, 0x00, 0x00, 0x4D, 0x0D, 0x00, 0x00, 0x4D,
    0x0D, 0x00, 0x00, 0xD0, 0x00, 0x00, 0x00, 0xD0, 0x00, 0x00, 0x00, 0xD0, 0x00, 0x00, 0x00, 0xD0,
};
static const u16 sFrame47[] = {
    0x000B, 0x40D4, 0x81EA, 0x0000, 0x00C4, 0x41F2, 0x0008, 0x00DC, 0x41DA, 0x000C, 0x00E4, 0x41F2,
    0x0010, 0x00F4, 0x41EA, 0x0014, 0x00F4, 0x4002, 0x0018, 0x40E4, 0x0002, 0x001C, 0x80C4, 0x0002,
    0x001E, 0x00DC, 0x000A, 0x0020, 0x00EC, 0x0002, 0x0021, 0x00F4, 0x01FA, 0x0022, 0x0000,
};
static const void* const sFrames47[] = { sFrame47 };
static const u8 sTiles48[1120] __attribute__((aligned(4))) = {
    0x00, 0x00, 0x00, 0x00, 0x00, 0x00, 0x00, 0x00, 0x00, 0x30, 0x46, 0x67, 0x00, 0x30, 0x46, 0x67,
    0x00, 0x74, 0xD7, 0x9D, 0x00, 0x74, 0xD7, 0x9D, 0xD0, 0xD1, 0x95, 0x22, 0xD0, 0xD1, 0x95, 0x22,
    0x00, 0x00, 0x00, 0x8A, 0x00, 0x00, 0x00, 0x8A, 0x00, 0x90, 0x3D, 0xAA, 0x00, 0x90, 0x3D, 0xAA,
    0x89, 0x22, 0xD8, 0xAD, 0x89, 0x22, 0xD8, 0xAD, 0x82, 0x9D, 0x99, 0xA9, 0x82, 0x9D, 0x09, 0xA0,
    0x99, 0x98, 0x89, 0x98, 0x99, 0x98, 0x89, 0x98, 0x68, 0x8D, 0x38, 0x6A, 0x68, 0x8D, 0x38, 0x6A,
    0x1D, 0x9D, 0x61, 0x66, 0x1D, 0x9D, 0x61, 0x66, 0xD7, 0x6D, 0x6A, 0xDA, 0xD7, 0x6D, 0x6A, 0xDA,
    0xAA, 0x00, 0x00, 0x00, 0xAA, 0x00, 0x00, 0x00, 0x11, 0xA3, 0x00, 0x00, 0x11, 0xA3, 0x00, 0x00,
    0x13, 0x61, 0xDC, 0x00, 0x13, 0x61, 0xDC, 0x00, 0x66, 0xDD, 0x28, 0x99, 0x66, 0xDD, 0x28, 0x99,
    0xAD, 0x65, 0x66, 0x29, 0xAD, 0x65, 0x66, 0x29, 0xDA, 0x3A, 0x7A, 0x9D, 0xDA, 0x3A, 0x7A, 0x0D,
    0x30, 0xD0, 0x64, 0x6D, 0x00, 0x00, 0x60, 0x6D, 0x00, 0x00, 0x00, 0x00, 0x00, 0x00, 0x00, 0x00,
    0xD2, 0x0D, 0x00, 0x36, 0xD2, 0x0D, 0x00, 0x36, 0xAD, 0x07, 0xD0, 0xA6, 0xAD, 0x00, 0xD0, 0xA6,
    0x07, 0x00, 0xA0, 0xD7, 0x00, 0x00, 0xA0, 0xD7, 0x00, 0x00, 0xDD, 0xDD, 0x00, 0x00, 0xDD, 0xDD,
    0x3D, 0xAD, 0x31, 0x63, 0x3D, 0xAD, 0x31, 0x63, 0x3D, 0xDD, 0x36, 0x63, 0x3D, 0xDD, 0x36, 0x63,
    0x3D, 0xDD, 0xAA, 0xDA, 0x3D, 0xDD, 0xAA, 0xDA, 0xD7, 0xDD, 0x37, 0xD7, 0xD7, 0xDD, 0x37, 0xD7,
    0xDD, 0x9D, 0x29, 0x22, 0xDD, 0x90, 0x29, 0x22, 0xDA, 0x00, 0x90, 0x39, 0xDA, 0x00, 0x00, 0x39,
    0x0D, 0x00, 0x00, 0xD0, 0x0D, 0x00, 0x00, 0xD0, 0xDD, 0x00, 0x40, 0xDA, 0xDD, 0x00, 0x40, 0xDA,
    0x00, 0x00, 0x00, 0x50, 0x00, 0x00, 0x00, 0x50, 0x00, 0x00, 0x90, 0x50, 0x00, 0x00, 0x90, 0x50,
    0x00, 0x00, 0x50, 0x52, 0x00, 0x00, 0x50, 0x52, 0x00, 0x90, 0x55, 0x29, 0x00, 0x90, 0x55, 0x29,
    0x09, 0x90, 0x00, 0x00, 0x09, 0x90, 0x00, 0x00, 0x22, 0x29, 0x92, 0x90, 0x22, 0x29, 0x92, 0x90,
    0x22, 0x25, 0x55, 0x25, 0x22, 0x25, 0x55, 0x25, 0x59, 0x95, 0x92, 0x22, 0x59, 0x95, 0x92, 0x22,
    0x00, 0x00, 0x99, 0x22, 0x00, 0x00, 0x90, 0x22, 0x00, 0x90, 0x55, 0x95, 0x00, 0x90, 0x55, 0x95,
    0x00, 0x00, 0x90, 0x79, 0x00, 0x00, 0x00, 0x79, 0x00, 0x00, 0x00, 0x90, 0x00, 0x00, 0x00, 0x90,
    0x25, 0x52, 0x52, 0x29, 0x25, 0x52, 0x52, 0x29, 0x95, 0x25, 0x29, 0x29, 0x95, 0x25, 0x29, 0x29,
    0x29, 0x79, 0x93, 0x29, 0x29, 0x79, 0x93, 0x29, 0x22, 0x22, 0x92, 0x92, 0x22, 0x22, 0x92, 0x92,
    0x00, 0x00, 0x00, 0x00, 0x00, 0x00, 0x00, 0x00, 0x00, 0x00, 0x00, 0xB0, 0x00, 0x00, 0x00, 0xB0,
    0x00, 0xD7, 0xAA, 0x77, 0x00, 0xD7, 0xAA, 0x77, 0x66, 0x6A, 0xC6, 0x41, 0x66, 0x6A, 0xC6, 0x41,
    0x00, 0x00, 0x6B, 0xB3, 0x00, 0x00, 0x6B, 0xB3, 0xDD, 0xAA, 0x16, 0xCD, 0xDD, 0xAA, 0x16, 0xCD,
    0xA3, 0x1A, 0xD6, 0x6D, 0xA3, 0x1A, 0xD6, 0x0D, 0x6A, 0xD6, 0x66, 0x0D, 0x6A, 0xD6, 0x66, 0x0D,
    0x30, 0x33, 0xD6, 0xB1, 0x30, 0x30, 0xD6, 0xB1, 0x00, 0x00, 0xDA, 0x7D, 0x00, 0x00, 0xD0, 0x7D,
    0x00, 0x00, 0x30, 0xD7, 0x00, 0x00, 0x00, 0x00, 0x00, 0x00, 0x00, 0x00, 0x00, 0x00, 0x00, 0x00,
    0xD1, 0x3D, 0xBD, 0x0D, 0xD1, 0x3D, 0xBD, 0x0D, 0x76, 0xB7, 0x66, 0x0D, 0x76, 0xB7, 0x66, 0x0D,
    0xD0, 0xD6, 0xAA, 0x00, 0xD0, 0xD6, 0x0A, 0x00, 0x00, 0x60, 0x06, 0x00, 0x00, 0x00, 0x06, 0x00,
    0x00, 0xD0, 0xBD, 0xBB, 0x00, 0xD0, 0xBD, 0xBB, 0x00, 0xDA, 0x6A, 0xBD, 0x00, 0xDA, 0x6A, 0xBD,
    0x00, 0x4A, 0xA6, 0x25, 0x00, 0x4A, 0xA6, 0x25, 0xA0, 0x14, 0x44, 0x32, 0xA0, 0x14, 0x44, 0x32,
    0xBD, 0xBD, 0xBD, 0xBD, 0xBD, 0xBD, 0xBD, 0xBD, 0x24, 0xD4, 0x5D, 0xB2, 0x14, 0xD4, 0x5D, 0xB2,
    0x3A, 0xD7, 0xD3, 0x4A, 0x3A, 0xD7, 0xD3, 0x4A, 0x16, 0xA6, 0xAD, 0x34, 0x16, 0xA6, 0xAD, 0x14,
    0xA0, 0x14, 0x41, 0x44, 0xA0, 0x14, 0x41, 0x44, 0xA0, 0x11, 0x41, 0xA2, 0xA0, 0x11, 0x41, 0xA2,
    0x1A, 0x1A, 0x44, 0xAA, 0x1A, 0x1A, 0x44, 0xAA, 0x4A, 0x41, 0xAA, 0x46, 0x4A, 0x41, 0xAA, 0x46,
    0xA3, 0xA6, 0xAA, 0x27, 0xA3, 0xA6, 0xAA, 0x27, 0xAA, 0xA3, 0x72, 0x24, 0x00, 0x00, 0x72, 0x24,
    0x0B, 0x22, 0xA2, 0xAA, 0x2B, 0xA5, 0xAA, 0xAA, 0x77, 0x22, 0x2A, 0x4A, 0xA7, 0x20, 0x27, 0x4A,
    0x00, 0x00, 0x00, 0x00, 0x00, 0x00, 0x00, 0x00, 0x00, 0x00, 0xD0, 0x8D, 0x00, 0x00, 0xD0, 0x8D,
    0x00, 0x00, 0x7D, 0xA3, 0x00, 0x00, 0x7D, 0xA3, 0x00, 0x00, 0xD0, 0x7D, 0x00, 0x00, 0x00, 0x7D,
    0xDD, 0xAA, 0x61, 0x4A, 0xDD, 0xAA, 0x61, 0x4A, 0xD8, 0xD9, 0xDD, 0xDD, 0xD8, 0xD9, 0xDD, 0xDD,
    0xDD, 0xAD, 0x37, 0xD7, 0xDD, 0xAD, 0x37, 0xD7, 0x37, 0xD7, 0xDD, 0x0D, 0x37, 0xD7, 0x0D, 0x00,
    0x00, 0x00, 0x00, 0xD0, 0x00, 0x00, 0x00, 0x00, 0x00, 0x00, 0x00, 0x00, 0x00, 0x00, 0x00, 0x00,
    0x00, 0x00, 0x00, 0x00, 0x00, 0x00, 0x00, 0x00, 0x00, 0x00, 0x00, 0x00, 0x00, 0x00, 0x00, 0x00,
    0xDD, 0x0D, 0x00, 0x00, 0x00, 0x00, 0x00, 0x00, 0x00, 0x00, 0x00, 0x00, 0x00, 0x00, 0x00, 0x00,
    0x00, 0x00, 0x00, 0x00, 0x00, 0x00, 0x00, 0x00, 0x00, 0x00, 0x00, 0x00, 0x00, 0x00, 0x00, 0x00,
    0x4A, 0x41, 0x44, 0xDA, 0x4A, 0x41, 0x44, 0xDA, 0x11, 0x44, 0xAA, 0xDA, 0x11, 0x44, 0xAA, 0xDA,
    0xDA, 0xA9, 0xAA, 0xDA, 0xDA, 0xA9, 0xAA, 0xDA, 0x37, 0xA7, 0x8D, 0xDD, 0x37, 0xA7, 0x8D, 0xDD,
    0x00, 0x00, 0x00, 0x00, 0x00, 0x00, 0x00, 0x00, 0x00, 0x00, 0x00, 0x00, 0x00, 0x00, 0x00, 0x00,
    0x00, 0x00, 0x00, 0x00, 0x00, 0x00, 0x00, 0x00, 0x0D, 0x00, 0x00, 0x00, 0x0D, 0x00, 0x00, 0x00,
    0x3D, 0x3A, 0x87, 0x37, 0x3D, 0x3A, 0x87, 0x37, 0xDD, 0xDD, 0xDD, 0xDD, 0xD0, 0xDD, 0xDD, 0xDD,
    0x00, 0x00, 0x00, 0x00, 0x00, 0x00, 0x00, 0x00, 0x00, 0x00, 0x00, 0x00, 0x00, 0x00, 0x00, 0x00,
    0x0D, 0x00, 0x00, 0x00, 0x0D, 0x00, 0x00, 0x00, 0x0D, 0x00, 0x00, 0x00, 0x00, 0x00, 0x00, 0x00,
    0x00, 0x00, 0x00, 0x00, 0x00, 0x00, 0x00, 0x00, 0x00, 0x00, 0x00, 0x00, 0x00, 0x00, 0x00, 0x00,
    0xDB, 0x00, 0xAA, 0xD4, 0xDB, 0x00, 0x1A, 0x14, 0xDB, 0xDD, 0xAA, 0x46, 0xDB, 0xDD, 0x1A, 0x16,
    0xDA, 0xA6, 0x6A, 0xA7, 0x1A, 0xA6, 0x1A, 0xA7, 0xA6, 0xD3, 0xA7, 0x0A, 0xA6, 0x13, 0xA7, 0x00,
    0x26, 0xD2, 0x4D, 0x06, 0x26, 0xD2, 0x40, 0x00, 0x4A, 0x4D, 0x7A, 0x04, 0x4A, 0x40, 0x7A, 0x04,
    0x64, 0xAA, 0x01, 0x00, 0x60, 0x00, 0x00, 0x00, 0x00, 0x00, 0x00, 0x00, 0x00, 0x00, 0x00, 0x00,
    0x00, 0x00, 0x00, 0x00, 0x00, 0x00, 0x00, 0x00, 0x00, 0x00, 0x00, 0x00, 0x00, 0x00, 0x00, 0x00,
    0x05, 0x00, 0x00, 0x00, 0x05, 0x00, 0x00, 0x00, 0x52, 0x09, 0x00, 0x00, 0x52, 0x09, 0x00, 0x00,
    0x25, 0x92, 0x00, 0x00, 0x25, 0x92, 0x00, 0x00, 0x52, 0x92, 0x00, 0x00, 0x52, 0x92, 0x00, 0x00,
    0x99, 0x59, 0x09, 0x00, 0x99, 0x09, 0x00, 0x00, 0x95, 0x95, 0x00, 0x00, 0x95, 0x95, 0x00, 0x00,
    0xDD, 0x00, 0x00, 0x00, 0xDD, 0x00, 0x00, 0x00, 0x37, 0x7D, 0x20, 0x0A, 0x37, 0x7D, 0x20, 0x0A,
    0x22, 0x22, 0xD2, 0x06, 0x22, 0x22, 0xD2, 0x06, 0x99, 0x22, 0xD8, 0x0A, 0x99, 0x22, 0xD8, 0x0A,
    0x2A, 0xA7, 0x0D, 0x00, 0x2A, 0xA7, 0x0D, 0x00, 0xA7, 0x44, 0xDA, 0x00, 0xA7, 0x44, 0xDA, 0x00,
    0x11, 0x44, 0xDA, 0x00, 0x11, 0x44, 0xDA, 0x00, 0x11, 0x44, 0xA4, 0x0D, 0x11, 0x44, 0xA4, 0x0D,
    0x04, 0x00, 0x00, 0xDD, 0x04, 0x00, 0x00, 0xDD, 0x0D, 0x00, 0x00, 0x4D, 0x0D, 0x00, 0x00, 0x4D,
    0x0D, 0x00, 0x00, 0xD0, 0x00, 0x00, 0x00, 0xD0, 0x00, 0x00, 0x00, 0xD0, 0x00, 0x00, 0x00, 0xD0,
};
static const u16 sFrame48[] = {
    0x000B, 0x40D4, 0x81E9, 0x0000, 0x00C4, 0x41F1, 0x0008, 0x00DC, 0x41D9, 0x000C, 0x00E4, 0x41F1,
    0x0010, 0x00F4, 0x41E9, 0x0014, 0x00F4, 0x4001, 0x0018, 0x40E4, 0x0001, 0x001C, 0x80C4, 0x0001,
    0x001E, 0x00DC, 0x0009, 0x0020, 0x00EC, 0x0001, 0x0021, 0x00F4, 0x01F9, 0x0022, 0x0000,
};
static const void* const sFrames48[] = { sFrame48 };
static const u8 sTiles49[1152] __attribute__((aligned(4))) = {
    0x00, 0x00, 0x00, 0x00, 0x00, 0x00, 0x00, 0x00, 0x00, 0x00, 0x63, 0x74, 0x00, 0x30, 0x46, 0x67,
    0x00, 0x4A, 0x77, 0xDD, 0x00, 0x74, 0xD7, 0x9D, 0x40, 0x1D, 0x5D, 0x29, 0xD0, 0xD1, 0x95, 0x22,
    0x00, 0x00, 0x00, 0xA0, 0x00, 0x00, 0x00, 0x8A, 0x06, 0x00, 0xD9, 0xA3, 0x00, 0x90, 0x3D, 0xAA,
    0x99, 0x28, 0x82, 0xDD, 0x89, 0x22, 0xD8, 0xAD, 0x22, 0xD8, 0x99, 0xD9, 0x82, 0x9D, 0x09, 0xA0,
    0x98, 0x89, 0x99, 0x88, 0x99, 0x98, 0x89, 0x98, 0x8A, 0xD6, 0x88, 0xA3, 0x68, 0x8D, 0x38, 0x6A,
    0xDA, 0xD1, 0x19, 0x66, 0x1D, 0x9D, 0x61, 0x66, 0x7A, 0xDD, 0xA6, 0xA6, 0xD7, 0x6D, 0x6A, 0xDA,
    0xA9, 0x0A, 0x00, 0x00, 0xAA, 0x00, 0x00, 0x00, 0x16, 0x31, 0x0A, 0x00, 0x11, 0xA3, 0x00, 0x00,
    0x36, 0x11, 0xC6, 0x0D, 0x13, 0x61, 0xDC, 0x00, 0x6D, 0xD6, 0x8D, 0x92, 0x66, 0xDD, 0x28, 0x99,
    0xDB, 0x5A, 0x66, 0x96, 0xAD, 0x65, 0x66, 0x29, 0xAC, 0xAD, 0xA3, 0xD7, 0xDA, 0x3A, 0x7A, 0x0D,
    0x30, 0xD0, 0xD4, 0xD6, 0x00, 0x00, 0x60, 0x6D, 0x00, 0x00, 0x00, 0x00, 0x00, 0x00, 0x00, 0x00,
    0x22, 0xDD, 0x00, 0x6A, 0xD2, 0x0D, 0x00, 0x36, 0xDD, 0x0A, 0xC0, 0x6D, 0xAD, 0x00, 0xD0, 0xA6,
    0x06, 0x00, 0xD0, 0x7A, 0x00, 0x00, 0xA0, 0xD7, 0x00, 0x00, 0xD0, 0xDD, 0x00, 0x00, 0xDD, 0xDD,
    0xD3, 0xD3, 0x1A, 0x33, 0x3D, 0xAD, 0x31, 0x63, 0xDA, 0xD3, 0x6D, 0x33, 0x3D, 0xDD, 0x36, 0x63,
    0xDD, 0xD3, 0xAD, 0xAA, 0x3D, 0xDD, 0xAA, 0xDA, 0x7D, 0xDD, 0x7D, 0x73, 0xD7, 0xDD, 0x37, 0xD7,
    0xD6, 0x8D, 0x99, 0x22, 0xDD, 0x90, 0x29, 0x22, 0xA6, 0x0D, 0x90, 0x92, 0xDA, 0x00, 0x00, 0x39,
    0xDD, 0x00, 0x00, 0x90, 0x0D, 0x00, 0x00, 0xD0, 0xDD, 0x0D, 0x00, 0xA4, 0xDD, 0x00, 0x40, 0xDA,
    0x00, 0x00, 0x00, 0x90, 0x00, 0x00, 0x00, 0x50, 0x00, 0x00, 0x00, 0x59, 0x00, 0x00, 0x90, 0x50,
    0x00, 0x00, 0x20, 0x25, 0x00, 0x00, 0x50, 0x52, 0x00, 0x00, 0x59, 0x95, 0x00, 0x90, 0x55, 0x29,
    0x95, 0x00, 0x09, 0x00, 0x09, 0x90, 0x00, 0x00, 0x25, 0x92, 0x22, 0x09, 0x22, 0x29, 0x92, 0x90,
    0x25, 0x52, 0x52, 0x55, 0x22, 0x25, 0x55, 0x25, 0x92, 0x55, 0x29, 0x29, 0x59, 0x95, 0x92, 0x22,
    0x00, 0x00, 0x29, 0x29, 0x00, 0x00, 0x90, 0x22, 0x00, 0x00, 0x59, 0x55, 0x00, 0x90, 0x55, 0x95,
    0x00, 0x00, 0x90, 0x99, 0x00, 0x00, 0x00, 0x79, 0x00, 0x00, 0x00, 0x80, 0x00, 0x00, 0x00, 0x90,
    0x52, 0x22, 0x25, 0x95, 0x25, 0x52, 0x52, 0x29, 0x59, 0x59, 0x92, 0x92, 0x95, 0x25, 0x29, 0x29,
    0x97, 0x92, 0x37, 0x99, 0x29, 0x79, 0x93, 0x29, 0x29, 0x22, 0x22, 0x29, 0x22, 0x22, 0x92, 0x92,
    0x00, 0x00, 0x00, 0x00, 0x00, 0x00, 0x00, 0x00, 0x00, 0x00, 0x00, 0xA0, 0x00, 0x00, 0x00, 0xB0,
    0x00, 0x70, 0xAD, 0x7A, 0x00, 0xD7, 0xAA, 0x77, 0x63, 0xA6, 0x66, 0x1C, 0x66, 0x6A, 0xC6, 0x41,
    0x00, 0x00, 0xB0, 0x36, 0x00, 0x00, 0x6B, 0xB3, 0xDB, 0xAD, 0x6A, 0xD1, 0xDD, 0xAA, 0x16, 0xCD,
    0x37, 0xAA, 0x61, 0xDD, 0xA3, 0x1A, 0xD6, 0x0D, 0xA4, 0x66, 0x6D, 0xD6, 0x6A, 0xD6, 0x66, 0x0D,
    0xA0, 0xA3, 0x63, 0x1D, 0x30, 0x30, 0xD6, 0xB1, 0x00, 0x00, 0xDA, 0xDD, 0x00, 0x00, 0xD0, 0x7D,
    0x00, 0x00, 0x30, 0xD7, 0x00, 0x00, 0x00, 0x00, 0x00, 0x00, 0x00, 0x00, 0x00, 0x00, 0x00, 0x00,
    0x1B, 0xDD, 0xD3, 0xDB, 0xD1, 0x3D, 0xBD, 0x0D, 0x67, 0x77, 0x6B, 0xD6, 0x76, 0xB7, 0x66, 0x0D,
    0x40, 0x6D, 0xAD, 0x00, 0xD0, 0xD6, 0x0A, 0x00, 0x00, 0x60, 0x6D, 0x00, 0x00, 0x00, 0x06, 0x00,
    0x00, 0x00, 0xDD, 0xBB, 0x00, 0xD0, 0xBD, 0xBB, 0x00, 0xA0, 0xAD, 0xD6, 0x00, 0xDA, 0x6A, 0xBD,
    0x00, 0xAA, 0x64, 0x5A, 0x00, 0x4A, 0xA6, 0x25, 0x00, 0x4A, 0x41, 0x24, 0xA0, 0x14, 0x44, 0x32,
    0xDB, 0xDB, 0xDB, 0xDB, 0xBD, 0xBD, 0xBD, 0xBD, 0x4B, 0x4D, 0xDD, 0x25, 0x14, 0xD4, 0x5D, 0xB2,
    0xA2, 0x73, 0x3D, 0xAD, 0x3A, 0xD7, 0xD3, 0x4A, 0x63, 0x61, 0xDA, 0x4A, 0x16, 0xA6, 0xAD, 0x14,
    0xA0, 0x4A, 0x11, 0x44, 0xA0, 0x14, 0x41, 0x44, 0xA0, 0x1A, 0x11, 0x24, 0xA0, 0x11, 0x41, 0xA2,
    0xA0, 0xA1, 0x41, 0xA4, 0x1A, 0x1A, 0x44, 0xAA, 0xAA, 0x14, 0xA4, 0x6A, 0x4A, 0x41, 0xAA, 0x46,
    0x34, 0x6A, 0xAA, 0x7A, 0xA3, 0xA6, 0xAA, 0x27, 0xAA, 0xA3, 0x2D, 0x47, 0x00, 0x00, 0x72, 0x24,
    0xBA, 0x22, 0x22, 0xAA, 0x2B, 0xA5, 0xAA, 0xAA, 0x74, 0x22, 0x2A, 0xA4, 0xA7, 0x20, 0x27, 0x4A,
    0x00, 0x00, 0x00, 0x00, 0x00, 0x00, 0x00, 0x00, 0x00, 0x00, 0x00, 0xDD, 0x00, 0x00, 0xD0, 0x8D,
    0x00, 0x00, 0xDD, 0x37, 0x00, 0x00, 0x7D, 0xA3, 0x00, 0x00, 0xD0, 0xD7, 0x00, 0x00, 0x00, 0x7D,
    0xDA, 0xAD, 0x1A, 0xA6, 0xDD, 0xAA, 0x61, 0x4A, 0x88, 0x9D, 0xDD, 0xDD, 0xD8, 0xD9, 0xDD, 0xDD,
    0xDA, 0xDD, 0x7A, 0x73, 0xDD, 0xAD, 0x37, 0xD7, 0x77, 0x73, 0xDD, 0x0D, 0x37, 0xD7, 0x0D, 0x00,
    0x00, 0x00, 0x00, 0xD0, 0x00, 0x00, 0x00, 0x00, 0x00, 0x00, 0x00, 0x00, 0x00, 0x00, 0x00, 0x00,
    0x00, 0x00, 0x00, 0x00, 0x00, 0x00, 0x00, 0x00, 0x00, 0x00, 0x00, 0x00, 0x00, 0x00, 0x00, 0x00,
    0xDD, 0x0D, 0x00, 0x00, 0x00, 0x00, 0x00, 0x00, 0x00, 0x00, 0x00, 0x00, 0x00, 0x00, 0x00, 0x00,
    0x00, 0x00, 0x00, 0x00, 0x00, 0x00, 0x00, 0x00, 0x00, 0x00, 0x00, 0x00, 0x00, 0x00, 0x00, 0x00,
    0xAD, 0x14, 0x44, 0xA4, 0x4A, 0x41, 0x44, 0xDA, 0x14, 0x41, 0xA4, 0xAA, 0x11, 0x44, 0xAA, 0xDA,
    0xAD, 0x9D, 0xAA, 0xAA, 0xDA, 0xA9, 0xAA, 0xDA, 0x7D, 0x73, 0xDA, 0xD8, 0x37, 0xA7, 0x8D, 0xDD,
    0x0D, 0x00, 0x00, 0x00, 0x00, 0x00, 0x00, 0x00, 0x0D, 0x00, 0x00, 0x00, 0x00, 0x00, 0x00, 0x00,
    0x0D, 0x00, 0x00, 0x00, 0x00, 0x00, 0x00, 0x00, 0xDD, 0x00, 0x00, 0x00, 0x0D, 0x00, 0x00, 0x00,
    0xDD, 0xA3, 0x73, 0x78, 0x3D, 0x3A, 0x87, 0x37, 0x7D, 0xDD, 0xDD, 0xDD, 0xD0, 0xDD, 0xDD, 0xDD,
    0x00, 0x00, 0x00, 0x00, 0x00, 0x00, 0x00, 0x00, 0x00, 0x00, 0x00, 0x00, 0x00, 0x00, 0x00, 0x00,
    0xD3, 0x00, 0x00, 0x00, 0x0D, 0x00, 0x00, 0x00, 0x0D, 0x00, 0x00, 0x00, 0x00, 0x00, 0x00, 0x00,
    0x00, 0x00, 0x00, 0x00, 0x00, 0x00, 0x00, 0x00, 0x00, 0x00, 0x00, 0x00, 0x00, 0x00, 0x00, 0x00,
    0xBB, 0x0D, 0xA4, 0x46, 0xDB, 0x00, 0x1A, 0x14, 0xBB, 0xDD, 0xAD, 0x61, 0xDB, 0xDD, 0x1A, 0x16,
    0xA4, 0x61, 0xAA, 0x7A, 0x1A, 0xA6, 0x1A, 0xA7, 0x61, 0x3A, 0x71, 0x0A, 0xA6, 0x13, 0xA7, 0x00,
    0x66, 0x22, 0x1D, 0x04, 0x26, 0xD2, 0x40, 0x00, 0xA6, 0x04, 0xA4, 0x47, 0x4A, 0x40, 0x7A, 0x04,
    0xAA, 0xA6, 0x01, 0x00, 0x60, 0x00, 0x00, 0x00, 0x00, 0x00, 0x00, 0x00, 0x00, 0x00, 0x00, 0x00,
    0x00, 0x00, 0x00, 0x00, 0x00, 0x00, 0x00, 0x00, 0x09, 0x00, 0x00, 0x00, 0x00, 0x00, 0x00, 0x00,
    0x52, 0x00, 0x00, 0x00, 0x05, 0x00, 0x00, 0x00, 0x22, 0x95, 0x00, 0x00, 0x52, 0x09, 0x00, 0x00,
    0x52, 0x22, 0x09, 0x00, 0x25, 0x92, 0x00, 0x00, 0x22, 0x25, 0x09, 0x00, 0x52, 0x92, 0x00, 0x00,
    0x92, 0x99, 0x09, 0x00, 0x99, 0x09, 0x00, 0x00, 0x59, 0x59, 0x09, 0x00, 0x95, 0x95, 0x00, 0x00,
    0x00, 0x00, 0x00, 0x00, 0x00, 0x00, 0x00, 0x00, 0x00, 0x00, 0x00, 0x00, 0x00, 0x00, 0x00, 0x00,
    0x00, 0x00, 0x00, 0x00, 0x00, 0x00, 0x00, 0x00, 0x09, 0x00, 0x00, 0x00, 0x00, 0x00, 0x00, 0x00,
    0xD2, 0x0D, 0x00, 0x00, 0xDD, 0x00, 0x00, 0x00, 0x73, 0xD3, 0x07, 0xA2, 0x37, 0x7D, 0x20, 0x0A,
    0x2D, 0x22, 0x22, 0x6D, 0x22, 0x22, 0xD2, 0x06, 0x9D, 0x29, 0x82, 0xAD, 0x99, 0x22, 0xD8, 0x0A,
    0xA2, 0x72, 0xDA, 0x00, 0x2A, 0xA7, 0x0D, 0x00, 0x72, 0x4A, 0xA4, 0x0D, 0xA7, 0x44, 0xDA, 0x00,
    0x1A, 0x41, 0xA4, 0x0D, 0x11, 0x44, 0xDA, 0x00, 0x14, 0x41, 0x44, 0xDA, 0x11, 0x44, 0xA4, 0x0D,
    0x44, 0x00, 0x00, 0xDD, 0x04, 0x00, 0x00, 0xDD, 0xDD, 0x00, 0x00, 0xDD, 0x0D, 0x00, 0x00, 0x4D,
    0x0D, 0x00, 0x00, 0xD0, 0x00, 0x00, 0x00, 0xD0, 0x00, 0x00, 0x00, 0xD0, 0x00, 0x00, 0x00, 0xD0,
};
static const u16 sFrame49[] = {
    0x000B, 0x40D4, 0x81E9, 0x0000, 0x00C4, 0x41F1, 0x0008, 0x00DC, 0x41D9, 0x000C, 0x00E4, 0x41F1,
    0x0010, 0x00F4, 0x41E9, 0x0014, 0x00F4, 0x4001, 0x0018, 0x40E4, 0x0001, 0x001C, 0x80C4, 0x0001,
    0x001E, 0x80D4, 0x0009, 0x0020, 0x00EC, 0x0001, 0x0022, 0x00F4, 0x01F9, 0x0023, 0x0000,
};
static const void* const sFrames49[] = { sFrame49 };
static const u8 sTiles50[1344] __attribute__((aligned(4))) = {
    0x00, 0x00, 0x00, 0x08, 0x00, 0x00, 0x00, 0x09, 0x00, 0x00, 0x00, 0xAA, 0x74, 0x06, 0x00, 0xD8,
    0xA6, 0xD6, 0x9C, 0xD9, 0xDD, 0x99, 0x23, 0x8A, 0x29, 0x28, 0x2D, 0x2D, 0x28, 0x22, 0xDD, 0x9A,
    0x02, 0x96, 0x22, 0x82, 0xA2, 0x92, 0x89, 0x99, 0x62, 0x82, 0x28, 0x85, 0xA9, 0x89, 0xD8, 0x89,
    0xAA, 0x19, 0x18, 0x3A, 0xD6, 0xD8, 0xD3, 0x16, 0x97, 0x1D, 0x16, 0x13, 0x01, 0x79, 0xD6, 0xA6,
    0x92, 0x95, 0x00, 0x00, 0x89, 0xA9, 0x0A, 0x00, 0x98, 0x6A, 0xA3, 0x00, 0xAA, 0x16, 0x31, 0x0A,
    0xA3, 0x13, 0x11, 0xDA, 0x61, 0x3A, 0x11, 0xC6, 0x61, 0x3A, 0x61, 0xDD, 0xA1, 0x66, 0xDD, 0x8D,
    0x00, 0x00, 0x00, 0x00, 0x00, 0x00, 0x00, 0x00, 0x00, 0x00, 0x00, 0x00, 0x00, 0x00, 0x00, 0x00,
    0x00, 0x00, 0x00, 0x00, 0x0D, 0x00, 0x00, 0x00, 0x09, 0x00, 0x00, 0x00, 0x92, 0x09, 0x00, 0x00,
    0x92, 0x22, 0x99, 0x0D, 0x98, 0x29, 0xDD, 0x0A, 0x99, 0xD9, 0x76, 0x03, 0xDD, 0xD0, 0x0A, 0x03,
    0xD6, 0x77, 0x0C, 0x06, 0xDA, 0x06, 0x0D, 0x0A, 0x00, 0x00, 0x0D, 0x0D, 0x00, 0x00, 0x0A, 0xDD,
    0xA7, 0x6D, 0xDA, 0x3A, 0x6D, 0xD6, 0xD6, 0x1D, 0xA7, 0xDA, 0xDA, 0x1A, 0x63, 0xDA, 0xD3, 0x66,
    0xD7, 0xDD, 0xD1, 0x66, 0x73, 0xDD, 0xD3, 0xA6, 0xD7, 0xDD, 0xD1, 0xDA, 0xD3, 0x7D, 0xDA, 0x7D,
    0x61, 0xDD, 0xD9, 0x28, 0x36, 0xDD, 0x02, 0x99, 0x3D, 0x68, 0x02, 0x08, 0x3D, 0xA9, 0x02, 0x02,
    0x6D, 0xDA, 0x09, 0x0D, 0xAD, 0xDD, 0x00, 0x03, 0x7D, 0x73, 0x00, 0x09, 0x73, 0xDD, 0x0D, 0x0D,
    0x22, 0x98, 0x00, 0x00, 0x22, 0xD2, 0x0D, 0x00, 0x29, 0xDD, 0xD7, 0x06, 0x9D, 0x73, 0xD3, 0x07,
    0x07, 0x96, 0x28, 0x92, 0x03, 0x27, 0x22, 0x22, 0x78, 0x82, 0x2A, 0x22, 0xA2, 0x92, 0x2D, 0x82,
    0x00, 0x00, 0x0D, 0xD7, 0x00, 0x00, 0x0D, 0xDD, 0x00, 0x00, 0x0D, 0xAD, 0x00, 0x0D, 0xAB, 0xAB,
    0x00, 0x0D, 0xAD, 0x6B, 0x00, 0x0D, 0xA6, 0x6B, 0x00, 0x06, 0xAA, 0x45, 0x00, 0x04, 0x4A, 0x42,
    0xBD, 0x7D, 0xDD, 0xD3, 0xBD, 0xDD, 0xD3, 0xDD, 0xBD, 0xBB, 0xDD, 0xBB, 0xDB, 0x4B, 0x4B, 0xDB,
    0x22, 0xDD, 0x7B, 0xB5, 0x5A, 0xAD, 0x75, 0x3B, 0xA2, 0x3D, 0x72, 0xAA, 0x23, 0x6D, 0x6D, 0xD4,
    0xDD, 0xDB, 0x0D, 0x4D, 0xDD, 0xBB, 0x04, 0xAD, 0xBD, 0xD5, 0xDA, 0x0D, 0x2D, 0xBB, 0xDD, 0xAD,
    0x5D, 0xDA, 0x1A, 0x14, 0xAD, 0xAD, 0x61, 0xAA, 0xAD, 0x16, 0xA6, 0x1A, 0x4A, 0x6A, 0x3A, 0x7A,
    0x62, 0x62, 0x2D, 0xD8, 0x49, 0x62, 0x2D, 0x0D, 0x16, 0x68, 0xD1, 0x10, 0x62, 0xAD, 0x04, 0xA4,
    0xAD, 0x4A, 0xA1, 0x1A, 0x74, 0x04, 0x07, 0x00, 0xAA, 0x0A, 0x00, 0x00, 0x06, 0x00, 0x00, 0x00,
    0x00, 0x04, 0x44, 0x4A, 0x0A, 0x01, 0x44, 0x13, 0x0A, 0x01, 0x14, 0x1A, 0x0A, 0x01, 0x14, 0x14,
    0x0A, 0x01, 0x41, 0x43, 0x0A, 0xA1, 0xA4, 0x4A, 0x0A, 0xA1, 0x14, 0x4A, 0x01, 0xA1, 0x14, 0xAA,
    0xA6, 0xB3, 0x1D, 0x33, 0x41, 0x3A, 0x6A, 0xAA, 0x16, 0xA6, 0x3A, 0xD7, 0x2A, 0x0A, 0x0A, 0x22,
    0x5A, 0xBA, 0x22, 0x2A, 0xA4, 0xBA, 0x57, 0xA2, 0x44, 0x1B, 0x22, 0xA7, 0x6A, 0x74, 0x0A, 0x7A,
    0x26, 0xAD, 0x17, 0xA7, 0x7A, 0xA2, 0x7A, 0xDA, 0x23, 0x27, 0xA7, 0xDA, 0x42, 0x7A, 0x4A, 0xA4,
    0x27, 0xAA, 0x44, 0xA4, 0xAA, 0x14, 0x4D, 0xA4, 0x44, 0x14, 0x4D, 0x44, 0xA1, 0x14, 0x4D, 0x44,
    0x00, 0x00, 0x00, 0x00, 0x00, 0x00, 0x00, 0x00, 0x00, 0x00, 0x00, 0x00, 0x0D, 0x00, 0x00, 0x00,
    0x0D, 0x00, 0x00, 0x00, 0x0D, 0x00, 0x00, 0x00, 0xDA, 0x00, 0x00, 0x00, 0xDA, 0x00, 0x00, 0x00,
    0x00, 0x00, 0x00, 0x00, 0x00, 0x00, 0x00, 0x00, 0x00, 0x00, 0x00, 0x00, 0x00, 0x00, 0x00, 0x00,
    0x00, 0x00, 0x00, 0xDD, 0x00, 0x00, 0x0D, 0xD8, 0x00, 0x00, 0x03, 0x0D, 0x00, 0x00, 0x07, 0x0A,
    0x01, 0xA1, 0x14, 0x4B, 0x04, 0xD4, 0xAA, 0x14, 0x01, 0xD1, 0xD4, 0xA4, 0xDD, 0x8A, 0x96, 0xD4,
    0x88, 0xDD, 0xDA, 0xAD, 0x3D, 0xDD, 0xDD, 0x7D, 0x7D, 0xAD, 0xAA, 0xA7, 0xDD, 0x7A, 0x73, 0xDD,
    0x44, 0xA4, 0x02, 0x04, 0xA6, 0x44, 0x00, 0x04, 0xBA, 0xDD, 0x00, 0x01, 0xDD, 0xDD, 0x00, 0x0D,
    0x3A, 0xD7, 0x00, 0x04, 0x73, 0x0D, 0x00, 0x04, 0xDD, 0x00, 0x00, 0x0D, 0x00, 0x00, 0x00, 0x0D,
    0xD1, 0x14, 0x1A, 0x41, 0xD1, 0xA4, 0x1A, 0x44, 0xD1, 0x11, 0x14, 0x44, 0xD4, 0x14, 0x44, 0xAD,
    0x01, 0xA4, 0xAA, 0x1A, 0x01, 0xA4, 0x9A, 0xAD, 0x0A, 0x31, 0xD4, 0x9D, 0x0D, 0x7A, 0x7A, 0xDD,
    0x00, 0x00, 0x0D, 0x03, 0x00, 0x00, 0x00, 0x07, 0x00, 0x00, 0x00, 0x0D, 0x00, 0x00, 0x00, 0x00,
    0x00, 0x00, 0x00, 0x00, 0x00, 0x00, 0x00, 0x00, 0x00, 0x00, 0x00, 0x00, 0x00, 0x00, 0x00, 0x00,
    0x0A, 0xD3, 0xDD, 0x00, 0x03, 0x0D, 0x00, 0x00, 0x0D, 0x00, 0x00, 0x00, 0x00, 0x00, 0x00, 0x00,
    0x00, 0x00, 0x00, 0x00, 0x00, 0x00, 0x00, 0x00, 0x00, 0x00, 0x00, 0x00, 0x00, 0x00, 0x00, 0x00,
    0x00, 0x00, 0x00, 0x0D, 0x00, 0x00, 0x00, 0x0D, 0x00, 0x00, 0x00, 0x00, 0x00, 0x00, 0x00, 0x00,
    0x00, 0x00, 0x00, 0x00, 0x00, 0x00, 0x00, 0x00, 0x00, 0x00, 0x00, 0x00, 0x00, 0x00, 0x00, 0x00,
    0x0D, 0xD9, 0xA9, 0xDD, 0x03, 0xDA, 0xA8, 0x7D, 0x07, 0xDD, 0x38, 0x3A, 0x03, 0x03, 0xD8, 0xD3,
    0x07, 0x03, 0x03, 0x07, 0x0D, 0x0D, 0x0D, 0x0D, 0x00, 0x00, 0x00, 0x00, 0x00, 0x00, 0x00, 0x00,
    0x00, 0x00, 0x00, 0x00, 0x00, 0x00, 0x00, 0x00, 0x00, 0x00, 0x00, 0x09, 0x00, 0x00, 0x00, 0x05,
    0x00, 0x00, 0x00, 0x05, 0x00, 0x00, 0x09, 0x05, 0x00, 0x00, 0x02, 0x05, 0x00, 0x00, 0x05, 0x55,
    0x00, 0x09, 0x00, 0x00, 0x00, 0x95, 0x00, 0x09, 0x00, 0x25, 0x09, 0x95, 0x09, 0x29, 0x92, 0x22,
    0x99, 0x25, 0x52, 0x25, 0x22, 0x22, 0x59, 0x59, 0x22, 0x25, 0x92, 0x22, 0x92, 0x92, 0x55, 0x22,
    0x00, 0x00, 0x09, 0x95, 0x00, 0x09, 0x05, 0x02, 0x00, 0x00, 0x02, 0x95, 0x00, 0x00, 0x09, 0x52,
    0x00, 0x00, 0x02, 0x05, 0x00, 0x09, 0x05, 0x09, 0x00, 0x00, 0x09, 0x09, 0x00, 0x00, 0x00, 0x07,
    0x22, 0x52, 0x22, 0x55, 0x25, 0x59, 0x29, 0x22, 0x92, 0x22, 0x92, 0x29, 0x52, 0x55, 0x55, 0x92,
    0x92, 0x22, 0x22, 0x52, 0x99, 0x92, 0x92, 0x32, 0x05, 0x29, 0x22, 0x19, 0x02, 0x27, 0x29, 0x22,
    0x00, 0x00, 0x00, 0x00, 0x00, 0x00, 0x00, 0x00, 0x00, 0x00, 0x00, 0x00, 0x00, 0x00, 0x00, 0x00,
    0x00, 0x00, 0x00, 0x0A, 0x00, 0x00, 0x70, 0xAB, 0x00, 0x34, 0xD6, 0x6B, 0x00, 0x6D, 0xAA, 0x67,
    0x00, 0x00, 0x00, 0x00, 0x00, 0x00, 0x00, 0xB0, 0x00, 0x6A, 0x60, 0xA6, 0x00, 0xDB, 0xA6, 0x6B,
    0xA6, 0x46, 0xAB, 0xA7, 0x7D, 0x3A, 0xA1, 0x6C, 0xD6, 0xD6, 0x13, 0x16, 0x1A, 0xA1, 0x6D, 0x6D,
    0x0D, 0x03, 0x36, 0x13, 0x06, 0x06, 0x0C, 0x64, 0x0A, 0x0A, 0x06, 0xAD, 0x03, 0x03, 0x0D, 0x0B,
    0x00, 0x00, 0x0D, 0x01, 0x00, 0x00, 0x0D, 0x07, 0x00, 0x00, 0x03, 0x0D, 0x00, 0x00, 0x00, 0x00,
    0x6D, 0x7A, 0xDD, 0x14, 0x16, 0x1D, 0xD6, 0xD3, 0x64, 0xA4, 0xDB, 0x1B, 0xDD, 0x63, 0x7B, 0x6B,
    0x7C, 0x0B, 0xC1, 0x7A, 0x07, 0x0B, 0x66, 0xAD, 0x04, 0x0A, 0x0A, 0xD6, 0x0D, 0x0D, 0x00, 0x60,
    0x00, 0x00, 0x00, 0x00, 0x00, 0x00, 0x00, 0x00, 0x00, 0x00, 0x00, 0x00, 0x09, 0x09, 0x00, 0x00,
    0x92, 0x92, 0x00, 0x00, 0x55, 0x52, 0x00, 0x00, 0x22, 0x95, 0x09, 0x00, 0x29, 0x22, 0x95, 0x00,
    0x29, 0x29, 0x22, 0x09, 0x95, 0x52, 0x22, 0x09, 0x22, 0x59, 0x95, 0x09, 0x92, 0x29, 0x25, 0x09,
    0x55, 0x59, 0x59, 0x95, 0x95, 0x99, 0x99, 0x00, 0x99, 0x55, 0x92, 0x00, 0x29, 0x59, 0x59, 0x09,
    0x00, 0x00, 0x00, 0x00, 0x00, 0x00, 0x00, 0x00, 0x00, 0x00, 0x00, 0x00, 0x00, 0x00, 0x00, 0x63,
    0x00, 0x00, 0xA0, 0xD6, 0x00, 0x03, 0x44, 0x76, 0x00, 0x06, 0xA6, 0x06, 0x00, 0x07, 0x1D, 0x59,
    0x04, 0x4D, 0x49, 0x62, 0x3D, 0xDD, 0x59, 0x62, 0xA6, 0xCC, 0x92, 0xC2, 0xDA, 0xA6, 0xA6, 0xA2,
    0xC6, 0x02, 0x05, 0x49, 0xDD, 0x03, 0x07, 0x00, 0xD3, 0x0D, 0x0D, 0x07, 0xD6, 0x00, 0x06, 0x06,
    0x00, 0x00, 0x00, 0x00, 0x00, 0x00, 0x00, 0x00, 0x00, 0x00, 0x00, 0x00, 0xA2, 0x00, 0x00, 0x00,
    0x0A, 0x00, 0x00, 0x00, 0x6D, 0x00, 0x00, 0x00, 0xAD, 0x00, 0x00, 0x00, 0xAD, 0x00, 0x00, 0x00,
    0x61, 0x00, 0x00, 0x00, 0x04, 0x00, 0x00, 0x00, 0x71, 0x00, 0x00, 0x00, 0x47, 0x00, 0x00, 0x00,
    0x00, 0x00, 0x00, 0x00, 0x00, 0x00, 0x00, 0x00, 0x00, 0x00, 0x00, 0x00, 0x00, 0x00, 0x00, 0x00,
    0xD4, 0x00, 0x00, 0x00, 0xA4, 0x0D, 0x00, 0x00, 0xAA, 0x0A, 0x00, 0x00, 0xAA, 0x0D, 0x00, 0x00,
    0xD4, 0x0D, 0x00, 0x00, 0xAA, 0x0D, 0x00, 0x00, 0xD9, 0x0D, 0x00, 0x00, 0xD8, 0xDD, 0x00, 0x00,
    0xD8, 0xDA, 0x00, 0x00, 0x78, 0xD3, 0x00, 0x00, 0x33, 0xD7, 0x00, 0x00, 0xDD, 0x0D, 0x00, 0x00,
    0x00, 0x00, 0x00, 0x00, 0x00, 0x00, 0x00, 0x00, 0x00, 0x00, 0x00, 0x00, 0x00, 0x00, 0x00, 0x00,
    0xDB, 0x00, 0x00, 0x00, 0xDB, 0x00, 0x00, 0x00, 0xD1, 0x00, 0x00, 0x00, 0xD6, 0x00, 0x00, 0x00,
    0x0A, 0x00, 0x00, 0x00, 0x00, 0x00, 0x00, 0x00, 0x00, 0x00, 0x00, 0x00, 0x00, 0x00, 0x00, 0x00,
    0x00, 0x06, 0x00, 0x00, 0x00, 0x00, 0x00, 0x00, 0x00, 0x00, 0x00, 0x00, 0x00, 0x00, 0x00, 0x00,
    0x00, 0x00, 0x00, 0x00, 0x00, 0x00, 0x00, 0x00, 0x00, 0x00, 0x00, 0x00, 0x00, 0x00, 0x00, 0x00,
};
static const u16 sFrame50[] = {
    0x000A, 0x00D4, 0x81EC, 0x0000, 0x40F4, 0x81E4, 0x0010, 0x00C4, 0x41EC, 0x0018, 0x00DC, 0x41D4,
    0x001C, 0x80C4, 0x01FC, 0x0020, 0x80D4, 0x01E4, 0x0022, 0x80DC, 0x000C, 0x0024, 0x80F4, 0x0004,
    0x0026, 0x00E4, 0x01E4, 0x0028, 0x00EC, 0x01DC, 0x0029, 0x0000,
};
static const void* const sFrames50[] = { sFrame50 };
static const u8 sTiles51[1120] __attribute__((aligned(4))) = {
    0x00, 0x00, 0x00, 0x00, 0x00, 0x00, 0x00, 0x00, 0x00, 0x00, 0x00, 0x00, 0x00, 0x30, 0x46, 0x67,
    0x00, 0x6A, 0x6D, 0x6A, 0x00, 0x74, 0xD7, 0x9D, 0x40, 0xDA, 0x90, 0x22, 0xD0, 0xD1, 0x95, 0x22,
    0x00, 0x00, 0x00, 0xA0, 0x00, 0x00, 0x00, 0x8A, 0x00, 0x00, 0xCA, 0x96, 0x00, 0x90, 0x3D, 0xAA,
    0x9D, 0x89, 0xDD, 0xDA, 0x89, 0x22, 0xD8, 0xAD, 0x22, 0x22, 0x92, 0xD9, 0x82, 0x9D, 0x09, 0xA0,
    0x29, 0x22, 0x88, 0x59, 0x99, 0x98, 0x89, 0x98, 0xA8, 0x92, 0x88, 0xA9, 0x68, 0x8D, 0x38, 0x6A,
    0x71, 0xD1, 0x63, 0x3A, 0x1D, 0x9D, 0x61, 0x66, 0x71, 0xD1, 0xA1, 0xA6, 0xD7, 0x6D, 0x6A, 0xDA,
    0x09, 0x00, 0x00, 0x00, 0xAA, 0x00, 0x00, 0x00, 0x36, 0x0A, 0x00, 0x00, 0x11, 0xA3, 0x00, 0x00,
    0x11, 0xA1, 0x0D, 0x00, 0x13, 0x61, 0xDC, 0x00, 0x13, 0xD6, 0x9D, 0x00, 0x66, 0xDD, 0x28, 0x99,
    0x64, 0xC4, 0x26, 0x29, 0xAD, 0x65, 0x66, 0x29, 0x6C, 0x29, 0x5C, 0x99, 0xDA, 0x3A, 0x7A, 0x0D,
    0x30, 0xD0, 0xD4, 0x7D, 0x00, 0x00, 0x60, 0x6D, 0x00, 0x00, 0x00, 0x00, 0x00, 0x00, 0x00, 0x00,
    0x92, 0x09, 0x00, 0x3A, 0xD2, 0x0D, 0x00, 0x36, 0x6D, 0x07, 0xC0, 0x6A, 0xAD, 0x00, 0xD0, 0xA6,
    0x07, 0x00, 0xD0, 0xDD, 0x00, 0x00, 0xA0, 0xD7, 0x00, 0x00, 0xD0, 0x7D, 0x00, 0x00, 0xDD, 0xDD,
    0x76, 0xAD, 0xA3, 0xA6, 0x3D, 0xAD, 0x31, 0x63, 0x7D, 0xDD, 0x11, 0x63, 0x3D, 0xDD, 0x36, 0x63,
    0x7D, 0xDD, 0x16, 0xA6, 0x3D, 0xDD, 0xAA, 0xDA, 0xDD, 0xDD, 0xDD, 0x37, 0xD7, 0xDD, 0x37, 0xD7,
    0xDD, 0x8D, 0x22, 0x82, 0xDD, 0x90, 0x29, 0x22, 0xD6, 0x00, 0x90, 0xD2, 0xDA, 0x00, 0x00, 0x39,
    0x0D, 0x00, 0x00, 0x90, 0x0D, 0x00, 0x00, 0xD0, 0x07, 0x00, 0x00, 0xD7, 0xDD, 0x00, 0x40, 0xDA,
    0x00, 0x00, 0x00, 0x90, 0x00, 0x00, 0x00, 0x50, 0x00, 0x00, 0x00, 0x50, 0x00, 0x00, 0x90, 0x50,
    0x00, 0x00, 0x20, 0x59, 0x00, 0x00, 0x50, 0x52, 0x00, 0x00, 0x90, 0x52, 0x00, 0x90, 0x55, 0x29,
    0x00, 0x00, 0x00, 0x00, 0x09, 0x90, 0x00, 0x00, 0x92, 0x50, 0x09, 0x00, 0x22, 0x29, 0x92, 0x90,
    0x22, 0x55, 0x22, 0x29, 0x22, 0x25, 0x55, 0x25, 0x22, 0x29, 0x22, 0x52, 0x59, 0x95, 0x92, 0x22,
    0x00, 0x00, 0x29, 0x52, 0x00, 0x00, 0x90, 0x22, 0x00, 0x00, 0x29, 0x59, 0x00, 0x90, 0x55, 0x95,
    0x00, 0x00, 0x90, 0x99, 0x00, 0x00, 0x00, 0x79, 0x00, 0x00, 0x00, 0x80, 0x00, 0x00, 0x00, 0x90,
    0x25, 0x22, 0x25, 0x92, 0x25, 0x52, 0x52, 0x29, 0x22, 0x29, 0x22, 0x22, 0x95, 0x25, 0x29, 0x29,
    0x52, 0x92, 0x25, 0x95, 0x29, 0x79, 0x93, 0x29, 0x22, 0x62, 0x21, 0x29, 0x22, 0x22, 0x92, 0x92,
    0x00, 0x00, 0x00, 0x00, 0x00, 0x00, 0x00, 0x00, 0x00, 0x00, 0x00, 0xA0, 0x00, 0x00, 0x00, 0xB0,
    0x00, 0x40, 0x60, 0xBA, 0x00, 0xD7, 0xAA, 0x77, 0xD3, 0x3D, 0x66, 0x3D, 0x66, 0x6A, 0xC6, 0x41,
    0x00, 0x00, 0x00, 0x00, 0x00, 0x00, 0x6B, 0xB3, 0x06, 0x66, 0xBA, 0x7A, 0xDD, 0xAA, 0x16, 0xCD,
    0x64, 0x6A, 0x3A, 0x6C, 0xA3, 0x1A, 0xD6, 0x0D, 0xDD, 0xA1, 0xD1, 0x0D, 0x6A, 0xD6, 0x66, 0x0D,
    0xA0, 0xA3, 0x61, 0xD6, 0x30, 0x30, 0xD6, 0xB1, 0x00, 0x00, 0xDA, 0x16, 0x00, 0x00, 0xD0, 0x7D,
    0x00, 0x00, 0x30, 0xD7, 0x00, 0x00, 0x00, 0x00, 0x00, 0x00, 0x00, 0x00, 0x00, 0x00, 0x00, 0x00,
    0x47, 0x4D, 0xB1, 0x0D, 0xD1, 0x3D, 0xBD, 0x0D, 0xCA, 0xBD, 0x11, 0x0D, 0x76, 0xB7, 0x66, 0x0D,
    0x40, 0xAC, 0xA7, 0x00, 0xD0, 0xD6, 0x0A, 0x00, 0x00, 0x60, 0x0D, 0x00, 0x00, 0x00, 0x06, 0x00,
    0x00, 0x00, 0xDD, 0xDB, 0x00, 0xD0, 0xBD, 0xBB, 0x00, 0xD0, 0xDA, 0xBB, 0x00, 0xDA, 0x6A, 0xBD,
    0x00, 0x6A, 0xA6, 0x52, 0x00, 0x4A, 0xA6, 0x25, 0x00, 0x4A, 0x44, 0xAA, 0xA0, 0x14, 0x44, 0x32,
    0xD7, 0xBD, 0xDD, 0xBD, 0xBD, 0xBD, 0xBD, 0xBD, 0x2B, 0xDD, 0xBB, 0x5B, 0x14, 0xD4, 0x5D, 0xB2,
    0x2D, 0xD7, 0x2B, 0xA5, 0x3A, 0xD7, 0xD3, 0x4A, 0x63, 0x37, 0xDA, 0x3A, 0x16, 0xA6, 0xAD, 0x14,
    0xA0, 0x14, 0x44, 0xAA, 0xA0, 0x14, 0x41, 0x44, 0xA0, 0x11, 0x11, 0x31, 0xA0, 0x11, 0x41, 0xA2,
    0xA0, 0x14, 0x44, 0xA5, 0x1A, 0x1A, 0x44, 0xAA, 0x1A, 0x11, 0x44, 0xB4, 0x4A, 0x41, 0xAA, 0x46,
    0x6B, 0x61, 0x13, 0x72, 0xA3, 0xA6, 0xAA, 0x27, 0xAA, 0xA3, 0x2D, 0xA2, 0x00, 0x00, 0x72, 0x24,
    0x0B, 0x22, 0x22, 0x72, 0x2B, 0xA5, 0xAA, 0xAA, 0x71, 0x22, 0x2A, 0x44, 0xA7, 0x20, 0x27, 0x4A,
    0x00, 0x00, 0x00, 0x00, 0x00, 0x00, 0x00, 0x00, 0x00, 0x00, 0x00, 0xD0, 0x00, 0x00, 0xD0, 0x8D,
    0x00, 0x00, 0x3D, 0xD8, 0x00, 0x00, 0x7D, 0xA3, 0x00, 0x00, 0xD0, 0x37, 0x00, 0x00, 0x00, 0x7D,
    0x1A, 0x11, 0x44, 0x44, 0xDD, 0xAA, 0x61, 0x4A, 0x8D, 0xDD, 0xAA, 0xDB, 0xD8, 0xD9, 0xDD, 0xDD,
    0xDD, 0xDD, 0xAA, 0x73, 0xDD, 0xAD, 0x37, 0xD7, 0xAA, 0x3A, 0xDA, 0x0D, 0x37, 0xD7, 0x0D, 0x00,
    0x00, 0x00, 0x00, 0xD0, 0x00, 0x00, 0x00, 0x00, 0x00, 0x00, 0x00, 0x00, 0x00, 0x00, 0x00, 0x00,
    0x00, 0x00, 0x00, 0x00, 0x00, 0x00, 0x00, 0x00, 0x00, 0x00, 0x00, 0x00, 0x00, 0x00, 0x00, 0x00,
    0xDD, 0x0D, 0x00, 0x00, 0x00, 0x00, 0x00, 0x00, 0x00, 0x00, 0x00, 0x00, 0x00, 0x00, 0x00, 0x00,
    0x00, 0x00, 0x00, 0x00, 0x00, 0x00, 0x00, 0x00, 0x00, 0x00, 0x00, 0x00, 0x00, 0x00, 0x00, 0x00,
    0x11, 0x11, 0x44, 0x0D, 0x4A, 0x41, 0x44, 0xDA, 0x11, 0x41, 0xA4, 0xAA, 0x11, 0x44, 0xAA, 0xDA,
    0xAA, 0x1A, 0x41, 0xDD, 0xDA, 0xA9, 0xAA, 0xDA, 0xD3, 0x9D, 0x99, 0xDD, 0x37, 0xA7, 0x8D, 0xDD,
    0x00, 0x00, 0x00, 0x00, 0x00, 0x00, 0x00, 0x00, 0x00, 0x00, 0x00, 0x00, 0x00, 0x00, 0x00, 0x00,
    0x00, 0x00, 0x00, 0x00, 0x00, 0x00, 0x00, 0x00, 0x00, 0x00, 0x00, 0x00, 0x0D, 0x00, 0x00, 0x00,
    0x7D, 0xDA, 0x8D, 0xAD, 0x3D, 0x3A, 0x87, 0x37, 0x7D, 0x33, 0x33, 0x73, 0xD0, 0xDD, 0xDD, 0xDD,
    0x00, 0x00, 0x00, 0x00, 0x00, 0x00, 0x00, 0x00, 0x00, 0x00, 0x00, 0x00, 0x00, 0x00, 0x00, 0x00,
    0x0D, 0x00, 0x00, 0x00, 0x0D, 0x00, 0x00, 0x00, 0x0D, 0x00, 0x00, 0x00, 0x00, 0x00, 0x00, 0x00,
    0x00, 0x00, 0x00, 0x00, 0x00, 0x00, 0x00, 0x00, 0x00, 0x00, 0x00, 0x00, 0x00, 0x00, 0x00, 0x00,
    0xDD, 0x00, 0xA4, 0xD6, 0xDB, 0x00, 0x1A, 0x14, 0xDD, 0x0D, 0xA0, 0x41, 0xDB, 0xDD, 0x1A, 0x16,
    0xDD, 0x61, 0x61, 0xAA, 0x1A, 0xA6, 0x1A, 0xA7, 0x61, 0xDA, 0x71, 0x0A, 0xA6, 0x13, 0xA7, 0x00,
    0x66, 0x82, 0x1D, 0x06, 0x26, 0xD2, 0x40, 0x00, 0xD6, 0x0D, 0x11, 0x07, 0x4A, 0x40, 0x7A, 0x04,
    0xA4, 0xAA, 0x01, 0x00, 0x60, 0x00, 0x00, 0x00, 0x00, 0x00, 0x00, 0x00, 0x00, 0x00, 0x00, 0x00,
    0x00, 0x00, 0x00, 0x00, 0x00, 0x00, 0x00, 0x00, 0x00, 0x00, 0x00, 0x00, 0x00, 0x00, 0x00, 0x00,
    0x09, 0x00, 0x00, 0x00, 0x05, 0x00, 0x00, 0x00, 0x99, 0x00, 0x00, 0x00, 0x52, 0x09, 0x00, 0x00,
    0x22, 0x92, 0x00, 0x00, 0x25, 0x92, 0x00, 0x00, 0x55, 0x99, 0x00, 0x00, 0x52, 0x92, 0x00, 0x00,
    0x95, 0x55, 0x09, 0x00, 0x99, 0x09, 0x00, 0x00, 0x25, 0x09, 0x00, 0x00, 0x95, 0x95, 0x00, 0x00,
    0x09, 0x00, 0x00, 0x00, 0xDD, 0x00, 0x00, 0x00, 0x7D, 0x6D, 0x00, 0x00, 0x37, 0x7D, 0x20, 0x0A,
    0x89, 0x22, 0xA9, 0x00, 0x22, 0x22, 0xD2, 0x06, 0x28, 0x22, 0xD2, 0x0A, 0x99, 0x22, 0xD8, 0x0A,
    0x3A, 0x71, 0x0A, 0x00, 0x2A, 0xA7, 0x0D, 0x00, 0x72, 0xAA, 0x0D, 0x00, 0xA7, 0x44, 0xDA, 0x00,
    0x4A, 0x44, 0xDA, 0x00, 0x11, 0x44, 0xDA, 0x00, 0x11, 0x44, 0xA4, 0x0D, 0x11, 0x44, 0xA4, 0x0D,
    0x0A, 0x00, 0x00, 0x1D, 0x04, 0x00, 0x00, 0xDD, 0x0D, 0x00, 0x00, 0x4D, 0x0D, 0x00, 0x00, 0x4D,
    0x0D, 0x00, 0x00, 0xD0, 0x00, 0x00, 0x00, 0xD0, 0x00, 0x00, 0x00, 0xD0, 0x00, 0x00, 0x00, 0xD0,
};
static const u16 sFrame51[] = {
    0x000B, 0x40D4, 0x81EA, 0x0000, 0x00C4, 0x41F2, 0x0008, 0x00DC, 0x41DA, 0x000C, 0x00E4, 0x41F2,
    0x0010, 0x00F4, 0x41EA, 0x0014, 0x00F4, 0x4002, 0x0018, 0x40E4, 0x0002, 0x001C, 0x80C4, 0x0002,
    0x001E, 0x00DC, 0x000A, 0x0020, 0x00EC, 0x0002, 0x0021, 0x00F4, 0x01FA, 0x0022, 0x0000,
};
static const void* const sFrames51[] = { sFrame51 };
static const u8 sTiles52[864] __attribute__((aligned(4))) = {
    0x00, 0x00, 0x00, 0x00, 0x00, 0x00, 0x00, 0x00, 0x00, 0x00, 0x00, 0x00, 0x00, 0x00, 0x00, 0x00,
    0x00, 0x00, 0x00, 0x11, 0x00, 0x00, 0x00, 0x55, 0x00, 0x00, 0x00, 0x21, 0x00, 0x30, 0x3A, 0x31,
    0x00, 0x00, 0x00, 0x00, 0x00, 0x00, 0x00, 0x00, 0x00, 0x00, 0x00, 0xDD, 0x00, 0x00, 0xD0, 0xDD,
    0x00, 0x00, 0xAD, 0xDD, 0x04, 0xD0, 0x44, 0xDA, 0xD1, 0x4D, 0x44, 0xA4, 0x46, 0x14, 0x14, 0x44,
    0x30, 0x93, 0x28, 0x22, 0x90, 0x99, 0x89, 0x55, 0x6D, 0x16, 0x93, 0x22, 0xDD, 0xDD, 0x9D, 0x29,
    0xDD, 0x9D, 0x3D, 0x29, 0xDD, 0x3D, 0x91, 0x25, 0xDD, 0xDD, 0x33, 0x99, 0xDA, 0x29, 0xD5, 0x91,
    0x22, 0x22, 0x52, 0x59, 0x25, 0x22, 0x99, 0x52, 0x52, 0x22, 0x22, 0x92, 0x52, 0x52, 0x99, 0x22,
    0x22, 0x52, 0x59, 0x99, 0x22, 0x92, 0x95, 0x59, 0x22, 0x92, 0x22, 0x92, 0x59, 0x29, 0x52, 0x29,
    0x00, 0x00, 0x63, 0x66, 0x21, 0x32, 0x33, 0x33, 0x20, 0x30, 0xAA, 0x31, 0x00, 0x00, 0x30, 0x66,
    0x00, 0xA0, 0x6D, 0x7D, 0x6A, 0x25, 0x02, 0x6D, 0x44, 0xA2, 0x25, 0x26, 0xA0, 0x72, 0x2A, 0x62,
    0x66, 0x11, 0x11, 0x44, 0x16, 0x11, 0x15, 0xA4, 0x7C, 0x23, 0x22, 0xA5, 0x03, 0x3A, 0x44, 0xDA,
    0x11, 0xAA, 0xDA, 0x0D, 0x1A, 0xDD, 0x0D, 0x00, 0x74, 0x4A, 0x44, 0x33, 0x7A, 0x44, 0x76, 0x4A,
    0xDA, 0x29, 0xD2, 0x13, 0xAA, 0x29, 0x52, 0x33, 0xDA, 0x29, 0x22, 0x49, 0x0D, 0x40, 0x7D, 0x73,
    0x00, 0x00, 0x3D, 0x77, 0x10, 0x77, 0x67, 0x76, 0x13, 0x00, 0x29, 0x22, 0x30, 0x04, 0x29, 0x22,
    0x59, 0x95, 0x52, 0x99, 0x99, 0x94, 0x52, 0x19, 0x59, 0xA6, 0x59, 0x14, 0x08, 0xA0, 0x44, 0x11,
    0x1D, 0x14, 0xDA, 0x11, 0x7A, 0x03, 0xA0, 0x44, 0x92, 0x51, 0xD4, 0xDD, 0x82, 0x19, 0x01, 0xDD,
    0x00, 0x00, 0x00, 0xD1, 0x00, 0x00, 0x00, 0x17, 0x00, 0x00, 0x00, 0x70, 0x00, 0x00, 0x00, 0x70,
    0x00, 0x00, 0x00, 0x0D, 0x00, 0x00, 0x00, 0xDD, 0x00, 0x00, 0xD0, 0x0D, 0x00, 0x00, 0xD0, 0x0D,
    0x0D, 0x00, 0x00, 0x00, 0xDD, 0x0D, 0x00, 0x00, 0x17, 0x0D, 0x00, 0x00, 0x31, 0xD7, 0x00, 0x00,
    0xDD, 0x73, 0xDD, 0x0D, 0x00, 0x3D, 0x37, 0x0D, 0xDD, 0xD0, 0x71, 0x0D, 0x4D, 0xD7, 0x3D, 0xD7,
    0x00, 0x00, 0xD0, 0xD4, 0x00, 0x00, 0x00, 0x40, 0x00, 0x00, 0xD0, 0xD4, 0x00, 0x00, 0x40, 0x1D,
    0x00, 0x00, 0x00, 0xDD, 0x00, 0x00, 0xD0, 0x4D, 0x00, 0x00, 0xD0, 0x00, 0x00, 0x00, 0x00, 0x00,
    0xD0, 0x71, 0xD0, 0x73, 0x7D, 0x4D, 0x0D, 0x4D, 0xDD, 0xD0, 0x0D, 0x1D, 0x4D, 0x0D, 0xD0, 0xDD,
    0x04, 0xD4, 0xDD, 0x0D, 0x0D, 0xDD, 0x0D, 0xD4, 0xD4, 0x0D, 0x00, 0x00, 0xD0, 0x00, 0x00, 0x00,
    0xDD, 0x00, 0x00, 0x00, 0xD1, 0x00, 0x00, 0x00, 0xD3, 0x00, 0x00, 0x00, 0x7D, 0xDD, 0x00, 0x00,
    0xD0, 0xD4, 0x0D, 0x00, 0x00, 0x4D, 0xDD, 0xD0, 0x00, 0xD0, 0x74, 0x0D, 0x00, 0xD0, 0x27, 0xD2,
    0x00, 0x00, 0x00, 0x00, 0x00, 0x00, 0x00, 0x00, 0x00, 0x00, 0x00, 0x00, 0x00, 0x00, 0x00, 0x00,
    0x00, 0x01, 0x00, 0x00, 0x14, 0x1D, 0x00, 0x00, 0xDD, 0xD3, 0x03, 0x00, 0x0D, 0xD7, 0x04, 0x00,
    0x00, 0x00, 0x2D, 0x99, 0x00, 0xD0, 0xD0, 0x22, 0x00, 0x40, 0xD7, 0x22, 0x50, 0x39, 0x0D, 0x22,
    0x98, 0xD1, 0x73, 0x92, 0x90, 0x15, 0xDD, 0xC9, 0x59, 0x22, 0x43, 0xC5, 0x22, 0x92, 0x0C, 0x74,
    0x99, 0x58, 0x47, 0x00, 0x22, 0x52, 0x79, 0x00, 0x22, 0x2C, 0xA9, 0x00, 0x22, 0xC9, 0xD8, 0x00,
    0x22, 0x9C, 0xD5, 0x00, 0x29, 0x38, 0x0D, 0x00, 0x9C, 0xD2, 0xD7, 0x00, 0xDA, 0x0D, 0x01, 0x00,
    0x90, 0x46, 0xA6, 0x22, 0x00, 0x29, 0x62, 0xAC, 0x00, 0x90, 0x64, 0xA1, 0x00, 0x00, 0x90, 0xA9,
    0x00, 0x00, 0x00, 0x00, 0x00, 0x00, 0x00, 0x00, 0x00, 0x00, 0x00, 0x00, 0x00, 0x00, 0x00, 0x00,
    0x22, 0x09, 0x00, 0x40, 0xAA, 0xAA, 0x7A, 0x46, 0x9A, 0x00, 0x00, 0x70, 0x09, 0x00, 0x00, 0x00,
    0x00, 0x00, 0x00, 0x00, 0x00, 0x00, 0x00, 0x00, 0x00, 0x00, 0x00, 0x00, 0x00, 0x00, 0x00, 0x00,
    0x56, 0x04, 0x29, 0x22, 0xA3, 0x16, 0x29, 0x22, 0xAA, 0x44, 0x29, 0x28, 0x00, 0xA1, 0x93, 0x99,
    0x00, 0x40, 0x7A, 0x01, 0x00, 0x00, 0x30, 0x4A, 0x00, 0x00, 0x00, 0x40, 0x00, 0x00, 0x00, 0x00,
    0x22, 0x29, 0xA1, 0xDA, 0x98, 0x65, 0xA7, 0x33, 0x92, 0x54, 0xD1, 0xDD, 0x39, 0x79, 0xD0, 0xDD,
    0x44, 0x04, 0x00, 0xD0, 0x00, 0x00, 0x00, 0x00, 0x03, 0x00, 0x00, 0x00, 0x00, 0x00, 0x00, 0x00,
    0x5D, 0x08, 0x00, 0x00, 0xD3, 0x00, 0x00, 0x00, 0x31, 0x0D, 0x00, 0x00, 0x31, 0x0D, 0x00, 0x00,
    0xD6, 0x00, 0x00, 0x00, 0x09, 0x00, 0x00, 0x00, 0x59, 0x05, 0x00, 0x00, 0x95, 0x00, 0x00, 0x00,
    0x95, 0x99, 0x59, 0x05, 0x55, 0x22, 0x52, 0x00, 0x29, 0x92, 0x09, 0x00, 0x22, 0x92, 0x00, 0x00,
    0x29, 0x22, 0x09, 0x00, 0x55, 0x95, 0x59, 0x00, 0x99, 0x0D, 0x00, 0x00, 0x49, 0xD4, 0x00, 0x00,
    0x44, 0x44, 0x0D, 0x00, 0x41, 0x44, 0xDA, 0x00, 0x41, 0xA4, 0xAA, 0x0D, 0x44, 0x11, 0x41, 0x0D,
    0x11, 0x41, 0xA4, 0xDD, 0xAA, 0x4A, 0xA4, 0xDD, 0x8D, 0xDD, 0xAD, 0xDA, 0xDD, 0x88, 0xD8, 0xDA,
    0x8D, 0xDD, 0x88, 0x0D, 0x8D, 0xDD, 0xDD, 0x0D, 0x33, 0xAA, 0xDD, 0x0D, 0xDD, 0x33, 0xAA, 0x00,
    0xDD, 0xDD, 0xD3, 0x00, 0xD0, 0xDD, 0x0D, 0x00, 0x00, 0x00, 0x00, 0x00, 0x00, 0x00, 0x00, 0x00,
    0x00, 0x00, 0x00, 0x00, 0x00, 0x00, 0x00, 0x00, 0x00, 0x00, 0x00, 0x00, 0x00, 0x00, 0x00, 0x00,
    0x00, 0x00, 0x00, 0x95, 0x00, 0x00, 0x00, 0x29, 0x00, 0x00, 0x90, 0x55, 0x00, 0x00, 0x99, 0x28,
    0x00, 0x00, 0xDD, 0xDD, 0x00, 0x00, 0x3D, 0x31, 0x00, 0x00, 0x69, 0x11, 0x50, 0x99, 0x99, 0x19,
    0x59, 0x92, 0x22, 0x99, 0x99, 0x55, 0x22, 0x95, 0x59, 0x52, 0x25, 0x92, 0x22, 0x22, 0x92, 0x99,
    0x00, 0x00, 0x00, 0x00, 0x00, 0x00, 0x00, 0x00, 0x00, 0x00, 0x00, 0x00, 0x00, 0x00, 0x00, 0x00,
    0x00, 0x00, 0x00, 0x00, 0x00, 0x00, 0x00, 0x00, 0x00, 0x00, 0x00, 0x00, 0x00, 0x00, 0x00, 0x90,
};
static const u16 sFrame52[] = {
    0x0007, 0x40EA, 0x81E0, 0x0000, 0x00CA, 0x41F0, 0x0008, 0x00D2, 0x4000, 0x000C, 0x40FA, 0x41E0,
    0x0010, 0x80E2, 0x4000, 0x0014, 0x40E2, 0x01F0, 0x0018, 0x00DA, 0x01F8, 0x001A, 0x0000,
};
static const void* const sFrames52[] = { sFrame52 };
static const u8 sTiles53[1056] __attribute__((aligned(4))) = {
    0x00, 0x00, 0x00, 0x00, 0x00, 0x00, 0x00, 0x00, 0x00, 0x00, 0x00, 0x00, 0x00, 0x00, 0x00, 0x50,
    0x00, 0x00, 0x00, 0x20, 0x00, 0x00, 0x00, 0x00, 0x00, 0x00, 0x00, 0x00, 0x00, 0x00, 0x60, 0x2A,
    0x00, 0x00, 0x20, 0x12, 0x00, 0x30, 0x20, 0x22, 0x01, 0xB0, 0x13, 0x0A, 0x12, 0x40, 0x33, 0x36,
    0x30, 0x37, 0x36, 0x76, 0x10, 0xA0, 0x63, 0x17, 0x00, 0x61, 0x66, 0xA3, 0x25, 0xA1, 0x37, 0x10,
    0x00, 0x00, 0x00, 0x00, 0x03, 0x00, 0x00, 0x00, 0x21, 0x00, 0x00, 0x00, 0x34, 0x00, 0x00, 0x00,
    0x03, 0x00, 0x00, 0x00, 0x00, 0x00, 0x00, 0x90, 0x11, 0x05, 0x00, 0x90, 0x10, 0x15, 0x00, 0x99,
    0x00, 0x00, 0x00, 0x00, 0x00, 0x00, 0x00, 0x00, 0x00, 0x09, 0x00, 0x00, 0x00, 0x95, 0x00, 0x90,
    0x90, 0x25, 0x09, 0x99, 0x99, 0x25, 0x59, 0x95, 0x92, 0x25, 0x92, 0x95, 0x29, 0x22, 0x29, 0x22,
    0x00, 0x00, 0x00, 0x20, 0x00, 0x00, 0x00, 0x20, 0x00, 0x00, 0x00, 0xA0, 0x00, 0x00, 0x00, 0x20,
    0x00, 0x00, 0x00, 0x30, 0x00, 0x00, 0x00, 0x70, 0x00, 0x00, 0x74, 0xDA, 0x00, 0x43, 0xD7, 0x99,
    0x27, 0x01, 0x66, 0x10, 0x5C, 0x62, 0x62, 0x12, 0xA4, 0x42, 0x72, 0x64, 0x64, 0x25, 0x25, 0x4A,
    0xA6, 0xA7, 0x5A, 0x15, 0x31, 0x30, 0x74, 0x6B, 0x7D, 0x0D, 0x00, 0x73, 0x92, 0x77, 0x07, 0x00,
    0x00, 0x95, 0x59, 0x55, 0x00, 0x90, 0x22, 0x92, 0x12, 0x00, 0x29, 0x22, 0x67, 0x96, 0x29, 0x92,
    0x33, 0x25, 0x22, 0x55, 0x54, 0x95, 0x99, 0x59, 0xB6, 0x44, 0x63, 0x59, 0x11, 0x77, 0x57, 0x95,
    0x95, 0x59, 0x29, 0x22, 0x99, 0x95, 0x25, 0x22, 0x22, 0x99, 0x25, 0x25, 0x29, 0x22, 0x22, 0x25,
    0x25, 0x99, 0x22, 0x52, 0x95, 0x25, 0x22, 0x22, 0x99, 0x29, 0x22, 0x22, 0x29, 0x52, 0x25, 0x95,
    0x10, 0xDD, 0x90, 0x22, 0xD1, 0x73, 0x29, 0x29, 0x10, 0xAD, 0x99, 0x22, 0x40, 0xDD, 0x92, 0x82,
    0xD0, 0xD0, 0x96, 0x22, 0x00, 0x2D, 0x66, 0x99, 0xD0, 0x27, 0xD2, 0xAD, 0xDD, 0x74, 0x0D, 0xD7,
    0x98, 0x9D, 0x0D, 0x00, 0x29, 0xD9, 0xD6, 0x0A, 0x92, 0xD2, 0x99, 0x99, 0x88, 0xA8, 0x22, 0x22,
    0x22, 0x72, 0x22, 0x22, 0x99, 0x49, 0x99, 0x99, 0xD7, 0x04, 0x00, 0x00, 0xD3, 0x03, 0x00, 0x00,
    0x00, 0x33, 0x63, 0x94, 0x63, 0xDD, 0xDD, 0x0D, 0x99, 0x3D, 0x66, 0xDA, 0x22, 0xD8, 0x13, 0xA6,
    0x22, 0xD2, 0x13, 0x11, 0x22, 0xD2, 0x13, 0x33, 0x99, 0xD9, 0x33, 0x63, 0x00, 0xD0, 0xDD, 0xDD,
    0x59, 0x22, 0x55, 0x99, 0x99, 0x22, 0x29, 0x95, 0x99, 0x99, 0x99, 0x85, 0x1D, 0x88, 0x88, 0x38,
    0xDA, 0x61, 0x66, 0x33, 0xD6, 0x3A, 0x13, 0x11, 0x6A, 0x33, 0x11, 0x11, 0x3D, 0x33, 0x11, 0x31,
    0x4D, 0xDD, 0xD0, 0x34, 0x44, 0x0D, 0x00, 0x00, 0xDD, 0x00, 0x00, 0x00, 0x0D, 0x00, 0x00, 0x00,
    0x00, 0x00, 0x00, 0x00, 0x00, 0x00, 0x00, 0x00, 0x00, 0x00, 0x00, 0x00, 0x00, 0x00, 0x00, 0x00,
    0x1D, 0x00, 0x00, 0x00, 0x01, 0x00, 0x00, 0x00, 0x00, 0x00, 0x00, 0x00, 0x00, 0x00, 0x00, 0x00,
    0x00, 0x00, 0x00, 0x00, 0x00, 0x00, 0x00, 0x00, 0x00, 0x00, 0x00, 0x00, 0x00, 0x00, 0x00, 0x00,
    0x00, 0x60, 0x00, 0xAD, 0x00, 0x00, 0x00, 0xDD, 0x00, 0x00, 0x00, 0xD0, 0x00, 0x00, 0x00, 0xD0,
    0x00, 0x00, 0x00, 0xD0, 0x00, 0x00, 0x00, 0xDD, 0x00, 0x00, 0x00, 0xDD, 0x00, 0x00, 0xD0, 0xDD,
    0x36, 0x11, 0x11, 0x31, 0x36, 0x13, 0x11, 0x31, 0xAD, 0x33, 0x33, 0x11, 0xDD, 0x6D, 0x66, 0x33,
    0xDD, 0xDA, 0xDD, 0x6D, 0xDA, 0xDD, 0xDD, 0xDD, 0xAD, 0xDA, 0xDD, 0xDD, 0xDD, 0xAD, 0xDD, 0xDD,
    0x00, 0x0D, 0x40, 0xDD, 0x00, 0xDD, 0xD4, 0xD0, 0x00, 0xD0, 0x4D, 0x40, 0x00, 0xD4, 0xD1, 0xD4,
    0x40, 0x4D, 0xDD, 0x0D, 0xDD, 0x00, 0xD4, 0xD7, 0xD0, 0x4D, 0x0D, 0x1D, 0x00, 0xDD, 0xD0, 0x74,
    0x00, 0x00, 0x00, 0xD0, 0xDD, 0x40, 0x0D, 0xD0, 0xDD, 0xDD, 0x00, 0x4D, 0x00, 0xDD, 0xDD, 0xD7,
    0xDD, 0xD0, 0x31, 0xDD, 0xD4, 0xD0, 0x14, 0xDD, 0x07, 0x3D, 0xD7, 0x0D, 0xDD, 0x73, 0x0D, 0x00,
    0x00, 0xDD, 0xD0, 0x0D, 0x00, 0xD0, 0x0D, 0xD0, 0x00, 0xD0, 0xD0, 0x3D, 0x00, 0x00, 0x17, 0x73,
    0x00, 0x00, 0x77, 0xD1, 0x00, 0x70, 0xD1, 0xDD, 0x00, 0x10, 0xDD, 0x00, 0x00, 0xD0, 0x00, 0x00,
    0x1D, 0xD7, 0x00, 0x00, 0x73, 0xD3, 0x00, 0x00, 0xD7, 0xDD, 0x00, 0x00, 0x0D, 0x00, 0x00, 0x00,
    0x00, 0x00, 0x00, 0x00, 0x00, 0x00, 0x00, 0x00, 0x00, 0x00, 0x00, 0x00, 0x00, 0x00, 0x00, 0x00,
    0x00, 0x00, 0xD0, 0xDA, 0x00, 0x00, 0x4D, 0xAA, 0x00, 0x00, 0x4D, 0x44, 0x00, 0xD0, 0x14, 0x44,
    0x00, 0xD0, 0x14, 0x14, 0x00, 0x4D, 0x14, 0x11, 0x00, 0x4D, 0x44, 0x11, 0x80, 0x4D, 0x44, 0x44,
    0xDD, 0xDD, 0xDD, 0xDD, 0xDA, 0xDD, 0xDD, 0xDD, 0xAA, 0xDA, 0xDD, 0xAA, 0x44, 0xAA, 0xDA, 0x11,
    0x41, 0xA4, 0x4D, 0x11, 0x11, 0x44, 0xAD, 0x11, 0x11, 0x41, 0xDD, 0xD1, 0x14, 0x41, 0xD4, 0xDD,
    0xA0, 0xDA, 0xAA, 0xAA, 0xA0, 0xA3, 0xDD, 0xAA, 0xD0, 0x3D, 0xDA, 0xDD, 0x00, 0xDD, 0xA3, 0xAA,
    0x00, 0xD0, 0xDD, 0x33, 0x00, 0x00, 0xD0, 0xDD, 0x00, 0x00, 0x00, 0x00, 0x00, 0x00, 0x00, 0x00,
    0x4A, 0x11, 0x44, 0xA4, 0x14, 0x11, 0x11, 0xA4, 0xAD, 0x14, 0x11, 0xA4, 0xDD, 0x4A, 0x11, 0x14,
    0xAA, 0xDD, 0x1A, 0x41, 0x3D, 0x9A, 0x4D, 0xD4, 0xDD, 0xA3, 0xDD, 0xDD, 0x00, 0xAD, 0xD8, 0x88,
    0x00, 0x00, 0x00, 0x00, 0x00, 0x00, 0x00, 0x00, 0x00, 0x00, 0x00, 0x00, 0x00, 0x00, 0x00, 0x00,
    0x00, 0x00, 0x00, 0x00, 0x00, 0x00, 0x00, 0x00, 0x09, 0x00, 0x00, 0x00, 0x99, 0x00, 0x00, 0x00,
    0x52, 0x09, 0x00, 0x00, 0x92, 0x00, 0x00, 0x00, 0x92, 0x09, 0x00, 0x00, 0x22, 0x09, 0x00, 0x00,
    0x55, 0x98, 0x99, 0x00, 0x22, 0x82, 0x09, 0x00, 0x82, 0x99, 0x0D, 0x00, 0x55, 0x39, 0xD3, 0x00,
    0x92, 0x1A, 0xD3, 0x00, 0x59, 0x1D, 0xD6, 0x00, 0x36, 0xAD, 0xD6, 0x00, 0x33, 0xD3, 0x0D, 0x00,
    0x33, 0xD6, 0x00, 0x00, 0x63, 0xDA, 0x00, 0x00, 0xA3, 0x0D, 0x00, 0x00, 0x63, 0x0D, 0x00, 0x00,
    0x63, 0x0D, 0x00, 0x00, 0x63, 0xD6, 0x00, 0x00, 0x63, 0xD6, 0x00, 0x00, 0xD3, 0xDD, 0x00, 0x00,
    0xD6, 0x0A, 0x00, 0x00, 0xDD, 0x0A, 0x00, 0x00, 0xDD, 0x0A, 0x00, 0x00, 0xDD, 0x00, 0x00, 0x00,
    0x00, 0x80, 0xDD, 0xD8, 0x00, 0xD8, 0xDD, 0xAD, 0x80, 0xDD, 0xDD, 0x3A, 0x80, 0xDA, 0xAA, 0x33,
    0x80, 0xAA, 0x33, 0xDD, 0x00, 0xAA, 0xDD, 0xDD, 0x00, 0x00, 0x00, 0x00, 0x00, 0x00, 0x00, 0x00,
    0xD3, 0x0D, 0x00, 0x00, 0xDD, 0x0D, 0x00, 0x00, 0xDD, 0x00, 0x00, 0x00, 0x0D, 0x00, 0x00, 0x00,
    0x0D, 0x00, 0x00, 0x00, 0x00, 0x00, 0x00, 0x00, 0x00, 0x00, 0x00, 0x00, 0x00, 0x00, 0x00, 0x00,
    0xDD, 0x00, 0x00, 0x00, 0xDD, 0x00, 0x00, 0x00, 0xDA, 0x00, 0x00, 0x00, 0xD1, 0x00, 0x00, 0x00,
    0x0D, 0x00, 0x00, 0x00, 0x0D, 0x00, 0x00, 0x00, 0x00, 0x00, 0x00, 0x00, 0x0D, 0x00, 0x00, 0x00,
    0xDD, 0x00, 0x00, 0x00, 0xD4, 0x00, 0x00, 0x00, 0xA4, 0x0D, 0x00, 0x00, 0xD4, 0x0A, 0x00, 0x00,
    0xAD, 0xAA, 0x00, 0x00, 0xAA, 0x33, 0x0D, 0x00, 0x3A, 0xD3, 0x0D, 0x00, 0x3D, 0xDD, 0x00, 0x00,
    0x00, 0x00, 0x00, 0x00, 0x00, 0x00, 0x00, 0x00, 0x00, 0x00, 0x00, 0x00, 0x00, 0x00, 0x00, 0x00,
    0x00, 0x00, 0x00, 0x00, 0x00, 0x00, 0x00, 0x00, 0x00, 0x00, 0x00, 0x00, 0x00, 0x00, 0x00, 0x0D,
};
static const u16 sFrame53[] = {
    0x0007, 0x00CA, 0x81E5, 0x0000, 0x00E2, 0x41D5, 0x0010, 0x00EA, 0x41F5, 0x0014, 0x80CA, 0x4005,
    0x0018, 0x40FA, 0x01FD, 0x001C, 0x80EA, 0x0005, 0x001E, 0x00DA, 0x01D5, 0x0020, 0x0000,
};
static const void* const sFrames53[] = { sFrame53 };
static const u8 sTiles54[1280] __attribute__((aligned(4))) = {
    0x00, 0x00, 0x00, 0x00, 0x00, 0x00, 0x00, 0x00, 0x00, 0x00, 0x00, 0xDD, 0x00, 0x00, 0xD0, 0xDD,
    0x00, 0x00, 0xAD, 0xDD, 0x00, 0xD0, 0xA4, 0xDA, 0x00, 0x4D, 0xA4, 0xDA, 0x00, 0x1D, 0x41, 0xAA,
    0xD0, 0x13, 0x11, 0x11, 0xDD, 0x36, 0x11, 0x31, 0xDD, 0x36, 0x13, 0x31, 0xDD, 0x66, 0x13, 0x31,
    0xDD, 0x66, 0x36, 0x33, 0xDD, 0x6D, 0x66, 0x66, 0xDD, 0xDD, 0xDD, 0x6D, 0xDD, 0xDD, 0xDD, 0xDD,
    0x33, 0xD6, 0x36, 0xD6, 0x63, 0xDD, 0x13, 0xD3, 0xD9, 0x66, 0x13, 0x31, 0x63, 0x6D, 0xDD, 0x33,
    0x66, 0xD7, 0x88, 0xDD, 0x66, 0x9D, 0x22, 0xD2, 0xD6, 0x9A, 0x28, 0x00, 0xDD, 0xDD, 0x99, 0x19,
    0x00, 0x00, 0x00, 0x00, 0x00, 0x00, 0x01, 0x11, 0x0D, 0x00, 0x10, 0x96, 0x0D, 0x90, 0x99, 0x00,
    0x19, 0x89, 0x28, 0x09, 0x00, 0x22, 0x22, 0x82, 0x11, 0x22, 0x22, 0x82, 0xA7, 0x22, 0x22, 0x22,
    0x00, 0x4D, 0x14, 0xA4, 0x00, 0xAD, 0x44, 0x41, 0x00, 0x4D, 0x14, 0x11, 0x00, 0x4D, 0x11, 0x11,
    0x00, 0x4D, 0x14, 0x41, 0x00, 0xAD, 0x1A, 0x44, 0x00, 0xD0, 0x14, 0x11, 0x00, 0xD0, 0x14, 0x41,
    0xDA, 0xDD, 0xDD, 0xDD, 0xDA, 0xDD, 0xD0, 0xDD, 0xD4, 0x0A, 0xD0, 0xDD, 0xD4, 0x00, 0xD0, 0xDD,
    0xD4, 0x00, 0x00, 0xDD, 0xD4, 0x00, 0x00, 0xAD, 0xA4, 0x0D, 0x00, 0xAD, 0xAA, 0x0D, 0x00, 0xAD,
    0xDD, 0xDD, 0x0D, 0x90, 0xDD, 0xDD, 0x0D, 0x00, 0xDD, 0xDD, 0xDD, 0x00, 0xDD, 0xDD, 0xDD, 0x00,
    0xDD, 0xAA, 0xDA, 0x00, 0xDD, 0xAA, 0xDA, 0x00, 0xAA, 0x44, 0xD4, 0x00, 0x4A, 0x41, 0xD4, 0x00,
    0x11, 0x28, 0x22, 0x59, 0xA1, 0x99, 0x89, 0x85, 0x60, 0x17, 0x00, 0xA0, 0x00, 0x16, 0x00, 0x63,
    0x00, 0x00, 0x11, 0x32, 0x00, 0x70, 0x67, 0x77, 0x00, 0x00, 0x00, 0x00, 0x00, 0x00, 0x00, 0x00,
    0x00, 0x00, 0xA0, 0x3A, 0x00, 0x00, 0xA6, 0x00, 0x00, 0x00, 0xDA, 0x7D, 0x00, 0x60, 0x0A, 0x01,
    0x00, 0x00, 0xA7, 0xD7, 0x00, 0x30, 0x4D, 0x33, 0x00, 0x30, 0x76, 0xDD, 0x00, 0xD4, 0xAD, 0x14,
    0x00, 0x00, 0x00, 0x00, 0x00, 0x00, 0x00, 0x00, 0x00, 0x00, 0x00, 0x00, 0xD7, 0x00, 0x00, 0x00,
    0xDD, 0xAD, 0x00, 0x00, 0x01, 0xDA, 0x07, 0x00, 0xAD, 0x33, 0x00, 0x00, 0x04, 0x44, 0xD1, 0x03,
    0x00, 0xA7, 0x13, 0x6D, 0x00, 0xD0, 0x67, 0x7A, 0x00, 0x30, 0xD7, 0x67, 0x00, 0x70, 0x3D, 0xA0,
    0x00, 0xD3, 0xA6, 0x1A, 0x00, 0xA7, 0x10, 0xDA, 0x00, 0xA0, 0xAD, 0xDA, 0x00, 0x30, 0x37, 0x64,
    0xD6, 0xDD, 0x7D, 0x00, 0xDD, 0xDD, 0xA3, 0x6D, 0x06, 0x64, 0xD7, 0xDA, 0x47, 0x0A, 0x7A, 0x00,
    0x70, 0x7D, 0x04, 0x00, 0xDD, 0xDA, 0xAD, 0x00, 0x00, 0x00, 0x00, 0x00, 0x00, 0x00, 0x00, 0x00,
    0x00, 0xA6, 0x7A, 0x00, 0x00, 0xD3, 0x0D, 0x00, 0x00, 0xD6, 0x04, 0x00, 0x00, 0x7D, 0xAA, 0x00,
    0x76, 0x74, 0x3A, 0x00, 0x06, 0x54, 0xA2, 0x4D, 0xDD, 0x7D, 0x7A, 0x31, 0x40, 0x67, 0xC6, 0xDD,
    0x00, 0x00, 0x00, 0x00, 0x00, 0x00, 0x00, 0x00, 0x00, 0x00, 0x00, 0x00, 0x00, 0x00, 0x00, 0x00,
    0x00, 0x00, 0x00, 0x00, 0x00, 0x00, 0x00, 0x00, 0x00, 0x00, 0x00, 0x00, 0x07, 0x00, 0x00, 0x00,
    0x00, 0x22, 0x02, 0x30, 0x20, 0x92, 0x25, 0xDD, 0x20, 0x22, 0x18, 0x30, 0x90, 0x28, 0x92, 0xA7,
    0x95, 0x88, 0x52, 0x56, 0x1D, 0x29, 0x79, 0x99, 0x42, 0x29, 0x99, 0x92, 0xA5, 0x29, 0x22, 0x52,
    0x04, 0x00, 0x00, 0x00, 0x0D, 0x00, 0x00, 0x00, 0x06, 0x00, 0x00, 0x00, 0x00, 0x00, 0x00, 0x00,
    0x00, 0x00, 0x00, 0x00, 0x00, 0x00, 0x00, 0x00, 0x00, 0x00, 0x00, 0x00, 0x00, 0x00, 0x00, 0x00,
    0x00, 0x90, 0x98, 0x59, 0x00, 0x90, 0x92, 0x95, 0x00, 0x9D, 0x98, 0x99, 0xD0, 0x3D, 0x99, 0x59,
    0xD0, 0x36, 0x93, 0x22, 0xD0, 0x11, 0x93, 0x22, 0xD0, 0x13, 0x93, 0x59, 0xD0, 0x16, 0x9A, 0x52,
    0x95, 0x59, 0x22, 0x52, 0x59, 0x55, 0x29, 0x59, 0x99, 0x55, 0x29, 0x59, 0x92, 0x29, 0x22, 0x99,
    0x92, 0x95, 0x92, 0x95, 0x25, 0x92, 0x92, 0x59, 0x25, 0x22, 0x52, 0x95, 0x22, 0x22, 0x22, 0x22,
    0xD0, 0xA6, 0x5D, 0x95, 0xD0, 0xD6, 0x5A, 0x99, 0xD0, 0x6D, 0x98, 0x29, 0x00, 0x3D, 0x83, 0x95,
    0x00, 0x33, 0x81, 0x58, 0x00, 0x33, 0x13, 0x83, 0xD0, 0x36, 0x13, 0x31, 0xD0, 0x36, 0x11, 0x11,
    0x25, 0x22, 0x55, 0x22, 0x29, 0x52, 0x22, 0x22, 0x25, 0x52, 0x22, 0x22, 0x85, 0x52, 0x92, 0x59,
    0x99, 0x82, 0x99, 0x95, 0x98, 0x98, 0x99, 0x09, 0x33, 0x99, 0x88, 0x00, 0x31, 0x93, 0x6D, 0x0D,
    0x00, 0x00, 0x00, 0x00, 0x00, 0x00, 0x00, 0x00, 0x01, 0x00, 0x00, 0x00, 0x00, 0x00, 0x00, 0x00,
    0x03, 0x00, 0x00, 0x00, 0x03, 0x40, 0x01, 0x00, 0xA6, 0x14, 0x00, 0x00, 0x48, 0x73, 0x01, 0x00,
    0x00, 0x00, 0x00, 0x00, 0x00, 0x00, 0x00, 0x00, 0x00, 0x00, 0x00, 0x00, 0x00, 0x00, 0x00, 0x20,
    0x00, 0x00, 0x40, 0x42, 0x00, 0x00, 0x30, 0x37, 0x00, 0x00, 0x00, 0x65, 0x00, 0x00, 0x70, 0x66,
    0x48, 0x44, 0x00, 0x00, 0x2A, 0x01, 0x64, 0x14, 0x1A, 0xA3, 0x44, 0xA7, 0xA4, 0xAA, 0x01, 0x01,
    0x37, 0xA3, 0x9B, 0x36, 0x43, 0x00, 0x00, 0xA6, 0x00, 0x00, 0x00, 0x00, 0x00, 0x00, 0x00, 0x00,
    0x00, 0x00, 0x00, 0x37, 0x00, 0x30, 0x11, 0x76, 0x6A, 0x33, 0x62, 0xD7, 0x43, 0x4A, 0x64, 0x01,
    0x10, 0xA2, 0x27, 0x26, 0xAB, 0x25, 0x22, 0x22, 0x00, 0xA7, 0xAA, 0xA5, 0x00, 0x00, 0x60, 0x4A,
    0x00, 0xD0, 0xA4, 0xDA, 0x00, 0xD0, 0xDD, 0xDD, 0x00, 0xD0, 0xDA, 0x3D, 0x00, 0x90, 0xDD, 0x33,
    0x00, 0xDD, 0xA8, 0xD3, 0xD0, 0xAD, 0x3A, 0xDD, 0xAD, 0x3A, 0xD3, 0xDD, 0x3D, 0xD3, 0xDD, 0xDD,
    0xDD, 0x0D, 0x00, 0xD0, 0xDD, 0xDD, 0x00, 0xD0, 0x33, 0xD3, 0x00, 0xD0, 0xDD, 0xDD, 0x00, 0xD0,
    0xDD, 0x0D, 0x00, 0xD0, 0xDD, 0x00, 0x00, 0xD0, 0xDD, 0x00, 0x00, 0xD0, 0x0D, 0x00, 0x00, 0xD0,
    0xDD, 0xDD, 0xDD, 0xDD, 0xD0, 0xDD, 0xDD, 0xDD, 0x00, 0x00, 0x00, 0x00, 0x00, 0x00, 0x00, 0x00,
    0x00, 0x00, 0x00, 0x00, 0x00, 0x00, 0x00, 0x00, 0x00, 0x00, 0x00, 0x00, 0x00, 0x00, 0x00, 0x00,
    0x0D, 0x00, 0x00, 0x00, 0x00, 0x00, 0x00, 0x00, 0x00, 0x00, 0x00, 0x00, 0x00, 0x00, 0x00, 0x00,
    0x00, 0x00, 0x00, 0x00, 0x00, 0x00, 0x00, 0x00, 0x00, 0x00, 0x00, 0x00, 0x00, 0x00, 0x00, 0x00,
    0x00, 0x00, 0x00, 0xA4, 0x00, 0x00, 0x00, 0x00, 0x00, 0x00, 0x00, 0x00, 0x00, 0x00, 0x00, 0x00,
    0x00, 0x00, 0x00, 0x00, 0x00, 0x00, 0x00, 0x00, 0x00, 0x00, 0x00, 0x00, 0x00, 0x00, 0x00, 0x00,
    0x04, 0x00, 0x00, 0x00, 0x00, 0x00, 0x00, 0x00, 0x00, 0x00, 0x00, 0x00, 0x00, 0x00, 0x00, 0x00,
    0x00, 0x00, 0x00, 0x00, 0x00, 0x00, 0x00, 0x00, 0x00, 0x00, 0x00, 0x00, 0x00, 0x00, 0x00, 0x00,
    0x00, 0x00, 0x00, 0x00, 0x00, 0x00, 0x00, 0x00, 0x00, 0x00, 0x00, 0x00, 0x00, 0x00, 0x00, 0x00,
    0x00, 0x00, 0x00, 0x00, 0x00, 0x00, 0x00, 0x10, 0x00, 0x00, 0x00, 0xDA, 0x00, 0x00, 0x00, 0x34,
    0x00, 0x00, 0x00, 0xDA, 0x00, 0x00, 0x00, 0x04, 0x00, 0x00, 0x00, 0xA7, 0x00, 0x00, 0x90, 0x65,
    0x00, 0x00, 0x29, 0xA9, 0x00, 0x00, 0x29, 0x49, 0x00, 0x00, 0x29, 0x92, 0x00, 0x00, 0x99, 0x92,
    0x09, 0x00, 0x00, 0x00, 0x99, 0x00, 0x00, 0x00, 0x29, 0x09, 0x00, 0x00, 0x92, 0x99, 0x00, 0x00,
    0x52, 0x55, 0x05, 0x00, 0x22, 0x22, 0x09, 0x00, 0x29, 0x99, 0x00, 0x00, 0x92, 0x05, 0x00, 0x00,
    0x52, 0x95, 0x00, 0x00, 0x92, 0x99, 0x09, 0x00, 0x99, 0x09, 0x00, 0x00, 0x99, 0x00, 0x00, 0x00,
    0x00, 0x00, 0x00, 0x00, 0x00, 0x00, 0x00, 0x00, 0x00, 0x00, 0x00, 0x00, 0x00, 0x00, 0x00, 0x00,
    0x00, 0x00, 0x00, 0x00, 0x00, 0x00, 0x00, 0x00, 0x00, 0x00, 0x00, 0x00, 0x55, 0x00, 0x00, 0x00,
    0x12, 0x00, 0x00, 0x00, 0x14, 0x11, 0x00, 0x00, 0x66, 0x77, 0x00, 0x00, 0x03, 0x13, 0x00, 0x00,
    0x76, 0x13, 0x01, 0x00, 0x16, 0x16, 0x22, 0x00, 0x16, 0x00, 0x10, 0x00, 0x10, 0x00, 0x00, 0x00,
    0x22, 0x25, 0x00, 0x00, 0xA7, 0x52, 0x0A, 0x00, 0x6A, 0x00, 0x00, 0x00, 0x72, 0x00, 0x00, 0x00,
    0x44, 0x11, 0xA4, 0x0D, 0x14, 0x11, 0x41, 0x0D, 0x44, 0x11, 0x41, 0x0D, 0x14, 0x11, 0xA4, 0x0D,
    0xA4, 0x1A, 0x41, 0x0D, 0x4A, 0x11, 0x41, 0x0D, 0x4A, 0xA1, 0xAA, 0x0D, 0xAA, 0xAA, 0xDD, 0x0D,
    0xDD, 0xDD, 0xDD, 0x0A, 0xDD, 0x3D, 0x33, 0x0D, 0xDD, 0xD3, 0xDD, 0x03, 0xD0, 0xD3, 0xDD, 0x0D,
    0xD0, 0xDD, 0xDD, 0x0D, 0xDD, 0xDD, 0xDD, 0xDD, 0x3D, 0xDD, 0xDD, 0xDD, 0x3D, 0xDD, 0xDD, 0xDD,
    0x00, 0x00, 0x00, 0x00, 0x00, 0x00, 0x00, 0x00, 0x06, 0x00, 0x00, 0x00, 0x00, 0x00, 0x00, 0x00,
    0x00, 0x00, 0x00, 0x00, 0x00, 0x00, 0x00, 0x00, 0x00, 0x00, 0x00, 0x00, 0x00, 0x00, 0x00, 0x00,
    0xDD, 0xDD, 0xDD, 0xDD, 0xDD, 0xDD, 0xDD, 0x0D, 0xD0, 0xDD, 0xDD, 0x00, 0x00, 0x00, 0x00, 0x00,
    0x00, 0x00, 0x00, 0x00, 0x00, 0x00, 0x00, 0x00, 0x00, 0x00, 0x00, 0x00, 0x00, 0x00, 0x00, 0x00,
};
static const u16 sFrame54[] = {
    0x000C, 0x40DD, 0x81EF, 0x0000, 0x80AD, 0x81FF, 0x0008, 0x00CD, 0x41F7, 0x0010, 0x00DD, 0x400F,
    0x0014, 0x00ED, 0x41EF, 0x0018, 0x40ED, 0x0017, 0x001C, 0x80BD, 0x01F7, 0x001E, 0x80CD, 0x0007,
    0x0020, 0x80DD, 0x001F, 0x0022, 0x80ED, 0x01FF, 0x0024, 0x00B5, 0x000F, 0x0026, 0x00FD, 0x01FF,
    0x0027, 0x0000,
};
static const void* const sFrames54[] = { sFrame54 };
static const u8 sTiles55[992] __attribute__((aligned(4))) = {
    0x00, 0xD0, 0x83, 0x9C, 0x00, 0x3D, 0xDD, 0xDD, 0x00, 0xD9, 0x34, 0x43, 0x00, 0x3D, 0x11, 0xD1,
    0x00, 0x3D, 0x11, 0xD1, 0x00, 0xDD, 0x34, 0x31, 0x00, 0xD9, 0xDD, 0xDD, 0x90, 0x39, 0x13, 0xD3,
    0x26, 0x58, 0xC9, 0x0C, 0x9D, 0xC9, 0x91, 0xC1, 0x2D, 0x22, 0x8C, 0x98, 0x22, 0x82, 0x98, 0x85,
    0x85, 0x58, 0x89, 0x58, 0xCD, 0x18, 0x59, 0x15, 0x9D, 0x8C, 0xC9, 0x91, 0xD4, 0xCD, 0x1C, 0x41,
    0x00, 0x00, 0x00, 0x00, 0x0C, 0x00, 0x00, 0x00, 0x09, 0x10, 0x00, 0x00, 0x05, 0x71, 0x11, 0x00,
    0x01, 0xA1, 0xA1, 0x06, 0x21, 0x44, 0x46, 0x67, 0x41, 0x47, 0x1B, 0x11, 0x14, 0x41, 0x47, 0x7D,
    0x00, 0x00, 0x00, 0x00, 0x00, 0x00, 0x00, 0x00, 0x00, 0x00, 0x00, 0x00, 0x00, 0x00, 0x00, 0x00,
    0x00, 0x00, 0x00, 0x00, 0x00, 0x00, 0x00, 0x00, 0x70, 0x00, 0x00, 0x00, 0x71, 0x01, 0x00, 0x00,
    0x39, 0x11, 0x11, 0xD3, 0x3D, 0x13, 0x31, 0xCD, 0x7D, 0x14, 0x11, 0x7D, 0xD0, 0x37, 0x13, 0xCD,
    0x00, 0x7D, 0x14, 0xDD, 0xD0, 0xDD, 0x37, 0xDD, 0xDD, 0xDD, 0x37, 0xDD, 0xDD, 0xBB, 0x7D, 0xDD,
    0xDD, 0x13, 0x13, 0x41, 0xDC, 0x11, 0x13, 0xA6, 0xD7, 0x31, 0x14, 0x79, 0xDC, 0x43, 0xD7, 0x41,
    0x1D, 0x73, 0xDD, 0x0D, 0x33, 0x73, 0xDD, 0x0D, 0x43, 0xD7, 0xDD, 0xDD, 0x77, 0xDD, 0xBD, 0xDD,
    0x11, 0x61, 0xA4, 0x00, 0x70, 0x74, 0xA1, 0x32, 0xAD, 0x40, 0xA9, 0x6A, 0x33, 0x36, 0xA3, 0x4A,
    0xD4, 0x4A, 0x24, 0xA1, 0xD3, 0x34, 0x14, 0xA3, 0x40, 0x71, 0x14, 0xAA, 0x10, 0x11, 0x40, 0x14,
    0x61, 0x00, 0x00, 0x00, 0x72, 0x00, 0x00, 0x00, 0x73, 0x00, 0x00, 0x00, 0x37, 0x00, 0x00, 0x00,
    0x43, 0x00, 0x00, 0x00, 0xD3, 0x0D, 0x00, 0x00, 0x4A, 0xDD, 0x00, 0x00, 0xDB, 0xD4, 0x0D, 0x00,
    0xDA, 0xBD, 0xDD, 0xDA, 0xDA, 0xBD, 0xDD, 0xDD, 0xA4, 0xDD, 0xDD, 0xDD, 0x41, 0xDA, 0xDD, 0xDD,
    0x11, 0xA4, 0xDD, 0x0D, 0x44, 0xAA, 0xDD, 0x0D, 0xAA, 0x44, 0xDA, 0x00, 0x11, 0x41, 0x0D, 0x00,
    0xDD, 0xDD, 0xDB, 0xDD, 0xDD, 0xBD, 0xDB, 0xDD, 0xDD, 0xDD, 0xDD, 0xDD, 0xDD, 0xDD, 0xDD, 0x44,
    0xD0, 0xDD, 0xAD, 0x44, 0x00, 0x4D, 0x44, 0x44, 0x00, 0xAD, 0x14, 0x41, 0x00, 0xD0, 0x44, 0x11,
    0x0D, 0x00, 0x60, 0x04, 0x0D, 0x00, 0x40, 0x17, 0xDD, 0x00, 0x10, 0x1A, 0xDA, 0x00, 0x00, 0x3A,
    0xDA, 0x00, 0x00, 0x46, 0xA4, 0x0D, 0x00, 0xA3, 0x44, 0x0D, 0x30, 0x43, 0x44, 0xDA, 0x10, 0x42,
    0x09, 0x4D, 0xDD, 0x00, 0x06, 0xD0, 0xD4, 0xDD, 0x03, 0x00, 0x7D, 0xDD, 0x00, 0x00, 0xD0, 0x13,
    0x01, 0xD0, 0xD0, 0x41, 0x02, 0x40, 0xDD, 0xDD, 0x0A, 0x00, 0xDD, 0x00, 0x07, 0xD0, 0x0D, 0xDD,
    0x14, 0xA4, 0xDD, 0x00, 0x44, 0xAA, 0xD3, 0x00, 0xAA, 0x3A, 0xD7, 0x00, 0xDD, 0x73, 0x0D, 0x00,
    0xAA, 0xD7, 0x00, 0x00, 0x77, 0x0D, 0x00, 0x00, 0xDD, 0x00, 0x00, 0x00, 0x00, 0x00, 0x00, 0x00,
    0x00, 0xD0, 0x4A, 0x11, 0x00, 0x00, 0xAD, 0x14, 0x00, 0x00, 0xAD, 0x2A, 0x00, 0x00, 0x1D, 0x51,
    0x00, 0x00, 0xD0, 0x5A, 0x00, 0x00, 0xD0, 0x11, 0x00, 0x00, 0xD0, 0xA1, 0x00, 0x00, 0x00, 0xAD,
    0xA4, 0x71, 0x10, 0x66, 0x72, 0x65, 0x67, 0x17, 0x34, 0x66, 0x73, 0x1D, 0x42, 0x36, 0x66, 0x16,
    0x11, 0x16, 0x17, 0x11, 0x11, 0x37, 0x63, 0x06, 0x1A, 0x17, 0x11, 0x00, 0x8A, 0x88, 0xD1, 0x00,
    0x02, 0xD0, 0x0D, 0x4D, 0x06, 0xDD, 0xD4, 0xD0, 0xD2, 0x0D, 0x40, 0x7D, 0x02, 0xD4, 0xD4, 0xDD,
    0x02, 0x40, 0x1D, 0x4D, 0x05, 0xD0, 0xDD, 0x04, 0x02, 0xDD, 0x40, 0x0D, 0x00, 0x00, 0x00, 0xD4,
    0x00, 0x00, 0x90, 0x00, 0x00, 0x00, 0x50, 0x09, 0x00, 0x00, 0x50, 0x92, 0x00, 0x90, 0x50, 0x22,
    0x00, 0x20, 0x59, 0x22, 0x00, 0x50, 0x52, 0x22, 0x00, 0x90, 0x52, 0x22, 0x90, 0x55, 0x29, 0x59,
    0x00, 0x00, 0x00, 0x00, 0x90, 0x00, 0x00, 0x00, 0x50, 0x09, 0x00, 0x00, 0x29, 0x92, 0x90, 0x00,
    0x55, 0x22, 0x29, 0x09, 0x25, 0x55, 0x25, 0x05, 0x29, 0x22, 0x52, 0x99, 0x95, 0x92, 0x22, 0x52,
    0x00, 0x29, 0x52, 0x25, 0x00, 0x90, 0x22, 0x25, 0x00, 0x29, 0x59, 0x22, 0x90, 0x55, 0x95, 0x95,
    0x00, 0x90, 0x99, 0x52, 0x00, 0x00, 0x79, 0x29, 0x00, 0x00, 0x80, 0x22, 0x00, 0x00, 0x9D, 0x22,
    0x22, 0x25, 0x92, 0x22, 0x52, 0x52, 0x29, 0x25, 0x29, 0x22, 0x22, 0x55, 0x25, 0x29, 0x29, 0x52,
    0x92, 0x25, 0x95, 0x95, 0x79, 0x93, 0x29, 0x99, 0x62, 0x21, 0x29, 0x25, 0x22, 0x92, 0x92, 0x95,
    0xD7, 0x3D, 0xD7, 0x00, 0x71, 0xD0, 0x73, 0xDD, 0x4D, 0x0D, 0x3D, 0xD1, 0xD0, 0x0D, 0x1D, 0xD7,
    0x0D, 0xD0, 0x70, 0x17, 0xD4, 0xDD, 0x0D, 0x70, 0xDD, 0x0D, 0x00, 0x00, 0x0D, 0x00, 0x00, 0x00,
    0x00, 0x00, 0x00, 0x00, 0x00, 0x00, 0x00, 0x00, 0x00, 0x00, 0x00, 0x00, 0x0D, 0x00, 0x00, 0x00,
    0x0D, 0x00, 0x00, 0x00, 0xD1, 0x00, 0x00, 0x00, 0x00, 0x00, 0x00, 0x00, 0x00, 0x00, 0x00, 0x00,
    0x00, 0x00, 0x00, 0xAD, 0x00, 0x00, 0x00, 0xAD, 0x00, 0x00, 0x00, 0xDA, 0x00, 0x00, 0x00, 0xAA,
    0x00, 0x00, 0x00, 0x73, 0x00, 0x00, 0x00, 0x30, 0x00, 0x00, 0x00, 0x00, 0x00, 0x00, 0x00, 0x00,
    0x88, 0xD8, 0xD8, 0x0D, 0xD8, 0x8D, 0xDD, 0xAA, 0xDD, 0x8D, 0xDD, 0x7A, 0xDD, 0x8D, 0x7A, 0x93,
    0x37, 0x73, 0xA3, 0x09, 0x99, 0x99, 0x00, 0x00, 0x00, 0x00, 0x00, 0x00, 0x00, 0x00, 0x00, 0x00,
    0x00, 0x00, 0x00, 0x00, 0x00, 0x00, 0x00, 0x00, 0x00, 0x00, 0x00, 0x00, 0x00, 0x00, 0x00, 0x00,
    0x00, 0x00, 0x00, 0x00, 0x00, 0x00, 0x00, 0x00, 0x00, 0x00, 0x00, 0x00, 0x09, 0x00, 0x00, 0x00,
    0x92, 0x00, 0x00, 0x00, 0x92, 0x00, 0x00, 0x00, 0x99, 0x00, 0x00, 0x00, 0x92, 0x00, 0x00, 0x00,
    0x55, 0x09, 0x00, 0x00, 0x09, 0x00, 0x00, 0x00, 0x09, 0x00, 0x00, 0x00, 0x95, 0x00, 0x00, 0x00,
    0x00, 0x00, 0x00, 0x00, 0x00, 0x00, 0x00, 0x00, 0x00, 0x00, 0x00, 0x00, 0x00, 0x00, 0x00, 0x00,
    0x00, 0x00, 0x00, 0x00, 0x00, 0x00, 0x00, 0x00, 0x00, 0x00, 0x00, 0x00, 0x00, 0x00, 0x00, 0xD0,
    0x00, 0x00, 0x00, 0xD0, 0x00, 0x00, 0x00, 0xAD, 0x00, 0x00, 0x00, 0x4D, 0x00, 0x00, 0x00, 0x1D,
    0x00, 0x00, 0xD0, 0x1A, 0x00, 0x00, 0xD0, 0x1A, 0x00, 0x00, 0xD0, 0x41, 0x00, 0x00, 0xD0, 0x11,
    0x00, 0x00, 0x00, 0x00, 0x00, 0x00, 0x00, 0x00, 0x0D, 0x00, 0x00, 0x00, 0x0D, 0x00, 0x00, 0x00,
    0xD7, 0x00, 0x00, 0x00, 0x73, 0xDD, 0x0D, 0x00, 0x3D, 0x37, 0x0D, 0x00, 0xD0, 0x71, 0x0D, 0x00,
    0x00, 0x00, 0xAD, 0x41, 0x00, 0x8D, 0xA8, 0xAA, 0xD0, 0x8D, 0xDD, 0xA8, 0xDD, 0xD8, 0xDD, 0x88,
    0x3D, 0x77, 0xDD, 0xAA, 0xD0, 0x37, 0xA3, 0x3A, 0x00, 0xD0, 0x7D, 0x73, 0x00, 0x00, 0xD0, 0xDD,
    0x00, 0x00, 0x00, 0xD0, 0x00, 0x00, 0x00, 0x00, 0x00, 0x00, 0x00, 0x00, 0x00, 0x00, 0x00, 0x00,
    0x00, 0x00, 0x00, 0x00, 0x00, 0x00, 0x00, 0x00, 0x00, 0x00, 0x00, 0x00, 0x00, 0x00, 0x00, 0x00,
};
static const u16 sFrame55[] = {
    0x0009, 0x00DA, 0x81F1, 0x0000, 0x00CA, 0x41F1, 0x0010, 0x40F2, 0x0011, 0x0014, 0x40FA, 0x01F9,
    0x0016, 0x80CA, 0x0001, 0x0018, 0x80E2, 0x01E9, 0x001A, 0x00EA, 0x0011, 0x001C, 0x00F2, 0x01E9,
    0x001D, 0x00FA, 0x0009, 0x001E, 0x0000,
};
static const void* const sFrames55[] = { sFrame55 };
static const u8 sTiles56[992] __attribute__((aligned(4))) = {
    0x6A, 0xDA, 0xA3, 0xAB, 0x73, 0x6B, 0xB6, 0x26, 0xD3, 0x7D, 0xA7, 0x26, 0x63, 0x33, 0xAD, 0x2A,
    0x3D, 0xDA, 0x37, 0x2D, 0xD7, 0xDD, 0x41, 0x0D, 0x60, 0x6A, 0xCC, 0x04, 0x25, 0x3D, 0xAD, 0x03,
    0x66, 0x00, 0x00, 0x00, 0x1C, 0x00, 0x09, 0x00, 0x0A, 0x00, 0x99, 0x00, 0x0A, 0x00, 0x59, 0x09,
    0x0A, 0x00, 0x59, 0x95, 0x9A, 0x99, 0x59, 0x52, 0x0A, 0x59, 0x52, 0x22, 0x0A, 0x90, 0x25, 0x55,
    0x00, 0x00, 0x00, 0x00, 0x00, 0x00, 0x00, 0x00, 0x00, 0x00, 0x00, 0x00, 0x90, 0x00, 0x00, 0x00,
    0x59, 0x09, 0x00, 0x00, 0x59, 0x99, 0x99, 0x00, 0x59, 0x59, 0x29, 0x99, 0x29, 0x59, 0x59, 0x22,
    0x00, 0x00, 0x00, 0x00, 0x00, 0x00, 0x00, 0x00, 0x00, 0x00, 0x00, 0x00, 0x00, 0x00, 0x00, 0x00,
    0x00, 0x00, 0x00, 0x00, 0x00, 0x00, 0x00, 0x00, 0x00, 0x00, 0x00, 0x00, 0x09, 0x00, 0x00, 0x00,
    0x21, 0x71, 0x7C, 0x0D, 0x50, 0x00, 0x6A, 0x0D, 0x10, 0x00, 0x67, 0x4D, 0x00, 0xA0, 0x6D, 0x6D,
    0x00, 0x30, 0x5D, 0x5A, 0x40, 0x0D, 0x4C, 0x75, 0x30, 0xC4, 0x6D, 0xD6, 0xD7, 0x7C, 0x65, 0x56,
    0x07, 0x90, 0x95, 0x59, 0x96, 0x99, 0x95, 0x52, 0x74, 0x55, 0x29, 0x55, 0xA3, 0x90, 0x55, 0x95,
    0xAA, 0x90, 0x99, 0x25, 0x4D, 0x01, 0x98, 0x92, 0xA6, 0x4A, 0x89, 0x72, 0xC3, 0xA7, 0x80, 0x61,
    0x25, 0x25, 0x92, 0x22, 0x22, 0x25, 0x92, 0x29, 0x95, 0x55, 0x95, 0x95, 0x55, 0x59, 0x22, 0x55,
    0x59, 0x99, 0x95, 0x59, 0x92, 0x95, 0x29, 0x55, 0x83, 0x59, 0x55, 0x95, 0x81, 0x25, 0x55, 0x55,
    0x92, 0x00, 0x00, 0x00, 0x92, 0x00, 0x00, 0x00, 0x52, 0x09, 0x00, 0x00, 0x52, 0x09, 0x00, 0x00,
    0x95, 0x09, 0x00, 0x00, 0x92, 0x00, 0x00, 0x00, 0x59, 0x05, 0x00, 0x00, 0x92, 0x29, 0x00, 0x00,
    0x00, 0x00, 0x00, 0x00, 0x00, 0x00, 0x00, 0x00, 0x00, 0x00, 0x00, 0x00, 0x00, 0x00, 0x00, 0x00,
    0x00, 0x00, 0x00, 0xD0, 0x00, 0x00, 0x00, 0x8D, 0x00, 0x00, 0x00, 0xDD, 0x00, 0x00, 0x00, 0xAD,
    0x00, 0x00, 0x00, 0x00, 0x00, 0x00, 0x00, 0x00, 0x00, 0x00, 0x00, 0xD0, 0x00, 0x00, 0xD0, 0x1D,
    0x88, 0x88, 0x88, 0x48, 0xDD, 0xDD, 0x8D, 0xD8, 0xDD, 0xDD, 0xDD, 0xD8, 0xAA, 0xDD, 0xDD, 0xD8,
    0xD0, 0x44, 0x41, 0xA4, 0x4D, 0x14, 0x11, 0x41, 0x14, 0x11, 0x44, 0xA4, 0x4D, 0x11, 0x41, 0xAA,
    0xD1, 0x44, 0xA4, 0xDA, 0x44, 0xA4, 0xAA, 0x0D, 0xAD, 0xAA, 0xDA, 0x00, 0xDD, 0xDD, 0x0D, 0x00,
    0xDA, 0xDD, 0xDD, 0xDD, 0xA4, 0xDD, 0xDD, 0xDD, 0xDA, 0x00, 0xDD, 0xAD, 0x0D, 0x00, 0xAD, 0x44,
    0x00, 0x00, 0xAD, 0x14, 0x00, 0x00, 0xAD, 0x14, 0x00, 0x00, 0xAD, 0x4A, 0x00, 0x00, 0xD0, 0x4A,
    0x00, 0x00, 0x00, 0x7D, 0x00, 0x00, 0x00, 0xD0, 0x00, 0x00, 0x00, 0x00, 0x00, 0x00, 0x00, 0x00,
    0x00, 0x00, 0x00, 0x00, 0x00, 0x00, 0x00, 0x00, 0x00, 0x00, 0x00, 0x00, 0x00, 0x00, 0x00, 0x00,
    0xA3, 0xDD, 0xAD, 0xDD, 0x37, 0x37, 0x37, 0xA7, 0xDD, 0xDD, 0xDD, 0xDD, 0x00, 0x00, 0x00, 0x00,
    0x00, 0x00, 0x00, 0x00, 0x00, 0x00, 0x00, 0x00, 0x00, 0x00, 0x00, 0x00, 0x00, 0x00, 0x00, 0x00,
    0xDD, 0xDD, 0x0D, 0x00, 0x33, 0xD3, 0x00, 0x00, 0xDD, 0x0D, 0x00, 0x00, 0x00, 0x00, 0x00, 0x00,
    0x00, 0x00, 0x00, 0x00, 0x00, 0x00, 0x00, 0x00, 0x00, 0x00, 0x00, 0x00, 0x00, 0x00, 0x00, 0x00,
    0x00, 0x00, 0xD0, 0xAA, 0x00, 0x00, 0x00, 0xAD, 0x00, 0x00, 0x00, 0xD0, 0x00, 0x00, 0x00, 0xDD,
    0x00, 0x00, 0xD0, 0xDD, 0x00, 0x00, 0x37, 0x8D, 0x00, 0x00, 0x7D, 0xD7, 0x00, 0x00, 0xD0, 0x73,
    0x66, 0x6A, 0x83, 0x12, 0x1A, 0x1C, 0xDA, 0x8D, 0x7A, 0x1A, 0x44, 0xDD, 0x6B, 0x4A, 0x21, 0x82,
    0x7A, 0x44, 0x89, 0x22, 0xAA, 0x49, 0xD0, 0xDD, 0x56, 0x07, 0x00, 0xDD, 0x17, 0x00, 0x00, 0x00,
    0x22, 0x59, 0x22, 0x99, 0x98, 0x95, 0x89, 0xD8, 0x63, 0x8A, 0x68, 0x66, 0x1D, 0xA1, 0x3D, 0x33,
    0x18, 0xA3, 0x3D, 0x31, 0x6D, 0xD6, 0x16, 0x31, 0xAC, 0x6D, 0x36, 0x11, 0xDD, 0x66, 0x13, 0x11,
    0x0A, 0x00, 0x00, 0x00, 0x03, 0x00, 0x00, 0x00, 0x00, 0x00, 0x00, 0x00, 0x00, 0x00, 0x00, 0xD0,
    0x00, 0x00, 0x00, 0xBD, 0x00, 0x00, 0xDD, 0xBD, 0x00, 0xD0, 0xDD, 0xBD, 0x00, 0x4D, 0xA4, 0xDA,
    0xD0, 0x6D, 0x13, 0x31, 0xD0, 0x6D, 0x36, 0x33, 0x7D, 0xD7, 0xDD, 0x36, 0xDB, 0xDD, 0xDD, 0xDD,
    0xBB, 0xDD, 0xDD, 0xBD, 0xBB, 0xDB, 0xBD, 0xBB, 0xDB, 0xDB, 0xBD, 0xDB, 0xDD, 0xBB, 0xDD, 0xBB,
    0x09, 0x00, 0x00, 0x00, 0x92, 0x00, 0x00, 0x00, 0x99, 0x00, 0x00, 0x00, 0x0D, 0x00, 0x00, 0x00,
    0xD3, 0x00, 0x00, 0x00, 0x63, 0x0D, 0x00, 0x00, 0x63, 0x0D, 0x00, 0x00, 0x33, 0xD6, 0x00, 0x00,
    0x33, 0xD6, 0x00, 0x00, 0x33, 0x66, 0x0D, 0x00, 0x63, 0xD6, 0x0D, 0x00, 0xDD, 0x0D, 0x00, 0x00,
    0xDB, 0x0D, 0x00, 0x00, 0xBB, 0x0D, 0x00, 0x00, 0xDD, 0x0D, 0x00, 0x00, 0xDD, 0x0D, 0x00, 0x00,
    0xDD, 0x0D, 0x00, 0x00, 0xDD, 0x0D, 0x00, 0x00, 0xAA, 0x0D, 0x00, 0x00, 0x44, 0xDD, 0x00, 0x00,
    0x11, 0xDA, 0x00, 0x00, 0x11, 0xD4, 0x00, 0x00, 0x14, 0xD4, 0x0D, 0x00, 0x44, 0x41, 0xDA, 0x00,
    0x14, 0x41, 0xD4, 0x0D, 0xAA, 0x44, 0xAA, 0xDD, 0x1A, 0xD1, 0xDD, 0xDD, 0xDD, 0x8A, 0xD8, 0x7D,
    0xD8, 0xDD, 0xAD, 0xD3, 0xDD, 0xDD, 0xDD, 0x0D, 0xDD, 0xDD, 0xD7, 0x00, 0xDD, 0x3D, 0x0D, 0x00,
    0x00, 0x00, 0x00, 0x00, 0x00, 0x00, 0x00, 0x00, 0x00, 0x00, 0x00, 0x00, 0x00, 0x00, 0x00, 0x70,
    0x00, 0x00, 0xA0, 0xDD, 0x00, 0x00, 0xD7, 0xA7, 0x00, 0x00, 0x3A, 0xD3, 0x00, 0xD3, 0x6D, 0xD6,
    0x30, 0xAA, 0x0D, 0x00, 0x00, 0xA0, 0xDA, 0x00, 0x70, 0x77, 0xD4, 0x00, 0xDA, 0x37, 0xD4, 0x00,
    0xD3, 0xC1, 0xD6, 0x00, 0xD3, 0xD0, 0xD4, 0x62, 0x74, 0xAA, 0xC4, 0x46, 0x63, 0x7A, 0x73, 0x7D,
    0x00, 0x00, 0x00, 0xDD, 0x00, 0x00, 0x00, 0x00, 0x00, 0x00, 0x00, 0x00, 0x00, 0x00, 0x00, 0x00,
    0x00, 0x00, 0x00, 0x00, 0x00, 0x00, 0x00, 0x00, 0x00, 0x00, 0x00, 0x00, 0x00, 0x00, 0x00, 0x00,
    0x37, 0xD7, 0x00, 0x00, 0xDD, 0x0D, 0x00, 0x00, 0x00, 0x00, 0x00, 0x00, 0x00, 0x00, 0x00, 0x00,
    0x00, 0x00, 0x00, 0x00, 0x00, 0x00, 0x00, 0x00, 0x00, 0x00, 0x00, 0x00, 0x00, 0x00, 0x00, 0x00,
    0x00, 0x00, 0x00, 0x00, 0x00, 0x00, 0x00, 0x00, 0x00, 0x00, 0x00, 0x00, 0x00, 0x00, 0x00, 0x00,
    0x00, 0x00, 0x00, 0x00, 0x00, 0x00, 0x00, 0x00, 0x02, 0x00, 0x00, 0x00, 0x42, 0x00, 0x00, 0x00,
    0x00, 0x70, 0x3D, 0xDD, 0x60, 0xDA, 0x4D, 0xDD, 0xD6, 0x64, 0x67, 0xA3, 0x00, 0x70, 0x36, 0x74,
    0x00, 0x00, 0xDB, 0xDD, 0x00, 0xA0, 0x6A, 0xA3, 0x00, 0x00, 0x00, 0x01, 0x00, 0x00, 0x00, 0x00,
    0xA4, 0x1A, 0x21, 0x15, 0xDD, 0xA3, 0x56, 0x1A, 0x66, 0x04, 0xA7, 0x1A, 0x90, 0x0D, 0x7A, 0x26,
    0x60, 0x30, 0x77, 0x34, 0x00, 0xD0, 0xA4, 0x64, 0x00, 0x10, 0x4A, 0xA7, 0x00, 0x00, 0x40, 0xB1,
};
static const u16 sFrame56[] = {
    0x0009, 0x40D1, 0x81EF, 0x0000, 0x40F1, 0x81E7, 0x0008, 0x00E1, 0x41F7, 0x0010, 0x80E1, 0x4007,
    0x0014, 0x40C9, 0x01E7, 0x0018, 0x4001, 0x01FF, 0x001A, 0x00C9, 0x01F7, 0x001C, 0x00D1, 0x01E7,
    0x001D, 0x00E1, 0x01EF, 0x001E, 0x0000,
};
static const void* const sFrames56[] = { sFrame56 };
static const u8 sTiles57[864] __attribute__((aligned(4))) = {
    0x00, 0x00, 0x00, 0x00, 0x00, 0x00, 0x00, 0x00, 0x00, 0x00, 0x00, 0x00, 0x00, 0x00, 0x00, 0x00,
    0x00, 0x00, 0x00, 0x00, 0x00, 0x00, 0x00, 0x00, 0x00, 0x00, 0x00, 0x96, 0x00, 0x00, 0x00, 0x00,
    0x00, 0x00, 0x00, 0x00, 0x00, 0x00, 0x00, 0x00, 0x00, 0x00, 0x00, 0x00, 0x00, 0x00, 0x00, 0x00,
    0x00, 0x00, 0x00, 0x00, 0x00, 0x00, 0x00, 0x00, 0x04, 0x00, 0x00, 0x00, 0x10, 0x01, 0x04, 0x00,
    0x00, 0x00, 0x00, 0x00, 0x00, 0x00, 0x00, 0x40, 0x00, 0x00, 0x00, 0x10, 0x00, 0x00, 0x41, 0x64,
    0x00, 0x00, 0x10, 0x66, 0x00, 0x51, 0xA0, 0x6D, 0x51, 0x22, 0x42, 0x3D, 0x00, 0x11, 0x10, 0x3D,
    0x11, 0x00, 0x00, 0x00, 0x55, 0x00, 0x00, 0x00, 0x12, 0x00, 0x00, 0x00, 0xA4, 0xA3, 0x03, 0x00,
    0xD4, 0x36, 0x00, 0x00, 0xD7, 0xDD, 0x2A, 0x12, 0x46, 0x41, 0x03, 0x02, 0xD1, 0x4D, 0x73, 0x0D,
    0x00, 0x00, 0x41, 0x01, 0x0D, 0x00, 0x30, 0xA7, 0x07, 0x40, 0x15, 0x00, 0x0A, 0x10, 0x61, 0xD6,
    0x08, 0x10, 0xD2, 0x83, 0x38, 0x7A, 0x3A, 0x9A, 0x00, 0x10, 0x73, 0x96, 0x00, 0x00, 0x47, 0x19,
    0x00, 0x00, 0x00, 0x00, 0x67, 0x76, 0x77, 0x01, 0xD6, 0x4A, 0x00, 0x31, 0x33, 0xDA, 0x43, 0x03,
    0x99, 0x59, 0x4A, 0x65, 0x28, 0x98, 0xBD, 0xDD, 0x32, 0xC6, 0x46, 0x45, 0x21, 0x92, 0x26, 0xDA,
    0x00, 0x00, 0x70, 0x7D, 0x00, 0x00, 0x70, 0x1D, 0x33, 0x44, 0xD6, 0x63, 0xA4, 0xD7, 0xD7, 0x37,
    0x04, 0x00, 0xD4, 0x1D, 0xA7, 0xDD, 0x1D, 0xD7, 0x44, 0xA6, 0x4D, 0x71, 0xDD, 0x3D, 0xD4, 0xAD,
    0xDA, 0xDD, 0xAD, 0x7D, 0x36, 0x3A, 0x34, 0xA3, 0x7D, 0x44, 0xD7, 0xDD, 0xAD, 0xAA, 0x07, 0x71,
    0x42, 0x7D, 0xD7, 0x1D, 0x46, 0x33, 0x33, 0x34, 0xAA, 0x7A, 0xDD, 0xDD, 0x66, 0xDA, 0x04, 0x00,
    0x00, 0xA0, 0x6A, 0x19, 0x00, 0x00, 0xA4, 0x19, 0x00, 0x80, 0x51, 0x29, 0x0D, 0x00, 0x58, 0xD5,
    0x0D, 0x00, 0x88, 0x09, 0xDD, 0x00, 0x80, 0x19, 0xDD, 0x00, 0x00, 0x19, 0xDD, 0x00, 0x00, 0x12,
    0x12, 0x12, 0x78, 0x00, 0x12, 0x12, 0xD9, 0x00, 0x22, 0x81, 0x05, 0x00, 0xD0, 0x69, 0x0A, 0x00,
    0x0D, 0x06, 0x00, 0x00, 0x91, 0x00, 0x00, 0x00, 0x02, 0x00, 0x00, 0x00, 0x08, 0x00, 0x00, 0x00,
    0x00, 0x00, 0x00, 0x00, 0x00, 0x00, 0x00, 0x00, 0x00, 0x00, 0x00, 0x00, 0x00, 0x00, 0x00, 0x00,
    0x00, 0x00, 0x00, 0x00, 0x00, 0x00, 0x00, 0x00, 0x90, 0x00, 0x90, 0x00, 0x95, 0x00, 0x99, 0x00,
    0x00, 0x77, 0x00, 0x00, 0x00, 0x00, 0x00, 0x00, 0x00, 0x00, 0x00, 0x00, 0x00, 0x00, 0x00, 0x00,
    0x00, 0x00, 0x00, 0x00, 0x00, 0x00, 0x00, 0x00, 0x00, 0x00, 0x00, 0x00, 0x00, 0x00, 0x00, 0x00,
    0xDD, 0x0D, 0x80, 0x12, 0xDD, 0x0D, 0x9C, 0x28, 0xDD, 0x0D, 0xD0, 0xDD, 0xDD, 0x0D, 0xD0, 0x36,
    0xDD, 0x0D, 0xD0, 0x16, 0xDD, 0xDD, 0xD3, 0x13, 0x6D, 0x36, 0xD6, 0x31, 0x36, 0x36, 0x3D, 0x31,
    0x08, 0x00, 0x00, 0x99, 0x08, 0x00, 0x80, 0x59, 0xDD, 0x80, 0x98, 0x59, 0xD6, 0x18, 0x22, 0x55,
    0xD1, 0x61, 0x97, 0x92, 0xD3, 0x12, 0x23, 0x59, 0x9D, 0x82, 0x98, 0x55, 0x5D, 0x59, 0x59, 0x99,
    0x95, 0x99, 0x95, 0x00, 0x59, 0x55, 0x92, 0x99, 0x92, 0x29, 0x55, 0x55, 0x25, 0x59, 0x22, 0x95,
    0x55, 0x55, 0x52, 0x09, 0x25, 0x95, 0x99, 0x09, 0x29, 0x22, 0x55, 0x95, 0x55, 0x95, 0x99, 0x09,
    0x00, 0x00, 0x00, 0x00, 0x99, 0x00, 0x00, 0x00, 0x09, 0x00, 0x00, 0x00, 0x00, 0x00, 0x00, 0x00,
    0x00, 0x00, 0x00, 0x00, 0x00, 0x00, 0x00, 0x00, 0x00, 0x00, 0x00, 0x00, 0x00, 0x00, 0x00, 0x00,
    0x00, 0x00, 0x00, 0x00, 0x00, 0x00, 0x00, 0xD0, 0x00, 0x00, 0xD0, 0x7D, 0x00, 0x00, 0xDD, 0x77,
    0x00, 0xDD, 0x7D, 0x77, 0xD0, 0xD7, 0x77, 0x33, 0xDD, 0x77, 0x33, 0xAA, 0x77, 0x37, 0xA3, 0xD8,
    0xDD, 0x0D, 0xDD, 0xDD, 0x77, 0xD7, 0x73, 0x77, 0x77, 0x37, 0x3D, 0x3A, 0x77, 0x37, 0xAD, 0xAD,
    0x33, 0xA3, 0xDD, 0xDD, 0xA3, 0xDA, 0xD8, 0xDD, 0xDA, 0x8D, 0xDD, 0xDD, 0xDD, 0xD8, 0x8D, 0x88,
    0x77, 0x33, 0xDA, 0x88, 0x3D, 0xAA, 0xDD, 0x4D, 0xA0, 0xDA, 0xDD, 0x11, 0x00, 0x90, 0x4D, 0xA1,
    0x00, 0x00, 0x4D, 0x4A, 0x00, 0x00, 0xDD, 0x4A, 0x00, 0x00, 0x00, 0xAD, 0x00, 0x00, 0x00, 0xD0,
    0x88, 0xAD, 0xD4, 0x00, 0x11, 0xD4, 0xA1, 0x0D, 0x14, 0x41, 0x4D, 0xDA, 0x14, 0xA4, 0xDA, 0x44,
    0x11, 0x41, 0x44, 0xDA, 0x14, 0x11, 0x41, 0xA4, 0x44, 0x11, 0x11, 0xAA, 0xAD, 0x44, 0xA1, 0xDD,
    0x00, 0x00, 0xD0, 0x6D, 0x00, 0x00, 0xD0, 0x3D, 0x00, 0x00, 0xD0, 0x36, 0x00, 0x00, 0x00, 0x3D,
    0x00, 0x00, 0x00, 0x6D, 0x00, 0x00, 0x00, 0xDD, 0x00, 0x00, 0x00, 0x00, 0x00, 0x00, 0x00, 0x00,
    0x13, 0xD3, 0x36, 0x63, 0x11, 0xD1, 0x66, 0x6A, 0x11, 0x11, 0xDD, 0x6D, 0x11, 0x66, 0x13, 0x31,
    0xD3, 0xDD, 0x1D, 0x83, 0xDD, 0xD0, 0x66, 0x08, 0x00, 0x00, 0xDD, 0x00, 0x00, 0x00, 0x00, 0x00,
    0x9D, 0x25, 0x95, 0x59, 0x96, 0x52, 0x95, 0x25, 0x88, 0x52, 0x25, 0x29, 0x88, 0x59, 0x55, 0x59,
    0xD8, 0x59, 0x59, 0x55, 0x29, 0x29, 0x29, 0x25, 0x99, 0x90, 0x95, 0x59, 0x00, 0x90, 0x05, 0x99,
    0x25, 0x52, 0x95, 0x00, 0x25, 0x92, 0x99, 0x00, 0x99, 0x59, 0x92, 0x00, 0x95, 0x22, 0x09, 0x00,
    0x29, 0x22, 0x09, 0x00, 0x22, 0x92, 0x00, 0x00, 0x95, 0x09, 0x00, 0x00, 0x09, 0x00, 0x00, 0x00,
    0x00, 0x00, 0x00, 0x00, 0x03, 0x00, 0x00, 0x00, 0x00, 0x00, 0x00, 0x00, 0x07, 0x00, 0x00, 0x00,
    0xA6, 0x00, 0x00, 0x00, 0xA4, 0x00, 0x00, 0x00, 0xDD, 0x00, 0x00, 0x00, 0x00, 0x00, 0x00, 0x00,
    0xD0, 0x44, 0xDA, 0xDD, 0xD0, 0xAD, 0xDD, 0xDD, 0x00, 0xAD, 0xDD, 0xDD, 0x00, 0xD0, 0xDD, 0xDD,
    0x00, 0xD0, 0xDD, 0xDD, 0x00, 0xD0, 0xDD, 0xDD, 0x00, 0xD0, 0xDD, 0xDD, 0x00, 0x00, 0xDD, 0xDD,
    0x00, 0x20, 0x00, 0x00, 0x00, 0x00, 0x00, 0x00, 0x00, 0x00, 0x00, 0x00, 0x00, 0x00, 0x00, 0x00,
    0x00, 0x00, 0x00, 0x00, 0x00, 0x00, 0x00, 0x00, 0x00, 0x00, 0x00, 0x00, 0x00, 0x00, 0x00, 0x00,
};
static const u16 sFrame57[] = {
    0x0006, 0x00DA, 0x8000, 0x0000, 0x00E2, 0x41F0, 0x0010, 0x40FA, 0x41F8, 0x0014, 0x00E2, 0x0020,
    0x0018, 0x00F2, 0x01F8, 0x0019, 0x0002, 0x0008, 0x001A, 0x0000,
};
static const void* const sFrames57[] = { sFrame57 };
static const u8 sTiles58[832] __attribute__((aligned(4))) = {
    0x00, 0x00, 0x00, 0x00, 0x00, 0x00, 0x00, 0x00, 0x00, 0x00, 0x00, 0x00, 0x00, 0x00, 0x00, 0x00,
    0x00, 0x00, 0x00, 0x00, 0x00, 0x00, 0x00, 0x00, 0x00, 0x00, 0x00, 0x96, 0x00, 0x00, 0x00, 0x00,
    0x00, 0x00, 0x00, 0x00, 0x00, 0x00, 0x00, 0x00, 0x00, 0x00, 0x00, 0x00, 0x00, 0x00, 0x00, 0x00,
    0x00, 0x00, 0x00, 0x00, 0x00, 0x00, 0x00, 0x00, 0x04, 0x00, 0x00, 0x00, 0x10, 0x01, 0x09, 0x00,
    0x00, 0x00, 0x00, 0x00, 0x00, 0x00, 0x00, 0xA4, 0x00, 0x00, 0x00, 0xD4, 0x00, 0xA0, 0x6D, 0xD7,
    0x00, 0x40, 0x3D, 0x46, 0x00, 0x11, 0x3D, 0xD1, 0x51, 0x72, 0x7D, 0xDA, 0x00, 0x71, 0x1D, 0x31,
    0x11, 0x00, 0x00, 0x00, 0x55, 0x00, 0x00, 0x00, 0x12, 0x00, 0x00, 0x00, 0xDD, 0xAA, 0x03, 0x00,
    0x41, 0x36, 0x00, 0x00, 0x4D, 0x73, 0x2D, 0x12, 0xDD, 0xAD, 0x7D, 0x02, 0x3A, 0x34, 0xA3, 0x00,
    0x00, 0x00, 0x41, 0xD6, 0x00, 0x00, 0xD0, 0x33, 0x00, 0xD8, 0x9D, 0x98, 0x00, 0x9D, 0x28, 0x95,
    0x00, 0x59, 0x11, 0x51, 0x30, 0x19, 0x12, 0x92, 0xA0, 0x29, 0x12, 0x12, 0x00, 0x29, 0x21, 0x59,
    0x0A, 0x00, 0x99, 0x00, 0xDA, 0x76, 0x59, 0x09, 0x71, 0x5A, 0x59, 0x95, 0x91, 0x99, 0x59, 0x52,
    0x62, 0x59, 0x52, 0x22, 0x65, 0x96, 0x25, 0x55, 0x21, 0x9D, 0x95, 0x59, 0x96, 0x99, 0x95, 0x52,
    0x00, 0xD6, 0x63, 0x7D, 0x90, 0xD7, 0x37, 0xAD, 0x59, 0xD9, 0x1D, 0x47, 0x59, 0x99, 0x99, 0x46,
    0x59, 0x59, 0x29, 0x99, 0x29, 0x59, 0x59, 0x22, 0x25, 0x25, 0x92, 0x22, 0x22, 0x25, 0x92, 0x29,
    0x44, 0xD7, 0xDD, 0x00, 0xAA, 0x17, 0x71, 0xA7, 0x7D, 0xD7, 0x1D, 0xA6, 0x33, 0x33, 0x34, 0xA4,
    0x7A, 0xDD, 0xDD, 0xDD, 0xD9, 0x24, 0x02, 0x00, 0x92, 0x46, 0x00, 0x00, 0x92, 0x00, 0x00, 0x00,
    0x00, 0x70, 0x66, 0x47, 0x00, 0x00, 0xA3, 0xDA, 0x00, 0x80, 0x88, 0x21, 0x00, 0x80, 0x99, 0x12,
    0x00, 0x20, 0x82, 0x28, 0x00, 0x90, 0x19, 0x99, 0x00, 0x00, 0x19, 0x9D, 0x0D, 0x00, 0x99, 0x21,
    0xD4, 0x55, 0x29, 0x55, 0x6A, 0x9A, 0x55, 0x95, 0x96, 0x98, 0x99, 0x25, 0x22, 0x09, 0x98, 0x92,
    0x21, 0x09, 0x85, 0x72, 0x21, 0x08, 0x88, 0x61, 0x18, 0x88, 0xC9, 0x18, 0x28, 0x81, 0x69, 0x86,
    0x95, 0x55, 0x95, 0x95, 0x55, 0x59, 0x22, 0x55, 0x59, 0x99, 0x95, 0x59, 0x92, 0x95, 0x29, 0x55,
    0x83, 0x59, 0x55, 0x95, 0x81, 0x25, 0x55, 0x55, 0x22, 0x59, 0x22, 0x99, 0x98, 0x95, 0x89, 0xD8,
    0x52, 0x09, 0x00, 0x00, 0x52, 0x09, 0x00, 0x00, 0x95, 0x09, 0x00, 0x00, 0x92, 0x00, 0x00, 0x00,
    0x59, 0x05, 0x00, 0x00, 0x92, 0x29, 0x00, 0x00, 0x99, 0x00, 0x00, 0x00, 0x92, 0x00, 0x00, 0x00,
    0xDA, 0xDD, 0x9D, 0x12, 0x44, 0xA1, 0x9A, 0x18, 0x44, 0xA1, 0x44, 0x89, 0x41, 0x11, 0x14, 0x91,
    0x41, 0x14, 0x11, 0x91, 0xA4, 0xA1, 0x41, 0x41, 0xD4, 0xDD, 0xDD, 0xD4, 0x0D, 0x00, 0xD0, 0xDD,
    0x88, 0x82, 0x3C, 0x63, 0xC2, 0xD8, 0x13, 0x11, 0xC9, 0xD1, 0x13, 0x11, 0x44, 0x6D, 0xDD, 0x36,
    0xD3, 0xCC, 0xD6, 0xDD, 0xDD, 0xD7, 0x3D, 0xD1, 0xDD, 0x7D, 0x67, 0x13, 0xDD, 0xDD, 0x77, 0x36,
    0xDC, 0xCC, 0x9D, 0x00, 0xC3, 0xDD, 0xDC, 0x00, 0x11, 0x63, 0xDD, 0x00, 0x11, 0x61, 0xDD, 0x00,
    0x33, 0x63, 0xDD, 0x00, 0x36, 0xD6, 0xDD, 0x00, 0xDD, 0x6D, 0x0D, 0x00, 0x11, 0x31, 0xD6, 0x00,
    0x99, 0x00, 0x00, 0x00, 0x00, 0x00, 0x00, 0x00, 0x00, 0x00, 0x00, 0x00, 0x00, 0x00, 0x00, 0x00,
    0x00, 0x00, 0x00, 0x00, 0x00, 0x00, 0x00, 0x00, 0x00, 0x00, 0x00, 0x00, 0x00, 0x00, 0x00, 0x00,
    0x00, 0x00, 0x00, 0x00, 0x00, 0x00, 0x00, 0x00, 0x00, 0x00, 0x00, 0x00, 0x00, 0x00, 0x00, 0x00,
    0x00, 0xDD, 0x0D, 0x00, 0xD0, 0x8D, 0xD8, 0x00, 0xDD, 0xDD, 0x8D, 0xDD, 0x7D, 0xDA, 0xDD, 0x88,
    0x00, 0x00, 0xD0, 0xAA, 0x00, 0x00, 0xAD, 0xA4, 0x00, 0x00, 0x4D, 0x14, 0x00, 0xD0, 0x4A, 0x11,
    0x00, 0x4D, 0x4A, 0x11, 0xD0, 0x14, 0x14, 0x11, 0xDD, 0x11, 0x11, 0x41, 0x4D, 0x41, 0x14, 0x44,
    0x3D, 0xA7, 0x9D, 0xDD, 0xD0, 0xA3, 0xDD, 0xDD, 0x00, 0x7D, 0xAA, 0xDD, 0x00, 0xD0, 0x73, 0xDA,
    0x00, 0x00, 0xDD, 0xA3, 0x00, 0x00, 0x00, 0x7D, 0x00, 0x00, 0x00, 0xD0, 0x00, 0x00, 0x00, 0x00,
    0xDD, 0x14, 0x4A, 0xA4, 0xDD, 0x1D, 0xA1, 0xDA, 0xDD, 0xDD, 0x44, 0x0D, 0xDD, 0xDD, 0xDD, 0x0D,
    0xDA, 0xAD, 0xD7, 0x00, 0xA3, 0x3A, 0xDD, 0x00, 0x7D, 0x73, 0x0D, 0x00, 0xD0, 0xDD, 0x00, 0x00,
    0xDD, 0xDD, 0xDD, 0x37, 0xDD, 0xDD, 0xDD, 0x7D, 0xDA, 0xDD, 0xDD, 0xDD, 0xA1, 0xDD, 0xDD, 0x0D,
    0x44, 0xAA, 0xDD, 0x00, 0x44, 0xDD, 0x00, 0x00, 0xDA, 0x0D, 0x00, 0x00, 0x0D, 0x00, 0x00, 0x00,
    0x13, 0x31, 0xD6, 0x00, 0x67, 0x66, 0x0D, 0x00, 0x7D, 0xD7, 0x00, 0x00, 0xD0, 0xDD, 0x00, 0x00,
    0x00, 0x00, 0x00, 0x00, 0x00, 0x00, 0x00, 0x00, 0x00, 0x00, 0x00, 0x00, 0x00, 0x00, 0x00, 0x00,
    0x00, 0x00, 0x00, 0x00, 0x00, 0x00, 0x00, 0x00, 0x00, 0xDD, 0xDD, 0x00, 0xD0, 0x3C, 0xDA, 0x0D,
    0xD0, 0xA7, 0x8D, 0x0D, 0xD0, 0xA3, 0xDD, 0xD8, 0xD0, 0xA7, 0xDD, 0xD8, 0xD0, 0xA3, 0xDD, 0x8D,
    0xD0, 0x7C, 0x9A, 0x89, 0xD0, 0x37, 0xDA, 0x8D, 0x00, 0x7D, 0xDA, 0xDD, 0x00, 0x3D, 0xDA, 0xDD,
    0x00, 0xD0, 0xA7, 0xDD, 0x00, 0xD0, 0xA3, 0xDD, 0x00, 0xD0, 0x77, 0xDD, 0x00, 0x00, 0xDD, 0xDD,
    0x00, 0x00, 0x00, 0x00, 0x03, 0x00, 0x00, 0x00, 0x00, 0x00, 0x00, 0x00, 0x0D, 0x00, 0x00, 0x00,
    0x00, 0x00, 0x00, 0x00, 0x00, 0x00, 0x00, 0x00, 0x00, 0x00, 0x00, 0x00, 0x00, 0x00, 0x00, 0x00,
    0x0D, 0x00, 0x00, 0x00, 0x00, 0x00, 0x00, 0x00, 0x00, 0x00, 0x00, 0x00, 0x00, 0x00, 0x00, 0x00,
    0x00, 0x00, 0x00, 0x00, 0x00, 0x00, 0x00, 0x00, 0x00, 0x00, 0x00, 0x00, 0x00, 0x00, 0x00, 0x00,
};
static const u16 sFrame58[] = {
    0x0006, 0x00D3, 0x81FE, 0x0000, 0x00F3, 0x41F6, 0x0010, 0x40F3, 0x0006, 0x0014, 0x80E3, 0x01F6,
    0x0016, 0x00DB, 0x001E, 0x0018, 0x00FB, 0x0006, 0x0019, 0x0000,
};
static const void* const sFrames58[] = { sFrame58 };
static const u8 sTiles59[736] __attribute__((aligned(4))) = {
    0x00, 0x00, 0xDD, 0xDD, 0x00, 0xD0, 0x3C, 0xDA, 0x00, 0xD0, 0xA7, 0x8D, 0x00, 0xD0, 0xA3, 0xDD,
    0x00, 0xD0, 0xA7, 0xDD, 0x00, 0xD0, 0xA3, 0xDD, 0x00, 0xD0, 0x7C, 0x9A, 0x00, 0xD0, 0x37, 0xDA,
    0x00, 0x00, 0x00, 0x00, 0x0D, 0x00, 0x00, 0x00, 0x0D, 0x00, 0x00, 0x00, 0xD8, 0x00, 0x00, 0xDD,
    0xD8, 0xD0, 0xDD, 0xAA, 0x8D, 0xAD, 0x4A, 0x44, 0x89, 0x4A, 0x44, 0x44, 0x8D, 0xA4, 0x11, 0x11,
    0x00, 0x00, 0x00, 0x00, 0x00, 0x00, 0x00, 0x00, 0x00, 0x00, 0x00, 0x00, 0x0D, 0x00, 0x00, 0x00,
    0xDA, 0xDD, 0x30, 0xAA, 0x44, 0xA4, 0x6D, 0xD6, 0x14, 0x41, 0xAA, 0xBD, 0x11, 0x11, 0xA4, 0xBB,
    0x00, 0x00, 0x00, 0x00, 0x00, 0x00, 0x00, 0x00, 0x00, 0xC0, 0x98, 0x09, 0x00, 0x8D, 0x22, 0x92,
    0x0D, 0x29, 0x99, 0x28, 0xDB, 0xDD, 0xDA, 0xCD, 0xBB, 0xDD, 0xD7, 0xA6, 0xDB, 0x7D, 0xDD, 0x6A,
    0x00, 0x00, 0x7D, 0xDA, 0x00, 0x00, 0x3D, 0xDA, 0x00, 0x00, 0xD0, 0xA7, 0x00, 0x00, 0xD0, 0xA3,
    0x00, 0x00, 0xD0, 0x77, 0x00, 0x00, 0xDD, 0xDD, 0xD0, 0xDD, 0x37, 0xAA, 0x7D, 0x73, 0xD3, 0xAD,
    0xDD, 0xA4, 0x11, 0x11, 0xDD, 0x41, 0x11, 0x44, 0xDD, 0x11, 0x41, 0xAD, 0xDD, 0xD4, 0xDD, 0xDD,
    0xDD, 0x4A, 0x14, 0x11, 0xAA, 0x14, 0x11, 0x11, 0xA1, 0x11, 0x11, 0x11, 0x41, 0x11, 0x11, 0x41,
    0x44, 0x11, 0xA4, 0xBD, 0x4A, 0x11, 0xA4, 0xDB, 0x4A, 0x11, 0xA4, 0xDD, 0xAD, 0xDD, 0xDD, 0xDD,
    0xAA, 0xDA, 0xBB, 0xBD, 0x71, 0xA3, 0xBD, 0xBB, 0x11, 0x41, 0xDA, 0xBB, 0x44, 0x44, 0xA4, 0xDB,
    0x7D, 0xD7, 0xDD, 0xDD, 0xDB, 0xDD, 0x73, 0x73, 0xDD, 0xDD, 0xDD, 0xDD, 0xBB, 0xDD, 0xDD, 0xDD,
    0xDD, 0xD7, 0x6A, 0x16, 0xDB, 0xD3, 0x1A, 0x13, 0xDD, 0x77, 0x6A, 0x33, 0xBB, 0x3D, 0xAD, 0x66,
    0x00, 0x00, 0x00, 0x00, 0x00, 0x00, 0x00, 0x00, 0x00, 0x00, 0x00, 0x00, 0x00, 0x00, 0x00, 0x00,
    0x98, 0x00, 0xD0, 0x0D, 0x22, 0x98, 0xDD, 0xC3, 0xA6, 0x82, 0xAD, 0x6A, 0x33, 0xDA, 0xDA, 0x9A,
    0x00, 0x00, 0x00, 0x00, 0x00, 0x00, 0x00, 0x00, 0x00, 0x00, 0x00, 0x00, 0x00, 0x00, 0x00, 0x09,
    0x00, 0x00, 0x00, 0x95, 0x00, 0x00, 0x90, 0x25, 0x0A, 0x00, 0x99, 0x95, 0xA8, 0x99, 0x92, 0x59,
    0x00, 0x00, 0x00, 0x00, 0x00, 0x00, 0x00, 0x00, 0x00, 0x00, 0x00, 0x00, 0x00, 0x09, 0x00, 0x00,
    0x90, 0x05, 0x00, 0x00, 0x29, 0x95, 0x25, 0x09, 0x22, 0x29, 0x92, 0x00, 0x52, 0x52, 0x55, 0x55,
    0x00, 0x00, 0x00, 0x00, 0x00, 0x00, 0x00, 0x00, 0x00, 0x00, 0x00, 0x00, 0x00, 0x00, 0x00, 0x00,
    0x00, 0x00, 0x00, 0x00, 0x00, 0x00, 0x00, 0x00, 0x00, 0x00, 0x00, 0x00, 0x95, 0x00, 0x00, 0x00,
    0x6D, 0x17, 0x1D, 0x88, 0x73, 0x7D, 0x71, 0xA6, 0xDD, 0x1D, 0x1D, 0x2D, 0xAA, 0xD6, 0xD9, 0x98,
    0x31, 0x1A, 0x31, 0x88, 0xA3, 0xA6, 0x66, 0x83, 0x63, 0x6A, 0xA6, 0x9A, 0xA6, 0xAD, 0x36, 0xA6,
    0x99, 0x92, 0x29, 0x25, 0x29, 0x22, 0x52, 0x29, 0x28, 0x22, 0x29, 0x95, 0x29, 0x92, 0x92, 0x22,
    0x89, 0x92, 0x52, 0x29, 0x88, 0x29, 0x29, 0x22, 0x98, 0x92, 0x59, 0x29, 0x59, 0x29, 0x92, 0x22,
    0x55, 0x29, 0x22, 0x22, 0x22, 0x25, 0x22, 0x92, 0x22, 0x95, 0x55, 0x09, 0x25, 0x29, 0x52, 0x52,
    0x52, 0x22, 0x25, 0x92, 0x25, 0x29, 0x25, 0x09, 0x29, 0x22, 0x95, 0x00, 0x92, 0x52, 0x22, 0x09,
    0x09, 0x00, 0x00, 0x00, 0x00, 0x00, 0x00, 0x00, 0x00, 0x00, 0x00, 0x00, 0x09, 0x00, 0x00, 0x00,
    0x00, 0x00, 0x00, 0x00, 0x00, 0x00, 0x00, 0x00, 0x00, 0x00, 0x00, 0x00, 0x00, 0x00, 0x00, 0x00,
    0x3D, 0xAA, 0xD7, 0xA9, 0x3D, 0xD3, 0x9A, 0x1A, 0x3D, 0xD7, 0x9D, 0x1A, 0x3D, 0x88, 0x98, 0x4A,
    0x3D, 0xD7, 0xDD, 0xDA, 0x7D, 0xA3, 0xDD, 0xDD, 0xD0, 0xDD, 0x0D, 0x00, 0x00, 0x00, 0x00, 0x00,
    0x14, 0x41, 0x44, 0x44, 0x44, 0x41, 0x44, 0x44, 0x4A, 0x44, 0xAA, 0xAA, 0x4A, 0xA4, 0xDA, 0xAA,
    0xAA, 0xDA, 0x0D, 0x00, 0xDA, 0x0D, 0x00, 0x00, 0x00, 0x00, 0x00, 0x00, 0x00, 0x00, 0x00, 0x00,
    0x44, 0xA4, 0xDA, 0xDB, 0x4A, 0x37, 0xBD, 0xDD, 0xAA, 0xDD, 0xDA, 0x0D, 0xDA, 0x00, 0x00, 0x00,
    0x00, 0x00, 0x00, 0x00, 0x00, 0x00, 0x00, 0x00, 0x00, 0x00, 0x00, 0x00, 0x00, 0x00, 0x00, 0x00,
    0xDB, 0x7D, 0xDD, 0x6A, 0xDD, 0x0D, 0x00, 0xDD, 0x00, 0x00, 0x00, 0x00, 0x00, 0x00, 0x00, 0x00,
    0x00, 0x00, 0x00, 0x00, 0x00, 0x00, 0x00, 0x00, 0x00, 0x00, 0x00, 0x00, 0x00, 0x00, 0x00, 0x00,
    0xDD, 0x36, 0x13, 0x61, 0xDD, 0x36, 0x11, 0x11, 0x00, 0xA0, 0x13, 0x61, 0x00, 0x00, 0xAA, 0xD6,
    0x00, 0x00, 0x00, 0xDC, 0x00, 0x00, 0x00, 0x00, 0x00, 0x00, 0x00, 0x00, 0x00, 0x00, 0x00, 0x00,
    0x9A, 0x55, 0x59, 0x52, 0xD6, 0xDD, 0x9D, 0x55, 0xDD, 0x82, 0xD9, 0x9D, 0x2D, 0x22, 0xD8, 0x93,
    0x99, 0x28, 0x7D, 0x2D, 0x00, 0x90, 0xDD, 0x27, 0x00, 0x00, 0x00, 0x90, 0x00, 0x00, 0x00, 0x00,
    0x25, 0x92, 0x95, 0x00, 0x9D, 0x99, 0x09, 0x00, 0x29, 0x22, 0xD2, 0x00, 0x22, 0x82, 0xDD, 0x00,
    0x22, 0x22, 0x98, 0x09, 0x22, 0x22, 0x22, 0x98, 0x82, 0x22, 0x98, 0x0A, 0xDD, 0x99, 0x09, 0x00,
};
static const u16 sFrame59[] = {
    0x0005, 0x40E8, 0x81E9, 0x0000, 0x40E8, 0x8009, 0x0008, 0x40F8, 0x41E9, 0x0010, 0x40F8, 0x0009,
    0x0014, 0x00F8, 0x0019, 0x0016, 0x0000,
};
static const void* const sFrames59[] = { sFrame59 };
static const u8 sTiles60[1088] __attribute__((aligned(4))) = {
    0x00, 0x00, 0x00, 0x00, 0x00, 0x00, 0x00, 0x00, 0x00, 0x00, 0x00, 0x00, 0x00, 0x00, 0x00, 0x00,
    0x00, 0x00, 0x00, 0x00, 0x00, 0x00, 0x00, 0x00, 0x00, 0x00, 0x00, 0x00, 0xA4, 0x04, 0x00, 0x00,
    0x00, 0x00, 0x00, 0x00, 0x00, 0x00, 0x00, 0x00, 0x00, 0x00, 0x00, 0x00, 0x00, 0x00, 0x00, 0x55,
    0x00, 0x00, 0x00, 0x90, 0x00, 0x55, 0x99, 0x99, 0x00, 0x50, 0x22, 0x52, 0x00, 0x00, 0x99, 0x22,
    0x00, 0x99, 0x99, 0x59, 0x90, 0x29, 0x92, 0x52, 0x99, 0x25, 0x52, 0x95, 0x99, 0x22, 0x55, 0x52,
    0x95, 0x99, 0x22, 0x22, 0x55, 0x59, 0x22, 0x22, 0x55, 0x92, 0x29, 0x22, 0x99, 0x22, 0x22, 0x52,
    0x00, 0x00, 0x00, 0x00, 0x99, 0x05, 0x00, 0x00, 0x29, 0x09, 0x00, 0x00, 0x59, 0x95, 0x00, 0x00,
    0x22, 0x98, 0x89, 0x00, 0x22, 0x22, 0x98, 0x08, 0x55, 0x85, 0x99, 0x99, 0x22, 0x92, 0x89, 0x39,
    0x42, 0x6A, 0x00, 0x00, 0xAC, 0xA7, 0xBA, 0x07, 0x27, 0x22, 0x22, 0x97, 0x22, 0x27, 0xA7, 0x12,
    0x01, 0x61, 0x46, 0x6A, 0xC6, 0x67, 0x32, 0x64, 0x76, 0x16, 0x31, 0x00, 0x36, 0x17, 0x00, 0x00,
    0x00, 0x00, 0x90, 0x22, 0x00, 0x00, 0x29, 0x22, 0xAB, 0x57, 0x99, 0x55, 0x41, 0xA7, 0xAB, 0x93,
    0x01, 0x11, 0xA3, 0xAA, 0xB9, 0x67, 0x94, 0x13, 0x10, 0x64, 0x14, 0x21, 0x00, 0x00, 0x31, 0x46,
    0x22, 0x92, 0x59, 0x52, 0x99, 0x59, 0x59, 0x22, 0x55, 0x99, 0x95, 0x22, 0x99, 0x22, 0x92, 0x22,
    0x29, 0x59, 0x22, 0x59, 0x9A, 0x59, 0x92, 0x55, 0x5A, 0x59, 0x92, 0x99, 0x76, 0x56, 0xD9, 0x3D,
    0x22, 0x99, 0x89, 0x69, 0x22, 0x99, 0x89, 0xAA, 0x22, 0x95, 0x88, 0x33, 0x92, 0x99, 0xA8, 0x11,
    0x99, 0x9D, 0x38, 0x61, 0xD9, 0xDA, 0x3A, 0xAA, 0x39, 0x31, 0xDA, 0x9D, 0x19, 0xA3, 0x9D, 0xD8,
    0x63, 0x76, 0x00, 0x00, 0x66, 0x05, 0x00, 0x00, 0x34, 0x47, 0x00, 0x00, 0x42, 0x62, 0x00, 0x00,
    0x25, 0x00, 0x00, 0x00, 0x00, 0x00, 0x00, 0x10, 0x00, 0x00, 0x4A, 0xA0, 0x04, 0x64, 0xAA, 0xDA,
    0x00, 0x00, 0x4A, 0x4D, 0x00, 0x00, 0x73, 0xD6, 0x00, 0x40, 0xDA, 0x40, 0x00, 0xD0, 0xD1, 0x92,
    0x00, 0x44, 0xC4, 0x96, 0xA3, 0xAD, 0x45, 0x96, 0x7D, 0x4D, 0x28, 0x5C, 0xD4, 0xD7, 0x3A, 0x7A,
    0xA7, 0x99, 0x99, 0xAD, 0x97, 0x55, 0x22, 0xA7, 0x59, 0x22, 0x11, 0x56, 0x25, 0x22, 0x22, 0x89,
    0x21, 0x22, 0x95, 0x09, 0x11, 0x22, 0xD9, 0xC9, 0x59, 0x21, 0x79, 0x36, 0x90, 0xC9, 0x0A, 0x00,
    0x11, 0xD3, 0x89, 0xDD, 0x3A, 0x0D, 0x09, 0xDD, 0xDD, 0x0D, 0x00, 0xDD, 0x03, 0xC6, 0x00, 0x4D,
    0x6C, 0xC3, 0xD0, 0x4A, 0xC6, 0x0C, 0xD0, 0x44, 0x00, 0x00, 0xD0, 0x14, 0x00, 0x00, 0xD0, 0x4A,
    0xDD, 0xAA, 0x04, 0x6D, 0x64, 0x6A, 0x3A, 0x0D, 0xA1, 0x17, 0xD6, 0x0D, 0xDD, 0xA0, 0xD0, 0x0D,
    0x47, 0xD6, 0x44, 0x0D, 0x47, 0x4D, 0xA1, 0x0D, 0xD0, 0x3D, 0xAD, 0x0D, 0xD7, 0xAD, 0x10, 0x0D,
    0x46, 0x30, 0xD0, 0xD3, 0x00, 0x00, 0x00, 0x60, 0x00, 0x00, 0x00, 0x00, 0x00, 0x00, 0x00, 0x00,
    0x00, 0x00, 0x00, 0x00, 0x00, 0x00, 0x00, 0x00, 0x00, 0x00, 0x00, 0x00, 0x00, 0x00, 0x00, 0x00,
    0xD1, 0x66, 0x00, 0x00, 0xD7, 0x06, 0x00, 0x00, 0x00, 0x00, 0x00, 0x00, 0x00, 0x00, 0x00, 0x00,
    0x00, 0x00, 0x00, 0x00, 0x00, 0x00, 0x00, 0x00, 0x00, 0x00, 0x00, 0x00, 0x00, 0x00, 0x00, 0x00,
    0x00, 0x00, 0x00, 0xAD, 0x00, 0x00, 0x00, 0xA0, 0x00, 0x00, 0x00, 0xD0, 0x00, 0x00, 0x00, 0x00,
    0x00, 0x00, 0x00, 0x00, 0x00, 0x00, 0x00, 0xDD, 0x00, 0x00, 0xDD, 0x88, 0x00, 0xD0, 0x8D, 0xDD,
    0x11, 0x11, 0x61, 0x0D, 0x16, 0x11, 0x63, 0x6D, 0x1A, 0x31, 0xD6, 0xDD, 0x33, 0x63, 0xD6, 0xDD,
    0x3A, 0xD6, 0xDD, 0xDB, 0x66, 0xDD, 0xDD, 0xBA, 0xD6, 0xDD, 0xBD, 0xAD, 0xDD, 0xBD, 0xBB, 0xDD,
    0x00, 0x00, 0x00, 0x00, 0x00, 0x00, 0x00, 0x00, 0x00, 0x00, 0x00, 0x00, 0x0D, 0x00, 0x00, 0x00,
    0x0D, 0x00, 0x00, 0x00, 0xDD, 0x00, 0x00, 0xDD, 0xDD, 0xDD, 0xDD, 0xAA, 0xAD, 0x14, 0x44, 0xA4,
    0xDD, 0xBB, 0xDB, 0xDD, 0xDD, 0xDD, 0xDD, 0xDD, 0xA4, 0xAA, 0xDD, 0xDD, 0x44, 0x14, 0xDA, 0xDD,
    0x14, 0x41, 0xA4, 0xDD, 0x11, 0x44, 0xA4, 0xDD, 0x11, 0x44, 0xAA, 0x0D, 0x41, 0xAA, 0xDA, 0x00,
    0xAD, 0x14, 0x14, 0xA4, 0x4A, 0x14, 0x11, 0x44, 0x4A, 0x11, 0x11, 0x44, 0x4A, 0x41, 0x44, 0xD4,
    0xDD, 0xAA, 0x44, 0xDA, 0x0D, 0xDA, 0xDD, 0x8D, 0x00, 0x00, 0x00, 0x80, 0x00, 0x00, 0x00, 0x80,
    0x11, 0x44, 0xD4, 0x00, 0x14, 0x11, 0x41, 0x0D, 0x14, 0x44, 0x1A, 0xD4, 0x4D, 0xAA, 0x14, 0xD4,
    0xAD, 0x44, 0x11, 0x44, 0x88, 0xD8, 0xDD, 0xDD, 0x9D, 0xDD, 0xDD, 0xDD, 0x9D, 0xDD, 0xAD, 0x7A,
    0x00, 0x00, 0x00, 0x80, 0x00, 0x00, 0x00, 0x80, 0x00, 0x00, 0x00, 0xD0, 0x00, 0x00, 0x00, 0x00,
    0x0D, 0x00, 0x00, 0x00, 0x0D, 0x00, 0x00, 0x00, 0x0D, 0x00, 0x00, 0x00, 0x0D, 0x00, 0x00, 0x00,
    0xAD, 0xAA, 0x7A, 0x73, 0x7A, 0x73, 0xD3, 0xDD, 0xC3, 0xD7, 0x0D, 0x00, 0xDD, 0x0D, 0x00, 0x00,
    0x00, 0x00, 0x00, 0x00, 0x00, 0x00, 0x00, 0x00, 0x00, 0x00, 0x00, 0x00, 0x00, 0x00, 0x00, 0x00,
    0x0D, 0x00, 0x00, 0x00, 0x00, 0x00, 0x00, 0x00, 0x00, 0x00, 0x00, 0x00, 0x00, 0x00, 0x00, 0x00,
    0x00, 0x00, 0x00, 0x00, 0x00, 0x00, 0x00, 0x00, 0x00, 0x00, 0x00, 0x00, 0x00, 0x00, 0x00, 0x00,
    0x00, 0x00, 0x00, 0x90, 0x00, 0x00, 0x00, 0x60, 0x00, 0x00, 0x5A, 0xA2, 0x00, 0x00, 0x20, 0x25,
    0x00, 0x00, 0x00, 0x10, 0x00, 0x20, 0x00, 0x10, 0x00, 0x20, 0x32, 0x17, 0x00, 0x00, 0x31, 0x73,
    0x00, 0x00, 0x10, 0x03, 0x00, 0x00, 0x70, 0x67, 0x00, 0x00, 0x10, 0x12, 0x00, 0x00, 0x00, 0x20,
    0x00, 0x00, 0x00, 0x50, 0x00, 0x00, 0x00, 0x00, 0x00, 0x00, 0x00, 0x00, 0x00, 0x00, 0x00, 0xA0,
    0x00, 0x00, 0x00, 0xD0, 0x00, 0x30, 0x60, 0xAA, 0x00, 0xD7, 0xAA, 0x76, 0xD3, 0x3D, 0x64, 0x1D,
    0x64, 0x4A, 0xD6, 0x31, 0xA0, 0xA3, 0x41, 0xD4, 0x10, 0x30, 0xD4, 0xA1, 0x00, 0x00, 0xDA, 0x14,
    0x00, 0x00, 0xD0, 0x7D, 0x00, 0x00, 0x10, 0xD7, 0x00, 0x00, 0x00, 0x00, 0x00, 0x00, 0x00, 0x00,
    0x00, 0x00, 0x00, 0x00, 0x00, 0x00, 0x00, 0x00, 0x00, 0x00, 0x00, 0x00, 0x00, 0x00, 0x00, 0x00,
    0x00, 0x00, 0x00, 0x00, 0x00, 0x00, 0x00, 0x00, 0x00, 0x00, 0x00, 0x00, 0x00, 0x00, 0x00, 0x00,
    0x00, 0x00, 0x00, 0x00, 0xDD, 0xDD, 0x00, 0x00, 0xDA, 0xDD, 0x0D, 0x00, 0xDA, 0xDD, 0xD3, 0x00,
    0xDA, 0xDD, 0xD3, 0x00, 0xDA, 0xDD, 0xD3, 0x00, 0xDD, 0xDD, 0xDA, 0x00, 0x88, 0xD8, 0xD7, 0x00,
    0xD8, 0xAD, 0xD3, 0x00, 0xDD, 0xDD, 0xD7, 0x00, 0xDD, 0xDD, 0xD3, 0x00, 0xDD, 0xDD, 0xD7, 0x00,
    0x00, 0x00, 0x00, 0x00, 0x00, 0x00, 0x00, 0x00, 0x00, 0x00, 0x00, 0x00, 0x00, 0x00, 0x00, 0x00,
    0x00, 0x00, 0x00, 0x00, 0x00, 0x90, 0x99, 0x09, 0x99, 0x69, 0x66, 0xD6, 0x33, 0x11, 0x33, 0xD3,
    0xDD, 0xAA, 0xD3, 0x00, 0xDD, 0x3A, 0xD7, 0x00, 0xD8, 0x7A, 0x0D, 0x00, 0xDD, 0xDD, 0x00, 0x00,
    0x00, 0x00, 0x00, 0x00, 0x00, 0x00, 0x00, 0x00, 0x00, 0x00, 0x00, 0x00, 0x00, 0x00, 0x00, 0x00,
    0x64, 0xA7, 0x44, 0xAD, 0x40, 0xAD, 0x77, 0x00, 0xD0, 0xD6, 0x0A, 0x00, 0x00, 0x60, 0x0D, 0x00,
    0x00, 0x00, 0x06, 0x00, 0x00, 0x00, 0x00, 0x00, 0x00, 0x00, 0x00, 0x00, 0x00, 0x00, 0x00, 0x00,
    0x00, 0xD0, 0xDA, 0xDD, 0x00, 0xD0, 0xA3, 0xAA, 0x00, 0xD0, 0x7C, 0x73, 0x00, 0x00, 0xDD, 0xDD,
    0x00, 0x00, 0x00, 0x00, 0x00, 0x00, 0x00, 0x00, 0x00, 0x00, 0x00, 0x00, 0x00, 0x00, 0x00, 0x00,
};
static const u16 sFrame60[] = {
    0x0008, 0x00DC, 0x81DC, 0x0000, 0x80E4, 0x81FC, 0x0010, 0x80E4, 0x41D4, 0x0018, 0x80E4, 0x000C,
    0x001C, 0x00DC, 0x01FC, 0x001E, 0x00F4, 0x000C, 0x001F, 0x00FC, 0x01DC, 0x0020, 0x00FC, 0x01F4,
    0x0021, 0x0000,
};
static const void* const sFrames60[] = { sFrame60 };

// One for each pose: a single picture, loaded into the boss's tile block when it shows.
const AnimDef gRogueRoxasPoses[61] = {
    { (void*)sFrames0, (void*)sPoseAnims, (void*)sTiles0, 0, { 0, 0, 0 } },
    { (void*)sFrames1, (void*)sPoseAnims, (void*)sTiles1, 0, { 0, 0, 0 } },
    { (void*)sFrames2, (void*)sPoseAnims, (void*)sTiles2, 0, { 0, 0, 0 } },
    { (void*)sFrames3, (void*)sPoseAnims, (void*)sTiles3, 0, { 0, 0, 0 } },
    { (void*)sFrames4, (void*)sPoseAnims, (void*)sTiles4, 0, { 0, 0, 0 } },
    { (void*)sFrames5, (void*)sPoseAnims, (void*)sTiles5, 0, { 0, 0, 0 } },
    { (void*)sFrames6, (void*)sPoseAnims, (void*)sTiles6, 0, { 0, 0, 0 } },
    { (void*)sFrames7, (void*)sPoseAnims, (void*)sTiles7, 0, { 0, 0, 0 } },
    { (void*)sFrames8, (void*)sPoseAnims, (void*)sTiles8, 0, { 0, 0, 0 } },
    { (void*)sFrames9, (void*)sPoseAnims, (void*)sTiles9, 0, { 0, 0, 0 } },
    { (void*)sFrames10, (void*)sPoseAnims, (void*)sTiles10, 0, { 0, 0, 0 } },
    { (void*)sFrames11, (void*)sPoseAnims, (void*)sTiles11, 0, { 0, 0, 0 } },
    { (void*)sFrames12, (void*)sPoseAnims, (void*)sTiles12, 0, { 0, 0, 0 } },
    { (void*)sFrames13, (void*)sPoseAnims, (void*)sTiles13, 0, { 0, 0, 0 } },
    { (void*)sFrames14, (void*)sPoseAnims, (void*)sTiles14, 0, { 0, 0, 0 } },
    { (void*)sFrames15, (void*)sPoseAnims, (void*)sTiles15, 0, { 0, 0, 0 } },
    { (void*)sFrames16, (void*)sPoseAnims, (void*)sTiles16, 0, { 0, 0, 0 } },
    { (void*)sFrames17, (void*)sPoseAnims, (void*)sTiles17, 0, { 0, 0, 0 } },
    { (void*)sFrames18, (void*)sPoseAnims, (void*)sTiles18, 0, { 0, 0, 0 } },
    { (void*)sFrames19, (void*)sPoseAnims, (void*)sTiles19, 0, { 0, 0, 0 } },
    { (void*)sFrames20, (void*)sPoseAnims, (void*)sTiles20, 0, { 0, 0, 0 } },
    { (void*)sFrames21, (void*)sPoseAnims, (void*)sTiles21, 0, { 0, 0, 0 } },
    { (void*)sFrames22, (void*)sPoseAnims, (void*)sTiles22, 0, { 0, 0, 0 } },
    { (void*)sFrames23, (void*)sPoseAnims, (void*)sTiles23, 0, { 0, 0, 0 } },
    { (void*)sFrames24, (void*)sPoseAnims, (void*)sTiles24, 0, { 0, 0, 0 } },
    { (void*)sFrames25, (void*)sPoseAnims, (void*)sTiles25, 0, { 0, 0, 0 } },
    { (void*)sFrames26, (void*)sPoseAnims, (void*)sTiles26, 0, { 0, 0, 0 } },
    { (void*)sFrames27, (void*)sPoseAnims, (void*)sTiles27, 0, { 0, 0, 0 } },
    { (void*)sFrames28, (void*)sPoseAnims, (void*)sTiles28, 0, { 0, 0, 0 } },
    { (void*)sFrames29, (void*)sPoseAnims, (void*)sTiles29, 0, { 0, 0, 0 } },
    { (void*)sFrames30, (void*)sPoseAnims, (void*)sTiles30, 0, { 0, 0, 0 } },
    { (void*)sFrames31, (void*)sPoseAnims, (void*)sTiles31, 0, { 0, 0, 0 } },
    { (void*)sFrames32, (void*)sPoseAnims, (void*)sTiles32, 0, { 0, 0, 0 } },
    { (void*)sFrames33, (void*)sPoseAnims, (void*)sTiles33, 0, { 0, 0, 0 } },
    { (void*)sFrames34, (void*)sPoseAnims, (void*)sTiles34, 0, { 0, 0, 0 } },
    { (void*)sFrames35, (void*)sPoseAnims, (void*)sTiles35, 0, { 0, 0, 0 } },
    { (void*)sFrames36, (void*)sPoseAnims, (void*)sTiles36, 0, { 0, 0, 0 } },
    { (void*)sFrames37, (void*)sPoseAnims, (void*)sTiles37, 0, { 0, 0, 0 } },
    { (void*)sFrames38, (void*)sPoseAnims, (void*)sTiles38, 0, { 0, 0, 0 } },
    { (void*)sFrames39, (void*)sPoseAnims, (void*)sTiles39, 0, { 0, 0, 0 } },
    { (void*)sFrames40, (void*)sPoseAnims, (void*)sTiles40, 0, { 0, 0, 0 } },
    { (void*)sFrames41, (void*)sPoseAnims, (void*)sTiles41, 0, { 0, 0, 0 } },
    { (void*)sFrames42, (void*)sPoseAnims, (void*)sTiles42, 0, { 0, 0, 0 } },
    { (void*)sFrames43, (void*)sPoseAnims, (void*)sTiles43, 0, { 0, 0, 0 } },
    { (void*)sFrames44, (void*)sPoseAnims, (void*)sTiles44, 0, { 0, 0, 0 } },
    { (void*)sFrames45, (void*)sPoseAnims, (void*)sTiles45, 0, { 0, 0, 0 } },
    { (void*)sFrames46, (void*)sPoseAnims, (void*)sTiles46, 0, { 0, 0, 0 } },
    { (void*)sFrames47, (void*)sPoseAnims, (void*)sTiles47, 0, { 0, 0, 0 } },
    { (void*)sFrames48, (void*)sPoseAnims, (void*)sTiles48, 0, { 0, 0, 0 } },
    { (void*)sFrames49, (void*)sPoseAnims, (void*)sTiles49, 0, { 0, 0, 0 } },
    { (void*)sFrames50, (void*)sPoseAnims, (void*)sTiles50, 0, { 0, 0, 0 } },
    { (void*)sFrames51, (void*)sPoseAnims, (void*)sTiles51, 0, { 0, 0, 0 } },
    { (void*)sFrames52, (void*)sPoseAnims, (void*)sTiles52, 0, { 0, 0, 0 } },
    { (void*)sFrames53, (void*)sPoseAnims, (void*)sTiles53, 0, { 0, 0, 0 } },
    { (void*)sFrames54, (void*)sPoseAnims, (void*)sTiles54, 0, { 0, 0, 0 } },
    { (void*)sFrames55, (void*)sPoseAnims, (void*)sTiles55, 0, { 0, 0, 0 } },
    { (void*)sFrames56, (void*)sPoseAnims, (void*)sTiles56, 0, { 0, 0, 0 } },
    { (void*)sFrames57, (void*)sPoseAnims, (void*)sTiles57, 0, { 0, 0, 0 } },
    { (void*)sFrames58, (void*)sPoseAnims, (void*)sTiles58, 0, { 0, 0, 0 } },
    { (void*)sFrames59, (void*)sPoseAnims, (void*)sTiles59, 0, { 0, 0, 0 } },
    { (void*)sFrames60, (void*)sPoseAnims, (void*)sTiles60, 0, { 0, 0, 0 } },
};

static const RogueClipStep sClip_idle[] = {
    { 0, 6, 0, 0, 0, 0 },
    { 1, 6, 0, 0, 0, 0 },
    { 2, 6, 0, 0, 0, 0 },
    { 3, 6, 0, 0, 0, 0 },
    { 4, 6, 0, 0, 0, 0 },
    { 5, 6, 0, 0, 0, 0 },
    { 6, 6, 0, 0, 0, 0 },
    { 7, 6, 0, 0, 0, 0 },
    { 0, 0, 0, 0, 0, 0 },
};
static const RogueClipStep sClip_run[] = {
    { 8, 4, 0, 0, 0, 0 },
    { 9, 4, 0, 0, 0, 0 },
    { 10, 4, 0, 0, 0, 0 },
    { 11, 4, 0, 0, 0, 0 },
    { 12, 4, 0, 0, 0, 0 },
    { 13, 4, 0, 0, 0, 0 },
    { 14, 4, 0, 0, 0, 0 },
    { 15, 4, 0, 0, 0, 0 },
    { 0, 0, 0, 0, 0, 0 },
};
static const RogueClipStep sClip_hurt[] = {
    { 16, 6, 0, 0, 0, 0 },
    { 17, 12, 0, 0, 0, 0 },
    { 0, 0, 0, 0, 0, 0 },
};
static const RogueClipStep sClip_slash[] = {
    { 18, 6, 0, 0, 0, 0 },
    { 19, 4, 0, 0, 1, 50 },
    { 20, 4, 0, 0, 0, 0 },
    { 21, 5, 0, 0, 1, 50 },
    { 22, 4, 3, 0, 0, 0 },
    { 23, 5, 0, 0, 3, 55 },
    { 24, 8, 0, 0, 0, 0 },
    { 0, 0, 0, 0, 0, 0 },
};
static const RogueClipStep sClip_spin[] = {
    { 25, 6, 0, 0, 0, 0 },
    { 26, 4, 2, 0, 1, 55 },
    { 27, 4, 0, 0, 0, 0 },
    { 28, 4, 0, 0, 1, 55 },
    { 29, 5, 0, 0, 0, 0 },
    { 30, 8, 0, 0, 0, 0 },
    { 0, 0, 0, 0, 0, 0 },
};
static const RogueClipStep sClip_upper[] = {
    { 31, 6, 0, 0, 0, 0 },
    { 32, 4, 0, 0, 0, 0 },
    { 33, 5, 3, 0, 1, 45 },
    { 34, 5, 0, 0, 3, 50 },
    { 35, 6, 0, 0, 0, 0 },
    { 36, 8, 0, 0, 0, 0 },
    { 0, 0, 0, 0, 0, 0 },
};
static const RogueClipStep sClip_raid[] = {
    { 37, 8, 0, 0, 0, 0 },
    { 38, 5, 0, 0, 0, 0 },
    { 39, 6, 0, 0, 5, ROGUE_MOVE_RAID },
    { 40, 30, 0, 0, 0, 0 },
    { 41, 8, 0, 0, 0, 0 },
    { 0, 0, 0, 0, 0, 0 },
};
static const RogueClipStep sClip_dash[] = {
    { 42, 4, 6, 0, 0, 0 },
    { 43, 4, 6, 0, 0, 0 },
    { 44, 4, 6, 0, 0, 0 },
    { 45, 4, 0, 0, 1, 50 },
    { 46, 8, 0, 0, 0, 0 },
    { 0, 0, 0, 0, 0, 0 },
};
static const RogueClipStep sClip_dual[] = {
    { 47, 8, 0, 0, 0, 0 },
    { 48, 8, 0, 0, 0, 0 },
    { 49, 8, 0, 0, 0, 0 },
    { 50, 10, 0, 0, 11, 1 },
    { 51, 8, 0, 0, 0, 0 },
    { 0, 0, 0, 0, 0, 0 },
};
static const RogueClipStep sClip_flurry[] = {
    { 52, 4, 0, 0, 4, 50 },
    { 53, 4, 0, 0, 0, 0 },
    { 54, 4, 0, 0, 4, 50 },
    { 55, 4, 0, 0, 0, 0 },
    { 56, 4, 0, 0, 4, 50 },
    { 57, 4, 0, 0, 0, 0 },
    { 58, 4, 0, 0, 4, 50 },
    { 59, 6, 0, 0, 3, 55 },
    { 60, 10, 0, 0, 0, 0 },
    { 0, 0, 0, 0, 0, 0 },
};
const RogueClipStep* const gRogueRoxasClips[ROGUE_ROXAS_CLIPS] = {
    sClip_idle, sClip_run, sClip_hurt, sClip_slash, sClip_spin, sClip_upper, sClip_raid, sClip_dash, sClip_dual, sClip_flurry,
};

