// Generated by tools/rogue_sprites.py from mod_assets/roxas_sheet.png. Do not edit.
#include "rogue.h"
#include "anim.h"

const u16 gRogueRoxasPalette[16] = {
    0x4504, 0x67BE, 0x4B5D, 0x3AB9, 0x5A72, 0x25F5, 0x0954, 0x398C,
    0x252A, 0x1108, 0x04AE, 0x002A, 0x0C65, 0x1482, 0x0401, 0x0000,
};

static const u8 sTiles0[] __attribute__((aligned(4))) = {
    0x00, 0xA0, 0x32, 0x66, 0x00, 0x00, 0x2A, 0x63, 0x00, 0xA0, 0xA3, 0x26, 0x00, 0x6A, 0x66, 0x6A,
    0x00, 0x00, 0xAA, 0x3A, 0x00, 0x00, 0xB0, 0xA2, 0x00, 0x00, 0xA0, 0x23, 0x00, 0x00, 0x00, 0x3A,
    0x23, 0x62, 0x32, 0x3A, 0x32, 0x36, 0xA6, 0x63, 0xA3, 0x32, 0x33, 0x63, 0x6A, 0xA2, 0xA2, 0x23,
    0x36, 0x6A, 0x63, 0x6A, 0x4F, 0xA6, 0xA6, 0xA3, 0x14, 0xA6, 0xA2, 0x63, 0x32, 0x66, 0x3A, 0x6A,
    0x32, 0x0A, 0x00, 0x00, 0x33, 0x0A, 0x00, 0x00, 0xA6, 0x0A, 0x00, 0x00, 0x36, 0x0A, 0x00, 0x00,
    0x6A, 0xA6, 0x00, 0x00, 0xAA, 0x00, 0x00, 0x00, 0xA3, 0x00, 0x00, 0x00, 0x6A, 0x0A, 0x00, 0x00,
    0x00, 0x00, 0x00, 0x00, 0x00, 0x00, 0x00, 0x00, 0x00, 0x00, 0x00, 0x00, 0x00, 0x00, 0x00, 0x00,
    0x00, 0x00, 0x00, 0x00, 0x00, 0x00, 0x00, 0x00, 0x00, 0x00, 0x00, 0x00, 0x00, 0x00, 0x00, 0xD0,
    0x00, 0x00, 0x00, 0xCD, 0x00, 0x00, 0x50, 0x69, 0x00, 0x00, 0x20, 0x95, 0x00, 0x00, 0x15, 0x51,
    0x00, 0x00, 0x15, 0x51, 0x00, 0x00, 0x25, 0x21, 0x00, 0x00, 0x59, 0x52, 0x00, 0x00, 0x90, 0xE5,
    0x66, 0xBB, 0xAC, 0xA6, 0xBC, 0x6A, 0xAC, 0x9A, 0xA6, 0x36, 0x6A, 0xD5, 0x1C, 0x17, 0xCC, 0xEE,
    0x59, 0x91, 0x25, 0x5E, 0x15, 0x17, 0xEC, 0x25, 0xED, 0xC4, 0x99, 0x22, 0xCE, 0xC7, 0xE5, 0x59,
    0x06, 0x00, 0x00, 0x00, 0xED, 0x00, 0x00, 0x00, 0x5E, 0x0D, 0x00, 0x00, 0x22, 0x05, 0x00, 0x00,
    0x21, 0x52, 0x00, 0x00, 0x11, 0x52, 0x00, 0x00, 0x11, 0x52, 0x00, 0x00, 0x12, 0x25, 0x05, 0x00,
    0x00, 0x00, 0x00, 0x1D, 0x00, 0xD0, 0xD0, 0x47, 0x00, 0x7D, 0x1D, 0x77, 0x00, 0x17, 0x1D, 0x41,
    0x00, 0x17, 0x47, 0x74, 0x00, 0x4D, 0x74, 0x17, 0x00, 0x7D, 0x17, 0x41, 0xD0, 0x17, 0x41, 0xD7,
    0x00, 0x00, 0xA0, 0x62, 0x00, 0x00, 0x00, 0x2A, 0x00, 0x00, 0x00, 0x3A, 0x00, 0x00, 0x00, 0x6A,
    0x00, 0x00, 0x00, 0x6A, 0x00, 0x00, 0x00, 0x6A, 0x00, 0x00, 0x00, 0xA2, 0x00, 0x00, 0xE0, 0xAA,
    0xE9, 0x4E, 0xEC, 0xEE, 0xC9, 0x7C, 0xCE, 0x22, 0xE6, 0x4C, 0x2E, 0xC5, 0xC2, 0x7E, 0xA2, 0x62,
    0x32, 0xAC, 0xBB, 0xA5, 0x62, 0x33, 0x66, 0x2B, 0x33, 0x22, 0x23, 0x53, 0x26, 0x32, 0xBA, 0x6A,
    0xCC, 0x1E, 0x52, 0x70, 0xEE, 0x59, 0x79, 0x17, 0x63, 0x71, 0x17, 0x41, 0xDA, 0x17, 0x41, 0xD7,
    0xFB, 0x41, 0xD7, 0x0D, 0xF5, 0xDF, 0xCD, 0x0C, 0x76, 0xCD, 0xCC, 0x0C, 0xAA, 0xCB, 0x9C, 0xC4,
    0x17, 0x41, 0xD7, 0x0D, 0x41, 0xD7, 0x0D, 0x00, 0xD7, 0x0D, 0x00, 0x00, 0x0D, 0x00, 0x00, 0x00,
    0x00, 0x00, 0x00, 0x00, 0x00, 0x00, 0x00, 0x00, 0x00, 0x00, 0x00, 0x00, 0x00, 0x00, 0x00, 0x00,
    0x00, 0x00, 0x90, 0xBB, 0x00, 0x00, 0x4E, 0x5A, 0x00, 0x00, 0x4E, 0x6B, 0x00, 0x00, 0x2E, 0xB9,
    0x00, 0x00, 0x8E, 0xB2, 0x00, 0x00, 0xE0, 0x7D, 0x00, 0x00, 0xE0, 0xD4, 0x00, 0x00, 0xE0, 0x27,
    0x3A, 0xB6, 0xB3, 0xA6, 0x6B, 0xB3, 0x66, 0x6B, 0xE5, 0x3E, 0x3B, 0x2B, 0x65, 0xBB, 0xBB, 0x55,
    0x25, 0x56, 0x22, 0xA6, 0x26, 0x22, 0xA6, 0xAA, 0x5B, 0xA5, 0xAB, 0x00, 0xB4, 0xBB, 0x0E, 0x00,
    0xB5, 0xCA, 0x49, 0x94, 0xA2, 0x4C, 0x44, 0x11, 0xB5, 0x8C, 0x74, 0x11, 0xBA, 0x8E, 0x14, 0x11,
    0x0B, 0x8C, 0x14, 0x11, 0x00, 0x8C, 0x14, 0x11, 0x00, 0xCF, 0x44, 0x11, 0x00, 0xE0, 0x48, 0x44,
    0x00, 0x00, 0x00, 0x00, 0xE4, 0x00, 0x00, 0x00, 0xC4, 0x00, 0x00, 0x00, 0xC4, 0x00, 0x00, 0x00,
    0x81, 0x0E, 0x00, 0x00, 0x41, 0x0E, 0x00, 0x00, 0x41, 0xEC, 0x00, 0x00, 0x44, 0xE4, 0x00, 0x00,
    0x00, 0x00, 0x2E, 0x78, 0x00, 0x00, 0x49, 0x72, 0x00, 0x00, 0xEE, 0x78, 0x00, 0xC0, 0x6C, 0x4E,
    0xE0, 0x6C, 0xE6, 0x7A, 0x4E, 0xC6, 0xCC, 0x7C, 0x7E, 0x84, 0xCC, 0x8E, 0xE0, 0x47, 0x88, 0x48,
    0x44, 0x88, 0x0E, 0x00, 0x88, 0x94, 0xE9, 0x00, 0x42, 0x98, 0xEE, 0x00, 0x88, 0xE9, 0x0C, 0x00,
    0xCE, 0xCE, 0x0C, 0x00, 0x88, 0x74, 0x0C, 0x00, 0xD4, 0xC7, 0x00, 0x00, 0x1D, 0x0D, 0x00, 0x00,
    0x00, 0xE0, 0x48, 0x44, 0x00, 0xE0, 0x88, 0x48, 0x00, 0xC0, 0x48, 0x11, 0x00, 0xC0, 0x89, 0x28,
    0x00, 0xE0, 0xE8, 0x9A, 0x00, 0xE0, 0xE4, 0xAE, 0x00, 0xE0, 0x47, 0x87, 0x00, 0x00, 0x7E, 0xC8,
    0x44, 0xE8, 0x0C, 0x00, 0x84, 0x81, 0x0C, 0x00, 0x11, 0x84, 0x09, 0x00, 0x42, 0xEC, 0x09, 0x00,
    0x99, 0xE8, 0x00, 0x00, 0xAA, 0xEC, 0x00, 0x00, 0x6C, 0xCC, 0x0E, 0x00, 0x6C, 0x8C, 0x0E, 0x00,
    0x00, 0x7E, 0x47, 0xE7, 0x00, 0xE0, 0xEE, 0x0E, 0x00, 0x00, 0x00, 0x00, 0x00, 0x00, 0x00, 0x00,
    0x00, 0x00, 0x00, 0x00, 0x00, 0x00, 0x00, 0x00, 0x00, 0x00, 0x00, 0x00, 0x00, 0x00, 0x00, 0x00,
    0x7D, 0x0D, 0x00, 0x00, 0x4D, 0xD7, 0x00, 0x00, 0x4D, 0xD7, 0x00, 0x00, 0xD0, 0x0D, 0x00, 0x00,
    0x00, 0x00, 0x00, 0x00, 0x00, 0x00, 0x00, 0x00, 0x00, 0x00, 0x00, 0x00, 0x00, 0x00, 0x00, 0x00,
    0x00, 0x00, 0x4E, 0x48, 0x00, 0x00, 0x7E, 0x44, 0x00, 0x00, 0xEF, 0xEE, 0x00, 0x00, 0x00, 0x00,
    0x00, 0x00, 0x00, 0x00, 0x00, 0x00, 0x00, 0x00, 0x00, 0x00, 0x00, 0x00, 0x00, 0x00, 0x00, 0x00,
    0x67, 0x47, 0x0E, 0x00, 0x44, 0x74, 0x0E, 0x00, 0xEE, 0xEE, 0x00, 0x00, 0x00, 0x00, 0x00, 0x00,
    0x00, 0x00, 0x00, 0x00, 0x00, 0x00, 0x00, 0x00, 0x00, 0x00, 0x00, 0x00, 0x00, 0x00, 0x00, 0x00,
    0x00, 0x00, 0x00, 0x0A, 0x00, 0x00, 0x00, 0xA6, 0x00, 0x00, 0x00, 0x26, 0x00, 0x00, 0x0A, 0x26,
    0x00, 0x00, 0xA3, 0x26, 0x00, 0x00, 0x26, 0x26, 0x00, 0x00, 0x3A, 0x36, 0x00, 0x6A, 0xA6, 0xA3,
    0x00, 0x00, 0x00, 0x00, 0x00, 0x0A, 0x00, 0x00, 0x0A, 0xA6, 0x00, 0x00, 0xA2, 0x23, 0x0A, 0x0A,
    0x63, 0x36, 0xA2, 0xA3, 0x62, 0x62, 0x66, 0x63, 0xA2, 0x23, 0x33, 0xA6, 0x66, 0x3A, 0x3A, 0x33,
    0x00, 0x00, 0x00, 0x00, 0x00, 0x00, 0x00, 0x00, 0x00, 0x00, 0x00, 0x00, 0x00, 0x00, 0x00, 0x00,
    0x00, 0x00, 0x00, 0x00, 0x00, 0x00, 0x00, 0x00, 0x00, 0x00, 0x00, 0x00, 0x0D, 0x00, 0x00, 0x00,
    0xD4, 0x00, 0x00, 0x00, 0xD1, 0x00, 0x00, 0x00, 0x41, 0x0D, 0x00, 0x00, 0x74, 0x0D, 0x00, 0x00,
    0x17, 0xD4, 0x00, 0x00, 0x41, 0xD7, 0x00, 0x00, 0xD7, 0x0D, 0x00, 0x00, 0x0D, 0x00, 0x00, 0x00,
    0x00, 0x00, 0x00, 0x00, 0x00, 0x00, 0x00, 0x00, 0x00, 0x00, 0x00, 0x00, 0x00, 0x00, 0x00, 0x00,
    0x00, 0x00, 0x00, 0x00, 0x00, 0x00, 0x00, 0x00, 0x0A, 0x00, 0x00, 0x00, 0xA6, 0x00, 0x00, 0x00,
    0x00, 0x2A, 0x63, 0x36, 0xA0, 0xA0, 0x32, 0x26, 0x00, 0x3A, 0x6A, 0x32, 0x00, 0x66, 0xA6, 0xA6,
    0x00, 0xA0, 0xAA, 0x63, 0x00, 0x00, 0x2B, 0xFA, 0x00, 0x00, 0x3A, 0x42, 0x00, 0x00, 0xA0, 0x23,
    0x22, 0x26, 0xA3, 0x23, 0x63, 0x63, 0x3A, 0x36, 0x2A, 0x33, 0x33, 0x66, 0x26, 0x2A, 0x3A, 0x62,
    0xA3, 0x36, 0xA6, 0xA6, 0x64, 0x6A, 0x3A, 0xAA, 0x61, 0x2A, 0x3A, 0x36, 0x63, 0xA6, 0xA3, 0xA6,
    0xA3, 0x00, 0x00, 0x00, 0xA3, 0x00, 0x00, 0x00, 0xAA, 0x00, 0x00, 0x00, 0xA3, 0x00, 0x00, 0x00,
    0x66, 0x00, 0x00, 0x00, 0x0A, 0x0A, 0x00, 0x00, 0x0A, 0x00, 0x00, 0x00, 0xA6, 0x00, 0x00, 0x00,
    0x00, 0x00, 0x00, 0x00, 0x00, 0x00, 0x00, 0x00, 0x00, 0x00, 0x00, 0x00, 0x00, 0x00, 0x00, 0x00,
    0x00, 0x00, 0x00, 0x00, 0x00, 0x00, 0x00, 0x00, 0x00, 0x00, 0x00, 0x00, 0x00, 0x00, 0x00, 0xDD,
    0x00, 0x00, 0xD0, 0x6C, 0x00, 0x00, 0x95, 0xC6, 0x00, 0x00, 0x52, 0x69, 0x00, 0x50, 0x11, 0xC5,
    0x00, 0x50, 0x11, 0x95, 0x00, 0x50, 0x12, 0x52, 0x00, 0x90, 0x25, 0xD5, 0x00, 0x00, 0x59, 0xEE,
    0xB6, 0xCB, 0x6A, 0x6A, 0xAB, 0xC6, 0xAA, 0xD9, 0x6A, 0xA3, 0x56, 0xED, 0x71, 0xC1, 0xEC, 0x2E,
    0x15, 0x59, 0xE2, 0x15, 0x71, 0xC1, 0x5E, 0x12, 0x4E, 0x9C, 0x29, 0x12, 0x7C, 0x5C, 0x9E, 0x25,
    0x00, 0x00, 0x00, 0x00, 0x0E, 0x00, 0x00, 0x00, 0xD5, 0x00, 0x00, 0x00, 0x52, 0x00, 0x00, 0x00,
    0x22, 0x05, 0x00, 0x00, 0x21, 0x05, 0x00, 0x00, 0x21, 0x05, 0x00, 0x00, 0x51, 0x52, 0x00, 0x00,
    0x00, 0x00, 0xD0, 0x41, 0x00, 0x0D, 0x7D, 0x14, 0xD0, 0xD7, 0x71, 0x17, 0x70, 0xD1, 0x11, 0x44,
    0x70, 0x71, 0x44, 0x77, 0xD0, 0x44, 0x77, 0x11, 0xD0, 0x77, 0x11, 0x74, 0x7D, 0x11, 0x74, 0xDD,
    0x00, 0x00, 0x2A, 0x96, 0x00, 0x00, 0xA0, 0x92, 0x00, 0x00, 0xA0, 0x63, 0x00, 0x00, 0xA0, 0x26,
    0x00, 0x00, 0xA0, 0x26, 0x00, 0x00, 0xA0, 0x26, 0x00, 0x00, 0x9E, 0x3A, 0x00, 0x00, 0xAE, 0x6A,
    0xEE, 0xC4, 0xEE, 0xCE, 0xCC, 0xE7, 0x2C, 0xE2, 0xCE, 0xE4, 0x52, 0x3C, 0xEC, 0x27, 0x2A, 0xA6,
    0xC3, 0xBA, 0x5B, 0xBA, 0x36, 0x63, 0xB6, 0x52, 0x23, 0x32, 0x32, 0x65, 0x22, 0xA3, 0xAB, 0xA6,
    0xEC, 0x21, 0x05, 0x77, 0x9E, 0x95, 0x77, 0x11, 0x16, 0x77, 0x11, 0x74, 0x7D, 0x11, 0x74, 0xDD,
    0x1F, 0x74, 0xDD, 0x00, 0xFF, 0xDD, 0xCC, 0x00, 0xD7, 0xCC, 0xCC, 0x00, 0xBA, 0xCC, 0x49, 0x0C,
    0x11, 0x74, 0xDD, 0x00, 0x74, 0xDD, 0x00, 0x00, 0xDD, 0x00, 0x00, 0x00, 0x00, 0x00, 0x00, 0x00,
    0x00, 0x00, 0x00, 0x00, 0x00, 0x00, 0x00, 0x00, 0x00, 0x00, 0x00, 0x00, 0x00, 0x00, 0x00, 0x00,
    0x00, 0xE0, 0xB8, 0xAB, 0x00, 0xE0, 0xA4, 0xB5, 0x00, 0xE0, 0xB4, 0x56, 0x00, 0xE0, 0xE2, 0x5B,
    0x00, 0x00, 0x84, 0x5B, 0x00, 0x00, 0xDE, 0x67, 0x00, 0x00, 0x40, 0xBD, 0x00, 0x00, 0x7E, 0x28,
    0x63, 0x3B, 0x6B, 0x5A, 0x36, 0x6B, 0xB6, 0x26, 0xEE, 0xB3, 0xB3, 0x52, 0xB6, 0xBB, 0x5B, 0xA5,
    0x62, 0x25, 0x62, 0xBA, 0x22, 0x62, 0xAA, 0x0A, 0x55, 0xBA, 0x0A, 0x00, 0xBB, 0x8B, 0x0E, 0x00,
    0xAB, 0x24, 0x74, 0x98, 0x8A, 0x14, 0x11, 0x88, 0x8B, 0x14, 0x11, 0x41, 0xCB, 0x44, 0x11, 0x41,
    0xC0, 0x48, 0x44, 0x14, 0x00, 0x8E, 0x44, 0x11, 0x00, 0x8E, 0x44, 0x44, 0x00, 0x8E, 0x44, 0x44,
    0x00, 0x00, 0x00, 0x00, 0x00, 0x00, 0x00, 0x00, 0x0E, 0x00, 0x00, 0x00, 0x9C, 0x00, 0x00, 0x00,
    0x88, 0x00, 0x00, 0x00, 0x84, 0x0E, 0x00, 0x00, 0x44, 0x0E, 0x00, 0x00, 0x84, 0xCE, 0x00, 0x00,
    0x00, 0x00, 0x49, 0x77, 0x00, 0x00, 0xEE, 0x78, 0x00, 0xC0, 0x6C, 0xCE, 0xE0, 0x6C, 0xE6, 0xCA,
    0x4E, 0xC6, 0xCC, 0xEC, 0x7E, 0x84, 0xCC, 0x8E, 0xE0, 0x47, 0x88, 0x48, 0x00, 0x7E, 0x47, 0xE7,
    0x88, 0x94, 0xE9, 0x00, 0x44, 0x98, 0xEE, 0x00, 0x78, 0xE9, 0x0C, 0x00, 0x7E, 0xD4, 0x0C, 0x00,
    0x88, 0x1D, 0x0D, 0x00, 0x47, 0xD7, 0xD7, 0x00, 0xE8, 0xDE, 0x47, 0x0D, 0x0E, 0xD0, 0x47, 0x0D,
    0x00, 0x8E, 0x88, 0x44, 0x00, 0x8C, 0x14, 0x11, 0x00, 0xC0, 0x89, 0x28, 0x00, 0xE0, 0xE8, 0x9A,
    0x00, 0xE0, 0xE4, 0xAE, 0x00, 0xE0, 0x47, 0x87, 0x00, 0x00, 0x7E, 0xC8, 0x00, 0x00, 0x4E, 0x48,
    0x18, 0xC8, 0x00, 0x00, 0x41, 0x98, 0x09, 0x00, 0x42, 0xEC, 0x09, 0x00, 0x99, 0xE8, 0x00, 0x00,
    0xAA, 0xEC, 0x00, 0x00, 0x6C, 0xCC, 0x0E, 0x00, 0x6C, 0x8C, 0x0E, 0x00, 0x67, 0x47, 0x0E, 0x00,
    0x00, 0xE0, 0xEE, 0x0E, 0x00, 0x00, 0x00, 0x00, 0x00, 0x00, 0x00, 0x00, 0x00, 0x00, 0x00, 0x00,
    0x00, 0x00, 0x00, 0x00, 0x00, 0x00, 0x00, 0x00, 0x00, 0x00, 0x00, 0x00, 0x00, 0x00, 0x00, 0x00,
    0x00, 0x00, 0xDD, 0x00, 0x00, 0x00, 0x00, 0x00, 0x00, 0x00, 0x00, 0x00, 0x00, 0x00, 0x00, 0x00,
    0x00, 0x00, 0x00, 0x00, 0x00, 0x00, 0x00, 0x00, 0x00, 0x00, 0x00, 0x00, 0x00, 0x00, 0x00, 0x00,
    0x00, 0x00, 0x7E, 0x44, 0x00, 0x00, 0xEF, 0xEE, 0x00, 0x00, 0x00, 0x00, 0x00, 0x00, 0x00, 0x00,
    0x00, 0x00, 0x00, 0x00, 0x00, 0x00, 0x00, 0x00, 0x00, 0x00, 0x00, 0x00, 0x00, 0x00, 0x00, 0x00,
    0x44, 0x74, 0x0E, 0x00, 0xEE, 0xEE, 0x00, 0x00, 0x00, 0x00, 0x00, 0x00, 0x00, 0x00, 0x00, 0x00,
    0x00, 0x00, 0x00, 0x00, 0x00, 0x00, 0x00, 0x00, 0x00, 0x00, 0x00, 0x00, 0x00, 0x00, 0x00, 0x00,
    0x00, 0x00, 0x00, 0xA0, 0x00, 0x00, 0x00, 0xA6, 0x00, 0x00, 0x60, 0xA2, 0x00, 0x00, 0x6A, 0x22,
    0x00, 0x30, 0x6A, 0x32, 0x00, 0x60, 0x62, 0x22, 0x00, 0xAA, 0x63, 0x23, 0x00, 0x66, 0x3A, 0x6A,
    0x00, 0x00, 0x00, 0x00, 0x00, 0xA0, 0x00, 0x00, 0x60, 0x0A, 0x00, 0x00, 0x3A, 0xA2, 0x00, 0x0A,
    0x66, 0x23, 0x3A, 0x0A, 0x26, 0x66, 0x36, 0x06, 0x3A, 0x32, 0x63, 0xAA, 0xA6, 0xA3, 0x33, 0x63,
    0x00, 0x00, 0x00, 0x00, 0x00, 0x00, 0x00, 0x00, 0x00, 0x00, 0x00, 0x00, 0x00, 0x00, 0x00, 0x00,
    0x00, 0x00, 0x00, 0x00, 0x00, 0x00, 0x00, 0x00, 0x00, 0x00, 0x00, 0x00, 0x0A, 0x00, 0x00, 0x00,
    0x0D, 0x00, 0x00, 0x00, 0x0D, 0x00, 0x00, 0x00, 0xD4, 0x00, 0x00, 0x00, 0xD7, 0x00, 0x00, 0x00,
    0x41, 0x0D, 0x00, 0x00, 0x74, 0x0D, 0x00, 0x00, 0xDD, 0x00, 0x00, 0x00, 0x00, 0x00, 0x00, 0x00,
    0xD0, 0x6C, 0xB6, 0xCB, 0x95, 0xC6, 0xAB, 0xC6, 0x52, 0x69, 0x6A, 0xA3, 0x11, 0xC5, 0x71, 0xC1,
    0x11, 0x95, 0x15, 0x59, 0x12, 0x52, 0x71, 0xC1, 0x25, 0xD5, 0x4E, 0x9C, 0x59, 0xEE, 0x7C, 0x5C,
    0x6A, 0x6A, 0x00, 0x00, 0xAA, 0xD9, 0x0E, 0x00, 0x56, 0xED, 0xD5, 0x00, 0xEC, 0x2E, 0x52, 0x00,
    0xE2, 0x15, 0x22, 0x05, 0x5E, 0x12, 0x21, 0x05, 0x29, 0x12, 0x21, 0x05, 0x9E, 0x25, 0x51, 0x52,
    0x00, 0x00, 0x00, 0x00, 0x00, 0x00, 0x00, 0x0D, 0x00, 0x00, 0xD0, 0xD7, 0x00, 0x00, 0x70, 0xD1,
    0x00, 0x00, 0x70, 0x71, 0x00, 0x00, 0xD0, 0x44, 0x00, 0x00, 0xD0, 0x77, 0x00, 0x00, 0x7D, 0x11,
    0xD0, 0x41, 0x0D, 0x00, 0x7D, 0x14, 0x0D, 0x00, 0x71, 0x17, 0xD4, 0x00, 0x11, 0x44, 0xD7, 0x00,
    0x44, 0x77, 0x41, 0x0D, 0x77, 0x11, 0x74, 0x0D, 0x11, 0x74, 0xDD, 0x00, 0x74, 0xDD, 0x00, 0x00,
    0x2A, 0x96, 0xEE, 0xC4, 0xA0, 0x92, 0xCC, 0xE7, 0xA0, 0x63, 0xCE, 0xE4, 0xA0, 0x26, 0xEC, 0x27,
    0xA0, 0x26, 0xC3, 0xBA, 0xA0, 0x26, 0x36, 0x63, 0x90, 0x3A, 0x23, 0x32, 0xAE, 0x6A, 0x22, 0xA3,
    0xEE, 0xCE, 0xEC, 0x21, 0x2C, 0xE2, 0x9E, 0x95, 0x52, 0x3C, 0x16, 0x77, 0x2A, 0xA6, 0x7D, 0x11,
    0x5B, 0xBA, 0x1F, 0x74, 0xB6, 0x52, 0xFF, 0xDD, 0x32, 0x65, 0xD7, 0xCC, 0xAB, 0xA6, 0xBA, 0xCC,
    0x05, 0x77, 0x11, 0x74, 0x77, 0x11, 0x74, 0xDD, 0x11, 0x74, 0xDD, 0x00, 0x74, 0xDD, 0x00, 0x00,
    0xDD, 0x00, 0x00, 0x00, 0xCC, 0x00, 0x00, 0x00, 0xCC, 0x00, 0x00, 0x00, 0x49, 0x0C, 0x00, 0x00,
    0xDD, 0x00, 0x00, 0x00, 0x00, 0x00, 0x00, 0x00, 0x00, 0x00, 0x00, 0x00, 0x00, 0x00, 0x00, 0x00,
    0x00, 0x00, 0x00, 0x00, 0x00, 0x00, 0x00, 0x00, 0x00, 0x00, 0x00, 0x00, 0x00, 0x00, 0x00, 0x00,
    0x00, 0x00, 0x00, 0x00, 0x00, 0x00, 0x00, 0xE0, 0x00, 0x00, 0x00, 0xE0, 0x00, 0x00, 0x00, 0x4E,
    0x00, 0x00, 0x00, 0x24, 0x00, 0x00, 0xE0, 0x78, 0x00, 0x00, 0xE0, 0x24, 0x00, 0x00, 0x2E, 0x28,
    0xBE, 0xAB, 0x63, 0x3B, 0xA4, 0xB5, 0x36, 0x6B, 0xB2, 0x56, 0xEE, 0xB3, 0x92, 0x5B, 0xB6, 0xBB,
    0x22, 0x5B, 0x62, 0x25, 0xD2, 0x67, 0x22, 0x62, 0x44, 0xBD, 0x55, 0xBA, 0x74, 0x88, 0xBB, 0x0B,
    0x6B, 0x5A, 0xAB, 0x9C, 0xB6, 0x26, 0x9A, 0x44, 0xB3, 0x52, 0x9B, 0x17, 0x5B, 0xA5, 0x8B, 0x14,
    0x62, 0xBA, 0x80, 0x14, 0xAA, 0x0A, 0xC0, 0x44, 0x0A, 0x00, 0x8E, 0x14, 0x00, 0x00, 0x4E, 0x44,
    0x44, 0x09, 0x00, 0x00, 0x11, 0xC4, 0x00, 0x00, 0x11, 0xC4, 0x00, 0x00, 0x11, 0x81, 0x0E, 0x00,
    0x11, 0x41, 0x0E, 0x00, 0x11, 0x41, 0x0C, 0x00, 0x41, 0x84, 0x0E, 0x00, 0x44, 0x84, 0x0E, 0x00,
    0x00, 0x00, 0x49, 0x42, 0x00, 0x00, 0xEE, 0x88, 0x00, 0xC0, 0x6C, 0x4E, 0xE0, 0x6C, 0xE6, 0x7A,
    0x4E, 0xC6, 0xCC, 0x7C, 0x7E, 0x84, 0xDC, 0x84, 0xE0, 0x47, 0x1D, 0x4D, 0x00, 0x7E, 0x7D, 0xED,
    0x87, 0x94, 0x0E, 0x00, 0x47, 0x98, 0x0E, 0x00, 0x87, 0xE9, 0x0C, 0x00, 0xCE, 0xCE, 0x0C, 0x00,
    0x88, 0x74, 0x0C, 0x00, 0x47, 0xC7, 0x00, 0x00, 0xE8, 0x0E, 0x00, 0x00, 0x0E, 0x00, 0x00, 0x00,
    0x00, 0xE0, 0x48, 0x44, 0x00, 0xE0, 0x88, 0x48, 0x00, 0xC0, 0x48, 0x11, 0x00, 0xC0, 0x9C, 0x88,
    0x00, 0xE0, 0xE4, 0xAE, 0x00, 0xE0, 0x47, 0x87, 0x00, 0x00, 0x7E, 0xC8, 0x00, 0x00, 0x4E, 0x48,
    0x44, 0xE8, 0x0C, 0x00, 0x84, 0x81, 0x0C, 0x00, 0x11, 0x84, 0x09, 0x00, 0x22, 0xC4, 0x0E, 0x00,
    0xAA, 0xEC, 0x00, 0x00, 0x6C, 0xCC, 0x0E, 0x00, 0x6C, 0x8C, 0x0E, 0x00, 0x67, 0x47, 0x0E, 0x00,
    0x00, 0x00, 0x00, 0xA0, 0x00, 0x00, 0x00, 0x60, 0x00, 0x00, 0x00, 0x60, 0x00, 0x00, 0x00, 0x00,
    0x00, 0x00, 0x00, 0x3A, 0x00, 0x00, 0x00, 0x60, 0x00, 0x00, 0x00, 0xA0, 0x00, 0x00, 0x00, 0x60,
    0x00, 0x00, 0x00, 0x00, 0x0A, 0xA0, 0x00, 0x00, 0xA2, 0x60, 0x0A, 0x00, 0x26, 0xA2, 0x23, 0x0A,
    0x6A, 0x32, 0x66, 0x23, 0x62, 0x22, 0x26, 0x66, 0x63, 0x23, 0x3A, 0x32, 0x3A, 0x6A, 0xA6, 0xA3,
    0x00, 0x00, 0x00, 0x26, 0x00, 0x00, 0xA0, 0xAA, 0x00, 0x00, 0x00, 0x30, 0x00, 0x00, 0x00, 0x6A,
    0x00, 0x00, 0x00, 0xA6, 0x00, 0x00, 0xA0, 0x00, 0x00, 0x00, 0x00, 0x00, 0x00, 0x00, 0x00, 0x00,
    0x63, 0x36, 0x22, 0x26, 0x32, 0x26, 0x63, 0x63, 0x6A, 0x32, 0x2A, 0x33, 0xA6, 0xA6, 0x26, 0x2A,
    0xAA, 0x63, 0xA3, 0x36, 0x2B, 0xFA, 0x64, 0x6A, 0x3A, 0x42, 0x61, 0x2A, 0xA0, 0x23, 0x63, 0xA6,
    0x00, 0x00, 0x7E, 0x44, 0x00, 0x00, 0xEF, 0xEE, 0x00, 0x00, 0x00, 0x00, 0x00, 0x00, 0x00, 0x00,
    0x00, 0x00, 0x00, 0x00, 0x00, 0x00, 0x00, 0x00, 0x00, 0x00, 0x00, 0x00, 0x00, 0x00, 0x00, 0x00,
    0x44, 0x74, 0x0E, 0x00, 0xEE, 0xEE, 0x00, 0x00, 0x00, 0x00, 0x00, 0x00, 0x00, 0x00, 0x00, 0x00,
    0x00, 0x00, 0x00, 0x00, 0x00, 0x00, 0x00, 0x00, 0x00, 0x00, 0x00, 0x00, 0x00, 0x00, 0x00, 0x00,
    0x00, 0x00, 0x00, 0x00, 0x00, 0x00, 0x00, 0x00, 0x00, 0x00, 0x00, 0x00, 0x0A, 0x00, 0x00, 0x00,
    0x3A, 0x0A, 0x00, 0x00, 0x36, 0x06, 0x00, 0x00, 0x63, 0xAA, 0x00, 0x00, 0x33, 0x63, 0x0A, 0x00,
    0xA3, 0x23, 0xA3, 0x00, 0x3A, 0x36, 0xA3, 0x00, 0x33, 0x66, 0xAA, 0x00, 0x3A, 0x62, 0xA3, 0x00,
    0xA6, 0xA6, 0x66, 0x0A, 0x3A, 0xAA, 0x0A, 0x00, 0x3A, 0x36, 0x0A, 0x00, 0xA3, 0xA6, 0xA6, 0x00,
    0x00, 0x00, 0x00, 0x00, 0x00, 0x00, 0x00, 0x00, 0x00, 0x00, 0x00, 0x00, 0x00, 0x00, 0x00, 0x00,
    0x00, 0x00, 0x00, 0x00, 0x00, 0x00, 0x00, 0x00, 0x00, 0x00, 0x00, 0x00, 0x00, 0xDD, 0x00, 0x00,
    0x00, 0x00, 0x00, 0x00, 0x00, 0x00, 0x00, 0x00, 0x00, 0x00, 0x00, 0x00, 0x00, 0x00, 0x00, 0x50,
    0x00, 0x00, 0x00, 0x50, 0x00, 0x00, 0x00, 0x50, 0x00, 0x00, 0x00, 0x90, 0x00, 0x00, 0x00, 0x00,
    0x00, 0xD0, 0x47, 0x0D, 0x00, 0xD0, 0x47, 0x0D, 0x00, 0x00, 0xDD, 0x00, 0x00, 0x00, 0x00, 0x00,
    0x00, 0x00, 0x00, 0x00, 0x00, 0x00, 0x00, 0x00, 0x00, 0x00, 0x00, 0x00, 0x00, 0x00, 0x00, 0x00,
};
static const u16 sSet0Frame0[] = {
    0x0005, 0x00D5, 0x81EC, 0x0000, 0x40F5, 0x81EC, 0x0010, 0x40CD, 0x01EC, 0x0018, 0x80D5, 0x000C,
    0x001A, 0x00CD, 0x01FC, 0x001C, 0x0000,
};
static const u16 sSet0Frame1[] = {
    0x0005, 0x00D6, 0x81EC, 0x001D, 0x40F6, 0x81EC, 0x002D, 0x40CE, 0x01EC, 0x0035, 0x00CE, 0x01FC,
    0x0037, 0x00DE, 0x000C, 0x0038, 0x0000,
};
static const u16 sSet0Frame2[] = {
    0x0008, 0x40DE, 0x81F4, 0x0039, 0x40EE, 0x81EC, 0x0041, 0x00CE, 0x41EC, 0x0049, 0x40FE, 0x01FC,
    0x004D, 0x80CE, 0x01FC, 0x004F, 0x00D6, 0x000C, 0x0051, 0x00DE, 0x01EC, 0x0052, 0x00FE, 0x01EC,
    0x0053, 0x0000,
};
static const void* const sSet0Frames[] = { sSet0Frame0, sSet0Frame1, sSet0Frame2 };

static const u16 sBattleAnim0[] = {
    0x0040, 0x0040, 0x0004, 0x0000, 0x0030, 0x0000, 0x0006, 0x0001, 0x0004, 0x0002, 0x0004,
};
static const u16 sBattleAnim1[] = {
    0x0040, 0x0040, 0x0004, 0x0000, 0x000C, 0x0001, 0x000C, 0x0000, 0x000C, 0x0002, 0x000C,
};
static const u8 sTiles1[] __attribute__((aligned(4))) = {
    0x00, 0xD0, 0x0D, 0x00, 0x00, 0x7D, 0xD1, 0x0D, 0x00, 0x4D, 0xD1, 0xD4, 0xD0, 0x17, 0x14, 0x71,
    0xD0, 0x77, 0x47, 0x41, 0x4D, 0x47, 0x44, 0x77, 0x7D, 0x47, 0x11, 0x11, 0xD0, 0xDD, 0x7D, 0x47,
    0x00, 0x00, 0x00, 0x00, 0xDD, 0x00, 0x00, 0x00, 0xD1, 0x00, 0x00, 0x00, 0xD1, 0x00, 0x00, 0x00,
    0xD4, 0x00, 0x00, 0x00, 0x77, 0x0D, 0x00, 0x00, 0x41, 0x74, 0xDD, 0xDD, 0x14, 0x11, 0x11, 0x74,
    0x00, 0x00, 0x00, 0x00, 0x00, 0x00, 0x00, 0x00, 0x00, 0x00, 0x00, 0x00, 0x00, 0x00, 0x00, 0x00,
    0x00, 0x00, 0x00, 0x00, 0x00, 0x00, 0x00, 0x00, 0x00, 0x00, 0x00, 0x00, 0xD7, 0xDD, 0x0D, 0x00,
    0xC0, 0x66, 0xBB, 0xAC, 0xEE, 0xBC, 0x6A, 0xAC, 0x9E, 0xA6, 0x36, 0x6A, 0x1E, 0xC1, 0x71, 0x61,
    0x2E, 0x22, 0x1C, 0xCC, 0xE0, 0xAA, 0xAA, 0xAA, 0xA0, 0x26, 0x22, 0x22, 0x6B, 0x52, 0x66, 0x55,
    0x00, 0x00, 0xD0, 0xDD, 0x00, 0x00, 0x00, 0x00, 0x00, 0x00, 0x00, 0x00, 0x00, 0x00, 0x00, 0x00,
    0x00, 0x00, 0x00, 0x00, 0x00, 0x00, 0x00, 0x00, 0x00, 0x00, 0x00, 0x00, 0x00, 0x00, 0x00, 0x00,
    0xDD, 0x77, 0x44, 0x11, 0x00, 0xDD, 0xDD, 0x7D, 0x00, 0x00, 0x00, 0xD0, 0x00, 0x00, 0x00, 0x00,
    0x00, 0x00, 0x00, 0x00, 0x00, 0x00, 0x00, 0x00, 0x00, 0x00, 0x00, 0x00, 0x00, 0x00, 0x00, 0x00,
    0x11, 0x41, 0x77, 0xDD, 0x47, 0x14, 0x11, 0xF7, 0xDD, 0xDD, 0x47, 0xFF, 0x00, 0x00, 0xDD, 0xBD,
    0x00, 0x00, 0x00, 0xBB, 0x00, 0x00, 0x00, 0xB0, 0x00, 0x00, 0x00, 0xBF, 0x00, 0x00, 0x00, 0x4C,
    0x5A, 0x65, 0x66, 0xAA, 0x2A, 0xB6, 0x33, 0xBB, 0x56, 0xC6, 0x6E, 0xE3, 0x56, 0xB6, 0x36, 0x33,
    0x65, 0x36, 0x22, 0x33, 0x65, 0xBB, 0x36, 0x62, 0x2A, 0x62, 0xBB, 0xBB, 0xBB, 0x56, 0x52, 0x26,
    0x00, 0x00, 0xE0, 0x14, 0x00, 0x00, 0xC0, 0x14, 0x00, 0x00, 0xF0, 0x19, 0x00, 0x00, 0xE0, 0x48,
    0x00, 0x00, 0xE0, 0x44, 0x00, 0x00, 0xEC, 0x48, 0x00, 0x00, 0x8C, 0x81, 0x00, 0xF0, 0x89, 0x14,
    0xB1, 0xBB, 0x2A, 0x52, 0x11, 0x84, 0xB8, 0xBB, 0x14, 0x44, 0xC8, 0x0B, 0x11, 0x44, 0xE8, 0x00,
    0x44, 0x44, 0xE8, 0xD0, 0x44, 0x94, 0xE8, 0x1D, 0x44, 0x88, 0xE8, 0x7D, 0x11, 0x41, 0xC8, 0x4D,
    0x8B, 0x14, 0x11, 0xC4, 0x8F, 0x17, 0x11, 0x81, 0x80, 0x17, 0x11, 0x41, 0xC0, 0x44, 0x11, 0x41,
    0x70, 0x47, 0x44, 0x14, 0x7D, 0x48, 0x14, 0x41, 0x4D, 0x48, 0x44, 0x44, 0xD7, 0x48, 0x44, 0x44,
    0x00, 0x00, 0x00, 0x00, 0x0F, 0x00, 0x00, 0x00, 0x0C, 0x00, 0x00, 0x00, 0x0C, 0x00, 0x00, 0x00,
    0x98, 0x00, 0x00, 0x00, 0xE8, 0x00, 0x00, 0x00, 0xE4, 0x09, 0x00, 0x00, 0xE8, 0x0C, 0x00, 0x00,
    0x00, 0xC0, 0xCC, 0x24, 0xE0, 0x6C, 0xE6, 0x89, 0x4E, 0xC6, 0xCC, 0xEC, 0x7E, 0x84, 0xCC, 0x8E,
    0xE0, 0x47, 0x88, 0x48, 0x00, 0x7E, 0x47, 0xE7, 0x00, 0xE0, 0xEE, 0x0E, 0x00, 0x00, 0x00, 0x00,
    0x82, 0x98, 0x0C, 0x4D, 0xC9, 0xFE, 0x0C, 0xD0, 0x88, 0x74, 0x0C, 0x00, 0x47, 0xC7, 0x00, 0x00,
    0xE8, 0x0E, 0x00, 0x00, 0x0E, 0x00, 0x00, 0x00, 0x00, 0x00, 0x00, 0x00, 0x00, 0x00, 0x00, 0x00,
    0xD7, 0x8E, 0x88, 0x44, 0x0D, 0x8C, 0x14, 0x11, 0x00, 0xCF, 0x89, 0x28, 0x00, 0xEE, 0xE8, 0x9A,
    0x00, 0x7E, 0x74, 0xC8, 0x00, 0xE0, 0x87, 0xCC, 0x00, 0xE0, 0x84, 0x74, 0x00, 0xE0, 0x47, 0x44,
    0x18, 0xC8, 0x00, 0x00, 0x41, 0x98, 0x00, 0x00, 0x42, 0xEC, 0x00, 0x00, 0x99, 0xE8, 0x00, 0x00,
    0xC6, 0xEC, 0x00, 0x00, 0xC6, 0xE8, 0x00, 0x00, 0x76, 0xE4, 0x00, 0x00, 0x44, 0xE7, 0x00, 0x00,
    0x00, 0x00, 0x00, 0x00, 0x00, 0x00, 0x00, 0x00, 0x00, 0x00, 0x00, 0x00, 0x00, 0x00, 0x00, 0x0A,
    0x00, 0x00, 0x00, 0xA3, 0x00, 0x00, 0x00, 0x26, 0x00, 0x00, 0x00, 0x3A, 0x00, 0x00, 0x6A, 0xA6,
    0x0A, 0x00, 0x00, 0x00, 0xA6, 0x00, 0x0A, 0x00, 0x26, 0x0A, 0xA6, 0x00, 0x26, 0xA2, 0x23, 0x0A,
    0x26, 0x63, 0x36, 0xA2, 0x26, 0x62, 0x62, 0x66, 0x36, 0xA2, 0x23, 0x33, 0xA3, 0x66, 0x3A, 0x3A,
    0x00, 0x00, 0xA0, 0x32, 0x00, 0x00, 0x00, 0x2A, 0x00, 0x00, 0xA0, 0xA3, 0x00, 0x00, 0x6A, 0x66,
    0x00, 0x00, 0x00, 0xAA, 0x00, 0x00, 0x00, 0xB0, 0x00, 0x00, 0x00, 0xA0, 0x00, 0x00, 0x00, 0x00,
    0x66, 0x23, 0x62, 0x32, 0x63, 0x32, 0x36, 0xA6, 0x26, 0xA3, 0x32, 0x33, 0x6A, 0x6A, 0xA2, 0xA2,
    0x3A, 0x36, 0x6A, 0x63, 0xA2, 0x4F, 0xA6, 0xA6, 0x23, 0x14, 0xA6, 0xA2, 0x3A, 0x32, 0x66, 0x3A,
    0x00, 0x00, 0x00, 0x00, 0x00, 0x00, 0x00, 0x00, 0x00, 0x00, 0x00, 0x00, 0x0A, 0x00, 0x00, 0x00,
    0xA3, 0x00, 0x00, 0x00, 0x63, 0x00, 0x00, 0x00, 0xA6, 0x0A, 0x00, 0x00, 0x33, 0xA6, 0x00, 0x00,
    0x3A, 0x32, 0x0A, 0x00, 0x63, 0x33, 0x0A, 0x00, 0x63, 0xA6, 0x0A, 0x00, 0x23, 0x36, 0x0A, 0x00,
    0x6A, 0x6A, 0xA6, 0x00, 0xA3, 0xAA, 0x00, 0x00, 0x63, 0xA3, 0x00, 0x00, 0x6A, 0x6A, 0x0A, 0x00,
    0xA6, 0x66, 0xEA, 0x00, 0x9A, 0xA6, 0x99, 0x0E, 0xD5, 0x9A, 0x25, 0xE9, 0x9C, 0x59, 0x11, 0xE2,
    0xCC, 0x29, 0x11, 0x91, 0xAA, 0x55, 0x12, 0x51, 0x55, 0x95, 0x12, 0xC5, 0xB2, 0xCB, 0x55, 0xCC,
    0xEB, 0x23, 0x32, 0xB6, 0x6E, 0xA2, 0x63, 0xBB, 0xE4, 0xE4, 0xBB, 0xCB, 0x4E, 0xEE, 0x8B, 0x0E,
    0xC2, 0xB9, 0x48, 0x0E, 0xCB, 0x8C, 0x74, 0x0E, 0xB5, 0x47, 0x11, 0xE4, 0xBA, 0x77, 0x11, 0xC4,
    0x00, 0x00, 0xEE, 0xEE, 0x00, 0x00, 0x00, 0x00, 0x00, 0x00, 0x00, 0x00, 0x00, 0x00, 0x00, 0x00,
    0x00, 0x00, 0x00, 0x00, 0x00, 0x00, 0x00, 0x00, 0x00, 0x00, 0x00, 0x00, 0x00, 0x00, 0x00, 0x00,
    0xEE, 0x0E, 0x00, 0x00, 0x00, 0x00, 0x00, 0x00, 0x00, 0x00, 0x00, 0x00, 0x00, 0x00, 0x00, 0x00,
    0x00, 0x00, 0x00, 0x00, 0x00, 0x00, 0x00, 0x00, 0x00, 0x00, 0x00, 0x00, 0x00, 0x00, 0x00, 0x00,
    0x00, 0x00, 0x00, 0x00, 0x00, 0x00, 0x00, 0x00, 0x00, 0x00, 0x00, 0x00, 0x00, 0x00, 0x00, 0x00,
    0x0E, 0x00, 0x00, 0x00, 0x0E, 0x00, 0x00, 0x00, 0x0C, 0x00, 0x00, 0x00, 0x00, 0x00, 0x00, 0x00,
    0x00, 0xDD, 0x00, 0xD0, 0xD0, 0x47, 0xDD, 0x4D, 0xD0, 0x14, 0x4D, 0x1D, 0xD0, 0x41, 0x17, 0x47,
    0x70, 0x41, 0x11, 0x41, 0x4D, 0x44, 0x44, 0x44, 0x4D, 0x11, 0x11, 0x11, 0x7D, 0x44, 0x44, 0x44,
    0x0D, 0x00, 0x00, 0x00, 0xD7, 0x00, 0x00, 0x00, 0xD4, 0x00, 0x00, 0x00, 0xD1, 0x00, 0x00, 0x00,
    0x71, 0x0D, 0x00, 0x00, 0x74, 0xD7, 0xDD, 0xDD, 0x11, 0x11, 0x11, 0x11, 0x44, 0x44, 0x44, 0x44,
    0x00, 0x00, 0x00, 0x00, 0x00, 0x00, 0x00, 0x00, 0x00, 0x00, 0x00, 0x00, 0x00, 0x00, 0x00, 0x00,
    0x00, 0x00, 0x00, 0x00, 0xDD, 0xDD, 0xDD, 0xDD, 0x11, 0x11, 0x11, 0x41, 0x44, 0x44, 0x44, 0x74,
    0x00, 0x00, 0x00, 0x00, 0x00, 0x00, 0x00, 0xB0, 0x00, 0xB0, 0xBB, 0x56, 0x00, 0x5B, 0x22, 0xEE,
    0x00, 0x26, 0xB6, 0x6B, 0xDD, 0x6B, 0xFB, 0x3B, 0xFF, 0x55, 0xBB, 0x32, 0xFF, 0x22, 0xF6, 0x23,
    0xD0, 0xDD, 0xDD, 0xDD, 0x00, 0x00, 0x00, 0x00, 0x00, 0x00, 0x00, 0x00, 0x00, 0x00, 0x00, 0x00,
    0x00, 0x00, 0x00, 0x00, 0x00, 0x00, 0x00, 0x00, 0x00, 0x00, 0x00, 0x00, 0x00, 0x00, 0x00, 0x00,
    0xDD, 0xDD, 0xDD, 0xDD, 0x00, 0x00, 0x00, 0x00, 0x00, 0x00, 0x00, 0x00, 0x00, 0x00, 0x00, 0x00,
    0x00, 0x00, 0x00, 0x00, 0x00, 0x00, 0x00, 0x00, 0x00, 0x00, 0x00, 0x00, 0x00, 0x00, 0x00, 0x00,
    0xDD, 0xDD, 0xDD, 0xDD, 0x00, 0x00, 0x00, 0x00, 0x00, 0x00, 0x00, 0x00, 0x00, 0x00, 0x00, 0x00,
    0x00, 0x00, 0x00, 0x00, 0x00, 0x00, 0x00, 0x00, 0x00, 0x00, 0x00, 0x00, 0x00, 0x00, 0x00, 0x00,
    0xBB, 0xBB, 0xBB, 0xB3, 0x00, 0x5B, 0xBB, 0xBB, 0x00, 0x6B, 0x55, 0x66, 0x00, 0xB0, 0xBB, 0x5B,
    0x00, 0x00, 0x00, 0xB0, 0x00, 0x00, 0x00, 0x00, 0x00, 0x00, 0x00, 0x00, 0x00, 0x00, 0x00, 0x00,
    0x00, 0x00, 0x00, 0xB0, 0xBB, 0x66, 0x0B, 0x00, 0x22, 0xF2, 0xFF, 0x00, 0xEE, 0xBF, 0xEE, 0x6B,
    0xB3, 0x62, 0xC4, 0x26, 0x62, 0xC6, 0x7E, 0x6C, 0xC2, 0xCB, 0xE7, 0x7E, 0xCB, 0x3B, 0xFF, 0xD6,
    0xE6, 0xAA, 0x6A, 0xEA, 0xEB, 0xEA, 0xAE, 0xCE, 0xE0, 0xEE, 0xCE, 0x99, 0xE3, 0x8B, 0x29, 0x42,
    0x63, 0x5E, 0x12, 0x25, 0xB6, 0x2E, 0x21, 0x11, 0xED, 0xEE, 0x59, 0x12, 0x74, 0xF4, 0xCF, 0x85,
    0xEE, 0xFF, 0x0E, 0x00, 0x9E, 0x95, 0xEE, 0x00, 0x58, 0x42, 0x99, 0x0E, 0x25, 0x25, 0x54, 0xE9,
    0x15, 0x12, 0x92, 0xE5, 0x11, 0x11, 0x84, 0x95, 0x21, 0x41, 0x49, 0x85, 0x99, 0x25, 0x52, 0xE4,
    0x00, 0x00, 0x00, 0x00, 0x00, 0x00, 0x00, 0x00, 0x00, 0x00, 0x00, 0x00, 0x00, 0x00, 0x00, 0x00,
    0x0E, 0x00, 0x00, 0x00, 0x0E, 0x00, 0x00, 0x00, 0x0F, 0x00, 0x00, 0x00, 0x0F, 0x00, 0x00, 0x00,
    0x3B, 0xFF, 0xBB, 0xFB, 0xF6, 0xBF, 0x65, 0x0B, 0xBB, 0x6B, 0xB2, 0x00, 0x55, 0x22, 0xB5, 0x00,
    0xBB, 0x66, 0x0B, 0x00, 0x00, 0x00, 0x00, 0x00, 0x00, 0x00, 0x00, 0x00, 0x00, 0x00, 0x00, 0x00,
    0xE0, 0x77, 0xF4, 0xFF, 0x8E, 0x28, 0x47, 0xF4, 0x8E, 0x24, 0x74, 0xD7, 0xC0, 0x44, 0x22, 0x14,
    0x8E, 0x48, 0x22, 0xD2, 0x8E, 0x44, 0x42, 0x82, 0x8E, 0x48, 0x82, 0x42, 0xEF, 0x24, 0x82, 0x82,
    0x4F, 0x12, 0x24, 0xCF, 0xF9, 0x94, 0xF5, 0x8D, 0xFF, 0x5E, 0xCE, 0xFF, 0xDD, 0xED, 0xF8, 0x44,
    0x47, 0xD4, 0x4F, 0x42, 0xDD, 0x77, 0x7D, 0x22, 0xE8, 0xDD, 0x88, 0x24, 0xFC, 0x00, 0x8C, 0x22,
    0xE8, 0x00, 0x00, 0x00, 0xFF, 0x0E, 0x00, 0x00, 0xB4, 0x0C, 0x00, 0x00, 0x42, 0xC7, 0x00, 0x00,
    0x22, 0x87, 0x0E, 0x00, 0x22, 0x22, 0x0E, 0x00, 0x22, 0x22, 0xCE, 0x00, 0x22, 0x22, 0xE8, 0x00,
    0x00, 0x00, 0x00, 0x00, 0x00, 0x00, 0x00, 0x00, 0x00, 0x00, 0x00, 0x00, 0x00, 0x00, 0xA0, 0x63,
    0x00, 0x00, 0xA6, 0x2A, 0x00, 0x6A, 0x66, 0x66, 0x00, 0xA0, 0x32, 0x22, 0x00, 0x00, 0x2A, 0x23,
    0xA0, 0x00, 0xA0, 0x00, 0x60, 0x0A, 0xAA, 0x00, 0x60, 0xA2, 0x63, 0x0A, 0xAA, 0x3A, 0x32, 0x32,
    0x63, 0x26, 0x6A, 0x66, 0x3A, 0x32, 0xA2, 0x32, 0xA3, 0xA3, 0x36, 0xA3, 0x62, 0x23, 0x6A, 0x22,
    0x00, 0xA0, 0xA6, 0x36, 0x00, 0x00, 0x6A, 0x62, 0x00, 0xAA, 0x23, 0x2A, 0x00, 0x00, 0x6A, 0x63,
    0x00, 0x00, 0xA0, 0x3A, 0x00, 0x00, 0x00, 0x6A, 0x00, 0x00, 0x00, 0xAB, 0x00, 0x00, 0x00, 0x3B,
    0xA3, 0xA3, 0x36, 0x23, 0x2A, 0x26, 0x62, 0x32, 0x36, 0x32, 0x33, 0xAA, 0x23, 0xA3, 0x26, 0x23,
    0x2A, 0x26, 0x6A, 0x22, 0x63, 0x32, 0x26, 0xA6, 0x2A, 0x36, 0x6A, 0x63, 0xAE, 0xAA, 0x63, 0xAA,
    0x24, 0x22, 0x82, 0xEE, 0x24, 0x22, 0x82, 0xCE, 0x44, 0x22, 0x22, 0x84, 0x44, 0x24, 0x84, 0xC8,
    0x88, 0x44, 0x22, 0xC8, 0x24, 0x82, 0x98, 0xEC, 0xC9, 0xE9, 0x8E, 0xEE, 0xEE, 0xE8, 0x8A, 0xDD,
    0x00, 0x00, 0x00, 0x00, 0x0E, 0x00, 0x00, 0x00, 0x0E, 0x00, 0x00, 0x00, 0x0F, 0x00, 0x00, 0x00,
    0x00, 0x00, 0x00, 0x00, 0x0F, 0x00, 0x00, 0x00, 0x0C, 0x00, 0x00, 0x00, 0xE8, 0x00, 0x00, 0x00,
    0xE0, 0xE4, 0xAE, 0x6A, 0xE0, 0x47, 0x87, 0x6C, 0x00, 0x7E, 0xC8, 0x6C, 0x00, 0x4E, 0x48, 0x47,
    0x00, 0x7E, 0x44, 0xE4, 0x00, 0xEF, 0xEE, 0x0E, 0x00, 0x00, 0x00, 0x00, 0x00, 0x00, 0x00, 0x00,
    0xCC, 0x0E, 0x00, 0x00, 0x8C, 0x0E, 0x00, 0x00, 0x47, 0x0E, 0x00, 0x00, 0x74, 0x0E, 0x00, 0x00,
    0xEE, 0x00, 0x00, 0x00, 0x00, 0x00, 0x00, 0x00, 0x00, 0x00, 0x00, 0x00, 0x00, 0x00, 0x00, 0x00,
    0x00, 0x00, 0x00, 0xF0, 0x00, 0x00, 0xE0, 0xCC, 0x00, 0x00, 0xE0, 0x64, 0x00, 0x00, 0xE0, 0x47,
    0x00, 0x00, 0xF0, 0x7E, 0x00, 0x00, 0x00, 0x7E, 0x00, 0x00, 0x00, 0xE0, 0x00, 0x00, 0x00, 0x00,
    0xCC, 0x9E, 0x94, 0x8C, 0x66, 0xE6, 0x8C, 0xEE, 0xCC, 0xAE, 0xDC, 0xEE, 0xC8, 0xEC, 0xC8, 0x4E,
    0x84, 0xEC, 0x47, 0x77, 0x47, 0x88, 0xE8, 0xCC, 0x8E, 0xE7, 0x0E, 0x00, 0xE0, 0x0E, 0x00, 0x00,
    0x00, 0x00, 0x00, 0x00, 0x00, 0x00, 0x00, 0x00, 0x00, 0x00, 0x00, 0x00, 0x06, 0x00, 0x00, 0x00,
    0x0A, 0x0A, 0x00, 0x00, 0x63, 0xEA, 0x00, 0x00, 0x23, 0xA3, 0x00, 0x00, 0x36, 0xA2, 0x00, 0x00,
    0x66, 0xAA, 0x00, 0x00, 0x62, 0xA3, 0x00, 0x00, 0xA6, 0x66, 0x00, 0x00, 0xAA, 0xEA, 0x00, 0x00,
    0x36, 0xEA, 0x00, 0x00, 0xA6, 0xA6, 0x0E, 0x00, 0xAA, 0xEE, 0x0E, 0x00, 0xEE, 0xEF, 0x00, 0x00,
    0xFC, 0x00, 0xCF, 0x24, 0xF4, 0x00, 0xC0, 0x48, 0xF7, 0x00, 0xF0, 0x8C, 0xF8, 0x00, 0x00, 0x8C,
    0x0F, 0x00, 0xF0, 0x89, 0x00, 0x00, 0x00, 0xCE, 0x00, 0x00, 0x00, 0x8E, 0x00, 0x00, 0x00, 0xCE,
    0x00, 0x00, 0x00, 0xA0, 0x00, 0x00, 0x00, 0xAE, 0x00, 0x00, 0x00, 0x00, 0x00, 0x00, 0x00, 0xA0,
    0x00, 0x00, 0x00, 0xAE, 0x0D, 0x00, 0x00, 0x00, 0xD7, 0x0D, 0x00, 0x00, 0x1D, 0xD7, 0x00, 0x00,
    0x2A, 0x63, 0x36, 0x22, 0xAA, 0x32, 0x26, 0x63, 0x3A, 0x6A, 0x32, 0x2A, 0x66, 0xA6, 0xA6, 0x26,
    0xAE, 0xAA, 0x63, 0xA3, 0xE0, 0xFB, 0x3A, 0xFB, 0x00, 0x6E, 0x22, 0x42, 0x00, 0xBB, 0x23, 0x22,
    0x26, 0xA3, 0x23, 0xA3, 0x63, 0x3A, 0x36, 0xA3, 0x33, 0x23, 0x66, 0xAA, 0x2A, 0x3A, 0x62, 0xA3,
    0x36, 0xA6, 0xA6, 0xA6, 0xA4, 0x3A, 0xAA, 0x0A, 0x31, 0x2A, 0x36, 0xEA, 0xA2, 0xA3, 0xE6, 0x99,
    0x00, 0x00, 0x00, 0x00, 0x00, 0x00, 0x00, 0x00, 0x00, 0x00, 0x00, 0x00, 0x00, 0x00, 0x00, 0x00,
    0x00, 0x00, 0x00, 0x00, 0x00, 0x00, 0x00, 0x00, 0x00, 0x00, 0x00, 0x00, 0x0F, 0x00, 0x00, 0x00,
    0x14, 0x0D, 0x00, 0x00, 0xD1, 0x00, 0x00, 0x00, 0xD7, 0x0D, 0x00, 0x00, 0x41, 0xD7, 0x0D, 0x00,
    0x14, 0x41, 0xD7, 0x0D, 0xDD, 0x14, 0x41, 0xD7, 0x00, 0xDD, 0x14, 0x41, 0x00, 0x00, 0xDD, 0x14,
    0x00, 0x00, 0x3B, 0x32, 0x00, 0x00, 0xCB, 0xB6, 0x00, 0xF0, 0x94, 0x5A, 0x00, 0x5F, 0x81, 0xEE,
    0x00, 0x1F, 0x52, 0xE9, 0x0D, 0xF0, 0xEE, 0xBB, 0xD7, 0xBB, 0x6B, 0x56, 0xF1, 0xBB, 0xAC, 0xFB,
    0x66, 0x6A, 0x8E, 0x45, 0x6B, 0xAA, 0x59, 0x12, 0x6C, 0xCA, 0x18, 0x11, 0x3B, 0xEC, 0x24, 0x94,
    0xCE, 0x2E, 0xEE, 0xEE, 0xCB, 0x5B, 0xEE, 0xB6, 0xB6, 0xEB, 0x3E, 0x32, 0xBB, 0x3E, 0x23, 0xB6,
    0x0F, 0x00, 0x00, 0x00, 0xF8, 0x00, 0x00, 0x00, 0xF5, 0x00, 0x00, 0x00, 0xEE, 0x0F, 0x00, 0x00,
    0x5F, 0xF9, 0x00, 0x00, 0x8F, 0xF2, 0x00, 0x00, 0xFB, 0x0F, 0x00, 0x00, 0xFF, 0x0F, 0x00, 0x00,
    0x00, 0x00, 0x00, 0xDD, 0x00, 0x00, 0x00, 0x00, 0x00, 0x00, 0x00, 0xB0, 0x00, 0x00, 0x00, 0xB0,
    0x00, 0x00, 0x00, 0xB0, 0x00, 0x00, 0x00, 0x00, 0x00, 0x00, 0x00, 0x00, 0x00, 0x00, 0x00, 0x00,
    0xFF, 0x56, 0xA5, 0x6A, 0xBD, 0xB5, 0x6B, 0x33, 0xB6, 0xCB, 0x2B, 0x22, 0x52, 0xFB, 0x3A, 0x22,
    0x25, 0xB6, 0x6F, 0x63, 0xBB, 0x52, 0xB6, 0xFF, 0x89, 0x5B, 0x22, 0xB5, 0x80, 0xB8, 0xBB, 0x2B,
    0xE3, 0xE4, 0xB3, 0xBB, 0xE2, 0xB4, 0xB3, 0xEF, 0x23, 0x1B, 0xF7, 0xDE, 0xBB, 0x7F, 0xF4, 0x89,
    0x4B, 0xF7, 0xCF, 0x9C, 0xFF, 0xCD, 0x8C, 0xF9, 0xDB, 0xF7, 0xCD, 0x4F, 0x47, 0x0D, 0xEF, 0x48,
    0x8E, 0x0F, 0x00, 0x00, 0x9D, 0xF9, 0x00, 0x00, 0xC8, 0xD8, 0x00, 0x00, 0x9C, 0x8C, 0x0F, 0x00,
    0xEF, 0xFF, 0x0F, 0x00, 0x47, 0x84, 0xEE, 0x00, 0x44, 0x22, 0xE4, 0x00, 0x42, 0x22, 0x72, 0x0E,
    0x00, 0x00, 0x00, 0x00, 0x00, 0x00, 0x00, 0x00, 0x00, 0x00, 0x00, 0x00, 0x00, 0x00, 0x00, 0x00,
    0x00, 0x00, 0x00, 0x00, 0x00, 0x00, 0x00, 0x00, 0x00, 0x00, 0x00, 0xCE, 0x00, 0x00, 0x00, 0x4E,
    0xC0, 0x4C, 0x24, 0x22, 0x90, 0x88, 0x44, 0x22, 0xE0, 0x48, 0x44, 0x42, 0xF0, 0x8C, 0x48, 0x24,
    0x00, 0x4E, 0x22, 0x88, 0xCF, 0xEC, 0x49, 0x9E, 0x6C, 0x66, 0xCE, 0x8D, 0xC6, 0xEC, 0xCA, 0xDE,
    0x72, 0x00, 0xF0, 0x78, 0x82, 0x77, 0xF0, 0x88, 0x82, 0x7E, 0x04, 0x8C, 0x28, 0x84, 0x7E, 0xC0,
    0x82, 0xFC, 0x70, 0xD4, 0x8C, 0xFC, 0x00, 0x1D, 0xEE, 0xF4, 0x00, 0xD0, 0xEE, 0xF7, 0x00, 0xD0,
    0x22, 0x22, 0x22, 0x0E, 0x24, 0x22, 0x22, 0x0E, 0x22, 0x22, 0x22, 0xE8, 0x24, 0x24, 0x22, 0x82,
    0x48, 0x24, 0x22, 0x82, 0x8D, 0x44, 0x22, 0x22, 0xD7, 0x44, 0x24, 0x84, 0x47, 0x8D, 0x44, 0x22,
    0x47, 0x2D, 0x82, 0x98, 0xDD, 0x99, 0x9C, 0x8E, 0xC0, 0x4F, 0x8E, 0xAE, 0x00, 0xF0, 0x4E, 0xEE,
    0x00, 0x00, 0x7E, 0x74, 0x00, 0x00, 0xE0, 0x87, 0x00, 0x00, 0xE0, 0x84, 0x00, 0x00, 0xE0, 0x47,
    0xEC, 0x0E, 0x00, 0x00, 0xDE, 0xCE, 0x00, 0x00, 0xD8, 0x8D, 0x0E, 0x00, 0xAA, 0xCA, 0x0E, 0x00,
    0xC8, 0xC6, 0xEC, 0x00, 0xCC, 0xC6, 0xE8, 0x00, 0x74, 0x76, 0xE4, 0x00, 0x44, 0x44, 0xE7, 0x00,
    0x00, 0x00, 0xF0, 0xEE, 0x00, 0x00, 0x00, 0x00, 0x00, 0x00, 0x00, 0x00, 0x00, 0x00, 0x00, 0x00,
    0x00, 0x00, 0x00, 0x00, 0x00, 0x00, 0x00, 0x00, 0x00, 0x00, 0x00, 0x00, 0x00, 0x00, 0x00, 0x00,
    0xEE, 0xEE, 0x0E, 0x00, 0x00, 0x00, 0x00, 0x00, 0x00, 0x00, 0x00, 0x00, 0x00, 0x00, 0x00, 0x00,
    0x00, 0x00, 0x00, 0x00, 0x00, 0x00, 0x00, 0x00, 0x00, 0x00, 0x00, 0x00, 0x00, 0x00, 0x00, 0x00,
    0x00, 0x00, 0x00, 0x00, 0x00, 0x00, 0x00, 0x00, 0x00, 0x00, 0x00, 0x00, 0x00, 0x00, 0x00, 0x00,
    0x00, 0x00, 0x00, 0x6E, 0x00, 0x00, 0x00, 0x00, 0x00, 0x00, 0x00, 0x00, 0x00, 0x00, 0x00, 0x00,
    0xA0, 0x00, 0x00, 0x00, 0x60, 0x0A, 0x00, 0x0A, 0x00, 0x26, 0x0A, 0xA6, 0xA0, 0x6E, 0x23, 0x3A,
    0x36, 0x6A, 0x32, 0x66, 0x6E, 0x62, 0x22, 0x26, 0xA0, 0x63, 0x23, 0x3A, 0x66, 0x3A, 0x6A, 0xA6,
    0x00, 0x00, 0x00, 0x7E, 0x00, 0x00, 0x00, 0xE0, 0x00, 0x00, 0x00, 0xE0, 0x00, 0x00, 0x00, 0x00,
    0x00, 0x00, 0x00, 0x00, 0x00, 0x00, 0x00, 0x00, 0x00, 0x00, 0x00, 0x00, 0x00, 0x00, 0x00, 0x00,
    0x84, 0xCC, 0x8E, 0xC8, 0x47, 0xC8, 0x7E, 0x44, 0x77, 0x84, 0x88, 0xEE, 0xEE, 0x78, 0xEE, 0x0E,
    0x00, 0xEE, 0x00, 0x00, 0x00, 0x00, 0x00, 0x00, 0x00, 0x00, 0x00, 0x00, 0x00, 0x00, 0x00, 0x00,
    0x00, 0x00, 0x00, 0x00, 0x00, 0x00, 0x00, 0x00, 0x00, 0x00, 0x00, 0x00, 0x00, 0x00, 0x00, 0x00,
    0x00, 0x00, 0xD0, 0x0D, 0x00, 0xD0, 0x4D, 0xD1, 0xD0, 0x7D, 0x11, 0x4D, 0x7D, 0x47, 0x44, 0x71,
    0x7D, 0x44, 0x47, 0x11, 0xD0, 0x14, 0x44, 0x47, 0x00, 0xDD, 0x14, 0x44, 0x00, 0x00, 0xDD, 0x14,
    0x00, 0x00, 0x00, 0xDD, 0x00, 0x00, 0x00, 0x00, 0x00, 0x00, 0x00, 0x00, 0x00, 0x00, 0x00, 0x00,
    0x00, 0x00, 0x00, 0x00, 0x00, 0x00, 0x00, 0x00, 0x00, 0x00, 0x00, 0x00, 0xA2, 0xAE, 0x00, 0x00,
    0x23, 0x3A, 0x0A, 0x00, 0x66, 0x26, 0xE6, 0x00, 0x32, 0x63, 0xAA, 0x0E, 0xA3, 0x33, 0x63, 0xEA,
    0x00, 0x00, 0x00, 0x00, 0x00, 0x00, 0x00, 0x00, 0x00, 0x00, 0x00, 0x00, 0xEE, 0x00, 0x00, 0x00,
    0xCE, 0x0E, 0x00, 0x00, 0x84, 0x0E, 0x00, 0x00, 0xC8, 0x0F, 0x00, 0x00, 0xC8, 0x00, 0x00, 0x00,
    0x4E, 0xF8, 0x00, 0xD0, 0x77, 0x0F, 0x00, 0x00, 0xCC, 0x00, 0x00, 0x00, 0x00, 0x00, 0x00, 0x00,
    0x00, 0x00, 0x00, 0x00, 0x00, 0x00, 0x00, 0x00, 0x00, 0x00, 0x00, 0x00, 0x00, 0x00, 0x00, 0x00,
};
static const u16 sSet1Frame0[] = {
    0x0006, 0x40E5, 0x81E6, 0x0000, 0x40F5, 0x81F6, 0x0008, 0x00D5, 0x41F6, 0x0010, 0x80D5, 0x4006,
    0x0014, 0x4005, 0x0006, 0x0018, 0x00E5, 0x000E, 0x001A, 0x0000,
};
static const u16 sSet1Frame1[] = {
    0x0007, 0x40E2, 0x81C6, 0x001B, 0x40E2, 0x81E6, 0x0023, 0x00D2, 0x41E6, 0x002B, 0x00F2, 0x41FE,
    0x002F, 0x40F2, 0x01E6, 0x0033, 0x80D2, 0x01F6, 0x0035, 0x00F2, 0x01F6, 0x0037, 0x0000,
};
static const u16 sSet1Frame2[] = {
    0x0008, 0x00D7, 0x81E7, 0x0038, 0x00F7, 0x41FF, 0x0048, 0x40CF, 0x01E7, 0x004C, 0x40F7, 0x01E7,
    0x004E, 0x80D7, 0x01DF, 0x0050, 0x00CF, 0x01F7, 0x0052, 0x00EF, 0x0007, 0x0053, 0x00F7, 0x01F7,
    0x0054, 0x0000,
};
static const void* const sSet1Frames[] = { sSet1Frame0, sSet1Frame1, sSet1Frame2 };

static const u16 sBattleAnim2[] = {
    0x0040, 0x0040, 0x0005, 0x0000, 0x0004, 0x0000, 0x0003, 0x0001, 0x0003, 0x0001, 0x0008, 0x0002,
    0x0004,
};
static const u16 sBattleAnim3[] = {
    0x0040, 0x0040, 0x0005, 0x0000, 0x0005, 0x0000, 0x0004, 0x0001, 0x0003, 0x0001, 0x0009, 0x0002,
    0x0005,
};
static const u16 sBattleAnim4[] = {
    0x0040, 0x0040, 0x0005, 0x0000, 0x0006, 0x0000, 0x0005, 0x0001, 0x0004, 0x0001, 0x000A, 0x0002,
    0x0005,
};
static const u16 sBattleAnim5[] = {
    0x0040, 0x0040, 0x0005, 0x0000, 0x0007, 0x0000, 0x0006, 0x0001, 0x0005, 0x0001, 0x000B, 0x0002,
    0x0005,
};
static const u16 sBattleAnim6[] = {
    0x0040, 0x0040, 0x0005, 0x0000, 0x0007, 0x0000, 0x0007, 0x0001, 0x0006, 0x0001, 0x000C, 0x0002,
    0x0005,
};
static const u8 sTiles2[] __attribute__((aligned(4))) = {
    0x00, 0x00, 0x00, 0x90, 0x00, 0x00, 0x00, 0x90, 0x00, 0x00, 0xC0, 0xF9, 0x00, 0x00, 0xF9, 0xFF,
    0x00, 0xF0, 0xEF, 0xED, 0xC0, 0x47, 0xCF, 0xF9, 0x4C, 0x44, 0x22, 0x9F, 0x48, 0x42, 0x22, 0xC2,
    0x7C, 0xCE, 0x25, 0x95, 0x4C, 0x9C, 0x25, 0x22, 0xC7, 0x9C, 0x25, 0x11, 0xC4, 0xCE, 0x22, 0x51,
    0xCD, 0xCC, 0x15, 0x92, 0xCC, 0x5C, 0x91, 0xC9, 0xC9, 0x9C, 0xE9, 0xFF, 0xFC, 0xED, 0xFF, 0x9E,
    0x0F, 0x70, 0x14, 0xD7, 0xF5, 0x00, 0x47, 0xD1, 0xF5, 0x0F, 0x7D, 0x41, 0x88, 0xDC, 0xD0, 0x14,
    0xCC, 0xDC, 0x44, 0x47, 0xFE, 0x4D, 0x41, 0x77, 0xFC, 0x1D, 0x1D, 0x74, 0xF9, 0xD9, 0x14, 0x41,
    0x00, 0x00, 0x00, 0x00, 0x00, 0x00, 0x00, 0x00, 0x0D, 0x00, 0x00, 0x00, 0xD7, 0x00, 0x00, 0x00,
    0xD1, 0x00, 0x00, 0x00, 0x41, 0x0D, 0x00, 0x00, 0x14, 0xD7, 0x00, 0x00, 0x47, 0xD1, 0x00, 0x00,
    0x48, 0x22, 0x22, 0x22, 0x88, 0x24, 0x22, 0x22, 0x8C, 0x22, 0x22, 0x22, 0xC0, 0x24, 0x24, 0x22,
    0xC0, 0x48, 0x24, 0x22, 0x00, 0x8C, 0x44, 0x22, 0x00, 0x58, 0x22, 0x22, 0x00, 0x80, 0x24, 0x22,
    0xCE, 0xFF, 0xCC, 0xC9, 0xEE, 0xFF, 0x99, 0x99, 0xE8, 0xEF, 0x9C, 0xCE, 0x82, 0xCE, 0x99, 0xCC,
    0x82, 0xCE, 0xC9, 0x47, 0x22, 0xE4, 0x4C, 0x44, 0x94, 0xCF, 0x48, 0x42, 0x84, 0xF7, 0x48, 0x22,
    0x99, 0xFB, 0x4D, 0x4D, 0x9C, 0xFE, 0xD0, 0x17, 0xEC, 0xEE, 0xDF, 0x74, 0xE8, 0xEE, 0x0F, 0xDD,
    0xE4, 0x8E, 0xCC, 0x00, 0x22, 0x87, 0xC9, 0x00, 0x22, 0x82, 0x0E, 0x00, 0x22, 0x22, 0x0E, 0x00,
    0x74, 0xD1, 0x00, 0x00, 0x74, 0x0D, 0x00, 0x00, 0xDD, 0x00, 0x00, 0x00, 0x00, 0x00, 0x00, 0x00,
    0x00, 0x00, 0x00, 0x00, 0x00, 0x00, 0x00, 0x00, 0x00, 0x00, 0x00, 0x00, 0x00, 0x00, 0x00, 0x00,
    0x00, 0x80, 0x24, 0x44, 0x00, 0x8C, 0x44, 0x88, 0x00, 0x8C, 0x28, 0x84, 0x00, 0xBE, 0x84, 0x98,
    0x00, 0xEE, 0xB6, 0x8C, 0xE0, 0xE7, 0xE6, 0x4C, 0xE0, 0xE7, 0xCB, 0x78, 0xE0, 0x67, 0xCC, 0x74,
    0x88, 0xC9, 0x88, 0x24, 0x84, 0xC9, 0x8C, 0x22, 0xE9, 0x09, 0xC0, 0x24, 0xE8, 0x0C, 0xC0, 0x48,
    0xE7, 0x00, 0x00, 0x8C, 0x0E, 0x00, 0x00, 0x8C, 0x0E, 0x00, 0x00, 0x89, 0x00, 0x00, 0x00, 0xCE,
    0x22, 0x22, 0x0E, 0x00, 0x22, 0x22, 0xE8, 0x00, 0x24, 0x22, 0x82, 0xEE, 0x24, 0x22, 0x82, 0xCE,
    0x44, 0x22, 0x22, 0x84, 0x44, 0x24, 0x84, 0xC8, 0x88, 0x44, 0x22, 0xC8, 0x24, 0x82, 0x98, 0xEC,
    0x00, 0x00, 0x00, 0x00, 0x00, 0x00, 0x00, 0x00, 0x00, 0x00, 0x00, 0x00, 0x0E, 0x00, 0x00, 0x00,
    0x0E, 0x00, 0x00, 0x00, 0x0F, 0x00, 0x00, 0x00, 0x0F, 0x00, 0x00, 0x00, 0xF4, 0x00, 0x00, 0x00,
    0xE0, 0xB7, 0x4C, 0xE7, 0x00, 0x7E, 0x74, 0x0E, 0x00, 0xE0, 0xEE, 0x00, 0x00, 0x00, 0x00, 0x00,
    0x00, 0x00, 0x00, 0x00, 0x00, 0x00, 0x00, 0x00, 0x00, 0x00, 0x00, 0x00, 0x00, 0x00, 0x00, 0x00,
    0x00, 0x00, 0x00, 0x00, 0x00, 0x00, 0x00, 0xC0, 0x00, 0x00, 0x00, 0x6F, 0x00, 0x00, 0xE0, 0xCC,
    0x00, 0x00, 0xE0, 0x64, 0x00, 0x00, 0xE0, 0x47, 0x00, 0x00, 0x00, 0x7E, 0x00, 0x00, 0x00, 0xE0,
    0xEE, 0x49, 0x8E, 0xEE, 0x6C, 0xCE, 0xDD, 0x4E, 0xE6, 0xCA, 0xCE, 0x7E, 0xCC, 0xEC, 0x88, 0x74,
    0xC8, 0xEC, 0x47, 0xCE, 0x84, 0x88, 0xE8, 0x0E, 0x77, 0x74, 0x0E, 0x00, 0xEE, 0xEE, 0x0E, 0x00,
    0xF7, 0x00, 0x00, 0x00, 0xF8, 0x00, 0x00, 0x00, 0x0F, 0x00, 0x00, 0x00, 0x0C, 0x00, 0x00, 0x00,
    0x00, 0x00, 0x00, 0x00, 0x00, 0x00, 0x00, 0x00, 0x00, 0x00, 0x00, 0x00, 0x00, 0x00, 0x00, 0x00,
    0x00, 0x00, 0x00, 0xA0, 0x00, 0x00, 0x00, 0x60, 0x00, 0x00, 0x00, 0x60, 0x00, 0x00, 0xA0, 0x60,
    0x00, 0x00, 0x30, 0x6A, 0x00, 0x00, 0x60, 0x72, 0x00, 0x00, 0xA0, 0xD3, 0x00, 0xA0, 0x66, 0x4A,
    0x00, 0x00, 0x00, 0x00, 0x0A, 0xA0, 0x00, 0x00, 0xA2, 0x60, 0x0A, 0x00, 0x22, 0x3A, 0xA2, 0xA0,
    0x32, 0x66, 0xB3, 0x3B, 0x7D, 0xBD, 0x6B, 0xB5, 0x41, 0xB5, 0x25, 0xB2, 0x5B, 0xB5, 0x52, 0x52,
    0x00, 0x00, 0x2A, 0xD7, 0x00, 0x00, 0x47, 0x6D, 0x00, 0x00, 0xB7, 0x56, 0x00, 0x70, 0xB6, 0x22,
    0x00, 0x40, 0xB0, 0x52, 0x00, 0x70, 0xF0, 0x5B, 0x00, 0x00, 0x3F, 0xFF, 0x00, 0xF0, 0x2B, 0xF3,
    0xBB, 0x52, 0xBB, 0x2B, 0xB5, 0x35, 0xBB, 0x5B, 0xB2, 0x6B, 0x3B, 0xBB, 0xB6, 0xFD, 0x61, 0xB3,
    0xFB, 0x74, 0x17, 0xB4, 0xFF, 0x41, 0x47, 0xB1, 0x74, 0x7F, 0xF1, 0x54, 0x14, 0xF7, 0x7F, 0x2F,
    0x00, 0xF0, 0x3B, 0xF6, 0x00, 0xF0, 0xB2, 0xEF, 0x00, 0x00, 0x2F, 0xE2, 0x00, 0x00, 0xF0, 0xE2,
    0x00, 0x00, 0xF0, 0xF5, 0x00, 0x00, 0x00, 0xFC, 0x00, 0x00, 0x00, 0xF0, 0x00, 0x00, 0x00, 0xC0,
    0x4F, 0x11, 0xF7, 0xFB, 0xFB, 0x77, 0xBF, 0xFF, 0x2B, 0xF2, 0xEE, 0xE9, 0x26, 0xB3, 0x1F, 0x51,
    0x3B, 0x63, 0x2F, 0x21, 0x6F, 0xB6, 0x25, 0x92, 0xFF, 0x99, 0xCC, 0x55, 0x4C, 0xFF, 0x5C, 0x92,
    0x00, 0x00, 0x00, 0x00, 0x00, 0x00, 0x00, 0x00, 0x00, 0x00, 0x00, 0x00, 0x00, 0x00, 0x00, 0x00,
    0x0A, 0x00, 0x00, 0x00, 0x06, 0x00, 0x00, 0x00, 0xAA, 0x00, 0x00, 0x00, 0x6B, 0x0A, 0x00, 0x00,
    0x2B, 0xA3, 0x00, 0x00, 0xB5, 0xA3, 0x00, 0x00, 0xB2, 0xAA, 0x00, 0x00, 0x25, 0xAA, 0x00, 0x00,
    0x26, 0x6A, 0x0A, 0x00, 0xA2, 0x0A, 0x00, 0x00, 0xBB, 0x0A, 0x00, 0x00, 0xDF, 0xA6, 0x00, 0x00,
    0xDF, 0x0B, 0x00, 0x00, 0x44, 0x0D, 0x00, 0x00, 0x14, 0xD7, 0x00, 0x00, 0x4E, 0xD1, 0x00, 0x00,
    0xE5, 0x41, 0x0D, 0x00, 0xE5, 0x14, 0xD7, 0x00, 0xFE, 0x47, 0xD1, 0x00, 0x0F, 0x70, 0x41, 0x0D,
    0x00, 0x00, 0x00, 0x00, 0x00, 0x00, 0x00, 0x00, 0x00, 0x00, 0x00, 0x00, 0x00, 0x00, 0x00, 0x00,
    0x00, 0x00, 0x00, 0x00, 0x77, 0x00, 0x00, 0x00, 0x41, 0x77, 0x0D, 0xB0, 0x14, 0x11, 0xDF, 0x5B,
    0x00, 0x00, 0xA0, 0x32, 0x00, 0x00, 0x6A, 0x63, 0x00, 0x00, 0x00, 0x6A, 0x00, 0x00, 0xA0, 0x32,
    0x00, 0x00, 0x2A, 0x22, 0x6B, 0xB6, 0x6B, 0x66, 0x26, 0x22, 0x65, 0xAB, 0xB2, 0x6B, 0x22, 0x52,
    0x26, 0x63, 0x33, 0x6A, 0x32, 0x2A, 0x26, 0xA2, 0xA6, 0x26, 0xA3, 0x36, 0x22, 0x36, 0x32, 0x6A,
    0x32, 0x6A, 0x26, 0x36, 0x66, 0x63, 0x63, 0xAA, 0x32, 0x3A, 0xA2, 0xA6, 0xB6, 0xBB, 0x36, 0x3A,
    0x33, 0x33, 0x66, 0xAA, 0x2A, 0x3A, 0x62, 0xA3, 0x36, 0xA6, 0xA6, 0x66, 0x6A, 0x3A, 0xAA, 0x0A,
    0x2A, 0x3A, 0x36, 0xEA, 0xAA, 0xA3, 0xA6, 0xA6, 0xA6, 0x6A, 0xFA, 0xE9, 0xA2, 0xA6, 0x5E, 0x7E,
    0xDD, 0x47, 0xFF, 0xB5, 0x00, 0xDD, 0x6D, 0x22, 0x00, 0x00, 0xBB, 0x66, 0x00, 0x00, 0x5B, 0xBB,
    0x00, 0x00, 0x5B, 0xB5, 0x00, 0x00, 0x6B, 0x62, 0x00, 0x00, 0xB0, 0x26, 0x00, 0x00, 0x00, 0xB0,
    0xB6, 0x63, 0xBB, 0x25, 0xFB, 0x17, 0x74, 0xFB, 0xBF, 0x4F, 0xB1, 0x4F, 0x7B, 0xF4, 0xF4, 0x17,
    0x7B, 0x71, 0x47, 0x16, 0xFB, 0x47, 0xF7, 0x4F, 0x62, 0xFB, 0xFF, 0xF7, 0x2B, 0x62, 0x5B, 0xB2,
    0x22, 0x6B, 0xFF, 0xFF, 0x5F, 0x3B, 0x9F, 0x22, 0xBB, 0xBB, 0x8F, 0x24, 0x3B, 0x32, 0xEF, 0x42,
    0x67, 0xB6, 0x9F, 0x49, 0x71, 0x0F, 0xFF, 0x8F, 0xFF, 0x04, 0x00, 0xF0, 0x00, 0x07, 0x00, 0x77,
    0xFF, 0xFF, 0x24, 0x54, 0x12, 0x4F, 0x22, 0x42, 0x22, 0x22, 0x22, 0x42, 0x22, 0x22, 0x22, 0x74,
    0x14, 0x22, 0x22, 0x88, 0x24, 0x52, 0x44, 0x25, 0xEE, 0x8E, 0x92, 0x42, 0x8E, 0xE4, 0x25, 0xE5,
    0x00, 0x70, 0x47, 0x88, 0x00, 0xF0, 0xEE, 0x28, 0x00, 0xCF, 0x6C, 0x9C, 0xE0, 0x6C, 0xE6, 0xCA,
    0x4E, 0xC6, 0xCC, 0xCC, 0x7E, 0x84, 0xCC, 0xEE, 0xE0, 0x47, 0x88, 0x88, 0x00, 0x7E, 0x47, 0x47,
    0x24, 0x44, 0x9F, 0x9E, 0x42, 0x84, 0xE8, 0x9E, 0x88, 0x22, 0xC4, 0xCF, 0xEC, 0xEE, 0xFE, 0xEE,
    0xEC, 0xEE, 0x8D, 0x8F, 0xC8, 0xE9, 0x8E, 0xF4, 0xC7, 0x87, 0x74, 0xF8, 0x88, 0x74, 0x87, 0x0F,
    0xC9, 0x9C, 0x82, 0xFE, 0xEC, 0x44, 0x22, 0xFE, 0x44, 0x24, 0x22, 0xEE, 0x24, 0x24, 0x22, 0xE8,
    0x24, 0x22, 0xE2, 0x8F, 0x48, 0x44, 0x22, 0x22, 0x48, 0x24, 0x24, 0x24, 0xCF, 0x44, 0x88, 0x44,
    0x00, 0x00, 0x00, 0x00, 0xEE, 0x00, 0x00, 0x00, 0x8C, 0xCC, 0x00, 0x00, 0x4E, 0x88, 0x0C, 0x00,
    0x28, 0x28, 0xF9, 0xFF, 0x24, 0x24, 0xE8, 0xFE, 0x22, 0x44, 0xD2, 0x88, 0x22, 0x84, 0xD4, 0xF8,
    0x00, 0xE0, 0xEE, 0xEE, 0x00, 0x00, 0x00, 0x00, 0x00, 0x00, 0x00, 0x00, 0x00, 0x00, 0x00, 0x00,
    0x00, 0x00, 0x00, 0x00, 0x00, 0x00, 0x00, 0x00, 0x00, 0x00, 0x00, 0x00, 0x00, 0x00, 0x00, 0x00,
    0x4E, 0x77, 0xF4, 0x0F, 0xE0, 0xCE, 0xFC, 0x00, 0x00, 0x00, 0x00, 0x00, 0x00, 0x00, 0x00, 0x00,
    0x00, 0x00, 0x00, 0x00, 0x00, 0x00, 0x00, 0x00, 0x00, 0x00, 0x00, 0x00, 0x00, 0x00, 0x00, 0x00,
    0xB0, 0x8C, 0x89, 0x48, 0x00, 0xE0, 0x8E, 0x89, 0x00, 0xE0, 0xEF, 0xEE, 0x00, 0xE0, 0x67, 0xDD,
    0x00, 0xE0, 0xB7, 0xCC, 0x00, 0xE0, 0x74, 0xEE, 0x00, 0x00, 0x9E, 0xE4, 0x00, 0x00, 0xE0, 0x7E,
    0x44, 0x84, 0x9C, 0xF4, 0x48, 0x98, 0x8E, 0xFE, 0x84, 0xCC, 0x78, 0x0E, 0xCC, 0xCE, 0xE4, 0x00,
    0xCB, 0x8C, 0xE7, 0x00, 0xCE, 0x74, 0x0F, 0x00, 0x4E, 0xE7, 0x00, 0x00, 0x74, 0x0E, 0x00, 0x00,
    0x00, 0x00, 0x00, 0x00, 0x00, 0x00, 0x00, 0x00, 0x00, 0x00, 0x00, 0x00, 0x00, 0x00, 0x00, 0x00,
    0x00, 0xD0, 0x0D, 0x00, 0x00, 0x7D, 0xD1, 0x0D, 0xD0, 0x17, 0x7D, 0xD4, 0xD0, 0x44, 0x14, 0xD1,
    0x00, 0x00, 0x00, 0x00, 0x00, 0x00, 0x00, 0x00, 0x00, 0x00, 0x00, 0x00, 0x00, 0x00, 0x00, 0x00,
    0x00, 0x00, 0x00, 0x00, 0x00, 0x00, 0x00, 0x00, 0xDD, 0x00, 0x00, 0x00, 0x74, 0x0D, 0x00, 0x00,
    0x1D, 0x77, 0x44, 0x41, 0x4D, 0x11, 0x74, 0x47, 0xD0, 0x7D, 0x14, 0x71, 0x00, 0xD0, 0xDD, 0x14,
    0x00, 0x00, 0x00, 0xDD, 0x00, 0x00, 0x00, 0x00, 0x00, 0x00, 0x00, 0x00, 0x00, 0x00, 0x00, 0x00,
    0x71, 0x0D, 0x00, 0x00, 0xD1, 0x00, 0x00, 0x00, 0xD7, 0x07, 0x00, 0x00, 0x41, 0x74, 0x07, 0x00,
    0x47, 0x11, 0x74, 0x77, 0xDD, 0x4D, 0x11, 0x41, 0x00, 0xD0, 0x7D, 0x14, 0x00, 0x00, 0xD0, 0xDD,
    0x00, 0x00, 0x00, 0x00, 0x00, 0x00, 0x00, 0x00, 0x00, 0x00, 0x00, 0x00, 0x00, 0x00, 0x00, 0x00,
    0x00, 0x00, 0x00, 0xA0, 0x00, 0x00, 0x00, 0x3A, 0x00, 0x00, 0x00, 0xA0, 0x00, 0x00, 0x00, 0x2A,
    0x00, 0x00, 0x00, 0x00, 0x00, 0x00, 0x00, 0xA0, 0x00, 0xA0, 0xAA, 0x6A, 0xA0, 0x26, 0x63, 0xA6,
    0xA6, 0x33, 0x66, 0x62, 0x63, 0xA3, 0x33, 0xA3, 0x36, 0x33, 0x3A, 0x6A, 0x36, 0x2A, 0x36, 0x32,
    0x00, 0x00, 0x00, 0xE0, 0x00, 0x00, 0x00, 0x00, 0x00, 0x00, 0x00, 0x00, 0x00, 0x00, 0x00, 0x00,
    0x00, 0x00, 0x00, 0x00, 0x00, 0x00, 0x00, 0x00, 0x00, 0x00, 0x00, 0x00, 0x00, 0x00, 0x00, 0x00,
    0xEE, 0x00, 0x00, 0x00, 0x00, 0x00, 0x00, 0x00, 0x00, 0x00, 0x00, 0x00, 0x00, 0x00, 0x00, 0x00,
    0x00, 0x00, 0x00, 0x00, 0x00, 0x00, 0x00, 0x00, 0x00, 0x00, 0x00, 0x00, 0x00, 0x00, 0x00, 0x00,
    0x00, 0x00, 0x00, 0x00, 0x00, 0x00, 0x00, 0x00, 0x0A, 0x00, 0x00, 0x00, 0x00, 0x00, 0x00, 0x00,
    0x00, 0x00, 0x00, 0x00, 0x0F, 0x00, 0x00, 0x00, 0xF9, 0x0F, 0x00, 0x00, 0x85, 0xF2, 0xFF, 0x00,
    0x9E, 0x98, 0x85, 0x0F, 0x48, 0x42, 0x22, 0x0E, 0x28, 0x49, 0xE2, 0x00, 0x94, 0xF4, 0xFE, 0x00,
    0x42, 0xCF, 0xFD, 0x00, 0xF2, 0x99, 0xEF, 0x0F, 0xCE, 0xF9, 0xE9, 0xCC, 0xFF, 0x99, 0x8E, 0xC9,
    0x00, 0x00, 0x00, 0x00, 0x00, 0x00, 0x00, 0x00, 0x00, 0x00, 0x00, 0x00, 0x00, 0x00, 0x00, 0x00,
    0x00, 0x00, 0x00, 0x00, 0x00, 0x00, 0x00, 0x00, 0x0F, 0x00, 0x00, 0x00, 0x0F, 0x00, 0x00, 0x00,
    0x0F, 0x00, 0x00, 0x00, 0x00, 0x00, 0x00, 0x00, 0x00, 0x00, 0x00, 0x00, 0x00, 0x00, 0x00, 0x00,
    0x00, 0x00, 0x00, 0x00, 0x00, 0x00, 0x00, 0x00, 0x00, 0x00, 0x00, 0x00, 0x00, 0x00, 0x00, 0x00,
    0x0A, 0x00, 0x00, 0x00, 0xA2, 0xA0, 0x00, 0x00, 0x23, 0x3A, 0x0A, 0x00, 0x66, 0x36, 0x06, 0x00,
    0x32, 0x63, 0xAA, 0x00, 0xA3, 0x33, 0x63, 0x0A, 0x26, 0xA3, 0x23, 0xA3, 0x63, 0x3A, 0x36, 0xA3,
    0xB0, 0x2B, 0x22, 0xB6, 0x00, 0xB0, 0x65, 0x0B, 0x00, 0x00, 0x00, 0x00, 0x00, 0x00, 0x00, 0x00,
    0x00, 0x00, 0x00, 0x00, 0x00, 0x00, 0x00, 0x00, 0x00, 0x00, 0x00, 0x00, 0x00, 0x00, 0x00, 0x00,
    0x00, 0x00, 0x00, 0x00, 0x00, 0x00, 0x00, 0x00, 0x00, 0x00, 0x00, 0x00, 0x00, 0x00, 0x00, 0x00,
    0x00, 0x00, 0x00, 0x00, 0x00, 0x00, 0x00, 0x00, 0x00, 0x00, 0x00, 0xA0, 0x00, 0x00, 0x00, 0x00,
    0x00, 0x00, 0x00, 0x00, 0x00, 0x00, 0x00, 0x00, 0x00, 0x00, 0xAA, 0xAA, 0x00, 0xA0, 0x33, 0x3A,
    0x00, 0x6A, 0x32, 0x66, 0x6A, 0x3A, 0x63, 0x26, 0x33, 0x36, 0x3A, 0x33, 0x6A, 0x33, 0xA3, 0xA3,
    0xA0, 0x00, 0x00, 0x00, 0x6A, 0x0A, 0x00, 0x00, 0x3A, 0xA2, 0xA0, 0x00, 0x66, 0x23, 0x3A, 0x0A,
    0x26, 0x66, 0x36, 0x06, 0x3A, 0x32, 0x63, 0xAA, 0xA6, 0xA3, 0x33, 0x63, 0x22, 0x26, 0xA3, 0x23,
    0x00, 0x00, 0x00, 0x00, 0x00, 0x00, 0x00, 0x00, 0x00, 0x00, 0x00, 0x00, 0x00, 0x00, 0x00, 0x00,
    0x00, 0x00, 0x00, 0x00, 0x00, 0x00, 0x00, 0x00, 0x0A, 0x00, 0x00, 0x00, 0xA3, 0x00, 0x00, 0x00,
    0x00, 0x00, 0x00, 0xA0, 0x00, 0x00, 0x00, 0x2A, 0x00, 0x00, 0xA0, 0x36, 0x00, 0x00, 0x00, 0xA0,
    0x00, 0x00, 0x00, 0x2A, 0x00, 0x00, 0xA0, 0x22, 0x00, 0x00, 0x6A, 0x66, 0x00, 0x00, 0x00, 0x00,
    0x62, 0xA3, 0x62, 0x23, 0x63, 0x32, 0x36, 0xA3, 0x26, 0xA3, 0x62, 0x22, 0x66, 0x6A, 0x32, 0x6A,
    0x23, 0x62, 0x23, 0xA3, 0x22, 0xA3, 0x66, 0x62, 0x66, 0x36, 0x36, 0xA6, 0x2A, 0xA3, 0x23, 0x6A,
    0x63, 0x63, 0x3A, 0x36, 0x2A, 0x33, 0x33, 0x66, 0x26, 0x2A, 0x3A, 0x62, 0xA3, 0x36, 0xA6, 0xA6,
    0x36, 0x6A, 0x3A, 0xAA, 0xA3, 0x2A, 0x3A, 0x36, 0x3A, 0xA9, 0xA3, 0xA6, 0x6A, 0x33, 0x6A, 0x5A,
    0xA3, 0x00, 0x00, 0x00, 0xAA, 0x0E, 0x00, 0x00, 0xA3, 0xFA, 0x00, 0x00, 0x66, 0xEA, 0x00, 0x00,
    0xEA, 0x0E, 0x00, 0x00, 0xEA, 0xEE, 0x0F, 0x00, 0xA6, 0xF5, 0xFF, 0x0F, 0x2E, 0xF5, 0x99, 0xF5,
    0x00, 0x00, 0x00, 0xA0, 0x00, 0x00, 0x00, 0x00, 0x00, 0x00, 0x00, 0x00, 0x00, 0x00, 0x00, 0x00,
    0x00, 0x00, 0x00, 0x00, 0x00, 0x00, 0x00, 0x00, 0x00, 0x00, 0x00, 0x00, 0x00, 0x00, 0x00, 0xB0,
    0x63, 0x6A, 0xA2, 0x63, 0x00, 0x60, 0x0A, 0x6A, 0x00, 0xA0, 0x00, 0xA0, 0x00, 0x00, 0x00, 0xB0,
    0x00, 0x00, 0xBB, 0x56, 0xB0, 0x6B, 0x25, 0xFF, 0x5B, 0x22, 0xBB, 0x74, 0x22, 0xB6, 0xBF, 0xF1,
    0x6A, 0xAA, 0xAF, 0x14, 0x2B, 0xF3, 0x42, 0x24, 0xB0, 0x4F, 0x22, 0x44, 0xFB, 0x22, 0x52, 0x11,
    0xB5, 0x52, 0x22, 0x52, 0xB2, 0x22, 0x52, 0x55, 0x3B, 0x56, 0x54, 0xFF, 0x26, 0xB3, 0xF4, 0x5B,
    0x11, 0x52, 0x42, 0x54, 0x11, 0x54, 0x11, 0x91, 0x44, 0x11, 0x41, 0x54, 0x2F, 0x22, 0x55, 0x45,
    0x54, 0x55, 0x44, 0x54, 0xFF, 0x4F, 0x54, 0xF9, 0x5F, 0x54, 0xE5, 0xFE, 0xEB, 0xE9, 0xFE, 0xCF,
    0x00, 0x00, 0x00, 0xB0, 0x00, 0x00, 0xD0, 0xBD, 0x70, 0x77, 0x77, 0xBF, 0x47, 0x14, 0x41, 0xFF,
    0x11, 0x41, 0xD7, 0xDD, 0xDD, 0xDD, 0x0D, 0x00, 0x00, 0x00, 0x00, 0x00, 0x00, 0x00, 0x00, 0x00,
    0x52, 0x3B, 0xF4, 0x17, 0xB6, 0xFB, 0x74, 0x6F, 0x25, 0x7B, 0x4F, 0x71, 0x22, 0xBB, 0x7F, 0xF7,
    0x6B, 0xB5, 0xBB, 0x56, 0xB0, 0x25, 0x25, 0x52, 0x00, 0x6B, 0xB6, 0xBB, 0x00, 0x00, 0x00, 0x00,
    0xBB, 0xBB, 0xDF, 0x2B, 0x74, 0xBF, 0xDD, 0x5D, 0xFF, 0xB5, 0xED, 0xBE, 0x5B, 0x62, 0xEB, 0xEE,
    0x22, 0x52, 0xEB, 0xEE, 0xB6, 0xBB, 0x48, 0x48, 0xBB, 0xFB, 0xFF, 0xFF, 0x00, 0x00, 0x00, 0xF0,
    0xB5, 0xBB, 0x9F, 0xCD, 0x22, 0xB5, 0xFB, 0xE9, 0xB6, 0xBE, 0xFB, 0x4E, 0xEE, 0xEE, 0xEB, 0x24,
    0xEE, 0xDE, 0x8E, 0x24, 0xEE, 0x8E, 0x84, 0x48, 0x88, 0x88, 0xCF, 0x48, 0xFF, 0xFF, 0x00, 0xB0,
    0x9D, 0xEC, 0xCE, 0xC8, 0x44, 0xEE, 0xE8, 0x84, 0x24, 0x72, 0x88, 0x82, 0x24, 0x22, 0x28, 0x42,
    0x22, 0x22, 0x22, 0x42, 0x22, 0x22, 0x22, 0x44, 0x28, 0x22, 0x44, 0x44, 0x8C, 0x88, 0x48, 0x88,
    0x0C, 0x00, 0x00, 0x00, 0xC8, 0x00, 0x00, 0x00, 0x92, 0x0B, 0x00, 0x00, 0x82, 0xFE, 0x0F, 0x00,
    0x24, 0xE9, 0xFE, 0x00, 0x28, 0xE9, 0x9E, 0x0F, 0x48, 0xC9, 0x8E, 0x0F, 0xC8, 0xCC, 0x47, 0x0F,
    0xC0, 0xCE, 0x8C, 0xCC, 0xE0, 0x67, 0xCC, 0xB6, 0xE0, 0xB7, 0xCC, 0xCB, 0xE0, 0x74, 0xEE, 0xCE,
    0x00, 0x9E, 0xE4, 0x4E, 0x00, 0xE0, 0x7E, 0x74, 0x00, 0x00, 0xE0, 0xEE, 0x00, 0x00, 0x00, 0x00,
    0xC9, 0x7C, 0xFE, 0x00, 0xCE, 0xE4, 0x0F, 0x00, 0x8C, 0xE7, 0x00, 0x00, 0x74, 0x0F, 0x00, 0x00,
    0xE7, 0x00, 0x00, 0x00, 0x0E, 0x00, 0x00, 0x00, 0x00, 0x00, 0x00, 0x00, 0x00, 0x00, 0x00, 0x00,
    0x00, 0x00, 0x00, 0x00, 0x00, 0x00, 0xD0, 0xDD, 0xDD, 0xD0, 0x7D, 0x71, 0x1D, 0x7D, 0xD1, 0x17,
    0x4D, 0x74, 0x11, 0x44, 0x7D, 0x41, 0x74, 0x77, 0xD0, 0x77, 0x47, 0x11, 0xD0, 0x17, 0x41, 0xDD,
    0x00, 0x00, 0x00, 0x00, 0x00, 0x00, 0x00, 0x00, 0x0D, 0x00, 0x00, 0x00, 0xD7, 0x00, 0x77, 0x77,
    0x74, 0x77, 0x44, 0x11, 0x47, 0x11, 0x11, 0x74, 0x41, 0xD7, 0xDD, 0xDD, 0xDD, 0x0D, 0x00, 0x00,
    0x00, 0x00, 0x00, 0x00, 0x00, 0x00, 0x00, 0x00, 0x00, 0x00, 0x00, 0x00, 0x00, 0x00, 0x00, 0x00,
    0x00, 0x00, 0x00, 0x00, 0x00, 0x00, 0x00, 0x00, 0xFE, 0x0F, 0x00, 0x00, 0x2F, 0xF9, 0x00, 0x00,
    0x5D, 0x95, 0x00, 0x00, 0x55, 0xE4, 0x00, 0x00, 0x45, 0xF9, 0x00, 0x00, 0x94, 0xEF, 0x00, 0x00,
    0x9F, 0xED, 0x0F, 0x00, 0x9C, 0xCF, 0x0F, 0x00, 0xF9, 0x99, 0x0F, 0x00, 0x9C, 0xCF, 0xEE, 0x0E,
    0x00, 0xDD, 0xDD, 0x00, 0x00, 0x00, 0x00, 0x00, 0x00, 0x00, 0x00, 0x00, 0x00, 0x00, 0x00, 0x00,
    0x00, 0x00, 0x00, 0x00, 0x00, 0x00, 0x00, 0x00, 0x00, 0x00, 0x00, 0x00, 0x00, 0x00, 0x00, 0x00,
};
static const u16 sSet2Frame0[] = {
    0x0005, 0x00E5, 0x81E9, 0x0000, 0x00CD, 0x41E9, 0x0010, 0x40DD, 0x01E9, 0x0014, 0x80CD, 0x01F9,
    0x0016, 0x00DD, 0x01F9, 0x0018, 0x0000,
};
static const u16 sSet2Frame1[] = {
    0x0009, 0x40E2, 0x81D9, 0x0019, 0x40F2, 0x81E9, 0x0021, 0x00DA, 0x41C9, 0x0029, 0x40DA, 0x01E1,
    0x002D, 0x4002, 0x01F9, 0x002F, 0x80E2, 0x01F9, 0x0031, 0x80F2, 0x0009, 0x0033, 0x00DA, 0x01F1,
    0x0035, 0x00F2, 0x01E1, 0x0036, 0x0000,
};
static const u16 sSet2Frame2[] = {
    0x0005, 0x00DC, 0x81E1, 0x0037, 0x00F4, 0x4001, 0x0047, 0x40F4, 0x01D1, 0x004B, 0x80E4, 0x0001,
    0x004D, 0x00FC, 0x01D1, 0x004F, 0x0000,
};
static const void* const sSet2Frames[] = { sSet2Frame0, sSet2Frame1, sSet2Frame2 };

static const u16 sBattleAnim7[] = {
    0x0040, 0x0040, 0x0005, 0x0000, 0x0003, 0x0000, 0x0006, 0x0001, 0x0003, 0x0001, 0x000F, 0x0002,
    0x0006,
};
static const u16 sBattleAnim8[] = {
    0x0040, 0x0040, 0x0005, 0x0000, 0x0004, 0x0000, 0x0007, 0x0001, 0x0003, 0x0001, 0x000F, 0x0002,
    0x0006,
};
static const u16 sBattleAnim9[] = {
    0x0040, 0x0040, 0x0005, 0x0000, 0x0005, 0x0000, 0x0008, 0x0001, 0x0004, 0x0001, 0x000F, 0x0002,
    0x0006,
};
static const u16 sBattleAnim10[] = {
    0x0040, 0x0040, 0x0005, 0x0000, 0x0006, 0x0000, 0x0009, 0x0001, 0x0005, 0x0001, 0x000F, 0x0002,
    0x0006,
};
static const u16 sBattleAnim11[] = {
    0x0040, 0x0040, 0x0005, 0x0000, 0x0007, 0x0000, 0x000A, 0x0001, 0x0005, 0x0001, 0x000F, 0x0002,
    0x0006,
};
static const u8 sTiles3[] __attribute__((aligned(4))) = {
    0x00, 0x00, 0x4C, 0x11, 0x00, 0xF0, 0x18, 0x11, 0x00, 0xC0, 0x14, 0x11, 0x00, 0xC0, 0x14, 0x11,
    0x00, 0x18, 0x44, 0x44, 0xE0, 0x48, 0x11, 0x44, 0xE0, 0x44, 0x44, 0x44, 0xEC, 0x48, 0x44, 0x44,
    0x41, 0xE8, 0x00, 0x28, 0x41, 0xF8, 0xC0, 0x22, 0x41, 0x08, 0x8C, 0x48, 0x44, 0x0C, 0x8C, 0x22,
    0xC8, 0x00, 0xEF, 0x89, 0xE8, 0x00, 0xCF, 0x9E, 0xE8, 0x00, 0xCF, 0xEC, 0xE8, 0x00, 0xCF, 0x47,
    0x22, 0x1D, 0x84, 0x0C, 0x22, 0x7D, 0xC8, 0x00, 0x42, 0x44, 0xC8, 0x00, 0x44, 0x88, 0x98, 0x00,
    0x24, 0x88, 0xEE, 0x00, 0x88, 0xEC, 0xC6, 0x0C, 0xEC, 0xAC, 0x6E, 0xC6, 0x88, 0xCE, 0xCC, 0x6C,
    0x00, 0x00, 0x00, 0x00, 0x00, 0x00, 0x00, 0x00, 0x00, 0x00, 0x00, 0x00, 0x00, 0x00, 0x00, 0x00,
    0x00, 0x00, 0x00, 0x00, 0x00, 0x00, 0x00, 0x00, 0x0E, 0x00, 0x00, 0x00, 0xE4, 0x00, 0x00, 0x00,
    0x18, 0x48, 0x84, 0x88, 0x48, 0x11, 0x11, 0x84, 0x4C, 0x22, 0x88, 0xC9, 0x98, 0x99, 0xEA, 0xE8,
    0xE4, 0xAE, 0xAA, 0xEC, 0x47, 0x87, 0x6C, 0xCC, 0x7E, 0xC8, 0x6C, 0x8C, 0x4E, 0x48, 0x67, 0x47,
    0x0E, 0x00, 0xF0, 0x7C, 0x0C, 0x00, 0x00, 0xE0, 0x0F, 0x00, 0x00, 0x00, 0x00, 0x00, 0x00, 0x00,
    0x00, 0x00, 0x00, 0x00, 0x0E, 0x00, 0x00, 0x00, 0x0E, 0x00, 0x00, 0x00, 0x0E, 0x00, 0x00, 0x00,
    0x74, 0xE8, 0xCC, 0x48, 0x8E, 0x84, 0x88, 0x74, 0xE0, 0x7E, 0x74, 0xE7, 0x00, 0xE0, 0xEE, 0x0E,
    0x00, 0x00, 0x00, 0x00, 0x00, 0x00, 0x00, 0x00, 0x00, 0x00, 0x00, 0x00, 0x00, 0x00, 0x00, 0x00,
    0xE7, 0x00, 0x00, 0x00, 0x0E, 0x00, 0x00, 0x00, 0x0F, 0x00, 0x00, 0x00, 0x00, 0x00, 0x00, 0x00,
    0x00, 0x00, 0x00, 0x00, 0x00, 0x00, 0x00, 0x00, 0x00, 0x00, 0x00, 0x00, 0x00, 0x00, 0x00, 0x00,
    0x00, 0x00, 0x00, 0x00, 0x00, 0x00, 0x00, 0x00, 0x00, 0x00, 0x00, 0x00, 0x00, 0x00, 0x00, 0xA0,
    0x00, 0x00, 0x30, 0x6A, 0x00, 0x00, 0x60, 0x62, 0x00, 0x00, 0xA0, 0x63, 0x00, 0x00, 0x6A, 0x33,
    0x0A, 0x00, 0x00, 0x00, 0xA6, 0x00, 0x0A, 0x00, 0x26, 0x0A, 0xA6, 0x00, 0x36, 0xA2, 0x23, 0x0A,
    0x32, 0x66, 0x23, 0x3A, 0x22, 0x26, 0x66, 0x26, 0x23, 0x3A, 0x32, 0x63, 0xA3, 0xA3, 0x66, 0x3A,
    0x00, 0xA0, 0x23, 0xA3, 0x00, 0xA0, 0x33, 0x36, 0x00, 0xA0, 0x6A, 0x26, 0x00, 0xA0, 0x63, 0x32,
    0x00, 0x6A, 0xA6, 0xA6, 0x00, 0xA0, 0xA6, 0x3A, 0x00, 0x00, 0xBA, 0xA4, 0x00, 0x00, 0xB0, 0x26,
    0x23, 0x26, 0x32, 0x66, 0x6A, 0x63, 0x23, 0x36, 0x33, 0x23, 0x3A, 0x62, 0x2A, 0x2A, 0xA6, 0xA6,
    0x36, 0xA6, 0x63, 0xA3, 0xAA, 0x63, 0x6B, 0xA3, 0xB3, 0x3F, 0x3A, 0xAA, 0x32, 0x14, 0x23, 0x36,
    0x00, 0x00, 0xEE, 0x3B, 0x00, 0xE0, 0x52, 0xB9, 0x00, 0x5E, 0x22, 0xB5, 0xE0, 0x12, 0x11, 0x92,
    0x5E, 0x11, 0x21, 0x55, 0xCB, 0x15, 0x52, 0xD9, 0xCB, 0x59, 0x95, 0xEC, 0xB0, 0xCC, 0xEC, 0xE0,
    0x22, 0x22, 0xAA, 0xA6, 0x23, 0x63, 0xBB, 0xBB, 0x6B, 0xBB, 0xAA, 0x9A, 0xAA, 0x6C, 0x4A, 0x59,
    0x71, 0xC1, 0x54, 0x29, 0x1C, 0xBC, 0x51, 0x55, 0x71, 0xC1, 0x91, 0x95, 0xC7, 0x5C, 0x59, 0xC9,
    0xB0, 0x26, 0x0B, 0x2E, 0x00, 0x2B, 0xB6, 0x25, 0x00, 0x36, 0x63, 0x5B, 0xB0, 0x32, 0x33, 0xB6,
    0xB0, 0x23, 0x63, 0xB3, 0xB0, 0x26, 0xE6, 0xB3, 0xC0, 0x3B, 0xCB, 0xCE, 0xC0, 0xD4, 0xDD, 0xAB,
    0x75, 0x9C, 0x92, 0x95, 0x4C, 0x9C, 0x21, 0xE2, 0x7C, 0xCC, 0x11, 0x52, 0x4C, 0xCC, 0x25, 0xE2,
    0x7E, 0xCC, 0xAA, 0x36, 0xA4, 0x56, 0x3A, 0x23, 0x26, 0xB5, 0x26, 0x32, 0xA6, 0xBB, 0x32, 0x22,
    0x00, 0x00, 0xD0, 0xDD, 0x00, 0xDD, 0x4D, 0x41, 0xD0, 0x14, 0x74, 0x77, 0xD0, 0x77, 0x47, 0x11,
    0x4D, 0x11, 0x41, 0x74, 0x4D, 0x77, 0xD7, 0xDD, 0xD0, 0xDD, 0x0D, 0x00, 0x00, 0x00, 0x00, 0x00,
    0x0D, 0x00, 0x00, 0xDD, 0xD7, 0xDD, 0x7D, 0x47, 0x77, 0x14, 0x11, 0x41, 0x11, 0x44, 0x77, 0xD7,
    0x77, 0xDD, 0xDD, 0x0D, 0xDD, 0x00, 0x00, 0x00, 0x00, 0x00, 0x00, 0x00, 0x00, 0x00, 0x00, 0x00,
    0xDD, 0x77, 0xF4, 0x6F, 0x11, 0x11, 0x74, 0xBF, 0x74, 0x77, 0xDD, 0xBD, 0xDD, 0xDD, 0xE0, 0xC8,
    0x00, 0x00, 0xE0, 0x84, 0x00, 0x00, 0xE0, 0x47, 0x00, 0x00, 0x4E, 0x11, 0x00, 0x00, 0x4C, 0x11,
    0x22, 0xCA, 0x6A, 0x63, 0x56, 0xBA, 0xBB, 0xBA, 0x2A, 0x65, 0x56, 0x22, 0x6B, 0x22, 0x65, 0xA6,
    0xBC, 0xC9, 0xBD, 0x8B, 0x88, 0xDC, 0xFF, 0xE0, 0x44, 0xC4, 0x0F, 0x8F, 0x47, 0xF8, 0x0F, 0x8E,
    0x00, 0x00, 0x00, 0x00, 0x00, 0x00, 0x00, 0x00, 0x00, 0x00, 0x00, 0x00, 0x0A, 0x00, 0x00, 0x00,
    0x0A, 0x00, 0x00, 0x00, 0x06, 0x00, 0x00, 0x00, 0xAA, 0x00, 0x00, 0x00, 0x6A, 0xA6, 0x00, 0x00,
    0x23, 0x0A, 0x00, 0x00, 0xA2, 0x00, 0x00, 0x00, 0x3A, 0x0A, 0x00, 0x00, 0x66, 0xA6, 0x00, 0x00,
    0xAA, 0x00, 0x00, 0x00, 0x66, 0x0A, 0x00, 0x00, 0x0A, 0x00, 0x00, 0x00, 0x0A, 0x00, 0x00, 0x00,
    0xA6, 0x00, 0x00, 0x00, 0xEE, 0x00, 0x00, 0x00, 0x25, 0x0E, 0x00, 0x00, 0x11, 0xE2, 0x00, 0x00,
    0x11, 0xE1, 0x00, 0x00, 0x12, 0x51, 0x0E, 0x00, 0x12, 0xC5, 0x0B, 0x00, 0x55, 0x6C, 0xB3, 0x00,
    0xCE, 0x3E, 0xB2, 0x00, 0xE0, 0x23, 0xB6, 0x00, 0x3E, 0xB3, 0x0B, 0x00, 0xE4, 0xB3, 0x00, 0x00,
    0x4E, 0xDB, 0x00, 0x00, 0xD2, 0xDD, 0x00, 0x00, 0xDB, 0xB5, 0x07, 0x00, 0xDB, 0xBA, 0x0D, 0x00,
    0x7E, 0x44, 0x44, 0x74, 0xEF, 0xEE, 0xEE, 0xEE, 0x00, 0x00, 0x00, 0x00, 0x00, 0x00, 0x00, 0x00,
    0x00, 0x00, 0x00, 0x00, 0x00, 0x00, 0x00, 0x00, 0x00, 0x00, 0x00, 0x00, 0x00, 0x00, 0x00, 0x00,
    0x0E, 0x00, 0x00, 0x00, 0x00, 0x00, 0x00, 0x00, 0x00, 0x00, 0x00, 0x00, 0x00, 0x00, 0x00, 0x00,
    0x00, 0x00, 0x00, 0x00, 0x00, 0x00, 0x00, 0x00, 0x00, 0x00, 0x00, 0x00, 0x00, 0x00, 0x00, 0x00,
    0xAB, 0xA6, 0xD4, 0x00, 0x25, 0xB5, 0x77, 0x0C, 0x22, 0xB6, 0x47, 0xC4, 0xBA, 0x2B, 0x27, 0x84,
    0x22, 0x22, 0x24, 0x84, 0x28, 0x72, 0x42, 0x88, 0x24, 0x72, 0x22, 0xC8, 0x22, 0xD4, 0x42, 0x0C,
    0x00, 0x00, 0x00, 0xC0, 0x00, 0x00, 0x00, 0x90, 0x00, 0x00, 0x00, 0xE0, 0x00, 0x00, 0x00, 0xE0,
    0x00, 0x00, 0x00, 0xE0, 0x00, 0x00, 0x00, 0xE0, 0x00, 0x00, 0x00, 0x00, 0x00, 0x00, 0x00, 0x00,
    0x00, 0x00, 0x00, 0xE0, 0x00, 0x00, 0x00, 0xAE, 0x00, 0x00, 0xA0, 0x3A, 0x00, 0x00, 0xE0, 0xA0,
    0x00, 0x00, 0x00, 0xE0, 0x00, 0x00, 0x00, 0xA0, 0x00, 0x00, 0x00, 0xE0, 0x00, 0x00, 0x00, 0x00,
    0x6A, 0x33, 0x3A, 0x6A, 0x26, 0xA6, 0x62, 0x22, 0xA2, 0x62, 0x23, 0x33, 0x36, 0x36, 0x32, 0x6A,
    0xAA, 0xA3, 0x62, 0xA2, 0xAE, 0x36, 0x26, 0x63, 0xE0, 0xAA, 0x62, 0xA3, 0xE0, 0xEA, 0xAA, 0x3A,
    0x33, 0x62, 0xA6, 0x0A, 0x26, 0x23, 0x36, 0x0A, 0xA3, 0x6A, 0x6A, 0xE6, 0x32, 0xA2, 0xAA, 0xA6,
    0x26, 0x62, 0xA3, 0xEE, 0x62, 0x6A, 0x6A, 0x0E, 0x36, 0xA6, 0xFF, 0x00, 0xA6, 0xFE, 0xFF, 0x0F,
    0x00, 0x00, 0x00, 0x00, 0x00, 0x00, 0x00, 0x00, 0x00, 0x00, 0x00, 0x00, 0x0E, 0x00, 0x00, 0x00,
    0x00, 0x00, 0x00, 0x00, 0x00, 0x00, 0x00, 0xB6, 0x00, 0x00, 0xB0, 0x73, 0x00, 0x00, 0xF0, 0x47,
    0xFF, 0xFB, 0xF7, 0x00, 0x14, 0x71, 0x15, 0xB7, 0x7F, 0x47, 0x1D, 0x37, 0x74, 0xF4, 0x47, 0xBF,
    0x47, 0x41, 0x7F, 0x6F, 0x63, 0xB3, 0xFB, 0x22, 0x22, 0x22, 0x22, 0x52, 0x55, 0x65, 0xB6, 0x6B,
    0xFF, 0xFE, 0x26, 0xA3, 0xB6, 0x8E, 0xEE, 0x9E, 0x32, 0x1E, 0x81, 0x11, 0x66, 0x4E, 0x22, 0x12,
    0xEE, 0x88, 0x44, 0x98, 0xFB, 0x99, 0xFE, 0xEF, 0x0B, 0xFF, 0x07, 0xF0, 0x0B, 0x00, 0x04, 0x8E,
    0xA6, 0xEF, 0x89, 0xE8, 0xEA, 0x82, 0x22, 0x14, 0x82, 0x48, 0x88, 0x11, 0x11, 0x19, 0x11, 0x22,
    0x29, 0x42, 0x11, 0x42, 0x48, 0x11, 0x21, 0x82, 0x98, 0x22, 0x41, 0x24, 0x42, 0x28, 0x12, 0x42,
    0xFE, 0x0F, 0xBB, 0x14, 0xE9, 0xFF, 0x17, 0x4F, 0x82, 0x3F, 0xB3, 0x71, 0x84, 0xBF, 0xF6, 0xF1,
    0xFF, 0x0F, 0x4F, 0xF7, 0xF8, 0x00, 0xF0, 0x0F, 0x98, 0x0F, 0x00, 0x00, 0x92, 0x0F, 0x00, 0x00,
    0x00, 0x00, 0x00, 0x00, 0x00, 0x00, 0x00, 0x00, 0x00, 0x00, 0x00, 0x00, 0x00, 0x00, 0x00, 0x00,
    0x00, 0x00, 0x00, 0x00, 0x00, 0x0D, 0xDD, 0xD7, 0xD0, 0x74, 0x74, 0x14, 0x4D, 0xD7, 0x7D, 0x77,
    0x00, 0x00, 0x00, 0x00, 0x00, 0x00, 0x00, 0x00, 0x00, 0x00, 0x00, 0x00, 0x00, 0x00, 0x00, 0x00,
    0xD7, 0x00, 0x00, 0x00, 0x14, 0x7D, 0xDD, 0xDD, 0x77, 0x77, 0x47, 0x14, 0x11, 0x11, 0x11, 0x41,
    0x00, 0x00, 0x00, 0x00, 0x00, 0x00, 0x00, 0x00, 0x00, 0x00, 0x00, 0x00, 0x00, 0x00, 0x00, 0x00,
    0x00, 0x00, 0xDD, 0xDD, 0xDD, 0x77, 0x47, 0x14, 0x11, 0x11, 0x11, 0x41, 0x74, 0xD7, 0xDD, 0xDD,
    0x00, 0x00, 0x00, 0x00, 0x00, 0x00, 0x00, 0xFB, 0x00, 0x00, 0x6B, 0x4F, 0x00, 0xB0, 0xB6, 0xD7,
    0xDD, 0xBD, 0x25, 0xB6, 0x41, 0xFF, 0xBB, 0xBB, 0xD4, 0xDF, 0x5B, 0x26, 0xBB, 0xBB, 0xBB, 0x6B,
    0x7D, 0x44, 0x14, 0x11, 0x7D, 0x11, 0x41, 0x74, 0xD0, 0xDD, 0xDD, 0xDD, 0x00, 0x00, 0x00, 0x00,
    0x00, 0x00, 0x00, 0x00, 0x00, 0x00, 0x00, 0x00, 0x00, 0x00, 0x00, 0x00, 0x00, 0x00, 0x00, 0x00,
    0x74, 0xD7, 0xDD, 0xDD, 0xDD, 0x0D, 0x00, 0x00, 0x00, 0x00, 0x00, 0x00, 0x00, 0x00, 0x00, 0x00,
    0x00, 0x00, 0x00, 0x00, 0x00, 0x00, 0x00, 0x00, 0x00, 0x00, 0x00, 0x00, 0x00, 0x00, 0x00, 0x00,
    0xDD, 0x0D, 0x00, 0x00, 0x00, 0x00, 0x00, 0x00, 0x00, 0x00, 0x00, 0x00, 0x00, 0x00, 0x00, 0x00,
    0x00, 0x00, 0x00, 0x00, 0x00, 0x00, 0x00, 0x00, 0x00, 0x00, 0x00, 0x00, 0x00, 0x00, 0x00, 0x00,
    0x00, 0x00, 0x00, 0xBB, 0x00, 0x00, 0x00, 0x00, 0x00, 0x00, 0x00, 0x00, 0x00, 0x00, 0x00, 0x00,
    0x00, 0x00, 0x00, 0x00, 0x00, 0x00, 0x00, 0x00, 0x00, 0x00, 0x00, 0x00, 0x00, 0x00, 0x00, 0x00,
    0xBB, 0xBB, 0xBB, 0xBB, 0x00, 0x00, 0x00, 0x00, 0x00, 0x00, 0x00, 0xD0, 0x00, 0x00, 0x00, 0x7D,
    0x00, 0x00, 0x00, 0x1D, 0x00, 0x00, 0x00, 0x4D, 0x00, 0x00, 0x00, 0xD0, 0x00, 0x00, 0x00, 0xF0,
    0x00, 0x00, 0x07, 0xEE, 0xFD, 0xEF, 0xE7, 0x8C, 0xD1, 0xE4, 0x8C, 0x9F, 0xDD, 0xE7, 0x24, 0xF4,
    0x47, 0x9E, 0x22, 0x42, 0xF7, 0x4F, 0x24, 0x22, 0x8F, 0x24, 0x22, 0x22, 0x4C, 0x21, 0x22, 0x72,
    0x00, 0x00, 0x00, 0xC0, 0x00, 0x00, 0x00, 0x4C, 0x00, 0x00, 0x00, 0x8E, 0x00, 0x00, 0xE0, 0x88,
    0x00, 0x00, 0x8C, 0x14, 0x00, 0xC0, 0x9C, 0x88, 0xE0, 0xAE, 0xCC, 0xE6, 0xE0, 0x64, 0x66, 0xAE,
    0x14, 0x21, 0x22, 0xE8, 0x21, 0x82, 0x8E, 0x0F, 0x49, 0x44, 0xE8, 0x0C, 0x48, 0x18, 0xC8, 0x0F,
    0x11, 0x84, 0xF9, 0x00, 0x22, 0xC4, 0x8C, 0x0F, 0x8C, 0x98, 0xCE, 0x0F, 0xEC, 0xEC, 0xCC, 0x0F,
    0xE8, 0xFF, 0x00, 0x00, 0xF9, 0xCE, 0x0F, 0x00, 0xDE, 0x98, 0xE8, 0x00, 0x98, 0xCC, 0xFF, 0x0F,
    0x8C, 0xF9, 0x4C, 0xE9, 0xC8, 0xCF, 0x8E, 0xD7, 0xFE, 0xD9, 0x48, 0xC4, 0xFE, 0x8C, 0x48, 0x44,
    0x00, 0x00, 0x00, 0x00, 0x00, 0x00, 0x00, 0x00, 0x00, 0x00, 0x00, 0x00, 0x00, 0x00, 0x00, 0x00,
    0x00, 0x00, 0x00, 0x00, 0x0F, 0x00, 0x00, 0x00, 0xF9, 0x00, 0x00, 0x00, 0xC8, 0x0F, 0x00, 0x00,
    0xF0, 0x84, 0x44, 0x24, 0x00, 0x9E, 0x27, 0x42, 0x00, 0xE0, 0x4E, 0x22, 0x00, 0x00, 0x4F, 0x22,
    0x00, 0x00, 0xF0, 0x22, 0x00, 0x00, 0xF0, 0x28, 0x00, 0x00, 0x00, 0x4E, 0x00, 0x00, 0x00, 0x8F,
    0x84, 0xE9, 0x0E, 0x00, 0x44, 0xC8, 0xF8, 0x00, 0x42, 0x48, 0xF9, 0x00, 0x42, 0x24, 0xE4, 0x0F,
    0x24, 0x48, 0xE4, 0x0F, 0x22, 0x44, 0xD8, 0xFF, 0x88, 0xDC, 0xEE, 0xFE, 0xCC, 0xEE, 0xEE, 0xFE,
    0x00, 0x00, 0x00, 0x00, 0x00, 0x00, 0x00, 0x00, 0x00, 0x00, 0x00, 0x00, 0x00, 0x00, 0x00, 0x00,
    0x00, 0x00, 0x00, 0x00, 0x00, 0x00, 0xA0, 0x66, 0x00, 0x00, 0x00, 0x2A, 0x00, 0x00, 0x00, 0xA0,
    0x00, 0x00, 0x0A, 0x00, 0x00, 0x00, 0xA6, 0xA0, 0x00, 0x00, 0x26, 0x3A, 0x3A, 0xA6, 0xAA, 0x23,
    0xA0, 0x32, 0x66, 0xA2, 0x66, 0xA6, 0x23, 0x23, 0x23, 0x32, 0x3A, 0x6A, 0x32, 0x22, 0x36, 0xA2,
    0xE0, 0x47, 0xC8, 0xEC, 0x00, 0xEF, 0x77, 0x74, 0x00, 0x00, 0xEE, 0xEE, 0x00, 0x00, 0x00, 0x00,
    0x00, 0x00, 0x00, 0x00, 0x00, 0x00, 0x00, 0x00, 0x00, 0x00, 0x00, 0x00, 0x00, 0x00, 0x00, 0x00,
    0x8E, 0x48, 0xC7, 0x0F, 0x84, 0xEE, 0xFC, 0x00, 0xEE, 0x00, 0x00, 0x00, 0x00, 0x00, 0x00, 0x00,
    0x00, 0x00, 0x00, 0x00, 0x00, 0x00, 0x00, 0x00, 0x00, 0x00, 0x00, 0x00, 0x00, 0x00, 0x00, 0x00,
    0x00, 0x00, 0x00, 0xE0, 0x00, 0x00, 0x00, 0x00, 0x00, 0x00, 0x00, 0x00, 0x00, 0x00, 0x00, 0x00,
    0x00, 0x00, 0x00, 0x00, 0x00, 0x00, 0x00, 0x00, 0x00, 0x00, 0x00, 0x00, 0x00, 0x00, 0x00, 0x00,
    0x48, 0x48, 0x48, 0xF8, 0xFF, 0xFF, 0xFF, 0x0F, 0x00, 0x00, 0x00, 0x00, 0x00, 0x00, 0x00, 0x00,
    0x00, 0x00, 0x00, 0x00, 0x00, 0x00, 0x00, 0x00, 0x00, 0x00, 0x00, 0x00, 0x00, 0x00, 0x00, 0x00,
    0x00, 0x00, 0x00, 0x00, 0x00, 0x00, 0x00, 0x00, 0x00, 0x00, 0x00, 0x00, 0x00, 0x00, 0x00, 0x00,
    0x00, 0x00, 0x00, 0x00, 0x00, 0xBB, 0x00, 0x00, 0xFF, 0xB3, 0x00, 0x00, 0x1F, 0x06, 0x00, 0x00,
    0x47, 0xB1, 0x00, 0x00, 0x77, 0xF1, 0x00, 0x00, 0xF1, 0xF4, 0x00, 0x00, 0x74, 0xBF, 0x00, 0x00,
    0xFF, 0x00, 0x00, 0x00, 0x00, 0x00, 0x00, 0x00, 0x00, 0x00, 0x00, 0x00, 0x00, 0x00, 0x00, 0x00,
    0x0A, 0x00, 0x00, 0x00, 0x0A, 0x00, 0x00, 0x00, 0xA6, 0x00, 0x00, 0x00, 0x23, 0x63, 0x00, 0x00,
    0x66, 0xA6, 0xAE, 0x00, 0x2A, 0x33, 0xA6, 0x00, 0x33, 0x3A, 0x32, 0x0A, 0x26, 0x62, 0x23, 0x0A,
    0x88, 0x89, 0x44, 0x22, 0xEE, 0x44, 0x81, 0x88, 0xEC, 0xFF, 0xFF, 0xEE, 0x9C, 0xCD, 0xD8, 0xC9,
    0xEE, 0x98, 0x8C, 0xDC, 0xE8, 0xFF, 0xFC, 0x98, 0x22, 0x0F, 0x00, 0xEE, 0xFE, 0x00, 0x00, 0x00,
    0x00, 0x00, 0x00, 0x00, 0x00, 0x00, 0x00, 0x00, 0x00, 0x00, 0x00, 0x00, 0x00, 0x00, 0x00, 0x00,
    0x00, 0x00, 0xD0, 0x0D, 0x00, 0xD0, 0x4D, 0xD1, 0xD0, 0x7D, 0x11, 0x4D, 0x7D, 0x47, 0x44, 0x71,
    0x00, 0x00, 0x00, 0xA0, 0x00, 0x00, 0x00, 0xAE, 0x00, 0x00, 0x00, 0x00, 0x00, 0x00, 0x00, 0xA0,
    0x00, 0x00, 0x00, 0xAE, 0x0D, 0x00, 0x00, 0x00, 0xD7, 0x0D, 0x00, 0x00, 0x1D, 0xD7, 0x00, 0x00,
    0x2A, 0x63, 0x36, 0x22, 0xAA, 0x32, 0x26, 0x63, 0x3A, 0x6A, 0x32, 0x2A, 0x66, 0xA6, 0xA6, 0x26,
    0xAE, 0xAA, 0x63, 0xA3, 0xE0, 0xFB, 0x3A, 0xFB, 0x00, 0x6E, 0x22, 0x42, 0x00, 0xBB, 0x23, 0x22,
    0x26, 0xA3, 0x23, 0xA3, 0x63, 0x3A, 0x36, 0xA3, 0x33, 0x23, 0x66, 0xAA, 0x2A, 0x3A, 0x62, 0xA3,
    0x36, 0xA6, 0xA6, 0xA6, 0xA4, 0x3A, 0xAA, 0x0A, 0x31, 0x2A, 0x36, 0xEA, 0xA2, 0xA3, 0xE6, 0x99,
    0x7D, 0x44, 0x47, 0x11, 0xD0, 0x14, 0x44, 0x47, 0x00, 0xDD, 0x14, 0x44, 0x00, 0x00, 0xDD, 0x14,
    0x00, 0x00, 0x00, 0xDD, 0x00, 0x00, 0x00, 0x00, 0x00, 0x00, 0x00, 0x00, 0x00, 0x00, 0x00, 0x00,
    0x14, 0x0D, 0x00, 0x00, 0xD1, 0x00, 0x00, 0x00, 0xD7, 0x0D, 0x00, 0x00, 0x41, 0xD7, 0x0D, 0x00,
    0x14, 0x41, 0xD7, 0x0D, 0xDD, 0x14, 0x41, 0xD7, 0x00, 0xDD, 0x14, 0x41, 0x00, 0x00, 0xDD, 0x14,
    0x00, 0x00, 0x3B, 0x32, 0x00, 0x00, 0xCB, 0xB6, 0x00, 0xF0, 0x94, 0x5A, 0x00, 0x5F, 0x81, 0xEE,
    0x00, 0x1F, 0x52, 0xE9, 0x0D, 0xF0, 0xEE, 0xBB, 0xD7, 0xBB, 0x6B, 0x56, 0xF1, 0xBB, 0xAC, 0xFB,
    0x66, 0x6A, 0x8E, 0x45, 0x6B, 0xAA, 0x59, 0x12, 0x6C, 0xCA, 0x18, 0x11, 0x3B, 0xEC, 0x24, 0x94,
    0xCE, 0x2E, 0xEE, 0xEE, 0xCB, 0x5B, 0xEE, 0xB6, 0xB6, 0xEB, 0x3E, 0x32, 0xBB, 0x3E, 0x23, 0xB6,
    0xFF, 0x56, 0xA5, 0x6A, 0xBD, 0xB5, 0x6B, 0x33, 0xB6, 0xCB, 0x2B, 0x22, 0x52, 0xFB, 0x3A, 0x22,
    0x25, 0xB6, 0x6F, 0x63, 0xBB, 0x52, 0xB6, 0xFF, 0x00, 0x5B, 0x22, 0xB5, 0x00, 0xB0, 0xBB, 0x2B,
    0xE3, 0xE4, 0xB3, 0xBB, 0xE2, 0xB4, 0xB3, 0xEF, 0x23, 0x1B, 0xF7, 0x88, 0xBB, 0x7F, 0xF4, 0xFE,
    0x4B, 0xF7, 0xCF, 0x48, 0xFF, 0xED, 0x88, 0x74, 0xDB, 0xE7, 0x44, 0x11, 0x47, 0x8D, 0x7E, 0x11,
    0x00, 0x00, 0x4C, 0x42, 0x00, 0x00, 0x8C, 0x44, 0x00, 0x00, 0xE0, 0x48, 0x00, 0x00, 0x00, 0x8C,
    0x00, 0x00, 0x00, 0x89, 0x00, 0x00, 0x00, 0xCE, 0x00, 0x00, 0x00, 0x8E, 0x00, 0x00, 0x00, 0xCE,
    0x72, 0x22, 0xE8, 0x1E, 0x22, 0x77, 0xE8, 0xEC, 0x22, 0x72, 0x44, 0xC8, 0x48, 0x42, 0x74, 0xC8,
    0x88, 0x44, 0x72, 0xD4, 0x24, 0x82, 0x98, 0x1D, 0x99, 0xA9, 0x8E, 0xDE, 0xAA, 0xEA, 0x4E, 0xDE,
    0x00, 0x00, 0x00, 0x00, 0x00, 0x00, 0x00, 0x00, 0x00, 0x00, 0x00, 0x00, 0x00, 0x00, 0x00, 0x00,
    0x00, 0x00, 0x00, 0x00, 0x00, 0x00, 0x00, 0x00, 0x00, 0x00, 0x00, 0x00, 0x0F, 0x00, 0x00, 0x00,
    0x0F, 0x00, 0x00, 0x00, 0xF8, 0x00, 0x00, 0x00, 0xF5, 0x00, 0x00, 0x00, 0xEE, 0x0F, 0x00, 0x00,
    0x5F, 0xF9, 0x00, 0x00, 0x8F, 0xF2, 0x00, 0x00, 0xFB, 0x0F, 0x00, 0x00, 0xFF, 0x00, 0x00, 0x00,
    0xEE, 0x00, 0x00, 0x00, 0xE2, 0x0F, 0x00, 0x00, 0x24, 0x0F, 0x00, 0x00, 0xFF, 0x00, 0x00, 0x00,
    0xE4, 0x00, 0x00, 0x00, 0xE7, 0x00, 0x00, 0x00, 0x41, 0x0E, 0x00, 0x00, 0x41, 0x0C, 0x00, 0x00,
    0x41, 0x0C, 0x00, 0x00, 0x11, 0xC4, 0x00, 0x00, 0x11, 0xC4, 0x00, 0x00, 0x44, 0x81, 0x00, 0x00,
    0x11, 0x84, 0x0E, 0x00, 0x4D, 0x44, 0x0E, 0x00, 0xD7, 0x18, 0xC8, 0x00, 0x47, 0x4D, 0x98, 0x00,
    0x00, 0x00, 0x00, 0x00, 0x00, 0x00, 0x00, 0x00, 0x00, 0x00, 0x00, 0x00, 0x00, 0x00, 0x00, 0x00,
    0x00, 0x00, 0x00, 0x6E, 0x00, 0x00, 0x00, 0x00, 0x00, 0x00, 0x00, 0x00, 0x00, 0x00, 0x00, 0x00,
    0xA0, 0x00, 0x00, 0x00, 0x60, 0x0A, 0x00, 0x0A, 0x00, 0x26, 0x0A, 0xA6, 0xA0, 0x6E, 0x23, 0x3A,
    0x36, 0x6A, 0x32, 0x66, 0x6E, 0x62, 0x22, 0x26, 0xA0, 0x63, 0x23, 0x3A, 0x66, 0x3A, 0x6A, 0xA6,
    0x00, 0x00, 0xE0, 0xCC, 0x00, 0x00, 0xE0, 0xC8, 0x00, 0x00, 0xE0, 0x74, 0x00, 0x00, 0xE0, 0x47,
    0x00, 0x00, 0x00, 0xEE, 0x00, 0x00, 0x00, 0x00, 0x00, 0x00, 0x00, 0x00, 0x00, 0x00, 0x00, 0x00,
    0xC6, 0x78, 0x74, 0xDE, 0xC6, 0x8C, 0xE7, 0xE8, 0x76, 0x84, 0xE4, 0xAC, 0x44, 0x44, 0xE7, 0x6C,
    0xEE, 0xEE, 0x8E, 0x6C, 0x00, 0x00, 0xEE, 0x47, 0x00, 0x00, 0x00, 0xEE, 0x00, 0x00, 0x00, 0x00,
    0x00, 0x00, 0x00, 0x00, 0x00, 0x00, 0x00, 0x00, 0x00, 0x00, 0x00, 0x00, 0xA2, 0xAE, 0x00, 0x00,
    0x23, 0x3A, 0x0A, 0x00, 0x66, 0x26, 0xE6, 0x00, 0x32, 0x63, 0xAA, 0x0E, 0xA3, 0x33, 0x63, 0xEA,
    0x00, 0x00, 0x00, 0xDD, 0x00, 0x00, 0x00, 0x00, 0x00, 0x00, 0x00, 0xB0, 0x00, 0x00, 0x00, 0xB0,
    0x00, 0x00, 0x00, 0xB0, 0x00, 0x00, 0x00, 0x00, 0x00, 0x00, 0x00, 0x00, 0x00, 0x00, 0x00, 0x00,
    0x47, 0x4D, 0xEC, 0x00, 0xDD, 0xE9, 0xFC, 0x00, 0xAA, 0xCE, 0xF8, 0x00, 0x8C, 0x74, 0xFC, 0x00,
    0xCC, 0xCE, 0x0F, 0x00, 0xE4, 0xFE, 0x00, 0x00, 0x0E, 0x00, 0x00, 0x00, 0x00, 0x00, 0x00, 0x00,
};
static const u16 sSet3Frame0[] = {
    0x0007, 0x40EE, 0x81F6, 0x0000, 0x80C6, 0x81F6, 0x0008, 0x40E6, 0x41E6, 0x0010, 0x80C6, 0x4006,
    0x0014, 0x40FE, 0x01F6, 0x0018, 0x00E6, 0x0006, 0x001A, 0x00F6, 0x01EE, 0x001B, 0x0000,
};
static const u16 sSet3Frame1[] = {
    0x000A, 0x40DE, 0x81E4, 0x001C, 0x40E6, 0x81C4, 0x0024, 0x00EE, 0x41E4, 0x002C, 0x00EE, 0x41FC,
    0x0030, 0x40D6, 0x01E4, 0x0034, 0x40FE, 0x01E4, 0x0036, 0x40FE, 0x01FC, 0x0038, 0x80DE, 0x0004,
    0x003A, 0x00D6, 0x01F4, 0x003C, 0x00EE, 0x01F4, 0x003D, 0x0000,
};
static const u16 sSet3Frame2[] = {
    0x0008, 0x40DA, 0x81DC, 0x003E, 0x00EA, 0x41EC, 0x0046, 0x80DA, 0x41FC, 0x004A, 0x40D2, 0x01E4,
    0x004E, 0x40FA, 0x01EC, 0x0050, 0x00D2, 0x01F4, 0x0052, 0x00EA, 0x01E4, 0x0053, 0x00FA, 0x01FC,
    0x0054, 0x0000,
};
static const void* const sSet3Frames[] = { sSet3Frame0, sSet3Frame1, sSet3Frame2 };

static const u16 sBattleAnim12[] = {
    0x0040, 0x0040, 0x0006, 0x0000, 0x0003, 0x0000, 0x0004, 0x0000, 0x0003, 0x0001, 0x0005, 0x0001,
    0x0008, 0x0002, 0x0005,
};
static const u16 sBattleAnim13[] = {
    0x0040, 0x0040, 0x0006, 0x0000, 0x0003, 0x0000, 0x0005, 0x0000, 0x0004, 0x0001, 0x0005, 0x0001,
    0x0008, 0x0002, 0x0005,
};
static const u16 sBattleAnim14[] = {
    0x0040, 0x0040, 0x0006, 0x0000, 0x0004, 0x0000, 0x0006, 0x0000, 0x0005, 0x0001, 0x0005, 0x0001,
    0x0008, 0x0002, 0x0005,
};
static const u16 sBattleAnim15[] = {
    0x0040, 0x0040, 0x0006, 0x0000, 0x0005, 0x0000, 0x0007, 0x0000, 0x0006, 0x0001, 0x0006, 0x0001,
    0x0008, 0x0002, 0x0005,
};
static const u16 sBattleAnim16[] = {
    0x0040, 0x0040, 0x0006, 0x0000, 0x0006, 0x0000, 0x0007, 0x0000, 0x0007, 0x0001, 0x0006, 0x0001,
    0x0008, 0x0002, 0x0005,
};
static const u8 sTiles4[] __attribute__((aligned(4))) = {
    0x00, 0x00, 0x00, 0x00, 0x00, 0x00, 0x00, 0x00, 0x00, 0x00, 0x00, 0x00, 0x00, 0x00, 0x00, 0x00,
    0x00, 0x00, 0x00, 0x00, 0x00, 0x00, 0x00, 0x00, 0x00, 0x00, 0xBB, 0x3A, 0x00, 0xBB, 0x6A, 0x65,
    0x00, 0xE0, 0xAA, 0x32, 0x00, 0x00, 0xA0, 0x2A, 0x00, 0x00, 0xAE, 0xA3, 0x00, 0x00, 0x6A, 0x66,
    0x00, 0x00, 0xF0, 0xAA, 0x00, 0x00, 0xEF, 0xBE, 0xAA, 0x6A, 0xEF, 0xAE, 0x63, 0x23, 0xEF, 0xEE,
    0x66, 0x23, 0x62, 0x32, 0x63, 0x32, 0x36, 0xA6, 0x26, 0xA3, 0x32, 0x33, 0x6A, 0x6A, 0xA2, 0xA2,
    0x3A, 0x36, 0x6A, 0x63, 0xAF, 0xB3, 0x4F, 0xAA, 0x26, 0x22, 0x14, 0xA3, 0x3B, 0x22, 0x22, 0x3A,
    0x3A, 0x32, 0x0A, 0x00, 0x63, 0x33, 0xEA, 0x00, 0x62, 0xA6, 0xEA, 0x00, 0x23, 0x36, 0x0A, 0x00,
    0x6A, 0x6A, 0x06, 0x00, 0xA3, 0xAA, 0x0A, 0x00, 0x62, 0xA3, 0x0F, 0x00, 0x6A, 0x6A, 0x00, 0x00,
    0xB0, 0xA6, 0x3B, 0xBA, 0x6A, 0x6A, 0xAB, 0xB6, 0x2A, 0xB6, 0x3A, 0xBA, 0x3A, 0x0B, 0x63, 0x0B,
    0x6A, 0x0A, 0xBA, 0x00, 0xA0, 0x00, 0x00, 0x00, 0x00, 0x00, 0x00, 0x00, 0x00, 0x00, 0x00, 0x00,
    0xA6, 0xA6, 0xEF, 0x9E, 0xBA, 0x00, 0x9F, 0x29, 0x00, 0x00, 0xF0, 0xFF, 0x00, 0x00, 0x00, 0x00,
    0x00, 0x00, 0x00, 0xD0, 0x00, 0x00, 0x00, 0x4D, 0x00, 0x00, 0x00, 0xD0, 0x00, 0x00, 0x00, 0x00,
    0xB5, 0x23, 0x63, 0xA6, 0xB9, 0x6B, 0xBB, 0x76, 0xEF, 0x8F, 0x3A, 0x96, 0xDF, 0x8E, 0x6D, 0x5E,
    0xDD, 0x1D, 0x17, 0x5C, 0x71, 0xDD, 0xC1, 0x9E, 0xDD, 0xD4, 0x77, 0x17, 0xD5, 0xDD, 0x9C, 0x77,
    0xA6, 0xD5, 0x0F, 0x00, 0xBA, 0x29, 0x0C, 0x00, 0x12, 0x11, 0xC2, 0x00, 0x25, 0x11, 0x91, 0x0F,
    0x29, 0x51, 0x51, 0xF8, 0x8C, 0xC5, 0xC5, 0xFF, 0xCF, 0xAC, 0xA6, 0xFB, 0xD7, 0xFF, 0x32, 0x0B,
    0x00, 0x00, 0x00, 0xD0, 0x00, 0x00, 0x00, 0xE0, 0x00, 0x00, 0x00, 0xE0, 0x00, 0x00, 0x00, 0x00,
    0x00, 0x00, 0x00, 0xF0, 0x00, 0x00, 0x00, 0x7C, 0x00, 0x00, 0xC0, 0x44, 0x00, 0x00, 0x80, 0x24,
    0x59, 0x2C, 0x9C, 0x21, 0x95, 0xC5, 0xCF, 0x11, 0xCE, 0xC9, 0xFF, 0x2F, 0xFF, 0xFC, 0xCF, 0xFE,
    0xFF, 0xCF, 0x8C, 0xE9, 0x44, 0xF4, 0xC8, 0xC9, 0x24, 0x42, 0xCF, 0xD8, 0x24, 0x22, 0xE4, 0xFE,
    0x74, 0xFD, 0x36, 0x0A, 0x72, 0xF7, 0xFF, 0xC6, 0x52, 0xB9, 0x7E, 0x7C, 0xB5, 0xCE, 0xE7, 0xE4,
    0x6B, 0x5A, 0xFC, 0xBF, 0xAB, 0x26, 0xF2, 0x3A, 0xB8, 0x25, 0xF5, 0x6A, 0xBC, 0x6A, 0x22, 0xAF,
    0x00, 0x00, 0x00, 0x00, 0xAA, 0x00, 0x00, 0x00, 0x5E, 0x0A, 0x00, 0x00, 0x27, 0xA5, 0x00, 0x00,
    0xFF, 0x6F, 0x0A, 0x00, 0xA6, 0xFF, 0xA6, 0x00, 0x33, 0xBA, 0x62, 0x00, 0x6A, 0xAF, 0x5A, 0x0A,
    0x00, 0x00, 0x80, 0x24, 0x00, 0x00, 0x80, 0x48, 0x00, 0x00, 0xC0, 0x28, 0x00, 0x00, 0x00, 0x4C,
    0x00, 0x00, 0x00, 0x8C, 0x00, 0x00, 0x00, 0xC0, 0x00, 0x00, 0x00, 0xC0, 0x00, 0x00, 0x00, 0x90,
    0x22, 0x22, 0x82, 0xFE, 0x22, 0x22, 0xE8, 0xCF, 0x22, 0x22, 0x84, 0xCF, 0x42, 0x22, 0x82, 0x0E,
    0x44, 0x22, 0x22, 0x08, 0x48, 0x24, 0x22, 0xC2, 0x48, 0x44, 0x42, 0x88, 0x88, 0x48, 0x24, 0x82,
    0x8F, 0xBB, 0x56, 0xF2, 0x44, 0x14, 0xAB, 0x25, 0x48, 0x17, 0xB1, 0xAA, 0x8E, 0x14, 0x11, 0xB4,
    0x8C, 0x14, 0x11, 0x81, 0xC0, 0x48, 0x11, 0x11, 0x0C, 0x4C, 0x14, 0x11, 0xFC, 0x8C, 0x44, 0x44,
    0x6B, 0x2B, 0xA5, 0x0A, 0xBB, 0x5A, 0x52, 0x0B, 0x25, 0xA2, 0xA6, 0xDD, 0xAA, 0xBA, 0xFA, 0x7F,
    0xBB, 0x0B, 0xFD, 0x14, 0xC4, 0x00, 0x00, 0x4D, 0xE4, 0x00, 0x00, 0xD0, 0x81, 0x0E, 0x00, 0x00,
    0xFF, 0xE0, 0x48, 0x14, 0xFF, 0xE0, 0x48, 0x44, 0x0F, 0x00, 0x8E, 0x44, 0x0F, 0x00, 0x9E, 0x88,
    0x00, 0x00, 0xE0, 0x88, 0x00, 0x00, 0xC0, 0x48, 0x00, 0x00, 0xF0, 0x9C, 0x00, 0x00, 0x00, 0x8E,
    0x41, 0xE8, 0x00, 0x00, 0x44, 0xE4, 0x0E, 0x00, 0x44, 0x84, 0xE9, 0x00, 0x48, 0x84, 0x81, 0x0E,
    0x48, 0x84, 0x81, 0x0C, 0x11, 0x11, 0x84, 0x09, 0x88, 0x22, 0xC4, 0x0E, 0xAE, 0x99, 0x89, 0x0E,
    0x00, 0x00, 0x00, 0xCE, 0x00, 0x00, 0xE0, 0xCC, 0x00, 0x00, 0xE0, 0xC8, 0x00, 0x00, 0xE0, 0x74,
    0x00, 0x00, 0xE0, 0x47, 0x00, 0x00, 0xE0, 0xEE, 0x00, 0x00, 0x00, 0x00, 0x00, 0x00, 0x00, 0x00,
    0xAA, 0xEA, 0x4E, 0x0E, 0xC6, 0x78, 0x74, 0x0E, 0xC6, 0x8C, 0xE7, 0x00, 0x76, 0x84, 0xE4, 0x00,
    0x44, 0x44, 0xE7, 0x00, 0xEE, 0xEE, 0xFE, 0x00, 0x00, 0x00, 0x00, 0x00, 0x00, 0x00, 0x00, 0x00,
    0x00, 0x00, 0x00, 0x00, 0x00, 0x00, 0x00, 0x00, 0x00, 0x00, 0x00, 0x00, 0x00, 0x00, 0x00, 0xEA,
    0x00, 0x00, 0xE0, 0xA3, 0x00, 0x00, 0x00, 0x26, 0x00, 0x00, 0xE0, 0x3A, 0x00, 0x00, 0x6A, 0xA6,
    0x0A, 0x00, 0x00, 0x00, 0x6A, 0x00, 0x0A, 0x00, 0x26, 0xEA, 0xA6, 0x0E, 0x36, 0xA2, 0x23, 0xAA,
    0x26, 0x63, 0x36, 0xA2, 0x26, 0x62, 0x62, 0x66, 0x36, 0xA2, 0x23, 0x33, 0xA3, 0x66, 0x3A, 0x3A,
    0x00, 0x00, 0x00, 0xE0, 0x00, 0x00, 0x00, 0xCC, 0x00, 0x00, 0xCE, 0x66, 0x00, 0xE0, 0x64, 0xCC,
    0x00, 0xE0, 0x47, 0xC8, 0x00, 0x00, 0x7E, 0x84, 0x00, 0x00, 0xEF, 0x77, 0x00, 0x00, 0xF0, 0xEE,
    0x8E, 0x28, 0x84, 0xE9, 0xE6, 0x8C, 0x98, 0xCE, 0xAE, 0xEC, 0xEC, 0xCC, 0xCC, 0x8E, 0x48, 0xC7,
    0xEC, 0x78, 0x74, 0xFC, 0x88, 0x84, 0xEE, 0x0F, 0x74, 0xEE, 0x00, 0x00, 0xEE, 0x00, 0x00, 0x00,
    0xD0, 0x4D, 0x41, 0x0D, 0x00, 0xD0, 0x14, 0xD1, 0x00, 0x00, 0x7D, 0x14, 0x00, 0x00, 0xD0, 0x77,
    0x00, 0x00, 0x00, 0x1D, 0x00, 0x00, 0xD0, 0x41, 0x00, 0x00, 0xD0, 0x74, 0x00, 0x00, 0x00, 0xD7,
    0x00, 0x00, 0x00, 0x00, 0x00, 0x00, 0x00, 0x00, 0xD7, 0x00, 0x00, 0x00, 0x71, 0x0D, 0x00, 0x00,
    0x17, 0xD4, 0x00, 0x00, 0x74, 0x11, 0x0D, 0x00, 0x11, 0x77, 0x71, 0x0D, 0x1D, 0x47, 0x17, 0xD7,
    0x00, 0x00, 0x00, 0x00, 0x00, 0x00, 0x00, 0x00, 0x00, 0x00, 0x00, 0x00, 0x0E, 0x00, 0x00, 0x00,
    0xEA, 0x00, 0x00, 0x00, 0x62, 0x0E, 0x00, 0x00, 0xA6, 0xEA, 0x00, 0x00, 0x33, 0xA6, 0x0E, 0x00,
    0x00, 0x00, 0x00, 0x00, 0x00, 0x00, 0x00, 0x00, 0x00, 0x00, 0x00, 0x00, 0x0D, 0x00, 0x00, 0x00,
    0xD4, 0x00, 0x00, 0x00, 0x11, 0x0D, 0x00, 0x00, 0x47, 0x71, 0x0D, 0x00, 0x7D, 0x14, 0xD7, 0x00,
    0x7D, 0x11, 0xD4, 0xD7, 0xD0, 0xD7, 0x7D, 0x0D, 0x00, 0x00, 0x00, 0x00, 0x00, 0x00, 0x00, 0x00,
    0x00, 0x00, 0x00, 0x00, 0x00, 0x00, 0x00, 0x00, 0x00, 0x00, 0x00, 0x00, 0x00, 0x00, 0x00, 0x00,
    0x00, 0x00, 0x00, 0x00, 0x00, 0x00, 0x00, 0x00, 0x0B, 0x00, 0x00, 0x00, 0xB5, 0x00, 0x00, 0x00,
    0x52, 0x0B, 0x00, 0x00, 0x25, 0xB5, 0xFB, 0x00, 0x6B, 0xBB, 0x4B, 0x0F, 0xB3, 0x56, 0xB6, 0x7F,
    0x00, 0x00, 0x00, 0x60, 0x00, 0x00, 0xAA, 0x66, 0x00, 0x00, 0x00, 0x32, 0x00, 0x00, 0x30, 0xA6,
    0x00, 0x00, 0x00, 0xE0, 0x00, 0x00, 0x00, 0xE0, 0x00, 0x00, 0x00, 0xA0, 0x00, 0x00, 0x60, 0x6A,
    0x32, 0x36, 0x62, 0x3A, 0xA3, 0xA2, 0x33, 0x32, 0x3A, 0x22, 0x26, 0x3A, 0x26, 0x32, 0x63, 0x62,
    0xEA, 0x3A, 0xA6, 0x23, 0x36, 0x3F, 0x63, 0x3A, 0xBA, 0x2A, 0x2A, 0x62, 0xFA, 0x6A, 0xA6, 0x23,
    0x3A, 0x22, 0x23, 0x0A, 0x26, 0x32, 0xA2, 0x00, 0x3A, 0x63, 0xAA, 0x00, 0xA2, 0x26, 0xA6, 0x00,
    0x63, 0xA2, 0x32, 0x0A, 0x32, 0x36, 0xA6, 0x00, 0xA2, 0xA3, 0x0F, 0x00, 0x36, 0xA6, 0x0F, 0x00,
    0xB6, 0x25, 0xBB, 0x47, 0x7B, 0x6B, 0xB5, 0x7F, 0xB7, 0xBF, 0x62, 0x7B, 0x7B, 0xBF, 0x22, 0xBB,
    0x42, 0x5B, 0x52, 0x6B, 0x57, 0x22, 0xBB, 0xB7, 0x22, 0xBB, 0xFF, 0x07, 0xBB, 0x00, 0x00, 0x00,
    0x00, 0x00, 0xA0, 0xEF, 0x00, 0xF0, 0x9F, 0x11, 0x00, 0x5F, 0x24, 0x22, 0x63, 0xFB, 0x95, 0x11,
    0x22, 0xF3, 0x45, 0x84, 0x36, 0xB6, 0x8F, 0x42, 0xB0, 0xFB, 0x8E, 0x84, 0x00, 0x00, 0xFF, 0xFF,
    0xFA, 0x2E, 0x23, 0x63, 0xEE, 0xAA, 0x36, 0xAA, 0xE1, 0xAE, 0xAA, 0xEE, 0x55, 0xEE, 0xFF, 0xFF,
    0x88, 0x45, 0x54, 0x54, 0x94, 0x5F, 0x11, 0x22, 0xEF, 0x15, 0x22, 0x52, 0x28, 0x12, 0x51, 0xF9,
    0xA2, 0x5A, 0x0F, 0x00, 0xEA, 0x1F, 0x0F, 0x00, 0xFF, 0xE2, 0x00, 0x00, 0x5F, 0xF9, 0x00, 0x00,
    0x54, 0x0F, 0x00, 0x00, 0xF5, 0x00, 0x00, 0x00, 0xF9, 0x00, 0x00, 0x00, 0xFF, 0x00, 0x00, 0x00,
    0x0B, 0x00, 0x00, 0x00, 0x00, 0x00, 0x00, 0x00, 0x00, 0x00, 0x00, 0x00, 0x00, 0x00, 0x00, 0x00,
    0x00, 0x00, 0x00, 0x00, 0x00, 0x00, 0x00, 0x00, 0x00, 0x00, 0x00, 0x00, 0x00, 0x00, 0x00, 0x00,
    0x00, 0x00, 0x00, 0xC0, 0x00, 0x00, 0x00, 0xC0, 0x00, 0x00, 0x00, 0x5C, 0x00, 0x00, 0xFC, 0xFF,
    0x00, 0xE0, 0x24, 0x24, 0x00, 0x9E, 0x22, 0x42, 0xF0, 0x4F, 0x24, 0x22, 0x8F, 0x24, 0x22, 0x22,
    0x29, 0x19, 0x44, 0x84, 0x19, 0x82, 0x29, 0x45, 0x21, 0x22, 0x41, 0x54, 0xED, 0x28, 0x22, 0x85,
    0x8F, 0x4E, 0x44, 0x22, 0xF4, 0xDC, 0x8E, 0x95, 0xF2, 0xCE, 0xE9, 0xEF, 0xF2, 0x8E, 0x8D, 0xC9,
    0xFE, 0x00, 0x00, 0x00, 0x98, 0x00, 0x00, 0x00, 0x84, 0x00, 0x00, 0x00, 0x82, 0x0F, 0x00, 0x00,
    0x98, 0x0F, 0x00, 0x00, 0x98, 0x0E, 0x00, 0x00, 0xED, 0x0F, 0x00, 0x00, 0xFD, 0xFF, 0x00, 0x00,
    0x00, 0x00, 0x00, 0xF0, 0x00, 0x00, 0x00, 0xC0, 0x00, 0x00, 0x00, 0xF0, 0x00, 0x00, 0x00, 0x00,
    0x00, 0x00, 0x00, 0x00, 0x00, 0x00, 0x00, 0x00, 0x00, 0x00, 0x00, 0x00, 0x00, 0x00, 0x00, 0x00,
    0x4C, 0x21, 0x22, 0x22, 0x14, 0x21, 0x22, 0x82, 0x4C, 0x21, 0x82, 0xEE, 0x9F, 0x41, 0x41, 0x84,
    0xE0, 0x48, 0x14, 0x41, 0xE0, 0x48, 0x44, 0x44, 0x00, 0x8E, 0x49, 0x44, 0x00, 0x8E, 0x88, 0x44,
    0xF7, 0x90, 0xC8, 0xFF, 0x0F, 0xE0, 0xFE, 0x48, 0x0E, 0x00, 0xEF, 0x89, 0x0C, 0x00, 0xF0, 0x2E,
    0xE8, 0x00, 0xE0, 0x27, 0xE4, 0x00, 0x00, 0x8E, 0x84, 0x0E, 0x00, 0xC0, 0x18, 0xC8, 0x00, 0xF0,
    0x99, 0xF8, 0x00, 0x00, 0x24, 0x92, 0x0E, 0x00, 0x22, 0xF2, 0x0F, 0x00, 0x22, 0x22, 0xF8, 0x00,
    0x22, 0x42, 0xFC, 0x00, 0x22, 0x12, 0xC4, 0x00, 0x14, 0x82, 0xEE, 0x0E, 0x19, 0x44, 0x84, 0x0C,
    0x00, 0x00, 0x00, 0x00, 0x00, 0x00, 0x00, 0x00, 0x00, 0x00, 0x00, 0x00, 0x00, 0x00, 0x00, 0x00,
    0x00, 0x00, 0x00, 0x00, 0x00, 0x00, 0x00, 0x00, 0x00, 0x00, 0x00, 0xDD, 0x00, 0x00, 0xD0, 0x17,
    0xB0, 0x25, 0xBB, 0x33, 0xB0, 0x22, 0x2B, 0x3B, 0xB0, 0x65, 0x6B, 0xFF, 0x00, 0xBB, 0xB5, 0xB3,
    0xD0, 0x6B, 0xB2, 0x33, 0xFD, 0xBD, 0xB6, 0xBB, 0xF4, 0xBF, 0x5B, 0x62, 0xD1, 0x0D, 0xB0, 0x56,
    0x00, 0xD0, 0x4D, 0x41, 0x00, 0x7D, 0x11, 0x77, 0xDD, 0x14, 0x74, 0x00, 0x17, 0x71, 0x07, 0x00,
    0x41, 0x07, 0x00, 0x00, 0x7D, 0x00, 0x00, 0x00, 0xD7, 0x00, 0x00, 0x00, 0xD1, 0x00, 0x00, 0x00,
    0x07, 0x00, 0x00, 0xBB, 0x00, 0x00, 0x00, 0x00, 0x00, 0x00, 0x00, 0x00, 0x00, 0x00, 0x00, 0x00,
    0x00, 0x00, 0x00, 0x00, 0x00, 0x00, 0x00, 0x00, 0x00, 0x00, 0x00, 0x00, 0x00, 0x00, 0x00, 0x00,
    0x88, 0x14, 0x41, 0xE8, 0x8E, 0x24, 0x84, 0x94, 0x24, 0x22, 0x44, 0x42, 0x2F, 0x42, 0x82, 0x44,
    0x8F, 0x22, 0x42, 0x84, 0xEF, 0x84, 0xC8, 0xED, 0xFE, 0xC8, 0xEC, 0xEE, 0xE0, 0x8E, 0x84, 0x84,
    0x0F, 0x00, 0x00, 0x00, 0x0F, 0x00, 0x00, 0x00, 0xFE, 0x00, 0x00, 0x00, 0xFE, 0x00, 0x00, 0x00,
    0xFD, 0x0F, 0x00, 0x00, 0xEE, 0x0F, 0x00, 0x00, 0xEE, 0x0F, 0x00, 0x00, 0x84, 0x0F, 0x00, 0x00,
    0x00, 0xFE, 0xFF, 0xFF, 0x00, 0x00, 0x00, 0x00, 0x00, 0x00, 0x00, 0x00, 0x00, 0x00, 0x00, 0x00,
    0x00, 0x00, 0x00, 0x00, 0x00, 0x00, 0x00, 0x00, 0x00, 0x00, 0x00, 0x00, 0x00, 0x00, 0x00, 0x00,
    0xFF, 0x00, 0x00, 0x00, 0x00, 0x00, 0x00, 0x00, 0x00, 0x00, 0x00, 0x00, 0x00, 0x00, 0x00, 0x00,
    0x00, 0x00, 0x00, 0x00, 0x00, 0x00, 0x00, 0x00, 0x00, 0x00, 0x00, 0x00, 0x00, 0x00, 0x00, 0x00,
    0x00, 0x00, 0x00, 0x00, 0x00, 0x00, 0x00, 0x00, 0x00, 0x00, 0x00, 0x00, 0x00, 0x00, 0x00, 0x00,
    0x00, 0x00, 0x00, 0x00, 0x00, 0x00, 0x00, 0xA0, 0x00, 0x00, 0x00, 0x6A, 0x00, 0x00, 0xA0, 0xAA,
    0x00, 0x00, 0x0A, 0x00, 0x00, 0x00, 0xA0, 0x06, 0x00, 0xAA, 0x3A, 0xA6, 0x00, 0x33, 0xAA, 0xAA,
    0xAA, 0x32, 0x36, 0x2A, 0xAA, 0x3A, 0xA6, 0xA3, 0x22, 0x63, 0x62, 0x62, 0x6A, 0x22, 0xA6, 0x23,
    0x4D, 0x41, 0x47, 0x71, 0x4D, 0x77, 0x14, 0xD1, 0xD0, 0x47, 0xD4, 0x74, 0x00, 0x4D, 0x71, 0xDD,
    0x00, 0xD0, 0x14, 0x0D, 0x00, 0x00, 0xDD, 0x00, 0x00, 0x00, 0x00, 0x00, 0x00, 0x00, 0x00, 0x00,
    0x41, 0x0D, 0x00, 0x00, 0x17, 0x0D, 0x00, 0x00, 0xDD, 0x00, 0x00, 0x00, 0x00, 0x00, 0x00, 0x00,
    0x00, 0x00, 0x00, 0x00, 0x00, 0x00, 0x00, 0x00, 0x00, 0x00, 0x00, 0x00, 0x00, 0x00, 0x00, 0x00,
    0x00, 0x00, 0x00, 0x00, 0x00, 0x00, 0x00, 0xEE, 0x00, 0x00, 0x00, 0x4E, 0x00, 0x00, 0x00, 0x7E,
    0x00, 0x00, 0x00, 0xF0, 0x00, 0x00, 0x00, 0x00, 0x00, 0x00, 0x00, 0x00, 0x00, 0x00, 0x00, 0x00,
    0xCC, 0x89, 0x28, 0x42, 0xCA, 0x6C, 0xCE, 0x88, 0x66, 0xE6, 0xCA, 0xCE, 0x84, 0xCC, 0xEE, 0x88,
    0x7E, 0x47, 0x47, 0xE8, 0xE0, 0xEE, 0xEE, 0xEE, 0x00, 0x00, 0x00, 0x00, 0x00, 0x00, 0x00, 0x00,
    0x00, 0x00, 0x00, 0x00, 0xA0, 0x00, 0x00, 0x00, 0xAA, 0x00, 0x00, 0x00, 0x36, 0x00, 0x00, 0x00,
    0xE6, 0x00, 0x00, 0x00, 0xAA, 0x36, 0x0A, 0x00, 0x36, 0xA2, 0x00, 0x00, 0xA3, 0x66, 0x66, 0xA6,
    0x00, 0x00, 0x00, 0x00, 0x00, 0x00, 0x00, 0x00, 0x00, 0x00, 0x00, 0xB0, 0x00, 0x00, 0x00, 0x5B,
    0x00, 0x00, 0xB0, 0x25, 0x00, 0x00, 0x5B, 0x62, 0x00, 0xB0, 0x25, 0xB6, 0x00, 0x5B, 0x62, 0x6B,
    0x00, 0x00, 0x00, 0x00, 0x00, 0x00, 0x00, 0x00, 0x00, 0x00, 0x00, 0x00, 0x00, 0x00, 0x00, 0xD0,
    0x00, 0x00, 0xD0, 0x4D, 0x00, 0x00, 0x7D, 0x11, 0x00, 0xDD, 0x14, 0x74, 0xD0, 0x17, 0x71, 0x47,
    0xCC, 0xF8, 0x00, 0xE0, 0xE9, 0xFC, 0x00, 0x00, 0xCE, 0xFC, 0x00, 0x00, 0x74, 0xFC, 0x00, 0x00,
    0xCE, 0x0F, 0x00, 0x00, 0x00, 0x00, 0x00, 0x00, 0x00, 0x00, 0x00, 0x00, 0x00, 0x00, 0x00, 0x00,
    0x00, 0x00, 0x00, 0x00, 0x00, 0x00, 0x00, 0x00, 0x00, 0x00, 0x00, 0x00, 0x00, 0x00, 0x00, 0x00,
    0x00, 0x00, 0x00, 0x00, 0x00, 0x00, 0x00, 0xF0, 0x00, 0x00, 0x00, 0xF0, 0xD0, 0xD7, 0x74, 0x77,
    0x00, 0x00, 0x3A, 0x6A, 0x00, 0xA0, 0x66, 0xA6, 0x00, 0x4F, 0xA1, 0xAA, 0xF0, 0xFF, 0x6A, 0xA6,
    0x4F, 0x71, 0xAF, 0xAA, 0x74, 0xB7, 0xE2, 0x3A, 0x67, 0xB3, 0xA6, 0xA6, 0xEF, 0x8F, 0x58, 0xEF,
    0x32, 0x2A, 0x33, 0x23, 0xA6, 0x26, 0x2A, 0x3A, 0x63, 0xA3, 0x36, 0xA6, 0x63, 0x6B, 0xA3, 0x3A,
    0xAA, 0x3A, 0x2A, 0x36, 0x26, 0x6A, 0x62, 0x2A, 0xA6, 0x3A, 0xAA, 0x2A, 0xFE, 0xAE, 0xE6, 0x6A,
    0x66, 0xAA, 0x00, 0x00, 0x62, 0xA3, 0x00, 0x00, 0xA6, 0x66, 0x0A, 0x00, 0xAA, 0xA6, 0x00, 0x00,
    0x62, 0x3A, 0x00, 0x00, 0xA6, 0x00, 0x00, 0x00, 0x06, 0x00, 0x00, 0x00, 0x0E, 0x00, 0x00, 0x00,
    0x7D, 0x41, 0x0D, 0x47, 0xD0, 0xDD, 0x00, 0x00, 0x00, 0x00, 0x00, 0x00, 0x00, 0x00, 0x00, 0x00,
    0x00, 0x00, 0x00, 0x00, 0x00, 0x00, 0x00, 0x00, 0x00, 0x00, 0x00, 0x00, 0x00, 0x00, 0x00, 0x00,
    0xEB, 0x49, 0x41, 0xE9, 0xE6, 0x12, 0x22, 0x85, 0xFB, 0x21, 0x42, 0xE9, 0xF0, 0x48, 0xF5, 0x9F,
    0x00, 0xFF, 0x0F, 0xEF, 0x00, 0x00, 0xE0, 0x49, 0x00, 0xF0, 0x8F, 0x48, 0xF0, 0xFF, 0xFC, 0x55,
    0xEE, 0xAF, 0xA3, 0xEA, 0x42, 0xF8, 0xFF, 0x9E, 0x15, 0x84, 0x51, 0x24, 0x55, 0x11, 0x44, 0x11,
    0x28, 0x52, 0xFF, 0x59, 0x12, 0x21, 0x92, 0x8F, 0x22, 0x41, 0x4E, 0xFE, 0x24, 0x41, 0x24, 0x52,
    0xFE, 0x00, 0x00, 0x00, 0x84, 0x0F, 0x00, 0x00, 0x12, 0xF4, 0x00, 0x00, 0x21, 0x48, 0x0F, 0x00,
    0x92, 0xE4, 0x0F, 0x00, 0x85, 0xBF, 0x0A, 0x00, 0xF4, 0x33, 0x0B, 0xA0, 0xFF, 0x26, 0xB3, 0x3A,
    0x00, 0x00, 0x00, 0x00, 0x00, 0x00, 0x00, 0xF0, 0x00, 0x00, 0x00, 0xCF, 0x00, 0x00, 0x00, 0x4C,
    0x00, 0x00, 0x00, 0xC0, 0x00, 0x00, 0x00, 0xF0, 0x00, 0x00, 0x00, 0x00, 0x00, 0x00, 0x00, 0x00,
    0xFF, 0x99, 0x9F, 0x2F, 0x18, 0x11, 0xF7, 0xF8, 0x14, 0x11, 0x94, 0x9F, 0x11, 0x84, 0x99, 0xDF,
    0x14, 0x41, 0x88, 0xFC, 0x29, 0x84, 0x8C, 0xE4, 0x2E, 0x82, 0x94, 0xE4, 0x2E, 0x42, 0x42, 0xF4,
    0x25, 0x12, 0x22, 0x85, 0x48, 0xE1, 0x5E, 0xF8, 0x8F, 0x48, 0x98, 0xCF, 0xD8, 0xC9, 0xD9, 0xC8,
    0x9C, 0x9D, 0x9C, 0x8C, 0x8F, 0x9C, 0xCC, 0x48, 0xF0, 0xCD, 0x88, 0x74, 0xF0, 0x4C, 0x44, 0x11,
    0x0E, 0xBF, 0xA6, 0xA3, 0x0F, 0xF0, 0x6A, 0xBA, 0x0E, 0x00, 0xFF, 0xAF, 0x0E, 0x00, 0x00, 0xF0,
    0x0E, 0x00, 0x00, 0x00, 0x0E, 0x00, 0x00, 0x00, 0x0E, 0x00, 0x00, 0x00, 0xE4, 0x00, 0x00, 0x00,
    0x00, 0x00, 0x00, 0x00, 0x00, 0x00, 0x00, 0x00, 0x00, 0x00, 0x00, 0xE0, 0x00, 0x00, 0x00, 0xF0,
    0x00, 0x00, 0x00, 0xE0, 0x00, 0x00, 0x00, 0xF0, 0x00, 0x00, 0x00, 0xF0, 0x00, 0x00, 0x00, 0x8F,
    0x2E, 0x82, 0x44, 0xF8, 0x28, 0x42, 0x84, 0x98, 0x84, 0xC8, 0xED, 0x99, 0xC8, 0x8C, 0x84, 0xEE,
    0xFE, 0xF4, 0xFC, 0x84, 0x4E, 0xCF, 0xCC, 0xFC, 0x84, 0xCF, 0xCC, 0xCC, 0xFF, 0xCC, 0xCC, 0xFC,
    0x00, 0x8F, 0x74, 0x11, 0x0F, 0x8E, 0x14, 0x11, 0x0F, 0x8F, 0x14, 0x11, 0x0F, 0x80, 0x14, 0x11,
    0xFF, 0xC0, 0x44, 0x11, 0xF4, 0xC0, 0x48, 0x44, 0xFF, 0xE0, 0x48, 0x14, 0x0F, 0xE0, 0x48, 0x44,
    0xC4, 0x00, 0x00, 0x00, 0xC4, 0x00, 0x00, 0x00, 0x81, 0x0F, 0x00, 0x00, 0x41, 0x0C, 0x00, 0x00,
    0x41, 0x0C, 0x00, 0x00, 0x14, 0x08, 0x00, 0x00, 0x41, 0xE8, 0x00, 0x00, 0x44, 0xE4, 0x00, 0x00,
    0x00, 0xE0, 0x48, 0x44, 0x00, 0xE0, 0x88, 0x48, 0x00, 0xE0, 0x48, 0x11, 0x00, 0xF0, 0x9C, 0x48,
    0x00, 0x00, 0x8E, 0x44, 0x00, 0x00, 0xFE, 0x85, 0x00, 0x00, 0xF0, 0xEF, 0x00, 0x00, 0x00, 0x8F,
    0x44, 0xE8, 0x0C, 0x00, 0x84, 0x81, 0x0C, 0x00, 0x11, 0x84, 0x0E, 0x00, 0x22, 0x94, 0x0E, 0x00,
    0x95, 0xF9, 0x09, 0x00, 0x88, 0x95, 0x0F, 0x00, 0xFF, 0xEF, 0xF8, 0x00, 0xCF, 0xCC, 0x4E, 0x00,
    0x00, 0x00, 0xF0, 0xE4, 0x00, 0x00, 0xF0, 0xE8, 0x00, 0x00, 0xE0, 0xF4, 0x00, 0x00, 0x00, 0xCF,
    0x00, 0x00, 0x00, 0xCF, 0x00, 0x00, 0x00, 0xF0, 0x00, 0x00, 0x00, 0x00, 0x00, 0x00, 0x00, 0x00,
    0xCC, 0xCC, 0xEC, 0x0F, 0xCC, 0xCC, 0xEC, 0x0F, 0xCC, 0xCC, 0xCC, 0x0F, 0xCC, 0xCC, 0xCC, 0x0F,
    0xCC, 0xFC, 0xFF, 0x00, 0xFF, 0x0F, 0x00, 0x00, 0x00, 0x00, 0x00, 0x00, 0x00, 0x00, 0x00, 0x00,
    0x00, 0x00, 0x00, 0xD0, 0x00, 0x00, 0x00, 0x7D, 0x00, 0x00, 0x00, 0x7D, 0x00, 0x00, 0xD0, 0x47,
    0x00, 0x00, 0xD0, 0xD4, 0x00, 0x00, 0xD0, 0x71, 0x00, 0x00, 0x7D, 0x74, 0x00, 0x00, 0x4D, 0xD7,
    0x0D, 0x00, 0x00, 0x00, 0xD7, 0x00, 0x00, 0x00, 0xD7, 0x00, 0x00, 0x00, 0xDD, 0x00, 0x00, 0x00,
    0x0D, 0x00, 0x00, 0x00, 0x0D, 0x00, 0x00, 0x00, 0x0D, 0x00, 0x00, 0x00, 0x00, 0x00, 0x00, 0x00,
    0x00, 0x00, 0x00, 0x00, 0x00, 0x00, 0x00, 0xA0, 0x00, 0x00, 0x00, 0x30, 0x00, 0x00, 0x60, 0x62,
    0x00, 0x00, 0xA0, 0x63, 0x00, 0xA0, 0x66, 0x3A, 0x00, 0x00, 0x2A, 0x63, 0x00, 0x00, 0xA0, 0x32,
    0x60, 0x62, 0xEA, 0x00, 0x60, 0x33, 0xA2, 0xA0, 0x6A, 0x62, 0x23, 0x3A, 0x22, 0x26, 0x66, 0x26,
    0x23, 0x3A, 0x32, 0x63, 0x6A, 0xA6, 0xA3, 0x33, 0x36, 0x22, 0x26, 0xA3, 0x26, 0x63, 0x63, 0x3A,
    0x00, 0x00, 0x00, 0x4F, 0x00, 0x00, 0x00, 0xFF, 0x00, 0x00, 0x00, 0xF0, 0x00, 0x00, 0x00, 0x00,
    0x00, 0x00, 0x00, 0x00, 0x00, 0x00, 0x00, 0x00, 0x00, 0x00, 0x00, 0x00, 0x00, 0x00, 0x00, 0x00,
    0xCF, 0xCC, 0xCC, 0xFF, 0xCC, 0xCC, 0xFC, 0x0F, 0xCF, 0xFC, 0x0F, 0x00, 0xFF, 0xFF, 0x00, 0x00,
    0x00, 0x00, 0x00, 0x00, 0x00, 0x00, 0x00, 0x00, 0x00, 0x00, 0x00, 0x00, 0x00, 0x00, 0x00, 0x00,
    0x00, 0x00, 0x00, 0x00, 0x00, 0x00, 0x00, 0x00, 0x00, 0x00, 0x00, 0x00, 0x00, 0x00, 0x00, 0x00,
    0x00, 0x00, 0x00, 0x00, 0x00, 0x00, 0x00, 0x00, 0xBB, 0x00, 0x00, 0x00, 0xA6, 0xA6, 0x00, 0x00,
    0xA3, 0x3A, 0x0A, 0x00, 0x36, 0x6B, 0xB3, 0x00, 0x6A, 0xBA, 0xA6, 0x00, 0xBF, 0xBB, 0xB6, 0x00,
    0xB0, 0xB6, 0xB3, 0x00, 0x00, 0xB0, 0x0B, 0x00, 0x00, 0x00, 0x00, 0x00, 0x00, 0x00, 0x00, 0x00,
    0x00, 0x00, 0x1D, 0xD7, 0x00, 0x70, 0x7D, 0x0D, 0x00, 0x70, 0xD4, 0x0D, 0x00, 0x70, 0x71, 0x0D,
    0x00, 0x47, 0xD1, 0x00, 0x00, 0x17, 0xD4, 0x00, 0xA0, 0x14, 0x07, 0x00, 0x60, 0xAA, 0x0D, 0x00,
    0x00, 0x00, 0x00, 0x00, 0x00, 0x00, 0x00, 0x00, 0x0A, 0x00, 0x00, 0x00, 0xE6, 0x00, 0x00, 0x00,
    0xAA, 0xEA, 0x0E, 0x00, 0x63, 0x6A, 0x0E, 0x00, 0x23, 0xA3, 0x0E, 0x00, 0x36, 0xA3, 0x00, 0x00,
};
static const u16 sSet4Frame0[] = {
    0x0009, 0x40D2, 0x81EA, 0x0000, 0x40E2, 0x81F2, 0x0008, 0x00F2, 0x4002, 0x0010, 0x40CA, 0x01F2,
    0x0014, 0x40F2, 0x01F2, 0x0016, 0x40F2, 0x0012, 0x0018, 0x00CA, 0x0002, 0x001A, 0x00EA, 0x0012,
    0x001B, 0x00FA, 0x001A, 0x001C, 0x0000,
};
static const u16 sSet4Frame1[] = {
    0x000A, 0x00D7, 0x81E5, 0x001D, 0x00DF, 0x41D5, 0x002D, 0x00F7, 0x41FD, 0x0031, 0x40CF, 0x01ED,
    0x0035, 0x40EF, 0x01CD, 0x0037, 0x40F7, 0x01E5, 0x0039, 0x00CF, 0x01FD, 0x003B, 0x00D7, 0x01DD,
    0x003C, 0x00E7, 0x01CD, 0x003D, 0x00F7, 0x01F5, 0x003E, 0x0000,
};
static const u16 sSet4Frame2[] = {
    0x0008, 0x00D2, 0x81E7, 0x003F, 0x00F2, 0x41F7, 0x004F, 0x40BA, 0x01F7, 0x0053, 0x40CA, 0x01EF,
    0x0055, 0x40F2, 0x01E7, 0x0057, 0x80DA, 0x0007, 0x0059, 0x00C2, 0x01F7, 0x005B, 0x00CA, 0x01FF,
    0x005C, 0x0000,
};
static const void* const sSet4Frames[] = { sSet4Frame0, sSet4Frame1, sSet4Frame2 };

static const u16 sBattleAnim17[] = {
    0x0040, 0x0040, 0x0008, 0x0000, 0x0003, 0x0000, 0x0003, 0x0000, 0x0003, 0x0000, 0x0006, 0x0001,
    0x0006, 0x0001, 0x0007, 0x0001, 0x0007, 0x0002, 0x0007,
};
static const u16 sBattleAnim18[] = {
    0x0040, 0x0040, 0x0008, 0x0000, 0x0004, 0x0000, 0x0004, 0x0000, 0x0003, 0x0000, 0x0006, 0x0001,
    0x0007, 0x0001, 0x0007, 0x0001, 0x0008, 0x0002, 0x0008,
};
static const u16 sBattleAnim19[] = {
    0x0040, 0x0040, 0x0008, 0x0000, 0x0005, 0x0000, 0x0004, 0x0000, 0x0004, 0x0000, 0x0007, 0x0001,
    0x0007, 0x0001, 0x0008, 0x0001, 0x0009, 0x0002, 0x0008,
};
static const u16 sBattleAnim20[] = {
    0x0040, 0x0040, 0x0008, 0x0000, 0x0005, 0x0000, 0x0005, 0x0000, 0x0005, 0x0000, 0x0008, 0x0001,
    0x0007, 0x0001, 0x0009, 0x0001, 0x000A, 0x0002, 0x0008,
};
static const u16 sBattleAnim21[] = {
    0x0040, 0x0040, 0x0008, 0x0000, 0x0006, 0x0000, 0x0005, 0x0000, 0x0006, 0x0000, 0x0008, 0x0001,
    0x0008, 0x0001, 0x0009, 0x0001, 0x000A, 0x0002, 0x0008,
};
static const u8 sTiles5[] __attribute__((aligned(4))) = {
    0x00, 0x00, 0x00, 0x00, 0x00, 0x00, 0x00, 0x00, 0x00, 0x00, 0x00, 0x00, 0x00, 0x00, 0x00, 0x00,
    0x00, 0x00, 0x00, 0x00, 0x00, 0x00, 0xF0, 0xFF, 0x00, 0xFB, 0x3A, 0x3A, 0xB0, 0xA6, 0x23, 0xAB,
    0x00, 0x00, 0x00, 0xA0, 0x00, 0x00, 0x00, 0xAA, 0x00, 0x00, 0x00, 0xA0, 0x00, 0x00, 0x00, 0x60,
    0xF0, 0x0F, 0x00, 0xFF, 0xFF, 0xC4, 0x6B, 0x8F, 0x5B, 0x7E, 0x2C, 0x4F, 0xF3, 0xE7, 0x36, 0x1F,
    0x32, 0x66, 0x23, 0x62, 0x2A, 0x63, 0x32, 0x36, 0xA3, 0x26, 0xA3, 0x32, 0x66, 0x6A, 0x6A, 0xA2,
    0xAA, 0x3A, 0x36, 0x6A, 0xBA, 0x22, 0x7F, 0xAA, 0xBE, 0x23, 0x1F, 0xA3, 0x52, 0x3B, 0x32, 0xE6,
    0x32, 0x3A, 0x32, 0x0A, 0xA6, 0x63, 0x33, 0x0A, 0x33, 0x63, 0xA6, 0x0A, 0xA2, 0x23, 0x36, 0x0A,
    0x63, 0x6A, 0x6A, 0xA6, 0xA6, 0xA3, 0xAA, 0xA0, 0xA2, 0x63, 0xA3, 0x74, 0xA6, 0xA6, 0xFE, 0x07,
    0xB0, 0x32, 0x2A, 0xF3, 0xB0, 0x63, 0x33, 0xAB, 0x00, 0x3B, 0xFB, 0x3B, 0x00, 0x60, 0x0B, 0x26,
    0x00, 0x00, 0x00, 0xB6, 0x00, 0x00, 0x00, 0x00, 0x00, 0x00, 0x00, 0x00, 0x00, 0x00, 0x00, 0x00,
    0xA2, 0x4C, 0xFF, 0x5F, 0xC2, 0xE7, 0x0F, 0xFF, 0xF3, 0xFE, 0x00, 0x00, 0x0B, 0x00, 0x00, 0x00,
    0x00, 0x00, 0x00, 0xE0, 0x00, 0x00, 0x00, 0x2E, 0x00, 0x00, 0xF0, 0x4E, 0x00, 0x00, 0xCF, 0xEE,
    0x84, 0xBF, 0x66, 0xEE, 0x8F, 0xBA, 0xBB, 0x6B, 0xEF, 0x6B, 0xCD, 0xAB, 0x5E, 0xA8, 0xB7, 0xA6,
    0x29, 0x1C, 0x17, 0xEC, 0x25, 0xCC, 0xC1, 0x4F, 0x59, 0x1C, 0x17, 0x2C, 0x95, 0x7C, 0xCE, 0x19,
    0xEA, 0xEA, 0x4E, 0x00, 0xBB, 0x0E, 0x70, 0xAB, 0xEE, 0xEE, 0x4E, 0xBB, 0x95, 0x98, 0x7E, 0x63,
    0x2E, 0x59, 0xBE, 0x27, 0x54, 0x82, 0xFE, 0xB4, 0x59, 0x88, 0xFC, 0x7F, 0x22, 0xE5, 0x00, 0xD0,
    0x00, 0x00, 0x00, 0x00, 0x00, 0x00, 0x00, 0x00, 0x00, 0x00, 0x00, 0x00, 0x00, 0x00, 0x00, 0x00,
    0x00, 0x00, 0x00, 0xC0, 0x00, 0x00, 0x00, 0xC0, 0x00, 0x00, 0x00, 0xF0, 0x00, 0x00, 0x00, 0x8F,
    0x00, 0xFF, 0xFF, 0x89, 0xF0, 0x1F, 0x44, 0x9F, 0xF0, 0x18, 0x11, 0xF7, 0x4C, 0x11, 0x41, 0xC8,
    0x14, 0x41, 0x88, 0xEC, 0x14, 0x41, 0x88, 0xFC, 0x1C, 0x41, 0x84, 0x0C, 0x41, 0x44, 0xC8, 0x00,
    0xCE, 0x4C, 0xEC, 0x15, 0xF8, 0xCD, 0xE9, 0x55, 0xCD, 0x9E, 0xDD, 0x5C, 0x9F, 0x8C, 0x98, 0x9C,
    0xCF, 0x59, 0x9C, 0xCD, 0xDF, 0xC9, 0xCD, 0xC9, 0xFF, 0xCD, 0xC9, 0x8C, 0xF0, 0xDF, 0x8C, 0x48,
    0x21, 0x55, 0x0E, 0x00, 0x22, 0x95, 0x0E, 0x00, 0x51, 0xE9, 0x00, 0x00, 0x99, 0xCC, 0x00, 0x00,
    0x0C, 0x00, 0x00, 0x00, 0xE8, 0x00, 0x00, 0x00, 0xE4, 0x00, 0x00, 0x00, 0xE7, 0x00, 0x00, 0x00,
    0x00, 0x00, 0x00, 0x4E, 0x00, 0x00, 0x00, 0x8E, 0x00, 0x00, 0xE0, 0x88, 0x00, 0x00, 0xE0, 0x18,
    0x00, 0x00, 0xE0, 0x28, 0x00, 0x00, 0x4F, 0x82, 0x00, 0x00, 0xEE, 0x88, 0x00, 0xC0, 0x6C, 0xCE,
    0x44, 0x44, 0xE8, 0x00, 0x44, 0x44, 0xE8, 0x00, 0x84, 0x88, 0x0E, 0x00, 0x11, 0x84, 0x0E, 0x00,
    0x88, 0x98, 0x0E, 0x00, 0x48, 0x99, 0x0E, 0x00, 0x42, 0x98, 0x0E, 0x00, 0x88, 0xE9, 0x0C, 0x00,
    0x00, 0xCF, 0x44, 0x14, 0x00, 0xFF, 0x48, 0x17, 0x00, 0xE0, 0x48, 0x11, 0x00, 0xF0, 0x48, 0x11,
    0x00, 0x00, 0x48, 0x11, 0x00, 0x00, 0x4C, 0x14, 0x00, 0x00, 0xC0, 0x48, 0x00, 0x00, 0xE0, 0x48,
    0x41, 0x0E, 0x00, 0x00, 0x41, 0x0C, 0x00, 0x00, 0x41, 0x0C, 0x00, 0x00, 0x11, 0xF8, 0x00, 0x00,
    0x11, 0xC4, 0x00, 0x00, 0x11, 0xC4, 0x00, 0x00, 0x44, 0x14, 0x08, 0x00, 0x14, 0x41, 0xE8, 0x00,
    0x00, 0x00, 0x00, 0x00, 0x00, 0x00, 0x00, 0x00, 0x00, 0x00, 0x00, 0x00, 0x00, 0x00, 0xBB, 0x0B,
    0xB0, 0xBB, 0x66, 0xB6, 0x74, 0xBB, 0xBB, 0x22, 0xB6, 0x6B, 0x3A, 0xBB, 0xB0, 0xAA, 0x36, 0x66,
    0x00, 0x00, 0x00, 0x00, 0x00, 0x00, 0x00, 0x00, 0x00, 0x00, 0x00, 0x00, 0x00, 0x00, 0x00, 0x00,
    0x0B, 0x00, 0x00, 0x00, 0xB5, 0xBB, 0x00, 0x00, 0x2B, 0x52, 0x0B, 0x00, 0xB2, 0x26, 0xDB, 0x00,
    0xAF, 0xF6, 0x6A, 0x33, 0xB6, 0x36, 0x3A, 0xA6, 0xA3, 0xA3, 0xF6, 0xFF, 0x3A, 0xFF, 0x0F, 0x00,
    0xF6, 0x00, 0x00, 0x00, 0xFD, 0x00, 0x00, 0x00, 0xDD, 0x00, 0x00, 0x00, 0x41, 0x0D, 0x00, 0x00,
    0xBA, 0xBB, 0xFF, 0xD4, 0x2D, 0xD5, 0x4F, 0x11, 0xBB, 0xDB, 0xDD, 0x77, 0x00, 0x00, 0x00, 0xD0,
    0x00, 0x00, 0x00, 0x00, 0x00, 0x00, 0x00, 0x00, 0x00, 0x00, 0x00, 0x00, 0x00, 0x00, 0x00, 0x00,
    0x00, 0x00, 0xE0, 0x48, 0x00, 0x00, 0xE0, 0x48, 0x00, 0x00, 0x00, 0x8E, 0x00, 0x00, 0x00, 0x8C,
    0x00, 0x00, 0x00, 0xCF, 0x00, 0x00, 0x00, 0xE0, 0x00, 0x00, 0x00, 0xE0, 0x00, 0x00, 0x00, 0xCE,
    0x44, 0x44, 0xE4, 0x00, 0x44, 0x44, 0xE8, 0x0C, 0x88, 0x44, 0x18, 0xC8, 0x14, 0x11, 0x41, 0x98,
    0x89, 0x28, 0x42, 0xEC, 0xE8, 0x9A, 0x99, 0xE8, 0xAC, 0xAA, 0xEE, 0xE4, 0x6C, 0x8C, 0x47, 0xE7,
    0x00, 0x00, 0x00, 0x8E, 0x00, 0x00, 0x00, 0x4E, 0x00, 0x00, 0x00, 0x7E, 0x00, 0x00, 0x00, 0xE0,
    0x00, 0x00, 0x00, 0x00, 0x00, 0x00, 0x00, 0x00, 0x00, 0x00, 0x00, 0x00, 0x00, 0x00, 0x00, 0x00,
    0x6C, 0xCC, 0x78, 0x0E, 0x67, 0x47, 0x48, 0x0E, 0x44, 0x44, 0x74, 0x0E, 0xEE, 0xEE, 0xEE, 0x0F,
    0x00, 0x00, 0x00, 0x00, 0x00, 0x00, 0x00, 0x00, 0x00, 0x00, 0x00, 0x00, 0x00, 0x00, 0x00, 0x00,
    0x00, 0x00, 0x00, 0x00, 0x00, 0x00, 0x00, 0x00, 0x00, 0x00, 0x00, 0x00, 0x00, 0x00, 0x00, 0x00,
    0x00, 0x00, 0x00, 0xA0, 0x00, 0x00, 0x00, 0x00, 0x00, 0x00, 0x00, 0xA0, 0x00, 0x00, 0x00, 0x60,
    0x00, 0x00, 0x0A, 0x00, 0x00, 0x60, 0x0A, 0x00, 0x00, 0x26, 0x0A, 0xA6, 0xA0, 0x26, 0xA2, 0x23,
    0xA3, 0x26, 0x63, 0x36, 0x26, 0x26, 0x62, 0x62, 0x3A, 0x36, 0xA2, 0x23, 0xA6, 0xA3, 0x66, 0x3A,
    0xDD, 0x00, 0x00, 0x00, 0x41, 0xD7, 0xDD, 0x00, 0x14, 0x11, 0x41, 0xD7, 0xDD, 0x77, 0x14, 0x11,
    0x00, 0xD0, 0xDD, 0x77, 0x00, 0x00, 0x00, 0xD0, 0x00, 0x00, 0x00, 0x00, 0x00, 0x00, 0x00, 0x00,
    0x00, 0x00, 0x00, 0x00, 0x00, 0x00, 0x00, 0x00, 0xDD, 0x00, 0x00, 0x00, 0x41, 0xD7, 0xDD, 0x00,
    0x14, 0x11, 0x41, 0xD7, 0xDD, 0x77, 0x14, 0x11, 0xD0, 0xDD, 0x7D, 0x47, 0x00, 0xD0, 0xD7, 0xDD,
    0xE0, 0x6C, 0xE6, 0xCA, 0x4E, 0xC6, 0xCC, 0xEC, 0x7E, 0x84, 0xCC, 0x8E, 0xE0, 0x47, 0x88, 0x48,
    0x00, 0x7E, 0x47, 0xE7, 0x00, 0xE0, 0xEE, 0x0E, 0x00, 0x00, 0x00, 0x00, 0x00, 0x00, 0x00, 0x00,
    0xCE, 0xCE, 0x0C, 0x00, 0x88, 0x74, 0x0C, 0x00, 0x47, 0xC7, 0x00, 0x00, 0xE8, 0x0E, 0x00, 0x00,
    0x0E, 0x00, 0x00, 0x00, 0x00, 0x00, 0x00, 0x00, 0x00, 0x00, 0x00, 0x00, 0x00, 0x00, 0x00, 0x00,
    0x00, 0x00, 0x00, 0x00, 0x0A, 0x00, 0x00, 0x00, 0x00, 0x00, 0x00, 0x00, 0x0A, 0xA0, 0x00, 0x00,
    0xA2, 0xA3, 0x00, 0x00, 0x66, 0x63, 0x00, 0x00, 0x33, 0xA6, 0xAA, 0x00, 0x3A, 0x33, 0xA6, 0x0A,
    0x00, 0x00, 0x00, 0x00, 0x00, 0x00, 0x00, 0x00, 0x00, 0x00, 0x00, 0x00, 0x00, 0x00, 0x00, 0x00,
    0x0D, 0x00, 0x00, 0x00, 0xD7, 0x00, 0x00, 0x00, 0xD4, 0x00, 0x00, 0x00, 0x0D, 0x00, 0x00, 0x00,
    0xDD, 0x0D, 0x00, 0x00, 0x00, 0x00, 0x00, 0x00, 0x00, 0x00, 0x00, 0x00, 0x00, 0x00, 0x00, 0x00,
    0x00, 0x00, 0x00, 0x00, 0x00, 0x00, 0x00, 0x00, 0x00, 0x00, 0x00, 0x00, 0x00, 0x00, 0x00, 0x00,
    0x00, 0x00, 0x00, 0x26, 0x00, 0x00, 0xA0, 0xAA, 0x00, 0x00, 0x00, 0x30, 0x00, 0x00, 0x00, 0x6A,
    0x00, 0x00, 0x00, 0xA6, 0x00, 0x00, 0xA0, 0x00, 0x00, 0x00, 0x00, 0x00, 0x00, 0x00, 0x00, 0x00,
    0x63, 0x36, 0x22, 0x26, 0x32, 0x26, 0x63, 0x63, 0x6A, 0x32, 0x2A, 0x33, 0xA6, 0xA6, 0x26, 0x2A,
    0xAA, 0x63, 0xA3, 0x36, 0x2B, 0xFA, 0xE7, 0xAA, 0x3A, 0xF2, 0x31, 0xA3, 0xA0, 0x23, 0x33, 0xE6,
    0xA3, 0x23, 0xA3, 0x00, 0x3A, 0x36, 0xA3, 0x00, 0x33, 0x66, 0xAA, 0x00, 0x3A, 0x62, 0xA3, 0x00,
    0xA6, 0xA6, 0xAA, 0x0A, 0xA2, 0x63, 0xA3, 0x00, 0x3A, 0x6A, 0x6A, 0xFA, 0xA6, 0xA6, 0xFA, 0x2F,
    0x00, 0x00, 0x00, 0x00, 0x00, 0x00, 0x00, 0x00, 0x00, 0x00, 0x00, 0x00, 0x00, 0xFF, 0xF7, 0x0F,
    0xF0, 0x73, 0x44, 0xFF, 0x4F, 0xFF, 0xBB, 0x74, 0x08, 0x40, 0x3F, 0xF6, 0x12, 0x92, 0x6F, 0xFB,
    0x00, 0x00, 0x00, 0x00, 0x00, 0x00, 0x00, 0x00, 0x00, 0x00, 0x00, 0x00, 0x00, 0x00, 0x00, 0x00,
    0x00, 0x00, 0x00, 0x00, 0x00, 0x00, 0x00, 0x00, 0xB0, 0xAA, 0xAA, 0x00, 0xAB, 0x22, 0xF2, 0xFF,
    0x00, 0x6B, 0x66, 0xEE, 0x00, 0xB0, 0xBB, 0xEB, 0x00, 0x00, 0xB0, 0x4E, 0x00, 0x00, 0xEE, 0x11,
    0x00, 0xE0, 0x42, 0x22, 0x00, 0x5F, 0x18, 0x44, 0xFF, 0xFF, 0x2F, 0x52, 0x74, 0x6B, 0xFB, 0x85,
    0xEE, 0xFF, 0x2F, 0xF1, 0x5E, 0x54, 0x54, 0x22, 0x12, 0x28, 0x41, 0x55, 0x91, 0x84, 0x12, 0x41,
    0x42, 0x28, 0x42, 0x49, 0x54, 0x5E, 0x25, 0x51, 0xF5, 0x2F, 0x44, 0x25, 0x0F, 0x5F, 0x12, 0x41,
    0xE9, 0xE1, 0xF8, 0x0F, 0x4E, 0x29, 0x0E, 0x00, 0xEF, 0xF8, 0x00, 0x00, 0xF8, 0x0F, 0x00, 0x00,
    0x82, 0x0F, 0x00, 0x00, 0x54, 0xE5, 0x00, 0x00, 0x85, 0x0E, 0x00, 0x00, 0xFF, 0xED, 0x00, 0x00,
    0x26, 0xA5, 0x4F, 0xF7, 0xAA, 0xF6, 0xF7, 0x71, 0xB5, 0x46, 0x74, 0x14, 0x3B, 0x66, 0x71, 0x17,
    0xBB, 0x3B, 0x17, 0xF7, 0xB2, 0x63, 0x3B, 0xF4, 0x52, 0xBB, 0xB3, 0xFF, 0x5A, 0xF2, 0xBB, 0x2F,
    0xB1, 0x32, 0xF6, 0xFF, 0x41, 0xB6, 0x0B, 0x00, 0x17, 0xF4, 0x00, 0xF0, 0xF4, 0x0F, 0x00, 0xFE,
    0xF7, 0x0B, 0x00, 0x8F, 0xBF, 0x0A, 0xF0, 0x4C, 0x6F, 0x0B, 0xC0, 0x14, 0xB6, 0x00, 0xC0, 0x14,
    0x00, 0xFF, 0x84, 0xF4, 0xFF, 0xD9, 0xEE, 0xCF, 0x89, 0xEE, 0xF9, 0x89, 0xFF, 0x99, 0xCF, 0xC8,
    0x14, 0x11, 0xF7, 0x9C, 0x11, 0x11, 0x94, 0xFF, 0x11, 0x84, 0x99, 0xEF, 0x11, 0x84, 0xC8, 0x0F,
    0xCD, 0x89, 0x0E, 0x00, 0x89, 0x9C, 0xEE, 0x00, 0x9C, 0x8C, 0xCD, 0x0E, 0x89, 0xED, 0xEE, 0xEE,
    0xCC, 0xDE, 0x89, 0xEE, 0xEE, 0x9D, 0x28, 0x84, 0xE0, 0x88, 0x24, 0x42, 0x00, 0x4F, 0x22, 0x22,
    0xA0, 0xAA, 0x25, 0x52, 0x00, 0x00, 0xAA, 0xAA, 0x00, 0x00, 0x00, 0x00, 0x00, 0x00, 0x00, 0x00,
    0x00, 0x00, 0x00, 0x00, 0x00, 0x00, 0x00, 0x00, 0x00, 0x00, 0x00, 0x00, 0x00, 0x00, 0x00, 0x00,
    0x0A, 0x00, 0xF0, 0x19, 0x00, 0x00, 0x00, 0x8E, 0x00, 0x00, 0x00, 0x8E, 0x00, 0x00, 0x00, 0x8E,
    0x00, 0x00, 0x00, 0x8E, 0x00, 0x00, 0x00, 0x8C, 0x00, 0x00, 0x00, 0xC0, 0x00, 0x00, 0xCF, 0xEC,
    0x14, 0x44, 0xC8, 0x00, 0x44, 0x11, 0x84, 0x0E, 0x44, 0x44, 0x44, 0x0E, 0x49, 0x44, 0x84, 0xCE,
    0x88, 0x44, 0x18, 0xC8, 0x14, 0x11, 0x41, 0x98, 0x89, 0x28, 0x42, 0xBC, 0xEF, 0x9C, 0x98, 0xE8,
    0x00, 0xDF, 0x22, 0x22, 0x00, 0xF0, 0x48, 0x44, 0x00, 0x00, 0x8F, 0x14, 0x00, 0x00, 0xF0, 0x4C,
    0x00, 0x00, 0x00, 0xC0, 0x00, 0x00, 0x00, 0x00, 0x00, 0x00, 0x00, 0x00, 0x00, 0x00, 0x00, 0x00,
    0x00, 0x00, 0x00, 0x00, 0xDD, 0x00, 0x00, 0x00, 0xD4, 0x00, 0x00, 0x00, 0xD1, 0x00, 0x00, 0x00,
    0xD1, 0x00, 0x00, 0x00, 0xD7, 0x0D, 0x00, 0x00, 0x11, 0x74, 0xD7, 0x0D, 0x47, 0x11, 0x11, 0x74,
    0x00, 0x00, 0x00, 0x00, 0x00, 0x00, 0x00, 0x00, 0x00, 0x00, 0x00, 0x00, 0x00, 0x00, 0x00, 0x00,
    0x00, 0x00, 0x00, 0x00, 0x00, 0x00, 0x00, 0x00, 0x00, 0x00, 0x00, 0x00, 0xD7, 0x0D, 0x00, 0x00,
    0xDD, 0xDD, 0x47, 0x11, 0x00, 0x00, 0xDD, 0xDD, 0x00, 0x00, 0x00, 0x00, 0x00, 0x00, 0x00, 0x00,
    0x00, 0x00, 0x00, 0x00, 0x00, 0x00, 0x00, 0x00, 0x00, 0x00, 0x00, 0x00, 0x00, 0x00, 0x00, 0x00,
    0x11, 0x74, 0xD7, 0x0D, 0x47, 0x11, 0x41, 0xBF, 0xDD, 0xDD, 0xF7, 0xBF, 0x00, 0x00, 0xDD, 0xAB,
    0x00, 0x00, 0x00, 0x6A, 0x00, 0x00, 0x00, 0x6A, 0x00, 0x00, 0x00, 0xA0, 0x00, 0x00, 0x00, 0xA0,
    0x00, 0x00, 0x00, 0x00, 0x00, 0x00, 0x00, 0x00, 0x00, 0x00, 0x00, 0x00, 0x00, 0x00, 0x00, 0x00,
    0xFE, 0x00, 0x00, 0x00, 0xFC, 0xCC, 0x09, 0x00, 0xE8, 0x8E, 0xC8, 0xCC, 0x88, 0x44, 0x8E, 0x88,
    0x00, 0x00, 0x00, 0x00, 0x00, 0x00, 0x00, 0x00, 0x00, 0x00, 0x00, 0x00, 0x00, 0x00, 0x00, 0x00,
    0x00, 0x00, 0x00, 0x00, 0x00, 0x00, 0x00, 0x00, 0xFF, 0x0E, 0x00, 0x00, 0x99, 0x0F, 0x00, 0x00,
    0x44, 0x41, 0x44, 0x84, 0x41, 0x44, 0x44, 0x44, 0x11, 0x48, 0x14, 0x11, 0x94, 0x8E, 0x19, 0x14,
    0xFC, 0xEF, 0x48, 0x11, 0x00, 0x00, 0x8E, 0x49, 0x00, 0x00, 0xE0, 0xCF, 0x00, 0x00, 0x00, 0xCF,
    0x49, 0xF7, 0x00, 0x00, 0x18, 0x91, 0x00, 0x00, 0x14, 0x91, 0x0B, 0x00, 0x11, 0xF1, 0x0B, 0x00,
    0x11, 0xF4, 0x0F, 0x00, 0x41, 0xF8, 0x0F, 0x00, 0xC4, 0x4F, 0x0F, 0x00, 0xFC, 0xEE, 0xF8, 0x00,
    0x00, 0x00, 0x00, 0xA0, 0x00, 0x00, 0x00, 0x60, 0x00, 0x00, 0x00, 0x60, 0x00, 0x00, 0x00, 0x00,
    0x00, 0x00, 0x00, 0x3A, 0x00, 0x00, 0x00, 0x60, 0x00, 0x00, 0x00, 0xA0, 0x00, 0x00, 0x00, 0x60,
    0x00, 0x00, 0x00, 0x00, 0x0A, 0xA0, 0x00, 0x00, 0xA2, 0x60, 0x0A, 0x00, 0x26, 0xA2, 0x23, 0x0A,
    0x6A, 0x32, 0x66, 0x23, 0x62, 0x22, 0x26, 0x66, 0x63, 0x23, 0x3A, 0x32, 0x3A, 0x6A, 0xA6, 0xA3,
    0x00, 0xCE, 0x6C, 0x66, 0x00, 0x4E, 0xC6, 0xEC, 0x00, 0x7E, 0x84, 0xCC, 0x00, 0xE0, 0x47, 0xC8,
    0x00, 0xE0, 0x77, 0x84, 0x00, 0x00, 0xEE, 0x78, 0x00, 0x00, 0x00, 0xEE, 0x00, 0x00, 0x00, 0x00,
    0xEC, 0x8E, 0xEE, 0xF4, 0xCA, 0xDE, 0xEE, 0xF7, 0x8E, 0xC8, 0x4E, 0xF8, 0x7E, 0x44, 0x77, 0x0F,
    0x88, 0xEE, 0xCC, 0x00, 0xEE, 0x0E, 0x00, 0x00, 0x00, 0x00, 0x00, 0x00, 0x00, 0x00, 0x00, 0x00,
    0x00, 0x00, 0x00, 0xEF, 0x00, 0x00, 0x00, 0xDF, 0x00, 0x00, 0xF0, 0xDD, 0x00, 0x00, 0xF0, 0xDD,
    0x00, 0x00, 0xF0, 0xD4, 0x00, 0x00, 0x00, 0x8F, 0x00, 0x00, 0x00, 0xF0, 0x00, 0x00, 0x00, 0x00,
    0xDD, 0xEE, 0xF4, 0x00, 0xDD, 0xED, 0xF8, 0x00, 0xDD, 0xED, 0xF4, 0x00, 0xDD, 0xEE, 0xF8, 0x00,
    0xED, 0x8E, 0xF4, 0x00, 0x84, 0xF4, 0x0F, 0x00, 0xFF, 0x0F, 0x00, 0x00, 0x00, 0x00, 0x00, 0x00,
    0x00, 0x00, 0x00, 0x00, 0x00, 0x00, 0x00, 0x00, 0x00, 0x00, 0x00, 0x00, 0x0A, 0x00, 0x00, 0x00,
    0x3A, 0x0A, 0x00, 0x00, 0x36, 0x06, 0x00, 0x00, 0x63, 0xAA, 0x00, 0x00, 0x33, 0x63, 0x0A, 0x00,
    0x00, 0xDD, 0xDD, 0x00, 0x00, 0x4D, 0x71, 0xDD, 0xD0, 0x14, 0x17, 0x74, 0xD0, 0x47, 0x14, 0x41,
    0x4D, 0x74, 0x77, 0x47, 0x7D, 0x14, 0x11, 0x74, 0xD0, 0xDD, 0x47, 0x11, 0x00, 0x00, 0xDD, 0xDD,
    0x00, 0x00, 0x00, 0xA0, 0x00, 0x00, 0x00, 0xAE, 0x00, 0x00, 0x00, 0x00, 0x00, 0x00, 0x00, 0xA0,
    0x00, 0x00, 0x00, 0xAE, 0x0D, 0x00, 0x00, 0x00, 0xD7, 0x0D, 0x00, 0x00, 0x1D, 0xD7, 0x00, 0x00,
    0x2A, 0x63, 0x36, 0x22, 0xAA, 0x32, 0x26, 0x63, 0x3A, 0x6A, 0x32, 0x2A, 0x66, 0xA6, 0xA6, 0x26,
    0xAE, 0xAA, 0x63, 0xA3, 0xE0, 0xFB, 0x3A, 0xFB, 0x00, 0x6E, 0x22, 0x42, 0x00, 0xBB, 0x23, 0x22,
    0x26, 0xA3, 0x23, 0xA3, 0x63, 0x3A, 0x36, 0xA3, 0x33, 0x23, 0x66, 0xAA, 0x2A, 0x3A, 0x62, 0xA3,
    0x36, 0xA6, 0xA6, 0xA6, 0xA4, 0x3A, 0xAA, 0x0A, 0x31, 0x2A, 0x36, 0xEA, 0xA2, 0xA3, 0xE6, 0x99,
    0x00, 0x00, 0x00, 0x00, 0x00, 0x00, 0x00, 0x00, 0x00, 0x00, 0x00, 0x00, 0x00, 0x00, 0x00, 0x00,
    0x00, 0x00, 0x00, 0x00, 0x00, 0x00, 0x00, 0x00, 0x00, 0x00, 0x00, 0x00, 0x0F, 0x00, 0x00, 0x00,
    0x14, 0x0D, 0x00, 0x00, 0xD1, 0x00, 0x00, 0x00, 0xD7, 0x0D, 0x00, 0x00, 0x41, 0xD7, 0x0D, 0x00,
    0x14, 0x41, 0xD7, 0x0D, 0xDD, 0x14, 0x41, 0xD7, 0x00, 0xDD, 0x14, 0x41, 0x00, 0x00, 0xDD, 0x14,
    0x00, 0x00, 0x3B, 0x32, 0x00, 0x00, 0xCB, 0xB6, 0x00, 0xF0, 0x94, 0x5A, 0x00, 0x5F, 0x81, 0xEE,
    0x00, 0x1F, 0x52, 0xE9, 0x0D, 0xF0, 0xEE, 0xBB, 0xD7, 0xBB, 0x6B, 0x56, 0xF1, 0xBB, 0xAC, 0xFB,
    0x66, 0x6A, 0x8E, 0x45, 0x6B, 0xAA, 0x59, 0x12, 0x6C, 0xCA, 0x18, 0x11, 0x3B, 0xEC, 0x24, 0x94,
    0xCE, 0x2E, 0xEE, 0xEE, 0xCB, 0x5B, 0xEE, 0xB6, 0xB6, 0xEB, 0x3E, 0x32, 0xBB, 0x3E, 0x23, 0xB6,
    0x0F, 0x00, 0x00, 0x00, 0xF8, 0x00, 0x00, 0x00, 0xF5, 0x00, 0x00, 0x00, 0xEE, 0x0F, 0x00, 0x00,
    0x5F, 0xF9, 0x00, 0x00, 0x8F, 0xF2, 0x00, 0x00, 0xFB, 0x0F, 0x00, 0x00, 0xFF, 0x0F, 0x00, 0x00,
    0x00, 0x00, 0x00, 0xDD, 0x00, 0x00, 0x00, 0x00, 0x00, 0x00, 0x00, 0xB0, 0x00, 0x00, 0x00, 0xB0,
    0x00, 0x00, 0x00, 0xB0, 0x00, 0x00, 0x00, 0x00, 0x00, 0x00, 0x00, 0x00, 0x00, 0x00, 0x00, 0x00,
    0xFF, 0x56, 0xA5, 0x6A, 0xBD, 0xB5, 0x6B, 0x33, 0xB6, 0xCB, 0x2B, 0x22, 0x52, 0xFB, 0x3A, 0x22,
    0x25, 0xB6, 0x6F, 0x63, 0xBB, 0x52, 0xB6, 0xFF, 0x89, 0x5B, 0x22, 0xB5, 0x80, 0xB8, 0xBB, 0x2B,
    0xE3, 0xE4, 0xB3, 0xBB, 0xE2, 0xB4, 0xB3, 0xEF, 0x23, 0x1B, 0xF7, 0xDE, 0xBB, 0x7F, 0xF4, 0x89,
    0x4B, 0xF7, 0xCF, 0x9C, 0xFF, 0xCD, 0x8C, 0xF9, 0xDB, 0xF7, 0xCD, 0x8F, 0x47, 0x0D, 0xEF, 0x48,
    0x8E, 0x0F, 0x00, 0x00, 0x9D, 0xF9, 0x00, 0x00, 0xC8, 0xD8, 0x00, 0x00, 0x9C, 0x8C, 0x0F, 0x00,
    0xEF, 0xFF, 0x0F, 0x00, 0x48, 0x84, 0xE8, 0x00, 0x44, 0x22, 0xE4, 0x00, 0x42, 0x22, 0x72, 0x0E,
    0x00, 0x00, 0x00, 0x00, 0x00, 0x00, 0x00, 0x00, 0x00, 0x00, 0x00, 0x00, 0x00, 0x00, 0x00, 0x00,
    0x00, 0x00, 0x00, 0x00, 0x00, 0x00, 0x00, 0x00, 0x00, 0x00, 0x00, 0xCE, 0x00, 0x00, 0x00, 0x4E,
    0xC0, 0x4C, 0x24, 0x22, 0x90, 0x88, 0x44, 0x22, 0xE0, 0x48, 0x44, 0x42, 0xF0, 0x8C, 0x48, 0x24,
    0x00, 0x4E, 0x22, 0x88, 0xCF, 0xEC, 0x49, 0x9E, 0x6C, 0x66, 0xCE, 0x8D, 0xC6, 0xEC, 0xCA, 0xDE,
    0x72, 0x00, 0xF0, 0x78, 0x82, 0x77, 0xF0, 0x88, 0x82, 0x7E, 0x04, 0x8C, 0x28, 0x84, 0x7E, 0xC0,
    0x82, 0xFC, 0x70, 0xD4, 0x8C, 0xFC, 0x00, 0x1D, 0xEE, 0xF4, 0x00, 0xD0, 0xEE, 0xF7, 0x00, 0xD0,
    0x22, 0x22, 0x22, 0x0E, 0x24, 0x22, 0x22, 0x0E, 0x22, 0x22, 0x22, 0xE8, 0x24, 0x24, 0x22, 0x82,
    0x48, 0x24, 0x22, 0x82, 0x8D, 0x44, 0x22, 0x22, 0xD7, 0x44, 0x24, 0x84, 0x47, 0x8D, 0x44, 0x22,
    0x47, 0x2D, 0x82, 0x98, 0xDD, 0x99, 0x9C, 0x8E, 0xC0, 0x4F, 0x8E, 0xAE, 0x00, 0xF0, 0x4E, 0xEE,
    0x00, 0x00, 0x7E, 0x74, 0x00, 0x00, 0xE0, 0x87, 0x00, 0x00, 0xE0, 0x84, 0x00, 0x00, 0xE0, 0x47,
    0xEC, 0x0E, 0x00, 0x00, 0xDE, 0xCE, 0x00, 0x00, 0xD8, 0x8D, 0x0E, 0x00, 0xAA, 0xCA, 0x0E, 0x00,
    0xC8, 0xC6, 0xEC, 0x00, 0xCC, 0xC6, 0xE8, 0x00, 0x74, 0x76, 0xE4, 0x00, 0x44, 0x44, 0xE7, 0x00,
    0x00, 0x00, 0xF0, 0xEE, 0x00, 0x00, 0x00, 0x00, 0x00, 0x00, 0x00, 0x00, 0x00, 0x00, 0x00, 0x00,
    0x00, 0x00, 0x00, 0x00, 0x00, 0x00, 0x00, 0x00, 0x00, 0x00, 0x00, 0x00, 0x00, 0x00, 0x00, 0x00,
    0xEE, 0xEE, 0x0E, 0x00, 0x00, 0x00, 0x00, 0x00, 0x00, 0x00, 0x00, 0x00, 0x00, 0x00, 0x00, 0x00,
    0x00, 0x00, 0x00, 0x00, 0x00, 0x00, 0x00, 0x00, 0x00, 0x00, 0x00, 0x00, 0x00, 0x00, 0x00, 0x00,
    0x00, 0x00, 0x00, 0x00, 0x00, 0x00, 0x00, 0x00, 0x00, 0x00, 0x00, 0x00, 0x00, 0x00, 0x00, 0x00,
    0x00, 0x00, 0x00, 0x6E, 0x00, 0x00, 0x00, 0x00, 0x00, 0x00, 0x00, 0x00, 0x00, 0x00, 0x00, 0x00,
    0xA0, 0x00, 0x00, 0x00, 0x60, 0x0A, 0x00, 0x0A, 0x00, 0x26, 0x0A, 0xA6, 0xA0, 0x6E, 0x23, 0x3A,
    0x36, 0x6A, 0x32, 0x66, 0x6E, 0x62, 0x22, 0x26, 0xA0, 0x63, 0x23, 0x3A, 0x66, 0x3A, 0x6A, 0xA6,
    0x00, 0x00, 0x00, 0x7E, 0x00, 0x00, 0x00, 0xE0, 0x00, 0x00, 0x00, 0xE0, 0x00, 0x00, 0x00, 0x00,
    0x00, 0x00, 0x00, 0x00, 0x00, 0x00, 0x00, 0x00, 0x00, 0x00, 0x00, 0x00, 0x00, 0x00, 0x00, 0x00,
    0x84, 0xCC, 0x8E, 0xC8, 0x47, 0xC8, 0x7E, 0x44, 0x77, 0x84, 0x88, 0xEE, 0xEE, 0x78, 0xEE, 0x0E,
    0x00, 0xEE, 0x00, 0x00, 0x00, 0x00, 0x00, 0x00, 0x00, 0x00, 0x00, 0x00, 0x00, 0x00, 0x00, 0x00,
    0x00, 0x00, 0x00, 0x00, 0x00, 0x00, 0x00, 0x00, 0x00, 0x00, 0x00, 0x00, 0x00, 0x00, 0x00, 0x00,
    0x00, 0x00, 0xD0, 0x0D, 0x00, 0xD0, 0x4D, 0xD1, 0xD0, 0x7D, 0x11, 0x4D, 0x7D, 0x47, 0x44, 0x71,
    0x7D, 0x44, 0x47, 0x11, 0xD0, 0x14, 0x44, 0x47, 0x00, 0xDD, 0x14, 0x44, 0x00, 0x00, 0xDD, 0x14,
    0x00, 0x00, 0x00, 0xDD, 0x00, 0x00, 0x00, 0x00, 0x00, 0x00, 0x00, 0x00, 0x00, 0x00, 0x00, 0x00,
    0x00, 0x00, 0x00, 0x00, 0x00, 0x00, 0x00, 0x00, 0x00, 0x00, 0x00, 0x00, 0xA2, 0xAE, 0x00, 0x00,
    0x23, 0x3A, 0x0A, 0x00, 0x66, 0x26, 0xE6, 0x00, 0x32, 0x63, 0xAA, 0x0E, 0xA3, 0x33, 0x63, 0xEA,
    0x00, 0x00, 0x00, 0x00, 0x00, 0x00, 0x00, 0x00, 0x00, 0x00, 0x00, 0x00, 0xEE, 0x00, 0x00, 0x00,
    0xCE, 0x0E, 0x00, 0x00, 0x84, 0x0E, 0x00, 0x00, 0xC8, 0x0F, 0x00, 0x00, 0xC8, 0x00, 0x00, 0x00,
    0x4E, 0xF8, 0x00, 0xD0, 0x77, 0x0F, 0x00, 0x00, 0xCC, 0x00, 0x00, 0x00, 0x00, 0x00, 0x00, 0x00,
    0x00, 0x00, 0x00, 0x00, 0x00, 0x00, 0x00, 0x00, 0x00, 0x00, 0x00, 0x00, 0x00, 0x00, 0x00, 0x00,
};
static const u16 sSet5Frame0[] = {
    0x0009, 0x00D4, 0x81E6, 0x0000, 0x00D4, 0x4006, 0x0010, 0x00F4, 0x41F6, 0x0014, 0x40CC, 0x01EE,
    0x0018, 0x40DC, 0x0016, 0x001A, 0x40F4, 0x01E6, 0x001C, 0x00CC, 0x01FE, 0x001E, 0x00DC, 0x0026,
    0x001F, 0x00E4, 0x0006, 0x0020, 0x0000,
};
static const u16 sSet5Frame1[] = {
    0x0008, 0x00D9, 0x81DC, 0x0021, 0x00E1, 0x41CC, 0x0031, 0x00E9, 0x41FC, 0x0035, 0x40D1, 0x01DC,
    0x0039, 0x40F9, 0x01E4, 0x003B, 0x40F9, 0x01FC, 0x003D, 0x00D1, 0x01EC, 0x003F, 0x00E1, 0x01C4,
    0x0040, 0x0000,
};
static const u16 sSet5Frame2[] = {
    0x0008, 0x00D7, 0x81E7, 0x0041, 0x00F7, 0x41FF, 0x0051, 0x40CF, 0x01E7, 0x0055, 0x40F7, 0x01E7,
    0x0057, 0x80D7, 0x01DF, 0x0059, 0x00CF, 0x01F7, 0x005B, 0x00EF, 0x0007, 0x005C, 0x00F7, 0x01F7,
    0x005D, 0x0000,
};
static const void* const sSet5Frames[] = { sSet5Frame0, sSet5Frame1, sSet5Frame2 };

static const u16 sBattleAnim22[] = {
    0x0040, 0x0040, 0x0005, 0x0000, 0x0004, 0x0000, 0x0003, 0x0001, 0x0005, 0x0001, 0x0007, 0x0002,
    0x0005,
};
static const u16 sBattleAnim23[] = {
    0x0040, 0x0040, 0x0005, 0x0000, 0x0005, 0x0000, 0x0004, 0x0001, 0x0005, 0x0001, 0x0007, 0x0002,
    0x0005,
};
static const u16 sBattleAnim24[] = {
    0x0040, 0x0040, 0x0005, 0x0000, 0x0006, 0x0000, 0x0005, 0x0001, 0x0006, 0x0001, 0x0008, 0x0002,
    0x0005,
};
static const u16 sBattleAnim25[] = {
    0x0040, 0x0040, 0x0005, 0x0000, 0x0007, 0x0000, 0x0006, 0x0001, 0x0007, 0x0001, 0x0008, 0x0002,
    0x0005,
};
static const u16 sBattleAnim26[] = {
    0x0040, 0x0040, 0x0005, 0x0000, 0x0008, 0x0000, 0x0007, 0x0001, 0x0007, 0x0001, 0x0009, 0x0002,
    0x0005,
};
static const u8 sTiles6[] __attribute__((aligned(4))) = {
    0x00, 0x00, 0x00, 0x00, 0x00, 0x00, 0x00, 0x00, 0x00, 0x00, 0x00, 0x00, 0x00, 0x00, 0x00, 0x00,
    0x00, 0x00, 0x00, 0x00, 0x00, 0xD0, 0x0D, 0x00, 0x00, 0x7D, 0xD1, 0x0D, 0x00, 0x4D, 0x47, 0x7D,
    0x00, 0x00, 0x00, 0x00, 0x00, 0x00, 0x00, 0x00, 0x00, 0x00, 0x00, 0x00, 0x00, 0x00, 0x00, 0x00,
    0x00, 0x00, 0x00, 0x00, 0x00, 0x00, 0x00, 0x00, 0x00, 0x00, 0x00, 0x00, 0xDD, 0x00, 0x00, 0x00,
    0x00, 0x00, 0x2A, 0x63, 0x00, 0xA0, 0xA6, 0x32, 0x00, 0x00, 0x3A, 0x6A, 0x00, 0xA0, 0x66, 0xA6,
    0x00, 0x00, 0xAA, 0xAA, 0x00, 0x00, 0x6A, 0x6A, 0x00, 0x00, 0xA0, 0xAA, 0x00, 0x00, 0xA0, 0x6B,
    0x36, 0x22, 0x26, 0xA3, 0x26, 0x63, 0x63, 0x3A, 0x32, 0x2A, 0x33, 0x23, 0xA6, 0x26, 0x2A, 0x3A,
    0x63, 0xA3, 0x36, 0xA6, 0x6A, 0x6A, 0x6A, 0x6A, 0xB6, 0x66, 0x6B, 0x66, 0xB6, 0x6B, 0xB6, 0x63,
    0xD0, 0x14, 0x14, 0xD4, 0x4D, 0x77, 0x14, 0x41, 0x7D, 0x74, 0x77, 0x44, 0xD0, 0xDD, 0x47, 0x77,
    0x00, 0x00, 0xDD, 0x7D, 0x00, 0x00, 0x00, 0xD0, 0x00, 0x00, 0x00, 0x00, 0x00, 0x00, 0x00, 0x00,
    0x41, 0x0D, 0x00, 0x00, 0x71, 0x0D, 0x00, 0x00, 0x74, 0x00, 0x00, 0x00, 0xD7, 0x7D, 0x00, 0x00,
    0x14, 0x11, 0x77, 0x07, 0xDD, 0x47, 0x11, 0x71, 0x00, 0xDD, 0x7D, 0x14, 0x00, 0x00, 0xD0, 0xDD,
    0x00, 0x00, 0x00, 0x6B, 0x00, 0x00, 0x00, 0xB0, 0x00, 0x00, 0x00, 0xA0, 0x00, 0x00, 0x00, 0x00,
    0x00, 0x00, 0x00, 0x00, 0x77, 0x00, 0x00, 0x00, 0x11, 0x77, 0x07, 0x00, 0x47, 0x11, 0x71, 0xDD,
    0x3B, 0x6B, 0x6B, 0xBB, 0x22, 0xBF, 0xAB, 0xB6, 0x23, 0x1F, 0xE3, 0xEE, 0x3A, 0x32, 0xE6, 0xE6,
    0xA0, 0x66, 0xEE, 0xEA, 0xE0, 0xAB, 0x6A, 0x6B, 0x8F, 0x6A, 0x65, 0xAA, 0xBE, 0x25, 0xBB, 0x52,
    0x00, 0x00, 0x00, 0x00, 0x00, 0x00, 0x00, 0xF0, 0x00, 0x00, 0x00, 0xFF, 0x00, 0x00, 0x00, 0x8F,
    0x00, 0x00, 0xF0, 0x89, 0x00, 0x00, 0xF0, 0x58, 0x00, 0x00, 0xF0, 0x28, 0x00, 0x00, 0xF0, 0x28,
    0xFF, 0xBF, 0x6A, 0xA5, 0x8F, 0x22, 0xF4, 0x6F, 0x48, 0x22, 0x22, 0xEF, 0x48, 0x22, 0x42, 0xF8,
    0x24, 0x22, 0x84, 0xFF, 0x22, 0x42, 0xF9, 0xC0, 0x22, 0x42, 0xF8, 0xD0, 0x42, 0x84, 0x98, 0xDF,
    0xDB, 0x7D, 0x8C, 0x0F, 0x36, 0x46, 0xFF, 0xF9, 0xFD, 0x7F, 0x99, 0xFF, 0x8F, 0x77, 0x11, 0xF7,
    0x4C, 0x14, 0x11, 0x94, 0xDD, 0x17, 0x84, 0x99, 0x74, 0xDD, 0x41, 0x88, 0x17, 0x47, 0x4D, 0x84,
    0x00, 0x00, 0x00, 0x00, 0x00, 0x00, 0x00, 0x00, 0x00, 0x00, 0x00, 0x00, 0x0E, 0x00, 0x00, 0x00,
    0x0F, 0x00, 0x00, 0x00, 0x0F, 0x00, 0x00, 0x00, 0x0C, 0x00, 0x00, 0x00, 0x0C, 0x00, 0x00, 0x00,
    0x00, 0x00, 0x00, 0x2E, 0x00, 0x00, 0x00, 0x8C, 0x00, 0x00, 0xE0, 0x4B, 0x00, 0x00, 0xE0, 0x6E,
    0x00, 0x00, 0x7E, 0x6E, 0x00, 0x00, 0x7E, 0xBE, 0x00, 0x00, 0x7E, 0xC6, 0x00, 0x00, 0x7E, 0xCB,
    0x84, 0x48, 0xC8, 0xDE, 0x42, 0x98, 0xEE, 0x00, 0x88, 0x89, 0x0E, 0x00, 0xCB, 0x78, 0x0E, 0x00,
    0xCE, 0xE4, 0x00, 0x00, 0x8C, 0xE7, 0x00, 0x00, 0x4C, 0x07, 0x00, 0x00, 0x74, 0x0E, 0x00, 0x00,
    0x44, 0xDD, 0x14, 0x41, 0xDD, 0x4D, 0x44, 0x44, 0xE0, 0x98, 0x44, 0x44, 0xC0, 0x18, 0x48, 0x84,
    0x90, 0x48, 0x11, 0x11, 0x00, 0x4C, 0x22, 0x88, 0xE0, 0xCE, 0x24, 0x82, 0xF0, 0x8E, 0x99, 0xA9,
    0xE8, 0x00, 0x00, 0x00, 0xE4, 0x00, 0x00, 0x00, 0xE8, 0x0C, 0x00, 0x00, 0x88, 0x0E, 0x00, 0x00,
    0x84, 0x0C, 0x00, 0x00, 0xC9, 0x00, 0x00, 0x00, 0x98, 0x0C, 0x00, 0x00, 0x8E, 0x0E, 0x00, 0x00,
    0x00, 0x00, 0xE0, 0x47, 0x00, 0x00, 0x00, 0xEE, 0x00, 0x00, 0x00, 0x00, 0x00, 0x00, 0x00, 0x00,
    0x00, 0x00, 0x00, 0x00, 0x00, 0x00, 0x00, 0x00, 0x00, 0x00, 0x00, 0x00, 0x00, 0x00, 0x00, 0x00,
    0xE7, 0x00, 0x00, 0x00, 0x0E, 0x00, 0x00, 0x00, 0x00, 0x00, 0x00, 0x00, 0x00, 0x00, 0x00, 0x00,
    0x00, 0x00, 0x00, 0x00, 0x00, 0x00, 0x00, 0x00, 0x00, 0x00, 0x00, 0x00, 0x00, 0x00, 0x00, 0x00,
    0x00, 0xCE, 0xAA, 0xEA, 0x00, 0xCE, 0x6C, 0xCC, 0xE0, 0xC7, 0x6C, 0xCC, 0xE0, 0xC4, 0x6C, 0x7C,
    0xE0, 0x47, 0x44, 0x44, 0x00, 0xEE, 0xEE, 0xEE, 0x00, 0x00, 0x00, 0x00, 0x00, 0x00, 0x00, 0x00,
    0x4E, 0x0E, 0x00, 0x00, 0x74, 0x0E, 0x00, 0x00, 0xE8, 0x00, 0x00, 0x00, 0xE4, 0x00, 0x00, 0x00,
    0xE7, 0x00, 0x00, 0x00, 0x0E, 0x00, 0x00, 0x00, 0x00, 0x00, 0x00, 0x00, 0x00, 0x00, 0x00, 0x00,
    0x00, 0x00, 0x00, 0x00, 0x00, 0x00, 0x00, 0x00, 0x00, 0x00, 0x00, 0x00, 0x00, 0x00, 0x00, 0x00,
    0x0A, 0x00, 0x00, 0x00, 0x66, 0x00, 0x00, 0x00, 0xAA, 0x00, 0x00, 0x00, 0x63, 0x6A, 0x00, 0x00,
    0x23, 0xA6, 0x00, 0x00, 0x36, 0xA2, 0x00, 0x00, 0x66, 0x33, 0x0A, 0x00, 0x62, 0xA6, 0x0A, 0x00,
    0x26, 0x36, 0x0A, 0x00, 0xA6, 0x36, 0xBA, 0x00, 0xBB, 0xA6, 0xBB, 0x00, 0xB3, 0x66, 0x0B, 0x00,
    0xBB, 0x3B, 0x0B, 0x00, 0xB6, 0xB6, 0x00, 0x00, 0xAE, 0xEE, 0x00, 0x00, 0xEE, 0x9E, 0x0F, 0x00,
    0xEF, 0x28, 0xF5, 0x00, 0x4F, 0x11, 0x41, 0x0F, 0xEA, 0x42, 0x12, 0x0F, 0x65, 0xAA, 0x45, 0xF2,
    0xFF, 0xAF, 0xFF, 0xFF, 0xCF, 0xF4, 0x3A, 0xB3, 0x7C, 0xAE, 0x23, 0xB6, 0xEF, 0xF7, 0xA6, 0x0B,
    0x5F, 0xFA, 0x0F, 0x00, 0xB7, 0xFF, 0xFE, 0x00, 0xBF, 0x4E, 0xF9, 0x00, 0xBA, 0x7D, 0xC8, 0x0F,
    0x00, 0x00, 0x00, 0xA0, 0x00, 0x00, 0x00, 0x60, 0x00, 0x00, 0x00, 0x60, 0x00, 0x00, 0xA0, 0x60,
    0x00, 0x00, 0x30, 0x6A, 0x00, 0x00, 0x60, 0x62, 0x00, 0x00, 0xA0, 0x63, 0x00, 0xA0, 0x66, 0x3A,
    0x00, 0x00, 0x00, 0x00, 0x0A, 0xA0, 0x00, 0x00, 0xA2, 0x60, 0x0A, 0x00, 0x23, 0x3A, 0xA2, 0xA0,
    0x32, 0x66, 0x23, 0x3A, 0x22, 0x26, 0x66, 0x26, 0x23, 0x3A, 0x32, 0x63, 0x6A, 0xA6, 0xA3, 0x33,
    0xDD, 0x7D, 0x14, 0xFF, 0x00, 0xD0, 0xDD, 0xAF, 0x00, 0x00, 0x00, 0xBD, 0x00, 0x00, 0x00, 0x6B,
    0x00, 0x00, 0x00, 0x6A, 0x00, 0x00, 0x00, 0x5A, 0x00, 0x00, 0x00, 0xBF, 0x00, 0x00, 0x00, 0x3F,
    0xAB, 0x62, 0xA6, 0x6F, 0x56, 0xB6, 0xAB, 0xF3, 0x25, 0xBB, 0x3A, 0x62, 0xBA, 0xA6, 0x66, 0x32,
    0xB5, 0x3B, 0xA3, 0x36, 0x62, 0xBA, 0x6F, 0xF3, 0x5A, 0x22, 0xF6, 0xFF, 0xBD, 0x5A, 0x22, 0x52,
    0x00, 0x00, 0x00, 0x00, 0x00, 0x00, 0x00, 0x00, 0x00, 0x00, 0x00, 0x00, 0x00, 0x00, 0x00, 0x00,
    0x00, 0x00, 0x00, 0x00, 0x00, 0x00, 0x00, 0x00, 0x00, 0x00, 0x00, 0x00, 0x00, 0xFF, 0x00, 0xFF,
    0x00, 0x00, 0x00, 0xA0, 0x00, 0x00, 0x00, 0x6A, 0x00, 0xA0, 0x63, 0x2A, 0x00, 0x00, 0x6A, 0x25,
    0x6A, 0xAF, 0xF6, 0xE7, 0xF0, 0xF8, 0xFB, 0x7E, 0x4F, 0x3F, 0xF2, 0xC4, 0x12, 0x6F, 0xA6, 0x7E,
    0x6A, 0x6A, 0xB2, 0xAA, 0x22, 0x56, 0xA2, 0x62, 0xF6, 0x5F, 0xA6, 0x25, 0x3F, 0xFF, 0xAF, 0x5A,
    0xF6, 0x36, 0xFA, 0xBA, 0xAC, 0x26, 0x63, 0xBA, 0x63, 0x23, 0x33, 0xA2, 0x3F, 0x36, 0x6A, 0xA3,
    0x00, 0x00, 0x00, 0x00, 0x0A, 0x00, 0x00, 0x00, 0xA5, 0x00, 0x00, 0x00, 0xA2, 0x00, 0x00, 0x00,
    0xA2, 0x00, 0x00, 0x00, 0xA2, 0x0A, 0x00, 0x00, 0xA5, 0xA6, 0x00, 0x00, 0xA5, 0x3A, 0xAA, 0x00,
    0xF0, 0x12, 0xFF, 0x48, 0x9F, 0x42, 0x22, 0xFF, 0x4C, 0x24, 0x19, 0x21, 0x8C, 0x44, 0xCC, 0xCC,
    0xCF, 0x8C, 0x4E, 0xC7, 0xFC, 0xCF, 0xCE, 0xCC, 0xC9, 0xF8, 0x8F, 0x91, 0x85, 0xF9, 0x4F, 0x14,
    0x12, 0xF8, 0xCF, 0xE7, 0x8E, 0xE8, 0x2A, 0x4C, 0xF9, 0xEF, 0xA8, 0x22, 0x4C, 0xC7, 0xFF, 0xBB,
    0xCC, 0xFC, 0xB8, 0xAF, 0xCC, 0x8F, 0xB4, 0x3A, 0xF9, 0xE8, 0xF2, 0x36, 0x8E, 0x29, 0x94, 0xBF,
    0xAF, 0x6F, 0xAF, 0xFA, 0xFF, 0xFF, 0x36, 0x6B, 0x65, 0x52, 0xBB, 0x55, 0xA5, 0x62, 0x2A, 0x22,
    0xBB, 0xA6, 0x6B, 0xAA, 0xA2, 0xF7, 0xFF, 0xDA, 0xE6, 0xF4, 0x6A, 0xA3, 0x6B, 0x67, 0x2A, 0x06,
    0xA2, 0xA6, 0x00, 0x00, 0x62, 0x0A, 0x00, 0x00, 0x62, 0xA2, 0x00, 0x00, 0xA6, 0xDD, 0x0A, 0x00,
    0x7D, 0x41, 0xAD, 0x00, 0xD1, 0x77, 0x0D, 0x00, 0xDD, 0xD4, 0x00, 0x00, 0x70, 0xDD, 0x00, 0x00,
    0x00, 0x00, 0x00, 0x00, 0x00, 0x00, 0x00, 0x00, 0x00, 0x00, 0x00, 0x00, 0x00, 0x00, 0x00, 0x00,
    0x00, 0x00, 0x0E, 0xC0, 0xEF, 0xEE, 0xE7, 0x9E, 0x7E, 0x74, 0x44, 0x88, 0x4E, 0x88, 0xE7, 0x89,
    0x00, 0x00, 0x00, 0x00, 0x00, 0x00, 0x00, 0x00, 0x00, 0x00, 0x00, 0x00, 0x00, 0xE0, 0x0E, 0x80,
    0xEC, 0x8E, 0xC8, 0x8C, 0x88, 0x48, 0x84, 0x44, 0x84, 0x44, 0x44, 0x14, 0x81, 0x44, 0x41, 0x11,
    0x4E, 0xC4, 0xE8, 0x29, 0x4E, 0xC7, 0xAC, 0x29, 0x4E, 0x66, 0xA6, 0x4A, 0x4E, 0xC7, 0xAC, 0xCE,
    0x7E, 0x84, 0xCC, 0xE8, 0xE0, 0xEE, 0xEE, 0x0E, 0x00, 0x00, 0x00, 0x00, 0x00, 0x00, 0x00, 0x00,
    0x41, 0x44, 0x41, 0x11, 0x41, 0x44, 0x44, 0x11, 0x81, 0x44, 0x18, 0x44, 0x14, 0xE8, 0x8E, 0xCC,
    0x88, 0x0E, 0x00, 0x00, 0xC9, 0x0C, 0x00, 0x00, 0x00, 0x00, 0x00, 0x00, 0x00, 0x00, 0x00, 0x00,
    0x44, 0x44, 0xF8, 0x8C, 0x88, 0x74, 0x84, 0xC8, 0xFE, 0xEF, 0xEE, 0xCE, 0x00, 0x0E, 0x00, 0xF0,
    0x00, 0x00, 0x00, 0x8F, 0x00, 0x00, 0xF0, 0x4C, 0x00, 0x00, 0xC0, 0x14, 0x00, 0x00, 0x00, 0x4C,
    0x5C, 0xFE, 0xF5, 0x91, 0xD9, 0xC9, 0x98, 0xFF, 0xEC, 0xFF, 0x59, 0xFC, 0xFF, 0x99, 0x9F, 0xFE,
    0x14, 0x11, 0xF7, 0x0F, 0x11, 0x11, 0x94, 0x0F, 0x11, 0x84, 0x99, 0x0F, 0x11, 0x41, 0x88, 0x0C,
    0x00, 0x00, 0x00, 0x9F, 0x00, 0x00, 0x00, 0xE0, 0x00, 0x00, 0x00, 0xE0, 0x00, 0x00, 0x00, 0xE0,
    0x00, 0x00, 0x00, 0xE0, 0x00, 0x00, 0x00, 0xCF, 0x00, 0x00, 0xE0, 0xCC, 0x00, 0x00, 0xE0, 0x64,
    0x41, 0x41, 0x84, 0x0C, 0x48, 0x14, 0x41, 0xE8, 0x48, 0x44, 0x44, 0xE4, 0x98, 0x44, 0x44, 0xE8,
    0x88, 0x48, 0x84, 0x81, 0x48, 0x11, 0x11, 0x84, 0x9C, 0x88, 0x22, 0xC4, 0xFC, 0xCE, 0x89, 0xE9,
    0x00, 0x00, 0xD0, 0xDD, 0x00, 0xDD, 0x77, 0x47, 0xD0, 0x11, 0x71, 0x14, 0xD0, 0x47, 0x74, 0x14,
    0x00, 0x7D, 0x74, 0x14, 0xD0, 0x47, 0xD1, 0x14, 0x7D, 0x7D, 0xD1, 0x41, 0x4D, 0x41, 0xD4, 0x71,
    0x00, 0x00, 0x00, 0x00, 0x0D, 0x00, 0x00, 0x00, 0x0D, 0x00, 0x00, 0x00, 0x0D, 0x00, 0x00, 0x00,
    0x0D, 0x00, 0x00, 0x00, 0x0D, 0x00, 0x00, 0x00, 0x0D, 0x00, 0x00, 0x00, 0x00, 0x00, 0x00, 0x00,
    0x00, 0x00, 0x00, 0x00, 0x00, 0x00, 0x00, 0x00, 0x00, 0x00, 0x00, 0x00, 0x00, 0x00, 0x00, 0x00,
    0x00, 0x00, 0x00, 0x00, 0x00, 0x00, 0x00, 0x00, 0x00, 0x00, 0x00, 0x00, 0x00, 0x00, 0x00, 0xA0,
    0x00, 0x00, 0x17, 0x07, 0x00, 0x00, 0x17, 0x0D, 0x00, 0xD0, 0x14, 0x0D, 0x00, 0xD0, 0x14, 0x0D,
    0x00, 0xD0, 0x14, 0x0D, 0x00, 0xD0, 0x74, 0x0B, 0x00, 0xD0, 0xFF, 0x0B, 0x00, 0xDB, 0xDF, 0x0B,
    0x4E, 0x14, 0xE1, 0xEF, 0xF4, 0x91, 0xF9, 0xA0, 0x0F, 0xFF, 0x0F, 0x00, 0x00, 0x00, 0x00, 0x00,
    0x00, 0x00, 0x00, 0x00, 0x00, 0x00, 0x00, 0x00, 0x00, 0x00, 0x00, 0x00, 0x00, 0x00, 0x00, 0x00,
    0xEF, 0x77, 0xA0, 0x06, 0x00, 0x4A, 0x07, 0x0A, 0x00, 0x00, 0x47, 0x77, 0x00, 0x00, 0x00, 0x00,
    0x00, 0x00, 0x00, 0x00, 0x00, 0x00, 0x00, 0x00, 0x00, 0x00, 0x00, 0x00, 0x00, 0x00, 0x00, 0x00,
    0x00, 0x00, 0xE0, 0x47, 0x00, 0x00, 0x00, 0x7E, 0x00, 0x00, 0x00, 0x7E, 0x00, 0x00, 0x00, 0xE0,
    0x00, 0x00, 0x00, 0x00, 0x00, 0x00, 0x00, 0x00, 0x00, 0x00, 0x00, 0x00, 0x00, 0x00, 0x00, 0x00,
    0xC8, 0xEC, 0x88, 0xEC, 0x84, 0xEC, 0x47, 0x74, 0x47, 0x88, 0xE8, 0xCE, 0x8E, 0xE7, 0xEE, 0x00,
    0xE0, 0x0E, 0x00, 0x00, 0x00, 0x00, 0x00, 0x00, 0x00, 0x00, 0x00, 0x00, 0x00, 0x00, 0x00, 0x00,
    0x00, 0x00, 0x00, 0x00, 0x00, 0x00, 0x00, 0x00, 0x00, 0x00, 0x00, 0x00, 0x0C, 0x00, 0x00, 0x00,
    0x0C, 0x00, 0x00, 0x00, 0xF9, 0x00, 0x00, 0x00, 0x4C, 0x0F, 0x00, 0x00, 0x7E, 0x0F, 0x00, 0x00,
    0x84, 0x0F, 0x00, 0x00, 0xF7, 0x00, 0x00, 0x00, 0x0C, 0x00, 0x00, 0x00, 0x00, 0x00, 0x00, 0x00,
    0x00, 0x00, 0x00, 0x00, 0x00, 0x00, 0x00, 0x00, 0x00, 0x00, 0x00, 0x00, 0x00, 0x00, 0x00, 0x00,
    0xDD, 0x14, 0x71, 0x71, 0x00, 0x7D, 0x77, 0xD1, 0x00, 0x00, 0x4D, 0xD1, 0x00, 0x00, 0x4D, 0xD1,
    0x00, 0x00, 0x4D, 0xD1, 0x00, 0x00, 0x1D, 0xD4, 0x00, 0x00, 0x1D, 0xD4, 0x00, 0x00, 0x1D, 0xD7,
    0x00, 0x00, 0x00, 0x00, 0x00, 0x00, 0x00, 0x00, 0x00, 0x00, 0xFF, 0xEF, 0xCC, 0xFE, 0xC8, 0xF9,
    0x44, 0x84, 0x95, 0x58, 0x11, 0xF1, 0x89, 0xC9, 0x11, 0x81, 0xCF, 0x98, 0x71, 0x84, 0x9F, 0xE5,
    0x74, 0x00, 0x00, 0x00, 0x07, 0x00, 0x00, 0x00, 0x00, 0x00, 0x00, 0x00, 0x00, 0x00, 0x00, 0x00,
    0x00, 0x00, 0x00, 0x00, 0x00, 0x00, 0x00, 0x00, 0x00, 0x00, 0x00, 0x00, 0x00, 0x00, 0x00, 0x00,
    0x00, 0x00, 0x00, 0x00, 0x00, 0x00, 0x00, 0x00, 0x00, 0x00, 0x00, 0x00, 0x00, 0x00, 0x00, 0x00,
    0x00, 0x00, 0x00, 0x00, 0x00, 0x00, 0x00, 0xB0, 0x00, 0x00, 0xB0, 0x5B, 0x00, 0x00, 0x6B, 0xB2,
    0xA0, 0x2A, 0x63, 0x36, 0xAE, 0xAA, 0x32, 0x26, 0x00, 0x3A, 0x6A, 0x32, 0xA0, 0xEE, 0xBB, 0xA6,
    0xBE, 0x56, 0x65, 0xDB, 0x26, 0x52, 0x22, 0x6B, 0x3B, 0xB6, 0xB6, 0x25, 0x36, 0xF2, 0xF2, 0xB6,
    0x22, 0x26, 0xDD, 0x14, 0x63, 0xD3, 0x17, 0x71, 0xDA, 0x4D, 0x41, 0x67, 0x7D, 0x11, 0x77, 0x62,
    0x1F, 0x74, 0xA6, 0xA6, 0xFF, 0xA7, 0x3A, 0xEA, 0xB6, 0x31, 0x2A, 0xFE, 0x52, 0xAB, 0xE3, 0x5F,
    0x74, 0x00, 0x00, 0xDD, 0xA7, 0x00, 0x00, 0x00, 0xAA, 0x00, 0x00, 0x00, 0xA3, 0x00, 0x00, 0x00,
    0xA6, 0x00, 0x00, 0x00, 0x0A, 0x00, 0x00, 0x00, 0xEE, 0x00, 0x00, 0x00, 0xEE, 0x0F, 0x00, 0x00,
    0x00, 0x00, 0x25, 0x3B, 0x00, 0x00, 0x5B, 0x6B, 0x00, 0x00, 0xB0, 0xFB, 0x00, 0x00, 0x7D, 0x56,
    0x00, 0x00, 0x4D, 0xBB, 0x00, 0x00, 0xD0, 0x00, 0x00, 0x00, 0x77, 0x00, 0x00, 0x00, 0x04, 0x00,
    0x62, 0xF6, 0xF6, 0xF3, 0x3F, 0x26, 0x26, 0xF6, 0x26, 0x32, 0x32, 0x42, 0x3F, 0xF6, 0x26, 0x7C,
    0xFB, 0x5F, 0x4F, 0x47, 0xF0, 0x7F, 0x7F, 0xFC, 0x00, 0xFF, 0xFE, 0x7F, 0xF0, 0x48, 0x11, 0x71,
    0x22, 0x6B, 0xFE, 0x25, 0xB5, 0xE3, 0x51, 0x12, 0xDC, 0x5E, 0x41, 0x11, 0xB4, 0xEB, 0x12, 0x41,
    0x36, 0xB6, 0x2E, 0xE5, 0x2B, 0x63, 0x5E, 0xFF, 0x6F, 0xF6, 0xFF, 0x12, 0xEE, 0x9E, 0x48, 0x54,
    0x94, 0x0F, 0x00, 0x00, 0x52, 0x0F, 0x00, 0x00, 0x21, 0x0F, 0x00, 0x00, 0x25, 0xFE, 0x00, 0x00,
    0x12, 0xE5, 0x0F, 0x00, 0x42, 0x98, 0x0F, 0x00, 0x54, 0xF8, 0x00, 0x00, 0xF2, 0x0F, 0x00, 0x00,
    0x00, 0x00, 0x07, 0x00, 0x00, 0x70, 0x00, 0x00, 0x00, 0x40, 0x00, 0x00, 0x00, 0x7D, 0xDD, 0x00,
    0xD0, 0xD1, 0x47, 0x0D, 0xD0, 0x44, 0x71, 0xED, 0x00, 0x4D, 0xD4, 0xEF, 0x00, 0xD0, 0xFD, 0x88,
    0xCF, 0x14, 0x11, 0x41, 0x4C, 0x11, 0x41, 0x88, 0x4C, 0x11, 0x41, 0x88, 0xCF, 0x41, 0x41, 0xC4,
    0x48, 0x41, 0x44, 0xC8, 0x44, 0x44, 0x44, 0xE8, 0x48, 0x44, 0x44, 0xE8, 0x28, 0x44, 0x44, 0x98,
    0xF8, 0x5F, 0x88, 0xF5, 0xEC, 0xFE, 0xFF, 0xCE, 0xFC, 0xEF, 0xC8, 0x9C, 0xEC, 0xCF, 0xFF, 0xFF,
    0xFF, 0xFC, 0x47, 0x84, 0xF0, 0x4F, 0x44, 0x22, 0xE0, 0x48, 0x42, 0x22, 0xF0, 0x48, 0x22, 0x22,
    0xEF, 0x0F, 0x00, 0x00, 0x99, 0x0E, 0x00, 0x00, 0xCF, 0x0F, 0x00, 0x00, 0xFF, 0x0F, 0x00, 0x00,
    0xF8, 0x0F, 0x00, 0x00, 0x87, 0x0F, 0x00, 0x00, 0x82, 0x0E, 0x00, 0x00, 0x22, 0x0E, 0x00, 0x00,
    0x00, 0xC0, 0x6C, 0xDE, 0xE0, 0x6C, 0xE6, 0xCA, 0x4E, 0xC6, 0xCC, 0xCC, 0x7E, 0x84, 0xCC, 0xEE,
    0xE0, 0x47, 0x88, 0x88, 0x00, 0x7E, 0x47, 0x47, 0x00, 0xE0, 0xEE, 0xEE, 0x00, 0x00, 0x00, 0x00,
    0x4E, 0x84, 0x88, 0x9C, 0xE8, 0x22, 0xC4, 0x09, 0x8E, 0xA9, 0xEA, 0x0F, 0xC8, 0xEE, 0xEE, 0x0F,
    0x87, 0x84, 0x47, 0x0F, 0x48, 0x77, 0x84, 0x0F, 0xEE, 0xCE, 0xFF, 0x00, 0x00, 0x00, 0x00, 0x00,
    0xF0, 0x88, 0x24, 0x22, 0x00, 0x8C, 0x22, 0x22, 0x00, 0xC0, 0x24, 0x24, 0x00, 0xC0, 0x48, 0x24,
    0x00, 0x00, 0x8E, 0x24, 0x00, 0x00, 0xC0, 0x88, 0x00, 0x00, 0x90, 0x88, 0x00, 0x00, 0xE0, 0x4C,
    0x22, 0x0E, 0x00, 0x00, 0x22, 0xE8, 0x00, 0x00, 0x22, 0x82, 0xEE, 0x00, 0x22, 0x82, 0xCE, 0x0E,
    0x22, 0x42, 0x84, 0x0C, 0x24, 0x44, 0x84, 0x0C, 0x48, 0x24, 0x82, 0x0C, 0x22, 0x88, 0xC9, 0x00,
    0x00, 0xA0, 0x00, 0x00, 0x00, 0x60, 0x0A, 0x00, 0x00, 0x00, 0x26, 0x0A, 0x00, 0xA0, 0x6E, 0x23,
    0x6E, 0x36, 0x6A, 0x32, 0x00, 0x6E, 0x62, 0x22, 0x00, 0xA0, 0x63, 0x23, 0x00, 0x66, 0x3A, 0x6A,
    0x00, 0x00, 0x00, 0x00, 0x0A, 0x00, 0x00, 0x00, 0xA6, 0x00, 0x00, 0x00, 0x3A, 0xA2, 0xAE, 0x00,
    0x66, 0x23, 0x3A, 0x0A, 0x26, 0x66, 0x26, 0xE6, 0x3A, 0x32, 0x63, 0xDA, 0xA6, 0xA3, 0x33, 0x7D,
    0x00, 0x00, 0x00, 0xD0, 0x00, 0x00, 0x00, 0xD0, 0x00, 0x00, 0xD0, 0x4D, 0x00, 0x00, 0x7D, 0x11,
    0x00, 0xDD, 0x14, 0x74, 0xD0, 0x17, 0x71, 0x17, 0x4D, 0x41, 0x47, 0x74, 0x11, 0xD7, 0x7D, 0x14,
    0xDD, 0x00, 0x00, 0x00, 0x47, 0x0D, 0x00, 0x00, 0x41, 0xD7, 0x00, 0x00, 0x77, 0xD1, 0x00, 0x00,
    0xD1, 0x14, 0x0D, 0x00, 0x41, 0xD7, 0x00, 0x00, 0xD4, 0x00, 0x00, 0x00, 0x0D, 0x00, 0x00, 0x00,
    0x00, 0x00, 0xE0, 0x98, 0x00, 0x00, 0xE0, 0xAC, 0x00, 0x00, 0xCE, 0x6C, 0x00, 0x00, 0x8E, 0x6C,
    0x00, 0x00, 0x4E, 0x67, 0x00, 0x00, 0x7E, 0x44, 0x00, 0x00, 0xE0, 0xEE, 0x00, 0x00, 0x00, 0x00,
    0x99, 0xEA, 0xE8, 0x00, 0xAA, 0xEE, 0xE4, 0x00, 0x8C, 0x47, 0xE7, 0x00, 0xCC, 0x78, 0xFE, 0x00,
    0x47, 0x48, 0x0E, 0x00, 0x44, 0x74, 0x0E, 0x00, 0xEE, 0xEE, 0x00, 0x00, 0x00, 0x00, 0x00, 0x00,
};
static const u16 sSet6Frame0[] = {
    0x0006, 0x40D8, 0x81DF, 0x0000, 0x40F0, 0x81EF, 0x0008, 0x4000, 0x41EF, 0x0010, 0x80D0, 0x41FF,
    0x0014, 0x40D0, 0x01EF, 0x0018, 0x40E8, 0x01EF, 0x001A, 0x0000,
};
static const u16 sSet6Frame1[] = {
    0x000B, 0x40DE, 0x81FA, 0x001C, 0x00E6, 0x41E2, 0x0024, 0x00EE, 0x41F2, 0x0028, 0x40C6, 0x000A,
    0x002C, 0x40D6, 0x0002, 0x002E, 0x40EE, 0x0002, 0x0030, 0x40FE, 0x01F2, 0x0032, 0x80F6, 0x0002,
    0x0034, 0x00CE, 0x000A, 0x0036, 0x00E6, 0x01F2, 0x0037, 0x00EE, 0x0012, 0x0038, 0x0000,
};
static const u16 sSet6Frame2[] = {
    0x0003, 0x00DC, 0x81F0, 0x0039, 0x40D4, 0x41F8, 0x0049, 0x40FC, 0x0000, 0x004D, 0x0000,
};
static const void* const sSet6Frames[] = { sSet6Frame0, sSet6Frame1, sSet6Frame2 };

static const u16 sBattleAnim27[] = {
    0x0040, 0x0040, 0x0007, 0x0000, 0x0004, 0x0000, 0x0003, 0x0000, 0x0003, 0x0001, 0x0003, 0x0001,
    0x0004, 0x0001, 0x0005, 0x0002, 0x0006,
};
static const u16 sBattleAnim28[] = {
    0x0040, 0x0040, 0x0007, 0x0000, 0x0005, 0x0000, 0x0004, 0x0000, 0x0003, 0x0001, 0x0004, 0x0001,
    0x0004, 0x0001, 0x0006, 0x0002, 0x0006,
};
static const u16 sBattleAnim29[] = {
    0x0040, 0x0040, 0x0007, 0x0000, 0x0006, 0x0000, 0x0005, 0x0000, 0x0004, 0x0001, 0x0004, 0x0001,
    0x0005, 0x0001, 0x0006, 0x0002, 0x0006,
};
static const u16 sBattleAnim30[] = {
    0x0040, 0x0040, 0x0007, 0x0000, 0x0007, 0x0000, 0x0006, 0x0000, 0x0005, 0x0001, 0x0004, 0x0001,
    0x0006, 0x0001, 0x0006, 0x0002, 0x0006,
};
static const u16 sBattleAnim31[] = {
    0x0040, 0x0040, 0x0007, 0x0000, 0x0007, 0x0000, 0x0007, 0x0000, 0x0006, 0x0001, 0x0005, 0x0001,
    0x0006, 0x0001, 0x0006, 0x0002, 0x0006,
};
static const u8 sTiles7[] __attribute__((aligned(4))) = {
    0x00, 0x00, 0x00, 0x00, 0x00, 0x00, 0x00, 0x00, 0x00, 0x00, 0x00, 0x00, 0x00, 0x00, 0x00, 0x00,
    0x00, 0x00, 0x00, 0x00, 0x00, 0x00, 0x00, 0x00, 0x00, 0x00, 0x00, 0x00, 0x00, 0xB0, 0x0B, 0x00,
    0x00, 0x00, 0x00, 0x00, 0x00, 0x00, 0x00, 0x00, 0x00, 0x00, 0x00, 0x00, 0x00, 0x00, 0x00, 0x00,
    0x00, 0x00, 0x00, 0x00, 0x00, 0x00, 0x00, 0xD0, 0x00, 0x00, 0xD0, 0x7D, 0x00, 0x00, 0x7D, 0x11,
    0x00, 0x00, 0x00, 0xD0, 0x00, 0x00, 0x00, 0x7D, 0x00, 0x00, 0xDD, 0x14, 0x00, 0xDD, 0x17, 0x71,
    0xD0, 0x17, 0x41, 0x47, 0x4D, 0x41, 0x77, 0x14, 0x11, 0x77, 0x44, 0x11, 0x74, 0xD0, 0x17, 0x7D,
    0x0D, 0x00, 0x00, 0x00, 0xDD, 0x00, 0x00, 0x00, 0xD4, 0x00, 0x00, 0x00, 0x47, 0x0D, 0x00, 0x00,
    0x14, 0x0D, 0x00, 0x00, 0x1D, 0xD4, 0x00, 0x00, 0xD7, 0xD1, 0x00, 0x00, 0xD4, 0xDD, 0x00, 0x00,
    0xB0, 0x6B, 0xB6, 0x0A, 0x2B, 0x52, 0x52, 0xAB, 0x52, 0xB6, 0x25, 0xB6, 0xB6, 0xBB, 0xBB, 0xFB,
    0xBB, 0xB6, 0x6B, 0xD2, 0x3B, 0xBA, 0x2B, 0xA5, 0x3F, 0xA6, 0xBB, 0x6B, 0xA6, 0x36, 0xAA, 0x2B,
    0x00, 0xDD, 0x14, 0x74, 0xD0, 0x17, 0x71, 0x07, 0x4D, 0x41, 0x07, 0x00, 0x4F, 0x77, 0x0A, 0x0A,
    0xDF, 0x36, 0xA2, 0xA3, 0x6E, 0x62, 0x66, 0x62, 0xAA, 0x23, 0x33, 0xA6, 0x65, 0x3A, 0x3A, 0x33,
    0x07, 0x00, 0x4D, 0xD1, 0x00, 0x00, 0xD0, 0xD4, 0x00, 0x00, 0x00, 0x0D, 0x00, 0x00, 0x00, 0x00,
    0x00, 0x00, 0x00, 0x00, 0x00, 0x00, 0x00, 0x00, 0x0A, 0x00, 0x00, 0x00, 0xA6, 0x00, 0x00, 0x00,
    0x0D, 0x00, 0x00, 0x00, 0x00, 0x00, 0x00, 0x00, 0x00, 0x00, 0x00, 0x00, 0x00, 0x00, 0x00, 0x00,
    0x00, 0x00, 0x00, 0x00, 0x00, 0x00, 0x00, 0x00, 0x00, 0x00, 0x00, 0x00, 0x00, 0x00, 0x00, 0x00,
    0x00, 0x00, 0x00, 0xFB, 0x00, 0x00, 0x00, 0xFF, 0x00, 0x00, 0x40, 0xF7, 0x00, 0x70, 0x77, 0x00,
    0x00, 0x74, 0x00, 0xB0, 0x00, 0x07, 0x00, 0x3B, 0x00, 0x07, 0x00, 0x66, 0x00, 0x04, 0x00, 0x6F,
    0x63, 0x22, 0xF3, 0x5B, 0x3F, 0x63, 0xFF, 0x2B, 0xF7, 0xCF, 0xFF, 0xA5, 0xFF, 0x7E, 0xFC, 0xAB,
    0xAF, 0xE7, 0xF4, 0x6F, 0xFF, 0xAF, 0xAF, 0xA4, 0xFB, 0x36, 0xFA, 0xFF, 0xB3, 0x2A, 0xF3, 0x5E,
    0x00, 0x77, 0x00, 0xBE, 0x4D, 0x7D, 0x0D, 0xF0, 0xD0, 0x17, 0xD4, 0x00, 0x00, 0xDD, 0x0D, 0x00,
    0x00, 0x00, 0x00, 0x00, 0x00, 0x00, 0x00, 0x00, 0x00, 0x00, 0x00, 0x00, 0x00, 0x00, 0x00, 0x00,
    0xB6, 0x6B, 0xF3, 0x84, 0x6F, 0xBB, 0xFB, 0x28, 0xB0, 0xB6, 0xEF, 0x28, 0x00, 0xBB, 0x9F, 0x5E,
    0x00, 0x00, 0xF0, 0x9F, 0x00, 0x00, 0xE0, 0xF4, 0x00, 0x00, 0xF0, 0xE1, 0xFF, 0x00, 0x1F, 0xE9,
    0x00, 0x00, 0x00, 0x8E, 0x00, 0x00, 0x00, 0x99, 0x00, 0x00, 0x90, 0x48, 0x00, 0x00, 0x80, 0x24,
    0x00, 0x00, 0x90, 0x48, 0x00, 0x00, 0xC0, 0x4C, 0x00, 0x00, 0x90, 0x88, 0x00, 0x00, 0xE0, 0x48,
    0x44, 0xFF, 0xEF, 0x5E, 0x44, 0x84, 0xEF, 0x22, 0x22, 0x84, 0xF8, 0x19, 0x22, 0x42, 0x58, 0xFE,
    0x22, 0x84, 0xCF, 0xEE, 0x22, 0x92, 0xDE, 0x49, 0x24, 0x82, 0xE9, 0x8C, 0x44, 0x82, 0xC9, 0x44,
    0x00, 0x00, 0xC0, 0x88, 0x00, 0x00, 0xE0, 0x24, 0x00, 0xF0, 0xCC, 0x9E, 0xE0, 0xCC, 0x66, 0xE6,
    0xE0, 0x64, 0xCC, 0xAE, 0xE0, 0x47, 0xC8, 0xEC, 0x00, 0x7E, 0x84, 0xEC, 0x00, 0x7E, 0x47, 0x88,
    0x24, 0x28, 0xF4, 0x88, 0x82, 0x28, 0xE8, 0x48, 0xE4, 0xC9, 0xC8, 0x88, 0xDC, 0xE8, 0x4E, 0x8E,
    0xEC, 0xED, 0x7E, 0xEF, 0x88, 0xEC, 0x84, 0xEF, 0x47, 0x74, 0xF7, 0xC0, 0xE8, 0xCE, 0x0C, 0xC0,
    0x00, 0xE0, 0x8E, 0xE7, 0x00, 0x00, 0xE0, 0x0E, 0x00, 0x00, 0x00, 0x00, 0x00, 0x00, 0x00, 0x00,
    0x00, 0x00, 0x00, 0x00, 0x00, 0x00, 0x00, 0x00, 0x00, 0x00, 0x00, 0x00, 0x00, 0x00, 0x00, 0x00,
    0xEE, 0x00, 0xC0, 0x9C, 0x00, 0xE0, 0xAE, 0xCC, 0x00, 0xEF, 0x64, 0x66, 0x00, 0xEF, 0x47, 0xC8,
    0x00, 0xF0, 0xEF, 0x77, 0x00, 0x00, 0x00, 0xEE, 0x00, 0x00, 0x00, 0x00, 0x00, 0x00, 0x00, 0x00,
    0x88, 0x22, 0xC4, 0x8C, 0xE6, 0x8C, 0x98, 0xCE, 0xAE, 0xEC, 0xEC, 0xCC, 0xEC, 0x8E, 0x48, 0xC7,
    0x74, 0x84, 0xEE, 0xFC, 0xEE, 0xEE, 0x00, 0x00, 0x00, 0x00, 0x00, 0x00, 0x00, 0x00, 0x00, 0x00,
    0x0F, 0x00, 0x00, 0x00, 0x0F, 0x00, 0x00, 0x00, 0x0F, 0x00, 0x00, 0x00, 0x0F, 0x00, 0x00, 0x00,
    0x00, 0x00, 0x00, 0x00, 0x00, 0x00, 0x00, 0x00, 0x00, 0x00, 0x00, 0x00, 0x00, 0x00, 0x00, 0x00,
    0x22, 0x62, 0x32, 0x3A, 0x3A, 0x36, 0xA6, 0x63, 0xA6, 0x32, 0x33, 0x62, 0x6A, 0xA2, 0xA2, 0x23,
    0x36, 0x6A, 0x63, 0x6A, 0xB3, 0x4F, 0xAA, 0xA3, 0x2F, 0x14, 0xA3, 0x62, 0xE4, 0x22, 0x3A, 0x6A,
    0x52, 0xFE, 0xAF, 0xA6, 0x21, 0x44, 0xF5, 0x0A, 0x11, 0xF8, 0xE2, 0xEF, 0x41, 0xF8, 0x88, 0xF4,
    0x82, 0xEF, 0x15, 0xF8, 0xEE, 0x45, 0x12, 0xF2, 0x1E, 0x49, 0x29, 0xFE, 0x18, 0x54, 0x51, 0x0F,
    0x5E, 0x14, 0xD1, 0x0F, 0x28, 0x22, 0x42, 0xF5, 0x51, 0x19, 0x14, 0x52, 0x59, 0x92, 0x22, 0x89,
    0xEF, 0x88, 0x95, 0x81, 0x41, 0xEE, 0x85, 0xF5, 0x11, 0x88, 0xEE, 0xF5, 0x11, 0x41, 0x0E, 0x0E,
    0x14, 0x41, 0x0C, 0x00, 0x44, 0x14, 0x08, 0x00, 0x44, 0x11, 0xE8, 0x00, 0x44, 0x44, 0xE4, 0x00,
    0x48, 0x44, 0xE4, 0x0C, 0x88, 0x44, 0x88, 0x0C, 0x18, 0x11, 0x81, 0x09, 0x89, 0x28, 0x42, 0xEC,
    0x00, 0x00, 0x00, 0x00, 0x00, 0x00, 0x00, 0xB0, 0x00, 0x00, 0xB0, 0x26, 0x00, 0x00, 0xB0, 0x52,
    0x00, 0x00, 0x60, 0x65, 0x00, 0x00, 0xB0, 0xB6, 0x00, 0x00, 0x00, 0xBB, 0x00, 0x00, 0x00, 0xFB,
    0x32, 0x0A, 0x00, 0x00, 0x33, 0x0A, 0x00, 0x00, 0xA6, 0x0A, 0x00, 0x00, 0x36, 0x0A, 0x00, 0x00,
    0x6A, 0xA6, 0x00, 0x00, 0xAA, 0x00, 0x00, 0x00, 0xA3, 0x00, 0x00, 0x00, 0x6A, 0x0A, 0x00, 0x00,
    0x00, 0x00, 0x00, 0x00, 0x00, 0x00, 0x00, 0x00, 0x0F, 0x00, 0x00, 0x00, 0x0F, 0x00, 0x00, 0x00,
    0x0F, 0x00, 0x00, 0x00, 0x00, 0x00, 0x00, 0x00, 0x00, 0x00, 0x00, 0x00, 0x00, 0x00, 0x00, 0x00,
    0x00, 0x00, 0x00, 0x00, 0x00, 0x00, 0x00, 0x00, 0x60, 0xBB, 0x0B, 0x00, 0x25, 0x22, 0x62, 0xB6,
    0x52, 0x66, 0xB5, 0xFF, 0xBB, 0xFB, 0xAF, 0xFF, 0xB6, 0x3F, 0x26, 0xA3, 0xB2, 0x23, 0x6A, 0xF2,
    0x00, 0x3B, 0x32, 0xE6, 0x00, 0xB0, 0x66, 0xEE, 0x00, 0x00, 0xBB, 0x9E, 0x0B, 0xE0, 0xCE, 0x24,
    0xBF, 0xF0, 0x2C, 0x11, 0xC4, 0x36, 0xEF, 0xC2, 0x7E, 0x2C, 0xE6, 0x2E, 0xE7, 0xBB, 0x2F, 0xFF,
    0x6A, 0x4E, 0x24, 0x0E, 0xAA, 0x2F, 0x12, 0xF4, 0x44, 0x82, 0x2E, 0xF9, 0x11, 0xE2, 0x4E, 0xF2,
    0x48, 0xE4, 0x14, 0x24, 0x41, 0x4E, 0x15, 0x41, 0xEC, 0x4E, 0x21, 0x52, 0x7F, 0x5E, 0x42, 0x24,
    0x00, 0x00, 0x00, 0x00, 0x00, 0x00, 0x00, 0x00, 0x00, 0x00, 0x00, 0x00, 0x00, 0x00, 0x00, 0x00,
    0x0F, 0x00, 0x00, 0x00, 0xF9, 0x00, 0x00, 0x00, 0x81, 0xFF, 0x00, 0x00, 0x44, 0xC2, 0x00, 0x00,
    0xB6, 0x33, 0xA6, 0x63, 0xBB, 0x62, 0x63, 0xC6, 0xBB, 0x3B, 0xF6, 0xFB, 0xB2, 0x6B, 0xBB, 0xB5,
    0x25, 0xB2, 0x6B, 0x62, 0xBB, 0x25, 0x72, 0xB7, 0x00, 0xBB, 0x55, 0xFB, 0x00, 0x00, 0xBB, 0x00,
    0x4C, 0xFF, 0x33, 0xF6, 0xE7, 0xFB, 0xBB, 0xDF, 0x7E, 0x0F, 0xF0, 0xF5, 0xEB, 0x00, 0xEC, 0xFE,
    0x0F, 0xCE, 0xF8, 0xDF, 0xEB, 0x4E, 0x22, 0x22, 0xEE, 0x29, 0x42, 0x22, 0xFF, 0x44, 0x22, 0x22,
    0xCF, 0x54, 0x44, 0x11, 0x5F, 0x51, 0x81, 0xF5, 0x85, 0x11, 0x54, 0xEF, 0x15, 0x55, 0xF8, 0xCE,
    0xFC, 0xEE, 0x8E, 0xDF, 0xE4, 0x9C, 0x98, 0xEC, 0x82, 0xFE, 0xC9, 0xC5, 0x22, 0xE2, 0xD8, 0xDC,
    0x82, 0x8E, 0x0C, 0x00, 0xE9, 0xEF, 0x00, 0x00, 0xEE, 0x00, 0x00, 0x00, 0xE8, 0x0E, 0x00, 0x00,
    0x9C, 0x0E, 0x00, 0x00, 0x8E, 0xCD, 0x00, 0x00, 0xD9, 0xCC, 0x00, 0x00, 0x9C, 0x8C, 0x0E, 0x00,
    0x00, 0x00, 0x00, 0xF0, 0x00, 0x00, 0x00, 0xCF, 0x00, 0x00, 0x00, 0x4C, 0x00, 0x00, 0x00, 0x9F,
    0x00, 0x00, 0x00, 0xE0, 0x00, 0x00, 0x00, 0xE0, 0x00, 0x00, 0x00, 0xE0, 0x00, 0x00, 0x00, 0xE0,
    0x48, 0x22, 0x22, 0x22, 0x14, 0x22, 0x22, 0x22, 0x11, 0x22, 0x22, 0x82, 0x41, 0x41, 0x84, 0xEC,
    0x48, 0x14, 0x41, 0xE8, 0x48, 0x44, 0x44, 0xE4, 0x98, 0x44, 0x44, 0xE8, 0x88, 0x48, 0x84, 0x81,
    0xE2, 0xEF, 0x9C, 0x9C, 0xE7, 0x00, 0xDE, 0xCD, 0x0E, 0x00, 0x8E, 0x4C, 0x00, 0x00, 0xC0, 0x8F,
    0x00, 0x00, 0xE0, 0x4E, 0x00, 0x00, 0x00, 0x8E, 0x0C, 0x00, 0x00, 0x8E, 0xFC, 0x00, 0x00, 0xC0,
    0xCC, 0x48, 0x0E, 0x00, 0x88, 0x74, 0xE8, 0x0E, 0x44, 0x11, 0x84, 0x0E, 0x74, 0x11, 0x84, 0xE8,
    0x94, 0x41, 0x44, 0x89, 0x14, 0x11, 0x41, 0x81, 0x48, 0x11, 0x41, 0x44, 0x88, 0x14, 0x41, 0x41,
    0x00, 0x00, 0x00, 0xCF, 0x00, 0x00, 0xE0, 0xCC, 0x00, 0x00, 0xE0, 0x64, 0x00, 0x00, 0xE0, 0x47,
    0x00, 0x00, 0x00, 0x7E, 0x00, 0x00, 0x00, 0x7E, 0x00, 0x00, 0x00, 0xE0, 0x00, 0x00, 0x00, 0x00,
    0x48, 0x11, 0x11, 0x84, 0x9C, 0x88, 0x22, 0xC4, 0xFC, 0xCE, 0x89, 0xE9, 0xC8, 0xEC, 0x88, 0xEC,
    0x84, 0xEC, 0x47, 0x74, 0x47, 0x88, 0xE8, 0xCE, 0x8E, 0xE7, 0xEE, 0x0F, 0xEF, 0x0E, 0x00, 0x00,
    0xF9, 0x00, 0x00, 0x00, 0x4C, 0x0F, 0x00, 0x00, 0x7E, 0x0F, 0x00, 0x00, 0x84, 0x0F, 0x00, 0x00,
    0xF7, 0x00, 0x00, 0x00, 0x0C, 0x00, 0x00, 0x00, 0x00, 0x00, 0x00, 0x00, 0x00, 0x00, 0x00, 0x00,
    0xFE, 0x4C, 0x84, 0x14, 0x00, 0xCF, 0xEC, 0x14, 0x00, 0x00, 0xEF, 0x48, 0x00, 0x00, 0x00, 0x8C,
    0x00, 0x00, 0x00, 0xE0, 0x00, 0x00, 0x00, 0xF0, 0x00, 0x00, 0x00, 0x00, 0x00, 0x00, 0x00, 0xE0,
    0x00, 0x00, 0x00, 0x00, 0x00, 0x00, 0x00, 0x00, 0x00, 0x00, 0x00, 0x00, 0x00, 0x00, 0x00, 0x00,
    0x00, 0x00, 0x00, 0x00, 0x00, 0x00, 0xA0, 0x66, 0x00, 0x00, 0x00, 0x2A, 0x00, 0x00, 0x00, 0xAE,
    0x00, 0x00, 0x0A, 0x00, 0x00, 0x00, 0xA6, 0xA0, 0x00, 0x00, 0x26, 0x3A, 0x3A, 0xA6, 0xAA, 0x23,
    0xAE, 0x32, 0x66, 0xA2, 0x66, 0xA6, 0x23, 0x23, 0x23, 0x32, 0x3A, 0x6A, 0x32, 0x22, 0x36, 0xA2,
    0x00, 0x00, 0x00, 0xEE, 0x00, 0x00, 0x00, 0xAE, 0x00, 0x00, 0xA0, 0x3A, 0x00, 0x00, 0x00, 0xA0,
    0x00, 0x00, 0x00, 0x60, 0x00, 0x00, 0x00, 0x00, 0x00, 0x00, 0x00, 0x00, 0x00, 0x00, 0x00, 0x00,
    0x6A, 0x33, 0x3A, 0x6A, 0x26, 0xA6, 0x62, 0x22, 0xA2, 0x62, 0x23, 0x33, 0x36, 0x36, 0x32, 0x6A,
    0x66, 0x6A, 0x6A, 0xA2, 0xAA, 0x3A, 0x36, 0x6A, 0xB0, 0xA2, 0x4F, 0xA6, 0xB0, 0x23, 0x1F, 0xA3,
    0x00, 0x00, 0x00, 0x00, 0x00, 0x00, 0x00, 0x00, 0x00, 0xD0, 0x0D, 0x00, 0x00, 0x7D, 0xD1, 0x0D,
    0x00, 0x1D, 0xD7, 0xD4, 0xD0, 0x14, 0x14, 0xD4, 0xD0, 0x77, 0x14, 0x41, 0x4D, 0x41, 0x77, 0x47,
    0x00, 0x00, 0x00, 0x00, 0x00, 0x00, 0x00, 0x00, 0x00, 0x00, 0x00, 0x00, 0x00, 0x00, 0x00, 0x00,
    0xDD, 0x00, 0x00, 0x00, 0xD1, 0x00, 0x00, 0x00, 0xD1, 0x00, 0x00, 0x00, 0xD4, 0x00, 0x00, 0x00,
    0x7D, 0x14, 0x11, 0x74, 0xD0, 0xDD, 0x47, 0x11, 0x00, 0x00, 0xDD, 0x7D, 0x00, 0x00, 0x00, 0xD0,
    0x00, 0x00, 0x00, 0x00, 0x00, 0x00, 0x00, 0x00, 0x00, 0x00, 0x00, 0x00, 0x00, 0x00, 0x00, 0x00,
    0xD7, 0x00, 0x00, 0x00, 0x41, 0x77, 0x07, 0x00, 0x14, 0x11, 0x74, 0x77, 0xDD, 0x47, 0x11, 0x41,
    0x00, 0xDD, 0x7D, 0x14, 0x00, 0x00, 0xD0, 0xDD, 0x00, 0x00, 0x00, 0x00, 0x00, 0x00, 0x00, 0x00,
    0x44, 0x44, 0x84, 0x09, 0x44, 0x14, 0x41, 0xB9, 0x44, 0x18, 0x11, 0xBF, 0x84, 0x11, 0x41, 0xFF,
    0xEE, 0x48, 0x84, 0xFF, 0xCE, 0x8C, 0xA9, 0x8E, 0xCC, 0x9F, 0xEA, 0x4E, 0xC8, 0xF6, 0x78, 0x74,
    0x00, 0x00, 0x00, 0x00, 0x00, 0x00, 0x00, 0x00, 0x00, 0x00, 0x00, 0x00, 0x00, 0x00, 0x00, 0x00,
    0x00, 0x00, 0x00, 0x00, 0x0E, 0x00, 0x00, 0x00, 0x0E, 0x00, 0x00, 0x00, 0x0E, 0x00, 0x00, 0x00,
    0x00, 0x00, 0x00, 0xE0, 0x00, 0x00, 0x00, 0xE0, 0x00, 0x00, 0x00, 0xF0, 0x00, 0x00, 0x00, 0x00,
    0x00, 0x00, 0x00, 0x00, 0x00, 0x00, 0x00, 0x00, 0x00, 0x00, 0x00, 0x00, 0x00, 0x00, 0x00, 0x00,
    0x74, 0xC6, 0x8C, 0xE7, 0x47, 0x74, 0x84, 0xE4, 0x7F, 0x48, 0x44, 0xE7, 0xFF, 0xFF, 0xEF, 0x0E,
    0x00, 0x00, 0x00, 0x00, 0x00, 0x00, 0x00, 0x00, 0x00, 0x00, 0x00, 0x00, 0x00, 0x00, 0x00, 0x00,
    0x0A, 0x00, 0x00, 0x00, 0x0A, 0x00, 0x00, 0x00, 0xA6, 0x00, 0x00, 0x00, 0x23, 0x63, 0x00, 0x00,
    0x66, 0xA6, 0xAE, 0x00, 0x2A, 0x33, 0xA6, 0x00, 0x33, 0x3A, 0x32, 0x0A, 0x26, 0x62, 0x23, 0x0A,
    0x33, 0x62, 0xA6, 0x0A, 0x26, 0x23, 0x36, 0x0A, 0xA3, 0x6A, 0x6A, 0x06, 0x32, 0xA2, 0xAA, 0x00,
    0xA2, 0x62, 0xA3, 0x00, 0x63, 0x6A, 0x6A, 0x00, 0xA6, 0xA6, 0xEA, 0x00, 0xA3, 0xEA, 0xFF, 0x0E,
    0x00, 0x00, 0x00, 0x00, 0x00, 0x00, 0x00, 0x00, 0x00, 0x00, 0x00, 0x00, 0x77, 0x07, 0x00, 0x00,
    0x11, 0x74, 0x77, 0xB0, 0x47, 0x11, 0xF4, 0xBD, 0xDD, 0x7D, 0xFF, 0x1B, 0x00, 0xD0, 0xBD, 0x25,
    0x00, 0x00, 0xB0, 0xBB, 0x00, 0x00, 0xB0, 0x26, 0x00, 0x00, 0xB0, 0x25, 0x00, 0x00, 0xB0, 0x25,
    0x00, 0x00, 0x00, 0xBB, 0x00, 0x00, 0x00, 0x00, 0x00, 0x00, 0x00, 0x00, 0x00, 0x00, 0x00, 0x00,
    0x00, 0x00, 0x00, 0x00, 0x00, 0x00, 0x00, 0x00, 0x00, 0x00, 0x00, 0x00, 0x00, 0x00, 0x00, 0x00,
    0xEE, 0xFE, 0x00, 0x00, 0x88, 0xC8, 0xEF, 0x00, 0x94, 0x88, 0xF9, 0x00, 0x44, 0x44, 0x78, 0x0F,
    0x00, 0xAE, 0xA6, 0x23, 0x00, 0xE0, 0x2A, 0x6A, 0x00, 0xA0, 0x66, 0x6A, 0x00, 0x00, 0xE0, 0x3A,
    0x00, 0x00, 0x6E, 0x26, 0x00, 0x00, 0xAE, 0xA3, 0x00, 0x00, 0xE0, 0xEA, 0x00, 0x00, 0x00, 0xE0,
    0xA3, 0xA2, 0x32, 0x2A, 0x32, 0x33, 0x26, 0x63, 0xA3, 0xA6, 0x32, 0x22, 0x3A, 0x32, 0x6A, 0xA3,
    0x26, 0x32, 0x26, 0x36, 0x26, 0x63, 0xA2, 0xA3, 0x36, 0xA2, 0x26, 0xA6, 0x26, 0x3A, 0x3A, 0xEA,
    0x33, 0xEA, 0x0F, 0x00, 0x62, 0x9A, 0xFE, 0x00, 0x26, 0xFA, 0x84, 0x0F, 0xA3, 0xFA, 0x51, 0x0F,
    0xA6, 0xFE, 0x21, 0xF4, 0xAA, 0x8F, 0x18, 0xF1, 0xEE, 0x8F, 0x15, 0x42, 0xEE, 0x2E, 0x49, 0xE2,
    0x00, 0x00, 0x00, 0x00, 0x00, 0x00, 0x00, 0x00, 0x00, 0x00, 0x00, 0x00, 0x00, 0x00, 0x00, 0x00,
    0x00, 0x00, 0x00, 0x00, 0x00, 0x00, 0x00, 0x00, 0xFF, 0x00, 0x00, 0x00, 0x52, 0x0F, 0x00, 0x00,
    0x00, 0x00, 0x00, 0x00, 0x00, 0x00, 0x00, 0x00, 0x07, 0x00, 0x00, 0x00, 0x71, 0x07, 0x00, 0xB0,
    0x14, 0x71, 0x0D, 0x6B, 0x7D, 0x44, 0xDF, 0x5B, 0xD0, 0xFD, 0x2F, 0xB2, 0x00, 0xD0, 0x6B, 0xB5,
    0xA6, 0xEE, 0xAB, 0xED, 0x0A, 0x2F, 0xA8, 0xEE, 0x00, 0x5E, 0x42, 0xF9, 0x66, 0xEB, 0xEE, 0xEB,
    0x22, 0x62, 0xBB, 0xB3, 0x7B, 0xBF, 0x7F, 0x6B, 0x13, 0x74, 0x1B, 0x34, 0x7B, 0x1F, 0x4F, 0x71,
    0xFD, 0x44, 0x81, 0x5F, 0x9F, 0x28, 0xF1, 0x98, 0x9E, 0x11, 0xF5, 0x19, 0x89, 0x42, 0xF4, 0x28,
    0xEE, 0x85, 0x9F, 0x25, 0x32, 0xFF, 0x5E, 0x41, 0x63, 0x8F, 0x21, 0xF1, 0xBB, 0x58, 0x82, 0x4F,
    0x21, 0x0F, 0x00, 0x00, 0x24, 0x0F, 0x00, 0x00, 0xF4, 0x00, 0x00, 0x00, 0xF5, 0x00, 0x00, 0x00,
    0x0F, 0x00, 0x00, 0x00, 0x0F, 0x00, 0x00, 0x00, 0x0E, 0x00, 0x00, 0x00, 0x0E, 0x00, 0x00, 0x00,
    0x00, 0x00, 0xBB, 0xBB, 0x00, 0xB0, 0x25, 0x6B, 0x00, 0xB0, 0x22, 0xBB, 0x00, 0xB0, 0x26, 0xB5,
    0x00, 0x00, 0xBB, 0x22, 0x00, 0x00, 0x00, 0x6B, 0x00, 0x00, 0x00, 0xB0, 0x00, 0x00, 0x00, 0x00,
    0x4F, 0x47, 0x27, 0x47, 0x14, 0x77, 0x74, 0xFF, 0x43, 0x41, 0xFF, 0xB2, 0x6B, 0xF7, 0xB3, 0x65,
    0xB6, 0xFB, 0xBB, 0xDB, 0x22, 0x56, 0x62, 0x7B, 0x5B, 0x22, 0xB5, 0x22, 0xBE, 0x52, 0x4B, 0x98,
    0xEF, 0xFF, 0xFE, 0x74, 0xFE, 0x4C, 0x44, 0x11, 0xFB, 0x8F, 0x74, 0x11, 0x00, 0x8E, 0x14, 0x11,
    0x0C, 0x8F, 0x14, 0x11, 0xC4, 0x80, 0x14, 0x11, 0x77, 0xC7, 0x44, 0x11, 0xFE, 0x74, 0x8C, 0x44,
    0x0E, 0x00, 0x00, 0x00, 0xE4, 0x00, 0x00, 0x00, 0xC4, 0x00, 0x00, 0x00, 0xC4, 0x00, 0x00, 0x00,
    0x81, 0x0F, 0x00, 0x00, 0x41, 0x0C, 0x00, 0x00, 0x41, 0x0C, 0x00, 0x00, 0x44, 0x81, 0x00, 0x00,
    0x00, 0x00, 0x00, 0xC0, 0x00, 0x00, 0xE0, 0x6C, 0x00, 0x00, 0x4E, 0xC6, 0x00, 0x00, 0x7E, 0x84,
    0x00, 0x00, 0xE0, 0x47, 0x00, 0x00, 0xF0, 0x7E, 0x00, 0x00, 0x00, 0xE0, 0x00, 0x00, 0x00, 0x00,
    0x6C, 0xEE, 0x88, 0xE9, 0xE6, 0xCA, 0xCE, 0xD7, 0xCC, 0xEC, 0x88, 0x4D, 0xCC, 0x8E, 0x47, 0xD7,
    0x88, 0x48, 0xE8, 0x0E, 0x47, 0xE7, 0x0E, 0x00, 0xEE, 0x0E, 0x00, 0x00, 0x00, 0x00, 0x00, 0x00,
    0xFC, 0x70, 0x8E, 0x44, 0xFD, 0x70, 0x8E, 0x44, 0xD1, 0x04, 0x8E, 0x44, 0x7D, 0x00, 0xE0, 0x88,
    0x00, 0x00, 0xC0, 0x48, 0x00, 0x00, 0xF0, 0x9C, 0x00, 0x00, 0x00, 0x8E, 0x00, 0x00, 0x00, 0xCE,
    0x11, 0x84, 0x0E, 0x00, 0x44, 0x44, 0x0E, 0x00, 0x44, 0x84, 0xCE, 0x00, 0x48, 0x84, 0x81, 0x0C,
    0x11, 0x11, 0x84, 0x09, 0x88, 0x22, 0xC4, 0x0E, 0xAE, 0x99, 0x89, 0x0E, 0xAA, 0xEA, 0x4E, 0x0E,
    0x00, 0xD0, 0x47, 0x0D, 0x00, 0x7D, 0x71, 0xDD, 0xD0, 0x47, 0xD1, 0x74, 0xD0, 0x47, 0x14, 0xD1,
    0x4D, 0x71, 0x47, 0x41, 0x7D, 0x14, 0x71, 0x47, 0xD0, 0x7D, 0x14, 0x71, 0x00, 0xD0, 0x7D, 0x14,
    0x00, 0x00, 0x00, 0x00, 0xD0, 0x00, 0x00, 0x00, 0x4D, 0x0D, 0x00, 0x00, 0x14, 0x0D, 0x00, 0x00,
    0x41, 0x0D, 0x00, 0x00, 0x74, 0x00, 0x00, 0x00, 0xD7, 0x00, 0x00, 0x00, 0x71, 0x0D, 0x00, 0x00,
    0x00, 0x00, 0xD0, 0x7D, 0x00, 0x00, 0x00, 0xD0, 0x00, 0x00, 0x00, 0x00, 0x00, 0x00, 0x00, 0x00,
    0x00, 0x00, 0x00, 0x00, 0x00, 0x00, 0x00, 0x00, 0x00, 0x00, 0x00, 0x00, 0x00, 0x00, 0x00, 0x00,
    0x14, 0x71, 0x07, 0x00, 0x7D, 0x14, 0x71, 0x07, 0xD0, 0x7D, 0x14, 0x71, 0x00, 0xD0, 0x7D, 0x14,
    0x00, 0x00, 0xD0, 0x7D, 0x00, 0x00, 0x00, 0xD0, 0x00, 0x00, 0x00, 0x00, 0x00, 0x00, 0x00, 0x00,
    0x00, 0x00, 0x00, 0x00, 0x00, 0x00, 0x00, 0xA0, 0x00, 0x00, 0x00, 0x00, 0x00, 0x00, 0x00, 0xA6,
    0x00, 0x00, 0x00, 0x63, 0x00, 0x00, 0xA0, 0x62, 0x00, 0xA0, 0x6A, 0x63, 0x00, 0x00, 0x3A, 0xA2,
    0xA0, 0xAA, 0x6A, 0x00, 0x3A, 0xA2, 0x63, 0xAA, 0x26, 0x63, 0xA6, 0x3A, 0x33, 0x66, 0x62, 0x6A,
    0xA3, 0x22, 0xA3, 0x22, 0x32, 0x32, 0xA2, 0x23, 0x3A, 0x36, 0x36, 0x62, 0x62, 0x6A, 0x32, 0xA6,
    0x00, 0x00, 0xE0, 0xCC, 0x00, 0x00, 0xE0, 0xC8, 0x00, 0x00, 0xE0, 0x74, 0x00, 0x00, 0xE0, 0x47,
    0x00, 0x00, 0x00, 0xEE, 0x00, 0x00, 0x00, 0x00, 0x00, 0x00, 0x00, 0x00, 0x00, 0x00, 0x00, 0x00,
    0xC6, 0x78, 0x74, 0x0E, 0xC6, 0x8C, 0xE7, 0x00, 0x76, 0x84, 0xE4, 0x00, 0x44, 0x44, 0xE7, 0x00,
    0xEE, 0xEE, 0xFE, 0x00, 0x00, 0x00, 0x00, 0x00, 0x00, 0x00, 0x00, 0x00, 0x00, 0x00, 0x00, 0x00,
    0x00, 0x00, 0x00, 0x00, 0x00, 0x00, 0x00, 0x00, 0x00, 0x00, 0x00, 0x00, 0x00, 0x00, 0x00, 0x00,
    0x00, 0x00, 0x00, 0x00, 0x00, 0x00, 0x00, 0x00, 0x00, 0x00, 0x00, 0x00, 0x00, 0x00, 0xDD, 0x00,
    0x00, 0x00, 0x00, 0x00, 0x06, 0x00, 0x00, 0x00, 0x0A, 0x00, 0x00, 0x00, 0xA6, 0x0E, 0x00, 0x00,
    0x6A, 0xEA, 0x00, 0x00, 0x36, 0xAA, 0x00, 0x00, 0x62, 0x66, 0x0A, 0x00, 0xA6, 0xA3, 0x00, 0x00,
};
static const u16 sSet7Frame0[] = {
    0x0007, 0x40CB, 0x81F7, 0x0000, 0x80DB, 0x81EF, 0x0008, 0x40FB, 0x41EF, 0x0010, 0x80DB, 0x41FF,
    0x0014, 0x00D3, 0x01EF, 0x0018, 0x00DB, 0x0007, 0x0019, 0x00EB, 0x0007, 0x001A, 0x0000,
};
static const u16 sSet7Frame1[] = {
    0x0008, 0x00DC, 0x81E3, 0x001B, 0x00CC, 0x41E3, 0x002B, 0x00D4, 0x41CB, 0x002F, 0x40F4, 0x0003,
    0x0033, 0x40FC, 0x01FB, 0x0035, 0x80CC, 0x01F3, 0x0037, 0x80DC, 0x01DB, 0x0039, 0x00EC, 0x0003,
    0x003B, 0x0000,
};
static const u16 sSet7Frame2[] = {
    0x0006, 0x00DB, 0x81EE, 0x003C, 0x00DB, 0x41DE, 0x004C, 0x40D3, 0x01EE, 0x0050, 0x40FB, 0x01FE,
    0x0052, 0x00D3, 0x01DE, 0x0054, 0x00D3, 0x01FE, 0x0055, 0x0000,
};
static const void* const sSet7Frames[] = { sSet7Frame0, sSet7Frame1, sSet7Frame2 };

static const u16 sBattleAnim32[] = {
    0x0040, 0x0040, 0x0008, 0x0000, 0x0002, 0x0000, 0x0004, 0x0000, 0x0003, 0x0000, 0x0005, 0x0001,
    0x0005, 0x0001, 0x0006, 0x0001, 0x0007, 0x0002, 0x0009,
};
static const u16 sBattleAnim33[] = {
    0x0040, 0x0040, 0x0008, 0x0000, 0x0003, 0x0000, 0x0005, 0x0000, 0x0003, 0x0000, 0x0006, 0x0001,
    0x0005, 0x0001, 0x0007, 0x0001, 0x0007, 0x0002, 0x0009,
};
static const u16 sBattleAnim34[] = {
    0x0040, 0x0040, 0x0008, 0x0000, 0x0004, 0x0000, 0x0006, 0x0000, 0x0004, 0x0000, 0x0006, 0x0001,
    0x0006, 0x0001, 0x0007, 0x0001, 0x0008, 0x0002, 0x0009,
};
static const u16 sBattleAnim35[] = {
    0x0040, 0x0040, 0x0008, 0x0000, 0x0005, 0x0000, 0x0007, 0x0000, 0x0005, 0x0000, 0x0007, 0x0001,
    0x0006, 0x0001, 0x0007, 0x0001, 0x0008, 0x0002, 0x0009,
};
static const u16 sBattleAnim36[] = {
    0x0040, 0x0040, 0x0008, 0x0000, 0x0006, 0x0000, 0x0007, 0x0000, 0x0006, 0x0000, 0x0007, 0x0001,
    0x0007, 0x0001, 0x0008, 0x0001, 0x0008, 0x0002, 0x0009,
};
static const u16 sBattleAnim37[] = {
    0x0040, 0x0040, 0x001D, 0x0000, 0x0006, 0x0000, 0x0005, 0x0000, 0x0005, 0x0000, 0x0006, 0x0000,
    0x0007, 0x0001, 0x0001, 0x0000, 0x0001, 0x0001, 0x0001, 0x0000, 0x0001, 0x0001, 0x0001, 0x0000,
    0x0001, 0x0001, 0x0001, 0x0000, 0x0001, 0x0001, 0x0001, 0x0000, 0x0001, 0x0001, 0x0001, 0x0000,
    0x0001, 0x0001, 0x0001, 0x0000, 0x0001, 0x0001, 0x0001, 0x0000, 0x0001, 0x0001, 0x0001, 0x0000,
    0x0001, 0x0001, 0x0001, 0x0000, 0x0001, 0x0001, 0x0001, 0x0000, 0x0008, 0x0001, 0x0008, 0x0002,
    0x0005,
};
static const u8 sTiles8[] __attribute__((aligned(4))) = {
    0xB0, 0x66, 0xEE, 0xAA, 0x00, 0xBB, 0x6B, 0xEB, 0x00, 0x00, 0xF0, 0xBF, 0x00, 0x00, 0x00, 0xFC,
    0x00, 0x00, 0x00, 0xB0, 0x0D, 0x00, 0x00, 0xFE, 0xD7, 0x00, 0xFB, 0xFE, 0xD4, 0x00, 0xEB, 0xF4,
    0x5E, 0x95, 0xE5, 0xEE, 0x12, 0x28, 0x82, 0xE9, 0x25, 0x11, 0x25, 0x12, 0x2E, 0x82, 0x98, 0x11,
    0x5F, 0xEE, 0x89, 0x92, 0x8F, 0x14, 0xEE, 0xFE, 0xEC, 0x29, 0x11, 0xF2, 0xC7, 0x12, 0x1E, 0x94,
    0xFF, 0x00, 0x00, 0x00, 0xBF, 0xBF, 0x00, 0x00, 0xAF, 0xF3, 0x00, 0x00, 0x3F, 0x6A, 0xFB, 0x00,
    0x3F, 0x62, 0xB6, 0x00, 0x6E, 0x23, 0x63, 0xFA, 0xF0, 0x3B, 0x33, 0xB2, 0x0F, 0xEB, 0xA6, 0x33,
    0x00, 0x00, 0x00, 0x00, 0x00, 0x00, 0x00, 0x00, 0x00, 0x00, 0x00, 0x00, 0x00, 0x00, 0x00, 0x00,
    0x00, 0x00, 0x00, 0x00, 0x00, 0xBB, 0x0B, 0x00, 0x25, 0x22, 0x65, 0x00, 0x5F, 0x25, 0xB5, 0x00,
    0xD1, 0xB0, 0x3A, 0x2F, 0x71, 0xAD, 0xF3, 0x4F, 0x77, 0xD7, 0xDD, 0xDD, 0x11, 0x11, 0x11, 0x11,
    0x44, 0x44, 0x44, 0x44, 0xDD, 0xDD, 0xDD, 0xDD, 0x48, 0x22, 0x22, 0x22, 0x88, 0x24, 0x22, 0x82,
    0xC4, 0x48, 0x44, 0x9E, 0xE7, 0x8E, 0x58, 0x44, 0xDD, 0xDD, 0xDD, 0xDD, 0x11, 0x11, 0x11, 0x41,
    0x44, 0x44, 0x44, 0x74, 0xDD, 0xDD, 0xDD, 0xDD, 0xE8, 0xDF, 0xCF, 0x7F, 0x0E, 0xFF, 0xFE, 0x44,
    0x0F, 0xFB, 0x3F, 0x2A, 0xFD, 0x26, 0xFF, 0x66, 0xBD, 0x6B, 0x3B, 0x23, 0xFF, 0x22, 0xF6, 0x36,
    0xFF, 0x65, 0xFB, 0x23, 0xBB, 0xBB, 0xBB, 0x6F, 0x44, 0x2B, 0xBB, 0xBB, 0x24, 0x2B, 0x52, 0xB6,
    0xBB, 0x6B, 0xB2, 0x00, 0x63, 0xBB, 0x52, 0x0B, 0x32, 0xBF, 0xB6, 0x00, 0x22, 0xB6, 0x21, 0x06,
    0xB3, 0xB3, 0x52, 0x0B, 0x63, 0xBB, 0xBB, 0x00, 0xBB, 0xBF, 0x62, 0x00, 0xBB, 0x6B, 0xB2, 0x00,
    0x8C, 0x22, 0x22, 0x42, 0xC0, 0x24, 0x24, 0x22, 0xC0, 0x48, 0x24, 0x22, 0x00, 0x8C, 0x44, 0x22,
    0x00, 0x8C, 0x44, 0x24, 0x00, 0x89, 0x88, 0x44, 0x00, 0xEE, 0x88, 0x42, 0xC0, 0x6C, 0xCE, 0x88,
    0xF8, 0xF0, 0x8F, 0x24, 0xE8, 0xF0, 0x8E, 0x24, 0x82, 0x00, 0x8E, 0x48, 0x22, 0x0C, 0xC0, 0x28,
    0x84, 0xC8, 0x00, 0xEE, 0x22, 0xC8, 0x00, 0x00, 0x98, 0xFE, 0x00, 0x00, 0xE9, 0xFC, 0x00, 0x00,
    0x24, 0xB2, 0x25, 0x22, 0x22, 0x22, 0x12, 0x6B, 0x22, 0x22, 0x22, 0x44, 0x22, 0x22, 0x22, 0x41,
    0xF9, 0x42, 0x81, 0x14, 0xFE, 0xC8, 0xE4, 0x14, 0x00, 0xFF, 0xEC, 0x48, 0x00, 0x00, 0xE0, 0x8C,
    0x52, 0x25, 0xE5, 0x00, 0x25, 0x22, 0xF5, 0x00, 0x94, 0x48, 0x78, 0x0F, 0x44, 0x44, 0x84, 0xE9,
    0x44, 0x14, 0x41, 0xB9, 0x44, 0x14, 0x11, 0xBF, 0x44, 0x18, 0x41, 0xFF, 0x84, 0x41, 0x84, 0xFF,
    0x6C, 0xE6, 0xCA, 0xCE, 0xC6, 0xCC, 0xEC, 0x88, 0x84, 0xCC, 0x8E, 0x47, 0x47, 0x88, 0x48, 0xE8,
    0x7E, 0x47, 0xE7, 0x0E, 0xE0, 0xEE, 0x0E, 0x00, 0x00, 0x00, 0x00, 0x00, 0x00, 0x00, 0x00, 0x00,
    0xCE, 0xFC, 0x00, 0x00, 0x74, 0xFC, 0x00, 0x00, 0xC7, 0x0F, 0x00, 0x00, 0x0E, 0x00, 0x00, 0x00,
    0x00, 0x00, 0x00, 0x00, 0x00, 0x00, 0x00, 0x00, 0x00, 0x00, 0x00, 0x00, 0x00, 0x00, 0x00, 0x00,
    0x00, 0x00, 0x00, 0xE0, 0x00, 0x00, 0x00, 0x00, 0x00, 0x00, 0x00, 0xE0, 0x00, 0x00, 0x00, 0xE0,
    0x00, 0x00, 0x00, 0xE0, 0x00, 0x00, 0x00, 0xE0, 0x00, 0x00, 0x00, 0x00, 0x00, 0x00, 0x00, 0x00,
    0xEE, 0x88, 0xA9, 0x8E, 0xCE, 0x9C, 0xEA, 0x4E, 0xCC, 0xC6, 0x78, 0x74, 0xC8, 0xC6, 0x8C, 0xE7,
    0x74, 0x76, 0x84, 0xE4, 0x47, 0x44, 0x44, 0xE7, 0xEE, 0xEE, 0xEE, 0xFE, 0x00, 0x00, 0x00, 0x00,
    0x00, 0x00, 0x00, 0x00, 0x00, 0x00, 0x00, 0x00, 0x00, 0x00, 0x00, 0x00, 0x00, 0x00, 0x00, 0xA0,
    0x00, 0x00, 0x00, 0xA3, 0x00, 0x00, 0x00, 0x26, 0x00, 0x00, 0x0A, 0x3A, 0x00, 0x00, 0x60, 0xA6,
    0xA0, 0x00, 0x00, 0x00, 0x60, 0x0A, 0xA0, 0x00, 0x26, 0x0A, 0xA6, 0x00, 0x26, 0xA2, 0x23, 0x0A,
    0x26, 0x63, 0x36, 0xA2, 0x26, 0x62, 0x62, 0x66, 0x36, 0xA2, 0x23, 0x33, 0xA3, 0x66, 0x3A, 0x3A,
    0x00, 0x00, 0xA0, 0x32, 0x00, 0x00, 0x00, 0x2A, 0x00, 0x00, 0xAA, 0xA3, 0x00, 0x00, 0x60, 0x66,
    0x00, 0x00, 0x00, 0xAA, 0x00, 0x00, 0x00, 0xB0, 0x00, 0x00, 0x00, 0xB0, 0x00, 0x00, 0x00, 0x00,
    0x66, 0x23, 0x62, 0x32, 0x63, 0x32, 0x36, 0xA6, 0x26, 0xA3, 0x32, 0x33, 0x6A, 0x6A, 0xA2, 0xA2,
    0x3A, 0x36, 0x6A, 0x63, 0xA2, 0x7F, 0xAA, 0xA6, 0x23, 0x1F, 0xA3, 0xA2, 0x3B, 0x32, 0xE6, 0x3A,
    0x00, 0x00, 0x00, 0x00, 0x00, 0x00, 0x00, 0x00, 0x00, 0x00, 0x00, 0x00, 0x0A, 0x00, 0x00, 0x00,
    0xA3, 0x00, 0x00, 0x00, 0x63, 0x00, 0x00, 0x00, 0xA6, 0x0A, 0x00, 0x00, 0x33, 0xA6, 0x00, 0x00,
    0x3A, 0x32, 0x0A, 0x00, 0x63, 0x33, 0x0A, 0x00, 0x63, 0xA6, 0x0A, 0x00, 0x23, 0x36, 0x0A, 0x00,
    0x6A, 0x6A, 0xA6, 0x00, 0xA3, 0xAA, 0x0E, 0x00, 0x63, 0xA3, 0xE9, 0x00, 0xFA, 0xFF, 0xAF, 0xEF,
    0x00, 0x00, 0x00, 0x00, 0x00, 0x00, 0x00, 0x00, 0x00, 0x00, 0x00, 0x00, 0x00, 0x00, 0x00, 0x00,
    0x00, 0x00, 0x00, 0x00, 0x00, 0xDD, 0x00, 0xD0, 0xD0, 0x47, 0xDD, 0x4D, 0xD0, 0x14, 0x4D, 0x1D,
    0xD0, 0x41, 0x17, 0x47, 0x70, 0x41, 0x11, 0x41, 0x7D, 0x47, 0x44, 0x77, 0x4D, 0x11, 0x11, 0x11,
    0x7D, 0x44, 0x44, 0x44, 0xD0, 0xDD, 0xDD, 0xDD, 0x00, 0x00, 0x00, 0x00, 0x00, 0x00, 0x00, 0x00,
    0x00, 0x00, 0x00, 0xE0, 0x00, 0x00, 0x00, 0x4E, 0x00, 0x00, 0x00, 0x7E, 0x00, 0x00, 0x00, 0xE0,
    0x00, 0x00, 0x00, 0xF0, 0x00, 0x00, 0x00, 0x00, 0x00, 0x00, 0x00, 0x00, 0x00, 0x00, 0x00, 0x00,
    0x0E, 0x00, 0x00, 0x00, 0x0E, 0x00, 0x00, 0x00, 0x0E, 0x00, 0x00, 0x00, 0x00, 0x00, 0x00, 0x00,
    0x00, 0x00, 0x00, 0x00, 0x00, 0x00, 0x00, 0x00, 0x00, 0x00, 0x00, 0x00, 0x00, 0x00, 0x00, 0x00,
    0x00, 0x6B, 0xE6, 0xAE, 0x00, 0xB0, 0xBB, 0xB6, 0x00, 0x00, 0x00, 0xFF, 0x00, 0x00, 0x00, 0xC0,
    0x00, 0x00, 0x00, 0x00, 0x00, 0x00, 0x00, 0x00, 0x00, 0x00, 0x00, 0x00, 0x00, 0x00, 0x00, 0xF0,
    0xEA, 0x55, 0x59, 0xEE, 0x2E, 0x81, 0x22, 0x98, 0x5B, 0x12, 0x51, 0x22, 0xEF, 0x22, 0x88, 0x19,
    0xF0, 0xE5, 0x9E, 0x28, 0xFF, 0x48, 0xE1, 0xEE, 0xCF, 0x9E, 0x12, 0x21, 0x7F, 0x2C, 0xE1, 0x41,
    0xFE, 0xFF, 0xBF, 0x00, 0xFE, 0xFB, 0xFB, 0x0B, 0xF1, 0x3A, 0x6F, 0x0B, 0xF1, 0xA3, 0xB6, 0x0F,
    0xF9, 0x23, 0x66, 0x0B, 0xEF, 0x36, 0x32, 0xA6, 0x0F, 0xBF, 0x33, 0x23, 0xF9, 0xF0, 0x6E, 0x3A,
    0x00, 0x00, 0x00, 0x00, 0x00, 0x00, 0x00, 0x00, 0x00, 0x00, 0x00, 0x00, 0x00, 0xB0, 0x00, 0x00,
    0xB0, 0x5B, 0x06, 0x00, 0x2F, 0x22, 0xB5, 0x00, 0x5B, 0x65, 0xB2, 0x0B, 0xF3, 0xBB, 0x52, 0x0B,
    0x00, 0x00, 0x00, 0xF0, 0x00, 0x00, 0x00, 0xFC, 0x00, 0x00, 0xF0, 0xEF, 0x00, 0x00, 0x8F, 0x14,
    0x00, 0xF0, 0x4C, 0x11, 0x00, 0xC0, 0x14, 0x11, 0x00, 0x00, 0x4C, 0x11, 0x0D, 0x00, 0x9F, 0x41,
    0x42, 0x8C, 0x44, 0xE4, 0x74, 0xEE, 0x88, 0x45, 0x8E, 0x98, 0x48, 0x24, 0xE1, 0x4E, 0x14, 0x88,
    0x11, 0xFE, 0xFF, 0xEF, 0x84, 0x99, 0xDF, 0xDF, 0x41, 0x88, 0xDD, 0x1D, 0x41, 0xDD, 0x11, 0x41,
    0xF9, 0xB0, 0xFF, 0xA3, 0xD4, 0x6B, 0xF2, 0x6F, 0x85, 0x2B, 0xB6, 0x33, 0x98, 0x26, 0xB6, 0x6F,
    0xDE, 0xBB, 0x62, 0x3F, 0xFD, 0x2F, 0x65, 0xFB, 0x74, 0xFF, 0xBB, 0xB2, 0xD4, 0xBB, 0xB8, 0x22,
    0xB2, 0xBB, 0x6B, 0x62, 0x36, 0xB6, 0x15, 0x52, 0x22, 0xF3, 0x6B, 0xBB, 0x23, 0x62, 0xBB, 0x2B,
    0x32, 0x3B, 0xFB, 0x26, 0x36, 0xB6, 0xBB, 0x52, 0xBB, 0x2B, 0x55, 0x22, 0x25, 0x62, 0x25, 0x4E,
    0xD4, 0x00, 0xE0, 0xD8, 0xD1, 0x0D, 0xD0, 0x1D, 0x71, 0x77, 0x1D, 0x41, 0x77, 0x11, 0x41, 0xD4,
    0x11, 0x44, 0xD4, 0xCD, 0x44, 0xDD, 0xED, 0xCA, 0xDD, 0x84, 0xCC, 0xEE, 0xE0, 0x47, 0x88, 0x88,
    0xDD, 0x11, 0x44, 0xD4, 0x11, 0x44, 0xDD, 0x4D, 0x44, 0xDD, 0xC8, 0x28, 0xDD, 0x98, 0xFE, 0x4C,
    0x88, 0xE9, 0xFC, 0xEE, 0xCE, 0xCE, 0xFC, 0x00, 0x88, 0x74, 0xFC, 0x00, 0x47, 0xFE, 0x0F, 0x00,
    0x2D, 0x22, 0xB2, 0x5B, 0x22, 0x22, 0xE2, 0x14, 0x22, 0x22, 0x82, 0x14, 0x42, 0x22, 0x22, 0x41,
    0x49, 0x22, 0x22, 0x44, 0xFE, 0x14, 0x11, 0x81, 0xF0, 0x48, 0x41, 0xE9, 0x00, 0xCF, 0xC4, 0x0F,
    0x42, 0x1B, 0x82, 0x8C, 0x44, 0x14, 0x92, 0x7E, 0x44, 0x14, 0xC8, 0xEC, 0x44, 0x18, 0xE8, 0xEA,
    0x94, 0x48, 0xF9, 0xCE, 0x88, 0x88, 0xEC, 0x8C, 0xEE, 0xCE, 0xAE, 0x7C, 0xE0, 0xCE, 0xEC, 0x4C,
    0x00, 0x7E, 0x47, 0xE7, 0x00, 0xE0, 0xEE, 0x0E, 0x00, 0x00, 0x00, 0x00, 0x00, 0x00, 0x00, 0x00,
    0x00, 0x00, 0x00, 0x00, 0x00, 0x00, 0x00, 0x00, 0x00, 0x00, 0x00, 0x00, 0x00, 0x00, 0x00, 0x00,
    0xEE, 0x00, 0x00, 0x00, 0x00, 0x00, 0x00, 0x00, 0x00, 0x00, 0x00, 0x00, 0x00, 0x00, 0x00, 0x00,
    0x00, 0x00, 0x00, 0x00, 0x00, 0x00, 0x00, 0x00, 0x00, 0x00, 0x00, 0x00, 0x00, 0x00, 0x00, 0x00,
    0x00, 0xF0, 0x0C, 0x00, 0x00, 0x00, 0x00, 0x00, 0x00, 0x00, 0x00, 0x00, 0x00, 0x00, 0x00, 0x00,
    0x00, 0x00, 0x00, 0x00, 0x00, 0x00, 0x00, 0x00, 0x00, 0x00, 0x00, 0x00, 0x00, 0x00, 0x00, 0x00,
    0x00, 0x7E, 0x48, 0xE8, 0x00, 0xE0, 0xEE, 0xEE, 0x00, 0x00, 0x00, 0x00, 0x00, 0x00, 0x00, 0x00,
    0x00, 0x00, 0x00, 0x00, 0x00, 0x00, 0x00, 0x00, 0x00, 0x00, 0x00, 0x00, 0x00, 0x00, 0x00, 0x00,
    0x00, 0x00, 0x00, 0x00, 0x00, 0x00, 0x00, 0x00, 0x00, 0x00, 0x00, 0x00, 0x00, 0x00, 0x00, 0x00,
    0x00, 0x00, 0x00, 0x30, 0x00, 0x00, 0x00, 0x60, 0x00, 0x00, 0xA0, 0xA0, 0x00, 0x00, 0x00, 0x66,
    0x00, 0x0A, 0x00, 0x00, 0x00, 0xA6, 0x00, 0x0A, 0x60, 0xA2, 0x60, 0x0A, 0x6A, 0x22, 0x3A, 0xA2,
    0x6A, 0x32, 0x66, 0x23, 0x62, 0x22, 0x26, 0x66, 0x63, 0x23, 0x3A, 0x32, 0x3A, 0x6A, 0xA6, 0xA3,
    0x00, 0x00, 0x00, 0x2A, 0x00, 0x00, 0x00, 0xA0, 0x00, 0x00, 0xA0, 0x3A, 0x00, 0x00, 0x00, 0x66,
    0x00, 0x00, 0x00, 0xA0, 0x00, 0x00, 0x00, 0x00, 0x00, 0x00, 0x00, 0x00, 0x00, 0x00, 0x00, 0x00,
    0x63, 0x36, 0x22, 0x26, 0x32, 0x26, 0x63, 0x63, 0x6A, 0x32, 0x2A, 0x33, 0xA6, 0xA6, 0x26, 0x2A,
    0xAA, 0x63, 0xA3, 0x36, 0x2B, 0xFA, 0xA7, 0x6A, 0x3B, 0xF2, 0x31, 0x2A, 0xB0, 0x23, 0x63, 0xAE,
    0xA3, 0x23, 0xA3, 0x00, 0x3A, 0x36, 0xA3, 0x00, 0x33, 0x66, 0xAA, 0x00, 0x3A, 0x62, 0xA3, 0x00,
    0xA6, 0xA6, 0x66, 0x0A, 0x3A, 0xAA, 0xEA, 0x0E, 0x3A, 0x36, 0x9A, 0xEE, 0xA3, 0xFF, 0xFF, 0xFA,
    0x00, 0x00, 0x00, 0x00, 0x00, 0x00, 0x00, 0x00, 0x00, 0x00, 0x00, 0x00, 0x00, 0x00, 0x00, 0x00,
    0x00, 0x00, 0x00, 0x00, 0x00, 0x00, 0x00, 0x00, 0x0F, 0x00, 0x00, 0x00, 0xFE, 0x0B, 0x00, 0x00,
    0x00, 0x00, 0x00, 0x00, 0x00, 0x00, 0x00, 0x00, 0x00, 0x00, 0x00, 0x00, 0x00, 0x00, 0x00, 0x00,
    0x00, 0x00, 0x00, 0x00, 0x00, 0x00, 0x00, 0x00, 0x00, 0x00, 0x00, 0x00, 0x00, 0x00, 0x00, 0xDD,
    0x00, 0x00, 0xD0, 0x74, 0xD0, 0xDD, 0x4D, 0x1D, 0x7D, 0x14, 0x1D, 0x47, 0xD0, 0x44, 0x17, 0x41,
    0xD0, 0x41, 0x41, 0x74, 0x70, 0x71, 0x14, 0x11, 0xD0, 0x17, 0x41, 0x44, 0xD0, 0x74, 0xD4, 0xDD,
    0x0B, 0x00, 0x00, 0x00, 0x00, 0x00, 0x00, 0x00, 0x06, 0x00, 0x00, 0x00, 0x0B, 0x00, 0x00, 0x00,
    0x00, 0x00, 0x00, 0x00, 0x05, 0x00, 0x00, 0x00, 0x0C, 0x00, 0x00, 0x00, 0x0E, 0x00, 0x00, 0x00,
    0xEE, 0x00, 0x00, 0x00, 0xE8, 0x00, 0x00, 0x00, 0xE4, 0x00, 0x00, 0x00, 0xE7, 0x00, 0x00, 0x00,
    0xE4, 0x00, 0x00, 0x00, 0x0E, 0x00, 0x00, 0x00, 0x0E, 0x00, 0x00, 0x00, 0x0E, 0x00, 0x00, 0x00,
    0x00, 0x00, 0x00, 0x00, 0x00, 0x00, 0x00, 0x00, 0x00, 0x00, 0x00, 0x00, 0xA0, 0x00, 0x00, 0x00,
    0x3A, 0x0A, 0x00, 0x00, 0x36, 0x06, 0x00, 0x00, 0x63, 0xAA, 0x00, 0x00, 0x33, 0x63, 0x0A, 0x00,
    0x00, 0xDD, 0x0D, 0x00, 0x00, 0x00, 0x00, 0x00, 0x00, 0x00, 0x00, 0x00, 0x00, 0x00, 0x00, 0x00,
    0x00, 0x00, 0x00, 0x00, 0x00, 0x00, 0x00, 0x00, 0x00, 0x00, 0x00, 0x00, 0x00, 0x00, 0x00, 0x00,
};
static const u16 sSet8Frame0[] = {
    0x0006, 0x00E1, 0x81F0, 0x0000, 0x00D1, 0x41E8, 0x0010, 0x80D1, 0x01F8, 0x0014, 0x80E1, 0x01E8,
    0x0016, 0x00F9, 0x01E8, 0x0018, 0x00F9, 0x0010, 0x0019, 0x0000,
};
static const u16 sSet8Frame1[] = {
    0x0007, 0x00E7, 0x81F0, 0x001A, 0x00D7, 0x41E8, 0x002A, 0x40DF, 0x01F8, 0x002E, 0x80EF, 0x01E8,
    0x0030, 0x80EF, 0x0010, 0x0032, 0x00D7, 0x01F8, 0x0034, 0x00FF, 0x01E8, 0x0035, 0x0000,
};
static const void* const sSet8Frames[] = { sSet8Frame0, sSet8Frame1 };

static const u16 sBattleAnim38[] = {
    0x0040, 0x0040, 0x0007, 0x0000, 0x0006, 0x0000, 0x0008, 0x0000, 0x0006, 0x0000, 0x0007, 0x0000,
    0x0008, 0x0000, 0x0009, 0x0001, 0x0008,
};
static const u16 sBattleAnim39[] = {
    0x0040, 0x0040, 0x0004, 0x0000, 0x0005, 0x0000, 0x0004, 0x0000, 0x0005, 0x0001, 0x0005,
};
static const u16 sBattleAnim40[] = {
    0x0040, 0x0040, 0x0004, 0x0000, 0x0006, 0x0000, 0x0006, 0x0000, 0x0006, 0x0001, 0x000C,
};
static const u16 sBattleAnim41[] = {
    0x0040, 0x0040, 0x0004, 0x0000, 0x0006, 0x0000, 0x0008, 0x0000, 0x000A, 0x0001, 0x0020,
};
static const u8 sTiles9[] __attribute__((aligned(4))) = {
    0x00, 0x00, 0x00, 0x00, 0x00, 0x00, 0x00, 0x00, 0x00, 0x00, 0x00, 0x00, 0x00, 0x00, 0x00, 0x00,
    0x00, 0x00, 0x00, 0x00, 0x00, 0x00, 0x00, 0xB0, 0x00, 0x00, 0xB0, 0x5B, 0x00, 0x00, 0x6B, 0xB2,
    0xA0, 0x2A, 0x63, 0x36, 0xAE, 0xAA, 0x32, 0x26, 0x00, 0x3A, 0x6A, 0x32, 0xA0, 0xEE, 0xBB, 0xA6,
    0xBE, 0x56, 0x65, 0xDB, 0x26, 0x52, 0x22, 0x6B, 0x3B, 0xB6, 0xB6, 0x25, 0x36, 0xF2, 0xF2, 0xB6,
    0x22, 0x26, 0xDD, 0x14, 0x63, 0xD3, 0x17, 0x71, 0xDA, 0x4D, 0x41, 0x67, 0x7D, 0x11, 0x77, 0x62,
    0x1F, 0x74, 0xA6, 0xA6, 0xFF, 0xA7, 0x3A, 0xEA, 0xB6, 0x31, 0x2A, 0xFE, 0x52, 0xAB, 0xE3, 0x5F,
    0x74, 0x00, 0x00, 0xDD, 0xA7, 0x00, 0x00, 0x00, 0xAA, 0x00, 0x00, 0x00, 0xA3, 0x00, 0x00, 0x00,
    0xA6, 0x00, 0x00, 0x00, 0x0A, 0x00, 0x00, 0x00, 0xEE, 0x00, 0x00, 0x00, 0xEE, 0x0F, 0x00, 0x00,
    0x00, 0x00, 0x25, 0x3B, 0x00, 0x00, 0x5B, 0x6B, 0x00, 0x00, 0xB0, 0xFB, 0x00, 0x00, 0x7D, 0x56,
    0x00, 0x00, 0x4D, 0xBB, 0x00, 0x00, 0xD0, 0x00, 0x00, 0x00, 0x77, 0x00, 0x00, 0x00, 0x04, 0x00,
    0x62, 0xF6, 0xF6, 0xF3, 0x3F, 0x26, 0x26, 0xF6, 0x26, 0x32, 0x32, 0x42, 0x3F, 0xF6, 0x26, 0x7C,
    0xFB, 0x5F, 0x4F, 0x47, 0xF0, 0x7F, 0x7F, 0xFC, 0x00, 0xFF, 0xFE, 0x7F, 0xF0, 0x48, 0x11, 0x71,
    0x22, 0x6B, 0xFE, 0x25, 0xB5, 0xE3, 0x51, 0x12, 0xDC, 0x5E, 0x41, 0x11, 0xB4, 0xEB, 0x12, 0x41,
    0x36, 0xB6, 0x2E, 0xE5, 0x2B, 0x63, 0x5E, 0xFF, 0x6F, 0xF6, 0xFF, 0x12, 0xEE, 0x9E, 0x48, 0x54,
    0x94, 0x0F, 0x00, 0x00, 0x52, 0x0F, 0x00, 0x00, 0x21, 0x0F, 0x00, 0x00, 0x25, 0xFE, 0x00, 0x00,
    0x12, 0xE5, 0x0F, 0x00, 0x42, 0x98, 0x0F, 0x00, 0x54, 0xF8, 0x00, 0x00, 0xF2, 0x0F, 0x00, 0x00,
    0x00, 0x00, 0x07, 0x00, 0x00, 0x70, 0x00, 0x00, 0x00, 0x40, 0x00, 0x00, 0x00, 0x7D, 0xDD, 0x00,
    0xD0, 0xD1, 0x47, 0x0D, 0xD0, 0x44, 0x71, 0xED, 0x00, 0x4D, 0xD4, 0xEF, 0x00, 0xD0, 0xFD, 0x88,
    0xCF, 0x14, 0x11, 0x41, 0x4C, 0x11, 0x41, 0x88, 0x4C, 0x11, 0x41, 0x88, 0xCF, 0x41, 0x41, 0xC4,
    0x48, 0x41, 0x44, 0xC8, 0x44, 0x44, 0x44, 0xE8, 0x48, 0x44, 0x44, 0xE8, 0x28, 0x44, 0x44, 0x98,
    0xF8, 0x5F, 0x88, 0xF5, 0xEC, 0xFE, 0xFF, 0xCE, 0xFC, 0xEF, 0xC8, 0x9C, 0xEC, 0xCF, 0xFF, 0xFF,
    0xFF, 0xFC, 0x47, 0x84, 0xF0, 0x4F, 0x44, 0x22, 0xE0, 0x48, 0x42, 0x22, 0xF0, 0x48, 0x22, 0x22,
    0xEF, 0x0F, 0x00, 0x00, 0x99, 0x0E, 0x00, 0x00, 0xCF, 0x0F, 0x00, 0x00, 0xFF, 0x0F, 0x00, 0x00,
    0xF8, 0x0F, 0x00, 0x00, 0x87, 0x0F, 0x00, 0x00, 0x82, 0x0E, 0x00, 0x00, 0x22, 0x0E, 0x00, 0x00,
    0x00, 0xC0, 0x6C, 0xDE, 0xE0, 0x6C, 0xE6, 0xCA, 0x4E, 0xC6, 0xCC, 0xCC, 0x7E, 0x84, 0xCC, 0xEE,
    0xE0, 0x47, 0x88, 0x88, 0x00, 0x7E, 0x47, 0x47, 0x00, 0xE0, 0xEE, 0xEE, 0x00, 0x00, 0x00, 0x00,
    0x4E, 0x84, 0x88, 0x9C, 0xE8, 0x22, 0xC4, 0x09, 0x8E, 0xA9, 0xEA, 0x0F, 0xC8, 0xEE, 0xEE, 0x0F,
    0x87, 0x84, 0x47, 0x0F, 0x48, 0x77, 0x84, 0x0F, 0xEE, 0xCE, 0xFF, 0x00, 0x00, 0x00, 0x00, 0x00,
    0xF0, 0x88, 0x24, 0x22, 0x00, 0x8C, 0x22, 0x22, 0x00, 0xC0, 0x24, 0x24, 0x00, 0xC0, 0x48, 0x24,
    0x00, 0x00, 0x8E, 0x24, 0x00, 0x00, 0xC0, 0x88, 0x00, 0x00, 0x90, 0x88, 0x00, 0x00, 0xE0, 0x4C,
    0x22, 0x0E, 0x00, 0x00, 0x22, 0xE8, 0x00, 0x00, 0x22, 0x82, 0xEE, 0x00, 0x22, 0x82, 0xCE, 0x0E,
    0x22, 0x42, 0x84, 0x0C, 0x24, 0x44, 0x84, 0x0C, 0x48, 0x24, 0x82, 0x0C, 0x22, 0x88, 0xC9, 0x00,
    0x00, 0xA0, 0x00, 0x00, 0x00, 0x60, 0x0A, 0x00, 0x00, 0x00, 0x26, 0x0A, 0x00, 0xA0, 0x6E, 0x23,
    0x6E, 0x36, 0x6A, 0x32, 0x00, 0x6E, 0x62, 0x22, 0x00, 0xA0, 0x63, 0x23, 0x00, 0x66, 0x3A, 0x6A,
    0x00, 0x00, 0x00, 0x00, 0x0A, 0x00, 0x00, 0x00, 0xA6, 0x00, 0x00, 0x00, 0x3A, 0xA2, 0xAE, 0x00,
    0x66, 0x23, 0x3A, 0x0A, 0x26, 0x66, 0x26, 0xE6, 0x3A, 0x32, 0x63, 0xDA, 0xA6, 0xA3, 0x33, 0x7D,
    0x00, 0x00, 0x00, 0xD0, 0x00, 0x00, 0x00, 0xD0, 0x00, 0x00, 0xD0, 0x4D, 0x00, 0x00, 0x7D, 0x11,
    0x00, 0xDD, 0x14, 0x74, 0xD0, 0x17, 0x71, 0x17, 0x4D, 0x41, 0x47, 0x74, 0x11, 0xD7, 0x7D, 0x14,
    0xDD, 0x00, 0x00, 0x00, 0x47, 0x0D, 0x00, 0x00, 0x41, 0xD7, 0x00, 0x00, 0x77, 0xD1, 0x00, 0x00,
    0xD1, 0x14, 0x0D, 0x00, 0x41, 0xD7, 0x00, 0x00, 0xD4, 0x00, 0x00, 0x00, 0x0D, 0x00, 0x00, 0x00,
    0x00, 0x00, 0xE0, 0x98, 0x00, 0x00, 0xE0, 0xAC, 0x00, 0x00, 0xCE, 0x6C, 0x00, 0x00, 0x8E, 0x6C,
    0x00, 0x00, 0x4E, 0x67, 0x00, 0x00, 0x7E, 0x44, 0x00, 0x00, 0xE0, 0xEE, 0x00, 0x00, 0x00, 0x00,
    0x99, 0xEA, 0xE8, 0x00, 0xAA, 0xEE, 0xE4, 0x00, 0x8C, 0x47, 0xE7, 0x00, 0xCC, 0x78, 0xFE, 0x00,
    0x47, 0x48, 0x0E, 0x00, 0x44, 0x74, 0x0E, 0x00, 0xEE, 0xEE, 0x00, 0x00, 0x00, 0x00, 0x00, 0x00,
    0x00, 0x00, 0x00, 0x00, 0x00, 0x00, 0x00, 0x00, 0x00, 0x00, 0x00, 0x00, 0x00, 0x00, 0x00, 0x00,
    0x00, 0x00, 0x00, 0x00, 0x00, 0x00, 0x00, 0x60, 0x00, 0x00, 0x00, 0x3A, 0x00, 0x00, 0x00, 0xA0,
    0x00, 0x00, 0x00, 0x0A, 0x00, 0x00, 0xAA, 0x0A, 0xA0, 0x00, 0x33, 0xA6, 0x60, 0xAA, 0x22, 0x23,
    0x60, 0x32, 0xAA, 0x66, 0xAA, 0x6A, 0x22, 0xA2, 0x32, 0x26, 0xA3, 0x66, 0xA6, 0xA3, 0x23, 0xAA,
    0x00, 0x00, 0x00, 0x00, 0x60, 0x00, 0x00, 0x00, 0xA3, 0xA0, 0x00, 0x00, 0x36, 0xA6, 0x30, 0x0A,
    0x32, 0x3A, 0x22, 0x0A, 0x33, 0x62, 0xA3, 0x0A, 0x26, 0x62, 0x36, 0xEA, 0x33, 0x23, 0x66, 0xA6,
    0x00, 0x00, 0x00, 0x00, 0x00, 0x00, 0x00, 0x00, 0x00, 0x00, 0x00, 0x00, 0x00, 0x00, 0x00, 0x00,
    0x0E, 0x00, 0x00, 0x00, 0x0E, 0x00, 0x00, 0x00, 0x0E, 0x00, 0x00, 0x00, 0x0E, 0x00, 0x00, 0x00,
    0x00, 0x60, 0x00, 0x66, 0x00, 0xA0, 0x66, 0x32, 0x00, 0x00, 0x2A, 0x2A, 0x00, 0x00, 0xAE, 0xA6,
    0x00, 0x00, 0x00, 0xAA, 0x00, 0x00, 0x00, 0x33, 0x00, 0x00, 0xAA, 0xAE, 0x00, 0xB0, 0xBB, 0xAE,
    0x22, 0x63, 0xA3, 0x66, 0x23, 0xA2, 0x23, 0x22, 0x36, 0x23, 0x36, 0x33, 0x62, 0x6A, 0x23, 0xA3,
    0xA6, 0x62, 0x23, 0x26, 0x62, 0x33, 0x2A, 0x32, 0xAA, 0x6A, 0x63, 0x36, 0xAA, 0xAA, 0x2A, 0xAA,
    0x26, 0x6A, 0xAA, 0xAA, 0xA3, 0x23, 0x6A, 0xA3, 0x66, 0x22, 0x62, 0x6A, 0xAA, 0x66, 0xAA, 0xAE,
    0x66, 0x32, 0x26, 0x36, 0xAA, 0xA6, 0x66, 0xFA, 0x33, 0xF6, 0xFF, 0x5F, 0xFF, 0x8E, 0x58, 0x22,
    0x0E, 0x00, 0x00, 0x00, 0x0A, 0x00, 0x00, 0x00, 0xEE, 0x00, 0x00, 0x00, 0x0A, 0x00, 0x00, 0x00,
    0xFF, 0x0F, 0x00, 0x00, 0x58, 0xF5, 0xFF, 0x00, 0x15, 0x51, 0x9F, 0xFF, 0x11, 0x44, 0xE5, 0xE8,
    0x00, 0x5B, 0x22, 0x52, 0x00, 0x26, 0xB6, 0xBB, 0xDD, 0x6B, 0x6B, 0x63, 0xFF, 0x55, 0x6B, 0x2B,
    0xFF, 0x22, 0xB6, 0x32, 0xBB, 0xBB, 0xBB, 0x63, 0x00, 0x5B, 0xBB, 0xBB, 0x00, 0x6B, 0x55, 0x66,
    0xA6, 0xAF, 0xFF, 0xBA, 0x3F, 0xFF, 0xEE, 0x6B, 0x23, 0xF6, 0xC4, 0x26, 0x3F, 0x26, 0x7E, 0x6C,
    0x66, 0xF3, 0xE7, 0xFE, 0x63, 0xF6, 0xFF, 0xFF, 0xFB, 0xBF, 0x65, 0x8F, 0xBB, 0x6B, 0xB2, 0x7D,
    0x2F, 0x44, 0x12, 0x11, 0xF3, 0x15, 0x21, 0x42, 0xF3, 0x88, 0x45, 0x4E, 0xFB, 0xFF, 0xFF, 0x5E,
    0xCE, 0xED, 0xFE, 0xFC, 0xE9, 0xEC, 0xCF, 0xC9, 0x94, 0xCE, 0xFD, 0x9C, 0x48, 0xEE, 0x8F, 0xFF,
    0x11, 0x21, 0x2E, 0x98, 0x82, 0x11, 0x22, 0x82, 0x22, 0x12, 0xE1, 0xF8, 0x28, 0x41, 0x84, 0xFF,
    0x45, 0x44, 0xF5, 0xEC, 0x5F, 0x42, 0x9F, 0xC8, 0xFC, 0xF5, 0x89, 0xE8, 0xEF, 0x9F, 0x88, 0xF9,
    0x00, 0xBF, 0xBB, 0x5B, 0x00, 0x00, 0xFC, 0xB6, 0xF0, 0xCE, 0xC6, 0xAE, 0xE0, 0x64, 0xC8, 0xCC,
    0xE0, 0x47, 0x84, 0xEC, 0x00, 0x7E, 0x87, 0x88, 0x00, 0xE0, 0x7E, 0x74, 0x00, 0x00, 0xE0, 0xEE,
    0x55, 0x22, 0xB5, 0xD4, 0xBB, 0x66, 0x4B, 0x87, 0xEC, 0x44, 0x78, 0x88, 0x8C, 0x2E, 0x72, 0x9C,
    0xEE, 0x98, 0x7A, 0xFE, 0x88, 0xEC, 0xE4, 0xFE, 0x74, 0x48, 0x77, 0xF4, 0x8E, 0x74, 0x47, 0xF8,
    0x98, 0xFE, 0x89, 0x44, 0xF9, 0x9F, 0x48, 0x42, 0xF9, 0x8F, 0x22, 0x22, 0x0F, 0x8F, 0x24, 0x22,
    0x0F, 0x9F, 0x48, 0x22, 0x00, 0xF0, 0x88, 0x24, 0x00, 0x00, 0xCC, 0x44, 0x00, 0x00, 0x89, 0x48,
    0xFD, 0x8F, 0xC8, 0x0F, 0x42, 0xF8, 0xE9, 0x0F, 0x22, 0x84, 0xFF, 0x00, 0x22, 0x84, 0xF8, 0x00,
    0x22, 0x84, 0xF9, 0x00, 0x24, 0x22, 0x09, 0x00, 0x22, 0x22, 0x09, 0x00, 0x24, 0x22, 0xE8, 0x0E,
    0x00, 0x00, 0x00, 0x00, 0x00, 0x00, 0x00, 0x00, 0x00, 0x00, 0x00, 0x00, 0x00, 0x00, 0x00, 0x00,
    0x00, 0x00, 0x00, 0x00, 0x00, 0xDD, 0x00, 0xD0, 0xD0, 0x47, 0xDD, 0x4D, 0xD0, 0x14, 0x4D, 0x1D,
    0x00, 0x00, 0x00, 0x00, 0x00, 0x00, 0x00, 0x00, 0x00, 0x00, 0x00, 0x00, 0x00, 0x00, 0x00, 0x00,
    0x00, 0x00, 0x00, 0x00, 0x0D, 0x00, 0x00, 0x00, 0xD7, 0x00, 0x00, 0x00, 0xD4, 0x00, 0x00, 0x00,
    0xD0, 0x41, 0x17, 0x47, 0x70, 0x41, 0x11, 0x41, 0x4D, 0x44, 0x44, 0x44, 0x4D, 0x11, 0x11, 0x11,
    0x7D, 0x44, 0x44, 0x44, 0xD0, 0xDD, 0xDD, 0xDD, 0x00, 0x00, 0x00, 0x00, 0x00, 0x00, 0x00, 0x00,
    0xD1, 0x00, 0x00, 0x00, 0x71, 0x0D, 0x00, 0x00, 0x74, 0xD7, 0xDD, 0xDD, 0x11, 0x11, 0x11, 0x11,
    0x44, 0x44, 0x44, 0x44, 0xDD, 0xDD, 0xDD, 0xDD, 0x00, 0x00, 0x00, 0x00, 0x00, 0x00, 0x00, 0x00,
    0x00, 0x00, 0x8E, 0x44, 0x00, 0x00, 0xC0, 0x88, 0x00, 0x00, 0xEF, 0x24, 0x00, 0xFF, 0xCC, 0x9E,
    0xE0, 0xCC, 0x66, 0xE6, 0xE0, 0x64, 0xCC, 0xAE, 0xE0, 0x47, 0xC8, 0xEC, 0x00, 0x7E, 0x84, 0xEC,
    0x24, 0x24, 0xE8, 0xEC, 0x44, 0x82, 0x42, 0xE8, 0x82, 0x28, 0xC8, 0x0F, 0xE4, 0xC9, 0xC8, 0x0F,
    0xDC, 0xE8, 0x4E, 0x0F, 0xEC, 0xED, 0x7E, 0x0F, 0x88, 0xEC, 0x84, 0x0F, 0x47, 0x74, 0xF7, 0x00,
    0x00, 0x7E, 0x47, 0x88, 0x00, 0xE0, 0x8E, 0xE7, 0x00, 0x00, 0xE0, 0x0E, 0x00, 0x00, 0x00, 0x00,
    0x00, 0x00, 0x00, 0x00, 0x00, 0x00, 0x00, 0x00, 0x00, 0x00, 0x00, 0x00, 0x00, 0x00, 0x00, 0x00,
    0xE8, 0xCE, 0x0C, 0x00, 0xEE, 0x00, 0x00, 0x00, 0x00, 0x00, 0x00, 0x00, 0x00, 0x00, 0x00, 0x00,
    0x00, 0x00, 0x00, 0x00, 0x00, 0x00, 0x00, 0x00, 0x00, 0x00, 0x00, 0x00, 0x00, 0x00, 0x00, 0x00,
    0x00, 0x00, 0x00, 0x00, 0x00, 0x00, 0x00, 0x00, 0x00, 0x00, 0x00, 0x00, 0x00, 0x00, 0x00, 0x00,
    0x00, 0x00, 0x00, 0x00, 0x00, 0x00, 0x00, 0x00, 0x00, 0x00, 0x00, 0x00, 0x0F, 0x00, 0x00, 0x00,
    0x0F, 0x00, 0x00, 0x00, 0x0F, 0x00, 0x00, 0x00, 0x00, 0x00, 0x00, 0x00, 0x00, 0x00, 0x00, 0x00,
    0x0F, 0x00, 0x00, 0x00, 0x0F, 0x00, 0x00, 0x00, 0x0F, 0x00, 0x00, 0x00, 0x00, 0x00, 0x00, 0x00,
    0x00, 0x00, 0x00, 0x00, 0x00, 0x00, 0x00, 0x00, 0xDD, 0xDD, 0xDD, 0xDD, 0x11, 0x11, 0x11, 0x41,
    0x44, 0x44, 0x44, 0x74, 0xDD, 0xDD, 0xDD, 0xDD, 0x00, 0x00, 0x00, 0x00, 0x00, 0x00, 0x00, 0x00,
    0xE0, 0x4D, 0xFC, 0x0F, 0xD0, 0xD1, 0x00, 0x00, 0xD0, 0xD7, 0x00, 0x00, 0xD0, 0x74, 0x0D, 0x00,
    0xD0, 0x74, 0x0D, 0x00, 0x00, 0xDD, 0x00, 0x00, 0x00, 0x00, 0x00, 0x00, 0x00, 0x00, 0x00, 0x00,
    0x00, 0x00, 0x00, 0xA0, 0x00, 0x00, 0x00, 0xAE, 0x00, 0x00, 0x00, 0x00, 0x00, 0x00, 0x00, 0xA0,
    0x00, 0x00, 0x00, 0xAE, 0x0D, 0x00, 0x00, 0x00, 0xD7, 0x0D, 0x00, 0x00, 0x1D, 0xD7, 0x00, 0x00,
    0x2A, 0x63, 0x36, 0x22, 0xAA, 0x32, 0x26, 0x63, 0x3A, 0x6A, 0x32, 0x2A, 0x66, 0xA6, 0xA6, 0x26,
    0xAE, 0xAA, 0x63, 0xA3, 0xE0, 0xFB, 0x3A, 0xFB, 0x00, 0x6E, 0x22, 0x42, 0x00, 0xBB, 0x23, 0x22,
    0x26, 0xA3, 0x23, 0xA3, 0x63, 0x3A, 0x36, 0xA3, 0x33, 0x23, 0x66, 0xAA, 0x2A, 0x3A, 0x62, 0xA3,
    0x36, 0xA6, 0xA6, 0xA6, 0xA4, 0x3A, 0xAA, 0x0A, 0x31, 0x2A, 0x36, 0xEA, 0xA2, 0xA3, 0xE6, 0x99,
    0x00, 0x00, 0x00, 0x00, 0x00, 0x00, 0x00, 0x00, 0x00, 0x00, 0x00, 0x00, 0x00, 0x00, 0x00, 0x00,
    0x00, 0x00, 0x00, 0x00, 0x00, 0x00, 0x00, 0x00, 0x00, 0x00, 0x00, 0x00, 0x0F, 0x00, 0x00, 0x00,
    0x14, 0x0D, 0x00, 0x00, 0xD1, 0x00, 0x00, 0x00, 0xD7, 0x0D, 0x00, 0x00, 0x41, 0xD7, 0x0D, 0x00,
    0x14, 0x41, 0xD7, 0x0D, 0xDD, 0x14, 0x41, 0xD7, 0x00, 0xDD, 0x14, 0x41, 0x00, 0x00, 0xDD, 0x14,
    0x00, 0x00, 0x3B, 0x32, 0x00, 0x00, 0xCB, 0xB6, 0x00, 0xF0, 0x94, 0x5A, 0x00, 0x5F, 0x81, 0xEE,
    0x00, 0x1F, 0x52, 0xE9, 0x0D, 0xF0, 0xEE, 0xBB, 0xD7, 0xBB, 0x6B, 0x56, 0xF1, 0xBB, 0xAC, 0xFB,
    0x66, 0x6A, 0x8E, 0x45, 0x6B, 0xAA, 0x59, 0x12, 0x6C, 0xCA, 0x18, 0x11, 0x3B, 0xEC, 0x24, 0x94,
    0xCE, 0x2E, 0xEE, 0xEE, 0xCB, 0x5B, 0xEE, 0xB6, 0xB6, 0xEB, 0x3E, 0x32, 0xBB, 0x3E, 0x23, 0xB6,
    0x0F, 0x00, 0x00, 0x00, 0xF8, 0x00, 0x00, 0x00, 0xF5, 0x00, 0x00, 0x00, 0xEE, 0x0F, 0x00, 0x00,
    0x5F, 0xF9, 0x00, 0x00, 0x8F, 0xF2, 0x00, 0x00, 0xFB, 0x0F, 0x00, 0x00, 0xFF, 0x0F, 0x00, 0x00,
    0x00, 0x00, 0x00, 0xDD, 0x00, 0x00, 0x00, 0x00, 0x00, 0x00, 0x00, 0xB0, 0x00, 0x00, 0x00, 0xB0,
    0x00, 0x00, 0x00, 0xB0, 0x00, 0x00, 0x00, 0x00, 0x00, 0x00, 0x00, 0x00, 0x00, 0x00, 0x00, 0x00,
    0xFF, 0x56, 0xA5, 0x6A, 0xBD, 0xB5, 0x6B, 0x33, 0xB6, 0xCB, 0x2B, 0x22, 0x52, 0xFB, 0x3A, 0x22,
    0x25, 0xB6, 0x6F, 0x63, 0xBB, 0x52, 0xB6, 0xFF, 0x89, 0x5B, 0x22, 0xB5, 0x80, 0xB8, 0xBB, 0x2B,
    0xE3, 0xE4, 0xB3, 0xBB, 0xE2, 0xB4, 0xB3, 0xEF, 0x23, 0x1B, 0xF7, 0xDE, 0xBB, 0x7F, 0xF4, 0x89,
    0x4B, 0xF7, 0xCF, 0x9C, 0xFF, 0xCD, 0x8C, 0xF9, 0xDB, 0xF7, 0xCD, 0x8F, 0x47, 0x0D, 0xEF, 0x48,
    0x8E, 0x0F, 0x00, 0x00, 0x9D, 0xF9, 0x00, 0x00, 0xC8, 0xD8, 0x00, 0x00, 0x9C, 0x8C, 0x0F, 0x00,
    0xEF, 0xFF, 0x0F, 0x00, 0x48, 0x84, 0xE8, 0x00, 0x44, 0x22, 0xE4, 0x00, 0x42, 0x22, 0x72, 0x0E,
    0x00, 0x00, 0x00, 0x00, 0x00, 0x00, 0x00, 0x00, 0x00, 0x00, 0x00, 0x00, 0x00, 0x00, 0x00, 0x00,
    0x00, 0x00, 0x00, 0x00, 0x00, 0x00, 0x00, 0x00, 0x00, 0x00, 0x00, 0xCE, 0x00, 0x00, 0x00, 0x4E,
    0xC0, 0x4C, 0x24, 0x22, 0x90, 0x88, 0x44, 0x22, 0xE0, 0x48, 0x44, 0x42, 0xF0, 0x8C, 0x48, 0x24,
    0x00, 0x4E, 0x22, 0x88, 0xCF, 0xEC, 0x49, 0x9E, 0x6C, 0x66, 0xCE, 0x8D, 0xC6, 0xEC, 0xCA, 0xDE,
    0x72, 0x00, 0xF0, 0x78, 0x82, 0x77, 0xF0, 0x88, 0x82, 0x7E, 0x04, 0x8C, 0x28, 0x84, 0x7E, 0xC0,
    0x82, 0xFC, 0x70, 0xD4, 0x8C, 0xFC, 0x00, 0x1D, 0xEE, 0xF4, 0x00, 0xD0, 0xEE, 0xF7, 0x00, 0xD0,
    0x22, 0x22, 0x22, 0x0E, 0x24, 0x22, 0x22, 0x0E, 0x22, 0x22, 0x22, 0xE8, 0x24, 0x24, 0x22, 0x82,
    0x48, 0x24, 0x22, 0x82, 0x8D, 0x44, 0x22, 0x22, 0xD7, 0x44, 0x24, 0x84, 0x47, 0x8D, 0x44, 0x22,
    0x47, 0x2D, 0x82, 0x98, 0xDD, 0x99, 0x9C, 0x8E, 0xC0, 0x4F, 0x8E, 0xAE, 0x00, 0xF0, 0x4E, 0xEE,
    0x00, 0x00, 0x7E, 0x74, 0x00, 0x00, 0xE0, 0x87, 0x00, 0x00, 0xE0, 0x84, 0x00, 0x00, 0xE0, 0x47,
    0xEC, 0x0E, 0x00, 0x00, 0xDE, 0xCE, 0x00, 0x00, 0xD8, 0x8D, 0x0E, 0x00, 0xAA, 0xCA, 0x0E, 0x00,
    0xC8, 0xC6, 0xEC, 0x00, 0xCC, 0xC6, 0xE8, 0x00, 0x74, 0x76, 0xE4, 0x00, 0x44, 0x44, 0xE7, 0x00,
    0x00, 0x00, 0xF0, 0xEE, 0x00, 0x00, 0x00, 0x00, 0x00, 0x00, 0x00, 0x00, 0x00, 0x00, 0x00, 0x00,
    0x00, 0x00, 0x00, 0x00, 0x00, 0x00, 0x00, 0x00, 0x00, 0x00, 0x00, 0x00, 0x00, 0x00, 0x00, 0x00,
    0xEE, 0xEE, 0x0E, 0x00, 0x00, 0x00, 0x00, 0x00, 0x00, 0x00, 0x00, 0x00, 0x00, 0x00, 0x00, 0x00,
    0x00, 0x00, 0x00, 0x00, 0x00, 0x00, 0x00, 0x00, 0x00, 0x00, 0x00, 0x00, 0x00, 0x00, 0x00, 0x00,
    0x00, 0x00, 0x00, 0x00, 0x00, 0x00, 0x00, 0x00, 0x00, 0x00, 0x00, 0x00, 0x00, 0x00, 0x00, 0x00,
    0x00, 0x00, 0x00, 0x6E, 0x00, 0x00, 0x00, 0x00, 0x00, 0x00, 0x00, 0x00, 0x00, 0x00, 0x00, 0x00,
    0xA0, 0x00, 0x00, 0x00, 0x60, 0x0A, 0x00, 0x0A, 0x00, 0x26, 0x0A, 0xA6, 0xA0, 0x6E, 0x23, 0x3A,
    0x36, 0x6A, 0x32, 0x66, 0x6E, 0x62, 0x22, 0x26, 0xA0, 0x63, 0x23, 0x3A, 0x66, 0x3A, 0x6A, 0xA6,
    0x00, 0x00, 0x00, 0x7E, 0x00, 0x00, 0x00, 0xE0, 0x00, 0x00, 0x00, 0xE0, 0x00, 0x00, 0x00, 0x00,
    0x00, 0x00, 0x00, 0x00, 0x00, 0x00, 0x00, 0x00, 0x00, 0x00, 0x00, 0x00, 0x00, 0x00, 0x00, 0x00,
    0x84, 0xCC, 0x8E, 0xC8, 0x47, 0xC8, 0x7E, 0x44, 0x77, 0x84, 0x88, 0xEE, 0xEE, 0x78, 0xEE, 0x0E,
    0x00, 0xEE, 0x00, 0x00, 0x00, 0x00, 0x00, 0x00, 0x00, 0x00, 0x00, 0x00, 0x00, 0x00, 0x00, 0x00,
    0x00, 0x00, 0x00, 0x00, 0x00, 0x00, 0x00, 0x00, 0x00, 0x00, 0x00, 0x00, 0x00, 0x00, 0x00, 0x00,
    0x00, 0x00, 0xD0, 0x0D, 0x00, 0xD0, 0x4D, 0xD1, 0xD0, 0x7D, 0x11, 0x4D, 0x7D, 0x47, 0x44, 0x71,
    0x7D, 0x44, 0x47, 0x11, 0xD0, 0x14, 0x44, 0x47, 0x00, 0xDD, 0x14, 0x44, 0x00, 0x00, 0xDD, 0x14,
    0x00, 0x00, 0x00, 0xDD, 0x00, 0x00, 0x00, 0x00, 0x00, 0x00, 0x00, 0x00, 0x00, 0x00, 0x00, 0x00,
    0x00, 0x00, 0x00, 0x00, 0x00, 0x00, 0x00, 0x00, 0x00, 0x00, 0x00, 0x00, 0xA2, 0xAE, 0x00, 0x00,
    0x23, 0x3A, 0x0A, 0x00, 0x66, 0x26, 0xE6, 0x00, 0x32, 0x63, 0xAA, 0x0E, 0xA3, 0x33, 0x63, 0xEA,
    0x00, 0x00, 0x00, 0x00, 0x00, 0x00, 0x00, 0x00, 0x00, 0x00, 0x00, 0x00, 0xEE, 0x00, 0x00, 0x00,
    0xCE, 0x0E, 0x00, 0x00, 0x84, 0x0E, 0x00, 0x00, 0xC8, 0x0F, 0x00, 0x00, 0xC8, 0x00, 0x00, 0x00,
    0x4E, 0xF8, 0x00, 0xD0, 0x77, 0x0F, 0x00, 0x00, 0xCC, 0x00, 0x00, 0x00, 0x00, 0x00, 0x00, 0x00,
    0x00, 0x00, 0x00, 0x00, 0x00, 0x00, 0x00, 0x00, 0x00, 0x00, 0x00, 0x00, 0x00, 0x00, 0x00, 0x00,
};
static const u16 sSet9Frame0[] = {
    0x0003, 0x00DC, 0x81F0, 0x0000, 0x40D4, 0x41F8, 0x0010, 0x40FC, 0x0000, 0x0014, 0x0000,
};
static const u16 sSet9Frame1[] = {
    0x0006, 0x00D8, 0x81E9, 0x0016, 0x00E0, 0x41D1, 0x0026, 0x00F8, 0x41F9, 0x002A, 0x80E0, 0x0009,
    0x002E, 0x00E8, 0x01E1, 0x0030, 0x00F8, 0x01F1, 0x0031, 0x0000,
};
static const u16 sSet9Frame2[] = {
    0x0008, 0x00D7, 0x81E7, 0x0032, 0x00F7, 0x41FF, 0x0042, 0x40CF, 0x01E7, 0x0046, 0x40F7, 0x01E7,
    0x0048, 0x80D7, 0x01DF, 0x004A, 0x00CF, 0x01F7, 0x004C, 0x00EF, 0x0007, 0x004D, 0x00F7, 0x01F7,
    0x004E, 0x0000,
};
static const void* const sSet9Frames[] = { sSet9Frame0, sSet9Frame1, sSet9Frame2 };

static const u16 sBattleAnim42[] = {
    0x0040, 0x0040, 0x0005, 0x0000, 0x0006, 0x0000, 0x0008, 0x0001, 0x002D, 0x0001, 0x000D, 0x0002,
    0x0006,
};
static const u8 sTiles10[] __attribute__((aligned(4))) = {
    0x00, 0x00, 0xD0, 0x47, 0x00, 0x00, 0x70, 0xD1, 0x00, 0x00, 0x4D, 0x71, 0x00, 0xD0, 0x77, 0x47,
    0x00, 0xD0, 0x77, 0x74, 0xF0, 0x7F, 0x4D, 0x41, 0x3F, 0x72, 0xD7, 0x14, 0x6A, 0x23, 0xF3, 0x4D,
    0xAD, 0x36, 0xA3, 0xA3, 0x6D, 0x62, 0x2A, 0x26, 0xD4, 0x2D, 0x36, 0x32, 0x71, 0x6D, 0x23, 0xA3,
    0x41, 0xD1, 0x2A, 0x26, 0x47, 0xD1, 0x63, 0x32, 0x74, 0xD4, 0x2A, 0x36, 0x41, 0xD7, 0xAB, 0xAA,
    0x36, 0x23, 0x66, 0xAA, 0x62, 0x32, 0x62, 0xA3, 0x33, 0xAA, 0xA6, 0x66, 0x26, 0x23, 0xAA, 0xAA,
    0x6A, 0x22, 0x36, 0x0A, 0x26, 0xA6, 0xA6, 0xF6, 0x6A, 0x63, 0xAA, 0x9F, 0x63, 0xEA, 0xEA, 0x59,
    0x00, 0x00, 0x00, 0x00, 0x00, 0x00, 0x00, 0x00, 0x0A, 0x00, 0x00, 0x00, 0x00, 0x00, 0x00, 0x00,
    0x00, 0x00, 0x00, 0x00, 0x00, 0x00, 0x00, 0x00, 0x0F, 0x00, 0x00, 0x00, 0xF5, 0x00, 0x00, 0x00,
    0x36, 0x36, 0x36, 0xD3, 0x2A, 0xA3, 0x3F, 0xD6, 0x6A, 0x0A, 0x26, 0x0A, 0xA0, 0x0A, 0xAA, 0x00,
    0x00, 0x00, 0x00, 0x00, 0x00, 0x00, 0x00, 0x00, 0x00, 0x00, 0x00, 0x00, 0x00, 0x00, 0x00, 0x00,
    0x14, 0x74, 0xAD, 0xE6, 0x4D, 0x41, 0xE7, 0xAE, 0xD0, 0x14, 0x74, 0xDE, 0xFF, 0x4D, 0x41, 0xD7,
    0x00, 0xD0, 0x14, 0x74, 0x00, 0xF0, 0x4D, 0x41, 0x00, 0x8F, 0xD9, 0x17, 0x00, 0xCF, 0xE4, 0x7D,
    0x6A, 0x6A, 0xFA, 0x25, 0xAA, 0x3E, 0x5E, 0x11, 0xAA, 0xDD, 0x5E, 0x12, 0xBE, 0xAA, 0x9E, 0x25,
    0xAD, 0x25, 0xEA, 0x59, 0x67, 0x52, 0x52, 0xFE, 0xD7, 0xA2, 0xF6, 0x14, 0xF1, 0xBA, 0xBF, 0xEB,
    0x52, 0x0F, 0x00, 0x00, 0x21, 0x0F, 0x00, 0x00, 0x21, 0xF9, 0x00, 0x00, 0x52, 0xF9, 0x00, 0x00,
    0xF5, 0xFF, 0x00, 0x00, 0x6F, 0xB3, 0x00, 0x00, 0x3E, 0xB2, 0x00, 0x00, 0x23, 0xB6, 0x00, 0x00,
    0x00, 0x00, 0x00, 0x00, 0x00, 0x00, 0x00, 0x00, 0x00, 0xE0, 0xFF, 0x00, 0x00, 0xE0, 0x64, 0x0C,
    0x00, 0x7E, 0xC8, 0xC6, 0x00, 0x7E, 0xCC, 0x86, 0x00, 0x4E, 0xCC, 0xCE, 0x00, 0x7E, 0xCE, 0x9E,
    0xF0, 0x8F, 0x74, 0xDC, 0xC0, 0x14, 0x11, 0xBF, 0xF0, 0x11, 0x11, 0xAE, 0x4C, 0x11, 0x41, 0xA2,
    0x1C, 0x11, 0x44, 0xA8, 0x11, 0x41, 0xC8, 0xA8, 0x18, 0x44, 0xE2, 0xCC, 0x88, 0x41, 0xE4, 0x9F,
    0x00, 0xE0, 0xE8, 0xEC, 0x00, 0x00, 0x4E, 0xCC, 0x00, 0x00, 0xE0, 0x97, 0x00, 0x00, 0x00, 0x7C,
    0x00, 0x00, 0x00, 0xC0, 0x00, 0x00, 0x00, 0x00, 0x00, 0x00, 0x00, 0xE0, 0x00, 0x00, 0x00, 0xE0,
    0x8E, 0x28, 0x84, 0x8E, 0xE6, 0x8C, 0xE8, 0x8C, 0xEE, 0xDE, 0xEF, 0x48, 0xE4, 0xED, 0xCC, 0x84,
    0x8F, 0xF4, 0x8C, 0x2E, 0xFF, 0xFF, 0x89, 0x9E, 0xAE, 0xCC, 0xCC, 0xC4, 0x64, 0x66, 0xE6, 0xC9,
    0x00, 0x00, 0x00, 0x00, 0x00, 0x00, 0x00, 0x00, 0x00, 0x00, 0x00, 0x00, 0x00, 0x00, 0x00, 0x00,
    0x00, 0x00, 0x00, 0x00, 0x00, 0x00, 0x00, 0x6A, 0x00, 0x00, 0x00, 0xA0, 0x00, 0x00, 0x00, 0xDD,
    0x00, 0x00, 0xA0, 0x00, 0x00, 0x00, 0x60, 0x0A, 0x00, 0x00, 0x60, 0xA2, 0xA0, 0x63, 0xAA, 0x3A,
    0xE0, 0x2A, 0x63, 0x26, 0x66, 0x66, 0x3A, 0x32, 0x32, 0x22, 0xA3, 0xA3, 0x2A, 0x23, 0x62, 0x23,
    0xFF, 0x62, 0x47, 0x3E, 0x5A, 0xA6, 0xE4, 0xE4, 0xA6, 0xAA, 0x36, 0x4E, 0x25, 0x3A, 0x23, 0xD2,
    0x26, 0x26, 0x32, 0xFB, 0x56, 0x32, 0x22, 0x2B, 0x5A, 0x6A, 0x63, 0x5B, 0x6A, 0xA2, 0x6B, 0xBA,
    0xB3, 0x0B, 0x00, 0x00, 0xB3, 0x0F, 0x00, 0x00, 0xFB, 0x0B, 0x00, 0x00, 0xBF, 0x00, 0x00, 0x00,
    0xBA, 0x00, 0x00, 0x00, 0x0A, 0x00, 0x00, 0x00, 0x0A, 0x00, 0x00, 0x00, 0x00, 0x00, 0x00, 0x00,
    0x00, 0x00, 0x00, 0xE0, 0x00, 0x00, 0x00, 0x00, 0x00, 0x00, 0x00, 0x00, 0x00, 0x00, 0x00, 0x00,
    0x00, 0x00, 0x00, 0x00, 0x00, 0x00, 0x00, 0x00, 0x00, 0x00, 0x00, 0x00, 0x00, 0x00, 0x00, 0x00,
    0x47, 0xC8, 0xAE, 0xEC, 0xEF, 0x77, 0xEC, 0x8E, 0x00, 0xEE, 0x74, 0x84, 0x00, 0x00, 0xEE, 0xEE,
    0x00, 0x00, 0x00, 0x00, 0x00, 0x00, 0x00, 0x00, 0x00, 0x00, 0x00, 0x00, 0x00, 0x00, 0x00, 0x00,
    0xAC, 0x52, 0x25, 0x4B, 0x6A, 0x2A, 0x52, 0x7B, 0x2A, 0x6A, 0xA2, 0x70, 0x6A, 0xB2, 0xBB, 0x4E,
    0x82, 0x56, 0xAB, 0x70, 0xE4, 0xBB, 0xFF, 0x07, 0x8D, 0x8E, 0xCC, 0x00, 0xDE, 0xEE, 0x0C, 0x00,
    0xEC, 0xE4, 0x0F, 0x00, 0x48, 0xC7, 0x0F, 0x00, 0xEE, 0xFC, 0x00, 0x00, 0x00, 0x00, 0x00, 0x00,
    0x00, 0x00, 0x00, 0x00, 0x00, 0x00, 0x00, 0x00, 0x00, 0x00, 0x00, 0x00, 0x00, 0x00, 0x00, 0x00,
    0xA0, 0x00, 0x00, 0x00, 0xAA, 0x00, 0x00, 0x00, 0x63, 0x0A, 0x00, 0x00, 0x32, 0x32, 0x06, 0x00,
    0x6A, 0x66, 0xEA, 0x0A, 0xA2, 0x32, 0x63, 0x0A, 0x36, 0xA3, 0x23, 0xA3, 0x6A, 0x22, 0x36, 0xA2,
};
static const u16 sSet10Frame0[] = {
    0x0007, 0x40DD, 0x81F3, 0x0000, 0x00ED, 0x41F3, 0x0008, 0x40D5, 0x01F3, 0x000C, 0x40ED, 0x0003,
    0x000E, 0x40FD, 0x01F3, 0x0010, 0x80F5, 0x0003, 0x0012, 0x00D5, 0x0003, 0x0014, 0x0000,
};
static const void* const sSet10Frames[] = { sSet10Frame0 };

static const u16 sBattleAnim43[] = {
    0x0040, 0x0040, 0x0007, 0x0000, 0x0006, 0x0000, 0x0005, 0x0000, 0x0007, 0x0000, 0x0009, 0x0000,
    0x000A, 0x0000, 0x001E, 0x0000, 0x0006,
};
static const u8 sTiles11[] __attribute__((aligned(4))) = {
    0x00, 0x00, 0x00, 0x00, 0x00, 0x00, 0x00, 0x00, 0x00, 0x00, 0x00, 0x00, 0x00, 0x00, 0x00, 0x00,
    0x00, 0xA0, 0x6F, 0xF6, 0x00, 0x6A, 0x32, 0x32, 0x00, 0x36, 0x6A, 0x22, 0x00, 0x6A, 0xFB, 0x26,
    0x00, 0x00, 0x00, 0x00, 0x00, 0x00, 0x00, 0x00, 0x00, 0x00, 0x00, 0x00, 0x00, 0x00, 0x00, 0x00,
    0x0F, 0x00, 0x00, 0x00, 0xF6, 0x00, 0x00, 0x00, 0x23, 0xF6, 0x00, 0x00, 0x26, 0x61, 0xFF, 0x00,
    0x00, 0x00, 0x00, 0x00, 0x00, 0x00, 0x00, 0x00, 0x00, 0x00, 0x00, 0xA0, 0x00, 0x00, 0x00, 0x6A,
    0x00, 0x00, 0xA0, 0x3A, 0x00, 0x00, 0x6A, 0x63, 0x00, 0x00, 0x3A, 0x3A, 0x00, 0xA0, 0x62, 0x6B,
    0x0A, 0x00, 0xA0, 0x00, 0x0A, 0x00, 0x6A, 0x00, 0xA3, 0xA0, 0x62, 0x00, 0x62, 0x2A, 0x63, 0xA0,
    0x2A, 0x36, 0x62, 0x3A, 0x62, 0x23, 0x62, 0x62, 0xA6, 0x23, 0xA3, 0xA3, 0x63, 0x6A, 0x3A, 0xA6,
    0x00, 0xA0, 0x3B, 0xFA, 0x00, 0x00, 0xAA, 0x0F, 0x00, 0x00, 0x00, 0x00, 0x00, 0x00, 0x00, 0x00,
    0x00, 0x00, 0x00, 0x00, 0x00, 0x00, 0x00, 0x00, 0x00, 0x00, 0x00, 0x00, 0x00, 0x00, 0x00, 0x00,
    0x23, 0xF2, 0x5E, 0xFF, 0x6F, 0xF3, 0x1E, 0x52, 0x00, 0xFA, 0x55, 0x12, 0x00, 0xF0, 0x5E, 0x25,
    0x00, 0xF0, 0xFF, 0x5E, 0x00, 0x00, 0x00, 0x1F, 0x00, 0xF0, 0xFF, 0x15, 0x00, 0x9F, 0x25, 0xC2,
    0x00, 0xA0, 0x66, 0xBB, 0xFF, 0xA0, 0x36, 0x36, 0x21, 0x3F, 0x23, 0x23, 0x11, 0xF1, 0x23, 0x22,
    0x22, 0xB5, 0x36, 0x22, 0x11, 0xBA, 0x6A, 0x23, 0x62, 0x3B, 0xA6, 0x6A, 0xA1, 0x63, 0xBA, 0xA6,
    0x32, 0x33, 0x23, 0xA6, 0x22, 0x62, 0x3A, 0x32, 0xB6, 0x3B, 0x26, 0x2A, 0xB3, 0x66, 0xA3, 0x36,
    0x32, 0xD6, 0x2D, 0x26, 0x33, 0x4D, 0xD7, 0x36, 0xB6, 0x7D, 0x71, 0x6D, 0xBA, 0xDB, 0x41, 0xDD,
    0x00, 0x00, 0x00, 0x00, 0x00, 0x00, 0x00, 0x00, 0x00, 0x00, 0x00, 0x00, 0x00, 0x00, 0x00, 0x00,
    0x00, 0x00, 0x00, 0x00, 0x00, 0x00, 0x00, 0xF0, 0x00, 0x00, 0xF0, 0xFF, 0x00, 0xC0, 0x47, 0x44,
    0x00, 0x5F, 0x12, 0x52, 0x00, 0x9F, 0x25, 0xC5, 0x00, 0x5F, 0x99, 0x8F, 0x00, 0xF0, 0xCF, 0x7C,
    0x00, 0xFF, 0xCC, 0xC4, 0xFF, 0xEC, 0xEF, 0xFC, 0xCC, 0x98, 0xFE, 0xFC, 0x8F, 0x99, 0xF9, 0x9F,
    0x7C, 0xC1, 0xA6, 0x55, 0x11, 0x9C, 0x25, 0x22, 0x71, 0xC1, 0x21, 0x22, 0x5C, 0x12, 0x51, 0x19,
    0x2C, 0x11, 0xC2, 0x15, 0x25, 0x21, 0x92, 0x12, 0x12, 0x21, 0x5C, 0x12, 0x25, 0x95, 0x9F, 0x1E,
    0x39, 0x7D, 0x17, 0x77, 0x92, 0x7D, 0x41, 0x77, 0x51, 0x1D, 0xD4, 0x14, 0x21, 0x79, 0xD1, 0x14,
    0x11, 0xD9, 0xD4, 0x14, 0x21, 0x09, 0x7D, 0x41, 0x2E, 0x09, 0x70, 0x71, 0x52, 0x0F, 0x7D, 0x71,
    0x00, 0x4C, 0x44, 0x22, 0x00, 0x48, 0x42, 0x22, 0x00, 0x48, 0x22, 0x22, 0x00, 0x88, 0x24, 0x22,
    0x00, 0x8C, 0x22, 0x22, 0x00, 0xC0, 0x24, 0x24, 0x00, 0xC0, 0x48, 0x24, 0x00, 0x00, 0x8C, 0x44,
    0xF4, 0xCC, 0x88, 0xE9, 0x42, 0xEE, 0x9C, 0xFD, 0x22, 0xE8, 0xCE, 0x48, 0x22, 0xE8, 0x8E, 0x24,
    0x22, 0x84, 0x8F, 0x24, 0x22, 0x82, 0x8E, 0x24, 0x22, 0x82, 0xC8, 0x22, 0x22, 0x22, 0x84, 0x24,
    0xEE, 0xFE, 0xF0, 0x95, 0x44, 0xFE, 0x00, 0xFF, 0x24, 0x82, 0x0F, 0xA0, 0x24, 0x42, 0x0F, 0x00,
    0x22, 0x42, 0xF8, 0x00, 0x22, 0x22, 0xE9, 0xA0, 0x22, 0x22, 0x98, 0xAF, 0x24, 0x22, 0x94, 0xB8,
    0xEE, 0xAA, 0x4D, 0xD1, 0xA3, 0x65, 0x4D, 0xD1, 0x5A, 0x56, 0x1D, 0xD4, 0x2A, 0x6A, 0x1F, 0xB7,
    0x26, 0xAB, 0xF5, 0xBF, 0x52, 0xAB, 0x62, 0xAA, 0x65, 0xBA, 0x52, 0x56, 0x5B, 0x3B, 0xFF, 0x5A,
    0x00, 0x00, 0x8C, 0x44, 0x00, 0x00, 0x89, 0x88, 0x00, 0x00, 0xEE, 0x88, 0x00, 0xC0, 0x6C, 0xCE,
    0xE0, 0x6C, 0xE6, 0xCA, 0x4E, 0xC6, 0xCC, 0xEC, 0x7E, 0x84, 0xCC, 0x8E, 0xE0, 0x47, 0x88, 0x48,
    0x24, 0x84, 0xC8, 0x48, 0x44, 0x22, 0xC8, 0x8C, 0x42, 0x98, 0xFE, 0xFF, 0x88, 0xE9, 0xFC, 0x00,
    0xCE, 0xCE, 0xFC, 0x00, 0x88, 0x74, 0xFC, 0x00, 0x47, 0xC7, 0x0F, 0x00, 0xE8, 0x0E, 0x00, 0x00,
    0x24, 0x22, 0x42, 0x98, 0x44, 0x22, 0x42, 0x84, 0x28, 0x22, 0x42, 0x42, 0x8E, 0x22, 0x22, 0x42,
    0xE0, 0x24, 0x22, 0x22, 0xE0, 0x88, 0x24, 0x44, 0x00, 0x89, 0x48, 0x98, 0x00, 0xCE, 0xC8, 0x24,
    0x6F, 0xAB, 0xAF, 0xA6, 0xB9, 0xF6, 0x2A, 0xA3, 0xB9, 0x2A, 0xBF, 0x6B, 0x98, 0x2A, 0xA5, 0xB6,
    0x84, 0xA9, 0x65, 0xBA, 0x44, 0x98, 0xAB, 0x62, 0x84, 0x8E, 0xBF, 0x25, 0x82, 0x98, 0xBC, 0x5A,
    0xF0, 0x7E, 0x47, 0xE7, 0x00, 0xE0, 0xEE, 0x0E, 0x00, 0x00, 0x00, 0x00, 0x00, 0x00, 0x00, 0x00,
    0x00, 0x00, 0x00, 0x00, 0x00, 0x00, 0x00, 0x00, 0x00, 0x00, 0x00, 0x00, 0x00, 0x00, 0x00, 0x00,
    0x0E, 0x00, 0x00, 0x00, 0x00, 0x00, 0x00, 0x00, 0x00, 0x00, 0x00, 0x00, 0x00, 0x00, 0x00, 0x00,
    0x00, 0x00, 0x00, 0x00, 0x00, 0x00, 0x00, 0x00, 0x00, 0x00, 0x00, 0x00, 0x00, 0x00, 0x00, 0x00,
    0x00, 0x9E, 0x88, 0x99, 0x00, 0xE0, 0xCE, 0xAA, 0x00, 0xE0, 0xCC, 0xC6, 0x00, 0xE0, 0xC8, 0xC6,
    0x00, 0xE0, 0x74, 0x76, 0x00, 0xE0, 0x47, 0x44, 0x00, 0x00, 0xEE, 0xEE, 0x00, 0x00, 0x00, 0x00,
    0xA9, 0x8E, 0xBE, 0xA0, 0xEA, 0x4E, 0x0E, 0x00, 0x78, 0x74, 0x0E, 0x00, 0x8C, 0xE7, 0x00, 0x00,
    0x84, 0xE4, 0x00, 0x00, 0x44, 0xE7, 0x00, 0x00, 0xEE, 0x0E, 0x00, 0x00, 0x00, 0x00, 0x00, 0x00,
    0x00, 0x00, 0x00, 0x00, 0x00, 0x00, 0x00, 0x00, 0x00, 0x00, 0x00, 0x00, 0x00, 0x00, 0x00, 0x00,
    0x00, 0x00, 0x00, 0x00, 0x00, 0x00, 0x00, 0x00, 0x00, 0x00, 0x00, 0x00, 0x66, 0x0A, 0x00, 0x00,
    0xA2, 0x00, 0x00, 0x00, 0x0A, 0x00, 0x00, 0x00, 0xA3, 0x00, 0x00, 0x00, 0xA6, 0x0A, 0x00, 0x00,
    0x0A, 0x00, 0x00, 0x00, 0x00, 0x00, 0x00, 0x00, 0x00, 0x00, 0x00, 0x00, 0x00, 0x00, 0x00, 0x00,
    0x0D, 0x00, 0x00, 0x00, 0x0D, 0x00, 0x00, 0x00, 0x07, 0x00, 0x00, 0x00, 0x0D, 0x00, 0x00, 0x00,
    0x0D, 0x00, 0x00, 0x00, 0x0D, 0x00, 0x00, 0x00, 0x0D, 0x00, 0xD0, 0x0D, 0x00, 0x00, 0x7D, 0xD4,
    0x00, 0xD0, 0x41, 0xD1, 0x00, 0xD0, 0x7D, 0xD4, 0x00, 0x00, 0x4D, 0x0D, 0x00, 0x40, 0xD7, 0x0D,
    0x00, 0x70, 0x00, 0x00, 0x0A, 0x07, 0x00, 0x00, 0x4A, 0x07, 0x00, 0x00, 0xA6, 0x00, 0x00, 0x00,
    0xA2, 0x00, 0x00, 0x00, 0x55, 0x0A, 0x00, 0x00, 0x6A, 0x0A, 0x00, 0x00, 0x56, 0x0A, 0x00, 0x00,
    0x62, 0x0A, 0x00, 0x00, 0x62, 0x0A, 0x00, 0x00, 0xA2, 0x0B, 0x00, 0x00, 0x65, 0x0B, 0x00, 0x00,
    0xBB, 0x00, 0x00, 0x00, 0x00, 0x00, 0x00, 0x00, 0x00, 0x00, 0x00, 0x00, 0x00, 0x00, 0x00, 0x00,
    0x00, 0x00, 0x00, 0x00, 0x00, 0x00, 0x00, 0x00, 0x00, 0x00, 0x00, 0x00, 0x00, 0x00, 0x00, 0x00,
    0x00, 0x00, 0x00, 0x00, 0x00, 0x00, 0x00, 0x00, 0x00, 0x00, 0x00, 0xE0, 0x00, 0x00, 0x00, 0x7E,
    0x00, 0xE0, 0xEE, 0x47, 0x00, 0x7E, 0xE4, 0x84, 0xE0, 0x47, 0xC6, 0xC8, 0x7E, 0x84, 0xC6, 0xEF,
    0x00, 0x00, 0x00, 0xE0, 0x00, 0x00, 0xE0, 0x99, 0xEF, 0x00, 0x9E, 0x48, 0xC4, 0x90, 0x89, 0x89,
    0xC6, 0x9E, 0x99, 0x88, 0xE6, 0x8C, 0x44, 0x44, 0x9C, 0x48, 0x88, 0x24, 0x48, 0x22, 0x22, 0x24,
    0x89, 0x88, 0x88, 0x00, 0x48, 0x22, 0x42, 0x42, 0x22, 0x44, 0x44, 0x84, 0x99, 0x88, 0x49, 0xE8,
    0x48, 0x44, 0x98, 0xDE, 0x24, 0x22, 0x98, 0xE4, 0x22, 0x22, 0x84, 0xDE, 0x22, 0x48, 0x84, 0x8E,
    0x00, 0x00, 0x00, 0x00, 0x47, 0x0E, 0x00, 0x00, 0x8E, 0xD9, 0x0E, 0x00, 0xCD, 0xEC, 0xEE, 0x0E,
    0x89, 0xEE, 0x89, 0xEE, 0xED, 0xEE, 0x55, 0x98, 0xC9, 0x8E, 0x91, 0x57, 0x89, 0x8E, 0x11, 0x29,
    0x7E, 0xC8, 0xC6, 0xEE, 0x4E, 0xC8, 0x6E, 0x4E, 0x7E, 0xE8, 0xEA, 0x9E, 0xE0, 0xE8, 0xCC, 0x9E,
    0xE0, 0x87, 0xEE, 0x84, 0x00, 0x4E, 0xE8, 0x88, 0x00, 0x4E, 0xEE, 0x99, 0x00, 0xF0, 0xC7, 0xEE,
    0x24, 0x22, 0x22, 0x44, 0x49, 0x82, 0x44, 0x84, 0x49, 0x44, 0x84, 0x98, 0x88, 0x44, 0x98, 0xE9,
    0x44, 0x88, 0xE9, 0x0E, 0x89, 0x99, 0x0E, 0x00, 0x98, 0xEE, 0x00, 0x00, 0xE9, 0x00, 0x00, 0x00,
    0x42, 0x44, 0xE8, 0xC9, 0x89, 0x94, 0xE8, 0xE8, 0x99, 0x48, 0x9E, 0xED, 0xEE, 0x99, 0xEC, 0xEC,
    0x00, 0xEE, 0xEE, 0xEE, 0x00, 0x00, 0x00, 0x00, 0x00, 0xEE, 0xEE, 0x0E, 0xE0, 0x3E, 0x6B, 0xB3,
    0xE8, 0xBE, 0x91, 0x12, 0x9C, 0x9E, 0x21, 0x29, 0xED, 0x28, 0x92, 0x32, 0xEE, 0x98, 0x79, 0x55,
    0x0E, 0x00, 0x9E, 0xB9, 0x00, 0x00, 0xE0, 0x28, 0x00, 0xEE, 0xEE, 0x24, 0xEE, 0x6B, 0xC3, 0x5E,
    0x00, 0x00, 0x00, 0x00, 0x00, 0x00, 0x00, 0x00, 0x00, 0x00, 0x00, 0x00, 0x00, 0x00, 0xA0, 0x00,
    0xEE, 0x00, 0x3A, 0xAA, 0xEE, 0xEE, 0x63, 0xB6, 0x89, 0xE9, 0x6E, 0x3B, 0x55, 0x95, 0xB6, 0x23,
    0x00, 0x00, 0x00, 0x00, 0x00, 0x00, 0x00, 0x00, 0x00, 0x00, 0x00, 0x00, 0xAA, 0x00, 0x00, 0x00,
    0x36, 0xAA, 0x0A, 0x00, 0x2B, 0x63, 0xA2, 0x0A, 0xA3, 0x23, 0x36, 0xA6, 0x2B, 0x62, 0xA2, 0xA3,
    0x11, 0x52, 0x3B, 0xB2, 0x11, 0x41, 0x2A, 0x32, 0x12, 0x42, 0x6B, 0x3A, 0x19, 0x19, 0xAE, 0x22,
    0x92, 0x91, 0x0B, 0xA6, 0x11, 0x42, 0x6B, 0x3A, 0x12, 0x52, 0xAE, 0x23, 0x22, 0xE5, 0x63, 0x6A,
    0x63, 0x3A, 0x32, 0x36, 0xA6, 0x23, 0x63, 0xA2, 0x63, 0x62, 0xA2, 0x26, 0x26, 0x3A, 0x3A, 0x63,
    0x33, 0x32, 0x26, 0x32, 0x62, 0x3A, 0x3A, 0x22, 0xA6, 0x23, 0xA3, 0x66, 0x62, 0x62, 0x36, 0xA2,
    0x00, 0xF0, 0xCC, 0xEC, 0x00, 0x00, 0xFF, 0xFF, 0x00, 0x00, 0x00, 0x00, 0x00, 0x00, 0x00, 0x00,
    0x00, 0x00, 0x00, 0x00, 0x00, 0x00, 0x00, 0x00, 0x00, 0x00, 0x00, 0x00, 0x00, 0x00, 0x00, 0x00,
    0x0E, 0x00, 0x00, 0x00, 0x00, 0x00, 0x00, 0x00, 0x00, 0x00, 0x00, 0x00, 0x00, 0x00, 0x00, 0x00,
    0x00, 0x00, 0x00, 0x00, 0x00, 0x00, 0x00, 0x00, 0x00, 0x00, 0x00, 0x00, 0x00, 0x00, 0x00, 0x00,
    0xE0, 0x63, 0x3B, 0x62, 0xE0, 0x33, 0x32, 0x32, 0x00, 0x6E, 0x23, 0x33, 0x00, 0xE0, 0x36, 0xB2,
    0x00, 0x00, 0xEE, 0x0C, 0x00, 0x00, 0x00, 0x00, 0x00, 0x00, 0x00, 0x00, 0x00, 0x00, 0x00, 0x00,
    0xC4, 0x22, 0x32, 0xEC, 0x7E, 0x3C, 0xB6, 0xCB, 0xE7, 0xBB, 0x00, 0x00, 0x00, 0x00, 0x00, 0x00,
    0x00, 0x00, 0x00, 0x00, 0x00, 0x00, 0x00, 0x00, 0x00, 0x00, 0x00, 0x00, 0x00, 0x00, 0x00, 0x00,
    0xBB, 0x0E, 0x3A, 0x3A, 0xEE, 0x00, 0xA0, 0xA0, 0x00, 0x00, 0x00, 0x00, 0x00, 0x00, 0x00, 0x00,
    0x00, 0x00, 0x00, 0x00, 0x00, 0x00, 0x00, 0x00, 0x00, 0x00, 0x00, 0x00, 0x00, 0x00, 0x00, 0x00,
    0xA6, 0xA3, 0xAA, 0x36, 0x36, 0x2A, 0x06, 0x00, 0xA6, 0xA0, 0x06, 0x00, 0x0A, 0x00, 0x0A, 0x00,
    0x00, 0x00, 0x00, 0x00, 0x00, 0x00, 0x00, 0x00, 0x00, 0x00, 0x00, 0x00, 0x00, 0x00, 0x00, 0x00,
    0xA6, 0x00, 0x00, 0x00, 0x32, 0x0A, 0x00, 0x00, 0xA6, 0x00, 0x00, 0x00, 0xAA, 0x00, 0x00, 0x00,
    0xA2, 0x00, 0x00, 0x00, 0x23, 0x0A, 0x00, 0x00, 0x66, 0xA6, 0x00, 0x00, 0x00, 0x00, 0x00, 0x00,
    0x0A, 0x00, 0x00, 0x00, 0x00, 0x00, 0x00, 0x00, 0x00, 0x00, 0x00, 0x00, 0x00, 0x00, 0x00, 0x00,
    0x00, 0x00, 0x00, 0x00, 0x00, 0x00, 0x00, 0x00, 0x00, 0x00, 0x00, 0x00, 0x00, 0x00, 0x00, 0x00,
};
static const u16 sSet11Frame0[] = {
    0x0004, 0x00D7, 0x81F0, 0x0000, 0x40F7, 0x81F0, 0x0010, 0x80D7, 0x4010, 0x0018, 0x80F7, 0x0010,
    0x001C, 0x0000,
};
static const u16 sSet11Frame1[] = {
    0x0005, 0x40EE, 0x81FC, 0x001E, 0x00EE, 0x401C, 0x0026, 0x40FE, 0x41FC, 0x002A, 0x40FE, 0x001C,
    0x002E, 0x80F6, 0x002C, 0x0030, 0x0000,
};
static const void* const sSet11Frames[] = { sSet11Frame0, sSet11Frame1 };

static const u16 sBattleAnim44[] = {
    0x0040, 0x0040, 0x0007, 0x0000, 0x0006, 0x0000, 0x0005, 0x0000, 0x0007, 0x0000, 0x0009, 0x0000,
    0x000A, 0x0000, 0x0028, 0x0001, 0x0006,
};
static const u16 sBattleAnim45[] = {
    0x0040, 0x0040, 0x0006, 0x0000, 0x0006, 0x0000, 0x0005, 0x0000, 0x0007, 0x0000, 0x0009, 0x0000,
    0x000A, 0x0001, 0x001E,
};
static const u8 sTiles12[] __attribute__((aligned(4))) = {
    0x00, 0x00, 0x00, 0x99, 0x00, 0x00, 0x00, 0x00, 0x00, 0x00, 0x00, 0x00, 0x00, 0x00, 0x00, 0x00,
    0x00, 0x00, 0x00, 0x00, 0x00, 0x00, 0x00, 0x00, 0x00, 0x00, 0x00, 0x00, 0x00, 0x00, 0x00, 0x00,
    0x99, 0x59, 0x53, 0x39, 0x90, 0x35, 0x93, 0x35, 0x59, 0x59, 0x95, 0x95, 0x99, 0x59, 0x3A, 0x95,
    0x00, 0x99, 0x59, 0x93, 0x00, 0xB0, 0x95, 0x95, 0x00, 0xEC, 0x27, 0x5B, 0xC0, 0x8D, 0x7E, 0xB2,
    0x35, 0x96, 0x95, 0xE9, 0x99, 0x95, 0x93, 0x79, 0x66, 0x99, 0xA9, 0x27, 0x39, 0xE5, 0xAA, 0x22,
    0x93, 0xE3, 0x12, 0x51, 0x55, 0xE9, 0x77, 0xE2, 0xB8, 0xED, 0xEE, 0xE2, 0xD8, 0xAC, 0x33, 0x9E,
    0x00, 0x00, 0x00, 0x00, 0x0E, 0x00, 0x00, 0x00, 0x0E, 0x00, 0x00, 0x00, 0x0E, 0x00, 0x00, 0x00,
    0xCC, 0x00, 0x00, 0x00, 0x9C, 0x0C, 0x00, 0x00, 0x99, 0xC9, 0x00, 0x00, 0x99, 0xCC, 0x00, 0x00,
    0x00, 0x00, 0x00, 0x00, 0x00, 0x00, 0x00, 0xC0, 0x00, 0x00, 0x00, 0x80, 0x00, 0x00, 0x00, 0x37,
    0x00, 0x00, 0x00, 0x38, 0x00, 0x00, 0x00, 0x37, 0x00, 0x00, 0x70, 0x35, 0x00, 0x00, 0x70, 0x25,
    0x9C, 0xC9, 0xC8, 0x12, 0xCC, 0x99, 0xCC, 0xEE, 0x87, 0xCD, 0x99, 0x8D, 0x33, 0x87, 0xDC, 0xD9,
    0x33, 0x55, 0xB7, 0x26, 0x31, 0x33, 0x58, 0x52, 0x32, 0x33, 0x28, 0xB5, 0x71, 0x31, 0x27, 0x45,
    0x3B, 0xAB, 0x62, 0x9E, 0xA6, 0x6D, 0x93, 0xC9, 0xA9, 0x66, 0xA2, 0xDC, 0xB6, 0x3B, 0xA3, 0xBA,
    0xBB, 0x56, 0xA3, 0xA5, 0x6B, 0x26, 0xA3, 0xBA, 0x36, 0x23, 0xC6, 0x25, 0x13, 0x22, 0xB6, 0x22,
    0xCC, 0x77, 0x00, 0x00, 0x7B, 0x55, 0x07, 0x00, 0x37, 0x23, 0x08, 0x00, 0x17, 0x43, 0x07, 0x00,
    0x2B, 0x52, 0x07, 0x00, 0x7D, 0x74, 0x0A, 0x00, 0xD7, 0x52, 0x77, 0x00, 0xDA, 0xA5, 0x47, 0x6F,
    0x00, 0x00, 0x00, 0x00, 0x00, 0x00, 0x00, 0xDD, 0x00, 0xD0, 0x7D, 0x41, 0x7D, 0x7D, 0xD4, 0x14,
    0x1D, 0xD7, 0x14, 0x14, 0x4D, 0x41, 0x11, 0x77, 0x70, 0x71, 0x77, 0x14, 0xD0, 0x47, 0x11, 0x41,
    0x00, 0x00, 0x70, 0x11, 0x00, 0x00, 0x80, 0x72, 0x0D, 0x00, 0x70, 0x7D, 0xD7, 0x00, 0x77, 0x47,
    0x74, 0x77, 0x14, 0x11, 0x47, 0x11, 0x41, 0xD7, 0x11, 0x74, 0xDD, 0xAF, 0xD7, 0xDD, 0xC0, 0xFC,
    0xD0, 0x14, 0x74, 0xDD, 0x00, 0xD7, 0xDD, 0x00, 0x00, 0x00, 0x00, 0x00, 0x00, 0x00, 0x00, 0x00,
    0x00, 0x00, 0x00, 0x00, 0x00, 0x00, 0x00, 0x00, 0x00, 0x00, 0x00, 0x00, 0x00, 0x00, 0x00, 0x00,
    0x0D, 0x00, 0x00, 0xCC, 0x00, 0x00, 0x00, 0x7C, 0x00, 0x00, 0x00, 0xC0, 0x00, 0x00, 0x00, 0x00,
    0x00, 0x00, 0x00, 0x00, 0x00, 0x00, 0x00, 0x00, 0x00, 0x00, 0x00, 0x00, 0x00, 0x00, 0x00, 0x00,
    0x17, 0x71, 0xA7, 0xA5, 0x77, 0xDD, 0xAF, 0x22, 0x77, 0x74, 0xFF, 0x52, 0x11, 0x41, 0xDF, 0xAB,
    0x74, 0xAD, 0x1D, 0x6A, 0xAD, 0xA6, 0xCF, 0xA1, 0xEA, 0xFA, 0xC9, 0x0C, 0xCE, 0x9A, 0x99, 0x0B,
    0x23, 0x12, 0xB6, 0xA6, 0x6C, 0x32, 0xB6, 0x5B, 0x3A, 0x62, 0x3A, 0x2B, 0xA6, 0xAB, 0xB6, 0x22,
    0x52, 0x26, 0x22, 0x65, 0x25, 0x52, 0xBA, 0xBB, 0x6A, 0xBB, 0x00, 0x00, 0x00, 0x00, 0x00, 0x00,
    0xBA, 0xDC, 0xF4, 0xFA, 0x66, 0xDD, 0xFD, 0xAA, 0xA5, 0x55, 0x7D, 0xC7, 0xB2, 0x66, 0x7D, 0x77,
    0xBA, 0xD7, 0xD4, 0xCB, 0xBB, 0x4D, 0xD7, 0x0D, 0x00, 0x4D, 0x71, 0xD4, 0x00, 0xD0, 0xDD, 0x0D,
    0xFF, 0x6F, 0x0A, 0x00, 0xCE, 0xDC, 0x0A, 0x00, 0xDC, 0x7D, 0x0B, 0x00, 0x77, 0xB9, 0x00, 0x00,
    0xBB, 0x0B, 0x00, 0x00, 0x00, 0x00, 0x00, 0x00, 0x00, 0x00, 0x00, 0x00, 0x00, 0x00, 0x00, 0x00,
    0x00, 0x00, 0x00, 0x00, 0x00, 0x00, 0x00, 0x00, 0x00, 0x00, 0x00, 0x00, 0x00, 0x00, 0x00, 0x00,
    0x00, 0x00, 0x00, 0x00, 0x00, 0x00, 0x00, 0x00, 0x00, 0x00, 0x00, 0x00, 0x00, 0x00, 0x00, 0x90,
    0x00, 0x00, 0x00, 0x99, 0x00, 0x90, 0x59, 0x33, 0x00, 0x59, 0x53, 0x55, 0x90, 0x35, 0x55, 0x35,
    0x90, 0x35, 0x35, 0x33, 0x59, 0x55, 0x33, 0x55, 0x39, 0x55, 0x55, 0xA5, 0x55, 0x55, 0x55, 0x55,
    0x99, 0x09, 0x00, 0x00, 0x55, 0x99, 0x09, 0x00, 0x53, 0x33, 0x99, 0x00, 0x5A, 0x35, 0x96, 0x00,
    0x96, 0x53, 0x95, 0x00, 0x95, 0x95, 0x69, 0x09, 0x5A, 0x39, 0x93, 0x96, 0x55, 0x95, 0x93, 0x93,
    0x00, 0x00, 0x00, 0x00, 0x00, 0x00, 0x00, 0x00, 0x00, 0x00, 0x00, 0x00, 0x00, 0x00, 0x00, 0x00,
    0x00, 0x00, 0x00, 0x00, 0x00, 0x00, 0x00, 0x00, 0x00, 0x00, 0x00, 0x00, 0x66, 0xE6, 0x00, 0x00,
    0x97, 0x99, 0x99, 0x0C, 0x99, 0xB9, 0xCB, 0x00, 0xBB, 0x0C, 0x00, 0x00, 0x00, 0x00, 0x00, 0x00,
    0x00, 0x00, 0x00, 0x00, 0x00, 0x00, 0x00, 0x00, 0x00, 0x00, 0x00, 0x00, 0x00, 0x00, 0x00, 0x00,
    0x00, 0xA0, 0x32, 0x66, 0x00, 0x00, 0x2A, 0x63, 0x00, 0xA0, 0xA3, 0x26, 0x00, 0x6A, 0x66, 0x6A,
    0x00, 0x00, 0xAA, 0x3A, 0x00, 0x00, 0xB0, 0xA2, 0x00, 0x00, 0xA0, 0x23, 0x00, 0x00, 0x00, 0x3A,
    0x23, 0x62, 0x32, 0x3A, 0x32, 0x36, 0xA6, 0x63, 0xA3, 0x32, 0x33, 0x63, 0x6A, 0xA2, 0xA2, 0x23,
    0x36, 0x6A, 0x63, 0x6A, 0x4F, 0xA6, 0xA6, 0xA3, 0x14, 0xA6, 0xA2, 0x63, 0x32, 0x66, 0x3A, 0x6A,
    0x32, 0x0A, 0x00, 0x00, 0x33, 0x0A, 0x00, 0x00, 0xA6, 0x0A, 0x00, 0x00, 0x36, 0x0A, 0x00, 0x00,
    0x6A, 0xA6, 0x00, 0x00, 0xAA, 0x00, 0x00, 0x00, 0xA3, 0x00, 0x00, 0x00, 0x6A, 0x0A, 0x00, 0x00,
    0x00, 0x00, 0x00, 0x00, 0x00, 0x00, 0x00, 0x00, 0x00, 0x00, 0x00, 0x00, 0x00, 0x00, 0x00, 0x00,
    0x00, 0x00, 0x00, 0x00, 0x00, 0x00, 0x00, 0x00, 0x00, 0x00, 0x00, 0x00, 0x00, 0x00, 0x00, 0xD0,
    0x00, 0x00, 0x00, 0xCD, 0x00, 0x00, 0x50, 0x69, 0x00, 0x00, 0x20, 0x95, 0x00, 0x00, 0x15, 0x51,
    0x00, 0x00, 0x15, 0x51, 0x00, 0x00, 0x25, 0x21, 0x00, 0x00, 0x59, 0x52, 0x00, 0x00, 0x90, 0xE5,
    0x66, 0xBB, 0xAC, 0xA6, 0xBC, 0x6A, 0xAC, 0x9A, 0xA6, 0x36, 0x6A, 0xD5, 0x1C, 0x17, 0xCC, 0xEE,
    0x59, 0x91, 0x25, 0x5E, 0x15, 0x17, 0xEC, 0x25, 0xED, 0xC4, 0x99, 0x22, 0xCE, 0xC7, 0xE5, 0x59,
    0x06, 0x00, 0x00, 0x00, 0xED, 0x00, 0x00, 0x00, 0x5E, 0x0D, 0x00, 0x00, 0x22, 0x05, 0x00, 0x00,
    0x21, 0x52, 0x00, 0x00, 0x11, 0x52, 0x00, 0x00, 0x11, 0x52, 0x00, 0x00, 0x12, 0x25, 0x05, 0x00,
    0x00, 0x00, 0x00, 0x1D, 0x00, 0xD0, 0xD0, 0x47, 0x00, 0x7D, 0x1D, 0x77, 0x00, 0x17, 0x1D, 0x41,
    0x00, 0x17, 0x47, 0x74, 0x00, 0x4D, 0x74, 0x17, 0x00, 0x7D, 0x17, 0x41, 0xD0, 0x17, 0x41, 0xD7,
    0x00, 0x00, 0xA0, 0x62, 0x00, 0x00, 0x00, 0x2A, 0x00, 0x00, 0x00, 0x3A, 0x00, 0x00, 0x00, 0x6A,
    0x00, 0x00, 0x00, 0x6A, 0x00, 0x00, 0x00, 0x6A, 0x00, 0x00, 0x00, 0xA2, 0x00, 0x00, 0xE0, 0xAA,
    0xE9, 0x4E, 0xEC, 0xEE, 0xC9, 0x7C, 0xCE, 0x22, 0xE6, 0x4C, 0x2E, 0xC5, 0xC2, 0x7E, 0xA2, 0x62,
    0x32, 0xAC, 0xBB, 0xA5, 0x62, 0x33, 0x66, 0x2B, 0x33, 0x22, 0x23, 0x53, 0x26, 0x32, 0xBA, 0x6A,
    0xCC, 0x1E, 0x52, 0x70, 0xEE, 0x59, 0x79, 0x17, 0x63, 0x71, 0x17, 0x41, 0xDA, 0x17, 0x41, 0xD7,
    0xFB, 0x41, 0xD7, 0x0D, 0xF5, 0xDF, 0xCD, 0x0C, 0x76, 0xCD, 0xCC, 0x0C, 0xAA, 0xCB, 0x9C, 0xC4,
    0x17, 0x41, 0xD7, 0x0D, 0x41, 0xD7, 0x0D, 0x00, 0xD7, 0x0D, 0x00, 0x00, 0x0D, 0x00, 0x00, 0x00,
    0x00, 0x00, 0x00, 0x00, 0x00, 0x00, 0x00, 0x00, 0x00, 0x00, 0x00, 0x00, 0x00, 0x00, 0x00, 0x00,
    0x00, 0x00, 0x90, 0xBB, 0x00, 0x00, 0x4E, 0x5A, 0x00, 0x00, 0x4E, 0x6B, 0x00, 0x00, 0x2E, 0xB9,
    0x00, 0x00, 0x8E, 0xB2, 0x00, 0x00, 0xE0, 0x7D, 0x00, 0x00, 0xE0, 0xD4, 0x00, 0x00, 0xE0, 0x27,
    0x3A, 0xB6, 0xB3, 0xA6, 0x6B, 0xB3, 0x66, 0x6B, 0xE5, 0x3E, 0x3B, 0x2B, 0x65, 0xBB, 0xBB, 0x55,
    0x25, 0x56, 0x22, 0xA6, 0x26, 0x22, 0xA6, 0xAA, 0x5B, 0xA5, 0xAB, 0x00, 0xB4, 0xBB, 0x0E, 0x00,
    0xB5, 0xCA, 0x49, 0x94, 0xA2, 0x4C, 0x44, 0x11, 0xB5, 0x8C, 0x74, 0x11, 0xBA, 0x8E, 0x14, 0x11,
    0x0B, 0x8C, 0x14, 0x11, 0x00, 0x8C, 0x14, 0x11, 0x00, 0xCF, 0x44, 0x11, 0x00, 0xE0, 0x48, 0x44,
    0x00, 0x00, 0x00, 0x00, 0xE4, 0x00, 0x00, 0x00, 0xC4, 0x00, 0x00, 0x00, 0xC4, 0x00, 0x00, 0x00,
    0x81, 0x0E, 0x00, 0x00, 0x41, 0x0E, 0x00, 0x00, 0x41, 0xEC, 0x00, 0x00, 0x44, 0xE4, 0x00, 0x00,
    0x00, 0x00, 0x2E, 0x78, 0x00, 0x00, 0x49, 0x72, 0x00, 0x00, 0xEE, 0x78, 0x00, 0xC0, 0x6C, 0x4E,
    0xE0, 0x6C, 0xE6, 0x7A, 0x4E, 0xC6, 0xCC, 0x7C, 0x7E, 0x84, 0xCC, 0x8E, 0xE0, 0x47, 0x88, 0x48,
    0x44, 0x88, 0x0E, 0x00, 0x88, 0x94, 0xE9, 0x00, 0x42, 0x98, 0xEE, 0x00, 0x88, 0xE9, 0x0C, 0x00,
    0xCE, 0xCE, 0x0C, 0x00, 0x88, 0x74, 0x0C, 0x00, 0xD4, 0xC7, 0x00, 0x00, 0x1D, 0x0D, 0x00, 0x00,
    0x00, 0xE0, 0x48, 0x44, 0x00, 0xE0, 0x88, 0x48, 0x00, 0xC0, 0x48, 0x11, 0x00, 0xC0, 0x89, 0x28,
    0x00, 0xE0, 0xE8, 0x9A, 0x00, 0xE0, 0xE4, 0xAE, 0x00, 0xE0, 0x47, 0x87, 0x00, 0x00, 0x7E, 0xC8,
    0x44, 0xE8, 0x0C, 0x00, 0x84, 0x81, 0x0C, 0x00, 0x11, 0x84, 0x09, 0x00, 0x42, 0xEC, 0x09, 0x00,
    0x99, 0xE8, 0x00, 0x00, 0xAA, 0xEC, 0x00, 0x00, 0x6C, 0xCC, 0x0E, 0x00, 0x6C, 0x8C, 0x0E, 0x00,
    0x00, 0x7E, 0x47, 0xE7, 0x00, 0xE0, 0xEE, 0x0E, 0x00, 0x00, 0x00, 0x00, 0x00, 0x00, 0x00, 0x00,
    0x00, 0x00, 0x00, 0x00, 0x00, 0x00, 0x00, 0x00, 0x00, 0x00, 0x00, 0x00, 0x00, 0x00, 0x00, 0x00,
    0x7D, 0x0D, 0x00, 0x00, 0x4D, 0xD7, 0x00, 0x00, 0x4D, 0xD7, 0x00, 0x00, 0xD0, 0x0D, 0x00, 0x00,
    0x00, 0x00, 0x00, 0x00, 0x00, 0x00, 0x00, 0x00, 0x00, 0x00, 0x00, 0x00, 0x00, 0x00, 0x00, 0x00,
    0x00, 0x00, 0x4E, 0x48, 0x00, 0x00, 0x7E, 0x44, 0x00, 0x00, 0xEF, 0xEE, 0x00, 0x00, 0x00, 0x00,
    0x00, 0x00, 0x00, 0x00, 0x00, 0x00, 0x00, 0x00, 0x00, 0x00, 0x00, 0x00, 0x00, 0x00, 0x00, 0x00,
    0x67, 0x47, 0x0E, 0x00, 0x44, 0x74, 0x0E, 0x00, 0xEE, 0xEE, 0x00, 0x00, 0x00, 0x00, 0x00, 0x00,
    0x00, 0x00, 0x00, 0x00, 0x00, 0x00, 0x00, 0x00, 0x00, 0x00, 0x00, 0x00, 0x00, 0x00, 0x00, 0x00,
    0x00, 0x00, 0x00, 0x0A, 0x00, 0x00, 0x00, 0xA6, 0x00, 0x00, 0x00, 0x26, 0x00, 0x00, 0x0A, 0x26,
    0x00, 0x00, 0xA3, 0x26, 0x00, 0x00, 0x26, 0x26, 0x00, 0x00, 0x3A, 0x36, 0x00, 0x6A, 0xA6, 0xA3,
    0x00, 0x00, 0x00, 0x00, 0x00, 0x0A, 0x00, 0x00, 0x0A, 0xA6, 0x00, 0x00, 0xA2, 0x23, 0x0A, 0x0A,
    0x63, 0x36, 0xA2, 0xA3, 0x62, 0x62, 0x66, 0x63, 0xA2, 0x23, 0x33, 0xA6, 0x66, 0x3A, 0x3A, 0x33,
    0x00, 0x00, 0x00, 0x00, 0x00, 0x00, 0x00, 0x00, 0x00, 0x00, 0x00, 0x00, 0x00, 0x00, 0x00, 0x00,
    0x00, 0x00, 0x00, 0x00, 0x00, 0x00, 0x00, 0x00, 0x00, 0x00, 0x00, 0x00, 0x0D, 0x00, 0x00, 0x00,
    0xD4, 0x00, 0x00, 0x00, 0xD1, 0x00, 0x00, 0x00, 0x41, 0x0D, 0x00, 0x00, 0x74, 0x0D, 0x00, 0x00,
    0x17, 0xD4, 0x00, 0x00, 0x41, 0xD7, 0x00, 0x00, 0xD7, 0x0D, 0x00, 0x00, 0x0D, 0x00, 0x00, 0x00,
    0x00, 0x00, 0x00, 0x00, 0x00, 0x00, 0x00, 0x00, 0x00, 0x00, 0x00, 0x00, 0x00, 0x00, 0x00, 0x00,
    0x00, 0x00, 0x00, 0x00, 0x00, 0x00, 0x00, 0x00, 0x0A, 0x00, 0x00, 0x00, 0xA6, 0x00, 0x00, 0x00,
};
static const u16 sSet12Frame0[] = {
    0x0007, 0x40E8, 0x81ED, 0x0000, 0x00F8, 0x41E5, 0x0008, 0x40F8, 0x41F5, 0x000C, 0x40E0, 0x01ED,
    0x0010, 0x00E0, 0x01FD, 0x0012, 0x00F0, 0x000D, 0x0013, 0x0000, 0x01F5, 0x0014, 0x0000,
};
static const u16 sSet12Frame1[] = {
    0x0005, 0x00D5, 0x81EC, 0x0015, 0x40F5, 0x81EC, 0x0025, 0x40CD, 0x01EC, 0x002D, 0x80D5, 0x000C,
    0x002F, 0x00CD, 0x01FC, 0x0031, 0x0000,
};
static const void* const sSet12Frames[] = { sSet12Frame0, sSet12Frame1 };

static const u16 sBattleAnim46[] = {
    0x0040, 0x0040, 0x0001, 0x0000, 0x0006,
};
static const u16 sBattleAnim47[] = {
    0x0040, 0x0040, 0x0005, 0x0000, 0x0005, 0x0000, 0x0005, 0x0001, 0x0009, 0x0001, 0x000A, 0x0002,
    0x0009,
};
static const u16 sBattleAnim48[] = {
    0x0040, 0x0040, 0x0005, 0x0000, 0x0006, 0x0000, 0x0006, 0x0001, 0x000B, 0x0001, 0x000C, 0x0002,
    0x000B,
};
static const u16 sBattleAnim49[] = {
    0x0040, 0x0040, 0x0005, 0x0000, 0x0008, 0x0000, 0x0008, 0x0001, 0x000D, 0x0001, 0x000F, 0x0002,
    0x000C,
};
static const u16 sBattleAnim50[] = {
    0x0040, 0x0040, 0x0005, 0x0000, 0x0009, 0x0000, 0x000B, 0x0001, 0x000E, 0x0001, 0x000F, 0x0002,
    0x000C,
};
static const u16 sBattleAnim51[] = {
    0x0040, 0x0040, 0x0007, 0x0000, 0x0006, 0x0000, 0x0008, 0x0000, 0x0006, 0x0000, 0x0007, 0x0000,
    0x0007, 0x0000, 0x0007, 0x0000, 0x0007,
};
static const u16 sBattleAnim52[] = {
    0x0040, 0x0040, 0x0007, 0x0000, 0x0008, 0x0000, 0x000A, 0x0000, 0x0008, 0x0001, 0x000E, 0x0001,
    0x0012, 0x0001, 0x0008, 0x0002, 0x000C,
};
static const u16 sBattleAnim53[] = {
    0x0040, 0x0040, 0x0006, 0x0000, 0x0008, 0x0000, 0x0007, 0x0000, 0x0006, 0x0001, 0x0006, 0x0001,
    0x0007, 0x0002, 0x0008,
};
static const u16 sBattleAnim54[] = {
    0x0040, 0x0040, 0x0004, 0x0000, 0x0004, 0x0000, 0x0005, 0x0001, 0x0006, 0x0002, 0x0008,
};
static const u16 sBattleAnim55[] = {
    0x0040, 0x0040, 0x0005, 0x0000, 0x0006, 0x0000, 0x0006, 0x0001, 0x0008, 0x0001, 0x000C, 0x0002,
    0x000A,
};
static const u16 sBattleAnim56[] = {
    0x0040, 0x0040, 0x0001, 0x0000, 0x0004,
};
static const u16 sBattleAnim57[] = {
    0x0040, 0x0040, 0x0006, 0x0000, 0x0004, 0x0000, 0x0003, 0x0000, 0x0005, 0x0001, 0x0008, 0x0001,
    0x0006, 0x0002, 0x0005,
};
static const u16 sBattleAnim58[] = {
    0x0040, 0x0040, 0x0003, 0x0000, 0x0006, 0x0001, 0x0008, 0x0002, 0x0008,
};
static const u16 sBattleAnim59[] = {
    0x0040, 0x0040, 0x0002, 0x0000, 0x0006, 0x0002, 0x0008,
};
static const u16 sBattleAnim60[] = {
    0x0040, 0x0040, 0x0003, 0x0000, 0x0007, 0x0001, 0x000A, 0x0002, 0x0018,
};
static const u16 sBattleAnim61[] = {
    0x0040, 0x0040, 0x0010, 0x0000, 0x0007, 0x0000, 0x0006, 0x0000, 0x0007, 0x0000, 0x0006, 0x0000,
    0x0006, 0x0000, 0x000C, 0x0000, 0x000A, 0x0000, 0x000A, 0x0001, 0x000A, 0x0001, 0x000A, 0x0001,
    0x000A, 0x0001, 0x000B, 0x0001, 0x000F, 0x0001, 0x0008, 0x0001, 0x0006, 0x0002, 0x0018,
};
static const u16 sBattleAnim62[] = {
    0x0040, 0x0040, 0x0001, 0x0000, 0x0018,
};
static const u16 sBattleAnim63[] = {
    0x0040, 0x0040, 0x0002, 0x0000, 0x000A, 0x0002, 0x0008,
};
static const u16 sBattleAnim64[] = {
    0x0040, 0x0040, 0x0003, 0x0000, 0x0006, 0x0001, 0x0008, 0x0002, 0x0006,
};
static const u16 sBattleAnim65[] = {
    0x0040, 0x0040, 0x0003, 0x0000, 0x0005, 0x0001, 0x0008, 0x0002, 0x0006,
};
static const u16 sBattleAnim66[] = {
    0x0040, 0x0040, 0x0001, 0x0000, 0x0004,
};
static const u16 sBattleAnim67[] = {
    0x0040, 0x0040, 0x0005, 0x0000, 0x0006, 0x0000, 0x0005, 0x0001, 0x0008, 0x0001, 0x0008, 0x0002,
    0x0007,
};
static const u16 sBattleAnim68[] = {
    0x0040, 0x0040, 0x000E, 0x0000, 0x0008, 0x0000, 0x0006, 0x0000, 0x0008, 0x0000, 0x0006, 0x0000,
    0x0005, 0x0000, 0x0004, 0x0000, 0x0005, 0x0001, 0x0005, 0x0001, 0x0005, 0x0001, 0x0006, 0x0001,
    0x0006, 0x0001, 0x0008, 0x0001, 0x000A, 0x0002, 0x0005,
};
static const u16 sBattleAnim69[] = {
    0x0040, 0x0040, 0x0008, 0x0000, 0x0006, 0x0000, 0x0007, 0x0000, 0x0014, 0x0000, 0x000A, 0x0001,
    0x000A, 0x0001, 0x0006, 0x0001, 0x0007, 0x0002, 0x000A,
};
static const u16 sBattleAnim70[] = {
    0x0040, 0x0040, 0x0009, 0x0000, 0x0004, 0x0000, 0x0006, 0x0000, 0x0007, 0x0000, 0x0006, 0x0001,
    0x0004, 0x0001, 0x0004, 0x0001, 0x000C, 0x0001, 0x0006, 0x0002, 0x0005,
};
static const u16 sBattleAnim71[] = {
    0x0040, 0x0040, 0x0007, 0x0000, 0x0005, 0x0000, 0x0008, 0x0000, 0x000A, 0x0001, 0x0008, 0x0001,
    0x0006, 0x0001, 0x0006, 0x0002, 0x0006,
};
static const u16 sBattleAnim72[] = {
    0x0040, 0x0040, 0x0001, 0x0000, 0x0004,
};
static const u16 sBattleAnim73[] = {
    0x0040, 0x0040, 0x0004, 0x0000, 0x0006, 0x0000, 0x000A, 0x0001, 0x0008, 0x0002, 0x0007,
};
static const u16 sBattleAnim74[] = {
    0x0040, 0x0040, 0x0005, 0x0000, 0x0005, 0x0000, 0x0008, 0x0001, 0x0007, 0x0001, 0x0009, 0x0002,
    0x0007,
};
static const u16 sBattleAnim75[] = {
    0x0040, 0x0040, 0x0001, 0x0000, 0x0004,
};
static const u16 sBattleAnim76[] = {
    0x0040, 0x0040, 0x0004, 0x0000, 0x0008, 0x0000, 0x000A, 0x0001, 0x0008, 0x0002, 0x0006,
};
static const void* const sBattleAnims[] = { sBattleAnim0, sBattleAnim1, sBattleAnim2, sBattleAnim3, sBattleAnim4, sBattleAnim5, sBattleAnim6, sBattleAnim7, sBattleAnim8, sBattleAnim9, sBattleAnim10, sBattleAnim11, sBattleAnim12, sBattleAnim13, sBattleAnim14, sBattleAnim15, sBattleAnim16, sBattleAnim17, sBattleAnim18, sBattleAnim19, sBattleAnim20, sBattleAnim21, sBattleAnim22, sBattleAnim23, sBattleAnim24, sBattleAnim25, sBattleAnim26, sBattleAnim27, sBattleAnim28, sBattleAnim29, sBattleAnim30, sBattleAnim31, sBattleAnim32, sBattleAnim33, sBattleAnim34, sBattleAnim35, sBattleAnim36, sBattleAnim37, sBattleAnim38, sBattleAnim39, sBattleAnim40, sBattleAnim41, sBattleAnim42, sBattleAnim43, sBattleAnim44, sBattleAnim45, sBattleAnim46, sBattleAnim47, sBattleAnim48, sBattleAnim49, sBattleAnim50, sBattleAnim51, sBattleAnim52, sBattleAnim53, sBattleAnim54, sBattleAnim55, sBattleAnim56, sBattleAnim57, sBattleAnim58, sBattleAnim59, sBattleAnim60, sBattleAnim61, sBattleAnim62, sBattleAnim63, sBattleAnim64, sBattleAnim65, sBattleAnim66, sBattleAnim67, sBattleAnim68, sBattleAnim69, sBattleAnim70, sBattleAnim71, sBattleAnim72, sBattleAnim73, sBattleAnim74, sBattleAnim75, sBattleAnim76 };

static const u8 sTiles13[] __attribute__((aligned(4))) = {
    0x00, 0x00, 0x00, 0x00, 0x00, 0x00, 0x00, 0x00, 0x00, 0xDD, 0x00, 0xD0, 0xD0, 0x47, 0xDD, 0x4D,
    0xD0, 0x14, 0x4D, 0x1D, 0xD0, 0x41, 0x17, 0x47, 0x70, 0x41, 0x11, 0x41, 0x4D, 0x44, 0x44, 0x44,
    0x00, 0x00, 0x00, 0xB0, 0x00, 0x00, 0x00, 0x00, 0x0D, 0x00, 0xF0, 0xFB, 0xD7, 0x00, 0x2B, 0x32,
    0xD4, 0xB0, 0x62, 0x3B, 0xD1, 0xB0, 0x33, 0x26, 0x71, 0xBD, 0xB6, 0xF3, 0x74, 0xD7, 0xDD, 0xDD,
    0x23, 0x63, 0x6E, 0xAE, 0x6B, 0xE6, 0xAE, 0xAB, 0xBF, 0xAB, 0x3B, 0x96, 0xCF, 0xEB, 0x5A, 0x96,
    0x66, 0xDF, 0x71, 0x91, 0x3B, 0xDF, 0x1C, 0xFC, 0xFF, 0xE0, 0x71, 0x91, 0xDD, 0xDD, 0xDD, 0xDD,
    0xEA, 0x99, 0x00, 0x00, 0x19, 0x95, 0xB9, 0xB6, 0x15, 0x51, 0x69, 0x32, 0x25, 0x52, 0x39, 0x36,
    0x55, 0xB5, 0xDB, 0x23, 0xF9, 0x5B, 0xF2, 0xCF, 0x9E, 0x26, 0xB6, 0x4F, 0xDD, 0x6B, 0x6B, 0xB6,
    0x4D, 0x11, 0x11, 0x11, 0x7D, 0x44, 0x44, 0x44, 0xD0, 0xDD, 0xDD, 0xDD, 0x00, 0x00, 0x00, 0x00,
    0x00, 0x00, 0x00, 0x00, 0x00, 0x00, 0x00, 0x00, 0x00, 0x00, 0x00, 0x00, 0x00, 0x00, 0x00, 0x00,
    0x11, 0x11, 0x11, 0x11, 0x44, 0x44, 0x44, 0x44, 0xDD, 0xDD, 0xDD, 0xDD, 0x00, 0x00, 0x00, 0x00,
    0x00, 0x00, 0x00, 0x00, 0x00, 0x00, 0x00, 0x00, 0x00, 0x00, 0x00, 0x00, 0x00, 0x00, 0x00, 0x00,
    0x11, 0x11, 0x11, 0x41, 0x44, 0x44, 0x44, 0x74, 0xDD, 0xDD, 0xDD, 0xDD, 0x00, 0x00, 0x80, 0x44,
    0x00, 0x00, 0x49, 0x42, 0x00, 0x00, 0x8F, 0x22, 0x00, 0x00, 0x4E, 0x24, 0x00, 0x00, 0x90, 0x24,
    0xFF, 0x55, 0xFB, 0xFB, 0xFF, 0x22, 0xF6, 0x33, 0xBB, 0xBB, 0x6B, 0x6F, 0x9C, 0x5B, 0xBB, 0xBF,
    0x92, 0x6B, 0x55, 0xBB, 0x92, 0xBC, 0xBB, 0x5B, 0x44, 0x91, 0x94, 0xFD, 0x22, 0x42, 0x81, 0xF8,
    0x00, 0x00, 0x00, 0xA0, 0x00, 0x00, 0x00, 0x60, 0x00, 0x00, 0x00, 0x60, 0x00, 0x00, 0xA0, 0x60,
    0x00, 0x00, 0x30, 0x6A, 0x00, 0x00, 0x60, 0x62, 0x00, 0x00, 0xA0, 0x63, 0x00, 0xA0, 0x66, 0x3A,
    0x00, 0x00, 0x00, 0x00, 0x0A, 0x0A, 0x00, 0x00, 0xA2, 0xA6, 0x00, 0x00, 0x22, 0x2A, 0x0A, 0x0A,
    0x32, 0x36, 0xA2, 0xA3, 0x22, 0x66, 0x66, 0x63, 0x23, 0x2A, 0x33, 0xA6, 0x6A, 0x36, 0x3A, 0x33,
    0x00, 0x00, 0x2A, 0x63, 0x00, 0x00, 0xA0, 0x32, 0x00, 0x00, 0x3A, 0x6A, 0x00, 0xA0, 0x66, 0xA6,
    0x00, 0x00, 0xA0, 0xAA, 0x00, 0x00, 0x00, 0xAB, 0x00, 0x00, 0x00, 0x2B, 0x00, 0x00, 0x00, 0x3B,
    0x36, 0x62, 0x32, 0x3A, 0x26, 0x33, 0xA6, 0x63, 0x32, 0x3A, 0x33, 0x63, 0xA6, 0xA6, 0xA2, 0x63,
    0x63, 0x63, 0x63, 0xAA, 0xAA, 0xAA, 0xA6, 0xA6, 0xFB, 0xB7, 0x66, 0x36, 0xF2, 0x31, 0x3B, 0xA6,
    0x22, 0x22, 0xBF, 0xBB, 0x22, 0x63, 0xBF, 0xB6, 0x33, 0x62, 0xBB, 0x7B, 0x6B, 0xBB, 0x6B, 0xDB,
    0xBB, 0x6B, 0xB2, 0x00, 0x55, 0x22, 0xB5, 0x00, 0xBE, 0x66, 0x0B, 0x00, 0xBB, 0xF8, 0x0F, 0x00,
    0x00, 0x00, 0x00, 0x00, 0x00, 0x00, 0x00, 0x00, 0x0D, 0x00, 0x00, 0x00, 0x04, 0x00, 0x00, 0x00,
    0x70, 0x77, 0x47, 0x77, 0x00, 0x00, 0x00, 0x00, 0x00, 0x00, 0x00, 0x00, 0x00, 0x00, 0x00, 0x00,
    0x4C, 0xF8, 0xFF, 0x0F, 0x4C, 0xF4, 0xEE, 0xFE, 0x4C, 0x9F, 0xEC, 0x8E, 0x4C, 0xCF, 0xCC, 0x7C,
    0x7C, 0xCF, 0xCC, 0x4C, 0x77, 0xCF, 0x4C, 0x77, 0x44, 0xCF, 0x87, 0xF8, 0x47, 0x7F, 0xF4, 0x0F,
    0x00, 0x00, 0x00, 0x00, 0x00, 0x00, 0x00, 0x00, 0x0F, 0x00, 0x00, 0x00, 0xF8, 0x00, 0x00, 0x00,
    0xF7, 0x00, 0x00, 0x00, 0x0F, 0x00, 0x00, 0x00, 0x00, 0x00, 0x00, 0x00, 0x00, 0x00, 0x00, 0x00,
    0x00, 0x00, 0x80, 0x41, 0x00, 0x00, 0x90, 0x88, 0x00, 0x00, 0x00, 0xE9, 0x00, 0x00, 0x00, 0x00,
    0x00, 0x00, 0x00, 0x00, 0x00, 0x00, 0x00, 0x00, 0x00, 0x00, 0x00, 0x00, 0x00, 0x00, 0x00, 0x00,
    0x24, 0x22, 0x82, 0xEE, 0x4F, 0x14, 0x88, 0xCE, 0x88, 0x4E, 0x98, 0xCC, 0xEE, 0x89, 0x49, 0xCC,
    0x00, 0xE0, 0xDE, 0xCD, 0x00, 0x00, 0xDD, 0xCD, 0x00, 0xD0, 0xDA, 0xCD, 0x00, 0xD0, 0xD6, 0xCC,
    0x00, 0xD0, 0xDD, 0xCC, 0x00, 0xD0, 0x46, 0x77, 0x00, 0xD0, 0x74, 0x44, 0x00, 0x00, 0xFF, 0xFF,
    0x00, 0x00, 0x00, 0x00, 0x00, 0x00, 0x00, 0x00, 0x00, 0x00, 0x00, 0x00, 0x00, 0x00, 0x00, 0x00,
    0x87, 0x8F, 0x0F, 0x00, 0xF4, 0xF4, 0x00, 0x00, 0xF8, 0x0F, 0x00, 0x00, 0x0F, 0x00, 0x00, 0x00,
    0x00, 0x00, 0x00, 0x00, 0x00, 0x00, 0x00, 0x00, 0x00, 0x00, 0x00, 0x00, 0x00, 0x00, 0x00, 0x00,
    0x00, 0x00, 0x00, 0x00, 0x00, 0x00, 0x00, 0x00, 0x00, 0x00, 0x00, 0x00, 0x00, 0x00, 0x00, 0x00,
    0x00, 0x00, 0x00, 0x00, 0x00, 0x00, 0x00, 0x00, 0x0A, 0x00, 0x00, 0x00, 0xA6, 0x00, 0x00, 0x00,
    0x32, 0x0A, 0x00, 0x00, 0x33, 0x0A, 0x00, 0x00, 0xA6, 0x0A, 0x00, 0x00, 0x6A, 0xA3, 0x00, 0x00,
    0xA3, 0xAA, 0x00, 0x00, 0x63, 0xA3, 0x00, 0x00, 0x6A, 0x6A, 0x0A, 0x00, 0xA6, 0x0B, 0x00, 0x00,
    0x00, 0x00, 0x00, 0x00, 0x00, 0x00, 0x00, 0x00, 0xFB, 0x00, 0x00, 0x00, 0x22, 0x6F, 0x0B, 0x00,
    0x63, 0x2F, 0xB2, 0x00, 0xC4, 0xF4, 0xBB, 0x0B, 0x47, 0xF7, 0x6B, 0x0B, 0x2B, 0x6F, 0x6F, 0x0B,
    0x00, 0x00, 0x00, 0x00, 0x00, 0x00, 0x00, 0x00, 0x00, 0x00, 0x00, 0x00, 0x00, 0x00, 0x00, 0x00,
    0x00, 0xD0, 0x0D, 0x00, 0xD4, 0x7D, 0xD7, 0x00, 0x1D, 0x47, 0xD4, 0x00, 0xD0, 0xDD, 0x0D, 0x00,
    0x00, 0x00, 0x00, 0xA0, 0x00, 0x00, 0x00, 0x0A, 0x00, 0x00, 0x00, 0xA0, 0x00, 0x00, 0x00, 0x60,
    0x00, 0x00, 0x00, 0x00, 0x00, 0x00, 0x00, 0x00, 0x00, 0x00, 0x00, 0x00, 0x00, 0x00, 0xB0, 0xFF,
    0x32, 0x66, 0x23, 0x62, 0x2A, 0x63, 0x32, 0x36, 0xA3, 0x26, 0xA3, 0x32, 0x66, 0x6A, 0x6A, 0xA2,
    0xAA, 0x3A, 0x36, 0x6A, 0xB0, 0x22, 0x7F, 0xAA, 0xB0, 0x23, 0x1F, 0xA3, 0x0F, 0x3B, 0x32, 0xE6,
    0x32, 0x3A, 0x32, 0x0A, 0xA6, 0x63, 0x33, 0x0A, 0x33, 0x63, 0xA6, 0x0A, 0xA2, 0x23, 0x36, 0x0A,
    0x63, 0x6A, 0x6A, 0x06, 0xA2, 0x63, 0xA3, 0xAA, 0x3A, 0x6A, 0x6A, 0xEA, 0xC6, 0xCA, 0x59, 0xED,
    0x00, 0x00, 0x00, 0x00, 0x00, 0x00, 0x00, 0x00, 0x00, 0x00, 0x00, 0x00, 0x00, 0x00, 0x00, 0x00,
    0x00, 0x00, 0x00, 0x00, 0xBB, 0x0B, 0xFF, 0xB0, 0x2E, 0xD3, 0x47, 0x5F, 0x6B, 0x72, 0x74, 0xFF,
    0x00, 0xB0, 0x36, 0x62, 0x00, 0x6B, 0x62, 0x6B, 0x00, 0x3B, 0x32, 0x26, 0x00, 0xB0, 0xB6, 0xF3,
    0x00, 0x00, 0xBB, 0xFF, 0x00, 0x00, 0x00, 0x00, 0x00, 0x00, 0x00, 0x00, 0x00, 0x00, 0x00, 0x00,
    0xFB, 0xB3, 0x66, 0xEE, 0x63, 0x61, 0xBB, 0xBE, 0xF6, 0xF3, 0x4F, 0xFE, 0xF3, 0xF6, 0xE0, 0x8E,
    0xFF, 0x0F, 0x10, 0x14, 0x00, 0x00, 0x00, 0x01, 0x00, 0x00, 0x10, 0x17, 0x00, 0x00, 0x00, 0x00,
    0xAA, 0x59, 0x25, 0xE5, 0x96, 0x15, 0x11, 0x52, 0x56, 0x12, 0x21, 0x95, 0x9F, 0x58, 0x55, 0xE9,
    0x19, 0x99, 0x99, 0xE9, 0x90, 0x11, 0xEE, 0xD7, 0x60, 0x1D, 0x7E, 0x14, 0xB0, 0x7D, 0x17, 0x41,
    0xEF, 0x4C, 0xD7, 0x36, 0xEA, 0x47, 0x36, 0x11, 0xFA, 0xFF, 0x12, 0x66, 0x5A, 0xF2, 0xF1, 0x22,
    0xAD, 0xB5, 0x33, 0x11, 0xAF, 0x52, 0xBB, 0x33, 0xFF, 0xA6, 0xA6, 0xBB, 0xD7, 0x5B, 0x52, 0x5A,
    0x00, 0x00, 0x00, 0x00, 0x00, 0x00, 0x00, 0x00, 0x00, 0x00, 0x00, 0x00, 0x00, 0x00, 0x00, 0x00,
    0x00, 0x00, 0x00, 0x00, 0xBB, 0x00, 0x00, 0x00, 0xB6, 0x0A, 0x00, 0x00, 0x5F, 0xA5, 0xD7, 0x77,
    0x00, 0x00, 0x00, 0x00, 0x00, 0x00, 0x00, 0x00, 0x00, 0x00, 0x00, 0xD0, 0x00, 0x00, 0xD0, 0x7D,
    0x00, 0x00, 0x1D, 0x47, 0x00, 0x00, 0xD4, 0xDD, 0x40, 0x77, 0x00, 0x00, 0x77, 0x00, 0x00, 0x00,
    0xF2, 0x66, 0x4D, 0x00, 0xF2, 0xAF, 0x0A, 0x00, 0x12, 0xF6, 0x0B, 0x00, 0x26, 0xF2, 0x6B, 0x00,
    0x32, 0xF6, 0xB5, 0x00, 0xB2, 0xFF, 0xB2, 0x00, 0x5B, 0x22, 0xA6, 0xFF, 0x22, 0xAA, 0xEB, 0xEE,
    0x00, 0x00, 0x00, 0x00, 0x00, 0x00, 0x00, 0x00, 0x00, 0x00, 0x00, 0x00, 0x00, 0x00, 0x00, 0x00,
    0x00, 0x00, 0x00, 0x00, 0x00, 0x00, 0x00, 0x00, 0x00, 0x00, 0x00, 0x00, 0x0F, 0x00, 0x00, 0x00,
    0x00, 0x00, 0x00, 0x00, 0x00, 0x00, 0x00, 0x00, 0x00, 0x00, 0x00, 0xD0, 0x00, 0x00, 0xDD, 0x7D,
    0x00, 0xD0, 0x74, 0x4D, 0x00, 0xD0, 0x41, 0x14, 0x00, 0x00, 0x1D, 0x74, 0x00, 0x00, 0x4D, 0x47,
    0x00, 0x00, 0x00, 0x00, 0x7D, 0x0D, 0x00, 0xF0, 0x17, 0xD4, 0x00, 0x77, 0x4D, 0x41, 0x7D, 0x14,
    0x41, 0x74, 0x14, 0x41, 0x71, 0x17, 0x41, 0xD7, 0x47, 0x41, 0xD7, 0x2D, 0x11, 0xD4, 0x4D, 0x22,
    0x00, 0x00, 0xDD, 0x11, 0x00, 0x00, 0xD0, 0x74, 0x00, 0xC0, 0x6C, 0xDE, 0xE0, 0x6C, 0xE6, 0xCA,
    0x4E, 0xC6, 0xCC, 0xCC, 0x7E, 0x84, 0xCC, 0xEE, 0xE0, 0x47, 0x88, 0x88, 0x00, 0x7E, 0x47, 0x47,
    0x74, 0x8D, 0x44, 0x22, 0xDD, 0x24, 0x92, 0x24, 0x88, 0x48, 0x44, 0x42, 0x8E, 0x44, 0x88, 0x89,
    0xE8, 0x89, 0x84, 0x99, 0x8E, 0x99, 0x94, 0x0B, 0xC8, 0xEE, 0xF9, 0x00, 0x87, 0xC4, 0xFC, 0x00,
    0x7F, 0x47, 0x41, 0xD7, 0x47, 0x11, 0xD4, 0x9D, 0x11, 0x74, 0x9D, 0xC9, 0x74, 0xDD, 0xCC, 0xEC,
    0x8D, 0xC4, 0xEE, 0x84, 0x7E, 0x88, 0x28, 0x84, 0x48, 0x44, 0x44, 0x84, 0x48, 0x84, 0x89, 0x99,
    0xED, 0xBF, 0x26, 0x52, 0xEC, 0x42, 0xBD, 0x8B, 0x8E, 0x88, 0x87, 0x44, 0x44, 0x44, 0x44, 0x88,
    0x44, 0x98, 0x98, 0x99, 0x84, 0x98, 0x09, 0x00, 0x98, 0x09, 0x00, 0x00, 0x09, 0x00, 0x00, 0x00,
    0xBB, 0x74, 0xE4, 0xFE, 0x84, 0x4D, 0x48, 0xFE, 0x24, 0xE8, 0x7E, 0xE8, 0x28, 0xE9, 0xEE, 0x44,
    0x88, 0xFC, 0xEF, 0x4E, 0xB0, 0x0B, 0xA0, 0xEE, 0x00, 0x00, 0x00, 0xE0, 0x00, 0x00, 0x00, 0x00,
    0xFF, 0x00, 0x00, 0x00, 0xEE, 0xFF, 0x00, 0x00, 0xEE, 0xEE, 0xFF, 0x00, 0xED, 0xEE, 0xEE, 0x0F,
    0x84, 0xEE, 0xEE, 0x0F, 0x47, 0xEE, 0xEE, 0x0F, 0x7E, 0xE8, 0xEE, 0x0F, 0xEE, 0xE4, 0xFE, 0x00,
    0x00, 0x00, 0x00, 0x00, 0x00, 0x00, 0x00, 0x00, 0x00, 0x00, 0x00, 0x00, 0x00, 0x00, 0x00, 0x00,
    0x00, 0x00, 0x00, 0x00, 0x00, 0x00, 0x00, 0x00, 0x00, 0x00, 0x00, 0xA0, 0x00, 0x00, 0x00, 0x60,
    0x00, 0x00, 0x0A, 0x00, 0x00, 0x60, 0x0A, 0x00, 0x00, 0x26, 0x0A, 0xA6, 0xA0, 0x26, 0xA2, 0x23,
    0xA3, 0x26, 0x63, 0x36, 0x26, 0x26, 0x62, 0x62, 0x3A, 0x36, 0xA2, 0x23, 0xA6, 0xA3, 0x66, 0x3A,
    0x00, 0xE0, 0xEE, 0xEE, 0x00, 0x00, 0x00, 0x00, 0x00, 0x00, 0x00, 0x00, 0x00, 0x00, 0x00, 0x00,
    0x00, 0x00, 0x00, 0x00, 0x00, 0x00, 0x00, 0x00, 0x00, 0x00, 0x00, 0x00, 0x00, 0x00, 0x00, 0x00,
    0x48, 0x77, 0x0C, 0x00, 0xEE, 0xCE, 0x00, 0x00, 0x00, 0x00, 0x00, 0x00, 0x00, 0x00, 0x00, 0x00,
    0x00, 0x00, 0x00, 0x00, 0x00, 0x00, 0x00, 0x00, 0x00, 0x00, 0x00, 0x00, 0x00, 0x00, 0x00, 0x00,
    0x00, 0x00, 0x00, 0x00, 0x0A, 0x00, 0x00, 0x00, 0x00, 0x00, 0x00, 0x00, 0x0A, 0xA0, 0x00, 0x00,
    0xA2, 0xA3, 0x00, 0x00, 0x66, 0x63, 0x00, 0x00, 0x33, 0xA6, 0x0A, 0x00, 0x3A, 0x33, 0xA6, 0x00,
    0x00, 0x00, 0x00, 0x00, 0x00, 0x00, 0x00, 0x00, 0x0D, 0x00, 0x00, 0x00, 0xD7, 0x00, 0x00, 0x00,
    0xD4, 0x00, 0x00, 0x00, 0x0D, 0x00, 0x00, 0x00, 0x00, 0x00, 0x00, 0x00, 0x00, 0x00, 0x00, 0x00,
    0x48, 0x88, 0x99, 0x00, 0x88, 0x99, 0x00, 0x00, 0x84, 0x08, 0x00, 0x00, 0x99, 0x00, 0x00, 0x00,
    0x00, 0x00, 0x00, 0x00, 0x00, 0x00, 0x00, 0x00, 0x00, 0x00, 0x00, 0x00, 0x00, 0x00, 0x00, 0x00,
    0xE0, 0x8E, 0x0E, 0x00, 0x00, 0x40, 0x00, 0x00, 0x00, 0x00, 0x00, 0x00, 0x00, 0x00, 0x00, 0x00,
    0x00, 0x00, 0x00, 0x00, 0x00, 0x00, 0x00, 0x00, 0x00, 0x00, 0x00, 0x00, 0x00, 0x00, 0x00, 0x00,
    0x00, 0x00, 0x00, 0xAA, 0x00, 0x00, 0x00, 0x66, 0x00, 0x00, 0x00, 0x2A, 0x00, 0x00, 0xA0, 0xA0,
    0x00, 0x00, 0x00, 0x3A, 0x77, 0x00, 0x00, 0x66, 0x41, 0x07, 0x00, 0xA6, 0x17, 0xDF, 0xBB, 0x25,
    0x63, 0x23, 0x3A, 0x32, 0x3A, 0x6A, 0xA6, 0xA3, 0x63, 0x36, 0x22, 0x26, 0x32, 0x26, 0x63, 0x63,
    0x6A, 0x32, 0x2A, 0x33, 0xA6, 0xA6, 0x26, 0x2A, 0xAA, 0x63, 0xA3, 0x36, 0x6B, 0xFA, 0xE7, 0x6A,
    0x63, 0xAA, 0x00, 0x00, 0x33, 0x63, 0x0A, 0x00, 0xA3, 0x23, 0xA3, 0x00, 0x3A, 0x36, 0xA3, 0x00,
    0x33, 0x66, 0xAA, 0xF0, 0x3A, 0x62, 0xA3, 0xE0, 0xA6, 0xA6, 0x66, 0x5A, 0x3A, 0xAA, 0x6A, 0x5A,
    0x00, 0x00, 0x00, 0x00, 0x00, 0x00, 0x00, 0x00, 0xF0, 0x0F, 0xF0, 0xFF, 0x9E, 0xBF, 0x6B, 0x23,
    0xE8, 0x23, 0x63, 0x2F, 0x85, 0x36, 0xB6, 0x3F, 0x55, 0xBB, 0x6B, 0x63, 0x5F, 0xF9, 0xB0, 0x63,
    0xFD, 0x5F, 0xB5, 0x22, 0xD0, 0x2B, 0x62, 0x6B, 0xB0, 0x2B, 0xB2, 0x63, 0xB0, 0x22, 0x6B, 0x2B,
    0x5B, 0xB2, 0x3B, 0x23, 0x6B, 0xB2, 0x6B, 0x32, 0xB0, 0x25, 0xFB, 0x63, 0x00, 0x5B, 0xB2, 0xFF,
    0x22, 0xFB, 0x31, 0x2A, 0x2B, 0xB5, 0x33, 0xA6, 0xBF, 0x52, 0x6B, 0xEE, 0x63, 0x26, 0x62, 0xFB,
    0x32, 0xB3, 0xB2, 0x5C, 0xF2, 0xFF, 0xC5, 0x25, 0x23, 0x7C, 0xBC, 0x5C, 0x62, 0x47, 0x22, 0xCC,
    0x3A, 0x36, 0xAA, 0x5A, 0xA3, 0xA6, 0xA6, 0x8E, 0x6A, 0xEA, 0xFE, 0xFE, 0xAF, 0xFF, 0xFF, 0x0F,
    0x55, 0xE8, 0x1E, 0xF1, 0x12, 0x95, 0x22, 0x11, 0x22, 0x95, 0x22, 0x12, 0x55, 0xE9, 0x25, 0x22,
    0xF9, 0x0F, 0x00, 0x2B, 0x0F, 0x00, 0x00, 0xB0, 0x00, 0x00, 0x00, 0x00, 0x00, 0x00, 0x00, 0x00,
    0xFF, 0x00, 0x00, 0x00, 0x11, 0x99, 0x00, 0x00, 0x22, 0x0E, 0x00, 0x00, 0xEE, 0x08, 0x00, 0x00,
    0x00, 0xB0, 0x25, 0xF5, 0x00, 0x00, 0x5B, 0x22, 0x00, 0x00, 0xB0, 0xB5, 0x00, 0xFE, 0x0F, 0x0B,
    0xE0, 0x47, 0xC6, 0x00, 0x7E, 0x84, 0x6C, 0x0C, 0x7E, 0xC8, 0x6C, 0xEC, 0x4E, 0xC8, 0xEC, 0x96,
    0x7F, 0xB4, 0x33, 0xF6, 0xF2, 0xBC, 0x6B, 0xFB, 0xFB, 0xDF, 0xF7, 0x9E, 0x00, 0x40, 0xCD, 0x48,
    0x00, 0xCC, 0x78, 0x42, 0xEE, 0x89, 0x74, 0x24, 0xC8, 0x48, 0x74, 0x22, 0x49, 0x48, 0x72, 0x92,
    0xEE, 0x55, 0x55, 0xEE, 0x57, 0xE5, 0xEE, 0x77, 0x4D, 0x44, 0x77, 0xFF, 0xD4, 0xCC, 0xCE, 0x9C,
    0x44, 0xDE, 0x9C, 0x99, 0x88, 0xEE, 0x99, 0xC9, 0x49, 0xCE, 0x99, 0xCD, 0x84, 0xFE, 0x99, 0x4D,
    0x77, 0x0F, 0x00, 0x00, 0xCF, 0x0C, 0x00, 0xEE, 0x9E, 0xDD, 0xE0, 0x8C, 0xC9, 0x8F, 0xEC, 0x4E,
    0xDC, 0x87, 0x89, 0x28, 0x2C, 0x82, 0x2E, 0x22, 0x22, 0x22, 0x22, 0x22, 0x22, 0x22, 0x42, 0x24,
    0x7E, 0xE8, 0xAC, 0xDE, 0xE0, 0x84, 0xCE, 0xEC, 0xE0, 0x78, 0xC8, 0xEC, 0x00, 0x4E, 0xC8, 0xEC,
    0x00, 0x7E, 0x74, 0xE9, 0x00, 0xC0, 0x77, 0xE8, 0x00, 0x00, 0x4C, 0x47, 0x00, 0x00, 0xF0, 0x78,
    0x29, 0x44, 0x22, 0x24, 0xEE, 0x28, 0x24, 0x27, 0xDE, 0x29, 0x28, 0x87, 0xDE, 0x8C, 0x48, 0x4E,
    0xEE, 0xFE, 0x8C, 0xDC, 0xEE, 0xFD, 0xE6, 0xDE, 0xDE, 0xFE, 0x00, 0xD0, 0x88, 0x0F, 0x00, 0xD0,
    0x88, 0xE9, 0x9C, 0x2D, 0xE4, 0x0E, 0xF0, 0x4E, 0x0E, 0x00, 0x00, 0xFF, 0x0D, 0x00, 0x00, 0x00,
    0xD1, 0x00, 0x00, 0x00, 0xD7, 0x00, 0x00, 0x00, 0x74, 0x0D, 0x00, 0x00, 0x74, 0x0D, 0x00, 0x00,
    0x22, 0x22, 0x22, 0x44, 0x44, 0x44, 0x22, 0x24, 0x88, 0x98, 0x44, 0x44, 0xFF, 0x8F, 0x88, 0xC9,
    0x00, 0x90, 0x99, 0x00, 0x00, 0x00, 0x00, 0x00, 0x00, 0x00, 0x00, 0x00, 0x00, 0x00, 0x00, 0x00,
    0x00, 0x00, 0xD0, 0x0D, 0x00, 0xD0, 0x1D, 0xD7, 0x00, 0x7D, 0x41, 0x7D, 0xD0, 0x47, 0x74, 0x44,
    0x1D, 0x74, 0x14, 0xD1, 0x7D, 0x11, 0x77, 0x41, 0xD0, 0x4D, 0x41, 0x47, 0x00, 0xD0, 0x17, 0x71,
    0x00, 0x00, 0x00, 0x00, 0x00, 0x00, 0x00, 0x00, 0x0D, 0x00, 0x00, 0x00, 0xDD, 0x0D, 0x00, 0x00,
    0x14, 0x0D, 0x00, 0x00, 0x41, 0x0D, 0x00, 0x00, 0x71, 0x00, 0x00, 0x00, 0xD7, 0x00, 0x00, 0x00,
    0x00, 0x00, 0xDD, 0x14, 0x00, 0x00, 0x00, 0x7D, 0x00, 0x00, 0x00, 0xD0, 0x00, 0x00, 0x00, 0x00,
    0x00, 0x00, 0x00, 0x00, 0x00, 0x00, 0x00, 0x00, 0x00, 0x00, 0x00, 0x00, 0x00, 0x00, 0x00, 0x00,
    0x74, 0x00, 0x00, 0x00, 0x11, 0x77, 0x00, 0x00, 0x4D, 0x41, 0x07, 0x00, 0xD0, 0x17, 0x71, 0x07,
    0x00, 0xDD, 0x14, 0x74, 0x00, 0x00, 0x7D, 0x11, 0x00, 0x00, 0xD0, 0x4D, 0x00, 0x00, 0x00, 0xD0,
    0x00, 0x00, 0x00, 0x00, 0x00, 0xF0, 0xFF, 0x00, 0xCC, 0xEF, 0xE8, 0x0F, 0x88, 0xEC, 0xE4, 0xFE,
    0x28, 0xE9, 0x8E, 0xEE, 0x22, 0xE8, 0xEE, 0xE4, 0x22, 0x24, 0xE9, 0x8E, 0x42, 0x48, 0x99, 0xEE,
    0x00, 0x00, 0x00, 0x00, 0x00, 0x00, 0x00, 0x00, 0x00, 0x00, 0x00, 0x00, 0x00, 0x00, 0x00, 0x00,
    0x0F, 0x00, 0x00, 0x00, 0xFE, 0x00, 0x00, 0x00, 0xEE, 0xFF, 0x00, 0x00, 0xE4, 0xEE, 0x0F, 0x00,
    0x44, 0xC8, 0xE8, 0xEE, 0x84, 0xE9, 0xFE, 0xEE, 0xC8, 0x0C, 0x00, 0xD0, 0x0C, 0x00, 0x00, 0x00,
    0x00, 0x00, 0x00, 0x00, 0x00, 0x00, 0x00, 0x00, 0x00, 0x00, 0x00, 0x00, 0x00, 0x00, 0x00, 0x00,
    0x8E, 0xE4, 0xFE, 0x00, 0xEE, 0x8E, 0xEE, 0x0F, 0xED, 0xEE, 0xE4, 0x0F, 0xDD, 0xEE, 0x8E, 0x0F,
    0xD0, 0xED, 0x4E, 0x0F, 0x00, 0xED, 0xF8, 0x00, 0x00, 0xD0, 0x0D, 0x00, 0x00, 0x00, 0x00, 0x00,
    0x00, 0x00, 0x00, 0x00, 0x00, 0x00, 0x00, 0x00, 0x00, 0x00, 0x00, 0x00, 0x00, 0x00, 0x00, 0x00,
    0x00, 0x00, 0x00, 0x00, 0x00, 0x00, 0x00, 0x00, 0x00, 0x00, 0x00, 0x30, 0x00, 0x00, 0x00, 0x60,
    0x00, 0x00, 0x00, 0x00, 0x00, 0x00, 0x00, 0x00, 0x00, 0xA0, 0x00, 0x00, 0x00, 0xA6, 0x00, 0xA0,
    0x60, 0xA2, 0x60, 0x0A, 0x6A, 0x22, 0x3A, 0xA2, 0x6A, 0x32, 0x66, 0x23, 0x62, 0x22, 0x26, 0x66,
    0x00, 0x00, 0x00, 0x8F, 0x00, 0x00, 0x00, 0xF0, 0x00, 0x00, 0x00, 0x00, 0x00, 0x00, 0x00, 0x00,
    0x00, 0x00, 0x00, 0x00, 0x00, 0x00, 0x00, 0x00, 0x00, 0x00, 0x00, 0x00, 0x00, 0x00, 0x00, 0x00,
    0xF4, 0x00, 0x00, 0x00, 0x0F, 0x00, 0x00, 0x00, 0x00, 0x00, 0x00, 0x00, 0x00, 0x00, 0x00, 0x00,
    0x00, 0x00, 0x00, 0x00, 0x00, 0x00, 0x00, 0x00, 0x00, 0x00, 0x00, 0x00, 0x00, 0x00, 0x00, 0x00,
    0x00, 0x00, 0x00, 0x00, 0x00, 0x00, 0x00, 0x00, 0xFF, 0x0F, 0x00, 0x00, 0x6F, 0xF3, 0x00, 0x00,
    0x66, 0x62, 0x0F, 0x00, 0x2F, 0x63, 0x0B, 0x00, 0xFF, 0x23, 0x0B, 0x00, 0x6B, 0xBB, 0x00, 0x00,
    0xB3, 0x00, 0x00, 0x00, 0x0B, 0x00, 0x00, 0x00, 0x00, 0x00, 0x00, 0x00, 0x00, 0x00, 0x00, 0x00,
    0x00, 0x00, 0x00, 0x00, 0x00, 0x00, 0x00, 0x00, 0x00, 0x00, 0x00, 0x00, 0x00, 0x00, 0x00, 0x00,
    0x00, 0x00, 0x00, 0x00, 0x00, 0x00, 0x00, 0x00, 0x00, 0x00, 0x00, 0x00, 0x00, 0x00, 0x00, 0x00,
    0x00, 0x00, 0x00, 0x00, 0x00, 0x0A, 0x00, 0x00, 0x3A, 0x0A, 0x00, 0x00, 0x36, 0x06, 0x00, 0x00,
    0xDD, 0x00, 0x00, 0x00, 0x00, 0x00, 0x00, 0x00, 0x00, 0x00, 0x00, 0x00, 0x00, 0x00, 0x00, 0x00,
    0x00, 0x00, 0x00, 0x00, 0x00, 0x00, 0x00, 0x00, 0x00, 0x00, 0x00, 0x00, 0x00, 0x00, 0x00, 0x00,
};
static const u16 sSet13Frame0[] = {
    0x0008, 0x40E4, 0x81DE, 0x0000, 0x00D4, 0x41E6, 0x0008, 0x00EC, 0x41FE, 0x000C, 0x40F4, 0x01EE,
    0x0010, 0x40FC, 0x01F6, 0x0012, 0x80D4, 0x01F6, 0x0014, 0x00E4, 0x01FE, 0x0016, 0x00EC, 0x000E,
    0x0017, 0x0000,
};
static const u16 sSet13Frame1[] = {
    0x000A, 0x40E0, 0x81F3, 0x0018, 0x00E0, 0x4013, 0x0020, 0x00F0, 0x41F3, 0x0024, 0x40F0, 0x4003,
    0x0028, 0x40D8, 0x01F3, 0x002C, 0x4000, 0x01F3, 0x002E, 0x00D8, 0x0003, 0x0030, 0x00E0, 0x0023,
    0x0031, 0x00F8, 0x0003, 0x0032, 0x00F8, 0x001B, 0x0033, 0x0000,
};
static const u16 sSet13Frame2[] = {
    0x0008, 0x00DE, 0x81EB, 0x0034, 0x00D6, 0x41DB, 0x0044, 0x00EE, 0x400B, 0x0048, 0x40D6, 0x01EB,
    0x004C, 0x40FE, 0x01EB, 0x004E, 0x80DE, 0x000B, 0x0050, 0x00D6, 0x01FB, 0x0052, 0x00FE, 0x01FB,
    0x0053, 0x0000,
};
static const void* const sSet13Frames[] = { sSet13Frame0, sSet13Frame1, sSet13Frame2 };

static const u16 sDirectionAnim0[] = {
    0x0040, 0x0040, 0x0008, 0x0000, 0x0004, 0x0000, 0x0004, 0x0000, 0x0004, 0x0000, 0x0004, 0x0001,
    0x0004, 0x0001, 0x0004, 0x0001, 0x0004, 0x0002, 0x0004,
};
static const u16 sDirectionAnim1[] = {
    0x0040, 0x0040, 0x0008, 0x0000, 0x0004, 0x0000, 0x0004, 0x0000, 0x0004, 0x0000, 0x0004, 0x0001,
    0x0004, 0x0001, 0x0004, 0x0001, 0x0004, 0x0002, 0x0004,
};
static const u16 sDirectionAnim2[] = {
    0x0040, 0x0040, 0x0008, 0x0000, 0x0004, 0x0000, 0x0004, 0x0000, 0x0004, 0x0000, 0x0004, 0x0001,
    0x0004, 0x0001, 0x0004, 0x0001, 0x0004, 0x0002, 0x0004,
};
static const u16 sDirectionAnim3[] = {
    0x0040, 0x0040, 0x0008, 0x0000, 0x0004, 0x0000, 0x0004, 0x0000, 0x0004, 0x0000, 0x0004, 0x0001,
    0x0004, 0x0001, 0x0004, 0x0001, 0x0004, 0x0002, 0x0004,
};
static const u16 sDirectionAnim4[] = {
    0x0040, 0x0040, 0x0008, 0x0000, 0x0004, 0x0000, 0x0004, 0x0000, 0x0004, 0x0000, 0x0004, 0x0001,
    0x0004, 0x0001, 0x0004, 0x0001, 0x0004, 0x0002, 0x0004,
};
static const u8 sTiles14[] __attribute__((aligned(4))) = {
    0x00, 0x00, 0x2D, 0xF2, 0x00, 0xE0, 0x55, 0x51, 0x00, 0xE0, 0x9C, 0x99, 0x00, 0xC0, 0xCC, 0xCC,
    0x00, 0xFF, 0x41, 0xF4, 0x00, 0xFF, 0x9F, 0xF9, 0xF0, 0x48, 0x11, 0x71, 0xCF, 0x14, 0x11, 0x41,
    0xAB, 0x33, 0xF6, 0x0E, 0x3F, 0x2A, 0xB3, 0x7F, 0xFC, 0x66, 0x32, 0xFE, 0x4C, 0xBF, 0x36, 0xE3,
    0x89, 0xEF, 0x3B, 0x32, 0xC9, 0xFC, 0xBF, 0x23, 0xFF, 0xB9, 0xBF, 0x2E, 0xF9, 0xBC, 0xF2, 0xBF,
    0x2B, 0xB3, 0x0B, 0x00, 0xBD, 0x6B, 0xB5, 0x00, 0xB5, 0x25, 0xB2, 0x00, 0xBF, 0x52, 0x52, 0x0B,
    0xBE, 0xBA, 0x2B, 0x0B, 0x63, 0xAA, 0x5B, 0xB5, 0x32, 0xA3, 0xBB, 0xB2, 0x23, 0x62, 0xBB, 0x25,
    0x00, 0x00, 0x00, 0x00, 0x00, 0x00, 0x00, 0x00, 0x00, 0x00, 0x00, 0x00, 0x00, 0x00, 0x00, 0x00,
    0x00, 0x00, 0x00, 0x00, 0x00, 0x00, 0x00, 0x00, 0x00, 0x00, 0x00, 0x00, 0x0A, 0x00, 0x00, 0x00,
    0x4C, 0x11, 0x41, 0x98, 0xC0, 0x14, 0x11, 0x84, 0xF0, 0x19, 0x14, 0x44, 0x00, 0x8E, 0x44, 0x11,
    0x00, 0x8E, 0x44, 0x44, 0x00, 0x8E, 0x49, 0x44, 0x00, 0x8E, 0x88, 0x44, 0xF0, 0x8C, 0x14, 0x11,
    0xF9, 0xBD, 0x52, 0xBF, 0xC8, 0xF9, 0x5B, 0xBF, 0xC8, 0x8F, 0xFF, 0x65, 0x84, 0xFE, 0xF9, 0x25,
    0x44, 0xFE, 0xFF, 0x5B, 0x84, 0xCE, 0x8E, 0xB4, 0x18, 0xC8, 0x8F, 0x14, 0x41, 0x98, 0x8F, 0x14,
    0x22, 0x23, 0xBB, 0x26, 0x36, 0xA6, 0xBB, 0xA2, 0x3B, 0xBA, 0x56, 0xBB, 0xF5, 0x5B, 0x22, 0xDF,
    0x52, 0x26, 0xFB, 0xDF, 0x2B, 0xA2, 0xFF, 0x44, 0xA1, 0xEA, 0xE9, 0x14, 0xD1, 0x44, 0x0C, 0x4E,
    0x0A, 0x00, 0x00, 0x00, 0x00, 0x00, 0x00, 0x00, 0x00, 0x00, 0x00, 0x00, 0x00, 0x00, 0x00, 0x00,
    0x0B, 0x00, 0x00, 0x00, 0x0D, 0x00, 0x00, 0x00, 0xD7, 0x00, 0x00, 0x00, 0xD1, 0x00, 0x00, 0x00,
    0x00, 0xA0, 0x00, 0x00, 0x00, 0x60, 0x0A, 0xA0, 0x00, 0x60, 0xA2, 0x6A, 0xA0, 0x6A, 0x23, 0x36,
    0x00, 0x26, 0x26, 0x62, 0x00, 0x3A, 0x36, 0xA2, 0x60, 0xA6, 0xA3, 0x66, 0xAA, 0x32, 0x66, 0x23,
    0x00, 0x00, 0x00, 0x00, 0x00, 0x00, 0x00, 0x00, 0x0A, 0xA0, 0x00, 0x00, 0xA2, 0x3A, 0x0A, 0x00,
    0x23, 0x66, 0x62, 0x00, 0x23, 0x33, 0xA6, 0x0A, 0x3A, 0x3A, 0x33, 0xA6, 0x62, 0x32, 0x3A, 0xA2,
    0x00, 0x2A, 0x63, 0x32, 0x00, 0xA3, 0x26, 0xA3, 0xA0, 0x66, 0x6A, 0x6A, 0x6A, 0xAA, 0x3A, 0x36,
    0x00, 0xB0, 0xAF, 0xB3, 0x00, 0x00, 0x26, 0x22, 0x00, 0x00, 0x3B, 0x22, 0x00, 0x00, 0xBE, 0x23,
    0x36, 0xA6, 0x63, 0x33, 0x32, 0x33, 0x62, 0xA6, 0xA2, 0xA2, 0x23, 0x36, 0x6A, 0x63, 0x6A, 0x6A,
    0x4F, 0xAA, 0xA3, 0xAA, 0x14, 0xA3, 0x62, 0xA3, 0x22, 0x3A, 0x6A, 0x6A, 0x63, 0xA6, 0xA6, 0xD5,
    0x42, 0xCC, 0xF4, 0x44, 0x98, 0xEE, 0xF7, 0x8C, 0xC8, 0x4E, 0xF8, 0x8E, 0x44, 0x77, 0x0F, 0x8E,
    0xEE, 0xCC, 0x00, 0x8E, 0x0E, 0x00, 0x00, 0xE0, 0x00, 0x00, 0x00, 0xC0, 0x00, 0x00, 0x00, 0xF0,
    0x1D, 0x4D, 0x0C, 0xE0, 0x7D, 0x4D, 0x81, 0x00, 0x4D, 0xD7, 0x84, 0x0E, 0x4D, 0xD7, 0x44, 0x0E,
    0xD4, 0x4D, 0x84, 0xCE, 0x88, 0x48, 0x84, 0x81, 0x48, 0x11, 0x11, 0x84, 0x9C, 0x88, 0x22, 0xC4,
    0x00, 0x00, 0x00, 0x00, 0x00, 0x00, 0x00, 0x00, 0x00, 0x00, 0x00, 0xE0, 0x00, 0x00, 0x00, 0xE0,
    0x00, 0x00, 0x00, 0xE0, 0x00, 0x00, 0x00, 0xE0, 0x00, 0x00, 0x00, 0x00, 0x00, 0x00, 0x00, 0x00,
    0x8E, 0xAE, 0x99, 0x89, 0xCE, 0xAA, 0xEA, 0x4E, 0xCC, 0xC6, 0x78, 0x74, 0xC8, 0xC6, 0x8C, 0xE7,
    0x74, 0x76, 0x84, 0xE4, 0x47, 0x44, 0x44, 0xE7, 0xEE, 0xEE, 0xEE, 0xFE, 0x00, 0x00, 0x00, 0x00,
    0x00, 0xE0, 0xB9, 0x6B, 0x00, 0xE0, 0x95, 0x92, 0x00, 0xE0, 0x59, 0x25, 0x00, 0xE0, 0x92, 0x14,
    0x00, 0xE0, 0x95, 0x11, 0x00, 0x00, 0x5C, 0x51, 0x00, 0x00, 0x99, 0xC5, 0x00, 0x00, 0x2D, 0xFC,
    0xBB, 0x76, 0xBA, 0x29, 0xC4, 0x64, 0x9B, 0x51, 0xC9, 0xBB, 0x52, 0x29, 0x79, 0xDB, 0x91, 0x12,
    0xC5, 0x97, 0x95, 0x55, 0xFC, 0xCF, 0x59, 0xCC, 0x6F, 0xFA, 0x92, 0xE9, 0x3B, 0xB2, 0x2E, 0xBE,
    0x0E, 0x44, 0x47, 0xD1, 0x4D, 0x41, 0x77, 0x41, 0x1E, 0x1D, 0x74, 0x14, 0xD0, 0x14, 0x41, 0x47,
    0x00, 0x4D, 0x4D, 0x74, 0x00, 0xD0, 0x17, 0x74, 0x00, 0xD0, 0x74, 0xDD, 0x00, 0x00, 0xDD, 0x00,
    0x00, 0x00, 0x00, 0x00, 0x0D, 0x00, 0x00, 0x00, 0xD7, 0x00, 0x00, 0x00, 0xD1, 0x00, 0x00, 0x00,
    0xD1, 0x00, 0x00, 0x00, 0x0D, 0x00, 0x00, 0x00, 0x00, 0x00, 0x00, 0x00, 0x00, 0x00, 0x00, 0x00,
    0x0A, 0x00, 0x00, 0x00, 0x0A, 0x00, 0x00, 0x00, 0x0A, 0x00, 0x00, 0x00, 0x06, 0x00, 0x00, 0x00,
    0xA0, 0x00, 0x00, 0x00, 0x00, 0x00, 0x00, 0x00, 0x0A, 0x00, 0x00, 0x00, 0x00, 0x00, 0x00, 0x00,
    0x09, 0x00, 0x00, 0x00, 0x94, 0x00, 0x00, 0x00, 0x51, 0x0C, 0x00, 0x00, 0xC5, 0x0C, 0x00, 0x00,
    0xBC, 0x0C, 0x00, 0x00, 0x26, 0xC6, 0x00, 0x00, 0x32, 0xB6, 0x00, 0x00, 0x23, 0xFB, 0x00, 0x00,
    0xC0, 0xCC, 0x89, 0x28, 0x4E, 0xC6, 0xEF, 0x9C, 0x7E, 0x84, 0xCC, 0x8E, 0xE0, 0x47, 0xC8, 0x7E,
    0xE0, 0x77, 0x84, 0x88, 0x00, 0xEE, 0x78, 0xEE, 0x00, 0x00, 0xEE, 0x00, 0x00, 0x00, 0x00, 0x00,
    0x41, 0x0D, 0x00, 0x00, 0x14, 0xD7, 0x00, 0x00, 0x47, 0xD1, 0x00, 0x00, 0x70, 0x41, 0x0D, 0x00,
    0x70, 0x14, 0xD7, 0x00, 0x0C, 0x47, 0xD1, 0x00, 0x09, 0x7D, 0x41, 0x0D, 0x0E, 0xD0, 0x14, 0xD7,
};
static const u16 sSet14Frame0[] = {
    0x0008, 0x40E1, 0x81ED, 0x0000, 0x00C9, 0x41ED, 0x0008, 0x00F1, 0x41F5, 0x000C, 0x40D9, 0x01ED,
    0x0010, 0x40F9, 0x0005, 0x0012, 0x80D1, 0x01FD, 0x0014, 0x00F1, 0x01ED, 0x0016, 0x00F1, 0x0005,
    0x0017, 0x0000,
};
static const void* const sSet14Frames[] = { sSet14Frame0 };

static const u16 sDirectionAnim5[] = {
    0x0040, 0x0040, 0x0002, 0x0000, 0x0004, 0x0000, 0x0004,
};
static const u16 sDirectionAnim6[] = {
    0x0040, 0x0040, 0x0002, 0x0000, 0x0004, 0x0000, 0x0004,
};
static const u16 sDirectionAnim7[] = {
    0x0040, 0x0040, 0x0002, 0x0000, 0x0004, 0x0000, 0x0004,
};
static const u16 sDirectionAnim8[] = {
    0x0040, 0x0040, 0x0002, 0x0000, 0x0004, 0x0000, 0x0004,
};
static const u16 sDirectionAnim9[] = {
    0x0040, 0x0040, 0x0002, 0x0000, 0x0004, 0x0000, 0x0004,
};
static const u16 sDirectionAnim10[] = {
    0x0040, 0x0040, 0x0001, 0x0000, 0x0004,
};
static const u16 sDirectionAnim11[] = {
    0x0040, 0x0040, 0x0001, 0x0000, 0x0004,
};
static const u16 sDirectionAnim12[] = {
    0x0040, 0x0040, 0x0001, 0x0000, 0x0004,
};
static const u16 sDirectionAnim13[] = {
    0x0040, 0x0040, 0x0001, 0x0000, 0x0004,
};
static const u16 sDirectionAnim14[] = {
    0x0040, 0x0040, 0x0001, 0x0000, 0x0004,
};
static const u8 sTiles15[] __attribute__((aligned(4))) = {
    0x00, 0x00, 0x00, 0x60, 0x00, 0x00, 0x00, 0x00, 0x00, 0x00, 0x00, 0x00, 0x00, 0x00, 0x00, 0x00,
    0x00, 0x00, 0x00, 0x00, 0x00, 0x00, 0x00, 0x00, 0x00, 0x00, 0x00, 0x00, 0x00, 0x00, 0x00, 0x00,
    0x2A, 0x6A, 0x32, 0x33, 0x3A, 0x23, 0x63, 0x32, 0x6A, 0x32, 0x26, 0xAA, 0xA0, 0x23, 0x6A, 0x6A,
    0x00, 0xAA, 0xAA, 0xA6, 0x00, 0xA0, 0xFB, 0x3A, 0x00, 0x00, 0x6B, 0x22, 0x00, 0x00, 0xB0, 0x23,
    0xAA, 0xA3, 0x36, 0xA6, 0x36, 0x26, 0x26, 0x3A, 0x32, 0x33, 0x36, 0xA3, 0x63, 0x3A, 0x36, 0x66,
    0x3A, 0xB6, 0x36, 0x6A, 0xFB, 0xA4, 0xA3, 0xAA, 0x42, 0x31, 0x62, 0xA3, 0x22, 0xA2, 0x6A, 0x0A,
    0x0A, 0x00, 0x00, 0x00, 0x0A, 0x00, 0x00, 0x00, 0x0A, 0x00, 0x00, 0x00, 0xAA, 0x00, 0x00, 0x00,
    0x0A, 0x00, 0x00, 0x00, 0x0A, 0x00, 0x00, 0x00, 0x00, 0x00, 0x00, 0x00, 0x00, 0x00, 0x00, 0x00,
    0x00, 0x00, 0x00, 0x00, 0x00, 0xB0, 0xBB, 0x00, 0x00, 0x6B, 0x23, 0xB6, 0x6B, 0x23, 0x32, 0x23,
    0xBB, 0x6B, 0x33, 0x63, 0x00, 0xEC, 0x36, 0xBC, 0xC0, 0x3E, 0xE3, 0x0E, 0x00, 0xBC, 0xCB, 0x00,
    0x00, 0xBB, 0xFB, 0x3B, 0xBB, 0x23, 0xEF, 0xBA, 0x26, 0x32, 0x8F, 0x6B, 0x32, 0x6B, 0x8F, 0xA9,
    0xBB, 0xBF, 0xFF, 0x1C, 0x00, 0xC0, 0xF0, 0xC9, 0x00, 0x00, 0x9F, 0x1C, 0x00, 0x00, 0x9F, 0x79,
    0x32, 0xB6, 0xBB, 0x95, 0xB6, 0x6B, 0xB6, 0x29, 0x89, 0x6B, 0x9B, 0x51, 0xC5, 0xA6, 0x52, 0x19,
    0x17, 0x4C, 0x91, 0x12, 0xC1, 0x1B, 0x95, 0x55, 0x17, 0x1C, 0x59, 0xCC, 0xCC, 0x95, 0x92, 0xE9,
    0x00, 0x00, 0x00, 0x00, 0x99, 0x00, 0x00, 0x40, 0x51, 0x0C, 0x00, 0x70, 0xC1, 0xFC, 0x00, 0x70,
    0xC5, 0xA6, 0x0F, 0x70, 0xBC, 0x23, 0xEB, 0x70, 0xBF, 0x3A, 0x63, 0x4F, 0xFE, 0xA3, 0x32, 0xFB,
    0x00, 0x00, 0x00, 0x00, 0x00, 0x00, 0x00, 0x00, 0x00, 0x00, 0x00, 0x00, 0x00, 0x00, 0x00, 0x7C,
    0x00, 0x00, 0xC0, 0x44, 0x00, 0x00, 0x8F, 0x24, 0x00, 0x00, 0x8F, 0x24, 0x00, 0x00, 0x8F, 0x48,
    0x00, 0x00, 0x5F, 0x52, 0x00, 0xFF, 0x9D, 0xC2, 0xFF, 0xCF, 0x5E, 0xC5, 0x44, 0xF4, 0xEE, 0xC9,
    0x24, 0x42, 0xCF, 0x8C, 0x24, 0x22, 0xE4, 0xDE, 0x22, 0x22, 0x82, 0xFE, 0x22, 0x22, 0xE8, 0xF0,
    0xC2, 0x29, 0x59, 0xE8, 0xC8, 0x19, 0x22, 0x55, 0xFE, 0x1C, 0x21, 0x95, 0xC9, 0x5C, 0x22, 0xE9,
    0xCC, 0x5C, 0x51, 0xCC, 0xF9, 0x9C, 0x99, 0xFC, 0xFD, 0xC8, 0x9C, 0xC8, 0xCF, 0x9C, 0x8C, 0x9C,
    0x0E, 0x6F, 0x26, 0xE3, 0x0E, 0xF0, 0x6B, 0x33, 0x0E, 0x00, 0xBE, 0xE3, 0x00, 0x00, 0xFF, 0x7B,
    0x00, 0x00, 0xFB, 0xE4, 0x00, 0x00, 0x2B, 0xFF, 0x0F, 0x00, 0x2B, 0xF5, 0x0F, 0x00, 0xBF, 0xF5,
    0x00, 0x00, 0xC0, 0x28, 0x00, 0x00, 0x00, 0x4C, 0x00, 0x00, 0x00, 0x8C, 0x00, 0x00, 0x00, 0xC0,
    0x00, 0x00, 0x00, 0xC0, 0x00, 0x00, 0x00, 0x90, 0x00, 0x00, 0x00, 0xE0, 0x00, 0x00, 0x00, 0xCC,
    0x22, 0x22, 0x84, 0x0F, 0x42, 0x22, 0x82, 0x0E, 0x44, 0x22, 0x22, 0xF8, 0x48, 0x24, 0x22, 0xC2,
    0x48, 0x44, 0x42, 0xE8, 0x88, 0x48, 0x24, 0xC2, 0x8E, 0x28, 0x84, 0xC9, 0xE6, 0x8C, 0x98, 0x8E,
    0xEE, 0x89, 0xC8, 0xF9, 0x8E, 0xDF, 0x89, 0xFD, 0x4E, 0xF8, 0xCF, 0xFF, 0x7E, 0x84, 0xF8, 0xFF,
    0x14, 0x41, 0x44, 0x0C, 0x14, 0x71, 0x84, 0x0C, 0x14, 0x11, 0x84, 0x0E, 0x11, 0x11, 0x84, 0x0C,
    0x00, 0x00, 0xF0, 0x4F, 0x00, 0x00, 0x00, 0x4F, 0x00, 0x00, 0x00, 0xFF, 0x0F, 0x00, 0x00, 0x00,
    0x00, 0x00, 0x00, 0x00, 0x00, 0x00, 0x00, 0x00, 0x00, 0x00, 0x00, 0x00, 0x00, 0x00, 0x00, 0x00,
    0x5F, 0x5B, 0x22, 0x0B, 0xFE, 0x2B, 0x25, 0xB5, 0xE4, 0xAB, 0xBB, 0xB2, 0x3E, 0xA6, 0xBA, 0x55,
    0x22, 0x33, 0xBA, 0x2B, 0x3B, 0x22, 0xB6, 0x5B, 0x2B, 0x32, 0xB2, 0x6B, 0x6B, 0x63, 0xBA, 0x2B,
    0x00, 0x00, 0x00, 0x00, 0x00, 0x00, 0x00, 0x00, 0x00, 0x00, 0x00, 0x00, 0x0B, 0x00, 0x00, 0x00,
    0x0B, 0x00, 0x00, 0x00, 0xA2, 0x00, 0x00, 0x00, 0xA2, 0x00, 0x00, 0x00, 0x0A, 0x00, 0x00, 0x00,
    0xB7, 0xA3, 0x4B, 0xB5, 0x71, 0xBF, 0xF7, 0xF2, 0x14, 0x71, 0xBF, 0xFF, 0x7F, 0xF7, 0xFB, 0x4F,
    0x00, 0xEF, 0x9E, 0x4E, 0x00, 0x00, 0x00, 0xE0, 0x00, 0x00, 0x00, 0x00, 0x00, 0x00, 0x00, 0x00,
    0x0B, 0x00, 0x00, 0x00, 0x0D, 0x00, 0x00, 0x00, 0xBD, 0x00, 0x00, 0x00, 0xD4, 0x00, 0x00, 0x00,
    0x71, 0x0D, 0x00, 0x00, 0x14, 0x0D, 0x00, 0x00, 0x1E, 0xD4, 0x00, 0x00, 0x40, 0x71, 0x0D, 0x00,
    0xAE, 0xEC, 0xEC, 0x4C, 0xCC, 0x8E, 0x48, 0x4C, 0xEC, 0x78, 0x74, 0x18, 0x88, 0x84, 0xEE, 0x48,
    0x74, 0xEE, 0xE0, 0x44, 0xEE, 0x00, 0xE0, 0x48, 0x00, 0x00, 0x80, 0x81, 0x00, 0x00, 0x8E, 0x14,
    0x11, 0x11, 0x84, 0x0C, 0x11, 0x41, 0xC4, 0x00, 0x44, 0x44, 0xC8, 0x00, 0x11, 0x44, 0xE8, 0x00,
    0x44, 0x44, 0xE8, 0x00, 0x44, 0x44, 0xE8, 0x00, 0x44, 0x88, 0xE8, 0x00, 0x11, 0x41, 0xE8, 0x00,
    0x00, 0x00, 0xDE, 0x88, 0x00, 0x00, 0x7D, 0xB7, 0x00, 0x00, 0xDE, 0xB4, 0x00, 0x00, 0xE0, 0x7D,
    0x00, 0x00, 0x00, 0xDE, 0x00, 0x00, 0x00, 0xE0, 0x00, 0x00, 0x00, 0x00, 0x00, 0x00, 0x00, 0x00,
    0xEB, 0x8E, 0xFE, 0x00, 0x66, 0xEB, 0xDC, 0x0F, 0xBB, 0x6D, 0x8D, 0x0D, 0x8D, 0xDD, 0xD6, 0xD8,
    0x84, 0xD8, 0xBD, 0xD4, 0x47, 0x77, 0x44, 0xD7, 0x7E, 0x44, 0xD7, 0x0D, 0xE0, 0xDD, 0x0D, 0x00,
    0x70, 0x14, 0x0D, 0x00, 0x00, 0x17, 0xD4, 0x00, 0x00, 0x47, 0x71, 0x0D, 0x00, 0x70, 0x14, 0x0D,
    0x00, 0xD0, 0x17, 0xD4, 0x00, 0x00, 0x4D, 0x71, 0x00, 0x40, 0x74, 0x14, 0xD0, 0x14, 0x74, 0x17,
    0x00, 0x00, 0x00, 0x00, 0x00, 0x00, 0x00, 0x00, 0x00, 0x00, 0x00, 0x00, 0x00, 0x00, 0x00, 0x00,
    0x00, 0x00, 0x00, 0x00, 0x0D, 0x00, 0x00, 0x00, 0x0D, 0x00, 0x00, 0x00, 0xD4, 0x00, 0x00, 0x00,
    0x00, 0xD1, 0x41, 0x47, 0x00, 0x4D, 0x11, 0x74, 0x00, 0xD0, 0xD4, 0x44, 0x00, 0x00, 0x7D, 0x41,
    0x00, 0x00, 0x4D, 0xD7, 0x00, 0x00, 0xD0, 0x0D, 0x00, 0x00, 0x00, 0x00, 0x00, 0x00, 0x00, 0x00,
    0x71, 0x0D, 0x00, 0x00, 0x14, 0x0D, 0x00, 0x00, 0x17, 0x0D, 0x00, 0x00, 0xD7, 0x00, 0x00, 0x00,
    0x0D, 0x00, 0x00, 0x00, 0x00, 0x00, 0x00, 0x00, 0x00, 0x00, 0x00, 0x00, 0x00, 0x00, 0x00, 0x00,
    0x00, 0x00, 0xA0, 0x00, 0x00, 0x00, 0x60, 0x0A, 0x00, 0x00, 0x60, 0xA2, 0x00, 0x0A, 0x36, 0xA2,
    0x00, 0xA3, 0x26, 0x63, 0x00, 0x26, 0x26, 0x32, 0x0A, 0x3A, 0x3A, 0x32, 0x66, 0x6A, 0xA3, 0xA6,
    0x00, 0x00, 0x00, 0x00, 0xA0, 0x0A, 0x00, 0x00, 0x3A, 0x0A, 0x00, 0x00, 0x26, 0xA6, 0x0A, 0x00,
    0xA2, 0xA3, 0xA3, 0x00, 0x26, 0x36, 0xA6, 0xA0, 0x6A, 0x3A, 0x32, 0xAA, 0xA6, 0x26, 0x2A, 0xA3,
    0x00, 0x00, 0x00, 0x00, 0xD0, 0x0D, 0x00, 0x00, 0x7D, 0xD4, 0x00, 0x00, 0x7D, 0xD4, 0x00, 0x00,
    0xD0, 0xD7, 0x00, 0x00, 0xD0, 0xD1, 0x00, 0x00, 0x40, 0x0D, 0x00, 0x00, 0x07, 0x00, 0x00, 0x00,
    0x07, 0x00, 0x00, 0x00, 0x00, 0x00, 0x00, 0x00, 0x00, 0x00, 0x00, 0x00, 0x00, 0x00, 0x00, 0x00,
    0x00, 0x00, 0x00, 0x00, 0x00, 0x00, 0x00, 0x00, 0x0D, 0x00, 0xBB, 0x00, 0xD7, 0xBB, 0x56, 0x0B,
    0x00, 0x00, 0xCE, 0x66, 0x00, 0xE0, 0x64, 0xCC, 0x00, 0xE0, 0x47, 0xC8, 0x00, 0x00, 0x7E, 0x84,
    0x00, 0x00, 0xEF, 0x77, 0x00, 0x00, 0x00, 0xEE, 0x00, 0x00, 0x00, 0x00, 0x00, 0x00, 0x00, 0x00,
};
static const u16 sSet15Frame0[] = {
    0x0007, 0x00D6, 0x81F1, 0x0000, 0x00E6, 0x4011, 0x0010, 0x00F6, 0x41F9, 0x0014, 0x00F6, 0x4019,
    0x0018, 0x40CE, 0x01F9, 0x001C, 0x80D6, 0x0011, 0x001E, 0x00F6, 0x01F1, 0x0020, 0x0000,
};
static const void* const sSet15Frames[] = { sSet15Frame0 };

static const u16 sDirectionAnim15[] = {
    0x0040, 0x0040, 0x0001, 0x0000, 0x0004,
};
static const u16 sDirectionAnim16[] = {
    0x0040, 0x0040, 0x0001, 0x0000, 0x0004,
};
static const u16 sDirectionAnim17[] = {
    0x0040, 0x0040, 0x0001, 0x0000, 0x0004,
};
static const u16 sDirectionAnim18[] = {
    0x0040, 0x0040, 0x0001, 0x0000, 0x0004,
};
static const u16 sDirectionAnim19[] = {
    0x0040, 0x0040, 0x0001, 0x0000, 0x0004,
};
static const u16 sDirectionAnim20[] = {
    0x0040, 0x0040, 0x0001, 0x0000, 0x0004,
};
static const u16 sDirectionAnim21[] = {
    0x0040, 0x0040, 0x0001, 0x0000, 0x0004,
};
static const u16 sDirectionAnim22[] = {
    0x0040, 0x0040, 0x0001, 0x0000, 0x0004,
};
static const u16 sDirectionAnim23[] = {
    0x0040, 0x0040, 0x0001, 0x0000, 0x0004,
};
static const u16 sDirectionAnim24[] = {
    0x0040, 0x0040, 0x0001, 0x0000, 0x0004,
};
static const u8 sTiles16[] __attribute__((aligned(4))) = {
    0xA0, 0x6A, 0x36, 0xA3, 0x00, 0x23, 0x62, 0x2A, 0x00, 0x6A, 0x2A, 0x36, 0x00, 0x66, 0x63, 0x23,
    0x00, 0xA0, 0xA6, 0xA6, 0x00, 0x00, 0xAA, 0x63, 0x00, 0x00, 0x2B, 0xFA, 0x00, 0xEE, 0x3B, 0xF2,
    0xA3, 0x36, 0x23, 0x66, 0x26, 0x62, 0x32, 0x62, 0x32, 0x33, 0xAA, 0xA6, 0xA3, 0x26, 0x23, 0xAA,
    0x26, 0x2A, 0x2A, 0x36, 0xA3, 0x36, 0xA6, 0xA6, 0x64, 0x6A, 0x6A, 0xAA, 0x31, 0x3A, 0xAA, 0xF9,
    0xAA, 0x5B, 0x52, 0x55, 0xA3, 0x2B, 0xB6, 0x2B, 0x66, 0x25, 0xFB, 0x77, 0xFA, 0x6B, 0xFB, 0x66,
    0x6A, 0x12, 0x75, 0xB3, 0xB6, 0x25, 0xB6, 0xF6, 0x9E, 0xBB, 0xFB, 0xBF, 0x8F, 0x26, 0xBB, 0x4B,
    0xB6, 0xBB, 0x00, 0x00, 0x22, 0x52, 0xB6, 0x00, 0x6F, 0x25, 0xB2, 0x00, 0x62, 0x6B, 0x62, 0x00,
    0xB3, 0xBB, 0xB6, 0xDB, 0xFB, 0x63, 0x22, 0xFF, 0x6B, 0xB3, 0x56, 0xFF, 0x71, 0xBF, 0xBB, 0xBB,
    0xB0, 0xE3, 0xB3, 0x23, 0xB0, 0xB6, 0x6E, 0x6B, 0x00, 0x3B, 0xEB, 0xB3, 0x00, 0xB0, 0x0B, 0xF0,
    0x00, 0x00, 0x00, 0x8F, 0x00, 0x00, 0xF0, 0x4C, 0x00, 0x00, 0xC0, 0x14, 0x00, 0x00, 0x00, 0x9F,
    0x63, 0xAE, 0x46, 0x22, 0xE6, 0xAF, 0xFA, 0x89, 0xFB, 0xFF, 0x9D, 0xFF, 0xFF, 0x99, 0xCF, 0x9D,
    0x14, 0x11, 0xF7, 0xCF, 0x11, 0x11, 0x94, 0xFF, 0x11, 0x84, 0x99, 0xCF, 0x41, 0x41, 0x84, 0xFC,
    0xF1, 0x2B, 0xB6, 0xBB, 0x84, 0x5F, 0x52, 0xB5, 0xFF, 0x5F, 0x22, 0x22, 0x9C, 0xFE, 0x4F, 0x51,
    0xD9, 0xFE, 0x19, 0x41, 0xCD, 0xFF, 0x19, 0x81, 0xFF, 0x00, 0x7F, 0x94, 0x00, 0x00, 0xF0, 0x99,
    0xBB, 0xBB, 0xB2, 0x00, 0x6B, 0x25, 0xB2, 0x00, 0x22, 0x52, 0x0B, 0x00, 0xB6, 0xEE, 0x00, 0xFF,
    0x41, 0x94, 0xCE, 0x74, 0x11, 0x44, 0x88, 0xEC, 0x44, 0x41, 0x49, 0xEC, 0x48, 0x41, 0x14, 0x94,
    0x00, 0x00, 0x00, 0x00, 0x00, 0x00, 0x00, 0x00, 0x00, 0x00, 0x00, 0x00, 0x00, 0x00, 0x00, 0x00,
    0xDD, 0x0D, 0x00, 0x00, 0x14, 0xD1, 0xDD, 0xDD, 0x47, 0x14, 0x11, 0x11, 0xDD, 0x4D, 0x44, 0x44,
    0x00, 0x00, 0x00, 0x00, 0x00, 0x00, 0x00, 0x00, 0x00, 0x00, 0x00, 0x00, 0x00, 0x00, 0x00, 0x00,
    0x00, 0x00, 0x00, 0x00, 0xDD, 0xDD, 0x0D, 0x00, 0x11, 0x11, 0xD1, 0xDD, 0x44, 0x44, 0x14, 0x11,
    0x00, 0xD0, 0xDD, 0xDD, 0x00, 0x00, 0x00, 0x00, 0x00, 0x00, 0x00, 0x00, 0x00, 0x00, 0x00, 0x00,
    0x0F, 0x00, 0x00, 0x00, 0xF8, 0x0C, 0x00, 0x00, 0x7E, 0x0C, 0x00, 0x00, 0x4C, 0xFE, 0x00, 0x00,
    0xDD, 0xDD, 0x4D, 0x44, 0x00, 0x00, 0x70, 0x77, 0x00, 0x00, 0xD0, 0x17, 0x00, 0x00, 0x00, 0x1D,
    0x00, 0x00, 0x00, 0x4D, 0x00, 0x00, 0x00, 0x7D, 0x00, 0x00, 0x00, 0xD0, 0x00, 0x00, 0x00, 0x00,
    0x00, 0x00, 0x00, 0xE0, 0x00, 0x00, 0x00, 0xE0, 0x00, 0x00, 0xC0, 0x9C, 0x00, 0xE0, 0xAE, 0xCC,
    0x00, 0xE0, 0x64, 0x66, 0x00, 0xE0, 0x47, 0xC8, 0x00, 0x00, 0xEF, 0x77, 0x00, 0x00, 0x00, 0xEE,
    0x48, 0x14, 0x41, 0xE8, 0x98, 0x44, 0x44, 0xE8, 0x88, 0x22, 0xC4, 0x8C, 0xE6, 0x8C, 0x98, 0xCE,
    0xAE, 0xEC, 0xEC, 0xCC, 0xEC, 0x8E, 0x48, 0xC7, 0x74, 0x84, 0xEE, 0xFC, 0xEE, 0xEE, 0x00, 0x00,
    0x00, 0x00, 0xE0, 0xFF, 0x0F, 0x00, 0x00, 0x00, 0x0F, 0x00, 0x00, 0x00, 0x0F, 0x00, 0x00, 0x00,
    0x0F, 0x00, 0x00, 0x00, 0x0F, 0x00, 0x00, 0x00, 0x00, 0x00, 0x00, 0x00, 0x00, 0x00, 0x00, 0x00,
    0x88, 0x44, 0x14, 0x82, 0xCC, 0x48, 0x18, 0x24, 0x00, 0xEE, 0x8E, 0xC8, 0x00, 0x00, 0xCC, 0x69,
    0x00, 0xE0, 0x74, 0x76, 0x00, 0xE0, 0x47, 0x44, 0x00, 0x00, 0xEE, 0xEE, 0x00, 0x00, 0x00, 0x00,
    0x00, 0x00, 0x00, 0x00, 0x00, 0x00, 0x00, 0x60, 0x00, 0x00, 0x00, 0x60, 0x6A, 0xA0, 0x63, 0xAA,
    0xA0, 0xE6, 0x2A, 0x63, 0xE0, 0x62, 0x66, 0x3A, 0xE0, 0x3A, 0x22, 0xA3, 0xEA, 0xAE, 0x23, 0x62,
    0x0A, 0xA0, 0x00, 0x00, 0x0A, 0xAA, 0x00, 0x00, 0xA2, 0x63, 0x0A, 0x00, 0x3A, 0x32, 0x32, 0x06,
    0x26, 0x6A, 0x66, 0xEA, 0x32, 0xA2, 0x32, 0x63, 0xA3, 0x36, 0xA3, 0x23, 0x23, 0x6A, 0x22, 0x36,
    0x00, 0x00, 0x00, 0x00, 0x00, 0x00, 0x00, 0x00, 0x00, 0x00, 0x00, 0x00, 0x00, 0x00, 0x00, 0x00,
    0x00, 0x00, 0x00, 0x00, 0x00, 0x00, 0x00, 0x00, 0xDD, 0xDD, 0xDD, 0x0D, 0x11, 0x11, 0x11, 0xD4,
    0x44, 0x44, 0x44, 0xD7, 0x77, 0x44, 0x74, 0xD7, 0x14, 0x11, 0x14, 0x07, 0x74, 0x71, 0x14, 0x0D,
    0xD1, 0xD4, 0x41, 0x0D, 0xD4, 0xDD, 0x74, 0x0D, 0x0D, 0x00, 0xDD, 0x00, 0x00, 0x00, 0x00, 0x00,
    0x00, 0x00, 0x00, 0x00, 0x00, 0x00, 0x00, 0x00, 0x00, 0x00, 0x00, 0x00, 0x0A, 0x00, 0x00, 0x00,
    0x00, 0x00, 0x00, 0x00, 0x0A, 0x00, 0x00, 0x00, 0xA3, 0xB0, 0xBB, 0x00, 0xA2, 0x56, 0x22, 0x02,
    0x48, 0xEE, 0x00, 0x00, 0x89, 0xE8, 0x00, 0x00, 0xAA, 0xE4, 0x00, 0x00, 0xCC, 0xE7, 0x00, 0x00,
    0x48, 0x0E, 0x00, 0x00, 0x74, 0x0E, 0x00, 0x00, 0xEE, 0x00, 0x00, 0x00, 0x00, 0x00, 0x00, 0x00,
};
static const u16 sSet16Frame0[] = {
    0x0007, 0x40E9, 0x81EF, 0x0000, 0x00E9, 0x400F, 0x0008, 0x40F9, 0x41EF, 0x000C, 0x40E1, 0x01EF,
    0x0010, 0x80E9, 0x001F, 0x0012, 0x00E1, 0x01FF, 0x0014, 0x00F9, 0x000F, 0x0015, 0x0000,
};
static const void* const sSet16Frames[] = { sSet16Frame0 };

static const u16 sDirectionAnim25[] = {
    0x0040, 0x0040, 0x0002, 0x0000, 0x0004, 0x0000, 0x0004,
};
static const u16 sDirectionAnim26[] = {
    0x0040, 0x0040, 0x0002, 0x0000, 0x0004, 0x0000, 0x0004,
};
static const u16 sDirectionAnim27[] = {
    0x0040, 0x0040, 0x0002, 0x0000, 0x0004, 0x0000, 0x0004,
};
static const u16 sDirectionAnim28[] = {
    0x0040, 0x0040, 0x0002, 0x0000, 0x0004, 0x0000, 0x0004,
};
static const u16 sDirectionAnim29[] = {
    0x0040, 0x0040, 0x0002, 0x0000, 0x0004, 0x0000, 0x0004,
};
static const void* const sDirectionAnims[] = { sDirectionAnim0, sDirectionAnim1, sDirectionAnim2, sDirectionAnim3, sDirectionAnim4, sDirectionAnim5, sDirectionAnim6, sDirectionAnim7, sDirectionAnim8, sDirectionAnim9, sDirectionAnim10, sDirectionAnim11, sDirectionAnim12, sDirectionAnim13, sDirectionAnim14, sDirectionAnim15, sDirectionAnim16, sDirectionAnim17, sDirectionAnim18, sDirectionAnim19, sDirectionAnim20, sDirectionAnim21, sDirectionAnim22, sDirectionAnim23, sDirectionAnim24, sDirectionAnim25, sDirectionAnim26, sDirectionAnim27, sDirectionAnim28, sDirectionAnim29 };

static const u8 sTiles17[] __attribute__((aligned(4))) = {
    0x00, 0x00, 0x00, 0x00, 0x00, 0x00, 0x00, 0x00, 0x00, 0x00, 0x00, 0x00, 0x00, 0x00, 0x00, 0x90,
    0x00, 0x00, 0x00, 0x69, 0x00, 0x00, 0x00, 0x55, 0x00, 0x00, 0x90, 0x55, 0x00, 0x00, 0x90, 0x53,
    0x00, 0x60, 0x00, 0x60, 0x90, 0x30, 0x09, 0x69, 0x90, 0x39, 0x95, 0x66, 0x69, 0x53, 0x6A, 0x99,
    0x55, 0x53, 0x95, 0x93, 0x55, 0x55, 0x95, 0x93, 0x55, 0x55, 0x39, 0x95, 0x55, 0x55, 0x53, 0x59,
    0x00, 0x00, 0x3B, 0x55, 0x00, 0x00, 0x3A, 0x93, 0x00, 0x00, 0x5B, 0x95, 0x00, 0x00, 0x6B, 0x95,
    0x00, 0x00, 0x90, 0x69, 0x00, 0x00, 0x90, 0x96, 0x00, 0x00, 0x90, 0x90, 0x00, 0x00, 0x00, 0x90,
    0x3A, 0x56, 0x55, 0x33, 0x33, 0x5A, 0x93, 0x55, 0x95, 0x96, 0x33, 0x99, 0x59, 0x63, 0x39, 0x39,
    0x99, 0x39, 0x59, 0xA9, 0x15, 0x1F, 0xB6, 0x1E, 0x13, 0x2F, 0x32, 0x1F, 0x3A, 0x22, 0x21, 0x31,
    0x00, 0x00, 0x00, 0x9E, 0x00, 0x00, 0xF0, 0xE7, 0x00, 0x00, 0x7E, 0x21, 0x00, 0x00, 0x29, 0x11,
    0x00, 0xE0, 0x11, 0x21, 0x00, 0xF0, 0x12, 0x21, 0x00, 0x00, 0xEE, 0x72, 0x00, 0xA0, 0x63, 0xEE,
    0xA7, 0x36, 0x31, 0xC6, 0xA9, 0xAB, 0xA6, 0xAC, 0x79, 0x6A, 0x63, 0xAD, 0x95, 0x2A, 0xDD, 0x97,
    0xE2, 0x77, 0xE1, 0xE1, 0xE5, 0xE7, 0x1D, 0x72, 0x7E, 0xEE, 0xE7, 0xE9, 0x2E, 0xD1, 0xEE, 0x2E,
    0x00, 0xA0, 0xA3, 0xED, 0x00, 0xA0, 0xA3, 0x7E, 0x00, 0x3C, 0xE3, 0x27, 0x00, 0x3E, 0xE3, 0x79,
    0x00, 0x1E, 0xEE, 0x9E, 0xB0, 0xE3, 0xB1, 0x9D, 0xC0, 0x11, 0x63, 0xCD, 0x6B, 0x22, 0x63, 0xCD,
    0x37, 0xE1, 0xDD, 0x1C, 0x22, 0xC7, 0xE8, 0x1E, 0x12, 0xE9, 0xED, 0x5D, 0x11, 0x98, 0xE8, 0x89,
    0x88, 0xD9, 0xDD, 0x9E, 0xDE, 0xC9, 0xE8, 0xEC, 0x88, 0xEE, 0xED, 0x9C, 0x8C, 0xC8, 0xCC, 0x88,
    0x3B, 0x22, 0xA2, 0x9C, 0x6B, 0xA1, 0xC2, 0xCC, 0x40, 0x6E, 0xE3, 0x9C, 0x00, 0xAB, 0xDA, 0x99,
    0x00, 0x00, 0x70, 0x77, 0x00, 0x00, 0x80, 0x55, 0x00, 0x00, 0x80, 0x33, 0x00, 0x00, 0x70, 0x33,
    0xC9, 0x9C, 0x99, 0xCC, 0x98, 0xC9, 0xC9, 0x8C, 0x89, 0xC9, 0xCC, 0x89, 0x99, 0x99, 0x9C, 0x99,
    0xC8, 0x99, 0x9C, 0xC9, 0x73, 0x99, 0x9C, 0x79, 0x73, 0xCC, 0xCD, 0x8C, 0x53, 0xC8, 0xCC, 0x57,
    0x00, 0x00, 0x80, 0x23, 0x00, 0x00, 0x30, 0x13, 0x00, 0x00, 0x30, 0x13, 0x00, 0x00, 0x50, 0x33,
    0x00, 0x00, 0x70, 0x33, 0x00, 0x00, 0x37, 0x33, 0x00, 0x00, 0x87, 0x21, 0x00, 0x70, 0x77, 0x37,
    0x33, 0x53, 0x57, 0x33, 0x31, 0x83, 0x37, 0x33, 0x31, 0x73, 0x38, 0x23, 0x32, 0x73, 0x37, 0x33,
    0x12, 0x77, 0x37, 0x33, 0x71, 0x77, 0x37, 0x73, 0x31, 0x83, 0x77, 0x13, 0x31, 0x83, 0x38, 0x32,
    0x00, 0x80, 0x33, 0x13, 0x00, 0x37, 0x57, 0x88, 0x00, 0x77, 0xFF, 0xFE, 0x00, 0xB0, 0x6A, 0xA6,
    0x00, 0xCC, 0x6F, 0xEF, 0xD0, 0xF9, 0xFA, 0xCF, 0xD0, 0xC9, 0x9A, 0xC9, 0xC0, 0xCC, 0xCA, 0xCC,
    0x13, 0x78, 0x35, 0xC3, 0x12, 0x81, 0x39, 0xCC, 0x77, 0x77, 0x9C, 0xCD, 0x9E, 0x79, 0xB0, 0x7B,
    0xCA, 0x7B, 0x00, 0xC0, 0xDC, 0x0B, 0x00, 0x00, 0xDD, 0x00, 0x00, 0x00, 0xBC, 0x00, 0x00, 0x00,
    0x90, 0x57, 0x77, 0x77, 0xE0, 0xBC, 0xBB, 0xBB, 0x00, 0x00, 0x00, 0x00, 0x00, 0x00, 0x00, 0x00,
    0x00, 0x00, 0x00, 0x00, 0x00, 0x00, 0x00, 0x00, 0x00, 0x00, 0x00, 0x00, 0x00, 0x00, 0x00, 0x00,
    0xB9, 0x00, 0x00, 0x00, 0x00, 0x00, 0x00, 0x00, 0x00, 0x00, 0x00, 0x00, 0x00, 0x00, 0x00, 0x00,
    0x00, 0x00, 0x00, 0x00, 0x00, 0x00, 0x00, 0x00, 0x00, 0x00, 0x00, 0x00, 0x00, 0x00, 0x00, 0x00,
    0x00, 0x06, 0x00, 0x00, 0x90, 0x05, 0x00, 0x00, 0x39, 0x95, 0x00, 0x00, 0x53, 0x96, 0x00, 0x00,
    0x65, 0x59, 0x09, 0x00, 0x66, 0x59, 0x06, 0x00, 0x96, 0x59, 0x06, 0x00, 0x39, 0x69, 0x09, 0x00,
    0x55, 0x9A, 0x06, 0x00, 0x99, 0x65, 0x00, 0x00, 0x35, 0x95, 0x9A, 0x00, 0x59, 0x53, 0x06, 0x00,
    0x96, 0x95, 0x09, 0x00, 0xA5, 0x66, 0x00, 0x00, 0x96, 0x99, 0x00, 0x00, 0x9B, 0x00, 0x00, 0x00,
    0xE7, 0x0E, 0x00, 0x00, 0xF8, 0x92, 0x00, 0x00, 0x29, 0x71, 0x00, 0x00, 0x17, 0x11, 0x09, 0x00,
    0x29, 0x21, 0x0E, 0x00, 0x7E, 0xE7, 0x00, 0x00, 0xEF, 0x6E, 0x00, 0x00, 0xE7, 0x36, 0x0A, 0x00,
    0x72, 0x3E, 0x06, 0x00, 0x52, 0x6E, 0xB2, 0x00, 0x21, 0x6D, 0xB3, 0x00, 0x57, 0x6A, 0x63, 0x0B,
    0x99, 0x6B, 0x33, 0xB6, 0x9D, 0xCB, 0x13, 0xB6, 0xC8, 0xAC, 0x23, 0xB3, 0xCD, 0x6C, 0x3B, 0xB6,
    0xA9, 0xCA, 0xEA, 0xDF, 0x6A, 0xFF, 0x6D, 0xCF, 0xCC, 0xF9, 0xFF, 0xC6, 0xDD, 0x9C, 0xC9, 0x7A,
    0x79, 0xD7, 0xCC, 0x99, 0xB0, 0x79, 0x97, 0xBB, 0x00, 0xBB, 0xBB, 0x00, 0x00, 0x00, 0x00, 0x00,
    0x00, 0x00, 0x00, 0x00, 0x0C, 0x00, 0x00, 0x00, 0x0D, 0x00, 0x00, 0x00, 0x09, 0x00, 0x00, 0x00,
    0x0C, 0x00, 0x00, 0x00, 0x00, 0x00, 0x00, 0x00, 0x00, 0x00, 0x00, 0x00, 0x00, 0x00, 0x00, 0x00,
    0xC9, 0xB9, 0x36, 0x0A, 0xC9, 0xAC, 0xCA, 0x00, 0xC9, 0x0D, 0x00, 0x00, 0xC9, 0x0C, 0x00, 0x00,
    0x78, 0x07, 0x00, 0x00, 0x53, 0x07, 0x00, 0x00, 0x53, 0x07, 0x00, 0x00, 0x53, 0x05, 0x00, 0x00,
    0x33, 0x05, 0x00, 0x00, 0x33, 0x08, 0x00, 0x00, 0x31, 0x08, 0x00, 0x00, 0x18, 0x07, 0x00, 0x00,
    0x83, 0x07, 0x00, 0x00, 0x87, 0x71, 0x00, 0x00, 0x12, 0x81, 0x00, 0x00, 0x83, 0xE7, 0x0F, 0x00,
};
static const u16 sSet17Frame0[] = {
    0x0005, 0x80CA, 0x81F4, 0x0000, 0x80EA, 0x81F4, 0x0008, 0x80CA, 0x4004, 0x0010, 0x40FA, 0x0004,
    0x0014, 0x80EA, 0x0004, 0x0016, 0x0000,
};
static const void* const sSet17Frames[] = { sSet17Frame0 };

static const u16 sFieldAnim0[] = {
    0x0040, 0x0040, 0x0001, 0x0000, 0x0004,
};
static const u16 sFieldAnim1[] = {
    0x0040, 0x0040, 0x0001, 0x0000, 0x0004,
};
static const u16 sFieldAnim2[] = {
    0x0040, 0x0040, 0x0001, 0x0000, 0x0004,
};
static const u16 sFieldAnim3[] = {
    0x0040, 0x0040, 0x0001, 0x0000, 0x0004,
};
static const u16 sFieldAnim4[] = {
    0x0040, 0x0040, 0x0001, 0x0000, 0x0004,
};
static const u8 sTiles18[] __attribute__((aligned(4))) = {
    0x66, 0x23, 0x62, 0x32, 0x63, 0x32, 0x36, 0xA6, 0x26, 0xA3, 0x32, 0x33, 0x6A, 0x6A, 0xA2, 0xA2,
    0x3A, 0x36, 0x6A, 0x63, 0x22, 0x7F, 0xAA, 0xA2, 0x23, 0x1F, 0xA3, 0x3A, 0x3B, 0x32, 0xE6, 0xC6,
    0x3A, 0x32, 0x0A, 0x00, 0x63, 0x33, 0x6A, 0x0B, 0x63, 0xA6, 0xBA, 0x0B, 0x23, 0x36, 0xEA, 0x00,
    0x6A, 0x6A, 0x56, 0xBE, 0x63, 0xA3, 0xAA, 0xBB, 0x6A, 0x6A, 0xEA, 0xFE, 0xCA, 0x59, 0xED, 0xBB,
    0x00, 0x00, 0x00, 0x00, 0x00, 0x00, 0x00, 0x00, 0x00, 0x00, 0x00, 0x00, 0x00, 0x00, 0xD0, 0xDD,
    0xDD, 0xDD, 0x1D, 0x11, 0x14, 0x11, 0x41, 0x44, 0x47, 0x44, 0xD4, 0xDD, 0xDB, 0xDD, 0x0D, 0x00,
    0x00, 0x00, 0xD0, 0x41, 0x00, 0x00, 0xD0, 0x17, 0x00, 0x00, 0x7D, 0x77, 0xDD, 0xDD, 0x11, 0x11,
    0x11, 0x11, 0x44, 0x44, 0x44, 0x44, 0xDD, 0xDD, 0xDD, 0xDD, 0x00, 0x00, 0x00, 0x00, 0x00, 0x00,
    0xB3, 0x66, 0xEE, 0xAA, 0x66, 0xBB, 0xBE, 0x96, 0x2F, 0x42, 0xFE, 0x56, 0xB0, 0xE6, 0x8E, 0x9F,
    0x00, 0x1B, 0x14, 0x19, 0x00, 0x00, 0xB1, 0x9B, 0x00, 0x10, 0x17, 0x60, 0x00, 0x00, 0x00, 0xB0,
    0x59, 0x25, 0xE5, 0xFF, 0x15, 0x11, 0x52, 0xD2, 0x12, 0x21, 0x95, 0xD1, 0x58, 0x55, 0xE9, 0xE5,
    0x99, 0x99, 0xEE, 0xED, 0x11, 0xF0, 0xC4, 0x15, 0x1D, 0xF0, 0xC7, 0x25, 0x0D, 0xF0, 0xF4, 0x15,
    0x0F, 0x00, 0x00, 0x00, 0x6B, 0x0B, 0x00, 0x00, 0x23, 0xB3, 0xFF, 0x00, 0x66, 0x47, 0x41, 0x0F,
    0xFF, 0x14, 0x74, 0x0F, 0xF4, 0x6F, 0xF7, 0x0F, 0xF4, 0x32, 0x23, 0xF6, 0x61, 0x6F, 0xF2, 0xFF,
    0x00, 0x00, 0x00, 0x00, 0x00, 0x00, 0x00, 0x00, 0x00, 0x00, 0x00, 0x00, 0x00, 0x00, 0x00, 0x00,
    0x00, 0x00, 0x00, 0xFF, 0x00, 0xE0, 0x0E, 0x4C, 0x08, 0xCE, 0xC8, 0xC8, 0xE0, 0x99, 0x84, 0x92,
    0x00, 0x00, 0x00, 0x00, 0x00, 0x00, 0x00, 0x00, 0x00, 0x00, 0x00, 0x00, 0x00, 0x00, 0x00, 0x00,
    0x00, 0x00, 0x00, 0x00, 0x00, 0x00, 0x00, 0xCC, 0x00, 0x00, 0xC0, 0x49, 0x00, 0x00, 0x4C, 0x49,
    0x00, 0x5F, 0xFD, 0x15, 0x00, 0xEE, 0x5F, 0x11, 0x00, 0xCE, 0x5F, 0x51, 0xE0, 0xEE, 0xCC, 0xE5,
    0xEE, 0x9C, 0xCC, 0x89, 0xF8, 0x89, 0x98, 0xC8, 0xF4, 0x98, 0x98, 0x98, 0x11, 0x9F, 0x88, 0x89,
    0x2B, 0x22, 0x13, 0xF2, 0x3B, 0x12, 0x21, 0xF6, 0xBB, 0x36, 0x32, 0xBB, 0xBB, 0x6B, 0xBB, 0x2B,
    0xB8, 0xBB, 0x2B, 0x22, 0xC9, 0xFF, 0x44, 0x24, 0xC9, 0xFF, 0x47, 0x42, 0xFC, 0x9C, 0x4F, 0x84,
    0xEE, 0x88, 0x82, 0x82, 0x82, 0x22, 0x22, 0x84, 0x22, 0x22, 0x42, 0x24, 0x22, 0x22, 0x44, 0x28,
    0x22, 0x44, 0x88, 0x48, 0x22, 0x42, 0xCC, 0xC8, 0x28, 0xCC, 0x00, 0xE9, 0xC8, 0x00, 0x00, 0xCF,
    0x00, 0xE0, 0x18, 0x14, 0x00, 0xCF, 0x14, 0x11, 0xE0, 0x48, 0x11, 0x11, 0xE0, 0x18, 0x14, 0x11,
    0x4E, 0x14, 0x41, 0x41, 0x48, 0x44, 0x44, 0x44, 0x41, 0x44, 0x44, 0xC8, 0x48, 0x44, 0x84, 0xE8,
    0x71, 0x84, 0xC9, 0xCC, 0x41, 0xC8, 0x9C, 0xF9, 0x41, 0x48, 0xEC, 0xFF, 0x84, 0xCE, 0x00, 0x00,
    0x84, 0x0C, 0x00, 0x00, 0xC4, 0x00, 0x00, 0x00, 0x00, 0x00, 0x00, 0x00, 0x00, 0x00, 0x00, 0x00,
    0x9F, 0x8C, 0xCF, 0xC8, 0xFE, 0xCF, 0x00, 0x00, 0x00, 0x00, 0x00, 0x00, 0x00, 0x00, 0x00, 0x00,
    0x00, 0x00, 0x00, 0x00, 0x00, 0x00, 0x00, 0x00, 0x00, 0x00, 0x00, 0x00, 0x00, 0x00, 0x00, 0x00,
    0x0C, 0x00, 0x00, 0xC0, 0x00, 0x00, 0x00, 0xE0, 0x00, 0x00, 0x00, 0x00, 0x00, 0x00, 0x00, 0x00,
    0x00, 0x00, 0x00, 0x00, 0x00, 0x00, 0x00, 0x00, 0x00, 0x00, 0x00, 0x00, 0x00, 0x00, 0x00, 0x00,
    0x00, 0x00, 0x00, 0x00, 0x00, 0x00, 0x00, 0x00, 0x00, 0x00, 0x00, 0x00, 0x00, 0x00, 0x00, 0x00,
    0x00, 0x00, 0x00, 0x00, 0x00, 0xD0, 0x0D, 0x00, 0xDD, 0x4D, 0xD7, 0x00, 0x4D, 0x1D, 0xD4, 0x00,
    0x17, 0x47, 0xD1, 0x00, 0x14, 0x11, 0x14, 0x07, 0x77, 0x44, 0x74, 0xD7, 0x11, 0x11, 0x11, 0xD4,
    0x44, 0x44, 0x44, 0xD7, 0xDD, 0xDD, 0xDD, 0x0D, 0x00, 0x00, 0x00, 0x00, 0x00, 0x00, 0x00, 0x00,
    0x00, 0x00, 0x00, 0x00, 0x00, 0x00, 0x00, 0x00, 0x00, 0x00, 0x00, 0x00, 0x00, 0x00, 0x00, 0x00,
    0xFF, 0x00, 0x00, 0x00, 0x87, 0x0F, 0x00, 0x00, 0x4E, 0xC7, 0x00, 0x00, 0xEE, 0xC7, 0x00, 0x00,
    0xCD, 0xE4, 0x00, 0x00, 0x8E, 0xE4, 0x0E, 0x00, 0x89, 0x87, 0x0E, 0x00, 0xE9, 0x8E, 0x0E, 0x00,
    0xC9, 0x8C, 0xE7, 0x00, 0xCC, 0x48, 0xE8, 0x00, 0x8C, 0x74, 0x0E, 0x00, 0x46, 0x77, 0x0E, 0x00,
    0x00, 0x00, 0x00, 0x00, 0x00, 0x00, 0x00, 0x00, 0x00, 0x00, 0x00, 0x00, 0x00, 0x00, 0x00, 0xA0,
    0x00, 0x00, 0x00, 0xA3, 0x00, 0x00, 0x00, 0x26, 0x00, 0x00, 0xA0, 0x3A, 0x00, 0x00, 0x60, 0xA6,
    0x00, 0x0A, 0x00, 0x00, 0x60, 0x0A, 0x00, 0x0A, 0x26, 0x0A, 0xA6, 0x00, 0x26, 0xA2, 0x23, 0x0A,
    0x26, 0x63, 0x36, 0xA2, 0x26, 0x62, 0x62, 0x66, 0x36, 0xA2, 0x23, 0x33, 0xA3, 0x66, 0x3A, 0x3A,
    0x4E, 0xC6, 0xCC, 0xCC, 0x7E, 0x84, 0xCC, 0xEE, 0xE0, 0x47, 0x88, 0x88, 0x00, 0x7E, 0x47, 0x47,
    0x00, 0xE0, 0xEE, 0xEE, 0x00, 0x00, 0x00, 0x00, 0x00, 0x00, 0x00, 0x00, 0x00, 0x00, 0x00, 0x00,
    0x11, 0x81, 0x88, 0x0E, 0x2C, 0x18, 0x84, 0x0E, 0xC8, 0x98, 0xC8, 0x0E, 0x87, 0xC4, 0xFC, 0x00,
    0x48, 0x77, 0x0C, 0x00, 0xEE, 0xCE, 0x00, 0x00, 0x00, 0x00, 0x00, 0x00, 0x00, 0x00, 0x00, 0x00,
    0x00, 0x00, 0xA0, 0x32, 0x00, 0x00, 0x0A, 0x2A, 0x00, 0x00, 0xA0, 0xA3, 0x00, 0x00, 0x60, 0x66,
    0x00, 0x00, 0x00, 0xAA, 0x00, 0x00, 0x00, 0xB0, 0x00, 0x00, 0x00, 0xBE, 0x00, 0x00, 0x00, 0xBE,
    0x00, 0x00, 0x00, 0x6F, 0x00, 0x00, 0x00, 0xBE, 0x00, 0x00, 0x00, 0xF0, 0x00, 0x00, 0x00, 0x00,
    0x00, 0x00, 0x00, 0x00, 0x00, 0x00, 0x00, 0x00, 0x00, 0x00, 0x00, 0x00, 0x00, 0x00, 0x00, 0x00,
    0x00, 0x00, 0x00, 0x00, 0x00, 0x00, 0x00, 0x00, 0x00, 0x00, 0x00, 0x00, 0xA0, 0x00, 0x00, 0x00,
    0xA3, 0x00, 0x00, 0x00, 0x63, 0x00, 0x00, 0x00, 0xA6, 0x0A, 0x00, 0x00, 0x33, 0xA6, 0x00, 0x00,
    0x00, 0x00, 0x00, 0x00, 0x00, 0x00, 0x00, 0x00, 0x00, 0x00, 0x00, 0x00, 0x00, 0x00, 0x00, 0x00,
    0x00, 0x00, 0x00, 0x00, 0x00, 0x00, 0x00, 0xDD, 0x00, 0x00, 0xD0, 0x47, 0x00, 0x00, 0xD0, 0x14,
    0x00, 0x00, 0x00, 0x00, 0x00, 0x00, 0x00, 0x00, 0x00, 0x00, 0x00, 0x00, 0x00, 0x00, 0x00, 0x00,
    0x00, 0x00, 0x00, 0xE0, 0x00, 0x00, 0x00, 0x8C, 0x00, 0xC0, 0x9C, 0x48, 0xE0, 0x6C, 0xE6, 0x4C,
    0x74, 0xEE, 0x00, 0x00, 0xEE, 0x00, 0x00, 0x00, 0x00, 0x00, 0x00, 0x00, 0x00, 0x00, 0x00, 0x00,
    0x00, 0x00, 0x00, 0x00, 0x00, 0x00, 0x00, 0x00, 0x00, 0x00, 0x00, 0x00, 0x00, 0x00, 0x00, 0x00,
};
static const u16 sSet18Frame0[] = {
    0x0009, 0x00DC, 0x81FB, 0x0000, 0x80D4, 0x401B, 0x0010, 0x40D4, 0x01F3, 0x0014, 0x40FC, 0x01F3,
    0x0016, 0x80DC, 0x01F3, 0x0018, 0x00D4, 0x0003, 0x001A, 0x00D4, 0x0013, 0x001B, 0x00F4, 0x01F3,
    0x001C, 0x00F4, 0x001B, 0x001D, 0x0000,
};
static const void* const sSet18Frames[] = { sSet18Frame0 };

static const u16 sFieldAnim5[] = {
    0x0040, 0x0040, 0x0008, 0x0000, 0x0007, 0x0000, 0x0007, 0x0000, 0x0007, 0x0000, 0x0007, 0x0000,
    0x0007, 0x0000, 0x0007, 0x0000, 0x0007, 0x0000, 0x0007,
};
static const u16 sFieldAnim6[] = {
    0x0040, 0x0040, 0x0008, 0x0000, 0x0007, 0x0000, 0x0007, 0x0000, 0x0007, 0x0000, 0x0007, 0x0000,
    0x0007, 0x0000, 0x0007, 0x0000, 0x0007, 0x0000, 0x0007,
};
static const u16 sFieldAnim7[] = {
    0x0040, 0x0040, 0x0008, 0x0000, 0x0007, 0x0000, 0x0007, 0x0000, 0x0007, 0x0000, 0x0007, 0x0000,
    0x0007, 0x0000, 0x0007, 0x0000, 0x0007, 0x0000, 0x0007,
};
static const u16 sFieldAnim8[] = {
    0x0040, 0x0040, 0x0008, 0x0000, 0x0007, 0x0000, 0x0007, 0x0000, 0x0007, 0x0000, 0x0007, 0x0000,
    0x0007, 0x0000, 0x0007, 0x0000, 0x0007, 0x0000, 0x0007,
};
static const u16 sFieldAnim9[] = {
    0x0040, 0x0040, 0x0008, 0x0000, 0x0007, 0x0000, 0x0007, 0x0000, 0x0007, 0x0000, 0x0007, 0x0000,
    0x0007, 0x0000, 0x0007, 0x0000, 0x0007, 0x0000, 0x0007,
};
static const u16 sFieldAnim10[] = {
    0x0040, 0x0040, 0x0008, 0x0000, 0x0004, 0x0000, 0x0004, 0x0000, 0x0004, 0x0000, 0x0004, 0x0000,
    0x0004, 0x0000, 0x0004, 0x0000, 0x0004, 0x0000, 0x0004,
};
static const u16 sFieldAnim11[] = {
    0x0040, 0x0040, 0x0008, 0x0000, 0x0004, 0x0000, 0x0004, 0x0000, 0x0004, 0x0000, 0x0004, 0x0000,
    0x0004, 0x0000, 0x0004, 0x0000, 0x0004, 0x0000, 0x0004,
};
static const u16 sFieldAnim12[] = {
    0x0040, 0x0040, 0x0008, 0x0000, 0x0004, 0x0000, 0x0004, 0x0000, 0x0004, 0x0000, 0x0004, 0x0000,
    0x0004, 0x0000, 0x0004, 0x0000, 0x0004, 0x0000, 0x0004,
};
static const u16 sFieldAnim13[] = {
    0x0040, 0x0040, 0x0008, 0x0000, 0x0004, 0x0000, 0x0004, 0x0000, 0x0004, 0x0000, 0x0004, 0x0000,
    0x0004, 0x0000, 0x0004, 0x0000, 0x0004, 0x0000, 0x0004,
};
static const u16 sFieldAnim14[] = {
    0x0040, 0x0040, 0x0008, 0x0000, 0x0004, 0x0000, 0x0004, 0x0000, 0x0004, 0x0000, 0x0004, 0x0000,
    0x0004, 0x0000, 0x0004, 0x0000, 0x0004, 0x0000, 0x0004,
};
static const u16 sFieldAnim15[] = {
    0x0040, 0x0040, 0x0002, 0x0000, 0x0004, 0x0000, 0x0004,
};
static const u16 sFieldAnim16[] = {
    0x0040, 0x0040, 0x0002, 0x0000, 0x0004, 0x0000, 0x0004,
};
static const u16 sFieldAnim17[] = {
    0x0040, 0x0040, 0x0002, 0x0000, 0x0004, 0x0000, 0x0004,
};
static const u16 sFieldAnim18[] = {
    0x0040, 0x0040, 0x0002, 0x0000, 0x0004, 0x0000, 0x0004,
};
static const u16 sFieldAnim19[] = {
    0x0040, 0x0040, 0x0002, 0x0000, 0x0004, 0x0000, 0x0004,
};
static const u16 sFieldAnim20[] = {
    0x0040, 0x0040, 0x0001, 0x0000, 0x0004,
};
static const u16 sFieldAnim21[] = {
    0x0040, 0x0040, 0x0001, 0x0000, 0x0004,
};
static const u16 sFieldAnim22[] = {
    0x0040, 0x0040, 0x0001, 0x0000, 0x0004,
};
static const u16 sFieldAnim23[] = {
    0x0040, 0x0040, 0x0001, 0x0000, 0x0004,
};
static const u16 sFieldAnim24[] = {
    0x0040, 0x0040, 0x0001, 0x0000, 0x0004,
};
static const u16 sFieldAnim25[] = {
    0x0040, 0x0040, 0x0001, 0x0000, 0x0004,
};
static const u16 sFieldAnim26[] = {
    0x0040, 0x0040, 0x0001, 0x0000, 0x0004,
};
static const u16 sFieldAnim27[] = {
    0x0040, 0x0040, 0x0001, 0x0000, 0x0004,
};
static const u16 sFieldAnim28[] = {
    0x0040, 0x0040, 0x0001, 0x0000, 0x0004,
};
static const u16 sFieldAnim29[] = {
    0x0040, 0x0040, 0x0001, 0x0000, 0x0004,
};
static const u16 sFieldAnim30[] = {
    0x0040, 0x0040, 0x0001, 0x0000, 0x0004,
};
static const u16 sFieldAnim31[] = {
    0x0040, 0x0040, 0x0001, 0x0000, 0x0004,
};
static const u16 sFieldAnim32[] = {
    0x0040, 0x0040, 0x0001, 0x0000, 0x0004,
};
static const u16 sFieldAnim33[] = {
    0x0040, 0x0040, 0x0001, 0x0000, 0x0004,
};
static const u16 sFieldAnim34[] = {
    0x0040, 0x0040, 0x0001, 0x0000, 0x0004,
};
static const u16 sFieldAnim35[] = {
    0x0040, 0x0040, 0x0002, 0x0000, 0x0004, 0x0000, 0x0004,
};
static const u16 sFieldAnim36[] = {
    0x0040, 0x0040, 0x0002, 0x0000, 0x0004, 0x0000, 0x0004,
};
static const u16 sFieldAnim37[] = {
    0x0040, 0x0040, 0x0002, 0x0000, 0x0004, 0x0000, 0x0004,
};
static const u16 sFieldAnim38[] = {
    0x0040, 0x0040, 0x0002, 0x0000, 0x0004, 0x0000, 0x0004,
};
static const u16 sFieldAnim39[] = {
    0x0040, 0x0040, 0x0002, 0x0000, 0x0004, 0x0000, 0x0004,
};
static const u16 sFieldAnim40[] = {
    0x0040, 0x0040, 0x0020, 0x0000, 0x0001, 0x0000, 0x0001, 0x0000, 0x0001, 0x0000, 0x0001, 0x0000,
    0x0001, 0x0000, 0x0001, 0x0000, 0x0001, 0x0000, 0x0001, 0x0000, 0x0001, 0x0000, 0x0001, 0x0000,
    0x0001, 0x0000, 0x0001, 0x0000, 0x0001, 0x0000, 0x0001, 0x0000, 0x0001, 0x0000, 0x0001, 0x0000,
    0x0001, 0x0000, 0x0001, 0x0000, 0x0001, 0x0000, 0x0001, 0x0000, 0x0001, 0x0000, 0x0001, 0x0000,
    0x0001, 0x0000, 0x0001, 0x0000, 0x0001, 0x0000, 0x0001, 0x0000, 0x0001, 0x0000, 0x0001, 0x0000,
    0x0001, 0x0000, 0x0001, 0x0000, 0x0001, 0x0000, 0x0001,
};
static const u16 sFieldAnim41[] = {
    0x0040, 0x0040, 0x0020, 0x0000, 0x0001, 0x0000, 0x0001, 0x0000, 0x0001, 0x0000, 0x0001, 0x0000,
    0x0001, 0x0000, 0x0001, 0x0000, 0x0001, 0x0000, 0x0001, 0x0000, 0x0001, 0x0000, 0x0001, 0x0000,
    0x0001, 0x0000, 0x0001, 0x0000, 0x0001, 0x0000, 0x0001, 0x0000, 0x0001, 0x0000, 0x0001, 0x0000,
    0x0001, 0x0000, 0x0001, 0x0000, 0x0001, 0x0000, 0x0001, 0x0000, 0x0001, 0x0000, 0x0001, 0x0000,
    0x0001, 0x0000, 0x0001, 0x0000, 0x0001, 0x0000, 0x0001, 0x0000, 0x0001, 0x0000, 0x0001, 0x0000,
    0x0001, 0x0000, 0x0001, 0x0000, 0x0001, 0x0000, 0x0001,
};
static const u16 sFieldAnim42[] = {
    0x0040, 0x0040, 0x0020, 0x0000, 0x0001, 0x0000, 0x0001, 0x0000, 0x0001, 0x0000, 0x0001, 0x0000,
    0x0001, 0x0000, 0x0001, 0x0000, 0x0001, 0x0000, 0x0001, 0x0000, 0x0001, 0x0000, 0x0001, 0x0000,
    0x0001, 0x0000, 0x0001, 0x0000, 0x0001, 0x0000, 0x0001, 0x0000, 0x0001, 0x0000, 0x0001, 0x0000,
    0x0001, 0x0000, 0x0001, 0x0000, 0x0001, 0x0000, 0x0001, 0x0000, 0x0001, 0x0000, 0x0001, 0x0000,
    0x0001, 0x0000, 0x0001, 0x0000, 0x0001, 0x0000, 0x0001, 0x0000, 0x0001, 0x0000, 0x0001, 0x0000,
    0x0001, 0x0000, 0x0001, 0x0000, 0x0001, 0x0000, 0x0001,
};
static const u16 sFieldAnim43[] = {
    0x0040, 0x0040, 0x0020, 0x0000, 0x0001, 0x0000, 0x0001, 0x0000, 0x0001, 0x0000, 0x0001, 0x0000,
    0x0001, 0x0000, 0x0001, 0x0000, 0x0001, 0x0000, 0x0001, 0x0000, 0x0001, 0x0000, 0x0001, 0x0000,
    0x0001, 0x0000, 0x0001, 0x0000, 0x0001, 0x0000, 0x0001, 0x0000, 0x0001, 0x0000, 0x0001, 0x0000,
    0x0001, 0x0000, 0x0001, 0x0000, 0x0001, 0x0000, 0x0001, 0x0000, 0x0001, 0x0000, 0x0001, 0x0000,
    0x0001, 0x0000, 0x0001, 0x0000, 0x0001, 0x0000, 0x0001, 0x0000, 0x0001, 0x0000, 0x0001, 0x0000,
    0x0001, 0x0000, 0x0001, 0x0000, 0x0001, 0x0000, 0x0001,
};
static const u16 sFieldAnim44[] = {
    0x0040, 0x0040, 0x0020, 0x0000, 0x0001, 0x0000, 0x0001, 0x0000, 0x0001, 0x0000, 0x0001, 0x0000,
    0x0001, 0x0000, 0x0001, 0x0000, 0x0001, 0x0000, 0x0001, 0x0000, 0x0001, 0x0000, 0x0001, 0x0000,
    0x0001, 0x0000, 0x0001, 0x0000, 0x0001, 0x0000, 0x0001, 0x0000, 0x0001, 0x0000, 0x0001, 0x0000,
    0x0001, 0x0000, 0x0001, 0x0000, 0x0001, 0x0000, 0x0001, 0x0000, 0x0001, 0x0000, 0x0001, 0x0000,
    0x0001, 0x0000, 0x0001, 0x0000, 0x0001, 0x0000, 0x0001, 0x0000, 0x0001, 0x0000, 0x0001, 0x0000,
    0x0001, 0x0000, 0x0001, 0x0000, 0x0001, 0x0000, 0x0001,
};
static const u8 sTiles19[] __attribute__((aligned(4))) = {
    0x00, 0xDD, 0x00, 0xD0, 0xD0, 0x47, 0xDD, 0x4D, 0xD0, 0x14, 0x4D, 0x1D, 0xD0, 0x41, 0x17, 0x47,
    0x70, 0x41, 0x11, 0x41, 0x4D, 0x44, 0x44, 0x44, 0x4D, 0x11, 0x11, 0x11, 0x7D, 0x44, 0x44, 0x44,
    0x0D, 0x00, 0x00, 0x00, 0xD7, 0x00, 0x00, 0x00, 0xD4, 0x00, 0x00, 0x00, 0xD1, 0x00, 0x00, 0x00,
    0x71, 0x0D, 0x00, 0x00, 0x74, 0xD7, 0xDD, 0xDD, 0x11, 0x11, 0x11, 0x11, 0x44, 0x44, 0x44, 0x44,
    0x00, 0x00, 0x00, 0x00, 0x00, 0x00, 0x00, 0x00, 0x00, 0x00, 0x00, 0x00, 0x00, 0x00, 0x00, 0x00,
    0x00, 0x00, 0x00, 0x00, 0xDD, 0xDD, 0xDD, 0xDD, 0x11, 0x11, 0x11, 0x41, 0x44, 0x44, 0x44, 0x74,
    0x00, 0x00, 0x00, 0x00, 0x00, 0x00, 0x00, 0xB0, 0x00, 0xB0, 0xBB, 0x56, 0x00, 0x5B, 0x22, 0xEE,
    0x00, 0x26, 0xB6, 0x6B, 0xDD, 0x6B, 0xFB, 0x3B, 0xFF, 0x55, 0xBB, 0x32, 0xFF, 0x22, 0xF6, 0x23,
    0xD0, 0xDD, 0xDD, 0xDD, 0x00, 0x00, 0x00, 0x00, 0x00, 0x00, 0x00, 0x00, 0x00, 0x00, 0x00, 0x00,
    0x00, 0x00, 0x00, 0x00, 0x00, 0x00, 0x00, 0x00, 0x00, 0x00, 0x00, 0x00, 0x00, 0x00, 0x00, 0x00,
    0xDD, 0xDD, 0xDD, 0xDD, 0x00, 0x00, 0x00, 0x00, 0x00, 0x00, 0x00, 0x00, 0x00, 0x00, 0x00, 0x00,
    0x00, 0x00, 0x00, 0x00, 0x00, 0x00, 0x00, 0x00, 0x00, 0x00, 0x00, 0x00, 0x00, 0x00, 0x00, 0x00,
    0xDD, 0xDD, 0xDD, 0xDD, 0x00, 0x00, 0x00, 0x00, 0x00, 0x00, 0x00, 0x00, 0x00, 0x00, 0x00, 0x00,
    0x00, 0x00, 0x00, 0x00, 0x00, 0x00, 0x00, 0x00, 0x00, 0x00, 0x00, 0x00, 0x00, 0x00, 0x00, 0x00,
    0xBB, 0xBB, 0xBB, 0xB3, 0x00, 0x5B, 0xBB, 0xBB, 0x00, 0x6B, 0x55, 0x66, 0x00, 0xB0, 0xBB, 0x5B,
    0x00, 0x00, 0x00, 0xB0, 0x00, 0x00, 0x00, 0x00, 0x00, 0x00, 0x00, 0x00, 0x00, 0x00, 0x00, 0x00,
    0x00, 0x00, 0x00, 0xB0, 0xBB, 0x66, 0x0B, 0x00, 0x22, 0xF2, 0xFF, 0x00, 0xEE, 0xBF, 0xEE, 0x6B,
    0xB3, 0x62, 0xC4, 0x26, 0x62, 0xC6, 0x7E, 0x6C, 0xC2, 0xCB, 0xE7, 0x7E, 0xCB, 0x3B, 0xFF, 0xD6,
    0xE6, 0xAA, 0x6A, 0xEA, 0xEB, 0xEA, 0xAE, 0xCE, 0xE0, 0xEE, 0xCE, 0x99, 0xE3, 0x8B, 0x29, 0x42,
    0x63, 0x5E, 0x12, 0x25, 0xB6, 0x2E, 0x21, 0x11, 0xED, 0xEE, 0x59, 0x12, 0x74, 0xF4, 0xCF, 0x85,
    0xEE, 0xFF, 0x0E, 0x00, 0x9E, 0x95, 0xEE, 0x00, 0x58, 0x42, 0x99, 0x0E, 0x25, 0x25, 0x54, 0xE9,
    0x15, 0x12, 0x92, 0xE5, 0x11, 0x11, 0x84, 0x95, 0x21, 0x41, 0x49, 0x85, 0x99, 0x25, 0x52, 0xE4,
    0x00, 0x00, 0x00, 0x00, 0x00, 0x00, 0x00, 0x00, 0x00, 0x00, 0x00, 0x00, 0x00, 0x00, 0x00, 0x00,
    0x0E, 0x00, 0x00, 0x00, 0x0E, 0x00, 0x00, 0x00, 0x0F, 0x00, 0x00, 0x00, 0x0F, 0x00, 0x00, 0x00,
    0x3B, 0xFF, 0xBB, 0xFB, 0xF6, 0xBF, 0x65, 0x0B, 0xBB, 0x6B, 0xB2, 0x00, 0x55, 0x22, 0xB5, 0x00,
    0xBB, 0x66, 0x0B, 0x00, 0x00, 0x00, 0x00, 0x00, 0x00, 0x00, 0x00, 0x00, 0x00, 0x00, 0x00, 0x00,
    0xE0, 0x77, 0xF4, 0xFF, 0x8E, 0x28, 0x47, 0xF4, 0x8E, 0x24, 0x74, 0xD7, 0xC0, 0x44, 0x22, 0x14,
    0x8E, 0x48, 0x22, 0xD2, 0x8E, 0x44, 0x42, 0x82, 0x8E, 0x48, 0x82, 0x42, 0xEF, 0x24, 0x82, 0x82,
    0x4F, 0x12, 0x24, 0xCF, 0xF9, 0x94, 0xF5, 0x8D, 0xFF, 0x5E, 0xCE, 0xFF, 0xDD, 0xED, 0xF8, 0x44,
    0x47, 0xD4, 0x4F, 0x42, 0xDD, 0x77, 0x7D, 0x22, 0xE8, 0xDD, 0x88, 0x24, 0xFC, 0x00, 0x8C, 0x22,
    0xE8, 0x00, 0x00, 0x00, 0xFF, 0x0E, 0x00, 0x00, 0xB4, 0x0C, 0x00, 0x00, 0x42, 0xC7, 0x00, 0x00,
    0x22, 0x87, 0x0E, 0x00, 0x22, 0x22, 0x0E, 0x00, 0x22, 0x22, 0xCE, 0x00, 0x22, 0x22, 0xE8, 0x00,
    0x00, 0x00, 0x00, 0x00, 0x00, 0x00, 0x00, 0x00, 0x00, 0x00, 0x00, 0x00, 0x00, 0x00, 0xA0, 0x63,
    0x00, 0x00, 0xA6, 0x2A, 0x00, 0x6A, 0x66, 0x66, 0x00, 0xA0, 0x32, 0x22, 0x00, 0x00, 0x2A, 0x23,
    0xA0, 0x00, 0xA0, 0x00, 0x60, 0x0A, 0xAA, 0x00, 0x60, 0xA2, 0x63, 0x0A, 0xAA, 0x3A, 0x32, 0x32,
    0x63, 0x26, 0x6A, 0x66, 0x3A, 0x32, 0xA2, 0x32, 0xA3, 0xA3, 0x36, 0xA3, 0x62, 0x23, 0x6A, 0x22,
    0x00, 0xA0, 0xA6, 0x36, 0x00, 0x00, 0x6A, 0x62, 0x00, 0xAA, 0x23, 0x2A, 0x00, 0x00, 0x6A, 0x63,
    0x00, 0x00, 0xA0, 0x3A, 0x00, 0x00, 0x00, 0x6A, 0x00, 0x00, 0x00, 0xAB, 0x00, 0x00, 0x00, 0x3B,
    0xA3, 0xA3, 0x36, 0x23, 0x2A, 0x26, 0x62, 0x32, 0x36, 0x32, 0x33, 0xAA, 0x23, 0xA3, 0x26, 0x23,
    0x2A, 0x26, 0x6A, 0x22, 0x63, 0x32, 0x26, 0xA6, 0x2A, 0x36, 0x6A, 0x63, 0xAE, 0xAA, 0x63, 0xAA,
    0x24, 0x22, 0x82, 0xEE, 0x24, 0x22, 0x82, 0xCE, 0x44, 0x22, 0x22, 0x84, 0x44, 0x24, 0x84, 0xC8,
    0x88, 0x44, 0x22, 0xC8, 0x24, 0x82, 0x98, 0xEC, 0xC9, 0xE9, 0x8E, 0xEE, 0xEE, 0xE8, 0x8A, 0xDD,
    0x00, 0x00, 0x00, 0x00, 0x0E, 0x00, 0x00, 0x00, 0x0E, 0x00, 0x00, 0x00, 0x0F, 0x00, 0x00, 0x00,
    0x00, 0x00, 0x00, 0x00, 0x0F, 0x00, 0x00, 0x00, 0x0C, 0x00, 0x00, 0x00, 0xE8, 0x00, 0x00, 0x00,
    0xE0, 0xE4, 0xAE, 0x6A, 0xE0, 0x47, 0x87, 0x6C, 0x00, 0x7E, 0xC8, 0x6C, 0x00, 0x4E, 0x48, 0x47,
    0x00, 0x7E, 0x44, 0xE4, 0x00, 0xEF, 0xEE, 0x0E, 0x00, 0x00, 0x00, 0x00, 0x00, 0x00, 0x00, 0x00,
    0xCC, 0x0E, 0x00, 0x00, 0x8C, 0x0E, 0x00, 0x00, 0x47, 0x0E, 0x00, 0x00, 0x74, 0x0E, 0x00, 0x00,
    0xEE, 0x00, 0x00, 0x00, 0x00, 0x00, 0x00, 0x00, 0x00, 0x00, 0x00, 0x00, 0x00, 0x00, 0x00, 0x00,
    0x00, 0x00, 0x00, 0xF0, 0x00, 0x00, 0xE0, 0xCC, 0x00, 0x00, 0xE0, 0x64, 0x00, 0x00, 0xE0, 0x47,
    0x00, 0x00, 0xF0, 0x7E, 0x00, 0x00, 0x00, 0x7E, 0x00, 0x00, 0x00, 0xE0, 0x00, 0x00, 0x00, 0x00,
    0xCC, 0x9E, 0x94, 0x8C, 0x66, 0xE6, 0x8C, 0xEE, 0xCC, 0xAE, 0xDC, 0xEE, 0xC8, 0xEC, 0xC8, 0x4E,
    0x84, 0xEC, 0x47, 0x77, 0x47, 0x88, 0xE8, 0xCC, 0x8E, 0xE7, 0x0E, 0x00, 0xE0, 0x0E, 0x00, 0x00,
    0x00, 0x00, 0x00, 0x00, 0x00, 0x00, 0x00, 0x00, 0x00, 0x00, 0x00, 0x00, 0x06, 0x00, 0x00, 0x00,
    0x0A, 0x0A, 0x00, 0x00, 0x63, 0xEA, 0x00, 0x00, 0x23, 0xA3, 0x00, 0x00, 0x36, 0xA2, 0x00, 0x00,
    0x66, 0xAA, 0x00, 0x00, 0x62, 0xA3, 0x00, 0x00, 0xA6, 0x66, 0x00, 0x00, 0xAA, 0xEA, 0x00, 0x00,
    0x36, 0xEA, 0x00, 0x00, 0xA6, 0xA6, 0x0E, 0x00, 0xAA, 0xEE, 0x0E, 0x00, 0xEE, 0xEF, 0x00, 0x00,
    0xFC, 0x00, 0xCF, 0x24, 0xF4, 0x00, 0xC0, 0x48, 0xF7, 0x00, 0xF0, 0x8C, 0xF8, 0x00, 0x00, 0x8C,
    0x0F, 0x00, 0xF0, 0x89, 0x00, 0x00, 0x00, 0xCE, 0x00, 0x00, 0x00, 0x8E, 0x00, 0x00, 0x00, 0xCE,
};
static const u16 sSet19Frame0[] = {
    0x0007, 0x40E2, 0x81C6, 0x0000, 0x40E2, 0x81E6, 0x0008, 0x00D2, 0x41E6, 0x0010, 0x00F2, 0x41FE,
    0x0014, 0x40F2, 0x01E6, 0x0018, 0x80D2, 0x01F6, 0x001A, 0x00F2, 0x01F6, 0x001C, 0x0000,
};
static const void* const sSet19Frames[] = { sSet19Frame0 };

static const u16 sFieldAnim45[] = {
    0x0040, 0x0040, 0x0005, 0x0000, 0x0008, 0x0000, 0x0007, 0x0000, 0x0008, 0x0000, 0x000C, 0x0000,
    0x000A,
};
static const u16 sFieldAnim46[] = {
    0x0040, 0x0040, 0x0005, 0x0000, 0x0008, 0x0000, 0x0007, 0x0000, 0x0008, 0x0000, 0x000C, 0x0000,
    0x000A,
};
static const u16 sFieldAnim47[] = {
    0x0040, 0x0040, 0x0005, 0x0000, 0x0008, 0x0000, 0x0007, 0x0000, 0x0008, 0x0000, 0x000C, 0x0000,
    0x000A,
};
static const u16 sFieldAnim48[] = {
    0x0040, 0x0040, 0x0005, 0x0000, 0x0008, 0x0000, 0x0007, 0x0000, 0x0008, 0x0000, 0x000C, 0x0000,
    0x000A,
};
static const u16 sFieldAnim49[] = {
    0x0040, 0x0040, 0x0005, 0x0000, 0x0008, 0x0000, 0x0007, 0x0000, 0x0008, 0x0000, 0x000C, 0x0000,
    0x000A,
};
static const u16 sFieldAnim50[] = {
    0x0040, 0x0040, 0x0001, 0x0000, 0x0004,
};
static const u16 sFieldAnim51[] = {
    0x0040, 0x0040, 0x0001, 0x0000, 0x0004,
};
static const u16 sFieldAnim52[] = {
    0x0040, 0x0040, 0x0001, 0x0000, 0x0004,
};
static const u16 sFieldAnim53[] = {
    0x0040, 0x0040, 0x0001, 0x0000, 0x0004,
};
static const u16 sFieldAnim54[] = {
    0x0040, 0x0040, 0x0001, 0x0000, 0x0004,
};
static const u16 sFieldAnim55[] = {
    0x0040, 0x0040, 0x0005, 0x0000, 0x0004, 0x0000, 0x0005, 0x0000, 0x0005, 0x0000, 0x0005, 0x0000,
    0x0006,
};
static const u16 sFieldAnim56[] = {
    0x0040, 0x0040, 0x0005, 0x0000, 0x0004, 0x0000, 0x0005, 0x0000, 0x0005, 0x0000, 0x0005, 0x0000,
    0x0006,
};
static const u16 sFieldAnim57[] = {
    0x0040, 0x0040, 0x0005, 0x0000, 0x0004, 0x0000, 0x0005, 0x0000, 0x0005, 0x0000, 0x0005, 0x0000,
    0x0006,
};
static const u16 sFieldAnim58[] = {
    0x0040, 0x0040, 0x0005, 0x0000, 0x0004, 0x0000, 0x0005, 0x0000, 0x0005, 0x0000, 0x0005, 0x0000,
    0x0006,
};
static const u16 sFieldAnim59[] = {
    0x0040, 0x0040, 0x0005, 0x0000, 0x0004, 0x0000, 0x0005, 0x0000, 0x0005, 0x0000, 0x0005, 0x0000,
    0x0006,
};
static const u16 sFieldAnim60[] = {
    0x0040, 0x0040, 0x0003, 0x0000, 0x000A, 0x0000, 0x000A, 0x0000, 0x000A,
};
static const u16 sFieldAnim61[] = {
    0x0040, 0x0040, 0x0003, 0x0000, 0x000A, 0x0000, 0x000A, 0x0000, 0x000A,
};
static const u16 sFieldAnim62[] = {
    0x0040, 0x0040, 0x0003, 0x0000, 0x000A, 0x0000, 0x000A, 0x0000, 0x000A,
};
static const u16 sFieldAnim63[] = {
    0x0040, 0x0040, 0x0003, 0x0000, 0x000A, 0x0000, 0x000A, 0x0000, 0x000A,
};
static const u16 sFieldAnim64[] = {
    0x0040, 0x0040, 0x0003, 0x0000, 0x000A, 0x0000, 0x000A, 0x0000, 0x000A,
};
static const u16 sFieldAnim65[] = {
    0x0040, 0x0040, 0x0004, 0x0000, 0x0006, 0x0000, 0x0005, 0x0000, 0x0004, 0x0000, 0x000C,
};
static const u16 sFieldAnim66[] = {
    0x0040, 0x0040, 0x0004, 0x0000, 0x0006, 0x0000, 0x0005, 0x0000, 0x0004, 0x0000, 0x000C,
};
static const u16 sFieldAnim67[] = {
    0x0040, 0x0040, 0x0004, 0x0000, 0x0006, 0x0000, 0x0005, 0x0000, 0x0004, 0x0000, 0x000C,
};
static const u16 sFieldAnim68[] = {
    0x0040, 0x0040, 0x0004, 0x0000, 0x0006, 0x0000, 0x0005, 0x0000, 0x0004, 0x0000, 0x000C,
};
static const u16 sFieldAnim69[] = {
    0x0040, 0x0040, 0x0004, 0x0000, 0x0006, 0x0000, 0x0005, 0x0000, 0x0004, 0x0000, 0x000C,
};
static const u16 sFieldAnim70[] = {
    0x0040, 0x0040, 0x0006, 0x0000, 0x0006, 0x0000, 0x0005, 0x0000, 0x0004, 0x0000, 0x0004, 0x0000,
    0x0008, 0x0000, 0x0005,
};
static const u16 sFieldAnim71[] = {
    0x0040, 0x0040, 0x0006, 0x0000, 0x0006, 0x0000, 0x0005, 0x0000, 0x0004, 0x0000, 0x0004, 0x0000,
    0x0008, 0x0000, 0x0005,
};
static const u16 sFieldAnim72[] = {
    0x0040, 0x0040, 0x0006, 0x0000, 0x0006, 0x0000, 0x0005, 0x0000, 0x0004, 0x0000, 0x0004, 0x0000,
    0x0008, 0x0000, 0x0005,
};
static const u16 sFieldAnim73[] = {
    0x0040, 0x0040, 0x0006, 0x0000, 0x0006, 0x0000, 0x0005, 0x0000, 0x0004, 0x0000, 0x0004, 0x0000,
    0x0008, 0x0000, 0x0005,
};
static const u16 sFieldAnim74[] = {
    0x0040, 0x0040, 0x0006, 0x0000, 0x0006, 0x0000, 0x0005, 0x0000, 0x0004, 0x0000, 0x0004, 0x0000,
    0x0008, 0x0000, 0x0005,
};
static const void* const sFieldAnims[] = { sFieldAnim0, sFieldAnim1, sFieldAnim2, sFieldAnim3, sFieldAnim4, sFieldAnim5, sFieldAnim6, sFieldAnim7, sFieldAnim8, sFieldAnim9, sFieldAnim10, sFieldAnim11, sFieldAnim12, sFieldAnim13, sFieldAnim14, sFieldAnim15, sFieldAnim16, sFieldAnim17, sFieldAnim18, sFieldAnim19, sFieldAnim20, sFieldAnim21, sFieldAnim22, sFieldAnim23, sFieldAnim24, sFieldAnim25, sFieldAnim26, sFieldAnim27, sFieldAnim28, sFieldAnim29, sFieldAnim30, sFieldAnim31, sFieldAnim32, sFieldAnim33, sFieldAnim34, sFieldAnim35, sFieldAnim36, sFieldAnim37, sFieldAnim38, sFieldAnim39, sFieldAnim40, sFieldAnim41, sFieldAnim42, sFieldAnim43, sFieldAnim44, sFieldAnim45, sFieldAnim46, sFieldAnim47, sFieldAnim48, sFieldAnim49, sFieldAnim50, sFieldAnim51, sFieldAnim52, sFieldAnim53, sFieldAnim54, sFieldAnim55, sFieldAnim56, sFieldAnim57, sFieldAnim58, sFieldAnim59, sFieldAnim60, sFieldAnim61, sFieldAnim62, sFieldAnim63, sFieldAnim64, sFieldAnim65, sFieldAnim66, sFieldAnim67, sFieldAnim68, sFieldAnim69, sFieldAnim70, sFieldAnim71, sFieldAnim72, sFieldAnim73, sFieldAnim74 };

// One for each entry of gUnk_0813C89C, Sora in the rooms of the map.
const AnimDef gRogueRoxasFieldDefs[75] = {
    { (void*)sSet17Frames, (void*)sFieldAnims, (void*)sTiles17, 0, { 0, 0, 0 } },
    { (void*)sSet17Frames, (void*)sFieldAnims, (void*)sTiles17, 1, { 0, 0, 0 } },
    { (void*)sSet17Frames, (void*)sFieldAnims, (void*)sTiles17, 2, { 0, 0, 0 } },
    { (void*)sSet17Frames, (void*)sFieldAnims, (void*)sTiles17, 3, { 0, 0, 0 } },
    { (void*)sSet17Frames, (void*)sFieldAnims, (void*)sTiles17, 4, { 0, 0, 0 } },
    { (void*)sSet18Frames, (void*)sFieldAnims, (void*)sTiles18, 5, { 0, 0, 0 } },
    { (void*)sSet18Frames, (void*)sFieldAnims, (void*)sTiles18, 6, { 0, 0, 0 } },
    { (void*)sSet18Frames, (void*)sFieldAnims, (void*)sTiles18, 7, { 0, 0, 0 } },
    { (void*)sSet18Frames, (void*)sFieldAnims, (void*)sTiles18, 8, { 0, 0, 0 } },
    { (void*)sSet18Frames, (void*)sFieldAnims, (void*)sTiles18, 9, { 0, 0, 0 } },
    { (void*)sSet18Frames, (void*)sFieldAnims, (void*)sTiles18, 10, { 0, 0, 0 } },
    { (void*)sSet18Frames, (void*)sFieldAnims, (void*)sTiles18, 11, { 0, 0, 0 } },
    { (void*)sSet18Frames, (void*)sFieldAnims, (void*)sTiles18, 12, { 0, 0, 0 } },
    { (void*)sSet18Frames, (void*)sFieldAnims, (void*)sTiles18, 13, { 0, 0, 0 } },
    { (void*)sSet18Frames, (void*)sFieldAnims, (void*)sTiles18, 14, { 0, 0, 0 } },
    { (void*)sSet14Frames, (void*)sFieldAnims, (void*)sTiles14, 15, { 0, 0, 0 } },
    { (void*)sSet14Frames, (void*)sFieldAnims, (void*)sTiles14, 16, { 0, 0, 0 } },
    { (void*)sSet14Frames, (void*)sFieldAnims, (void*)sTiles14, 17, { 0, 0, 0 } },
    { (void*)sSet14Frames, (void*)sFieldAnims, (void*)sTiles14, 18, { 0, 0, 0 } },
    { (void*)sSet14Frames, (void*)sFieldAnims, (void*)sTiles14, 19, { 0, 0, 0 } },
    { (void*)sSet14Frames, (void*)sFieldAnims, (void*)sTiles14, 20, { 0, 0, 0 } },
    { (void*)sSet14Frames, (void*)sFieldAnims, (void*)sTiles14, 21, { 0, 0, 0 } },
    { (void*)sSet14Frames, (void*)sFieldAnims, (void*)sTiles14, 22, { 0, 0, 0 } },
    { (void*)sSet14Frames, (void*)sFieldAnims, (void*)sTiles14, 23, { 0, 0, 0 } },
    { (void*)sSet14Frames, (void*)sFieldAnims, (void*)sTiles14, 24, { 0, 0, 0 } },
    { (void*)sSet14Frames, (void*)sFieldAnims, (void*)sTiles14, 25, { 0, 0, 0 } },
    { (void*)sSet14Frames, (void*)sFieldAnims, (void*)sTiles14, 26, { 0, 0, 0 } },
    { (void*)sSet14Frames, (void*)sFieldAnims, (void*)sTiles14, 27, { 0, 0, 0 } },
    { (void*)sSet14Frames, (void*)sFieldAnims, (void*)sTiles14, 28, { 0, 0, 0 } },
    { (void*)sSet14Frames, (void*)sFieldAnims, (void*)sTiles14, 29, { 0, 0, 0 } },
    { (void*)sSet14Frames, (void*)sFieldAnims, (void*)sTiles14, 30, { 0, 0, 0 } },
    { (void*)sSet14Frames, (void*)sFieldAnims, (void*)sTiles14, 31, { 0, 0, 0 } },
    { (void*)sSet14Frames, (void*)sFieldAnims, (void*)sTiles14, 32, { 0, 0, 0 } },
    { (void*)sSet14Frames, (void*)sFieldAnims, (void*)sTiles14, 33, { 0, 0, 0 } },
    { (void*)sSet14Frames, (void*)sFieldAnims, (void*)sTiles14, 34, { 0, 0, 0 } },
    { (void*)sSet14Frames, (void*)sFieldAnims, (void*)sTiles14, 35, { 0, 0, 0 } },
    { (void*)sSet14Frames, (void*)sFieldAnims, (void*)sTiles14, 36, { 0, 0, 0 } },
    { (void*)sSet14Frames, (void*)sFieldAnims, (void*)sTiles14, 37, { 0, 0, 0 } },
    { (void*)sSet14Frames, (void*)sFieldAnims, (void*)sTiles14, 38, { 0, 0, 0 } },
    { (void*)sSet14Frames, (void*)sFieldAnims, (void*)sTiles14, 39, { 0, 0, 0 } },
    { (void*)sSet17Frames, (void*)sFieldAnims, (void*)sTiles17, 40, { 0, 0, 0 } },
    { (void*)sSet17Frames, (void*)sFieldAnims, (void*)sTiles17, 41, { 0, 0, 0 } },
    { (void*)sSet17Frames, (void*)sFieldAnims, (void*)sTiles17, 42, { 0, 0, 0 } },
    { (void*)sSet17Frames, (void*)sFieldAnims, (void*)sTiles17, 43, { 0, 0, 0 } },
    { (void*)sSet17Frames, (void*)sFieldAnims, (void*)sTiles17, 44, { 0, 0, 0 } },
    { (void*)sSet19Frames, (void*)sFieldAnims, (void*)sTiles19, 45, { 0, 0, 0 } },
    { (void*)sSet19Frames, (void*)sFieldAnims, (void*)sTiles19, 46, { 0, 0, 0 } },
    { (void*)sSet19Frames, (void*)sFieldAnims, (void*)sTiles19, 47, { 0, 0, 0 } },
    { (void*)sSet19Frames, (void*)sFieldAnims, (void*)sTiles19, 48, { 0, 0, 0 } },
    { (void*)sSet19Frames, (void*)sFieldAnims, (void*)sTiles19, 49, { 0, 0, 0 } },
    { (void*)sSet19Frames, (void*)sFieldAnims, (void*)sTiles19, 50, { 0, 0, 0 } },
    { (void*)sSet19Frames, (void*)sFieldAnims, (void*)sTiles19, 51, { 0, 0, 0 } },
    { (void*)sSet19Frames, (void*)sFieldAnims, (void*)sTiles19, 52, { 0, 0, 0 } },
    { (void*)sSet19Frames, (void*)sFieldAnims, (void*)sTiles19, 53, { 0, 0, 0 } },
    { (void*)sSet19Frames, (void*)sFieldAnims, (void*)sTiles19, 54, { 0, 0, 0 } },
    { (void*)sSet19Frames, (void*)sFieldAnims, (void*)sTiles19, 55, { 0, 0, 0 } },
    { (void*)sSet19Frames, (void*)sFieldAnims, (void*)sTiles19, 56, { 0, 0, 0 } },
    { (void*)sSet19Frames, (void*)sFieldAnims, (void*)sTiles19, 57, { 0, 0, 0 } },
    { (void*)sSet19Frames, (void*)sFieldAnims, (void*)sTiles19, 58, { 0, 0, 0 } },
    { (void*)sSet19Frames, (void*)sFieldAnims, (void*)sTiles19, 59, { 0, 0, 0 } },
    { (void*)sSet17Frames, (void*)sFieldAnims, (void*)sTiles17, 60, { 0, 0, 0 } },
    { (void*)sSet17Frames, (void*)sFieldAnims, (void*)sTiles17, 61, { 0, 0, 0 } },
    { (void*)sSet17Frames, (void*)sFieldAnims, (void*)sTiles17, 62, { 0, 0, 0 } },
    { (void*)sSet17Frames, (void*)sFieldAnims, (void*)sTiles17, 63, { 0, 0, 0 } },
    { (void*)sSet17Frames, (void*)sFieldAnims, (void*)sTiles17, 64, { 0, 0, 0 } },
    { (void*)sSet17Frames, (void*)sFieldAnims, (void*)sTiles17, 65, { 0, 0, 0 } },
    { (void*)sSet17Frames, (void*)sFieldAnims, (void*)sTiles17, 66, { 0, 0, 0 } },
    { (void*)sSet17Frames, (void*)sFieldAnims, (void*)sTiles17, 67, { 0, 0, 0 } },
    { (void*)sSet17Frames, (void*)sFieldAnims, (void*)sTiles17, 68, { 0, 0, 0 } },
    { (void*)sSet17Frames, (void*)sFieldAnims, (void*)sTiles17, 69, { 0, 0, 0 } },
    { (void*)sSet17Frames, (void*)sFieldAnims, (void*)sTiles17, 70, { 0, 0, 0 } },
    { (void*)sSet17Frames, (void*)sFieldAnims, (void*)sTiles17, 71, { 0, 0, 0 } },
    { (void*)sSet17Frames, (void*)sFieldAnims, (void*)sTiles17, 72, { 0, 0, 0 } },
    { (void*)sSet17Frames, (void*)sFieldAnims, (void*)sTiles17, 73, { 0, 0, 0 } },
    { (void*)sSet17Frames, (void*)sFieldAnims, (void*)sTiles17, 74, { 0, 0, 0 } },
};

// One for each entry of gBtlSoraAnimDefs.
const AnimDef gRogueRoxasAnimDefs[77] = {
    { (void*)sSet0Frames, (void*)sBattleAnims, (void*)sTiles0, 0, { 0, 0, 0 } },
    { (void*)sSet0Frames, (void*)sBattleAnims, (void*)sTiles0, 1, { 0, 0, 0 } },
    { (void*)sSet1Frames, (void*)sBattleAnims, (void*)sTiles1, 2, { 0, 0, 0 } },
    { (void*)sSet1Frames, (void*)sBattleAnims, (void*)sTiles1, 3, { 0, 0, 0 } },
    { (void*)sSet1Frames, (void*)sBattleAnims, (void*)sTiles1, 4, { 0, 0, 0 } },
    { (void*)sSet1Frames, (void*)sBattleAnims, (void*)sTiles1, 5, { 0, 0, 0 } },
    { (void*)sSet1Frames, (void*)sBattleAnims, (void*)sTiles1, 6, { 0, 0, 0 } },
    { (void*)sSet2Frames, (void*)sBattleAnims, (void*)sTiles2, 7, { 0, 0, 0 } },
    { (void*)sSet2Frames, (void*)sBattleAnims, (void*)sTiles2, 8, { 0, 0, 0 } },
    { (void*)sSet2Frames, (void*)sBattleAnims, (void*)sTiles2, 9, { 0, 0, 0 } },
    { (void*)sSet2Frames, (void*)sBattleAnims, (void*)sTiles2, 10, { 0, 0, 0 } },
    { (void*)sSet2Frames, (void*)sBattleAnims, (void*)sTiles2, 11, { 0, 0, 0 } },
    { (void*)sSet3Frames, (void*)sBattleAnims, (void*)sTiles3, 12, { 0, 0, 0 } },
    { (void*)sSet3Frames, (void*)sBattleAnims, (void*)sTiles3, 13, { 0, 0, 0 } },
    { (void*)sSet3Frames, (void*)sBattleAnims, (void*)sTiles3, 14, { 0, 0, 0 } },
    { (void*)sSet3Frames, (void*)sBattleAnims, (void*)sTiles3, 15, { 0, 0, 0 } },
    { (void*)sSet3Frames, (void*)sBattleAnims, (void*)sTiles3, 16, { 0, 0, 0 } },
    { (void*)sSet4Frames, (void*)sBattleAnims, (void*)sTiles4, 17, { 0, 0, 0 } },
    { (void*)sSet4Frames, (void*)sBattleAnims, (void*)sTiles4, 18, { 0, 0, 0 } },
    { (void*)sSet4Frames, (void*)sBattleAnims, (void*)sTiles4, 19, { 0, 0, 0 } },
    { (void*)sSet4Frames, (void*)sBattleAnims, (void*)sTiles4, 20, { 0, 0, 0 } },
    { (void*)sSet4Frames, (void*)sBattleAnims, (void*)sTiles4, 21, { 0, 0, 0 } },
    { (void*)sSet5Frames, (void*)sBattleAnims, (void*)sTiles5, 22, { 0, 0, 0 } },
    { (void*)sSet5Frames, (void*)sBattleAnims, (void*)sTiles5, 23, { 0, 0, 0 } },
    { (void*)sSet5Frames, (void*)sBattleAnims, (void*)sTiles5, 24, { 0, 0, 0 } },
    { (void*)sSet5Frames, (void*)sBattleAnims, (void*)sTiles5, 25, { 0, 0, 0 } },
    { (void*)sSet5Frames, (void*)sBattleAnims, (void*)sTiles5, 26, { 0, 0, 0 } },
    { (void*)sSet6Frames, (void*)sBattleAnims, (void*)sTiles6, 27, { 0, 0, 0 } },
    { (void*)sSet6Frames, (void*)sBattleAnims, (void*)sTiles6, 28, { 0, 0, 0 } },
    { (void*)sSet6Frames, (void*)sBattleAnims, (void*)sTiles6, 29, { 0, 0, 0 } },
    { (void*)sSet6Frames, (void*)sBattleAnims, (void*)sTiles6, 30, { 0, 0, 0 } },
    { (void*)sSet6Frames, (void*)sBattleAnims, (void*)sTiles6, 31, { 0, 0, 0 } },
    { (void*)sSet7Frames, (void*)sBattleAnims, (void*)sTiles7, 32, { 0, 0, 0 } },
    { (void*)sSet7Frames, (void*)sBattleAnims, (void*)sTiles7, 33, { 0, 0, 0 } },
    { (void*)sSet7Frames, (void*)sBattleAnims, (void*)sTiles7, 34, { 0, 0, 0 } },
    { (void*)sSet7Frames, (void*)sBattleAnims, (void*)sTiles7, 35, { 0, 0, 0 } },
    { (void*)sSet7Frames, (void*)sBattleAnims, (void*)sTiles7, 36, { 0, 0, 0 } },
    { (void*)sSet3Frames, (void*)sBattleAnims, (void*)sTiles3, 37, { 0, 0, 0 } },
    { (void*)sSet8Frames, (void*)sBattleAnims, (void*)sTiles8, 38, { 0, 0, 0 } },
    { (void*)sSet8Frames, (void*)sBattleAnims, (void*)sTiles8, 39, { 0, 0, 0 } },
    { (void*)sSet8Frames, (void*)sBattleAnims, (void*)sTiles8, 40, { 0, 0, 0 } },
    { (void*)sSet8Frames, (void*)sBattleAnims, (void*)sTiles8, 41, { 0, 0, 0 } },
    { (void*)sSet9Frames, (void*)sBattleAnims, (void*)sTiles9, 42, { 0, 0, 0 } },
    { (void*)sSet10Frames, (void*)sBattleAnims, (void*)sTiles10, 43, { 0, 0, 0 } },
    { (void*)sSet11Frames, (void*)sBattleAnims, (void*)sTiles11, 44, { 0, 0, 0 } },
    { (void*)sSet11Frames, (void*)sBattleAnims, (void*)sTiles11, 45, { 0, 0, 0 } },
    { (void*)sSet12Frames, (void*)sBattleAnims, (void*)sTiles12, 46, { 0, 0, 0 } },
    { (void*)sSet9Frames, (void*)sBattleAnims, (void*)sTiles9, 47, { 0, 0, 0 } },
    { (void*)sSet9Frames, (void*)sBattleAnims, (void*)sTiles9, 48, { 0, 0, 0 } },
    { (void*)sSet9Frames, (void*)sBattleAnims, (void*)sTiles9, 49, { 0, 0, 0 } },
    { (void*)sSet9Frames, (void*)sBattleAnims, (void*)sTiles9, 50, { 0, 0, 0 } },
    { (void*)sSet10Frames, (void*)sBattleAnims, (void*)sTiles10, 51, { 0, 0, 0 } },
    { (void*)sSet4Frames, (void*)sBattleAnims, (void*)sTiles4, 52, { 0, 0, 0 } },
    { (void*)sSet5Frames, (void*)sBattleAnims, (void*)sTiles5, 53, { 0, 0, 0 } },
    { (void*)sSet6Frames, (void*)sBattleAnims, (void*)sTiles6, 54, { 0, 0, 0 } },
    { (void*)sSet7Frames, (void*)sBattleAnims, (void*)sTiles7, 55, { 0, 0, 0 } },
    { (void*)sSet1Frames, (void*)sBattleAnims, (void*)sTiles1, 56, { 0, 0, 0 } },
    { (void*)sSet2Frames, (void*)sBattleAnims, (void*)sTiles2, 57, { 0, 0, 0 } },
    { (void*)sSet3Frames, (void*)sBattleAnims, (void*)sTiles3, 58, { 0, 0, 0 } },
    { (void*)sSet4Frames, (void*)sBattleAnims, (void*)sTiles4, 59, { 0, 0, 0 } },
    { (void*)sSet5Frames, (void*)sBattleAnims, (void*)sTiles5, 60, { 0, 0, 0 } },
    { (void*)sSet6Frames, (void*)sBattleAnims, (void*)sTiles6, 61, { 0, 0, 0 } },
    { (void*)sSet7Frames, (void*)sBattleAnims, (void*)sTiles7, 62, { 0, 0, 0 } },
    { (void*)sSet1Frames, (void*)sBattleAnims, (void*)sTiles1, 63, { 0, 0, 0 } },
    { (void*)sSet2Frames, (void*)sBattleAnims, (void*)sTiles2, 64, { 0, 0, 0 } },
    { (void*)sSet3Frames, (void*)sBattleAnims, (void*)sTiles3, 65, { 0, 0, 0 } },
    { (void*)sSet4Frames, (void*)sBattleAnims, (void*)sTiles4, 66, { 0, 0, 0 } },
    { (void*)sSet5Frames, (void*)sBattleAnims, (void*)sTiles5, 67, { 0, 0, 0 } },
    { (void*)sSet6Frames, (void*)sBattleAnims, (void*)sTiles6, 68, { 0, 0, 0 } },
    { (void*)sSet7Frames, (void*)sBattleAnims, (void*)sTiles7, 69, { 0, 0, 0 } },
    { (void*)sSet1Frames, (void*)sBattleAnims, (void*)sTiles1, 70, { 0, 0, 0 } },
    { (void*)sSet2Frames, (void*)sBattleAnims, (void*)sTiles2, 71, { 0, 0, 0 } },
    { (void*)sSet3Frames, (void*)sBattleAnims, (void*)sTiles3, 72, { 0, 0, 0 } },
    { (void*)sSet4Frames, (void*)sBattleAnims, (void*)sTiles4, 73, { 0, 0, 0 } },
    { (void*)sSet5Frames, (void*)sBattleAnims, (void*)sTiles5, 74, { 0, 0, 0 } },
    { (void*)sSet6Frames, (void*)sBattleAnims, (void*)sTiles6, 75, { 0, 0, 0 } },
    { (void*)sSet7Frames, (void*)sBattleAnims, (void*)sTiles7, 76, { 0, 0, 0 } },
};

// One for each entry of gUnk_0813BEFC, Sora's running and jumping in five directions.
const AnimDef gRogueRoxasDirectionDefs[30] = {
    { (void*)sSet13Frames, (void*)sDirectionAnims, (void*)sTiles13, 0, { 0, 0, 0 } },
    { (void*)sSet13Frames, (void*)sDirectionAnims, (void*)sTiles13, 1, { 0, 0, 0 } },
    { (void*)sSet13Frames, (void*)sDirectionAnims, (void*)sTiles13, 2, { 0, 0, 0 } },
    { (void*)sSet13Frames, (void*)sDirectionAnims, (void*)sTiles13, 3, { 0, 0, 0 } },
    { (void*)sSet13Frames, (void*)sDirectionAnims, (void*)sTiles13, 4, { 0, 0, 0 } },
    { (void*)sSet14Frames, (void*)sDirectionAnims, (void*)sTiles14, 5, { 0, 0, 0 } },
    { (void*)sSet14Frames, (void*)sDirectionAnims, (void*)sTiles14, 6, { 0, 0, 0 } },
    { (void*)sSet14Frames, (void*)sDirectionAnims, (void*)sTiles14, 7, { 0, 0, 0 } },
    { (void*)sSet14Frames, (void*)sDirectionAnims, (void*)sTiles14, 8, { 0, 0, 0 } },
    { (void*)sSet14Frames, (void*)sDirectionAnims, (void*)sTiles14, 9, { 0, 0, 0 } },
    { (void*)sSet14Frames, (void*)sDirectionAnims, (void*)sTiles14, 10, { 0, 0, 0 } },
    { (void*)sSet14Frames, (void*)sDirectionAnims, (void*)sTiles14, 11, { 0, 0, 0 } },
    { (void*)sSet14Frames, (void*)sDirectionAnims, (void*)sTiles14, 12, { 0, 0, 0 } },
    { (void*)sSet14Frames, (void*)sDirectionAnims, (void*)sTiles14, 13, { 0, 0, 0 } },
    { (void*)sSet14Frames, (void*)sDirectionAnims, (void*)sTiles14, 14, { 0, 0, 0 } },
    { (void*)sSet15Frames, (void*)sDirectionAnims, (void*)sTiles15, 15, { 0, 0, 0 } },
    { (void*)sSet15Frames, (void*)sDirectionAnims, (void*)sTiles15, 16, { 0, 0, 0 } },
    { (void*)sSet15Frames, (void*)sDirectionAnims, (void*)sTiles15, 17, { 0, 0, 0 } },
    { (void*)sSet15Frames, (void*)sDirectionAnims, (void*)sTiles15, 18, { 0, 0, 0 } },
    { (void*)sSet15Frames, (void*)sDirectionAnims, (void*)sTiles15, 19, { 0, 0, 0 } },
    { (void*)sSet15Frames, (void*)sDirectionAnims, (void*)sTiles15, 20, { 0, 0, 0 } },
    { (void*)sSet15Frames, (void*)sDirectionAnims, (void*)sTiles15, 21, { 0, 0, 0 } },
    { (void*)sSet15Frames, (void*)sDirectionAnims, (void*)sTiles15, 22, { 0, 0, 0 } },
    { (void*)sSet15Frames, (void*)sDirectionAnims, (void*)sTiles15, 23, { 0, 0, 0 } },
    { (void*)sSet15Frames, (void*)sDirectionAnims, (void*)sTiles15, 24, { 0, 0, 0 } },
    { (void*)sSet16Frames, (void*)sDirectionAnims, (void*)sTiles16, 25, { 0, 0, 0 } },
    { (void*)sSet16Frames, (void*)sDirectionAnims, (void*)sTiles16, 26, { 0, 0, 0 } },
    { (void*)sSet16Frames, (void*)sDirectionAnims, (void*)sTiles16, 27, { 0, 0, 0 } },
    { (void*)sSet16Frames, (void*)sDirectionAnims, (void*)sTiles16, 28, { 0, 0, 0 } },
    { (void*)sSet16Frames, (void*)sDirectionAnims, (void*)sTiles16, 29, { 0, 0, 0 } },
};
static const u16 sHubAnim0[] = {
    0x0040, 0x0040, 0x0001, 0x0000, 0x000A,
};
static const u16 sHubAnim1[] = {
    0x0040, 0x0040, 0x0001, 0x0000, 0x000A,
};
static const void* const sHubAnims[] = { sHubAnim0, sHubAnim1 };

// Standing and walking in the hub.
const AnimDef gRogueRoxasHubDefs[2] = {
    { (void*)sSet17Frames, (void*)sHubAnims, (void*)sTiles17, 0, { 0, 0, 0 } },
    { (void*)sSet18Frames, (void*)sHubAnims, (void*)sTiles18, 1, { 0, 0, 0 } },
};
// The portrait by the HP bar.
const u8 gRogueRoxasFaceTiles[640] __attribute__((aligned(4))) = {
    0x00, 0x00, 0x00, 0x00, 0x00, 0x00, 0x00, 0x00, 0x00, 0x00, 0x00, 0x00, 0x00, 0x00, 0x00, 0x00,
    0x00, 0x00, 0x00, 0x00, 0x00, 0x00, 0x00, 0x00, 0x00, 0x00, 0x00, 0x00, 0x00, 0x00, 0x00, 0x00,
    0x00, 0x00, 0x00, 0xEE, 0x00, 0x00, 0x00, 0xEE, 0x00, 0x00, 0xCC, 0x99, 0x00, 0x00, 0xCC, 0x99,
    0x00, 0x00, 0x66, 0x77, 0x00, 0x00, 0x66, 0x77, 0x00, 0xCC, 0x55, 0x55, 0x00, 0xCC, 0x55, 0x55,
    0xCC, 0x99, 0x22, 0x55, 0xCC, 0x99, 0x22, 0x55, 0x55, 0x55, 0x22, 0x55, 0x55, 0x55, 0x22, 0x55,
    0x55, 0x77, 0x55, 0x77, 0x55, 0x77, 0x55, 0x77, 0x55, 0x66, 0x55, 0x55, 0x55, 0x66, 0x55, 0x55,
    0xBB, 0x88, 0xCC, 0xBB, 0xBB, 0x88, 0xCC, 0xBB, 0x66, 0xCC, 0x22, 0xCC, 0x66, 0xCC, 0x22, 0xCC,
    0x66, 0xBB, 0x33, 0xCC, 0x66, 0xBB, 0x33, 0xCC, 0xBB, 0x33, 0x55, 0xBB, 0xBB, 0x33, 0x55, 0xBB,
    0x00, 0x00, 0x00, 0x00, 0x00, 0x00, 0x00, 0x00, 0x00, 0x00, 0x00, 0x00, 0x00, 0x00, 0x00, 0x00,
    0x00, 0x00, 0x00, 0x00, 0x00, 0x00, 0x00, 0x00, 0x00, 0x00, 0x00, 0x00, 0x00, 0x00, 0x00, 0x00,
    0x00, 0xCC, 0x22, 0x55, 0x00, 0xCC, 0x22, 0x55, 0xFF, 0x22, 0x55, 0x66, 0xFF, 0x22, 0x55, 0x66,
    0xBB, 0x22, 0x22, 0xCC, 0xBB, 0x22, 0x22, 0xCC, 0xFF, 0x77, 0x55, 0xCC, 0xFF, 0x77, 0x55, 0xCC,
    0x55, 0x66, 0x55, 0x77, 0x55, 0x66, 0x55, 0x77, 0xCC, 0x22, 0x99, 0x55, 0xCC, 0x22, 0x99, 0x55,
    0x22, 0x22, 0xBB, 0x55, 0x22, 0x22, 0xBB, 0x55, 0x55, 0xCC, 0x99, 0xCC, 0x55, 0xCC, 0x99, 0xCC,
    0x22, 0x55, 0xCC, 0x55, 0x22, 0x55, 0xCC, 0x55, 0x55, 0x66, 0x22, 0x22, 0x55, 0x66, 0x22, 0x22,
    0x22, 0xCC, 0x55, 0x77, 0x22, 0xCC, 0x55, 0x77, 0x22, 0x22, 0xCC, 0xCC, 0x22, 0x22, 0xCC, 0xCC,
    0x00, 0x00, 0x00, 0x00, 0x00, 0x00, 0x00, 0x00, 0x00, 0x00, 0x00, 0x00, 0x00, 0x00, 0x00, 0x00,
    0x00, 0x00, 0x00, 0x00, 0x00, 0x00, 0x00, 0x00, 0x00, 0x00, 0x00, 0x00, 0x00, 0x00, 0x00, 0x00,
    0xFF, 0x88, 0x55, 0xEE, 0xFF, 0x88, 0x55, 0xEE, 0x00, 0xCC, 0xCC, 0x99, 0x00, 0xCC, 0xCC, 0x99,
    0x00, 0xCC, 0x99, 0xCC, 0x00, 0xCC, 0x99, 0xCC, 0x00, 0xBB, 0x00, 0xCC, 0x00, 0xBB, 0x00, 0xCC,
    0xCC, 0x55, 0x44, 0x88, 0xCC, 0x55, 0x44, 0x88, 0xCC, 0xEE, 0xCC, 0x44, 0xCC, 0xEE, 0xCC, 0x44,
    0x55, 0x11, 0xFF, 0x11, 0x55, 0x11, 0xFF, 0x11, 0x44, 0x11, 0xAA, 0x11, 0x44, 0x11, 0xAA, 0x11,
    0xCC, 0x22, 0xEE, 0x44, 0xCC, 0x22, 0xEE, 0x44, 0xBB, 0x55, 0xCC, 0xCC, 0xBB, 0x55, 0xCC, 0xCC,
    0x99, 0xFF, 0xFF, 0x11, 0x99, 0xFF, 0xFF, 0x11, 0x11, 0x44, 0xAA, 0x11, 0x11, 0x44, 0xAA, 0x11,
    0x00, 0x00, 0x00, 0x00, 0x00, 0x00, 0x00, 0x00, 0x00, 0x00, 0x00, 0x00, 0x00, 0x00, 0x00, 0x00,
    0x00, 0x00, 0x00, 0x00, 0x00, 0x00, 0x00, 0x00, 0x00, 0x00, 0x00, 0x00, 0x00, 0x00, 0x00, 0x00,
    0x00, 0x00, 0x00, 0xEE, 0x00, 0x00, 0x00, 0xEE, 0x00, 0x00, 0xFF, 0xCC, 0x00, 0x00, 0xFF, 0xCC,
    0x00, 0xFF, 0x88, 0xFF, 0x00, 0xFF, 0x88, 0xFF, 0xFF, 0x88, 0x11, 0x11, 0xFF, 0x88, 0x11, 0x11,
    0xDD, 0x44, 0x11, 0x11, 0xDD, 0x44, 0x11, 0x11, 0x88, 0xDD, 0x99, 0x44, 0x88, 0xDD, 0x99, 0x44,
    0xCC, 0xDD, 0xFF, 0xDD, 0xCC, 0xDD, 0xFF, 0xDD, 0xEE, 0x88, 0xDD, 0x99, 0xEE, 0x88, 0xDD, 0x99,
    0x11, 0x11, 0x11, 0x44, 0x11, 0x11, 0x11, 0x44, 0x11, 0x44, 0x88, 0xFF, 0x11, 0x44, 0x88, 0xFF,
    0x99, 0xDD, 0xFF, 0xDD, 0x99, 0xDD, 0xFF, 0xDD, 0x33, 0x99, 0xFF, 0xDD, 0x33, 0x99, 0xFF, 0xDD,
    0x00, 0x00, 0x00, 0x00, 0x00, 0x00, 0x00, 0x00, 0x00, 0x00, 0x00, 0x00, 0x00, 0x00, 0x00, 0x00,
    0x00, 0x00, 0x00, 0x00, 0x00, 0x00, 0x00, 0x00, 0x00, 0x00, 0x00, 0x00, 0x00, 0x00, 0x00, 0x00,
    0x00, 0x00, 0x00, 0x00, 0x00, 0x00, 0x00, 0x00, 0x00, 0x00, 0x00, 0x00, 0x00, 0x00, 0x00, 0x00,
    0x00, 0x00, 0x00, 0x00, 0x00, 0x00, 0x00, 0x00, 0x00, 0x00, 0x00, 0x00, 0x00, 0x00, 0x00, 0x00,
    0x00, 0x00, 0x00, 0x00, 0x00, 0x00, 0x00, 0x00, 0x00, 0x00, 0x00, 0x00, 0x00, 0x00, 0x00, 0x00,
    0x00, 0x00, 0x00, 0x00, 0x00, 0x00, 0x00, 0x00, 0x00, 0x00, 0x00, 0x00, 0x00, 0x00, 0x00, 0x00,
    0x00, 0x00, 0x00, 0x00, 0x00, 0x00, 0x00, 0x00, 0x00, 0x00, 0x00, 0x00, 0x00, 0x00, 0x00, 0x00,
    0x00, 0x00, 0x00, 0x00, 0x00, 0x00, 0x00, 0x00, 0x00, 0x00, 0x00, 0x00, 0x00, 0x00, 0x00, 0x00,
};
const u16 gRogueRoxasFacePalette[16] = {
    0x0000, 0x5F9D, 0x233D, 0x22FD, 0x267C, 0x1A59, 0x1A56, 0x1A38,
    0x19B1, 0x0D50, 0x4504, 0x08CB, 0x08C9, 0x088D, 0x14E8, 0x0424,
};

